,ch1,ch2,ch3,ch4,ch5,ch6,ch7,ch8,ch9,ch10,ch11,ch12,ch13,ch14,ch15,ch16,ch17,ch18,ch19,ch20
1,-4.06E-05,-2.84E-05,-3.30E-05,-3.40E-05,-4.86E-05,-4.31E-05,-2.13E-05,-3.21E-05,-2.02E-05,-3.13E-05,-1.90E-05,-2.09E-05,-1.75E-05,-3.63E-05,-4.30E-05,-5.40E-05,-2.43E-05,-4.02E-05,-1.95E-05,-6.15E-05
2,-3.82E-05,-1.92E-05,-4.67E-05,-4.65E-05,-7.04E-05,-6.19E-05,-3.88E-05,-6.56E-05,-3.35E-05,-4.58E-05,-2.30E-05,-5.70E-06,-4.85E-05,-5.21E-05,-3.91E-05,-3.40E-05,3.93E-06,-5.94E-05,-6.22E-05,-3.28E-05
3,-3.49E-05,-1.06E-05,-5.96E-05,-5.84E-05,-9.11E-05,-7.99E-05,-5.58E-05,-9.77E-05,-4.63E-05,-5.97E-05,-2.65E-05,8.95E-06,-7.85E-05,-6.70E-05,-3.52E-05,-1.46E-05,3.05E-05,-7.82E-05,-1.04E-04,-3.99E-06
4,-3.01E-05,-3.11E-06,-7.12E-05,-6.92E-05,-1.10E-04,-9.65E-05,-7.20E-05,-1.27E-04,-5.81E-05,-7.24E-05,-2.91E-05,2.26E-05,-1.07E-04,-7.99E-05,-3.12E-05,3.72E-06,5.41E-05,-9.61E-05,-1.43E-04,2.49E-05
5,-2.31E-05,2.86E-06,-8.08E-05,-7.83E-05,-1.25E-04,-1.11E-04,-8.69E-05,-1.53E-04,-6.83E-05,-8.34E-05,-3.04E-05,3.49E-05,-1.32E-04,-9.02E-05,-2.71E-05,2.06E-05,7.35E-05,-1.13E-04,-1.80E-04,5.37E-05
6,-1.32E-05,7.06E-06,-8.79E-05,-8.53E-05,-1.37E-04,-1.23E-04,-1.00E-04,-1.75E-04,-7.66E-05,-9.24E-05,-3.03E-05,4.53E-05,-1.54E-04,-9.72E-05,-2.28E-05,3.57E-05,8.79E-05,-1.28E-04,-2.12E-04,8.24E-05
7,-3.33E-07,9.37E-06,-9.22E-05,-8.99E-05,-1.45E-04,-1.32E-04,-1.11E-04,-1.91E-04,-8.27E-05,-9.89E-05,-2.84E-05,5.36E-05,-1.72E-04,-1.00E-04,-1.83E-05,4.92E-05,9.67E-05,-1.41E-04,-2.40E-04,1.11E-04
8,1.58E-05,9.77E-06,-9.35E-05,-9.20E-05,-1.48E-04,-1.38E-04,-1.20E-04,-2.02E-04,-8.65E-05,-1.03E-04,-2.47E-05,5.96E-05,-1.86E-04,-9.96E-05,-1.35E-05,6.09E-05,9.99E-05,-1.53E-04,-2.63E-04,1.39E-04
9,3.52E-05,8.38E-06,-9.17E-05,-9.13E-05,-1.47E-04,-1.41E-04,-1.27E-04,-2.08E-04,-8.79E-05,-1.04E-04,-1.93E-05,6.31E-05,-1.95E-04,-9.48E-05,-8.60E-06,7.12E-05,9.75E-05,-1.62E-04,-2.81E-04,1.66E-04
10,5.74E-05,5.45E-06,-8.70E-05,-8.81E-05,-1.41E-04,-1.40E-04,-1.31E-04,-2.08E-04,-8.71E-05,-1.03E-04,-1.23E-05,6.41E-05,-2.01E-04,-8.63E-05,-3.51E-06,8.04E-05,9.03E-05,-1.68E-04,-2.93E-04,1.92E-04
11,8.20E-05,1.32E-06,-7.97E-05,-8.25E-05,-1.31E-04,-1.36E-04,-1.32E-04,-2.03E-04,-8.43E-05,-9.92E-05,-3.92E-06,6.25E-05,-2.03E-04,-7.43E-05,1.71E-06,8.90E-05,7.90E-05,-1.73E-04,-2.99E-04,2.16E-04
12,1.08E-04,-3.60E-06,-7.02E-05,-7.48E-05,-1.18E-04,-1.30E-04,-1.31E-04,-1.95E-04,-7.99E-05,-9.33E-05,5.38E-06,5.86E-05,-2.02E-04,-5.97E-05,6.96E-06,9.74E-05,6.48E-05,-1.75E-04,-3.01E-04,2.39E-04
13,1.35E-04,-8.84E-06,-5.89E-05,-6.53E-05,-1.03E-04,-1.21E-04,-1.27E-04,-1.83E-04,-7.41E-05,-8.58E-05,1.52E-05,5.26E-05,-1.98E-04,-4.31E-05,1.22E-05,1.06E-04,4.89E-05,-1.74E-04,-2.98E-04,2.59E-04
14,1.62E-04,-1.39E-05,-4.65E-05,-5.47E-05,-8.59E-05,-1.11E-04,-1.20E-04,-1.68E-04,-6.75E-05,-7.69E-05,2.52E-05,4.48E-05,-1.93E-04,-2.52E-05,1.72E-05,1.16E-04,3.25E-05,-1.72E-04,-2.90E-04,2.76E-04
15,1.88E-04,-1.84E-05,-3.36E-05,-4.34E-05,-6.82E-05,-9.91E-05,-1.12E-04,-1.53E-04,-6.05E-05,-6.73E-05,3.47E-05,3.57E-05,-1.87E-04,-7.17E-06,2.19E-05,1.27E-04,1.71E-05,-1.67E-04,-2.80E-04,2.90E-04
16,2.12E-04,-2.19E-05,-2.09E-05,-3.21E-05,-5.08E-05,-8.72E-05,-1.02E-04,-1.37E-04,-5.37E-05,-5.74E-05,4.33E-05,2.57E-05,-1.80E-04,1.03E-05,2.63E-05,1.39E-04,3.83E-06,-1.61E-04,-2.66E-04,3.01E-04
17,2.33E-04,-2.41E-05,-8.90E-06,-2.13E-05,-3.48E-05,-7.55E-05,-9.06E-05,-1.22E-04,-4.75E-05,-4.78E-05,5.07E-05,1.54E-05,-1.74E-04,2.64E-05,3.01E-05,1.52E-04,-6.43E-06,-1.54E-04,-2.51E-04,3.08E-04
18,2.49E-04,-2.47E-05,1.73E-06,-1.16E-05,-2.10E-05,-6.45E-05,-7.87E-05,-1.09E-04,-4.24E-05,-3.89E-05,5.63E-05,5.29E-06,-1.68E-04,4.03E-05,3.33E-05,1.67E-04,-1.30E-05,-1.46E-04,-2.35E-04,3.11E-04
19,2.61E-04,-2.38E-05,1.05E-05,-3.54E-06,-1.00E-05,-5.49E-05,-6.68E-05,-9.78E-05,-3.86E-05,-3.12E-05,6.01E-05,-4.14E-06,-1.64E-04,5.15E-05,3.58E-05,1.82E-04,-1.54E-05,-1.37E-04,-2.19E-04,3.11E-04
20,2.67E-04,-2.12E-05,1.72E-05,2.49E-06,-2.50E-06,-4.70E-05,-5.54E-05,-8.97E-05,-3.65E-05,-2.49E-05,6.17E-05,-1.24E-05,-1.62E-04,5.95E-05,3.75E-05,1.98E-04,-1.38E-05,-1.28E-04,-2.04E-04,3.08E-04
21,2.68E-04,-1.72E-05,2.13E-05,6.14E-06,1.19E-06,-4.12E-05,-4.51E-05,-8.48E-05,-3.61E-05,-2.05E-05,6.11E-05,-1.92E-05,-1.61E-04,6.43E-05,3.83E-05,2.13E-04,-8.37E-06,-1.20E-04,-1.91E-04,3.02E-04
22,2.63E-04,-1.20E-05,2.29E-05,7.21E-06,9.06E-07,-3.79E-05,-3.64E-05,-8.32E-05,-3.77E-05,-1.79E-05,5.84E-05,-2.43E-05,-1.63E-04,6.57E-05,3.84E-05,2.27E-04,7.98E-08,-1.12E-04,-1.80E-04,2.94E-04
23,2.53E-04,-5.85E-06,2.19E-05,5.63E-06,-3.28E-06,-3.69E-05,-2.98E-05,-8.48E-05,-4.10E-05,-1.73E-05,5.36E-05,-2.75E-05,-1.66E-04,6.38E-05,3.75E-05,2.39E-04,1.07E-05,-1.05E-04,-1.72E-04,2.84E-04
24,2.37E-04,8.44E-07,1.84E-05,1.46E-06,-1.11E-05,-3.84E-05,-2.57E-05,-8.95E-05,-4.60E-05,-1.86E-05,4.71E-05,-2.89E-05,-1.70E-04,5.92E-05,3.59E-05,2.48E-04,2.23E-05,-9.95E-05,-1.66E-04,2.72E-04
25,2.16E-04,7.73E-06,1.26E-05,-5.11E-06,-2.22E-05,-4.23E-05,-2.43E-05,-9.67E-05,-5.26E-05,-2.18E-05,3.91E-05,-2.87E-05,-1.75E-04,5.21E-05,3.36E-05,2.54E-04,3.39E-05,-9.55E-05,-1.65E-04,2.60E-04
26,1.92E-04,1.45E-05,4.74E-06,-1.38E-05,-3.60E-05,-4.82E-05,-2.58E-05,-1.06E-04,-6.03E-05,-2.66E-05,3.00E-05,-2.71E-05,-1.81E-04,4.32E-05,3.07E-05,2.55E-04,4.41E-05,-9.32E-05,-1.66E-04,2.48E-04
27,1.66E-04,2.08E-05,-4.76E-06,-2.41E-05,-5.18E-05,-5.59E-05,-3.01E-05,-1.17E-04,-6.90E-05,-3.28E-05,2.01E-05,-2.46E-05,-1.86E-04,3.30E-05,2.72E-05,2.53E-04,5.19E-05,-9.26E-05,-1.71E-04,2.36E-04
28,1.38E-04,2.66E-05,-1.55E-05,-3.57E-05,-6.89E-05,-6.49E-05,-3.71E-05,-1.29E-04,-7.83E-05,-4.01E-05,9.84E-06,-2.18E-05,-1.92E-04,2.22E-05,2.33E-05,2.47E-04,5.65E-05,-9.39E-05,-1.79E-04,2.26E-04
29,1.09E-04,3.15E-05,-2.72E-05,-4.79E-05,-8.67E-05,-7.50E-05,-4.65E-05,-1.42E-04,-8.79E-05,-4.81E-05,-4.56E-07,-1.91E-05,-1.97E-04,1.15E-05,1.92E-05,2.36E-04,5.71E-05,-9.70E-05,-1.90E-04,2.16E-04
30,8.11E-05,3.58E-05,-3.94E-05,-6.02E-05,-1.04E-04,-8.55E-05,-5.80E-05,-1.54E-04,-9.74E-05,-5.65E-05,-1.05E-05,-1.73E-05,-2.01E-04,1.31E-06,1.50E-05,2.23E-04,5.34E-05,-1.02E-04,-2.02E-04,2.08E-04
31,5.52E-05,3.93E-05,-5.17E-05,-7.21E-05,-1.21E-04,-9.61E-05,-7.09E-05,-1.67E-04,-1.07E-04,-6.51E-05,-2.00E-05,-1.67E-05,-2.05E-04,-7.82E-06,1.09E-05,2.06E-04,4.53E-05,-1.08E-04,-2.16E-04,2.02E-04
32,3.23E-05,4.22E-05,-6.39E-05,-8.31E-05,-1.37E-04,-1.06E-04,-8.47E-05,-1.78E-04,-1.15E-04,-7.35E-05,-2.88E-05,-1.80E-05,-2.07E-04,-1.56E-05,6.90E-06,1.88E-04,3.30E-05,-1.16E-04,-2.31E-04,1.98E-04
33,1.32E-05,4.49E-05,-7.56E-05,-9.26E-05,-1.50E-04,-1.16E-04,-9.89E-05,-1.89E-04,-1.23E-04,-8.15E-05,-3.69E-05,-2.15E-05,-2.08E-04,-2.17E-05,3.16E-06,1.70E-04,1.70E-05,-1.25E-04,-2.46E-04,1.94E-04
34,-1.45E-06,4.73E-05,-8.67E-05,-1.00E-04,-1.62E-04,-1.24E-04,-1.13E-04,-1.99E-04,-1.31E-04,-8.88E-05,-4.42E-05,-2.74E-05,-2.09E-04,-2.61E-05,-2.60E-07,1.51E-04,-1.97E-06,-1.35E-04,-2.61E-04,1.92E-04
35,-1.12E-05,4.99E-05,-9.69E-05,-1.06E-04,-1.72E-04,-1.31E-04,-1.26E-04,-2.08E-04,-1.37E-04,-9.54E-05,-5.08E-05,-3.58E-05,-2.08E-04,-2.87E-05,-3.33E-06,1.35E-04,-2.31E-05,-1.46E-04,-2.75E-04,1.91E-04
36,-1.58E-05,5.27E-05,-1.06E-04,-1.10E-04,-1.79E-04,-1.37E-04,-1.38E-04,-2.17E-04,-1.42E-04,-1.01E-04,-5.68E-05,-4.65E-05,-2.08E-04,-2.98E-05,-6.05E-06,1.20E-04,-4.53E-05,-1.57E-04,-2.87E-04,1.89E-04
37,-1.54E-05,5.59E-05,-1.15E-04,-1.11E-04,-1.85E-04,-1.41E-04,-1.47E-04,-2.24E-04,-1.47E-04,-1.06E-04,-6.24E-05,-5.94E-05,-2.07E-04,-2.95E-05,-8.45E-06,1.10E-04,-6.75E-05,-1.69E-04,-2.97E-04,1.88E-04
38,-1.03E-05,5.96E-05,-1.22E-04,-1.11E-04,-1.88E-04,-1.44E-04,-1.55E-04,-2.31E-04,-1.51E-04,-1.10E-04,-6.78E-05,-7.41E-05,-2.07E-04,-2.82E-05,-1.06E-05,1.03E-04,-8.89E-05,-1.81E-04,-3.05E-04,1.86E-04
39,-1.12E-06,6.37E-05,-1.28E-04,-1.09E-04,-1.90E-04,-1.45E-04,-1.60E-04,-2.38E-04,-1.54E-04,-1.13E-04,-7.32E-05,-8.99E-05,-2.07E-04,-2.61E-05,-1.26E-05,1.01E-04,-1.09E-04,-1.92E-04,-3.10E-04,1.84E-04
40,1.14E-05,6.81E-05,-1.34E-04,-1.05E-04,-1.90E-04,-1.44E-04,-1.63E-04,-2.44E-04,-1.57E-04,-1.15E-04,-7.87E-05,-1.06E-04,-2.09E-04,-2.35E-05,-1.46E-05,1.04E-04,-1.26E-04,-2.03E-04,-3.13E-04,1.80E-04
41,2.65E-05,7.26E-05,-1.38E-04,-9.98E-05,-1.90E-04,-1.43E-04,-1.63E-04,-2.50E-04,-1.59E-04,-1.17E-04,-8.45E-05,-1.23E-04,-2.11E-04,-2.09E-05,-1.66E-05,1.11E-04,-1.40E-04,-2.14E-04,-3.13E-04,1.76E-04
42,4.29E-05,7.70E-05,-1.42E-04,-9.41E-05,-1.89E-04,-1.40E-04,-1.61E-04,-2.56E-04,-1.62E-04,-1.18E-04,-9.08E-05,-1.38E-04,-2.15E-04,-1.84E-05,-1.89E-05,1.23E-04,-1.51E-04,-2.24E-04,-3.12E-04,1.70E-04
43,5.98E-05,8.08E-05,-1.45E-04,-8.83E-05,-1.88E-04,-1.37E-04,-1.57E-04,-2.62E-04,-1.64E-04,-1.19E-04,-9.75E-05,-1.53E-04,-2.20E-04,-1.64E-05,-2.14E-05,1.37E-04,-1.59E-04,-2.33E-04,-3.09E-04,1.63E-04
44,7.59E-05,8.37E-05,-1.47E-04,-8.27E-05,-1.87E-04,-1.33E-04,-1.51E-04,-2.68E-04,-1.67E-04,-1.19E-04,-1.05E-04,-1.66E-04,-2.26E-04,-1.51E-05,-2.43E-05,1.55E-04,-1.64E-04,-2.41E-04,-3.05E-04,1.56E-04
45,9.03E-05,8.53E-05,-1.49E-04,-7.78E-05,-1.86E-04,-1.29E-04,-1.44E-04,-2.74E-04,-1.69E-04,-1.20E-04,-1.12E-04,-1.77E-04,-2.34E-04,-1.44E-05,-2.76E-05,1.74E-04,-1.67E-04,-2.48E-04,-3.00E-04,1.48E-04
46,1.02E-04,8.54E-05,-1.51E-04,-7.40E-05,-1.86E-04,-1.25E-04,-1.35E-04,-2.80E-04,-1.72E-04,-1.20E-04,-1.20E-04,-1.86E-04,-2.43E-04,-1.45E-05,-3.14E-05,1.93E-04,-1.67E-04,-2.55E-04,-2.95E-04,1.41E-04
47,1.11E-04,8.36E-05,-1.52E-04,-7.16E-05,-1.88E-04,-1.22E-04,-1.26E-04,-2.85E-04,-1.76E-04,-1.21E-04,-1.28E-04,-1.92E-04,-2.53E-04,-1.52E-05,-3.56E-05,2.11E-04,-1.67E-04,-2.60E-04,-2.91E-04,1.34E-04
48,1.15E-04,7.98E-05,-1.53E-04,-7.07E-05,-1.89E-04,-1.18E-04,-1.16E-04,-2.90E-04,-1.80E-04,-1.23E-04,-1.36E-04,-1.97E-04,-2.64E-04,-1.66E-05,-4.00E-05,2.29E-04,-1.66E-04,-2.65E-04,-2.88E-04,1.27E-04
49,1.15E-04,7.39E-05,-1.54E-04,-7.15E-05,-1.92E-04,-1.16E-04,-1.06E-04,-2.95E-04,-1.84E-04,-1.24E-04,-1.43E-04,-2.01E-04,-2.75E-04,-1.85E-05,-4.46E-05,2.43E-04,-1.65E-04,-2.68E-04,-2.86E-04,1.22E-04
50,1.11E-04,6.60E-05,-1.55E-04,-7.40E-05,-1.96E-04,-1.14E-04,-9.68E-05,-3.00E-04,-1.89E-04,-1.26E-04,-1.50E-04,-2.03E-04,-2.87E-04,-2.06E-05,-4.93E-05,2.55E-04,-1.65E-04,-2.71E-04,-2.87E-04,1.18E-04
51,1.03E-04,5.63E-05,-1.56E-04,-7.81E-05,-2.00E-04,-1.13E-04,-8.79E-05,-3.04E-04,-1.94E-04,-1.29E-04,-1.57E-04,-2.06E-04,-2.98E-04,-2.28E-05,-5.36E-05,2.63E-04,-1.66E-04,-2.74E-04,-2.90E-04,1.15E-04
52,9.02E-05,4.51E-05,-1.57E-04,-8.35E-05,-2.05E-04,-1.13E-04,-7.96E-05,-3.08E-04,-2.00E-04,-1.32E-04,-1.63E-04,-2.08E-04,-3.09E-04,-2.50E-05,-5.75E-05,2.68E-04,-1.69E-04,-2.76E-04,-2.95E-04,1.14E-04
53,7.44E-05,3.28E-05,-1.58E-04,-8.99E-05,-2.11E-04,-1.14E-04,-7.20E-05,-3.12E-04,-2.06E-04,-1.35E-04,-1.68E-04,-2.12E-04,-3.20E-04,-2.68E-05,-6.06E-05,2.69E-04,-1.74E-04,-2.77E-04,-3.02E-04,1.14E-04
54,5.61E-05,1.99E-05,-1.60E-04,-9.70E-05,-2.16E-04,-1.16E-04,-6.53E-05,-3.16E-04,-2.12E-04,-1.39E-04,-1.73E-04,-2.17E-04,-3.29E-04,-2.83E-05,-6.27E-05,2.67E-04,-1.80E-04,-2.79E-04,-3.11E-04,1.14E-04
55,3.60E-05,6.90E-06,-1.61E-04,-1.04E-04,-2.22E-04,-1.18E-04,-5.94E-05,-3.20E-04,-2.18E-04,-1.43E-04,-1.76E-04,-2.23E-04,-3.37E-04,-2.92E-05,-6.36E-05,2.62E-04,-1.87E-04,-2.80E-04,-3.22E-04,1.14E-04
56,1.52E-05,-5.58E-06,-1.63E-04,-1.11E-04,-2.27E-04,-1.21E-04,-5.43E-05,-3.24E-04,-2.24E-04,-1.46E-04,-1.80E-04,-2.32E-04,-3.44E-04,-2.94E-05,-6.29E-05,2.55E-04,-1.95E-04,-2.82E-04,-3.34E-04,1.14E-04
57,-5.42E-06,-1.70E-05,-1.65E-04,-1.18E-04,-2.31E-04,-1.25E-04,-4.99E-05,-3.28E-04,-2.30E-04,-1.50E-04,-1.82E-04,-2.43E-04,-3.49E-04,-2.89E-05,-6.05E-05,2.47E-04,-2.04E-04,-2.83E-04,-3.45E-04,1.13E-04
58,-2.48E-05,-2.70E-05,-1.66E-04,-1.23E-04,-2.35E-04,-1.28E-04,-4.63E-05,-3.32E-04,-2.36E-04,-1.54E-04,-1.85E-04,-2.56E-04,-3.52E-04,-2.76E-05,-5.62E-05,2.38E-04,-2.12E-04,-2.86E-04,-3.57E-04,1.09E-04
59,-4.21E-05,-3.50E-05,-1.68E-04,-1.27E-04,-2.38E-04,-1.31E-04,-4.32E-05,-3.37E-04,-2.41E-04,-1.56E-04,-1.87E-04,-2.70E-04,-3.53E-04,-2.56E-05,-4.99E-05,2.30E-04,-2.19E-04,-2.88E-04,-3.67E-04,1.04E-04
60,-5.63E-05,-4.08E-05,-1.69E-04,-1.30E-04,-2.40E-04,-1.34E-04,-4.07E-05,-3.41E-04,-2.46E-04,-1.59E-04,-1.90E-04,-2.85E-04,-3.52E-04,-2.27E-05,-4.15E-05,2.23E-04,-2.24E-04,-2.90E-04,-3.75E-04,9.65E-05
61,-6.69E-05,-4.43E-05,-1.69E-04,-1.30E-04,-2.40E-04,-1.37E-04,-3.88E-05,-3.45E-04,-2.50E-04,-1.60E-04,-1.93E-04,-3.01E-04,-3.49E-04,-1.89E-05,-3.12E-05,2.18E-04,-2.27E-04,-2.93E-04,-3.81E-04,8.62E-05
62,-7.33E-05,-4.53E-05,-1.69E-04,-1.28E-04,-2.39E-04,-1.38E-04,-3.73E-05,-3.48E-04,-2.53E-04,-1.61E-04,-1.96E-04,-3.16E-04,-3.43E-04,-1.43E-05,-1.88E-05,2.14E-04,-2.27E-04,-2.95E-04,-3.84E-04,7.33E-05
63,-7.51E-05,-4.38E-05,-1.67E-04,-1.24E-04,-2.36E-04,-1.38E-04,-3.61E-05,-3.51E-04,-2.55E-04,-1.60E-04,-2.00E-04,-3.29E-04,-3.36E-04,-8.81E-06,-4.57E-06,2.14E-04,-2.23E-04,-2.97E-04,-3.83E-04,5.83E-05
64,-7.23E-05,-4.02E-05,-1.63E-04,-1.17E-04,-2.31E-04,-1.37E-04,-3.52E-05,-3.52E-04,-2.56E-04,-1.58E-04,-2.03E-04,-3.40E-04,-3.25E-04,-2.29E-06,1.14E-05,2.16E-04,-2.16E-04,-2.98E-04,-3.79E-04,4.17E-05
65,-6.48E-05,-3.45E-05,-1.57E-04,-1.08E-04,-2.25E-04,-1.34E-04,-3.46E-05,-3.52E-04,-2.55E-04,-1.54E-04,-2.07E-04,-3.48E-04,-3.13E-04,5.31E-06,2.88E-05,2.22E-04,-2.05E-04,-2.98E-04,-3.72E-04,2.44E-05
66,-5.30E-05,-2.70E-05,-1.49E-04,-9.72E-05,-2.16E-04,-1.30E-04,-3.39E-05,-3.50E-04,-2.53E-04,-1.48E-04,-2.11E-04,-3.51E-04,-2.99E-04,1.41E-05,4.76E-05,2.30E-04,-1.91E-04,-2.97E-04,-3.61E-04,7.30E-06
67,-3.71E-05,-1.82E-05,-1.38E-04,-8.42E-05,-2.05E-04,-1.23E-04,-3.31E-05,-3.45E-04,-2.49E-04,-1.41E-04,-2.14E-04,-3.51E-04,-2.83E-04,2.42E-05,6.74E-05,2.42E-04,-1.73E-04,-2.94E-04,-3.48E-04,-8.38E-06
68,-1.78E-05,-8.17E-06,-1.25E-04,-6.94E-05,-1.91E-04,-1.15E-04,-3.20E-05,-3.37E-04,-2.43E-04,-1.32E-04,-2.16E-04,-3.46E-04,-2.65E-04,3.57E-05,8.81E-05,2.56E-04,-1.52E-04,-2.89E-04,-3.32E-04,-2.14E-05
69,4.30E-06,2.75E-06,-1.09E-04,-5.32E-05,-1.75E-04,-1.05E-04,-3.01E-05,-3.26E-04,-2.35E-04,-1.22E-04,-2.17E-04,-3.36E-04,-2.46E-04,4.88E-05,1.09E-04,2.72E-04,-1.29E-04,-2.81E-04,-3.13E-04,-3.07E-05
70,2.86E-05,1.44E-05,-8.96E-05,-3.57E-05,-1.56E-04,-9.21E-05,-2.73E-05,-3.11E-04,-2.26E-04,-1.09E-04,-2.16E-04,-3.22E-04,-2.26E-04,6.35E-05,1.31E-04,2.91E-04,-1.03E-04,-2.71E-04,-2.94E-04,-3.51E-05
71,5.43E-05,2.67E-05,-6.75E-05,-1.73E-05,-1.35E-04,-7.77E-05,-2.31E-05,-2.93E-04,-2.15E-04,-9.51E-05,-2.13E-04,-3.04E-04,-2.06E-04,7.98E-05,1.53E-04,3.12E-04,-7.61E-05,-2.58E-04,-2.74E-04,-3.37E-05
72,8.08E-05,3.95E-05,-4.28E-05,1.79E-06,-1.12E-04,-6.16E-05,-1.71E-05,-2.71E-04,-2.02E-04,-7.94E-05,-2.08E-04,-2.82E-04,-1.86E-04,9.79E-05,1.75E-04,3.35E-04,-4.82E-05,-2.42E-04,-2.54E-04,-2.58E-05
73,1.07E-04,5.31E-05,-1.57E-05,2.13E-05,-8.58E-05,-4.37E-05,-8.80E-06,-2.45E-04,-1.88E-04,-6.23E-05,-2.00E-04,-2.58E-04,-1.65E-04,1.18E-04,1.97E-04,3.60E-04,-1.99E-05,-2.23E-04,-2.34E-04,-1.11E-05
74,1.34E-04,6.75E-05,1.34E-05,4.11E-05,-5.77E-05,-2.43E-05,2.11E-06,-2.17E-04,-1.73E-04,-4.40E-05,-1.90E-04,-2.32E-04,-1.45E-04,1.39E-04,2.19E-04,3.86E-04,8.34E-06,-2.01E-04,-2.16E-04,1.05E-05
75,1.59E-04,8.29E-05,4.42E-05,6.09E-05,-2.75E-05,-3.64E-06,1.61E-05,-1.86E-04,-1.56E-04,-2.45E-05,-1.76E-04,-2.05E-04,-1.26E-04,1.61E-04,2.41E-04,4.14E-04,3.63E-05,-1.77E-04,-1.98E-04,3.87E-05
76,1.83E-04,9.95E-05,7.61E-05,8.05E-05,4.30E-06,1.80E-05,3.34E-05,-1.52E-04,-1.39E-04,-4.30E-06,-1.60E-04,-1.77E-04,-1.08E-04,1.85E-04,2.63E-04,4.43E-04,6.36E-05,-1.51E-04,-1.82E-04,7.28E-05
77,2.06E-04,1.18E-04,1.09E-04,9.99E-05,3.75E-05,4.05E-05,5.45E-05,-1.17E-04,-1.21E-04,1.66E-05,-1.42E-04,-1.50E-04,-9.06E-05,2.10E-04,2.85E-04,4.74E-04,9.02E-05,-1.24E-04,-1.67E-04,1.12E-04
78,2.27E-04,1.38E-04,1.41E-04,1.19E-04,7.17E-05,6.34E-05,7.93E-05,-8.03E-05,-1.02E-04,3.79E-05,-1.21E-04,-1.24E-04,-7.44E-05,2.35E-04,3.06E-04,5.07E-04,1.16E-04,-9.59E-05,-1.52E-04,1.55E-04
79,2.46E-04,1.60E-04,1.74E-04,1.37E-04,1.06E-04,8.65E-05,1.08E-04,-4.30E-05,-8.37E-05,5.94E-05,-9.92E-05,-9.91E-05,-5.92E-05,2.60E-04,3.28E-04,5.41E-04,1.41E-04,-6.71E-05,-1.39E-04,2.00E-04
80,2.65E-04,1.83E-04,2.05E-04,1.56E-04,1.41E-04,1.10E-04,1.40E-04,-5.71E-06,-6.52E-05,8.10E-05,-7.59E-05,-7.60E-05,-4.49E-05,2.86E-04,3.50E-04,5.76E-04,1.66E-04,-3.84E-05,-1.25E-04,2.46E-04
81,2.82E-04,2.09E-04,2.35E-04,1.73E-04,1.76E-04,1.32E-04,1.76E-04,3.12E-05,-4.71E-05,1.02E-04,-5.20E-05,-5.44E-05,-3.12E-05,3.10E-04,3.72E-04,6.12E-04,1.91E-04,-1.03E-05,-1.12E-04,2.92E-04
82,2.98E-04,2.37E-04,2.64E-04,1.91E-04,2.09E-04,1.55E-04,2.15E-04,6.73E-05,-2.94E-05,1.24E-04,-2.82E-05,-3.42E-05,-1.79E-05,3.34E-04,3.95E-04,6.49E-04,2.16E-04,1.68E-05,-9.72E-05,3.36E-04
83,3.14E-04,2.66E-04,2.91E-04,2.08E-04,2.42E-04,1.76E-04,2.57E-04,1.02E-04,-1.23E-05,1.44E-04,-4.84E-06,-1.51E-05,-4.74E-06,3.57E-04,4.18E-04,6.86E-04,2.41E-04,4.26E-05,-8.13E-05,3.78E-04
84,3.29E-04,2.97E-04,3.17E-04,2.25E-04,2.73E-04,1.97E-04,3.01E-04,1.36E-04,4.20E-06,1.65E-04,1.75E-05,3.50E-06,8.71E-06,3.78E-04,4.41E-04,7.23E-04,2.67E-04,6.70E-05,-6.36E-05,4.16E-04
85,3.45E-04,3.29E-04,3.41E-04,2.41E-04,3.03E-04,2.17E-04,3.46E-04,1.68E-04,2.00E-05,1.85E-04,3.86E-05,2.21E-05,2.27E-05,3.98E-04,4.66E-04,7.59E-04,2.95E-04,8.98E-05,-4.39E-05,4.49E-04
86,3.62E-04,3.61E-04,3.64E-04,2.58E-04,3.31E-04,2.36E-04,3.92E-04,1.99E-04,3.52E-05,2.04E-04,5.80E-05,4.12E-05,3.76E-05,4.16E-04,4.90E-04,7.94E-04,3.24E-04,1.11E-04,-2.20E-05,4.78E-04
87,3.79E-04,3.94E-04,3.85E-04,2.75E-04,3.57E-04,2.55E-04,4.38E-04,2.29E-04,4.99E-05,2.23E-04,7.58E-05,6.15E-05,5.35E-05,4.33E-04,5.16E-04,8.28E-04,3.54E-04,1.31E-04,1.98E-06,5.03E-04
88,3.96E-04,4.26E-04,4.06E-04,2.92E-04,3.81E-04,2.72E-04,4.83E-04,2.58E-04,6.42E-05,2.41E-04,9.20E-05,8.33E-05,7.06E-05,4.49E-04,5.42E-04,8.59E-04,3.86E-04,1.51E-04,2.78E-05,5.25E-04
89,4.15E-04,4.57E-04,4.27E-04,3.09E-04,4.04E-04,2.89E-04,5.27E-04,2.86E-04,7.82E-05,2.60E-04,1.07E-04,1.07E-04,8.91E-05,4.64E-04,5.70E-04,8.88E-04,4.21E-04,1.70E-04,5.52E-05,5.43E-04
90,4.35E-04,4.87E-04,4.48E-04,3.27E-04,4.25E-04,3.05E-04,5.69E-04,3.14E-04,9.20E-05,2.78E-04,1.20E-04,1.33E-04,1.09E-04,4.78E-04,5.98E-04,9.14E-04,4.57E-04,1.89E-04,8.34E-05,5.59E-04
91,4.56E-04,5.15E-04,4.70E-04,3.46E-04,4.46E-04,3.21E-04,6.09E-04,3.41E-04,1.06E-04,2.96E-04,1.33E-04,1.61E-04,1.30E-04,4.91E-04,6.27E-04,9.38E-04,4.94E-04,2.08E-04,1.12E-04,5.73E-04
92,4.78E-04,5.42E-04,4.92E-04,3.65E-04,4.66E-04,3.37E-04,6.46E-04,3.70E-04,1.20E-04,3.13E-04,1.46E-04,1.91E-04,1.52E-04,5.05E-04,6.56E-04,9.59E-04,5.33E-04,2.29E-04,1.40E-04,5.88E-04
93,5.01E-04,5.67E-04,5.16E-04,3.86E-04,4.86E-04,3.53E-04,6.81E-04,3.98E-04,1.35E-04,3.31E-04,1.58E-04,2.22E-04,1.75E-04,5.19E-04,6.87E-04,9.78E-04,5.74E-04,2.52E-04,1.67E-04,6.03E-04
94,5.24E-04,5.90E-04,5.41E-04,4.07E-04,5.06E-04,3.69E-04,7.13E-04,4.28E-04,1.50E-04,3.49E-04,1.72E-04,2.55E-04,1.98E-04,5.33E-04,7.18E-04,9.95E-04,6.15E-04,2.77E-04,1.91E-04,6.18E-04
95,5.48E-04,6.13E-04,5.69E-04,4.29E-04,5.27E-04,3.85E-04,7.43E-04,4.59E-04,1.66E-04,3.67E-04,1.87E-04,2.89E-04,2.21E-04,5.48E-04,7.49E-04,1.01E-03,6.57E-04,3.04E-04,2.13E-04,6.36E-04
96,5.72E-04,6.34E-04,5.98E-04,4.52E-04,5.49E-04,4.03E-04,7.71E-04,4.91E-04,1.82E-04,3.85E-04,2.04E-04,3.23E-04,2.44E-04,5.65E-04,7.81E-04,1.03E-03,6.99E-04,3.34E-04,2.33E-04,6.55E-04
97,5.96E-04,6.55E-04,6.28E-04,4.76E-04,5.72E-04,4.20E-04,7.98E-04,5.24E-04,2.00E-04,4.03E-04,2.22E-04,3.56E-04,2.67E-04,5.83E-04,8.13E-04,1.04E-03,7.40E-04,3.66E-04,2.48E-04,6.76E-04
98,6.21E-04,6.76E-04,6.60E-04,5.00E-04,5.97E-04,4.39E-04,8.23E-04,5.58E-04,2.18E-04,4.22E-04,2.43E-04,3.89E-04,2.89E-04,6.02E-04,8.45E-04,1.06E-03,7.81E-04,4.01E-04,2.61E-04,6.97E-04
99,6.45E-04,6.97E-04,6.93E-04,5.25E-04,6.24E-04,4.58E-04,8.48E-04,5.92E-04,2.36E-04,4.41E-04,2.66E-04,4.20E-04,3.09E-04,6.22E-04,8.77E-04,1.07E-03,8.22E-04,4.38E-04,2.70E-04,7.19E-04
100,6.69E-04,7.20E-04,7.27E-04,5.50E-04,6.52E-04,4.78E-04,8.73E-04,6.27E-04,2.56E-04,4.59E-04,2.91E-04,4.50E-04,3.29E-04,6.44E-04,9.08E-04,1.09E-03,8.60E-04,4.77E-04,2.76E-04,7.40E-04
101,6.94E-04,7.43E-04,7.61E-04,5.76E-04,6.81E-04,4.98E-04,8.98E-04,6.63E-04,2.76E-04,4.78E-04,3.18E-04,4.77E-04,3.47E-04,6.66E-04,9.37E-04,1.11E-03,8.98E-04,5.16E-04,2.79E-04,7.58E-04
102,7.17E-04,7.67E-04,7.95E-04,6.01E-04,7.12E-04,5.19E-04,9.24E-04,6.99E-04,2.96E-04,4.97E-04,3.46E-04,5.03E-04,3.63E-04,6.89E-04,9.66E-04,1.13E-03,9.34E-04,5.56E-04,2.81E-04,7.74E-04
103,7.41E-04,7.93E-04,8.29E-04,6.25E-04,7.44E-04,5.40E-04,9.51E-04,7.34E-04,3.16E-04,5.15E-04,3.76E-04,5.28E-04,3.79E-04,7.12E-04,9.92E-04,1.15E-03,9.68E-04,5.96E-04,2.82E-04,7.84E-04
104,7.65E-04,8.20E-04,8.61E-04,6.48E-04,7.76E-04,5.61E-04,9.79E-04,7.68E-04,3.37E-04,5.33E-04,4.06E-04,5.51E-04,3.93E-04,7.34E-04,1.02E-03,1.17E-03,1.00E-03,6.34E-04,2.83E-04,7.90E-04
105,7.88E-04,8.48E-04,8.91E-04,6.70E-04,8.07E-04,5.82E-04,1.01E-03,8.02E-04,3.57E-04,5.50E-04,4.35E-04,5.72E-04,4.06E-04,7.56E-04,1.04E-03,1.20E-03,1.03E-03,6.71E-04,2.84E-04,7.88E-04
106,8.10E-04,8.77E-04,9.20E-04,6.90E-04,8.38E-04,6.02E-04,1.04E-03,8.35E-04,3.76E-04,5.66E-04,4.64E-04,5.93E-04,4.18E-04,7.76E-04,1.06E-03,1.22E-03,1.06E-03,7.05E-04,2.87E-04,7.80E-04
107,8.32E-04,9.05E-04,9.46E-04,7.09E-04,8.68E-04,6.21E-04,1.07E-03,8.66E-04,3.95E-04,5.82E-04,4.92E-04,6.14E-04,4.29E-04,7.94E-04,1.08E-03,1.25E-03,1.08E-03,7.37E-04,2.91E-04,7.64E-04
108,8.54E-04,9.33E-04,9.69E-04,7.24E-04,8.96E-04,6.39E-04,1.10E-03,8.96E-04,4.13E-04,5.96E-04,5.18E-04,6.35E-04,4.40E-04,8.10E-04,1.09E-03,1.27E-03,1.11E-03,7.64E-04,2.99E-04,7.42E-04
109,8.74E-04,9.60E-04,9.90E-04,7.38E-04,9.21E-04,6.55E-04,1.13E-03,9.24E-04,4.31E-04,6.08E-04,5.42E-04,6.56E-04,4.51E-04,8.24E-04,1.10E-03,1.29E-03,1.13E-03,7.89E-04,3.08E-04,7.12E-04
110,8.94E-04,9.84E-04,1.01E-03,7.48E-04,9.43E-04,6.69E-04,1.17E-03,9.50E-04,4.46E-04,6.19E-04,5.63E-04,6.79E-04,4.61E-04,8.35E-04,1.11E-03,1.31E-03,1.15E-03,8.09E-04,3.20E-04,6.77E-04
111,9.11E-04,1.01E-03,1.02E-03,7.56E-04,9.62E-04,6.80E-04,1.20E-03,9.74E-04,4.61E-04,6.28E-04,5.81E-04,7.01E-04,4.71E-04,8.42E-04,1.12E-03,1.33E-03,1.17E-03,8.25E-04,3.34E-04,6.38E-04
112,9.27E-04,1.02E-03,1.03E-03,7.61E-04,9.77E-04,6.89E-04,1.22E-03,9.95E-04,4.73E-04,6.35E-04,5.97E-04,7.25E-04,4.80E-04,8.47E-04,1.13E-03,1.34E-03,1.19E-03,8.37E-04,3.49E-04,5.96E-04
113,9.41E-04,1.04E-03,1.04E-03,7.63E-04,9.88E-04,6.95E-04,1.25E-03,1.01E-03,4.84E-04,6.39E-04,6.10E-04,7.49E-04,4.89E-04,8.48E-04,1.13E-03,1.35E-03,1.21E-03,8.45E-04,3.65E-04,5.53E-04
114,9.52E-04,1.04E-03,1.05E-03,7.62E-04,9.95E-04,6.99E-04,1.27E-03,1.03E-03,4.94E-04,6.41E-04,6.20E-04,7.73E-04,4.97E-04,8.46E-04,1.13E-03,1.36E-03,1.22E-03,8.50E-04,3.80E-04,5.10E-04
115,9.61E-04,1.05E-03,1.05E-03,7.58E-04,9.98E-04,6.99E-04,1.29E-03,1.05E-03,5.01E-04,6.40E-04,6.27E-04,7.97E-04,5.04E-04,8.42E-04,1.13E-03,1.35E-03,1.23E-03,8.51E-04,3.94E-04,4.69E-04
116,9.66E-04,1.05E-03,1.05E-03,7.52E-04,9.97E-04,6.96E-04,1.30E-03,1.06E-03,5.06E-04,6.37E-04,6.33E-04,8.20E-04,5.10E-04,8.34E-04,1.12E-03,1.35E-03,1.24E-03,8.49E-04,4.06E-04,4.33E-04
117,9.67E-04,1.04E-03,1.05E-03,7.44E-04,9.92E-04,6.90E-04,1.31E-03,1.07E-03,5.09E-04,6.31E-04,6.36E-04,8.41E-04,5.14E-04,8.24E-04,1.12E-03,1.34E-03,1.24E-03,8.44E-04,4.14E-04,4.01E-04
118,9.65E-04,1.03E-03,1.05E-03,7.33E-04,9.84E-04,6.82E-04,1.32E-03,1.07E-03,5.11E-04,6.23E-04,6.37E-04,8.59E-04,5.16E-04,8.12E-04,1.11E-03,1.33E-03,1.24E-03,8.36E-04,4.19E-04,3.76E-04
119,9.58E-04,1.01E-03,1.04E-03,7.21E-04,9.72E-04,6.70E-04,1.32E-03,1.07E-03,5.10E-04,6.11E-04,6.37E-04,8.75E-04,5.16E-04,7.98E-04,1.10E-03,1.31E-03,1.24E-03,8.26E-04,4.18E-04,3.56E-04
120,9.48E-04,9.90E-04,1.04E-03,7.07E-04,9.58E-04,6.57E-04,1.32E-03,1.07E-03,5.07E-04,5.98E-04,6.36E-04,8.87E-04,5.14E-04,7.82E-04,1.09E-03,1.29E-03,1.24E-03,8.13E-04,4.12E-04,3.43E-04
121,9.34E-04,9.67E-04,1.03E-03,6.91E-04,9.42E-04,6.41E-04,1.31E-03,1.07E-03,5.03E-04,5.82E-04,6.33E-04,8.95E-04,5.09E-04,7.65E-04,1.08E-03,1.27E-03,1.23E-03,7.99E-04,4.01E-04,3.37E-04
122,9.17E-04,9.40E-04,1.02E-03,6.75E-04,9.24E-04,6.24E-04,1.30E-03,1.06E-03,4.97E-04,5.64E-04,6.29E-04,8.99E-04,5.02E-04,7.48E-04,1.07E-03,1.25E-03,1.21E-03,7.83E-04,3.84E-04,3.36E-04
123,8.96E-04,9.13E-04,1.00E-03,6.58E-04,9.05E-04,6.06E-04,1.28E-03,1.05E-03,4.90E-04,5.45E-04,6.25E-04,8.98E-04,4.92E-04,7.29E-04,1.05E-03,1.22E-03,1.19E-03,7.65E-04,3.63E-04,3.39E-04
124,8.72E-04,8.84E-04,9.89E-04,6.40E-04,8.84E-04,5.86E-04,1.26E-03,1.04E-03,4.83E-04,5.24E-04,6.19E-04,8.93E-04,4.81E-04,7.10E-04,1.04E-03,1.20E-03,1.17E-03,7.46E-04,3.38E-04,3.46E-04
125,8.46E-04,8.56E-04,9.74E-04,6.22E-04,8.64E-04,5.67E-04,1.24E-03,1.02E-03,4.74E-04,5.03E-04,6.13E-04,8.83E-04,4.68E-04,6.92E-04,1.02E-03,1.17E-03,1.14E-03,7.25E-04,3.09E-04,3.55E-04
126,8.18E-04,8.29E-04,9.58E-04,6.04E-04,8.43E-04,5.48E-04,1.22E-03,1.00E-03,4.65E-04,4.81E-04,6.06E-04,8.69E-04,4.53E-04,6.73E-04,9.98E-04,1.15E-03,1.11E-03,7.03E-04,2.78E-04,3.65E-04
127,7.88E-04,8.04E-04,9.41E-04,5.86E-04,8.23E-04,5.29E-04,1.19E-03,9.84E-04,4.56E-04,4.59E-04,5.98E-04,8.51E-04,4.37E-04,6.55E-04,9.76E-04,1.13E-03,1.08E-03,6.81E-04,2.46E-04,3.75E-04
128,7.58E-04,7.82E-04,9.23E-04,5.69E-04,8.03E-04,5.12E-04,1.17E-03,9.63E-04,4.47E-04,4.37E-04,5.89E-04,8.30E-04,4.20E-04,6.37E-04,9.52E-04,1.10E-03,1.04E-03,6.58E-04,2.14E-04,3.83E-04
129,7.27E-04,7.63E-04,9.06E-04,5.51E-04,7.84E-04,4.96E-04,1.14E-03,9.42E-04,4.39E-04,4.16E-04,5.80E-04,8.06E-04,4.04E-04,6.20E-04,9.26E-04,1.08E-03,1.01E-03,6.35E-04,1.84E-04,3.89E-04
130,6.96E-04,7.47E-04,8.89E-04,5.34E-04,7.67E-04,4.81E-04,1.12E-03,9.21E-04,4.31E-04,3.97E-04,5.70E-04,7.81E-04,3.87E-04,6.04E-04,8.99E-04,1.05E-03,9.69E-04,6.12E-04,1.56E-04,3.92E-04
131,6.67E-04,7.35E-04,8.72E-04,5.18E-04,7.51E-04,4.69E-04,1.09E-03,9.01E-04,4.25E-04,3.79E-04,5.60E-04,7.55E-04,3.71E-04,5.89E-04,8.72E-04,1.03E-03,9.33E-04,5.89E-04,1.31E-04,3.91E-04
132,6.38E-04,7.27E-04,8.57E-04,5.02E-04,7.36E-04,4.59E-04,1.06E-03,8.82E-04,4.20E-04,3.63E-04,5.50E-04,7.28E-04,3.56E-04,5.76E-04,8.43E-04,1.01E-03,8.98E-04,5.68E-04,1.10E-04,3.87E-04
133,6.11E-04,7.22E-04,8.43E-04,4.87E-04,7.23E-04,4.51E-04,1.04E-03,8.64E-04,4.17E-04,3.49E-04,5.40E-04,7.01E-04,3.42E-04,5.63E-04,8.15E-04,9.86E-04,8.65E-04,5.48E-04,9.30E-05,3.80E-04
134,5.85E-04,7.21E-04,8.31E-04,4.72E-04,7.12E-04,4.45E-04,1.02E-03,8.49E-04,4.15E-04,3.37E-04,5.31E-04,6.75E-04,3.30E-04,5.51E-04,7.88E-04,9.62E-04,8.36E-04,5.30E-04,8.01E-05,3.69E-04
135,5.61E-04,7.23E-04,8.21E-04,4.57E-04,7.02E-04,4.42E-04,9.94E-04,8.35E-04,4.14E-04,3.27E-04,5.22E-04,6.51E-04,3.19E-04,5.40E-04,7.62E-04,9.39E-04,8.10E-04,5.13E-04,7.13E-05,3.56E-04
136,5.39E-04,7.27E-04,8.13E-04,4.43E-04,6.94E-04,4.41E-04,9.73E-04,8.23E-04,4.15E-04,3.19E-04,5.14E-04,6.28E-04,3.09E-04,5.31E-04,7.37E-04,9.15E-04,7.88E-04,4.99E-04,6.60E-05,3.41E-04
137,5.18E-04,7.32E-04,8.06E-04,4.29E-04,6.87E-04,4.41E-04,9.52E-04,8.12E-04,4.16E-04,3.13E-04,5.07E-04,6.07E-04,3.01E-04,5.22E-04,7.14E-04,8.92E-04,7.69E-04,4.86E-04,6.36E-05,3.24E-04
138,4.99E-04,7.38E-04,8.02E-04,4.15E-04,6.81E-04,4.43E-04,9.32E-04,8.03E-04,4.19E-04,3.08E-04,5.01E-04,5.88E-04,2.93E-04,5.14E-04,6.92E-04,8.68E-04,7.53E-04,4.75E-04,6.34E-05,3.07E-04
139,4.82E-04,7.44E-04,7.99E-04,4.01E-04,6.77E-04,4.47E-04,9.13E-04,7.94E-04,4.21E-04,3.05E-04,4.97E-04,5.71E-04,2.87E-04,5.06E-04,6.73E-04,8.44E-04,7.41E-04,4.65E-04,6.43E-05,2.90E-04
140,4.65E-04,7.49E-04,7.98E-04,3.87E-04,6.72E-04,4.51E-04,8.93E-04,7.86E-04,4.24E-04,3.04E-04,4.93E-04,5.55E-04,2.81E-04,4.98E-04,6.56E-04,8.20E-04,7.30E-04,4.57E-04,6.54E-05,2.74E-04
141,4.49E-04,7.53E-04,7.97E-04,3.72E-04,6.67E-04,4.55E-04,8.73E-04,7.76E-04,4.26E-04,3.02E-04,4.89E-04,5.41E-04,2.75E-04,4.90E-04,6.39E-04,7.96E-04,7.20E-04,4.48E-04,6.60E-05,2.58E-04
142,4.32E-04,7.54E-04,7.96E-04,3.56E-04,6.62E-04,4.59E-04,8.52E-04,7.66E-04,4.27E-04,3.01E-04,4.86E-04,5.29E-04,2.68E-04,4.81E-04,6.24E-04,7.72E-04,7.10E-04,4.40E-04,6.51E-05,2.43E-04
143,4.16E-04,7.52E-04,7.95E-04,3.39E-04,6.57E-04,4.62E-04,8.30E-04,7.53E-04,4.27E-04,3.00E-04,4.83E-04,5.17E-04,2.62E-04,4.72E-04,6.08E-04,7.49E-04,7.00E-04,4.31E-04,6.22E-05,2.30E-04
144,3.99E-04,7.46E-04,7.92E-04,3.21E-04,6.49E-04,4.65E-04,8.05E-04,7.37E-04,4.25E-04,2.98E-04,4.79E-04,5.05E-04,2.54E-04,4.61E-04,5.92E-04,7.25E-04,6.86E-04,4.20E-04,5.66E-05,2.17E-04
145,3.81E-04,7.36E-04,7.88E-04,3.01E-04,6.40E-04,4.65E-04,7.79E-04,7.19E-04,4.21E-04,2.95E-04,4.73E-04,4.92E-04,2.45E-04,4.48E-04,5.73E-04,7.02E-04,6.70E-04,4.07E-04,4.81E-05,2.06E-04
146,3.61E-04,7.22E-04,7.82E-04,2.79E-04,6.28E-04,4.64E-04,7.50E-04,6.97E-04,4.15E-04,2.91E-04,4.66E-04,4.79E-04,2.34E-04,4.34E-04,5.52E-04,6.78E-04,6.49E-04,3.92E-04,3.66E-05,1.94E-04
147,3.40E-04,7.03E-04,7.73E-04,2.56E-04,6.14E-04,4.61E-04,7.18E-04,6.71E-04,4.06E-04,2.85E-04,4.55E-04,4.65E-04,2.22E-04,4.17E-04,5.27E-04,6.54E-04,6.23E-04,3.74E-04,2.22E-05,1.83E-04
148,3.16E-04,6.81E-04,7.61E-04,2.30E-04,5.97E-04,4.56E-04,6.83E-04,6.41E-04,3.95E-04,2.78E-04,4.42E-04,4.48E-04,2.07E-04,3.98E-04,4.97E-04,6.29E-04,5.91E-04,3.52E-04,5.20E-06,1.71E-04
149,2.91E-04,6.55E-04,7.46E-04,2.03E-04,5.77E-04,4.48E-04,6.45E-04,6.09E-04,3.82E-04,2.68E-04,4.26E-04,4.29E-04,1.91E-04,3.76E-04,4.62E-04,6.03E-04,5.54E-04,3.27E-04,-1.40E-05,1.59E-04
150,2.64E-04,6.25E-04,7.28E-04,1.74E-04,5.53E-04,4.39E-04,6.05E-04,5.73E-04,3.67E-04,2.58E-04,4.06E-04,4.07E-04,1.72E-04,3.52E-04,4.22E-04,5.75E-04,5.11E-04,2.99E-04,-3.47E-05,1.46E-04
151,2.35E-04,5.93E-04,7.06E-04,1.44E-04,5.27E-04,4.27E-04,5.63E-04,5.34E-04,3.50E-04,2.45E-04,3.82E-04,3.81E-04,1.51E-04,3.26E-04,3.76E-04,5.47E-04,4.64E-04,2.69E-04,-5.64E-05,1.32E-04
152,2.04E-04,5.59E-04,6.81E-04,1.13E-04,4.98E-04,4.14E-04,5.19E-04,4.94E-04,3.32E-04,2.31E-04,3.55E-04,3.52E-04,1.28E-04,2.98E-04,3.24E-04,5.16E-04,4.12E-04,2.36E-04,-7.83E-05,1.18E-04
153,1.72E-04,5.24E-04,6.53E-04,8.05E-05,4.67E-04,3.99E-04,4.74E-04,4.53E-04,3.13E-04,2.16E-04,3.25E-04,3.20E-04,1.04E-04,2.68E-04,2.68E-04,4.85E-04,3.57E-04,2.01E-04,-9.99E-05,1.02E-04
154,1.39E-04,4.89E-04,6.23E-04,4.80E-05,4.35E-04,3.83E-04,4.29E-04,4.12E-04,2.93E-04,2.01E-04,2.93E-04,2.84E-04,7.73E-05,2.37E-04,2.08E-04,4.51E-04,3.01E-04,1.66E-04,-1.20E-04,8.69E-05
155,1.05E-04,4.54E-04,5.92E-04,1.57E-05,4.01E-04,3.66E-04,3.85E-04,3.72E-04,2.74E-04,1.85E-04,2.59E-04,2.45E-04,4.96E-05,2.06E-04,1.46E-04,4.17E-04,2.43E-04,1.31E-04,-1.40E-04,7.16E-05
156,7.25E-05,4.21E-04,5.59E-04,-1.60E-05,3.67E-04,3.50E-04,3.41E-04,3.34E-04,2.56E-04,1.69E-04,2.25E-04,2.03E-04,2.10E-05,1.74E-04,8.17E-05,3.81E-04,1.87E-04,9.66E-05,-1.57E-04,5.72E-05
157,4.04E-05,3.90E-04,5.27E-04,-4.66E-05,3.33E-04,3.34E-04,3.01E-04,2.99E-04,2.39E-04,1.54E-04,1.90E-04,1.59E-04,-7.98E-06,1.43E-04,1.81E-05,3.45E-04,1.32E-04,6.42E-05,-1.72E-04,4.42E-05
158,9.90E-06,3.60E-04,4.94E-04,-7.56E-05,3.00E-04,3.20E-04,2.63E-04,2.67E-04,2.24E-04,1.40E-04,1.56E-04,1.13E-04,-3.69E-05,1.13E-04,-4.36E-05,3.09E-04,8.15E-05,3.44E-05,-1.85E-04,3.32E-05
159,-1.83E-05,3.34E-04,4.62E-04,-1.03E-04,2.69E-04,3.06E-04,2.28E-04,2.39E-04,2.11E-04,1.27E-04,1.24E-04,6.65E-05,-6.53E-05,8.43E-05,-1.02E-04,2.73E-04,3.48E-05,7.79E-06,-1.95E-04,2.49E-05
160,-4.37E-05,3.10E-04,4.32E-04,-1.27E-04,2.41E-04,2.95E-04,1.98E-04,2.14E-04,1.99E-04,1.16E-04,9.38E-05,2.01E-05,-9.24E-05,5.78E-05,-1.55E-04,2.38E-04,-6.56E-06,-1.50E-05,-2.04E-04,1.96E-05
161,-6.57E-05,2.88E-04,4.04E-04,-1.49E-04,2.15E-04,2.86E-04,1.73E-04,1.94E-04,1.90E-04,1.07E-04,6.71E-05,-2.52E-05,-1.18E-04,3.38E-05,-2.01E-04,2.05E-04,-4.22E-05,-3.38E-05,-2.10E-04,1.78E-05
162,-8.40E-05,2.70E-04,3.78E-04,-1.68E-04,1.93E-04,2.79E-04,1.52E-04,1.78E-04,1.84E-04,9.97E-05,4.39E-05,-6.87E-05,-1.41E-04,1.26E-05,-2.40E-04,1.74E-04,-7.18E-05,-4.83E-05,-2.15E-04,1.97E-05
163,-9.81E-05,2.53E-04,3.55E-04,-1.84E-04,1.75E-04,2.74E-04,1.35E-04,1.66E-04,1.79E-04,9.46E-05,2.46E-05,-1.09E-04,-1.61E-04,-5.78E-06,-2.71E-04,1.45E-04,-9.53E-05,-5.86E-05,-2.19E-04,2.53E-05
164,-1.08E-04,2.37E-04,3.35E-04,-1.97E-04,1.60E-04,2.73E-04,1.21E-04,1.57E-04,1.76E-04,9.17E-05,9.13E-06,-1.46E-04,-1.79E-04,-2.12E-05,-2.93E-04,1.19E-04,-1.13E-04,-6.50E-05,-2.21E-04,3.44E-05
165,-1.14E-04,2.23E-04,3.18E-04,-2.08E-04,1.49E-04,2.73E-04,1.12E-04,1.50E-04,1.75E-04,9.07E-05,-2.58E-06,-1.79E-04,-1.92E-04,-3.36E-05,-3.07E-04,9.62E-05,-1.26E-04,-6.77E-05,-2.23E-04,4.67E-05
166,-1.16E-04,2.09E-04,3.03E-04,-2.15E-04,1.42E-04,2.76E-04,1.04E-04,1.46E-04,1.75E-04,9.17E-05,-1.09E-05,-2.08E-04,-2.03E-04,-4.33E-05,-3.12E-04,7.65E-05,-1.34E-04,-6.73E-05,-2.24E-04,6.19E-05
167,-1.14E-04,1.95E-04,2.91E-04,-2.20E-04,1.39E-04,2.81E-04,9.82E-05,1.43E-04,1.75E-04,9.42E-05,-1.63E-05,-2.32E-04,-2.09E-04,-5.06E-05,-3.11E-04,5.99E-05,-1.38E-04,-6.44E-05,-2.24E-04,7.93E-05
168,-1.10E-04,1.80E-04,2.81E-04,-2.22E-04,1.38E-04,2.88E-04,9.26E-05,1.40E-04,1.77E-04,9.81E-05,-1.94E-05,-2.50E-04,-2.12E-04,-5.56E-05,-3.03E-04,4.62E-05,-1.39E-04,-5.95E-05,-2.24E-04,9.82E-05
169,-1.03E-04,1.65E-04,2.74E-04,-2.23E-04,1.40E-04,2.96E-04,8.65E-05,1.37E-04,1.78E-04,1.03E-04,-2.09E-05,-2.64E-04,-2.11E-04,-5.90E-05,-2.91E-04,3.49E-05,-1.38E-04,-5.32E-05,-2.24E-04,1.18E-04
170,-9.49E-05,1.48E-04,2.68E-04,-2.22E-04,1.43E-04,3.04E-04,7.89E-05,1.34E-04,1.78E-04,1.09E-04,-2.16E-05,-2.74E-04,-2.08E-04,-6.10E-05,-2.76E-04,2.58E-05,-1.36E-04,-4.62E-05,-2.24E-04,1.38E-04
171,-8.61E-05,1.30E-04,2.63E-04,-2.20E-04,1.48E-04,3.13E-04,6.89E-05,1.29E-04,1.78E-04,1.14E-04,-2.21E-05,-2.79E-04,-2.02E-04,-6.22E-05,-2.60E-04,1.83E-05,-1.33E-04,-3.89E-05,-2.23E-04,1.57E-04
172,-7.75E-05,1.11E-04,2.60E-04,-2.18E-04,1.53E-04,3.23E-04,5.60E-05,1.23E-04,1.77E-04,1.20E-04,-2.32E-05,-2.82E-04,-1.95E-04,-6.30E-05,-2.44E-04,1.18E-05,-1.31E-04,-3.16E-05,-2.22E-04,1.76E-04
173,-7.01E-05,9.04E-05,2.57E-04,-2.15E-04,1.58E-04,3.31E-04,3.96E-05,1.15E-04,1.75E-04,1.26E-04,-2.53E-05,-2.82E-04,-1.86E-04,-6.37E-05,-2.29E-04,6.02E-06,-1.29E-04,-2.46E-05,-2.20E-04,1.93E-04
174,-6.45E-05,6.98E-05,2.55E-04,-2.12E-04,1.63E-04,3.39E-04,1.99E-05,1.05E-04,1.71E-04,1.31E-04,-2.89E-05,-2.80E-04,-1.77E-04,-6.46E-05,-2.17E-04,3.77E-07,-1.27E-04,-1.80E-05,-2.17E-04,2.08E-04
175,-6.14E-05,4.93E-05,2.53E-04,-2.09E-04,1.66E-04,3.46E-04,-3.19E-06,9.35E-05,1.67E-04,1.36E-04,-3.42E-05,-2.77E-04,-1.68E-04,-6.61E-05,-2.09E-04,-5.46E-06,-1.26E-04,-1.18E-05,-2.14E-04,2.21E-04
176,-6.13E-05,2.95E-05,2.51E-04,-2.06E-04,1.68E-04,3.52E-04,-2.90E-05,8.08E-05,1.61E-04,1.40E-04,-4.13E-05,-2.75E-04,-1.61E-04,-6.81E-05,-2.05E-04,-1.17E-05,-1.26E-04,-5.73E-06,-2.09E-04,2.32E-04
177,-6.44E-05,1.10E-05,2.48E-04,-2.04E-04,1.69E-04,3.57E-04,-5.67E-05,6.73E-05,1.54E-04,1.43E-04,-5.00E-05,-2.73E-04,-1.55E-04,-7.08E-05,-2.05E-04,-1.85E-05,-1.26E-04,3.23E-07,-2.03E-04,2.41E-04
178,-7.08E-05,-5.42E-06,2.46E-04,-2.02E-04,1.69E-04,3.60E-04,-8.53E-05,5.34E-05,1.47E-04,1.45E-04,-6.01E-05,-2.72E-04,-1.52E-04,-7.41E-05,-2.10E-04,-2.58E-05,-1.25E-04,6.73E-06,-1.97E-04,2.49E-04
179,-8.03E-05,-1.93E-05,2.43E-04,-2.01E-04,1.67E-04,3.63E-04,-1.14E-04,3.96E-05,1.40E-04,1.47E-04,-7.11E-05,-2.73E-04,-1.51E-04,-7.79E-05,-2.19E-04,-3.35E-05,-1.24E-04,1.38E-05,-1.89E-04,2.55E-04
180,-9.25E-05,-3.02E-05,2.40E-04,-2.01E-04,1.65E-04,3.64E-04,-1.40E-04,2.66E-05,1.33E-04,1.48E-04,-8.27E-05,-2.76E-04,-1.52E-04,-8.19E-05,-2.30E-04,-4.13E-05,-1.21E-04,2.20E-05,-1.80E-04,2.61E-04
181,-1.07E-04,-3.78E-05,2.36E-04,-2.00E-04,1.61E-04,3.65E-04,-1.64E-04,1.48E-05,1.26E-04,1.49E-04,-9.41E-05,-2.80E-04,-1.56E-04,-8.58E-05,-2.43E-04,-4.88E-05,-1.17E-04,3.15E-05,-1.69E-04,2.67E-04
182,-1.23E-04,-4.19E-05,2.33E-04,-2.00E-04,1.58E-04,3.66E-04,-1.83E-04,4.80E-06,1.20E-04,1.50E-04,-1.05E-04,-2.86E-04,-1.62E-04,-8.94E-05,-2.57E-04,-5.55E-05,-1.11E-04,4.27E-05,-1.58E-04,2.73E-04
183,-1.39E-04,-4.27E-05,2.29E-04,-2.00E-04,1.54E-04,3.66E-04,-1.97E-04,-3.01E-06,1.15E-04,1.51E-04,-1.14E-04,-2.94E-04,-1.70E-04,-9.23E-05,-2.71E-04,-6.10E-05,-1.03E-04,5.57E-05,-1.46E-04,2.80E-04
184,-1.54E-04,-4.05E-05,2.26E-04,-1.99E-04,1.51E-04,3.67E-04,-2.04E-04,-8.32E-06,1.11E-04,1.53E-04,-1.22E-04,-3.02E-04,-1.79E-04,-9.42E-05,-2.82E-04,-6.48E-05,-9.24E-05,7.05E-05,-1.32E-04,2.88E-04
185,-1.68E-04,-3.56E-05,2.22E-04,-1.97E-04,1.49E-04,3.68E-04,-2.04E-04,-1.09E-05,1.08E-04,1.55E-04,-1.28E-04,-3.10E-04,-1.89E-04,-9.48E-05,-2.91E-04,-6.65E-05,-7.94E-05,8.72E-05,-1.18E-04,2.97E-04
186,-1.80E-04,-2.86E-05,2.20E-04,-1.95E-04,1.49E-04,3.69E-04,-1.97E-04,-1.08E-05,1.07E-04,1.57E-04,-1.31E-04,-3.18E-04,-1.97E-04,-9.38E-05,-2.96E-04,-6.58E-05,-6.43E-05,1.05E-04,-1.02E-04,3.08E-04
187,-1.89E-04,-2.02E-05,2.17E-04,-1.91E-04,1.50E-04,3.72E-04,-1.82E-04,-7.92E-06,1.07E-04,1.61E-04,-1.32E-04,-3.24E-04,-2.04E-04,-9.10E-05,-2.96E-04,-6.23E-05,-4.71E-05,1.25E-04,-8.60E-05,3.22E-04
188,-1.93E-04,-1.11E-05,2.16E-04,-1.86E-04,1.53E-04,3.76E-04,-1.61E-04,-2.46E-06,1.09E-04,1.66E-04,-1.30E-04,-3.28E-04,-2.09E-04,-8.64E-05,-2.92E-04,-5.59E-05,-2.84E-05,1.46E-04,-6.84E-05,3.36E-04
189,-1.93E-04,-1.94E-06,2.16E-04,-1.79E-04,1.59E-04,3.82E-04,-1.34E-04,5.34E-06,1.12E-04,1.72E-04,-1.26E-04,-3.31E-04,-2.11E-04,-7.99E-05,-2.83E-04,-4.67E-05,-8.37E-06,1.67E-04,-4.97E-05,3.53E-04
190,-1.89E-04,6.63E-06,2.16E-04,-1.71E-04,1.67E-04,3.88E-04,-1.02E-04,1.52E-05,1.16E-04,1.79E-04,-1.19E-04,-3.30E-04,-2.10E-04,-7.15E-05,-2.70E-04,-3.48E-05,1.24E-05,1.89E-04,-2.99E-05,3.70E-04
191,-1.80E-04,1.41E-05,2.18E-04,-1.60E-04,1.77E-04,3.96E-04,-6.67E-05,2.67E-05,1.22E-04,1.87E-04,-1.10E-04,-3.26E-04,-2.04E-04,-6.13E-05,-2.53E-04,-2.05E-05,3.36E-05,2.10E-04,-8.89E-06,3.89E-04
192,-1.66E-04,2.01E-05,2.21E-04,-1.48E-04,1.90E-04,4.06E-04,-2.98E-05,3.94E-05,1.28E-04,1.96E-04,-1.01E-04,-3.18E-04,-1.94E-04,-4.96E-05,-2.33E-04,-4.18E-06,5.48E-05,2.31E-04,1.32E-05,4.07E-04
193,-1.50E-04,2.44E-05,2.26E-04,-1.34E-04,2.04E-04,4.16E-04,7.29E-06,5.30E-05,1.35E-04,2.06E-04,-8.95E-05,-3.07E-04,-1.80E-04,-3.66E-05,-2.11E-04,1.37E-05,7.56E-05,2.51E-04,3.63E-05,4.26E-04
194,-1.30E-04,2.70E-05,2.31E-04,-1.18E-04,2.21E-04,4.28E-04,4.28E-05,6.71E-05,1.42E-04,2.17E-04,-7.78E-05,-2.93E-04,-1.62E-04,-2.27E-05,-1.88E-04,3.27E-05,9.59E-05,2.69E-04,6.03E-05,4.44E-04
195,-1.08E-04,2.82E-05,2.39E-04,-1.01E-04,2.38E-04,4.40E-04,7.54E-05,8.14E-05,1.49E-04,2.28E-04,-6.59E-05,-2.77E-04,-1.41E-04,-8.10E-06,-1.65E-04,5.20E-05,1.15E-04,2.86E-04,8.49E-05,4.60E-04
196,-8.60E-05,2.83E-05,2.47E-04,-8.21E-05,2.56E-04,4.52E-04,1.04E-04,9.54E-05,1.57E-04,2.39E-04,-5.41E-05,-2.57E-04,-1.17E-04,6.76E-06,-1.44E-04,7.13E-05,1.34E-04,3.01E-04,1.10E-04,4.75E-04
197,-6.39E-05,2.78E-05,2.57E-04,-6.25E-05,2.75E-04,4.65E-04,1.27E-04,1.09E-04,1.64E-04,2.51E-04,-4.28E-05,-2.36E-04,-9.12E-05,2.15E-05,-1.24E-04,8.99E-05,1.52E-04,3.14E-04,1.35E-04,4.87E-04
198,-4.30E-05,2.74E-05,2.68E-04,-4.23E-05,2.94E-04,4.77E-04,1.44E-04,1.22E-04,1.71E-04,2.62E-04,-3.21E-05,-2.13E-04,-6.51E-05,3.58E-05,-1.07E-04,1.07E-04,1.69E-04,3.26E-04,1.59E-04,4.97E-04
199,-2.43E-05,2.77E-05,2.79E-04,-2.19E-05,3.12E-04,4.90E-04,1.56E-04,1.34E-04,1.78E-04,2.73E-04,-2.23E-05,-1.90E-04,-3.92E-05,4.93E-05,-9.35E-05,1.23E-04,1.86E-04,3.37E-04,1.83E-04,5.03E-04
200,-8.58E-06,2.93E-05,2.91E-04,-1.77E-06,3.30E-04,5.01E-04,1.61E-04,1.45E-04,1.84E-04,2.84E-04,-1.34E-05,-1.66E-04,-1.46E-05,6.18E-05,-8.27E-05,1.38E-04,2.01E-04,3.46E-04,2.05E-04,5.06E-04
201,3.53E-06,3.27E-05,3.03E-04,1.77E-05,3.46E-04,5.11E-04,1.62E-04,1.55E-04,1.89E-04,2.93E-04,-5.44E-06,-1.43E-04,7.70E-06,7.29E-05,-7.47E-05,1.50E-04,2.17E-04,3.54E-04,2.25E-04,5.06E-04
202,1.17E-05,3.84E-05,3.15E-04,3.61E-05,3.61E-04,5.20E-04,1.57E-04,1.65E-04,1.94E-04,3.02E-04,1.61E-06,-1.20E-04,2.71E-05,8.24E-05,-6.94E-05,1.60E-04,2.32E-04,3.62E-04,2.43E-04,5.02E-04
203,1.59E-05,4.65E-05,3.26E-04,5.30E-05,3.74E-04,5.27E-04,1.50E-04,1.73E-04,1.98E-04,3.10E-04,7.80E-06,-9.84E-05,4.30E-05,9.03E-05,-6.59E-05,1.69E-04,2.46E-04,3.69E-04,2.58E-04,4.95E-04
204,1.63E-05,5.72E-05,3.36E-04,6.80E-05,3.84E-04,5.33E-04,1.39E-04,1.80E-04,2.01E-04,3.16E-04,1.32E-05,-7.80E-05,5.50E-05,9.63E-05,-6.36E-05,1.75E-04,2.60E-04,3.76E-04,2.70E-04,4.85E-04
205,1.34E-05,7.01E-05,3.45E-04,8.08E-05,3.93E-04,5.37E-04,1.28E-04,1.86E-04,2.04E-04,3.21E-04,1.78E-05,-5.92E-05,6.30E-05,1.01E-04,-6.17E-05,1.80E-04,2.72E-04,3.83E-04,2.79E-04,4.71E-04
206,7.69E-06,8.47E-05,3.52E-04,9.12E-05,3.98E-04,5.38E-04,1.18E-04,1.91E-04,2.05E-04,3.25E-04,2.18E-05,-4.19E-05,6.73E-05,1.03E-04,-5.93E-05,1.83E-04,2.84E-04,3.89E-04,2.84E-04,4.56E-04
207,1.08E-07,1.01E-04,3.58E-04,9.90E-05,4.01E-04,5.38E-04,1.08E-04,1.96E-04,2.06E-04,3.27E-04,2.50E-05,-2.64E-05,6.81E-05,1.04E-04,-5.57E-05,1.86E-04,2.94E-04,3.96E-04,2.86E-04,4.38E-04
208,-8.47E-06,1.17E-04,3.61E-04,1.04E-04,4.02E-04,5.36E-04,1.01E-04,1.99E-04,2.06E-04,3.28E-04,2.75E-05,-1.24E-05,6.61E-05,1.02E-04,-5.04E-05,1.87E-04,3.03E-04,4.02E-04,2.85E-04,4.18E-04
209,-1.71E-05,1.32E-04,3.62E-04,1.07E-04,4.00E-04,5.31E-04,9.65E-05,2.01E-04,2.05E-04,3.28E-04,2.93E-05,7.22E-08,6.20E-05,9.97E-05,-4.27E-05,1.87E-04,3.09E-04,4.08E-04,2.81E-04,3.97E-04
210,-2.49E-05,1.46E-04,3.61E-04,1.07E-04,3.95E-04,5.24E-04,9.54E-05,2.02E-04,2.04E-04,3.26E-04,3.01E-05,1.11E-05,5.65E-05,9.55E-05,-3.26E-05,1.87E-04,3.12E-04,4.14E-04,2.74E-04,3.75E-04
211,-3.11E-05,1.58E-04,3.57E-04,1.05E-04,3.88E-04,5.16E-04,9.74E-05,2.02E-04,2.01E-04,3.23E-04,3.01E-05,2.09E-05,5.06E-05,9.01E-05,-2.01E-05,1.86E-04,3.13E-04,4.19E-04,2.66E-04,3.53E-04
212,-3.50E-05,1.66E-04,3.51E-04,1.01E-04,3.79E-04,5.06E-04,1.02E-04,2.00E-04,1.98E-04,3.19E-04,2.90E-05,2.95E-05,4.51E-05,8.36E-05,-5.36E-06,1.86E-04,3.11E-04,4.22E-04,2.56E-04,3.31E-04
213,-3.63E-05,1.70E-04,3.44E-04,9.63E-05,3.69E-04,4.94E-04,1.09E-04,1.98E-04,1.94E-04,3.13E-04,2.69E-05,3.70E-05,4.07E-05,7.63E-05,1.11E-05,1.84E-04,3.06E-04,4.25E-04,2.45E-04,3.09E-04
214,-3.48E-05,1.70E-04,3.34E-04,9.02E-05,3.56E-04,4.81E-04,1.17E-04,1.95E-04,1.90E-04,3.07E-04,2.37E-05,4.36E-05,3.80E-05,6.83E-05,2.88E-05,1.83E-04,2.98E-04,4.25E-04,2.34E-04,2.89E-04
215,-3.06E-05,1.65E-04,3.24E-04,8.36E-05,3.43E-04,4.67E-04,1.25E-04,1.91E-04,1.85E-04,3.00E-04,1.95E-05,4.93E-05,3.75E-05,5.99E-05,4.69E-05,1.81E-04,2.88E-04,4.25E-04,2.24E-04,2.70E-04
216,-2.40E-05,1.56E-04,3.12E-04,7.69E-05,3.29E-04,4.52E-04,1.33E-04,1.86E-04,1.79E-04,2.92E-04,1.44E-05,5.42E-05,3.94E-05,5.13E-05,6.47E-05,1.78E-04,2.77E-04,4.22E-04,2.14E-04,2.52E-04
217,-1.56E-05,1.43E-04,2.99E-04,7.07E-05,3.15E-04,4.36E-04,1.38E-04,1.81E-04,1.73E-04,2.84E-04,8.59E-06,5.84E-05,4.37E-05,4.27E-05,8.14E-05,1.75E-04,2.63E-04,4.18E-04,2.07E-04,2.37E-04
218,-6.06E-06,1.25E-04,2.86E-04,6.52E-05,3.01E-04,4.21E-04,1.40E-04,1.76E-04,1.67E-04,2.75E-04,2.38E-06,6.19E-05,5.03E-05,3.44E-05,9.63E-05,1.71E-04,2.50E-04,4.12E-04,2.01E-04,2.24E-04
219,3.80E-06,1.06E-04,2.73E-04,6.08E-05,2.88E-04,4.05E-04,1.38E-04,1.70E-04,1.62E-04,2.66E-04,-3.92E-06,6.48E-05,5.89E-05,2.65E-05,1.09E-04,1.67E-04,2.36E-04,4.05E-04,1.97E-04,2.13E-04
220,1.31E-05,8.48E-05,2.61E-04,5.78E-05,2.76E-04,3.90E-04,1.31E-04,1.65E-04,1.56E-04,2.58E-04,-9.95E-06,6.74E-05,6.89E-05,1.91E-05,1.19E-04,1.62E-04,2.23E-04,3.97E-04,1.95E-04,2.04E-04
221,2.10E-05,6.34E-05,2.49E-04,5.63E-05,2.65E-04,3.75E-04,1.20E-04,1.60E-04,1.51E-04,2.49E-04,-1.53E-05,6.95E-05,7.98E-05,1.24E-05,1.25E-04,1.56E-04,2.12E-04,3.88E-04,1.96E-04,1.98E-04
222,2.68E-05,4.30E-05,2.37E-04,5.63E-05,2.55E-04,3.62E-04,1.05E-04,1.56E-04,1.47E-04,2.41E-04,-1.96E-05,7.16E-05,9.09E-05,6.58E-06,1.29E-04,1.49E-04,2.03E-04,3.79E-04,1.98E-04,1.94E-04
223,2.99E-05,2.45E-05,2.27E-04,5.78E-05,2.47E-04,3.49E-04,8.56E-05,1.53E-04,1.43E-04,2.34E-04,-2.26E-05,7.36E-05,1.02E-04,1.58E-06,1.30E-04,1.42E-04,1.97E-04,3.70E-04,2.03E-04,1.93E-04
224,2.99E-05,9.22E-06,2.18E-04,6.07E-05,2.41E-04,3.38E-04,6.31E-05,1.50E-04,1.40E-04,2.27E-04,-2.38E-05,7.59E-05,1.11E-04,-2.57E-06,1.28E-04,1.34E-04,1.94E-04,3.62E-04,2.09E-04,1.94E-04
225,2.67E-05,-2.18E-06,2.09E-04,6.47E-05,2.37E-04,3.28E-04,3.85E-05,1.49E-04,1.38E-04,2.20E-04,-2.32E-05,7.85E-05,1.19E-04,-5.91E-06,1.24E-04,1.26E-04,1.94E-04,3.55E-04,2.16E-04,1.97E-04
226,2.03E-05,-9.08E-06,2.02E-04,6.95E-05,2.35E-04,3.19E-04,1.29E-05,1.49E-04,1.37E-04,2.14E-04,-2.05E-05,8.17E-05,1.25E-04,-8.53E-06,1.19E-04,1.18E-04,1.97E-04,3.49E-04,2.23E-04,2.02E-04
227,1.11E-05,-1.12E-05,1.95E-04,7.48E-05,2.33E-04,3.11E-04,-1.22E-05,1.50E-04,1.36E-04,2.09E-04,-1.60E-05,8.56E-05,1.29E-04,-1.06E-05,1.12E-04,1.10E-04,2.04E-04,3.45E-04,2.31E-04,2.08E-04
228,-1.78E-07,-8.62E-06,1.89E-04,8.01E-05,2.33E-04,3.04E-04,-3.56E-05,1.52E-04,1.36E-04,2.04E-04,-9.67E-06,9.02E-05,1.31E-04,-1.22E-05,1.05E-04,1.01E-04,2.12E-04,3.42E-04,2.39E-04,2.16E-04
229,-1.29E-05,-1.66E-06,1.83E-04,8.51E-05,2.34E-04,2.99E-04,-5.60E-05,1.54E-04,1.36E-04,1.99E-04,-1.90E-06,9.55E-05,1.30E-04,-1.37E-05,9.75E-05,9.30E-05,2.23E-04,3.41E-04,2.45E-04,2.25E-04
230,-2.60E-05,9.02E-06,1.78E-04,8.95E-05,2.35E-04,2.93E-04,-7.24E-05,1.57E-04,1.37E-04,1.95E-04,6.90E-06,1.02E-04,1.27E-04,-1.54E-05,9.03E-05,8.50E-05,2.35E-04,3.42E-04,2.51E-04,2.34E-04
231,-3.87E-05,2.25E-05,1.73E-04,9.29E-05,2.35E-04,2.89E-04,-8.39E-05,1.61E-04,1.37E-04,1.90E-04,1.62E-05,1.08E-04,1.22E-04,-1.73E-05,8.34E-05,7.72E-05,2.48E-04,3.44E-04,2.55E-04,2.44E-04
232,-4.98E-05,3.78E-05,1.68E-04,9.50E-05,2.35E-04,2.84E-04,-9.01E-05,1.64E-04,1.37E-04,1.86E-04,2.54E-05,1.15E-04,1.16E-04,-2.00E-05,7.67E-05,6.95E-05,2.60E-04,3.47E-04,2.58E-04,2.53E-04
233,-5.85E-05,5.35E-05,1.63E-04,9.57E-05,2.33E-04,2.80E-04,-9.08E-05,1.66E-04,1.37E-04,1.80E-04,3.39E-05,1.21E-04,1.09E-04,-2.35E-05,7.03E-05,6.19E-05,2.71E-04,3.50E-04,2.58E-04,2.62E-04
234,-6.41E-05,6.86E-05,1.57E-04,9.49E-05,2.29E-04,2.75E-04,-8.63E-05,1.68E-04,1.35E-04,1.74E-04,4.11E-05,1.28E-04,1.02E-04,-2.81E-05,6.37E-05,5.43E-05,2.80E-04,3.53E-04,2.57E-04,2.70E-04
235,-6.61E-05,8.18E-05,1.50E-04,9.24E-05,2.23E-04,2.69E-04,-7.72E-05,1.68E-04,1.33E-04,1.67E-04,4.64E-05,1.33E-04,9.39E-05,-3.41E-05,5.67E-05,4.64E-05,2.87E-04,3.56E-04,2.53E-04,2.76E-04
236,-6.42E-05,9.21E-05,1.43E-04,8.84E-05,2.15E-04,2.63E-04,-6.44E-05,1.67E-04,1.29E-04,1.59E-04,4.93E-05,1.38E-04,8.64E-05,-4.16E-05,4.88E-05,3.80E-05,2.91E-04,3.58E-04,2.48E-04,2.81E-04
237,-5.85E-05,9.85E-05,1.35E-04,8.29E-05,2.04E-04,2.55E-04,-4.91E-05,1.64E-04,1.24E-04,1.50E-04,4.95E-05,1.41E-04,7.93E-05,-5.05E-05,3.96E-05,2.91E-05,2.92E-04,3.58E-04,2.40E-04,2.83E-04
238,-4.93E-05,1.00E-04,1.26E-04,7.62E-05,1.91E-04,2.47E-04,-3.28E-05,1.60E-04,1.17E-04,1.40E-04,4.67E-05,1.42E-04,7.29E-05,-6.10E-05,2.87E-05,1.93E-05,2.90E-04,3.56E-04,2.30E-04,2.83E-04
239,-3.73E-05,9.76E-05,1.17E-04,6.85E-05,1.75E-04,2.38E-04,-1.68E-05,1.54E-04,1.09E-04,1.29E-04,4.08E-05,1.41E-04,6.71E-05,-7.30E-05,1.59E-05,8.53E-06,2.86E-04,3.51E-04,2.19E-04,2.80E-04
240,-2.34E-05,9.00E-05,1.06E-04,6.00E-05,1.57E-04,2.27E-04,-2.58E-06,1.45E-04,1.00E-04,1.16E-04,3.20E-05,1.38E-04,6.18E-05,-8.61E-05,1.13E-06,-3.42E-06,2.78E-04,3.44E-04,2.06E-04,2.74E-04
241,-8.52E-06,7.77E-05,9.45E-05,5.12E-05,1.38E-04,2.16E-04,8.43E-06,1.36E-04,9.01E-05,1.02E-04,2.05E-05,1.33E-04,5.69E-05,-1.00E-04,-1.56E-05,-1.66E-05,2.69E-04,3.34E-04,1.92E-04,2.65E-04
242,6.03E-06,6.15E-05,8.23E-05,4.22E-05,1.17E-04,2.04E-04,1.51E-05,1.24E-04,7.92E-05,8.82E-05,6.83E-06,1.26E-04,5.22E-05,-1.15E-04,-3.40E-05,-3.12E-05,2.57E-04,3.22E-04,1.76E-04,2.53E-04
243,1.91E-05,4.19E-05,6.95E-05,3.35E-05,9.50E-05,1.92E-04,1.67E-05,1.12E-04,6.77E-05,7.33E-05,-8.58E-06,1.17E-04,4.75E-05,-1.31E-04,-5.37E-05,-4.70E-05,2.45E-04,3.08E-04,1.60E-04,2.39E-04
244,2.95E-05,1.99E-05,5.62E-05,2.53E-05,7.34E-05,1.79E-04,1.26E-05,9.93E-05,5.61E-05,5.82E-05,-2.51E-05,1.06E-04,4.23E-05,-1.46E-04,-7.39E-05,-6.41E-05,2.31E-04,2.91E-04,1.44E-04,2.22E-04
245,3.62E-05,-3.45E-06,4.25E-05,1.77E-05,5.25E-05,1.67E-04,2.67E-06,8.62E-05,4.45E-05,4.32E-05,-4.19E-05,9.38E-05,3.66E-05,-1.61E-04,-9.40E-05,-8.23E-05,2.17E-04,2.74E-04,1.27E-04,2.04E-04
246,3.85E-05,-2.71E-05,2.86E-05,1.11E-05,3.29E-05,1.55E-04,-1.28E-05,7.34E-05,3.34E-05,2.86E-05,-5.85E-05,8.06E-05,3.02E-05,-1.75E-04,-1.13E-04,-1.01E-04,2.04E-04,2.56E-04,1.11E-04,1.84E-04
247,3.58E-05,-5.02E-05,1.47E-05,5.64E-06,1.52E-05,1.44E-04,-3.33E-05,6.12E-05,2.29E-05,1.46E-05,-7.40E-05,6.67E-05,2.30E-05,-1.88E-04,-1.30E-04,-1.21E-04,1.91E-04,2.38E-04,9.52E-05,1.63E-04
248,2.80E-05,-7.17E-05,9.30E-07,1.34E-06,-1.57E-07,1.34E-04,-5.78E-05,5.01E-05,1.35E-05,1.71E-06,-8.80E-05,5.26E-05,1.49E-05,-2.00E-04,-1.45E-04,-1.41E-04,1.78E-04,2.21E-04,8.10E-05,1.41E-04
249,1.52E-05,-9.09E-05,-1.25E-05,-1.70E-06,-1.27E-05,1.25E-04,-8.51E-05,4.05E-05,5.35E-06,-9.93E-06,-9.99E-05,3.87E-05,6.22E-06,-2.10E-04,-1.56E-04,-1.62E-04,1.66E-04,2.05E-04,6.84E-05,1.20E-04
250,-2.16E-06,-1.07E-04,-2.53E-05,-3.48E-06,-2.22E-05,1.18E-04,-1.14E-04,3.26E-05,-1.45E-06,-2.01E-05,-1.09E-04,2.53E-05,-2.91E-06,-2.18E-04,-1.63E-04,-1.82E-04,1.55E-04,1.91E-04,5.80E-05,1.00E-04
251,-2.31E-05,-1.21E-04,-3.74E-05,-4.03E-06,-2.85E-05,1.13E-04,-1.43E-04,2.66E-05,-6.78E-06,-2.86E-05,-1.16E-04,1.26E-05,-1.22E-05,-2.24E-04,-1.67E-04,-2.02E-04,1.44E-04,1.79E-04,4.99E-05,8.23E-05
252,-4.67E-05,-1.31E-04,-4.86E-05,-3.44E-06,-3.16E-05,1.10E-04,-1.71E-04,2.27E-05,-1.06E-05,-3.53E-05,-1.20E-04,8.40E-07,-2.11E-05,-2.29E-04,-1.65E-04,-2.21E-04,1.34E-04,1.71E-04,4.45E-05,6.67E-05
253,-7.16E-05,-1.38E-04,-5.88E-05,-1.82E-06,-3.18E-05,1.09E-04,-1.96E-04,2.08E-05,-1.30E-05,-4.02E-05,-1.21E-04,-9.78E-06,-2.94E-05,-2.31E-04,-1.60E-04,-2.40E-04,1.24E-04,1.65E-04,4.20E-05,5.42E-05
254,-9.64E-05,-1.43E-04,-6.78E-05,6.80E-07,-2.94E-05,1.09E-04,-2.16E-04,2.09E-05,-1.40E-05,-4.33E-05,-1.20E-04,-1.92E-05,-3.65E-05,-2.32E-04,-1.52E-04,-2.57E-04,1.14E-04,1.62E-04,4.25E-05,4.51E-05
255,-1.20E-04,-1.45E-04,-7.56E-05,3.90E-06,-2.47E-05,1.11E-04,-2.32E-04,2.29E-05,-1.38E-05,-4.48E-05,-1.17E-04,-2.75E-05,-4.20E-05,-2.31E-04,-1.40E-04,-2.74E-04,1.03E-04,1.62E-04,4.60E-05,3.99E-05
256,-1.40E-04,-1.45E-04,-8.21E-05,7.65E-06,-1.82E-05,1.15E-04,-2.43E-04,2.63E-05,-1.26E-05,-4.49E-05,-1.12E-04,-3.45E-05,-4.57E-05,-2.30E-04,-1.27E-04,-2.89E-04,9.32E-05,1.64E-04,5.24E-05,3.86E-05
257,-1.57E-04,-1.45E-04,-8.73E-05,1.17E-05,-1.06E-05,1.19E-04,-2.47E-04,3.10E-05,-1.08E-05,-4.36E-05,-1.06E-04,-4.05E-05,-4.74E-05,-2.27E-04,-1.13E-04,-3.03E-04,8.29E-05,1.68E-04,6.14E-05,4.13E-05
258,-1.68E-04,-1.44E-04,-9.13E-05,1.60E-05,-2.28E-06,1.25E-04,-2.45E-04,3.66E-05,-8.39E-06,-4.13E-05,-9.88E-05,-4.53E-05,-4.67E-05,-2.25E-04,-9.94E-05,-3.17E-04,7.25E-05,1.73E-04,7.26E-05,4.77E-05
259,-1.74E-04,-1.43E-04,-9.41E-05,2.02E-05,6.15E-06,1.32E-04,-2.37E-04,4.27E-05,-5.81E-06,-3.83E-05,-9.15E-05,-4.92E-05,-4.39E-05,-2.22E-04,-8.70E-05,-3.29E-04,6.24E-05,1.80E-04,8.56E-05,5.75E-05
260,-1.73E-04,-1.42E-04,-9.59E-05,2.41E-05,1.42E-05,1.39E-04,-2.24E-04,4.89E-05,-3.23E-06,-3.48E-05,-8.45E-05,-5.20E-05,-3.90E-05,-2.19E-04,-7.69E-05,-3.41E-04,5.28E-05,1.86E-04,9.99E-05,7.01E-05
261,-1.67E-04,-1.42E-04,-9.68E-05,2.78E-05,2.16E-05,1.45E-04,-2.06E-04,5.50E-05,-8.50E-07,-3.11E-05,-7.79E-05,-5.38E-05,-3.24E-05,-2.18E-04,-7.00E-05,-3.53E-04,4.40E-05,1.92E-04,1.15E-04,8.48E-05
262,-1.55E-04,-1.42E-04,-9.70E-05,3.09E-05,2.79E-05,1.52E-04,-1.84E-04,6.06E-05,1.17E-06,-2.73E-05,-7.21E-05,-5.45E-05,-2.43E-05,-2.16E-04,-6.67E-05,-3.64E-04,3.65E-05,1.96E-04,1.30E-04,1.01E-04
263,-1.39E-04,-1.44E-04,-9.65E-05,3.36E-05,3.31E-05,1.59E-04,-1.60E-04,6.55E-05,2.74E-06,-2.38E-05,-6.72E-05,-5.40E-05,-1.52E-05,-2.16E-04,-6.75E-05,-3.75E-04,3.06E-05,1.99E-04,1.44E-04,1.17E-04
264,-1.18E-04,-1.45E-04,-9.55E-05,3.57E-05,3.71E-05,1.64E-04,-1.34E-04,6.98E-05,3.84E-06,-2.05E-05,-6.32E-05,-5.23E-05,-5.55E-06,-2.16E-04,-7.20E-05,-3.86E-04,2.67E-05,2.01E-04,1.58E-04,1.33E-04
265,-9.53E-05,-1.46E-04,-9.41E-05,3.73E-05,4.01E-05,1.69E-04,-1.07E-04,7.32E-05,4.52E-06,-1.75E-05,-6.01E-05,-4.91E-05,4.12E-06,-2.18E-04,-8.00E-05,-3.97E-04,2.52E-05,2.00E-04,1.69E-04,1.48E-04
266,-7.10E-05,-1.46E-04,-9.23E-05,3.85E-05,4.24E-05,1.74E-04,-8.14E-05,7.60E-05,4.88E-06,-1.49E-05,-5.77E-05,-4.44E-05,1.34E-05,-2.19E-04,-9.08E-05,-4.08E-04,2.64E-05,1.98E-04,1.79E-04,1.61E-04
267,-4.69E-05,-1.45E-04,-9.01E-05,3.95E-05,4.43E-05,1.78E-04,-5.69E-05,7.84E-05,5.11E-06,-1.24E-05,-5.56E-05,-3.80E-05,2.20E-05,-2.21E-04,-1.03E-04,-4.20E-04,3.04E-05,1.94E-04,1.87E-04,1.72E-04
268,-2.41E-05,-1.42E-04,-8.75E-05,4.06E-05,4.64E-05,1.82E-04,-3.45E-05,8.06E-05,5.46E-06,-9.99E-06,-5.36E-05,-2.98E-05,2.97E-05,-2.23E-04,-1.16E-04,-4.31E-04,3.73E-05,1.89E-04,1.93E-04,1.79E-04
269,-3.64E-06,-1.36E-04,-8.42E-05,4.20E-05,4.92E-05,1.86E-04,-1.44E-05,8.31E-05,6.20E-06,-7.39E-06,-5.11E-05,-1.98E-05,3.65E-05,-2.24E-04,-1.29E-04,-4.41E-04,4.71E-05,1.84E-04,1.97E-04,1.84E-04
270,1.36E-05,-1.27E-04,-8.01E-05,4.41E-05,5.33E-05,1.89E-04,3.28E-06,8.62E-05,7.67E-06,-4.30E-06,-4.78E-05,-7.96E-06,4.23E-05,-2.24E-04,-1.39E-04,-4.51E-04,5.97E-05,1.79E-04,2.00E-04,1.85E-04
271,2.72E-05,-1.14E-04,-7.49E-05,4.74E-05,5.94E-05,1.94E-04,1.86E-05,9.06E-05,1.02E-05,-4.04E-07,-4.33E-05,5.56E-06,4.74E-05,-2.22E-04,-1.45E-04,-4.60E-04,7.49E-05,1.75E-04,2.02E-04,1.84E-04
272,3.69E-05,-9.74E-05,-6.81E-05,5.22E-05,6.79E-05,1.99E-04,3.20E-05,9.68E-05,1.41E-05,4.64E-06,-3.70E-05,2.07E-05,5.24E-05,-2.17E-04,-1.47E-04,-4.66E-04,9.25E-05,1.74E-04,2.03E-04,1.80E-04
273,4.31E-05,-7.69E-05,-5.95E-05,5.92E-05,7.96E-05,2.06E-04,4.41E-05,1.05E-04,1.98E-05,1.12E-05,-2.88E-05,3.72E-05,5.75E-05,-2.11E-04,-1.43E-04,-4.70E-04,1.12E-04,1.75E-04,2.04E-04,1.76E-04
274,4.62E-05,-5.26E-05,-4.87E-05,6.86E-05,9.48E-05,2.15E-04,5.57E-05,1.16E-04,2.75E-05,1.96E-05,-1.81E-05,5.48E-05,6.36E-05,-2.01E-04,-1.32E-04,-4.71E-04,1.34E-04,1.80E-04,2.07E-04,1.70E-04
275,4.73E-05,-2.50E-05,-3.53E-05,8.11E-05,1.14E-04,2.25E-04,6.77E-05,1.31E-04,3.76E-05,3.01E-05,-4.87E-06,7.34E-05,7.13E-05,-1.87E-04,-1.15E-04,-4.68E-04,1.58E-04,1.90E-04,2.12E-04,1.65E-04
276,4.75E-05,5.66E-06,-1.88E-05,9.69E-05,1.37E-04,2.38E-04,8.12E-05,1.49E-04,5.01E-05,4.30E-05,1.12E-05,9.26E-05,8.12E-05,-1.70E-04,-9.01E-05,-4.60E-04,1.84E-04,2.04E-04,2.19E-04,1.61E-04
277,4.81E-05,3.86E-05,8.54E-07,1.16E-04,1.65E-04,2.54E-04,9.71E-05,1.71E-04,6.53E-05,5.84E-05,3.01E-05,1.12E-04,9.40E-05,-1.49E-04,-5.88E-05,-4.48E-04,2.11E-04,2.24E-04,2.29E-04,1.59E-04
278,5.06E-05,7.32E-05,2.41E-05,1.40E-04,1.96E-04,2.72E-04,1.16E-04,1.97E-04,8.33E-05,7.65E-05,5.19E-05,1.32E-04,1.10E-04,-1.24E-04,-2.14E-05,-4.30E-04,2.40E-04,2.49E-04,2.44E-04,1.60E-04
279,5.65E-05,1.09E-04,5.09E-05,1.67E-04,2.32E-04,2.93E-04,1.40E-04,2.27E-04,1.04E-04,9.73E-05,7.67E-05,1.52E-04,1.31E-04,-9.48E-05,2.13E-05,-4.07E-04,2.71E-04,2.79E-04,2.63E-04,1.65E-04
280,6.70E-05,1.45E-04,8.14E-05,1.99E-04,2.72E-04,3.16E-04,1.68E-04,2.61E-04,1.27E-04,1.21E-04,1.04E-04,1.73E-04,1.55E-04,-6.23E-05,6.81E-05,-3.79E-04,3.05E-04,3.14E-04,2.86E-04,1.74E-04
281,8.35E-05,1.80E-04,1.16E-04,2.34E-04,3.15E-04,3.42E-04,2.02E-04,3.00E-04,1.53E-04,1.47E-04,1.34E-04,1.93E-04,1.84E-04,-2.65E-05,1.18E-04,-3.45E-04,3.41E-04,3.53E-04,3.13E-04,1.89E-04
282,1.07E-04,2.14E-04,1.53E-04,2.73E-04,3.62E-04,3.71E-04,2.42E-04,3.42E-04,1.82E-04,1.75E-04,1.67E-04,2.14E-04,2.17E-04,1.23E-05,1.69E-04,-3.06E-04,3.81E-04,3.96E-04,3.45E-04,2.07E-04
283,1.37E-04,2.47E-04,1.94E-04,3.16E-04,4.11E-04,4.01E-04,2.88E-04,3.88E-04,2.12E-04,2.05E-04,2.02E-04,2.36E-04,2.54E-04,5.35E-05,2.20E-04,-2.62E-04,4.23E-04,4.43E-04,3.81E-04,2.30E-04
284,1.75E-04,2.79E-04,2.37E-04,3.61E-04,4.62E-04,4.33E-04,3.39E-04,4.37E-04,2.44E-04,2.37E-04,2.39E-04,2.58E-04,2.95E-04,9.67E-05,2.71E-04,-2.15E-04,4.70E-04,4.91E-04,4.20E-04,2.57E-04
285,2.21E-04,3.09E-04,2.82E-04,4.08E-04,5.14E-04,4.66E-04,3.95E-04,4.88E-04,2.78E-04,2.70E-04,2.78E-04,2.82E-04,3.38E-04,1.41E-04,3.19E-04,-1.65E-04,5.20E-04,5.40E-04,4.61E-04,2.87E-04
286,2.73E-04,3.38E-04,3.29E-04,4.57E-04,5.68E-04,4.99E-04,4.57E-04,5.42E-04,3.13E-04,3.03E-04,3.19E-04,3.08E-04,3.83E-04,1.86E-04,3.64E-04,-1.13E-04,5.74E-04,5.89E-04,5.04E-04,3.19E-04
287,3.31E-04,3.65E-04,3.76E-04,5.07E-04,6.21E-04,5.32E-04,5.22E-04,5.97E-04,3.49E-04,3.37E-04,3.60E-04,3.36E-04,4.30E-04,2.32E-04,4.05E-04,-5.99E-05,6.32E-04,6.37E-04,5.47E-04,3.52E-04
288,3.93E-04,3.92E-04,4.25E-04,5.57E-04,6.75E-04,5.65E-04,5.90E-04,6.53E-04,3.85E-04,3.71E-04,4.03E-04,3.67E-04,4.76E-04,2.76E-04,4.42E-04,-7.61E-06,6.93E-04,6.84E-04,5.91E-04,3.85E-04
289,4.59E-04,4.19E-04,4.72E-04,6.07E-04,7.27E-04,5.97E-04,6.60E-04,7.10E-04,4.21E-04,4.04E-04,4.46E-04,4.00E-04,5.22E-04,3.20E-04,4.75E-04,4.32E-05,7.58E-04,7.29E-04,6.33E-04,4.16E-04
290,5.26E-04,4.46E-04,5.19E-04,6.55E-04,7.79E-04,6.27E-04,7.32E-04,7.67E-04,4.57E-04,4.35E-04,4.89E-04,4.36E-04,5.66E-04,3.63E-04,5.04E-04,9.13E-05,8.24E-04,7.70E-04,6.73E-04,4.45E-04
291,5.93E-04,4.73E-04,5.65E-04,7.02E-04,8.29E-04,6.56E-04,8.03E-04,8.24E-04,4.93E-04,4.66E-04,5.31E-04,4.75E-04,6.07E-04,4.03E-04,5.29E-04,1.36E-04,8.91E-04,8.08E-04,7.11E-04,4.70E-04
292,6.58E-04,5.02E-04,6.08E-04,7.47E-04,8.77E-04,6.82E-04,8.73E-04,8.80E-04,5.28E-04,4.95E-04,5.73E-04,5.17E-04,6.46E-04,4.42E-04,5.52E-04,1.76E-04,9.59E-04,8.43E-04,7.45E-04,4.90E-04
293,7.20E-04,5.33E-04,6.50E-04,7.90E-04,9.23E-04,7.07E-04,9.41E-04,9.34E-04,5.62E-04,5.21E-04,6.15E-04,5.61E-04,6.80E-04,4.78E-04,5.71E-04,2.12E-04,1.03E-03,8.74E-04,7.76E-04,5.05E-04
294,7.78E-04,5.66E-04,6.89E-04,8.30E-04,9.66E-04,7.28E-04,1.01E-03,9.88E-04,5.94E-04,5.46E-04,6.54E-04,6.07E-04,7.11E-04,5.12E-04,5.90E-04,2.42E-04,1.09E-03,9.01E-04,8.03E-04,5.15E-04
295,8.30E-04,6.00E-04,7.26E-04,8.67E-04,1.01E-03,7.47E-04,1.07E-03,1.04E-03,6.26E-04,5.69E-04,6.92E-04,6.55E-04,7.37E-04,5.44E-04,6.07E-04,2.68E-04,1.15E-03,9.26E-04,8.26E-04,5.19E-04
296,8.77E-04,6.37E-04,7.60E-04,9.02E-04,1.05E-03,7.64E-04,1.13E-03,1.09E-03,6.56E-04,5.89E-04,7.28E-04,7.03E-04,7.60E-04,5.73E-04,6.24E-04,2.88E-04,1.21E-03,9.47E-04,8.44E-04,5.17E-04
297,9.17E-04,6.75E-04,7.91E-04,9.34E-04,1.08E-03,7.78E-04,1.18E-03,1.14E-03,6.85E-04,6.07E-04,7.61E-04,7.51E-04,7.79E-04,5.99E-04,6.42E-04,3.04E-04,1.27E-03,9.65E-04,8.59E-04,5.11E-04
298,9.51E-04,7.14E-04,8.21E-04,9.64E-04,1.11E-03,7.90E-04,1.24E-03,1.18E-03,7.13E-04,6.24E-04,7.92E-04,7.99E-04,7.95E-04,6.24E-04,6.60E-04,3.16E-04,1.32E-03,9.82E-04,8.71E-04,5.01E-04
299,9.80E-04,7.54E-04,8.48E-04,9.91E-04,1.14E-03,7.99E-04,1.28E-03,1.23E-03,7.39E-04,6.38E-04,8.19E-04,8.45E-04,8.09E-04,6.47E-04,6.79E-04,3.25E-04,1.36E-03,9.97E-04,8.80E-04,4.88E-04
300,1.00E-03,7.95E-04,8.73E-04,1.02E-03,1.17E-03,8.07E-04,1.33E-03,1.27E-03,7.63E-04,6.51E-04,8.45E-04,8.89E-04,8.20E-04,6.67E-04,7.00E-04,3.31E-04,1.40E-03,1.01E-03,8.86E-04,4.73E-04
301,1.02E-03,8.35E-04,8.96E-04,1.04E-03,1.20E-03,8.13E-04,1.37E-03,1.31E-03,7.87E-04,6.62E-04,8.67E-04,9.32E-04,8.30E-04,6.87E-04,7.21E-04,3.36E-04,1.44E-03,1.02E-03,8.90E-04,4.57E-04
302,1.04E-03,8.74E-04,9.18E-04,1.06E-03,1.22E-03,8.18E-04,1.41E-03,1.35E-03,8.09E-04,6.72E-04,8.87E-04,9.71E-04,8.40E-04,7.05E-04,7.43E-04,3.40E-04,1.47E-03,1.03E-03,8.92E-04,4.41E-04
303,1.05E-03,9.11E-04,9.38E-04,1.09E-03,1.24E-03,8.21E-04,1.45E-03,1.38E-03,8.30E-04,6.81E-04,9.04E-04,1.01E-03,8.50E-04,7.22E-04,7.65E-04,3.45E-04,1.49E-03,1.05E-03,8.94E-04,4.26E-04
304,1.07E-03,9.47E-04,9.57E-04,1.11E-03,1.26E-03,8.24E-04,1.48E-03,1.42E-03,8.49E-04,6.88E-04,9.20E-04,1.04E-03,8.60E-04,7.38E-04,7.87E-04,3.50E-04,1.51E-03,1.06E-03,8.94E-04,4.12E-04
305,1.08E-03,9.79E-04,9.75E-04,1.13E-03,1.27E-03,8.25E-04,1.52E-03,1.45E-03,8.67E-04,6.95E-04,9.34E-04,1.08E-03,8.72E-04,7.53E-04,8.08E-04,3.56E-04,1.53E-03,1.07E-03,8.94E-04,4.01E-04
306,1.10E-03,1.01E-03,9.91E-04,1.15E-03,1.28E-03,8.25E-04,1.55E-03,1.48E-03,8.84E-04,7.01E-04,9.47E-04,1.11E-03,8.85E-04,7.69E-04,8.28E-04,3.64E-04,1.55E-03,1.08E-03,8.94E-04,3.93E-04
307,1.11E-03,1.04E-03,1.01E-03,1.16E-03,1.30E-03,8.25E-04,1.58E-03,1.51E-03,8.99E-04,7.07E-04,9.60E-04,1.14E-03,8.99E-04,7.83E-04,8.45E-04,3.74E-04,1.57E-03,1.08E-03,8.94E-04,3.87E-04
308,1.13E-03,1.06E-03,1.02E-03,1.18E-03,1.30E-03,8.23E-04,1.61E-03,1.53E-03,9.13E-04,7.11E-04,9.73E-04,1.16E-03,9.15E-04,7.98E-04,8.61E-04,3.85E-04,1.59E-03,1.09E-03,8.94E-04,3.84E-04
309,1.15E-03,1.08E-03,1.03E-03,1.20E-03,1.31E-03,8.21E-04,1.64E-03,1.56E-03,9.25E-04,7.15E-04,9.85E-04,1.19E-03,9.32E-04,8.12E-04,8.74E-04,3.97E-04,1.60E-03,1.10E-03,8.94E-04,3.84E-04
310,1.16E-03,1.10E-03,1.04E-03,1.21E-03,1.32E-03,8.17E-04,1.67E-03,1.58E-03,9.36E-04,7.18E-04,9.99E-04,1.22E-03,9.50E-04,8.26E-04,8.84E-04,4.11E-04,1.62E-03,1.10E-03,8.94E-04,3.85E-04
311,1.18E-03,1.12E-03,1.05E-03,1.22E-03,1.32E-03,8.13E-04,1.69E-03,1.59E-03,9.45E-04,7.19E-04,1.01E-03,1.25E-03,9.67E-04,8.39E-04,8.91E-04,4.24E-04,1.64E-03,1.11E-03,8.95E-04,3.87E-04
312,1.20E-03,1.13E-03,1.06E-03,1.23E-03,1.32E-03,8.06E-04,1.72E-03,1.61E-03,9.52E-04,7.20E-04,1.03E-03,1.27E-03,9.85E-04,8.53E-04,8.96E-04,4.37E-04,1.66E-03,1.11E-03,8.95E-04,3.89E-04
313,1.22E-03,1.14E-03,1.07E-03,1.24E-03,1.33E-03,7.98E-04,1.73E-03,1.62E-03,9.58E-04,7.20E-04,1.05E-03,1.30E-03,1.00E-03,8.65E-04,8.98E-04,4.50E-04,1.67E-03,1.10E-03,8.95E-04,3.92E-04
314,1.23E-03,1.15E-03,1.07E-03,1.25E-03,1.32E-03,7.89E-04,1.74E-03,1.62E-03,9.61E-04,7.18E-04,1.06E-03,1.33E-03,1.02E-03,8.77E-04,8.97E-04,4.60E-04,1.69E-03,1.10E-03,8.95E-04,3.93E-04
315,1.25E-03,1.16E-03,1.07E-03,1.25E-03,1.32E-03,7.77E-04,1.75E-03,1.63E-03,9.62E-04,7.15E-04,1.08E-03,1.36E-03,1.03E-03,8.88E-04,8.95E-04,4.69E-04,1.70E-03,1.09E-03,8.94E-04,3.93E-04
316,1.25E-03,1.17E-03,1.07E-03,1.25E-03,1.32E-03,7.63E-04,1.75E-03,1.62E-03,9.61E-04,7.10E-04,1.10E-03,1.39E-03,1.04E-03,8.98E-04,8.90E-04,4.75E-04,1.71E-03,1.08E-03,8.93E-04,3.91E-04
317,1.26E-03,1.18E-03,1.07E-03,1.25E-03,1.31E-03,7.48E-04,1.74E-03,1.62E-03,9.57E-04,7.04E-04,1.12E-03,1.42E-03,1.04E-03,9.07E-04,8.84E-04,4.79E-04,1.71E-03,1.07E-03,8.91E-04,3.86E-04
318,1.26E-03,1.18E-03,1.07E-03,1.24E-03,1.30E-03,7.30E-04,1.72E-03,1.61E-03,9.52E-04,6.95E-04,1.13E-03,1.44E-03,1.04E-03,9.14E-04,8.77E-04,4.80E-04,1.71E-03,1.05E-03,8.88E-04,3.79E-04
319,1.25E-03,1.18E-03,1.06E-03,1.24E-03,1.29E-03,7.10E-04,1.70E-03,1.59E-03,9.43E-04,6.85E-04,1.15E-03,1.47E-03,1.04E-03,9.19E-04,8.68E-04,4.79E-04,1.70E-03,1.03E-03,8.83E-04,3.70E-04
320,1.24E-03,1.18E-03,1.05E-03,1.23E-03,1.28E-03,6.87E-04,1.67E-03,1.57E-03,9.33E-04,6.73E-04,1.16E-03,1.48E-03,1.03E-03,9.22E-04,8.58E-04,4.75E-04,1.68E-03,1.01E-03,8.77E-04,3.59E-04
321,1.22E-03,1.18E-03,1.04E-03,1.21E-03,1.26E-03,6.63E-04,1.63E-03,1.55E-03,9.21E-04,6.59E-04,1.17E-03,1.50E-03,1.02E-03,9.23E-04,8.46E-04,4.69E-04,1.66E-03,9.80E-04,8.69E-04,3.47E-04
322,1.20E-03,1.17E-03,1.03E-03,1.20E-03,1.24E-03,6.37E-04,1.58E-03,1.52E-03,9.06E-04,6.43E-04,1.17E-03,1.51E-03,1.00E-03,9.21E-04,8.34E-04,4.61E-04,1.63E-03,9.53E-04,8.60E-04,3.34E-04
323,1.18E-03,1.16E-03,1.02E-03,1.18E-03,1.22E-03,6.09E-04,1.53E-03,1.49E-03,8.89E-04,6.26E-04,1.17E-03,1.51E-03,9.79E-04,9.17E-04,8.20E-04,4.53E-04,1.60E-03,9.23E-04,8.48E-04,3.21E-04
324,1.15E-03,1.15E-03,1.00E-03,1.16E-03,1.19E-03,5.79E-04,1.48E-03,1.45E-03,8.70E-04,6.06E-04,1.16E-03,1.51E-03,9.55E-04,9.10E-04,8.04E-04,4.44E-04,1.56E-03,8.93E-04,8.34E-04,3.08E-04
325,1.12E-03,1.13E-03,9.82E-04,1.14E-03,1.16E-03,5.48E-04,1.42E-03,1.41E-03,8.50E-04,5.86E-04,1.15E-03,1.51E-03,9.28E-04,9.00E-04,7.86E-04,4.35E-04,1.51E-03,8.61E-04,8.17E-04,2.97E-04
326,1.08E-03,1.11E-03,9.62E-04,1.11E-03,1.13E-03,5.16E-04,1.36E-03,1.37E-03,8.28E-04,5.64E-04,1.14E-03,1.49E-03,8.98E-04,8.88E-04,7.66E-04,4.26E-04,1.46E-03,8.29E-04,7.97E-04,2.88E-04
327,1.05E-03,1.08E-03,9.40E-04,1.09E-03,1.10E-03,4.83E-04,1.30E-03,1.33E-03,8.05E-04,5.40E-04,1.12E-03,1.48E-03,8.67E-04,8.72E-04,7.44E-04,4.17E-04,1.41E-03,7.96E-04,7.75E-04,2.81E-04
328,1.02E-03,1.05E-03,9.17E-04,1.06E-03,1.06E-03,4.50E-04,1.24E-03,1.28E-03,7.81E-04,5.16E-04,1.09E-03,1.46E-03,8.35E-04,8.53E-04,7.20E-04,4.09E-04,1.35E-03,7.63E-04,7.51E-04,2.77E-04
329,9.87E-04,1.02E-03,8.91E-04,1.02E-03,1.02E-03,4.15E-04,1.18E-03,1.23E-03,7.57E-04,4.91E-04,1.06E-03,1.44E-03,8.03E-04,8.32E-04,6.93E-04,4.01E-04,1.29E-03,7.29E-04,7.24E-04,2.75E-04
330,9.57E-04,9.85E-04,8.64E-04,9.90E-04,9.81E-04,3.81E-04,1.12E-03,1.18E-03,7.31E-04,4.65E-04,1.03E-03,1.41E-03,7.71E-04,8.08E-04,6.65E-04,3.94E-04,1.23E-03,6.96E-04,6.94E-04,2.76E-04
331,9.29E-04,9.48E-04,8.36E-04,9.53E-04,9.38E-04,3.46E-04,1.07E-03,1.14E-03,7.05E-04,4.39E-04,9.93E-04,1.39E-03,7.40E-04,7.81E-04,6.34E-04,3.87E-04,1.18E-03,6.63E-04,6.63E-04,2.78E-04
332,9.03E-04,9.10E-04,8.06E-04,9.14E-04,8.95E-04,3.11E-04,1.02E-03,1.09E-03,6.80E-04,4.13E-04,9.55E-04,1.36E-03,7.10E-04,7.52E-04,6.02E-04,3.78E-04,1.12E-03,6.29E-04,6.30E-04,2.83E-04
333,8.79E-04,8.71E-04,7.75E-04,8.73E-04,8.51E-04,2.77E-04,9.71E-04,1.04E-03,6.54E-04,3.86E-04,9.16E-04,1.33E-03,6.81E-04,7.21E-04,5.68E-04,3.69E-04,1.07E-03,5.95E-04,5.96E-04,2.89E-04
334,8.56E-04,8.33E-04,7.44E-04,8.30E-04,8.06E-04,2.43E-04,9.28E-04,9.91E-04,6.28E-04,3.60E-04,8.77E-04,1.30E-03,6.54E-04,6.88E-04,5.33E-04,3.58E-04,1.02E-03,5.62E-04,5.61E-04,2.95E-04
335,8.35E-04,7.95E-04,7.12E-04,7.86E-04,7.61E-04,2.09E-04,8.88E-04,9.45E-04,6.03E-04,3.33E-04,8.39E-04,1.28E-03,6.28E-04,6.54E-04,4.98E-04,3.45E-04,9.68E-04,5.27E-04,5.26E-04,3.01E-04
336,8.15E-04,7.58E-04,6.79E-04,7.40E-04,7.17E-04,1.75E-04,8.51E-04,9.00E-04,5.78E-04,3.07E-04,8.01E-04,1.25E-03,6.02E-04,6.19E-04,4.63E-04,3.30E-04,9.22E-04,4.93E-04,4.92E-04,3.06E-04
337,7.96E-04,7.23E-04,6.47E-04,6.94E-04,6.73E-04,1.42E-04,8.16E-04,8.56E-04,5.53E-04,2.82E-04,7.66E-04,1.23E-03,5.78E-04,5.82E-04,4.27E-04,3.11E-04,8.77E-04,4.57E-04,4.59E-04,3.09E-04
338,7.76E-04,6.89E-04,6.15E-04,6.47E-04,6.30E-04,1.10E-04,7.81E-04,8.13E-04,5.29E-04,2.57E-04,7.32E-04,1.21E-03,5.53E-04,5.46E-04,3.93E-04,2.90E-04,8.35E-04,4.21E-04,4.27E-04,3.10E-04
339,7.55E-04,6.56E-04,5.83E-04,6.01E-04,5.87E-04,7.82E-05,7.45E-04,7.72E-04,5.05E-04,2.33E-04,7.00E-04,1.18E-03,5.29E-04,5.09E-04,3.58E-04,2.65E-04,7.93E-04,3.84E-04,3.98E-04,3.09E-04
340,7.33E-04,6.24E-04,5.51E-04,5.56E-04,5.46E-04,4.71E-05,7.09E-04,7.32E-04,4.81E-04,2.09E-04,6.70E-04,1.16E-03,5.03E-04,4.72E-04,3.25E-04,2.38E-04,7.51E-04,3.46E-04,3.71E-04,3.04E-04
341,7.09E-04,5.93E-04,5.20E-04,5.13E-04,5.05E-04,1.68E-05,6.70E-04,6.92E-04,4.58E-04,1.86E-04,6.41E-04,1.14E-03,4.77E-04,4.35E-04,2.93E-04,2.08E-04,7.10E-04,3.07E-04,3.46E-04,2.96E-04
342,6.83E-04,5.61E-04,4.89E-04,4.71E-04,4.66E-04,-1.28E-05,6.29E-04,6.53E-04,4.34E-04,1.63E-04,6.14E-04,1.11E-03,4.49E-04,3.98E-04,2.62E-04,1.76E-04,6.68E-04,2.67E-04,3.23E-04,2.86E-04
343,6.54E-04,5.29E-04,4.59E-04,4.31E-04,4.27E-04,-4.17E-05,5.85E-04,6.15E-04,4.11E-04,1.42E-04,5.88E-04,1.08E-03,4.20E-04,3.62E-04,2.31E-04,1.43E-04,6.25E-04,2.27E-04,3.03E-04,2.72E-04
344,6.22E-04,4.96E-04,4.30E-04,3.93E-04,3.90E-04,-6.99E-05,5.37E-04,5.76E-04,3.87E-04,1.20E-04,5.63E-04,1.05E-03,3.89E-04,3.27E-04,2.02E-04,1.09E-04,5.81E-04,1.86E-04,2.85E-04,2.56E-04
345,5.87E-04,4.60E-04,4.01E-04,3.59E-04,3.53E-04,-9.72E-05,4.86E-04,5.36E-04,3.64E-04,9.93E-05,5.38E-04,1.01E-03,3.56E-04,2.93E-04,1.72E-04,7.51E-05,5.35E-04,1.45E-04,2.69E-04,2.39E-04
346,5.49E-04,4.23E-04,3.72E-04,3.26E-04,3.17E-04,-1.24E-04,4.31E-04,4.97E-04,3.40E-04,7.88E-05,5.12E-04,9.72E-04,3.22E-04,2.59E-04,1.44E-04,4.21E-05,4.89E-04,1.04E-04,2.54E-04,2.19E-04
347,5.09E-04,3.84E-04,3.44E-04,2.96E-04,2.82E-04,-1.49E-04,3.74E-04,4.56E-04,3.16E-04,5.88E-05,4.85E-04,9.30E-04,2.86E-04,2.26E-04,1.15E-04,1.06E-05,4.41E-04,6.41E-05,2.39E-04,1.99E-04
348,4.67E-04,3.42E-04,3.15E-04,2.68E-04,2.47E-04,-1.74E-04,3.15E-04,4.15E-04,2.91E-04,3.91E-05,4.57E-04,8.86E-04,2.50E-04,1.93E-04,8.62E-05,-1.89E-05,3.92E-04,2.53E-05,2.25E-04,1.78E-04
349,4.23E-04,2.99E-04,2.86E-04,2.42E-04,2.14E-04,-1.98E-04,2.55E-04,3.73E-04,2.67E-04,1.97E-05,4.27E-04,8.39E-04,2.14E-04,1.61E-04,5.74E-05,-4.62E-05,3.43E-04,-1.20E-05,2.11E-04,1.57E-04
350,3.78E-04,2.53E-04,2.57E-04,2.18E-04,1.80E-04,-2.21E-04,1.94E-04,3.31E-04,2.42E-04,5.49E-07,3.97E-04,7.90E-04,1.78E-04,1.30E-04,2.86E-05,-7.09E-05,2.94E-04,-4.72E-05,1.96E-04,1.37E-04
351,3.32E-04,2.06E-04,2.28E-04,1.94E-04,1.48E-04,-2.43E-04,1.33E-04,2.89E-04,2.17E-04,-1.83E-05,3.64E-04,7.42E-04,1.43E-04,9.96E-05,-1.85E-07,-9.32E-05,2.45E-04,-8.01E-05,1.79E-04,1.18E-04
352,2.87E-04,1.58E-04,1.99E-04,1.71E-04,1.16E-04,-2.65E-04,7.42E-05,2.47E-04,1.92E-04,-3.69E-05,3.30E-04,6.94E-04,1.09E-04,6.96E-05,-2.89E-05,-1.13E-04,1.96E-04,-1.10E-04,1.62E-04,1.00E-04
353,2.41E-04,1.11E-04,1.69E-04,1.49E-04,8.57E-05,-2.85E-04,1.73E-05,2.05E-04,1.68E-04,-5.52E-05,2.96E-04,6.47E-04,7.87E-05,4.02E-05,-5.72E-05,-1.31E-04,1.49E-04,-1.37E-04,1.42E-04,8.39E-05
354,1.97E-04,6.46E-05,1.39E-04,1.26E-04,5.61E-05,-3.04E-04,-3.68E-05,1.64E-04,1.44E-04,-7.31E-05,2.61E-04,6.04E-04,5.08E-05,1.13E-05,-8.50E-05,-1.48E-04,1.02E-04,-1.62E-04,1.21E-04,6.89E-05
355,1.54E-04,1.99E-05,1.10E-04,1.03E-04,2.77E-05,-3.22E-04,-8.76E-05,1.24E-04,1.21E-04,-9.07E-05,2.26E-04,5.63E-04,2.63E-05,-1.69E-05,-1.12E-04,-1.63E-04,5.73E-05,-1.83E-04,9.86E-05,5.52E-05
356,1.12E-04,-2.23E-05,8.07E-05,7.87E-05,5.67E-07,-3.39E-04,-1.35E-04,8.54E-05,9.89E-05,-1.08E-04,1.91E-04,5.27E-04,5.48E-06,-4.45E-05,-1.38E-04,-1.79E-04,1.39E-05,-2.01E-04,7.45E-05,4.25E-05
357,7.33E-05,-6.14E-05,5.23E-05,5.41E-05,-2.52E-05,-3.56E-04,-1.78E-04,4.89E-05,7.76E-05,-1.24E-04,1.57E-04,4.94E-04,-1.17E-05,-7.14E-05,-1.62E-04,-1.94E-04,-2.77E-05,-2.17E-04,4.95E-05,3.06E-05
358,3.65E-05,-9.69E-05,2.49E-05,2.88E-05,-4.95E-05,-3.71E-04,-2.18E-04,1.46E-05,5.74E-05,-1.40E-04,1.25E-04,4.67E-04,-2.53E-05,-9.74E-05,-1.85E-04,-2.11E-04,-6.77E-05,-2.30E-04,2.38E-05,1.91E-05
359,2.34E-06,-1.29E-04,-1.35E-06,2.81E-06,-7.24E-05,-3.85E-04,-2.54E-04,-1.73E-05,3.83E-05,-1.55E-04,9.41E-05,4.43E-04,-3.55E-05,-1.23E-04,-2.05E-04,-2.29E-04,-1.06E-04,-2.42E-04,-1.85E-06,7.74E-06
360,-2.91E-05,-1.57E-04,-2.61E-05,-2.35E-05,-9.39E-05,-3.99E-04,-2.87E-04,-4.69E-05,2.04E-05,-1.69E-04,6.56E-05,4.23E-04,-4.29E-05,-1.47E-04,-2.24E-04,-2.49E-04,-1.42E-04,-2.52E-04,-2.71E-05,-3.95E-06
361,-5.78E-05,-1.81E-04,-4.92E-05,-4.99E-05,-1.14E-04,-4.11E-04,-3.17E-04,-7.40E-05,3.69E-06,-1.83E-04,3.95E-05,4.05E-04,-4.80E-05,-1.70E-04,-2.41E-04,-2.70E-04,-1.77E-04,-2.61E-04,-5.14E-05,-1.63E-05
362,-8.37E-05,-2.02E-04,-7.05E-05,-7.59E-05,-1.33E-04,-4.23E-04,-3.45E-04,-9.88E-05,-1.19E-05,-1.95E-04,1.56E-05,3.90E-04,-5.14E-05,-1.91E-04,-2.55E-04,-2.93E-04,-2.11E-04,-2.70E-04,-7.42E-05,-2.95E-05
363,-1.07E-04,-2.20E-04,-8.99E-05,-1.01E-04,-1.51E-04,-4.34E-04,-3.72E-04,-1.22E-04,-2.66E-05,-2.07E-04,-6.04E-06,3.76E-04,-5.40E-05,-2.12E-04,-2.68E-04,-3.18E-04,-2.42E-04,-2.79E-04,-9.52E-05,-4.40E-05
364,-1.27E-04,-2.36E-04,-1.07E-04,-1.25E-04,-1.68E-04,-4.44E-04,-3.97E-04,-1.43E-04,-4.04E-05,-2.17E-04,-2.56E-05,3.61E-04,-5.64E-05,-2.31E-04,-2.80E-04,-3.44E-04,-2.72E-04,-2.89E-04,-1.14E-04,-5.96E-05
365,-1.45E-04,-2.51E-04,-1.23E-04,-1.48E-04,-1.85E-04,-4.54E-04,-4.21E-04,-1.62E-04,-5.36E-05,-2.27E-04,-4.35E-05,3.46E-04,-5.95E-05,-2.48E-04,-2.90E-04,-3.71E-04,-3.01E-04,-3.00E-04,-1.31E-04,-7.66E-05
366,-1.61E-04,-2.65E-04,-1.38E-04,-1.69E-04,-2.01E-04,-4.64E-04,-4.45E-04,-1.81E-04,-6.64E-05,-2.36E-04,-6.00E-05,3.29E-04,-6.38E-05,-2.65E-04,-2.99E-04,-3.97E-04,-3.28E-04,-3.12E-04,-1.45E-04,-9.48E-05
367,-1.74E-04,-2.80E-04,-1.51E-04,-1.88E-04,-2.18E-04,-4.73E-04,-4.68E-04,-2.00E-04,-7.90E-05,-2.44E-04,-7.56E-05,3.09E-04,-7.00E-05,-2.80E-04,-3.08E-04,-4.23E-04,-3.54E-04,-3.26E-04,-1.57E-04,-1.14E-04
368,-1.85E-04,-2.95E-04,-1.63E-04,-2.05E-04,-2.35E-04,-4.82E-04,-4.92E-04,-2.18E-04,-9.17E-05,-2.52E-04,-9.07E-05,2.86E-04,-7.86E-05,-2.94E-04,-3.17E-04,-4.48E-04,-3.78E-04,-3.41E-04,-1.68E-04,-1.34E-04
369,-1.95E-04,-3.12E-04,-1.75E-04,-2.19E-04,-2.52E-04,-4.91E-04,-5.16E-04,-2.38E-04,-1.05E-04,-2.59E-04,-1.06E-04,2.59E-04,-8.96E-05,-3.07E-04,-3.25E-04,-4.71E-04,-4.00E-04,-3.58E-04,-1.76E-04,-1.55E-04
370,-2.04E-04,-3.30E-04,-1.87E-04,-2.32E-04,-2.71E-04,-5.00E-04,-5.40E-04,-2.58E-04,-1.18E-04,-2.66E-04,-1.21E-04,2.29E-04,-1.03E-04,-3.19E-04,-3.35E-04,-4.92E-04,-4.22E-04,-3.76E-04,-1.84E-04,-1.76E-04
371,-2.11E-04,-3.50E-04,-1.99E-04,-2.43E-04,-2.90E-04,-5.09E-04,-5.64E-04,-2.80E-04,-1.32E-04,-2.73E-04,-1.38E-04,1.95E-04,-1.20E-04,-3.30E-04,-3.44E-04,-5.11E-04,-4.41E-04,-3.95E-04,-1.90E-04,-1.97E-04
372,-2.18E-04,-3.72E-04,-2.13E-04,-2.52E-04,-3.10E-04,-5.18E-04,-5.88E-04,-3.03E-04,-1.47E-04,-2.80E-04,-1.55E-04,1.59E-04,-1.38E-04,-3.41E-04,-3.55E-04,-5.26E-04,-4.60E-04,-4.15E-04,-1.96E-04,-2.17E-04
373,-2.24E-04,-3.95E-04,-2.27E-04,-2.60E-04,-3.32E-04,-5.28E-04,-6.12E-04,-3.28E-04,-1.63E-04,-2.87E-04,-1.74E-04,1.21E-04,-1.58E-04,-3.52E-04,-3.67E-04,-5.39E-04,-4.78E-04,-4.35E-04,-2.03E-04,-2.37E-04
374,-2.31E-04,-4.20E-04,-2.43E-04,-2.67E-04,-3.55E-04,-5.38E-04,-6.36E-04,-3.55E-04,-1.80E-04,-2.95E-04,-1.94E-04,8.16E-05,-1.80E-04,-3.64E-04,-3.79E-04,-5.50E-04,-4.95E-04,-4.54E-04,-2.09E-04,-2.56E-04
375,-2.38E-04,-4.44E-04,-2.60E-04,-2.74E-04,-3.78E-04,-5.49E-04,-6.59E-04,-3.84E-04,-1.98E-04,-3.04E-04,-2.15E-04,4.22E-05,-2.02E-04,-3.75E-04,-3.92E-04,-5.58E-04,-5.12E-04,-4.73E-04,-2.17E-04,-2.75E-04
376,-2.46E-04,-4.68E-04,-2.80E-04,-2.81E-04,-4.03E-04,-5.60E-04,-6.82E-04,-4.15E-04,-2.16E-04,-3.13E-04,-2.37E-04,3.56E-06,-2.25E-04,-3.87E-04,-4.06E-04,-5.65E-04,-5.29E-04,-4.91E-04,-2.26E-04,-2.92E-04
377,-2.56E-04,-4.91E-04,-3.01E-04,-2.88E-04,-4.28E-04,-5.71E-04,-7.04E-04,-4.47E-04,-2.35E-04,-3.23E-04,-2.61E-04,-3.32E-05,-2.47E-04,-4.00E-04,-4.20E-04,-5.70E-04,-5.47E-04,-5.07E-04,-2.35E-04,-3.08E-04
378,-2.67E-04,-5.13E-04,-3.23E-04,-2.97E-04,-4.53E-04,-5.82E-04,-7.25E-04,-4.80E-04,-2.55E-04,-3.33E-04,-2.84E-04,-6.71E-05,-2.67E-04,-4.14E-04,-4.35E-04,-5.76E-04,-5.66E-04,-5.22E-04,-2.46E-04,-3.23E-04
379,-2.80E-04,-5.32E-04,-3.47E-04,-3.06E-04,-4.79E-04,-5.94E-04,-7.46E-04,-5.13E-04,-2.76E-04,-3.45E-04,-3.08E-04,-9.77E-05,-2.86E-04,-4.28E-04,-4.49E-04,-5.81E-04,-5.86E-04,-5.35E-04,-2.58E-04,-3.38E-04
380,-2.95E-04,-5.49E-04,-3.73E-04,-3.17E-04,-5.04E-04,-6.06E-04,-7.66E-04,-5.47E-04,-2.96E-04,-3.57E-04,-3.32E-04,-1.24E-04,-3.03E-04,-4.43E-04,-4.64E-04,-5.88E-04,-6.07E-04,-5.46E-04,-2.70E-04,-3.52E-04
381,-3.13E-04,-5.63E-04,-3.99E-04,-3.29E-04,-5.29E-04,-6.19E-04,-7.86E-04,-5.81E-04,-3.17E-04,-3.69E-04,-3.55E-04,-1.47E-04,-3.17E-04,-4.60E-04,-4.79E-04,-5.95E-04,-6.31E-04,-5.55E-04,-2.83E-04,-3.66E-04
382,-3.33E-04,-5.74E-04,-4.25E-04,-3.41E-04,-5.53E-04,-6.31E-04,-8.05E-04,-6.14E-04,-3.37E-04,-3.82E-04,-3.78E-04,-1.65E-04,-3.28E-04,-4.76E-04,-4.93E-04,-6.05E-04,-6.57E-04,-5.62E-04,-2.95E-04,-3.79E-04
383,-3.56E-04,-5.83E-04,-4.51E-04,-3.55E-04,-5.76E-04,-6.43E-04,-8.24E-04,-6.46E-04,-3.57E-04,-3.95E-04,-3.99E-04,-1.80E-04,-3.37E-04,-4.93E-04,-5.07E-04,-6.16E-04,-6.84E-04,-5.68E-04,-3.08E-04,-3.94E-04
384,-3.80E-04,-5.89E-04,-4.76E-04,-3.70E-04,-5.97E-04,-6.54E-04,-8.43E-04,-6.76E-04,-3.76E-04,-4.08E-04,-4.19E-04,-1.91E-04,-3.44E-04,-5.10E-04,-5.20E-04,-6.29E-04,-7.14E-04,-5.73E-04,-3.19E-04,-4.08E-04
385,-4.06E-04,-5.93E-04,-5.00E-04,-3.84E-04,-6.17E-04,-6.65E-04,-8.62E-04,-7.05E-04,-3.95E-04,-4.20E-04,-4.38E-04,-1.99E-04,-3.48E-04,-5.27E-04,-5.33E-04,-6.43E-04,-7.45E-04,-5.77E-04,-3.28E-04,-4.23E-04
386,-4.34E-04,-5.97E-04,-5.22E-04,-3.99E-04,-6.34E-04,-6.75E-04,-8.80E-04,-7.32E-04,-4.12E-04,-4.33E-04,-4.54E-04,-2.06E-04,-3.50E-04,-5.44E-04,-5.45E-04,-6.58E-04,-7.77E-04,-5.81E-04,-3.36E-04,-4.38E-04
387,-4.62E-04,-6.00E-04,-5.43E-04,-4.13E-04,-6.50E-04,-6.85E-04,-8.99E-04,-7.57E-04,-4.29E-04,-4.44E-04,-4.69E-04,-2.12E-04,-3.51E-04,-5.59E-04,-5.58E-04,-6.74E-04,-8.10E-04,-5.85E-04,-3.42E-04,-4.53E-04
388,-4.90E-04,-6.04E-04,-5.61E-04,-4.25E-04,-6.64E-04,-6.93E-04,-9.18E-04,-7.80E-04,-4.44E-04,-4.55E-04,-4.83E-04,-2.18E-04,-3.51E-04,-5.73E-04,-5.69E-04,-6.89E-04,-8.43E-04,-5.89E-04,-3.46E-04,-4.68E-04
389,-5.18E-04,-6.09E-04,-5.77E-04,-4.37E-04,-6.75E-04,-7.00E-04,-9.37E-04,-8.01E-04,-4.58E-04,-4.64E-04,-4.95E-04,-2.25E-04,-3.51E-04,-5.86E-04,-5.81E-04,-7.03E-04,-8.76E-04,-5.94E-04,-3.47E-04,-4.82E-04
390,-5.45E-04,-6.16E-04,-5.90E-04,-4.46E-04,-6.84E-04,-7.06E-04,-9.56E-04,-8.20E-04,-4.71E-04,-4.73E-04,-5.05E-04,-2.33E-04,-3.51E-04,-5.97E-04,-5.91E-04,-7.15E-04,-9.07E-04,-6.01E-04,-3.46E-04,-4.94E-04
391,-5.70E-04,-6.25E-04,-6.01E-04,-4.54E-04,-6.92E-04,-7.11E-04,-9.75E-04,-8.37E-04,-4.83E-04,-4.80E-04,-5.14E-04,-2.43E-04,-3.51E-04,-6.05E-04,-6.01E-04,-7.25E-04,-9.37E-04,-6.08E-04,-3.43E-04,-5.05E-04
392,-5.92E-04,-6.38E-04,-6.10E-04,-4.59E-04,-6.97E-04,-7.14E-04,-9.94E-04,-8.52E-04,-4.94E-04,-4.86E-04,-5.22E-04,-2.55E-04,-3.53E-04,-6.12E-04,-6.10E-04,-7.32E-04,-9.64E-04,-6.16E-04,-3.38E-04,-5.12E-04
393,-6.10E-04,-6.53E-04,-6.16E-04,-4.62E-04,-7.01E-04,-7.16E-04,-1.01E-03,-8.66E-04,-5.04E-04,-4.90E-04,-5.28E-04,-2.70E-04,-3.55E-04,-6.16E-04,-6.18E-04,-7.35E-04,-9.88E-04,-6.26E-04,-3.31E-04,-5.17E-04
394,-6.25E-04,-6.71E-04,-6.21E-04,-4.63E-04,-7.03E-04,-7.17E-04,-1.03E-03,-8.79E-04,-5.13E-04,-4.94E-04,-5.33E-04,-2.86E-04,-3.59E-04,-6.18E-04,-6.25E-04,-7.35E-04,-1.01E-03,-6.36E-04,-3.23E-04,-5.17E-04
395,-6.35E-04,-6.91E-04,-6.24E-04,-4.62E-04,-7.05E-04,-7.16E-04,-1.05E-03,-8.90E-04,-5.21E-04,-4.96E-04,-5.38E-04,-3.05E-04,-3.64E-04,-6.18E-04,-6.30E-04,-7.31E-04,-1.03E-03,-6.47E-04,-3.14E-04,-5.12E-04
396,-6.41E-04,-7.13E-04,-6.25E-04,-4.60E-04,-7.05E-04,-7.14E-04,-1.07E-03,-9.01E-04,-5.29E-04,-4.97E-04,-5.42E-04,-3.24E-04,-3.70E-04,-6.16E-04,-6.34E-04,-7.23E-04,-1.04E-03,-6.59E-04,-3.05E-04,-5.02E-04
397,-6.42E-04,-7.36E-04,-6.26E-04,-4.56E-04,-7.04E-04,-7.11E-04,-1.09E-03,-9.12E-04,-5.36E-04,-4.98E-04,-5.44E-04,-3.45E-04,-3.77E-04,-6.12E-04,-6.35E-04,-7.11E-04,-1.05E-03,-6.70E-04,-2.96E-04,-4.87E-04
398,-6.39E-04,-7.59E-04,-6.26E-04,-4.51E-04,-7.03E-04,-7.08E-04,-1.10E-03,-9.22E-04,-5.43E-04,-4.97E-04,-5.47E-04,-3.65E-04,-3.85E-04,-6.08E-04,-6.34E-04,-6.98E-04,-1.06E-03,-6.80E-04,-2.87E-04,-4.66E-04
399,-6.31E-04,-7.82E-04,-6.25E-04,-4.46E-04,-7.02E-04,-7.03E-04,-1.12E-03,-9.32E-04,-5.50E-04,-4.97E-04,-5.48E-04,-3.84E-04,-3.93E-04,-6.02E-04,-6.31E-04,-6.82E-04,-1.06E-03,-6.90E-04,-2.79E-04,-4.41E-04
400,-6.19E-04,-8.03E-04,-6.25E-04,-4.40E-04,-7.01E-04,-6.98E-04,-1.14E-03,-9.41E-04,-5.57E-04,-4.95E-04,-5.49E-04,-4.02E-04,-4.02E-04,-5.95E-04,-6.26E-04,-6.65E-04,-1.07E-03,-6.99E-04,-2.73E-04,-4.11E-04
401,-6.04E-04,-8.22E-04,-6.25E-04,-4.35E-04,-7.01E-04,-6.93E-04,-1.15E-03,-9.51E-04,-5.63E-04,-4.94E-04,-5.50E-04,-4.18E-04,-4.10E-04,-5.89E-04,-6.19E-04,-6.47E-04,-1.07E-03,-7.07E-04,-2.68E-04,-3.78E-04
402,-5.87E-04,-8.38E-04,-6.25E-04,-4.30E-04,-7.01E-04,-6.88E-04,-1.17E-03,-9.61E-04,-5.70E-04,-4.93E-04,-5.50E-04,-4.31E-04,-4.18E-04,-5.82E-04,-6.10E-04,-6.31E-04,-1.07E-03,-7.13E-04,-2.64E-04,-3.42E-04
403,-5.67E-04,-8.49E-04,-6.26E-04,-4.26E-04,-7.01E-04,-6.83E-04,-1.18E-03,-9.70E-04,-5.78E-04,-4.92E-04,-5.49E-04,-4.42E-04,-4.26E-04,-5.76E-04,-5.99E-04,-6.15E-04,-1.07E-03,-7.17E-04,-2.62E-04,-3.06E-04
404,-5.47E-04,-8.56E-04,-6.28E-04,-4.23E-04,-7.02E-04,-6.78E-04,-1.19E-03,-9.80E-04,-5.85E-04,-4.91E-04,-5.48E-04,-4.49E-04,-4.32E-04,-5.70E-04,-5.86E-04,-6.02E-04,-1.06E-03,-7.20E-04,-2.61E-04,-2.69E-04
405,-5.26E-04,-8.59E-04,-6.30E-04,-4.20E-04,-7.04E-04,-6.73E-04,-1.20E-03,-9.89E-04,-5.93E-04,-4.90E-04,-5.47E-04,-4.54E-04,-4.37E-04,-5.66E-04,-5.73E-04,-5.91E-04,-1.06E-03,-7.21E-04,-2.62E-04,-2.35E-04
406,-5.05E-04,-8.57E-04,-6.32E-04,-4.18E-04,-7.07E-04,-6.69E-04,-1.21E-03,-9.98E-04,-6.01E-04,-4.89E-04,-5.46E-04,-4.56E-04,-4.41E-04,-5.62E-04,-5.59E-04,-5.83E-04,-1.06E-03,-7.20E-04,-2.64E-04,-2.04E-04
407,-4.86E-04,-8.51E-04,-6.35E-04,-4.17E-04,-7.10E-04,-6.66E-04,-1.22E-03,-1.01E-03,-6.09E-04,-4.89E-04,-5.45E-04,-4.56E-04,-4.43E-04,-5.59E-04,-5.46E-04,-5.78E-04,-1.06E-03,-7.19E-04,-2.68E-04,-1.78E-04
408,-4.68E-04,-8.42E-04,-6.39E-04,-4.17E-04,-7.13E-04,-6.63E-04,-1.23E-03,-1.02E-03,-6.17E-04,-4.89E-04,-5.43E-04,-4.54E-04,-4.44E-04,-5.56E-04,-5.33E-04,-5.75E-04,-1.06E-03,-7.16E-04,-2.72E-04,-1.58E-04
409,-4.52E-04,-8.29E-04,-6.42E-04,-4.16E-04,-7.16E-04,-6.60E-04,-1.23E-03,-1.02E-03,-6.25E-04,-4.88E-04,-5.42E-04,-4.51E-04,-4.43E-04,-5.54E-04,-5.21E-04,-5.75E-04,-1.06E-03,-7.13E-04,-2.77E-04,-1.44E-04
410,-4.38E-04,-8.14E-04,-6.45E-04,-4.16E-04,-7.19E-04,-6.58E-04,-1.23E-03,-1.03E-03,-6.32E-04,-4.88E-04,-5.40E-04,-4.48E-04,-4.41E-04,-5.53E-04,-5.11E-04,-5.76E-04,-1.06E-03,-7.10E-04,-2.82E-04,-1.37E-04
411,-4.26E-04,-7.97E-04,-6.47E-04,-4.14E-04,-7.22E-04,-6.57E-04,-1.23E-03,-1.04E-03,-6.39E-04,-4.88E-04,-5.39E-04,-4.45E-04,-4.37E-04,-5.51E-04,-5.01E-04,-5.78E-04,-1.06E-03,-7.06E-04,-2.87E-04,-1.38E-04
412,-4.16E-04,-7.80E-04,-6.49E-04,-4.12E-04,-7.23E-04,-6.55E-04,-1.23E-03,-1.04E-03,-6.46E-04,-4.87E-04,-5.37E-04,-4.43E-04,-4.32E-04,-5.49E-04,-4.94E-04,-5.81E-04,-1.05E-03,-7.02E-04,-2.92E-04,-1.45E-04
413,-4.08E-04,-7.63E-04,-6.49E-04,-4.08E-04,-7.23E-04,-6.54E-04,-1.22E-03,-1.05E-03,-6.52E-04,-4.85E-04,-5.36E-04,-4.43E-04,-4.26E-04,-5.46E-04,-4.88E-04,-5.83E-04,-1.05E-03,-6.99E-04,-2.97E-04,-1.58E-04
414,-4.00E-04,-7.47E-04,-6.49E-04,-4.03E-04,-7.21E-04,-6.52E-04,-1.21E-03,-1.05E-03,-6.56E-04,-4.83E-04,-5.34E-04,-4.43E-04,-4.19E-04,-5.43E-04,-4.83E-04,-5.83E-04,-1.05E-03,-6.95E-04,-3.01E-04,-1.77E-04
415,-3.94E-04,-7.33E-04,-6.47E-04,-3.96E-04,-7.18E-04,-6.50E-04,-1.20E-03,-1.05E-03,-6.60E-04,-4.80E-04,-5.31E-04,-4.45E-04,-4.10E-04,-5.38E-04,-4.79E-04,-5.81E-04,-1.05E-03,-6.92E-04,-3.04E-04,-2.00E-04
416,-3.87E-04,-7.20E-04,-6.44E-04,-3.88E-04,-7.13E-04,-6.47E-04,-1.19E-03,-1.05E-03,-6.62E-04,-4.76E-04,-5.28E-04,-4.49E-04,-4.01E-04,-5.31E-04,-4.76E-04,-5.75E-04,-1.04E-03,-6.88E-04,-3.07E-04,-2.24E-04
417,-3.80E-04,-7.09E-04,-6.40E-04,-3.77E-04,-7.05E-04,-6.43E-04,-1.18E-03,-1.05E-03,-6.63E-04,-4.72E-04,-5.24E-04,-4.54E-04,-3.91E-04,-5.23E-04,-4.73E-04,-5.67E-04,-1.03E-03,-6.84E-04,-3.10E-04,-2.49E-04
418,-3.72E-04,-7.00E-04,-6.34E-04,-3.65E-04,-6.95E-04,-6.38E-04,-1.16E-03,-1.05E-03,-6.62E-04,-4.66E-04,-5.19E-04,-4.60E-04,-3.81E-04,-5.14E-04,-4.70E-04,-5.54E-04,-1.02E-03,-6.80E-04,-3.11E-04,-2.73E-04
419,-3.63E-04,-6.93E-04,-6.27E-04,-3.52E-04,-6.83E-04,-6.33E-04,-1.14E-03,-1.04E-03,-6.59E-04,-4.59E-04,-5.13E-04,-4.67E-04,-3.69E-04,-5.03E-04,-4.65E-04,-5.38E-04,-1.01E-03,-6.74E-04,-3.12E-04,-2.93E-04
420,-3.52E-04,-6.88E-04,-6.19E-04,-3.38E-04,-6.69E-04,-6.26E-04,-1.13E-03,-1.04E-03,-6.55E-04,-4.51E-04,-5.05E-04,-4.74E-04,-3.57E-04,-4.91E-04,-4.59E-04,-5.18E-04,-9.92E-04,-6.67E-04,-3.13E-04,-3.10E-04
421,-3.40E-04,-6.84E-04,-6.09E-04,-3.23E-04,-6.53E-04,-6.18E-04,-1.11E-03,-1.03E-03,-6.50E-04,-4.42E-04,-4.96E-04,-4.81E-04,-3.45E-04,-4.77E-04,-4.52E-04,-4.94E-04,-9.75E-04,-6.59E-04,-3.13E-04,-3.20E-04
422,-3.26E-04,-6.80E-04,-5.98E-04,-3.07E-04,-6.36E-04,-6.09E-04,-1.09E-03,-1.02E-03,-6.43E-04,-4.33E-04,-4.86E-04,-4.87E-04,-3.33E-04,-4.63E-04,-4.42E-04,-4.68E-04,-9.56E-04,-6.48E-04,-3.12E-04,-3.24E-04
423,-3.10E-04,-6.76E-04,-5.86E-04,-2.92E-04,-6.17E-04,-5.99E-04,-1.08E-03,-1.00E-03,-6.35E-04,-4.22E-04,-4.74E-04,-4.92E-04,-3.21E-04,-4.48E-04,-4.30E-04,-4.39E-04,-9.36E-04,-6.35E-04,-3.12E-04,-3.21E-04
424,-2.94E-04,-6.71E-04,-5.74E-04,-2.77E-04,-5.97E-04,-5.88E-04,-1.06E-03,-9.86E-04,-6.25E-04,-4.11E-04,-4.61E-04,-4.96E-04,-3.09E-04,-4.33E-04,-4.15E-04,-4.10E-04,-9.15E-04,-6.19E-04,-3.10E-04,-3.11E-04
425,-2.78E-04,-6.66E-04,-5.61E-04,-2.63E-04,-5.77E-04,-5.77E-04,-1.04E-03,-9.69E-04,-6.15E-04,-4.00E-04,-4.46E-04,-4.98E-04,-2.97E-04,-4.18E-04,-3.99E-04,-3.79E-04,-8.93E-04,-6.01E-04,-3.09E-04,-2.95E-04
426,-2.61E-04,-6.59E-04,-5.48E-04,-2.50E-04,-5.57E-04,-5.64E-04,-1.03E-03,-9.49E-04,-6.03E-04,-3.87E-04,-4.31E-04,-4.99E-04,-2.85E-04,-4.04E-04,-3.80E-04,-3.49E-04,-8.70E-04,-5.80E-04,-3.07E-04,-2.74E-04
427,-2.46E-04,-6.49E-04,-5.34E-04,-2.39E-04,-5.36E-04,-5.51E-04,-1.01E-03,-9.28E-04,-5.91E-04,-3.75E-04,-4.16E-04,-4.99E-04,-2.74E-04,-3.90E-04,-3.60E-04,-3.20E-04,-8.48E-04,-5.57E-04,-3.04E-04,-2.49E-04
428,-2.31E-04,-6.38E-04,-5.20E-04,-2.29E-04,-5.16E-04,-5.39E-04,-9.90E-04,-9.04E-04,-5.79E-04,-3.62E-04,-4.00E-04,-4.98E-04,-2.64E-04,-3.77E-04,-3.38E-04,-2.94E-04,-8.25E-04,-5.31E-04,-3.02E-04,-2.21E-04
429,-2.18E-04,-6.25E-04,-5.06E-04,-2.20E-04,-4.97E-04,-5.26E-04,-9.70E-04,-8.80E-04,-5.66E-04,-3.49E-04,-3.84E-04,-4.96E-04,-2.54E-04,-3.65E-04,-3.16E-04,-2.69E-04,-8.02E-04,-5.03E-04,-2.98E-04,-1.92E-04
430,-2.08E-04,-6.09E-04,-4.92E-04,-2.13E-04,-4.78E-04,-5.13E-04,-9.47E-04,-8.53E-04,-5.53E-04,-3.36E-04,-3.69E-04,-4.94E-04,-2.46E-04,-3.54E-04,-2.94E-04,-2.47E-04,-7.80E-04,-4.74E-04,-2.95E-04,-1.65E-04
431,-1.99E-04,-5.92E-04,-4.78E-04,-2.07E-04,-4.60E-04,-5.00E-04,-9.23E-04,-8.26E-04,-5.39E-04,-3.23E-04,-3.55E-04,-4.93E-04,-2.38E-04,-3.44E-04,-2.72E-04,-2.28E-04,-7.57E-04,-4.45E-04,-2.90E-04,-1.41E-04
432,-1.93E-04,-5.73E-04,-4.64E-04,-2.02E-04,-4.42E-04,-4.88E-04,-8.95E-04,-7.98E-04,-5.26E-04,-3.10E-04,-3.41E-04,-4.92E-04,-2.31E-04,-3.35E-04,-2.51E-04,-2.12E-04,-7.34E-04,-4.15E-04,-2.85E-04,-1.21E-04
433,-1.88E-04,-5.54E-04,-4.49E-04,-1.98E-04,-4.25E-04,-4.76E-04,-8.64E-04,-7.69E-04,-5.12E-04,-2.96E-04,-3.28E-04,-4.92E-04,-2.24E-04,-3.26E-04,-2.31E-04,-1.99E-04,-7.12E-04,-3.86E-04,-2.79E-04,-1.06E-04
434,-1.85E-04,-5.33E-04,-4.34E-04,-1.93E-04,-4.09E-04,-4.65E-04,-8.30E-04,-7.39E-04,-4.98E-04,-2.82E-04,-3.16E-04,-4.93E-04,-2.18E-04,-3.18E-04,-2.13E-04,-1.88E-04,-6.88E-04,-3.58E-04,-2.73E-04,-9.79E-05
435,-1.83E-04,-5.13E-04,-4.18E-04,-1.89E-04,-3.92E-04,-4.54E-04,-7.92E-04,-7.09E-04,-4.83E-04,-2.69E-04,-3.05E-04,-4.95E-04,-2.12E-04,-3.09E-04,-1.96E-04,-1.79E-04,-6.64E-04,-3.32E-04,-2.65E-04,-9.62E-05
436,-1.82E-04,-4.93E-04,-4.02E-04,-1.84E-04,-3.76E-04,-4.44E-04,-7.51E-04,-6.79E-04,-4.68E-04,-2.54E-04,-2.95E-04,-4.99E-04,-2.07E-04,-2.99E-04,-1.81E-04,-1.70E-04,-6.39E-04,-3.08E-04,-2.57E-04,-1.01E-04
437,-1.79E-04,-4.73E-04,-3.85E-04,-1.78E-04,-3.59E-04,-4.34E-04,-7.07E-04,-6.48E-04,-4.53E-04,-2.40E-04,-2.86E-04,-5.03E-04,-2.01E-04,-2.89E-04,-1.67E-04,-1.63E-04,-6.13E-04,-2.87E-04,-2.48E-04,-1.11E-04
438,-1.75E-04,-4.55E-04,-3.67E-04,-1.71E-04,-3.41E-04,-4.24E-04,-6.61E-04,-6.18E-04,-4.37E-04,-2.25E-04,-2.77E-04,-5.08E-04,-1.95E-04,-2.77E-04,-1.55E-04,-1.55E-04,-5.85E-04,-2.69E-04,-2.38E-04,-1.27E-04
439,-1.68E-04,-4.38E-04,-3.47E-04,-1.63E-04,-3.22E-04,-4.15E-04,-6.14E-04,-5.87E-04,-4.20E-04,-2.09E-04,-2.68E-04,-5.13E-04,-1.88E-04,-2.65E-04,-1.43E-04,-1.46E-04,-5.56E-04,-2.54E-04,-2.28E-04,-1.46E-04
440,-1.59E-04,-4.22E-04,-3.27E-04,-1.52E-04,-3.03E-04,-4.05E-04,-5.66E-04,-5.57E-04,-4.02E-04,-1.94E-04,-2.58E-04,-5.17E-04,-1.81E-04,-2.50E-04,-1.32E-04,-1.36E-04,-5.26E-04,-2.42E-04,-2.16E-04,-1.67E-04
441,-1.45E-04,-4.07E-04,-3.06E-04,-1.41E-04,-2.83E-04,-3.96E-04,-5.18E-04,-5.26E-04,-3.84E-04,-1.78E-04,-2.48E-04,-5.21E-04,-1.72E-04,-2.34E-04,-1.21E-04,-1.24E-04,-4.94E-04,-2.33E-04,-2.05E-04,-1.88E-04
442,-1.28E-04,-3.93E-04,-2.84E-04,-1.27E-04,-2.61E-04,-3.86E-04,-4.71E-04,-4.96E-04,-3.66E-04,-1.61E-04,-2.37E-04,-5.22E-04,-1.63E-04,-2.16E-04,-1.09E-04,-1.09E-04,-4.61E-04,-2.27E-04,-1.92E-04,-2.08E-04
443,-1.06E-04,-3.80E-04,-2.60E-04,-1.12E-04,-2.39E-04,-3.77E-04,-4.26E-04,-4.66E-04,-3.46E-04,-1.45E-04,-2.25E-04,-5.22E-04,-1.52E-04,-1.97E-04,-9.75E-05,-9.26E-05,-4.27E-04,-2.23E-04,-1.79E-04,-2.26E-04
444,-7.99E-05,-3.67E-04,-2.37E-04,-9.53E-05,-2.17E-04,-3.67E-04,-3.85E-04,-4.36E-04,-3.26E-04,-1.28E-04,-2.11E-04,-5.18E-04,-1.41E-04,-1.76E-04,-8.47E-05,-7.35E-05,-3.92E-04,-2.20E-04,-1.66E-04,-2.39E-04
445,-5.05E-05,-3.55E-04,-2.12E-04,-7.77E-05,-1.94E-04,-3.57E-04,-3.46E-04,-4.07E-04,-3.06E-04,-1.12E-04,-1.96E-04,-5.11E-04,-1.28E-04,-1.55E-04,-7.08E-05,-5.21E-05,-3.57E-04,-2.18E-04,-1.52E-04,-2.48E-04
446,-1.82E-05,-3.42E-04,-1.88E-04,-5.94E-05,-1.71E-04,-3.48E-04,-3.11E-04,-3.78E-04,-2.87E-04,-9.60E-05,-1.79E-04,-5.00E-04,-1.15E-04,-1.32E-04,-5.59E-05,-2.89E-05,-3.23E-04,-2.17E-04,-1.38E-04,-2.51E-04
447,1.58E-05,-3.28E-04,-1.64E-04,-4.07E-05,-1.49E-04,-3.38E-04,-2.81E-04,-3.49E-04,-2.67E-04,-8.04E-05,-1.61E-04,-4.85E-04,-1.01E-04,-1.10E-04,-4.01E-05,-4.24E-06,-2.89E-04,-2.16E-04,-1.24E-04,-2.48E-04
448,5.04E-05,-3.14E-04,-1.40E-04,-2.21E-05,-1.28E-04,-3.29E-04,-2.54E-04,-3.22E-04,-2.48E-04,-6.55E-05,-1.42E-04,-4.67E-04,-8.77E-05,-8.85E-05,-2.34E-05,2.13E-05,-2.56E-04,-2.13E-04,-1.10E-04,-2.41E-04
449,8.43E-05,-2.98E-04,-1.18E-04,-3.99E-06,-1.09E-04,-3.20E-04,-2.31E-04,-2.95E-04,-2.30E-04,-5.15E-05,-1.22E-04,-4.46E-04,-7.41E-05,-6.77E-05,-6.27E-06,4.72E-05,-2.24E-04,-2.09E-04,-9.61E-05,-2.28E-04
450,1.16E-04,-2.82E-04,-9.72E-05,1.32E-05,-9.17E-05,-3.11E-04,-2.11E-04,-2.69E-04,-2.13E-04,-3.86E-05,-1.02E-04,-4.21E-04,-6.08E-05,-4.81E-05,1.10E-05,7.29E-05,-1.95E-04,-2.04E-04,-8.22E-05,-2.13E-04
451,1.44E-04,-2.64E-04,-7.81E-05,2.91E-05,-7.68E-05,-3.04E-04,-1.93E-04,-2.45E-04,-1.97E-04,-2.69E-05,-8.19E-05,-3.94E-04,-4.83E-05,-3.03E-05,2.80E-05,9.76E-05,-1.67E-04,-1.96E-04,-6.87E-05,-1.95E-04
452,1.68E-04,-2.46E-04,-6.12E-05,4.34E-05,-6.46E-05,-2.97E-04,-1.77E-04,-2.22E-04,-1.83E-04,-1.66E-05,-6.26E-05,-3.66E-04,-3.68E-05,-1.45E-05,4.43E-05,1.21E-04,-1.41E-04,-1.87E-04,-5.56E-05,-1.77E-04
453,1.86E-04,-2.27E-04,-4.67E-05,5.57E-05,-5.53E-05,-2.92E-04,-1.63E-04,-2.01E-04,-1.71E-04,-7.84E-06,-4.45E-05,-3.36E-04,-2.64E-05,-1.10E-06,5.95E-05,1.42E-04,-1.17E-04,-1.75E-04,-4.33E-05,-1.60E-04
454,1.97E-04,-2.07E-04,-3.50E-05,6.57E-05,-4.89E-05,-2.89E-04,-1.48E-04,-1.82E-04,-1.61E-04,-7.20E-07,-2.79E-05,-3.07E-04,-1.74E-05,9.77E-06,7.32E-05,1.61E-04,-9.58E-05,-1.62E-04,-3.21E-05,-1.45E-04
455,2.02E-04,-1.88E-04,-2.61E-05,7.34E-05,-4.55E-05,-2.87E-04,-1.33E-04,-1.65E-04,-1.53E-04,4.71E-06,-1.35E-05,-2.78E-04,-9.91E-06,1.80E-05,8.51E-05,1.78E-04,-7.65E-05,-1.48E-04,-2.21E-05,-1.33E-04
456,2.00E-04,-1.69E-04,-2.00E-05,7.84E-05,-4.50E-05,-2.86E-04,-1.18E-04,-1.51E-04,-1.47E-04,8.44E-06,-1.44E-06,-2.50E-04,-3.96E-06,2.37E-05,9.50E-05,1.91E-04,-5.91E-05,-1.33E-04,-1.37E-05,-1.26E-04
457,1.91E-04,-1.51E-04,-1.68E-05,8.08E-05,-4.73E-05,-2.88E-04,-1.01E-04,-1.38E-04,-1.42E-04,1.05E-05,7.96E-06,-2.25E-04,4.54E-07,2.68E-05,1.03E-04,2.03E-04,-4.36E-05,-1.18E-04,-7.14E-06,-1.24E-04
458,1.77E-04,-1.35E-04,-1.64E-05,8.04E-05,-5.19E-05,-2.91E-04,-8.34E-05,-1.29E-04,-1.40E-04,1.09E-05,1.46E-05,-2.02E-04,3.38E-06,2.76E-05,1.09E-04,2.11E-04,-2.97E-05,-1.03E-04,-2.78E-06,-1.26E-04
459,1.57E-04,-1.20E-04,-1.85E-05,7.74E-05,-5.88E-05,-2.96E-04,-6.46E-05,-1.21E-04,-1.38E-04,9.78E-06,1.83E-05,-1.82E-04,4.94E-06,2.63E-05,1.12E-04,2.17E-04,-1.74E-05,-8.95E-05,-8.69E-07,-1.33E-04
460,1.34E-04,-1.07E-04,-2.29E-05,7.18E-05,-6.75E-05,-3.02E-04,-4.53E-05,-1.16E-04,-1.39E-04,7.25E-06,1.94E-05,-1.66E-04,5.27E-06,2.32E-05,1.14E-04,2.21E-04,-6.48E-06,-7.77E-05,-1.64E-06,-1.45E-04
461,1.08E-04,-9.57E-05,-2.94E-05,6.37E-05,-7.78E-05,-3.10E-04,-2.60E-05,-1.13E-04,-1.40E-04,3.45E-06,1.78E-05,-1.53E-04,4.52E-06,1.86E-05,1.15E-04,2.24E-04,3.04E-06,-6.82E-05,-5.30E-06,-1.59E-04
462,8.02E-05,-8.65E-05,-3.75E-05,5.32E-05,-8.94E-05,-3.20E-04,-7.75E-06,-1.13E-04,-1.42E-04,-1.45E-06,1.39E-05,-1.43E-04,2.89E-06,1.28E-05,1.15E-04,2.25E-04,1.12E-05,-6.14E-05,-1.20E-05,-1.75E-04
463,5.29E-05,-7.91E-05,-4.69E-05,4.06E-05,-1.02E-04,-3.30E-04,8.64E-06,-1.14E-04,-1.45E-04,-7.27E-06,7.99E-06,-1.36E-04,5.19E-07,6.10E-06,1.13E-04,2.24E-04,1.79E-05,-5.76E-05,-2.17E-05,-1.91E-04
464,2.69E-05,-7.33E-05,-5.72E-05,2.61E-05,-1.15E-04,-3.41E-04,2.22E-05,-1.17E-04,-1.48E-04,-1.38E-05,4.85E-07,-1.31E-04,-2.43E-06,-1.12E-06,1.11E-04,2.23E-04,2.31E-05,-5.69E-05,-3.43E-05,-2.06E-04
465,3.14E-06,-6.89E-05,-6.81E-05,1.00E-05,-1.30E-04,-3.53E-04,3.18E-05,-1.22E-04,-1.51E-04,-2.10E-05,-8.23E-06,-1.29E-04,-5.84E-06,-8.61E-06,1.09E-04,2.22E-04,2.65E-05,-5.93E-05,-4.99E-05,-2.19E-04
466,-1.75E-05,-6.57E-05,-7.94E-05,-7.48E-06,-1.44E-04,-3.66E-04,3.67E-05,-1.29E-04,-1.55E-04,-2.85E-05,-1.77E-05,-1.28E-04,-9.62E-06,-1.61E-05,1.07E-04,2.20E-04,2.79E-05,-6.46E-05,-6.79E-05,-2.28E-04
467,-3.46E-05,-6.33E-05,-9.08E-05,-2.60E-05,-1.60E-04,-3.79E-04,3.62E-05,-1.36E-04,-1.58E-04,-3.62E-05,-2.76E-05,-1.29E-04,-1.37E-05,-2.34E-05,1.05E-04,2.19E-04,2.73E-05,-7.25E-05,-8.82E-05,-2.33E-04
468,-4.80E-05,-6.15E-05,-1.02E-04,-4.53E-05,-1.76E-04,-3.91E-04,2.98E-05,-1.45E-04,-1.62E-04,-4.40E-05,-3.75E-05,-1.31E-04,-1.82E-05,-3.04E-05,1.03E-04,2.17E-04,2.42E-05,-8.26E-05,-1.10E-04,-2.33E-04
469,-5.80E-05,-6.01E-05,-1.13E-04,-6.49E-05,-1.93E-04,-4.04E-04,1.73E-05,-1.54E-04,-1.66E-04,-5.19E-05,-4.72E-05,-1.34E-04,-2.29E-05,-3.70E-05,1.02E-04,2.16E-04,1.86E-05,-9.43E-05,-1.33E-04,-2.29E-04
470,-6.50E-05,-5.89E-05,-1.24E-04,-8.47E-05,-2.12E-04,-4.15E-04,-1.15E-06,-1.65E-04,-1.69E-04,-5.96E-05,-5.63E-05,-1.36E-04,-2.81E-05,-4.31E-05,9.99E-05,2.15E-04,1.03E-05,-1.07E-04,-1.57E-04,-2.20E-04
471,-6.98E-05,-5.79E-05,-1.35E-04,-1.04E-04,-2.31E-04,-4.27E-04,-2.51E-05,-1.76E-04,-1.73E-04,-6.71E-05,-6.47E-05,-1.39E-04,-3.37E-05,-4.86E-05,9.81E-05,2.14E-04,-7.58E-07,-1.21E-04,-1.81E-04,-2.07E-04
472,-7.33E-05,-5.71E-05,-1.45E-04,-1.23E-04,-2.52E-04,-4.37E-04,-5.39E-05,-1.87E-04,-1.77E-04,-7.45E-05,-7.23E-05,-1.42E-04,-3.99E-05,-5.36E-05,9.59E-05,2.14E-04,-1.44E-05,-1.34E-04,-2.03E-04,-1.92E-04
473,-7.66E-05,-5.69E-05,-1.56E-04,-1.42E-04,-2.74E-04,-4.47E-04,-8.64E-05,-1.99E-04,-1.81E-04,-8.18E-05,-7.90E-05,-1.46E-04,-4.68E-05,-5.82E-05,9.31E-05,2.13E-04,-3.06E-05,-1.47E-04,-2.25E-04,-1.75E-04
474,-8.08E-05,-5.74E-05,-1.67E-04,-1.59E-04,-2.97E-04,-4.56E-04,-1.21E-04,-2.11E-04,-1.86E-04,-8.89E-05,-8.49E-05,-1.49E-04,-5.44E-05,-6.25E-05,8.93E-05,2.13E-04,-4.89E-05,-1.60E-04,-2.44E-04,-1.58E-04
475,-8.70E-05,-5.90E-05,-1.78E-04,-1.76E-04,-3.22E-04,-4.65E-04,-1.57E-04,-2.24E-04,-1.91E-04,-9.59E-05,-9.00E-05,-1.53E-04,-6.29E-05,-6.65E-05,8.43E-05,2.12E-04,-6.91E-05,-1.71E-04,-2.61E-04,-1.42E-04
476,-9.63E-05,-6.22E-05,-1.91E-04,-1.92E-04,-3.48E-04,-4.72E-04,-1.93E-04,-2.37E-04,-1.97E-04,-1.03E-04,-9.45E-05,-1.57E-04,-7.22E-05,-7.05E-05,7.79E-05,2.12E-04,-9.07E-05,-1.82E-04,-2.76E-04,-1.29E-04
477,-1.09E-04,-6.73E-05,-2.04E-04,-2.07E-04,-3.75E-04,-4.79E-04,-2.26E-04,-2.51E-04,-2.03E-04,-1.10E-04,-9.85E-05,-1.62E-04,-8.26E-05,-7.45E-05,6.98E-05,2.11E-04,-1.13E-04,-1.91E-04,-2.88E-04,-1.20E-04
478,-1.26E-04,-7.48E-05,-2.19E-04,-2.21E-04,-4.04E-04,-4.85E-04,-2.57E-04,-2.64E-04,-2.09E-04,-1.18E-04,-1.02E-04,-1.68E-04,-9.38E-05,-7.88E-05,5.99E-05,2.09E-04,-1.36E-04,-2.00E-04,-2.97E-04,-1.16E-04
479,-1.48E-04,-8.49E-05,-2.35E-04,-2.35E-04,-4.33E-04,-4.91E-04,-2.82E-04,-2.78E-04,-2.17E-04,-1.26E-04,-1.06E-04,-1.76E-04,-1.06E-04,-8.36E-05,4.82E-05,2.08E-04,-1.58E-04,-2.08E-04,-3.03E-04,-1.18E-04
480,-1.75E-04,-9.78E-05,-2.53E-04,-2.48E-04,-4.62E-04,-4.96E-04,-3.02E-04,-2.92E-04,-2.24E-04,-1.34E-04,-1.10E-04,-1.86E-04,-1.19E-04,-8.90E-05,3.46E-05,2.06E-04,-1.80E-04,-2.17E-04,-3.07E-04,-1.25E-04
481,-2.05E-04,-1.14E-04,-2.72E-04,-2.62E-04,-4.92E-04,-5.02E-04,-3.16E-04,-3.06E-04,-2.32E-04,-1.43E-04,-1.14E-04,-1.97E-04,-1.33E-04,-9.54E-05,1.92E-05,2.03E-04,-2.01E-04,-2.25E-04,-3.09E-04,-1.38E-04
482,-2.39E-04,-1.32E-04,-2.93E-04,-2.77E-04,-5.21E-04,-5.07E-04,-3.23E-04,-3.19E-04,-2.40E-04,-1.53E-04,-1.19E-04,-2.10E-04,-1.48E-04,-1.03E-04,2.17E-06,1.99E-04,-2.20E-04,-2.35E-04,-3.10E-04,-1.56E-04
483,-2.76E-04,-1.54E-04,-3.16E-04,-2.93E-04,-5.50E-04,-5.12E-04,-3.23E-04,-3.33E-04,-2.48E-04,-1.63E-04,-1.25E-04,-2.26E-04,-1.63E-04,-1.12E-04,-1.64E-05,1.95E-04,-2.38E-04,-2.46E-04,-3.10E-04,-1.78E-04
484,-3.15E-04,-1.77E-04,-3.39E-04,-3.10E-04,-5.78E-04,-5.18E-04,-3.17E-04,-3.46E-04,-2.56E-04,-1.74E-04,-1.31E-04,-2.43E-04,-1.79E-04,-1.22E-04,-3.63E-05,1.90E-04,-2.54E-04,-2.58E-04,-3.11E-04,-2.03E-04
485,-3.55E-04,-2.02E-04,-3.64E-04,-3.29E-04,-6.05E-04,-5.23E-04,-3.05E-04,-3.59E-04,-2.64E-04,-1.87E-04,-1.38E-04,-2.62E-04,-1.95E-04,-1.34E-04,-5.74E-05,1.84E-04,-2.68E-04,-2.73E-04,-3.12E-04,-2.30E-04
486,-3.94E-04,-2.28E-04,-3.90E-04,-3.50E-04,-6.31E-04,-5.30E-04,-2.89E-04,-3.71E-04,-2.72E-04,-2.00E-04,-1.47E-04,-2.84E-04,-2.11E-04,-1.47E-04,-7.94E-05,1.77E-04,-2.81E-04,-2.89E-04,-3.14E-04,-2.57E-04
487,-4.32E-04,-2.54E-04,-4.17E-04,-3.73E-04,-6.56E-04,-5.36E-04,-2.69E-04,-3.83E-04,-2.79E-04,-2.13E-04,-1.57E-04,-3.07E-04,-2.27E-04,-1.63E-04,-1.02E-04,1.68E-04,-2.93E-04,-3.08E-04,-3.18E-04,-2.83E-04
488,-4.67E-04,-2.80E-04,-4.43E-04,-3.98E-04,-6.80E-04,-5.43E-04,-2.47E-04,-3.94E-04,-2.87E-04,-2.28E-04,-1.68E-04,-3.31E-04,-2.44E-04,-1.80E-04,-1.26E-04,1.58E-04,-3.05E-04,-3.28E-04,-3.25E-04,-3.06E-04
489,-5.00E-04,-3.03E-04,-4.69E-04,-4.26E-04,-7.03E-04,-5.51E-04,-2.24E-04,-4.04E-04,-2.93E-04,-2.43E-04,-1.80E-04,-3.57E-04,-2.60E-04,-1.99E-04,-1.50E-04,1.46E-04,-3.17E-04,-3.50E-04,-3.33E-04,-3.26E-04
490,-5.28E-04,-3.25E-04,-4.95E-04,-4.56E-04,-7.25E-04,-5.59E-04,-2.02E-04,-4.14E-04,-3.00E-04,-2.58E-04,-1.93E-04,-3.83E-04,-2.76E-04,-2.19E-04,-1.74E-04,1.32E-04,-3.30E-04,-3.73E-04,-3.45E-04,-3.42E-04
491,-5.53E-04,-3.44E-04,-5.19E-04,-4.87E-04,-7.46E-04,-5.67E-04,-1.81E-04,-4.24E-04,-3.06E-04,-2.74E-04,-2.08E-04,-4.11E-04,-2.91E-04,-2.41E-04,-1.98E-04,1.16E-04,-3.45E-04,-3.96E-04,-3.59E-04,-3.54E-04
492,-5.73E-04,-3.59E-04,-5.43E-04,-5.20E-04,-7.66E-04,-5.76E-04,-1.64E-04,-4.33E-04,-3.12E-04,-2.90E-04,-2.23E-04,-4.38E-04,-3.07E-04,-2.64E-04,-2.23E-04,9.92E-05,-3.62E-04,-4.20E-04,-3.75E-04,-3.61E-04
493,-5.90E-04,-3.71E-04,-5.64E-04,-5.53E-04,-7.86E-04,-5.85E-04,-1.50E-04,-4.42E-04,-3.17E-04,-3.05E-04,-2.39E-04,-4.67E-04,-3.21E-04,-2.88E-04,-2.48E-04,8.03E-05,-3.82E-04,-4.43E-04,-3.93E-04,-3.63E-04
494,-6.03E-04,-3.79E-04,-5.85E-04,-5.87E-04,-8.05E-04,-5.93E-04,-1.41E-04,-4.51E-04,-3.23E-04,-3.21E-04,-2.56E-04,-4.95E-04,-3.35E-04,-3.12E-04,-2.72E-04,5.99E-05,-4.05E-04,-4.65E-04,-4.12E-04,-3.62E-04
495,-6.13E-04,-3.85E-04,-6.03E-04,-6.21E-04,-8.24E-04,-6.02E-04,-1.37E-04,-4.60E-04,-3.29E-04,-3.35E-04,-2.74E-04,-5.23E-04,-3.48E-04,-3.36E-04,-2.96E-04,3.82E-05,-4.32E-04,-4.85E-04,-4.32E-04,-3.58E-04
496,-6.21E-04,-3.88E-04,-6.20E-04,-6.53E-04,-8.43E-04,-6.10E-04,-1.38E-04,-4.70E-04,-3.35E-04,-3.49E-04,-2.92E-04,-5.50E-04,-3.61E-04,-3.60E-04,-3.20E-04,1.57E-05,-4.62E-04,-5.04E-04,-4.52E-04,-3.51E-04
497,-6.27E-04,-3.89E-04,-6.35E-04,-6.83E-04,-8.61E-04,-6.18E-04,-1.44E-04,-4.80E-04,-3.41E-04,-3.63E-04,-3.10E-04,-5.77E-04,-3.72E-04,-3.83E-04,-3.43E-04,-7.28E-06,-4.95E-04,-5.19E-04,-4.72E-04,-3.44E-04
498,-6.33E-04,-3.89E-04,-6.49E-04,-7.12E-04,-8.78E-04,-6.25E-04,-1.55E-04,-4.91E-04,-3.47E-04,-3.75E-04,-3.29E-04,-6.03E-04,-3.83E-04,-4.05E-04,-3.65E-04,-3.03E-05,-5.31E-04,-5.33E-04,-4.90E-04,-3.37E-04
499,-6.39E-04,-3.89E-04,-6.61E-04,-7.38E-04,-8.95E-04,-6.31E-04,-1.71E-04,-5.03E-04,-3.54E-04,-3.85E-04,-3.47E-04,-6.28E-04,-3.93E-04,-4.25E-04,-3.85E-04,-5.29E-05,-5.69E-04,-5.43E-04,-5.07E-04,-3.31E-04
500,-6.46E-04,-3.89E-04,-6.72E-04,-7.61E-04,-9.11E-04,-6.36E-04,-1.89E-04,-5.16E-04,-3.60E-04,-3.95E-04,-3.65E-04,-6.52E-04,-4.03E-04,-4.43E-04,-4.04E-04,-7.45E-05,-6.08E-04,-5.51E-04,-5.21E-04,-3.26E-04
501,-6.54E-04,-3.91E-04,-6.83E-04,-7.80E-04,-9.26E-04,-6.40E-04,-2.11E-04,-5.29E-04,-3.67E-04,-4.03E-04,-3.83E-04,-6.75E-04,-4.12E-04,-4.60E-04,-4.20E-04,-9.49E-05,-6.49E-04,-5.57E-04,-5.33E-04,-3.24E-04
502,-6.63E-04,-3.96E-04,-6.92E-04,-7.97E-04,-9.40E-04,-6.44E-04,-2.34E-04,-5.44E-04,-3.75E-04,-4.11E-04,-4.00E-04,-6.97E-04,-4.20E-04,-4.74E-04,-4.34E-04,-1.14E-04,-6.89E-04,-5.61E-04,-5.42E-04,-3.25E-04
503,-6.75E-04,-4.04E-04,-7.01E-04,-8.11E-04,-9.53E-04,-6.46E-04,-2.58E-04,-5.59E-04,-3.82E-04,-4.16E-04,-4.16E-04,-7.18E-04,-4.28E-04,-4.86E-04,-4.46E-04,-1.30E-04,-7.29E-04,-5.64E-04,-5.48E-04,-3.28E-04
504,-6.89E-04,-4.16E-04,-7.10E-04,-8.22E-04,-9.63E-04,-6.47E-04,-2.83E-04,-5.75E-04,-3.89E-04,-4.21E-04,-4.32E-04,-7.37E-04,-4.36E-04,-4.96E-04,-4.55E-04,-1.45E-04,-7.66E-04,-5.66E-04,-5.52E-04,-3.34E-04
505,-7.06E-04,-4.31E-04,-7.19E-04,-8.31E-04,-9.72E-04,-6.47E-04,-3.07E-04,-5.92E-04,-3.96E-04,-4.25E-04,-4.48E-04,-7.56E-04,-4.44E-04,-5.03E-04,-4.61E-04,-1.58E-04,-8.01E-04,-5.67E-04,-5.53E-04,-3.43E-04
506,-7.23E-04,-4.50E-04,-7.28E-04,-8.38E-04,-9.79E-04,-6.46E-04,-3.30E-04,-6.09E-04,-4.04E-04,-4.28E-04,-4.62E-04,-7.73E-04,-4.52E-04,-5.09E-04,-4.64E-04,-1.68E-04,-8.32E-04,-5.69E-04,-5.52E-04,-3.53E-04
507,-7.43E-04,-4.72E-04,-7.38E-04,-8.43E-04,-9.84E-04,-6.45E-04,-3.53E-04,-6.27E-04,-4.11E-04,-4.30E-04,-4.76E-04,-7.89E-04,-4.61E-04,-5.14E-04,-4.65E-04,-1.77E-04,-8.60E-04,-5.72E-04,-5.50E-04,-3.64E-04
508,-7.63E-04,-4.96E-04,-7.47E-04,-8.48E-04,-9.87E-04,-6.42E-04,-3.73E-04,-6.45E-04,-4.18E-04,-4.31E-04,-4.90E-04,-8.03E-04,-4.70E-04,-5.18E-04,-4.64E-04,-1.85E-04,-8.84E-04,-5.75E-04,-5.46E-04,-3.76E-04
509,-7.84E-04,-5.23E-04,-7.58E-04,-8.52E-04,-9.89E-04,-6.40E-04,-3.93E-04,-6.62E-04,-4.24E-04,-4.32E-04,-5.03E-04,-8.17E-04,-4.80E-04,-5.21E-04,-4.61E-04,-1.92E-04,-9.04E-04,-5.81E-04,-5.42E-04,-3.87E-04
510,-8.05E-04,-5.50E-04,-7.68E-04,-8.57E-04,-9.89E-04,-6.37E-04,-4.12E-04,-6.80E-04,-4.31E-04,-4.33E-04,-5.16E-04,-8.30E-04,-4.90E-04,-5.23E-04,-4.57E-04,-1.99E-04,-9.20E-04,-5.87E-04,-5.38E-04,-3.97E-04
511,-8.25E-04,-5.77E-04,-7.79E-04,-8.62E-04,-9.89E-04,-6.34E-04,-4.29E-04,-6.97E-04,-4.37E-04,-4.34E-04,-5.29E-04,-8.42E-04,-5.02E-04,-5.26E-04,-4.53E-04,-2.07E-04,-9.33E-04,-5.96E-04,-5.35E-04,-4.06E-04
512,-8.45E-04,-6.03E-04,-7.90E-04,-8.68E-04,-9.88E-04,-6.31E-04,-4.47E-04,-7.14E-04,-4.43E-04,-4.35E-04,-5.42E-04,-8.53E-04,-5.14E-04,-5.30E-04,-4.49E-04,-2.15E-04,-9.43E-04,-6.05E-04,-5.31E-04,-4.12E-04
513,-8.62E-04,-6.26E-04,-8.01E-04,-8.75E-04,-9.87E-04,-6.28E-04,-4.64E-04,-7.31E-04,-4.50E-04,-4.36E-04,-5.54E-04,-8.64E-04,-5.28E-04,-5.34E-04,-4.46E-04,-2.26E-04,-9.50E-04,-6.16E-04,-5.29E-04,-4.17E-04
514,-8.78E-04,-6.47E-04,-8.13E-04,-8.84E-04,-9.86E-04,-6.25E-04,-4.82E-04,-7.47E-04,-4.56E-04,-4.38E-04,-5.67E-04,-8.75E-04,-5.43E-04,-5.40E-04,-4.46E-04,-2.39E-04,-9.57E-04,-6.28E-04,-5.28E-04,-4.20E-04
515,-8.92E-04,-6.64E-04,-8.24E-04,-8.93E-04,-9.86E-04,-6.24E-04,-5.00E-04,-7.64E-04,-4.63E-04,-4.40E-04,-5.80E-04,-8.86E-04,-5.58E-04,-5.47E-04,-4.48E-04,-2.55E-04,-9.62E-04,-6.41E-04,-5.28E-04,-4.21E-04
516,-9.03E-04,-6.77E-04,-8.35E-04,-9.04E-04,-9.88E-04,-6.22E-04,-5.20E-04,-7.80E-04,-4.69E-04,-4.42E-04,-5.92E-04,-8.97E-04,-5.74E-04,-5.55E-04,-4.53E-04,-2.74E-04,-9.67E-04,-6.53E-04,-5.28E-04,-4.22E-04
517,-9.12E-04,-6.87E-04,-8.46E-04,-9.15E-04,-9.91E-04,-6.22E-04,-5.41E-04,-7.96E-04,-4.76E-04,-4.45E-04,-6.05E-04,-9.07E-04,-5.90E-04,-5.64E-04,-4.62E-04,-2.96E-04,-9.73E-04,-6.66E-04,-5.30E-04,-4.23E-04
518,-9.18E-04,-6.93E-04,-8.57E-04,-9.27E-04,-9.95E-04,-6.22E-04,-5.63E-04,-8.11E-04,-4.84E-04,-4.49E-04,-6.19E-04,-9.18E-04,-6.06E-04,-5.75E-04,-4.75E-04,-3.21E-04,-9.81E-04,-6.78E-04,-5.31E-04,-4.25E-04
519,-9.22E-04,-6.95E-04,-8.68E-04,-9.39E-04,-1.00E-03,-6.23E-04,-5.87E-04,-8.27E-04,-4.91E-04,-4.53E-04,-6.32E-04,-9.29E-04,-6.21E-04,-5.87E-04,-4.92E-04,-3.48E-04,-9.89E-04,-6.89E-04,-5.33E-04,-4.29E-04
520,-9.25E-04,-6.95E-04,-8.78E-04,-9.51E-04,-1.01E-03,-6.24E-04,-6.12E-04,-8.43E-04,-4.99E-04,-4.57E-04,-6.45E-04,-9.41E-04,-6.36E-04,-6.00E-04,-5.13E-04,-3.78E-04,-1.00E-03,-6.99E-04,-5.36E-04,-4.34E-04
521,-9.25E-04,-6.94E-04,-8.88E-04,-9.63E-04,-1.02E-03,-6.27E-04,-6.38E-04,-8.59E-04,-5.07E-04,-4.62E-04,-6.57E-04,-9.52E-04,-6.50E-04,-6.13E-04,-5.37E-04,-4.08E-04,-1.01E-03,-7.07E-04,-5.37E-04,-4.43E-04
522,-9.24E-04,-6.92E-04,-8.98E-04,-9.73E-04,-1.03E-03,-6.29E-04,-6.65E-04,-8.74E-04,-5.15E-04,-4.67E-04,-6.70E-04,-9.64E-04,-6.62E-04,-6.26E-04,-5.64E-04,-4.39E-04,-1.03E-03,-7.15E-04,-5.39E-04,-4.55E-04
523,-9.23E-04,-6.90E-04,-9.08E-04,-9.83E-04,-1.04E-03,-6.32E-04,-6.92E-04,-8.90E-04,-5.23E-04,-4.73E-04,-6.82E-04,-9.76E-04,-6.73E-04,-6.39E-04,-5.93E-04,-4.70E-04,-1.04E-03,-7.21E-04,-5.40E-04,-4.70E-04
524,-9.20E-04,-6.89E-04,-9.17E-04,-9.91E-04,-1.06E-03,-6.35E-04,-7.18E-04,-9.05E-04,-5.31E-04,-4.78E-04,-6.94E-04,-9.88E-04,-6.81E-04,-6.51E-04,-6.23E-04,-4.99E-04,-1.06E-03,-7.26E-04,-5.41E-04,-4.88E-04
525,-9.18E-04,-6.91E-04,-9.27E-04,-9.98E-04,-1.07E-03,-6.38E-04,-7.44E-04,-9.20E-04,-5.39E-04,-4.83E-04,-7.05E-04,-9.99E-04,-6.88E-04,-6.63E-04,-6.53E-04,-5.26E-04,-1.07E-03,-7.30E-04,-5.41E-04,-5.09E-04
526,-9.15E-04,-6.96E-04,-9.36E-04,-1.00E-03,-1.08E-03,-6.41E-04,-7.68E-04,-9.34E-04,-5.45E-04,-4.88E-04,-7.15E-04,-1.01E-03,-6.92E-04,-6.73E-04,-6.82E-04,-5.49E-04,-1.09E-03,-7.33E-04,-5.41E-04,-5.32E-04
527,-9.13E-04,-7.03E-04,-9.45E-04,-1.01E-03,-1.09E-03,-6.43E-04,-7.90E-04,-9.47E-04,-5.52E-04,-4.93E-04,-7.24E-04,-1.02E-03,-6.93E-04,-6.81E-04,-7.09E-04,-5.69E-04,-1.11E-03,-7.36E-04,-5.41E-04,-5.56E-04
528,-9.12E-04,-7.14E-04,-9.54E-04,-1.01E-03,-1.10E-03,-6.44E-04,-8.09E-04,-9.59E-04,-5.57E-04,-4.97E-04,-7.33E-04,-1.03E-03,-6.93E-04,-6.88E-04,-7.33E-04,-5.85E-04,-1.12E-03,-7.39E-04,-5.41E-04,-5.80E-04
529,-9.12E-04,-7.27E-04,-9.62E-04,-1.01E-03,-1.11E-03,-6.45E-04,-8.26E-04,-9.70E-04,-5.61E-04,-5.00E-04,-7.40E-04,-1.04E-03,-6.90E-04,-6.93E-04,-7.53E-04,-5.96E-04,-1.13E-03,-7.42E-04,-5.41E-04,-6.04E-04
530,-9.12E-04,-7.43E-04,-9.70E-04,-1.01E-03,-1.12E-03,-6.45E-04,-8.39E-04,-9.79E-04,-5.64E-04,-5.02E-04,-7.47E-04,-1.05E-03,-6.86E-04,-6.97E-04,-7.70E-04,-6.03E-04,-1.14E-03,-7.44E-04,-5.43E-04,-6.25E-04
531,-9.14E-04,-7.61E-04,-9.77E-04,-1.01E-03,-1.12E-03,-6.44E-04,-8.50E-04,-9.86E-04,-5.66E-04,-5.04E-04,-7.52E-04,-1.06E-03,-6.80E-04,-6.98E-04,-7.82E-04,-6.05E-04,-1.14E-03,-7.47E-04,-5.45E-04,-6.42E-04
532,-9.17E-04,-7.80E-04,-9.82E-04,-1.01E-03,-1.12E-03,-6.41E-04,-8.57E-04,-9.92E-04,-5.67E-04,-5.04E-04,-7.57E-04,-1.07E-03,-6.73E-04,-6.98E-04,-7.89E-04,-6.02E-04,-1.14E-03,-7.49E-04,-5.49E-04,-6.56E-04
533,-9.21E-04,-7.99E-04,-9.87E-04,-1.01E-03,-1.12E-03,-6.37E-04,-8.61E-04,-9.95E-04,-5.66E-04,-5.04E-04,-7.60E-04,-1.07E-03,-6.65E-04,-6.96E-04,-7.92E-04,-5.97E-04,-1.14E-03,-7.51E-04,-5.53E-04,-6.64E-04
534,-9.25E-04,-8.17E-04,-9.90E-04,-1.00E-03,-1.11E-03,-6.32E-04,-8.62E-04,-9.97E-04,-5.64E-04,-5.02E-04,-7.62E-04,-1.08E-03,-6.56E-04,-6.93E-04,-7.90E-04,-5.88E-04,-1.13E-03,-7.52E-04,-5.59E-04,-6.67E-04
535,-9.31E-04,-8.32E-04,-9.92E-04,-9.96E-04,-1.11E-03,-6.25E-04,-8.60E-04,-9.98E-04,-5.62E-04,-4.99E-04,-7.64E-04,-1.08E-03,-6.47E-04,-6.88E-04,-7.84E-04,-5.77E-04,-1.12E-03,-7.52E-04,-5.66E-04,-6.63E-04
536,-9.36E-04,-8.44E-04,-9.92E-04,-9.90E-04,-1.10E-03,-6.17E-04,-8.56E-04,-9.96E-04,-5.58E-04,-4.95E-04,-7.64E-04,-1.09E-03,-6.39E-04,-6.82E-04,-7.75E-04,-5.64E-04,-1.11E-03,-7.51E-04,-5.72E-04,-6.54E-04
537,-9.42E-04,-8.53E-04,-9.90E-04,-9.82E-04,-1.08E-03,-6.07E-04,-8.50E-04,-9.93E-04,-5.54E-04,-4.89E-04,-7.63E-04,-1.09E-03,-6.31E-04,-6.75E-04,-7.64E-04,-5.51E-04,-1.10E-03,-7.49E-04,-5.80E-04,-6.39E-04
538,-9.48E-04,-8.57E-04,-9.86E-04,-9.74E-04,-1.07E-03,-5.97E-04,-8.43E-04,-9.89E-04,-5.49E-04,-4.83E-04,-7.62E-04,-1.09E-03,-6.23E-04,-6.67E-04,-7.51E-04,-5.38E-04,-1.08E-03,-7.44E-04,-5.86E-04,-6.19E-04
539,-9.53E-04,-8.57E-04,-9.81E-04,-9.65E-04,-1.05E-03,-5.85E-04,-8.35E-04,-9.84E-04,-5.44E-04,-4.76E-04,-7.59E-04,-1.09E-03,-6.16E-04,-6.59E-04,-7.36E-04,-5.25E-04,-1.06E-03,-7.38E-04,-5.92E-04,-5.95E-04
540,-9.57E-04,-8.52E-04,-9.74E-04,-9.54E-04,-1.04E-03,-5.73E-04,-8.26E-04,-9.78E-04,-5.39E-04,-4.69E-04,-7.55E-04,-1.09E-03,-6.10E-04,-6.49E-04,-7.22E-04,-5.14E-04,-1.04E-03,-7.29E-04,-5.96E-04,-5.67E-04
541,-9.60E-04,-8.43E-04,-9.66E-04,-9.42E-04,-1.02E-03,-5.59E-04,-8.17E-04,-9.72E-04,-5.34E-04,-4.60E-04,-7.50E-04,-1.09E-03,-6.04E-04,-6.40E-04,-7.07E-04,-5.04E-04,-1.02E-03,-7.18E-04,-5.98E-04,-5.38E-04
542,-9.62E-04,-8.30E-04,-9.56E-04,-9.29E-04,-1.00E-03,-5.46E-04,-8.08E-04,-9.65E-04,-5.28E-04,-4.51E-04,-7.44E-04,-1.09E-03,-5.99E-04,-6.30E-04,-6.94E-04,-4.96E-04,-1.00E-03,-7.04E-04,-5.97E-04,-5.08E-04
543,-9.61E-04,-8.16E-04,-9.46E-04,-9.14E-04,-9.88E-04,-5.32E-04,-7.99E-04,-9.58E-04,-5.23E-04,-4.42E-04,-7.37E-04,-1.08E-03,-5.94E-04,-6.19E-04,-6.81E-04,-4.90E-04,-9.79E-04,-6.88E-04,-5.93E-04,-4.78E-04
544,-9.59E-04,-7.99E-04,-9.35E-04,-8.98E-04,-9.72E-04,-5.17E-04,-7.91E-04,-9.51E-04,-5.18E-04,-4.33E-04,-7.29E-04,-1.08E-03,-5.89E-04,-6.08E-04,-6.69E-04,-4.85E-04,-9.59E-04,-6.71E-04,-5.86E-04,-4.49E-04
545,-9.55E-04,-7.82E-04,-9.24E-04,-8.82E-04,-9.57E-04,-5.03E-04,-7.84E-04,-9.43E-04,-5.14E-04,-4.23E-04,-7.21E-04,-1.07E-03,-5.84E-04,-5.97E-04,-6.58E-04,-4.81E-04,-9.41E-04,-6.52E-04,-5.75E-04,-4.22E-04
546,-9.48E-04,-7.65E-04,-9.12E-04,-8.64E-04,-9.43E-04,-4.89E-04,-7.76E-04,-9.36E-04,-5.09E-04,-4.14E-04,-7.11E-04,-1.06E-03,-5.78E-04,-5.85E-04,-6.47E-04,-4.79E-04,-9.23E-04,-6.33E-04,-5.62E-04,-3.99E-04
547,-9.40E-04,-7.50E-04,-9.01E-04,-8.46E-04,-9.30E-04,-4.75E-04,-7.70E-04,-9.28E-04,-5.05E-04,-4.04E-04,-7.01E-04,-1.05E-03,-5.72E-04,-5.73E-04,-6.37E-04,-4.76E-04,-9.06E-04,-6.12E-04,-5.45E-04,-3.78E-04
548,-9.29E-04,-7.37E-04,-8.90E-04,-8.27E-04,-9.18E-04,-4.61E-04,-7.63E-04,-9.20E-04,-5.00E-04,-3.95E-04,-6.90E-04,-1.04E-03,-5.64E-04,-5.61E-04,-6.27E-04,-4.74E-04,-8.90E-04,-5.92E-04,-5.25E-04,-3.61E-04
549,-9.17E-04,-7.26E-04,-8.80E-04,-8.08E-04,-9.06E-04,-4.48E-04,-7.57E-04,-9.11E-04,-4.96E-04,-3.86E-04,-6.78E-04,-1.02E-03,-5.55E-04,-5.49E-04,-6.16E-04,-4.70E-04,-8.76E-04,-5.72E-04,-5.03E-04,-3.47E-04
550,-9.04E-04,-7.19E-04,-8.70E-04,-7.90E-04,-8.95E-04,-4.35E-04,-7.50E-04,-9.02E-04,-4.91E-04,-3.77E-04,-6.67E-04,-1.01E-03,-5.45E-04,-5.36E-04,-6.03E-04,-4.66E-04,-8.62E-04,-5.53E-04,-4.79E-04,-3.37E-04
551,-8.89E-04,-7.14E-04,-8.61E-04,-7.71E-04,-8.84E-04,-4.23E-04,-7.44E-04,-8.92E-04,-4.86E-04,-3.68E-04,-6.55E-04,-9.93E-04,-5.34E-04,-5.24E-04,-5.89E-04,-4.61E-04,-8.49E-04,-5.35E-04,-4.55E-04,-3.30E-04
552,-8.74E-04,-7.12E-04,-8.53E-04,-7.53E-04,-8.73E-04,-4.11E-04,-7.37E-04,-8.81E-04,-4.80E-04,-3.59E-04,-6.42E-04,-9.75E-04,-5.21E-04,-5.11E-04,-5.73E-04,-4.55E-04,-8.37E-04,-5.18E-04,-4.30E-04,-3.25E-04
553,-8.58E-04,-7.12E-04,-8.45E-04,-7.36E-04,-8.62E-04,-3.99E-04,-7.29E-04,-8.68E-04,-4.74E-04,-3.50E-04,-6.30E-04,-9.56E-04,-5.07E-04,-4.97E-04,-5.55E-04,-4.47E-04,-8.25E-04,-5.02E-04,-4.06E-04,-3.22E-04
554,-8.42E-04,-7.13E-04,-8.38E-04,-7.19E-04,-8.50E-04,-3.87E-04,-7.21E-04,-8.55E-04,-4.66E-04,-3.41E-04,-6.18E-04,-9.36E-04,-4.92E-04,-4.84E-04,-5.34E-04,-4.38E-04,-8.14E-04,-4.87E-04,-3.83E-04,-3.21E-04
555,-8.26E-04,-7.13E-04,-8.30E-04,-7.02E-04,-8.38E-04,-3.76E-04,-7.11E-04,-8.40E-04,-4.58E-04,-3.31E-04,-6.05E-04,-9.16E-04,-4.76E-04,-4.70E-04,-5.11E-04,-4.28E-04,-8.02E-04,-4.73E-04,-3.62E-04,-3.21E-04
556,-8.11E-04,-7.13E-04,-8.22E-04,-6.86E-04,-8.24E-04,-3.64E-04,-7.01E-04,-8.24E-04,-4.50E-04,-3.22E-04,-5.93E-04,-8.96E-04,-4.60E-04,-4.57E-04,-4.87E-04,-4.17E-04,-7.89E-04,-4.59E-04,-3.43E-04,-3.20E-04
557,-7.96E-04,-7.11E-04,-8.14E-04,-6.70E-04,-8.09E-04,-3.51E-04,-6.90E-04,-8.07E-04,-4.40E-04,-3.12E-04,-5.80E-04,-8.75E-04,-4.44E-04,-4.43E-04,-4.61E-04,-4.06E-04,-7.76E-04,-4.46E-04,-3.26E-04,-3.20E-04
558,-7.81E-04,-7.05E-04,-8.05E-04,-6.54E-04,-7.93E-04,-3.39E-04,-6.77E-04,-7.88E-04,-4.29E-04,-3.01E-04,-5.67E-04,-8.54E-04,-4.28E-04,-4.28E-04,-4.34E-04,-3.94E-04,-7.62E-04,-4.31E-04,-3.12E-04,-3.20E-04
559,-7.68E-04,-6.96E-04,-7.95E-04,-6.37E-04,-7.75E-04,-3.25E-04,-6.63E-04,-7.69E-04,-4.18E-04,-2.90E-04,-5.53E-04,-8.34E-04,-4.12E-04,-4.14E-04,-4.08E-04,-3.83E-04,-7.46E-04,-4.16E-04,-3.00E-04,-3.19E-04
560,-7.54E-04,-6.81E-04,-7.83E-04,-6.20E-04,-7.55E-04,-3.11E-04,-6.48E-04,-7.48E-04,-4.06E-04,-2.78E-04,-5.39E-04,-8.14E-04,-3.97E-04,-3.98E-04,-3.82E-04,-3.73E-04,-7.28E-04,-4.00E-04,-2.90E-04,-3.18E-04
561,-7.41E-04,-6.62E-04,-7.70E-04,-6.01E-04,-7.35E-04,-2.96E-04,-6.32E-04,-7.27E-04,-3.93E-04,-2.66E-04,-5.25E-04,-7.94E-04,-3.83E-04,-3.83E-04,-3.58E-04,-3.63E-04,-7.08E-04,-3.81E-04,-2.81E-04,-3.16E-04
562,-7.28E-04,-6.38E-04,-7.56E-04,-5.81E-04,-7.12E-04,-2.80E-04,-6.15E-04,-7.05E-04,-3.79E-04,-2.53E-04,-5.09E-04,-7.75E-04,-3.70E-04,-3.67E-04,-3.35E-04,-3.54E-04,-6.86E-04,-3.61E-04,-2.74E-04,-3.14E-04
563,-7.15E-04,-6.09E-04,-7.40E-04,-5.60E-04,-6.89E-04,-2.62E-04,-5.97E-04,-6.83E-04,-3.65E-04,-2.40E-04,-4.93E-04,-7.56E-04,-3.58E-04,-3.50E-04,-3.16E-04,-3.45E-04,-6.60E-04,-3.39E-04,-2.68E-04,-3.12E-04
564,-7.01E-04,-5.76E-04,-7.22E-04,-5.37E-04,-6.64E-04,-2.44E-04,-5.77E-04,-6.60E-04,-3.51E-04,-2.26E-04,-4.76E-04,-7.37E-04,-3.47E-04,-3.32E-04,-2.99E-04,-3.37E-04,-6.32E-04,-3.14E-04,-2.61E-04,-3.11E-04
565,-6.87E-04,-5.40E-04,-7.02E-04,-5.12E-04,-6.38E-04,-2.25E-04,-5.56E-04,-6.37E-04,-3.36E-04,-2.12E-04,-4.57E-04,-7.19E-04,-3.37E-04,-3.14E-04,-2.85E-04,-3.30E-04,-6.00E-04,-2.88E-04,-2.54E-04,-3.11E-04
566,-6.73E-04,-5.02E-04,-6.82E-04,-4.86E-04,-6.10E-04,-2.05E-04,-5.34E-04,-6.13E-04,-3.21E-04,-1.98E-04,-4.38E-04,-7.01E-04,-3.28E-04,-2.95E-04,-2.74E-04,-3.22E-04,-5.65E-04,-2.60E-04,-2.46E-04,-3.12E-04
567,-6.57E-04,-4.63E-04,-6.60E-04,-4.59E-04,-5.83E-04,-1.85E-04,-5.10E-04,-5.89E-04,-3.05E-04,-1.83E-04,-4.18E-04,-6.82E-04,-3.19E-04,-2.75E-04,-2.66E-04,-3.14E-04,-5.26E-04,-2.31E-04,-2.36E-04,-3.14E-04
568,-6.41E-04,-4.24E-04,-6.37E-04,-4.30E-04,-5.54E-04,-1.63E-04,-4.85E-04,-5.64E-04,-2.90E-04,-1.69E-04,-3.97E-04,-6.63E-04,-3.10E-04,-2.55E-04,-2.59E-04,-3.04E-04,-4.85E-04,-2.01E-04,-2.24E-04,-3.18E-04
569,-6.23E-04,-3.88E-04,-6.13E-04,-4.01E-04,-5.25E-04,-1.42E-04,-4.59E-04,-5.39E-04,-2.74E-04,-1.54E-04,-3.76E-04,-6.44E-04,-3.01E-04,-2.33E-04,-2.55E-04,-2.94E-04,-4.40E-04,-1.71E-04,-2.11E-04,-3.23E-04
570,-6.05E-04,-3.53E-04,-5.89E-04,-3.72E-04,-4.96E-04,-1.20E-04,-4.31E-04,-5.12E-04,-2.58E-04,-1.40E-04,-3.55E-04,-6.23E-04,-2.91E-04,-2.12E-04,-2.51E-04,-2.82E-04,-3.94E-04,-1.41E-04,-1.95E-04,-3.31E-04
571,-5.86E-04,-3.23E-04,-5.65E-04,-3.43E-04,-4.67E-04,-9.77E-05,-4.03E-04,-4.85E-04,-2.41E-04,-1.26E-04,-3.34E-04,-6.03E-04,-2.79E-04,-1.90E-04,-2.46E-04,-2.68E-04,-3.46E-04,-1.12E-04,-1.78E-04,-3.39E-04
572,-5.66E-04,-2.97E-04,-5.41E-04,-3.16E-04,-4.39E-04,-7.61E-05,-3.72E-04,-4.57E-04,-2.25E-04,-1.12E-04,-3.13E-04,-5.81E-04,-2.66E-04,-1.68E-04,-2.41E-04,-2.52E-04,-2.98E-04,-8.45E-05,-1.59E-04,-3.49E-04
573,-5.45E-04,-2.76E-04,-5.17E-04,-2.89E-04,-4.10E-04,-5.48E-05,-3.41E-04,-4.28E-04,-2.09E-04,-9.82E-05,-2.94E-04,-5.58E-04,-2.51E-04,-1.46E-04,-2.34E-04,-2.35E-04,-2.50E-04,-5.87E-05,-1.39E-04,-3.60E-04
574,-5.25E-04,-2.60E-04,-4.93E-04,-2.64E-04,-3.82E-04,-3.43E-05,-3.09E-04,-3.97E-04,-1.92E-04,-8.50E-05,-2.75E-04,-5.35E-04,-2.34E-04,-1.24E-04,-2.24E-04,-2.16E-04,-2.03E-04,-3.49E-05,-1.19E-04,-3.71E-04
575,-5.04E-04,-2.48E-04,-4.71E-04,-2.41E-04,-3.56E-04,-1.47E-05,-2.77E-04,-3.66E-04,-1.76E-04,-7.22E-05,-2.58E-04,-5.12E-04,-2.15E-04,-1.04E-04,-2.11E-04,-1.96E-04,-1.58E-04,-1.33E-05,-9.88E-05,-3.83E-04
576,-4.83E-04,-2.42E-04,-4.49E-04,-2.21E-04,-3.30E-04,3.86E-06,-2.44E-04,-3.34E-04,-1.60E-04,-5.99E-05,-2.43E-04,-4.88E-04,-1.94E-04,-8.35E-05,-1.94E-04,-1.76E-04,-1.17E-04,6.07E-06,-7.94E-05,-3.95E-04
577,-4.62E-04,-2.38E-04,-4.28E-04,-2.03E-04,-3.05E-04,2.11E-05,-2.12E-04,-3.02E-04,-1.44E-04,-4.80E-05,-2.30E-04,-4.64E-04,-1.71E-04,-6.46E-05,-1.74E-04,-1.55E-04,-7.92E-05,2.32E-05,-6.14E-05,-4.07E-04
578,-4.42E-04,-2.38E-04,-4.07E-04,-1.88E-04,-2.82E-04,3.70E-05,-1.80E-04,-2.69E-04,-1.29E-04,-3.68E-05,-2.19E-04,-4.40E-04,-1.47E-04,-4.71E-05,-1.51E-04,-1.36E-04,-4.64E-05,3.84E-05,-4.52E-05,-4.18E-04
579,-4.21E-04,-2.39E-04,-3.89E-04,-1.75E-04,-2.60E-04,5.14E-05,-1.49E-04,-2.37E-04,-1.14E-04,-2.60E-05,-2.09E-04,-4.17E-04,-1.22E-04,-3.10E-05,-1.24E-04,-1.18E-04,-1.88E-05,5.17E-05,-3.14E-05,-4.28E-04
580,-4.02E-04,-2.41E-04,-3.71E-04,-1.65E-04,-2.40E-04,6.42E-05,-1.20E-04,-2.05E-04,-1.00E-04,-1.59E-05,-2.01E-04,-3.96E-04,-9.60E-05,-1.65E-05,-9.52E-05,-1.02E-04,3.40E-06,6.37E-05,-2.04E-05,-4.37E-04
581,-3.82E-04,-2.43E-04,-3.54E-04,-1.56E-04,-2.22E-04,7.54E-05,-9.22E-05,-1.74E-04,-8.69E-05,-6.44E-06,-1.95E-04,-3.75E-04,-7.02E-05,-3.59E-06,-6.47E-05,-8.87E-05,2.01E-05,7.45E-05,-1.23E-05,-4.45E-04
582,-3.64E-04,-2.44E-04,-3.39E-04,-1.50E-04,-2.06E-04,8.50E-05,-6.69E-05,-1.45E-04,-7.47E-05,2.31E-06,-1.90E-04,-3.56E-04,-4.50E-05,7.64E-06,-3.36E-05,-7.85E-05,3.17E-05,8.45E-05,-7.34E-06,-4.53E-04
583,-3.45E-04,-2.43E-04,-3.24E-04,-1.44E-04,-1.91E-04,9.31E-05,-4.40E-05,-1.18E-04,-6.36E-05,1.03E-05,-1.86E-04,-3.39E-04,-2.10E-05,1.73E-05,-2.90E-06,-7.16E-05,3.85E-05,9.40E-05,-5.38E-06,-4.59E-04
584,-3.26E-04,-2.40E-04,-3.11E-04,-1.40E-04,-1.79E-04,9.99E-05,-2.38E-05,-9.26E-05,-5.36E-05,1.75E-05,-1.82E-04,-3.25E-04,1.39E-06,2.54E-05,2.63E-05,-6.80E-05,4.12E-05,1.03E-04,-6.29E-06,-4.64E-04
585,-3.08E-04,-2.34E-04,-3.00E-04,-1.35E-04,-1.68E-04,1.05E-04,-6.40E-06,-6.99E-05,-4.47E-05,2.38E-05,-1.79E-04,-3.12E-04,2.17E-05,3.22E-05,5.31E-05,-6.76E-05,4.09E-05,1.12E-04,-9.81E-06,-4.68E-04
586,-2.90E-04,-2.25E-04,-2.89E-04,-1.31E-04,-1.60E-04,1.10E-04,8.34E-06,-4.97E-05,-3.69E-05,2.93E-05,-1.75E-04,-3.01E-04,3.96E-05,3.79E-05,7.66E-05,-7.01E-05,3.86E-05,1.21E-04,-1.56E-05,-4.71E-04
587,-2.72E-04,-2.14E-04,-2.80E-04,-1.25E-04,-1.52E-04,1.13E-04,2.05E-05,-3.22E-05,-3.01E-05,3.38E-05,-1.71E-04,-2.93E-04,5.49E-05,4.26E-05,9.62E-05,-7.48E-05,3.53E-05,1.30E-04,-2.31E-05,-4.74E-04
588,-2.53E-04,-2.01E-04,-2.72E-04,-1.19E-04,-1.47E-04,1.16E-04,3.04E-05,-1.71E-05,-2.42E-05,3.74E-05,-1.65E-04,-2.87E-04,6.75E-05,4.66E-05,1.11E-04,-8.12E-05,3.21E-05,1.38E-04,-3.20E-05,-4.77E-04
589,-2.35E-04,-1.86E-04,-2.65E-04,-1.12E-04,-1.42E-04,1.18E-04,3.82E-05,-4.16E-06,-1.91E-05,4.02E-05,-1.59E-04,-2.82E-04,7.73E-05,5.01E-05,1.22E-04,-8.86E-05,3.01E-05,1.46E-04,-4.17E-05,-4.78E-04
590,-2.18E-04,-1.71E-04,-2.60E-04,-1.03E-04,-1.39E-04,1.20E-04,4.45E-05,6.88E-06,-1.46E-05,4.20E-05,-1.52E-04,-2.79E-04,8.46E-05,5.34E-05,1.28E-04,-9.62E-05,3.02E-05,1.53E-04,-5.18E-05,-4.80E-04
591,-2.00E-04,-1.56E-04,-2.55E-04,-9.19E-05,-1.36E-04,1.22E-04,4.96E-05,1.65E-05,-1.03E-05,4.31E-05,-1.43E-04,-2.78E-04,8.95E-05,5.66E-05,1.29E-04,-1.03E-04,3.30E-05,1.60E-04,-6.18E-05,-4.81E-04
592,-1.84E-04,-1.42E-04,-2.52E-04,-7.95E-05,-1.33E-04,1.25E-04,5.40E-05,2.51E-05,-6.29E-06,4.34E-05,-1.34E-04,-2.77E-04,9.24E-05,5.99E-05,1.27E-04,-1.09E-04,3.91E-05,1.65E-04,-7.13E-05,-4.81E-04
593,-1.68E-04,-1.29E-04,-2.49E-04,-6.56E-05,-1.31E-04,1.27E-04,5.81E-05,3.33E-05,-2.17E-06,4.32E-05,-1.23E-04,-2.76E-04,9.37E-05,6.34E-05,1.21E-04,-1.14E-04,4.85E-05,1.69E-04,-8.01E-05,-4.81E-04
594,-1.53E-04,-1.18E-04,-2.47E-04,-5.02E-05,-1.28E-04,1.31E-04,6.22E-05,4.16E-05,2.20E-06,4.24E-05,-1.12E-04,-2.75E-04,9.36E-05,6.72E-05,1.14E-04,-1.17E-04,6.13E-05,1.71E-04,-8.78E-05,-4.81E-04
595,-1.39E-04,-1.10E-04,-2.45E-04,-3.37E-05,-1.25E-04,1.35E-04,6.67E-05,5.03E-05,6.96E-06,4.13E-05,-1.01E-04,-2.75E-04,9.27E-05,7.14E-05,1.04E-04,-1.18E-04,7.70E-05,1.72E-04,-9.42E-05,-4.79E-04
596,-1.27E-04,-1.04E-04,-2.43E-04,-1.63E-05,-1.21E-04,1.39E-04,7.17E-05,5.99E-05,1.22E-05,3.99E-05,-9.03E-05,-2.73E-04,9.13E-05,7.59E-05,9.39E-05,-1.17E-04,9.50E-05,1.72E-04,-9.93E-05,-4.78E-04
597,-1.17E-04,-1.01E-04,-2.41E-04,1.57E-06,-1.17E-04,1.45E-04,7.74E-05,7.07E-05,1.81E-05,3.84E-05,-7.97E-05,-2.71E-04,8.96E-05,8.06E-05,8.39E-05,-1.15E-04,1.15E-04,1.71E-04,-1.03E-04,-4.76E-04
598,-1.08E-04,-1.00E-04,-2.39E-04,1.94E-05,-1.11E-04,1.52E-04,8.38E-05,8.27E-05,2.45E-05,3.68E-05,-6.99E-05,-2.68E-04,8.79E-05,8.55E-05,7.48E-05,-1.13E-04,1.35E-04,1.69E-04,-1.05E-04,-4.73E-04
599,-1.02E-04,-1.01E-04,-2.36E-04,3.69E-05,-1.04E-04,1.59E-04,9.06E-05,9.61E-05,3.14E-05,3.53E-05,-6.12E-05,-2.63E-04,8.63E-05,9.04E-05,6.70E-05,-1.10E-04,1.55E-04,1.66E-04,-1.05E-04,-4.69E-04
600,-9.75E-05,-1.03E-04,-2.33E-04,5.35E-05,-9.65E-05,1.67E-04,9.78E-05,1.11E-04,3.86E-05,3.38E-05,-5.37E-05,-2.57E-04,8.49E-05,9.51E-05,6.11E-05,-1.09E-04,1.73E-04,1.64E-04,-1.04E-04,-4.65E-04
601,-9.52E-05,-1.06E-04,-2.29E-04,6.88E-05,-8.80E-05,1.75E-04,1.05E-04,1.26E-04,4.60E-05,3.24E-05,-4.76E-05,-2.50E-04,8.36E-05,9.95E-05,5.71E-05,-1.08E-04,1.89E-04,1.61E-04,-1.02E-04,-4.60E-04
602,-9.49E-05,-1.09E-04,-2.25E-04,8.24E-05,-7.87E-05,1.84E-04,1.12E-04,1.42E-04,5.34E-05,3.11E-05,-4.31E-05,-2.42E-04,8.23E-05,1.03E-04,5.50E-05,-1.11E-04,2.02E-04,1.59E-04,-9.79E-05,-4.55E-04
603,-9.66E-05,-1.11E-04,-2.19E-04,9.39E-05,-6.90E-05,1.92E-04,1.18E-04,1.58E-04,6.05E-05,2.97E-05,-3.99E-05,-2.33E-04,8.08E-05,1.06E-04,5.47E-05,-1.16E-04,2.11E-04,1.58E-04,-9.29E-05,-4.50E-04
604,-1.00E-04,-1.12E-04,-2.14E-04,1.03E-04,-5.91E-05,2.01E-04,1.23E-04,1.73E-04,6.71E-05,2.81E-05,-3.82E-05,-2.23E-04,7.89E-05,1.08E-04,5.57E-05,-1.26E-04,2.16E-04,1.58E-04,-8.67E-05,-4.44E-04
605,-1.05E-04,-1.11E-04,-2.08E-04,1.10E-04,-4.94E-05,2.09E-04,1.27E-04,1.88E-04,7.27E-05,2.63E-05,-3.77E-05,-2.13E-04,7.64E-05,1.10E-04,5.75E-05,-1.40E-04,2.16E-04,1.58E-04,-7.94E-05,-4.39E-04
606,-1.12E-04,-1.08E-04,-2.03E-04,1.13E-04,-4.03E-05,2.16E-04,1.29E-04,2.01E-04,7.73E-05,2.40E-05,-3.81E-05,-2.03E-04,7.30E-05,1.09E-04,5.96E-05,-1.57E-04,2.13E-04,1.60E-04,-7.14E-05,-4.33E-04
607,-1.19E-04,-1.04E-04,-1.98E-04,1.14E-04,-3.22E-05,2.22E-04,1.29E-04,2.11E-04,8.05E-05,2.10E-05,-3.94E-05,-1.93E-04,6.86E-05,1.08E-04,6.11E-05,-1.80E-04,2.06E-04,1.62E-04,-6.27E-05,-4.28E-04
608,-1.28E-04,-9.78E-05,-1.94E-04,1.12E-04,-2.53E-05,2.27E-04,1.27E-04,2.19E-04,8.22E-05,1.73E-05,-4.12E-05,-1.83E-04,6.32E-05,1.05E-04,6.17E-05,-2.05E-04,1.95E-04,1.65E-04,-5.35E-05,-4.23E-04
609,-1.38E-04,-9.04E-05,-1.91E-04,1.08E-04,-2.01E-05,2.31E-04,1.23E-04,2.25E-04,8.22E-05,1.26E-05,-4.33E-05,-1.74E-04,5.67E-05,1.01E-04,6.06E-05,-2.35E-04,1.82E-04,1.67E-04,-4.42E-05,-4.18E-04
610,-1.48E-04,-8.23E-05,-1.89E-04,1.01E-04,-1.69E-05,2.33E-04,1.16E-04,2.27E-04,8.05E-05,6.77E-06,-4.56E-05,-1.66E-04,4.93E-05,9.55E-05,5.74E-05,-2.66E-04,1.68E-04,1.68E-04,-3.49E-05,-4.14E-04
611,-1.58E-04,-7.41E-05,-1.90E-04,9.20E-05,-1.58E-05,2.33E-04,1.08E-04,2.26E-04,7.71E-05,-2.26E-07,-4.79E-05,-1.59E-04,4.10E-05,8.89E-05,5.19E-05,-2.99E-04,1.52E-04,1.69E-04,-2.60E-05,-4.09E-04
612,-1.68E-04,-6.68E-05,-1.92E-04,8.11E-05,-1.71E-05,2.32E-04,9.83E-05,2.22E-04,7.20E-05,-8.46E-06,-5.00E-05,-1.53E-04,3.23E-05,8.12E-05,4.40E-05,-3.32E-04,1.37E-04,1.68E-04,-1.77E-05,-4.06E-04
613,-1.78E-04,-6.10E-05,-1.96E-04,6.88E-05,-2.07E-05,2.30E-04,8.69E-05,2.15E-04,6.55E-05,-1.79E-05,-5.21E-05,-1.49E-04,2.34E-05,7.26E-05,3.36E-05,-3.65E-04,1.22E-04,1.64E-04,-1.03E-05,-4.02E-04
614,-1.87E-04,-5.77E-05,-2.03E-04,5.55E-05,-2.66E-05,2.25E-04,7.42E-05,2.05E-04,5.76E-05,-2.86E-05,-5.41E-05,-1.46E-04,1.48E-05,6.32E-05,2.09E-05,-3.95E-04,1.09E-04,1.59E-04,-4.19E-06,-3.99E-04
615,-1.96E-04,-5.75E-05,-2.11E-04,4.17E-05,-3.48E-05,2.20E-04,6.07E-05,1.94E-04,4.87E-05,-4.03E-05,-5.62E-05,-1.45E-04,6.83E-06,5.33E-05,6.42E-06,-4.23E-04,9.66E-05,1.50E-04,4.86E-07,-3.97E-04
616,-2.04E-04,-6.12E-05,-2.22E-04,2.78E-05,-4.48E-05,2.13E-04,4.64E-05,1.81E-04,3.90E-05,-5.28E-05,-5.85E-05,-1.45E-04,-9.37E-08,4.31E-05,-9.48E-06,-4.47E-04,8.64E-05,1.39E-04,3.51E-06,-3.94E-04
617,-2.10E-04,-6.90E-05,-2.34E-04,1.43E-05,-5.66E-05,2.06E-04,3.16E-05,1.67E-04,2.88E-05,-6.61E-05,-6.10E-05,-1.46E-04,-5.61E-06,3.27E-05,-2.62E-05,-4.67E-04,7.78E-05,1.25E-04,4.76E-06,-3.92E-04
618,-2.15E-04,-8.11E-05,-2.47E-04,1.42E-06,-6.95E-05,1.98E-04,1.65E-05,1.52E-04,1.84E-05,-7.97E-05,-6.41E-05,-1.48E-04,-9.46E-06,2.25E-05,-4.32E-05,-4.83E-04,7.06E-05,1.09E-04,4.16E-06,-3.91E-04
619,-2.18E-04,-9.76E-05,-2.62E-04,-1.04E-05,-8.33E-05,1.91E-04,1.13E-06,1.37E-04,8.09E-06,-9.35E-05,-6.78E-05,-1.51E-04,-1.15E-05,1.25E-05,-6.00E-05,-4.94E-04,6.44E-05,9.13E-05,1.73E-06,-3.89E-04
620,-2.19E-04,-1.18E-04,-2.76E-04,-2.09E-05,-9.74E-05,1.83E-04,-1.45E-05,1.22E-04,-1.91E-06,-1.07E-04,-7.22E-05,-1.55E-04,-1.16E-05,3.01E-06,-7.58E-05,-5.01E-04,5.86E-05,7.24E-05,-2.42E-06,-3.88E-04
621,-2.19E-04,-1.42E-04,-2.90E-04,-3.00E-05,-1.11E-04,1.75E-04,-3.04E-05,1.08E-04,-1.14E-05,-1.20E-04,-7.74E-05,-1.59E-04,-9.93E-06,-5.89E-06,-9.04E-05,-5.04E-04,5.26E-05,5.31E-05,-8.11E-06,-3.88E-04
622,-2.16E-04,-1.68E-04,-3.04E-04,-3.76E-05,-1.25E-04,1.69E-04,-4.66E-05,9.52E-05,-2.01E-05,-1.33E-04,-8.33E-05,-1.64E-04,-6.70E-06,-1.41E-05,-1.03E-04,-5.04E-04,4.58E-05,3.43E-05,-1.51E-05,-3.88E-04
623,-2.12E-04,-1.96E-04,-3.16E-04,-4.37E-05,-1.37E-04,1.63E-04,-6.30E-05,8.30E-05,-2.81E-05,-1.44E-04,-8.99E-05,-1.69E-04,-2.25E-06,-2.15E-05,-1.15E-04,-5.01E-04,3.76E-05,1.68E-05,-2.30E-05,-3.89E-04
624,-2.06E-04,-2.25E-04,-3.27E-04,-4.85E-05,-1.48E-04,1.59E-04,-7.98E-05,7.19E-05,-3.51E-05,-1.54E-04,-9.70E-05,-1.74E-04,2.97E-06,-2.80E-05,-1.24E-04,-4.97E-04,2.75E-05,1.28E-06,-3.15E-05,-3.90E-04
625,-1.99E-04,-2.53E-04,-3.36E-04,-5.21E-05,-1.58E-04,1.55E-04,-9.68E-05,6.18E-05,-4.13E-05,-1.64E-04,-1.04E-04,-1.79E-04,8.45E-06,-3.38E-05,-1.31E-04,-4.92E-04,1.51E-05,-1.15E-05,-4.02E-05,-3.93E-04
626,-1.90E-04,-2.79E-04,-3.43E-04,-5.48E-05,-1.65E-04,1.53E-04,-1.14E-04,5.25E-05,-4.67E-05,-1.71E-04,-1.12E-04,-1.85E-04,1.36E-05,-3.87E-05,-1.38E-04,-4.87E-04,4.40E-07,-2.12E-05,-4.87E-05,-3.95E-04
627,-1.81E-04,-3.02E-04,-3.47E-04,-5.69E-05,-1.71E-04,1.53E-04,-1.31E-04,4.39E-05,-5.13E-05,-1.78E-04,-1.19E-04,-1.91E-04,1.80E-05,-4.29E-05,-1.43E-04,-4.83E-04,-1.65E-05,-2.73E-05,-5.68E-05,-3.99E-04
628,-1.71E-04,-3.22E-04,-3.49E-04,-5.87E-05,-1.75E-04,1.53E-04,-1.48E-04,3.57E-05,-5.52E-05,-1.82E-04,-1.26E-04,-1.98E-04,2.09E-05,-4.65E-05,-1.47E-04,-4.81E-04,-3.53E-05,-2.98E-05,-6.40E-05,-4.03E-04
629,-1.62E-04,-3.37E-04,-3.49E-04,-6.05E-05,-1.76E-04,1.55E-04,-1.64E-04,2.77E-05,-5.85E-05,-1.86E-04,-1.31E-04,-2.05E-04,2.21E-05,-4.95E-05,-1.51E-04,-4.80E-04,-5.56E-05,-2.89E-05,-7.02E-05,-4.08E-04
630,-1.52E-04,-3.47E-04,-3.47E-04,-6.26E-05,-1.76E-04,1.57E-04,-1.78E-04,1.96E-05,-6.15E-05,-1.89E-04,-1.36E-04,-2.13E-04,2.11E-05,-5.21E-05,-1.55E-04,-4.82E-04,-7.66E-05,-2.49E-05,-7.52E-05,-4.13E-04
631,-1.44E-04,-3.52E-04,-3.43E-04,-6.52E-05,-1.75E-04,1.61E-04,-1.90E-04,1.13E-05,-6.41E-05,-1.90E-04,-1.40E-04,-2.22E-04,1.78E-05,-5.44E-05,-1.60E-04,-4.86E-04,-9.76E-05,-1.84E-05,-7.90E-05,-4.18E-04
632,-1.38E-04,-3.51E-04,-3.38E-04,-6.85E-05,-1.73E-04,1.65E-04,-2.00E-04,2.65E-06,-6.65E-05,-1.91E-04,-1.42E-04,-2.32E-04,1.22E-05,-5.64E-05,-1.66E-04,-4.91E-04,-1.18E-04,-1.01E-05,-8.16E-05,-4.23E-04
633,-1.33E-04,-3.45E-04,-3.33E-04,-7.25E-05,-1.69E-04,1.69E-04,-2.07E-04,-6.44E-06,-6.89E-05,-1.91E-04,-1.43E-04,-2.43E-04,4.41E-06,-5.84E-05,-1.73E-04,-4.99E-04,-1.36E-04,-8.92E-07,-8.32E-05,-4.28E-04
634,-1.30E-04,-3.35E-04,-3.26E-04,-7.75E-05,-1.66E-04,1.73E-04,-2.10E-04,-1.60E-05,-7.11E-05,-1.91E-04,-1.42E-04,-2.55E-04,-5.35E-06,-6.04E-05,-1.82E-04,-5.07E-04,-1.52E-04,8.29E-06,-8.40E-05,-4.32E-04
635,-1.29E-04,-3.20E-04,-3.20E-04,-8.31E-05,-1.62E-04,1.77E-04,-2.09E-04,-2.58E-05,-7.33E-05,-1.91E-04,-1.41E-04,-2.67E-04,-1.66E-05,-6.25E-05,-1.92E-04,-5.15E-04,-1.64E-04,1.65E-05,-8.43E-05,-4.35E-04
636,-1.30E-04,-3.03E-04,-3.14E-04,-8.94E-05,-1.58E-04,1.81E-04,-2.03E-04,-3.60E-05,-7.54E-05,-1.91E-04,-1.38E-04,-2.80E-04,-2.89E-05,-6.47E-05,-2.04E-04,-5.24E-04,-1.73E-04,2.30E-05,-8.44E-05,-4.37E-04
637,-1.33E-04,-2.83E-04,-3.09E-04,-9.61E-05,-1.54E-04,1.84E-04,-1.92E-04,-4.61E-05,-7.74E-05,-1.91E-04,-1.35E-04,-2.93E-04,-4.15E-05,-6.70E-05,-2.17E-04,-5.31E-04,-1.78E-04,2.69E-05,-8.45E-05,-4.38E-04
638,-1.38E-04,-2.62E-04,-3.04E-04,-1.03E-04,-1.51E-04,1.87E-04,-1.76E-04,-5.61E-05,-7.93E-05,-1.91E-04,-1.32E-04,-3.06E-04,-5.39E-05,-6.95E-05,-2.30E-04,-5.37E-04,-1.79E-04,2.77E-05,-8.51E-05,-4.37E-04
639,-1.43E-04,-2.41E-04,-3.00E-04,-1.10E-04,-1.48E-04,1.89E-04,-1.56E-04,-6.57E-05,-8.10E-05,-1.91E-04,-1.29E-04,-3.18E-04,-6.54E-05,-7.20E-05,-2.44E-04,-5.41E-04,-1.75E-04,2.51E-05,-8.62E-05,-4.33E-04
640,-1.49E-04,-2.21E-04,-2.97E-04,-1.16E-04,-1.46E-04,1.90E-04,-1.32E-04,-7.46E-05,-8.24E-05,-1.91E-04,-1.26E-04,-3.28E-04,-7.55E-05,-7.46E-05,-2.58E-04,-5.43E-04,-1.68E-04,1.89E-05,-8.81E-05,-4.28E-04
641,-1.55E-04,-2.02E-04,-2.95E-04,-1.21E-04,-1.45E-04,1.90E-04,-1.05E-04,-8.26E-05,-8.34E-05,-1.92E-04,-1.24E-04,-3.37E-04,-8.36E-05,-7.70E-05,-2.71E-04,-5.42E-04,-1.59E-04,9.29E-06,-9.09E-05,-4.20E-04
642,-1.61E-04,-1.85E-04,-2.93E-04,-1.26E-04,-1.43E-04,1.90E-04,-7.54E-05,-8.96E-05,-8.39E-05,-1.93E-04,-1.23E-04,-3.43E-04,-8.96E-05,-7.94E-05,-2.83E-04,-5.39E-04,-1.47E-04,-3.42E-06,-9.43E-05,-4.10E-04
643,-1.65E-04,-1.71E-04,-2.92E-04,-1.29E-04,-1.42E-04,1.89E-04,-4.47E-05,-9.54E-05,-8.39E-05,-1.94E-04,-1.23E-04,-3.46E-04,-9.30E-05,-8.14E-05,-2.93E-04,-5.34E-04,-1.34E-04,-1.86E-05,-9.83E-05,-3.98E-04
644,-1.68E-04,-1.60E-04,-2.91E-04,-1.32E-04,-1.41E-04,1.88E-04,-1.40E-05,-9.99E-05,-8.33E-05,-1.95E-04,-1.24E-04,-3.46E-04,-9.40E-05,-8.32E-05,-3.01E-04,-5.27E-04,-1.21E-04,-3.56E-05,-1.03E-04,-3.83E-04
645,-1.69E-04,-1.52E-04,-2.90E-04,-1.33E-04,-1.39E-04,1.86E-04,1.56E-05,-1.03E-04,-8.22E-05,-1.95E-04,-1.26E-04,-3.43E-04,-9.27E-05,-8.45E-05,-3.06E-04,-5.18E-04,-1.09E-04,-5.35E-05,-1.07E-04,-3.67E-04
646,-1.67E-04,-1.46E-04,-2.88E-04,-1.32E-04,-1.36E-04,1.84E-04,4.29E-05,-1.05E-04,-8.05E-05,-1.95E-04,-1.28E-04,-3.36E-04,-8.94E-05,-8.54E-05,-3.09E-04,-5.09E-04,-9.81E-05,-7.13E-05,-1.11E-04,-3.49E-04
647,-1.64E-04,-1.43E-04,-2.86E-04,-1.31E-04,-1.33E-04,1.83E-04,6.67E-05,-1.06E-04,-7.82E-05,-1.95E-04,-1.32E-04,-3.25E-04,-8.44E-05,-8.57E-05,-3.10E-04,-4.99E-04,-8.99E-05,-8.81E-05,-1.14E-04,-3.31E-04
648,-1.58E-04,-1.42E-04,-2.82E-04,-1.29E-04,-1.28E-04,1.81E-04,8.63E-05,-1.06E-04,-7.56E-05,-1.94E-04,-1.35E-04,-3.12E-04,-7.84E-05,-8.56E-05,-3.08E-04,-4.89E-04,-8.48E-05,-1.03E-04,-1.16E-04,-3.12E-04
649,-1.50E-04,-1.41E-04,-2.77E-04,-1.26E-04,-1.22E-04,1.80E-04,1.01E-04,-1.05E-04,-7.25E-05,-1.93E-04,-1.38E-04,-2.96E-04,-7.18E-05,-8.50E-05,-3.04E-04,-4.79E-04,-8.29E-05,-1.15E-04,-1.16E-04,-2.93E-04
650,-1.40E-04,-1.42E-04,-2.71E-04,-1.23E-04,-1.15E-04,1.78E-04,1.10E-04,-1.04E-04,-6.93E-05,-1.91E-04,-1.41E-04,-2.77E-04,-6.52E-05,-8.39E-05,-2.99E-04,-4.71E-04,-8.45E-05,-1.25E-04,-1.14E-04,-2.76E-04
651,-1.30E-04,-1.42E-04,-2.64E-04,-1.20E-04,-1.07E-04,1.78E-04,1.14E-04,-1.03E-04,-6.59E-05,-1.89E-04,-1.43E-04,-2.57E-04,-5.93E-05,-8.26E-05,-2.92E-04,-4.64E-04,-8.94E-05,-1.30E-04,-1.11E-04,-2.61E-04
652,-1.19E-04,-1.42E-04,-2.55E-04,-1.17E-04,-9.79E-05,1.77E-04,1.12E-04,-1.01E-04,-6.25E-05,-1.86E-04,-1.44E-04,-2.37E-04,-5.44E-05,-8.09E-05,-2.85E-04,-4.59E-04,-9.71E-05,-1.32E-04,-1.05E-04,-2.48E-04
653,-1.08E-04,-1.41E-04,-2.46E-04,-1.14E-04,-8.78E-05,1.77E-04,1.05E-04,-9.98E-05,-5.92E-05,-1.83E-04,-1.43E-04,-2.18E-04,-5.09E-05,-7.92E-05,-2.78E-04,-4.55E-04,-1.07E-04,-1.31E-04,-9.78E-05,-2.38E-04
654,-9.73E-05,-1.38E-04,-2.35E-04,-1.13E-04,-7.70E-05,1.78E-04,9.38E-05,-9.90E-05,-5.62E-05,-1.80E-04,-1.41E-04,-1.99E-04,-4.92E-05,-7.75E-05,-2.72E-04,-4.52E-04,-1.19E-04,-1.26E-04,-8.88E-05,-2.33E-04
655,-8.83E-05,-1.34E-04,-2.24E-04,-1.13E-04,-6.59E-05,1.79E-04,7.86E-05,-9.88E-05,-5.35E-05,-1.76E-04,-1.37E-04,-1.83E-04,-4.93E-05,-7.59E-05,-2.66E-04,-4.50E-04,-1.31E-04,-1.18E-04,-7.88E-05,-2.32E-04
656,-8.09E-05,-1.27E-04,-2.12E-04,-1.13E-04,-5.48E-05,1.80E-04,6.05E-05,-9.92E-05,-5.12E-05,-1.72E-04,-1.32E-04,-1.70E-04,-5.11E-05,-7.45E-05,-2.63E-04,-4.50E-04,-1.43E-04,-1.09E-04,-6.83E-05,-2.36E-04
657,-7.55E-05,-1.20E-04,-2.00E-04,-1.15E-04,-4.41E-05,1.80E-04,4.06E-05,-1.00E-04,-4.94E-05,-1.69E-04,-1.25E-04,-1.60E-04,-5.46E-05,-7.35E-05,-2.61E-04,-4.49E-04,-1.55E-04,-9.78E-05,-5.78E-05,-2.45E-04
658,-7.23E-05,-1.11E-04,-1.88E-04,-1.17E-04,-3.41E-05,1.81E-04,1.98E-05,-1.02E-04,-4.81E-05,-1.65E-04,-1.17E-04,-1.54E-04,-5.93E-05,-7.27E-05,-2.62E-04,-4.48E-04,-1.64E-04,-8.67E-05,-4.81E-05,-2.58E-04
659,-7.12E-05,-1.00E-04,-1.77E-04,-1.20E-04,-2.49E-05,1.82E-04,-7.62E-07,-1.05E-04,-4.73E-05,-1.62E-04,-1.08E-04,-1.52E-04,-6.48E-05,-7.22E-05,-2.65E-04,-4.47E-04,-1.71E-04,-7.62E-05,-3.98E-05,-2.76E-04
660,-7.20E-05,-8.97E-05,-1.66E-04,-1.24E-04,-1.67E-05,1.83E-04,-2.02E-05,-1.08E-04,-4.69E-05,-1.59E-04,-9.91E-05,-1.54E-04,-7.08E-05,-7.20E-05,-2.70E-04,-4.45E-04,-1.75E-04,-6.71E-05,-3.36E-05,-2.98E-04
661,-7.44E-05,-7.87E-05,-1.55E-04,-1.28E-04,-9.66E-06,1.83E-04,-3.77E-05,-1.11E-04,-4.68E-05,-1.57E-04,-9.01E-05,-1.58E-04,-7.65E-05,-7.20E-05,-2.77E-04,-4.41E-04,-1.75E-04,-6.01E-05,-3.00E-05,-3.22E-04
662,-7.80E-05,-6.79E-05,-1.45E-04,-1.31E-04,-3.70E-06,1.83E-04,-5.26E-05,-1.15E-04,-4.70E-05,-1.55E-04,-8.13E-05,-1.66E-04,-8.16E-05,-7.19E-05,-2.85E-04,-4.36E-04,-1.72E-04,-5.56E-05,-2.93E-05,-3.48E-04
663,-8.21E-05,-5.78E-05,-1.35E-04,-1.34E-04,1.32E-06,1.83E-04,-6.44E-05,-1.19E-04,-4.73E-05,-1.53E-04,-7.31E-05,-1.75E-04,-8.55E-05,-7.15E-05,-2.95E-04,-4.29E-04,-1.65E-04,-5.40E-05,-3.18E-05,-3.73E-04
664,-8.61E-05,-4.87E-05,-1.26E-04,-1.36E-04,5.66E-06,1.83E-04,-7.29E-05,-1.22E-04,-4.76E-05,-1.51E-04,-6.57E-05,-1.85E-04,-8.79E-05,-7.08E-05,-3.05E-04,-4.21E-04,-1.55E-04,-5.55E-05,-3.75E-05,-3.97E-04
665,-8.94E-05,-4.07E-05,-1.16E-04,-1.36E-04,9.62E-06,1.82E-04,-7.79E-05,-1.25E-04,-4.76E-05,-1.49E-04,-5.92E-05,-1.95E-04,-8.84E-05,-6.93E-05,-3.14E-04,-4.11E-04,-1.43E-04,-5.99E-05,-4.62E-05,-4.17E-04
666,-9.14E-05,-3.39E-05,-1.06E-04,-1.35E-04,1.36E-05,1.82E-04,-7.95E-05,-1.28E-04,-4.73E-05,-1.47E-04,-5.36E-05,-2.03E-04,-8.69E-05,-6.68E-05,-3.23E-04,-3.99E-04,-1.28E-04,-6.69E-05,-5.75E-05,-4.33E-04
667,-9.16E-05,-2.82E-05,-9.61E-05,-1.32E-04,1.82E-05,1.81E-04,-7.78E-05,-1.29E-04,-4.64E-05,-1.44E-04,-4.86E-05,-2.08E-04,-8.33E-05,-6.31E-05,-3.29E-04,-3.87E-04,-1.11E-04,-7.61E-05,-7.08E-05,-4.43E-04
668,-8.95E-05,-2.34E-05,-8.50E-05,-1.27E-04,2.37E-05,1.81E-04,-7.30E-05,-1.30E-04,-4.48E-05,-1.41E-04,-4.42E-05,-2.10E-04,-7.76E-05,-5.79E-05,-3.33E-04,-3.73E-04,-9.38E-05,-8.67E-05,-8.54E-05,-4.44E-04
669,-8.49E-05,-1.91E-05,-7.28E-05,-1.21E-04,3.07E-05,1.82E-04,-6.55E-05,-1.29E-04,-4.22E-05,-1.37E-04,-3.98E-05,-2.08E-04,-7.02E-05,-5.11E-05,-3.33E-04,-3.59E-04,-7.58E-05,-9.80E-05,-1.00E-04,-4.38E-04
670,-7.77E-05,-1.47E-05,-5.92E-05,-1.12E-04,3.96E-05,1.83E-04,-5.55E-05,-1.26E-04,-3.86E-05,-1.33E-04,-3.52E-05,-2.02E-04,-6.11E-05,-4.24E-05,-3.30E-04,-3.45E-04,-5.80E-05,-1.09E-04,-1.15E-04,-4.22E-04
671,-6.78E-05,-9.75E-06,-4.41E-05,-1.01E-04,5.07E-05,1.85E-04,-4.33E-05,-1.22E-04,-3.38E-05,-1.27E-04,-2.98E-05,-1.90E-04,-5.07E-05,-3.19E-05,-3.22E-04,-3.30E-04,-4.08E-05,-1.20E-04,-1.27E-04,-3.97E-04
672,-5.55E-05,-3.58E-06,-2.71E-05,-8.82E-05,6.45E-05,1.89E-04,-2.92E-05,-1.16E-04,-2.77E-05,-1.19E-04,-2.32E-05,-1.73E-04,-3.95E-05,-1.94E-05,-3.10E-04,-3.16E-04,-2.44E-05,-1.28E-04,-1.38E-04,-3.64E-04
673,-4.10E-05,4.41E-06,-8.36E-06,-7.40E-05,8.11E-05,1.94E-04,-1.32E-05,-1.07E-04,-2.02E-05,-1.11E-04,-1.50E-05,-1.52E-04,-2.76E-05,-4.98E-06,-2.93E-04,-3.01E-04,-9.02E-06,-1.34E-04,-1.45E-04,-3.22E-04
674,-2.47E-05,1.48E-05,1.23E-05,-5.84E-05,1.01E-04,2.00E-04,4.65E-06,-9.69E-05,-1.13E-05,-1.00E-04,-4.81E-06,-1.28E-04,-1.55E-05,1.11E-05,-2.71E-04,-2.87E-04,5.40E-06,-1.38E-04,-1.48E-04,-2.74E-04
675,-6.81E-06,2.80E-05,3.47E-05,-4.19E-05,1.23E-04,2.08E-04,2.42E-05,-8.41E-05,-8.53E-07,-8.87E-05,7.65E-06,-9.98E-05,-3.39E-06,2.88E-05,-2.45E-04,-2.72E-04,1.90E-05,-1.38E-04,-1.47E-04,-2.22E-04
676,1.21E-05,4.45E-05,5.89E-05,-2.45E-05,1.48E-04,2.17E-04,4.55E-05,-6.89E-05,1.10E-05,-7.54E-05,2.25E-05,-6.98E-05,8.52E-06,4.79E-05,-2.16E-04,-2.57E-04,3.22E-05,-1.34E-04,-1.41E-04,-1.67E-04
677,3.18E-05,6.43E-05,8.46E-05,-6.59E-06,1.75E-04,2.28E-04,6.87E-05,-5.15E-05,2.42E-05,-6.06E-05,3.98E-05,-3.87E-05,2.01E-05,6.79E-05,-1.83E-04,-2.42E-04,4.53E-05,-1.27E-04,-1.30E-04,-1.12E-04
678,5.19E-05,8.78E-05,1.12E-04,1.16E-05,2.05E-04,2.40E-04,9.37E-05,-3.18E-05,3.88E-05,-4.45E-05,5.95E-05,-7.72E-06,3.14E-05,8.87E-05,-1.48E-04,-2.25E-04,5.89E-05,-1.16E-04,-1.15E-04,-5.84E-05
679,7.23E-05,1.15E-04,1.40E-04,2.99E-05,2.36E-04,2.53E-04,1.20E-04,-9.89E-06,5.46E-05,-2.71E-05,8.12E-05,2.23E-05,4.25E-05,1.10E-04,-1.10E-04,-2.07E-04,7.35E-05,-1.03E-04,-9.59E-05,-9.16E-06
680,9.30E-05,1.45E-04,1.69E-04,4.82E-05,2.69E-04,2.67E-04,1.49E-04,1.40E-05,7.15E-05,-8.66E-06,1.05E-04,5.05E-05,5.34E-05,1.31E-04,-7.23E-05,-1.87E-04,8.96E-05,-8.63E-05,-7.32E-05,3.40E-05
681,1.14E-04,1.77E-04,1.99E-04,6.64E-05,3.02E-04,2.82E-04,1.79E-04,3.98E-05,8.93E-05,1.08E-05,1.29E-04,7.63E-05,6.45E-05,1.52E-04,-3.40E-05,-1.65E-04,1.08E-04,-6.76E-05,-4.79E-05,6.94E-05
682,1.35E-04,2.12E-04,2.29E-04,8.44E-05,3.36E-04,2.97E-04,2.11E-04,6.73E-05,1.08E-04,3.09E-05,1.55E-04,9.92E-05,7.59E-05,1.73E-04,3.68E-06,-1.40E-04,1.28E-04,-4.73E-05,-2.07E-05,9.60E-05
683,1.57E-04,2.49E-04,2.60E-04,1.02E-04,3.70E-04,3.13E-04,2.43E-04,9.61E-05,1.27E-04,5.16E-05,1.81E-04,1.19E-04,8.80E-05,1.94E-04,4.00E-05,-1.13E-04,1.52E-04,-2.58E-05,7.53E-06,1.13E-04
684,1.80E-04,2.87E-04,2.91E-04,1.20E-04,4.03E-04,3.28E-04,2.76E-04,1.26E-04,1.47E-04,7.27E-05,2.07E-04,1.36E-04,1.01E-04,2.13E-04,7.44E-05,-8.28E-05,1.79E-04,-3.91E-06,3.59E-05,1.21E-04
685,2.04E-04,3.26E-04,3.23E-04,1.38E-04,4.35E-04,3.44E-04,3.09E-04,1.57E-04,1.67E-04,9.40E-05,2.32E-04,1.51E-04,1.15E-04,2.32E-04,1.06E-04,-5.05E-05,2.08E-04,1.81E-05,6.36E-05,1.21E-04
686,2.30E-04,3.64E-04,3.55E-04,1.56E-04,4.67E-04,3.58E-04,3.42E-04,1.88E-04,1.87E-04,1.15E-04,2.57E-04,1.63E-04,1.30E-04,2.51E-04,1.35E-04,-1.60E-05,2.41E-04,3.97E-05,8.99E-05,1.13E-04
687,2.58E-04,4.02E-04,3.87E-04,1.74E-04,4.98E-04,3.72E-04,3.74E-04,2.20E-04,2.07E-04,1.36E-04,2.80E-04,1.75E-04,1.47E-04,2.69E-04,1.62E-04,2.04E-05,2.77E-04,6.07E-05,1.14E-04,9.92E-05
688,2.88E-04,4.39E-04,4.20E-04,1.93E-04,5.28E-04,3.85E-04,4.05E-04,2.52E-04,2.27E-04,1.58E-04,3.02E-04,1.87E-04,1.64E-04,2.86E-04,1.85E-04,5.81E-05,3.16E-04,8.10E-05,1.37E-04,8.24E-05
689,3.20E-04,4.75E-04,4.53E-04,2.12E-04,5.57E-04,3.98E-04,4.35E-04,2.83E-04,2.47E-04,1.78E-04,3.22E-04,1.99E-04,1.83E-04,3.04E-04,2.05E-04,9.67E-05,3.57E-04,1.01E-04,1.56E-04,6.47E-05
690,3.54E-04,5.09E-04,4.87E-04,2.32E-04,5.86E-04,4.09E-04,4.62E-04,3.14E-04,2.67E-04,1.99E-04,3.41E-04,2.14E-04,2.03E-04,3.22E-04,2.23E-04,1.36E-04,3.99E-04,1.19E-04,1.74E-04,4.89E-05
691,3.91E-04,5.43E-04,5.22E-04,2.53E-04,6.14E-04,4.20E-04,4.89E-04,3.45E-04,2.87E-04,2.19E-04,3.60E-04,2.31E-04,2.23E-04,3.41E-04,2.39E-04,1.74E-04,4.43E-04,1.38E-04,1.89E-04,3.73E-05
692,4.29E-04,5.74E-04,5.58E-04,2.75E-04,6.42E-04,4.30E-04,5.14E-04,3.76E-04,3.06E-04,2.39E-04,3.77E-04,2.52E-04,2.44E-04,3.60E-04,2.53E-04,2.12E-04,4.87E-04,1.56E-04,2.02E-04,3.24E-05
693,4.68E-04,6.05E-04,5.94E-04,2.98E-04,6.70E-04,4.39E-04,5.38E-04,4.06E-04,3.25E-04,2.58E-04,3.94E-04,2.76E-04,2.65E-04,3.81E-04,2.67E-04,2.48E-04,5.32E-04,1.74E-04,2.14E-04,3.60E-05
694,5.08E-04,6.35E-04,6.32E-04,3.22E-04,6.99E-04,4.48E-04,5.61E-04,4.35E-04,3.44E-04,2.77E-04,4.12E-04,3.04E-04,2.86E-04,4.02E-04,2.80E-04,2.83E-04,5.77E-04,1.93E-04,2.25E-04,4.94E-05
695,5.48E-04,6.64E-04,6.70E-04,3.48E-04,7.28E-04,4.57E-04,5.85E-04,4.65E-04,3.63E-04,2.96E-04,4.30E-04,3.36E-04,3.06E-04,4.25E-04,2.93E-04,3.16E-04,6.21E-04,2.13E-04,2.36E-04,7.30E-05
696,5.88E-04,6.93E-04,7.09E-04,3.74E-04,7.57E-04,4.65E-04,6.10E-04,4.94E-04,3.82E-04,3.14E-04,4.48E-04,3.72E-04,3.26E-04,4.50E-04,3.07E-04,3.47E-04,6.64E-04,2.34E-04,2.47E-04,1.07E-04
697,6.27E-04,7.21E-04,7.48E-04,4.01E-04,7.88E-04,4.74E-04,6.36E-04,5.23E-04,4.01E-04,3.32E-04,4.68E-04,4.11E-04,3.44E-04,4.75E-04,3.23E-04,3.76E-04,7.06E-04,2.56E-04,2.58E-04,1.50E-04
698,6.65E-04,7.50E-04,7.87E-04,4.30E-04,8.19E-04,4.83E-04,6.65E-04,5.53E-04,4.20E-04,3.50E-04,4.89E-04,4.53E-04,3.62E-04,5.02E-04,3.41E-04,4.03E-04,7.46E-04,2.79E-04,2.70E-04,2.00E-04
699,7.00E-04,7.79E-04,8.26E-04,4.59E-04,8.50E-04,4.91E-04,6.97E-04,5.82E-04,4.39E-04,3.67E-04,5.12E-04,4.96E-04,3.79E-04,5.30E-04,3.62E-04,4.28E-04,7.85E-04,3.04E-04,2.84E-04,2.56E-04
700,7.33E-04,8.08E-04,8.65E-04,4.88E-04,8.81E-04,5.00E-04,7.31E-04,6.12E-04,4.58E-04,3.84E-04,5.36E-04,5.40E-04,3.94E-04,5.58E-04,3.84E-04,4.52E-04,8.23E-04,3.30E-04,2.98E-04,3.15E-04
701,7.63E-04,8.37E-04,9.02E-04,5.17E-04,9.13E-04,5.09E-04,7.69E-04,6.42E-04,4.77E-04,4.01E-04,5.61E-04,5.83E-04,4.09E-04,5.86E-04,4.10E-04,4.74E-04,8.59E-04,3.57E-04,3.14E-04,3.74E-04
702,7.91E-04,8.66E-04,9.38E-04,5.46E-04,9.44E-04,5.18E-04,8.11E-04,6.73E-04,4.95E-04,4.17E-04,5.88E-04,6.26E-04,4.24E-04,6.14E-04,4.37E-04,4.97E-04,8.94E-04,3.85E-04,3.32E-04,4.29E-04
703,8.16E-04,8.95E-04,9.73E-04,5.75E-04,9.74E-04,5.27E-04,8.55E-04,7.03E-04,5.13E-04,4.32E-04,6.15E-04,6.67E-04,4.38E-04,6.41E-04,4.67E-04,5.19E-04,9.28E-04,4.12E-04,3.50E-04,4.78E-04
704,8.39E-04,9.23E-04,1.01E-03,6.03E-04,1.00E-03,5.36E-04,9.01E-04,7.34E-04,5.31E-04,4.47E-04,6.43E-04,7.05E-04,4.52E-04,6.68E-04,4.99E-04,5.41E-04,9.60E-04,4.39E-04,3.68E-04,5.19E-04
705,8.59E-04,9.50E-04,1.04E-03,6.29E-04,1.03E-03,5.43E-04,9.49E-04,7.64E-04,5.48E-04,4.60E-04,6.70E-04,7.41E-04,4.66E-04,6.92E-04,5.32E-04,5.63E-04,9.91E-04,4.65E-04,3.87E-04,5.50E-04
706,8.77E-04,9.76E-04,1.06E-03,6.54E-04,1.06E-03,5.50E-04,9.98E-04,7.94E-04,5.64E-04,4.73E-04,6.97E-04,7.75E-04,4.81E-04,7.15E-04,5.66E-04,5.85E-04,1.02E-03,4.90E-04,4.05E-04,5.68E-04
707,8.93E-04,9.99E-04,1.09E-03,6.77E-04,1.08E-03,5.56E-04,1.05E-03,8.23E-04,5.79E-04,4.84E-04,7.23E-04,8.05E-04,4.96E-04,7.35E-04,5.99E-04,6.08E-04,1.05E-03,5.12E-04,4.22E-04,5.74E-04
708,9.09E-04,1.02E-03,1.11E-03,6.98E-04,1.10E-03,5.61E-04,1.09E-03,8.51E-04,5.93E-04,4.94E-04,7.48E-04,8.33E-04,5.12E-04,7.53E-04,6.32E-04,6.31E-04,1.07E-03,5.31E-04,4.38E-04,5.68E-04
709,9.23E-04,1.04E-03,1.13E-03,7.16E-04,1.12E-03,5.64E-04,1.13E-03,8.77E-04,6.06E-04,5.02E-04,7.71E-04,8.59E-04,5.28E-04,7.68E-04,6.64E-04,6.53E-04,1.10E-03,5.48E-04,4.52E-04,5.51E-04
710,9.36E-04,1.06E-03,1.15E-03,7.31E-04,1.14E-03,5.65E-04,1.17E-03,9.01E-04,6.17E-04,5.09E-04,7.92E-04,8.83E-04,5.45E-04,7.80E-04,6.93E-04,6.75E-04,1.12E-03,5.61E-04,4.64E-04,5.25E-04
711,9.49E-04,1.07E-03,1.17E-03,7.43E-04,1.15E-03,5.64E-04,1.21E-03,9.24E-04,6.27E-04,5.14E-04,8.11E-04,9.05E-04,5.63E-04,7.89E-04,7.20E-04,6.95E-04,1.14E-03,5.70E-04,4.74E-04,4.91E-04
712,9.61E-04,1.08E-03,1.19E-03,7.52E-04,1.16E-03,5.62E-04,1.23E-03,9.44E-04,6.35E-04,5.18E-04,8.28E-04,9.27E-04,5.80E-04,7.96E-04,7.44E-04,7.14E-04,1.16E-03,5.76E-04,4.82E-04,4.53E-04
713,9.73E-04,1.09E-03,1.20E-03,7.58E-04,1.17E-03,5.58E-04,1.25E-03,9.61E-04,6.41E-04,5.20E-04,8.43E-04,9.47E-04,5.97E-04,8.00E-04,7.64E-04,7.30E-04,1.17E-03,5.78E-04,4.87E-04,4.14E-04
714,9.84E-04,1.10E-03,1.21E-03,7.61E-04,1.18E-03,5.52E-04,1.27E-03,9.77E-04,6.46E-04,5.20E-04,8.55E-04,9.67E-04,6.13E-04,8.02E-04,7.80E-04,7.44E-04,1.18E-03,5.77E-04,4.91E-04,3.77E-04
715,9.94E-04,1.11E-03,1.23E-03,7.61E-04,1.19E-03,5.44E-04,1.28E-03,9.89E-04,6.50E-04,5.19E-04,8.66E-04,9.86E-04,6.28E-04,8.02E-04,7.92E-04,7.54E-04,1.19E-03,5.73E-04,4.92E-04,3.44E-04
716,1.00E-03,1.11E-03,1.24E-03,7.59E-04,1.19E-03,5.35E-04,1.28E-03,9.99E-04,6.52E-04,5.17E-04,8.76E-04,1.00E-03,6.42E-04,8.01E-04,8.00E-04,7.60E-04,1.19E-03,5.66E-04,4.92E-04,3.19E-04
717,1.01E-03,1.11E-03,1.24E-03,7.55E-04,1.19E-03,5.25E-04,1.28E-03,1.01E-03,6.52E-04,5.13E-04,8.83E-04,1.02E-03,6.53E-04,7.98E-04,8.05E-04,7.63E-04,1.19E-03,5.57E-04,4.90E-04,3.03E-04
718,1.02E-03,1.12E-03,1.25E-03,7.50E-04,1.20E-03,5.14E-04,1.28E-03,1.01E-03,6.52E-04,5.08E-04,8.90E-04,1.03E-03,6.63E-04,7.94E-04,8.05E-04,7.62E-04,1.19E-03,5.47E-04,4.88E-04,2.98E-04
719,1.02E-03,1.12E-03,1.26E-03,7.42E-04,1.20E-03,5.02E-04,1.27E-03,1.02E-03,6.51E-04,5.02E-04,8.94E-04,1.05E-03,6.70E-04,7.89E-04,8.02E-04,7.58E-04,1.18E-03,5.35E-04,4.84E-04,3.02E-04
720,1.02E-03,1.12E-03,1.27E-03,7.34E-04,1.20E-03,4.89E-04,1.27E-03,1.02E-03,6.49E-04,4.95E-04,8.98E-04,1.05E-03,6.74E-04,7.83E-04,7.97E-04,7.50E-04,1.17E-03,5.22E-04,4.80E-04,3.17E-04
721,1.02E-03,1.12E-03,1.27E-03,7.25E-04,1.19E-03,4.77E-04,1.26E-03,1.02E-03,6.47E-04,4.87E-04,9.01E-04,1.06E-03,6.75E-04,7.77E-04,7.88E-04,7.40E-04,1.16E-03,5.09E-04,4.76E-04,3.40E-04
722,1.02E-03,1.11E-03,1.27E-03,7.16E-04,1.19E-03,4.64E-04,1.25E-03,1.02E-03,6.44E-04,4.78E-04,9.02E-04,1.06E-03,6.74E-04,7.70E-04,7.78E-04,7.28E-04,1.15E-03,4.96E-04,4.71E-04,3.70E-04
723,1.01E-03,1.11E-03,1.27E-03,7.07E-04,1.19E-03,4.52E-04,1.24E-03,1.02E-03,6.40E-04,4.69E-04,9.01E-04,1.06E-03,6.71E-04,7.63E-04,7.66E-04,7.14E-04,1.13E-03,4.83E-04,4.66E-04,4.05E-04
724,1.01E-03,1.11E-03,1.27E-03,6.99E-04,1.18E-03,4.40E-04,1.23E-03,1.02E-03,6.36E-04,4.59E-04,8.99E-04,1.05E-03,6.65E-04,7.56E-04,7.54E-04,7.01E-04,1.12E-03,4.71E-04,4.60E-04,4.40E-04
725,9.97E-04,1.11E-03,1.27E-03,6.90E-04,1.18E-03,4.28E-04,1.23E-03,1.01E-03,6.32E-04,4.49E-04,8.96E-04,1.04E-03,6.57E-04,7.48E-04,7.41E-04,6.88E-04,1.10E-03,4.58E-04,4.54E-04,4.74E-04
726,9.85E-04,1.10E-03,1.27E-03,6.81E-04,1.17E-03,4.16E-04,1.22E-03,1.01E-03,6.28E-04,4.39E-04,8.90E-04,1.02E-03,6.48E-04,7.39E-04,7.28E-04,6.76E-04,1.08E-03,4.47E-04,4.48E-04,5.04E-04
727,9.71E-04,1.09E-03,1.26E-03,6.73E-04,1.16E-03,4.05E-04,1.21E-03,1.00E-03,6.23E-04,4.28E-04,8.82E-04,1.00E-03,6.38E-04,7.30E-04,7.15E-04,6.66E-04,1.07E-03,4.35E-04,4.41E-04,5.28E-04
728,9.54E-04,1.08E-03,1.25E-03,6.65E-04,1.15E-03,3.94E-04,1.20E-03,9.95E-04,6.18E-04,4.17E-04,8.72E-04,9.81E-04,6.26E-04,7.19E-04,7.02E-04,6.57E-04,1.05E-03,4.24E-04,4.33E-04,5.43E-04
729,9.36E-04,1.07E-03,1.24E-03,6.56E-04,1.14E-03,3.83E-04,1.19E-03,9.86E-04,6.12E-04,4.06E-04,8.59E-04,9.57E-04,6.14E-04,7.07E-04,6.91E-04,6.51E-04,1.03E-03,4.12E-04,4.25E-04,5.48E-04
730,9.16E-04,1.06E-03,1.22E-03,6.46E-04,1.12E-03,3.71E-04,1.17E-03,9.76E-04,6.06E-04,3.94E-04,8.44E-04,9.32E-04,6.02E-04,6.93E-04,6.80E-04,6.48E-04,1.01E-03,4.00E-04,4.15E-04,5.43E-04
731,8.94E-04,1.04E-03,1.21E-03,6.35E-04,1.11E-03,3.60E-04,1.16E-03,9.64E-04,5.99E-04,3.81E-04,8.26E-04,9.07E-04,5.90E-04,6.78E-04,6.69E-04,6.46E-04,9.86E-04,3.88E-04,4.05E-04,5.27E-04
732,8.70E-04,1.02E-03,1.19E-03,6.22E-04,1.09E-03,3.48E-04,1.13E-03,9.49E-04,5.90E-04,3.69E-04,8.05E-04,8.83E-04,5.78E-04,6.61E-04,6.59E-04,6.45E-04,9.63E-04,3.74E-04,3.94E-04,5.02E-04
733,8.44E-04,1.00E-03,1.17E-03,6.07E-04,1.07E-03,3.36E-04,1.10E-03,9.33E-04,5.81E-04,3.55E-04,7.82E-04,8.60E-04,5.65E-04,6.41E-04,6.49E-04,6.46E-04,9.38E-04,3.59E-04,3.83E-04,4.69E-04
734,8.16E-04,9.78E-04,1.15E-03,5.90E-04,1.04E-03,3.23E-04,1.06E-03,9.13E-04,5.70E-04,3.42E-04,7.57E-04,8.39E-04,5.52E-04,6.20E-04,6.39E-04,6.45E-04,9.11E-04,3.43E-04,3.72E-04,4.29E-04
735,7.86E-04,9.52E-04,1.13E-03,5.70E-04,1.02E-03,3.10E-04,1.02E-03,8.91E-04,5.58E-04,3.27E-04,7.29E-04,8.21E-04,5.39E-04,5.96E-04,6.28E-04,6.44E-04,8.80E-04,3.25E-04,3.60E-04,3.86E-04
736,7.53E-04,9.24E-04,1.11E-03,5.47E-04,9.89E-04,2.95E-04,9.73E-04,8.66E-04,5.44E-04,3.13E-04,7.00E-04,8.04E-04,5.25E-04,5.71E-04,6.16E-04,6.40E-04,8.47E-04,3.05E-04,3.48E-04,3.41E-04
737,7.18E-04,8.94E-04,1.08E-03,5.21E-04,9.60E-04,2.80E-04,9.18E-04,8.38E-04,5.29E-04,2.97E-04,6.69E-04,7.90E-04,5.10E-04,5.44E-04,6.03E-04,6.33E-04,8.10E-04,2.84E-04,3.38E-04,2.98E-04
738,6.80E-04,8.62E-04,1.06E-03,4.93E-04,9.29E-04,2.64E-04,8.59E-04,8.07E-04,5.13E-04,2.81E-04,6.36E-04,7.77E-04,4.94E-04,5.15E-04,5.89E-04,6.22E-04,7.70E-04,2.60E-04,3.27E-04,2.59E-04
739,6.40E-04,8.29E-04,1.03E-03,4.62E-04,8.96E-04,2.47E-04,7.97E-04,7.74E-04,4.96E-04,2.65E-04,6.03E-04,7.65E-04,4.75E-04,4.84E-04,5.72E-04,6.06E-04,7.25E-04,2.35E-04,3.18E-04,2.25E-04
740,5.97E-04,7.94E-04,1.00E-03,4.28E-04,8.62E-04,2.29E-04,7.32E-04,7.39E-04,4.78E-04,2.48E-04,5.69E-04,7.53E-04,4.55E-04,4.52E-04,5.54E-04,5.84E-04,6.77E-04,2.08E-04,3.10E-04,1.99E-04
741,5.52E-04,7.58E-04,9.75E-04,3.93E-04,8.27E-04,2.10E-04,6.65E-04,7.02E-04,4.59E-04,2.31E-04,5.35E-04,7.39E-04,4.32E-04,4.20E-04,5.33E-04,5.57E-04,6.25E-04,1.80E-04,3.02E-04,1.81E-04
742,5.06E-04,7.21E-04,9.47E-04,3.57E-04,7.90E-04,1.91E-04,5.99E-04,6.63E-04,4.39E-04,2.14E-04,5.01E-04,7.23E-04,4.06E-04,3.86E-04,5.11E-04,5.24E-04,5.70E-04,1.50E-04,2.95E-04,1.71E-04
743,4.59E-04,6.83E-04,9.17E-04,3.19E-04,7.53E-04,1.72E-04,5.34E-04,6.22E-04,4.18E-04,1.97E-04,4.67E-04,7.04E-04,3.77E-04,3.53E-04,4.87E-04,4.86E-04,5.13E-04,1.18E-04,2.89E-04,1.70E-04
744,4.11E-04,6.44E-04,8.86E-04,2.82E-04,7.16E-04,1.52E-04,4.72E-04,5.81E-04,3.97E-04,1.80E-04,4.33E-04,6.80E-04,3.46E-04,3.19E-04,4.60E-04,4.43E-04,4.53E-04,8.60E-05,2.83E-04,1.75E-04
745,3.64E-04,6.04E-04,8.53E-04,2.44E-04,6.78E-04,1.32E-04,4.12E-04,5.40E-04,3.76E-04,1.63E-04,3.99E-04,6.53E-04,3.13E-04,2.86E-04,4.32E-04,3.97E-04,3.92E-04,5.29E-05,2.77E-04,1.85E-04
746,3.17E-04,5.63E-04,8.19E-04,2.08E-04,6.40E-04,1.11E-04,3.57E-04,4.98E-04,3.55E-04,1.47E-04,3.66E-04,6.20E-04,2.77E-04,2.53E-04,4.03E-04,3.49E-04,3.30E-04,1.94E-05,2.70E-04,2.00E-04
747,2.73E-04,5.21E-04,7.83E-04,1.74E-04,6.02E-04,9.14E-05,3.04E-04,4.56E-04,3.34E-04,1.31E-04,3.33E-04,5.82E-04,2.39E-04,2.21E-04,3.73E-04,3.00E-04,2.68E-04,-1.43E-05,2.62E-04,2.15E-04
748,2.30E-04,4.78E-04,7.45E-04,1.41E-04,5.64E-04,7.16E-05,2.56E-04,4.15E-04,3.13E-04,1.15E-04,3.01E-04,5.40E-04,2.00E-04,1.90E-04,3.43E-04,2.51E-04,2.07E-04,-4.78E-05,2.52E-04,2.30E-04
749,1.91E-04,4.34E-04,7.06E-04,1.10E-04,5.25E-04,5.21E-05,2.11E-04,3.74E-04,2.92E-04,1.00E-04,2.69E-04,4.93E-04,1.60E-04,1.60E-04,3.12E-04,2.05E-04,1.48E-04,-8.08E-05,2.40E-04,2.42E-04
750,1.56E-04,3.89E-04,6.65E-04,8.24E-05,4.88E-04,3.31E-05,1.69E-04,3.34E-04,2.72E-04,8.58E-05,2.38E-04,4.44E-04,1.19E-04,1.31E-04,2.82E-04,1.62E-04,9.12E-05,-1.13E-04,2.26E-04,2.51E-04
751,1.24E-04,3.44E-04,6.23E-04,5.69E-05,4.50E-04,1.47E-05,1.30E-04,2.95E-04,2.53E-04,7.22E-05,2.07E-04,3.91E-04,7.95E-05,1.03E-04,2.52E-04,1.24E-04,3.72E-05,-1.44E-04,2.08E-04,2.54E-04
752,9.70E-05,2.99E-04,5.80E-04,3.38E-05,4.13E-04,-3.09E-06,9.25E-05,2.58E-04,2.34E-04,5.94E-05,1.77E-04,3.38E-04,4.06E-05,7.74E-05,2.23E-04,9.24E-05,-1.34E-05,-1.74E-04,1.87E-04,2.52E-04
753,7.37E-05,2.54E-04,5.36E-04,1.31E-05,3.76E-04,-2.01E-05,5.62E-05,2.21E-04,2.16E-04,4.74E-05,1.47E-04,2.85E-04,3.23E-06,5.27E-05,1.94E-04,6.69E-05,-6.02E-05,-2.01E-04,1.64E-04,2.44E-04
754,5.43E-05,2.09E-04,4.91E-04,-5.67E-06,3.40E-04,-3.62E-05,2.05E-05,1.86E-04,1.98E-04,3.62E-05,1.18E-04,2.33E-04,-3.20E-05,2.92E-05,1.67E-04,4.82E-05,-1.03E-04,-2.27E-04,1.37E-04,2.31E-04
755,3.84E-05,1.64E-04,4.47E-04,-2.27E-05,3.05E-04,-5.15E-05,-1.49E-05,1.52E-04,1.81E-04,2.58E-05,8.89E-05,1.83E-04,-6.48E-05,6.80E-06,1.40E-04,3.63E-05,-1.42E-04,-2.50E-04,1.08E-04,2.14E-04
756,2.54E-05,1.21E-04,4.03E-04,-3.85E-05,2.70E-04,-6.58E-05,-5.04E-05,1.20E-04,1.65E-04,1.60E-05,6.08E-05,1.37E-04,-9.48E-05,-1.46E-05,1.15E-04,3.08E-05,-1.76E-04,-2.71E-04,7.71E-05,1.94E-04
757,1.47E-05,7.94E-05,3.60E-04,-5.34E-05,2.36E-04,-7.91E-05,-8.61E-05,8.92E-05,1.49E-04,6.90E-06,3.34E-05,9.44E-05,-1.22E-04,-3.52E-05,8.98E-05,3.08E-05,-2.07E-04,-2.89E-04,4.48E-05,1.73E-04
758,5.54E-06,3.95E-05,3.18E-04,-6.80E-05,2.03E-04,-9.15E-05,-1.22E-04,5.97E-05,1.34E-04,-1.61E-06,6.71E-06,5.70E-05,-1.46E-04,-5.51E-05,6.56E-05,3.54E-05,-2.34E-04,-3.04E-04,1.17E-05,1.52E-04
759,-2.92E-06,1.64E-06,2.77E-04,-8.25E-05,1.70E-04,-1.03E-04,-1.57E-04,3.14E-05,1.19E-04,-9.62E-06,-1.92E-05,2.46E-05,-1.68E-04,-7.46E-05,4.17E-05,4.31E-05,-2.58E-04,-3.16E-04,-2.11E-05,1.33E-04
760,-1.15E-05,-3.39E-05,2.39E-04,-9.74E-05,1.39E-04,-1.13E-04,-1.93E-04,4.42E-06,1.05E-04,-1.72E-05,-4.44E-05,-2.65E-06,-1.87E-04,-9.37E-05,1.81E-05,5.26E-05,-2.79E-04,-3.26E-04,-5.31E-05,1.18E-04
761,-2.09E-05,-6.69E-05,2.03E-04,-1.13E-04,1.08E-04,-1.23E-04,-2.27E-04,-2.14E-05,9.17E-05,-2.44E-05,-6.88E-05,-2.51E-05,-2.04E-04,-1.13E-04,-5.31E-06,6.23E-05,-2.98E-04,-3.33E-04,-8.34E-05,1.07E-04
762,-3.18E-05,-9.74E-05,1.69E-04,-1.30E-04,7.85E-05,-1.32E-04,-2.59E-04,-4.60E-05,7.84E-05,-3.14E-05,-9.25E-05,-4.30E-05,-2.19E-04,-1.32E-04,-2.87E-05,7.07E-05,-3.14E-04,-3.37E-04,-1.11E-04,1.01E-04
763,-4.48E-05,-1.25E-04,1.38E-04,-1.47E-04,4.98E-05,-1.40E-04,-2.90E-04,-6.96E-05,6.54E-05,-3.82E-05,-1.15E-04,-5.72E-05,-2.32E-04,-1.51E-04,-5.21E-05,7.66E-05,-3.29E-04,-3.40E-04,-1.36E-04,1.01E-04
764,-6.04E-05,-1.51E-04,1.09E-04,-1.66E-04,2.20E-05,-1.48E-04,-3.19E-04,-9.23E-05,5.26E-05,-4.49E-05,-1.38E-04,-6.82E-05,-2.45E-04,-1.71E-04,-7.54E-05,7.88E-05,-3.43E-04,-3.41E-04,-1.58E-04,1.06E-04
765,-7.86E-05,-1.74E-04,8.13E-05,-1.85E-04,-4.99E-06,-1.55E-04,-3.44E-04,-1.14E-04,4.00E-05,-5.16E-05,-1.59E-04,-7.68E-05,-2.58E-04,-1.90E-04,-9.86E-05,7.64E-05,-3.56E-04,-3.41E-04,-1.76E-04,1.14E-04
766,-9.95E-05,-1.96E-04,5.58E-05,-2.06E-04,-3.11E-05,-1.62E-04,-3.67E-04,-1.35E-04,2.76E-05,-5.83E-05,-1.80E-04,-8.38E-05,-2.71E-04,-2.10E-04,-1.22E-04,6.91E-05,-3.69E-04,-3.40E-04,-1.91E-04,1.25E-04
767,-1.23E-04,-2.16E-04,3.18E-05,-2.27E-04,-5.65E-05,-1.69E-04,-3.87E-04,-1.56E-04,1.52E-05,-6.50E-05,-2.01E-04,-9.00E-05,-2.84E-04,-2.30E-04,-1.44E-04,5.67E-05,-3.82E-04,-3.39E-04,-2.02E-04,1.38E-04
768,-1.49E-04,-2.35E-04,9.00E-06,-2.48E-04,-8.11E-05,-1.75E-04,-4.04E-04,-1.76E-04,2.89E-06,-7.18E-05,-2.22E-04,-9.58E-05,-2.97E-04,-2.50E-04,-1.65E-04,3.94E-05,-3.95E-04,-3.38E-04,-2.11E-04,1.50E-04
769,-1.77E-04,-2.53E-04,-1.30E-05,-2.69E-04,-1.05E-04,-1.82E-04,-4.19E-04,-1.96E-04,-9.43E-06,-7.87E-05,-2.42E-04,-1.02E-04,-3.11E-04,-2.71E-04,-1.86E-04,1.78E-05,-4.08E-04,-3.39E-04,-2.17E-04,1.60E-04
770,-2.06E-04,-2.70E-04,-3.46E-05,-2.90E-04,-1.28E-04,-1.89E-04,-4.32E-04,-2.16E-04,-2.18E-05,-8.56E-05,-2.62E-04,-1.08E-04,-3.26E-04,-2.90E-04,-2.05E-04,-7.14E-06,-4.21E-04,-3.40E-04,-2.21E-04,1.66E-04
771,-2.36E-04,-2.87E-04,-5.60E-05,-3.10E-04,-1.51E-04,-1.96E-04,-4.44E-04,-2.35E-04,-3.41E-05,-9.25E-05,-2.81E-04,-1.15E-04,-3.42E-04,-3.10E-04,-2.23E-04,-3.43E-05,-4.35E-04,-3.43E-04,-2.24E-04,1.67E-04
772,-2.66E-04,-3.04E-04,-7.75E-05,-3.29E-04,-1.73E-04,-2.03E-04,-4.54E-04,-2.55E-04,-4.64E-05,-9.94E-05,-3.01E-04,-1.23E-04,-3.57E-04,-3.28E-04,-2.39E-04,-6.25E-05,-4.49E-04,-3.48E-04,-2.27E-04,1.63E-04
773,-2.95E-04,-3.21E-04,-9.93E-05,-3.47E-04,-1.95E-04,-2.10E-04,-4.65E-04,-2.74E-04,-5.86E-05,-1.06E-04,-3.20E-04,-1.32E-04,-3.73E-04,-3.46E-04,-2.52E-04,-9.02E-05,-4.63E-04,-3.54E-04,-2.30E-04,1.53E-04
774,-3.23E-04,-3.38E-04,-1.21E-04,-3.63E-04,-2.16E-04,-2.17E-04,-4.75E-04,-2.94E-04,-7.07E-05,-1.13E-04,-3.39E-04,-1.41E-04,-3.88E-04,-3.63E-04,-2.64E-04,-1.16E-04,-4.77E-04,-3.63E-04,-2.33E-04,1.36E-04
775,-3.49E-04,-3.55E-04,-1.44E-04,-3.77E-04,-2.37E-04,-2.25E-04,-4.87E-04,-3.13E-04,-8.27E-05,-1.19E-04,-3.57E-04,-1.50E-04,-4.02E-04,-3.78E-04,-2.74E-04,-1.39E-04,-4.90E-04,-3.73E-04,-2.38E-04,1.15E-04
776,-3.72E-04,-3.73E-04,-1.67E-04,-3.89E-04,-2.57E-04,-2.31E-04,-5.00E-04,-3.32E-04,-9.43E-05,-1.25E-04,-3.75E-04,-1.60E-04,-4.15E-04,-3.92E-04,-2.82E-04,-1.58E-04,-5.04E-04,-3.84E-04,-2.44E-04,8.98E-05
777,-3.92E-04,-3.89E-04,-1.89E-04,-3.98E-04,-2.77E-04,-2.38E-04,-5.13E-04,-3.50E-04,-1.06E-04,-1.30E-04,-3.92E-04,-1.69E-04,-4.26E-04,-4.04E-04,-2.88E-04,-1.72E-04,-5.16E-04,-3.96E-04,-2.51E-04,6.21E-05
778,-4.09E-04,-4.06E-04,-2.12E-04,-4.05E-04,-2.96E-04,-2.43E-04,-5.28E-04,-3.68E-04,-1.16E-04,-1.35E-04,-4.08E-04,-1.77E-04,-4.35E-04,-4.14E-04,-2.92E-04,-1.81E-04,-5.28E-04,-4.09E-04,-2.59E-04,3.39E-05
779,-4.22E-04,-4.21E-04,-2.34E-04,-4.10E-04,-3.14E-04,-2.48E-04,-5.44E-04,-3.84E-04,-1.26E-04,-1.38E-04,-4.23E-04,-1.85E-04,-4.41E-04,-4.23E-04,-2.96E-04,-1.84E-04,-5.40E-04,-4.21E-04,-2.68E-04,6.98E-06
780,-4.32E-04,-4.35E-04,-2.55E-04,-4.12E-04,-3.31E-04,-2.52E-04,-5.60E-04,-4.00E-04,-1.36E-04,-1.42E-04,-4.36E-04,-1.92E-04,-4.44E-04,-4.29E-04,-2.98E-04,-1.81E-04,-5.50E-04,-4.33E-04,-2.78E-04,-1.66E-05
781,-4.38E-04,-4.48E-04,-2.75E-04,-4.12E-04,-3.47E-04,-2.54E-04,-5.77E-04,-4.14E-04,-1.44E-04,-1.44E-04,-4.48E-04,-1.98E-04,-4.44E-04,-4.34E-04,-3.00E-04,-1.74E-04,-5.58E-04,-4.43E-04,-2.87E-04,-3.52E-05
782,-4.40E-04,-4.59E-04,-2.93E-04,-4.10E-04,-3.62E-04,-2.55E-04,-5.93E-04,-4.26E-04,-1.52E-04,-1.45E-04,-4.58E-04,-2.03E-04,-4.42E-04,-4.36E-04,-3.02E-04,-1.62E-04,-5.65E-04,-4.52E-04,-2.95E-04,-4.75E-05
783,-4.40E-04,-4.68E-04,-3.10E-04,-4.06E-04,-3.75E-04,-2.54E-04,-6.08E-04,-4.37E-04,-1.58E-04,-1.46E-04,-4.66E-04,-2.07E-04,-4.38E-04,-4.37E-04,-3.03E-04,-1.46E-04,-5.71E-04,-4.58E-04,-3.01E-04,-5.26E-05
784,-4.36E-04,-4.75E-04,-3.23E-04,-4.00E-04,-3.87E-04,-2.52E-04,-6.21E-04,-4.45E-04,-1.64E-04,-1.45E-04,-4.71E-04,-2.10E-04,-4.31E-04,-4.36E-04,-3.05E-04,-1.28E-04,-5.74E-04,-4.62E-04,-3.04E-04,-5.02E-05
785,-4.31E-04,-4.80E-04,-3.35E-04,-3.93E-04,-3.97E-04,-2.48E-04,-6.33E-04,-4.51E-04,-1.68E-04,-1.44E-04,-4.75E-04,-2.12E-04,-4.22E-04,-4.34E-04,-3.07E-04,-1.09E-04,-5.76E-04,-4.62E-04,-3.05E-04,-4.05E-05
786,-4.23E-04,-4.83E-04,-3.43E-04,-3.84E-04,-4.06E-04,-2.43E-04,-6.43E-04,-4.56E-04,-1.72E-04,-1.41E-04,-4.76E-04,-2.14E-04,-4.13E-04,-4.30E-04,-3.09E-04,-8.99E-05,-5.76E-04,-4.60E-04,-3.01E-04,-2.45E-05
787,-4.14E-04,-4.83E-04,-3.49E-04,-3.75E-04,-4.13E-04,-2.36E-04,-6.50E-04,-4.58E-04,-1.75E-04,-1.38E-04,-4.75E-04,-2.15E-04,-4.03E-04,-4.26E-04,-3.11E-04,-7.13E-05,-5.73E-04,-4.55E-04,-2.94E-04,-3.41E-06
788,-4.05E-04,-4.82E-04,-3.52E-04,-3.65E-04,-4.18E-04,-2.27E-04,-6.55E-04,-4.57E-04,-1.77E-04,-1.34E-04,-4.72E-04,-2.15E-04,-3.92E-04,-4.20E-04,-3.14E-04,-5.43E-05,-5.69E-04,-4.46E-04,-2.83E-04,2.09E-05
789,-3.95E-04,-4.79E-04,-3.53E-04,-3.54E-04,-4.22E-04,-2.18E-04,-6.58E-04,-4.56E-04,-1.78E-04,-1.30E-04,-4.67E-04,-2.15E-04,-3.83E-04,-4.14E-04,-3.16E-04,-3.96E-05,-5.63E-04,-4.35E-04,-2.68E-04,4.63E-05
790,-3.85E-04,-4.75E-04,-3.51E-04,-3.43E-04,-4.24E-04,-2.08E-04,-6.59E-04,-4.52E-04,-1.78E-04,-1.25E-04,-4.61E-04,-2.14E-04,-3.74E-04,-4.07E-04,-3.18E-04,-2.75E-05,-5.55E-04,-4.22E-04,-2.49E-04,7.07E-05
791,-3.76E-04,-4.69E-04,-3.47E-04,-3.31E-04,-4.25E-04,-1.97E-04,-6.59E-04,-4.47E-04,-1.78E-04,-1.19E-04,-4.53E-04,-2.13E-04,-3.67E-04,-4.00E-04,-3.20E-04,-1.82E-05,-5.45E-04,-4.07E-04,-2.28E-04,9.19E-05
792,-3.68E-04,-4.62E-04,-3.42E-04,-3.20E-04,-4.24E-04,-1.86E-04,-6.58E-04,-4.41E-04,-1.78E-04,-1.14E-04,-4.43E-04,-2.11E-04,-3.62E-04,-3.93E-04,-3.20E-04,-1.17E-05,-5.34E-04,-3.91E-04,-2.04E-04,1.08E-04
793,-3.61E-04,-4.55E-04,-3.36E-04,-3.10E-04,-4.23E-04,-1.76E-04,-6.57E-04,-4.35E-04,-1.78E-04,-1.08E-04,-4.33E-04,-2.09E-04,-3.59E-04,-3.86E-04,-3.19E-04,-7.52E-06,-5.22E-04,-3.74E-04,-1.79E-04,1.18E-04
794,-3.55E-04,-4.47E-04,-3.29E-04,-2.99E-04,-4.20E-04,-1.65E-04,-6.55E-04,-4.28E-04,-1.77E-04,-1.02E-04,-4.22E-04,-2.06E-04,-3.57E-04,-3.79E-04,-3.17E-04,-5.21E-06,-5.09E-04,-3.57E-04,-1.54E-04,1.20E-04
795,-3.50E-04,-4.39E-04,-3.22E-04,-2.90E-04,-4.17E-04,-1.55E-04,-6.55E-04,-4.22E-04,-1.77E-04,-9.59E-05,-4.11E-04,-2.02E-04,-3.58E-04,-3.71E-04,-3.12E-04,-4.11E-06,-4.96E-04,-3.40E-04,-1.30E-04,1.14E-04
796,-3.47E-04,-4.32E-04,-3.16E-04,-2.80E-04,-4.13E-04,-1.46E-04,-6.54E-04,-4.15E-04,-1.77E-04,-9.00E-05,-4.00E-04,-1.99E-04,-3.60E-04,-3.64E-04,-3.06E-04,-3.48E-06,-4.83E-04,-3.24E-04,-1.07E-04,1.00E-04
797,-3.45E-04,-4.24E-04,-3.10E-04,-2.72E-04,-4.09E-04,-1.38E-04,-6.55E-04,-4.09E-04,-1.77E-04,-8.43E-05,-3.89E-04,-1.94E-04,-3.63E-04,-3.57E-04,-2.99E-04,-2.58E-06,-4.70E-04,-3.08E-04,-8.69E-05,7.91E-05
798,-3.44E-04,-4.16E-04,-3.06E-04,-2.63E-04,-4.06E-04,-1.31E-04,-6.57E-04,-4.04E-04,-1.77E-04,-7.86E-05,-3.79E-04,-1.90E-04,-3.66E-04,-3.50E-04,-2.89E-04,-6.90E-07,-4.58E-04,-2.94E-04,-6.98E-05,5.25E-05
799,-3.43E-04,-4.09E-04,-3.02E-04,-2.56E-04,-4.02E-04,-1.25E-04,-6.59E-04,-4.00E-04,-1.77E-04,-7.30E-05,-3.70E-04,-1.85E-04,-3.70E-04,-3.42E-04,-2.78E-04,2.80E-06,-4.46E-04,-2.82E-04,-5.63E-05,2.20E-05
800,-3.43E-04,-4.02E-04,-3.00E-04,-2.48E-04,-3.98E-04,-1.20E-04,-6.61E-04,-3.97E-04,-1.77E-04,-6.75E-05,-3.61E-04,-1.81E-04,-3.73E-04,-3.35E-04,-2.66E-04,8.37E-06,-4.36E-04,-2.71E-04,-4.63E-05,-1.04E-05
801,-3.44E-04,-3.95E-04,-2.99E-04,-2.41E-04,-3.95E-04,-1.15E-04,-6.62E-04,-3.94E-04,-1.78E-04,-6.21E-05,-3.53E-04,-1.76E-04,-3.74E-04,-3.27E-04,-2.52E-04,1.63E-05,-4.27E-04,-2.61E-04,-4.00E-05,-4.21E-05
802,-3.44E-04,-3.88E-04,-2.99E-04,-2.33E-04,-3.91E-04,-1.12E-04,-6.63E-04,-3.93E-04,-1.78E-04,-5.66E-05,-3.45E-04,-1.71E-04,-3.74E-04,-3.19E-04,-2.38E-04,2.68E-05,-4.20E-04,-2.53E-04,-3.69E-05,-7.10E-05
803,-3.44E-04,-3.81E-04,-3.01E-04,-2.26E-04,-3.88E-04,-1.08E-04,-6.62E-04,-3.91E-04,-1.78E-04,-5.10E-05,-3.39E-04,-1.66E-04,-3.71E-04,-3.11E-04,-2.24E-04,3.97E-05,-4.13E-04,-2.46E-04,-3.65E-05,-9.47E-05
804,-3.43E-04,-3.75E-04,-3.03E-04,-2.18E-04,-3.84E-04,-1.05E-04,-6.59E-04,-3.90E-04,-1.77E-04,-4.52E-05,-3.33E-04,-1.61E-04,-3.66E-04,-3.02E-04,-2.09E-04,5.49E-05,-4.08E-04,-2.40E-04,-3.81E-05,-1.11E-04
805,-3.42E-04,-3.68E-04,-3.05E-04,-2.09E-04,-3.80E-04,-1.02E-04,-6.54E-04,-3.89E-04,-1.76E-04,-3.92E-05,-3.27E-04,-1.56E-04,-3.57E-04,-2.93E-04,-1.95E-04,7.18E-05,-4.03E-04,-2.35E-04,-4.08E-05,-1.20E-04
806,-3.40E-04,-3.62E-04,-3.08E-04,-2.00E-04,-3.76E-04,-9.94E-05,-6.45E-04,-3.88E-04,-1.74E-04,-3.28E-05,-3.21E-04,-1.50E-04,-3.46E-04,-2.83E-04,-1.81E-04,9.02E-05,-3.99E-04,-2.30E-04,-4.38E-05,-1.18E-04
807,-3.37E-04,-3.57E-04,-3.10E-04,-1.89E-04,-3.71E-04,-9.59E-05,-6.34E-04,-3.85E-04,-1.71E-04,-2.61E-05,-3.15E-04,-1.44E-04,-3.32E-04,-2.73E-04,-1.68E-04,1.09E-04,-3.95E-04,-2.25E-04,-4.62E-05,-1.08E-04
808,-3.34E-04,-3.52E-04,-3.11E-04,-1.78E-04,-3.64E-04,-9.20E-05,-6.19E-04,-3.82E-04,-1.68E-04,-1.89E-05,-3.08E-04,-1.37E-04,-3.15E-04,-2.63E-04,-1.56E-04,1.29E-04,-3.90E-04,-2.20E-04,-4.72E-05,-8.77E-05
809,-3.29E-04,-3.48E-04,-3.10E-04,-1.66E-04,-3.57E-04,-8.75E-05,-6.02E-04,-3.78E-04,-1.64E-04,-1.14E-05,-3.00E-04,-1.29E-04,-2.96E-04,-2.53E-04,-1.45E-04,1.48E-04,-3.85E-04,-2.14E-04,-4.61E-05,-5.96E-05
810,-3.24E-04,-3.44E-04,-3.09E-04,-1.53E-04,-3.48E-04,-8.23E-05,-5.82E-04,-3.73E-04,-1.59E-04,-3.48E-06,-2.92E-04,-1.19E-04,-2.76E-04,-2.42E-04,-1.35E-04,1.66E-04,-3.78E-04,-2.08E-04,-4.25E-05,-2.48E-05
811,-3.19E-04,-3.42E-04,-3.05E-04,-1.39E-04,-3.38E-04,-7.65E-05,-5.61E-04,-3.66E-04,-1.54E-04,4.75E-06,-2.83E-04,-1.07E-04,-2.55E-04,-2.32E-04,-1.25E-04,1.83E-04,-3.69E-04,-2.02E-04,-3.61E-05,1.48E-05
812,-3.13E-04,-3.41E-04,-3.00E-04,-1.24E-04,-3.27E-04,-7.01E-05,-5.39E-04,-3.57E-04,-1.48E-04,1.32E-05,-2.73E-04,-9.40E-05,-2.33E-04,-2.21E-04,-1.17E-04,1.99E-04,-3.57E-04,-1.95E-04,-2.70E-05,5.69E-05
813,-3.08E-04,-3.41E-04,-2.93E-04,-1.08E-04,-3.15E-04,-6.33E-05,-5.16E-04,-3.48E-04,-1.41E-04,2.17E-05,-2.61E-04,-7.87E-05,-2.11E-04,-2.11E-04,-1.09E-04,2.13E-04,-3.43E-04,-1.87E-04,-1.54E-05,9.93E-05
814,-3.02E-04,-3.43E-04,-2.84E-04,-9.27E-05,-3.02E-04,-5.62E-05,-4.95E-04,-3.36E-04,-1.35E-04,3.02E-05,-2.49E-04,-6.15E-05,-1.90E-04,-2.02E-04,-1.02E-04,2.25E-04,-3.27E-04,-1.79E-04,-1.79E-06,1.40E-04
815,-2.96E-04,-3.46E-04,-2.74E-04,-7.71E-05,-2.88E-04,-4.91E-05,-4.76E-04,-3.24E-04,-1.28E-04,3.85E-05,-2.37E-04,-4.28E-05,-1.71E-04,-1.92E-04,-9.53E-05,2.36E-04,-3.08E-04,-1.70E-04,1.32E-05,1.77E-04
816,-2.91E-04,-3.50E-04,-2.63E-04,-6.18E-05,-2.74E-04,-4.22E-05,-4.59E-04,-3.11E-04,-1.22E-04,4.64E-05,-2.24E-04,-2.30E-05,-1.54E-04,-1.84E-04,-8.93E-05,2.45E-04,-2.86E-04,-1.61E-04,2.87E-05,2.08E-04
817,-2.86E-04,-3.56E-04,-2.51E-04,-4.73E-05,-2.60E-04,-3.58E-05,-4.46E-04,-2.97E-04,-1.16E-04,5.37E-05,-2.12E-04,-2.66E-06,-1.39E-04,-1.77E-04,-8.39E-05,2.52E-04,-2.63E-04,-1.52E-04,4.38E-05,2.33E-04
818,-2.82E-04,-3.62E-04,-2.38E-04,-3.38E-05,-2.47E-04,-3.01E-05,-4.36E-04,-2.83E-04,-1.11E-04,6.02E-05,-2.00E-04,1.75E-05,-1.27E-04,-1.70E-04,-7.91E-05,2.59E-04,-2.38E-04,-1.42E-04,5.77E-05,2.52E-04
819,-2.77E-04,-3.69E-04,-2.26E-04,-2.17E-05,-2.35E-04,-2.53E-05,-4.30E-04,-2.70E-04,-1.06E-04,6.58E-05,-1.89E-04,3.67E-05,-1.18E-04,-1.64E-04,-7.49E-05,2.64E-04,-2.13E-04,-1.33E-04,6.95E-05,2.63E-04
820,-2.73E-04,-3.76E-04,-2.14E-04,-1.14E-05,-2.24E-04,-2.18E-05,-4.27E-04,-2.57E-04,-1.03E-04,7.02E-05,-1.80E-04,5.41E-05,-1.12E-04,-1.60E-04,-7.15E-05,2.68E-04,-1.87E-04,-1.24E-04,7.85E-05,2.67E-04
821,-2.69E-04,-3.84E-04,-2.03E-04,-3.01E-06,-2.16E-04,-1.96E-05,-4.28E-04,-2.45E-04,-1.00E-04,7.35E-05,-1.73E-04,6.89E-05,-1.09E-04,-1.56E-04,-6.91E-05,2.72E-04,-1.62E-04,-1.15E-04,8.41E-05,2.66E-04
822,-2.65E-04,-3.90E-04,-1.94E-04,3.22E-06,-2.10E-04,-1.89E-05,-4.31E-04,-2.34E-04,-9.88E-05,7.53E-05,-1.67E-04,8.04E-05,-1.08E-04,-1.54E-04,-6.76E-05,2.74E-04,-1.40E-04,-1.07E-04,8.61E-05,2.61E-04
823,-2.60E-04,-3.95E-04,-1.88E-04,7.18E-06,-2.06E-04,-1.96E-05,-4.37E-04,-2.25E-04,-9.86E-05,7.58E-05,-1.64E-04,8.78E-05,-1.10E-04,-1.53E-04,-6.72E-05,2.76E-04,-1.19E-04,-9.93E-05,8.44E-05,2.53E-04
824,-2.55E-04,-3.99E-04,-1.83E-04,8.85E-06,-2.06E-04,-2.20E-05,-4.44E-04,-2.18E-04,-9.95E-05,7.49E-05,-1.63E-04,9.10E-05,-1.14E-04,-1.53E-04,-6.81E-05,2.76E-04,-1.03E-04,-9.25E-05,7.91E-05,2.44E-04
825,-2.48E-04,-4.01E-04,-1.81E-04,8.30E-06,-2.08E-04,-2.58E-05,-4.52E-04,-2.13E-04,-1.02E-04,7.25E-05,-1.65E-04,8.95E-05,-1.19E-04,-1.54E-04,-7.01E-05,2.75E-04,-8.99E-05,-8.66E-05,7.07E-05,2.36E-04
826,-2.41E-04,-4.01E-04,-1.81E-04,5.65E-06,-2.13E-04,-3.10E-05,-4.59E-04,-2.10E-04,-1.04E-04,6.88E-05,-1.69E-04,8.37E-05,-1.26E-04,-1.55E-04,-7.34E-05,2.73E-04,-8.18E-05,-8.17E-05,5.99E-05,2.29E-04
827,-2.34E-04,-3.99E-04,-1.84E-04,1.16E-06,-2.20E-04,-3.73E-05,-4.65E-04,-2.09E-04,-1.08E-04,6.38E-05,-1.74E-04,7.39E-05,-1.33E-04,-1.58E-04,-7.76E-05,2.69E-04,-7.85E-05,-7.79E-05,4.75E-05,2.25E-04
828,-2.25E-04,-3.94E-04,-1.89E-04,-4.90E-06,-2.29E-04,-4.47E-05,-4.70E-04,-2.10E-04,-1.13E-04,5.77E-05,-1.80E-04,6.08E-05,-1.40E-04,-1.62E-04,-8.27E-05,2.63E-04,-8.01E-05,-7.53E-05,3.42E-05,2.25E-04
829,-2.15E-04,-3.87E-04,-1.96E-04,-1.22E-05,-2.40E-04,-5.27E-05,-4.72E-04,-2.13E-04,-1.18E-04,5.06E-05,-1.88E-04,4.53E-05,-1.48E-04,-1.65E-04,-8.84E-05,2.55E-04,-8.66E-05,-7.39E-05,2.12E-05,2.29E-04
830,-2.05E-04,-3.79E-04,-2.04E-04,-2.02E-05,-2.52E-04,-6.12E-05,-4.72E-04,-2.18E-04,-1.23E-04,4.27E-05,-1.95E-04,2.85E-05,-1.55E-04,-1.70E-04,-9.43E-05,2.45E-04,-9.77E-05,-7.37E-05,9.26E-06,2.37E-04
831,-1.94E-04,-3.68E-04,-2.14E-04,-2.86E-05,-2.65E-04,-6.99E-05,-4.69E-04,-2.24E-04,-1.29E-04,3.42E-05,-2.03E-04,1.18E-05,-1.61E-04,-1.74E-04,-1.00E-04,2.33E-04,-1.13E-04,-7.48E-05,-7.58E-07,2.47E-04
832,-1.82E-04,-3.56E-04,-2.25E-04,-3.70E-05,-2.77E-04,-7.85E-05,-4.64E-04,-2.30E-04,-1.34E-04,2.53E-05,-2.09E-04,-3.64E-06,-1.67E-04,-1.79E-04,-1.05E-04,2.20E-04,-1.31E-04,-7.70E-05,-8.21E-06,2.60E-04
833,-1.71E-04,-3.43E-04,-2.36E-04,-4.49E-05,-2.89E-04,-8.67E-05,-4.56E-04,-2.38E-04,-1.40E-04,1.62E-05,-2.13E-04,-1.65E-05,-1.71E-04,-1.84E-04,-1.10E-04,2.05E-04,-1.51E-04,-8.05E-05,-1.26E-05,2.73E-04
834,-1.60E-04,-3.31E-04,-2.46E-04,-5.18E-05,-2.99E-04,-9.43E-05,-4.47E-04,-2.45E-04,-1.45E-04,7.09E-06,-2.16E-04,-2.56E-05,-1.74E-04,-1.89E-04,-1.13E-04,1.90E-04,-1.73E-04,-8.49E-05,-1.38E-05,2.85E-04
835,-1.50E-04,-3.18E-04,-2.56E-04,-5.76E-05,-3.08E-04,-1.01E-04,-4.38E-04,-2.53E-04,-1.50E-04,-1.85E-06,-2.17E-04,-3.00E-05,-1.76E-04,-1.93E-04,-1.14E-04,1.75E-04,-1.96E-04,-9.02E-05,-1.17E-05,2.94E-04
836,-1.41E-04,-3.07E-04,-2.66E-04,-6.19E-05,-3.15E-04,-1.07E-04,-4.27E-04,-2.60E-04,-1.54E-04,-1.05E-05,-2.15E-04,-2.92E-05,-1.76E-04,-1.97E-04,-1.14E-04,1.60E-04,-2.17E-04,-9.61E-05,-6.59E-06,3.00E-04
837,-1.33E-04,-2.96E-04,-2.74E-04,-6.44E-05,-3.19E-04,-1.12E-04,-4.18E-04,-2.66E-04,-1.57E-04,-1.86E-05,-2.12E-04,-2.28E-05,-1.75E-04,-2.00E-04,-1.12E-04,1.46E-04,-2.37E-04,-1.03E-04,1.04E-06,3.00E-04
838,-1.26E-04,-2.88E-04,-2.80E-04,-6.51E-05,-3.21E-04,-1.15E-04,-4.08E-04,-2.70E-04,-1.61E-04,-2.62E-05,-2.05E-04,-1.08E-05,-1.73E-04,-2.03E-04,-1.08E-04,1.33E-04,-2.55E-04,-1.09E-04,1.06E-05,2.93E-04
839,-1.22E-04,-2.82E-04,-2.85E-04,-6.39E-05,-3.20E-04,-1.17E-04,-4.01E-04,-2.74E-04,-1.63E-04,-3.32E-05,-1.97E-04,6.34E-06,-1.69E-04,-2.05E-04,-1.02E-04,1.23E-04,-2.69E-04,-1.15E-04,2.13E-05,2.80E-04
840,-1.19E-04,-2.78E-04,-2.89E-04,-6.09E-05,-3.18E-04,-1.19E-04,-3.95E-04,-2.76E-04,-1.65E-04,-3.95E-05,-1.88E-04,2.79E-05,-1.64E-04,-2.06E-04,-9.48E-05,1.16E-04,-2.79E-04,-1.21E-04,3.25E-05,2.59E-04
841,-1.18E-04,-2.76E-04,-2.92E-04,-5.61E-05,-3.13E-04,-1.18E-04,-3.90E-04,-2.76E-04,-1.66E-04,-4.52E-05,-1.78E-04,5.27E-05,-1.58E-04,-2.07E-04,-8.63E-05,1.11E-04,-2.85E-04,-1.26E-04,4.32E-05,2.31E-04
842,-1.18E-04,-2.76E-04,-2.93E-04,-4.97E-05,-3.06E-04,-1.17E-04,-3.88E-04,-2.76E-04,-1.67E-04,-5.01E-05,-1.67E-04,7.97E-05,-1.51E-04,-2.07E-04,-7.69E-05,1.10E-04,-2.87E-04,-1.30E-04,5.28E-05,1.97E-04
843,-1.20E-04,-2.78E-04,-2.94E-04,-4.20E-05,-2.99E-04,-1.15E-04,-3.87E-04,-2.73E-04,-1.68E-04,-5.45E-05,-1.56E-04,1.07E-04,-1.43E-04,-2.06E-04,-6.71E-05,1.12E-04,-2.85E-04,-1.33E-04,6.08E-05,1.58E-04
844,-1.24E-04,-2.82E-04,-2.94E-04,-3.32E-05,-2.91E-04,-1.13E-04,-3.87E-04,-2.70E-04,-1.68E-04,-5.82E-05,-1.46E-04,1.34E-04,-1.35E-04,-2.04E-04,-5.74E-05,1.16E-04,-2.78E-04,-1.34E-04,6.66E-05,1.15E-04
845,-1.28E-04,-2.86E-04,-2.94E-04,-2.38E-05,-2.82E-04,-1.09E-04,-3.89E-04,-2.65E-04,-1.67E-04,-6.15E-05,-1.37E-04,1.59E-04,-1.26E-04,-2.01E-04,-4.81E-05,1.23E-04,-2.68E-04,-1.33E-04,7.01E-05,7.05E-05
846,-1.34E-04,-2.91E-04,-2.93E-04,-1.39E-05,-2.73E-04,-1.05E-04,-3.90E-04,-2.60E-04,-1.67E-04,-6.43E-05,-1.30E-04,1.80E-04,-1.16E-04,-1.97E-04,-3.97E-05,1.31E-04,-2.55E-04,-1.30E-04,7.14E-05,2.58E-05
847,-1.40E-04,-2.95E-04,-2.93E-04,-4.05E-06,-2.66E-04,-1.01E-04,-3.92E-04,-2.54E-04,-1.66E-04,-6.68E-05,-1.24E-04,1.97E-04,-1.07E-04,-1.93E-04,-3.26E-05,1.41E-04,-2.39E-04,-1.26E-04,7.05E-05,-1.68E-05
848,-1.47E-04,-2.99E-04,-2.93E-04,5.50E-06,-2.59E-04,-9.70E-05,-3.94E-04,-2.48E-04,-1.64E-04,-6.91E-05,-1.21E-04,2.09E-04,-9.80E-05,-1.89E-04,-2.68E-05,1.52E-04,-2.22E-04,-1.19E-04,6.80E-05,-5.55E-05
849,-1.53E-04,-3.01E-04,-2.94E-04,1.44E-05,-2.53E-04,-9.28E-05,-3.94E-04,-2.42E-04,-1.63E-04,-7.12E-05,-1.19E-04,2.16E-04,-8.94E-05,-1.83E-04,-2.26E-05,1.62E-04,-2.03E-04,-1.11E-04,6.43E-05,-8.85E-05
850,-1.59E-04,-3.02E-04,-2.95E-04,2.24E-05,-2.49E-04,-8.87E-05,-3.94E-04,-2.36E-04,-1.62E-04,-7.33E-05,-1.19E-04,2.17E-04,-8.16E-05,-1.78E-04,-1.99E-05,1.71E-04,-1.85E-04,-1.01E-04,6.01E-05,-1.15E-04
851,-1.65E-04,-3.00E-04,-2.97E-04,2.93E-05,-2.46E-04,-8.50E-05,-3.92E-04,-2.30E-04,-1.60E-04,-7.54E-05,-1.20E-04,2.13E-04,-7.48E-05,-1.72E-04,-1.88E-05,1.79E-04,-1.66E-04,-9.04E-05,5.62E-05,-1.32E-04
852,-1.70E-04,-2.96E-04,-3.00E-04,3.48E-05,-2.46E-04,-8.18E-05,-3.89E-04,-2.25E-04,-1.59E-04,-7.75E-05,-1.22E-04,2.05E-04,-6.93E-05,-1.67E-04,-1.89E-05,1.85E-04,-1.49E-04,-7.85E-05,5.30E-05,-1.42E-04
853,-1.74E-04,-2.89E-04,-3.03E-04,3.88E-05,-2.46E-04,-7.90E-05,-3.85E-04,-2.21E-04,-1.58E-04,-7.98E-05,-1.25E-04,1.94E-04,-6.53E-05,-1.61E-04,-2.01E-05,1.88E-04,-1.33E-04,-6.61E-05,5.13E-05,-1.43E-04
854,-1.78E-04,-2.81E-04,-3.07E-04,4.12E-05,-2.48E-04,-7.69E-05,-3.80E-04,-2.18E-04,-1.56E-04,-8.23E-05,-1.28E-04,1.81E-04,-6.29E-05,-1.56E-04,-2.21E-05,1.89E-04,-1.20E-04,-5.34E-05,5.13E-05,-1.36E-04
855,-1.80E-04,-2.70E-04,-3.10E-04,4.20E-05,-2.52E-04,-7.55E-05,-3.75E-04,-2.15E-04,-1.55E-04,-8.51E-05,-1.31E-04,1.66E-04,-6.22E-05,-1.51E-04,-2.46E-05,1.86E-04,-1.08E-04,-4.10E-05,5.35E-05,-1.22E-04
856,-1.82E-04,-2.58E-04,-3.14E-04,4.12E-05,-2.57E-04,-7.49E-05,-3.69E-04,-2.14E-04,-1.54E-04,-8.81E-05,-1.32E-04,1.52E-04,-6.31E-05,-1.47E-04,-2.72E-05,1.81E-04,-9.83E-05,-2.91E-05,5.78E-05,-1.02E-04
857,-1.82E-04,-2.45E-04,-3.19E-04,3.89E-05,-2.62E-04,-7.52E-05,-3.64E-04,-2.13E-04,-1.53E-04,-9.15E-05,-1.33E-04,1.40E-04,-6.56E-05,-1.44E-04,-2.97E-05,1.72E-04,-9.09E-05,-1.81E-05,6.41E-05,-7.75E-05
858,-1.82E-04,-2.31E-04,-3.22E-04,3.51E-05,-2.69E-04,-7.63E-05,-3.60E-04,-2.13E-04,-1.53E-04,-9.52E-05,-1.32E-04,1.30E-04,-6.94E-05,-1.42E-04,-3.20E-05,1.61E-04,-8.56E-05,-8.34E-06,7.20E-05,-5.06E-05
859,-1.81E-04,-2.19E-04,-3.26E-04,3.01E-05,-2.76E-04,-7.84E-05,-3.56E-04,-2.13E-04,-1.53E-04,-9.92E-05,-1.30E-04,1.24E-04,-7.45E-05,-1.41E-04,-3.38E-05,1.47E-04,-8.22E-05,-6.47E-09,8.09E-05,-2.28E-05
860,-1.80E-04,-2.07E-04,-3.30E-04,2.40E-05,-2.84E-04,-8.15E-05,-3.55E-04,-2.14E-04,-1.53E-04,-1.04E-04,-1.26E-04,1.22E-04,-8.03E-05,-1.42E-04,-3.53E-05,1.31E-04,-8.04E-05,6.66E-06,9.01E-05,4.27E-06
861,-1.78E-04,-1.97E-04,-3.34E-04,1.70E-05,-2.92E-04,-8.56E-05,-3.55E-04,-2.15E-04,-1.53E-04,-1.09E-04,-1.21E-04,1.23E-04,-8.67E-05,-1.44E-04,-3.64E-05,1.13E-04,-8.00E-05,1.15E-05,9.88E-05,2.92E-05
862,-1.76E-04,-1.90E-04,-3.37E-04,9.23E-06,-3.01E-04,-9.08E-05,-3.57E-04,-2.17E-04,-1.54E-04,-1.14E-04,-1.15E-04,1.28E-04,-9.31E-05,-1.47E-04,-3.75E-05,9.42E-05,-8.06E-05,1.45E-05,1.06E-04,5.07E-05
863,-1.73E-04,-1.86E-04,-3.41E-04,9.94E-07,-3.09E-04,-9.70E-05,-3.60E-04,-2.19E-04,-1.56E-04,-1.20E-04,-1.10E-04,1.37E-04,-9.92E-05,-1.51E-04,-3.86E-05,7.38E-05,-8.20E-05,1.55E-05,1.12E-04,6.79E-05
864,-1.71E-04,-1.85E-04,-3.45E-04,-7.52E-06,-3.18E-04,-1.04E-04,-3.65E-04,-2.22E-04,-1.58E-04,-1.26E-04,-1.04E-04,1.48E-04,-1.05E-04,-1.57E-04,-4.02E-05,5.27E-05,-8.40E-05,1.45E-05,1.14E-04,8.02E-05
865,-1.69E-04,-1.87E-04,-3.50E-04,-1.61E-05,-3.28E-04,-1.13E-04,-3.71E-04,-2.25E-04,-1.60E-04,-1.32E-04,-9.84E-05,1.60E-04,-1.09E-04,-1.63E-04,-4.26E-05,3.10E-05,-8.64E-05,1.17E-05,1.14E-04,8.73E-05
866,-1.67E-04,-1.92E-04,-3.55E-04,-2.45E-05,-3.37E-04,-1.22E-04,-3.78E-04,-2.28E-04,-1.63E-04,-1.39E-04,-9.42E-05,1.73E-04,-1.12E-04,-1.71E-04,-4.61E-05,9.07E-06,-8.91E-05,7.01E-06,1.10E-04,8.94E-05
867,-1.66E-04,-2.01E-04,-3.61E-04,-3.26E-05,-3.47E-04,-1.32E-04,-3.85E-04,-2.31E-04,-1.67E-04,-1.46E-04,-9.14E-05,1.85E-04,-1.13E-04,-1.79E-04,-5.09E-05,-1.30E-05,-9.19E-05,6.52E-07,1.03E-04,8.67E-05
868,-1.65E-04,-2.11E-04,-3.67E-04,-4.02E-05,-3.56E-04,-1.43E-04,-3.92E-04,-2.35E-04,-1.70E-04,-1.54E-04,-9.05E-05,1.95E-04,-1.13E-04,-1.87E-04,-5.73E-05,-3.49E-05,-9.48E-05,-7.24E-06,9.18E-05,7.97E-05
869,-1.64E-04,-2.24E-04,-3.74E-04,-4.71E-05,-3.66E-04,-1.54E-04,-3.99E-04,-2.39E-04,-1.75E-04,-1.62E-04,-9.15E-05,2.03E-04,-1.11E-04,-1.96E-04,-6.53E-05,-5.65E-05,-9.79E-05,-1.65E-05,7.80E-05,6.93E-05
870,-1.65E-04,-2.37E-04,-3.82E-04,-5.32E-05,-3.76E-04,-1.66E-04,-4.04E-04,-2.44E-04,-1.79E-04,-1.70E-04,-9.44E-05,2.07E-04,-1.08E-04,-2.04E-04,-7.48E-05,-7.76E-05,-1.01E-04,-2.69E-05,6.20E-05,5.61E-05
871,-1.66E-04,-2.51E-04,-3.91E-04,-5.83E-05,-3.85E-04,-1.78E-04,-4.08E-04,-2.49E-04,-1.83E-04,-1.78E-04,-9.93E-05,2.07E-04,-1.03E-04,-2.12E-04,-8.58E-05,-9.78E-05,-1.05E-04,-3.82E-05,4.45E-05,4.10E-05
872,-1.67E-04,-2.63E-04,-4.00E-04,-6.24E-05,-3.94E-04,-1.91E-04,-4.11E-04,-2.54E-04,-1.87E-04,-1.86E-04,-1.06E-04,2.04E-04,-9.68E-05,-2.18E-04,-9.79E-05,-1.17E-04,-1.08E-04,-5.01E-05,2.65E-05,2.50E-05
873,-1.69E-04,-2.75E-04,-4.08E-04,-6.54E-05,-4.03E-04,-2.02E-04,-4.12E-04,-2.59E-04,-1.91E-04,-1.93E-04,-1.13E-04,1.97E-04,-8.97E-05,-2.23E-04,-1.11E-04,-1.35E-04,-1.12E-04,-6.23E-05,9.05E-06,8.65E-06
874,-1.71E-04,-2.84E-04,-4.17E-04,-6.71E-05,-4.10E-04,-2.13E-04,-4.11E-04,-2.65E-04,-1.94E-04,-2.00E-04,-1.22E-04,1.86E-04,-8.20E-05,-2.27E-04,-1.24E-04,-1.50E-04,-1.16E-04,-7.46E-05,-6.96E-06,-7.31E-06
875,-1.73E-04,-2.90E-04,-4.24E-04,-6.77E-05,-4.17E-04,-2.24E-04,-4.08E-04,-2.70E-04,-1.97E-04,-2.07E-04,-1.30E-04,1.72E-04,-7.41E-05,-2.28E-04,-1.36E-04,-1.63E-04,-1.20E-04,-8.64E-05,-2.06E-05,-2.24E-05
876,-1.74E-04,-2.93E-04,-4.30E-04,-6.70E-05,-4.22E-04,-2.33E-04,-4.04E-04,-2.75E-04,-1.99E-04,-2.13E-04,-1.38E-04,1.56E-04,-6.63E-05,-2.28E-04,-1.48E-04,-1.74E-04,-1.24E-04,-9.75E-05,-3.10E-05,-3.62E-05
877,-1.74E-04,-2.91E-04,-4.34E-04,-6.52E-05,-4.25E-04,-2.41E-04,-3.98E-04,-2.80E-04,-2.00E-04,-2.18E-04,-1.44E-04,1.39E-04,-5.89E-05,-2.25E-04,-1.58E-04,-1.81E-04,-1.28E-04,-1.07E-04,-3.77E-05,-4.86E-05
878,-1.73E-04,-2.87E-04,-4.36E-04,-6.23E-05,-4.27E-04,-2.47E-04,-3.90E-04,-2.83E-04,-2.01E-04,-2.22E-04,-1.49E-04,1.22E-04,-5.22E-05,-2.19E-04,-1.65E-04,-1.85E-04,-1.31E-04,-1.16E-04,-4.02E-05,-5.93E-05
879,-1.70E-04,-2.78E-04,-4.36E-04,-5.83E-05,-4.27E-04,-2.51E-04,-3.82E-04,-2.85E-04,-1.99E-04,-2.24E-04,-1.51E-04,1.05E-04,-4.63E-05,-2.11E-04,-1.70E-04,-1.84E-04,-1.34E-04,-1.22E-04,-3.85E-05,-6.85E-05
880,-1.66E-04,-2.66E-04,-4.33E-04,-5.33E-05,-4.25E-04,-2.54E-04,-3.72E-04,-2.86E-04,-1.97E-04,-2.25E-04,-1.51E-04,8.95E-05,-4.13E-05,-2.01E-04,-1.72E-04,-1.80E-04,-1.35E-04,-1.26E-04,-3.26E-05,-7.62E-05
881,-1.59E-04,-2.51E-04,-4.27E-04,-4.75E-05,-4.20E-04,-2.55E-04,-3.62E-04,-2.85E-04,-1.93E-04,-2.25E-04,-1.49E-04,7.62E-05,-3.72E-05,-1.89E-04,-1.70E-04,-1.71E-04,-1.35E-04,-1.27E-04,-2.30E-05,-8.25E-05
882,-1.49E-04,-2.33E-04,-4.18E-04,-4.11E-05,-4.14E-04,-2.53E-04,-3.50E-04,-2.82E-04,-1.89E-04,-2.24E-04,-1.43E-04,6.53E-05,-3.39E-05,-1.75E-04,-1.66E-04,-1.58E-04,-1.34E-04,-1.25E-04,-1.00E-05,-8.76E-05
883,-1.37E-04,-2.14E-04,-4.07E-04,-3.40E-05,-4.06E-04,-2.50E-04,-3.36E-04,-2.78E-04,-1.82E-04,-2.21E-04,-1.35E-04,5.71E-05,-3.13E-05,-1.59E-04,-1.57E-04,-1.41E-04,-1.31E-04,-1.20E-04,5.45E-06,-9.15E-05
884,-1.21E-04,-1.94E-04,-3.93E-04,-2.66E-05,-3.96E-04,-2.45E-04,-3.22E-04,-2.71E-04,-1.75E-04,-2.16E-04,-1.24E-04,5.18E-05,-2.90E-05,-1.42E-04,-1.46E-04,-1.20E-04,-1.27E-04,-1.12E-04,2.27E-05,-9.42E-05
885,-1.03E-04,-1.73E-04,-3.77E-04,-1.89E-05,-3.85E-04,-2.38E-04,-3.06E-04,-2.61E-04,-1.67E-04,-2.10E-04,-1.11E-04,4.90E-05,-2.69E-05,-1.23E-04,-1.32E-04,-9.71E-05,-1.20E-04,-1.00E-04,4.08E-05,-9.60E-05
886,-8.29E-05,-1.53E-04,-3.59E-04,-1.11E-05,-3.73E-04,-2.30E-04,-2.88E-04,-2.50E-04,-1.57E-04,-2.03E-04,-9.64E-05,4.84E-05,-2.46E-05,-1.05E-04,-1.16E-04,-7.17E-05,-1.11E-04,-8.52E-05,5.89E-05,-9.66E-05
887,-6.04E-05,-1.34E-04,-3.40E-04,-3.25E-06,-3.59E-04,-2.21E-04,-2.69E-04,-2.37E-04,-1.47E-04,-1.95E-04,-8.10E-05,4.97E-05,-2.17E-05,-8.56E-05,-9.91E-05,-4.51E-05,-1.01E-04,-6.76E-05,7.63E-05,-9.61E-05
888,-3.63E-05,-1.16E-04,-3.21E-04,4.44E-06,-3.45E-04,-2.11E-04,-2.47E-04,-2.23E-04,-1.37E-04,-1.85E-04,-6.52E-05,5.21E-05,-1.81E-05,-6.69E-05,-8.11E-05,-1.82E-05,-8.80E-05,-4.75E-05,9.23E-05,-9.43E-05
889,-1.14E-05,-1.01E-04,-3.02E-04,1.19E-05,-3.31E-04,-2.01E-04,-2.24E-04,-2.07E-04,-1.26E-04,-1.75E-04,-4.96E-05,5.51E-05,-1.34E-05,-4.87E-05,-6.33E-05,8.00E-06,-7.39E-05,-2.55E-05,1.06E-04,-9.12E-05
890,1.36E-05,-8.79E-05,-2.84E-04,1.91E-05,-3.17E-04,-1.90E-04,-1.99E-04,-1.91E-04,-1.15E-04,-1.65E-04,-3.46E-05,5.83E-05,-7.53E-06,-3.15E-05,-4.62E-05,3.25E-05,-5.84E-05,-2.15E-06,1.18E-04,-8.68E-05
891,3.78E-05,-7.74E-05,-2.67E-04,2.59E-05,-3.04E-04,-1.80E-04,-1.72E-04,-1.73E-04,-1.04E-04,-1.54E-04,-2.09E-05,6.10E-05,-3.29E-07,-1.55E-05,-3.06E-05,5.44E-05,-4.18E-05,2.18E-05,1.28E-04,-8.10E-05
892,6.04E-05,-6.95E-05,-2.51E-04,3.24E-05,-2.91E-04,-1.71E-04,-1.43E-04,-1.56E-04,-9.39E-05,-1.44E-04,-8.58E-06,6.31E-05,8.18E-06,-1.01E-06,-1.70E-05,7.30E-05,-2.44E-05,4.57E-05,1.35E-04,-7.39E-05
893,8.06E-05,-6.40E-05,-2.38E-04,3.86E-05,-2.79E-04,-1.62E-04,-1.14E-04,-1.39E-04,-8.41E-05,-1.33E-04,1.95E-06,6.44E-05,1.79E-05,1.19E-05,-5.82E-06,8.77E-05,-6.58E-06,6.88E-05,1.40E-04,-6.57E-05
894,9.74E-05,-6.08E-05,-2.28E-04,4.45E-05,-2.68E-04,-1.54E-04,-8.46E-05,-1.23E-04,-7.51E-05,-1.23E-04,1.07E-05,6.48E-05,2.87E-05,2.31E-05,2.58E-06,9.80E-05,1.13E-05,9.05E-05,1.43E-04,-5.67E-05
895,1.10E-04,-5.95E-05,-2.20E-04,5.01E-05,-2.59E-04,-1.47E-04,-5.54E-05,-1.08E-04,-6.70E-05,-1.13E-04,1.75E-05,6.44E-05,4.03E-05,3.25E-05,8.05E-06,1.04E-04,2.89E-05,1.10E-04,1.45E-04,-4.72E-05
896,1.19E-04,-5.98E-05,-2.14E-04,5.56E-05,-2.50E-04,-1.42E-04,-2.71E-05,-9.48E-05,-6.00E-05,-1.05E-04,2.28E-05,6.37E-05,5.23E-05,4.02E-05,1.06E-05,1.05E-04,4.60E-05,1.27E-04,1.47E-04,-3.78E-05
897,1.22E-04,-6.14E-05,-2.11E-04,6.10E-05,-2.43E-04,-1.38E-04,-6.29E-07,-8.27E-05,-5.40E-05,-9.70E-05,2.66E-05,6.29E-05,6.46E-05,4.62E-05,1.03E-05,1.02E-04,6.22E-05,1.42E-04,1.48E-04,-2.88E-05
898,1.20E-04,-6.38E-05,-2.11E-04,6.64E-05,-2.38E-04,-1.35E-04,2.34E-05,-7.21E-05,-4.91E-05,-9.03E-05,2.93E-05,6.26E-05,7.66E-05,5.07E-05,7.44E-06,9.47E-05,7.73E-05,1.53E-04,1.49E-04,-2.09E-05
899,1.13E-04,-6.66E-05,-2.12E-04,7.19E-05,-2.33E-04,-1.34E-04,4.45E-05,-6.32E-05,-4.53E-05,-8.45E-05,3.12E-05,6.33E-05,8.82E-05,5.39E-05,2.31E-06,8.43E-05,9.11E-05,1.62E-04,1.51E-04,-1.46E-05
900,1.02E-04,-6.95E-05,-2.14E-04,7.75E-05,-2.30E-04,-1.34E-04,6.21E-05,-5.59E-05,-4.25E-05,-7.98E-05,3.28E-05,6.53E-05,9.89E-05,5.58E-05,-4.70E-06,7.12E-05,1.04E-04,1.68E-04,1.54E-04,-1.05E-05
901,8.58E-05,-7.22E-05,-2.17E-04,8.34E-05,-2.27E-04,-1.35E-04,7.59E-05,-4.98E-05,-4.06E-05,-7.60E-05,3.43E-05,6.91E-05,1.09E-04,5.69E-05,-1.32E-05,5.62E-05,1.15E-04,1.72E-04,1.58E-04,-8.76E-06
902,6.63E-05,-7.44E-05,-2.21E-04,8.95E-05,-2.25E-04,-1.37E-04,8.58E-05,-4.50E-05,-3.95E-05,-7.31E-05,3.62E-05,7.51E-05,1.17E-04,5.72E-05,-2.27E-05,4.00E-05,1.24E-04,1.73E-04,1.62E-04,-9.84E-06
903,4.41E-05,-7.59E-05,-2.24E-04,9.59E-05,-2.23E-04,-1.39E-04,9.21E-05,-4.09E-05,-3.90E-05,-7.09E-05,3.87E-05,8.32E-05,1.24E-04,5.71E-05,-3.28E-05,2.34E-05,1.32E-04,1.74E-04,1.68E-04,-1.38E-05
904,2.02E-05,-7.67E-05,-2.27E-04,1.03E-04,-2.22E-04,-1.41E-04,9.50E-05,-3.74E-05,-3.89E-05,-6.94E-05,4.20E-05,9.35E-05,1.30E-04,5.67E-05,-4.32E-05,7.09E-06,1.39E-04,1.74E-04,1.74E-04,-2.05E-05
905,-4.32E-06,-7.64E-05,-2.28E-04,1.10E-04,-2.20E-04,-1.44E-04,9.51E-05,-3.42E-05,-3.91E-05,-6.83E-05,4.63E-05,1.06E-04,1.34E-04,5.63E-05,-5.36E-05,-8.42E-06,1.44E-04,1.74E-04,1.81E-04,-2.97E-05
906,-2.82E-05,-7.51E-05,-2.28E-04,1.17E-04,-2.19E-04,-1.46E-04,9.32E-05,-3.08E-05,-3.94E-05,-6.75E-05,5.16E-05,1.20E-04,1.37E-04,5.60E-05,-6.38E-05,-2.26E-05,1.48E-04,1.76E-04,1.88E-04,-4.10E-05
907,-5.04E-05,-7.27E-05,-2.26E-04,1.24E-04,-2.16E-04,-1.48E-04,9.01E-05,-2.70E-05,-3.95E-05,-6.67E-05,5.79E-05,1.35E-04,1.40E-04,5.60E-05,-7.34E-05,-3.53E-05,1.52E-04,1.78E-04,1.94E-04,-5.37E-05
908,-6.97E-05,-6.91E-05,-2.23E-04,1.32E-04,-2.14E-04,-1.50E-04,8.69E-05,-2.27E-05,-3.95E-05,-6.59E-05,6.53E-05,1.51E-04,1.41E-04,5.64E-05,-8.25E-05,-4.62E-05,1.54E-04,1.83E-04,2.00E-04,-6.70E-05
909,-8.53E-05,-6.42E-05,-2.17E-04,1.39E-04,-2.10E-04,-1.51E-04,8.45E-05,-1.75E-05,-3.90E-05,-6.49E-05,7.35E-05,1.68E-04,1.43E-04,5.74E-05,-9.09E-05,-5.53E-05,1.57E-04,1.90E-04,2.04E-04,-8.01E-05
910,-9.62E-05,-5.80E-05,-2.10E-04,1.47E-04,-2.05E-04,-1.51E-04,8.40E-05,-1.14E-05,-3.81E-05,-6.35E-05,8.24E-05,1.84E-04,1.44E-04,5.89E-05,-9.86E-05,-6.27E-05,1.59E-04,1.99E-04,2.08E-04,-9.19E-05
911,-1.02E-04,-5.03E-05,-2.01E-04,1.54E-04,-2.00E-04,-1.50E-04,8.61E-05,-4.31E-06,-3.67E-05,-6.16E-05,9.18E-05,1.98E-04,1.46E-04,6.10E-05,-1.06E-04,-6.87E-05,1.61E-04,2.11E-04,2.10E-04,-1.02E-04
912,-1.02E-04,-4.11E-05,-1.91E-04,1.61E-04,-1.93E-04,-1.48E-04,9.16E-05,3.73E-06,-3.48E-05,-5.91E-05,1.02E-04,2.12E-04,1.48E-04,6.37E-05,-1.12E-04,-7.34E-05,1.63E-04,2.26E-04,2.10E-04,-1.08E-04
913,-9.60E-05,-3.04E-05,-1.79E-04,1.68E-04,-1.85E-04,-1.45E-04,1.01E-04,1.27E-05,-3.23E-05,-5.61E-05,1.12E-04,2.23E-04,1.51E-04,6.70E-05,-1.17E-04,-7.71E-05,1.66E-04,2.42E-04,2.10E-04,-1.12E-04
914,-8.43E-05,-1.81E-05,-1.67E-04,1.74E-04,-1.77E-04,-1.41E-04,1.15E-04,2.23E-05,-2.93E-05,-5.25E-05,1.22E-04,2.32E-04,1.54E-04,7.09E-05,-1.22E-04,-8.01E-05,1.71E-04,2.60E-04,2.09E-04,-1.10E-04
915,-6.72E-05,-4.19E-06,-1.55E-04,1.80E-04,-1.67E-04,-1.36E-04,1.33E-04,3.26E-05,-2.59E-05,-4.83E-05,1.31E-04,2.39E-04,1.59E-04,7.52E-05,-1.25E-04,-8.27E-05,1.76E-04,2.79E-04,2.07E-04,-1.04E-04
916,-4.51E-05,1.13E-05,-1.42E-04,1.85E-04,-1.57E-04,-1.31E-04,1.55E-04,4.32E-05,-2.22E-05,-4.35E-05,1.41E-04,2.44E-04,1.64E-04,7.99E-05,-1.28E-04,-8.52E-05,1.83E-04,2.99E-04,2.04E-04,-9.39E-05
917,-1.89E-05,2.81E-05,-1.30E-04,1.90E-04,-1.46E-04,-1.24E-04,1.81E-04,5.39E-05,-1.83E-05,-3.83E-05,1.50E-04,2.46E-04,1.70E-04,8.49E-05,-1.29E-04,-8.76E-05,1.91E-04,3.18E-04,2.02E-04,-7.87E-05
918,1.07E-05,4.63E-05,-1.18E-04,1.94E-04,-1.35E-04,-1.18E-04,2.09E-04,6.46E-05,-1.43E-05,-3.27E-05,1.59E-04,2.47E-04,1.76E-04,9.01E-05,-1.29E-04,-9.01E-05,2.02E-04,3.36E-04,2.00E-04,-5.93E-05
919,4.25E-05,6.54E-05,-1.07E-04,1.98E-04,-1.24E-04,-1.11E-04,2.40E-04,7.49E-05,-1.03E-05,-2.69E-05,1.66E-04,2.46E-04,1.83E-04,9.53E-05,-1.28E-04,-9.26E-05,2.13E-04,3.52E-04,1.99E-04,-3.64E-05
920,7.54E-05,8.53E-05,-9.74E-05,2.01E-04,-1.14E-04,-1.04E-04,2.72E-04,8.47E-05,-6.56E-06,-2.10E-05,1.74E-04,2.43E-04,1.90E-04,1.00E-04,-1.25E-04,-9.53E-05,2.27E-04,3.67E-04,1.98E-04,-1.09E-05
921,1.08E-04,1.05E-04,-8.90E-05,2.04E-04,-1.04E-04,-9.70E-05,3.04E-04,9.38E-05,-3.10E-06,-1.50E-05,1.80E-04,2.40E-04,1.97E-04,1.05E-04,-1.21E-04,-9.80E-05,2.41E-04,3.78E-04,1.99E-04,1.62E-05
922,1.40E-04,1.26E-04,-8.20E-05,2.06E-04,-9.43E-05,-9.01E-05,3.35E-04,1.02E-04,-5.00E-08,-9.16E-06,1.85E-04,2.37E-04,2.03E-04,1.10E-04,-1.15E-04,-1.01E-04,2.57E-04,3.87E-04,2.01E-04,4.38E-05
923,1.69E-04,1.45E-04,-7.65E-05,2.08E-04,-8.61E-05,-8.35E-05,3.64E-04,1.10E-04,2.51E-06,-3.52E-06,1.89E-04,2.33E-04,2.09E-04,1.14E-04,-1.07E-04,-1.03E-04,2.73E-04,3.93E-04,2.03E-04,7.06E-05
924,1.95E-04,1.64E-04,-7.25E-05,2.10E-04,-7.93E-05,-7.74E-05,3.90E-04,1.16E-04,4.52E-06,1.84E-06,1.93E-04,2.29E-04,2.14E-04,1.18E-04,-9.78E-05,-1.05E-04,2.90E-04,3.96E-04,2.06E-04,9.54E-05
925,2.17E-04,1.81E-04,-6.99E-05,2.11E-04,-7.40E-05,-7.17E-05,4.13E-04,1.22E-04,5.95E-06,6.85E-06,1.95E-04,2.26E-04,2.18E-04,1.21E-04,-8.75E-05,-1.08E-04,3.06E-04,3.95E-04,2.09E-04,1.17E-04
926,2.35E-04,1.96E-04,-6.85E-05,2.12E-04,-7.03E-05,-6.67E-05,4.31E-04,1.26E-04,6.79E-06,1.15E-05,1.96E-04,2.23E-04,2.20E-04,1.24E-04,-7.62E-05,-1.09E-04,3.20E-04,3.93E-04,2.12E-04,1.35E-04
927,2.48E-04,2.10E-04,-6.82E-05,2.13E-04,-6.82E-05,-6.22E-05,4.45E-04,1.30E-04,7.07E-06,1.57E-05,1.96E-04,2.20E-04,2.22E-04,1.26E-04,-6.42E-05,-1.11E-04,3.33E-04,3.88E-04,2.14E-04,1.48E-04
928,2.55E-04,2.21E-04,-6.88E-05,2.13E-04,-6.78E-05,-5.84E-05,4.54E-04,1.33E-04,6.84E-06,1.95E-05,1.95E-04,2.17E-04,2.23E-04,1.27E-04,-5.19E-05,-1.12E-04,3.44E-04,3.82E-04,2.16E-04,1.55E-04
929,2.58E-04,2.29E-04,-7.01E-05,2.14E-04,-6.88E-05,-5.51E-05,4.59E-04,1.36E-04,6.19E-06,2.30E-05,1.93E-04,2.14E-04,2.23E-04,1.28E-04,-3.97E-05,-1.13E-04,3.52E-04,3.75E-04,2.16E-04,1.56E-04
930,2.57E-04,2.36E-04,-7.18E-05,2.14E-04,-7.09E-05,-5.24E-05,4.61E-04,1.38E-04,5.21E-06,2.63E-05,1.90E-04,2.11E-04,2.22E-04,1.28E-04,-2.81E-05,-1.15E-04,3.56E-04,3.67E-04,2.14E-04,1.52E-04
931,2.51E-04,2.40E-04,-7.36E-05,2.15E-04,-7.40E-05,-5.00E-05,4.59E-04,1.40E-04,4.03E-06,2.93E-05,1.88E-04,2.08E-04,2.21E-04,1.28E-04,-1.73E-05,-1.17E-04,3.57E-04,3.59E-04,2.11E-04,1.42E-04
932,2.43E-04,2.41E-04,-7.52E-05,2.15E-04,-7.77E-05,-4.79E-05,4.55E-04,1.42E-04,2.79E-06,3.23E-05,1.85E-04,2.04E-04,2.21E-04,1.28E-04,-7.85E-06,-1.19E-04,3.55E-04,3.52E-04,2.06E-04,1.28E-04
933,2.33E-04,2.41E-04,-7.64E-05,2.16E-04,-8.14E-05,-4.60E-05,4.50E-04,1.45E-04,1.62E-06,3.53E-05,1.82E-04,1.99E-04,2.20E-04,1.27E-04,1.01E-07,-1.21E-04,3.49E-04,3.45E-04,1.99E-04,1.09E-04
934,2.22E-04,2.40E-04,-7.68E-05,2.16E-04,-8.47E-05,-4.40E-05,4.45E-04,1.47E-04,6.74E-07,3.84E-05,1.81E-04,1.94E-04,2.20E-04,1.27E-04,6.35E-06,-1.25E-04,3.40E-04,3.39E-04,1.91E-04,8.67E-05
935,2.11E-04,2.38E-04,-7.61E-05,2.17E-04,-8.73E-05,-4.17E-05,4.41E-04,1.50E-04,8.48E-08,4.18E-05,1.80E-04,1.88E-04,2.21E-04,1.27E-04,1.08E-05,-1.28E-04,3.28E-04,3.35E-04,1.82E-04,6.26E-05
936,2.01E-04,2.35E-04,-7.41E-05,2.19E-04,-8.86E-05,-3.90E-05,4.38E-04,1.54E-04,-1.68E-08,4.56E-05,1.81E-04,1.81E-04,2.23E-04,1.28E-04,1.35E-05,-1.33E-04,3.15E-04,3.31E-04,1.73E-04,3.75E-05
937,1.93E-04,2.32E-04,-7.07E-05,2.21E-04,-8.82E-05,-3.56E-05,4.39E-04,1.59E-04,4.88E-07,4.98E-05,1.83E-04,1.75E-04,2.26E-04,1.29E-04,1.46E-05,-1.38E-04,3.00E-04,3.29E-04,1.64E-04,1.28E-05
938,1.88E-04,2.29E-04,-6.55E-05,2.23E-04,-8.59E-05,-3.15E-05,4.43E-04,1.64E-04,1.70E-06,5.46E-05,1.87E-04,1.68E-04,2.31E-04,1.30E-04,1.44E-05,-1.43E-04,2.86E-04,3.28E-04,1.56E-04,-1.05E-05
939,1.88E-04,2.28E-04,-5.84E-05,2.26E-04,-8.12E-05,-2.63E-05,4.51E-04,1.71E-04,3.68E-06,6.00E-05,1.93E-04,1.62E-04,2.37E-04,1.33E-04,1.31E-05,-1.48E-04,2.73E-04,3.28E-04,1.49E-04,-3.14E-05
940,1.91E-04,2.27E-04,-4.95E-05,2.30E-04,-7.42E-05,-2.01E-05,4.64E-04,1.79E-04,6.47E-06,6.61E-05,2.02E-04,1.57E-04,2.45E-04,1.36E-04,1.11E-05,-1.52E-04,2.63E-04,3.29E-04,1.44E-04,-4.89E-05
941,1.99E-04,2.28E-04,-3.86E-05,2.35E-04,-6.46E-05,-1.28E-05,4.81E-04,1.88E-04,1.01E-05,7.28E-05,2.12E-04,1.53E-04,2.54E-04,1.41E-04,8.98E-06,-1.56E-04,2.57E-04,3.31E-04,1.42E-04,-6.26E-05
942,2.12E-04,2.31E-04,-2.58E-05,2.40E-04,-5.27E-05,-4.30E-06,5.03E-04,1.98E-04,1.45E-05,8.01E-05,2.24E-04,1.51E-04,2.64E-04,1.46E-04,7.05E-06,-1.58E-04,2.54E-04,3.32E-04,1.43E-04,-7.19E-05
943,2.28E-04,2.36E-04,-1.12E-05,2.47E-04,-3.85E-05,5.34E-06,5.29E-04,2.09E-04,1.97E-05,8.79E-05,2.37E-04,1.51E-04,2.75E-04,1.52E-04,5.75E-06,-1.60E-04,2.57E-04,3.34E-04,1.47E-04,-7.68E-05
944,2.48E-04,2.42E-04,4.88E-06,2.54E-04,-2.24E-05,1.60E-05,5.59E-04,2.22E-04,2.56E-05,9.63E-05,2.51E-04,1.53E-04,2.86E-04,1.59E-04,5.43E-06,-1.59E-04,2.66E-04,3.36E-04,1.53E-04,-7.75E-05
945,2.70E-04,2.49E-04,2.23E-05,2.61E-04,-4.73E-06,2.76E-05,5.92E-04,2.35E-04,3.21E-05,1.05E-04,2.65E-04,1.57E-04,2.98E-04,1.66E-04,6.34E-06,-1.57E-04,2.80E-04,3.38E-04,1.63E-04,-7.44E-05
946,2.94E-04,2.58E-04,4.08E-05,2.69E-04,1.40E-05,3.99E-05,6.26E-04,2.50E-04,3.90E-05,1.14E-04,2.80E-04,1.62E-04,3.09E-04,1.73E-04,8.66E-06,-1.53E-04,3.00E-04,3.39E-04,1.75E-04,-6.81E-05
947,3.19E-04,2.69E-04,5.99E-05,2.77E-04,3.34E-05,5.27E-05,6.61E-04,2.65E-04,4.62E-05,1.23E-04,2.93E-04,1.70E-04,3.20E-04,1.80E-04,1.24E-05,-1.48E-04,3.25E-04,3.40E-04,1.89E-04,-5.95E-05
948,3.42E-04,2.80E-04,7.93E-05,2.86E-04,5.28E-05,6.56E-05,6.95E-04,2.80E-04,5.35E-05,1.32E-04,3.05E-04,1.79E-04,3.30E-04,1.87E-04,1.76E-05,-1.41E-04,3.55E-04,3.41E-04,2.04E-04,-4.96E-05
949,3.64E-04,2.93E-04,9.86E-05,2.94E-04,7.17E-05,7.85E-05,7.27E-04,2.95E-04,6.07E-05,1.41E-04,3.14E-04,1.90E-04,3.39E-04,1.94E-04,2.39E-05,-1.32E-04,3.88E-04,3.41E-04,2.19E-04,-3.94E-05
950,3.82E-04,3.06E-04,1.17E-04,3.01E-04,8.96E-05,9.09E-05,7.57E-04,3.10E-04,6.77E-05,1.50E-04,3.22E-04,2.01E-04,3.47E-04,2.00E-04,3.12E-05,-1.23E-04,4.23E-04,3.41E-04,2.34E-04,-2.99E-05
951,3.97E-04,3.19E-04,1.35E-04,3.08E-04,1.06E-04,1.03E-04,7.82E-04,3.24E-04,7.43E-05,1.58E-04,3.27E-04,2.12E-04,3.52E-04,2.05E-04,3.90E-05,-1.13E-04,4.59E-04,3.41E-04,2.48E-04,-2.20E-05
952,4.07E-04,3.33E-04,1.52E-04,3.15E-04,1.21E-04,1.13E-04,8.01E-04,3.37E-04,8.03E-05,1.66E-04,3.29E-04,2.22E-04,3.56E-04,2.09E-04,4.69E-05,-1.04E-04,4.94E-04,3.40E-04,2.60E-04,-1.65E-05
953,4.11E-04,3.47E-04,1.67E-04,3.20E-04,1.33E-04,1.23E-04,8.15E-04,3.49E-04,8.56E-05,1.73E-04,3.29E-04,2.31E-04,3.58E-04,2.12E-04,5.46E-05,-9.48E-05,5.26E-04,3.38E-04,2.69E-04,-1.41E-05
954,4.10E-04,3.60E-04,1.80E-04,3.23E-04,1.44E-04,1.31E-04,8.22E-04,3.60E-04,9.02E-05,1.79E-04,3.27E-04,2.39E-04,3.58E-04,2.13E-04,6.15E-05,-8.67E-05,5.54E-04,3.36E-04,2.76E-04,-1.51E-05
955,4.05E-04,3.74E-04,1.92E-04,3.26E-04,1.52E-04,1.38E-04,8.22E-04,3.68E-04,9.38E-05,1.85E-04,3.22E-04,2.45E-04,3.56E-04,2.14E-04,6.73E-05,-7.99E-05,5.77E-04,3.34E-04,2.80E-04,-1.96E-05
956,3.94E-04,3.87E-04,2.01E-04,3.26E-04,1.58E-04,1.43E-04,8.15E-04,3.75E-04,9.66E-05,1.89E-04,3.16E-04,2.49E-04,3.52E-04,2.14E-04,7.17E-05,-7.47E-05,5.94E-04,3.31E-04,2.80E-04,-2.75E-05
957,3.80E-04,4.00E-04,2.09E-04,3.26E-04,1.62E-04,1.46E-04,8.01E-04,3.80E-04,9.84E-05,1.93E-04,3.08E-04,2.50E-04,3.47E-04,2.12E-04,7.44E-05,-7.12E-05,6.04E-04,3.27E-04,2.77E-04,-3.83E-05
958,3.64E-04,4.13E-04,2.15E-04,3.24E-04,1.64E-04,1.48E-04,7.80E-04,3.82E-04,9.94E-05,1.97E-04,3.01E-04,2.49E-04,3.41E-04,2.10E-04,7.53E-05,-6.93E-05,6.07E-04,3.22E-04,2.71E-04,-5.14E-05
959,3.46E-04,4.25E-04,2.20E-04,3.21E-04,1.66E-04,1.48E-04,7.55E-04,3.83E-04,9.97E-05,1.99E-04,2.94E-04,2.46E-04,3.34E-04,2.08E-04,7.44E-05,-6.89E-05,6.03E-04,3.16E-04,2.63E-04,-6.59E-05
960,3.28E-04,4.37E-04,2.23E-04,3.17E-04,1.66E-04,1.48E-04,7.25E-04,3.82E-04,9.93E-05,2.01E-04,2.88E-04,2.41E-04,3.27E-04,2.06E-04,7.17E-05,-6.97E-05,5.93E-04,3.09E-04,2.53E-04,-8.10E-05
961,3.12E-04,4.49E-04,2.26E-04,3.13E-04,1.67E-04,1.47E-04,6.92E-04,3.80E-04,9.84E-05,2.03E-04,2.83E-04,2.36E-04,3.19E-04,2.04E-04,6.74E-05,-7.13E-05,5.77E-04,3.01E-04,2.41E-04,-9.54E-05
962,2.98E-04,4.60E-04,2.28E-04,3.08E-04,1.67E-04,1.45E-04,6.58E-04,3.77E-04,9.72E-05,2.04E-04,2.81E-04,2.30E-04,3.12E-04,2.02E-04,6.19E-05,-7.33E-05,5.57E-04,2.92E-04,2.28E-04,-1.08E-04
963,2.89E-04,4.71E-04,2.29E-04,3.04E-04,1.69E-04,1.43E-04,6.24E-04,3.73E-04,9.58E-05,2.05E-04,2.82E-04,2.24E-04,3.06E-04,2.02E-04,5.54E-05,-7.50E-05,5.34E-04,2.82E-04,2.16E-04,-1.19E-04
964,2.84E-04,4.81E-04,2.31E-04,2.99E-04,1.71E-04,1.41E-04,5.92E-04,3.69E-04,9.45E-05,2.06E-04,2.85E-04,2.18E-04,3.00E-04,2.02E-04,4.84E-05,-7.59E-05,5.09E-04,2.72E-04,2.03E-04,-1.25E-04
965,2.84E-04,4.91E-04,2.34E-04,2.95E-04,1.76E-04,1.39E-04,5.63E-04,3.65E-04,9.34E-05,2.07E-04,2.91E-04,2.15E-04,2.96E-04,2.03E-04,4.12E-05,-7.57E-05,4.85E-04,2.61E-04,1.92E-04,-1.28E-04
966,2.91E-04,5.00E-04,2.38E-04,2.92E-04,1.82E-04,1.38E-04,5.39E-04,3.62E-04,9.27E-05,2.09E-04,2.99E-04,2.13E-04,2.93E-04,2.06E-04,3.43E-05,-7.37E-05,4.63E-04,2.49E-04,1.81E-04,-1.27E-04
967,3.03E-04,5.09E-04,2.42E-04,2.90E-04,1.90E-04,1.39E-04,5.21E-04,3.60E-04,9.24E-05,2.10E-04,3.09E-04,2.15E-04,2.91E-04,2.09E-04,2.79E-05,-6.98E-05,4.45E-04,2.38E-04,1.72E-04,-1.21E-04
968,3.21E-04,5.17E-04,2.48E-04,2.90E-04,2.00E-04,1.40E-04,5.10E-04,3.59E-04,9.28E-05,2.13E-04,3.22E-04,2.19E-04,2.90E-04,2.14E-04,2.24E-05,-6.38E-05,4.31E-04,2.26E-04,1.64E-04,-1.11E-04
969,3.43E-04,5.25E-04,2.56E-04,2.90E-04,2.11E-04,1.43E-04,5.06E-04,3.60E-04,9.38E-05,2.15E-04,3.35E-04,2.26E-04,2.90E-04,2.20E-04,1.79E-05,-5.58E-05,4.22E-04,2.16E-04,1.58E-04,-9.66E-05
970,3.68E-04,5.33E-04,2.64E-04,2.91E-04,2.25E-04,1.47E-04,5.10E-04,3.62E-04,9.54E-05,2.19E-04,3.49E-04,2.37E-04,2.91E-04,2.27E-04,1.46E-05,-4.58E-05,4.19E-04,2.06E-04,1.52E-04,-7.95E-05
971,3.96E-04,5.40E-04,2.74E-04,2.94E-04,2.40E-04,1.52E-04,5.22E-04,3.66E-04,9.77E-05,2.23E-04,3.62E-04,2.51E-04,2.92E-04,2.34E-04,1.25E-05,-3.43E-05,4.23E-04,1.97E-04,1.47E-04,-6.03E-05
972,4.25E-04,5.47E-04,2.86E-04,2.97E-04,2.56E-04,1.59E-04,5.40E-04,3.71E-04,1.00E-04,2.27E-04,3.75E-04,2.67E-04,2.94E-04,2.41E-04,1.15E-05,-2.19E-05,4.32E-04,1.89E-04,1.43E-04,-4.00E-05
973,4.53E-04,5.53E-04,2.98E-04,3.00E-04,2.73E-04,1.66E-04,5.65E-04,3.78E-04,1.04E-04,2.31E-04,3.87E-04,2.86E-04,2.96E-04,2.48E-04,1.14E-05,-9.00E-06,4.46E-04,1.82E-04,1.38E-04,-1.98E-05
974,4.79E-04,5.60E-04,3.11E-04,3.04E-04,2.90E-04,1.74E-04,5.94E-04,3.86E-04,1.07E-04,2.36E-04,3.96E-04,3.06E-04,2.98E-04,2.54E-04,1.21E-05,3.53E-06,4.64E-04,1.76E-04,1.32E-04,-8.28E-07
975,5.02E-04,5.67E-04,3.24E-04,3.07E-04,3.06E-04,1.82E-04,6.27E-04,3.94E-04,1.11E-04,2.41E-04,4.03E-04,3.26E-04,2.98E-04,2.60E-04,1.31E-05,1.50E-05,4.86E-04,1.71E-04,1.25E-04,1.60E-05
976,5.21E-04,5.73E-04,3.37E-04,3.10E-04,3.22E-04,1.91E-04,6.62E-04,4.02E-04,1.14E-04,2.47E-04,4.08E-04,3.47E-04,2.98E-04,2.64E-04,1.43E-05,2.47E-05,5.08E-04,1.66E-04,1.17E-04,2.97E-05
977,5.35E-04,5.80E-04,3.50E-04,3.11E-04,3.36E-04,1.99E-04,6.97E-04,4.10E-04,1.17E-04,2.52E-04,4.10E-04,3.67E-04,2.97E-04,2.67E-04,1.52E-05,3.19E-05,5.31E-04,1.61E-04,1.07E-04,3.97E-05
978,5.44E-04,5.86E-04,3.62E-04,3.11E-04,3.49E-04,2.06E-04,7.30E-04,4.16E-04,1.20E-04,2.56E-04,4.10E-04,3.84E-04,2.94E-04,2.69E-04,1.57E-05,3.63E-05,5.52E-04,1.56E-04,9.62E-05,4.55E-05
979,5.47E-04,5.92E-04,3.74E-04,3.10E-04,3.60E-04,2.13E-04,7.61E-04,4.22E-04,1.22E-04,2.60E-04,4.07E-04,4.00E-04,2.90E-04,2.68E-04,1.53E-05,3.73E-05,5.71E-04,1.51E-04,8.34E-05,4.71E-05
980,5.46E-04,5.98E-04,3.84E-04,3.07E-04,3.69E-04,2.18E-04,7.87E-04,4.26E-04,1.24E-04,2.64E-04,4.03E-04,4.12E-04,2.84E-04,2.66E-04,1.40E-05,3.50E-05,5.85E-04,1.44E-04,6.93E-05,4.47E-05
981,5.40E-04,6.03E-04,3.94E-04,3.02E-04,3.76E-04,2.23E-04,8.08E-04,4.28E-04,1.25E-04,2.67E-04,3.97E-04,4.20E-04,2.77E-04,2.62E-04,1.16E-05,2.92E-05,5.93E-04,1.36E-04,5.44E-05,3.87E-05
982,5.30E-04,6.07E-04,4.02E-04,2.96E-04,3.81E-04,2.26E-04,8.22E-04,4.28E-04,1.25E-04,2.69E-04,3.91E-04,4.25E-04,2.69E-04,2.57E-04,7.91E-06,2.04E-05,5.97E-04,1.27E-04,3.90E-05,2.97E-05
983,5.18E-04,6.10E-04,4.09E-04,2.88E-04,3.84E-04,2.28E-04,8.30E-04,4.27E-04,1.24E-04,2.71E-04,3.84E-04,4.25E-04,2.59E-04,2.51E-04,3.04E-06,8.95E-06,5.94E-04,1.16E-04,2.39E-05,1.87E-05
984,5.04E-04,6.11E-04,4.14E-04,2.79E-04,3.86E-04,2.28E-04,8.32E-04,4.23E-04,1.23E-04,2.72E-04,3.78E-04,4.21E-04,2.49E-04,2.44E-04,-2.98E-06,-4.45E-06,5.85E-04,1.04E-04,9.69E-06,6.58E-06
985,4.91E-04,6.12E-04,4.19E-04,2.69E-04,3.87E-04,2.28E-04,8.27E-04,4.18E-04,1.21E-04,2.72E-04,3.73E-04,4.13E-04,2.39E-04,2.37E-04,-1.00E-05,-1.90E-05,5.71E-04,8.97E-05,-3.09E-06,-5.72E-06
986,4.78E-04,6.11E-04,4.22E-04,2.59E-04,3.86E-04,2.26E-04,8.18E-04,4.11E-04,1.19E-04,2.71E-04,3.69E-04,4.03E-04,2.29E-04,2.29E-04,-1.79E-05,-3.39E-05,5.52E-04,7.44E-05,-1.38E-05,-1.73E-05
987,4.67E-04,6.09E-04,4.25E-04,2.49E-04,3.85E-04,2.24E-04,8.03E-04,4.04E-04,1.16E-04,2.70E-04,3.67E-04,3.89E-04,2.18E-04,2.22E-04,-2.63E-05,-4.81E-05,5.29E-04,5.82E-05,-2.20E-05,-2.73E-05
988,4.59E-04,6.06E-04,4.27E-04,2.39E-04,3.85E-04,2.22E-04,7.86E-04,3.97E-04,1.14E-04,2.69E-04,3.67E-04,3.74E-04,2.09E-04,2.16E-04,-3.52E-05,-6.08E-05,5.04E-04,4.15E-05,-2.72E-05,-3.54E-05
989,4.55E-04,6.01E-04,4.29E-04,2.30E-04,3.85E-04,2.19E-04,7.66E-04,3.89E-04,1.12E-04,2.67E-04,3.69E-04,3.58E-04,2.00E-04,2.11E-04,-4.41E-05,-7.13E-05,4.78E-04,2.50E-05,-2.94E-05,-4.10E-05
990,4.54E-04,5.97E-04,4.30E-04,2.23E-04,3.85E-04,2.16E-04,7.47E-04,3.82E-04,1.11E-04,2.65E-04,3.72E-04,3.42E-04,1.93E-04,2.07E-04,-5.28E-05,-7.88E-05,4.52E-04,9.16E-06,-2.84E-05,-4.43E-05
991,4.57E-04,5.92E-04,4.33E-04,2.16E-04,3.87E-04,2.14E-04,7.27E-04,3.77E-04,1.10E-04,2.64E-04,3.78E-04,3.27E-04,1.86E-04,2.05E-04,-6.12E-05,-8.30E-05,4.28E-04,-5.33E-06,-2.44E-05,-4.54E-05
992,4.63E-04,5.87E-04,4.35E-04,2.12E-04,3.90E-04,2.12E-04,7.10E-04,3.72E-04,1.10E-04,2.63E-04,3.85E-04,3.13E-04,1.81E-04,2.05E-04,-6.89E-05,-8.35E-05,4.06E-04,-1.79E-05,-1.77E-05,-4.49E-05
993,4.72E-04,5.84E-04,4.39E-04,2.09E-04,3.95E-04,2.12E-04,6.96E-04,3.70E-04,1.11E-04,2.62E-04,3.93E-04,3.01E-04,1.77E-04,2.06E-04,-7.57E-05,-8.04E-05,3.88E-04,-2.82E-05,-8.89E-06,-4.34E-05
994,4.84E-04,5.82E-04,4.43E-04,2.08E-04,4.01E-04,2.12E-04,6.86E-04,3.69E-04,1.13E-04,2.62E-04,4.02E-04,2.93E-04,1.74E-04,2.08E-04,-8.15E-05,-7.40E-05,3.73E-04,-3.57E-05,1.42E-06,-4.18E-05
995,4.97E-04,5.82E-04,4.48E-04,2.09E-04,4.09E-04,2.13E-04,6.79E-04,3.70E-04,1.15E-04,2.63E-04,4.12E-04,2.87E-04,1.71E-04,2.12E-04,-8.63E-05,-6.46E-05,3.63E-04,-4.04E-05,1.25E-05,-4.10E-05
996,5.10E-04,5.84E-04,4.55E-04,2.11E-04,4.18E-04,2.15E-04,6.77E-04,3.73E-04,1.19E-04,2.64E-04,4.21E-04,2.85E-04,1.69E-04,2.17E-04,-8.97E-05,-5.30E-05,3.58E-04,-4.20E-05,2.36E-05,-4.18E-05
997,5.23E-04,5.89E-04,4.62E-04,2.13E-04,4.28E-04,2.17E-04,6.78E-04,3.78E-04,1.23E-04,2.66E-04,4.30E-04,2.87E-04,1.67E-04,2.23E-04,-9.19E-05,-3.98E-05,3.56E-04,-4.09E-05,3.38E-05,-4.52E-05
998,5.34E-04,5.98E-04,4.71E-04,2.17E-04,4.38E-04,2.21E-04,6.82E-04,3.83E-04,1.28E-04,2.68E-04,4.38E-04,2.91E-04,1.64E-04,2.29E-04,-9.28E-05,-2.60E-05,3.57E-04,-3.71E-05,4.24E-05,-5.15E-05
999,5.44E-04,6.10E-04,4.81E-04,2.20E-04,4.49E-04,2.24E-04,6.89E-04,3.89E-04,1.34E-04,2.71E-04,4.45E-04,2.98E-04,1.62E-04,2.36E-04,-9.25E-05,-1.24E-05,3.62E-04,-3.13E-05,4.88E-05,-6.12E-05
1000,5.50E-04,6.24E-04,4.91E-04,2.23E-04,4.60E-04,2.28E-04,6.98E-04,3.96E-04,1.39E-04,2.75E-04,4.51E-04,3.08E-04,1.58E-04,2.42E-04,-9.09E-05,8.42E-08,3.68E-04,-2.39E-05,5.24E-05,-7.43E-05
1001,5.54E-04,6.42E-04,5.02E-04,2.25E-04,4.70E-04,2.33E-04,7.06E-04,4.02E-04,1.45E-04,2.79E-04,4.56E-04,3.18E-04,1.54E-04,2.47E-04,-8.83E-05,1.07E-05,3.74E-04,-1.57E-05,5.29E-05,-9.04E-05
1002,5.54E-04,6.62E-04,5.13E-04,2.26E-04,4.79E-04,2.36E-04,7.14E-04,4.08E-04,1.50E-04,2.83E-04,4.59E-04,3.30E-04,1.48E-04,2.51E-04,-8.46E-05,1.89E-05,3.80E-04,-7.28E-06,5.00E-05,-1.09E-04
1003,5.52E-04,6.84E-04,5.24E-04,2.26E-04,4.88E-04,2.40E-04,7.21E-04,4.12E-04,1.55E-04,2.86E-04,4.62E-04,3.41E-04,1.42E-04,2.54E-04,-8.02E-05,2.42E-05,3.84E-04,5.95E-07,4.39E-05,-1.28E-04
1004,5.46E-04,7.07E-04,5.35E-04,2.24E-04,4.94E-04,2.42E-04,7.25E-04,4.15E-04,1.59E-04,2.90E-04,4.63E-04,3.51E-04,1.34E-04,2.55E-04,-7.51E-05,2.65E-05,3.85E-04,7.27E-06,3.48E-05,-1.48E-04
1005,5.38E-04,7.30E-04,5.45E-04,2.21E-04,4.99E-04,2.44E-04,7.25E-04,4.16E-04,1.62E-04,2.93E-04,4.63E-04,3.59E-04,1.26E-04,2.55E-04,-6.96E-05,2.59E-05,3.83E-04,1.22E-05,2.31E-05,-1.66E-04
1006,5.29E-04,7.53E-04,5.54E-04,2.16E-04,5.03E-04,2.45E-04,7.22E-04,4.15E-04,1.65E-04,2.95E-04,4.63E-04,3.64E-04,1.17E-04,2.54E-04,-6.39E-05,2.26E-05,3.77E-04,1.48E-05,9.54E-06,-1.81E-04
1007,5.18E-04,7.76E-04,5.63E-04,2.11E-04,5.05E-04,2.45E-04,7.15E-04,4.13E-04,1.66E-04,2.97E-04,4.62E-04,3.67E-04,1.08E-04,2.51E-04,-5.82E-05,1.72E-05,3.67E-04,1.50E-05,-5.16E-06,-1.91E-04
1008,5.06E-04,7.96E-04,5.70E-04,2.04E-04,5.06E-04,2.44E-04,7.03E-04,4.08E-04,1.67E-04,2.98E-04,4.61E-04,3.66E-04,9.97E-05,2.48E-04,-5.29E-05,1.04E-05,3.52E-04,1.26E-05,-2.02E-05,-1.95E-04
1009,4.95E-04,8.14E-04,5.75E-04,1.97E-04,5.05E-04,2.42E-04,6.89E-04,4.02E-04,1.68E-04,2.98E-04,4.60E-04,3.61E-04,9.16E-05,2.43E-04,-4.81E-05,3.09E-06,3.33E-04,7.66E-06,-3.45E-05,-1.91E-04
1010,4.84E-04,8.29E-04,5.80E-04,1.90E-04,5.04E-04,2.39E-04,6.71E-04,3.94E-04,1.67E-04,2.98E-04,4.59E-04,3.53E-04,8.44E-05,2.38E-04,-4.39E-05,-3.87E-06,3.10E-04,4.86E-07,-4.75E-05,-1.80E-04
1011,4.73E-04,8.40E-04,5.83E-04,1.84E-04,5.02E-04,2.35E-04,6.52E-04,3.86E-04,1.66E-04,2.96E-04,4.58E-04,3.42E-04,7.85E-05,2.33E-04,-4.08E-05,-9.56E-06,2.84E-04,-8.50E-06,-5.81E-05,-1.60E-04
1012,4.64E-04,8.48E-04,5.85E-04,1.78E-04,5.01E-04,2.31E-04,6.31E-04,3.77E-04,1.65E-04,2.94E-04,4.57E-04,3.28E-04,7.41E-05,2.28E-04,-3.86E-05,-1.31E-05,2.56E-04,-1.87E-05,-6.59E-05,-1.31E-04
1013,4.56E-04,8.53E-04,5.85E-04,1.73E-04,5.00E-04,2.27E-04,6.10E-04,3.68E-04,1.64E-04,2.91E-04,4.57E-04,3.11E-04,7.13E-05,2.23E-04,-3.76E-05,-1.38E-05,2.26E-04,-2.96E-05,-7.03E-05,-9.50E-05
1014,4.49E-04,8.54E-04,5.85E-04,1.70E-04,4.99E-04,2.22E-04,5.90E-04,3.60E-04,1.63E-04,2.87E-04,4.57E-04,2.93E-04,7.04E-05,2.19E-04,-3.78E-05,-1.11E-05,1.95E-04,-4.03E-05,-7.10E-05,-5.21E-05
1015,4.42E-04,8.53E-04,5.85E-04,1.69E-04,5.00E-04,2.18E-04,5.71E-04,3.53E-04,1.62E-04,2.83E-04,4.56E-04,2.73E-04,7.11E-05,2.16E-04,-3.90E-05,-4.69E-06,1.65E-04,-5.02E-05,-6.81E-05,-4.27E-06
1016,4.36E-04,8.49E-04,5.84E-04,1.69E-04,5.02E-04,2.15E-04,5.55E-04,3.47E-04,1.62E-04,2.79E-04,4.56E-04,2.53E-04,7.33E-05,2.14E-04,-4.11E-05,5.48E-06,1.36E-04,-5.87E-05,-6.17E-05,4.68E-05
1017,4.31E-04,8.42E-04,5.84E-04,1.71E-04,5.05E-04,2.11E-04,5.42E-04,3.42E-04,1.62E-04,2.74E-04,4.55E-04,2.33E-04,7.68E-05,2.13E-04,-4.40E-05,1.92E-05,1.08E-04,-6.53E-05,-5.23E-05,9.90E-05
1018,4.24E-04,8.34E-04,5.84E-04,1.74E-04,5.10E-04,2.09E-04,5.32E-04,3.40E-04,1.63E-04,2.69E-04,4.54E-04,2.13E-04,8.12E-05,2.13E-04,-4.74E-05,3.60E-05,8.38E-05,-6.94E-05,-4.05E-05,1.50E-04
1019,4.17E-04,8.25E-04,5.84E-04,1.78E-04,5.16E-04,2.07E-04,5.26E-04,3.39E-04,1.65E-04,2.64E-04,4.52E-04,1.95E-04,8.61E-05,2.14E-04,-5.09E-05,5.52E-05,6.22E-05,-7.10E-05,-2.72E-05,1.98E-04
1020,4.08E-04,8.14E-04,5.85E-04,1.82E-04,5.23E-04,2.06E-04,5.23E-04,3.39E-04,1.67E-04,2.59E-04,4.49E-04,1.79E-04,9.09E-05,2.15E-04,-5.42E-05,7.59E-05,4.39E-05,-6.99E-05,-1.32E-05,2.41E-04
1021,3.98E-04,8.04E-04,5.88E-04,1.87E-04,5.31E-04,2.06E-04,5.23E-04,3.41E-04,1.69E-04,2.54E-04,4.45E-04,1.63E-04,9.52E-05,2.16E-04,-5.69E-05,9.71E-05,2.88E-05,-6.62E-05,5.01E-07,2.77E-04
1022,3.85E-04,7.93E-04,5.91E-04,1.92E-04,5.40E-04,2.07E-04,5.25E-04,3.44E-04,1.72E-04,2.48E-04,4.40E-04,1.50E-04,9.85E-05,2.17E-04,-5.87E-05,1.18E-04,1.70E-05,-6.04E-05,1.28E-05,3.05E-04
1023,3.71E-04,7.82E-04,5.95E-04,1.95E-04,5.48E-04,2.07E-04,5.29E-04,3.48E-04,1.75E-04,2.43E-04,4.34E-04,1.38E-04,1.00E-04,2.18E-04,-5.93E-05,1.36E-04,8.10E-06,-5.27E-05,2.30E-05,3.25E-04
1024,3.54E-04,7.71E-04,6.00E-04,1.97E-04,5.56E-04,2.09E-04,5.33E-04,3.51E-04,1.78E-04,2.37E-04,4.26E-04,1.27E-04,1.00E-04,2.17E-04,-5.84E-05,1.53E-04,1.66E-06,-4.39E-05,3.00E-05,3.35E-04
1025,3.36E-04,7.60E-04,6.06E-04,1.97E-04,5.63E-04,2.10E-04,5.38E-04,3.54E-04,1.80E-04,2.31E-04,4.16E-04,1.17E-04,9.84E-05,2.15E-04,-5.59E-05,1.65E-04,-2.86E-06,-3.45E-05,3.34E-05,3.36E-04
1026,3.16E-04,7.48E-04,6.12E-04,1.95E-04,5.68E-04,2.11E-04,5.41E-04,3.57E-04,1.81E-04,2.24E-04,4.05E-04,1.07E-04,9.42E-05,2.11E-04,-5.18E-05,1.73E-04,-6.07E-06,-2.53E-05,3.27E-05,3.28E-04
1027,2.94E-04,7.36E-04,6.18E-04,1.90E-04,5.70E-04,2.11E-04,5.43E-04,3.57E-04,1.82E-04,2.16E-04,3.93E-04,9.68E-05,8.78E-05,2.05E-04,-4.61E-05,1.76E-04,-8.63E-06,-1.69E-05,2.77E-05,3.13E-04
1028,2.72E-04,7.22E-04,6.23E-04,1.83E-04,5.71E-04,2.10E-04,5.42E-04,3.56E-04,1.82E-04,2.08E-04,3.79E-04,8.57E-05,7.93E-05,1.96E-04,-3.91E-05,1.75E-04,-1.12E-05,-1.00E-05,1.84E-05,2.91E-04
1029,2.49E-04,7.08E-04,6.28E-04,1.73E-04,5.68E-04,2.09E-04,5.38E-04,3.52E-04,1.80E-04,1.98E-04,3.64E-04,7.33E-05,6.89E-05,1.85E-04,-3.10E-05,1.68E-04,-1.43E-05,-5.06E-06,5.07E-06,2.65E-04
1030,2.27E-04,6.92E-04,6.31E-04,1.60E-04,5.63E-04,2.07E-04,5.29E-04,3.46E-04,1.76E-04,1.88E-04,3.47E-04,5.90E-05,5.69E-05,1.71E-04,-2.25E-05,1.57E-04,-1.86E-05,-2.49E-06,-1.17E-05,2.36E-04
1031,2.04E-04,6.74E-04,6.32E-04,1.45E-04,5.54E-04,2.03E-04,5.17E-04,3.37E-04,1.72E-04,1.76E-04,3.29E-04,4.25E-05,4.38E-05,1.54E-04,-1.38E-05,1.42E-04,-2.45E-05,-2.52E-06,-3.14E-05,2.05E-04
1032,1.83E-04,6.54E-04,6.31E-04,1.28E-04,5.42E-04,1.97E-04,5.01E-04,3.26E-04,1.65E-04,1.63E-04,3.10E-04,2.35E-05,2.99E-05,1.35E-04,-5.79E-06,1.23E-04,-3.23E-05,-5.25E-06,-5.31E-05,1.75E-04
1033,1.62E-04,6.31E-04,6.28E-04,1.09E-04,5.28E-04,1.90E-04,4.81E-04,3.11E-04,1.57E-04,1.49E-04,2.90E-04,1.96E-06,1.58E-05,1.14E-04,1.12E-06,1.02E-04,-4.23E-05,-1.06E-05,-7.59E-05,1.46E-04
1034,1.43E-04,6.07E-04,6.21E-04,8.87E-05,5.11E-04,1.82E-04,4.56E-04,2.95E-04,1.48E-04,1.34E-04,2.69E-04,-2.22E-05,2.00E-06,9.04E-05,6.29E-06,7.94E-05,-5.45E-05,-1.83E-05,-9.89E-05,1.21E-04
1035,1.25E-04,5.80E-04,6.12E-04,6.78E-05,4.93E-04,1.72E-04,4.29E-04,2.76E-04,1.37E-04,1.18E-04,2.47E-04,-4.88E-05,-1.12E-05,6.57E-05,9.21E-06,5.61E-05,-6.89E-05,-2.81E-05,-1.21E-04,9.84E-05
1036,1.08E-04,5.51E-04,6.00E-04,4.67E-05,4.72E-04,1.60E-04,3.98E-04,2.56E-04,1.25E-04,1.00E-04,2.23E-04,-7.76E-05,-2.34E-05,3.99E-05,9.46E-06,3.31E-05,-8.55E-05,-3.95E-05,-1.42E-04,8.01E-05
1037,9.17E-05,5.20E-04,5.85E-04,2.57E-05,4.51E-04,1.48E-04,3.65E-04,2.34E-04,1.12E-04,8.24E-05,1.99E-04,-1.08E-04,-3.44E-05,1.35E-05,6.73E-06,1.11E-05,-1.04E-04,-5.20E-05,-1.61E-04,6.55E-05
1038,7.63E-05,4.87E-04,5.68E-04,5.21E-06,4.30E-04,1.34E-04,3.31E-04,2.11E-04,9.88E-05,6.39E-05,1.74E-04,-1.40E-04,-4.39E-05,-1.31E-05,8.95E-07,-9.39E-06,-1.24E-04,-6.52E-05,-1.77E-04,5.44E-05
1039,6.11E-05,4.52E-04,5.48E-04,-1.46E-05,4.08E-04,1.20E-04,2.96E-04,1.88E-04,8.50E-05,4.51E-05,1.47E-04,-1.73E-04,-5.21E-05,-3.94E-05,-8.04E-06,-2.79E-05,-1.46E-04,-7.86E-05,-1.90E-04,4.60E-05
1040,4.59E-05,4.17E-04,5.27E-04,-3.34E-05,3.87E-04,1.04E-04,2.60E-04,1.64E-04,7.12E-05,2.61E-05,1.20E-04,-2.07E-04,-5.88E-05,-6.50E-05,-1.99E-05,-4.43E-05,-1.68E-04,-9.17E-05,-2.00E-04,3.94E-05
1041,3.02E-05,3.81E-04,5.04E-04,-5.12E-05,3.68E-04,8.90E-05,2.24E-04,1.41E-04,5.74E-05,7.08E-06,9.16E-05,-2.40E-04,-6.44E-05,-8.96E-05,-3.43E-05,-5.85E-05,-1.91E-04,-1.04E-04,-2.07E-04,3.35E-05
1042,1.37E-05,3.44E-04,4.80E-04,-6.80E-05,3.49E-04,7.34E-05,1.90E-04,1.19E-04,4.41E-05,-1.16E-05,6.27E-05,-2.73E-04,-6.91E-05,-1.13E-04,-5.07E-05,-7.09E-05,-2.15E-04,-1.16E-04,-2.11E-04,2.75E-05
1043,-3.83E-06,3.08E-04,4.56E-04,-8.38E-05,3.32E-04,5.79E-05,1.56E-04,9.70E-05,3.13E-05,-2.99E-05,3.32E-05,-3.05E-04,-7.33E-05,-1.35E-04,-6.86E-05,-8.17E-05,-2.38E-04,-1.28E-04,-2.14E-04,2.03E-05
1044,-2.26E-05,2.71E-04,4.32E-04,-9.87E-05,3.17E-04,4.28E-05,1.24E-04,7.62E-05,1.92E-05,-4.76E-05,3.46E-06,-3.36E-04,-7.73E-05,-1.55E-04,-8.73E-05,-9.16E-05,-2.61E-04,-1.38E-04,-2.15E-04,1.13E-05
1045,-4.27E-05,2.35E-04,4.09E-04,-1.13E-04,3.04E-04,2.83E-05,9.31E-05,5.66E-05,7.83E-06,-6.46E-05,-2.64E-05,-3.65E-04,-8.15E-05,-1.73E-04,-1.06E-04,-1.01E-04,-2.84E-04,-1.48E-04,-2.15E-04,-2.57E-07
1046,-6.41E-05,1.99E-04,3.86E-04,-1.27E-04,2.92E-04,1.45E-05,6.42E-05,3.80E-05,-2.67E-06,-8.07E-05,-5.60E-05,-3.93E-04,-8.63E-05,-1.90E-04,-1.24E-04,-1.10E-04,-3.06E-04,-1.58E-04,-2.14E-04,-1.45E-05
1047,-8.67E-05,1.64E-04,3.64E-04,-1.40E-04,2.81E-04,1.55E-06,3.70E-05,2.05E-05,-1.24E-05,-9.59E-05,-8.51E-05,-4.20E-04,-9.22E-05,-2.05E-04,-1.41E-04,-1.20E-04,-3.28E-04,-1.68E-04,-2.14E-04,-3.14E-05
1048,-1.10E-04,1.30E-04,3.43E-04,-1.53E-04,2.71E-04,-1.04E-05,1.14E-05,3.97E-06,-2.13E-05,-1.10E-04,-1.13E-04,-4.44E-04,-9.92E-05,-2.18E-04,-1.56E-04,-1.31E-04,-3.49E-04,-1.78E-04,-2.16E-04,-5.08E-05
1049,-1.34E-04,9.75E-05,3.23E-04,-1.66E-04,2.62E-04,-2.14E-05,-1.28E-05,-1.18E-05,-2.96E-05,-1.24E-04,-1.41E-04,-4.67E-04,-1.08E-04,-2.30E-04,-1.69E-04,-1.44E-04,-3.68E-04,-1.88E-04,-2.18E-04,-7.20E-05
1050,-1.58E-04,6.57E-05,3.05E-04,-1.80E-04,2.53E-04,-3.13E-05,-3.58E-05,-2.69E-05,-3.73E-05,-1.36E-04,-1.66E-04,-4.88E-04,-1.18E-04,-2.42E-04,-1.79E-04,-1.58E-04,-3.88E-04,-2.00E-04,-2.22E-04,-9.45E-05
1051,-1.82E-04,3.51E-05,2.88E-04,-1.93E-04,2.44E-04,-4.01E-05,-5.78E-05,-4.16E-05,-4.48E-05,-1.48E-04,-1.91E-04,-5.08E-04,-1.30E-04,-2.52E-04,-1.87E-04,-1.73E-04,-4.06E-04,-2.13E-04,-2.28E-04,-1.17E-04
1052,-2.06E-04,5.71E-06,2.71E-04,-2.07E-04,2.34E-04,-4.81E-05,-7.91E-05,-5.61E-05,-5.21E-05,-1.59E-04,-2.13E-04,-5.27E-04,-1.43E-04,-2.62E-04,-1.92E-04,-1.90E-04,-4.23E-04,-2.27E-04,-2.36E-04,-1.40E-04
1053,-2.28E-04,-2.25E-05,2.56E-04,-2.20E-04,2.23E-04,-5.52E-05,-1.00E-04,-7.06E-05,-5.95E-05,-1.70E-04,-2.33E-04,-5.44E-04,-1.58E-04,-2.71E-04,-1.95E-04,-2.07E-04,-4.40E-04,-2.42E-04,-2.46E-04,-1.61E-04
1054,-2.48E-04,-4.95E-05,2.40E-04,-2.34E-04,2.11E-04,-6.15E-05,-1.21E-04,-8.53E-05,-6.72E-05,-1.80E-04,-2.51E-04,-5.60E-04,-1.74E-04,-2.80E-04,-1.96E-04,-2.25E-04,-4.56E-04,-2.58E-04,-2.58E-04,-1.80E-04
1055,-2.67E-04,-7.53E-05,2.24E-04,-2.48E-04,1.98E-04,-6.74E-05,-1.42E-04,-1.00E-04,-7.53E-05,-1.90E-04,-2.68E-04,-5.74E-04,-1.90E-04,-2.90E-04,-1.95E-04,-2.43E-04,-4.72E-04,-2.75E-04,-2.70E-04,-1.96E-04
1056,-2.84E-04,-1.00E-04,2.07E-04,-2.62E-04,1.83E-04,-7.29E-05,-1.64E-04,-1.16E-04,-8.42E-05,-2.00E-04,-2.82E-04,-5.88E-04,-2.07E-04,-2.99E-04,-1.94E-04,-2.61E-04,-4.87E-04,-2.93E-04,-2.83E-04,-2.09E-04
1057,-2.99E-04,-1.24E-04,1.90E-04,-2.75E-04,1.66E-04,-7.82E-05,-1.86E-04,-1.33E-04,-9.38E-05,-2.10E-04,-2.95E-04,-6.00E-04,-2.25E-04,-3.10E-04,-1.92E-04,-2.77E-04,-5.01E-04,-3.11E-04,-2.97E-04,-2.20E-04
1058,-3.12E-04,-1.47E-04,1.72E-04,-2.89E-04,1.47E-04,-8.37E-05,-2.08E-04,-1.50E-04,-1.04E-04,-2.20E-04,-3.07E-04,-6.12E-04,-2.42E-04,-3.21E-04,-1.91E-04,-2.92E-04,-5.15E-04,-3.29E-04,-3.10E-04,-2.27E-04
1059,-3.23E-04,-1.69E-04,1.52E-04,-3.02E-04,1.26E-04,-8.94E-05,-2.32E-04,-1.68E-04,-1.16E-04,-2.30E-04,-3.17E-04,-6.22E-04,-2.58E-04,-3.32E-04,-1.90E-04,-3.05E-04,-5.28E-04,-3.46E-04,-3.23E-04,-2.32E-04
1060,-3.33E-04,-1.91E-04,1.31E-04,-3.15E-04,1.04E-04,-9.56E-05,-2.56E-04,-1.87E-04,-1.28E-04,-2.41E-04,-3.28E-04,-6.31E-04,-2.74E-04,-3.45E-04,-1.91E-04,-3.16E-04,-5.40E-04,-3.63E-04,-3.36E-04,-2.35E-04
1061,-3.41E-04,-2.13E-04,1.07E-04,-3.28E-04,8.06E-05,-1.02E-04,-2.81E-04,-2.08E-04,-1.42E-04,-2.53E-04,-3.38E-04,-6.40E-04,-2.88E-04,-3.58E-04,-1.94E-04,-3.25E-04,-5.52E-04,-3.78E-04,-3.48E-04,-2.37E-04
1062,-3.48E-04,-2.36E-04,8.28E-05,-3.41E-04,5.58E-05,-1.10E-04,-3.07E-04,-2.29E-04,-1.56E-04,-2.65E-04,-3.48E-04,-6.47E-04,-3.02E-04,-3.72E-04,-1.98E-04,-3.32E-04,-5.63E-04,-3.91E-04,-3.59E-04,-2.38E-04
1063,-3.55E-04,-2.58E-04,5.64E-05,-3.54E-04,3.01E-05,-1.19E-04,-3.33E-04,-2.51E-04,-1.72E-04,-2.78E-04,-3.59E-04,-6.53E-04,-3.15E-04,-3.87E-04,-2.05E-04,-3.38E-04,-5.74E-04,-4.03E-04,-3.69E-04,-2.39E-04
1064,-3.62E-04,-2.82E-04,2.86E-05,-3.67E-04,3.64E-06,-1.28E-04,-3.59E-04,-2.75E-04,-1.88E-04,-2.91E-04,-3.71E-04,-6.59E-04,-3.26E-04,-4.02E-04,-2.13E-04,-3.42E-04,-5.85E-04,-4.13E-04,-3.78E-04,-2.41E-04
1065,-3.70E-04,-3.06E-04,-4.50E-07,-3.80E-04,-2.33E-05,-1.39E-04,-3.86E-04,-2.99E-04,-2.04E-04,-3.04E-04,-3.85E-04,-6.65E-04,-3.36E-04,-4.17E-04,-2.23E-04,-3.45E-04,-5.96E-04,-4.21E-04,-3.88E-04,-2.44E-04
1066,-3.80E-04,-3.31E-04,-3.05E-05,-3.94E-04,-5.05E-05,-1.51E-04,-4.12E-04,-3.24E-04,-2.21E-04,-3.19E-04,-4.01E-04,-6.70E-04,-3.46E-04,-4.33E-04,-2.33E-04,-3.47E-04,-6.06E-04,-4.28E-04,-3.97E-04,-2.48E-04
1067,-3.91E-04,-3.58E-04,-6.13E-05,-4.09E-04,-7.77E-05,-1.63E-04,-4.38E-04,-3.49E-04,-2.38E-04,-3.33E-04,-4.18E-04,-6.75E-04,-3.55E-04,-4.48E-04,-2.45E-04,-3.51E-04,-6.16E-04,-4.34E-04,-4.05E-04,-2.53E-04
1068,-4.04E-04,-3.85E-04,-9.24E-05,-4.24E-04,-1.05E-04,-1.77E-04,-4.63E-04,-3.75E-04,-2.54E-04,-3.47E-04,-4.36E-04,-6.80E-04,-3.63E-04,-4.64E-04,-2.57E-04,-3.55E-04,-6.27E-04,-4.39E-04,-4.14E-04,-2.60E-04
1069,-4.19E-04,-4.14E-04,-1.24E-04,-4.39E-04,-1.32E-04,-1.91E-04,-4.87E-04,-4.01E-04,-2.71E-04,-3.62E-04,-4.57E-04,-6.86E-04,-3.71E-04,-4.79E-04,-2.69E-04,-3.60E-04,-6.38E-04,-4.43E-04,-4.24E-04,-2.66E-04
1070,-4.37E-04,-4.44E-04,-1.54E-04,-4.55E-04,-1.58E-04,-2.05E-04,-5.11E-04,-4.27E-04,-2.86E-04,-3.76E-04,-4.78E-04,-6.93E-04,-3.80E-04,-4.93E-04,-2.81E-04,-3.67E-04,-6.50E-04,-4.47E-04,-4.33E-04,-2.73E-04
1071,-4.58E-04,-4.74E-04,-1.85E-04,-4.71E-04,-1.84E-04,-2.20E-04,-5.33E-04,-4.53E-04,-3.01E-04,-3.90E-04,-5.01E-04,-7.00E-04,-3.89E-04,-5.06E-04,-2.92E-04,-3.76E-04,-6.62E-04,-4.51E-04,-4.42E-04,-2.78E-04
1072,-4.81E-04,-5.04E-04,-2.14E-04,-4.88E-04,-2.09E-04,-2.34E-04,-5.54E-04,-4.78E-04,-3.16E-04,-4.03E-04,-5.24E-04,-7.09E-04,-3.98E-04,-5.19E-04,-3.02E-04,-3.86E-04,-6.74E-04,-4.55E-04,-4.52E-04,-2.82E-04
1073,-5.06E-04,-5.34E-04,-2.42E-04,-5.04E-04,-2.34E-04,-2.48E-04,-5.74E-04,-5.02E-04,-3.29E-04,-4.16E-04,-5.46E-04,-7.18E-04,-4.07E-04,-5.30E-04,-3.10E-04,-3.98E-04,-6.88E-04,-4.60E-04,-4.60E-04,-2.82E-04
1074,-5.32E-04,-5.62E-04,-2.69E-04,-5.19E-04,-2.58E-04,-2.61E-04,-5.93E-04,-5.26E-04,-3.40E-04,-4.27E-04,-5.69E-04,-7.29E-04,-4.17E-04,-5.40E-04,-3.18E-04,-4.11E-04,-7.02E-04,-4.65E-04,-4.68E-04,-2.80E-04
1075,-5.60E-04,-5.90E-04,-2.95E-04,-5.34E-04,-2.82E-04,-2.72E-04,-6.11E-04,-5.48E-04,-3.51E-04,-4.38E-04,-5.89E-04,-7.40E-04,-4.28E-04,-5.48E-04,-3.24E-04,-4.25E-04,-7.16E-04,-4.71E-04,-4.74E-04,-2.74E-04
1076,-5.89E-04,-6.15E-04,-3.19E-04,-5.48E-04,-3.04E-04,-2.83E-04,-6.28E-04,-5.68E-04,-3.60E-04,-4.47E-04,-6.09E-04,-7.53E-04,-4.39E-04,-5.55E-04,-3.29E-04,-4.39E-04,-7.31E-04,-4.77E-04,-4.78E-04,-2.64E-04
1077,-6.17E-04,-6.38E-04,-3.41E-04,-5.60E-04,-3.26E-04,-2.92E-04,-6.44E-04,-5.87E-04,-3.69E-04,-4.55E-04,-6.26E-04,-7.66E-04,-4.50E-04,-5.61E-04,-3.34E-04,-4.53E-04,-7.46E-04,-4.84E-04,-4.80E-04,-2.51E-04
1078,-6.45E-04,-6.58E-04,-3.61E-04,-5.71E-04,-3.47E-04,-2.99E-04,-6.60E-04,-6.04E-04,-3.76E-04,-4.61E-04,-6.40E-04,-7.79E-04,-4.60E-04,-5.65E-04,-3.38E-04,-4.65E-04,-7.61E-04,-4.90E-04,-4.79E-04,-2.35E-04
1079,-6.71E-04,-6.76E-04,-3.80E-04,-5.79E-04,-3.67E-04,-3.05E-04,-6.75E-04,-6.19E-04,-3.82E-04,-4.66E-04,-6.52E-04,-7.92E-04,-4.71E-04,-5.67E-04,-3.42E-04,-4.76E-04,-7.76E-04,-4.96E-04,-4.75E-04,-2.16E-04
1080,-6.96E-04,-6.90E-04,-3.98E-04,-5.86E-04,-3.86E-04,-3.08E-04,-6.91E-04,-6.32E-04,-3.87E-04,-4.69E-04,-6.61E-04,-8.05E-04,-4.81E-04,-5.68E-04,-3.46E-04,-4.84E-04,-7.90E-04,-5.02E-04,-4.67E-04,-1.96E-04
1081,-7.17E-04,-7.00E-04,-4.13E-04,-5.90E-04,-4.04E-04,-3.10E-04,-7.06E-04,-6.43E-04,-3.91E-04,-4.71E-04,-6.67E-04,-8.17E-04,-4.90E-04,-5.68E-04,-3.50E-04,-4.89E-04,-8.03E-04,-5.07E-04,-4.57E-04,-1.76E-04
1082,-7.35E-04,-7.08E-04,-4.28E-04,-5.93E-04,-4.20E-04,-3.10E-04,-7.21E-04,-6.52E-04,-3.94E-04,-4.72E-04,-6.69E-04,-8.29E-04,-4.98E-04,-5.67E-04,-3.55E-04,-4.92E-04,-8.14E-04,-5.11E-04,-4.43E-04,-1.57E-04
1083,-7.49E-04,-7.12E-04,-4.41E-04,-5.93E-04,-4.34E-04,-3.09E-04,-7.37E-04,-6.60E-04,-3.97E-04,-4.72E-04,-6.70E-04,-8.39E-04,-5.04E-04,-5.65E-04,-3.60E-04,-4.91E-04,-8.24E-04,-5.14E-04,-4.27E-04,-1.41E-04
1084,-7.58E-04,-7.14E-04,-4.52E-04,-5.92E-04,-4.47E-04,-3.07E-04,-7.52E-04,-6.66E-04,-4.00E-04,-4.70E-04,-6.68E-04,-8.48E-04,-5.09E-04,-5.62E-04,-3.66E-04,-4.87E-04,-8.32E-04,-5.15E-04,-4.10E-04,-1.28E-04
1085,-7.64E-04,-7.13E-04,-4.63E-04,-5.88E-04,-4.59E-04,-3.03E-04,-7.67E-04,-6.70E-04,-4.02E-04,-4.68E-04,-6.63E-04,-8.55E-04,-5.12E-04,-5.58E-04,-3.72E-04,-4.80E-04,-8.39E-04,-5.15E-04,-3.91E-04,-1.21E-04
1086,-7.65E-04,-7.11E-04,-4.73E-04,-5.84E-04,-4.68E-04,-2.98E-04,-7.81E-04,-6.73E-04,-4.05E-04,-4.65E-04,-6.58E-04,-8.60E-04,-5.13E-04,-5.55E-04,-3.78E-04,-4.71E-04,-8.43E-04,-5.15E-04,-3.72E-04,-1.18E-04
1087,-7.62E-04,-7.07E-04,-4.81E-04,-5.79E-04,-4.76E-04,-2.94E-04,-7.95E-04,-6.76E-04,-4.07E-04,-4.62E-04,-6.51E-04,-8.64E-04,-5.12E-04,-5.51E-04,-3.84E-04,-4.59E-04,-8.44E-04,-5.13E-04,-3.54E-04,-1.21E-04
1088,-7.55E-04,-7.03E-04,-4.89E-04,-5.73E-04,-4.82E-04,-2.88E-04,-8.07E-04,-6.77E-04,-4.09E-04,-4.58E-04,-6.43E-04,-8.66E-04,-5.09E-04,-5.47E-04,-3.89E-04,-4.46E-04,-8.44E-04,-5.11E-04,-3.38E-04,-1.29E-04
1089,-7.44E-04,-6.98E-04,-4.96E-04,-5.67E-04,-4.85E-04,-2.83E-04,-8.19E-04,-6.79E-04,-4.11E-04,-4.53E-04,-6.36E-04,-8.67E-04,-5.05E-04,-5.42E-04,-3.93E-04,-4.32E-04,-8.41E-04,-5.08E-04,-3.24E-04,-1.42E-04
1090,-7.31E-04,-6.93E-04,-5.03E-04,-5.61E-04,-4.88E-04,-2.78E-04,-8.28E-04,-6.79E-04,-4.14E-04,-4.49E-04,-6.28E-04,-8.66E-04,-4.98E-04,-5.38E-04,-3.96E-04,-4.18E-04,-8.37E-04,-5.05E-04,-3.13E-04,-1.59E-04
1091,-7.15E-04,-6.87E-04,-5.08E-04,-5.54E-04,-4.88E-04,-2.73E-04,-8.36E-04,-6.80E-04,-4.16E-04,-4.44E-04,-6.20E-04,-8.64E-04,-4.89E-04,-5.33E-04,-3.97E-04,-4.03E-04,-8.31E-04,-5.02E-04,-3.06E-04,-1.79E-04
1092,-6.97E-04,-6.82E-04,-5.12E-04,-5.48E-04,-4.87E-04,-2.69E-04,-8.41E-04,-6.80E-04,-4.17E-04,-4.39E-04,-6.13E-04,-8.60E-04,-4.79E-04,-5.28E-04,-3.96E-04,-3.88E-04,-8.23E-04,-5.00E-04,-3.02E-04,-1.99E-04
1093,-6.78E-04,-6.77E-04,-5.16E-04,-5.42E-04,-4.84E-04,-2.64E-04,-8.44E-04,-6.80E-04,-4.18E-04,-4.34E-04,-6.06E-04,-8.55E-04,-4.68E-04,-5.22E-04,-3.92E-04,-3.73E-04,-8.13E-04,-4.97E-04,-3.02E-04,-2.18E-04
1094,-6.59E-04,-6.72E-04,-5.18E-04,-5.35E-04,-4.80E-04,-2.60E-04,-8.44E-04,-6.79E-04,-4.19E-04,-4.28E-04,-5.99E-04,-8.49E-04,-4.55E-04,-5.15E-04,-3.85E-04,-3.58E-04,-8.02E-04,-4.94E-04,-3.04E-04,-2.34E-04
1095,-6.39E-04,-6.66E-04,-5.19E-04,-5.28E-04,-4.74E-04,-2.56E-04,-8.41E-04,-6.78E-04,-4.19E-04,-4.21E-04,-5.93E-04,-8.42E-04,-4.40E-04,-5.07E-04,-3.75E-04,-3.44E-04,-7.90E-04,-4.91E-04,-3.10E-04,-2.46E-04
1096,-6.20E-04,-6.61E-04,-5.19E-04,-5.21E-04,-4.67E-04,-2.51E-04,-8.36E-04,-6.76E-04,-4.17E-04,-4.14E-04,-5.86E-04,-8.33E-04,-4.25E-04,-4.97E-04,-3.62E-04,-3.28E-04,-7.76E-04,-4.87E-04,-3.16E-04,-2.51E-04
1097,-6.02E-04,-6.54E-04,-5.17E-04,-5.12E-04,-4.59E-04,-2.45E-04,-8.27E-04,-6.72E-04,-4.14E-04,-4.06E-04,-5.79E-04,-8.23E-04,-4.08E-04,-4.86E-04,-3.46E-04,-3.12E-04,-7.60E-04,-4.82E-04,-3.24E-04,-2.49E-04
1098,-5.85E-04,-6.45E-04,-5.13E-04,-5.01E-04,-4.49E-04,-2.38E-04,-8.15E-04,-6.66E-04,-4.09E-04,-3.96E-04,-5.70E-04,-8.11E-04,-3.90E-04,-4.72E-04,-3.27E-04,-2.94E-04,-7.43E-04,-4.74E-04,-3.30E-04,-2.38E-04
1099,-5.69E-04,-6.36E-04,-5.06E-04,-4.89E-04,-4.38E-04,-2.30E-04,-8.01E-04,-6.58E-04,-4.03E-04,-3.85E-04,-5.60E-04,-7.97E-04,-3.71E-04,-4.56E-04,-3.05E-04,-2.73E-04,-7.24E-04,-4.64E-04,-3.35E-04,-2.20E-04
1100,-5.53E-04,-6.24E-04,-4.98E-04,-4.74E-04,-4.25E-04,-2.20E-04,-7.84E-04,-6.47E-04,-3.94E-04,-3.72E-04,-5.48E-04,-7.82E-04,-3.51E-04,-4.37E-04,-2.80E-04,-2.50E-04,-7.03E-04,-4.51E-04,-3.37E-04,-1.93E-04
1101,-5.39E-04,-6.10E-04,-4.87E-04,-4.56E-04,-4.10E-04,-2.07E-04,-7.64E-04,-6.33E-04,-3.83E-04,-3.57E-04,-5.34E-04,-7.64E-04,-3.29E-04,-4.15E-04,-2.53E-04,-2.24E-04,-6.79E-04,-4.34E-04,-3.35E-04,-1.58E-04
1102,-5.24E-04,-5.94E-04,-4.73E-04,-4.36E-04,-3.93E-04,-1.93E-04,-7.43E-04,-6.15E-04,-3.70E-04,-3.40E-04,-5.17E-04,-7.43E-04,-3.06E-04,-3.90E-04,-2.23E-04,-1.94E-04,-6.52E-04,-4.12E-04,-3.27E-04,-1.18E-04
1103,-5.09E-04,-5.76E-04,-4.56E-04,-4.11E-04,-3.74E-04,-1.76E-04,-7.19E-04,-5.94E-04,-3.54E-04,-3.21E-04,-4.97E-04,-7.20E-04,-2.81E-04,-3.62E-04,-1.91E-04,-1.61E-04,-6.22E-04,-3.85E-04,-3.15E-04,-7.35E-05
1104,-4.94E-04,-5.54E-04,-4.36E-04,-3.83E-04,-3.52E-04,-1.56E-04,-6.93E-04,-5.69E-04,-3.36E-04,-2.99E-04,-4.74E-04,-6.95E-04,-2.55E-04,-3.31E-04,-1.57E-04,-1.24E-04,-5.87E-04,-3.52E-04,-2.96E-04,-2.67E-05
1105,-4.76E-04,-5.31E-04,-4.13E-04,-3.52E-04,-3.27E-04,-1.33E-04,-6.65E-04,-5.39E-04,-3.15E-04,-2.76E-04,-4.48E-04,-6.66E-04,-2.27E-04,-2.97E-04,-1.21E-04,-8.32E-05,-5.48E-04,-3.15E-04,-2.72E-04,2.03E-05
1106,-4.56E-04,-5.05E-04,-3.87E-04,-3.18E-04,-3.00E-04,-1.08E-04,-6.35E-04,-5.06E-04,-2.92E-04,-2.50E-04,-4.19E-04,-6.35E-04,-1.98E-04,-2.60E-04,-8.27E-05,-3.98E-05,-5.04E-04,-2.72E-04,-2.42E-04,6.53E-05
1107,-4.34E-04,-4.77E-04,-3.59E-04,-2.80E-04,-2.69E-04,-8.02E-05,-6.04E-04,-4.68E-04,-2.68E-04,-2.22E-04,-3.87E-04,-6.02E-04,-1.67E-04,-2.21E-04,-4.29E-05,5.90E-06,-4.55E-04,-2.24E-04,-2.07E-04,1.07E-04
1108,-4.07E-04,-4.47E-04,-3.27E-04,-2.40E-04,-2.36E-04,-5.06E-05,-5.70E-04,-4.26E-04,-2.41E-04,-1.93E-04,-3.52E-04,-5.66E-04,-1.35E-04,-1.79E-04,-1.49E-06,5.31E-05,-4.01E-04,-1.72E-04,-1.68E-04,1.42E-04
1109,-3.76E-04,-4.15E-04,-2.94E-04,-1.98E-04,-2.00E-04,-1.93E-05,-5.34E-04,-3.81E-04,-2.12E-04,-1.62E-04,-3.14E-04,-5.27E-04,-1.02E-04,-1.36E-04,4.15E-05,1.01E-04,-3.42E-04,-1.17E-04,-1.26E-04,1.71E-04
1110,-3.41E-04,-3.82E-04,-2.58E-04,-1.53E-04,-1.61E-04,1.31E-05,-4.96E-04,-3.33E-04,-1.82E-04,-1.30E-04,-2.75E-04,-4.87E-04,-6.78E-05,-9.14E-05,8.59E-05,1.49E-04,-2.79E-04,-5.88E-05,-8.27E-05,1.93E-04
1111,-3.01E-04,-3.47E-04,-2.20E-04,-1.08E-04,-1.19E-04,4.63E-05,-4.56E-04,-2.83E-04,-1.51E-04,-9.77E-05,-2.34E-04,-4.46E-04,-3.33E-05,-4.61E-05,1.32E-04,1.95E-04,-2.11E-04,7.36E-07,-3.86E-05,2.06E-04
1112,-2.55E-04,-3.10E-04,-1.81E-04,-6.26E-05,-7.54E-05,7.95E-05,-4.13E-04,-2.30E-04,-1.20E-04,-6.47E-05,-1.92E-04,-4.03E-04,1.48E-06,-4.12E-07,1.78E-04,2.39E-04,-1.38E-04,6.07E-05,4.76E-06,2.12E-04
1113,-2.05E-04,-2.72E-04,-1.41E-04,-1.71E-05,-3.02E-05,1.12E-04,-3.68E-04,-1.76E-04,-8.76E-05,-3.16E-05,-1.49E-04,-3.59E-04,3.61E-05,4.51E-05,2.26E-04,2.80E-04,-6.32E-05,1.20E-04,4.63E-05,2.12E-04
1114,-1.51E-04,-2.32E-04,-1.01E-04,2.78E-05,1.61E-05,1.44E-04,-3.21E-04,-1.20E-04,-5.53E-05,1.18E-06,-1.06E-04,-3.14E-04,7.04E-05,8.99E-05,2.74E-04,3.18E-04,1.46E-05,1.78E-04,8.49E-05,2.06E-04
1115,-9.19E-05,-1.92E-04,-6.12E-05,7.17E-05,6.28E-05,1.75E-04,-2.71E-04,-6.50E-05,-2.32E-05,3.32E-05,-6.29E-05,-2.69E-04,1.04E-04,1.34E-04,3.22E-04,3.51E-04,9.41E-05,2.33E-04,1.20E-04,1.97E-04
1116,-3.00E-05,-1.50E-04,-2.16E-05,1.14E-04,1.09E-04,2.03E-04,-2.19E-04,-9.82E-06,8.52E-06,6.43E-05,-2.10E-05,-2.24E-04,1.37E-04,1.76E-04,3.70E-04,3.81E-04,1.74E-04,2.86E-04,1.51E-04,1.85E-04
1117,3.43E-05,-1.06E-04,1.71E-05,1.55E-04,1.55E-04,2.30E-04,-1.65E-04,4.47E-05,3.96E-05,9.40E-05,1.99E-05,-1.79E-04,1.68E-04,2.17E-04,4.17E-04,4.06E-04,2.55E-04,3.35E-04,1.77E-04,1.74E-04
1118,1.00E-04,-6.21E-05,5.46E-05,1.93E-04,1.99E-04,2.54E-04,-1.09E-04,9.81E-05,6.98E-05,1.22E-04,5.93E-05,-1.34E-04,1.98E-04,2.56E-04,4.63E-04,4.28E-04,3.34E-04,3.80E-04,2.00E-04,1.64E-04
1119,1.66E-04,-1.71E-05,9.06E-05,2.30E-04,2.41E-04,2.75E-04,-5.12E-05,1.50E-04,9.90E-05,1.49E-04,9.70E-05,-8.85E-05,2.27E-04,2.93E-04,5.08E-04,4.47E-04,4.11E-04,4.21E-04,2.18E-04,1.58E-04
1120,2.31E-04,2.84E-05,1.25E-04,2.64E-04,2.81E-04,2.93E-04,7.89E-06,2.00E-04,1.27E-04,1.74E-04,1.33E-04,-4.31E-05,2.55E-04,3.28E-04,5.51E-04,4.63E-04,4.86E-04,4.58E-04,2.33E-04,1.56E-04
1121,2.94E-04,7.38E-05,1.57E-04,2.97E-04,3.18E-04,3.09E-04,6.78E-05,2.49E-04,1.54E-04,1.96E-04,1.67E-04,2.42E-06,2.81E-04,3.60E-04,5.92E-04,4.77E-04,5.59E-04,4.93E-04,2.45E-04,1.61E-04
1122,3.53E-04,1.19E-04,1.87E-04,3.27E-04,3.52E-04,3.23E-04,1.28E-04,2.95E-04,1.80E-04,2.17E-04,1.98E-04,4.83E-05,3.06E-04,3.91E-04,6.31E-04,4.89E-04,6.28E-04,5.24E-04,2.54E-04,1.71E-04
1123,4.09E-04,1.62E-04,2.16E-04,3.57E-04,3.83E-04,3.33E-04,1.89E-04,3.39E-04,2.05E-04,2.36E-04,2.28E-04,9.46E-05,3.31E-04,4.20E-04,6.67E-04,5.02E-04,6.93E-04,5.54E-04,2.63E-04,1.86E-04
1124,4.59E-04,2.04E-04,2.42E-04,3.84E-04,4.10E-04,3.42E-04,2.48E-04,3.82E-04,2.28E-04,2.53E-04,2.55E-04,1.42E-04,3.55E-04,4.47E-04,7.01E-04,5.14E-04,7.54E-04,5.82E-04,2.71E-04,2.06E-04
1125,5.04E-04,2.44E-04,2.66E-04,4.11E-04,4.35E-04,3.49E-04,3.07E-04,4.23E-04,2.51E-04,2.68E-04,2.81E-04,1.89E-04,3.78E-04,4.72E-04,7.32E-04,5.27E-04,8.12E-04,6.09E-04,2.80E-04,2.30E-04
1126,5.43E-04,2.80E-04,2.89E-04,4.36E-04,4.57E-04,3.54E-04,3.64E-04,4.62E-04,2.73E-04,2.82E-04,3.04E-04,2.37E-04,4.01E-04,4.96E-04,7.61E-04,5.42E-04,8.66E-04,6.37E-04,2.89E-04,2.55E-04
1127,5.75E-04,3.13E-04,3.10E-04,4.61E-04,4.76E-04,3.58E-04,4.20E-04,5.00E-04,2.94E-04,2.94E-04,3.26E-04,2.86E-04,4.25E-04,5.19E-04,7.88E-04,5.57E-04,9.16E-04,6.65E-04,2.99E-04,2.80E-04
1128,6.01E-04,3.42E-04,3.30E-04,4.86E-04,4.93E-04,3.61E-04,4.73E-04,5.37E-04,3.14E-04,3.04E-04,3.47E-04,3.36E-04,4.49E-04,5.40E-04,8.13E-04,5.74E-04,9.63E-04,6.93E-04,3.11E-04,3.02E-04
1129,6.21E-04,3.66E-04,3.49E-04,5.10E-04,5.09E-04,3.63E-04,5.23E-04,5.73E-04,3.34E-04,3.13E-04,3.66E-04,3.85E-04,4.73E-04,5.61E-04,8.37E-04,5.91E-04,1.01E-03,7.22E-04,3.25E-04,3.21E-04
1130,6.35E-04,3.86E-04,3.67E-04,5.34E-04,5.25E-04,3.65E-04,5.70E-04,6.09E-04,3.53E-04,3.21E-04,3.84E-04,4.35E-04,4.98E-04,5.81E-04,8.59E-04,6.10E-04,1.05E-03,7.53E-04,3.40E-04,3.33E-04
1131,6.44E-04,4.02E-04,3.84E-04,5.57E-04,5.39E-04,3.66E-04,6.14E-04,6.44E-04,3.72E-04,3.27E-04,4.02E-04,4.84E-04,5.23E-04,6.00E-04,8.80E-04,6.28E-04,1.09E-03,7.84E-04,3.56E-04,3.38E-04
1132,6.49E-04,4.14E-04,4.01E-04,5.80E-04,5.54E-04,3.67E-04,6.54E-04,6.78E-04,3.91E-04,3.32E-04,4.19E-04,5.33E-04,5.48E-04,6.19E-04,9.00E-04,6.46E-04,1.12E-03,8.15E-04,3.72E-04,3.36E-04
1133,6.52E-04,4.22E-04,4.17E-04,6.03E-04,5.68E-04,3.68E-04,6.90E-04,7.12E-04,4.10E-04,3.37E-04,4.36E-04,5.80E-04,5.73E-04,6.37E-04,9.19E-04,6.63E-04,1.16E-03,8.47E-04,3.89E-04,3.24E-04
1134,6.52E-04,4.28E-04,4.33E-04,6.26E-04,5.84E-04,3.69E-04,7.22E-04,7.46E-04,4.28E-04,3.40E-04,4.54E-04,6.26E-04,5.97E-04,6.54E-04,9.38E-04,6.79E-04,1.19E-03,8.77E-04,4.05E-04,3.05E-04
1135,6.51E-04,4.32E-04,4.49E-04,6.48E-04,5.99E-04,3.69E-04,7.51E-04,7.79E-04,4.46E-04,3.42E-04,4.71E-04,6.70E-04,6.21E-04,6.71E-04,9.56E-04,6.92E-04,1.22E-03,9.06E-04,4.21E-04,2.78E-04
1136,6.51E-04,4.36E-04,4.64E-04,6.69E-04,6.16E-04,3.70E-04,7.75E-04,8.12E-04,4.63E-04,3.43E-04,4.89E-04,7.12E-04,6.44E-04,6.86E-04,9.73E-04,7.02E-04,1.24E-03,9.34E-04,4.35E-04,2.45E-04
1137,6.51E-04,4.40E-04,4.80E-04,6.89E-04,6.33E-04,3.71E-04,7.96E-04,8.45E-04,4.80E-04,3.44E-04,5.08E-04,7.51E-04,6.65E-04,7.01E-04,9.89E-04,7.09E-04,1.27E-03,9.58E-04,4.48E-04,2.08E-04
1138,6.54E-04,4.46E-04,4.95E-04,7.09E-04,6.50E-04,3.71E-04,8.13E-04,8.77E-04,4.97E-04,3.43E-04,5.27E-04,7.88E-04,6.84E-04,7.15E-04,1.00E-03,7.13E-04,1.29E-03,9.79E-04,4.59E-04,1.67E-04
1139,6.58E-04,4.54E-04,5.10E-04,7.27E-04,6.66E-04,3.71E-04,8.27E-04,9.08E-04,5.13E-04,3.41E-04,5.48E-04,8.21E-04,7.01E-04,7.28E-04,1.02E-03,7.14E-04,1.31E-03,9.97E-04,4.68E-04,1.27E-04
1140,6.65E-04,4.65E-04,5.24E-04,7.44E-04,6.82E-04,3.70E-04,8.38E-04,9.37E-04,5.28E-04,3.39E-04,5.69E-04,8.52E-04,7.15E-04,7.40E-04,1.03E-03,7.12E-04,1.32E-03,1.01E-03,4.75E-04,8.75E-05
1141,6.75E-04,4.81E-04,5.39E-04,7.60E-04,6.97E-04,3.69E-04,8.47E-04,9.65E-04,5.42E-04,3.36E-04,5.90E-04,8.80E-04,7.27E-04,7.50E-04,1.04E-03,7.07E-04,1.33E-03,1.02E-03,4.81E-04,5.18E-05
1142,6.87E-04,5.00E-04,5.52E-04,7.74E-04,7.11E-04,3.67E-04,8.54E-04,9.92E-04,5.56E-04,3.31E-04,6.12E-04,9.05E-04,7.36E-04,7.58E-04,1.04E-03,7.00E-04,1.34E-03,1.03E-03,4.86E-04,2.14E-05
1143,7.01E-04,5.23E-04,5.66E-04,7.85E-04,7.22E-04,3.65E-04,8.59E-04,1.02E-03,5.68E-04,3.26E-04,6.34E-04,9.27E-04,7.42E-04,7.65E-04,1.04E-03,6.90E-04,1.35E-03,1.03E-03,4.90E-04,-2.48E-06
1144,7.17E-04,5.49E-04,5.78E-04,7.95E-04,7.31E-04,3.61E-04,8.64E-04,1.04E-03,5.79E-04,3.20E-04,6.56E-04,9.47E-04,7.45E-04,7.71E-04,1.04E-03,6.80E-04,1.35E-03,1.02E-03,4.93E-04,-1.90E-05
1145,7.33E-04,5.78E-04,5.90E-04,8.03E-04,7.36E-04,3.57E-04,8.67E-04,1.06E-03,5.88E-04,3.12E-04,6.77E-04,9.65E-04,7.46E-04,7.74E-04,1.04E-03,6.69E-04,1.35E-03,1.02E-03,4.96E-04,-2.80E-05
1146,7.49E-04,6.09E-04,6.00E-04,8.07E-04,7.39E-04,3.51E-04,8.71E-04,1.07E-03,5.96E-04,3.04E-04,6.97E-04,9.80E-04,7.45E-04,7.76E-04,1.03E-03,6.58E-04,1.34E-03,1.01E-03,4.98E-04,-2.95E-05
1147,7.64E-04,6.40E-04,6.10E-04,8.10E-04,7.38E-04,3.45E-04,8.75E-04,1.09E-03,6.02E-04,2.95E-04,7.16E-04,9.94E-04,7.41E-04,7.75E-04,1.02E-03,6.47E-04,1.33E-03,9.93E-04,5.01E-04,-2.46E-05
1148,7.77E-04,6.70E-04,6.18E-04,8.09E-04,7.33E-04,3.37E-04,8.78E-04,1.10E-03,6.06E-04,2.85E-04,7.32E-04,1.01E-03,7.36E-04,7.73E-04,1.01E-03,6.36E-04,1.32E-03,9.78E-04,5.03E-04,-1.42E-05
1149,7.86E-04,6.98E-04,6.25E-04,8.05E-04,7.25E-04,3.28E-04,8.82E-04,1.10E-03,6.09E-04,2.74E-04,7.47E-04,1.02E-03,7.30E-04,7.68E-04,9.96E-04,6.27E-04,1.30E-03,9.60E-04,5.05E-04,-1.03E-07
1150,7.92E-04,7.22E-04,6.30E-04,7.98E-04,7.14E-04,3.18E-04,8.86E-04,1.11E-03,6.10E-04,2.62E-04,7.58E-04,1.02E-03,7.22E-04,7.62E-04,9.79E-04,6.18E-04,1.29E-03,9.40E-04,5.07E-04,1.61E-05
1151,7.93E-04,7.41E-04,6.33E-04,7.88E-04,7.00E-04,3.06E-04,8.89E-04,1.10E-03,6.09E-04,2.50E-04,7.67E-04,1.03E-03,7.14E-04,7.54E-04,9.60E-04,6.11E-04,1.27E-03,9.18E-04,5.07E-04,3.25E-05
1152,7.89E-04,7.53E-04,6.34E-04,7.74E-04,6.83E-04,2.94E-04,8.91E-04,1.10E-03,6.07E-04,2.36E-04,7.72E-04,1.03E-03,7.05E-04,7.44E-04,9.39E-04,6.04E-04,1.24E-03,8.95E-04,5.06E-04,4.74E-05
1153,7.81E-04,7.59E-04,6.33E-04,7.58E-04,6.64E-04,2.80E-04,8.91E-04,1.09E-03,6.03E-04,2.22E-04,7.74E-04,1.03E-03,6.95E-04,7.32E-04,9.17E-04,5.97E-04,1.22E-03,8.70E-04,5.03E-04,5.93E-05
1154,7.67E-04,7.57E-04,6.29E-04,7.38E-04,6.44E-04,2.65E-04,8.89E-04,1.08E-03,5.98E-04,2.07E-04,7.72E-04,1.03E-03,6.86E-04,7.19E-04,8.94E-04,5.91E-04,1.19E-03,8.43E-04,4.97E-04,6.71E-05
1155,7.48E-04,7.47E-04,6.22E-04,7.15E-04,6.22E-04,2.49E-04,8.83E-04,1.06E-03,5.91E-04,1.92E-04,7.67E-04,1.03E-03,6.75E-04,7.04E-04,8.70E-04,5.84E-04,1.16E-03,8.15E-04,4.89E-04,7.00E-05
1156,7.25E-04,7.29E-04,6.13E-04,6.89E-04,6.00E-04,2.32E-04,8.73E-04,1.04E-03,5.83E-04,1.76E-04,7.59E-04,1.02E-03,6.65E-04,6.88E-04,8.46E-04,5.76E-04,1.13E-03,7.85E-04,4.77E-04,6.75E-05
1157,6.98E-04,7.05E-04,6.02E-04,6.61E-04,5.77E-04,2.15E-04,8.59E-04,1.02E-03,5.74E-04,1.60E-04,7.48E-04,1.01E-03,6.53E-04,6.71E-04,8.21E-04,5.68E-04,1.09E-03,7.54E-04,4.61E-04,5.99E-05
1158,6.69E-04,6.74E-04,5.87E-04,6.31E-04,5.54E-04,1.97E-04,8.40E-04,9.94E-04,5.64E-04,1.44E-04,7.34E-04,9.96E-04,6.41E-04,6.52E-04,7.95E-04,5.58E-04,1.06E-03,7.21E-04,4.42E-04,4.76E-05
1159,6.37E-04,6.38E-04,5.71E-04,5.99E-04,5.32E-04,1.78E-04,8.15E-04,9.67E-04,5.53E-04,1.28E-04,7.17E-04,9.79E-04,6.28E-04,6.33E-04,7.68E-04,5.47E-04,1.02E-03,6.86E-04,4.20E-04,3.14E-05
1160,6.04E-04,5.99E-04,5.51E-04,5.67E-04,5.10E-04,1.60E-04,7.85E-04,9.39E-04,5.42E-04,1.12E-04,6.99E-04,9.58E-04,6.14E-04,6.13E-04,7.41E-04,5.33E-04,9.74E-04,6.50E-04,3.94E-04,1.25E-05
1161,5.71E-04,5.57E-04,5.30E-04,5.33E-04,4.89E-04,1.41E-04,7.50E-04,9.09E-04,5.31E-04,9.61E-05,6.79E-04,9.35E-04,5.98E-04,5.92E-04,7.12E-04,5.19E-04,9.31E-04,6.13E-04,3.66E-04,-7.93E-06
1162,5.39E-04,5.14E-04,5.07E-04,5.00E-04,4.68E-04,1.23E-04,7.10E-04,8.79E-04,5.19E-04,8.07E-05,6.57E-04,9.09E-04,5.81E-04,5.70E-04,6.83E-04,5.02E-04,8.86E-04,5.74E-04,3.36E-04,-2.85E-05
1163,5.07E-04,4.72E-04,4.82E-04,4.67E-04,4.48E-04,1.05E-04,6.67E-04,8.48E-04,5.06E-04,6.59E-05,6.34E-04,8.80E-04,5.62E-04,5.48E-04,6.54E-04,4.84E-04,8.40E-04,5.35E-04,3.05E-04,-4.81E-05
1164,4.77E-04,4.32E-04,4.56E-04,4.34E-04,4.28E-04,8.78E-05,6.21E-04,8.17E-04,4.94E-04,5.17E-05,6.11E-04,8.49E-04,5.42E-04,5.26E-04,6.23E-04,4.65E-04,7.93E-04,4.95E-04,2.73E-04,-6.56E-05
1165,4.49E-04,3.94E-04,4.30E-04,4.03E-04,4.08E-04,7.12E-05,5.74E-04,7.87E-04,4.81E-04,3.81E-05,5.87E-04,8.17E-04,5.20E-04,5.04E-04,5.92E-04,4.45E-04,7.46E-04,4.56E-04,2.41E-04,-8.02E-05
1166,4.22E-04,3.60E-04,4.02E-04,3.73E-04,3.88E-04,5.55E-05,5.26E-04,7.56E-04,4.69E-04,2.53E-05,5.63E-04,7.84E-04,4.97E-04,4.81E-04,5.60E-04,4.25E-04,6.99E-04,4.17E-04,2.11E-04,-9.15E-05
1167,3.97E-04,3.29E-04,3.75E-04,3.44E-04,3.67E-04,4.08E-05,4.79E-04,7.26E-04,4.56E-04,1.33E-05,5.38E-04,7.50E-04,4.72E-04,4.58E-04,5.28E-04,4.05E-04,6.53E-04,3.78E-04,1.82E-04,-9.94E-05
1168,3.73E-04,3.03E-04,3.48E-04,3.16E-04,3.45E-04,2.69E-05,4.34E-04,6.96E-04,4.43E-04,1.95E-06,5.13E-04,7.15E-04,4.47E-04,4.35E-04,4.96E-04,3.85E-04,6.07E-04,3.41E-04,1.55E-04,-1.04E-04
1169,3.50E-04,2.80E-04,3.22E-04,2.90E-04,3.23E-04,1.40E-05,3.92E-04,6.66E-04,4.30E-04,-8.72E-06,4.88E-04,6.81E-04,4.21E-04,4.11E-04,4.65E-04,3.65E-04,5.63E-04,3.06E-04,1.31E-04,-1.06E-04
1170,3.28E-04,2.61E-04,2.96E-04,2.66E-04,2.99E-04,1.99E-06,3.55E-04,6.37E-04,4.17E-04,-1.88E-05,4.62E-04,6.47E-04,3.94E-04,3.87E-04,4.34E-04,3.46E-04,5.21E-04,2.73E-04,1.10E-04,-1.06E-04
1171,3.05E-04,2.45E-04,2.71E-04,2.42E-04,2.74E-04,-9.32E-06,3.22E-04,6.08E-04,4.03E-04,-2.84E-05,4.36E-04,6.14E-04,3.66E-04,3.63E-04,4.04E-04,3.28E-04,4.81E-04,2.42E-04,9.12E-05,-1.05E-04
1172,2.82E-04,2.30E-04,2.47E-04,2.18E-04,2.48E-04,-2.00E-05,2.94E-04,5.79E-04,3.89E-04,-3.76E-05,4.09E-04,5.82E-04,3.39E-04,3.38E-04,3.76E-04,3.11E-04,4.43E-04,2.13E-04,7.48E-05,-1.04E-04
1173,2.58E-04,2.17E-04,2.24E-04,1.95E-04,2.20E-04,-3.04E-05,2.70E-04,5.49E-04,3.74E-04,-4.67E-05,3.81E-04,5.51E-04,3.11E-04,3.13E-04,3.49E-04,2.95E-04,4.07E-04,1.86E-04,6.02E-05,-1.04E-04
1174,2.33E-04,2.04E-04,2.01E-04,1.72E-04,1.91E-04,-4.05E-05,2.51E-04,5.19E-04,3.59E-04,-5.56E-05,3.53E-04,5.21E-04,2.84E-04,2.87E-04,3.24E-04,2.80E-04,3.72E-04,1.62E-04,4.70E-05,-1.05E-04
1175,2.06E-04,1.90E-04,1.79E-04,1.48E-04,1.61E-04,-5.06E-05,2.35E-04,4.89E-04,3.43E-04,-6.45E-05,3.24E-04,4.92E-04,2.57E-04,2.61E-04,3.01E-04,2.65E-04,3.40E-04,1.40E-04,3.45E-05,-1.10E-04
1176,1.78E-04,1.74E-04,1.57E-04,1.23E-04,1.29E-04,-6.08E-05,2.21E-04,4.57E-04,3.27E-04,-7.35E-05,2.94E-04,4.63E-04,2.30E-04,2.34E-04,2.79E-04,2.50E-04,3.09E-04,1.19E-04,2.22E-05,-1.16E-04
1177,1.49E-04,1.55E-04,1.35E-04,9.78E-05,9.74E-05,-7.14E-05,2.08E-04,4.25E-04,3.10E-04,-8.28E-05,2.63E-04,4.36E-04,2.04E-04,2.07E-04,2.59E-04,2.36E-04,2.79E-04,9.94E-05,9.45E-06,-1.26E-04
1178,1.19E-04,1.34E-04,1.13E-04,7.12E-05,6.48E-05,-8.24E-05,1.95E-04,3.92E-04,2.93E-04,-9.23E-05,2.32E-04,4.09E-04,1.79E-04,1.79E-04,2.40E-04,2.21E-04,2.49E-04,8.11E-05,-4.28E-06,-1.38E-04
1179,8.81E-05,1.09E-04,8.97E-05,4.36E-05,3.19E-05,-9.40E-05,1.80E-04,3.58E-04,2.75E-04,-1.02E-04,2.00E-04,3.83E-04,1.54E-04,1.52E-04,2.22E-04,2.06E-04,2.20E-04,6.34E-05,-1.93E-05,-1.51E-04
1180,5.76E-05,8.15E-05,6.61E-05,1.50E-05,-9.38E-07,-1.06E-04,1.62E-04,3.24E-04,2.57E-04,-1.12E-04,1.68E-04,3.58E-04,1.29E-04,1.24E-04,2.05E-04,1.90E-04,1.90E-04,4.62E-05,-3.59E-05,-1.65E-04
1181,2.77E-05,5.04E-05,4.15E-05,-1.43E-05,-3.35E-05,-1.19E-04,1.39E-04,2.89E-04,2.38E-04,-1.23E-04,1.37E-04,3.33E-04,1.05E-04,9.59E-05,1.88E-04,1.73E-04,1.60E-04,2.89E-05,-5.39E-05,-1.78E-04
1182,-9.39E-07,1.64E-05,1.59E-05,-4.40E-05,-6.54E-05,-1.32E-04,1.11E-04,2.54E-04,2.20E-04,-1.33E-04,1.05E-04,3.09E-04,8.21E-05,6.86E-05,1.71E-04,1.56E-04,1.29E-04,1.15E-05,-7.33E-05,-1.90E-04
1183,-2.78E-05,-1.99E-05,-1.06E-05,-7.36E-05,-9.65E-05,-1.45E-04,7.77E-05,2.20E-04,2.01E-04,-1.43E-04,7.45E-05,2.85E-04,5.98E-05,4.18E-05,1.53E-04,1.38E-04,9.72E-05,-6.24E-06,-9.34E-05,-1.99E-04
1184,-5.25E-05,-5.78E-05,-3.79E-05,-1.03E-04,-1.27E-04,-1.59E-04,3.81E-05,1.86E-04,1.83E-04,-1.54E-04,4.46E-05,2.61E-04,3.83E-05,1.59E-05,1.35E-04,1.20E-04,6.43E-05,-2.45E-05,-1.14E-04,-2.04E-04
1185,-7.47E-05,-9.66E-05,-6.59E-05,-1.30E-04,-1.55E-04,-1.72E-04,-6.96E-06,1.53E-04,1.65E-04,-1.64E-04,1.57E-05,2.39E-04,1.79E-05,-8.88E-06,1.17E-04,1.01E-04,3.07E-05,-4.31E-05,-1.34E-04,-2.04E-04
1186,-9.43E-05,-1.35E-04,-9.43E-05,-1.57E-04,-1.83E-04,-1.85E-04,-5.69E-05,1.21E-04,1.48E-04,-1.73E-04,-1.18E-05,2.16E-04,-1.35E-06,-3.23E-05,9.79E-05,8.31E-05,-3.61E-06,-6.22E-05,-1.52E-04,-1.99E-04
1187,-1.11E-04,-1.74E-04,-1.23E-04,-1.81E-04,-2.09E-04,-1.97E-04,-1.11E-04,9.14E-05,1.31E-04,-1.82E-04,-3.78E-05,1.95E-04,-1.93E-05,-5.40E-05,7.85E-05,6.56E-05,-3.81E-05,-8.15E-05,-1.69E-04,-1.90E-04
1188,-1.26E-04,-2.10E-04,-1.51E-04,-2.02E-04,-2.33E-04,-2.09E-04,-1.67E-04,6.35E-05,1.16E-04,-1.91E-04,-6.22E-05,1.73E-04,-3.57E-05,-7.39E-05,5.89E-05,4.90E-05,-7.24E-05,-1.01E-04,-1.82E-04,-1.75E-04
1189,-1.38E-04,-2.45E-04,-1.78E-04,-2.20E-04,-2.56E-04,-2.19E-04,-2.24E-04,3.79E-05,1.01E-04,-1.98E-04,-8.50E-05,1.53E-04,-5.06E-05,-9.18E-05,3.95E-05,3.39E-05,-1.06E-04,-1.20E-04,-1.92E-04,-1.57E-04
1190,-1.49E-04,-2.76E-04,-2.04E-04,-2.36E-04,-2.77E-04,-2.27E-04,-2.80E-04,1.47E-05,8.76E-05,-2.04E-04,-1.06E-04,1.32E-04,-6.38E-05,-1.08E-04,2.06E-05,2.06E-05,-1.38E-04,-1.38E-04,-1.98E-04,-1.36E-04
1191,-1.59E-04,-3.05E-04,-2.28E-04,-2.47E-04,-2.96E-04,-2.35E-04,-3.34E-04,-6.18E-06,7.51E-05,-2.09E-04,-1.26E-04,1.12E-04,-7.53E-05,-1.21E-04,2.73E-06,9.40E-06,-1.69E-04,-1.56E-04,-1.98E-04,-1.13E-04
1192,-1.69E-04,-3.30E-04,-2.50E-04,-2.56E-04,-3.13E-04,-2.40E-04,-3.84E-04,-2.47E-05,6.37E-05,-2.13E-04,-1.43E-04,9.25E-05,-8.52E-05,-1.33E-04,-1.37E-05,5.45E-07,-1.98E-04,-1.72E-04,-1.95E-04,-8.94E-05
1193,-1.79E-04,-3.51E-04,-2.70E-04,-2.61E-04,-3.29E-04,-2.43E-04,-4.29E-04,-4.09E-05,5.35E-05,-2.16E-04,-1.60E-04,7.29E-05,-9.35E-05,-1.42E-04,-2.83E-05,-5.85E-06,-2.24E-04,-1.86E-04,-1.86E-04,-6.77E-05
1194,-1.90E-04,-3.69E-04,-2.87E-04,-2.63E-04,-3.43E-04,-2.45E-04,-4.67E-04,-5.50E-05,4.43E-05,-2.18E-04,-1.75E-04,5.33E-05,-1.01E-04,-1.49E-04,-4.07E-05,-9.78E-06,-2.47E-04,-1.99E-04,-1.74E-04,-4.89E-05
1195,-2.02E-04,-3.84E-04,-3.02E-04,-2.63E-04,-3.54E-04,-2.45E-04,-4.98E-04,-6.72E-05,3.62E-05,-2.18E-04,-1.89E-04,3.36E-05,-1.06E-04,-1.55E-04,-5.06E-05,-1.13E-05,-2.68E-04,-2.09E-04,-1.58E-04,-3.44E-05
1196,-2.16E-04,-3.95E-04,-3.14E-04,-2.61E-04,-3.64E-04,-2.43E-04,-5.22E-04,-7.79E-05,2.89E-05,-2.18E-04,-2.02E-04,1.38E-05,-1.12E-04,-1.59E-04,-5.79E-05,-1.07E-05,-2.85E-04,-2.16E-04,-1.39E-04,-2.52E-05
1197,-2.32E-04,-4.04E-04,-3.24E-04,-2.58E-04,-3.72E-04,-2.39E-04,-5.38E-04,-8.73E-05,2.24E-05,-2.17E-04,-2.15E-04,-6.07E-06,-1.16E-04,-1.61E-04,-6.26E-05,-8.27E-06,-2.99E-04,-2.21E-04,-1.19E-04,-2.21E-05
1198,-2.50E-04,-4.10E-04,-3.31E-04,-2.53E-04,-3.79E-04,-2.35E-04,-5.49E-04,-9.58E-05,1.66E-05,-2.15E-04,-2.26E-04,-2.60E-05,-1.21E-04,-1.63E-04,-6.48E-05,-4.40E-06,-3.11E-04,-2.23E-04,-9.83E-05,-2.52E-05
1199,-2.70E-04,-4.15E-04,-3.36E-04,-2.49E-04,-3.84E-04,-2.29E-04,-5.53E-04,-1.04E-04,1.13E-05,-2.12E-04,-2.37E-04,-4.58E-05,-1.26E-04,-1.64E-04,-6.47E-05,4.18E-07,-3.20E-04,-2.22E-04,-7.83E-05,-3.44E-05
1200,-2.92E-04,-4.18E-04,-3.40E-04,-2.45E-04,-3.87E-04,-2.23E-04,-5.54E-04,-1.11E-04,6.31E-06,-2.10E-04,-2.48E-04,-6.53E-05,-1.31E-04,-1.64E-04,-6.29E-05,5.66E-06,-3.27E-04,-2.19E-04,-6.00E-05,-4.90E-05
1201,-3.14E-04,-4.20E-04,-3.42E-04,-2.41E-04,-3.89E-04,-2.16E-04,-5.51E-04,-1.18E-04,1.60E-06,-2.07E-04,-2.57E-04,-8.42E-05,-1.37E-04,-1.65E-04,-5.96E-05,1.08E-05,-3.32E-04,-2.12E-04,-4.46E-05,-6.81E-05
1202,-3.37E-04,-4.22E-04,-3.43E-04,-2.39E-04,-3.91E-04,-2.09E-04,-5.47E-04,-1.26E-04,-3.00E-06,-2.04E-04,-2.67E-04,-1.02E-04,-1.43E-04,-1.65E-04,-5.55E-05,1.53E-05,-3.35E-04,-2.04E-04,-3.29E-05,-9.01E-05
1203,-3.59E-04,-4.23E-04,-3.43E-04,-2.38E-04,-3.92E-04,-2.03E-04,-5.42E-04,-1.33E-04,-7.59E-06,-2.02E-04,-2.76E-04,-1.19E-04,-1.51E-04,-1.66E-04,-5.11E-05,1.86E-05,-3.37E-04,-1.93E-04,-2.56E-05,-1.14E-04
1204,-3.81E-04,-4.25E-04,-3.43E-04,-2.38E-04,-3.92E-04,-1.96E-04,-5.39E-04,-1.41E-04,-1.23E-05,-1.99E-04,-2.84E-04,-1.34E-04,-1.60E-04,-1.67E-04,-4.69E-05,2.04E-05,-3.38E-04,-1.81E-04,-2.30E-05,-1.37E-04
1205,-4.01E-04,-4.27E-04,-3.44E-04,-2.40E-04,-3.92E-04,-1.91E-04,-5.38E-04,-1.49E-04,-1.71E-05,-1.98E-04,-2.92E-04,-1.47E-04,-1.69E-04,-1.70E-04,-4.35E-05,2.02E-05,-3.38E-04,-1.67E-04,-2.54E-05,-1.59E-04
1206,-4.18E-04,-4.30E-04,-3.45E-04,-2.44E-04,-3.93E-04,-1.86E-04,-5.40E-04,-1.58E-04,-2.22E-05,-1.96E-04,-2.99E-04,-1.58E-04,-1.78E-04,-1.73E-04,-4.12E-05,1.79E-05,-3.38E-04,-1.53E-04,-3.24E-05,-1.77E-04
1207,-4.33E-04,-4.34E-04,-3.46E-04,-2.49E-04,-3.94E-04,-1.82E-04,-5.46E-04,-1.66E-04,-2.76E-05,-1.96E-04,-3.05E-04,-1.66E-04,-1.88E-04,-1.77E-04,-4.04E-05,1.33E-05,-3.37E-04,-1.40E-04,-4.38E-05,-1.90E-04
1208,-4.44E-04,-4.39E-04,-3.49E-04,-2.55E-04,-3.96E-04,-1.79E-04,-5.55E-04,-1.75E-04,-3.33E-05,-1.96E-04,-3.11E-04,-1.71E-04,-1.97E-04,-1.82E-04,-4.12E-05,6.42E-06,-3.36E-04,-1.27E-04,-5.89E-05,-1.98E-04
1209,-4.52E-04,-4.44E-04,-3.52E-04,-2.61E-04,-3.99E-04,-1.77E-04,-5.68E-04,-1.84E-04,-3.92E-05,-1.96E-04,-3.16E-04,-1.73E-04,-2.05E-04,-1.88E-04,-4.37E-05,-2.66E-06,-3.35E-04,-1.15E-04,-7.69E-05,-2.01E-04
1210,-4.56E-04,-4.50E-04,-3.56E-04,-2.68E-04,-4.03E-04,-1.76E-04,-5.84E-04,-1.93E-04,-4.55E-05,-1.97E-04,-3.21E-04,-1.73E-04,-2.12E-04,-1.95E-04,-4.78E-05,-1.37E-05,-3.34E-04,-1.05E-04,-9.67E-05,-1.97E-04
1211,-4.57E-04,-4.56E-04,-3.62E-04,-2.75E-04,-4.08E-04,-1.77E-04,-6.01E-04,-2.02E-04,-5.20E-05,-1.99E-04,-3.24E-04,-1.70E-04,-2.18E-04,-2.03E-04,-5.33E-05,-2.65E-05,-3.34E-04,-9.80E-05,-1.17E-04,-1.88E-04
1212,-4.54E-04,-4.62E-04,-3.67E-04,-2.82E-04,-4.15E-04,-1.78E-04,-6.20E-04,-2.11E-04,-5.87E-05,-2.01E-04,-3.27E-04,-1.65E-04,-2.22E-04,-2.11E-04,-5.99E-05,-4.05E-05,-3.33E-04,-9.34E-05,-1.38E-04,-1.75E-04
1213,-4.48E-04,-4.69E-04,-3.74E-04,-2.87E-04,-4.24E-04,-1.79E-04,-6.39E-04,-2.20E-04,-6.55E-05,-2.04E-04,-3.30E-04,-1.58E-04,-2.24E-04,-2.19E-04,-6.72E-05,-5.54E-05,-3.32E-04,-9.20E-05,-1.57E-04,-1.59E-04
1214,-4.39E-04,-4.76E-04,-3.81E-04,-2.92E-04,-4.33E-04,-1.82E-04,-6.57E-04,-2.29E-04,-7.25E-05,-2.07E-04,-3.32E-04,-1.50E-04,-2.23E-04,-2.28E-04,-7.47E-05,-7.07E-05,-3.32E-04,-9.37E-05,-1.74E-04,-1.41E-04
1215,-4.29E-04,-4.83E-04,-3.88E-04,-2.96E-04,-4.44E-04,-1.85E-04,-6.73E-04,-2.38E-04,-7.94E-05,-2.10E-04,-3.34E-04,-1.41E-04,-2.21E-04,-2.37E-04,-8.22E-05,-8.59E-05,-3.33E-04,-9.87E-05,-1.88E-04,-1.23E-04
1216,-4.16E-04,-4.89E-04,-3.96E-04,-2.98E-04,-4.55E-04,-1.88E-04,-6.86E-04,-2.46E-04,-8.63E-05,-2.13E-04,-3.35E-04,-1.32E-04,-2.17E-04,-2.45E-04,-8.91E-05,-1.01E-04,-3.34E-04,-1.07E-04,-1.98E-04,-1.06E-04
1217,-4.03E-04,-4.95E-04,-4.03E-04,-2.99E-04,-4.66E-04,-1.91E-04,-6.96E-04,-2.55E-04,-9.30E-05,-2.16E-04,-3.37E-04,-1.24E-04,-2.11E-04,-2.53E-04,-9.51E-05,-1.14E-04,-3.36E-04,-1.17E-04,-2.05E-04,-9.19E-05
1218,-3.88E-04,-5.01E-04,-4.11E-04,-2.98E-04,-4.77E-04,-1.95E-04,-7.02E-04,-2.64E-04,-9.95E-05,-2.19E-04,-3.38E-04,-1.16E-04,-2.04E-04,-2.60E-04,-1.00E-04,-1.27E-04,-3.38E-04,-1.30E-04,-2.07E-04,-8.21E-05
1219,-3.74E-04,-5.06E-04,-4.18E-04,-2.97E-04,-4.88E-04,-1.98E-04,-7.04E-04,-2.72E-04,-1.06E-04,-2.22E-04,-3.40E-04,-1.09E-04,-1.97E-04,-2.66E-04,-1.04E-04,-1.37E-04,-3.42E-04,-1.44E-04,-2.06E-04,-7.72E-05
1220,-3.60E-04,-5.11E-04,-4.24E-04,-2.94E-04,-4.98E-04,-2.01E-04,-7.03E-04,-2.80E-04,-1.11E-04,-2.24E-04,-3.42E-04,-1.04E-04,-1.90E-04,-2.71E-04,-1.06E-04,-1.46E-04,-3.47E-04,-1.59E-04,-2.01E-04,-7.76E-05
1221,-3.47E-04,-5.15E-04,-4.30E-04,-2.91E-04,-5.07E-04,-2.03E-04,-6.98E-04,-2.89E-04,-1.16E-04,-2.26E-04,-3.44E-04,-1.00E-04,-1.83E-04,-2.75E-04,-1.07E-04,-1.53E-04,-3.53E-04,-1.74E-04,-1.93E-04,-8.34E-05
1222,-3.35E-04,-5.19E-04,-4.36E-04,-2.86E-04,-5.14E-04,-2.04E-04,-6.92E-04,-2.96E-04,-1.21E-04,-2.28E-04,-3.46E-04,-9.79E-05,-1.77E-04,-2.77E-04,-1.07E-04,-1.57E-04,-3.60E-04,-1.87E-04,-1.82E-04,-9.42E-05
1223,-3.24E-04,-5.23E-04,-4.41E-04,-2.81E-04,-5.20E-04,-2.05E-04,-6.84E-04,-3.04E-04,-1.25E-04,-2.29E-04,-3.49E-04,-9.69E-05,-1.73E-04,-2.78E-04,-1.07E-04,-1.60E-04,-3.67E-04,-1.99E-04,-1.70E-04,-1.09E-04
1224,-3.14E-04,-5.26E-04,-4.45E-04,-2.76E-04,-5.23E-04,-2.05E-04,-6.76E-04,-3.10E-04,-1.28E-04,-2.29E-04,-3.51E-04,-9.67E-05,-1.70E-04,-2.78E-04,-1.05E-04,-1.61E-04,-3.75E-04,-2.09E-04,-1.56E-04,-1.27E-04
1225,-3.06E-04,-5.29E-04,-4.49E-04,-2.70E-04,-5.24E-04,-2.04E-04,-6.68E-04,-3.16E-04,-1.30E-04,-2.28E-04,-3.53E-04,-9.70E-05,-1.70E-04,-2.76E-04,-1.03E-04,-1.59E-04,-3.83E-04,-2.15E-04,-1.42E-04,-1.47E-04
1226,-2.99E-04,-5.33E-04,-4.51E-04,-2.64E-04,-5.22E-04,-2.02E-04,-6.61E-04,-3.21E-04,-1.31E-04,-2.27E-04,-3.55E-04,-9.72E-05,-1.71E-04,-2.72E-04,-1.01E-04,-1.56E-04,-3.91E-04,-2.17E-04,-1.27E-04,-1.67E-04
1227,-2.95E-04,-5.36E-04,-4.53E-04,-2.58E-04,-5.18E-04,-1.98E-04,-6.55E-04,-3.24E-04,-1.31E-04,-2.24E-04,-3.57E-04,-9.69E-05,-1.74E-04,-2.67E-04,-9.97E-05,-1.52E-04,-3.97E-04,-2.16E-04,-1.13E-04,-1.86E-04
1228,-2.92E-04,-5.39E-04,-4.54E-04,-2.52E-04,-5.12E-04,-1.94E-04,-6.51E-04,-3.26E-04,-1.31E-04,-2.21E-04,-3.58E-04,-9.56E-05,-1.79E-04,-2.61E-04,-9.83E-05,-1.46E-04,-4.02E-04,-2.10E-04,-1.00E-04,-2.02E-04
1229,-2.91E-04,-5.42E-04,-4.53E-04,-2.45E-04,-5.05E-04,-1.89E-04,-6.49E-04,-3.26E-04,-1.29E-04,-2.17E-04,-3.59E-04,-9.29E-05,-1.85E-04,-2.54E-04,-9.74E-05,-1.40E-04,-4.06E-04,-2.01E-04,-8.88E-05,-2.14E-04
1230,-2.92E-04,-5.44E-04,-4.51E-04,-2.38E-04,-4.95E-04,-1.83E-04,-6.49E-04,-3.24E-04,-1.27E-04,-2.12E-04,-3.59E-04,-8.86E-05,-1.92E-04,-2.46E-04,-9.70E-05,-1.33E-04,-4.06E-04,-1.88E-04,-7.85E-05,-2.21E-04
1231,-2.95E-04,-5.46E-04,-4.49E-04,-2.30E-04,-4.84E-04,-1.75E-04,-6.51E-04,-3.21E-04,-1.24E-04,-2.07E-04,-3.57E-04,-8.25E-05,-1.99E-04,-2.37E-04,-9.71E-05,-1.25E-04,-4.04E-04,-1.72E-04,-6.97E-05,-2.24E-04
1232,-2.99E-04,-5.48E-04,-4.44E-04,-2.22E-04,-4.72E-04,-1.68E-04,-6.54E-04,-3.17E-04,-1.21E-04,-2.01E-04,-3.55E-04,-7.47E-05,-2.05E-04,-2.28E-04,-9.76E-05,-1.17E-04,-3.99E-04,-1.54E-04,-6.24E-05,-2.20E-04
1233,-3.05E-04,-5.49E-04,-4.39E-04,-2.13E-04,-4.59E-04,-1.59E-04,-6.56E-04,-3.10E-04,-1.17E-04,-1.94E-04,-3.51E-04,-6.54E-05,-2.10E-04,-2.18E-04,-9.82E-05,-1.10E-04,-3.91E-04,-1.34E-04,-5.65E-05,-2.11E-04
1234,-3.12E-04,-5.49E-04,-4.32E-04,-2.04E-04,-4.46E-04,-1.50E-04,-6.58E-04,-3.03E-04,-1.13E-04,-1.87E-04,-3.46E-04,-5.51E-05,-2.14E-04,-2.09E-04,-9.89E-05,-1.03E-04,-3.80E-04,-1.14E-04,-5.17E-05,-1.98E-04
1235,-3.20E-04,-5.48E-04,-4.25E-04,-1.94E-04,-4.33E-04,-1.40E-04,-6.59E-04,-2.94E-04,-1.09E-04,-1.79E-04,-3.41E-04,-4.43E-05,-2.15E-04,-2.00E-04,-9.93E-05,-9.56E-05,-3.66E-04,-9.42E-05,-4.80E-05,-1.81E-04
1236,-3.29E-04,-5.47E-04,-4.16E-04,-1.84E-04,-4.21E-04,-1.31E-04,-6.58E-04,-2.85E-04,-1.05E-04,-1.71E-04,-3.34E-04,-3.36E-05,-2.15E-04,-1.92E-04,-9.92E-05,-8.90E-05,-3.50E-04,-7.60E-05,-4.52E-05,-1.61E-04
1237,-3.37E-04,-5.43E-04,-4.07E-04,-1.73E-04,-4.09E-04,-1.22E-04,-6.54E-04,-2.76E-04,-1.01E-04,-1.64E-04,-3.26E-04,-2.37E-05,-2.12E-04,-1.85E-04,-9.85E-05,-8.29E-05,-3.33E-04,-6.02E-05,-4.31E-05,-1.40E-04
1238,-3.45E-04,-5.39E-04,-3.98E-04,-1.62E-04,-3.98E-04,-1.13E-04,-6.47E-04,-2.67E-04,-9.81E-05,-1.56E-04,-3.18E-04,-1.55E-05,-2.07E-04,-1.78E-04,-9.71E-05,-7.74E-05,-3.15E-04,-4.74E-05,-4.17E-05,-1.19E-04
1239,-3.52E-04,-5.34E-04,-3.89E-04,-1.51E-04,-3.88E-04,-1.04E-04,-6.37E-04,-2.59E-04,-9.54E-05,-1.49E-04,-3.09E-04,-9.51E-06,-2.00E-04,-1.73E-04,-9.49E-05,-7.24E-05,-2.97E-04,-3.82E-05,-4.08E-05,-1.00E-04
1240,-3.57E-04,-5.27E-04,-3.80E-04,-1.40E-04,-3.79E-04,-9.62E-05,-6.24E-04,-2.51E-04,-9.34E-05,-1.43E-04,-3.00E-04,-6.43E-06,-1.91E-04,-1.69E-04,-9.21E-05,-6.79E-05,-2.80E-04,-3.28E-05,-4.06E-05,-8.37E-05
1241,-3.60E-04,-5.20E-04,-3.72E-04,-1.30E-04,-3.71E-04,-8.91E-05,-6.08E-04,-2.45E-04,-9.23E-05,-1.37E-04,-2.92E-04,-6.68E-06,-1.81E-04,-1.67E-04,-8.88E-05,-6.39E-05,-2.65E-04,-3.14E-05,-4.09E-05,-7.11E-05
1242,-3.60E-04,-5.12E-04,-3.65E-04,-1.20E-04,-3.64E-04,-8.30E-05,-5.89E-04,-2.41E-04,-9.19E-05,-1.32E-04,-2.83E-04,-1.05E-05,-1.71E-04,-1.65E-04,-8.51E-05,-6.05E-05,-2.53E-04,-3.36E-05,-4.19E-05,-6.30E-05
1243,-3.56E-04,-5.03E-04,-3.60E-04,-1.11E-04,-3.58E-04,-7.78E-05,-5.69E-04,-2.38E-04,-9.24E-05,-1.27E-04,-2.75E-04,-1.80E-05,-1.60E-04,-1.65E-04,-8.15E-05,-5.75E-05,-2.43E-04,-3.91E-05,-4.37E-05,-6.00E-05
1244,-3.49E-04,-4.94E-04,-3.56E-04,-1.03E-04,-3.52E-04,-7.37E-05,-5.48E-04,-2.37E-04,-9.35E-05,-1.23E-04,-2.68E-04,-2.90E-05,-1.50E-04,-1.65E-04,-7.82E-05,-5.50E-05,-2.37E-04,-4.73E-05,-4.61E-05,-6.21E-05
1245,-3.38E-04,-4.86E-04,-3.53E-04,-9.59E-05,-3.47E-04,-7.05E-05,-5.27E-04,-2.38E-04,-9.54E-05,-1.20E-04,-2.62E-04,-4.31E-05,-1.42E-04,-1.66E-04,-7.56E-05,-5.30E-05,-2.34E-04,-5.74E-05,-4.93E-05,-6.90E-05
1246,-3.24E-04,-4.78E-04,-3.52E-04,-8.97E-05,-3.43E-04,-6.82E-05,-5.06E-04,-2.40E-04,-9.77E-05,-1.17E-04,-2.56E-04,-5.97E-05,-1.34E-04,-1.68E-04,-7.39E-05,-5.14E-05,-2.35E-04,-6.84E-05,-5.32E-05,-8.02E-05
1247,-3.06E-04,-4.71E-04,-3.53E-04,-8.43E-05,-3.38E-04,-6.67E-05,-4.87E-04,-2.43E-04,-1.00E-04,-1.14E-04,-2.52E-04,-7.81E-05,-1.29E-04,-1.69E-04,-7.34E-05,-5.04E-05,-2.38E-04,-7.95E-05,-5.76E-05,-9.49E-05
1248,-2.84E-04,-4.66E-04,-3.54E-04,-7.97E-05,-3.33E-04,-6.59E-05,-4.70E-04,-2.47E-04,-1.03E-04,-1.12E-04,-2.48E-04,-9.75E-05,-1.25E-04,-1.71E-04,-7.43E-05,-4.99E-05,-2.44E-04,-8.96E-05,-6.23E-05,-1.12E-04
1249,-2.60E-04,-4.61E-04,-3.57E-04,-7.56E-05,-3.28E-04,-6.54E-05,-4.56E-04,-2.51E-04,-1.06E-04,-1.11E-04,-2.46E-04,-1.17E-04,-1.23E-04,-1.72E-04,-7.66E-05,-4.98E-05,-2.51E-04,-9.78E-05,-6.71E-05,-1.31E-04
1250,-2.35E-04,-4.57E-04,-3.60E-04,-7.17E-05,-3.22E-04,-6.51E-05,-4.44E-04,-2.54E-04,-1.09E-04,-1.09E-04,-2.44E-04,-1.35E-04,-1.23E-04,-1.72E-04,-8.03E-05,-5.04E-05,-2.59E-04,-1.04E-04,-7.16E-05,-1.49E-04
1251,-2.08E-04,-4.55E-04,-3.63E-04,-6.78E-05,-3.15E-04,-6.48E-05,-4.34E-04,-2.57E-04,-1.11E-04,-1.07E-04,-2.42E-04,-1.52E-04,-1.25E-04,-1.71E-04,-8.52E-05,-5.15E-05,-2.66E-04,-1.06E-04,-7.54E-05,-1.67E-04
1252,-1.81E-04,-4.54E-04,-3.66E-04,-6.35E-05,-3.07E-04,-6.43E-05,-4.26E-04,-2.59E-04,-1.12E-04,-1.04E-04,-2.41E-04,-1.66E-04,-1.28E-04,-1.70E-04,-9.10E-05,-5.31E-05,-2.72E-04,-1.05E-04,-7.80E-05,-1.83E-04
1253,-1.55E-04,-4.53E-04,-3.67E-04,-5.86E-05,-2.99E-04,-6.33E-05,-4.20E-04,-2.59E-04,-1.13E-04,-1.01E-04,-2.39E-04,-1.78E-04,-1.31E-04,-1.66E-04,-9.73E-05,-5.52E-05,-2.76E-04,-1.01E-04,-7.91E-05,-1.96E-04
1254,-1.30E-04,-4.53E-04,-3.67E-04,-5.28E-05,-2.89E-04,-6.16E-05,-4.15E-04,-2.57E-04,-1.12E-04,-9.78E-05,-2.37E-04,-1.85E-04,-1.34E-04,-1.62E-04,-1.04E-04,-5.79E-05,-2.77E-04,-9.26E-05,-7.82E-05,-2.06E-04
1255,-1.07E-04,-4.52E-04,-3.65E-04,-4.57E-05,-2.77E-04,-5.91E-05,-4.10E-04,-2.53E-04,-1.11E-04,-9.36E-05,-2.35E-04,-1.90E-04,-1.37E-04,-1.56E-04,-1.09E-04,-6.10E-05,-2.75E-04,-8.13E-05,-7.51E-05,-2.12E-04
1256,-8.65E-05,-4.51E-04,-3.61E-04,-3.73E-05,-2.65E-04,-5.56E-05,-4.05E-04,-2.47E-04,-1.09E-04,-8.88E-05,-2.31E-04,-1.90E-04,-1.39E-04,-1.49E-04,-1.14E-04,-6.45E-05,-2.69E-04,-6.73E-05,-6.94E-05,-2.14E-04
1257,-6.90E-05,-4.49E-04,-3.54E-04,-2.75E-05,-2.52E-04,-5.11E-05,-3.98E-04,-2.39E-04,-1.06E-04,-8.32E-05,-2.26E-04,-1.87E-04,-1.39E-04,-1.41E-04,-1.18E-04,-6.83E-05,-2.59E-04,-5.12E-05,-6.13E-05,-2.13E-04
1258,-5.44E-05,-4.44E-04,-3.44E-04,-1.61E-05,-2.38E-04,-4.56E-05,-3.89E-04,-2.28E-04,-1.01E-04,-7.70E-05,-2.20E-04,-1.82E-04,-1.37E-04,-1.32E-04,-1.20E-04,-7.23E-05,-2.45E-04,-3.38E-05,-5.06E-05,-2.07E-04
1259,-4.24E-05,-4.38E-04,-3.31E-04,-3.44E-06,-2.23E-04,-3.91E-05,-3.78E-04,-2.16E-04,-9.66E-05,-7.03E-05,-2.12E-04,-1.73E-04,-1.34E-04,-1.23E-04,-1.19E-04,-7.64E-05,-2.28E-04,-1.59E-05,-3.77E-05,-1.99E-04
1260,-3.28E-05,-4.29E-04,-3.17E-04,1.05E-05,-2.07E-04,-3.18E-05,-3.65E-04,-2.02E-04,-9.12E-05,-6.30E-05,-2.03E-04,-1.64E-04,-1.28E-04,-1.13E-04,-1.17E-04,-8.07E-05,-2.09E-04,1.75E-06,-2.29E-05,-1.87E-04
1261,-2.49E-05,-4.17E-04,-2.99E-04,2.54E-05,-1.91E-04,-2.36E-05,-3.49E-04,-1.87E-04,-8.52E-05,-5.55E-05,-1.93E-04,-1.53E-04,-1.21E-04,-1.04E-04,-1.12E-04,-8.49E-05,-1.88E-04,1.85E-05,-6.70E-06,-1.74E-04
1262,-1.81E-05,-4.03E-04,-2.80E-04,4.10E-05,-1.75E-04,-1.50E-05,-3.31E-04,-1.72E-04,-7.90E-05,-4.78E-05,-1.81E-04,-1.42E-04,-1.12E-04,-9.41E-05,-1.05E-04,-8.90E-05,-1.66E-04,3.36E-05,1.03E-05,-1.59E-04
1263,-1.15E-05,-3.85E-04,-2.60E-04,5.70E-05,-1.58E-04,-5.96E-06,-3.11E-04,-1.56E-04,-7.28E-05,-4.01E-05,-1.69E-04,-1.31E-04,-1.01E-04,-8.50E-05,-9.64E-05,-9.29E-05,-1.44E-04,4.68E-05,2.75E-05,-1.43E-04
1264,-4.43E-06,-3.65E-04,-2.39E-04,7.29E-05,-1.42E-04,3.14E-06,-2.90E-04,-1.40E-04,-6.65E-05,-3.25E-05,-1.55E-04,-1.21E-04,-8.96E-05,-7.66E-05,-8.68E-05,-9.66E-05,-1.22E-04,5.77E-05,4.42E-05,-1.28E-04
1265,3.84E-06,-3.44E-04,-2.18E-04,8.84E-05,-1.26E-04,1.21E-05,-2.69E-04,-1.25E-04,-6.05E-05,-2.53E-05,-1.42E-04,-1.13E-04,-7.73E-05,-6.89E-05,-7.65E-05,-1.00E-04,-1.02E-04,6.62E-05,5.97E-05,-1.13E-04
1266,1.39E-05,-3.20E-04,-1.98E-04,1.03E-04,-1.10E-04,2.06E-05,-2.47E-04,-1.11E-04,-5.48E-05,-1.84E-05,-1.28E-04,-1.06E-04,-6.48E-05,-6.21E-05,-6.63E-05,-1.03E-04,-8.42E-05,7.24E-05,7.34E-05,-9.92E-05
1267,2.62E-05,-2.96E-04,-1.79E-04,1.17E-04,-9.43E-05,2.85E-05,-2.26E-04,-9.79E-05,-4.96E-05,-1.21E-05,-1.15E-04,-1.01E-04,-5.26E-05,-5.60E-05,-5.67E-05,-1.06E-04,-6.84E-05,7.66E-05,8.49E-05,-8.70E-05
1268,4.09E-05,-2.72E-04,-1.61E-04,1.29E-04,-7.94E-05,3.55E-05,-2.06E-04,-8.60E-05,-4.47E-05,-6.32E-06,-1.02E-04,-9.68E-05,-4.09E-05,-5.05E-05,-4.84E-05,-1.09E-04,-5.49E-05,7.92E-05,9.37E-05,-7.66E-05
1269,5.81E-05,-2.48E-04,-1.45E-04,1.40E-04,-6.50E-05,4.16E-05,-1.89E-04,-7.54E-05,-4.04E-05,-1.13E-06,-9.04E-05,-9.42E-05,-3.02E-05,-4.56E-05,-4.17E-05,-1.11E-04,-4.36E-05,8.07E-05,9.97E-05,-6.81E-05
1270,7.74E-05,-2.25E-04,-1.30E-04,1.49E-04,-5.12E-05,4.65E-05,-1.73E-04,-6.60E-05,-3.64E-05,3.53E-06,-7.97E-05,-9.27E-05,-2.04E-05,-4.11E-05,-3.72E-05,-1.14E-04,-3.40E-05,8.17E-05,1.03E-04,-6.17E-05
1271,9.84E-05,-2.04E-04,-1.19E-04,1.57E-04,-3.78E-05,5.02E-05,-1.60E-04,-5.74E-05,-3.26E-05,7.72E-06,-7.00E-05,-9.17E-05,-1.18E-05,-3.66E-05,-3.49E-05,-1.16E-04,-2.57E-05,8.27E-05,1.04E-04,-5.72E-05
1272,1.20E-04,-1.86E-04,-1.09E-04,1.63E-04,-2.49E-05,5.27E-05,-1.49E-04,-4.95E-05,-2.91E-05,1.15E-05,-6.15E-05,-9.09E-05,-4.25E-06,-3.19E-05,-3.50E-05,-1.17E-04,-1.80E-05,8.44E-05,1.02E-04,-5.44E-05
1273,1.43E-04,-1.70E-04,-1.00E-04,1.67E-04,-1.23E-05,5.40E-05,-1.40E-04,-4.20E-05,-2.56E-05,1.51E-05,-5.42E-05,-8.97E-05,2.42E-06,-2.68E-05,-3.70E-05,-1.19E-04,-1.01E-05,8.71E-05,9.87E-05,-5.31E-05
1274,1.64E-04,-1.57E-04,-9.37E-05,1.71E-04,1.03E-07,5.43E-05,-1.32E-04,-3.44E-05,-2.19E-05,1.86E-05,-4.77E-05,-8.79E-05,8.40E-06,-2.11E-05,-4.08E-05,-1.20E-04,-1.46E-06,9.12E-05,9.43E-05,-5.29E-05
1275,1.84E-04,-1.47E-04,-8.79E-05,1.73E-04,1.25E-05,5.36E-05,-1.25E-04,-2.65E-05,-1.80E-05,2.21E-05,-4.20E-05,-8.50E-05,1.40E-05,-1.44E-05,-4.57E-05,-1.22E-04,8.68E-06,9.69E-05,8.94E-05,-5.34E-05
1276,2.02E-04,-1.39E-04,-8.25E-05,1.75E-04,2.49E-05,5.21E-05,-1.17E-04,-1.78E-05,-1.36E-05,2.58E-05,-3.67E-05,-8.08E-05,1.95E-05,-6.73E-06,-5.10E-05,-1.23E-04,2.08E-05,1.04E-04,8.49E-05,-5.42E-05
1277,2.17E-04,-1.33E-04,-7.70E-05,1.77E-04,3.76E-05,5.00E-05,-1.09E-04,-8.14E-06,-8.65E-06,2.99E-05,-3.14E-05,-7.52E-05,2.51E-05,2.07E-06,-5.59E-05,-1.24E-04,3.53E-05,1.13E-04,8.12E-05,-5.47E-05
1278,2.28E-04,-1.29E-04,-7.06E-05,1.79E-04,5.06E-05,4.76E-05,-9.82E-05,2.83E-06,-3.03E-06,3.43E-05,-2.58E-05,-6.82E-05,3.13E-05,1.20E-05,-5.97E-05,-1.24E-04,5.21E-05,1.23E-04,7.92E-05,-5.44E-05
1279,2.35E-04,-1.25E-04,-6.30E-05,1.81E-04,6.40E-05,4.50E-05,-8.53E-05,1.52E-05,3.30E-06,3.93E-05,-1.96E-05,-5.99E-05,3.81E-05,2.30E-05,-6.16E-05,-1.24E-04,7.14E-05,1.34E-04,7.91E-05,-5.29E-05
1280,2.39E-04,-1.21E-04,-5.37E-05,1.84E-04,7.78E-05,4.25E-05,-6.95E-05,2.91E-05,1.04E-05,4.48E-05,-1.24E-05,-5.03E-05,4.57E-05,3.50E-05,-6.10E-05,-1.25E-04,9.26E-05,1.46E-04,8.14E-05,-4.96E-05
1281,2.39E-04,-1.15E-04,-4.23E-05,1.87E-04,9.21E-05,4.02E-05,-5.03E-05,4.45E-05,1.82E-05,5.08E-05,-3.91E-06,-3.99E-05,5.41E-05,4.76E-05,-5.73E-05,-1.24E-04,1.15E-04,1.57E-04,8.61E-05,-4.40E-05
1282,2.37E-04,-1.08E-04,-2.86E-05,1.91E-04,1.07E-04,3.82E-05,-2.77E-05,6.12E-05,2.66E-05,5.72E-05,5.96E-06,-2.87E-05,6.33E-05,6.08E-05,-5.02E-05,-1.24E-04,1.39E-04,1.67E-04,9.31E-05,-3.58E-05
1283,2.32E-04,-9.81E-05,-1.26E-05,1.96E-04,1.22E-04,3.68E-05,-1.73E-06,7.90E-05,3.55E-05,6.41E-05,1.74E-05,-1.70E-05,7.31E-05,7.41E-05,-3.97E-05,-1.23E-04,1.62E-04,1.77E-04,1.02E-04,-2.47E-05
1284,2.26E-04,-8.50E-05,5.74E-06,2.01E-04,1.37E-04,3.59E-05,2.72E-05,9.77E-05,4.49E-05,7.12E-05,3.03E-05,-5.25E-06,8.33E-05,8.72E-05,-2.60E-05,-1.23E-04,1.85E-04,1.84E-04,1.13E-04,-1.04E-05
1285,2.19E-04,-6.82E-05,2.61E-05,2.08E-04,1.52E-04,3.55E-05,5.85E-05,1.17E-04,5.43E-05,7.84E-05,4.46E-05,6.52E-06,9.35E-05,9.97E-05,-9.53E-06,-1.22E-04,2.07E-04,1.90E-04,1.25E-04,7.02E-06
1286,2.13E-04,-4.78E-05,4.82E-05,2.14E-04,1.67E-04,3.56E-05,9.15E-05,1.36E-04,6.38E-05,8.55E-05,6.01E-05,1.81E-05,1.04E-04,1.11E-04,8.99E-06,-1.22E-04,2.26E-04,1.93E-04,1.37E-04,2.75E-05
1287,2.08E-04,-2.37E-05,7.15E-05,2.20E-04,1.81E-04,3.61E-05,1.25E-04,1.55E-04,7.30E-05,9.24E-05,7.65E-05,2.95E-05,1.13E-04,1.22E-04,2.87E-05,-1.23E-04,2.42E-04,1.94E-04,1.50E-04,5.07E-05
1288,2.06E-04,3.62E-06,9.55E-05,2.27E-04,1.95E-04,3.69E-05,1.59E-04,1.73E-04,8.18E-05,9.88E-05,9.36E-05,4.06E-05,1.22E-04,1.31E-04,4.86E-05,-1.24E-04,2.55E-04,1.93E-04,1.61E-04,7.61E-05
1289,2.07E-04,3.36E-05,1.20E-04,2.32E-04,2.07E-04,3.79E-05,1.92E-04,1.90E-04,8.99E-05,1.05E-04,1.11E-04,5.15E-05,1.29E-04,1.39E-04,6.76E-05,-1.26E-04,2.65E-04,1.89E-04,1.71E-04,1.03E-04
1290,2.10E-04,6.56E-05,1.43E-04,2.37E-04,2.19E-04,3.88E-05,2.22E-04,2.06E-04,9.71E-05,1.10E-04,1.28E-04,6.23E-05,1.36E-04,1.44E-04,8.47E-05,-1.29E-04,2.71E-04,1.83E-04,1.79E-04,1.31E-04
1291,2.17E-04,9.86E-05,1.65E-04,2.40E-04,2.29E-04,3.94E-05,2.50E-04,2.20E-04,1.03E-04,1.14E-04,1.44E-04,7.32E-05,1.41E-04,1.48E-04,9.87E-05,-1.33E-04,2.75E-04,1.76E-04,1.84E-04,1.58E-04
1292,2.27E-04,1.32E-04,1.86E-04,2.41E-04,2.37E-04,3.96E-05,2.75E-04,2.31E-04,1.09E-04,1.17E-04,1.59E-04,8.44E-05,1.44E-04,1.50E-04,1.09E-04,-1.39E-04,2.77E-04,1.68E-04,1.86E-04,1.85E-04
1293,2.40E-04,1.64E-04,2.05E-04,2.41E-04,2.44E-04,3.91E-05,2.97E-04,2.41E-04,1.13E-04,1.19E-04,1.73E-04,9.60E-05,1.47E-04,1.51E-04,1.15E-04,-1.46E-04,2.77E-04,1.59E-04,1.86E-04,2.09E-04
1294,2.55E-04,1.94E-04,2.21E-04,2.39E-04,2.49E-04,3.79E-05,3.15E-04,2.48E-04,1.16E-04,1.21E-04,1.86E-04,1.08E-04,1.48E-04,1.50E-04,1.16E-04,-1.54E-04,2.77E-04,1.50E-04,1.83E-04,2.30E-04
1295,2.72E-04,2.22E-04,2.34E-04,2.34E-04,2.53E-04,3.58E-05,3.29E-04,2.54E-04,1.18E-04,1.21E-04,1.97E-04,1.21E-04,1.49E-04,1.48E-04,1.12E-04,-1.64E-04,2.76E-04,1.42E-04,1.77E-04,2.46E-04
1296,2.89E-04,2.46E-04,2.45E-04,2.27E-04,2.55E-04,3.27E-05,3.40E-04,2.57E-04,1.19E-04,1.21E-04,2.06E-04,1.34E-04,1.49E-04,1.44E-04,1.03E-04,-1.75E-04,2.76E-04,1.34E-04,1.69E-04,2.58E-04
1297,3.06E-04,2.66E-04,2.53E-04,2.19E-04,2.56E-04,2.86E-05,3.48E-04,2.58E-04,1.19E-04,1.20E-04,2.14E-04,1.48E-04,1.49E-04,1.40E-04,9.07E-05,-1.86E-04,2.78E-04,1.27E-04,1.59E-04,2.64E-04
1298,3.22E-04,2.83E-04,2.58E-04,2.08E-04,2.56E-04,2.36E-05,3.54E-04,2.58E-04,1.19E-04,1.18E-04,2.20E-04,1.62E-04,1.50E-04,1.36E-04,7.45E-05,-1.98E-04,2.82E-04,1.21E-04,1.48E-04,2.64E-04
1299,3.37E-04,2.95E-04,2.62E-04,1.96E-04,2.56E-04,1.78E-05,3.59E-04,2.56E-04,1.18E-04,1.16E-04,2.26E-04,1.76E-04,1.51E-04,1.32E-04,5.58E-05,-2.10E-04,2.88E-04,1.16E-04,1.36E-04,2.57E-04
1300,3.50E-04,3.04E-04,2.63E-04,1.83E-04,2.55E-04,1.13E-05,3.63E-04,2.53E-04,1.17E-04,1.14E-04,2.31E-04,1.90E-04,1.54E-04,1.28E-04,3.59E-05,-2.22E-04,2.96E-04,1.12E-04,1.25E-04,2.45E-04
1301,3.60E-04,3.09E-04,2.64E-04,1.69E-04,2.54E-04,4.26E-06,3.67E-04,2.49E-04,1.16E-04,1.13E-04,2.36E-04,2.04E-04,1.57E-04,1.24E-04,1.57E-05,-2.33E-04,3.07E-04,1.09E-04,1.14E-04,2.27E-04
1302,3.68E-04,3.12E-04,2.63E-04,1.54E-04,2.54E-04,-3.01E-06,3.72E-04,2.46E-04,1.16E-04,1.11E-04,2.41E-04,2.18E-04,1.61E-04,1.21E-04,-3.34E-06,-2.42E-04,3.20E-04,1.06E-04,1.04E-04,2.04E-04
1303,3.73E-04,3.12E-04,2.63E-04,1.39E-04,2.54E-04,-1.03E-05,3.78E-04,2.42E-04,1.15E-04,1.10E-04,2.46E-04,2.30E-04,1.67E-04,1.19E-04,-2.03E-05,-2.50E-04,3.34E-04,1.04E-04,9.59E-05,1.78E-04
1304,3.76E-04,3.12E-04,2.63E-04,1.24E-04,2.55E-04,-1.73E-05,3.87E-04,2.39E-04,1.16E-04,1.10E-04,2.53E-04,2.41E-04,1.74E-04,1.19E-04,-3.43E-05,-2.56E-04,3.49E-04,1.02E-04,8.94E-05,1.49E-04
1305,3.77E-04,3.12E-04,2.64E-04,1.10E-04,2.58E-04,-2.39E-05,3.97E-04,2.36E-04,1.17E-04,1.11E-04,2.60E-04,2.52E-04,1.81E-04,1.19E-04,-4.46E-05,-2.59E-04,3.63E-04,9.95E-05,8.47E-05,1.19E-04
1306,3.76E-04,3.13E-04,2.66E-04,9.66E-05,2.61E-04,-2.97E-05,4.10E-04,2.34E-04,1.19E-04,1.12E-04,2.69E-04,2.60E-04,1.89E-04,1.20E-04,-5.07E-05,-2.60E-04,3.77E-04,9.65E-05,8.19E-05,8.94E-05
1307,3.74E-04,3.16E-04,2.70E-04,8.41E-05,2.65E-04,-3.46E-05,4.25E-04,2.33E-04,1.21E-04,1.14E-04,2.79E-04,2.68E-04,1.97E-04,1.23E-04,-5.27E-05,-2.58E-04,3.89E-04,9.28E-05,8.09E-05,6.20E-05
1308,3.71E-04,3.21E-04,2.76E-04,7.27E-05,2.70E-04,-3.84E-05,4.43E-04,2.33E-04,1.25E-04,1.18E-04,2.90E-04,2.74E-04,2.04E-04,1.26E-04,-5.07E-05,-2.53E-04,3.98E-04,8.83E-05,8.15E-05,3.82E-05
1309,3.67E-04,3.28E-04,2.83E-04,6.23E-05,2.76E-04,-4.10E-05,4.62E-04,2.35E-04,1.29E-04,1.22E-04,3.02E-04,2.79E-04,2.11E-04,1.30E-04,-4.51E-05,-2.46E-04,4.05E-04,8.28E-05,8.35E-05,1.92E-05
1310,3.64E-04,3.38E-04,2.91E-04,5.30E-05,2.82E-04,-4.25E-05,4.83E-04,2.37E-04,1.33E-04,1.27E-04,3.15E-04,2.84E-04,2.16E-04,1.34E-04,-3.68E-05,-2.36E-04,4.08E-04,7.63E-05,8.65E-05,5.99E-06
1311,3.60E-04,3.51E-04,3.01E-04,4.45E-05,2.89E-04,-4.28E-05,5.05E-04,2.40E-04,1.38E-04,1.32E-04,3.28E-04,2.87E-04,2.19E-04,1.38E-04,-2.66E-05,-2.24E-04,4.08E-04,6.91E-05,9.03E-05,-6.62E-07
1312,3.56E-04,3.66E-04,3.12E-04,3.66E-05,2.95E-04,-4.21E-05,5.28E-04,2.44E-04,1.43E-04,1.38E-04,3.40E-04,2.90E-04,2.21E-04,1.43E-04,-1.57E-05,-2.11E-04,4.05E-04,6.12E-05,9.44E-05,-4.20E-07
1313,3.52E-04,3.83E-04,3.24E-04,2.90E-05,3.01E-04,-4.06E-05,5.50E-04,2.49E-04,1.48E-04,1.45E-04,3.53E-04,2.93E-04,2.19E-04,1.46E-04,-5.06E-06,-1.97E-04,3.98E-04,5.28E-05,9.86E-05,6.69E-06
1314,3.47E-04,4.01E-04,3.36E-04,2.14E-05,3.06E-04,-3.84E-05,5.71E-04,2.54E-04,1.53E-04,1.51E-04,3.64E-04,2.95E-04,2.16E-04,1.50E-04,4.14E-06,-1.82E-04,3.89E-04,4.42E-05,1.03E-04,2.02E-05
1315,3.42E-04,4.20E-04,3.47E-04,1.34E-05,3.10E-04,-3.59E-05,5.92E-04,2.58E-04,1.57E-04,1.57E-04,3.73E-04,2.97E-04,2.10E-04,1.52E-04,1.09E-05,-1.68E-04,3.77E-04,3.54E-05,1.06E-04,3.95E-05
1316,3.35E-04,4.38E-04,3.58E-04,4.63E-06,3.12E-04,-3.33E-05,6.10E-04,2.62E-04,1.61E-04,1.63E-04,3.81E-04,2.99E-04,2.01E-04,1.52E-04,1.45E-05,-1.54E-04,3.64E-04,2.68E-05,1.09E-04,6.33E-05
1317,3.26E-04,4.54E-04,3.68E-04,-5.25E-06,3.13E-04,-3.09E-05,6.26E-04,2.64E-04,1.63E-04,1.68E-04,3.86E-04,3.00E-04,1.90E-04,1.51E-04,1.42E-05,-1.42E-04,3.50E-04,1.84E-05,1.11E-04,9.04E-05
1318,3.15E-04,4.69E-04,3.75E-04,-1.65E-05,3.12E-04,-2.91E-05,6.39E-04,2.65E-04,1.64E-04,1.73E-04,3.88E-04,3.00E-04,1.77E-04,1.49E-04,9.83E-06,-1.31E-04,3.35E-04,1.02E-05,1.12E-04,1.19E-04
1319,3.01E-04,4.81E-04,3.81E-04,-2.94E-05,3.09E-04,-2.81E-05,6.50E-04,2.65E-04,1.65E-04,1.77E-04,3.88E-04,3.00E-04,1.63E-04,1.45E-04,1.23E-06,-1.23E-04,3.20E-04,2.23E-06,1.11E-04,1.49E-04
1320,2.85E-04,4.90E-04,3.85E-04,-4.40E-05,3.04E-04,-2.81E-05,6.56E-04,2.62E-04,1.63E-04,1.80E-04,3.86E-04,2.98E-04,1.47E-04,1.39E-04,-1.13E-05,-1.17E-04,3.06E-04,-5.68E-06,1.10E-04,1.77E-04
1321,2.65E-04,4.95E-04,3.86E-04,-6.04E-05,2.98E-04,-2.93E-05,6.60E-04,2.57E-04,1.61E-04,1.81E-04,3.81E-04,2.95E-04,1.31E-04,1.31E-04,-2.74E-05,-1.14E-04,2.92E-04,-1.37E-05,1.07E-04,2.02E-04
1322,2.44E-04,4.98E-04,3.84E-04,-7.85E-05,2.91E-04,-3.18E-05,6.60E-04,2.50E-04,1.57E-04,1.82E-04,3.73E-04,2.89E-04,1.14E-04,1.21E-04,-4.61E-05,-1.13E-04,2.79E-04,-2.22E-05,1.03E-04,2.24E-04
1323,2.20E-04,4.96E-04,3.81E-04,-9.81E-05,2.82E-04,-3.57E-05,6.56E-04,2.40E-04,1.51E-04,1.81E-04,3.64E-04,2.82E-04,9.71E-05,1.09E-04,-6.68E-05,-1.15E-04,2.66E-04,-3.14E-05,9.70E-05,2.40E-04
1324,1.95E-04,4.92E-04,3.75E-04,-1.19E-04,2.72E-04,-4.09E-05,6.49E-04,2.28E-04,1.45E-04,1.80E-04,3.53E-04,2.72E-04,8.10E-05,9.65E-05,-8.84E-05,-1.19E-04,2.54E-04,-4.18E-05,9.00E-05,2.51E-04
1325,1.69E-04,4.86E-04,3.68E-04,-1.41E-04,2.62E-04,-4.74E-05,6.39E-04,2.14E-04,1.38E-04,1.77E-04,3.40E-04,2.60E-04,6.57E-05,8.24E-05,-1.10E-04,-1.25E-04,2.42E-04,-5.35E-05,8.16E-05,2.56E-04
1326,1.42E-04,4.77E-04,3.59E-04,-1.63E-04,2.52E-04,-5.49E-05,6.25E-04,1.98E-04,1.30E-04,1.73E-04,3.27E-04,2.45E-04,5.15E-05,6.73E-05,-1.30E-04,-1.33E-04,2.29E-04,-6.70E-05,7.20E-05,2.55E-04
1327,1.16E-04,4.68E-04,3.50E-04,-1.85E-04,2.41E-04,-6.31E-05,6.09E-04,1.80E-04,1.21E-04,1.69E-04,3.13E-04,2.28E-04,3.84E-05,5.17E-05,-1.49E-04,-1.42E-04,2.16E-04,-8.25E-05,6.12E-05,2.48E-04
1328,9.09E-05,4.58E-04,3.40E-04,-2.06E-04,2.31E-04,-7.20E-05,5.90E-04,1.61E-04,1.12E-04,1.64E-04,2.98E-04,2.09E-04,2.66E-05,3.58E-05,-1.65E-04,-1.52E-04,2.01E-04,-1.00E-04,4.95E-05,2.34E-04
1329,6.72E-05,4.48E-04,3.30E-04,-2.27E-04,2.22E-04,-8.10E-05,5.69E-04,1.41E-04,1.03E-04,1.59E-04,2.84E-04,1.88E-04,1.60E-05,1.98E-05,-1.78E-04,-1.62E-04,1.85E-04,-1.20E-04,3.70E-05,2.16E-04
1330,4.52E-05,4.38E-04,3.20E-04,-2.46E-04,2.13E-04,-9.01E-05,5.47E-04,1.20E-04,9.41E-05,1.53E-04,2.69E-04,1.66E-04,6.48E-06,4.23E-06,-1.88E-04,-1.72E-04,1.67E-04,-1.41E-04,2.40E-05,1.93E-04
1331,2.53E-05,4.29E-04,3.11E-04,-2.62E-04,2.06E-04,-9.87E-05,5.24E-04,9.93E-05,8.54E-05,1.47E-04,2.54E-04,1.43E-04,-2.05E-06,-1.08E-05,-1.95E-04,-1.81E-04,1.46E-04,-1.64E-04,1.10E-05,1.66E-04
1332,7.33E-06,4.21E-04,3.03E-04,-2.77E-04,1.99E-04,-1.07E-04,5.00E-04,7.89E-05,7.70E-05,1.41E-04,2.40E-04,1.19E-04,-9.85E-06,-2.50E-05,-1.99E-04,-1.89E-04,1.23E-04,-1.89E-04,-1.86E-06,1.36E-04
1333,-8.81E-06,4.15E-04,2.96E-04,-2.90E-04,1.93E-04,-1.14E-04,4.76E-04,5.90E-05,6.92E-05,1.36E-04,2.25E-04,9.52E-05,-1.72E-05,-3.82E-05,-2.01E-04,-1.97E-04,9.82E-05,-2.15E-04,-1.40E-05,1.03E-04
1334,-2.35E-05,4.09E-04,2.90E-04,-3.00E-04,1.88E-04,-1.20E-04,4.53E-04,4.01E-05,6.19E-05,1.30E-04,2.10E-04,7.20E-05,-2.43E-05,-5.03E-05,-2.01E-04,-2.03E-04,7.11E-05,-2.41E-04,-2.50E-05,6.99E-05
1335,-3.74E-05,4.03E-04,2.85E-04,-3.07E-04,1.83E-04,-1.25E-04,4.31E-04,2.21E-05,5.51E-05,1.25E-04,1.94E-04,4.95E-05,-3.15E-05,-6.12E-05,-2.01E-04,-2.08E-04,4.21E-05,-2.66E-04,-3.46E-05,3.59E-05
1336,-5.09E-05,3.97E-04,2.81E-04,-3.13E-04,1.79E-04,-1.29E-04,4.10E-04,5.29E-06,4.88E-05,1.20E-04,1.78E-04,2.79E-05,-3.90E-05,-7.12E-05,-2.00E-04,-2.11E-04,1.17E-05,-2.91E-04,-4.23E-05,1.97E-06
1337,-6.48E-05,3.91E-04,2.78E-04,-3.16E-04,1.76E-04,-1.32E-04,3.91E-04,-1.04E-05,4.29E-05,1.16E-04,1.61E-04,7.36E-06,-4.71E-05,-8.01E-05,-2.00E-04,-2.13E-04,-1.99E-05,-3.14E-04,-4.80E-05,-3.12E-05
1338,-7.97E-05,3.83E-04,2.76E-04,-3.18E-04,1.73E-04,-1.34E-04,3.73E-04,-2.52E-05,3.73E-05,1.12E-04,1.43E-04,-1.22E-05,-5.60E-05,-8.83E-05,-2.01E-04,-2.15E-04,-5.23E-05,-3.36E-04,-5.15E-05,-6.30E-05
1339,-9.62E-05,3.74E-04,2.73E-04,-3.19E-04,1.69E-04,-1.35E-04,3.57E-04,-3.91E-05,3.18E-05,1.08E-04,1.25E-04,-3.10E-05,-6.58E-05,-9.60E-05,-2.05E-04,-2.16E-04,-8.50E-05,-3.55E-04,-5.28E-05,-9.31E-05
1340,-1.15E-04,3.62E-04,2.70E-04,-3.20E-04,1.65E-04,-1.36E-04,3.43E-04,-5.24E-05,2.62E-05,1.04E-04,1.05E-04,-4.91E-05,-7.66E-05,-1.04E-04,-2.11E-04,-2.16E-04,-1.18E-04,-3.71E-04,-5.21E-05,-1.21E-04
1341,-1.35E-04,3.47E-04,2.67E-04,-3.21E-04,1.61E-04,-1.36E-04,3.30E-04,-6.54E-05,2.05E-05,1.01E-04,8.34E-05,-6.71E-05,-8.84E-05,-1.11E-04,-2.19E-04,-2.16E-04,-1.51E-04,-3.85E-04,-4.96E-05,-1.46E-04
1342,-1.58E-04,3.30E-04,2.61E-04,-3.22E-04,1.56E-04,-1.36E-04,3.18E-04,-7.85E-05,1.43E-05,9.68E-05,6.13E-05,-8.51E-05,-1.01E-04,-1.19E-04,-2.31E-04,-2.16E-04,-1.83E-04,-3.96E-04,-4.59E-05,-1.69E-04
1343,-1.84E-04,3.09E-04,2.55E-04,-3.24E-04,1.50E-04,-1.37E-04,3.06E-04,-9.20E-05,7.59E-06,9.27E-05,3.83E-05,-1.04E-04,-1.15E-04,-1.28E-04,-2.45E-04,-2.17E-04,-2.15E-04,-4.04E-04,-4.16E-05,-1.88E-04
1344,-2.11E-04,2.85E-04,2.46E-04,-3.27E-04,1.43E-04,-1.38E-04,2.95E-04,-1.06E-04,1.73E-07,8.82E-05,1.47E-05,-1.23E-04,-1.30E-04,-1.38E-04,-2.62E-04,-2.19E-04,-2.47E-04,-4.11E-04,-3.74E-05,-2.03E-04
1345,-2.39E-04,2.59E-04,2.36E-04,-3.33E-04,1.35E-04,-1.40E-04,2.83E-04,-1.21E-04,-8.06E-06,8.32E-05,-9.29E-06,-1.43E-04,-1.45E-04,-1.49E-04,-2.81E-04,-2.22E-04,-2.78E-04,-4.16E-04,-3.40E-05,-2.14E-04
1346,-2.68E-04,2.31E-04,2.23E-04,-3.40E-04,1.25E-04,-1.43E-04,2.69E-04,-1.38E-04,-1.72E-05,7.75E-05,-3.34E-05,-1.65E-04,-1.61E-04,-1.62E-04,-3.01E-04,-2.26E-04,-3.09E-04,-4.19E-04,-3.23E-05,-2.21E-04
1347,-2.97E-04,2.01E-04,2.08E-04,-3.50E-04,1.15E-04,-1.48E-04,2.54E-04,-1.55E-04,-2.72E-05,7.11E-05,-5.73E-05,-1.88E-04,-1.78E-04,-1.76E-04,-3.23E-04,-2.31E-04,-3.39E-04,-4.23E-04,-3.31E-05,-2.24E-04
1348,-3.26E-04,1.70E-04,1.91E-04,-3.61E-04,1.02E-04,-1.53E-04,2.37E-04,-1.74E-04,-3.82E-05,6.38E-05,-8.08E-05,-2.12E-04,-1.94E-04,-1.92E-04,-3.44E-04,-2.37E-04,-3.69E-04,-4.27E-04,-3.69E-05,-2.22E-04
1349,-3.52E-04,1.39E-04,1.72E-04,-3.74E-04,8.89E-05,-1.60E-04,2.17E-04,-1.95E-04,-5.00E-05,5.58E-05,-1.04E-04,-2.37E-04,-2.10E-04,-2.10E-04,-3.64E-04,-2.45E-04,-3.99E-04,-4.32E-04,-4.45E-05,-2.15E-04
1350,-3.77E-04,1.08E-04,1.51E-04,-3.89E-04,7.39E-05,-1.69E-04,1.95E-04,-2.17E-04,-6.26E-05,4.70E-05,-1.26E-04,-2.63E-04,-2.26E-04,-2.29E-04,-3.84E-04,-2.55E-04,-4.29E-04,-4.39E-04,-5.61E-05,-2.04E-04
1351,-3.99E-04,7.86E-05,1.29E-04,-4.05E-04,5.75E-05,-1.78E-04,1.70E-04,-2.39E-04,-7.59E-05,3.74E-05,-1.47E-04,-2.88E-04,-2.42E-04,-2.49E-04,-4.02E-04,-2.65E-04,-4.58E-04,-4.47E-04,-7.18E-05,-1.89E-04
1352,-4.19E-04,5.08E-05,1.06E-04,-4.22E-04,3.98E-05,-1.89E-04,1.42E-04,-2.63E-04,-8.97E-05,2.71E-05,-1.67E-04,-3.14E-04,-2.57E-04,-2.71E-04,-4.18E-04,-2.77E-04,-4.87E-04,-4.59E-04,-9.16E-05,-1.70E-04
1353,-4.36E-04,2.51E-05,8.20E-05,-4.39E-04,2.08E-05,-2.01E-04,1.11E-04,-2.88E-04,-1.04E-04,1.64E-05,-1.86E-04,-3.38E-04,-2.71E-04,-2.92E-04,-4.32E-04,-2.89E-04,-5.15E-04,-4.73E-04,-1.15E-04,-1.48E-04
1354,-4.50E-04,1.45E-06,5.79E-05,-4.56E-04,5.66E-07,-2.14E-04,7.85E-05,-3.13E-04,-1.18E-04,5.20E-06,-2.04E-04,-3.61E-04,-2.84E-04,-3.14E-04,-4.44E-04,-3.02E-04,-5.41E-04,-4.89E-04,-1.42E-04,-1.24E-04
1355,-4.62E-04,-2.00E-05,3.39E-05,-4.72E-04,-2.07E-05,-2.27E-04,4.38E-05,-3.38E-04,-1.33E-04,-6.23E-06,-2.22E-04,-3.82E-04,-2.96E-04,-3.35E-04,-4.53E-04,-3.15E-04,-5.67E-04,-5.08E-04,-1.70E-04,-9.92E-05
1356,-4.73E-04,-3.96E-05,1.03E-05,-4.87E-04,-4.29E-05,-2.40E-04,7.61E-06,-3.63E-04,-1.47E-04,-1.77E-05,-2.39E-04,-4.01E-04,-3.07E-04,-3.56E-04,-4.61E-04,-3.29E-04,-5.91E-04,-5.28E-04,-2.01E-04,-7.38E-05
1357,-4.82E-04,-5.77E-05,-1.25E-05,-4.99E-04,-6.59E-05,-2.53E-04,-2.96E-05,-3.87E-04,-1.61E-04,-2.92E-05,-2.55E-04,-4.17E-04,-3.17E-04,-3.76E-04,-4.67E-04,-3.42E-04,-6.13E-04,-5.50E-04,-2.31E-04,-4.92E-05
1358,-4.91E-04,-7.47E-05,-3.45E-05,-5.10E-04,-8.95E-05,-2.66E-04,-6.72E-05,-4.10E-04,-1.74E-04,-4.04E-05,-2.72E-04,-4.31E-04,-3.27E-04,-3.94E-04,-4.71E-04,-3.54E-04,-6.34E-04,-5.72E-04,-2.61E-04,-2.65E-05
1359,-5.00E-04,-9.12E-05,-5.54E-05,-5.19E-04,-1.13E-04,-2.79E-04,-1.05E-04,-4.33E-04,-1.88E-04,-5.13E-05,-2.88E-04,-4.41E-04,-3.35E-04,-4.11E-04,-4.74E-04,-3.66E-04,-6.52E-04,-5.94E-04,-2.89E-04,-6.77E-06
1360,-5.09E-04,-1.08E-04,-7.51E-05,-5.25E-04,-1.38E-04,-2.91E-04,-1.42E-04,-4.54E-04,-2.00E-04,-6.18E-05,-3.03E-04,-4.49E-04,-3.43E-04,-4.25E-04,-4.76E-04,-3.77E-04,-6.69E-04,-6.14E-04,-3.15E-04,9.12E-06
1361,-5.20E-04,-1.25E-04,-9.37E-05,-5.28E-04,-1.62E-04,-3.02E-04,-1.79E-04,-4.74E-04,-2.12E-04,-7.16E-05,-3.19E-04,-4.55E-04,-3.50E-04,-4.38E-04,-4.78E-04,-3.87E-04,-6.84E-04,-6.33E-04,-3.37E-04,2.04E-05
1362,-5.32E-04,-1.44E-04,-1.11E-04,-5.30E-04,-1.85E-04,-3.12E-04,-2.15E-04,-4.93E-04,-2.23E-04,-8.09E-05,-3.35E-04,-4.59E-04,-3.57E-04,-4.48E-04,-4.79E-04,-3.95E-04,-6.97E-04,-6.48E-04,-3.54E-04,2.67E-05
1363,-5.45E-04,-1.64E-04,-1.28E-04,-5.29E-04,-2.09E-04,-3.21E-04,-2.50E-04,-5.10E-04,-2.33E-04,-8.95E-05,-3.51E-04,-4.62E-04,-3.64E-04,-4.57E-04,-4.80E-04,-4.02E-04,-7.09E-04,-6.60E-04,-3.68E-04,2.75E-05
1364,-5.58E-04,-1.86E-04,-1.44E-04,-5.26E-04,-2.31E-04,-3.28E-04,-2.85E-04,-5.26E-04,-2.43E-04,-9.75E-05,-3.66E-04,-4.64E-04,-3.71E-04,-4.63E-04,-4.81E-04,-4.08E-04,-7.21E-04,-6.68E-04,-3.76E-04,2.29E-05
1365,-5.73E-04,-2.09E-04,-1.59E-04,-5.22E-04,-2.53E-04,-3.35E-04,-3.18E-04,-5.41E-04,-2.52E-04,-1.05E-04,-3.81E-04,-4.66E-04,-3.78E-04,-4.68E-04,-4.82E-04,-4.12E-04,-7.32E-04,-6.72E-04,-3.81E-04,1.31E-05
1366,-5.87E-04,-2.35E-04,-1.74E-04,-5.17E-04,-2.73E-04,-3.40E-04,-3.51E-04,-5.54E-04,-2.61E-04,-1.12E-04,-3.96E-04,-4.68E-04,-3.86E-04,-4.72E-04,-4.82E-04,-4.14E-04,-7.43E-04,-6.72E-04,-3.82E-04,-1.37E-06
1367,-6.01E-04,-2.61E-04,-1.88E-04,-5.12E-04,-2.93E-04,-3.45E-04,-3.84E-04,-5.67E-04,-2.69E-04,-1.18E-04,-4.10E-04,-4.71E-04,-3.94E-04,-4.74E-04,-4.83E-04,-4.15E-04,-7.55E-04,-6.68E-04,-3.79E-04,-1.99E-05
1368,-6.13E-04,-2.89E-04,-2.02E-04,-5.07E-04,-3.11E-04,-3.49E-04,-4.15E-04,-5.78E-04,-2.76E-04,-1.24E-04,-4.22E-04,-4.75E-04,-4.03E-04,-4.76E-04,-4.82E-04,-4.15E-04,-7.67E-04,-6.60E-04,-3.74E-04,-4.16E-05
1369,-6.23E-04,-3.16E-04,-2.17E-04,-5.02E-04,-3.29E-04,-3.51E-04,-4.47E-04,-5.89E-04,-2.84E-04,-1.29E-04,-4.34E-04,-4.80E-04,-4.12E-04,-4.77E-04,-4.82E-04,-4.14E-04,-7.80E-04,-6.49E-04,-3.68E-04,-6.56E-05
1370,-6.30E-04,-3.44E-04,-2.31E-04,-4.98E-04,-3.45E-04,-3.53E-04,-4.78E-04,-5.99E-04,-2.91E-04,-1.34E-04,-4.44E-04,-4.87E-04,-4.22E-04,-4.78E-04,-4.80E-04,-4.12E-04,-7.94E-04,-6.36E-04,-3.61E-04,-9.06E-05
1371,-6.34E-04,-3.70E-04,-2.46E-04,-4.95E-04,-3.61E-04,-3.55E-04,-5.08E-04,-6.09E-04,-2.98E-04,-1.39E-04,-4.53E-04,-4.96E-04,-4.33E-04,-4.80E-04,-4.78E-04,-4.09E-04,-8.09E-04,-6.22E-04,-3.55E-04,-1.16E-04
1372,-6.34E-04,-3.94E-04,-2.62E-04,-4.93E-04,-3.76E-04,-3.56E-04,-5.38E-04,-6.18E-04,-3.05E-04,-1.44E-04,-4.60E-04,-5.06E-04,-4.44E-04,-4.82E-04,-4.76E-04,-4.06E-04,-8.25E-04,-6.07E-04,-3.50E-04,-1.40E-04
1373,-6.30E-04,-4.16E-04,-2.78E-04,-4.94E-04,-3.91E-04,-3.56E-04,-5.66E-04,-6.27E-04,-3.12E-04,-1.48E-04,-4.67E-04,-5.18E-04,-4.55E-04,-4.85E-04,-4.73E-04,-4.02E-04,-8.40E-04,-5.93E-04,-3.48E-04,-1.63E-04
1374,-6.23E-04,-4.35E-04,-2.94E-04,-4.96E-04,-4.05E-04,-3.57E-04,-5.93E-04,-6.35E-04,-3.19E-04,-1.53E-04,-4.73E-04,-5.31E-04,-4.66E-04,-4.88E-04,-4.69E-04,-3.99E-04,-8.55E-04,-5.80E-04,-3.47E-04,-1.83E-04
1375,-6.12E-04,-4.51E-04,-3.11E-04,-4.99E-04,-4.20E-04,-3.57E-04,-6.17E-04,-6.44E-04,-3.26E-04,-1.57E-04,-4.77E-04,-5.45E-04,-4.77E-04,-4.93E-04,-4.66E-04,-3.96E-04,-8.69E-04,-5.70E-04,-3.49E-04,-2.01E-04
1376,-5.98E-04,-4.64E-04,-3.28E-04,-5.04E-04,-4.34E-04,-3.58E-04,-6.40E-04,-6.52E-04,-3.33E-04,-1.62E-04,-4.82E-04,-5.60E-04,-4.88E-04,-4.98E-04,-4.62E-04,-3.93E-04,-8.80E-04,-5.63E-04,-3.54E-04,-2.16E-04
1377,-5.82E-04,-4.74E-04,-3.46E-04,-5.11E-04,-4.50E-04,-3.58E-04,-6.59E-04,-6.61E-04,-3.41E-04,-1.67E-04,-4.86E-04,-5.75E-04,-4.98E-04,-5.03E-04,-4.58E-04,-3.90E-04,-8.89E-04,-5.59E-04,-3.61E-04,-2.28E-04
1378,-5.66E-04,-4.82E-04,-3.64E-04,-5.18E-04,-4.66E-04,-3.59E-04,-6.75E-04,-6.70E-04,-3.49E-04,-1.72E-04,-4.90E-04,-5.90E-04,-5.07E-04,-5.10E-04,-4.55E-04,-3.88E-04,-8.95E-04,-5.59E-04,-3.70E-04,-2.38E-04
1379,-5.49E-04,-4.88E-04,-3.83E-04,-5.26E-04,-4.82E-04,-3.60E-04,-6.88E-04,-6.80E-04,-3.57E-04,-1.76E-04,-4.95E-04,-6.04E-04,-5.14E-04,-5.17E-04,-4.52E-04,-3.86E-04,-8.97E-04,-5.62E-04,-3.79E-04,-2.46E-04
1380,-5.33E-04,-4.93E-04,-4.01E-04,-5.34E-04,-5.00E-04,-3.61E-04,-6.97E-04,-6.90E-04,-3.65E-04,-1.81E-04,-5.01E-04,-6.19E-04,-5.20E-04,-5.23E-04,-4.50E-04,-3.85E-04,-8.96E-04,-5.69E-04,-3.89E-04,-2.52E-04
1381,-5.19E-04,-4.97E-04,-4.20E-04,-5.42E-04,-5.18E-04,-3.63E-04,-7.03E-04,-7.00E-04,-3.74E-04,-1.86E-04,-5.07E-04,-6.32E-04,-5.25E-04,-5.30E-04,-4.48E-04,-3.84E-04,-8.90E-04,-5.79E-04,-3.98E-04,-2.57E-04
1382,-5.08E-04,-5.02E-04,-4.40E-04,-5.49E-04,-5.36E-04,-3.65E-04,-7.06E-04,-7.11E-04,-3.83E-04,-1.91E-04,-5.15E-04,-6.45E-04,-5.28E-04,-5.37E-04,-4.47E-04,-3.84E-04,-8.81E-04,-5.90E-04,-4.06E-04,-2.62E-04
1383,-4.99E-04,-5.08E-04,-4.59E-04,-5.55E-04,-5.55E-04,-3.67E-04,-7.06E-04,-7.23E-04,-3.92E-04,-1.96E-04,-5.23E-04,-6.57E-04,-5.29E-04,-5.42E-04,-4.47E-04,-3.83E-04,-8.68E-04,-6.04E-04,-4.12E-04,-2.67E-04
1384,-4.94E-04,-5.15E-04,-4.78E-04,-5.60E-04,-5.73E-04,-3.69E-04,-7.04E-04,-7.35E-04,-4.01E-04,-2.01E-04,-5.32E-04,-6.68E-04,-5.28E-04,-5.47E-04,-4.47E-04,-3.82E-04,-8.53E-04,-6.18E-04,-4.14E-04,-2.73E-04
1385,-4.93E-04,-5.25E-04,-4.96E-04,-5.63E-04,-5.91E-04,-3.72E-04,-7.02E-04,-7.47E-04,-4.09E-04,-2.06E-04,-5.42E-04,-6.78E-04,-5.26E-04,-5.51E-04,-4.48E-04,-3.80E-04,-8.35E-04,-6.32E-04,-4.14E-04,-2.79E-04
1386,-4.94E-04,-5.38E-04,-5.15E-04,-5.64E-04,-6.09E-04,-3.74E-04,-6.99E-04,-7.60E-04,-4.18E-04,-2.11E-04,-5.52E-04,-6.87E-04,-5.23E-04,-5.54E-04,-4.49E-04,-3.78E-04,-8.16E-04,-6.44E-04,-4.10E-04,-2.86E-04
1387,-4.98E-04,-5.54E-04,-5.33E-04,-5.62E-04,-6.25E-04,-3.76E-04,-6.97E-04,-7.72E-04,-4.26E-04,-2.16E-04,-5.62E-04,-6.95E-04,-5.18E-04,-5.55E-04,-4.49E-04,-3.76E-04,-7.96E-04,-6.55E-04,-4.03E-04,-2.93E-04
1388,-5.05E-04,-5.72E-04,-5.49E-04,-5.59E-04,-6.40E-04,-3.78E-04,-6.97E-04,-7.85E-04,-4.34E-04,-2.20E-04,-5.71E-04,-7.02E-04,-5.12E-04,-5.55E-04,-4.50E-04,-3.72E-04,-7.77E-04,-6.63E-04,-3.94E-04,-3.01E-04
1389,-5.13E-04,-5.93E-04,-5.65E-04,-5.53E-04,-6.53E-04,-3.79E-04,-6.99E-04,-7.96E-04,-4.42E-04,-2.24E-04,-5.80E-04,-7.08E-04,-5.05E-04,-5.54E-04,-4.49E-04,-3.68E-04,-7.59E-04,-6.67E-04,-3.82E-04,-3.08E-04
1390,-5.21E-04,-6.15E-04,-5.80E-04,-5.45E-04,-6.64E-04,-3.79E-04,-7.04E-04,-8.07E-04,-4.48E-04,-2.28E-04,-5.87E-04,-7.13E-04,-4.98E-04,-5.52E-04,-4.48E-04,-3.62E-04,-7.44E-04,-6.68E-04,-3.68E-04,-3.15E-04
1391,-5.29E-04,-6.38E-04,-5.93E-04,-5.35E-04,-6.73E-04,-3.79E-04,-7.13E-04,-8.17E-04,-4.54E-04,-2.31E-04,-5.93E-04,-7.16E-04,-4.90E-04,-5.48E-04,-4.46E-04,-3.55E-04,-7.31E-04,-6.66E-04,-3.53E-04,-3.20E-04
1392,-5.35E-04,-6.62E-04,-6.05E-04,-5.24E-04,-6.80E-04,-3.78E-04,-7.25E-04,-8.25E-04,-4.59E-04,-2.33E-04,-5.97E-04,-7.17E-04,-4.82E-04,-5.43E-04,-4.43E-04,-3.47E-04,-7.21E-04,-6.60E-04,-3.39E-04,-3.22E-04
1393,-5.39E-04,-6.85E-04,-6.15E-04,-5.11E-04,-6.84E-04,-3.76E-04,-7.41E-04,-8.31E-04,-4.63E-04,-2.35E-04,-5.99E-04,-7.16E-04,-4.74E-04,-5.37E-04,-4.40E-04,-3.38E-04,-7.14E-04,-6.50E-04,-3.25E-04,-3.22E-04
1394,-5.41E-04,-7.07E-04,-6.23E-04,-4.98E-04,-6.86E-04,-3.72E-04,-7.59E-04,-8.36E-04,-4.66E-04,-2.36E-04,-5.98E-04,-7.12E-04,-4.66E-04,-5.30E-04,-4.36E-04,-3.29E-04,-7.09E-04,-6.38E-04,-3.13E-04,-3.19E-04
1395,-5.40E-04,-7.26E-04,-6.29E-04,-4.83E-04,-6.86E-04,-3.68E-04,-7.80E-04,-8.38E-04,-4.68E-04,-2.36E-04,-5.96E-04,-7.06E-04,-4.59E-04,-5.23E-04,-4.31E-04,-3.18E-04,-7.08E-04,-6.22E-04,-3.03E-04,-3.12E-04
1396,-5.36E-04,-7.41E-04,-6.34E-04,-4.69E-04,-6.85E-04,-3.62E-04,-8.03E-04,-8.39E-04,-4.70E-04,-2.36E-04,-5.91E-04,-6.97E-04,-4.52E-04,-5.15E-04,-4.27E-04,-3.08E-04,-7.08E-04,-6.05E-04,-2.95E-04,-3.02E-04
1397,-5.29E-04,-7.53E-04,-6.37E-04,-4.55E-04,-6.81E-04,-3.55E-04,-8.25E-04,-8.38E-04,-4.70E-04,-2.34E-04,-5.85E-04,-6.86E-04,-4.46E-04,-5.07E-04,-4.22E-04,-2.96E-04,-7.10E-04,-5.87E-04,-2.89E-04,-2.88E-04
1398,-5.20E-04,-7.60E-04,-6.38E-04,-4.42E-04,-6.77E-04,-3.48E-04,-8.46E-04,-8.34E-04,-4.70E-04,-2.31E-04,-5.77E-04,-6.72E-04,-4.40E-04,-4.99E-04,-4.19E-04,-2.85E-04,-7.11E-04,-5.68E-04,-2.87E-04,-2.71E-04
1399,-5.08E-04,-7.63E-04,-6.39E-04,-4.29E-04,-6.72E-04,-3.39E-04,-8.66E-04,-8.30E-04,-4.69E-04,-2.28E-04,-5.68E-04,-6.55E-04,-4.35E-04,-4.91E-04,-4.16E-04,-2.73E-04,-7.12E-04,-5.49E-04,-2.86E-04,-2.52E-04
1400,-4.96E-04,-7.62E-04,-6.38E-04,-4.18E-04,-6.67E-04,-3.29E-04,-8.82E-04,-8.24E-04,-4.67E-04,-2.23E-04,-5.59E-04,-6.36E-04,-4.30E-04,-4.83E-04,-4.15E-04,-2.62E-04,-7.12E-04,-5.31E-04,-2.87E-04,-2.31E-04
1401,-4.83E-04,-7.56E-04,-6.37E-04,-4.09E-04,-6.62E-04,-3.19E-04,-8.93E-04,-8.17E-04,-4.66E-04,-2.18E-04,-5.50E-04,-6.15E-04,-4.26E-04,-4.76E-04,-4.15E-04,-2.51E-04,-7.10E-04,-5.13E-04,-2.89E-04,-2.10E-04
1402,-4.71E-04,-7.47E-04,-6.36E-04,-4.01E-04,-6.58E-04,-3.09E-04,-8.99E-04,-8.10E-04,-4.64E-04,-2.12E-04,-5.42E-04,-5.93E-04,-4.22E-04,-4.69E-04,-4.17E-04,-2.40E-04,-7.05E-04,-4.97E-04,-2.92E-04,-1.88E-04
1403,-4.61E-04,-7.35E-04,-6.35E-04,-3.94E-04,-6.54E-04,-2.99E-04,-9.00E-04,-8.03E-04,-4.63E-04,-2.06E-04,-5.34E-04,-5.71E-04,-4.19E-04,-4.64E-04,-4.21E-04,-2.30E-04,-6.98E-04,-4.83E-04,-2.94E-04,-1.68E-04
1404,-4.52E-04,-7.21E-04,-6.35E-04,-3.90E-04,-6.52E-04,-2.89E-04,-8.95E-04,-7.96E-04,-4.62E-04,-2.00E-04,-5.28E-04,-5.48E-04,-4.16E-04,-4.59E-04,-4.27E-04,-2.20E-04,-6.87E-04,-4.71E-04,-2.96E-04,-1.50E-04
1405,-4.46E-04,-7.06E-04,-6.35E-04,-3.87E-04,-6.50E-04,-2.80E-04,-8.85E-04,-7.91E-04,-4.61E-04,-1.93E-04,-5.23E-04,-5.26E-04,-4.13E-04,-4.55E-04,-4.34E-04,-2.12E-04,-6.74E-04,-4.60E-04,-2.95E-04,-1.34E-04
1406,-4.42E-04,-6.90E-04,-6.37E-04,-3.85E-04,-6.50E-04,-2.71E-04,-8.70E-04,-7.86E-04,-4.62E-04,-1.87E-04,-5.20E-04,-5.06E-04,-4.11E-04,-4.52E-04,-4.42E-04,-2.03E-04,-6.59E-04,-4.51E-04,-2.92E-04,-1.22E-04
1407,-4.42E-04,-6.76E-04,-6.41E-04,-3.84E-04,-6.51E-04,-2.64E-04,-8.51E-04,-7.84E-04,-4.63E-04,-1.81E-04,-5.19E-04,-4.87E-04,-4.08E-04,-4.50E-04,-4.52E-04,-1.96E-04,-6.41E-04,-4.44E-04,-2.87E-04,-1.13E-04
1408,-4.44E-04,-6.62E-04,-6.45E-04,-3.84E-04,-6.54E-04,-2.58E-04,-8.30E-04,-7.84E-04,-4.65E-04,-1.76E-04,-5.19E-04,-4.71E-04,-4.06E-04,-4.50E-04,-4.62E-04,-1.90E-04,-6.23E-04,-4.38E-04,-2.79E-04,-1.09E-04
1409,-4.49E-04,-6.52E-04,-6.52E-04,-3.85E-04,-6.57E-04,-2.53E-04,-8.07E-04,-7.85E-04,-4.68E-04,-1.72E-04,-5.21E-04,-4.57E-04,-4.03E-04,-4.50E-04,-4.73E-04,-1.84E-04,-6.06E-04,-4.33E-04,-2.69E-04,-1.08E-04
1410,-4.57E-04,-6.43E-04,-6.60E-04,-3.85E-04,-6.61E-04,-2.50E-04,-7.85E-04,-7.88E-04,-4.72E-04,-1.68E-04,-5.24E-04,-4.47E-04,-4.01E-04,-4.51E-04,-4.83E-04,-1.80E-04,-5.89E-04,-4.29E-04,-2.56E-04,-1.11E-04
1411,-4.65E-04,-6.38E-04,-6.69E-04,-3.86E-04,-6.65E-04,-2.48E-04,-7.64E-04,-7.93E-04,-4.77E-04,-1.65E-04,-5.27E-04,-4.40E-04,-3.98E-04,-4.53E-04,-4.93E-04,-1.77E-04,-5.74E-04,-4.26E-04,-2.42E-04,-1.17E-04
1412,-4.74E-04,-6.36E-04,-6.78E-04,-3.85E-04,-6.70E-04,-2.47E-04,-7.47E-04,-8.00E-04,-4.83E-04,-1.63E-04,-5.30E-04,-4.35E-04,-3.96E-04,-4.56E-04,-5.01E-04,-1.74E-04,-5.62E-04,-4.23E-04,-2.26E-04,-1.25E-04
1413,-4.83E-04,-6.37E-04,-6.89E-04,-3.84E-04,-6.75E-04,-2.48E-04,-7.34E-04,-8.08E-04,-4.89E-04,-1.62E-04,-5.33E-04,-4.34E-04,-3.94E-04,-4.60E-04,-5.09E-04,-1.73E-04,-5.53E-04,-4.20E-04,-2.10E-04,-1.36E-04
1414,-4.92E-04,-6.41E-04,-6.99E-04,-3.82E-04,-6.79E-04,-2.50E-04,-7.26E-04,-8.16E-04,-4.95E-04,-1.62E-04,-5.36E-04,-4.34E-04,-3.91E-04,-4.63E-04,-5.14E-04,-1.73E-04,-5.48E-04,-4.18E-04,-1.95E-04,-1.47E-04
1415,-4.98E-04,-6.46E-04,-7.10E-04,-3.79E-04,-6.82E-04,-2.53E-04,-7.25E-04,-8.25E-04,-5.01E-04,-1.63E-04,-5.37E-04,-4.37E-04,-3.89E-04,-4.67E-04,-5.18E-04,-1.74E-04,-5.47E-04,-4.16E-04,-1.81E-04,-1.60E-04
1416,-5.03E-04,-6.54E-04,-7.19E-04,-3.74E-04,-6.85E-04,-2.57E-04,-7.29E-04,-8.34E-04,-5.08E-04,-1.63E-04,-5.37E-04,-4.42E-04,-3.86E-04,-4.71E-04,-5.21E-04,-1.75E-04,-5.49E-04,-4.14E-04,-1.68E-04,-1.72E-04
1417,-5.05E-04,-6.62E-04,-7.28E-04,-3.68E-04,-6.87E-04,-2.61E-04,-7.39E-04,-8.42E-04,-5.13E-04,-1.64E-04,-5.35E-04,-4.47E-04,-3.84E-04,-4.75E-04,-5.21E-04,-1.77E-04,-5.55E-04,-4.12E-04,-1.58E-04,-1.84E-04
1418,-5.05E-04,-6.71E-04,-7.35E-04,-3.60E-04,-6.88E-04,-2.65E-04,-7.54E-04,-8.49E-04,-5.19E-04,-1.66E-04,-5.32E-04,-4.53E-04,-3.81E-04,-4.78E-04,-5.20E-04,-1.80E-04,-5.63E-04,-4.11E-04,-1.51E-04,-1.95E-04
1419,-5.02E-04,-6.80E-04,-7.40E-04,-3.51E-04,-6.88E-04,-2.69E-04,-7.73E-04,-8.54E-04,-5.23E-04,-1.67E-04,-5.27E-04,-4.59E-04,-3.79E-04,-4.80E-04,-5.17E-04,-1.82E-04,-5.74E-04,-4.09E-04,-1.47E-04,-2.05E-04
1420,-4.97E-04,-6.88E-04,-7.43E-04,-3.41E-04,-6.87E-04,-2.73E-04,-7.95E-04,-8.58E-04,-5.27E-04,-1.67E-04,-5.21E-04,-4.64E-04,-3.77E-04,-4.82E-04,-5.13E-04,-1.85E-04,-5.85E-04,-4.08E-04,-1.45E-04,-2.14E-04
1421,-4.90E-04,-6.95E-04,-7.44E-04,-3.30E-04,-6.85E-04,-2.76E-04,-8.19E-04,-8.60E-04,-5.29E-04,-1.67E-04,-5.14E-04,-4.69E-04,-3.74E-04,-4.82E-04,-5.07E-04,-1.87E-04,-5.96E-04,-4.06E-04,-1.46E-04,-2.22E-04
1422,-4.81E-04,-7.00E-04,-7.44E-04,-3.18E-04,-6.82E-04,-2.78E-04,-8.43E-04,-8.60E-04,-5.31E-04,-1.66E-04,-5.05E-04,-4.73E-04,-3.72E-04,-4.82E-04,-5.01E-04,-1.89E-04,-6.05E-04,-4.05E-04,-1.50E-04,-2.29E-04
1423,-4.72E-04,-7.03E-04,-7.41E-04,-3.05E-04,-6.79E-04,-2.79E-04,-8.65E-04,-8.58E-04,-5.31E-04,-1.65E-04,-4.96E-04,-4.76E-04,-3.71E-04,-4.80E-04,-4.94E-04,-1.89E-04,-6.13E-04,-4.04E-04,-1.54E-04,-2.34E-04
1424,-4.63E-04,-7.04E-04,-7.37E-04,-2.92E-04,-6.75E-04,-2.79E-04,-8.84E-04,-8.54E-04,-5.31E-04,-1.62E-04,-4.87E-04,-4.79E-04,-3.69E-04,-4.77E-04,-4.86E-04,-1.88E-04,-6.18E-04,-4.02E-04,-1.60E-04,-2.39E-04
1425,-4.55E-04,-7.03E-04,-7.32E-04,-2.80E-04,-6.71E-04,-2.78E-04,-9.00E-04,-8.49E-04,-5.29E-04,-1.59E-04,-4.78E-04,-4.80E-04,-3.68E-04,-4.74E-04,-4.78E-04,-1.86E-04,-6.20E-04,-4.00E-04,-1.66E-04,-2.43E-04
1426,-4.48E-04,-7.00E-04,-7.26E-04,-2.67E-04,-6.67E-04,-2.75E-04,-9.10E-04,-8.42E-04,-5.27E-04,-1.55E-04,-4.70E-04,-4.82E-04,-3.67E-04,-4.69E-04,-4.69E-04,-1.82E-04,-6.19E-04,-3.97E-04,-1.71E-04,-2.47E-04
1427,-4.43E-04,-6.95E-04,-7.20E-04,-2.56E-04,-6.62E-04,-2.72E-04,-9.14E-04,-8.34E-04,-5.25E-04,-1.50E-04,-4.62E-04,-4.82E-04,-3.66E-04,-4.64E-04,-4.60E-04,-1.76E-04,-6.14E-04,-3.93E-04,-1.75E-04,-2.50E-04
1428,-4.41E-04,-6.90E-04,-7.14E-04,-2.45E-04,-6.58E-04,-2.68E-04,-9.12E-04,-8.26E-04,-5.22E-04,-1.45E-04,-4.56E-04,-4.83E-04,-3.66E-04,-4.59E-04,-4.51E-04,-1.69E-04,-6.05E-04,-3.88E-04,-1.76E-04,-2.53E-04
1429,-4.40E-04,-6.84E-04,-7.08E-04,-2.34E-04,-6.55E-04,-2.63E-04,-9.04E-04,-8.17E-04,-5.19E-04,-1.40E-04,-4.50E-04,-4.83E-04,-3.66E-04,-4.53E-04,-4.42E-04,-1.61E-04,-5.95E-04,-3.82E-04,-1.76E-04,-2.55E-04
1430,-4.43E-04,-6.77E-04,-7.03E-04,-2.25E-04,-6.52E-04,-2.57E-04,-8.91E-04,-8.09E-04,-5.16E-04,-1.34E-04,-4.47E-04,-4.84E-04,-3.66E-04,-4.47E-04,-4.33E-04,-1.51E-04,-5.82E-04,-3.74E-04,-1.73E-04,-2.57E-04
1431,-4.48E-04,-6.70E-04,-6.99E-04,-2.18E-04,-6.50E-04,-2.52E-04,-8.73E-04,-8.00E-04,-5.14E-04,-1.29E-04,-4.45E-04,-4.85E-04,-3.66E-04,-4.42E-04,-4.24E-04,-1.41E-04,-5.68E-04,-3.66E-04,-1.67E-04,-2.57E-04
1432,-4.55E-04,-6.64E-04,-6.97E-04,-2.11E-04,-6.48E-04,-2.46E-04,-8.51E-04,-7.93E-04,-5.12E-04,-1.24E-04,-4.44E-04,-4.86E-04,-3.66E-04,-4.38E-04,-4.15E-04,-1.31E-04,-5.55E-04,-3.56E-04,-1.60E-04,-2.57E-04
1433,-4.63E-04,-6.59E-04,-6.96E-04,-2.05E-04,-6.47E-04,-2.40E-04,-8.26E-04,-7.86E-04,-5.10E-04,-1.20E-04,-4.44E-04,-4.88E-04,-3.66E-04,-4.34E-04,-4.06E-04,-1.21E-04,-5.42E-04,-3.46E-04,-1.50E-04,-2.54E-04
1434,-4.73E-04,-6.54E-04,-6.97E-04,-2.01E-04,-6.47E-04,-2.35E-04,-8.00E-04,-7.79E-04,-5.09E-04,-1.17E-04,-4.45E-04,-4.90E-04,-3.66E-04,-4.32E-04,-3.98E-04,-1.12E-04,-5.31E-04,-3.34E-04,-1.38E-04,-2.51E-04
1435,-4.83E-04,-6.51E-04,-7.00E-04,-1.98E-04,-6.47E-04,-2.31E-04,-7.74E-04,-7.74E-04,-5.09E-04,-1.14E-04,-4.46E-04,-4.91E-04,-3.65E-04,-4.30E-04,-3.89E-04,-1.05E-04,-5.22E-04,-3.22E-04,-1.25E-04,-2.45E-04
1436,-4.92E-04,-6.49E-04,-7.03E-04,-1.95E-04,-6.47E-04,-2.28E-04,-7.48E-04,-7.69E-04,-5.09E-04,-1.12E-04,-4.48E-04,-4.93E-04,-3.64E-04,-4.29E-04,-3.82E-04,-9.87E-05,-5.16E-04,-3.10E-04,-1.13E-04,-2.38E-04
1437,-5.00E-04,-6.48E-04,-7.08E-04,-1.93E-04,-6.48E-04,-2.25E-04,-7.25E-04,-7.65E-04,-5.10E-04,-1.11E-04,-4.49E-04,-4.94E-04,-3.61E-04,-4.29E-04,-3.75E-04,-9.48E-05,-5.13E-04,-2.98E-04,-1.00E-04,-2.29E-04
1438,-5.07E-04,-6.48E-04,-7.14E-04,-1.92E-04,-6.49E-04,-2.23E-04,-7.05E-04,-7.62E-04,-5.11E-04,-1.10E-04,-4.50E-04,-4.94E-04,-3.58E-04,-4.30E-04,-3.69E-04,-9.31E-05,-5.13E-04,-2.87E-04,-8.85E-05,-2.19E-04
1439,-5.11E-04,-6.48E-04,-7.20E-04,-1.90E-04,-6.50E-04,-2.22E-04,-6.87E-04,-7.58E-04,-5.13E-04,-1.10E-04,-4.50E-04,-4.94E-04,-3.53E-04,-4.31E-04,-3.63E-04,-9.35E-05,-5.16E-04,-2.76E-04,-7.84E-05,-2.07E-04
1440,-5.12E-04,-6.50E-04,-7.26E-04,-1.89E-04,-6.50E-04,-2.22E-04,-6.73E-04,-7.54E-04,-5.14E-04,-1.11E-04,-4.49E-04,-4.92E-04,-3.47E-04,-4.33E-04,-3.58E-04,-9.59E-05,-5.20E-04,-2.65E-04,-7.01E-05,-1.95E-04
1441,-5.09E-04,-6.51E-04,-7.32E-04,-1.86E-04,-6.50E-04,-2.22E-04,-6.63E-04,-7.50E-04,-5.15E-04,-1.11E-04,-4.46E-04,-4.89E-04,-3.40E-04,-4.34E-04,-3.54E-04,-1.00E-04,-5.26E-04,-2.56E-04,-6.38E-05,-1.81E-04
1442,-5.03E-04,-6.52E-04,-7.36E-04,-1.83E-04,-6.50E-04,-2.23E-04,-6.55E-04,-7.45E-04,-5.16E-04,-1.11E-04,-4.41E-04,-4.84E-04,-3.31E-04,-4.34E-04,-3.50E-04,-1.05E-04,-5.31E-04,-2.48E-04,-5.95E-05,-1.68E-04
1443,-4.94E-04,-6.53E-04,-7.40E-04,-1.79E-04,-6.48E-04,-2.24E-04,-6.50E-04,-7.39E-04,-5.16E-04,-1.10E-04,-4.35E-04,-4.78E-04,-3.21E-04,-4.33E-04,-3.46E-04,-1.11E-04,-5.36E-04,-2.41E-04,-5.71E-05,-1.54E-04
1444,-4.81E-04,-6.53E-04,-7.41E-04,-1.74E-04,-6.44E-04,-2.24E-04,-6.46E-04,-7.32E-04,-5.15E-04,-1.08E-04,-4.27E-04,-4.71E-04,-3.10E-04,-4.30E-04,-3.42E-04,-1.16E-04,-5.38E-04,-2.34E-04,-5.62E-05,-1.41E-04
1445,-4.66E-04,-6.51E-04,-7.41E-04,-1.66E-04,-6.39E-04,-2.24E-04,-6.43E-04,-7.23E-04,-5.12E-04,-1.05E-04,-4.16E-04,-4.62E-04,-2.99E-04,-4.26E-04,-3.37E-04,-1.21E-04,-5.37E-04,-2.27E-04,-5.64E-05,-1.28E-04
1446,-4.47E-04,-6.48E-04,-7.38E-04,-1.57E-04,-6.32E-04,-2.23E-04,-6.39E-04,-7.12E-04,-5.09E-04,-1.01E-04,-4.04E-04,-4.52E-04,-2.86E-04,-4.19E-04,-3.30E-04,-1.23E-04,-5.32E-04,-2.21E-04,-5.71E-05,-1.15E-04
1447,-4.27E-04,-6.43E-04,-7.33E-04,-1.45E-04,-6.23E-04,-2.21E-04,-6.34E-04,-7.00E-04,-5.04E-04,-9.44E-05,-3.90E-04,-4.41E-04,-2.73E-04,-4.09E-04,-3.23E-04,-1.23E-04,-5.21E-04,-2.13E-04,-5.76E-05,-1.02E-04
1448,-4.05E-04,-6.36E-04,-7.25E-04,-1.31E-04,-6.12E-04,-2.17E-04,-6.27E-04,-6.85E-04,-4.97E-04,-8.65E-05,-3.75E-04,-4.29E-04,-2.59E-04,-3.96E-04,-3.12E-04,-1.20E-04,-5.05E-04,-2.05E-04,-5.72E-05,-8.85E-05
1449,-3.82E-04,-6.27E-04,-7.14E-04,-1.15E-04,-5.99E-04,-2.11E-04,-6.17E-04,-6.68E-04,-4.88E-04,-7.67E-05,-3.58E-04,-4.17E-04,-2.45E-04,-3.81E-04,-2.99E-04,-1.13E-04,-4.84E-04,-1.96E-04,-5.53E-05,-7.45E-05
1450,-3.58E-04,-6.15E-04,-7.01E-04,-9.68E-05,-5.82E-04,-2.03E-04,-6.03E-04,-6.48E-04,-4.78E-04,-6.52E-05,-3.40E-04,-4.03E-04,-2.31E-04,-3.63E-04,-2.83E-04,-1.03E-04,-4.56E-04,-1.84E-04,-5.13E-05,-5.94E-05
1451,-3.34E-04,-6.01E-04,-6.85E-04,-7.63E-05,-5.64E-04,-1.93E-04,-5.85E-04,-6.26E-04,-4.66E-04,-5.18E-05,-3.21E-04,-3.90E-04,-2.17E-04,-3.42E-04,-2.64E-04,-8.84E-05,-4.24E-04,-1.71E-04,-4.47E-05,-4.27E-05
1452,-3.11E-04,-5.85E-04,-6.67E-04,-5.41E-05,-5.43E-04,-1.82E-04,-5.63E-04,-6.02E-04,-4.52E-04,-3.69E-05,-3.02E-04,-3.76E-04,-2.03E-04,-3.19E-04,-2.40E-04,-7.06E-05,-3.86E-04,-1.55E-04,-3.53E-05,-2.41E-05
1453,-2.88E-04,-5.67E-04,-6.46E-04,-3.03E-05,-5.20E-04,-1.68E-04,-5.36E-04,-5.76E-04,-4.37E-04,-2.07E-05,-2.81E-04,-3.61E-04,-1.88E-04,-2.93E-04,-2.13E-04,-4.97E-05,-3.45E-04,-1.36E-04,-2.28E-05,-3.36E-06
1454,-2.66E-04,-5.48E-04,-6.24E-04,-5.38E-06,-4.95E-04,-1.52E-04,-5.06E-04,-5.48E-04,-4.20E-04,-3.26E-06,-2.61E-04,-3.46E-04,-1.73E-04,-2.67E-04,-1.83E-04,-2.66E-05,-3.02E-04,-1.15E-04,-7.36E-06,1.98E-05
1455,-2.45E-04,-5.26E-04,-6.00E-04,2.02E-05,-4.68E-04,-1.35E-04,-4.72E-04,-5.18E-04,-4.02E-04,1.50E-05,-2.41E-04,-3.31E-04,-1.58E-04,-2.39E-04,-1.50E-04,-2.01E-06,-2.57E-04,-9.11E-05,1.10E-05,4.52E-05
1456,-2.25E-04,-5.04E-04,-5.75E-04,4.59E-05,-4.40E-04,-1.16E-04,-4.36E-04,-4.86E-04,-3.83E-04,3.37E-05,-2.21E-04,-3.14E-04,-1.43E-04,-2.10E-04,-1.13E-04,2.29E-05,-2.11E-04,-6.54E-05,3.18E-05,7.25E-05
1457,-2.05E-04,-4.80E-04,-5.49E-04,7.13E-05,-4.11E-04,-9.65E-05,-3.97E-04,-4.53E-04,-3.63E-04,5.26E-05,-2.02E-04,-2.97E-04,-1.26E-04,-1.81E-04,-7.55E-05,4.69E-05,-1.67E-04,-3.77E-05,5.47E-05,1.01E-04
1458,-1.86E-04,-4.56E-04,-5.23E-04,9.58E-05,-3.82E-04,-7.64E-05,-3.57E-04,-4.19E-04,-3.43E-04,7.14E-05,-1.83E-04,-2.80E-04,-1.09E-04,-1.53E-04,-3.65E-05,6.90E-05,-1.25E-04,-8.72E-06,7.90E-05,1.31E-04
1459,-1.67E-04,-4.32E-04,-4.96E-04,1.19E-04,-3.53E-04,-5.61E-05,-3.16E-04,-3.84E-04,-3.23E-04,8.98E-05,-1.65E-04,-2.61E-04,-9.12E-05,-1.26E-04,2.65E-06,8.81E-05,-8.61E-05,2.12E-05,1.04E-04,1.60E-04
1460,-1.48E-04,-4.07E-04,-4.70E-04,1.40E-04,-3.24E-04,-3.62E-05,-2.75E-04,-3.48E-04,-3.02E-04,1.08E-04,-1.48E-04,-2.42E-04,-7.21E-05,-1.01E-04,4.09E-05,1.03E-04,-5.08E-05,5.14E-05,1.30E-04,1.88E-04
1461,-1.29E-04,-3.83E-04,-4.45E-04,1.59E-04,-2.97E-04,-1.72E-05,-2.35E-04,-3.13E-04,-2.82E-04,1.24E-04,-1.31E-04,-2.22E-04,-5.18E-05,-7.71E-05,7.74E-05,1.14E-04,-1.96E-05,8.15E-05,1.55E-04,2.14E-04
1462,-1.09E-04,-3.59E-04,-4.21E-04,1.76E-04,-2.72E-04,7.15E-07,-1.96E-04,-2.78E-04,-2.62E-04,1.40E-04,-1.16E-04,-2.01E-04,-3.04E-05,-5.54E-05,1.11E-04,1.19E-04,7.36E-06,1.11E-04,1.78E-04,2.35E-04
1463,-8.80E-05,-3.36E-04,-3.98E-04,1.90E-04,-2.49E-04,1.70E-05,-1.58E-04,-2.44E-04,-2.43E-04,1.55E-04,-1.02E-04,-1.79E-04,-8.19E-06,-3.59E-05,1.41E-04,1.19E-04,3.02E-05,1.39E-04,2.01E-04,2.52E-04
1464,-6.64E-05,-3.14E-04,-3.77E-04,2.02E-04,-2.27E-04,3.15E-05,-1.23E-04,-2.11E-04,-2.24E-04,1.68E-04,-8.81E-05,-1.57E-04,1.48E-05,-1.86E-05,1.68E-04,1.15E-04,4.93E-05,1.66E-04,2.22E-04,2.64E-04
1465,-4.40E-05,-2.93E-04,-3.57E-04,2.10E-04,-2.09E-04,4.40E-05,-8.99E-05,-1.79E-04,-2.07E-04,1.80E-04,-7.56E-05,-1.35E-04,3.82E-05,-3.36E-06,1.89E-04,1.05E-04,6.54E-05,1.91E-04,2.41E-04,2.69E-04
1466,-2.07E-05,-2.72E-04,-3.40E-04,2.17E-04,-1.92E-04,5.43E-05,-5.91E-05,-1.48E-04,-1.90E-04,1.91E-04,-6.37E-05,-1.13E-04,6.18E-05,9.89E-06,2.06E-04,9.16E-05,7.92E-05,2.14E-04,2.57E-04,2.67E-04
1467,3.10E-06,-2.52E-04,-3.24E-04,2.22E-04,-1.78E-04,6.24E-05,-3.08E-05,-1.19E-04,-1.74E-04,2.01E-04,-5.24E-05,-9.18E-05,8.50E-05,2.15E-05,2.18E-04,7.52E-05,9.17E-05,2.36E-04,2.72E-04,2.59E-04
1468,2.73E-05,-2.33E-04,-3.10E-04,2.25E-04,-1.66E-04,6.85E-05,-4.72E-06,-9.19E-05,-1.59E-04,2.10E-04,-4.14E-05,-7.06E-05,1.08E-04,3.17E-05,2.26E-04,5.70E-05,1.04E-04,2.55E-04,2.86E-04,2.45E-04
1469,5.14E-05,-2.14E-04,-2.98E-04,2.27E-04,-1.56E-04,7.27E-05,1.92E-05,-6.62E-05,-1.45E-04,2.18E-04,-3.06E-05,-5.00E-05,1.29E-04,4.10E-05,2.30E-04,3.82E-05,1.16E-04,2.73E-04,2.98E-04,2.25E-04
1470,7.52E-05,-1.95E-04,-2.87E-04,2.29E-04,-1.48E-04,7.52E-05,4.12E-05,-4.20E-05,-1.31E-04,2.26E-04,-1.96E-05,-3.00E-05,1.50E-04,4.98E-05,2.31E-04,2.00E-05,1.30E-04,2.89E-04,3.09E-04,2.02E-04
1471,9.82E-05,-1.76E-04,-2.78E-04,2.31E-04,-1.40E-04,7.64E-05,6.15E-05,-1.91E-05,-1.19E-04,2.33E-04,-8.36E-06,-1.07E-05,1.68E-04,5.85E-05,2.29E-04,3.69E-06,1.47E-04,3.04E-04,3.19E-04,1.76E-04
1472,1.20E-04,-1.57E-04,-2.70E-04,2.34E-04,-1.33E-04,7.67E-05,8.04E-05,2.68E-06,-1.06E-04,2.39E-04,3.52E-06,8.01E-06,1.85E-04,6.74E-05,2.26E-04,-9.71E-06,1.65E-04,3.19E-04,3.29E-04,1.48E-04
1473,1.41E-04,-1.37E-04,-2.62E-04,2.38E-04,-1.26E-04,7.64E-05,9.83E-05,2.37E-05,-9.39E-05,2.46E-04,1.62E-05,2.64E-05,2.00E-04,7.70E-05,2.23E-04,-1.94E-05,1.87E-04,3.32E-04,3.40E-04,1.22E-04
1474,1.60E-04,-1.16E-04,-2.54E-04,2.44E-04,-1.18E-04,7.59E-05,1.15E-04,4.41E-05,-8.18E-05,2.52E-04,2.99E-05,4.48E-05,2.14E-04,8.76E-05,2.20E-04,-2.46E-05,2.11E-04,3.45E-04,3.51E-04,9.73E-05
1475,1.77E-04,-9.42E-05,-2.46E-04,2.51E-04,-1.09E-04,7.56E-05,1.32E-04,6.44E-05,-6.96E-05,2.58E-04,4.48E-05,6.34E-05,2.26E-04,9.93E-05,2.18E-04,-2.52E-05,2.38E-04,3.58E-04,3.63E-04,7.67E-05
1476,1.92E-04,-7.10E-05,-2.37E-04,2.61E-04,-9.85E-05,7.60E-05,1.48E-04,8.48E-05,-5.71E-05,2.64E-04,6.10E-05,8.26E-05,2.36E-04,1.12E-04,2.19E-04,-2.11E-05,2.68E-04,3.71E-04,3.76E-04,6.11E-05
1477,2.06E-04,-4.65E-05,-2.27E-04,2.73E-04,-8.63E-05,7.71E-05,1.65E-04,1.06E-04,-4.42E-05,2.70E-04,7.84E-05,1.03E-04,2.46E-04,1.27E-04,2.23E-04,-1.26E-05,2.99E-04,3.84E-04,3.89E-04,5.15E-05
1478,2.18E-04,-2.08E-05,-2.16E-04,2.88E-04,-7.20E-05,7.94E-05,1.82E-04,1.27E-04,-3.08E-05,2.76E-04,9.72E-05,1.24E-04,2.55E-04,1.42E-04,2.30E-04,-1.81E-07,3.32E-04,3.97E-04,4.03E-04,4.83E-05
1479,2.29E-04,5.99E-06,-2.03E-04,3.04E-04,-5.58E-05,8.30E-05,2.00E-04,1.49E-04,-1.69E-05,2.83E-04,1.17E-04,1.47E-04,2.64E-04,1.59E-04,2.41E-04,1.53E-05,3.66E-04,4.10E-04,4.18E-04,5.15E-05
1480,2.39E-04,3.37E-05,-1.89E-04,3.21E-04,-3.77E-05,8.78E-05,2.19E-04,1.72E-04,-2.36E-06,2.89E-04,1.38E-04,1.72E-04,2.73E-04,1.77E-04,2.55E-04,3.29E-05,3.99E-04,4.23E-04,4.33E-04,6.09E-05
1481,2.49E-04,6.22E-05,-1.73E-04,3.40E-04,-1.79E-05,9.39E-05,2.39E-04,1.95E-04,1.27E-05,2.96E-04,1.60E-04,1.99E-04,2.82E-04,1.96E-04,2.72E-04,5.16E-05,4.32E-04,4.36E-04,4.48E-04,7.55E-05
1482,2.60E-04,9.10E-05,-1.55E-04,3.59E-04,3.12E-06,1.01E-04,2.61E-04,2.20E-04,2.83E-05,3.02E-04,1.82E-04,2.27E-04,2.93E-04,2.15E-04,2.93E-04,7.02E-05,4.63E-04,4.49E-04,4.62E-04,9.40E-05
1483,2.70E-04,1.20E-04,-1.36E-04,3.79E-04,2.50E-05,1.09E-04,2.85E-04,2.45E-04,4.42E-05,3.08E-04,2.05E-04,2.57E-04,3.05E-04,2.35E-04,3.16E-04,8.77E-05,4.93E-04,4.61E-04,4.75E-04,1.15E-04
1484,2.82E-04,1.48E-04,-1.15E-04,3.97E-04,4.73E-05,1.18E-04,3.10E-04,2.70E-04,6.03E-05,3.13E-04,2.27E-04,2.89E-04,3.18E-04,2.54E-04,3.40E-04,1.03E-04,5.21E-04,4.73E-04,4.87E-04,1.36E-04
1485,2.95E-04,1.76E-04,-9.40E-05,4.14E-04,6.93E-05,1.27E-04,3.37E-04,2.94E-04,7.64E-05,3.18E-04,2.49E-04,3.21E-04,3.32E-04,2.73E-04,3.65E-04,1.16E-04,5.47E-04,4.84E-04,4.96E-04,1.56E-04
1486,3.08E-04,2.03E-04,-7.22E-05,4.29E-04,9.04E-05,1.37E-04,3.65E-04,3.19E-04,9.23E-05,3.23E-04,2.69E-04,3.54E-04,3.47E-04,2.90E-04,3.90E-04,1.25E-04,5.70E-04,4.95E-04,5.03E-04,1.73E-04
1487,3.23E-04,2.29E-04,-5.04E-05,4.42E-04,1.10E-04,1.46E-04,3.95E-04,3.43E-04,1.08E-04,3.27E-04,2.88E-04,3.86E-04,3.62E-04,3.07E-04,4.14E-04,1.31E-04,5.91E-04,5.05E-04,5.08E-04,1.84E-04
1488,3.39E-04,2.54E-04,-2.92E-05,4.52E-04,1.28E-04,1.54E-04,4.26E-04,3.65E-04,1.23E-04,3.30E-04,3.06E-04,4.18E-04,3.77E-04,3.22E-04,4.36E-04,1.32E-04,6.10E-04,5.14E-04,5.11E-04,1.89E-04
1489,3.56E-04,2.76E-04,-9.09E-06,4.59E-04,1.43E-04,1.61E-04,4.58E-04,3.86E-04,1.36E-04,3.31E-04,3.21E-04,4.48E-04,3.92E-04,3.36E-04,4.56E-04,1.30E-04,6.28E-04,5.22E-04,5.11E-04,1.86E-04
1490,3.72E-04,2.97E-04,9.49E-06,4.63E-04,1.56E-04,1.67E-04,4.90E-04,4.05E-04,1.49E-04,3.32E-04,3.34E-04,4.77E-04,4.05E-04,3.47E-04,4.73E-04,1.25E-04,6.43E-04,5.30E-04,5.09E-04,1.75E-04
1491,3.88E-04,3.16E-04,2.61E-05,4.64E-04,1.65E-04,1.71E-04,5.22E-04,4.22E-04,1.61E-04,3.32E-04,3.45E-04,5.04E-04,4.17E-04,3.57E-04,4.86E-04,1.16E-04,6.58E-04,5.37E-04,5.04E-04,1.55E-04
1492,4.03E-04,3.34E-04,4.03E-05,4.61E-04,1.72E-04,1.74E-04,5.53E-04,4.36E-04,1.71E-04,3.30E-04,3.53E-04,5.27E-04,4.27E-04,3.65E-04,4.96E-04,1.06E-04,6.71E-04,5.43E-04,4.98E-04,1.28E-04
1493,4.16E-04,3.50E-04,5.20E-05,4.56E-04,1.75E-04,1.75E-04,5.83E-04,4.48E-04,1.79E-04,3.27E-04,3.60E-04,5.48E-04,4.33E-04,3.71E-04,5.02E-04,9.38E-05,6.84E-04,5.48E-04,4.91E-04,9.38E-05
1494,4.26E-04,3.65E-04,6.08E-05,4.49E-04,1.76E-04,1.73E-04,6.10E-04,4.57E-04,1.86E-04,3.23E-04,3.64E-04,5.66E-04,4.37E-04,3.75E-04,5.04E-04,8.09E-05,6.96E-04,5.53E-04,4.83E-04,5.36E-05
1495,4.33E-04,3.78E-04,6.68E-05,4.39E-04,1.73E-04,1.70E-04,6.34E-04,4.64E-04,1.91E-04,3.18E-04,3.66E-04,5.81E-04,4.37E-04,3.77E-04,5.03E-04,6.79E-05,7.07E-04,5.57E-04,4.74E-04,9.23E-06
1496,4.36E-04,3.91E-04,6.99E-05,4.28E-04,1.68E-04,1.66E-04,6.55E-04,4.68E-04,1.95E-04,3.12E-04,3.66E-04,5.93E-04,4.35E-04,3.78E-04,4.99E-04,5.53E-05,7.18E-04,5.59E-04,4.66E-04,-3.74E-05
1497,4.35E-04,4.02E-04,7.05E-05,4.16E-04,1.61E-04,1.59E-04,6.72E-04,4.70E-04,1.97E-04,3.04E-04,3.66E-04,6.02E-04,4.29E-04,3.77E-04,4.93E-04,4.36E-05,7.27E-04,5.61E-04,4.57E-04,-8.42E-05
1498,4.30E-04,4.13E-04,6.86E-05,4.04E-04,1.53E-04,1.52E-04,6.85E-04,4.70E-04,1.98E-04,2.95E-04,3.64E-04,6.10E-04,4.21E-04,3.76E-04,4.84E-04,3.30E-05,7.34E-04,5.60E-04,4.49E-04,-1.29E-04
1499,4.21E-04,4.24E-04,6.47E-05,3.91E-04,1.43E-04,1.43E-04,6.94E-04,4.68E-04,1.97E-04,2.86E-04,3.62E-04,6.16E-04,4.11E-04,3.73E-04,4.75E-04,2.37E-05,7.39E-04,5.59E-04,4.41E-04,-1.70E-04
1500,4.09E-04,4.34E-04,5.91E-05,3.78E-04,1.33E-04,1.33E-04,6.99E-04,4.65E-04,1.96E-04,2.75E-04,3.60E-04,6.20E-04,4.00E-04,3.70E-04,4.64E-04,1.57E-05,7.42E-04,5.55E-04,4.35E-04,-2.06E-04
1501,3.94E-04,4.44E-04,5.22E-05,3.66E-04,1.22E-04,1.23E-04,7.00E-04,4.60E-04,1.94E-04,2.64E-04,3.58E-04,6.24E-04,3.88E-04,3.67E-04,4.52E-04,8.79E-06,7.43E-04,5.49E-04,4.28E-04,-2.35E-04
1502,3.77E-04,4.53E-04,4.45E-05,3.54E-04,1.12E-04,1.12E-04,6.97E-04,4.54E-04,1.91E-04,2.53E-04,3.57E-04,6.27E-04,3.76E-04,3.63E-04,4.41E-04,2.81E-06,7.40E-04,5.41E-04,4.22E-04,-2.55E-04
1503,3.58E-04,4.61E-04,3.65E-05,3.43E-04,1.01E-04,1.01E-04,6.91E-04,4.47E-04,1.89E-04,2.41E-04,3.57E-04,6.30E-04,3.65E-04,3.59E-04,4.30E-04,-2.58E-06,7.33E-04,5.31E-04,4.17E-04,-2.67E-04
1504,3.39E-04,4.68E-04,2.84E-05,3.32E-04,9.16E-05,9.10E-05,6.82E-04,4.39E-04,1.86E-04,2.29E-04,3.58E-04,6.33E-04,3.55E-04,3.56E-04,4.19E-04,-7.69E-06,7.23E-04,5.19E-04,4.10E-04,-2.70E-04
1505,3.21E-04,4.75E-04,2.07E-05,3.22E-04,8.22E-05,8.10E-05,6.72E-04,4.31E-04,1.83E-04,2.17E-04,3.60E-04,6.35E-04,3.47E-04,3.52E-04,4.09E-04,-1.28E-05,7.10E-04,5.05E-04,4.04E-04,-2.64E-04
1506,3.04E-04,4.80E-04,1.36E-05,3.13E-04,7.34E-05,7.15E-05,6.61E-04,4.23E-04,1.80E-04,2.05E-04,3.63E-04,6.37E-04,3.41E-04,3.49E-04,3.99E-04,-1.82E-05,6.93E-04,4.89E-04,3.96E-04,-2.50E-04
1507,2.90E-04,4.84E-04,7.33E-06,3.03E-04,6.52E-05,6.27E-05,6.50E-04,4.14E-04,1.78E-04,1.93E-04,3.67E-04,6.39E-04,3.38E-04,3.46E-04,3.89E-04,-2.39E-05,6.72E-04,4.71E-04,3.87E-04,-2.29E-04
1508,2.79E-04,4.86E-04,2.09E-06,2.94E-04,5.73E-05,5.46E-05,6.39E-04,4.05E-04,1.76E-04,1.82E-04,3.72E-04,6.40E-04,3.37E-04,3.43E-04,3.79E-04,-3.01E-05,6.49E-04,4.53E-04,3.75E-04,-2.03E-04
1509,2.71E-04,4.86E-04,-2.11E-06,2.84E-04,4.95E-05,4.72E-05,6.29E-04,3.96E-04,1.74E-04,1.71E-04,3.77E-04,6.40E-04,3.38E-04,3.41E-04,3.69E-04,-3.66E-05,6.23E-04,4.33E-04,3.62E-04,-1.72E-04
1510,2.67E-04,4.84E-04,-5.30E-06,2.73E-04,4.18E-05,4.06E-05,6.21E-04,3.87E-04,1.73E-04,1.60E-04,3.82E-04,6.39E-04,3.40E-04,3.38E-04,3.58E-04,-4.32E-05,5.96E-04,4.13E-04,3.47E-04,-1.38E-04
1511,2.66E-04,4.80E-04,-7.57E-06,2.62E-04,3.39E-05,3.45E-05,6.14E-04,3.78E-04,1.71E-04,1.50E-04,3.88E-04,6.35E-04,3.43E-04,3.35E-04,3.45E-04,-4.98E-05,5.68E-04,3.93E-04,3.29E-04,-1.04E-04
1512,2.68E-04,4.75E-04,-9.09E-06,2.49E-04,2.54E-05,2.91E-05,6.09E-04,3.69E-04,1.70E-04,1.40E-04,3.93E-04,6.30E-04,3.46E-04,3.32E-04,3.32E-04,-5.59E-05,5.39E-04,3.74E-04,3.08E-04,-7.07E-05
1513,2.73E-04,4.68E-04,-1.01E-05,2.35E-04,1.64E-05,2.40E-05,6.06E-04,3.60E-04,1.69E-04,1.31E-04,3.96E-04,6.22E-04,3.49E-04,3.28E-04,3.16E-04,-6.11E-05,5.10E-04,3.55E-04,2.86E-04,-3.93E-05
1514,2.78E-04,4.60E-04,-1.08E-05,2.20E-04,6.46E-06,1.93E-05,6.05E-04,3.50E-04,1.68E-04,1.21E-04,3.99E-04,6.11E-04,3.50E-04,3.24E-04,2.99E-04,-6.52E-05,4.82E-04,3.37E-04,2.61E-04,-1.11E-05
1515,2.84E-04,4.51E-04,-1.14E-05,2.03E-04,-4.40E-06,1.46E-05,6.05E-04,3.40E-04,1.66E-04,1.12E-04,4.00E-04,5.98E-04,3.48E-04,3.19E-04,2.79E-04,-6.78E-05,4.55E-04,3.20E-04,2.36E-04,1.27E-05
1516,2.89E-04,4.41E-04,-1.24E-05,1.84E-04,-1.63E-05,9.92E-06,6.06E-04,3.30E-04,1.64E-04,1.03E-04,3.99E-04,5.82E-04,3.43E-04,3.12E-04,2.57E-04,-6.87E-05,4.31E-04,3.05E-04,2.09E-04,3.16E-05
1517,2.91E-04,4.31E-04,-1.39E-05,1.64E-04,-2.92E-05,5.05E-06,6.06E-04,3.19E-04,1.61E-04,9.39E-05,3.96E-04,5.64E-04,3.35E-04,3.05E-04,2.33E-04,-6.78E-05,4.08E-04,2.90E-04,1.82E-04,4.49E-05
1518,2.90E-04,4.21E-04,-1.62E-05,1.42E-04,-4.32E-05,-1.35E-07,6.06E-04,3.07E-04,1.57E-04,8.45E-05,3.91E-04,5.43E-04,3.23E-04,2.96E-04,2.07E-04,-6.52E-05,3.87E-04,2.77E-04,1.55E-04,5.25E-05
1519,2.85E-04,4.11E-04,-1.95E-05,1.19E-04,-5.82E-05,-5.76E-06,6.05E-04,2.94E-04,1.53E-04,7.48E-05,3.84E-04,5.21E-04,3.07E-04,2.86E-04,1.80E-04,-6.12E-05,3.68E-04,2.64E-04,1.29E-04,5.44E-05
1520,2.75E-04,4.03E-04,-2.40E-05,9.51E-05,-7.40E-05,-1.19E-05,6.03E-04,2.79E-04,1.47E-04,6.46E-05,3.76E-04,4.97E-04,2.88E-04,2.74E-04,1.51E-04,-5.61E-05,3.51E-04,2.52E-04,1.05E-04,5.08E-05
1521,2.59E-04,3.95E-04,-2.99E-05,7.00E-05,-9.05E-05,-1.87E-05,5.97E-04,2.64E-04,1.40E-04,5.40E-05,3.65E-04,4.72E-04,2.65E-04,2.61E-04,1.21E-04,-5.04E-05,3.35E-04,2.39E-04,8.26E-05,4.20E-05
1522,2.37E-04,3.88E-04,-3.72E-05,4.41E-05,-1.07E-04,-2.61E-05,5.89E-04,2.47E-04,1.32E-04,4.29E-05,3.52E-04,4.47E-04,2.39E-04,2.47E-04,9.12E-05,-4.47E-05,3.19E-04,2.26E-04,6.23E-05,2.86E-05
1523,2.10E-04,3.82E-04,-4.60E-05,1.78E-05,-1.25E-04,-3.42E-05,5.78E-04,2.28E-04,1.23E-04,3.13E-05,3.39E-04,4.22E-04,2.11E-04,2.32E-04,6.15E-05,-3.97E-05,3.04E-04,2.13E-04,4.45E-05,1.11E-05
1524,1.77E-04,3.77E-04,-5.61E-05,-8.75E-06,-1.42E-04,-4.28E-05,5.63E-04,2.08E-04,1.12E-04,1.92E-05,3.24E-04,3.96E-04,1.81E-04,2.16E-04,3.26E-05,-3.62E-05,2.89E-04,1.98E-04,2.91E-05,-9.61E-06
1525,1.39E-04,3.74E-04,-6.75E-05,-3.52E-05,-1.60E-04,-5.19E-05,5.45E-04,1.86E-04,1.01E-04,6.69E-06,3.09E-04,3.72E-04,1.51E-04,1.99E-04,5.12E-06,-3.47E-05,2.73E-04,1.81E-04,1.61E-05,-3.28E-05
1526,9.80E-05,3.70E-04,-8.01E-05,-6.13E-05,-1.77E-04,-6.15E-05,5.24E-04,1.63E-04,8.98E-05,-6.05E-06,2.94E-04,3.48E-04,1.21E-04,1.83E-04,-2.05E-05,-3.57E-05,2.55E-04,1.63E-04,5.29E-06,-5.77E-05
1527,5.37E-05,3.67E-04,-9.36E-05,-8.68E-05,-1.94E-04,-7.12E-05,4.99E-04,1.38E-04,7.77E-05,-1.89E-05,2.79E-04,3.24E-04,9.22E-05,1.66E-04,-4.39E-05,-3.97E-05,2.35E-04,1.44E-04,-3.81E-06,-8.34E-05
1528,7.78E-06,3.63E-04,-1.08E-04,-1.11E-04,-2.11E-04,-8.10E-05,4.73E-04,1.12E-04,6.54E-05,-3.16E-05,2.64E-04,3.02E-04,6.53E-05,1.50E-04,-6.47E-05,-4.69E-05,2.12E-04,1.23E-04,-1.17E-05,-1.09E-04
1529,-3.85E-05,3.59E-04,-1.22E-04,-1.35E-04,-2.26E-04,-9.06E-05,4.44E-04,8.51E-05,5.30E-05,-4.41E-05,2.50E-04,2.80E-04,4.07E-05,1.35E-04,-8.29E-05,-5.72E-05,1.86E-04,1.00E-04,-1.88E-05,-1.34E-04
1530,-8.39E-05,3.54E-04,-1.36E-04,-1.56E-04,-2.41E-04,-9.98E-05,4.13E-04,5.74E-05,4.10E-05,-5.61E-05,2.37E-04,2.60E-04,1.89E-05,1.21E-04,-9.82E-05,-7.05E-05,1.58E-04,7.65E-05,-2.59E-05,-1.57E-04
1531,-1.27E-04,3.48E-04,-1.50E-04,-1.76E-04,-2.55E-04,-1.08E-04,3.82E-04,2.95E-05,2.94E-05,-6.73E-05,2.25E-04,2.39E-04,1.56E-07,1.08E-04,-1.11E-04,-8.63E-05,1.27E-04,5.24E-05,-3.34E-05,-1.77E-04
1532,-1.68E-04,3.40E-04,-1.63E-04,-1.94E-04,-2.68E-04,-1.16E-04,3.51E-04,1.82E-06,1.86E-05,-7.75E-05,2.13E-04,2.19E-04,-1.55E-05,9.73E-05,-1.21E-04,-1.04E-04,9.27E-05,2.83E-05,-4.20E-05,-1.95E-04
1533,-2.04E-04,3.31E-04,-1.75E-04,-2.10E-04,-2.80E-04,-1.22E-04,3.21E-04,-2.52E-05,8.70E-06,-8.66E-05,2.03E-04,1.98E-04,-2.82E-05,8.81E-05,-1.28E-04,-1.23E-04,5.61E-05,4.73E-06,-5.21E-05,-2.09E-04
1534,-2.36E-04,3.19E-04,-1.86E-04,-2.24E-04,-2.90E-04,-1.27E-04,2.91E-04,-5.11E-05,-9.36E-08,-9.44E-05,1.94E-04,1.78E-04,-3.82E-05,8.07E-05,-1.34E-04,-1.42E-04,1.75E-05,-1.78E-05,-6.39E-05,-2.18E-04
1535,-2.63E-04,3.06E-04,-1.94E-04,-2.35E-04,-2.98E-04,-1.31E-04,2.63E-04,-7.55E-05,-7.65E-06,-1.01E-04,1.86E-04,1.56E-04,-4.60E-05,7.52E-05,-1.39E-04,-1.60E-04,-2.24E-05,-3.87E-05,-7.76E-05,-2.24E-04
1536,-2.85E-04,2.92E-04,-2.01E-04,-2.44E-04,-3.05E-04,-1.33E-04,2.37E-04,-9.80E-05,-1.39E-05,-1.05E-04,1.79E-04,1.35E-04,-5.21E-05,7.16E-05,-1.42E-04,-1.77E-04,-6.31E-05,-5.75E-05,-9.32E-05,-2.25E-04
1537,-3.03E-04,2.76E-04,-2.05E-04,-2.50E-04,-3.11E-04,-1.33E-04,2.13E-04,-1.18E-04,-1.88E-05,-1.08E-04,1.72E-04,1.12E-04,-5.69E-05,6.97E-05,-1.45E-04,-1.90E-04,-1.04E-04,-7.38E-05,-1.10E-04,-2.21E-04
1538,-3.15E-04,2.60E-04,-2.06E-04,-2.54E-04,-3.15E-04,-1.31E-04,1.91E-04,-1.36E-04,-2.24E-05,-1.10E-04,1.66E-04,8.96E-05,-6.12E-05,6.94E-05,-1.48E-04,-2.00E-04,-1.44E-04,-8.74E-05,-1.29E-04,-2.14E-04
1539,-3.23E-04,2.42E-04,-2.05E-04,-2.56E-04,-3.16E-04,-1.27E-04,1.72E-04,-1.51E-04,-2.48E-05,-1.10E-04,1.60E-04,6.62E-05,-6.53E-05,7.04E-05,-1.51E-04,-2.06E-04,-1.82E-04,-9.80E-05,-1.48E-04,-2.02E-04
1540,-3.28E-04,2.25E-04,-2.01E-04,-2.56E-04,-3.16E-04,-1.21E-04,1.55E-04,-1.63E-04,-2.59E-05,-1.08E-04,1.55E-04,4.25E-05,-6.98E-05,7.25E-05,-1.55E-04,-2.07E-04,-2.18E-04,-1.06E-04,-1.67E-04,-1.87E-04
1541,-3.29E-04,2.08E-04,-1.95E-04,-2.55E-04,-3.15E-04,-1.13E-04,1.41E-04,-1.73E-04,-2.61E-05,-1.05E-04,1.50E-04,1.87E-05,-7.50E-05,7.54E-05,-1.61E-04,-2.03E-04,-2.50E-04,-1.11E-04,-1.86E-04,-1.69E-04
1542,-3.28E-04,1.92E-04,-1.87E-04,-2.52E-04,-3.11E-04,-1.04E-04,1.29E-04,-1.80E-04,-2.54E-05,-1.00E-04,1.45E-04,-4.92E-06,-8.11E-05,7.89E-05,-1.67E-04,-1.93E-04,-2.80E-04,-1.13E-04,-2.03E-04,-1.49E-04
1543,-3.25E-04,1.77E-04,-1.76E-04,-2.48E-04,-3.06E-04,-9.36E-05,1.19E-04,-1.85E-04,-2.40E-05,-9.50E-05,1.40E-04,-2.81E-05,-8.82E-05,8.26E-05,-1.75E-04,-1.79E-04,-3.05E-04,-1.13E-04,-2.17E-04,-1.28E-04
1544,-3.21E-04,1.63E-04,-1.64E-04,-2.44E-04,-2.98E-04,-8.19E-05,1.10E-04,-1.87E-04,-2.22E-05,-8.88E-05,1.35E-04,-5.06E-05,-9.63E-05,8.62E-05,-1.85E-04,-1.61E-04,-3.25E-04,-1.11E-04,-2.28E-04,-1.06E-04
1545,-3.16E-04,1.51E-04,-1.51E-04,-2.39E-04,-2.90E-04,-6.94E-05,1.04E-04,-1.89E-04,-2.00E-05,-8.19E-05,1.30E-04,-7.21E-05,-1.05E-04,8.98E-05,-1.95E-04,-1.39E-04,-3.41E-04,-1.08E-04,-2.35E-04,-8.38E-05
1546,-3.10E-04,1.41E-04,-1.36E-04,-2.35E-04,-2.80E-04,-5.63E-05,9.82E-05,-1.89E-04,-1.76E-05,-7.47E-05,1.25E-04,-9.24E-05,-1.14E-04,9.30E-05,-2.06E-04,-1.14E-04,-3.53E-04,-1.03E-04,-2.37E-04,-6.29E-05
1547,-3.05E-04,1.33E-04,-1.21E-04,-2.31E-04,-2.68E-04,-4.29E-05,9.38E-05,-1.88E-04,-1.52E-05,-6.71E-05,1.21E-04,-1.11E-04,-1.24E-04,9.58E-05,-2.17E-04,-8.68E-05,-3.59E-04,-9.85E-05,-2.34E-04,-4.35E-05
1548,-2.99E-04,1.26E-04,-1.06E-04,-2.27E-04,-2.56E-04,-2.94E-05,9.02E-05,-1.87E-04,-1.29E-05,-5.95E-05,1.17E-04,-1.29E-04,-1.33E-04,9.82E-05,-2.27E-04,-5.90E-05,-3.61E-04,-9.32E-05,-2.26E-04,-2.60E-05
1549,-2.92E-04,1.22E-04,-9.09E-05,-2.23E-04,-2.43E-04,-1.60E-05,8.72E-05,-1.85E-04,-1.06E-05,-5.20E-05,1.13E-04,-1.44E-04,-1.41E-04,1.00E-04,-2.37E-04,-3.14E-05,-3.59E-04,-8.78E-05,-2.13E-04,-1.08E-05
1550,-2.86E-04,1.19E-04,-7.64E-05,-2.21E-04,-2.29E-04,-3.02E-06,8.46E-05,-1.84E-04,-8.40E-06,-4.45E-05,1.09E-04,-1.59E-04,-1.49E-04,1.02E-04,-2.45E-04,-4.70E-06,-3.54E-04,-8.26E-05,-1.95E-04,2.10E-06
1551,-2.80E-04,1.18E-04,-6.26E-05,-2.18E-04,-2.14E-04,9.54E-06,8.21E-05,-1.83E-04,-6.24E-06,-3.72E-05,1.06E-04,-1.71E-04,-1.54E-04,1.04E-04,-2.50E-04,2.02E-05,-3.45E-04,-7.76E-05,-1.74E-04,1.27E-05
1552,-2.74E-04,1.19E-04,-4.96E-05,-2.16E-04,-1.99E-04,2.16E-05,7.97E-05,-1.81E-04,-4.02E-06,-3.01E-05,1.04E-04,-1.83E-04,-1.58E-04,1.07E-04,-2.53E-04,4.29E-05,-3.34E-04,-7.28E-05,-1.49E-04,2.13E-05
1553,-2.67E-04,1.22E-04,-3.75E-05,-2.14E-04,-1.84E-04,3.32E-05,7.73E-05,-1.80E-04,-1.60E-06,-2.32E-05,1.02E-04,-1.92E-04,-1.60E-04,1.10E-04,-2.52E-04,6.28E-05,-3.21E-04,-6.80E-05,-1.22E-04,2.82E-05
1554,-2.60E-04,1.26E-04,-2.63E-05,-2.12E-04,-1.68E-04,4.43E-05,7.47E-05,-1.78E-04,1.19E-06,-1.63E-05,1.00E-04,-2.01E-04,-1.59E-04,1.13E-04,-2.48E-04,8.00E-05,-3.06E-04,-6.30E-05,-9.41E-05,3.41E-05
1555,-2.52E-04,1.32E-04,-1.57E-05,-2.09E-04,-1.51E-04,5.52E-05,7.19E-05,-1.76E-04,4.51E-06,-9.33E-06,9.98E-05,-2.08E-04,-1.56E-04,1.18E-04,-2.40E-04,9.43E-05,-2.91E-04,-5.75E-05,-6.57E-05,3.94E-05
1556,-2.44E-04,1.39E-04,-5.49E-06,-2.05E-04,-1.34E-04,6.60E-05,6.90E-05,-1.74E-04,8.56E-06,-2.26E-06,9.98E-05,-2.14E-04,-1.52E-04,1.25E-04,-2.29E-04,1.06E-04,-2.75E-04,-5.12E-05,-3.81E-05,4.48E-05
1557,-2.36E-04,1.48E-04,4.58E-06,-1.99E-04,-1.17E-04,7.68E-05,6.58E-05,-1.70E-04,1.35E-05,5.08E-06,1.00E-04,-2.20E-04,-1.45E-04,1.33E-04,-2.13E-04,1.16E-04,-2.59E-04,-4.39E-05,-1.23E-05,5.09E-05
1558,-2.28E-04,1.59E-04,1.49E-05,-1.92E-04,-9.81E-05,8.80E-05,6.25E-05,-1.64E-04,1.95E-05,1.28E-05,1.02E-04,-2.24E-04,-1.36E-04,1.42E-04,-1.95E-04,1.24E-04,-2.44E-04,-3.51E-05,1.09E-05,5.82E-05
1559,-2.19E-04,1.71E-04,2.58E-05,-1.82E-04,-7.86E-05,9.97E-05,5.91E-05,-1.57E-04,2.67E-05,2.09E-05,1.03E-04,-2.27E-04,-1.26E-04,1.54E-04,-1.73E-04,1.31E-04,-2.29E-04,-2.48E-05,3.10E-05,6.72E-05
1560,-2.11E-04,1.85E-04,3.78E-05,-1.70E-04,-5.80E-05,1.12E-04,5.58E-05,-1.47E-04,3.52E-05,2.96E-05,1.06E-04,-2.28E-04,-1.15E-04,1.67E-04,-1.49E-04,1.38E-04,-2.14E-04,-1.28E-05,4.76E-05,7.79E-05
1561,-2.03E-04,2.02E-04,5.10E-05,-1.56E-04,-3.61E-05,1.25E-04,5.27E-05,-1.36E-04,4.49E-05,3.88E-05,1.09E-04,-2.29E-04,-1.03E-04,1.82E-04,-1.24E-04,1.46E-04,-2.00E-04,9.18E-07,6.04E-05,9.07E-05
1562,-1.94E-04,2.19E-04,6.59E-05,-1.39E-04,-1.28E-05,1.40E-04,5.00E-05,-1.22E-04,5.59E-05,4.86E-05,1.12E-04,-2.27E-04,-9.05E-05,1.99E-04,-9.73E-05,1.54E-04,-1.86E-04,1.63E-05,6.95E-05,1.05E-04
1563,-1.86E-04,2.39E-04,8.25E-05,-1.21E-04,1.19E-05,1.55E-04,4.80E-05,-1.06E-04,6.79E-05,5.88E-05,1.16E-04,-2.24E-04,-7.83E-05,2.16E-04,-7.07E-05,1.64E-04,-1.73E-04,3.30E-05,7.51E-05,1.21E-04
1564,-1.78E-04,2.59E-04,1.01E-04,-9.98E-05,3.80E-05,1.72E-04,4.69E-05,-8.72E-05,8.10E-05,6.94E-05,1.20E-04,-2.20E-04,-6.66E-05,2.35E-04,-4.46E-05,1.76E-04,-1.60E-04,5.09E-05,7.77E-05,1.38E-04
1565,-1.70E-04,2.81E-04,1.22E-04,-7.74E-05,6.53E-05,1.89E-04,4.70E-05,-6.70E-05,9.47E-05,8.02E-05,1.25E-04,-2.13E-04,-5.55E-05,2.54E-04,-1.98E-05,1.89E-04,-1.46E-04,6.95E-05,7.78E-05,1.56E-04
1566,-1.61E-04,3.03E-04,1.44E-04,-5.39E-05,9.38E-05,2.08E-04,4.86E-05,-4.54E-05,1.09E-04,9.10E-05,1.30E-04,-2.04E-04,-4.53E-05,2.73E-04,3.24E-06,2.05E-04,-1.32E-04,8.82E-05,7.62E-05,1.73E-04
1567,-1.51E-04,3.24E-04,1.67E-04,-2.98E-05,1.23E-04,2.27E-04,5.19E-05,-2.28E-05,1.23E-04,1.02E-04,1.35E-04,-1.93E-04,-3.62E-05,2.92E-04,2.40E-05,2.23E-04,-1.18E-04,1.07E-04,7.36E-05,1.89E-04
1568,-1.41E-04,3.45E-04,1.92E-04,-5.70E-06,1.53E-04,2.46E-04,5.72E-05,2.36E-07,1.38E-04,1.12E-04,1.40E-04,-1.80E-04,-2.81E-05,3.10E-04,4.21E-05,2.42E-04,-1.03E-04,1.24E-04,7.06E-05,2.04E-04
1569,-1.30E-04,3.65E-04,2.18E-04,1.78E-05,1.83E-04,2.66E-04,6.47E-05,2.32E-05,1.51E-04,1.21E-04,1.46E-04,-1.65E-04,-2.12E-05,3.26E-04,5.74E-05,2.62E-04,-8.64E-05,1.40E-04,6.79E-05,2.16E-04
1570,-1.17E-04,3.82E-04,2.44E-04,4.02E-05,2.13E-04,2.85E-04,7.47E-05,4.57E-05,1.64E-04,1.30E-04,1.51E-04,-1.48E-04,-1.54E-05,3.41E-04,7.00E-05,2.83E-04,-6.94E-05,1.54E-04,6.62E-05,2.26E-04
1571,-1.02E-04,3.96E-04,2.69E-04,6.09E-05,2.42E-04,3.03E-04,8.70E-05,6.71E-05,1.76E-04,1.37E-04,1.56E-04,-1.29E-04,-1.06E-05,3.54E-04,7.98E-05,3.04E-04,-5.18E-05,1.66E-04,6.58E-05,2.33E-04
1572,-8.53E-05,4.08E-04,2.94E-04,7.95E-05,2.70E-04,3.21E-04,1.02E-04,8.70E-05,1.87E-04,1.43E-04,1.61E-04,-1.10E-04,-6.72E-06,3.64E-04,8.73E-05,3.24E-04,-3.38E-05,1.76E-04,6.69E-05,2.36E-04
1573,-6.66E-05,4.15E-04,3.17E-04,9.58E-05,2.97E-04,3.37E-04,1.19E-04,1.05E-04,1.96E-04,1.47E-04,1.65E-04,-8.98E-05,-3.51E-06,3.73E-04,9.27E-05,3.43E-04,-1.55E-05,1.83E-04,6.97E-05,2.36E-04
1574,-4.62E-05,4.19E-04,3.39E-04,1.09E-04,3.21E-04,3.52E-04,1.38E-04,1.22E-04,2.04E-04,1.50E-04,1.68E-04,-6.97E-05,-8.17E-07,3.78E-04,9.64E-05,3.60E-04,2.70E-06,1.87E-04,7.39E-05,2.32E-04
1575,-2.40E-05,4.19E-04,3.58E-04,1.21E-04,3.44E-04,3.65E-04,1.59E-04,1.36E-04,2.10E-04,1.51E-04,1.70E-04,-5.00E-05,1.54E-06,3.82E-04,9.91E-05,3.74E-04,2.04E-05,1.89E-04,7.94E-05,2.27E-04
1576,-5.67E-07,4.15E-04,3.75E-04,1.29E-04,3.64E-04,3.76E-04,1.82E-04,1.48E-04,2.15E-04,1.50E-04,1.71E-04,-3.12E-05,3.77E-06,3.83E-04,1.01E-04,3.85E-04,3.74E-05,1.88E-04,8.56E-05,2.19E-04
1577,2.37E-05,4.08E-04,3.90E-04,1.35E-04,3.82E-04,3.85E-04,2.05E-04,1.59E-04,2.18E-04,1.48E-04,1.70E-04,-1.38E-05,6.04E-06,3.83E-04,1.03E-04,3.93E-04,5.32E-05,1.86E-04,9.20E-05,2.10E-04
1578,4.82E-05,3.98E-04,4.02E-04,1.40E-04,3.98E-04,3.93E-04,2.29E-04,1.68E-04,2.21E-04,1.44E-04,1.69E-04,1.65E-06,8.54E-06,3.81E-04,1.04E-04,3.98E-04,6.78E-05,1.83E-04,9.82E-05,2.01E-04
1579,7.24E-05,3.86E-04,4.13E-04,1.42E-04,4.11E-04,3.98E-04,2.52E-04,1.77E-04,2.22E-04,1.40E-04,1.66E-04,1.48E-05,1.14E-05,3.77E-04,1.07E-04,4.00E-04,8.08E-05,1.78E-04,1.04E-04,1.92E-04
1580,9.55E-05,3.73E-04,4.21E-04,1.44E-04,4.23E-04,4.03E-04,2.75E-04,1.84E-04,2.23E-04,1.34E-04,1.62E-04,2.55E-05,1.47E-05,3.73E-04,1.10E-04,3.99E-04,9.24E-05,1.74E-04,1.08E-04,1.83E-04
1581,1.17E-04,3.59E-04,4.28E-04,1.45E-04,4.33E-04,4.06E-04,2.96E-04,1.91E-04,2.24E-04,1.27E-04,1.57E-04,3.34E-05,1.87E-05,3.69E-04,1.13E-04,3.95E-04,1.02E-04,1.70E-04,1.10E-04,1.77E-04
1582,1.36E-04,3.46E-04,4.34E-04,1.46E-04,4.43E-04,4.08E-04,3.14E-04,1.99E-04,2.25E-04,1.21E-04,1.51E-04,3.87E-05,2.32E-05,3.64E-04,1.17E-04,3.89E-04,1.11E-04,1.67E-04,1.11E-04,1.72E-04
1583,1.53E-04,3.35E-04,4.40E-04,1.48E-04,4.52E-04,4.09E-04,3.30E-04,2.07E-04,2.26E-04,1.14E-04,1.45E-04,4.13E-05,2.84E-05,3.60E-04,1.22E-04,3.82E-04,1.19E-04,1.66E-04,1.09E-04,1.70E-04
1584,1.66E-04,3.26E-04,4.46E-04,1.50E-04,4.61E-04,4.11E-04,3.42E-04,2.16E-04,2.28E-04,1.07E-04,1.39E-04,4.15E-05,3.43E-05,3.57E-04,1.27E-04,3.74E-04,1.27E-04,1.66E-04,1.06E-04,1.71E-04
1585,1.77E-04,3.19E-04,4.52E-04,1.53E-04,4.71E-04,4.12E-04,3.51E-04,2.27E-04,2.31E-04,1.01E-04,1.33E-04,3.97E-05,4.08E-05,3.54E-04,1.33E-04,3.65E-04,1.34E-04,1.69E-04,1.02E-04,1.73E-04
1586,1.84E-04,3.16E-04,4.60E-04,1.57E-04,4.82E-04,4.14E-04,3.56E-04,2.38E-04,2.36E-04,9.61E-05,1.27E-04,3.63E-05,4.79E-05,3.53E-04,1.38E-04,3.56E-04,1.42E-04,1.73E-04,9.65E-05,1.78E-04
1587,1.89E-04,3.17E-04,4.69E-04,1.64E-04,4.95E-04,4.17E-04,3.57E-04,2.51E-04,2.41E-04,9.17E-05,1.23E-04,3.18E-05,5.54E-05,3.53E-04,1.42E-04,3.48E-04,1.51E-04,1.80E-04,9.10E-05,1.84E-04
1588,1.91E-04,3.20E-04,4.80E-04,1.71E-04,5.10E-04,4.20E-04,3.55E-04,2.66E-04,2.48E-04,8.83E-05,1.20E-04,2.68E-05,6.33E-05,3.54E-04,1.46E-04,3.42E-04,1.61E-04,1.88E-04,8.59E-05,1.91E-04
1589,1.91E-04,3.27E-04,4.93E-04,1.80E-04,5.26E-04,4.24E-04,3.49E-04,2.81E-04,2.56E-04,8.59E-05,1.18E-04,2.18E-05,7.14E-05,3.56E-04,1.48E-04,3.37E-04,1.73E-04,1.98E-04,8.19E-05,1.97E-04
1590,1.90E-04,3.36E-04,5.08E-04,1.90E-04,5.45E-04,4.30E-04,3.39E-04,2.98E-04,2.65E-04,8.46E-05,1.18E-04,1.74E-05,7.96E-05,3.59E-04,1.49E-04,3.33E-04,1.87E-04,2.09E-04,7.97E-05,2.03E-04
1591,1.89E-04,3.46E-04,5.25E-04,2.02E-04,5.66E-04,4.36E-04,3.27E-04,3.15E-04,2.76E-04,8.42E-05,1.20E-04,1.40E-05,8.77E-05,3.63E-04,1.49E-04,3.32E-04,2.03E-04,2.21E-04,7.98E-05,2.08E-04
1592,1.88E-04,3.57E-04,5.44E-04,2.14E-04,5.88E-04,4.44E-04,3.12E-04,3.33E-04,2.86E-04,8.47E-05,1.23E-04,1.21E-05,9.54E-05,3.67E-04,1.48E-04,3.32E-04,2.21E-04,2.33E-04,8.29E-05,2.10E-04
1593,1.89E-04,3.67E-04,5.64E-04,2.26E-04,6.12E-04,4.52E-04,2.96E-04,3.50E-04,2.97E-04,8.59E-05,1.29E-04,1.20E-05,1.03E-04,3.70E-04,1.45E-04,3.33E-04,2.41E-04,2.45E-04,8.90E-05,2.08E-04
1594,1.90E-04,3.76E-04,5.84E-04,2.39E-04,6.37E-04,4.61E-04,2.79E-04,3.67E-04,3.08E-04,8.75E-05,1.35E-04,1.38E-05,1.09E-04,3.74E-04,1.41E-04,3.36E-04,2.62E-04,2.55E-04,9.82E-05,2.04E-04
1595,1.94E-04,3.82E-04,6.05E-04,2.51E-04,6.61E-04,4.70E-04,2.62E-04,3.84E-04,3.19E-04,8.93E-05,1.42E-04,1.75E-05,1.15E-04,3.76E-04,1.37E-04,3.40E-04,2.83E-04,2.65E-04,1.10E-04,1.96E-04
1596,2.00E-04,3.85E-04,6.26E-04,2.62E-04,6.86E-04,4.79E-04,2.45E-04,3.99E-04,3.29E-04,9.11E-05,1.50E-04,2.30E-05,1.20E-04,3.77E-04,1.32E-04,3.43E-04,3.05E-04,2.72E-04,1.25E-04,1.84E-04
1597,2.09E-04,3.83E-04,6.45E-04,2.73E-04,7.09E-04,4.87E-04,2.29E-04,4.12E-04,3.38E-04,9.25E-05,1.57E-04,3.01E-05,1.24E-04,3.76E-04,1.26E-04,3.47E-04,3.25E-04,2.78E-04,1.41E-04,1.69E-04
1598,2.19E-04,3.78E-04,6.63E-04,2.82E-04,7.31E-04,4.95E-04,2.14E-04,4.24E-04,3.45E-04,9.35E-05,1.64E-04,3.82E-05,1.27E-04,3.74E-04,1.21E-04,3.50E-04,3.43E-04,2.81E-04,1.59E-04,1.51E-04
1599,2.31E-04,3.67E-04,6.78E-04,2.90E-04,7.50E-04,5.02E-04,2.01E-04,4.34E-04,3.51E-04,9.36E-05,1.70E-04,4.68E-05,1.28E-04,3.69E-04,1.15E-04,3.51E-04,3.59E-04,2.83E-04,1.76E-04,1.31E-04
1600,2.43E-04,3.53E-04,6.90E-04,2.97E-04,7.66E-04,5.07E-04,1.90E-04,4.42E-04,3.55E-04,9.28E-05,1.74E-04,5.54E-05,1.28E-04,3.62E-04,1.11E-04,3.50E-04,3.72E-04,2.81E-04,1.92E-04,1.09E-04
1601,2.56E-04,3.34E-04,7.00E-04,3.02E-04,7.80E-04,5.11E-04,1.81E-04,4.48E-04,3.58E-04,9.10E-05,1.76E-04,6.31E-05,1.27E-04,3.53E-04,1.07E-04,3.47E-04,3.80E-04,2.78E-04,2.06E-04,8.72E-05
1602,2.67E-04,3.12E-04,7.06E-04,3.05E-04,7.89E-04,5.13E-04,1.75E-04,4.51E-04,3.58E-04,8.79E-05,1.76E-04,6.94E-05,1.25E-04,3.41E-04,1.03E-04,3.41E-04,3.84E-04,2.72E-04,2.17E-04,6.61E-05
1603,2.77E-04,2.87E-04,7.08E-04,3.06E-04,7.95E-04,5.13E-04,1.70E-04,4.53E-04,3.56E-04,8.36E-05,1.73E-04,7.36E-05,1.22E-04,3.28E-04,1.00E-04,3.31E-04,3.83E-04,2.65E-04,2.24E-04,4.68E-05
1604,2.83E-04,2.61E-04,7.08E-04,3.06E-04,7.97E-04,5.11E-04,1.67E-04,4.52E-04,3.53E-04,7.82E-05,1.67E-04,7.50E-05,1.17E-04,3.13E-04,9.81E-05,3.19E-04,3.77E-04,2.57E-04,2.26E-04,3.03E-05
1605,2.86E-04,2.34E-04,7.04E-04,3.04E-04,7.95E-04,5.07E-04,1.65E-04,4.50E-04,3.47E-04,7.15E-05,1.59E-04,7.31E-05,1.12E-04,2.96E-04,9.61E-05,3.04E-04,3.67E-04,2.48E-04,2.22E-04,1.75E-05
1606,2.84E-04,2.08E-04,6.97E-04,3.01E-04,7.91E-04,5.01E-04,1.64E-04,4.45E-04,3.41E-04,6.39E-05,1.48E-04,6.75E-05,1.06E-04,2.77E-04,9.41E-05,2.86E-04,3.53E-04,2.38E-04,2.14E-04,8.89E-06
1607,2.78E-04,1.83E-04,6.87E-04,2.97E-04,7.83E-04,4.93E-04,1.64E-04,4.39E-04,3.33E-04,5.54E-05,1.34E-04,5.82E-05,9.99E-05,2.58E-04,9.19E-05,2.66E-04,3.35E-04,2.28E-04,1.99E-04,5.02E-06
1608,2.68E-04,1.61E-04,6.75E-04,2.91E-04,7.73E-04,4.84E-04,1.64E-04,4.32E-04,3.24E-04,4.61E-05,1.19E-04,4.49E-05,9.31E-05,2.39E-04,8.91E-05,2.44E-04,3.15E-04,2.18E-04,1.80E-04,6.01E-06
1609,2.53E-04,1.42E-04,6.62E-04,2.84E-04,7.61E-04,4.73E-04,1.64E-04,4.23E-04,3.14E-04,3.63E-05,1.03E-04,2.80E-05,8.63E-05,2.19E-04,8.54E-05,2.20E-04,2.93E-04,2.08E-04,1.57E-04,1.17E-05
1610,2.34E-04,1.26E-04,6.48E-04,2.75E-04,7.48E-04,4.62E-04,1.63E-04,4.14E-04,3.04E-04,2.62E-05,8.54E-05,7.73E-06,7.94E-05,2.00E-04,8.05E-05,1.96E-04,2.70E-04,1.99E-04,1.31E-04,2.17E-05
1611,2.12E-04,1.14E-04,6.33E-04,2.66E-04,7.35E-04,4.49E-04,1.61E-04,4.03E-04,2.93E-04,1.61E-05,6.80E-05,-1.53E-05,7.28E-05,1.81E-04,7.42E-05,1.71E-04,2.48E-04,1.91E-04,1.02E-04,3.53E-05
1612,1.89E-04,1.05E-04,6.18E-04,2.57E-04,7.21E-04,4.36E-04,1.59E-04,3.92E-04,2.83E-04,6.03E-06,5.11E-05,-4.04E-05,6.65E-05,1.63E-04,6.65E-05,1.48E-04,2.26E-04,1.84E-04,7.24E-05,5.17E-05
1613,1.65E-04,9.97E-05,6.04E-04,2.46E-04,7.08E-04,4.22E-04,1.54E-04,3.81E-04,2.73E-04,-3.72E-06,3.52E-05,-6.67E-05,6.08E-05,1.47E-04,5.72E-05,1.25E-04,2.07E-04,1.77E-04,4.31E-05,6.97E-05
1614,1.42E-04,9.69E-05,5.90E-04,2.35E-04,6.96E-04,4.09E-04,1.49E-04,3.69E-04,2.64E-04,-1.30E-05,2.08E-05,-9.34E-05,5.56E-05,1.32E-04,4.65E-05,1.04E-04,1.90E-04,1.70E-04,1.54E-05,8.83E-05
1615,1.21E-04,9.60E-05,5.78E-04,2.24E-04,6.85E-04,3.96E-04,1.43E-04,3.58E-04,2.55E-04,-2.17E-05,8.34E-06,-1.19E-04,5.11E-05,1.18E-04,3.44E-05,8.61E-05,1.76E-04,1.65E-04,-9.67E-06,1.06E-04
1616,1.03E-04,9.61E-05,5.67E-04,2.13E-04,6.76E-04,3.84E-04,1.35E-04,3.48E-04,2.47E-04,-2.96E-05,-1.95E-06,-1.44E-04,4.73E-05,1.06E-04,2.11E-05,7.03E-05,1.65E-04,1.59E-04,-3.11E-05,1.23E-04
1617,9.00E-05,9.64E-05,5.58E-04,2.02E-04,6.68E-04,3.73E-04,1.27E-04,3.38E-04,2.40E-04,-3.68E-05,-9.89E-06,-1.66E-04,4.43E-05,9.63E-05,7.00E-06,5.73E-05,1.57E-04,1.54E-04,-4.81E-05,1.36E-04
1618,8.24E-05,9.61E-05,5.50E-04,1.92E-04,6.62E-04,3.64E-04,1.17E-04,3.29E-04,2.34E-04,-4.31E-05,-1.55E-05,-1.84E-04,4.18E-05,8.78E-05,-7.66E-06,4.69E-05,1.53E-04,1.48E-04,-6.02E-05,1.46E-04
1619,8.05E-05,9.43E-05,5.44E-04,1.83E-04,6.58E-04,3.55E-04,1.08E-04,3.21E-04,2.28E-04,-4.86E-05,-1.88E-05,-1.98E-04,4.00E-05,8.08E-05,-2.25E-05,3.91E-05,1.51E-04,1.42E-04,-6.73E-05,1.52E-04
1620,8.46E-05,9.06E-05,5.39E-04,1.74E-04,6.55E-04,3.48E-04,9.80E-05,3.14E-04,2.24E-04,-5.34E-05,-2.00E-05,-2.08E-04,3.87E-05,7.51E-05,-3.73E-05,3.36E-05,1.51E-04,1.35E-04,-6.95E-05,1.54E-04
1621,9.42E-05,8.45E-05,5.36E-04,1.67E-04,6.53E-04,3.42E-04,8.83E-05,3.08E-04,2.20E-04,-5.74E-05,-1.96E-05,-2.13E-04,3.78E-05,7.05E-05,-5.17E-05,2.98E-05,1.53E-04,1.27E-04,-6.72E-05,1.51E-04
1622,1.09E-04,7.57E-05,5.33E-04,1.60E-04,6.53E-04,3.38E-04,7.87E-05,3.03E-04,2.16E-04,-6.08E-05,-1.78E-05,-2.14E-04,3.71E-05,6.66E-05,-6.55E-05,2.72E-05,1.55E-04,1.19E-04,-6.11E-05,1.44E-04
1623,1.27E-04,6.44E-05,5.30E-04,1.55E-04,6.52E-04,3.35E-04,6.96E-05,2.99E-04,2.13E-04,-6.38E-05,-1.51E-05,-2.09E-04,3.64E-05,6.32E-05,-7.84E-05,2.52E-05,1.58E-04,1.10E-04,-5.21E-05,1.34E-04
1624,1.48E-04,5.05E-05,5.28E-04,1.52E-04,6.52E-04,3.33E-04,6.08E-05,2.96E-04,2.10E-04,-6.63E-05,-1.21E-05,-2.01E-04,3.56E-05,6.00E-05,-9.05E-05,2.31E-05,1.60E-04,9.94E-05,-4.12E-05,1.20E-04
1625,1.70E-04,3.47E-05,5.26E-04,1.49E-04,6.52E-04,3.32E-04,5.25E-05,2.93E-04,2.07E-04,-6.87E-05,-9.11E-06,-1.88E-04,3.44E-05,5.66E-05,-1.02E-04,2.02E-05,1.60E-04,8.83E-05,-2.95E-05,1.05E-04
1626,1.92E-04,1.74E-05,5.23E-04,1.48E-04,6.51E-04,3.31E-04,4.45E-05,2.90E-04,2.03E-04,-7.10E-05,-6.70E-06,-1.73E-04,3.27E-05,5.28E-05,-1.12E-04,1.61E-05,1.59E-04,7.64E-05,-1.80E-05,8.86E-05
1627,2.11E-04,-6.58E-07,5.20E-04,1.48E-04,6.50E-04,3.31E-04,3.67E-05,2.88E-04,2.00E-04,-7.33E-05,-5.25E-06,-1.56E-04,3.04E-05,4.83E-05,-1.22E-04,1.00E-05,1.56E-04,6.38E-05,-7.75E-06,7.27E-05
1628,2.27E-04,-1.88E-05,5.16E-04,1.48E-04,6.47E-04,3.31E-04,2.89E-05,2.84E-04,1.95E-04,-7.59E-05,-5.06E-06,-1.38E-04,2.73E-05,4.30E-05,-1.31E-04,1.81E-06,1.51E-04,5.06E-05,3.18E-07,5.83E-05
1629,2.38E-04,-3.62E-05,5.12E-04,1.49E-04,6.44E-04,3.30E-04,2.10E-05,2.80E-04,1.90E-04,-7.87E-05,-6.39E-06,-1.20E-04,2.33E-05,3.66E-05,-1.39E-04,-8.88E-06,1.43E-04,3.72E-05,5.55E-06,4.62E-05
1630,2.43E-04,-5.24E-05,5.06E-04,1.49E-04,6.39E-04,3.30E-04,1.27E-05,2.74E-04,1.84E-04,-8.20E-05,-9.39E-06,-1.03E-04,1.85E-05,2.92E-05,-1.48E-04,-2.21E-05,1.32E-04,2.37E-05,7.47E-06,3.74E-05
1631,2.43E-04,-6.66E-05,4.99E-04,1.50E-04,6.33E-04,3.28E-04,3.85E-06,2.67E-04,1.78E-04,-8.57E-05,-1.41E-05,-8.82E-05,1.27E-05,2.07E-05,-1.56E-04,-3.76E-05,1.20E-04,1.02E-05,5.89E-06,3.24E-05
1632,2.35E-04,-7.85E-05,4.91E-04,1.49E-04,6.26E-04,3.25E-04,-5.79E-06,2.58E-04,1.70E-04,-8.99E-05,-2.04E-05,-7.61E-05,6.12E-06,1.11E-05,-1.65E-04,-5.53E-05,1.05E-04,-2.93E-06,8.52E-07,3.14E-05
1633,2.22E-04,-8.78E-05,4.83E-04,1.48E-04,6.18E-04,3.22E-04,-1.64E-05,2.47E-04,1.61E-04,-9.46E-05,-2.83E-05,-6.74E-05,-1.19E-06,6.21E-07,-1.74E-04,-7.46E-05,8.87E-05,-1.55E-05,-7.34E-06,3.44E-05
1634,2.04E-04,-9.46E-05,4.73E-04,1.45E-04,6.09E-04,3.17E-04,-2.79E-05,2.34E-04,1.52E-04,-9.97E-05,-3.74E-05,-6.25E-05,-9.04E-06,-1.06E-05,-1.83E-04,-9.50E-05,7.13E-05,-2.74E-05,-1.82E-05,4.10E-05
1635,1.81E-04,-9.88E-05,4.63E-04,1.41E-04,5.99E-04,3.11E-04,-4.05E-05,2.19E-04,1.42E-04,-1.05E-04,-4.75E-05,-6.17E-05,-1.72E-05,-2.22E-05,-1.92E-04,-1.16E-04,5.32E-05,-3.84E-05,-3.09E-05,5.06E-05
1636,1.56E-04,-1.01E-04,4.53E-04,1.35E-04,5.89E-04,3.04E-04,-5.40E-05,2.03E-04,1.32E-04,-1.11E-04,-5.83E-05,-6.50E-05,-2.55E-05,-3.40E-05,-2.01E-04,-1.36E-04,3.49E-05,-4.83E-05,-4.48E-05,6.22E-05
1637,1.31E-04,-1.01E-04,4.42E-04,1.28E-04,5.79E-04,2.96E-04,-6.83E-05,1.85E-04,1.21E-04,-1.17E-04,-6.93E-05,-7.21E-05,-3.36E-05,-4.57E-05,-2.09E-04,-1.56E-04,1.68E-05,-5.70E-05,-5.89E-05,7.48E-05
1638,1.06E-04,-1.00E-04,4.31E-04,1.20E-04,5.69E-04,2.88E-04,-8.31E-05,1.66E-04,1.10E-04,-1.23E-04,-8.03E-05,-8.26E-05,-4.11E-05,-5.70E-05,-2.17E-04,-1.74E-04,-5.58E-07,-6.44E-05,-7.22E-05,8.71E-05
1639,8.41E-05,-9.85E-05,4.20E-04,1.11E-04,5.59E-04,2.79E-04,-9.82E-05,1.48E-04,9.94E-05,-1.29E-04,-9.08E-05,-9.60E-05,-4.80E-05,-6.74E-05,-2.23E-04,-1.89E-04,-1.68E-05,-7.04E-05,-8.41E-05,9.80E-05
1640,6.62E-05,-9.68E-05,4.10E-04,1.01E-04,5.50E-04,2.70E-04,-1.13E-04,1.29E-04,8.92E-05,-1.35E-04,-1.00E-04,-1.11E-04,-5.38E-05,-7.67E-05,-2.28E-04,-2.02E-04,-3.16E-05,-7.49E-05,-9.37E-05,1.06E-04
1641,5.38E-05,-9.55E-05,4.00E-04,9.14E-05,5.42E-04,2.61E-04,-1.28E-04,1.12E-04,7.96E-05,-1.40E-04,-1.09E-04,-1.28E-04,-5.85E-05,-8.46E-05,-2.31E-04,-2.11E-04,-4.47E-05,-7.79E-05,-1.01E-04,1.11E-04
1642,4.78E-05,-9.52E-05,3.90E-04,8.21E-05,5.35E-04,2.52E-04,-1.41E-04,9.60E-05,7.11E-05,-1.45E-04,-1.16E-04,-1.45E-04,-6.17E-05,-9.09E-05,-2.31E-04,-2.17E-04,-5.58E-05,-7.95E-05,-1.04E-04,1.11E-04
1643,4.86E-05,-9.60E-05,3.81E-04,7.36E-05,5.29E-04,2.44E-04,-1.53E-04,8.22E-05,6.36E-05,-1.49E-04,-1.22E-04,-1.62E-04,-6.35E-05,-9.55E-05,-2.30E-04,-2.20E-04,-6.47E-05,-7.96E-05,-1.05E-04,1.07E-04
1644,5.62E-05,-9.84E-05,3.73E-04,6.65E-05,5.24E-04,2.38E-04,-1.64E-04,7.10E-05,5.75E-05,-1.52E-04,-1.27E-04,-1.78E-04,-6.38E-05,-9.82E-05,-2.25E-04,-2.20E-04,-7.12E-05,-7.83E-05,-1.02E-04,9.76E-05
1645,7.01E-05,-1.02E-04,3.65E-04,6.12E-05,5.21E-04,2.33E-04,-1.72E-04,6.27E-05,5.28E-05,-1.54E-04,-1.29E-04,-1.91E-04,-6.26E-05,-9.89E-05,-2.18E-04,-2.16E-04,-7.52E-05,-7.59E-05,-9.71E-05,8.38E-05
1646,8.94E-05,-1.08E-04,3.59E-04,5.80E-05,5.18E-04,2.30E-04,-1.78E-04,5.74E-05,4.97E-05,-1.55E-04,-1.31E-04,-2.03E-04,-6.01E-05,-9.79E-05,-2.09E-04,-2.11E-04,-7.67E-05,-7.23E-05,-8.95E-05,6.59E-05
1647,1.13E-04,-1.14E-04,3.53E-04,5.71E-05,5.17E-04,2.28E-04,-1.81E-04,5.54E-05,4.81E-05,-1.54E-04,-1.30E-04,-2.12E-04,-5.64E-05,-9.52E-05,-1.97E-04,-2.03E-04,-7.56E-05,-6.79E-05,-8.04E-05,4.48E-05
1648,1.39E-04,-1.22E-04,3.48E-04,5.88E-05,5.17E-04,2.28E-04,-1.82E-04,5.66E-05,4.81E-05,-1.52E-04,-1.29E-04,-2.19E-04,-5.18E-05,-9.09E-05,-1.83E-04,-1.94E-04,-7.20E-05,-6.27E-05,-7.05E-05,2.16E-05
1649,1.65E-04,-1.30E-04,3.44E-04,6.30E-05,5.17E-04,2.30E-04,-1.80E-04,6.08E-05,4.95E-05,-1.49E-04,-1.26E-04,-2.22E-04,-4.64E-05,-8.54E-05,-1.68E-04,-1.85E-04,-6.58E-05,-5.71E-05,-6.04E-05,-2.40E-06
1650,1.91E-04,-1.38E-04,3.41E-04,6.96E-05,5.19E-04,2.34E-04,-1.76E-04,6.76E-05,5.22E-05,-1.45E-04,-1.23E-04,-2.24E-04,-4.08E-05,-7.89E-05,-1.52E-04,-1.75E-04,-5.73E-05,-5.12E-05,-5.11E-05,-2.59E-05
1651,2.14E-04,-1.45E-04,3.40E-04,7.83E-05,5.21E-04,2.39E-04,-1.70E-04,7.67E-05,5.60E-05,-1.40E-04,-1.19E-04,-2.24E-04,-3.50E-05,-7.16E-05,-1.35E-04,-1.65E-04,-4.67E-05,-4.54E-05,-4.31E-05,-4.77E-05
1652,2.33E-04,-1.52E-04,3.39E-04,8.88E-05,5.23E-04,2.46E-04,-1.61E-04,8.76E-05,6.08E-05,-1.33E-04,-1.14E-04,-2.22E-04,-2.94E-05,-6.40E-05,-1.18E-04,-1.57E-04,-3.42E-05,-3.98E-05,-3.69E-05,-6.64E-05
1653,2.47E-04,-1.57E-04,3.40E-04,1.01E-04,5.26E-04,2.54E-04,-1.51E-04,9.98E-05,6.63E-05,-1.26E-04,-1.10E-04,-2.20E-04,-2.42E-05,-5.63E-05,-1.02E-04,-1.49E-04,-2.01E-05,-3.47E-05,-3.31E-05,-8.10E-05
1654,2.54E-04,-1.61E-04,3.41E-04,1.13E-04,5.28E-04,2.62E-04,-1.40E-04,1.13E-04,7.23E-05,-1.18E-04,-1.05E-04,-2.18E-04,-1.96E-05,-4.87E-05,-8.67E-05,-1.43E-04,-4.75E-06,-3.03E-05,-3.17E-05,-9.08E-05
1655,2.55E-04,-1.62E-04,3.44E-04,1.26E-04,5.31E-04,2.71E-04,-1.28E-04,1.26E-04,7.85E-05,-1.09E-04,-1.01E-04,-2.16E-04,-1.56E-05,-4.15E-05,-7.28E-05,-1.38E-04,1.13E-05,-2.66E-05,-3.28E-05,-9.53E-05
1656,2.50E-04,-1.62E-04,3.48E-04,1.39E-04,5.34E-04,2.80E-04,-1.16E-04,1.39E-04,8.48E-05,-1.00E-04,-9.65E-05,-2.15E-04,-1.23E-05,-3.47E-05,-6.05E-05,-1.34E-04,2.76E-05,-2.38E-05,-3.62E-05,-9.44E-05
1657,2.40E-04,-1.59E-04,3.54E-04,1.52E-04,5.37E-04,2.89E-04,-1.04E-04,1.51E-04,9.10E-05,-9.10E-05,-9.28E-05,-2.16E-04,-9.67E-06,-2.84E-05,-4.97E-05,-1.31E-04,4.38E-05,-2.18E-05,-4.13E-05,-8.84E-05
1658,2.26E-04,-1.54E-04,3.60E-04,1.63E-04,5.39E-04,2.97E-04,-9.26E-05,1.62E-04,9.70E-05,-8.15E-05,-8.94E-05,-2.18E-04,-7.45E-06,-2.27E-05,-4.05E-05,-1.29E-04,5.93E-05,-2.05E-05,-4.77E-05,-7.77E-05
1659,2.09E-04,-1.47E-04,3.68E-04,1.74E-04,5.41E-04,3.05E-04,-8.24E-05,1.73E-04,1.03E-04,-7.19E-05,-8.61E-05,-2.21E-04,-5.44E-06,-1.73E-05,-3.27E-05,-1.27E-04,7.38E-05,-1.99E-05,-5.46E-05,-6.32E-05
1660,1.91E-04,-1.38E-04,3.77E-04,1.83E-04,5.43E-04,3.12E-04,-7.34E-05,1.82E-04,1.08E-04,-6.23E-05,-8.29E-05,-2.26E-04,-3.34E-06,-1.21E-05,-2.58E-05,-1.24E-04,8.68E-05,-1.96E-05,-6.12E-05,-4.58E-05
1661,1.74E-04,-1.27E-04,3.86E-04,1.90E-04,5.46E-04,3.18E-04,-6.58E-05,1.91E-04,1.13E-04,-5.28E-05,-7.95E-05,-2.32E-04,-8.05E-07,-6.93E-06,-1.95E-05,-1.21E-04,9.81E-05,-1.94E-05,-6.68E-05,-2.68E-05
1662,1.60E-04,-1.15E-04,3.97E-04,1.97E-04,5.48E-04,3.23E-04,-5.96E-05,1.99E-04,1.18E-04,-4.33E-05,-7.56E-05,-2.38E-04,2.53E-06,-1.43E-06,-1.32E-05,-1.16E-04,1.08E-04,-1.89E-05,-7.06E-05,-7.12E-06
1663,1.50E-04,-1.01E-04,4.08E-04,2.02E-04,5.51E-04,3.28E-04,-5.47E-05,2.07E-04,1.23E-04,-3.37E-05,-7.08E-05,-2.44E-04,7.03E-06,4.70E-06,-6.41E-06,-1.10E-04,1.16E-04,-1.76E-05,-7.19E-05,1.21E-05
1664,1.47E-04,-8.52E-05,4.19E-04,2.07E-04,5.53E-04,3.32E-04,-5.09E-05,2.16E-04,1.28E-04,-2.40E-05,-6.48E-05,-2.48E-04,1.31E-05,1.18E-05,1.49E-06,-1.02E-04,1.22E-04,-1.52E-05,-7.01E-05,3.01E-05
1665,1.52E-04,-6.86E-05,4.31E-04,2.12E-04,5.57E-04,3.35E-04,-4.78E-05,2.25E-04,1.33E-04,-1.41E-05,-5.73E-05,-2.50E-04,2.09E-05,2.01E-05,1.10E-05,-9.23E-05,1.27E-04,-1.12E-05,-6.48E-05,4.63E-05
1666,1.64E-04,-5.09E-05,4.44E-04,2.18E-04,5.61E-04,3.38E-04,-4.50E-05,2.35E-04,1.39E-04,-3.80E-06,-4.80E-05,-2.49E-04,3.08E-05,3.00E-05,2.25E-05,-8.03E-05,1.31E-04,-5.23E-06,-5.60E-05,6.03E-05
1667,1.85E-04,-3.22E-05,4.56E-04,2.24E-04,5.66E-04,3.42E-04,-4.19E-05,2.47E-04,1.46E-04,7.05E-06,-3.64E-05,-2.44E-04,4.29E-05,4.16E-05,3.64E-05,-6.64E-05,1.36E-04,3.13E-06,-4.35E-05,7.21E-05
1668,2.14E-04,-1.26E-05,4.68E-04,2.31E-04,5.72E-04,3.45E-04,-3.81E-05,2.60E-04,1.54E-04,1.86E-05,-2.25E-05,-2.34E-04,5.73E-05,5.52E-05,5.29E-05,-5.08E-05,1.41E-04,1.41E-05,-2.75E-05,8.21E-05
1669,2.50E-04,8.01E-06,4.80E-04,2.40E-04,5.79E-04,3.50E-04,-3.28E-05,2.76E-04,1.62E-04,3.11E-05,-6.06E-06,-2.19E-04,7.40E-05,7.07E-05,7.21E-05,-3.35E-05,1.48E-04,2.80E-05,-8.48E-06,9.07E-05
1670,2.92E-04,2.96E-05,4.92E-04,2.51E-04,5.88E-04,3.54E-04,-2.56E-05,2.95E-04,1.73E-04,4.46E-05,1.30E-05,-1.98E-04,9.29E-05,8.82E-05,9.39E-05,-1.50E-05,1.57E-04,4.47E-05,1.31E-05,9.88E-05
1671,3.39E-04,5.20E-05,5.04E-04,2.65E-04,5.97E-04,3.60E-04,-1.57E-05,3.16E-04,1.84E-04,5.92E-05,3.44E-05,-1.71E-04,1.14E-04,1.08E-04,1.18E-04,4.53E-06,1.70E-04,6.44E-05,3.67E-05,1.07E-04
1672,3.89E-04,7.53E-05,5.16E-04,2.80E-04,6.08E-04,3.67E-04,-2.83E-06,3.39E-04,1.97E-04,7.51E-05,5.82E-05,-1.39E-04,1.36E-04,1.29E-04,1.44E-04,2.46E-05,1.87E-04,8.67E-05,6.16E-05,1.17E-04
1673,4.40E-04,9.94E-05,5.28E-04,2.98E-04,6.20E-04,3.75E-04,1.36E-05,3.65E-04,2.11E-04,9.22E-05,8.41E-05,-1.01E-04,1.60E-04,1.51E-04,1.72E-04,4.51E-05,2.09E-04,1.11E-04,8.71E-05,1.28E-04
1674,4.90E-04,1.24E-04,5.39E-04,3.18E-04,6.33E-04,3.84E-04,3.38E-05,3.94E-04,2.26E-04,1.10E-04,1.11E-04,-5.89E-05,1.85E-04,1.74E-04,2.02E-04,6.55E-05,2.36E-04,1.38E-04,1.13E-04,1.43E-04
1675,5.38E-04,1.49E-04,5.51E-04,3.39E-04,6.47E-04,3.94E-04,5.79E-05,4.24E-04,2.43E-04,1.30E-04,1.40E-04,-1.32E-05,2.10E-04,1.98E-04,2.31E-04,8.59E-05,2.68E-04,1.67E-04,1.38E-04,1.61E-04
1676,5.82E-04,1.75E-04,5.63E-04,3.62E-04,6.62E-04,4.04E-04,8.62E-05,4.55E-04,2.60E-04,1.50E-04,1.69E-04,3.51E-05,2.36E-04,2.22E-04,2.62E-04,1.06E-04,3.05E-04,1.96E-04,1.61E-04,1.82E-04
1677,6.22E-04,2.00E-04,5.75E-04,3.86E-04,6.77E-04,4.15E-04,1.18E-04,4.88E-04,2.78E-04,1.71E-04,1.98E-04,8.47E-05,2.61E-04,2.45E-04,2.91E-04,1.26E-04,3.47E-04,2.26E-04,1.84E-04,2.06E-04
1678,6.55E-04,2.25E-04,5.88E-04,4.10E-04,6.92E-04,4.26E-04,1.54E-04,5.21E-04,2.97E-04,1.92E-04,2.26E-04,1.34E-04,2.86E-04,2.68E-04,3.21E-04,1.45E-04,3.93E-04,2.55E-04,2.05E-04,2.33E-04
1679,6.82E-04,2.49E-04,6.00E-04,4.33E-04,7.07E-04,4.37E-04,1.93E-04,5.54E-04,3.16E-04,2.13E-04,2.54E-04,1.83E-04,3.09E-04,2.90E-04,3.49E-04,1.65E-04,4.42E-04,2.84E-04,2.24E-04,2.62E-04
1680,7.04E-04,2.73E-04,6.13E-04,4.56E-04,7.22E-04,4.48E-04,2.35E-04,5.86E-04,3.34E-04,2.34E-04,2.79E-04,2.29E-04,3.32E-04,3.10E-04,3.76E-04,1.84E-04,4.93E-04,3.11E-04,2.41E-04,2.92E-04
1681,7.20E-04,2.95E-04,6.26E-04,4.77E-04,7.36E-04,4.58E-04,2.79E-04,6.17E-04,3.52E-04,2.55E-04,3.02E-04,2.72E-04,3.54E-04,3.27E-04,4.02E-04,2.04E-04,5.45E-04,3.36E-04,2.57E-04,3.22E-04
1682,7.31E-04,3.15E-04,6.39E-04,4.97E-04,7.49E-04,4.66E-04,3.25E-04,6.47E-04,3.69E-04,2.74E-04,3.22E-04,3.11E-04,3.74E-04,3.43E-04,4.27E-04,2.24E-04,5.96E-04,3.59E-04,2.72E-04,3.49E-04
1683,7.38E-04,3.35E-04,6.52E-04,5.14E-04,7.61E-04,4.73E-04,3.71E-04,6.74E-04,3.85E-04,2.92E-04,3.40E-04,3.45E-04,3.92E-04,3.57E-04,4.50E-04,2.44E-04,6.44E-04,3.80E-04,2.85E-04,3.74E-04
1684,7.43E-04,3.52E-04,6.65E-04,5.28E-04,7.71E-04,4.79E-04,4.17E-04,7.00E-04,4.00E-04,3.09E-04,3.55E-04,3.74E-04,4.09E-04,3.68E-04,4.73E-04,2.65E-04,6.90E-04,3.98E-04,2.98E-04,3.95E-04
1685,7.46E-04,3.67E-04,6.76E-04,5.41E-04,7.78E-04,4.82E-04,4.62E-04,7.24E-04,4.14E-04,3.23E-04,3.67E-04,3.97E-04,4.25E-04,3.77E-04,4.94E-04,2.86E-04,7.31E-04,4.13E-04,3.10E-04,4.10E-04
1686,7.48E-04,3.81E-04,6.86E-04,5.51E-04,7.84E-04,4.84E-04,5.06E-04,7.45E-04,4.26E-04,3.35E-04,3.76E-04,4.17E-04,4.39E-04,3.84E-04,5.16E-04,3.07E-04,7.66E-04,4.26E-04,3.21E-04,4.19E-04
1687,7.51E-04,3.94E-04,6.95E-04,5.58E-04,7.88E-04,4.83E-04,5.47E-04,7.64E-04,4.37E-04,3.45E-04,3.83E-04,4.32E-04,4.51E-04,3.88E-04,5.36E-04,3.29E-04,7.94E-04,4.36E-04,3.33E-04,4.22E-04
1688,7.54E-04,4.05E-04,7.02E-04,5.64E-04,7.89E-04,4.80E-04,5.84E-04,7.81E-04,4.46E-04,3.53E-04,3.87E-04,4.43E-04,4.63E-04,3.92E-04,5.57E-04,3.51E-04,8.16E-04,4.44E-04,3.44E-04,4.19E-04
1689,7.60E-04,4.14E-04,7.07E-04,5.67E-04,7.88E-04,4.75E-04,6.18E-04,7.96E-04,4.53E-04,3.59E-04,3.91E-04,4.52E-04,4.73E-04,3.94E-04,5.78E-04,3.73E-04,8.31E-04,4.50E-04,3.54E-04,4.10E-04
1690,7.66E-04,4.23E-04,7.09E-04,5.70E-04,7.84E-04,4.68E-04,6.48E-04,8.09E-04,4.59E-04,3.63E-04,3.93E-04,4.58E-04,4.81E-04,3.94E-04,5.98E-04,3.93E-04,8.39E-04,4.54E-04,3.64E-04,3.97E-04
1691,7.75E-04,4.31E-04,7.08E-04,5.71E-04,7.78E-04,4.60E-04,6.73E-04,8.20E-04,4.64E-04,3.64E-04,3.95E-04,4.64E-04,4.89E-04,3.94E-04,6.18E-04,4.13E-04,8.40E-04,4.57E-04,3.74E-04,3.79E-04
1692,7.84E-04,4.38E-04,7.05E-04,5.72E-04,7.69E-04,4.49E-04,6.94E-04,8.29E-04,4.67E-04,3.64E-04,3.97E-04,4.70E-04,4.95E-04,3.94E-04,6.38E-04,4.30E-04,8.36E-04,4.60E-04,3.82E-04,3.59E-04
1693,7.93E-04,4.45E-04,6.99E-04,5.73E-04,7.58E-04,4.38E-04,7.10E-04,8.37E-04,4.70E-04,3.63E-04,4.00E-04,4.77E-04,5.00E-04,3.93E-04,6.56E-04,4.46E-04,8.27E-04,4.61E-04,3.88E-04,3.38E-04
1694,8.02E-04,4.52E-04,6.89E-04,5.73E-04,7.46E-04,4.25E-04,7.21E-04,8.44E-04,4.71E-04,3.61E-04,4.03E-04,4.86E-04,5.03E-04,3.93E-04,6.74E-04,4.58E-04,8.14E-04,4.63E-04,3.93E-04,3.18E-04
1695,8.10E-04,4.58E-04,6.78E-04,5.74E-04,7.32E-04,4.12E-04,7.28E-04,8.50E-04,4.72E-04,3.57E-04,4.08E-04,4.96E-04,5.06E-04,3.92E-04,6.90E-04,4.68E-04,8.00E-04,4.64E-04,3.96E-04,2.99E-04
1696,8.16E-04,4.63E-04,6.64E-04,5.75E-04,7.16E-04,3.98E-04,7.31E-04,8.54E-04,4.72E-04,3.54E-04,4.14E-04,5.08E-04,5.07E-04,3.92E-04,7.04E-04,4.75E-04,7.85E-04,4.65E-04,3.96E-04,2.82E-04
1697,8.19E-04,4.68E-04,6.48E-04,5.77E-04,6.99E-04,3.83E-04,7.30E-04,8.58E-04,4.71E-04,3.49E-04,4.21E-04,5.23E-04,5.07E-04,3.91E-04,7.15E-04,4.78E-04,7.70E-04,4.66E-04,3.94E-04,2.70E-04
1698,8.19E-04,4.72E-04,6.30E-04,5.78E-04,6.81E-04,3.69E-04,7.26E-04,8.61E-04,4.70E-04,3.45E-04,4.29E-04,5.40E-04,5.05E-04,3.91E-04,7.24E-04,4.78E-04,7.57E-04,4.67E-04,3.90E-04,2.60E-04
1699,8.15E-04,4.76E-04,6.11E-04,5.80E-04,6.62E-04,3.55E-04,7.20E-04,8.63E-04,4.69E-04,3.41E-04,4.38E-04,5.58E-04,5.02E-04,3.91E-04,7.29E-04,4.75E-04,7.46E-04,4.68E-04,3.84E-04,2.55E-04
1700,8.08E-04,4.77E-04,5.91E-04,5.82E-04,6.43E-04,3.41E-04,7.12E-04,8.63E-04,4.68E-04,3.36E-04,4.47E-04,5.78E-04,4.99E-04,3.90E-04,7.31E-04,4.69E-04,7.39E-04,4.69E-04,3.75E-04,2.53E-04
1701,7.98E-04,4.78E-04,5.72E-04,5.84E-04,6.24E-04,3.27E-04,7.03E-04,8.64E-04,4.66E-04,3.32E-04,4.57E-04,5.98E-04,4.94E-04,3.89E-04,7.29E-04,4.61E-04,7.35E-04,4.69E-04,3.65E-04,2.54E-04
1702,7.85E-04,4.76E-04,5.52E-04,5.84E-04,6.04E-04,3.14E-04,6.93E-04,8.63E-04,4.64E-04,3.27E-04,4.65E-04,6.19E-04,4.88E-04,3.88E-04,7.24E-04,4.50E-04,7.36E-04,4.69E-04,3.53E-04,2.56E-04
1703,7.70E-04,4.73E-04,5.33E-04,5.84E-04,5.85E-04,3.02E-04,6.82E-04,8.60E-04,4.61E-04,3.22E-04,4.73E-04,6.38E-04,4.82E-04,3.86E-04,7.15E-04,4.37E-04,7.40E-04,4.68E-04,3.41E-04,2.59E-04
1704,7.53E-04,4.68E-04,5.15E-04,5.82E-04,5.65E-04,2.89E-04,6.72E-04,8.57E-04,4.59E-04,3.16E-04,4.79E-04,6.56E-04,4.75E-04,3.83E-04,7.03E-04,4.24E-04,7.47E-04,4.66E-04,3.28E-04,2.61E-04
1705,7.36E-04,4.62E-04,4.97E-04,5.79E-04,5.46E-04,2.78E-04,6.63E-04,8.52E-04,4.55E-04,3.10E-04,4.83E-04,6.72E-04,4.67E-04,3.78E-04,6.89E-04,4.09E-04,7.57E-04,4.64E-04,3.15E-04,2.60E-04
1706,7.18E-04,4.53E-04,4.81E-04,5.74E-04,5.26E-04,2.66E-04,6.54E-04,8.46E-04,4.52E-04,3.03E-04,4.85E-04,6.85E-04,4.59E-04,3.73E-04,6.72E-04,3.95E-04,7.69E-04,4.61E-04,3.03E-04,2.57E-04
1707,7.01E-04,4.44E-04,4.66E-04,5.66E-04,5.07E-04,2.54E-04,6.47E-04,8.39E-04,4.48E-04,2.95E-04,4.84E-04,6.95E-04,4.50E-04,3.66E-04,6.55E-04,3.80E-04,7.82E-04,4.57E-04,2.91E-04,2.49E-04
1708,6.85E-04,4.33E-04,4.52E-04,5.57E-04,4.88E-04,2.43E-04,6.40E-04,8.29E-04,4.43E-04,2.86E-04,4.81E-04,7.02E-04,4.41E-04,3.57E-04,6.36E-04,3.66E-04,7.94E-04,4.53E-04,2.81E-04,2.37E-04
1709,6.70E-04,4.21E-04,4.39E-04,5.45E-04,4.68E-04,2.31E-04,6.34E-04,8.18E-04,4.37E-04,2.75E-04,4.75E-04,7.06E-04,4.32E-04,3.48E-04,6.17E-04,3.53E-04,8.05E-04,4.48E-04,2.72E-04,2.19E-04
1710,6.56E-04,4.09E-04,4.25E-04,5.31E-04,4.48E-04,2.19E-04,6.29E-04,8.04E-04,4.30E-04,2.63E-04,4.66E-04,7.07E-04,4.22E-04,3.36E-04,5.98E-04,3.40E-04,8.14E-04,4.43E-04,2.64E-04,1.98E-04
1711,6.44E-04,3.98E-04,4.12E-04,5.15E-04,4.27E-04,2.07E-04,6.25E-04,7.89E-04,4.22E-04,2.50E-04,4.56E-04,7.05E-04,4.11E-04,3.24E-04,5.80E-04,3.29E-04,8.19E-04,4.37E-04,2.56E-04,1.72E-04
1712,6.32E-04,3.86E-04,3.98E-04,4.98E-04,4.06E-04,1.94E-04,6.20E-04,7.71E-04,4.13E-04,2.35E-04,4.43E-04,6.99E-04,4.00E-04,3.10E-04,5.63E-04,3.18E-04,8.20E-04,4.32E-04,2.49E-04,1.43E-04
1713,6.20E-04,3.75E-04,3.83E-04,4.78E-04,3.84E-04,1.80E-04,6.15E-04,7.51E-04,4.03E-04,2.19E-04,4.28E-04,6.91E-04,3.89E-04,2.94E-04,5.46E-04,3.08E-04,8.15E-04,4.26E-04,2.43E-04,1.12E-04
1714,6.07E-04,3.64E-04,3.67E-04,4.58E-04,3.61E-04,1.66E-04,6.09E-04,7.29E-04,3.91E-04,2.02E-04,4.13E-04,6.81E-04,3.76E-04,2.78E-04,5.30E-04,2.99E-04,8.06E-04,4.19E-04,2.35E-04,8.08E-05
1715,5.92E-04,3.55E-04,3.49E-04,4.36E-04,3.37E-04,1.50E-04,6.01E-04,7.04E-04,3.79E-04,1.84E-04,3.96E-04,6.68E-04,3.63E-04,2.61E-04,5.15E-04,2.90E-04,7.90E-04,4.13E-04,2.27E-04,5.08E-05
1716,5.75E-04,3.46E-04,3.29E-04,4.14E-04,3.12E-04,1.34E-04,5.91E-04,6.77E-04,3.65E-04,1.66E-04,3.80E-04,6.53E-04,3.49E-04,2.42E-04,5.00E-04,2.81E-04,7.68E-04,4.05E-04,2.17E-04,2.33E-05
1717,5.55E-04,3.37E-04,3.07E-04,3.91E-04,2.85E-04,1.17E-04,5.79E-04,6.48E-04,3.49E-04,1.47E-04,3.63E-04,6.36E-04,3.35E-04,2.24E-04,4.85E-04,2.71E-04,7.40E-04,3.97E-04,2.05E-04,-3.54E-07
1718,5.30E-04,3.29E-04,2.82E-04,3.67E-04,2.58E-04,9.99E-05,5.64E-04,6.16E-04,3.33E-04,1.28E-04,3.47E-04,6.17E-04,3.19E-04,2.04E-04,4.70E-04,2.61E-04,7.07E-04,3.88E-04,1.91E-04,-1.93E-05
1719,5.02E-04,3.21E-04,2.55E-04,3.44E-04,2.30E-04,8.17E-05,5.46E-04,5.82E-04,3.15E-04,1.08E-04,3.32E-04,5.96E-04,3.03E-04,1.84E-04,4.54E-04,2.50E-04,6.69E-04,3.78E-04,1.74E-04,-3.28E-05
1720,4.70E-04,3.12E-04,2.26E-04,3.20E-04,2.00E-04,6.30E-05,5.24E-04,5.47E-04,2.96E-04,8.95E-05,3.18E-04,5.73E-04,2.86E-04,1.64E-04,4.36E-04,2.38E-04,6.26E-04,3.66E-04,1.55E-04,-4.07E-05
1721,4.34E-04,3.02E-04,1.95E-04,2.97E-04,1.70E-04,4.39E-05,4.98E-04,5.09E-04,2.77E-04,7.09E-05,3.05E-04,5.47E-04,2.70E-04,1.44E-04,4.16E-04,2.25E-04,5.80E-04,3.52E-04,1.33E-04,-4.31E-05
1722,3.95E-04,2.91E-04,1.63E-04,2.73E-04,1.40E-04,2.47E-05,4.70E-04,4.70E-04,2.57E-04,5.26E-05,2.93E-04,5.20E-04,2.53E-04,1.24E-04,3.95E-04,2.11E-04,5.31E-04,3.36E-04,1.09E-04,-4.06E-05
1723,3.53E-04,2.77E-04,1.29E-04,2.50E-04,1.09E-04,5.43E-06,4.37E-04,4.30E-04,2.36E-04,3.49E-05,2.82E-04,4.90E-04,2.36E-04,1.03E-04,3.71E-04,1.95E-04,4.80E-04,3.17E-04,8.23E-05,-3.42E-05
1724,3.10E-04,2.62E-04,9.39E-05,2.26E-04,7.78E-05,-1.36E-05,4.02E-04,3.89E-04,2.15E-04,1.75E-05,2.72E-04,4.58E-04,2.19E-04,8.33E-05,3.45E-04,1.78E-04,4.28E-04,2.96E-04,5.47E-05,-2.51E-05
1725,2.67E-04,2.44E-04,5.90E-05,2.03E-04,4.70E-05,-3.23E-05,3.63E-04,3.47E-04,1.94E-04,6.07E-07,2.62E-04,4.23E-04,2.03E-04,6.36E-05,3.18E-04,1.60E-04,3.76E-04,2.72E-04,2.66E-05,-1.46E-05
1726,2.24E-04,2.25E-04,2.44E-05,1.80E-04,1.66E-05,-5.04E-05,3.23E-04,3.06E-04,1.73E-04,-1.60E-05,2.53E-04,3.87E-04,1.88E-04,4.43E-05,2.88E-04,1.41E-04,3.24E-04,2.46E-04,-1.44E-06,-4.15E-06
1727,1.84E-04,2.02E-04,-9.39E-06,1.56E-04,-1.32E-05,-6.77E-05,2.80E-04,2.64E-04,1.53E-04,-3.24E-05,2.44E-04,3.49E-04,1.73E-04,2.55E-05,2.58E-04,1.21E-04,2.73E-04,2.18E-04,-2.85E-05,4.87E-06
1728,1.46E-04,1.78E-04,-4.20E-05,1.33E-04,-4.23E-05,-8.43E-05,2.37E-04,2.23E-04,1.33E-04,-4.86E-05,2.35E-04,3.11E-04,1.59E-04,7.24E-06,2.28E-04,1.01E-04,2.24E-04,1.88E-04,-5.37E-05,1.13E-05
1729,1.11E-04,1.53E-04,-7.30E-05,1.09E-04,-7.03E-05,-9.98E-05,1.92E-04,1.82E-04,1.14E-04,-6.47E-05,2.25E-04,2.72E-04,1.46E-04,-1.03E-05,1.98E-04,7.96E-05,1.76E-04,1.57E-04,-7.66E-05,1.41E-05
1730,8.09E-05,1.26E-04,-1.02E-04,8.56E-05,-9.73E-05,-1.14E-04,1.48E-04,1.43E-04,9.50E-05,-8.07E-05,2.14E-04,2.33E-04,1.33E-04,-2.71E-05,1.68E-04,5.82E-05,1.32E-04,1.25E-04,-9.64E-05,1.27E-05
1731,5.47E-05,9.80E-05,-1.29E-04,6.21E-05,-1.23E-04,-1.28E-04,1.03E-04,1.04E-04,7.72E-05,-9.67E-05,2.03E-04,1.95E-04,1.21E-04,-4.32E-05,1.40E-04,3.65E-05,8.90E-05,9.24E-05,-1.13E-04,6.87E-06
1732,3.26E-05,7.03E-05,-1.54E-04,3.86E-05,-1.48E-04,-1.40E-04,5.94E-05,6.72E-05,6.02E-05,-1.13E-04,1.90E-04,1.59E-04,1.09E-04,-5.86E-05,1.15E-04,1.48E-05,4.89E-05,6.02E-05,-1.25E-04,-3.28E-06
1733,1.41E-05,4.29E-05,-1.77E-04,1.53E-05,-1.71E-04,-1.51E-04,1.64E-05,3.14E-05,4.39E-05,-1.28E-04,1.75E-04,1.26E-04,9.65E-05,-7.32E-05,9.09E-05,-6.78E-06,1.12E-05,2.88E-05,-1.34E-04,-1.73E-05
1734,-1.50E-06,1.64E-05,-1.98E-04,-7.66E-06,-1.94E-04,-1.61E-04,-2.54E-05,-3.09E-06,2.83E-05,-1.44E-04,1.60E-04,9.57E-05,8.35E-05,-8.71E-05,6.97E-05,-2.82E-05,-2.45E-05,-1.43E-06,-1.39E-04,-3.42E-05
1735,-1.51E-05,-8.94E-06,-2.16E-04,-3.02E-05,-2.15E-04,-1.70E-04,-6.61E-05,-3.64E-05,1.33E-05,-1.59E-04,1.42E-04,6.91E-05,6.97E-05,-1.00E-04,5.11E-05,-4.93E-05,-5.83E-05,-3.00E-05,-1.41E-04,-5.31E-05
1736,-2.79E-05,-3.29E-05,-2.34E-04,-5.23E-05,-2.36E-04,-1.78E-04,-1.06E-04,-6.85E-05,-1.26E-06,-1.73E-04,1.24E-04,4.65E-05,5.46E-05,-1.13E-04,3.47E-05,-7.00E-05,-9.08E-05,-5.67E-05,-1.41E-04,-7.26E-05
1737,-4.08E-05,-5.53E-05,-2.50E-04,-7.38E-05,-2.55E-04,-1.86E-04,-1.44E-04,-9.98E-05,-1.56E-05,-1.87E-04,1.03E-04,2.78E-05,3.80E-05,-1.26E-04,2.02E-05,-9.03E-05,-1.22E-04,-8.12E-05,-1.38E-04,-9.14E-05
1738,-5.51E-05,-7.64E-05,-2.65E-04,-9.47E-05,-2.75E-04,-1.93E-04,-1.82E-04,-1.30E-04,-2.99E-05,-1.99E-04,8.14E-05,1.31E-05,1.96E-05,-1.38E-04,7.06E-06,-1.10E-04,-1.53E-04,-1.04E-04,-1.34E-04,-1.08E-04
1739,-7.17E-05,-9.64E-05,-2.80E-04,-1.15E-04,-2.93E-04,-1.99E-04,-2.19E-04,-1.60E-04,-4.43E-05,-2.11E-04,5.82E-05,1.84E-06,-5.61E-07,-1.50E-04,-5.38E-06,-1.29E-04,-1.84E-04,-1.24E-04,-1.29E-04,-1.22E-04
1740,-9.14E-05,-1.16E-04,-2.95E-04,-1.34E-04,-3.12E-04,-2.06E-04,-2.56E-04,-1.90E-04,-5.90E-05,-2.21E-04,3.38E-05,-6.38E-06,-2.26E-05,-1.63E-04,-1.79E-05,-1.48E-04,-2.15E-04,-1.43E-04,-1.25E-04,-1.31E-04
1741,-1.15E-04,-1.35E-04,-3.10E-04,-1.53E-04,-3.30E-04,-2.12E-04,-2.93E-04,-2.20E-04,-7.41E-05,-2.30E-04,8.34E-06,-1.23E-05,-4.63E-05,-1.76E-04,-3.11E-05,-1.66E-04,-2.47E-04,-1.60E-04,-1.22E-04,-1.36E-04
1742,-1.42E-04,-1.55E-04,-3.25E-04,-1.71E-04,-3.49E-04,-2.18E-04,-3.29E-04,-2.50E-04,-8.98E-05,-2.38E-04,-1.81E-05,-1.67E-05,-7.16E-05,-1.89E-04,-4.58E-05,-1.84E-04,-2.79E-04,-1.76E-04,-1.21E-04,-1.36E-04
1743,-1.73E-04,-1.75E-04,-3.41E-04,-1.89E-04,-3.67E-04,-2.24E-04,-3.66E-04,-2.80E-04,-1.06E-04,-2.45E-04,-4.52E-05,-2.05E-05,-9.80E-05,-2.02E-04,-6.26E-05,-2.00E-04,-3.13E-04,-1.91E-04,-1.22E-04,-1.31E-04
1744,-2.07E-04,-1.97E-04,-3.58E-04,-2.06E-04,-3.85E-04,-2.30E-04,-4.03E-04,-3.10E-04,-1.23E-04,-2.51E-04,-7.27E-05,-2.46E-05,-1.25E-04,-2.16E-04,-8.18E-05,-2.16E-04,-3.47E-04,-2.06E-04,-1.25E-04,-1.22E-04
1745,-2.43E-04,-2.22E-04,-3.76E-04,-2.22E-04,-4.03E-04,-2.37E-04,-4.41E-04,-3.41E-04,-1.40E-04,-2.57E-04,-1.00E-04,-3.00E-05,-1.52E-04,-2.31E-04,-1.04E-04,-2.30E-04,-3.83E-04,-2.20E-04,-1.32E-04,-1.09E-04
1746,-2.82E-04,-2.48E-04,-3.94E-04,-2.39E-04,-4.20E-04,-2.43E-04,-4.78E-04,-3.72E-04,-1.57E-04,-2.62E-04,-1.28E-04,-3.73E-05,-1.79E-04,-2.46E-04,-1.28E-04,-2.44E-04,-4.18E-04,-2.35E-04,-1.41E-04,-9.42E-05
1747,-3.21E-04,-2.78E-04,-4.12E-04,-2.55E-04,-4.38E-04,-2.50E-04,-5.14E-04,-4.02E-04,-1.74E-04,-2.67E-04,-1.55E-04,-4.73E-05,-2.05E-04,-2.62E-04,-1.55E-04,-2.56E-04,-4.55E-04,-2.51E-04,-1.52E-04,-7.75E-05
1748,-3.59E-04,-3.09E-04,-4.31E-04,-2.70E-04,-4.54E-04,-2.57E-04,-5.50E-04,-4.33E-04,-1.91E-04,-2.72E-04,-1.82E-04,-6.05E-05,-2.30E-04,-2.77E-04,-1.84E-04,-2.67E-04,-4.91E-04,-2.66E-04,-1.66E-04,-6.06E-05
1749,-3.95E-04,-3.43E-04,-4.49E-04,-2.85E-04,-4.70E-04,-2.64E-04,-5.84E-04,-4.62E-04,-2.08E-04,-2.78E-04,-2.07E-04,-7.71E-05,-2.52E-04,-2.92E-04,-2.14E-04,-2.77E-04,-5.26E-04,-2.82E-04,-1.80E-04,-4.46E-05
1750,-4.29E-04,-3.78E-04,-4.67E-04,-3.00E-04,-4.84E-04,-2.70E-04,-6.16E-04,-4.91E-04,-2.24E-04,-2.85E-04,-2.31E-04,-9.71E-05,-2.72E-04,-3.07E-04,-2.44E-04,-2.85E-04,-5.60E-04,-2.99E-04,-1.96E-04,-3.07E-05
1751,-4.58E-04,-4.14E-04,-4.84E-04,-3.15E-04,-4.97E-04,-2.77E-04,-6.46E-04,-5.18E-04,-2.38E-04,-2.93E-04,-2.53E-04,-1.20E-04,-2.88E-04,-3.21E-04,-2.73E-04,-2.92E-04,-5.92E-04,-3.15E-04,-2.11E-04,-1.96E-05
1752,-4.83E-04,-4.50E-04,-4.99E-04,-3.28E-04,-5.09E-04,-2.83E-04,-6.72E-04,-5.44E-04,-2.51E-04,-3.01E-04,-2.73E-04,-1.47E-04,-3.02E-04,-3.34E-04,-3.00E-04,-2.97E-04,-6.22E-04,-3.30E-04,-2.24E-04,-1.18E-05
1753,-5.03E-04,-4.84E-04,-5.13E-04,-3.41E-04,-5.18E-04,-2.88E-04,-6.94E-04,-5.67E-04,-2.62E-04,-3.11E-04,-2.90E-04,-1.75E-04,-3.12E-04,-3.46E-04,-3.24E-04,-3.00E-04,-6.48E-04,-3.45E-04,-2.36E-04,-7.75E-06
1754,-5.18E-04,-5.16E-04,-5.24E-04,-3.53E-04,-5.26E-04,-2.93E-04,-7.12E-04,-5.87E-04,-2.71E-04,-3.21E-04,-3.05E-04,-2.05E-04,-3.19E-04,-3.55E-04,-3.44E-04,-3.01E-04,-6.71E-04,-3.58E-04,-2.45E-04,-7.28E-06
1755,-5.27E-04,-5.45E-04,-5.34E-04,-3.63E-04,-5.31E-04,-2.96E-04,-7.25E-04,-6.04E-04,-2.78E-04,-3.32E-04,-3.17E-04,-2.36E-04,-3.23E-04,-3.63E-04,-3.59E-04,-3.01E-04,-6.91E-04,-3.68E-04,-2.50E-04,-1.01E-05
1756,-5.32E-04,-5.69E-04,-5.40E-04,-3.72E-04,-5.33E-04,-2.99E-04,-7.33E-04,-6.18E-04,-2.82E-04,-3.43E-04,-3.26E-04,-2.66E-04,-3.24E-04,-3.68E-04,-3.68E-04,-2.99E-04,-7.06E-04,-3.76E-04,-2.52E-04,-1.58E-05
1757,-5.33E-04,-5.87E-04,-5.43E-04,-3.79E-04,-5.33E-04,-3.00E-04,-7.37E-04,-6.29E-04,-2.84E-04,-3.54E-04,-3.32E-04,-2.96E-04,-3.22E-04,-3.71E-04,-3.71E-04,-2.95E-04,-7.17E-04,-3.81E-04,-2.49E-04,-2.35E-05
1758,-5.30E-04,-6.00E-04,-5.44E-04,-3.84E-04,-5.31E-04,-3.00E-04,-7.37E-04,-6.36E-04,-2.84E-04,-3.64E-04,-3.35E-04,-3.24E-04,-3.18E-04,-3.72E-04,-3.68E-04,-2.90E-04,-7.23E-04,-3.82E-04,-2.42E-04,-3.26E-05
1759,-5.24E-04,-6.06E-04,-5.42E-04,-3.88E-04,-5.26E-04,-2.99E-04,-7.32E-04,-6.40E-04,-2.81E-04,-3.73E-04,-3.36E-04,-3.49E-04,-3.12E-04,-3.70E-04,-3.59E-04,-2.83E-04,-7.26E-04,-3.79E-04,-2.31E-04,-4.20E-05
1760,-5.17E-04,-6.05E-04,-5.38E-04,-3.89E-04,-5.19E-04,-2.97E-04,-7.25E-04,-6.40E-04,-2.77E-04,-3.80E-04,-3.34E-04,-3.70E-04,-3.05E-04,-3.66E-04,-3.46E-04,-2.75E-04,-7.24E-04,-3.73E-04,-2.16E-04,-5.09E-05
1761,-5.09E-04,-5.97E-04,-5.31E-04,-3.88E-04,-5.10E-04,-2.93E-04,-7.14E-04,-6.38E-04,-2.71E-04,-3.85E-04,-3.31E-04,-3.89E-04,-2.97E-04,-3.59E-04,-3.28E-04,-2.65E-04,-7.19E-04,-3.62E-04,-1.97E-04,-5.88E-05
1762,-5.01E-04,-5.84E-04,-5.22E-04,-3.86E-04,-4.99E-04,-2.89E-04,-7.03E-04,-6.33E-04,-2.63E-04,-3.88E-04,-3.26E-04,-4.03E-04,-2.88E-04,-3.51E-04,-3.07E-04,-2.54E-04,-7.12E-04,-3.48E-04,-1.76E-04,-6.49E-05
1763,-4.93E-04,-5.66E-04,-5.12E-04,-3.81E-04,-4.87E-04,-2.83E-04,-6.90E-04,-6.25E-04,-2.55E-04,-3.88E-04,-3.20E-04,-4.13E-04,-2.80E-04,-3.42E-04,-2.85E-04,-2.42E-04,-7.02E-04,-3.31E-04,-1.53E-04,-6.89E-05
1764,-4.86E-04,-5.43E-04,-5.01E-04,-3.75E-04,-4.75E-04,-2.76E-04,-6.77E-04,-6.16E-04,-2.47E-04,-3.84E-04,-3.14E-04,-4.20E-04,-2.71E-04,-3.31E-04,-2.62E-04,-2.29E-04,-6.91E-04,-3.12E-04,-1.30E-04,-7.07E-05
1765,-4.81E-04,-5.17E-04,-4.89E-04,-3.68E-04,-4.61E-04,-2.69E-04,-6.66E-04,-6.06E-04,-2.38E-04,-3.78E-04,-3.07E-04,-4.23E-04,-2.63E-04,-3.20E-04,-2.41E-04,-2.16E-04,-6.78E-04,-2.90E-04,-1.06E-04,-7.03E-05
1766,-4.76E-04,-4.90E-04,-4.77E-04,-3.60E-04,-4.47E-04,-2.62E-04,-6.55E-04,-5.95E-04,-2.30E-04,-3.68E-04,-3.01E-04,-4.24E-04,-2.56E-04,-3.08E-04,-2.22E-04,-2.02E-04,-6.65E-04,-2.67E-04,-8.34E-05,-6.80E-05
1767,-4.72E-04,-4.62E-04,-4.65E-04,-3.50E-04,-4.34E-04,-2.54E-04,-6.47E-04,-5.84E-04,-2.23E-04,-3.56E-04,-2.95E-04,-4.21E-04,-2.50E-04,-2.97E-04,-2.06E-04,-1.88E-04,-6.53E-04,-2.44E-04,-6.25E-05,-6.43E-05
1768,-4.69E-04,-4.35E-04,-4.55E-04,-3.40E-04,-4.20E-04,-2.46E-04,-6.42E-04,-5.73E-04,-2.16E-04,-3.41E-04,-2.91E-04,-4.17E-04,-2.44E-04,-2.85E-04,-1.94E-04,-1.73E-04,-6.40E-04,-2.21E-04,-4.41E-05,-5.95E-05
1769,-4.65E-04,-4.11E-04,-4.45E-04,-3.30E-04,-4.08E-04,-2.37E-04,-6.39E-04,-5.62E-04,-2.10E-04,-3.24E-04,-2.87E-04,-4.10E-04,-2.39E-04,-2.74E-04,-1.87E-04,-1.59E-04,-6.28E-04,-1.98E-04,-2.88E-05,-5.44E-05
1770,-4.62E-04,-3.89E-04,-4.36E-04,-3.20E-04,-3.96E-04,-2.29E-04,-6.38E-04,-5.51E-04,-2.06E-04,-3.06E-04,-2.84E-04,-4.03E-04,-2.35E-04,-2.63E-04,-1.84E-04,-1.44E-04,-6.17E-04,-1.77E-04,-1.68E-05,-4.94E-05
1771,-4.58E-04,-3.72E-04,-4.29E-04,-3.10E-04,-3.86E-04,-2.22E-04,-6.39E-04,-5.42E-04,-2.02E-04,-2.86E-04,-2.82E-04,-3.95E-04,-2.30E-04,-2.53E-04,-1.86E-04,-1.29E-04,-6.07E-04,-1.58E-04,-8.40E-06,-4.50E-05
1772,-4.53E-04,-3.58E-04,-4.22E-04,-3.00E-04,-3.76E-04,-2.14E-04,-6.42E-04,-5.32E-04,-1.99E-04,-2.66E-04,-2.80E-04,-3.87E-04,-2.26E-04,-2.44E-04,-1.91E-04,-1.15E-04,-5.97E-04,-1.41E-04,-3.49E-06,-4.14E-05
1773,-4.46E-04,-3.49E-04,-4.17E-04,-2.90E-04,-3.68E-04,-2.06E-04,-6.45E-04,-5.23E-04,-1.97E-04,-2.45E-04,-2.79E-04,-3.78E-04,-2.21E-04,-2.35E-04,-1.98E-04,-9.99E-05,-5.87E-04,-1.26E-04,-1.81E-06,-3.89E-05
1774,-4.38E-04,-3.44E-04,-4.13E-04,-2.80E-04,-3.60E-04,-1.99E-04,-6.48E-04,-5.15E-04,-1.95E-04,-2.25E-04,-2.78E-04,-3.70E-04,-2.16E-04,-2.26E-04,-2.08E-04,-8.51E-05,-5.77E-04,-1.14E-04,-2.93E-06,-3.73E-05
1775,-4.29E-04,-3.42E-04,-4.09E-04,-2.70E-04,-3.53E-04,-1.92E-04,-6.50E-04,-5.06E-04,-1.93E-04,-2.06E-04,-2.76E-04,-3.61E-04,-2.10E-04,-2.18E-04,-2.16E-04,-7.00E-05,-5.67E-04,-1.04E-04,-6.24E-06,-3.65E-05
1776,-4.18E-04,-3.42E-04,-4.06E-04,-2.61E-04,-3.47E-04,-1.85E-04,-6.51E-04,-4.97E-04,-1.90E-04,-1.88E-04,-2.74E-04,-3.53E-04,-2.03E-04,-2.09E-04,-2.24E-04,-5.45E-05,-5.55E-04,-9.64E-05,-1.10E-05,-3.59E-05
1777,-4.05E-04,-3.45E-04,-4.02E-04,-2.51E-04,-3.42E-04,-1.78E-04,-6.48E-04,-4.87E-04,-1.87E-04,-1.72E-04,-2.70E-04,-3.44E-04,-1.94E-04,-2.00E-04,-2.28E-04,-3.85E-05,-5.41E-04,-9.03E-05,-1.65E-05,-3.51E-05
1778,-3.93E-04,-3.47E-04,-3.97E-04,-2.40E-04,-3.36E-04,-1.71E-04,-6.41E-04,-4.76E-04,-1.83E-04,-1.56E-04,-2.64E-04,-3.35E-04,-1.84E-04,-1.90E-04,-2.28E-04,-2.17E-05,-5.25E-04,-8.54E-05,-2.19E-05,-3.34E-05
1779,-3.80E-04,-3.50E-04,-3.92E-04,-2.29E-04,-3.30E-04,-1.64E-04,-6.31E-04,-4.64E-04,-1.78E-04,-1.42E-04,-2.57E-04,-3.25E-04,-1.73E-04,-1.79E-04,-2.23E-04,-4.18E-06,-5.06E-04,-8.13E-05,-2.64E-05,-3.02E-05
1780,-3.68E-04,-3.50E-04,-3.85E-04,-2.17E-04,-3.24E-04,-1.57E-04,-6.16E-04,-4.50E-04,-1.71E-04,-1.30E-04,-2.47E-04,-3.15E-04,-1.60E-04,-1.67E-04,-2.11E-04,1.43E-05,-4.85E-04,-7.74E-05,-2.94E-05,-2.50E-05
1781,-3.56E-04,-3.48E-04,-3.77E-04,-2.05E-04,-3.17E-04,-1.49E-04,-5.96E-04,-4.35E-04,-1.63E-04,-1.18E-04,-2.35E-04,-3.03E-04,-1.46E-04,-1.53E-04,-1.93E-04,3.37E-05,-4.60E-04,-7.33E-05,-3.02E-05,-1.74E-05
1782,-3.46E-04,-3.42E-04,-3.67E-04,-1.91E-04,-3.09E-04,-1.41E-04,-5.72E-04,-4.18E-04,-1.54E-04,-1.07E-04,-2.21E-04,-2.91E-04,-1.31E-04,-1.39E-04,-1.68E-04,5.41E-05,-4.33E-04,-6.86E-05,-2.85E-05,-6.99E-06
1783,-3.37E-04,-3.32E-04,-3.55E-04,-1.76E-04,-3.00E-04,-1.33E-04,-5.43E-04,-3.99E-04,-1.43E-04,-9.68E-05,-2.05E-04,-2.78E-04,-1.15E-04,-1.23E-04,-1.38E-04,7.53E-05,-4.02E-04,-6.28E-05,-2.39E-05,6.15E-06
1784,-3.30E-04,-3.18E-04,-3.41E-04,-1.61E-04,-2.90E-04,-1.24E-04,-5.11E-04,-3.79E-04,-1.31E-04,-8.69E-05,-1.87E-04,-2.63E-04,-9.77E-05,-1.07E-04,-1.02E-04,9.72E-05,-3.70E-04,-5.56E-05,-1.65E-05,2.18E-05
1785,-3.25E-04,-2.99E-04,-3.26E-04,-1.45E-04,-2.79E-04,-1.16E-04,-4.77E-04,-3.57E-04,-1.18E-04,-7.70E-05,-1.68E-04,-2.47E-04,-7.99E-05,-8.94E-05,-6.16E-05,1.20E-04,-3.35E-04,-4.69E-05,-6.31E-06,3.97E-05
1786,-3.21E-04,-2.77E-04,-3.10E-04,-1.29E-04,-2.66E-04,-1.07E-04,-4.40E-04,-3.35E-04,-1.04E-04,-6.70E-05,-1.48E-04,-2.31E-04,-6.18E-05,-7.18E-05,-1.88E-05,1.42E-04,-3.00E-04,-3.66E-05,6.23E-06,5.90E-05
1787,-3.19E-04,-2.51E-04,-2.93E-04,-1.12E-04,-2.53E-04,-9.90E-05,-4.03E-04,-3.12E-04,-8.98E-05,-5.68E-05,-1.27E-04,-2.13E-04,-4.38E-05,-5.41E-05,2.50E-05,1.64E-04,-2.63E-04,-2.47E-05,2.07E-05,7.89E-05
1788,-3.17E-04,-2.23E-04,-2.75E-04,-9.60E-05,-2.39E-04,-9.09E-05,-3.66E-04,-2.90E-04,-7.58E-05,-4.63E-05,-1.08E-04,-1.95E-04,-2.61E-05,-3.68E-05,6.82E-05,1.86E-04,-2.27E-04,-1.12E-05,3.64E-05,9.85E-05
1789,-3.16E-04,-1.94E-04,-2.58E-04,-8.04E-05,-2.25E-04,-8.33E-05,-3.30E-04,-2.68E-04,-6.21E-05,-3.55E-05,-8.83E-05,-1.76E-04,-9.01E-06,-2.02E-05,1.09E-04,2.07E-04,-1.92E-04,3.50E-06,5.27E-05,1.17E-04
1790,-3.15E-04,-1.64E-04,-2.41E-04,-6.57E-05,-2.10E-04,-7.63E-05,-2.97E-04,-2.47E-04,-4.92E-05,-2.47E-05,-7.04E-05,-1.57E-04,7.02E-06,-4.64E-06,1.46E-04,2.27E-04,-1.58E-04,1.93E-05,6.88E-05,1.32E-04
1791,-3.12E-04,-1.35E-04,-2.25E-04,-5.23E-05,-1.95E-04,-7.02E-05,-2.66E-04,-2.27E-04,-3.73E-05,-1.38E-05,-5.41E-05,-1.38E-04,2.18E-05,9.53E-06,1.78E-04,2.44E-04,-1.26E-04,3.59E-05,8.40E-05,1.45E-04
1792,-3.09E-04,-1.07E-04,-2.10E-04,-4.05E-05,-1.81E-04,-6.49E-05,-2.39E-04,-2.10E-04,-2.66E-05,-3.26E-06,-3.97E-05,-1.19E-04,3.49E-05,2.21E-05,2.04E-04,2.60E-04,-9.63E-05,5.29E-05,9.75E-05,1.53E-04
1793,-3.03E-04,-8.26E-05,-1.97E-04,-3.04E-05,-1.67E-04,-6.07E-05,-2.16E-04,-1.94E-04,-1.73E-05,6.77E-06,-2.75E-05,-1.00E-04,4.63E-05,3.29E-05,2.23E-04,2.74E-04,-6.98E-05,6.99E-05,1.09E-04,1.56E-04
1794,-2.96E-04,-6.14E-05,-1.87E-04,-2.22E-05,-1.55E-04,-5.75E-05,-1.98E-04,-1.80E-04,-9.49E-06,1.60E-05,-1.75E-05,-8.15E-05,5.58E-05,4.18E-05,2.36E-04,2.86E-04,-4.62E-05,8.67E-05,1.17E-04,1.54E-04
1795,-2.87E-04,-4.42E-05,-1.78E-04,-1.60E-05,-1.44E-04,-5.56E-05,-1.84E-04,-1.68E-04,-3.22E-06,2.42E-05,-9.52E-06,-6.33E-05,6.32E-05,4.89E-05,2.41E-04,2.96E-04,-2.58E-05,1.03E-04,1.22E-04,1.47E-04
1796,-2.77E-04,-3.15E-05,-1.72E-04,-1.16E-05,-1.34E-04,-5.48E-05,-1.74E-04,-1.59E-04,1.56E-06,3.10E-05,-3.51E-06,-4.53E-05,6.86E-05,5.42E-05,2.41E-04,3.03E-04,-8.25E-06,1.18E-04,1.24E-04,1.35E-04
1797,-2.65E-04,-2.32E-05,-1.67E-04,-8.94E-06,-1.26E-04,-5.52E-05,-1.68E-04,-1.51E-04,4.94E-06,3.64E-05,8.21E-07,-2.77E-05,7.20E-05,5.78E-05,2.35E-04,3.09E-04,6.56E-06,1.32E-04,1.23E-04,1.18E-04
1798,-2.52E-04,-1.92E-05,-1.65E-04,-7.84E-06,-1.20E-04,-5.68E-05,-1.66E-04,-1.45E-04,7.07E-06,4.01E-05,3.83E-06,-1.04E-05,7.36E-05,6.01E-05,2.26E-04,3.14E-04,1.90E-05,1.45E-04,1.18E-04,9.74E-05
1799,-2.39E-04,-1.92E-05,-1.65E-04,-8.02E-06,-1.15E-04,-5.94E-05,-1.67E-04,-1.41E-04,8.12E-06,4.22E-05,5.90E-06,6.76E-06,7.34E-05,6.12E-05,2.14E-04,3.17E-04,2.95E-05,1.56E-04,1.10E-04,7.39E-05
1800,-2.26E-04,-2.26E-05,-1.66E-04,-9.17E-06,-1.13E-04,-6.31E-05,-1.70E-04,-1.37E-04,8.26E-06,4.26E-05,7.41E-06,2.37E-05,7.19E-05,6.14E-05,2.01E-04,3.20E-04,3.85E-05,1.66E-04,1.00E-04,4.86E-05
1801,-2.15E-04,-2.87E-05,-1.68E-04,-1.10E-05,-1.13E-04,-6.77E-05,-1.76E-04,-1.35E-04,7.68E-06,4.15E-05,8.76E-06,4.04E-05,6.93E-05,6.09E-05,1.88E-04,3.22E-04,4.64E-05,1.74E-04,8.83E-05,2.26E-05
1802,-2.05E-04,-3.68E-05,-1.71E-04,-1.31E-05,-1.14E-04,-7.32E-05,-1.82E-04,-1.33E-04,6.55E-06,3.89E-05,1.03E-05,5.69E-05,6.58E-05,6.02E-05,1.77E-04,3.25E-04,5.37E-05,1.80E-04,7.50E-05,-2.84E-06
1803,-1.97E-04,-4.60E-05,-1.74E-04,-1.54E-05,-1.18E-04,-7.94E-05,-1.89E-04,-1.31E-04,5.02E-06,3.52E-05,1.22E-05,7.31E-05,6.20E-05,5.93E-05,1.68E-04,3.29E-04,6.07E-05,1.84E-04,6.10E-05,-2.68E-05
1804,-1.93E-04,-5.58E-05,-1.77E-04,-1.74E-05,-1.23E-04,-8.63E-05,-1.97E-04,-1.30E-04,3.21E-06,3.04E-05,1.47E-05,8.90E-05,5.80E-05,5.84E-05,1.63E-04,3.34E-04,6.76E-05,1.86E-04,4.69E-05,-4.83E-05
1805,-1.90E-04,-6.54E-05,-1.81E-04,-1.90E-05,-1.29E-04,-9.38E-05,-2.04E-04,-1.28E-04,1.21E-06,2.50E-05,1.80E-05,1.04E-04,5.43E-05,5.78E-05,1.62E-04,3.40E-04,7.47E-05,1.86E-04,3.35E-05,-6.65E-05
1806,-1.90E-04,-7.44E-05,-1.83E-04,-2.01E-05,-1.36E-04,-1.02E-04,-2.11E-04,-1.27E-04,-9.15E-07,1.92E-05,2.19E-05,1.19E-04,5.11E-05,5.75E-05,1.66E-04,3.48E-04,8.19E-05,1.85E-04,2.12E-05,-8.11E-05
1807,-1.93E-04,-8.25E-05,-1.86E-04,-2.05E-05,-1.45E-04,-1.10E-04,-2.17E-04,-1.25E-04,-3.14E-06,1.32E-05,2.64E-05,1.32E-04,4.86E-05,5.76E-05,1.73E-04,3.58E-04,8.92E-05,1.82E-04,1.06E-05,-9.16E-05
1808,-1.97E-04,-8.95E-05,-1.88E-04,-2.04E-05,-1.54E-04,-1.18E-04,-2.21E-04,-1.23E-04,-5.43E-06,7.27E-06,3.13E-05,1.45E-04,4.70E-05,5.80E-05,1.83E-04,3.70E-04,9.65E-05,1.77E-04,1.85E-06,-9.82E-05
1809,-2.02E-04,-9.54E-05,-1.90E-04,-1.96E-05,-1.63E-04,-1.27E-04,-2.24E-04,-1.21E-04,-7.80E-06,1.67E-06,3.64E-05,1.56E-04,4.63E-05,5.87E-05,1.97E-04,3.83E-04,1.03E-04,1.70E-04,-4.65E-06,-1.01E-04
1810,-2.07E-04,-1.00E-04,-1.91E-04,-1.84E-05,-1.73E-04,-1.36E-04,-2.25E-04,-1.19E-04,-1.02E-05,-3.47E-06,4.14E-05,1.66E-04,4.66E-05,5.97E-05,2.13E-04,3.97E-04,1.10E-04,1.62E-04,-8.83E-06,-1.00E-04
1811,-2.11E-04,-1.05E-04,-1.92E-04,-1.68E-05,-1.82E-04,-1.44E-04,-2.25E-04,-1.16E-04,-1.27E-05,-8.03E-06,4.61E-05,1.74E-04,4.78E-05,6.09E-05,2.29E-04,4.12E-04,1.15E-04,1.53E-04,-1.07E-05,-9.68E-05
1812,-2.14E-04,-1.08E-04,-1.93E-04,-1.51E-05,-1.91E-04,-1.52E-04,-2.22E-04,-1.15E-04,-1.53E-05,-1.19E-05,5.00E-05,1.80E-04,4.97E-05,6.22E-05,2.46E-04,4.29E-04,1.19E-04,1.43E-04,-1.04E-05,-9.13E-05
1813,-2.14E-04,-1.12E-04,-1.94E-04,-1.32E-05,-1.99E-04,-1.60E-04,-2.18E-04,-1.13E-04,-1.78E-05,-1.52E-05,5.31E-05,1.84E-04,5.21E-05,6.35E-05,2.61E-04,4.45E-04,1.22E-04,1.32E-04,-8.13E-06,-8.43E-05
1814,-2.12E-04,-1.16E-04,-1.96E-04,-1.16E-05,-2.07E-04,-1.67E-04,-2.12E-04,-1.11E-04,-2.04E-05,-1.78E-05,5.50E-05,1.87E-04,5.46E-05,6.46E-05,2.74E-04,4.61E-04,1.23E-04,1.21E-04,-4.21E-06,-7.66E-05
1815,-2.06E-04,-1.20E-04,-1.98E-04,-1.01E-05,-2.13E-04,-1.73E-04,-2.04E-04,-1.10E-04,-2.29E-05,-1.98E-05,5.58E-05,1.88E-04,5.71E-05,6.56E-05,2.84E-04,4.76E-04,1.22E-04,1.09E-04,9.70E-07,-6.90E-05
1816,-1.97E-04,-1.25E-04,-2.01E-04,-9.16E-06,-2.19E-04,-1.78E-04,-1.94E-04,-1.09E-04,-2.54E-05,-2.14E-05,5.52E-05,1.88E-04,5.91E-05,6.64E-05,2.91E-04,4.89E-04,1.18E-04,9.76E-05,7.01E-06,-6.21E-05
1817,-1.85E-04,-1.31E-04,-2.05E-04,-8.72E-06,-2.24E-04,-1.83E-04,-1.83E-04,-1.08E-04,-2.77E-05,-2.27E-05,5.34E-05,1.86E-04,6.03E-05,6.67E-05,2.93E-04,5.01E-04,1.13E-04,8.62E-05,1.34E-05,-5.65E-05
1818,-1.72E-04,-1.37E-04,-2.10E-04,-8.93E-06,-2.27E-04,-1.86E-04,-1.70E-04,-1.08E-04,-2.99E-05,-2.38E-05,5.03E-05,1.83E-04,6.05E-05,6.66E-05,2.92E-04,5.11E-04,1.06E-04,7.53E-05,1.98E-05,-5.24E-05
1819,-1.56E-04,-1.43E-04,-2.16E-04,-9.87E-06,-2.31E-04,-1.89E-04,-1.57E-04,-1.07E-04,-3.20E-05,-2.50E-05,4.62E-05,1.79E-04,5.94E-05,6.60E-05,2.87E-04,5.19E-04,9.63E-05,6.52E-05,2.57E-05,-5.02E-05
1820,-1.41E-04,-1.50E-04,-2.22E-04,-1.16E-05,-2.34E-04,-1.91E-04,-1.44E-04,-1.07E-04,-3.40E-05,-2.65E-05,4.12E-05,1.75E-04,5.67E-05,6.47E-05,2.78E-04,5.24E-04,8.54E-05,5.59E-05,3.07E-05,-5.00E-05
1821,-1.26E-04,-1.55E-04,-2.29E-04,-1.43E-05,-2.37E-04,-1.93E-04,-1.31E-04,-1.07E-04,-3.61E-05,-2.84E-05,3.54E-05,1.71E-04,5.25E-05,6.26E-05,2.67E-04,5.27E-04,7.31E-05,4.77E-05,3.44E-05,-5.18E-05
1822,-1.14E-04,-1.60E-04,-2.38E-04,-1.79E-05,-2.41E-04,-1.95E-04,-1.19E-04,-1.07E-04,-3.83E-05,-3.09E-05,2.90E-05,1.66E-04,4.66E-05,5.95E-05,2.52E-04,5.26E-04,5.97E-05,4.07E-05,3.64E-05,-5.57E-05
1823,-1.05E-04,-1.63E-04,-2.46E-04,-2.25E-05,-2.45E-04,-1.96E-04,-1.09E-04,-1.08E-04,-4.08E-05,-3.44E-05,2.22E-05,1.62E-04,3.91E-05,5.54E-05,2.36E-04,5.23E-04,4.55E-05,3.47E-05,3.65E-05,-6.13E-05
1824,-1.01E-04,-1.65E-04,-2.56E-04,-2.83E-05,-2.51E-04,-1.98E-04,-1.02E-04,-1.10E-04,-4.39E-05,-3.88E-05,1.52E-05,1.58E-04,2.99E-05,5.00E-05,2.18E-04,5.17E-04,3.07E-05,2.97E-05,3.44E-05,-6.87E-05
1825,-1.02E-04,-1.64E-04,-2.66E-04,-3.52E-05,-2.59E-04,-2.02E-04,-9.77E-05,-1.12E-04,-4.78E-05,-4.45E-05,7.91E-06,1.55E-04,1.94E-05,4.32E-05,1.99E-04,5.08E-04,1.57E-05,2.56E-05,3.00E-05,-7.75E-05
1826,-1.09E-04,-1.61E-04,-2.76E-04,-4.33E-05,-2.69E-04,-2.06E-04,-9.74E-05,-1.15E-04,-5.26E-05,-5.16E-05,4.89E-07,1.52E-04,7.63E-06,3.47E-05,1.80E-04,4.96E-04,5.66E-07,2.21E-05,2.32E-05,-8.76E-05
1827,-1.22E-04,-1.55E-04,-2.87E-04,-5.27E-05,-2.81E-04,-2.12E-04,-1.02E-04,-1.20E-04,-5.88E-05,-6.02E-05,-7.13E-06,1.49E-04,-5.16E-06,2.46E-05,1.60E-04,4.82E-04,-1.46E-05,1.89E-05,1.40E-05,-9.89E-05
1828,-1.41E-04,-1.48E-04,-2.99E-04,-6.34E-05,-2.96E-04,-2.20E-04,-1.11E-04,-1.26E-04,-6.64E-05,-7.04E-05,-1.50E-05,1.45E-04,-1.87E-05,1.27E-05,1.41E-04,4.65E-04,-2.98E-05,1.57E-05,2.34E-06,-1.11E-04
1829,-1.66E-04,-1.39E-04,-3.11E-04,-7.54E-05,-3.14E-04,-2.30E-04,-1.25E-04,-1.34E-04,-7.56E-05,-8.22E-05,-2.33E-05,1.42E-04,-3.28E-05,-1.02E-06,1.22E-04,4.46E-04,-4.49E-05,1.21E-05,-1.15E-05,-1.24E-04
1830,-1.94E-04,-1.28E-04,-3.23E-04,-8.85E-05,-3.34E-04,-2.42E-04,-1.44E-04,-1.44E-04,-8.66E-05,-9.56E-05,-3.22E-05,1.38E-04,-4.72E-05,-1.65E-05,1.02E-04,4.25E-04,-6.01E-05,7.69E-06,-2.74E-05,-1.38E-04
1831,-2.25E-04,-1.18E-04,-3.37E-04,-1.03E-04,-3.57E-04,-2.56E-04,-1.68E-04,-1.57E-04,-9.92E-05,-1.10E-04,-4.16E-05,1.34E-04,-6.17E-05,-3.35E-05,8.31E-05,4.02E-04,-7.55E-05,2.19E-06,-4.49E-05,-1.53E-04
1832,-2.57E-04,-1.09E-04,-3.50E-04,-1.18E-04,-3.82E-04,-2.73E-04,-1.96E-04,-1.72E-04,-1.13E-04,-1.27E-04,-5.19E-05,1.28E-04,-7.62E-05,-5.19E-05,6.36E-05,3.78E-04,-9.11E-05,-4.75E-06,-6.38E-05,-1.69E-04
1833,-2.89E-04,-1.01E-04,-3.65E-04,-1.33E-04,-4.09E-04,-2.91E-04,-2.27E-04,-1.88E-04,-1.29E-04,-1.44E-04,-6.31E-05,1.21E-04,-9.04E-05,-7.13E-05,4.38E-05,3.53E-04,-1.07E-04,-1.34E-05,-8.36E-05,-1.85E-04
1834,-3.18E-04,-9.55E-05,-3.79E-04,-1.49E-04,-4.37E-04,-3.11E-04,-2.62E-04,-2.07E-04,-1.46E-04,-1.62E-04,-7.52E-05,1.12E-04,-1.04E-04,-9.14E-05,2.36E-05,3.28E-04,-1.24E-04,-2.39E-05,-1.04E-04,-2.02E-04
1835,-3.43E-04,-9.37E-05,-3.95E-04,-1.65E-04,-4.66E-04,-3.32E-04,-2.97E-04,-2.27E-04,-1.64E-04,-1.81E-04,-8.82E-05,1.02E-04,-1.18E-04,-1.12E-04,2.89E-06,3.02E-04,-1.41E-04,-3.64E-05,-1.24E-04,-2.19E-04
1836,-3.62E-04,-9.61E-05,-4.11E-04,-1.81E-04,-4.94E-04,-3.53E-04,-3.34E-04,-2.49E-04,-1.82E-04,-1.99E-04,-1.02E-04,9.05E-05,-1.31E-04,-1.32E-04,-1.82E-05,2.78E-04,-1.59E-04,-5.09E-05,-1.43E-04,-2.37E-04
1837,-3.74E-04,-1.03E-04,-4.27E-04,-1.95E-04,-5.21E-04,-3.73E-04,-3.69E-04,-2.71E-04,-2.00E-04,-2.18E-04,-1.16E-04,7.71E-05,-1.43E-04,-1.51E-04,-3.94E-05,2.54E-04,-1.77E-04,-6.73E-05,-1.62E-04,-2.54E-04
1838,-3.79E-04,-1.15E-04,-4.43E-04,-2.08E-04,-5.46E-04,-3.92E-04,-4.02E-04,-2.93E-04,-2.17E-04,-2.36E-04,-1.31E-04,6.23E-05,-1.55E-04,-1.69E-04,-6.07E-05,2.32E-04,-1.95E-04,-8.53E-05,-1.79E-04,-2.72E-04
1839,-3.77E-04,-1.32E-04,-4.60E-04,-2.20E-04,-5.69E-04,-4.10E-04,-4.32E-04,-3.14E-04,-2.34E-04,-2.52E-04,-1.46E-04,4.62E-05,-1.67E-04,-1.85E-04,-8.15E-05,2.12E-04,-2.14E-04,-1.05E-04,-1.93E-04,-2.88E-04
1840,-3.66E-04,-1.53E-04,-4.76E-04,-2.30E-04,-5.89E-04,-4.24E-04,-4.59E-04,-3.34E-04,-2.49E-04,-2.68E-04,-1.61E-04,2.92E-05,-1.77E-04,-1.99E-04,-1.02E-04,1.94E-04,-2.33E-04,-1.25E-04,-2.06E-04,-3.04E-04
1841,-3.50E-04,-1.79E-04,-4.91E-04,-2.37E-04,-6.06E-04,-4.36E-04,-4.81E-04,-3.53E-04,-2.62E-04,-2.81E-04,-1.75E-04,1.16E-05,-1.87E-04,-2.11E-04,-1.20E-04,1.79E-04,-2.51E-04,-1.46E-04,-2.16E-04,-3.18E-04
1842,-3.28E-04,-2.07E-04,-5.05E-04,-2.43E-04,-6.20E-04,-4.45E-04,-4.99E-04,-3.69E-04,-2.74E-04,-2.93E-04,-1.88E-04,-6.29E-06,-1.96E-04,-2.20E-04,-1.37E-04,1.67E-04,-2.69E-04,-1.67E-04,-2.23E-04,-3.31E-04
1843,-3.03E-04,-2.38E-04,-5.19E-04,-2.46E-04,-6.30E-04,-4.50E-04,-5.11E-04,-3.83E-04,-2.84E-04,-3.02E-04,-2.00E-04,-2.40E-05,-2.05E-04,-2.28E-04,-1.52E-04,1.58E-04,-2.87E-04,-1.88E-04,-2.28E-04,-3.41E-04
1844,-2.76E-04,-2.69E-04,-5.30E-04,-2.48E-04,-6.37E-04,-4.52E-04,-5.20E-04,-3.95E-04,-2.92E-04,-3.09E-04,-2.10E-04,-4.12E-05,-2.12E-04,-2.33E-04,-1.64E-04,1.52E-04,-3.03E-04,-2.08E-04,-2.30E-04,-3.49E-04
1845,-2.49E-04,-3.00E-04,-5.41E-04,-2.49E-04,-6.41E-04,-4.50E-04,-5.25E-04,-4.04E-04,-2.98E-04,-3.14E-04,-2.19E-04,-5.75E-05,-2.18E-04,-2.36E-04,-1.74E-04,1.48E-04,-3.18E-04,-2.27E-04,-2.30E-04,-3.54E-04
1846,-2.25E-04,-3.29E-04,-5.50E-04,-2.48E-04,-6.42E-04,-4.46E-04,-5.27E-04,-4.11E-04,-3.02E-04,-3.18E-04,-2.26E-04,-7.29E-05,-2.23E-04,-2.38E-04,-1.80E-04,1.46E-04,-3.31E-04,-2.45E-04,-2.29E-04,-3.56E-04
1847,-2.06E-04,-3.55E-04,-5.57E-04,-2.48E-04,-6.42E-04,-4.39E-04,-5.27E-04,-4.15E-04,-3.06E-04,-3.19E-04,-2.31E-04,-8.70E-05,-2.27E-04,-2.39E-04,-1.84E-04,1.45E-04,-3.43E-04,-2.61E-04,-2.26E-04,-3.55E-04
1848,-1.93E-04,-3.77E-04,-5.63E-04,-2.47E-04,-6.41E-04,-4.31E-04,-5.25E-04,-4.19E-04,-3.08E-04,-3.20E-04,-2.34E-04,-9.99E-05,-2.30E-04,-2.40E-04,-1.85E-04,1.45E-04,-3.54E-04,-2.75E-04,-2.23E-04,-3.51E-04
1849,-1.88E-04,-3.94E-04,-5.67E-04,-2.47E-04,-6.40E-04,-4.22E-04,-5.24E-04,-4.21E-04,-3.11E-04,-3.19E-04,-2.36E-04,-1.12E-04,-2.31E-04,-2.41E-04,-1.84E-04,1.44E-04,-3.64E-04,-2.88E-04,-2.20E-04,-3.45E-04
1850,-1.91E-04,-4.06E-04,-5.70E-04,-2.49E-04,-6.38E-04,-4.13E-04,-5.24E-04,-4.22E-04,-3.13E-04,-3.18E-04,-2.37E-04,-1.22E-04,-2.32E-04,-2.43E-04,-1.82E-04,1.43E-04,-3.72E-04,-2.98E-04,-2.17E-04,-3.36E-04
1851,-2.02E-04,-4.12E-04,-5.71E-04,-2.52E-04,-6.38E-04,-4.04E-04,-5.25E-04,-4.24E-04,-3.17E-04,-3.17E-04,-2.37E-04,-1.32E-04,-2.32E-04,-2.46E-04,-1.78E-04,1.40E-04,-3.80E-04,-3.06E-04,-2.15E-04,-3.24E-04
1852,-2.22E-04,-4.13E-04,-5.72E-04,-2.57E-04,-6.39E-04,-3.97E-04,-5.28E-04,-4.26E-04,-3.21E-04,-3.16E-04,-2.37E-04,-1.41E-04,-2.32E-04,-2.50E-04,-1.73E-04,1.36E-04,-3.87E-04,-3.12E-04,-2.14E-04,-3.11E-04
1853,-2.48E-04,-4.08E-04,-5.72E-04,-2.65E-04,-6.42E-04,-3.92E-04,-5.33E-04,-4.28E-04,-3.26E-04,-3.16E-04,-2.37E-04,-1.49E-04,-2.31E-04,-2.55E-04,-1.69E-04,1.28E-04,-3.94E-04,-3.17E-04,-2.15E-04,-2.96E-04
1854,-2.81E-04,-3.99E-04,-5.71E-04,-2.74E-04,-6.46E-04,-3.89E-04,-5.41E-04,-4.32E-04,-3.32E-04,-3.16E-04,-2.37E-04,-1.58E-04,-2.31E-04,-2.62E-04,-1.64E-04,1.18E-04,-4.00E-04,-3.20E-04,-2.18E-04,-2.80E-04
1855,-3.17E-04,-3.86E-04,-5.70E-04,-2.85E-04,-6.51E-04,-3.88E-04,-5.50E-04,-4.38E-04,-3.39E-04,-3.16E-04,-2.38E-04,-1.67E-04,-2.31E-04,-2.69E-04,-1.61E-04,1.05E-04,-4.07E-04,-3.22E-04,-2.22E-04,-2.63E-04
1856,-3.56E-04,-3.72E-04,-5.68E-04,-2.97E-04,-6.58E-04,-3.89E-04,-5.61E-04,-4.44E-04,-3.46E-04,-3.17E-04,-2.40E-04,-1.76E-04,-2.32E-04,-2.77E-04,-1.59E-04,9.00E-05,-4.14E-04,-3.22E-04,-2.27E-04,-2.45E-04
1857,-3.93E-04,-3.56E-04,-5.65E-04,-3.10E-04,-6.65E-04,-3.92E-04,-5.72E-04,-4.52E-04,-3.54E-04,-3.19E-04,-2.43E-04,-1.85E-04,-2.33E-04,-2.85E-04,-1.58E-04,7.27E-05,-4.21E-04,-3.22E-04,-2.34E-04,-2.27E-04
1858,-4.28E-04,-3.40E-04,-5.62E-04,-3.21E-04,-6.72E-04,-3.96E-04,-5.82E-04,-4.60E-04,-3.62E-04,-3.20E-04,-2.47E-04,-1.95E-04,-2.36E-04,-2.92E-04,-1.59E-04,5.41E-05,-4.28E-04,-3.20E-04,-2.40E-04,-2.09E-04
1859,-4.57E-04,-3.26E-04,-5.59E-04,-3.32E-04,-6.78E-04,-4.01E-04,-5.89E-04,-4.68E-04,-3.69E-04,-3.21E-04,-2.52E-04,-2.06E-04,-2.40E-04,-2.97E-04,-1.60E-04,3.53E-05,-4.35E-04,-3.18E-04,-2.47E-04,-1.91E-04
1860,-4.79E-04,-3.14E-04,-5.55E-04,-3.40E-04,-6.81E-04,-4.05E-04,-5.94E-04,-4.75E-04,-3.75E-04,-3.21E-04,-2.58E-04,-2.16E-04,-2.44E-04,-3.00E-04,-1.62E-04,1.72E-05,-4.42E-04,-3.14E-04,-2.51E-04,-1.73E-04
1861,-4.92E-04,-3.06E-04,-5.50E-04,-3.44E-04,-6.83E-04,-4.09E-04,-5.94E-04,-4.82E-04,-3.79E-04,-3.19E-04,-2.65E-04,-2.26E-04,-2.49E-04,-3.00E-04,-1.64E-04,1.03E-06,-4.49E-04,-3.10E-04,-2.54E-04,-1.56E-04
1862,-4.95E-04,-3.01E-04,-5.44E-04,-3.45E-04,-6.80E-04,-4.10E-04,-5.89E-04,-4.87E-04,-3.81E-04,-3.16E-04,-2.72E-04,-2.36E-04,-2.54E-04,-2.96E-04,-1.65E-04,-1.22E-05,-4.55E-04,-3.05E-04,-2.55E-04,-1.40E-04
1863,-4.88E-04,-3.00E-04,-5.36E-04,-3.40E-04,-6.75E-04,-4.10E-04,-5.78E-04,-4.89E-04,-3.80E-04,-3.10E-04,-2.78E-04,-2.44E-04,-2.59E-04,-2.88E-04,-1.66E-04,-2.14E-05,-4.59E-04,-2.98E-04,-2.52E-04,-1.25E-04
1864,-4.71E-04,-3.02E-04,-5.27E-04,-3.31E-04,-6.64E-04,-4.06E-04,-5.61E-04,-4.89E-04,-3.76E-04,-3.02E-04,-2.84E-04,-2.50E-04,-2.63E-04,-2.76E-04,-1.65E-04,-2.57E-05,-4.62E-04,-2.90E-04,-2.45E-04,-1.11E-04
1865,-4.44E-04,-3.08E-04,-5.16E-04,-3.17E-04,-6.50E-04,-3.98E-04,-5.38E-04,-4.85E-04,-3.69E-04,-2.90E-04,-2.89E-04,-2.54E-04,-2.65E-04,-2.61E-04,-1.62E-04,-2.47E-05,-4.62E-04,-2.81E-04,-2.34E-04,-9.96E-05
1866,-4.10E-04,-3.16E-04,-5.04E-04,-2.99E-04,-6.32E-04,-3.88E-04,-5.10E-04,-4.79E-04,-3.60E-04,-2.77E-04,-2.93E-04,-2.55E-04,-2.65E-04,-2.41E-04,-1.56E-04,-1.79E-05,-4.61E-04,-2.70E-04,-2.20E-04,-9.01E-05
1867,-3.69E-04,-3.25E-04,-4.91E-04,-2.76E-04,-6.11E-04,-3.74E-04,-4.78E-04,-4.70E-04,-3.49E-04,-2.60E-04,-2.95E-04,-2.53E-04,-2.63E-04,-2.19E-04,-1.49E-04,-5.44E-06,-4.56E-04,-2.58E-04,-2.01E-04,-8.32E-05
1868,-3.23E-04,-3.34E-04,-4.75E-04,-2.51E-04,-5.87E-04,-3.58E-04,-4.43E-04,-4.59E-04,-3.36E-04,-2.42E-04,-2.96E-04,-2.47E-04,-2.56E-04,-1.95E-04,-1.38E-04,1.23E-05,-4.48E-04,-2.44E-04,-1.80E-04,-7.93E-05
1869,-2.76E-04,-3.42E-04,-4.59E-04,-2.24E-04,-5.62E-04,-3.40E-04,-4.06E-04,-4.46E-04,-3.23E-04,-2.23E-04,-2.94E-04,-2.36E-04,-2.46E-04,-1.71E-04,-1.26E-04,3.46E-05,-4.38E-04,-2.30E-04,-1.56E-04,-7.89E-05
1870,-2.29E-04,-3.46E-04,-4.42E-04,-1.97E-04,-5.37E-04,-3.21E-04,-3.69E-04,-4.32E-04,-3.09E-04,-2.03E-04,-2.91E-04,-2.22E-04,-2.32E-04,-1.47E-04,-1.13E-04,6.04E-05,-4.24E-04,-2.14E-04,-1.32E-04,-8.23E-05
1871,-1.84E-04,-3.47E-04,-4.25E-04,-1.71E-04,-5.12E-04,-3.02E-04,-3.33E-04,-4.17E-04,-2.97E-04,-1.83E-04,-2.86E-04,-2.03E-04,-2.13E-04,-1.25E-04,-9.85E-05,8.84E-05,-4.08E-04,-1.98E-04,-1.06E-04,-8.95E-05
1872,-1.43E-04,-3.43E-04,-4.08E-04,-1.48E-04,-4.90E-04,-2.85E-04,-3.01E-04,-4.04E-04,-2.86E-04,-1.64E-04,-2.80E-04,-1.80E-04,-1.89E-04,-1.07E-04,-8.41E-05,1.17E-04,-3.89E-04,-1.81E-04,-8.26E-05,-1.01E-04
1873,-1.08E-04,-3.34E-04,-3.91E-04,-1.30E-04,-4.71E-04,-2.70E-04,-2.74E-04,-3.91E-04,-2.79E-04,-1.47E-04,-2.72E-04,-1.55E-04,-1.61E-04,-9.31E-05,-7.03E-05,1.45E-04,-3.67E-04,-1.64E-04,-6.10E-05,-1.16E-04
1874,-7.98E-05,-3.18E-04,-3.75E-04,-1.18E-04,-4.56E-04,-2.60E-04,-2.52E-04,-3.81E-04,-2.74E-04,-1.33E-04,-2.64E-04,-1.26E-04,-1.30E-04,-8.47E-05,-5.81E-05,1.71E-04,-3.44E-04,-1.48E-04,-4.31E-05,-1.35E-04
1875,-5.85E-05,-2.96E-04,-3.60E-04,-1.12E-04,-4.47E-04,-2.54E-04,-2.36E-04,-3.74E-04,-2.74E-04,-1.22E-04,-2.55E-04,-9.61E-05,-9.54E-05,-8.23E-05,-4.82E-05,1.92E-04,-3.18E-04,-1.32E-04,-2.99E-05,-1.57E-04
1876,-4.44E-05,-2.68E-04,-3.47E-04,-1.14E-04,-4.43E-04,-2.55E-04,-2.27E-04,-3.69E-04,-2.78E-04,-1.16E-04,-2.45E-04,-6.48E-05,-5.88E-05,-8.64E-05,-4.12E-05,2.09E-04,-2.92E-04,-1.18E-04,-2.22E-05,-1.82E-04
1877,-3.68E-05,-2.35E-04,-3.36E-04,-1.23E-04,-4.45E-04,-2.61E-04,-2.24E-04,-3.67E-04,-2.85E-04,-1.13E-04,-2.36E-04,-3.32E-05,-2.12E-05,-9.68E-05,-3.75E-05,2.20E-04,-2.64E-04,-1.05E-04,-2.07E-05,-2.08E-04
1878,-3.48E-05,-1.98E-04,-3.26E-04,-1.39E-04,-4.52E-04,-2.73E-04,-2.27E-04,-3.68E-04,-2.97E-04,-1.15E-04,-2.27E-04,-2.31E-06,1.64E-05,-1.13E-04,-3.72E-05,2.25E-04,-2.35E-04,-9.38E-05,-2.55E-05,-2.35E-04
1879,-3.70E-05,-1.57E-04,-3.18E-04,-1.61E-04,-4.63E-04,-2.91E-04,-2.33E-04,-3.71E-04,-3.11E-04,-1.21E-04,-2.18E-04,2.71E-05,5.28E-05,-1.34E-04,-4.02E-05,2.23E-04,-2.07E-04,-8.42E-05,-3.66E-05,-2.60E-04
1880,-4.18E-05,-1.15E-04,-3.11E-04,-1.88E-04,-4.78E-04,-3.14E-04,-2.42E-04,-3.75E-04,-3.27E-04,-1.31E-04,-2.10E-04,5.44E-05,8.70E-05,-1.59E-04,-4.62E-05,2.14E-04,-1.77E-04,-7.65E-05,-5.35E-05,-2.84E-04
1881,-4.73E-05,-7.30E-05,-3.05E-04,-2.19E-04,-4.94E-04,-3.41E-04,-2.52E-04,-3.79E-04,-3.44E-04,-1.43E-04,-2.02E-04,7.89E-05,1.18E-04,-1.86E-04,-5.45E-05,2.01E-04,-1.48E-04,-7.04E-05,-7.53E-05,-3.05E-04
1882,-5.20E-05,-3.22E-05,-2.99E-04,-2.51E-04,-5.11E-04,-3.71E-04,-2.60E-04,-3.83E-04,-3.61E-04,-1.56E-04,-1.93E-04,1.00E-04,1.45E-04,-2.14E-04,-6.43E-05,1.83E-04,-1.19E-04,-6.57E-05,-1.01E-04,-3.21E-04
1883,-5.40E-05,5.89E-06,-2.93E-04,-2.82E-04,-5.26E-04,-4.02E-04,-2.64E-04,-3.83E-04,-3.76E-04,-1.71E-04,-1.85E-04,1.19E-04,1.67E-04,-2.41E-04,-7.46E-05,1.63E-04,-8.96E-05,-6.21E-05,-1.29E-04,-3.32E-04
1884,-5.21E-05,4.01E-05,-2.85E-04,-3.11E-04,-5.38E-04,-4.32E-04,-2.62E-04,-3.80E-04,-3.89E-04,-1.84E-04,-1.75E-04,1.34E-04,1.84E-04,-2.64E-04,-8.41E-05,1.42E-04,-6.01E-05,-5.92E-05,-1.57E-04,-3.36E-04
1885,-4.51E-05,6.96E-05,-2.76E-04,-3.35E-04,-5.46E-04,-4.60E-04,-2.53E-04,-3.72E-04,-3.97E-04,-1.96E-04,-1.64E-04,1.46E-04,1.97E-04,-2.83E-04,-9.19E-05,1.21E-04,-3.04E-05,-5.66E-05,-1.85E-04,-3.33E-04
1886,-3.25E-05,9.38E-05,-2.64E-04,-3.52E-04,-5.47E-04,-4.85E-04,-2.35E-04,-3.57E-04,-4.00E-04,-2.05E-04,-1.52E-04,1.56E-04,2.04E-04,-2.96E-04,-9.69E-05,1.03E-04,-4.79E-07,-5.36E-05,-2.11E-04,-3.24E-04
1887,-1.40E-05,1.12E-04,-2.49E-04,-3.62E-04,-5.41E-04,-5.04E-04,-2.07E-04,-3.36E-04,-3.97E-04,-2.10E-04,-1.38E-04,1.64E-04,2.07E-04,-3.03E-04,-9.81E-05,8.95E-05,2.98E-05,-4.99E-05,-2.32E-04,-3.07E-04
1888,1.01E-05,1.26E-04,-2.31E-04,-3.62E-04,-5.27E-04,-5.18E-04,-1.69E-04,-3.07E-04,-3.87E-04,-2.10E-04,-1.22E-04,1.71E-04,2.06E-04,-3.02E-04,-9.49E-05,8.10E-05,6.04E-05,-4.50E-05,-2.48E-04,-2.83E-04
1889,3.92E-05,1.35E-04,-2.08E-04,-3.53E-04,-5.04E-04,-5.24E-04,-1.20E-04,-2.70E-04,-3.71E-04,-2.05E-04,-1.03E-04,1.78E-04,2.02E-04,-2.92E-04,-8.68E-05,7.89E-05,9.12E-05,-3.87E-05,-2.58E-04,-2.54E-04
1890,7.25E-05,1.40E-04,-1.82E-04,-3.34E-04,-4.73E-04,-5.23E-04,-6.22E-05,-2.26E-04,-3.47E-04,-1.94E-04,-8.19E-05,1.85E-04,1.96E-04,-2.75E-04,-7.38E-05,8.37E-05,1.22E-04,-3.05E-05,-2.60E-04,-2.20E-04
1891,1.09E-04,1.43E-04,-1.52E-04,-3.07E-04,-4.34E-04,-5.15E-04,4.01E-06,-1.75E-04,-3.18E-04,-1.79E-04,-5.86E-05,1.93E-04,1.89E-04,-2.51E-04,-5.58E-05,9.55E-05,1.53E-04,-2.06E-05,-2.55E-04,-1.83E-04
1892,1.46E-04,1.44E-04,-1.18E-04,-2.71E-04,-3.89E-04,-5.00E-04,7.67E-05,-1.17E-04,-2.84E-04,-1.58E-04,-3.35E-05,2.03E-04,1.82E-04,-2.21E-04,-3.36E-05,1.14E-04,1.84E-04,-8.79E-06,-2.42E-04,-1.44E-04
1893,1.84E-04,1.46E-04,-8.17E-05,-2.28E-04,-3.37E-04,-4.79E-04,1.54E-04,-5.57E-05,-2.44E-04,-1.33E-04,-6.79E-06,2.14E-04,1.76E-04,-1.86E-04,-7.75E-06,1.38E-04,2.15E-04,4.63E-06,-2.22E-04,-1.05E-04
1894,2.21E-04,1.49E-04,-4.28E-05,-1.81E-04,-2.82E-04,-4.52E-04,2.33E-04,9.33E-06,-2.02E-04,-1.04E-04,2.08E-05,2.28E-04,1.71E-04,-1.47E-04,2.07E-05,1.68E-04,2.45E-04,1.94E-05,-1.96E-04,-6.74E-05
1895,2.55E-04,1.54E-04,-2.58E-06,-1.31E-04,-2.24E-04,-4.22E-04,3.12E-04,7.58E-05,-1.58E-04,-7.36E-05,4.87E-05,2.44E-04,1.69E-04,-1.07E-04,5.05E-05,2.00E-04,2.74E-04,3.51E-05,-1.64E-04,-3.34E-05
1896,2.85E-04,1.64E-04,3.81E-05,-7.95E-05,-1.66E-04,-3.89E-04,3.87E-04,1.42E-04,-1.14E-04,-4.15E-05,7.62E-05,2.63E-04,1.69E-04,-6.69E-05,8.04E-05,2.34E-04,3.01E-04,5.12E-05,-1.27E-04,-4.33E-06
1897,3.11E-04,1.78E-04,7.84E-05,-2.98E-05,-1.10E-04,-3.55E-04,4.58E-04,2.06E-04,-7.07E-05,-9.46E-06,1.03E-04,2.84E-04,1.72E-04,-2.84E-05,1.09E-04,2.67E-04,3.27E-04,6.73E-05,-8.87E-05,1.87E-05
1898,3.33E-04,1.96E-04,1.17E-04,1.66E-05,-5.62E-05,-3.22E-04,5.21E-04,2.66E-04,-2.99E-05,2.14E-05,1.27E-04,3.06E-04,1.77E-04,6.88E-06,1.36E-04,2.98E-04,3.51E-04,8.26E-05,-4.90E-05,3.48E-05
1899,3.50E-04,2.19E-04,1.54E-04,5.77E-05,-7.38E-06,-2.91E-04,5.75E-04,3.21E-04,7.46E-06,4.99E-05,1.49E-04,3.29E-04,1.85E-04,3.76E-05,1.59E-04,3.25E-04,3.73E-04,9.68E-05,-9.89E-06,4.33E-05
1900,3.62E-04,2.47E-04,1.87E-04,9.23E-05,3.55E-05,-2.63E-04,6.19E-04,3.69E-04,4.03E-05,7.53E-05,1.68E-04,3.52E-04,1.94E-04,6.27E-05,1.78E-04,3.46E-04,3.94E-04,1.09E-04,2.69E-05,4.43E-05
1901,3.70E-04,2.78E-04,2.17E-04,1.19E-04,7.16E-05,-2.39E-04,6.52E-04,4.10E-04,6.81E-05,9.67E-05,1.84E-04,3.75E-04,2.05E-04,8.16E-05,1.92E-04,3.61E-04,4.12E-04,1.20E-04,5.99E-05,3.79E-05
1902,3.75E-04,3.11E-04,2.43E-04,1.38E-04,1.00E-04,-2.20E-04,6.74E-04,4.44E-04,9.06E-05,1.14E-04,1.97E-04,3.97E-04,2.16E-04,9.42E-05,2.01E-04,3.68E-04,4.29E-04,1.28E-04,8.81E-05,2.48E-05
1903,3.77E-04,3.47E-04,2.64E-04,1.49E-04,1.22E-04,-2.06E-04,6.86E-04,4.70E-04,1.08E-04,1.26E-04,2.06E-04,4.17E-04,2.28E-04,1.00E-04,2.06E-04,3.68E-04,4.43E-04,1.34E-04,1.10E-04,5.86E-06
1904,3.77E-04,3.82E-04,2.81E-04,1.52E-04,1.37E-04,-1.97E-04,6.88E-04,4.88E-04,1.20E-04,1.35E-04,2.12E-04,4.34E-04,2.38E-04,1.01E-04,2.06E-04,3.60E-04,4.57E-04,1.38E-04,1.26E-04,-1.77E-05
1905,3.76E-04,4.16E-04,2.95E-04,1.49E-04,1.45E-04,-1.94E-04,6.83E-04,5.00E-04,1.27E-04,1.39E-04,2.15E-04,4.49E-04,2.46E-04,9.67E-05,2.03E-04,3.45E-04,4.69E-04,1.40E-04,1.36E-04,-4.44E-05
1906,3.75E-04,4.47E-04,3.05E-04,1.39E-04,1.48E-04,-1.94E-04,6.71E-04,5.06E-04,1.31E-04,1.39E-04,2.16E-04,4.60E-04,2.52E-04,8.85E-05,1.97E-04,3.24E-04,4.80E-04,1.39E-04,1.38E-04,-7.30E-05
1907,3.74E-04,4.74E-04,3.13E-04,1.26E-04,1.47E-04,-1.98E-04,6.55E-04,5.08E-04,1.31E-04,1.37E-04,2.15E-04,4.69E-04,2.56E-04,7.77E-05,1.89E-04,2.98E-04,4.91E-04,1.38E-04,1.35E-04,-1.02E-04
1908,3.74E-04,4.97E-04,3.18E-04,1.11E-04,1.44E-04,-2.04E-04,6.36E-04,5.06E-04,1.30E-04,1.33E-04,2.14E-04,4.74E-04,2.57E-04,6.56E-05,1.81E-04,2.69E-04,5.01E-04,1.36E-04,1.27E-04,-1.30E-04
1909,3.75E-04,5.14E-04,3.23E-04,9.45E-05,1.39E-04,-2.11E-04,6.18E-04,5.03E-04,1.28E-04,1.28E-04,2.11E-04,4.77E-04,2.56E-04,5.34E-05,1.73E-04,2.38E-04,5.11E-04,1.34E-04,1.15E-04,-1.56E-04
1910,3.77E-04,5.26E-04,3.27E-04,7.89E-05,1.34E-04,-2.19E-04,6.00E-04,5.00E-04,1.26E-04,1.23E-04,2.10E-04,4.77E-04,2.52E-04,4.23E-05,1.67E-04,2.07E-04,5.20E-04,1.32E-04,1.00E-04,-1.79E-04
1911,3.80E-04,5.33E-04,3.32E-04,6.54E-05,1.30E-04,-2.26E-04,5.86E-04,4.97E-04,1.25E-04,1.19E-04,2.09E-04,4.76E-04,2.46E-04,3.33E-05,1.63E-04,1.77E-04,5.29E-04,1.31E-04,8.33E-05,-1.99E-04
1912,3.84E-04,5.35E-04,3.38E-04,5.51E-05,1.29E-04,-2.32E-04,5.76E-04,4.95E-04,1.26E-04,1.16E-04,2.10E-04,4.73E-04,2.38E-04,2.70E-05,1.62E-04,1.50E-04,5.38E-04,1.31E-04,6.64E-05,-2.14E-04
1913,3.89E-04,5.32E-04,3.45E-04,4.87E-05,1.30E-04,-2.36E-04,5.70E-04,4.97E-04,1.28E-04,1.14E-04,2.12E-04,4.71E-04,2.29E-04,2.42E-05,1.65E-04,1.26E-04,5.47E-04,1.32E-04,5.04E-05,-2.25E-04
1914,3.93E-04,5.26E-04,3.55E-04,4.67E-05,1.35E-04,-2.37E-04,5.71E-04,5.01E-04,1.33E-04,1.16E-04,2.17E-04,4.68E-04,2.20E-04,2.48E-05,1.71E-04,1.07E-04,5.55E-04,1.35E-04,3.64E-05,-2.32E-04
1915,3.98E-04,5.19E-04,3.68E-04,4.90E-05,1.43E-04,-2.36E-04,5.76E-04,5.08E-04,1.40E-04,1.19E-04,2.23E-04,4.66E-04,2.11E-04,2.90E-05,1.80E-04,9.28E-05,5.62E-04,1.40E-04,2.52E-05,-2.35E-04
1916,4.02E-04,5.11E-04,3.82E-04,5.55E-05,1.54E-04,-2.33E-04,5.88E-04,5.18E-04,1.50E-04,1.25E-04,2.32E-04,4.66E-04,2.04E-04,3.64E-05,1.93E-04,8.30E-05,5.68E-04,1.45E-04,1.76E-05,-2.35E-04
1917,4.05E-04,5.03E-04,3.99E-04,6.54E-05,1.68E-04,-2.27E-04,6.04E-04,5.31E-04,1.61E-04,1.33E-04,2.42E-04,4.68E-04,1.97E-04,4.64E-05,2.07E-04,7.74E-05,5.74E-04,1.52E-04,1.38E-05,-2.31E-04
1918,4.08E-04,4.98E-04,4.17E-04,7.81E-05,1.84E-04,-2.19E-04,6.23E-04,5.46E-04,1.74E-04,1.42E-04,2.54E-04,4.72E-04,1.92E-04,5.84E-05,2.22E-04,7.54E-05,5.78E-04,1.59E-04,1.39E-05,-2.25E-04
1919,4.10E-04,4.95E-04,4.36E-04,9.24E-05,2.02E-04,-2.10E-04,6.46E-04,5.62E-04,1.88E-04,1.53E-04,2.66E-04,4.78E-04,1.90E-04,7.16E-05,2.38E-04,7.62E-05,5.81E-04,1.66E-04,1.78E-05,-2.17E-04
1920,4.12E-04,4.95E-04,4.56E-04,1.07E-04,2.20E-04,-2.00E-04,6.71E-04,5.80E-04,2.01E-04,1.64E-04,2.79E-04,4.87E-04,1.89E-04,8.51E-05,2.53E-04,7.89E-05,5.82E-04,1.72E-04,2.49E-05,-2.08E-04
1921,4.14E-04,5.00E-04,4.76E-04,1.22E-04,2.39E-04,-1.90E-04,6.96E-04,5.96E-04,2.15E-04,1.75E-04,2.91E-04,4.97E-04,1.90E-04,9.82E-05,2.66E-04,8.22E-05,5.82E-04,1.77E-04,3.47E-05,-1.98E-04
1922,4.16E-04,5.09E-04,4.95E-04,1.35E-04,2.56E-04,-1.81E-04,7.21E-04,6.12E-04,2.28E-04,1.85E-04,3.03E-04,5.09E-04,1.94E-04,1.10E-04,2.77E-04,8.51E-05,5.80E-04,1.80E-04,4.63E-05,-1.86E-04
1923,4.20E-04,5.21E-04,5.13E-04,1.45E-04,2.71E-04,-1.73E-04,7.45E-04,6.26E-04,2.39E-04,1.95E-04,3.13E-04,5.22E-04,1.98E-04,1.20E-04,2.84E-04,8.67E-05,5.77E-04,1.80E-04,5.88E-05,-1.74E-04
1924,4.24E-04,5.36E-04,5.28E-04,1.53E-04,2.84E-04,-1.67E-04,7.67E-04,6.38E-04,2.48E-04,2.03E-04,3.21E-04,5.36E-04,2.03E-04,1.27E-04,2.86E-04,8.60E-05,5.73E-04,1.77E-04,7.11E-05,-1.62E-04
1925,4.31E-04,5.54E-04,5.40E-04,1.57E-04,2.94E-04,-1.63E-04,7.85E-04,6.46E-04,2.54E-04,2.09E-04,3.28E-04,5.49E-04,2.08E-04,1.31E-04,2.85E-04,8.24E-05,5.68E-04,1.71E-04,8.23E-05,-1.49E-04
1926,4.38E-04,5.73E-04,5.50E-04,1.57E-04,3.00E-04,-1.61E-04,8.00E-04,6.52E-04,2.59E-04,2.13E-04,3.31E-04,5.62E-04,2.13E-04,1.33E-04,2.78E-04,7.56E-05,5.62E-04,1.62E-04,9.15E-05,-1.35E-04
1927,4.47E-04,5.92E-04,5.56E-04,1.53E-04,3.03E-04,-1.62E-04,8.12E-04,6.54E-04,2.61E-04,2.15E-04,3.33E-04,5.73E-04,2.17E-04,1.31E-04,2.68E-04,6.53E-05,5.55E-04,1.50E-04,9.79E-05,-1.21E-04
1928,4.58E-04,6.09E-04,5.59E-04,1.46E-04,3.03E-04,-1.65E-04,8.19E-04,6.52E-04,2.60E-04,2.15E-04,3.32E-04,5.82E-04,2.19E-04,1.26E-04,2.54E-04,5.16E-05,5.47E-04,1.34E-04,1.01E-04,-1.07E-04
1929,4.69E-04,6.23E-04,5.58E-04,1.36E-04,3.00E-04,-1.70E-04,8.23E-04,6.47E-04,2.57E-04,2.12E-04,3.28E-04,5.89E-04,2.20E-04,1.19E-04,2.36E-04,3.48E-05,5.38E-04,1.16E-04,1.00E-04,-9.14E-05
1930,4.80E-04,6.34E-04,5.54E-04,1.23E-04,2.94E-04,-1.76E-04,8.23E-04,6.39E-04,2.52E-04,2.09E-04,3.23E-04,5.92E-04,2.18E-04,1.09E-04,2.15E-04,1.54E-05,5.28E-04,9.46E-05,9.58E-05,-7.61E-05
1931,4.91E-04,6.40E-04,5.48E-04,1.08E-04,2.85E-04,-1.84E-04,8.20E-04,6.28E-04,2.46E-04,2.04E-04,3.16E-04,5.93E-04,2.13E-04,9.81E-05,1.93E-04,-6.09E-06,5.17E-04,7.18E-05,8.75E-05,-6.10E-05
1932,4.99E-04,6.41E-04,5.40E-04,9.15E-05,2.74E-04,-1.93E-04,8.14E-04,6.15E-04,2.38E-04,1.98E-04,3.07E-04,5.90E-04,2.06E-04,8.54E-05,1.70E-04,-2.89E-05,5.05E-04,4.77E-05,7.58E-05,-4.68E-05
1933,5.05E-04,6.37E-04,5.30E-04,7.47E-05,2.62E-04,-2.02E-04,8.05E-04,5.99E-04,2.29E-04,1.91E-04,2.97E-04,5.84E-04,1.96E-04,7.18E-05,1.47E-04,-5.24E-05,4.91E-04,2.27E-05,6.12E-05,-3.42E-05
1934,5.06E-04,6.27E-04,5.19E-04,5.78E-05,2.49E-04,-2.11E-04,7.94E-04,5.82E-04,2.19E-04,1.84E-04,2.86E-04,5.74E-04,1.84E-04,5.78E-05,1.24E-04,-7.59E-05,4.75E-04,-2.48E-06,4.42E-05,-2.38E-05
1935,5.03E-04,6.12E-04,5.08E-04,4.14E-05,2.36E-04,-2.20E-04,7.80E-04,5.64E-04,2.09E-04,1.77E-04,2.75E-04,5.61E-04,1.71E-04,4.37E-05,1.02E-04,-9.89E-05,4.57E-04,-2.74E-05,2.56E-05,-1.67E-05
1936,4.95E-04,5.93E-04,4.97E-04,2.58E-05,2.23E-04,-2.28E-04,7.65E-04,5.44E-04,1.99E-04,1.70E-04,2.63E-04,5.46E-04,1.56E-04,2.99E-05,8.18E-05,-1.21E-04,4.37E-04,-5.16E-05,6.24E-06,-1.37E-05
1937,4.81E-04,5.70E-04,4.86E-04,1.14E-05,2.10E-04,-2.36E-04,7.48E-04,5.24E-04,1.88E-04,1.63E-04,2.51E-04,5.27E-04,1.40E-04,1.65E-05,6.30E-05,-1.42E-04,4.15E-04,-7.49E-05,-1.32E-05,-1.56E-05
1938,4.61E-04,5.45E-04,4.76E-04,-1.90E-06,1.97E-04,-2.42E-04,7.30E-04,5.04E-04,1.78E-04,1.57E-04,2.39E-04,5.07E-04,1.23E-04,3.62E-06,4.58E-05,-1.61E-04,3.90E-04,-9.69E-05,-3.20E-05,-2.31E-05
1939,4.35E-04,5.19E-04,4.67E-04,-1.40E-05,1.85E-04,-2.48E-04,7.11E-04,4.83E-04,1.68E-04,1.52E-04,2.27E-04,4.86E-04,1.07E-04,-8.63E-06,3.00E-05,-1.79E-04,3.62E-04,-1.18E-04,-4.97E-05,-3.68E-05
1940,4.04E-04,4.93E-04,4.59E-04,-2.51E-05,1.74E-04,-2.52E-04,6.90E-04,4.61E-04,1.58E-04,1.46E-04,2.16E-04,4.63E-04,9.00E-05,-2.03E-05,1.53E-05,-1.95E-04,3.33E-04,-1.37E-04,-6.57E-05,-5.70E-05
1941,3.69E-04,4.68E-04,4.52E-04,-3.55E-05,1.64E-04,-2.56E-04,6.68E-04,4.39E-04,1.48E-04,1.41E-04,2.04E-04,4.39E-04,7.41E-05,-3.15E-05,1.19E-06,-2.11E-04,3.01E-04,-1.55E-04,-7.98E-05,-8.38E-05
1942,3.30E-04,4.45E-04,4.46E-04,-4.53E-05,1.55E-04,-2.58E-04,6.45E-04,4.16E-04,1.38E-04,1.36E-04,1.93E-04,4.15E-04,5.87E-05,-4.24E-05,-1.28E-05,-2.25E-04,2.69E-04,-1.73E-04,-9.20E-05,-1.17E-04
1943,2.88E-04,4.25E-04,4.40E-04,-5.51E-05,1.46E-04,-2.61E-04,6.21E-04,3.94E-04,1.28E-04,1.31E-04,1.82E-04,3.90E-04,4.39E-05,-5.30E-05,-2.74E-05,-2.40E-04,2.35E-04,-1.89E-04,-1.02E-04,-1.55E-04
1944,2.46E-04,4.08E-04,4.35E-04,-6.50E-05,1.38E-04,-2.62E-04,5.96E-04,3.70E-04,1.17E-04,1.26E-04,1.71E-04,3.66E-04,2.97E-05,-6.37E-05,-4.30E-05,-2.54E-04,2.01E-04,-2.05E-04,-1.11E-04,-1.98E-04
1945,2.04E-04,3.95E-04,4.29E-04,-7.53E-05,1.30E-04,-2.64E-04,5.69E-04,3.46E-04,1.07E-04,1.20E-04,1.60E-04,3.42E-04,1.59E-05,-7.46E-05,-6.02E-05,-2.69E-04,1.67E-04,-2.20E-04,-1.19E-04,-2.45E-04
1946,1.63E-04,3.85E-04,4.23E-04,-8.64E-05,1.22E-04,-2.65E-04,5.41E-04,3.21E-04,9.55E-05,1.14E-04,1.49E-04,3.18E-04,2.09E-06,-8.59E-05,-7.93E-05,-2.84E-04,1.33E-04,-2.36E-04,-1.26E-04,-2.93E-04
1947,1.25E-04,3.78E-04,4.15E-04,-9.84E-05,1.14E-04,-2.66E-04,5.12E-04,2.96E-04,8.40E-05,1.07E-04,1.38E-04,2.94E-04,-1.20E-05,-9.76E-05,-1.01E-04,-3.00E-04,1.01E-04,-2.51E-04,-1.33E-04,-3.42E-04
1948,8.98E-05,3.73E-04,4.07E-04,-1.11E-04,1.07E-04,-2.68E-04,4.81E-04,2.70E-04,7.20E-05,9.94E-05,1.27E-04,2.71E-04,-2.67E-05,-1.10E-04,-1.24E-04,-3.16E-04,6.93E-05,-2.67E-04,-1.41E-04,-3.88E-04
1949,5.89E-05,3.70E-04,3.96E-04,-1.25E-04,9.85E-05,-2.69E-04,4.49E-04,2.44E-04,5.94E-05,9.11E-05,1.16E-04,2.48E-04,-4.23E-05,-1.23E-04,-1.50E-04,-3.33E-04,3.93E-05,-2.83E-04,-1.50E-04,-4.31E-04
1950,3.24E-05,3.67E-04,3.84E-04,-1.41E-04,9.00E-05,-2.71E-04,4.16E-04,2.18E-04,4.65E-05,8.22E-05,1.05E-04,2.24E-04,-5.92E-05,-1.37E-04,-1.77E-04,-3.51E-04,1.07E-05,-3.00E-04,-1.60E-04,-4.69E-04
1951,1.00E-05,3.63E-04,3.70E-04,-1.57E-04,8.09E-05,-2.73E-04,3.82E-04,1.91E-04,3.30E-05,7.27E-05,9.46E-05,2.01E-04,-7.77E-05,-1.51E-04,-2.05E-04,-3.69E-04,-1.69E-05,-3.16E-04,-1.73E-04,-5.00E-04
1952,-8.39E-06,3.58E-04,3.54E-04,-1.73E-04,7.12E-05,-2.76E-04,3.47E-04,1.64E-04,1.92E-05,6.26E-05,8.38E-05,1.78E-04,-9.77E-05,-1.67E-04,-2.34E-04,-3.87E-04,-4.38E-05,-3.33E-04,-1.87E-04,-5.24E-04
1953,-2.35E-05,3.50E-04,3.36E-04,-1.91E-04,6.09E-05,-2.78E-04,3.11E-04,1.37E-04,5.08E-06,5.21E-05,7.30E-05,1.54E-04,-1.19E-04,-1.82E-04,-2.63E-04,-4.04E-04,-7.06E-05,-3.50E-04,-2.03E-04,-5.38E-04
1954,-3.61E-05,3.40E-04,3.17E-04,-2.09E-04,4.98E-05,-2.81E-04,2.74E-04,1.10E-04,-9.32E-06,4.13E-05,6.22E-05,1.30E-04,-1.43E-04,-1.99E-04,-2.91E-04,-4.21E-04,-9.77E-05,-3.67E-04,-2.21E-04,-5.42E-04
1955,-4.72E-05,3.25E-04,2.96E-04,-2.28E-04,3.81E-05,-2.85E-04,2.36E-04,8.32E-05,-2.39E-05,3.03E-05,5.13E-05,1.05E-04,-1.67E-04,-2.15E-04,-3.18E-04,-4.37E-04,-1.26E-04,-3.83E-04,-2.40E-04,-5.38E-04
1956,-5.78E-05,3.06E-04,2.75E-04,-2.46E-04,2.57E-05,-2.88E-04,1.97E-04,5.67E-05,-3.86E-05,1.93E-05,4.02E-05,8.02E-05,-1.92E-04,-2.32E-04,-3.42E-04,-4.51E-04,-1.56E-04,-3.99E-04,-2.60E-04,-5.24E-04
1957,-6.89E-05,2.84E-04,2.53E-04,-2.65E-04,1.27E-05,-2.92E-04,1.58E-04,3.05E-05,-5.32E-05,8.32E-06,2.89E-05,5.48E-05,-2.18E-04,-2.49E-04,-3.63E-04,-4.63E-04,-1.88E-04,-4.15E-04,-2.79E-04,-5.02E-04
1958,-8.13E-05,2.58E-04,2.32E-04,-2.83E-04,-7.92E-07,-2.96E-04,1.19E-04,4.83E-06,-6.78E-05,-2.38E-06,1.73E-05,2.90E-05,-2.43E-04,-2.66E-04,-3.80E-04,-4.74E-04,-2.22E-04,-4.30E-04,-2.98E-04,-4.72E-04
1959,-9.58E-05,2.28E-04,2.11E-04,-3.01E-04,-1.46E-05,-3.01E-04,7.99E-05,-2.04E-05,-8.22E-05,-1.27E-05,5.11E-06,3.04E-06,-2.68E-04,-2.82E-04,-3.94E-04,-4.82E-04,-2.60E-04,-4.44E-04,-3.15E-04,-4.37E-04
1960,-1.13E-04,1.97E-04,1.91E-04,-3.18E-04,-2.85E-05,-3.05E-04,4.10E-05,-4.50E-05,-9.63E-05,-2.26E-05,-7.63E-06,-2.30E-05,-2.92E-04,-2.98E-04,-4.03E-04,-4.89E-04,-3.00E-04,-4.57E-04,-3.30E-04,-3.97E-04
1961,-1.32E-04,1.64E-04,1.73E-04,-3.35E-04,-4.24E-05,-3.09E-04,2.74E-06,-6.91E-05,-1.10E-04,-3.19E-05,-2.10E-05,-4.89E-05,-3.13E-04,-3.12E-04,-4.09E-04,-4.94E-04,-3.42E-04,-4.70E-04,-3.42E-04,-3.54E-04
1962,-1.55E-04,1.30E-04,1.56E-04,-3.51E-04,-5.59E-05,-3.13E-04,-3.46E-05,-9.24E-05,-1.23E-04,-4.05E-05,-3.51E-05,-7.45E-05,-3.32E-04,-3.25E-04,-4.11E-04,-4.98E-04,-3.87E-04,-4.81E-04,-3.50E-04,-3.10E-04
1963,-1.79E-04,9.72E-05,1.42E-04,-3.67E-04,-6.87E-05,-3.17E-04,-7.05E-05,-1.15E-04,-1.36E-04,-4.82E-05,-4.98E-05,-9.95E-05,-3.48E-04,-3.36E-04,-4.10E-04,-5.00E-04,-4.32E-04,-4.92E-04,-3.54E-04,-2.66E-04
1964,-2.05E-04,6.58E-05,1.30E-04,-3.81E-04,-8.05E-05,-3.19E-04,-1.05E-04,-1.36E-04,-1.47E-04,-5.49E-05,-6.50E-05,-1.24E-04,-3.60E-04,-3.46E-04,-4.06E-04,-5.01E-04,-4.78E-04,-5.01E-04,-3.54E-04,-2.24E-04
1965,-2.32E-04,3.69E-05,1.21E-04,-3.93E-04,-9.10E-05,-3.21E-04,-1.37E-04,-1.57E-04,-1.58E-04,-6.05E-05,-8.06E-05,-1.47E-04,-3.69E-04,-3.53E-04,-4.00E-04,-5.01E-04,-5.22E-04,-5.10E-04,-3.50E-04,-1.85E-04
1966,-2.59E-04,1.12E-05,1.14E-04,-4.05E-04,-9.99E-05,-3.22E-04,-1.67E-04,-1.76E-04,-1.67E-04,-6.49E-05,-9.64E-05,-1.70E-04,-3.75E-04,-3.57E-04,-3.93E-04,-5.01E-04,-5.64E-04,-5.17E-04,-3.42E-04,-1.49E-04
1967,-2.85E-04,-1.09E-05,1.10E-04,-4.14E-04,-1.07E-04,-3.21E-04,-1.94E-04,-1.94E-04,-1.75E-04,-6.79E-05,-1.12E-04,-1.91E-04,-3.77E-04,-3.59E-04,-3.85E-04,-5.00E-04,-6.03E-04,-5.23E-04,-3.31E-04,-1.18E-04
1968,-3.08E-04,-2.90E-05,1.08E-04,-4.22E-04,-1.12E-04,-3.19E-04,-2.17E-04,-2.10E-04,-1.82E-04,-6.94E-05,-1.27E-04,-2.12E-04,-3.75E-04,-3.58E-04,-3.77E-04,-4.98E-04,-6.36E-04,-5.28E-04,-3.18E-04,-9.07E-05
1969,-3.29E-04,-4.30E-05,1.08E-04,-4.28E-04,-1.14E-04,-3.15E-04,-2.38E-04,-2.25E-04,-1.87E-04,-6.93E-05,-1.41E-04,-2.31E-04,-3.71E-04,-3.54E-04,-3.70E-04,-4.96E-04,-6.63E-04,-5.32E-04,-3.03E-04,-6.84E-05
1970,-3.46E-04,-5.31E-05,1.09E-04,-4.31E-04,-1.14E-04,-3.08E-04,-2.55E-04,-2.37E-04,-1.90E-04,-6.75E-05,-1.54E-04,-2.50E-04,-3.65E-04,-3.47E-04,-3.63E-04,-4.94E-04,-6.83E-04,-5.34E-04,-2.88E-04,-5.07E-05
1971,-3.59E-04,-5.96E-05,1.12E-04,-4.32E-04,-1.11E-04,-2.99E-04,-2.68E-04,-2.47E-04,-1.92E-04,-6.40E-05,-1.65E-04,-2.68E-04,-3.56E-04,-3.38E-04,-3.59E-04,-4.91E-04,-6.96E-04,-5.34E-04,-2.72E-04,-3.71E-05
1972,-3.67E-04,-6.29E-05,1.17E-04,-4.31E-04,-1.05E-04,-2.88E-04,-2.79E-04,-2.56E-04,-1.92E-04,-5.87E-05,-1.75E-04,-2.85E-04,-3.46E-04,-3.25E-04,-3.55E-04,-4.87E-04,-7.01E-04,-5.33E-04,-2.58E-04,-2.72E-05
1973,-3.71E-04,-6.36E-05,1.22E-04,-4.27E-04,-9.76E-05,-2.75E-04,-2.85E-04,-2.61E-04,-1.91E-04,-5.18E-05,-1.82E-04,-3.02E-04,-3.35E-04,-3.11E-04,-3.53E-04,-4.82E-04,-6.98E-04,-5.29E-04,-2.45E-04,-2.03E-05
1974,-3.70E-04,-6.25E-05,1.28E-04,-4.21E-04,-8.75E-05,-2.59E-04,-2.89E-04,-2.65E-04,-1.88E-04,-4.32E-05,-1.86E-04,-3.18E-04,-3.23E-04,-2.94E-04,-3.52E-04,-4.76E-04,-6.88E-04,-5.23E-04,-2.35E-04,-1.57E-05
1975,-3.66E-04,-6.02E-05,1.34E-04,-4.13E-04,-7.55E-05,-2.42E-04,-2.90E-04,-2.66E-04,-1.83E-04,-3.32E-05,-1.89E-04,-3.34E-04,-3.12E-04,-2.76E-04,-3.51E-04,-4.69E-04,-6.72E-04,-5.15E-04,-2.28E-04,-1.26E-05
1976,-3.59E-04,-5.73E-05,1.40E-04,-4.03E-04,-6.20E-05,-2.22E-04,-2.88E-04,-2.65E-04,-1.77E-04,-2.19E-05,-1.88E-04,-3.50E-04,-3.02E-04,-2.56E-04,-3.50E-04,-4.61E-04,-6.50E-04,-5.05E-04,-2.23E-04,-1.05E-05
1977,-3.50E-04,-5.44E-05,1.45E-04,-3.91E-04,-4.73E-05,-2.01E-04,-2.84E-04,-2.62E-04,-1.71E-04,-9.55E-06,-1.86E-04,-3.66E-04,-2.92E-04,-2.36E-04,-3.48E-04,-4.51E-04,-6.24E-04,-4.94E-04,-2.22E-04,-8.72E-06
1978,-3.39E-04,-5.19E-05,1.51E-04,-3.78E-04,-3.21E-05,-1.80E-04,-2.78E-04,-2.57E-04,-1.63E-04,3.58E-06,-1.81E-04,-3.81E-04,-2.83E-04,-2.16E-04,-3.46E-04,-4.39E-04,-5.95E-04,-4.80E-04,-2.23E-04,-6.66E-06
1979,-3.27E-04,-5.02E-05,1.56E-04,-3.65E-04,-1.68E-05,-1.57E-04,-2.71E-04,-2.51E-04,-1.55E-04,1.72E-05,-1.75E-04,-3.96E-04,-2.76E-04,-1.96E-04,-3.41E-04,-4.26E-04,-5.66E-04,-4.65E-04,-2.27E-04,-3.93E-06
1980,-3.16E-04,-4.94E-05,1.60E-04,-3.50E-04,-1.85E-06,-1.35E-04,-2.64E-04,-2.43E-04,-1.47E-04,3.10E-05,-1.67E-04,-4.11E-04,-2.69E-04,-1.76E-04,-3.34E-04,-4.12E-04,-5.36E-04,-4.48E-04,-2.32E-04,-2.42E-07
1981,-3.06E-04,-4.95E-05,1.64E-04,-3.36E-04,1.22E-05,-1.13E-04,-2.56E-04,-2.34E-04,-1.39E-04,4.47E-05,-1.59E-04,-4.24E-04,-2.64E-04,-1.58E-04,-3.24E-04,-3.96E-04,-5.09E-04,-4.31E-04,-2.39E-04,4.59E-06
1982,-2.97E-04,-5.05E-05,1.67E-04,-3.22E-04,2.50E-05,-9.14E-05,-2.48E-04,-2.25E-04,-1.32E-04,5.80E-05,-1.50E-04,-4.36E-04,-2.60E-04,-1.41E-04,-3.11E-04,-3.80E-04,-4.84E-04,-4.14E-04,-2.45E-04,1.06E-05
1983,-2.90E-04,-5.20E-05,1.69E-04,-3.09E-04,3.62E-05,-7.13E-05,-2.41E-04,-2.16E-04,-1.25E-04,7.07E-05,-1.42E-04,-4.46E-04,-2.56E-04,-1.27E-04,-2.95E-04,-3.64E-04,-4.64E-04,-3.96E-04,-2.50E-04,1.79E-05
1984,-2.85E-04,-5.40E-05,1.71E-04,-2.97E-04,4.55E-05,-5.25E-05,-2.34E-04,-2.06E-04,-1.18E-04,8.24E-05,-1.35E-04,-4.54E-04,-2.53E-04,-1.14E-04,-2.76E-04,-3.47E-04,-4.48E-04,-3.80E-04,-2.54E-04,2.63E-05
1985,-2.82E-04,-5.59E-05,1.71E-04,-2.86E-04,5.28E-05,-3.55E-05,-2.28E-04,-1.98E-04,-1.13E-04,9.31E-05,-1.28E-04,-4.59E-04,-2.51E-04,-1.03E-04,-2.55E-04,-3.31E-04,-4.36E-04,-3.64E-04,-2.56E-04,3.56E-05
1986,-2.80E-04,-5.77E-05,1.71E-04,-2.76E-04,5.80E-05,-2.03E-05,-2.23E-04,-1.89E-04,-1.08E-04,1.03E-04,-1.24E-04,-4.61E-04,-2.48E-04,-9.36E-05,-2.32E-04,-3.16E-04,-4.29E-04,-3.49E-04,-2.54E-04,4.58E-05
1987,-2.79E-04,-5.90E-05,1.70E-04,-2.68E-04,6.12E-05,-6.89E-06,-2.19E-04,-1.82E-04,-1.05E-04,1.11E-04,-1.20E-04,-4.60E-04,-2.45E-04,-8.64E-05,-2.08E-04,-3.02E-04,-4.27E-04,-3.36E-04,-2.50E-04,5.65E-05
1988,-2.79E-04,-5.95E-05,1.69E-04,-2.61E-04,6.25E-05,4.77E-06,-2.17E-04,-1.75E-04,-1.02E-04,1.18E-04,-1.19E-04,-4.55E-04,-2.42E-04,-8.10E-05,-1.84E-04,-2.89E-04,-4.28E-04,-3.24E-04,-2.42E-04,6.76E-05
1989,-2.78E-04,-5.93E-05,1.67E-04,-2.55E-04,6.22E-05,1.49E-05,-2.15E-04,-1.69E-04,-9.93E-05,1.24E-04,-1.19E-04,-4.47E-04,-2.39E-04,-7.71E-05,-1.61E-04,-2.79E-04,-4.32E-04,-3.14E-04,-2.30E-04,7.89E-05
1990,-2.77E-04,-5.83E-05,1.64E-04,-2.50E-04,6.06E-05,2.37E-05,-2.14E-04,-1.64E-04,-9.76E-05,1.30E-04,-1.21E-04,-4.35E-04,-2.34E-04,-7.44E-05,-1.39E-04,-2.70E-04,-4.37E-04,-3.06E-04,-2.16E-04,9.01E-05
1991,-2.75E-04,-5.66E-05,1.60E-04,-2.46E-04,5.82E-05,3.15E-05,-2.14E-04,-1.60E-04,-9.63E-05,1.34E-04,-1.24E-04,-4.21E-04,-2.30E-04,-7.25E-05,-1.20E-04,-2.62E-04,-4.42E-04,-3.00E-04,-1.98E-04,1.01E-04
1992,-2.71E-04,-5.44E-05,1.56E-04,-2.41E-04,5.52E-05,3.87E-05,-2.15E-04,-1.57E-04,-9.51E-05,1.38E-04,-1.27E-04,-4.03E-04,-2.25E-04,-7.12E-05,-1.04E-04,-2.57E-04,-4.47E-04,-2.94E-04,-1.79E-04,1.12E-04
1993,-2.66E-04,-5.19E-05,1.51E-04,-2.37E-04,5.22E-05,4.57E-05,-2.15E-04,-1.54E-04,-9.39E-05,1.42E-04,-1.30E-04,-3.84E-04,-2.19E-04,-7.01E-05,-9.18E-05,-2.53E-04,-4.49E-04,-2.89E-04,-1.58E-04,1.22E-04
1994,-2.59E-04,-4.94E-05,1.46E-04,-2.32E-04,4.96E-05,5.28E-05,-2.16E-04,-1.51E-04,-9.24E-05,1.46E-04,-1.33E-04,-3.63E-04,-2.13E-04,-6.88E-05,-8.33E-05,-2.49E-04,-4.48E-04,-2.85E-04,-1.37E-04,1.32E-04
1995,-2.50E-04,-4.74E-05,1.41E-04,-2.26E-04,4.77E-05,6.06E-05,-2.16E-04,-1.49E-04,-9.04E-05,1.49E-04,-1.34E-04,-3.41E-04,-2.06E-04,-6.72E-05,-7.86E-05,-2.46E-04,-4.44E-04,-2.81E-04,-1.16E-04,1.40E-04
1996,-2.39E-04,-4.59E-05,1.35E-04,-2.18E-04,4.70E-05,6.92E-05,-2.16E-04,-1.46E-04,-8.78E-05,1.54E-04,-1.34E-04,-3.19E-04,-1.99E-04,-6.48E-05,-7.75E-05,-2.44E-04,-4.35E-04,-2.77E-04,-9.55E-05,1.48E-04
1997,-2.27E-04,-4.52E-05,1.30E-04,-2.09E-04,4.78E-05,7.90E-05,-2.14E-04,-1.43E-04,-8.44E-05,1.58E-04,-1.32E-04,-2.98E-04,-1.91E-04,-6.16E-05,-7.94E-05,-2.40E-04,-4.22E-04,-2.71E-04,-7.65E-05,1.55E-04
1998,-2.15E-04,-4.56E-05,1.25E-04,-1.99E-04,5.02E-05,9.03E-05,-2.12E-04,-1.39E-04,-8.00E-05,1.64E-04,-1.28E-04,-2.78E-04,-1.84E-04,-5.72E-05,-8.38E-05,-2.36E-04,-4.03E-04,-2.65E-04,-5.92E-05,1.60E-04
1999,-2.02E-04,-4.69E-05,1.21E-04,-1.87E-04,5.45E-05,1.03E-04,-2.08E-04,-1.34E-04,-7.47E-05,1.70E-04,-1.22E-04,-2.60E-04,-1.76E-04,-5.18E-05,-8.97E-05,-2.31E-04,-3.81E-04,-2.57E-04,-4.39E-05,1.64E-04
2000,-1.90E-04,-4.91E-05,1.18E-04,-1.73E-04,6.07E-05,1.17E-04,-2.02E-04,-1.28E-04,-6.83E-05,1.77E-04,-1.12E-04,-2.44E-04,-1.67E-04,-4.51E-05,-9.63E-05,-2.24E-04,-3.54E-04,-2.48E-04,-3.09E-05,1.67E-04
2001,-1.79E-04,-5.20E-05,1.16E-04,-1.57E-04,6.89E-05,1.33E-04,-1.94E-04,-1.21E-04,-6.09E-05,1.85E-04,-1.01E-04,-2.31E-04,-1.58E-04,-3.72E-05,-1.03E-04,-2.15E-04,-3.24E-04,-2.37E-04,-2.00E-05,1.69E-04
2002,-1.68E-04,-5.52E-05,1.15E-04,-1.40E-04,7.89E-05,1.51E-04,-1.85E-04,-1.12E-04,-5.26E-05,1.94E-04,-8.68E-05,-2.21E-04,-1.49E-04,-2.81E-05,-1.08E-04,-2.04E-04,-2.91E-04,-2.25E-04,-1.12E-05,1.69E-04
2003,-1.59E-04,-5.82E-05,1.15E-04,-1.21E-04,9.06E-05,1.69E-04,-1.73E-04,-1.03E-04,-4.35E-05,2.03E-04,-7.10E-05,-2.13E-04,-1.39E-04,-1.80E-05,-1.11E-04,-1.91E-04,-2.57E-04,-2.11E-04,-4.13E-06,1.68E-04
2004,-1.52E-04,-6.06E-05,1.16E-04,-1.02E-04,1.04E-04,1.89E-04,-1.59E-04,-9.19E-05,-3.37E-05,2.12E-04,-5.39E-05,-2.07E-04,-1.29E-04,-6.97E-06,-1.11E-04,-1.76E-04,-2.22E-04,-1.96E-04,1.59E-06,1.65E-04
2005,-1.45E-04,-6.18E-05,1.19E-04,-8.24E-05,1.18E-04,2.09E-04,-1.43E-04,-8.00E-05,-2.33E-05,2.22E-04,-3.59E-05,-2.03E-04,-1.18E-04,4.69E-06,-1.09E-04,-1.60E-04,-1.86E-04,-1.81E-04,6.35E-06,1.62E-04
2006,-1.40E-04,-6.13E-05,1.24E-04,-6.25E-05,1.33E-04,2.30E-04,-1.25E-04,-6.73E-05,-1.26E-05,2.32E-04,-1.78E-05,-2.00E-04,-1.06E-04,1.68E-05,-1.03E-04,-1.43E-04,-1.51E-04,-1.65E-04,1.06E-05,1.57E-04
2007,-1.36E-04,-5.85E-05,1.29E-04,-4.30E-05,1.49E-04,2.51E-04,-1.06E-04,-5.40E-05,-1.89E-06,2.41E-04,2.04E-08,-1.98E-04,-9.44E-05,2.90E-05,-9.38E-05,-1.25E-04,-1.17E-04,-1.50E-04,1.47E-05,1.52E-04
2008,-1.32E-04,-5.31E-05,1.35E-04,-2.41E-05,1.65E-04,2.72E-04,-8.54E-05,-4.01E-05,8.73E-06,2.49E-04,1.68E-05,-1.96E-04,-8.24E-05,4.10E-05,-8.21E-05,-1.06E-04,-8.54E-05,-1.35E-04,1.90E-05,1.46E-04
2009,-1.28E-04,-4.49E-05,1.42E-04,-6.28E-06,1.80E-04,2.91E-04,-6.41E-05,-2.62E-05,1.90E-05,2.57E-04,3.21E-05,-1.93E-04,-7.03E-05,5.25E-05,-6.83E-05,-8.87E-05,-5.54E-05,-1.22E-04,2.39E-05,1.39E-04
2010,-1.23E-04,-3.38E-05,1.49E-04,1.01E-05,1.95E-04,3.10E-04,-4.27E-05,-1.24E-05,2.86E-05,2.64E-04,4.53E-05,-1.90E-04,-5.85E-05,6.32E-05,-5.33E-05,-7.20E-05,-2.77E-05,-1.10E-04,2.93E-05,1.33E-04
2011,-1.18E-04,-1.98E-05,1.56E-04,2.49E-05,2.08E-04,3.27E-04,-2.15E-05,1.02E-06,3.75E-05,2.69E-04,5.63E-05,-1.84E-04,-4.72E-05,7.28E-05,-3.79E-05,-5.69E-05,-2.53E-06,-9.94E-05,3.55E-05,1.26E-04
2012,-1.11E-04,-3.25E-06,1.63E-04,3.78E-05,2.20E-04,3.43E-04,-1.27E-06,1.36E-05,4.53E-05,2.73E-04,6.46E-05,-1.77E-04,-3.68E-05,8.08E-05,-2.32E-05,-4.38E-05,2.01E-05,-9.12E-05,4.22E-05,1.19E-04
2013,-1.03E-04,1.53E-05,1.68E-04,4.87E-05,2.30E-04,3.57E-04,1.75E-05,2.51E-05,5.19E-05,2.75E-04,7.04E-05,-1.68E-04,-2.75E-05,8.71E-05,-1.02E-05,-3.33E-05,4.02E-05,-8.51E-05,4.94E-05,1.12E-04
2014,-9.27E-05,3.53E-05,1.72E-04,5.75E-05,2.38E-04,3.68E-04,3.42E-05,3.53E-05,5.72E-05,2.75E-04,7.35E-05,-1.57E-04,-1.97E-05,9.14E-05,1.63E-07,-2.56E-05,5.78E-05,-8.09E-05,5.66E-05,1.04E-04
2015,-8.16E-05,5.58E-05,1.74E-04,6.42E-05,2.43E-04,3.77E-04,4.83E-05,4.38E-05,6.10E-05,2.74E-04,7.42E-05,-1.44E-04,-1.35E-05,9.35E-05,7.02E-06,-2.09E-05,7.29E-05,-7.87E-05,6.37E-05,9.66E-05
2016,-6.95E-05,7.61E-05,1.74E-04,6.88E-05,2.46E-04,3.84E-04,5.94E-05,5.06E-05,6.34E-05,2.71E-04,7.28E-05,-1.31E-04,-9.18E-06,9.33E-05,9.80E-06,-1.93E-05,8.56E-05,-7.81E-05,7.02E-05,8.82E-05
2017,-5.71E-05,9.50E-05,1.72E-04,7.14E-05,2.46E-04,3.89E-04,6.71E-05,5.53E-05,6.42E-05,2.66E-04,6.95E-05,-1.16E-04,-6.82E-06,9.09E-05,8.15E-06,-2.08E-05,9.59E-05,-7.87E-05,7.57E-05,7.90E-05
2018,-4.48E-05,1.12E-04,1.67E-04,7.23E-05,2.43E-04,3.91E-04,7.12E-05,5.79E-05,6.35E-05,2.59E-04,6.48E-05,-1.02E-04,-6.40E-06,8.61E-05,1.98E-06,-2.53E-05,1.04E-04,-8.02E-05,8.00E-05,6.86E-05
2019,-3.35E-05,1.25E-04,1.59E-04,7.16E-05,2.38E-04,3.91E-04,7.16E-05,5.84E-05,6.14E-05,2.50E-04,5.92E-05,-8.84E-05,-7.84E-06,7.93E-05,-8.54E-06,-3.26E-05,1.10E-04,-8.21E-05,8.26E-05,5.69E-05
2020,-2.39E-05,1.35E-04,1.49E-04,6.95E-05,2.30E-04,3.89E-04,6.82E-05,5.67E-05,5.80E-05,2.40E-04,5.30E-05,-7.61E-05,-1.09E-05,7.05E-05,-2.30E-05,-4.23E-05,1.13E-04,-8.40E-05,8.34E-05,4.37E-05
2021,-1.67E-05,1.40E-04,1.37E-04,6.62E-05,2.19E-04,3.85E-04,6.14E-05,5.29E-05,5.34E-05,2.29E-04,4.66E-05,-6.58E-05,-1.54E-05,6.02E-05,-4.07E-05,-5.41E-05,1.14E-04,-8.55E-05,8.22E-05,2.87E-05
2022,-1.26E-05,1.41E-04,1.22E-04,6.20E-05,2.07E-04,3.79E-04,5.13E-05,4.72E-05,4.79E-05,2.16E-04,4.05E-05,-5.79E-05,-2.09E-05,4.86E-05,-6.09E-05,-6.77E-05,1.12E-04,-8.62E-05,7.90E-05,1.20E-05
2023,-1.20E-05,1.36E-04,1.06E-04,5.72E-05,1.93E-04,3.72E-04,3.83E-05,3.97E-05,4.16E-05,2.03E-04,3.49E-05,-5.28E-05,-2.71E-05,3.61E-05,-8.26E-05,-8.25E-05,1.09E-04,-8.58E-05,7.37E-05,-6.28E-06
2024,-1.53E-05,1.26E-04,8.78E-05,5.20E-05,1.77E-04,3.65E-04,2.30E-05,3.08E-05,3.47E-05,1.89E-04,3.00E-05,-5.07E-05,-3.35E-05,2.33E-05,-1.05E-04,-9.83E-05,1.03E-04,-8.40E-05,6.66E-05,-2.59E-05
2025,-2.26E-05,1.12E-04,6.89E-05,4.65E-05,1.61E-04,3.56E-04,5.81E-06,2.06E-05,2.76E-05,1.75E-04,2.59E-05,-5.16E-05,-3.97E-05,1.05E-05,-1.27E-04,-1.15E-04,9.53E-05,-8.09E-05,5.78E-05,-4.64E-05
2026,-3.37E-05,9.32E-05,4.96E-05,4.11E-05,1.44E-04,3.47E-04,-1.26E-05,9.55E-06,2.05E-05,1.60E-04,2.28E-05,-5.53E-05,-4.54E-05,-1.74E-06,-1.48E-04,-1.31E-04,8.60E-05,-7.64E-05,4.75E-05,-6.72E-05
2027,-4.84E-05,7.10E-05,3.02E-05,3.58E-05,1.28E-04,3.39E-04,-3.18E-05,-2.07E-06,1.35E-05,1.46E-04,2.06E-05,-6.14E-05,-5.02E-05,-1.31E-05,-1.67E-04,-1.48E-04,7.54E-05,-7.06E-05,3.60E-05,-8.76E-05
2028,-6.61E-05,4.60E-05,1.12E-05,3.08E-05,1.11E-04,3.31E-04,-5.11E-05,-1.39E-05,6.97E-06,1.32E-04,1.91E-05,-6.96E-05,-5.38E-05,-2.31E-05,-1.83E-04,-1.64E-04,6.39E-05,-6.38E-05,2.37E-05,-1.07E-04
2029,-8.61E-05,1.91E-05,-7.02E-06,2.62E-05,9.60E-05,3.23E-04,-7.01E-05,-2.57E-05,9.67E-07,1.18E-04,1.83E-05,-7.94E-05,-5.63E-05,-3.16E-05,-1.97E-04,-1.80E-04,5.20E-05,-5.61E-05,1.08E-05,-1.24E-04
2030,-1.08E-04,-8.82E-06,-2.41E-05,2.21E-05,8.18E-05,3.17E-04,-8.84E-05,-3.71E-05,-4.35E-06,1.05E-04,1.80E-05,-9.00E-05,-5.74E-05,-3.84E-05,-2.09E-04,-1.95E-04,4.00E-05,-4.80E-05,-2.30E-06,-1.39E-04
2031,-1.30E-04,-3.67E-05,-3.99E-05,1.85E-05,6.91E-05,3.12E-04,-1.06E-04,-4.79E-05,-8.89E-06,9.31E-05,1.78E-05,-1.01E-04,-5.74E-05,-4.33E-05,-2.18E-04,-2.09E-04,2.84E-05,-3.98E-05,-1.53E-05,-1.50E-04
2032,-1.52E-04,-6.39E-05,-5.41E-05,1.55E-05,5.80E-05,3.08E-04,-1.22E-04,-5.78E-05,-1.26E-05,8.17E-05,1.77E-05,-1.12E-04,-5.63E-05,-4.63E-05,-2.24E-04,-2.22E-04,1.76E-05,-3.19E-05,-2.79E-05,-1.57E-04
2033,-1.73E-04,-8.94E-05,-6.68E-05,1.31E-05,4.88E-05,3.05E-04,-1.36E-04,-6.68E-05,-1.56E-05,7.11E-05,1.73E-05,-1.22E-04,-5.45E-05,-4.76E-05,-2.29E-04,-2.35E-04,7.80E-06,-2.48E-05,-3.99E-05,-1.59E-04
2034,-1.93E-04,-1.13E-04,-7.79E-05,1.12E-05,4.13E-05,3.04E-04,-1.49E-04,-7.48E-05,-1.78E-05,6.15E-05,1.64E-05,-1.31E-04,-5.23E-05,-4.74E-05,-2.34E-04,-2.47E-04,-7.45E-07,-1.87E-05,-5.09E-05,-1.56E-04
2035,-2.10E-04,-1.34E-04,-8.75E-05,9.83E-06,3.56E-05,3.04E-04,-1.61E-04,-8.17E-05,-1.94E-05,5.27E-05,1.49E-05,-1.39E-04,-5.01E-05,-4.59E-05,-2.37E-04,-2.58E-04,-8.00E-06,-1.40E-05,-6.08E-05,-1.48E-04
2036,-2.25E-04,-1.51E-04,-9.60E-05,8.87E-06,3.15E-05,3.05E-04,-1.71E-04,-8.77E-05,-2.06E-05,4.46E-05,1.25E-05,-1.46E-04,-4.83E-05,-4.35E-05,-2.41E-04,-2.69E-04,-1.40E-05,-1.08E-05,-6.92E-05,-1.36E-04
2037,-2.37E-04,-1.66E-04,-1.03E-04,8.27E-06,2.87E-05,3.07E-04,-1.81E-04,-9.29E-05,-2.15E-05,3.71E-05,9.10E-06,-1.51E-04,-4.71E-05,-4.05E-05,-2.45E-04,-2.79E-04,-1.91E-05,-9.53E-06,-7.61E-05,-1.20E-04
2038,-2.46E-04,-1.78E-04,-1.10E-04,7.94E-06,2.69E-05,3.09E-04,-1.89E-04,-9.76E-05,-2.23E-05,3.01E-05,4.59E-06,-1.56E-04,-4.71E-05,-3.75E-05,-2.51E-04,-2.88E-04,-2.34E-05,-1.01E-05,-8.13E-05,-1.00E-04
2039,-2.52E-04,-1.87E-04,-1.17E-04,7.80E-06,2.57E-05,3.12E-04,-1.97E-04,-1.02E-04,-2.33E-05,2.35E-05,-1.12E-06,-1.60E-04,-4.84E-05,-3.48E-05,-2.58E-04,-2.97E-04,-2.75E-05,-1.26E-05,-8.45E-05,-7.89E-05
2040,-2.57E-04,-1.94E-04,-1.23E-04,7.74E-06,2.48E-05,3.15E-04,-2.04E-04,-1.06E-04,-2.48E-05,1.70E-05,-8.09E-06,-1.63E-04,-5.12E-05,-3.28E-05,-2.66E-04,-3.05E-04,-3.17E-05,-1.70E-05,-8.56E-05,-5.68E-05
2041,-2.59E-04,-1.99E-04,-1.30E-04,7.65E-06,2.37E-05,3.18E-04,-2.12E-04,-1.11E-04,-2.68E-05,1.05E-05,-1.63E-05,-1.67E-04,-5.55E-05,-3.18E-05,-2.76E-04,-3.13E-04,-3.66E-05,-2.33E-05,-8.47E-05,-3.55E-05
2042,-2.60E-04,-2.03E-04,-1.38E-04,7.43E-06,2.22E-05,3.20E-04,-2.19E-04,-1.16E-04,-2.96E-05,3.71E-06,-2.59E-05,-1.72E-04,-6.13E-05,-3.21E-05,-2.86E-04,-3.20E-04,-4.27E-05,-3.12E-05,-8.15E-05,-1.63E-05
2043,-2.61E-04,-2.06E-04,-1.46E-04,6.98E-06,1.97E-05,3.21E-04,-2.27E-04,-1.22E-04,-3.33E-05,-3.39E-06,-3.67E-05,-1.77E-04,-6.86E-05,-3.40E-05,-2.98E-04,-3.27E-04,-5.03E-05,-4.06E-05,-7.63E-05,-7.57E-07
2044,-2.62E-04,-2.09E-04,-1.56E-04,6.18E-06,1.60E-05,3.21E-04,-2.35E-04,-1.29E-04,-3.81E-05,-1.10E-05,-4.88E-05,-1.84E-04,-7.70E-05,-3.75E-05,-3.09E-04,-3.34E-04,-5.98E-05,-5.13E-05,-6.90E-05,9.89E-06
2045,-2.62E-04,-2.12E-04,-1.67E-04,4.94E-06,1.10E-05,3.19E-04,-2.43E-04,-1.37E-04,-4.39E-05,-1.92E-05,-6.21E-05,-1.92E-04,-8.62E-05,-4.27E-05,-3.21E-04,-3.41E-04,-7.14E-05,-6.31E-05,-6.00E-05,1.46E-05
2046,-2.64E-04,-2.16E-04,-1.79E-04,3.16E-06,4.28E-06,3.16E-04,-2.51E-04,-1.47E-04,-5.08E-05,-2.80E-05,-7.64E-05,-2.01E-04,-9.60E-05,-4.94E-05,-3.31E-04,-3.48E-04,-8.52E-05,-7.58E-05,-4.94E-05,1.27E-05
2047,-2.67E-04,-2.21E-04,-1.92E-04,7.64E-07,-4.04E-06,3.12E-04,-2.60E-04,-1.58E-04,-5.87E-05,-3.76E-05,-9.17E-05,-2.11E-04,-1.06E-04,-5.77E-05,-3.40E-04,-3.54E-04,-1.01E-04,-8.93E-05,-3.77E-05,3.85E-06
2048,-2.70E-04,-2.28E-04,-2.07E-04,-2.33E-06,-1.40E-05,3.06E-04,-2.70E-04,-1.71E-04,-6.76E-05,-4.78E-05,-1.08E-04,-2.23E-04,-1.16E-04,-6.72E-05,-3.48E-04,-3.61E-04,-1.19E-04,-1.03E-04,-2.54E-05,-1.19E-05
2049,-2.75E-04,-2.36E-04,-2.23E-04,-6.17E-06,-2.55E-05,2.98E-04,-2.80E-04,-1.86E-04,-7.73E-05,-5.86E-05,-1.24E-04,-2.35E-04,-1.25E-04,-7.77E-05,-3.54E-04,-3.68E-04,-1.38E-04,-1.18E-04,-1.31E-05,-3.41E-05
2050,-2.81E-04,-2.46E-04,-2.39E-04,-1.08E-05,-3.84E-05,2.90E-04,-2.90E-04,-2.01E-04,-8.76E-05,-7.00E-05,-1.42E-04,-2.47E-04,-1.33E-04,-8.89E-05,-3.58E-04,-3.74E-04,-1.58E-04,-1.33E-04,-1.51E-06,-6.18E-05
2051,-2.87E-04,-2.57E-04,-2.57E-04,-1.62E-05,-5.24E-05,2.80E-04,-3.00E-04,-2.18E-04,-9.83E-05,-8.17E-05,-1.59E-04,-2.60E-04,-1.41E-04,-1.01E-04,-3.62E-04,-3.81E-04,-1.78E-04,-1.48E-04,8.79E-06,-9.38E-05
2052,-2.93E-04,-2.70E-04,-2.75E-04,-2.24E-05,-6.72E-05,2.69E-04,-3.11E-04,-2.35E-04,-1.09E-04,-9.37E-05,-1.76E-04,-2.72E-04,-1.48E-04,-1.12E-04,-3.64E-04,-3.87E-04,-1.99E-04,-1.63E-04,1.71E-05,-1.28E-04
2053,-2.99E-04,-2.84E-04,-2.92E-04,-2.93E-05,-8.24E-05,2.59E-04,-3.22E-04,-2.53E-04,-1.20E-04,-1.06E-04,-1.92E-04,-2.83E-04,-1.53E-04,-1.24E-04,-3.65E-04,-3.93E-04,-2.19E-04,-1.79E-04,2.26E-05,-1.64E-04
2054,-3.04E-04,-2.99E-04,-3.10E-04,-3.68E-05,-9.78E-05,2.48E-04,-3.34E-04,-2.72E-04,-1.31E-04,-1.18E-04,-2.08E-04,-2.93E-04,-1.57E-04,-1.35E-04,-3.67E-04,-3.99E-04,-2.37E-04,-1.94E-04,2.50E-05,-1.99E-04
2055,-3.09E-04,-3.15E-04,-3.27E-04,-4.48E-05,-1.13E-04,2.37E-04,-3.46E-04,-2.90E-04,-1.41E-04,-1.29E-04,-2.22E-04,-3.01E-04,-1.61E-04,-1.45E-04,-3.70E-04,-4.04E-04,-2.55E-04,-2.09E-04,2.37E-05,-2.30E-04
2056,-3.12E-04,-3.31E-04,-3.43E-04,-5.32E-05,-1.27E-04,2.27E-04,-3.58E-04,-3.07E-04,-1.51E-04,-1.40E-04,-2.35E-04,-3.08E-04,-1.64E-04,-1.54E-04,-3.74E-04,-4.07E-04,-2.70E-04,-2.23E-04,1.84E-05,-2.57E-04
2057,-3.13E-04,-3.48E-04,-3.59E-04,-6.18E-05,-1.41E-04,2.17E-04,-3.70E-04,-3.23E-04,-1.59E-04,-1.50E-04,-2.46E-04,-3.13E-04,-1.66E-04,-1.63E-04,-3.80E-04,-4.09E-04,-2.84E-04,-2.37E-04,9.12E-06,-2.77E-04
2058,-3.12E-04,-3.64E-04,-3.73E-04,-7.03E-05,-1.53E-04,2.09E-04,-3.83E-04,-3.39E-04,-1.67E-04,-1.60E-04,-2.55E-04,-3.17E-04,-1.69E-04,-1.70E-04,-3.88E-04,-4.10E-04,-2.95E-04,-2.50E-04,-4.04E-06,-2.89E-04
2059,-3.10E-04,-3.80E-04,-3.85E-04,-7.85E-05,-1.64E-04,2.02E-04,-3.95E-04,-3.52E-04,-1.74E-04,-1.68E-04,-2.61E-04,-3.19E-04,-1.71E-04,-1.75E-04,-3.99E-04,-4.08E-04,-3.05E-04,-2.62E-04,-2.07E-05,-2.93E-04
2060,-3.07E-04,-3.95E-04,-3.97E-04,-8.62E-05,-1.74E-04,1.96E-04,-4.08E-04,-3.65E-04,-1.80E-04,-1.75E-04,-2.66E-04,-3.20E-04,-1.73E-04,-1.80E-04,-4.12E-04,-4.05E-04,-3.12E-04,-2.72E-04,-4.03E-05,-2.86E-04
2061,-3.02E-04,-4.09E-04,-4.06E-04,-9.30E-05,-1.81E-04,1.93E-04,-4.21E-04,-3.75E-04,-1.85E-04,-1.80E-04,-2.68E-04,-3.21E-04,-1.75E-04,-1.83E-04,-4.28E-04,-3.99E-04,-3.19E-04,-2.81E-04,-6.19E-05,-2.71E-04
2062,-2.96E-04,-4.21E-04,-4.14E-04,-9.89E-05,-1.87E-04,1.90E-04,-4.33E-04,-3.84E-04,-1.88E-04,-1.84E-04,-2.67E-04,-3.21E-04,-1.78E-04,-1.85E-04,-4.45E-04,-3.90E-04,-3.24E-04,-2.89E-04,-8.47E-05,-2.46E-04
2063,-2.89E-04,-4.33E-04,-4.20E-04,-1.04E-04,-1.92E-04,1.90E-04,-4.44E-04,-3.91E-04,-1.91E-04,-1.87E-04,-2.65E-04,-3.21E-04,-1.81E-04,-1.85E-04,-4.62E-04,-3.80E-04,-3.28E-04,-2.94E-04,-1.07E-04,-2.13E-04
2064,-2.82E-04,-4.42E-04,-4.25E-04,-1.07E-04,-1.94E-04,1.91E-04,-4.54E-04,-3.96E-04,-1.93E-04,-1.88E-04,-2.60E-04,-3.22E-04,-1.84E-04,-1.84E-04,-4.80E-04,-3.67E-04,-3.32E-04,-2.98E-04,-1.29E-04,-1.73E-04
2065,-2.75E-04,-4.50E-04,-4.27E-04,-1.08E-04,-1.96E-04,1.94E-04,-4.63E-04,-3.99E-04,-1.93E-04,-1.87E-04,-2.54E-04,-3.22E-04,-1.86E-04,-1.82E-04,-4.97E-04,-3.52E-04,-3.35E-04,-2.99E-04,-1.48E-04,-1.28E-04
2066,-2.69E-04,-4.56E-04,-4.29E-04,-1.08E-04,-1.95E-04,1.99E-04,-4.71E-04,-4.00E-04,-1.93E-04,-1.86E-04,-2.47E-04,-3.24E-04,-1.88E-04,-1.79E-04,-5.11E-04,-3.36E-04,-3.38E-04,-2.98E-04,-1.64E-04,-7.89E-05
2067,-2.62E-04,-4.60E-04,-4.29E-04,-1.06E-04,-1.94E-04,2.04E-04,-4.77E-04,-4.00E-04,-1.92E-04,-1.83E-04,-2.39E-04,-3.26E-04,-1.90E-04,-1.74E-04,-5.22E-04,-3.18E-04,-3.41E-04,-2.96E-04,-1.75E-04,-2.86E-05
2068,-2.57E-04,-4.61E-04,-4.27E-04,-1.03E-04,-1.92E-04,2.11E-04,-4.81E-04,-3.98E-04,-1.90E-04,-1.78E-04,-2.31E-04,-3.29E-04,-1.91E-04,-1.68E-04,-5.29E-04,-2.99E-04,-3.43E-04,-2.91E-04,-1.81E-04,2.12E-05
2069,-2.52E-04,-4.61E-04,-4.25E-04,-9.79E-05,-1.88E-04,2.19E-04,-4.82E-04,-3.95E-04,-1.88E-04,-1.73E-04,-2.23E-04,-3.33E-04,-1.91E-04,-1.62E-04,-5.31E-04,-2.81E-04,-3.44E-04,-2.85E-04,-1.81E-04,6.87E-05
2070,-2.47E-04,-4.58E-04,-4.22E-04,-9.15E-05,-1.84E-04,2.27E-04,-4.82E-04,-3.91E-04,-1.86E-04,-1.67E-04,-2.16E-04,-3.37E-04,-1.89E-04,-1.54E-04,-5.28E-04,-2.63E-04,-3.45E-04,-2.78E-04,-1.75E-04,1.12E-04
2071,-2.43E-04,-4.53E-04,-4.17E-04,-8.41E-05,-1.80E-04,2.36E-04,-4.80E-04,-3.86E-04,-1.83E-04,-1.61E-04,-2.10E-04,-3.42E-04,-1.86E-04,-1.46E-04,-5.19E-04,-2.46E-04,-3.45E-04,-2.70E-04,-1.63E-04,1.51E-04
2072,-2.39E-04,-4.47E-04,-4.12E-04,-7.58E-05,-1.75E-04,2.45E-04,-4.75E-04,-3.80E-04,-1.79E-04,-1.54E-04,-2.05E-04,-3.46E-04,-1.82E-04,-1.37E-04,-5.05E-04,-2.31E-04,-3.43E-04,-2.61E-04,-1.45E-04,1.83E-04
2073,-2.35E-04,-4.38E-04,-4.07E-04,-6.70E-05,-1.70E-04,2.55E-04,-4.69E-04,-3.74E-04,-1.76E-04,-1.46E-04,-2.02E-04,-3.50E-04,-1.77E-04,-1.27E-04,-4.86E-04,-2.18E-04,-3.39E-04,-2.52E-04,-1.22E-04,2.08E-04
2074,-2.30E-04,-4.29E-04,-4.01E-04,-5.81E-05,-1.65E-04,2.64E-04,-4.62E-04,-3.66E-04,-1.72E-04,-1.39E-04,-2.01E-04,-3.53E-04,-1.71E-04,-1.17E-04,-4.64E-04,-2.08E-04,-3.33E-04,-2.43E-04,-9.48E-05,2.27E-04
2075,-2.25E-04,-4.17E-04,-3.95E-04,-4.95E-05,-1.60E-04,2.72E-04,-4.53E-04,-3.58E-04,-1.68E-04,-1.31E-04,-2.01E-04,-3.56E-04,-1.63E-04,-1.07E-04,-4.38E-04,-2.00E-04,-3.25E-04,-2.34E-04,-6.49E-05,2.39E-04
2076,-2.18E-04,-4.05E-04,-3.89E-04,-4.14E-05,-1.54E-04,2.81E-04,-4.44E-04,-3.50E-04,-1.64E-04,-1.24E-04,-2.03E-04,-3.58E-04,-1.56E-04,-9.75E-05,-4.10E-04,-1.95E-04,-3.15E-04,-2.26E-04,-3.34E-05,2.45E-04
2077,-2.11E-04,-3.93E-04,-3.83E-04,-3.43E-05,-1.49E-04,2.88E-04,-4.34E-04,-3.42E-04,-1.61E-04,-1.17E-04,-2.06E-04,-3.59E-04,-1.48E-04,-8.82E-05,-3.83E-04,-1.93E-04,-3.02E-04,-2.19E-04,-1.79E-06,2.45E-04
2078,-2.03E-04,-3.80E-04,-3.78E-04,-2.83E-05,-1.44E-04,2.95E-04,-4.25E-04,-3.33E-04,-1.57E-04,-1.11E-04,-2.11E-04,-3.60E-04,-1.40E-04,-7.95E-05,-3.56E-04,-1.93E-04,-2.88E-04,-2.13E-04,2.85E-05,2.41E-04
2079,-1.95E-04,-3.68E-04,-3.73E-04,-2.37E-05,-1.39E-04,3.01E-04,-4.16E-04,-3.24E-04,-1.54E-04,-1.05E-04,-2.16E-04,-3.59E-04,-1.33E-04,-7.17E-05,-3.32E-04,-1.96E-04,-2.73E-04,-2.07E-04,5.63E-05,2.34E-04
2080,-1.86E-04,-3.57E-04,-3.68E-04,-2.06E-05,-1.33E-04,3.06E-04,-4.08E-04,-3.16E-04,-1.51E-04,-1.00E-04,-2.21E-04,-3.58E-04,-1.27E-04,-6.51E-05,-3.12E-04,-2.01E-04,-2.57E-04,-2.03E-04,8.02E-05,2.25E-04
2081,-1.78E-04,-3.47E-04,-3.65E-04,-1.90E-05,-1.29E-04,3.09E-04,-4.02E-04,-3.07E-04,-1.48E-04,-9.57E-05,-2.26E-04,-3.56E-04,-1.22E-04,-5.98E-05,-2.97E-04,-2.07E-04,-2.41E-04,-1.99E-04,9.95E-05,2.15E-04
2082,-1.70E-04,-3.39E-04,-3.62E-04,-1.88E-05,-1.24E-04,3.12E-04,-3.96E-04,-3.00E-04,-1.46E-04,-9.19E-05,-2.30E-04,-3.55E-04,-1.18E-04,-5.61E-05,-2.87E-04,-2.13E-04,-2.26E-04,-1.96E-04,1.13E-04,2.05E-04
2083,-1.64E-04,-3.33E-04,-3.61E-04,-1.99E-05,-1.20E-04,3.14E-04,-3.91E-04,-2.92E-04,-1.44E-04,-8.87E-05,-2.32E-04,-3.52E-04,-1.16E-04,-5.38E-05,-2.82E-04,-2.20E-04,-2.12E-04,-1.92E-04,1.22E-04,1.96E-04
2084,-1.59E-04,-3.29E-04,-3.61E-04,-2.20E-05,-1.16E-04,3.14E-04,-3.87E-04,-2.86E-04,-1.42E-04,-8.61E-05,-2.33E-04,-3.50E-04,-1.15E-04,-5.32E-05,-2.83E-04,-2.26E-04,-2.00E-04,-1.89E-04,1.24E-04,1.89E-04
2085,-1.55E-04,-3.27E-04,-3.62E-04,-2.49E-05,-1.12E-04,3.14E-04,-3.85E-04,-2.80E-04,-1.40E-04,-8.40E-05,-2.33E-04,-3.48E-04,-1.15E-04,-5.41E-05,-2.89E-04,-2.31E-04,-1.91E-04,-1.86E-04,1.21E-04,1.84E-04
2086,-1.55E-04,-3.28E-04,-3.64E-04,-2.82E-05,-1.09E-04,3.13E-04,-3.82E-04,-2.75E-04,-1.38E-04,-8.23E-05,-2.30E-04,-3.46E-04,-1.15E-04,-5.65E-05,-2.98E-04,-2.33E-04,-1.84E-04,-1.82E-04,1.14E-04,1.81E-04
2087,-1.56E-04,-3.31E-04,-3.67E-04,-3.15E-05,-1.06E-04,3.11E-04,-3.80E-04,-2.70E-04,-1.37E-04,-8.09E-05,-2.25E-04,-3.44E-04,-1.17E-04,-6.02E-05,-3.10E-04,-2.34E-04,-1.80E-04,-1.77E-04,1.02E-04,1.80E-04
2088,-1.61E-04,-3.36E-04,-3.71E-04,-3.45E-05,-1.03E-04,3.10E-04,-3.77E-04,-2.67E-04,-1.35E-04,-7.96E-05,-2.17E-04,-3.41E-04,-1.18E-04,-6.49E-05,-3.24E-04,-2.33E-04,-1.78E-04,-1.71E-04,8.83E-05,1.80E-04
2089,-1.67E-04,-3.42E-04,-3.75E-04,-3.68E-05,-1.01E-04,3.08E-04,-3.74E-04,-2.64E-04,-1.33E-04,-7.85E-05,-2.08E-04,-3.39E-04,-1.19E-04,-7.03E-05,-3.37E-04,-2.29E-04,-1.79E-04,-1.65E-04,7.24E-05,1.82E-04
2090,-1.75E-04,-3.49E-04,-3.81E-04,-3.81E-05,-9.88E-05,3.06E-04,-3.71E-04,-2.61E-04,-1.31E-04,-7.72E-05,-1.97E-04,-3.35E-04,-1.19E-04,-7.63E-05,-3.49E-04,-2.23E-04,-1.81E-04,-1.58E-04,5.62E-05,1.84E-04
2091,-1.85E-04,-3.58E-04,-3.86E-04,-3.81E-05,-9.70E-05,3.04E-04,-3.65E-04,-2.59E-04,-1.28E-04,-7.57E-05,-1.85E-04,-3.31E-04,-1.19E-04,-8.25E-05,-3.58E-04,-2.15E-04,-1.85E-04,-1.51E-04,4.08E-05,1.86E-04
2092,-1.95E-04,-3.66E-04,-3.92E-04,-3.67E-05,-9.52E-05,3.03E-04,-3.59E-04,-2.57E-04,-1.25E-04,-7.40E-05,-1.71E-04,-3.25E-04,-1.16E-04,-8.85E-05,-3.64E-04,-2.05E-04,-1.88E-04,-1.43E-04,2.73E-05,1.87E-04
2093,-2.04E-04,-3.74E-04,-3.97E-04,-3.37E-05,-9.34E-05,3.02E-04,-3.51E-04,-2.54E-04,-1.22E-04,-7.19E-05,-1.57E-04,-3.19E-04,-1.12E-04,-9.42E-05,-3.64E-04,-1.94E-04,-1.91E-04,-1.34E-04,1.65E-05,1.87E-04
2094,-2.13E-04,-3.81E-04,-4.02E-04,-2.93E-05,-9.13E-05,3.02E-04,-3.41E-04,-2.51E-04,-1.17E-04,-6.93E-05,-1.43E-04,-3.11E-04,-1.06E-04,-9.92E-05,-3.58E-04,-1.83E-04,-1.93E-04,-1.26E-04,9.10E-06,1.86E-04
2095,-2.19E-04,-3.88E-04,-4.06E-04,-2.34E-05,-8.88E-05,3.04E-04,-3.31E-04,-2.47E-04,-1.12E-04,-6.63E-05,-1.29E-04,-3.02E-04,-9.81E-05,-1.03E-04,-3.48E-04,-1.72E-04,-1.93E-04,-1.19E-04,5.56E-06,1.82E-04
2096,-2.22E-04,-3.92E-04,-4.08E-04,-1.64E-05,-8.57E-05,3.06E-04,-3.19E-04,-2.42E-04,-1.06E-04,-6.27E-05,-1.16E-04,-2.92E-04,-8.87E-05,-1.07E-04,-3.32E-04,-1.61E-04,-1.90E-04,-1.11E-04,5.98E-06,1.77E-04
2097,-2.21E-04,-3.95E-04,-4.09E-04,-8.54E-06,-8.19E-05,3.09E-04,-3.07E-04,-2.36E-04,-9.91E-05,-5.88E-05,-1.05E-04,-2.81E-04,-7.78E-05,-1.09E-04,-3.11E-04,-1.52E-04,-1.84E-04,-1.05E-04,1.02E-05,1.69E-04
2098,-2.16E-04,-3.97E-04,-4.09E-04,-7.84E-08,-7.73E-05,3.13E-04,-2.94E-04,-2.28E-04,-9.16E-05,-5.44E-05,-9.45E-05,-2.69E-04,-6.59E-05,-1.10E-04,-2.87E-04,-1.44E-04,-1.74E-04,-9.93E-05,1.78E-05,1.60E-04
2099,-2.07E-04,-3.96E-04,-4.07E-04,8.54E-06,-7.17E-05,3.18E-04,-2.82E-04,-2.18E-04,-8.34E-05,-4.97E-05,-8.63E-05,-2.58E-04,-5.34E-05,-1.10E-04,-2.60E-04,-1.39E-04,-1.61E-04,-9.46E-05,2.82E-05,1.49E-04
2100,-1.93E-04,-3.94E-04,-4.04E-04,1.69E-05,-6.53E-05,3.24E-04,-2.70E-04,-2.07E-04,-7.46E-05,-4.48E-05,-8.01E-05,-2.47E-04,-4.09E-05,-1.09E-04,-2.33E-04,-1.36E-04,-1.46E-04,-9.08E-05,4.07E-05,1.38E-04
2101,-1.75E-04,-3.90E-04,-3.99E-04,2.46E-05,-5.80E-05,3.30E-04,-2.59E-04,-1.95E-04,-6.56E-05,-3.99E-05,-7.60E-05,-2.38E-04,-2.88E-05,-1.08E-04,-2.06E-04,-1.36E-04,-1.29E-04,-8.77E-05,5.43E-05,1.26E-04
2102,-1.53E-04,-3.85E-04,-3.93E-04,3.12E-05,-5.00E-05,3.36E-04,-2.50E-04,-1.81E-04,-5.64E-05,-3.51E-05,-7.40E-05,-2.30E-04,-1.77E-05,-1.06E-04,-1.82E-04,-1.38E-04,-1.10E-04,-8.53E-05,6.81E-05,1.14E-04
2103,-1.28E-04,-3.80E-04,-3.85E-04,3.64E-05,-4.14E-05,3.42E-04,-2.43E-04,-1.67E-04,-4.73E-05,-3.06E-05,-7.40E-05,-2.23E-04,-8.05E-06,-1.05E-04,-1.62E-04,-1.44E-04,-9.08E-05,-8.32E-05,8.12E-05,1.03E-04
2104,-1.01E-04,-3.73E-04,-3.77E-04,3.99E-05,-3.26E-05,3.48E-04,-2.37E-04,-1.52E-04,-3.86E-05,-2.65E-05,-7.60E-05,-2.20E-04,-2.82E-07,-1.03E-04,-1.47E-04,-1.52E-04,-7.26E-05,-8.13E-05,9.29E-05,9.15E-05
2105,-7.38E-05,-3.67E-04,-3.69E-04,4.15E-05,-2.39E-05,3.53E-04,-2.33E-04,-1.38E-04,-3.04E-05,-2.30E-05,-7.96E-05,-2.18E-04,5.28E-06,-1.02E-04,-1.37E-04,-1.63E-04,-5.62E-05,-7.91E-05,1.02E-04,8.12E-05
2106,-4.69E-05,-3.61E-04,-3.61E-04,4.11E-05,-1.56E-05,3.56E-04,-2.31E-04,-1.24E-04,-2.31E-05,-2.03E-05,-8.47E-05,-2.20E-04,8.44E-06,-1.01E-04,-1.34E-04,-1.75E-04,-4.28E-05,-7.66E-05,1.09E-04,7.17E-05
2107,-2.19E-05,-3.56E-04,-3.54E-04,3.85E-05,-8.16E-06,3.59E-04,-2.31E-04,-1.11E-04,-1.69E-05,-1.86E-05,-9.09E-05,-2.24E-04,9.10E-06,-1.01E-04,-1.38E-04,-1.90E-04,-3.31E-05,-7.35E-05,1.13E-04,6.27E-05
2108,-6.54E-08,-3.51E-04,-3.48E-04,3.40E-05,-1.97E-06,3.59E-04,-2.32E-04,-9.96E-05,-1.20E-05,-1.78E-05,-9.80E-05,-2.30E-04,7.29E-06,-1.03E-04,-1.49E-04,-2.06E-04,-2.78E-05,-6.96E-05,1.13E-04,5.42E-05
2109,1.73E-05,-3.47E-04,-3.44E-04,2.75E-05,2.58E-06,3.57E-04,-2.33E-04,-9.06E-05,-8.43E-06,-1.82E-05,-1.06E-04,-2.38E-04,3.14E-06,-1.06E-04,-1.65E-04,-2.23E-04,-2.74E-05,-6.50E-05,1.11E-04,4.58E-05
2110,2.94E-05,-3.44E-04,-3.42E-04,1.93E-05,5.14E-06,3.54E-04,-2.35E-04,-8.43E-05,-6.42E-06,-1.97E-05,-1.14E-04,-2.47E-04,-3.09E-06,-1.10E-04,-1.86E-04,-2.41E-04,-3.17E-05,-5.96E-05,1.05E-04,3.71E-05
2111,3.53E-05,-3.43E-04,-3.42E-04,9.64E-06,5.42E-06,3.48E-04,-2.37E-04,-8.09E-05,-6.01E-06,-2.24E-05,-1.22E-04,-2.57E-04,-1.11E-05,-1.16E-04,-2.10E-04,-2.59E-04,-4.08E-05,-5.36E-05,9.75E-05,2.78E-05
2112,3.46E-05,-3.42E-04,-3.45E-04,-1.19E-06,3.23E-06,3.40E-04,-2.38E-04,-8.07E-05,-7.17E-06,-2.63E-05,-1.30E-04,-2.67E-04,-2.05E-05,-1.23E-04,-2.37E-04,-2.78E-04,-5.41E-05,-4.74E-05,8.76E-05,1.74E-05
2113,2.72E-05,-3.42E-04,-3.50E-04,-1.29E-05,-1.55E-06,3.30E-04,-2.38E-04,-8.37E-05,-9.87E-06,-3.12E-05,-1.37E-04,-2.76E-04,-3.08E-05,-1.31E-04,-2.64E-04,-2.97E-04,-7.08E-05,-4.12E-05,7.62E-05,5.87E-06
2114,1.33E-05,-3.43E-04,-3.58E-04,-2.51E-05,-8.88E-06,3.18E-04,-2.37E-04,-8.99E-05,-1.40E-05,-3.71E-05,-1.45E-04,-2.85E-04,-4.18E-05,-1.41E-04,-2.91E-04,-3.16E-04,-9.01E-05,-3.54E-05,6.41E-05,-7.13E-06
2115,-6.63E-06,-3.44E-04,-3.69E-04,-3.75E-05,-1.87E-05,3.05E-04,-2.34E-04,-9.91E-05,-1.93E-05,-4.38E-05,-1.51E-04,-2.91E-04,-5.28E-05,-1.52E-04,-3.15E-04,-3.35E-04,-1.11E-04,-3.05E-05,5.17E-05,-2.16E-05
2116,-3.18E-05,-3.46E-04,-3.82E-04,-4.98E-05,-3.06E-05,2.91E-04,-2.29E-04,-1.11E-04,-2.57E-05,-5.12E-05,-1.57E-04,-2.96E-04,-6.37E-05,-1.63E-04,-3.36E-04,-3.54E-04,-1.32E-04,-2.68E-05,3.97E-05,-3.75E-05
2117,-6.12E-05,-3.48E-04,-3.96E-04,-6.18E-05,-4.44E-05,2.76E-04,-2.23E-04,-1.25E-04,-3.29E-05,-5.91E-05,-1.62E-04,-2.98E-04,-7.40E-05,-1.75E-04,-3.53E-04,-3.72E-04,-1.52E-04,-2.48E-05,2.85E-05,-5.45E-05
2118,-9.35E-05,-3.50E-04,-4.13E-04,-7.33E-05,-5.96E-05,2.60E-04,-2.15E-04,-1.40E-04,-4.07E-05,-6.73E-05,-1.67E-04,-2.98E-04,-8.36E-05,-1.87E-04,-3.64E-04,-3.91E-04,-1.71E-04,-2.49E-05,1.86E-05,-7.23E-05
2119,-1.28E-04,-3.51E-04,-4.30E-04,-8.40E-05,-7.57E-05,2.44E-04,-2.06E-04,-1.57E-04,-4.88E-05,-7.57E-05,-1.71E-04,-2.96E-04,-9.21E-05,-2.00E-04,-3.70E-04,-4.10E-04,-1.87E-04,-2.71E-05,1.01E-05,-9.05E-05
2120,-1.62E-04,-3.53E-04,-4.47E-04,-9.39E-05,-9.22E-05,2.29E-04,-1.96E-04,-1.74E-04,-5.69E-05,-8.39E-05,-1.75E-04,-2.93E-04,-9.96E-05,-2.11E-04,-3.71E-04,-4.29E-04,-2.00E-04,-3.16E-05,3.26E-06,-1.09E-04
2121,-1.95E-04,-3.55E-04,-4.64E-04,-1.03E-04,-1.08E-04,2.14E-04,-1.86E-04,-1.91E-04,-6.47E-05,-9.19E-05,-1.78E-04,-2.88E-04,-1.06E-04,-2.23E-04,-3.67E-04,-4.48E-04,-2.09E-04,-3.85E-05,-1.93E-06,-1.26E-04
2122,-2.26E-04,-3.56E-04,-4.80E-04,-1.11E-04,-1.24E-04,2.01E-04,-1.76E-04,-2.07E-04,-7.22E-05,-9.96E-05,-1.80E-04,-2.82E-04,-1.11E-04,-2.33E-04,-3.59E-04,-4.67E-04,-2.15E-04,-4.74E-05,-5.52E-06,-1.42E-04
2123,-2.54E-04,-3.59E-04,-4.94E-04,-1.18E-04,-1.38E-04,1.89E-04,-1.66E-04,-2.21E-04,-7.90E-05,-1.07E-04,-1.82E-04,-2.77E-04,-1.15E-04,-2.43E-04,-3.48E-04,-4.85E-04,-2.17E-04,-5.82E-05,-7.64E-06,-1.57E-04
2124,-2.77E-04,-3.61E-04,-5.06E-04,-1.25E-04,-1.51E-04,1.78E-04,-1.58E-04,-2.34E-04,-8.50E-05,-1.13E-04,-1.84E-04,-2.72E-04,-1.19E-04,-2.51E-04,-3.35E-04,-5.03E-04,-2.16E-04,-7.03E-05,-8.51E-06,-1.70E-04
2125,-2.95E-04,-3.65E-04,-5.16E-04,-1.30E-04,-1.61E-04,1.69E-04,-1.52E-04,-2.45E-04,-9.01E-05,-1.19E-04,-1.86E-04,-2.69E-04,-1.21E-04,-2.58E-04,-3.22E-04,-5.21E-04,-2.13E-04,-8.33E-05,-8.33E-06,-1.81E-04
2126,-3.09E-04,-3.69E-04,-5.24E-04,-1.35E-04,-1.69E-04,1.61E-04,-1.48E-04,-2.54E-04,-9.43E-05,-1.24E-04,-1.87E-04,-2.67E-04,-1.22E-04,-2.64E-04,-3.08E-04,-5.38E-04,-2.07E-04,-9.66E-05,-7.37E-06,-1.90E-04
2127,-3.17E-04,-3.75E-04,-5.29E-04,-1.39E-04,-1.75E-04,1.56E-04,-1.46E-04,-2.60E-04,-9.76E-05,-1.28E-04,-1.89E-04,-2.67E-04,-1.23E-04,-2.68E-04,-2.97E-04,-5.55E-04,-2.01E-04,-1.10E-04,-5.84E-06,-1.97E-04
2128,-3.21E-04,-3.82E-04,-5.31E-04,-1.42E-04,-1.79E-04,1.51E-04,-1.47E-04,-2.65E-04,-9.99E-05,-1.32E-04,-1.90E-04,-2.69E-04,-1.24E-04,-2.71E-04,-2.88E-04,-5.70E-04,-1.94E-04,-1.22E-04,-3.97E-06,-2.02E-04
2129,-3.20E-04,-3.90E-04,-5.31E-04,-1.45E-04,-1.81E-04,1.49E-04,-1.51E-04,-2.67E-04,-1.01E-04,-1.35E-04,-1.91E-04,-2.74E-04,-1.24E-04,-2.72E-04,-2.82E-04,-5.84E-04,-1.88E-04,-1.32E-04,-1.95E-06,-2.05E-04
2130,-3.15E-04,-3.99E-04,-5.29E-04,-1.48E-04,-1.80E-04,1.47E-04,-1.57E-04,-2.67E-04,-1.02E-04,-1.37E-04,-1.93E-04,-2.80E-04,-1.24E-04,-2.72E-04,-2.80E-04,-5.98E-04,-1.83E-04,-1.41E-04,7.94E-08,-2.08E-04
2131,-3.08E-04,-4.09E-04,-5.25E-04,-1.50E-04,-1.79E-04,1.47E-04,-1.65E-04,-2.66E-04,-1.02E-04,-1.39E-04,-1.95E-04,-2.88E-04,-1.24E-04,-2.71E-04,-2.82E-04,-6.10E-04,-1.80E-04,-1.47E-04,1.99E-06,-2.10E-04
2132,-2.98E-04,-4.20E-04,-5.20E-04,-1.52E-04,-1.76E-04,1.47E-04,-1.75E-04,-2.63E-04,-1.02E-04,-1.41E-04,-1.97E-04,-2.97E-04,-1.23E-04,-2.69E-04,-2.88E-04,-6.20E-04,-1.78E-04,-1.51E-04,3.70E-06,-2.11E-04
2133,-2.88E-04,-4.31E-04,-5.14E-04,-1.54E-04,-1.72E-04,1.48E-04,-1.87E-04,-2.60E-04,-1.02E-04,-1.42E-04,-1.99E-04,-3.06E-04,-1.22E-04,-2.66E-04,-2.97E-04,-6.30E-04,-1.79E-04,-1.53E-04,5.14E-06,-2.13E-04
2134,-2.78E-04,-4.42E-04,-5.09E-04,-1.56E-04,-1.69E-04,1.49E-04,-2.01E-04,-2.57E-04,-1.01E-04,-1.44E-04,-2.01E-04,-3.15E-04,-1.21E-04,-2.63E-04,-3.09E-04,-6.39E-04,-1.81E-04,-1.52E-04,6.26E-06,-2.14E-04
2135,-2.69E-04,-4.53E-04,-5.03E-04,-1.58E-04,-1.66E-04,1.50E-04,-2.15E-04,-2.54E-04,-1.01E-04,-1.46E-04,-2.04E-04,-3.24E-04,-1.20E-04,-2.59E-04,-3.22E-04,-6.47E-04,-1.85E-04,-1.48E-04,7.02E-06,-2.16E-04
2136,-2.62E-04,-4.62E-04,-4.99E-04,-1.59E-04,-1.64E-04,1.51E-04,-2.29E-04,-2.51E-04,-1.00E-04,-1.47E-04,-2.07E-04,-3.30E-04,-1.18E-04,-2.55E-04,-3.36E-04,-6.55E-04,-1.90E-04,-1.43E-04,7.38E-06,-2.17E-04
2137,-2.57E-04,-4.70E-04,-4.96E-04,-1.61E-04,-1.63E-04,1.52E-04,-2.43E-04,-2.49E-04,-1.00E-04,-1.49E-04,-2.10E-04,-3.35E-04,-1.17E-04,-2.51E-04,-3.50E-04,-6.63E-04,-1.97E-04,-1.36E-04,7.30E-06,-2.19E-04
2138,-2.55E-04,-4.76E-04,-4.95E-04,-1.63E-04,-1.64E-04,1.52E-04,-2.56E-04,-2.47E-04,-1.00E-04,-1.52E-04,-2.14E-04,-3.38E-04,-1.15E-04,-2.47E-04,-3.63E-04,-6.70E-04,-2.03E-04,-1.29E-04,6.72E-06,-2.20E-04
2139,-2.56E-04,-4.79E-04,-4.96E-04,-1.65E-04,-1.66E-04,1.51E-04,-2.69E-04,-2.47E-04,-1.01E-04,-1.54E-04,-2.18E-04,-3.39E-04,-1.13E-04,-2.44E-04,-3.73E-04,-6.78E-04,-2.09E-04,-1.21E-04,5.59E-06,-2.20E-04
2140,-2.61E-04,-4.80E-04,-4.99E-04,-1.67E-04,-1.69E-04,1.50E-04,-2.80E-04,-2.47E-04,-1.02E-04,-1.57E-04,-2.22E-04,-3.37E-04,-1.10E-04,-2.41E-04,-3.81E-04,-6.86E-04,-2.15E-04,-1.13E-04,3.87E-06,-2.19E-04
2141,-2.67E-04,-4.78E-04,-5.03E-04,-1.69E-04,-1.75E-04,1.47E-04,-2.90E-04,-2.48E-04,-1.04E-04,-1.60E-04,-2.26E-04,-3.34E-04,-1.08E-04,-2.38E-04,-3.85E-04,-6.95E-04,-2.20E-04,-1.07E-04,1.54E-06,-2.15E-04
2142,-2.76E-04,-4.74E-04,-5.09E-04,-1.71E-04,-1.81E-04,1.45E-04,-2.99E-04,-2.50E-04,-1.06E-04,-1.64E-04,-2.30E-04,-3.29E-04,-1.05E-04,-2.36E-04,-3.85E-04,-7.04E-04,-2.24E-04,-1.01E-04,-1.42E-06,-2.10E-04
2143,-2.87E-04,-4.67E-04,-5.16E-04,-1.74E-04,-1.88E-04,1.41E-04,-3.06E-04,-2.52E-04,-1.08E-04,-1.67E-04,-2.34E-04,-3.23E-04,-1.01E-04,-2.35E-04,-3.82E-04,-7.13E-04,-2.27E-04,-9.65E-05,-4.97E-06,-2.01E-04
2144,-2.98E-04,-4.58E-04,-5.24E-04,-1.76E-04,-1.96E-04,1.37E-04,-3.12E-04,-2.54E-04,-1.10E-04,-1.71E-04,-2.38E-04,-3.17E-04,-9.78E-05,-2.34E-04,-3.74E-04,-7.22E-04,-2.29E-04,-9.39E-05,-9.01E-06,-1.90E-04
2145,-3.09E-04,-4.47E-04,-5.32E-04,-1.78E-04,-2.04E-04,1.33E-04,-3.17E-04,-2.57E-04,-1.12E-04,-1.74E-04,-2.42E-04,-3.12E-04,-9.38E-05,-2.32E-04,-3.63E-04,-7.32E-04,-2.31E-04,-9.30E-05,-1.34E-05,-1.76E-04
2146,-3.20E-04,-4.36E-04,-5.39E-04,-1.80E-04,-2.12E-04,1.29E-04,-3.20E-04,-2.59E-04,-1.14E-04,-1.77E-04,-2.46E-04,-3.08E-04,-8.94E-05,-2.31E-04,-3.49E-04,-7.40E-04,-2.32E-04,-9.38E-05,-1.79E-05,-1.60E-04
2147,-3.28E-04,-4.24E-04,-5.46E-04,-1.81E-04,-2.19E-04,1.25E-04,-3.22E-04,-2.60E-04,-1.16E-04,-1.80E-04,-2.50E-04,-3.06E-04,-8.47E-05,-2.30E-04,-3.33E-04,-7.48E-04,-2.34E-04,-9.60E-05,-2.23E-05,-1.42E-04
2148,-3.33E-04,-4.12E-04,-5.51E-04,-1.81E-04,-2.25E-04,1.22E-04,-3.23E-04,-2.61E-04,-1.18E-04,-1.82E-04,-2.52E-04,-3.07E-04,-7.95E-05,-2.28E-04,-3.15E-04,-7.54E-04,-2.36E-04,-9.94E-05,-2.62E-05,-1.22E-04
2149,-3.35E-04,-4.02E-04,-5.53E-04,-1.80E-04,-2.29E-04,1.19E-04,-3.23E-04,-2.61E-04,-1.19E-04,-1.83E-04,-2.55E-04,-3.09E-04,-7.39E-05,-2.26E-04,-2.96E-04,-7.59E-04,-2.39E-04,-1.03E-04,-2.93E-05,-1.02E-04
2150,-3.33E-04,-3.93E-04,-5.53E-04,-1.78E-04,-2.31E-04,1.16E-04,-3.22E-04,-2.60E-04,-1.19E-04,-1.83E-04,-2.56E-04,-3.14E-04,-6.77E-05,-2.22E-04,-2.77E-04,-7.61E-04,-2.43E-04,-1.08E-04,-3.11E-05,-8.19E-05
2151,-3.26E-04,-3.86E-04,-5.51E-04,-1.75E-04,-2.31E-04,1.15E-04,-3.20E-04,-2.58E-04,-1.18E-04,-1.82E-04,-2.57E-04,-3.21E-04,-6.10E-05,-2.17E-04,-2.58E-04,-7.59E-04,-2.48E-04,-1.12E-04,-3.12E-05,-6.31E-05
2152,-3.15E-04,-3.81E-04,-5.45E-04,-1.69E-04,-2.28E-04,1.15E-04,-3.16E-04,-2.55E-04,-1.16E-04,-1.80E-04,-2.57E-04,-3.30E-04,-5.37E-05,-2.11E-04,-2.40E-04,-7.55E-04,-2.54E-04,-1.15E-04,-2.93E-05,-4.64E-05
2153,-2.99E-04,-3.78E-04,-5.37E-04,-1.62E-04,-2.23E-04,1.15E-04,-3.12E-04,-2.50E-04,-1.14E-04,-1.76E-04,-2.55E-04,-3.41E-04,-4.59E-05,-2.03E-04,-2.24E-04,-7.47E-04,-2.60E-04,-1.17E-04,-2.48E-05,-3.24E-05
2154,-2.78E-04,-3.78E-04,-5.26E-04,-1.53E-04,-2.16E-04,1.18E-04,-3.05E-04,-2.44E-04,-1.10E-04,-1.71E-04,-2.53E-04,-3.51E-04,-3.74E-05,-1.93E-04,-2.08E-04,-7.35E-04,-2.67E-04,-1.17E-04,-1.77E-05,-2.16E-05
2155,-2.53E-04,-3.79E-04,-5.12E-04,-1.41E-04,-2.06E-04,1.21E-04,-2.98E-04,-2.38E-04,-1.04E-04,-1.65E-04,-2.49E-04,-3.61E-04,-2.84E-05,-1.81E-04,-1.94E-04,-7.20E-04,-2.73E-04,-1.15E-04,-7.71E-06,-1.44E-05
2156,-2.25E-04,-3.83E-04,-4.95E-04,-1.28E-04,-1.94E-04,1.26E-04,-2.88E-04,-2.30E-04,-9.83E-05,-1.57E-04,-2.43E-04,-3.69E-04,-1.88E-05,-1.67E-04,-1.82E-04,-7.01E-04,-2.77E-04,-1.11E-04,5.25E-06,-1.07E-05
2157,-1.94E-04,-3.87E-04,-4.77E-04,-1.13E-04,-1.80E-04,1.32E-04,-2.76E-04,-2.21E-04,-9.10E-05,-1.48E-04,-2.37E-04,-3.75E-04,-8.75E-06,-1.51E-04,-1.70E-04,-6.78E-04,-2.79E-04,-1.04E-04,2.11E-05,-1.03E-05
2158,-1.61E-04,-3.91E-04,-4.58E-04,-9.53E-05,-1.65E-04,1.40E-04,-2.62E-04,-2.11E-04,-8.27E-05,-1.37E-04,-2.29E-04,-3.78E-04,1.75E-06,-1.34E-04,-1.59E-04,-6.53E-04,-2.78E-04,-9.47E-05,3.96E-05,-1.26E-05
2159,-1.27E-04,-3.95E-04,-4.38E-04,-7.66E-05,-1.48E-04,1.48E-04,-2.45E-04,-2.00E-04,-7.36E-05,-1.26E-04,-2.20E-04,-3.77E-04,1.26E-05,-1.15E-04,-1.48E-04,-6.25E-04,-2.73E-04,-8.27E-05,6.05E-05,-1.66E-05
2160,-9.30E-05,-3.98E-04,-4.18E-04,-5.67E-05,-1.31E-04,1.58E-04,-2.26E-04,-1.89E-04,-6.37E-05,-1.14E-04,-2.09E-04,-3.71E-04,2.37E-05,-9.42E-05,-1.37E-04,-5.94E-04,-2.63E-04,-6.83E-05,8.32E-05,-2.13E-05
2161,-5.93E-05,-3.98E-04,-3.97E-04,-3.60E-05,-1.12E-04,1.68E-04,-2.05E-04,-1.77E-04,-5.34E-05,-1.01E-04,-1.99E-04,-3.62E-04,3.50E-05,-7.30E-05,-1.26E-04,-5.63E-04,-2.48E-04,-5.17E-05,1.07E-04,-2.56E-05
2162,-2.69E-05,-3.96E-04,-3.78E-04,-1.49E-05,-9.40E-05,1.79E-04,-1.82E-04,-1.65E-04,-4.28E-05,-8.70E-05,-1.87E-04,-3.48E-04,4.63E-05,-5.13E-05,-1.13E-04,-5.31E-04,-2.28E-04,-3.33E-05,1.32E-04,-2.82E-05
2163,3.44E-06,-3.90E-04,-3.60E-04,6.24E-06,-7.56E-05,1.90E-04,-1.57E-04,-1.52E-04,-3.21E-05,-7.33E-05,-1.75E-04,-3.30E-04,5.76E-05,-2.94E-05,-1.00E-04,-4.99E-04,-2.03E-04,-1.34E-05,1.56E-04,-2.79E-05
2164,3.13E-05,-3.80E-04,-3.43E-04,2.69E-05,-5.76E-05,2.01E-04,-1.30E-04,-1.40E-04,-2.16E-05,-5.97E-05,-1.64E-04,-3.09E-04,6.87E-05,-7.91E-06,-8.57E-05,-4.68E-04,-1.73E-04,7.45E-06,1.80E-04,-2.39E-05
2165,5.62E-05,-3.67E-04,-3.28E-04,4.67E-05,-4.02E-05,2.12E-04,-1.03E-04,-1.27E-04,-1.15E-05,-4.65E-05,-1.52E-04,-2.85E-04,7.95E-05,1.29E-05,-7.03E-05,-4.38E-04,-1.39E-04,2.89E-05,2.02E-04,-1.54E-05
2166,7.81E-05,-3.49E-04,-3.14E-04,6.53E-05,-2.36E-05,2.22E-04,-7.48E-05,-1.14E-04,-1.97E-06,-3.38E-05,-1.42E-04,-2.60E-04,8.99E-05,3.25E-05,-5.40E-05,-4.10E-04,-1.02E-04,5.03E-05,2.22E-04,-2.23E-06
2167,9.69E-05,-3.27E-04,-3.02E-04,8.25E-05,-7.96E-06,2.31E-04,-4.72E-05,-1.01E-04,6.72E-06,-2.21E-05,-1.33E-04,-2.35E-04,9.99E-05,5.07E-05,-3.72E-05,-3.85E-04,-6.40E-05,7.13E-05,2.39E-04,1.56E-05
2168,1.13E-04,-3.02E-04,-2.92E-04,9.81E-05,6.48E-06,2.38E-04,-2.03E-05,-8.88E-05,1.44E-05,-1.14E-05,-1.25E-04,-2.10E-04,1.09E-04,6.71E-05,-2.02E-05,-3.62E-04,-2.53E-05,9.14E-05,2.54E-04,3.75E-05
2169,1.26E-04,-2.75E-04,-2.83E-04,1.12E-04,1.97E-05,2.45E-04,5.16E-06,-7.71E-05,2.10E-05,-1.92E-06,-1.20E-04,-1.87E-04,1.18E-04,8.14E-05,-3.34E-06,-3.42E-04,1.22E-05,1.10E-04,2.65E-04,6.25E-05
2170,1.37E-04,-2.45E-04,-2.75E-04,1.24E-04,3.15E-05,2.49E-04,2.86E-05,-6.59E-05,2.64E-05,6.15E-06,-1.16E-04,-1.66E-04,1.26E-04,9.36E-05,1.29E-05,-3.25E-04,4.69E-05,1.27E-04,2.72E-04,8.94E-05
2171,1.45E-04,-2.15E-04,-2.68E-04,1.34E-04,4.19E-05,2.52E-04,4.96E-05,-5.56E-05,3.06E-05,1.28E-05,-1.15E-04,-1.49E-04,1.34E-04,1.04E-04,2.82E-05,-3.11E-04,7.76E-05,1.42E-04,2.77E-04,1.16E-04
2172,1.53E-04,-1.86E-04,-2.62E-04,1.43E-04,5.08E-05,2.53E-04,6.76E-05,-4.62E-05,3.36E-05,1.79E-05,-1.16E-04,-1.36E-04,1.40E-04,1.11E-04,4.22E-05,-2.99E-04,1.03E-04,1.55E-04,2.78E-04,1.42E-04
2173,1.60E-04,-1.58E-04,-2.57E-04,1.51E-04,5.84E-05,2.51E-04,8.24E-05,-3.78E-05,3.54E-05,2.16E-05,-1.20E-04,-1.26E-04,1.46E-04,1.17E-04,5.48E-05,-2.90E-04,1.22E-04,1.65E-04,2.77E-04,1.64E-04
2174,1.66E-04,-1.32E-04,-2.51E-04,1.57E-04,6.45E-05,2.48E-04,9.38E-05,-3.05E-05,3.62E-05,2.39E-05,-1.25E-04,-1.20E-04,1.51E-04,1.21E-04,6.58E-05,-2.82E-04,1.35E-04,1.73E-04,2.74E-04,1.81E-04
2175,1.72E-04,-1.09E-04,-2.46E-04,1.63E-04,6.93E-05,2.44E-04,1.02E-04,-2.43E-05,3.61E-05,2.49E-05,-1.33E-04,-1.18E-04,1.55E-04,1.23E-04,7.53E-05,-2.76E-04,1.41E-04,1.79E-04,2.70E-04,1.91E-04
2176,1.78E-04,-9.04E-05,-2.40E-04,1.69E-04,7.28E-05,2.37E-04,1.07E-04,-1.91E-05,3.54E-05,2.50E-05,-1.41E-04,-1.19E-04,1.59E-04,1.24E-04,8.35E-05,-2.70E-04,1.41E-04,1.81E-04,2.64E-04,1.94E-04
2177,1.85E-04,-7.61E-05,-2.34E-04,1.74E-04,7.53E-05,2.29E-04,1.08E-04,-1.49E-05,3.43E-05,2.42E-05,-1.51E-04,-1.22E-04,1.61E-04,1.24E-04,9.07E-05,-2.65E-04,1.34E-04,1.82E-04,2.59E-04,1.89E-04
2178,1.93E-04,-6.64E-05,-2.28E-04,1.80E-04,7.68E-05,2.21E-04,1.08E-04,-1.14E-05,3.29E-05,2.28E-05,-1.62E-04,-1.26E-04,1.63E-04,1.23E-04,9.73E-05,-2.59E-04,1.23E-04,1.81E-04,2.54E-04,1.76E-04
2179,2.01E-04,-6.13E-05,-2.21E-04,1.86E-04,7.75E-05,2.11E-04,1.05E-04,-8.53E-06,3.16E-05,2.11E-05,-1.72E-04,-1.30E-04,1.65E-04,1.22E-04,1.04E-04,-2.52E-04,1.08E-04,1.78E-04,2.50E-04,1.54E-04
2180,2.10E-04,-6.05E-05,-2.14E-04,1.93E-04,7.77E-05,2.02E-04,1.01E-04,-6.03E-06,3.06E-05,1.94E-05,-1.82E-04,-1.34E-04,1.65E-04,1.22E-04,1.11E-04,-2.44E-04,9.01E-05,1.74E-04,2.47E-04,1.26E-04
2181,2.18E-04,-6.35E-05,-2.06E-04,2.01E-04,7.76E-05,1.92E-04,9.60E-05,-3.63E-06,3.01E-05,1.78E-05,-1.91E-04,-1.37E-04,1.66E-04,1.21E-04,1.18E-04,-2.34E-04,7.19E-05,1.70E-04,2.47E-04,9.32E-05
2182,2.27E-04,-6.98E-05,-1.99E-04,2.09E-04,7.74E-05,1.83E-04,9.11E-05,-1.05E-06,3.02E-05,1.67E-05,-1.98E-04,-1.38E-04,1.66E-04,1.22E-04,1.27E-04,-2.23E-04,5.45E-05,1.66E-04,2.48E-04,5.70E-05
2183,2.35E-04,-7.83E-05,-1.91E-04,2.18E-04,7.74E-05,1.74E-04,8.68E-05,1.99E-06,3.12E-05,1.61E-05,-2.03E-04,-1.36E-04,1.66E-04,1.24E-04,1.38E-04,-2.09E-04,3.93E-05,1.62E-04,2.52E-04,2.01E-05
2184,2.42E-04,-8.83E-05,-1.83E-04,2.28E-04,7.77E-05,1.67E-04,8.37E-05,5.72E-06,3.31E-05,1.63E-05,-2.05E-04,-1.32E-04,1.67E-04,1.26E-04,1.51E-04,-1.94E-04,2.75E-05,1.59E-04,2.58E-04,-1.49E-05
2185,2.49E-04,-9.87E-05,-1.75E-04,2.38E-04,7.86E-05,1.60E-04,8.24E-05,1.04E-05,3.59E-05,1.74E-05,-2.05E-04,-1.25E-04,1.67E-04,1.30E-04,1.66E-04,-1.77E-04,2.00E-05,1.58E-04,2.66E-04,-4.54E-05
2186,2.54E-04,-1.09E-04,-1.67E-04,2.48E-04,8.03E-05,1.55E-04,8.33E-05,1.61E-05,3.96E-05,1.93E-05,-2.02E-04,-1.15E-04,1.68E-04,1.35E-04,1.82E-04,-1.59E-04,1.75E-05,1.60E-04,2.75E-04,-6.92E-05
2187,2.58E-04,-1.17E-04,-1.59E-04,2.58E-04,8.28E-05,1.51E-04,8.66E-05,2.30E-05,4.42E-05,2.20E-05,-1.97E-04,-1.02E-04,1.70E-04,1.41E-04,2.00E-04,-1.40E-04,2.01E-05,1.63E-04,2.86E-04,-8.42E-05
2188,2.60E-04,-1.24E-04,-1.51E-04,2.67E-04,8.63E-05,1.49E-04,9.26E-05,3.10E-05,4.94E-05,2.56E-05,-1.89E-04,-8.83E-05,1.72E-04,1.47E-04,2.20E-04,-1.20E-04,2.78E-05,1.69E-04,2.98E-04,-8.88E-05
2189,2.61E-04,-1.28E-04,-1.43E-04,2.76E-04,9.07E-05,1.48E-04,1.01E-04,4.01E-05,5.52E-05,2.98E-05,-1.78E-04,-7.32E-05,1.75E-04,1.54E-04,2.40E-04,-9.98E-05,4.00E-05,1.78E-04,3.10E-04,-8.22E-05
2190,2.61E-04,-1.29E-04,-1.35E-04,2.85E-04,9.61E-05,1.48E-04,1.12E-04,5.01E-05,6.13E-05,3.44E-05,-1.66E-04,-5.75E-05,1.79E-04,1.60E-04,2.60E-04,-8.01E-05,5.60E-05,1.89E-04,3.22E-04,-6.44E-05
2191,2.60E-04,-1.27E-04,-1.27E-04,2.92E-04,1.02E-04,1.49E-04,1.25E-04,6.07E-05,6.76E-05,3.93E-05,-1.52E-04,-4.21E-05,1.84E-04,1.67E-04,2.80E-04,-6.14E-05,7.47E-05,2.03E-04,3.33E-04,-3.59E-05
2192,2.58E-04,-1.21E-04,-1.19E-04,2.98E-04,1.09E-04,1.50E-04,1.40E-04,7.18E-05,7.37E-05,4.43E-05,-1.38E-04,-2.74E-05,1.90E-04,1.73E-04,2.99E-04,-4.39E-05,9.47E-05,2.18E-04,3.44E-04,1.84E-06
2193,2.55E-04,-1.13E-04,-1.11E-04,3.03E-04,1.16E-04,1.51E-04,1.56E-04,8.29E-05,7.94E-05,4.90E-05,-1.23E-04,-1.42E-05,1.97E-04,1.78E-04,3.16E-04,-2.81E-05,1.15E-04,2.35E-04,3.53E-04,4.67E-05
2194,2.52E-04,-1.03E-04,-1.03E-04,3.07E-04,1.23E-04,1.52E-04,1.73E-04,9.36E-05,8.46E-05,5.34E-05,-1.09E-04,-2.69E-06,2.04E-04,1.82E-04,3.31E-04,-1.42E-05,1.34E-04,2.53E-04,3.61E-04,9.61E-05
2195,2.50E-04,-8.99E-05,-9.45E-05,3.10E-04,1.30E-04,1.53E-04,1.90E-04,1.04E-04,8.90E-05,5.71E-05,-9.57E-05,6.79E-06,2.11E-04,1.84E-04,3.43E-04,-2.49E-06,1.50E-04,2.70E-04,3.67E-04,1.47E-04
2196,2.48E-04,-7.59E-05,-8.61E-05,3.12E-04,1.37E-04,1.53E-04,2.07E-04,1.12E-04,9.25E-05,6.01E-05,-8.37E-05,1.42E-05,2.19E-04,1.85E-04,3.52E-04,7.06E-06,1.64E-04,2.87E-04,3.71E-04,1.96E-04
2197,2.47E-04,-6.11E-05,-7.78E-05,3.14E-04,1.43E-04,1.52E-04,2.22E-04,1.20E-04,9.51E-05,6.21E-05,-7.35E-05,1.95E-05,2.26E-04,1.84E-04,3.58E-04,1.45E-05,1.72E-04,3.02E-04,3.73E-04,2.41E-04
2198,2.46E-04,-4.62E-05,-6.96E-05,3.15E-04,1.48E-04,1.49E-04,2.36E-04,1.26E-04,9.68E-05,6.32E-05,-6.54E-05,2.31E-05,2.33E-04,1.81E-04,3.61E-04,2.01E-05,1.77E-04,3.15E-04,3.74E-04,2.78E-04
2199,2.47E-04,-3.17E-05,-6.17E-05,3.15E-04,1.52E-04,1.46E-04,2.48E-04,1.30E-04,9.75E-05,6.33E-05,-5.96E-05,2.52E-05,2.40E-04,1.77E-04,3.62E-04,2.41E-05,1.76E-04,3.25E-04,3.73E-04,3.05E-04
2200,2.49E-04,-1.81E-05,-5.42E-05,3.16E-04,1.55E-04,1.40E-04,2.58E-04,1.32E-04,9.73E-05,6.24E-05,-5.61E-05,2.61E-05,2.45E-04,1.71E-04,3.61E-04,2.69E-05,1.71E-04,3.33E-04,3.70E-04,3.20E-04
2201,2.52E-04,-5.68E-06,-4.71E-05,3.17E-04,1.57E-04,1.34E-04,2.66E-04,1.33E-04,9.65E-05,6.08E-05,-5.48E-05,2.64E-05,2.50E-04,1.65E-04,3.58E-04,2.91E-05,1.62E-04,3.37E-04,3.66E-04,3.22E-04
2202,2.55E-04,5.33E-06,-4.06E-05,3.19E-04,1.58E-04,1.26E-04,2.72E-04,1.32E-04,9.51E-05,5.84E-05,-5.54E-05,2.64E-05,2.54E-04,1.57E-04,3.55E-04,3.12E-05,1.49E-04,3.38E-04,3.62E-04,3.12E-04
2203,2.59E-04,1.49E-05,-3.47E-05,3.21E-04,1.58E-04,1.17E-04,2.75E-04,1.29E-04,9.35E-05,5.55E-05,-5.76E-05,2.64E-05,2.56E-04,1.50E-04,3.51E-04,3.39E-05,1.35E-04,3.36E-04,3.57E-04,2.88E-04
2204,2.63E-04,2.32E-05,-2.94E-05,3.23E-04,1.57E-04,1.08E-04,2.77E-04,1.26E-04,9.19E-05,5.24E-05,-6.11E-05,2.66E-05,2.58E-04,1.42E-04,3.48E-04,3.77E-05,1.20E-04,3.31E-04,3.52E-04,2.54E-04
2205,2.67E-04,3.05E-05,-2.46E-05,3.26E-04,1.55E-04,9.81E-05,2.78E-04,1.23E-04,9.06E-05,4.94E-05,-6.52E-05,2.72E-05,2.58E-04,1.35E-04,3.47E-04,4.31E-05,1.05E-04,3.25E-04,3.47E-04,2.11E-04
2206,2.71E-04,3.71E-05,-2.02E-05,3.30E-04,1.54E-04,8.81E-05,2.78E-04,1.19E-04,8.97E-05,4.65E-05,-6.95E-05,2.83E-05,2.58E-04,1.29E-04,3.47E-04,5.08E-05,9.17E-05,3.17E-04,3.42E-04,1.61E-04
2207,2.75E-04,4.35E-05,-1.60E-05,3.35E-04,1.53E-04,7.85E-05,2.78E-04,1.16E-04,8.96E-05,4.42E-05,-7.35E-05,2.96E-05,2.57E-04,1.24E-04,3.50E-04,6.10E-05,8.15E-05,3.09E-04,3.39E-04,1.09E-04
2208,2.78E-04,5.00E-05,-1.18E-05,3.40E-04,1.53E-04,6.95E-05,2.77E-04,1.15E-04,9.04E-05,4.26E-05,-7.65E-05,3.10E-05,2.56E-04,1.21E-04,3.56E-04,7.41E-05,7.52E-05,3.02E-04,3.36E-04,5.59E-05
2209,2.81E-04,5.72E-05,-7.29E-06,3.45E-04,1.53E-04,6.16E-05,2.78E-04,1.15E-04,9.24E-05,4.20E-05,-7.82E-05,3.22E-05,2.54E-04,1.19E-04,3.64E-04,9.02E-05,7.35E-05,2.96E-04,3.35E-04,6.86E-06
2210,2.84E-04,6.53E-05,-2.26E-06,3.51E-04,1.55E-04,5.49E-05,2.80E-04,1.17E-04,9.55E-05,4.24E-05,-7.83E-05,3.30E-05,2.53E-04,1.20E-04,3.75E-04,1.09E-04,7.68E-05,2.92E-04,3.35E-04,-3.55E-05
2211,2.87E-04,7.45E-05,3.62E-06,3.57E-04,1.59E-04,4.98E-05,2.83E-04,1.21E-04,1.00E-04,4.39E-05,-7.63E-05,3.30E-05,2.52E-04,1.22E-04,3.89E-04,1.32E-04,8.52E-05,2.91E-04,3.37E-04,-6.86E-05
2212,2.90E-04,8.51E-05,1.06E-05,3.63E-04,1.64E-04,4.63E-05,2.89E-04,1.27E-04,1.06E-04,4.67E-05,-7.23E-05,3.20E-05,2.52E-04,1.26E-04,4.04E-04,1.56E-04,9.87E-05,2.93E-04,3.41E-04,-9.02E-05
2213,2.94E-04,9.71E-05,1.90E-05,3.68E-04,1.71E-04,4.46E-05,2.96E-04,1.36E-04,1.13E-04,5.07E-05,-6.61E-05,2.99E-05,2.53E-04,1.32E-04,4.22E-04,1.84E-04,1.17E-04,2.99E-04,3.46E-04,-9.91E-05
2214,2.99E-04,1.10E-04,2.89E-05,3.74E-04,1.80E-04,4.47E-05,3.06E-04,1.48E-04,1.21E-04,5.57E-05,-5.78E-05,2.68E-05,2.55E-04,1.39E-04,4.40E-04,2.13E-04,1.38E-04,3.09E-04,3.52E-04,-9.48E-05
2215,3.05E-04,1.24E-04,4.05E-05,3.78E-04,1.90E-04,4.64E-05,3.17E-04,1.62E-04,1.30E-04,6.17E-05,-4.76E-05,2.27E-05,2.57E-04,1.48E-04,4.59E-04,2.43E-04,1.63E-04,3.22E-04,3.60E-04,-7.78E-05
2216,3.13E-04,1.39E-04,5.38E-05,3.83E-04,2.02E-04,4.95E-05,3.30E-04,1.77E-04,1.39E-04,6.84E-05,-3.59E-05,1.79E-05,2.61E-04,1.57E-04,4.78E-04,2.74E-04,1.90E-04,3.38E-04,3.68E-04,-4.93E-05
2217,3.23E-04,1.53E-04,6.87E-05,3.86E-04,2.15E-04,5.39E-05,3.45E-04,1.94E-04,1.49E-04,7.58E-05,-2.30E-05,1.30E-05,2.65E-04,1.66E-04,4.96E-04,3.05E-04,2.17E-04,3.57E-04,3.77E-04,-1.13E-05
2218,3.35E-04,1.67E-04,8.51E-05,3.90E-04,2.28E-04,5.92E-05,3.61E-04,2.12E-04,1.60E-04,8.34E-05,-9.34E-06,8.49E-06,2.70E-04,1.76E-04,5.13E-04,3.36E-04,2.43E-04,3.77E-04,3.86E-04,3.37E-05
2219,3.50E-04,1.81E-04,1.03E-04,3.92E-04,2.42E-04,6.50E-05,3.77E-04,2.30E-04,1.70E-04,9.12E-05,4.60E-06,5.02E-06,2.76E-04,1.85E-04,5.28E-04,3.65E-04,2.68E-04,3.98E-04,3.95E-04,8.26E-05
2220,3.66E-04,1.92E-04,1.21E-04,3.93E-04,2.56E-04,7.11E-05,3.94E-04,2.48E-04,1.80E-04,9.88E-05,1.83E-05,3.29E-06,2.82E-04,1.93E-04,5.41E-04,3.93E-04,2.91E-04,4.18E-04,4.03E-04,1.32E-04
2221,3.85E-04,2.02E-04,1.41E-04,3.94E-04,2.69E-04,7.71E-05,4.10E-04,2.66E-04,1.90E-04,1.06E-04,3.14E-05,3.95E-06,2.87E-04,2.01E-04,5.52E-04,4.19E-04,3.10E-04,4.37E-04,4.09E-04,1.80E-04
2222,4.05E-04,2.09E-04,1.60E-04,3.94E-04,2.82E-04,8.25E-05,4.25E-04,2.82E-04,1.99E-04,1.13E-04,4.35E-05,7.61E-06,2.92E-04,2.07E-04,5.61E-04,4.43E-04,3.26E-04,4.54E-04,4.15E-04,2.22E-04
2223,4.26E-04,2.15E-04,1.79E-04,3.94E-04,2.93E-04,8.72E-05,4.40E-04,2.97E-04,2.07E-04,1.19E-04,5.42E-05,1.47E-05,2.96E-04,2.13E-04,5.68E-04,4.64E-04,3.38E-04,4.69E-04,4.18E-04,2.57E-04
2224,4.48E-04,2.18E-04,1.98E-04,3.93E-04,3.03E-04,9.09E-05,4.52E-04,3.10E-04,2.14E-04,1.24E-04,6.33E-05,2.56E-05,3.00E-04,2.17E-04,5.73E-04,4.83E-04,3.45E-04,4.79E-04,4.20E-04,2.84E-04
2225,4.69E-04,2.19E-04,2.16E-04,3.92E-04,3.11E-04,9.33E-05,4.63E-04,3.21E-04,2.20E-04,1.28E-04,7.07E-05,4.02E-05,3.02E-04,2.20E-04,5.76E-04,5.00E-04,3.49E-04,4.86E-04,4.19E-04,2.99E-04
2226,4.91E-04,2.19E-04,2.32E-04,3.90E-04,3.18E-04,9.45E-05,4.72E-04,3.30E-04,2.25E-04,1.32E-04,7.63E-05,5.85E-05,3.03E-04,2.22E-04,5.79E-04,5.14E-04,3.50E-04,4.90E-04,4.16E-04,3.05E-04
2227,5.11E-04,2.17E-04,2.47E-04,3.88E-04,3.23E-04,9.43E-05,4.80E-04,3.37E-04,2.29E-04,1.34E-04,8.04E-05,7.99E-05,3.03E-04,2.23E-04,5.81E-04,5.26E-04,3.48E-04,4.89E-04,4.12E-04,3.00E-04
2228,5.29E-04,2.15E-04,2.61E-04,3.86E-04,3.27E-04,9.29E-05,4.86E-04,3.42E-04,2.32E-04,1.36E-04,8.30E-05,1.04E-04,3.02E-04,2.24E-04,5.83E-04,5.38E-04,3.45E-04,4.86E-04,4.05E-04,2.87E-04
2229,5.46E-04,2.13E-04,2.73E-04,3.85E-04,3.30E-04,9.03E-05,4.90E-04,3.45E-04,2.35E-04,1.38E-04,8.46E-05,1.30E-04,3.00E-04,2.25E-04,5.85E-04,5.48E-04,3.40E-04,4.79E-04,3.98E-04,2.67E-04
2230,5.60E-04,2.12E-04,2.84E-04,3.84E-04,3.32E-04,8.70E-05,4.94E-04,3.48E-04,2.37E-04,1.39E-04,8.54E-05,1.56E-04,2.98E-04,2.26E-04,5.87E-04,5.58E-04,3.36E-04,4.71E-04,3.89E-04,2.41E-04
2231,5.72E-04,2.13E-04,2.93E-04,3.83E-04,3.34E-04,8.30E-05,4.97E-04,3.50E-04,2.39E-04,1.40E-04,8.60E-05,1.83E-04,2.95E-04,2.28E-04,5.91E-04,5.67E-04,3.33E-04,4.62E-04,3.80E-04,2.13E-04
2232,5.82E-04,2.16E-04,3.02E-04,3.83E-04,3.36E-04,7.87E-05,5.00E-04,3.52E-04,2.41E-04,1.41E-04,8.67E-05,2.08E-04,2.93E-04,2.31E-04,5.95E-04,5.78E-04,3.31E-04,4.53E-04,3.71E-04,1.86E-04
2233,5.89E-04,2.22E-04,3.11E-04,3.84E-04,3.38E-04,7.46E-05,5.04E-04,3.55E-04,2.44E-04,1.43E-04,8.80E-05,2.30E-04,2.91E-04,2.35E-04,6.01E-04,5.89E-04,3.32E-04,4.45E-04,3.63E-04,1.61E-04
2234,5.93E-04,2.31E-04,3.20E-04,3.87E-04,3.41E-04,7.09E-05,5.09E-04,3.58E-04,2.46E-04,1.45E-04,9.04E-05,2.50E-04,2.91E-04,2.41E-04,6.08E-04,6.01E-04,3.36E-04,4.39E-04,3.57E-04,1.41E-04
2235,5.97E-04,2.44E-04,3.29E-04,3.90E-04,3.45E-04,6.79E-05,5.15E-04,3.63E-04,2.50E-04,1.47E-04,9.41E-05,2.65E-04,2.92E-04,2.49E-04,6.16E-04,6.15E-04,3.43E-04,4.35E-04,3.53E-04,1.27E-04
2236,5.98E-04,2.60E-04,3.38E-04,3.95E-04,3.51E-04,6.61E-05,5.23E-04,3.69E-04,2.54E-04,1.51E-04,9.95E-05,2.77E-04,2.95E-04,2.58E-04,6.26E-04,6.31E-04,3.54E-04,4.34E-04,3.50E-04,1.22E-04
2237,5.99E-04,2.79E-04,3.49E-04,4.02E-04,3.58E-04,6.55E-05,5.34E-04,3.77E-04,2.59E-04,1.55E-04,1.07E-04,2.84E-04,3.00E-04,2.69E-04,6.36E-04,6.48E-04,3.68E-04,4.37E-04,3.51E-04,1.24E-04
2238,6.00E-04,3.01E-04,3.62E-04,4.10E-04,3.67E-04,6.64E-05,5.47E-04,3.87E-04,2.65E-04,1.60E-04,1.16E-04,2.87E-04,3.08E-04,2.81E-04,6.47E-04,6.66E-04,3.84E-04,4.42E-04,3.54E-04,1.36E-04
2239,6.00E-04,3.25E-04,3.76E-04,4.19E-04,3.77E-04,6.89E-05,5.62E-04,3.99E-04,2.72E-04,1.66E-04,1.27E-04,2.87E-04,3.18E-04,2.95E-04,6.59E-04,6.85E-04,4.03E-04,4.52E-04,3.60E-04,1.55E-04
2240,6.01E-04,3.51E-04,3.92E-04,4.30E-04,3.89E-04,7.29E-05,5.80E-04,4.13E-04,2.80E-04,1.73E-04,1.39E-04,2.84E-04,3.30E-04,3.10E-04,6.71E-04,7.06E-04,4.24E-04,4.64E-04,3.69E-04,1.81E-04
2241,6.02E-04,3.77E-04,4.09E-04,4.41E-04,4.03E-04,7.84E-05,6.00E-04,4.29E-04,2.89E-04,1.81E-04,1.53E-04,2.79E-04,3.43E-04,3.25E-04,6.83E-04,7.27E-04,4.45E-04,4.78E-04,3.79E-04,2.13E-04
2242,6.05E-04,4.04E-04,4.28E-04,4.54E-04,4.17E-04,8.52E-05,6.22E-04,4.46E-04,2.99E-04,1.89E-04,1.68E-04,2.74E-04,3.59E-04,3.40E-04,6.94E-04,7.48E-04,4.67E-04,4.95E-04,3.91E-04,2.47E-04
2243,6.08E-04,4.30E-04,4.48E-04,4.66E-04,4.33E-04,9.31E-05,6.45E-04,4.64E-04,3.08E-04,1.98E-04,1.83E-04,2.68E-04,3.75E-04,3.55E-04,7.06E-04,7.69E-04,4.89E-04,5.12E-04,4.04E-04,2.83E-04
2244,6.12E-04,4.54E-04,4.70E-04,4.79E-04,4.48E-04,1.02E-04,6.70E-04,4.83E-04,3.18E-04,2.07E-04,1.99E-04,2.65E-04,3.91E-04,3.69E-04,7.16E-04,7.90E-04,5.09E-04,5.29E-04,4.16E-04,3.17E-04
2245,6.17E-04,4.77E-04,4.91E-04,4.91E-04,4.63E-04,1.11E-04,6.94E-04,5.01E-04,3.28E-04,2.15E-04,2.13E-04,2.63E-04,4.08E-04,3.83E-04,7.26E-04,8.09E-04,5.27E-04,5.46E-04,4.27E-04,3.50E-04
2246,6.23E-04,4.96E-04,5.13E-04,5.02E-04,4.78E-04,1.19E-04,7.18E-04,5.20E-04,3.38E-04,2.24E-04,2.27E-04,2.65E-04,4.23E-04,3.94E-04,7.34E-04,8.27E-04,5.43E-04,5.62E-04,4.37E-04,3.78E-04
2247,6.29E-04,5.13E-04,5.34E-04,5.12E-04,4.91E-04,1.28E-04,7.41E-04,5.37E-04,3.47E-04,2.31E-04,2.39E-04,2.70E-04,4.37E-04,4.04E-04,7.42E-04,8.44E-04,5.55E-04,5.75E-04,4.44E-04,4.01E-04
2248,6.36E-04,5.27E-04,5.55E-04,5.20E-04,5.03E-04,1.35E-04,7.63E-04,5.53E-04,3.54E-04,2.38E-04,2.49E-04,2.80E-04,4.49E-04,4.13E-04,7.48E-04,8.59E-04,5.65E-04,5.86E-04,4.49E-04,4.18E-04
2249,6.42E-04,5.37E-04,5.74E-04,5.26E-04,5.13E-04,1.41E-04,7.82E-04,5.67E-04,3.61E-04,2.44E-04,2.57E-04,2.93E-04,4.57E-04,4.19E-04,7.52E-04,8.72E-04,5.71E-04,5.95E-04,4.49E-04,4.29E-04
2250,6.48E-04,5.44E-04,5.92E-04,5.30E-04,5.21E-04,1.45E-04,7.98E-04,5.79E-04,3.66E-04,2.49E-04,2.62E-04,3.09E-04,4.63E-04,4.23E-04,7.56E-04,8.83E-04,5.73E-04,6.00E-04,4.45E-04,4.35E-04
2251,6.53E-04,5.49E-04,6.08E-04,5.31E-04,5.27E-04,1.48E-04,8.10E-04,5.89E-04,3.70E-04,2.53E-04,2.65E-04,3.28E-04,4.66E-04,4.25E-04,7.57E-04,8.91E-04,5.73E-04,6.03E-04,4.38E-04,4.36E-04
2252,6.58E-04,5.51E-04,6.23E-04,5.30E-04,5.30E-04,1.48E-04,8.19E-04,5.97E-04,3.73E-04,2.55E-04,2.64E-04,3.49E-04,4.64E-04,4.25E-04,7.57E-04,8.98E-04,5.69E-04,6.03E-04,4.26E-04,4.34E-04
2253,6.61E-04,5.51E-04,6.35E-04,5.26E-04,5.32E-04,1.47E-04,8.24E-04,6.02E-04,3.74E-04,2.56E-04,2.61E-04,3.71E-04,4.60E-04,4.24E-04,7.55E-04,9.03E-04,5.64E-04,6.00E-04,4.11E-04,4.29E-04
2254,6.63E-04,5.50E-04,6.46E-04,5.21E-04,5.31E-04,1.43E-04,8.25E-04,6.05E-04,3.73E-04,2.55E-04,2.56E-04,3.92E-04,4.52E-04,4.22E-04,7.51E-04,9.07E-04,5.56E-04,5.96E-04,3.93E-04,4.22E-04
2255,6.64E-04,5.49E-04,6.55E-04,5.13E-04,5.28E-04,1.37E-04,8.23E-04,6.07E-04,3.72E-04,2.54E-04,2.49E-04,4.11E-04,4.42E-04,4.18E-04,7.45E-04,9.08E-04,5.47E-04,5.91E-04,3.72E-04,4.16E-04
2256,6.64E-04,5.47E-04,6.62E-04,5.04E-04,5.24E-04,1.30E-04,8.17E-04,6.06E-04,3.69E-04,2.51E-04,2.40E-04,4.27E-04,4.29E-04,4.14E-04,7.38E-04,9.08E-04,5.38E-04,5.84E-04,3.51E-04,4.11E-04
2257,6.62E-04,5.46E-04,6.68E-04,4.93E-04,5.18E-04,1.21E-04,8.08E-04,6.05E-04,3.66E-04,2.48E-04,2.30E-04,4.40E-04,4.14E-04,4.10E-04,7.30E-04,9.07E-04,5.29E-04,5.78E-04,3.29E-04,4.07E-04
2258,6.59E-04,5.47E-04,6.74E-04,4.82E-04,5.12E-04,1.11E-04,7.97E-04,6.02E-04,3.62E-04,2.44E-04,2.20E-04,4.49E-04,3.99E-04,4.06E-04,7.20E-04,9.04E-04,5.20E-04,5.72E-04,3.08E-04,4.06E-04
2259,6.56E-04,5.48E-04,6.79E-04,4.72E-04,5.05E-04,1.00E-04,7.84E-04,5.98E-04,3.58E-04,2.39E-04,2.10E-04,4.52E-04,3.83E-04,4.03E-04,7.09E-04,9.01E-04,5.12E-04,5.66E-04,2.89E-04,4.07E-04
2260,6.52E-04,5.51E-04,6.84E-04,4.61E-04,4.99E-04,8.93E-05,7.70E-04,5.95E-04,3.55E-04,2.35E-04,2.01E-04,4.51E-04,3.68E-04,4.00E-04,6.98E-04,8.96E-04,5.05E-04,5.61E-04,2.72E-04,4.09E-04
2261,6.47E-04,5.56E-04,6.89E-04,4.52E-04,4.93E-04,7.86E-05,7.56E-04,5.91E-04,3.51E-04,2.31E-04,1.92E-04,4.46E-04,3.53E-04,3.99E-04,6.85E-04,8.90E-04,5.00E-04,5.58E-04,2.58E-04,4.12E-04
2262,6.42E-04,5.63E-04,6.94E-04,4.43E-04,4.88E-04,6.85E-05,7.43E-04,5.88E-04,3.49E-04,2.27E-04,1.86E-04,4.37E-04,3.40E-04,3.99E-04,6.73E-04,8.83E-04,4.97E-04,5.55E-04,2.49E-04,4.14E-04
2263,6.37E-04,5.72E-04,7.00E-04,4.37E-04,4.84E-04,5.95E-05,7.32E-04,5.86E-04,3.47E-04,2.24E-04,1.81E-04,4.25E-04,3.29E-04,3.99E-04,6.61E-04,8.76E-04,4.96E-04,5.54E-04,2.43E-04,4.15E-04
2264,6.31E-04,5.82E-04,7.07E-04,4.32E-04,4.81E-04,5.17E-05,7.22E-04,5.84E-04,3.47E-04,2.21E-04,1.78E-04,4.11E-04,3.21E-04,4.01E-04,6.49E-04,8.67E-04,4.96E-04,5.54E-04,2.41E-04,4.14E-04
2265,6.26E-04,5.93E-04,7.14E-04,4.29E-04,4.81E-04,4.54E-05,7.16E-04,5.84E-04,3.48E-04,2.20E-04,1.78E-04,3.97E-04,3.14E-04,4.05E-04,6.38E-04,8.57E-04,4.98E-04,5.55E-04,2.43E-04,4.08E-04
2266,6.21E-04,6.06E-04,7.23E-04,4.28E-04,4.82E-04,4.09E-05,7.13E-04,5.84E-04,3.49E-04,2.19E-04,1.80E-04,3.84E-04,3.09E-04,4.09E-04,6.28E-04,8.47E-04,5.01E-04,5.56E-04,2.48E-04,3.98E-04
2267,6.17E-04,6.18E-04,7.31E-04,4.29E-04,4.85E-04,3.80E-05,7.14E-04,5.86E-04,3.53E-04,2.19E-04,1.84E-04,3.72E-04,3.07E-04,4.14E-04,6.19E-04,8.36E-04,5.05E-04,5.58E-04,2.55E-04,3.84E-04
2268,6.13E-04,6.31E-04,7.41E-04,4.31E-04,4.90E-04,3.69E-05,7.19E-04,5.90E-04,3.57E-04,2.21E-04,1.90E-04,3.63E-04,3.06E-04,4.19E-04,6.11E-04,8.25E-04,5.10E-04,5.59E-04,2.65E-04,3.64E-04
2269,6.09E-04,6.44E-04,7.50E-04,4.34E-04,4.96E-04,3.74E-05,7.28E-04,5.94E-04,3.62E-04,2.23E-04,1.98E-04,3.57E-04,3.05E-04,4.24E-04,6.06E-04,8.14E-04,5.15E-04,5.60E-04,2.74E-04,3.40E-04
2270,6.06E-04,6.56E-04,7.59E-04,4.37E-04,5.04E-04,3.92E-05,7.40E-04,5.98E-04,3.67E-04,2.26E-04,2.08E-04,3.55E-04,3.05E-04,4.30E-04,6.01E-04,8.02E-04,5.19E-04,5.61E-04,2.84E-04,3.13E-04
2271,6.04E-04,6.67E-04,7.68E-04,4.40E-04,5.13E-04,4.20E-05,7.55E-04,6.04E-04,3.73E-04,2.30E-04,2.18E-04,3.57E-04,3.05E-04,4.35E-04,5.99E-04,7.91E-04,5.24E-04,5.61E-04,2.93E-04,2.83E-04
2272,6.03E-04,6.77E-04,7.77E-04,4.43E-04,5.23E-04,4.57E-05,7.72E-04,6.09E-04,3.79E-04,2.33E-04,2.29E-04,3.63E-04,3.03E-04,4.39E-04,5.97E-04,7.80E-04,5.28E-04,5.60E-04,2.99E-04,2.53E-04
2273,6.02E-04,6.84E-04,7.84E-04,4.45E-04,5.34E-04,4.97E-05,7.91E-04,6.15E-04,3.85E-04,2.38E-04,2.40E-04,3.71E-04,3.00E-04,4.43E-04,5.97E-04,7.70E-04,5.31E-04,5.57E-04,3.02E-04,2.24E-04
2274,6.02E-04,6.90E-04,7.91E-04,4.46E-04,5.44E-04,5.38E-05,8.11E-04,6.21E-04,3.90E-04,2.42E-04,2.50E-04,3.83E-04,2.95E-04,4.45E-04,5.98E-04,7.62E-04,5.33E-04,5.54E-04,3.02E-04,1.99E-04
2275,6.02E-04,6.94E-04,7.96E-04,4.45E-04,5.53E-04,5.75E-05,8.32E-04,6.25E-04,3.94E-04,2.45E-04,2.60E-04,3.95E-04,2.88E-04,4.46E-04,5.99E-04,7.54E-04,5.34E-04,5.49E-04,2.99E-04,1.79E-04
2276,6.02E-04,6.95E-04,8.00E-04,4.41E-04,5.62E-04,6.06E-05,8.51E-04,6.29E-04,3.98E-04,2.49E-04,2.69E-04,4.07E-04,2.78E-04,4.45E-04,6.00E-04,7.48E-04,5.34E-04,5.44E-04,2.91E-04,1.66E-04
2277,6.02E-04,6.94E-04,8.02E-04,4.36E-04,5.69E-04,6.26E-05,8.68E-04,6.32E-04,4.00E-04,2.51E-04,2.76E-04,4.19E-04,2.65E-04,4.43E-04,6.02E-04,7.43E-04,5.34E-04,5.37E-04,2.80E-04,1.61E-04
2278,6.01E-04,6.91E-04,8.03E-04,4.28E-04,5.74E-04,6.35E-05,8.83E-04,6.33E-04,4.01E-04,2.53E-04,2.82E-04,4.28E-04,2.50E-04,4.39E-04,6.03E-04,7.39E-04,5.32E-04,5.29E-04,2.66E-04,1.65E-04
2279,5.99E-04,6.86E-04,8.02E-04,4.18E-04,5.77E-04,6.29E-05,8.95E-04,6.33E-04,4.01E-04,2.53E-04,2.86E-04,4.34E-04,2.33E-04,4.34E-04,6.03E-04,7.36E-04,5.31E-04,5.20E-04,2.49E-04,1.76E-04
2280,5.95E-04,6.79E-04,8.00E-04,4.07E-04,5.78E-04,6.09E-05,9.03E-04,6.32E-04,4.00E-04,2.53E-04,2.88E-04,4.36E-04,2.15E-04,4.28E-04,6.02E-04,7.34E-04,5.29E-04,5.11E-04,2.30E-04,1.96E-04
2281,5.90E-04,6.70E-04,7.96E-04,3.93E-04,5.76E-04,5.73E-05,9.07E-04,6.28E-04,3.97E-04,2.52E-04,2.88E-04,4.33E-04,1.95E-04,4.21E-04,6.00E-04,7.33E-04,5.27E-04,5.01E-04,2.11E-04,2.22E-04
2282,5.82E-04,6.60E-04,7.91E-04,3.78E-04,5.72E-04,5.22E-05,9.07E-04,6.23E-04,3.93E-04,2.49E-04,2.87E-04,4.27E-04,1.76E-04,4.12E-04,5.97E-04,7.32E-04,5.25E-04,4.90E-04,1.91E-04,2.52E-04
2283,5.72E-04,6.50E-04,7.86E-04,3.62E-04,5.64E-04,4.57E-05,9.04E-04,6.17E-04,3.88E-04,2.46E-04,2.84E-04,4.16E-04,1.57E-04,4.04E-04,5.92E-04,7.30E-04,5.24E-04,4.78E-04,1.72E-04,2.84E-04
2284,5.58E-04,6.39E-04,7.79E-04,3.46E-04,5.54E-04,3.80E-05,8.97E-04,6.09E-04,3.83E-04,2.42E-04,2.81E-04,4.01E-04,1.40E-04,3.95E-04,5.85E-04,7.28E-04,5.23E-04,4.67E-04,1.55E-04,3.15E-04
2285,5.42E-04,6.28E-04,7.72E-04,3.29E-04,5.42E-04,2.93E-05,8.86E-04,6.00E-04,3.76E-04,2.37E-04,2.76E-04,3.85E-04,1.24E-04,3.85E-04,5.78E-04,7.24E-04,5.22E-04,4.55E-04,1.40E-04,3.41E-04
2286,5.22E-04,6.19E-04,7.64E-04,3.13E-04,5.28E-04,1.97E-05,8.74E-04,5.89E-04,3.70E-04,2.31E-04,2.70E-04,3.66E-04,1.11E-04,3.76E-04,5.69E-04,7.19E-04,5.21E-04,4.42E-04,1.27E-04,3.62E-04
2287,5.00E-04,6.11E-04,7.56E-04,2.97E-04,5.12E-04,9.52E-06,8.59E-04,5.78E-04,3.63E-04,2.25E-04,2.65E-04,3.48E-04,1.02E-04,3.68E-04,5.60E-04,7.12E-04,5.20E-04,4.30E-04,1.18E-04,3.74E-04
2288,4.76E-04,6.04E-04,7.47E-04,2.82E-04,4.94E-04,-9.73E-07,8.43E-04,5.67E-04,3.56E-04,2.19E-04,2.59E-04,3.31E-04,9.52E-05,3.60E-04,5.50E-04,7.03E-04,5.19E-04,4.18E-04,1.13E-04,3.75E-04
2289,4.50E-04,6.01E-04,7.39E-04,2.69E-04,4.76E-04,-1.16E-05,8.27E-04,5.55E-04,3.50E-04,2.13E-04,2.54E-04,3.16E-04,9.20E-05,3.53E-04,5.39E-04,6.92E-04,5.18E-04,4.07E-04,1.10E-04,3.65E-04
2290,4.23E-04,6.00E-04,7.31E-04,2.57E-04,4.57E-04,-2.20E-05,8.12E-04,5.43E-04,3.43E-04,2.07E-04,2.50E-04,3.05E-04,9.19E-05,3.47E-04,5.29E-04,6.79E-04,5.16E-04,3.96E-04,1.10E-04,3.42E-04
2291,3.97E-04,6.02E-04,7.23E-04,2.46E-04,4.38E-04,-3.21E-05,7.97E-04,5.32E-04,3.37E-04,2.02E-04,2.47E-04,2.99E-04,9.45E-05,3.42E-04,5.18E-04,6.65E-04,5.14E-04,3.86E-04,1.12E-04,3.08E-04
2292,3.71E-04,6.08E-04,7.15E-04,2.36E-04,4.20E-04,-4.18E-05,7.83E-04,5.21E-04,3.32E-04,1.97E-04,2.45E-04,2.97E-04,9.93E-05,3.38E-04,5.09E-04,6.49E-04,5.10E-04,3.77E-04,1.15E-04,2.64E-04
2293,3.48E-04,6.18E-04,7.08E-04,2.28E-04,4.02E-04,-5.09E-05,7.71E-04,5.11E-04,3.26E-04,1.93E-04,2.44E-04,3.02E-04,1.06E-04,3.35E-04,5.00E-04,6.32E-04,5.05E-04,3.69E-04,1.20E-04,2.12E-04
2294,3.28E-04,6.30E-04,7.01E-04,2.22E-04,3.86E-04,-5.93E-05,7.61E-04,5.02E-04,3.21E-04,1.90E-04,2.45E-04,3.11E-04,1.13E-04,3.33E-04,4.92E-04,6.16E-04,4.99E-04,3.62E-04,1.24E-04,1.54E-04
2295,3.12E-04,6.45E-04,6.95E-04,2.16E-04,3.71E-04,-6.70E-05,7.52E-04,4.94E-04,3.17E-04,1.87E-04,2.48E-04,3.25E-04,1.20E-04,3.32E-04,4.85E-04,5.99E-04,4.91E-04,3.56E-04,1.28E-04,9.28E-05
2296,3.01E-04,6.62E-04,6.89E-04,2.11E-04,3.58E-04,-7.39E-05,7.44E-04,4.87E-04,3.12E-04,1.85E-04,2.53E-04,3.43E-04,1.26E-04,3.32E-04,4.80E-04,5.84E-04,4.82E-04,3.52E-04,1.30E-04,3.27E-05
2297,2.94E-04,6.80E-04,6.84E-04,2.07E-04,3.46E-04,-8.01E-05,7.36E-04,4.81E-04,3.08E-04,1.83E-04,2.60E-04,3.64E-04,1.30E-04,3.33E-04,4.76E-04,5.71E-04,4.72E-04,3.50E-04,1.31E-04,-2.34E-05
2298,2.93E-04,6.99E-04,6.78E-04,2.03E-04,3.36E-04,-8.57E-05,7.29E-04,4.76E-04,3.04E-04,1.82E-04,2.68E-04,3.86E-04,1.32E-04,3.34E-04,4.73E-04,5.60E-04,4.60E-04,3.48E-04,1.29E-04,-7.23E-05
2299,2.98E-04,7.17E-04,6.73E-04,1.99E-04,3.27E-04,-9.07E-05,7.22E-04,4.72E-04,2.99E-04,1.82E-04,2.78E-04,4.07E-04,1.32E-04,3.35E-04,4.71E-04,5.51E-04,4.48E-04,3.48E-04,1.24E-04,-1.11E-04
2300,3.06E-04,7.34E-04,6.67E-04,1.95E-04,3.20E-04,-9.52E-05,7.13E-04,4.68E-04,2.95E-04,1.82E-04,2.88E-04,4.27E-04,1.28E-04,3.36E-04,4.70E-04,5.46E-04,4.35E-04,3.48E-04,1.17E-04,-1.38E-04
2301,3.19E-04,7.48E-04,6.62E-04,1.90E-04,3.13E-04,-9.93E-05,7.02E-04,4.66E-04,2.91E-04,1.82E-04,2.99E-04,4.44E-04,1.21E-04,3.37E-04,4.69E-04,5.44E-04,4.22E-04,3.49E-04,1.07E-04,-1.52E-04
2302,3.34E-04,7.59E-04,6.55E-04,1.85E-04,3.07E-04,-1.03E-04,6.88E-04,4.63E-04,2.86E-04,1.82E-04,3.11E-04,4.57E-04,1.12E-04,3.38E-04,4.69E-04,5.45E-04,4.09E-04,3.50E-04,9.52E-05,-1.52E-04
2303,3.50E-04,7.65E-04,6.49E-04,1.79E-04,3.02E-04,-1.07E-04,6.72E-04,4.60E-04,2.81E-04,1.82E-04,3.22E-04,4.64E-04,9.91E-05,3.39E-04,4.68E-04,5.48E-04,3.96E-04,3.51E-04,8.16E-05,-1.39E-04
2304,3.66E-04,7.67E-04,6.41E-04,1.73E-04,2.96E-04,-1.11E-04,6.52E-04,4.57E-04,2.76E-04,1.81E-04,3.32E-04,4.65E-04,8.42E-05,3.38E-04,4.67E-04,5.54E-04,3.84E-04,3.51E-04,6.68E-05,-1.14E-04
2305,3.80E-04,7.63E-04,6.32E-04,1.65E-04,2.90E-04,-1.14E-04,6.29E-04,4.54E-04,2.70E-04,1.80E-04,3.41E-04,4.61E-04,6.76E-05,3.37E-04,4.65E-04,5.62E-04,3.72E-04,3.50E-04,5.14E-05,-8.04E-05
2306,3.90E-04,7.53E-04,6.22E-04,1.57E-04,2.82E-04,-1.18E-04,6.02E-04,4.49E-04,2.64E-04,1.78E-04,3.48E-04,4.50E-04,4.98E-05,3.34E-04,4.62E-04,5.70E-04,3.61E-04,3.48E-04,3.60E-05,-4.03E-05
2307,3.95E-04,7.37E-04,6.11E-04,1.47E-04,2.74E-04,-1.23E-04,5.72E-04,4.43E-04,2.58E-04,1.75E-04,3.53E-04,4.35E-04,3.17E-05,3.31E-04,4.56E-04,5.77E-04,3.50E-04,3.45E-04,2.13E-05,2.56E-06
2308,3.95E-04,7.16E-04,5.99E-04,1.37E-04,2.64E-04,-1.27E-04,5.38E-04,4.35E-04,2.51E-04,1.72E-04,3.56E-04,4.15E-04,1.40E-05,3.26E-04,4.49E-04,5.84E-04,3.41E-04,3.39E-04,7.71E-06,4.48E-05
2309,3.87E-04,6.91E-04,5.85E-04,1.25E-04,2.52E-04,-1.33E-04,5.03E-04,4.26E-04,2.44E-04,1.67E-04,3.55E-04,3.92E-04,-2.67E-06,3.20E-04,4.39E-04,5.88E-04,3.31E-04,3.32E-04,-4.32E-06,8.30E-05
2310,3.72E-04,6.61E-04,5.70E-04,1.13E-04,2.39E-04,-1.39E-04,4.65E-04,4.14E-04,2.37E-04,1.61E-04,3.52E-04,3.68E-04,-1.77E-05,3.13E-04,4.26E-04,5.90E-04,3.22E-04,3.24E-04,-1.45E-05,1.14E-04
2311,3.49E-04,6.29E-04,5.54E-04,9.94E-05,2.24E-04,-1.46E-04,4.27E-04,4.01E-04,2.29E-04,1.54E-04,3.45E-04,3.42E-04,-3.07E-05,3.04E-04,4.11E-04,5.87E-04,3.13E-04,3.14E-04,-2.27E-05,1.36E-04
2312,3.20E-04,5.95E-04,5.38E-04,8.54E-05,2.07E-04,-1.53E-04,3.89E-04,3.86E-04,2.20E-04,1.46E-04,3.36E-04,3.18E-04,-4.13E-05,2.95E-04,3.93E-04,5.81E-04,3.04E-04,3.02E-04,-2.90E-05,1.47E-04
2313,2.84E-04,5.61E-04,5.20E-04,7.08E-05,1.89E-04,-1.62E-04,3.51E-04,3.68E-04,2.11E-04,1.37E-04,3.23E-04,2.96E-04,-4.94E-05,2.85E-04,3.72E-04,5.70E-04,2.94E-04,2.90E-04,-3.35E-05,1.45E-04
2314,2.42E-04,5.27E-04,5.02E-04,5.57E-05,1.70E-04,-1.71E-04,3.15E-04,3.49E-04,2.02E-04,1.27E-04,3.09E-04,2.78E-04,-5.49E-05,2.74E-04,3.50E-04,5.55E-04,2.83E-04,2.77E-04,-3.64E-05,1.32E-04
2315,1.98E-04,4.96E-04,4.84E-04,4.02E-05,1.50E-04,-1.81E-04,2.81E-04,3.28E-04,1.92E-04,1.16E-04,2.92E-04,2.63E-04,-5.81E-05,2.62E-04,3.25E-04,5.35E-04,2.71E-04,2.63E-04,-3.81E-05,1.08E-04
2316,1.51E-04,4.67E-04,4.67E-04,2.44E-05,1.30E-04,-1.92E-04,2.50E-04,3.06E-04,1.82E-04,1.04E-04,2.75E-04,2.53E-04,-5.93E-05,2.51E-04,3.00E-04,5.11E-04,2.58E-04,2.50E-04,-3.91E-05,7.53E-05
2317,1.05E-04,4.42E-04,4.49E-04,8.40E-06,1.09E-04,-2.04E-04,2.22E-04,2.82E-04,1.71E-04,9.17E-05,2.57E-04,2.47E-04,-5.88E-05,2.39E-04,2.73E-04,4.84E-04,2.44E-04,2.37E-04,-3.97E-05,3.54E-05
2318,6.03E-05,4.21E-04,4.32E-04,-7.61E-06,8.94E-05,-2.16E-04,1.97E-04,2.58E-04,1.60E-04,7.89E-05,2.39E-04,2.45E-04,-5.71E-05,2.27E-04,2.47E-04,4.55E-04,2.29E-04,2.24E-04,-4.03E-05,-8.44E-06
2319,1.94E-05,4.05E-04,4.16E-04,-2.35E-05,7.04E-05,-2.29E-04,1.75E-04,2.33E-04,1.49E-04,6.59E-05,2.22E-04,2.46E-04,-5.48E-05,2.15E-04,2.22E-04,4.24E-04,2.13E-04,2.12E-04,-4.13E-05,-5.32E-05
2320,-1.65E-05,3.93E-04,4.00E-04,-3.91E-05,5.26E-05,-2.42E-04,1.57E-04,2.09E-04,1.37E-04,5.28E-05,2.07E-04,2.50E-04,-5.22E-05,2.05E-04,1.98E-04,3.93E-04,1.96E-04,2.00E-04,-4.30E-05,-9.57E-05
2321,-4.63E-05,3.85E-04,3.86E-04,-5.44E-05,3.62E-05,-2.55E-04,1.42E-04,1.84E-04,1.25E-04,3.98E-05,1.94E-04,2.56E-04,-4.99E-05,1.94E-04,1.76E-04,3.63E-04,1.80E-04,1.90E-04,-4.55E-05,-1.33E-04
2322,-6.92E-05,3.82E-04,3.72E-04,-6.90E-05,2.15E-05,-2.67E-04,1.29E-04,1.60E-04,1.14E-04,2.72E-05,1.83E-04,2.62E-04,-4.81E-05,1.85E-04,1.58E-04,3.34E-04,1.63E-04,1.80E-04,-4.89E-05,-1.63E-04
2323,-8.51E-05,3.81E-04,3.60E-04,-8.29E-05,8.59E-06,-2.79E-04,1.17E-04,1.38E-04,1.03E-04,1.50E-05,1.76E-04,2.67E-04,-4.73E-05,1.77E-04,1.42E-04,3.09E-04,1.47E-04,1.71E-04,-5.32E-05,-1.84E-04
2324,-9.43E-05,3.82E-04,3.49E-04,-9.59E-05,-2.35E-06,-2.91E-04,1.07E-04,1.17E-04,9.25E-05,3.58E-06,1.72E-04,2.71E-04,-4.75E-05,1.70E-04,1.30E-04,2.86E-04,1.32E-04,1.63E-04,-5.81E-05,-1.94E-04
2325,-9.74E-05,3.84E-04,3.38E-04,-1.08E-04,-1.14E-05,-3.01E-04,9.77E-05,9.70E-05,8.27E-05,-7.06E-06,1.71E-04,2.72E-04,-4.87E-05,1.64E-04,1.22E-04,2.68E-04,1.18E-04,1.55E-04,-6.36E-05,-1.94E-04
2326,-9.56E-05,3.87E-04,3.28E-04,-1.19E-04,-1.85E-05,-3.10E-04,8.82E-05,7.93E-05,7.37E-05,-1.67E-05,1.74E-04,2.70E-04,-5.10E-05,1.60E-04,1.18E-04,2.54E-04,1.06E-04,1.47E-04,-6.93E-05,-1.84E-04
2327,-9.03E-05,3.88E-04,3.19E-04,-1.28E-04,-2.38E-05,-3.17E-04,7.84E-05,6.37E-05,6.58E-05,-2.54E-05,1.79E-04,2.64E-04,-5.42E-05,1.56E-04,1.17E-04,2.44E-04,9.50E-05,1.39E-04,-7.51E-05,-1.65E-04
2328,-8.31E-05,3.88E-04,3.10E-04,-1.36E-04,-2.76E-05,-3.23E-04,6.77E-05,5.02E-05,5.90E-05,-3.30E-05,1.87E-04,2.55E-04,-5.80E-05,1.54E-04,1.20E-04,2.38E-04,8.62E-05,1.31E-04,-8.04E-05,-1.40E-04
2329,-7.58E-05,3.85E-04,3.02E-04,-1.43E-04,-3.00E-05,-3.27E-04,5.61E-05,3.89E-05,5.34E-05,-3.95E-05,1.96E-04,2.42E-04,-6.23E-05,1.52E-04,1.25E-04,2.36E-04,7.94E-05,1.23E-04,-8.53E-05,-1.11E-04
2330,-7.00E-05,3.80E-04,2.94E-04,-1.47E-04,-3.11E-05,-3.30E-04,4.33E-05,2.97E-05,4.90E-05,-4.50E-05,2.07E-04,2.27E-04,-6.66E-05,1.51E-04,1.32E-04,2.36E-04,7.43E-05,1.15E-04,-8.93E-05,-8.09E-05
2331,-6.73E-05,3.72E-04,2.86E-04,-1.51E-04,-3.13E-05,-3.31E-04,2.96E-05,2.25E-05,4.59E-05,-4.94E-05,2.17E-04,2.10E-04,-7.09E-05,1.51E-04,1.40E-04,2.39E-04,7.08E-05,1.07E-04,-9.25E-05,-5.22E-05
2332,-6.90E-05,3.61E-04,2.78E-04,-1.52E-04,-3.07E-05,-3.30E-04,1.50E-05,1.71E-05,4.38E-05,-5.30E-05,2.28E-04,1.91E-04,-7.47E-05,1.52E-04,1.48E-04,2.43E-04,6.88E-05,9.98E-05,-9.48E-05,-2.78E-05
2333,-7.59E-05,3.47E-04,2.71E-04,-1.53E-04,-2.96E-05,-3.28E-04,-1.98E-07,1.32E-05,4.26E-05,-5.58E-05,2.37E-04,1.73E-04,-7.80E-05,1.53E-04,1.55E-04,2.47E-04,6.79E-05,9.26E-05,-9.62E-05,-9.74E-06
2334,-8.86E-05,3.31E-04,2.64E-04,-1.51E-04,-2.82E-05,-3.25E-04,-1.55E-05,1.05E-05,4.23E-05,-5.80E-05,2.45E-04,1.56E-04,-8.06E-05,1.54E-04,1.61E-04,2.51E-04,6.77E-05,8.62E-05,-9.69E-05,1.52E-07
2335,-1.07E-04,3.14E-04,2.57E-04,-1.49E-04,-2.65E-05,-3.20E-04,-3.05E-05,8.68E-06,4.24E-05,-5.99E-05,2.51E-04,1.41E-04,-8.25E-05,1.55E-04,1.65E-04,2.53E-04,6.80E-05,8.07E-05,-9.70E-05,8.62E-07
2336,-1.31E-04,2.95E-04,2.51E-04,-1.45E-04,-2.48E-05,-3.16E-04,-4.47E-05,7.40E-06,4.29E-05,-6.15E-05,2.54E-04,1.30E-04,-8.37E-05,1.55E-04,1.66E-04,2.52E-04,6.84E-05,7.66E-05,-9.68E-05,-7.96E-06
2337,-1.60E-04,2.77E-04,2.45E-04,-1.40E-04,-2.32E-05,-3.11E-04,-5.76E-05,6.26E-06,4.34E-05,-6.31E-05,2.54E-04,1.22E-04,-8.43E-05,1.55E-04,1.64E-04,2.49E-04,6.85E-05,7.39E-05,-9.66E-05,-2.60E-05
2338,-1.92E-04,2.59E-04,2.39E-04,-1.35E-04,-2.18E-05,-3.07E-04,-6.88E-05,4.89E-06,4.35E-05,-6.49E-05,2.51E-04,1.18E-04,-8.44E-05,1.54E-04,1.58E-04,2.43E-04,6.83E-05,7.30E-05,-9.67E-05,-5.21E-05
2339,-2.26E-04,2.43E-04,2.34E-04,-1.29E-04,-2.07E-05,-3.03E-04,-7.81E-05,2.93E-06,4.32E-05,-6.72E-05,2.46E-04,1.18E-04,-8.42E-05,1.53E-04,1.49E-04,2.34E-04,6.74E-05,7.38E-05,-9.71E-05,-8.49E-05
2340,-2.61E-04,2.28E-04,2.30E-04,-1.24E-04,-2.01E-05,-2.99E-04,-8.51E-05,6.91E-08,4.20E-05,-7.00E-05,2.38E-04,1.22E-04,-8.40E-05,1.50E-04,1.37E-04,2.21E-04,6.58E-05,7.64E-05,-9.82E-05,-1.22E-04
2341,-2.94E-04,2.16E-04,2.26E-04,-1.18E-04,-2.00E-05,-2.97E-04,-8.98E-05,-3.98E-06,3.98E-05,-7.36E-05,2.28E-04,1.30E-04,-8.38E-05,1.47E-04,1.22E-04,2.05E-04,6.34E-05,8.06E-05,-1.00E-04,-1.62E-04
2342,-3.25E-04,2.06E-04,2.22E-04,-1.14E-04,-2.05E-05,-2.97E-04,-9.23E-05,-9.45E-06,3.64E-05,-7.80E-05,2.16E-04,1.40E-04,-8.39E-05,1.42E-04,1.04E-04,1.87E-04,6.01E-05,8.62E-05,-1.03E-04,-2.02E-04
2343,-3.52E-04,1.99E-04,2.19E-04,-1.10E-04,-2.17E-05,-2.98E-04,-9.28E-05,-1.65E-05,3.18E-05,-8.34E-05,2.04E-04,1.52E-04,-8.44E-05,1.36E-04,8.54E-05,1.68E-04,5.61E-05,9.27E-05,-1.06E-04,-2.40E-04
2344,-3.73E-04,1.94E-04,2.15E-04,-1.08E-04,-2.37E-05,-3.00E-04,-9.17E-05,-2.52E-05,2.58E-05,-8.98E-05,1.91E-04,1.65E-04,-8.53E-05,1.28E-04,6.56E-05,1.47E-04,5.14E-05,9.98E-05,-1.09E-04,-2.73E-04
2345,-3.89E-04,1.91E-04,2.11E-04,-1.07E-04,-2.67E-05,-3.04E-04,-8.94E-05,-3.56E-05,1.85E-05,-9.72E-05,1.78E-04,1.77E-04,-8.66E-05,1.19E-04,4.58E-05,1.25E-04,4.60E-05,1.07E-04,-1.13E-04,-3.01E-04
2346,-3.99E-04,1.90E-04,2.06E-04,-1.08E-04,-3.07E-05,-3.10E-04,-8.65E-05,-4.76E-05,9.85E-06,-1.06E-04,1.66E-04,1.88E-04,-8.84E-05,1.09E-04,2.67E-05,1.04E-04,4.00E-05,1.13E-04,-1.16E-04,-3.22E-04
2347,-4.03E-04,1.89E-04,2.00E-04,-1.11E-04,-3.58E-05,-3.17E-04,-8.36E-05,-6.11E-05,7.01E-08,-1.15E-04,1.56E-04,1.96E-04,-9.04E-05,9.76E-05,8.96E-06,8.34E-05,3.36E-05,1.19E-04,-1.20E-04,-3.37E-04
2348,-4.02E-04,1.89E-04,1.93E-04,-1.16E-04,-4.20E-05,-3.26E-04,-8.13E-05,-7.59E-05,-1.07E-05,-1.25E-04,1.46E-04,2.00E-04,-9.25E-05,8.51E-05,-6.82E-06,6.44E-05,2.66E-05,1.22E-04,-1.22E-04,-3.44E-04
2349,-3.97E-04,1.89E-04,1.84E-04,-1.22E-04,-4.94E-05,-3.35E-04,-8.02E-05,-9.17E-05,-2.22E-05,-1.35E-04,1.39E-04,2.00E-04,-9.46E-05,7.16E-05,-2.03E-05,4.71E-05,1.91E-05,1.24E-04,-1.23E-04,-3.46E-04
2350,-3.88E-04,1.87E-04,1.74E-04,-1.30E-04,-5.77E-05,-3.45E-04,-8.09E-05,-1.08E-04,-3.43E-05,-1.46E-04,1.33E-04,1.95E-04,-9.64E-05,5.73E-05,-3.12E-05,3.19E-05,1.10E-05,1.23E-04,-1.22E-04,-3.44E-04
2351,-3.78E-04,1.84E-04,1.63E-04,-1.39E-04,-6.70E-05,-3.56E-04,-8.37E-05,-1.25E-04,-4.67E-05,-1.57E-04,1.29E-04,1.85E-04,-9.77E-05,4.24E-05,-3.95E-05,1.88E-05,2.30E-06,1.20E-04,-1.21E-04,-3.38E-04
2352,-3.67E-04,1.80E-04,1.49E-04,-1.49E-04,-7.70E-05,-3.66E-04,-8.91E-05,-1.42E-04,-5.91E-05,-1.68E-04,1.27E-04,1.71E-04,-9.83E-05,2.73E-05,-4.54E-05,7.79E-06,-7.13E-06,1.14E-04,-1.17E-04,-3.32E-04
2353,-3.57E-04,1.74E-04,1.35E-04,-1.60E-04,-8.74E-05,-3.76E-04,-9.71E-05,-1.59E-04,-7.12E-05,-1.79E-04,1.26E-04,1.53E-04,-9.82E-05,1.22E-05,-4.92E-05,-1.32E-06,-1.74E-05,1.05E-04,-1.12E-04,-3.26E-04
2354,-3.49E-04,1.67E-04,1.20E-04,-1.71E-04,-9.79E-05,-3.84E-04,-1.08E-04,-1.74E-04,-8.29E-05,-1.89E-04,1.26E-04,1.31E-04,-9.72E-05,-2.54E-06,-5.13E-05,-8.80E-06,-2.84E-05,9.48E-05,-1.06E-04,-3.22E-04
2355,-3.45E-04,1.58E-04,1.04E-04,-1.81E-04,-1.08E-04,-3.92E-04,-1.21E-04,-1.89E-04,-9.38E-05,-1.99E-04,1.28E-04,1.07E-04,-9.52E-05,-1.65E-05,-5.23E-05,-1.50E-05,-4.02E-05,8.26E-05,-9.84E-05,-3.21E-04
2356,-3.44E-04,1.49E-04,8.77E-05,-1.90E-04,-1.18E-04,-3.99E-04,-1.36E-04,-2.02E-04,-1.04E-04,-2.08E-04,1.30E-04,8.10E-05,-9.24E-05,-2.95E-05,-5.26E-05,-2.02E-05,-5.28E-05,6.92E-05,-9.05E-05,-3.25E-04
2357,-3.47E-04,1.39E-04,7.23E-05,-1.98E-04,-1.26E-04,-4.03E-04,-1.54E-04,-2.14E-04,-1.12E-04,-2.15E-04,1.32E-04,5.52E-05,-8.87E-05,-4.09E-05,-5.30E-05,-2.48E-05,-6.59E-05,5.54E-05,-8.24E-05,-3.32E-04
2358,-3.54E-04,1.29E-04,5.80E-05,-2.03E-04,-1.32E-04,-4.06E-04,-1.72E-04,-2.23E-04,-1.20E-04,-2.21E-04,1.35E-04,3.05E-05,-8.43E-05,-5.05E-05,-5.38E-05,-2.90E-05,-7.92E-05,4.18E-05,-7.46E-05,-3.43E-04
2359,-3.64E-04,1.20E-04,4.56E-05,-2.06E-04,-1.37E-04,-4.06E-04,-1.90E-04,-2.31E-04,-1.26E-04,-2.25E-04,1.37E-04,7.95E-06,-7.93E-05,-5.79E-05,-5.54E-05,-3.30E-05,-9.23E-05,2.93E-05,-6.77E-05,-3.57E-04
2360,-3.76E-04,1.13E-04,3.57E-05,-2.06E-04,-1.38E-04,-4.05E-04,-2.08E-04,-2.35E-04,-1.30E-04,-2.28E-04,1.40E-04,-1.13E-05,-7.38E-05,-6.28E-05,-5.80E-05,-3.70E-05,-1.05E-04,1.84E-05,-6.19E-05,-3.73E-04
2361,-3.89E-04,1.07E-04,2.86E-05,-2.03E-04,-1.37E-04,-4.01E-04,-2.25E-04,-2.38E-04,-1.33E-04,-2.29E-04,1.43E-04,-2.65E-05,-6.79E-05,-6.51E-05,-6.19E-05,-4.09E-05,-1.16E-04,9.90E-06,-5.76E-05,-3.89E-04
2362,-4.02E-04,1.04E-04,2.49E-05,-1.97E-04,-1.33E-04,-3.94E-04,-2.39E-04,-2.37E-04,-1.34E-04,-2.28E-04,1.47E-04,-3.68E-05,-6.17E-05,-6.44E-05,-6.68E-05,-4.45E-05,-1.25E-04,4.19E-06,-5.49E-05,-4.04E-04
2363,-4.13E-04,1.03E-04,2.49E-05,-1.86E-04,-1.25E-04,-3.86E-04,-2.50E-04,-2.34E-04,-1.34E-04,-2.26E-04,1.51E-04,-4.18E-05,-5.53E-05,-6.07E-05,-7.24E-05,-4.75E-05,-1.32E-04,1.66E-06,-5.40E-05,-4.16E-04
2364,-4.20E-04,1.05E-04,2.87E-05,-1.73E-04,-1.13E-04,-3.75E-04,-2.58E-04,-2.28E-04,-1.32E-04,-2.21E-04,1.56E-04,-4.11E-05,-4.87E-05,-5.41E-05,-7.85E-05,-4.96E-05,-1.35E-04,2.54E-06,-5.47E-05,-4.22E-04
2365,-4.23E-04,1.10E-04,3.64E-05,-1.56E-04,-9.81E-05,-3.63E-04,-2.61E-04,-2.20E-04,-1.28E-04,-2.15E-04,1.63E-04,-3.47E-05,-4.19E-05,-4.45E-05,-8.45E-05,-5.03E-05,-1.35E-04,6.87E-06,-5.67E-05,-4.23E-04
2366,-4.19E-04,1.17E-04,4.78E-05,-1.36E-04,-7.98E-05,-3.48E-04,-2.58E-04,-2.10E-04,-1.22E-04,-2.06E-04,1.71E-04,-2.28E-05,-3.46E-05,-3.21E-05,-8.96E-05,-4.93E-05,-1.29E-04,1.46E-05,-5.96E-05,-4.17E-04
2367,-4.09E-04,1.27E-04,6.25E-05,-1.14E-04,-5.84E-05,-3.32E-04,-2.50E-04,-1.97E-04,-1.15E-04,-1.96E-04,1.81E-04,-5.75E-06,-2.69E-05,-1.72E-05,-9.34E-05,-4.59E-05,-1.19E-04,2.53E-05,-6.29E-05,-4.05E-04
2368,-3.91E-04,1.39E-04,8.02E-05,-8.90E-05,-3.44E-05,-3.15E-04,-2.37E-04,-1.81E-04,-1.07E-04,-1.85E-04,1.94E-04,1.59E-05,-1.84E-05,-5.14E-09,-9.51E-05,-3.99E-05,-1.03E-04,3.88E-05,-6.60E-05,-3.85E-04
2369,-3.67E-04,1.53E-04,1.00E-04,-6.27E-05,-8.13E-06,-2.96E-04,-2.18E-04,-1.64E-04,-9.70E-05,-1.72E-04,2.09E-04,4.15E-05,-9.02E-06,1.90E-05,-9.41E-05,-3.08E-05,-8.24E-05,5.46E-05,-6.83E-05,-3.59E-04
2370,-3.35E-04,1.67E-04,1.22E-04,-3.53E-05,1.97E-05,-2.77E-04,-1.93E-04,-1.45E-04,-8.59E-05,-1.58E-04,2.26E-04,7.02E-05,1.51E-06,3.96E-05,-9.00E-05,-1.84E-05,-5.60E-05,7.20E-05,-6.91E-05,-3.29E-04
2371,-2.98E-04,1.82E-04,1.45E-04,-7.47E-06,4.86E-05,-2.57E-04,-1.63E-04,-1.24E-04,-7.37E-05,-1.43E-04,2.45E-04,1.01E-04,1.34E-05,6.11E-05,-8.23E-05,-2.60E-06,-2.44E-05,9.06E-05,-6.78E-05,-2.96E-04
2372,-2.55E-04,1.97E-04,1.68E-04,2.03E-05,7.79E-05,-2.36E-04,-1.29E-04,-1.02E-04,-6.05E-05,-1.26E-04,2.67E-04,1.34E-04,2.68E-05,8.32E-05,-7.09E-05,1.65E-05,1.18E-05,1.10E-04,-6.38E-05,-2.63E-04
2373,-2.09E-04,2.13E-04,1.91E-04,4.75E-05,1.07E-04,-2.16E-04,-9.10E-05,-7.84E-05,-4.64E-05,-1.09E-04,2.90E-04,1.67E-04,4.18E-05,1.05E-04,-5.58E-05,3.87E-05,5.21E-05,1.29E-04,-5.69E-05,-2.31E-04
2374,-1.61E-04,2.27E-04,2.13E-04,7.36E-05,1.36E-04,-1.95E-04,-4.98E-05,-5.37E-05,-3.17E-05,-9.19E-05,3.14E-04,2.01E-04,5.84E-05,1.27E-04,-3.72E-05,6.36E-05,9.55E-05,1.48E-04,-4.67E-05,-2.02E-04
2375,-1.12E-04,2.41E-04,2.34E-04,9.83E-05,1.63E-04,-1.75E-04,-6.53E-06,-2.81E-05,-1.65E-05,-7.42E-05,3.38E-04,2.34E-04,7.66E-05,1.49E-04,-1.53E-05,9.07E-05,1.41E-04,1.66E-04,-3.33E-05,-1.79E-04
2376,-6.48E-05,2.55E-04,2.53E-04,1.21E-04,1.89E-04,-1.56E-04,3.78E-05,-1.68E-06,-1.07E-06,-5.65E-05,3.63E-04,2.65E-04,9.62E-05,1.69E-04,9.33E-06,1.19E-04,1.88E-04,1.82E-04,-1.68E-05,-1.63E-04
2377,-1.99E-05,2.67E-04,2.69E-04,1.43E-04,2.12E-04,-1.37E-04,8.23E-05,2.52E-05,1.45E-05,-3.88E-05,3.87E-04,2.95E-04,1.17E-04,1.89E-04,3.60E-05,1.49E-04,2.35E-04,1.98E-04,2.50E-06,-1.54E-04
2378,2.11E-05,2.80E-04,2.84E-04,1.62E-04,2.34E-04,-1.19E-04,1.26E-04,5.25E-05,2.99E-05,-2.15E-05,4.09E-04,3.23E-04,1.39E-04,2.07E-04,6.41E-05,1.79E-04,2.81E-04,2.13E-04,2.40E-05,-1.53E-04
2379,5.75E-05,2.91E-04,2.97E-04,1.80E-04,2.54E-04,-1.02E-04,1.68E-04,7.99E-05,4.51E-05,-4.66E-06,4.30E-04,3.48E-04,1.61E-04,2.24E-04,9.28E-05,2.08E-04,3.25E-04,2.26E-04,4.72E-05,-1.60E-04
2380,8.85E-05,3.03E-04,3.08E-04,1.95E-04,2.72E-04,-8.64E-05,2.07E-04,1.07E-04,5.99E-05,1.15E-05,4.49E-04,3.71E-04,1.84E-04,2.39E-04,1.21E-04,2.36E-04,3.67E-04,2.38E-04,7.12E-05,-1.73E-04
2381,1.14E-04,3.15E-04,3.17E-04,2.10E-04,2.88E-04,-7.15E-05,2.42E-04,1.34E-04,7.41E-05,2.70E-05,4.65E-04,3.92E-04,2.06E-04,2.54E-04,1.49E-04,2.61E-04,4.05E-04,2.50E-04,9.53E-05,-1.91E-04
2382,1.34E-04,3.26E-04,3.25E-04,2.23E-04,3.02E-04,-5.76E-05,2.74E-04,1.61E-04,8.76E-05,4.17E-05,4.79E-04,4.11E-04,2.27E-04,2.67E-04,1.76E-04,2.85E-04,4.40E-04,2.61E-04,1.19E-04,-2.11E-04
2383,1.49E-04,3.38E-04,3.32E-04,2.36E-04,3.14E-04,-4.47E-05,3.01E-04,1.87E-04,1.00E-04,5.54E-05,4.91E-04,4.27E-04,2.48E-04,2.80E-04,2.01E-04,3.05E-04,4.70E-04,2.72E-04,1.41E-04,-2.32E-04
2384,1.60E-04,3.50E-04,3.39E-04,2.48E-04,3.25E-04,-3.29E-05,3.24E-04,2.12E-04,1.13E-04,6.83E-05,5.00E-04,4.42E-04,2.67E-04,2.92E-04,2.24E-04,3.23E-04,4.97E-04,2.82E-04,1.61E-04,-2.51E-04
2385,1.68E-04,3.62E-04,3.46E-04,2.59E-04,3.36E-04,-2.18E-05,3.42E-04,2.37E-04,1.24E-04,8.03E-05,5.08E-04,4.56E-04,2.85E-04,3.04E-04,2.44E-04,3.38E-04,5.20E-04,2.93E-04,1.78E-04,-2.65E-04
2386,1.74E-04,3.74E-04,3.54E-04,2.71E-04,3.46E-04,-1.16E-05,3.56E-04,2.61E-04,1.34E-04,9.14E-05,5.15E-04,4.69E-04,3.01E-04,3.16E-04,2.63E-04,3.49E-04,5.39E-04,3.05E-04,1.93E-04,-2.72E-04
2387,1.79E-04,3.86E-04,3.62E-04,2.84E-04,3.56E-04,-2.03E-06,3.66E-04,2.83E-04,1.44E-04,1.02E-04,5.21E-04,4.81E-04,3.15E-04,3.28E-04,2.79E-04,3.59E-04,5.55E-04,3.16E-04,2.05E-04,-2.70E-04
2388,1.84E-04,3.98E-04,3.71E-04,2.97E-04,3.66E-04,6.99E-06,3.73E-04,3.05E-04,1.54E-04,1.12E-04,5.27E-04,4.93E-04,3.28E-04,3.41E-04,2.94E-04,3.65E-04,5.70E-04,3.29E-04,2.14E-04,-2.58E-04
2389,1.91E-04,4.09E-04,3.82E-04,3.11E-04,3.76E-04,1.56E-05,3.77E-04,3.25E-04,1.63E-04,1.21E-04,5.33E-04,5.06E-04,3.40E-04,3.54E-04,3.07E-04,3.70E-04,5.83E-04,3.42E-04,2.20E-04,-2.35E-04
2390,2.01E-04,4.19E-04,3.93E-04,3.26E-04,3.87E-04,2.39E-05,3.79E-04,3.45E-04,1.72E-04,1.29E-04,5.41E-04,5.19E-04,3.50E-04,3.67E-04,3.18E-04,3.74E-04,5.96E-04,3.56E-04,2.25E-04,-2.03E-04
2391,2.13E-04,4.28E-04,4.06E-04,3.42E-04,3.98E-04,3.20E-05,3.81E-04,3.64E-04,1.81E-04,1.38E-04,5.50E-04,5.33E-04,3.60E-04,3.81E-04,3.29E-04,3.77E-04,6.09E-04,3.70E-04,2.28E-04,-1.61E-04
2392,2.29E-04,4.36E-04,4.20E-04,3.59E-04,4.09E-04,3.99E-05,3.82E-04,3.83E-04,1.90E-04,1.46E-04,5.61E-04,5.50E-04,3.70E-04,3.95E-04,3.39E-04,3.80E-04,6.23E-04,3.85E-04,2.30E-04,-1.12E-04
2393,2.48E-04,4.43E-04,4.34E-04,3.76E-04,4.21E-04,4.78E-05,3.84E-04,4.01E-04,1.99E-04,1.53E-04,5.74E-04,5.67E-04,3.79E-04,4.10E-04,3.49E-04,3.83E-04,6.39E-04,4.00E-04,2.32E-04,-5.77E-05
2394,2.71E-04,4.49E-04,4.48E-04,3.94E-04,4.33E-04,5.56E-05,3.87E-04,4.19E-04,2.08E-04,1.61E-04,5.88E-04,5.87E-04,3.89E-04,4.25E-04,3.59E-04,3.86E-04,6.58E-04,4.15E-04,2.34E-04,-1.09E-06
2395,2.96E-04,4.54E-04,4.63E-04,4.12E-04,4.46E-04,6.33E-05,3.92E-04,4.37E-04,2.18E-04,1.69E-04,6.05E-04,6.08E-04,4.00E-04,4.40E-04,3.68E-04,3.91E-04,6.79E-04,4.30E-04,2.36E-04,5.49E-05
2396,3.24E-04,4.59E-04,4.78E-04,4.30E-04,4.58E-04,7.10E-05,4.00E-04,4.55E-04,2.29E-04,1.76E-04,6.23E-04,6.30E-04,4.12E-04,4.54E-04,3.78E-04,3.96E-04,7.02E-04,4.45E-04,2.40E-04,1.07E-04
2397,3.53E-04,4.64E-04,4.91E-04,4.47E-04,4.70E-04,7.85E-05,4.11E-04,4.74E-04,2.40E-04,1.84E-04,6.42E-04,6.54E-04,4.25E-04,4.68E-04,3.87E-04,4.03E-04,7.29E-04,4.59E-04,2.45E-04,1.54E-04
2398,3.81E-04,4.70E-04,5.05E-04,4.64E-04,4.82E-04,8.59E-05,4.25E-04,4.93E-04,2.51E-04,1.91E-04,6.61E-04,6.80E-04,4.39E-04,4.81E-04,3.96E-04,4.11E-04,7.58E-04,4.73E-04,2.51E-04,1.91E-04
2399,4.10E-04,4.76E-04,5.17E-04,4.80E-04,4.94E-04,9.29E-05,4.42E-04,5.13E-04,2.63E-04,1.98E-04,6.80E-04,7.05E-04,4.54E-04,4.94E-04,4.04E-04,4.20E-04,7.88E-04,4.87E-04,2.58E-04,2.18E-04
2400,4.36E-04,4.84E-04,5.28E-04,4.94E-04,5.04E-04,9.94E-05,4.63E-04,5.34E-04,2.75E-04,2.04E-04,6.98E-04,7.31E-04,4.70E-04,5.05E-04,4.11E-04,4.29E-04,8.21E-04,4.99E-04,2.65E-04,2.34E-04
2401,4.59E-04,4.94E-04,5.38E-04,5.06E-04,5.14E-04,1.05E-04,4.86E-04,5.55E-04,2.88E-04,2.10E-04,7.14E-04,7.57E-04,4.86E-04,5.14E-04,4.17E-04,4.38E-04,8.54E-04,5.11E-04,2.73E-04,2.37E-04
2402,4.79E-04,5.06E-04,5.47E-04,5.16E-04,5.22E-04,1.11E-04,5.12E-04,5.78E-04,3.00E-04,2.16E-04,7.28E-04,7.81E-04,5.02E-04,5.23E-04,4.20E-04,4.48E-04,8.86E-04,5.22E-04,2.80E-04,2.28E-04
2403,4.95E-04,5.20E-04,5.54E-04,5.24E-04,5.29E-04,1.15E-04,5.41E-04,6.00E-04,3.12E-04,2.20E-04,7.40E-04,8.04E-04,5.17E-04,5.29E-04,4.22E-04,4.57E-04,9.18E-04,5.31E-04,2.86E-04,2.08E-04
2404,5.07E-04,5.36E-04,5.61E-04,5.30E-04,5.35E-04,1.19E-04,5.70E-04,6.24E-04,3.24E-04,2.24E-04,7.48E-04,8.26E-04,5.31E-04,5.34E-04,4.22E-04,4.64E-04,9.48E-04,5.39E-04,2.91E-04,1.78E-04
2405,5.14E-04,5.55E-04,5.66E-04,5.32E-04,5.39E-04,1.21E-04,6.01E-04,6.47E-04,3.35E-04,2.26E-04,7.53E-04,8.45E-04,5.42E-04,5.37E-04,4.19E-04,4.71E-04,9.75E-04,5.46E-04,2.93E-04,1.41E-04
2406,5.16E-04,5.74E-04,5.70E-04,5.32E-04,5.42E-04,1.22E-04,6.32E-04,6.69E-04,3.45E-04,2.28E-04,7.56E-04,8.62E-04,5.51E-04,5.37E-04,4.13E-04,4.76E-04,9.99E-04,5.50E-04,2.92E-04,9.80E-05
2407,5.14E-04,5.95E-04,5.73E-04,5.29E-04,5.43E-04,1.22E-04,6.62E-04,6.91E-04,3.54E-04,2.28E-04,7.55E-04,8.75E-04,5.58E-04,5.36E-04,4.05E-04,4.78E-04,1.02E-03,5.53E-04,2.88E-04,5.29E-05
2408,5.08E-04,6.15E-04,5.75E-04,5.23E-04,5.41E-04,1.20E-04,6.91E-04,7.11E-04,3.62E-04,2.27E-04,7.52E-04,8.86E-04,5.60E-04,5.33E-04,3.94E-04,4.79E-04,1.03E-03,5.53E-04,2.81E-04,7.72E-06
2409,4.99E-04,6.33E-04,5.76E-04,5.14E-04,5.38E-04,1.17E-04,7.18E-04,7.30E-04,3.68E-04,2.24E-04,7.46E-04,8.95E-04,5.59E-04,5.28E-04,3.81E-04,4.76E-04,1.04E-03,5.50E-04,2.70E-04,-3.48E-05
2410,4.87E-04,6.50E-04,5.75E-04,5.02E-04,5.33E-04,1.13E-04,7.43E-04,7.46E-04,3.73E-04,2.20E-04,7.40E-04,9.00E-04,5.55E-04,5.20E-04,3.65E-04,4.72E-04,1.05E-03,5.45E-04,2.56E-04,-7.26E-05
2411,4.74E-04,6.63E-04,5.73E-04,4.88E-04,5.26E-04,1.08E-04,7.64E-04,7.59E-04,3.76E-04,2.15E-04,7.32E-04,9.04E-04,5.46E-04,5.11E-04,3.46E-04,4.64E-04,1.04E-03,5.36E-04,2.39E-04,-1.04E-04
2412,4.59E-04,6.72E-04,5.69E-04,4.71E-04,5.18E-04,1.01E-04,7.82E-04,7.69E-04,3.77E-04,2.08E-04,7.23E-04,9.05E-04,5.34E-04,5.00E-04,3.26E-04,4.54E-04,1.04E-03,5.25E-04,2.19E-04,-1.27E-04
2413,4.44E-04,6.76E-04,5.64E-04,4.52E-04,5.07E-04,9.30E-05,7.96E-04,7.75E-04,3.77E-04,2.01E-04,7.14E-04,9.04E-04,5.19E-04,4.87E-04,3.04E-04,4.41E-04,1.02E-03,5.10E-04,1.98E-04,-1.42E-04
2414,4.28E-04,6.73E-04,5.56E-04,4.32E-04,4.94E-04,8.39E-05,8.05E-04,7.78E-04,3.75E-04,1.92E-04,7.06E-04,9.03E-04,5.01E-04,4.72E-04,2.80E-04,4.26E-04,1.00E-03,4.93E-04,1.75E-04,-1.49E-04
2415,4.14E-04,6.65E-04,5.46E-04,4.09E-04,4.80E-04,7.38E-05,8.10E-04,7.77E-04,3.72E-04,1.83E-04,6.99E-04,9.00E-04,4.81E-04,4.55E-04,2.56E-04,4.09E-04,9.82E-04,4.72E-04,1.53E-04,-1.47E-04
2416,4.00E-04,6.50E-04,5.34E-04,3.85E-04,4.65E-04,6.30E-05,8.10E-04,7.72E-04,3.66E-04,1.73E-04,6.92E-04,8.96E-04,4.59E-04,4.38E-04,2.30E-04,3.89E-04,9.55E-04,4.49E-04,1.31E-04,-1.40E-04
2417,3.88E-04,6.28E-04,5.19E-04,3.61E-04,4.48E-04,5.14E-05,8.06E-04,7.62E-04,3.60E-04,1.62E-04,6.86E-04,8.92E-04,4.36E-04,4.19E-04,2.03E-04,3.68E-04,9.25E-04,4.23E-04,1.10E-04,-1.27E-04
2418,3.77E-04,6.01E-04,5.02E-04,3.36E-04,4.29E-04,3.93E-05,7.96E-04,7.49E-04,3.52E-04,1.51E-04,6.81E-04,8.87E-04,4.13E-04,3.99E-04,1.76E-04,3.45E-04,8.93E-04,3.95E-04,9.03E-05,-1.11E-04
2419,3.68E-04,5.69E-04,4.82E-04,3.11E-04,4.10E-04,2.68E-05,7.81E-04,7.33E-04,3.43E-04,1.39E-04,6.75E-04,8.82E-04,3.91E-04,3.78E-04,1.48E-04,3.21E-04,8.58E-04,3.65E-04,7.31E-05,-9.33E-05
2420,3.60E-04,5.32E-04,4.60E-04,2.86E-04,3.90E-04,1.41E-05,7.62E-04,7.13E-04,3.32E-04,1.27E-04,6.70E-04,8.77E-04,3.69E-04,3.57E-04,1.20E-04,2.95E-04,8.22E-04,3.34E-04,5.83E-05,-7.61E-05
2421,3.52E-04,4.93E-04,4.37E-04,2.61E-04,3.69E-04,1.29E-06,7.38E-04,6.91E-04,3.21E-04,1.16E-04,6.65E-04,8.70E-04,3.48E-04,3.36E-04,9.16E-05,2.68E-04,7.86E-04,3.03E-04,4.61E-05,-6.08E-05
2422,3.45E-04,4.52E-04,4.12E-04,2.37E-04,3.48E-04,-1.15E-05,7.10E-04,6.67E-04,3.09E-04,1.03E-04,6.58E-04,8.63E-04,3.29E-04,3.15E-04,6.34E-05,2.41E-04,7.49E-04,2.71E-04,3.62E-05,-4.86E-05
2423,3.39E-04,4.10E-04,3.85E-04,2.13E-04,3.27E-04,-2.40E-05,6.78E-04,6.40E-04,2.96E-04,9.13E-05,6.50E-04,8.54E-04,3.12E-04,2.94E-04,3.53E-05,2.13E-04,7.13E-04,2.39E-04,2.85E-05,-4.05E-05
2424,3.32E-04,3.69E-04,3.58E-04,1.91E-04,3.05E-04,-3.63E-05,6.43E-04,6.13E-04,2.83E-04,7.91E-05,6.40E-04,8.44E-04,2.96E-04,2.74E-04,7.53E-06,1.84E-04,6.77E-04,2.08E-04,2.24E-05,-3.70E-05
2425,3.23E-04,3.31E-04,3.30E-04,1.70E-04,2.83E-04,-4.82E-05,6.05E-04,5.84E-04,2.69E-04,6.68E-05,6.27E-04,8.32E-04,2.82E-04,2.55E-04,-1.99E-05,1.56E-04,6.41E-04,1.78E-04,1.76E-05,-3.83E-05
2426,3.13E-04,2.95E-04,3.02E-04,1.49E-04,2.61E-04,-5.97E-05,5.64E-04,5.55E-04,2.55E-04,5.44E-05,6.12E-04,8.17E-04,2.69E-04,2.37E-04,-4.69E-05,1.27E-04,6.06E-04,1.48E-04,1.33E-05,-4.41E-05
2427,3.02E-04,2.64E-04,2.75E-04,1.30E-04,2.38E-04,-7.07E-05,5.21E-04,5.25E-04,2.41E-04,4.17E-05,5.94E-04,7.99E-04,2.56E-04,2.20E-04,-7.34E-05,9.91E-05,5.72E-04,1.19E-04,8.92E-06,-5.40E-05
2428,2.87E-04,2.36E-04,2.48E-04,1.11E-04,2.15E-04,-8.12E-05,4.77E-04,4.96E-04,2.26E-04,2.88E-05,5.73E-04,7.78E-04,2.44E-04,2.03E-04,-9.94E-05,7.12E-05,5.37E-04,9.14E-05,3.90E-06,-6.71E-05
2429,2.69E-04,2.13E-04,2.22E-04,9.21E-05,1.92E-04,-9.13E-05,4.32E-04,4.67E-04,2.11E-04,1.57E-05,5.49E-04,7.54E-04,2.32E-04,1.87E-04,-1.25E-04,4.38E-05,5.02E-04,6.45E-05,-2.35E-06,-8.26E-05
2430,2.48E-04,1.95E-04,1.97E-04,7.36E-05,1.67E-04,-1.01E-04,3.86E-04,4.37E-04,1.96E-04,2.10E-06,5.24E-04,7.26E-04,2.18E-04,1.71E-04,-1.50E-04,1.71E-05,4.66E-04,3.83E-05,-1.03E-05,-9.95E-05
2431,2.22E-04,1.80E-04,1.72E-04,5.50E-05,1.42E-04,-1.10E-04,3.39E-04,4.08E-04,1.80E-04,-1.19E-05,4.96E-04,6.96E-04,2.03E-04,1.56E-04,-1.75E-04,-8.85E-06,4.28E-04,1.26E-05,-2.03E-05,-1.17E-04
2432,1.93E-04,1.69E-04,1.48E-04,3.58E-05,1.16E-04,-1.20E-04,2.93E-04,3.79E-04,1.64E-04,-2.63E-05,4.67E-04,6.62E-04,1.86E-04,1.40E-04,-1.99E-04,-3.39E-05,3.89E-04,-1.28E-05,-3.27E-05,-1.33E-04
2433,1.60E-04,1.60E-04,1.25E-04,1.58E-05,8.77E-05,-1.29E-04,2.46E-04,3.50E-04,1.48E-04,-4.13E-05,4.36E-04,6.26E-04,1.67E-04,1.23E-04,-2.23E-04,-5.81E-05,3.48E-04,-3.83E-05,-4.74E-05,-1.49E-04
2434,1.22E-04,1.53E-04,1.02E-04,-5.31E-06,5.83E-05,-1.38E-04,2.00E-04,3.20E-04,1.31E-04,-5.68E-05,4.05E-04,5.87E-04,1.45E-04,1.05E-04,-2.48E-04,-8.13E-05,3.04E-04,-6.40E-05,-6.45E-05,-1.62E-04
2435,8.01E-05,1.46E-04,7.79E-05,-2.77E-05,2.73E-05,-1.48E-04,1.55E-04,2.89E-04,1.14E-04,-7.28E-05,3.74E-04,5.47E-04,1.19E-04,8.49E-05,-2.73E-04,-1.04E-04,2.57E-04,-9.02E-05,-8.38E-05,-1.74E-04
2436,3.47E-05,1.38E-04,5.35E-05,-5.17E-05,-5.34E-06,-1.58E-04,1.09E-04,2.57E-04,9.59E-05,-8.94E-05,3.43E-04,5.05E-04,9.10E-05,6.28E-05,-2.98E-04,-1.25E-04,2.08E-04,-1.17E-04,-1.05E-04,-1.84E-04
2437,-1.40E-05,1.28E-04,2.80E-05,-7.73E-05,-3.97E-05,-1.68E-04,6.40E-05,2.23E-04,7.74E-05,-1.07E-04,3.12E-04,4.63E-04,5.99E-05,3.84E-05,-3.25E-04,-1.46E-04,1.56E-04,-1.45E-04,-1.28E-04,-1.93E-04
2438,-6.55E-05,1.15E-04,1.03E-06,-1.05E-04,-7.56E-05,-1.80E-04,1.86E-05,1.88E-04,5.82E-05,-1.24E-04,2.82E-04,4.20E-04,2.62E-05,1.13E-05,-3.52E-04,-1.67E-04,1.01E-04,-1.73E-04,-1.53E-04,-2.01E-04
2439,-1.19E-04,9.94E-05,-2.78E-05,-1.33E-04,-1.13E-04,-1.93E-04,-2.70E-05,1.51E-04,3.83E-05,-1.42E-04,2.52E-04,3.77E-04,-9.63E-06,-1.87E-05,-3.81E-04,-1.87E-04,4.36E-05,-2.02E-04,-1.78E-04,-2.09E-04
2440,-1.74E-04,7.91E-05,-5.86E-05,-1.64E-04,-1.51E-04,-2.07E-04,-7.30E-05,1.11E-04,1.75E-05,-1.61E-04,2.22E-04,3.35E-04,-4.72E-05,-5.13E-05,-4.11E-04,-2.07E-04,-1.54E-05,-2.32E-04,-2.04E-04,-2.17E-04
2441,-2.29E-04,5.43E-05,-9.15E-05,-1.95E-04,-1.91E-04,-2.22E-04,-1.20E-04,7.01E-05,-4.11E-06,-1.80E-04,1.93E-04,2.93E-04,-8.59E-05,-8.66E-05,-4.42E-04,-2.27E-04,-7.56E-05,-2.63E-04,-2.30E-04,-2.28E-04
2442,-2.84E-04,2.50E-05,-1.27E-04,-2.28E-04,-2.31E-04,-2.38E-04,-1.67E-04,2.68E-05,-2.65E-05,-2.00E-04,1.63E-04,2.52E-04,-1.25E-04,-1.24E-04,-4.74E-04,-2.47E-04,-1.36E-04,-2.94E-04,-2.57E-04,-2.40E-04
2443,-3.38E-04,-8.64E-06,-1.63E-04,-2.62E-04,-2.70E-04,-2.56E-04,-2.16E-04,-1.82E-05,-4.97E-05,-2.19E-04,1.33E-04,2.12E-04,-1.64E-04,-1.64E-04,-5.07E-04,-2.68E-04,-1.97E-04,-3.25E-04,-2.83E-04,-2.56E-04
2444,-3.89E-04,-4.63E-05,-2.02E-04,-2.96E-04,-3.10E-04,-2.75E-04,-2.66E-04,-6.48E-05,-7.36E-05,-2.40E-04,1.02E-04,1.73E-04,-2.02E-04,-2.05E-04,-5.41E-04,-2.89E-04,-2.57E-04,-3.57E-04,-3.09E-04,-2.74E-04
2445,-4.37E-04,-8.74E-05,-2.42E-04,-3.29E-04,-3.49E-04,-2.95E-04,-3.16E-04,-1.12E-04,-9.80E-05,-2.60E-04,7.08E-05,1.35E-04,-2.39E-04,-2.46E-04,-5.75E-04,-3.11E-04,-3.15E-04,-3.88E-04,-3.35E-04,-2.96E-04
2446,-4.82E-04,-1.31E-04,-2.82E-04,-3.63E-04,-3.87E-04,-3.15E-04,-3.68E-04,-1.61E-04,-1.23E-04,-2.80E-04,3.82E-05,9.68E-05,-2.73E-04,-2.88E-04,-6.09E-04,-3.34E-04,-3.72E-04,-4.20E-04,-3.60E-04,-3.21E-04
2447,-5.22E-04,-1.77E-04,-3.23E-04,-3.96E-04,-4.24E-04,-3.37E-04,-4.20E-04,-2.09E-04,-1.48E-04,-3.01E-04,4.44E-06,5.98E-05,-3.06E-04,-3.29E-04,-6.43E-04,-3.57E-04,-4.25E-04,-4.51E-04,-3.85E-04,-3.48E-04
2448,-5.57E-04,-2.24E-04,-3.64E-04,-4.28E-04,-4.59E-04,-3.59E-04,-4.72E-04,-2.58E-04,-1.73E-04,-3.21E-04,-3.04E-05,2.32E-05,-3.36E-04,-3.69E-04,-6.76E-04,-3.81E-04,-4.76E-04,-4.82E-04,-4.09E-04,-3.77E-04
2449,-5.88E-04,-2.72E-04,-4.03E-04,-4.59E-04,-4.92E-04,-3.81E-04,-5.23E-04,-3.05E-04,-1.98E-04,-3.41E-04,-6.61E-05,-1.29E-05,-3.64E-04,-4.08E-04,-7.08E-04,-4.05E-04,-5.24E-04,-5.12E-04,-4.32E-04,-4.08E-04
2450,-6.13E-04,-3.19E-04,-4.41E-04,-4.88E-04,-5.24E-04,-4.03E-04,-5.74E-04,-3.51E-04,-2.23E-04,-3.61E-04,-1.02E-04,-4.88E-05,-3.88E-04,-4.44E-04,-7.38E-04,-4.29E-04,-5.69E-04,-5.41E-04,-4.56E-04,-4.38E-04
2451,-6.34E-04,-3.65E-04,-4.78E-04,-5.16E-04,-5.53E-04,-4.24E-04,-6.24E-04,-3.95E-04,-2.47E-04,-3.81E-04,-1.39E-04,-8.43E-05,-4.11E-04,-4.77E-04,-7.66E-04,-4.53E-04,-6.11E-04,-5.71E-04,-4.78E-04,-4.68E-04
2452,-6.50E-04,-4.10E-04,-5.12E-04,-5.42E-04,-5.81E-04,-4.44E-04,-6.71E-04,-4.37E-04,-2.70E-04,-4.00E-04,-1.75E-04,-1.20E-04,-4.31E-04,-5.08E-04,-7.92E-04,-4.77E-04,-6.50E-04,-5.99E-04,-5.00E-04,-4.96E-04
2453,-6.61E-04,-4.53E-04,-5.43E-04,-5.66E-04,-6.07E-04,-4.63E-04,-7.17E-04,-4.77E-04,-2.92E-04,-4.18E-04,-2.10E-04,-1.54E-04,-4.49E-04,-5.35E-04,-8.16E-04,-5.00E-04,-6.87E-04,-6.27E-04,-5.20E-04,-5.21E-04
2454,-6.70E-04,-4.94E-04,-5.72E-04,-5.89E-04,-6.31E-04,-4.80E-04,-7.59E-04,-5.13E-04,-3.13E-04,-4.35E-04,-2.44E-04,-1.89E-04,-4.66E-04,-5.60E-04,-8.37E-04,-5.22E-04,-7.21E-04,-6.54E-04,-5.40E-04,-5.44E-04
2455,-6.75E-04,-5.32E-04,-5.97E-04,-6.09E-04,-6.54E-04,-4.96E-04,-7.99E-04,-5.47E-04,-3.33E-04,-4.52E-04,-2.75E-04,-2.23E-04,-4.81E-04,-5.81E-04,-8.55E-04,-5.43E-04,-7.54E-04,-6.81E-04,-5.58E-04,-5.62E-04
2456,-6.79E-04,-5.69E-04,-6.20E-04,-6.29E-04,-6.75E-04,-5.09E-04,-8.35E-04,-5.77E-04,-3.51E-04,-4.67E-04,-3.04E-04,-2.56E-04,-4.96E-04,-6.00E-04,-8.71E-04,-5.62E-04,-7.86E-04,-7.07E-04,-5.74E-04,-5.77E-04
2457,-6.82E-04,-6.04E-04,-6.41E-04,-6.47E-04,-6.95E-04,-5.21E-04,-8.68E-04,-6.05E-04,-3.67E-04,-4.81E-04,-3.30E-04,-2.88E-04,-5.10E-04,-6.16E-04,-8.85E-04,-5.79E-04,-8.17E-04,-7.31E-04,-5.87E-04,-5.87E-04
2458,-6.85E-04,-6.37E-04,-6.59E-04,-6.63E-04,-7.14E-04,-5.31E-04,-8.98E-04,-6.29E-04,-3.82E-04,-4.93E-04,-3.53E-04,-3.19E-04,-5.24E-04,-6.31E-04,-8.97E-04,-5.94E-04,-8.47E-04,-7.55E-04,-5.98E-04,-5.94E-04
2459,-6.89E-04,-6.68E-04,-6.75E-04,-6.78E-04,-7.33E-04,-5.38E-04,-9.26E-04,-6.51E-04,-3.95E-04,-5.04E-04,-3.73E-04,-3.49E-04,-5.38E-04,-6.44E-04,-9.06E-04,-6.07E-04,-8.77E-04,-7.77E-04,-6.07E-04,-5.97E-04
2460,-6.95E-04,-6.98E-04,-6.89E-04,-6.92E-04,-7.50E-04,-5.44E-04,-9.50E-04,-6.71E-04,-4.07E-04,-5.14E-04,-3.89E-04,-3.78E-04,-5.53E-04,-6.55E-04,-9.15E-04,-6.17E-04,-9.07E-04,-7.97E-04,-6.12E-04,-5.98E-04
2461,-7.02E-04,-7.26E-04,-7.02E-04,-7.05E-04,-7.67E-04,-5.48E-04,-9.73E-04,-6.89E-04,-4.18E-04,-5.21E-04,-4.03E-04,-4.06E-04,-5.68E-04,-6.66E-04,-9.22E-04,-6.25E-04,-9.36E-04,-8.16E-04,-6.15E-04,-5.95E-04
2462,-7.12E-04,-7.53E-04,-7.14E-04,-7.17E-04,-7.83E-04,-5.50E-04,-9.95E-04,-7.05E-04,-4.28E-04,-5.28E-04,-4.14E-04,-4.33E-04,-5.83E-04,-6.76E-04,-9.27E-04,-6.31E-04,-9.65E-04,-8.32E-04,-6.14E-04,-5.90E-04
2463,-7.24E-04,-7.79E-04,-7.25E-04,-7.27E-04,-7.98E-04,-5.51E-04,-1.02E-03,-7.20E-04,-4.36E-04,-5.33E-04,-4.23E-04,-4.59E-04,-5.98E-04,-6.86E-04,-9.32E-04,-6.36E-04,-9.93E-04,-8.47E-04,-6.11E-04,-5.83E-04
2464,-7.39E-04,-8.03E-04,-7.35E-04,-7.37E-04,-8.13E-04,-5.52E-04,-1.04E-03,-7.35E-04,-4.44E-04,-5.36E-04,-4.31E-04,-4.84E-04,-6.13E-04,-6.97E-04,-9.36E-04,-6.38E-04,-1.02E-03,-8.58E-04,-6.05E-04,-5.75E-04
2465,-7.56E-04,-8.26E-04,-7.45E-04,-7.45E-04,-8.27E-04,-5.51E-04,-1.06E-03,-7.49E-04,-4.52E-04,-5.38E-04,-4.38E-04,-5.08E-04,-6.28E-04,-7.07E-04,-9.39E-04,-6.38E-04,-1.05E-03,-8.67E-04,-5.96E-04,-5.65E-04
2466,-7.74E-04,-8.47E-04,-7.55E-04,-7.52E-04,-8.39E-04,-5.51E-04,-1.08E-03,-7.63E-04,-4.59E-04,-5.39E-04,-4.45E-04,-5.31E-04,-6.42E-04,-7.17E-04,-9.41E-04,-6.38E-04,-1.07E-03,-8.73E-04,-5.86E-04,-5.54E-04
2467,-7.94E-04,-8.66E-04,-7.65E-04,-7.58E-04,-8.50E-04,-5.50E-04,-1.10E-03,-7.78E-04,-4.66E-04,-5.39E-04,-4.53E-04,-5.54E-04,-6.55E-04,-7.27E-04,-9.42E-04,-6.36E-04,-1.09E-03,-8.77E-04,-5.74E-04,-5.41E-04
2468,-8.15E-04,-8.83E-04,-7.75E-04,-7.63E-04,-8.60E-04,-5.49E-04,-1.13E-03,-7.92E-04,-4.74E-04,-5.38E-04,-4.61E-04,-5.75E-04,-6.67E-04,-7.36E-04,-9.42E-04,-6.34E-04,-1.11E-03,-8.78E-04,-5.62E-04,-5.26E-04
2469,-8.34E-04,-8.98E-04,-7.84E-04,-7.66E-04,-8.69E-04,-5.48E-04,-1.15E-03,-8.07E-04,-4.81E-04,-5.37E-04,-4.71E-04,-5.97E-04,-6.77E-04,-7.45E-04,-9.40E-04,-6.31E-04,-1.12E-03,-8.77E-04,-5.49E-04,-5.08E-04
2470,-8.53E-04,-9.11E-04,-7.93E-04,-7.68E-04,-8.76E-04,-5.48E-04,-1.18E-03,-8.22E-04,-4.89E-04,-5.34E-04,-4.82E-04,-6.17E-04,-6.86E-04,-7.53E-04,-9.38E-04,-6.29E-04,-1.13E-03,-8.74E-04,-5.37E-04,-4.87E-04
2471,-8.69E-04,-9.22E-04,-8.01E-04,-7.69E-04,-8.82E-04,-5.48E-04,-1.20E-03,-8.37E-04,-4.97E-04,-5.32E-04,-4.95E-04,-6.36E-04,-6.92E-04,-7.59E-04,-9.33E-04,-6.26E-04,-1.14E-03,-8.69E-04,-5.25E-04,-4.61E-04
2472,-8.83E-04,-9.30E-04,-8.08E-04,-7.68E-04,-8.86E-04,-5.48E-04,-1.23E-03,-8.53E-04,-5.05E-04,-5.28E-04,-5.08E-04,-6.55E-04,-6.96E-04,-7.64E-04,-9.26E-04,-6.23E-04,-1.14E-03,-8.63E-04,-5.14E-04,-4.32E-04
2473,-8.93E-04,-9.37E-04,-8.15E-04,-7.65E-04,-8.89E-04,-5.48E-04,-1.26E-03,-8.68E-04,-5.14E-04,-5.24E-04,-5.23E-04,-6.71E-04,-6.99E-04,-7.66E-04,-9.18E-04,-6.21E-04,-1.14E-03,-8.56E-04,-5.05E-04,-3.97E-04
2474,-8.99E-04,-9.41E-04,-8.21E-04,-7.61E-04,-8.90E-04,-5.48E-04,-1.28E-03,-8.83E-04,-5.22E-04,-5.20E-04,-5.38E-04,-6.86E-04,-6.99E-04,-7.67E-04,-9.08E-04,-6.19E-04,-1.14E-03,-8.48E-04,-4.97E-04,-3.58E-04
2475,-9.01E-04,-9.44E-04,-8.25E-04,-7.56E-04,-8.90E-04,-5.48E-04,-1.31E-03,-8.97E-04,-5.30E-04,-5.16E-04,-5.52E-04,-6.99E-04,-6.97E-04,-7.65E-04,-8.95E-04,-6.17E-04,-1.13E-03,-8.40E-04,-4.91E-04,-3.13E-04
2476,-8.98E-04,-9.46E-04,-8.28E-04,-7.50E-04,-8.89E-04,-5.48E-04,-1.33E-03,-9.10E-04,-5.38E-04,-5.11E-04,-5.66E-04,-7.10E-04,-6.93E-04,-7.61E-04,-8.81E-04,-6.16E-04,-1.13E-03,-8.32E-04,-4.86E-04,-2.64E-04
2477,-8.92E-04,-9.48E-04,-8.30E-04,-7.43E-04,-8.86E-04,-5.46E-04,-1.34E-03,-9.21E-04,-5.46E-04,-5.05E-04,-5.78E-04,-7.18E-04,-6.88E-04,-7.54E-04,-8.66E-04,-6.14E-04,-1.12E-03,-8.24E-04,-4.83E-04,-2.12E-04
2478,-8.81E-04,-9.49E-04,-8.31E-04,-7.34E-04,-8.83E-04,-5.44E-04,-1.36E-03,-9.31E-04,-5.52E-04,-4.99E-04,-5.87E-04,-7.23E-04,-6.81E-04,-7.46E-04,-8.49E-04,-6.12E-04,-1.11E-03,-8.16E-04,-4.81E-04,-1.56E-04
2479,-8.67E-04,-9.50E-04,-8.31E-04,-7.25E-04,-8.79E-04,-5.40E-04,-1.37E-03,-9.39E-04,-5.58E-04,-4.92E-04,-5.94E-04,-7.24E-04,-6.74E-04,-7.35E-04,-8.31E-04,-6.09E-04,-1.10E-03,-8.08E-04,-4.80E-04,-1.00E-04
2480,-8.51E-04,-9.52E-04,-8.29E-04,-7.15E-04,-8.74E-04,-5.35E-04,-1.38E-03,-9.45E-04,-5.62E-04,-4.84E-04,-5.97E-04,-7.23E-04,-6.65E-04,-7.23E-04,-8.13E-04,-6.06E-04,-1.08E-03,-8.01E-04,-4.79E-04,-4.41E-05
2481,-8.32E-04,-9.55E-04,-8.27E-04,-7.05E-04,-8.69E-04,-5.29E-04,-1.38E-03,-9.49E-04,-5.65E-04,-4.75E-04,-5.96E-04,-7.18E-04,-6.56E-04,-7.09E-04,-7.94E-04,-6.02E-04,-1.07E-03,-7.94E-04,-4.79E-04,9.81E-06
2482,-8.12E-04,-9.58E-04,-8.23E-04,-6.94E-04,-8.63E-04,-5.21E-04,-1.38E-03,-9.50E-04,-5.67E-04,-4.65E-04,-5.92E-04,-7.10E-04,-6.47E-04,-6.95E-04,-7.76E-04,-5.97E-04,-1.07E-03,-7.86E-04,-4.78E-04,5.99E-05
2483,-7.92E-04,-9.63E-04,-8.19E-04,-6.83E-04,-8.57E-04,-5.12E-04,-1.37E-03,-9.50E-04,-5.68E-04,-4.54E-04,-5.85E-04,-7.00E-04,-6.37E-04,-6.80E-04,-7.58E-04,-5.91E-04,-1.06E-03,-7.79E-04,-4.76E-04,1.04E-04
2484,-7.72E-04,-9.68E-04,-8.14E-04,-6.71E-04,-8.50E-04,-5.01E-04,-1.36E-03,-9.48E-04,-5.67E-04,-4.42E-04,-5.74E-04,-6.87E-04,-6.28E-04,-6.65E-04,-7.41E-04,-5.83E-04,-1.05E-03,-7.71E-04,-4.73E-04,1.42E-04
2485,-7.53E-04,-9.74E-04,-8.07E-04,-6.59E-04,-8.42E-04,-4.89E-04,-1.36E-03,-9.44E-04,-5.65E-04,-4.29E-04,-5.61E-04,-6.73E-04,-6.18E-04,-6.50E-04,-7.26E-04,-5.74E-04,-1.04E-03,-7.63E-04,-4.69E-04,1.71E-04
2486,-7.36E-04,-9.81E-04,-8.01E-04,-6.47E-04,-8.34E-04,-4.76E-04,-1.34E-03,-9.38E-04,-5.62E-04,-4.15E-04,-5.46E-04,-6.58E-04,-6.09E-04,-6.36E-04,-7.11E-04,-5.63E-04,-1.03E-03,-7.54E-04,-4.64E-04,1.91E-04
2487,-7.22E-04,-9.87E-04,-7.93E-04,-6.34E-04,-8.25E-04,-4.62E-04,-1.33E-03,-9.31E-04,-5.58E-04,-4.01E-04,-5.29E-04,-6.41E-04,-6.00E-04,-6.23E-04,-6.98E-04,-5.51E-04,-1.03E-03,-7.44E-04,-4.58E-04,2.01E-04
2488,-7.10E-04,-9.92E-04,-7.86E-04,-6.22E-04,-8.16E-04,-4.48E-04,-1.32E-03,-9.23E-04,-5.54E-04,-3.85E-04,-5.12E-04,-6.25E-04,-5.91E-04,-6.11E-04,-6.86E-04,-5.38E-04,-1.02E-03,-7.34E-04,-4.50E-04,2.02E-04
2489,-7.00E-04,-9.96E-04,-7.77E-04,-6.09E-04,-8.06E-04,-4.34E-04,-1.31E-03,-9.15E-04,-5.48E-04,-3.70E-04,-4.96E-04,-6.10E-04,-5.82E-04,-6.00E-04,-6.76E-04,-5.24E-04,-1.01E-03,-7.24E-04,-4.41E-04,1.94E-04
2490,-6.93E-04,-9.97E-04,-7.68E-04,-5.96E-04,-7.95E-04,-4.20E-04,-1.29E-03,-9.05E-04,-5.43E-04,-3.54E-04,-4.80E-04,-5.95E-04,-5.74E-04,-5.90E-04,-6.67E-04,-5.10E-04,-1.00E-03,-7.13E-04,-4.32E-04,1.77E-04
2491,-6.89E-04,-9.97E-04,-7.58E-04,-5.83E-04,-7.83E-04,-4.07E-04,-1.28E-03,-8.96E-04,-5.37E-04,-3.39E-04,-4.66E-04,-5.82E-04,-5.65E-04,-5.82E-04,-6.59E-04,-4.95E-04,-9.90E-04,-7.02E-04,-4.22E-04,1.54E-04
2492,-6.86E-04,-9.93E-04,-7.48E-04,-5.69E-04,-7.71E-04,-3.94E-04,-1.27E-03,-8.87E-04,-5.32E-04,-3.23E-04,-4.54E-04,-5.71E-04,-5.57E-04,-5.74E-04,-6.51E-04,-4.80E-04,-9.78E-04,-6.91E-04,-4.12E-04,1.26E-04
2493,-6.85E-04,-9.87E-04,-7.37E-04,-5.56E-04,-7.59E-04,-3.83E-04,-1.26E-03,-8.78E-04,-5.26E-04,-3.09E-04,-4.44E-04,-5.61E-04,-5.49E-04,-5.67E-04,-6.44E-04,-4.65E-04,-9.65E-04,-6.81E-04,-4.02E-04,9.51E-05
2494,-6.86E-04,-9.77E-04,-7.26E-04,-5.43E-04,-7.46E-04,-3.72E-04,-1.26E-03,-8.69E-04,-5.21E-04,-2.95E-04,-4.36E-04,-5.54E-04,-5.41E-04,-5.60E-04,-6.38E-04,-4.50E-04,-9.50E-04,-6.71E-04,-3.92E-04,6.33E-05
2495,-6.87E-04,-9.64E-04,-7.14E-04,-5.30E-04,-7.32E-04,-3.63E-04,-1.25E-03,-8.61E-04,-5.16E-04,-2.82E-04,-4.31E-04,-5.48E-04,-5.33E-04,-5.54E-04,-6.31E-04,-4.37E-04,-9.33E-04,-6.63E-04,-3.82E-04,3.27E-05
2496,-6.87E-04,-9.48E-04,-7.02E-04,-5.17E-04,-7.18E-04,-3.56E-04,-1.24E-03,-8.53E-04,-5.12E-04,-2.70E-04,-4.27E-04,-5.44E-04,-5.25E-04,-5.48E-04,-6.24E-04,-4.24E-04,-9.15E-04,-6.56E-04,-3.74E-04,5.50E-06
2497,-6.87E-04,-9.29E-04,-6.90E-04,-5.04E-04,-7.04E-04,-3.49E-04,-1.24E-03,-8.45E-04,-5.08E-04,-2.59E-04,-4.25E-04,-5.41E-04,-5.17E-04,-5.41E-04,-6.17E-04,-4.12E-04,-8.97E-04,-6.50E-04,-3.66E-04,-1.65E-05
2498,-6.86E-04,-9.09E-04,-6.78E-04,-4.91E-04,-6.90E-04,-3.44E-04,-1.23E-03,-8.37E-04,-5.04E-04,-2.50E-04,-4.24E-04,-5.39E-04,-5.09E-04,-5.34E-04,-6.09E-04,-4.02E-04,-8.78E-04,-6.46E-04,-3.59E-04,-3.16E-05
2499,-6.84E-04,-8.87E-04,-6.65E-04,-4.79E-04,-6.77E-04,-3.40E-04,-1.22E-03,-8.30E-04,-5.00E-04,-2.41E-04,-4.23E-04,-5.38E-04,-5.01E-04,-5.27E-04,-5.99E-04,-3.92E-04,-8.59E-04,-6.43E-04,-3.52E-04,-3.88E-05
2500,-6.79E-04,-8.64E-04,-6.53E-04,-4.67E-04,-6.63E-04,-3.36E-04,-1.22E-03,-8.22E-04,-4.97E-04,-2.33E-04,-4.22E-04,-5.36E-04,-4.92E-04,-5.18E-04,-5.89E-04,-3.83E-04,-8.40E-04,-6.41E-04,-3.46E-04,-3.73E-05
2501,-6.72E-04,-8.42E-04,-6.40E-04,-4.55E-04,-6.49E-04,-3.32E-04,-1.21E-03,-8.14E-04,-4.93E-04,-2.25E-04,-4.21E-04,-5.34E-04,-4.84E-04,-5.09E-04,-5.78E-04,-3.74E-04,-8.22E-04,-6.41E-04,-3.41E-04,-2.69E-05
2502,-6.62E-04,-8.21E-04,-6.27E-04,-4.43E-04,-6.36E-04,-3.29E-04,-1.19E-03,-8.06E-04,-4.89E-04,-2.18E-04,-4.19E-04,-5.31E-04,-4.75E-04,-4.98E-04,-5.65E-04,-3.66E-04,-8.05E-04,-6.41E-04,-3.36E-04,-7.93E-06
2503,-6.50E-04,-8.01E-04,-6.14E-04,-4.31E-04,-6.23E-04,-3.25E-04,-1.18E-03,-7.97E-04,-4.84E-04,-2.11E-04,-4.15E-04,-5.27E-04,-4.65E-04,-4.87E-04,-5.52E-04,-3.58E-04,-7.88E-04,-6.41E-04,-3.30E-04,1.88E-05
2504,-6.36E-04,-7.84E-04,-6.01E-04,-4.19E-04,-6.09E-04,-3.21E-04,-1.16E-03,-7.87E-04,-4.79E-04,-2.04E-04,-4.10E-04,-5.21E-04,-4.55E-04,-4.74E-04,-5.37E-04,-3.49E-04,-7.72E-04,-6.40E-04,-3.25E-04,5.21E-05
2505,-6.19E-04,-7.69E-04,-5.88E-04,-4.07E-04,-5.96E-04,-3.16E-04,-1.15E-03,-7.76E-04,-4.73E-04,-1.96E-04,-4.04E-04,-5.15E-04,-4.44E-04,-4.60E-04,-5.21E-04,-3.40E-04,-7.58E-04,-6.39E-04,-3.19E-04,9.04E-05
2506,-5.99E-04,-7.57E-04,-5.75E-04,-3.94E-04,-5.82E-04,-3.10E-04,-1.13E-03,-7.64E-04,-4.66E-04,-1.88E-04,-3.96E-04,-5.07E-04,-4.32E-04,-4.45E-04,-5.04E-04,-3.29E-04,-7.44E-04,-6.37E-04,-3.12E-04,1.32E-04
2507,-5.78E-04,-7.49E-04,-5.61E-04,-3.81E-04,-5.68E-04,-3.03E-04,-1.11E-03,-7.51E-04,-4.59E-04,-1.80E-04,-3.87E-04,-4.97E-04,-4.19E-04,-4.29E-04,-4.86E-04,-3.16E-04,-7.30E-04,-6.33E-04,-3.04E-04,1.75E-04
2508,-5.54E-04,-7.43E-04,-5.47E-04,-3.68E-04,-5.53E-04,-2.95E-04,-1.09E-03,-7.36E-04,-4.50E-04,-1.70E-04,-3.78E-04,-4.87E-04,-4.05E-04,-4.13E-04,-4.68E-04,-3.02E-04,-7.16E-04,-6.28E-04,-2.96E-04,2.17E-04
2509,-5.29E-04,-7.39E-04,-5.32E-04,-3.53E-04,-5.38E-04,-2.86E-04,-1.07E-03,-7.20E-04,-4.41E-04,-1.60E-04,-3.69E-04,-4.76E-04,-3.90E-04,-3.96E-04,-4.49E-04,-2.86E-04,-7.02E-04,-6.20E-04,-2.86E-04,2.56E-04
2510,-5.03E-04,-7.38E-04,-5.17E-04,-3.38E-04,-5.22E-04,-2.75E-04,-1.05E-03,-7.03E-04,-4.32E-04,-1.49E-04,-3.59E-04,-4.65E-04,-3.74E-04,-3.78E-04,-4.29E-04,-2.67E-04,-6.88E-04,-6.11E-04,-2.76E-04,2.91E-04
2511,-4.76E-04,-7.38E-04,-5.01E-04,-3.23E-04,-5.06E-04,-2.64E-04,-1.02E-03,-6.85E-04,-4.21E-04,-1.37E-04,-3.51E-04,-4.54E-04,-3.57E-04,-3.60E-04,-4.10E-04,-2.47E-04,-6.72E-04,-6.00E-04,-2.65E-04,3.21E-04
2512,-4.48E-04,-7.39E-04,-4.84E-04,-3.07E-04,-4.89E-04,-2.52E-04,-1.00E-03,-6.66E-04,-4.10E-04,-1.24E-04,-3.43E-04,-4.44E-04,-3.40E-04,-3.41E-04,-3.91E-04,-2.25E-04,-6.56E-04,-5.88E-04,-2.53E-04,3.44E-04
2513,-4.20E-04,-7.40E-04,-4.67E-04,-2.90E-04,-4.71E-04,-2.39E-04,-9.84E-04,-6.47E-04,-3.99E-04,-1.11E-04,-3.37E-04,-4.34E-04,-3.23E-04,-3.23E-04,-3.72E-04,-2.01E-04,-6.37E-04,-5.74E-04,-2.40E-04,3.59E-04
2514,-3.91E-04,-7.40E-04,-4.49E-04,-2.73E-04,-4.52E-04,-2.26E-04,-9.65E-04,-6.26E-04,-3.89E-04,-9.85E-05,-3.32E-04,-4.25E-04,-3.06E-04,-3.05E-04,-3.54E-04,-1.76E-04,-6.17E-04,-5.60E-04,-2.28E-04,3.67E-04
2515,-3.64E-04,-7.39E-04,-4.31E-04,-2.56E-04,-4.33E-04,-2.14E-04,-9.46E-04,-6.06E-04,-3.78E-04,-8.59E-05,-3.29E-04,-4.17E-04,-2.89E-04,-2.88E-04,-3.38E-04,-1.50E-04,-5.96E-04,-5.46E-04,-2.15E-04,3.67E-04
2516,-3.36E-04,-7.37E-04,-4.13E-04,-2.38E-04,-4.14E-04,-2.01E-04,-9.29E-04,-5.86E-04,-3.68E-04,-7.38E-05,-3.27E-04,-4.11E-04,-2.73E-04,-2.71E-04,-3.23E-04,-1.24E-04,-5.73E-04,-5.33E-04,-2.02E-04,3.60E-04
2517,-3.10E-04,-7.32E-04,-3.96E-04,-2.22E-04,-3.95E-04,-1.90E-04,-9.11E-04,-5.66E-04,-3.58E-04,-6.25E-05,-3.27E-04,-4.06E-04,-2.58E-04,-2.56E-04,-3.09E-04,-9.83E-05,-5.50E-04,-5.21E-04,-1.89E-04,3.46E-04
2518,-2.85E-04,-7.25E-04,-3.79E-04,-2.06E-04,-3.77E-04,-1.79E-04,-8.95E-04,-5.47E-04,-3.49E-04,-5.23E-05,-3.27E-04,-4.02E-04,-2.44E-04,-2.41E-04,-2.97E-04,-7.39E-05,-5.25E-04,-5.10E-04,-1.77E-04,3.27E-04
2519,-2.61E-04,-7.16E-04,-3.63E-04,-1.91E-04,-3.59E-04,-1.70E-04,-8.78E-04,-5.29E-04,-3.41E-04,-4.35E-05,-3.28E-04,-3.98E-04,-2.33E-04,-2.28E-04,-2.87E-04,-5.11E-05,-5.00E-04,-5.01E-04,-1.65E-04,3.04E-04
2520,-2.39E-04,-7.04E-04,-3.49E-04,-1.77E-04,-3.42E-04,-1.61E-04,-8.61E-04,-5.11E-04,-3.34E-04,-3.63E-05,-3.29E-04,-3.96E-04,-2.24E-04,-2.16E-04,-2.78E-04,-3.06E-05,-4.76E-04,-4.95E-04,-1.54E-04,2.78E-04
2521,-2.19E-04,-6.90E-04,-3.36E-04,-1.64E-04,-3.26E-04,-1.55E-04,-8.45E-04,-4.96E-04,-3.28E-04,-3.07E-05,-3.29E-04,-3.93E-04,-2.16E-04,-2.06E-04,-2.71E-04,-1.27E-05,-4.52E-04,-4.91E-04,-1.43E-04,2.50E-04
2522,-2.02E-04,-6.74E-04,-3.25E-04,-1.54E-04,-3.12E-04,-1.49E-04,-8.28E-04,-4.81E-04,-3.24E-04,-2.68E-05,-3.29E-04,-3.91E-04,-2.11E-04,-1.98E-04,-2.66E-04,2.21E-06,-4.29E-04,-4.89E-04,-1.34E-04,2.22E-04
2523,-1.86E-04,-6.58E-04,-3.15E-04,-1.44E-04,-2.99E-04,-1.45E-04,-8.11E-04,-4.68E-04,-3.20E-04,-2.46E-05,-3.27E-04,-3.88E-04,-2.09E-04,-1.91E-04,-2.63E-04,1.40E-05,-4.09E-04,-4.90E-04,-1.24E-04,1.96E-04
2524,-1.73E-04,-6.40E-04,-3.08E-04,-1.37E-04,-2.88E-04,-1.42E-04,-7.94E-04,-4.57E-04,-3.17E-04,-2.40E-05,-3.24E-04,-3.86E-04,-2.08E-04,-1.86E-04,-2.60E-04,2.27E-05,-3.90E-04,-4.92E-04,-1.16E-04,1.71E-04
2525,-1.62E-04,-6.23E-04,-3.02E-04,-1.30E-04,-2.78E-04,-1.40E-04,-7.76E-04,-4.47E-04,-3.15E-04,-2.48E-05,-3.20E-04,-3.82E-04,-2.08E-04,-1.82E-04,-2.58E-04,2.84E-05,-3.73E-04,-4.96E-04,-1.08E-04,1.48E-04
2526,-1.53E-04,-6.06E-04,-2.98E-04,-1.25E-04,-2.70E-04,-1.39E-04,-7.59E-04,-4.38E-04,-3.14E-04,-2.68E-05,-3.14E-04,-3.78E-04,-2.10E-04,-1.79E-04,-2.56E-04,3.14E-05,-3.59E-04,-5.01E-04,-1.01E-04,1.29E-04
2527,-1.47E-04,-5.90E-04,-2.95E-04,-1.21E-04,-2.63E-04,-1.38E-04,-7.42E-04,-4.31E-04,-3.13E-04,-2.96E-05,-3.07E-04,-3.73E-04,-2.12E-04,-1.77E-04,-2.53E-04,3.22E-05,-3.48E-04,-5.05E-04,-9.47E-05,1.12E-04
2528,-1.41E-04,-5.74E-04,-2.92E-04,-1.18E-04,-2.57E-04,-1.38E-04,-7.25E-04,-4.24E-04,-3.12E-04,-3.31E-05,-2.98E-04,-3.67E-04,-2.14E-04,-1.76E-04,-2.51E-04,3.14E-05,-3.39E-04,-5.09E-04,-8.88E-05,9.91E-05
2529,-1.37E-04,-5.60E-04,-2.91E-04,-1.15E-04,-2.53E-04,-1.38E-04,-7.09E-04,-4.19E-04,-3.12E-04,-3.68E-05,-2.89E-04,-3.61E-04,-2.16E-04,-1.75E-04,-2.47E-04,2.97E-05,-3.32E-04,-5.12E-04,-8.35E-05,8.86E-05
2530,-1.34E-04,-5.48E-04,-2.89E-04,-1.12E-04,-2.48E-04,-1.38E-04,-6.94E-04,-4.13E-04,-3.11E-04,-4.06E-05,-2.79E-04,-3.54E-04,-2.18E-04,-1.75E-04,-2.42E-04,2.78E-05,-3.26E-04,-5.14E-04,-7.86E-05,8.02E-05
2531,-1.32E-04,-5.36E-04,-2.88E-04,-1.09E-04,-2.45E-04,-1.37E-04,-6.79E-04,-4.08E-04,-3.10E-04,-4.40E-05,-2.69E-04,-3.47E-04,-2.17E-04,-1.73E-04,-2.36E-04,2.64E-05,-3.23E-04,-5.12E-04,-7.43E-05,7.34E-05
2532,-1.30E-04,-5.26E-04,-2.85E-04,-1.05E-04,-2.41E-04,-1.36E-04,-6.66E-04,-4.02E-04,-3.09E-04,-4.70E-05,-2.59E-04,-3.40E-04,-2.15E-04,-1.72E-04,-2.28E-04,2.63E-05,-3.20E-04,-5.09E-04,-7.04E-05,6.74E-05
2533,-1.27E-04,-5.16E-04,-2.82E-04,-1.00E-04,-2.37E-04,-1.34E-04,-6.53E-04,-3.96E-04,-3.07E-04,-4.92E-05,-2.49E-04,-3.34E-04,-2.12E-04,-1.69E-04,-2.19E-04,2.79E-05,-3.17E-04,-5.02E-04,-6.70E-05,6.16E-05
2534,-1.24E-04,-5.07E-04,-2.77E-04,-9.47E-05,-2.32E-04,-1.32E-04,-6.41E-04,-3.89E-04,-3.05E-04,-5.07E-05,-2.40E-04,-3.27E-04,-2.06E-04,-1.66E-04,-2.10E-04,3.19E-05,-3.15E-04,-4.92E-04,-6.40E-05,5.54E-05
2535,-1.19E-04,-4.98E-04,-2.72E-04,-8.77E-05,-2.27E-04,-1.28E-04,-6.29E-04,-3.81E-04,-3.02E-04,-5.13E-05,-2.32E-04,-3.21E-04,-1.98E-04,-1.62E-04,-1.99E-04,3.85E-05,-3.12E-04,-4.80E-04,-6.15E-05,4.83E-05
2536,-1.14E-04,-4.89E-04,-2.64E-04,-7.97E-05,-2.21E-04,-1.24E-04,-6.18E-04,-3.73E-04,-2.98E-04,-5.10E-05,-2.24E-04,-3.15E-04,-1.89E-04,-1.56E-04,-1.88E-04,4.80E-05,-3.08E-04,-4.65E-04,-5.94E-05,3.99E-05
2537,-1.06E-04,-4.80E-04,-2.56E-04,-7.06E-05,-2.15E-04,-1.20E-04,-6.06E-04,-3.63E-04,-2.94E-04,-5.00E-05,-2.17E-04,-3.10E-04,-1.78E-04,-1.50E-04,-1.77E-04,6.02E-05,-3.03E-04,-4.48E-04,-5.78E-05,3.02E-05
2538,-9.77E-05,-4.70E-04,-2.46E-04,-6.08E-05,-2.08E-04,-1.14E-04,-5.94E-04,-3.52E-04,-2.89E-04,-4.84E-05,-2.10E-04,-3.05E-04,-1.67E-04,-1.43E-04,-1.67E-04,7.50E-05,-2.96E-04,-4.29E-04,-5.66E-05,1.92E-05
2539,-8.72E-05,-4.59E-04,-2.36E-04,-5.04E-05,-2.00E-04,-1.09E-04,-5.82E-04,-3.40E-04,-2.84E-04,-4.64E-05,-2.03E-04,-3.00E-04,-1.55E-04,-1.35E-04,-1.57E-04,9.19E-05,-2.88E-04,-4.10E-04,-5.59E-05,7.30E-06
2540,-7.50E-05,-4.48E-04,-2.26E-04,-3.98E-05,-1.92E-04,-1.03E-04,-5.68E-04,-3.28E-04,-2.78E-04,-4.42E-05,-1.95E-04,-2.96E-04,-1.43E-04,-1.28E-04,-1.50E-04,1.10E-04,-2.79E-04,-3.90E-04,-5.57E-05,-4.96E-06
2541,-6.14E-05,-4.36E-04,-2.15E-04,-2.94E-05,-1.84E-04,-9.81E-05,-5.53E-04,-3.15E-04,-2.73E-04,-4.22E-05,-1.88E-04,-2.91E-04,-1.32E-04,-1.20E-04,-1.44E-04,1.30E-04,-2.68E-04,-3.71E-04,-5.61E-05,-1.69E-05
2542,-4.65E-05,-4.25E-04,-2.06E-04,-1.96E-05,-1.76E-04,-9.32E-05,-5.38E-04,-3.03E-04,-2.67E-04,-4.06E-05,-1.79E-04,-2.85E-04,-1.22E-04,-1.13E-04,-1.41E-04,1.49E-04,-2.56E-04,-3.53E-04,-5.71E-05,-2.76E-05
2543,-3.06E-05,-4.14E-04,-1.97E-04,-1.08E-05,-1.69E-04,-8.90E-05,-5.21E-04,-2.90E-04,-2.62E-04,-3.96E-05,-1.70E-04,-2.79E-04,-1.14E-04,-1.07E-04,-1.40E-04,1.67E-04,-2.43E-04,-3.37E-04,-5.89E-05,-3.62E-05
2544,-1.40E-05,-4.04E-04,-1.90E-04,-3.37E-06,-1.63E-04,-8.57E-05,-5.04E-04,-2.79E-04,-2.57E-04,-3.95E-05,-1.60E-04,-2.73E-04,-1.09E-04,-1.02E-04,-1.42E-04,1.83E-04,-2.29E-04,-3.23E-04,-6.15E-05,-4.19E-05
2545,3.06E-06,-3.95E-04,-1.85E-04,2.45E-06,-1.58E-04,-8.35E-05,-4.87E-04,-2.68E-04,-2.54E-04,-4.06E-05,-1.49E-04,-2.65E-04,-1.06E-04,-9.94E-05,-1.46E-04,1.97E-04,-2.16E-04,-3.12E-04,-6.52E-05,-4.37E-05
2546,2.01E-05,-3.87E-04,-1.82E-04,6.38E-06,-1.54E-04,-8.26E-05,-4.70E-04,-2.60E-04,-2.51E-04,-4.30E-05,-1.38E-04,-2.57E-04,-1.05E-04,-9.86E-05,-1.51E-04,2.07E-04,-2.03E-04,-3.05E-04,-7.00E-05,-4.12E-05
2547,3.67E-05,-3.82E-04,-1.81E-04,8.28E-06,-1.52E-04,-8.31E-05,-4.54E-04,-2.53E-04,-2.49E-04,-4.69E-05,-1.27E-04,-2.48E-04,-1.07E-04,-1.00E-04,-1.59E-04,2.13E-04,-1.92E-04,-3.01E-04,-7.62E-05,-3.37E-05
2548,5.26E-05,-3.80E-04,-1.83E-04,8.07E-06,-1.52E-04,-8.52E-05,-4.40E-04,-2.49E-04,-2.49E-04,-5.24E-05,-1.17E-04,-2.39E-04,-1.12E-04,-1.04E-04,-1.67E-04,2.15E-04,-1.82E-04,-3.01E-04,-8.39E-05,-2.12E-05
2549,6.74E-05,-3.81E-04,-1.87E-04,5.77E-06,-1.54E-04,-8.88E-05,-4.28E-04,-2.47E-04,-2.50E-04,-5.94E-05,-1.08E-04,-2.29E-04,-1.19E-04,-1.10E-04,-1.76E-04,2.12E-04,-1.74E-04,-3.05E-04,-9.33E-05,-3.88E-06
2550,8.07E-05,-3.84E-04,-1.93E-04,1.48E-06,-1.58E-04,-9.41E-05,-4.20E-04,-2.48E-04,-2.53E-04,-6.80E-05,-1.02E-04,-2.19E-04,-1.28E-04,-1.19E-04,-1.85E-04,2.04E-04,-1.70E-04,-3.12E-04,-1.05E-04,1.78E-05
2551,9.23E-05,-3.90E-04,-2.02E-04,-4.65E-06,-1.64E-04,-1.01E-04,-4.16E-04,-2.52E-04,-2.58E-04,-7.81E-05,-9.76E-05,-2.10E-04,-1.38E-04,-1.30E-04,-1.93E-04,1.91E-04,-1.68E-04,-3.22E-04,-1.18E-04,4.31E-05
2552,1.02E-04,-3.99E-04,-2.12E-04,-1.24E-05,-1.73E-04,-1.09E-04,-4.15E-04,-2.59E-04,-2.63E-04,-8.96E-05,-9.65E-05,-2.02E-04,-1.50E-04,-1.42E-04,-2.00E-04,1.75E-04,-1.70E-04,-3.35E-04,-1.33E-04,7.09E-05
2553,1.09E-04,-4.10E-04,-2.23E-04,-2.15E-05,-1.83E-04,-1.19E-04,-4.20E-04,-2.68E-04,-2.71E-04,-1.02E-04,-9.88E-05,-1.95E-04,-1.61E-04,-1.57E-04,-2.06E-04,1.55E-04,-1.75E-04,-3.51E-04,-1.50E-04,9.99E-05
2554,1.13E-04,-4.23E-04,-2.36E-04,-3.18E-05,-1.96E-04,-1.30E-04,-4.29E-04,-2.80E-04,-2.79E-04,-1.16E-04,-1.05E-04,-1.90E-04,-1.73E-04,-1.73E-04,-2.10E-04,1.32E-04,-1.84E-04,-3.68E-04,-1.69E-04,1.29E-04
2555,1.14E-04,-4.37E-04,-2.49E-04,-4.29E-05,-2.10E-04,-1.42E-04,-4.43E-04,-2.94E-04,-2.89E-04,-1.30E-04,-1.14E-04,-1.87E-04,-1.83E-04,-1.90E-04,-2.12E-04,1.07E-04,-1.97E-04,-3.87E-04,-1.89E-04,1.55E-04
2556,1.12E-04,-4.51E-04,-2.62E-04,-5.47E-05,-2.26E-04,-1.55E-04,-4.61E-04,-3.09E-04,-2.99E-04,-1.45E-04,-1.26E-04,-1.86E-04,-1.93E-04,-2.07E-04,-2.13E-04,8.11E-05,-2.14E-04,-4.06E-04,-2.11E-04,1.78E-04
2557,1.06E-04,-4.66E-04,-2.76E-04,-6.69E-05,-2.44E-04,-1.69E-04,-4.83E-04,-3.26E-04,-3.11E-04,-1.61E-04,-1.41E-04,-1.88E-04,-2.02E-04,-2.25E-04,-2.12E-04,5.48E-05,-2.34E-04,-4.25E-04,-2.33E-04,1.96E-04
2558,9.69E-05,-4.79E-04,-2.89E-04,-7.94E-05,-2.62E-04,-1.83E-04,-5.08E-04,-3.44E-04,-3.22E-04,-1.76E-04,-1.58E-04,-1.92E-04,-2.10E-04,-2.42E-04,-2.11E-04,2.91E-05,-2.57E-04,-4.44E-04,-2.56E-04,2.07E-04
2559,8.39E-05,-4.91E-04,-3.02E-04,-9.19E-05,-2.81E-04,-1.97E-04,-5.35E-04,-3.62E-04,-3.34E-04,-1.92E-04,-1.76E-04,-1.98E-04,-2.16E-04,-2.60E-04,-2.09E-04,4.64E-06,-2.82E-04,-4.62E-04,-2.78E-04,2.10E-04
2560,6.73E-05,-5.01E-04,-3.15E-04,-1.05E-04,-3.01E-04,-2.12E-04,-5.62E-04,-3.81E-04,-3.45E-04,-2.07E-04,-1.93E-04,-2.06E-04,-2.22E-04,-2.76E-04,-2.07E-04,-1.80E-05,-3.10E-04,-4.78E-04,-3.00E-04,2.03E-04
2561,4.71E-05,-5.09E-04,-3.27E-04,-1.17E-04,-3.20E-04,-2.26E-04,-5.90E-04,-3.99E-04,-3.56E-04,-2.22E-04,-2.09E-04,-2.15E-04,-2.26E-04,-2.92E-04,-2.07E-04,-3.83E-05,-3.38E-04,-4.92E-04,-3.20E-04,1.87E-04
2562,2.38E-05,-5.14E-04,-3.39E-04,-1.29E-04,-3.40E-04,-2.40E-04,-6.17E-04,-4.17E-04,-3.66E-04,-2.36E-04,-2.22E-04,-2.25E-04,-2.29E-04,-3.06E-04,-2.07E-04,-5.61E-05,-3.67E-04,-5.05E-04,-3.38E-04,1.61E-04
2563,-2.20E-06,-5.17E-04,-3.51E-04,-1.42E-04,-3.59E-04,-2.54E-04,-6.41E-04,-4.33E-04,-3.75E-04,-2.49E-04,-2.32E-04,-2.37E-04,-2.32E-04,-3.19E-04,-2.10E-04,-7.12E-05,-3.96E-04,-5.15E-04,-3.53E-04,1.25E-04
2564,-3.03E-05,-5.18E-04,-3.62E-04,-1.53E-04,-3.77E-04,-2.66E-04,-6.63E-04,-4.49E-04,-3.84E-04,-2.61E-04,-2.39E-04,-2.48E-04,-2.34E-04,-3.31E-04,-2.15E-04,-8.37E-05,-4.23E-04,-5.22E-04,-3.64E-04,7.95E-05
2565,-5.96E-05,-5.16E-04,-3.72E-04,-1.65E-04,-3.95E-04,-2.78E-04,-6.82E-04,-4.64E-04,-3.91E-04,-2.71E-04,-2.41E-04,-2.58E-04,-2.37E-04,-3.41E-04,-2.21E-04,-9.39E-05,-4.49E-04,-5.27E-04,-3.72E-04,2.68E-05
2566,-8.92E-05,-5.13E-04,-3.82E-04,-1.76E-04,-4.10E-04,-2.88E-04,-6.97E-04,-4.77E-04,-3.97E-04,-2.81E-04,-2.39E-04,-2.68E-04,-2.39E-04,-3.49E-04,-2.30E-04,-1.02E-04,-4.73E-04,-5.30E-04,-3.75E-04,-3.19E-05
2567,-1.18E-04,-5.08E-04,-3.91E-04,-1.86E-04,-4.24E-04,-2.96E-04,-7.08E-04,-4.88E-04,-4.02E-04,-2.89E-04,-2.33E-04,-2.77E-04,-2.43E-04,-3.56E-04,-2.41E-04,-1.09E-04,-4.94E-04,-5.30E-04,-3.75E-04,-9.43E-05
2568,-1.45E-04,-5.02E-04,-4.00E-04,-1.95E-04,-4.36E-04,-3.03E-04,-7.15E-04,-4.98E-04,-4.06E-04,-2.95E-04,-2.23E-04,-2.85E-04,-2.46E-04,-3.62E-04,-2.54E-04,-1.14E-04,-5.11E-04,-5.28E-04,-3.70E-04,-1.58E-04
2569,-1.69E-04,-4.96E-04,-4.07E-04,-2.03E-04,-4.46E-04,-3.07E-04,-7.18E-04,-5.07E-04,-4.08E-04,-3.00E-04,-2.12E-04,-2.91E-04,-2.50E-04,-3.65E-04,-2.67E-04,-1.19E-04,-5.26E-04,-5.25E-04,-3.62E-04,-2.20E-04
2570,-1.88E-04,-4.89E-04,-4.13E-04,-2.09E-04,-4.53E-04,-3.10E-04,-7.18E-04,-5.14E-04,-4.09E-04,-3.04E-04,-1.99E-04,-2.96E-04,-2.55E-04,-3.67E-04,-2.81E-04,-1.24E-04,-5.36E-04,-5.20E-04,-3.50E-04,-2.77E-04
2571,-2.03E-04,-4.83E-04,-4.17E-04,-2.14E-04,-4.58E-04,-3.11E-04,-7.15E-04,-5.19E-04,-4.10E-04,-3.05E-04,-1.87E-04,-3.01E-04,-2.60E-04,-3.67E-04,-2.93E-04,-1.29E-04,-5.44E-04,-5.14E-04,-3.35E-04,-3.28E-04
2572,-2.11E-04,-4.78E-04,-4.19E-04,-2.17E-04,-4.60E-04,-3.10E-04,-7.09E-04,-5.23E-04,-4.09E-04,-3.06E-04,-1.76E-04,-3.04E-04,-2.65E-04,-3.65E-04,-3.04E-04,-1.34E-04,-5.49E-04,-5.07E-04,-3.18E-04,-3.69E-04
2573,-2.13E-04,-4.74E-04,-4.20E-04,-2.18E-04,-4.59E-04,-3.07E-04,-7.02E-04,-5.25E-04,-4.08E-04,-3.05E-04,-1.69E-04,-3.08E-04,-2.70E-04,-3.61E-04,-3.13E-04,-1.41E-04,-5.51E-04,-5.00E-04,-3.00E-04,-3.98E-04
2574,-2.07E-04,-4.71E-04,-4.18E-04,-2.16E-04,-4.56E-04,-3.01E-04,-6.92E-04,-5.26E-04,-4.06E-04,-3.03E-04,-1.67E-04,-3.13E-04,-2.75E-04,-3.56E-04,-3.18E-04,-1.48E-04,-5.52E-04,-4.94E-04,-2.81E-04,-4.13E-04
2575,-1.95E-04,-4.69E-04,-4.14E-04,-2.12E-04,-4.50E-04,-2.95E-04,-6.82E-04,-5.25E-04,-4.04E-04,-3.00E-04,-1.72E-04,-3.19E-04,-2.79E-04,-3.48E-04,-3.20E-04,-1.57E-04,-5.51E-04,-4.87E-04,-2.62E-04,-4.14E-04
2576,-1.77E-04,-4.68E-04,-4.08E-04,-2.07E-04,-4.43E-04,-2.86E-04,-6.71E-04,-5.23E-04,-4.02E-04,-2.96E-04,-1.83E-04,-3.26E-04,-2.82E-04,-3.40E-04,-3.17E-04,-1.67E-04,-5.49E-04,-4.82E-04,-2.45E-04,-4.00E-04
2577,-1.52E-04,-4.67E-04,-4.00E-04,-1.99E-04,-4.33E-04,-2.77E-04,-6.59E-04,-5.20E-04,-3.99E-04,-2.92E-04,-2.02E-04,-3.36E-04,-2.84E-04,-3.29E-04,-3.10E-04,-1.78E-04,-5.48E-04,-4.78E-04,-2.28E-04,-3.71E-04
2578,-1.23E-04,-4.67E-04,-3.90E-04,-1.89E-04,-4.23E-04,-2.67E-04,-6.47E-04,-5.15E-04,-3.97E-04,-2.88E-04,-2.29E-04,-3.48E-04,-2.85E-04,-3.18E-04,-2.98E-04,-1.89E-04,-5.47E-04,-4.75E-04,-2.14E-04,-3.28E-04
2579,-9.14E-05,-4.67E-04,-3.79E-04,-1.79E-04,-4.12E-04,-2.56E-04,-6.34E-04,-5.09E-04,-3.95E-04,-2.84E-04,-2.62E-04,-3.63E-04,-2.86E-04,-3.06E-04,-2.83E-04,-2.01E-04,-5.47E-04,-4.73E-04,-2.03E-04,-2.73E-04
2580,-5.77E-05,-4.66E-04,-3.67E-04,-1.67E-04,-4.02E-04,-2.46E-04,-6.21E-04,-5.03E-04,-3.93E-04,-2.80E-04,-3.02E-04,-3.80E-04,-2.85E-04,-2.94E-04,-2.64E-04,-2.13E-04,-5.48E-04,-4.72E-04,-1.94E-04,-2.07E-04
2581,-2.43E-05,-4.66E-04,-3.54E-04,-1.56E-04,-3.91E-04,-2.36E-04,-6.06E-04,-4.95E-04,-3.91E-04,-2.78E-04,-3.47E-04,-4.00E-04,-2.83E-04,-2.81E-04,-2.43E-04,-2.25E-04,-5.52E-04,-4.73E-04,-1.89E-04,-1.33E-04
2582,7.06E-06,-4.64E-04,-3.42E-04,-1.45E-04,-3.82E-04,-2.26E-04,-5.91E-04,-4.87E-04,-3.90E-04,-2.76E-04,-3.95E-04,-4.21E-04,-2.81E-04,-2.69E-04,-2.21E-04,-2.37E-04,-5.57E-04,-4.74E-04,-1.86E-04,-5.48E-05
2583,3.46E-05,-4.61E-04,-3.31E-04,-1.36E-04,-3.75E-04,-2.18E-04,-5.74E-04,-4.79E-04,-3.89E-04,-2.76E-04,-4.44E-04,-4.44E-04,-2.78E-04,-2.58E-04,-1.98E-04,-2.48E-04,-5.64E-04,-4.76E-04,-1.85E-04,2.49E-05
2584,5.66E-05,-4.57E-04,-3.21E-04,-1.29E-04,-3.69E-04,-2.10E-04,-5.56E-04,-4.72E-04,-3.89E-04,-2.77E-04,-4.93E-04,-4.67E-04,-2.75E-04,-2.48E-04,-1.76E-04,-2.59E-04,-5.72E-04,-4.79E-04,-1.86E-04,1.03E-04
2585,7.18E-05,-4.52E-04,-3.14E-04,-1.24E-04,-3.66E-04,-2.04E-04,-5.36E-04,-4.64E-04,-3.89E-04,-2.79E-04,-5.39E-04,-4.90E-04,-2.72E-04,-2.40E-04,-1.56E-04,-2.69E-04,-5.82E-04,-4.81E-04,-1.89E-04,1.76E-04
2586,7.94E-05,-4.46E-04,-3.10E-04,-1.22E-04,-3.66E-04,-1.99E-04,-5.15E-04,-4.58E-04,-3.89E-04,-2.84E-04,-5.81E-04,-5.13E-04,-2.69E-04,-2.34E-04,-1.39E-04,-2.78E-04,-5.91E-04,-4.84E-04,-1.93E-04,2.41E-04
2587,7.88E-05,-4.38E-04,-3.08E-04,-1.23E-04,-3.68E-04,-1.95E-04,-4.93E-04,-4.52E-04,-3.89E-04,-2.89E-04,-6.17E-04,-5.34E-04,-2.67E-04,-2.30E-04,-1.26E-04,-2.86E-04,-6.01E-04,-4.86E-04,-1.96E-04,2.96E-04
2588,7.00E-05,-4.30E-04,-3.10E-04,-1.27E-04,-3.72E-04,-1.92E-04,-4.71E-04,-4.47E-04,-3.90E-04,-2.96E-04,-6.46E-04,-5.52E-04,-2.65E-04,-2.28E-04,-1.18E-04,-2.94E-04,-6.09E-04,-4.87E-04,-1.99E-04,3.38E-04
2589,5.38E-05,-4.21E-04,-3.15E-04,-1.35E-04,-3.79E-04,-1.89E-04,-4.49E-04,-4.44E-04,-3.90E-04,-3.03E-04,-6.67E-04,-5.67E-04,-2.64E-04,-2.28E-04,-1.14E-04,-3.01E-04,-6.16E-04,-4.87E-04,-2.00E-04,3.68E-04
2590,3.13E-05,-4.11E-04,-3.22E-04,-1.45E-04,-3.87E-04,-1.86E-04,-4.27E-04,-4.42E-04,-3.89E-04,-3.11E-04,-6.81E-04,-5.79E-04,-2.63E-04,-2.29E-04,-1.15E-04,-3.06E-04,-6.21E-04,-4.86E-04,-2.00E-04,3.85E-04
2591,3.99E-06,-4.02E-04,-3.32E-04,-1.58E-04,-3.96E-04,-1.83E-04,-4.07E-04,-4.41E-04,-3.88E-04,-3.18E-04,-6.86E-04,-5.87E-04,-2.62E-04,-2.32E-04,-1.20E-04,-3.11E-04,-6.24E-04,-4.84E-04,-1.97E-04,3.89E-04
2592,-2.61E-05,-3.92E-04,-3.44E-04,-1.73E-04,-4.06E-04,-1.78E-04,-3.89E-04,-4.40E-04,-3.85E-04,-3.25E-04,-6.85E-04,-5.92E-04,-2.61E-04,-2.37E-04,-1.29E-04,-3.14E-04,-6.24E-04,-4.81E-04,-1.92E-04,3.81E-04
2593,-5.68E-05,-3.83E-04,-3.57E-04,-1.88E-04,-4.14E-04,-1.72E-04,-3.74E-04,-4.41E-04,-3.82E-04,-3.30E-04,-6.78E-04,-5.93E-04,-2.59E-04,-2.41E-04,-1.40E-04,-3.16E-04,-6.20E-04,-4.77E-04,-1.83E-04,3.64E-04
2594,-8.57E-05,-3.75E-04,-3.71E-04,-2.03E-04,-4.21E-04,-1.63E-04,-3.61E-04,-4.41E-04,-3.76E-04,-3.33E-04,-6.67E-04,-5.90E-04,-2.57E-04,-2.45E-04,-1.53E-04,-3.16E-04,-6.14E-04,-4.71E-04,-1.72E-04,3.40E-04
2595,-1.11E-04,-3.67E-04,-3.83E-04,-2.18E-04,-4.25E-04,-1.50E-04,-3.52E-04,-4.40E-04,-3.69E-04,-3.33E-04,-6.53E-04,-5.84E-04,-2.53E-04,-2.49E-04,-1.66E-04,-3.14E-04,-6.05E-04,-4.65E-04,-1.57E-04,3.11E-04
2596,-1.29E-04,-3.59E-04,-3.94E-04,-2.30E-04,-4.26E-04,-1.34E-04,-3.46E-04,-4.38E-04,-3.60E-04,-3.30E-04,-6.38E-04,-5.76E-04,-2.48E-04,-2.50E-04,-1.77E-04,-3.10E-04,-5.93E-04,-4.57E-04,-1.40E-04,2.82E-04
2597,-1.40E-04,-3.52E-04,-4.02E-04,-2.40E-04,-4.22E-04,-1.14E-04,-3.43E-04,-4.35E-04,-3.48E-04,-3.23E-04,-6.24E-04,-5.67E-04,-2.41E-04,-2.50E-04,-1.85E-04,-3.03E-04,-5.79E-04,-4.49E-04,-1.21E-04,2.54E-04
2598,-1.42E-04,-3.46E-04,-4.07E-04,-2.47E-04,-4.14E-04,-9.02E-05,-3.42E-04,-4.29E-04,-3.34E-04,-3.13E-04,-6.13E-04,-5.56E-04,-2.32E-04,-2.47E-04,-1.90E-04,-2.92E-04,-5.62E-04,-4.39E-04,-1.01E-04,2.30E-04
2599,-1.34E-04,-3.40E-04,-4.08E-04,-2.49E-04,-4.01E-04,-6.16E-05,-3.41E-04,-4.19E-04,-3.17E-04,-2.98E-04,-6.06E-04,-5.44E-04,-2.21E-04,-2.40E-04,-1.89E-04,-2.78E-04,-5.45E-04,-4.29E-04,-7.87E-05,2.13E-04
2600,-1.16E-04,-3.34E-04,-4.05E-04,-2.48E-04,-3.82E-04,-2.87E-05,-3.41E-04,-4.06E-04,-2.97E-04,-2.78E-04,-6.03E-04,-5.33E-04,-2.07E-04,-2.30E-04,-1.82E-04,-2.61E-04,-5.27E-04,-4.18E-04,-5.57E-05,2.05E-04
2601,-8.76E-05,-3.28E-04,-3.97E-04,-2.42E-04,-3.57E-04,8.02E-06,-3.39E-04,-3.89E-04,-2.75E-04,-2.54E-04,-6.06E-04,-5.21E-04,-1.91E-04,-2.17E-04,-1.69E-04,-2.40E-04,-5.08E-04,-4.05E-04,-3.23E-05,2.07E-04
2602,-5.09E-05,-3.22E-04,-3.84E-04,-2.31E-04,-3.28E-04,4.82E-05,-3.34E-04,-3.68E-04,-2.50E-04,-2.26E-04,-6.15E-04,-5.10E-04,-1.73E-04,-2.00E-04,-1.48E-04,-2.15E-04,-4.88E-04,-3.92E-04,-8.85E-06,2.19E-04
2603,-7.07E-06,-3.15E-04,-3.67E-04,-2.17E-04,-2.93E-04,9.11E-05,-3.25E-04,-3.43E-04,-2.24E-04,-1.94E-04,-6.30E-04,-5.00E-04,-1.53E-04,-1.79E-04,-1.22E-04,-1.87E-04,-4.69E-04,-3.77E-04,1.44E-05,2.42E-04
2604,4.19E-05,-3.07E-04,-3.46E-04,-1.98E-04,-2.55E-04,1.36E-04,-3.11E-04,-3.13E-04,-1.95E-04,-1.60E-04,-6.48E-04,-4.89E-04,-1.32E-04,-1.56E-04,-8.97E-05,-1.56E-04,-4.49E-04,-3.60E-04,3.71E-05,2.74E-04
2605,9.37E-05,-2.97E-04,-3.22E-04,-1.77E-04,-2.15E-04,1.82E-04,-2.90E-04,-2.80E-04,-1.66E-04,-1.22E-04,-6.70E-04,-4.79E-04,-1.10E-04,-1.31E-04,-5.25E-05,-1.22E-04,-4.30E-04,-3.41E-04,5.91E-05,3.14E-04
2606,1.46E-04,-2.87E-04,-2.95E-04,-1.54E-04,-1.72E-04,2.27E-04,-2.61E-04,-2.44E-04,-1.36E-04,-8.34E-05,-6.93E-04,-4.68E-04,-8.82E-05,-1.04E-04,-1.15E-05,-8.72E-05,-4.10E-04,-3.20E-04,8.03E-05,3.59E-04
2607,1.96E-04,-2.74E-04,-2.67E-04,-1.29E-04,-1.29E-04,2.72E-04,-2.26E-04,-2.06E-04,-1.05E-04,-4.36E-05,-7.16E-04,-4.56E-04,-6.63E-05,-7.58E-05,3.18E-05,-5.16E-05,-3.89E-04,-2.97E-04,1.01E-04,4.08E-04
2608,2.41E-04,-2.61E-04,-2.38E-04,-1.05E-04,-8.62E-05,3.14E-04,-1.83E-04,-1.66E-04,-7.56E-05,-3.88E-06,-7.37E-04,-4.42E-04,-4.52E-05,-4.79E-05,7.57E-05,-1.63E-05,-3.68E-04,-2.72E-04,1.20E-04,4.56E-04
2609,2.79E-04,-2.45E-04,-2.10E-04,-8.03E-05,-4.57E-05,3.53E-04,-1.34E-04,-1.26E-04,-4.71E-05,3.48E-05,-7.54E-04,-4.27E-04,-2.54E-05,-2.08E-05,1.19E-04,1.75E-05,-3.45E-04,-2.44E-04,1.39E-04,5.02E-04
2610,3.09E-04,-2.29E-04,-1.82E-04,-5.74E-05,-8.59E-06,3.88E-04,-7.96E-05,-8.63E-05,-2.05E-05,7.17E-05,-7.65E-04,-4.09E-04,-7.36E-06,4.75E-06,1.59E-04,4.90E-05,-3.20E-04,-2.15E-04,1.56E-04,5.42E-04
2611,3.30E-04,-2.11E-04,-1.57E-04,-3.66E-05,2.42E-05,4.18E-04,-2.18E-05,-4.89E-05,3.64E-06,1.06E-04,-7.69E-04,-3.89E-04,8.51E-06,2.80E-05,1.96E-04,7.69E-05,-2.94E-04,-1.84E-04,1.73E-04,5.74E-04
2612,3.40E-04,-1.92E-04,-1.35E-04,-1.85E-05,5.17E-05,4.42E-04,3.72E-05,-1.44E-05,2.48E-05,1.37E-04,-7.66E-04,-3.66E-04,2.19E-05,4.83E-05,2.27E-04,1.01E-04,-2.66E-04,-1.52E-04,1.89E-04,5.95E-04
2613,3.40E-04,-1.72E-04,-1.16E-04,-3.50E-06,7.32E-05,4.61E-04,9.53E-05,1.61E-05,4.26E-05,1.64E-04,-7.54E-04,-3.41E-04,3.28E-05,6.53E-05,2.53E-04,1.19E-04,-2.36E-04,-1.20E-04,2.03E-04,6.04E-04
2614,3.32E-04,-1.53E-04,-1.02E-04,8.12E-06,8.82E-05,4.74E-04,1.50E-04,4.18E-05,5.66E-05,1.87E-04,-7.33E-04,-3.13E-04,4.09E-05,7.86E-05,2.71E-04,1.32E-04,-2.05E-04,-8.79E-05,2.17E-04,6.00E-04
2615,3.15E-04,-1.33E-04,-9.12E-05,1.63E-05,9.66E-05,4.81E-04,1.99E-04,6.22E-05,6.67E-05,2.05E-04,-7.05E-04,-2.84E-04,4.63E-05,8.82E-05,2.83E-04,1.39E-04,-1.73E-04,-5.71E-05,2.30E-04,5.82E-04
2616,2.92E-04,-1.14E-04,-8.49E-05,2.13E-05,9.84E-05,4.82E-04,2.39E-04,7.68E-05,7.29E-05,2.20E-04,-6.68E-04,-2.54E-04,4.92E-05,9.40E-05,2.87E-04,1.41E-04,-1.40E-04,-2.83E-05,2.41E-04,5.52E-04
2617,2.65E-04,-9.57E-05,-8.27E-05,2.32E-05,9.41E-05,4.78E-04,2.70E-04,8.55E-05,7.53E-05,2.29E-04,-6.26E-04,-2.24E-04,4.97E-05,9.63E-05,2.86E-04,1.37E-04,-1.09E-04,-2.34E-06,2.51E-04,5.11E-04
2618,2.36E-04,-7.93E-05,-8.43E-05,2.24E-05,8.40E-05,4.70E-04,2.89E-04,8.83E-05,7.40E-05,2.35E-04,-5.79E-04,-1.95E-04,4.80E-05,9.53E-05,2.79E-04,1.27E-04,-7.90E-05,2.01E-05,2.59E-04,4.61E-04
2619,2.07E-04,-6.50E-05,-8.93E-05,1.95E-05,6.91E-05,4.58E-04,2.96E-04,8.58E-05,6.95E-05,2.37E-04,-5.29E-04,-1.69E-04,4.45E-05,9.15E-05,2.68E-04,1.13E-04,-5.18E-05,3.83E-05,2.64E-04,4.04E-04
2620,1.80E-04,-5.31E-05,-9.72E-05,1.48E-05,5.02E-05,4.42E-04,2.92E-04,7.84E-05,6.22E-05,2.36E-04,-4.78E-04,-1.45E-04,3.94E-05,8.54E-05,2.55E-04,9.62E-05,-2.82E-05,5.19E-05,2.68E-04,3.43E-04
2621,1.56E-04,-4.40E-05,-1.07E-04,9.05E-06,2.84E-05,4.25E-04,2.76E-04,6.69E-05,5.27E-05,2.32E-04,-4.28E-04,-1.26E-04,3.31E-05,7.75E-05,2.39E-04,7.64E-05,-8.96E-06,6.05E-05,2.69E-04,2.80E-04
2622,1.37E-04,-3.79E-05,-1.20E-04,2.56E-06,4.55E-06,4.06E-04,2.50E-04,5.22E-05,4.14E-05,2.27E-04,-3.80E-04,-1.12E-04,2.59E-05,6.83E-05,2.24E-04,5.51E-05,5.25E-06,6.43E-05,2.67E-04,2.20E-04
2623,1.23E-04,-3.50E-05,-1.33E-04,-4.20E-06,-2.02E-05,3.86E-04,2.16E-04,3.52E-05,2.92E-05,2.20E-04,-3.37E-04,-1.03E-04,1.81E-05,5.84E-05,2.10E-04,3.35E-05,1.40E-05,6.32E-05,2.63E-04,1.63E-04
2624,1.14E-04,-3.52E-05,-1.47E-04,-1.09E-05,-4.49E-05,3.67E-04,1.77E-04,1.69E-05,1.65E-05,2.12E-04,-2.98E-04,-9.93E-05,1.01E-05,4.82E-05,1.98E-04,1.25E-05,1.73E-05,5.78E-05,2.57E-04,1.13E-04
2625,1.11E-04,-3.85E-05,-1.61E-04,-1.73E-05,-6.87E-05,3.48E-04,1.34E-04,-1.72E-06,3.86E-06,2.05E-04,-2.67E-04,-1.01E-04,2.14E-06,3.81E-05,1.89E-04,-7.05E-06,1.52E-05,4.86E-05,2.49E-04,7.11E-05
2626,1.12E-04,-4.45E-05,-1.75E-04,-2.32E-05,-9.09E-05,3.29E-04,9.24E-05,-1.98E-05,-8.10E-06,1.97E-04,-2.42E-04,-1.08E-04,-5.48E-06,2.85E-05,1.84E-04,-2.44E-05,8.25E-06,3.64E-05,2.39E-04,3.86E-05
2627,1.16E-04,-5.29E-05,-1.88E-04,-2.85E-05,-1.11E-04,3.12E-04,5.34E-05,-3.65E-05,-1.90E-05,1.90E-04,-2.23E-04,-1.19E-04,-1.25E-05,1.96E-05,1.83E-04,-3.89E-05,-2.69E-06,2.20E-05,2.28E-04,1.61E-05
2628,1.22E-04,-6.31E-05,-2.01E-04,-3.33E-05,-1.28E-04,2.97E-04,1.98E-05,-5.12E-05,-2.85E-05,1.84E-04,-2.12E-04,-1.33E-04,-1.86E-05,1.16E-05,1.87E-04,-5.05E-05,-1.66E-05,6.38E-06,2.16E-04,3.70E-06
2629,1.28E-04,-7.43E-05,-2.13E-04,-3.76E-05,-1.43E-04,2.83E-04,-6.19E-06,-6.36E-05,-3.63E-05,1.79E-04,-2.06E-04,-1.49E-04,-2.37E-05,4.47E-06,1.93E-04,-5.89E-05,-3.22E-05,-9.52E-06,2.03E-04,7.35E-07
2630,1.33E-04,-8.59E-05,-2.23E-04,-4.15E-05,-1.54E-04,2.70E-04,-2.28E-05,-7.32E-05,-4.24E-05,1.75E-04,-2.06E-04,-1.65E-04,-2.74E-05,-1.68E-06,2.03E-04,-6.43E-05,-4.83E-05,-2.48E-05,1.90E-04,6.18E-06
2631,1.35E-04,-9.70E-05,-2.32E-04,-4.51E-05,-1.63E-04,2.59E-04,-2.92E-05,-8.01E-05,-4.67E-05,1.72E-04,-2.09E-04,-1.82E-04,-2.96E-05,-6.89E-06,2.15E-04,-6.70E-05,-6.34E-05,-3.87E-05,1.78E-04,1.86E-05
2632,1.34E-04,-1.07E-04,-2.40E-04,-4.86E-05,-1.68E-04,2.50E-04,-2.50E-05,-8.43E-05,-4.92E-05,1.70E-04,-2.15E-04,-1.96E-04,-3.02E-05,-1.12E-05,2.28E-04,-6.76E-05,-7.62E-05,-5.06E-05,1.66E-04,3.61E-05
2633,1.28E-04,-1.14E-04,-2.47E-04,-5.21E-05,-1.71E-04,2.41E-04,-1.05E-05,-8.60E-05,-5.02E-05,1.68E-04,-2.22E-04,-2.08E-04,-2.90E-05,-1.48E-05,2.42E-04,-6.67E-05,-8.57E-05,-5.99E-05,1.55E-04,5.67E-05
2634,1.17E-04,-1.18E-04,-2.53E-04,-5.55E-05,-1.72E-04,2.33E-04,1.30E-05,-8.56E-05,-4.98E-05,1.68E-04,-2.30E-04,-2.16E-04,-2.60E-05,-1.76E-05,2.53E-04,-6.48E-05,-9.10E-05,-6.65E-05,1.45E-04,7.86E-05
2635,1.02E-04,-1.19E-04,-2.58E-04,-5.89E-05,-1.71E-04,2.25E-04,4.40E-05,-8.34E-05,-4.83E-05,1.68E-04,-2.36E-04,-2.20E-04,-2.12E-05,-1.97E-05,2.63E-04,-6.27E-05,-9.15E-05,-7.02E-05,1.36E-04,9.96E-05
2636,8.19E-05,-1.15E-04,-2.61E-04,-6.24E-05,-1.68E-04,2.18E-04,8.02E-05,-8.00E-05,-4.59E-05,1.68E-04,-2.40E-04,-2.19E-04,-1.46E-05,-2.13E-05,2.70E-04,-6.10E-05,-8.69E-05,-7.11E-05,1.28E-04,1.18E-04
2637,5.90E-05,-1.07E-04,-2.63E-04,-6.57E-05,-1.64E-04,2.12E-04,1.19E-04,-7.57E-05,-4.31E-05,1.68E-04,-2.42E-04,-2.14E-04,-6.59E-06,-2.23E-05,2.73E-04,-6.04E-05,-7.73E-05,-6.97E-05,1.20E-04,1.32E-04
2638,3.40E-05,-9.33E-05,-2.65E-04,-6.90E-05,-1.59E-04,2.06E-04,1.59E-04,-7.11E-05,-4.00E-05,1.67E-04,-2.40E-04,-2.05E-04,2.70E-06,-2.28E-05,2.71E-04,-6.12E-05,-6.34E-05,-6.63E-05,1.13E-04,1.42E-04
2639,8.56E-06,-7.55E-05,-2.65E-04,-7.19E-05,-1.54E-04,2.00E-04,1.96E-04,-6.66E-05,-3.69E-05,1.67E-04,-2.35E-04,-1.92E-04,1.29E-05,-2.28E-05,2.65E-04,-6.37E-05,-4.58E-05,-6.16E-05,1.07E-04,1.45E-04
2640,-1.59E-05,-5.35E-05,-2.64E-04,-7.46E-05,-1.49E-04,1.94E-04,2.28E-04,-6.26E-05,-3.41E-05,1.66E-04,-2.27E-04,-1.77E-04,2.35E-05,-2.23E-05,2.55E-04,-6.83E-05,-2.57E-05,-5.62E-05,1.00E-04,1.42E-04
2641,-3.80E-05,-2.80E-05,-2.63E-04,-7.68E-05,-1.43E-04,1.88E-04,2.53E-04,-5.94E-05,-3.17E-05,1.64E-04,-2.16E-04,-1.61E-04,3.41E-05,-2.15E-05,2.40E-04,-7.48E-05,-4.27E-06,-5.08E-05,9.31E-05,1.33E-04
2642,-5.63E-05,1.35E-07,-2.60E-04,-7.86E-05,-1.38E-04,1.82E-04,2.70E-04,-5.71E-05,-3.00E-05,1.62E-04,-2.03E-04,-1.45E-04,4.41E-05,-2.03E-05,2.23E-04,-8.31E-05,1.70E-05,-4.59E-05,8.52E-05,1.18E-04
2643,-6.99E-05,2.97E-05,-2.57E-04,-8.01E-05,-1.34E-04,1.77E-04,2.78E-04,-5.60E-05,-2.89E-05,1.60E-04,-1.89E-04,-1.30E-04,5.29E-05,-1.89E-05,2.02E-04,-9.31E-05,3.68E-05,-4.21E-05,7.64E-05,9.74E-05
2644,-7.82E-05,5.94E-05,-2.54E-04,-8.12E-05,-1.30E-04,1.71E-04,2.77E-04,-5.60E-05,-2.86E-05,1.57E-04,-1.73E-04,-1.17E-04,6.01E-05,-1.74E-05,1.80E-04,-1.04E-04,5.38E-05,-3.99E-05,6.65E-05,7.32E-05
2645,-8.10E-05,8.78E-05,-2.50E-04,-8.22E-05,-1.27E-04,1.66E-04,2.66E-04,-5.72E-05,-2.90E-05,1.53E-04,-1.58E-04,-1.08E-04,6.51E-05,-1.59E-05,1.57E-04,-1.16E-04,6.69E-05,-3.93E-05,5.53E-05,4.58E-05
2646,-7.87E-05,1.14E-04,-2.47E-04,-8.32E-05,-1.26E-04,1.61E-04,2.48E-04,-5.96E-05,-3.03E-05,1.49E-04,-1.44E-04,-1.03E-04,6.75E-05,-1.48E-05,1.35E-04,-1.29E-04,7.52E-05,-4.06E-05,4.29E-05,1.64E-05
2647,-7.20E-05,1.35E-04,-2.44E-04,-8.45E-05,-1.25E-04,1.56E-04,2.24E-04,-6.31E-05,-3.22E-05,1.45E-04,-1.31E-04,-1.04E-04,6.69E-05,-1.43E-05,1.13E-04,-1.42E-04,7.81E-05,-4.36E-05,2.96E-05,-1.40E-05
2648,-6.19E-05,1.52E-04,-2.41E-04,-8.65E-05,-1.27E-04,1.50E-04,1.94E-04,-6.76E-05,-3.49E-05,1.40E-04,-1.20E-04,-1.09E-04,6.33E-05,-1.46E-05,9.41E-05,-1.54E-04,7.55E-05,-4.81E-05,1.54E-05,-4.44E-05
2649,-5.00E-05,1.62E-04,-2.40E-04,-8.94E-05,-1.29E-04,1.45E-04,1.63E-04,-7.32E-05,-3.84E-05,1.35E-04,-1.11E-04,-1.21E-04,5.66E-05,-1.60E-05,7.71E-05,-1.67E-04,6.74E-05,-5.37E-05,6.93E-07,-7.40E-05
2650,-3.78E-05,1.66E-04,-2.40E-04,-9.35E-05,-1.34E-04,1.39E-04,1.30E-04,-7.97E-05,-4.25E-05,1.29E-04,-1.06E-04,-1.37E-04,4.69E-05,-1.87E-05,6.30E-05,-1.78E-04,5.42E-05,-6.01E-05,-1.41E-05,-1.02E-04
2651,-2.71E-05,1.62E-04,-2.42E-04,-9.91E-05,-1.40E-04,1.32E-04,1.00E-04,-8.72E-05,-4.73E-05,1.23E-04,-1.04E-04,-1.58E-04,3.45E-05,-2.31E-05,5.17E-05,-1.90E-04,3.69E-05,-6.66E-05,-2.85E-05,-1.29E-04
2652,-1.93E-05,1.50E-04,-2.45E-04,-1.06E-04,-1.49E-04,1.25E-04,7.26E-05,-9.57E-05,-5.28E-05,1.16E-04,-1.04E-04,-1.82E-04,1.98E-05,-2.92E-05,4.32E-05,-2.01E-04,1.62E-05,-7.30E-05,-4.22E-05,-1.54E-04
2653,-1.60E-05,1.31E-04,-2.51E-04,-1.16E-04,-1.59E-04,1.16E-04,4.98E-05,-1.05E-04,-5.90E-05,1.09E-04,-1.08E-04,-2.09E-04,3.57E-06,-3.72E-05,3.72E-05,-2.11E-04,-6.63E-06,-7.87E-05,-5.46E-05,-1.76E-04
2654,-1.83E-05,1.05E-04,-2.58E-04,-1.26E-04,-1.71E-04,1.07E-04,3.23E-05,-1.16E-04,-6.60E-05,1.02E-04,-1.15E-04,-2.38E-04,-1.37E-05,-4.70E-05,3.31E-05,-2.22E-04,-3.04E-05,-8.34E-05,-6.55E-05,-1.97E-04
2655,-2.67E-05,7.30E-05,-2.68E-04,-1.39E-04,-1.85E-04,9.62E-05,2.03E-05,-1.28E-04,-7.37E-05,9.34E-05,-1.23E-04,-2.67E-04,-3.11E-05,-5.86E-05,3.03E-05,-2.34E-04,-5.40E-05,-8.69E-05,-7.44E-05,-2.17E-04
2656,-4.16E-05,3.64E-05,-2.79E-04,-1.53E-04,-2.00E-04,8.47E-05,1.35E-05,-1.41E-04,-8.22E-05,8.45E-05,-1.34E-04,-2.95E-04,-4.80E-05,-7.18E-05,2.80E-05,-2.46E-04,-7.62E-05,-8.91E-05,-8.13E-05,-2.36E-04
2657,-6.27E-05,-3.61E-06,-2.93E-04,-1.69E-04,-2.17E-04,7.23E-05,1.11E-05,-1.55E-04,-9.15E-05,7.50E-05,-1.47E-04,-3.21E-04,-6.35E-05,-8.62E-05,2.55E-05,-2.59E-04,-9.63E-05,-9.01E-05,-8.59E-05,-2.53E-04
2658,-8.92E-05,-4.54E-05,-3.08E-04,-1.85E-04,-2.35E-04,5.91E-05,1.20E-05,-1.71E-04,-1.01E-04,6.50E-05,-1.60E-04,-3.44E-04,-7.72E-05,-1.01E-04,2.23E-05,-2.73E-04,-1.13E-04,-9.00E-05,-8.82E-05,-2.70E-04
2659,-1.20E-04,-8.75E-05,-3.24E-04,-2.02E-04,-2.53E-04,4.54E-05,1.48E-05,-1.88E-04,-1.12E-04,5.45E-05,-1.74E-04,-3.64E-04,-8.83E-05,-1.17E-04,1.77E-05,-2.89E-04,-1.27E-04,-8.92E-05,-8.84E-05,-2.86E-04
2660,-1.54E-04,-1.28E-04,-3.41E-04,-2.19E-04,-2.72E-04,3.15E-05,1.78E-05,-2.05E-04,-1.23E-04,4.38E-05,-1.88E-04,-3.79E-04,-9.67E-05,-1.33E-04,1.14E-05,-3.06E-04,-1.38E-04,-8.82E-05,-8.67E-05,-3.02E-04
2661,-1.88E-04,-1.66E-04,-3.59E-04,-2.35E-04,-2.90E-04,1.77E-05,1.95E-05,-2.24E-04,-1.35E-04,3.30E-05,-2.02E-04,-3.90E-04,-1.02E-04,-1.48E-04,3.27E-06,-3.24E-04,-1.45E-04,-8.72E-05,-8.33E-05,-3.17E-04
2662,-2.22E-04,-2.00E-04,-3.76E-04,-2.50E-04,-3.08E-04,4.56E-06,1.85E-05,-2.43E-04,-1.47E-04,2.23E-05,-2.16E-04,-3.97E-04,-1.04E-04,-1.62E-04,-6.65E-06,-3.44E-04,-1.49E-04,-8.69E-05,-7.86E-05,-3.32E-04
2663,-2.53E-04,-2.29E-04,-3.92E-04,-2.63E-04,-3.24E-04,-7.65E-06,1.37E-05,-2.61E-04,-1.59E-04,1.20E-05,-2.29E-04,-4.00E-04,-1.04E-04,-1.74E-04,-1.81E-05,-3.64E-04,-1.50E-04,-8.75E-05,-7.30E-05,-3.45E-04
2664,-2.81E-04,-2.52E-04,-4.08E-04,-2.75E-04,-3.39E-04,-1.85E-05,4.22E-06,-2.80E-04,-1.70E-04,2.35E-06,-2.41E-04,-4.00E-04,-1.01E-04,-1.84E-04,-3.07E-05,-3.84E-04,-1.50E-04,-8.94E-05,-6.68E-05,-3.56E-04
2665,-3.02E-04,-2.69E-04,-4.22E-04,-2.84E-04,-3.51E-04,-2.77E-05,-1.00E-05,-2.97E-04,-1.81E-04,-6.36E-06,-2.51E-04,-3.97E-04,-9.61E-05,-1.92E-04,-4.37E-05,-4.03E-04,-1.48E-04,-9.28E-05,-6.06E-05,-3.65E-04
2666,-3.18E-04,-2.79E-04,-4.34E-04,-2.91E-04,-3.61E-04,-3.48E-05,-2.88E-05,-3.14E-04,-1.91E-04,-1.39E-05,-2.60E-04,-3.92E-04,-9.01E-05,-1.98E-04,-5.64E-05,-4.21E-04,-1.46E-04,-9.77E-05,-5.46E-05,-3.72E-04
2667,-3.27E-04,-2.83E-04,-4.43E-04,-2.95E-04,-3.68E-04,-3.98E-05,-5.14E-05,-3.28E-04,-2.00E-04,-2.00E-05,-2.67E-04,-3.86E-04,-8.34E-05,-2.01E-04,-6.82E-05,-4.37E-04,-1.43E-04,-1.04E-04,-4.92E-05,-3.75E-04
2668,-3.29E-04,-2.81E-04,-4.51E-04,-2.97E-04,-3.73E-04,-4.23E-05,-7.66E-05,-3.40E-04,-2.07E-04,-2.44E-05,-2.72E-04,-3.79E-04,-7.68E-05,-2.02E-04,-7.82E-05,-4.51E-04,-1.41E-04,-1.11E-04,-4.46E-05,-3.76E-04
2669,-3.24E-04,-2.73E-04,-4.55E-04,-2.97E-04,-3.74E-04,-4.25E-05,-1.03E-04,-3.49E-04,-2.13E-04,-2.71E-05,-2.75E-04,-3.73E-04,-7.09E-05,-2.00E-04,-8.58E-05,-4.61E-04,-1.39E-04,-1.19E-04,-4.09E-05,-3.73E-04
2670,-3.14E-04,-2.61E-04,-4.58E-04,-2.96E-04,-3.73E-04,-4.02E-05,-1.28E-04,-3.56E-04,-2.17E-04,-2.79E-05,-2.76E-04,-3.68E-04,-6.64E-05,-1.96E-04,-9.04E-05,-4.68E-04,-1.38E-04,-1.28E-04,-3.83E-05,-3.66E-04
2671,-3.00E-04,-2.45E-04,-4.57E-04,-2.92E-04,-3.69E-04,-3.57E-05,-1.51E-04,-3.58E-04,-2.18E-04,-2.68E-05,-2.75E-04,-3.64E-04,-6.36E-05,-1.91E-04,-9.17E-05,-4.71E-04,-1.38E-04,-1.36E-04,-3.68E-05,-3.57E-04
2672,-2.83E-04,-2.26E-04,-4.54E-04,-2.88E-04,-3.63E-04,-2.92E-05,-1.69E-04,-3.58E-04,-2.17E-04,-2.38E-05,-2.72E-04,-3.63E-04,-6.29E-05,-1.84E-04,-8.96E-05,-4.69E-04,-1.38E-04,-1.42E-04,-3.63E-05,-3.45E-04
2673,-2.65E-04,-2.06E-04,-4.48E-04,-2.83E-04,-3.55E-04,-2.09E-05,-1.82E-04,-3.54E-04,-2.15E-04,-1.90E-05,-2.67E-04,-3.63E-04,-6.43E-05,-1.77E-04,-8.41E-05,-4.63E-04,-1.39E-04,-1.47E-04,-3.66E-05,-3.31E-04
2674,-2.47E-04,-1.85E-04,-4.41E-04,-2.77E-04,-3.45E-04,-1.11E-05,-1.86E-04,-3.46E-04,-2.10E-04,-1.26E-05,-2.60E-04,-3.66E-04,-6.78E-05,-1.70E-04,-7.56E-05,-4.54E-04,-1.38E-04,-1.50E-04,-3.78E-05,-3.15E-04
2675,-2.31E-04,-1.63E-04,-4.31E-04,-2.72E-04,-3.33E-04,-2.37E-07,-1.83E-04,-3.35E-04,-2.02E-04,-4.62E-06,-2.50E-04,-3.70E-04,-7.30E-05,-1.63E-04,-6.46E-05,-4.40E-04,-1.37E-04,-1.49E-04,-3.94E-05,-2.99E-04
2676,-2.18E-04,-1.41E-04,-4.20E-04,-2.68E-04,-3.21E-04,1.14E-05,-1.71E-04,-3.22E-04,-1.93E-04,4.57E-06,-2.39E-04,-3.77E-04,-7.97E-05,-1.57E-04,-5.18E-05,-4.23E-04,-1.35E-04,-1.46E-04,-4.14E-05,-2.84E-04
2677,-2.09E-04,-1.21E-04,-4.08E-04,-2.64E-04,-3.08E-04,2.34E-05,-1.50E-04,-3.05E-04,-1.82E-04,1.48E-05,-2.27E-04,-3.84E-04,-8.72E-05,-1.51E-04,-3.81E-05,-4.03E-04,-1.32E-04,-1.39E-04,-4.35E-05,-2.69E-04
2678,-2.05E-04,-1.01E-04,-3.95E-04,-2.61E-04,-2.95E-04,3.54E-05,-1.21E-04,-2.87E-04,-1.70E-04,2.58E-05,-2.13E-04,-3.92E-04,-9.48E-05,-1.47E-04,-2.45E-05,-3.81E-04,-1.26E-04,-1.30E-04,-4.55E-05,-2.56E-04
2679,-2.05E-04,-8.17E-05,-3.81E-04,-2.59E-04,-2.81E-04,4.73E-05,-8.59E-05,-2.67E-04,-1.57E-04,3.74E-05,-1.98E-04,-4.00E-04,-1.02E-04,-1.44E-04,-1.18E-05,-3.58E-04,-1.19E-04,-1.17E-04,-4.72E-05,-2.46E-04
2680,-2.11E-04,-6.36E-05,-3.66E-04,-2.58E-04,-2.68E-04,5.88E-05,-4.55E-05,-2.45E-04,-1.42E-04,4.94E-05,-1.83E-04,-4.07E-04,-1.08E-04,-1.43E-04,-7.71E-07,-3.34E-04,-1.10E-04,-1.01E-04,-4.84E-05,-2.39E-04
2681,-2.20E-04,-4.62E-05,-3.51E-04,-2.58E-04,-2.55E-04,6.99E-05,-1.83E-06,-2.23E-04,-1.27E-04,6.15E-05,-1.67E-04,-4.13E-04,-1.12E-04,-1.42E-04,7.80E-06,-3.11E-04,-9.90E-05,-8.37E-05,-4.88E-05,-2.34E-04
2682,-2.32E-04,-2.94E-05,-3.36E-04,-2.58E-04,-2.42E-04,8.03E-05,4.30E-05,-2.00E-04,-1.12E-04,7.38E-05,-1.51E-04,-4.18E-04,-1.14E-04,-1.42E-04,1.35E-05,-2.88E-04,-8.72E-05,-6.48E-05,-4.86E-05,-2.33E-04
2683,-2.45E-04,-1.28E-05,-3.20E-04,-2.59E-04,-2.29E-04,9.03E-05,8.71E-05,-1.77E-04,-9.58E-05,8.60E-05,-1.36E-04,-4.20E-04,-1.14E-04,-1.43E-04,1.60E-05,-2.66E-04,-7.46E-05,-4.52E-05,-4.74E-05,-2.34E-04
2684,-2.59E-04,3.73E-06,-3.05E-04,-2.59E-04,-2.16E-04,9.97E-05,1.28E-04,-1.55E-04,-8.02E-05,9.82E-05,-1.21E-04,-4.19E-04,-1.10E-04,-1.43E-04,1.55E-05,-2.46E-04,-6.19E-05,-2.56E-05,-4.54E-05,-2.37E-04
2685,-2.71E-04,2.04E-05,-2.90E-04,-2.58E-04,-2.04E-04,1.09E-04,1.66E-04,-1.33E-04,-6.47E-05,1.10E-04,-1.06E-04,-4.16E-04,-1.03E-04,-1.43E-04,1.23E-05,-2.27E-04,-4.94E-05,-6.66E-06,-4.23E-05,-2.42E-04
2686,-2.81E-04,3.72E-05,-2.74E-04,-2.57E-04,-1.91E-04,1.18E-04,1.97E-04,-1.11E-04,-4.94E-05,1.23E-04,-9.27E-05,-4.10E-04,-9.41E-05,-1.42E-04,6.86E-06,-2.11E-04,-3.77E-05,1.11E-05,-3.84E-05,-2.47E-04
2687,-2.87E-04,5.43E-05,-2.59E-04,-2.54E-04,-1.78E-04,1.27E-04,2.22E-04,-9.10E-05,-3.45E-05,1.35E-04,-7.99E-05,-4.00E-04,-8.22E-05,-1.39E-04,1.29E-07,-1.95E-04,-2.71E-05,2.74E-05,-3.34E-05,-2.51E-04
2688,-2.87E-04,7.15E-05,-2.43E-04,-2.49E-04,-1.64E-04,1.36E-04,2.41E-04,-7.13E-05,-1.99E-05,1.48E-04,-6.80E-05,-3.88E-04,-6.80E-05,-1.34E-04,-6.92E-06,-1.82E-04,-1.77E-05,4.19E-05,-2.75E-05,-2.54E-04
2689,-2.82E-04,8.88E-05,-2.27E-04,-2.42E-04,-1.49E-04,1.46E-04,2.54E-04,-5.23E-05,-5.48E-06,1.61E-04,-5.67E-05,-3.73E-04,-5.22E-05,-1.27E-04,-1.32E-05,-1.69E-04,-9.52E-06,5.49E-05,-2.06E-05,-2.54E-04
2690,-2.71E-04,1.06E-04,-2.11E-04,-2.34E-04,-1.34E-04,1.57E-04,2.62E-04,-3.39E-05,8.74E-06,1.74E-04,-4.60E-05,-3.56E-04,-3.49E-05,-1.18E-04,-1.75E-05,-1.58E-04,-2.33E-06,6.64E-05,-1.28E-05,-2.51E-04
2691,-2.54E-04,1.22E-04,-1.94E-04,-2.23E-04,-1.17E-04,1.68E-04,2.65E-04,-1.58E-05,2.29E-05,1.88E-04,-3.55E-05,-3.37E-04,-1.69E-05,-1.06E-04,-1.88E-05,-1.46E-04,4.31E-06,7.71E-05,-3.98E-06,-2.44E-04
2692,-2.32E-04,1.38E-04,-1.77E-04,-2.10E-04,-9.91E-05,1.81E-04,2.66E-04,2.13E-06,3.72E-05,2.03E-04,-2.51E-05,-3.16E-04,1.61E-06,-9.08E-05,-1.60E-05,-1.34E-04,1.10E-05,8.74E-05,5.85E-06,-2.32E-04
2693,-2.05E-04,1.53E-04,-1.59E-04,-1.94E-04,-7.99E-05,1.94E-04,2.67E-04,2.02E-05,5.17E-05,2.19E-04,-1.45E-05,-2.93E-04,2.02E-05,-7.35E-05,-8.32E-06,-1.22E-04,1.85E-05,9.82E-05,1.67E-05,-2.16E-04
2694,-1.75E-04,1.66E-04,-1.40E-04,-1.77E-04,-5.92E-05,2.09E-04,2.68E-04,3.87E-05,6.66E-05,2.35E-04,-3.40E-06,-2.70E-04,3.88E-05,-5.38E-05,4.76E-06,-1.08E-04,2.77E-05,1.10E-04,2.86E-05,-1.96E-04
2695,-1.42E-04,1.79E-04,-1.21E-04,-1.57E-04,-3.72E-05,2.24E-04,2.71E-04,5.78E-05,8.20E-05,2.53E-04,8.36E-06,-2.46E-04,5.72E-05,-3.19E-05,2.35E-05,-9.24E-05,3.94E-05,1.24E-04,4.17E-05,-1.72E-04
2696,-1.09E-04,1.90E-04,-1.01E-04,-1.36E-04,-1.38E-05,2.41E-04,2.79E-04,7.77E-05,9.80E-05,2.71E-04,2.10E-05,-2.22E-04,7.56E-05,-8.32E-06,4.79E-05,-7.53E-05,5.45E-05,1.41E-04,5.58E-05,-1.44E-04
2697,-7.58E-05,2.00E-04,-7.94E-05,-1.14E-04,1.09E-05,2.58E-04,2.92E-04,9.86E-05,1.15E-04,2.90E-04,3.46E-05,-1.98E-04,9.40E-05,1.67E-05,7.77E-05,-5.63E-05,7.38E-05,1.61E-04,7.11E-05,-1.14E-04
2698,-4.45E-05,2.10E-04,-5.72E-05,-9.05E-05,3.69E-05,2.77E-04,3.11E-04,1.21E-04,1.32E-04,3.10E-04,4.92E-05,-1.74E-04,1.13E-04,4.28E-05,1.12E-04,-3.54E-05,9.79E-05,1.84E-04,8.75E-05,-8.36E-05
2699,-1.58E-05,2.19E-04,-3.40E-05,-6.62E-05,6.42E-05,2.96E-04,3.36E-04,1.44E-04,1.50E-04,3.29E-04,6.47E-05,-1.50E-04,1.32E-04,6.95E-05,1.50E-04,-1.27E-05,1.27E-04,2.12E-04,1.05E-04,-5.29E-05
2700,9.28E-06,2.28E-04,-9.69E-06,-4.12E-05,9.25E-05,3.16E-04,3.67E-04,1.69E-04,1.69E-04,3.50E-04,8.12E-05,-1.27E-04,1.53E-04,9.66E-05,1.91E-04,1.17E-05,1.62E-04,2.43E-04,1.24E-04,-2.36E-05
2701,3.04E-05,2.38E-04,1.56E-05,-1.58E-05,1.22E-04,3.36E-04,4.04E-04,1.95E-04,1.89E-04,3.70E-04,9.83E-05,-1.03E-04,1.75E-04,1.24E-04,2.32E-04,3.74E-05,2.01E-04,2.79E-04,1.43E-04,3.13E-06
2702,4.73E-05,2.50E-04,4.19E-05,9.91E-06,1.52E-04,3.57E-04,4.45E-04,2.22E-04,2.09E-04,3.90E-04,1.16E-04,-8.05E-05,1.98E-04,1.50E-04,2.74E-04,6.42E-05,2.46E-04,3.17E-04,1.64E-04,2.62E-05
2703,6.01E-05,2.63E-04,6.91E-05,3.57E-05,1.84E-04,3.78E-04,4.89E-04,2.51E-04,2.30E-04,4.10E-04,1.34E-04,-5.78E-05,2.23E-04,1.77E-04,3.15E-04,9.17E-05,2.94E-04,3.57E-04,1.85E-04,4.49E-05
2704,6.93E-05,2.78E-04,9.72E-05,6.16E-05,2.16E-04,4.00E-04,5.35E-04,2.81E-04,2.52E-04,4.30E-04,1.51E-04,-3.50E-05,2.50E-04,2.02E-04,3.53E-04,1.20E-04,3.46E-04,3.99E-04,2.07E-04,5.85E-05
2705,7.54E-05,2.96E-04,1.26E-04,8.74E-05,2.48E-04,4.21E-04,5.82E-04,3.12E-04,2.74E-04,4.49E-04,1.68E-04,-1.20E-05,2.79E-04,2.27E-04,3.87E-04,1.47E-04,4.00E-04,4.41E-04,2.29E-04,6.69E-05
2706,7.94E-05,3.16E-04,1.56E-04,1.13E-04,2.81E-04,4.43E-04,6.27E-04,3.43E-04,2.96E-04,4.67E-04,1.85E-04,1.13E-05,3.09E-04,2.51E-04,4.17E-04,1.75E-04,4.54E-04,4.83E-04,2.52E-04,7.02E-05
2707,8.20E-05,3.40E-04,1.85E-04,1.39E-04,3.15E-04,4.65E-04,6.70E-04,3.76E-04,3.18E-04,4.85E-04,2.00E-04,3.50E-05,3.39E-04,2.75E-04,4.42E-04,2.02E-04,5.09E-04,5.23E-04,2.75E-04,6.89E-05
2708,8.43E-05,3.65E-04,2.16E-04,1.64E-04,3.48E-04,4.86E-04,7.09E-04,4.08E-04,3.40E-04,5.01E-04,2.14E-04,5.94E-05,3.70E-04,2.97E-04,4.62E-04,2.27E-04,5.63E-04,5.61E-04,2.97E-04,6.39E-05
2709,8.72E-05,3.93E-04,2.46E-04,1.89E-04,3.82E-04,5.07E-04,7.44E-04,4.41E-04,3.61E-04,5.16E-04,2.27E-04,8.44E-05,3.99E-04,3.19E-04,4.77E-04,2.52E-04,6.14E-04,5.95E-04,3.19E-04,5.61E-05
2710,9.13E-05,4.23E-04,2.75E-04,2.13E-04,4.14E-04,5.28E-04,7.75E-04,4.73E-04,3.82E-04,5.31E-04,2.39E-04,1.10E-04,4.28E-04,3.40E-04,4.87E-04,2.76E-04,6.62E-04,6.25E-04,3.41E-04,4.70E-05
2711,9.74E-05,4.54E-04,3.05E-04,2.38E-04,4.46E-04,5.49E-04,8.01E-04,5.06E-04,4.03E-04,5.44E-04,2.49E-04,1.36E-04,4.53E-04,3.60E-04,4.93E-04,2.98E-04,7.06E-04,6.51E-04,3.61E-04,3.81E-05
2712,1.06E-04,4.86E-04,3.33E-04,2.61E-04,4.77E-04,5.68E-04,8.23E-04,5.37E-04,4.23E-04,5.56E-04,2.58E-04,1.63E-04,4.75E-04,3.79E-04,4.96E-04,3.19E-04,7.46E-04,6.72E-04,3.81E-04,3.07E-05
2713,1.17E-04,5.17E-04,3.60E-04,2.83E-04,5.06E-04,5.87E-04,8.41E-04,5.67E-04,4.42E-04,5.67E-04,2.65E-04,1.90E-04,4.93E-04,3.97E-04,4.96E-04,3.39E-04,7.81E-04,6.89E-04,3.99E-04,2.65E-05
2714,1.30E-04,5.47E-04,3.85E-04,3.05E-04,5.32E-04,6.04E-04,8.57E-04,5.96E-04,4.61E-04,5.76E-04,2.71E-04,2.17E-04,5.07E-04,4.14E-04,4.94E-04,3.57E-04,8.12E-04,7.01E-04,4.16E-04,2.66E-05
2715,1.45E-04,5.75E-04,4.08E-04,3.25E-04,5.57E-04,6.20E-04,8.70E-04,6.24E-04,4.78E-04,5.84E-04,2.76E-04,2.44E-04,5.15E-04,4.29E-04,4.92E-04,3.74E-04,8.39E-04,7.11E-04,4.31E-04,3.20E-05
2716,1.61E-04,6.01E-04,4.29E-04,3.43E-04,5.79E-04,6.33E-04,8.83E-04,6.49E-04,4.93E-04,5.90E-04,2.80E-04,2.70E-04,5.18E-04,4.43E-04,4.89E-04,3.89E-04,8.61E-04,7.17E-04,4.44E-04,4.34E-05
2717,1.79E-04,6.24E-04,4.48E-04,3.60E-04,5.97E-04,6.45E-04,8.96E-04,6.72E-04,5.07E-04,5.95E-04,2.83E-04,2.94E-04,5.16E-04,4.55E-04,4.86E-04,4.03E-04,8.80E-04,7.21E-04,4.55E-04,6.10E-05
2718,1.97E-04,6.44E-04,4.63E-04,3.74E-04,6.12E-04,6.54E-04,9.09E-04,6.93E-04,5.20E-04,5.99E-04,2.85E-04,3.18E-04,5.09E-04,4.64E-04,4.85E-04,4.14E-04,8.95E-04,7.23E-04,4.65E-04,8.46E-05
2719,2.14E-04,6.60E-04,4.76E-04,3.86E-04,6.23E-04,6.61E-04,9.23E-04,7.11E-04,5.31E-04,6.00E-04,2.86E-04,3.39E-04,4.97E-04,4.71E-04,4.84E-04,4.24E-04,9.07E-04,7.25E-04,4.72E-04,1.13E-04
2720,2.30E-04,6.72E-04,4.85E-04,3.95E-04,6.31E-04,6.65E-04,9.38E-04,7.26E-04,5.39E-04,6.00E-04,2.86E-04,3.58E-04,4.82E-04,4.76E-04,4.83E-04,4.32E-04,9.17E-04,7.26E-04,4.78E-04,1.46E-04
2721,2.43E-04,6.81E-04,4.92E-04,4.02E-04,6.34E-04,6.67E-04,9.54E-04,7.39E-04,5.46E-04,5.98E-04,2.86E-04,3.74E-04,4.65E-04,4.78E-04,4.83E-04,4.37E-04,9.24E-04,7.28E-04,4.81E-04,1.82E-04
2722,2.55E-04,6.86E-04,4.95E-04,4.06E-04,6.34E-04,6.65E-04,9.71E-04,7.47E-04,5.50E-04,5.94E-04,2.85E-04,3.87E-04,4.45E-04,4.76E-04,4.83E-04,4.39E-04,9.28E-04,7.31E-04,4.83E-04,2.19E-04
2723,2.63E-04,6.88E-04,4.94E-04,4.07E-04,6.30E-04,6.60E-04,9.87E-04,7.53E-04,5.53E-04,5.88E-04,2.82E-04,3.96E-04,4.25E-04,4.72E-04,4.82E-04,4.39E-04,9.30E-04,7.35E-04,4.83E-04,2.54E-04
2724,2.69E-04,6.88E-04,4.91E-04,4.05E-04,6.22E-04,6.53E-04,1.00E-03,7.55E-04,5.52E-04,5.80E-04,2.79E-04,4.02E-04,4.05E-04,4.64E-04,4.79E-04,4.35E-04,9.28E-04,7.39E-04,4.81E-04,2.87E-04
2725,2.71E-04,6.85E-04,4.85E-04,4.01E-04,6.10E-04,6.42E-04,1.01E-03,7.55E-04,5.50E-04,5.69E-04,2.75E-04,4.05E-04,3.87E-04,4.54E-04,4.74E-04,4.28E-04,9.24E-04,7.44E-04,4.78E-04,3.14E-04
2726,2.70E-04,6.81E-04,4.77E-04,3.94E-04,5.96E-04,6.30E-04,1.02E-03,7.50E-04,5.45E-04,5.57E-04,2.70E-04,4.03E-04,3.70E-04,4.40E-04,4.66E-04,4.17E-04,9.16E-04,7.49E-04,4.73E-04,3.35E-04
2727,2.66E-04,6.75E-04,4.66E-04,3.84E-04,5.79E-04,6.15E-04,1.02E-03,7.43E-04,5.38E-04,5.43E-04,2.63E-04,3.98E-04,3.56E-04,4.24E-04,4.53E-04,4.03E-04,9.05E-04,7.54E-04,4.67E-04,3.48E-04
2728,2.60E-04,6.67E-04,4.53E-04,3.73E-04,5.59E-04,5.98E-04,1.02E-03,7.33E-04,5.28E-04,5.27E-04,2.56E-04,3.89E-04,3.45E-04,4.06E-04,4.37E-04,3.85E-04,8.90E-04,7.58E-04,4.60E-04,3.51E-04
2729,2.51E-04,6.59E-04,4.38E-04,3.59E-04,5.38E-04,5.80E-04,1.01E-03,7.20E-04,5.17E-04,5.09E-04,2.48E-04,3.77E-04,3.36E-04,3.85E-04,4.17E-04,3.64E-04,8.72E-04,7.60E-04,4.52E-04,3.45E-04
2730,2.41E-04,6.50E-04,4.22E-04,3.44E-04,5.15E-04,5.60E-04,9.96E-04,7.05E-04,5.04E-04,4.90E-04,2.39E-04,3.62E-04,3.30E-04,3.63E-04,3.92E-04,3.40E-04,8.49E-04,7.61E-04,4.42E-04,3.28E-04
2731,2.30E-04,6.41E-04,4.06E-04,3.28E-04,4.92E-04,5.40E-04,9.72E-04,6.88E-04,4.90E-04,4.69E-04,2.29E-04,3.44E-04,3.27E-04,3.40E-04,3.64E-04,3.13E-04,8.24E-04,7.58E-04,4.31E-04,3.01E-04
2732,2.17E-04,6.31E-04,3.88E-04,3.11E-04,4.68E-04,5.19E-04,9.41E-04,6.68E-04,4.74E-04,4.47E-04,2.19E-04,3.24E-04,3.25E-04,3.15E-04,3.32E-04,2.84E-04,7.95E-04,7.53E-04,4.19E-04,2.66E-04
2733,2.03E-04,6.20E-04,3.71E-04,2.93E-04,4.43E-04,4.98E-04,9.05E-04,6.48E-04,4.57E-04,4.25E-04,2.09E-04,3.03E-04,3.24E-04,2.90E-04,2.97E-04,2.53E-04,7.65E-04,7.45E-04,4.06E-04,2.22E-04
2734,1.89E-04,6.08E-04,3.53E-04,2.76E-04,4.20E-04,4.77E-04,8.63E-04,6.26E-04,4.40E-04,4.02E-04,1.99E-04,2.80E-04,3.24E-04,2.65E-04,2.61E-04,2.21E-04,7.33E-04,7.34E-04,3.92E-04,1.72E-04
2735,1.75E-04,5.95E-04,3.35E-04,2.58E-04,3.97E-04,4.57E-04,8.18E-04,6.03E-04,4.22E-04,3.78E-04,1.90E-04,2.57E-04,3.24E-04,2.40E-04,2.25E-04,1.88E-04,7.00E-04,7.20E-04,3.77E-04,1.16E-04
2736,1.60E-04,5.82E-04,3.19E-04,2.40E-04,3.75E-04,4.37E-04,7.71E-04,5.80E-04,4.04E-04,3.54E-04,1.82E-04,2.33E-04,3.22E-04,2.16E-04,1.89E-04,1.56E-04,6.68E-04,7.04E-04,3.62E-04,5.81E-05
2737,1.45E-04,5.67E-04,3.02E-04,2.24E-04,3.54E-04,4.19E-04,7.23E-04,5.57E-04,3.87E-04,3.31E-04,1.75E-04,2.10E-04,3.20E-04,1.92E-04,1.55E-04,1.24E-04,6.37E-04,6.86E-04,3.45E-04,-1.03E-06
2738,1.30E-04,5.52E-04,2.87E-04,2.07E-04,3.35E-04,4.01E-04,6.77E-04,5.34E-04,3.71E-04,3.08E-04,1.69E-04,1.88E-04,3.16E-04,1.70E-04,1.24E-04,9.29E-05,6.08E-04,6.67E-04,3.28E-04,-5.90E-05
2739,1.14E-04,5.37E-04,2.72E-04,1.92E-04,3.18E-04,3.85E-04,6.34E-04,5.11E-04,3.56E-04,2.86E-04,1.64E-04,1.67E-04,3.10E-04,1.49E-04,9.69E-05,6.37E-05,5.83E-04,6.48E-04,3.10E-04,-1.14E-04
2740,9.85E-05,5.21E-04,2.59E-04,1.79E-04,3.03E-04,3.71E-04,5.96E-04,4.90E-04,3.42E-04,2.64E-04,1.61E-04,1.49E-04,3.02E-04,1.30E-04,7.43E-05,3.64E-05,5.61E-04,6.30E-04,2.93E-04,-1.64E-04
2741,8.27E-05,5.05E-04,2.47E-04,1.66E-04,2.90E-04,3.58E-04,5.63E-04,4.70E-04,3.29E-04,2.44E-04,1.59E-04,1.32E-04,2.93E-04,1.13E-04,5.68E-05,1.16E-05,5.43E-04,6.12E-04,2.75E-04,-2.08E-04
2742,6.69E-05,4.90E-04,2.36E-04,1.55E-04,2.79E-04,3.47E-04,5.37E-04,4.51E-04,3.18E-04,2.26E-04,1.58E-04,1.18E-04,2.82E-04,9.85E-05,4.47E-05,-1.07E-05,5.29E-04,5.97E-04,2.59E-04,-2.44E-04
2743,5.17E-05,4.75E-04,2.27E-04,1.45E-04,2.70E-04,3.38E-04,5.19E-04,4.35E-04,3.09E-04,2.09E-04,1.58E-04,1.07E-04,2.71E-04,8.65E-05,3.80E-05,-3.02E-05,5.18E-04,5.83E-04,2.44E-04,-2.72E-04
2744,3.72E-05,4.62E-04,2.19E-04,1.37E-04,2.64E-04,3.31E-04,5.08E-04,4.20E-04,3.02E-04,1.95E-04,1.59E-04,9.81E-05,2.60E-04,7.73E-05,3.66E-05,-4.68E-05,5.11E-04,5.73E-04,2.30E-04,-2.91E-04
2745,2.40E-05,4.51E-04,2.13E-04,1.31E-04,2.60E-04,3.26E-04,5.04E-04,4.07E-04,2.97E-04,1.82E-04,1.60E-04,9.28E-05,2.50E-04,7.10E-05,3.99E-05,-6.04E-05,5.07E-04,5.66E-04,2.18E-04,-3.01E-04
2746,1.25E-05,4.42E-04,2.09E-04,1.26E-04,2.59E-04,3.24E-04,5.08E-04,3.97E-04,2.93E-04,1.71E-04,1.62E-04,9.04E-05,2.41E-04,6.79E-05,4.74E-05,-7.11E-05,5.05E-04,5.62E-04,2.09E-04,-3.02E-04
2747,3.41E-06,4.36E-04,2.06E-04,1.24E-04,2.60E-04,3.23E-04,5.18E-04,3.89E-04,2.92E-04,1.63E-04,1.63E-04,9.10E-05,2.34E-04,6.80E-05,5.84E-05,-7.89E-05,5.04E-04,5.60E-04,2.02E-04,-2.94E-04
2748,-2.88E-06,4.32E-04,2.06E-04,1.23E-04,2.63E-04,3.25E-04,5.33E-04,3.83E-04,2.92E-04,1.57E-04,1.64E-04,9.44E-05,2.30E-04,7.14E-05,7.20E-05,-8.38E-05,5.04E-04,5.62E-04,1.99E-04,-2.78E-04
2749,-5.87E-06,4.31E-04,2.07E-04,1.25E-04,2.68E-04,3.29E-04,5.52E-04,3.79E-04,2.93E-04,1.53E-04,1.64E-04,1.00E-04,2.29E-04,7.81E-05,8.73E-05,-8.61E-05,5.03E-04,5.66E-04,1.99E-04,-2.55E-04
2750,-5.15E-06,4.33E-04,2.10E-04,1.28E-04,2.75E-04,3.36E-04,5.74E-04,3.78E-04,2.96E-04,1.52E-04,1.64E-04,1.08E-04,2.31E-04,8.80E-05,1.04E-04,-8.57E-05,5.02E-04,5.71E-04,2.02E-04,-2.25E-04
2751,-4.76E-07,4.37E-04,2.14E-04,1.34E-04,2.84E-04,3.44E-04,5.98E-04,3.79E-04,2.99E-04,1.53E-04,1.64E-04,1.18E-04,2.36E-04,1.01E-04,1.20E-04,-8.29E-05,4.98E-04,5.78E-04,2.09E-04,-1.90E-04
2752,8.27E-06,4.43E-04,2.21E-04,1.42E-04,2.94E-04,3.55E-04,6.22E-04,3.82E-04,3.04E-04,1.56E-04,1.62E-04,1.30E-04,2.44E-04,1.17E-04,1.36E-04,-7.79E-05,4.93E-04,5.86E-04,2.18E-04,-1.49E-04
2753,2.10E-05,4.50E-04,2.29E-04,1.51E-04,3.07E-04,3.67E-04,6.45E-04,3.86E-04,3.10E-04,1.61E-04,1.60E-04,1.42E-04,2.55E-04,1.35E-04,1.51E-04,-7.08E-05,4.85E-04,5.94E-04,2.31E-04,-1.05E-04
2754,3.74E-05,4.59E-04,2.38E-04,1.63E-04,3.20E-04,3.81E-04,6.66E-04,3.92E-04,3.15E-04,1.67E-04,1.59E-04,1.55E-04,2.68E-04,1.55E-04,1.65E-04,-6.19E-05,4.76E-04,6.01E-04,2.45E-04,-5.66E-05
2755,5.72E-05,4.68E-04,2.49E-04,1.76E-04,3.34E-04,3.96E-04,6.84E-04,3.98E-04,3.21E-04,1.76E-04,1.57E-04,1.68E-04,2.82E-04,1.77E-04,1.77E-04,-5.14E-05,4.65E-04,6.08E-04,2.62E-04,-5.93E-06
2756,7.95E-05,4.78E-04,2.60E-04,1.90E-04,3.48E-04,4.13E-04,6.99E-04,4.06E-04,3.28E-04,1.85E-04,1.55E-04,1.81E-04,2.97E-04,2.00E-04,1.88E-04,-3.96E-05,4.53E-04,6.14E-04,2.79E-04,4.67E-05
2757,1.04E-04,4.87E-04,2.72E-04,2.06E-04,3.63E-04,4.30E-04,7.10E-04,4.13E-04,3.33E-04,1.95E-04,1.54E-04,1.93E-04,3.12E-04,2.24E-04,1.97E-04,-2.68E-05,4.40E-04,6.18E-04,2.96E-04,1.00E-04
2758,1.29E-04,4.95E-04,2.84E-04,2.23E-04,3.78E-04,4.47E-04,7.17E-04,4.21E-04,3.39E-04,2.06E-04,1.54E-04,2.04E-04,3.26E-04,2.47E-04,2.04E-04,-1.33E-05,4.28E-04,6.22E-04,3.13E-04,1.55E-04
2759,1.54E-04,5.02E-04,2.96E-04,2.40E-04,3.92E-04,4.64E-04,7.20E-04,4.28E-04,3.44E-04,2.17E-04,1.55E-04,2.13E-04,3.39E-04,2.70E-04,2.10E-04,5.85E-07,4.17E-04,6.25E-04,3.29E-04,2.08E-04
2760,1.78E-04,5.07E-04,3.07E-04,2.57E-04,4.06E-04,4.80E-04,7.19E-04,4.34E-04,3.48E-04,2.28E-04,1.57E-04,2.22E-04,3.49E-04,2.91E-04,2.14E-04,1.44E-05,4.07E-04,6.28E-04,3.44E-04,2.60E-04
2761,1.99E-04,5.10E-04,3.17E-04,2.74E-04,4.19E-04,4.96E-04,7.15E-04,4.39E-04,3.52E-04,2.39E-04,1.61E-04,2.29E-04,3.57E-04,3.10E-04,2.18E-04,2.78E-05,4.01E-04,6.30E-04,3.56E-04,3.10E-04
2762,2.18E-04,5.12E-04,3.27E-04,2.90E-04,4.31E-04,5.10E-04,7.07E-04,4.43E-04,3.55E-04,2.49E-04,1.66E-04,2.34E-04,3.63E-04,3.27E-04,2.21E-04,4.04E-05,3.96E-04,6.32E-04,3.66E-04,3.57E-04
2763,2.34E-04,5.12E-04,3.34E-04,3.05E-04,4.41E-04,5.22E-04,6.97E-04,4.45E-04,3.57E-04,2.58E-04,1.73E-04,2.39E-04,3.65E-04,3.41E-04,2.23E-04,5.18E-05,3.95E-04,6.35E-04,3.73E-04,3.99E-04
2764,2.45E-04,5.10E-04,3.40E-04,3.18E-04,4.50E-04,5.33E-04,6.85E-04,4.45E-04,3.57E-04,2.65E-04,1.81E-04,2.42E-04,3.65E-04,3.52E-04,2.24E-04,6.17E-05,3.97E-04,6.38E-04,3.78E-04,4.36E-04
2765,2.51E-04,5.08E-04,3.44E-04,3.30E-04,4.58E-04,5.42E-04,6.72E-04,4.43E-04,3.57E-04,2.71E-04,1.90E-04,2.45E-04,3.62E-04,3.60E-04,2.25E-04,6.99E-05,4.02E-04,6.42E-04,3.80E-04,4.67E-04
2766,2.54E-04,5.04E-04,3.46E-04,3.39E-04,4.64E-04,5.48E-04,6.57E-04,4.39E-04,3.56E-04,2.76E-04,1.99E-04,2.47E-04,3.58E-04,3.64E-04,2.25E-04,7.60E-05,4.09E-04,6.48E-04,3.80E-04,4.90E-04
2767,2.51E-04,4.99E-04,3.46E-04,3.47E-04,4.69E-04,5.53E-04,6.42E-04,4.34E-04,3.54E-04,2.79E-04,2.10E-04,2.50E-04,3.51E-04,3.65E-04,2.25E-04,8.01E-05,4.18E-04,6.55E-04,3.79E-04,5.05E-04
2768,2.45E-04,4.94E-04,3.44E-04,3.51E-04,4.73E-04,5.55E-04,6.27E-04,4.26E-04,3.52E-04,2.81E-04,2.20E-04,2.52E-04,3.44E-04,3.63E-04,2.24E-04,8.21E-05,4.29E-04,6.63E-04,3.76E-04,5.12E-04
2769,2.36E-04,4.89E-04,3.41E-04,3.54E-04,4.75E-04,5.56E-04,6.12E-04,4.17E-04,3.48E-04,2.81E-04,2.31E-04,2.55E-04,3.36E-04,3.58E-04,2.22E-04,8.21E-05,4.39E-04,6.71E-04,3.73E-04,5.10E-04
2770,2.24E-04,4.83E-04,3.36E-04,3.54E-04,4.77E-04,5.55E-04,5.98E-04,4.07E-04,3.45E-04,2.79E-04,2.41E-04,2.59E-04,3.29E-04,3.51E-04,2.20E-04,8.03E-05,4.49E-04,6.81E-04,3.70E-04,4.99E-04
2771,2.11E-04,4.78E-04,3.31E-04,3.52E-04,4.77E-04,5.53E-04,5.85E-04,3.95E-04,3.41E-04,2.77E-04,2.52E-04,2.64E-04,3.22E-04,3.43E-04,2.17E-04,7.72E-05,4.57E-04,6.91E-04,3.68E-04,4.81E-04
2772,1.96E-04,4.73E-04,3.25E-04,3.49E-04,4.78E-04,5.50E-04,5.72E-04,3.83E-04,3.37E-04,2.74E-04,2.61E-04,2.70E-04,3.16E-04,3.33E-04,2.14E-04,7.30E-05,4.64E-04,7.01E-04,3.68E-04,4.56E-04
2773,1.83E-04,4.68E-04,3.19E-04,3.44E-04,4.78E-04,5.47E-04,5.61E-04,3.71E-04,3.33E-04,2.70E-04,2.71E-04,2.77E-04,3.11E-04,3.23E-04,2.11E-04,6.84E-05,4.68E-04,7.11E-04,3.69E-04,4.24E-04
2774,1.70E-04,4.64E-04,3.14E-04,3.38E-04,4.78E-04,5.44E-04,5.51E-04,3.59E-04,3.29E-04,2.66E-04,2.80E-04,2.85E-04,3.08E-04,3.13E-04,2.07E-04,6.38E-05,4.70E-04,7.20E-04,3.72E-04,3.89E-04
2775,1.59E-04,4.59E-04,3.09E-04,3.31E-04,4.80E-04,5.41E-04,5.42E-04,3.48E-04,3.26E-04,2.62E-04,2.89E-04,2.94E-04,3.07E-04,3.04E-04,2.04E-04,6.00E-05,4.70E-04,7.28E-04,3.77E-04,3.51E-04
2776,1.51E-04,4.55E-04,3.06E-04,3.25E-04,4.82E-04,5.39E-04,5.34E-04,3.37E-04,3.23E-04,2.58E-04,2.99E-04,3.03E-04,3.07E-04,2.96E-04,2.02E-04,5.73E-05,4.67E-04,7.34E-04,3.85E-04,3.12E-04
2777,1.45E-04,4.50E-04,3.05E-04,3.19E-04,4.85E-04,5.39E-04,5.28E-04,3.28E-04,3.22E-04,2.56E-04,3.08E-04,3.14E-04,3.08E-04,2.90E-04,2.01E-04,5.64E-05,4.63E-04,7.39E-04,3.94E-04,2.74E-04
2778,1.43E-04,4.46E-04,3.06E-04,3.14E-04,4.90E-04,5.39E-04,5.23E-04,3.20E-04,3.22E-04,2.54E-04,3.19E-04,3.24E-04,3.11E-04,2.86E-04,2.02E-04,5.78E-05,4.57E-04,7.42E-04,4.05E-04,2.39E-04
2779,1.44E-04,4.41E-04,3.10E-04,3.10E-04,4.97E-04,5.42E-04,5.19E-04,3.15E-04,3.22E-04,2.54E-04,3.30E-04,3.35E-04,3.14E-04,2.85E-04,2.05E-04,6.16E-05,4.51E-04,7.44E-04,4.17E-04,2.08E-04
2780,1.47E-04,4.36E-04,3.16E-04,3.09E-04,5.06E-04,5.46E-04,5.16E-04,3.12E-04,3.25E-04,2.55E-04,3.43E-04,3.46E-04,3.19E-04,2.86E-04,2.10E-04,6.82E-05,4.45E-04,7.45E-04,4.30E-04,1.84E-04
2781,1.53E-04,4.31E-04,3.24E-04,3.09E-04,5.17E-04,5.52E-04,5.15E-04,3.11E-04,3.28E-04,2.58E-04,3.57E-04,3.58E-04,3.23E-04,2.90E-04,2.18E-04,7.76E-05,4.40E-04,7.44E-04,4.43E-04,1.67E-04
2782,1.60E-04,4.27E-04,3.35E-04,3.12E-04,5.30E-04,5.59E-04,5.15E-04,3.12E-04,3.33E-04,2.62E-04,3.73E-04,3.69E-04,3.28E-04,2.97E-04,2.28E-04,8.98E-05,4.36E-04,7.42E-04,4.55E-04,1.57E-04
2783,1.69E-04,4.22E-04,3.49E-04,3.17E-04,5.46E-04,5.69E-04,5.16E-04,3.16E-04,3.38E-04,2.68E-04,3.90E-04,3.80E-04,3.32E-04,3.06E-04,2.40E-04,1.04E-04,4.35E-04,7.41E-04,4.66E-04,1.55E-04
2784,1.78E-04,4.18E-04,3.64E-04,3.24E-04,5.63E-04,5.79E-04,5.17E-04,3.22E-04,3.45E-04,2.75E-04,4.08E-04,3.91E-04,3.36E-04,3.16E-04,2.54E-04,1.21E-04,4.36E-04,7.39E-04,4.77E-04,1.60E-04
2785,1.87E-04,4.14E-04,3.81E-04,3.34E-04,5.83E-04,5.91E-04,5.20E-04,3.30E-04,3.53E-04,2.84E-04,4.27E-04,4.03E-04,3.40E-04,3.29E-04,2.70E-04,1.39E-04,4.40E-04,7.37E-04,4.85E-04,1.71E-04
2786,1.94E-04,4.11E-04,3.99E-04,3.45E-04,6.03E-04,6.04E-04,5.22E-04,3.39E-04,3.61E-04,2.93E-04,4.47E-04,4.15E-04,3.44E-04,3.42E-04,2.86E-04,1.58E-04,4.46E-04,7.37E-04,4.91E-04,1.87E-04
2787,2.00E-04,4.08E-04,4.18E-04,3.57E-04,6.25E-04,6.17E-04,5.25E-04,3.50E-04,3.69E-04,3.03E-04,4.67E-04,4.28E-04,3.47E-04,3.57E-04,3.03E-04,1.78E-04,4.55E-04,7.37E-04,4.95E-04,2.07E-04
2788,2.04E-04,4.06E-04,4.37E-04,3.70E-04,6.47E-04,6.30E-04,5.27E-04,3.61E-04,3.77E-04,3.13E-04,4.87E-04,4.42E-04,3.50E-04,3.71E-04,3.19E-04,1.97E-04,4.66E-04,7.39E-04,4.97E-04,2.28E-04
2789,2.06E-04,4.04E-04,4.55E-04,3.83E-04,6.68E-04,6.42E-04,5.29E-04,3.73E-04,3.85E-04,3.23E-04,5.06E-04,4.58E-04,3.53E-04,3.84E-04,3.35E-04,2.15E-04,4.78E-04,7.42E-04,4.97E-04,2.48E-04
2790,2.06E-04,4.02E-04,4.72E-04,3.96E-04,6.89E-04,6.53E-04,5.30E-04,3.85E-04,3.93E-04,3.32E-04,5.24E-04,4.74E-04,3.56E-04,3.97E-04,3.48E-04,2.32E-04,4.91E-04,7.47E-04,4.95E-04,2.67E-04
2791,2.03E-04,4.00E-04,4.87E-04,4.08E-04,7.08E-04,6.63E-04,5.30E-04,3.96E-04,3.99E-04,3.40E-04,5.40E-04,4.92E-04,3.59E-04,4.08E-04,3.59E-04,2.46E-04,5.03E-04,7.52E-04,4.91E-04,2.81E-04
2792,1.98E-04,3.98E-04,5.00E-04,4.19E-04,7.25E-04,6.72E-04,5.28E-04,4.06E-04,4.04E-04,3.47E-04,5.53E-04,5.11E-04,3.63E-04,4.18E-04,3.67E-04,2.58E-04,5.15E-04,7.58E-04,4.87E-04,2.90E-04
2793,1.92E-04,3.96E-04,5.11E-04,4.28E-04,7.39E-04,6.78E-04,5.25E-04,4.15E-04,4.08E-04,3.53E-04,5.64E-04,5.31E-04,3.67E-04,4.25E-04,3.72E-04,2.67E-04,5.25E-04,7.64E-04,4.81E-04,2.92E-04
2794,1.85E-04,3.92E-04,5.19E-04,4.36E-04,7.50E-04,6.82E-04,5.20E-04,4.22E-04,4.10E-04,3.56E-04,5.72E-04,5.51E-04,3.70E-04,4.30E-04,3.75E-04,2.73E-04,5.32E-04,7.71E-04,4.74E-04,2.87E-04
2795,1.78E-04,3.88E-04,5.24E-04,4.41E-04,7.58E-04,6.83E-04,5.12E-04,4.26E-04,4.10E-04,3.58E-04,5.78E-04,5.72E-04,3.74E-04,4.32E-04,3.74E-04,2.77E-04,5.36E-04,7.77E-04,4.68E-04,2.74E-04
2796,1.71E-04,3.82E-04,5.26E-04,4.45E-04,7.62E-04,6.83E-04,5.03E-04,4.28E-04,4.09E-04,3.58E-04,5.81E-04,5.93E-04,3.78E-04,4.33E-04,3.71E-04,2.77E-04,5.37E-04,7.81E-04,4.61E-04,2.54E-04
2797,1.66E-04,3.75E-04,5.26E-04,4.46E-04,7.62E-04,6.80E-04,4.92E-04,4.28E-04,4.06E-04,3.57E-04,5.82E-04,6.13E-04,3.82E-04,4.31E-04,3.66E-04,2.76E-04,5.34E-04,7.85E-04,4.54E-04,2.28E-04
2798,1.62E-04,3.66E-04,5.23E-04,4.45E-04,7.59E-04,6.75E-04,4.79E-04,4.26E-04,4.02E-04,3.53E-04,5.81E-04,6.31E-04,3.86E-04,4.28E-04,3.60E-04,2.73E-04,5.28E-04,7.86E-04,4.48E-04,1.96E-04
2799,1.61E-04,3.56E-04,5.19E-04,4.44E-04,7.53E-04,6.68E-04,4.64E-04,4.22E-04,3.96E-04,3.49E-04,5.78E-04,6.48E-04,3.89E-04,4.23E-04,3.53E-04,2.69E-04,5.18E-04,7.85E-04,4.42E-04,1.60E-04
2800,1.62E-04,3.45E-04,5.12E-04,4.41E-04,7.45E-04,6.59E-04,4.48E-04,4.15E-04,3.90E-04,3.43E-04,5.75E-04,6.62E-04,3.91E-04,4.17E-04,3.47E-04,2.64E-04,5.05E-04,7.82E-04,4.36E-04,1.22E-04
2801,1.67E-04,3.34E-04,5.05E-04,4.38E-04,7.35E-04,6.50E-04,4.32E-04,4.08E-04,3.84E-04,3.37E-04,5.71E-04,6.73E-04,3.92E-04,4.11E-04,3.42E-04,2.59E-04,4.89E-04,7.76E-04,4.30E-04,8.44E-05
2802,1.74E-04,3.21E-04,4.97E-04,4.34E-04,7.23E-04,6.40E-04,4.15E-04,3.99E-04,3.77E-04,3.30E-04,5.67E-04,6.81E-04,3.92E-04,4.05E-04,3.38E-04,2.55E-04,4.72E-04,7.69E-04,4.25E-04,4.84E-05
2803,1.84E-04,3.09E-04,4.89E-04,4.31E-04,7.12E-04,6.30E-04,3.99E-04,3.90E-04,3.70E-04,3.23E-04,5.64E-04,6.85E-04,3.91E-04,3.99E-04,3.38E-04,2.51E-04,4.53E-04,7.59E-04,4.20E-04,1.60E-05
2804,1.96E-04,2.98E-04,4.81E-04,4.29E-04,7.01E-04,6.20E-04,3.83E-04,3.81E-04,3.64E-04,3.17E-04,5.62E-04,6.86E-04,3.89E-04,3.95E-04,3.39E-04,2.49E-04,4.33E-04,7.47E-04,4.15E-04,-1.11E-05
2805,2.11E-04,2.88E-04,4.74E-04,4.28E-04,6.91E-04,6.10E-04,3.68E-04,3.73E-04,3.59E-04,3.12E-04,5.61E-04,6.84E-04,3.86E-04,3.91E-04,3.45E-04,2.49E-04,4.14E-04,7.34E-04,4.11E-04,-3.16E-05
2806,2.27E-04,2.79E-04,4.69E-04,4.29E-04,6.83E-04,6.02E-04,3.55E-04,3.66E-04,3.55E-04,3.08E-04,5.62E-04,6.79E-04,3.82E-04,3.89E-04,3.53E-04,2.50E-04,3.95E-04,7.21E-04,4.06E-04,-4.48E-05
2807,2.44E-04,2.73E-04,4.65E-04,4.31E-04,6.78E-04,5.95E-04,3.45E-04,3.61E-04,3.53E-04,3.05E-04,5.65E-04,6.72E-04,3.77E-04,3.88E-04,3.63E-04,2.54E-04,3.78E-04,7.07E-04,4.02E-04,-5.01E-05
2808,2.61E-04,2.68E-04,4.63E-04,4.35E-04,6.76E-04,5.90E-04,3.36E-04,3.57E-04,3.52E-04,3.03E-04,5.69E-04,6.63E-04,3.72E-04,3.89E-04,3.77E-04,2.59E-04,3.62E-04,6.93E-04,3.98E-04,-4.76E-05
2809,2.77E-04,2.67E-04,4.63E-04,4.41E-04,6.77E-04,5.87E-04,3.31E-04,3.57E-04,3.53E-04,3.03E-04,5.74E-04,6.53E-04,3.67E-04,3.92E-04,3.92E-04,2.65E-04,3.49E-04,6.80E-04,3.95E-04,-3.78E-05
2810,2.93E-04,2.68E-04,4.65E-04,4.47E-04,6.82E-04,5.85E-04,3.27E-04,3.58E-04,3.56E-04,3.04E-04,5.81E-04,6.42E-04,3.62E-04,3.96E-04,4.08E-04,2.73E-04,3.39E-04,6.68E-04,3.93E-04,-2.13E-05
2811,3.07E-04,2.71E-04,4.69E-04,4.54E-04,6.90E-04,5.84E-04,3.27E-04,3.63E-04,3.60E-04,3.07E-04,5.89E-04,6.32E-04,3.57E-04,4.01E-04,4.24E-04,2.82E-04,3.32E-04,6.57E-04,3.92E-04,6.01E-07
2812,3.18E-04,2.76E-04,4.74E-04,4.62E-04,7.00E-04,5.85E-04,3.28E-04,3.69E-04,3.65E-04,3.10E-04,5.97E-04,6.22E-04,3.54E-04,4.07E-04,4.39E-04,2.92E-04,3.28E-04,6.48E-04,3.91E-04,2.66E-05
2813,3.28E-04,2.82E-04,4.81E-04,4.70E-04,7.13E-04,5.87E-04,3.32E-04,3.78E-04,3.72E-04,3.14E-04,6.04E-04,6.15E-04,3.51E-04,4.13E-04,4.53E-04,3.01E-04,3.28E-04,6.40E-04,3.93E-04,5.53E-05
2814,3.34E-04,2.89E-04,4.88E-04,4.77E-04,7.28E-04,5.90E-04,3.38E-04,3.89E-04,3.80E-04,3.18E-04,6.12E-04,6.09E-04,3.50E-04,4.18E-04,4.65E-04,3.10E-04,3.31E-04,6.33E-04,3.95E-04,8.51E-05
2815,3.39E-04,2.95E-04,4.96E-04,4.83E-04,7.43E-04,5.93E-04,3.44E-04,4.01E-04,3.87E-04,3.21E-04,6.18E-04,6.05E-04,3.50E-04,4.23E-04,4.75E-04,3.19E-04,3.37E-04,6.28E-04,3.99E-04,1.15E-04
2816,3.41E-04,3.01E-04,5.04E-04,4.87E-04,7.59E-04,5.95E-04,3.51E-04,4.14E-04,3.95E-04,3.25E-04,6.23E-04,6.03E-04,3.52E-04,4.26E-04,4.81E-04,3.27E-04,3.46E-04,6.23E-04,4.04E-04,1.42E-04
2817,3.41E-04,3.06E-04,5.11E-04,4.90E-04,7.74E-04,5.97E-04,3.58E-04,4.27E-04,4.03E-04,3.27E-04,6.27E-04,6.03E-04,3.54E-04,4.28E-04,4.83E-04,3.33E-04,3.58E-04,6.19E-04,4.10E-04,1.67E-04
2818,3.39E-04,3.08E-04,5.18E-04,4.90E-04,7.87E-04,5.98E-04,3.64E-04,4.40E-04,4.10E-04,3.28E-04,6.29E-04,6.05E-04,3.58E-04,4.27E-04,4.82E-04,3.39E-04,3.73E-04,6.16E-04,4.16E-04,1.88E-04
2819,3.36E-04,3.07E-04,5.23E-04,4.88E-04,7.98E-04,5.97E-04,3.69E-04,4.51E-04,4.15E-04,3.27E-04,6.30E-04,6.09E-04,3.63E-04,4.23E-04,4.77E-04,3.43E-04,3.90E-04,6.12E-04,4.23E-04,2.04E-04
2820,3.33E-04,3.03E-04,5.27E-04,4.84E-04,8.06E-04,5.94E-04,3.72E-04,4.61E-04,4.20E-04,3.24E-04,6.28E-04,6.14E-04,3.67E-04,4.17E-04,4.69E-04,3.45E-04,4.09E-04,6.07E-04,4.28E-04,2.15E-04
2821,3.29E-04,2.95E-04,5.28E-04,4.77E-04,8.10E-04,5.88E-04,3.73E-04,4.69E-04,4.23E-04,3.20E-04,6.26E-04,6.19E-04,3.72E-04,4.08E-04,4.58E-04,3.46E-04,4.29E-04,6.01E-04,4.33E-04,2.21E-04
2822,3.26E-04,2.84E-04,5.28E-04,4.69E-04,8.12E-04,5.81E-04,3.71E-04,4.74E-04,4.24E-04,3.14E-04,6.22E-04,6.24E-04,3.77E-04,3.97E-04,4.45E-04,3.46E-04,4.50E-04,5.95E-04,4.35E-04,2.21E-04
2823,3.23E-04,2.69E-04,5.26E-04,4.60E-04,8.09E-04,5.72E-04,3.67E-04,4.77E-04,4.23E-04,3.06E-04,6.16E-04,6.28E-04,3.81E-04,3.84E-04,4.29E-04,3.45E-04,4.70E-04,5.86E-04,4.36E-04,2.16E-04
2824,3.21E-04,2.52E-04,5.22E-04,4.50E-04,8.03E-04,5.60E-04,3.59E-04,4.76E-04,4.21E-04,2.97E-04,6.09E-04,6.31E-04,3.84E-04,3.68E-04,4.12E-04,3.42E-04,4.89E-04,5.76E-04,4.33E-04,2.07E-04
2825,3.20E-04,2.32E-04,5.16E-04,4.40E-04,7.94E-04,5.46E-04,3.49E-04,4.73E-04,4.16E-04,2.87E-04,6.02E-04,6.32E-04,3.86E-04,3.52E-04,3.94E-04,3.39E-04,5.06E-04,5.65E-04,4.28E-04,1.94E-04
2826,3.20E-04,2.11E-04,5.09E-04,4.30E-04,7.83E-04,5.32E-04,3.36E-04,4.66E-04,4.11E-04,2.75E-04,5.93E-04,6.32E-04,3.86E-04,3.34E-04,3.75E-04,3.35E-04,5.21E-04,5.52E-04,4.19E-04,1.78E-04
2827,3.22E-04,1.89E-04,5.00E-04,4.21E-04,7.69E-04,5.16E-04,3.21E-04,4.58E-04,4.04E-04,2.64E-04,5.83E-04,6.29E-04,3.84E-04,3.16E-04,3.56E-04,3.31E-04,5.32E-04,5.38E-04,4.08E-04,1.59E-04
2828,3.25E-04,1.67E-04,4.91E-04,4.13E-04,7.53E-04,4.99E-04,3.05E-04,4.46E-04,3.96E-04,2.52E-04,5.73E-04,6.24E-04,3.81E-04,2.98E-04,3.37E-04,3.26E-04,5.38E-04,5.24E-04,3.93E-04,1.38E-04
2829,3.29E-04,1.46E-04,4.81E-04,4.07E-04,7.37E-04,4.82E-04,2.87E-04,4.34E-04,3.88E-04,2.41E-04,5.61E-04,6.18E-04,3.76E-04,2.81E-04,3.19E-04,3.20E-04,5.40E-04,5.09E-04,3.76E-04,1.17E-04
2830,3.34E-04,1.26E-04,4.71E-04,4.03E-04,7.21E-04,4.66E-04,2.68E-04,4.20E-04,3.79E-04,2.30E-04,5.48E-04,6.09E-04,3.69E-04,2.66E-04,3.00E-04,3.14E-04,5.37E-04,4.93E-04,3.58E-04,9.58E-05
2831,3.39E-04,1.08E-04,4.61E-04,4.01E-04,7.05E-04,4.50E-04,2.48E-04,4.05E-04,3.70E-04,2.20E-04,5.33E-04,5.99E-04,3.61E-04,2.52E-04,2.81E-04,3.07E-04,5.27E-04,4.78E-04,3.38E-04,7.53E-05
2832,3.44E-04,9.36E-05,4.52E-04,4.01E-04,6.91E-04,4.36E-04,2.29E-04,3.90E-04,3.61E-04,2.12E-04,5.16E-04,5.87E-04,3.51E-04,2.40E-04,2.63E-04,2.99E-04,5.12E-04,4.63E-04,3.17E-04,5.63E-05
2833,3.49E-04,8.18E-05,4.44E-04,4.03E-04,6.78E-04,4.23E-04,2.11E-04,3.75E-04,3.52E-04,2.05E-04,4.97E-04,5.75E-04,3.41E-04,2.31E-04,2.45E-04,2.91E-04,4.92E-04,4.48E-04,2.97E-04,3.93E-05
2834,3.53E-04,7.31E-05,4.36E-04,4.06E-04,6.66E-04,4.12E-04,1.93E-04,3.61E-04,3.44E-04,2.00E-04,4.77E-04,5.62E-04,3.29E-04,2.24E-04,2.28E-04,2.83E-04,4.67E-04,4.35E-04,2.78E-04,2.50E-05
2835,3.57E-04,6.76E-05,4.30E-04,4.11E-04,6.56E-04,4.03E-04,1.77E-04,3.49E-04,3.36E-04,1.96E-04,4.54E-04,5.48E-04,3.17E-04,2.18E-04,2.10E-04,2.74E-04,4.37E-04,4.22E-04,2.62E-04,1.38E-05
2836,3.59E-04,6.50E-05,4.26E-04,4.16E-04,6.48E-04,3.96E-04,1.61E-04,3.37E-04,3.29E-04,1.94E-04,4.28E-04,5.34E-04,3.05E-04,2.15E-04,1.93E-04,2.64E-04,4.04E-04,4.10E-04,2.48E-04,6.04E-06
2837,3.60E-04,6.51E-05,4.23E-04,4.21E-04,6.42E-04,3.91E-04,1.47E-04,3.28E-04,3.23E-04,1.93E-04,4.01E-04,5.20E-04,2.93E-04,2.14E-04,1.76E-04,2.55E-04,3.69E-04,3.98E-04,2.37E-04,2.04E-06
2838,3.59E-04,6.75E-05,4.21E-04,4.26E-04,6.38E-04,3.87E-04,1.34E-04,3.20E-04,3.17E-04,1.92E-04,3.72E-04,5.07E-04,2.82E-04,2.14E-04,1.60E-04,2.45E-04,3.33E-04,3.87E-04,2.30E-04,1.93E-06
2839,3.57E-04,7.17E-05,4.20E-04,4.30E-04,6.34E-04,3.84E-04,1.23E-04,3.14E-04,3.13E-04,1.93E-04,3.42E-04,4.93E-04,2.70E-04,2.15E-04,1.45E-04,2.35E-04,2.97E-04,3.76E-04,2.26E-04,5.70E-06
2840,3.53E-04,7.72E-05,4.20E-04,4.33E-04,6.31E-04,3.82E-04,1.12E-04,3.09E-04,3.08E-04,1.94E-04,3.11E-04,4.79E-04,2.59E-04,2.16E-04,1.31E-04,2.25E-04,2.63E-04,3.66E-04,2.26E-04,1.32E-05
2841,3.48E-04,8.35E-05,4.21E-04,4.33E-04,6.29E-04,3.80E-04,1.02E-04,3.07E-04,3.04E-04,1.94E-04,2.80E-04,4.65E-04,2.49E-04,2.18E-04,1.19E-04,2.16E-04,2.32E-04,3.55E-04,2.29E-04,2.43E-05
2842,3.41E-04,9.02E-05,4.23E-04,4.32E-04,6.28E-04,3.79E-04,9.34E-05,3.05E-04,3.00E-04,1.95E-04,2.49E-04,4.51E-04,2.39E-04,2.19E-04,1.09E-04,2.08E-04,2.06E-04,3.44E-04,2.34E-04,3.83E-05
2843,3.33E-04,9.69E-05,4.25E-04,4.28E-04,6.25E-04,3.77E-04,8.48E-05,3.05E-04,2.97E-04,1.95E-04,2.21E-04,4.37E-04,2.30E-04,2.19E-04,1.01E-04,2.01E-04,1.84E-04,3.32E-04,2.41E-04,5.49E-05
2844,3.23E-04,1.03E-04,4.27E-04,4.22E-04,6.23E-04,3.75E-04,7.66E-05,3.05E-04,2.94E-04,1.94E-04,1.95E-04,4.22E-04,2.21E-04,2.18E-04,9.54E-05,1.95E-04,1.68E-04,3.20E-04,2.49E-04,7.31E-05
2845,3.12E-04,1.09E-04,4.29E-04,4.14E-04,6.20E-04,3.72E-04,6.87E-05,3.06E-04,2.90E-04,1.92E-04,1.72E-04,4.07E-04,2.12E-04,2.16E-04,9.21E-05,1.91E-04,1.59E-04,3.07E-04,2.57E-04,9.22E-05
2846,3.00E-04,1.13E-04,4.30E-04,4.04E-04,6.16E-04,3.68E-04,6.12E-05,3.08E-04,2.87E-04,1.90E-04,1.53E-04,3.92E-04,2.04E-04,2.13E-04,9.10E-05,1.89E-04,1.55E-04,2.94E-04,2.64E-04,1.11E-04
2847,2.87E-04,1.17E-04,4.30E-04,3.92E-04,6.12E-04,3.62E-04,5.40E-05,3.09E-04,2.84E-04,1.86E-04,1.39E-04,3.76E-04,1.96E-04,2.08E-04,9.19E-05,1.88E-04,1.58E-04,2.81E-04,2.69E-04,1.29E-04
2848,2.73E-04,1.19E-04,4.30E-04,3.78E-04,6.06E-04,3.55E-04,4.73E-05,3.11E-04,2.80E-04,1.81E-04,1.29E-04,3.61E-04,1.88E-04,2.02E-04,9.44E-05,1.89E-04,1.66E-04,2.67E-04,2.72E-04,1.45E-04
2849,2.58E-04,1.21E-04,4.28E-04,3.64E-04,6.00E-04,3.47E-04,4.12E-05,3.12E-04,2.77E-04,1.75E-04,1.24E-04,3.46E-04,1.80E-04,1.94E-04,9.80E-05,1.91E-04,1.78E-04,2.53E-04,2.71E-04,1.58E-04
2850,2.42E-04,1.20E-04,4.25E-04,3.48E-04,5.93E-04,3.37E-04,3.57E-05,3.13E-04,2.74E-04,1.67E-04,1.24E-04,3.31E-04,1.71E-04,1.85E-04,1.02E-04,1.95E-04,1.94E-04,2.39E-04,2.67E-04,1.66E-04
2851,2.25E-04,1.19E-04,4.20E-04,3.33E-04,5.85E-04,3.26E-04,3.10E-05,3.13E-04,2.70E-04,1.59E-04,1.28E-04,3.17E-04,1.62E-04,1.75E-04,1.06E-04,1.99E-04,2.11E-04,2.26E-04,2.60E-04,1.71E-04
2852,2.08E-04,1.15E-04,4.13E-04,3.17E-04,5.76E-04,3.14E-04,2.71E-05,3.13E-04,2.67E-04,1.50E-04,1.36E-04,3.04E-04,1.52E-04,1.65E-04,1.08E-04,2.04E-04,2.28E-04,2.13E-04,2.48E-04,1.69E-04
2853,1.90E-04,1.10E-04,4.04E-04,3.01E-04,5.66E-04,3.01E-04,2.40E-05,3.12E-04,2.63E-04,1.40E-04,1.47E-04,2.92E-04,1.41E-04,1.53E-04,1.09E-04,2.08E-04,2.45E-04,2.01E-04,2.34E-04,1.63E-04
2854,1.72E-04,1.03E-04,3.94E-04,2.85E-04,5.55E-04,2.87E-04,2.16E-05,3.10E-04,2.60E-04,1.30E-04,1.59E-04,2.82E-04,1.30E-04,1.41E-04,1.08E-04,2.11E-04,2.58E-04,1.90E-04,2.16E-04,1.50E-04
2855,1.54E-04,9.32E-05,3.81E-04,2.70E-04,5.43E-04,2.72E-04,1.97E-05,3.07E-04,2.56E-04,1.18E-04,1.72E-04,2.73E-04,1.17E-04,1.27E-04,1.03E-04,2.12E-04,2.68E-04,1.79E-04,1.97E-04,1.32E-04
2856,1.35E-04,8.13E-05,3.67E-04,2.54E-04,5.29E-04,2.56E-04,1.79E-05,3.04E-04,2.51E-04,1.06E-04,1.84E-04,2.66E-04,1.03E-04,1.14E-04,9.50E-05,2.11E-04,2.72E-04,1.69E-04,1.75E-04,1.09E-04
2857,1.17E-04,6.68E-05,3.51E-04,2.38E-04,5.14E-04,2.39E-04,1.60E-05,2.99E-04,2.47E-04,9.34E-05,1.94E-04,2.59E-04,8.78E-05,9.90E-05,8.31E-05,2.07E-04,2.71E-04,1.59E-04,1.53E-04,8.12E-05
2858,9.82E-05,4.97E-05,3.33E-04,2.21E-04,4.97E-04,2.22E-04,1.35E-05,2.93E-04,2.41E-04,8.00E-05,2.02E-04,2.54E-04,7.14E-05,8.33E-05,6.74E-05,2.00E-04,2.63E-04,1.49E-04,1.31E-04,4.98E-05
2859,8.01E-05,2.98E-05,3.14E-04,2.04E-04,4.78E-04,2.04E-04,9.78E-06,2.86E-04,2.35E-04,6.58E-05,2.06E-04,2.48E-04,5.36E-05,6.65E-05,4.82E-05,1.88E-04,2.48E-04,1.39E-04,1.10E-04,1.56E-05
2860,6.24E-05,7.49E-06,2.93E-04,1.85E-04,4.57E-04,1.85E-04,4.43E-06,2.77E-04,2.28E-04,5.07E-05,2.05E-04,2.43E-04,3.47E-05,4.83E-05,2.56E-05,1.73E-04,2.27E-04,1.28E-04,8.92E-05,-2.04E-05
2861,4.52E-05,-1.71E-05,2.71E-04,1.64E-04,4.33E-04,1.65E-04,-3.06E-06,2.66E-04,2.19E-04,3.48E-05,1.99E-04,2.36E-04,1.45E-05,2.85E-05,1.90E-07,1.54E-04,1.99E-04,1.16E-04,7.05E-05,-5.71E-05
2862,2.85E-05,-4.36E-05,2.49E-04,1.41E-04,4.07E-04,1.44E-04,-1.31E-05,2.54E-04,2.10E-04,1.80E-05,1.88E-04,2.28E-04,-6.52E-06,6.95E-06,-2.73E-05,1.30E-04,1.67E-04,1.03E-04,5.36E-05,-9.36E-05
2863,1.24E-05,-7.15E-05,2.26E-04,1.17E-04,3.79E-04,1.23E-04,-2.60E-05,2.40E-04,1.99E-04,3.63E-07,1.72E-04,2.18E-04,-2.83E-05,-1.64E-05,-5.62E-05,1.03E-04,1.30E-04,8.84E-05,3.88E-05,-1.29E-04
2864,-3.20E-06,-9.99E-05,2.02E-04,8.95E-05,3.49E-04,9.96E-05,-4.20E-05,2.24E-04,1.86E-04,-1.81E-05,1.52E-04,2.06E-04,-5.06E-05,-4.17E-05,-8.57E-05,7.30E-05,8.94E-05,7.27E-05,2.58E-05,-1.62E-04
2865,-1.84E-05,-1.28E-04,1.79E-04,6.01E-05,3.17E-04,7.57E-05,-6.11E-05,2.07E-04,1.72E-04,-3.72E-05,1.28E-04,1.90E-04,-7.29E-05,-6.88E-05,-1.15E-04,4.02E-05,4.72E-05,5.58E-05,1.44E-05,-1.93E-04
2866,-3.33E-05,-1.56E-04,1.56E-04,2.87E-05,2.84E-04,5.09E-05,-8.29E-05,1.87E-04,1.57E-04,-5.67E-05,1.02E-04,1.72E-04,-9.50E-05,-9.75E-05,-1.43E-04,5.52E-06,4.30E-06,3.78E-05,4.24E-06,-2.20E-04
2867,-4.82E-05,-1.81E-04,1.34E-04,-4.62E-06,2.50E-04,2.55E-05,-1.07E-04,1.67E-04,1.41E-04,-7.65E-05,7.40E-05,1.50E-04,-1.16E-04,-1.28E-04,-1.70E-04,-3.00E-05,-3.81E-05,1.91E-05,-5.21E-06,-2.44E-04
2868,-6.30E-05,-2.04E-04,1.13E-04,-3.93E-05,2.16E-04,-2.54E-07,-1.34E-04,1.45E-04,1.24E-04,-9.63E-05,4.64E-05,1.24E-04,-1.37E-04,-1.59E-04,-1.95E-04,-6.55E-05,-7.87E-05,1.54E-07,-1.44E-05,-2.65E-04
2869,-7.81E-05,-2.24E-04,9.31E-05,-7.49E-05,1.83E-04,-2.60E-05,-1.61E-04,1.22E-04,1.07E-04,-1.16E-04,2.02E-05,9.58E-05,-1.55E-04,-1.90E-04,-2.17E-04,-9.99E-05,-1.17E-04,-1.84E-05,-2.40E-05,-2.82E-04
2870,-9.34E-05,-2.39E-04,7.53E-05,-1.11E-04,1.51E-04,-5.13E-05,-1.88E-04,9.91E-05,8.90E-05,-1.34E-04,-3.52E-06,6.48E-05,-1.72E-04,-2.21E-04,-2.36E-04,-1.32E-04,-1.51E-04,-3.60E-05,-3.42E-05,-2.95E-04
2871,-1.09E-04,-2.50E-04,5.95E-05,-1.46E-04,1.22E-04,-7.57E-05,-2.15E-04,7.62E-05,7.16E-05,-1.52E-04,-2.35E-05,3.16E-05,-1.86E-04,-2.51E-04,-2.52E-04,-1.62E-04,-1.82E-04,-5.20E-05,-4.54E-05,-3.05E-04
2872,-1.25E-04,-2.57E-04,4.59E-05,-1.80E-04,9.61E-05,-9.87E-05,-2.41E-04,5.38E-05,5.48E-05,-1.67E-04,-3.89E-05,-2.85E-06,-1.97E-04,-2.79E-04,-2.65E-04,-1.87E-04,-2.08E-04,-6.57E-05,-5.77E-05,-3.12E-04
2873,-1.42E-04,-2.58E-04,3.48E-05,-2.12E-04,7.36E-05,-1.20E-04,-2.63E-04,3.27E-05,3.91E-05,-1.81E-04,-4.92E-05,-3.79E-05,-2.05E-04,-3.05E-04,-2.76E-04,-2.08E-04,-2.29E-04,-7.65E-05,-7.12E-05,-3.16E-04
2874,-1.58E-04,-2.56E-04,2.62E-05,-2.41E-04,5.54E-05,-1.38E-04,-2.82E-04,1.33E-05,2.49E-05,-1.93E-04,-5.40E-05,-7.26E-05,-2.10E-04,-3.28E-04,-2.84E-04,-2.24E-04,-2.46E-04,-8.41E-05,-8.57E-05,-3.17E-04
2875,-1.74E-04,-2.49E-04,2.02E-05,-2.67E-04,4.18E-05,-1.54E-04,-2.97E-04,-3.75E-06,1.24E-05,-2.01E-04,-5.34E-05,-1.06E-04,-2.12E-04,-3.47E-04,-2.89E-04,-2.35E-04,-2.58E-04,-8.80E-05,-1.01E-04,-3.15E-04
2876,-1.90E-04,-2.39E-04,1.69E-05,-2.88E-04,3.30E-05,-1.66E-04,-3.06E-04,-1.81E-05,2.10E-06,-2.07E-04,-4.78E-05,-1.38E-04,-2.11E-04,-3.61E-04,-2.92E-04,-2.40E-04,-2.66E-04,-8.81E-05,-1.16E-04,-3.11E-04
2877,-2.04E-04,-2.27E-04,1.64E-05,-3.05E-04,2.91E-05,-1.75E-04,-3.11E-04,-2.92E-05,-5.85E-06,-2.10E-04,-3.79E-05,-1.66E-04,-2.07E-04,-3.70E-04,-2.94E-04,-2.40E-04,-2.70E-04,-8.44E-05,-1.30E-04,-3.04E-04
2878,-2.16E-04,-2.13E-04,1.85E-05,-3.17E-04,3.00E-05,-1.80E-04,-3.10E-04,-3.67E-05,-1.13E-05,-2.10E-04,-2.46E-05,-1.91E-04,-2.00E-04,-3.74E-04,-2.94E-04,-2.34E-04,-2.71E-04,-7.70E-05,-1.43E-04,-2.94E-04
2879,-2.26E-04,-1.99E-04,2.31E-05,-3.24E-04,3.55E-05,-1.81E-04,-3.04E-04,-4.05E-05,-1.41E-05,-2.07E-04,-8.92E-06,-2.12E-04,-1.91E-04,-3.72E-04,-2.92E-04,-2.24E-04,-2.69E-04,-6.62E-05,-1.53E-04,-2.81E-04
2880,-2.33E-04,-1.84E-04,3.02E-05,-3.25E-04,4.51E-05,-1.79E-04,-2.92E-04,-4.04E-05,-1.44E-05,-2.01E-04,7.83E-06,-2.29E-04,-1.80E-04,-3.65E-04,-2.89E-04,-2.09E-04,-2.65E-04,-5.26E-05,-1.61E-04,-2.65E-04
2881,-2.35E-04,-1.71E-04,3.96E-05,-3.21E-04,5.84E-05,-1.72E-04,-2.77E-04,-3.63E-05,-1.21E-05,-1.92E-04,2.44E-05,-2.41E-04,-1.67E-04,-3.53E-04,-2.84E-04,-1.91E-04,-2.58E-04,-3.66E-05,-1.65E-04,-2.47E-04
2882,-2.34E-04,-1.59E-04,5.10E-05,-3.13E-04,7.47E-05,-1.63E-04,-2.57E-04,-2.83E-05,-7.52E-06,-1.80E-04,3.98E-05,-2.48E-04,-1.54E-04,-3.36E-04,-2.78E-04,-1.70E-04,-2.49E-04,-1.90E-05,-1.65E-04,-2.25E-04
2883,-2.28E-04,-1.49E-04,6.43E-05,-2.99E-04,9.33E-05,-1.50E-04,-2.35E-04,-1.68E-05,-8.16E-07,-1.66E-04,5.29E-05,-2.50E-04,-1.41E-04,-3.14E-04,-2.71E-04,-1.47E-04,-2.39E-04,-2.99E-07,-1.59E-04,-2.02E-04
2884,-2.16E-04,-1.42E-04,7.92E-05,-2.82E-04,1.14E-04,-1.35E-04,-2.10E-04,-1.92E-06,7.73E-06,-1.51E-04,6.29E-05,-2.47E-04,-1.27E-04,-2.88E-04,-2.62E-04,-1.23E-04,-2.27E-04,1.88E-05,-1.50E-04,-1.76E-04
2885,-1.99E-04,-1.37E-04,9.53E-05,-2.61E-04,1.35E-04,-1.18E-04,-1.85E-04,1.59E-05,1.78E-05,-1.33E-04,6.96E-05,-2.40E-04,-1.14E-04,-2.59E-04,-2.51E-04,-9.88E-05,-2.13E-04,3.76E-05,-1.35E-04,-1.49E-04
2886,-1.77E-04,-1.33E-04,1.12E-04,-2.37E-04,1.57E-04,-9.94E-05,-1.58E-04,3.62E-05,2.91E-05,-1.15E-04,7.26E-05,-2.29E-04,-1.02E-04,-2.27E-04,-2.39E-04,-7.45E-05,-1.97E-04,5.59E-05,-1.16E-04,-1.21E-04
2887,-1.51E-04,-1.32E-04,1.30E-04,-2.11E-04,1.78E-04,-8.00E-05,-1.32E-04,5.84E-05,4.14E-05,-9.60E-05,7.23E-05,-2.14E-04,-9.06E-05,-1.94E-04,-2.25E-04,-5.12E-05,-1.80E-04,7.31E-05,-9.30E-05,-9.32E-05
2888,-1.20E-04,-1.31E-04,1.48E-04,-1.83E-04,1.99E-04,-6.02E-05,-1.07E-04,8.21E-05,5.42E-05,-7.65E-05,6.90E-05,-1.96E-04,-8.03E-05,-1.60E-04,-2.09E-04,-2.93E-05,-1.61E-04,8.91E-05,-6.69E-05,-6.65E-05
2889,-8.57E-05,-1.30E-04,1.67E-04,-1.55E-04,2.19E-04,-4.06E-05,-8.30E-05,1.07E-04,6.74E-05,-5.69E-05,6.37E-05,-1.75E-04,-7.11E-05,-1.26E-04,-1.92E-04,-9.16E-06,-1.40E-04,1.04E-04,-3.85E-05,-4.18E-05
2890,-4.91E-05,-1.29E-04,1.85E-04,-1.26E-04,2.38E-04,-2.16E-05,-6.04E-05,1.32E-04,8.08E-05,-3.75E-05,5.72E-05,-1.52E-04,-6.27E-05,-9.26E-05,-1.74E-04,9.04E-06,-1.17E-04,1.18E-04,-9.01E-06,-2.00E-05
2891,-1.13E-05,-1.25E-04,2.02E-04,-9.85E-05,2.55E-04,-3.68E-06,-3.93E-05,1.57E-04,9.40E-05,-1.85E-05,5.08E-05,-1.27E-04,-5.48E-05,-6.06E-05,-1.55E-04,2.52E-05,-9.20E-05,1.31E-04,2.06E-05,-1.90E-06
2892,2.65E-05,-1.19E-04,2.18E-04,-7.20E-05,2.71E-04,1.30E-05,-1.95E-05,1.82E-04,1.07E-04,-7.33E-08,4.54E-05,-1.00E-04,-4.72E-05,-3.03E-05,-1.34E-04,3.94E-05,-6.55E-05,1.43E-04,4.91E-05,1.20E-05
2893,6.30E-05,-1.11E-04,2.34E-04,-4.71E-05,2.85E-04,2.81E-05,-8.86E-07,2.06E-04,1.20E-04,1.76E-05,4.23E-05,-7.24E-05,-3.94E-05,-2.37E-06,-1.14E-04,5.19E-05,-3.73E-05,1.55E-04,7.56E-05,2.13E-05
2894,9.68E-05,-9.82E-05,2.48E-04,-2.41E-05,2.98E-04,4.16E-05,1.69E-05,2.29E-04,1.33E-04,3.44E-05,4.22E-05,-4.39E-05,-3.11E-05,2.31E-05,-9.35E-05,6.30E-05,-7.91E-06,1.68E-04,9.91E-05,2.60E-05
2895,1.27E-04,-8.21E-05,2.60E-04,-3.37E-06,3.09E-04,5.33E-05,3.43E-05,2.51E-04,1.45E-04,5.04E-05,4.57E-05,-1.51E-05,-2.20E-05,4.58E-05,-7.33E-05,7.29E-05,2.24E-05,1.81E-04,1.19E-04,2.64E-05
2896,1.52E-04,-6.23E-05,2.72E-04,1.51E-05,3.19E-04,6.34E-05,5.16E-05,2.72E-04,1.57E-04,6.54E-05,5.33E-05,1.37E-05,-1.17E-05,6.58E-05,-5.35E-05,8.21E-05,5.33E-05,1.95E-04,1.35E-04,2.31E-05
2897,1.72E-04,-3.91E-05,2.81E-04,3.12E-05,3.29E-04,7.19E-05,6.91E-05,2.92E-04,1.68E-04,7.96E-05,6.48E-05,4.21E-05,-2.15E-07,8.33E-05,-3.43E-05,9.11E-05,8.41E-05,2.10E-04,1.46E-04,1.70E-05
2898,1.87E-04,-1.30E-05,2.89E-04,4.51E-05,3.37E-04,7.88E-05,8.72E-05,3.10E-04,1.79E-04,9.28E-05,7.99E-05,6.95E-05,1.27E-05,9.83E-05,-1.58E-05,1.00E-04,1.15E-04,2.26E-04,1.53E-04,9.32E-06
2899,1.95E-04,1.53E-05,2.96E-04,5.71E-05,3.45E-04,8.44E-05,1.06E-04,3.27E-04,1.90E-04,1.05E-04,9.77E-05,9.56E-05,2.68E-05,1.11E-04,1.95E-06,1.10E-04,1.44E-04,2.43E-04,1.56E-04,1.35E-06
2900,1.97E-04,4.48E-05,3.01E-04,6.74E-05,3.52E-04,8.89E-05,1.25E-04,3.43E-04,2.00E-04,1.17E-04,1.17E-04,1.20E-04,4.20E-05,1.22E-04,1.92E-05,1.20E-04,1.72E-04,2.59E-04,1.56E-04,-5.44E-06
2901,1.94E-04,7.46E-05,3.06E-04,7.64E-05,3.58E-04,9.22E-05,1.45E-04,3.59E-04,2.09E-04,1.27E-04,1.36E-04,1.42E-04,5.80E-05,1.32E-04,3.60E-05,1.31E-04,1.98E-04,2.76E-04,1.53E-04,-9.60E-06
2902,1.87E-04,1.04E-04,3.09E-04,8.44E-05,3.64E-04,9.46E-05,1.64E-04,3.73E-04,2.18E-04,1.37E-04,1.54E-04,1.61E-04,7.41E-05,1.41E-04,5.27E-05,1.44E-04,2.22E-04,2.92E-04,1.47E-04,-9.86E-06
2903,1.76E-04,1.31E-04,3.12E-04,9.18E-05,3.69E-04,9.62E-05,1.83E-04,3.86E-04,2.27E-04,1.45E-04,1.69E-04,1.76E-04,8.99E-05,1.49E-04,6.96E-05,1.58E-04,2.43E-04,3.06E-04,1.41E-04,-5.12E-06
2904,1.62E-04,1.56E-04,3.14E-04,9.90E-05,3.73E-04,9.70E-05,2.01E-04,3.99E-04,2.34E-04,1.52E-04,1.79E-04,1.88E-04,1.05E-04,1.56E-04,8.68E-05,1.72E-04,2.61E-04,3.17E-04,1.34E-04,5.35E-06
2905,1.47E-04,1.78E-04,3.16E-04,1.06E-04,3.76E-04,9.71E-05,2.18E-04,4.10E-04,2.39E-04,1.59E-04,1.83E-04,1.96E-04,1.18E-04,1.64E-04,1.05E-04,1.88E-04,2.76E-04,3.25E-04,1.28E-04,2.19E-05
2906,1.33E-04,1.96E-04,3.18E-04,1.14E-04,3.78E-04,9.63E-05,2.32E-04,4.21E-04,2.44E-04,1.63E-04,1.79E-04,1.99E-04,1.29E-04,1.72E-04,1.23E-04,2.05E-04,2.88E-04,3.30E-04,1.24E-04,4.45E-05
2907,1.19E-04,2.11E-04,3.20E-04,1.22E-04,3.80E-04,9.48E-05,2.44E-04,4.30E-04,2.47E-04,1.67E-04,1.67E-04,1.98E-04,1.36E-04,1.80E-04,1.43E-04,2.22E-04,2.96E-04,3.30E-04,1.22E-04,7.25E-05
2908,1.08E-04,2.21E-04,3.21E-04,1.31E-04,3.79E-04,9.24E-05,2.52E-04,4.38E-04,2.48E-04,1.69E-04,1.47E-04,1.92E-04,1.41E-04,1.88E-04,1.63E-04,2.39E-04,3.01E-04,3.25E-04,1.21E-04,1.05E-04
2909,1.01E-04,2.28E-04,3.23E-04,1.40E-04,3.78E-04,8.91E-05,2.57E-04,4.45E-04,2.46E-04,1.69E-04,1.17E-04,1.81E-04,1.42E-04,1.97E-04,1.83E-04,2.57E-04,3.03E-04,3.15E-04,1.24E-04,1.41E-04
2910,9.67E-05,2.32E-04,3.25E-04,1.49E-04,3.74E-04,8.46E-05,2.59E-04,4.50E-04,2.43E-04,1.68E-04,8.00E-05,1.67E-04,1.38E-04,2.06E-04,2.03E-04,2.73E-04,3.02E-04,3.01E-04,1.29E-04,1.78E-04
2911,9.71E-05,2.33E-04,3.26E-04,1.59E-04,3.69E-04,7.90E-05,2.57E-04,4.52E-04,2.38E-04,1.64E-04,3.59E-05,1.48E-04,1.31E-04,2.15E-04,2.23E-04,2.89E-04,2.98E-04,2.82E-04,1.37E-04,2.14E-04
2912,1.02E-04,2.32E-04,3.26E-04,1.68E-04,3.62E-04,7.22E-05,2.51E-04,4.53E-04,2.30E-04,1.59E-04,-1.37E-05,1.27E-04,1.20E-04,2.24E-04,2.41E-04,3.04E-04,2.91E-04,2.59E-04,1.46E-04,2.49E-04
2913,1.11E-04,2.31E-04,3.26E-04,1.77E-04,3.52E-04,6.41E-05,2.43E-04,4.51E-04,2.21E-04,1.52E-04,-6.69E-05,1.02E-04,1.06E-04,2.33E-04,2.58E-04,3.18E-04,2.82E-04,2.34E-04,1.57E-04,2.79E-04
2914,1.23E-04,2.28E-04,3.24E-04,1.85E-04,3.41E-04,5.46E-05,2.32E-04,4.47E-04,2.09E-04,1.42E-04,-1.22E-04,7.61E-05,8.82E-05,2.41E-04,2.71E-04,3.29E-04,2.69E-04,2.06E-04,1.69E-04,3.03E-04
2915,1.38E-04,2.26E-04,3.21E-04,1.91E-04,3.28E-04,4.37E-05,2.20E-04,4.40E-04,1.95E-04,1.31E-04,-1.76E-04,4.88E-05,6.84E-05,2.49E-04,2.82E-04,3.39E-04,2.54E-04,1.78E-04,1.80E-04,3.20E-04
2916,1.55E-04,2.24E-04,3.15E-04,1.95E-04,3.12E-04,3.14E-05,2.06E-04,4.30E-04,1.80E-04,1.18E-04,-2.28E-04,2.12E-05,4.71E-05,2.55E-04,2.88E-04,3.46E-04,2.37E-04,1.49E-04,1.90E-04,3.28E-04
2917,1.73E-04,2.23E-04,3.08E-04,1.97E-04,2.95E-04,1.78E-05,1.92E-04,4.18E-04,1.64E-04,1.03E-04,-2.75E-04,-5.95E-06,2.49E-05,2.59E-04,2.90E-04,3.51E-04,2.18E-04,1.22E-04,1.98E-04,3.28E-04
2918,1.91E-04,2.23E-04,2.98E-04,1.96E-04,2.75E-04,2.86E-06,1.79E-04,4.04E-04,1.47E-04,8.54E-05,-3.17E-04,-3.19E-05,2.73E-06,2.62E-04,2.87E-04,3.53E-04,1.98E-04,9.64E-05,2.04E-04,3.19E-04
2919,2.06E-04,2.24E-04,2.85E-04,1.92E-04,2.53E-04,-1.32E-05,1.66E-04,3.88E-04,1.28E-04,6.65E-05,-3.51E-04,-5.61E-05,-1.88E-05,2.63E-04,2.79E-04,3.52E-04,1.75E-04,7.33E-05,2.07E-04,3.01E-04
2920,2.19E-04,2.25E-04,2.70E-04,1.85E-04,2.30E-04,-3.04E-05,1.55E-04,3.69E-04,1.10E-04,4.58E-05,-3.77E-04,-7.81E-05,-3.89E-05,2.61E-04,2.66E-04,3.49E-04,1.51E-04,5.32E-05,2.05E-04,2.76E-04
2921,2.29E-04,2.27E-04,2.52E-04,1.75E-04,2.05E-04,-4.85E-05,1.45E-04,3.49E-04,9.09E-05,2.36E-05,-3.95E-04,-9.74E-05,-5.72E-05,2.57E-04,2.48E-04,3.43E-04,1.26E-04,3.62E-05,2.00E-04,2.46E-04
2922,2.33E-04,2.28E-04,2.32E-04,1.61E-04,1.78E-04,-6.75E-05,1.37E-04,3.27E-04,7.21E-05,-5.69E-08,-4.05E-04,-1.14E-04,-7.32E-05,2.50E-04,2.27E-04,3.34E-04,1.01E-04,2.23E-05,1.91E-04,2.11E-04
2923,2.33E-04,2.27E-04,2.10E-04,1.44E-04,1.49E-04,-8.72E-05,1.30E-04,3.04E-04,5.34E-05,-2.51E-05,-4.08E-04,-1.28E-04,-8.68E-05,2.41E-04,2.02E-04,3.22E-04,7.45E-05,1.12E-05,1.78E-04,1.74E-04
2924,2.28E-04,2.25E-04,1.86E-04,1.25E-04,1.20E-04,-1.07E-04,1.25E-04,2.81E-04,3.50E-05,-5.12E-05,-4.04E-04,-1.39E-04,-9.81E-05,2.30E-04,1.74E-04,3.08E-04,4.85E-05,2.15E-06,1.61E-04,1.36E-04
2925,2.17E-04,2.20E-04,1.61E-04,1.03E-04,8.95E-05,-1.28E-04,1.20E-04,2.57E-04,1.70E-05,-7.85E-05,-3.95E-04,-1.47E-04,-1.07E-04,2.16E-04,1.44E-04,2.90E-04,2.27E-05,-5.45E-06,1.41E-04,1.01E-04
2926,2.02E-04,2.12E-04,1.34E-04,7.93E-05,5.82E-05,-1.49E-04,1.15E-04,2.33E-04,-6.58E-07,-1.07E-04,-3.82E-04,-1.54E-04,-1.14E-04,2.00E-04,1.13E-04,2.71E-04,-2.39E-06,-1.25E-05,1.18E-04,6.83E-05
2927,1.81E-04,2.00E-04,1.08E-04,5.42E-05,2.64E-05,-1.71E-04,1.09E-04,2.08E-04,-1.80E-05,-1.35E-04,-3.68E-04,-1.59E-04,-1.20E-04,1.81E-04,8.20E-05,2.48E-04,-2.67E-05,-2.00E-05,9.25E-05,4.01E-05
2928,1.57E-04,1.85E-04,8.07E-05,2.83E-05,-5.79E-06,-1.92E-04,1.02E-04,1.83E-04,-3.52E-05,-1.65E-04,-3.53E-04,-1.63E-04,-1.25E-04,1.61E-04,5.10E-05,2.24E-04,-4.99E-05,-2.88E-05,6.51E-05,1.67E-05
2929,1.30E-04,1.66E-04,5.40E-05,2.00E-06,-3.81E-05,-2.14E-04,9.23E-05,1.59E-04,-5.23E-05,-1.95E-04,-3.39E-04,-1.66E-04,-1.31E-04,1.39E-04,2.07E-05,1.97E-04,-7.19E-05,-3.99E-05,3.66E-05,-1.61E-06
2930,9.97E-05,1.43E-04,2.77E-05,-2.41E-05,-7.05E-05,-2.36E-04,8.02E-05,1.34E-04,-6.95E-05,-2.25E-04,-3.29E-04,-1.70E-04,-1.36E-04,1.16E-04,-8.59E-06,1.68E-04,-9.28E-05,-5.40E-05,7.41E-06,-1.53E-05
2931,6.82E-05,1.17E-04,1.99E-06,-4.98E-05,-1.03E-04,-2.58E-04,6.50E-05,1.09E-04,-8.70E-05,-2.56E-04,-3.21E-04,-1.75E-04,-1.43E-04,9.22E-05,-3.66E-05,1.38E-04,-1.13E-04,-7.15E-05,-2.18E-05,-2.54E-05
2932,3.58E-05,8.86E-05,-2.30E-05,-7.46E-05,-1.35E-04,-2.80E-04,4.62E-05,8.30E-05,-1.05E-04,-2.86E-04,-3.18E-04,-1.81E-04,-1.52E-04,6.71E-05,-6.35E-05,1.06E-04,-1.31E-04,-9.30E-05,-5.07E-05,-3.31E-05
2933,3.22E-06,5.80E-05,-4.74E-05,-9.83E-05,-1.66E-04,-3.02E-04,2.37E-05,5.66E-05,-1.24E-04,-3.17E-04,-3.20E-04,-1.89E-04,-1.63E-04,4.16E-05,-8.94E-05,7.37E-05,-1.50E-04,-1.18E-04,-7.88E-05,-3.99E-05
2934,-2.89E-05,2.62E-05,-7.13E-05,-1.21E-04,-1.98E-04,-3.24E-04,-2.46E-06,2.93E-05,-1.43E-04,-3.47E-04,-3.26E-04,-1.99E-04,-1.77E-04,1.57E-05,-1.15E-04,4.01E-05,-1.68E-04,-1.47E-04,-1.06E-04,-4.78E-05
2935,-6.02E-05,-6.14E-06,-9.50E-05,-1.42E-04,-2.29E-04,-3.46E-04,-3.19E-05,6.86E-07,-1.63E-04,-3.77E-04,-3.36E-04,-2.12E-04,-1.94E-04,-1.02E-05,-1.40E-04,6.13E-06,-1.86E-04,-1.80E-04,-1.32E-04,-5.84E-05
2936,-9.04E-05,-3.82E-05,-1.19E-04,-1.63E-04,-2.60E-04,-3.69E-04,-6.44E-05,-2.93E-05,-1.84E-04,-4.07E-04,-3.50E-04,-2.27E-04,-2.13E-04,-3.61E-05,-1.65E-04,-2.80E-05,-2.05E-04,-2.15E-04,-1.56E-04,-7.32E-05
2937,-1.19E-04,-6.92E-05,-1.43E-04,-1.83E-04,-2.91E-04,-3.91E-04,-9.92E-05,-6.09E-05,-2.06E-04,-4.37E-04,-3.66E-04,-2.44E-04,-2.35E-04,-6.16E-05,-1.92E-04,-6.19E-05,-2.26E-04,-2.52E-04,-1.79E-04,-9.35E-05
2938,-1.47E-04,-9.87E-05,-1.68E-04,-2.02E-04,-3.22E-04,-4.14E-04,-1.36E-04,-9.42E-05,-2.28E-04,-4.66E-04,-3.84E-04,-2.64E-04,-2.59E-04,-8.67E-05,-2.19E-04,-9.53E-05,-2.47E-04,-2.90E-04,-2.00E-04,-1.20E-04
2939,-1.73E-04,-1.26E-04,-1.94E-04,-2.21E-04,-3.53E-04,-4.36E-04,-1.73E-04,-1.29E-04,-2.51E-04,-4.95E-04,-4.01E-04,-2.85E-04,-2.86E-04,-1.11E-04,-2.48E-04,-1.28E-04,-2.71E-04,-3.28E-04,-2.19E-04,-1.53E-04
2940,-1.98E-04,-1.51E-04,-2.21E-04,-2.40E-04,-3.84E-04,-4.58E-04,-2.10E-04,-1.66E-04,-2.75E-04,-5.23E-04,-4.18E-04,-3.08E-04,-3.13E-04,-1.35E-04,-2.78E-04,-1.59E-04,-2.98E-04,-3.65E-04,-2.38E-04,-1.93E-04
2941,-2.22E-04,-1.73E-04,-2.49E-04,-2.59E-04,-4.15E-04,-4.80E-04,-2.47E-04,-2.04E-04,-2.99E-04,-5.50E-04,-4.33E-04,-3.32E-04,-3.41E-04,-1.58E-04,-3.10E-04,-1.89E-04,-3.26E-04,-4.01E-04,-2.54E-04,-2.37E-04
2942,-2.45E-04,-1.93E-04,-2.79E-04,-2.78E-04,-4.46E-04,-5.02E-04,-2.82E-04,-2.43E-04,-3.22E-04,-5.77E-04,-4.45E-04,-3.56E-04,-3.70E-04,-1.80E-04,-3.43E-04,-2.17E-04,-3.58E-04,-4.34E-04,-2.69E-04,-2.86E-04
2943,-2.68E-04,-2.10E-04,-3.09E-04,-2.98E-04,-4.78E-04,-5.23E-04,-3.16E-04,-2.83E-04,-3.46E-04,-6.02E-04,-4.54E-04,-3.80E-04,-3.97E-04,-2.00E-04,-3.77E-04,-2.43E-04,-3.91E-04,-4.63E-04,-2.83E-04,-3.36E-04
2944,-2.90E-04,-2.24E-04,-3.41E-04,-3.18E-04,-5.09E-04,-5.43E-04,-3.46E-04,-3.23E-04,-3.69E-04,-6.27E-04,-4.60E-04,-4.04E-04,-4.23E-04,-2.20E-04,-4.12E-04,-2.66E-04,-4.26E-04,-4.90E-04,-2.95E-04,-3.86E-04
2945,-3.11E-04,-2.36E-04,-3.73E-04,-3.39E-04,-5.40E-04,-5.62E-04,-3.74E-04,-3.62E-04,-3.91E-04,-6.50E-04,-4.63E-04,-4.26E-04,-4.47E-04,-2.38E-04,-4.46E-04,-2.87E-04,-4.62E-04,-5.12E-04,-3.06E-04,-4.34E-04
2946,-3.32E-04,-2.46E-04,-4.04E-04,-3.59E-04,-5.70E-04,-5.80E-04,-3.98E-04,-4.01E-04,-4.12E-04,-6.72E-04,-4.63E-04,-4.47E-04,-4.69E-04,-2.54E-04,-4.78E-04,-3.05E-04,-4.99E-04,-5.31E-04,-3.16E-04,-4.75E-04
2947,-3.51E-04,-2.54E-04,-4.35E-04,-3.79E-04,-5.99E-04,-5.97E-04,-4.19E-04,-4.38E-04,-4.32E-04,-6.92E-04,-4.61E-04,-4.65E-04,-4.87E-04,-2.69E-04,-5.08E-04,-3.19E-04,-5.36E-04,-5.47E-04,-3.24E-04,-5.09E-04
2948,-3.70E-04,-2.60E-04,-4.63E-04,-3.98E-04,-6.25E-04,-6.11E-04,-4.37E-04,-4.73E-04,-4.49E-04,-7.10E-04,-4.57E-04,-4.82E-04,-5.03E-04,-2.81E-04,-5.36E-04,-3.30E-04,-5.71E-04,-5.59E-04,-3.31E-04,-5.33E-04
2949,-3.87E-04,-2.65E-04,-4.90E-04,-4.16E-04,-6.50E-04,-6.23E-04,-4.52E-04,-5.05E-04,-4.66E-04,-7.26E-04,-4.52E-04,-4.96E-04,-5.14E-04,-2.91E-04,-5.59E-04,-3.38E-04,-6.05E-04,-5.69E-04,-3.36E-04,-5.45E-04
2950,-4.02E-04,-2.68E-04,-5.13E-04,-4.31E-04,-6.71E-04,-6.33E-04,-4.63E-04,-5.34E-04,-4.79E-04,-7.40E-04,-4.47E-04,-5.07E-04,-5.23E-04,-2.99E-04,-5.79E-04,-3.42E-04,-6.36E-04,-5.77E-04,-3.40E-04,-5.45E-04
2951,-4.15E-04,-2.70E-04,-5.32E-04,-4.43E-04,-6.88E-04,-6.40E-04,-4.73E-04,-5.58E-04,-4.91E-04,-7.50E-04,-4.43E-04,-5.17E-04,-5.27E-04,-3.03E-04,-5.93E-04,-3.41E-04,-6.63E-04,-5.83E-04,-3.42E-04,-5.32E-04
2952,-4.25E-04,-2.71E-04,-5.46E-04,-4.52E-04,-7.02E-04,-6.44E-04,-4.79E-04,-5.79E-04,-5.01E-04,-7.58E-04,-4.40E-04,-5.23E-04,-5.28E-04,-3.04E-04,-6.02E-04,-3.37E-04,-6.87E-04,-5.89E-04,-3.43E-04,-5.06E-04
2953,-4.31E-04,-2.69E-04,-5.56E-04,-4.57E-04,-7.10E-04,-6.45E-04,-4.84E-04,-5.96E-04,-5.08E-04,-7.63E-04,-4.38E-04,-5.27E-04,-5.26E-04,-3.01E-04,-6.06E-04,-3.28E-04,-7.05E-04,-5.94E-04,-3.43E-04,-4.70E-04
2954,-4.35E-04,-2.66E-04,-5.60E-04,-4.57E-04,-7.13E-04,-6.43E-04,-4.87E-04,-6.08E-04,-5.12E-04,-7.64E-04,-4.38E-04,-5.30E-04,-5.20E-04,-2.95E-04,-6.05E-04,-3.16E-04,-7.19E-04,-5.98E-04,-3.41E-04,-4.24E-04
2955,-4.34E-04,-2.61E-04,-5.59E-04,-4.52E-04,-7.11E-04,-6.37E-04,-4.88E-04,-6.15E-04,-5.15E-04,-7.62E-04,-4.39E-04,-5.30E-04,-5.12E-04,-2.85E-04,-6.00E-04,-2.99E-04,-7.27E-04,-6.01E-04,-3.38E-04,-3.71E-04
2956,-4.30E-04,-2.54E-04,-5.52E-04,-4.43E-04,-7.02E-04,-6.28E-04,-4.88E-04,-6.18E-04,-5.15E-04,-7.57E-04,-4.40E-04,-5.29E-04,-5.01E-04,-2.71E-04,-5.90E-04,-2.78E-04,-7.29E-04,-6.05E-04,-3.33E-04,-3.13E-04
2957,-4.21E-04,-2.44E-04,-5.40E-04,-4.28E-04,-6.88E-04,-6.15E-04,-4.87E-04,-6.17E-04,-5.12E-04,-7.48E-04,-4.42E-04,-5.27E-04,-4.87E-04,-2.54E-04,-5.77E-04,-2.53E-04,-7.27E-04,-6.07E-04,-3.26E-04,-2.53E-04
2958,-4.09E-04,-2.33E-04,-5.24E-04,-4.08E-04,-6.69E-04,-5.99E-04,-4.84E-04,-6.12E-04,-5.08E-04,-7.36E-04,-4.43E-04,-5.23E-04,-4.72E-04,-2.32E-04,-5.60E-04,-2.24E-04,-7.19E-04,-6.09E-04,-3.18E-04,-1.94E-04
2959,-3.94E-04,-2.19E-04,-5.03E-04,-3.83E-04,-6.44E-04,-5.80E-04,-4.80E-04,-6.03E-04,-5.01E-04,-7.20E-04,-4.43E-04,-5.18E-04,-4.54E-04,-2.07E-04,-5.42E-04,-1.92E-04,-7.08E-04,-6.09E-04,-3.08E-04,-1.39E-04
2960,-3.75E-04,-2.03E-04,-4.79E-04,-3.54E-04,-6.15E-04,-5.58E-04,-4.74E-04,-5.91E-04,-4.92E-04,-7.02E-04,-4.40E-04,-5.11E-04,-4.34E-04,-1.79E-04,-5.22E-04,-1.57E-04,-6.92E-04,-6.06E-04,-2.96E-04,-8.86E-05
2961,-3.54E-04,-1.86E-04,-4.53E-04,-3.22E-04,-5.82E-04,-5.33E-04,-4.66E-04,-5.76E-04,-4.82E-04,-6.80E-04,-4.34E-04,-5.04E-04,-4.13E-04,-1.49E-04,-5.02E-04,-1.20E-04,-6.73E-04,-6.01E-04,-2.82E-04,-4.59E-05
2962,-3.30E-04,-1.67E-04,-4.24E-04,-2.87E-04,-5.45E-04,-5.07E-04,-4.57E-04,-5.59E-04,-4.69E-04,-6.56E-04,-4.23E-04,-4.95E-04,-3.91E-04,-1.16E-04,-4.82E-04,-8.14E-05,-6.51E-04,-5.93E-04,-2.67E-04,-1.15E-05
2963,-3.04E-04,-1.47E-04,-3.95E-04,-2.51E-04,-5.06E-04,-4.78E-04,-4.45E-04,-5.40E-04,-4.55E-04,-6.30E-04,-4.07E-04,-4.85E-04,-3.67E-04,-8.14E-05,-4.62E-04,-4.11E-05,-6.27E-04,-5.80E-04,-2.49E-04,1.41E-05
2964,-2.78E-04,-1.28E-04,-3.65E-04,-2.13E-04,-4.65E-04,-4.48E-04,-4.31E-04,-5.19E-04,-4.40E-04,-6.03E-04,-3.87E-04,-4.72E-04,-3.43E-04,-4.61E-05,-4.43E-04,-1.30E-07,-6.02E-04,-5.64E-04,-2.29E-04,3.12E-05
2965,-2.51E-04,-1.08E-04,-3.36E-04,-1.75E-04,-4.24E-04,-4.17E-04,-4.14E-04,-4.97E-04,-4.23E-04,-5.74E-04,-3.60E-04,-4.58E-04,-3.17E-04,-1.07E-05,-4.25E-04,4.09E-05,-5.75E-04,-5.43E-04,-2.08E-04,4.07E-05
2966,-2.23E-04,-8.96E-05,-3.07E-04,-1.38E-04,-3.84E-04,-3.86E-04,-3.95E-04,-4.74E-04,-4.06E-04,-5.45E-04,-3.29E-04,-4.41E-04,-2.92E-04,2.43E-05,-4.08E-04,8.16E-05,-5.48E-04,-5.18E-04,-1.85E-04,4.41E-05
2967,-1.96E-04,-7.23E-05,-2.81E-04,-1.03E-04,-3.44E-04,-3.55E-04,-3.73E-04,-4.51E-04,-3.87E-04,-5.15E-04,-2.92E-04,-4.21E-04,-2.66E-04,5.81E-05,-3.93E-04,1.21E-04,-5.20E-04,-4.89E-04,-1.61E-04,4.35E-05
2968,-1.70E-04,-5.67E-05,-2.56E-04,-6.94E-05,-3.06E-04,-3.25E-04,-3.49E-04,-4.26E-04,-3.68E-04,-4.85E-04,-2.52E-04,-3.98E-04,-2.40E-04,9.01E-05,-3.78E-04,1.59E-04,-4.91E-04,-4.57E-04,-1.35E-04,4.08E-05
2969,-1.45E-04,-4.30E-05,-2.33E-04,-3.88E-05,-2.72E-04,-2.96E-04,-3.22E-04,-4.02E-04,-3.49E-04,-4.56E-04,-2.09E-04,-3.73E-04,-2.15E-04,1.20E-04,-3.64E-04,1.96E-04,-4.62E-04,-4.22E-04,-1.09E-04,3.86E-05
2970,-1.21E-04,-3.14E-05,-2.12E-04,-1.12E-05,-2.40E-04,-2.69E-04,-2.93E-04,-3.77E-04,-3.30E-04,-4.28E-04,-1.64E-04,-3.45E-04,-1.90E-04,1.47E-04,-3.51E-04,2.30E-04,-4.33E-04,-3.84E-04,-8.31E-05,3.88E-05
2971,-9.88E-05,-2.18E-05,-1.93E-04,1.32E-05,-2.11E-04,-2.43E-04,-2.61E-04,-3.52E-04,-3.10E-04,-4.01E-04,-1.18E-04,-3.14E-04,-1.67E-04,1.71E-04,-3.37E-04,2.62E-04,-4.03E-04,-3.46E-04,-5.72E-05,4.34E-05
2972,-7.77E-05,-1.40E-05,-1.75E-04,3.45E-05,-1.86E-04,-2.20E-04,-2.29E-04,-3.27E-04,-2.91E-04,-3.76E-04,-7.29E-05,-2.81E-04,-1.45E-04,1.92E-04,-3.24E-04,2.92E-04,-3.73E-04,-3.08E-04,-3.21E-05,5.37E-05
2973,-5.80E-05,-7.83E-06,-1.60E-04,5.27E-05,-1.65E-04,-1.99E-04,-1.95E-04,-3.03E-04,-2.73E-04,-3.52E-04,-2.98E-05,-2.46E-04,-1.24E-04,2.09E-04,-3.11E-04,3.19E-04,-3.42E-04,-2.71E-04,-8.58E-06,7.04E-05
2974,-3.95E-05,-2.80E-06,-1.45E-04,6.81E-05,-1.47E-04,-1.81E-04,-1.60E-04,-2.78E-04,-2.55E-04,-3.30E-04,1.02E-05,-2.10E-04,-1.06E-04,2.24E-04,-2.97E-04,3.44E-04,-3.10E-04,-2.35E-04,1.30E-05,9.37E-05
2975,-2.21E-05,1.57E-06,-1.31E-04,8.11E-05,-1.33E-04,-1.66E-04,-1.26E-04,-2.54E-04,-2.38E-04,-3.11E-04,4.60E-05,-1.74E-04,-8.97E-05,2.35E-04,-2.84E-04,3.67E-04,-2.78E-04,-2.03E-04,3.21E-05,1.23E-04
2976,-5.43E-06,5.77E-06,-1.18E-04,9.22E-05,-1.21E-04,-1.53E-04,-9.21E-05,-2.30E-04,-2.23E-04,-2.93E-04,7.71E-05,-1.37E-04,-7.56E-05,2.44E-04,-2.70E-04,3.87E-04,-2.46E-04,-1.74E-04,4.83E-05,1.57E-04
2977,1.07E-05,1.03E-05,-1.06E-04,1.02E-04,-1.12E-04,-1.43E-04,-5.92E-05,-2.07E-04,-2.08E-04,-2.78E-04,1.03E-04,-1.02E-04,-6.38E-05,2.51E-04,-2.56E-04,4.06E-04,-2.14E-04,-1.50E-04,6.14E-05,1.95E-04
2978,2.64E-05,1.56E-05,-9.40E-05,1.10E-04,-1.04E-04,-1.36E-04,-2.80E-05,-1.84E-04,-1.95E-04,-2.65E-04,1.23E-04,-6.82E-05,-5.42E-05,2.56E-04,-2.42E-04,4.23E-04,-1.81E-04,-1.29E-04,7.12E-05,2.33E-04
2979,4.21E-05,2.21E-05,-8.22E-05,1.18E-04,-9.83E-05,-1.31E-04,1.13E-06,-1.63E-04,-1.83E-04,-2.53E-04,1.38E-04,-3.66E-05,-4.66E-05,2.59E-04,-2.29E-04,4.39E-04,-1.49E-04,-1.14E-04,7.77E-05,2.71E-04
2980,5.79E-05,2.99E-05,-7.06E-05,1.26E-04,-9.34E-05,-1.28E-04,2.78E-05,-1.42E-04,-1.72E-04,-2.44E-04,1.47E-04,-7.61E-06,-4.08E-05,2.62E-04,-2.17E-04,4.53E-04,-1.18E-04,-1.02E-04,8.10E-05,3.05E-04
2981,7.39E-05,3.92E-05,-5.94E-05,1.33E-04,-8.91E-05,-1.27E-04,5.18E-05,-1.23E-04,-1.62E-04,-2.36E-04,1.53E-04,1.85E-05,-3.64E-05,2.64E-04,-2.05E-04,4.66E-04,-8.85E-05,-9.41E-05,8.15E-05,3.33E-04
2982,9.02E-05,5.01E-05,-4.85E-05,1.41E-04,-8.51E-05,-1.28E-04,7.30E-05,-1.05E-04,-1.54E-04,-2.30E-04,1.55E-04,4.17E-05,-3.32E-05,2.66E-04,-1.95E-04,4.78E-04,-6.01E-05,-8.95E-05,7.94E-05,3.54E-04
2983,1.07E-04,6.23E-05,-3.82E-05,1.49E-04,-8.12E-05,-1.29E-04,9.11E-05,-8.84E-05,-1.46E-04,-2.25E-04,1.54E-04,6.22E-05,-3.06E-05,2.67E-04,-1.85E-04,4.89E-04,-3.34E-05,-8.73E-05,7.53E-05,3.65E-04
2984,1.24E-04,7.56E-05,-2.85E-05,1.57E-04,-7.71E-05,-1.32E-04,1.06E-04,-7.32E-05,-1.39E-04,-2.21E-04,1.52E-04,8.02E-05,-2.82E-05,2.69E-04,-1.77E-04,4.99E-04,-8.65E-06,-8.69E-05,6.97E-05,3.66E-04
2985,1.41E-04,8.96E-05,-1.97E-05,1.65E-04,-7.27E-05,-1.35E-04,1.19E-04,-5.95E-05,-1.33E-04,-2.19E-04,1.50E-04,9.65E-05,-2.56E-05,2.72E-04,-1.71E-04,5.07E-04,1.42E-05,-8.72E-05,6.32E-05,3.56E-04
2986,1.58E-04,1.04E-04,-1.17E-05,1.73E-04,-6.80E-05,-1.38E-04,1.29E-04,-4.70E-05,-1.27E-04,-2.17E-04,1.48E-04,1.12E-04,-2.23E-05,2.74E-04,-1.65E-04,5.14E-04,3.51E-05,-8.75E-05,5.62E-05,3.36E-04
2987,1.76E-04,1.18E-04,-4.73E-06,1.82E-04,-6.30E-05,-1.41E-04,1.37E-04,-3.57E-05,-1.21E-04,-2.15E-04,1.49E-04,1.27E-04,-1.79E-05,2.77E-04,-1.60E-04,5.20E-04,5.45E-05,-8.70E-05,4.95E-05,3.06E-04
2988,1.93E-04,1.32E-04,1.25E-06,1.90E-04,-5.78E-05,-1.43E-04,1.43E-04,-2.55E-05,-1.15E-04,-2.14E-04,1.52E-04,1.42E-04,-1.22E-05,2.80E-04,-1.56E-04,5.25E-04,7.26E-05,-8.50E-05,4.33E-05,2.69E-04
2989,2.09E-04,1.45E-04,6.26E-06,1.97E-04,-5.24E-05,-1.46E-04,1.48E-04,-1.59E-05,-1.08E-04,-2.14E-04,1.60E-04,1.59E-04,-4.94E-06,2.83E-04,-1.53E-04,5.29E-04,8.99E-05,-8.10E-05,3.79E-05,2.26E-04
2990,2.24E-04,1.57E-04,1.04E-05,2.04E-04,-4.71E-05,-1.47E-04,1.52E-04,-6.92E-06,-1.00E-04,-2.13E-04,1.71E-04,1.78E-04,4.12E-06,2.86E-04,-1.49E-04,5.31E-04,1.07E-04,-7.48E-05,3.37E-05,1.80E-04
2991,2.39E-04,1.68E-04,1.38E-05,2.11E-04,-4.19E-05,-1.48E-04,1.55E-04,1.86E-06,-9.22E-05,-2.12E-04,1.86E-04,2.00E-04,1.50E-05,2.88E-04,-1.46E-04,5.33E-04,1.24E-04,-6.61E-05,3.08E-05,1.33E-04
2992,2.52E-04,1.77E-04,1.67E-05,2.16E-04,-3.69E-05,-1.48E-04,1.58E-04,1.07E-05,-8.31E-05,-2.11E-04,2.06E-04,2.26E-04,2.76E-05,2.90E-04,-1.42E-04,5.33E-04,1.42E-04,-5.50E-05,2.90E-05,8.94E-05
2993,2.64E-04,1.85E-04,1.93E-05,2.22E-04,-3.23E-05,-1.48E-04,1.62E-04,1.97E-05,-7.31E-05,-2.09E-04,2.31E-04,2.54E-04,4.18E-05,2.91E-04,-1.37E-04,5.33E-04,1.62E-04,-4.17E-05,2.82E-05,5.02E-05
2994,2.74E-04,1.92E-04,2.17E-05,2.26E-04,-2.81E-05,-1.47E-04,1.66E-04,2.92E-05,-6.22E-05,-2.07E-04,2.59E-04,2.87E-04,5.74E-05,2.92E-04,-1.32E-04,5.32E-04,1.83E-04,-2.67E-05,2.83E-05,1.78E-05
2995,2.82E-04,1.99E-04,2.42E-05,2.31E-04,-2.44E-05,-1.45E-04,1.70E-04,3.92E-05,-5.05E-05,-2.05E-04,2.91E-04,3.22E-04,7.41E-05,2.92E-04,-1.26E-04,5.31E-04,2.05E-04,-1.03E-05,2.90E-05,-6.14E-06
2996,2.88E-04,2.05E-04,2.70E-05,2.35E-04,-2.11E-05,-1.43E-04,1.75E-04,4.99E-05,-3.80E-05,-2.02E-04,3.25E-04,3.59E-04,9.14E-05,2.91E-04,-1.19E-04,5.30E-04,2.30E-04,6.70E-06,3.00E-05,-2.08E-05
2997,2.92E-04,2.10E-04,3.01E-05,2.39E-04,-1.83E-05,-1.41E-04,1.80E-04,6.12E-05,-2.51E-05,-1.99E-04,3.61E-04,3.98E-04,1.09E-04,2.90E-04,-1.11E-04,5.30E-04,2.56E-04,2.38E-05,3.10E-05,-2.61E-05
2998,2.95E-04,2.16E-04,3.35E-05,2.43E-04,-1.61E-05,-1.39E-04,1.85E-04,7.30E-05,-1.19E-05,-1.95E-04,3.98E-04,4.37E-04,1.26E-04,2.89E-04,-1.02E-04,5.31E-04,2.83E-04,4.05E-05,3.18E-05,-2.24E-05
2999,2.95E-04,2.22E-04,3.73E-05,2.48E-04,-1.44E-05,-1.38E-04,1.90E-04,8.52E-05,1.23E-06,-1.91E-04,4.34E-04,4.75E-04,1.43E-04,2.87E-04,-9.33E-05,5.32E-04,3.12E-04,5.60E-05,3.23E-05,-1.10E-05
3000,2.94E-04,2.29E-04,4.13E-05,2.52E-04,-1.33E-05,-1.36E-04,1.94E-04,9.74E-05,1.41E-05,-1.88E-04,4.68E-04,5.12E-04,1.59E-04,2.85E-04,-8.42E-05,5.34E-04,3.40E-04,6.99E-05,3.23E-05,6.51E-06
3001,2.92E-04,2.35E-04,4.53E-05,2.56E-04,-1.29E-05,-1.35E-04,1.97E-04,1.09E-04,2.62E-05,-1.84E-04,5.00E-04,5.45E-04,1.72E-04,2.83E-04,-7.52E-05,5.37E-04,3.67E-04,8.19E-05,3.19E-05,2.80E-05
3002,2.89E-04,2.42E-04,4.89E-05,2.60E-04,-1.32E-05,-1.35E-04,1.99E-04,1.21E-04,3.75E-05,-1.81E-04,5.27E-04,5.74E-04,1.84E-04,2.81E-04,-6.65E-05,5.40E-04,3.93E-04,9.15E-05,3.13E-05,5.11E-05
3003,2.85E-04,2.49E-04,5.20E-05,2.63E-04,-1.44E-05,-1.36E-04,1.99E-04,1.31E-04,4.74E-05,-1.79E-04,5.50E-04,5.98E-04,1.94E-04,2.79E-04,-5.85E-05,5.44E-04,4.17E-04,9.88E-05,3.05E-05,7.35E-05
3004,2.80E-04,2.56E-04,5.39E-05,2.65E-04,-1.66E-05,-1.38E-04,1.96E-04,1.41E-04,5.58E-05,-1.78E-04,5.68E-04,6.16E-04,2.01E-04,2.77E-04,-5.14E-05,5.48E-04,4.37E-04,1.04E-04,2.98E-05,9.29E-05
3005,2.74E-04,2.60E-04,5.45E-05,2.66E-04,-2.02E-05,-1.41E-04,1.91E-04,1.48E-04,6.24E-05,-1.78E-04,5.79E-04,6.28E-04,2.05E-04,2.76E-04,-4.54E-05,5.52E-04,4.53E-04,1.06E-04,2.95E-05,1.07E-04
3006,2.67E-04,2.63E-04,5.32E-05,2.65E-04,-2.53E-05,-1.45E-04,1.84E-04,1.54E-04,6.71E-05,-1.79E-04,5.84E-04,6.34E-04,2.06E-04,2.74E-04,-4.07E-05,5.55E-04,4.64E-04,1.06E-04,2.99E-05,1.15E-04
3007,2.60E-04,2.63E-04,4.98E-05,2.61E-04,-3.21E-05,-1.50E-04,1.74E-04,1.57E-04,6.96E-05,-1.83E-04,5.83E-04,6.34E-04,2.04E-04,2.71E-04,-3.75E-05,5.57E-04,4.71E-04,1.04E-04,3.10E-05,1.14E-04
3008,2.51E-04,2.60E-04,4.38E-05,2.54E-04,-4.10E-05,-1.57E-04,1.61E-04,1.57E-04,6.99E-05,-1.88E-04,5.75E-04,6.29E-04,1.99E-04,2.67E-04,-3.59E-05,5.57E-04,4.72E-04,1.01E-04,3.30E-05,1.05E-04
3009,2.42E-04,2.53E-04,3.51E-05,2.44E-04,-5.20E-05,-1.65E-04,1.45E-04,1.55E-04,6.81E-05,-1.94E-04,5.62E-04,6.19E-04,1.90E-04,2.62E-04,-3.60E-05,5.54E-04,4.69E-04,9.56E-05,3.59E-05,8.62E-05
3010,2.30E-04,2.40E-04,2.36E-05,2.30E-04,-6.56E-05,-1.74E-04,1.27E-04,1.50E-04,6.40E-05,-2.03E-04,5.44E-04,6.06E-04,1.79E-04,2.56E-04,-3.79E-05,5.49E-04,4.60E-04,8.90E-05,3.94E-05,5.89E-05
3011,2.17E-04,2.23E-04,9.09E-06,2.13E-04,-8.16E-05,-1.85E-04,1.07E-04,1.42E-04,5.79E-05,-2.13E-04,5.21E-04,5.90E-04,1.65E-04,2.47E-04,-4.17E-05,5.40E-04,4.46E-04,8.13E-05,4.33E-05,2.35E-05
3012,2.02E-04,2.00E-04,-8.29E-06,1.92E-04,-1.00E-04,-1.97E-04,8.53E-05,1.31E-04,4.98E-05,-2.25E-04,4.96E-04,5.72E-04,1.49E-04,2.36E-04,-4.75E-05,5.29E-04,4.29E-04,7.24E-05,4.71E-05,-1.86E-05
3013,1.84E-04,1.72E-04,-2.84E-05,1.67E-04,-1.21E-04,-2.10E-04,6.20E-05,1.18E-04,3.99E-05,-2.39E-04,4.69E-04,5.54E-04,1.30E-04,2.23E-04,-5.51E-05,5.14E-04,4.08E-04,6.24E-05,5.01E-05,-6.58E-05
3014,1.63E-04,1.39E-04,-5.10E-05,1.39E-04,-1.45E-04,-2.24E-04,3.74E-05,1.01E-04,2.83E-05,-2.54E-04,4.41E-04,5.36E-04,1.10E-04,2.07E-04,-6.48E-05,4.96E-04,3.84E-04,5.13E-05,5.18E-05,-1.16E-04
3015,1.38E-04,1.01E-04,-7.57E-05,1.09E-04,-1.71E-04,-2.39E-04,1.18E-05,8.25E-05,1.54E-05,-2.70E-04,4.13E-04,5.20E-04,8.84E-05,1.88E-04,-7.65E-05,4.75E-04,3.57E-04,3.90E-05,5.14E-05,-1.68E-04
3016,1.10E-04,5.88E-05,-1.02E-04,7.62E-05,-1.98E-04,-2.56E-04,-1.47E-05,6.16E-05,1.27E-06,-2.86E-04,3.87E-04,5.04E-04,6.58E-05,1.67E-04,-9.01E-05,4.52E-04,3.29E-04,2.53E-05,4.82E-05,-2.20E-04
3017,7.78E-05,1.36E-05,-1.30E-04,4.26E-05,-2.27E-04,-2.73E-04,-4.20E-05,3.87E-05,-1.39E-05,-3.03E-04,3.63E-04,4.91E-04,4.27E-05,1.45E-04,-1.06E-04,4.26E-04,2.99E-04,1.01E-05,4.17E-05,-2.70E-04
3018,4.24E-05,-3.38E-05,-1.58E-04,8.74E-06,-2.57E-04,-2.91E-04,-7.02E-05,1.42E-05,-2.98E-05,-3.20E-04,3.41E-04,4.78E-04,1.94E-05,1.20E-04,-1.23E-04,4.00E-04,2.68E-04,-6.74E-06,3.14E-05,-3.15E-04
3019,3.77E-06,-8.23E-05,-1.87E-04,-2.45E-05,-2.88E-04,-3.10E-04,-9.95E-05,-1.18E-05,-4.62E-05,-3.37E-04,3.22E-04,4.67E-04,-3.58E-06,9.54E-05,-1.41E-04,3.72E-04,2.36E-04,-2.53E-05,1.71E-05,-3.57E-04
3020,-3.76E-05,-1.31E-04,-2.16E-04,-5.64E-05,-3.18E-04,-3.29E-04,-1.30E-04,-3.88E-05,-6.31E-05,-3.54E-04,3.05E-04,4.56E-04,-2.59E-05,7.01E-05,-1.61E-04,3.45E-04,2.02E-04,-4.57E-05,-1.19E-06,-3.92E-04
3021,-8.09E-05,-1.79E-04,-2.44E-04,-8.62E-05,-3.47E-04,-3.48E-04,-1.62E-04,-6.65E-05,-8.02E-05,-3.70E-04,2.91E-04,4.45E-04,-4.73E-05,4.54E-05,-1.82E-04,3.19E-04,1.68E-04,-6.79E-05,-2.32E-05,-4.21E-04
3022,-1.25E-04,-2.25E-04,-2.72E-04,-1.13E-04,-3.75E-04,-3.67E-04,-1.95E-04,-9.47E-05,-9.73E-05,-3.85E-04,2.78E-04,4.34E-04,-6.73E-05,2.19E-05,-2.04E-04,2.94E-04,1.32E-04,-9.16E-05,-4.82E-05,-4.44E-04
3023,-1.70E-04,-2.68E-04,-2.97E-04,-1.37E-04,-4.01E-04,-3.85E-04,-2.30E-04,-1.23E-04,-1.14E-04,-4.00E-04,2.65E-04,4.20E-04,-8.59E-05,4.37E-07,-2.25E-04,2.70E-04,9.44E-05,-1.17E-04,-7.54E-05,-4.60E-04
3024,-2.14E-04,-3.08E-04,-3.22E-04,-1.58E-04,-4.24E-04,-4.03E-04,-2.66E-04,-1.51E-04,-1.31E-04,-4.13E-04,2.51E-04,4.05E-04,-1.03E-04,-1.85E-05,-2.46E-04,2.50E-04,5.57E-05,-1.43E-04,-1.04E-04,-4.70E-04
3025,-2.56E-04,-3.44E-04,-3.44E-04,-1.75E-04,-4.45E-04,-4.19E-04,-3.04E-04,-1.78E-04,-1.47E-04,-4.26E-04,2.35E-04,3.87E-04,-1.18E-04,-3.44E-05,-2.65E-04,2.32E-04,1.55E-05,-1.69E-04,-1.31E-04,-4.74E-04
3026,-2.95E-04,-3.76E-04,-3.64E-04,-1.89E-04,-4.64E-04,-4.34E-04,-3.44E-04,-2.05E-04,-1.62E-04,-4.38E-04,2.15E-04,3.66E-04,-1.31E-04,-4.68E-05,-2.83E-04,2.17E-04,-2.60E-05,-1.96E-04,-1.57E-04,-4.71E-04
3027,-3.31E-04,-4.05E-04,-3.83E-04,-2.01E-04,-4.79E-04,-4.46E-04,-3.85E-04,-2.30E-04,-1.77E-04,-4.49E-04,1.90E-04,3.42E-04,-1.42E-04,-5.56E-05,-2.98E-04,2.05E-04,-6.85E-05,-2.21E-04,-1.80E-04,-4.62E-04
3028,-3.61E-04,-4.29E-04,-3.98E-04,-2.10E-04,-4.91E-04,-4.56E-04,-4.26E-04,-2.53E-04,-1.90E-04,-4.59E-04,1.59E-04,3.14E-04,-1.52E-04,-6.09E-05,-3.10E-04,1.95E-04,-1.12E-04,-2.46E-04,-1.98E-04,-4.48E-04
3029,-3.87E-04,-4.50E-04,-4.12E-04,-2.19E-04,-5.00E-04,-4.64E-04,-4.66E-04,-2.74E-04,-2.03E-04,-4.69E-04,1.21E-04,2.84E-04,-1.60E-04,-6.27E-05,-3.18E-04,1.89E-04,-1.55E-04,-2.68E-04,-2.09E-04,-4.27E-04
3030,-4.06E-04,-4.68E-04,-4.24E-04,-2.26E-04,-5.07E-04,-4.68E-04,-5.06E-04,-2.93E-04,-2.14E-04,-4.78E-04,7.50E-05,2.52E-04,-1.67E-04,-6.14E-05,-3.23E-04,1.84E-04,-1.97E-04,-2.88E-04,-2.13E-04,-4.00E-04
3031,-4.20E-04,-4.84E-04,-4.33E-04,-2.34E-04,-5.11E-04,-4.70E-04,-5.43E-04,-3.09E-04,-2.23E-04,-4.86E-04,2.16E-05,2.19E-04,-1.73E-04,-5.76E-05,-3.23E-04,1.82E-04,-2.37E-04,-3.04E-04,-2.10E-04,-3.66E-04
3032,-4.29E-04,-4.97E-04,-4.40E-04,-2.44E-04,-5.13E-04,-4.68E-04,-5.78E-04,-3.23E-04,-2.30E-04,-4.94E-04,-3.91E-05,1.85E-04,-1.78E-04,-5.19E-05,-3.19E-04,1.81E-04,-2.75E-04,-3.17E-04,-1.97E-04,-3.26E-04
3033,-4.32E-04,-5.08E-04,-4.46E-04,-2.55E-04,-5.14E-04,-4.63E-04,-6.08E-04,-3.33E-04,-2.36E-04,-5.01E-04,-1.06E-04,1.51E-04,-1.83E-04,-4.51E-05,-3.10E-04,1.81E-04,-3.08E-04,-3.26E-04,-1.76E-04,-2.80E-04
3034,-4.31E-04,-5.17E-04,-4.50E-04,-2.68E-04,-5.13E-04,-4.54E-04,-6.34E-04,-3.41E-04,-2.40E-04,-5.08E-04,-1.78E-04,1.19E-04,-1.87E-04,-3.79E-05,-2.98E-04,1.81E-04,-3.37E-04,-3.31E-04,-1.46E-04,-2.27E-04
3035,-4.25E-04,-5.25E-04,-4.52E-04,-2.85E-04,-5.12E-04,-4.44E-04,-6.55E-04,-3.45E-04,-2.42E-04,-5.14E-04,-2.54E-04,8.87E-05,-1.91E-04,-3.11E-05,-2.83E-04,1.82E-04,-3.61E-04,-3.32E-04,-1.09E-04,-1.68E-04
3036,-4.18E-04,-5.32E-04,-4.53E-04,-3.05E-04,-5.11E-04,-4.30E-04,-6.69E-04,-3.47E-04,-2.42E-04,-5.19E-04,-3.31E-04,6.15E-05,-1.95E-04,-2.54E-05,-2.65E-04,1.83E-04,-3.78E-04,-3.30E-04,-6.64E-05,-1.04E-04
3037,-4.08E-04,-5.38E-04,-4.53E-04,-3.28E-04,-5.11E-04,-4.15E-04,-6.78E-04,-3.47E-04,-2.40E-04,-5.23E-04,-4.08E-04,3.77E-05,-2.00E-04,-2.16E-05,-2.45E-04,1.83E-04,-3.89E-04,-3.25E-04,-1.88E-05,-3.67E-05
3038,-3.98E-04,-5.43E-04,-4.53E-04,-3.54E-04,-5.11E-04,-3.98E-04,-6.81E-04,-3.44E-04,-2.37E-04,-5.26E-04,-4.81E-04,1.75E-05,-2.06E-04,-2.02E-05,-2.25E-04,1.82E-04,-3.93E-04,-3.17E-04,3.16E-05,3.35E-05
3039,-3.89E-04,-5.46E-04,-4.52E-04,-3.82E-04,-5.13E-04,-3.81E-04,-6.79E-04,-3.40E-04,-2.33E-04,-5.28E-04,-5.49E-04,9.30E-07,-2.13E-04,-2.15E-05,-2.05E-04,1.79E-04,-3.91E-04,-3.07E-04,8.26E-05,1.04E-04
3040,-3.81E-04,-5.49E-04,-4.51E-04,-4.13E-04,-5.16E-04,-3.64E-04,-6.73E-04,-3.36E-04,-2.28E-04,-5.29E-04,-6.10E-04,-1.22E-05,-2.20E-04,-2.58E-05,-1.86E-04,1.76E-04,-3.83E-04,-2.95E-04,1.32E-04,1.73E-04
3041,-3.75E-04,-5.50E-04,-4.50E-04,-4.45E-04,-5.21E-04,-3.47E-04,-6.63E-04,-3.31E-04,-2.23E-04,-5.29E-04,-6.63E-04,-2.23E-05,-2.28E-04,-3.32E-05,-1.71E-04,1.71E-04,-3.70E-04,-2.84E-04,1.78E-04,2.38E-04
3042,-3.73E-04,-5.51E-04,-4.51E-04,-4.78E-04,-5.27E-04,-3.32E-04,-6.51E-04,-3.27E-04,-2.18E-04,-5.27E-04,-7.05E-04,-2.99E-05,-2.38E-04,-4.36E-05,-1.58E-04,1.65E-04,-3.55E-04,-2.72E-04,2.18E-04,2.95E-04
3043,-3.74E-04,-5.49E-04,-4.52E-04,-5.10E-04,-5.36E-04,-3.18E-04,-6.39E-04,-3.25E-04,-2.13E-04,-5.24E-04,-7.37E-04,-3.59E-05,-2.48E-04,-5.68E-05,-1.50E-04,1.57E-04,-3.37E-04,-2.62E-04,2.51E-04,3.43E-04
3044,-3.79E-04,-5.47E-04,-4.55E-04,-5.41E-04,-5.47E-04,-3.08E-04,-6.28E-04,-3.24E-04,-2.10E-04,-5.21E-04,-7.57E-04,-4.11E-05,-2.59E-04,-7.24E-05,-1.47E-04,1.48E-04,-3.18E-04,-2.53E-04,2.74E-04,3.80E-04
3045,-3.87E-04,-5.44E-04,-4.60E-04,-5.71E-04,-5.61E-04,-3.00E-04,-6.19E-04,-3.27E-04,-2.09E-04,-5.16E-04,-7.66E-04,-4.63E-05,-2.71E-04,-9.00E-05,-1.50E-04,1.38E-04,-3.01E-04,-2.46E-04,2.89E-04,4.02E-04
3046,-3.98E-04,-5.41E-04,-4.67E-04,-5.98E-04,-5.76E-04,-2.96E-04,-6.15E-04,-3.33E-04,-2.09E-04,-5.11E-04,-7.65E-04,-5.25E-05,-2.84E-04,-1.09E-04,-1.58E-04,1.26E-04,-2.87E-04,-2.42E-04,2.93E-04,4.09E-04
3047,-4.13E-04,-5.38E-04,-4.76E-04,-6.22E-04,-5.93E-04,-2.96E-04,-6.17E-04,-3.43E-04,-2.12E-04,-5.06E-04,-7.55E-04,-6.02E-05,-2.98E-04,-1.29E-04,-1.71E-04,1.13E-04,-2.76E-04,-2.41E-04,2.86E-04,3.99E-04
3048,-4.29E-04,-5.35E-04,-4.87E-04,-6.44E-04,-6.12E-04,-2.99E-04,-6.25E-04,-3.56E-04,-2.19E-04,-5.00E-04,-7.37E-04,-7.03E-05,-3.12E-04,-1.49E-04,-1.89E-04,9.91E-05,-2.71E-04,-2.42E-04,2.71E-04,3.74E-04
3049,-4.48E-04,-5.33E-04,-5.01E-04,-6.62E-04,-6.32E-04,-3.06E-04,-6.40E-04,-3.74E-04,-2.27E-04,-4.95E-04,-7.14E-04,-8.30E-05,-3.26E-04,-1.70E-04,-2.11E-04,8.43E-05,-2.73E-04,-2.46E-04,2.47E-04,3.33E-04
3050,-4.67E-04,-5.33E-04,-5.18E-04,-6.77E-04,-6.54E-04,-3.16E-04,-6.63E-04,-3.96E-04,-2.39E-04,-4.91E-04,-6.87E-04,-9.88E-05,-3.41E-04,-1.90E-04,-2.37E-04,6.86E-05,-2.80E-04,-2.53E-04,2.15E-04,2.78E-04
3051,-4.86E-04,-5.35E-04,-5.36E-04,-6.89E-04,-6.77E-04,-3.29E-04,-6.92E-04,-4.21E-04,-2.54E-04,-4.88E-04,-6.58E-04,-1.18E-04,-3.57E-04,-2.09E-04,-2.65E-04,5.25E-05,-2.95E-04,-2.62E-04,1.78E-04,2.11E-04
3052,-5.05E-04,-5.41E-04,-5.57E-04,-6.99E-04,-7.00E-04,-3.45E-04,-7.28E-04,-4.49E-04,-2.72E-04,-4.85E-04,-6.30E-04,-1.40E-04,-3.73E-04,-2.27E-04,-2.94E-04,3.60E-05,-3.16E-04,-2.72E-04,1.37E-04,1.36E-04
3053,-5.24E-04,-5.49E-04,-5.79E-04,-7.06E-04,-7.24E-04,-3.63E-04,-7.69E-04,-4.80E-04,-2.91E-04,-4.85E-04,-6.04E-04,-1.64E-04,-3.89E-04,-2.43E-04,-3.24E-04,1.95E-05,-3.42E-04,-2.84E-04,9.37E-05,5.54E-05
3054,-5.41E-04,-5.61E-04,-6.03E-04,-7.11E-04,-7.47E-04,-3.81E-04,-8.13E-04,-5.12E-04,-3.13E-04,-4.85E-04,-5.82E-04,-1.91E-04,-4.05E-04,-2.58E-04,-3.53E-04,3.30E-06,-3.72E-04,-2.96E-04,5.05E-05,-2.66E-05
3055,-5.56E-04,-5.76E-04,-6.26E-04,-7.14E-04,-7.70E-04,-4.00E-04,-8.60E-04,-5.45E-04,-3.35E-04,-4.87E-04,-5.65E-04,-2.20E-04,-4.21E-04,-2.72E-04,-3.80E-04,-1.21E-05,-4.05E-04,-3.08E-04,8.74E-06,-1.06E-04
3056,-5.70E-04,-5.95E-04,-6.50E-04,-7.17E-04,-7.92E-04,-4.19E-04,-9.07E-04,-5.77E-04,-3.58E-04,-4.91E-04,-5.54E-04,-2.49E-04,-4.38E-04,-2.84E-04,-4.04E-04,-2.64E-05,-4.39E-04,-3.20E-04,-3.00E-05,-1.80E-04
3057,-5.82E-04,-6.16E-04,-6.73E-04,-7.18E-04,-8.12E-04,-4.36E-04,-9.53E-04,-6.09E-04,-3.81E-04,-4.95E-04,-5.48E-04,-2.80E-04,-4.54E-04,-2.94E-04,-4.25E-04,-3.91E-05,-4.73E-04,-3.31E-04,-6.46E-05,-2.45E-04
3058,-5.93E-04,-6.40E-04,-6.95E-04,-7.18E-04,-8.30E-04,-4.52E-04,-9.96E-04,-6.38E-04,-4.02E-04,-5.00E-04,-5.48E-04,-3.10E-04,-4.69E-04,-3.02E-04,-4.42E-04,-4.98E-05,-5.04E-04,-3.41E-04,-9.41E-05,-2.98E-04
3059,-6.02E-04,-6.65E-04,-7.14E-04,-7.18E-04,-8.46E-04,-4.65E-04,-1.03E-03,-6.64E-04,-4.22E-04,-5.05E-04,-5.53E-04,-3.40E-04,-4.85E-04,-3.08E-04,-4.55E-04,-5.80E-05,-5.32E-04,-3.50E-04,-1.18E-04,-3.36E-04
3060,-6.09E-04,-6.91E-04,-7.31E-04,-7.16E-04,-8.58E-04,-4.75E-04,-1.07E-03,-6.87E-04,-4.39E-04,-5.10E-04,-5.62E-04,-3.69E-04,-4.99E-04,-3.13E-04,-4.63E-04,-6.33E-05,-5.55E-04,-3.57E-04,-1.36E-04,-3.58E-04
3061,-6.16E-04,-7.17E-04,-7.45E-04,-7.14E-04,-8.67E-04,-4.81E-04,-1.09E-03,-7.05E-04,-4.54E-04,-5.14E-04,-5.73E-04,-3.96E-04,-5.12E-04,-3.15E-04,-4.67E-04,-6.55E-05,-5.72E-04,-3.62E-04,-1.48E-04,-3.63E-04
3062,-6.21E-04,-7.42E-04,-7.55E-04,-7.10E-04,-8.72E-04,-4.84E-04,-1.11E-03,-7.20E-04,-4.65E-04,-5.17E-04,-5.84E-04,-4.21E-04,-5.23E-04,-3.15E-04,-4.66E-04,-6.42E-05,-5.82E-04,-3.65E-04,-1.54E-04,-3.52E-04
3063,-6.24E-04,-7.64E-04,-7.61E-04,-7.04E-04,-8.72E-04,-4.83E-04,-1.12E-03,-7.30E-04,-4.73E-04,-5.19E-04,-5.95E-04,-4.44E-04,-5.33E-04,-3.13E-04,-4.62E-04,-5.95E-05,-5.86E-04,-3.67E-04,-1.55E-04,-3.26E-04
3064,-6.27E-04,-7.84E-04,-7.63E-04,-6.96E-04,-8.68E-04,-4.78E-04,-1.12E-03,-7.35E-04,-4.77E-04,-5.18E-04,-6.04E-04,-4.65E-04,-5.41E-04,-3.08E-04,-4.55E-04,-5.14E-05,-5.83E-04,-3.66E-04,-1.52E-04,-2.86E-04
3065,-6.29E-04,-7.99E-04,-7.60E-04,-6.86E-04,-8.60E-04,-4.69E-04,-1.12E-03,-7.36E-04,-4.78E-04,-5.15E-04,-6.10E-04,-4.82E-04,-5.46E-04,-3.01E-04,-4.46E-04,-4.00E-05,-5.73E-04,-3.64E-04,-1.45E-04,-2.35E-04
3066,-6.29E-04,-8.11E-04,-7.54E-04,-6.73E-04,-8.47E-04,-4.57E-04,-1.11E-03,-7.33E-04,-4.75E-04,-5.10E-04,-6.11E-04,-4.97E-04,-5.49E-04,-2.91E-04,-4.34E-04,-2.57E-05,-5.58E-04,-3.61E-04,-1.35E-04,-1.77E-04
3067,-6.28E-04,-8.18E-04,-7.44E-04,-6.58E-04,-8.30E-04,-4.42E-04,-1.10E-03,-7.27E-04,-4.69E-04,-5.01E-04,-6.07E-04,-5.09E-04,-5.49E-04,-2.78E-04,-4.21E-04,-9.01E-06,-5.39E-04,-3.57E-04,-1.23E-04,-1.13E-04
3068,-6.25E-04,-8.21E-04,-7.30E-04,-6.40E-04,-8.10E-04,-4.24E-04,-1.08E-03,-7.18E-04,-4.60E-04,-4.90E-04,-5.97E-04,-5.17E-04,-5.46E-04,-2.63E-04,-4.07E-04,9.50E-06,-5.17E-04,-3.51E-04,-1.10E-04,-4.90E-05
3069,-6.20E-04,-8.18E-04,-7.14E-04,-6.19E-04,-7.86E-04,-4.03E-04,-1.06E-03,-7.07E-04,-4.49E-04,-4.76E-04,-5.83E-04,-5.22E-04,-5.39E-04,-2.46E-04,-3.93E-04,2.91E-05,-4.92E-04,-3.44E-04,-9.64E-05,1.33E-05
3070,-6.13E-04,-8.12E-04,-6.96E-04,-5.97E-04,-7.59E-04,-3.82E-04,-1.04E-03,-6.94E-04,-4.37E-04,-4.60E-04,-5.64E-04,-5.23E-04,-5.30E-04,-2.27E-04,-3.79E-04,4.90E-05,-4.67E-04,-3.36E-04,-8.25E-05,7.07E-05
3071,-6.05E-04,-8.02E-04,-6.76E-04,-5.72E-04,-7.31E-04,-3.59E-04,-1.02E-03,-6.81E-04,-4.23E-04,-4.42E-04,-5.41E-04,-5.20E-04,-5.18E-04,-2.06E-04,-3.65E-04,6.85E-05,-4.42E-04,-3.27E-04,-6.92E-05,1.21E-04
3072,-5.95E-04,-7.89E-04,-6.55E-04,-5.46E-04,-7.02E-04,-3.36E-04,-1.01E-03,-6.68E-04,-4.10E-04,-4.22E-04,-5.15E-04,-5.14E-04,-5.04E-04,-1.84E-04,-3.53E-04,8.66E-05,-4.18E-04,-3.17E-04,-5.68E-05,1.61E-04
3073,-5.83E-04,-7.74E-04,-6.34E-04,-5.20E-04,-6.73E-04,-3.13E-04,-9.91E-04,-6.56E-04,-3.97E-04,-4.02E-04,-4.87E-04,-5.04E-04,-4.87E-04,-1.62E-04,-3.41E-04,1.03E-04,-3.97E-04,-3.07E-04,-4.56E-05,1.91E-04
3074,-5.70E-04,-7.58E-04,-6.15E-04,-4.95E-04,-6.45E-04,-2.91E-04,-9.78E-04,-6.44E-04,-3.85E-04,-3.81E-04,-4.59E-04,-4.91E-04,-4.68E-04,-1.40E-04,-3.30E-04,1.16E-04,-3.78E-04,-2.95E-04,-3.58E-05,2.09E-04
3075,-5.56E-04,-7.41E-04,-5.97E-04,-4.71E-04,-6.18E-04,-2.71E-04,-9.68E-04,-6.34E-04,-3.75E-04,-3.59E-04,-4.32E-04,-4.74E-04,-4.48E-04,-1.20E-04,-3.20E-04,1.26E-04,-3.63E-04,-2.83E-04,-2.76E-05,2.16E-04
3076,-5.42E-04,-7.25E-04,-5.81E-04,-4.48E-04,-5.94E-04,-2.52E-04,-9.61E-04,-6.26E-04,-3.66E-04,-3.39E-04,-4.07E-04,-4.54E-04,-4.26E-04,-1.01E-04,-3.12E-04,1.33E-04,-3.50E-04,-2.71E-04,-2.09E-05,2.12E-04
3077,-5.28E-04,-7.10E-04,-5.67E-04,-4.29E-04,-5.73E-04,-2.36E-04,-9.56E-04,-6.19E-04,-3.59E-04,-3.20E-04,-3.84E-04,-4.31E-04,-4.04E-04,-8.48E-05,-3.04E-04,1.36E-04,-3.40E-04,-2.58E-04,-1.58E-05,1.99E-04
3078,-5.14E-04,-6.97E-04,-5.57E-04,-4.12E-04,-5.56E-04,-2.22E-04,-9.53E-04,-6.14E-04,-3.55E-04,-3.02E-04,-3.66E-04,-4.06E-04,-3.83E-04,-7.15E-05,-2.97E-04,1.36E-04,-3.33E-04,-2.45E-04,-1.24E-05,1.79E-04
3079,-5.02E-04,-6.85E-04,-5.50E-04,-4.00E-04,-5.42E-04,-2.10E-04,-9.51E-04,-6.11E-04,-3.53E-04,-2.86E-04,-3.51E-04,-3.79E-04,-3.62E-04,-6.17E-05,-2.90E-04,1.32E-04,-3.27E-04,-2.32E-04,-1.05E-05,1.52E-04
3080,-4.92E-04,-6.76E-04,-5.45E-04,-3.91E-04,-5.33E-04,-2.01E-04,-9.49E-04,-6.09E-04,-3.52E-04,-2.72E-04,-3.40E-04,-3.52E-04,-3.41E-04,-5.56E-05,-2.84E-04,1.25E-04,-3.23E-04,-2.19E-04,-1.02E-05,1.22E-04
3081,-4.83E-04,-6.70E-04,-5.44E-04,-3.85E-04,-5.27E-04,-1.95E-04,-9.48E-04,-6.08E-04,-3.54E-04,-2.60E-04,-3.34E-04,-3.24E-04,-3.23E-04,-5.31E-05,-2.79E-04,1.16E-04,-3.19E-04,-2.07E-04,-1.12E-05,8.98E-05
3082,-4.77E-04,-6.66E-04,-5.45E-04,-3.83E-04,-5.25E-04,-1.91E-04,-9.46E-04,-6.07E-04,-3.57E-04,-2.51E-04,-3.30E-04,-2.98E-04,-3.06E-04,-5.43E-05,-2.74E-04,1.05E-04,-3.14E-04,-1.95E-04,-1.35E-05,5.85E-05
3083,-4.73E-04,-6.64E-04,-5.48E-04,-3.84E-04,-5.26E-04,-1.90E-04,-9.42E-04,-6.07E-04,-3.61E-04,-2.43E-04,-3.30E-04,-2.73E-04,-2.91E-04,-5.85E-05,-2.69E-04,9.29E-05,-3.09E-04,-1.85E-04,-1.69E-05,2.97E-05
3084,-4.70E-04,-6.63E-04,-5.52E-04,-3.87E-04,-5.29E-04,-1.90E-04,-9.36E-04,-6.07E-04,-3.65E-04,-2.36E-04,-3.31E-04,-2.51E-04,-2.78E-04,-6.54E-05,-2.65E-04,8.07E-05,-3.02E-04,-1.75E-04,-2.12E-05,4.95E-06
3085,-4.69E-04,-6.63E-04,-5.57E-04,-3.91E-04,-5.33E-04,-1.92E-04,-9.29E-04,-6.06E-04,-3.69E-04,-2.31E-04,-3.34E-04,-2.32E-04,-2.68E-04,-7.41E-05,-2.61E-04,6.91E-05,-2.94E-04,-1.66E-04,-2.61E-05,-1.44E-05
3086,-4.69E-04,-6.64E-04,-5.62E-04,-3.96E-04,-5.38E-04,-1.95E-04,-9.20E-04,-6.04E-04,-3.73E-04,-2.27E-04,-3.37E-04,-2.16E-04,-2.60E-04,-8.38E-05,-2.57E-04,5.89E-05,-2.84E-04,-1.59E-04,-3.12E-05,-2.75E-05
3087,-4.69E-04,-6.64E-04,-5.66E-04,-3.99E-04,-5.42E-04,-1.98E-04,-9.08E-04,-6.01E-04,-3.75E-04,-2.23E-04,-3.39E-04,-2.05E-04,-2.53E-04,-9.36E-05,-2.54E-04,5.05E-05,-2.72E-04,-1.52E-04,-3.60E-05,-3.38E-05
3088,-4.69E-04,-6.64E-04,-5.67E-04,-4.02E-04,-5.45E-04,-2.01E-04,-8.95E-04,-5.96E-04,-3.77E-04,-2.18E-04,-3.40E-04,-1.98E-04,-2.49E-04,-1.02E-04,-2.50E-04,4.46E-05,-2.58E-04,-1.46E-04,-4.02E-05,-3.31E-05
3089,-4.67E-04,-6.62E-04,-5.67E-04,-4.02E-04,-5.46E-04,-2.04E-04,-8.80E-04,-5.89E-04,-3.76E-04,-2.13E-04,-3.39E-04,-1.95E-04,-2.45E-04,-1.10E-04,-2.46E-04,4.15E-05,-2.43E-04,-1.41E-04,-4.33E-05,-2.56E-05
3090,-4.63E-04,-6.58E-04,-5.63E-04,-3.98E-04,-5.43E-04,-2.05E-04,-8.63E-04,-5.80E-04,-3.74E-04,-2.07E-04,-3.36E-04,-1.95E-04,-2.43E-04,-1.14E-04,-2.42E-04,4.13E-05,-2.27E-04,-1.36E-04,-4.46E-05,-1.18E-05
3091,-4.56E-04,-6.52E-04,-5.55E-04,-3.91E-04,-5.37E-04,-2.05E-04,-8.46E-04,-5.68E-04,-3.69E-04,-1.99E-04,-3.30E-04,-1.99E-04,-2.41E-04,-1.15E-04,-2.36E-04,4.41E-05,-2.10E-04,-1.31E-04,-4.37E-05,7.85E-06
3092,-4.46E-04,-6.44E-04,-5.44E-04,-3.80E-04,-5.27E-04,-2.02E-04,-8.27E-04,-5.54E-04,-3.62E-04,-1.89E-04,-3.23E-04,-2.05E-04,-2.39E-04,-1.12E-04,-2.30E-04,4.99E-05,-1.93E-04,-1.25E-04,-4.03E-05,3.25E-05
3093,-4.32E-04,-6.34E-04,-5.29E-04,-3.65E-04,-5.12E-04,-1.98E-04,-8.08E-04,-5.38E-04,-3.53E-04,-1.78E-04,-3.14E-04,-2.13E-04,-2.37E-04,-1.05E-04,-2.22E-04,5.83E-05,-1.75E-04,-1.18E-04,-3.38E-05,6.13E-05
3094,-4.14E-04,-6.20E-04,-5.09E-04,-3.46E-04,-4.93E-04,-1.90E-04,-7.88E-04,-5.20E-04,-3.42E-04,-1.64E-04,-3.03E-04,-2.22E-04,-2.33E-04,-9.32E-05,-2.12E-04,6.92E-05,-1.58E-04,-1.10E-04,-2.41E-05,9.33E-05
3095,-3.93E-04,-6.05E-04,-4.86E-04,-3.24E-04,-4.70E-04,-1.81E-04,-7.67E-04,-5.00E-04,-3.29E-04,-1.48E-04,-2.92E-04,-2.30E-04,-2.29E-04,-7.74E-05,-2.01E-04,8.19E-05,-1.41E-04,-1.01E-04,-1.11E-05,1.28E-04
3096,-3.68E-04,-5.87E-04,-4.59E-04,-2.98E-04,-4.44E-04,-1.68E-04,-7.45E-04,-4.77E-04,-3.14E-04,-1.31E-04,-2.80E-04,-2.38E-04,-2.22E-04,-5.77E-05,-1.87E-04,9.62E-05,-1.24E-04,-9.00E-05,5.17E-06,1.64E-04
3097,-3.40E-04,-5.68E-04,-4.30E-04,-2.70E-04,-4.14E-04,-1.54E-04,-7.23E-04,-4.53E-04,-2.98E-04,-1.11E-04,-2.67E-04,-2.43E-04,-2.14E-04,-3.45E-05,-1.71E-04,1.11E-04,-1.08E-04,-7.73E-05,2.44E-05,2.00E-04
3098,-3.09E-04,-5.47E-04,-3.99E-04,-2.40E-04,-3.82E-04,-1.37E-04,-6.99E-04,-4.28E-04,-2.81E-04,-9.10E-05,-2.55E-04,-2.45E-04,-2.04E-04,-8.68E-06,-1.52E-04,1.27E-04,-9.11E-05,-6.30E-05,4.62E-05,2.37E-04
3099,-2.78E-04,-5.24E-04,-3.66E-04,-2.10E-04,-3.47E-04,-1.19E-04,-6.73E-04,-4.02E-04,-2.64E-04,-6.95E-05,-2.43E-04,-2.44E-04,-1.92E-04,1.90E-05,-1.31E-04,1.43E-04,-7.46E-05,-4.74E-05,7.00E-05,2.72E-04
3100,-2.46E-04,-5.01E-04,-3.32E-04,-1.80E-04,-3.12E-04,-9.93E-05,-6.46E-04,-3.75E-04,-2.46E-04,-4.76E-05,-2.32E-04,-2.40E-04,-1.79E-04,4.77E-05,-1.08E-04,1.59E-04,-5.80E-05,-3.06E-05,9.50E-05,3.06E-04
3101,-2.14E-04,-4.78E-04,-2.99E-04,-1.51E-04,-2.77E-04,-7.91E-05,-6.17E-04,-3.48E-04,-2.29E-04,-2.57E-05,-2.22E-04,-2.32E-04,-1.63E-04,7.64E-05,-8.32E-05,1.74E-04,-4.10E-05,-1.31E-05,1.20E-04,3.38E-04
3102,-1.83E-04,-4.54E-04,-2.66E-04,-1.25E-04,-2.43E-04,-5.88E-05,-5.87E-04,-3.21E-04,-2.12E-04,-4.10E-06,-2.13E-04,-2.20E-04,-1.46E-04,1.04E-04,-5.69E-05,1.88E-04,-2.35E-05,4.49E-06,1.45E-04,3.67E-04
3103,-1.55E-04,-4.30E-04,-2.35E-04,-1.00E-04,-2.10E-04,-3.90E-05,-5.55E-04,-2.95E-04,-1.96E-04,1.66E-05,-2.03E-04,-2.05E-04,-1.28E-04,1.30E-04,-2.99E-05,2.01E-04,-5.43E-06,2.17E-05,1.69E-04,3.92E-04
3104,-1.29E-04,-4.07E-04,-2.07E-04,-7.86E-05,-1.79E-04,-2.02E-05,-5.22E-04,-2.69E-04,-1.80E-04,3.62E-05,-1.94E-04,-1.88E-04,-1.09E-04,1.54E-04,-2.63E-06,2.12E-04,1.32E-05,3.79E-05,1.90E-04,4.13E-04
3105,-1.05E-04,-3.85E-04,-1.81E-04,-6.02E-05,-1.50E-04,-3.00E-06,-4.88E-04,-2.44E-04,-1.66E-04,5.43E-05,-1.85E-04,-1.68E-04,-9.08E-05,1.75E-04,2.42E-05,2.23E-04,3.22E-05,5.27E-05,2.09E-04,4.29E-04
3106,-8.49E-05,-3.64E-04,-1.58E-04,-4.50E-05,-1.23E-04,1.22E-05,-4.55E-04,-2.21E-04,-1.53E-04,7.06E-05,-1.76E-04,-1.47E-04,-7.24E-05,1.93E-04,5.01E-05,2.31E-04,5.15E-05,6.54E-05,2.23E-04,4.42E-04
3107,-6.74E-05,-3.44E-04,-1.37E-04,-3.27E-05,-1.00E-04,2.51E-05,-4.22E-04,-2.00E-04,-1.42E-04,8.52E-05,-1.66E-04,-1.25E-04,-5.49E-05,2.07E-04,7.43E-05,2.39E-04,7.07E-05,7.57E-05,2.34E-04,4.49E-04
3108,-5.25E-05,-3.25E-04,-1.20E-04,-2.30E-05,-7.94E-05,3.55E-05,-3.90E-04,-1.80E-04,-1.32E-04,9.78E-05,-1.55E-04,-1.04E-04,-3.86E-05,2.18E-04,9.64E-05,2.44E-04,8.94E-05,8.34E-05,2.41E-04,4.52E-04
3109,-3.98E-05,-3.07E-04,-1.06E-04,-1.54E-05,-6.13E-05,4.33E-05,-3.61E-04,-1.62E-04,-1.22E-04,1.09E-04,-1.44E-04,-8.39E-05,-2.38E-05,2.26E-04,1.16E-04,2.48E-04,1.07E-04,8.84E-05,2.44E-04,4.50E-04
3110,-2.88E-05,-2.91E-04,-9.40E-05,-9.32E-06,-4.55E-05,4.86E-05,-3.35E-04,-1.45E-04,-1.14E-04,1.18E-04,-1.31E-04,-6.52E-05,-1.10E-05,2.31E-04,1.33E-04,2.51E-04,1.24E-04,9.07E-05,2.42E-04,4.45E-04
3111,-1.89E-05,-2.76E-04,-8.38E-05,-4.03E-06,-3.16E-05,5.15E-05,-3.12E-04,-1.30E-04,-1.07E-04,1.25E-04,-1.18E-04,-4.86E-05,-1.97E-07,2.34E-04,1.47E-04,2.51E-04,1.39E-04,9.06E-05,2.38E-04,4.36E-04
3112,-9.48E-06,-2.62E-04,-7.49E-05,1.15E-06,-1.92E-05,5.24E-05,-2.93E-04,-1.17E-04,-9.98E-05,1.32E-04,-1.05E-04,-3.43E-05,8.51E-06,2.35E-04,1.58E-04,2.51E-04,1.53E-04,8.85E-05,2.31E-04,4.25E-04
3113,3.62E-08,-2.49E-04,-6.65E-05,6.87E-06,-7.83E-06,5.16E-05,-2.77E-04,-1.04E-04,-9.31E-05,1.37E-04,-9.06E-05,-2.25E-05,1.52E-05,2.36E-04,1.66E-04,2.48E-04,1.65E-04,8.48E-05,2.22E-04,4.12E-04
3114,1.01E-05,-2.37E-04,-5.81E-05,1.37E-05,3.05E-06,4.96E-05,-2.66E-04,-9.20E-05,-8.66E-05,1.42E-04,-7.67E-05,-1.29E-05,2.00E-05,2.36E-04,1.73E-04,2.44E-04,1.75E-04,8.03E-05,2.12E-04,3.98E-04
3115,2.10E-05,-2.25E-04,-4.91E-05,2.22E-05,1.39E-05,4.70E-05,-2.58E-04,-8.02E-05,-7.98E-05,1.47E-04,-6.32E-05,-5.36E-06,2.33E-05,2.36E-04,1.77E-04,2.39E-04,1.84E-04,7.55E-05,2.03E-04,3.84E-04
3116,3.30E-05,-2.13E-04,-3.89E-05,3.26E-05,2.50E-05,4.41E-05,-2.52E-04,-6.82E-05,-7.26E-05,1.51E-04,-5.03E-05,6.42E-07,2.55E-05,2.37E-04,1.80E-04,2.32E-04,1.91E-04,7.13E-05,1.94E-04,3.71E-04
3117,4.62E-05,-2.01E-04,-2.70E-05,4.50E-05,3.67E-05,4.15E-05,-2.49E-04,-5.56E-05,-6.47E-05,1.57E-04,-3.83E-05,5.68E-06,2.69E-05,2.39E-04,1.82E-04,2.24E-04,1.98E-04,6.82E-05,1.87E-04,3.60E-04
3118,6.03E-05,-1.88E-04,-1.31E-05,5.96E-05,4.93E-05,3.95E-05,-2.46E-04,-4.20E-05,-5.61E-05,1.62E-04,-2.72E-05,1.04E-05,2.81E-05,2.42E-04,1.84E-04,2.14E-04,2.05E-04,6.68E-05,1.83E-04,3.51E-04
3119,7.52E-05,-1.74E-04,2.90E-06,7.61E-05,6.29E-05,3.86E-05,-2.42E-04,-2.71E-05,-4.65E-05,1.68E-04,-1.70E-05,1.55E-05,2.96E-05,2.47E-04,1.87E-04,2.04E-04,2.12E-04,6.77E-05,1.82E-04,3.43E-04
3120,9.07E-05,-1.59E-04,2.12E-05,9.43E-05,7.76E-05,3.88E-05,-2.38E-04,-1.07E-05,-3.59E-05,1.76E-04,-7.66E-06,2.15E-05,3.18E-05,2.53E-04,1.90E-04,1.94E-04,2.21E-04,7.10E-05,1.84E-04,3.38E-04
3121,1.06E-04,-1.42E-04,4.16E-05,1.14E-04,9.32E-05,4.03E-05,-2.30E-04,7.45E-06,-2.44E-05,1.84E-04,1.06E-06,2.92E-05,3.52E-05,2.61E-04,1.94E-04,1.83E-04,2.32E-04,7.70E-05,1.89E-04,3.35E-04
3122,1.22E-04,-1.23E-04,6.39E-05,1.33E-04,1.10E-04,4.31E-05,-2.19E-04,2.74E-05,-1.20E-05,1.92E-04,9.49E-06,3.88E-05,4.01E-05,2.69E-04,2.00E-04,1.72E-04,2.45E-04,8.56E-05,1.97E-04,3.32E-04
3123,1.37E-04,-1.01E-04,8.77E-05,1.53E-04,1.27E-04,4.71E-05,-2.04E-04,4.89E-05,1.31E-06,2.02E-04,1.80E-05,5.08E-05,4.67E-05,2.79E-04,2.07E-04,1.61E-04,2.62E-04,9.65E-05,2.08E-04,3.31E-04
3124,1.52E-04,-7.68E-05,1.13E-04,1.73E-04,1.44E-04,5.19E-05,-1.84E-04,7.20E-05,1.52E-05,2.12E-04,2.70E-05,6.51E-05,5.51E-05,2.88E-04,2.15E-04,1.51E-04,2.81E-04,1.09E-04,2.22E-04,3.28E-04
3125,1.66E-04,-5.02E-05,1.38E-04,1.91E-04,1.62E-04,5.73E-05,-1.59E-04,9.63E-05,2.96E-05,2.22E-04,3.68E-05,8.18E-05,6.54E-05,2.97E-04,2.24E-04,1.42E-04,3.04E-04,1.23E-04,2.36E-04,3.24E-04
3126,1.80E-04,-2.13E-05,1.64E-04,2.07E-04,1.79E-04,6.29E-05,-1.28E-04,1.21E-04,4.42E-05,2.32E-04,4.78E-05,1.01E-04,7.73E-05,3.05E-04,2.34E-04,1.34E-04,3.29E-04,1.38E-04,2.52E-04,3.17E-04
3127,1.94E-04,9.74E-06,1.89E-04,2.21E-04,1.96E-04,6.83E-05,-9.36E-05,1.47E-04,5.88E-05,2.42E-04,6.01E-05,1.21E-04,9.06E-05,3.11E-04,2.44E-04,1.27E-04,3.57E-04,1.53E-04,2.67E-04,3.06E-04
3128,2.07E-04,4.25E-05,2.13E-04,2.32E-04,2.13E-04,7.30E-05,-5.53E-05,1.72E-04,7.30E-05,2.51E-04,7.39E-05,1.42E-04,1.05E-04,3.16E-04,2.54E-04,1.21E-04,3.86E-04,1.66E-04,2.80E-04,2.92E-04
3129,2.21E-04,7.64E-05,2.36E-04,2.40E-04,2.28E-04,7.67E-05,-1.42E-05,1.97E-04,8.67E-05,2.59E-04,8.91E-05,1.64E-04,1.20E-04,3.19E-04,2.64E-04,1.17E-04,4.15E-04,1.78E-04,2.92E-04,2.72E-04
3130,2.36E-04,1.11E-04,2.57E-04,2.45E-04,2.42E-04,7.90E-05,2.82E-05,2.20E-04,9.95E-05,2.65E-04,1.05E-04,1.85E-04,1.35E-04,3.20E-04,2.72E-04,1.14E-04,4.44E-04,1.87E-04,3.01E-04,2.47E-04
3131,2.53E-04,1.46E-04,2.76E-04,2.47E-04,2.55E-04,7.98E-05,7.05E-05,2.41E-04,1.11E-04,2.71E-04,1.23E-04,2.04E-04,1.49E-04,3.19E-04,2.79E-04,1.12E-04,4.70E-04,1.93E-04,3.07E-04,2.18E-04
3132,2.71E-04,1.80E-04,2.92E-04,2.46E-04,2.67E-04,7.87E-05,1.11E-04,2.61E-04,1.22E-04,2.75E-04,1.40E-04,2.21E-04,1.63E-04,3.15E-04,2.84E-04,1.10E-04,4.93E-04,1.95E-04,3.09E-04,1.85E-04
3133,2.91E-04,2.12E-04,3.06E-04,2.43E-04,2.77E-04,7.58E-05,1.50E-04,2.77E-04,1.31E-04,2.77E-04,1.58E-04,2.35E-04,1.75E-04,3.09E-04,2.87E-04,1.08E-04,5.12E-04,1.94E-04,3.07E-04,1.49E-04
3134,3.13E-04,2.43E-04,3.18E-04,2.37E-04,2.85E-04,7.11E-05,1.84E-04,2.91E-04,1.39E-04,2.78E-04,1.74E-04,2.46E-04,1.85E-04,3.02E-04,2.87E-04,1.06E-04,5.26E-04,1.89E-04,3.01E-04,1.12E-04
3135,3.37E-04,2.71E-04,3.28E-04,2.30E-04,2.92E-04,6.49E-05,2.13E-04,3.02E-04,1.45E-04,2.77E-04,1.90E-04,2.52E-04,1.93E-04,2.92E-04,2.86E-04,1.04E-04,5.33E-04,1.80E-04,2.91E-04,7.43E-05
3136,3.63E-04,2.97E-04,3.35E-04,2.22E-04,2.98E-04,5.74E-05,2.37E-04,3.10E-04,1.50E-04,2.74E-04,2.03E-04,2.54E-04,2.00E-04,2.81E-04,2.84E-04,1.01E-04,5.33E-04,1.67E-04,2.78E-04,3.85E-05
3137,3.89E-04,3.19E-04,3.41E-04,2.13E-04,3.02E-04,4.88E-05,2.54E-04,3.15E-04,1.54E-04,2.71E-04,2.15E-04,2.52E-04,2.04E-04,2.69E-04,2.80E-04,9.67E-05,5.27E-04,1.52E-04,2.63E-04,6.26E-06
3138,4.17E-04,3.37E-04,3.45E-04,2.04E-04,3.05E-04,3.96E-05,2.66E-04,3.18E-04,1.56E-04,2.67E-04,2.24E-04,2.47E-04,2.06E-04,2.56E-04,2.75E-04,9.14E-05,5.15E-04,1.34E-04,2.44E-04,-2.09E-05
3139,4.44E-04,3.52E-04,3.48E-04,1.96E-04,3.08E-04,3.03E-05,2.73E-04,3.19E-04,1.58E-04,2.63E-04,2.30E-04,2.37E-04,2.06E-04,2.44E-04,2.70E-04,8.48E-05,4.97E-04,1.14E-04,2.25E-04,-4.14E-05
3140,4.70E-04,3.64E-04,3.50E-04,1.88E-04,3.09E-04,2.11E-05,2.74E-04,3.17E-04,1.59E-04,2.58E-04,2.34E-04,2.26E-04,2.05E-04,2.31E-04,2.65E-04,7.71E-05,4.73E-04,9.38E-05,2.04E-04,-5.44E-05
3141,4.94E-04,3.73E-04,3.52E-04,1.82E-04,3.10E-04,1.25E-05,2.72E-04,3.15E-04,1.59E-04,2.54E-04,2.37E-04,2.12E-04,2.04E-04,2.19E-04,2.60E-04,6.83E-05,4.46E-04,7.32E-05,1.83E-04,-5.89E-05
3142,5.15E-04,3.79E-04,3.54E-04,1.78E-04,3.10E-04,4.83E-06,2.68E-04,3.11E-04,1.60E-04,2.50E-04,2.38E-04,1.98E-04,2.02E-04,2.08E-04,2.57E-04,5.88E-05,4.17E-04,5.33E-05,1.62E-04,-5.49E-05
3143,5.33E-04,3.83E-04,3.56E-04,1.75E-04,3.10E-04,-1.71E-06,2.63E-04,3.08E-04,1.60E-04,2.47E-04,2.38E-04,1.85E-04,1.99E-04,1.98E-04,2.55E-04,4.90E-05,3.86E-04,3.45E-05,1.43E-04,-4.26E-05
3144,5.46E-04,3.86E-04,3.58E-04,1.74E-04,3.11E-04,-6.91E-06,2.59E-04,3.05E-04,1.60E-04,2.45E-04,2.38E-04,1.72E-04,1.98E-04,1.89E-04,2.54E-04,3.92E-05,3.56E-04,1.75E-05,1.25E-04,-2.27E-05
3145,5.54E-04,3.88E-04,3.61E-04,1.75E-04,3.11E-04,-1.07E-05,2.56E-04,3.02E-04,1.62E-04,2.45E-04,2.39E-04,1.63E-04,1.97E-04,1.82E-04,2.56E-04,2.99E-05,3.28E-04,2.52E-06,1.08E-04,3.44E-06
3146,5.58E-04,3.89E-04,3.65E-04,1.77E-04,3.12E-04,-1.31E-05,2.58E-04,3.00E-04,1.63E-04,2.46E-04,2.42E-04,1.56E-04,1.97E-04,1.77E-04,2.58E-04,2.16E-05,3.03E-04,-1.01E-05,9.44E-05,3.44E-05
3147,5.57E-04,3.90E-04,3.69E-04,1.81E-04,3.14E-04,-1.41E-05,2.64E-04,2.99E-04,1.66E-04,2.49E-04,2.46E-04,1.53E-04,1.98E-04,1.72E-04,2.62E-04,1.47E-05,2.82E-04,-2.05E-05,8.29E-05,6.83E-05
3148,5.51E-04,3.91E-04,3.74E-04,1.86E-04,3.16E-04,-1.39E-05,2.75E-04,3.00E-04,1.69E-04,2.52E-04,2.52E-04,1.55E-04,2.00E-04,1.70E-04,2.66E-04,9.47E-06,2.66E-04,-2.86E-05,7.39E-05,1.03E-04
3149,5.42E-04,3.93E-04,3.79E-04,1.91E-04,3.19E-04,-1.27E-05,2.93E-04,3.01E-04,1.73E-04,2.57E-04,2.61E-04,1.60E-04,2.02E-04,1.68E-04,2.71E-04,6.24E-06,2.55E-04,-3.49E-05,6.75E-05,1.37E-04
3150,5.30E-04,3.97E-04,3.85E-04,1.97E-04,3.24E-04,-1.08E-05,3.16E-04,3.04E-04,1.78E-04,2.63E-04,2.73E-04,1.70E-04,2.06E-04,1.68E-04,2.75E-04,5.12E-06,2.49E-04,-3.96E-05,6.35E-05,1.68E-04
3151,5.15E-04,4.01E-04,3.91E-04,2.02E-04,3.29E-04,-8.35E-06,3.46E-04,3.08E-04,1.83E-04,2.70E-04,2.86E-04,1.83E-04,2.09E-04,1.68E-04,2.79E-04,6.10E-06,2.48E-04,-4.35E-05,6.17E-05,1.94E-04
3152,4.99E-04,4.06E-04,3.98E-04,2.08E-04,3.35E-04,-5.65E-06,3.82E-04,3.12E-04,1.89E-04,2.78E-04,3.01E-04,1.99E-04,2.11E-04,1.69E-04,2.80E-04,9.04E-06,2.51E-04,-4.69E-05,6.20E-05,2.14E-04
3153,4.82E-04,4.13E-04,4.04E-04,2.12E-04,3.42E-04,-2.94E-06,4.22E-04,3.17E-04,1.95E-04,2.85E-04,3.17E-04,2.16E-04,2.13E-04,1.69E-04,2.80E-04,1.36E-05,2.56E-04,-5.06E-05,6.41E-05,2.27E-04
3154,4.66E-04,4.20E-04,4.11E-04,2.15E-04,3.50E-04,-4.38E-07,4.65E-04,3.21E-04,2.01E-04,2.92E-04,3.32E-04,2.34E-04,2.13E-04,1.70E-04,2.77E-04,1.95E-05,2.63E-04,-5.51E-05,6.75E-05,2.32E-04
3155,4.52E-04,4.28E-04,4.17E-04,2.16E-04,3.58E-04,1.68E-06,5.10E-04,3.25E-04,2.06E-04,2.99E-04,3.47E-04,2.50E-04,2.12E-04,1.70E-04,2.70E-04,2.61E-05,2.70E-04,-6.09E-05,7.18E-05,2.31E-04
3156,4.39E-04,4.36E-04,4.22E-04,2.16E-04,3.67E-04,3.26E-06,5.55E-04,3.27E-04,2.11E-04,3.04E-04,3.60E-04,2.64E-04,2.08E-04,1.68E-04,2.61E-04,3.27E-05,2.76E-04,-6.84E-05,7.67E-05,2.22E-04
3157,4.28E-04,4.44E-04,4.27E-04,2.14E-04,3.75E-04,4.21E-06,5.99E-04,3.28E-04,2.15E-04,3.09E-04,3.70E-04,2.75E-04,2.02E-04,1.65E-04,2.48E-04,3.88E-05,2.79E-04,-7.79E-05,8.17E-05,2.06E-04
3158,4.19E-04,4.51E-04,4.30E-04,2.10E-04,3.82E-04,4.44E-06,6.40E-04,3.28E-04,2.17E-04,3.11E-04,3.76E-04,2.80E-04,1.93E-04,1.61E-04,2.31E-04,4.37E-05,2.78E-04,-8.96E-05,8.63E-05,1.86E-04
3159,4.13E-04,4.58E-04,4.32E-04,2.04E-04,3.88E-04,3.92E-06,6.75E-04,3.24E-04,2.18E-04,3.13E-04,3.79E-04,2.80E-04,1.82E-04,1.54E-04,2.11E-04,4.66E-05,2.71E-04,-1.04E-04,9.01E-05,1.61E-04
3160,4.07E-04,4.64E-04,4.33E-04,1.96E-04,3.92E-04,2.61E-06,7.05E-04,3.18E-04,2.18E-04,3.12E-04,3.77E-04,2.74E-04,1.68E-04,1.44E-04,1.89E-04,4.72E-05,2.58E-04,-1.20E-04,9.27E-05,1.34E-04
3161,4.03E-04,4.68E-04,4.32E-04,1.87E-04,3.94E-04,4.91E-07,7.27E-04,3.10E-04,2.15E-04,3.10E-04,3.72E-04,2.61E-04,1.53E-04,1.33E-04,1.64E-04,4.48E-05,2.39E-04,-1.38E-04,9.35E-05,1.06E-04
3162,4.00E-04,4.71E-04,4.29E-04,1.75E-04,3.93E-04,-2.45E-06,7.40E-04,2.98E-04,2.11E-04,3.06E-04,3.62E-04,2.42E-04,1.36E-04,1.18E-04,1.37E-04,3.92E-05,2.13E-04,-1.57E-04,9.23E-05,7.80E-05
3163,3.96E-04,4.73E-04,4.24E-04,1.63E-04,3.90E-04,-6.22E-06,7.44E-04,2.84E-04,2.05E-04,3.00E-04,3.50E-04,2.17E-04,1.19E-04,1.01E-04,1.09E-04,3.02E-05,1.80E-04,-1.78E-04,8.87E-05,5.17E-05
3164,3.91E-04,4.73E-04,4.17E-04,1.49E-04,3.83E-04,-1.09E-05,7.38E-04,2.67E-04,1.98E-04,2.93E-04,3.36E-04,1.88E-04,1.01E-04,8.08E-05,8.06E-05,1.78E-05,1.41E-04,-2.00E-04,8.24E-05,2.79E-05
3165,3.84E-04,4.72E-04,4.08E-04,1.34E-04,3.73E-04,-1.64E-05,7.24E-04,2.47E-04,1.88E-04,2.84E-04,3.20E-04,1.55E-04,8.41E-05,5.87E-05,5.24E-05,2.03E-06,9.78E-05,-2.21E-04,7.33E-05,7.32E-06
3166,3.75E-04,4.69E-04,3.97E-04,1.18E-04,3.60E-04,-2.29E-05,7.00E-04,2.25E-04,1.78E-04,2.74E-04,3.04E-04,1.20E-04,6.81E-05,3.45E-05,2.49E-05,-1.67E-05,5.02E-05,-2.42E-04,6.13E-05,-9.79E-06
3167,3.64E-04,4.64E-04,3.84E-04,1.01E-04,3.43E-04,-3.02E-05,6.68E-04,2.01E-04,1.66E-04,2.63E-04,2.89E-04,8.42E-05,5.37E-05,8.69E-06,-1.18E-06,-3.78E-05,8.20E-08,-2.63E-04,4.65E-05,-2.33E-05
3168,3.50E-04,4.57E-04,3.70E-04,8.41E-05,3.24E-04,-3.86E-05,6.30E-04,1.75E-04,1.53E-04,2.51E-04,2.75E-04,4.93E-05,4.10E-05,-1.81E-05,-2.54E-05,-6.10E-05,-5.12E-05,-2.82E-04,2.91E-05,-3.36E-05
3169,3.33E-04,4.49E-04,3.54E-04,6.70E-05,3.03E-04,-4.78E-05,5.86E-04,1.49E-04,1.40E-04,2.39E-04,2.64E-04,1.68E-05,3.04E-05,-4.55E-05,-4.72E-05,-8.53E-05,-1.02E-04,-3.00E-04,9.28E-06,-4.09E-05
3170,3.14E-04,4.39E-04,3.38E-04,5.00E-05,2.79E-04,-5.78E-05,5.39E-04,1.22E-04,1.26E-04,2.27E-04,2.55E-04,-1.22E-05,2.17E-05,-7.27E-05,-6.64E-05,-1.10E-04,-1.52E-04,-3.16E-04,-1.25E-05,-4.59E-05
3171,2.93E-04,4.27E-04,3.21E-04,3.35E-05,2.55E-04,-6.84E-05,4.89E-04,9.54E-05,1.12E-04,2.14E-04,2.49E-04,-3.68E-05,1.49E-05,-9.92E-05,-8.27E-05,-1.35E-04,-1.98E-04,-3.31E-04,-3.56E-05,-4.92E-05
3172,2.70E-04,4.13E-04,3.03E-04,1.75E-05,2.30E-04,-7.95E-05,4.39E-04,6.93E-05,9.86E-05,2.02E-04,2.45E-04,-5.64E-05,9.59E-06,-1.24E-04,-9.60E-05,-1.58E-04,-2.41E-04,-3.43E-04,-5.96E-05,-5.14E-05
3173,2.47E-04,3.98E-04,2.87E-04,2.48E-06,2.07E-04,-9.08E-05,3.90E-04,4.44E-05,8.57E-05,1.91E-04,2.43E-04,-7.08E-05,5.30E-06,-1.47E-04,-1.06E-04,-1.80E-04,-2.78E-04,-3.54E-04,-8.37E-05,-5.30E-05
3174,2.23E-04,3.81E-04,2.71E-04,-1.14E-05,1.84E-04,-1.02E-04,3.43E-04,2.11E-05,7.36E-05,1.80E-04,2.41E-04,-8.03E-05,1.50E-06,-1.68E-04,-1.14E-04,-2.00E-04,-3.11E-04,-3.64E-04,-1.07E-04,-5.43E-05
3175,2.00E-04,3.63E-04,2.56E-04,-2.40E-05,1.64E-04,-1.12E-04,3.01E-04,-3.63E-07,6.25E-05,1.70E-04,2.38E-04,-8.57E-05,-2.40E-06,-1.86E-04,-1.18E-04,-2.16E-04,-3.39E-04,-3.72E-04,-1.29E-04,-5.56E-05
3176,1.78E-04,3.43E-04,2.43E-04,-3.50E-05,1.46E-04,-1.22E-04,2.63E-04,-1.96E-05,5.25E-05,1.61E-04,2.34E-04,-8.80E-05,-7.00E-06,-2.00E-04,-1.19E-04,-2.29E-04,-3.61E-04,-3.79E-04,-1.50E-04,-5.69E-05
3177,1.57E-04,3.23E-04,2.32E-04,-4.43E-05,1.33E-04,-1.30E-04,2.31E-04,-3.63E-05,4.37E-05,1.54E-04,2.25E-04,-8.85E-05,-1.29E-05,-2.11E-04,-1.18E-04,-2.38E-04,-3.79E-04,-3.85E-04,-1.67E-04,-5.79E-05
3178,1.37E-04,3.02E-04,2.23E-04,-5.16E-05,1.23E-04,-1.36E-04,2.05E-04,-5.06E-05,3.62E-05,1.48E-04,2.12E-04,-8.89E-05,-2.05E-05,-2.19E-04,-1.15E-04,-2.43E-04,-3.92E-04,-3.90E-04,-1.82E-04,-5.83E-05
3179,1.19E-04,2.81E-04,2.17E-04,-5.71E-05,1.17E-04,-1.40E-04,1.85E-04,-6.25E-05,2.98E-05,1.43E-04,1.92E-04,-9.08E-05,-3.02E-05,-2.24E-04,-1.10E-04,-2.44E-04,-4.02E-04,-3.95E-04,-1.93E-04,-5.78E-05
3180,1.03E-04,2.60E-04,2.13E-04,-6.05E-05,1.15E-04,-1.40E-04,1.71E-04,-7.20E-05,2.44E-05,1.40E-04,1.65E-04,-9.58E-05,-4.21E-05,-2.26E-04,-1.03E-04,-2.42E-04,-4.10E-04,-4.00E-04,-2.00E-04,-5.58E-05
3181,8.75E-05,2.41E-04,2.10E-04,-6.21E-05,1.17E-04,-1.38E-04,1.61E-04,-7.96E-05,2.00E-05,1.39E-04,1.31E-04,-1.06E-04,-5.64E-05,-2.25E-04,-9.49E-05,-2.36E-04,-4.16E-04,-4.05E-04,-2.04E-04,-5.19E-05
3182,7.27E-05,2.23E-04,2.10E-04,-6.19E-05,1.22E-04,-1.33E-04,1.55E-04,-8.54E-05,1.62E-05,1.39E-04,8.82E-05,-1.21E-04,-7.27E-05,-2.22E-04,-8.60E-05,-2.27E-04,-4.22E-04,-4.10E-04,-2.04E-04,-4.58E-05
3183,5.81E-05,2.07E-04,2.11E-04,-6.02E-05,1.31E-04,-1.24E-04,1.53E-04,-9.01E-05,1.28E-05,1.41E-04,3.83E-05,-1.44E-04,-9.09E-05,-2.18E-04,-7.67E-05,-2.15E-04,-4.29E-04,-4.14E-04,-2.01E-04,-3.74E-05
3184,4.30E-05,1.93E-04,2.13E-04,-5.72E-05,1.42E-04,-1.12E-04,1.51E-04,-9.41E-05,9.51E-06,1.44E-04,-1.83E-05,-1.74E-04,-1.10E-04,-2.13E-04,-6.75E-05,-2.01E-04,-4.36E-04,-4.19E-04,-1.95E-04,-2.64E-05
3185,2.69E-05,1.82E-04,2.15E-04,-5.35E-05,1.53E-04,-9.79E-05,1.49E-04,-9.80E-05,6.08E-06,1.49E-04,-8.01E-05,-2.11E-04,-1.31E-04,-2.08E-04,-5.89E-05,-1.87E-04,-4.46E-04,-4.23E-04,-1.87E-04,-1.32E-05
3186,9.42E-06,1.73E-04,2.16E-04,-4.93E-05,1.65E-04,-8.11E-05,1.46E-04,-1.02E-04,2.19E-06,1.54E-04,-1.46E-04,-2.55E-04,-1.51E-04,-2.04E-04,-5.13E-05,-1.72E-04,-4.59E-04,-4.27E-04,-1.77E-04,1.92E-06
3187,-9.87E-06,1.68E-04,2.17E-04,-4.54E-05,1.77E-04,-6.26E-05,1.41E-04,-1.08E-04,-2.46E-06,1.61E-04,-2.13E-04,-3.04E-04,-1.71E-04,-2.02E-04,-4.54E-05,-1.59E-04,-4.74E-04,-4.31E-04,-1.67E-04,1.84E-05
3188,-3.11E-05,1.64E-04,2.16E-04,-4.23E-05,1.87E-04,-4.32E-05,1.31E-04,-1.15E-04,-8.11E-06,1.68E-04,-2.81E-04,-3.58E-04,-1.90E-04,-2.01E-04,-4.14E-05,-1.46E-04,-4.93E-04,-4.34E-04,-1.56E-04,3.53E-05
3189,-5.45E-05,1.63E-04,2.12E-04,-4.05E-05,1.94E-04,-2.36E-05,1.17E-04,-1.24E-04,-1.50E-05,1.75E-04,-3.46E-04,-4.15E-04,-2.07E-04,-2.03E-04,-3.99E-05,-1.37E-04,-5.15E-04,-4.37E-04,-1.46E-04,5.20E-05
3190,-7.97E-05,1.63E-04,2.05E-04,-4.05E-05,1.98E-04,-4.77E-06,9.80E-05,-1.35E-04,-2.32E-05,1.81E-04,-4.07E-04,-4.73E-04,-2.22E-04,-2.08E-04,-4.11E-05,-1.31E-04,-5.39E-04,-4.39E-04,-1.37E-04,6.73E-05
3191,-1.06E-04,1.63E-04,1.96E-04,-4.30E-05,1.97E-04,1.24E-05,7.33E-05,-1.49E-04,-3.29E-05,1.88E-04,-4.62E-04,-5.29E-04,-2.34E-04,-2.15E-04,-4.53E-05,-1.28E-04,-5.66E-04,-4.41E-04,-1.31E-04,8.02E-05
3192,-1.34E-04,1.63E-04,1.82E-04,-4.82E-05,1.93E-04,2.71E-05,4.35E-05,-1.66E-04,-4.41E-05,1.93E-04,-5.09E-04,-5.83E-04,-2.44E-04,-2.26E-04,-5.26E-05,-1.31E-04,-5.95E-04,-4.43E-04,-1.26E-04,9.00E-05
3193,-1.63E-04,1.62E-04,1.65E-04,-5.66E-05,1.84E-04,3.86E-05,8.84E-06,-1.85E-04,-5.68E-05,1.97E-04,-5.49E-04,-6.31E-04,-2.51E-04,-2.40E-04,-6.31E-05,-1.38E-04,-6.25E-04,-4.44E-04,-1.24E-04,9.57E-05
3194,-1.92E-04,1.58E-04,1.45E-04,-6.82E-05,1.70E-04,4.63E-05,-2.97E-05,-2.07E-04,-7.07E-05,2.00E-04,-5.79E-04,-6.74E-04,-2.56E-04,-2.56E-04,-7.65E-05,-1.51E-04,-6.56E-04,-4.46E-04,-1.25E-04,9.68E-05
3195,-2.20E-04,1.51E-04,1.21E-04,-8.32E-05,1.53E-04,4.97E-05,-7.10E-05,-2.30E-04,-8.59E-05,2.01E-04,-6.00E-04,-7.09E-04,-2.59E-04,-2.75E-04,-9.25E-05,-1.69E-04,-6.87E-04,-4.48E-04,-1.29E-04,9.29E-05
3196,-2.47E-04,1.39E-04,9.42E-05,-1.01E-04,1.31E-04,4.86E-05,-1.14E-04,-2.56E-04,-1.02E-04,2.00E-04,-6.13E-04,-7.37E-04,-2.61E-04,-2.96E-04,-1.11E-04,-1.92E-04,-7.17E-04,-4.51E-04,-1.35E-04,8.41E-05
3197,-2.73E-04,1.22E-04,6.52E-05,-1.22E-04,1.07E-04,4.29E-05,-1.57E-04,-2.82E-04,-1.19E-04,1.97E-04,-6.17E-04,-7.56E-04,-2.61E-04,-3.17E-04,-1.31E-04,-2.19E-04,-7.45E-04,-4.55E-04,-1.43E-04,7.06E-05
3198,-2.98E-04,1.00E-04,3.45E-05,-1.45E-04,8.00E-05,3.31E-05,-1.99E-04,-3.09E-04,-1.35E-04,1.92E-04,-6.14E-04,-7.68E-04,-2.61E-04,-3.40E-04,-1.51E-04,-2.50E-04,-7.71E-04,-4.60E-04,-1.53E-04,5.27E-05
3199,-3.20E-04,7.23E-05,2.87E-06,-1.71E-04,5.19E-05,1.93E-05,-2.38E-04,-3.35E-04,-1.52E-04,1.85E-04,-6.06E-04,-7.73E-04,-2.61E-04,-3.62E-04,-1.72E-04,-2.84E-04,-7.95E-04,-4.67E-04,-1.63E-04,3.12E-05
3200,-3.41E-04,3.91E-05,-2.89E-05,-1.97E-04,2.35E-05,2.38E-06,-2.73E-04,-3.60E-04,-1.69E-04,1.77E-04,-5.93E-04,-7.71E-04,-2.61E-04,-3.84E-04,-1.92E-04,-3.20E-04,-8.15E-04,-4.75E-04,-1.74E-04,7.05E-06
3201,-3.61E-04,1.09E-06,-6.02E-05,-2.23E-04,-4.53E-06,-1.70E-05,-3.03E-04,-3.84E-04,-1.84E-04,1.68E-04,-5.77E-04,-7.65E-04,-2.61E-04,-4.05E-04,-2.11E-04,-3.56E-04,-8.32E-04,-4.85E-04,-1.85E-04,-1.89E-05
3202,-3.79E-04,-4.09E-05,-9.00E-05,-2.49E-04,-3.12E-05,-3.79E-05,-3.29E-04,-4.06E-04,-1.98E-04,1.57E-04,-5.61E-04,-7.56E-04,-2.63E-04,-4.24E-04,-2.27E-04,-3.92E-04,-8.45E-04,-4.95E-04,-1.96E-04,-4.57E-05
3203,-3.96E-04,-8.59E-05,-1.18E-04,-2.73E-04,-5.57E-05,-5.93E-05,-3.48E-04,-4.25E-04,-2.11E-04,1.46E-04,-5.44E-04,-7.45E-04,-2.65E-04,-4.40E-04,-2.41E-04,-4.25E-04,-8.53E-04,-5.07E-04,-2.05E-04,-7.24E-05
3204,-4.13E-04,-1.32E-04,-1.43E-04,-2.95E-04,-7.75E-05,-8.04E-05,-3.62E-04,-4.40E-04,-2.22E-04,1.35E-04,-5.29E-04,-7.34E-04,-2.68E-04,-4.55E-04,-2.50E-04,-4.55E-04,-8.57E-04,-5.18E-04,-2.13E-04,-9.82E-05
3205,-4.28E-04,-1.79E-04,-1.65E-04,-3.15E-04,-9.61E-05,-1.00E-04,-3.71E-04,-4.52E-04,-2.30E-04,1.25E-04,-5.16E-04,-7.25E-04,-2.72E-04,-4.67E-04,-2.56E-04,-4.81E-04,-8.57E-04,-5.30E-04,-2.20E-04,-1.22E-04
3206,-4.44E-04,-2.24E-04,-1.83E-04,-3.31E-04,-1.11E-04,-1.18E-04,-3.75E-04,-4.61E-04,-2.37E-04,1.16E-04,-5.05E-04,-7.17E-04,-2.75E-04,-4.76E-04,-2.57E-04,-5.01E-04,-8.52E-04,-5.41E-04,-2.24E-04,-1.44E-04
3207,-4.60E-04,-2.66E-04,-1.98E-04,-3.43E-04,-1.23E-04,-1.32E-04,-3.75E-04,-4.66E-04,-2.41E-04,1.07E-04,-4.97E-04,-7.13E-04,-2.79E-04,-4.82E-04,-2.53E-04,-5.14E-04,-8.43E-04,-5.50E-04,-2.27E-04,-1.64E-04
3208,-4.75E-04,-3.03E-04,-2.09E-04,-3.51E-04,-1.31E-04,-1.44E-04,-3.73E-04,-4.67E-04,-2.43E-04,1.01E-04,-4.92E-04,-7.12E-04,-2.82E-04,-4.85E-04,-2.45E-04,-5.21E-04,-8.29E-04,-5.57E-04,-2.28E-04,-1.81E-04
3209,-4.90E-04,-3.35E-04,-2.16E-04,-3.55E-04,-1.36E-04,-1.51E-04,-3.69E-04,-4.65E-04,-2.42E-04,9.69E-05,-4.89E-04,-7.15E-04,-2.85E-04,-4.86E-04,-2.34E-04,-5.20E-04,-8.12E-04,-5.61E-04,-2.28E-04,-1.95E-04
3210,-5.04E-04,-3.59E-04,-2.20E-04,-3.55E-04,-1.38E-04,-1.55E-04,-3.65E-04,-4.61E-04,-2.40E-04,9.48E-05,-4.88E-04,-7.21E-04,-2.86E-04,-4.84E-04,-2.18E-04,-5.13E-04,-7.91E-04,-5.62E-04,-2.28E-04,-2.07E-04
3211,-5.17E-04,-3.76E-04,-2.21E-04,-3.51E-04,-1.37E-04,-1.55E-04,-3.62E-04,-4.53E-04,-2.35E-04,9.50E-05,-4.87E-04,-7.29E-04,-2.86E-04,-4.80E-04,-2.00E-04,-4.98E-04,-7.67E-04,-5.59E-04,-2.26E-04,-2.17E-04
3212,-5.29E-04,-3.85E-04,-2.19E-04,-3.44E-04,-1.34E-04,-1.51E-04,-3.61E-04,-4.44E-04,-2.28E-04,9.76E-05,-4.86E-04,-7.38E-04,-2.83E-04,-4.75E-04,-1.80E-04,-4.77E-04,-7.41E-04,-5.52E-04,-2.24E-04,-2.24E-04
3213,-5.38E-04,-3.86E-04,-2.14E-04,-3.34E-04,-1.30E-04,-1.44E-04,-3.62E-04,-4.33E-04,-2.20E-04,1.02E-04,-4.84E-04,-7.48E-04,-2.79E-04,-4.68E-04,-1.59E-04,-4.51E-04,-7.13E-04,-5.40E-04,-2.23E-04,-2.31E-04
3214,-5.45E-04,-3.79E-04,-2.08E-04,-3.23E-04,-1.25E-04,-1.35E-04,-3.66E-04,-4.22E-04,-2.11E-04,1.09E-04,-4.80E-04,-7.58E-04,-2.74E-04,-4.59E-04,-1.37E-04,-4.21E-04,-6.84E-04,-5.24E-04,-2.21E-04,-2.36E-04
3215,-5.48E-04,-3.65E-04,-2.00E-04,-3.10E-04,-1.20E-04,-1.24E-04,-3.74E-04,-4.09E-04,-2.00E-04,1.17E-04,-4.73E-04,-7.65E-04,-2.66E-04,-4.50E-04,-1.16E-04,-3.87E-04,-6.54E-04,-5.03E-04,-2.21E-04,-2.40E-04
3216,-5.48E-04,-3.46E-04,-1.92E-04,-2.96E-04,-1.15E-04,-1.11E-04,-3.84E-04,-3.97E-04,-1.90E-04,1.27E-04,-4.64E-04,-7.69E-04,-2.58E-04,-4.41E-04,-9.63E-05,-3.52E-04,-6.24E-04,-4.79E-04,-2.22E-04,-2.43E-04
3217,-5.43E-04,-3.23E-04,-1.84E-04,-2.83E-04,-1.10E-04,-9.84E-05,-3.96E-04,-3.85E-04,-1.79E-04,1.37E-04,-4.52E-04,-7.70E-04,-2.48E-04,-4.31E-04,-7.86E-05,-3.17E-04,-5.96E-04,-4.52E-04,-2.23E-04,-2.46E-04
3218,-5.34E-04,-2.98E-04,-1.76E-04,-2.70E-04,-1.07E-04,-8.57E-05,-4.09E-04,-3.73E-04,-1.68E-04,1.47E-04,-4.36E-04,-7.66E-04,-2.37E-04,-4.21E-04,-6.34E-05,-2.82E-04,-5.69E-04,-4.22E-04,-2.25E-04,-2.48E-04
3219,-5.21E-04,-2.71E-04,-1.69E-04,-2.59E-04,-1.04E-04,-7.39E-05,-4.23E-04,-3.63E-04,-1.57E-04,1.58E-04,-4.19E-04,-7.58E-04,-2.26E-04,-4.12E-04,-5.10E-05,-2.50E-04,-5.44E-04,-3.91E-04,-2.28E-04,-2.50E-04
3220,-5.04E-04,-2.46E-04,-1.63E-04,-2.48E-04,-1.02E-04,-6.34E-05,-4.35E-04,-3.53E-04,-1.47E-04,1.67E-04,-3.99E-04,-7.46E-04,-2.15E-04,-4.04E-04,-4.12E-05,-2.21E-04,-5.21E-04,-3.59E-04,-2.31E-04,-2.52E-04
3221,-4.83E-04,-2.23E-04,-1.58E-04,-2.39E-04,-1.01E-04,-5.46E-05,-4.46E-04,-3.44E-04,-1.38E-04,1.76E-04,-3.77E-04,-7.29E-04,-2.04E-04,-3.96E-04,-3.42E-05,-1.96E-04,-5.02E-04,-3.28E-04,-2.34E-04,-2.53E-04
3222,-4.59E-04,-2.04E-04,-1.55E-04,-2.32E-04,-1.01E-04,-4.79E-05,-4.54E-04,-3.36E-04,-1.30E-04,1.84E-04,-3.55E-04,-7.09E-04,-1.94E-04,-3.88E-04,-2.93E-05,-1.76E-04,-4.86E-04,-2.97E-04,-2.37E-04,-2.54E-04
3223,-4.33E-04,-1.90E-04,-1.54E-04,-2.26E-04,-1.03E-04,-4.32E-05,-4.57E-04,-3.28E-04,-1.22E-04,1.91E-04,-3.34E-04,-6.87E-04,-1.84E-04,-3.82E-04,-2.61E-05,-1.60E-04,-4.73E-04,-2.68E-04,-2.39E-04,-2.55E-04
3224,-4.06E-04,-1.81E-04,-1.54E-04,-2.21E-04,-1.04E-04,-4.06E-05,-4.56E-04,-3.21E-04,-1.16E-04,1.96E-04,-3.13E-04,-6.64E-04,-1.74E-04,-3.76E-04,-2.39E-05,-1.49E-04,-4.64E-04,-2.42E-04,-2.39E-04,-2.55E-04
3225,-3.79E-04,-1.79E-04,-1.56E-04,-2.16E-04,-1.06E-04,-3.97E-05,-4.50E-04,-3.15E-04,-1.11E-04,1.99E-04,-2.94E-04,-6.40E-04,-1.65E-04,-3.71E-04,-2.19E-05,-1.41E-04,-4.57E-04,-2.19E-04,-2.37E-04,-2.55E-04
3226,-3.52E-04,-1.82E-04,-1.59E-04,-2.11E-04,-1.09E-04,-4.04E-05,-4.38E-04,-3.09E-04,-1.06E-04,2.02E-04,-2.77E-04,-6.16E-04,-1.56E-04,-3.67E-04,-1.92E-05,-1.37E-04,-4.52E-04,-1.98E-04,-2.34E-04,-2.56E-04
3227,-3.27E-04,-1.90E-04,-1.62E-04,-2.05E-04,-1.11E-04,-4.22E-05,-4.22E-04,-3.03E-04,-1.02E-04,2.03E-04,-2.62E-04,-5.94E-04,-1.47E-04,-3.63E-04,-1.49E-05,-1.35E-04,-4.49E-04,-1.81E-04,-2.27E-04,-2.56E-04
3228,-3.04E-04,-2.04E-04,-1.66E-04,-1.98E-04,-1.13E-04,-4.47E-05,-4.01E-04,-2.97E-04,-9.85E-05,2.04E-04,-2.51E-04,-5.75E-04,-1.37E-04,-3.59E-04,-8.23E-06,-1.35E-04,-4.47E-04,-1.67E-04,-2.18E-04,-2.58E-04
3229,-2.84E-04,-2.21E-04,-1.71E-04,-1.90E-04,-1.15E-04,-4.74E-05,-3.77E-04,-2.91E-04,-9.54E-05,2.04E-04,-2.42E-04,-5.58E-04,-1.26E-04,-3.54E-04,1.47E-06,-1.35E-04,-4.45E-04,-1.55E-04,-2.07E-04,-2.60E-04
3230,-2.66E-04,-2.40E-04,-1.75E-04,-1.79E-04,-1.16E-04,-4.98E-05,-3.51E-04,-2.84E-04,-9.24E-05,2.04E-04,-2.35E-04,-5.43E-04,-1.13E-04,-3.50E-04,1.48E-05,-1.34E-04,-4.42E-04,-1.46E-04,-1.93E-04,-2.63E-04
3231,-2.52E-04,-2.60E-04,-1.78E-04,-1.66E-04,-1.16E-04,-5.15E-05,-3.24E-04,-2.76E-04,-8.93E-05,2.05E-04,-2.30E-04,-5.32E-04,-9.94E-05,-3.44E-04,3.20E-05,-1.32E-04,-4.37E-04,-1.38E-04,-1.77E-04,-2.67E-04
3232,-2.40E-04,-2.79E-04,-1.80E-04,-1.50E-04,-1.16E-04,-5.21E-05,-2.97E-04,-2.68E-04,-8.58E-05,2.07E-04,-2.27E-04,-5.22E-04,-8.33E-05,-3.38E-04,5.34E-05,-1.27E-04,-4.30E-04,-1.30E-04,-1.59E-04,-2.72E-04
3233,-2.31E-04,-2.97E-04,-1.81E-04,-1.31E-04,-1.14E-04,-5.14E-05,-2.71E-04,-2.60E-04,-8.18E-05,2.09E-04,-2.25E-04,-5.14E-04,-6.53E-05,-3.30E-04,7.88E-05,-1.20E-04,-4.19E-04,-1.23E-04,-1.39E-04,-2.78E-04
3234,-2.23E-04,-3.11E-04,-1.80E-04,-1.10E-04,-1.12E-04,-4.91E-05,-2.48E-04,-2.50E-04,-7.72E-05,2.13E-04,-2.22E-04,-5.08E-04,-4.52E-05,-3.20E-04,1.08E-04,-1.08E-04,-4.05E-04,-1.16E-04,-1.20E-04,-2.84E-04
3235,-2.17E-04,-3.21E-04,-1.78E-04,-8.70E-05,-1.09E-04,-4.52E-05,-2.29E-04,-2.39E-04,-7.17E-05,2.19E-04,-2.19E-04,-5.01E-04,-2.32E-05,-3.09E-04,1.40E-04,-9.36E-05,-3.86E-04,-1.07E-04,-1.00E-04,-2.90E-04
3236,-2.11E-04,-3.25E-04,-1.73E-04,-6.18E-05,-1.04E-04,-3.96E-05,-2.13E-04,-2.28E-04,-6.53E-05,2.27E-04,-2.15E-04,-4.93E-04,4.26E-07,-2.96E-04,1.75E-04,-7.55E-05,-3.62E-04,-9.65E-05,-8.10E-05,-2.95E-04
3237,-2.05E-04,-3.24E-04,-1.66E-04,-3.54E-05,-9.89E-05,-3.24E-05,-2.01E-04,-2.16E-04,-5.79E-05,2.36E-04,-2.10E-04,-4.83E-04,2.52E-05,-2.81E-04,2.12E-04,-5.45E-05,-3.35E-04,-8.42E-05,-6.35E-05,-2.98E-04
3238,-1.98E-04,-3.18E-04,-1.58E-04,-8.11E-06,-9.23E-05,-2.38E-05,-1.93E-04,-2.03E-04,-4.96E-05,2.47E-04,-2.02E-04,-4.71E-04,5.07E-05,-2.65E-04,2.50E-04,-3.12E-05,-3.02E-04,-6.97E-05,-4.80E-05,-3.00E-04
3239,-1.90E-04,-3.06E-04,-1.48E-04,1.94E-05,-8.46E-05,-1.41E-05,-1.89E-04,-1.89E-04,-4.04E-05,2.59E-04,-1.92E-04,-4.56E-04,7.64E-05,-2.48E-04,2.88E-04,-6.38E-06,-2.66E-04,-5.32E-05,-3.50E-05,-2.98E-04
3240,-1.80E-04,-2.89E-04,-1.36E-04,4.65E-05,-7.57E-05,-3.42E-06,-1.87E-04,-1.74E-04,-3.03E-05,2.72E-04,-1.79E-04,-4.37E-04,1.02E-04,-2.30E-04,3.24E-04,1.89E-05,-2.26E-04,-3.47E-05,-2.49E-05,-2.93E-04
3241,-1.69E-04,-2.68E-04,-1.23E-04,7.27E-05,-6.56E-05,7.81E-06,-1.86E-04,-1.59E-04,-1.95E-05,2.86E-04,-1.64E-04,-4.14E-04,1.26E-04,-2.11E-04,3.59E-04,4.37E-05,-1.84E-04,-1.45E-05,-1.79E-05,-2.84E-04
3242,-1.55E-04,-2.44E-04,-1.09E-04,9.76E-05,-5.45E-05,1.93E-05,-1.86E-04,-1.42E-04,-8.06E-06,3.01E-04,-1.47E-04,-3.88E-04,1.49E-04,-1.92E-04,3.92E-04,6.71E-05,-1.40E-04,6.87E-06,-1.41E-05,-2.71E-04
3243,-1.40E-04,-2.18E-04,-9.43E-05,1.21E-04,-4.23E-05,3.08E-05,-1.85E-04,-1.25E-04,3.73E-06,3.16E-04,-1.27E-04,-3.59E-04,1.70E-04,-1.73E-04,4.21E-04,8.81E-05,-9.57E-05,2.90E-05,-1.34E-05,-2.53E-04
3244,-1.23E-04,-1.91E-04,-8.01E-05,1.42E-04,-2.92E-05,4.19E-05,-1.81E-04,-1.07E-04,1.57E-05,3.30E-04,-1.06E-04,-3.27E-04,1.89E-04,-1.55E-04,4.46E-04,1.06E-04,-5.12E-05,5.12E-05,-1.55E-05,-2.32E-04
3245,-1.05E-04,-1.65E-04,-6.63E-05,1.60E-04,-1.54E-05,5.25E-05,-1.75E-04,-8.80E-05,2.77E-05,3.44E-04,-8.36E-05,-2.94E-04,2.05E-04,-1.39E-04,4.67E-04,1.20E-04,-7.90E-06,7.29E-05,-2.00E-05,-2.08E-04
3246,-8.75E-05,-1.41E-04,-5.34E-05,1.77E-04,-1.11E-06,6.23E-05,-1.64E-04,-6.87E-05,3.95E-05,3.56E-04,-5.99E-05,-2.59E-04,2.19E-04,-1.25E-04,4.84E-04,1.30E-04,3.33E-05,9.37E-05,-2.62E-05,-1.82E-04
3247,-6.99E-05,-1.19E-04,-4.19E-05,1.91E-04,1.34E-05,7.12E-05,-1.49E-04,-4.90E-05,5.10E-05,3.67E-04,-3.56E-05,-2.24E-04,2.30E-04,-1.12E-04,4.97E-04,1.35E-04,7.15E-05,1.13E-04,-3.36E-05,-1.55E-04
3248,-5.32E-05,-9.98E-05,-3.19E-05,2.03E-04,2.79E-05,7.90E-05,-1.29E-04,-2.92E-05,6.18E-05,3.76E-04,-1.10E-05,-1.90E-04,2.39E-04,-1.03E-04,5.06E-04,1.36E-04,1.06E-04,1.31E-04,-4.15E-05,-1.29E-04
3249,-3.78E-05,-8.46E-05,-2.38E-05,2.14E-04,4.20E-05,8.57E-05,-1.05E-04,-9.46E-06,7.20E-05,3.83E-04,1.35E-05,-1.58E-04,2.46E-04,-9.58E-05,5.12E-04,1.33E-04,1.36E-04,1.46E-04,-4.89E-05,-1.06E-04
3250,-2.40E-05,-7.31E-05,-1.76E-05,2.22E-04,5.53E-05,9.12E-05,-7.73E-05,9.99E-06,8.13E-05,3.88E-04,3.75E-05,-1.27E-04,2.52E-04,-9.15E-05,5.15E-04,1.25E-04,1.62E-04,1.59E-04,-5.54E-05,-8.53E-05
3251,-1.22E-05,-6.54E-05,-1.34E-05,2.29E-04,6.75E-05,9.56E-05,-4.66E-05,2.88E-05,8.96E-05,3.91E-04,6.07E-05,-9.97E-05,2.56E-04,-8.98E-05,5.15E-04,1.15E-04,1.83E-04,1.70E-04,-6.02E-05,-6.98E-05
3252,-2.33E-06,-6.11E-05,-1.12E-05,2.35E-04,7.82E-05,9.88E-05,-1.42E-05,4.68E-05,9.69E-05,3.91E-04,8.27E-05,-7.51E-05,2.59E-04,-9.05E-05,5.14E-04,1.01E-04,1.99E-04,1.80E-04,-6.28E-05,-6.03E-05
3253,5.73E-06,-5.97E-05,-1.07E-05,2.40E-04,8.72E-05,1.01E-04,1.87E-05,6.36E-05,1.03E-04,3.90E-04,1.03E-04,-5.37E-05,2.62E-04,-9.31E-05,5.11E-04,8.50E-05,2.10E-04,1.87E-04,-6.30E-05,-5.73E-05
3254,1.23E-05,-6.06E-05,-1.17E-05,2.45E-04,9.41E-05,1.02E-04,5.05E-05,7.89E-05,1.08E-04,3.87E-04,1.22E-04,-3.53E-05,2.64E-04,-9.75E-05,5.08E-04,6.74E-05,2.16E-04,1.93E-04,-6.05E-05,-6.13E-05
3255,1.77E-05,-6.30E-05,-1.38E-05,2.49E-04,9.90E-05,1.02E-04,7.99E-05,9.25E-05,1.12E-04,3.83E-04,1.38E-04,-1.98E-05,2.66E-04,-1.03E-04,5.05E-04,4.86E-05,2.18E-04,1.98E-04,-5.54E-05,-7.23E-05
3256,2.26E-05,-6.61E-05,-1.68E-05,2.52E-04,1.02E-04,1.01E-04,1.06E-04,1.04E-04,1.15E-04,3.77E-04,1.52E-04,-6.87E-06,2.69E-04,-1.09E-04,5.01E-04,2.90E-05,2.17E-04,2.01E-04,-4.80E-05,-8.98E-05
3257,2.74E-05,-6.93E-05,-2.03E-05,2.56E-04,1.02E-04,9.91E-05,1.27E-04,1.14E-04,1.16E-04,3.70E-04,1.64E-04,3.89E-06,2.71E-04,-1.16E-04,4.98E-04,8.94E-06,2.12E-04,2.05E-04,-3.88E-05,-1.13E-04
3258,3.27E-05,-7.18E-05,-2.37E-05,2.58E-04,1.01E-04,9.63E-05,1.42E-04,1.21E-04,1.17E-04,3.62E-04,1.72E-04,1.29E-05,2.74E-04,-1.22E-04,4.96E-04,-1.14E-05,2.05E-04,2.08E-04,-2.83E-05,-1.41E-04
3259,3.91E-05,-7.32E-05,-2.69E-05,2.61E-04,9.79E-05,9.27E-05,1.52E-04,1.26E-04,1.17E-04,3.54E-04,1.76E-04,2.07E-05,2.76E-04,-1.28E-04,4.94E-04,-3.20E-05,1.95E-04,2.12E-04,-1.72E-05,-1.72E-04
3260,4.69E-05,-7.30E-05,-2.95E-05,2.64E-04,9.35E-05,8.83E-05,1.57E-04,1.29E-04,1.15E-04,3.45E-04,1.77E-04,2.75E-05,2.79E-04,-1.33E-04,4.91E-04,-5.28E-05,1.85E-04,2.15E-04,-6.44E-06,-2.05E-04
3261,5.62E-05,-7.10E-05,-3.11E-05,2.66E-04,8.83E-05,8.33E-05,1.56E-04,1.30E-04,1.13E-04,3.37E-04,1.75E-04,3.36E-05,2.81E-04,-1.37E-04,4.89E-04,-7.39E-05,1.73E-04,2.19E-04,3.26E-06,-2.38E-04
3262,6.73E-05,-6.74E-05,-3.17E-05,2.69E-04,8.28E-05,7.76E-05,1.50E-04,1.29E-04,1.11E-04,3.28E-04,1.69E-04,3.93E-05,2.83E-04,-1.40E-04,4.87E-04,-9.55E-05,1.61E-04,2.22E-04,1.11E-05,-2.70E-04
3263,7.99E-05,-6.21E-05,-3.11E-05,2.71E-04,7.73E-05,7.14E-05,1.41E-04,1.27E-04,1.07E-04,3.20E-04,1.60E-04,4.48E-05,2.84E-04,-1.42E-04,4.84E-04,-1.18E-04,1.49E-04,2.25E-04,1.65E-05,-2.98E-04
3264,9.38E-05,-5.54E-05,-2.94E-05,2.74E-04,7.25E-05,6.49E-05,1.30E-04,1.23E-04,1.03E-04,3.12E-04,1.48E-04,4.98E-05,2.85E-04,-1.43E-04,4.80E-04,-1.41E-04,1.38E-04,2.27E-04,1.89E-05,-3.21E-04
3265,1.08E-04,-4.77E-05,-2.65E-05,2.77E-04,6.89E-05,5.83E-05,1.18E-04,1.18E-04,9.88E-05,3.05E-04,1.33E-04,5.46E-05,2.86E-04,-1.44E-04,4.75E-04,-1.64E-04,1.28E-04,2.28E-04,1.80E-05,-3.39E-04
3266,1.23E-04,-3.93E-05,-2.27E-05,2.80E-04,6.67E-05,5.16E-05,1.06E-04,1.13E-04,9.40E-05,2.98E-04,1.16E-04,5.88E-05,2.85E-04,-1.44E-04,4.68E-04,-1.88E-04,1.19E-04,2.28E-04,1.36E-05,-3.51E-04
3267,1.38E-04,-3.08E-05,-1.80E-05,2.84E-04,6.63E-05,4.52E-05,9.59E-05,1.07E-04,8.91E-05,2.92E-04,9.74E-05,6.23E-05,2.85E-04,-1.44E-04,4.61E-04,-2.13E-04,1.11E-04,2.27E-04,5.88E-06,-3.56E-04
3268,1.51E-04,-2.23E-05,-1.29E-05,2.89E-04,6.79E-05,3.91E-05,8.89E-05,1.01E-04,8.40E-05,2.87E-04,7.86E-05,6.50E-05,2.84E-04,-1.44E-04,4.52E-04,-2.38E-04,1.05E-04,2.23E-04,-4.81E-06,-3.55E-04
3269,1.63E-04,-1.42E-05,-7.41E-06,2.96E-04,7.15E-05,3.37E-05,8.56E-05,9.59E-05,7.89E-05,2.82E-04,6.01E-05,6.69E-05,2.84E-04,-1.44E-04,4.43E-04,-2.63E-04,1.01E-04,2.17E-04,-1.79E-05,-3.48E-04
3270,1.72E-04,-6.63E-06,-1.93E-06,3.03E-04,7.70E-05,2.92E-05,8.65E-05,9.12E-05,7.38E-05,2.77E-04,4.27E-05,6.78E-05,2.84E-04,-1.45E-04,4.32E-04,-2.87E-04,9.85E-05,2.10E-04,-3.28E-05,-3.37E-04
3271,1.79E-04,3.01E-07,3.32E-06,3.12E-04,8.42E-05,2.55E-05,9.19E-05,8.73E-05,6.90E-05,2.73E-04,2.72E-05,6.77E-05,2.85E-04,-1.46E-04,4.21E-04,-3.10E-04,9.79E-05,2.00E-04,-4.86E-05,-3.22E-04
3272,1.83E-04,6.67E-06,8.09E-06,3.22E-04,9.27E-05,2.29E-05,1.02E-04,8.46E-05,6.44E-05,2.69E-04,1.43E-05,6.69E-05,2.86E-04,-1.47E-04,4.11E-04,-3.31E-04,9.89E-05,1.89E-04,-6.45E-05,-3.05E-04
3273,1.84E-04,1.27E-05,1.22E-05,3.32E-04,1.02E-04,2.14E-05,1.15E-04,8.29E-05,6.01E-05,2.65E-04,4.66E-06,6.55E-05,2.89E-04,-1.49E-04,4.00E-04,-3.50E-04,1.01E-04,1.77E-04,-7.94E-05,-2.88E-04
3274,1.82E-04,1.85E-05,1.54E-05,3.44E-04,1.11E-04,2.10E-05,1.32E-04,8.25E-05,5.62E-05,2.60E-04,-1.41E-06,6.37E-05,2.93E-04,-1.51E-04,3.90E-04,-3.67E-04,1.05E-04,1.63E-04,-9.28E-05,-2.72E-04
3275,1.77E-04,2.45E-05,1.77E-05,3.55E-04,1.21E-04,2.16E-05,1.51E-04,8.31E-05,5.27E-05,2.56E-04,-3.64E-06,6.20E-05,2.98E-04,-1.54E-04,3.81E-04,-3.81E-04,1.10E-04,1.50E-04,-1.04E-04,-2.58E-04
3276,1.71E-04,3.10E-05,1.90E-05,3.67E-04,1.29E-04,2.29E-05,1.72E-04,8.47E-05,4.95E-05,2.50E-04,-1.97E-06,6.07E-05,3.04E-04,-1.57E-04,3.73E-04,-3.93E-04,1.16E-04,1.36E-04,-1.12E-04,-2.48E-04
3277,1.63E-04,3.83E-05,1.91E-05,3.78E-04,1.35E-04,2.48E-05,1.92E-04,8.71E-05,4.66E-05,2.44E-04,3.43E-06,6.01E-05,3.11E-04,-1.60E-04,3.66E-04,-4.02E-04,1.23E-04,1.24E-04,-1.18E-04,-2.42E-04
3278,1.54E-04,4.66E-05,1.81E-05,3.87E-04,1.39E-04,2.69E-05,2.11E-04,9.00E-05,4.40E-05,2.37E-04,1.22E-05,6.06E-05,3.18E-04,-1.64E-04,3.60E-04,-4.09E-04,1.30E-04,1.13E-04,-1.20E-04,-2.42E-04
3279,1.46E-04,5.59E-05,1.60E-05,3.94E-04,1.40E-04,2.89E-05,2.28E-04,9.31E-05,4.15E-05,2.28E-04,2.40E-05,6.23E-05,3.26E-04,-1.68E-04,3.55E-04,-4.15E-04,1.37E-04,1.04E-04,-1.20E-04,-2.46E-04
3280,1.38E-04,6.62E-05,1.27E-05,3.99E-04,1.39E-04,3.03E-05,2.42E-04,9.61E-05,3.90E-05,2.19E-04,3.80E-05,6.55E-05,3.33E-04,-1.73E-04,3.51E-04,-4.20E-04,1.43E-04,9.76E-05,-1.18E-04,-2.55E-04
3281,1.32E-04,7.73E-05,8.29E-06,4.00E-04,1.33E-04,3.08E-05,2.52E-04,9.85E-05,3.63E-05,2.07E-04,5.36E-05,7.03E-05,3.39E-04,-1.79E-04,3.46E-04,-4.25E-04,1.48E-04,9.30E-05,-1.16E-04,-2.70E-04
3282,1.27E-04,8.87E-05,2.65E-06,3.98E-04,1.24E-04,2.99E-05,2.58E-04,1.00E-04,3.32E-05,1.94E-04,7.00E-05,7.64E-05,3.44E-04,-1.87E-04,3.42E-04,-4.30E-04,1.53E-04,9.06E-05,-1.12E-04,-2.88E-04
3283,1.25E-04,9.97E-05,-4.25E-06,3.92E-04,1.11E-04,2.73E-05,2.60E-04,1.00E-04,2.95E-05,1.79E-04,8.66E-05,8.37E-05,3.47E-04,-1.96E-04,3.36E-04,-4.38E-04,1.56E-04,9.01E-05,-1.10E-04,-3.10E-04
3284,1.25E-04,1.10E-04,-1.25E-05,3.82E-04,9.55E-05,2.26E-05,2.58E-04,9.88E-05,2.51E-05,1.62E-04,1.03E-04,9.20E-05,3.47E-04,-2.08E-04,3.29E-04,-4.48E-04,1.57E-04,9.09E-05,-1.10E-04,-3.35E-04
3285,1.27E-04,1.18E-04,-2.21E-05,3.68E-04,7.64E-05,1.56E-05,2.51E-04,9.54E-05,1.97E-05,1.44E-04,1.17E-04,1.01E-04,3.45E-04,-2.22E-04,3.20E-04,-4.62E-04,1.56E-04,9.24E-05,-1.13E-04,-3.61E-04
3286,1.31E-04,1.23E-04,-3.33E-05,3.51E-04,5.46E-05,6.22E-06,2.41E-04,8.98E-05,1.33E-05,1.24E-04,1.30E-04,1.09E-04,3.40E-04,-2.39E-04,3.09E-04,-4.79E-04,1.52E-04,9.39E-05,-1.20E-04,-3.89E-04
3287,1.37E-04,1.24E-04,-4.62E-05,3.31E-04,3.07E-05,-5.63E-06,2.27E-04,8.19E-05,5.58E-06,1.03E-04,1.41E-04,1.17E-04,3.32E-04,-2.59E-04,2.95E-04,-5.01E-04,1.47E-04,9.45E-05,-1.31E-04,-4.16E-04
3288,1.42E-04,1.21E-04,-6.07E-05,3.08E-04,5.24E-06,-1.99E-05,2.11E-04,7.15E-05,-3.42E-06,8.11E-05,1.50E-04,1.24E-04,3.22E-04,-2.83E-04,2.78E-04,-5.26E-04,1.38E-04,9.33E-05,-1.47E-04,-4.42E-04
3289,1.48E-04,1.13E-04,-7.71E-05,2.83E-04,-2.12E-05,-3.62E-05,1.93E-04,5.86E-05,-1.38E-05,5.85E-05,1.56E-04,1.30E-04,3.09E-04,-3.10E-04,2.59E-04,-5.56E-04,1.28E-04,8.95E-05,-1.67E-04,-4.67E-04
3290,1.53E-04,9.91E-05,-9.52E-05,2.57E-04,-4.80E-05,-5.45E-05,1.72E-04,4.33E-05,-2.54E-05,3.55E-05,1.60E-04,1.33E-04,2.93E-04,-3.39E-04,2.38E-04,-5.89E-04,1.14E-04,8.24E-05,-1.92E-04,-4.90E-04
3291,1.56E-04,7.96E-05,-1.15E-04,2.31E-04,-7.47E-05,-7.41E-05,1.51E-04,2.58E-05,-3.82E-05,1.24E-05,1.61E-04,1.34E-04,2.77E-04,-3.71E-04,2.15E-04,-6.24E-04,9.81E-05,7.15E-05,-2.20E-04,-5.11E-04
3292,1.57E-04,5.44E-05,-1.37E-04,2.05E-04,-1.01E-04,-9.48E-05,1.28E-04,6.38E-06,-5.22E-05,-1.03E-05,1.60E-04,1.32E-04,2.59E-04,-4.04E-04,1.91E-04,-6.60E-04,7.98E-05,5.63E-05,-2.51E-04,-5.29E-04
3293,1.54E-04,2.39E-05,-1.60E-04,1.81E-04,-1.26E-04,-1.16E-04,1.04E-04,-1.47E-05,-6.70E-05,-3.24E-05,1.57E-04,1.28E-04,2.41E-04,-4.38E-04,1.66E-04,-6.98E-04,5.92E-05,3.68E-05,-2.82E-04,-5.45E-04
3294,1.49E-04,-1.11E-05,-1.84E-04,1.59E-04,-1.49E-04,-1.37E-04,7.90E-05,-3.69E-05,-8.24E-05,-5.37E-05,1.51E-04,1.20E-04,2.23E-04,-4.72E-04,1.42E-04,-7.34E-04,3.66E-05,1.32E-05,-3.14E-04,-5.58E-04
3295,1.39E-04,-4.97E-05,-2.09E-04,1.39E-04,-1.71E-04,-1.57E-04,5.30E-05,-5.98E-05,-9.82E-05,-7.39E-05,1.43E-04,1.10E-04,2.06E-04,-5.05E-04,1.18E-04,-7.68E-04,1.21E-05,-1.42E-05,-3.44E-04,-5.68E-04
3296,1.27E-04,-9.06E-05,-2.34E-04,1.23E-04,-1.92E-04,-1.77E-04,2.61E-05,-8.28E-05,-1.14E-04,-9.29E-05,1.34E-04,9.71E-05,1.91E-04,-5.35E-04,9.71E-05,-7.99E-04,-1.40E-05,-4.46E-05,-3.71E-04,-5.76E-04
3297,1.11E-04,-1.33E-04,-2.59E-04,1.09E-04,-2.10E-04,-1.95E-04,-1.96E-06,-1.06E-04,-1.30E-04,-1.11E-04,1.22E-04,8.20E-05,1.77E-04,-5.62E-04,7.84E-05,-8.27E-04,-4.15E-05,-7.72E-05,-3.94E-04,-5.80E-04
3298,9.23E-05,-1.74E-04,-2.84E-04,9.74E-05,-2.27E-04,-2.11E-04,-3.09E-05,-1.27E-04,-1.45E-04,-1.27E-04,1.08E-04,6.48E-05,1.65E-04,-5.86E-04,6.27E-05,-8.50E-04,-7.01E-05,-1.11E-04,-4.12E-04,-5.81E-04
3299,7.15E-05,-2.13E-04,-3.08E-04,8.89E-05,-2.43E-04,-2.25E-04,-6.06E-05,-1.48E-04,-1.59E-04,-1.42E-04,9.22E-05,4.59E-05,1.56E-04,-6.05E-04,5.04E-05,-8.69E-04,-9.94E-05,-1.45E-04,-4.24E-04,-5.79E-04
3300,4.94E-05,-2.48E-04,-3.30E-04,8.28E-05,-2.57E-04,-2.38E-04,-9.06E-05,-1.66E-04,-1.72E-04,-1.56E-04,7.43E-05,2.57E-05,1.50E-04,-6.19E-04,4.16E-05,-8.83E-04,-1.29E-04,-1.77E-04,-4.31E-04,-5.73E-04
3301,2.69E-05,-2.78E-04,-3.49E-04,7.86E-05,-2.70E-04,-2.48E-04,-1.20E-04,-1.82E-04,-1.83E-04,-1.69E-04,5.45E-05,4.41E-06,1.45E-04,-6.28E-04,3.62E-05,-8.92E-04,-1.59E-04,-2.08E-04,-4.31E-04,-5.63E-04
3302,4.99E-06,-3.02E-04,-3.66E-04,7.57E-05,-2.82E-04,-2.55E-04,-1.49E-04,-1.96E-04,-1.93E-04,-1.81E-04,3.28E-05,-1.76E-05,1.43E-04,-6.33E-04,3.39E-05,-8.98E-04,-1.89E-04,-2.35E-04,-4.26E-04,-5.49E-04
3303,-1.54E-05,-3.18E-04,-3.81E-04,7.37E-05,-2.93E-04,-2.61E-04,-1.76E-04,-2.06E-04,-2.02E-04,-1.93E-04,9.47E-06,-4.02E-05,1.42E-04,-6.34E-04,3.42E-05,-9.01E-04,-2.18E-04,-2.58E-04,-4.16E-04,-5.31E-04
3304,-3.34E-05,-3.27E-04,-3.92E-04,7.20E-05,-3.03E-04,-2.65E-04,-2.00E-04,-2.14E-04,-2.08E-04,-2.04E-04,-1.51E-05,-6.32E-05,1.43E-04,-6.31E-04,3.66E-05,-9.02E-04,-2.47E-04,-2.76E-04,-4.03E-04,-5.10E-04
3305,-4.82E-05,-3.27E-04,-3.99E-04,7.03E-05,-3.12E-04,-2.68E-04,-2.20E-04,-2.18E-04,-2.13E-04,-2.14E-04,-4.03E-05,-8.62E-05,1.45E-04,-6.26E-04,4.02E-05,-9.01E-04,-2.74E-04,-2.90E-04,-3.88E-04,-4.84E-04
3306,-5.91E-05,-3.20E-04,-4.03E-04,6.81E-05,-3.20E-04,-2.69E-04,-2.34E-04,-2.20E-04,-2.16E-04,-2.24E-04,-6.55E-05,-1.09E-04,1.48E-04,-6.21E-04,4.43E-05,-9.01E-04,-2.99E-04,-2.99E-04,-3.72E-04,-4.56E-04
3307,-6.58E-05,-3.05E-04,-4.04E-04,6.54E-05,-3.27E-04,-2.69E-04,-2.43E-04,-2.18E-04,-2.17E-04,-2.34E-04,-9.00E-05,-1.32E-04,1.50E-04,-6.15E-04,4.83E-05,-9.02E-04,-3.22E-04,-3.03E-04,-3.58E-04,-4.26E-04
3308,-6.80E-05,-2.84E-04,-4.02E-04,6.19E-05,-3.32E-04,-2.69E-04,-2.44E-04,-2.14E-04,-2.16E-04,-2.42E-04,-1.13E-04,-1.55E-04,1.52E-04,-6.10E-04,5.16E-05,-9.04E-04,-3.43E-04,-3.03E-04,-3.46E-04,-3.95E-04
3309,-6.58E-05,-2.57E-04,-3.96E-04,5.78E-05,-3.36E-04,-2.67E-04,-2.38E-04,-2.08E-04,-2.14E-04,-2.50E-04,-1.33E-04,-1.77E-04,1.53E-04,-6.06E-04,5.36E-05,-9.08E-04,-3.61E-04,-2.99E-04,-3.38E-04,-3.63E-04
3310,-5.94E-05,-2.27E-04,-3.88E-04,5.33E-05,-3.38E-04,-2.64E-04,-2.24E-04,-2.00E-04,-2.10E-04,-2.57E-04,-1.50E-04,-1.99E-04,1.54E-04,-6.06E-04,5.40E-05,-9.15E-04,-3.75E-04,-2.94E-04,-3.35E-04,-3.34E-04
3311,-4.93E-05,-1.94E-04,-3.78E-04,4.86E-05,-3.39E-04,-2.61E-04,-2.02E-04,-1.90E-04,-2.05E-04,-2.62E-04,-1.62E-04,-2.20E-04,1.53E-04,-6.08E-04,5.28E-05,-9.24E-04,-3.87E-04,-2.87E-04,-3.36E-04,-3.06E-04
3312,-3.61E-05,-1.60E-04,-3.66E-04,4.42E-05,-3.36E-04,-2.57E-04,-1.73E-04,-1.79E-04,-1.99E-04,-2.65E-04,-1.69E-04,-2.39E-04,1.51E-04,-6.14E-04,5.01E-05,-9.34E-04,-3.94E-04,-2.80E-04,-3.43E-04,-2.83E-04
3313,-2.05E-05,-1.27E-04,-3.53E-04,4.05E-05,-3.32E-04,-2.52E-04,-1.37E-04,-1.68E-04,-1.92E-04,-2.67E-04,-1.70E-04,-2.57E-04,1.48E-04,-6.22E-04,4.62E-05,-9.46E-04,-3.98E-04,-2.73E-04,-3.55E-04,-2.65E-04
3314,-3.37E-06,-9.58E-05,-3.40E-04,3.78E-05,-3.26E-04,-2.45E-04,-9.49E-05,-1.56E-04,-1.85E-04,-2.65E-04,-1.65E-04,-2.73E-04,1.45E-04,-6.33E-04,4.15E-05,-9.57E-04,-3.98E-04,-2.68E-04,-3.71E-04,-2.54E-04
3315,1.44E-05,-6.73E-05,-3.26E-04,3.66E-05,-3.17E-04,-2.38E-04,-4.93E-05,-1.45E-04,-1.76E-04,-2.62E-04,-1.54E-04,-2.86E-04,1.40E-04,-6.45E-04,3.68E-05,-9.67E-04,-3.94E-04,-2.65E-04,-3.90E-04,-2.49E-04
3316,3.18E-05,-4.28E-05,-3.12E-04,3.71E-05,-3.06E-04,-2.29E-04,-1.47E-06,-1.34E-04,-1.68E-04,-2.56E-04,-1.37E-04,-2.97E-04,1.35E-04,-6.57E-04,3.26E-05,-9.75E-04,-3.88E-04,-2.65E-04,-4.11E-04,-2.52E-04
3317,4.83E-05,-2.29E-05,-2.99E-04,3.95E-05,-2.93E-04,-2.19E-04,4.68E-05,-1.25E-04,-1.59E-04,-2.47E-04,-1.15E-04,-3.04E-04,1.30E-04,-6.68E-04,2.97E-05,-9.80E-04,-3.77E-04,-2.68E-04,-4.32E-04,-2.62E-04
3318,6.30E-05,-7.85E-06,-2.87E-04,4.39E-05,-2.79E-04,-2.07E-04,9.36E-05,-1.16E-04,-1.50E-04,-2.35E-04,-8.72E-05,-3.08E-04,1.25E-04,-6.78E-04,2.88E-05,-9.81E-04,-3.65E-04,-2.73E-04,-4.52E-04,-2.79E-04
3319,7.54E-05,2.18E-06,-2.76E-04,5.04E-05,-2.64E-04,-1.95E-04,1.37E-04,-1.09E-04,-1.41E-04,-2.22E-04,-5.60E-05,-3.08E-04,1.20E-04,-6.85E-04,3.03E-05,-9.77E-04,-3.50E-04,-2.80E-04,-4.70E-04,-3.02E-04
3320,8.53E-05,7.49E-06,-2.66E-04,5.87E-05,-2.49E-04,-1.82E-04,1.76E-04,-1.03E-04,-1.32E-04,-2.07E-04,-2.21E-05,-3.04E-04,1.16E-04,-6.87E-04,3.47E-05,-9.67E-04,-3.33E-04,-2.88E-04,-4.84E-04,-3.29E-04
3321,9.26E-05,8.68E-06,-2.57E-04,6.86E-05,-2.33E-04,-1.68E-04,2.09E-04,-9.85E-05,-1.24E-04,-1.90E-04,1.29E-05,-2.96E-04,1.14E-04,-6.85E-04,4.21E-05,-9.51E-04,-3.15E-04,-2.97E-04,-4.93E-04,-3.60E-04
3322,9.72E-05,6.58E-06,-2.49E-04,7.99E-05,-2.19E-04,-1.54E-04,2.36E-04,-9.48E-05,-1.15E-04,-1.73E-04,4.78E-05,-2.85E-04,1.12E-04,-6.79E-04,5.25E-05,-9.31E-04,-2.97E-04,-3.06E-04,-4.97E-04,-3.91E-04
3323,9.98E-05,2.27E-06,-2.41E-04,9.22E-05,-2.05E-04,-1.41E-04,2.56E-04,-9.19E-05,-1.08E-04,-1.55E-04,8.11E-05,-2.71E-04,1.13E-04,-6.67E-04,6.57E-05,-9.05E-04,-2.78E-04,-3.12E-04,-4.96E-04,-4.22E-04
3324,1.01E-04,-3.02E-06,-2.34E-04,1.05E-04,-1.93E-04,-1.28E-04,2.70E-04,-8.94E-05,-1.01E-04,-1.38E-04,1.12E-04,-2.55E-04,1.15E-04,-6.51E-04,8.14E-05,-8.76E-04,-2.60E-04,-3.16E-04,-4.89E-04,-4.49E-04
3325,1.01E-04,-7.97E-06,-2.27E-04,1.19E-04,-1.82E-04,-1.17E-04,2.78E-04,-8.67E-05,-9.37E-05,-1.23E-04,1.38E-04,-2.36E-04,1.19E-04,-6.32E-04,9.91E-05,-8.43E-04,-2.43E-04,-3.17E-04,-4.78E-04,-4.72E-04
3326,1.02E-04,-1.12E-05,-2.20E-04,1.33E-04,-1.73E-04,-1.08E-04,2.82E-04,-8.35E-05,-8.73E-05,-1.09E-04,1.60E-04,-2.16E-04,1.26E-04,-6.10E-04,1.18E-04,-8.10E-04,-2.26E-04,-3.13E-04,-4.62E-04,-4.89E-04
3327,1.04E-04,-1.16E-05,-2.12E-04,1.47E-04,-1.65E-04,-1.01E-04,2.83E-04,-7.91E-05,-8.11E-05,-9.69E-05,1.76E-04,-1.96E-04,1.34E-04,-5.87E-04,1.38E-04,-7.75E-04,-2.11E-04,-3.05E-04,-4.44E-04,-4.97E-04
3328,1.09E-04,-7.79E-06,-2.02E-04,1.62E-04,-1.58E-04,-9.58E-05,2.85E-04,-7.30E-05,-7.50E-05,-8.73E-05,1.86E-04,-1.77E-04,1.46E-04,-5.64E-04,1.59E-04,-7.42E-04,-1.96E-04,-2.93E-04,-4.23E-04,-4.97E-04
3329,1.18E-04,1.10E-06,-1.89E-04,1.78E-04,-1.52E-04,-9.28E-05,2.88E-04,-6.45E-05,-6.85E-05,-7.99E-05,1.91E-04,-1.58E-04,1.59E-04,-5.43E-04,1.79E-04,-7.11E-04,-1.83E-04,-2.76E-04,-4.02E-04,-4.86E-04
3330,1.32E-04,1.59E-05,-1.74E-04,1.95E-04,-1.44E-04,-9.14E-05,2.95E-04,-5.29E-05,-6.15E-05,-7.44E-05,1.91E-04,-1.42E-04,1.76E-04,-5.24E-04,2.00E-04,-6.82E-04,-1.70E-04,-2.55E-04,-3.81E-04,-4.65E-04
3331,1.53E-04,3.72E-05,-1.55E-04,2.13E-04,-1.35E-04,-9.10E-05,3.09E-04,-3.78E-05,-5.34E-05,-7.04E-05,1.86E-04,-1.27E-04,1.95E-04,-5.09E-04,2.20E-04,-6.56E-04,-1.57E-04,-2.32E-04,-3.62E-04,-4.33E-04
3332,1.81E-04,6.54E-05,-1.33E-04,2.34E-04,-1.24E-04,-9.07E-05,3.32E-04,-1.84E-05,-4.37E-05,-6.71E-05,1.76E-04,-1.15E-04,2.17E-04,-4.97E-04,2.42E-04,-6.33E-04,-1.43E-04,-2.06E-04,-3.44E-04,-3.91E-04
3333,2.18E-04,1.01E-04,-1.06E-04,2.58E-04,-1.08E-04,-8.93E-05,3.64E-04,5.62E-06,-3.21E-05,-6.37E-05,1.64E-04,-1.05E-04,2.42E-04,-4.89E-04,2.64E-04,-6.12E-04,-1.28E-04,-1.79E-04,-3.28E-04,-3.39E-04
3334,2.63E-04,1.43E-04,-7.35E-05,2.86E-04,-8.80E-05,-8.58E-05,4.07E-04,3.48E-05,-1.79E-05,-5.92E-05,1.50E-04,-9.73E-05,2.69E-04,-4.84E-04,2.89E-04,-5.92E-04,-1.12E-04,-1.53E-04,-3.13E-04,-2.77E-04
3335,3.18E-04,1.92E-04,-3.63E-05,3.17E-04,-6.19E-05,-7.86E-05,4.62E-04,6.95E-05,-4.95E-07,-5.24E-05,1.35E-04,-9.08E-05,2.99E-04,-4.80E-04,3.17E-04,-5.71E-04,-9.25E-05,-1.27E-04,-2.99E-04,-2.08E-04
3336,3.81E-04,2.48E-04,6.14E-06,3.52E-04,-2.92E-05,-6.64E-05,5.28E-04,1.10E-04,2.05E-05,-4.22E-05,1.19E-04,-8.49E-05,3.31E-04,-4.77E-04,3.50E-04,-5.48E-04,-7.00E-05,-1.04E-04,-2.84E-04,-1.31E-04
3337,4.52E-04,3.09E-04,5.39E-05,3.92E-04,1.09E-05,-4.79E-05,6.05E-04,1.56E-04,4.55E-05,-2.77E-05,1.05E-04,-7.85E-05,3.65E-04,-4.71E-04,3.88E-04,-5.21E-04,-4.36E-05,-8.39E-05,-2.67E-04,-4.81E-05
3338,5.31E-04,3.76E-04,1.07E-04,4.36E-04,5.87E-05,-2.19E-05,6.91E-04,2.08E-04,7.50E-05,-7.83E-06,9.11E-05,-7.06E-05,4.01E-04,-4.61E-04,4.34E-04,-4.87E-04,-1.27E-05,-6.64E-05,-2.46E-04,3.98E-05
3339,6.16E-04,4.47E-04,1.64E-04,4.83E-04,1.14E-04,1.26E-05,7.86E-04,2.66E-04,1.09E-04,1.80E-05,7.95E-05,-5.99E-05,4.38E-04,-4.44E-04,4.87E-04,-4.46E-04,2.29E-05,-5.18E-05,-2.20E-04,1.32E-04
3340,7.06E-04,5.22E-04,2.26E-04,5.33E-04,1.77E-04,5.62E-05,8.85E-04,3.28E-04,1.48E-04,5.04E-05,7.01E-05,-4.51E-05,4.75E-04,-4.17E-04,5.48E-04,-3.94E-04,6.37E-05,-3.96E-05,-1.87E-04,2.26E-04
3341,7.97E-04,5.99E-04,2.91E-04,5.84E-04,2.46E-04,1.09E-04,9.88E-04,3.96E-04,1.91E-04,8.93E-05,6.29E-05,-2.52E-05,5.12E-04,-3.77E-04,6.17E-04,-3.30E-04,1.10E-04,-2.89E-05,-1.45E-04,3.23E-04
3342,8.89E-04,6.77E-04,3.58E-04,6.36E-04,3.22E-04,1.71E-04,1.09E-03,4.67E-04,2.39E-04,1.35E-04,5.82E-05,9.15E-07,5.48E-04,-3.24E-04,6.93E-04,-2.55E-04,1.61E-04,-1.85E-05,-9.45E-05,4.21E-04
3343,9.77E-04,7.55E-04,4.27E-04,6.87E-04,4.01E-04,2.41E-04,1.19E-03,5.42E-04,2.91E-04,1.86E-04,5.58E-05,3.40E-05,5.83E-04,-2.56E-04,7.76E-04,-1.68E-04,2.18E-04,-7.01E-06,-3.38E-05,5.20E-04
3344,1.06E-03,8.32E-04,4.96E-04,7.35E-04,4.82E-04,3.18E-04,1.29E-03,6.18E-04,3.46E-04,2.42E-04,5.58E-05,7.46E-05,6.15E-04,-1.72E-04,8.64E-04,-6.89E-05,2.79E-04,7.11E-06,3.65E-05,6.18E-04
3345,1.14E-03,9.06E-04,5.63E-04,7.78E-04,5.64E-04,4.01E-04,1.38E-03,6.96E-04,4.03E-04,3.02E-04,5.81E-05,1.23E-04,6.43E-04,-7.25E-05,9.54E-04,4.02E-05,3.45E-04,2.55E-05,1.16E-04,7.14E-04
3346,1.20E-03,9.76E-04,6.28E-04,8.15E-04,6.45E-04,4.86E-04,1.46E-03,7.74E-04,4.61E-04,3.64E-04,6.28E-05,1.79E-04,6.68E-04,4.13E-05,1.04E-03,1.58E-04,4.15E-04,4.96E-05,2.02E-04,8.07E-04
3347,1.25E-03,1.04E-03,6.90E-04,8.44E-04,7.21E-04,5.73E-04,1.52E-03,8.50E-04,5.20E-04,4.26E-04,7.00E-05,2.42E-04,6.87E-04,1.67E-04,1.13E-03,2.80E-04,4.88E-04,8.08E-05,2.94E-04,8.97E-04
3348,1.29E-03,1.10E-03,7.46E-04,8.64E-04,7.91E-04,6.57E-04,1.58E-03,9.24E-04,5.77E-04,4.87E-04,8.00E-05,3.12E-04,7.01E-04,3.03E-04,1.21E-03,4.06E-04,5.64E-04,1.20E-04,3.88E-04,9.81E-04
3349,1.32E-03,1.15E-03,7.96E-04,8.75E-04,8.53E-04,7.37E-04,1.62E-03,9.94E-04,6.32E-04,5.44E-04,9.32E-05,3.86E-04,7.09E-04,4.43E-04,1.27E-03,5.30E-04,6.41E-04,1.68E-04,4.83E-04,1.06E-03
3350,1.33E-03,1.19E-03,8.39E-04,8.75E-04,9.05E-04,8.09E-04,1.65E-03,1.06E-03,6.84E-04,5.96E-04,1.10E-04,4.65E-04,7.12E-04,5.85E-04,1.33E-03,6.48E-04,7.20E-04,2.25E-04,5.73E-04,1.13E-03
3351,1.32E-03,1.23E-03,8.74E-04,8.64E-04,9.45E-04,8.70E-04,1.67E-03,1.12E-03,7.30E-04,6.41E-04,1.32E-04,5.46E-04,7.09E-04,7.24E-04,1.36E-03,7.58E-04,7.99E-04,2.90E-04,6.56E-04,1.18E-03
3352,1.30E-03,1.25E-03,9.01E-04,8.44E-04,9.73E-04,9.19E-04,1.68E-03,1.17E-03,7.71E-04,6.77E-04,1.58E-04,6.28E-04,7.00E-04,8.54E-04,1.38E-03,8.56E-04,8.77E-04,3.62E-04,7.29E-04,1.23E-03
3353,1.26E-03,1.26E-03,9.18E-04,8.14E-04,9.87E-04,9.53E-04,1.68E-03,1.21E-03,8.05E-04,7.03E-04,1.90E-04,7.09E-04,6.86E-04,9.72E-04,1.37E-03,9.38E-04,9.54E-04,4.39E-04,7.88E-04,1.26E-03
3354,1.21E-03,1.27E-03,9.28E-04,7.76E-04,9.87E-04,9.72E-04,1.67E-03,1.25E-03,8.32E-04,7.18E-04,2.29E-04,7.87E-04,6.67E-04,1.07E-03,1.35E-03,1.00E-03,1.03E-03,5.21E-04,8.31E-04,1.27E-03
3355,1.15E-03,1.26E-03,9.28E-04,7.32E-04,9.75E-04,9.74E-04,1.65E-03,1.28E-03,8.51E-04,7.23E-04,2.74E-04,8.61E-04,6.45E-04,1.15E-03,1.30E-03,1.05E-03,1.10E-03,6.03E-04,8.56E-04,1.27E-03
3356,1.09E-03,1.25E-03,9.22E-04,6.83E-04,9.50E-04,9.60E-04,1.63E-03,1.29E-03,8.62E-04,7.16E-04,3.26E-04,9.29E-04,6.21E-04,1.21E-03,1.23E-03,1.07E-03,1.17E-03,6.83E-04,8.63E-04,1.25E-03
3357,1.02E-03,1.23E-03,9.08E-04,6.32E-04,9.15E-04,9.30E-04,1.61E-03,1.31E-03,8.65E-04,6.99E-04,3.85E-04,9.91E-04,5.95E-04,1.24E-03,1.15E-03,1.08E-03,1.23E-03,7.59E-04,8.51E-04,1.20E-03
3358,9.45E-04,1.20E-03,8.89E-04,5.79E-04,8.70E-04,8.87E-04,1.58E-03,1.31E-03,8.62E-04,6.71E-04,4.51E-04,1.05E-03,5.68E-04,1.25E-03,1.05E-03,1.06E-03,1.28E-03,8.27E-04,8.21E-04,1.15E-03
3359,8.75E-04,1.17E-03,8.65E-04,5.27E-04,8.17E-04,8.32E-04,1.56E-03,1.30E-03,8.51E-04,6.36E-04,5.21E-04,1.09E-03,5.41E-04,1.24E-03,9.33E-04,1.03E-03,1.33E-03,8.85E-04,7.76E-04,1.07E-03
3360,8.08E-04,1.13E-03,8.37E-04,4.78E-04,7.60E-04,7.68E-04,1.53E-03,1.29E-03,8.35E-04,5.93E-04,5.95E-04,1.13E-03,5.16E-04,1.21E-03,8.13E-04,9.88E-04,1.38E-03,9.30E-04,7.18E-04,9.80E-04
3361,7.47E-04,1.09E-03,8.08E-04,4.33E-04,6.99E-04,6.97E-04,1.51E-03,1.28E-03,8.14E-04,5.45E-04,6.72E-04,1.16E-03,4.92E-04,1.15E-03,6.89E-04,9.32E-04,1.41E-03,9.62E-04,6.49E-04,8.77E-04
3362,6.93E-04,1.05E-03,7.77E-04,3.93E-04,6.38E-04,6.23E-04,1.49E-03,1.25E-03,7.89E-04,4.93E-04,7.50E-04,1.19E-03,4.71E-04,1.09E-03,5.66E-04,8.69E-04,1.44E-03,9.80E-04,5.74E-04,7.65E-04
3363,6.47E-04,1.01E-03,7.47E-04,3.59E-04,5.77E-04,5.48E-04,1.47E-03,1.23E-03,7.62E-04,4.40E-04,8.26E-04,1.21E-03,4.53E-04,1.02E-03,4.47E-04,8.02E-04,1.46E-03,9.83E-04,4.95E-04,6.48E-04
3364,6.11E-04,9.73E-04,7.18E-04,3.30E-04,5.20E-04,4.74E-04,1.45E-03,1.20E-03,7.34E-04,3.87E-04,8.98E-04,1.22E-03,4.37E-04,9.41E-04,3.36E-04,7.34E-04,1.46E-03,9.72E-04,4.16E-04,5.28E-04
3365,5.83E-04,9.36E-04,6.90E-04,3.08E-04,4.66E-04,4.06E-04,1.43E-03,1.17E-03,7.05E-04,3.35E-04,9.65E-04,1.23E-03,4.24E-04,8.64E-04,2.36E-04,6.68E-04,1.46E-03,9.48E-04,3.39E-04,4.10E-04
3366,5.63E-04,9.04E-04,6.65E-04,2.91E-04,4.18E-04,3.43E-04,1.41E-03,1.14E-03,6.77E-04,2.86E-04,1.02E-03,1.23E-03,4.14E-04,7.90E-04,1.47E-04,6.06E-04,1.46E-03,9.13E-04,2.68E-04,2.99E-04
3367,5.51E-04,8.75E-04,6.43E-04,2.80E-04,3.76E-04,2.88E-04,1.40E-03,1.11E-03,6.50E-04,2.41E-04,1.07E-03,1.23E-03,4.06E-04,7.24E-04,7.26E-05,5.49E-04,1.44E-03,8.70E-04,2.05E-04,1.96E-04
3368,5.45E-04,8.50E-04,6.24E-04,2.72E-04,3.41E-04,2.42E-04,1.38E-03,1.08E-03,6.25E-04,2.01E-04,1.11E-03,1.23E-03,4.00E-04,6.68E-04,1.15E-05,5.00E-04,1.41E-03,8.21E-04,1.50E-04,1.06E-04
3369,5.43E-04,8.29E-04,6.08E-04,2.68E-04,3.13E-04,2.05E-04,1.36E-03,1.05E-03,6.02E-04,1.66E-04,1.14E-03,1.22E-03,3.94E-04,6.24E-04,-3.59E-05,4.59E-04,1.38E-03,7.69E-04,1.05E-04,3.02E-05
3370,5.44E-04,8.12E-04,5.94E-04,2.65E-04,2.91E-04,1.77E-04,1.33E-03,1.02E-03,5.82E-04,1.37E-04,1.15E-03,1.22E-03,3.89E-04,5.92E-04,-7.08E-05,4.25E-04,1.34E-03,7.16E-04,6.85E-05,-2.83E-05
3371,5.46E-04,7.99E-04,5.82E-04,2.64E-04,2.75E-04,1.58E-04,1.31E-03,9.97E-04,5.64E-04,1.12E-04,1.16E-03,1.21E-03,3.84E-04,5.73E-04,-9.46E-05,3.97E-04,1.29E-03,6.66E-04,4.09E-05,-6.86E-05
3372,5.47E-04,7.89E-04,5.72E-04,2.62E-04,2.64E-04,1.46E-04,1.28E-03,9.72E-04,5.48E-04,9.34E-05,1.15E-03,1.21E-03,3.78E-04,5.66E-04,-1.09E-04,3.76E-04,1.24E-03,6.19E-04,2.08E-05,-9.05E-05
3373,5.45E-04,7.81E-04,5.64E-04,2.58E-04,2.57E-04,1.41E-04,1.25E-03,9.47E-04,5.34E-04,7.87E-05,1.13E-03,1.20E-03,3.70E-04,5.70E-04,-1.17E-04,3.59E-04,1.19E-03,5.77E-04,6.72E-06,-9.40E-05
3374,5.39E-04,7.74E-04,5.57E-04,2.53E-04,2.54E-04,1.40E-04,1.22E-03,9.24E-04,5.22E-04,6.78E-05,1.10E-03,1.19E-03,3.60E-04,5.82E-04,-1.20E-04,3.44E-04,1.13E-03,5.42E-04,-3.12E-06,-8.04E-05
3375,5.29E-04,7.68E-04,5.49E-04,2.45E-04,2.52E-04,1.42E-04,1.19E-03,9.02E-04,5.11E-04,5.98E-05,1.06E-03,1.18E-03,3.48E-04,6.00E-04,-1.21E-04,3.31E-04,1.08E-03,5.14E-04,-1.06E-05,-5.14E-05
3376,5.13E-04,7.61E-04,5.42E-04,2.34E-04,2.52E-04,1.45E-04,1.16E-03,8.80E-04,5.00E-04,5.39E-05,1.01E-03,1.16E-03,3.33E-04,6.22E-04,-1.22E-04,3.17E-04,1.02E-03,4.93E-04,-1.74E-05,-9.39E-06
3377,4.91E-04,7.54E-04,5.34E-04,2.20E-04,2.51E-04,1.48E-04,1.13E-03,8.59E-04,4.89E-04,4.94E-05,9.64E-04,1.15E-03,3.17E-04,6.45E-04,-1.24E-04,3.02E-04,9.63E-04,4.78E-04,-2.51E-05,4.27E-05
3378,4.65E-04,7.44E-04,5.25E-04,2.03E-04,2.50E-04,1.50E-04,1.09E-03,8.37E-04,4.77E-04,4.54E-05,9.12E-04,1.13E-03,2.98E-04,6.66E-04,-1.29E-04,2.84E-04,9.07E-04,4.68E-04,-3.51E-05,1.02E-04
3379,4.33E-04,7.32E-04,5.16E-04,1.84E-04,2.46E-04,1.50E-04,1.06E-03,8.15E-04,4.65E-04,4.12E-05,8.60E-04,1.10E-03,2.77E-04,6.83E-04,-1.38E-04,2.63E-04,8.54E-04,4.62E-04,-4.82E-05,1.64E-04
3380,3.98E-04,7.18E-04,5.05E-04,1.62E-04,2.40E-04,1.46E-04,1.03E-03,7.92E-04,4.51E-04,3.64E-05,8.08E-04,1.08E-03,2.55E-04,6.95E-04,-1.51E-04,2.39E-04,8.04E-04,4.58E-04,-6.47E-05,2.27E-04
3381,3.60E-04,7.01E-04,4.93E-04,1.38E-04,2.32E-04,1.38E-04,9.94E-04,7.69E-04,4.36E-04,3.05E-05,7.59E-04,1.05E-03,2.32E-04,7.00E-04,-1.68E-04,2.11E-04,7.57E-04,4.55E-04,-8.47E-05,2.86E-04
3382,3.21E-04,6.81E-04,4.79E-04,1.13E-04,2.20E-04,1.27E-04,9.61E-04,7.44E-04,4.19E-04,2.33E-05,7.12E-04,1.02E-03,2.09E-04,6.97E-04,-1.88E-04,1.80E-04,7.13E-04,4.50E-04,-1.08E-04,3.39E-04
3383,2.82E-04,6.60E-04,4.65E-04,8.74E-05,2.06E-04,1.12E-04,9.28E-04,7.18E-04,4.00E-04,1.47E-05,6.68E-04,9.85E-04,1.86E-04,6.87E-04,-2.12E-04,1.47E-04,6.72E-04,4.42E-04,-1.33E-04,3.84E-04
3384,2.44E-04,6.36E-04,4.50E-04,6.13E-05,1.89E-04,9.41E-05,8.95E-04,6.91E-04,3.80E-04,4.67E-06,6.28E-04,9.50E-04,1.63E-04,6.71E-04,-2.37E-04,1.13E-04,6.34E-04,4.31E-04,-1.58E-04,4.18E-04
3385,2.08E-04,6.11E-04,4.34E-04,3.53E-05,1.69E-04,7.40E-05,8.61E-04,6.62E-04,3.59E-04,-6.63E-06,5.92E-04,9.14E-04,1.41E-04,6.48E-04,-2.62E-04,7.86E-05,5.98E-04,4.14E-04,-1.84E-04,4.42E-04
3386,1.75E-04,5.85E-04,4.17E-04,9.61E-06,1.48E-04,5.25E-05,8.27E-04,6.32E-04,3.37E-04,-1.90E-05,5.58E-04,8.78E-04,1.20E-04,6.21E-04,-2.87E-04,4.49E-05,5.63E-04,3.91E-04,-2.08E-04,4.53E-04
3387,1.45E-04,5.59E-04,3.99E-04,-1.55E-05,1.25E-04,3.05E-05,7.91E-04,6.01E-04,3.14E-04,-3.21E-05,5.28E-04,8.42E-04,1.00E-04,5.90E-04,-3.11E-04,1.27E-05,5.29E-04,3.63E-04,-2.30E-04,4.53E-04
3388,1.18E-04,5.32E-04,3.81E-04,-4.01E-05,1.01E-04,8.90E-06,7.53E-04,5.68E-04,2.90E-04,-4.57E-05,4.99E-04,8.06E-04,8.13E-05,5.58E-04,-3.32E-04,-1.72E-05,4.95E-04,3.31E-04,-2.47E-04,4.43E-04
3389,9.55E-05,5.06E-04,3.62E-04,-6.42E-05,7.70E-05,-1.14E-05,7.13E-04,5.34E-04,2.67E-04,-5.94E-05,4.71E-04,7.72E-04,6.33E-05,5.25E-04,-3.50E-04,-4.44E-05,4.60E-04,2.93E-04,-2.60E-04,4.23E-04
3390,7.54E-05,4.81E-04,3.42E-04,-8.78E-05,5.30E-05,-2.99E-05,6.71E-04,4.99E-04,2.43E-04,-7.29E-05,4.44E-04,7.38E-04,4.57E-05,4.93E-04,-3.65E-04,-6.87E-05,4.23E-04,2.53E-04,-2.69E-04,3.95E-04
3391,5.75E-05,4.56E-04,3.22E-04,-1.11E-04,2.93E-05,-4.60E-05,6.27E-04,4.62E-04,2.20E-04,-8.61E-05,4.16E-04,7.06E-04,2.83E-05,4.63E-04,-3.77E-04,-9.03E-05,3.84E-04,2.11E-04,-2.72E-04,3.61E-04
3392,4.11E-05,4.32E-04,3.00E-04,-1.34E-04,6.44E-06,-5.94E-05,5.80E-04,4.24E-04,1.98E-04,-9.86E-05,3.87E-04,6.75E-04,1.07E-05,4.35E-04,-3.87E-04,-1.09E-04,3.41E-04,1.68E-04,-2.72E-04,3.24E-04
3393,2.50E-05,4.07E-04,2.78E-04,-1.58E-04,-1.55E-05,-7.02E-05,5.31E-04,3.86E-04,1.75E-04,-1.10E-04,3.57E-04,6.44E-04,-7.59E-06,4.09E-04,-3.95E-04,-1.27E-04,2.96E-04,1.27E-04,-2.68E-04,2.85E-04
3394,8.46E-06,3.83E-04,2.54E-04,-1.81E-04,-3.64E-05,-7.84E-05,4.80E-04,3.46E-04,1.54E-04,-1.22E-04,3.25E-04,6.14E-04,-2.68E-05,3.86E-04,-4.02E-04,-1.43E-04,2.46E-04,8.73E-05,-2.62E-04,2.45E-04
3395,-9.49E-06,3.57E-04,2.29E-04,-2.05E-04,-5.63E-05,-8.46E-05,4.28E-04,3.05E-04,1.33E-04,-1.32E-04,2.92E-04,5.83E-04,-4.72E-05,3.66E-04,-4.10E-04,-1.59E-04,1.94E-04,5.15E-05,-2.54E-04,2.07E-04
3396,-2.96E-05,3.31E-04,2.03E-04,-2.29E-04,-7.53E-05,-8.90E-05,3.74E-04,2.64E-04,1.12E-04,-1.41E-04,2.56E-04,5.52E-04,-6.90E-05,3.46E-04,-4.18E-04,-1.76E-04,1.37E-04,1.99E-05,-2.47E-04,1.72E-04
3397,-5.24E-05,3.03E-04,1.76E-04,-2.53E-04,-9.36E-05,-9.24E-05,3.20E-04,2.22E-04,9.21E-05,-1.50E-04,2.20E-04,5.18E-04,-9.22E-05,3.28E-04,-4.29E-04,-1.94E-04,7.79E-05,-7.04E-06,-2.41E-04,1.40E-04
3398,-7.81E-05,2.72E-04,1.48E-04,-2.77E-04,-1.11E-04,-9.53E-05,2.65E-04,1.80E-04,7.22E-05,-1.58E-04,1.82E-04,4.83E-04,-1.17E-04,3.10E-04,-4.42E-04,-2.14E-04,1.63E-05,-2.91E-05,-2.38E-04,1.12E-04
3399,-1.07E-04,2.39E-04,1.19E-04,-3.00E-04,-1.29E-04,-9.84E-05,2.11E-04,1.39E-04,5.23E-05,-1.66E-04,1.43E-04,4.46E-04,-1.42E-04,2.90E-04,-4.58E-04,-2.36E-04,-4.69E-05,-4.65E-05,-2.38E-04,8.96E-05
3400,-1.39E-04,2.03E-04,8.97E-05,-3.23E-04,-1.46E-04,-1.02E-04,1.57E-04,9.68E-05,3.25E-05,-1.73E-04,1.04E-04,4.05E-04,-1.69E-04,2.70E-04,-4.78E-04,-2.62E-04,-1.11E-04,-5.98E-05,-2.43E-04,7.15E-05
3401,-1.73E-04,1.64E-04,6.02E-05,-3.44E-04,-1.64E-04,-1.07E-04,1.04E-04,5.58E-05,1.27E-05,-1.81E-04,6.56E-05,3.62E-04,-1.95E-04,2.47E-04,-5.01E-04,-2.90E-04,-1.75E-04,-6.97E-05,-2.52E-04,5.78E-05
3402,-2.08E-04,1.23E-04,3.10E-05,-3.64E-04,-1.82E-04,-1.14E-04,5.26E-05,1.58E-05,-7.18E-06,-1.87E-04,2.78E-05,3.17E-04,-2.21E-04,2.22E-04,-5.26E-04,-3.20E-04,-2.37E-04,-7.73E-05,-2.65E-04,4.78E-05
3403,-2.45E-04,7.93E-05,2.30E-06,-3.83E-04,-2.01E-04,-1.22E-04,2.76E-06,-2.29E-05,-2.70E-05,-1.94E-04,-8.79E-06,2.69E-04,-2.47E-04,1.95E-04,-5.53E-04,-3.52E-04,-2.97E-04,-8.36E-05,-2.82E-04,4.10E-05
3404,-2.82E-04,3.38E-05,-2.55E-05,-3.99E-04,-2.19E-04,-1.31E-04,-4.52E-05,-6.00E-05,-4.68E-05,-2.01E-04,-4.38E-05,2.19E-04,-2.70E-04,1.66E-04,-5.80E-04,-3.86E-04,-3.54E-04,-8.97E-05,-3.01E-04,3.64E-05
3405,-3.17E-04,-1.28E-05,-5.20E-05,-4.13E-04,-2.39E-04,-1.43E-04,-9.13E-05,-9.50E-05,-6.63E-05,-2.07E-04,-7.70E-05,1.68E-04,-2.92E-04,1.36E-04,-6.08E-04,-4.20E-04,-4.07E-04,-9.65E-05,-3.22E-04,3.31E-05
3406,-3.51E-04,-5.96E-05,-7.70E-05,-4.24E-04,-2.58E-04,-1.55E-04,-1.35E-04,-1.28E-04,-8.53E-05,-2.13E-04,-1.08E-04,1.18E-04,-3.11E-04,1.05E-04,-6.33E-04,-4.54E-04,-4.55E-04,-1.05E-04,-3.44E-04,3.03E-05
3407,-3.83E-04,-1.06E-04,-1.00E-04,-4.34E-04,-2.78E-04,-1.68E-04,-1.77E-04,-1.58E-04,-1.04E-04,-2.18E-04,-1.37E-04,6.78E-05,-3.28E-04,7.37E-05,-6.56E-04,-4.86E-04,-4.98E-04,-1.15E-04,-3.64E-04,2.72E-05
3408,-4.12E-04,-1.50E-04,-1.22E-04,-4.41E-04,-2.97E-04,-1.82E-04,-2.17E-04,-1.86E-04,-1.22E-04,-2.23E-04,-1.63E-04,1.97E-05,-3.41E-04,4.34E-05,-6.75E-04,-5.17E-04,-5.35E-04,-1.29E-04,-3.82E-04,2.31E-05
3409,-4.37E-04,-1.92E-04,-1.41E-04,-4.46E-04,-3.16E-04,-1.95E-04,-2.56E-04,-2.11E-04,-1.38E-04,-2.28E-04,-1.87E-04,-2.56E-05,-3.52E-04,1.49E-05,-6.90E-04,-5.45E-04,-5.67E-04,-1.44E-04,-3.97E-04,1.75E-05
3410,-4.59E-04,-2.30E-04,-1.59E-04,-4.50E-04,-3.35E-04,-2.08E-04,-2.92E-04,-2.33E-04,-1.54E-04,-2.32E-04,-2.09E-04,-6.74E-05,-3.59E-04,-1.13E-05,-6.99E-04,-5.70E-04,-5.93E-04,-1.62E-04,-4.07E-04,1.02E-05
3411,-4.77E-04,-2.64E-04,-1.75E-04,-4.52E-04,-3.52E-04,-2.20E-04,-3.26E-04,-2.52E-04,-1.68E-04,-2.35E-04,-2.29E-04,-1.05E-04,-3.64E-04,-3.44E-05,-7.03E-04,-5.92E-04,-6.13E-04,-1.82E-04,-4.13E-04,1.12E-06
3412,-4.92E-04,-2.94E-04,-1.89E-04,-4.54E-04,-3.68E-04,-2.30E-04,-3.59E-04,-2.69E-04,-1.81E-04,-2.37E-04,-2.46E-04,-1.38E-04,-3.66E-04,-5.42E-05,-7.02E-04,-6.11E-04,-6.28E-04,-2.03E-04,-4.13E-04,-9.70E-06
3413,-5.04E-04,-3.18E-04,-2.02E-04,-4.56E-04,-3.82E-04,-2.38E-04,-3.89E-04,-2.84E-04,-1.92E-04,-2.39E-04,-2.61E-04,-1.66E-04,-3.67E-04,-7.04E-05,-6.96E-04,-6.26E-04,-6.39E-04,-2.24E-04,-4.09E-04,-2.19E-05
3414,-5.14E-04,-3.38E-04,-2.14E-04,-4.58E-04,-3.95E-04,-2.45E-04,-4.18E-04,-2.97E-04,-2.02E-04,-2.40E-04,-2.74E-04,-1.89E-04,-3.66E-04,-8.33E-05,-6.86E-04,-6.39E-04,-6.46E-04,-2.44E-04,-4.00E-04,-3.51E-05
3415,-5.22E-04,-3.54E-04,-2.25E-04,-4.60E-04,-4.06E-04,-2.50E-04,-4.45E-04,-3.08E-04,-2.11E-04,-2.41E-04,-2.85E-04,-2.08E-04,-3.65E-04,-9.30E-05,-6.73E-04,-6.50E-04,-6.50E-04,-2.63E-04,-3.87E-04,-4.86E-05
3416,-5.28E-04,-3.66E-04,-2.35E-04,-4.63E-04,-4.16E-04,-2.53E-04,-4.71E-04,-3.17E-04,-2.19E-04,-2.42E-04,-2.94E-04,-2.23E-04,-3.64E-04,-1.00E-04,-6.58E-04,-6.59E-04,-6.52E-04,-2.79E-04,-3.73E-04,-6.19E-05
3417,-5.34E-04,-3.74E-04,-2.45E-04,-4.67E-04,-4.24E-04,-2.55E-04,-4.94E-04,-3.26E-04,-2.26E-04,-2.42E-04,-3.01E-04,-2.34E-04,-3.63E-04,-1.05E-04,-6.43E-04,-6.67E-04,-6.53E-04,-2.92E-04,-3.58E-04,-7.42E-05
3418,-5.40E-04,-3.80E-04,-2.54E-04,-4.73E-04,-4.31E-04,-2.55E-04,-5.16E-04,-3.34E-04,-2.32E-04,-2.42E-04,-3.06E-04,-2.43E-04,-3.64E-04,-1.10E-04,-6.28E-04,-6.75E-04,-6.53E-04,-3.01E-04,-3.44E-04,-8.49E-05
3419,-5.45E-04,-3.85E-04,-2.63E-04,-4.79E-04,-4.37E-04,-2.55E-04,-5.36E-04,-3.42E-04,-2.37E-04,-2.42E-04,-3.10E-04,-2.50E-04,-3.65E-04,-1.13E-04,-6.16E-04,-6.82E-04,-6.54E-04,-3.07E-04,-3.33E-04,-9.32E-05
3420,-5.50E-04,-3.89E-04,-2.72E-04,-4.86E-04,-4.42E-04,-2.54E-04,-5.54E-04,-3.50E-04,-2.43E-04,-2.43E-04,-3.12E-04,-2.56E-04,-3.68E-04,-1.18E-04,-6.06E-04,-6.90E-04,-6.56E-04,-3.08E-04,-3.25E-04,-9.85E-05
3421,-5.56E-04,-3.95E-04,-2.81E-04,-4.94E-04,-4.46E-04,-2.54E-04,-5.71E-04,-3.58E-04,-2.48E-04,-2.44E-04,-3.13E-04,-2.63E-04,-3.73E-04,-1.23E-04,-6.00E-04,-6.99E-04,-6.59E-04,-3.06E-04,-3.22E-04,-1.00E-04
3422,-5.61E-04,-4.02E-04,-2.90E-04,-5.02E-04,-4.51E-04,-2.53E-04,-5.86E-04,-3.66E-04,-2.54E-04,-2.46E-04,-3.14E-04,-2.71E-04,-3.79E-04,-1.30E-04,-5.97E-04,-7.08E-04,-6.64E-04,-3.00E-04,-3.25E-04,-9.85E-05
3423,-5.66E-04,-4.12E-04,-2.98E-04,-5.11E-04,-4.55E-04,-2.54E-04,-6.00E-04,-3.75E-04,-2.60E-04,-2.49E-04,-3.14E-04,-2.80E-04,-3.87E-04,-1.39E-04,-6.00E-04,-7.18E-04,-6.71E-04,-2.92E-04,-3.33E-04,-9.24E-05
3424,-5.70E-04,-4.24E-04,-3.06E-04,-5.18E-04,-4.60E-04,-2.55E-04,-6.13E-04,-3.85E-04,-2.67E-04,-2.52E-04,-3.13E-04,-2.91E-04,-3.95E-04,-1.50E-04,-6.05E-04,-7.27E-04,-6.80E-04,-2.83E-04,-3.47E-04,-8.22E-05
3425,-5.72E-04,-4.40E-04,-3.13E-04,-5.25E-04,-4.65E-04,-2.57E-04,-6.24E-04,-3.94E-04,-2.74E-04,-2.56E-04,-3.13E-04,-3.05E-04,-4.03E-04,-1.63E-04,-6.15E-04,-7.36E-04,-6.90E-04,-2.72E-04,-3.67E-04,-6.79E-05
3426,-5.73E-04,-4.60E-04,-3.19E-04,-5.30E-04,-4.71E-04,-2.59E-04,-6.34E-04,-4.04E-04,-2.81E-04,-2.60E-04,-3.13E-04,-3.20E-04,-4.12E-04,-1.77E-04,-6.26E-04,-7.45E-04,-7.02E-04,-2.61E-04,-3.90E-04,-4.98E-05
3427,-5.71E-04,-4.82E-04,-3.25E-04,-5.34E-04,-4.77E-04,-2.63E-04,-6.44E-04,-4.14E-04,-2.88E-04,-2.64E-04,-3.14E-04,-3.38E-04,-4.19E-04,-1.92E-04,-6.39E-04,-7.51E-04,-7.15E-04,-2.51E-04,-4.17E-04,-2.82E-05
3428,-5.66E-04,-5.07E-04,-3.29E-04,-5.35E-04,-4.83E-04,-2.67E-04,-6.53E-04,-4.24E-04,-2.96E-04,-2.68E-04,-3.15E-04,-3.56E-04,-4.26E-04,-2.08E-04,-6.52E-04,-7.55E-04,-7.29E-04,-2.43E-04,-4.44E-04,-3.70E-06
3429,-5.58E-04,-5.33E-04,-3.32E-04,-5.34E-04,-4.88E-04,-2.71E-04,-6.61E-04,-4.33E-04,-3.03E-04,-2.71E-04,-3.17E-04,-3.75E-04,-4.30E-04,-2.23E-04,-6.64E-04,-7.57E-04,-7.41E-04,-2.37E-04,-4.71E-04,2.31E-05
3430,-5.48E-04,-5.60E-04,-3.34E-04,-5.30E-04,-4.93E-04,-2.75E-04,-6.68E-04,-4.41E-04,-3.09E-04,-2.74E-04,-3.20E-04,-3.94E-04,-4.33E-04,-2.36E-04,-6.73E-04,-7.55E-04,-7.53E-04,-2.34E-04,-4.97E-04,5.15E-05
3431,-5.33E-04,-5.87E-04,-3.35E-04,-5.24E-04,-4.97E-04,-2.78E-04,-6.74E-04,-4.48E-04,-3.14E-04,-2.76E-04,-3.24E-04,-4.12E-04,-4.33E-04,-2.48E-04,-6.79E-04,-7.49E-04,-7.64E-04,-2.33E-04,-5.18E-04,8.09E-05
3432,-5.16E-04,-6.11E-04,-3.34E-04,-5.15E-04,-5.00E-04,-2.80E-04,-6.79E-04,-4.53E-04,-3.18E-04,-2.77E-04,-3.28E-04,-4.28E-04,-4.30E-04,-2.56E-04,-6.80E-04,-7.39E-04,-7.72E-04,-2.35E-04,-5.34E-04,1.10E-04
3433,-4.96E-04,-6.33E-04,-3.31E-04,-5.04E-04,-5.00E-04,-2.80E-04,-6.84E-04,-4.56E-04,-3.20E-04,-2.75E-04,-3.32E-04,-4.41E-04,-4.25E-04,-2.62E-04,-6.75E-04,-7.25E-04,-7.77E-04,-2.39E-04,-5.43E-04,1.40E-04
3434,-4.74E-04,-6.51E-04,-3.28E-04,-4.90E-04,-4.99E-04,-2.79E-04,-6.86E-04,-4.58E-04,-3.21E-04,-2.72E-04,-3.37E-04,-4.50E-04,-4.17E-04,-2.63E-04,-6.65E-04,-7.08E-04,-7.79E-04,-2.44E-04,-5.46E-04,1.68E-04
3435,-4.50E-04,-6.64E-04,-3.22E-04,-4.75E-04,-4.95E-04,-2.75E-04,-6.87E-04,-4.57E-04,-3.19E-04,-2.67E-04,-3.40E-04,-4.55E-04,-4.06E-04,-2.60E-04,-6.49E-04,-6.87E-04,-7.77E-04,-2.51E-04,-5.41E-04,1.94E-04
3436,-4.24E-04,-6.72E-04,-3.16E-04,-4.57E-04,-4.88E-04,-2.69E-04,-6.86E-04,-4.53E-04,-3.16E-04,-2.59E-04,-3.43E-04,-4.56E-04,-3.93E-04,-2.54E-04,-6.27E-04,-6.64E-04,-7.72E-04,-2.58E-04,-5.30E-04,2.18E-04
3437,-3.97E-04,-6.73E-04,-3.07E-04,-4.38E-04,-4.78E-04,-2.60E-04,-6.83E-04,-4.47E-04,-3.10E-04,-2.50E-04,-3.44E-04,-4.53E-04,-3.78E-04,-2.43E-04,-6.00E-04,-6.40E-04,-7.64E-04,-2.65E-04,-5.12E-04,2.40E-04
3438,-3.70E-04,-6.67E-04,-2.97E-04,-4.17E-04,-4.65E-04,-2.48E-04,-6.78E-04,-4.39E-04,-3.03E-04,-2.38E-04,-3.43E-04,-4.46E-04,-3.62E-04,-2.30E-04,-5.69E-04,-6.14E-04,-7.52E-04,-2.70E-04,-4.89E-04,2.58E-04
3439,-3.43E-04,-6.56E-04,-2.86E-04,-3.96E-04,-4.49E-04,-2.34E-04,-6.71E-04,-4.27E-04,-2.94E-04,-2.24E-04,-3.40E-04,-4.35E-04,-3.45E-04,-2.14E-04,-5.34E-04,-5.89E-04,-7.37E-04,-2.73E-04,-4.63E-04,2.74E-04
3440,-3.16E-04,-6.38E-04,-2.72E-04,-3.73E-04,-4.31E-04,-2.18E-04,-6.61E-04,-4.14E-04,-2.83E-04,-2.09E-04,-3.35E-04,-4.22E-04,-3.28E-04,-1.95E-04,-4.97E-04,-5.65E-04,-7.20E-04,-2.74E-04,-4.36E-04,2.86E-04
3441,-2.89E-04,-6.15E-04,-2.57E-04,-3.50E-04,-4.11E-04,-2.00E-04,-6.49E-04,-3.97E-04,-2.71E-04,-1.93E-04,-3.26E-04,-4.06E-04,-3.10E-04,-1.76E-04,-4.59E-04,-5.43E-04,-7.00E-04,-2.72E-04,-4.09E-04,2.95E-04
3442,-2.63E-04,-5.88E-04,-2.40E-04,-3.26E-04,-3.88E-04,-1.80E-04,-6.34E-04,-3.79E-04,-2.58E-04,-1.75E-04,-3.15E-04,-3.89E-04,-2.92E-04,-1.56E-04,-4.21E-04,-5.23E-04,-6.79E-04,-2.67E-04,-3.84E-04,3.01E-04
3443,-2.38E-04,-5.58E-04,-2.21E-04,-3.02E-04,-3.65E-04,-1.59E-04,-6.17E-04,-3.59E-04,-2.45E-04,-1.58E-04,-3.01E-04,-3.71E-04,-2.75E-04,-1.37E-04,-3.85E-04,-5.07E-04,-6.58E-04,-2.58E-04,-3.63E-04,3.04E-04
3444,-2.13E-04,-5.25E-04,-2.00E-04,-2.78E-04,-3.41E-04,-1.38E-04,-5.98E-04,-3.37E-04,-2.31E-04,-1.40E-04,-2.85E-04,-3.55E-04,-2.59E-04,-1.18E-04,-3.51E-04,-4.93E-04,-6.35E-04,-2.46E-04,-3.48E-04,3.03E-04
3445,-1.88E-04,-4.91E-04,-1.77E-04,-2.53E-04,-3.17E-04,-1.16E-04,-5.78E-04,-3.14E-04,-2.18E-04,-1.23E-04,-2.66E-04,-3.39E-04,-2.43E-04,-1.02E-04,-3.20E-04,-4.84E-04,-6.13E-04,-2.31E-04,-3.40E-04,3.01E-04
3446,-1.64E-04,-4.56E-04,-1.52E-04,-2.29E-04,-2.93E-04,-9.46E-05,-5.55E-04,-2.90E-04,-2.05E-04,-1.07E-04,-2.46E-04,-3.26E-04,-2.28E-04,-8.73E-05,-2.94E-04,-4.77E-04,-5.91E-04,-2.13E-04,-3.39E-04,2.95E-04
3447,-1.40E-04,-4.23E-04,-1.27E-04,-2.05E-04,-2.71E-04,-7.38E-05,-5.32E-04,-2.65E-04,-1.92E-04,-9.15E-05,-2.24E-04,-3.14E-04,-2.15E-04,-7.54E-05,-2.71E-04,-4.73E-04,-5.70E-04,-1.94E-04,-3.45E-04,2.88E-04
3448,-1.16E-04,-3.90E-04,-9.98E-05,-1.81E-04,-2.49E-04,-5.40E-05,-5.07E-04,-2.41E-04,-1.81E-04,-7.77E-05,-2.01E-04,-3.06E-04,-2.02E-04,-6.60E-05,-2.53E-04,-4.72E-04,-5.49E-04,-1.73E-04,-3.57E-04,2.79E-04
