,ch1,ch2,ch3,ch4,ch5,ch6,ch7,ch8,ch9,ch10,ch11,ch12,ch13,ch14,ch15,ch16,ch17,ch18,ch19,ch20
1,-4.21E-05,-4.29E-05,-5.47E-05,-3.17E-05,-4.48E-05,-3.63E-05,-5.30E-05,-6.45E-05,-5.47E-05,-5.72E-05,-2.53E-05,-3.54E-05,-1.66E-05,-1.90E-05,-8.02E-06,-3.83E-05,-2.57E-05,-1.55E-05,-2.84E-05,-5.77E-05
2,-2.55E-05,-1.96E-05,-1.08E-05,-1.37E-05,-1.78E-05,-1.55E-05,-1.78E-05,-1.26E-06,1.49E-06,-8.01E-06,-5.34E-06,-4.67E-06,1.19E-07,-6.74E-06,1.51E-05,-1.26E-05,1.74E-05,2.11E-05,1.76E-05,-4.69E-06
3,-9.52E-06,2.67E-06,3.17E-05,3.64E-06,8.32E-06,4.62E-06,1.62E-05,6.00E-05,5.61E-05,3.98E-05,1.40E-05,2.51E-05,1.63E-05,4.92E-06,3.72E-05,1.23E-05,5.93E-05,5.66E-05,6.22E-05,4.69E-05
4,5.32E-06,2.29E-05,7.13E-05,1.98E-05,3.28E-05,2.32E-05,4.76E-05,1.17E-04,1.07E-04,8.49E-05,3.20E-05,5.29E-05,3.15E-05,1.55E-05,5.74E-05,3.57E-05,9.87E-05,8.98E-05,1.04E-04,9.54E-05
5,1.85E-05,4.03E-05,1.07E-04,3.43E-05,5.48E-05,3.95E-05,7.56E-05,1.68E-04,1.53E-04,1.26E-04,4.83E-05,7.80E-05,4.51E-05,2.45E-05,7.47E-05,5.66E-05,1.34E-04,1.20E-04,1.42E-04,1.40E-04
6,2.96E-05,5.40E-05,1.37E-04,4.67E-05,7.37E-05,5.30E-05,9.90E-05,2.12E-04,1.93E-04,1.62E-04,6.23E-05,9.95E-05,5.68E-05,3.16E-05,8.86E-05,7.48E-05,1.66E-04,1.46E-04,1.74E-04,1.78E-04
7,3.83E-05,6.36E-05,1.62E-04,5.67E-05,8.91E-05,6.34E-05,1.17E-04,2.47E-04,2.26E-04,1.92E-04,7.38E-05,1.17E-04,6.63E-05,3.64E-05,9.85E-05,8.96E-05,1.91E-04,1.67E-04,2.01E-04,2.11E-04
8,4.45E-05,6.88E-05,1.80E-04,6.42E-05,1.01E-04,7.03E-05,1.30E-04,2.73E-04,2.52E-04,2.16E-04,8.26E-05,1.31E-04,7.35E-05,3.90E-05,1.04E-04,1.01E-04,2.12E-04,1.83E-04,2.21E-04,2.37E-04
9,4.82E-05,6.96E-05,1.92E-04,6.91E-05,1.09E-04,7.37E-05,1.38E-04,2.90E-04,2.69E-04,2.34E-04,8.87E-05,1.40E-04,7.83E-05,3.94E-05,1.06E-04,1.09E-04,2.26E-04,1.94E-04,2.35E-04,2.56E-04
10,4.96E-05,6.61E-05,1.98E-04,7.15E-05,1.13E-04,7.36E-05,1.40E-04,2.99E-04,2.80E-04,2.45E-04,9.23E-05,1.45E-04,8.09E-05,3.76E-05,1.03E-04,1.14E-04,2.35E-04,2.00E-04,2.42E-04,2.68E-04
11,4.88E-05,5.89E-05,1.99E-04,7.18E-05,1.15E-04,7.04E-05,1.37E-04,2.99E-04,2.84E-04,2.52E-04,9.36E-05,1.46E-04,8.14E-05,3.39E-05,9.67E-05,1.15E-04,2.39E-04,2.02E-04,2.44E-04,2.74E-04
12,4.63E-05,4.85E-05,1.95E-04,7.03E-05,1.14E-04,6.45E-05,1.31E-04,2.93E-04,2.83E-04,2.53E-04,9.31E-05,1.44E-04,8.01E-05,2.88E-05,8.74E-05,1.15E-04,2.38E-04,1.99E-04,2.41E-04,2.75E-04
13,4.25E-05,3.58E-05,1.89E-04,6.73E-05,1.11E-04,5.63E-05,1.22E-04,2.83E-04,2.77E-04,2.51E-04,9.11E-05,1.40E-04,7.74E-05,2.27E-05,7.58E-05,1.12E-04,2.34E-04,1.94E-04,2.35E-04,2.73E-04
14,3.80E-05,2.16E-05,1.80E-04,6.35E-05,1.07E-04,4.64E-05,1.11E-04,2.70E-04,2.70E-04,2.47E-04,8.83E-05,1.35E-04,7.39E-05,1.62E-05,6.28E-05,1.09E-04,2.28E-04,1.87E-04,2.26E-04,2.67E-04
15,3.32E-05,6.82E-06,1.70E-04,5.93E-05,1.02E-04,3.55E-05,9.87E-05,2.55E-04,2.61E-04,2.41E-04,8.52E-05,1.29E-04,6.99E-05,9.64E-06,4.91E-05,1.06E-04,2.21E-04,1.78E-04,2.16E-04,2.59E-04
16,2.88E-05,-7.58E-06,1.62E-04,5.52E-05,9.81E-05,2.43E-05,8.73E-05,2.42E-04,2.53E-04,2.35E-04,8.24E-05,1.23E-04,6.59E-05,3.65E-06,3.56E-05,1.03E-04,2.13E-04,1.70E-04,2.06E-04,2.52E-04
17,2.52E-05,-2.08E-05,1.55E-04,5.16E-05,9.51E-05,1.32E-05,7.72E-05,2.30E-04,2.47E-04,2.31E-04,8.02E-05,1.18E-04,6.25E-05,-1.34E-06,2.31E-05,1.01E-04,2.06E-04,1.62E-04,1.97E-04,2.45E-04
18,2.29E-05,-3.20E-05,1.51E-04,4.90E-05,9.39E-05,2.82E-06,6.95E-05,2.23E-04,2.44E-04,2.28E-04,7.90E-05,1.15E-04,6.00E-05,-4.96E-06,1.20E-05,1.01E-04,2.00E-04,1.56E-04,1.90E-04,2.39E-04
19,2.21E-05,-4.08E-05,1.50E-04,4.76E-05,9.48E-05,-6.37E-06,6.47E-05,2.20E-04,2.45E-04,2.28E-04,7.93E-05,1.14E-04,5.88E-05,-6.92E-06,3.05E-06,1.03E-04,1.97E-04,1.52E-04,1.86E-04,2.36E-04
20,2.31E-05,-4.65E-05,1.53E-04,4.76E-05,9.82E-05,-1.41E-05,6.33E-05,2.23E-04,2.50E-04,2.31E-04,8.11E-05,1.16E-04,5.90E-05,-7.07E-06,-3.63E-06,1.08E-04,1.97E-04,1.50E-04,1.85E-04,2.36E-04
21,2.61E-05,-4.91E-05,1.61E-04,4.90E-05,1.04E-04,-2.01E-05,6.56E-05,2.32E-04,2.59E-04,2.38E-04,8.45E-05,1.21E-04,6.09E-05,-5.32E-06,-7.86E-06,1.14E-04,2.00E-04,1.52E-04,1.88E-04,2.40E-04
22,3.11E-05,-4.84E-05,1.73E-04,5.19E-05,1.13E-04,-2.43E-05,7.16E-05,2.46E-04,2.73E-04,2.48E-04,8.95E-05,1.28E-04,6.46E-05,-1.75E-06,-9.71E-06,1.24E-04,2.06E-04,1.56E-04,1.94E-04,2.46E-04
23,3.80E-05,-4.45E-05,1.90E-04,5.61E-05,1.24E-04,-2.67E-05,8.11E-05,2.66E-04,2.91E-04,2.61E-04,9.59E-05,1.38E-04,6.99E-05,3.50E-06,-9.40E-06,1.35E-04,2.16E-04,1.63E-04,2.03E-04,2.55E-04
24,4.66E-05,-3.77E-05,2.09E-04,6.14E-05,1.36E-04,-2.75E-05,9.37E-05,2.90E-04,3.12E-04,2.77E-04,1.03E-04,1.51E-04,7.67E-05,1.02E-05,-7.28E-06,1.48E-04,2.27E-04,1.73E-04,2.15E-04,2.67E-04
25,5.67E-05,-2.84E-05,2.32E-04,6.74E-05,1.51E-04,-2.68E-05,1.09E-04,3.17E-04,3.36E-04,2.95E-04,1.12E-04,1.65E-04,8.48E-05,1.79E-05,-3.80E-06,1.62E-04,2.41E-04,1.84E-04,2.30E-04,2.81E-04
26,6.80E-05,-1.70E-05,2.57E-04,7.38E-05,1.67E-04,-2.51E-05,1.26E-04,3.47E-04,3.61E-04,3.15E-04,1.21E-04,1.81E-04,9.40E-05,2.65E-05,5.17E-07,1.77E-04,2.57E-04,1.97E-04,2.46E-04,2.95E-04
27,8.01E-05,-4.09E-06,2.83E-04,8.03E-05,1.83E-04,-2.25E-05,1.45E-04,3.78E-04,3.86E-04,3.35E-04,1.30E-04,1.98E-04,1.04E-04,3.54E-05,5.13E-06,1.92E-04,2.74E-04,2.10E-04,2.63E-04,3.10E-04
28,9.28E-05,9.84E-06,3.10E-04,8.65E-05,2.00E-04,-1.93E-05,1.65E-04,4.09E-04,4.11E-04,3.56E-04,1.39E-04,2.16E-04,1.14E-04,4.42E-05,9.51E-06,2.07E-04,2.90E-04,2.24E-04,2.81E-04,3.25E-04
29,1.06E-04,2.42E-05,3.36E-04,9.20E-05,2.16E-04,-1.61E-05,1.84E-04,4.39E-04,4.35E-04,3.75E-04,1.47E-04,2.33E-04,1.24E-04,5.27E-05,1.32E-05,2.21E-04,3.07E-04,2.37E-04,2.98E-04,3.39E-04
30,1.18E-04,3.87E-05,3.62E-04,9.66E-05,2.32E-04,-1.29E-05,2.03E-04,4.67E-04,4.57E-04,3.94E-04,1.55E-04,2.49E-04,1.34E-04,6.05E-05,1.57E-05,2.33E-04,3.23E-04,2.50E-04,3.14E-04,3.51E-04
31,1.30E-04,5.27E-05,3.85E-04,1.00E-04,2.46E-04,-1.02E-05,2.21E-04,4.93E-04,4.76E-04,4.10E-04,1.62E-04,2.65E-04,1.43E-04,6.75E-05,1.69E-05,2.45E-04,3.37E-04,2.61E-04,3.28E-04,3.61E-04
32,1.42E-04,6.59E-05,4.07E-04,1.02E-04,2.59E-04,-8.11E-06,2.38E-04,5.16E-04,4.92E-04,4.24E-04,1.68E-04,2.78E-04,1.51E-04,7.33E-05,1.64E-05,2.54E-04,3.49E-04,2.70E-04,3.41E-04,3.68E-04
33,1.53E-04,7.82E-05,4.27E-04,1.03E-04,2.70E-04,-6.77E-06,2.54E-04,5.36E-04,5.06E-04,4.37E-04,1.73E-04,2.90E-04,1.58E-04,7.79E-05,1.43E-05,2.61E-04,3.60E-04,2.78E-04,3.53E-04,3.73E-04
34,1.62E-04,8.94E-05,4.45E-04,1.02E-04,2.79E-04,-6.31E-06,2.68E-04,5.53E-04,5.16E-04,4.46E-04,1.77E-04,3.01E-04,1.64E-04,8.13E-05,1.06E-05,2.66E-04,3.69E-04,2.84E-04,3.62E-04,3.76E-04
35,1.71E-04,9.93E-05,4.60E-04,9.90E-05,2.87E-04,-6.77E-06,2.80E-04,5.67E-04,5.24E-04,4.54E-04,1.79E-04,3.09E-04,1.69E-04,8.35E-05,5.36E-06,2.70E-04,3.76E-04,2.88E-04,3.70E-04,3.76E-04
36,1.78E-04,1.08E-04,4.73E-04,9.51E-05,2.92E-04,-8.16E-06,2.91E-04,5.78E-04,5.30E-04,4.59E-04,1.81E-04,3.16E-04,1.71E-04,8.46E-05,-1.11E-06,2.71E-04,3.81E-04,2.91E-04,3.76E-04,3.74E-04
37,1.84E-04,1.16E-04,4.84E-04,8.98E-05,2.96E-04,-1.05E-05,3.01E-04,5.88E-04,5.34E-04,4.62E-04,1.82E-04,3.21E-04,1.73E-04,8.48E-05,-8.57E-06,2.71E-04,3.84E-04,2.92E-04,3.82E-04,3.71E-04
38,1.88E-04,1.22E-04,4.93E-04,8.33E-05,2.99E-04,-1.36E-05,3.09E-04,5.95E-04,5.37E-04,4.64E-04,1.82E-04,3.24E-04,1.73E-04,8.42E-05,-1.67E-05,2.70E-04,3.86E-04,2.92E-04,3.86E-04,3.66E-04
39,1.91E-04,1.28E-04,5.00E-04,7.58E-05,3.00E-04,-1.75E-05,3.16E-04,6.02E-04,5.39E-04,4.64E-04,1.82E-04,3.26E-04,1.72E-04,8.29E-05,-2.53E-05,2.68E-04,3.87E-04,2.91E-04,3.90E-04,3.60E-04
40,1.93E-04,1.32E-04,5.06E-04,6.74E-05,2.99E-04,-2.22E-05,3.22E-04,6.08E-04,5.40E-04,4.64E-04,1.80E-04,3.26E-04,1.70E-04,8.12E-05,-3.40E-05,2.65E-04,3.88E-04,2.89E-04,3.93E-04,3.54E-04
41,1.93E-04,1.36E-04,5.11E-04,5.81E-05,2.97E-04,-2.76E-05,3.28E-04,6.13E-04,5.41E-04,4.62E-04,1.78E-04,3.25E-04,1.67E-04,7.91E-05,-4.27E-05,2.61E-04,3.87E-04,2.87E-04,3.96E-04,3.47E-04
42,1.92E-04,1.39E-04,5.15E-04,4.82E-05,2.94E-04,-3.36E-05,3.32E-04,6.17E-04,5.42E-04,4.60E-04,1.76E-04,3.23E-04,1.63E-04,7.68E-05,-5.11E-05,2.58E-04,3.86E-04,2.84E-04,3.98E-04,3.40E-04
43,1.89E-04,1.41E-04,5.18E-04,3.76E-05,2.89E-04,-4.03E-05,3.36E-04,6.21E-04,5.43E-04,4.57E-04,1.72E-04,3.20E-04,1.58E-04,7.43E-05,-5.92E-05,2.54E-04,3.85E-04,2.82E-04,4.01E-04,3.32E-04
44,1.84E-04,1.42E-04,5.19E-04,2.65E-05,2.83E-04,-4.76E-05,3.39E-04,6.25E-04,5.43E-04,4.54E-04,1.68E-04,3.16E-04,1.52E-04,7.17E-05,-6.69E-05,2.50E-04,3.83E-04,2.79E-04,4.03E-04,3.25E-04
45,1.77E-04,1.42E-04,5.19E-04,1.47E-05,2.75E-04,-5.56E-05,3.40E-04,6.27E-04,5.43E-04,4.50E-04,1.63E-04,3.10E-04,1.45E-04,6.89E-05,-7.44E-05,2.46E-04,3.81E-04,2.76E-04,4.05E-04,3.17E-04
46,1.69E-04,1.41E-04,5.17E-04,2.46E-06,2.66E-04,-6.43E-05,3.40E-04,6.28E-04,5.43E-04,4.45E-04,1.56E-04,3.04E-04,1.38E-04,6.58E-05,-8.17E-05,2.41E-04,3.78E-04,2.72E-04,4.06E-04,3.09E-04
47,1.59E-04,1.38E-04,5.14E-04,-1.04E-05,2.56E-04,-7.36E-05,3.38E-04,6.27E-04,5.41E-04,4.39E-04,1.48E-04,2.95E-04,1.31E-04,6.25E-05,-8.89E-05,2.37E-04,3.74E-04,2.68E-04,4.06E-04,3.00E-04
48,1.46E-04,1.33E-04,5.09E-04,-2.39E-05,2.44E-04,-8.37E-05,3.35E-04,6.24E-04,5.37E-04,4.33E-04,1.38E-04,2.86E-04,1.22E-04,5.87E-05,-9.62E-05,2.32E-04,3.70E-04,2.63E-04,4.05E-04,2.90E-04
49,1.32E-04,1.27E-04,5.01E-04,-3.79E-05,2.30E-04,-9.45E-05,3.29E-04,6.18E-04,5.32E-04,4.25E-04,1.27E-04,2.74E-04,1.13E-04,5.45E-05,-1.04E-04,2.27E-04,3.63E-04,2.58E-04,4.03E-04,2.79E-04
50,1.16E-04,1.19E-04,4.91E-04,-5.26E-05,2.14E-04,-1.06E-04,3.22E-04,6.09E-04,5.25E-04,4.16E-04,1.14E-04,2.61E-04,1.04E-04,4.96E-05,-1.12E-04,2.21E-04,3.55E-04,2.51E-04,3.99E-04,2.68E-04
51,9.86E-05,1.09E-04,4.79E-04,-6.79E-05,1.97E-04,-1.18E-04,3.11E-04,5.97E-04,5.16E-04,4.05E-04,9.97E-05,2.46E-04,9.33E-05,4.41E-05,-1.20E-04,2.14E-04,3.46E-04,2.44E-04,3.94E-04,2.55E-04
52,7.94E-05,9.72E-05,4.64E-04,-8.38E-05,1.78E-04,-1.31E-04,2.99E-04,5.82E-04,5.05E-04,3.94E-04,8.39E-05,2.29E-04,8.20E-05,3.78E-05,-1.30E-04,2.07E-04,3.34E-04,2.34E-04,3.87E-04,2.40E-04
53,5.88E-05,8.33E-05,4.47E-04,-1.00E-04,1.58E-04,-1.44E-04,2.84E-04,5.64E-04,4.91E-04,3.80E-04,6.68E-05,2.11E-04,7.01E-05,3.07E-05,-1.40E-04,1.99E-04,3.21E-04,2.24E-04,3.78E-04,2.25E-04
54,3.71E-05,6.75E-05,4.27E-04,-1.17E-04,1.37E-04,-1.57E-04,2.67E-04,5.44E-04,4.76E-04,3.66E-04,4.88E-05,1.90E-04,5.73E-05,2.29E-05,-1.50E-04,1.90E-04,3.06E-04,2.12E-04,3.68E-04,2.08E-04
55,1.46E-05,5.01E-05,4.06E-04,-1.34E-04,1.15E-04,-1.70E-04,2.48E-04,5.21E-04,4.58E-04,3.50E-04,3.01E-05,1.69E-04,4.38E-05,1.43E-05,-1.61E-04,1.80E-04,2.89E-04,1.99E-04,3.56E-04,1.91E-04
56,-8.54E-06,3.12E-05,3.83E-04,-1.50E-04,9.26E-05,-1.83E-04,2.27E-04,4.96E-04,4.40E-04,3.34E-04,1.11E-05,1.45E-04,2.97E-05,5.18E-06,-1.73E-04,1.70E-04,2.70E-04,1.84E-04,3.43E-04,1.74E-04
57,-3.19E-05,1.11E-05,3.59E-04,-1.67E-04,6.98E-05,-1.96E-04,2.05E-04,4.69E-04,4.20E-04,3.17E-04,-7.94E-06,1.21E-04,1.51E-05,-4.45E-06,-1.84E-04,1.60E-04,2.49E-04,1.69E-04,3.30E-04,1.56E-04
58,-5.52E-05,-9.81E-06,3.35E-04,-1.83E-04,4.70E-05,-2.08E-04,1.82E-04,4.42E-04,4.00E-04,2.99E-04,-2.65E-05,9.65E-05,3.25E-08,-1.44E-05,-1.96E-04,1.49E-04,2.28E-04,1.53E-04,3.16E-04,1.39E-04
59,-7.83E-05,-3.13E-05,3.09E-04,-1.99E-04,2.45E-05,-2.20E-04,1.58E-04,4.14E-04,3.80E-04,2.82E-04,-4.43E-05,7.12E-05,-1.53E-05,-2.45E-05,-2.07E-04,1.38E-04,2.06E-04,1.37E-04,3.02E-04,1.22E-04
60,-1.01E-04,-5.31E-05,2.84E-04,-2.14E-04,2.66E-06,-2.31E-04,1.33E-04,3.87E-04,3.60E-04,2.64E-04,-6.10E-05,4.57E-05,-3.07E-05,-3.46E-05,-2.18E-04,1.27E-04,1.83E-04,1.20E-04,2.88E-04,1.06E-04
61,-1.22E-04,-7.49E-05,2.58E-04,-2.28E-04,-1.84E-05,-2.40E-04,1.09E-04,3.59E-04,3.41E-04,2.47E-04,-7.64E-05,2.04E-05,-4.60E-05,-4.45E-05,-2.29E-04,1.17E-04,1.60E-04,1.03E-04,2.74E-04,9.12E-05
62,-1.43E-04,-9.64E-05,2.34E-04,-2.41E-04,-3.85E-05,-2.49E-04,8.41E-05,3.33E-04,3.22E-04,2.30E-04,-9.01E-05,-4.45E-06,-6.11E-05,-5.40E-05,-2.39E-04,1.08E-04,1.37E-04,8.71E-05,2.61E-04,7.80E-05
63,-1.63E-04,-1.17E-04,2.10E-04,-2.53E-04,-5.74E-05,-2.56E-04,5.98E-05,3.08E-04,3.04E-04,2.14E-04,-1.02E-04,-2.86E-05,-7.56E-05,-6.31E-05,-2.47E-04,9.86E-05,1.15E-04,7.15E-05,2.49E-04,6.63E-05
64,-1.81E-04,-1.38E-04,1.86E-04,-2.64E-04,-7.51E-05,-2.63E-04,3.60E-05,2.83E-04,2.87E-04,1.99E-04,-1.13E-04,-5.17E-05,-8.96E-05,-7.14E-05,-2.55E-04,9.06E-05,9.36E-05,5.68E-05,2.37E-04,5.63E-05
65,-1.98E-04,-1.58E-04,1.64E-04,-2.73E-04,-9.17E-05,-2.68E-04,1.27E-05,2.60E-04,2.71E-04,1.84E-04,-1.21E-04,-7.38E-05,-1.03E-04,-7.90E-05,-2.62E-04,8.35E-05,7.31E-05,4.32E-05,2.26E-04,4.79E-05
66,-2.14E-04,-1.76E-04,1.43E-04,-2.81E-04,-1.07E-04,-2.73E-04,-9.98E-06,2.37E-04,2.55E-04,1.70E-04,-1.28E-04,-9.45E-05,-1.15E-04,-8.58E-05,-2.67E-04,7.74E-05,5.38E-05,3.07E-05,2.16E-04,4.10E-05
67,-2.28E-04,-1.94E-04,1.22E-04,-2.88E-04,-1.21E-04,-2.76E-04,-3.21E-05,2.16E-04,2.40E-04,1.56E-04,-1.34E-04,-1.14E-04,-1.26E-04,-9.17E-05,-2.72E-04,7.23E-05,3.57E-05,1.94E-05,2.06E-04,3.56E-05
68,-2.42E-04,-2.12E-04,1.02E-04,-2.93E-04,-1.34E-04,-2.79E-04,-5.36E-05,1.94E-04,2.26E-04,1.43E-04,-1.38E-04,-1.32E-04,-1.36E-04,-9.68E-05,-2.76E-04,6.82E-05,1.89E-05,9.40E-06,1.97E-04,3.14E-05
69,-2.54E-04,-2.28E-04,8.29E-05,-2.98E-04,-1.46E-04,-2.82E-04,-7.46E-05,1.73E-04,2.11E-04,1.30E-04,-1.41E-04,-1.48E-04,-1.45E-04,-1.01E-04,-2.79E-04,6.50E-05,3.41E-06,6.35E-07,1.88E-04,2.83E-05
70,-2.65E-04,-2.44E-04,6.43E-05,-3.01E-04,-1.58E-04,-2.84E-04,-9.51E-05,1.52E-04,1.96E-04,1.17E-04,-1.43E-04,-1.63E-04,-1.52E-04,-1.04E-04,-2.82E-04,6.26E-05,-1.08E-05,-6.93E-06,1.79E-04,2.60E-05
71,-2.74E-04,-2.59E-04,4.62E-05,-3.03E-04,-1.68E-04,-2.86E-04,-1.15E-04,1.30E-04,1.81E-04,1.05E-04,-1.45E-04,-1.77E-04,-1.59E-04,-1.07E-04,-2.84E-04,6.08E-05,-2.38E-05,-1.34E-05,1.71E-04,2.42E-05
72,-2.83E-04,-2.73E-04,2.86E-05,-3.04E-04,-1.78E-04,-2.88E-04,-1.35E-04,1.08E-04,1.66E-04,9.30E-05,-1.46E-04,-1.89E-04,-1.64E-04,-1.09E-04,-2.85E-04,5.97E-05,-3.56E-05,-1.88E-05,1.63E-04,2.29E-05
73,-2.91E-04,-2.88E-04,1.14E-05,-3.04E-04,-1.87E-04,-2.90E-04,-1.53E-04,8.61E-05,1.50E-04,8.15E-05,-1.46E-04,-1.99E-04,-1.68E-04,-1.11E-04,-2.87E-04,5.89E-05,-4.64E-05,-2.34E-05,1.55E-04,2.19E-05
74,-2.98E-04,-3.01E-04,-5.35E-06,-3.03E-04,-1.96E-04,-2.93E-04,-1.72E-04,6.38E-05,1.35E-04,7.05E-05,-1.47E-04,-2.09E-04,-1.71E-04,-1.12E-04,-2.88E-04,5.85E-05,-5.62E-05,-2.71E-05,1.47E-04,2.10E-05
75,-3.04E-04,-3.15E-04,-2.15E-05,-3.01E-04,-2.03E-04,-2.95E-04,-1.89E-04,4.14E-05,1.19E-04,6.02E-05,-1.47E-04,-2.17E-04,-1.73E-04,-1.12E-04,-2.89E-04,5.83E-05,-6.51E-05,-3.02E-05,1.39E-04,2.03E-05
76,-3.08E-04,-3.28E-04,-3.70E-05,-2.99E-04,-2.11E-04,-2.97E-04,-2.06E-04,1.93E-05,1.04E-04,5.06E-05,-1.46E-04,-2.24E-04,-1.75E-04,-1.13E-04,-2.91E-04,5.83E-05,-7.31E-05,-3.27E-05,1.32E-04,1.96E-05
77,-3.12E-04,-3.41E-04,-5.16E-05,-2.96E-04,-2.17E-04,-2.99E-04,-2.22E-04,-2.36E-06,8.88E-05,4.20E-05,-1.45E-04,-2.30E-04,-1.76E-04,-1.12E-04,-2.92E-04,5.82E-05,-8.04E-05,-3.47E-05,1.25E-04,1.91E-05
78,-3.15E-04,-3.53E-04,-6.53E-05,-2.92E-04,-2.23E-04,-3.01E-04,-2.37E-04,-2.31E-05,7.48E-05,3.46E-05,-1.44E-04,-2.35E-04,-1.76E-04,-1.12E-04,-2.94E-04,5.81E-05,-8.70E-05,-3.63E-05,1.19E-04,1.87E-05
79,-3.17E-04,-3.65E-04,-7.78E-05,-2.88E-04,-2.28E-04,-3.03E-04,-2.51E-04,-4.26E-05,6.21E-05,2.85E-05,-1.42E-04,-2.39E-04,-1.75E-04,-1.12E-04,-2.96E-04,5.80E-05,-9.28E-05,-3.76E-05,1.14E-04,1.85E-05
80,-3.17E-04,-3.76E-04,-8.90E-05,-2.83E-04,-2.32E-04,-3.05E-04,-2.63E-04,-6.05E-05,5.08E-05,2.39E-05,-1.39E-04,-2.42E-04,-1.75E-04,-1.11E-04,-2.98E-04,5.78E-05,-9.79E-05,-3.87E-05,1.10E-04,1.86E-05
81,-3.17E-04,-3.87E-04,-9.87E-05,-2.78E-04,-2.34E-04,-3.05E-04,-2.74E-04,-7.66E-05,4.12E-05,2.09E-05,-1.36E-04,-2.45E-04,-1.73E-04,-1.10E-04,-3.01E-04,5.75E-05,-1.02E-04,-3.95E-05,1.06E-04,1.90E-05
82,-3.15E-04,-3.97E-04,-1.07E-04,-2.72E-04,-2.36E-04,-3.06E-04,-2.84E-04,-9.05E-05,3.35E-05,1.94E-05,-1.31E-04,-2.46E-04,-1.72E-04,-1.10E-04,-3.03E-04,5.70E-05,-1.06E-04,-4.02E-05,1.03E-04,1.98E-05
83,-3.13E-04,-4.06E-04,-1.13E-04,-2.66E-04,-2.37E-04,-3.05E-04,-2.93E-04,-1.02E-04,2.77E-05,1.95E-05,-1.26E-04,-2.47E-04,-1.71E-04,-1.09E-04,-3.06E-04,5.64E-05,-1.09E-04,-4.08E-05,1.01E-04,2.09E-05
84,-3.10E-04,-4.14E-04,-1.18E-04,-2.60E-04,-2.37E-04,-3.03E-04,-3.00E-04,-1.12E-04,2.38E-05,2.10E-05,-1.20E-04,-2.48E-04,-1.69E-04,-1.08E-04,-3.09E-04,5.57E-05,-1.12E-04,-4.13E-05,1.00E-04,2.24E-05
85,-3.06E-04,-4.21E-04,-1.22E-04,-2.53E-04,-2.36E-04,-3.01E-04,-3.06E-04,-1.19E-04,2.16E-05,2.38E-05,-1.13E-04,-2.47E-04,-1.67E-04,-1.07E-04,-3.12E-04,5.49E-05,-1.13E-04,-4.17E-05,9.93E-05,2.41E-05
86,-3.02E-04,-4.27E-04,-1.24E-04,-2.47E-04,-2.34E-04,-2.97E-04,-3.11E-04,-1.24E-04,2.10E-05,2.76E-05,-1.05E-04,-2.46E-04,-1.66E-04,-1.05E-04,-3.15E-04,5.39E-05,-1.15E-04,-4.21E-05,9.88E-05,2.59E-05
87,-2.97E-04,-4.32E-04,-1.25E-04,-2.41E-04,-2.31E-04,-2.92E-04,-3.15E-04,-1.27E-04,2.16E-05,3.20E-05,-9.62E-05,-2.45E-04,-1.64E-04,-1.04E-04,-3.19E-04,5.27E-05,-1.15E-04,-4.25E-05,9.83E-05,2.77E-05
88,-2.93E-04,-4.36E-04,-1.25E-04,-2.34E-04,-2.28E-04,-2.87E-04,-3.18E-04,-1.29E-04,2.30E-05,3.68E-05,-8.73E-05,-2.43E-04,-1.62E-04,-1.03E-04,-3.23E-04,5.12E-05,-1.15E-04,-4.30E-05,9.76E-05,2.94E-05
89,-2.88E-04,-4.39E-04,-1.24E-04,-2.29E-04,-2.24E-04,-2.81E-04,-3.21E-04,-1.30E-04,2.49E-05,4.16E-05,-7.84E-05,-2.41E-04,-1.60E-04,-1.03E-04,-3.27E-04,4.95E-05,-1.15E-04,-4.36E-05,9.64E-05,3.07E-05
90,-2.83E-04,-4.41E-04,-1.23E-04,-2.23E-04,-2.19E-04,-2.75E-04,-3.24E-04,-1.30E-04,2.69E-05,4.59E-05,-6.96E-05,-2.39E-04,-1.59E-04,-1.02E-04,-3.32E-04,4.74E-05,-1.14E-04,-4.43E-05,9.44E-05,3.14E-05
91,-2.79E-04,-4.42E-04,-1.21E-04,-2.19E-04,-2.15E-04,-2.68E-04,-3.27E-04,-1.30E-04,2.84E-05,4.94E-05,-6.12E-05,-2.36E-04,-1.57E-04,-1.01E-04,-3.37E-04,4.50E-05,-1.12E-04,-4.51E-05,9.15E-05,3.15E-05
92,-2.76E-04,-4.43E-04,-1.20E-04,-2.15E-04,-2.11E-04,-2.62E-04,-3.30E-04,-1.30E-04,2.92E-05,5.18E-05,-5.36E-05,-2.33E-04,-1.56E-04,-1.01E-04,-3.43E-04,4.21E-05,-1.11E-04,-4.61E-05,8.75E-05,3.08E-05
93,-2.73E-04,-4.42E-04,-1.19E-04,-2.12E-04,-2.07E-04,-2.55E-04,-3.33E-04,-1.31E-04,2.89E-05,5.27E-05,-4.69E-05,-2.30E-04,-1.55E-04,-1.01E-04,-3.48E-04,3.86E-05,-1.09E-04,-4.73E-05,8.23E-05,2.90E-05
94,-2.72E-04,-4.41E-04,-1.18E-04,-2.09E-04,-2.03E-04,-2.50E-04,-3.37E-04,-1.33E-04,2.74E-05,5.20E-05,-4.13E-05,-2.27E-04,-1.54E-04,-1.01E-04,-3.54E-04,3.47E-05,-1.07E-04,-4.87E-05,7.57E-05,2.63E-05
95,-2.71E-04,-4.40E-04,-1.18E-04,-2.08E-04,-2.00E-04,-2.45E-04,-3.41E-04,-1.35E-04,2.43E-05,4.94E-05,-3.70E-05,-2.23E-04,-1.53E-04,-1.02E-04,-3.60E-04,3.01E-05,-1.05E-04,-5.04E-05,6.80E-05,2.25E-05
96,-2.71E-04,-4.38E-04,-1.19E-04,-2.07E-04,-1.97E-04,-2.41E-04,-3.46E-04,-1.39E-04,1.97E-05,4.49E-05,-3.41E-05,-2.20E-04,-1.52E-04,-1.03E-04,-3.67E-04,2.48E-05,-1.03E-04,-5.22E-05,5.91E-05,1.77E-05
97,-2.73E-04,-4.36E-04,-1.21E-04,-2.07E-04,-1.95E-04,-2.39E-04,-3.51E-04,-1.43E-04,1.36E-05,3.85E-05,-3.26E-05,-2.16E-04,-1.52E-04,-1.05E-04,-3.73E-04,1.90E-05,-1.01E-04,-5.44E-05,4.92E-05,1.18E-05
98,-2.75E-04,-4.34E-04,-1.24E-04,-2.08E-04,-1.94E-04,-2.37E-04,-3.57E-04,-1.49E-04,6.12E-06,3.03E-05,-3.25E-05,-2.13E-04,-1.51E-04,-1.07E-04,-3.80E-04,1.24E-05,-9.90E-05,-5.67E-05,3.85E-05,4.98E-06
99,-2.78E-04,-4.32E-04,-1.27E-04,-2.09E-04,-1.94E-04,-2.38E-04,-3.64E-04,-1.56E-04,-2.65E-06,2.04E-05,-3.37E-05,-2.09E-04,-1.51E-04,-1.09E-04,-3.86E-04,5.17E-06,-9.73E-05,-5.94E-05,2.71E-05,-2.66E-06
100,-2.82E-04,-4.30E-04,-1.32E-04,-2.11E-04,-1.94E-04,-2.40E-04,-3.70E-04,-1.65E-04,-1.25E-05,8.90E-06,-3.60E-05,-2.06E-04,-1.52E-04,-1.12E-04,-3.92E-04,-2.68E-06,-9.60E-05,-6.23E-05,1.54E-05,-1.10E-05
101,-2.87E-04,-4.29E-04,-1.37E-04,-2.13E-04,-1.95E-04,-2.43E-04,-3.77E-04,-1.74E-04,-2.31E-05,-3.81E-06,-3.94E-05,-2.03E-04,-1.53E-04,-1.15E-04,-3.97E-04,-1.11E-05,-9.50E-05,-6.55E-05,3.55E-06,-2.00E-05
102,-2.93E-04,-4.28E-04,-1.43E-04,-2.16E-04,-1.98E-04,-2.48E-04,-3.84E-04,-1.83E-04,-3.42E-05,-1.75E-05,-4.36E-05,-2.01E-04,-1.54E-04,-1.19E-04,-4.03E-04,-2.01E-05,-9.44E-05,-6.90E-05,-8.22E-06,-2.94E-05
103,-2.99E-04,-4.27E-04,-1.50E-04,-2.19E-04,-2.00E-04,-2.54E-04,-3.92E-04,-1.93E-04,-4.56E-05,-3.20E-05,-4.84E-05,-1.99E-04,-1.56E-04,-1.23E-04,-4.07E-04,-2.95E-05,-9.44E-05,-7.28E-05,-1.97E-05,-3.92E-05
104,-3.06E-04,-4.28E-04,-1.57E-04,-2.23E-04,-2.04E-04,-2.62E-04,-3.99E-04,-2.04E-04,-5.71E-05,-4.69E-05,-5.37E-05,-1.97E-04,-1.58E-04,-1.27E-04,-4.11E-04,-3.92E-05,-9.49E-05,-7.70E-05,-3.07E-05,-4.92E-05
105,-3.12E-04,-4.28E-04,-1.64E-04,-2.26E-04,-2.08E-04,-2.70E-04,-4.06E-04,-2.15E-04,-6.84E-05,-6.19E-05,-5.93E-05,-1.97E-04,-1.60E-04,-1.31E-04,-4.15E-04,-4.92E-05,-9.61E-05,-8.16E-05,-4.12E-05,-5.94E-05
106,-3.19E-04,-4.30E-04,-1.72E-04,-2.30E-04,-2.12E-04,-2.79E-04,-4.14E-04,-2.25E-04,-7.94E-05,-7.69E-05,-6.51E-05,-1.97E-04,-1.63E-04,-1.36E-04,-4.17E-04,-5.94E-05,-9.80E-05,-8.66E-05,-5.11E-05,-6.97E-05
107,-3.27E-04,-4.32E-04,-1.79E-04,-2.33E-04,-2.17E-04,-2.89E-04,-4.21E-04,-2.36E-04,-9.00E-05,-9.16E-05,-7.10E-05,-1.97E-04,-1.66E-04,-1.40E-04,-4.20E-04,-6.95E-05,-1.01E-04,-9.20E-05,-6.02E-05,-8.00E-05
108,-3.34E-04,-4.35E-04,-1.87E-04,-2.37E-04,-2.22E-04,-2.98E-04,-4.28E-04,-2.46E-04,-1.00E-04,-1.06E-04,-7.68E-05,-1.99E-04,-1.70E-04,-1.45E-04,-4.21E-04,-7.96E-05,-1.04E-04,-9.79E-05,-6.87E-05,-9.03E-05
109,-3.41E-04,-4.38E-04,-1.95E-04,-2.41E-04,-2.27E-04,-3.08E-04,-4.35E-04,-2.57E-04,-1.10E-04,-1.19E-04,-8.26E-05,-2.02E-04,-1.74E-04,-1.50E-04,-4.22E-04,-8.94E-05,-1.08E-04,-1.04E-04,-7.65E-05,-1.01E-04
110,-3.49E-04,-4.43E-04,-2.03E-04,-2.45E-04,-2.33E-04,-3.17E-04,-4.43E-04,-2.67E-04,-1.19E-04,-1.32E-04,-8.83E-05,-2.05E-04,-1.78E-04,-1.54E-04,-4.23E-04,-9.88E-05,-1.13E-04,-1.11E-04,-8.37E-05,-1.11E-04
111,-3.56E-04,-4.47E-04,-2.11E-04,-2.48E-04,-2.38E-04,-3.26E-04,-4.50E-04,-2.77E-04,-1.28E-04,-1.44E-04,-9.39E-05,-2.09E-04,-1.83E-04,-1.59E-04,-4.23E-04,-1.08E-04,-1.19E-04,-1.18E-04,-9.03E-05,-1.21E-04
112,-3.63E-04,-4.53E-04,-2.19E-04,-2.52E-04,-2.43E-04,-3.33E-04,-4.57E-04,-2.87E-04,-1.36E-04,-1.55E-04,-9.93E-05,-2.14E-04,-1.87E-04,-1.63E-04,-4.23E-04,-1.16E-04,-1.25E-04,-1.25E-04,-9.63E-05,-1.31E-04
113,-3.70E-04,-4.58E-04,-2.27E-04,-2.56E-04,-2.48E-04,-3.40E-04,-4.64E-04,-2.97E-04,-1.44E-04,-1.65E-04,-1.05E-04,-2.19E-04,-1.92E-04,-1.67E-04,-4.22E-04,-1.24E-04,-1.32E-04,-1.33E-04,-1.02E-04,-1.40E-04
114,-3.77E-04,-4.64E-04,-2.35E-04,-2.60E-04,-2.52E-04,-3.46E-04,-4.72E-04,-3.06E-04,-1.52E-04,-1.74E-04,-1.10E-04,-2.24E-04,-1.97E-04,-1.70E-04,-4.21E-04,-1.30E-04,-1.39E-04,-1.40E-04,-1.07E-04,-1.49E-04
115,-3.84E-04,-4.69E-04,-2.42E-04,-2.63E-04,-2.55E-04,-3.50E-04,-4.79E-04,-3.15E-04,-1.59E-04,-1.82E-04,-1.15E-04,-2.30E-04,-2.01E-04,-1.73E-04,-4.20E-04,-1.36E-04,-1.46E-04,-1.48E-04,-1.11E-04,-1.58E-04
116,-3.90E-04,-4.75E-04,-2.49E-04,-2.67E-04,-2.58E-04,-3.53E-04,-4.85E-04,-3.23E-04,-1.66E-04,-1.89E-04,-1.20E-04,-2.35E-04,-2.06E-04,-1.76E-04,-4.18E-04,-1.40E-04,-1.54E-04,-1.55E-04,-1.15E-04,-1.66E-04
117,-3.96E-04,-4.80E-04,-2.56E-04,-2.70E-04,-2.60E-04,-3.54E-04,-4.92E-04,-3.31E-04,-1.72E-04,-1.95E-04,-1.24E-04,-2.40E-04,-2.09E-04,-1.78E-04,-4.16E-04,-1.44E-04,-1.61E-04,-1.62E-04,-1.18E-04,-1.73E-04
118,-4.01E-04,-4.85E-04,-2.62E-04,-2.72E-04,-2.61E-04,-3.54E-04,-4.97E-04,-3.37E-04,-1.77E-04,-1.99E-04,-1.28E-04,-2.44E-04,-2.12E-04,-1.80E-04,-4.13E-04,-1.46E-04,-1.67E-04,-1.68E-04,-1.20E-04,-1.80E-04
119,-4.06E-04,-4.88E-04,-2.67E-04,-2.74E-04,-2.61E-04,-3.53E-04,-5.02E-04,-3.43E-04,-1.82E-04,-2.02E-04,-1.31E-04,-2.48E-04,-2.14E-04,-1.81E-04,-4.09E-04,-1.47E-04,-1.73E-04,-1.73E-04,-1.21E-04,-1.85E-04
120,-4.10E-04,-4.91E-04,-2.71E-04,-2.75E-04,-2.60E-04,-3.50E-04,-5.06E-04,-3.47E-04,-1.86E-04,-2.04E-04,-1.33E-04,-2.50E-04,-2.15E-04,-1.82E-04,-4.05E-04,-1.46E-04,-1.78E-04,-1.78E-04,-1.21E-04,-1.88E-04
121,-4.13E-04,-4.92E-04,-2.74E-04,-2.76E-04,-2.58E-04,-3.46E-04,-5.09E-04,-3.49E-04,-1.88E-04,-2.05E-04,-1.34E-04,-2.51E-04,-2.15E-04,-1.81E-04,-4.00E-04,-1.44E-04,-1.82E-04,-1.81E-04,-1.19E-04,-1.90E-04
122,-4.15E-04,-4.92E-04,-2.75E-04,-2.75E-04,-2.54E-04,-3.41E-04,-5.10E-04,-3.50E-04,-1.90E-04,-2.04E-04,-1.34E-04,-2.50E-04,-2.14E-04,-1.81E-04,-3.94E-04,-1.41E-04,-1.84E-04,-1.83E-04,-1.16E-04,-1.91E-04
123,-4.15E-04,-4.91E-04,-2.75E-04,-2.73E-04,-2.49E-04,-3.34E-04,-5.09E-04,-3.49E-04,-1.89E-04,-2.02E-04,-1.32E-04,-2.48E-04,-2.12E-04,-1.79E-04,-3.87E-04,-1.37E-04,-1.85E-04,-1.84E-04,-1.11E-04,-1.89E-04
124,-4.15E-04,-4.87E-04,-2.73E-04,-2.70E-04,-2.42E-04,-3.27E-04,-5.07E-04,-3.45E-04,-1.88E-04,-1.98E-04,-1.29E-04,-2.44E-04,-2.08E-04,-1.76E-04,-3.79E-04,-1.31E-04,-1.85E-04,-1.83E-04,-1.05E-04,-1.86E-04
125,-4.13E-04,-4.82E-04,-2.70E-04,-2.66E-04,-2.35E-04,-3.18E-04,-5.03E-04,-3.39E-04,-1.84E-04,-1.92E-04,-1.24E-04,-2.38E-04,-2.02E-04,-1.73E-04,-3.70E-04,-1.24E-04,-1.82E-04,-1.81E-04,-9.67E-05,-1.80E-04
126,-4.09E-04,-4.76E-04,-2.64E-04,-2.61E-04,-2.26E-04,-3.09E-04,-4.97E-04,-3.32E-04,-1.79E-04,-1.85E-04,-1.17E-04,-2.31E-04,-1.96E-04,-1.69E-04,-3.60E-04,-1.15E-04,-1.79E-04,-1.77E-04,-8.68E-05,-1.73E-04
127,-4.04E-04,-4.67E-04,-2.56E-04,-2.54E-04,-2.16E-04,-2.99E-04,-4.89E-04,-3.22E-04,-1.72E-04,-1.77E-04,-1.08E-04,-2.22E-04,-1.87E-04,-1.63E-04,-3.49E-04,-1.06E-04,-1.73E-04,-1.72E-04,-7.51E-05,-1.64E-04
128,-3.97E-04,-4.57E-04,-2.47E-04,-2.45E-04,-2.06E-04,-2.88E-04,-4.79E-04,-3.10E-04,-1.64E-04,-1.67E-04,-9.71E-05,-2.12E-04,-1.78E-04,-1.57E-04,-3.36E-04,-9.52E-05,-1.66E-04,-1.66E-04,-6.20E-05,-1.53E-04
129,-3.89E-04,-4.45E-04,-2.35E-04,-2.36E-04,-1.94E-04,-2.77E-04,-4.67E-04,-2.96E-04,-1.55E-04,-1.56E-04,-8.48E-05,-2.00E-04,-1.67E-04,-1.51E-04,-3.23E-04,-8.38E-05,-1.57E-04,-1.58E-04,-4.74E-05,-1.41E-04
130,-3.79E-04,-4.31E-04,-2.22E-04,-2.25E-04,-1.82E-04,-2.65E-04,-4.54E-04,-2.81E-04,-1.44E-04,-1.44E-04,-7.10E-05,-1.87E-04,-1.55E-04,-1.43E-04,-3.10E-04,-7.17E-05,-1.47E-04,-1.49E-04,-3.16E-05,-1.28E-04
131,-3.68E-04,-4.16E-04,-2.07E-04,-2.14E-04,-1.69E-04,-2.53E-04,-4.39E-04,-2.64E-04,-1.32E-04,-1.31E-04,-5.59E-05,-1.73E-04,-1.42E-04,-1.34E-04,-2.95E-04,-5.89E-05,-1.36E-04,-1.38E-04,-1.50E-05,-1.13E-04
132,-3.55E-04,-4.00E-04,-1.90E-04,-2.01E-04,-1.57E-04,-2.40E-04,-4.22E-04,-2.46E-04,-1.19E-04,-1.18E-04,-3.99E-05,-1.58E-04,-1.28E-04,-1.25E-04,-2.81E-04,-4.56E-05,-1.24E-04,-1.27E-04,2.36E-06,-9.76E-05
133,-3.42E-04,-3.83E-04,-1.72E-04,-1.88E-04,-1.43E-04,-2.27E-04,-4.05E-04,-2.27E-04,-1.06E-04,-1.03E-04,-2.32E-05,-1.43E-04,-1.13E-04,-1.15E-04,-2.66E-04,-3.19E-05,-1.10E-04,-1.15E-04,2.01E-05,-8.17E-05
134,-3.27E-04,-3.64E-04,-1.53E-04,-1.74E-04,-1.30E-04,-2.13E-04,-3.86E-04,-2.07E-04,-9.28E-05,-8.81E-05,-6.20E-06,-1.27E-04,-9.76E-05,-1.04E-04,-2.51E-04,-1.80E-05,-9.63E-05,-1.03E-04,3.79E-05,-6.55E-05
135,-3.12E-04,-3.45E-04,-1.33E-04,-1.60E-04,-1.17E-04,-2.00E-04,-3.67E-04,-1.87E-04,-7.94E-05,-7.30E-05,1.09E-05,-1.10E-04,-8.20E-05,-9.24E-05,-2.36E-04,-4.02E-06,-8.16E-05,-9.00E-05,5.55E-05,-4.93E-05
136,-2.96E-04,-3.24E-04,-1.13E-04,-1.46E-04,-1.04E-04,-1.86E-04,-3.47E-04,-1.67E-04,-6.61E-05,-5.77E-05,2.78E-05,-9.31E-05,-6.61E-05,-8.04E-05,-2.21E-04,9.95E-06,-6.65E-05,-7.68E-05,7.27E-05,-3.32E-05
137,-2.79E-04,-3.04E-04,-9.21E-05,-1.31E-04,-9.18E-05,-1.73E-04,-3.27E-04,-1.47E-04,-5.31E-05,-4.24E-05,4.43E-05,-7.61E-05,-5.02E-05,-6.79E-05,-2.07E-04,2.38E-05,-5.10E-05,-6.35E-05,8.94E-05,-1.75E-05
138,-2.62E-04,-2.82E-04,-7.10E-05,-1.17E-04,-7.94E-05,-1.59E-04,-3.07E-04,-1.27E-04,-4.04E-05,-2.74E-05,6.03E-05,-5.89E-05,-3.43E-05,-5.49E-05,-1.93E-04,3.74E-05,-3.52E-05,-5.01E-05,1.05E-04,-2.27E-06
139,-2.44E-04,-2.61E-04,-5.00E-05,-1.03E-04,-6.75E-05,-1.46E-04,-2.87E-04,-1.07E-04,-2.82E-05,-1.26E-05,7.56E-05,-4.17E-05,-1.84E-05,-4.17E-05,-1.80E-04,5.06E-05,-1.92E-05,-3.68E-05,1.20E-04,1.24E-05
140,-2.27E-04,-2.39E-04,-2.90E-05,-8.85E-05,-5.58E-05,-1.34E-04,-2.66E-04,-8.72E-05,-1.65E-05,1.86E-06,9.04E-05,-2.44E-05,-2.59E-06,-2.81E-05,-1.67E-04,6.34E-05,-3.08E-06,-2.36E-05,1.34E-04,2.64E-05
141,-2.09E-04,-2.17E-04,-8.29E-06,-7.47E-05,-4.45E-05,-1.21E-04,-2.46E-04,-6.75E-05,-5.13E-06,1.59E-05,1.05E-04,-7.20E-06,1.31E-05,-1.44E-05,-1.55E-04,7.57E-05,1.32E-05,-1.06E-05,1.47E-04,3.98E-05
142,-1.91E-04,-1.94E-04,1.21E-05,-6.11E-05,-3.35E-05,-1.09E-04,-2.25E-04,-4.80E-05,5.83E-06,2.94E-05,1.18E-04,1.01E-05,2.86E-05,-5.08E-07,-1.43E-04,8.74E-05,2.97E-05,2.20E-06,1.59E-04,5.25E-05
143,-1.72E-04,-1.71E-04,3.21E-05,-4.77E-05,-2.29E-05,-9.83E-05,-2.04E-04,-2.84E-05,1.65E-05,4.24E-05,1.32E-04,2.73E-05,4.41E-05,1.34E-05,-1.32E-04,9.85E-05,4.63E-05,1.48E-05,1.70E-04,6.46E-05
144,-1.54E-04,-1.48E-04,5.18E-05,-3.45E-05,-1.25E-05,-8.77E-05,-1.83E-04,-8.89E-06,2.70E-05,5.49E-05,1.45E-04,4.46E-05,5.94E-05,2.72E-05,-1.22E-04,1.09E-04,6.30E-05,2.72E-05,1.79E-04,7.61E-05
145,-1.35E-04,-1.25E-04,7.10E-05,-2.16E-05,-2.46E-06,-7.79E-05,-1.63E-04,1.07E-05,3.73E-05,6.69E-05,1.58E-04,6.18E-05,7.48E-05,4.09E-05,-1.12E-04,1.18E-04,8.00E-05,3.93E-05,1.88E-04,8.71E-05
146,-1.16E-04,-1.02E-04,8.97E-05,-8.79E-06,7.33E-06,-6.88E-05,-1.42E-04,3.03E-05,4.75E-05,7.83E-05,1.71E-04,7.91E-05,9.01E-05,5.45E-05,-1.02E-04,1.27E-04,9.71E-05,5.11E-05,1.96E-04,9.76E-05
147,-9.65E-05,-7.86E-05,1.08E-04,3.84E-06,1.68E-05,-6.05E-05,-1.20E-04,4.99E-05,5.76E-05,8.91E-05,1.85E-04,9.63E-05,1.05E-04,6.77E-05,-9.20E-05,1.35E-04,1.14E-04,6.27E-05,2.02E-04,1.08E-04
148,-7.71E-05,-5.50E-05,1.26E-04,1.63E-05,2.60E-05,-5.29E-05,-9.91E-05,6.94E-05,6.77E-05,9.92E-05,2.00E-04,1.13E-04,1.21E-04,8.06E-05,-8.26E-05,1.42E-04,1.32E-04,7.40E-05,2.08E-04,1.17E-04
149,-5.75E-05,-3.14E-05,1.43E-04,2.87E-05,3.48E-05,-4.62E-05,-7.79E-05,8.88E-05,7.75E-05,1.09E-04,2.15E-04,1.30E-04,1.36E-04,9.31E-05,-7.33E-05,1.49E-04,1.49E-04,8.50E-05,2.12E-04,1.27E-04
150,-3.79E-05,-7.71E-06,1.60E-04,4.08E-05,4.32E-05,-4.02E-05,-5.67E-05,1.08E-04,8.71E-05,1.17E-04,2.30E-04,1.47E-04,1.51E-04,1.05E-04,-6.42E-05,1.54E-04,1.67E-04,9.56E-05,2.16E-04,1.36E-04
151,-1.83E-05,1.58E-05,1.76E-04,5.28E-05,5.11E-05,-3.49E-05,-3.58E-05,1.26E-04,9.63E-05,1.25E-04,2.46E-04,1.63E-04,1.66E-04,1.16E-04,-5.54E-05,1.58E-04,1.84E-04,1.06E-04,2.18E-04,1.44E-04
152,1.03E-06,3.92E-05,1.91E-04,6.44E-05,5.85E-05,-3.04E-05,-1.51E-05,1.44E-04,1.05E-04,1.32E-04,2.63E-04,1.79E-04,1.81E-04,1.27E-04,-4.68E-05,1.61E-04,2.01E-04,1.15E-04,2.19E-04,1.52E-04
153,2.00E-05,6.21E-05,2.05E-04,7.57E-05,6.52E-05,-2.66E-05,5.01E-06,1.61E-04,1.13E-04,1.38E-04,2.79E-04,1.94E-04,1.95E-04,1.37E-04,-3.87E-05,1.63E-04,2.18E-04,1.24E-04,2.19E-04,1.59E-04
154,3.85E-05,8.46E-05,2.18E-04,8.65E-05,7.12E-05,-2.36E-05,2.45E-05,1.76E-04,1.20E-04,1.42E-04,2.95E-04,2.09E-04,2.08E-04,1.46E-04,-3.09E-05,1.64E-04,2.34E-04,1.33E-04,2.17E-04,1.65E-04
155,5.61E-05,1.06E-04,2.30E-04,9.68E-05,7.65E-05,-2.13E-05,4.30E-05,1.91E-04,1.26E-04,1.46E-04,3.11E-04,2.23E-04,2.21E-04,1.54E-04,-2.38E-05,1.64E-04,2.50E-04,1.40E-04,2.15E-04,1.71E-04
156,7.29E-05,1.27E-04,2.41E-04,1.06E-04,8.09E-05,-1.96E-05,6.06E-05,2.03E-04,1.31E-04,1.48E-04,3.26E-04,2.36E-04,2.33E-04,1.62E-04,-1.74E-05,1.63E-04,2.65E-04,1.47E-04,2.11E-04,1.76E-04
157,8.84E-05,1.47E-04,2.50E-04,1.15E-04,8.45E-05,-1.87E-05,7.70E-05,2.14E-04,1.34E-04,1.49E-04,3.41E-04,2.48E-04,2.43E-04,1.68E-04,-1.17E-05,1.61E-04,2.80E-04,1.53E-04,2.06E-04,1.79E-04
158,1.03E-04,1.66E-04,2.58E-04,1.23E-04,8.72E-05,-1.84E-05,9.22E-05,2.24E-04,1.36E-04,1.49E-04,3.53E-04,2.59E-04,2.53E-04,1.74E-04,-6.95E-06,1.58E-04,2.93E-04,1.58E-04,1.99E-04,1.82E-04
159,1.16E-04,1.84E-04,2.64E-04,1.30E-04,8.91E-05,-1.88E-05,1.06E-04,2.31E-04,1.37E-04,1.47E-04,3.65E-04,2.68E-04,2.61E-04,1.78E-04,-3.12E-06,1.54E-04,3.05E-04,1.61E-04,1.92E-04,1.84E-04
160,1.27E-04,2.00E-04,2.69E-04,1.36E-04,9.02E-05,-1.98E-05,1.18E-04,2.37E-04,1.37E-04,1.44E-04,3.75E-04,2.77E-04,2.67E-04,1.82E-04,-2.58E-07,1.50E-04,3.16E-04,1.64E-04,1.84E-04,1.84E-04
161,1.37E-04,2.15E-04,2.72E-04,1.41E-04,9.06E-05,-2.14E-05,1.29E-04,2.42E-04,1.35E-04,1.41E-04,3.83E-04,2.85E-04,2.73E-04,1.85E-04,1.63E-06,1.45E-04,3.27E-04,1.66E-04,1.75E-04,1.83E-04
162,1.45E-04,2.29E-04,2.74E-04,1.46E-04,9.05E-05,-2.36E-05,1.39E-04,2.45E-04,1.33E-04,1.36E-04,3.90E-04,2.91E-04,2.76E-04,1.87E-04,2.59E-06,1.39E-04,3.36E-04,1.67E-04,1.65E-04,1.82E-04
163,1.52E-04,2.41E-04,2.75E-04,1.49E-04,8.98E-05,-2.63E-05,1.48E-04,2.47E-04,1.30E-04,1.31E-04,3.95E-04,2.97E-04,2.79E-04,1.88E-04,2.71E-06,1.34E-04,3.44E-04,1.67E-04,1.56E-04,1.79E-04
164,1.58E-04,2.52E-04,2.74E-04,1.52E-04,8.89E-05,-2.94E-05,1.55E-04,2.48E-04,1.26E-04,1.26E-04,3.98E-04,3.01E-04,2.81E-04,1.89E-04,2.07E-06,1.28E-04,3.51E-04,1.66E-04,1.46E-04,1.76E-04
165,1.62E-04,2.62E-04,2.73E-04,1.55E-04,8.77E-05,-3.29E-05,1.62E-04,2.48E-04,1.23E-04,1.20E-04,4.00E-04,3.05E-04,2.81E-04,1.89E-04,8.29E-07,1.23E-04,3.57E-04,1.65E-04,1.37E-04,1.72E-04
166,1.66E-04,2.71E-04,2.71E-04,1.57E-04,8.66E-05,-3.66E-05,1.68E-04,2.49E-04,1.20E-04,1.15E-04,4.02E-04,3.08E-04,2.81E-04,1.88E-04,-8.60E-07,1.19E-04,3.62E-04,1.63E-04,1.28E-04,1.68E-04
167,1.69E-04,2.78E-04,2.69E-04,1.59E-04,8.56E-05,-4.05E-05,1.74E-04,2.49E-04,1.17E-04,1.10E-04,4.02E-04,3.11E-04,2.80E-04,1.88E-04,-2.83E-06,1.15E-04,3.67E-04,1.61E-04,1.20E-04,1.63E-04
168,1.71E-04,2.85E-04,2.66E-04,1.61E-04,8.49E-05,-4.44E-05,1.79E-04,2.50E-04,1.15E-04,1.05E-04,4.03E-04,3.12E-04,2.78E-04,1.87E-04,-4.91E-06,1.12E-04,3.71E-04,1.59E-04,1.13E-04,1.58E-04
169,1.74E-04,2.92E-04,2.64E-04,1.63E-04,8.46E-05,-4.81E-05,1.84E-04,2.51E-04,1.14E-04,1.01E-04,4.03E-04,3.14E-04,2.77E-04,1.86E-04,-6.93E-06,1.11E-04,3.74E-04,1.56E-04,1.07E-04,1.53E-04
170,1.76E-04,2.97E-04,2.62E-04,1.66E-04,8.48E-05,-5.15E-05,1.89E-04,2.52E-04,1.13E-04,9.76E-05,4.03E-04,3.15E-04,2.75E-04,1.84E-04,-8.73E-06,1.11E-04,3.77E-04,1.54E-04,1.02E-04,1.49E-04
171,1.79E-04,3.02E-04,2.60E-04,1.69E-04,8.56E-05,-5.44E-05,1.94E-04,2.54E-04,1.14E-04,9.52E-05,4.04E-04,3.16E-04,2.74E-04,1.83E-04,-1.02E-05,1.12E-04,3.80E-04,1.52E-04,9.87E-05,1.45E-04
172,1.83E-04,3.07E-04,2.59E-04,1.73E-04,8.71E-05,-5.67E-05,2.00E-04,2.57E-04,1.16E-04,9.38E-05,4.05E-04,3.17E-04,2.73E-04,1.82E-04,-1.12E-05,1.15E-04,3.83E-04,1.50E-04,9.66E-05,1.41E-04
173,1.86E-04,3.11E-04,2.58E-04,1.78E-04,8.92E-05,-5.82E-05,2.05E-04,2.60E-04,1.18E-04,9.34E-05,4.07E-04,3.17E-04,2.72E-04,1.81E-04,-1.17E-05,1.19E-04,3.85E-04,1.49E-04,9.59E-05,1.38E-04
174,1.91E-04,3.15E-04,2.58E-04,1.84E-04,9.20E-05,-5.88E-05,2.11E-04,2.64E-04,1.22E-04,9.39E-05,4.09E-04,3.18E-04,2.71E-04,1.81E-04,-1.16E-05,1.25E-04,3.87E-04,1.48E-04,9.66E-05,1.36E-04
175,1.96E-04,3.19E-04,2.59E-04,1.90E-04,9.55E-05,-5.83E-05,2.17E-04,2.68E-04,1.26E-04,9.53E-05,4.12E-04,3.19E-04,2.71E-04,1.80E-04,-1.10E-05,1.32E-04,3.89E-04,1.47E-04,9.85E-05,1.35E-04
176,2.02E-04,3.22E-04,2.60E-04,1.97E-04,9.95E-05,-5.67E-05,2.23E-04,2.72E-04,1.30E-04,9.75E-05,4.15E-04,3.19E-04,2.72E-04,1.80E-04,-9.77E-06,1.40E-04,3.91E-04,1.47E-04,1.02E-04,1.35E-04
177,2.09E-04,3.26E-04,2.62E-04,2.05E-04,1.04E-04,-5.39E-05,2.30E-04,2.76E-04,1.34E-04,1.00E-04,4.19E-04,3.20E-04,2.72E-04,1.79E-04,-8.03E-06,1.50E-04,3.94E-04,1.48E-04,1.06E-04,1.36E-04
178,2.16E-04,3.29E-04,2.63E-04,2.13E-04,1.09E-04,-4.98E-05,2.36E-04,2.79E-04,1.39E-04,1.04E-04,4.22E-04,3.22E-04,2.73E-04,1.79E-04,-5.79E-06,1.61E-04,3.96E-04,1.50E-04,1.11E-04,1.39E-04
179,2.24E-04,3.32E-04,2.65E-04,2.22E-04,1.15E-04,-4.44E-05,2.42E-04,2.83E-04,1.43E-04,1.08E-04,4.26E-04,3.23E-04,2.75E-04,1.79E-04,-3.12E-06,1.73E-04,3.98E-04,1.52E-04,1.17E-04,1.42E-04
180,2.32E-04,3.35E-04,2.68E-04,2.32E-04,1.21E-04,-3.76E-05,2.48E-04,2.86E-04,1.47E-04,1.12E-04,4.29E-04,3.25E-04,2.77E-04,1.79E-04,-4.35E-08,1.85E-04,4.01E-04,1.55E-04,1.24E-04,1.47E-04
181,2.40E-04,3.38E-04,2.70E-04,2.42E-04,1.27E-04,-2.96E-05,2.53E-04,2.89E-04,1.51E-04,1.17E-04,4.31E-04,3.27E-04,2.79E-04,1.78E-04,3.38E-06,1.98E-04,4.04E-04,1.59E-04,1.32E-04,1.53E-04
182,2.48E-04,3.41E-04,2.72E-04,2.52E-04,1.34E-04,-2.02E-05,2.59E-04,2.91E-04,1.54E-04,1.22E-04,4.34E-04,3.30E-04,2.81E-04,1.78E-04,7.15E-06,2.12E-04,4.07E-04,1.63E-04,1.41E-04,1.60E-04
183,2.57E-04,3.44E-04,2.73E-04,2.62E-04,1.41E-04,-9.68E-06,2.64E-04,2.93E-04,1.57E-04,1.27E-04,4.35E-04,3.33E-04,2.83E-04,1.78E-04,1.12E-05,2.25E-04,4.10E-04,1.68E-04,1.50E-04,1.68E-04
184,2.65E-04,3.47E-04,2.75E-04,2.72E-04,1.48E-04,2.03E-06,2.69E-04,2.95E-04,1.60E-04,1.33E-04,4.36E-04,3.37E-04,2.86E-04,1.78E-04,1.57E-05,2.39E-04,4.14E-04,1.74E-04,1.60E-04,1.77E-04
185,2.74E-04,3.51E-04,2.77E-04,2.82E-04,1.56E-04,1.48E-05,2.75E-04,2.97E-04,1.63E-04,1.39E-04,4.37E-04,3.41E-04,2.89E-04,1.78E-04,2.05E-05,2.53E-04,4.18E-04,1.81E-04,1.71E-04,1.88E-04
186,2.82E-04,3.55E-04,2.79E-04,2.93E-04,1.64E-04,2.85E-05,2.80E-04,2.99E-04,1.65E-04,1.46E-04,4.37E-04,3.46E-04,2.93E-04,1.78E-04,2.57E-05,2.66E-04,4.23E-04,1.88E-04,1.83E-04,2.00E-04
187,2.91E-04,3.59E-04,2.81E-04,3.03E-04,1.72E-04,4.31E-05,2.86E-04,3.02E-04,1.68E-04,1.53E-04,4.37E-04,3.52E-04,2.97E-04,1.78E-04,3.14E-05,2.80E-04,4.29E-04,1.95E-04,1.95E-04,2.12E-04
188,3.00E-04,3.64E-04,2.83E-04,3.13E-04,1.80E-04,5.84E-05,2.92E-04,3.05E-04,1.71E-04,1.61E-04,4.37E-04,3.59E-04,3.01E-04,1.78E-04,3.76E-05,2.93E-04,4.35E-04,2.04E-04,2.09E-04,2.26E-04
189,3.09E-04,3.71E-04,2.86E-04,3.23E-04,1.89E-04,7.43E-05,2.98E-04,3.09E-04,1.74E-04,1.69E-04,4.37E-04,3.66E-04,3.06E-04,1.79E-04,4.44E-05,3.07E-04,4.41E-04,2.12E-04,2.23E-04,2.40E-04
190,3.19E-04,3.78E-04,2.89E-04,3.33E-04,1.98E-04,9.07E-05,3.05E-04,3.15E-04,1.78E-04,1.78E-04,4.37E-04,3.74E-04,3.12E-04,1.80E-04,5.18E-05,3.20E-04,4.48E-04,2.21E-04,2.37E-04,2.55E-04
191,3.29E-04,3.86E-04,2.93E-04,3.43E-04,2.08E-04,1.07E-04,3.13E-04,3.21E-04,1.83E-04,1.88E-04,4.38E-04,3.82E-04,3.19E-04,1.81E-04,5.97E-05,3.32E-04,4.56E-04,2.31E-04,2.53E-04,2.70E-04
192,3.40E-04,3.95E-04,2.98E-04,3.53E-04,2.17E-04,1.24E-04,3.21E-04,3.28E-04,1.88E-04,1.98E-04,4.39E-04,3.91E-04,3.26E-04,1.82E-04,6.83E-05,3.45E-04,4.64E-04,2.40E-04,2.68E-04,2.85E-04
193,3.51E-04,4.05E-04,3.04E-04,3.63E-04,2.27E-04,1.41E-04,3.30E-04,3.36E-04,1.94E-04,2.09E-04,4.40E-04,4.00E-04,3.34E-04,1.83E-04,7.72E-05,3.57E-04,4.73E-04,2.50E-04,2.84E-04,3.01E-04
194,3.63E-04,4.16E-04,3.10E-04,3.73E-04,2.36E-04,1.58E-04,3.40E-04,3.45E-04,2.00E-04,2.20E-04,4.42E-04,4.09E-04,3.42E-04,1.85E-04,8.66E-05,3.69E-04,4.81E-04,2.59E-04,3.00E-04,3.16E-04
195,3.74E-04,4.27E-04,3.16E-04,3.83E-04,2.45E-04,1.74E-04,3.50E-04,3.55E-04,2.06E-04,2.31E-04,4.45E-04,4.18E-04,3.51E-04,1.87E-04,9.62E-05,3.80E-04,4.90E-04,2.69E-04,3.16E-04,3.30E-04
196,3.86E-04,4.40E-04,3.23E-04,3.92E-04,2.54E-04,1.89E-04,3.60E-04,3.64E-04,2.12E-04,2.41E-04,4.47E-04,4.27E-04,3.59E-04,1.88E-04,1.06E-04,3.90E-04,4.98E-04,2.77E-04,3.31E-04,3.44E-04
197,3.98E-04,4.53E-04,3.31E-04,4.02E-04,2.62E-04,2.04E-04,3.70E-04,3.74E-04,2.18E-04,2.51E-04,4.50E-04,4.35E-04,3.68E-04,1.90E-04,1.15E-04,4.00E-04,5.06E-04,2.85E-04,3.46E-04,3.57E-04
198,4.09E-04,4.66E-04,3.38E-04,4.11E-04,2.69E-04,2.18E-04,3.80E-04,3.83E-04,2.23E-04,2.61E-04,4.52E-04,4.43E-04,3.77E-04,1.92E-04,1.24E-04,4.09E-04,5.14E-04,2.92E-04,3.59E-04,3.69E-04
199,4.19E-04,4.79E-04,3.45E-04,4.19E-04,2.75E-04,2.31E-04,3.90E-04,3.91E-04,2.27E-04,2.69E-04,4.54E-04,4.49E-04,3.85E-04,1.93E-04,1.32E-04,4.16E-04,5.20E-04,2.99E-04,3.70E-04,3.79E-04
200,4.29E-04,4.91E-04,3.51E-04,4.27E-04,2.80E-04,2.42E-04,3.99E-04,3.99E-04,2.30E-04,2.76E-04,4.55E-04,4.55E-04,3.92E-04,1.94E-04,1.40E-04,4.22E-04,5.26E-04,3.04E-04,3.80E-04,3.88E-04
201,4.37E-04,5.03E-04,3.57E-04,4.33E-04,2.83E-04,2.52E-04,4.07E-04,4.04E-04,2.31E-04,2.82E-04,4.55E-04,4.59E-04,3.99E-04,1.94E-04,1.46E-04,4.27E-04,5.30E-04,3.07E-04,3.87E-04,3.95E-04
202,4.44E-04,5.15E-04,3.61E-04,4.39E-04,2.85E-04,2.60E-04,4.13E-04,4.08E-04,2.31E-04,2.86E-04,4.54E-04,4.62E-04,4.04E-04,1.94E-04,1.51E-04,4.29E-04,5.34E-04,3.10E-04,3.93E-04,4.01E-04
203,4.49E-04,5.25E-04,3.64E-04,4.44E-04,2.86E-04,2.66E-04,4.19E-04,4.11E-04,2.30E-04,2.88E-04,4.52E-04,4.64E-04,4.08E-04,1.93E-04,1.54E-04,4.30E-04,5.36E-04,3.11E-04,3.96E-04,4.04E-04
204,4.52E-04,5.34E-04,3.65E-04,4.47E-04,2.85E-04,2.71E-04,4.23E-04,4.11E-04,2.26E-04,2.88E-04,4.47E-04,4.65E-04,4.10E-04,1.91E-04,1.56E-04,4.29E-04,5.36E-04,3.10E-04,3.96E-04,4.06E-04
205,4.53E-04,5.42E-04,3.65E-04,4.49E-04,2.82E-04,2.74E-04,4.26E-04,4.10E-04,2.22E-04,2.87E-04,4.42E-04,4.64E-04,4.12E-04,1.89E-04,1.56E-04,4.26E-04,5.36E-04,3.09E-04,3.94E-04,4.06E-04
206,4.53E-04,5.49E-04,3.64E-04,4.50E-04,2.79E-04,2.74E-04,4.28E-04,4.07E-04,2.16E-04,2.83E-04,4.35E-04,4.62E-04,4.11E-04,1.86E-04,1.54E-04,4.21E-04,5.34E-04,3.06E-04,3.90E-04,4.04E-04
207,4.50E-04,5.54E-04,3.61E-04,4.49E-04,2.74E-04,2.73E-04,4.28E-04,4.03E-04,2.09E-04,2.79E-04,4.26E-04,4.58E-04,4.10E-04,1.82E-04,1.51E-04,4.14E-04,5.31E-04,3.01E-04,3.84E-04,4.02E-04
208,4.46E-04,5.57E-04,3.56E-04,4.48E-04,2.68E-04,2.70E-04,4.28E-04,3.97E-04,2.02E-04,2.74E-04,4.16E-04,4.54E-04,4.07E-04,1.77E-04,1.47E-04,4.05E-04,5.27E-04,2.96E-04,3.76E-04,3.98E-04
209,4.41E-04,5.60E-04,3.51E-04,4.45E-04,2.61E-04,2.65E-04,4.26E-04,3.91E-04,1.94E-04,2.67E-04,4.05E-04,4.49E-04,4.03E-04,1.72E-04,1.42E-04,3.95E-04,5.22E-04,2.90E-04,3.66E-04,3.93E-04
210,4.34E-04,5.61E-04,3.45E-04,4.41E-04,2.54E-04,2.59E-04,4.24E-04,3.84E-04,1.86E-04,2.61E-04,3.94E-04,4.43E-04,3.99E-04,1.67E-04,1.35E-04,3.84E-04,5.16E-04,2.83E-04,3.55E-04,3.87E-04
211,4.26E-04,5.61E-04,3.38E-04,4.37E-04,2.46E-04,2.52E-04,4.22E-04,3.77E-04,1.78E-04,2.54E-04,3.82E-04,4.37E-04,3.94E-04,1.62E-04,1.28E-04,3.71E-04,5.10E-04,2.75E-04,3.43E-04,3.81E-04
212,4.19E-04,5.60E-04,3.30E-04,4.32E-04,2.38E-04,2.43E-04,4.20E-04,3.71E-04,1.71E-04,2.47E-04,3.70E-04,4.31E-04,3.88E-04,1.56E-04,1.21E-04,3.58E-04,5.03E-04,2.68E-04,3.30E-04,3.75E-04
213,4.11E-04,5.59E-04,3.23E-04,4.26E-04,2.30E-04,2.34E-04,4.18E-04,3.65E-04,1.65E-04,2.41E-04,3.58E-04,4.24E-04,3.83E-04,1.51E-04,1.13E-04,3.45E-04,4.97E-04,2.60E-04,3.17E-04,3.70E-04
214,4.03E-04,5.56E-04,3.16E-04,4.21E-04,2.23E-04,2.24E-04,4.16E-04,3.60E-04,1.60E-04,2.36E-04,3.47E-04,4.18E-04,3.77E-04,1.47E-04,1.06E-04,3.31E-04,4.90E-04,2.52E-04,3.04E-04,3.64E-04
215,3.96E-04,5.54E-04,3.10E-04,4.16E-04,2.16E-04,2.14E-04,4.15E-04,3.55E-04,1.56E-04,2.32E-04,3.36E-04,4.12E-04,3.72E-04,1.42E-04,9.94E-05,3.18E-04,4.84E-04,2.45E-04,2.91E-04,3.59E-04
216,3.90E-04,5.51E-04,3.04E-04,4.11E-04,2.10E-04,2.04E-04,4.15E-04,3.52E-04,1.53E-04,2.29E-04,3.27E-04,4.06E-04,3.68E-04,1.39E-04,9.34E-05,3.05E-04,4.78E-04,2.38E-04,2.78E-04,3.54E-04
217,3.84E-04,5.48E-04,2.99E-04,4.06E-04,2.04E-04,1.94E-04,4.15E-04,3.50E-04,1.51E-04,2.28E-04,3.19E-04,4.01E-04,3.64E-04,1.36E-04,8.81E-05,2.93E-04,4.72E-04,2.32E-04,2.65E-04,3.51E-04
218,3.80E-04,5.45E-04,2.95E-04,4.03E-04,2.00E-04,1.85E-04,4.17E-04,3.49E-04,1.50E-04,2.28E-04,3.12E-04,3.96E-04,3.60E-04,1.34E-04,8.38E-05,2.81E-04,4.66E-04,2.26E-04,2.53E-04,3.48E-04
219,3.77E-04,5.42E-04,2.92E-04,4.00E-04,1.96E-04,1.76E-04,4.19E-04,3.49E-04,1.51E-04,2.29E-04,3.06E-04,3.91E-04,3.57E-04,1.34E-04,8.04E-05,2.71E-04,4.61E-04,2.20E-04,2.41E-04,3.45E-04
220,3.75E-04,5.40E-04,2.90E-04,3.98E-04,1.93E-04,1.68E-04,4.22E-04,3.50E-04,1.52E-04,2.31E-04,3.01E-04,3.87E-04,3.55E-04,1.34E-04,7.80E-05,2.62E-04,4.56E-04,2.16E-04,2.30E-04,3.44E-04
221,3.75E-04,5.37E-04,2.88E-04,3.97E-04,1.90E-04,1.62E-04,4.26E-04,3.52E-04,1.53E-04,2.35E-04,2.98E-04,3.84E-04,3.54E-04,1.34E-04,7.65E-05,2.54E-04,4.52E-04,2.12E-04,2.20E-04,3.44E-04
222,3.75E-04,5.35E-04,2.87E-04,3.96E-04,1.89E-04,1.56E-04,4.30E-04,3.53E-04,1.55E-04,2.39E-04,2.96E-04,3.81E-04,3.53E-04,1.36E-04,7.58E-05,2.47E-04,4.48E-04,2.08E-04,2.09E-04,3.44E-04
223,3.76E-04,5.34E-04,2.87E-04,3.97E-04,1.88E-04,1.51E-04,4.35E-04,3.55E-04,1.56E-04,2.44E-04,2.94E-04,3.78E-04,3.52E-04,1.39E-04,7.59E-05,2.41E-04,4.44E-04,2.05E-04,1.99E-04,3.44E-04
224,3.77E-04,5.32E-04,2.87E-04,3.98E-04,1.87E-04,1.48E-04,4.40E-04,3.57E-04,1.57E-04,2.49E-04,2.93E-04,3.75E-04,3.52E-04,1.42E-04,7.66E-05,2.36E-04,4.40E-04,2.03E-04,1.90E-04,3.45E-04
225,3.79E-04,5.31E-04,2.87E-04,4.00E-04,1.87E-04,1.45E-04,4.45E-04,3.59E-04,1.58E-04,2.55E-04,2.92E-04,3.73E-04,3.52E-04,1.45E-04,7.78E-05,2.32E-04,4.37E-04,2.00E-04,1.80E-04,3.47E-04
226,3.82E-04,5.31E-04,2.87E-04,4.03E-04,1.88E-04,1.44E-04,4.50E-04,3.60E-04,1.59E-04,2.60E-04,2.92E-04,3.71E-04,3.52E-04,1.49E-04,7.93E-05,2.28E-04,4.34E-04,1.99E-04,1.70E-04,3.48E-04
227,3.84E-04,5.31E-04,2.87E-04,4.06E-04,1.88E-04,1.44E-04,4.55E-04,3.61E-04,1.58E-04,2.66E-04,2.92E-04,3.69E-04,3.51E-04,1.53E-04,8.10E-05,2.25E-04,4.31E-04,1.97E-04,1.61E-04,3.50E-04
228,3.86E-04,5.31E-04,2.87E-04,4.10E-04,1.89E-04,1.45E-04,4.60E-04,3.61E-04,1.58E-04,2.71E-04,2.91E-04,3.68E-04,3.51E-04,1.57E-04,8.29E-05,2.23E-04,4.27E-04,1.96E-04,1.51E-04,3.52E-04
229,3.88E-04,5.32E-04,2.87E-04,4.13E-04,1.90E-04,1.46E-04,4.64E-04,3.61E-04,1.57E-04,2.76E-04,2.91E-04,3.66E-04,3.50E-04,1.61E-04,8.48E-05,2.21E-04,4.24E-04,1.95E-04,1.42E-04,3.54E-04
230,3.90E-04,5.33E-04,2.87E-04,4.17E-04,1.92E-04,1.48E-04,4.69E-04,3.61E-04,1.55E-04,2.81E-04,2.90E-04,3.64E-04,3.49E-04,1.66E-04,8.68E-05,2.19E-04,4.21E-04,1.94E-04,1.32E-04,3.56E-04
231,3.92E-04,5.34E-04,2.87E-04,4.20E-04,1.93E-04,1.51E-04,4.73E-04,3.60E-04,1.53E-04,2.85E-04,2.90E-04,3.63E-04,3.48E-04,1.69E-04,8.88E-05,2.17E-04,4.18E-04,1.94E-04,1.23E-04,3.57E-04
232,3.94E-04,5.36E-04,2.87E-04,4.24E-04,1.95E-04,1.55E-04,4.77E-04,3.60E-04,1.52E-04,2.90E-04,2.89E-04,3.61E-04,3.47E-04,1.73E-04,9.08E-05,2.17E-04,4.15E-04,1.93E-04,1.14E-04,3.59E-04
233,3.95E-04,5.38E-04,2.88E-04,4.27E-04,1.96E-04,1.58E-04,4.81E-04,3.60E-04,1.51E-04,2.94E-04,2.88E-04,3.60E-04,3.46E-04,1.77E-04,9.28E-05,2.16E-04,4.12E-04,1.93E-04,1.05E-04,3.61E-04
234,3.97E-04,5.41E-04,2.88E-04,4.31E-04,1.98E-04,1.62E-04,4.86E-04,3.60E-04,1.50E-04,2.98E-04,2.87E-04,3.59E-04,3.45E-04,1.80E-04,9.49E-05,2.16E-04,4.10E-04,1.93E-04,9.62E-05,3.62E-04
235,3.98E-04,5.44E-04,2.89E-04,4.34E-04,2.00E-04,1.67E-04,4.90E-04,3.61E-04,1.49E-04,3.03E-04,2.86E-04,3.58E-04,3.43E-04,1.83E-04,9.72E-05,2.16E-04,4.07E-04,1.94E-04,8.83E-05,3.63E-04
236,4.00E-04,5.47E-04,2.90E-04,4.37E-04,2.03E-04,1.71E-04,4.95E-04,3.62E-04,1.50E-04,3.08E-04,2.86E-04,3.57E-04,3.42E-04,1.86E-04,9.96E-05,2.17E-04,4.05E-04,1.94E-04,8.09E-05,3.65E-04
237,4.02E-04,5.50E-04,2.92E-04,4.40E-04,2.05E-04,1.76E-04,4.99E-04,3.64E-04,1.51E-04,3.13E-04,2.86E-04,3.56E-04,3.41E-04,1.89E-04,1.02E-04,2.19E-04,4.03E-04,1.96E-04,7.43E-05,3.66E-04
238,4.05E-04,5.53E-04,2.95E-04,4.42E-04,2.08E-04,1.81E-04,5.04E-04,3.66E-04,1.54E-04,3.18E-04,2.86E-04,3.56E-04,3.40E-04,1.92E-04,1.05E-04,2.21E-04,4.01E-04,1.97E-04,6.84E-05,3.67E-04
239,4.08E-04,5.56E-04,2.98E-04,4.45E-04,2.11E-04,1.86E-04,5.09E-04,3.70E-04,1.57E-04,3.25E-04,2.86E-04,3.55E-04,3.40E-04,1.94E-04,1.08E-04,2.24E-04,4.00E-04,1.99E-04,6.33E-05,3.69E-04
240,4.12E-04,5.59E-04,3.01E-04,4.48E-04,2.13E-04,1.91E-04,5.14E-04,3.73E-04,1.61E-04,3.31E-04,2.87E-04,3.55E-04,3.39E-04,1.97E-04,1.11E-04,2.28E-04,3.99E-04,2.01E-04,5.90E-05,3.70E-04
241,4.16E-04,5.62E-04,3.05E-04,4.51E-04,2.16E-04,1.96E-04,5.19E-04,3.77E-04,1.65E-04,3.38E-04,2.87E-04,3.55E-04,3.39E-04,1.99E-04,1.15E-04,2.33E-04,3.98E-04,2.04E-04,5.55E-05,3.71E-04
242,4.21E-04,5.64E-04,3.09E-04,4.54E-04,2.19E-04,2.02E-04,5.24E-04,3.82E-04,1.71E-04,3.45E-04,2.89E-04,3.55E-04,3.39E-04,2.01E-04,1.18E-04,2.38E-04,3.97E-04,2.07E-04,5.26E-05,3.72E-04
243,4.26E-04,5.65E-04,3.13E-04,4.57E-04,2.22E-04,2.07E-04,5.29E-04,3.86E-04,1.76E-04,3.52E-04,2.90E-04,3.55E-04,3.39E-04,2.03E-04,1.22E-04,2.44E-04,3.97E-04,2.11E-04,5.03E-05,3.73E-04
244,4.31E-04,5.67E-04,3.17E-04,4.60E-04,2.25E-04,2.13E-04,5.33E-04,3.90E-04,1.81E-04,3.59E-04,2.92E-04,3.54E-04,3.40E-04,2.06E-04,1.25E-04,2.50E-04,3.97E-04,2.14E-04,4.85E-05,3.74E-04
245,4.36E-04,5.67E-04,3.20E-04,4.64E-04,2.27E-04,2.18E-04,5.37E-04,3.93E-04,1.87E-04,3.66E-04,2.93E-04,3.54E-04,3.40E-04,2.08E-04,1.29E-04,2.56E-04,3.97E-04,2.18E-04,4.70E-05,3.74E-04
246,4.42E-04,5.67E-04,3.23E-04,4.67E-04,2.29E-04,2.24E-04,5.40E-04,3.95E-04,1.92E-04,3.72E-04,2.95E-04,3.54E-04,3.40E-04,2.10E-04,1.31E-04,2.62E-04,3.97E-04,2.22E-04,4.57E-05,3.74E-04
247,4.47E-04,5.67E-04,3.26E-04,4.71E-04,2.30E-04,2.30E-04,5.42E-04,3.97E-04,1.96E-04,3.77E-04,2.96E-04,3.54E-04,3.40E-04,2.11E-04,1.34E-04,2.67E-04,3.97E-04,2.26E-04,4.45E-05,3.73E-04
248,4.52E-04,5.66E-04,3.27E-04,4.74E-04,2.31E-04,2.36E-04,5.43E-04,3.97E-04,1.99E-04,3.82E-04,2.96E-04,3.53E-04,3.39E-04,2.13E-04,1.36E-04,2.73E-04,3.97E-04,2.30E-04,4.31E-05,3.72E-04
249,4.57E-04,5.65E-04,3.28E-04,4.77E-04,2.31E-04,2.42E-04,5.43E-04,3.96E-04,2.02E-04,3.85E-04,2.96E-04,3.52E-04,3.39E-04,2.14E-04,1.38E-04,2.77E-04,3.96E-04,2.33E-04,4.14E-05,3.70E-04
250,4.60E-04,5.63E-04,3.27E-04,4.80E-04,2.31E-04,2.48E-04,5.42E-04,3.94E-04,2.03E-04,3.87E-04,2.96E-04,3.51E-04,3.37E-04,2.15E-04,1.39E-04,2.81E-04,3.96E-04,2.36E-04,3.94E-05,3.68E-04
251,4.63E-04,5.61E-04,3.26E-04,4.82E-04,2.30E-04,2.53E-04,5.40E-04,3.90E-04,2.03E-04,3.87E-04,2.95E-04,3.49E-04,3.36E-04,2.15E-04,1.39E-04,2.83E-04,3.95E-04,2.39E-04,3.67E-05,3.64E-04
252,4.66E-04,5.59E-04,3.23E-04,4.83E-04,2.28E-04,2.58E-04,5.37E-04,3.85E-04,2.01E-04,3.85E-04,2.93E-04,3.48E-04,3.33E-04,2.15E-04,1.39E-04,2.84E-04,3.93E-04,2.40E-04,3.34E-05,3.60E-04
253,4.67E-04,5.56E-04,3.19E-04,4.84E-04,2.25E-04,2.63E-04,5.32E-04,3.78E-04,1.98E-04,3.82E-04,2.90E-04,3.45E-04,3.30E-04,2.14E-04,1.38E-04,2.84E-04,3.91E-04,2.41E-04,2.94E-05,3.54E-04
254,4.67E-04,5.54E-04,3.13E-04,4.84E-04,2.22E-04,2.67E-04,5.27E-04,3.70E-04,1.94E-04,3.77E-04,2.87E-04,3.43E-04,3.26E-04,2.13E-04,1.36E-04,2.83E-04,3.88E-04,2.41E-04,2.45E-05,3.48E-04
255,4.66E-04,5.51E-04,3.07E-04,4.83E-04,2.18E-04,2.70E-04,5.20E-04,3.61E-04,1.89E-04,3.70E-04,2.82E-04,3.39E-04,3.21E-04,2.11E-04,1.34E-04,2.79E-04,3.84E-04,2.40E-04,1.88E-05,3.40E-04
256,4.63E-04,5.48E-04,2.99E-04,4.81E-04,2.13E-04,2.73E-04,5.12E-04,3.51E-04,1.82E-04,3.61E-04,2.77E-04,3.35E-04,3.16E-04,2.08E-04,1.32E-04,2.75E-04,3.79E-04,2.37E-04,1.22E-05,3.32E-04
257,4.60E-04,5.46E-04,2.91E-04,4.77E-04,2.07E-04,2.74E-04,5.03E-04,3.39E-04,1.74E-04,3.51E-04,2.70E-04,3.31E-04,3.09E-04,2.04E-04,1.29E-04,2.69E-04,3.73E-04,2.34E-04,4.75E-06,3.22E-04
258,4.55E-04,5.43E-04,2.81E-04,4.73E-04,2.00E-04,2.74E-04,4.93E-04,3.26E-04,1.65E-04,3.39E-04,2.63E-04,3.26E-04,3.02E-04,1.99E-04,1.25E-04,2.61E-04,3.67E-04,2.29E-04,-3.47E-06,3.10E-04
259,4.49E-04,5.40E-04,2.71E-04,4.67E-04,1.93E-04,2.73E-04,4.83E-04,3.13E-04,1.54E-04,3.26E-04,2.55E-04,3.20E-04,2.95E-04,1.94E-04,1.21E-04,2.53E-04,3.59E-04,2.23E-04,-1.24E-05,2.98E-04
260,4.42E-04,5.36E-04,2.59E-04,4.60E-04,1.85E-04,2.71E-04,4.71E-04,2.99E-04,1.43E-04,3.11E-04,2.46E-04,3.13E-04,2.86E-04,1.88E-04,1.16E-04,2.43E-04,3.51E-04,2.16E-04,-2.20E-05,2.85E-04
261,4.33E-04,5.32E-04,2.47E-04,4.52E-04,1.76E-04,2.67E-04,4.59E-04,2.84E-04,1.31E-04,2.96E-04,2.36E-04,3.06E-04,2.77E-04,1.82E-04,1.11E-04,2.32E-04,3.41E-04,2.08E-04,-3.22E-05,2.70E-04
262,4.23E-04,5.28E-04,2.35E-04,4.43E-04,1.66E-04,2.62E-04,4.47E-04,2.69E-04,1.17E-04,2.79E-04,2.26E-04,2.98E-04,2.68E-04,1.74E-04,1.06E-04,2.20E-04,3.30E-04,1.99E-04,-4.28E-05,2.55E-04
263,4.12E-04,5.22E-04,2.21E-04,4.32E-04,1.56E-04,2.55E-04,4.33E-04,2.53E-04,1.03E-04,2.61E-04,2.15E-04,2.89E-04,2.58E-04,1.66E-04,1.00E-04,2.07E-04,3.19E-04,1.89E-04,-5.37E-05,2.38E-04
264,3.99E-04,5.16E-04,2.07E-04,4.21E-04,1.45E-04,2.47E-04,4.20E-04,2.37E-04,8.85E-05,2.43E-04,2.04E-04,2.79E-04,2.47E-04,1.58E-04,9.40E-05,1.94E-04,3.06E-04,1.79E-04,-6.47E-05,2.21E-04
265,3.86E-04,5.08E-04,1.92E-04,4.09E-04,1.34E-04,2.38E-04,4.05E-04,2.20E-04,7.30E-05,2.24E-04,1.91E-04,2.69E-04,2.36E-04,1.49E-04,8.73E-05,1.80E-04,2.93E-04,1.68E-04,-7.58E-05,2.03E-04
266,3.72E-04,5.00E-04,1.76E-04,3.97E-04,1.22E-04,2.27E-04,3.90E-04,2.02E-04,5.70E-05,2.05E-04,1.79E-04,2.58E-04,2.24E-04,1.40E-04,8.02E-05,1.66E-04,2.79E-04,1.56E-04,-8.67E-05,1.84E-04
267,3.56E-04,4.90E-04,1.60E-04,3.85E-04,1.10E-04,2.16E-04,3.75E-04,1.84E-04,4.04E-05,1.85E-04,1.66E-04,2.46E-04,2.12E-04,1.30E-04,7.27E-05,1.52E-04,2.64E-04,1.44E-04,-9.74E-05,1.65E-04
268,3.40E-04,4.80E-04,1.43E-04,3.72E-04,9.69E-05,2.04E-04,3.59E-04,1.65E-04,2.35E-05,1.66E-04,1.53E-04,2.33E-04,2.00E-04,1.21E-04,6.49E-05,1.38E-04,2.49E-04,1.32E-04,-1.08E-04,1.46E-04
269,3.24E-04,4.67E-04,1.26E-04,3.59E-04,8.39E-05,1.91E-04,3.43E-04,1.46E-04,6.19E-06,1.47E-04,1.40E-04,2.21E-04,1.88E-04,1.11E-04,5.67E-05,1.23E-04,2.34E-04,1.20E-04,-1.17E-04,1.27E-04
270,3.07E-04,4.54E-04,1.07E-04,3.46E-04,7.08E-05,1.78E-04,3.27E-04,1.27E-04,-1.13E-05,1.28E-04,1.27E-04,2.07E-04,1.76E-04,1.02E-04,4.83E-05,1.09E-04,2.18E-04,1.08E-04,-1.27E-04,1.08E-04
271,2.90E-04,4.40E-04,8.85E-05,3.34E-04,5.77E-05,1.64E-04,3.11E-04,1.07E-04,-2.88E-05,1.09E-04,1.14E-04,1.94E-04,1.63E-04,9.26E-05,3.98E-05,9.45E-05,2.02E-04,9.58E-05,-1.35E-04,8.87E-05
272,2.73E-04,4.25E-04,6.93E-05,3.22E-04,4.47E-05,1.51E-04,2.94E-04,8.64E-05,-4.62E-05,9.12E-05,1.01E-04,1.80E-04,1.51E-04,8.39E-05,3.12E-05,8.03E-05,1.85E-04,8.39E-05,-1.43E-04,7.02E-05
273,2.56E-04,4.09E-04,4.97E-05,3.11E-04,3.19E-05,1.38E-04,2.77E-04,6.57E-05,-6.34E-05,7.37E-05,8.86E-05,1.66E-04,1.39E-04,7.56E-05,2.26E-05,6.62E-05,1.69E-04,7.22E-05,-1.50E-04,5.23E-05
274,2.39E-04,3.93E-04,2.99E-05,3.00E-04,1.93E-05,1.25E-04,2.60E-04,4.48E-05,-8.04E-05,5.70E-05,7.66E-05,1.52E-04,1.27E-04,6.78E-05,1.43E-05,5.24E-05,1.53E-04,6.07E-05,-1.56E-04,3.51E-05
275,2.23E-04,3.76E-04,9.95E-06,2.90E-04,7.23E-06,1.13E-04,2.43E-04,2.39E-05,-9.68E-05,4.11E-05,6.50E-05,1.39E-04,1.15E-04,6.06E-05,6.24E-06,3.89E-05,1.37E-04,4.96E-05,-1.61E-04,1.88E-05
276,2.08E-04,3.59E-04,-9.91E-06,2.81E-04,-4.38E-06,1.02E-04,2.27E-04,3.02E-06,-1.13E-04,2.62E-05,5.40E-05,1.26E-04,1.03E-04,5.40E-05,-1.31E-06,2.58E-05,1.22E-04,3.87E-05,-1.66E-04,3.61E-06
277,1.94E-04,3.42E-04,-2.95E-05,2.73E-04,-1.54E-05,9.11E-05,2.11E-04,-1.76E-05,-1.28E-04,1.21E-05,4.37E-05,1.13E-04,9.21E-05,4.80E-05,-8.26E-06,1.31E-05,1.06E-04,2.81E-05,-1.69E-04,-1.05E-05
278,1.81E-04,3.25E-04,-4.87E-05,2.65E-04,-2.57E-05,8.16E-05,1.95E-04,-3.79E-05,-1.42E-04,-8.45E-07,3.41E-05,1.01E-04,8.14E-05,4.27E-05,-1.45E-05,8.62E-07,9.13E-05,1.78E-05,-1.72E-04,-2.33E-05
279,1.70E-04,3.09E-04,-6.74E-05,2.58E-04,-3.53E-05,7.31E-05,1.80E-04,-5.77E-05,-1.56E-04,-1.28E-05,2.53E-05,8.89E-05,7.11E-05,3.80E-05,-1.99E-05,-1.08E-05,7.68E-05,7.93E-06,-1.74E-04,-3.49E-05
280,1.59E-04,2.93E-04,-8.52E-05,2.52E-04,-4.41E-05,6.56E-05,1.65E-04,-7.67E-05,-1.69E-04,-2.36E-05,1.73E-05,7.79E-05,6.14E-05,3.39E-05,-2.44E-05,-2.19E-05,6.29E-05,-1.58E-06,-1.75E-04,-4.51E-05
281,1.49E-04,2.78E-04,-1.02E-04,2.46E-04,-5.21E-05,5.91E-05,1.51E-04,-9.48E-05,-1.81E-04,-3.33E-05,1.00E-05,6.76E-05,5.24E-05,3.05E-05,-2.78E-05,-3.22E-05,4.96E-05,-1.06E-05,-1.76E-04,-5.39E-05
282,1.41E-04,2.64E-04,-1.18E-04,2.42E-04,-5.92E-05,5.35E-05,1.38E-04,-1.12E-04,-1.92E-04,-4.19E-05,3.56E-06,5.82E-05,4.39E-05,2.75E-05,-3.03E-05,-4.19E-05,3.70E-05,-1.92E-05,-1.75E-04,-6.13E-05
283,1.34E-04,2.51E-04,-1.33E-04,2.37E-04,-6.54E-05,4.89E-05,1.26E-04,-1.28E-04,-2.02E-04,-4.94E-05,-2.14E-06,4.96E-05,3.62E-05,2.51E-05,-3.18E-05,-5.07E-05,2.51E-05,-2.72E-05,-1.74E-04,-6.73E-05
284,1.27E-04,2.39E-04,-1.46E-04,2.33E-04,-7.07E-05,4.50E-05,1.15E-04,-1.43E-04,-2.11E-04,-5.57E-05,-7.09E-06,4.19E-05,2.92E-05,2.32E-05,-3.22E-05,-5.87E-05,1.41E-05,-3.46E-05,-1.73E-04,-7.20E-05
285,1.22E-04,2.28E-04,-1.58E-04,2.30E-04,-7.50E-05,4.18E-05,1.05E-04,-1.56E-04,-2.19E-04,-6.10E-05,-1.13E-05,3.51E-05,2.30E-05,2.17E-05,-3.18E-05,-6.58E-05,4.07E-06,-4.13E-05,-1.70E-04,-7.54E-05
286,1.17E-04,2.18E-04,-1.68E-04,2.27E-04,-7.85E-05,3.93E-05,9.61E-05,-1.68E-04,-2.26E-04,-6.51E-05,-1.49E-05,2.93E-05,1.76E-05,2.06E-05,-3.04E-05,-7.20E-05,-5.04E-06,-4.72E-05,-1.67E-04,-7.75E-05
287,1.14E-04,2.10E-04,-1.77E-04,2.24E-04,-8.11E-05,3.73E-05,8.84E-05,-1.78E-04,-2.32E-04,-6.82E-05,-1.79E-05,2.44E-05,1.30E-05,1.99E-05,-2.82E-05,-7.73E-05,-1.31E-05,-5.22E-05,-1.63E-04,-7.84E-05
288,1.10E-04,2.03E-04,-1.85E-04,2.22E-04,-8.28E-05,3.58E-05,8.20E-05,-1.87E-04,-2.37E-04,-7.02E-05,-2.02E-05,2.05E-05,9.23E-06,1.95E-05,-2.54E-05,-8.17E-05,-2.01E-05,-5.63E-05,-1.59E-04,-7.81E-05
289,1.07E-04,1.96E-04,-1.91E-04,2.20E-04,-8.37E-05,3.47E-05,7.68E-05,-1.94E-04,-2.41E-04,-7.12E-05,-2.21E-05,1.75E-05,6.28E-06,1.94E-05,-2.20E-05,-8.52E-05,-2.59E-05,-5.94E-05,-1.53E-04,-7.68E-05
290,1.05E-04,1.91E-04,-1.95E-04,2.18E-04,-8.38E-05,3.39E-05,7.28E-05,-1.99E-04,-2.45E-04,-7.12E-05,-2.34E-05,1.54E-05,4.13E-06,1.95E-05,-1.81E-05,-8.79E-05,-3.07E-05,-6.15E-05,-1.47E-04,-7.45E-05
291,1.03E-04,1.87E-04,-1.99E-04,2.17E-04,-8.31E-05,3.35E-05,6.99E-05,-2.03E-04,-2.47E-04,-7.04E-05,-2.44E-05,1.42E-05,2.77E-06,2.00E-05,-1.39E-05,-8.97E-05,-3.43E-05,-6.25E-05,-1.39E-04,-7.13E-05
292,1.01E-04,1.84E-04,-2.01E-04,2.16E-04,-8.18E-05,3.34E-05,6.81E-05,-2.06E-04,-2.49E-04,-6.87E-05,-2.49E-05,1.39E-05,2.15E-06,2.07E-05,-9.48E-06,-9.09E-05,-3.68E-05,-6.26E-05,-1.31E-04,-6.72E-05
293,9.94E-05,1.82E-04,-2.02E-04,2.16E-04,-8.00E-05,3.36E-05,6.73E-05,-2.08E-04,-2.50E-04,-6.62E-05,-2.52E-05,1.44E-05,2.23E-06,2.16E-05,-4.95E-06,-9.14E-05,-3.82E-05,-6.16E-05,-1.22E-04,-6.24E-05
294,9.80E-05,1.81E-04,-2.03E-04,2.15E-04,-7.76E-05,3.41E-05,6.74E-05,-2.08E-04,-2.51E-04,-6.30E-05,-2.52E-05,1.57E-05,2.94E-06,2.28E-05,-4.02E-07,-9.15E-05,-3.87E-05,-5.98E-05,-1.12E-04,-5.71E-05
295,9.67E-05,1.80E-04,-2.02E-04,2.15E-04,-7.49E-05,3.48E-05,6.83E-05,-2.07E-04,-2.50E-04,-5.92E-05,-2.49E-05,1.76E-05,4.19E-06,2.41E-05,4.07E-06,-9.11E-05,-3.83E-05,-5.71E-05,-1.02E-04,-5.11E-05
296,9.56E-05,1.80E-04,-2.02E-04,2.15E-04,-7.18E-05,3.58E-05,6.97E-05,-2.06E-04,-2.50E-04,-5.50E-05,-2.45E-05,2.00E-05,5.90E-06,2.56E-05,8.39E-06,-9.05E-05,-3.71E-05,-5.38E-05,-9.03E-05,-4.48E-05
297,9.46E-05,1.80E-04,-2.01E-04,2.15E-04,-6.87E-05,3.71E-05,7.17E-05,-2.04E-04,-2.49E-04,-5.05E-05,-2.40E-05,2.30E-05,7.98E-06,2.72E-05,1.25E-05,-8.97E-05,-3.52E-05,-4.99E-05,-7.87E-05,-3.82E-05
298,9.38E-05,1.81E-04,-2.00E-04,2.14E-04,-6.56E-05,3.85E-05,7.40E-05,-2.01E-04,-2.48E-04,-4.59E-05,-2.35E-05,2.63E-05,1.03E-05,2.88E-05,1.63E-05,-8.89E-05,-3.29E-05,-4.55E-05,-6.67E-05,-3.14E-05
299,9.30E-05,1.82E-04,-1.99E-04,2.14E-04,-6.26E-05,4.01E-05,7.64E-05,-1.99E-04,-2.46E-04,-4.12E-05,-2.30E-05,2.98E-05,1.28E-05,3.05E-05,1.99E-05,-8.83E-05,-3.01E-05,-4.09E-05,-5.45E-05,-2.46E-05
300,9.22E-05,1.83E-04,-1.98E-04,2.13E-04,-5.99E-05,4.18E-05,7.88E-05,-1.96E-04,-2.45E-04,-3.67E-05,-2.26E-05,3.34E-05,1.53E-05,3.21E-05,2.30E-05,-8.79E-05,-2.71E-05,-3.61E-05,-4.25E-05,-1.78E-05
301,9.14E-05,1.84E-04,-1.98E-04,2.12E-04,-5.77E-05,4.34E-05,8.11E-05,-1.94E-04,-2.44E-04,-3.25E-05,-2.24E-05,3.71E-05,1.78E-05,3.37E-05,2.58E-05,-8.78E-05,-2.40E-05,-3.12E-05,-3.06E-05,-1.13E-05
302,9.06E-05,1.84E-04,-1.98E-04,2.11E-04,-5.60E-05,4.49E-05,8.31E-05,-1.92E-04,-2.43E-04,-2.88E-05,-2.24E-05,4.06E-05,2.01E-05,3.50E-05,2.82E-05,-8.81E-05,-2.09E-05,-2.65E-05,-1.92E-05,-5.09E-06
303,8.96E-05,1.84E-04,-1.99E-04,2.09E-04,-5.49E-05,4.61E-05,8.47E-05,-1.90E-04,-2.42E-04,-2.57E-05,-2.27E-05,4.39E-05,2.23E-05,3.62E-05,3.02E-05,-8.90E-05,-1.78E-05,-2.19E-05,-8.40E-06,6.66E-07
304,8.85E-05,1.84E-04,-2.00E-04,2.07E-04,-5.46E-05,4.70E-05,8.57E-05,-1.89E-04,-2.42E-04,-2.34E-05,-2.33E-05,4.69E-05,2.41E-05,3.70E-05,3.18E-05,-9.04E-05,-1.50E-05,-1.75E-05,1.65E-06,5.86E-06
305,8.70E-05,1.84E-04,-2.02E-04,2.03E-04,-5.50E-05,4.75E-05,8.62E-05,-1.89E-04,-2.42E-04,-2.20E-05,-2.42E-05,4.96E-05,2.56E-05,3.76E-05,3.30E-05,-9.23E-05,-1.24E-05,-1.34E-05,1.08E-05,1.04E-05
306,8.52E-05,1.83E-04,-2.05E-04,2.00E-04,-5.63E-05,4.73E-05,8.61E-05,-1.90E-04,-2.43E-04,-2.16E-05,-2.55E-05,5.18E-05,2.67E-05,3.78E-05,3.37E-05,-9.48E-05,-1.00E-05,-9.58E-06,1.90E-05,1.42E-05
307,8.31E-05,1.81E-04,-2.08E-04,1.95E-04,-5.83E-05,4.65E-05,8.54E-05,-1.91E-04,-2.45E-04,-2.21E-05,-2.70E-05,5.35E-05,2.75E-05,3.78E-05,3.40E-05,-9.79E-05,-7.91E-06,-6.01E-06,2.61E-05,1.73E-05
308,8.05E-05,1.79E-04,-2.12E-04,1.90E-04,-6.11E-05,4.50E-05,8.40E-05,-1.93E-04,-2.47E-04,-2.36E-05,-2.89E-05,5.48E-05,2.79E-05,3.74E-05,3.40E-05,-1.01E-04,-6.06E-06,-2.66E-06,3.22E-05,1.95E-05
309,7.75E-05,1.76E-04,-2.15E-04,1.84E-04,-6.46E-05,4.27E-05,8.22E-05,-1.96E-04,-2.49E-04,-2.60E-05,-3.10E-05,5.56E-05,2.79E-05,3.67E-05,3.36E-05,-1.05E-04,-4.44E-06,5.27E-07,3.73E-05,2.09E-05
310,7.41E-05,1.72E-04,-2.20E-04,1.78E-04,-6.87E-05,3.97E-05,7.98E-05,-1.99E-04,-2.51E-04,-2.93E-05,-3.32E-05,5.60E-05,2.77E-05,3.58E-05,3.29E-05,-1.09E-04,-2.99E-06,3.61E-06,4.15E-05,2.15E-05
311,7.03E-05,1.69E-04,-2.24E-04,1.71E-04,-7.31E-05,3.61E-05,7.72E-05,-2.03E-04,-2.54E-04,-3.34E-05,-3.56E-05,5.60E-05,2.72E-05,3.48E-05,3.19E-05,-1.13E-04,-1.65E-06,6.66E-06,4.48E-05,2.14E-05
312,6.62E-05,1.64E-04,-2.28E-04,1.64E-04,-7.79E-05,3.19E-05,7.42E-05,-2.07E-04,-2.57E-04,-3.80E-05,-3.80E-05,5.57E-05,2.65E-05,3.37E-05,3.08E-05,-1.17E-04,-3.70E-07,9.75E-06,4.74E-05,2.07E-05
313,6.19E-05,1.60E-04,-2.31E-04,1.57E-04,-8.27E-05,2.73E-05,7.12E-05,-2.10E-04,-2.59E-04,-4.30E-05,-4.03E-05,5.52E-05,2.57E-05,3.26E-05,2.96E-05,-1.21E-04,9.24E-07,1.29E-05,4.95E-05,1.94E-05
314,5.75E-05,1.55E-04,-2.34E-04,1.50E-04,-8.74E-05,2.24E-05,6.83E-05,-2.14E-04,-2.61E-04,-4.82E-05,-4.24E-05,5.46E-05,2.49E-05,3.17E-05,2.83E-05,-1.24E-04,2.29E-06,1.63E-05,5.12E-05,1.76E-05
315,5.32E-05,1.50E-04,-2.37E-04,1.43E-04,-9.18E-05,1.75E-05,6.55E-05,-2.16E-04,-2.63E-04,-5.34E-05,-4.43E-05,5.39E-05,2.40E-05,3.10E-05,2.72E-05,-1.27E-04,3.78E-06,1.99E-05,5.27E-05,1.56E-05
316,4.91E-05,1.45E-04,-2.39E-04,1.37E-04,-9.56E-05,1.28E-05,6.31E-05,-2.18E-04,-2.63E-04,-5.84E-05,-4.58E-05,5.32E-05,2.31E-05,3.07E-05,2.62E-05,-1.29E-04,5.44E-06,2.36E-05,5.42E-05,1.34E-05
317,4.53E-05,1.40E-04,-2.40E-04,1.30E-04,-9.88E-05,8.61E-06,6.11E-05,-2.19E-04,-2.63E-04,-6.30E-05,-4.68E-05,5.27E-05,2.23E-05,3.08E-05,2.55E-05,-1.30E-04,7.32E-06,2.76E-05,5.58E-05,1.13E-05
318,4.21E-05,1.36E-04,-2.39E-04,1.24E-04,-1.01E-04,5.07E-06,5.98E-05,-2.19E-04,-2.62E-04,-6.70E-05,-4.74E-05,5.25E-05,2.17E-05,3.13E-05,2.52E-05,-1.30E-04,9.44E-06,3.19E-05,5.77E-05,9.37E-06
319,3.96E-05,1.32E-04,-2.38E-04,1.19E-04,-1.03E-04,2.46E-06,5.91E-05,-2.18E-04,-2.59E-04,-7.02E-05,-4.74E-05,5.25E-05,2.11E-05,3.25E-05,2.55E-05,-1.29E-04,1.18E-05,3.63E-05,6.00E-05,7.78E-06
320,3.79E-05,1.29E-04,-2.36E-04,1.14E-04,-1.03E-04,9.92E-07,5.93E-05,-2.16E-04,-2.55E-04,-7.24E-05,-4.69E-05,5.28E-05,2.07E-05,3.42E-05,2.63E-05,-1.26E-04,1.45E-05,4.10E-05,6.29E-05,6.67E-06
321,3.73E-05,1.26E-04,-2.32E-04,1.10E-04,-1.02E-04,8.50E-07,6.04E-05,-2.12E-04,-2.50E-04,-7.37E-05,-4.58E-05,5.36E-05,2.05E-05,3.65E-05,2.79E-05,-1.22E-04,1.74E-05,4.58E-05,6.63E-05,6.20E-06
322,3.77E-05,1.24E-04,-2.28E-04,1.07E-04,-9.96E-05,2.18E-06,6.24E-05,-2.06E-04,-2.43E-04,-7.38E-05,-4.42E-05,5.48E-05,2.05E-05,3.94E-05,3.02E-05,-1.17E-04,2.06E-05,5.08E-05,7.05E-05,6.46E-06
323,3.95E-05,1.23E-04,-2.22E-04,1.05E-04,-9.60E-05,5.09E-06,6.55E-05,-1.99E-04,-2.35E-04,-7.28E-05,-4.20E-05,5.64E-05,2.06E-05,4.29E-05,3.33E-05,-1.10E-04,2.42E-05,5.59E-05,7.53E-05,7.54E-06
324,4.25E-05,1.22E-04,-2.14E-04,1.03E-04,-9.11E-05,9.63E-06,6.96E-05,-1.90E-04,-2.25E-04,-7.05E-05,-3.94E-05,5.86E-05,2.08E-05,4.70E-05,3.73E-05,-1.02E-04,2.80E-05,6.11E-05,8.08E-05,9.52E-06
325,4.69E-05,1.23E-04,-2.06E-04,1.01E-04,-8.48E-05,1.58E-05,7.47E-05,-1.80E-04,-2.14E-04,-6.71E-05,-3.63E-05,6.12E-05,2.13E-05,5.15E-05,4.22E-05,-9.32E-05,3.22E-05,6.64E-05,8.71E-05,1.24E-05
326,5.26E-05,1.25E-04,-1.96E-04,1.01E-04,-7.71E-05,2.36E-05,8.10E-05,-1.68E-04,-2.02E-04,-6.26E-05,-3.28E-05,6.43E-05,2.20E-05,5.65E-05,4.80E-05,-8.27E-05,3.68E-05,7.19E-05,9.42E-05,1.63E-05
327,5.98E-05,1.27E-04,-1.85E-04,1.00E-04,-6.82E-05,3.30E-05,8.85E-05,-1.55E-04,-1.89E-04,-5.68E-05,-2.91E-05,6.80E-05,2.28E-05,6.17E-05,5.48E-05,-7.11E-05,4.18E-05,7.76E-05,1.02E-04,2.11E-05
328,6.83E-05,1.31E-04,-1.73E-04,1.01E-04,-5.81E-05,4.37E-05,9.71E-05,-1.40E-04,-1.75E-04,-5.01E-05,-2.51E-05,7.21E-05,2.39E-05,6.73E-05,6.24E-05,-5.84E-05,4.73E-05,8.35E-05,1.11E-04,2.67E-05
329,7.81E-05,1.36E-04,-1.59E-04,1.01E-04,-4.67E-05,5.58E-05,1.07E-04,-1.24E-04,-1.59E-04,-4.22E-05,-2.10E-05,7.67E-05,2.52E-05,7.29E-05,7.08E-05,-4.48E-05,5.32E-05,8.97E-05,1.20E-04,3.32E-05
330,8.92E-05,1.41E-04,-1.44E-04,1.02E-04,-3.42E-05,6.90E-05,1.18E-04,-1.06E-04,-1.43E-04,-3.34E-05,-1.67E-05,8.17E-05,2.68E-05,7.87E-05,8.01E-05,-3.04E-05,5.97E-05,9.62E-05,1.30E-04,4.05E-05
331,1.01E-04,1.48E-04,-1.27E-04,1.03E-04,-2.06E-05,8.31E-05,1.30E-04,-8.69E-05,-1.25E-04,-2.37E-05,-1.24E-05,8.73E-05,2.88E-05,8.45E-05,9.01E-05,-1.54E-05,6.67E-05,1.03E-04,1.41E-04,4.83E-05
332,1.15E-04,1.56E-04,-1.09E-04,1.05E-04,-6.06E-06,9.80E-05,1.43E-04,-6.66E-05,-1.07E-04,-1.30E-05,-8.10E-06,9.32E-05,3.11E-05,9.01E-05,1.01E-04,2.80E-07,7.44E-05,1.10E-04,1.53E-04,5.67E-05
333,1.29E-04,1.65E-04,-9.02E-05,1.06E-04,9.42E-06,1.13E-04,1.58E-04,-4.50E-05,-8.80E-05,-1.43E-06,-3.85E-06,9.96E-05,3.37E-05,9.57E-05,1.12E-04,1.64E-05,8.26E-05,1.18E-04,1.65E-04,6.56E-05
334,1.44E-04,1.75E-04,-6.96E-05,1.07E-04,2.57E-05,1.29E-04,1.73E-04,-2.21E-05,-6.81E-05,1.10E-05,2.92E-07,1.06E-04,3.67E-05,1.01E-04,1.24E-04,3.28E-05,9.15E-05,1.27E-04,1.78E-04,7.46E-05
335,1.59E-04,1.85E-04,-4.77E-05,1.09E-04,4.28E-05,1.46E-04,1.90E-04,1.95E-06,-4.72E-05,2.41E-05,4.28E-06,1.13E-04,4.01E-05,1.06E-04,1.35E-04,4.94E-05,1.01E-04,1.35E-04,1.92E-04,8.38E-05
336,1.75E-04,1.97E-04,-2.47E-05,1.10E-04,6.04E-05,1.62E-04,2.08E-04,2.72E-05,-2.55E-05,3.81E-05,8.07E-06,1.21E-04,4.38E-05,1.11E-04,1.48E-04,6.61E-05,1.11E-04,1.44E-04,2.06E-04,9.30E-05
337,1.92E-04,2.09E-04,-5.09E-07,1.10E-04,7.86E-05,1.78E-04,2.26E-04,5.35E-05,-3.03E-06,5.28E-05,1.16E-05,1.28E-04,4.77E-05,1.15E-04,1.60E-04,8.28E-05,1.21E-04,1.54E-04,2.21E-04,1.02E-04
338,2.08E-04,2.22E-04,2.46E-05,1.11E-04,9.71E-05,1.94E-04,2.46E-04,8.08E-05,2.03E-05,6.81E-05,1.48E-05,1.36E-04,5.18E-05,1.18E-04,1.72E-04,9.94E-05,1.32E-04,1.64E-04,2.37E-04,1.11E-04
339,2.24E-04,2.35E-04,5.04E-05,1.11E-04,1.16E-04,2.10E-04,2.66E-04,1.09E-04,4.43E-05,8.40E-05,1.77E-05,1.43E-04,5.60E-05,1.21E-04,1.84E-04,1.16E-04,1.42E-04,1.73E-04,2.52E-04,1.19E-04
340,2.39E-04,2.48E-04,7.68E-05,1.10E-04,1.35E-04,2.25E-04,2.87E-04,1.38E-04,6.90E-05,1.00E-04,2.01E-05,1.51E-04,6.00E-05,1.24E-04,1.96E-04,1.32E-04,1.53E-04,1.83E-04,2.68E-04,1.27E-04
341,2.54E-04,2.61E-04,1.03E-04,1.08E-04,1.53E-04,2.39E-04,3.08E-04,1.68E-04,9.42E-05,1.17E-04,2.19E-05,1.58E-04,6.38E-05,1.25E-04,2.07E-04,1.47E-04,1.64E-04,1.92E-04,2.83E-04,1.34E-04
342,2.69E-04,2.75E-04,1.30E-04,1.06E-04,1.72E-04,2.53E-04,3.29E-04,1.97E-04,1.20E-04,1.34E-04,2.32E-05,1.64E-04,6.71E-05,1.26E-04,2.18E-04,1.62E-04,1.73E-04,2.01E-04,2.98E-04,1.40E-04
343,2.81E-04,2.87E-04,1.56E-04,1.02E-04,1.89E-04,2.66E-04,3.50E-04,2.27E-04,1.46E-04,1.50E-04,2.37E-05,1.70E-04,6.98E-05,1.25E-04,2.28E-04,1.76E-04,1.82E-04,2.09E-04,3.13E-04,1.45E-04
344,2.93E-04,3.00E-04,1.82E-04,9.68E-05,2.06E-04,2.79E-04,3.70E-04,2.57E-04,1.72E-04,1.67E-04,2.34E-05,1.75E-04,7.16E-05,1.24E-04,2.36E-04,1.90E-04,1.91E-04,2.16E-04,3.26E-04,1.49E-04
345,3.03E-04,3.11E-04,2.07E-04,9.04E-05,2.22E-04,2.90E-04,3.90E-04,2.87E-04,1.98E-04,1.82E-04,2.22E-05,1.79E-04,7.23E-05,1.21E-04,2.44E-04,2.02E-04,1.97E-04,2.22E-04,3.39E-04,1.52E-04
346,3.11E-04,3.21E-04,2.30E-04,8.24E-05,2.37E-04,3.00E-04,4.10E-04,3.15E-04,2.23E-04,1.98E-04,1.99E-05,1.81E-04,7.18E-05,1.18E-04,2.51E-04,2.13E-04,2.03E-04,2.27E-04,3.50E-04,1.54E-04
347,3.17E-04,3.30E-04,2.52E-04,7.28E-05,2.50E-04,3.08E-04,4.27E-04,3.43E-04,2.48E-04,2.12E-04,1.66E-05,1.82E-04,6.99E-05,1.12E-04,2.56E-04,2.23E-04,2.06E-04,2.30E-04,3.59E-04,1.55E-04
348,3.21E-04,3.38E-04,2.71E-04,6.14E-05,2.62E-04,3.15E-04,4.44E-04,3.69E-04,2.72E-04,2.24E-04,1.21E-05,1.81E-04,6.65E-05,1.06E-04,2.60E-04,2.31E-04,2.08E-04,2.32E-04,3.67E-04,1.54E-04
349,3.23E-04,3.44E-04,2.89E-04,4.84E-05,2.71E-04,3.20E-04,4.59E-04,3.93E-04,2.94E-04,2.36E-04,6.31E-06,1.79E-04,6.15E-05,9.83E-05,2.63E-04,2.38E-04,2.08E-04,2.32E-04,3.73E-04,1.53E-04
350,3.22E-04,3.48E-04,3.05E-04,3.35E-05,2.79E-04,3.24E-04,4.72E-04,4.15E-04,3.15E-04,2.45E-04,-7.08E-07,1.74E-04,5.48E-05,8.93E-05,2.64E-04,2.43E-04,2.06E-04,2.30E-04,3.77E-04,1.50E-04
351,3.19E-04,3.50E-04,3.17E-04,1.70E-05,2.85E-04,3.26E-04,4.83E-04,4.35E-04,3.35E-04,2.53E-04,-9.02E-06,1.67E-04,4.65E-05,7.90E-05,2.64E-04,2.47E-04,2.02E-04,2.27E-04,3.79E-04,1.45E-04
352,3.13E-04,3.50E-04,3.28E-04,-1.07E-06,2.89E-04,3.25E-04,4.92E-04,4.52E-04,3.52E-04,2.58E-04,-1.86E-05,1.59E-04,3.66E-05,6.75E-05,2.63E-04,2.49E-04,1.95E-04,2.22E-04,3.79E-04,1.40E-04
353,3.05E-04,3.48E-04,3.35E-04,-2.06E-05,2.90E-04,3.23E-04,4.99E-04,4.66E-04,3.67E-04,2.62E-04,-2.94E-05,1.48E-04,2.52E-05,5.50E-05,2.60E-04,2.49E-04,1.87E-04,2.15E-04,3.78E-04,1.34E-04
354,2.95E-04,3.44E-04,3.40E-04,-4.14E-05,2.90E-04,3.19E-04,5.03E-04,4.78E-04,3.80E-04,2.63E-04,-4.15E-05,1.35E-04,1.25E-05,4.15E-05,2.57E-04,2.48E-04,1.76E-04,2.08E-04,3.74E-04,1.26E-04
355,2.83E-04,3.38E-04,3.42E-04,-6.33E-05,2.87E-04,3.13E-04,5.05E-04,4.86E-04,3.91E-04,2.63E-04,-5.47E-05,1.21E-04,-1.46E-06,2.73E-05,2.52E-04,2.45E-04,1.64E-04,1.99E-04,3.69E-04,1.18E-04
356,2.68E-04,3.30E-04,3.41E-04,-8.60E-05,2.82E-04,3.06E-04,5.05E-04,4.91E-04,3.99E-04,2.60E-04,-6.89E-05,1.04E-04,-1.63E-05,1.25E-05,2.47E-04,2.40E-04,1.50E-04,1.89E-04,3.63E-04,1.08E-04
357,2.52E-04,3.20E-04,3.38E-04,-1.09E-04,2.76E-04,2.97E-04,5.03E-04,4.93E-04,4.04E-04,2.55E-04,-8.40E-05,8.62E-05,-3.19E-05,-2.79E-06,2.40E-04,2.34E-04,1.34E-04,1.78E-04,3.55E-04,9.81E-05
358,2.34E-04,3.07E-04,3.33E-04,-1.33E-04,2.68E-04,2.86E-04,4.98E-04,4.92E-04,4.07E-04,2.49E-04,-1.00E-04,6.66E-05,-4.79E-05,-1.83E-05,2.34E-04,2.27E-04,1.16E-04,1.67E-04,3.46E-04,8.74E-05
359,2.14E-04,2.93E-04,3.25E-04,-1.56E-04,2.59E-04,2.74E-04,4.91E-04,4.88E-04,4.08E-04,2.41E-04,-1.17E-04,4.58E-05,-6.42E-05,-3.38E-05,2.27E-04,2.19E-04,9.73E-05,1.56E-04,3.37E-04,7.60E-05
360,1.93E-04,2.77E-04,3.15E-04,-1.79E-04,2.48E-04,2.62E-04,4.82E-04,4.81E-04,4.06E-04,2.31E-04,-1.34E-04,2.39E-05,-8.05E-05,-4.91E-05,2.20E-04,2.10E-04,7.72E-05,1.44E-04,3.26E-04,6.42E-05
361,1.72E-04,2.59E-04,3.03E-04,-2.02E-04,2.37E-04,2.48E-04,4.71E-04,4.72E-04,4.01E-04,2.20E-04,-1.51E-04,1.21E-06,-9.65E-05,-6.42E-05,2.12E-04,2.00E-04,5.62E-05,1.32E-04,3.16E-04,5.20E-05
362,1.49E-04,2.40E-04,2.89E-04,-2.24E-04,2.24E-04,2.34E-04,4.58E-04,4.59E-04,3.95E-04,2.07E-04,-1.69E-04,-2.21E-05,-1.12E-04,-7.88E-05,2.05E-04,1.90E-04,3.43E-05,1.19E-04,3.04E-04,3.94E-05
363,1.26E-04,2.20E-04,2.74E-04,-2.44E-04,2.11E-04,2.20E-04,4.43E-04,4.45E-04,3.86E-04,1.94E-04,-1.88E-04,-4.59E-05,-1.27E-04,-9.28E-05,1.98E-04,1.79E-04,1.17E-05,1.07E-04,2.93E-04,2.65E-05
364,1.03E-04,1.98E-04,2.57E-04,-2.64E-04,1.98E-04,2.05E-04,4.26E-04,4.28E-04,3.76E-04,1.79E-04,-2.06E-04,-6.98E-05,-1.41E-04,-1.06E-04,1.91E-04,1.68E-04,-1.16E-05,9.52E-05,2.81E-04,1.35E-05
365,7.99E-05,1.75E-04,2.40E-04,-2.82E-04,1.84E-04,1.91E-04,4.08E-04,4.08E-04,3.63E-04,1.64E-04,-2.24E-04,-9.38E-05,-1.55E-04,-1.19E-04,1.85E-04,1.58E-04,-3.53E-05,8.31E-05,2.69E-04,1.97E-07
366,5.69E-05,1.50E-04,2.21E-04,-2.99E-04,1.70E-04,1.76E-04,3.88E-04,3.87E-04,3.49E-04,1.47E-04,-2.42E-04,-1.18E-04,-1.68E-04,-1.31E-04,1.78E-04,1.47E-04,-5.94E-05,7.11E-05,2.57E-04,-1.32E-05
367,3.44E-05,1.26E-04,2.01E-04,-3.14E-04,1.56E-04,1.62E-04,3.66E-04,3.64E-04,3.34E-04,1.30E-04,-2.60E-04,-1.41E-04,-1.80E-04,-1.42E-04,1.72E-04,1.37E-04,-8.37E-05,5.91E-05,2.45E-04,-2.67E-05
368,1.24E-05,1.00E-04,1.81E-04,-3.28E-04,1.42E-04,1.49E-04,3.43E-04,3.40E-04,3.17E-04,1.13E-04,-2.77E-04,-1.64E-04,-1.91E-04,-1.52E-04,1.66E-04,1.27E-04,-1.08E-04,4.72E-05,2.32E-04,-4.03E-05
369,-8.68E-06,7.39E-05,1.60E-04,-3.40E-04,1.28E-04,1.35E-04,3.19E-04,3.13E-04,2.99E-04,9.51E-05,-2.93E-04,-1.87E-04,-2.01E-04,-1.62E-04,1.60E-04,1.17E-04,-1.33E-04,3.52E-05,2.19E-04,-5.39E-05
370,-2.88E-05,4.75E-05,1.39E-04,-3.50E-04,1.15E-04,1.23E-04,2.94E-04,2.86E-04,2.80E-04,7.68E-05,-3.09E-04,-2.08E-04,-2.10E-04,-1.70E-04,1.55E-04,1.08E-04,-1.57E-04,2.33E-05,2.06E-04,-6.74E-05
371,-4.77E-05,2.11E-05,1.18E-04,-3.59E-04,1.02E-04,1.10E-04,2.68E-04,2.58E-04,2.60E-04,5.83E-05,-3.24E-04,-2.29E-04,-2.19E-04,-1.78E-04,1.49E-04,9.95E-05,-1.82E-04,1.13E-05,1.93E-04,-8.07E-05
372,-6.52E-05,-5.21E-06,9.69E-05,-3.66E-04,8.93E-05,9.88E-05,2.41E-04,2.28E-04,2.40E-04,3.96E-05,-3.38E-04,-2.49E-04,-2.27E-04,-1.85E-04,1.43E-04,9.12E-05,-2.06E-04,-6.86E-07,1.79E-04,-9.39E-05
373,-8.12E-05,-3.12E-05,7.63E-05,-3.72E-04,7.74E-05,8.78E-05,2.14E-04,1.98E-04,2.19E-04,2.10E-05,-3.51E-04,-2.68E-04,-2.35E-04,-1.92E-04,1.38E-04,8.32E-05,-2.29E-04,-1.26E-05,1.65E-04,-1.07E-04
374,-9.56E-05,-5.65E-05,5.62E-05,-3.77E-04,6.63E-05,7.74E-05,1.87E-04,1.68E-04,1.99E-04,2.52E-06,-3.62E-04,-2.86E-04,-2.42E-04,-1.97E-04,1.32E-04,7.56E-05,-2.52E-04,-2.45E-05,1.51E-04,-1.19E-04
375,-1.08E-04,-8.10E-05,3.69E-05,-3.80E-04,5.59E-05,6.77E-05,1.59E-04,1.38E-04,1.78E-04,-1.56E-05,-3.71E-04,-3.02E-04,-2.48E-04,-2.02E-04,1.27E-04,6.84E-05,-2.74E-04,-3.62E-05,1.37E-04,-1.31E-04
376,-1.19E-04,-1.04E-04,1.86E-05,-3.81E-04,4.63E-05,5.88E-05,1.32E-04,1.08E-04,1.57E-04,-3.31E-05,-3.79E-04,-3.17E-04,-2.54E-04,-2.06E-04,1.22E-04,6.14E-05,-2.95E-04,-4.77E-05,1.22E-04,-1.42E-04
377,-1.28E-04,-1.26E-04,1.41E-06,-3.82E-04,3.76E-05,5.06E-05,1.06E-04,7.78E-05,1.37E-04,-4.98E-05,-3.85E-04,-3.31E-04,-2.59E-04,-2.09E-04,1.17E-04,5.48E-05,-3.15E-04,-5.88E-05,1.09E-04,-1.52E-04
378,-1.35E-04,-1.47E-04,-1.44E-05,-3.81E-04,2.98E-05,4.33E-05,8.11E-05,4.89E-05,1.18E-04,-6.55E-05,-3.89E-04,-3.43E-04,-2.63E-04,-2.11E-04,1.13E-04,4.84E-05,-3.33E-04,-6.94E-05,9.50E-05,-1.61E-04
379,-1.40E-04,-1.66E-04,-2.87E-05,-3.79E-04,2.29E-05,3.70E-05,5.71E-05,2.11E-05,9.92E-05,-8.01E-05,-3.91E-04,-3.53E-04,-2.67E-04,-2.12E-04,1.09E-04,4.22E-05,-3.50E-04,-7.94E-05,8.21E-05,-1.69E-04
380,-1.43E-04,-1.82E-04,-4.14E-05,-3.76E-04,1.71E-05,3.17E-05,3.46E-05,-5.23E-06,8.16E-05,-9.33E-05,-3.90E-04,-3.61E-04,-2.70E-04,-2.12E-04,1.06E-04,3.63E-05,-3.65E-04,-8.86E-05,6.97E-05,-1.76E-04
381,-1.44E-04,-1.97E-04,-5.24E-05,-3.71E-04,1.22E-05,2.76E-05,1.38E-05,-2.99E-05,6.52E-05,-1.05E-04,-3.88E-04,-3.68E-04,-2.73E-04,-2.12E-04,1.03E-04,3.06E-05,-3.78E-04,-9.71E-05,5.81E-05,-1.81E-04
382,-1.44E-04,-2.09E-04,-6.16E-05,-3.66E-04,8.32E-06,2.46E-05,-5.13E-06,-5.26E-05,5.00E-05,-1.15E-04,-3.83E-04,-3.73E-04,-2.74E-04,-2.10E-04,1.01E-04,2.51E-05,-3.90E-04,-1.05E-04,4.73E-05,-1.85E-04
383,-1.42E-04,-2.20E-04,-6.90E-05,-3.60E-04,5.34E-06,2.28E-05,-2.21E-05,-7.32E-05,3.62E-05,-1.24E-04,-3.76E-04,-3.76E-04,-2.75E-04,-2.07E-04,1.00E-04,1.99E-05,-3.99E-04,-1.11E-04,3.74E-05,-1.88E-04
384,-1.38E-04,-2.27E-04,-7.46E-05,-3.52E-04,3.23E-06,2.21E-05,-3.71E-05,-9.14E-05,2.36E-05,-1.31E-04,-3.68E-04,-3.77E-04,-2.75E-04,-2.03E-04,9.99E-05,1.48E-05,-4.07E-04,-1.17E-04,2.83E-05,-1.90E-04
385,-1.34E-04,-2.33E-04,-7.84E-05,-3.44E-04,1.88E-06,2.26E-05,-5.01E-05,-1.07E-04,1.24E-05,-1.36E-04,-3.57E-04,-3.77E-04,-2.75E-04,-1.99E-04,1.01E-04,1.00E-05,-4.13E-04,-1.21E-04,2.01E-05,-1.90E-04
386,-1.28E-04,-2.36E-04,-8.07E-05,-3.36E-04,1.18E-06,2.41E-05,-6.11E-05,-1.21E-04,2.41E-06,-1.40E-04,-3.46E-04,-3.75E-04,-2.74E-04,-1.94E-04,1.02E-04,5.37E-06,-4.16E-04,-1.25E-04,1.25E-05,-1.89E-04
387,-1.22E-04,-2.38E-04,-8.14E-05,-3.27E-04,9.93E-07,2.65E-05,-7.02E-05,-1.32E-04,-6.35E-06,-1.43E-04,-3.33E-04,-3.71E-04,-2.72E-04,-1.88E-04,1.04E-04,9.06E-07,-4.18E-04,-1.28E-04,5.47E-06,-1.87E-04
388,-1.16E-04,-2.38E-04,-8.09E-05,-3.17E-04,1.16E-06,2.95E-05,-7.76E-05,-1.40E-04,-1.40E-05,-1.44E-04,-3.19E-04,-3.67E-04,-2.70E-04,-1.82E-04,1.06E-04,-3.43E-06,-4.19E-04,-1.30E-04,-1.15E-06,-1.85E-04
389,-1.10E-04,-2.36E-04,-7.93E-05,-3.08E-04,1.52E-06,3.30E-05,-8.35E-05,-1.47E-04,-2.07E-05,-1.45E-04,-3.05E-04,-3.62E-04,-2.67E-04,-1.76E-04,1.09E-04,-7.67E-06,-4.18E-04,-1.31E-04,-7.56E-06,-1.82E-04
390,-1.04E-04,-2.33E-04,-7.68E-05,-2.99E-04,1.92E-06,3.67E-05,-8.82E-05,-1.51E-04,-2.65E-05,-1.46E-04,-2.91E-04,-3.56E-04,-2.64E-04,-1.70E-04,1.12E-04,-1.19E-05,-4.16E-04,-1.32E-04,-1.40E-05,-1.79E-04
391,-9.82E-05,-2.30E-04,-7.36E-05,-2.90E-04,2.19E-06,4.03E-05,-9.17E-05,-1.54E-04,-3.17E-05,-1.46E-04,-2.78E-04,-3.50E-04,-2.61E-04,-1.64E-04,1.14E-04,-1.61E-05,-4.13E-04,-1.32E-04,-2.06E-05,-1.76E-04
392,-9.34E-05,-2.25E-04,-7.00E-05,-2.81E-04,2.18E-06,4.36E-05,-9.45E-05,-1.56E-04,-3.62E-05,-1.46E-04,-2.65E-04,-3.43E-04,-2.59E-04,-1.59E-04,1.17E-04,-2.04E-05,-4.10E-04,-1.33E-04,-2.75E-05,-1.73E-04
393,-8.96E-05,-2.21E-04,-6.62E-05,-2.74E-04,1.78E-06,4.63E-05,-9.67E-05,-1.56E-04,-4.03E-05,-1.47E-04,-2.53E-04,-3.37E-04,-2.56E-04,-1.54E-04,1.18E-04,-2.49E-05,-4.06E-04,-1.33E-04,-3.51E-05,-1.71E-04
394,-8.69E-05,-2.17E-04,-6.23E-05,-2.67E-04,8.88E-07,4.81E-05,-9.85E-05,-1.55E-04,-4.40E-05,-1.48E-04,-2.42E-04,-3.31E-04,-2.54E-04,-1.51E-04,1.19E-04,-2.95E-05,-4.02E-04,-1.34E-04,-4.32E-05,-1.70E-04
395,-8.54E-05,-2.13E-04,-5.85E-05,-2.62E-04,-5.57E-07,4.89E-05,-1.00E-04,-1.53E-04,-4.73E-05,-1.50E-04,-2.33E-04,-3.26E-04,-2.52E-04,-1.48E-04,1.19E-04,-3.44E-05,-3.97E-04,-1.35E-04,-5.21E-05,-1.69E-04
396,-8.52E-05,-2.10E-04,-5.49E-05,-2.58E-04,-2.58E-06,4.85E-05,-1.02E-04,-1.51E-04,-5.04E-05,-1.52E-04,-2.26E-04,-3.22E-04,-2.51E-04,-1.46E-04,1.18E-04,-3.96E-05,-3.93E-04,-1.36E-04,-6.18E-05,-1.69E-04
397,-8.63E-05,-2.07E-04,-5.17E-05,-2.56E-04,-5.18E-06,4.70E-05,-1.03E-04,-1.49E-04,-5.32E-05,-1.55E-04,-2.20E-04,-3.19E-04,-2.51E-04,-1.45E-04,1.16E-04,-4.50E-05,-3.90E-04,-1.38E-04,-7.22E-05,-1.71E-04
398,-8.87E-05,-2.06E-04,-4.88E-05,-2.55E-04,-8.30E-06,4.41E-05,-1.05E-04,-1.47E-04,-5.56E-05,-1.59E-04,-2.16E-04,-3.16E-04,-2.51E-04,-1.46E-04,1.13E-04,-5.07E-05,-3.87E-04,-1.40E-04,-8.32E-05,-1.73E-04
399,-9.23E-05,-2.06E-04,-4.63E-05,-2.55E-04,-1.19E-05,4.01E-05,-1.07E-04,-1.44E-04,-5.77E-05,-1.64E-04,-2.14E-04,-3.15E-04,-2.52E-04,-1.47E-04,1.09E-04,-5.67E-05,-3.84E-04,-1.42E-04,-9.48E-05,-1.76E-04
400,-9.69E-05,-2.07E-04,-4.42E-05,-2.57E-04,-1.58E-05,3.49E-05,-1.10E-04,-1.41E-04,-5.94E-05,-1.69E-04,-2.14E-04,-3.14E-04,-2.54E-04,-1.50E-04,1.03E-04,-6.29E-05,-3.81E-04,-1.45E-04,-1.07E-04,-1.80E-04
401,-1.02E-04,-2.09E-04,-4.24E-05,-2.60E-04,-2.00E-05,2.89E-05,-1.12E-04,-1.39E-04,-6.05E-05,-1.74E-04,-2.15E-04,-3.15E-04,-2.56E-04,-1.53E-04,9.71E-05,-6.92E-05,-3.79E-04,-1.48E-04,-1.19E-04,-1.85E-04
402,-1.09E-04,-2.13E-04,-4.08E-05,-2.65E-04,-2.42E-05,2.21E-05,-1.15E-04,-1.36E-04,-6.10E-05,-1.80E-04,-2.17E-04,-3.16E-04,-2.59E-04,-1.58E-04,8.99E-05,-7.57E-05,-3.78E-04,-1.51E-04,-1.31E-04,-1.90E-04
403,-1.16E-04,-2.18E-04,-3.95E-05,-2.70E-04,-2.84E-05,1.49E-05,-1.17E-04,-1.33E-04,-6.08E-05,-1.85E-04,-2.21E-04,-3.18E-04,-2.62E-04,-1.62E-04,8.22E-05,-8.20E-05,-3.77E-04,-1.54E-04,-1.43E-04,-1.95E-04
404,-1.23E-04,-2.23E-04,-3.84E-05,-2.77E-04,-3.25E-05,7.46E-06,-1.20E-04,-1.30E-04,-5.99E-05,-1.90E-04,-2.25E-04,-3.21E-04,-2.65E-04,-1.68E-04,7.40E-05,-8.83E-05,-3.76E-04,-1.57E-04,-1.55E-04,-2.01E-04
405,-1.30E-04,-2.30E-04,-3.73E-05,-2.84E-04,-3.63E-05,2.53E-08,-1.22E-04,-1.26E-04,-5.83E-05,-1.94E-04,-2.31E-04,-3.24E-04,-2.68E-04,-1.73E-04,6.56E-05,-9.44E-05,-3.75E-04,-1.60E-04,-1.66E-04,-2.06E-04
406,-1.38E-04,-2.37E-04,-3.63E-05,-2.92E-04,-3.98E-05,-7.17E-06,-1.24E-04,-1.22E-04,-5.58E-05,-1.98E-04,-2.36E-04,-3.27E-04,-2.72E-04,-1.79E-04,5.70E-05,-1.00E-04,-3.74E-04,-1.63E-04,-1.77E-04,-2.11E-04
407,-1.45E-04,-2.45E-04,-3.54E-05,-3.01E-04,-4.29E-05,-1.39E-05,-1.26E-04,-1.18E-04,-5.27E-05,-2.01E-04,-2.42E-04,-3.30E-04,-2.75E-04,-1.85E-04,4.85E-05,-1.05E-04,-3.73E-04,-1.65E-04,-1.87E-04,-2.16E-04
408,-1.53E-04,-2.53E-04,-3.45E-05,-3.09E-04,-4.56E-05,-2.01E-05,-1.28E-04,-1.13E-04,-4.90E-05,-2.03E-04,-2.49E-04,-3.34E-04,-2.79E-04,-1.91E-04,4.00E-05,-1.10E-04,-3.73E-04,-1.67E-04,-1.96E-04,-2.20E-04
409,-1.60E-04,-2.62E-04,-3.38E-05,-3.18E-04,-4.79E-05,-2.57E-05,-1.30E-04,-1.08E-04,-4.48E-05,-2.04E-04,-2.55E-04,-3.37E-04,-2.82E-04,-1.97E-04,3.18E-05,-1.15E-04,-3.73E-04,-1.68E-04,-2.05E-04,-2.23E-04
410,-1.67E-04,-2.71E-04,-3.33E-05,-3.27E-04,-5.00E-05,-3.06E-05,-1.32E-04,-1.03E-04,-4.03E-05,-2.05E-04,-2.61E-04,-3.40E-04,-2.85E-04,-2.02E-04,2.39E-05,-1.18E-04,-3.72E-04,-1.69E-04,-2.12E-04,-2.26E-04
411,-1.74E-04,-2.80E-04,-3.31E-05,-3.36E-04,-5.18E-05,-3.48E-05,-1.34E-04,-9.79E-05,-3.57E-05,-2.05E-04,-2.67E-04,-3.44E-04,-2.88E-04,-2.08E-04,1.62E-05,-1.21E-04,-3.72E-04,-1.70E-04,-2.19E-04,-2.29E-04
412,-1.81E-04,-2.90E-04,-3.35E-05,-3.45E-04,-5.36E-05,-3.84E-05,-1.36E-04,-9.29E-05,-3.11E-05,-2.05E-04,-2.73E-04,-3.47E-04,-2.92E-04,-2.14E-04,8.75E-06,-1.24E-04,-3.73E-04,-1.71E-04,-2.26E-04,-2.31E-04
413,-1.88E-04,-3.00E-04,-3.44E-05,-3.54E-04,-5.53E-05,-4.15E-05,-1.39E-04,-8.85E-05,-2.69E-05,-2.05E-04,-2.78E-04,-3.51E-04,-2.95E-04,-2.19E-04,1.48E-06,-1.26E-04,-3.73E-04,-1.72E-04,-2.32E-04,-2.33E-04
414,-1.96E-04,-3.11E-04,-3.62E-05,-3.62E-04,-5.73E-05,-4.43E-05,-1.43E-04,-8.47E-05,-2.31E-05,-2.04E-04,-2.84E-04,-3.54E-04,-2.98E-04,-2.25E-04,-5.68E-06,-1.28E-04,-3.75E-04,-1.73E-04,-2.38E-04,-2.34E-04
415,-2.03E-04,-3.22E-04,-3.89E-05,-3.71E-04,-5.96E-05,-4.70E-05,-1.47E-04,-8.19E-05,-2.01E-05,-2.04E-04,-2.90E-04,-3.58E-04,-3.01E-04,-2.30E-04,-1.28E-05,-1.29E-04,-3.77E-04,-1.74E-04,-2.43E-04,-2.36E-04
416,-2.11E-04,-3.33E-04,-4.26E-05,-3.79E-04,-6.22E-05,-4.96E-05,-1.52E-04,-8.04E-05,-1.80E-05,-2.05E-04,-2.95E-04,-3.63E-04,-3.05E-04,-2.36E-04,-1.99E-05,-1.30E-04,-3.79E-04,-1.76E-04,-2.49E-04,-2.38E-04
417,-2.20E-04,-3.45E-04,-4.75E-05,-3.88E-04,-6.55E-05,-5.23E-05,-1.59E-04,-8.03E-05,-1.70E-05,-2.06E-04,-3.01E-04,-3.68E-04,-3.08E-04,-2.42E-04,-2.71E-05,-1.30E-04,-3.83E-04,-1.79E-04,-2.54E-04,-2.39E-04
418,-2.30E-04,-3.58E-04,-5.36E-05,-3.97E-04,-6.93E-05,-5.53E-05,-1.66E-04,-8.18E-05,-1.71E-05,-2.08E-04,-3.07E-04,-3.74E-04,-3.12E-04,-2.48E-04,-3.44E-05,-1.31E-04,-3.87E-04,-1.82E-04,-2.59E-04,-2.41E-04
419,-2.40E-04,-3.71E-04,-6.09E-05,-4.06E-04,-7.37E-05,-5.86E-05,-1.75E-04,-8.50E-05,-1.83E-05,-2.11E-04,-3.13E-04,-3.81E-04,-3.16E-04,-2.54E-04,-4.18E-05,-1.31E-04,-3.93E-04,-1.86E-04,-2.65E-04,-2.43E-04
420,-2.51E-04,-3.85E-04,-6.94E-05,-4.15E-04,-7.88E-05,-6.22E-05,-1.85E-04,-9.00E-05,-2.07E-05,-2.15E-04,-3.20E-04,-3.88E-04,-3.21E-04,-2.61E-04,-4.93E-05,-1.31E-04,-3.99E-04,-1.91E-04,-2.70E-04,-2.46E-04
421,-2.63E-04,-3.99E-04,-7.90E-05,-4.25E-04,-8.44E-05,-6.62E-05,-1.96E-04,-9.66E-05,-2.42E-05,-2.20E-04,-3.26E-04,-3.97E-04,-3.25E-04,-2.68E-04,-5.67E-05,-1.31E-04,-4.06E-04,-1.97E-04,-2.76E-04,-2.49E-04
422,-2.76E-04,-4.13E-04,-8.95E-05,-4.35E-04,-9.05E-05,-7.04E-05,-2.08E-04,-1.05E-04,-2.86E-05,-2.26E-04,-3.33E-04,-4.05E-04,-3.30E-04,-2.75E-04,-6.40E-05,-1.32E-04,-4.14E-04,-2.04E-04,-2.81E-04,-2.52E-04
423,-2.89E-04,-4.28E-04,-1.01E-04,-4.45E-04,-9.69E-05,-7.47E-05,-2.21E-04,-1.14E-04,-3.39E-05,-2.32E-04,-3.40E-04,-4.15E-04,-3.35E-04,-2.83E-04,-7.10E-05,-1.32E-04,-4.22E-04,-2.12E-04,-2.86E-04,-2.56E-04
424,-3.03E-04,-4.42E-04,-1.12E-04,-4.56E-04,-1.04E-04,-7.90E-05,-2.34E-04,-1.25E-04,-3.98E-05,-2.39E-04,-3.47E-04,-4.25E-04,-3.40E-04,-2.90E-04,-7.76E-05,-1.32E-04,-4.31E-04,-2.20E-04,-2.90E-04,-2.59E-04
425,-3.17E-04,-4.56E-04,-1.24E-04,-4.66E-04,-1.10E-04,-8.32E-05,-2.47E-04,-1.36E-04,-4.62E-05,-2.47E-04,-3.54E-04,-4.36E-04,-3.44E-04,-2.97E-04,-8.36E-05,-1.33E-04,-4.40E-04,-2.29E-04,-2.94E-04,-2.63E-04
426,-3.31E-04,-4.70E-04,-1.36E-04,-4.77E-04,-1.17E-04,-8.70E-05,-2.61E-04,-1.48E-04,-5.27E-05,-2.54E-04,-3.61E-04,-4.46E-04,-3.49E-04,-3.04E-04,-8.89E-05,-1.33E-04,-4.49E-04,-2.38E-04,-2.96E-04,-2.66E-04
427,-3.46E-04,-4.83E-04,-1.48E-04,-4.88E-04,-1.23E-04,-9.03E-05,-2.74E-04,-1.60E-04,-5.94E-05,-2.61E-04,-3.67E-04,-4.57E-04,-3.53E-04,-3.10E-04,-9.32E-05,-1.33E-04,-4.57E-04,-2.47E-04,-2.98E-04,-2.69E-04
428,-3.60E-04,-4.95E-04,-1.59E-04,-4.98E-04,-1.29E-04,-9.29E-05,-2.86E-04,-1.71E-04,-6.58E-05,-2.68E-04,-3.73E-04,-4.67E-04,-3.56E-04,-3.16E-04,-9.64E-05,-1.33E-04,-4.66E-04,-2.56E-04,-3.00E-04,-2.71E-04
429,-3.73E-04,-5.05E-04,-1.70E-04,-5.09E-04,-1.34E-04,-9.47E-05,-2.98E-04,-1.82E-04,-7.20E-05,-2.74E-04,-3.79E-04,-4.77E-04,-3.59E-04,-3.22E-04,-9.85E-05,-1.33E-04,-4.74E-04,-2.65E-04,-2.99E-04,-2.72E-04
430,-3.86E-04,-5.15E-04,-1.80E-04,-5.19E-04,-1.39E-04,-9.57E-05,-3.09E-04,-1.92E-04,-7.78E-05,-2.80E-04,-3.84E-04,-4.86E-04,-3.62E-04,-3.27E-04,-9.94E-05,-1.33E-04,-4.81E-04,-2.74E-04,-2.98E-04,-2.73E-04
431,-3.97E-04,-5.23E-04,-1.88E-04,-5.28E-04,-1.43E-04,-9.59E-05,-3.19E-04,-2.02E-04,-8.31E-05,-2.85E-04,-3.88E-04,-4.94E-04,-3.64E-04,-3.30E-04,-9.91E-05,-1.33E-04,-4.88E-04,-2.82E-04,-2.96E-04,-2.74E-04
432,-4.08E-04,-5.30E-04,-1.96E-04,-5.37E-04,-1.46E-04,-9.52E-05,-3.28E-04,-2.10E-04,-8.79E-05,-2.89E-04,-3.91E-04,-5.02E-04,-3.66E-04,-3.34E-04,-9.76E-05,-1.32E-04,-4.94E-04,-2.89E-04,-2.93E-04,-2.73E-04
433,-4.17E-04,-5.35E-04,-2.03E-04,-5.45E-04,-1.49E-04,-9.39E-05,-3.36E-04,-2.16E-04,-9.23E-05,-2.92E-04,-3.94E-04,-5.09E-04,-3.67E-04,-3.36E-04,-9.50E-05,-1.32E-04,-5.00E-04,-2.95E-04,-2.89E-04,-2.72E-04
434,-4.26E-04,-5.40E-04,-2.10E-04,-5.52E-04,-1.51E-04,-9.20E-05,-3.42E-04,-2.22E-04,-9.63E-05,-2.94E-04,-3.96E-04,-5.15E-04,-3.67E-04,-3.38E-04,-9.14E-05,-1.31E-04,-5.05E-04,-3.01E-04,-2.85E-04,-2.70E-04
435,-4.33E-04,-5.43E-04,-2.15E-04,-5.58E-04,-1.53E-04,-8.99E-05,-3.48E-04,-2.27E-04,-1.00E-04,-2.95E-04,-3.98E-04,-5.20E-04,-3.68E-04,-3.39E-04,-8.72E-05,-1.30E-04,-5.09E-04,-3.06E-04,-2.80E-04,-2.68E-04
436,-4.39E-04,-5.45E-04,-2.20E-04,-5.63E-04,-1.55E-04,-8.76E-05,-3.53E-04,-2.31E-04,-1.04E-04,-2.96E-04,-3.99E-04,-5.25E-04,-3.68E-04,-3.40E-04,-8.24E-05,-1.30E-04,-5.13E-04,-3.11E-04,-2.74E-04,-2.66E-04
437,-4.44E-04,-5.47E-04,-2.25E-04,-5.68E-04,-1.56E-04,-8.56E-05,-3.58E-04,-2.35E-04,-1.07E-04,-2.97E-04,-4.00E-04,-5.29E-04,-3.68E-04,-3.40E-04,-7.74E-05,-1.30E-04,-5.18E-04,-3.15E-04,-2.69E-04,-2.63E-04
438,-4.48E-04,-5.48E-04,-2.30E-04,-5.72E-04,-1.58E-04,-8.40E-05,-3.62E-04,-2.38E-04,-1.11E-04,-2.97E-04,-4.01E-04,-5.32E-04,-3.68E-04,-3.40E-04,-7.24E-05,-1.30E-04,-5.22E-04,-3.19E-04,-2.63E-04,-2.61E-04
439,-4.51E-04,-5.49E-04,-2.35E-04,-5.75E-04,-1.60E-04,-8.31E-05,-3.66E-04,-2.42E-04,-1.15E-04,-2.97E-04,-4.02E-04,-5.35E-04,-3.68E-04,-3.40E-04,-6.77E-05,-1.31E-04,-5.26E-04,-3.23E-04,-2.58E-04,-2.59E-04
440,-4.54E-04,-5.51E-04,-2.41E-04,-5.77E-04,-1.63E-04,-8.32E-05,-3.71E-04,-2.46E-04,-1.19E-04,-2.97E-04,-4.03E-04,-5.38E-04,-3.68E-04,-3.40E-04,-6.34E-05,-1.33E-04,-5.30E-04,-3.27E-04,-2.54E-04,-2.57E-04
441,-4.56E-04,-5.52E-04,-2.47E-04,-5.79E-04,-1.66E-04,-8.44E-05,-3.75E-04,-2.50E-04,-1.24E-04,-2.97E-04,-4.03E-04,-5.42E-04,-3.69E-04,-3.40E-04,-5.99E-05,-1.35E-04,-5.35E-04,-3.31E-04,-2.50E-04,-2.57E-04
442,-4.59E-04,-5.54E-04,-2.54E-04,-5.80E-04,-1.71E-04,-8.68E-05,-3.81E-04,-2.55E-04,-1.29E-04,-2.98E-04,-4.05E-04,-5.45E-04,-3.69E-04,-3.40E-04,-5.72E-05,-1.38E-04,-5.41E-04,-3.35E-04,-2.47E-04,-2.57E-04
443,-4.61E-04,-5.57E-04,-2.62E-04,-5.80E-04,-1.76E-04,-9.06E-05,-3.86E-04,-2.61E-04,-1.35E-04,-2.99E-04,-4.06E-04,-5.48E-04,-3.71E-04,-3.40E-04,-5.56E-05,-1.43E-04,-5.46E-04,-3.40E-04,-2.44E-04,-2.58E-04
444,-4.64E-04,-5.60E-04,-2.71E-04,-5.81E-04,-1.82E-04,-9.57E-05,-3.93E-04,-2.68E-04,-1.41E-04,-3.00E-04,-4.08E-04,-5.52E-04,-3.72E-04,-3.41E-04,-5.50E-05,-1.48E-04,-5.53E-04,-3.46E-04,-2.43E-04,-2.60E-04
445,-4.68E-04,-5.64E-04,-2.81E-04,-5.81E-04,-1.89E-04,-1.02E-04,-4.00E-04,-2.77E-04,-1.48E-04,-3.02E-04,-4.11E-04,-5.56E-04,-3.75E-04,-3.42E-04,-5.56E-05,-1.55E-04,-5.59E-04,-3.51E-04,-2.42E-04,-2.63E-04
446,-4.71E-04,-5.69E-04,-2.91E-04,-5.80E-04,-1.97E-04,-1.10E-04,-4.08E-04,-2.86E-04,-1.55E-04,-3.05E-04,-4.14E-04,-5.60E-04,-3.77E-04,-3.42E-04,-5.72E-05,-1.62E-04,-5.66E-04,-3.58E-04,-2.42E-04,-2.67E-04
447,-4.76E-04,-5.74E-04,-3.03E-04,-5.80E-04,-2.06E-04,-1.18E-04,-4.16E-04,-2.95E-04,-1.63E-04,-3.08E-04,-4.17E-04,-5.64E-04,-3.80E-04,-3.43E-04,-5.99E-05,-1.71E-04,-5.73E-04,-3.64E-04,-2.43E-04,-2.72E-04
448,-4.81E-04,-5.79E-04,-3.15E-04,-5.79E-04,-2.16E-04,-1.28E-04,-4.24E-04,-3.06E-04,-1.71E-04,-3.11E-04,-4.21E-04,-5.69E-04,-3.83E-04,-3.45E-04,-6.36E-05,-1.81E-04,-5.79E-04,-3.71E-04,-2.44E-04,-2.78E-04
449,-4.86E-04,-5.84E-04,-3.26E-04,-5.78E-04,-2.26E-04,-1.38E-04,-4.33E-04,-3.16E-04,-1.79E-04,-3.15E-04,-4.24E-04,-5.73E-04,-3.86E-04,-3.46E-04,-6.80E-05,-1.91E-04,-5.86E-04,-3.79E-04,-2.45E-04,-2.84E-04
450,-4.93E-04,-5.90E-04,-3.38E-04,-5.77E-04,-2.36E-04,-1.48E-04,-4.42E-04,-3.27E-04,-1.86E-04,-3.19E-04,-4.28E-04,-5.76E-04,-3.90E-04,-3.46E-04,-7.31E-05,-2.03E-04,-5.92E-04,-3.86E-04,-2.47E-04,-2.91E-04
451,-4.99E-04,-5.94E-04,-3.50E-04,-5.76E-04,-2.47E-04,-1.59E-04,-4.50E-04,-3.38E-04,-1.94E-04,-3.23E-04,-4.32E-04,-5.80E-04,-3.93E-04,-3.47E-04,-7.88E-05,-2.15E-04,-5.97E-04,-3.93E-04,-2.49E-04,-2.99E-04
452,-5.06E-04,-5.99E-04,-3.62E-04,-5.75E-04,-2.58E-04,-1.70E-04,-4.58E-04,-3.48E-04,-2.02E-04,-3.27E-04,-4.36E-04,-5.83E-04,-3.97E-04,-3.47E-04,-8.49E-05,-2.29E-04,-6.02E-04,-3.99E-04,-2.51E-04,-3.07E-04
453,-5.13E-04,-6.02E-04,-3.72E-04,-5.74E-04,-2.70E-04,-1.82E-04,-4.66E-04,-3.57E-04,-2.09E-04,-3.31E-04,-4.39E-04,-5.85E-04,-4.00E-04,-3.47E-04,-9.13E-05,-2.42E-04,-6.06E-04,-4.06E-04,-2.53E-04,-3.15E-04
454,-5.20E-04,-6.05E-04,-3.82E-04,-5.72E-04,-2.81E-04,-1.93E-04,-4.72E-04,-3.66E-04,-2.16E-04,-3.35E-04,-4.43E-04,-5.86E-04,-4.04E-04,-3.46E-04,-9.79E-05,-2.56E-04,-6.09E-04,-4.11E-04,-2.55E-04,-3.23E-04
455,-5.27E-04,-6.07E-04,-3.91E-04,-5.71E-04,-2.91E-04,-2.04E-04,-4.78E-04,-3.73E-04,-2.23E-04,-3.40E-04,-4.46E-04,-5.87E-04,-4.07E-04,-3.45E-04,-1.05E-04,-2.71E-04,-6.11E-04,-4.16E-04,-2.57E-04,-3.32E-04
456,-5.34E-04,-6.08E-04,-4.00E-04,-5.69E-04,-3.02E-04,-2.14E-04,-4.84E-04,-3.80E-04,-2.30E-04,-3.44E-04,-4.48E-04,-5.86E-04,-4.10E-04,-3.43E-04,-1.11E-04,-2.86E-04,-6.12E-04,-4.21E-04,-2.59E-04,-3.40E-04
457,-5.41E-04,-6.08E-04,-4.07E-04,-5.68E-04,-3.12E-04,-2.25E-04,-4.88E-04,-3.86E-04,-2.36E-04,-3.49E-04,-4.50E-04,-5.85E-04,-4.13E-04,-3.40E-04,-1.18E-04,-3.01E-04,-6.13E-04,-4.25E-04,-2.61E-04,-3.49E-04
458,-5.48E-04,-6.07E-04,-4.14E-04,-5.66E-04,-3.23E-04,-2.36E-04,-4.92E-04,-3.92E-04,-2.43E-04,-3.53E-04,-4.51E-04,-5.83E-04,-4.16E-04,-3.37E-04,-1.26E-04,-3.17E-04,-6.13E-04,-4.28E-04,-2.63E-04,-3.58E-04
459,-5.55E-04,-6.06E-04,-4.21E-04,-5.64E-04,-3.33E-04,-2.47E-04,-4.96E-04,-3.96E-04,-2.51E-04,-3.59E-04,-4.53E-04,-5.81E-04,-4.19E-04,-3.34E-04,-1.33E-04,-3.32E-04,-6.12E-04,-4.31E-04,-2.66E-04,-3.67E-04
460,-5.62E-04,-6.05E-04,-4.28E-04,-5.63E-04,-3.43E-04,-2.59E-04,-4.99E-04,-4.01E-04,-2.59E-04,-3.65E-04,-4.53E-04,-5.79E-04,-4.22E-04,-3.30E-04,-1.41E-04,-3.49E-04,-6.12E-04,-4.33E-04,-2.69E-04,-3.76E-04
461,-5.70E-04,-6.03E-04,-4.35E-04,-5.62E-04,-3.54E-04,-2.71E-04,-5.03E-04,-4.06E-04,-2.67E-04,-3.72E-04,-4.54E-04,-5.76E-04,-4.25E-04,-3.26E-04,-1.49E-04,-3.65E-04,-6.11E-04,-4.35E-04,-2.72E-04,-3.86E-04
462,-5.77E-04,-6.02E-04,-4.42E-04,-5.61E-04,-3.65E-04,-2.84E-04,-5.06E-04,-4.11E-04,-2.77E-04,-3.79E-04,-4.54E-04,-5.73E-04,-4.28E-04,-3.22E-04,-1.57E-04,-3.82E-04,-6.10E-04,-4.38E-04,-2.76E-04,-3.96E-04
463,-5.86E-04,-6.01E-04,-4.50E-04,-5.60E-04,-3.76E-04,-2.97E-04,-5.10E-04,-4.18E-04,-2.87E-04,-3.88E-04,-4.55E-04,-5.71E-04,-4.31E-04,-3.18E-04,-1.67E-04,-4.00E-04,-6.09E-04,-4.40E-04,-2.81E-04,-4.07E-04
464,-5.95E-04,-6.01E-04,-4.59E-04,-5.59E-04,-3.88E-04,-3.11E-04,-5.15E-04,-4.25E-04,-2.98E-04,-3.98E-04,-4.55E-04,-5.69E-04,-4.34E-04,-3.14E-04,-1.77E-04,-4.18E-04,-6.10E-04,-4.44E-04,-2.87E-04,-4.19E-04
465,-6.05E-04,-6.02E-04,-4.69E-04,-5.60E-04,-4.01E-04,-3.27E-04,-5.20E-04,-4.33E-04,-3.11E-04,-4.09E-04,-4.56E-04,-5.67E-04,-4.38E-04,-3.11E-04,-1.88E-04,-4.37E-04,-6.10E-04,-4.47E-04,-2.94E-04,-4.31E-04
466,-6.16E-04,-6.05E-04,-4.81E-04,-5.60E-04,-4.14E-04,-3.43E-04,-5.27E-04,-4.43E-04,-3.25E-04,-4.22E-04,-4.57E-04,-5.67E-04,-4.42E-04,-3.08E-04,-1.99E-04,-4.56E-04,-6.12E-04,-4.52E-04,-3.03E-04,-4.45E-04
467,-6.28E-04,-6.08E-04,-4.94E-04,-5.61E-04,-4.29E-04,-3.60E-04,-5.34E-04,-4.55E-04,-3.39E-04,-4.35E-04,-4.58E-04,-5.67E-04,-4.47E-04,-3.05E-04,-2.12E-04,-4.76E-04,-6.14E-04,-4.57E-04,-3.12E-04,-4.59E-04
468,-6.41E-04,-6.13E-04,-5.09E-04,-5.63E-04,-4.44E-04,-3.78E-04,-5.43E-04,-4.68E-04,-3.55E-04,-4.51E-04,-4.60E-04,-5.68E-04,-4.52E-04,-3.04E-04,-2.25E-04,-4.96E-04,-6.18E-04,-4.63E-04,-3.23E-04,-4.73E-04
469,-6.56E-04,-6.19E-04,-5.26E-04,-5.65E-04,-4.60E-04,-3.97E-04,-5.54E-04,-4.84E-04,-3.72E-04,-4.67E-04,-4.63E-04,-5.71E-04,-4.57E-04,-3.03E-04,-2.39E-04,-5.17E-04,-6.22E-04,-4.71E-04,-3.35E-04,-4.89E-04
470,-6.71E-04,-6.27E-04,-5.44E-04,-5.67E-04,-4.78E-04,-4.16E-04,-5.65E-04,-5.00E-04,-3.90E-04,-4.84E-04,-4.66E-04,-5.74E-04,-4.63E-04,-3.03E-04,-2.54E-04,-5.39E-04,-6.27E-04,-4.79E-04,-3.49E-04,-5.05E-04
471,-6.88E-04,-6.36E-04,-5.63E-04,-5.70E-04,-4.96E-04,-4.36E-04,-5.78E-04,-5.19E-04,-4.08E-04,-5.03E-04,-4.70E-04,-5.79E-04,-4.69E-04,-3.04E-04,-2.69E-04,-5.60E-04,-6.33E-04,-4.88E-04,-3.63E-04,-5.21E-04
472,-7.06E-04,-6.46E-04,-5.84E-04,-5.74E-04,-5.14E-04,-4.56E-04,-5.92E-04,-5.38E-04,-4.27E-04,-5.22E-04,-4.75E-04,-5.84E-04,-4.76E-04,-3.05E-04,-2.85E-04,-5.82E-04,-6.39E-04,-4.97E-04,-3.79E-04,-5.38E-04
473,-7.24E-04,-6.57E-04,-6.05E-04,-5.78E-04,-5.34E-04,-4.76E-04,-6.07E-04,-5.58E-04,-4.45E-04,-5.41E-04,-4.80E-04,-5.90E-04,-4.84E-04,-3.07E-04,-3.02E-04,-6.04E-04,-6.46E-04,-5.07E-04,-3.95E-04,-5.55E-04
474,-7.43E-04,-6.68E-04,-6.27E-04,-5.82E-04,-5.54E-04,-4.96E-04,-6.22E-04,-5.79E-04,-4.64E-04,-5.61E-04,-4.86E-04,-5.96E-04,-4.91E-04,-3.10E-04,-3.18E-04,-6.25E-04,-6.53E-04,-5.18E-04,-4.13E-04,-5.72E-04
475,-7.62E-04,-6.80E-04,-6.49E-04,-5.86E-04,-5.74E-04,-5.16E-04,-6.37E-04,-6.01E-04,-4.83E-04,-5.81E-04,-4.92E-04,-6.03E-04,-4.99E-04,-3.14E-04,-3.34E-04,-6.46E-04,-6.61E-04,-5.29E-04,-4.31E-04,-5.88E-04
476,-7.81E-04,-6.93E-04,-6.71E-04,-5.90E-04,-5.93E-04,-5.35E-04,-6.53E-04,-6.22E-04,-5.00E-04,-6.01E-04,-4.99E-04,-6.10E-04,-5.08E-04,-3.17E-04,-3.50E-04,-6.66E-04,-6.69E-04,-5.39E-04,-4.49E-04,-6.05E-04
477,-8.00E-04,-7.05E-04,-6.92E-04,-5.95E-04,-6.13E-04,-5.53E-04,-6.69E-04,-6.42E-04,-5.18E-04,-6.20E-04,-5.05E-04,-6.17E-04,-5.16E-04,-3.22E-04,-3.66E-04,-6.85E-04,-6.76E-04,-5.50E-04,-4.68E-04,-6.20E-04
478,-8.18E-04,-7.17E-04,-7.13E-04,-5.99E-04,-6.32E-04,-5.71E-04,-6.84E-04,-6.62E-04,-5.34E-04,-6.39E-04,-5.12E-04,-6.24E-04,-5.24E-04,-3.26E-04,-3.81E-04,-7.04E-04,-6.83E-04,-5.59E-04,-4.86E-04,-6.35E-04
479,-8.36E-04,-7.29E-04,-7.33E-04,-6.03E-04,-6.50E-04,-5.88E-04,-6.99E-04,-6.81E-04,-5.50E-04,-6.57E-04,-5.18E-04,-6.31E-04,-5.32E-04,-3.30E-04,-3.96E-04,-7.21E-04,-6.90E-04,-5.69E-04,-5.05E-04,-6.48E-04
480,-8.52E-04,-7.41E-04,-7.51E-04,-6.07E-04,-6.67E-04,-6.05E-04,-7.13E-04,-6.99E-04,-5.64E-04,-6.74E-04,-5.24E-04,-6.37E-04,-5.40E-04,-3.35E-04,-4.10E-04,-7.36E-04,-6.97E-04,-5.77E-04,-5.23E-04,-6.61E-04
481,-8.66E-04,-7.51E-04,-7.68E-04,-6.10E-04,-6.83E-04,-6.20E-04,-7.26E-04,-7.15E-04,-5.77E-04,-6.90E-04,-5.30E-04,-6.42E-04,-5.48E-04,-3.39E-04,-4.22E-04,-7.50E-04,-7.03E-04,-5.85E-04,-5.41E-04,-6.72E-04
482,-8.80E-04,-7.62E-04,-7.83E-04,-6.13E-04,-6.97E-04,-6.34E-04,-7.38E-04,-7.30E-04,-5.89E-04,-7.04E-04,-5.34E-04,-6.47E-04,-5.55E-04,-3.43E-04,-4.34E-04,-7.62E-04,-7.08E-04,-5.92E-04,-5.58E-04,-6.81E-04
483,-8.91E-04,-7.71E-04,-7.96E-04,-6.15E-04,-7.10E-04,-6.47E-04,-7.49E-04,-7.42E-04,-6.00E-04,-7.17E-04,-5.38E-04,-6.50E-04,-5.62E-04,-3.46E-04,-4.44E-04,-7.72E-04,-7.13E-04,-5.97E-04,-5.74E-04,-6.89E-04
484,-9.01E-04,-7.80E-04,-8.08E-04,-6.16E-04,-7.21E-04,-6.59E-04,-7.58E-04,-7.53E-04,-6.09E-04,-7.29E-04,-5.41E-04,-6.53E-04,-5.67E-04,-3.49E-04,-4.53E-04,-7.80E-04,-7.17E-04,-6.02E-04,-5.90E-04,-6.96E-04
485,-9.08E-04,-7.88E-04,-8.17E-04,-6.17E-04,-7.29E-04,-6.70E-04,-7.66E-04,-7.62E-04,-6.16E-04,-7.38E-04,-5.42E-04,-6.54E-04,-5.72E-04,-3.51E-04,-4.61E-04,-7.87E-04,-7.20E-04,-6.06E-04,-6.04E-04,-7.00E-04
486,-9.14E-04,-7.95E-04,-8.24E-04,-6.16E-04,-7.36E-04,-6.79E-04,-7.72E-04,-7.69E-04,-6.23E-04,-7.46E-04,-5.42E-04,-6.55E-04,-5.76E-04,-3.52E-04,-4.67E-04,-7.91E-04,-7.22E-04,-6.09E-04,-6.17E-04,-7.03E-04
487,-9.18E-04,-8.02E-04,-8.30E-04,-6.15E-04,-7.40E-04,-6.87E-04,-7.76E-04,-7.74E-04,-6.27E-04,-7.52E-04,-5.41E-04,-6.54E-04,-5.78E-04,-3.53E-04,-4.71E-04,-7.93E-04,-7.23E-04,-6.11E-04,-6.28E-04,-7.04E-04
488,-9.20E-04,-8.07E-04,-8.33E-04,-6.12E-04,-7.42E-04,-6.93E-04,-7.79E-04,-7.76E-04,-6.31E-04,-7.56E-04,-5.39E-04,-6.52E-04,-5.80E-04,-3.52E-04,-4.74E-04,-7.93E-04,-7.23E-04,-6.11E-04,-6.39E-04,-7.03E-04
489,-9.21E-04,-8.11E-04,-8.34E-04,-6.09E-04,-7.42E-04,-6.99E-04,-7.81E-04,-7.77E-04,-6.33E-04,-7.58E-04,-5.35E-04,-6.49E-04,-5.79E-04,-3.51E-04,-4.75E-04,-7.90E-04,-7.21E-04,-6.11E-04,-6.48E-04,-7.01E-04
490,-9.19E-04,-8.14E-04,-8.33E-04,-6.04E-04,-7.39E-04,-7.02E-04,-7.81E-04,-7.76E-04,-6.33E-04,-7.59E-04,-5.30E-04,-6.44E-04,-5.78E-04,-3.49E-04,-4.74E-04,-7.86E-04,-7.19E-04,-6.11E-04,-6.55E-04,-6.97E-04
491,-9.16E-04,-8.15E-04,-8.30E-04,-5.99E-04,-7.34E-04,-7.04E-04,-7.79E-04,-7.73E-04,-6.32E-04,-7.58E-04,-5.23E-04,-6.38E-04,-5.75E-04,-3.46E-04,-4.71E-04,-7.80E-04,-7.16E-04,-6.09E-04,-6.60E-04,-6.91E-04
492,-9.11E-04,-8.16E-04,-8.26E-04,-5.92E-04,-7.27E-04,-7.04E-04,-7.76E-04,-7.68E-04,-6.30E-04,-7.55E-04,-5.16E-04,-6.31E-04,-5.71E-04,-3.43E-04,-4.67E-04,-7.71E-04,-7.11E-04,-6.07E-04,-6.65E-04,-6.83E-04
493,-9.04E-04,-8.14E-04,-8.19E-04,-5.84E-04,-7.18E-04,-7.02E-04,-7.71E-04,-7.62E-04,-6.27E-04,-7.50E-04,-5.07E-04,-6.22E-04,-5.65E-04,-3.38E-04,-4.61E-04,-7.61E-04,-7.05E-04,-6.04E-04,-6.67E-04,-6.74E-04
494,-8.96E-04,-8.11E-04,-8.11E-04,-5.75E-04,-7.07E-04,-6.98E-04,-7.64E-04,-7.53E-04,-6.22E-04,-7.44E-04,-4.97E-04,-6.12E-04,-5.58E-04,-3.33E-04,-4.53E-04,-7.49E-04,-6.98E-04,-6.00E-04,-6.68E-04,-6.63E-04
495,-8.86E-04,-8.06E-04,-8.00E-04,-5.66E-04,-6.95E-04,-6.93E-04,-7.56E-04,-7.43E-04,-6.16E-04,-7.37E-04,-4.87E-04,-6.01E-04,-5.50E-04,-3.26E-04,-4.43E-04,-7.35E-04,-6.89E-04,-5.96E-04,-6.68E-04,-6.51E-04
496,-8.75E-04,-7.99E-04,-7.89E-04,-5.55E-04,-6.80E-04,-6.85E-04,-7.47E-04,-7.32E-04,-6.09E-04,-7.28E-04,-4.75E-04,-5.88E-04,-5.41E-04,-3.19E-04,-4.31E-04,-7.19E-04,-6.80E-04,-5.91E-04,-6.66E-04,-6.38E-04
497,-8.62E-04,-7.91E-04,-7.75E-04,-5.44E-04,-6.65E-04,-6.76E-04,-7.37E-04,-7.19E-04,-6.01E-04,-7.19E-04,-4.63E-04,-5.74E-04,-5.31E-04,-3.12E-04,-4.18E-04,-7.02E-04,-6.69E-04,-5.86E-04,-6.64E-04,-6.24E-04
498,-8.48E-04,-7.80E-04,-7.61E-04,-5.32E-04,-6.48E-04,-6.65E-04,-7.25E-04,-7.05E-04,-5.93E-04,-7.08E-04,-4.50E-04,-5.59E-04,-5.20E-04,-3.03E-04,-4.04E-04,-6.84E-04,-6.57E-04,-5.79E-04,-6.60E-04,-6.09E-04
499,-8.33E-04,-7.68E-04,-7.45E-04,-5.19E-04,-6.31E-04,-6.53E-04,-7.12E-04,-6.90E-04,-5.84E-04,-6.97E-04,-4.37E-04,-5.43E-04,-5.08E-04,-2.95E-04,-3.88E-04,-6.65E-04,-6.45E-04,-5.72E-04,-6.55E-04,-5.93E-04
500,-8.17E-04,-7.54E-04,-7.28E-04,-5.06E-04,-6.12E-04,-6.39E-04,-6.99E-04,-6.74E-04,-5.74E-04,-6.86E-04,-4.24E-04,-5.26E-04,-4.95E-04,-2.85E-04,-3.71E-04,-6.45E-04,-6.32E-04,-5.65E-04,-6.49E-04,-5.77E-04
501,-7.99E-04,-7.39E-04,-7.11E-04,-4.92E-04,-5.94E-04,-6.25E-04,-6.84E-04,-6.58E-04,-5.64E-04,-6.74E-04,-4.10E-04,-5.08E-04,-4.82E-04,-2.75E-04,-3.54E-04,-6.24E-04,-6.18E-04,-5.57E-04,-6.43E-04,-5.61E-04
502,-7.80E-04,-7.22E-04,-6.93E-04,-4.78E-04,-5.75E-04,-6.09E-04,-6.69E-04,-6.41E-04,-5.54E-04,-6.63E-04,-3.96E-04,-4.90E-04,-4.69E-04,-2.65E-04,-3.35E-04,-6.02E-04,-6.03E-04,-5.48E-04,-6.36E-04,-5.44E-04
503,-7.61E-04,-7.04E-04,-6.74E-04,-4.64E-04,-5.56E-04,-5.94E-04,-6.54E-04,-6.23E-04,-5.43E-04,-6.51E-04,-3.81E-04,-4.71E-04,-4.55E-04,-2.55E-04,-3.17E-04,-5.81E-04,-5.89E-04,-5.40E-04,-6.29E-04,-5.27E-04
504,-7.41E-04,-6.86E-04,-6.55E-04,-4.49E-04,-5.38E-04,-5.77E-04,-6.39E-04,-6.06E-04,-5.33E-04,-6.40E-04,-3.66E-04,-4.51E-04,-4.41E-04,-2.44E-04,-2.98E-04,-5.59E-04,-5.74E-04,-5.30E-04,-6.21E-04,-5.10E-04
505,-7.20E-04,-6.67E-04,-6.36E-04,-4.35E-04,-5.20E-04,-5.61E-04,-6.23E-04,-5.89E-04,-5.23E-04,-6.29E-04,-3.51E-04,-4.32E-04,-4.26E-04,-2.33E-04,-2.79E-04,-5.38E-04,-5.59E-04,-5.21E-04,-6.14E-04,-4.94E-04
506,-6.98E-04,-6.47E-04,-6.17E-04,-4.20E-04,-5.02E-04,-5.45E-04,-6.07E-04,-5.72E-04,-5.13E-04,-6.18E-04,-3.36E-04,-4.12E-04,-4.11E-04,-2.22E-04,-2.60E-04,-5.17E-04,-5.44E-04,-5.11E-04,-6.06E-04,-4.77E-04
507,-6.76E-04,-6.27E-04,-5.99E-04,-4.06E-04,-4.85E-04,-5.29E-04,-5.91E-04,-5.55E-04,-5.03E-04,-6.08E-04,-3.20E-04,-3.92E-04,-3.96E-04,-2.11E-04,-2.41E-04,-4.96E-04,-5.29E-04,-5.01E-04,-5.98E-04,-4.61E-04
508,-6.54E-04,-6.07E-04,-5.80E-04,-3.91E-04,-4.69E-04,-5.14E-04,-5.76E-04,-5.38E-04,-4.93E-04,-5.98E-04,-3.03E-04,-3.73E-04,-3.81E-04,-1.99E-04,-2.23E-04,-4.76E-04,-5.14E-04,-4.91E-04,-5.90E-04,-4.46E-04
509,-6.32E-04,-5.88E-04,-5.62E-04,-3.76E-04,-4.52E-04,-5.00E-04,-5.60E-04,-5.22E-04,-4.83E-04,-5.88E-04,-2.86E-04,-3.53E-04,-3.65E-04,-1.87E-04,-2.05E-04,-4.57E-04,-5.00E-04,-4.81E-04,-5.83E-04,-4.30E-04
510,-6.09E-04,-5.68E-04,-5.43E-04,-3.62E-04,-4.37E-04,-4.86E-04,-5.44E-04,-5.06E-04,-4.73E-04,-5.78E-04,-2.69E-04,-3.34E-04,-3.49E-04,-1.76E-04,-1.88E-04,-4.38E-04,-4.85E-04,-4.71E-04,-5.74E-04,-4.15E-04
511,-5.86E-04,-5.49E-04,-5.25E-04,-3.47E-04,-4.22E-04,-4.72E-04,-5.29E-04,-4.90E-04,-4.63E-04,-5.69E-04,-2.51E-04,-3.14E-04,-3.32E-04,-1.64E-04,-1.72E-04,-4.20E-04,-4.70E-04,-4.61E-04,-5.66E-04,-4.01E-04
512,-5.63E-04,-5.30E-04,-5.06E-04,-3.32E-04,-4.07E-04,-4.59E-04,-5.13E-04,-4.74E-04,-4.53E-04,-5.58E-04,-2.32E-04,-2.95E-04,-3.14E-04,-1.51E-04,-1.56E-04,-4.03E-04,-4.54E-04,-4.51E-04,-5.57E-04,-3.87E-04
513,-5.40E-04,-5.11E-04,-4.87E-04,-3.18E-04,-3.92E-04,-4.47E-04,-4.97E-04,-4.57E-04,-4.42E-04,-5.48E-04,-2.12E-04,-2.76E-04,-2.97E-04,-1.39E-04,-1.42E-04,-3.86E-04,-4.39E-04,-4.41E-04,-5.49E-04,-3.73E-04
514,-5.17E-04,-4.93E-04,-4.68E-04,-3.03E-04,-3.77E-04,-4.35E-04,-4.81E-04,-4.40E-04,-4.30E-04,-5.36E-04,-1.92E-04,-2.57E-04,-2.78E-04,-1.26E-04,-1.27E-04,-3.70E-04,-4.22E-04,-4.31E-04,-5.39E-04,-3.59E-04
515,-4.94E-04,-4.74E-04,-4.48E-04,-2.87E-04,-3.62E-04,-4.23E-04,-4.64E-04,-4.22E-04,-4.18E-04,-5.24E-04,-1.71E-04,-2.37E-04,-2.59E-04,-1.12E-04,-1.14E-04,-3.54E-04,-4.05E-04,-4.20E-04,-5.29E-04,-3.45E-04
516,-4.70E-04,-4.55E-04,-4.27E-04,-2.72E-04,-3.47E-04,-4.11E-04,-4.46E-04,-4.04E-04,-4.05E-04,-5.11E-04,-1.49E-04,-2.17E-04,-2.39E-04,-9.88E-05,-1.01E-04,-3.38E-04,-3.88E-04,-4.09E-04,-5.19E-04,-3.32E-04
517,-4.46E-04,-4.36E-04,-4.05E-04,-2.56E-04,-3.32E-04,-3.99E-04,-4.28E-04,-3.84E-04,-3.91E-04,-4.97E-04,-1.27E-04,-1.97E-04,-2.19E-04,-8.48E-05,-8.84E-05,-3.23E-04,-3.69E-04,-3.98E-04,-5.07E-04,-3.18E-04
518,-4.22E-04,-4.17E-04,-3.82E-04,-2.40E-04,-3.16E-04,-3.86E-04,-4.08E-04,-3.64E-04,-3.76E-04,-4.81E-04,-1.04E-04,-1.77E-04,-1.99E-04,-7.04E-05,-7.65E-05,-3.08E-04,-3.49E-04,-3.86E-04,-4.96E-04,-3.05E-04
519,-3.97E-04,-3.96E-04,-3.59E-04,-2.24E-04,-3.00E-04,-3.74E-04,-3.88E-04,-3.42E-04,-3.61E-04,-4.65E-04,-8.14E-05,-1.56E-04,-1.78E-04,-5.57E-05,-6.52E-05,-2.94E-04,-3.28E-04,-3.73E-04,-4.83E-04,-2.91E-04
520,-3.72E-04,-3.76E-04,-3.34E-04,-2.08E-04,-2.84E-04,-3.61E-04,-3.68E-04,-3.19E-04,-3.45E-04,-4.48E-04,-5.85E-05,-1.34E-04,-1.57E-04,-4.07E-05,-5.44E-05,-2.80E-04,-3.06E-04,-3.60E-04,-4.71E-04,-2.77E-04
521,-3.47E-04,-3.54E-04,-3.09E-04,-1.92E-04,-2.67E-04,-3.48E-04,-3.46E-04,-2.96E-04,-3.28E-04,-4.30E-04,-3.58E-05,-1.13E-04,-1.36E-04,-2.55E-05,-4.43E-05,-2.66E-04,-2.84E-04,-3.46E-04,-4.57E-04,-2.64E-04
522,-3.21E-04,-3.32E-04,-2.83E-04,-1.75E-04,-2.51E-04,-3.34E-04,-3.24E-04,-2.72E-04,-3.12E-04,-4.11E-04,-1.33E-05,-9.06E-05,-1.15E-04,-1.03E-05,-3.48E-05,-2.52E-04,-2.60E-04,-3.32E-04,-4.44E-04,-2.50E-04
523,-2.96E-04,-3.09E-04,-2.58E-04,-1.59E-04,-2.34E-04,-3.21E-04,-3.02E-04,-2.47E-04,-2.95E-04,-3.93E-04,8.64E-06,-6.84E-05,-9.46E-05,4.90E-06,-2.61E-05,-2.39E-04,-2.36E-04,-3.16E-04,-4.31E-04,-2.36E-04
524,-2.71E-04,-2.86E-04,-2.32E-04,-1.43E-04,-2.18E-04,-3.08E-04,-2.80E-04,-2.23E-04,-2.80E-04,-3.75E-04,2.98E-05,-4.63E-05,-7.46E-05,1.99E-05,-1.83E-05,-2.27E-04,-2.12E-04,-3.01E-04,-4.18E-04,-2.23E-04
525,-2.47E-04,-2.63E-04,-2.07E-04,-1.27E-04,-2.02E-04,-2.96E-04,-2.58E-04,-1.99E-04,-2.64E-04,-3.57E-04,5.01E-05,-2.45E-05,-5.53E-05,3.45E-05,-1.14E-05,-2.16E-04,-1.87E-04,-2.84E-04,-4.05E-04,-2.10E-04
526,-2.23E-04,-2.41E-04,-1.83E-04,-1.12E-04,-1.87E-04,-2.84E-04,-2.36E-04,-1.76E-04,-2.50E-04,-3.40E-04,6.92E-05,-3.06E-06,-3.68E-05,4.85E-05,-5.74E-06,-2.06E-04,-1.62E-04,-2.68E-04,-3.93E-04,-1.97E-04
527,-2.01E-04,-2.18E-04,-1.60E-04,-9.69E-05,-1.74E-04,-2.74E-04,-2.16E-04,-1.54E-04,-2.37E-04,-3.25E-04,8.71E-05,1.76E-05,-1.93E-05,6.19E-05,-1.27E-06,-1.97E-04,-1.38E-04,-2.52E-04,-3.82E-04,-1.85E-04
528,-1.81E-04,-1.97E-04,-1.40E-04,-8.30E-05,-1.61E-04,-2.64E-04,-1.96E-04,-1.33E-04,-2.26E-04,-3.11E-04,1.03E-04,3.74E-05,-3.02E-06,7.43E-05,1.85E-06,-1.90E-04,-1.15E-04,-2.35E-04,-3.72E-04,-1.74E-04
529,-1.62E-04,-1.76E-04,-1.21E-04,-7.01E-05,-1.50E-04,-2.57E-04,-1.79E-04,-1.15E-04,-2.16E-04,-2.99E-04,1.18E-04,5.59E-05,1.21E-05,8.57E-05,3.55E-06,-1.85E-04,-9.18E-05,-2.20E-04,-3.63E-04,-1.65E-04
530,-1.46E-04,-1.57E-04,-1.04E-04,-5.83E-05,-1.41E-04,-2.51E-04,-1.63E-04,-9.87E-05,-2.08E-04,-2.89E-04,1.31E-04,7.31E-05,2.58E-05,9.59E-05,3.78E-06,-1.81E-04,-7.02E-05,-2.04E-04,-3.56E-04,-1.56E-04
531,-1.32E-04,-1.40E-04,-9.07E-05,-4.77E-05,-1.34E-04,-2.47E-04,-1.49E-04,-8.51E-05,-2.01E-04,-2.81E-04,1.43E-04,8.87E-05,3.83E-05,1.05E-04,2.54E-06,-1.79E-04,-4.97E-05,-1.90E-04,-3.50E-04,-1.49E-04
532,-1.21E-04,-1.25E-04,-7.95E-05,-3.83E-05,-1.28E-04,-2.44E-04,-1.37E-04,-7.40E-05,-1.96E-04,-2.75E-04,1.53E-04,1.03E-04,4.94E-05,1.12E-04,-1.39E-07,-1.79E-04,-3.07E-05,-1.76E-04,-3.46E-04,-1.44E-04
533,-1.12E-04,-1.12E-04,-7.11E-05,-3.02E-05,-1.25E-04,-2.44E-04,-1.27E-04,-6.55E-05,-1.93E-04,-2.71E-04,1.61E-04,1.15E-04,5.92E-05,1.19E-04,-4.18E-06,-1.81E-04,-1.30E-05,-1.63E-04,-3.43E-04,-1.40E-04
534,-1.07E-04,-1.00E-04,-6.52E-05,-2.34E-05,-1.23E-04,-2.45E-04,-1.20E-04,-5.95E-05,-1.91E-04,-2.69E-04,1.68E-04,1.25E-04,6.78E-05,1.23E-04,-9.44E-06,-1.84E-04,3.29E-06,-1.52E-04,-3.41E-04,-1.38E-04
535,-1.04E-04,-9.13E-05,-6.17E-05,-1.79E-05,-1.23E-04,-2.48E-04,-1.14E-04,-5.58E-05,-1.90E-04,-2.69E-04,1.73E-04,1.34E-04,7.52E-05,1.27E-04,-1.58E-05,-1.88E-04,1.82E-05,-1.41E-04,-3.41E-04,-1.38E-04
536,-1.03E-04,-8.43E-05,-6.03E-05,-1.34E-05,-1.25E-04,-2.53E-04,-1.10E-04,-5.41E-05,-1.90E-04,-2.70E-04,1.78E-04,1.41E-04,8.17E-05,1.29E-04,-2.29E-05,-1.94E-04,3.18E-05,-1.32E-04,-3.41E-04,-1.39E-04
537,-1.06E-04,-7.92E-05,-6.07E-05,-9.95E-06,-1.27E-04,-2.58E-04,-1.08E-04,-5.41E-05,-1.91E-04,-2.72E-04,1.81E-04,1.47E-04,8.72E-05,1.31E-04,-3.07E-05,-2.00E-04,4.43E-05,-1.24E-04,-3.42E-04,-1.42E-04
538,-1.10E-04,-7.57E-05,-6.25E-05,-7.30E-06,-1.31E-04,-2.64E-04,-1.07E-04,-5.54E-05,-1.91E-04,-2.74E-04,1.83E-04,1.51E-04,9.21E-05,1.31E-04,-3.89E-05,-2.07E-04,5.59E-05,-1.16E-04,-3.44E-04,-1.46E-04
539,-1.16E-04,-7.37E-05,-6.53E-05,-5.26E-06,-1.35E-04,-2.71E-04,-1.07E-04,-5.75E-05,-1.92E-04,-2.77E-04,1.84E-04,1.54E-04,9.63E-05,1.31E-04,-4.71E-05,-2.14E-04,6.66E-05,-1.10E-04,-3.46E-04,-1.52E-04
540,-1.23E-04,-7.28E-05,-6.87E-05,-3.59E-06,-1.40E-04,-2.78E-04,-1.07E-04,-6.00E-05,-1.92E-04,-2.80E-04,1.85E-04,1.57E-04,1.00E-04,1.31E-04,-5.52E-05,-2.20E-04,7.67E-05,-1.04E-04,-3.48E-04,-1.58E-04
541,-1.31E-04,-7.28E-05,-7.22E-05,-2.05E-06,-1.44E-04,-2.84E-04,-1.08E-04,-6.25E-05,-1.91E-04,-2.82E-04,1.86E-04,1.58E-04,1.04E-04,1.30E-04,-6.28E-05,-2.27E-04,8.65E-05,-9.86E-05,-3.50E-04,-1.65E-04
542,-1.39E-04,-7.33E-05,-7.56E-05,-3.87E-07,-1.48E-04,-2.90E-04,-1.09E-04,-6.46E-05,-1.90E-04,-2.83E-04,1.87E-04,1.60E-04,1.07E-04,1.30E-04,-6.98E-05,-2.32E-04,9.59E-05,-9.35E-05,-3.51E-04,-1.71E-04
543,-1.47E-04,-7.42E-05,-7.85E-05,1.66E-06,-1.52E-04,-2.95E-04,-1.09E-04,-6.61E-05,-1.87E-04,-2.84E-04,1.87E-04,1.61E-04,1.10E-04,1.30E-04,-7.60E-05,-2.37E-04,1.05E-04,-8.84E-05,-3.52E-04,-1.78E-04
544,-1.55E-04,-7.50E-05,-8.07E-05,4.32E-06,-1.54E-04,-2.98E-04,-1.09E-04,-6.67E-05,-1.84E-04,-2.83E-04,1.88E-04,1.62E-04,1.13E-04,1.30E-04,-8.12E-05,-2.40E-04,1.15E-04,-8.32E-05,-3.52E-04,-1.83E-04
545,-1.62E-04,-7.57E-05,-8.20E-05,7.82E-06,-1.55E-04,-3.01E-04,-1.08E-04,-6.63E-05,-1.80E-04,-2.81E-04,1.89E-04,1.63E-04,1.17E-04,1.31E-04,-8.54E-05,-2.43E-04,1.24E-04,-7.78E-05,-3.51E-04,-1.88E-04
546,-1.68E-04,-7.60E-05,-8.23E-05,1.23E-05,-1.55E-04,-3.02E-04,-1.07E-04,-6.48E-05,-1.75E-04,-2.79E-04,1.91E-04,1.65E-04,1.20E-04,1.32E-04,-8.84E-05,-2.44E-04,1.34E-04,-7.20E-05,-3.50E-04,-1.92E-04
547,-1.72E-04,-7.59E-05,-8.17E-05,1.80E-05,-1.53E-04,-3.02E-04,-1.04E-04,-6.22E-05,-1.69E-04,-2.75E-04,1.92E-04,1.67E-04,1.24E-04,1.35E-04,-9.03E-05,-2.43E-04,1.44E-04,-6.58E-05,-3.47E-04,-1.93E-04
548,-1.75E-04,-7.52E-05,-8.01E-05,2.50E-05,-1.50E-04,-3.01E-04,-1.01E-04,-5.87E-05,-1.63E-04,-2.71E-04,1.95E-04,1.70E-04,1.28E-04,1.38E-04,-9.10E-05,-2.41E-04,1.54E-04,-5.90E-05,-3.44E-04,-1.94E-04
549,-1.76E-04,-7.40E-05,-7.76E-05,3.33E-05,-1.46E-04,-2.98E-04,-9.77E-05,-5.44E-05,-1.56E-04,-2.66E-04,1.98E-04,1.73E-04,1.32E-04,1.43E-04,-9.07E-05,-2.37E-04,1.64E-04,-5.18E-05,-3.40E-04,-1.92E-04
550,-1.76E-04,-7.23E-05,-7.45E-05,4.30E-05,-1.40E-04,-2.94E-04,-9.36E-05,-4.94E-05,-1.49E-04,-2.60E-04,2.01E-04,1.76E-04,1.37E-04,1.48E-04,-8.94E-05,-2.32E-04,1.74E-04,-4.41E-05,-3.35E-04,-1.89E-04
551,-1.74E-04,-7.01E-05,-7.07E-05,5.40E-05,-1.33E-04,-2.89E-04,-8.91E-05,-4.40E-05,-1.42E-04,-2.54E-04,2.05E-04,1.81E-04,1.41E-04,1.54E-04,-8.72E-05,-2.26E-04,1.84E-04,-3.61E-05,-3.30E-04,-1.84E-04
552,-1.71E-04,-6.75E-05,-6.66E-05,6.63E-05,-1.24E-04,-2.83E-04,-8.44E-05,-3.85E-05,-1.36E-04,-2.48E-04,2.09E-04,1.85E-04,1.46E-04,1.61E-04,-8.42E-05,-2.19E-04,1.94E-04,-2.76E-05,-3.25E-04,-1.78E-04
553,-1.66E-04,-6.45E-05,-6.23E-05,7.98E-05,-1.15E-04,-2.76E-04,-7.96E-05,-3.29E-05,-1.30E-04,-2.41E-04,2.13E-04,1.91E-04,1.52E-04,1.69E-04,-8.06E-05,-2.10E-04,2.04E-04,-1.89E-05,-3.19E-04,-1.71E-04
554,-1.59E-04,-6.13E-05,-5.78E-05,9.44E-05,-1.05E-04,-2.68E-04,-7.49E-05,-2.75E-05,-1.24E-04,-2.35E-04,2.18E-04,1.96E-04,1.58E-04,1.77E-04,-7.64E-05,-2.01E-04,2.14E-04,-1.00E-05,-3.13E-04,-1.62E-04
555,-1.51E-04,-5.78E-05,-5.34E-05,1.10E-04,-9.44E-05,-2.59E-04,-7.03E-05,-2.25E-05,-1.18E-04,-2.29E-04,2.23E-04,2.02E-04,1.64E-04,1.86E-04,-7.18E-05,-1.90E-04,2.24E-04,-1.02E-06,-3.07E-04,-1.53E-04
556,-1.43E-04,-5.40E-05,-4.89E-05,1.26E-04,-8.33E-05,-2.50E-04,-6.60E-05,-1.78E-05,-1.13E-04,-2.23E-04,2.29E-04,2.09E-04,1.71E-04,1.95E-04,-6.67E-05,-1.78E-04,2.34E-04,7.98E-06,-3.01E-04,-1.43E-04
557,-1.33E-04,-5.00E-05,-4.44E-05,1.43E-04,-7.20E-05,-2.40E-04,-6.18E-05,-1.35E-05,-1.08E-04,-2.16E-04,2.34E-04,2.16E-04,1.79E-04,2.04E-04,-6.13E-05,-1.66E-04,2.43E-04,1.69E-05,-2.95E-04,-1.32E-04
558,-1.22E-04,-4.57E-05,-4.00E-05,1.60E-04,-6.05E-05,-2.30E-04,-5.79E-05,-9.62E-06,-1.04E-04,-2.10E-04,2.40E-04,2.23E-04,1.87E-04,2.13E-04,-5.56E-05,-1.53E-04,2.53E-04,2.58E-05,-2.89E-04,-1.22E-04
559,-1.10E-04,-4.11E-05,-3.54E-05,1.78E-04,-4.88E-05,-2.19E-04,-5.41E-05,-6.00E-06,-9.94E-05,-2.04E-04,2.46E-04,2.31E-04,1.96E-04,2.22E-04,-4.96E-05,-1.40E-04,2.63E-04,3.45E-05,-2.83E-04,-1.12E-04
560,-9.80E-05,-3.61E-05,-3.06E-05,1.95E-04,-3.72E-05,-2.08E-04,-5.03E-05,-2.56E-06,-9.48E-05,-1.97E-04,2.53E-04,2.39E-04,2.05E-04,2.31E-04,-4.34E-05,-1.26E-04,2.73E-04,4.30E-05,-2.77E-04,-1.02E-04
561,-8.48E-05,-3.06E-05,-2.56E-05,2.12E-04,-2.56E-05,-1.97E-04,-4.65E-05,8.63E-07,-9.00E-05,-1.90E-04,2.60E-04,2.48E-04,2.15E-04,2.40E-04,-3.68E-05,-1.11E-04,2.83E-04,5.15E-05,-2.70E-04,-9.21E-05
562,-7.10E-05,-2.45E-05,-2.01E-05,2.30E-04,-1.41E-05,-1.85E-04,-4.24E-05,4.39E-06,-8.48E-05,-1.83E-04,2.67E-04,2.57E-04,2.26E-04,2.49E-04,-3.00E-05,-9.70E-05,2.94E-04,5.98E-05,-2.64E-04,-8.28E-05
563,-5.66E-05,-1.78E-05,-1.41E-05,2.46E-04,-2.64E-06,-1.73E-04,-3.81E-05,8.17E-06,-7.91E-05,-1.75E-04,2.74E-04,2.66E-04,2.37E-04,2.58E-04,-2.29E-05,-8.27E-05,3.05E-04,6.79E-05,-2.57E-04,-7.37E-05
564,-4.16E-05,-1.02E-05,-7.58E-06,2.63E-04,8.68E-06,-1.62E-04,-3.33E-05,1.23E-05,-7.30E-05,-1.67E-04,2.82E-04,2.76E-04,2.48E-04,2.66E-04,-1.55E-05,-6.87E-05,3.16E-04,7.60E-05,-2.50E-04,-6.47E-05
565,-2.63E-05,-1.97E-06,-4.37E-07,2.78E-04,1.99E-05,-1.51E-04,-2.81E-05,1.69E-05,-6.63E-05,-1.59E-04,2.90E-04,2.86E-04,2.61E-04,2.74E-04,-8.01E-06,-5.52E-05,3.28E-04,8.39E-05,-2.43E-04,-5.59E-05
566,-1.06E-05,7.07E-06,7.29E-06,2.94E-04,3.09E-05,-1.40E-04,-2.25E-05,2.18E-05,-5.93E-05,-1.50E-04,2.98E-04,2.97E-04,2.73E-04,2.82E-04,-3.68E-07,-4.24E-05,3.40E-04,9.17E-05,-2.36E-04,-4.72E-05
567,5.20E-06,1.68E-05,1.55E-05,3.08E-04,4.17E-05,-1.30E-04,-1.63E-05,2.72E-05,-5.20E-05,-1.42E-04,3.07E-04,3.08E-04,2.85E-04,2.89E-04,7.30E-06,-3.05E-05,3.52E-04,9.93E-05,-2.29E-04,-3.83E-05
568,2.10E-05,2.72E-05,2.41E-05,3.21E-04,5.22E-05,-1.21E-04,-9.87E-06,3.28E-05,-4.45E-05,-1.34E-04,3.16E-04,3.19E-04,2.97E-04,2.96E-04,1.49E-05,-1.98E-05,3.65E-04,1.07E-04,-2.22E-04,-2.93E-05
569,3.65E-05,3.81E-05,3.30E-05,3.34E-04,6.23E-05,-1.12E-04,-3.15E-06,3.86E-05,-3.71E-05,-1.26E-04,3.24E-04,3.29E-04,3.09E-04,3.02E-04,2.22E-05,-1.04E-05,3.77E-04,1.14E-04,-2.15E-04,-2.01E-05
570,5.16E-05,4.93E-05,4.18E-05,3.46E-04,7.20E-05,-1.05E-04,3.64E-06,4.42E-05,-3.01E-05,-1.19E-04,3.33E-04,3.39E-04,3.20E-04,3.08E-04,2.92E-05,-2.57E-06,3.90E-04,1.21E-04,-2.09E-04,-1.09E-05
571,6.59E-05,6.06E-05,5.03E-05,3.57E-04,8.11E-05,-9.94E-05,1.03E-05,4.96E-05,-2.37E-05,-1.13E-04,3.41E-04,3.49E-04,3.30E-04,3.13E-04,3.55E-05,3.67E-06,4.02E-04,1.27E-04,-2.03E-04,-1.63E-06
572,7.93E-05,7.17E-05,5.84E-05,3.66E-04,8.96E-05,-9.50E-05,1.66E-05,5.43E-05,-1.81E-05,-1.09E-04,3.49E-04,3.58E-04,3.40E-04,3.17E-04,4.12E-05,8.22E-06,4.13E-04,1.33E-04,-1.98E-04,7.41E-06
573,9.15E-05,8.24E-05,6.56E-05,3.75E-04,9.71E-05,-9.21E-05,2.23E-05,5.81E-05,-1.35E-05,-1.05E-04,3.57E-04,3.65E-04,3.48E-04,3.20E-04,4.61E-05,1.11E-05,4.24E-04,1.38E-04,-1.94E-04,1.60E-05
574,1.02E-04,9.24E-05,7.18E-05,3.82E-04,1.04E-04,-9.05E-05,2.72E-05,6.07E-05,-1.03E-05,-1.04E-04,3.63E-04,3.72E-04,3.55E-04,3.23E-04,4.99E-05,1.22E-05,4.33E-04,1.42E-04,-1.90E-04,2.40E-05
575,1.11E-04,1.02E-04,7.67E-05,3.89E-04,1.09E-04,-9.04E-05,3.11E-05,6.20E-05,-8.44E-06,-1.04E-04,3.69E-04,3.77E-04,3.60E-04,3.24E-04,5.26E-05,1.17E-05,4.42E-04,1.45E-04,-1.88E-04,3.09E-05
576,1.19E-04,1.10E-04,8.01E-05,3.94E-04,1.14E-04,-9.14E-05,3.37E-05,6.18E-05,-8.11E-06,-1.05E-04,3.74E-04,3.81E-04,3.64E-04,3.25E-04,5.42E-05,9.77E-06,4.49E-04,1.47E-04,-1.87E-04,3.66E-05
577,1.24E-04,1.16E-04,8.19E-05,3.98E-04,1.17E-04,-9.36E-05,3.50E-05,5.98E-05,-9.32E-06,-1.08E-04,3.77E-04,3.83E-04,3.67E-04,3.24E-04,5.46E-05,6.47E-06,4.55E-04,1.48E-04,-1.86E-04,4.08E-05
578,1.28E-04,1.21E-04,8.20E-05,4.01E-04,1.18E-04,-9.66E-05,3.49E-05,5.60E-05,-1.20E-05,-1.13E-04,3.80E-04,3.83E-04,3.69E-04,3.22E-04,5.39E-05,2.02E-06,4.59E-04,1.48E-04,-1.87E-04,4.33E-05
579,1.30E-04,1.25E-04,8.04E-05,4.03E-04,1.19E-04,-1.00E-04,3.33E-05,5.05E-05,-1.62E-05,-1.18E-04,3.81E-04,3.82E-04,3.69E-04,3.20E-04,5.20E-05,-3.41E-06,4.62E-04,1.47E-04,-1.88E-04,4.38E-05
580,1.30E-04,1.27E-04,7.70E-05,4.03E-04,1.18E-04,-1.05E-04,3.03E-05,4.33E-05,-2.16E-05,-1.25E-04,3.81E-04,3.80E-04,3.68E-04,3.16E-04,4.91E-05,-9.62E-06,4.64E-04,1.45E-04,-1.90E-04,4.25E-05
581,1.29E-04,1.27E-04,7.20E-05,4.03E-04,1.16E-04,-1.09E-04,2.60E-05,3.46E-05,-2.80E-05,-1.32E-04,3.79E-04,3.76E-04,3.66E-04,3.12E-04,4.54E-05,-1.64E-05,4.64E-04,1.42E-04,-1.93E-04,3.93E-05
582,1.26E-04,1.25E-04,6.56E-05,4.02E-04,1.13E-04,-1.14E-04,2.04E-05,2.44E-05,-3.53E-05,-1.40E-04,3.76E-04,3.70E-04,3.63E-04,3.06E-04,4.09E-05,-2.36E-05,4.63E-04,1.38E-04,-1.97E-04,3.45E-05
583,1.23E-04,1.23E-04,5.78E-05,4.00E-04,1.09E-04,-1.19E-04,1.37E-05,1.31E-05,-4.32E-05,-1.48E-04,3.73E-04,3.64E-04,3.60E-04,3.00E-04,3.60E-05,-3.12E-05,4.60E-04,1.33E-04,-2.01E-04,2.82E-05
584,1.18E-04,1.18E-04,4.89E-05,3.98E-04,1.04E-04,-1.24E-04,6.18E-06,8.42E-07,-5.14E-05,-1.55E-04,3.68E-04,3.56E-04,3.56E-04,2.94E-04,3.08E-05,-3.88E-05,4.57E-04,1.28E-04,-2.05E-04,2.09E-05
585,1.13E-04,1.13E-04,3.91E-05,3.94E-04,9.80E-05,-1.29E-04,-2.04E-06,-1.21E-05,-5.98E-05,-1.62E-04,3.62E-04,3.49E-04,3.52E-04,2.87E-04,2.54E-05,-4.66E-05,4.53E-04,1.22E-04,-2.10E-04,1.31E-05
586,1.07E-04,1.07E-04,2.86E-05,3.91E-04,9.19E-05,-1.33E-04,-1.07E-05,-2.54E-05,-6.80E-05,-1.69E-04,3.56E-04,3.40E-04,3.49E-04,2.80E-04,2.02E-05,-5.44E-05,4.48E-04,1.15E-04,-2.14E-04,5.12E-06
587,1.02E-04,9.93E-05,1.76E-05,3.87E-04,8.54E-05,-1.38E-04,-1.97E-05,-3.88E-05,-7.59E-05,-1.75E-04,3.49E-04,3.31E-04,3.45E-04,2.73E-04,1.53E-05,-6.22E-05,4.43E-04,1.09E-04,-2.19E-04,-2.42E-06
588,9.61E-05,9.16E-05,6.26E-06,3.83E-04,7.88E-05,-1.42E-04,-2.87E-05,-5.22E-05,-8.34E-05,-1.80E-04,3.42E-04,3.22E-04,3.41E-04,2.67E-04,1.09E-05,-6.99E-05,4.38E-04,1.02E-04,-2.23E-04,-9.05E-06
589,9.07E-05,8.34E-05,-5.21E-06,3.79E-04,7.22E-05,-1.46E-04,-3.77E-05,-6.54E-05,-9.04E-05,-1.84E-04,3.34E-04,3.14E-04,3.38E-04,2.60E-04,6.97E-06,-7.76E-05,4.32E-04,9.55E-05,-2.27E-04,-1.43E-05
590,8.57E-05,7.50E-05,-1.67E-05,3.75E-04,6.59E-05,-1.50E-04,-4.65E-05,-7.82E-05,-9.67E-05,-1.87E-04,3.27E-04,3.05E-04,3.34E-04,2.54E-04,3.76E-06,-8.51E-05,4.26E-04,8.91E-05,-2.30E-04,-1.79E-05
591,8.11E-05,6.65E-05,-2.81E-05,3.71E-04,5.98E-05,-1.53E-04,-5.50E-05,-9.05E-05,-1.02E-04,-1.89E-04,3.20E-04,2.97E-04,3.32E-04,2.49E-04,1.31E-06,-9.24E-05,4.21E-04,8.31E-05,-2.34E-04,-1.94E-05
592,7.68E-05,5.80E-05,-3.92E-05,3.67E-04,5.41E-05,-1.56E-04,-6.31E-05,-1.02E-04,-1.08E-04,-1.90E-04,3.13E-04,2.89E-04,3.29E-04,2.44E-04,-3.65E-07,-9.95E-05,4.15E-04,7.73E-05,-2.37E-04,-1.88E-05
593,7.29E-05,4.97E-05,-5.00E-05,3.64E-04,4.90E-05,-1.59E-04,-7.09E-05,-1.13E-04,-1.12E-04,-1.91E-04,3.06E-04,2.81E-04,3.26E-04,2.39E-04,-1.24E-06,-1.06E-04,4.09E-04,7.20E-05,-2.39E-04,-1.61E-05
594,6.93E-05,4.16E-05,-6.05E-05,3.61E-04,4.43E-05,-1.61E-04,-7.82E-05,-1.24E-04,-1.16E-04,-1.90E-04,3.00E-04,2.74E-04,3.24E-04,2.35E-04,-1.34E-06,-1.12E-04,4.04E-04,6.72E-05,-2.41E-04,-1.13E-05
595,6.60E-05,3.38E-05,-7.05E-05,3.58E-04,4.03E-05,-1.63E-04,-8.51E-05,-1.34E-04,-1.20E-04,-1.89E-04,2.95E-04,2.68E-04,3.22E-04,2.32E-04,-7.10E-07,-1.18E-04,3.99E-04,6.29E-05,-2.42E-04,-4.66E-06
596,6.27E-05,2.64E-05,-8.01E-05,3.55E-04,3.70E-05,-1.63E-04,-9.15E-05,-1.43E-04,-1.23E-04,-1.86E-04,2.90E-04,2.61E-04,3.20E-04,2.29E-04,6.13E-07,-1.23E-04,3.94E-04,5.92E-05,-2.43E-04,3.49E-06
597,5.94E-05,1.93E-05,-8.91E-05,3.52E-04,3.42E-05,-1.63E-04,-9.75E-05,-1.52E-04,-1.26E-04,-1.83E-04,2.86E-04,2.56E-04,3.18E-04,2.26E-04,2.56E-06,-1.26E-04,3.89E-04,5.60E-05,-2.43E-04,1.28E-05
598,5.62E-05,1.27E-05,-9.75E-05,3.50E-04,3.21E-05,-1.61E-04,-1.03E-04,-1.60E-04,-1.28E-04,-1.80E-04,2.83E-04,2.50E-04,3.16E-04,2.24E-04,5.07E-06,-1.29E-04,3.85E-04,5.34E-05,-2.41E-04,2.28E-05
599,5.28E-05,6.55E-06,-1.05E-04,3.48E-04,3.06E-05,-1.58E-04,-1.08E-04,-1.67E-04,-1.30E-04,-1.75E-04,2.80E-04,2.45E-04,3.14E-04,2.23E-04,8.07E-06,-1.31E-04,3.80E-04,5.15E-05,-2.39E-04,3.32E-05
600,4.93E-05,8.58E-07,-1.12E-04,3.46E-04,2.96E-05,-1.53E-04,-1.13E-04,-1.74E-04,-1.32E-04,-1.70E-04,2.78E-04,2.41E-04,3.12E-04,2.21E-04,1.15E-05,-1.31E-04,3.76E-04,5.01E-05,-2.36E-04,4.35E-05
601,4.58E-05,-4.33E-06,-1.18E-04,3.44E-04,2.92E-05,-1.47E-04,-1.17E-04,-1.79E-04,-1.34E-04,-1.63E-04,2.76E-04,2.37E-04,3.10E-04,2.19E-04,1.53E-05,-1.29E-04,3.73E-04,4.94E-05,-2.31E-04,5.35E-05
602,4.21E-05,-8.99E-06,-1.23E-04,3.43E-04,2.93E-05,-1.40E-04,-1.20E-04,-1.85E-04,-1.35E-04,-1.56E-04,2.74E-04,2.33E-04,3.08E-04,2.18E-04,1.94E-05,-1.27E-04,3.69E-04,4.94E-05,-2.24E-04,6.30E-05
603,3.85E-05,-1.31E-05,-1.27E-04,3.42E-04,2.98E-05,-1.31E-04,-1.23E-04,-1.89E-04,-1.36E-04,-1.48E-04,2.73E-04,2.30E-04,3.06E-04,2.17E-04,2.37E-05,-1.23E-04,3.67E-04,5.01E-05,-2.17E-04,7.18E-05
604,3.51E-05,-1.66E-05,-1.31E-04,3.41E-04,3.07E-05,-1.21E-04,-1.25E-04,-1.92E-04,-1.36E-04,-1.40E-04,2.72E-04,2.27E-04,3.04E-04,2.15E-04,2.82E-05,-1.18E-04,3.64E-04,5.14E-05,-2.08E-04,7.99E-05
605,3.18E-05,-1.96E-05,-1.33E-04,3.40E-04,3.19E-05,-1.11E-04,-1.27E-04,-1.95E-04,-1.36E-04,-1.31E-04,2.72E-04,2.24E-04,3.02E-04,2.14E-04,3.27E-05,-1.12E-04,3.62E-04,5.34E-05,-1.97E-04,8.75E-05
606,2.88E-05,-2.20E-05,-1.34E-04,3.39E-04,3.33E-05,-9.96E-05,-1.28E-04,-1.97E-04,-1.36E-04,-1.21E-04,2.71E-04,2.22E-04,3.01E-04,2.13E-04,3.73E-05,-1.05E-04,3.60E-04,5.60E-05,-1.86E-04,9.47E-05
607,2.62E-05,-2.38E-05,-1.34E-04,3.38E-04,3.48E-05,-8.88E-05,-1.28E-04,-1.98E-04,-1.35E-04,-1.11E-04,2.70E-04,2.21E-04,3.00E-04,2.11E-04,4.17E-05,-9.84E-05,3.59E-04,5.91E-05,-1.73E-04,1.02E-04
608,2.40E-05,-2.52E-05,-1.34E-04,3.37E-04,3.62E-05,-7.85E-05,-1.28E-04,-1.98E-04,-1.34E-04,-1.01E-04,2.69E-04,2.19E-04,2.98E-04,2.10E-04,4.59E-05,-9.17E-05,3.58E-04,6.27E-05,-1.60E-04,1.09E-04
609,2.22E-05,-2.60E-05,-1.32E-04,3.37E-04,3.76E-05,-6.93E-05,-1.27E-04,-1.98E-04,-1.33E-04,-9.12E-05,2.68E-04,2.18E-04,2.97E-04,2.08E-04,4.98E-05,-8.54E-05,3.57E-04,6.66E-05,-1.46E-04,1.16E-04
610,2.09E-05,-2.65E-05,-1.31E-04,3.36E-04,3.87E-05,-6.16E-05,-1.26E-04,-1.98E-04,-1.31E-04,-8.17E-05,2.66E-04,2.17E-04,2.96E-04,2.07E-04,5.33E-05,-7.99E-05,3.57E-04,7.08E-05,-1.32E-04,1.25E-04
611,1.99E-05,-2.68E-05,-1.29E-04,3.35E-04,3.94E-05,-5.58E-05,-1.25E-04,-1.97E-04,-1.30E-04,-7.28E-05,2.64E-04,2.15E-04,2.94E-04,2.05E-04,5.61E-05,-7.53E-05,3.56E-04,7.51E-05,-1.19E-04,1.33E-04
612,1.92E-05,-2.69E-05,-1.27E-04,3.34E-04,3.96E-05,-5.22E-05,-1.24E-04,-1.97E-04,-1.29E-04,-6.48E-05,2.61E-04,2.14E-04,2.93E-04,2.03E-04,5.83E-05,-7.20E-05,3.55E-04,7.93E-05,-1.06E-04,1.43E-04
613,1.86E-05,-2.69E-05,-1.25E-04,3.32E-04,3.92E-05,-5.10E-05,-1.23E-04,-1.96E-04,-1.28E-04,-5.78E-05,2.57E-04,2.13E-04,2.90E-04,2.00E-04,5.96E-05,-7.02E-05,3.54E-04,8.32E-05,-9.33E-05,1.53E-04
614,1.79E-05,-2.71E-05,-1.24E-04,3.30E-04,3.81E-05,-5.22E-05,-1.22E-04,-1.96E-04,-1.27E-04,-5.20E-05,2.52E-04,2.11E-04,2.87E-04,1.97E-04,6.00E-05,-6.97E-05,3.53E-04,8.69E-05,-8.20E-05,1.64E-04
615,1.70E-05,-2.75E-05,-1.23E-04,3.28E-04,3.62E-05,-5.56E-05,-1.23E-04,-1.97E-04,-1.27E-04,-4.76E-05,2.47E-04,2.08E-04,2.84E-04,1.94E-04,5.94E-05,-7.07E-05,3.51E-04,9.00E-05,-7.19E-05,1.74E-04
616,1.55E-05,-2.82E-05,-1.23E-04,3.24E-04,3.35E-05,-6.12E-05,-1.24E-04,-1.99E-04,-1.27E-04,-4.45E-05,2.41E-04,2.05E-04,2.79E-04,1.91E-04,5.77E-05,-7.31E-05,3.49E-04,9.26E-05,-6.31E-05,1.84E-04
617,1.34E-05,-2.94E-05,-1.24E-04,3.20E-04,3.00E-05,-6.84E-05,-1.26E-04,-2.02E-04,-1.28E-04,-4.27E-05,2.34E-04,2.02E-04,2.74E-04,1.86E-04,5.50E-05,-7.66E-05,3.45E-04,9.45E-05,-5.56E-05,1.93E-04
618,1.05E-05,-3.10E-05,-1.27E-04,3.14E-04,2.57E-05,-7.69E-05,-1.29E-04,-2.05E-04,-1.30E-04,-4.21E-05,2.26E-04,1.97E-04,2.68E-04,1.82E-04,5.14E-05,-8.10E-05,3.41E-04,9.57E-05,-4.94E-05,2.01E-04
619,6.58E-06,-3.31E-05,-1.30E-04,3.08E-04,2.07E-05,-8.60E-05,-1.33E-04,-2.10E-04,-1.33E-04,-4.27E-05,2.18E-04,1.92E-04,2.60E-04,1.76E-04,4.69E-05,-8.62E-05,3.37E-04,9.63E-05,-4.44E-05,2.06E-04
620,1.69E-06,-3.58E-05,-1.35E-04,3.00E-04,1.52E-05,-9.54E-05,-1.37E-04,-2.15E-04,-1.36E-04,-4.41E-05,2.09E-04,1.86E-04,2.52E-04,1.70E-04,4.17E-05,-9.18E-05,3.31E-04,9.63E-05,-4.02E-05,2.09E-04
621,-4.19E-06,-3.89E-05,-1.40E-04,2.92E-04,9.27E-06,-1.05E-04,-1.43E-04,-2.22E-04,-1.39E-04,-4.63E-05,1.99E-04,1.80E-04,2.44E-04,1.63E-04,3.59E-05,-9.75E-05,3.25E-04,9.58E-05,-3.67E-05,2.09E-04
622,-1.10E-05,-4.24E-05,-1.46E-04,2.82E-04,3.14E-06,-1.13E-04,-1.50E-04,-2.29E-04,-1.43E-04,-4.90E-05,1.89E-04,1.73E-04,2.34E-04,1.56E-04,2.98E-05,-1.03E-04,3.18E-04,9.51E-05,-3.35E-05,2.07E-04
623,-1.85E-05,-4.62E-05,-1.52E-04,2.72E-04,-2.95E-06,-1.20E-04,-1.57E-04,-2.36E-04,-1.47E-04,-5.19E-05,1.80E-04,1.65E-04,2.25E-04,1.48E-04,2.37E-05,-1.09E-04,3.11E-04,9.41E-05,-3.03E-05,2.01E-04
624,-2.66E-05,-5.00E-05,-1.58E-04,2.62E-04,-8.77E-06,-1.26E-04,-1.64E-04,-2.43E-04,-1.50E-04,-5.49E-05,1.70E-04,1.58E-04,2.15E-04,1.40E-04,1.77E-05,-1.13E-04,3.03E-04,9.32E-05,-2.67E-05,1.93E-04
625,-3.49E-05,-5.38E-05,-1.64E-04,2.51E-04,-1.41E-05,-1.30E-04,-1.71E-04,-2.50E-04,-1.54E-04,-5.78E-05,1.60E-04,1.50E-04,2.05E-04,1.32E-04,1.23E-05,-1.18E-04,2.96E-04,9.27E-05,-2.25E-05,1.83E-04
626,-4.31E-05,-5.73E-05,-1.69E-04,2.40E-04,-1.86E-05,-1.33E-04,-1.78E-04,-2.56E-04,-1.57E-04,-6.05E-05,1.51E-04,1.43E-04,1.96E-04,1.24E-04,7.65E-06,-1.22E-04,2.88E-04,9.26E-05,-1.74E-05,1.71E-04
627,-5.08E-05,-6.04E-05,-1.73E-04,2.29E-04,-2.21E-05,-1.35E-04,-1.84E-04,-2.62E-04,-1.59E-04,-6.28E-05,1.43E-04,1.36E-04,1.87E-04,1.16E-04,3.96E-06,-1.25E-04,2.81E-04,9.31E-05,-1.12E-05,1.59E-04
628,-5.77E-05,-6.30E-05,-1.76E-04,2.19E-04,-2.44E-05,-1.36E-04,-1.89E-04,-2.66E-04,-1.60E-04,-6.47E-05,1.36E-04,1.29E-04,1.80E-04,1.08E-04,1.46E-06,-1.28E-04,2.75E-04,9.46E-05,-3.93E-06,1.48E-04
629,-6.33E-05,-6.48E-05,-1.77E-04,2.09E-04,-2.53E-05,-1.37E-04,-1.93E-04,-2.68E-04,-1.60E-04,-6.61E-05,1.29E-04,1.24E-04,1.73E-04,1.02E-04,2.90E-07,-1.31E-04,2.69E-04,9.69E-05,4.51E-06,1.38E-04
630,-6.72E-05,-6.58E-05,-1.76E-04,2.01E-04,-2.47E-05,-1.37E-04,-1.95E-04,-2.69E-04,-1.58E-04,-6.71E-05,1.24E-04,1.19E-04,1.67E-04,9.54E-05,5.27E-07,-1.33E-04,2.64E-04,1.00E-04,1.40E-05,1.30E-04
631,-6.93E-05,-6.60E-05,-1.73E-04,1.94E-04,-2.26E-05,-1.38E-04,-1.96E-04,-2.68E-04,-1.56E-04,-6.77E-05,1.19E-04,1.15E-04,1.63E-04,9.02E-05,2.20E-06,-1.35E-04,2.59E-04,1.05E-04,2.45E-05,1.26E-04
632,-6.92E-05,-6.52E-05,-1.69E-04,1.89E-04,-1.89E-05,-1.39E-04,-1.95E-04,-2.65E-04,-1.52E-04,-6.79E-05,1.16E-04,1.11E-04,1.59E-04,8.61E-05,5.25E-06,-1.36E-04,2.55E-04,1.10E-04,3.56E-05,1.25E-04
633,-6.68E-05,-6.35E-05,-1.62E-04,1.85E-04,-1.37E-05,-1.42E-04,-1.93E-04,-2.61E-04,-1.47E-04,-6.76E-05,1.13E-04,1.09E-04,1.57E-04,8.32E-05,9.58E-06,-1.37E-04,2.52E-04,1.17E-04,4.72E-05,1.29E-04
634,-6.20E-05,-6.10E-05,-1.54E-04,1.83E-04,-7.08E-06,-1.45E-04,-1.90E-04,-2.55E-04,-1.40E-04,-6.69E-05,1.12E-04,1.07E-04,1.56E-04,8.15E-05,1.50E-05,-1.38E-04,2.49E-04,1.24E-04,5.91E-05,1.36E-04
635,-5.48E-05,-5.77E-05,-1.43E-04,1.83E-04,8.37E-07,-1.50E-04,-1.85E-04,-2.48E-04,-1.33E-04,-6.56E-05,1.11E-04,1.07E-04,1.56E-04,8.11E-05,2.13E-05,-1.38E-04,2.46E-04,1.31E-04,7.08E-05,1.48E-04
636,-4.52E-05,-5.39E-05,-1.32E-04,1.85E-04,9.85E-06,-1.56E-04,-1.79E-04,-2.39E-04,-1.24E-04,-6.36E-05,1.11E-04,1.06E-04,1.57E-04,8.19E-05,2.83E-05,-1.37E-04,2.44E-04,1.39E-04,8.23E-05,1.63E-04
637,-3.35E-05,-4.95E-05,-1.19E-04,1.88E-04,1.98E-05,-1.63E-04,-1.73E-04,-2.30E-04,-1.15E-04,-6.08E-05,1.11E-04,1.06E-04,1.58E-04,8.38E-05,3.56E-05,-1.34E-04,2.42E-04,1.47E-04,9.34E-05,1.80E-04
638,-2.00E-05,-4.48E-05,-1.05E-04,1.92E-04,3.04E-05,-1.70E-04,-1.65E-04,-2.19E-04,-1.04E-04,-5.69E-05,1.11E-04,1.07E-04,1.59E-04,8.66E-05,4.29E-05,-1.30E-04,2.40E-04,1.55E-04,1.04E-04,1.98E-04
639,-4.78E-06,-3.99E-05,-9.01E-05,1.97E-04,4.14E-05,-1.76E-04,-1.58E-04,-2.09E-04,-9.35E-05,-5.18E-05,1.11E-04,1.07E-04,1.60E-04,9.02E-05,5.01E-05,-1.23E-04,2.37E-04,1.63E-04,1.14E-04,2.15E-04
640,1.16E-05,-3.49E-05,-7.51E-05,2.04E-04,5.26E-05,-1.81E-04,-1.50E-04,-1.98E-04,-8.18E-05,-4.51E-05,1.11E-04,1.08E-04,1.62E-04,9.44E-05,5.69E-05,-1.14E-04,2.34E-04,1.71E-04,1.24E-04,2.31E-04
641,2.89E-05,-2.99E-05,-5.99E-05,2.10E-04,6.39E-05,-1.84E-04,-1.42E-04,-1.87E-04,-6.97E-05,-3.66E-05,1.11E-04,1.08E-04,1.63E-04,9.89E-05,6.30E-05,-1.03E-04,2.31E-04,1.78E-04,1.33E-04,2.43E-04
642,4.68E-05,-2.48E-05,-4.47E-05,2.17E-04,7.51E-05,-1.83E-04,-1.34E-04,-1.76E-04,-5.71E-05,-2.62E-05,1.10E-04,1.08E-04,1.63E-04,1.04E-04,6.84E-05,-8.80E-05,2.27E-04,1.84E-04,1.43E-04,2.50E-04
643,6.47E-05,-1.98E-05,-2.96E-05,2.23E-04,8.59E-05,-1.79E-04,-1.27E-04,-1.64E-04,-4.40E-05,-1.36E-05,1.08E-04,1.08E-04,1.64E-04,1.08E-04,7.29E-05,-7.03E-05,2.23E-04,1.90E-04,1.53E-04,2.50E-04
644,8.25E-05,-1.47E-05,-1.47E-05,2.29E-04,9.63E-05,-1.70E-04,-1.19E-04,-1.53E-04,-3.04E-05,1.31E-06,1.06E-04,1.08E-04,1.64E-04,1.12E-04,7.66E-05,-4.96E-05,2.18E-04,1.95E-04,1.63E-04,2.43E-04
645,9.99E-05,-9.46E-06,8.63E-08,2.34E-04,1.06E-04,-1.56E-04,-1.12E-04,-1.41E-04,-1.64E-05,1.84E-05,1.03E-04,1.07E-04,1.64E-04,1.16E-04,7.95E-05,-2.61E-05,2.14E-04,2.01E-04,1.76E-04,2.28E-04
646,1.17E-04,-3.85E-06,1.48E-05,2.38E-04,1.16E-04,-1.37E-04,-1.05E-04,-1.29E-04,-1.86E-06,3.77E-05,9.93E-05,1.07E-04,1.63E-04,1.19E-04,8.17E-05,-3.56E-07,2.09E-04,2.06E-04,1.90E-04,2.04E-04
647,1.33E-04,2.27E-06,2.94E-05,2.40E-04,1.25E-04,-1.12E-04,-9.69E-05,-1.17E-04,1.32E-05,5.90E-05,9.51E-05,1.06E-04,1.62E-04,1.22E-04,8.34E-05,2.73E-05,2.05E-04,2.11E-04,2.06E-04,1.72E-04
648,1.48E-04,9.13E-06,4.43E-05,2.42E-04,1.34E-04,-8.20E-05,-8.87E-05,-1.03E-04,2.90E-05,8.19E-05,9.04E-05,1.06E-04,1.62E-04,1.23E-04,8.49E-05,5.60E-05,2.01E-04,2.17E-04,2.24E-04,1.33E-04
649,1.62E-04,1.69E-05,5.94E-05,2.42E-04,1.42E-04,-4.75E-05,-7.98E-05,-8.87E-05,4.53E-05,1.06E-04,8.54E-05,1.06E-04,1.62E-04,1.24E-04,8.63E-05,8.52E-05,1.98E-04,2.23E-04,2.45E-04,8.70E-05
650,1.75E-04,2.59E-05,7.51E-05,2.40E-04,1.50E-04,-9.06E-06,-6.99E-05,-7.28E-05,6.23E-05,1.31E-04,8.03E-05,1.07E-04,1.62E-04,1.24E-04,8.79E-05,1.14E-04,1.97E-04,2.30E-04,2.69E-04,3.67E-05
651,1.88E-04,3.63E-05,9.13E-05,2.38E-04,1.58E-04,3.24E-05,-5.88E-05,-5.54E-05,7.99E-05,1.56E-04,7.51E-05,1.09E-04,1.62E-04,1.23E-04,9.01E-05,1.42E-04,1.96E-04,2.38E-04,2.95E-04,-1.66E-05
652,1.99E-04,4.81E-05,1.08E-04,2.34E-04,1.66E-04,7.58E-05,-4.63E-05,-3.65E-05,9.82E-05,1.81E-04,7.01E-05,1.11E-04,1.64E-04,1.22E-04,9.29E-05,1.67E-04,1.97E-04,2.48E-04,3.24E-04,-7.07E-05
653,2.11E-04,6.16E-05,1.26E-04,2.29E-04,1.75E-04,1.20E-04,-3.24E-05,-1.59E-05,1.17E-04,2.05E-04,6.54E-05,1.14E-04,1.65E-04,1.20E-04,9.66E-05,1.90E-04,1.99E-04,2.59E-04,3.54E-04,-1.24E-04
654,2.22E-04,7.68E-05,1.45E-04,2.23E-04,1.83E-04,1.64E-04,-1.69E-05,6.32E-06,1.36E-04,2.27E-04,6.11E-05,1.18E-04,1.68E-04,1.18E-04,1.01E-04,2.10E-04,2.03E-04,2.71E-04,3.86E-04,-1.73E-04
655,2.32E-04,9.35E-05,1.65E-04,2.16E-04,1.91E-04,2.06E-04,8.35E-08,3.00E-05,1.56E-04,2.48E-04,5.72E-05,1.23E-04,1.71E-04,1.15E-04,1.07E-04,2.26E-04,2.09E-04,2.85E-04,4.19E-04,-2.18E-04
656,2.43E-04,1.12E-04,1.85E-04,2.09E-04,2.00E-04,2.46E-04,1.85E-05,5.48E-05,1.75E-04,2.66E-04,5.37E-05,1.28E-04,1.75E-04,1.12E-04,1.14E-04,2.39E-04,2.16E-04,3.00E-04,4.52E-04,-2.56E-04
657,2.53E-04,1.31E-04,2.06E-04,2.02E-04,2.09E-04,2.83E-04,3.80E-05,8.06E-05,1.95E-04,2.82E-04,5.07E-05,1.34E-04,1.79E-04,1.09E-04,1.22E-04,2.47E-04,2.23E-04,3.16E-04,4.85E-04,-2.86E-04
658,2.63E-04,1.52E-04,2.27E-04,1.94E-04,2.18E-04,3.15E-04,5.85E-05,1.07E-04,2.14E-04,2.95E-04,4.80E-05,1.40E-04,1.84E-04,1.07E-04,1.31E-04,2.53E-04,2.32E-04,3.33E-04,5.16E-04,-3.08E-04
659,2.74E-04,1.73E-04,2.48E-04,1.86E-04,2.27E-04,3.43E-04,7.96E-05,1.33E-04,2.32E-04,3.06E-04,4.55E-05,1.46E-04,1.88E-04,1.04E-04,1.41E-04,2.56E-04,2.41E-04,3.50E-04,5.45E-04,-3.19E-04
660,2.84E-04,1.95E-04,2.69E-04,1.78E-04,2.36E-04,3.67E-04,1.01E-04,1.59E-04,2.50E-04,3.15E-04,4.31E-05,1.52E-04,1.92E-04,1.01E-04,1.51E-04,2.56E-04,2.50E-04,3.67E-04,5.71E-04,-3.22E-04
661,2.94E-04,2.16E-04,2.89E-04,1.70E-04,2.44E-04,3.86E-04,1.22E-04,1.84E-04,2.67E-04,3.22E-04,4.05E-05,1.58E-04,1.96E-04,9.85E-05,1.62E-04,2.55E-04,2.59E-04,3.83E-04,5.94E-04,-3.15E-04
662,3.03E-04,2.37E-04,3.09E-04,1.63E-04,2.52E-04,4.01E-04,1.42E-04,2.08E-04,2.83E-04,3.27E-04,3.76E-05,1.62E-04,1.99E-04,9.60E-05,1.73E-04,2.52E-04,2.67E-04,3.99E-04,6.13E-04,-3.00E-04
663,3.13E-04,2.57E-04,3.27E-04,1.55E-04,2.60E-04,4.13E-04,1.62E-04,2.30E-04,2.97E-04,3.31E-04,3.42E-05,1.66E-04,2.01E-04,9.34E-05,1.83E-04,2.50E-04,2.74E-04,4.14E-04,6.27E-04,-2.78E-04
664,3.21E-04,2.75E-04,3.44E-04,1.47E-04,2.67E-04,4.22E-04,1.80E-04,2.50E-04,3.10E-04,3.35E-04,3.01E-05,1.68E-04,2.01E-04,9.08E-05,1.93E-04,2.49E-04,2.79E-04,4.27E-04,6.37E-04,-2.50E-04
665,3.29E-04,2.92E-04,3.59E-04,1.40E-04,2.74E-04,4.28E-04,1.96E-04,2.68E-04,3.22E-04,3.39E-04,2.51E-05,1.68E-04,2.01E-04,8.81E-05,2.02E-04,2.49E-04,2.83E-04,4.38E-04,6.43E-04,-2.17E-04
666,3.35E-04,3.07E-04,3.73E-04,1.32E-04,2.79E-04,4.34E-04,2.10E-04,2.83E-04,3.32E-04,3.43E-04,1.92E-05,1.67E-04,1.98E-04,8.53E-05,2.09E-04,2.51E-04,2.84E-04,4.46E-04,6.44E-04,-1.81E-04
667,3.41E-04,3.19E-04,3.84E-04,1.25E-04,2.84E-04,4.38E-04,2.22E-04,2.95E-04,3.40E-04,3.49E-04,1.22E-05,1.65E-04,1.94E-04,8.21E-05,2.16E-04,2.55E-04,2.83E-04,4.53E-04,6.41E-04,-1.43E-04
668,3.45E-04,3.29E-04,3.93E-04,1.17E-04,2.88E-04,4.42E-04,2.32E-04,3.05E-04,3.47E-04,3.56E-04,4.18E-06,1.60E-04,1.89E-04,7.87E-05,2.21E-04,2.62E-04,2.79E-04,4.57E-04,6.35E-04,-1.05E-04
669,3.48E-04,3.36E-04,4.01E-04,1.10E-04,2.90E-04,4.46E-04,2.40E-04,3.12E-04,3.53E-04,3.64E-04,-4.81E-06,1.54E-04,1.82E-04,7.49E-05,2.24E-04,2.71E-04,2.73E-04,4.59E-04,6.26E-04,-6.77E-05
670,3.50E-04,3.40E-04,4.07E-04,1.02E-04,2.92E-04,4.51E-04,2.46E-04,3.17E-04,3.58E-04,3.75E-04,-1.46E-05,1.46E-04,1.75E-04,7.08E-05,2.26E-04,2.83E-04,2.65E-04,4.59E-04,6.14E-04,-3.25E-05
671,3.51E-04,3.42E-04,4.11E-04,9.49E-05,2.93E-04,4.57E-04,2.49E-04,3.21E-04,3.62E-04,3.87E-04,-2.51E-05,1.37E-04,1.66E-04,6.64E-05,2.27E-04,2.98E-04,2.55E-04,4.57E-04,6.01E-04,1.55E-08
672,3.51E-04,3.42E-04,4.14E-04,8.76E-05,2.94E-04,4.64E-04,2.52E-04,3.22E-04,3.65E-04,4.01E-04,-3.61E-05,1.28E-04,1.56E-04,6.17E-05,2.26E-04,3.14E-04,2.43E-04,4.52E-04,5.88E-04,2.92E-05
673,3.49E-04,3.40E-04,4.17E-04,8.05E-05,2.94E-04,4.71E-04,2.53E-04,3.22E-04,3.67E-04,4.17E-04,-4.71E-05,1.17E-04,1.46E-04,5.69E-05,2.24E-04,3.32E-04,2.30E-04,4.47E-04,5.74E-04,5.49E-05
674,3.48E-04,3.36E-04,4.18E-04,7.37E-05,2.93E-04,4.80E-04,2.53E-04,3.22E-04,3.69E-04,4.34E-04,-5.80E-05,1.06E-04,1.36E-04,5.20E-05,2.22E-04,3.51E-04,2.15E-04,4.40E-04,5.60E-04,7.69E-05
675,3.45E-04,3.32E-04,4.19E-04,6.72E-05,2.93E-04,4.88E-04,2.53E-04,3.21E-04,3.71E-04,4.51E-04,-6.84E-05,9.55E-05,1.26E-04,4.72E-05,2.19E-04,3.70E-04,2.00E-04,4.33E-04,5.48E-04,9.53E-05
676,3.43E-04,3.26E-04,4.19E-04,6.11E-05,2.93E-04,4.97E-04,2.53E-04,3.21E-04,3.73E-04,4.70E-04,-7.79E-05,8.51E-05,1.17E-04,4.26E-05,2.16E-04,3.89E-04,1.85E-04,4.25E-04,5.38E-04,1.10E-04
677,3.41E-04,3.20E-04,4.20E-04,5.56E-05,2.93E-04,5.06E-04,2.53E-04,3.20E-04,3.76E-04,4.89E-04,-8.61E-05,7.54E-05,1.08E-04,3.83E-05,2.14E-04,4.08E-04,1.70E-04,4.17E-04,5.30E-04,1.22E-04
678,3.38E-04,3.14E-04,4.21E-04,5.08E-05,2.93E-04,5.15E-04,2.53E-04,3.21E-04,3.78E-04,5.07E-04,-9.29E-05,6.67E-05,1.01E-04,3.46E-05,2.12E-04,4.27E-04,1.56E-04,4.10E-04,5.24E-04,1.31E-04
679,3.37E-04,3.09E-04,4.22E-04,4.66E-05,2.94E-04,5.24E-04,2.54E-04,3.22E-04,3.81E-04,5.26E-04,-9.79E-05,5.93E-05,9.48E-05,3.15E-05,2.10E-04,4.45E-04,1.43E-04,4.02E-04,5.21E-04,1.37E-04
680,3.36E-04,3.04E-04,4.23E-04,4.33E-05,2.96E-04,5.33E-04,2.55E-04,3.24E-04,3.85E-04,5.44E-04,-1.01E-04,5.32E-05,9.03E-05,2.92E-05,2.10E-04,4.63E-04,1.30E-04,3.96E-04,5.21E-04,1.40E-04
681,3.36E-04,3.00E-04,4.25E-04,4.08E-05,2.99E-04,5.43E-04,2.58E-04,3.27E-04,3.89E-04,5.62E-04,-1.02E-04,4.87E-05,8.74E-05,2.77E-05,2.11E-04,4.79E-04,1.19E-04,3.90E-04,5.24E-04,1.41E-04
682,3.36E-04,2.98E-04,4.28E-04,3.91E-05,3.02E-04,5.52E-04,2.61E-04,3.31E-04,3.94E-04,5.79E-04,-1.01E-04,4.58E-05,8.61E-05,2.72E-05,2.13E-04,4.96E-04,1.10E-04,3.85E-04,5.29E-04,1.40E-04
683,3.38E-04,2.96E-04,4.30E-04,3.84E-05,3.07E-04,5.63E-04,2.64E-04,3.35E-04,3.98E-04,5.95E-04,-9.71E-05,4.44E-05,8.65E-05,2.75E-05,2.17E-04,5.12E-04,1.02E-04,3.82E-04,5.36E-04,1.36E-04
684,3.40E-04,2.97E-04,4.33E-04,3.85E-05,3.12E-04,5.75E-04,2.68E-04,3.40E-04,4.03E-04,6.11E-04,-9.15E-05,4.45E-05,8.84E-05,2.88E-05,2.22E-04,5.28E-04,9.57E-05,3.78E-04,5.45E-04,1.30E-04
685,3.43E-04,2.98E-04,4.37E-04,3.94E-05,3.18E-04,5.89E-04,2.73E-04,3.44E-04,4.08E-04,6.26E-04,-8.39E-05,4.58E-05,9.18E-05,3.10E-05,2.29E-04,5.45E-04,9.05E-05,3.76E-04,5.55E-04,1.22E-04
686,3.47E-04,3.01E-04,4.40E-04,4.12E-05,3.25E-04,6.04E-04,2.77E-04,3.48E-04,4.12E-04,6.40E-04,-7.46E-05,4.82E-05,9.63E-05,3.40E-05,2.36E-04,5.61E-04,8.65E-05,3.74E-04,5.65E-04,1.11E-04
687,3.51E-04,3.04E-04,4.42E-04,4.37E-05,3.32E-04,6.21E-04,2.81E-04,3.52E-04,4.16E-04,6.54E-04,-6.37E-05,5.13E-05,1.02E-04,3.76E-05,2.44E-04,5.77E-04,8.35E-05,3.73E-04,5.76E-04,9.83E-05
688,3.55E-04,3.09E-04,4.44E-04,4.68E-05,3.40E-04,6.39E-04,2.84E-04,3.54E-04,4.19E-04,6.67E-04,-5.16E-05,5.50E-05,1.08E-04,4.17E-05,2.53E-04,5.94E-04,8.11E-05,3.71E-04,5.86E-04,8.34E-05
689,3.59E-04,3.14E-04,4.46E-04,5.05E-05,3.47E-04,6.60E-04,2.87E-04,3.54E-04,4.21E-04,6.79E-04,-3.87E-05,5.88E-05,1.15E-04,4.61E-05,2.62E-04,6.10E-04,7.91E-05,3.69E-04,5.95E-04,6.68E-05
690,3.63E-04,3.19E-04,4.47E-04,5.47E-05,3.54E-04,6.81E-04,2.88E-04,3.52E-04,4.22E-04,6.89E-04,-2.53E-05,6.24E-05,1.21E-04,5.07E-05,2.71E-04,6.25E-04,7.72E-05,3.67E-04,6.03E-04,4.88E-05
691,3.67E-04,3.24E-04,4.47E-04,5.93E-05,3.61E-04,7.04E-04,2.88E-04,3.49E-04,4.21E-04,6.98E-04,-1.17E-05,6.55E-05,1.28E-04,5.52E-05,2.79E-04,6.39E-04,7.51E-05,3.65E-04,6.08E-04,3.00E-05
692,3.69E-04,3.28E-04,4.45E-04,6.43E-05,3.66E-04,7.26E-04,2.87E-04,3.43E-04,4.18E-04,7.04E-04,1.60E-06,6.78E-05,1.34E-04,5.94E-05,2.86E-04,6.51E-04,7.26E-05,3.61E-04,6.10E-04,1.11E-05
693,3.71E-04,3.32E-04,4.43E-04,6.94E-05,3.71E-04,7.47E-04,2.84E-04,3.35E-04,4.13E-04,7.09E-04,1.44E-05,6.91E-05,1.39E-04,6.33E-05,2.92E-04,6.60E-04,6.94E-05,3.57E-04,6.09E-04,-7.34E-06
694,3.72E-04,3.34E-04,4.40E-04,7.47E-05,3.75E-04,7.67E-04,2.79E-04,3.24E-04,4.07E-04,7.10E-04,2.64E-05,6.91E-05,1.43E-04,6.65E-05,2.96E-04,6.67E-04,6.52E-05,3.51E-04,6.04E-04,-2.45E-05
695,3.72E-04,3.35E-04,4.35E-04,8.01E-05,3.77E-04,7.83E-04,2.72E-04,3.12E-04,3.98E-04,7.08E-04,3.74E-05,6.76E-05,1.46E-04,6.90E-05,2.99E-04,6.69E-04,6.01E-05,3.44E-04,5.96E-04,-3.97E-05
696,3.71E-04,3.35E-04,4.29E-04,8.54E-05,3.78E-04,7.96E-04,2.64E-04,2.97E-04,3.88E-04,7.03E-04,4.71E-05,6.47E-05,1.48E-04,7.06E-05,3.00E-04,6.68E-04,5.38E-05,3.36E-04,5.84E-04,-5.23E-05
697,3.68E-04,3.33E-04,4.22E-04,9.07E-05,3.78E-04,8.05E-04,2.54E-04,2.80E-04,3.76E-04,6.93E-04,5.54E-05,6.01E-05,1.48E-04,7.13E-05,2.98E-04,6.62E-04,4.64E-05,3.27E-04,5.68E-04,-6.17E-05
698,3.65E-04,3.29E-04,4.14E-04,9.59E-05,3.76E-04,8.08E-04,2.43E-04,2.62E-04,3.62E-04,6.79E-04,6.22E-05,5.40E-05,1.47E-04,7.11E-05,2.95E-04,6.52E-04,3.77E-05,3.17E-04,5.49E-04,-6.75E-05
699,3.61E-04,3.24E-04,4.05E-04,1.01E-04,3.72E-04,8.06E-04,2.31E-04,2.43E-04,3.47E-04,6.62E-04,6.76E-05,4.65E-05,1.45E-04,6.98E-05,2.89E-04,6.38E-04,2.79E-05,3.05E-04,5.27E-04,-6.95E-05
700,3.56E-04,3.17E-04,3.95E-04,1.06E-04,3.68E-04,7.99E-04,2.18E-04,2.23E-04,3.31E-04,6.40E-04,7.15E-05,3.76E-05,1.41E-04,6.76E-05,2.82E-04,6.19E-04,1.71E-05,2.93E-04,5.02E-04,-6.76E-05
701,3.50E-04,3.08E-04,3.84E-04,1.10E-04,3.62E-04,7.85E-04,2.04E-04,2.02E-04,3.14E-04,6.15E-04,7.40E-05,2.77E-05,1.36E-04,6.44E-05,2.73E-04,5.97E-04,5.41E-06,2.80E-04,4.74E-04,-6.22E-05
702,3.44E-04,2.98E-04,3.72E-04,1.14E-04,3.55E-04,7.66E-04,1.90E-04,1.82E-04,2.96E-04,5.87E-04,7.52E-05,1.68E-05,1.30E-04,6.04E-05,2.62E-04,5.71E-04,-7.03E-06,2.67E-04,4.45E-04,-5.34E-05
703,3.38E-04,2.87E-04,3.60E-04,1.18E-04,3.47E-04,7.43E-04,1.75E-04,1.61E-04,2.79E-04,5.56E-04,7.53E-05,5.22E-06,1.23E-04,5.57E-05,2.50E-04,5.44E-04,-2.00E-05,2.53E-04,4.16E-04,-4.19E-05
704,3.31E-04,2.75E-04,3.47E-04,1.21E-04,3.39E-04,7.15E-04,1.60E-04,1.42E-04,2.61E-04,5.24E-04,7.44E-05,-6.73E-06,1.16E-04,5.04E-05,2.37E-04,5.15E-04,-3.34E-05,2.39E-04,3.85E-04,-2.83E-05
705,3.24E-04,2.62E-04,3.33E-04,1.24E-04,3.30E-04,6.85E-04,1.45E-04,1.22E-04,2.44E-04,4.90E-04,7.26E-05,-1.88E-05,1.08E-04,4.46E-05,2.24E-04,4.86E-04,-4.68E-05,2.25E-04,3.55E-04,-1.34E-05
706,3.17E-04,2.49E-04,3.19E-04,1.26E-04,3.21E-04,6.52E-04,1.30E-04,1.04E-04,2.28E-04,4.57E-04,7.02E-05,-3.08E-05,9.95E-05,3.85E-05,2.10E-04,4.57E-04,-6.03E-05,2.12E-04,3.26E-04,1.98E-06
707,3.11E-04,2.35E-04,3.04E-04,1.28E-04,3.12E-04,6.19E-04,1.15E-04,8.68E-05,2.12E-04,4.25E-04,6.73E-05,-4.25E-05,9.13E-05,3.21E-05,1.96E-04,4.29E-04,-7.35E-05,1.99E-04,2.97E-04,1.71E-05
708,3.04E-04,2.22E-04,2.89E-04,1.30E-04,3.03E-04,5.86E-04,1.01E-04,7.04E-05,1.97E-04,3.94E-04,6.40E-05,-5.37E-05,8.33E-05,2.56E-05,1.83E-04,4.03E-04,-8.64E-05,1.86E-04,2.71E-04,3.13E-05
709,2.98E-04,2.09E-04,2.74E-04,1.31E-04,2.94E-04,5.54E-04,8.68E-05,5.50E-05,1.83E-04,3.66E-04,6.04E-05,-6.43E-05,7.55E-05,1.91E-05,1.70E-04,3.80E-04,-9.87E-05,1.74E-04,2.47E-04,4.39E-05
710,2.91E-04,1.96E-04,2.59E-04,1.31E-04,2.86E-04,5.25E-04,7.31E-05,4.05E-05,1.70E-04,3.41E-04,5.67E-05,-7.41E-05,6.82E-05,1.27E-05,1.58E-04,3.59E-04,-1.11E-04,1.63E-04,2.25E-04,5.46E-05
711,2.85E-04,1.83E-04,2.44E-04,1.31E-04,2.78E-04,4.97E-04,5.99E-05,2.68E-05,1.58E-04,3.19E-04,5.30E-05,-8.32E-05,6.12E-05,6.46E-06,1.47E-04,3.41E-04,-1.22E-04,1.52E-04,2.05E-04,6.31E-05
712,2.79E-04,1.72E-04,2.29E-04,1.30E-04,2.70E-04,4.73E-04,4.71E-05,1.38E-05,1.46E-04,3.01E-04,4.92E-05,-9.15E-05,5.47E-05,3.59E-07,1.36E-04,3.27E-04,-1.32E-04,1.43E-04,1.88E-04,6.93E-05
713,2.73E-04,1.61E-04,2.14E-04,1.29E-04,2.62E-04,4.52E-04,3.46E-05,1.34E-06,1.35E-04,2.87E-04,4.55E-05,-9.91E-05,4.86E-05,-5.56E-06,1.27E-04,3.14E-04,-1.42E-04,1.34E-04,1.73E-04,7.36E-05
714,2.67E-04,1.50E-04,1.99E-04,1.28E-04,2.55E-04,4.34E-04,2.26E-05,-1.07E-05,1.25E-04,2.76E-04,4.18E-05,-1.06E-04,4.29E-05,-1.13E-05,1.18E-04,3.04E-04,-1.51E-04,1.26E-04,1.60E-04,7.61E-05
715,2.61E-04,1.40E-04,1.85E-04,1.26E-04,2.48E-04,4.18E-04,1.09E-05,-2.25E-05,1.14E-04,2.68E-04,3.80E-05,-1.13E-04,3.74E-05,-1.69E-05,1.10E-04,2.96E-04,-1.59E-04,1.18E-04,1.49E-04,7.73E-05
716,2.55E-04,1.31E-04,1.71E-04,1.24E-04,2.41E-04,4.05E-04,-4.92E-07,-3.41E-05,1.04E-04,2.63E-04,3.43E-05,-1.19E-04,3.20E-05,-2.25E-05,1.02E-04,2.89E-04,-1.67E-04,1.10E-04,1.40E-04,7.77E-05
717,2.49E-04,1.21E-04,1.58E-04,1.21E-04,2.34E-04,3.94E-04,-1.15E-05,-4.56E-05,9.31E-05,2.61E-04,3.04E-05,-1.25E-04,2.66E-05,-2.81E-05,9.44E-05,2.82E-04,-1.75E-04,1.03E-04,1.32E-04,7.80E-05
718,2.43E-04,1.13E-04,1.46E-04,1.17E-04,2.26E-04,3.85E-04,-2.22E-05,-5.71E-05,8.22E-05,2.59E-04,2.63E-05,-1.32E-04,2.10E-05,-3.38E-05,8.71E-05,2.75E-04,-1.82E-04,9.61E-05,1.24E-04,7.86E-05
719,2.36E-04,1.04E-04,1.34E-04,1.13E-04,2.19E-04,3.75E-04,-3.25E-05,-6.85E-05,7.09E-05,2.59E-04,2.20E-05,-1.38E-04,1.50E-05,-3.97E-05,7.96E-05,2.67E-04,-1.90E-04,8.90E-05,1.17E-04,8.00E-05
720,2.29E-04,9.52E-05,1.22E-04,1.08E-04,2.11E-04,3.66E-04,-4.26E-05,-7.99E-05,5.92E-05,2.59E-04,1.73E-05,-1.45E-04,8.38E-06,-4.60E-05,7.18E-05,2.58E-04,-1.97E-04,8.18E-05,1.10E-04,8.26E-05
721,2.22E-04,8.64E-05,1.12E-04,1.03E-04,2.02E-04,3.57E-04,-5.24E-05,-9.11E-05,4.72E-05,2.58E-04,1.21E-05,-1.53E-04,1.08E-06,-5.27E-05,6.36E-05,2.48E-04,-2.04E-04,7.42E-05,1.03E-04,8.66E-05
722,2.14E-04,7.73E-05,1.01E-04,9.62E-05,1.93E-04,3.47E-04,-6.18E-05,-1.02E-04,3.50E-05,2.57E-04,6.34E-06,-1.61E-04,-7.06E-06,-5.99E-05,5.46E-05,2.36E-04,-2.12E-04,6.62E-05,9.54E-05,9.21E-05
723,2.05E-04,6.79E-05,9.16E-05,8.86E-05,1.84E-04,3.36E-04,-7.10E-05,-1.13E-04,2.26E-05,2.54E-04,-7.29E-08,-1.70E-04,-1.62E-05,-6.78E-05,4.49E-05,2.23E-04,-2.20E-04,5.76E-05,8.70E-05,9.90E-05
724,1.96E-04,5.82E-05,8.22E-05,7.99E-05,1.74E-04,3.23E-04,-8.00E-05,-1.23E-04,1.03E-05,2.50E-04,-7.26E-06,-1.80E-04,-2.63E-05,-7.65E-05,3.44E-05,2.08E-04,-2.28E-04,4.85E-05,7.79E-05,1.07E-04
725,1.87E-04,4.81E-05,7.31E-05,6.98E-05,1.63E-04,3.10E-04,-8.87E-05,-1.32E-04,-1.81E-06,2.45E-04,-1.53E-05,-1.91E-04,-3.75E-05,-8.60E-05,2.30E-05,1.92E-04,-2.37E-04,3.87E-05,6.79E-05,1.16E-04
726,1.76E-04,3.75E-05,6.41E-05,5.83E-05,1.52E-04,2.96E-04,-9.72E-05,-1.41E-04,-1.34E-05,2.38E-04,-2.44E-05,-2.03E-04,-4.98E-05,-9.64E-05,1.07E-05,1.74E-04,-2.46E-04,2.82E-05,5.72E-05,1.24E-04
727,1.65E-04,2.65E-05,5.51E-05,4.52E-05,1.40E-04,2.81E-04,-1.06E-04,-1.49E-04,-2.44E-05,2.30E-04,-3.44E-05,-2.15E-04,-6.32E-05,-1.08E-04,-2.49E-06,1.56E-04,-2.56E-04,1.71E-05,4.59E-05,1.33E-04
728,1.53E-04,1.52E-05,4.59E-05,3.05E-05,1.28E-04,2.66E-04,-1.14E-04,-1.56E-04,-3.45E-05,2.21E-04,-4.56E-05,-2.28E-04,-7.76E-05,-1.20E-04,-1.64E-05,1.38E-04,-2.66E-04,5.43E-06,3.41E-05,1.41E-04
729,1.39E-04,3.52E-06,3.66E-05,1.40E-05,1.14E-04,2.51E-04,-1.22E-04,-1.62E-04,-4.36E-05,2.11E-04,-5.80E-05,-2.41E-04,-9.29E-05,-1.33E-04,-3.11E-05,1.20E-04,-2.77E-04,-6.84E-06,2.19E-05,1.47E-04
730,1.24E-04,-8.41E-06,2.69E-05,-4.32E-06,1.01E-04,2.36E-04,-1.30E-04,-1.67E-04,-5.16E-05,2.00E-04,-7.15E-05,-2.55E-04,-1.09E-04,-1.47E-04,-4.63E-05,1.02E-04,-2.88E-04,-1.96E-05,9.54E-06,1.51E-04
731,1.08E-04,-2.06E-05,1.68E-05,-2.44E-05,8.62E-05,2.22E-04,-1.39E-04,-1.72E-04,-5.84E-05,1.90E-04,-8.63E-05,-2.70E-04,-1.26E-04,-1.62E-04,-6.21E-05,8.45E-05,-3.00E-04,-3.28E-05,-2.79E-06,1.53E-04
732,9.02E-05,-3.29E-05,6.22E-06,-4.63E-05,7.12E-05,2.09E-04,-1.47E-04,-1.75E-04,-6.42E-05,1.80E-04,-1.02E-04,-2.84E-04,-1.44E-04,-1.78E-04,-7.82E-05,6.79E-05,-3.12E-04,-4.63E-05,-1.49E-05,1.52E-04
733,7.08E-05,-4.54E-05,-4.98E-06,-6.99E-05,5.56E-05,1.97E-04,-1.56E-04,-1.78E-04,-6.90E-05,1.70E-04,-1.20E-04,-2.99E-04,-1.62E-04,-1.94E-04,-9.45E-05,5.21E-05,-3.24E-04,-6.01E-05,-2.68E-05,1.49E-04
734,4.97E-05,-5.80E-05,-1.68E-05,-9.52E-05,3.92E-05,1.86E-04,-1.65E-04,-1.81E-04,-7.29E-05,1.61E-04,-1.38E-04,-3.15E-04,-1.81E-04,-2.12E-04,-1.11E-04,3.70E-05,-3.37E-04,-7.41E-05,-3.82E-05,1.44E-04
735,2.68E-05,-7.08E-05,-2.93E-05,-1.22E-04,2.22E-05,1.76E-04,-1.75E-04,-1.83E-04,-7.62E-05,1.52E-04,-1.58E-04,-3.30E-04,-2.00E-04,-2.30E-04,-1.28E-04,2.25E-05,-3.50E-04,-8.82E-05,-4.91E-05,1.36E-04
736,2.10E-06,-8.39E-05,-4.26E-05,-1.50E-04,4.42E-06,1.67E-04,-1.85E-04,-1.85E-04,-7.91E-05,1.44E-04,-1.78E-04,-3.46E-04,-2.20E-04,-2.48E-04,-1.44E-04,8.26E-06,-3.63E-04,-1.02E-04,-5.95E-05,1.27E-04
737,-2.43E-05,-9.73E-05,-5.66E-05,-1.79E-04,-1.41E-05,1.58E-04,-1.95E-04,-1.87E-04,-8.19E-05,1.36E-04,-2.00E-04,-3.62E-04,-2.40E-04,-2.67E-04,-1.61E-04,-5.90E-06,-3.77E-04,-1.17E-04,-6.94E-05,1.16E-04
738,-5.22E-05,-1.11E-04,-7.14E-05,-2.09E-04,-3.34E-05,1.48E-04,-2.06E-04,-1.90E-04,-8.50E-05,1.29E-04,-2.22E-04,-3.78E-04,-2.60E-04,-2.86E-04,-1.78E-04,-2.03E-05,-3.91E-04,-1.31E-04,-7.89E-05,1.04E-04
739,-8.17E-05,-1.25E-04,-8.70E-05,-2.39E-04,-5.36E-05,1.38E-04,-2.18E-04,-1.94E-04,-8.86E-05,1.21E-04,-2.45E-04,-3.95E-04,-2.81E-04,-3.06E-04,-1.95E-04,-3.51E-05,-4.06E-04,-1.46E-04,-8.80E-05,9.18E-05
740,-1.12E-04,-1.40E-04,-1.03E-04,-2.70E-04,-7.45E-05,1.27E-04,-2.30E-04,-1.99E-04,-9.32E-05,1.13E-04,-2.69E-04,-4.13E-04,-3.01E-04,-3.26E-04,-2.11E-04,-5.07E-05,-4.21E-04,-1.60E-04,-9.69E-05,7.97E-05
741,-1.44E-04,-1.56E-04,-1.21E-04,-3.01E-04,-9.61E-05,1.15E-04,-2.43E-04,-2.04E-04,-9.88E-05,1.05E-04,-2.93E-04,-4.31E-04,-3.22E-04,-3.46E-04,-2.28E-04,-6.70E-05,-4.37E-04,-1.75E-04,-1.05E-04,6.81E-05
742,-1.77E-04,-1.73E-04,-1.39E-04,-3.32E-04,-1.18E-04,1.02E-04,-2.57E-04,-2.11E-04,-1.06E-04,9.48E-05,-3.18E-04,-4.49E-04,-3.43E-04,-3.66E-04,-2.45E-04,-8.43E-05,-4.53E-04,-1.89E-04,-1.14E-04,5.73E-05
743,-2.10E-04,-1.91E-04,-1.58E-04,-3.63E-04,-1.41E-04,8.68E-05,-2.71E-04,-2.20E-04,-1.14E-04,8.36E-05,-3.43E-04,-4.69E-04,-3.64E-04,-3.86E-04,-2.62E-04,-1.02E-04,-4.70E-04,-2.04E-04,-1.22E-04,4.75E-05
744,-2.44E-04,-2.10E-04,-1.78E-04,-3.92E-04,-1.65E-04,7.01E-05,-2.86E-04,-2.30E-04,-1.24E-04,7.08E-05,-3.68E-04,-4.89E-04,-3.85E-04,-4.06E-04,-2.79E-04,-1.21E-04,-4.87E-04,-2.19E-04,-1.31E-04,3.88E-05
745,-2.78E-04,-2.30E-04,-1.99E-04,-4.21E-04,-1.89E-04,5.19E-05,-3.02E-04,-2.42E-04,-1.35E-04,5.64E-05,-3.92E-04,-5.10E-04,-4.06E-04,-4.25E-04,-2.95E-04,-1.40E-04,-5.05E-04,-2.33E-04,-1.39E-04,3.11E-05
746,-3.11E-04,-2.52E-04,-2.21E-04,-4.49E-04,-2.13E-04,3.24E-05,-3.19E-04,-2.55E-04,-1.48E-04,4.04E-05,-4.17E-04,-5.32E-04,-4.27E-04,-4.44E-04,-3.12E-04,-1.60E-04,-5.24E-04,-2.48E-04,-1.47E-04,2.43E-05
747,-3.44E-04,-2.74E-04,-2.43E-04,-4.76E-04,-2.37E-04,1.21E-05,-3.35E-04,-2.69E-04,-1.62E-04,2.28E-05,-4.41E-04,-5.54E-04,-4.48E-04,-4.62E-04,-3.29E-04,-1.79E-04,-5.43E-04,-2.63E-04,-1.55E-04,1.82E-05
748,-3.76E-04,-2.97E-04,-2.66E-04,-5.01E-04,-2.60E-04,-8.55E-06,-3.53E-04,-2.85E-04,-1.77E-04,3.92E-06,-4.64E-04,-5.77E-04,-4.68E-04,-4.80E-04,-3.45E-04,-1.97E-04,-5.63E-04,-2.78E-04,-1.63E-04,1.26E-05
749,-4.07E-04,-3.21E-04,-2.90E-04,-5.24E-04,-2.84E-04,-2.91E-05,-3.71E-04,-3.02E-04,-1.93E-04,-1.60E-05,-4.87E-04,-5.99E-04,-4.88E-04,-4.96E-04,-3.61E-04,-2.14E-04,-5.83E-04,-2.92E-04,-1.70E-04,7.22E-06
750,-4.37E-04,-3.46E-04,-3.14E-04,-5.46E-04,-3.06E-04,-4.91E-05,-3.88E-04,-3.19E-04,-2.09E-04,-3.66E-05,-5.09E-04,-6.22E-04,-5.08E-04,-5.12E-04,-3.76E-04,-2.30E-04,-6.02E-04,-3.06E-04,-1.76E-04,1.79E-06
751,-4.66E-04,-3.70E-04,-3.38E-04,-5.66E-04,-3.28E-04,-6.78E-05,-4.06E-04,-3.37E-04,-2.25E-04,-5.74E-05,-5.30E-04,-6.44E-04,-5.26E-04,-5.26E-04,-3.90E-04,-2.43E-04,-6.22E-04,-3.19E-04,-1.82E-04,-3.87E-06
752,-4.92E-04,-3.94E-04,-3.62E-04,-5.84E-04,-3.48E-04,-8.49E-05,-4.24E-04,-3.55E-04,-2.41E-04,-7.80E-05,-5.50E-04,-6.66E-04,-5.43E-04,-5.39E-04,-4.03E-04,-2.55E-04,-6.41E-04,-3.32E-04,-1.87E-04,-9.87E-06
753,-5.17E-04,-4.18E-04,-3.85E-04,-6.00E-04,-3.67E-04,-9.99E-05,-4.42E-04,-3.73E-04,-2.56E-04,-9.80E-05,-5.69E-04,-6.86E-04,-5.59E-04,-5.50E-04,-4.15E-04,-2.64E-04,-6.60E-04,-3.44E-04,-1.90E-04,-1.63E-05
754,-5.41E-04,-4.40E-04,-4.07E-04,-6.14E-04,-3.85E-04,-1.13E-04,-4.58E-04,-3.90E-04,-2.71E-04,-1.17E-04,-5.86E-04,-7.05E-04,-5.74E-04,-5.60E-04,-4.26E-04,-2.70E-04,-6.78E-04,-3.54E-04,-1.93E-04,-2.29E-05
755,-5.62E-04,-4.61E-04,-4.29E-04,-6.25E-04,-4.01E-04,-1.23E-04,-4.74E-04,-4.07E-04,-2.84E-04,-1.35E-04,-6.02E-04,-7.23E-04,-5.87E-04,-5.68E-04,-4.35E-04,-2.74E-04,-6.94E-04,-3.64E-04,-1.93E-04,-2.98E-05
756,-5.81E-04,-4.81E-04,-4.49E-04,-6.34E-04,-4.14E-04,-1.30E-04,-4.89E-04,-4.22E-04,-2.96E-04,-1.51E-04,-6.16E-04,-7.38E-04,-5.99E-04,-5.74E-04,-4.42E-04,-2.75E-04,-7.10E-04,-3.72E-04,-1.93E-04,-3.66E-05
757,-5.97E-04,-4.97E-04,-4.67E-04,-6.41E-04,-4.26E-04,-1.35E-04,-5.03E-04,-4.36E-04,-3.07E-04,-1.65E-04,-6.29E-04,-7.51E-04,-6.08E-04,-5.77E-04,-4.48E-04,-2.74E-04,-7.23E-04,-3.78E-04,-1.90E-04,-4.30E-05
758,-6.12E-04,-5.12E-04,-4.84E-04,-6.45E-04,-4.36E-04,-1.37E-04,-5.16E-04,-4.49E-04,-3.16E-04,-1.77E-04,-6.39E-04,-7.62E-04,-6.16E-04,-5.79E-04,-4.52E-04,-2.70E-04,-7.35E-04,-3.83E-04,-1.86E-04,-4.88E-05
759,-6.24E-04,-5.23E-04,-4.98E-04,-6.47E-04,-4.43E-04,-1.37E-04,-5.26E-04,-4.60E-04,-3.23E-04,-1.87E-04,-6.47E-04,-7.71E-04,-6.21E-04,-5.79E-04,-4.54E-04,-2.65E-04,-7.44E-04,-3.86E-04,-1.80E-04,-5.35E-05
760,-6.34E-04,-5.32E-04,-5.10E-04,-6.46E-04,-4.48E-04,-1.35E-04,-5.35E-04,-4.70E-04,-3.29E-04,-1.95E-04,-6.53E-04,-7.77E-04,-6.25E-04,-5.78E-04,-4.54E-04,-2.59E-04,-7.52E-04,-3.88E-04,-1.73E-04,-5.70E-05
761,-6.41E-04,-5.37E-04,-5.19E-04,-6.43E-04,-4.52E-04,-1.32E-04,-5.42E-04,-4.77E-04,-3.34E-04,-2.02E-04,-6.57E-04,-7.81E-04,-6.26E-04,-5.74E-04,-4.52E-04,-2.51E-04,-7.58E-04,-3.88E-04,-1.64E-04,-5.90E-05
762,-6.46E-04,-5.40E-04,-5.26E-04,-6.37E-04,-4.53E-04,-1.28E-04,-5.47E-04,-4.83E-04,-3.37E-04,-2.07E-04,-6.58E-04,-7.82E-04,-6.25E-04,-5.68E-04,-4.49E-04,-2.43E-04,-7.61E-04,-3.86E-04,-1.54E-04,-5.93E-05
763,-6.48E-04,-5.39E-04,-5.30E-04,-6.29E-04,-4.52E-04,-1.23E-04,-5.50E-04,-4.86E-04,-3.39E-04,-2.11E-04,-6.57E-04,-7.80E-04,-6.23E-04,-5.61E-04,-4.44E-04,-2.34E-04,-7.62E-04,-3.83E-04,-1.43E-04,-5.79E-05
764,-6.47E-04,-5.36E-04,-5.32E-04,-6.19E-04,-4.49E-04,-1.18E-04,-5.50E-04,-4.88E-04,-3.41E-04,-2.13E-04,-6.54E-04,-7.77E-04,-6.18E-04,-5.53E-04,-4.38E-04,-2.26E-04,-7.61E-04,-3.78E-04,-1.31E-04,-5.49E-05
765,-6.44E-04,-5.30E-04,-5.32E-04,-6.07E-04,-4.44E-04,-1.13E-04,-5.49E-04,-4.88E-04,-3.41E-04,-2.15E-04,-6.48E-04,-7.71E-04,-6.12E-04,-5.43E-04,-4.30E-04,-2.17E-04,-7.59E-04,-3.72E-04,-1.18E-04,-5.05E-05
766,-6.38E-04,-5.21E-04,-5.29E-04,-5.93E-04,-4.38E-04,-1.08E-04,-5.46E-04,-4.86E-04,-3.40E-04,-2.16E-04,-6.40E-04,-7.64E-04,-6.04E-04,-5.33E-04,-4.22E-04,-2.08E-04,-7.54E-04,-3.65E-04,-1.05E-04,-4.50E-05
767,-6.30E-04,-5.11E-04,-5.24E-04,-5.77E-04,-4.31E-04,-1.03E-04,-5.41E-04,-4.83E-04,-3.39E-04,-2.16E-04,-6.30E-04,-7.55E-04,-5.95E-04,-5.21E-04,-4.13E-04,-2.00E-04,-7.48E-04,-3.58E-04,-9.07E-05,-3.88E-05
768,-6.20E-04,-4.98E-04,-5.18E-04,-5.60E-04,-4.22E-04,-9.94E-05,-5.34E-04,-4.77E-04,-3.37E-04,-2.16E-04,-6.18E-04,-7.44E-04,-5.84E-04,-5.09E-04,-4.03E-04,-1.93E-04,-7.41E-04,-3.49E-04,-7.66E-05,-3.22E-05
769,-6.08E-04,-4.85E-04,-5.10E-04,-5.42E-04,-4.13E-04,-9.61E-05,-5.25E-04,-4.71E-04,-3.34E-04,-2.16E-04,-6.04E-04,-7.32E-04,-5.73E-04,-4.97E-04,-3.93E-04,-1.85E-04,-7.33E-04,-3.40E-04,-6.26E-05,-2.59E-05
770,-5.94E-04,-4.70E-04,-5.02E-04,-5.22E-04,-4.03E-04,-9.33E-05,-5.15E-04,-4.63E-04,-3.31E-04,-2.15E-04,-5.89E-04,-7.19E-04,-5.60E-04,-4.85E-04,-3.83E-04,-1.78E-04,-7.23E-04,-3.31E-04,-4.87E-05,-2.02E-05
771,-5.77E-04,-4.54E-04,-4.92E-04,-5.02E-04,-3.92E-04,-9.10E-05,-5.04E-04,-4.54E-04,-3.27E-04,-2.14E-04,-5.72E-04,-7.05E-04,-5.47E-04,-4.72E-04,-3.73E-04,-1.71E-04,-7.13E-04,-3.21E-04,-3.52E-05,-1.57E-05
772,-5.60E-04,-4.37E-04,-4.81E-04,-4.82E-04,-3.81E-04,-8.91E-05,-4.92E-04,-4.45E-04,-3.22E-04,-2.13E-04,-5.55E-04,-6.91E-04,-5.33E-04,-4.59E-04,-3.63E-04,-1.64E-04,-7.02E-04,-3.12E-04,-2.20E-05,-1.26E-05
773,-5.41E-04,-4.21E-04,-4.70E-04,-4.62E-04,-3.70E-04,-8.75E-05,-4.79E-04,-4.34E-04,-3.17E-04,-2.12E-04,-5.36E-04,-6.76E-04,-5.18E-04,-4.47E-04,-3.53E-04,-1.58E-04,-6.90E-04,-3.02E-04,-9.41E-06,-1.14E-05
774,-5.22E-04,-4.04E-04,-4.59E-04,-4.41E-04,-3.59E-04,-8.61E-05,-4.65E-04,-4.23E-04,-3.11E-04,-2.11E-04,-5.18E-04,-6.60E-04,-5.04E-04,-4.35E-04,-3.43E-04,-1.51E-04,-6.77E-04,-2.92E-04,2.59E-06,-1.21E-05
775,-5.01E-04,-3.87E-04,-4.48E-04,-4.21E-04,-3.48E-04,-8.48E-05,-4.51E-04,-4.11E-04,-3.05E-04,-2.09E-04,-4.99E-04,-6.44E-04,-4.88E-04,-4.23E-04,-3.34E-04,-1.45E-04,-6.65E-04,-2.83E-04,1.39E-05,-1.48E-05
776,-4.81E-04,-3.71E-04,-4.36E-04,-4.01E-04,-3.37E-04,-8.35E-05,-4.36E-04,-3.98E-04,-2.98E-04,-2.07E-04,-4.80E-04,-6.28E-04,-4.73E-04,-4.12E-04,-3.25E-04,-1.38E-04,-6.51E-04,-2.73E-04,2.46E-05,-1.95E-05
777,-4.60E-04,-3.55E-04,-4.24E-04,-3.82E-04,-3.27E-04,-8.24E-05,-4.21E-04,-3.85E-04,-2.90E-04,-2.05E-04,-4.61E-04,-6.11E-04,-4.58E-04,-4.01E-04,-3.17E-04,-1.32E-04,-6.38E-04,-2.64E-04,3.44E-05,-2.61E-05
778,-4.39E-04,-3.39E-04,-4.12E-04,-3.63E-04,-3.17E-04,-8.13E-05,-4.06E-04,-3.72E-04,-2.81E-04,-2.02E-04,-4.43E-04,-5.94E-04,-4.42E-04,-3.90E-04,-3.08E-04,-1.26E-04,-6.24E-04,-2.55E-04,4.35E-05,-3.42E-05
779,-4.19E-04,-3.23E-04,-3.99E-04,-3.45E-04,-3.08E-04,-8.04E-05,-3.91E-04,-3.59E-04,-2.73E-04,-1.99E-04,-4.25E-04,-5.77E-04,-4.27E-04,-3.80E-04,-3.01E-04,-1.20E-04,-6.09E-04,-2.46E-04,5.19E-05,-4.35E-05
780,-4.00E-04,-3.07E-04,-3.87E-04,-3.29E-04,-2.99E-04,-7.97E-05,-3.76E-04,-3.45E-04,-2.64E-04,-1.96E-04,-4.09E-04,-5.60E-04,-4.11E-04,-3.70E-04,-2.93E-04,-1.15E-04,-5.94E-04,-2.36E-04,5.94E-05,-5.37E-05
781,-3.81E-04,-2.92E-04,-3.74E-04,-3.13E-04,-2.91E-04,-7.94E-05,-3.61E-04,-3.31E-04,-2.54E-04,-1.93E-04,-3.93E-04,-5.42E-04,-3.96E-04,-3.60E-04,-2.86E-04,-1.10E-04,-5.79E-04,-2.27E-04,6.62E-05,-6.44E-05
782,-3.63E-04,-2.77E-04,-3.60E-04,-2.98E-04,-2.83E-04,-7.96E-05,-3.46E-04,-3.17E-04,-2.45E-04,-1.90E-04,-3.77E-04,-5.24E-04,-3.81E-04,-3.51E-04,-2.80E-04,-1.07E-04,-5.63E-04,-2.18E-04,7.22E-05,-7.52E-05
783,-3.46E-04,-2.62E-04,-3.46E-04,-2.84E-04,-2.77E-04,-8.04E-05,-3.31E-04,-3.03E-04,-2.35E-04,-1.88E-04,-3.63E-04,-5.07E-04,-3.67E-04,-3.42E-04,-2.74E-04,-1.04E-04,-5.47E-04,-2.08E-04,7.75E-05,-8.57E-05
784,-3.30E-04,-2.47E-04,-3.32E-04,-2.71E-04,-2.70E-04,-8.20E-05,-3.16E-04,-2.89E-04,-2.26E-04,-1.86E-04,-3.49E-04,-4.89E-04,-3.52E-04,-3.34E-04,-2.68E-04,-1.03E-04,-5.30E-04,-1.99E-04,8.20E-05,-9.58E-05
785,-3.15E-04,-2.33E-04,-3.17E-04,-2.59E-04,-2.64E-04,-8.43E-05,-3.01E-04,-2.75E-04,-2.17E-04,-1.85E-04,-3.36E-04,-4.72E-04,-3.39E-04,-3.26E-04,-2.62E-04,-1.02E-04,-5.14E-04,-1.89E-04,8.58E-05,-1.05E-04
786,-3.01E-04,-2.19E-04,-3.02E-04,-2.48E-04,-2.59E-04,-8.74E-05,-2.86E-04,-2.61E-04,-2.08E-04,-1.84E-04,-3.24E-04,-4.55E-04,-3.25E-04,-3.18E-04,-2.57E-04,-1.03E-04,-4.97E-04,-1.80E-04,8.89E-05,-1.14E-04
787,-2.88E-04,-2.05E-04,-2.87E-04,-2.39E-04,-2.53E-04,-9.14E-05,-2.71E-04,-2.47E-04,-2.00E-04,-1.84E-04,-3.12E-04,-4.38E-04,-3.12E-04,-3.11E-04,-2.53E-04,-1.06E-04,-4.80E-04,-1.70E-04,9.12E-05,-1.22E-04
788,-2.76E-04,-1.91E-04,-2.71E-04,-2.30E-04,-2.49E-04,-9.61E-05,-2.57E-04,-2.33E-04,-1.92E-04,-1.85E-04,-3.01E-04,-4.22E-04,-3.00E-04,-3.04E-04,-2.49E-04,-1.09E-04,-4.63E-04,-1.61E-04,9.29E-05,-1.29E-04
789,-2.65E-04,-1.78E-04,-2.56E-04,-2.23E-04,-2.44E-04,-1.01E-04,-2.43E-04,-2.19E-04,-1.84E-04,-1.87E-04,-2.90E-04,-4.06E-04,-2.88E-04,-2.97E-04,-2.45E-04,-1.14E-04,-4.46E-04,-1.52E-04,9.39E-05,-1.36E-04
790,-2.55E-04,-1.66E-04,-2.41E-04,-2.17E-04,-2.39E-04,-1.07E-04,-2.29E-04,-2.04E-04,-1.77E-04,-1.89E-04,-2.79E-04,-3.92E-04,-2.77E-04,-2.91E-04,-2.42E-04,-1.20E-04,-4.29E-04,-1.43E-04,9.42E-05,-1.42E-04
791,-2.46E-04,-1.54E-04,-2.26E-04,-2.12E-04,-2.35E-04,-1.13E-04,-2.15E-04,-1.90E-04,-1.70E-04,-1.92E-04,-2.69E-04,-3.78E-04,-2.66E-04,-2.86E-04,-2.39E-04,-1.26E-04,-4.13E-04,-1.35E-04,9.40E-05,-1.48E-04
792,-2.37E-04,-1.43E-04,-2.11E-04,-2.07E-04,-2.31E-04,-1.20E-04,-2.01E-04,-1.76E-04,-1.64E-04,-1.95E-04,-2.59E-04,-3.65E-04,-2.57E-04,-2.81E-04,-2.37E-04,-1.34E-04,-3.97E-04,-1.28E-04,9.31E-05,-1.54E-04
793,-2.29E-04,-1.32E-04,-1.97E-04,-2.04E-04,-2.26E-04,-1.26E-04,-1.88E-04,-1.62E-04,-1.57E-04,-1.99E-04,-2.50E-04,-3.53E-04,-2.48E-04,-2.76E-04,-2.35E-04,-1.42E-04,-3.81E-04,-1.21E-04,9.16E-05,-1.60E-04
794,-2.22E-04,-1.23E-04,-1.84E-04,-2.02E-04,-2.22E-04,-1.32E-04,-1.75E-04,-1.48E-04,-1.50E-04,-2.02E-04,-2.41E-04,-3.42E-04,-2.39E-04,-2.72E-04,-2.34E-04,-1.50E-04,-3.67E-04,-1.14E-04,8.96E-05,-1.67E-04
795,-2.16E-04,-1.15E-04,-1.72E-04,-2.00E-04,-2.18E-04,-1.38E-04,-1.63E-04,-1.33E-04,-1.43E-04,-2.05E-04,-2.32E-04,-3.31E-04,-2.32E-04,-2.68E-04,-2.33E-04,-1.58E-04,-3.53E-04,-1.09E-04,8.71E-05,-1.74E-04
796,-2.10E-04,-1.07E-04,-1.60E-04,-2.00E-04,-2.14E-04,-1.43E-04,-1.51E-04,-1.19E-04,-1.35E-04,-2.08E-04,-2.23E-04,-3.22E-04,-2.25E-04,-2.65E-04,-2.32E-04,-1.67E-04,-3.39E-04,-1.04E-04,8.41E-05,-1.82E-04
797,-2.05E-04,-1.01E-04,-1.50E-04,-1.99E-04,-2.10E-04,-1.48E-04,-1.40E-04,-1.05E-04,-1.28E-04,-2.10E-04,-2.15E-04,-3.13E-04,-2.19E-04,-2.61E-04,-2.31E-04,-1.75E-04,-3.26E-04,-9.91E-05,8.07E-05,-1.90E-04
798,-2.00E-04,-9.53E-05,-1.41E-04,-2.00E-04,-2.06E-04,-1.52E-04,-1.29E-04,-9.16E-05,-1.19E-04,-2.12E-04,-2.07E-04,-3.05E-04,-2.13E-04,-2.58E-04,-2.31E-04,-1.84E-04,-3.14E-04,-9.53E-05,7.68E-05,-1.98E-04
799,-1.96E-04,-9.08E-05,-1.33E-04,-2.00E-04,-2.02E-04,-1.55E-04,-1.20E-04,-7.84E-05,-1.11E-04,-2.12E-04,-1.99E-04,-2.98E-04,-2.08E-04,-2.54E-04,-2.30E-04,-1.92E-04,-3.03E-04,-9.20E-05,7.27E-05,-2.07E-04
800,-1.92E-04,-8.70E-05,-1.25E-04,-2.01E-04,-1.98E-04,-1.58E-04,-1.10E-04,-6.56E-05,-1.02E-04,-2.12E-04,-1.92E-04,-2.91E-04,-2.03E-04,-2.50E-04,-2.30E-04,-2.00E-04,-2.91E-04,-8.92E-05,6.82E-05,-2.16E-04
801,-1.88E-04,-8.40E-05,-1.19E-04,-2.01E-04,-1.94E-04,-1.60E-04,-1.02E-04,-5.35E-05,-9.27E-05,-2.11E-04,-1.85E-04,-2.84E-04,-1.98E-04,-2.46E-04,-2.29E-04,-2.07E-04,-2.81E-04,-8.66E-05,6.35E-05,-2.24E-04
802,-1.84E-04,-8.16E-05,-1.13E-04,-2.02E-04,-1.90E-04,-1.62E-04,-9.36E-05,-4.22E-05,-8.35E-05,-2.09E-04,-1.79E-04,-2.78E-04,-1.94E-04,-2.42E-04,-2.27E-04,-2.14E-04,-2.70E-04,-8.42E-05,5.87E-05,-2.31E-04
803,-1.81E-04,-7.97E-05,-1.08E-04,-2.02E-04,-1.87E-04,-1.64E-04,-8.63E-05,-3.16E-05,-7.44E-05,-2.06E-04,-1.72E-04,-2.71E-04,-1.90E-04,-2.36E-04,-2.26E-04,-2.21E-04,-2.60E-04,-8.19E-05,5.38E-05,-2.38E-04
804,-1.77E-04,-7.83E-05,-1.03E-04,-2.02E-04,-1.83E-04,-1.65E-04,-7.95E-05,-2.21E-05,-6.56E-05,-2.03E-04,-1.66E-04,-2.65E-04,-1.86E-04,-2.31E-04,-2.23E-04,-2.27E-04,-2.51E-04,-7.96E-05,4.88E-05,-2.43E-04
805,-1.73E-04,-7.71E-05,-9.87E-05,-2.01E-04,-1.79E-04,-1.65E-04,-7.33E-05,-1.35E-05,-5.72E-05,-1.99E-04,-1.60E-04,-2.59E-04,-1.82E-04,-2.25E-04,-2.21E-04,-2.32E-04,-2.41E-04,-7.71E-05,4.39E-05,-2.47E-04
806,-1.69E-04,-7.61E-05,-9.43E-05,-1.99E-04,-1.76E-04,-1.66E-04,-6.76E-05,-5.90E-06,-4.94E-05,-1.95E-04,-1.54E-04,-2.52E-04,-1.78E-04,-2.18E-04,-2.18E-04,-2.38E-04,-2.32E-04,-7.43E-05,3.91E-05,-2.49E-04
807,-1.65E-04,-7.52E-05,-8.99E-05,-1.97E-04,-1.72E-04,-1.66E-04,-6.23E-05,6.89E-07,-4.23E-05,-1.91E-04,-1.48E-04,-2.46E-04,-1.74E-04,-2.10E-04,-2.14E-04,-2.42E-04,-2.22E-04,-7.12E-05,3.44E-05,-2.49E-04
808,-1.60E-04,-7.44E-05,-8.54E-05,-1.94E-04,-1.68E-04,-1.66E-04,-5.74E-05,6.34E-06,-3.60E-05,-1.87E-04,-1.41E-04,-2.39E-04,-1.69E-04,-2.02E-04,-2.09E-04,-2.46E-04,-2.13E-04,-6.77E-05,3.01E-05,-2.48E-04
809,-1.54E-04,-7.34E-05,-8.06E-05,-1.90E-04,-1.63E-04,-1.66E-04,-5.29E-05,1.11E-05,-3.06E-05,-1.83E-04,-1.34E-04,-2.33E-04,-1.65E-04,-1.93E-04,-2.04E-04,-2.50E-04,-2.04E-04,-6.37E-05,2.60E-05,-2.45E-04
810,-1.48E-04,-7.25E-05,-7.55E-05,-1.86E-04,-1.58E-04,-1.66E-04,-4.86E-05,1.52E-05,-2.61E-05,-1.79E-04,-1.27E-04,-2.26E-04,-1.60E-04,-1.84E-04,-1.99E-04,-2.52E-04,-1.94E-04,-5.93E-05,2.22E-05,-2.40E-04
811,-1.41E-04,-7.13E-05,-7.01E-05,-1.81E-04,-1.53E-04,-1.65E-04,-4.45E-05,1.87E-05,-2.24E-05,-1.76E-04,-1.19E-04,-2.19E-04,-1.55E-04,-1.74E-04,-1.92E-04,-2.54E-04,-1.85E-04,-5.45E-05,1.89E-05,-2.33E-04
812,-1.33E-04,-7.01E-05,-6.43E-05,-1.75E-04,-1.47E-04,-1.63E-04,-4.06E-05,2.18E-05,-1.94E-05,-1.72E-04,-1.10E-04,-2.12E-04,-1.49E-04,-1.64E-04,-1.86E-04,-2.55E-04,-1.76E-04,-4.92E-05,1.59E-05,-2.26E-04
813,-1.25E-04,-6.86E-05,-5.80E-05,-1.69E-04,-1.41E-04,-1.61E-04,-3.68E-05,2.47E-05,-1.70E-05,-1.68E-04,-1.02E-04,-2.05E-04,-1.44E-04,-1.54E-04,-1.78E-04,-2.55E-04,-1.67E-04,-4.35E-05,1.33E-05,-2.17E-04
814,-1.17E-04,-6.70E-05,-5.14E-05,-1.62E-04,-1.33E-04,-1.59E-04,-3.32E-05,2.74E-05,-1.51E-05,-1.64E-04,-9.23E-05,-1.98E-04,-1.38E-04,-1.44E-04,-1.71E-04,-2.54E-04,-1.58E-04,-3.75E-05,1.11E-05,-2.07E-04
815,-1.08E-04,-6.53E-05,-4.45E-05,-1.54E-04,-1.26E-04,-1.55E-04,-2.97E-05,3.02E-05,-1.34E-05,-1.60E-04,-8.26E-05,-1.90E-04,-1.32E-04,-1.34E-04,-1.63E-04,-2.52E-04,-1.50E-04,-3.13E-05,9.26E-06,-1.97E-04
816,-9.82E-05,-6.33E-05,-3.74E-05,-1.46E-04,-1.17E-04,-1.50E-04,-2.63E-05,3.32E-05,-1.18E-05,-1.56E-04,-7.27E-05,-1.84E-04,-1.26E-04,-1.23E-04,-1.55E-04,-2.49E-04,-1.41E-04,-2.50E-05,7.68E-06,-1.87E-04
817,-8.86E-05,-6.12E-05,-3.01E-05,-1.38E-04,-1.09E-04,-1.45E-04,-2.31E-05,3.63E-05,-1.02E-05,-1.51E-04,-6.26E-05,-1.77E-04,-1.20E-04,-1.13E-04,-1.46E-04,-2.44E-04,-1.34E-04,-1.88E-05,6.33E-06,-1.77E-04
818,-7.90E-05,-5.90E-05,-2.28E-05,-1.29E-04,-9.99E-05,-1.38E-04,-2.02E-05,3.96E-05,-8.35E-06,-1.46E-04,-5.25E-05,-1.70E-04,-1.14E-04,-1.03E-04,-1.38E-04,-2.39E-04,-1.26E-04,-1.26E-05,5.12E-06,-1.67E-04
819,-6.95E-05,-5.66E-05,-1.57E-05,-1.21E-04,-9.08E-05,-1.31E-04,-1.75E-05,4.31E-05,-6.30E-06,-1.41E-04,-4.25E-05,-1.64E-04,-1.07E-04,-9.39E-05,-1.29E-04,-2.33E-04,-1.19E-04,-6.66E-06,3.96E-06,-1.57E-04
820,-6.03E-05,-5.42E-05,-8.80E-06,-1.12E-04,-8.17E-05,-1.23E-04,-1.53E-05,4.65E-05,-4.00E-06,-1.35E-04,-3.28E-05,-1.58E-04,-1.01E-04,-8.49E-05,-1.20E-04,-2.26E-04,-1.13E-04,-1.07E-06,2.75E-06,-1.48E-04
821,-5.15E-05,-5.16E-05,-2.37E-06,-1.03E-04,-7.28E-05,-1.15E-04,-1.36E-05,4.99E-05,-1.48E-06,-1.29E-04,-2.36E-05,-1.52E-04,-9.54E-05,-7.64E-05,-1.12E-04,-2.19E-04,-1.07E-04,4.06E-06,1.38E-06,-1.39E-04
822,-4.33E-05,-4.89E-05,3.48E-06,-9.44E-05,-6.45E-05,-1.06E-04,-1.24E-05,5.29E-05,1.17E-06,-1.23E-04,-1.49E-05,-1.46E-04,-8.96E-05,-6.85E-05,-1.04E-04,-2.11E-04,-1.01E-04,8.65E-06,-2.49E-07,-1.32E-04
823,-3.58E-05,-4.62E-05,8.58E-06,-8.60E-05,-5.68E-05,-9.77E-05,-1.19E-05,5.53E-05,3.81E-06,-1.16E-04,-6.84E-06,-1.41E-04,-8.41E-05,-6.11E-05,-9.56E-05,-2.04E-04,-9.69E-05,1.26E-05,-2.23E-06,-1.26E-04
824,-2.91E-05,-4.35E-05,1.28E-05,-7.78E-05,-5.00E-05,-8.93E-05,-1.23E-05,5.69E-05,6.24E-06,-1.11E-04,4.82E-07,-1.37E-04,-7.88E-05,-5.45E-05,-8.80E-05,-1.97E-04,-9.30E-05,1.59E-05,-4.66E-06,-1.20E-04
825,-2.32E-05,-4.07E-05,1.60E-05,-7.00E-05,-4.44E-05,-8.15E-05,-1.34E-05,5.74E-05,8.27E-06,-1.05E-04,7.04E-06,-1.33E-04,-7.39E-05,-4.86E-05,-8.09E-05,-1.90E-04,-8.99E-05,1.85E-05,-7.61E-06,-1.16E-04
826,-1.83E-05,-3.80E-05,1.81E-05,-6.27E-05,-4.01E-05,-7.45E-05,-1.55E-05,5.67E-05,9.67E-06,-1.01E-04,1.28E-05,-1.29E-04,-6.92E-05,-4.34E-05,-7.43E-05,-1.85E-04,-8.75E-05,2.03E-05,-1.11E-05,-1.12E-04
827,-1.44E-05,-3.52E-05,1.90E-05,-5.59E-05,-3.71E-05,-6.87E-05,-1.84E-05,5.46E-05,1.02E-05,-9.78E-05,1.78E-05,-1.26E-04,-6.50E-05,-3.89E-05,-6.83E-05,-1.81E-04,-8.59E-05,2.14E-05,-1.53E-05,-1.10E-04
828,-1.16E-05,-3.25E-05,1.87E-05,-4.98E-05,-3.57E-05,-6.41E-05,-2.23E-05,5.09E-05,9.70E-06,-9.59E-05,2.21E-05,-1.24E-04,-6.10E-05,-3.53E-05,-6.31E-05,-1.78E-04,-8.50E-05,2.17E-05,-2.00E-05,-1.09E-04
829,-9.75E-06,-2.98E-05,1.72E-05,-4.43E-05,-3.59E-05,-6.11E-05,-2.70E-05,4.57E-05,7.98E-06,-9.56E-05,2.58E-05,-1.22E-04,-5.75E-05,-3.24E-05,-5.86E-05,-1.76E-04,-8.48E-05,2.14E-05,-2.54E-05,-1.08E-04
830,-8.95E-06,-2.72E-05,1.45E-05,-3.96E-05,-3.76E-05,-5.97E-05,-3.25E-05,3.88E-05,4.93E-06,-9.69E-05,2.88E-05,-1.21E-04,-5.43E-05,-3.02E-05,-5.49E-05,-1.77E-04,-8.53E-05,2.05E-05,-3.14E-05,-1.09E-04
831,-9.15E-06,-2.47E-05,1.06E-05,-3.56E-05,-4.09E-05,-6.01E-05,-3.86E-05,3.06E-05,4.86E-07,-1.00E-04,3.13E-05,-1.20E-04,-5.14E-05,-2.88E-05,-5.21E-05,-1.79E-04,-8.63E-05,1.90E-05,-3.79E-05,-1.11E-04
832,-1.03E-05,-2.23E-05,5.75E-06,-3.25E-05,-4.56E-05,-6.22E-05,-4.53E-05,2.10E-05,-5.34E-06,-1.05E-04,3.35E-05,-1.20E-04,-4.89E-05,-2.82E-05,-5.01E-05,-1.83E-04,-8.79E-05,1.70E-05,-4.50E-05,-1.14E-04
833,-1.24E-05,-1.99E-05,-1.42E-08,-3.03E-05,-5.15E-05,-6.60E-05,-5.23E-05,1.04E-05,-1.25E-05,-1.12E-04,3.52E-05,-1.20E-04,-4.67E-05,-2.82E-05,-4.89E-05,-1.88E-04,-8.99E-05,1.47E-05,-5.25E-05,-1.18E-04
834,-1.53E-05,-1.77E-05,-6.53E-06,-2.88E-05,-5.86E-05,-7.15E-05,-5.96E-05,-9.22E-07,-2.08E-05,-1.20E-04,3.67E-05,-1.21E-04,-4.49E-05,-2.88E-05,-4.86E-05,-1.95E-04,-9.22E-05,1.20E-05,-6.03E-05,-1.22E-04
835,-1.91E-05,-1.57E-05,-1.36E-05,-2.82E-05,-6.67E-05,-7.85E-05,-6.70E-05,-1.27E-05,-3.02E-05,-1.30E-04,3.79E-05,-1.23E-04,-4.33E-05,-3.00E-05,-4.90E-05,-2.04E-04,-9.48E-05,9.01E-06,-6.85E-05,-1.28E-04
836,-2.36E-05,-1.38E-05,-2.12E-05,-2.83E-05,-7.55E-05,-8.68E-05,-7.42E-05,-2.47E-05,-4.04E-05,-1.42E-04,3.88E-05,-1.24E-04,-4.22E-05,-3.17E-05,-5.01E-05,-2.14E-04,-9.76E-05,5.84E-06,-7.69E-05,-1.35E-04
837,-2.89E-05,-1.21E-05,-2.91E-05,-2.91E-05,-8.49E-05,-9.63E-05,-8.12E-05,-3.65E-05,-5.12E-05,-1.54E-04,3.93E-05,-1.26E-04,-4.13E-05,-3.38E-05,-5.19E-05,-2.24E-04,-1.01E-04,2.49E-06,-8.54E-05,-1.42E-04
838,-3.47E-05,-1.06E-05,-3.71E-05,-3.06E-05,-9.47E-05,-1.07E-04,-8.79E-05,-4.79E-05,-6.25E-05,-1.67E-04,3.96E-05,-1.29E-04,-4.09E-05,-3.64E-05,-5.43E-05,-2.35E-04,-1.04E-04,-1.02E-06,-9.41E-05,-1.50E-04
839,-4.12E-05,-9.53E-06,-4.53E-05,-3.26E-05,-1.05E-04,-1.18E-04,-9.42E-05,-5.87E-05,-7.39E-05,-1.81E-04,3.93E-05,-1.32E-04,-4.08E-05,-3.92E-05,-5.73E-05,-2.46E-04,-1.07E-04,-4.68E-06,-1.03E-04,-1.59E-04
840,-4.83E-05,-8.80E-06,-5.34E-05,-3.51E-05,-1.15E-04,-1.30E-04,-1.00E-04,-6.89E-05,-8.54E-05,-1.95E-04,3.85E-05,-1.35E-04,-4.11E-05,-4.24E-05,-6.09E-05,-2.57E-04,-1.10E-04,-8.53E-06,-1.12E-04,-1.68E-04
841,-5.59E-05,-8.54E-06,-6.16E-05,-3.81E-05,-1.25E-04,-1.42E-04,-1.06E-04,-7.83E-05,-9.67E-05,-2.09E-04,3.71E-05,-1.38E-04,-4.19E-05,-4.58E-05,-6.49E-05,-2.67E-04,-1.13E-04,-1.26E-05,-1.21E-04,-1.78E-04
842,-6.39E-05,-8.87E-06,-6.99E-05,-4.14E-05,-1.36E-04,-1.55E-04,-1.11E-04,-8.70E-05,-1.08E-04,-2.23E-04,3.49E-05,-1.42E-04,-4.32E-05,-4.94E-05,-6.94E-05,-2.77E-04,-1.17E-04,-1.69E-05,-1.30E-04,-1.89E-04
843,-7.24E-05,-9.88E-06,-7.83E-05,-4.51E-05,-1.46E-04,-1.68E-04,-1.16E-04,-9.51E-05,-1.19E-04,-2.37E-04,3.19E-05,-1.46E-04,-4.51E-05,-5.31E-05,-7.44E-05,-2.86E-04,-1.20E-04,-2.16E-05,-1.39E-04,-1.99E-04
844,-8.13E-05,-1.17E-05,-8.69E-05,-4.90E-05,-1.57E-04,-1.81E-04,-1.20E-04,-1.03E-04,-1.30E-04,-2.51E-04,2.80E-05,-1.51E-04,-4.75E-05,-5.70E-05,-7.99E-05,-2.94E-04,-1.24E-04,-2.67E-05,-1.48E-04,-2.11E-04
845,-9.06E-05,-1.44E-05,-9.59E-05,-5.31E-05,-1.68E-04,-1.93E-04,-1.25E-04,-1.11E-04,-1.40E-04,-2.64E-04,2.31E-05,-1.55E-04,-5.05E-05,-6.10E-05,-8.58E-05,-3.01E-04,-1.28E-04,-3.22E-05,-1.57E-04,-2.22E-04
846,-1.00E-04,-1.81E-05,-1.05E-04,-5.74E-05,-1.79E-04,-2.06E-04,-1.30E-04,-1.18E-04,-1.51E-04,-2.78E-04,1.73E-05,-1.61E-04,-5.41E-05,-6.51E-05,-9.22E-05,-3.07E-04,-1.33E-04,-3.82E-05,-1.66E-04,-2.34E-04
847,-1.10E-04,-2.29E-05,-1.15E-04,-6.19E-05,-1.90E-04,-2.19E-04,-1.36E-04,-1.27E-04,-1.61E-04,-2.91E-04,1.05E-05,-1.66E-04,-5.84E-05,-6.93E-05,-9.90E-05,-3.12E-04,-1.38E-04,-4.47E-05,-1.76E-04,-2.46E-04
848,-1.20E-04,-2.88E-05,-1.26E-04,-6.65E-05,-2.01E-04,-2.32E-04,-1.42E-04,-1.36E-04,-1.72E-04,-3.03E-04,2.96E-06,-1.72E-04,-6.32E-05,-7.36E-05,-1.06E-04,-3.16E-04,-1.44E-04,-5.17E-05,-1.85E-04,-2.57E-04
849,-1.30E-04,-3.58E-05,-1.38E-04,-7.13E-05,-2.13E-04,-2.44E-04,-1.49E-04,-1.46E-04,-1.83E-04,-3.16E-04,-5.27E-06,-1.79E-04,-6.86E-05,-7.78E-05,-1.14E-04,-3.18E-04,-1.50E-04,-5.92E-05,-1.94E-04,-2.69E-04
850,-1.40E-04,-4.40E-05,-1.50E-04,-7.62E-05,-2.24E-04,-2.57E-04,-1.56E-04,-1.57E-04,-1.94E-04,-3.29E-04,-1.40E-05,-1.86E-04,-7.45E-05,-8.21E-05,-1.22E-04,-3.20E-04,-1.57E-04,-6.71E-05,-2.03E-04,-2.80E-04
851,-1.49E-04,-5.33E-05,-1.63E-04,-8.12E-05,-2.36E-04,-2.69E-04,-1.64E-04,-1.70E-04,-2.05E-04,-3.41E-04,-2.30E-05,-1.93E-04,-8.07E-05,-8.63E-05,-1.30E-04,-3.21E-04,-1.64E-04,-7.53E-05,-2.12E-04,-2.90E-04
852,-1.59E-04,-6.36E-05,-1.77E-04,-8.62E-05,-2.48E-04,-2.80E-04,-1.73E-04,-1.83E-04,-2.17E-04,-3.54E-04,-3.20E-05,-2.01E-04,-8.72E-05,-9.03E-05,-1.39E-04,-3.21E-04,-1.71E-04,-8.36E-05,-2.21E-04,-3.00E-04
853,-1.68E-04,-7.47E-05,-1.92E-04,-9.13E-05,-2.60E-04,-2.92E-04,-1.82E-04,-1.98E-04,-2.29E-04,-3.66E-04,-4.08E-05,-2.08E-04,-9.39E-05,-9.42E-05,-1.47E-04,-3.21E-04,-1.79E-04,-9.19E-05,-2.28E-04,-3.09E-04
854,-1.77E-04,-8.64E-05,-2.07E-04,-9.63E-05,-2.71E-04,-3.03E-04,-1.92E-04,-2.14E-04,-2.42E-04,-3.79E-04,-4.90E-05,-2.16E-04,-1.01E-04,-9.77E-05,-1.55E-04,-3.20E-04,-1.86E-04,-1.00E-04,-2.36E-04,-3.16E-04
855,-1.85E-04,-9.86E-05,-2.22E-04,-1.01E-04,-2.82E-04,-3.13E-04,-2.02E-04,-2.30E-04,-2.54E-04,-3.90E-04,-5.65E-05,-2.23E-04,-1.07E-04,-1.01E-04,-1.63E-04,-3.19E-04,-1.93E-04,-1.08E-04,-2.42E-04,-3.23E-04
856,-1.92E-04,-1.11E-04,-2.38E-04,-1.06E-04,-2.93E-04,-3.22E-04,-2.13E-04,-2.47E-04,-2.66E-04,-4.02E-04,-6.30E-05,-2.30E-04,-1.13E-04,-1.04E-04,-1.71E-04,-3.18E-04,-2.00E-04,-1.15E-04,-2.48E-04,-3.28E-04
857,-1.98E-04,-1.23E-04,-2.52E-04,-1.10E-04,-3.02E-04,-3.30E-04,-2.23E-04,-2.63E-04,-2.78E-04,-4.13E-04,-6.84E-05,-2.37E-04,-1.19E-04,-1.06E-04,-1.78E-04,-3.16E-04,-2.06E-04,-1.21E-04,-2.52E-04,-3.31E-04
858,-2.04E-04,-1.35E-04,-2.67E-04,-1.14E-04,-3.10E-04,-3.37E-04,-2.32E-04,-2.79E-04,-2.89E-04,-4.23E-04,-7.24E-05,-2.42E-04,-1.24E-04,-1.07E-04,-1.84E-04,-3.14E-04,-2.12E-04,-1.27E-04,-2.55E-04,-3.33E-04
859,-2.09E-04,-1.47E-04,-2.80E-04,-1.17E-04,-3.16E-04,-3.43E-04,-2.41E-04,-2.94E-04,-2.99E-04,-4.31E-04,-7.50E-05,-2.47E-04,-1.28E-04,-1.08E-04,-1.90E-04,-3.12E-04,-2.16E-04,-1.31E-04,-2.57E-04,-3.33E-04
860,-2.12E-04,-1.57E-04,-2.91E-04,-1.19E-04,-3.21E-04,-3.47E-04,-2.50E-04,-3.08E-04,-3.07E-04,-4.39E-04,-7.61E-05,-2.51E-04,-1.31E-04,-1.08E-04,-1.94E-04,-3.09E-04,-2.19E-04,-1.35E-04,-2.58E-04,-3.31E-04
861,-2.15E-04,-1.67E-04,-3.02E-04,-1.21E-04,-3.24E-04,-3.50E-04,-2.57E-04,-3.20E-04,-3.15E-04,-4.46E-04,-7.58E-05,-2.53E-04,-1.34E-04,-1.07E-04,-1.97E-04,-3.06E-04,-2.20E-04,-1.37E-04,-2.57E-04,-3.27E-04
862,-2.16E-04,-1.75E-04,-3.10E-04,-1.22E-04,-3.26E-04,-3.51E-04,-2.63E-04,-3.30E-04,-3.21E-04,-4.51E-04,-7.43E-05,-2.54E-04,-1.35E-04,-1.06E-04,-1.99E-04,-3.03E-04,-2.21E-04,-1.38E-04,-2.55E-04,-3.21E-04
863,-2.16E-04,-1.82E-04,-3.17E-04,-1.22E-04,-3.25E-04,-3.51E-04,-2.68E-04,-3.38E-04,-3.26E-04,-4.54E-04,-7.15E-05,-2.54E-04,-1.35E-04,-1.03E-04,-2.00E-04,-2.99E-04,-2.20E-04,-1.37E-04,-2.52E-04,-3.14E-04
864,-2.16E-04,-1.88E-04,-3.22E-04,-1.21E-04,-3.23E-04,-3.49E-04,-2.72E-04,-3.44E-04,-3.29E-04,-4.56E-04,-6.78E-05,-2.52E-04,-1.35E-04,-1.00E-04,-2.00E-04,-2.94E-04,-2.17E-04,-1.36E-04,-2.48E-04,-3.06E-04
865,-2.15E-04,-1.93E-04,-3.25E-04,-1.20E-04,-3.20E-04,-3.46E-04,-2.74E-04,-3.48E-04,-3.31E-04,-4.57E-04,-6.34E-05,-2.49E-04,-1.33E-04,-9.65E-05,-1.98E-04,-2.89E-04,-2.13E-04,-1.34E-04,-2.44E-04,-2.96E-04
866,-2.13E-04,-1.96E-04,-3.27E-04,-1.17E-04,-3.15E-04,-3.42E-04,-2.75E-04,-3.49E-04,-3.31E-04,-4.57E-04,-5.85E-05,-2.46E-04,-1.31E-04,-9.23E-05,-1.96E-04,-2.84E-04,-2.08E-04,-1.31E-04,-2.38E-04,-2.86E-04
867,-2.10E-04,-1.97E-04,-3.27E-04,-1.14E-04,-3.09E-04,-3.36E-04,-2.76E-04,-3.49E-04,-3.30E-04,-4.55E-04,-5.33E-05,-2.41E-04,-1.28E-04,-8.78E-05,-1.92E-04,-2.78E-04,-2.03E-04,-1.27E-04,-2.33E-04,-2.74E-04
868,-2.07E-04,-1.98E-04,-3.26E-04,-1.10E-04,-3.02E-04,-3.30E-04,-2.75E-04,-3.48E-04,-3.29E-04,-4.53E-04,-4.81E-05,-2.35E-04,-1.25E-04,-8.31E-05,-1.88E-04,-2.72E-04,-1.96E-04,-1.23E-04,-2.27E-04,-2.63E-04
869,-2.04E-04,-1.98E-04,-3.24E-04,-1.07E-04,-2.95E-04,-3.23E-04,-2.74E-04,-3.45E-04,-3.26E-04,-4.50E-04,-4.31E-05,-2.29E-04,-1.21E-04,-7.83E-05,-1.84E-04,-2.66E-04,-1.89E-04,-1.19E-04,-2.21E-04,-2.51E-04
870,-2.00E-04,-1.96E-04,-3.21E-04,-1.03E-04,-2.88E-04,-3.16E-04,-2.72E-04,-3.41E-04,-3.23E-04,-4.47E-04,-3.85E-05,-2.22E-04,-1.17E-04,-7.36E-05,-1.79E-04,-2.60E-04,-1.82E-04,-1.15E-04,-2.15E-04,-2.39E-04
871,-1.97E-04,-1.94E-04,-3.17E-04,-9.87E-05,-2.80E-04,-3.09E-04,-2.70E-04,-3.37E-04,-3.19E-04,-4.43E-04,-3.44E-05,-2.15E-04,-1.12E-04,-6.92E-05,-1.75E-04,-2.54E-04,-1.74E-04,-1.10E-04,-2.09E-04,-2.28E-04
872,-1.94E-04,-1.91E-04,-3.13E-04,-9.50E-05,-2.73E-04,-3.01E-04,-2.68E-04,-3.32E-04,-3.15E-04,-4.40E-04,-3.08E-05,-2.08E-04,-1.08E-04,-6.52E-05,-1.70E-04,-2.48E-04,-1.66E-04,-1.06E-04,-2.03E-04,-2.18E-04
873,-1.90E-04,-1.88E-04,-3.08E-04,-9.17E-05,-2.67E-04,-2.94E-04,-2.66E-04,-3.26E-04,-3.11E-04,-4.37E-04,-2.78E-05,-2.01E-04,-1.04E-04,-6.16E-05,-1.66E-04,-2.43E-04,-1.59E-04,-1.02E-04,-1.98E-04,-2.08E-04
874,-1.88E-04,-1.84E-04,-3.04E-04,-8.88E-05,-2.61E-04,-2.87E-04,-2.63E-04,-3.21E-04,-3.07E-04,-4.33E-04,-2.53E-05,-1.94E-04,-9.95E-05,-5.85E-05,-1.62E-04,-2.38E-04,-1.51E-04,-9.85E-05,-1.92E-04,-2.00E-04
875,-1.85E-04,-1.80E-04,-2.99E-04,-8.66E-05,-2.56E-04,-2.81E-04,-2.60E-04,-3.15E-04,-3.02E-04,-4.30E-04,-2.33E-05,-1.86E-04,-9.53E-05,-5.58E-05,-1.58E-04,-2.34E-04,-1.43E-04,-9.49E-05,-1.87E-04,-1.91E-04
876,-1.83E-04,-1.75E-04,-2.94E-04,-8.49E-05,-2.51E-04,-2.75E-04,-2.57E-04,-3.08E-04,-2.97E-04,-4.28E-04,-2.15E-05,-1.79E-04,-9.11E-05,-5.36E-05,-1.55E-04,-2.31E-04,-1.35E-04,-9.13E-05,-1.81E-04,-1.84E-04
877,-1.80E-04,-1.70E-04,-2.88E-04,-8.38E-05,-2.47E-04,-2.70E-04,-2.54E-04,-3.01E-04,-2.92E-04,-4.25E-04,-1.99E-05,-1.72E-04,-8.70E-05,-5.17E-05,-1.52E-04,-2.28E-04,-1.27E-04,-8.76E-05,-1.76E-04,-1.77E-04
878,-1.78E-04,-1.64E-04,-2.82E-04,-8.31E-05,-2.44E-04,-2.65E-04,-2.50E-04,-2.93E-04,-2.86E-04,-4.22E-04,-1.83E-05,-1.65E-04,-8.29E-05,-5.00E-05,-1.49E-04,-2.26E-04,-1.19E-04,-8.36E-05,-1.69E-04,-1.71E-04
879,-1.75E-04,-1.58E-04,-2.76E-04,-8.27E-05,-2.40E-04,-2.61E-04,-2.45E-04,-2.85E-04,-2.80E-04,-4.18E-04,-1.65E-05,-1.57E-04,-7.86E-05,-4.84E-05,-1.46E-04,-2.24E-04,-1.09E-04,-7.93E-05,-1.62E-04,-1.65E-04
880,-1.72E-04,-1.50E-04,-2.68E-04,-8.25E-05,-2.36E-04,-2.56E-04,-2.39E-04,-2.75E-04,-2.72E-04,-4.14E-04,-1.42E-05,-1.49E-04,-7.40E-05,-4.66E-05,-1.43E-04,-2.22E-04,-9.94E-05,-7.43E-05,-1.54E-04,-1.59E-04
881,-1.69E-04,-1.42E-04,-2.60E-04,-8.21E-05,-2.32E-04,-2.53E-04,-2.32E-04,-2.64E-04,-2.64E-04,-4.09E-04,-1.14E-05,-1.41E-04,-6.90E-05,-4.45E-05,-1.40E-04,-2.21E-04,-8.84E-05,-6.86E-05,-1.45E-04,-1.52E-04
882,-1.64E-04,-1.33E-04,-2.50E-04,-8.13E-05,-2.28E-04,-2.49E-04,-2.24E-04,-2.51E-04,-2.54E-04,-4.04E-04,-7.79E-06,-1.31E-04,-6.36E-05,-4.19E-05,-1.37E-04,-2.20E-04,-7.62E-05,-6.21E-05,-1.35E-04,-1.46E-04
883,-1.59E-04,-1.24E-04,-2.38E-04,-7.99E-05,-2.22E-04,-2.45E-04,-2.14E-04,-2.37E-04,-2.44E-04,-3.96E-04,-3.39E-06,-1.21E-04,-5.75E-05,-3.86E-05,-1.33E-04,-2.18E-04,-6.28E-05,-5.47E-05,-1.24E-04,-1.38E-04
884,-1.53E-04,-1.13E-04,-2.25E-04,-7.75E-05,-2.16E-04,-2.41E-04,-2.03E-04,-2.21E-04,-2.31E-04,-3.88E-04,1.91E-06,-1.10E-04,-5.07E-05,-3.44E-05,-1.28E-04,-2.16E-04,-4.81E-05,-4.63E-05,-1.12E-04,-1.30E-04
885,-1.45E-04,-1.01E-04,-2.10E-04,-7.41E-05,-2.08E-04,-2.36E-04,-1.90E-04,-2.03E-04,-2.18E-04,-3.78E-04,8.15E-06,-9.81E-05,-4.31E-05,-2.91E-05,-1.23E-04,-2.13E-04,-3.20E-05,-3.70E-05,-9.83E-05,-1.21E-04
886,-1.35E-04,-8.85E-05,-1.94E-04,-6.92E-05,-2.00E-04,-2.32E-04,-1.76E-04,-1.84E-04,-2.04E-04,-3.67E-04,1.53E-05,-8.52E-05,-3.47E-05,-2.27E-05,-1.17E-04,-2.10E-04,-1.47E-05,-2.69E-05,-8.36E-05,-1.11E-04
887,-1.24E-04,-7.51E-05,-1.77E-04,-6.29E-05,-1.90E-04,-2.26E-04,-1.61E-04,-1.63E-04,-1.88E-04,-3.54E-04,2.34E-05,-7.12E-05,-2.55E-05,-1.51E-05,-1.10E-04,-2.06E-04,3.83E-06,-1.61E-05,-6.80E-05,-1.00E-04
888,-1.11E-04,-6.11E-05,-1.58E-04,-5.49E-05,-1.79E-04,-2.20E-04,-1.44E-04,-1.42E-04,-1.72E-04,-3.40E-04,3.24E-05,-5.63E-05,-1.53E-05,-6.16E-06,-1.02E-04,-2.01E-04,2.34E-05,-4.66E-06,-5.15E-05,-8.86E-05
889,-9.67E-05,-4.65E-05,-1.39E-04,-4.51E-05,-1.67E-04,-2.14E-04,-1.27E-04,-1.19E-04,-1.55E-04,-3.24E-04,4.21E-05,-4.06E-05,-4.31E-06,4.00E-06,-9.30E-05,-1.95E-04,4.37E-05,7.20E-06,-3.44E-05,-7.63E-05
890,-8.06E-05,-3.16E-05,-1.19E-04,-3.37E-05,-1.54E-04,-2.06E-04,-1.09E-04,-9.68E-05,-1.38E-04,-3.08E-04,5.26E-05,-2.42E-05,7.51E-06,1.54E-05,-8.35E-05,-1.89E-04,6.47E-05,1.93E-05,-1.69E-05,-6.35E-05
891,-6.28E-05,-1.64E-05,-9.84E-05,-2.05E-05,-1.41E-04,-1.99E-04,-9.00E-05,-7.42E-05,-1.21E-04,-2.90E-04,6.37E-05,-7.04E-06,2.01E-05,2.79E-05,-7.33E-05,-1.82E-04,8.61E-05,3.15E-05,8.25E-07,-5.03E-05
892,-4.34E-05,-1.17E-06,-7.82E-05,-5.74E-06,-1.26E-04,-1.90E-04,-7.12E-05,-5.21E-05,-1.04E-04,-2.72E-04,7.53E-05,1.06E-05,3.34E-05,4.15E-05,-6.25E-05,-1.74E-04,1.08E-04,4.36E-05,1.86E-05,-3.70E-05
893,-2.27E-05,1.40E-05,-5.83E-05,1.05E-05,-1.12E-04,-1.81E-04,-5.26E-05,-3.07E-05,-8.71E-05,-2.53E-04,8.75E-05,2.87E-05,4.73E-05,5.61E-05,-5.13E-05,-1.67E-04,1.29E-04,5.55E-05,3.62E-05,-2.37E-05
894,-7.00E-07,2.90E-05,-3.91E-05,2.81E-05,-9.75E-05,-1.72E-04,-3.41E-05,-1.03E-05,-7.12E-05,-2.34E-04,1.00E-04,4.71E-05,6.18E-05,7.14E-05,-3.97E-05,-1.59E-04,1.51E-04,6.71E-05,5.36E-05,-1.06E-05
895,2.24E-05,4.38E-05,-2.07E-05,4.69E-05,-8.29E-05,-1.61E-04,-1.60E-05,8.95E-06,-5.60E-05,-2.15E-04,1.13E-04,6.58E-05,7.69E-05,8.74E-05,-2.78E-05,-1.51E-04,1.72E-04,7.83E-05,7.06E-05,2.24E-06
896,4.65E-05,5.84E-05,-3.35E-06,6.67E-05,-6.84E-05,-1.51E-04,1.51E-06,2.70E-05,-4.17E-05,-1.96E-04,1.27E-04,8.47E-05,9.24E-05,1.04E-04,-1.57E-05,-1.44E-04,1.94E-04,8.92E-05,8.72E-05,1.46E-05
897,7.14E-05,7.28E-05,1.30E-05,8.73E-05,-5.40E-05,-1.40E-04,1.86E-05,4.37E-05,-2.82E-05,-1.77E-04,1.41E-04,1.04E-04,1.08E-04,1.21E-04,-3.35E-06,-1.36E-04,2.15E-04,9.98E-05,1.03E-04,2.65E-05
898,9.69E-05,8.72E-05,2.83E-05,1.09E-04,-3.99E-05,-1.29E-04,3.51E-05,5.92E-05,-1.56E-05,-1.58E-04,1.55E-04,1.23E-04,1.25E-04,1.38E-04,9.16E-06,-1.29E-04,2.36E-04,1.10E-04,1.19E-04,3.79E-05
899,1.23E-04,1.02E-04,4.27E-05,1.30E-04,-2.59E-05,-1.17E-04,5.11E-05,7.37E-05,-3.73E-06,-1.40E-04,1.70E-04,1.43E-04,1.41E-04,1.56E-04,2.18E-05,-1.23E-04,2.57E-04,1.20E-04,1.34E-04,4.88E-05
900,1.49E-04,1.16E-04,5.63E-05,1.53E-04,-1.21E-05,-1.05E-04,6.68E-05,8.73E-05,7.42E-06,-1.22E-04,1.86E-04,1.63E-04,1.58E-04,1.73E-04,3.47E-05,-1.17E-04,2.78E-04,1.31E-04,1.49E-04,5.91E-05
901,1.76E-04,1.31E-04,6.94E-05,1.75E-04,1.60E-06,-9.32E-05,8.22E-05,1.00E-04,1.80E-05,-1.05E-04,2.02E-04,1.83E-04,1.76E-04,1.91E-04,4.78E-05,-1.11E-04,3.00E-04,1.41E-04,1.63E-04,6.90E-05
902,2.03E-04,1.46E-04,8.22E-05,1.98E-04,1.52E-05,-8.10E-05,9.76E-05,1.13E-04,2.81E-05,-8.83E-05,2.18E-04,2.04E-04,1.94E-04,2.09E-04,6.12E-05,-1.06E-04,3.22E-04,1.52E-04,1.78E-04,7.85E-05
903,2.30E-04,1.62E-04,9.48E-05,2.22E-04,2.89E-05,-6.88E-05,1.13E-04,1.25E-04,3.78E-05,-7.20E-05,2.35E-04,2.25E-04,2.12E-04,2.26E-04,7.48E-05,-1.00E-04,3.45E-04,1.63E-04,1.91E-04,8.76E-05
904,2.58E-04,1.78E-04,1.08E-04,2.45E-04,4.26E-05,-5.67E-05,1.28E-04,1.37E-04,4.72E-05,-5.62E-05,2.53E-04,2.47E-04,2.30E-04,2.43E-04,8.87E-05,-9.50E-05,3.68E-04,1.74E-04,2.05E-04,9.63E-05
905,2.85E-04,1.95E-04,1.21E-04,2.69E-04,5.64E-05,-4.46E-05,1.44E-04,1.49E-04,5.63E-05,-4.10E-05,2.70E-04,2.69E-04,2.48E-04,2.61E-04,1.03E-04,-8.97E-05,3.93E-04,1.86E-04,2.18E-04,1.05E-04
906,3.12E-04,2.13E-04,1.34E-04,2.92E-04,7.02E-05,-3.28E-05,1.60E-04,1.61E-04,6.52E-05,-2.63E-05,2.88E-04,2.92E-04,2.67E-04,2.78E-04,1.17E-04,-8.43E-05,4.18E-04,1.98E-04,2.30E-04,1.13E-04
907,3.40E-04,2.32E-04,1.48E-04,3.16E-04,8.41E-05,-2.14E-05,1.76E-04,1.73E-04,7.38E-05,-1.22E-05,3.06E-04,3.14E-04,2.85E-04,2.95E-04,1.32E-04,-7.86E-05,4.43E-04,2.11E-04,2.42E-04,1.20E-04
908,3.67E-04,2.50E-04,1.62E-04,3.40E-04,9.79E-05,-1.05E-05,1.92E-04,1.85E-04,8.22E-05,1.30E-06,3.23E-04,3.37E-04,3.04E-04,3.11E-04,1.46E-04,-7.27E-05,4.69E-04,2.24E-04,2.53E-04,1.27E-04
909,3.94E-04,2.70E-04,1.77E-04,3.64E-04,1.12E-04,-2.44E-07,2.08E-04,1.97E-04,9.00E-05,1.41E-05,3.40E-04,3.60E-04,3.22E-04,3.27E-04,1.61E-04,-6.65E-05,4.95E-04,2.36E-04,2.63E-04,1.34E-04
910,4.20E-04,2.89E-04,1.92E-04,3.88E-04,1.25E-04,9.33E-06,2.24E-04,2.08E-04,9.74E-05,2.62E-05,3.56E-04,3.83E-04,3.40E-04,3.43E-04,1.75E-04,-6.01E-05,5.22E-04,2.49E-04,2.72E-04,1.39E-04
911,4.46E-04,3.08E-04,2.06E-04,4.12E-04,1.38E-04,1.81E-05,2.40E-04,2.19E-04,1.04E-04,3.76E-05,3.72E-04,4.05E-04,3.57E-04,3.58E-04,1.89E-04,-5.34E-05,5.47E-04,2.61E-04,2.80E-04,1.44E-04
912,4.72E-04,3.27E-04,2.21E-04,4.36E-04,1.50E-04,2.60E-05,2.55E-04,2.30E-04,1.10E-04,4.82E-05,3.87E-04,4.27E-04,3.74E-04,3.72E-04,2.03E-04,-4.67E-05,5.73E-04,2.72E-04,2.86E-04,1.48E-04
913,4.97E-04,3.45E-04,2.34E-04,4.59E-04,1.61E-04,3.29E-05,2.70E-04,2.39E-04,1.15E-04,5.80E-05,4.01E-04,4.48E-04,3.90E-04,3.86E-04,2.15E-04,-4.00E-05,5.97E-04,2.82E-04,2.91E-04,1.50E-04
914,5.22E-04,3.62E-04,2.47E-04,4.81E-04,1.72E-04,3.88E-05,2.84E-04,2.47E-04,1.20E-04,6.71E-05,4.14E-04,4.68E-04,4.05E-04,3.99E-04,2.27E-04,-3.34E-05,6.21E-04,2.91E-04,2.94E-04,1.52E-04
915,5.46E-04,3.78E-04,2.58E-04,5.03E-04,1.81E-04,4.39E-05,2.97E-04,2.54E-04,1.23E-04,7.55E-05,4.25E-04,4.87E-04,4.20E-04,4.11E-04,2.38E-04,-2.71E-05,6.43E-04,3.00E-04,2.95E-04,1.52E-04
916,5.69E-04,3.93E-04,2.68E-04,5.24E-04,1.89E-04,4.80E-05,3.09E-04,2.60E-04,1.26E-04,8.33E-05,4.36E-04,5.05E-04,4.33E-04,4.23E-04,2.48E-04,-2.12E-05,6.63E-04,3.06E-04,2.95E-04,1.50E-04
917,5.90E-04,4.07E-04,2.77E-04,5.43E-04,1.96E-04,5.13E-05,3.20E-04,2.64E-04,1.28E-04,9.06E-05,4.46E-04,5.21E-04,4.46E-04,4.33E-04,2.56E-04,-1.59E-05,6.83E-04,3.12E-04,2.94E-04,1.48E-04
918,6.11E-04,4.19E-04,2.84E-04,5.61E-04,2.02E-04,5.38E-05,3.30E-04,2.67E-04,1.29E-04,9.74E-05,4.54E-04,5.37E-04,4.58E-04,4.43E-04,2.64E-04,-1.11E-05,7.00E-04,3.16E-04,2.90E-04,1.44E-04
919,6.31E-04,4.30E-04,2.89E-04,5.79E-04,2.07E-04,5.58E-05,3.39E-04,2.70E-04,1.29E-04,1.04E-04,4.62E-04,5.51E-04,4.69E-04,4.51E-04,2.71E-04,-7.03E-06,7.16E-04,3.19E-04,2.86E-04,1.39E-04
920,6.49E-04,4.40E-04,2.93E-04,5.94E-04,2.11E-04,5.72E-05,3.46E-04,2.71E-04,1.30E-04,1.10E-04,4.69E-04,5.65E-04,4.78E-04,4.59E-04,2.77E-04,-3.60E-06,7.31E-04,3.21E-04,2.81E-04,1.34E-04
921,6.66E-04,4.48E-04,2.95E-04,6.09E-04,2.14E-04,5.84E-05,3.54E-04,2.72E-04,1.30E-04,1.16E-04,4.76E-04,5.78E-04,4.88E-04,4.66E-04,2.82E-04,-7.37E-07,7.45E-04,3.23E-04,2.75E-04,1.28E-04
922,6.82E-04,4.56E-04,2.96E-04,6.22E-04,2.17E-04,5.94E-05,3.60E-04,2.73E-04,1.30E-04,1.22E-04,4.82E-04,5.90E-04,4.96E-04,4.72E-04,2.86E-04,1.65E-06,7.58E-04,3.23E-04,2.69E-04,1.22E-04
923,6.97E-04,4.63E-04,2.97E-04,6.34E-04,2.20E-04,6.04E-05,3.66E-04,2.73E-04,1.30E-04,1.29E-04,4.88E-04,6.02E-04,5.04E-04,4.77E-04,2.90E-04,3.70E-06,7.70E-04,3.24E-04,2.63E-04,1.16E-04
924,7.11E-04,4.70E-04,2.97E-04,6.44E-04,2.23E-04,6.15E-05,3.72E-04,2.74E-04,1.31E-04,1.35E-04,4.93E-04,6.14E-04,5.12E-04,4.82E-04,2.94E-04,5.64E-06,7.82E-04,3.24E-04,2.57E-04,1.10E-04
925,7.24E-04,4.77E-04,2.96E-04,6.54E-04,2.26E-04,6.29E-05,3.78E-04,2.75E-04,1.32E-04,1.41E-04,4.99E-04,6.25E-04,5.19E-04,4.86E-04,2.98E-04,7.67E-06,7.93E-04,3.25E-04,2.51E-04,1.05E-04
926,7.37E-04,4.83E-04,2.96E-04,6.63E-04,2.29E-04,6.47E-05,3.83E-04,2.77E-04,1.33E-04,1.48E-04,5.04E-04,6.37E-04,5.27E-04,4.89E-04,3.02E-04,1.00E-05,8.05E-04,3.26E-04,2.46E-04,1.01E-04
927,7.48E-04,4.90E-04,2.96E-04,6.71E-04,2.33E-04,6.69E-05,3.89E-04,2.79E-04,1.35E-04,1.55E-04,5.09E-04,6.49E-04,5.34E-04,4.92E-04,3.06E-04,1.30E-05,8.17E-04,3.27E-04,2.42E-04,9.80E-05
928,7.59E-04,4.97E-04,2.97E-04,6.78E-04,2.38E-04,6.97E-05,3.95E-04,2.82E-04,1.38E-04,1.62E-04,5.14E-04,6.60E-04,5.41E-04,4.94E-04,3.11E-04,1.68E-05,8.29E-04,3.29E-04,2.38E-04,9.61E-05
929,7.69E-04,5.04E-04,2.99E-04,6.85E-04,2.43E-04,7.31E-05,4.02E-04,2.86E-04,1.41E-04,1.68E-04,5.19E-04,6.73E-04,5.47E-04,4.97E-04,3.16E-04,2.16E-05,8.41E-04,3.31E-04,2.35E-04,9.55E-05
930,7.79E-04,5.12E-04,3.02E-04,6.92E-04,2.50E-04,7.71E-05,4.08E-04,2.91E-04,1.45E-04,1.75E-04,5.23E-04,6.85E-04,5.54E-04,4.98E-04,3.22E-04,2.77E-05,8.54E-04,3.35E-04,2.33E-04,9.61E-05
931,7.89E-04,5.19E-04,3.06E-04,6.99E-04,2.57E-04,8.19E-05,4.15E-04,2.95E-04,1.49E-04,1.82E-04,5.28E-04,6.98E-04,5.61E-04,5.00E-04,3.28E-04,3.51E-05,8.67E-04,3.38E-04,2.31E-04,9.79E-05
932,7.98E-04,5.27E-04,3.11E-04,7.05E-04,2.66E-04,8.74E-05,4.22E-04,3.01E-04,1.53E-04,1.88E-04,5.32E-04,7.10E-04,5.68E-04,5.01E-04,3.35E-04,4.40E-05,8.80E-04,3.43E-04,2.30E-04,1.01E-04
933,8.08E-04,5.35E-04,3.17E-04,7.12E-04,2.75E-04,9.37E-05,4.30E-04,3.06E-04,1.58E-04,1.95E-04,5.35E-04,7.23E-04,5.75E-04,5.02E-04,3.42E-04,5.45E-05,8.92E-04,3.47E-04,2.30E-04,1.05E-04
934,8.18E-04,5.43E-04,3.24E-04,7.19E-04,2.85E-04,1.01E-04,4.37E-04,3.12E-04,1.63E-04,2.02E-04,5.39E-04,7.35E-04,5.81E-04,5.03E-04,3.50E-04,6.65E-05,9.05E-04,3.52E-04,2.30E-04,1.10E-04
935,8.28E-04,5.50E-04,3.32E-04,7.26E-04,2.95E-04,1.09E-04,4.44E-04,3.17E-04,1.68E-04,2.08E-04,5.41E-04,7.48E-04,5.88E-04,5.04E-04,3.58E-04,7.99E-05,9.17E-04,3.57E-04,2.31E-04,1.15E-04
936,8.39E-04,5.58E-04,3.40E-04,7.33E-04,3.06E-04,1.17E-04,4.52E-04,3.23E-04,1.73E-04,2.15E-04,5.44E-04,7.60E-04,5.94E-04,5.04E-04,3.66E-04,9.47E-05,9.28E-04,3.62E-04,2.32E-04,1.21E-04
937,8.50E-04,5.65E-04,3.49E-04,7.40E-04,3.17E-04,1.27E-04,4.59E-04,3.28E-04,1.79E-04,2.22E-04,5.46E-04,7.72E-04,5.99E-04,5.05E-04,3.75E-04,1.11E-04,9.38E-04,3.66E-04,2.33E-04,1.27E-04
938,8.61E-04,5.71E-04,3.57E-04,7.47E-04,3.29E-04,1.38E-04,4.66E-04,3.34E-04,1.85E-04,2.29E-04,5.48E-04,7.83E-04,6.05E-04,5.05E-04,3.83E-04,1.28E-04,9.48E-04,3.71E-04,2.34E-04,1.34E-04
939,8.73E-04,5.77E-04,3.66E-04,7.55E-04,3.40E-04,1.49E-04,4.74E-04,3.39E-04,1.91E-04,2.37E-04,5.49E-04,7.95E-04,6.10E-04,5.05E-04,3.91E-04,1.45E-04,9.56E-04,3.75E-04,2.36E-04,1.40E-04
940,8.86E-04,5.82E-04,3.75E-04,7.62E-04,3.52E-04,1.61E-04,4.81E-04,3.45E-04,1.97E-04,2.46E-04,5.50E-04,8.05E-04,6.14E-04,5.05E-04,3.99E-04,1.64E-04,9.64E-04,3.79E-04,2.38E-04,1.47E-04
941,8.99E-04,5.87E-04,3.84E-04,7.69E-04,3.64E-04,1.74E-04,4.88E-04,3.50E-04,2.04E-04,2.55E-04,5.51E-04,8.16E-04,6.18E-04,5.05E-04,4.08E-04,1.82E-04,9.71E-04,3.82E-04,2.40E-04,1.54E-04
942,9.13E-04,5.92E-04,3.93E-04,7.76E-04,3.76E-04,1.87E-04,4.95E-04,3.56E-04,2.11E-04,2.65E-04,5.52E-04,8.27E-04,6.22E-04,5.05E-04,4.16E-04,2.01E-04,9.77E-04,3.85E-04,2.43E-04,1.61E-04
943,9.27E-04,5.96E-04,4.02E-04,7.82E-04,3.89E-04,2.01E-04,5.02E-04,3.63E-04,2.18E-04,2.76E-04,5.53E-04,8.37E-04,6.25E-04,5.04E-04,4.24E-04,2.19E-04,9.82E-04,3.88E-04,2.46E-04,1.68E-04
944,9.41E-04,6.01E-04,4.10E-04,7.88E-04,4.01E-04,2.16E-04,5.10E-04,3.70E-04,2.27E-04,2.88E-04,5.54E-04,8.47E-04,6.28E-04,5.03E-04,4.32E-04,2.37E-04,9.87E-04,3.91E-04,2.50E-04,1.76E-04
945,9.56E-04,6.05E-04,4.18E-04,7.94E-04,4.14E-04,2.31E-04,5.17E-04,3.77E-04,2.35E-04,3.00E-04,5.55E-04,8.57E-04,6.30E-04,5.03E-04,4.39E-04,2.55E-04,9.91E-04,3.94E-04,2.55E-04,1.83E-04
946,9.70E-04,6.11E-04,4.26E-04,7.99E-04,4.27E-04,2.45E-04,5.25E-04,3.85E-04,2.44E-04,3.13E-04,5.56E-04,8.68E-04,6.32E-04,5.02E-04,4.47E-04,2.71E-04,9.95E-04,3.96E-04,2.60E-04,1.92E-04
947,9.84E-04,6.16E-04,4.34E-04,8.03E-04,4.40E-04,2.60E-04,5.33E-04,3.94E-04,2.54E-04,3.27E-04,5.57E-04,8.78E-04,6.33E-04,5.00E-04,4.55E-04,2.87E-04,9.99E-04,3.99E-04,2.66E-04,2.01E-04
948,9.98E-04,6.22E-04,4.41E-04,8.06E-04,4.53E-04,2.75E-04,5.41E-04,4.02E-04,2.63E-04,3.40E-04,5.58E-04,8.89E-04,6.34E-04,4.99E-04,4.63E-04,3.01E-04,1.00E-03,4.01E-04,2.73E-04,2.10E-04
949,1.01E-03,6.29E-04,4.49E-04,8.09E-04,4.66E-04,2.89E-04,5.50E-04,4.11E-04,2.73E-04,3.54E-04,5.58E-04,8.99E-04,6.34E-04,4.97E-04,4.71E-04,3.14E-04,1.01E-03,4.04E-04,2.79E-04,2.21E-04
950,1.02E-03,6.36E-04,4.56E-04,8.10E-04,4.78E-04,3.02E-04,5.58E-04,4.21E-04,2.82E-04,3.67E-04,5.58E-04,9.09E-04,6.34E-04,4.95E-04,4.78E-04,3.25E-04,1.01E-03,4.07E-04,2.87E-04,2.32E-04
951,1.03E-03,6.44E-04,4.63E-04,8.11E-04,4.91E-04,3.14E-04,5.66E-04,4.30E-04,2.91E-04,3.80E-04,5.58E-04,9.19E-04,6.34E-04,4.92E-04,4.86E-04,3.35E-04,1.01E-03,4.09E-04,2.94E-04,2.43E-04
952,1.04E-03,6.52E-04,4.70E-04,8.10E-04,5.03E-04,3.26E-04,5.74E-04,4.38E-04,3.00E-04,3.92E-04,5.57E-04,9.28E-04,6.33E-04,4.88E-04,4.93E-04,3.44E-04,1.02E-03,4.12E-04,3.01E-04,2.55E-04
953,1.05E-03,6.60E-04,4.77E-04,8.08E-04,5.14E-04,3.37E-04,5.81E-04,4.46E-04,3.08E-04,4.04E-04,5.55E-04,9.37E-04,6.31E-04,4.85E-04,5.00E-04,3.51E-04,1.02E-03,4.14E-04,3.07E-04,2.68E-04
954,1.06E-03,6.69E-04,4.83E-04,8.04E-04,5.24E-04,3.46E-04,5.88E-04,4.54E-04,3.15E-04,4.15E-04,5.53E-04,9.44E-04,6.29E-04,4.80E-04,5.07E-04,3.57E-04,1.02E-03,4.16E-04,3.14E-04,2.81E-04
955,1.06E-03,6.77E-04,4.88E-04,8.00E-04,5.34E-04,3.55E-04,5.94E-04,4.61E-04,3.22E-04,4.25E-04,5.49E-04,9.51E-04,6.26E-04,4.75E-04,5.13E-04,3.62E-04,1.02E-03,4.18E-04,3.19E-04,2.94E-04
956,1.06E-03,6.85E-04,4.94E-04,7.94E-04,5.43E-04,3.62E-04,6.00E-04,4.67E-04,3.28E-04,4.34E-04,5.45E-04,9.57E-04,6.23E-04,4.70E-04,5.19E-04,3.66E-04,1.02E-03,4.19E-04,3.24E-04,3.07E-04
957,1.06E-03,6.92E-04,4.98E-04,7.87E-04,5.51E-04,3.69E-04,6.05E-04,4.72E-04,3.33E-04,4.42E-04,5.40E-04,9.62E-04,6.19E-04,4.64E-04,5.24E-04,3.68E-04,1.02E-03,4.20E-04,3.28E-04,3.19E-04
958,1.06E-03,6.99E-04,5.02E-04,7.78E-04,5.57E-04,3.75E-04,6.09E-04,4.77E-04,3.37E-04,4.50E-04,5.34E-04,9.65E-04,6.14E-04,4.58E-04,5.28E-04,3.70E-04,1.02E-03,4.21E-04,3.31E-04,3.32E-04
959,1.06E-03,7.05E-04,5.05E-04,7.69E-04,5.63E-04,3.80E-04,6.13E-04,4.80E-04,3.41E-04,4.57E-04,5.28E-04,9.67E-04,6.09E-04,4.51E-04,5.32E-04,3.71E-04,1.02E-03,4.21E-04,3.33E-04,3.43E-04
960,1.05E-03,7.10E-04,5.08E-04,7.59E-04,5.67E-04,3.84E-04,6.16E-04,4.84E-04,3.44E-04,4.63E-04,5.21E-04,9.68E-04,6.03E-04,4.45E-04,5.35E-04,3.72E-04,1.02E-03,4.20E-04,3.34E-04,3.54E-04
961,1.05E-03,7.14E-04,5.10E-04,7.48E-04,5.71E-04,3.88E-04,6.19E-04,4.87E-04,3.47E-04,4.70E-04,5.13E-04,9.67E-04,5.97E-04,4.38E-04,5.37E-04,3.73E-04,1.01E-03,4.19E-04,3.35E-04,3.64E-04
962,1.04E-03,7.17E-04,5.12E-04,7.36E-04,5.74E-04,3.91E-04,6.21E-04,4.90E-04,3.51E-04,4.77E-04,5.06E-04,9.65E-04,5.90E-04,4.32E-04,5.39E-04,3.74E-04,1.00E-03,4.18E-04,3.35E-04,3.73E-04
963,1.04E-03,7.19E-04,5.13E-04,7.25E-04,5.76E-04,3.93E-04,6.23E-04,4.93E-04,3.54E-04,4.84E-04,4.98E-04,9.63E-04,5.84E-04,4.26E-04,5.40E-04,3.75E-04,9.97E-04,4.16E-04,3.35E-04,3.82E-04
964,1.03E-03,7.20E-04,5.15E-04,7.13E-04,5.78E-04,3.96E-04,6.26E-04,4.97E-04,3.58E-04,4.91E-04,4.90E-04,9.59E-04,5.77E-04,4.20E-04,5.41E-04,3.77E-04,9.89E-04,4.14E-04,3.34E-04,3.89E-04
965,1.02E-03,7.21E-04,5.16E-04,7.01E-04,5.79E-04,3.97E-04,6.28E-04,5.01E-04,3.62E-04,4.98E-04,4.82E-04,9.55E-04,5.69E-04,4.15E-04,5.41E-04,3.80E-04,9.80E-04,4.13E-04,3.33E-04,3.96E-04
966,1.01E-03,7.22E-04,5.18E-04,6.89E-04,5.81E-04,3.99E-04,6.31E-04,5.06E-04,3.67E-04,5.06E-04,4.74E-04,9.50E-04,5.62E-04,4.10E-04,5.41E-04,3.83E-04,9.71E-04,4.11E-04,3.33E-04,4.03E-04
967,1.00E-03,7.22E-04,5.20E-04,6.78E-04,5.83E-04,3.99E-04,6.34E-04,5.12E-04,3.73E-04,5.14E-04,4.67E-04,9.45E-04,5.55E-04,4.06E-04,5.41E-04,3.88E-04,9.62E-04,4.10E-04,3.32E-04,4.10E-04
968,9.96E-04,7.22E-04,5.23E-04,6.67E-04,5.85E-04,4.00E-04,6.38E-04,5.19E-04,3.79E-04,5.23E-04,4.61E-04,9.40E-04,5.48E-04,4.02E-04,5.41E-04,3.94E-04,9.53E-04,4.08E-04,3.32E-04,4.16E-04
969,9.89E-04,7.21E-04,5.27E-04,6.57E-04,5.88E-04,4.00E-04,6.43E-04,5.26E-04,3.86E-04,5.32E-04,4.54E-04,9.34E-04,5.41E-04,3.99E-04,5.41E-04,4.00E-04,9.43E-04,4.08E-04,3.33E-04,4.23E-04
970,9.83E-04,7.22E-04,5.31E-04,6.48E-04,5.92E-04,4.00E-04,6.48E-04,5.35E-04,3.94E-04,5.41E-04,4.48E-04,9.29E-04,5.35E-04,3.97E-04,5.41E-04,4.08E-04,9.34E-04,4.07E-04,3.34E-04,4.30E-04
971,9.78E-04,7.22E-04,5.37E-04,6.40E-04,5.96E-04,4.00E-04,6.54E-04,5.45E-04,4.02E-04,5.50E-04,4.43E-04,9.24E-04,5.29E-04,3.96E-04,5.41E-04,4.17E-04,9.25E-04,4.07E-04,3.35E-04,4.37E-04
972,9.74E-04,7.23E-04,5.43E-04,6.33E-04,6.02E-04,3.99E-04,6.61E-04,5.55E-04,4.11E-04,5.59E-04,4.38E-04,9.19E-04,5.23E-04,3.95E-04,5.42E-04,4.28E-04,9.17E-04,4.08E-04,3.38E-04,4.45E-04
973,9.70E-04,7.24E-04,5.51E-04,6.27E-04,6.08E-04,3.99E-04,6.68E-04,5.66E-04,4.21E-04,5.68E-04,4.34E-04,9.15E-04,5.18E-04,3.95E-04,5.43E-04,4.39E-04,9.09E-04,4.09E-04,3.41E-04,4.54E-04
974,9.68E-04,7.26E-04,5.59E-04,6.22E-04,6.16E-04,3.99E-04,6.76E-04,5.77E-04,4.30E-04,5.77E-04,4.30E-04,9.11E-04,5.14E-04,3.95E-04,5.44E-04,4.51E-04,9.01E-04,4.11E-04,3.44E-04,4.63E-04
975,9.67E-04,7.28E-04,5.69E-04,6.18E-04,6.24E-04,4.00E-04,6.85E-04,5.89E-04,4.41E-04,5.87E-04,4.27E-04,9.07E-04,5.10E-04,3.96E-04,5.46E-04,4.64E-04,8.94E-04,4.13E-04,3.48E-04,4.73E-04
976,9.67E-04,7.31E-04,5.79E-04,6.15E-04,6.33E-04,4.02E-04,6.95E-04,6.01E-04,4.51E-04,5.96E-04,4.24E-04,9.04E-04,5.07E-04,3.97E-04,5.49E-04,4.78E-04,8.87E-04,4.16E-04,3.52E-04,4.83E-04
977,9.68E-04,7.35E-04,5.90E-04,6.13E-04,6.43E-04,4.05E-04,7.05E-04,6.14E-04,4.62E-04,6.06E-04,4.22E-04,9.01E-04,5.04E-04,3.98E-04,5.52E-04,4.92E-04,8.81E-04,4.19E-04,3.57E-04,4.94E-04
978,9.69E-04,7.39E-04,6.03E-04,6.12E-04,6.53E-04,4.10E-04,7.16E-04,6.27E-04,4.73E-04,6.16E-04,4.20E-04,8.98E-04,5.03E-04,4.00E-04,5.55E-04,5.07E-04,8.74E-04,4.23E-04,3.62E-04,5.05E-04
979,9.72E-04,7.44E-04,6.16E-04,6.11E-04,6.65E-04,4.16E-04,7.27E-04,6.40E-04,4.85E-04,6.27E-04,4.19E-04,8.96E-04,5.02E-04,4.02E-04,5.60E-04,5.23E-04,8.69E-04,4.27E-04,3.68E-04,5.16E-04
980,9.76E-04,7.50E-04,6.29E-04,6.11E-04,6.77E-04,4.24E-04,7.40E-04,6.54E-04,4.97E-04,6.38E-04,4.19E-04,8.94E-04,5.02E-04,4.04E-04,5.64E-04,5.39E-04,8.63E-04,4.31E-04,3.74E-04,5.26E-04
981,9.80E-04,7.56E-04,6.44E-04,6.12E-04,6.89E-04,4.34E-04,7.53E-04,6.68E-04,5.09E-04,6.51E-04,4.19E-04,8.93E-04,5.02E-04,4.06E-04,5.69E-04,5.55E-04,8.58E-04,4.36E-04,3.80E-04,5.37E-04
982,9.85E-04,7.63E-04,6.59E-04,6.12E-04,7.02E-04,4.46E-04,7.66E-04,6.83E-04,5.22E-04,6.63E-04,4.20E-04,8.92E-04,5.04E-04,4.08E-04,5.75E-04,5.72E-04,8.53E-04,4.41E-04,3.86E-04,5.47E-04
983,9.91E-04,7.70E-04,6.74E-04,6.13E-04,7.15E-04,4.60E-04,7.80E-04,6.98E-04,5.35E-04,6.77E-04,4.22E-04,8.91E-04,5.06E-04,4.10E-04,5.81E-04,5.89E-04,8.48E-04,4.46E-04,3.92E-04,5.56E-04
984,9.98E-04,7.78E-04,6.90E-04,6.15E-04,7.28E-04,4.75E-04,7.95E-04,7.14E-04,5.49E-04,6.91E-04,4.24E-04,8.91E-04,5.08E-04,4.12E-04,5.88E-04,6.06E-04,8.44E-04,4.51E-04,3.99E-04,5.63E-04
985,1.00E-03,7.87E-04,7.06E-04,6.15E-04,7.41E-04,4.91E-04,8.10E-04,7.30E-04,5.63E-04,7.05E-04,4.27E-04,8.91E-04,5.11E-04,4.14E-04,5.95E-04,6.24E-04,8.40E-04,4.56E-04,4.05E-04,5.70E-04
986,1.01E-03,7.96E-04,7.22E-04,6.16E-04,7.53E-04,5.07E-04,8.25E-04,7.46E-04,5.77E-04,7.19E-04,4.30E-04,8.92E-04,5.15E-04,4.16E-04,6.02E-04,6.41E-04,8.36E-04,4.61E-04,4.12E-04,5.76E-04
987,1.02E-03,8.05E-04,7.38E-04,6.16E-04,7.66E-04,5.22E-04,8.40E-04,7.63E-04,5.91E-04,7.33E-04,4.34E-04,8.92E-04,5.18E-04,4.17E-04,6.10E-04,6.58E-04,8.33E-04,4.65E-04,4.18E-04,5.80E-04
988,1.02E-03,8.15E-04,7.54E-04,6.16E-04,7.77E-04,5.37E-04,8.55E-04,7.79E-04,6.05E-04,7.46E-04,4.37E-04,8.93E-04,5.22E-04,4.18E-04,6.17E-04,6.75E-04,8.29E-04,4.69E-04,4.23E-04,5.83E-04
989,1.03E-03,8.24E-04,7.69E-04,6.14E-04,7.87E-04,5.50E-04,8.69E-04,7.95E-04,6.19E-04,7.58E-04,4.41E-04,8.93E-04,5.24E-04,4.18E-04,6.24E-04,6.92E-04,8.26E-04,4.73E-04,4.28E-04,5.84E-04
990,1.04E-03,8.33E-04,7.84E-04,6.12E-04,7.97E-04,5.60E-04,8.82E-04,8.10E-04,6.32E-04,7.68E-04,4.43E-04,8.93E-04,5.27E-04,4.17E-04,6.31E-04,7.08E-04,8.22E-04,4.75E-04,4.32E-04,5.84E-04
991,1.04E-03,8.42E-04,7.97E-04,6.07E-04,8.04E-04,5.67E-04,8.94E-04,8.23E-04,6.44E-04,7.75E-04,4.45E-04,8.91E-04,5.28E-04,4.16E-04,6.37E-04,7.23E-04,8.18E-04,4.76E-04,4.35E-04,5.83E-04
992,1.04E-03,8.49E-04,8.10E-04,6.02E-04,8.10E-04,5.70E-04,9.05E-04,8.36E-04,6.55E-04,7.81E-04,4.46E-04,8.89E-04,5.28E-04,4.13E-04,6.42E-04,7.37E-04,8.13E-04,4.76E-04,4.37E-04,5.80E-04
993,1.04E-03,8.55E-04,8.21E-04,5.94E-04,8.14E-04,5.70E-04,9.14E-04,8.47E-04,6.64E-04,7.83E-04,4.45E-04,8.86E-04,5.26E-04,4.09E-04,6.46E-04,7.49E-04,8.08E-04,4.75E-04,4.38E-04,5.76E-04
994,1.04E-03,8.60E-04,8.30E-04,5.85E-04,8.16E-04,5.65E-04,9.22E-04,8.55E-04,6.72E-04,7.83E-04,4.43E-04,8.81E-04,5.23E-04,4.03E-04,6.49E-04,7.60E-04,8.01E-04,4.72E-04,4.37E-04,5.71E-04
995,1.04E-03,8.62E-04,8.38E-04,5.73E-04,8.15E-04,5.57E-04,9.27E-04,8.62E-04,6.79E-04,7.81E-04,4.39E-04,8.74E-04,5.19E-04,3.96E-04,6.50E-04,7.70E-04,7.94E-04,4.68E-04,4.34E-04,5.64E-04
996,1.03E-03,8.63E-04,8.45E-04,5.59E-04,8.11E-04,5.46E-04,9.31E-04,8.67E-04,6.84E-04,7.77E-04,4.33E-04,8.66E-04,5.13E-04,3.87E-04,6.50E-04,7.77E-04,7.85E-04,4.61E-04,4.30E-04,5.56E-04
997,1.02E-03,8.61E-04,8.49E-04,5.42E-04,8.05E-04,5.32E-04,9.33E-04,8.70E-04,6.87E-04,7.71E-04,4.25E-04,8.56E-04,5.05E-04,3.77E-04,6.48E-04,7.83E-04,7.75E-04,4.54E-04,4.25E-04,5.48E-04
998,1.01E-03,8.56E-04,8.52E-04,5.23E-04,7.97E-04,5.16E-04,9.33E-04,8.71E-04,6.89E-04,7.63E-04,4.16E-04,8.44E-04,4.95E-04,3.65E-04,6.44E-04,7.86E-04,7.63E-04,4.44E-04,4.18E-04,5.38E-04
999,9.97E-04,8.49E-04,8.52E-04,5.02E-04,7.86E-04,4.99E-04,9.31E-04,8.71E-04,6.91E-04,7.56E-04,4.05E-04,8.29E-04,4.84E-04,3.52E-04,6.38E-04,7.88E-04,7.50E-04,4.34E-04,4.10E-04,5.26E-04
1000,9.81E-04,8.39E-04,8.52E-04,4.78E-04,7.73E-04,4.82E-04,9.29E-04,8.69E-04,6.92E-04,7.49E-04,3.92E-04,8.14E-04,4.72E-04,3.37E-04,6.31E-04,7.87E-04,7.35E-04,4.22E-04,4.02E-04,5.14E-04
1001,9.63E-04,8.27E-04,8.50E-04,4.53E-04,7.58E-04,4.67E-04,9.26E-04,8.68E-04,6.92E-04,7.43E-04,3.79E-04,7.96E-04,4.59E-04,3.21E-04,6.22E-04,7.86E-04,7.19E-04,4.09E-04,3.93E-04,5.00E-04
1002,9.44E-04,8.12E-04,8.46E-04,4.25E-04,7.42E-04,4.54E-04,9.22E-04,8.66E-04,6.93E-04,7.39E-04,3.64E-04,7.77E-04,4.45E-04,3.04E-04,6.12E-04,7.82E-04,7.02E-04,3.96E-04,3.83E-04,4.86E-04
1003,9.23E-04,7.96E-04,8.42E-04,3.96E-04,7.24E-04,4.45E-04,9.18E-04,8.64E-04,6.94E-04,7.38E-04,3.50E-04,7.57E-04,4.32E-04,2.86E-04,6.01E-04,7.77E-04,6.84E-04,3.83E-04,3.75E-04,4.69E-04
1004,9.00E-04,7.78E-04,8.37E-04,3.66E-04,7.06E-04,4.40E-04,9.15E-04,8.64E-04,6.96E-04,7.39E-04,3.35E-04,7.37E-04,4.18E-04,2.68E-04,5.90E-04,7.72E-04,6.66E-04,3.69E-04,3.66E-04,4.52E-04
1005,8.78E-04,7.58E-04,8.31E-04,3.35E-04,6.88E-04,4.40E-04,9.12E-04,8.65E-04,6.99E-04,7.44E-04,3.21E-04,7.16E-04,4.04E-04,2.50E-04,5.77E-04,7.66E-04,6.46E-04,3.56E-04,3.59E-04,4.34E-04
1006,8.54E-04,7.38E-04,8.25E-04,3.04E-04,6.69E-04,4.45E-04,9.11E-04,8.67E-04,7.04E-04,7.52E-04,3.07E-04,6.95E-04,3.91E-04,2.32E-04,5.65E-04,7.60E-04,6.27E-04,3.43E-04,3.53E-04,4.14E-04
1007,8.31E-04,7.17E-04,8.19E-04,2.72E-04,6.51E-04,4.56E-04,9.10E-04,8.71E-04,7.09E-04,7.64E-04,2.93E-04,6.74E-04,3.79E-04,2.14E-04,5.53E-04,7.54E-04,6.07E-04,3.32E-04,3.48E-04,3.93E-04
1008,8.07E-04,6.95E-04,8.13E-04,2.41E-04,6.33E-04,4.73E-04,9.10E-04,8.77E-04,7.16E-04,7.79E-04,2.81E-04,6.53E-04,3.68E-04,1.96E-04,5.40E-04,7.48E-04,5.88E-04,3.20E-04,3.45E-04,3.72E-04
1009,7.84E-04,6.74E-04,8.07E-04,2.10E-04,6.16E-04,4.94E-04,9.11E-04,8.83E-04,7.23E-04,7.95E-04,2.70E-04,6.33E-04,3.57E-04,1.79E-04,5.29E-04,7.43E-04,5.68E-04,3.10E-04,3.43E-04,3.50E-04
1010,7.61E-04,6.53E-04,8.01E-04,1.81E-04,6.00E-04,5.19E-04,9.13E-04,8.91E-04,7.31E-04,8.14E-04,2.60E-04,6.14E-04,3.48E-04,1.63E-04,5.18E-04,7.39E-04,5.49E-04,3.01E-04,3.42E-04,3.28E-04
1011,7.38E-04,6.33E-04,7.94E-04,1.52E-04,5.85E-04,5.47E-04,9.14E-04,8.98E-04,7.39E-04,8.32E-04,2.51E-04,5.95E-04,3.40E-04,1.48E-04,5.08E-04,7.36E-04,5.31E-04,2.92E-04,3.43E-04,3.06E-04
1012,7.16E-04,6.13E-04,7.87E-04,1.25E-04,5.70E-04,5.76E-04,9.16E-04,9.06E-04,7.47E-04,8.51E-04,2.43E-04,5.77E-04,3.33E-04,1.33E-04,4.99E-04,7.33E-04,5.12E-04,2.85E-04,3.44E-04,2.85E-04
1013,6.94E-04,5.93E-04,7.80E-04,9.97E-05,5.56E-04,6.06E-04,9.17E-04,9.12E-04,7.54E-04,8.67E-04,2.35E-04,5.59E-04,3.26E-04,1.20E-04,4.90E-04,7.32E-04,4.93E-04,2.77E-04,3.46E-04,2.64E-04
1014,6.72E-04,5.74E-04,7.71E-04,7.59E-05,5.42E-04,6.35E-04,9.16E-04,9.16E-04,7.60E-04,8.81E-04,2.28E-04,5.42E-04,3.19E-04,1.07E-04,4.82E-04,7.31E-04,4.75E-04,2.70E-04,3.48E-04,2.45E-04
1015,6.50E-04,5.55E-04,7.61E-04,5.37E-05,5.29E-04,6.61E-04,9.14E-04,9.18E-04,7.63E-04,8.92E-04,2.21E-04,5.25E-04,3.13E-04,9.43E-05,4.75E-04,7.31E-04,4.56E-04,2.62E-04,3.50E-04,2.27E-04
1016,6.27E-04,5.36E-04,7.50E-04,3.32E-05,5.15E-04,6.83E-04,9.09E-04,9.16E-04,7.65E-04,8.98E-04,2.14E-04,5.07E-04,3.07E-04,8.24E-05,4.68E-04,7.30E-04,4.37E-04,2.54E-04,3.51E-04,2.11E-04
1017,6.05E-04,5.16E-04,7.37E-04,1.43E-05,5.01E-04,7.00E-04,9.01E-04,9.10E-04,7.63E-04,8.98E-04,2.06E-04,4.90E-04,3.00E-04,7.08E-05,4.62E-04,7.30E-04,4.18E-04,2.46E-04,3.50E-04,1.98E-04
1018,5.81E-04,4.97E-04,7.22E-04,-3.12E-06,4.86E-04,7.11E-04,8.90E-04,8.99E-04,7.58E-04,8.94E-04,1.98E-04,4.72E-04,2.92E-04,5.94E-05,4.55E-04,7.29E-04,3.97E-04,2.36E-04,3.49E-04,1.87E-04
1019,5.57E-04,4.76E-04,7.05E-04,-1.92E-05,4.70E-04,7.15E-04,8.76E-04,8.84E-04,7.50E-04,8.83E-04,1.89E-04,4.54E-04,2.83E-04,4.82E-05,4.49E-04,7.27E-04,3.76E-04,2.26E-04,3.46E-04,1.78E-04
1020,5.33E-04,4.55E-04,6.85E-04,-3.40E-05,4.54E-04,7.13E-04,8.58E-04,8.64E-04,7.39E-04,8.68E-04,1.78E-04,4.35E-04,2.74E-04,3.69E-05,4.42E-04,7.25E-04,3.54E-04,2.14E-04,3.41E-04,1.72E-04
1021,5.08E-04,4.34E-04,6.64E-04,-4.78E-05,4.36E-04,7.03E-04,8.36E-04,8.39E-04,7.24E-04,8.47E-04,1.67E-04,4.15E-04,2.63E-04,2.54E-05,4.35E-04,7.20E-04,3.31E-04,2.01E-04,3.34E-04,1.68E-04
1022,4.82E-04,4.11E-04,6.40E-04,-6.06E-05,4.16E-04,6.86E-04,8.11E-04,8.11E-04,7.06E-04,8.21E-04,1.55E-04,3.94E-04,2.51E-04,1.38E-05,4.28E-04,7.15E-04,3.06E-04,1.86E-04,3.25E-04,1.67E-04
1023,4.56E-04,3.87E-04,6.14E-04,-7.27E-05,3.96E-04,6.63E-04,7.83E-04,7.78E-04,6.86E-04,7.92E-04,1.41E-04,3.73E-04,2.38E-04,1.95E-06,4.20E-04,7.07E-04,2.81E-04,1.71E-04,3.14E-04,1.68E-04
1024,4.29E-04,3.63E-04,5.87E-04,-8.41E-05,3.75E-04,6.35E-04,7.52E-04,7.42E-04,6.62E-04,7.60E-04,1.27E-04,3.51E-04,2.24E-04,-1.01E-05,4.11E-04,6.98E-04,2.56E-04,1.54E-04,3.01E-04,1.71E-04
1025,4.03E-04,3.38E-04,5.58E-04,-9.51E-05,3.53E-04,6.03E-04,7.19E-04,7.03E-04,6.37E-04,7.27E-04,1.12E-04,3.28E-04,2.09E-04,-2.24E-05,4.02E-04,6.87E-04,2.29E-04,1.37E-04,2.88E-04,1.75E-04
1026,3.77E-04,3.12E-04,5.29E-04,-1.06E-04,3.30E-04,5.67E-04,6.84E-04,6.63E-04,6.11E-04,6.92E-04,9.70E-05,3.05E-04,1.93E-04,-3.47E-05,3.93E-04,6.73E-04,2.02E-04,1.19E-04,2.72E-04,1.80E-04
1027,3.51E-04,2.86E-04,4.98E-04,-1.16E-04,3.07E-04,5.29E-04,6.49E-04,6.22E-04,5.83E-04,6.57E-04,8.12E-05,2.82E-04,1.77E-04,-4.72E-05,3.83E-04,6.58E-04,1.75E-04,1.01E-04,2.56E-04,1.85E-04
1028,3.25E-04,2.60E-04,4.67E-04,-1.26E-04,2.84E-04,4.90E-04,6.13E-04,5.81E-04,5.55E-04,6.22E-04,6.54E-05,2.59E-04,1.61E-04,-5.96E-05,3.73E-04,6.42E-04,1.49E-04,8.21E-05,2.40E-04,1.90E-04
1029,3.00E-04,2.35E-04,4.37E-04,-1.36E-04,2.61E-04,4.50E-04,5.76E-04,5.41E-04,5.26E-04,5.89E-04,4.97E-05,2.37E-04,1.44E-04,-7.20E-05,3.63E-04,6.24E-04,1.22E-04,6.35E-05,2.22E-04,1.95E-04
1030,2.76E-04,2.09E-04,4.06E-04,-1.46E-04,2.38E-04,4.12E-04,5.40E-04,5.01E-04,4.97E-04,5.57E-04,3.42E-05,2.14E-04,1.28E-04,-8.41E-05,3.52E-04,6.04E-04,9.63E-05,4.53E-05,2.05E-04,1.98E-04
1031,2.53E-04,1.85E-04,3.76E-04,-1.56E-04,2.16E-04,3.75E-04,5.05E-04,4.63E-04,4.69E-04,5.27E-04,1.91E-05,1.92E-04,1.12E-04,-9.60E-05,3.42E-04,5.84E-04,7.12E-05,2.74E-05,1.88E-04,2.00E-04
1032,2.31E-04,1.61E-04,3.47E-04,-1.65E-04,1.95E-04,3.41E-04,4.71E-04,4.27E-04,4.41E-04,4.99E-04,4.46E-06,1.71E-04,9.59E-05,-1.08E-04,3.31E-04,5.62E-04,4.68E-05,1.01E-05,1.71E-04,2.00E-04
1033,2.09E-04,1.38E-04,3.18E-04,-1.75E-04,1.74E-04,3.09E-04,4.38E-04,3.92E-04,4.13E-04,4.72E-04,-9.62E-06,1.51E-04,8.06E-05,-1.19E-04,3.21E-04,5.40E-04,2.35E-05,-6.58E-06,1.54E-04,1.97E-04
1034,1.88E-04,1.16E-04,2.90E-04,-1.85E-04,1.54E-04,2.79E-04,4.06E-04,3.60E-04,3.85E-04,4.46E-04,-2.32E-05,1.31E-04,6.57E-05,-1.30E-04,3.10E-04,5.18E-04,1.03E-06,-2.26E-05,1.37E-04,1.92E-04
1035,1.67E-04,9.47E-05,2.63E-04,-1.95E-04,1.35E-04,2.52E-04,3.75E-04,3.28E-04,3.58E-04,4.22E-04,-3.62E-05,1.12E-04,5.11E-05,-1.40E-04,3.00E-04,4.95E-04,-2.05E-05,-3.80E-05,1.20E-04,1.84E-04
1036,1.46E-04,7.40E-05,2.37E-04,-2.06E-04,1.16E-04,2.27E-04,3.44E-04,2.98E-04,3.32E-04,3.97E-04,-4.87E-05,9.27E-05,3.69E-05,-1.50E-04,2.90E-04,4.72E-04,-4.11E-05,-5.28E-05,1.04E-04,1.74E-04
1037,1.25E-04,5.37E-05,2.11E-04,-2.16E-04,9.75E-05,2.04E-04,3.15E-04,2.69E-04,3.05E-04,3.72E-04,-6.09E-05,7.42E-05,2.28E-05,-1.59E-04,2.79E-04,4.50E-04,-6.10E-05,-6.71E-05,8.70E-05,1.61E-04
1038,1.05E-04,3.38E-05,1.85E-04,-2.27E-04,7.92E-05,1.82E-04,2.86E-04,2.41E-04,2.79E-04,3.47E-04,-7.27E-05,5.60E-05,8.82E-06,-1.68E-04,2.69E-04,4.27E-04,-8.03E-05,-8.09E-05,7.02E-05,1.45E-04
1039,8.32E-05,1.38E-05,1.59E-04,-2.38E-04,6.10E-05,1.62E-04,2.56E-04,2.12E-04,2.52E-04,3.20E-04,-8.43E-05,3.78E-05,-5.19E-06,-1.77E-04,2.58E-04,4.04E-04,-9.91E-05,-9.43E-05,5.31E-05,1.28E-04
1040,6.14E-05,-6.36E-06,1.33E-04,-2.49E-04,4.25E-05,1.42E-04,2.27E-04,1.84E-04,2.25E-04,2.92E-04,-9.56E-05,1.97E-05,-1.93E-05,-1.85E-04,2.48E-04,3.82E-04,-1.18E-04,-1.07E-04,3.57E-05,1.09E-04
1041,3.90E-05,-2.70E-05,1.07E-04,-2.61E-04,2.36E-05,1.22E-04,1.98E-04,1.54E-04,1.98E-04,2.63E-04,-1.07E-04,1.45E-06,-3.36E-05,-1.93E-04,2.36E-04,3.59E-04,-1.36E-04,-1.20E-04,1.79E-05,8.87E-05
1042,1.60E-05,-4.83E-05,8.03E-05,-2.72E-04,4.26E-06,1.02E-04,1.68E-04,1.24E-04,1.71E-04,2.32E-04,-1.18E-04,-1.70E-05,-4.82E-05,-2.01E-04,2.25E-04,3.37E-04,-1.54E-04,-1.33E-04,-2.68E-07,6.77E-05
1043,-7.68E-06,-7.04E-05,5.35E-05,-2.84E-04,-1.57E-05,8.15E-05,1.38E-04,9.32E-05,1.43E-04,1.99E-04,-1.29E-04,-3.56E-05,-6.30E-05,-2.08E-04,2.13E-04,3.15E-04,-1.72E-04,-1.46E-04,-1.87E-05,4.62E-05
1044,-3.18E-05,-9.33E-05,2.62E-05,-2.95E-04,-3.63E-05,6.05E-05,1.08E-04,6.12E-05,1.16E-04,1.66E-04,-1.39E-04,-5.45E-05,-7.80E-05,-2.15E-04,2.01E-04,2.93E-04,-1.90E-04,-1.58E-04,-3.74E-05,2.48E-05
1045,-5.63E-05,-1.17E-04,-1.51E-06,-3.06E-04,-5.75E-05,3.88E-05,7.68E-05,2.85E-05,8.78E-05,1.31E-04,-1.49E-04,-7.35E-05,-9.32E-05,-2.21E-04,1.88E-04,2.71E-04,-2.08E-04,-1.70E-04,-5.62E-05,3.74E-06
1046,-8.09E-05,-1.42E-04,-2.95E-05,-3.17E-04,-7.92E-05,1.65E-05,4.58E-05,-4.75E-06,6.02E-05,9.66E-05,-1.59E-04,-9.25E-05,-1.08E-04,-2.27E-04,1.75E-04,2.50E-04,-2.27E-04,-1.81E-04,-7.48E-05,-1.66E-05
1047,-1.06E-04,-1.68E-04,-5.77E-05,-3.28E-04,-1.01E-04,-6.34E-06,1.48E-05,-3.84E-05,3.28E-05,6.20E-05,-1.68E-04,-1.12E-04,-1.23E-04,-2.33E-04,1.62E-04,2.28E-04,-2.45E-04,-1.93E-04,-9.31E-05,-3.59E-05
1048,-1.30E-04,-1.94E-04,-8.59E-05,-3.38E-04,-1.24E-04,-2.94E-05,-1.58E-05,-7.20E-05,5.67E-06,2.81E-05,-1.76E-04,-1.30E-04,-1.38E-04,-2.38E-04,1.49E-04,2.06E-04,-2.63E-04,-2.03E-04,-1.11E-04,-5.41E-05
1049,-1.53E-04,-2.21E-04,-1.14E-04,-3.47E-04,-1.46E-04,-5.26E-05,-4.59E-05,-1.05E-04,-2.09E-05,-4.80E-06,-1.83E-04,-1.49E-04,-1.52E-04,-2.43E-04,1.35E-04,1.85E-04,-2.80E-04,-2.14E-04,-1.28E-04,-7.09E-05
1050,-1.76E-04,-2.48E-04,-1.42E-04,-3.56E-04,-1.69E-04,-7.57E-05,-7.53E-05,-1.38E-04,-4.69E-05,-3.62E-05,-1.90E-04,-1.67E-04,-1.66E-04,-2.47E-04,1.22E-04,1.64E-04,-2.97E-04,-2.23E-04,-1.44E-04,-8.64E-05
1051,-1.98E-04,-2.76E-04,-1.69E-04,-3.64E-04,-1.91E-04,-9.84E-05,-1.04E-04,-1.69E-04,-7.22E-05,-6.58E-05,-1.95E-04,-1.84E-04,-1.78E-04,-2.50E-04,1.08E-04,1.43E-04,-3.14E-04,-2.32E-04,-1.59E-04,-1.00E-04
1052,-2.19E-04,-3.03E-04,-1.96E-04,-3.72E-04,-2.13E-04,-1.20E-04,-1.31E-04,-2.00E-04,-9.67E-05,-9.34E-05,-2.00E-04,-2.00E-04,-1.90E-04,-2.53E-04,9.40E-05,1.22E-04,-3.30E-04,-2.40E-04,-1.72E-04,-1.13E-04
1053,-2.39E-04,-3.29E-04,-2.22E-04,-3.78E-04,-2.35E-04,-1.42E-04,-1.57E-04,-2.28E-04,-1.20E-04,-1.19E-04,-2.03E-04,-2.16E-04,-2.01E-04,-2.56E-04,8.04E-05,1.02E-04,-3.45E-04,-2.47E-04,-1.85E-04,-1.25E-04
1054,-2.57E-04,-3.56E-04,-2.47E-04,-3.84E-04,-2.56E-04,-1.63E-04,-1.81E-04,-2.56E-04,-1.43E-04,-1.42E-04,-2.06E-04,-2.30E-04,-2.11E-04,-2.58E-04,6.68E-05,8.13E-05,-3.60E-04,-2.54E-04,-1.96E-04,-1.35E-04
1055,-2.75E-04,-3.81E-04,-2.72E-04,-3.89E-04,-2.76E-04,-1.82E-04,-2.04E-04,-2.81E-04,-1.66E-04,-1.64E-04,-2.07E-04,-2.43E-04,-2.19E-04,-2.59E-04,5.33E-05,6.13E-05,-3.73E-04,-2.60E-04,-2.06E-04,-1.44E-04
1056,-2.91E-04,-4.06E-04,-2.96E-04,-3.93E-04,-2.95E-04,-2.01E-04,-2.26E-04,-3.05E-04,-1.87E-04,-1.84E-04,-2.08E-04,-2.56E-04,-2.27E-04,-2.59E-04,3.99E-05,4.16E-05,-3.86E-04,-2.65E-04,-2.14E-04,-1.53E-04
1057,-3.07E-04,-4.30E-04,-3.18E-04,-3.97E-04,-3.14E-04,-2.20E-04,-2.47E-04,-3.27E-04,-2.08E-04,-2.02E-04,-2.09E-04,-2.67E-04,-2.33E-04,-2.59E-04,2.65E-05,2.23E-05,-3.98E-04,-2.69E-04,-2.22E-04,-1.61E-04
1058,-3.22E-04,-4.52E-04,-3.41E-04,-4.00E-04,-3.32E-04,-2.38E-04,-2.66E-04,-3.48E-04,-2.28E-04,-2.19E-04,-2.08E-04,-2.77E-04,-2.39E-04,-2.59E-04,1.32E-05,3.42E-06,-4.08E-04,-2.73E-04,-2.28E-04,-1.69E-04
1059,-3.36E-04,-4.74E-04,-3.62E-04,-4.03E-04,-3.50E-04,-2.55E-04,-2.85E-04,-3.68E-04,-2.47E-04,-2.35E-04,-2.08E-04,-2.86E-04,-2.43E-04,-2.58E-04,-1.40E-07,-1.51E-05,-4.18E-04,-2.77E-04,-2.34E-04,-1.76E-04
1060,-3.50E-04,-4.95E-04,-3.83E-04,-4.05E-04,-3.67E-04,-2.73E-04,-3.03E-04,-3.86E-04,-2.66E-04,-2.51E-04,-2.07E-04,-2.95E-04,-2.48E-04,-2.57E-04,-1.36E-05,-3.31E-05,-4.28E-04,-2.80E-04,-2.39E-04,-1.83E-04
1061,-3.64E-04,-5.15E-04,-4.04E-04,-4.07E-04,-3.83E-04,-2.90E-04,-3.20E-04,-4.04E-04,-2.85E-04,-2.67E-04,-2.07E-04,-3.03E-04,-2.51E-04,-2.55E-04,-2.72E-05,-5.06E-05,-4.36E-04,-2.83E-04,-2.44E-04,-1.90E-04
1062,-3.78E-04,-5.34E-04,-4.24E-04,-4.09E-04,-4.00E-04,-3.07E-04,-3.37E-04,-4.22E-04,-3.03E-04,-2.82E-04,-2.07E-04,-3.10E-04,-2.55E-04,-2.53E-04,-4.11E-05,-6.76E-05,-4.44E-04,-2.86E-04,-2.48E-04,-1.97E-04
1063,-3.93E-04,-5.52E-04,-4.44E-04,-4.11E-04,-4.16E-04,-3.25E-04,-3.54E-04,-4.39E-04,-3.20E-04,-2.98E-04,-2.07E-04,-3.17E-04,-2.58E-04,-2.51E-04,-5.53E-05,-8.41E-05,-4.51E-04,-2.88E-04,-2.53E-04,-2.04E-04
1064,-4.07E-04,-5.69E-04,-4.64E-04,-4.13E-04,-4.32E-04,-3.43E-04,-3.70E-04,-4.56E-04,-3.37E-04,-3.14E-04,-2.07E-04,-3.23E-04,-2.61E-04,-2.49E-04,-6.98E-05,-1.00E-04,-4.58E-04,-2.90E-04,-2.58E-04,-2.11E-04
1065,-4.23E-04,-5.86E-04,-4.83E-04,-4.15E-04,-4.49E-04,-3.62E-04,-3.87E-04,-4.73E-04,-3.53E-04,-3.30E-04,-2.08E-04,-3.30E-04,-2.65E-04,-2.47E-04,-8.47E-05,-1.15E-04,-4.64E-04,-2.93E-04,-2.62E-04,-2.18E-04
1066,-4.38E-04,-6.02E-04,-5.02E-04,-4.17E-04,-4.65E-04,-3.81E-04,-4.03E-04,-4.91E-04,-3.69E-04,-3.46E-04,-2.10E-04,-3.36E-04,-2.68E-04,-2.44E-04,-1.00E-04,-1.30E-04,-4.70E-04,-2.95E-04,-2.67E-04,-2.25E-04
1067,-4.55E-04,-6.18E-04,-5.21E-04,-4.19E-04,-4.82E-04,-4.00E-04,-4.20E-04,-5.08E-04,-3.84E-04,-3.62E-04,-2.12E-04,-3.42E-04,-2.72E-04,-2.42E-04,-1.16E-04,-1.45E-04,-4.76E-04,-2.97E-04,-2.72E-04,-2.33E-04
1068,-4.72E-04,-6.33E-04,-5.40E-04,-4.22E-04,-4.98E-04,-4.19E-04,-4.37E-04,-5.26E-04,-3.99E-04,-3.78E-04,-2.14E-04,-3.48E-04,-2.76E-04,-2.40E-04,-1.32E-04,-1.58E-04,-4.82E-04,-2.99E-04,-2.77E-04,-2.41E-04
1069,-4.89E-04,-6.47E-04,-5.58E-04,-4.24E-04,-5.15E-04,-4.39E-04,-4.53E-04,-5.44E-04,-4.13E-04,-3.94E-04,-2.17E-04,-3.54E-04,-2.80E-04,-2.38E-04,-1.49E-04,-1.72E-04,-4.87E-04,-3.01E-04,-2.83E-04,-2.49E-04
1070,-5.06E-04,-6.61E-04,-5.77E-04,-4.26E-04,-5.32E-04,-4.59E-04,-4.69E-04,-5.62E-04,-4.27E-04,-4.10E-04,-2.21E-04,-3.60E-04,-2.84E-04,-2.36E-04,-1.66E-04,-1.85E-04,-4.92E-04,-3.03E-04,-2.88E-04,-2.57E-04
1071,-5.24E-04,-6.75E-04,-5.94E-04,-4.29E-04,-5.49E-04,-4.79E-04,-4.85E-04,-5.80E-04,-4.41E-04,-4.26E-04,-2.24E-04,-3.66E-04,-2.88E-04,-2.34E-04,-1.83E-04,-1.97E-04,-4.97E-04,-3.04E-04,-2.93E-04,-2.66E-04
1072,-5.41E-04,-6.88E-04,-6.12E-04,-4.31E-04,-5.65E-04,-4.98E-04,-5.01E-04,-5.98E-04,-4.54E-04,-4.41E-04,-2.29E-04,-3.73E-04,-2.92E-04,-2.33E-04,-2.01E-04,-2.10E-04,-5.01E-04,-3.06E-04,-2.98E-04,-2.75E-04
1073,-5.59E-04,-7.01E-04,-6.29E-04,-4.34E-04,-5.82E-04,-5.17E-04,-5.17E-04,-6.16E-04,-4.67E-04,-4.55E-04,-2.33E-04,-3.79E-04,-2.96E-04,-2.32E-04,-2.19E-04,-2.22E-04,-5.06E-04,-3.07E-04,-3.03E-04,-2.85E-04
1074,-5.76E-04,-7.14E-04,-6.46E-04,-4.37E-04,-5.98E-04,-5.36E-04,-5.32E-04,-6.34E-04,-4.80E-04,-4.69E-04,-2.37E-04,-3.86E-04,-3.00E-04,-2.31E-04,-2.37E-04,-2.35E-04,-5.10E-04,-3.08E-04,-3.08E-04,-2.94E-04
1075,-5.94E-04,-7.26E-04,-6.62E-04,-4.39E-04,-6.14E-04,-5.54E-04,-5.46E-04,-6.51E-04,-4.94E-04,-4.82E-04,-2.42E-04,-3.93E-04,-3.05E-04,-2.30E-04,-2.55E-04,-2.47E-04,-5.14E-04,-3.09E-04,-3.12E-04,-3.05E-04
1076,-6.11E-04,-7.38E-04,-6.79E-04,-4.42E-04,-6.30E-04,-5.71E-04,-5.61E-04,-6.69E-04,-5.07E-04,-4.96E-04,-2.47E-04,-4.00E-04,-3.08E-04,-2.30E-04,-2.74E-04,-2.60E-04,-5.19E-04,-3.11E-04,-3.16E-04,-3.15E-04
1077,-6.27E-04,-7.49E-04,-6.95E-04,-4.45E-04,-6.46E-04,-5.88E-04,-5.75E-04,-6.86E-04,-5.21E-04,-5.08E-04,-2.52E-04,-4.07E-04,-3.12E-04,-2.30E-04,-2.92E-04,-2.73E-04,-5.23E-04,-3.12E-04,-3.20E-04,-3.26E-04
1078,-6.44E-04,-7.61E-04,-7.11E-04,-4.48E-04,-6.60E-04,-6.04E-04,-5.89E-04,-7.04E-04,-5.34E-04,-5.21E-04,-2.57E-04,-4.14E-04,-3.16E-04,-2.30E-04,-3.10E-04,-2.87E-04,-5.27E-04,-3.13E-04,-3.24E-04,-3.37E-04
1079,-6.60E-04,-7.72E-04,-7.26E-04,-4.51E-04,-6.75E-04,-6.19E-04,-6.02E-04,-7.21E-04,-5.48E-04,-5.34E-04,-2.62E-04,-4.21E-04,-3.20E-04,-2.31E-04,-3.28E-04,-3.01E-04,-5.32E-04,-3.15E-04,-3.27E-04,-3.48E-04
1080,-6.75E-04,-7.83E-04,-7.42E-04,-4.54E-04,-6.89E-04,-6.34E-04,-6.16E-04,-7.37E-04,-5.63E-04,-5.46E-04,-2.68E-04,-4.28E-04,-3.23E-04,-2.32E-04,-3.46E-04,-3.16E-04,-5.36E-04,-3.16E-04,-3.31E-04,-3.59E-04
1081,-6.91E-04,-7.94E-04,-7.58E-04,-4.57E-04,-7.02E-04,-6.48E-04,-6.29E-04,-7.54E-04,-5.77E-04,-5.59E-04,-2.73E-04,-4.34E-04,-3.27E-04,-2.33E-04,-3.63E-04,-3.31E-04,-5.40E-04,-3.18E-04,-3.35E-04,-3.71E-04
1082,-7.06E-04,-8.05E-04,-7.73E-04,-4.60E-04,-7.14E-04,-6.61E-04,-6.43E-04,-7.70E-04,-5.91E-04,-5.72E-04,-2.79E-04,-4.41E-04,-3.30E-04,-2.34E-04,-3.79E-04,-3.46E-04,-5.45E-04,-3.20E-04,-3.39E-04,-3.82E-04
1083,-7.20E-04,-8.16E-04,-7.88E-04,-4.63E-04,-7.26E-04,-6.74E-04,-6.56E-04,-7.86E-04,-6.06E-04,-5.85E-04,-2.86E-04,-4.48E-04,-3.34E-04,-2.35E-04,-3.95E-04,-3.61E-04,-5.49E-04,-3.22E-04,-3.43E-04,-3.93E-04
1084,-7.34E-04,-8.26E-04,-8.03E-04,-4.66E-04,-7.37E-04,-6.85E-04,-6.70E-04,-8.01E-04,-6.19E-04,-5.98E-04,-2.92E-04,-4.54E-04,-3.37E-04,-2.36E-04,-4.11E-04,-3.77E-04,-5.54E-04,-3.24E-04,-3.47E-04,-4.04E-04
1085,-7.48E-04,-8.37E-04,-8.17E-04,-4.69E-04,-7.46E-04,-6.96E-04,-6.83E-04,-8.16E-04,-6.32E-04,-6.12E-04,-2.98E-04,-4.59E-04,-3.41E-04,-2.37E-04,-4.25E-04,-3.92E-04,-5.58E-04,-3.27E-04,-3.52E-04,-4.15E-04
1086,-7.61E-04,-8.47E-04,-8.31E-04,-4.72E-04,-7.55E-04,-7.06E-04,-6.96E-04,-8.30E-04,-6.45E-04,-6.24E-04,-3.05E-04,-4.64E-04,-3.44E-04,-2.37E-04,-4.38E-04,-4.07E-04,-5.62E-04,-3.28E-04,-3.57E-04,-4.25E-04
1087,-7.73E-04,-8.56E-04,-8.44E-04,-4.75E-04,-7.63E-04,-7.15E-04,-7.09E-04,-8.43E-04,-6.56E-04,-6.37E-04,-3.11E-04,-4.69E-04,-3.48E-04,-2.38E-04,-4.51E-04,-4.22E-04,-5.65E-04,-3.30E-04,-3.62E-04,-4.34E-04
1088,-7.85E-04,-8.65E-04,-8.56E-04,-4.77E-04,-7.69E-04,-7.22E-04,-7.22E-04,-8.56E-04,-6.66E-04,-6.48E-04,-3.17E-04,-4.73E-04,-3.51E-04,-2.38E-04,-4.62E-04,-4.35E-04,-5.68E-04,-3.31E-04,-3.68E-04,-4.43E-04
1089,-7.95E-04,-8.73E-04,-8.66E-04,-4.80E-04,-7.75E-04,-7.29E-04,-7.34E-04,-8.66E-04,-6.74E-04,-6.59E-04,-3.23E-04,-4.76E-04,-3.55E-04,-2.37E-04,-4.72E-04,-4.47E-04,-5.71E-04,-3.32E-04,-3.73E-04,-4.51E-04
1090,-8.04E-04,-8.79E-04,-8.76E-04,-4.81E-04,-7.78E-04,-7.34E-04,-7.46E-04,-8.76E-04,-6.82E-04,-6.69E-04,-3.29E-04,-4.78E-04,-3.58E-04,-2.36E-04,-4.81E-04,-4.58E-04,-5.73E-04,-3.32E-04,-3.79E-04,-4.58E-04
1091,-8.12E-04,-8.85E-04,-8.83E-04,-4.83E-04,-7.81E-04,-7.38E-04,-7.57E-04,-8.84E-04,-6.87E-04,-6.78E-04,-3.34E-04,-4.80E-04,-3.60E-04,-2.35E-04,-4.88E-04,-4.68E-04,-5.74E-04,-3.31E-04,-3.85E-04,-4.65E-04
1092,-8.19E-04,-8.89E-04,-8.88E-04,-4.84E-04,-7.81E-04,-7.40E-04,-7.66E-04,-8.90E-04,-6.91E-04,-6.86E-04,-3.38E-04,-4.80E-04,-3.63E-04,-2.33E-04,-4.94E-04,-4.76E-04,-5.74E-04,-3.30E-04,-3.90E-04,-4.71E-04
1093,-8.24E-04,-8.91E-04,-8.92E-04,-4.84E-04,-7.80E-04,-7.41E-04,-7.74E-04,-8.94E-04,-6.94E-04,-6.92E-04,-3.42E-04,-4.80E-04,-3.64E-04,-2.31E-04,-4.98E-04,-4.82E-04,-5.73E-04,-3.28E-04,-3.96E-04,-4.77E-04
1094,-8.28E-04,-8.92E-04,-8.93E-04,-4.84E-04,-7.78E-04,-7.41E-04,-7.81E-04,-8.97E-04,-6.95E-04,-6.97E-04,-3.46E-04,-4.78E-04,-3.65E-04,-2.29E-04,-5.01E-04,-4.86E-04,-5.72E-04,-3.25E-04,-4.01E-04,-4.82E-04
1095,-8.31E-04,-8.91E-04,-8.93E-04,-4.84E-04,-7.73E-04,-7.39E-04,-7.86E-04,-8.98E-04,-6.95E-04,-7.00E-04,-3.48E-04,-4.76E-04,-3.66E-04,-2.26E-04,-5.02E-04,-4.89E-04,-5.69E-04,-3.21E-04,-4.06E-04,-4.86E-04
1096,-8.32E-04,-8.89E-04,-8.90E-04,-4.83E-04,-7.68E-04,-7.36E-04,-7.90E-04,-8.96E-04,-6.94E-04,-7.02E-04,-3.50E-04,-4.72E-04,-3.65E-04,-2.23E-04,-5.03E-04,-4.90E-04,-5.65E-04,-3.16E-04,-4.11E-04,-4.90E-04
1097,-8.32E-04,-8.84E-04,-8.85E-04,-4.82E-04,-7.61E-04,-7.32E-04,-7.91E-04,-8.93E-04,-6.92E-04,-7.03E-04,-3.51E-04,-4.68E-04,-3.64E-04,-2.20E-04,-5.01E-04,-4.90E-04,-5.60E-04,-3.11E-04,-4.15E-04,-4.94E-04
1098,-8.31E-04,-8.78E-04,-8.77E-04,-4.80E-04,-7.52E-04,-7.27E-04,-7.92E-04,-8.88E-04,-6.89E-04,-7.03E-04,-3.51E-04,-4.62E-04,-3.62E-04,-2.16E-04,-4.99E-04,-4.88E-04,-5.54E-04,-3.05E-04,-4.18E-04,-4.97E-04
1099,-8.29E-04,-8.69E-04,-8.68E-04,-4.78E-04,-7.42E-04,-7.21E-04,-7.90E-04,-8.81E-04,-6.85E-04,-7.02E-04,-3.51E-04,-4.56E-04,-3.59E-04,-2.12E-04,-4.95E-04,-4.86E-04,-5.47E-04,-2.99E-04,-4.21E-04,-4.99E-04
1100,-8.25E-04,-8.59E-04,-8.57E-04,-4.76E-04,-7.32E-04,-7.14E-04,-7.86E-04,-8.73E-04,-6.81E-04,-7.00E-04,-3.50E-04,-4.48E-04,-3.56E-04,-2.08E-04,-4.90E-04,-4.82E-04,-5.39E-04,-2.92E-04,-4.24E-04,-5.01E-04
1101,-8.21E-04,-8.47E-04,-8.45E-04,-4.73E-04,-7.20E-04,-7.07E-04,-7.81E-04,-8.62E-04,-6.75E-04,-6.97E-04,-3.48E-04,-4.40E-04,-3.52E-04,-2.05E-04,-4.83E-04,-4.77E-04,-5.30E-04,-2.84E-04,-4.26E-04,-5.03E-04
1102,-8.16E-04,-8.34E-04,-8.31E-04,-4.70E-04,-7.07E-04,-6.99E-04,-7.74E-04,-8.50E-04,-6.69E-04,-6.94E-04,-3.46E-04,-4.30E-04,-3.47E-04,-2.01E-04,-4.76E-04,-4.72E-04,-5.20E-04,-2.77E-04,-4.27E-04,-5.04E-04
1103,-8.10E-04,-8.19E-04,-8.16E-04,-4.67E-04,-6.93E-04,-6.90E-04,-7.65E-04,-8.37E-04,-6.62E-04,-6.89E-04,-3.43E-04,-4.20E-04,-3.41E-04,-1.97E-04,-4.68E-04,-4.67E-04,-5.08E-04,-2.69E-04,-4.28E-04,-5.04E-04
1104,-8.04E-04,-8.03E-04,-7.99E-04,-4.63E-04,-6.78E-04,-6.81E-04,-7.55E-04,-8.22E-04,-6.54E-04,-6.85E-04,-3.40E-04,-4.08E-04,-3.35E-04,-1.92E-04,-4.58E-04,-4.61E-04,-4.96E-04,-2.61E-04,-4.28E-04,-5.03E-04
1105,-7.96E-04,-7.86E-04,-7.81E-04,-4.59E-04,-6.63E-04,-6.72E-04,-7.43E-04,-8.05E-04,-6.45E-04,-6.79E-04,-3.35E-04,-3.95E-04,-3.29E-04,-1.88E-04,-4.48E-04,-4.54E-04,-4.83E-04,-2.53E-04,-4.27E-04,-5.02E-04
1106,-7.88E-04,-7.67E-04,-7.62E-04,-4.55E-04,-6.47E-04,-6.62E-04,-7.30E-04,-7.86E-04,-6.35E-04,-6.72E-04,-3.31E-04,-3.82E-04,-3.21E-04,-1.83E-04,-4.36E-04,-4.48E-04,-4.70E-04,-2.44E-04,-4.26E-04,-4.99E-04
1107,-7.79E-04,-7.47E-04,-7.42E-04,-4.49E-04,-6.30E-04,-6.51E-04,-7.15E-04,-7.66E-04,-6.23E-04,-6.65E-04,-3.25E-04,-3.66E-04,-3.13E-04,-1.78E-04,-4.24E-04,-4.41E-04,-4.55E-04,-2.35E-04,-4.24E-04,-4.96E-04
1108,-7.69E-04,-7.26E-04,-7.21E-04,-4.44E-04,-6.12E-04,-6.40E-04,-6.98E-04,-7.44E-04,-6.09E-04,-6.56E-04,-3.19E-04,-3.50E-04,-3.05E-04,-1.73E-04,-4.11E-04,-4.34E-04,-4.39E-04,-2.26E-04,-4.20E-04,-4.91E-04
1109,-7.57E-04,-7.04E-04,-6.99E-04,-4.37E-04,-5.94E-04,-6.27E-04,-6.79E-04,-7.20E-04,-5.93E-04,-6.45E-04,-3.12E-04,-3.32E-04,-2.96E-04,-1.67E-04,-3.96E-04,-4.27E-04,-4.22E-04,-2.16E-04,-4.16E-04,-4.86E-04
1110,-7.44E-04,-6.81E-04,-6.75E-04,-4.29E-04,-5.74E-04,-6.14E-04,-6.59E-04,-6.94E-04,-5.75E-04,-6.32E-04,-3.03E-04,-3.13E-04,-2.86E-04,-1.60E-04,-3.81E-04,-4.19E-04,-4.04E-04,-2.06E-04,-4.11E-04,-4.79E-04
1111,-7.29E-04,-6.56E-04,-6.50E-04,-4.20E-04,-5.53E-04,-6.00E-04,-6.37E-04,-6.66E-04,-5.55E-04,-6.18E-04,-2.94E-04,-2.92E-04,-2.75E-04,-1.52E-04,-3.64E-04,-4.10E-04,-3.85E-04,-1.95E-04,-4.04E-04,-4.71E-04
1112,-7.11E-04,-6.30E-04,-6.23E-04,-4.09E-04,-5.30E-04,-5.84E-04,-6.13E-04,-6.35E-04,-5.33E-04,-6.01E-04,-2.84E-04,-2.70E-04,-2.63E-04,-1.44E-04,-3.47E-04,-4.00E-04,-3.64E-04,-1.83E-04,-3.96E-04,-4.61E-04
1113,-6.92E-04,-6.03E-04,-5.95E-04,-3.97E-04,-5.06E-04,-5.67E-04,-5.87E-04,-6.03E-04,-5.08E-04,-5.82E-04,-2.72E-04,-2.46E-04,-2.51E-04,-1.34E-04,-3.28E-04,-3.89E-04,-3.42E-04,-1.70E-04,-3.86E-04,-4.51E-04
1114,-6.70E-04,-5.75E-04,-5.64E-04,-3.83E-04,-4.81E-04,-5.49E-04,-5.59E-04,-5.68E-04,-4.82E-04,-5.61E-04,-2.59E-04,-2.20E-04,-2.37E-04,-1.23E-04,-3.08E-04,-3.76E-04,-3.19E-04,-1.55E-04,-3.75E-04,-4.39E-04
1115,-6.45E-04,-5.45E-04,-5.32E-04,-3.68E-04,-4.54E-04,-5.29E-04,-5.28E-04,-5.31E-04,-4.53E-04,-5.37E-04,-2.44E-04,-1.92E-04,-2.21E-04,-1.12E-04,-2.86E-04,-3.63E-04,-2.95E-04,-1.40E-04,-3.62E-04,-4.27E-04
1116,-6.17E-04,-5.13E-04,-4.98E-04,-3.50E-04,-4.25E-04,-5.08E-04,-4.96E-04,-4.91E-04,-4.22E-04,-5.11E-04,-2.28E-04,-1.63E-04,-2.05E-04,-9.86E-05,-2.63E-04,-3.47E-04,-2.69E-04,-1.22E-04,-3.47E-04,-4.13E-04
1117,-5.86E-04,-4.80E-04,-4.61E-04,-3.31E-04,-3.94E-04,-4.85E-04,-4.61E-04,-4.50E-04,-3.89E-04,-4.83E-04,-2.10E-04,-1.32E-04,-1.87E-04,-8.43E-05,-2.39E-04,-3.30E-04,-2.42E-04,-1.04E-04,-3.31E-04,-3.99E-04
1118,-5.53E-04,-4.45E-04,-4.23E-04,-3.09E-04,-3.62E-04,-4.61E-04,-4.24E-04,-4.07E-04,-3.55E-04,-4.53E-04,-1.90E-04,-9.95E-05,-1.67E-04,-6.88E-05,-2.14E-04,-3.12E-04,-2.13E-04,-8.42E-05,-3.13E-04,-3.83E-04
1119,-5.17E-04,-4.09E-04,-3.82E-04,-2.86E-04,-3.28E-04,-4.35E-04,-3.86E-04,-3.61E-04,-3.20E-04,-4.21E-04,-1.69E-04,-6.53E-05,-1.45E-04,-5.21E-05,-1.87E-04,-2.92E-04,-1.83E-04,-6.29E-05,-2.93E-04,-3.67E-04
1120,-4.77E-04,-3.71E-04,-3.40E-04,-2.61E-04,-2.92E-04,-4.08E-04,-3.45E-04,-3.15E-04,-2.84E-04,-3.88E-04,-1.46E-04,-2.95E-05,-1.23E-04,-3.42E-05,-1.59E-04,-2.71E-04,-1.51E-04,-4.03E-05,-2.72E-04,-3.50E-04
1121,-4.36E-04,-3.32E-04,-2.96E-04,-2.34E-04,-2.55E-04,-3.80E-04,-3.03E-04,-2.67E-04,-2.47E-04,-3.54E-04,-1.22E-04,7.61E-06,-9.80E-05,-1.53E-05,-1.30E-04,-2.49E-04,-1.18E-04,-1.65E-05,-2.49E-04,-3.32E-04
1122,-3.92E-04,-2.91E-04,-2.51E-04,-2.05E-04,-2.17E-04,-3.52E-04,-2.59E-04,-2.18E-04,-2.11E-04,-3.20E-04,-9.59E-05,4.60E-05,-7.20E-05,4.61E-06,-9.93E-05,-2.26E-04,-8.46E-05,8.44E-06,-2.25E-04,-3.14E-04
1123,-3.46E-04,-2.49E-04,-2.05E-04,-1.76E-04,-1.79E-04,-3.22E-04,-2.15E-04,-1.68E-04,-1.74E-04,-2.85E-04,-6.87E-05,8.54E-05,-4.46E-05,2.53E-05,-6.83E-05,-2.02E-04,-4.97E-05,3.43E-05,-2.00E-04,-2.95E-04
1124,-2.99E-04,-2.06E-04,-1.58E-04,-1.45E-04,-1.39E-04,-2.92E-04,-1.69E-04,-1.19E-04,-1.38E-04,-2.51E-04,-4.03E-05,1.26E-04,-1.60E-05,4.67E-05,-3.66E-05,-1.78E-04,-1.39E-05,6.10E-05,-1.74E-04,-2.76E-04
1125,-2.50E-04,-1.63E-04,-1.10E-04,-1.13E-04,-9.99E-05,-2.62E-04,-1.22E-04,-6.88E-05,-1.02E-04,-2.17E-04,-1.09E-05,1.67E-04,1.37E-05,6.86E-05,-4.40E-06,-1.54E-04,2.25E-05,8.82E-05,-1.48E-04,-2.57E-04
1126,-2.01E-04,-1.19E-04,-6.23E-05,-7.99E-05,-6.06E-05,-2.32E-04,-7.54E-05,-1.94E-05,-6.74E-05,-1.84E-04,1.93E-05,2.08E-04,4.42E-05,9.09E-05,2.80E-05,-1.30E-04,5.95E-05,1.16E-04,-1.21E-04,-2.37E-04
1127,-1.51E-04,-7.42E-05,-1.48E-05,-4.68E-05,-2.18E-05,-2.03E-04,-2.85E-05,2.93E-05,-3.36E-05,-1.51E-04,5.01E-05,2.49E-04,7.53E-05,1.13E-04,6.04E-05,-1.06E-04,9.68E-05,1.43E-04,-9.44E-05,-2.17E-04
1128,-1.01E-04,-2.95E-05,3.21E-05,-1.36E-05,1.62E-05,-1.73E-04,1.81E-05,7.71E-05,-9.21E-07,-1.21E-04,8.14E-05,2.91E-04,1.07E-04,1.36E-04,9.25E-05,-8.39E-05,1.34E-04,1.71E-04,-6.77E-05,-1.98E-04
1129,-5.12E-05,1.50E-05,7.82E-05,1.97E-05,5.31E-05,-1.45E-04,6.43E-05,1.24E-04,3.06E-05,-9.12E-05,1.13E-04,3.32E-04,1.38E-04,1.58E-04,1.24E-04,-6.22E-05,1.72E-04,1.98E-04,-4.15E-05,-1.79E-04
1130,-2.12E-06,5.92E-05,1.23E-04,5.25E-05,8.87E-05,-1.17E-04,1.10E-04,1.69E-04,6.08E-05,-6.34E-05,1.44E-04,3.72E-04,1.69E-04,1.80E-04,1.55E-04,-4.16E-05,2.09E-04,2.25E-04,-1.59E-05,-1.60E-04
1131,4.60E-05,1.03E-04,1.67E-04,8.49E-05,1.23E-04,-9.06E-05,1.54E-04,2.12E-04,8.98E-05,-3.71E-05,1.75E-04,4.11E-04,2.00E-04,2.01E-04,1.84E-04,-2.22E-05,2.45E-04,2.51E-04,8.68E-06,-1.42E-04
1132,9.30E-05,1.45E-04,2.09E-04,1.16E-04,1.55E-04,-6.51E-05,1.97E-04,2.54E-04,1.17E-04,-1.25E-05,2.05E-04,4.49E-04,2.30E-04,2.21E-04,2.13E-04,-4.06E-06,2.80E-04,2.76E-04,3.21E-05,-1.24E-04
1133,1.38E-04,1.87E-04,2.50E-04,1.47E-04,1.86E-04,-4.10E-05,2.38E-04,2.94E-04,1.44E-04,1.05E-05,2.35E-04,4.85E-04,2.59E-04,2.41E-04,2.40E-04,1.29E-05,3.15E-04,2.99E-04,5.43E-05,-1.08E-04
1134,1.82E-04,2.27E-04,2.88E-04,1.76E-04,2.14E-04,-1.84E-05,2.78E-04,3.32E-04,1.69E-04,3.19E-05,2.64E-04,5.19E-04,2.86E-04,2.60E-04,2.65E-04,2.86E-05,3.48E-04,3.22E-04,7.49E-05,-9.24E-05
1135,2.24E-04,2.66E-04,3.25E-04,2.04E-04,2.41E-04,2.77E-06,3.17E-04,3.69E-04,1.92E-04,5.19E-05,2.91E-04,5.51E-04,3.12E-04,2.77E-04,2.88E-04,4.31E-05,3.80E-04,3.43E-04,9.39E-05,-7.85E-05
1136,2.64E-04,3.03E-04,3.61E-04,2.31E-04,2.65E-04,2.23E-05,3.53E-04,4.03E-04,2.15E-04,7.04E-05,3.17E-04,5.81E-04,3.36E-04,2.93E-04,3.09E-04,5.66E-05,4.10E-04,3.62E-04,1.11E-04,-6.62E-05
1137,3.01E-04,3.38E-04,3.94E-04,2.56E-04,2.88E-04,4.03E-05,3.87E-04,4.35E-04,2.36E-04,8.75E-05,3.41E-04,6.08E-04,3.58E-04,3.08E-04,3.28E-04,6.90E-05,4.39E-04,3.80E-04,1.27E-04,-5.54E-05
1138,3.36E-04,3.71E-04,4.26E-04,2.79E-04,3.09E-04,5.65E-05,4.19E-04,4.65E-04,2.55E-04,1.03E-04,3.63E-04,6.33E-04,3.78E-04,3.22E-04,3.45E-04,8.05E-05,4.65E-04,3.96E-04,1.40E-04,-4.64E-05
1139,3.68E-04,4.02E-04,4.55E-04,3.00E-04,3.27E-04,7.11E-05,4.49E-04,4.94E-04,2.74E-04,1.18E-04,3.83E-04,6.54E-04,3.96E-04,3.34E-04,3.59E-04,9.12E-05,4.90E-04,4.10E-04,1.52E-04,-3.92E-05
1140,3.97E-04,4.30E-04,4.83E-04,3.19E-04,3.44E-04,8.39E-05,4.77E-04,5.20E-04,2.91E-04,1.31E-04,4.00E-04,6.73E-04,4.11E-04,3.44E-04,3.72E-04,1.01E-04,5.12E-04,4.23E-04,1.62E-04,-3.38E-05
1141,4.24E-04,4.56E-04,5.09E-04,3.36E-04,3.60E-04,9.51E-05,5.03E-04,5.45E-04,3.07E-04,1.43E-04,4.16E-04,6.89E-04,4.25E-04,3.54E-04,3.82E-04,1.10E-04,5.32E-04,4.33E-04,1.69E-04,-3.02E-05
1142,4.47E-04,4.80E-04,5.33E-04,3.51E-04,3.73E-04,1.05E-04,5.26E-04,5.67E-04,3.22E-04,1.54E-04,4.29E-04,7.01E-04,4.36E-04,3.62E-04,3.90E-04,1.18E-04,5.50E-04,4.42E-04,1.75E-04,-2.83E-05
1143,4.67E-04,5.01E-04,5.55E-04,3.64E-04,3.85E-04,1.12E-04,5.47E-04,5.88E-04,3.35E-04,1.64E-04,4.39E-04,7.11E-04,4.44E-04,3.68E-04,3.96E-04,1.25E-04,5.65E-04,4.50E-04,1.79E-04,-2.81E-05
1144,4.84E-04,5.19E-04,5.75E-04,3.75E-04,3.95E-04,1.18E-04,5.65E-04,6.07E-04,3.47E-04,1.72E-04,4.47E-04,7.18E-04,4.50E-04,3.73E-04,4.00E-04,1.30E-04,5.78E-04,4.55E-04,1.81E-04,-2.94E-05
1145,4.97E-04,5.35E-04,5.93E-04,3.83E-04,4.03E-04,1.23E-04,5.81E-04,6.23E-04,3.58E-04,1.79E-04,4.52E-04,7.22E-04,4.54E-04,3.76E-04,4.02E-04,1.35E-04,5.88E-04,4.59E-04,1.81E-04,-3.21E-05
1146,5.06E-04,5.49E-04,6.08E-04,3.90E-04,4.10E-04,1.26E-04,5.94E-04,6.38E-04,3.67E-04,1.85E-04,4.55E-04,7.24E-04,4.56E-04,3.78E-04,4.02E-04,1.38E-04,5.96E-04,4.61E-04,1.79E-04,-3.61E-05
1147,5.11E-04,5.59E-04,6.21E-04,3.93E-04,4.15E-04,1.27E-04,6.05E-04,6.50E-04,3.75E-04,1.90E-04,4.55E-04,7.22E-04,4.55E-04,3.79E-04,4.01E-04,1.40E-04,6.02E-04,4.61E-04,1.76E-04,-4.12E-05
1148,5.13E-04,5.68E-04,6.31E-04,3.95E-04,4.17E-04,1.27E-04,6.14E-04,6.60E-04,3.82E-04,1.93E-04,4.53E-04,7.19E-04,4.53E-04,3.78E-04,3.98E-04,1.40E-04,6.05E-04,4.60E-04,1.71E-04,-4.72E-05
1149,5.11E-04,5.73E-04,6.38E-04,3.94E-04,4.18E-04,1.25E-04,6.19E-04,6.68E-04,3.87E-04,1.94E-04,4.49E-04,7.13E-04,4.48E-04,3.76E-04,3.93E-04,1.37E-04,6.06E-04,4.58E-04,1.64E-04,-5.40E-05
1150,5.06E-04,5.77E-04,6.42E-04,3.92E-04,4.17E-04,1.21E-04,6.22E-04,6.73E-04,3.91E-04,1.94E-04,4.43E-04,7.05E-04,4.42E-04,3.72E-04,3.87E-04,1.33E-04,6.04E-04,4.54E-04,1.56E-04,-6.16E-05
1151,4.97E-04,5.78E-04,6.43E-04,3.87E-04,4.13E-04,1.17E-04,6.23E-04,6.75E-04,3.93E-04,1.93E-04,4.34E-04,6.95E-04,4.34E-04,3.67E-04,3.79E-04,1.27E-04,6.00E-04,4.48E-04,1.46E-04,-6.97E-05
1152,4.84E-04,5.76E-04,6.40E-04,3.80E-04,4.07E-04,1.10E-04,6.21E-04,6.75E-04,3.93E-04,1.90E-04,4.24E-04,6.83E-04,4.24E-04,3.60E-04,3.70E-04,1.18E-04,5.94E-04,4.41E-04,1.35E-04,-7.82E-05
1153,4.68E-04,5.73E-04,6.35E-04,3.71E-04,3.99E-04,1.03E-04,6.16E-04,6.71E-04,3.92E-04,1.86E-04,4.12E-04,6.69E-04,4.13E-04,3.52E-04,3.60E-04,1.08E-04,5.85E-04,4.33E-04,1.24E-04,-8.72E-05
1154,4.49E-04,5.67E-04,6.26E-04,3.61E-04,3.89E-04,9.39E-05,6.09E-04,6.65E-04,3.89E-04,1.81E-04,3.98E-04,6.53E-04,4.00E-04,3.43E-04,3.48E-04,9.47E-05,5.74E-04,4.24E-04,1.11E-04,-9.64E-05
1155,4.27E-04,5.59E-04,6.14E-04,3.49E-04,3.77E-04,8.38E-05,5.99E-04,6.57E-04,3.85E-04,1.74E-04,3.83E-04,6.36E-04,3.86E-04,3.33E-04,3.35E-04,7.98E-05,5.61E-04,4.13E-04,9.72E-05,-1.06E-04
1156,4.03E-04,5.49E-04,5.99E-04,3.35E-04,3.63E-04,7.27E-05,5.87E-04,6.45E-04,3.78E-04,1.66E-04,3.67E-04,6.16E-04,3.71E-04,3.21E-04,3.20E-04,6.31E-05,5.46E-04,4.02E-04,8.30E-05,-1.15E-04
1157,3.76E-04,5.36E-04,5.81E-04,3.20E-04,3.47E-04,6.05E-05,5.73E-04,6.31E-04,3.70E-04,1.57E-04,3.50E-04,5.96E-04,3.55E-04,3.08E-04,3.05E-04,4.48E-05,5.29E-04,3.89E-04,6.84E-05,-1.25E-04
1158,3.48E-04,5.22E-04,5.60E-04,3.05E-04,3.29E-04,4.75E-05,5.57E-04,6.15E-04,3.60E-04,1.47E-04,3.32E-04,5.73E-04,3.37E-04,2.95E-04,2.88E-04,2.51E-05,5.11E-04,3.76E-04,5.36E-05,-1.35E-04
1159,3.19E-04,5.06E-04,5.38E-04,2.88E-04,3.10E-04,3.38E-05,5.40E-04,5.96E-04,3.49E-04,1.36E-04,3.13E-04,5.50E-04,3.19E-04,2.81E-04,2.70E-04,4.46E-06,4.91E-04,3.61E-04,3.88E-05,-1.44E-04
1160,2.88E-04,4.88E-04,5.14E-04,2.71E-04,2.90E-04,1.95E-05,5.20E-04,5.75E-04,3.36E-04,1.24E-04,2.94E-04,5.25E-04,3.01E-04,2.66E-04,2.52E-04,-1.69E-05,4.69E-04,3.46E-04,2.42E-05,-1.53E-04
1161,2.57E-04,4.69E-04,4.88E-04,2.53E-04,2.70E-04,4.80E-06,4.99E-04,5.52E-04,3.21E-04,1.12E-04,2.75E-04,4.99E-04,2.82E-04,2.51E-04,2.32E-04,-3.87E-05,4.46E-04,3.30E-04,9.87E-06,-1.62E-04
1162,2.26E-04,4.48E-04,4.61E-04,2.36E-04,2.49E-04,-1.01E-05,4.77E-04,5.27E-04,3.06E-04,1.00E-04,2.55E-04,4.72E-04,2.62E-04,2.36E-04,2.12E-04,-6.05E-05,4.22E-04,3.14E-04,-3.92E-06,-1.70E-04
1163,1.95E-04,4.26E-04,4.33E-04,2.18E-04,2.28E-04,-2.50E-05,4.54E-04,5.01E-04,2.89E-04,8.76E-05,2.35E-04,4.44E-04,2.43E-04,2.21E-04,1.92E-04,-8.21E-05,3.98E-04,2.97E-04,-1.71E-05,-1.77E-04
1164,1.65E-04,4.02E-04,4.06E-04,2.01E-04,2.07E-04,-3.98E-05,4.30E-04,4.75E-04,2.71E-04,7.53E-05,2.16E-04,4.16E-04,2.23E-04,2.06E-04,1.71E-04,-1.03E-04,3.73E-04,2.81E-04,-2.95E-05,-1.83E-04
1165,1.35E-04,3.78E-04,3.78E-04,1.84E-04,1.87E-04,-5.42E-05,4.06E-04,4.47E-04,2.53E-04,6.32E-05,1.97E-04,3.88E-04,2.04E-04,1.92E-04,1.51E-04,-1.24E-04,3.48E-04,2.64E-04,-4.11E-05,-1.88E-04
1166,1.06E-04,3.53E-04,3.50E-04,1.67E-04,1.67E-04,-6.82E-05,3.81E-04,4.19E-04,2.35E-04,5.14E-05,1.79E-04,3.60E-04,1.85E-04,1.79E-04,1.30E-04,-1.43E-04,3.22E-04,2.47E-04,-5.18E-05,-1.92E-04
1167,7.79E-05,3.28E-04,3.22E-04,1.51E-04,1.47E-04,-8.16E-05,3.56E-04,3.90E-04,2.16E-04,4.00E-05,1.61E-04,3.33E-04,1.67E-04,1.66E-04,1.09E-04,-1.62E-04,2.97E-04,2.30E-04,-6.17E-05,-1.94E-04
1168,5.13E-05,3.03E-04,2.95E-04,1.36E-04,1.29E-04,-9.43E-05,3.31E-04,3.62E-04,1.97E-04,2.92E-05,1.45E-04,3.06E-04,1.50E-04,1.55E-04,8.92E-05,-1.79E-04,2.72E-04,2.14E-04,-7.06E-05,-1.95E-04
1169,2.61E-05,2.78E-04,2.69E-04,1.22E-04,1.11E-04,-1.06E-04,3.06E-04,3.33E-04,1.78E-04,1.89E-05,1.29E-04,2.79E-04,1.33E-04,1.44E-04,6.93E-05,-1.95E-04,2.48E-04,1.98E-04,-7.88E-05,-1.94E-04
1170,2.41E-06,2.53E-04,2.44E-04,1.09E-04,9.46E-05,-1.17E-04,2.80E-04,3.04E-04,1.59E-04,9.17E-06,1.14E-04,2.54E-04,1.17E-04,1.34E-04,4.97E-05,-2.10E-04,2.24E-04,1.82E-04,-8.62E-05,-1.92E-04
1171,-1.98E-05,2.29E-04,2.19E-04,9.63E-05,7.85E-05,-1.27E-04,2.55E-04,2.75E-04,1.40E-04,-1.02E-08,1.00E-04,2.30E-04,1.02E-04,1.25E-04,3.06E-05,-2.24E-04,2.01E-04,1.66E-04,-9.30E-05,-1.89E-04
1172,-4.05E-05,2.05E-04,1.95E-04,8.46E-05,6.31E-05,-1.36E-04,2.30E-04,2.47E-04,1.22E-04,-8.71E-06,8.72E-05,2.07E-04,8.84E-05,1.17E-04,1.19E-05,-2.37E-04,1.79E-04,1.51E-04,-9.92E-05,-1.84E-04
1173,-5.98E-05,1.82E-04,1.71E-04,7.38E-05,4.82E-05,-1.45E-04,2.06E-04,2.19E-04,1.04E-04,-1.70E-05,7.52E-05,1.85E-04,7.54E-05,1.10E-04,-6.41E-06,-2.49E-04,1.58E-04,1.37E-04,-1.05E-04,-1.79E-04
1174,-7.76E-05,1.60E-04,1.48E-04,6.37E-05,3.38E-05,-1.52E-04,1.81E-04,1.90E-04,8.57E-05,-2.50E-05,6.43E-05,1.64E-04,6.34E-05,1.03E-04,-2.44E-05,-2.60E-04,1.37E-04,1.23E-04,-1.10E-04,-1.72E-04
1175,-9.40E-05,1.38E-04,1.26E-04,5.43E-05,1.96E-05,-1.59E-04,1.57E-04,1.62E-04,6.78E-05,-3.28E-05,5.42E-05,1.45E-04,5.22E-05,9.69E-05,-4.22E-05,-2.71E-04,1.17E-04,1.09E-04,-1.16E-04,-1.65E-04
1176,-1.09E-04,1.18E-04,1.03E-04,4.54E-05,5.59E-06,-1.65E-04,1.33E-04,1.34E-04,5.00E-05,-4.05E-05,4.49E-05,1.27E-04,4.18E-05,9.09E-05,-5.98E-05,-2.81E-04,9.78E-05,9.58E-05,-1.21E-04,-1.57E-04
1177,-1.23E-04,9.86E-05,8.17E-05,3.70E-05,-8.30E-06,-1.70E-04,1.10E-04,1.07E-04,3.22E-05,-4.83E-05,3.63E-05,1.10E-04,3.19E-05,8.50E-05,-7.72E-05,-2.90E-04,7.93E-05,8.28E-05,-1.26E-04,-1.50E-04
1178,-1.36E-04,8.02E-05,6.04E-05,2.90E-05,-2.21E-05,-1.75E-04,8.73E-05,7.90E-05,1.43E-05,-5.64E-05,2.82E-05,9.40E-05,2.26E-05,7.91E-05,-9.45E-05,-2.99E-04,6.15E-05,7.02E-05,-1.31E-04,-1.42E-04
1179,-1.49E-04,6.26E-05,3.94E-05,2.13E-05,-3.59E-05,-1.80E-04,6.50E-05,5.18E-05,-3.60E-06,-6.47E-05,2.06E-05,7.90E-05,1.37E-05,7.30E-05,-1.12E-04,-3.07E-04,4.43E-05,5.79E-05,-1.36E-04,-1.34E-04
1180,-1.60E-04,4.58E-05,1.88E-05,1.37E-05,-4.97E-05,-1.84E-04,4.32E-05,2.49E-05,-2.16E-05,-7.34E-05,1.33E-05,6.47E-05,4.97E-06,6.66E-05,-1.29E-04,-3.15E-04,2.76E-05,4.60E-05,-1.41E-04,-1.27E-04
1181,-1.71E-04,2.98E-05,-1.24E-06,6.25E-06,-6.32E-05,-1.88E-04,2.22E-05,-1.32E-06,-3.96E-05,-8.25E-05,6.25E-06,5.11E-05,-3.63E-06,5.99E-05,-1.46E-04,-3.23E-04,1.15E-05,3.43E-05,-1.46E-04,-1.21E-04
1182,-1.81E-04,1.44E-05,-2.08E-05,-1.24E-06,-7.66E-05,-1.92E-04,1.88E-06,-2.69E-05,-5.77E-05,-9.21E-05,-7.33E-07,3.81E-05,-1.22E-05,5.28E-05,-1.62E-04,-3.30E-04,-4.02E-06,2.29E-05,-1.52E-04,-1.15E-04
1183,-1.91E-04,-2.84E-07,-3.97E-05,-8.80E-06,-8.96E-05,-1.97E-04,-1.76E-05,-5.15E-05,-7.57E-05,-1.02E-04,-7.71E-06,2.55E-05,-2.09E-05,4.53E-05,-1.79E-04,-3.37E-04,-1.91E-05,1.17E-05,-1.58E-04,-1.09E-04
1184,-2.00E-04,-1.44E-05,-5.79E-05,-1.65E-05,-1.02E-04,-2.01E-04,-3.62E-05,-7.51E-05,-9.35E-05,-1.13E-04,-1.48E-05,1.34E-05,-2.98E-05,3.75E-05,-1.95E-04,-3.44E-04,-3.37E-05,8.18E-07,-1.63E-04,-1.04E-04
1185,-2.10E-04,-2.81E-05,-7.52E-05,-2.44E-05,-1.14E-04,-2.05E-04,-5.38E-05,-9.74E-05,-1.11E-04,-1.24E-04,-2.20E-05,1.59E-06,-3.89E-05,2.93E-05,-2.10E-04,-3.50E-04,-4.77E-05,-9.89E-06,-1.69E-04,-1.00E-04
1186,-2.19E-04,-4.13E-05,-9.18E-05,-3.25E-05,-1.25E-04,-2.09E-04,-7.05E-05,-1.18E-04,-1.28E-04,-1.35E-04,-2.94E-05,-9.86E-06,-4.83E-05,2.09E-05,-2.24E-04,-3.56E-04,-6.13E-05,-2.04E-05,-1.75E-04,-9.62E-05
1187,-2.28E-04,-5.42E-05,-1.07E-04,-4.09E-05,-1.36E-04,-2.13E-04,-8.63E-05,-1.38E-04,-1.45E-04,-1.46E-04,-3.70E-05,-2.10E-05,-5.79E-05,1.24E-05,-2.38E-04,-3.62E-04,-7.44E-05,-3.08E-05,-1.81E-04,-9.28E-05
1188,-2.38E-04,-6.66E-05,-1.22E-04,-4.97E-05,-1.45E-04,-2.18E-04,-1.01E-04,-1.56E-04,-1.61E-04,-1.58E-04,-4.49E-05,-3.18E-05,-6.78E-05,3.73E-06,-2.51E-04,-3.68E-04,-8.71E-05,-4.11E-05,-1.87E-04,-8.98E-05
1189,-2.48E-04,-7.87E-05,-1.36E-04,-5.88E-05,-1.54E-04,-2.22E-04,-1.15E-04,-1.73E-04,-1.76E-04,-1.69E-04,-5.31E-05,-4.24E-05,-7.80E-05,-4.89E-06,-2.63E-04,-3.74E-04,-9.93E-05,-5.14E-05,-1.94E-04,-8.71E-05
1190,-2.58E-04,-9.06E-05,-1.50E-04,-6.82E-05,-1.62E-04,-2.26E-04,-1.29E-04,-1.88E-04,-1.90E-04,-1.81E-04,-6.16E-05,-5.27E-05,-8.84E-05,-1.34E-05,-2.74E-04,-3.79E-04,-1.11E-04,-6.18E-05,-2.00E-04,-8.48E-05
1191,-2.69E-04,-1.02E-04,-1.62E-04,-7.80E-05,-1.69E-04,-2.30E-04,-1.41E-04,-2.02E-04,-2.04E-04,-1.93E-04,-7.05E-05,-6.27E-05,-9.89E-05,-2.19E-05,-2.83E-04,-3.85E-04,-1.23E-04,-7.23E-05,-2.07E-04,-8.28E-05
1192,-2.80E-04,-1.14E-04,-1.75E-04,-8.83E-05,-1.75E-04,-2.34E-04,-1.54E-04,-2.15E-04,-2.17E-04,-2.04E-04,-7.97E-05,-7.26E-05,-1.10E-04,-3.01E-05,-2.92E-04,-3.90E-04,-1.34E-04,-8.30E-05,-2.15E-04,-8.13E-05
1193,-2.92E-04,-1.25E-04,-1.87E-04,-9.90E-05,-1.82E-04,-2.38E-04,-1.66E-04,-2.28E-04,-2.29E-04,-2.16E-04,-8.93E-05,-8.24E-05,-1.21E-04,-3.83E-05,-3.00E-04,-3.96E-04,-1.45E-04,-9.40E-05,-2.22E-04,-8.04E-05
1194,-3.04E-04,-1.36E-04,-2.00E-04,-1.10E-04,-1.88E-04,-2.42E-04,-1.78E-04,-2.40E-04,-2.41E-04,-2.27E-04,-9.93E-05,-9.21E-05,-1.32E-04,-4.62E-05,-3.07E-04,-4.02E-04,-1.57E-04,-1.05E-04,-2.30E-04,-8.01E-05
1195,-3.17E-04,-1.47E-04,-2.13E-04,-1.22E-04,-1.94E-04,-2.46E-04,-1.90E-04,-2.52E-04,-2.53E-04,-2.38E-04,-1.10E-04,-1.02E-04,-1.43E-04,-5.41E-05,-3.13E-04,-4.08E-04,-1.68E-04,-1.17E-04,-2.39E-04,-8.06E-05
1196,-3.30E-04,-1.58E-04,-2.26E-04,-1.34E-04,-2.01E-04,-2.50E-04,-2.03E-04,-2.64E-04,-2.65E-04,-2.50E-04,-1.21E-04,-1.12E-04,-1.54E-04,-6.20E-05,-3.19E-04,-4.15E-04,-1.79E-04,-1.30E-04,-2.48E-04,-8.20E-05
1197,-3.44E-04,-1.69E-04,-2.41E-04,-1.46E-04,-2.08E-04,-2.53E-04,-2.16E-04,-2.76E-04,-2.76E-04,-2.61E-04,-1.32E-04,-1.22E-04,-1.65E-04,-6.99E-05,-3.25E-04,-4.22E-04,-1.91E-04,-1.43E-04,-2.57E-04,-8.45E-05
1198,-3.59E-04,-1.80E-04,-2.56E-04,-1.59E-04,-2.16E-04,-2.57E-04,-2.29E-04,-2.90E-04,-2.89E-04,-2.73E-04,-1.44E-04,-1.33E-04,-1.77E-04,-7.79E-05,-3.30E-04,-4.30E-04,-2.04E-04,-1.56E-04,-2.68E-04,-8.80E-05
1199,-3.74E-04,-1.92E-04,-2.72E-04,-1.72E-04,-2.24E-04,-2.61E-04,-2.43E-04,-3.04E-04,-3.01E-04,-2.85E-04,-1.56E-04,-1.44E-04,-1.88E-04,-8.60E-05,-3.36E-04,-4.39E-04,-2.17E-04,-1.70E-04,-2.78E-04,-9.27E-05
1200,-3.90E-04,-2.04E-04,-2.90E-04,-1.85E-04,-2.34E-04,-2.65E-04,-2.58E-04,-3.19E-04,-3.14E-04,-2.98E-04,-1.69E-04,-1.55E-04,-2.00E-04,-9.44E-05,-3.42E-04,-4.48E-04,-2.30E-04,-1.84E-04,-2.89E-04,-9.85E-05
1201,-4.06E-04,-2.16E-04,-3.08E-04,-1.98E-04,-2.44E-04,-2.69E-04,-2.73E-04,-3.35E-04,-3.28E-04,-3.11E-04,-1.82E-04,-1.68E-04,-2.11E-04,-1.03E-04,-3.49E-04,-4.57E-04,-2.44E-04,-1.99E-04,-3.01E-04,-1.05E-04
1202,-4.23E-04,-2.29E-04,-3.27E-04,-2.12E-04,-2.56E-04,-2.73E-04,-2.89E-04,-3.52E-04,-3.43E-04,-3.24E-04,-1.96E-04,-1.80E-04,-2.23E-04,-1.12E-04,-3.56E-04,-4.67E-04,-2.58E-04,-2.14E-04,-3.12E-04,-1.13E-04
1203,-4.40E-04,-2.42E-04,-3.47E-04,-2.25E-04,-2.68E-04,-2.78E-04,-3.05E-04,-3.70E-04,-3.59E-04,-3.38E-04,-2.10E-04,-1.94E-04,-2.35E-04,-1.21E-04,-3.63E-04,-4.78E-04,-2.73E-04,-2.29E-04,-3.24E-04,-1.21E-04
1204,-4.57E-04,-2.55E-04,-3.67E-04,-2.38E-04,-2.80E-04,-2.84E-04,-3.22E-04,-3.88E-04,-3.75E-04,-3.53E-04,-2.24E-04,-2.08E-04,-2.47E-04,-1.30E-04,-3.72E-04,-4.89E-04,-2.88E-04,-2.44E-04,-3.36E-04,-1.29E-04
1205,-4.74E-04,-2.68E-04,-3.88E-04,-2.51E-04,-2.93E-04,-2.90E-04,-3.38E-04,-4.07E-04,-3.91E-04,-3.68E-04,-2.39E-04,-2.22E-04,-2.59E-04,-1.40E-04,-3.80E-04,-4.99E-04,-3.03E-04,-2.59E-04,-3.47E-04,-1.37E-04
1206,-4.91E-04,-2.82E-04,-4.08E-04,-2.64E-04,-3.06E-04,-2.96E-04,-3.54E-04,-4.26E-04,-4.08E-04,-3.82E-04,-2.53E-04,-2.37E-04,-2.71E-04,-1.49E-04,-3.89E-04,-5.10E-04,-3.18E-04,-2.74E-04,-3.58E-04,-1.45E-04
1207,-5.08E-04,-2.96E-04,-4.28E-04,-2.75E-04,-3.18E-04,-3.03E-04,-3.70E-04,-4.44E-04,-4.24E-04,-3.97E-04,-2.67E-04,-2.52E-04,-2.83E-04,-1.58E-04,-3.98E-04,-5.21E-04,-3.34E-04,-2.88E-04,-3.69E-04,-1.52E-04
1208,-5.25E-04,-3.09E-04,-4.48E-04,-2.86E-04,-3.30E-04,-3.11E-04,-3.85E-04,-4.61E-04,-4.41E-04,-4.12E-04,-2.80E-04,-2.66E-04,-2.95E-04,-1.67E-04,-4.07E-04,-5.32E-04,-3.48E-04,-3.01E-04,-3.78E-04,-1.57E-04
1209,-5.41E-04,-3.23E-04,-4.67E-04,-2.96E-04,-3.41E-04,-3.18E-04,-3.99E-04,-4.77E-04,-4.56E-04,-4.26E-04,-2.93E-04,-2.81E-04,-3.06E-04,-1.76E-04,-4.16E-04,-5.42E-04,-3.63E-04,-3.13E-04,-3.86E-04,-1.61E-04
1210,-5.57E-04,-3.37E-04,-4.84E-04,-3.05E-04,-3.51E-04,-3.26E-04,-4.12E-04,-4.92E-04,-4.71E-04,-4.39E-04,-3.05E-04,-2.94E-04,-3.16E-04,-1.84E-04,-4.25E-04,-5.52E-04,-3.76E-04,-3.24E-04,-3.94E-04,-1.63E-04
1211,-5.72E-04,-3.50E-04,-5.00E-04,-3.13E-04,-3.60E-04,-3.34E-04,-4.24E-04,-5.05E-04,-4.84E-04,-4.51E-04,-3.16E-04,-3.08E-04,-3.26E-04,-1.91E-04,-4.32E-04,-5.60E-04,-3.89E-04,-3.35E-04,-3.99E-04,-1.63E-04
1212,-5.86E-04,-3.63E-04,-5.15E-04,-3.20E-04,-3.66E-04,-3.41E-04,-4.35E-04,-5.16E-04,-4.96E-04,-4.62E-04,-3.26E-04,-3.20E-04,-3.35E-04,-1.98E-04,-4.39E-04,-5.68E-04,-4.01E-04,-3.44E-04,-4.04E-04,-1.61E-04
1213,-5.99E-04,-3.75E-04,-5.28E-04,-3.25E-04,-3.72E-04,-3.48E-04,-4.45E-04,-5.26E-04,-5.06E-04,-4.71E-04,-3.35E-04,-3.31E-04,-3.43E-04,-2.04E-04,-4.45E-04,-5.75E-04,-4.12E-04,-3.52E-04,-4.07E-04,-1.57E-04
1214,-6.12E-04,-3.87E-04,-5.40E-04,-3.29E-04,-3.75E-04,-3.55E-04,-4.54E-04,-5.34E-04,-5.14E-04,-4.79E-04,-3.42E-04,-3.41E-04,-3.50E-04,-2.08E-04,-4.49E-04,-5.80E-04,-4.22E-04,-3.59E-04,-4.08E-04,-1.51E-04
1215,-6.23E-04,-3.99E-04,-5.50E-04,-3.31E-04,-3.77E-04,-3.60E-04,-4.61E-04,-5.40E-04,-5.21E-04,-4.85E-04,-3.48E-04,-3.50E-04,-3.56E-04,-2.12E-04,-4.53E-04,-5.84E-04,-4.31E-04,-3.65E-04,-4.08E-04,-1.44E-04
1216,-6.33E-04,-4.10E-04,-5.60E-04,-3.32E-04,-3.78E-04,-3.65E-04,-4.68E-04,-5.45E-04,-5.25E-04,-4.89E-04,-3.53E-04,-3.58E-04,-3.61E-04,-2.15E-04,-4.55E-04,-5.87E-04,-4.40E-04,-3.71E-04,-4.07E-04,-1.35E-04
1217,-6.42E-04,-4.21E-04,-5.67E-04,-3.32E-04,-3.77E-04,-3.68E-04,-4.74E-04,-5.48E-04,-5.28E-04,-4.91E-04,-3.57E-04,-3.65E-04,-3.65E-04,-2.16E-04,-4.55E-04,-5.87E-04,-4.47E-04,-3.75E-04,-4.04E-04,-1.26E-04
1218,-6.49E-04,-4.31E-04,-5.74E-04,-3.31E-04,-3.75E-04,-3.69E-04,-4.80E-04,-5.51E-04,-5.30E-04,-4.91E-04,-3.59E-04,-3.71E-04,-3.67E-04,-2.17E-04,-4.55E-04,-5.86E-04,-4.54E-04,-3.79E-04,-4.00E-04,-1.16E-04
1219,-6.56E-04,-4.40E-04,-5.80E-04,-3.28E-04,-3.72E-04,-3.69E-04,-4.84E-04,-5.53E-04,-5.30E-04,-4.90E-04,-3.60E-04,-3.75E-04,-3.69E-04,-2.17E-04,-4.53E-04,-5.83E-04,-4.60E-04,-3.83E-04,-3.94E-04,-1.06E-04
1220,-6.60E-04,-4.50E-04,-5.86E-04,-3.24E-04,-3.69E-04,-3.67E-04,-4.89E-04,-5.55E-04,-5.29E-04,-4.86E-04,-3.61E-04,-3.79E-04,-3.69E-04,-2.16E-04,-4.50E-04,-5.79E-04,-4.66E-04,-3.85E-04,-3.88E-04,-9.59E-05
1221,-6.63E-04,-4.58E-04,-5.90E-04,-3.19E-04,-3.65E-04,-3.64E-04,-4.93E-04,-5.57E-04,-5.27E-04,-4.82E-04,-3.60E-04,-3.82E-04,-3.69E-04,-2.14E-04,-4.46E-04,-5.72E-04,-4.71E-04,-3.88E-04,-3.81E-04,-8.66E-05
1222,-6.65E-04,-4.67E-04,-5.94E-04,-3.13E-04,-3.60E-04,-3.59E-04,-4.97E-04,-5.59E-04,-5.24E-04,-4.76E-04,-3.59E-04,-3.85E-04,-3.68E-04,-2.11E-04,-4.41E-04,-5.64E-04,-4.75E-04,-3.90E-04,-3.73E-04,-7.79E-05
1223,-6.65E-04,-4.75E-04,-5.97E-04,-3.07E-04,-3.55E-04,-3.52E-04,-5.01E-04,-5.61E-04,-5.21E-04,-4.69E-04,-3.57E-04,-3.87E-04,-3.66E-04,-2.08E-04,-4.36E-04,-5.54E-04,-4.80E-04,-3.91E-04,-3.64E-04,-7.00E-05
1224,-6.64E-04,-4.82E-04,-6.00E-04,-2.99E-04,-3.50E-04,-3.44E-04,-5.05E-04,-5.63E-04,-5.18E-04,-4.61E-04,-3.55E-04,-3.89E-04,-3.63E-04,-2.04E-04,-4.29E-04,-5.42E-04,-4.84E-04,-3.92E-04,-3.55E-04,-6.28E-05
1225,-6.61E-04,-4.89E-04,-6.02E-04,-2.91E-04,-3.45E-04,-3.35E-04,-5.08E-04,-5.66E-04,-5.15E-04,-4.53E-04,-3.52E-04,-3.90E-04,-3.60E-04,-2.00E-04,-4.22E-04,-5.29E-04,-4.88E-04,-3.92E-04,-3.46E-04,-5.61E-05
1226,-6.57E-04,-4.96E-04,-6.04E-04,-2.83E-04,-3.40E-04,-3.24E-04,-5.12E-04,-5.69E-04,-5.11E-04,-4.45E-04,-3.49E-04,-3.91E-04,-3.57E-04,-1.96E-04,-4.14E-04,-5.15E-04,-4.91E-04,-3.92E-04,-3.36E-04,-4.98E-05
1227,-6.51E-04,-5.01E-04,-6.04E-04,-2.74E-04,-3.34E-04,-3.13E-04,-5.14E-04,-5.71E-04,-5.08E-04,-4.37E-04,-3.45E-04,-3.92E-04,-3.53E-04,-1.91E-04,-4.06E-04,-5.00E-04,-4.94E-04,-3.91E-04,-3.27E-04,-4.36E-05
1228,-6.44E-04,-5.06E-04,-6.03E-04,-2.64E-04,-3.28E-04,-3.01E-04,-5.17E-04,-5.74E-04,-5.05E-04,-4.28E-04,-3.40E-04,-3.92E-04,-3.48E-04,-1.85E-04,-3.96E-04,-4.84E-04,-4.97E-04,-3.90E-04,-3.17E-04,-3.71E-05
1229,-6.36E-04,-5.09E-04,-6.01E-04,-2.54E-04,-3.22E-04,-2.89E-04,-5.18E-04,-5.76E-04,-5.02E-04,-4.20E-04,-3.35E-04,-3.92E-04,-3.43E-04,-1.80E-04,-3.86E-04,-4.67E-04,-4.99E-04,-3.88E-04,-3.08E-04,-2.99E-05
1230,-6.27E-04,-5.12E-04,-5.98E-04,-2.43E-04,-3.15E-04,-2.76E-04,-5.19E-04,-5.77E-04,-4.99E-04,-4.12E-04,-3.29E-04,-3.91E-04,-3.38E-04,-1.74E-04,-3.75E-04,-4.50E-04,-5.00E-04,-3.84E-04,-2.98E-04,-2.19E-05
1231,-6.17E-04,-5.13E-04,-5.94E-04,-2.32E-04,-3.07E-04,-2.62E-04,-5.19E-04,-5.78E-04,-4.95E-04,-4.04E-04,-3.23E-04,-3.90E-04,-3.33E-04,-1.67E-04,-3.63E-04,-4.34E-04,-5.00E-04,-3.80E-04,-2.89E-04,-1.26E-05
1232,-6.06E-04,-5.13E-04,-5.88E-04,-2.21E-04,-2.98E-04,-2.49E-04,-5.18E-04,-5.77E-04,-4.92E-04,-3.96E-04,-3.15E-04,-3.88E-04,-3.27E-04,-1.60E-04,-3.50E-04,-4.17E-04,-4.99E-04,-3.75E-04,-2.80E-04,-2.07E-06
1233,-5.95E-04,-5.11E-04,-5.80E-04,-2.10E-04,-2.88E-04,-2.35E-04,-5.16E-04,-5.74E-04,-4.87E-04,-3.88E-04,-3.07E-04,-3.86E-04,-3.21E-04,-1.53E-04,-3.36E-04,-4.01E-04,-4.98E-04,-3.70E-04,-2.71E-04,9.83E-06
1234,-5.82E-04,-5.07E-04,-5.71E-04,-1.98E-04,-2.78E-04,-2.20E-04,-5.14E-04,-5.70E-04,-4.82E-04,-3.80E-04,-2.97E-04,-3.82E-04,-3.14E-04,-1.45E-04,-3.21E-04,-3.85E-04,-4.95E-04,-3.63E-04,-2.62E-04,2.30E-05
1235,-5.70E-04,-5.03E-04,-5.61E-04,-1.87E-04,-2.67E-04,-2.05E-04,-5.10E-04,-5.65E-04,-4.76E-04,-3.72E-04,-2.86E-04,-3.78E-04,-3.07E-04,-1.37E-04,-3.05E-04,-3.70E-04,-4.92E-04,-3.56E-04,-2.54E-04,3.71E-05
1236,-5.57E-04,-4.96E-04,-5.50E-04,-1.75E-04,-2.54E-04,-1.89E-04,-5.05E-04,-5.58E-04,-4.70E-04,-3.64E-04,-2.74E-04,-3.73E-04,-2.99E-04,-1.29E-04,-2.88E-04,-3.55E-04,-4.88E-04,-3.48E-04,-2.45E-04,5.19E-05
1237,-5.44E-04,-4.89E-04,-5.38E-04,-1.63E-04,-2.41E-04,-1.73E-04,-5.00E-04,-5.50E-04,-4.62E-04,-3.56E-04,-2.61E-04,-3.67E-04,-2.91E-04,-1.20E-04,-2.71E-04,-3.41E-04,-4.83E-04,-3.39E-04,-2.37E-04,6.69E-05
1238,-5.30E-04,-4.80E-04,-5.25E-04,-1.51E-04,-2.28E-04,-1.55E-04,-4.94E-04,-5.40E-04,-4.54E-04,-3.47E-04,-2.47E-04,-3.60E-04,-2.83E-04,-1.11E-04,-2.52E-04,-3.27E-04,-4.77E-04,-3.31E-04,-2.29E-04,8.15E-05
1239,-5.17E-04,-4.70E-04,-5.11E-04,-1.39E-04,-2.14E-04,-1.36E-04,-4.88E-04,-5.30E-04,-4.45E-04,-3.38E-04,-2.32E-04,-3.53E-04,-2.74E-04,-1.02E-04,-2.33E-04,-3.13E-04,-4.70E-04,-3.22E-04,-2.21E-04,9.53E-05
1240,-5.04E-04,-4.59E-04,-4.98E-04,-1.28E-04,-2.01E-04,-1.17E-04,-4.81E-04,-5.19E-04,-4.35E-04,-3.29E-04,-2.16E-04,-3.45E-04,-2.65E-04,-9.31E-05,-2.14E-04,-2.99E-04,-4.64E-04,-3.13E-04,-2.13E-04,1.08E-04
1241,-4.91E-04,-4.48E-04,-4.84E-04,-1.17E-04,-1.87E-04,-9.58E-05,-4.74E-04,-5.08E-04,-4.25E-04,-3.20E-04,-2.01E-04,-3.36E-04,-2.55E-04,-8.38E-05,-1.95E-04,-2.86E-04,-4.57E-04,-3.05E-04,-2.05E-04,1.18E-04
1242,-4.78E-04,-4.36E-04,-4.71E-04,-1.06E-04,-1.74E-04,-7.41E-05,-4.68E-04,-4.97E-04,-4.14E-04,-3.11E-04,-1.85E-04,-3.28E-04,-2.46E-04,-7.45E-05,-1.76E-04,-2.72E-04,-4.49E-04,-2.97E-04,-1.98E-04,1.26E-04
1243,-4.65E-04,-4.25E-04,-4.57E-04,-9.50E-05,-1.61E-04,-5.17E-05,-4.61E-04,-4.86E-04,-4.03E-04,-3.01E-04,-1.69E-04,-3.19E-04,-2.36E-04,-6.52E-05,-1.57E-04,-2.58E-04,-4.42E-04,-2.89E-04,-1.91E-04,1.32E-04
1244,-4.52E-04,-4.13E-04,-4.45E-04,-8.49E-05,-1.48E-04,-2.89E-05,-4.55E-04,-4.75E-04,-3.91E-04,-2.92E-04,-1.53E-04,-3.11E-04,-2.27E-04,-5.60E-05,-1.39E-04,-2.44E-04,-4.35E-04,-2.82E-04,-1.85E-04,1.35E-04
1245,-4.40E-04,-4.02E-04,-4.32E-04,-7.51E-05,-1.36E-04,-6.17E-06,-4.49E-04,-4.64E-04,-3.80E-04,-2.84E-04,-1.38E-04,-3.03E-04,-2.17E-04,-4.69E-05,-1.21E-04,-2.29E-04,-4.28E-04,-2.75E-04,-1.80E-04,1.36E-04
1246,-4.28E-04,-3.91E-04,-4.20E-04,-6.58E-05,-1.25E-04,1.61E-05,-4.43E-04,-4.54E-04,-3.69E-04,-2.76E-04,-1.24E-04,-2.95E-04,-2.08E-04,-3.79E-05,-1.04E-04,-2.13E-04,-4.21E-04,-2.68E-04,-1.75E-04,1.35E-04
1247,-4.15E-04,-3.80E-04,-4.08E-04,-5.70E-05,-1.14E-04,3.74E-05,-4.37E-04,-4.45E-04,-3.58E-04,-2.68E-04,-1.11E-04,-2.88E-04,-1.99E-04,-2.90E-05,-8.88E-05,-1.97E-04,-4.15E-04,-2.62E-04,-1.70E-04,1.32E-04
1248,-4.03E-04,-3.70E-04,-3.97E-04,-4.85E-05,-1.04E-04,5.72E-05,-4.31E-04,-4.36E-04,-3.47E-04,-2.62E-04,-9.87E-05,-2.81E-04,-1.91E-04,-2.02E-05,-7.41E-05,-1.81E-04,-4.08E-04,-2.56E-04,-1.67E-04,1.28E-04
1249,-3.90E-04,-3.60E-04,-3.85E-04,-4.03E-05,-9.40E-05,7.52E-05,-4.25E-04,-4.27E-04,-3.36E-04,-2.56E-04,-8.76E-05,-2.75E-04,-1.82E-04,-1.14E-05,-6.05E-05,-1.65E-04,-4.02E-04,-2.50E-04,-1.64E-04,1.24E-04
1250,-3.77E-04,-3.51E-04,-3.73E-04,-3.24E-05,-8.40E-05,9.09E-05,-4.18E-04,-4.18E-04,-3.26E-04,-2.51E-04,-7.74E-05,-2.69E-04,-1.74E-04,-2.64E-06,-4.79E-05,-1.48E-04,-3.95E-04,-2.44E-04,-1.62E-04,1.20E-04
1251,-3.64E-04,-3.42E-04,-3.61E-04,-2.46E-05,-7.39E-05,1.04E-04,-4.11E-04,-4.08E-04,-3.15E-04,-2.47E-04,-6.82E-05,-2.63E-04,-1.67E-04,6.15E-06,-3.63E-05,-1.31E-04,-3.88E-04,-2.38E-04,-1.61E-04,1.18E-04
1252,-3.50E-04,-3.34E-04,-3.47E-04,-1.70E-05,-6.32E-05,1.15E-04,-4.03E-04,-3.98E-04,-3.04E-04,-2.43E-04,-5.98E-05,-2.57E-04,-1.59E-04,1.50E-05,-2.55E-05,-1.15E-04,-3.81E-04,-2.31E-04,-1.59E-04,1.17E-04
1253,-3.36E-04,-3.25E-04,-3.33E-04,-9.35E-06,-5.20E-05,1.23E-04,-3.95E-04,-3.86E-04,-2.93E-04,-2.39E-04,-5.20E-05,-2.52E-04,-1.52E-04,2.39E-05,-1.55E-05,-9.86E-05,-3.73E-04,-2.24E-04,-1.58E-04,1.18E-04
1254,-3.21E-04,-3.16E-04,-3.18E-04,-1.62E-06,-3.98E-05,1.28E-04,-3.85E-04,-3.74E-04,-2.82E-04,-2.36E-04,-4.47E-05,-2.46E-04,-1.44E-04,3.30E-05,-6.02E-06,-8.31E-05,-3.64E-04,-2.16E-04,-1.56E-04,1.22E-04
1255,-3.05E-04,-3.07E-04,-3.01E-04,6.26E-06,-2.66E-05,1.33E-04,-3.74E-04,-3.59E-04,-2.70E-04,-2.32E-04,-3.75E-05,-2.39E-04,-1.37E-04,4.22E-05,2.93E-06,-6.81E-05,-3.54E-04,-2.07E-04,-1.54E-04,1.28E-04
1256,-2.89E-04,-2.97E-04,-2.83E-04,1.44E-05,-1.22E-05,1.36E-04,-3.61E-04,-3.43E-04,-2.57E-04,-2.27E-04,-3.04E-05,-2.33E-04,-1.29E-04,5.15E-05,1.15E-05,-5.38E-05,-3.44E-04,-1.97E-04,-1.51E-04,1.37E-04
1257,-2.72E-04,-2.87E-04,-2.63E-04,2.27E-05,3.46E-06,1.38E-04,-3.48E-04,-3.25E-04,-2.43E-04,-2.20E-04,-2.31E-05,-2.25E-04,-1.22E-04,6.08E-05,1.99E-05,-4.01E-05,-3.32E-04,-1.86E-04,-1.47E-04,1.47E-04
1258,-2.54E-04,-2.76E-04,-2.42E-04,3.14E-05,2.03E-05,1.42E-04,-3.33E-04,-3.05E-04,-2.27E-04,-2.12E-04,-1.54E-05,-2.17E-04,-1.14E-04,7.02E-05,2.81E-05,-2.69E-05,-3.20E-04,-1.75E-04,-1.41E-04,1.59E-04
1259,-2.35E-04,-2.64E-04,-2.19E-04,4.04E-05,3.84E-05,1.47E-04,-3.16E-04,-2.83E-04,-2.11E-04,-2.02E-04,-7.26E-06,-2.08E-04,-1.05E-04,7.97E-05,3.62E-05,-1.40E-05,-3.06E-04,-1.62E-04,-1.33E-04,1.71E-04
1260,-2.15E-04,-2.51E-04,-1.96E-04,4.96E-05,5.75E-05,1.55E-04,-2.99E-04,-2.59E-04,-1.93E-04,-1.90E-04,1.40E-06,-1.98E-04,-9.64E-05,8.90E-05,4.43E-05,-1.20E-06,-2.91E-04,-1.48E-04,-1.22E-04,1.83E-04
1261,-1.95E-04,-2.38E-04,-1.71E-04,5.91E-05,7.74E-05,1.66E-04,-2.80E-04,-2.33E-04,-1.74E-04,-1.75E-04,1.06E-05,-1.87E-04,-8.73E-05,9.82E-05,5.23E-05,1.18E-05,-2.76E-04,-1.33E-04,-1.10E-04,1.93E-04
1262,-1.74E-04,-2.23E-04,-1.46E-04,6.88E-05,9.80E-05,1.82E-04,-2.61E-04,-2.06E-04,-1.54E-04,-1.57E-04,2.03E-05,-1.76E-04,-7.78E-05,1.07E-04,6.02E-05,2.53E-05,-2.59E-04,-1.18E-04,-9.44E-05,2.00E-04
1263,-1.53E-04,-2.08E-04,-1.20E-04,7.85E-05,1.19E-04,2.04E-04,-2.40E-04,-1.78E-04,-1.32E-04,-1.37E-04,3.03E-05,-1.64E-04,-6.81E-05,1.16E-04,6.79E-05,3.95E-05,-2.43E-04,-1.02E-04,-7.67E-05,2.04E-04
1264,-1.31E-04,-1.92E-04,-9.43E-05,8.83E-05,1.40E-04,2.31E-04,-2.20E-04,-1.50E-04,-1.10E-04,-1.14E-04,4.06E-05,-1.52E-04,-5.82E-05,1.24E-04,7.54E-05,5.47E-05,-2.26E-04,-8.65E-05,-5.66E-05,2.04E-04
1265,-1.09E-04,-1.76E-04,-6.85E-05,9.79E-05,1.61E-04,2.63E-04,-1.99E-04,-1.21E-04,-8.64E-05,-8.91E-05,5.10E-05,-1.39E-04,-4.83E-05,1.32E-04,8.25E-05,7.11E-05,-2.08E-04,-7.06E-05,-3.44E-05,1.98E-04
1266,-8.77E-05,-1.59E-04,-4.30E-05,1.07E-04,1.81E-04,3.01E-04,-1.79E-04,-9.23E-05,-6.25E-05,-6.22E-05,6.12E-05,-1.27E-04,-3.85E-05,1.39E-04,8.92E-05,8.88E-05,-1.91E-04,-5.49E-05,-1.05E-05,1.88E-04
1267,-6.65E-05,-1.43E-04,-1.82E-05,1.16E-04,2.01E-04,3.45E-04,-1.59E-04,-6.40E-05,-3.83E-05,-3.41E-05,7.10E-05,-1.15E-04,-2.90E-05,1.46E-04,9.52E-05,1.08E-04,-1.75E-04,-3.95E-05,1.47E-05,1.73E-04
1268,-4.59E-05,-1.26E-04,5.71E-06,1.25E-04,2.19E-04,3.92E-04,-1.39E-04,-3.67E-05,-1.41E-05,-5.26E-06,8.01E-05,-1.04E-04,-1.99E-05,1.52E-04,1.01E-04,1.28E-04,-1.59E-04,-2.47E-05,4.04E-05,1.53E-04
1269,-2.62E-05,-1.09E-04,2.85E-05,1.33E-04,2.36E-04,4.43E-04,-1.20E-04,-1.06E-05,9.67E-06,2.36E-05,8.84E-05,-9.32E-05,-1.14E-05,1.57E-04,1.05E-04,1.50E-04,-1.43E-04,-1.08E-05,6.61E-05,1.30E-04
1270,-7.69E-06,-9.24E-05,5.01E-05,1.40E-04,2.52E-04,4.95E-04,-1.03E-04,1.39E-05,3.28E-05,5.17E-05,9.57E-05,-8.37E-05,-3.64E-06,1.62E-04,1.09E-04,1.72E-04,-1.29E-04,2.27E-06,9.10E-05,1.04E-04
1271,9.43E-06,-7.62E-05,7.01E-05,1.46E-04,2.66E-04,5.47E-04,-8.64E-05,3.66E-05,5.48E-05,7.84E-05,1.02E-04,-7.55E-05,3.19E-06,1.66E-04,1.12E-04,1.94E-04,-1.16E-04,1.42E-05,1.15E-04,7.67E-05
1272,2.49E-05,-6.06E-05,8.85E-05,1.52E-04,2.79E-04,5.98E-04,-7.14E-05,5.71E-05,7.54E-05,1.03E-04,1.07E-04,-6.86E-05,9.00E-06,1.70E-04,1.14E-04,2.17E-04,-1.04E-04,2.49E-05,1.36E-04,4.94E-05
1273,3.86E-05,-4.56E-05,1.05E-04,1.57E-04,2.90E-04,6.45E-04,-5.80E-05,7.54E-05,9.42E-05,1.25E-04,1.10E-04,-6.31E-05,1.37E-05,1.73E-04,1.15E-04,2.38E-04,-9.42E-05,3.42E-05,1.55E-04,2.34E-05
1274,5.04E-05,-3.13E-05,1.20E-04,1.61E-04,2.99E-04,6.87E-04,-4.62E-05,9.12E-05,1.11E-04,1.44E-04,1.12E-04,-5.93E-05,1.72E-05,1.76E-04,1.14E-04,2.59E-04,-8.55E-05,4.22E-05,1.70E-04,3.95E-07
1275,6.00E-05,-1.79E-05,1.33E-04,1.64E-04,3.07E-04,7.22E-04,-3.62E-05,1.04E-04,1.26E-04,1.59E-04,1.12E-04,-5.70E-05,1.95E-05,1.78E-04,1.13E-04,2.78E-04,-7.83E-05,4.88E-05,1.82E-04,-1.85E-05
1276,6.76E-05,-5.48E-06,1.44E-04,1.66E-04,3.13E-04,7.50E-04,-2.79E-05,1.15E-04,1.38E-04,1.71E-04,1.12E-04,-5.63E-05,2.05E-05,1.80E-04,1.12E-04,2.95E-04,-7.28E-05,5.39E-05,1.90E-04,-3.23E-05
1277,7.30E-05,5.94E-06,1.53E-04,1.67E-04,3.17E-04,7.70E-04,-2.15E-05,1.23E-04,1.48E-04,1.79E-04,1.10E-04,-5.71E-05,2.04E-05,1.81E-04,1.09E-04,3.09E-04,-6.87E-05,5.77E-05,1.95E-04,-4.02E-05
1278,7.64E-05,1.63E-05,1.61E-04,1.68E-04,3.21E-04,7.81E-04,-1.68E-05,1.29E-04,1.55E-04,1.84E-04,1.06E-04,-5.92E-05,1.92E-05,1.81E-04,1.06E-04,3.20E-04,-6.61E-05,6.01E-05,1.96E-04,-4.17E-05
1279,7.79E-05,2.55E-05,1.66E-04,1.68E-04,3.23E-04,7.83E-04,-1.38E-05,1.32E-04,1.60E-04,1.86E-04,1.02E-04,-6.27E-05,1.71E-05,1.82E-04,1.02E-04,3.29E-04,-6.48E-05,6.14E-05,1.94E-04,-3.68E-05
1280,7.77E-05,3.35E-05,1.70E-04,1.68E-04,3.24E-04,7.78E-04,-1.24E-05,1.33E-04,1.62E-04,1.84E-04,9.75E-05,-6.72E-05,1.41E-05,1.82E-04,9.73E-05,3.34E-04,-6.47E-05,6.16E-05,1.89E-04,-2.59E-05
1281,7.61E-05,4.04E-05,1.72E-04,1.67E-04,3.24E-04,7.65E-04,-1.25E-05,1.32E-04,1.62E-04,1.81E-04,9.21E-05,-7.27E-05,1.04E-05,1.81E-04,9.26E-05,3.37E-04,-6.56E-05,6.09E-05,1.83E-04,-9.64E-06
1282,7.33E-05,4.62E-05,1.73E-04,1.66E-04,3.23E-04,7.46E-04,-1.38E-05,1.30E-04,1.61E-04,1.76E-04,8.63E-05,-7.89E-05,6.27E-06,1.80E-04,8.79E-05,3.38E-04,-6.74E-05,5.94E-05,1.75E-04,1.10E-05
1283,6.96E-05,5.09E-05,1.72E-04,1.64E-04,3.22E-04,7.23E-04,-1.61E-05,1.26E-04,1.58E-04,1.70E-04,8.02E-05,-8.55E-05,1.82E-06,1.79E-04,8.32E-05,3.37E-04,-6.99E-05,5.75E-05,1.67E-04,3.46E-05
1284,6.54E-05,5.45E-05,1.71E-04,1.63E-04,3.21E-04,6.98E-04,-1.92E-05,1.22E-04,1.54E-04,1.65E-04,7.41E-05,-9.24E-05,-2.73E-06,1.78E-04,7.88E-05,3.35E-04,-7.28E-05,5.52E-05,1.60E-04,6.00E-05
1285,6.10E-05,5.72E-05,1.68E-04,1.61E-04,3.20E-04,6.72E-04,-2.28E-05,1.16E-04,1.50E-04,1.60E-04,6.79E-05,-9.94E-05,-7.16E-06,1.76E-04,7.47E-05,3.32E-04,-7.59E-05,5.29E-05,1.55E-04,8.55E-05
1286,5.68E-05,5.92E-05,1.66E-04,1.60E-04,3.19E-04,6.48E-04,-2.65E-05,1.11E-04,1.45E-04,1.56E-04,6.20E-05,-1.06E-04,-1.13E-05,1.75E-04,7.12E-05,3.30E-04,-7.89E-05,5.07E-05,1.51E-04,1.10E-04
1287,5.32E-05,6.05E-05,1.63E-04,1.59E-04,3.18E-04,6.27E-04,-3.01E-05,1.06E-04,1.41E-04,1.54E-04,5.64E-05,-1.13E-04,-1.50E-05,1.73E-04,6.85E-05,3.28E-04,-8.18E-05,4.89E-05,1.51E-04,1.31E-04
1288,5.03E-05,6.14E-05,1.61E-04,1.59E-04,3.18E-04,6.11E-04,-3.32E-05,1.02E-04,1.38E-04,1.55E-04,5.12E-05,-1.18E-04,-1.80E-05,1.71E-04,6.67E-05,3.29E-04,-8.43E-05,4.76E-05,1.54E-04,1.49E-04
1289,4.86E-05,6.21E-05,1.60E-04,1.58E-04,3.19E-04,6.00E-04,-3.56E-05,9.97E-05,1.36E-04,1.59E-04,4.64E-05,-1.23E-04,-2.02E-05,1.70E-04,6.59E-05,3.31E-04,-8.62E-05,4.70E-05,1.60E-04,1.63E-04
1290,4.81E-05,6.28E-05,1.60E-04,1.59E-04,3.20E-04,5.96E-04,-3.68E-05,9.87E-05,1.36E-04,1.65E-04,4.22E-05,-1.27E-04,-2.16E-05,1.69E-04,6.63E-05,3.37E-04,-8.74E-05,4.73E-05,1.71E-04,1.71E-04
1291,4.91E-05,6.37E-05,1.61E-04,1.59E-04,3.23E-04,5.99E-04,-3.68E-05,9.96E-05,1.38E-04,1.74E-04,3.86E-05,-1.30E-04,-2.20E-05,1.68E-04,6.79E-05,3.45E-04,-8.77E-05,4.85E-05,1.85E-04,1.75E-04
1292,5.16E-05,6.50E-05,1.63E-04,1.60E-04,3.27E-04,6.09E-04,-3.54E-05,1.03E-04,1.43E-04,1.86E-04,3.56E-05,-1.32E-04,-2.14E-05,1.67E-04,7.09E-05,3.56E-04,-8.72E-05,5.07E-05,2.02E-04,1.73E-04
1293,5.56E-05,6.69E-05,1.68E-04,1.62E-04,3.32E-04,6.25E-04,-3.23E-05,1.08E-04,1.49E-04,2.00E-04,3.33E-05,-1.33E-04,-1.98E-05,1.67E-04,7.52E-05,3.71E-04,-8.56E-05,5.39E-05,2.22E-04,1.68E-04
1294,6.12E-05,6.97E-05,1.74E-04,1.64E-04,3.38E-04,6.47E-04,-2.77E-05,1.16E-04,1.59E-04,2.16E-04,3.18E-05,-1.33E-04,-1.73E-05,1.67E-04,8.08E-05,3.88E-04,-8.32E-05,5.80E-05,2.45E-04,1.60E-04
1295,6.81E-05,7.34E-05,1.82E-04,1.66E-04,3.45E-04,6.73E-04,-2.14E-05,1.26E-04,1.70E-04,2.34E-04,3.09E-05,-1.31E-04,-1.38E-05,1.68E-04,8.78E-05,4.07E-04,-7.99E-05,6.30E-05,2.68E-04,1.50E-04
1296,7.62E-05,7.81E-05,1.92E-04,1.68E-04,3.54E-04,7.03E-04,-1.35E-05,1.38E-04,1.84E-04,2.53E-04,3.08E-05,-1.29E-04,-9.58E-06,1.69E-04,9.59E-05,4.27E-04,-7.57E-05,6.86E-05,2.93E-04,1.41E-04
1297,8.54E-05,8.40E-05,2.03E-04,1.70E-04,3.63E-04,7.34E-04,-4.36E-06,1.52E-04,1.99E-04,2.73E-04,3.14E-05,-1.25E-04,-4.67E-06,1.70E-04,1.05E-04,4.49E-04,-7.09E-05,7.48E-05,3.18E-04,1.32E-04
1298,9.53E-05,9.10E-05,2.16E-04,1.72E-04,3.73E-04,7.65E-04,5.98E-06,1.68E-04,2.16E-04,2.92E-04,3.27E-05,-1.21E-04,7.42E-07,1.71E-04,1.15E-04,4.70E-04,-6.55E-05,8.13E-05,3.41E-04,1.26E-04
1299,1.06E-04,9.90E-05,2.30E-04,1.74E-04,3.84E-04,7.94E-04,1.72E-05,1.85E-04,2.34E-04,3.12E-04,3.46E-05,-1.16E-04,6.48E-06,1.73E-04,1.26E-04,4.91E-04,-5.98E-05,8.80E-05,3.63E-04,1.23E-04
1300,1.16E-04,1.08E-04,2.45E-04,1.75E-04,3.94E-04,8.20E-04,2.90E-05,2.02E-04,2.53E-04,3.30E-04,3.71E-05,-1.10E-04,1.24E-05,1.75E-04,1.37E-04,5.11E-04,-5.38E-05,9.45E-05,3.83E-04,1.26E-04
1301,1.27E-04,1.18E-04,2.61E-04,1.75E-04,4.04E-04,8.42E-04,4.11E-05,2.20E-04,2.72E-04,3.47E-04,3.99E-05,-1.04E-04,1.81E-05,1.76E-04,1.49E-04,5.28E-04,-4.78E-05,1.01E-04,4.00E-04,1.34E-04
1302,1.37E-04,1.28E-04,2.76E-04,1.75E-04,4.14E-04,8.58E-04,5.31E-05,2.38E-04,2.90E-04,3.62E-04,4.31E-05,-9.88E-05,2.37E-05,1.77E-04,1.61E-04,5.43E-04,-4.20E-05,1.06E-04,4.13E-04,1.48E-04
1303,1.46E-04,1.39E-04,2.91E-04,1.73E-04,4.23E-04,8.68E-04,6.48E-05,2.54E-04,3.07E-04,3.76E-04,4.64E-05,-9.33E-05,2.87E-05,1.78E-04,1.72E-04,5.55E-04,-3.66E-05,1.11E-04,4.23E-04,1.68E-04
1304,1.55E-04,1.50E-04,3.05E-04,1.71E-04,4.31E-04,8.71E-04,7.58E-05,2.70E-04,3.23E-04,3.88E-04,4.96E-05,-8.84E-05,3.32E-05,1.78E-04,1.83E-04,5.63E-04,-3.16E-05,1.15E-04,4.30E-04,1.94E-04
1305,1.62E-04,1.61E-04,3.18E-04,1.67E-04,4.38E-04,8.68E-04,8.59E-05,2.84E-04,3.37E-04,3.98E-04,5.26E-05,-8.41E-05,3.68E-05,1.76E-04,1.94E-04,5.67E-04,-2.73E-05,1.18E-04,4.33E-04,2.24E-04
1306,1.69E-04,1.72E-04,3.30E-04,1.61E-04,4.43E-04,8.60E-04,9.49E-05,2.97E-04,3.50E-04,4.06E-04,5.51E-05,-8.07E-05,3.95E-05,1.74E-04,2.03E-04,5.68E-04,-2.38E-05,1.20E-04,4.33E-04,2.59E-04
1307,1.73E-04,1.82E-04,3.40E-04,1.55E-04,4.46E-04,8.45E-04,1.03E-04,3.07E-04,3.60E-04,4.13E-04,5.69E-05,-7.83E-05,4.12E-05,1.71E-04,2.11E-04,5.65E-04,-2.11E-05,1.21E-04,4.30E-04,2.96E-04
1308,1.76E-04,1.92E-04,3.49E-04,1.46E-04,4.48E-04,8.27E-04,1.09E-04,3.15E-04,3.68E-04,4.18E-04,5.79E-05,-7.70E-05,4.18E-05,1.67E-04,2.19E-04,5.60E-04,-1.93E-05,1.21E-04,4.26E-04,3.34E-04
1309,1.78E-04,2.00E-04,3.56E-04,1.36E-04,4.48E-04,8.04E-04,1.14E-04,3.21E-04,3.74E-04,4.21E-04,5.78E-05,-7.69E-05,4.12E-05,1.61E-04,2.25E-04,5.52E-04,-1.85E-05,1.20E-04,4.19E-04,3.72E-04
1310,1.78E-04,2.07E-04,3.61E-04,1.25E-04,4.46E-04,7.80E-04,1.18E-04,3.26E-04,3.77E-04,4.24E-04,5.65E-05,-7.81E-05,3.96E-05,1.55E-04,2.29E-04,5.42E-04,-1.87E-05,1.17E-04,4.11E-04,4.08E-04
1311,1.76E-04,2.13E-04,3.64E-04,1.13E-04,4.43E-04,7.54E-04,1.20E-04,3.28E-04,3.79E-04,4.26E-04,5.37E-05,-8.07E-05,3.68E-05,1.47E-04,2.33E-04,5.30E-04,-2.00E-05,1.14E-04,4.03E-04,4.41E-04
1312,1.72E-04,2.18E-04,3.65E-04,9.88E-05,4.38E-04,7.28E-04,1.21E-04,3.28E-04,3.79E-04,4.26E-04,4.95E-05,-8.45E-05,3.30E-05,1.38E-04,2.35E-04,5.18E-04,-2.22E-05,1.09E-04,3.94E-04,4.70E-04
1313,1.67E-04,2.20E-04,3.65E-04,8.39E-05,4.32E-04,7.03E-04,1.21E-04,3.27E-04,3.77E-04,4.26E-04,4.38E-05,-8.97E-05,2.82E-05,1.29E-04,2.35E-04,5.06E-04,-2.55E-05,1.04E-04,3.86E-04,4.94E-04
1314,1.60E-04,2.21E-04,3.63E-04,6.80E-05,4.24E-04,6.79E-04,1.20E-04,3.25E-04,3.74E-04,4.25E-04,3.64E-05,-9.60E-05,2.25E-05,1.18E-04,2.35E-04,4.93E-04,-2.99E-05,9.84E-05,3.77E-04,5.12E-04
1315,1.51E-04,2.20E-04,3.60E-04,5.14E-05,4.15E-04,6.58E-04,1.18E-04,3.21E-04,3.70E-04,4.23E-04,2.76E-05,-1.03E-04,1.61E-05,1.07E-04,2.33E-04,4.81E-04,-3.52E-05,9.19E-05,3.69E-04,5.23E-04
1316,1.42E-04,2.18E-04,3.56E-04,3.41E-05,4.06E-04,6.38E-04,1.15E-04,3.17E-04,3.65E-04,4.21E-04,1.72E-05,-1.12E-04,9.02E-06,9.53E-05,2.30E-04,4.70E-04,-4.16E-05,8.46E-05,3.61E-04,5.29E-04
1317,1.30E-04,2.14E-04,3.50E-04,1.65E-05,3.96E-04,6.20E-04,1.11E-04,3.11E-04,3.59E-04,4.17E-04,5.52E-06,-1.21E-04,1.42E-06,8.32E-05,2.26E-04,4.60E-04,-4.89E-05,7.68E-05,3.54E-04,5.28E-04
1318,1.18E-04,2.08E-04,3.44E-04,-1.36E-06,3.85E-04,6.05E-04,1.06E-04,3.05E-04,3.53E-04,4.12E-04,-7.38E-06,-1.32E-04,-6.61E-06,7.08E-05,2.21E-04,4.50E-04,-5.73E-05,6.85E-05,3.47E-04,5.22E-04
1319,1.05E-04,2.00E-04,3.36E-04,-1.93E-05,3.74E-04,5.91E-04,9.98E-05,2.98E-04,3.46E-04,4.07E-04,-2.13E-05,-1.43E-04,-1.50E-05,5.83E-05,2.15E-04,4.41E-04,-6.67E-05,5.96E-05,3.40E-04,5.12E-04
1320,9.05E-05,1.91E-04,3.27E-04,-3.71E-05,3.63E-04,5.79E-04,9.30E-05,2.90E-04,3.39E-04,4.00E-04,-3.60E-05,-1.54E-04,-2.36E-05,4.57E-05,2.08E-04,4.33E-04,-7.70E-05,5.02E-05,3.34E-04,4.98E-04
1321,7.55E-05,1.80E-04,3.17E-04,-5.46E-05,3.51E-04,5.67E-04,8.54E-05,2.82E-04,3.32E-04,3.91E-04,-5.13E-05,-1.66E-04,-3.23E-05,3.32E-05,2.01E-04,4.26E-04,-8.83E-05,4.03E-05,3.26E-04,4.81E-04
1322,6.00E-05,1.68E-04,3.07E-04,-7.17E-05,3.39E-04,5.56E-04,7.68E-05,2.73E-04,3.24E-04,3.82E-04,-6.69E-05,-1.78E-04,-4.11E-05,2.08E-05,1.93E-04,4.18E-04,-1.00E-04,2.98E-05,3.18E-04,4.63E-04
1323,4.41E-05,1.55E-04,2.95E-04,-8.82E-05,3.27E-04,5.45E-04,6.72E-05,2.63E-04,3.16E-04,3.71E-04,-8.26E-05,-1.91E-04,-5.00E-05,8.63E-06,1.84E-04,4.11E-04,-1.13E-04,1.90E-05,3.10E-04,4.44E-04
1324,2.80E-05,1.41E-04,2.82E-04,-1.04E-04,3.14E-04,5.33E-04,5.67E-05,2.52E-04,3.07E-04,3.59E-04,-9.82E-05,-2.04E-04,-5.88E-05,-3.35E-06,1.75E-04,4.03E-04,-1.27E-04,7.65E-06,3.00E-04,4.25E-04
1325,1.19E-05,1.26E-04,2.69E-04,-1.19E-04,3.02E-04,5.20E-04,4.54E-05,2.41E-04,2.99E-04,3.47E-04,-1.13E-04,-2.16E-04,-6.75E-05,-1.51E-05,1.65E-04,3.95E-04,-1.41E-04,-4.01E-06,2.90E-04,4.07E-04
1326,-3.93E-06,1.10E-04,2.55E-04,-1.34E-04,2.89E-04,5.07E-04,3.32E-05,2.28E-04,2.90E-04,3.34E-04,-1.28E-04,-2.29E-04,-7.62E-05,-2.65E-05,1.55E-04,3.86E-04,-1.55E-04,-1.59E-05,2.79E-04,3.91E-04
1327,-1.93E-05,9.45E-05,2.41E-04,-1.47E-04,2.76E-04,4.92E-04,2.03E-05,2.15E-04,2.81E-04,3.21E-04,-1.42E-04,-2.41E-04,-8.46E-05,-3.76E-05,1.45E-04,3.76E-04,-1.70E-04,-2.80E-05,2.68E-04,3.76E-04
1328,-3.41E-05,7.86E-05,2.26E-04,-1.59E-04,2.64E-04,4.77E-04,6.98E-06,2.02E-04,2.72E-04,3.07E-04,-1.55E-04,-2.53E-04,-9.29E-05,-4.83E-05,1.35E-04,3.66E-04,-1.85E-04,-4.01E-05,2.56E-04,3.64E-04
1329,-4.80E-05,6.30E-05,2.11E-04,-1.71E-04,2.51E-04,4.61E-04,-6.67E-06,1.89E-04,2.62E-04,2.95E-04,-1.66E-04,-2.64E-04,-1.01E-04,-5.86E-05,1.25E-04,3.56E-04,-1.99E-04,-5.21E-05,2.44E-04,3.54E-04
1330,-6.09E-05,4.79E-05,1.97E-04,-1.81E-04,2.39E-04,4.45E-04,-2.04E-05,1.75E-04,2.53E-04,2.83E-04,-1.77E-04,-2.75E-04,-1.08E-04,-6.85E-05,1.15E-04,3.45E-04,-2.13E-04,-6.38E-05,2.32E-04,3.45E-04
1331,-7.27E-05,3.35E-05,1.83E-04,-1.90E-04,2.27E-04,4.30E-04,-3.39E-05,1.62E-04,2.44E-04,2.72E-04,-1.86E-04,-2.85E-04,-1.16E-04,-7.78E-05,1.05E-04,3.34E-04,-2.26E-04,-7.51E-05,2.20E-04,3.39E-04
1332,-8.31E-05,2.01E-05,1.69E-04,-1.98E-04,2.15E-04,4.15E-04,-4.69E-05,1.49E-04,2.36E-04,2.62E-04,-1.94E-04,-2.94E-04,-1.22E-04,-8.67E-05,9.62E-05,3.23E-04,-2.38E-04,-8.58E-05,2.09E-04,3.35E-04
1333,-9.22E-05,7.90E-06,1.57E-04,-2.04E-04,2.05E-04,4.01E-04,-5.92E-05,1.38E-04,2.27E-04,2.54E-04,-2.01E-04,-3.02E-04,-1.29E-04,-9.49E-05,8.79E-05,3.12E-04,-2.50E-04,-9.57E-05,2.00E-04,3.31E-04
1334,-9.98E-05,-2.91E-06,1.46E-04,-2.09E-04,1.95E-04,3.88E-04,-7.05E-05,1.27E-04,2.20E-04,2.47E-04,-2.07E-04,-3.08E-04,-1.34E-04,-1.02E-04,8.04E-05,3.02E-04,-2.60E-04,-1.05E-04,1.91E-04,3.28E-04
1335,-1.06E-04,-1.22E-05,1.36E-04,-2.13E-04,1.86E-04,3.78E-04,-8.07E-05,1.18E-04,2.13E-04,2.41E-04,-2.11E-04,-3.14E-04,-1.39E-04,-1.09E-04,7.38E-05,2.94E-04,-2.69E-04,-1.13E-04,1.84E-04,3.26E-04
1336,-1.11E-04,-1.99E-05,1.27E-04,-2.16E-04,1.79E-04,3.70E-04,-8.96E-05,1.09E-04,2.07E-04,2.38E-04,-2.14E-04,-3.19E-04,-1.43E-04,-1.15E-04,6.82E-05,2.86E-04,-2.77E-04,-1.20E-04,1.78E-04,3.24E-04
1337,-1.14E-04,-2.61E-05,1.20E-04,-2.17E-04,1.72E-04,3.63E-04,-9.72E-05,1.03E-04,2.01E-04,2.35E-04,-2.15E-04,-3.22E-04,-1.47E-04,-1.21E-04,6.37E-05,2.79E-04,-2.84E-04,-1.26E-04,1.74E-04,3.23E-04
1338,-1.16E-04,-3.07E-05,1.15E-04,-2.17E-04,1.67E-04,3.59E-04,-1.03E-04,9.77E-05,1.97E-04,2.34E-04,-2.16E-04,-3.24E-04,-1.49E-04,-1.25E-04,6.03E-05,2.74E-04,-2.89E-04,-1.31E-04,1.71E-04,3.20E-04
1339,-1.17E-04,-3.39E-05,1.10E-04,-2.15E-04,1.63E-04,3.57E-04,-1.08E-04,9.36E-05,1.92E-04,2.33E-04,-2.16E-04,-3.25E-04,-1.51E-04,-1.29E-04,5.79E-05,2.71E-04,-2.94E-04,-1.36E-04,1.69E-04,3.18E-04
1340,-1.17E-04,-3.59E-05,1.07E-04,-2.13E-04,1.59E-04,3.57E-04,-1.12E-04,9.04E-05,1.88E-04,2.33E-04,-2.15E-04,-3.26E-04,-1.52E-04,-1.31E-04,5.66E-05,2.68E-04,-2.97E-04,-1.39E-04,1.69E-04,3.15E-04
1341,-1.16E-04,-3.68E-05,1.05E-04,-2.09E-04,1.57E-04,3.58E-04,-1.16E-04,8.79E-05,1.85E-04,2.33E-04,-2.13E-04,-3.25E-04,-1.53E-04,-1.34E-04,5.61E-05,2.67E-04,-3.00E-04,-1.42E-04,1.69E-04,3.12E-04
1342,-1.15E-04,-3.69E-05,1.03E-04,-2.04E-04,1.55E-04,3.60E-04,-1.18E-04,8.55E-05,1.81E-04,2.33E-04,-2.11E-04,-3.24E-04,-1.53E-04,-1.35E-04,5.64E-05,2.66E-04,-3.03E-04,-1.45E-04,1.69E-04,3.09E-04
1343,-1.13E-04,-3.65E-05,1.02E-04,-1.99E-04,1.53E-04,3.63E-04,-1.20E-04,8.29E-05,1.76E-04,2.32E-04,-2.08E-04,-3.23E-04,-1.53E-04,-1.36E-04,5.72E-05,2.67E-04,-3.05E-04,-1.47E-04,1.70E-04,3.05E-04
1344,-1.11E-04,-3.57E-05,1.00E-04,-1.93E-04,1.51E-04,3.65E-04,-1.22E-04,7.96E-05,1.71E-04,2.30E-04,-2.05E-04,-3.22E-04,-1.52E-04,-1.36E-04,5.85E-05,2.67E-04,-3.07E-04,-1.49E-04,1.70E-04,3.02E-04
1345,-1.09E-04,-3.50E-05,9.78E-05,-1.87E-04,1.49E-04,3.67E-04,-1.25E-04,7.53E-05,1.66E-04,2.26E-04,-2.02E-04,-3.21E-04,-1.51E-04,-1.37E-04,5.99E-05,2.68E-04,-3.10E-04,-1.51E-04,1.70E-04,2.98E-04
1346,-1.08E-04,-3.45E-05,9.46E-05,-1.81E-04,1.46E-04,3.68E-04,-1.28E-04,6.94E-05,1.59E-04,2.21E-04,-1.99E-04,-3.20E-04,-1.50E-04,-1.36E-04,6.14E-05,2.68E-04,-3.12E-04,-1.53E-04,1.69E-04,2.94E-04
1347,-1.07E-04,-3.44E-05,9.02E-05,-1.75E-04,1.43E-04,3.68E-04,-1.32E-04,6.19E-05,1.51E-04,2.15E-04,-1.96E-04,-3.19E-04,-1.49E-04,-1.36E-04,6.26E-05,2.68E-04,-3.15E-04,-1.56E-04,1.67E-04,2.90E-04
1348,-1.06E-04,-3.50E-05,8.44E-05,-1.70E-04,1.37E-04,3.67E-04,-1.37E-04,5.24E-05,1.41E-04,2.06E-04,-1.94E-04,-3.19E-04,-1.49E-04,-1.36E-04,6.35E-05,2.67E-04,-3.19E-04,-1.59E-04,1.64E-04,2.86E-04
1349,-1.06E-04,-3.62E-05,7.71E-05,-1.65E-04,1.31E-04,3.64E-04,-1.44E-04,4.10E-05,1.30E-04,1.96E-04,-1.92E-04,-3.20E-04,-1.49E-04,-1.36E-04,6.39E-05,2.65E-04,-3.23E-04,-1.62E-04,1.60E-04,2.82E-04
1350,-1.08E-04,-3.82E-05,6.83E-05,-1.61E-04,1.23E-04,3.59E-04,-1.51E-04,2.76E-05,1.18E-04,1.85E-04,-1.90E-04,-3.22E-04,-1.50E-04,-1.36E-04,6.36E-05,2.62E-04,-3.27E-04,-1.66E-04,1.55E-04,2.78E-04
1351,-1.10E-04,-4.10E-05,5.79E-05,-1.57E-04,1.14E-04,3.53E-04,-1.60E-04,1.25E-05,1.04E-04,1.72E-04,-1.89E-04,-3.24E-04,-1.52E-04,-1.37E-04,6.26E-05,2.59E-04,-3.32E-04,-1.70E-04,1.49E-04,2.73E-04
1352,-1.13E-04,-4.44E-05,4.62E-05,-1.55E-04,1.03E-04,3.45E-04,-1.69E-04,-4.10E-06,8.98E-05,1.58E-04,-1.88E-04,-3.28E-04,-1.54E-04,-1.37E-04,6.08E-05,2.54E-04,-3.36E-04,-1.74E-04,1.42E-04,2.68E-04
1353,-1.17E-04,-4.85E-05,3.32E-05,-1.54E-04,9.15E-05,3.36E-04,-1.79E-04,-2.18E-05,7.45E-05,1.43E-04,-1.88E-04,-3.32E-04,-1.57E-04,-1.39E-04,5.82E-05,2.48E-04,-3.42E-04,-1.79E-04,1.34E-04,2.63E-04
1354,-1.23E-04,-5.32E-05,1.94E-05,-1.54E-04,7.85E-05,3.26E-04,-1.90E-04,-4.02E-05,5.88E-05,1.28E-04,-1.88E-04,-3.37E-04,-1.61E-04,-1.40E-04,5.49E-05,2.41E-04,-3.47E-04,-1.84E-04,1.26E-04,2.58E-04
1355,-1.30E-04,-5.82E-05,4.83E-06,-1.56E-04,6.48E-05,3.15E-04,-2.01E-04,-5.87E-05,4.29E-05,1.13E-04,-1.89E-04,-3.42E-04,-1.65E-04,-1.42E-04,5.08E-05,2.33E-04,-3.52E-04,-1.88E-04,1.17E-04,2.51E-04
1356,-1.38E-04,-6.34E-05,-1.01E-05,-1.58E-04,5.06E-05,3.03E-04,-2.12E-04,-7.70E-05,2.71E-05,9.74E-05,-1.91E-04,-3.48E-04,-1.70E-04,-1.44E-04,4.60E-05,2.25E-04,-3.57E-04,-1.93E-04,1.08E-04,2.45E-04
1357,-1.47E-04,-6.88E-05,-2.50E-05,-1.61E-04,3.62E-05,2.91E-04,-2.23E-04,-9.46E-05,1.18E-05,8.25E-05,-1.93E-04,-3.55E-04,-1.76E-04,-1.47E-04,4.06E-05,2.16E-04,-3.62E-04,-1.97E-04,9.91E-05,2.38E-04
1358,-1.57E-04,-7.41E-05,-3.98E-05,-1.66E-04,2.18E-05,2.79E-04,-2.34E-04,-1.11E-04,-2.85E-06,6.81E-05,-1.95E-04,-3.62E-04,-1.82E-04,-1.50E-04,3.46E-05,2.07E-04,-3.66E-04,-2.02E-04,9.03E-05,2.31E-04
1359,-1.69E-04,-7.93E-05,-5.41E-05,-1.71E-04,7.84E-06,2.67E-04,-2.43E-04,-1.26E-04,-1.66E-05,5.44E-05,-1.98E-04,-3.69E-04,-1.88E-04,-1.53E-04,2.82E-05,1.98E-04,-3.70E-04,-2.06E-04,8.17E-05,2.23E-04
1360,-1.81E-04,-8.44E-05,-6.78E-05,-1.76E-04,-5.55E-06,2.56E-04,-2.52E-04,-1.40E-04,-2.92E-05,4.17E-05,-2.01E-04,-3.76E-04,-1.94E-04,-1.56E-04,2.14E-05,1.90E-04,-3.74E-04,-2.09E-04,7.33E-05,2.16E-04
1361,-1.94E-04,-8.93E-05,-8.08E-05,-1.83E-04,-1.82E-05,2.44E-04,-2.59E-04,-1.51E-04,-4.08E-05,2.98E-05,-2.04E-04,-3.83E-04,-2.00E-04,-1.59E-04,1.42E-05,1.81E-04,-3.78E-04,-2.13E-04,6.52E-05,2.08E-04
1362,-2.08E-04,-9.41E-05,-9.31E-05,-1.89E-04,-2.99E-05,2.33E-04,-2.66E-04,-1.61E-04,-5.11E-05,1.88E-05,-2.08E-04,-3.90E-04,-2.06E-04,-1.63E-04,6.71E-06,1.73E-04,-3.82E-04,-2.16E-04,5.73E-05,2.01E-04
1363,-2.22E-04,-9.88E-05,-1.05E-04,-1.96E-04,-4.07E-05,2.22E-04,-2.72E-04,-1.70E-04,-6.04E-05,8.67E-06,-2.11E-04,-3.97E-04,-2.12E-04,-1.66E-04,-1.10E-06,1.65E-04,-3.85E-04,-2.19E-04,4.97E-05,1.94E-04
1364,-2.37E-04,-1.04E-04,-1.15E-04,-2.03E-04,-5.06E-05,2.11E-04,-2.76E-04,-1.77E-04,-6.87E-05,-6.62E-07,-2.15E-04,-4.04E-04,-2.18E-04,-1.70E-04,-9.19E-06,1.58E-04,-3.89E-04,-2.22E-04,4.22E-05,1.87E-04
1365,-2.52E-04,-1.08E-04,-1.26E-04,-2.10E-04,-5.97E-05,1.99E-04,-2.81E-04,-1.82E-04,-7.61E-05,-9.31E-06,-2.19E-04,-4.11E-04,-2.23E-04,-1.73E-04,-1.76E-05,1.51E-04,-3.93E-04,-2.24E-04,3.49E-05,1.81E-04
1366,-2.68E-04,-1.13E-04,-1.36E-04,-2.17E-04,-6.81E-05,1.88E-04,-2.84E-04,-1.87E-04,-8.29E-05,-1.74E-05,-2.23E-04,-4.18E-04,-2.28E-04,-1.77E-04,-2.63E-05,1.45E-04,-3.97E-04,-2.27E-04,2.75E-05,1.76E-04
1367,-2.83E-04,-1.19E-04,-1.45E-04,-2.24E-04,-7.59E-05,1.76E-04,-2.87E-04,-1.92E-04,-8.91E-05,-2.49E-05,-2.27E-04,-4.25E-04,-2.33E-04,-1.80E-04,-3.53E-05,1.39E-04,-4.01E-04,-2.30E-04,2.02E-05,1.70E-04
1368,-2.98E-04,-1.24E-04,-1.55E-04,-2.30E-04,-8.33E-05,1.64E-04,-2.90E-04,-1.96E-04,-9.49E-05,-3.20E-05,-2.31E-04,-4.31E-04,-2.37E-04,-1.84E-04,-4.46E-05,1.33E-04,-4.06E-04,-2.32E-04,1.29E-05,1.66E-04
1369,-3.12E-04,-1.30E-04,-1.64E-04,-2.37E-04,-9.05E-05,1.52E-04,-2.93E-04,-2.01E-04,-1.01E-04,-3.88E-05,-2.35E-04,-4.37E-04,-2.41E-04,-1.87E-04,-5.41E-05,1.29E-04,-4.11E-04,-2.35E-04,5.59E-06,1.62E-04
1370,-3.26E-04,-1.37E-04,-1.74E-04,-2.43E-04,-9.76E-05,1.39E-04,-2.96E-04,-2.05E-04,-1.06E-04,-4.51E-05,-2.39E-04,-4.43E-04,-2.44E-04,-1.90E-04,-6.40E-05,1.24E-04,-4.16E-04,-2.38E-04,-1.66E-06,1.58E-04
1371,-3.39E-04,-1.44E-04,-1.83E-04,-2.49E-04,-1.05E-04,1.25E-04,-2.99E-04,-2.10E-04,-1.11E-04,-5.11E-05,-2.43E-04,-4.49E-04,-2.47E-04,-1.93E-04,-7.40E-05,1.20E-04,-4.21E-04,-2.40E-04,-8.75E-06,1.55E-04
1372,-3.51E-04,-1.51E-04,-1.93E-04,-2.54E-04,-1.12E-04,1.11E-04,-3.02E-04,-2.16E-04,-1.17E-04,-5.65E-05,-2.46E-04,-4.55E-04,-2.50E-04,-1.96E-04,-8.42E-05,1.16E-04,-4.25E-04,-2.42E-04,-1.56E-05,1.52E-04
1373,-3.61E-04,-1.58E-04,-2.02E-04,-2.60E-04,-1.19E-04,9.73E-05,-3.05E-04,-2.21E-04,-1.22E-04,-6.12E-05,-2.50E-04,-4.59E-04,-2.52E-04,-1.98E-04,-9.44E-05,1.13E-04,-4.30E-04,-2.44E-04,-2.19E-05,1.49E-04
1374,-3.71E-04,-1.65E-04,-2.12E-04,-2.65E-04,-1.27E-04,8.32E-05,-3.08E-04,-2.27E-04,-1.26E-04,-6.52E-05,-2.53E-04,-4.64E-04,-2.54E-04,-2.01E-04,-1.05E-04,1.10E-04,-4.34E-04,-2.45E-04,-2.77E-05,1.47E-04
1375,-3.79E-04,-1.72E-04,-2.21E-04,-2.69E-04,-1.34E-04,6.92E-05,-3.10E-04,-2.32E-04,-1.30E-04,-6.81E-05,-2.56E-04,-4.67E-04,-2.55E-04,-2.02E-04,-1.14E-04,1.08E-04,-4.36E-04,-2.45E-04,-3.27E-05,1.46E-04
1376,-3.86E-04,-1.78E-04,-2.29E-04,-2.73E-04,-1.41E-04,5.55E-05,-3.12E-04,-2.37E-04,-1.34E-04,-6.99E-05,-2.58E-04,-4.69E-04,-2.55E-04,-2.03E-04,-1.24E-04,1.06E-04,-4.38E-04,-2.45E-04,-3.67E-05,1.45E-04
1377,-3.92E-04,-1.84E-04,-2.36E-04,-2.76E-04,-1.48E-04,4.24E-05,-3.13E-04,-2.41E-04,-1.36E-04,-7.03E-05,-2.59E-04,-4.71E-04,-2.55E-04,-2.04E-04,-1.33E-04,1.05E-04,-4.38E-04,-2.43E-04,-3.96E-05,1.44E-04
1378,-3.96E-04,-1.89E-04,-2.42E-04,-2.79E-04,-1.54E-04,2.99E-05,-3.13E-04,-2.44E-04,-1.38E-04,-6.92E-05,-2.60E-04,-4.71E-04,-2.54E-04,-2.04E-04,-1.41E-04,1.04E-04,-4.37E-04,-2.40E-04,-4.12E-05,1.44E-04
1379,-3.99E-04,-1.93E-04,-2.47E-04,-2.81E-04,-1.59E-04,1.84E-05,-3.12E-04,-2.45E-04,-1.38E-04,-6.64E-05,-2.60E-04,-4.70E-04,-2.53E-04,-2.03E-04,-1.49E-04,1.03E-04,-4.34E-04,-2.36E-04,-4.14E-05,1.45E-04
1380,-4.01E-04,-1.95E-04,-2.51E-04,-2.82E-04,-1.64E-04,7.86E-06,-3.09E-04,-2.44E-04,-1.37E-04,-6.20E-05,-2.60E-04,-4.67E-04,-2.50E-04,-2.01E-04,-1.56E-04,1.03E-04,-4.30E-04,-2.30E-04,-4.03E-05,1.47E-04
1381,-4.02E-04,-1.97E-04,-2.53E-04,-2.83E-04,-1.67E-04,-1.51E-06,-3.05E-04,-2.41E-04,-1.35E-04,-5.58E-05,-2.58E-04,-4.63E-04,-2.46E-04,-1.99E-04,-1.61E-04,1.04E-04,-4.23E-04,-2.23E-04,-3.79E-05,1.49E-04
1382,-4.02E-04,-1.98E-04,-2.54E-04,-2.82E-04,-1.69E-04,-9.68E-06,-2.99E-04,-2.36E-04,-1.31E-04,-4.79E-05,-2.56E-04,-4.58E-04,-2.42E-04,-1.96E-04,-1.66E-04,1.04E-04,-4.15E-04,-2.14E-04,-3.41E-05,1.53E-04
1383,-4.01E-04,-1.97E-04,-2.53E-04,-2.80E-04,-1.70E-04,-1.66E-05,-2.92E-04,-2.29E-04,-1.26E-04,-3.86E-05,-2.52E-04,-4.51E-04,-2.36E-04,-1.92E-04,-1.70E-04,1.06E-04,-4.06E-04,-2.05E-04,-2.92E-05,1.58E-04
1384,-4.00E-04,-1.95E-04,-2.50E-04,-2.78E-04,-1.70E-04,-2.24E-05,-2.83E-04,-2.20E-04,-1.19E-04,-2.79E-05,-2.48E-04,-4.43E-04,-2.29E-04,-1.88E-04,-1.72E-04,1.07E-04,-3.95E-04,-1.94E-04,-2.33E-05,1.64E-04
1385,-3.98E-04,-1.93E-04,-2.47E-04,-2.74E-04,-1.68E-04,-2.71E-05,-2.72E-04,-2.10E-04,-1.12E-04,-1.61E-05,-2.43E-04,-4.34E-04,-2.21E-04,-1.83E-04,-1.74E-04,1.09E-04,-3.83E-04,-1.82E-04,-1.67E-05,1.71E-04
1386,-3.96E-04,-1.90E-04,-2.43E-04,-2.70E-04,-1.66E-04,-3.09E-05,-2.61E-04,-1.99E-04,-1.05E-04,-3.59E-06,-2.38E-04,-4.24E-04,-2.12E-04,-1.78E-04,-1.75E-04,1.11E-04,-3.70E-04,-1.70E-04,-9.65E-06,1.79E-04
1387,-3.94E-04,-1.87E-04,-2.38E-04,-2.65E-04,-1.63E-04,-3.38E-05,-2.49E-04,-1.87E-04,-9.68E-05,9.27E-06,-2.31E-04,-4.14E-04,-2.03E-04,-1.72E-04,-1.76E-04,1.12E-04,-3.56E-04,-1.57E-04,-2.51E-06,1.87E-04
1388,-3.91E-04,-1.84E-04,-2.33E-04,-2.60E-04,-1.60E-04,-3.60E-05,-2.37E-04,-1.74E-04,-8.91E-05,2.21E-05,-2.25E-04,-4.03E-04,-1.93E-04,-1.66E-04,-1.76E-04,1.13E-04,-3.43E-04,-1.44E-04,4.44E-06,1.96E-04
1389,-3.89E-04,-1.81E-04,-2.28E-04,-2.54E-04,-1.57E-04,-3.78E-05,-2.25E-04,-1.63E-04,-8.19E-05,3.45E-05,-2.18E-04,-3.92E-04,-1.83E-04,-1.61E-04,-1.75E-04,1.14E-04,-3.30E-04,-1.32E-04,1.08E-05,2.05E-04
1390,-3.87E-04,-1.78E-04,-2.24E-04,-2.48E-04,-1.54E-04,-3.94E-05,-2.13E-04,-1.52E-04,-7.56E-05,4.61E-05,-2.11E-04,-3.82E-04,-1.73E-04,-1.55E-04,-1.75E-04,1.14E-04,-3.17E-04,-1.20E-04,1.64E-05,2.14E-04
1391,-3.85E-04,-1.76E-04,-2.20E-04,-2.42E-04,-1.52E-04,-4.08E-05,-2.02E-04,-1.43E-04,-7.05E-05,5.64E-05,-2.05E-04,-3.72E-04,-1.63E-04,-1.50E-04,-1.74E-04,1.14E-04,-3.05E-04,-1.08E-04,2.09E-05,2.22E-04
1392,-3.84E-04,-1.75E-04,-2.17E-04,-2.36E-04,-1.51E-04,-4.24E-05,-1.93E-04,-1.35E-04,-6.69E-05,6.53E-05,-1.99E-04,-3.63E-04,-1.53E-04,-1.46E-04,-1.74E-04,1.12E-04,-2.94E-04,-9.79E-05,2.40E-05,2.30E-04
1393,-3.83E-04,-1.75E-04,-2.15E-04,-2.31E-04,-1.52E-04,-4.42E-05,-1.85E-04,-1.30E-04,-6.51E-05,7.23E-05,-1.93E-04,-3.55E-04,-1.44E-04,-1.42E-04,-1.75E-04,1.10E-04,-2.85E-04,-8.87E-05,2.56E-05,2.36E-04
1394,-3.82E-04,-1.76E-04,-2.14E-04,-2.26E-04,-1.54E-04,-4.63E-05,-1.78E-04,-1.27E-04,-6.49E-05,7.74E-05,-1.88E-04,-3.48E-04,-1.36E-04,-1.39E-04,-1.75E-04,1.06E-04,-2.76E-04,-8.09E-05,2.55E-05,2.41E-04
1395,-3.82E-04,-1.78E-04,-2.15E-04,-2.22E-04,-1.57E-04,-4.89E-05,-1.73E-04,-1.27E-04,-6.66E-05,8.03E-05,-1.84E-04,-3.42E-04,-1.29E-04,-1.37E-04,-1.76E-04,1.01E-04,-2.69E-04,-7.45E-05,2.37E-05,2.45E-04
1396,-3.82E-04,-1.80E-04,-2.17E-04,-2.20E-04,-1.63E-04,-5.20E-05,-1.70E-04,-1.29E-04,-7.01E-05,8.11E-05,-1.81E-04,-3.38E-04,-1.23E-04,-1.35E-04,-1.78E-04,9.52E-05,-2.64E-04,-6.95E-05,2.01E-05,2.46E-04
1397,-3.83E-04,-1.83E-04,-2.19E-04,-2.18E-04,-1.70E-04,-5.56E-05,-1.69E-04,-1.33E-04,-7.51E-05,7.97E-05,-1.80E-04,-3.34E-04,-1.19E-04,-1.34E-04,-1.80E-04,8.78E-05,-2.60E-04,-6.61E-05,1.48E-05,2.46E-04
1398,-3.84E-04,-1.87E-04,-2.23E-04,-2.18E-04,-1.78E-04,-5.98E-05,-1.69E-04,-1.38E-04,-8.14E-05,7.64E-05,-1.79E-04,-3.32E-04,-1.15E-04,-1.35E-04,-1.83E-04,7.91E-05,-2.57E-04,-6.41E-05,7.90E-06,2.45E-04
1399,-3.85E-04,-1.91E-04,-2.28E-04,-2.19E-04,-1.88E-04,-6.46E-05,-1.71E-04,-1.45E-04,-8.89E-05,7.12E-05,-1.79E-04,-3.31E-04,-1.13E-04,-1.36E-04,-1.86E-04,6.91E-05,-2.55E-04,-6.35E-05,-4.73E-07,2.41E-04
1400,-3.87E-04,-1.95E-04,-2.34E-04,-2.21E-04,-1.98E-04,-6.98E-05,-1.74E-04,-1.53E-04,-9.72E-05,6.44E-05,-1.80E-04,-3.31E-04,-1.13E-04,-1.37E-04,-1.89E-04,5.81E-05,-2.55E-04,-6.42E-05,-1.02E-05,2.36E-04
1401,-3.90E-04,-1.99E-04,-2.39E-04,-2.24E-04,-2.10E-04,-7.55E-05,-1.78E-04,-1.62E-04,-1.06E-04,5.62E-05,-1.83E-04,-3.32E-04,-1.14E-04,-1.40E-04,-1.92E-04,4.59E-05,-2.55E-04,-6.61E-05,-2.10E-05,2.30E-04
1402,-3.93E-04,-2.02E-04,-2.46E-04,-2.28E-04,-2.22E-04,-8.17E-05,-1.82E-04,-1.70E-04,-1.15E-04,4.68E-05,-1.86E-04,-3.33E-04,-1.16E-04,-1.43E-04,-1.96E-04,3.29E-05,-2.56E-04,-6.91E-05,-3.27E-05,2.22E-04
1403,-3.97E-04,-2.06E-04,-2.52E-04,-2.34E-04,-2.34E-04,-8.83E-05,-1.87E-04,-1.78E-04,-1.24E-04,3.66E-05,-1.91E-04,-3.35E-04,-1.19E-04,-1.46E-04,-1.99E-04,1.90E-05,-2.57E-04,-7.32E-05,-4.53E-05,2.13E-04
1404,-4.01E-04,-2.08E-04,-2.58E-04,-2.40E-04,-2.46E-04,-9.52E-05,-1.91E-04,-1.85E-04,-1.32E-04,2.59E-05,-1.96E-04,-3.38E-04,-1.22E-04,-1.50E-04,-2.03E-04,4.48E-06,-2.59E-04,-7.81E-05,-5.83E-05,2.04E-04
1405,-4.07E-04,-2.10E-04,-2.64E-04,-2.47E-04,-2.58E-04,-1.02E-04,-1.96E-04,-1.91E-04,-1.40E-04,1.47E-05,-2.02E-04,-3.40E-04,-1.27E-04,-1.55E-04,-2.06E-04,-1.05E-05,-2.62E-04,-8.39E-05,-7.18E-05,1.93E-04
1406,-4.13E-04,-2.12E-04,-2.70E-04,-2.55E-04,-2.70E-04,-1.10E-04,-2.01E-04,-1.96E-04,-1.48E-04,3.27E-06,-2.09E-04,-3.43E-04,-1.32E-04,-1.59E-04,-2.08E-04,-2.58E-05,-2.65E-04,-9.05E-05,-8.56E-05,1.82E-04
1407,-4.20E-04,-2.13E-04,-2.76E-04,-2.64E-04,-2.80E-04,-1.18E-04,-2.05E-04,-2.00E-04,-1.55E-04,-8.21E-06,-2.16E-04,-3.45E-04,-1.38E-04,-1.64E-04,-2.11E-04,-4.12E-05,-2.68E-04,-9.77E-05,-9.96E-05,1.71E-04
1408,-4.27E-04,-2.14E-04,-2.82E-04,-2.73E-04,-2.90E-04,-1.26E-04,-2.09E-04,-2.03E-04,-1.61E-04,-1.97E-05,-2.24E-04,-3.48E-04,-1.44E-04,-1.69E-04,-2.13E-04,-5.66E-05,-2.71E-04,-1.06E-04,-1.14E-04,1.59E-04
1409,-4.36E-04,-2.14E-04,-2.88E-04,-2.82E-04,-2.99E-04,-1.35E-04,-2.13E-04,-2.05E-04,-1.68E-04,-3.11E-05,-2.32E-04,-3.50E-04,-1.50E-04,-1.75E-04,-2.15E-04,-7.18E-05,-2.75E-04,-1.14E-04,-1.28E-04,1.47E-04
1410,-4.45E-04,-2.15E-04,-2.94E-04,-2.91E-04,-3.08E-04,-1.44E-04,-2.17E-04,-2.07E-04,-1.73E-04,-4.25E-05,-2.40E-04,-3.53E-04,-1.56E-04,-1.80E-04,-2.17E-04,-8.66E-05,-2.80E-04,-1.23E-04,-1.42E-04,1.35E-04
1411,-4.55E-04,-2.16E-04,-3.00E-04,-3.01E-04,-3.16E-04,-1.53E-04,-2.21E-04,-2.09E-04,-1.79E-04,-5.39E-05,-2.49E-04,-3.56E-04,-1.63E-04,-1.85E-04,-2.18E-04,-1.01E-04,-2.85E-04,-1.32E-04,-1.55E-04,1.23E-04
1412,-4.65E-04,-2.17E-04,-3.06E-04,-3.11E-04,-3.24E-04,-1.63E-04,-2.25E-04,-2.11E-04,-1.85E-04,-6.54E-05,-2.58E-04,-3.59E-04,-1.70E-04,-1.91E-04,-2.20E-04,-1.15E-04,-2.90E-04,-1.42E-04,-1.69E-04,1.10E-04
1413,-4.76E-04,-2.19E-04,-3.13E-04,-3.20E-04,-3.32E-04,-1.73E-04,-2.29E-04,-2.14E-04,-1.91E-04,-7.69E-05,-2.66E-04,-3.63E-04,-1.76E-04,-1.96E-04,-2.21E-04,-1.28E-04,-2.96E-04,-1.52E-04,-1.83E-04,9.68E-05
1414,-4.86E-04,-2.22E-04,-3.21E-04,-3.30E-04,-3.39E-04,-1.84E-04,-2.34E-04,-2.18E-04,-1.97E-04,-8.87E-05,-2.75E-04,-3.67E-04,-1.83E-04,-2.01E-04,-2.22E-04,-1.41E-04,-3.02E-04,-1.63E-04,-1.96E-04,8.35E-05
1415,-4.97E-04,-2.25E-04,-3.28E-04,-3.40E-04,-3.46E-04,-1.95E-04,-2.39E-04,-2.22E-04,-2.04E-04,-1.01E-04,-2.83E-04,-3.71E-04,-1.90E-04,-2.07E-04,-2.24E-04,-1.53E-04,-3.09E-04,-1.73E-04,-2.09E-04,7.00E-05
1416,-5.07E-04,-2.29E-04,-3.36E-04,-3.49E-04,-3.54E-04,-2.06E-04,-2.44E-04,-2.28E-04,-2.11E-04,-1.13E-04,-2.91E-04,-3.76E-04,-1.97E-04,-2.11E-04,-2.25E-04,-1.64E-04,-3.16E-04,-1.84E-04,-2.21E-04,5.62E-05
1417,-5.17E-04,-2.34E-04,-3.45E-04,-3.58E-04,-3.61E-04,-2.18E-04,-2.50E-04,-2.36E-04,-2.19E-04,-1.25E-04,-2.99E-04,-3.81E-04,-2.05E-04,-2.16E-04,-2.26E-04,-1.74E-04,-3.24E-04,-1.94E-04,-2.33E-04,4.25E-05
1418,-5.27E-04,-2.40E-04,-3.53E-04,-3.66E-04,-3.69E-04,-2.30E-04,-2.56E-04,-2.45E-04,-2.28E-04,-1.38E-04,-3.06E-04,-3.86E-04,-2.12E-04,-2.20E-04,-2.27E-04,-1.84E-04,-3.32E-04,-2.04E-04,-2.45E-04,2.88E-05
1419,-5.36E-04,-2.46E-04,-3.62E-04,-3.74E-04,-3.76E-04,-2.42E-04,-2.63E-04,-2.54E-04,-2.37E-04,-1.51E-04,-3.12E-04,-3.91E-04,-2.19E-04,-2.24E-04,-2.29E-04,-1.93E-04,-3.40E-04,-2.13E-04,-2.55E-04,1.53E-05
1420,-5.43E-04,-2.52E-04,-3.70E-04,-3.81E-04,-3.83E-04,-2.54E-04,-2.70E-04,-2.65E-04,-2.46E-04,-1.64E-04,-3.18E-04,-3.97E-04,-2.25E-04,-2.27E-04,-2.30E-04,-2.01E-04,-3.47E-04,-2.21E-04,-2.65E-04,2.34E-06
1421,-5.50E-04,-2.59E-04,-3.78E-04,-3.88E-04,-3.90E-04,-2.66E-04,-2.76E-04,-2.75E-04,-2.55E-04,-1.76E-04,-3.23E-04,-4.03E-04,-2.32E-04,-2.30E-04,-2.31E-04,-2.09E-04,-3.55E-04,-2.29E-04,-2.73E-04,-9.95E-06
1422,-5.55E-04,-2.65E-04,-3.85E-04,-3.93E-04,-3.97E-04,-2.78E-04,-2.82E-04,-2.86E-04,-2.64E-04,-1.88E-04,-3.27E-04,-4.08E-04,-2.38E-04,-2.31E-04,-2.31E-04,-2.16E-04,-3.62E-04,-2.36E-04,-2.81E-04,-2.13E-05
1423,-5.59E-04,-2.71E-04,-3.91E-04,-3.97E-04,-4.02E-04,-2.89E-04,-2.88E-04,-2.96E-04,-2.72E-04,-1.99E-04,-3.30E-04,-4.13E-04,-2.44E-04,-2.32E-04,-2.32E-04,-2.22E-04,-3.68E-04,-2.42E-04,-2.87E-04,-3.15E-05
1424,-5.62E-04,-2.76E-04,-3.97E-04,-4.01E-04,-4.07E-04,-3.00E-04,-2.93E-04,-3.06E-04,-2.79E-04,-2.10E-04,-3.32E-04,-4.17E-04,-2.49E-04,-2.32E-04,-2.31E-04,-2.28E-04,-3.73E-04,-2.46E-04,-2.91E-04,-4.02E-05
1425,-5.63E-04,-2.81E-04,-4.01E-04,-4.02E-04,-4.10E-04,-3.09E-04,-2.97E-04,-3.14E-04,-2.85E-04,-2.19E-04,-3.32E-04,-4.21E-04,-2.53E-04,-2.32E-04,-2.30E-04,-2.33E-04,-3.78E-04,-2.49E-04,-2.94E-04,-4.74E-05
1426,-5.63E-04,-2.84E-04,-4.03E-04,-4.03E-04,-4.12E-04,-3.18E-04,-2.99E-04,-3.21E-04,-2.90E-04,-2.26E-04,-3.32E-04,-4.23E-04,-2.56E-04,-2.30E-04,-2.29E-04,-2.38E-04,-3.81E-04,-2.51E-04,-2.96E-04,-5.29E-05
1427,-5.61E-04,-2.87E-04,-4.05E-04,-4.01E-04,-4.13E-04,-3.26E-04,-3.01E-04,-3.25E-04,-2.93E-04,-2.33E-04,-3.30E-04,-4.25E-04,-2.58E-04,-2.27E-04,-2.27E-04,-2.43E-04,-3.83E-04,-2.52E-04,-2.96E-04,-5.65E-05
1428,-5.58E-04,-2.88E-04,-4.05E-04,-3.99E-04,-4.12E-04,-3.33E-04,-3.01E-04,-3.28E-04,-2.95E-04,-2.37E-04,-3.27E-04,-4.25E-04,-2.58E-04,-2.24E-04,-2.24E-04,-2.47E-04,-3.84E-04,-2.51E-04,-2.94E-04,-5.83E-05
1429,-5.54E-04,-2.87E-04,-4.03E-04,-3.95E-04,-4.09E-04,-3.39E-04,-3.00E-04,-3.29E-04,-2.95E-04,-2.40E-04,-3.24E-04,-4.24E-04,-2.58E-04,-2.20E-04,-2.20E-04,-2.50E-04,-3.84E-04,-2.49E-04,-2.92E-04,-5.83E-05
1430,-5.49E-04,-2.86E-04,-4.01E-04,-3.89E-04,-4.05E-04,-3.44E-04,-2.97E-04,-3.27E-04,-2.93E-04,-2.41E-04,-3.19E-04,-4.22E-04,-2.56E-04,-2.15E-04,-2.16E-04,-2.53E-04,-3.83E-04,-2.46E-04,-2.88E-04,-5.66E-05
1431,-5.44E-04,-2.83E-04,-3.97E-04,-3.82E-04,-4.00E-04,-3.47E-04,-2.93E-04,-3.24E-04,-2.91E-04,-2.40E-04,-3.13E-04,-4.19E-04,-2.53E-04,-2.09E-04,-2.12E-04,-2.55E-04,-3.80E-04,-2.43E-04,-2.83E-04,-5.32E-05
1432,-5.37E-04,-2.80E-04,-3.92E-04,-3.74E-04,-3.94E-04,-3.50E-04,-2.88E-04,-3.20E-04,-2.86E-04,-2.38E-04,-3.07E-04,-4.14E-04,-2.49E-04,-2.03E-04,-2.07E-04,-2.57E-04,-3.77E-04,-2.38E-04,-2.77E-04,-4.85E-05
1433,-5.30E-04,-2.75E-04,-3.87E-04,-3.65E-04,-3.87E-04,-3.51E-04,-2.83E-04,-3.14E-04,-2.81E-04,-2.34E-04,-3.00E-04,-4.09E-04,-2.44E-04,-1.97E-04,-2.01E-04,-2.58E-04,-3.72E-04,-2.33E-04,-2.71E-04,-4.26E-05
1434,-5.22E-04,-2.70E-04,-3.81E-04,-3.56E-04,-3.79E-04,-3.52E-04,-2.76E-04,-3.07E-04,-2.75E-04,-2.29E-04,-2.92E-04,-4.03E-04,-2.39E-04,-1.90E-04,-1.96E-04,-2.58E-04,-3.67E-04,-2.27E-04,-2.64E-04,-3.59E-05
1435,-5.13E-04,-2.64E-04,-3.74E-04,-3.46E-04,-3.71E-04,-3.52E-04,-2.69E-04,-3.00E-04,-2.69E-04,-2.24E-04,-2.84E-04,-3.96E-04,-2.32E-04,-1.84E-04,-1.90E-04,-2.58E-04,-3.62E-04,-2.21E-04,-2.57E-04,-2.84E-05
1436,-5.05E-04,-2.57E-04,-3.67E-04,-3.35E-04,-3.63E-04,-3.52E-04,-2.62E-04,-2.93E-04,-2.62E-04,-2.17E-04,-2.76E-04,-3.89E-04,-2.25E-04,-1.77E-04,-1.85E-04,-2.58E-04,-3.56E-04,-2.15E-04,-2.51E-04,-2.06E-05
1437,-4.96E-04,-2.51E-04,-3.60E-04,-3.25E-04,-3.56E-04,-3.51E-04,-2.55E-04,-2.86E-04,-2.56E-04,-2.11E-04,-2.68E-04,-3.81E-04,-2.18E-04,-1.71E-04,-1.80E-04,-2.57E-04,-3.50E-04,-2.09E-04,-2.45E-04,-1.26E-05
1438,-4.87E-04,-2.44E-04,-3.53E-04,-3.14E-04,-3.49E-04,-3.50E-04,-2.47E-04,-2.79E-04,-2.49E-04,-2.04E-04,-2.59E-04,-3.73E-04,-2.10E-04,-1.66E-04,-1.76E-04,-2.55E-04,-3.43E-04,-2.02E-04,-2.39E-04,-4.55E-06
1439,-4.78E-04,-2.37E-04,-3.46E-04,-3.04E-04,-3.43E-04,-3.50E-04,-2.40E-04,-2.73E-04,-2.44E-04,-1.98E-04,-2.51E-04,-3.66E-04,-2.02E-04,-1.60E-04,-1.72E-04,-2.53E-04,-3.37E-04,-1.97E-04,-2.34E-04,3.29E-06
1440,-4.69E-04,-2.31E-04,-3.39E-04,-2.95E-04,-3.38E-04,-3.49E-04,-2.34E-04,-2.68E-04,-2.38E-04,-1.92E-04,-2.43E-04,-3.58E-04,-1.95E-04,-1.56E-04,-1.68E-04,-2.51E-04,-3.30E-04,-1.91E-04,-2.30E-04,1.09E-05
1441,-4.60E-04,-2.25E-04,-3.33E-04,-2.86E-04,-3.34E-04,-3.49E-04,-2.28E-04,-2.64E-04,-2.34E-04,-1.87E-04,-2.35E-04,-3.51E-04,-1.88E-04,-1.52E-04,-1.66E-04,-2.49E-04,-3.24E-04,-1.85E-04,-2.27E-04,1.81E-05
1442,-4.51E-04,-2.19E-04,-3.26E-04,-2.78E-04,-3.31E-04,-3.49E-04,-2.22E-04,-2.61E-04,-2.31E-04,-1.82E-04,-2.27E-04,-3.45E-04,-1.81E-04,-1.48E-04,-1.64E-04,-2.47E-04,-3.18E-04,-1.80E-04,-2.24E-04,2.50E-05
1443,-4.42E-04,-2.14E-04,-3.20E-04,-2.71E-04,-3.29E-04,-3.49E-04,-2.17E-04,-2.59E-04,-2.28E-04,-1.79E-04,-2.19E-04,-3.39E-04,-1.74E-04,-1.46E-04,-1.63E-04,-2.44E-04,-3.12E-04,-1.76E-04,-2.22E-04,3.15E-05
1444,-4.33E-04,-2.09E-04,-3.14E-04,-2.65E-04,-3.28E-04,-3.50E-04,-2.12E-04,-2.57E-04,-2.26E-04,-1.77E-04,-2.12E-04,-3.33E-04,-1.68E-04,-1.43E-04,-1.62E-04,-2.42E-04,-3.06E-04,-1.71E-04,-2.21E-04,3.76E-05
1445,-4.25E-04,-2.04E-04,-3.08E-04,-2.60E-04,-3.28E-04,-3.52E-04,-2.08E-04,-2.56E-04,-2.25E-04,-1.75E-04,-2.04E-04,-3.28E-04,-1.63E-04,-1.42E-04,-1.62E-04,-2.40E-04,-3.01E-04,-1.67E-04,-2.21E-04,4.35E-05
1446,-4.17E-04,-2.00E-04,-3.02E-04,-2.56E-04,-3.29E-04,-3.54E-04,-2.04E-04,-2.55E-04,-2.24E-04,-1.75E-04,-1.98E-04,-3.24E-04,-1.58E-04,-1.41E-04,-1.62E-04,-2.39E-04,-2.95E-04,-1.64E-04,-2.21E-04,4.92E-05
1447,-4.09E-04,-1.96E-04,-2.97E-04,-2.53E-04,-3.29E-04,-3.57E-04,-2.00E-04,-2.54E-04,-2.24E-04,-1.75E-04,-1.91E-04,-3.20E-04,-1.53E-04,-1.40E-04,-1.63E-04,-2.38E-04,-2.91E-04,-1.60E-04,-2.21E-04,5.46E-05
1448,-4.02E-04,-1.92E-04,-2.92E-04,-2.50E-04,-3.31E-04,-3.60E-04,-1.96E-04,-2.53E-04,-2.24E-04,-1.77E-04,-1.85E-04,-3.16E-04,-1.49E-04,-1.40E-04,-1.64E-04,-2.37E-04,-2.86E-04,-1.58E-04,-2.22E-04,5.99E-05
1449,-3.95E-04,-1.89E-04,-2.87E-04,-2.49E-04,-3.32E-04,-3.63E-04,-1.93E-04,-2.52E-04,-2.24E-04,-1.78E-04,-1.79E-04,-3.13E-04,-1.46E-04,-1.40E-04,-1.66E-04,-2.37E-04,-2.82E-04,-1.55E-04,-2.23E-04,6.49E-05
1450,-3.90E-04,-1.87E-04,-2.83E-04,-2.48E-04,-3.34E-04,-3.67E-04,-1.90E-04,-2.50E-04,-2.24E-04,-1.81E-04,-1.73E-04,-3.10E-04,-1.42E-04,-1.41E-04,-1.68E-04,-2.38E-04,-2.78E-04,-1.53E-04,-2.24E-04,6.97E-05
1451,-3.85E-04,-1.85E-04,-2.80E-04,-2.48E-04,-3.35E-04,-3.71E-04,-1.87E-04,-2.49E-04,-2.24E-04,-1.84E-04,-1.68E-04,-3.07E-04,-1.39E-04,-1.41E-04,-1.70E-04,-2.39E-04,-2.74E-04,-1.51E-04,-2.25E-04,7.43E-05
1452,-3.80E-04,-1.83E-04,-2.77E-04,-2.48E-04,-3.37E-04,-3.75E-04,-1.85E-04,-2.48E-04,-2.24E-04,-1.87E-04,-1.64E-04,-3.05E-04,-1.36E-04,-1.42E-04,-1.72E-04,-2.41E-04,-2.71E-04,-1.50E-04,-2.26E-04,7.84E-05
1453,-3.77E-04,-1.82E-04,-2.76E-04,-2.49E-04,-3.38E-04,-3.80E-04,-1.82E-04,-2.46E-04,-2.25E-04,-1.90E-04,-1.61E-04,-3.04E-04,-1.34E-04,-1.44E-04,-1.75E-04,-2.44E-04,-2.68E-04,-1.49E-04,-2.28E-04,8.20E-05
1454,-3.75E-04,-1.82E-04,-2.75E-04,-2.50E-04,-3.40E-04,-3.85E-04,-1.81E-04,-2.45E-04,-2.25E-04,-1.94E-04,-1.59E-04,-3.02E-04,-1.32E-04,-1.45E-04,-1.78E-04,-2.48E-04,-2.65E-04,-1.49E-04,-2.29E-04,8.50E-05
1455,-3.74E-04,-1.82E-04,-2.75E-04,-2.52E-04,-3.42E-04,-3.90E-04,-1.80E-04,-2.44E-04,-2.26E-04,-1.97E-04,-1.57E-04,-3.01E-04,-1.30E-04,-1.47E-04,-1.81E-04,-2.52E-04,-2.63E-04,-1.49E-04,-2.31E-04,8.71E-05
1456,-3.74E-04,-1.83E-04,-2.76E-04,-2.55E-04,-3.45E-04,-3.95E-04,-1.79E-04,-2.44E-04,-2.26E-04,-2.01E-04,-1.57E-04,-3.01E-04,-1.29E-04,-1.49E-04,-1.85E-04,-2.57E-04,-2.62E-04,-1.50E-04,-2.32E-04,8.84E-05
1457,-3.76E-04,-1.85E-04,-2.78E-04,-2.57E-04,-3.47E-04,-4.00E-04,-1.79E-04,-2.44E-04,-2.28E-04,-2.05E-04,-1.57E-04,-3.01E-04,-1.29E-04,-1.52E-04,-1.88E-04,-2.63E-04,-2.61E-04,-1.51E-04,-2.34E-04,8.87E-05
1458,-3.78E-04,-1.87E-04,-2.81E-04,-2.61E-04,-3.51E-04,-4.06E-04,-1.80E-04,-2.46E-04,-2.29E-04,-2.10E-04,-1.59E-04,-3.01E-04,-1.29E-04,-1.54E-04,-1.93E-04,-2.69E-04,-2.61E-04,-1.53E-04,-2.36E-04,8.79E-05
1459,-3.81E-04,-1.91E-04,-2.85E-04,-2.64E-04,-3.55E-04,-4.12E-04,-1.82E-04,-2.48E-04,-2.32E-04,-2.14E-04,-1.61E-04,-3.02E-04,-1.30E-04,-1.58E-04,-1.97E-04,-2.75E-04,-2.61E-04,-1.56E-04,-2.38E-04,8.59E-05
1460,-3.86E-04,-1.95E-04,-2.90E-04,-2.68E-04,-3.60E-04,-4.18E-04,-1.84E-04,-2.52E-04,-2.35E-04,-2.20E-04,-1.65E-04,-3.04E-04,-1.31E-04,-1.61E-04,-2.03E-04,-2.82E-04,-2.62E-04,-1.59E-04,-2.41E-04,8.28E-05
1461,-3.90E-04,-1.99E-04,-2.95E-04,-2.72E-04,-3.65E-04,-4.25E-04,-1.88E-04,-2.57E-04,-2.39E-04,-2.25E-04,-1.69E-04,-3.06E-04,-1.33E-04,-1.65E-04,-2.08E-04,-2.90E-04,-2.63E-04,-1.62E-04,-2.43E-04,7.86E-05
1462,-3.96E-04,-2.05E-04,-3.01E-04,-2.76E-04,-3.72E-04,-4.32E-04,-1.91E-04,-2.63E-04,-2.44E-04,-2.31E-04,-1.74E-04,-3.09E-04,-1.37E-04,-1.69E-04,-2.14E-04,-2.98E-04,-2.64E-04,-1.66E-04,-2.46E-04,7.34E-05
1463,-4.02E-04,-2.11E-04,-3.08E-04,-2.80E-04,-3.79E-04,-4.40E-04,-1.96E-04,-2.70E-04,-2.49E-04,-2.38E-04,-1.80E-04,-3.13E-04,-1.40E-04,-1.73E-04,-2.21E-04,-3.06E-04,-2.67E-04,-1.70E-04,-2.48E-04,6.73E-05
1464,-4.08E-04,-2.18E-04,-3.15E-04,-2.85E-04,-3.86E-04,-4.47E-04,-2.00E-04,-2.78E-04,-2.55E-04,-2.45E-04,-1.86E-04,-3.17E-04,-1.45E-04,-1.78E-04,-2.27E-04,-3.15E-04,-2.69E-04,-1.74E-04,-2.51E-04,6.05E-05
1465,-4.14E-04,-2.25E-04,-3.21E-04,-2.89E-04,-3.94E-04,-4.55E-04,-2.05E-04,-2.86E-04,-2.62E-04,-2.52E-04,-1.92E-04,-3.21E-04,-1.50E-04,-1.83E-04,-2.34E-04,-3.24E-04,-2.71E-04,-1.78E-04,-2.52E-04,5.32E-05
1466,-4.20E-04,-2.32E-04,-3.28E-04,-2.93E-04,-4.02E-04,-4.64E-04,-2.10E-04,-2.95E-04,-2.69E-04,-2.60E-04,-1.98E-04,-3.26E-04,-1.56E-04,-1.88E-04,-2.41E-04,-3.33E-04,-2.74E-04,-1.82E-04,-2.54E-04,4.55E-05
1467,-4.25E-04,-2.39E-04,-3.34E-04,-2.96E-04,-4.10E-04,-4.72E-04,-2.15E-04,-3.03E-04,-2.76E-04,-2.68E-04,-2.04E-04,-3.30E-04,-1.62E-04,-1.93E-04,-2.48E-04,-3.41E-04,-2.76E-04,-1.85E-04,-2.55E-04,3.77E-05
1468,-4.30E-04,-2.47E-04,-3.40E-04,-2.99E-04,-4.17E-04,-4.80E-04,-2.20E-04,-3.12E-04,-2.83E-04,-2.76E-04,-2.09E-04,-3.35E-04,-1.69E-04,-1.98E-04,-2.55E-04,-3.50E-04,-2.79E-04,-1.89E-04,-2.55E-04,2.99E-05
1469,-4.34E-04,-2.54E-04,-3.46E-04,-3.01E-04,-4.24E-04,-4.89E-04,-2.24E-04,-3.19E-04,-2.90E-04,-2.84E-04,-2.14E-04,-3.39E-04,-1.75E-04,-2.02E-04,-2.61E-04,-3.59E-04,-2.81E-04,-1.92E-04,-2.54E-04,2.24E-05
1470,-4.37E-04,-2.62E-04,-3.50E-04,-3.02E-04,-4.31E-04,-4.97E-04,-2.28E-04,-3.26E-04,-2.96E-04,-2.91E-04,-2.18E-04,-3.44E-04,-1.81E-04,-2.06E-04,-2.67E-04,-3.67E-04,-2.83E-04,-1.94E-04,-2.52E-04,1.52E-05
1471,-4.40E-04,-2.69E-04,-3.55E-04,-3.03E-04,-4.36E-04,-5.04E-04,-2.31E-04,-3.33E-04,-3.02E-04,-2.98E-04,-2.22E-04,-3.47E-04,-1.87E-04,-2.10E-04,-2.72E-04,-3.75E-04,-2.85E-04,-1.96E-04,-2.50E-04,8.38E-06
1472,-4.41E-04,-2.76E-04,-3.58E-04,-3.03E-04,-4.40E-04,-5.11E-04,-2.33E-04,-3.38E-04,-3.07E-04,-3.04E-04,-2.24E-04,-3.50E-04,-1.92E-04,-2.14E-04,-2.77E-04,-3.82E-04,-2.86E-04,-1.97E-04,-2.46E-04,2.12E-06
1473,-4.41E-04,-2.83E-04,-3.62E-04,-3.01E-04,-4.43E-04,-5.17E-04,-2.35E-04,-3.42E-04,-3.12E-04,-3.10E-04,-2.26E-04,-3.53E-04,-1.97E-04,-2.16E-04,-2.80E-04,-3.88E-04,-2.86E-04,-1.98E-04,-2.42E-04,-3.60E-06
1474,-4.40E-04,-2.89E-04,-3.64E-04,-2.99E-04,-4.45E-04,-5.22E-04,-2.36E-04,-3.45E-04,-3.15E-04,-3.15E-04,-2.27E-04,-3.55E-04,-2.01E-04,-2.18E-04,-2.83E-04,-3.94E-04,-2.86E-04,-1.98E-04,-2.36E-04,-8.76E-06
1475,-4.38E-04,-2.95E-04,-3.67E-04,-2.95E-04,-4.46E-04,-5.26E-04,-2.36E-04,-3.48E-04,-3.18E-04,-3.18E-04,-2.27E-04,-3.55E-04,-2.04E-04,-2.20E-04,-2.85E-04,-3.99E-04,-2.86E-04,-1.98E-04,-2.30E-04,-1.34E-05
1476,-4.35E-04,-3.01E-04,-3.69E-04,-2.91E-04,-4.46E-04,-5.28E-04,-2.37E-04,-3.50E-04,-3.20E-04,-3.21E-04,-2.27E-04,-3.55E-04,-2.06E-04,-2.21E-04,-2.85E-04,-4.03E-04,-2.85E-04,-1.97E-04,-2.23E-04,-1.75E-05
1477,-4.31E-04,-3.06E-04,-3.71E-04,-2.86E-04,-4.46E-04,-5.30E-04,-2.37E-04,-3.52E-04,-3.21E-04,-3.23E-04,-2.26E-04,-3.55E-04,-2.07E-04,-2.21E-04,-2.85E-04,-4.07E-04,-2.83E-04,-1.96E-04,-2.16E-04,-2.12E-05
1478,-4.27E-04,-3.11E-04,-3.72E-04,-2.80E-04,-4.44E-04,-5.31E-04,-2.36E-04,-3.53E-04,-3.21E-04,-3.24E-04,-2.25E-04,-3.53E-04,-2.07E-04,-2.20E-04,-2.84E-04,-4.10E-04,-2.81E-04,-1.94E-04,-2.09E-04,-2.45E-05
1479,-4.21E-04,-3.15E-04,-3.74E-04,-2.73E-04,-4.42E-04,-5.30E-04,-2.36E-04,-3.54E-04,-3.20E-04,-3.24E-04,-2.23E-04,-3.51E-04,-2.07E-04,-2.19E-04,-2.83E-04,-4.12E-04,-2.78E-04,-1.92E-04,-2.01E-04,-2.74E-05
1480,-4.15E-04,-3.19E-04,-3.75E-04,-2.65E-04,-4.40E-04,-5.29E-04,-2.35E-04,-3.56E-04,-3.19E-04,-3.24E-04,-2.20E-04,-3.48E-04,-2.05E-04,-2.17E-04,-2.81E-04,-4.13E-04,-2.75E-04,-1.89E-04,-1.93E-04,-2.99E-05
1481,-4.09E-04,-3.22E-04,-3.77E-04,-2.57E-04,-4.38E-04,-5.26E-04,-2.35E-04,-3.57E-04,-3.17E-04,-3.23E-04,-2.18E-04,-3.44E-04,-2.03E-04,-2.15E-04,-2.78E-04,-4.14E-04,-2.71E-04,-1.86E-04,-1.86E-04,-3.20E-05
1482,-4.01E-04,-3.25E-04,-3.78E-04,-2.48E-04,-4.35E-04,-5.23E-04,-2.34E-04,-3.58E-04,-3.16E-04,-3.22E-04,-2.15E-04,-3.40E-04,-2.00E-04,-2.12E-04,-2.75E-04,-4.14E-04,-2.66E-04,-1.83E-04,-1.79E-04,-3.38E-05
1483,-3.94E-04,-3.27E-04,-3.78E-04,-2.39E-04,-4.33E-04,-5.20E-04,-2.34E-04,-3.60E-04,-3.14E-04,-3.20E-04,-2.12E-04,-3.35E-04,-1.97E-04,-2.09E-04,-2.71E-04,-4.14E-04,-2.61E-04,-1.79E-04,-1.73E-04,-3.51E-05
1484,-3.85E-04,-3.28E-04,-3.78E-04,-2.30E-04,-4.30E-04,-5.15E-04,-2.33E-04,-3.61E-04,-3.11E-04,-3.18E-04,-2.09E-04,-3.30E-04,-1.93E-04,-2.06E-04,-2.68E-04,-4.14E-04,-2.56E-04,-1.75E-04,-1.67E-04,-3.58E-05
1485,-3.77E-04,-3.28E-04,-3.77E-04,-2.20E-04,-4.28E-04,-5.11E-04,-2.33E-04,-3.63E-04,-3.09E-04,-3.16E-04,-2.05E-04,-3.24E-04,-1.89E-04,-2.03E-04,-2.64E-04,-4.13E-04,-2.49E-04,-1.71E-04,-1.62E-04,-3.60E-05
1486,-3.68E-04,-3.27E-04,-3.76E-04,-2.10E-04,-4.26E-04,-5.06E-04,-2.32E-04,-3.64E-04,-3.06E-04,-3.13E-04,-2.01E-04,-3.18E-04,-1.85E-04,-1.99E-04,-2.60E-04,-4.13E-04,-2.43E-04,-1.67E-04,-1.57E-04,-3.55E-05
1487,-3.58E-04,-3.26E-04,-3.73E-04,-1.99E-04,-4.23E-04,-5.01E-04,-2.30E-04,-3.64E-04,-3.03E-04,-3.11E-04,-1.96E-04,-3.11E-04,-1.80E-04,-1.95E-04,-2.56E-04,-4.12E-04,-2.35E-04,-1.62E-04,-1.53E-04,-3.42E-05
1488,-3.48E-04,-3.23E-04,-3.70E-04,-1.88E-04,-4.21E-04,-4.96E-04,-2.28E-04,-3.63E-04,-3.00E-04,-3.08E-04,-1.90E-04,-3.04E-04,-1.75E-04,-1.91E-04,-2.52E-04,-4.12E-04,-2.27E-04,-1.57E-04,-1.49E-04,-3.21E-05
1489,-3.37E-04,-3.19E-04,-3.65E-04,-1.77E-04,-4.18E-04,-4.91E-04,-2.25E-04,-3.61E-04,-2.97E-04,-3.05E-04,-1.84E-04,-2.96E-04,-1.70E-04,-1.87E-04,-2.48E-04,-4.11E-04,-2.18E-04,-1.51E-04,-1.46E-04,-2.92E-05
1490,-3.25E-04,-3.14E-04,-3.59E-04,-1.65E-04,-4.14E-04,-4.86E-04,-2.21E-04,-3.58E-04,-2.93E-04,-3.02E-04,-1.78E-04,-2.88E-04,-1.65E-04,-1.83E-04,-2.44E-04,-4.11E-04,-2.09E-04,-1.46E-04,-1.43E-04,-2.54E-05
1491,-3.13E-04,-3.08E-04,-3.51E-04,-1.53E-04,-4.10E-04,-4.81E-04,-2.16E-04,-3.53E-04,-2.88E-04,-2.98E-04,-1.70E-04,-2.79E-04,-1.59E-04,-1.78E-04,-2.39E-04,-4.10E-04,-1.98E-04,-1.39E-04,-1.40E-04,-2.07E-05
1492,-2.99E-04,-3.00E-04,-3.42E-04,-1.40E-04,-4.05E-04,-4.76E-04,-2.09E-04,-3.46E-04,-2.82E-04,-2.93E-04,-1.61E-04,-2.70E-04,-1.53E-04,-1.73E-04,-2.35E-04,-4.09E-04,-1.87E-04,-1.32E-04,-1.38E-04,-1.53E-05
1493,-2.85E-04,-2.92E-04,-3.32E-04,-1.27E-04,-3.99E-04,-4.71E-04,-2.02E-04,-3.37E-04,-2.75E-04,-2.88E-04,-1.52E-04,-2.60E-04,-1.47E-04,-1.68E-04,-2.30E-04,-4.08E-04,-1.76E-04,-1.25E-04,-1.35E-04,-9.23E-06
1494,-2.70E-04,-2.83E-04,-3.20E-04,-1.13E-04,-3.92E-04,-4.66E-04,-1.93E-04,-3.26E-04,-2.68E-04,-2.82E-04,-1.42E-04,-2.49E-04,-1.40E-04,-1.62E-04,-2.25E-04,-4.06E-04,-1.63E-04,-1.18E-04,-1.33E-04,-2.55E-06
1495,-2.54E-04,-2.73E-04,-3.07E-04,-9.88E-05,-3.84E-04,-4.60E-04,-1.84E-04,-3.14E-04,-2.59E-04,-2.75E-04,-1.32E-04,-2.37E-04,-1.32E-04,-1.56E-04,-2.20E-04,-4.04E-04,-1.50E-04,-1.09E-04,-1.31E-04,4.54E-06
1496,-2.38E-04,-2.62E-04,-2.93E-04,-8.37E-05,-3.75E-04,-4.55E-04,-1.73E-04,-3.00E-04,-2.49E-04,-2.68E-04,-1.21E-04,-2.25E-04,-1.24E-04,-1.50E-04,-2.14E-04,-4.01E-04,-1.36E-04,-1.01E-04,-1.28E-04,1.19E-05
1497,-2.20E-04,-2.51E-04,-2.78E-04,-6.81E-05,-3.64E-04,-4.49E-04,-1.61E-04,-2.85E-04,-2.38E-04,-2.59E-04,-1.09E-04,-2.12E-04,-1.15E-04,-1.43E-04,-2.09E-04,-3.97E-04,-1.22E-04,-9.22E-05,-1.26E-04,1.94E-05
1498,-2.01E-04,-2.39E-04,-2.63E-04,-5.20E-05,-3.53E-04,-4.43E-04,-1.48E-04,-2.69E-04,-2.26E-04,-2.49E-04,-9.72E-05,-1.99E-04,-1.06E-04,-1.36E-04,-2.03E-04,-3.93E-04,-1.07E-04,-8.32E-05,-1.24E-04,2.69E-05
1499,-1.82E-04,-2.27E-04,-2.47E-04,-3.54E-05,-3.42E-04,-4.36E-04,-1.35E-04,-2.52E-04,-2.13E-04,-2.39E-04,-8.52E-05,-1.85E-04,-9.59E-05,-1.29E-04,-1.97E-04,-3.88E-04,-9.17E-05,-7.40E-05,-1.22E-04,3.42E-05
1500,-1.61E-04,-2.15E-04,-2.31E-04,-1.83E-05,-3.30E-04,-4.30E-04,-1.22E-04,-2.35E-04,-2.00E-04,-2.28E-04,-7.30E-05,-1.70E-04,-8.54E-05,-1.21E-04,-1.91E-04,-3.82E-04,-7.59E-05,-6.46E-05,-1.21E-04,4.13E-05
1501,-1.40E-04,-2.03E-04,-2.15E-04,-9.43E-07,-3.17E-04,-4.22E-04,-1.08E-04,-2.18E-04,-1.86E-04,-2.16E-04,-6.08E-05,-1.55E-04,-7.44E-05,-1.13E-04,-1.84E-04,-3.75E-04,-5.98E-05,-5.52E-05,-1.20E-04,4.81E-05
1502,-1.18E-04,-1.91E-04,-1.99E-04,1.67E-05,-3.05E-04,-4.15E-04,-9.43E-05,-2.02E-04,-1.73E-04,-2.04E-04,-4.88E-05,-1.41E-04,-6.30E-05,-1.05E-04,-1.78E-04,-3.68E-04,-4.34E-05,-4.59E-05,-1.19E-04,5.45E-05
1503,-9.57E-05,-1.79E-04,-1.84E-04,3.46E-05,-2.92E-04,-4.07E-04,-8.08E-05,-1.86E-04,-1.59E-04,-1.92E-04,-3.69E-05,-1.26E-04,-5.12E-05,-9.72E-05,-1.73E-04,-3.61E-04,-2.68E-05,-3.66E-05,-1.19E-04,6.06E-05
1504,-7.23E-05,-1.68E-04,-1.68E-04,5.25E-05,-2.80E-04,-4.00E-04,-6.75E-05,-1.71E-04,-1.46E-04,-1.81E-04,-2.52E-05,-1.10E-04,-3.91E-05,-8.94E-05,-1.67E-04,-3.53E-04,-1.00E-05,-2.75E-05,-1.19E-04,6.64E-05
1505,-4.83E-05,-1.56E-04,-1.53E-04,7.06E-05,-2.68E-04,-3.92E-04,-5.45E-05,-1.57E-04,-1.33E-04,-1.70E-04,-1.37E-05,-9.56E-05,-2.69E-05,-8.18E-05,-1.62E-04,-3.46E-04,6.86E-06,-1.86E-05,-1.20E-04,7.19E-05
1506,-2.37E-05,-1.45E-04,-1.39E-04,8.86E-05,-2.57E-04,-3.85E-04,-4.19E-05,-1.45E-04,-1.21E-04,-1.59E-04,-2.37E-06,-8.09E-05,-1.46E-05,-7.45E-05,-1.57E-04,-3.39E-04,2.38E-05,-9.96E-06,-1.22E-04,7.73E-05
1507,1.43E-06,-1.33E-04,-1.25E-04,1.07E-04,-2.46E-04,-3.78E-04,-2.97E-05,-1.33E-04,-1.09E-04,-1.50E-04,8.71E-06,-6.65E-05,-2.24E-06,-6.77E-05,-1.53E-04,-3.32E-04,4.08E-05,-1.61E-06,-1.25E-04,8.24E-05
1508,2.71E-05,-1.22E-04,-1.11E-04,1.24E-04,-2.36E-04,-3.71E-04,-1.78E-05,-1.22E-04,-9.93E-05,-1.41E-04,1.96E-05,-5.24E-05,9.99E-06,-6.13E-05,-1.49E-04,-3.26E-04,5.79E-05,6.42E-06,-1.27E-04,8.75E-05
1509,5.32E-05,-1.10E-04,-9.75E-05,1.42E-04,-2.26E-04,-3.65E-04,-6.19E-06,-1.13E-04,-9.03E-05,-1.33E-04,3.03E-05,-3.86E-05,2.21E-05,-5.55E-05,-1.46E-04,-3.21E-04,7.49E-05,1.41E-05,-1.31E-04,9.26E-05
1510,7.96E-05,-9.90E-05,-8.44E-05,1.60E-04,-2.17E-04,-3.59E-04,5.17E-06,-1.04E-04,-8.25E-05,-1.27E-04,4.08E-05,-2.52E-05,3.40E-05,-5.04E-05,-1.43E-04,-3.17E-04,9.18E-05,2.15E-05,-1.35E-04,9.75E-05
1511,1.06E-04,-8.73E-05,-7.15E-05,1.77E-04,-2.08E-04,-3.54E-04,1.64E-05,-9.53E-05,-7.58E-05,-1.21E-04,5.11E-05,-1.22E-05,4.56E-05,-4.60E-05,-1.40E-04,-3.13E-04,1.09E-04,2.84E-05,-1.39E-04,1.02E-04
1512,1.33E-04,-7.54E-05,-5.88E-05,1.94E-04,-2.00E-04,-3.49E-04,2.75E-05,-8.71E-05,-7.01E-05,-1.17E-04,6.11E-05,4.85E-07,5.70E-05,-4.22E-05,-1.38E-04,-3.11E-04,1.25E-04,3.50E-05,-1.43E-04,1.07E-04
1513,1.60E-04,-6.33E-05,-4.63E-05,2.10E-04,-1.91E-04,-3.44E-04,3.86E-05,-7.89E-05,-6.55E-05,-1.13E-04,7.08E-05,1.28E-05,6.81E-05,-3.92E-05,-1.37E-04,-3.09E-04,1.42E-04,4.12E-05,-1.47E-04,1.11E-04
1514,1.86E-04,-5.10E-05,-3.39E-05,2.26E-04,-1.83E-04,-3.40E-04,4.97E-05,-7.07E-05,-6.17E-05,-1.11E-04,8.01E-05,2.47E-05,7.88E-05,-3.70E-05,-1.35E-04,-3.09E-04,1.58E-04,4.69E-05,-1.52E-04,1.15E-04
1515,2.12E-04,-3.85E-05,-2.17E-05,2.41E-04,-1.75E-04,-3.36E-04,6.07E-05,-6.24E-05,-5.88E-05,-1.09E-04,8.87E-05,3.62E-05,8.92E-05,-3.55E-05,-1.34E-04,-3.09E-04,1.74E-04,5.21E-05,-1.56E-04,1.18E-04
1516,2.38E-04,-2.59E-05,-9.83E-06,2.55E-04,-1.67E-04,-3.33E-04,7.17E-05,-5.39E-05,-5.65E-05,-1.08E-04,9.67E-05,4.73E-05,9.91E-05,-3.47E-05,-1.33E-04,-3.09E-04,1.90E-04,5.68E-05,-1.60E-04,1.20E-04
1517,2.62E-04,-1.33E-05,1.70E-06,2.69E-04,-1.60E-04,-3.29E-04,8.25E-05,-4.54E-05,-5.48E-05,-1.08E-04,1.04E-04,5.80E-05,1.09E-04,-3.47E-05,-1.32E-04,-3.10E-04,2.05E-04,6.08E-05,-1.64E-04,1.21E-04
1518,2.86E-04,-8.50E-07,1.27E-05,2.81E-04,-1.52E-04,-3.26E-04,9.29E-05,-3.69E-05,-5.36E-05,-1.08E-04,1.10E-04,6.81E-05,1.18E-04,-3.54E-05,-1.31E-04,-3.11E-04,2.19E-04,6.41E-05,-1.67E-04,1.20E-04
1519,3.08E-04,1.13E-05,2.31E-05,2.92E-04,-1.45E-04,-3.23E-04,1.03E-04,-2.86E-05,-5.28E-05,-1.08E-04,1.15E-04,7.77E-05,1.26E-04,-3.67E-05,-1.30E-04,-3.12E-04,2.33E-04,6.66E-05,-1.71E-04,1.18E-04
1520,3.29E-04,2.30E-05,3.26E-05,3.02E-04,-1.38E-04,-3.21E-04,1.12E-04,-2.07E-05,-5.24E-05,-1.10E-04,1.19E-04,8.65E-05,1.34E-04,-3.88E-05,-1.30E-04,-3.13E-04,2.46E-04,6.82E-05,-1.74E-04,1.14E-04
1521,3.48E-04,3.40E-05,4.11E-05,3.10E-04,-1.32E-04,-3.19E-04,1.21E-04,-1.37E-05,-5.24E-05,-1.11E-04,1.21E-04,9.46E-05,1.41E-04,-4.15E-05,-1.29E-04,-3.13E-04,2.58E-04,6.89E-05,-1.77E-04,1.09E-04
1522,3.65E-04,4.42E-05,4.85E-05,3.17E-04,-1.26E-04,-3.17E-04,1.28E-04,-7.59E-06,-5.29E-05,-1.14E-04,1.23E-04,1.02E-04,1.47E-04,-4.47E-05,-1.28E-04,-3.14E-04,2.68E-04,6.84E-05,-1.80E-04,1.01E-04
1523,3.80E-04,5.34E-05,5.45E-05,3.22E-04,-1.22E-04,-3.16E-04,1.34E-04,-2.80E-06,-5.38E-05,-1.17E-04,1.23E-04,1.08E-04,1.52E-04,-4.86E-05,-1.28E-04,-3.14E-04,2.78E-04,6.69E-05,-1.83E-04,9.21E-05
1524,3.94E-04,6.15E-05,5.91E-05,3.26E-04,-1.18E-04,-3.16E-04,1.39E-04,4.69E-07,-5.52E-05,-1.20E-04,1.22E-04,1.13E-04,1.57E-04,-5.29E-05,-1.28E-04,-3.14E-04,2.86E-04,6.43E-05,-1.85E-04,8.13E-05
1525,4.05E-04,6.83E-05,6.23E-05,3.28E-04,-1.16E-04,-3.17E-04,1.43E-04,2.04E-06,-5.71E-05,-1.25E-04,1.20E-04,1.16E-04,1.60E-04,-5.77E-05,-1.28E-04,-3.14E-04,2.92E-04,6.06E-05,-1.88E-04,6.92E-05
1526,4.15E-04,7.37E-05,6.39E-05,3.29E-04,-1.15E-04,-3.19E-04,1.45E-04,1.80E-06,-5.97E-05,-1.31E-04,1.17E-04,1.19E-04,1.62E-04,-6.29E-05,-1.28E-04,-3.14E-04,2.98E-04,5.58E-05,-1.91E-04,5.58E-05
1527,4.24E-04,7.77E-05,6.41E-05,3.28E-04,-1.14E-04,-3.23E-04,1.45E-04,-2.92E-07,-6.28E-05,-1.38E-04,1.14E-04,1.20E-04,1.64E-04,-6.83E-05,-1.28E-04,-3.14E-04,3.02E-04,5.00E-05,-1.93E-04,4.15E-05
1528,4.31E-04,8.04E-05,6.28E-05,3.27E-04,-1.15E-04,-3.28E-04,1.44E-04,-4.17E-06,-6.67E-05,-1.46E-04,1.11E-04,1.20E-04,1.64E-04,-7.39E-05,-1.29E-04,-3.14E-04,3.04E-04,4.35E-05,-1.96E-04,2.67E-05
1529,4.37E-04,8.17E-05,6.04E-05,3.25E-04,-1.17E-04,-3.33E-04,1.42E-04,-9.68E-06,-7.11E-05,-1.55E-04,1.07E-04,1.18E-04,1.64E-04,-7.95E-05,-1.29E-04,-3.15E-04,3.06E-04,3.63E-05,-1.98E-04,1.15E-05
1530,4.43E-04,8.18E-05,5.70E-05,3.22E-04,-1.19E-04,-3.40E-04,1.39E-04,-1.66E-05,-7.60E-05,-1.64E-04,1.04E-04,1.16E-04,1.63E-04,-8.49E-05,-1.29E-04,-3.16E-04,3.06E-04,2.86E-05,-1.99E-04,-3.67E-06
1531,4.48E-04,8.08E-05,5.28E-05,3.19E-04,-1.21E-04,-3.48E-04,1.35E-04,-2.46E-05,-8.14E-05,-1.75E-04,1.02E-04,1.12E-04,1.61E-04,-8.99E-05,-1.28E-04,-3.18E-04,3.05E-04,2.09E-05,-2.01E-04,-1.86E-05
1532,4.53E-04,7.90E-05,4.81E-05,3.16E-04,-1.24E-04,-3.56E-04,1.30E-04,-3.34E-05,-8.70E-05,-1.86E-04,1.00E-04,1.08E-04,1.60E-04,-9.45E-05,-1.27E-04,-3.20E-04,3.04E-04,1.32E-05,-2.01E-04,-3.29E-05
1533,4.59E-04,7.65E-05,4.33E-05,3.14E-04,-1.26E-04,-3.64E-04,1.25E-04,-4.26E-05,-9.27E-05,-1.97E-04,9.99E-05,1.03E-04,1.58E-04,-9.83E-05,-1.26E-04,-3.23E-04,3.02E-04,5.98E-06,-2.00E-04,-4.64E-05
1534,4.65E-04,7.37E-05,3.87E-05,3.12E-04,-1.28E-04,-3.72E-04,1.19E-04,-5.17E-05,-9.83E-05,-2.08E-04,1.01E-04,9.86E-05,1.57E-04,-1.01E-04,-1.23E-04,-3.25E-04,3.00E-04,-5.37E-07,-1.98E-04,-5.91E-05
1535,4.73E-04,7.07E-05,3.45E-05,3.11E-04,-1.28E-04,-3.79E-04,1.14E-04,-6.04E-05,-1.04E-04,-2.19E-04,1.02E-04,9.39E-05,1.56E-04,-1.03E-04,-1.19E-04,-3.27E-04,2.98E-04,-6.04E-06,-1.95E-04,-7.06E-05
1536,4.82E-04,6.78E-05,3.12E-05,3.11E-04,-1.28E-04,-3.85E-04,1.10E-04,-6.82E-05,-1.08E-04,-2.28E-04,1.05E-04,8.95E-05,1.56E-04,-1.04E-04,-1.13E-04,-3.29E-04,2.96E-04,-1.03E-05,-1.90E-04,-8.09E-05
1537,4.92E-04,6.55E-05,2.89E-05,3.13E-04,-1.26E-04,-3.89E-04,1.06E-04,-7.49E-05,-1.12E-04,-2.37E-04,1.09E-04,8.59E-05,1.56E-04,-1.03E-04,-1.07E-04,-3.29E-04,2.95E-04,-1.30E-05,-1.84E-04,-9.00E-05
1538,5.04E-04,6.38E-05,2.79E-05,3.15E-04,-1.22E-04,-3.91E-04,1.03E-04,-8.01E-05,-1.15E-04,-2.43E-04,1.14E-04,8.31E-05,1.59E-04,-1.01E-04,-9.79E-05,-3.29E-04,2.95E-04,-1.40E-05,-1.75E-04,-9.77E-05
1539,5.18E-04,6.30E-05,2.85E-05,3.19E-04,-1.16E-04,-3.90E-04,1.01E-04,-8.38E-05,-1.17E-04,-2.48E-04,1.20E-04,8.16E-05,1.62E-04,-9.75E-05,-8.76E-05,-3.26E-04,2.95E-04,-1.32E-05,-1.65E-04,-1.04E-04
1540,5.33E-04,6.34E-05,3.07E-05,3.24E-04,-1.09E-04,-3.86E-04,9.95E-05,-8.56E-05,-1.17E-04,-2.51E-04,1.26E-04,8.14E-05,1.67E-04,-9.25E-05,-7.54E-05,-3.22E-04,2.97E-04,-1.05E-05,-1.53E-04,-1.09E-04
1541,5.49E-04,6.51E-05,3.47E-05,3.30E-04,-9.99E-05,-3.80E-04,9.96E-05,-8.57E-05,-1.16E-04,-2.52E-04,1.33E-04,8.26E-05,1.73E-04,-8.60E-05,-6.16E-05,-3.16E-04,3.00E-04,-5.88E-06,-1.39E-04,-1.12E-04
1542,5.67E-04,6.83E-05,4.04E-05,3.37E-04,-8.90E-05,-3.70E-04,1.01E-04,-8.39E-05,-1.13E-04,-2.51E-04,1.40E-04,8.54E-05,1.81E-04,-7.83E-05,-4.61E-05,-3.08E-04,3.04E-04,5.76E-07,-1.23E-04,-1.14E-04
1543,5.85E-04,7.30E-05,4.78E-05,3.45E-04,-7.66E-05,-3.58E-04,1.03E-04,-8.04E-05,-1.09E-04,-2.48E-04,1.46E-04,8.98E-05,1.91E-04,-6.93E-05,-2.92E-05,-2.98E-04,3.09E-04,8.75E-06,-1.06E-04,-1.14E-04
1544,6.04E-04,7.93E-05,5.68E-05,3.53E-04,-6.29E-05,-3.44E-04,1.06E-04,-7.54E-05,-1.03E-04,-2.43E-04,1.53E-04,9.57E-05,2.01E-04,-5.94E-05,-1.11E-05,-2.86E-04,3.16E-04,1.84E-05,-8.83E-05,-1.13E-04
1545,6.23E-04,8.71E-05,6.74E-05,3.61E-04,-4.82E-05,-3.28E-04,1.11E-04,-6.89E-05,-9.57E-05,-2.36E-04,1.60E-04,1.03E-04,2.13E-04,-4.87E-05,8.00E-06,-2.72E-04,3.24E-04,2.95E-05,-6.93E-05,-1.10E-04
1546,6.42E-04,9.66E-05,7.92E-05,3.68E-04,-3.28E-05,-3.11E-04,1.16E-04,-6.11E-05,-8.73E-05,-2.28E-04,1.66E-04,1.12E-04,2.25E-04,-3.74E-05,2.77E-05,-2.57E-04,3.34E-04,4.15E-05,-4.98E-05,-1.05E-04
1547,6.61E-04,1.07E-04,9.22E-05,3.76E-04,-1.70E-05,-2.93E-04,1.21E-04,-5.23E-05,-7.77E-05,-2.19E-04,1.72E-04,1.21E-04,2.37E-04,-2.59E-05,4.76E-05,-2.41E-04,3.44E-04,5.43E-05,-3.01E-05,-9.76E-05
1548,6.79E-04,1.20E-04,1.06E-04,3.82E-04,-1.18E-06,-2.74E-04,1.28E-04,-4.26E-05,-6.73E-05,-2.10E-04,1.78E-04,1.32E-04,2.50E-04,-1.44E-05,6.75E-05,-2.24E-04,3.55E-04,6.74E-05,-1.07E-05,-8.89E-05
1549,6.96E-04,1.33E-04,1.21E-04,3.87E-04,1.44E-05,-2.57E-04,1.35E-04,-3.22E-05,-5.63E-05,-2.00E-04,1.84E-04,1.43E-04,2.63E-04,-3.18E-06,8.70E-05,-2.07E-04,3.67E-04,8.08E-05,8.24E-06,-7.84E-05
1550,7.12E-04,1.47E-04,1.35E-04,3.91E-04,2.96E-05,-2.41E-04,1.42E-04,-2.12E-05,-4.47E-05,-1.91E-04,1.91E-04,1.54E-04,2.75E-04,7.55E-06,1.06E-04,-1.91E-04,3.79E-04,9.39E-05,2.62E-05,-6.64E-05
1551,7.27E-04,1.62E-04,1.50E-04,3.94E-04,4.40E-05,-2.26E-04,1.50E-04,-9.74E-06,-3.29E-05,-1.82E-04,1.97E-04,1.66E-04,2.86E-04,1.76E-05,1.23E-04,-1.76E-04,3.92E-04,1.07E-04,4.31E-05,-5.31E-05
1552,7.41E-04,1.78E-04,1.66E-04,3.95E-04,5.77E-05,-2.13E-04,1.58E-04,2.10E-06,-2.10E-05,-1.74E-04,2.05E-04,1.77E-04,2.96E-04,2.67E-05,1.40E-04,-1.62E-04,4.04E-04,1.19E-04,5.85E-05,-3.88E-05
1553,7.53E-04,1.94E-04,1.80E-04,3.95E-04,7.04E-05,-2.03E-04,1.66E-04,1.43E-05,-9.27E-06,-1.66E-04,2.12E-04,1.88E-04,3.05E-04,3.47E-05,1.54E-04,-1.49E-04,4.17E-04,1.30E-04,7.24E-05,-2.41E-05
1554,7.64E-04,2.10E-04,1.95E-04,3.93E-04,8.20E-05,-1.94E-04,1.74E-04,2.67E-05,2.28E-06,-1.60E-04,2.21E-04,1.98E-04,3.13E-04,4.15E-05,1.68E-04,-1.39E-04,4.28E-04,1.40E-04,8.47E-05,-9.37E-06
1555,7.74E-04,2.26E-04,2.09E-04,3.89E-04,9.27E-05,-1.88E-04,1.83E-04,3.94E-05,1.35E-05,-1.54E-04,2.30E-04,2.07E-04,3.19E-04,4.72E-05,1.79E-04,-1.30E-04,4.40E-04,1.50E-04,9.53E-05,4.81E-06
1556,7.82E-04,2.42E-04,2.22E-04,3.85E-04,1.02E-04,-1.84E-04,1.92E-04,5.23E-05,2.43E-05,-1.49E-04,2.40E-04,2.15E-04,3.24E-04,5.15E-05,1.88E-04,-1.23E-04,4.50E-04,1.58E-04,1.04E-04,1.79E-05
1557,7.88E-04,2.57E-04,2.34E-04,3.78E-04,1.11E-04,-1.82E-04,2.01E-04,6.53E-05,3.48E-05,-1.45E-04,2.51E-04,2.22E-04,3.27E-04,5.46E-05,1.96E-04,-1.18E-04,4.60E-04,1.65E-04,1.11E-04,2.94E-05
1558,7.94E-04,2.71E-04,2.46E-04,3.71E-04,1.19E-04,-1.80E-04,2.10E-04,7.85E-05,4.47E-05,-1.41E-04,2.61E-04,2.29E-04,3.28E-04,5.65E-05,2.02E-04,-1.15E-04,4.68E-04,1.72E-04,1.17E-04,3.87E-05
1559,7.98E-04,2.84E-04,2.57E-04,3.63E-04,1.27E-04,-1.80E-04,2.18E-04,9.17E-05,5.43E-05,-1.37E-04,2.72E-04,2.33E-04,3.29E-04,5.73E-05,2.06E-04,-1.13E-04,4.76E-04,1.77E-04,1.22E-04,4.55E-05
1560,8.02E-04,2.96E-04,2.66E-04,3.53E-04,1.33E-04,-1.79E-04,2.27E-04,1.05E-04,6.35E-05,-1.33E-04,2.82E-04,2.37E-04,3.28E-04,5.69E-05,2.09E-04,-1.11E-04,4.82E-04,1.82E-04,1.25E-04,4.94E-05
1561,8.04E-04,3.07E-04,2.75E-04,3.42E-04,1.39E-04,-1.79E-04,2.35E-04,1.18E-04,7.23E-05,-1.29E-04,2.91E-04,2.40E-04,3.25E-04,5.57E-05,2.10E-04,-1.11E-04,4.88E-04,1.86E-04,1.28E-04,5.05E-05
1562,8.05E-04,3.16E-04,2.83E-04,3.31E-04,1.45E-04,-1.79E-04,2.43E-04,1.30E-04,8.07E-05,-1.24E-04,2.98E-04,2.41E-04,3.22E-04,5.35E-05,2.09E-04,-1.10E-04,4.92E-04,1.89E-04,1.29E-04,4.86E-05
1563,8.05E-04,3.23E-04,2.91E-04,3.19E-04,1.50E-04,-1.78E-04,2.51E-04,1.42E-04,8.89E-05,-1.19E-04,3.04E-04,2.41E-04,3.18E-04,5.06E-05,2.08E-04,-1.10E-04,4.95E-04,1.92E-04,1.30E-04,4.41E-05
1564,8.03E-04,3.29E-04,2.97E-04,3.06E-04,1.54E-04,-1.77E-04,2.57E-04,1.53E-04,9.67E-05,-1.14E-04,3.07E-04,2.40E-04,3.13E-04,4.71E-05,2.05E-04,-1.10E-04,4.97E-04,1.95E-04,1.30E-04,3.72E-05
1565,8.01E-04,3.34E-04,3.03E-04,2.92E-04,1.58E-04,-1.75E-04,2.63E-04,1.64E-04,1.04E-04,-1.09E-04,3.08E-04,2.38E-04,3.07E-04,4.29E-05,2.02E-04,-1.09E-04,4.98E-04,1.97E-04,1.29E-04,2.86E-05
1566,7.97E-04,3.37E-04,3.07E-04,2.77E-04,1.61E-04,-1.74E-04,2.68E-04,1.73E-04,1.12E-04,-1.04E-04,3.06E-04,2.35E-04,3.00E-04,3.81E-05,1.97E-04,-1.09E-04,4.98E-04,1.99E-04,1.28E-04,1.89E-05
1567,7.92E-04,3.38E-04,3.11E-04,2.63E-04,1.64E-04,-1.74E-04,2.72E-04,1.81E-04,1.18E-04,-9.90E-05,3.01E-04,2.31E-04,2.93E-04,3.30E-05,1.92E-04,-1.09E-04,4.97E-04,2.01E-04,1.27E-04,8.87E-06
1568,7.86E-04,3.38E-04,3.15E-04,2.47E-04,1.66E-04,-1.74E-04,2.75E-04,1.88E-04,1.25E-04,-9.45E-05,2.93E-04,2.27E-04,2.86E-04,2.73E-05,1.86E-04,-1.10E-04,4.96E-04,2.03E-04,1.24E-04,-8.12E-07
1569,7.78E-04,3.36E-04,3.17E-04,2.32E-04,1.68E-04,-1.76E-04,2.78E-04,1.94E-04,1.31E-04,-9.09E-05,2.81E-04,2.22E-04,2.77E-04,2.14E-05,1.79E-04,-1.11E-04,4.93E-04,2.04E-04,1.21E-04,-9.38E-06
1570,7.70E-04,3.33E-04,3.20E-04,2.16E-04,1.69E-04,-1.80E-04,2.79E-04,1.98E-04,1.37E-04,-8.82E-05,2.67E-04,2.16E-04,2.68E-04,1.51E-05,1.72E-04,-1.13E-04,4.91E-04,2.06E-04,1.17E-04,-1.62E-05
1571,7.60E-04,3.30E-04,3.21E-04,2.00E-04,1.70E-04,-1.86E-04,2.79E-04,2.01E-04,1.42E-04,-8.66E-05,2.51E-04,2.10E-04,2.59E-04,8.53E-06,1.64E-04,-1.16E-04,4.87E-04,2.07E-04,1.13E-04,-2.08E-05
1572,7.50E-04,3.25E-04,3.22E-04,1.84E-04,1.70E-04,-1.95E-04,2.79E-04,2.03E-04,1.47E-04,-8.63E-05,2.33E-04,2.03E-04,2.49E-04,1.78E-06,1.55E-04,-1.21E-04,4.83E-04,2.07E-04,1.08E-04,-2.28E-05
1573,7.39E-04,3.20E-04,3.23E-04,1.68E-04,1.70E-04,-2.07E-04,2.79E-04,2.04E-04,1.51E-04,-8.73E-05,2.13E-04,1.97E-04,2.38E-04,-5.08E-06,1.46E-04,-1.27E-04,4.79E-04,2.08E-04,1.02E-04,-2.22E-05
1574,7.28E-04,3.14E-04,3.24E-04,1.53E-04,1.70E-04,-2.21E-04,2.78E-04,2.05E-04,1.55E-04,-8.93E-05,1.93E-04,1.91E-04,2.28E-04,-1.20E-05,1.37E-04,-1.34E-04,4.75E-04,2.09E-04,9.50E-05,-1.91E-05
1575,7.17E-04,3.09E-04,3.25E-04,1.39E-04,1.69E-04,-2.37E-04,2.77E-04,2.05E-04,1.59E-04,-9.21E-05,1.72E-04,1.84E-04,2.16E-04,-1.88E-05,1.27E-04,-1.42E-04,4.70E-04,2.09E-04,8.80E-05,-1.40E-05
1576,7.05E-04,3.04E-04,3.25E-04,1.25E-04,1.69E-04,-2.54E-04,2.77E-04,2.05E-04,1.62E-04,-9.53E-05,1.52E-04,1.79E-04,2.05E-04,-2.55E-05,1.17E-04,-1.50E-04,4.65E-04,2.09E-04,8.08E-05,-7.47E-06
1577,6.95E-04,2.98E-04,3.26E-04,1.13E-04,1.69E-04,-2.71E-04,2.77E-04,2.05E-04,1.65E-04,-9.85E-05,1.32E-04,1.73E-04,1.94E-04,-3.18E-05,1.07E-04,-1.58E-04,4.60E-04,2.10E-04,7.36E-05,-3.58E-07
1578,6.84E-04,2.94E-04,3.26E-04,1.02E-04,1.69E-04,-2.87E-04,2.77E-04,2.06E-04,1.68E-04,-1.01E-04,1.14E-04,1.69E-04,1.83E-04,-3.78E-05,9.73E-05,-1.65E-04,4.55E-04,2.10E-04,6.68E-05,6.33E-06
1579,6.75E-04,2.90E-04,3.27E-04,9.25E-05,1.70E-04,-3.01E-04,2.78E-04,2.07E-04,1.71E-04,-1.03E-04,9.73E-05,1.65E-04,1.72E-04,-4.33E-05,8.77E-05,-1.70E-04,4.51E-04,2.11E-04,6.08E-05,1.15E-05
1580,6.66E-04,2.87E-04,3.28E-04,8.46E-05,1.72E-04,-3.12E-04,2.79E-04,2.08E-04,1.74E-04,-1.02E-04,8.27E-05,1.62E-04,1.62E-04,-4.82E-05,7.85E-05,-1.73E-04,4.46E-04,2.13E-04,5.58E-05,1.42E-05
1581,6.58E-04,2.84E-04,3.29E-04,7.84E-05,1.74E-04,-3.18E-04,2.82E-04,2.10E-04,1.77E-04,-9.99E-05,7.01E-05,1.60E-04,1.53E-04,-5.25E-05,6.98E-05,-1.72E-04,4.41E-04,2.14E-04,5.21E-05,1.32E-05
1582,6.51E-04,2.82E-04,3.30E-04,7.37E-05,1.77E-04,-3.18E-04,2.84E-04,2.13E-04,1.81E-04,-9.49E-05,5.96E-05,1.59E-04,1.44E-04,-5.62E-05,6.17E-05,-1.67E-04,4.37E-04,2.16E-04,5.00E-05,7.90E-06
1583,6.45E-04,2.81E-04,3.30E-04,7.06E-05,1.81E-04,-3.12E-04,2.87E-04,2.16E-04,1.85E-04,-8.72E-05,5.10E-05,1.59E-04,1.36E-04,-5.93E-05,5.42E-05,-1.58E-04,4.32E-04,2.18E-04,4.97E-05,-2.49E-06
1584,6.40E-04,2.81E-04,3.31E-04,6.90E-05,1.85E-04,-2.98E-04,2.91E-04,2.19E-04,1.88E-04,-7.67E-05,4.41E-05,1.59E-04,1.30E-04,-6.18E-05,4.74E-05,-1.44E-04,4.27E-04,2.21E-04,5.12E-05,-1.82E-05
1585,6.35E-04,2.80E-04,3.31E-04,6.85E-05,1.89E-04,-2.77E-04,2.94E-04,2.22E-04,1.92E-04,-6.36E-05,3.86E-05,1.60E-04,1.24E-04,-6.39E-05,4.12E-05,-1.25E-04,4.22E-04,2.23E-04,5.45E-05,-3.93E-05
1586,6.30E-04,2.80E-04,3.31E-04,6.91E-05,1.93E-04,-2.49E-04,2.96E-04,2.24E-04,1.96E-04,-4.83E-05,3.40E-05,1.61E-04,1.19E-04,-6.57E-05,3.55E-05,-1.02E-04,4.16E-04,2.26E-04,5.94E-05,-6.54E-05
1587,6.25E-04,2.80E-04,3.30E-04,7.04E-05,1.97E-04,-2.15E-04,2.98E-04,2.26E-04,2.00E-04,-3.14E-05,3.00E-05,1.62E-04,1.14E-04,-6.73E-05,3.02E-05,-7.58E-05,4.10E-04,2.28E-04,6.56E-05,-9.58E-05
1588,6.20E-04,2.79E-04,3.28E-04,7.20E-05,1.99E-04,-1.76E-04,2.99E-04,2.27E-04,2.03E-04,-1.36E-05,2.61E-05,1.62E-04,1.10E-04,-6.91E-05,2.51E-05,-4.72E-05,4.03E-04,2.30E-04,7.26E-05,-1.29E-04
1589,6.14E-04,2.77E-04,3.24E-04,7.38E-05,2.01E-04,-1.33E-04,2.99E-04,2.26E-04,2.06E-04,3.93E-06,2.19E-05,1.62E-04,1.06E-04,-7.12E-05,2.02E-05,-1.77E-05,3.94E-04,2.31E-04,8.00E-05,-1.65E-04
1590,6.08E-04,2.74E-04,3.20E-04,7.53E-05,2.02E-04,-8.88E-05,2.96E-04,2.22E-04,2.07E-04,2.02E-05,1.70E-05,1.61E-04,1.01E-04,-7.39E-05,1.50E-05,1.11E-05,3.85E-04,2.31E-04,8.70E-05,-2.01E-04
1591,5.99E-04,2.70E-04,3.14E-04,7.61E-05,2.00E-04,-4.45E-05,2.92E-04,2.17E-04,2.08E-04,3.42E-05,1.11E-05,1.58E-04,9.65E-05,-7.74E-05,9.55E-06,3.75E-05,3.74E-04,2.30E-04,9.30E-05,-2.36E-04
1592,5.90E-04,2.64E-04,3.06E-04,7.61E-05,1.97E-04,-2.78E-06,2.86E-04,2.10E-04,2.07E-04,4.47E-05,4.00E-06,1.54E-04,9.07E-05,-8.19E-05,3.52E-06,5.96E-05,3.62E-04,2.27E-04,9.73E-05,-2.68E-04
1593,5.79E-04,2.57E-04,2.96E-04,7.50E-05,1.91E-04,3.43E-05,2.77E-04,2.00E-04,2.04E-04,5.07E-05,-4.46E-06,1.48E-04,8.36E-05,-8.76E-05,-3.23E-06,7.58E-05,3.48E-04,2.21E-04,9.92E-05,-2.97E-04
1594,5.66E-04,2.47E-04,2.85E-04,7.25E-05,1.83E-04,6.48E-05,2.66E-04,1.87E-04,2.00E-04,5.13E-05,-1.43E-05,1.40E-04,7.51E-05,-9.45E-05,-1.08E-05,8.46E-05,3.33E-04,2.14E-04,9.81E-05,-3.19E-04
1595,5.51E-04,2.36E-04,2.71E-04,6.84E-05,1.73E-04,8.70E-05,2.53E-04,1.72E-04,1.93E-04,4.61E-05,-2.56E-05,1.30E-04,6.49E-05,-1.03E-04,-1.94E-05,8.48E-05,3.16E-04,2.05E-04,9.37E-05,-3.36E-04
1596,5.34E-04,2.23E-04,2.56E-04,6.28E-05,1.61E-04,9.96E-05,2.38E-04,1.55E-04,1.85E-04,3.47E-05,-3.80E-05,1.18E-04,5.29E-05,-1.12E-04,-2.89E-05,7.57E-05,2.97E-04,1.94E-04,8.55E-05,-3.45E-04
1597,5.17E-04,2.08E-04,2.40E-04,5.55E-05,1.46E-04,1.02E-04,2.20E-04,1.36E-04,1.74E-04,1.71E-05,-5.15E-05,1.04E-04,3.90E-05,-1.23E-04,-3.93E-05,5.72E-05,2.76E-04,1.80E-04,7.35E-05,-3.47E-04
1598,4.97E-04,1.92E-04,2.22E-04,4.66E-05,1.30E-04,9.39E-05,2.02E-04,1.15E-04,1.62E-04,-6.25E-06,-6.57E-05,8.81E-05,2.34E-05,-1.35E-04,-5.05E-05,2.95E-05,2.55E-04,1.65E-04,5.79E-05,-3.42E-04
1599,4.77E-04,1.75E-04,2.04E-04,3.62E-05,1.12E-04,7.60E-05,1.82E-04,9.38E-05,1.47E-04,-3.47E-05,-8.03E-05,7.09E-05,6.24E-06,-1.48E-04,-6.24E-05,-6.25E-06,2.32E-04,1.48E-04,3.89E-05,-3.31E-04
1600,4.56E-04,1.56E-04,1.84E-04,2.45E-05,9.34E-05,4.95E-05,1.60E-04,7.18E-05,1.32E-04,-6.73E-05,-9.51E-05,5.26E-05,-1.22E-05,-1.61E-04,-7.47E-05,-4.86E-05,2.09E-04,1.30E-04,1.71E-05,-3.15E-04
1601,4.34E-04,1.37E-04,1.64E-04,1.16E-05,7.43E-05,1.60E-05,1.39E-04,4.98E-05,1.15E-04,-1.03E-04,-1.10E-04,3.37E-05,-3.17E-05,-1.74E-04,-8.70E-05,-9.57E-05,1.85E-04,1.12E-04,-6.64E-06,-2.94E-04
1602,4.13E-04,1.18E-04,1.44E-04,-2.22E-06,5.52E-05,-2.23E-05,1.17E-04,2.82E-05,9.82E-05,-1.39E-04,-1.24E-04,1.45E-05,-5.16E-05,-1.88E-04,-9.92E-05,-1.45E-04,1.61E-04,9.29E-05,-3.15E-05,-2.71E-04
1603,3.91E-04,9.92E-05,1.24E-04,-1.67E-05,3.66E-05,-6.28E-05,9.56E-05,7.54E-06,8.08E-05,-1.76E-04,-1.37E-04,-4.43E-06,-7.15E-05,-2.01E-04,-1.11E-04,-1.94E-04,1.37E-04,7.44E-05,-5.64E-05,-2.48E-04
1604,3.70E-04,8.09E-05,1.04E-04,-3.15E-05,1.90E-05,-1.03E-04,7.46E-05,-1.17E-05,6.36E-05,-2.10E-04,-1.50E-04,-2.26E-05,-9.09E-05,-2.12E-04,-1.22E-04,-2.39E-04,1.15E-04,5.66E-05,-8.03E-05,-2.26E-04
1605,3.49E-04,6.36E-05,8.58E-05,-4.64E-05,2.90E-06,-1.40E-04,5.45E-05,-2.93E-05,4.71E-05,-2.41E-04,-1.61E-04,-3.97E-05,-1.09E-04,-2.23E-04,-1.31E-04,-2.79E-04,9.28E-05,4.02E-05,-1.02E-04,-2.08E-04
1606,3.29E-04,4.75E-05,6.83E-05,-6.10E-05,-1.14E-05,-1.71E-04,3.56E-05,-4.49E-05,3.18E-05,-2.67E-04,-1.71E-04,-5.53E-05,-1.26E-04,-2.32E-04,-1.39E-04,-3.10E-04,7.26E-05,2.55E-05,-1.21E-04,-1.94E-04
1607,3.10E-04,3.28E-05,5.22E-05,-7.52E-05,-2.37E-05,-1.95E-04,1.81E-05,-5.83E-05,1.79E-05,-2.87E-04,-1.80E-04,-6.90E-05,-1.41E-04,-2.39E-04,-1.46E-04,-3.30E-04,5.41E-05,1.30E-05,-1.35E-04,-1.87E-04
1608,2.92E-04,1.98E-05,3.75E-05,-8.86E-05,-3.35E-05,-2.08E-04,2.14E-06,-6.94E-05,5.82E-06,-3.00E-04,-1.87E-04,-8.06E-05,-1.54E-04,-2.45E-04,-1.50E-04,-3.38E-04,3.76E-05,3.03E-06,-1.44E-04,-1.87E-04
1609,2.76E-04,8.44E-06,2.45E-05,-1.01E-04,-4.09E-05,-2.11E-04,-1.21E-05,-7.83E-05,-4.22E-06,-3.05E-04,-1.93E-04,-9.00E-05,-1.63E-04,-2.48E-04,-1.52E-04,-3.32E-04,2.34E-05,-4.32E-06,-1.48E-04,-1.96E-04
1610,2.61E-04,-1.13E-06,1.32E-05,-1.12E-04,-4.58E-05,-2.01E-04,-2.46E-05,-8.50E-05,-1.21E-05,-3.03E-04,-1.97E-04,-9.70E-05,-1.71E-04,-2.49E-04,-1.52E-04,-3.11E-04,1.15E-05,-8.89E-06,-1.46E-04,-2.12E-04
1611,2.47E-04,-8.98E-06,3.74E-06,-1.22E-04,-4.82E-05,-1.80E-04,-3.53E-05,-8.96E-05,-1.78E-05,-2.93E-04,-2.00E-04,-1.02E-04,-1.75E-04,-2.48E-04,-1.50E-04,-2.75E-04,1.91E-06,-1.07E-05,-1.39E-04,-2.37E-04
1612,2.35E-04,-1.52E-05,-4.04E-06,-1.30E-04,-4.82E-05,-1.47E-04,-4.43E-05,-9.25E-05,-2.13E-05,-2.76E-04,-2.02E-04,-1.04E-04,-1.76E-04,-2.45E-04,-1.46E-04,-2.26E-04,-5.31E-06,-9.83E-06,-1.25E-04,-2.69E-04
1613,2.24E-04,-2.00E-05,-1.02E-05,-1.37E-04,-4.61E-05,-1.03E-04,-5.16E-05,-9.38E-05,-2.27E-05,-2.53E-04,-2.02E-04,-1.05E-04,-1.75E-04,-2.41E-04,-1.40E-04,-1.64E-04,-1.03E-05,-6.53E-06,-1.07E-04,-3.06E-04
1614,2.14E-04,-2.34E-05,-1.47E-05,-1.42E-04,-4.21E-05,-5.13E-05,-5.75E-05,-9.38E-05,-2.24E-05,-2.26E-04,-2.02E-04,-1.03E-04,-1.71E-04,-2.34E-04,-1.33E-04,-9.05E-05,-1.32E-05,-1.09E-06,-8.41E-05,-3.48E-04
1615,2.06E-04,-2.58E-05,-1.79E-05,-1.46E-04,-3.64E-05,7.40E-06,-6.19E-05,-9.29E-05,-2.06E-05,-1.95E-04,-2.00E-04,-1.00E-04,-1.65E-04,-2.27E-04,-1.24E-04,-8.97E-06,-1.43E-05,6.11E-06,-5.79E-05,-3.93E-04
1616,1.99E-04,-2.73E-05,-1.97E-05,-1.48E-04,-2.94E-05,7.01E-05,-6.52E-05,-9.14E-05,-1.76E-05,-1.62E-04,-1.96E-04,-9.56E-05,-1.57E-04,-2.18E-04,-1.14E-04,7.83E-05,-1.37E-05,1.47E-05,-2.94E-05,-4.40E-04
1617,1.93E-04,-2.81E-05,-2.06E-05,-1.48E-04,-2.15E-05,1.34E-04,-6.74E-05,-8.96E-05,-1.38E-05,-1.29E-04,-1.92E-04,-9.03E-05,-1.48E-04,-2.09E-04,-1.02E-04,1.68E-04,-1.19E-05,2.41E-05,1.46E-07,-4.85E-04
1618,1.89E-04,-2.85E-05,-2.05E-05,-1.47E-04,-1.29E-05,1.97E-04,-6.88E-05,-8.77E-05,-9.63E-06,-9.84E-05,-1.86E-04,-8.42E-05,-1.38E-04,-2.00E-04,-9.08E-05,2.58E-04,-9.07E-06,3.39E-05,2.94E-05,-5.28E-04
1619,1.85E-04,-2.87E-05,-1.98E-05,-1.44E-04,-4.08E-06,2.55E-04,-6.96E-05,-8.60E-05,-5.50E-06,-7.05E-05,-1.79E-04,-7.77E-05,-1.28E-04,-1.90E-04,-7.89E-05,3.44E-04,-5.58E-06,4.38E-05,5.73E-05,-5.68E-04
1620,1.82E-04,-2.87E-05,-1.87E-05,-1.41E-04,4.79E-06,3.07E-04,-6.99E-05,-8.47E-05,-1.77E-06,-4.71E-05,-1.71E-04,-7.10E-05,-1.17E-04,-1.80E-04,-6.70E-05,4.24E-04,-1.72E-06,5.31E-05,8.24E-05,-6.03E-04
1621,1.80E-04,-2.86E-05,-1.72E-05,-1.36E-04,1.34E-05,3.51E-04,-7.00E-05,-8.40E-05,1.23E-06,-2.92E-05,-1.61E-04,-6.45E-05,-1.07E-04,-1.71E-04,-5.55E-05,4.95E-04,2.22E-06,6.17E-05,1.04E-04,-6.32E-04
1622,1.79E-04,-2.87E-05,-1.57E-05,-1.30E-04,2.15E-05,3.85E-04,-7.00E-05,-8.40E-05,3.21E-06,-1.75E-05,-1.51E-04,-5.81E-05,-9.77E-05,-1.62E-04,-4.44E-05,5.56E-04,6.00E-06,6.91E-05,1.21E-04,-6.55E-04
1623,1.78E-04,-2.88E-05,-1.42E-05,-1.24E-04,2.90E-05,4.07E-04,-7.02E-05,-8.47E-05,3.95E-06,-1.25E-05,-1.40E-04,-5.22E-05,-8.90E-05,-1.54E-04,-3.41E-05,6.04E-04,9.40E-06,7.51E-05,1.33E-04,-6.71E-04
1624,1.78E-04,-2.91E-05,-1.29E-05,-1.17E-04,3.56E-05,4.19E-04,-7.06E-05,-8.63E-05,3.31E-06,-1.41E-05,-1.28E-04,-4.67E-05,-8.13E-05,-1.47E-04,-2.46E-05,6.39E-04,1.22E-05,7.96E-05,1.39E-04,-6.82E-04
1625,1.77E-04,-2.95E-05,-1.20E-05,-1.11E-04,4.14E-05,4.20E-04,-7.15E-05,-8.88E-05,1.22E-06,-2.21E-05,-1.15E-04,-4.17E-05,-7.48E-05,-1.40E-04,-1.60E-05,6.62E-04,1.44E-05,8.25E-05,1.41E-04,-6.87E-04
1626,1.77E-04,-3.01E-05,-1.15E-05,-1.04E-04,4.61E-05,4.10E-04,-7.30E-05,-9.20E-05,-2.33E-06,-3.56E-05,-1.02E-04,-3.72E-05,-6.95E-05,-1.35E-04,-8.52E-06,6.72E-04,1.58E-05,8.37E-05,1.37E-04,-6.88E-04
1627,1.76E-04,-3.06E-05,-1.16E-05,-9.69E-05,4.99E-05,3.93E-04,-7.51E-05,-9.60E-05,-7.25E-06,-5.40E-05,-8.93E-05,-3.32E-05,-6.53E-05,-1.29E-04,-2.06E-06,6.70E-04,1.63E-05,8.33E-05,1.28E-04,-6.85E-04
1628,1.74E-04,-3.13E-05,-1.22E-05,-9.06E-05,5.27E-05,3.68E-04,-7.79E-05,-1.01E-04,-1.34E-05,-7.60E-05,-7.65E-05,-2.97E-05,-6.21E-05,-1.25E-04,3.34E-06,6.58E-04,1.61E-05,8.13E-05,1.15E-04,-6.79E-04
1629,1.72E-04,-3.20E-05,-1.34E-05,-8.48E-05,5.45E-05,3.38E-04,-8.14E-05,-1.06E-04,-2.06E-05,-1.00E-04,-6.43E-05,-2.66E-05,-5.98E-05,-1.21E-04,7.70E-06,6.38E-04,1.50E-05,7.80E-05,9.84E-05,-6.72E-04
1630,1.69E-04,-3.27E-05,-1.52E-05,-7.97E-05,5.55E-05,3.05E-04,-8.58E-05,-1.12E-04,-2.86E-05,-1.26E-04,-5.27E-05,-2.39E-05,-5.82E-05,-1.17E-04,1.10E-05,6.11E-04,1.32E-05,7.35E-05,7.97E-05,-6.64E-04
1631,1.65E-04,-3.35E-05,-1.75E-05,-7.54E-05,5.57E-05,2.70E-04,-9.08E-05,-1.18E-04,-3.72E-05,-1.52E-04,-4.22E-05,-2.15E-05,-5.73E-05,-1.14E-04,1.34E-05,5.79E-04,1.08E-05,6.81E-05,5.94E-05,-6.56E-04
1632,1.60E-04,-3.44E-05,-2.04E-05,-7.18E-05,5.52E-05,2.37E-04,-9.65E-05,-1.25E-04,-4.61E-05,-1.76E-04,-3.28E-05,-1.94E-05,-5.67E-05,-1.12E-04,1.50E-05,5.45E-04,7.80E-06,6.18E-05,3.86E-05,-6.49E-04
1633,1.54E-04,-3.53E-05,-2.38E-05,-6.91E-05,5.43E-05,2.06E-04,-1.03E-04,-1.31E-04,-5.49E-05,-1.99E-04,-2.47E-05,-1.75E-05,-5.64E-05,-1.10E-04,1.56E-05,5.10E-04,4.35E-06,5.49E-05,1.80E-05,-6.44E-04
1634,1.47E-04,-3.65E-05,-2.74E-05,-6.73E-05,5.30E-05,1.79E-04,-1.09E-04,-1.38E-04,-6.35E-05,-2.18E-04,-1.80E-05,-1.58E-05,-5.63E-05,-1.08E-04,1.56E-05,4.75E-04,5.45E-07,4.76E-05,-1.65E-06,-6.40E-04
1635,1.40E-04,-3.79E-05,-3.13E-05,-6.62E-05,5.14E-05,1.57E-04,-1.16E-04,-1.44E-04,-7.15E-05,-2.35E-04,-1.28E-05,-1.44E-05,-5.61E-05,-1.06E-04,1.49E-05,4.41E-04,-3.50E-06,4.01E-05,-1.97E-05,-6.37E-04
1636,1.31E-04,-3.95E-05,-3.53E-05,-6.57E-05,4.99E-05,1.39E-04,-1.23E-04,-1.49E-04,-7.88E-05,-2.47E-04,-8.86E-06,-1.31E-05,-5.59E-05,-1.05E-04,1.36E-05,4.10E-04,-7.69E-06,3.26E-05,-3.57E-05,-6.36E-04
1637,1.22E-04,-4.15E-05,-3.92E-05,-6.59E-05,4.84E-05,1.27E-04,-1.30E-04,-1.54E-04,-8.52E-05,-2.56E-04,-6.20E-06,-1.20E-05,-5.56E-05,-1.04E-04,1.18E-05,3.80E-04,-1.19E-05,2.51E-05,-4.95E-05,-6.35E-04
1638,1.13E-04,-4.39E-05,-4.29E-05,-6.64E-05,4.73E-05,1.20E-04,-1.37E-04,-1.59E-04,-9.04E-05,-2.60E-04,-4.59E-06,-1.10E-05,-5.51E-05,-1.03E-04,9.59E-06,3.53E-04,-1.61E-05,1.77E-05,-6.08E-05,-6.34E-04
1639,1.03E-04,-4.67E-05,-4.62E-05,-6.71E-05,4.65E-05,1.18E-04,-1.42E-04,-1.62E-04,-9.44E-05,-2.62E-04,-3.83E-06,-1.02E-05,-5.46E-05,-1.03E-04,7.10E-06,3.28E-04,-2.01E-05,1.07E-05,-6.99E-05,-6.32E-04
1640,9.45E-05,-5.00E-05,-4.90E-05,-6.79E-05,4.64E-05,1.19E-04,-1.47E-04,-1.64E-04,-9.71E-05,-2.60E-04,-3.66E-06,-9.45E-06,-5.41E-05,-1.02E-04,4.42E-06,3.05E-04,-2.40E-05,3.92E-06,-7.68E-05,-6.30E-04
1641,8.63E-05,-5.35E-05,-5.12E-05,-6.86E-05,4.69E-05,1.24E-04,-1.52E-04,-1.65E-04,-9.84E-05,-2.56E-04,-3.81E-06,-8.79E-06,-5.36E-05,-1.02E-04,1.64E-06,2.83E-04,-2.75E-05,-2.46E-06,-8.19E-05,-6.25E-04
1642,7.90E-05,-5.74E-05,-5.25E-05,-6.91E-05,4.83E-05,1.30E-04,-1.55E-04,-1.64E-04,-9.85E-05,-2.50E-04,-4.01E-06,-8.13E-06,-5.31E-05,-1.02E-04,-1.12E-06,2.62E-04,-3.07E-05,-8.45E-06,-8.55E-05,-6.18E-04
1643,7.27E-05,-6.16E-05,-5.30E-05,-6.91E-05,5.04E-05,1.38E-04,-1.56E-04,-1.62E-04,-9.72E-05,-2.43E-04,-4.02E-06,-7.44E-06,-5.28E-05,-1.02E-04,-3.77E-06,2.40E-04,-3.36E-05,-1.40E-05,-8.80E-05,-6.08E-04
1644,6.78E-05,-6.59E-05,-5.26E-05,-6.86E-05,5.35E-05,1.46E-04,-1.57E-04,-1.58E-04,-9.47E-05,-2.35E-04,-3.64E-06,-6.65E-06,-5.26E-05,-1.02E-04,-6.20E-06,2.19E-04,-3.60E-05,-1.92E-05,-8.99E-05,-5.96E-04
1645,6.41E-05,-7.02E-05,-5.12E-05,-6.74E-05,5.73E-05,1.53E-04,-1.56E-04,-1.53E-04,-9.10E-05,-2.26E-04,-2.71E-06,-5.68E-06,-5.27E-05,-1.02E-04,-8.32E-06,1.96E-04,-3.80E-05,-2.39E-05,-9.16E-05,-5.80E-04
1646,6.19E-05,-7.44E-05,-4.88E-05,-6.55E-05,6.20E-05,1.59E-04,-1.54E-04,-1.47E-04,-8.63E-05,-2.18E-04,-1.14E-06,-4.49E-06,-5.31E-05,-1.02E-04,-1.01E-05,1.73E-04,-3.95E-05,-2.82E-05,-9.33E-05,-5.62E-04
1647,6.09E-05,-7.84E-05,-4.56E-05,-6.29E-05,6.73E-05,1.63E-04,-1.51E-04,-1.39E-04,-8.07E-05,-2.09E-04,1.10E-06,-3.01E-06,-5.38E-05,-1.02E-04,-1.13E-05,1.49E-04,-4.05E-05,-3.21E-05,-9.53E-05,-5.41E-04
1648,6.11E-05,-8.21E-05,-4.15E-05,-5.96E-05,7.33E-05,1.66E-04,-1.47E-04,-1.30E-04,-7.44E-05,-2.02E-04,3.96E-06,-1.21E-06,-5.48E-05,-1.01E-04,-1.21E-05,1.25E-04,-4.10E-05,-3.56E-05,-9.78E-05,-5.19E-04
1649,6.22E-05,-8.54E-05,-3.68E-05,-5.57E-05,7.96E-05,1.67E-04,-1.42E-04,-1.20E-04,-6.74E-05,-1.94E-04,7.32E-06,9.43E-07,-5.60E-05,-9.97E-05,-1.23E-05,1.01E-04,-4.11E-05,-3.86E-05,-1.01E-04,-4.95E-04
1650,6.41E-05,-8.81E-05,-3.14E-05,-5.11E-05,8.62E-05,1.66E-04,-1.36E-04,-1.10E-04,-6.00E-05,-1.87E-04,1.10E-05,3.45E-06,-5.76E-05,-9.79E-05,-1.20E-05,7.70E-05,-4.08E-05,-4.13E-05,-1.04E-04,-4.71E-04
1651,6.64E-05,-9.04E-05,-2.56E-05,-4.60E-05,9.29E-05,1.63E-04,-1.30E-04,-9.92E-05,-5.24E-05,-1.81E-04,1.49E-05,6.28E-06,-5.94E-05,-9.56E-05,-1.12E-05,5.43E-05,-4.01E-05,-4.37E-05,-1.09E-04,-4.47E-04
1652,6.89E-05,-9.20E-05,-1.95E-05,-4.06E-05,9.94E-05,1.60E-04,-1.24E-04,-8.83E-05,-4.46E-05,-1.74E-04,1.86E-05,9.39E-06,-6.13E-05,-9.27E-05,-9.90E-06,3.33E-05,-3.90E-05,-4.57E-05,-1.13E-04,-4.24E-04
1653,7.13E-05,-9.32E-05,-1.33E-05,-3.49E-05,1.06E-04,1.55E-04,-1.17E-04,-7.74E-05,-3.68E-05,-1.68E-04,2.19E-05,1.27E-05,-6.35E-05,-8.93E-05,-8.21E-06,1.46E-05,-3.78E-05,-4.74E-05,-1.18E-04,-4.02E-04
1654,7.33E-05,-9.39E-05,-7.15E-06,-2.90E-05,1.11E-04,1.50E-04,-1.11E-04,-6.69E-05,-2.92E-05,-1.61E-04,2.47E-05,1.62E-05,-6.58E-05,-8.54E-05,-6.20E-06,-1.40E-06,-3.63E-05,-4.89E-05,-1.22E-04,-3.81E-04
1655,7.47E-05,-9.42E-05,-1.15E-06,-2.32E-05,1.16E-04,1.45E-04,-1.05E-04,-5.70E-05,-2.19E-05,-1.54E-04,2.66E-05,1.96E-05,-6.82E-05,-8.10E-05,-3.96E-06,-1.44E-05,-3.48E-05,-5.02E-05,-1.26E-04,-3.62E-04
1656,7.54E-05,-9.42E-05,4.57E-06,-1.75E-05,1.20E-04,1.40E-04,-9.87E-05,-4.77E-05,-1.51E-05,-1.46E-04,2.75E-05,2.30E-05,-7.07E-05,-7.63E-05,-1.61E-06,-2.42E-05,-3.32E-05,-5.12E-05,-1.30E-04,-3.45E-04
1657,7.51E-05,-9.40E-05,9.90E-06,-1.20E-05,1.24E-04,1.36E-04,-9.33E-05,-3.93E-05,-8.74E-06,-1.38E-04,2.72E-05,2.61E-05,-7.33E-05,-7.13E-05,7.38E-07,-3.09E-05,-3.18E-05,-5.22E-05,-1.33E-04,-3.30E-04
1658,7.39E-05,-9.37E-05,1.48E-05,-6.86E-06,1.26E-04,1.32E-04,-8.85E-05,-3.18E-05,-3.02E-06,-1.29E-04,2.58E-05,2.88E-05,-7.60E-05,-6.62E-05,2.99E-06,-3.46E-05,-3.06E-05,-5.31E-05,-1.35E-04,-3.16E-04
1659,7.17E-05,-9.36E-05,1.91E-05,-2.11E-06,1.28E-04,1.28E-04,-8.42E-05,-2.52E-05,2.02E-06,-1.19E-04,2.31E-05,3.12E-05,-7.87E-05,-6.09E-05,5.04E-06,-3.60E-05,-2.97E-05,-5.40E-05,-1.36E-04,-3.03E-04
1660,6.87E-05,-9.35E-05,2.30E-05,2.18E-06,1.28E-04,1.25E-04,-8.05E-05,-1.96E-05,6.33E-06,-1.09E-04,1.92E-05,3.29E-05,-8.15E-05,-5.58E-05,6.80E-06,-3.54E-05,-2.91E-05,-5.49E-05,-1.36E-04,-2.92E-04
1661,6.49E-05,-9.37E-05,2.63E-05,5.98E-06,1.28E-04,1.22E-04,-7.73E-05,-1.48E-05,9.89E-06,-9.90E-05,1.43E-05,3.40E-05,-8.45E-05,-5.09E-05,8.20E-06,-3.36E-05,-2.90E-05,-5.59E-05,-1.35E-04,-2.81E-04
1662,6.05E-05,-9.43E-05,2.90E-05,9.26E-06,1.28E-04,1.19E-04,-7.45E-05,-1.08E-05,1.27E-05,-8.89E-05,8.51E-06,3.44E-05,-8.75E-05,-4.62E-05,9.17E-06,-3.13E-05,-2.94E-05,-5.70E-05,-1.33E-04,-2.69E-04
1663,5.57E-05,-9.52E-05,3.12E-05,1.20E-05,1.26E-04,1.16E-04,-7.21E-05,-7.49E-06,1.47E-05,-7.89E-05,2.07E-06,3.41E-05,-9.07E-05,-4.19E-05,9.69E-06,-2.93E-05,-3.03E-05,-5.83E-05,-1.31E-04,-2.58E-04
1664,5.07E-05,-9.66E-05,3.29E-05,1.43E-05,1.24E-04,1.13E-04,-6.99E-05,-4.70E-06,1.60E-05,-6.94E-05,-4.80E-06,3.31E-05,-9.41E-05,-3.81E-05,9.72E-06,-2.83E-05,-3.18E-05,-5.99E-05,-1.28E-04,-2.46E-04
1665,4.55E-05,-9.84E-05,3.40E-05,1.60E-05,1.22E-04,1.09E-04,-6.80E-05,-2.32E-06,1.66E-05,-6.06E-05,-1.19E-05,3.14E-05,-9.76E-05,-3.47E-05,9.27E-06,-2.89E-05,-3.39E-05,-6.17E-05,-1.24E-04,-2.33E-04
1666,4.02E-05,-1.01E-04,3.46E-05,1.72E-05,1.20E-04,1.04E-04,-6.62E-05,-2.39E-07,1.66E-05,-5.26E-05,-1.89E-05,2.89E-05,-1.01E-04,-3.19E-05,8.35E-06,-3.17E-05,-3.66E-05,-6.38E-05,-1.20E-04,-2.20E-04
1667,3.51E-05,-1.03E-04,3.46E-05,1.79E-05,1.17E-04,9.88E-05,-6.46E-05,1.63E-06,1.60E-05,-4.57E-05,-2.57E-05,2.59E-05,-1.06E-04,-2.97E-05,6.96E-06,-3.70E-05,-3.99E-05,-6.62E-05,-1.16E-04,-2.06E-04
1668,3.00E-05,-1.06E-04,3.40E-05,1.81E-05,1.14E-04,9.27E-05,-6.31E-05,3.34E-06,1.48E-05,-3.98E-05,-3.21E-05,2.23E-05,-1.10E-04,-2.80E-05,5.14E-06,-4.50E-05,-4.37E-05,-6.90E-05,-1.13E-04,-1.92E-04
1669,2.50E-05,-1.09E-04,3.26E-05,1.77E-05,1.11E-04,8.60E-05,-6.18E-05,4.90E-06,1.31E-05,-3.52E-05,-3.79E-05,1.81E-05,-1.15E-04,-2.69E-05,2.92E-06,-5.58E-05,-4.81E-05,-7.22E-05,-1.09E-04,-1.78E-04
1670,2.00E-05,-1.12E-04,3.05E-05,1.68E-05,1.08E-04,7.88E-05,-6.07E-05,6.30E-06,1.10E-05,-3.17E-05,-4.33E-05,1.36E-05,-1.20E-04,-2.63E-05,3.26E-07,-6.91E-05,-5.29E-05,-7.57E-05,-1.06E-04,-1.65E-04
1671,1.47E-05,-1.16E-04,2.73E-05,1.54E-05,1.05E-04,7.12E-05,-5.99E-05,7.46E-06,8.55E-06,-2.93E-05,-4.80E-05,8.56E-06,-1.25E-04,-2.63E-05,-2.62E-06,-8.47E-05,-5.82E-05,-7.97E-05,-1.04E-04,-1.53E-04
1672,9.10E-06,-1.19E-04,2.32E-05,1.33E-05,1.01E-04,6.36E-05,-5.94E-05,8.29E-06,5.72E-06,-2.79E-05,-5.23E-05,3.22E-06,-1.31E-04,-2.67E-05,-5.91E-06,-1.02E-04,-6.40E-05,-8.40E-05,-1.02E-04,-1.43E-04
1673,2.93E-06,-1.23E-04,1.79E-05,1.06E-05,9.62E-05,5.59E-05,-5.95E-05,8.66E-06,2.57E-06,-2.74E-05,-5.62E-05,-2.46E-06,-1.37E-04,-2.76E-05,-9.51E-06,-1.21E-04,-7.01E-05,-8.86E-05,-1.01E-04,-1.35E-04
1674,-3.99E-06,-1.26E-04,1.14E-05,7.29E-06,9.11E-05,4.84E-05,-6.02E-05,8.42E-06,-8.74E-07,-2.78E-05,-5.98E-05,-8.45E-06,-1.43E-04,-2.89E-05,-1.34E-05,-1.41E-04,-7.65E-05,-9.36E-05,-1.01E-04,-1.30E-04
1675,-1.18E-05,-1.30E-04,3.58E-06,3.25E-06,8.51E-05,4.11E-05,-6.16E-05,7.42E-06,-4.61E-06,-2.89E-05,-6.34E-05,-1.47E-05,-1.50E-04,-3.06E-05,-1.76E-05,-1.61E-04,-8.33E-05,-9.89E-05,-1.01E-04,-1.27E-04
1676,-2.08E-05,-1.34E-04,-5.56E-06,-1.47E-06,7.83E-05,3.41E-05,-6.37E-05,5.51E-06,-8.65E-06,-3.05E-05,-6.70E-05,-2.13E-05,-1.57E-04,-3.27E-05,-2.22E-05,-1.81E-04,-9.03E-05,-1.05E-04,-1.02E-04,-1.28E-04
1677,-3.10E-05,-1.38E-04,-1.60E-05,-6.87E-06,7.04E-05,2.73E-05,-6.68E-05,2.57E-06,-1.30E-05,-3.25E-05,-7.08E-05,-2.83E-05,-1.64E-04,-3.52E-05,-2.70E-05,-2.00E-04,-9.75E-05,-1.10E-04,-1.04E-04,-1.32E-04
1678,-4.24E-05,-1.43E-04,-2.78E-05,-1.29E-05,6.14E-05,2.07E-05,-7.07E-05,-1.50E-06,-1.76E-05,-3.50E-05,-7.50E-05,-3.55E-05,-1.72E-04,-3.79E-05,-3.21E-05,-2.18E-04,-1.05E-04,-1.16E-04,-1.05E-04,-1.39E-04
1679,-5.50E-05,-1.47E-04,-4.07E-05,-1.95E-05,5.14E-05,1.39E-05,-7.56E-05,-6.77E-06,-2.25E-05,-3.78E-05,-7.97E-05,-4.30E-05,-1.80E-04,-4.09E-05,-3.76E-05,-2.35E-04,-1.12E-04,-1.22E-04,-1.08E-04,-1.49E-04
1680,-6.88E-05,-1.52E-04,-5.46E-05,-2.66E-05,4.04E-05,6.96E-06,-8.13E-05,-1.32E-05,-2.77E-05,-4.10E-05,-8.49E-05,-5.09E-05,-1.88E-04,-4.41E-05,-4.33E-05,-2.51E-04,-1.20E-04,-1.28E-04,-1.10E-04,-1.61E-04
1681,-8.36E-05,-1.57E-04,-6.93E-05,-3.41E-05,2.84E-05,-5.35E-07,-8.77E-05,-2.09E-05,-3.33E-05,-4.45E-05,-9.06E-05,-5.90E-05,-1.96E-04,-4.74E-05,-4.93E-05,-2.65E-04,-1.28E-04,-1.33E-04,-1.12E-04,-1.75E-04
1682,-9.91E-05,-1.63E-04,-8.45E-05,-4.19E-05,1.57E-05,-8.81E-06,-9.49E-05,-2.95E-05,-3.91E-05,-4.82E-05,-9.68E-05,-6.74E-05,-2.03E-04,-5.08E-05,-5.55E-05,-2.78E-04,-1.35E-04,-1.39E-04,-1.15E-04,-1.90E-04
1683,-1.15E-04,-1.68E-04,-1.00E-04,-4.97E-05,2.41E-06,-1.81E-05,-1.03E-04,-3.91E-05,-4.51E-05,-5.23E-05,-1.03E-04,-7.59E-05,-2.11E-04,-5.42E-05,-6.18E-05,-2.90E-04,-1.43E-04,-1.44E-04,-1.17E-04,-2.05E-04
1684,-1.31E-04,-1.75E-04,-1.16E-04,-5.74E-05,-1.12E-05,-2.86E-05,-1.10E-04,-4.94E-05,-5.14E-05,-5.68E-05,-1.10E-04,-8.45E-05,-2.18E-04,-5.76E-05,-6.83E-05,-3.00E-04,-1.50E-04,-1.48E-04,-1.18E-04,-2.21E-04
1685,-1.47E-04,-1.81E-04,-1.31E-04,-6.48E-05,-2.48E-05,-4.03E-05,-1.19E-04,-6.02E-05,-5.78E-05,-6.16E-05,-1.17E-04,-9.32E-05,-2.25E-04,-6.08E-05,-7.48E-05,-3.09E-04,-1.57E-04,-1.52E-04,-1.20E-04,-2.37E-04
1686,-1.62E-04,-1.88E-04,-1.46E-04,-7.18E-05,-3.81E-05,-5.35E-05,-1.27E-04,-7.11E-05,-6.42E-05,-6.67E-05,-1.23E-04,-1.02E-04,-2.32E-04,-6.37E-05,-8.13E-05,-3.17E-04,-1.64E-04,-1.55E-04,-1.20E-04,-2.51E-04
1687,-1.76E-04,-1.95E-04,-1.60E-04,-7.82E-05,-5.09E-05,-6.79E-05,-1.34E-04,-8.20E-05,-7.06E-05,-7.21E-05,-1.29E-04,-1.10E-04,-2.37E-04,-6.64E-05,-8.77E-05,-3.24E-04,-1.70E-04,-1.58E-04,-1.20E-04,-2.64E-04
1688,-1.89E-04,-2.02E-04,-1.73E-04,-8.39E-05,-6.29E-05,-8.34E-05,-1.42E-04,-9.24E-05,-7.69E-05,-7.77E-05,-1.34E-04,-1.18E-04,-2.42E-04,-6.86E-05,-9.39E-05,-3.31E-04,-1.76E-04,-1.59E-04,-1.19E-04,-2.75E-04
1689,-2.01E-04,-2.08E-04,-1.84E-04,-8.86E-05,-7.37E-05,-9.98E-05,-1.48E-04,-1.02E-04,-8.29E-05,-8.33E-05,-1.39E-04,-1.25E-04,-2.46E-04,-7.04E-05,-9.98E-05,-3.36E-04,-1.82E-04,-1.60E-04,-1.17E-04,-2.84E-04
1690,-2.11E-04,-2.15E-04,-1.94E-04,-9.24E-05,-8.32E-05,-1.17E-04,-1.54E-04,-1.11E-04,-8.86E-05,-8.90E-05,-1.42E-04,-1.31E-04,-2.50E-04,-7.17E-05,-1.05E-04,-3.40E-04,-1.87E-04,-1.61E-04,-1.13E-04,-2.91E-04
1691,-2.19E-04,-2.21E-04,-2.03E-04,-9.51E-05,-9.11E-05,-1.34E-04,-1.59E-04,-1.19E-04,-9.37E-05,-9.44E-05,-1.44E-04,-1.37E-04,-2.52E-04,-7.25E-05,-1.10E-04,-3.44E-04,-1.91E-04,-1.60E-04,-1.09E-04,-2.97E-04
1692,-2.25E-04,-2.27E-04,-2.10E-04,-9.67E-05,-9.74E-05,-1.50E-04,-1.63E-04,-1.25E-04,-9.81E-05,-9.95E-05,-1.44E-04,-1.42E-04,-2.53E-04,-7.27E-05,-1.15E-04,-3.46E-04,-1.95E-04,-1.59E-04,-1.04E-04,-3.01E-04
1693,-2.30E-04,-2.32E-04,-2.16E-04,-9.74E-05,-1.02E-04,-1.66E-04,-1.66E-04,-1.30E-04,-1.02E-04,-1.04E-04,-1.44E-04,-1.46E-04,-2.53E-04,-7.23E-05,-1.19E-04,-3.46E-04,-1.97E-04,-1.58E-04,-9.71E-05,-3.03E-04
1694,-2.33E-04,-2.36E-04,-2.20E-04,-9.70E-05,-1.05E-04,-1.80E-04,-1.68E-04,-1.33E-04,-1.04E-04,-1.08E-04,-1.42E-04,-1.48E-04,-2.52E-04,-7.14E-05,-1.22E-04,-3.46E-04,-1.99E-04,-1.56E-04,-8.96E-05,-3.04E-04
1695,-2.34E-04,-2.39E-04,-2.23E-04,-9.57E-05,-1.06E-04,-1.92E-04,-1.69E-04,-1.35E-04,-1.06E-04,-1.11E-04,-1.38E-04,-1.49E-04,-2.51E-04,-7.00E-05,-1.25E-04,-3.43E-04,-2.01E-04,-1.53E-04,-8.10E-05,-3.04E-04
1696,-2.34E-04,-2.42E-04,-2.24E-04,-9.36E-05,-1.06E-04,-2.02E-04,-1.68E-04,-1.35E-04,-1.07E-04,-1.13E-04,-1.34E-04,-1.49E-04,-2.48E-04,-6.82E-05,-1.27E-04,-3.39E-04,-2.01E-04,-1.50E-04,-7.16E-05,-3.04E-04
1697,-2.33E-04,-2.43E-04,-2.25E-04,-9.09E-05,-1.04E-04,-2.09E-04,-1.67E-04,-1.33E-04,-1.06E-04,-1.13E-04,-1.28E-04,-1.48E-04,-2.45E-04,-6.59E-05,-1.28E-04,-3.33E-04,-2.01E-04,-1.47E-04,-6.15E-05,-3.03E-04
1698,-2.32E-04,-2.43E-04,-2.24E-04,-8.76E-05,-1.01E-04,-2.14E-04,-1.64E-04,-1.29E-04,-1.04E-04,-1.13E-04,-1.22E-04,-1.45E-04,-2.40E-04,-6.33E-05,-1.29E-04,-3.25E-04,-1.99E-04,-1.44E-04,-5.07E-05,-3.02E-04
1699,-2.30E-04,-2.43E-04,-2.22E-04,-8.40E-05,-9.66E-05,-2.15E-04,-1.61E-04,-1.24E-04,-1.01E-04,-1.11E-04,-1.15E-04,-1.41E-04,-2.35E-04,-6.05E-05,-1.29E-04,-3.16E-04,-1.97E-04,-1.40E-04,-3.94E-05,-3.01E-04
1700,-2.27E-04,-2.41E-04,-2.19E-04,-8.01E-05,-9.13E-05,-2.13E-04,-1.56E-04,-1.18E-04,-9.69E-05,-1.08E-04,-1.08E-04,-1.36E-04,-2.30E-04,-5.74E-05,-1.28E-04,-3.04E-04,-1.94E-04,-1.36E-04,-2.79E-05,-2.99E-04
1701,-2.24E-04,-2.38E-04,-2.16E-04,-7.61E-05,-8.53E-05,-2.08E-04,-1.51E-04,-1.11E-04,-9.13E-05,-1.04E-04,-1.01E-04,-1.30E-04,-2.23E-04,-5.41E-05,-1.26E-04,-2.92E-04,-1.89E-04,-1.32E-04,-1.61E-05,-2.98E-04
1702,-2.22E-04,-2.34E-04,-2.11E-04,-7.21E-05,-7.86E-05,-2.00E-04,-1.45E-04,-1.02E-04,-8.46E-05,-9.82E-05,-9.31E-05,-1.22E-04,-2.17E-04,-5.07E-05,-1.24E-04,-2.78E-04,-1.84E-04,-1.28E-04,-4.28E-06,-2.97E-04
1703,-2.19E-04,-2.29E-04,-2.06E-04,-6.81E-05,-7.13E-05,-1.89E-04,-1.38E-04,-9.26E-05,-7.67E-05,-9.15E-05,-8.57E-05,-1.14E-04,-2.09E-04,-4.71E-05,-1.21E-04,-2.63E-04,-1.78E-04,-1.23E-04,7.51E-06,-2.96E-04
1704,-2.16E-04,-2.23E-04,-2.00E-04,-6.42E-05,-6.36E-05,-1.76E-04,-1.31E-04,-8.21E-05,-6.79E-05,-8.38E-05,-7.84E-05,-1.04E-04,-2.01E-04,-4.35E-05,-1.17E-04,-2.48E-04,-1.71E-04,-1.18E-04,1.92E-05,-2.94E-04
1705,-2.14E-04,-2.16E-04,-1.93E-04,-6.04E-05,-5.56E-05,-1.61E-04,-1.22E-04,-7.09E-05,-5.82E-05,-7.51E-05,-7.13E-05,-9.34E-05,-1.92E-04,-3.96E-05,-1.12E-04,-2.32E-04,-1.62E-04,-1.12E-04,3.07E-05,-2.92E-04
1706,-2.11E-04,-2.07E-04,-1.85E-04,-5.67E-05,-4.72E-05,-1.45E-04,-1.13E-04,-5.90E-05,-4.77E-05,-6.56E-05,-6.43E-05,-8.18E-05,-1.83E-04,-3.55E-05,-1.07E-04,-2.16E-04,-1.53E-04,-1.06E-04,4.20E-05,-2.89E-04
1707,-2.08E-04,-1.98E-04,-1.76E-04,-5.29E-05,-3.85E-05,-1.27E-04,-1.03E-04,-4.65E-05,-3.67E-05,-5.55E-05,-5.73E-05,-6.93E-05,-1.73E-04,-3.11E-05,-1.01E-04,-2.01E-04,-1.43E-04,-9.92E-05,5.31E-05,-2.86E-04
1708,-2.05E-04,-1.88E-04,-1.66E-04,-4.91E-05,-2.95E-05,-1.08E-04,-9.25E-05,-3.33E-05,-2.51E-05,-4.47E-05,-5.02E-05,-5.59E-05,-1.63E-04,-2.64E-05,-9.38E-05,-1.86E-04,-1.31E-04,-9.17E-05,6.41E-05,-2.81E-04
1709,-2.01E-04,-1.77E-04,-1.54E-04,-4.52E-05,-2.01E-05,-8.90E-05,-8.10E-05,-1.94E-05,-1.31E-05,-3.36E-05,-4.30E-05,-4.18E-05,-1.51E-04,-2.13E-05,-8.63E-05,-1.71E-04,-1.19E-04,-8.35E-05,7.48E-05,-2.75E-04
1710,-1.96E-04,-1.65E-04,-1.42E-04,-4.10E-05,-1.03E-05,-6.99E-05,-6.87E-05,-4.98E-06,-9.70E-07,-2.20E-05,-3.53E-05,-2.69E-05,-1.39E-04,-1.56E-05,-7.82E-05,-1.58E-04,-1.06E-04,-7.46E-05,8.55E-05,-2.68E-04
1711,-1.90E-04,-1.53E-04,-1.28E-04,-3.65E-05,-7.88E-08,-5.09E-05,-5.56E-05,1.02E-05,1.13E-05,-1.03E-05,-2.71E-05,-1.13E-05,-1.27E-04,-9.48E-06,-6.96E-05,-1.45E-04,-9.14E-05,-6.51E-05,9.61E-05,-2.60E-04
1712,-1.84E-04,-1.39E-04,-1.13E-04,-3.15E-05,1.06E-05,-3.24E-05,-4.16E-05,2.60E-05,2.37E-05,1.60E-06,-1.83E-05,5.00E-06,-1.14E-04,-2.75E-06,-6.05E-05,-1.34E-04,-7.65E-05,-5.50E-05,1.07E-04,-2.52E-04
1713,-1.76E-04,-1.25E-04,-9.62E-05,-2.62E-05,2.18E-05,-1.46E-05,-2.69E-05,4.26E-05,3.60E-05,1.36E-05,-8.77E-06,2.18E-05,-1.00E-04,4.58E-06,-5.11E-05,-1.23E-04,-6.10E-05,-4.44E-05,1.17E-04,-2.42E-04
1714,-1.68E-04,-1.10E-04,-7.89E-05,-2.03E-05,3.35E-05,2.42E-06,-1.15E-05,6.00E-05,4.82E-05,2.55E-05,1.60E-06,3.91E-05,-8.58E-05,1.25E-05,-4.14E-05,-1.14E-04,-4.50E-05,-3.36E-05,1.27E-04,-2.33E-04
1715,-1.58E-04,-9.39E-05,-6.08E-05,-1.41E-05,4.56E-05,1.85E-05,4.57E-06,7.82E-05,6.02E-05,3.74E-05,1.28E-05,5.68E-05,-7.13E-05,2.10E-05,-3.15E-05,-1.05E-04,-2.86E-05,-2.26E-05,1.37E-04,-2.23E-04
1716,-1.48E-04,-7.73E-05,-4.20E-05,-7.33E-06,5.80E-05,3.36E-05,2.12E-05,9.72E-05,7.21E-05,4.91E-05,2.48E-05,7.48E-05,-5.66E-05,3.00E-05,-2.15E-05,-9.68E-05,-1.20E-05,-1.17E-05,1.47E-04,-2.13E-04
1717,-1.36E-04,-6.01E-05,-2.28E-05,-2.53E-07,7.07E-05,4.76E-05,3.84E-05,1.17E-04,8.38E-05,6.05E-05,3.75E-05,9.30E-05,-4.18E-05,3.94E-05,-1.15E-05,-8.96E-05,4.71E-06,-1.11E-06,1.56E-04,-2.04E-04
1718,-1.25E-04,-4.23E-05,-3.40E-06,7.07E-06,8.36E-05,6.06E-05,5.60E-05,1.38E-04,9.54E-05,7.16E-05,5.08E-05,1.11E-04,-2.72E-05,4.92E-05,-1.73E-06,-8.31E-05,2.13E-05,8.99E-06,1.65E-04,-1.96E-04
1719,-1.12E-04,-2.40E-05,1.59E-05,1.45E-05,9.65E-05,7.25E-05,7.38E-05,1.59E-04,1.07E-04,8.22E-05,6.44E-05,1.29E-04,-1.28E-05,5.91E-05,7.89E-06,-7.72E-05,3.76E-05,1.84E-05,1.73E-04,-1.89E-04
1720,-1.00E-04,-5.26E-06,3.49E-05,2.19E-05,1.09E-04,8.32E-05,9.19E-05,1.81E-04,1.18E-04,9.23E-05,7.82E-05,1.47E-04,1.05E-06,6.91E-05,1.72E-05,-7.20E-05,5.35E-05,2.68E-05,1.80E-04,-1.83E-04
1721,-8.82E-05,1.37E-05,5.33E-05,2.92E-05,1.22E-04,9.29E-05,1.10E-04,2.03E-04,1.29E-04,1.02E-04,9.19E-05,1.65E-04,1.43E-05,7.90E-05,2.62E-05,-6.74E-05,6.89E-05,3.42E-05,1.85E-04,-1.79E-04
1722,-7.66E-05,3.29E-05,7.11E-05,3.62E-05,1.34E-04,1.01E-04,1.28E-04,2.25E-04,1.40E-04,1.11E-04,1.05E-04,1.82E-04,2.68E-05,8.87E-05,3.48E-05,-6.35E-05,8.37E-05,4.04E-05,1.90E-04,-1.77E-04
1723,-6.57E-05,5.22E-05,8.80E-05,4.26E-05,1.45E-04,1.09E-04,1.46E-04,2.48E-04,1.51E-04,1.19E-04,1.18E-04,1.98E-04,3.83E-05,9.80E-05,4.30E-05,-6.02E-05,9.77E-05,4.53E-05,1.93E-04,-1.76E-04
1724,-5.57E-05,7.13E-05,1.04E-04,4.85E-05,1.56E-04,1.15E-04,1.64E-04,2.70E-04,1.62E-04,1.26E-04,1.30E-04,2.14E-04,4.89E-05,1.07E-04,5.07E-05,-5.76E-05,1.11E-04,4.88E-05,1.94E-04,-1.77E-04
1725,-4.66E-05,9.02E-05,1.19E-04,5.38E-05,1.66E-04,1.20E-04,1.81E-04,2.93E-04,1.73E-04,1.32E-04,1.41E-04,2.29E-04,5.84E-05,1.15E-04,5.81E-05,-5.56E-05,1.23E-04,5.10E-05,1.94E-04,-1.79E-04
1726,-3.87E-05,1.09E-04,1.33E-04,5.83E-05,1.76E-04,1.24E-04,1.99E-04,3.15E-04,1.84E-04,1.37E-04,1.50E-04,2.43E-04,6.68E-05,1.23E-04,6.51E-05,-5.44E-05,1.35E-04,5.18E-05,1.92E-04,-1.83E-04
1727,-3.19E-05,1.27E-04,1.46E-04,6.21E-05,1.84E-04,1.27E-04,2.15E-04,3.36E-04,1.94E-04,1.41E-04,1.59E-04,2.56E-04,7.41E-05,1.30E-04,7.17E-05,-5.37E-05,1.46E-04,5.15E-05,1.89E-04,-1.88E-04
1728,-2.62E-05,1.44E-04,1.59E-04,6.52E-05,1.92E-04,1.29E-04,2.32E-04,3.56E-04,2.05E-04,1.44E-04,1.66E-04,2.68E-04,8.03E-05,1.37E-04,7.80E-05,-5.36E-05,1.56E-04,5.00E-05,1.84E-04,-1.94E-04
1729,-2.17E-05,1.61E-04,1.70E-04,6.77E-05,1.99E-04,1.30E-04,2.48E-04,3.76E-04,2.15E-04,1.47E-04,1.71E-04,2.79E-04,8.56E-05,1.42E-04,8.42E-05,-5.39E-05,1.65E-04,4.76E-05,1.78E-04,-2.01E-04
1730,-1.81E-05,1.77E-04,1.81E-04,6.96E-05,2.05E-04,1.30E-04,2.63E-04,3.94E-04,2.24E-04,1.49E-04,1.76E-04,2.88E-04,9.01E-05,1.48E-04,9.01E-05,-5.46E-05,1.74E-04,4.44E-05,1.71E-04,-2.08E-04
1731,-1.53E-05,1.91E-04,1.92E-04,7.11E-05,2.10E-04,1.29E-04,2.79E-04,4.11E-04,2.34E-04,1.50E-04,1.79E-04,2.97E-04,9.37E-05,1.53E-04,9.59E-05,-5.54E-05,1.82E-04,4.07E-05,1.63E-04,-2.15E-04
1732,-1.31E-05,2.05E-04,2.03E-04,7.24E-05,2.16E-04,1.28E-04,2.93E-04,4.27E-04,2.43E-04,1.50E-04,1.81E-04,3.05E-04,9.68E-05,1.57E-04,1.02E-04,-5.62E-05,1.89E-04,3.66E-05,1.54E-04,-2.23E-04
1733,-1.14E-05,2.18E-04,2.13E-04,7.36E-05,2.21E-04,1.26E-04,3.08E-04,4.43E-04,2.51E-04,1.50E-04,1.82E-04,3.12E-04,9.94E-05,1.61E-04,1.07E-04,-5.68E-05,1.96E-04,3.24E-05,1.45E-04,-2.30E-04
1734,-9.84E-06,2.30E-04,2.24E-04,7.50E-05,2.25E-04,1.24E-04,3.22E-04,4.57E-04,2.59E-04,1.50E-04,1.82E-04,3.18E-04,1.02E-04,1.65E-04,1.13E-04,-5.71E-05,2.03E-04,2.82E-05,1.36E-04,-2.37E-04
1735,-8.32E-06,2.40E-04,2.35E-04,7.67E-05,2.30E-04,1.21E-04,3.36E-04,4.70E-04,2.67E-04,1.50E-04,1.82E-04,3.24E-04,1.04E-04,1.69E-04,1.18E-04,-5.67E-05,2.09E-04,2.42E-05,1.28E-04,-2.43E-04
1736,-6.61E-06,2.50E-04,2.46E-04,7.88E-05,2.35E-04,1.19E-04,3.49E-04,4.82E-04,2.74E-04,1.50E-04,1.82E-04,3.29E-04,1.06E-04,1.73E-04,1.24E-04,-5.56E-05,2.15E-04,2.06E-05,1.19E-04,-2.49E-04
1737,-4.54E-06,2.58E-04,2.57E-04,8.16E-05,2.41E-04,1.17E-04,3.63E-04,4.93E-04,2.80E-04,1.50E-04,1.82E-04,3.33E-04,1.08E-04,1.77E-04,1.30E-04,-5.37E-05,2.21E-04,1.76E-05,1.11E-04,-2.55E-04
1738,-1.96E-06,2.66E-04,2.68E-04,8.52E-05,2.46E-04,1.15E-04,3.76E-04,5.04E-04,2.87E-04,1.51E-04,1.82E-04,3.38E-04,1.10E-04,1.81E-04,1.36E-04,-5.08E-05,2.27E-04,1.51E-05,1.04E-04,-2.59E-04
1739,1.23E-06,2.72E-04,2.80E-04,8.96E-05,2.53E-04,1.14E-04,3.89E-04,5.15E-04,2.93E-04,1.52E-04,1.83E-04,3.42E-04,1.12E-04,1.86E-04,1.41E-04,-4.69E-05,2.32E-04,1.33E-05,9.81E-05,-2.63E-04
1740,5.12E-06,2.79E-04,2.92E-04,9.48E-05,2.59E-04,1.13E-04,4.02E-04,5.26E-04,2.99E-04,1.54E-04,1.84E-04,3.46E-04,1.15E-04,1.90E-04,1.47E-04,-4.20E-05,2.38E-04,1.23E-05,9.27E-05,-2.67E-04
1741,9.73E-06,2.84E-04,3.04E-04,1.01E-04,2.67E-04,1.14E-04,4.15E-04,5.37E-04,3.05E-04,1.57E-04,1.85E-04,3.51E-04,1.18E-04,1.95E-04,1.53E-04,-3.61E-05,2.44E-04,1.20E-05,8.80E-05,-2.70E-04
1742,1.51E-05,2.89E-04,3.16E-04,1.08E-04,2.74E-04,1.15E-04,4.28E-04,5.47E-04,3.11E-04,1.61E-04,1.87E-04,3.55E-04,1.21E-04,2.00E-04,1.59E-04,-2.92E-05,2.50E-04,1.24E-05,8.41E-05,-2.72E-04
1743,2.10E-05,2.94E-04,3.28E-04,1.16E-04,2.82E-04,1.17E-04,4.40E-04,5.58E-04,3.18E-04,1.66E-04,1.90E-04,3.60E-04,1.24E-04,2.05E-04,1.64E-04,-2.15E-05,2.56E-04,1.35E-05,8.08E-05,-2.74E-04
1744,2.76E-05,2.98E-04,3.39E-04,1.25E-04,2.91E-04,1.21E-04,4.53E-04,5.70E-04,3.24E-04,1.72E-04,1.93E-04,3.64E-04,1.28E-04,2.10E-04,1.70E-04,-1.31E-05,2.61E-04,1.52E-05,7.82E-05,-2.76E-04
1745,3.47E-05,3.03E-04,3.50E-04,1.35E-04,2.99E-04,1.25E-04,4.66E-04,5.81E-04,3.31E-04,1.78E-04,1.96E-04,3.70E-04,1.31E-04,2.14E-04,1.76E-04,-4.07E-06,2.67E-04,1.75E-05,7.60E-05,-2.77E-04
1746,4.22E-05,3.07E-04,3.61E-04,1.45E-04,3.08E-04,1.30E-04,4.78E-04,5.93E-04,3.38E-04,1.86E-04,2.00E-04,3.75E-04,1.35E-04,2.19E-04,1.82E-04,5.36E-06,2.73E-04,2.02E-05,7.41E-05,-2.78E-04
1747,4.98E-05,3.11E-04,3.71E-04,1.55E-04,3.16E-04,1.36E-04,4.90E-04,6.04E-04,3.45E-04,1.94E-04,2.03E-04,3.80E-04,1.39E-04,2.23E-04,1.87E-04,1.51E-05,2.79E-04,2.33E-05,7.25E-05,-2.80E-04
1748,5.75E-05,3.16E-04,3.80E-04,1.66E-04,3.24E-04,1.43E-04,5.01E-04,6.15E-04,3.53E-04,2.02E-04,2.07E-04,3.85E-04,1.43E-04,2.27E-04,1.93E-04,2.49E-05,2.84E-04,2.66E-05,7.10E-05,-2.81E-04
1749,6.52E-05,3.20E-04,3.89E-04,1.77E-04,3.31E-04,1.50E-04,5.13E-04,6.26E-04,3.60E-04,2.10E-04,2.11E-04,3.90E-04,1.47E-04,2.31E-04,1.98E-04,3.47E-05,2.90E-04,3.01E-05,6.95E-05,-2.82E-04
1750,7.25E-05,3.25E-04,3.96E-04,1.88E-04,3.38E-04,1.58E-04,5.23E-04,6.37E-04,3.68E-04,2.19E-04,2.14E-04,3.95E-04,1.50E-04,2.34E-04,2.04E-04,4.44E-05,2.95E-04,3.36E-05,6.80E-05,-2.83E-04
1751,7.95E-05,3.30E-04,4.04E-04,1.99E-04,3.44E-04,1.66E-04,5.33E-04,6.46E-04,3.75E-04,2.27E-04,2.17E-04,4.00E-04,1.54E-04,2.36E-04,2.09E-04,5.38E-05,2.99E-04,3.71E-05,6.63E-05,-2.85E-04
1752,8.59E-05,3.34E-04,4.10E-04,2.09E-04,3.49E-04,1.73E-04,5.42E-04,6.54E-04,3.82E-04,2.35E-04,2.19E-04,4.03E-04,1.57E-04,2.38E-04,2.14E-04,6.28E-05,3.03E-04,4.04E-05,6.45E-05,-2.88E-04
1753,9.17E-05,3.39E-04,4.16E-04,2.19E-04,3.53E-04,1.81E-04,5.50E-04,6.61E-04,3.88E-04,2.42E-04,2.21E-04,4.07E-04,1.61E-04,2.39E-04,2.19E-04,7.13E-05,3.07E-04,4.34E-05,6.26E-05,-2.90E-04
1754,9.66E-05,3.43E-04,4.20E-04,2.29E-04,3.56E-04,1.87E-04,5.58E-04,6.67E-04,3.93E-04,2.48E-04,2.22E-04,4.09E-04,1.64E-04,2.40E-04,2.23E-04,7.92E-05,3.10E-04,4.62E-05,6.04E-05,-2.94E-04
1755,1.01E-04,3.47E-04,4.25E-04,2.38E-04,3.58E-04,1.93E-04,5.64E-04,6.70E-04,3.96E-04,2.52E-04,2.23E-04,4.10E-04,1.66E-04,2.40E-04,2.27E-04,8.64E-05,3.12E-04,4.84E-05,5.80E-05,-2.98E-04
1756,1.04E-04,3.51E-04,4.28E-04,2.46E-04,3.59E-04,1.98E-04,5.68E-04,6.72E-04,3.99E-04,2.55E-04,2.23E-04,4.10E-04,1.68E-04,2.39E-04,2.31E-04,9.29E-05,3.14E-04,5.03E-05,5.54E-05,-3.04E-04
1757,1.06E-04,3.55E-04,4.30E-04,2.54E-04,3.58E-04,2.02E-04,5.72E-04,6.71E-04,4.00E-04,2.56E-04,2.22E-04,4.09E-04,1.70E-04,2.38E-04,2.34E-04,9.84E-05,3.14E-04,5.16E-05,5.25E-05,-3.10E-04
1758,1.07E-04,3.58E-04,4.32E-04,2.60E-04,3.57E-04,2.04E-04,5.74E-04,6.69E-04,4.00E-04,2.55E-04,2.22E-04,4.07E-04,1.72E-04,2.37E-04,2.37E-04,1.03E-04,3.14E-04,5.23E-05,4.94E-05,-3.17E-04
1759,1.07E-04,3.61E-04,4.32E-04,2.66E-04,3.54E-04,2.05E-04,5.75E-04,6.65E-04,3.98E-04,2.53E-04,2.21E-04,4.04E-04,1.73E-04,2.35E-04,2.38E-04,1.07E-04,3.13E-04,5.24E-05,4.61E-05,-3.25E-04
1760,1.05E-04,3.62E-04,4.32E-04,2.71E-04,3.51E-04,2.04E-04,5.74E-04,6.59E-04,3.94E-04,2.48E-04,2.20E-04,4.00E-04,1.73E-04,2.32E-04,2.39E-04,1.09E-04,3.11E-04,5.19E-05,4.25E-05,-3.35E-04
1761,1.03E-04,3.64E-04,4.30E-04,2.74E-04,3.46E-04,2.02E-04,5.72E-04,6.52E-04,3.89E-04,2.41E-04,2.19E-04,3.94E-04,1.73E-04,2.30E-04,2.40E-04,1.10E-04,3.09E-04,5.07E-05,3.86E-05,-3.45E-04
1762,9.97E-05,3.64E-04,4.27E-04,2.76E-04,3.41E-04,1.97E-04,5.68E-04,6.43E-04,3.82E-04,2.32E-04,2.18E-04,3.88E-04,1.72E-04,2.26E-04,2.39E-04,1.10E-04,3.05E-04,4.90E-05,3.44E-05,-3.56E-04
1763,9.52E-05,3.64E-04,4.23E-04,2.78E-04,3.35E-04,1.92E-04,5.64E-04,6.33E-04,3.73E-04,2.22E-04,2.17E-04,3.81E-04,1.71E-04,2.23E-04,2.38E-04,1.09E-04,3.00E-04,4.65E-05,2.99E-05,-3.68E-04
1764,8.96E-05,3.63E-04,4.18E-04,2.78E-04,3.28E-04,1.84E-04,5.58E-04,6.21E-04,3.64E-04,2.09E-04,2.16E-04,3.73E-04,1.69E-04,2.19E-04,2.36E-04,1.06E-04,2.95E-04,4.34E-05,2.52E-05,-3.81E-04
1765,8.30E-05,3.61E-04,4.11E-04,2.77E-04,3.21E-04,1.76E-04,5.50E-04,6.09E-04,3.54E-04,1.96E-04,2.15E-04,3.64E-04,1.67E-04,2.14E-04,2.33E-04,1.03E-04,2.89E-04,3.96E-05,2.00E-05,-3.94E-04
1766,7.54E-05,3.58E-04,4.03E-04,2.75E-04,3.13E-04,1.66E-04,5.42E-04,5.97E-04,3.42E-04,1.81E-04,2.15E-04,3.55E-04,1.64E-04,2.10E-04,2.29E-04,9.78E-05,2.82E-04,3.52E-05,1.45E-05,-4.08E-04
1767,6.68E-05,3.54E-04,3.93E-04,2.72E-04,3.04E-04,1.56E-04,5.33E-04,5.83E-04,3.31E-04,1.66E-04,2.15E-04,3.46E-04,1.60E-04,2.04E-04,2.24E-04,9.20E-05,2.74E-04,3.01E-05,8.68E-06,-4.22E-04
1768,5.74E-05,3.50E-04,3.81E-04,2.67E-04,2.95E-04,1.44E-04,5.22E-04,5.69E-04,3.18E-04,1.50E-04,2.14E-04,3.36E-04,1.56E-04,1.99E-04,2.18E-04,8.54E-05,2.66E-04,2.44E-05,2.45E-06,-4.36E-04
1769,4.71E-05,3.44E-04,3.68E-04,2.62E-04,2.85E-04,1.32E-04,5.11E-04,5.55E-04,3.06E-04,1.33E-04,2.14E-04,3.25E-04,1.52E-04,1.93E-04,2.11E-04,7.81E-05,2.57E-04,1.80E-05,-4.17E-06,-4.51E-04
1770,3.60E-05,3.37E-04,3.54E-04,2.56E-04,2.75E-04,1.20E-04,4.98E-04,5.40E-04,2.93E-04,1.17E-04,2.13E-04,3.15E-04,1.46E-04,1.86E-04,2.03E-04,7.03E-05,2.47E-04,1.08E-05,-1.12E-05,-4.65E-04
1771,2.42E-05,3.30E-04,3.38E-04,2.49E-04,2.64E-04,1.07E-04,4.85E-04,5.25E-04,2.80E-04,1.00E-04,2.13E-04,3.04E-04,1.41E-04,1.79E-04,1.95E-04,6.22E-05,2.37E-04,3.02E-06,-1.87E-05,-4.79E-04
1772,1.17E-05,3.21E-04,3.20E-04,2.42E-04,2.52E-04,9.42E-05,4.71E-04,5.09E-04,2.68E-04,8.42E-05,2.12E-04,2.93E-04,1.35E-04,1.72E-04,1.86E-04,5.39E-05,2.26E-04,-5.50E-06,-2.66E-05,-4.94E-04
1773,-1.45E-06,3.11E-04,3.02E-04,2.34E-04,2.39E-04,8.11E-05,4.56E-04,4.93E-04,2.55E-04,6.82E-05,2.10E-04,2.82E-04,1.29E-04,1.64E-04,1.76E-04,4.55E-05,2.15E-04,-1.47E-05,-3.50E-05,-5.08E-04
1774,-1.52E-05,3.00E-04,2.82E-04,2.25E-04,2.26E-04,6.80E-05,4.40E-04,4.75E-04,2.42E-04,5.25E-05,2.08E-04,2.70E-04,1.22E-04,1.55E-04,1.65E-04,3.72E-05,2.03E-04,-2.47E-05,-4.39E-05,-5.22E-04
1775,-2.94E-05,2.88E-04,2.61E-04,2.16E-04,2.12E-04,5.48E-05,4.23E-04,4.56E-04,2.29E-04,3.70E-05,2.06E-04,2.58E-04,1.15E-04,1.47E-04,1.53E-04,2.91E-05,1.90E-04,-3.52E-05,-5.34E-05,-5.36E-04
1776,-4.40E-05,2.74E-04,2.40E-04,2.07E-04,1.97E-04,4.14E-05,4.05E-04,4.37E-04,2.16E-04,2.14E-05,2.02E-04,2.46E-04,1.08E-04,1.38E-04,1.41E-04,2.11E-05,1.77E-04,-4.65E-05,-6.34E-05,-5.51E-04
1777,-5.90E-05,2.60E-04,2.18E-04,1.97E-04,1.81E-04,2.79E-05,3.87E-04,4.16E-04,2.02E-04,5.80E-06,1.98E-04,2.33E-04,1.01E-04,1.29E-04,1.28E-04,1.33E-05,1.63E-04,-5.83E-05,-7.41E-05,-5.65E-04
1778,-7.42E-05,2.44E-04,1.95E-04,1.88E-04,1.65E-04,1.42E-05,3.67E-04,3.94E-04,1.87E-04,-1.01E-05,1.94E-04,2.20E-04,9.35E-05,1.20E-04,1.14E-04,5.66E-06,1.49E-04,-7.06E-05,-8.53E-05,-5.79E-04
1779,-8.96E-05,2.28E-04,1.72E-04,1.78E-04,1.48E-04,1.05E-07,3.47E-04,3.70E-04,1.73E-04,-2.65E-05,1.89E-04,2.06E-04,8.61E-05,1.10E-04,1.00E-04,-1.97E-06,1.35E-04,-8.34E-05,-9.72E-05,-5.94E-04
1780,-1.05E-04,2.11E-04,1.49E-04,1.68E-04,1.31E-04,-1.43E-05,3.25E-04,3.46E-04,1.57E-04,-4.34E-05,1.83E-04,1.92E-04,7.87E-05,1.01E-04,8.58E-05,-9.66E-06,1.20E-04,-9.64E-05,-1.10E-04,-6.09E-04
1781,-1.20E-04,1.93E-04,1.26E-04,1.59E-04,1.14E-04,-2.89E-05,3.03E-04,3.20E-04,1.41E-04,-6.09E-05,1.77E-04,1.79E-04,7.14E-05,9.21E-05,7.11E-05,-1.75E-05,1.05E-04,-1.10E-04,-1.23E-04,-6.23E-04
1782,-1.36E-04,1.75E-04,1.03E-04,1.49E-04,9.61E-05,-4.39E-05,2.81E-04,2.94E-04,1.24E-04,-7.91E-05,1.70E-04,1.65E-04,6.41E-05,8.32E-05,5.63E-05,-2.56E-05,9.05E-05,-1.23E-04,-1.36E-04,-6.38E-04
1783,-1.51E-04,1.57E-04,8.07E-05,1.40E-04,7.88E-05,-5.90E-05,2.58E-04,2.67E-04,1.07E-04,-9.79E-05,1.63E-04,1.51E-04,5.71E-05,7.46E-05,4.15E-05,-3.40E-05,7.59E-05,-1.36E-04,-1.49E-04,-6.52E-04
1784,-1.65E-04,1.38E-04,5.86E-05,1.31E-04,6.18E-05,-7.41E-05,2.36E-04,2.40E-04,8.87E-05,-1.17E-04,1.57E-04,1.37E-04,5.02E-05,6.63E-05,2.69E-05,-4.27E-05,6.16E-05,-1.49E-04,-1.63E-04,-6.66E-04
1785,-1.80E-04,1.20E-04,3.69E-05,1.22E-04,4.54E-05,-8.90E-05,2.13E-04,2.13E-04,7.05E-05,-1.37E-04,1.50E-04,1.24E-04,4.36E-05,5.83E-05,1.26E-05,-5.17E-05,4.77E-05,-1.61E-04,-1.76E-04,-6.80E-04
1786,-1.93E-04,1.02E-04,1.57E-05,1.14E-04,2.97E-05,-1.04E-04,1.90E-04,1.86E-04,5.21E-05,-1.56E-04,1.44E-04,1.11E-04,3.73E-05,5.07E-05,-1.29E-06,-6.11E-05,3.45E-05,-1.73E-04,-1.90E-04,-6.93E-04
1787,-2.06E-04,8.38E-05,-4.78E-06,1.06E-04,1.48E-05,-1.18E-04,1.68E-04,1.60E-04,3.39E-05,-1.76E-04,1.38E-04,9.94E-05,3.14E-05,4.34E-05,-1.45E-05,-7.06E-05,2.19E-05,-1.85E-04,-2.02E-04,-7.05E-04
1788,-2.19E-04,6.65E-05,-2.46E-05,9.88E-05,8.30E-07,-1.31E-04,1.47E-04,1.35E-04,1.59E-05,-1.94E-04,1.32E-04,8.81E-05,2.58E-05,3.64E-05,-2.70E-05,-8.01E-05,1.01E-05,-1.95E-04,-2.14E-04,-7.15E-04
1789,-2.31E-04,4.97E-05,-4.38E-05,9.19E-05,-1.21E-05,-1.43E-04,1.26E-04,1.11E-04,-1.59E-06,-2.12E-04,1.27E-04,7.76E-05,2.05E-05,2.98E-05,-3.86E-05,-8.95E-05,-8.03E-07,-2.05E-04,-2.25E-04,-7.25E-04
1790,-2.42E-04,3.36E-05,-6.23E-05,8.56E-05,-2.39E-05,-1.53E-04,1.06E-04,8.78E-05,-1.84E-05,-2.29E-04,1.22E-04,6.80E-05,1.56E-05,2.34E-05,-4.93E-05,-9.85E-05,-1.09E-05,-2.14E-04,-2.35E-04,-7.33E-04
1791,-2.52E-04,1.81E-05,-8.00E-05,7.99E-05,-3.48E-05,-1.63E-04,8.73E-05,6.62E-05,-3.45E-05,-2.44E-04,1.18E-04,5.91E-05,1.11E-05,1.72E-05,-5.89E-05,-1.07E-04,-2.02E-05,-2.23E-04,-2.43E-04,-7.40E-04
1792,-2.61E-04,3.27E-06,-9.72E-05,7.47E-05,-4.47E-05,-1.71E-04,6.94E-05,4.58E-05,-4.96E-05,-2.58E-04,1.15E-04,5.09E-05,6.76E-06,1.12E-05,-6.77E-05,-1.15E-04,-2.89E-05,-2.30E-04,-2.50E-04,-7.45E-04
1793,-2.70E-04,-1.11E-05,-1.14E-04,7.01E-05,-5.37E-05,-1.77E-04,5.25E-05,2.66E-05,-6.39E-05,-2.70E-04,1.12E-04,4.32E-05,2.70E-06,5.35E-06,-7.54E-05,-1.22E-04,-3.70E-05,-2.38E-04,-2.56E-04,-7.50E-04
1794,-2.79E-04,-2.50E-05,-1.30E-04,6.61E-05,-6.21E-05,-1.82E-04,3.64E-05,8.37E-06,-7.72E-05,-2.81E-04,1.09E-04,3.60E-05,-1.23E-06,-4.72E-07,-8.23E-05,-1.27E-04,-4.47E-05,-2.44E-04,-2.61E-04,-7.53E-04
1795,-2.87E-04,-3.86E-05,-1.45E-04,6.25E-05,-7.00E-05,-1.86E-04,2.11E-05,-9.05E-06,-8.98E-05,-2.90E-04,1.07E-04,2.91E-05,-5.10E-06,-6.26E-06,-8.84E-05,-1.32E-04,-5.22E-05,-2.51E-04,-2.65E-04,-7.56E-04
1796,-2.94E-04,-5.20E-05,-1.61E-04,5.92E-05,-7.76E-05,-1.89E-04,6.24E-06,-2.59E-05,-1.02E-04,-2.99E-04,1.04E-04,2.22E-05,-9.02E-06,-1.21E-05,-9.38E-05,-1.36E-04,-5.97E-05,-2.57E-04,-2.68E-04,-7.58E-04
1797,-3.02E-04,-6.53E-05,-1.76E-04,5.62E-05,-8.50E-05,-1.92E-04,-8.24E-06,-4.26E-05,-1.13E-04,-3.06E-04,1.02E-04,1.51E-05,-1.31E-05,-1.79E-05,-9.87E-05,-1.39E-04,-6.75E-05,-2.63E-04,-2.71E-04,-7.61E-04
1798,-3.09E-04,-7.88E-05,-1.91E-04,5.33E-05,-9.26E-05,-1.94E-04,-2.26E-05,-5.92E-05,-1.24E-04,-3.14E-04,9.89E-05,7.67E-06,-1.75E-05,-2.37E-05,-1.03E-04,-1.42E-04,-7.57E-05,-2.70E-04,-2.74E-04,-7.64E-04
1799,-3.17E-04,-9.25E-05,-2.06E-04,5.02E-05,-1.00E-04,-1.97E-04,-3.71E-05,-7.61E-05,-1.36E-04,-3.22E-04,9.56E-05,-2.55E-07,-2.22E-05,-2.96E-05,-1.08E-04,-1.44E-04,-8.45E-05,-2.77E-04,-2.78E-04,-7.68E-04
1800,-3.24E-04,-1.06E-04,-2.21E-04,4.70E-05,-1.09E-04,-2.01E-04,-5.19E-05,-9.36E-05,-1.47E-04,-3.31E-04,9.16E-05,-8.82E-06,-2.74E-05,-3.55E-05,-1.12E-04,-1.46E-04,-9.41E-05,-2.84E-04,-2.81E-04,-7.73E-04
1801,-3.32E-04,-1.21E-04,-2.36E-04,4.32E-05,-1.17E-04,-2.06E-04,-6.73E-05,-1.12E-04,-1.59E-04,-3.42E-04,8.69E-05,-1.81E-05,-3.32E-05,-4.14E-05,-1.16E-04,-1.48E-04,-1.04E-04,-2.91E-04,-2.86E-04,-7.79E-04
1802,-3.41E-04,-1.35E-04,-2.51E-04,3.89E-05,-1.27E-04,-2.12E-04,-8.32E-05,-1.31E-04,-1.71E-04,-3.54E-04,8.14E-05,-2.82E-05,-3.97E-05,-4.73E-05,-1.21E-04,-1.50E-04,-1.16E-04,-2.99E-04,-2.92E-04,-7.87E-04
1803,-3.50E-04,-1.50E-04,-2.67E-04,3.38E-05,-1.37E-04,-2.20E-04,-9.99E-05,-1.50E-04,-1.84E-04,-3.67E-04,7.50E-05,-3.90E-05,-4.67E-05,-5.32E-05,-1.26E-04,-1.53E-04,-1.28E-04,-3.08E-04,-3.00E-04,-7.96E-04
1804,-3.59E-04,-1.66E-04,-2.83E-04,2.79E-05,-1.48E-04,-2.29E-04,-1.17E-04,-1.71E-04,-1.98E-04,-3.83E-04,6.77E-05,-5.05E-05,-5.45E-05,-5.90E-05,-1.31E-04,-1.58E-04,-1.41E-04,-3.17E-04,-3.08E-04,-8.07E-04
1805,-3.69E-04,-1.81E-04,-2.99E-04,2.12E-05,-1.59E-04,-2.40E-04,-1.35E-04,-1.92E-04,-2.13E-04,-4.00E-04,5.96E-05,-6.25E-05,-6.28E-05,-6.47E-05,-1.36E-04,-1.63E-04,-1.54E-04,-3.26E-04,-3.19E-04,-8.19E-04
1806,-3.80E-04,-1.97E-04,-3.15E-04,1.35E-05,-1.70E-04,-2.53E-04,-1.54E-04,-2.13E-04,-2.28E-04,-4.19E-04,5.08E-05,-7.50E-05,-7.17E-05,-7.03E-05,-1.42E-04,-1.70E-04,-1.68E-04,-3.35E-04,-3.30E-04,-8.32E-04
1807,-3.91E-04,-2.12E-04,-3.31E-04,4.96E-06,-1.82E-04,-2.66E-04,-1.73E-04,-2.35E-04,-2.44E-04,-4.39E-04,4.13E-05,-8.76E-05,-8.11E-05,-7.58E-05,-1.48E-04,-1.77E-04,-1.82E-04,-3.44E-04,-3.42E-04,-8.45E-04
1808,-4.02E-04,-2.27E-04,-3.47E-04,-4.32E-06,-1.94E-04,-2.80E-04,-1.92E-04,-2.56E-04,-2.60E-04,-4.60E-04,3.14E-05,-1.00E-04,-9.08E-05,-8.12E-05,-1.54E-04,-1.86E-04,-1.95E-04,-3.53E-04,-3.54E-04,-8.59E-04
1809,-4.14E-04,-2.42E-04,-3.63E-04,-1.42E-05,-2.06E-04,-2.94E-04,-2.11E-04,-2.77E-04,-2.76E-04,-4.80E-04,2.13E-05,-1.13E-04,-1.01E-04,-8.64E-05,-1.60E-04,-1.95E-04,-2.09E-04,-3.62E-04,-3.67E-04,-8.73E-04
1810,-4.27E-04,-2.56E-04,-3.78E-04,-2.45E-05,-2.18E-04,-3.08E-04,-2.29E-04,-2.97E-04,-2.92E-04,-5.00E-04,1.10E-05,-1.24E-04,-1.11E-04,-9.15E-05,-1.66E-04,-2.05E-04,-2.21E-04,-3.70E-04,-3.79E-04,-8.85E-04
1811,-4.39E-04,-2.69E-04,-3.93E-04,-3.49E-05,-2.29E-04,-3.20E-04,-2.47E-04,-3.15E-04,-3.07E-04,-5.18E-04,9.35E-07,-1.36E-04,-1.21E-04,-9.65E-05,-1.71E-04,-2.15E-04,-2.32E-04,-3.78E-04,-3.91E-04,-8.97E-04
1812,-4.51E-04,-2.81E-04,-4.07E-04,-4.53E-05,-2.39E-04,-3.32E-04,-2.63E-04,-3.33E-04,-3.21E-04,-5.35E-04,-8.83E-06,-1.46E-04,-1.30E-04,-1.01E-04,-1.76E-04,-2.25E-04,-2.43E-04,-3.84E-04,-4.01E-04,-9.07E-04
1813,-4.63E-04,-2.92E-04,-4.20E-04,-5.53E-05,-2.48E-04,-3.41E-04,-2.78E-04,-3.48E-04,-3.33E-04,-5.49E-04,-1.81E-05,-1.55E-04,-1.39E-04,-1.06E-04,-1.81E-04,-2.35E-04,-2.51E-04,-3.90E-04,-4.09E-04,-9.14E-04
1814,-4.75E-04,-3.02E-04,-4.32E-04,-6.48E-05,-2.57E-04,-3.48E-04,-2.92E-04,-3.61E-04,-3.45E-04,-5.60E-04,-2.67E-05,-1.64E-04,-1.47E-04,-1.10E-04,-1.84E-04,-2.43E-04,-2.59E-04,-3.94E-04,-4.16E-04,-9.20E-04
1815,-4.86E-04,-3.11E-04,-4.43E-04,-7.33E-05,-2.64E-04,-3.54E-04,-3.03E-04,-3.73E-04,-3.55E-04,-5.68E-04,-3.45E-05,-1.71E-04,-1.55E-04,-1.15E-04,-1.87E-04,-2.51E-04,-2.65E-04,-3.98E-04,-4.21E-04,-9.24E-04
1816,-4.97E-04,-3.19E-04,-4.52E-04,-8.09E-05,-2.70E-04,-3.57E-04,-3.13E-04,-3.82E-04,-3.63E-04,-5.73E-04,-4.14E-05,-1.77E-04,-1.62E-04,-1.19E-04,-1.90E-04,-2.57E-04,-2.69E-04,-4.01E-04,-4.23E-04,-9.26E-04
1817,-5.06E-04,-3.25E-04,-4.60E-04,-8.72E-05,-2.74E-04,-3.57E-04,-3.21E-04,-3.89E-04,-3.69E-04,-5.76E-04,-4.75E-05,-1.82E-04,-1.67E-04,-1.22E-04,-1.91E-04,-2.62E-04,-2.71E-04,-4.02E-04,-4.24E-04,-9.26E-04
1818,-5.15E-04,-3.30E-04,-4.67E-04,-9.22E-05,-2.77E-04,-3.57E-04,-3.27E-04,-3.94E-04,-3.74E-04,-5.76E-04,-5.26E-05,-1.85E-04,-1.72E-04,-1.25E-04,-1.91E-04,-2.65E-04,-2.73E-04,-4.03E-04,-4.23E-04,-9.25E-04
1819,-5.23E-04,-3.34E-04,-4.72E-04,-9.58E-05,-2.79E-04,-3.54E-04,-3.32E-04,-3.98E-04,-3.77E-04,-5.74E-04,-5.68E-05,-1.88E-04,-1.76E-04,-1.28E-04,-1.91E-04,-2.67E-04,-2.73E-04,-4.02E-04,-4.21E-04,-9.22E-04
1820,-5.29E-04,-3.37E-04,-4.75E-04,-9.81E-05,-2.80E-04,-3.51E-04,-3.35E-04,-4.00E-04,-3.78E-04,-5.71E-04,-6.02E-05,-1.90E-04,-1.78E-04,-1.30E-04,-1.90E-04,-2.68E-04,-2.72E-04,-4.01E-04,-4.17E-04,-9.20E-04
1821,-5.33E-04,-3.39E-04,-4.77E-04,-9.90E-05,-2.79E-04,-3.47E-04,-3.36E-04,-4.00E-04,-3.79E-04,-5.67E-04,-6.29E-05,-1.91E-04,-1.80E-04,-1.32E-04,-1.89E-04,-2.68E-04,-2.71E-04,-3.99E-04,-4.13E-04,-9.17E-04
1822,-5.37E-04,-3.40E-04,-4.78E-04,-9.86E-05,-2.77E-04,-3.43E-04,-3.37E-04,-4.00E-04,-3.78E-04,-5.63E-04,-6.48E-05,-1.92E-04,-1.80E-04,-1.32E-04,-1.86E-04,-2.67E-04,-2.68E-04,-3.97E-04,-4.09E-04,-9.14E-04
1823,-5.38E-04,-3.40E-04,-4.77E-04,-9.71E-05,-2.75E-04,-3.40E-04,-3.36E-04,-3.98E-04,-3.77E-04,-5.60E-04,-6.62E-05,-1.91E-04,-1.80E-04,-1.32E-04,-1.83E-04,-2.66E-04,-2.65E-04,-3.94E-04,-4.06E-04,-9.12E-04
1824,-5.38E-04,-3.40E-04,-4.75E-04,-9.45E-05,-2.71E-04,-3.37E-04,-3.35E-04,-3.96E-04,-3.76E-04,-5.58E-04,-6.70E-05,-1.90E-04,-1.78E-04,-1.30E-04,-1.80E-04,-2.65E-04,-2.62E-04,-3.90E-04,-4.02E-04,-9.11E-04
1825,-5.36E-04,-3.39E-04,-4.72E-04,-9.10E-05,-2.66E-04,-3.35E-04,-3.34E-04,-3.94E-04,-3.73E-04,-5.57E-04,-6.73E-05,-1.89E-04,-1.76E-04,-1.27E-04,-1.76E-04,-2.63E-04,-2.58E-04,-3.85E-04,-4.00E-04,-9.11E-04
1826,-5.32E-04,-3.37E-04,-4.68E-04,-8.66E-05,-2.60E-04,-3.33E-04,-3.32E-04,-3.90E-04,-3.71E-04,-5.58E-04,-6.71E-05,-1.86E-04,-1.73E-04,-1.23E-04,-1.71E-04,-2.62E-04,-2.54E-04,-3.80E-04,-3.98E-04,-9.12E-04
1827,-5.27E-04,-3.35E-04,-4.62E-04,-8.14E-05,-2.53E-04,-3.32E-04,-3.30E-04,-3.87E-04,-3.69E-04,-5.59E-04,-6.63E-05,-1.83E-04,-1.69E-04,-1.18E-04,-1.66E-04,-2.60E-04,-2.49E-04,-3.73E-04,-3.96E-04,-9.13E-04
1828,-5.19E-04,-3.32E-04,-4.56E-04,-7.53E-05,-2.45E-04,-3.32E-04,-3.27E-04,-3.83E-04,-3.66E-04,-5.61E-04,-6.48E-05,-1.79E-04,-1.64E-04,-1.11E-04,-1.59E-04,-2.58E-04,-2.43E-04,-3.66E-04,-3.95E-04,-9.15E-04
1829,-5.09E-04,-3.28E-04,-4.49E-04,-6.84E-05,-2.36E-04,-3.30E-04,-3.24E-04,-3.78E-04,-3.63E-04,-5.63E-04,-6.25E-05,-1.73E-04,-1.58E-04,-1.03E-04,-1.52E-04,-2.55E-04,-2.37E-04,-3.57E-04,-3.94E-04,-9.16E-04
1830,-4.97E-04,-3.23E-04,-4.40E-04,-6.04E-05,-2.26E-04,-3.28E-04,-3.20E-04,-3.72E-04,-3.60E-04,-5.65E-04,-5.93E-05,-1.67E-04,-1.50E-04,-9.36E-05,-1.44E-04,-2.51E-04,-2.29E-04,-3.47E-04,-3.92E-04,-9.18E-04
1831,-4.83E-04,-3.17E-04,-4.30E-04,-5.13E-05,-2.15E-04,-3.25E-04,-3.15E-04,-3.65E-04,-3.55E-04,-5.65E-04,-5.48E-05,-1.59E-04,-1.42E-04,-8.27E-05,-1.34E-04,-2.46E-04,-2.20E-04,-3.36E-04,-3.88E-04,-9.17E-04
1832,-4.67E-04,-3.09E-04,-4.19E-04,-4.08E-05,-2.03E-04,-3.19E-04,-3.09E-04,-3.57E-04,-3.50E-04,-5.63E-04,-4.88E-05,-1.49E-04,-1.32E-04,-7.05E-05,-1.23E-04,-2.40E-04,-2.09E-04,-3.23E-04,-3.83E-04,-9.16E-04
1833,-4.48E-04,-3.01E-04,-4.07E-04,-2.87E-05,-1.89E-04,-3.10E-04,-3.01E-04,-3.48E-04,-3.44E-04,-5.58E-04,-4.12E-05,-1.38E-04,-1.20E-04,-5.69E-05,-1.10E-04,-2.31E-04,-1.96E-04,-3.09E-04,-3.75E-04,-9.12E-04
1834,-4.27E-04,-2.90E-04,-3.92E-04,-1.47E-05,-1.73E-04,-2.98E-04,-2.91E-04,-3.36E-04,-3.36E-04,-5.50E-04,-3.16E-05,-1.25E-04,-1.06E-04,-4.21E-05,-9.50E-05,-2.20E-04,-1.81E-04,-2.92E-04,-3.63E-04,-9.06E-04
1835,-4.03E-04,-2.79E-04,-3.77E-04,1.36E-06,-1.57E-04,-2.82E-04,-2.79E-04,-3.23E-04,-3.27E-04,-5.38E-04,-1.98E-05,-1.10E-04,-9.12E-05,-2.62E-05,-7.82E-05,-2.07E-04,-1.64E-04,-2.74E-04,-3.48E-04,-8.97E-04
1836,-3.78E-04,-2.65E-04,-3.59E-04,1.97E-05,-1.38E-04,-2.63E-04,-2.65E-04,-3.08E-04,-3.16E-04,-5.22E-04,-5.59E-06,-9.34E-05,-7.39E-05,-9.12E-06,-5.95E-05,-1.91E-04,-1.44E-04,-2.55E-04,-3.30E-04,-8.86E-04
1837,-3.50E-04,-2.50E-04,-3.39E-04,4.05E-05,-1.18E-04,-2.40E-04,-2.48E-04,-2.91E-04,-3.03E-04,-5.02E-04,1.11E-05,-7.51E-05,-5.45E-05,8.96E-06,-3.88E-05,-1.72E-04,-1.22E-04,-2.34E-04,-3.07E-04,-8.73E-04
1838,-3.19E-04,-2.33E-04,-3.18E-04,6.39E-05,-9.71E-05,-2.14E-04,-2.29E-04,-2.71E-04,-2.88E-04,-4.79E-04,3.02E-05,-5.51E-05,-3.30E-05,2.80E-05,-1.60E-05,-1.52E-04,-9.86E-05,-2.11E-04,-2.82E-04,-8.58E-04
1839,-2.87E-04,-2.13E-04,-2.95E-04,8.97E-05,-7.44E-05,-1.85E-04,-2.08E-04,-2.50E-04,-2.71E-04,-4.53E-04,5.19E-05,-3.35E-05,-9.32E-06,4.80E-05,8.67E-06,-1.29E-04,-7.29E-05,-1.87E-04,-2.53E-04,-8.42E-04
1840,-2.52E-04,-1.92E-04,-2.69E-04,1.18E-04,-5.02E-05,-1.55E-04,-1.85E-04,-2.27E-04,-2.52E-04,-4.26E-04,7.59E-05,-1.05E-05,1.64E-05,6.88E-05,3.51E-05,-1.06E-04,-4.55E-05,-1.62E-04,-2.22E-04,-8.25E-04
1841,-2.16E-04,-1.69E-04,-2.42E-04,1.48E-04,-2.49E-05,-1.24E-04,-1.60E-04,-2.02E-04,-2.32E-04,-3.98E-04,1.02E-04,1.38E-05,4.41E-05,9.05E-05,6.30E-05,-8.13E-05,-1.67E-05,-1.36E-04,-1.89E-04,-8.09E-04
1842,-1.78E-04,-1.44E-04,-2.14E-04,1.80E-04,1.44E-06,-9.22E-05,-1.33E-04,-1.76E-04,-2.11E-04,-3.71E-04,1.30E-04,3.91E-05,7.37E-05,1.13E-04,9.22E-05,-5.71E-05,1.31E-05,-1.09E-04,-1.56E-04,-7.94E-04
1843,-1.39E-04,-1.17E-04,-1.84E-04,2.14E-04,2.87E-05,-6.14E-05,-1.06E-04,-1.50E-04,-1.89E-04,-3.46E-04,1.59E-04,6.54E-05,1.05E-04,1.36E-04,1.22E-04,-3.35E-05,4.36E-05,-8.20E-05,-1.23E-04,-7.80E-04
1844,-9.79E-05,-8.89E-05,-1.53E-04,2.48E-04,5.66E-05,-3.20E-05,-7.85E-05,-1.23E-04,-1.66E-04,-3.24E-04,1.90E-04,9.24E-05,1.37E-04,1.60E-04,1.53E-04,-1.11E-05,7.45E-05,-5.42E-05,-9.15E-05,-7.70E-04
1845,-5.64E-05,-5.86E-05,-1.21E-04,2.82E-04,8.49E-05,-4.62E-06,-5.13E-05,-9.53E-05,-1.44E-04,-3.06E-04,2.21E-04,1.20E-04,1.71E-04,1.85E-04,1.85E-04,9.81E-06,1.05E-04,-2.61E-05,-6.24E-05,-7.62E-04
1846,-1.41E-05,-2.68E-05,-8.90E-05,3.16E-04,1.14E-04,2.05E-05,-2.48E-05,-6.81E-05,-1.22E-04,-2.93E-04,2.52E-04,1.48E-04,2.05E-04,2.11E-04,2.16E-04,2.89E-05,1.36E-04,2.42E-06,-3.63E-05,-7.57E-04
1847,2.85E-05,6.47E-06,-5.65E-05,3.50E-04,1.42E-04,4.34E-05,4.98E-07,-4.14E-05,-1.01E-04,-2.83E-04,2.83E-04,1.77E-04,2.40E-04,2.37E-04,2.47E-04,4.63E-05,1.67E-04,3.13E-05,-1.37E-05,-7.55E-04
1848,7.12E-05,4.10E-05,-2.41E-05,3.81E-04,1.71E-04,6.44E-05,2.43E-05,-1.55E-05,-8.03E-05,-2.78E-04,3.12E-04,2.05E-04,2.76E-04,2.63E-04,2.78E-04,6.21E-05,1.97E-04,6.05E-05,5.07E-06,-7.57E-04
1849,1.14E-04,7.67E-05,7.93E-06,4.11E-04,1.99E-04,8.40E-05,4.62E-05,9.58E-06,-6.09E-05,-2.76E-04,3.41E-04,2.35E-04,3.11E-04,2.91E-04,3.08E-04,7.70E-05,2.26E-04,9.03E-05,2.02E-05,-7.60E-04
1850,1.56E-04,1.13E-04,3.94E-05,4.38E-04,2.28E-04,1.03E-04,6.63E-05,3.37E-05,-4.27E-05,-2.76E-04,3.67E-04,2.64E-04,3.46E-04,3.18E-04,3.38E-04,9.15E-05,2.56E-04,1.21E-04,3.20E-05,-7.66E-04
1851,1.98E-04,1.51E-04,7.02E-05,4.62E-04,2.55E-04,1.23E-04,8.46E-05,5.70E-05,-2.54E-05,-2.77E-04,3.92E-04,2.95E-04,3.81E-04,3.46E-04,3.67E-04,1.06E-04,2.85E-04,1.52E-04,4.10E-05,-7.73E-04
1852,2.39E-04,1.89E-04,1.00E-04,4.84E-04,2.83E-04,1.44E-04,1.01E-04,7.94E-05,-9.05E-06,-2.77E-04,4.14E-04,3.25E-04,4.15E-04,3.73E-04,3.95E-04,1.23E-04,3.14E-04,1.84E-04,4.82E-05,-7.80E-04
1853,2.79E-04,2.27E-04,1.29E-04,5.02E-04,3.09E-04,1.68E-04,1.16E-04,1.01E-04,6.72E-06,-2.75E-04,4.35E-04,3.56E-04,4.49E-04,4.01E-04,4.23E-04,1.41E-04,3.44E-04,2.18E-04,5.44E-05,-7.86E-04
1854,3.18E-04,2.66E-04,1.58E-04,5.18E-04,3.36E-04,1.95E-04,1.31E-04,1.23E-04,2.22E-05,-2.70E-04,4.53E-04,3.88E-04,4.82E-04,4.28E-04,4.50E-04,1.63E-04,3.74E-04,2.53E-04,6.09E-05,-7.90E-04
1855,3.56E-04,3.05E-04,1.85E-04,5.32E-04,3.62E-04,2.27E-04,1.45E-04,1.44E-04,3.77E-05,-2.59E-04,4.70E-04,4.20E-04,5.14E-04,4.54E-04,4.76E-04,1.88E-04,4.05E-04,2.89E-04,6.85E-05,-7.92E-04
1856,3.93E-04,3.44E-04,2.12E-04,5.44E-04,3.87E-04,2.63E-04,1.59E-04,1.65E-04,5.37E-05,-2.43E-04,4.85E-04,4.53E-04,5.46E-04,4.80E-04,5.02E-04,2.17E-04,4.37E-04,3.27E-04,7.84E-05,-7.91E-04
1857,4.30E-04,3.82E-04,2.39E-04,5.54E-04,4.12E-04,3.04E-04,1.73E-04,1.87E-04,7.04E-05,-2.20E-04,4.99E-04,4.86E-04,5.77E-04,5.05E-04,5.28E-04,2.51E-04,4.71E-04,3.66E-04,9.13E-05,-7.86E-04
1858,4.66E-04,4.20E-04,2.65E-04,5.63E-04,4.37E-04,3.50E-04,1.89E-04,2.10E-04,8.82E-05,-1.91E-04,5.12E-04,5.20E-04,6.08E-04,5.29E-04,5.54E-04,2.87E-04,5.06E-04,4.06E-04,1.08E-04,-7.79E-04
1859,5.01E-04,4.57E-04,2.91E-04,5.73E-04,4.61E-04,3.99E-04,2.07E-04,2.33E-04,1.07E-04,-1.55E-04,5.25E-04,5.53E-04,6.38E-04,5.52E-04,5.79E-04,3.27E-04,5.43E-04,4.47E-04,1.28E-04,-7.69E-04
1860,5.37E-04,4.93E-04,3.18E-04,5.82E-04,4.85E-04,4.49E-04,2.26E-04,2.57E-04,1.28E-04,-1.15E-04,5.37E-04,5.87E-04,6.67E-04,5.73E-04,6.04E-04,3.68E-04,5.81E-04,4.89E-04,1.53E-04,-7.57E-04
1861,5.72E-04,5.28E-04,3.44E-04,5.93E-04,5.09E-04,5.00E-04,2.48E-04,2.83E-04,1.50E-04,-7.19E-05,5.50E-04,6.21E-04,6.96E-04,5.93E-04,6.29E-04,4.09E-04,6.20E-04,5.32E-04,1.81E-04,-7.43E-04
1862,6.07E-04,5.62E-04,3.72E-04,6.04E-04,5.32E-04,5.50E-04,2.72E-04,3.09E-04,1.73E-04,-2.73E-05,5.63E-04,6.54E-04,7.24E-04,6.12E-04,6.53E-04,4.49E-04,6.59E-04,5.74E-04,2.12E-04,-7.29E-04
1863,6.42E-04,5.94E-04,3.99E-04,6.17E-04,5.55E-04,5.95E-04,2.99E-04,3.37E-04,1.98E-04,1.64E-05,5.78E-04,6.86E-04,7.52E-04,6.30E-04,6.77E-04,4.86E-04,7.00E-04,6.16E-04,2.45E-04,-7.16E-04
1864,6.77E-04,6.25E-04,4.27E-04,6.32E-04,5.77E-04,6.34E-04,3.27E-04,3.65E-04,2.24E-04,5.68E-05,5.93E-04,7.18E-04,7.78E-04,6.46E-04,7.00E-04,5.18E-04,7.40E-04,6.57E-04,2.79E-04,-7.04E-04
1865,7.13E-04,6.54E-04,4.56E-04,6.49E-04,5.99E-04,6.65E-04,3.58E-04,3.93E-04,2.50E-04,9.19E-05,6.09E-04,7.48E-04,8.04E-04,6.62E-04,7.23E-04,5.43E-04,7.80E-04,6.96E-04,3.14E-04,-6.95E-04
1866,7.50E-04,6.82E-04,4.85E-04,6.68E-04,6.20E-04,6.87E-04,3.90E-04,4.22E-04,2.77E-04,1.20E-04,6.27E-04,7.77E-04,8.29E-04,6.76E-04,7.44E-04,5.61E-04,8.19E-04,7.34E-04,3.48E-04,-6.90E-04
1867,7.86E-04,7.09E-04,5.15E-04,6.88E-04,6.41E-04,6.99E-04,4.23E-04,4.50E-04,3.04E-04,1.39E-04,6.45E-04,8.05E-04,8.53E-04,6.90E-04,7.64E-04,5.70E-04,8.57E-04,7.70E-04,3.79E-04,-6.88E-04
1868,8.24E-04,7.33E-04,5.44E-04,7.09E-04,6.60E-04,6.99E-04,4.56E-04,4.79E-04,3.30E-04,1.49E-04,6.64E-04,8.31E-04,8.76E-04,7.03E-04,7.82E-04,5.70E-04,8.93E-04,8.04E-04,4.09E-04,-6.90E-04
1869,8.61E-04,7.57E-04,5.74E-04,7.32E-04,6.79E-04,6.89E-04,4.89E-04,5.06E-04,3.56E-04,1.50E-04,6.84E-04,8.56E-04,8.97E-04,7.16E-04,7.99E-04,5.62E-04,9.27E-04,8.36E-04,4.35E-04,-6.96E-04
1870,8.99E-04,7.79E-04,6.03E-04,7.54E-04,6.98E-04,6.71E-04,5.21E-04,5.33E-04,3.81E-04,1.43E-04,7.03E-04,8.79E-04,9.17E-04,7.28E-04,8.14E-04,5.47E-04,9.59E-04,8.66E-04,4.57E-04,-7.04E-04
1871,9.37E-04,8.01E-04,6.32E-04,7.77E-04,7.15E-04,6.45E-04,5.52E-04,5.59E-04,4.05E-04,1.30E-04,7.23E-04,9.01E-04,9.36E-04,7.39E-04,8.27E-04,5.26E-04,9.89E-04,8.94E-04,4.77E-04,-7.14E-04
1872,9.75E-04,8.21E-04,6.61E-04,7.99E-04,7.32E-04,6.15E-04,5.82E-04,5.84E-04,4.29E-04,1.12E-04,7.42E-04,9.22E-04,9.53E-04,7.51E-04,8.39E-04,5.03E-04,1.02E-03,9.20E-04,4.95E-04,-7.25E-04
1873,1.01E-03,8.41E-04,6.89E-04,8.20E-04,7.48E-04,5.83E-04,6.10E-04,6.08E-04,4.51E-04,9.44E-05,7.59E-04,9.42E-04,9.69E-04,7.63E-04,8.49E-04,4.79E-04,1.04E-03,9.45E-04,5.11E-04,-7.34E-04
1874,1.05E-03,8.60E-04,7.16E-04,8.39E-04,7.64E-04,5.54E-04,6.36E-04,6.30E-04,4.73E-04,7.93E-05,7.76E-04,9.61E-04,9.83E-04,7.74E-04,8.58E-04,4.58E-04,1.07E-03,9.69E-04,5.26E-04,-7.40E-04
1875,1.09E-03,8.79E-04,7.42E-04,8.56E-04,7.79E-04,5.30E-04,6.61E-04,6.52E-04,4.95E-04,7.06E-05,7.91E-04,9.79E-04,9.97E-04,7.85E-04,8.66E-04,4.43E-04,1.09E-03,9.93E-04,5.43E-04,-7.43E-04
1876,1.12E-03,8.98E-04,7.68E-04,8.71E-04,7.93E-04,5.16E-04,6.83E-04,6.73E-04,5.16E-04,7.20E-05,8.04E-04,9.97E-04,1.01E-03,7.95E-04,8.73E-04,4.38E-04,1.11E-03,1.02E-03,5.62E-04,-7.39E-04
1877,1.15E-03,9.17E-04,7.93E-04,8.84E-04,8.08E-04,5.14E-04,7.04E-04,6.94E-04,5.38E-04,8.67E-05,8.15E-04,1.02E-03,1.02E-03,8.05E-04,8.80E-04,4.45E-04,1.13E-03,1.04E-03,5.85E-04,-7.29E-04
1878,1.18E-03,9.37E-04,8.17E-04,8.94E-04,8.22E-04,5.26E-04,7.24E-04,7.15E-04,5.60E-04,1.18E-04,8.24E-04,1.03E-03,1.03E-03,8.15E-04,8.87E-04,4.66E-04,1.15E-03,1.07E-03,6.14E-04,-7.11E-04
1879,1.21E-03,9.56E-04,8.40E-04,9.01E-04,8.37E-04,5.56E-04,7.42E-04,7.35E-04,5.83E-04,1.66E-04,8.32E-04,1.05E-03,1.04E-03,8.24E-04,8.93E-04,5.04E-04,1.17E-03,1.09E-03,6.48E-04,-6.86E-04
1880,1.24E-03,9.75E-04,8.63E-04,9.06E-04,8.51E-04,6.02E-04,7.60E-04,7.55E-04,6.07E-04,2.34E-04,8.37E-04,1.07E-03,1.06E-03,8.31E-04,9.00E-04,5.59E-04,1.19E-03,1.12E-03,6.89E-04,-6.54E-04
1881,1.26E-03,9.94E-04,8.84E-04,9.08E-04,8.64E-04,6.67E-04,7.77E-04,7.75E-04,6.32E-04,3.20E-04,8.40E-04,1.09E-03,1.07E-03,8.38E-04,9.08E-04,6.32E-04,1.21E-03,1.14E-03,7.36E-04,-6.16E-04
1882,1.28E-03,1.01E-03,9.04E-04,9.08E-04,8.78E-04,7.47E-04,7.93E-04,7.95E-04,6.57E-04,4.24E-04,8.41E-04,1.10E-03,1.08E-03,8.43E-04,9.16E-04,7.21E-04,1.23E-03,1.17E-03,7.90E-04,-5.74E-04
1883,1.30E-03,1.03E-03,9.24E-04,9.05E-04,8.90E-04,8.41E-04,8.08E-04,8.15E-04,6.84E-04,5.42E-04,8.40E-04,1.12E-03,1.09E-03,8.46E-04,9.25E-04,8.25E-04,1.25E-03,1.20E-03,8.50E-04,-5.29E-04
1884,1.31E-03,1.05E-03,9.41E-04,9.01E-04,9.02E-04,9.46E-04,8.23E-04,8.34E-04,7.10E-04,6.72E-04,8.37E-04,1.13E-03,1.09E-03,8.48E-04,9.33E-04,9.41E-04,1.26E-03,1.22E-03,9.14E-04,-4.84E-04
1885,1.33E-03,1.06E-03,9.58E-04,8.95E-04,9.12E-04,1.06E-03,8.37E-04,8.52E-04,7.35E-04,8.08E-04,8.33E-04,1.15E-03,1.10E-03,8.48E-04,9.42E-04,1.07E-03,1.28E-03,1.25E-03,9.80E-04,-4.42E-04
1886,1.33E-03,1.08E-03,9.72E-04,8.88E-04,9.21E-04,1.17E-03,8.50E-04,8.68E-04,7.60E-04,9.46E-04,8.26E-04,1.16E-03,1.11E-03,8.46E-04,9.51E-04,1.20E-03,1.29E-03,1.27E-03,1.05E-03,-4.05E-04
1887,1.34E-03,1.09E-03,9.84E-04,8.78E-04,9.28E-04,1.28E-03,8.61E-04,8.82E-04,7.83E-04,1.08E-03,8.19E-04,1.17E-03,1.11E-03,8.42E-04,9.59E-04,1.32E-03,1.30E-03,1.29E-03,1.11E-03,-3.76E-04
1888,1.34E-03,1.10E-03,9.94E-04,8.68E-04,9.32E-04,1.38E-03,8.70E-04,8.94E-04,8.02E-04,1.20E-03,8.09E-04,1.17E-03,1.12E-03,8.37E-04,9.66E-04,1.45E-03,1.31E-03,1.31E-03,1.17E-03,-3.57E-04
1889,1.33E-03,1.10E-03,1.00E-03,8.55E-04,9.34E-04,1.47E-03,8.76E-04,9.02E-04,8.19E-04,1.31E-03,7.98E-04,1.18E-03,1.12E-03,8.29E-04,9.72E-04,1.57E-03,1.31E-03,1.32E-03,1.22E-03,-3.49E-04
1890,1.32E-03,1.11E-03,1.00E-03,8.42E-04,9.33E-04,1.55E-03,8.80E-04,9.06E-04,8.31E-04,1.39E-03,7.86E-04,1.17E-03,1.11E-03,8.20E-04,9.75E-04,1.67E-03,1.31E-03,1.33E-03,1.27E-03,-3.55E-04
1891,1.31E-03,1.11E-03,1.00E-03,8.27E-04,9.29E-04,1.60E-03,8.80E-04,9.06E-04,8.38E-04,1.45E-03,7.72E-04,1.17E-03,1.11E-03,8.10E-04,9.76E-04,1.75E-03,1.30E-03,1.33E-03,1.30E-03,-3.75E-04
1892,1.30E-03,1.10E-03,1.00E-03,8.11E-04,9.21E-04,1.63E-03,8.76E-04,9.01E-04,8.40E-04,1.48E-03,7.56E-04,1.16E-03,1.10E-03,7.98E-04,9.75E-04,1.82E-03,1.29E-03,1.33E-03,1.32E-03,-4.08E-04
1893,1.28E-03,1.10E-03,9.93E-04,7.93E-04,9.10E-04,1.63E-03,8.68E-04,8.91E-04,8.36E-04,1.48E-03,7.39E-04,1.15E-03,1.09E-03,7.85E-04,9.71E-04,1.86E-03,1.27E-03,1.32E-03,1.33E-03,-4.53E-04
1894,1.26E-03,1.09E-03,9.81E-04,7.74E-04,8.95E-04,1.61E-03,8.56E-04,8.76E-04,8.27E-04,1.45E-03,7.21E-04,1.13E-03,1.07E-03,7.71E-04,9.64E-04,1.88E-03,1.25E-03,1.30E-03,1.33E-03,-5.08E-04
1895,1.24E-03,1.07E-03,9.67E-04,7.55E-04,8.78E-04,1.57E-03,8.39E-04,8.56E-04,8.13E-04,1.40E-03,7.02E-04,1.11E-03,1.05E-03,7.56E-04,9.54E-04,1.87E-03,1.23E-03,1.28E-03,1.31E-03,-5.71E-04
1896,1.22E-03,1.06E-03,9.49E-04,7.34E-04,8.58E-04,1.50E-03,8.19E-04,8.32E-04,7.93E-04,1.32E-03,6.82E-04,1.09E-03,1.03E-03,7.41E-04,9.41E-04,1.85E-03,1.20E-03,1.26E-03,1.29E-03,-6.38E-04
1897,1.19E-03,1.04E-03,9.28E-04,7.13E-04,8.35E-04,1.43E-03,7.96E-04,8.04E-04,7.70E-04,1.22E-03,6.62E-04,1.06E-03,1.01E-03,7.26E-04,9.26E-04,1.80E-03,1.16E-03,1.23E-03,1.25E-03,-7.07E-04
1898,1.17E-03,1.02E-03,9.04E-04,6.91E-04,8.11E-04,1.34E-03,7.70E-04,7.73E-04,7.43E-04,1.10E-03,6.42E-04,1.04E-03,9.84E-04,7.12E-04,9.09E-04,1.74E-03,1.12E-03,1.21E-03,1.21E-03,-7.75E-04
1899,1.14E-03,9.96E-04,8.79E-04,6.70E-04,7.86E-04,1.24E-03,7.41E-04,7.39E-04,7.14E-04,9.78E-04,6.22E-04,1.01E-03,9.58E-04,6.97E-04,8.91E-04,1.67E-03,1.09E-03,1.17E-03,1.17E-03,-8.38E-04
1900,1.12E-03,9.73E-04,8.53E-04,6.48E-04,7.60E-04,1.15E-03,7.12E-04,7.04E-04,6.84E-04,8.54E-04,6.02E-04,9.81E-04,9.31E-04,6.83E-04,8.72E-04,1.59E-03,1.05E-03,1.14E-03,1.12E-03,-8.93E-04
1901,1.09E-03,9.49E-04,8.27E-04,6.28E-04,7.34E-04,1.06E-03,6.82E-04,6.68E-04,6.53E-04,7.33E-04,5.84E-04,9.53E-04,9.05E-04,6.70E-04,8.52E-04,1.51E-03,1.01E-03,1.11E-03,1.08E-03,-9.38E-04
1902,1.07E-03,9.26E-04,8.00E-04,6.09E-04,7.09E-04,9.71E-04,6.52E-04,6.32E-04,6.23E-04,6.21E-04,5.67E-04,9.27E-04,8.80E-04,6.57E-04,8.33E-04,1.43E-03,9.69E-04,1.08E-03,1.03E-03,-9.71E-04
1903,1.05E-03,9.03E-04,7.75E-04,5.91E-04,6.86E-04,8.98E-04,6.24E-04,5.97E-04,5.95E-04,5.23E-04,5.53E-04,9.01E-04,8.56E-04,6.46E-04,8.14E-04,1.35E-03,9.33E-04,1.06E-03,9.93E-04,-9.91E-04
1904,1.03E-03,8.81E-04,7.51E-04,5.74E-04,6.64E-04,8.39E-04,5.97E-04,5.65E-04,5.68E-04,4.42E-04,5.40E-04,8.78E-04,8.34E-04,6.35E-04,7.96E-04,1.27E-03,8.99E-04,1.03E-03,9.60E-04,-9.98E-04
1905,1.01E-03,8.61E-04,7.29E-04,5.60E-04,6.44E-04,7.95E-04,5.72E-04,5.34E-04,5.45E-04,3.80E-04,5.29E-04,8.57E-04,8.14E-04,6.26E-04,7.80E-04,1.20E-03,8.67E-04,1.01E-03,9.33E-04,-9.92E-04
1906,9.91E-04,8.42E-04,7.10E-04,5.47E-04,6.26E-04,7.66E-04,5.50E-04,5.06E-04,5.24E-04,3.38E-04,5.21E-04,8.38E-04,7.97E-04,6.17E-04,7.65E-04,1.14E-03,8.39E-04,9.87E-04,9.13E-04,-9.73E-04
1907,9.76E-04,8.26E-04,6.93E-04,5.37E-04,6.10E-04,7.54E-04,5.31E-04,4.82E-04,5.07E-04,3.17E-04,5.15E-04,8.22E-04,7.82E-04,6.09E-04,7.53E-04,1.09E-03,8.14E-04,9.70E-04,9.00E-04,-9.44E-04
1908,9.64E-04,8.11E-04,6.79E-04,5.28E-04,5.97E-04,7.55E-04,5.15E-04,4.61E-04,4.93E-04,3.14E-04,5.12E-04,8.08E-04,7.70E-04,6.02E-04,7.41E-04,1.05E-03,7.91E-04,9.56E-04,8.92E-04,-9.06E-04
1909,9.53E-04,7.99E-04,6.68E-04,5.21E-04,5.86E-04,7.68E-04,5.02E-04,4.42E-04,4.83E-04,3.29E-04,5.11E-04,7.95E-04,7.61E-04,5.95E-04,7.32E-04,1.01E-03,7.72E-04,9.43E-04,8.91E-04,-8.62E-04
1910,9.44E-04,7.88E-04,6.59E-04,5.15E-04,5.77E-04,7.90E-04,4.91E-04,4.27E-04,4.75E-04,3.57E-04,5.11E-04,7.85E-04,7.53E-04,5.88E-04,7.23E-04,9.80E-04,7.54E-04,9.33E-04,8.93E-04,-8.13E-04
1911,9.36E-04,7.78E-04,6.52E-04,5.10E-04,5.69E-04,8.18E-04,4.81E-04,4.14E-04,4.69E-04,3.97E-04,5.13E-04,7.75E-04,7.47E-04,5.82E-04,7.16E-04,9.56E-04,7.38E-04,9.24E-04,8.98E-04,-7.64E-04
1912,9.29E-04,7.70E-04,6.46E-04,5.06E-04,5.62E-04,8.49E-04,4.74E-04,4.02E-04,4.64E-04,4.43E-04,5.15E-04,7.67E-04,7.42E-04,5.75E-04,7.09E-04,9.35E-04,7.24E-04,9.16E-04,9.04E-04,-7.15E-04
1913,9.22E-04,7.62E-04,6.42E-04,5.02E-04,5.55E-04,8.80E-04,4.67E-04,3.92E-04,4.60E-04,4.93E-04,5.18E-04,7.59E-04,7.38E-04,5.68E-04,7.02E-04,9.17E-04,7.10E-04,9.07E-04,9.11E-04,-6.69E-04
1914,9.15E-04,7.55E-04,6.38E-04,4.97E-04,5.48E-04,9.07E-04,4.60E-04,3.83E-04,4.56E-04,5.42E-04,5.21E-04,7.50E-04,7.34E-04,5.60E-04,6.94E-04,9.01E-04,6.96E-04,8.98E-04,9.16E-04,-6.28E-04
1915,9.08E-04,7.48E-04,6.34E-04,4.92E-04,5.41E-04,9.29E-04,4.52E-04,3.73E-04,4.52E-04,5.88E-04,5.23E-04,7.41E-04,7.30E-04,5.52E-04,6.85E-04,8.86E-04,6.82E-04,8.88E-04,9.19E-04,-5.92E-04
1916,9.00E-04,7.40E-04,6.29E-04,4.86E-04,5.32E-04,9.43E-04,4.44E-04,3.63E-04,4.47E-04,6.29E-04,5.23E-04,7.31E-04,7.24E-04,5.42E-04,6.75E-04,8.72E-04,6.67E-04,8.77E-04,9.20E-04,-5.62E-04
1917,8.90E-04,7.31E-04,6.23E-04,4.78E-04,5.22E-04,9.49E-04,4.34E-04,3.52E-04,4.41E-04,6.61E-04,5.22E-04,7.20E-04,7.17E-04,5.32E-04,6.64E-04,8.59E-04,6.50E-04,8.63E-04,9.17E-04,-5.39E-04
1918,8.79E-04,7.22E-04,6.16E-04,4.68E-04,5.10E-04,9.46E-04,4.23E-04,3.40E-04,4.32E-04,6.85E-04,5.19E-04,7.07E-04,7.09E-04,5.20E-04,6.50E-04,8.47E-04,6.33E-04,8.48E-04,9.11E-04,-5.20E-04
1919,8.66E-04,7.11E-04,6.07E-04,4.57E-04,4.96E-04,9.35E-04,4.09E-04,3.26E-04,4.22E-04,6.99E-04,5.13E-04,6.92E-04,6.99E-04,5.07E-04,6.35E-04,8.37E-04,6.13E-04,8.31E-04,9.03E-04,-5.06E-04
1920,8.51E-04,6.98E-04,5.95E-04,4.43E-04,4.80E-04,9.17E-04,3.93E-04,3.10E-04,4.11E-04,7.05E-04,5.05E-04,6.75E-04,6.87E-04,4.93E-04,6.18E-04,8.31E-04,5.92E-04,8.12E-04,8.92E-04,-4.95E-04
1921,8.34E-04,6.84E-04,5.82E-04,4.28E-04,4.63E-04,8.94E-04,3.76E-04,2.93E-04,3.98E-04,7.03E-04,4.95E-04,6.57E-04,6.73E-04,4.77E-04,5.99E-04,8.28E-04,5.70E-04,7.92E-04,8.80E-04,-4.86E-04
1922,8.15E-04,6.68E-04,5.67E-04,4.11E-04,4.43E-04,8.67E-04,3.57E-04,2.75E-04,3.83E-04,6.96E-04,4.82E-04,6.38E-04,6.57E-04,4.61E-04,5.78E-04,8.30E-04,5.47E-04,7.71E-04,8.66E-04,-4.76E-04
1923,7.94E-04,6.50E-04,5.50E-04,3.92E-04,4.22E-04,8.38E-04,3.36E-04,2.55E-04,3.68E-04,6.84E-04,4.67E-04,6.17E-04,6.39E-04,4.43E-04,5.56E-04,8.37E-04,5.24E-04,7.48E-04,8.53E-04,-4.64E-04
1924,7.72E-04,6.32E-04,5.31E-04,3.72E-04,4.00E-04,8.09E-04,3.14E-04,2.35E-04,3.52E-04,6.70E-04,4.49E-04,5.95E-04,6.21E-04,4.24E-04,5.34E-04,8.50E-04,4.99E-04,7.26E-04,8.40E-04,-4.49E-04
1925,7.47E-04,6.12E-04,5.11E-04,3.50E-04,3.77E-04,7.82E-04,2.92E-04,2.15E-04,3.36E-04,6.55E-04,4.30E-04,5.73E-04,6.01E-04,4.05E-04,5.10E-04,8.69E-04,4.75E-04,7.03E-04,8.27E-04,-4.30E-04
1926,7.22E-04,5.91E-04,4.90E-04,3.29E-04,3.54E-04,7.59E-04,2.71E-04,1.95E-04,3.21E-04,6.42E-04,4.09E-04,5.50E-04,5.81E-04,3.85E-04,4.87E-04,8.93E-04,4.51E-04,6.80E-04,8.16E-04,-4.05E-04
1927,6.95E-04,5.69E-04,4.70E-04,3.06E-04,3.31E-04,7.40E-04,2.49E-04,1.76E-04,3.06E-04,6.31E-04,3.87E-04,5.27E-04,5.60E-04,3.65E-04,4.64E-04,9.22E-04,4.28E-04,6.59E-04,8.06E-04,-3.75E-04
1928,6.68E-04,5.47E-04,4.49E-04,2.84E-04,3.09E-04,7.25E-04,2.29E-04,1.58E-04,2.93E-04,6.23E-04,3.64E-04,5.04E-04,5.38E-04,3.44E-04,4.41E-04,9.53E-04,4.06E-04,6.38E-04,7.96E-04,-3.39E-04
1929,6.41E-04,5.24E-04,4.29E-04,2.62E-04,2.88E-04,7.15E-04,2.09E-04,1.42E-04,2.81E-04,6.19E-04,3.40E-04,4.81E-04,5.17E-04,3.24E-04,4.19E-04,9.85E-04,3.84E-04,6.18E-04,7.88E-04,-2.99E-04
1930,6.14E-04,5.02E-04,4.10E-04,2.40E-04,2.67E-04,7.09E-04,1.91E-04,1.28E-04,2.70E-04,6.18E-04,3.16E-04,4.59E-04,4.96E-04,3.03E-04,3.98E-04,1.02E-03,3.64E-04,6.00E-04,7.79E-04,-2.54E-04
1931,5.86E-04,4.80E-04,3.92E-04,2.19E-04,2.49E-04,7.06E-04,1.75E-04,1.16E-04,2.61E-04,6.21E-04,2.92E-04,4.38E-04,4.75E-04,2.83E-04,3.78E-04,1.05E-03,3.44E-04,5.82E-04,7.69E-04,-2.05E-04
1932,5.60E-04,4.59E-04,3.75E-04,1.99E-04,2.32E-04,7.04E-04,1.61E-04,1.06E-04,2.53E-04,6.26E-04,2.68E-04,4.18E-04,4.54E-04,2.63E-04,3.59E-04,1.07E-03,3.26E-04,5.66E-04,7.58E-04,-1.55E-04
1933,5.34E-04,4.38E-04,3.60E-04,1.79E-04,2.16E-04,7.02E-04,1.49E-04,9.89E-05,2.46E-04,6.31E-04,2.45E-04,3.99E-04,4.33E-04,2.44E-04,3.41E-04,1.08E-03,3.08E-04,5.50E-04,7.45E-04,-1.03E-04
1934,5.08E-04,4.18E-04,3.47E-04,1.60E-04,2.02E-04,6.99E-04,1.38E-04,9.38E-05,2.40E-04,6.37E-04,2.21E-04,3.80E-04,4.12E-04,2.25E-04,3.23E-04,1.09E-03,2.91E-04,5.35E-04,7.28E-04,-5.07E-05
1935,4.83E-04,3.99E-04,3.36E-04,1.42E-04,1.90E-04,6.92E-04,1.29E-04,9.07E-05,2.36E-04,6.42E-04,1.98E-04,3.62E-04,3.91E-04,2.06E-04,3.06E-04,1.09E-03,2.74E-04,5.20E-04,7.08E-04,7.31E-07
1936,4.60E-04,3.81E-04,3.26E-04,1.25E-04,1.79E-04,6.80E-04,1.21E-04,8.95E-05,2.32E-04,6.44E-04,1.76E-04,3.45E-04,3.70E-04,1.88E-04,2.90E-04,1.07E-03,2.58E-04,5.06E-04,6.85E-04,5.07E-05
1937,4.37E-04,3.63E-04,3.17E-04,1.08E-04,1.70E-04,6.64E-04,1.14E-04,8.98E-05,2.28E-04,6.43E-04,1.53E-04,3.28E-04,3.49E-04,1.71E-04,2.74E-04,1.04E-03,2.41E-04,4.92E-04,6.58E-04,9.88E-05
1938,4.15E-04,3.47E-04,3.10E-04,9.14E-05,1.61E-04,6.41E-04,1.08E-04,9.14E-05,2.25E-04,6.39E-04,1.31E-04,3.12E-04,3.27E-04,1.54E-04,2.59E-04,1.00E-03,2.25E-04,4.77E-04,6.27E-04,1.45E-04
1939,3.94E-04,3.30E-04,3.03E-04,7.54E-05,1.54E-04,6.12E-04,1.02E-04,9.39E-05,2.21E-04,6.32E-04,1.10E-04,2.96E-04,3.05E-04,1.38E-04,2.44E-04,9.57E-04,2.08E-04,4.63E-04,5.93E-04,1.90E-04
1940,3.74E-04,3.15E-04,2.98E-04,5.99E-05,1.47E-04,5.78E-04,9.71E-05,9.70E-05,2.18E-04,6.22E-04,8.81E-05,2.80E-04,2.83E-04,1.22E-04,2.28E-04,9.00E-04,1.91E-04,4.48E-04,5.57E-04,2.33E-04
1941,3.55E-04,3.00E-04,2.93E-04,4.48E-05,1.41E-04,5.39E-04,9.23E-05,1.00E-04,2.14E-04,6.09E-04,6.68E-05,2.64E-04,2.60E-04,1.07E-04,2.13E-04,8.38E-04,1.73E-04,4.33E-04,5.20E-04,2.76E-04
1942,3.37E-04,2.85E-04,2.89E-04,3.00E-05,1.35E-04,4.96E-04,8.76E-05,1.04E-04,2.10E-04,5.95E-04,4.57E-05,2.49E-04,2.38E-04,9.17E-05,1.98E-04,7.72E-04,1.55E-04,4.17E-04,4.83E-04,3.19E-04
1943,3.20E-04,2.71E-04,2.84E-04,1.57E-05,1.30E-04,4.52E-04,8.29E-05,1.07E-04,2.06E-04,5.81E-04,2.49E-05,2.33E-04,2.15E-04,7.72E-05,1.83E-04,7.05E-04,1.37E-04,4.02E-04,4.46E-04,3.63E-04
1944,3.04E-04,2.57E-04,2.80E-04,1.93E-06,1.24E-04,4.07E-04,7.83E-05,1.10E-04,2.02E-04,5.67E-04,4.48E-06,2.17E-04,1.93E-04,6.31E-05,1.69E-04,6.39E-04,1.18E-04,3.87E-04,4.11E-04,4.10E-04
1945,2.89E-04,2.44E-04,2.76E-04,-1.13E-05,1.19E-04,3.64E-04,7.35E-05,1.13E-04,1.98E-04,5.56E-04,-1.56E-05,2.02E-04,1.70E-04,4.95E-05,1.56E-04,5.76E-04,9.99E-05,3.72E-04,3.79E-04,4.59E-04
1946,2.75E-04,2.30E-04,2.73E-04,-2.39E-05,1.14E-04,3.24E-04,6.88E-05,1.15E-04,1.94E-04,5.47E-04,-3.52E-05,1.86E-04,1.49E-04,3.63E-05,1.43E-04,5.18E-04,8.13E-05,3.58E-04,3.50E-04,5.12E-04
1947,2.62E-04,2.18E-04,2.69E-04,-3.59E-05,1.09E-04,2.88E-04,6.41E-05,1.17E-04,1.90E-04,5.43E-04,-5.42E-05,1.70E-04,1.28E-04,2.35E-05,1.31E-04,4.67E-04,6.29E-05,3.44E-04,3.25E-04,5.69E-04
1948,2.50E-04,2.05E-04,2.65E-04,-4.71E-05,1.04E-04,2.58E-04,5.94E-05,1.18E-04,1.86E-04,5.43E-04,-7.26E-05,1.55E-04,1.09E-04,1.12E-05,1.20E-04,4.23E-04,4.48E-05,3.31E-04,3.04E-04,6.29E-04
1949,2.39E-04,1.93E-04,2.61E-04,-5.75E-05,9.99E-05,2.33E-04,5.48E-05,1.18E-04,1.83E-04,5.48E-04,-9.02E-05,1.40E-04,9.01E-05,-7.24E-07,1.10E-04,3.88E-04,2.69E-05,3.19E-04,2.88E-04,6.94E-04
1950,2.29E-04,1.81E-04,2.56E-04,-6.73E-05,9.54E-05,2.16E-04,5.02E-05,1.18E-04,1.80E-04,5.57E-04,-1.07E-04,1.25E-04,7.26E-05,-1.22E-05,1.02E-04,3.60E-04,9.41E-06,3.07E-04,2.75E-04,7.61E-04
1951,2.20E-04,1.70E-04,2.52E-04,-7.64E-05,9.11E-05,2.05E-04,4.57E-05,1.17E-04,1.77E-04,5.71E-04,-1.23E-04,1.10E-04,5.63E-05,-2.32E-05,9.46E-05,3.40E-04,-7.75E-06,2.96E-04,2.65E-04,8.31E-04
1952,2.11E-04,1.59E-04,2.47E-04,-8.49E-05,8.70E-05,2.00E-04,4.11E-05,1.16E-04,1.75E-04,5.89E-04,-1.38E-04,9.48E-05,4.11E-05,-3.38E-05,8.87E-05,3.26E-04,-2.46E-05,2.86E-04,2.58E-04,9.02E-04
1953,2.03E-04,1.48E-04,2.42E-04,-9.31E-05,8.29E-05,2.01E-04,3.64E-05,1.14E-04,1.72E-04,6.09E-04,-1.53E-04,8.01E-05,2.68E-05,-4.41E-05,8.39E-05,3.17E-04,-4.12E-05,2.76E-04,2.53E-04,9.73E-04
1954,1.94E-04,1.38E-04,2.37E-04,-1.01E-04,7.88E-05,2.05E-04,3.15E-05,1.11E-04,1.69E-04,6.30E-04,-1.67E-04,6.55E-05,1.33E-05,-5.40E-05,8.01E-05,3.11E-04,-5.76E-05,2.66E-04,2.48E-04,1.04E-03
1955,1.86E-04,1.29E-04,2.31E-04,-1.09E-04,7.45E-05,2.13E-04,2.62E-05,1.08E-04,1.66E-04,6.52E-04,-1.80E-04,5.09E-05,4.95E-07,-6.37E-05,7.71E-05,3.07E-04,-7.41E-05,2.56E-04,2.44E-04,1.11E-03
1956,1.76E-04,1.19E-04,2.24E-04,-1.17E-04,7.01E-05,2.23E-04,2.04E-05,1.04E-04,1.62E-04,6.73E-04,-1.92E-04,3.61E-05,-1.19E-05,-7.33E-05,7.46E-05,3.03E-04,-9.06E-05,2.46E-04,2.39E-04,1.17E-03
1957,1.67E-04,1.10E-04,2.17E-04,-1.25E-04,6.52E-05,2.33E-04,1.41E-05,9.86E-05,1.58E-04,6.92E-04,-2.04E-04,2.12E-05,-2.42E-05,-8.27E-05,7.25E-05,2.98E-04,-1.07E-04,2.35E-04,2.32E-04,1.23E-03
1958,1.56E-04,1.01E-04,2.08E-04,-1.35E-04,5.99E-05,2.43E-04,6.93E-06,9.26E-05,1.53E-04,7.08E-04,-2.16E-04,6.08E-06,-3.64E-05,-9.20E-05,7.04E-05,2.91E-04,-1.24E-04,2.24E-04,2.24E-04,1.29E-03
1959,1.44E-04,9.24E-05,1.99E-04,-1.44E-04,5.39E-05,2.51E-04,-1.05E-06,8.54E-05,1.46E-04,7.20E-04,-2.27E-04,-9.39E-06,-4.88E-05,-1.01E-04,6.82E-05,2.80E-04,-1.42E-04,2.11E-04,2.13E-04,1.34E-03
1960,1.30E-04,8.36E-05,1.88E-04,-1.55E-04,4.72E-05,2.56E-04,-9.96E-06,7.71E-05,1.39E-04,7.28E-04,-2.38E-04,-2.52E-05,-6.15E-05,-1.11E-04,6.57E-05,2.65E-04,-1.59E-04,1.98E-04,1.99E-04,1.38E-03
1961,1.16E-04,7.46E-05,1.76E-04,-1.67E-04,3.96E-05,2.58E-04,-1.98E-05,6.77E-05,1.30E-04,7.31E-04,-2.48E-04,-4.15E-05,-7.46E-05,-1.20E-04,6.27E-05,2.46E-04,-1.77E-04,1.84E-04,1.84E-04,1.42E-03
1962,9.95E-05,6.55E-05,1.62E-04,-1.79E-04,3.12E-05,2.57E-04,-3.07E-05,5.71E-05,1.21E-04,7.31E-04,-2.59E-04,-5.82E-05,-8.81E-05,-1.30E-04,5.91E-05,2.23E-04,-1.96E-04,1.69E-04,1.66E-04,1.46E-03
1963,8.20E-05,5.61E-05,1.48E-04,-1.93E-04,2.18E-05,2.52E-04,-4.25E-05,4.54E-05,1.10E-04,7.27E-04,-2.69E-04,-7.52E-05,-1.02E-04,-1.39E-04,5.49E-05,1.97E-04,-2.14E-04,1.53E-04,1.47E-04,1.49E-03
1964,6.33E-05,4.62E-05,1.32E-04,-2.07E-04,1.15E-05,2.44E-04,-5.51E-05,3.25E-05,9.88E-05,7.20E-04,-2.79E-04,-9.27E-05,-1.16E-04,-1.48E-04,5.00E-05,1.70E-04,-2.33E-04,1.37E-04,1.27E-04,1.51E-03
1965,4.35E-05,3.59E-05,1.15E-04,-2.21E-04,3.75E-07,2.33E-04,-6.86E-05,1.86E-05,8.65E-05,7.11E-04,-2.89E-04,-1.10E-04,-1.30E-04,-1.58E-04,4.46E-05,1.41E-04,-2.52E-04,1.20E-04,1.07E-04,1.53E-03
1966,2.30E-05,2.51E-05,9.66E-05,-2.37E-04,-1.16E-05,2.19E-04,-8.26E-05,3.68E-06,7.35E-05,7.01E-04,-2.99E-04,-1.28E-04,-1.45E-04,-1.67E-04,3.86E-05,1.11E-04,-2.71E-04,1.02E-04,8.71E-05,1.56E-03
1967,1.93E-06,1.36E-05,7.77E-05,-2.52E-04,-2.42E-05,2.04E-04,-9.72E-05,-1.21E-05,6.00E-05,6.90E-04,-3.08E-04,-1.47E-04,-1.59E-04,-1.76E-04,3.21E-05,8.32E-05,-2.89E-04,8.52E-05,6.82E-05,1.57E-03
1968,-1.93E-05,1.47E-06,5.82E-05,-2.67E-04,-3.75E-05,1.87E-04,-1.12E-04,-2.87E-05,4.61E-05,6.80E-04,-3.17E-04,-1.65E-04,-1.72E-04,-1.85E-04,2.53E-05,5.69E-05,-3.08E-04,6.82E-05,5.09E-05,1.59E-03
1969,-4.05E-05,-1.13E-05,3.83E-05,-2.81E-04,-5.12E-05,1.70E-04,-1.27E-04,-4.59E-05,3.19E-05,6.70E-04,-3.25E-04,-1.83E-04,-1.85E-04,-1.93E-04,1.82E-05,3.34E-05,-3.25E-04,5.15E-05,3.55E-05,1.61E-03
1970,-6.14E-05,-2.48E-05,1.80E-05,-2.95E-04,-6.52E-05,1.53E-04,-1.43E-04,-6.36E-05,1.76E-05,6.62E-04,-3.32E-04,-2.01E-04,-1.98E-04,-2.01E-04,1.08E-05,1.31E-05,-3.43E-04,3.55E-05,2.22E-05,1.63E-03
1971,-8.17E-05,-3.91E-05,-2.31E-06,-3.09E-04,-7.95E-05,1.36E-04,-1.58E-04,-8.18E-05,3.04E-06,6.56E-04,-3.39E-04,-2.19E-04,-2.09E-04,-2.08E-04,3.24E-06,-3.54E-06,-3.59E-04,2.00E-05,1.10E-05,1.65E-03
1972,-1.01E-04,-5.40E-05,-2.26E-05,-3.21E-04,-9.40E-05,1.20E-04,-1.73E-04,-1.00E-04,-1.16E-05,6.51E-04,-3.45E-04,-2.37E-04,-2.20E-04,-2.14E-04,-4.54E-06,-1.67E-05,-3.76E-04,5.31E-06,1.89E-06,1.67E-03
1973,-1.20E-04,-6.96E-05,-4.28E-05,-3.32E-04,-1.08E-04,1.04E-04,-1.89E-04,-1.19E-04,-2.63E-05,6.48E-04,-3.50E-04,-2.54E-04,-2.30E-04,-2.20E-04,-1.26E-05,-2.64E-05,-3.91E-04,-8.71E-06,-5.45E-06,1.69E-03
1974,-1.37E-04,-8.58E-05,-6.28E-05,-3.42E-04,-1.23E-04,8.82E-05,-2.04E-04,-1.38E-04,-4.11E-05,6.47E-04,-3.55E-04,-2.71E-04,-2.39E-04,-2.26E-04,-2.10E-05,-3.34E-05,-4.07E-04,-2.21E-05,-1.14E-05,1.71E-03
1975,-1.54E-04,-1.03E-04,-8.26E-05,-3.51E-04,-1.37E-04,7.29E-05,-2.19E-04,-1.57E-04,-5.61E-05,6.45E-04,-3.59E-04,-2.88E-04,-2.48E-04,-2.30E-04,-2.99E-05,-3.81E-05,-4.21E-04,-3.49E-05,-1.64E-05,1.73E-03
1976,-1.70E-04,-1.20E-04,-1.02E-04,-3.58E-04,-1.52E-04,5.75E-05,-2.34E-04,-1.77E-04,-7.13E-05,6.44E-04,-3.63E-04,-3.04E-04,-2.56E-04,-2.35E-04,-3.94E-05,-4.14E-05,-4.36E-04,-4.74E-05,-2.11E-05,1.74E-03
1977,-1.84E-04,-1.38E-04,-1.21E-04,-3.65E-04,-1.66E-04,4.17E-05,-2.49E-04,-1.96E-04,-8.67E-05,6.43E-04,-3.66E-04,-3.20E-04,-2.63E-04,-2.38E-04,-4.97E-05,-4.40E-05,-4.50E-04,-5.96E-05,-2.58E-05,1.76E-03
1978,-1.98E-04,-1.56E-04,-1.40E-04,-3.71E-04,-1.81E-04,2.53E-05,-2.64E-04,-2.15E-04,-1.02E-04,6.41E-04,-3.69E-04,-3.35E-04,-2.70E-04,-2.41E-04,-6.10E-05,-4.67E-05,-4.64E-04,-7.18E-05,-3.11E-05,1.77E-03
1979,-2.12E-04,-1.75E-04,-1.59E-04,-3.76E-04,-1.95E-04,7.80E-06,-2.79E-04,-2.35E-04,-1.18E-04,6.37E-04,-3.72E-04,-3.51E-04,-2.77E-04,-2.44E-04,-7.33E-05,-5.03E-05,-4.78E-04,-8.41E-05,-3.74E-05,1.79E-03
1980,-2.25E-04,-1.93E-04,-1.78E-04,-3.81E-04,-2.10E-04,-1.08E-05,-2.95E-04,-2.54E-04,-1.34E-04,6.32E-04,-3.75E-04,-3.65E-04,-2.85E-04,-2.47E-04,-8.69E-05,-5.53E-05,-4.92E-04,-9.67E-05,-4.49E-05,1.80E-03
1981,-2.38E-04,-2.12E-04,-1.97E-04,-3.85E-04,-2.24E-04,-3.07E-05,-3.10E-04,-2.73E-04,-1.50E-04,6.25E-04,-3.78E-04,-3.80E-04,-2.92E-04,-2.50E-04,-1.02E-04,-6.20E-05,-5.06E-04,-1.10E-04,-5.37E-05,1.81E-03
1982,-2.51E-04,-2.30E-04,-2.16E-04,-3.89E-04,-2.39E-04,-5.18E-05,-3.26E-04,-2.92E-04,-1.66E-04,6.15E-04,-3.81E-04,-3.93E-04,-3.00E-04,-2.52E-04,-1.18E-04,-7.06E-05,-5.19E-04,-1.23E-04,-6.39E-05,1.81E-03
1983,-2.64E-04,-2.48E-04,-2.34E-04,-3.93E-04,-2.54E-04,-7.40E-05,-3.41E-04,-3.10E-04,-1.82E-04,6.04E-04,-3.84E-04,-4.07E-04,-3.08E-04,-2.55E-04,-1.35E-04,-8.10E-05,-5.33E-04,-1.37E-04,-7.52E-05,1.82E-03
1984,-2.77E-04,-2.66E-04,-2.53E-04,-3.97E-04,-2.68E-04,-9.69E-05,-3.56E-04,-3.28E-04,-1.98E-04,5.92E-04,-3.87E-04,-4.20E-04,-3.17E-04,-2.57E-04,-1.53E-04,-9.32E-05,-5.46E-04,-1.51E-04,-8.75E-05,1.82E-03
1985,-2.90E-04,-2.83E-04,-2.71E-04,-4.02E-04,-2.83E-04,-1.20E-04,-3.71E-04,-3.45E-04,-2.13E-04,5.78E-04,-3.90E-04,-4.32E-04,-3.26E-04,-2.60E-04,-1.72E-04,-1.07E-04,-5.59E-04,-1.65E-04,-1.00E-04,1.83E-03
1986,-3.02E-04,-3.00E-04,-2.89E-04,-4.06E-04,-2.98E-04,-1.44E-04,-3.85E-04,-3.61E-04,-2.28E-04,5.64E-04,-3.93E-04,-4.43E-04,-3.35E-04,-2.63E-04,-1.92E-04,-1.21E-04,-5.71E-04,-1.80E-04,-1.13E-04,1.83E-03
1987,-3.15E-04,-3.15E-04,-3.07E-04,-4.11E-04,-3.12E-04,-1.67E-04,-3.98E-04,-3.77E-04,-2.41E-04,5.51E-04,-3.96E-04,-4.54E-04,-3.44E-04,-2.67E-04,-2.12E-04,-1.35E-04,-5.82E-04,-1.94E-04,-1.26E-04,1.83E-03
1988,-3.28E-04,-3.30E-04,-3.23E-04,-4.15E-04,-3.26E-04,-1.88E-04,-4.11E-04,-3.91E-04,-2.54E-04,5.37E-04,-3.99E-04,-4.64E-04,-3.53E-04,-2.70E-04,-2.32E-04,-1.50E-04,-5.92E-04,-2.08E-04,-1.37E-04,1.84E-03
1989,-3.39E-04,-3.43E-04,-3.40E-04,-4.20E-04,-3.40E-04,-2.09E-04,-4.23E-04,-4.05E-04,-2.66E-04,5.25E-04,-4.01E-04,-4.73E-04,-3.62E-04,-2.74E-04,-2.51E-04,-1.63E-04,-6.02E-04,-2.22E-04,-1.48E-04,1.84E-03
1990,-3.51E-04,-3.55E-04,-3.55E-04,-4.24E-04,-3.53E-04,-2.27E-04,-4.33E-04,-4.17E-04,-2.76E-04,5.14E-04,-4.04E-04,-4.81E-04,-3.71E-04,-2.77E-04,-2.70E-04,-1.75E-04,-6.10E-04,-2.35E-04,-1.56E-04,1.85E-03
1991,-3.61E-04,-3.67E-04,-3.68E-04,-4.28E-04,-3.66E-04,-2.44E-04,-4.43E-04,-4.27E-04,-2.86E-04,5.05E-04,-4.06E-04,-4.88E-04,-3.79E-04,-2.81E-04,-2.89E-04,-1.86E-04,-6.16E-04,-2.47E-04,-1.63E-04,1.85E-03
1992,-3.70E-04,-3.76E-04,-3.81E-04,-4.32E-04,-3.78E-04,-2.58E-04,-4.50E-04,-4.36E-04,-2.94E-04,4.97E-04,-4.07E-04,-4.94E-04,-3.86E-04,-2.84E-04,-3.06E-04,-1.95E-04,-6.21E-04,-2.57E-04,-1.68E-04,1.86E-03
1993,-3.78E-04,-3.85E-04,-3.92E-04,-4.35E-04,-3.89E-04,-2.70E-04,-4.57E-04,-4.44E-04,-3.01E-04,4.92E-04,-4.08E-04,-4.99E-04,-3.92E-04,-2.88E-04,-3.21E-04,-2.02E-04,-6.25E-04,-2.67E-04,-1.71E-04,1.87E-03
1994,-3.85E-04,-3.92E-04,-4.02E-04,-4.37E-04,-3.99E-04,-2.80E-04,-4.62E-04,-4.51E-04,-3.08E-04,4.88E-04,-4.08E-04,-5.03E-04,-3.98E-04,-2.91E-04,-3.36E-04,-2.07E-04,-6.28E-04,-2.75E-04,-1.71E-04,1.88E-03
1995,-3.91E-04,-3.98E-04,-4.10E-04,-4.39E-04,-4.09E-04,-2.87E-04,-4.65E-04,-4.56E-04,-3.13E-04,4.86E-04,-4.07E-04,-5.06E-04,-4.02E-04,-2.94E-04,-3.48E-04,-2.11E-04,-6.29E-04,-2.83E-04,-1.70E-04,1.89E-03
1996,-3.95E-04,-4.04E-04,-4.17E-04,-4.40E-04,-4.17E-04,-2.93E-04,-4.68E-04,-4.60E-04,-3.18E-04,4.85E-04,-4.06E-04,-5.09E-04,-4.06E-04,-2.97E-04,-3.60E-04,-2.14E-04,-6.29E-04,-2.88E-04,-1.68E-04,1.90E-03
1997,-3.99E-04,-4.08E-04,-4.23E-04,-4.41E-04,-4.25E-04,-2.97E-04,-4.69E-04,-4.63E-04,-3.22E-04,4.85E-04,-4.05E-04,-5.10E-04,-4.09E-04,-3.00E-04,-3.70E-04,-2.17E-04,-6.29E-04,-2.93E-04,-1.64E-04,1.91E-03
1998,-4.01E-04,-4.11E-04,-4.27E-04,-4.41E-04,-4.32E-04,-2.99E-04,-4.69E-04,-4.65E-04,-3.26E-04,4.85E-04,-4.03E-04,-5.11E-04,-4.11E-04,-3.03E-04,-3.79E-04,-2.20E-04,-6.27E-04,-2.97E-04,-1.60E-04,1.93E-03
1999,-4.03E-04,-4.14E-04,-4.31E-04,-4.41E-04,-4.39E-04,-3.01E-04,-4.69E-04,-4.67E-04,-3.30E-04,4.84E-04,-4.01E-04,-5.12E-04,-4.12E-04,-3.06E-04,-3.87E-04,-2.23E-04,-6.25E-04,-3.00E-04,-1.56E-04,1.93E-03
2000,-4.04E-04,-4.17E-04,-4.34E-04,-4.40E-04,-4.45E-04,-3.03E-04,-4.68E-04,-4.68E-04,-3.33E-04,4.83E-04,-3.98E-04,-5.13E-04,-4.14E-04,-3.08E-04,-3.94E-04,-2.27E-04,-6.23E-04,-3.03E-04,-1.52E-04,1.94E-03
2001,-4.06E-04,-4.18E-04,-4.36E-04,-4.39E-04,-4.51E-04,-3.04E-04,-4.67E-04,-4.69E-04,-3.38E-04,4.81E-04,-3.96E-04,-5.13E-04,-4.15E-04,-3.11E-04,-4.01E-04,-2.33E-04,-6.20E-04,-3.06E-04,-1.49E-04,1.95E-03
2002,-4.08E-04,-4.20E-04,-4.39E-04,-4.39E-04,-4.57E-04,-3.05E-04,-4.66E-04,-4.70E-04,-3.42E-04,4.78E-04,-3.94E-04,-5.13E-04,-4.16E-04,-3.13E-04,-4.07E-04,-2.40E-04,-6.18E-04,-3.08E-04,-1.46E-04,1.95E-03
2003,-4.10E-04,-4.22E-04,-4.41E-04,-4.39E-04,-4.63E-04,-3.07E-04,-4.65E-04,-4.71E-04,-3.47E-04,4.74E-04,-3.92E-04,-5.13E-04,-4.17E-04,-3.16E-04,-4.14E-04,-2.49E-04,-6.16E-04,-3.11E-04,-1.46E-04,1.96E-03
2004,-4.14E-04,-4.23E-04,-4.44E-04,-4.39E-04,-4.69E-04,-3.10E-04,-4.64E-04,-4.72E-04,-3.52E-04,4.68E-04,-3.91E-04,-5.14E-04,-4.19E-04,-3.19E-04,-4.21E-04,-2.60E-04,-6.14E-04,-3.14E-04,-1.47E-04,1.96E-03
2005,-4.18E-04,-4.25E-04,-4.48E-04,-4.40E-04,-4.76E-04,-3.13E-04,-4.64E-04,-4.74E-04,-3.58E-04,4.60E-04,-3.91E-04,-5.15E-04,-4.21E-04,-3.22E-04,-4.28E-04,-2.73E-04,-6.13E-04,-3.18E-04,-1.49E-04,1.96E-03
2006,-4.24E-04,-4.27E-04,-4.52E-04,-4.41E-04,-4.82E-04,-3.16E-04,-4.64E-04,-4.76E-04,-3.64E-04,4.52E-04,-3.91E-04,-5.16E-04,-4.24E-04,-3.26E-04,-4.35E-04,-2.88E-04,-6.12E-04,-3.22E-04,-1.54E-04,1.96E-03
2007,-4.32E-04,-4.29E-04,-4.57E-04,-4.43E-04,-4.89E-04,-3.21E-04,-4.65E-04,-4.78E-04,-3.71E-04,4.42E-04,-3.92E-04,-5.18E-04,-4.28E-04,-3.30E-04,-4.44E-04,-3.04E-04,-6.12E-04,-3.27E-04,-1.60E-04,1.95E-03
2008,-4.41E-04,-4.31E-04,-4.63E-04,-4.46E-04,-4.97E-04,-3.25E-04,-4.67E-04,-4.81E-04,-3.77E-04,4.32E-04,-3.94E-04,-5.20E-04,-4.32E-04,-3.34E-04,-4.52E-04,-3.20E-04,-6.13E-04,-3.33E-04,-1.68E-04,1.95E-03
2009,-4.51E-04,-4.33E-04,-4.70E-04,-4.50E-04,-5.04E-04,-3.30E-04,-4.69E-04,-4.85E-04,-3.84E-04,4.21E-04,-3.97E-04,-5.23E-04,-4.36E-04,-3.39E-04,-4.62E-04,-3.38E-04,-6.14E-04,-3.40E-04,-1.77E-04,1.94E-03
2010,-4.62E-04,-4.36E-04,-4.77E-04,-4.54E-04,-5.12E-04,-3.36E-04,-4.72E-04,-4.88E-04,-3.90E-04,4.10E-04,-4.01E-04,-5.26E-04,-4.41E-04,-3.44E-04,-4.71E-04,-3.55E-04,-6.16E-04,-3.47E-04,-1.88E-04,1.93E-03
2011,-4.75E-04,-4.39E-04,-4.85E-04,-4.59E-04,-5.20E-04,-3.41E-04,-4.75E-04,-4.93E-04,-3.97E-04,3.99E-04,-4.06E-04,-5.29E-04,-4.47E-04,-3.50E-04,-4.80E-04,-3.73E-04,-6.18E-04,-3.55E-04,-2.00E-04,1.92E-03
2012,-4.88E-04,-4.42E-04,-4.93E-04,-4.65E-04,-5.29E-04,-3.46E-04,-4.78E-04,-4.97E-04,-4.03E-04,3.89E-04,-4.12E-04,-5.33E-04,-4.52E-04,-3.56E-04,-4.90E-04,-3.90E-04,-6.20E-04,-3.63E-04,-2.12E-04,1.91E-03
2013,-5.01E-04,-4.46E-04,-5.02E-04,-4.71E-04,-5.37E-04,-3.52E-04,-4.82E-04,-5.01E-04,-4.08E-04,3.79E-04,-4.18E-04,-5.37E-04,-4.58E-04,-3.61E-04,-4.99E-04,-4.07E-04,-6.23E-04,-3.72E-04,-2.25E-04,1.90E-03
2014,-5.14E-04,-4.50E-04,-5.11E-04,-4.77E-04,-5.45E-04,-3.57E-04,-4.85E-04,-5.06E-04,-4.13E-04,3.70E-04,-4.25E-04,-5.41E-04,-4.64E-04,-3.67E-04,-5.08E-04,-4.23E-04,-6.27E-04,-3.81E-04,-2.39E-04,1.89E-03
2015,-5.28E-04,-4.53E-04,-5.19E-04,-4.84E-04,-5.53E-04,-3.62E-04,-4.89E-04,-5.10E-04,-4.18E-04,3.62E-04,-4.32E-04,-5.45E-04,-4.70E-04,-3.73E-04,-5.15E-04,-4.37E-04,-6.30E-04,-3.90E-04,-2.53E-04,1.88E-03
2016,-5.40E-04,-4.57E-04,-5.27E-04,-4.90E-04,-5.61E-04,-3.66E-04,-4.92E-04,-5.14E-04,-4.22E-04,3.54E-04,-4.40E-04,-5.50E-04,-4.75E-04,-3.79E-04,-5.22E-04,-4.52E-04,-6.33E-04,-3.99E-04,-2.67E-04,1.87E-03
2017,-5.52E-04,-4.62E-04,-5.34E-04,-4.96E-04,-5.67E-04,-3.71E-04,-4.95E-04,-5.18E-04,-4.25E-04,3.47E-04,-4.48E-04,-5.54E-04,-4.80E-04,-3.85E-04,-5.28E-04,-4.65E-04,-6.36E-04,-4.07E-04,-2.80E-04,1.86E-03
2018,-5.63E-04,-4.66E-04,-5.40E-04,-5.02E-04,-5.74E-04,-3.75E-04,-4.98E-04,-5.21E-04,-4.28E-04,3.40E-04,-4.56E-04,-5.59E-04,-4.85E-04,-3.90E-04,-5.33E-04,-4.77E-04,-6.39E-04,-4.15E-04,-2.94E-04,1.85E-03
2019,-5.73E-04,-4.70E-04,-5.45E-04,-5.08E-04,-5.79E-04,-3.79E-04,-4.99E-04,-5.24E-04,-4.30E-04,3.35E-04,-4.63E-04,-5.63E-04,-4.89E-04,-3.95E-04,-5.36E-04,-4.89E-04,-6.42E-04,-4.22E-04,-3.07E-04,1.84E-03
2020,-5.81E-04,-4.73E-04,-5.49E-04,-5.12E-04,-5.84E-04,-3.83E-04,-5.00E-04,-5.25E-04,-4.32E-04,3.29E-04,-4.71E-04,-5.67E-04,-4.93E-04,-3.99E-04,-5.38E-04,-5.01E-04,-6.44E-04,-4.29E-04,-3.20E-04,1.83E-03
2021,-5.88E-04,-4.77E-04,-5.51E-04,-5.17E-04,-5.87E-04,-3.86E-04,-5.01E-04,-5.26E-04,-4.33E-04,3.23E-04,-4.78E-04,-5.71E-04,-4.96E-04,-4.03E-04,-5.38E-04,-5.12E-04,-6.46E-04,-4.35E-04,-3.33E-04,1.82E-03
2022,-5.94E-04,-4.80E-04,-5.52E-04,-5.20E-04,-5.90E-04,-3.90E-04,-5.00E-04,-5.26E-04,-4.33E-04,3.18E-04,-4.84E-04,-5.74E-04,-4.99E-04,-4.06E-04,-5.38E-04,-5.23E-04,-6.48E-04,-4.40E-04,-3.45E-04,1.80E-03
2023,-5.98E-04,-4.83E-04,-5.52E-04,-5.23E-04,-5.91E-04,-3.93E-04,-4.98E-04,-5.24E-04,-4.33E-04,3.13E-04,-4.90E-04,-5.77E-04,-5.01E-04,-4.08E-04,-5.36E-04,-5.34E-04,-6.48E-04,-4.44E-04,-3.57E-04,1.79E-03
2024,-6.01E-04,-4.85E-04,-5.50E-04,-5.25E-04,-5.91E-04,-3.96E-04,-4.96E-04,-5.22E-04,-4.32E-04,3.08E-04,-4.95E-04,-5.80E-04,-5.03E-04,-4.09E-04,-5.33E-04,-5.45E-04,-6.48E-04,-4.47E-04,-3.68E-04,1.78E-03
2025,-6.04E-04,-4.86E-04,-5.46E-04,-5.26E-04,-5.90E-04,-3.99E-04,-4.92E-04,-5.18E-04,-4.30E-04,3.03E-04,-5.00E-04,-5.81E-04,-5.04E-04,-4.09E-04,-5.29E-04,-5.55E-04,-6.48E-04,-4.49E-04,-3.78E-04,1.77E-03
2026,-6.05E-04,-4.87E-04,-5.42E-04,-5.26E-04,-5.87E-04,-4.01E-04,-4.88E-04,-5.13E-04,-4.28E-04,2.98E-04,-5.03E-04,-5.82E-04,-5.04E-04,-4.08E-04,-5.24E-04,-5.66E-04,-6.46E-04,-4.50E-04,-3.88E-04,1.76E-03
2027,-6.05E-04,-4.86E-04,-5.36E-04,-5.25E-04,-5.84E-04,-4.02E-04,-4.82E-04,-5.07E-04,-4.25E-04,2.93E-04,-5.06E-04,-5.82E-04,-5.04E-04,-4.06E-04,-5.19E-04,-5.76E-04,-6.43E-04,-4.51E-04,-3.96E-04,1.74E-03
2028,-6.05E-04,-4.85E-04,-5.29E-04,-5.24E-04,-5.79E-04,-4.03E-04,-4.76E-04,-4.99E-04,-4.21E-04,2.89E-04,-5.08E-04,-5.81E-04,-5.03E-04,-4.02E-04,-5.12E-04,-5.86E-04,-6.40E-04,-4.50E-04,-4.04E-04,1.73E-03
2029,-6.04E-04,-4.83E-04,-5.22E-04,-5.21E-04,-5.73E-04,-4.03E-04,-4.68E-04,-4.90E-04,-4.16E-04,2.86E-04,-5.08E-04,-5.79E-04,-5.02E-04,-3.98E-04,-5.05E-04,-5.95E-04,-6.36E-04,-4.48E-04,-4.11E-04,1.72E-03
2030,-6.02E-04,-4.79E-04,-5.13E-04,-5.18E-04,-5.66E-04,-4.02E-04,-4.59E-04,-4.80E-04,-4.10E-04,2.82E-04,-5.08E-04,-5.76E-04,-4.99E-04,-3.93E-04,-4.98E-04,-6.04E-04,-6.30E-04,-4.45E-04,-4.16E-04,1.71E-03
2031,-6.00E-04,-4.75E-04,-5.04E-04,-5.14E-04,-5.57E-04,-4.00E-04,-4.49E-04,-4.68E-04,-4.03E-04,2.80E-04,-5.07E-04,-5.71E-04,-4.96E-04,-3.86E-04,-4.90E-04,-6.11E-04,-6.24E-04,-4.41E-04,-4.21E-04,1.71E-03
2032,-5.97E-04,-4.69E-04,-4.94E-04,-5.09E-04,-5.48E-04,-3.97E-04,-4.39E-04,-4.56E-04,-3.96E-04,2.79E-04,-5.04E-04,-5.66E-04,-4.92E-04,-3.79E-04,-4.82E-04,-6.18E-04,-6.17E-04,-4.36E-04,-4.24E-04,1.70E-03
2033,-5.93E-04,-4.63E-04,-4.83E-04,-5.03E-04,-5.38E-04,-3.93E-04,-4.28E-04,-4.42E-04,-3.87E-04,2.78E-04,-5.01E-04,-5.59E-04,-4.86E-04,-3.70E-04,-4.74E-04,-6.23E-04,-6.09E-04,-4.31E-04,-4.26E-04,1.69E-03
2034,-5.89E-04,-4.55E-04,-4.72E-04,-4.96E-04,-5.27E-04,-3.89E-04,-4.16E-04,-4.28E-04,-3.78E-04,2.78E-04,-4.97E-04,-5.52E-04,-4.80E-04,-3.61E-04,-4.65E-04,-6.27E-04,-6.00E-04,-4.24E-04,-4.27E-04,1.68E-03
2035,-5.85E-04,-4.47E-04,-4.61E-04,-4.88E-04,-5.16E-04,-3.83E-04,-4.03E-04,-4.14E-04,-3.68E-04,2.78E-04,-4.92E-04,-5.43E-04,-4.73E-04,-3.50E-04,-4.56E-04,-6.30E-04,-5.90E-04,-4.17E-04,-4.27E-04,1.68E-03
2036,-5.79E-04,-4.38E-04,-4.50E-04,-4.80E-04,-5.04E-04,-3.77E-04,-3.90E-04,-3.99E-04,-3.57E-04,2.80E-04,-4.87E-04,-5.34E-04,-4.65E-04,-3.40E-04,-4.47E-04,-6.31E-04,-5.80E-04,-4.10E-04,-4.26E-04,1.67E-03
2037,-5.73E-04,-4.29E-04,-4.39E-04,-4.71E-04,-4.92E-04,-3.71E-04,-3.77E-04,-3.84E-04,-3.46E-04,2.81E-04,-4.80E-04,-5.24E-04,-4.56E-04,-3.28E-04,-4.38E-04,-6.32E-04,-5.70E-04,-4.01E-04,-4.24E-04,1.67E-03
2038,-5.65E-04,-4.20E-04,-4.27E-04,-4.62E-04,-4.80E-04,-3.64E-04,-3.64E-04,-3.70E-04,-3.36E-04,2.83E-04,-4.74E-04,-5.14E-04,-4.47E-04,-3.17E-04,-4.30E-04,-6.31E-04,-5.59E-04,-3.93E-04,-4.21E-04,1.66E-03
2039,-5.58E-04,-4.10E-04,-4.16E-04,-4.52E-04,-4.69E-04,-3.57E-04,-3.51E-04,-3.55E-04,-3.25E-04,2.85E-04,-4.66E-04,-5.03E-04,-4.37E-04,-3.05E-04,-4.21E-04,-6.29E-04,-5.49E-04,-3.84E-04,-4.17E-04,1.65E-03
2040,-5.49E-04,-4.01E-04,-4.06E-04,-4.42E-04,-4.58E-04,-3.50E-04,-3.39E-04,-3.42E-04,-3.15E-04,2.86E-04,-4.59E-04,-4.93E-04,-4.26E-04,-2.93E-04,-4.12E-04,-6.27E-04,-5.38E-04,-3.75E-04,-4.13E-04,1.65E-03
2041,-5.40E-04,-3.92E-04,-3.95E-04,-4.32E-04,-4.47E-04,-3.43E-04,-3.27E-04,-3.30E-04,-3.06E-04,2.87E-04,-4.51E-04,-4.83E-04,-4.16E-04,-2.82E-04,-4.04E-04,-6.25E-04,-5.28E-04,-3.66E-04,-4.08E-04,1.64E-03
2042,-5.30E-04,-3.84E-04,-3.86E-04,-4.22E-04,-4.37E-04,-3.36E-04,-3.16E-04,-3.19E-04,-2.97E-04,2.88E-04,-4.44E-04,-4.73E-04,-4.05E-04,-2.70E-04,-3.96E-04,-6.22E-04,-5.19E-04,-3.57E-04,-4.03E-04,1.63E-03
2043,-5.20E-04,-3.76E-04,-3.77E-04,-4.13E-04,-4.28E-04,-3.30E-04,-3.05E-04,-3.09E-04,-2.90E-04,2.87E-04,-4.36E-04,-4.63E-04,-3.94E-04,-2.60E-04,-3.89E-04,-6.19E-04,-5.10E-04,-3.48E-04,-3.97E-04,1.62E-03
2044,-5.10E-04,-3.69E-04,-3.68E-04,-4.03E-04,-4.20E-04,-3.24E-04,-2.96E-04,-3.00E-04,-2.84E-04,2.86E-04,-4.28E-04,-4.54E-04,-3.84E-04,-2.49E-04,-3.83E-04,-6.16E-04,-5.01E-04,-3.40E-04,-3.92E-04,1.61E-03
2045,-5.00E-04,-3.62E-04,-3.61E-04,-3.94E-04,-4.13E-04,-3.18E-04,-2.88E-04,-2.93E-04,-2.79E-04,2.83E-04,-4.21E-04,-4.46E-04,-3.74E-04,-2.40E-04,-3.77E-04,-6.13E-04,-4.93E-04,-3.32E-04,-3.86E-04,1.60E-03
2046,-4.91E-04,-3.57E-04,-3.55E-04,-3.86E-04,-4.07E-04,-3.13E-04,-2.81E-04,-2.88E-04,-2.76E-04,2.79E-04,-4.13E-04,-4.39E-04,-3.65E-04,-2.31E-04,-3.71E-04,-6.10E-04,-4.86E-04,-3.25E-04,-3.80E-04,1.59E-03
2047,-4.82E-04,-3.52E-04,-3.49E-04,-3.79E-04,-4.03E-04,-3.09E-04,-2.76E-04,-2.84E-04,-2.74E-04,2.74E-04,-4.07E-04,-4.33E-04,-3.57E-04,-2.24E-04,-3.67E-04,-6.07E-04,-4.80E-04,-3.18E-04,-3.75E-04,1.58E-03
2048,-4.74E-04,-3.48E-04,-3.45E-04,-3.72E-04,-3.99E-04,-3.05E-04,-2.71E-04,-2.82E-04,-2.73E-04,2.68E-04,-4.00E-04,-4.27E-04,-3.49E-04,-2.17E-04,-3.63E-04,-6.05E-04,-4.74E-04,-3.12E-04,-3.69E-04,1.57E-03
2049,-4.66E-04,-3.45E-04,-3.42E-04,-3.66E-04,-3.97E-04,-3.01E-04,-2.68E-04,-2.81E-04,-2.74E-04,2.60E-04,-3.94E-04,-4.23E-04,-3.43E-04,-2.11E-04,-3.59E-04,-6.03E-04,-4.69E-04,-3.06E-04,-3.64E-04,1.56E-03
2050,-4.60E-04,-3.42E-04,-3.39E-04,-3.61E-04,-3.95E-04,-2.97E-04,-2.65E-04,-2.81E-04,-2.75E-04,2.52E-04,-3.88E-04,-4.19E-04,-3.37E-04,-2.06E-04,-3.57E-04,-6.01E-04,-4.64E-04,-3.01E-04,-3.58E-04,1.55E-03
2051,-4.55E-04,-3.40E-04,-3.38E-04,-3.56E-04,-3.95E-04,-2.94E-04,-2.64E-04,-2.82E-04,-2.78E-04,2.43E-04,-3.82E-04,-4.16E-04,-3.32E-04,-2.02E-04,-3.55E-04,-5.99E-04,-4.60E-04,-2.97E-04,-3.53E-04,1.54E-03
2052,-4.52E-04,-3.38E-04,-3.37E-04,-3.53E-04,-3.95E-04,-2.91E-04,-2.64E-04,-2.84E-04,-2.81E-04,2.33E-04,-3.77E-04,-4.13E-04,-3.28E-04,-1.98E-04,-3.53E-04,-5.97E-04,-4.57E-04,-2.93E-04,-3.48E-04,1.52E-03
2053,-4.49E-04,-3.36E-04,-3.38E-04,-3.50E-04,-3.96E-04,-2.88E-04,-2.64E-04,-2.87E-04,-2.85E-04,2.23E-04,-3.72E-04,-4.11E-04,-3.25E-04,-1.95E-04,-3.52E-04,-5.95E-04,-4.53E-04,-2.89E-04,-3.43E-04,1.51E-03
2054,-4.47E-04,-3.35E-04,-3.39E-04,-3.47E-04,-3.97E-04,-2.86E-04,-2.64E-04,-2.90E-04,-2.89E-04,2.12E-04,-3.67E-04,-4.09E-04,-3.23E-04,-1.93E-04,-3.51E-04,-5.93E-04,-4.50E-04,-2.87E-04,-3.39E-04,1.50E-03
2055,-4.47E-04,-3.34E-04,-3.41E-04,-3.45E-04,-3.99E-04,-2.83E-04,-2.66E-04,-2.94E-04,-2.93E-04,2.01E-04,-3.62E-04,-4.08E-04,-3.21E-04,-1.90E-04,-3.50E-04,-5.91E-04,-4.47E-04,-2.84E-04,-3.34E-04,1.49E-03
2056,-4.47E-04,-3.32E-04,-3.44E-04,-3.43E-04,-4.02E-04,-2.82E-04,-2.67E-04,-2.98E-04,-2.98E-04,1.90E-04,-3.58E-04,-4.06E-04,-3.19E-04,-1.89E-04,-3.50E-04,-5.88E-04,-4.44E-04,-2.83E-04,-3.30E-04,1.47E-03
2057,-4.48E-04,-3.31E-04,-3.47E-04,-3.42E-04,-4.04E-04,-2.80E-04,-2.69E-04,-3.02E-04,-3.02E-04,1.79E-04,-3.54E-04,-4.05E-04,-3.18E-04,-1.87E-04,-3.49E-04,-5.85E-04,-4.42E-04,-2.81E-04,-3.27E-04,1.46E-03
2058,-4.50E-04,-3.29E-04,-3.50E-04,-3.41E-04,-4.07E-04,-2.79E-04,-2.71E-04,-3.07E-04,-3.06E-04,1.68E-04,-3.50E-04,-4.04E-04,-3.17E-04,-1.86E-04,-3.48E-04,-5.81E-04,-4.40E-04,-2.80E-04,-3.23E-04,1.45E-03
2059,-4.52E-04,-3.28E-04,-3.54E-04,-3.40E-04,-4.10E-04,-2.79E-04,-2.73E-04,-3.11E-04,-3.09E-04,1.57E-04,-3.46E-04,-4.02E-04,-3.16E-04,-1.84E-04,-3.48E-04,-5.77E-04,-4.37E-04,-2.80E-04,-3.21E-04,1.43E-03
2060,-4.54E-04,-3.27E-04,-3.58E-04,-3.39E-04,-4.13E-04,-2.79E-04,-2.76E-04,-3.15E-04,-3.12E-04,1.46E-04,-3.42E-04,-4.01E-04,-3.15E-04,-1.83E-04,-3.47E-04,-5.73E-04,-4.36E-04,-2.79E-04,-3.18E-04,1.42E-03
2061,-4.56E-04,-3.26E-04,-3.63E-04,-3.39E-04,-4.16E-04,-2.80E-04,-2.78E-04,-3.19E-04,-3.15E-04,1.35E-04,-3.38E-04,-4.00E-04,-3.14E-04,-1.81E-04,-3.46E-04,-5.68E-04,-4.34E-04,-2.79E-04,-3.16E-04,1.40E-03
2062,-4.57E-04,-3.25E-04,-3.67E-04,-3.38E-04,-4.18E-04,-2.81E-04,-2.80E-04,-3.23E-04,-3.18E-04,1.25E-04,-3.35E-04,-3.99E-04,-3.13E-04,-1.79E-04,-3.45E-04,-5.63E-04,-4.33E-04,-2.80E-04,-3.14E-04,1.39E-03
2063,-4.59E-04,-3.25E-04,-3.72E-04,-3.37E-04,-4.21E-04,-2.84E-04,-2.83E-04,-3.27E-04,-3.20E-04,1.14E-04,-3.31E-04,-3.97E-04,-3.12E-04,-1.77E-04,-3.44E-04,-5.58E-04,-4.32E-04,-2.80E-04,-3.13E-04,1.37E-03
2064,-4.60E-04,-3.25E-04,-3.76E-04,-3.36E-04,-4.24E-04,-2.87E-04,-2.85E-04,-3.31E-04,-3.21E-04,1.04E-04,-3.27E-04,-3.96E-04,-3.11E-04,-1.75E-04,-3.42E-04,-5.53E-04,-4.31E-04,-2.81E-04,-3.12E-04,1.36E-03
2065,-4.60E-04,-3.25E-04,-3.80E-04,-3.35E-04,-4.26E-04,-2.90E-04,-2.87E-04,-3.34E-04,-3.23E-04,9.37E-05,-3.24E-04,-3.95E-04,-3.10E-04,-1.72E-04,-3.41E-04,-5.48E-04,-4.30E-04,-2.82E-04,-3.10E-04,1.34E-03
2066,-4.60E-04,-3.26E-04,-3.84E-04,-3.34E-04,-4.29E-04,-2.94E-04,-2.89E-04,-3.38E-04,-3.24E-04,8.37E-05,-3.20E-04,-3.93E-04,-3.09E-04,-1.69E-04,-3.39E-04,-5.43E-04,-4.30E-04,-2.82E-04,-3.09E-04,1.33E-03
2067,-4.60E-04,-3.27E-04,-3.87E-04,-3.33E-04,-4.31E-04,-2.99E-04,-2.91E-04,-3.41E-04,-3.24E-04,7.40E-05,-3.16E-04,-3.92E-04,-3.07E-04,-1.66E-04,-3.38E-04,-5.38E-04,-4.29E-04,-2.83E-04,-3.08E-04,1.31E-03
2068,-4.58E-04,-3.28E-04,-3.90E-04,-3.31E-04,-4.32E-04,-3.04E-04,-2.92E-04,-3.43E-04,-3.25E-04,6.46E-05,-3.11E-04,-3.90E-04,-3.05E-04,-1.63E-04,-3.36E-04,-5.33E-04,-4.29E-04,-2.83E-04,-3.06E-04,1.29E-03
2069,-4.57E-04,-3.30E-04,-3.92E-04,-3.29E-04,-4.33E-04,-3.09E-04,-2.94E-04,-3.45E-04,-3.25E-04,5.54E-05,-3.07E-04,-3.88E-04,-3.03E-04,-1.59E-04,-3.34E-04,-5.28E-04,-4.28E-04,-2.82E-04,-3.04E-04,1.28E-03
2070,-4.54E-04,-3.32E-04,-3.94E-04,-3.27E-04,-4.34E-04,-3.14E-04,-2.94E-04,-3.47E-04,-3.25E-04,4.66E-05,-3.02E-04,-3.86E-04,-3.01E-04,-1.55E-04,-3.32E-04,-5.24E-04,-4.27E-04,-2.81E-04,-3.02E-04,1.26E-03
2071,-4.52E-04,-3.33E-04,-3.95E-04,-3.24E-04,-4.33E-04,-3.18E-04,-2.95E-04,-3.48E-04,-3.24E-04,3.83E-05,-2.96E-04,-3.83E-04,-2.98E-04,-1.51E-04,-3.30E-04,-5.20E-04,-4.25E-04,-2.80E-04,-2.98E-04,1.24E-03
2072,-4.48E-04,-3.35E-04,-3.95E-04,-3.21E-04,-4.32E-04,-3.23E-04,-2.94E-04,-3.48E-04,-3.23E-04,3.03E-05,-2.90E-04,-3.80E-04,-2.95E-04,-1.46E-04,-3.28E-04,-5.17E-04,-4.22E-04,-2.77E-04,-2.95E-04,1.23E-03
2073,-4.44E-04,-3.35E-04,-3.94E-04,-3.17E-04,-4.31E-04,-3.26E-04,-2.93E-04,-3.47E-04,-3.21E-04,2.28E-05,-2.83E-04,-3.75E-04,-2.91E-04,-1.40E-04,-3.25E-04,-5.14E-04,-4.19E-04,-2.74E-04,-2.90E-04,1.21E-03
2074,-4.39E-04,-3.36E-04,-3.92E-04,-3.12E-04,-4.28E-04,-3.30E-04,-2.91E-04,-3.45E-04,-3.19E-04,1.58E-05,-2.76E-04,-3.71E-04,-2.87E-04,-1.35E-04,-3.22E-04,-5.11E-04,-4.15E-04,-2.69E-04,-2.85E-04,1.20E-03
2075,-4.34E-04,-3.35E-04,-3.89E-04,-3.06E-04,-4.25E-04,-3.32E-04,-2.89E-04,-3.43E-04,-3.17E-04,9.24E-06,-2.68E-04,-3.65E-04,-2.82E-04,-1.29E-04,-3.18E-04,-5.09E-04,-4.09E-04,-2.64E-04,-2.79E-04,1.18E-03
2076,-4.28E-04,-3.34E-04,-3.85E-04,-3.00E-04,-4.20E-04,-3.34E-04,-2.85E-04,-3.39E-04,-3.14E-04,3.13E-06,-2.59E-04,-3.59E-04,-2.77E-04,-1.22E-04,-3.13E-04,-5.07E-04,-4.03E-04,-2.58E-04,-2.72E-04,1.17E-03
2077,-4.21E-04,-3.31E-04,-3.80E-04,-2.92E-04,-4.15E-04,-3.35E-04,-2.81E-04,-3.35E-04,-3.11E-04,-2.59E-06,-2.49E-04,-3.51E-04,-2.71E-04,-1.15E-04,-3.09E-04,-5.06E-04,-3.95E-04,-2.50E-04,-2.65E-04,1.16E-03
2078,-4.13E-04,-3.28E-04,-3.74E-04,-2.84E-04,-4.09E-04,-3.36E-04,-2.76E-04,-3.30E-04,-3.07E-04,-8.00E-06,-2.40E-04,-3.43E-04,-2.64E-04,-1.08E-04,-3.03E-04,-5.05E-04,-3.87E-04,-2.42E-04,-2.57E-04,1.14E-03
2079,-4.04E-04,-3.23E-04,-3.68E-04,-2.75E-04,-4.03E-04,-3.36E-04,-2.70E-04,-3.24E-04,-3.03E-04,-1.32E-05,-2.29E-04,-3.34E-04,-2.57E-04,-1.00E-04,-2.97E-04,-5.04E-04,-3.78E-04,-2.33E-04,-2.49E-04,1.13E-03
2080,-3.95E-04,-3.18E-04,-3.61E-04,-2.66E-04,-3.96E-04,-3.35E-04,-2.64E-04,-3.17E-04,-2.98E-04,-1.83E-05,-2.18E-04,-3.24E-04,-2.49E-04,-9.26E-05,-2.91E-04,-5.03E-04,-3.68E-04,-2.24E-04,-2.42E-04,1.11E-03
2081,-3.84E-04,-3.12E-04,-3.54E-04,-2.55E-04,-3.88E-04,-3.34E-04,-2.57E-04,-3.11E-04,-2.94E-04,-2.34E-05,-2.07E-04,-3.14E-04,-2.41E-04,-8.47E-05,-2.84E-04,-5.03E-04,-3.57E-04,-2.14E-04,-2.34E-04,1.10E-03
2082,-3.73E-04,-3.05E-04,-3.47E-04,-2.45E-04,-3.81E-04,-3.33E-04,-2.50E-04,-3.03E-04,-2.89E-04,-2.87E-05,-1.96E-04,-3.03E-04,-2.32E-04,-7.68E-05,-2.77E-04,-5.03E-04,-3.46E-04,-2.03E-04,-2.27E-04,1.08E-03
2083,-3.61E-04,-2.98E-04,-3.39E-04,-2.34E-04,-3.73E-04,-3.32E-04,-2.43E-04,-2.96E-04,-2.84E-04,-3.43E-05,-1.85E-04,-2.92E-04,-2.24E-04,-6.90E-05,-2.70E-04,-5.03E-04,-3.35E-04,-1.93E-04,-2.20E-04,1.06E-03
2084,-3.49E-04,-2.90E-04,-3.32E-04,-2.22E-04,-3.65E-04,-3.31E-04,-2.36E-04,-2.89E-04,-2.80E-04,-4.03E-05,-1.75E-04,-2.81E-04,-2.15E-04,-6.12E-05,-2.64E-04,-5.03E-04,-3.25E-04,-1.83E-04,-2.13E-04,1.04E-03
2085,-3.36E-04,-2.82E-04,-3.25E-04,-2.11E-04,-3.58E-04,-3.30E-04,-2.29E-04,-2.82E-04,-2.75E-04,-4.69E-05,-1.64E-04,-2.70E-04,-2.07E-04,-5.38E-05,-2.57E-04,-5.04E-04,-3.14E-04,-1.73E-04,-2.08E-04,1.02E-03
2086,-3.24E-04,-2.75E-04,-3.18E-04,-2.01E-04,-3.51E-04,-3.30E-04,-2.23E-04,-2.76E-04,-2.71E-04,-5.40E-05,-1.55E-04,-2.59E-04,-1.99E-04,-4.66E-05,-2.50E-04,-5.05E-04,-3.04E-04,-1.64E-04,-2.03E-04,1.00E-03
2087,-3.11E-04,-2.68E-04,-3.12E-04,-1.90E-04,-3.44E-04,-3.30E-04,-2.17E-04,-2.70E-04,-2.67E-04,-6.17E-05,-1.46E-04,-2.49E-04,-1.91E-04,-3.98E-05,-2.44E-04,-5.06E-04,-2.94E-04,-1.55E-04,-2.00E-04,9.82E-04
2088,-2.98E-04,-2.61E-04,-3.06E-04,-1.80E-04,-3.37E-04,-3.30E-04,-2.12E-04,-2.65E-04,-2.64E-04,-7.01E-05,-1.38E-04,-2.39E-04,-1.84E-04,-3.34E-05,-2.39E-04,-5.07E-04,-2.85E-04,-1.47E-04,-1.97E-04,9.60E-04
2089,-2.86E-04,-2.56E-04,-3.01E-04,-1.71E-04,-3.31E-04,-3.31E-04,-2.07E-04,-2.60E-04,-2.61E-04,-7.91E-05,-1.30E-04,-2.30E-04,-1.78E-04,-2.74E-05,-2.34E-04,-5.08E-04,-2.76E-04,-1.39E-04,-1.95E-04,9.38E-04
2090,-2.74E-04,-2.50E-04,-2.96E-04,-1.63E-04,-3.26E-04,-3.32E-04,-2.02E-04,-2.56E-04,-2.58E-04,-8.86E-05,-1.24E-04,-2.22E-04,-1.72E-04,-2.20E-05,-2.29E-04,-5.09E-04,-2.69E-04,-1.32E-04,-1.94E-04,9.15E-04
2091,-2.64E-04,-2.46E-04,-2.93E-04,-1.55E-04,-3.21E-04,-3.34E-04,-1.99E-04,-2.52E-04,-2.56E-04,-9.87E-05,-1.18E-04,-2.15E-04,-1.67E-04,-1.69E-05,-2.26E-04,-5.10E-04,-2.62E-04,-1.26E-04,-1.94E-04,8.91E-04
2092,-2.54E-04,-2.43E-04,-2.89E-04,-1.49E-04,-3.16E-04,-3.36E-04,-1.95E-04,-2.49E-04,-2.54E-04,-1.09E-04,-1.13E-04,-2.08E-04,-1.63E-04,-1.22E-05,-2.22E-04,-5.12E-04,-2.55E-04,-1.20E-04,-1.94E-04,8.67E-04
2093,-2.45E-04,-2.40E-04,-2.86E-04,-1.43E-04,-3.11E-04,-3.39E-04,-1.92E-04,-2.46E-04,-2.51E-04,-1.20E-04,-1.08E-04,-2.02E-04,-1.59E-04,-7.91E-06,-2.20E-04,-5.13E-04,-2.49E-04,-1.15E-04,-1.95E-04,8.43E-04
2094,-2.36E-04,-2.39E-04,-2.83E-04,-1.37E-04,-3.06E-04,-3.42E-04,-1.90E-04,-2.44E-04,-2.49E-04,-1.30E-04,-1.04E-04,-1.97E-04,-1.56E-04,-3.87E-06,-2.18E-04,-5.14E-04,-2.44E-04,-1.10E-04,-1.96E-04,8.19E-04
2095,-2.29E-04,-2.37E-04,-2.81E-04,-1.33E-04,-3.02E-04,-3.45E-04,-1.88E-04,-2.41E-04,-2.47E-04,-1.41E-04,-1.01E-04,-1.92E-04,-1.53E-04,-5.86E-08,-2.16E-04,-5.16E-04,-2.38E-04,-1.06E-04,-1.98E-04,7.95E-04
2096,-2.23E-04,-2.37E-04,-2.78E-04,-1.29E-04,-2.97E-04,-3.48E-04,-1.86E-04,-2.39E-04,-2.45E-04,-1.52E-04,-9.72E-05,-1.87E-04,-1.50E-04,3.60E-06,-2.15E-04,-5.17E-04,-2.33E-04,-1.02E-04,-1.99E-04,7.72E-04
2097,-2.18E-04,-2.37E-04,-2.76E-04,-1.25E-04,-2.92E-04,-3.51E-04,-1.84E-04,-2.36E-04,-2.42E-04,-1.62E-04,-9.40E-05,-1.82E-04,-1.48E-04,7.17E-06,-2.14E-04,-5.18E-04,-2.28E-04,-9.83E-05,-2.01E-04,7.49E-04
2098,-2.13E-04,-2.37E-04,-2.74E-04,-1.21E-04,-2.87E-04,-3.53E-04,-1.82E-04,-2.33E-04,-2.39E-04,-1.72E-04,-9.08E-05,-1.78E-04,-1.45E-04,1.07E-05,-2.13E-04,-5.19E-04,-2.23E-04,-9.47E-05,-2.03E-04,7.26E-04
2099,-2.09E-04,-2.37E-04,-2.72E-04,-1.18E-04,-2.82E-04,-3.56E-04,-1.80E-04,-2.30E-04,-2.36E-04,-1.81E-04,-8.75E-05,-1.74E-04,-1.42E-04,1.42E-05,-2.13E-04,-5.20E-04,-2.18E-04,-9.11E-05,-2.04E-04,7.03E-04
2100,-2.05E-04,-2.37E-04,-2.70E-04,-1.15E-04,-2.77E-04,-3.59E-04,-1.78E-04,-2.27E-04,-2.33E-04,-1.90E-04,-8.42E-05,-1.69E-04,-1.40E-04,1.77E-05,-2.12E-04,-5.20E-04,-2.13E-04,-8.78E-05,-2.06E-04,6.81E-04
2101,-2.02E-04,-2.38E-04,-2.68E-04,-1.12E-04,-2.72E-04,-3.61E-04,-1.76E-04,-2.25E-04,-2.30E-04,-1.99E-04,-8.06E-05,-1.65E-04,-1.37E-04,2.13E-05,-2.11E-04,-5.21E-04,-2.08E-04,-8.46E-05,-2.08E-04,6.59E-04
2102,-1.99E-04,-2.38E-04,-2.66E-04,-1.08E-04,-2.67E-04,-3.64E-04,-1.75E-04,-2.22E-04,-2.27E-04,-2.08E-04,-7.70E-05,-1.60E-04,-1.34E-04,2.48E-05,-2.11E-04,-5.21E-04,-2.02E-04,-8.16E-05,-2.09E-04,6.37E-04
2103,-1.96E-04,-2.38E-04,-2.64E-04,-1.05E-04,-2.61E-04,-3.67E-04,-1.74E-04,-2.19E-04,-2.25E-04,-2.16E-04,-7.34E-05,-1.56E-04,-1.31E-04,2.82E-05,-2.10E-04,-5.22E-04,-1.97E-04,-7.90E-05,-2.11E-04,6.15E-04
2104,-1.93E-04,-2.39E-04,-2.63E-04,-1.01E-04,-2.57E-04,-3.69E-04,-1.73E-04,-2.17E-04,-2.23E-04,-2.24E-04,-6.98E-05,-1.51E-04,-1.28E-04,3.15E-05,-2.10E-04,-5.22E-04,-1.92E-04,-7.68E-05,-2.14E-04,5.93E-04
2105,-1.90E-04,-2.39E-04,-2.62E-04,-9.81E-05,-2.52E-04,-3.72E-04,-1.72E-04,-2.16E-04,-2.21E-04,-2.33E-04,-6.64E-05,-1.47E-04,-1.25E-04,3.46E-05,-2.10E-04,-5.23E-04,-1.88E-04,-7.51E-05,-2.16E-04,5.71E-04
2106,-1.87E-04,-2.40E-04,-2.61E-04,-9.47E-05,-2.48E-04,-3.75E-04,-1.72E-04,-2.15E-04,-2.20E-04,-2.41E-04,-6.32E-05,-1.43E-04,-1.23E-04,3.75E-05,-2.10E-04,-5.23E-04,-1.84E-04,-7.39E-05,-2.19E-04,5.49E-04
2107,-1.84E-04,-2.41E-04,-2.61E-04,-9.16E-05,-2.45E-04,-3.79E-04,-1.73E-04,-2.15E-04,-2.20E-04,-2.50E-04,-6.05E-05,-1.39E-04,-1.20E-04,4.01E-05,-2.11E-04,-5.24E-04,-1.80E-04,-7.34E-05,-2.23E-04,5.27E-04
2108,-1.81E-04,-2.42E-04,-2.62E-04,-8.86E-05,-2.42E-04,-3.83E-04,-1.74E-04,-2.16E-04,-2.21E-04,-2.60E-04,-5.83E-05,-1.36E-04,-1.18E-04,4.22E-05,-2.11E-04,-5.26E-04,-1.77E-04,-7.36E-05,-2.27E-04,5.04E-04
2109,-1.79E-04,-2.43E-04,-2.64E-04,-8.60E-05,-2.40E-04,-3.87E-04,-1.76E-04,-2.18E-04,-2.23E-04,-2.70E-04,-5.67E-05,-1.33E-04,-1.17E-04,4.40E-05,-2.13E-04,-5.28E-04,-1.74E-04,-7.45E-05,-2.32E-04,4.81E-04
2110,-1.76E-04,-2.45E-04,-2.66E-04,-8.38E-05,-2.39E-04,-3.92E-04,-1.79E-04,-2.21E-04,-2.26E-04,-2.81E-04,-5.58E-05,-1.31E-04,-1.16E-04,4.53E-05,-2.14E-04,-5.30E-04,-1.72E-04,-7.61E-05,-2.37E-04,4.58E-04
2111,-1.74E-04,-2.47E-04,-2.69E-04,-8.20E-05,-2.39E-04,-3.97E-04,-1.82E-04,-2.24E-04,-2.29E-04,-2.93E-04,-5.55E-05,-1.29E-04,-1.15E-04,4.63E-05,-2.16E-04,-5.33E-04,-1.70E-04,-7.82E-05,-2.43E-04,4.36E-04
2112,-1.73E-04,-2.49E-04,-2.72E-04,-8.07E-05,-2.39E-04,-4.02E-04,-1.85E-04,-2.28E-04,-2.34E-04,-3.05E-04,-5.59E-05,-1.28E-04,-1.15E-04,4.68E-05,-2.18E-04,-5.37E-04,-1.69E-04,-8.08E-05,-2.49E-04,4.13E-04
2113,-1.72E-04,-2.52E-04,-2.75E-04,-7.98E-05,-2.39E-04,-4.08E-04,-1.89E-04,-2.32E-04,-2.39E-04,-3.17E-04,-5.69E-05,-1.27E-04,-1.16E-04,4.70E-05,-2.20E-04,-5.41E-04,-1.68E-04,-8.39E-05,-2.54E-04,3.91E-04
2114,-1.72E-04,-2.54E-04,-2.79E-04,-7.93E-05,-2.39E-04,-4.13E-04,-1.92E-04,-2.37E-04,-2.44E-04,-3.30E-04,-5.83E-05,-1.27E-04,-1.17E-04,4.69E-05,-2.23E-04,-5.46E-04,-1.66E-04,-8.71E-05,-2.60E-04,3.69E-04
2115,-1.72E-04,-2.57E-04,-2.83E-04,-7.90E-05,-2.40E-04,-4.19E-04,-1.95E-04,-2.41E-04,-2.49E-04,-3.43E-04,-6.00E-05,-1.27E-04,-1.17E-04,4.67E-05,-2.25E-04,-5.51E-04,-1.65E-04,-9.04E-05,-2.65E-04,3.49E-04
2116,-1.73E-04,-2.59E-04,-2.87E-04,-7.90E-05,-2.41E-04,-4.24E-04,-1.98E-04,-2.45E-04,-2.54E-04,-3.56E-04,-6.18E-05,-1.27E-04,-1.18E-04,4.64E-05,-2.27E-04,-5.56E-04,-1.63E-04,-9.35E-05,-2.70E-04,3.28E-04
2117,-1.74E-04,-2.61E-04,-2.90E-04,-7.89E-05,-2.41E-04,-4.29E-04,-2.01E-04,-2.48E-04,-2.59E-04,-3.69E-04,-6.34E-05,-1.27E-04,-1.19E-04,4.62E-05,-2.29E-04,-5.62E-04,-1.61E-04,-9.64E-05,-2.74E-04,3.09E-04
2118,-1.75E-04,-2.63E-04,-2.92E-04,-7.86E-05,-2.41E-04,-4.34E-04,-2.02E-04,-2.51E-04,-2.63E-04,-3.81E-04,-6.46E-05,-1.26E-04,-1.20E-04,4.62E-05,-2.30E-04,-5.68E-04,-1.59E-04,-9.87E-05,-2.76E-04,2.91E-04
2119,-1.77E-04,-2.63E-04,-2.94E-04,-7.80E-05,-2.40E-04,-4.38E-04,-2.02E-04,-2.52E-04,-2.65E-04,-3.92E-04,-6.52E-05,-1.25E-04,-1.20E-04,4.66E-05,-2.31E-04,-5.74E-04,-1.55E-04,-1.00E-04,-2.77E-04,2.74E-04
2120,-1.78E-04,-2.63E-04,-2.95E-04,-7.67E-05,-2.38E-04,-4.41E-04,-2.02E-04,-2.53E-04,-2.67E-04,-4.02E-04,-6.49E-05,-1.24E-04,-1.19E-04,4.74E-05,-2.31E-04,-5.79E-04,-1.51E-04,-1.02E-04,-2.77E-04,2.58E-04
2121,-1.79E-04,-2.62E-04,-2.94E-04,-7.47E-05,-2.36E-04,-4.43E-04,-2.00E-04,-2.52E-04,-2.68E-04,-4.10E-04,-6.37E-05,-1.21E-04,-1.18E-04,4.88E-05,-2.30E-04,-5.83E-04,-1.45E-04,-1.02E-04,-2.76E-04,2.43E-04
2122,-1.79E-04,-2.60E-04,-2.93E-04,-7.17E-05,-2.32E-04,-4.44E-04,-1.97E-04,-2.50E-04,-2.67E-04,-4.17E-04,-6.13E-05,-1.18E-04,-1.16E-04,5.07E-05,-2.28E-04,-5.87E-04,-1.39E-04,-1.01E-04,-2.73E-04,2.29E-04
2123,-1.78E-04,-2.57E-04,-2.90E-04,-6.75E-05,-2.28E-04,-4.44E-04,-1.93E-04,-2.47E-04,-2.65E-04,-4.22E-04,-5.77E-05,-1.14E-04,-1.14E-04,5.33E-05,-2.26E-04,-5.90E-04,-1.32E-04,-1.00E-04,-2.69E-04,2.16E-04
2124,-1.77E-04,-2.54E-04,-2.87E-04,-6.22E-05,-2.23E-04,-4.42E-04,-1.88E-04,-2.43E-04,-2.62E-04,-4.26E-04,-5.29E-05,-1.09E-04,-1.10E-04,5.65E-05,-2.23E-04,-5.92E-04,-1.24E-04,-9.80E-05,-2.63E-04,2.03E-04
2125,-1.74E-04,-2.49E-04,-2.82E-04,-5.55E-05,-2.17E-04,-4.40E-04,-1.82E-04,-2.38E-04,-2.58E-04,-4.28E-04,-4.69E-05,-1.03E-04,-1.06E-04,6.03E-05,-2.19E-04,-5.93E-04,-1.16E-04,-9.54E-05,-2.56E-04,1.92E-04
2126,-1.70E-04,-2.44E-04,-2.77E-04,-4.75E-05,-2.10E-04,-4.37E-04,-1.75E-04,-2.33E-04,-2.52E-04,-4.29E-04,-3.99E-05,-9.70E-05,-1.02E-04,6.47E-05,-2.14E-04,-5.92E-04,-1.07E-04,-9.23E-05,-2.48E-04,1.81E-04
2127,-1.64E-04,-2.38E-04,-2.71E-04,-3.81E-05,-2.02E-04,-4.33E-04,-1.68E-04,-2.27E-04,-2.46E-04,-4.28E-04,-3.20E-05,-9.01E-05,-9.69E-05,6.96E-05,-2.09E-04,-5.90E-04,-9.77E-05,-8.87E-05,-2.39E-04,1.70E-04
2128,-1.58E-04,-2.32E-04,-2.64E-04,-2.75E-05,-1.95E-04,-4.28E-04,-1.60E-04,-2.21E-04,-2.39E-04,-4.26E-04,-2.34E-05,-8.27E-05,-9.17E-05,7.48E-05,-2.04E-04,-5.87E-04,-8.85E-05,-8.50E-05,-2.30E-04,1.60E-04
2129,-1.49E-04,-2.27E-04,-2.57E-04,-1.57E-05,-1.87E-04,-4.22E-04,-1.53E-04,-2.15E-04,-2.32E-04,-4.23E-04,-1.45E-05,-7.50E-05,-8.64E-05,8.04E-05,-1.98E-04,-5.82E-04,-7.95E-05,-8.12E-05,-2.21E-04,1.50E-04
2130,-1.40E-04,-2.21E-04,-2.50E-04,-2.97E-06,-1.79E-04,-4.16E-04,-1.45E-04,-2.09E-04,-2.24E-04,-4.19E-04,-5.27E-06,-6.72E-05,-8.10E-05,8.60E-05,-1.92E-04,-5.77E-04,-7.08E-05,-7.74E-05,-2.11E-04,1.41E-04
2131,-1.29E-04,-2.16E-04,-2.43E-04,1.06E-05,-1.70E-04,-4.09E-04,-1.38E-04,-2.04E-04,-2.17E-04,-4.15E-04,3.85E-06,-5.94E-05,-7.58E-05,9.18E-05,-1.86E-04,-5.70E-04,-6.26E-05,-7.38E-05,-2.02E-04,1.31E-04
2132,-1.18E-04,-2.11E-04,-2.36E-04,2.49E-05,-1.62E-04,-4.02E-04,-1.31E-04,-2.00E-04,-2.10E-04,-4.11E-04,1.27E-05,-5.18E-05,-7.07E-05,9.74E-05,-1.81E-04,-5.63E-04,-5.48E-05,-7.05E-05,-1.93E-04,1.22E-04
2133,-1.06E-04,-2.07E-04,-2.29E-04,3.95E-05,-1.54E-04,-3.95E-04,-1.25E-04,-1.96E-04,-2.03E-04,-4.06E-04,2.11E-05,-4.45E-05,-6.58E-05,1.03E-04,-1.75E-04,-5.55E-04,-4.77E-05,-6.75E-05,-1.84E-04,1.13E-04
2134,-9.32E-05,-2.04E-04,-2.23E-04,5.44E-05,-1.46E-04,-3.87E-04,-1.19E-04,-1.92E-04,-1.96E-04,-4.02E-04,2.88E-05,-3.76E-05,-6.11E-05,1.08E-04,-1.70E-04,-5.47E-04,-4.12E-05,-6.49E-05,-1.77E-04,1.04E-04
2135,-8.03E-05,-2.01E-04,-2.17E-04,6.92E-05,-1.39E-04,-3.79E-04,-1.14E-04,-1.90E-04,-1.90E-04,-3.98E-04,3.58E-05,-3.11E-05,-5.67E-05,1.13E-04,-1.65E-04,-5.38E-04,-3.52E-05,-6.27E-05,-1.70E-04,9.58E-05
2136,-6.76E-05,-1.99E-04,-2.11E-04,8.38E-05,-1.31E-04,-3.71E-04,-1.09E-04,-1.88E-04,-1.84E-04,-3.95E-04,4.22E-05,-2.50E-05,-5.23E-05,1.17E-04,-1.60E-04,-5.30E-04,-2.97E-05,-6.07E-05,-1.64E-04,8.72E-05
2137,-5.50E-05,-1.98E-04,-2.06E-04,9.80E-05,-1.24E-04,-3.63E-04,-1.05E-04,-1.86E-04,-1.78E-04,-3.92E-04,4.78E-05,-1.92E-05,-4.80E-05,1.21E-04,-1.56E-04,-5.21E-04,-2.45E-05,-5.91E-05,-1.58E-04,7.86E-05
2138,-4.29E-05,-1.97E-04,-2.01E-04,1.12E-04,-1.17E-04,-3.55E-04,-1.01E-04,-1.85E-04,-1.73E-04,-3.89E-04,5.28E-05,-1.37E-05,-4.37E-05,1.25E-04,-1.51E-04,-5.12E-04,-1.95E-05,-5.77E-05,-1.54E-04,7.01E-05
2139,-3.13E-05,-1.96E-04,-1.96E-04,1.25E-04,-1.10E-04,-3.47E-04,-9.73E-05,-1.84E-04,-1.69E-04,-3.88E-04,5.73E-05,-8.34E-06,-3.92E-05,1.28E-04,-1.47E-04,-5.04E-04,-1.45E-05,-5.64E-05,-1.50E-04,6.15E-05
2140,-2.04E-05,-1.95E-04,-1.92E-04,1.37E-04,-1.03E-04,-3.38E-04,-9.37E-05,-1.82E-04,-1.64E-04,-3.86E-04,6.15E-05,-3.10E-06,-3.45E-05,1.31E-04,-1.43E-04,-4.97E-04,-9.33E-06,-5.51E-05,-1.46E-04,5.28E-05
2141,-1.03E-05,-1.94E-04,-1.88E-04,1.48E-04,-9.59E-05,-3.30E-04,-9.01E-05,-1.81E-04,-1.60E-04,-3.86E-04,6.57E-05,2.16E-06,-2.94E-05,1.33E-04,-1.38E-04,-4.90E-04,-3.86E-06,-5.37E-05,-1.43E-04,4.40E-05
2142,-7.73E-07,-1.93E-04,-1.84E-04,1.59E-04,-8.89E-05,-3.21E-04,-8.63E-05,-1.80E-04,-1.56E-04,-3.86E-04,6.99E-05,7.57E-06,-2.39E-05,1.35E-04,-1.34E-04,-4.83E-04,2.08E-06,-5.23E-05,-1.40E-04,3.50E-05
2143,8.05E-06,-1.91E-04,-1.79E-04,1.69E-04,-8.18E-05,-3.13E-04,-8.23E-05,-1.78E-04,-1.52E-04,-3.86E-04,7.44E-05,1.32E-05,-1.80E-05,1.37E-04,-1.29E-04,-4.77E-04,8.61E-06,-5.07E-05,-1.37E-04,2.58E-05
2144,1.63E-05,-1.88E-04,-1.75E-04,1.77E-04,-7.45E-05,-3.05E-04,-7.80E-05,-1.76E-04,-1.48E-04,-3.87E-04,7.94E-05,1.91E-05,-1.17E-05,1.38E-04,-1.23E-04,-4.72E-04,1.58E-05,-4.88E-05,-1.34E-04,1.65E-05
2145,2.41E-05,-1.84E-04,-1.70E-04,1.85E-04,-6.72E-05,-2.97E-04,-7.33E-05,-1.73E-04,-1.44E-04,-3.87E-04,8.50E-05,2.54E-05,-5.10E-06,1.39E-04,-1.18E-04,-4.67E-04,2.38E-05,-4.68E-05,-1.32E-04,7.06E-06
2146,3.16E-05,-1.79E-04,-1.66E-04,1.93E-04,-5.97E-05,-2.89E-04,-6.82E-05,-1.70E-04,-1.40E-04,-3.89E-04,9.13E-05,3.20E-05,1.79E-06,1.40E-04,-1.11E-04,-4.63E-04,3.24E-05,-4.45E-05,-1.29E-04,-2.44E-06
2147,3.89E-05,-1.73E-04,-1.60E-04,1.99E-04,-5.22E-05,-2.81E-04,-6.27E-05,-1.66E-04,-1.36E-04,-3.90E-04,9.83E-05,3.89E-05,8.79E-06,1.41E-04,-1.05E-04,-4.59E-04,4.18E-05,-4.20E-05,-1.26E-04,-1.19E-05
2148,4.62E-05,-1.65E-04,-1.55E-04,2.05E-04,-4.45E-05,-2.74E-04,-5.67E-05,-1.62E-04,-1.32E-04,-3.92E-04,1.06E-04,4.61E-05,1.58E-05,1.41E-04,-9.75E-05,-4.55E-04,5.19E-05,-3.93E-05,-1.23E-04,-2.11E-05
2149,5.37E-05,-1.57E-04,-1.49E-04,2.11E-04,-3.68E-05,-2.68E-04,-5.04E-05,-1.58E-04,-1.28E-04,-3.94E-04,1.14E-04,5.35E-05,2.26E-05,1.41E-04,-8.98E-05,-4.52E-04,6.25E-05,-3.66E-05,-1.20E-04,-3.00E-05
2150,6.14E-05,-1.48E-04,-1.43E-04,2.16E-04,-2.89E-05,-2.62E-04,-4.37E-05,-1.53E-04,-1.24E-04,-3.97E-04,1.23E-04,6.10E-05,2.90E-05,1.41E-04,-8.16E-05,-4.50E-04,7.35E-05,-3.39E-05,-1.17E-04,-3.84E-05
2151,6.94E-05,-1.38E-04,-1.36E-04,2.21E-04,-2.09E-05,-2.56E-04,-3.67E-05,-1.48E-04,-1.20E-04,-3.99E-04,1.32E-04,6.85E-05,3.49E-05,1.41E-04,-7.30E-05,-4.47E-04,8.49E-05,-3.12E-05,-1.14E-04,-4.60E-05
2152,7.78E-05,-1.28E-04,-1.28E-04,2.25E-04,-1.27E-05,-2.51E-04,-2.94E-05,-1.43E-04,-1.16E-04,-4.02E-04,1.41E-04,7.57E-05,4.02E-05,1.40E-04,-6.41E-05,-4.44E-04,9.64E-05,-2.86E-05,-1.11E-04,-5.28E-05
2153,8.66E-05,-1.17E-04,-1.20E-04,2.29E-04,-4.33E-06,-2.46E-04,-2.19E-05,-1.37E-04,-1.13E-04,-4.05E-04,1.50E-04,8.27E-05,4.47E-05,1.40E-04,-5.47E-05,-4.41E-04,1.08E-04,-2.63E-05,-1.09E-04,-5.85E-05
2154,9.58E-05,-1.06E-04,-1.12E-04,2.33E-04,4.31E-06,-2.41E-04,-1.43E-05,-1.31E-04,-1.09E-04,-4.08E-04,1.59E-04,8.93E-05,4.83E-05,1.39E-04,-4.51E-05,-4.37E-04,1.19E-04,-2.42E-05,-1.06E-04,-6.31E-05
2155,1.05E-04,-9.49E-05,-1.03E-04,2.37E-04,1.33E-05,-2.37E-04,-6.48E-06,-1.24E-04,-1.05E-04,-4.12E-04,1.67E-04,9.54E-05,5.11E-05,1.38E-04,-3.51E-05,-4.33E-04,1.31E-04,-2.24E-05,-1.03E-04,-6.66E-05
2156,1.15E-04,-8.43E-05,-9.39E-05,2.41E-04,2.26E-05,-2.32E-04,1.43E-06,-1.17E-04,-1.01E-04,-4.14E-04,1.74E-04,1.01E-04,5.31E-05,1.38E-04,-2.50E-05,-4.28E-04,1.42E-04,-2.10E-05,-1.01E-04,-6.88E-05
2157,1.25E-04,-7.41E-05,-8.41E-05,2.45E-04,3.24E-05,-2.27E-04,9.42E-06,-1.10E-04,-9.63E-05,-4.17E-04,1.81E-04,1.06E-04,5.43E-05,1.37E-04,-1.46E-05,-4.21E-04,1.52E-04,-1.99E-05,-9.79E-05,-6.99E-05
2158,1.35E-04,-6.46E-05,-7.39E-05,2.49E-04,4.26E-05,-2.21E-04,1.74E-05,-1.02E-04,-9.16E-05,-4.19E-04,1.86E-04,1.10E-04,5.48E-05,1.36E-04,-4.16E-06,-4.13E-04,1.62E-04,-1.92E-05,-9.53E-05,-7.00E-05
2159,1.45E-04,-5.60E-05,-6.33E-05,2.53E-04,5.34E-05,-2.15E-04,2.55E-05,-9.36E-05,-8.65E-05,-4.20E-04,1.90E-04,1.13E-04,5.48E-05,1.35E-04,6.42E-06,-4.04E-04,1.71E-04,-1.88E-05,-9.25E-05,-6.92E-05
2160,1.55E-04,-4.82E-05,-5.24E-05,2.57E-04,6.46E-05,-2.08E-04,3.35E-05,-8.46E-05,-8.10E-05,-4.21E-04,1.93E-04,1.16E-04,5.44E-05,1.35E-04,1.70E-05,-3.92E-04,1.80E-04,-1.87E-05,-8.96E-05,-6.78E-05
2161,1.65E-04,-4.15E-05,-4.14E-05,2.61E-04,7.64E-05,-1.99E-04,4.14E-05,-7.52E-05,-7.51E-05,-4.20E-04,1.95E-04,1.18E-04,5.38E-05,1.35E-04,2.77E-05,-3.78E-04,1.88E-04,-1.90E-05,-8.63E-05,-6.59E-05
2162,1.74E-04,-3.59E-05,-3.03E-05,2.64E-04,8.87E-05,-1.90E-04,4.91E-05,-6.55E-05,-6.87E-05,-4.18E-04,1.96E-04,1.20E-04,5.30E-05,1.34E-04,3.82E-05,-3.62E-04,1.96E-04,-1.94E-05,-8.28E-05,-6.39E-05
2163,1.83E-04,-3.15E-05,-1.91E-05,2.68E-04,1.01E-04,-1.80E-04,5.67E-05,-5.54E-05,-6.18E-05,-4.14E-04,1.97E-04,1.21E-04,5.23E-05,1.34E-04,4.86E-05,-3.44E-04,2.03E-04,-2.01E-05,-7.88E-05,-6.20E-05
2164,1.91E-04,-2.81E-05,-8.12E-06,2.72E-04,1.14E-04,-1.68E-04,6.40E-05,-4.52E-05,-5.45E-05,-4.09E-04,1.96E-04,1.22E-04,5.18E-05,1.35E-04,5.88E-05,-3.24E-04,2.09E-04,-2.08E-05,-7.45E-05,-6.04E-05
2165,1.99E-04,-2.58E-05,2.69E-06,2.76E-04,1.27E-04,-1.56E-04,7.09E-05,-3.50E-05,-4.68E-05,-4.03E-04,1.95E-04,1.22E-04,5.15E-05,1.35E-04,6.88E-05,-3.01E-04,2.15E-04,-2.15E-05,-6.96E-05,-5.91E-05
2166,2.07E-04,-2.44E-05,1.32E-05,2.79E-04,1.41E-04,-1.42E-04,7.74E-05,-2.48E-05,-3.89E-05,-3.95E-04,1.94E-04,1.22E-04,5.15E-05,1.36E-04,7.84E-05,-2.77E-04,2.20E-04,-2.22E-05,-6.44E-05,-5.83E-05
2167,2.14E-04,-2.40E-05,2.33E-05,2.83E-04,1.54E-04,-1.29E-04,8.35E-05,-1.50E-05,-3.08E-05,-3.86E-04,1.92E-04,1.22E-04,5.18E-05,1.37E-04,8.77E-05,-2.52E-04,2.25E-04,-2.27E-05,-5.86E-05,-5.79E-05
2168,2.21E-04,-2.42E-05,3.30E-05,2.86E-04,1.67E-04,-1.14E-04,8.91E-05,-5.46E-06,-2.26E-05,-3.76E-04,1.91E-04,1.23E-04,5.24E-05,1.39E-04,9.65E-05,-2.26E-04,2.30E-04,-2.30E-05,-5.25E-05,-5.79E-05
2169,2.28E-04,-2.51E-05,4.23E-05,2.90E-04,1.80E-04,-1.00E-04,9.41E-05,3.58E-06,-1.45E-05,-3.64E-04,1.89E-04,1.23E-04,5.32E-05,1.40E-04,1.05E-04,-1.99E-04,2.34E-04,-2.30E-05,-4.60E-05,-5.81E-05
2170,2.34E-04,-2.64E-05,5.12E-05,2.92E-04,1.92E-04,-8.57E-05,9.87E-05,1.21E-05,-6.36E-06,-3.52E-04,1.88E-04,1.23E-04,5.42E-05,1.42E-04,1.13E-04,-1.72E-04,2.39E-04,-2.26E-05,-3.92E-05,-5.82E-05
2171,2.41E-04,-2.78E-05,5.97E-05,2.95E-04,2.05E-04,-7.18E-05,1.03E-04,2.02E-05,1.62E-06,-3.40E-04,1.88E-04,1.24E-04,5.54E-05,1.43E-04,1.20E-04,-1.46E-04,2.43E-04,-2.17E-05,-3.21E-05,-5.80E-05
2172,2.48E-04,-2.92E-05,6.80E-05,2.97E-04,2.16E-04,-5.84E-05,1.07E-04,2.77E-05,9.47E-06,-3.27E-04,1.88E-04,1.25E-04,5.66E-05,1.45E-04,1.27E-04,-1.20E-04,2.48E-04,-2.03E-05,-2.48E-05,-5.70E-05
2173,2.56E-04,-3.04E-05,7.62E-05,2.99E-04,2.27E-04,-4.57E-05,1.10E-04,3.50E-05,1.72E-05,-3.14E-04,1.89E-04,1.26E-04,5.77E-05,1.47E-04,1.34E-04,-9.58E-05,2.53E-04,-1.82E-05,-1.73E-05,-5.51E-05
2174,2.63E-04,-3.12E-05,8.43E-05,3.01E-04,2.38E-04,-3.38E-05,1.13E-04,4.20E-05,2.48E-05,-3.01E-04,1.90E-04,1.27E-04,5.87E-05,1.49E-04,1.40E-04,-7.31E-05,2.58E-04,-1.55E-05,-9.61E-06,-5.18E-05
2175,2.72E-04,-3.13E-05,9.26E-05,3.02E-04,2.49E-04,-2.27E-05,1.17E-04,4.90E-05,3.25E-05,-2.89E-04,1.91E-04,1.29E-04,5.96E-05,1.51E-04,1.46E-04,-5.22E-05,2.64E-04,-1.22E-05,-1.73E-06,-4.70E-05
2176,2.80E-04,-3.05E-05,1.01E-04,3.03E-04,2.59E-04,-1.23E-05,1.20E-04,5.61E-05,4.02E-05,-2.77E-04,1.93E-04,1.32E-04,6.04E-05,1.53E-04,1.52E-04,-3.33E-05,2.70E-04,-8.13E-06,6.35E-06,-4.05E-05
2177,2.89E-04,-2.89E-05,1.10E-04,3.04E-04,2.69E-04,-2.50E-06,1.24E-04,6.36E-05,4.81E-05,-2.65E-04,1.94E-04,1.35E-04,6.09E-05,1.55E-04,1.57E-04,-1.63E-05,2.77E-04,-3.45E-06,1.47E-05,-3.24E-05
2178,2.99E-04,-2.62E-05,1.20E-04,3.04E-04,2.79E-04,6.79E-06,1.28E-04,7.17E-05,5.63E-05,-2.54E-04,1.96E-04,1.38E-04,6.13E-05,1.56E-04,1.63E-04,-1.17E-06,2.84E-04,1.82E-06,2.32E-05,-2.26E-05
2179,3.08E-04,-2.23E-05,1.30E-04,3.03E-04,2.89E-04,1.58E-05,1.33E-04,8.04E-05,6.49E-05,-2.43E-04,1.98E-04,1.42E-04,6.16E-05,1.58E-04,1.68E-04,1.24E-05,2.92E-04,7.56E-06,3.20E-05,-1.15E-05
2180,3.18E-04,-1.74E-05,1.41E-04,3.03E-04,2.99E-04,2.47E-05,1.39E-04,9.00E-05,7.39E-05,-2.32E-04,1.99E-04,1.45E-04,6.17E-05,1.59E-04,1.74E-04,2.46E-05,3.00E-04,1.37E-05,4.11E-05,5.66E-07
2181,3.27E-04,-1.14E-05,1.52E-04,3.01E-04,3.10E-04,3.36E-05,1.45E-04,1.00E-04,8.35E-05,-2.22E-04,2.00E-04,1.49E-04,6.17E-05,1.61E-04,1.79E-04,3.60E-05,3.08E-04,2.00E-05,5.05E-05,1.32E-05
2182,3.35E-04,-4.59E-06,1.64E-04,3.00E-04,3.20E-04,4.27E-05,1.52E-04,1.11E-04,9.35E-05,-2.12E-04,2.00E-04,1.53E-04,6.16E-05,1.62E-04,1.84E-04,4.67E-05,3.16E-04,2.63E-05,6.00E-05,2.58E-05
2183,3.43E-04,3.00E-06,1.76E-04,2.98E-04,3.30E-04,5.21E-05,1.59E-04,1.23E-04,1.04E-04,-2.02E-04,2.00E-04,1.57E-04,6.15E-05,1.62E-04,1.89E-04,5.72E-05,3.24E-04,3.24E-05,6.97E-05,3.79E-05
2184,3.50E-04,1.11E-05,1.89E-04,2.95E-04,3.40E-04,6.17E-05,1.66E-04,1.36E-04,1.15E-04,-1.93E-04,1.98E-04,1.61E-04,6.12E-05,1.62E-04,1.94E-04,6.79E-05,3.32E-04,3.80E-05,7.94E-05,4.87E-05
2185,3.56E-04,1.94E-05,2.01E-04,2.92E-04,3.49E-04,7.14E-05,1.74E-04,1.48E-04,1.25E-04,-1.83E-04,1.95E-04,1.64E-04,6.07E-05,1.62E-04,1.99E-04,7.89E-05,3.39E-04,4.30E-05,8.89E-05,5.78E-05
2186,3.60E-04,2.76E-05,2.13E-04,2.88E-04,3.58E-04,8.11E-05,1.81E-04,1.60E-04,1.36E-04,-1.74E-04,1.91E-04,1.67E-04,6.00E-05,1.61E-04,2.03E-04,9.03E-05,3.45E-04,4.71E-05,9.79E-05,6.46E-05
2187,3.63E-04,3.54E-05,2.24E-04,2.83E-04,3.67E-04,9.03E-05,1.88E-04,1.72E-04,1.46E-04,-1.65E-04,1.86E-04,1.68E-04,5.89E-05,1.59E-04,2.06E-04,1.02E-04,3.49E-04,5.02E-05,1.06E-04,6.88E-05
2188,3.63E-04,4.26E-05,2.34E-04,2.78E-04,3.74E-04,9.89E-05,1.94E-04,1.82E-04,1.56E-04,-1.56E-04,1.79E-04,1.69E-04,5.73E-05,1.57E-04,2.08E-04,1.14E-04,3.52E-04,5.19E-05,1.14E-04,7.01E-05
2189,3.62E-04,4.87E-05,2.42E-04,2.71E-04,3.80E-04,1.06E-04,2.00E-04,1.92E-04,1.65E-04,-1.49E-04,1.71E-04,1.68E-04,5.50E-05,1.54E-04,2.09E-04,1.27E-04,3.54E-04,5.23E-05,1.20E-04,6.85E-05
2190,3.59E-04,5.36E-05,2.49E-04,2.64E-04,3.85E-04,1.12E-04,2.03E-04,1.99E-04,1.72E-04,-1.43E-04,1.61E-04,1.66E-04,5.19E-05,1.50E-04,2.10E-04,1.38E-04,3.54E-04,5.12E-05,1.25E-04,6.42E-05
2191,3.53E-04,5.72E-05,2.55E-04,2.56E-04,3.88E-04,1.16E-04,2.06E-04,2.05E-04,1.78E-04,-1.38E-04,1.50E-04,1.63E-04,4.79E-05,1.44E-04,2.09E-04,1.49E-04,3.52E-04,4.86E-05,1.28E-04,5.73E-05
2192,3.46E-04,5.92E-05,2.58E-04,2.47E-04,3.89E-04,1.18E-04,2.07E-04,2.09E-04,1.83E-04,-1.35E-04,1.39E-04,1.58E-04,4.29E-05,1.38E-04,2.06E-04,1.59E-04,3.48E-04,4.46E-05,1.29E-04,4.84E-05
2193,3.37E-04,5.97E-05,2.60E-04,2.37E-04,3.88E-04,1.17E-04,2.06E-04,2.10E-04,1.85E-04,-1.34E-04,1.26E-04,1.52E-04,3.68E-05,1.31E-04,2.03E-04,1.67E-04,3.43E-04,3.91E-05,1.28E-04,3.80E-05
2194,3.26E-04,5.88E-05,2.59E-04,2.26E-04,3.86E-04,1.13E-04,2.04E-04,2.09E-04,1.86E-04,-1.35E-04,1.12E-04,1.45E-04,2.95E-05,1.23E-04,1.98E-04,1.73E-04,3.36E-04,3.25E-05,1.25E-04,2.66E-05
2195,3.15E-04,5.64E-05,2.58E-04,2.15E-04,3.83E-04,1.07E-04,2.00E-04,2.06E-04,1.86E-04,-1.38E-04,9.81E-05,1.36E-04,2.13E-05,1.14E-04,1.93E-04,1.76E-04,3.27E-04,2.48E-05,1.20E-04,1.50E-05
2196,3.02E-04,5.29E-05,2.54E-04,2.03E-04,3.78E-04,9.79E-05,1.95E-04,2.02E-04,1.83E-04,-1.44E-04,8.36E-05,1.26E-04,1.21E-05,1.04E-04,1.86E-04,1.76E-04,3.17E-04,1.65E-05,1.14E-04,3.60E-06
2197,2.88E-04,4.85E-05,2.50E-04,1.90E-04,3.72E-04,8.72E-05,1.89E-04,1.96E-04,1.80E-04,-1.52E-04,6.92E-05,1.16E-04,2.08E-06,9.39E-05,1.79E-04,1.73E-04,3.07E-04,7.65E-06,1.06E-04,-7.02E-06
2198,2.75E-04,4.35E-05,2.45E-04,1.78E-04,3.65E-04,7.51E-05,1.83E-04,1.89E-04,1.75E-04,-1.62E-04,5.50E-05,1.04E-04,-8.45E-06,8.32E-05,1.72E-04,1.67E-04,2.96E-04,-1.30E-06,9.76E-05,-1.65E-05
2199,2.61E-04,3.82E-05,2.40E-04,1.65E-04,3.58E-04,6.25E-05,1.77E-04,1.82E-04,1.70E-04,-1.74E-04,4.14E-05,9.27E-05,-1.93E-05,7.22E-05,1.65E-04,1.60E-04,2.84E-04,-1.01E-05,8.84E-05,-2.48E-05
2200,2.49E-04,3.30E-05,2.35E-04,1.53E-04,3.51E-04,5.03E-05,1.70E-04,1.76E-04,1.65E-04,-1.86E-04,2.85E-05,8.10E-05,-3.00E-05,6.11E-05,1.59E-04,1.51E-04,2.72E-04,-1.84E-05,7.95E-05,-3.18E-05
2201,2.37E-04,2.81E-05,2.30E-04,1.42E-04,3.45E-04,3.94E-05,1.65E-04,1.69E-04,1.60E-04,-1.99E-04,1.67E-05,6.96E-05,-4.04E-05,5.03E-05,1.53E-04,1.41E-04,2.61E-04,-2.59E-05,7.13E-05,-3.78E-05
2202,2.26E-04,2.40E-05,2.27E-04,1.31E-04,3.40E-04,3.09E-05,1.60E-04,1.65E-04,1.56E-04,-2.12E-04,6.20E-06,5.87E-05,-5.01E-05,3.98E-05,1.47E-04,1.31E-04,2.50E-04,-3.25E-05,6.46E-05,-4.33E-05
2203,2.18E-04,2.06E-05,2.25E-04,1.22E-04,3.36E-04,2.58E-05,1.57E-04,1.61E-04,1.53E-04,-2.23E-04,-2.90E-06,4.84E-05,-5.87E-05,3.00E-05,1.44E-04,1.23E-04,2.40E-04,-3.79E-05,5.99E-05,-4.88E-05
2204,2.11E-04,1.84E-05,2.24E-04,1.15E-04,3.34E-04,2.51E-05,1.55E-04,1.60E-04,1.51E-04,-2.33E-04,-1.04E-05,3.91E-05,-6.61E-05,2.08E-05,1.41E-04,1.17E-04,2.31E-04,-4.21E-05,5.77E-05,-5.51E-05
2205,2.06E-04,1.72E-05,2.25E-04,1.09E-04,3.34E-04,2.96E-05,1.54E-04,1.60E-04,1.51E-04,-2.40E-04,-1.63E-05,3.08E-05,-7.19E-05,1.26E-05,1.40E-04,1.15E-04,2.22E-04,-4.49E-05,5.85E-05,-6.30E-05
2206,2.03E-04,1.71E-05,2.28E-04,1.06E-04,3.35E-04,3.99E-05,1.56E-04,1.62E-04,1.52E-04,-2.43E-04,-2.06E-05,2.36E-05,-7.61E-05,5.35E-06,1.40E-04,1.18E-04,2.15E-04,-4.65E-05,6.26E-05,-7.34E-05
2207,2.02E-04,1.81E-05,2.33E-04,1.04E-04,3.39E-04,5.63E-05,1.59E-04,1.66E-04,1.56E-04,-2.44E-04,-2.33E-05,1.75E-05,-7.85E-05,-8.40E-07,1.42E-04,1.26E-04,2.08E-04,-4.68E-05,7.02E-05,-8.70E-05
2208,2.04E-04,1.99E-05,2.39E-04,1.05E-04,3.45E-04,7.90E-05,1.64E-04,1.72E-04,1.61E-04,-2.41E-04,-2.44E-05,1.26E-05,-7.91E-05,-5.95E-06,1.45E-04,1.40E-04,2.02E-04,-4.60E-05,8.13E-05,-1.04E-04
2209,2.07E-04,2.24E-05,2.46E-04,1.08E-04,3.52E-04,1.08E-04,1.70E-04,1.79E-04,1.68E-04,-2.33E-04,-2.43E-05,8.69E-06,-7.80E-05,-9.99E-06,1.50E-04,1.61E-04,1.96E-04,-4.43E-05,9.56E-05,-1.26E-04
2210,2.13E-04,2.54E-05,2.55E-04,1.13E-04,3.61E-04,1.42E-04,1.77E-04,1.87E-04,1.76E-04,-2.23E-04,-2.29E-05,5.74E-06,-7.53E-05,-1.30E-05,1.55E-04,1.89E-04,1.91E-04,-4.19E-05,1.13E-04,-1.53E-04
2211,2.20E-04,2.87E-05,2.65E-04,1.20E-04,3.72E-04,1.81E-04,1.84E-04,1.95E-04,1.86E-04,-2.08E-04,-2.05E-05,3.58E-06,-7.13E-05,-1.52E-05,1.62E-04,2.22E-04,1.86E-04,-3.90E-05,1.33E-04,-1.83E-04
2212,2.29E-04,3.20E-05,2.75E-04,1.29E-04,3.82E-04,2.24E-04,1.92E-04,2.04E-04,1.96E-04,-1.91E-04,-1.75E-05,2.06E-06,-6.63E-05,-1.65E-05,1.69E-04,2.61E-04,1.82E-04,-3.60E-05,1.54E-04,-2.18E-04
2213,2.38E-04,3.51E-05,2.86E-04,1.39E-04,3.94E-04,2.69E-04,1.99E-04,2.11E-04,2.07E-04,-1.72E-04,-1.39E-05,1.02E-06,-6.05E-05,-1.72E-05,1.76E-04,3.05E-04,1.77E-04,-3.29E-05,1.77E-04,-2.57E-04
2214,2.49E-04,3.79E-05,2.96E-04,1.50E-04,4.05E-04,3.15E-04,2.06E-04,2.18E-04,2.18E-04,-1.51E-04,-1.00E-05,2.96E-07,-5.43E-05,-1.75E-05,1.83E-04,3.52E-04,1.72E-04,-3.02E-05,2.00E-04,-2.98E-04
2215,2.59E-04,4.02E-05,3.05E-04,1.62E-04,4.15E-04,3.61E-04,2.12E-04,2.23E-04,2.28E-04,-1.29E-04,-6.13E-06,-2.59E-07,-4.81E-05,-1.74E-05,1.90E-04,4.00E-04,1.66E-04,-2.80E-05,2.23E-04,-3.41E-04
2216,2.70E-04,4.22E-05,3.14E-04,1.74E-04,4.25E-04,4.05E-04,2.17E-04,2.27E-04,2.38E-04,-1.08E-04,-2.34E-06,-7.69E-07,-4.20E-05,-1.72E-05,1.97E-04,4.49E-04,1.61E-04,-2.63E-05,2.44E-04,-3.85E-04
2217,2.80E-04,4.37E-05,3.22E-04,1.86E-04,4.33E-04,4.45E-04,2.21E-04,2.30E-04,2.47E-04,-8.83E-05,1.17E-06,-1.33E-06,-3.65E-05,-1.71E-05,2.03E-04,4.97E-04,1.55E-04,-2.55E-05,2.63E-04,-4.28E-04
2218,2.90E-04,4.50E-05,3.29E-04,1.97E-04,4.40E-04,4.82E-04,2.23E-04,2.31E-04,2.55E-04,-7.05E-05,4.29E-06,-2.01E-06,-3.18E-05,-1.71E-05,2.08E-04,5.42E-04,1.49E-04,-2.55E-05,2.79E-04,-4.68E-04
2219,2.98E-04,4.62E-05,3.35E-04,2.06E-04,4.46E-04,5.12E-04,2.24E-04,2.30E-04,2.62E-04,-5.54E-05,6.94E-06,-2.84E-06,-2.80E-05,-1.74E-05,2.13E-04,5.82E-04,1.43E-04,-2.64E-05,2.92E-04,-5.06E-04
2220,3.06E-04,4.75E-05,3.39E-04,2.15E-04,4.50E-04,5.37E-04,2.24E-04,2.29E-04,2.67E-04,-4.35E-05,9.08E-06,-3.83E-06,-2.53E-05,-1.81E-05,2.17E-04,6.18E-04,1.37E-04,-2.81E-05,3.02E-04,-5.40E-04
2221,3.12E-04,4.91E-05,3.43E-04,2.21E-04,4.52E-04,5.56E-04,2.23E-04,2.27E-04,2.71E-04,-3.51E-05,1.07E-05,-4.97E-06,-2.37E-05,-1.93E-05,2.21E-04,6.47E-04,1.31E-04,-3.07E-05,3.08E-04,-5.69E-04
2222,3.16E-04,5.14E-05,3.46E-04,2.25E-04,4.53E-04,5.69E-04,2.22E-04,2.25E-04,2.74E-04,-3.05E-05,1.18E-05,-6.24E-06,-2.32E-05,-2.10E-05,2.24E-04,6.70E-04,1.25E-04,-3.40E-05,3.10E-04,-5.93E-04
2223,3.18E-04,5.44E-05,3.48E-04,2.28E-04,4.53E-04,5.75E-04,2.20E-04,2.23E-04,2.76E-04,-2.93E-05,1.24E-05,-7.60E-06,-2.37E-05,-2.32E-05,2.26E-04,6.87E-04,1.19E-04,-3.80E-05,3.09E-04,-6.12E-04
2224,3.19E-04,5.84E-05,3.50E-04,2.27E-04,4.51E-04,5.77E-04,2.18E-04,2.22E-04,2.77E-04,-3.14E-05,1.25E-05,-9.03E-06,-2.51E-05,-2.60E-05,2.28E-04,6.98E-04,1.14E-04,-4.26E-05,3.05E-04,-6.25E-04
2225,3.17E-04,6.34E-05,3.51E-04,2.25E-04,4.49E-04,5.74E-04,2.16E-04,2.23E-04,2.77E-04,-3.63E-05,1.23E-05,-1.05E-05,-2.74E-05,-2.93E-05,2.30E-04,7.04E-04,1.09E-04,-4.75E-05,2.98E-04,-6.34E-04
2226,3.15E-04,6.95E-05,3.53E-04,2.20E-04,4.46E-04,5.67E-04,2.14E-04,2.24E-04,2.77E-04,-4.32E-05,1.17E-05,-1.20E-05,-3.03E-05,-3.30E-05,2.31E-04,7.06E-04,1.05E-04,-5.28E-05,2.89E-04,-6.39E-04
2227,3.10E-04,7.67E-05,3.54E-04,2.13E-04,4.43E-04,5.59E-04,2.13E-04,2.28E-04,2.77E-04,-5.14E-05,1.07E-05,-1.35E-05,-3.37E-05,-3.72E-05,2.32E-04,7.06E-04,1.00E-04,-5.84E-05,2.79E-04,-6.42E-04
2228,3.04E-04,8.46E-05,3.56E-04,2.04E-04,4.39E-04,5.51E-04,2.13E-04,2.33E-04,2.78E-04,-6.01E-05,9.39E-06,-1.52E-05,-3.74E-05,-4.18E-05,2.32E-04,7.05E-04,9.62E-05,-6.40E-05,2.69E-04,-6.42E-04
2229,2.97E-04,9.32E-05,3.57E-04,1.94E-04,4.36E-04,5.42E-04,2.13E-04,2.40E-04,2.78E-04,-6.86E-05,7.68E-06,-1.69E-05,-4.13E-05,-4.66E-05,2.33E-04,7.05E-04,9.21E-05,-6.97E-05,2.59E-04,-6.41E-04
2230,2.89E-04,1.02E-04,3.60E-04,1.82E-04,4.33E-04,5.35E-04,2.15E-04,2.49E-04,2.79E-04,-7.60E-05,5.55E-06,-1.89E-05,-4.53E-05,-5.17E-05,2.33E-04,7.07E-04,8.80E-05,-7.54E-05,2.49E-04,-6.40E-04
2231,2.80E-04,1.11E-04,3.62E-04,1.69E-04,4.31E-04,5.31E-04,2.16E-04,2.59E-04,2.81E-04,-8.16E-05,2.93E-06,-2.11E-05,-4.94E-05,-5.70E-05,2.32E-04,7.12E-04,8.35E-05,-8.11E-05,2.41E-04,-6.40E-04
2232,2.71E-04,1.19E-04,3.64E-04,1.55E-04,4.29E-04,5.29E-04,2.19E-04,2.70E-04,2.83E-04,-8.51E-05,-2.29E-07,-2.37E-05,-5.33E-05,-6.24E-05,2.31E-04,7.22E-04,7.87E-05,-8.67E-05,2.34E-04,-6.42E-04
2233,2.61E-04,1.27E-04,3.67E-04,1.41E-04,4.27E-04,5.30E-04,2.21E-04,2.82E-04,2.86E-04,-8.59E-05,-4.01E-06,-2.68E-05,-5.73E-05,-6.79E-05,2.29E-04,7.37E-04,7.34E-05,-9.21E-05,2.30E-04,-6.47E-04
2234,2.51E-04,1.33E-04,3.69E-04,1.27E-04,4.25E-04,5.35E-04,2.24E-04,2.94E-04,2.89E-04,-8.40E-05,-8.47E-06,-3.03E-05,-6.11E-05,-7.35E-05,2.27E-04,7.58E-04,6.74E-05,-9.75E-05,2.27E-04,-6.53E-04
2235,2.41E-04,1.38E-04,3.71E-04,1.12E-04,4.23E-04,5.43E-04,2.26E-04,3.06E-04,2.93E-04,-7.92E-05,-1.37E-05,-3.45E-05,-6.50E-05,-7.90E-05,2.24E-04,7.85E-04,6.07E-05,-1.03E-04,2.27E-04,-6.62E-04
2236,2.32E-04,1.41E-04,3.72E-04,9.75E-05,4.22E-04,5.53E-04,2.28E-04,3.17E-04,2.97E-04,-7.17E-05,-1.96E-05,-3.92E-05,-6.88E-05,-8.46E-05,2.20E-04,8.17E-04,5.33E-05,-1.08E-04,2.29E-04,-6.73E-04
2237,2.23E-04,1.42E-04,3.73E-04,8.33E-05,4.20E-04,5.66E-04,2.29E-04,3.27E-04,3.01E-04,-6.19E-05,-2.63E-05,-4.44E-05,-7.27E-05,-9.02E-05,2.16E-04,8.54E-04,4.52E-05,-1.13E-04,2.32E-04,-6.86E-04
2238,2.14E-04,1.41E-04,3.74E-04,6.95E-05,4.18E-04,5.79E-04,2.30E-04,3.35E-04,3.05E-04,-5.02E-05,-3.37E-05,-5.02E-05,-7.66E-05,-9.57E-05,2.10E-04,8.95E-04,3.65E-05,-1.17E-04,2.37E-04,-7.00E-04
2239,2.06E-04,1.38E-04,3.73E-04,5.61E-05,4.15E-04,5.93E-04,2.29E-04,3.42E-04,3.09E-04,-3.71E-05,-4.18E-05,-5.64E-05,-8.06E-05,-1.01E-04,2.05E-04,9.38E-04,2.73E-05,-1.21E-04,2.43E-04,-7.13E-04
2240,1.99E-04,1.33E-04,3.72E-04,4.31E-05,4.12E-04,6.05E-04,2.27E-04,3.47E-04,3.13E-04,-2.31E-05,-5.04E-05,-6.29E-05,-8.47E-05,-1.07E-04,1.98E-04,9.82E-04,1.79E-05,-1.25E-04,2.50E-04,-7.26E-04
2241,1.92E-04,1.27E-04,3.71E-04,3.06E-05,4.08E-04,6.17E-04,2.24E-04,3.50E-04,3.16E-04,-8.88E-06,-5.93E-05,-6.96E-05,-8.89E-05,-1.12E-04,1.91E-04,1.03E-03,8.33E-06,-1.29E-04,2.58E-04,-7.37E-04
2242,1.86E-04,1.19E-04,3.68E-04,1.85E-05,4.03E-04,6.26E-04,2.21E-04,3.51E-04,3.19E-04,5.06E-06,-6.85E-05,-7.63E-05,-9.30E-05,-1.17E-04,1.84E-04,1.07E-03,-1.12E-06,-1.32E-04,2.66E-04,-7.46E-04
2243,1.80E-04,1.11E-04,3.65E-04,6.69E-06,3.97E-04,6.33E-04,2.17E-04,3.51E-04,3.22E-04,1.82E-05,-7.77E-05,-8.29E-05,-9.72E-05,-1.23E-04,1.76E-04,1.11E-03,-1.03E-05,-1.35E-04,2.74E-04,-7.52E-04
2244,1.75E-04,1.02E-04,3.62E-04,-4.76E-06,3.91E-04,6.36E-04,2.12E-04,3.49E-04,3.24E-04,3.03E-05,-8.67E-05,-8.92E-05,-1.01E-04,-1.28E-04,1.69E-04,1.14E-03,-1.89E-05,-1.38E-04,2.81E-04,-7.55E-04
2245,1.70E-04,9.33E-05,3.59E-04,-1.59E-05,3.85E-04,6.37E-04,2.07E-04,3.47E-04,3.26E-04,4.09E-05,-9.53E-05,-9.50E-05,-1.05E-04,-1.33E-04,1.62E-04,1.17E-03,-2.69E-05,-1.40E-04,2.88E-04,-7.56E-04
2246,1.65E-04,8.47E-05,3.55E-04,-2.68E-05,3.78E-04,6.35E-04,2.02E-04,3.44E-04,3.28E-04,5.00E-05,-1.03E-04,-1.00E-04,-1.09E-04,-1.38E-04,1.55E-04,1.19E-03,-3.41E-05,-1.41E-04,2.95E-04,-7.53E-04
2247,1.61E-04,7.68E-05,3.52E-04,-3.75E-05,3.70E-04,6.31E-04,1.97E-04,3.41E-04,3.29E-04,5.74E-05,-1.11E-04,-1.05E-04,-1.12E-04,-1.43E-04,1.49E-04,1.21E-03,-4.05E-05,-1.42E-04,3.02E-04,-7.49E-04
2248,1.57E-04,6.98E-05,3.49E-04,-4.80E-05,3.63E-04,6.25E-04,1.93E-04,3.38E-04,3.30E-04,6.34E-05,-1.18E-04,-1.09E-04,-1.15E-04,-1.48E-04,1.43E-04,1.21E-03,-4.60E-05,-1.43E-04,3.08E-04,-7.43E-04
2249,1.53E-04,6.39E-05,3.46E-04,-5.82E-05,3.56E-04,6.18E-04,1.89E-04,3.36E-04,3.31E-04,6.80E-05,-1.24E-04,-1.12E-04,-1.18E-04,-1.52E-04,1.38E-04,1.22E-03,-5.08E-05,-1.44E-04,3.13E-04,-7.37E-04
2250,1.50E-04,5.90E-05,3.44E-04,-6.80E-05,3.50E-04,6.12E-04,1.86E-04,3.35E-04,3.33E-04,7.14E-05,-1.29E-04,-1.15E-04,-1.21E-04,-1.57E-04,1.33E-04,1.22E-03,-5.51E-05,-1.44E-04,3.19E-04,-7.31E-04
2251,1.46E-04,5.52E-05,3.43E-04,-7.76E-05,3.44E-04,6.05E-04,1.84E-04,3.34E-04,3.34E-04,7.40E-05,-1.33E-04,-1.18E-04,-1.23E-04,-1.61E-04,1.30E-04,1.21E-03,-5.89E-05,-1.45E-04,3.25E-04,-7.26E-04
2252,1.42E-04,5.24E-05,3.42E-04,-8.67E-05,3.38E-04,6.01E-04,1.83E-04,3.34E-04,3.35E-04,7.59E-05,-1.37E-04,-1.20E-04,-1.25E-04,-1.66E-04,1.26E-04,1.20E-03,-6.25E-05,-1.45E-04,3.31E-04,-7.23E-04
2253,1.39E-04,5.02E-05,3.41E-04,-9.53E-05,3.33E-04,5.98E-04,1.83E-04,3.35E-04,3.36E-04,7.74E-05,-1.41E-04,-1.22E-04,-1.28E-04,-1.70E-04,1.23E-04,1.19E-03,-6.62E-05,-1.46E-04,3.37E-04,-7.24E-04
2254,1.35E-04,4.84E-05,3.41E-04,-1.03E-04,3.28E-04,5.97E-04,1.83E-04,3.36E-04,3.37E-04,7.87E-05,-1.44E-04,-1.24E-04,-1.30E-04,-1.74E-04,1.20E-04,1.17E-03,-7.04E-05,-1.47E-04,3.43E-04,-7.27E-04
2255,1.31E-04,4.67E-05,3.40E-04,-1.11E-04,3.24E-04,5.98E-04,1.83E-04,3.37E-04,3.37E-04,7.98E-05,-1.47E-04,-1.27E-04,-1.33E-04,-1.78E-04,1.18E-04,1.15E-03,-7.52E-05,-1.49E-04,3.48E-04,-7.34E-04
2256,1.28E-04,4.46E-05,3.40E-04,-1.18E-04,3.20E-04,6.02E-04,1.83E-04,3.38E-04,3.37E-04,8.07E-05,-1.51E-04,-1.30E-04,-1.36E-04,-1.83E-04,1.15E-04,1.14E-03,-8.10E-05,-1.52E-04,3.54E-04,-7.44E-04
2257,1.24E-04,4.19E-05,3.39E-04,-1.24E-04,3.16E-04,6.07E-04,1.83E-04,3.38E-04,3.37E-04,8.14E-05,-1.55E-04,-1.34E-04,-1.40E-04,-1.87E-04,1.13E-04,1.12E-03,-8.80E-05,-1.56E-04,3.58E-04,-7.56E-04
2258,1.19E-04,3.82E-05,3.37E-04,-1.29E-04,3.12E-04,6.13E-04,1.82E-04,3.38E-04,3.36E-04,8.16E-05,-1.59E-04,-1.39E-04,-1.45E-04,-1.91E-04,1.09E-04,1.10E-03,-9.64E-05,-1.61E-04,3.62E-04,-7.70E-04
2259,1.15E-04,3.32E-05,3.34E-04,-1.34E-04,3.08E-04,6.20E-04,1.80E-04,3.35E-04,3.34E-04,8.11E-05,-1.65E-04,-1.45E-04,-1.51E-04,-1.95E-04,1.06E-04,1.08E-03,-1.06E-04,-1.66E-04,3.64E-04,-7.85E-04
2260,1.10E-04,2.67E-05,3.30E-04,-1.38E-04,3.03E-04,6.25E-04,1.77E-04,3.31E-04,3.31E-04,7.95E-05,-1.71E-04,-1.53E-04,-1.58E-04,-1.99E-04,1.02E-04,1.06E-03,-1.18E-04,-1.73E-04,3.65E-04,-7.99E-04
2261,1.05E-04,1.86E-05,3.25E-04,-1.42E-04,2.97E-04,6.29E-04,1.71E-04,3.25E-04,3.27E-04,7.65E-05,-1.78E-04,-1.61E-04,-1.66E-04,-2.04E-04,9.77E-05,1.04E-03,-1.31E-04,-1.82E-04,3.63E-04,-8.11E-04
2262,9.85E-05,8.85E-06,3.18E-04,-1.46E-04,2.90E-04,6.31E-04,1.64E-04,3.16E-04,3.22E-04,7.18E-05,-1.87E-04,-1.71E-04,-1.74E-04,-2.08E-04,9.27E-05,1.02E-03,-1.46E-04,-1.91E-04,3.58E-04,-8.20E-04
2263,9.18E-05,-2.50E-06,3.09E-04,-1.49E-04,2.82E-04,6.28E-04,1.55E-04,3.04E-04,3.15E-04,6.50E-05,-1.96E-04,-1.82E-04,-1.84E-04,-2.13E-04,8.73E-05,9.95E-04,-1.63E-04,-2.02E-04,3.51E-04,-8.24E-04
2264,8.43E-05,-1.53E-05,2.98E-04,-1.52E-04,2.72E-04,6.20E-04,1.43E-04,2.89E-04,3.06E-04,5.59E-05,-2.06E-04,-1.94E-04,-1.95E-04,-2.18E-04,8.13E-05,9.67E-04,-1.80E-04,-2.13E-04,3.41E-04,-8.22E-04
2265,7.58E-05,-2.93E-05,2.85E-04,-1.55E-04,2.61E-04,6.08E-04,1.30E-04,2.72E-04,2.96E-04,4.43E-05,-2.16E-04,-2.07E-04,-2.07E-04,-2.22E-04,7.50E-05,9.36E-04,-1.99E-04,-2.25E-04,3.28E-04,-8.13E-04
2266,6.64E-05,-4.44E-05,2.69E-04,-1.58E-04,2.49E-04,5.89E-04,1.14E-04,2.53E-04,2.84E-04,3.00E-05,-2.28E-04,-2.21E-04,-2.20E-04,-2.27E-04,6.84E-05,9.02E-04,-2.18E-04,-2.38E-04,3.13E-04,-7.98E-04
2267,5.60E-05,-6.01E-05,2.52E-04,-1.61E-04,2.36E-04,5.64E-04,9.67E-05,2.31E-04,2.70E-04,1.32E-05,-2.39E-04,-2.35E-04,-2.32E-04,-2.33E-04,6.15E-05,8.63E-04,-2.38E-04,-2.51E-04,2.94E-04,-7.76E-04
2268,4.44E-05,-7.61E-05,2.34E-04,-1.65E-04,2.21E-04,5.34E-04,7.78E-05,2.07E-04,2.54E-04,-6.02E-06,-2.50E-04,-2.50E-04,-2.45E-04,-2.38E-04,5.45E-05,8.21E-04,-2.58E-04,-2.65E-04,2.73E-04,-7.46E-04
2269,3.19E-05,-9.23E-05,2.13E-04,-1.69E-04,2.05E-04,4.99E-04,5.77E-05,1.82E-04,2.37E-04,-2.74E-05,-2.61E-04,-2.65E-04,-2.58E-04,-2.43E-04,4.75E-05,7.75E-04,-2.78E-04,-2.79E-04,2.50E-04,-7.10E-04
2270,1.83E-05,-1.08E-04,1.92E-04,-1.73E-04,1.88E-04,4.59E-04,3.66E-05,1.55E-04,2.19E-04,-5.07E-05,-2.72E-04,-2.79E-04,-2.71E-04,-2.48E-04,4.05E-05,7.26E-04,-2.97E-04,-2.93E-04,2.25E-04,-6.70E-04
2271,3.76E-06,-1.24E-04,1.69E-04,-1.78E-04,1.71E-04,4.15E-04,1.50E-05,1.28E-04,1.99E-04,-7.53E-05,-2.82E-04,-2.94E-04,-2.84E-04,-2.54E-04,3.36E-05,6.75E-04,-3.16E-04,-3.06E-04,2.00E-04,-6.25E-04
2272,-1.16E-05,-1.38E-04,1.46E-04,-1.84E-04,1.53E-04,3.69E-04,-6.83E-06,1.00E-04,1.79E-04,-1.01E-04,-2.91E-04,-3.08E-04,-2.95E-04,-2.59E-04,2.67E-05,6.23E-04,-3.34E-04,-3.19E-04,1.73E-04,-5.78E-04
2273,-2.76E-05,-1.52E-04,1.22E-04,-1.89E-04,1.35E-04,3.22E-04,-2.86E-05,7.29E-05,1.57E-04,-1.27E-04,-3.00E-04,-3.21E-04,-3.06E-04,-2.64E-04,2.00E-05,5.70E-04,-3.51E-04,-3.31E-04,1.47E-04,-5.30E-04
2274,-4.41E-05,-1.65E-04,9.76E-05,-1.95E-04,1.17E-04,2.74E-04,-4.99E-05,4.57E-05,1.35E-04,-1.53E-04,-3.07E-04,-3.34E-04,-3.17E-04,-2.70E-04,1.34E-05,5.17E-04,-3.67E-04,-3.43E-04,1.21E-04,-4.84E-04
2275,-6.09E-05,-1.77E-04,7.35E-05,-2.02E-04,9.92E-05,2.28E-04,-7.06E-05,1.91E-05,1.13E-04,-1.78E-04,-3.14E-04,-3.46E-04,-3.26E-04,-2.75E-04,6.89E-06,4.66E-04,-3.82E-04,-3.54E-04,9.63E-05,-4.40E-04
2276,-7.79E-05,-1.88E-04,4.98E-05,-2.08E-04,8.21E-05,1.84E-04,-9.05E-05,-6.63E-06,8.97E-05,-2.03E-04,-3.19E-04,-3.58E-04,-3.35E-04,-2.80E-04,3.61E-07,4.17E-04,-3.95E-04,-3.64E-04,7.24E-05,-4.01E-04
2277,-9.48E-05,-1.99E-04,2.65E-05,-2.14E-04,6.55E-05,1.43E-04,-1.09E-04,-3.14E-05,6.68E-05,-2.26E-04,-3.24E-04,-3.69E-04,-3.43E-04,-2.84E-04,-6.21E-06,3.71E-04,-4.08E-04,-3.73E-04,4.99E-05,-3.68E-04
2278,-1.12E-04,-2.08E-04,3.88E-06,-2.21E-04,4.96E-05,1.06E-04,-1.27E-04,-5.52E-05,4.40E-05,-2.48E-04,-3.28E-04,-3.79E-04,-3.50E-04,-2.89E-04,-1.29E-05,3.29E-04,-4.20E-04,-3.82E-04,2.89E-05,-3.41E-04
2279,-1.28E-04,-2.18E-04,-1.80E-05,-2.27E-04,3.44E-05,7.30E-05,-1.44E-04,-7.79E-05,2.14E-05,-2.68E-04,-3.31E-04,-3.89E-04,-3.56E-04,-2.93E-04,-1.98E-05,2.90E-04,-4.31E-04,-3.90E-04,9.26E-06,-3.22E-04
2280,-1.44E-04,-2.27E-04,-3.92E-05,-2.33E-04,1.99E-05,4.44E-05,-1.61E-04,-9.95E-05,-7.00E-07,-2.87E-04,-3.34E-04,-3.99E-04,-3.62E-04,-2.97E-04,-2.69E-05,2.56E-04,-4.41E-04,-3.97E-04,-9.07E-06,-3.10E-04
2281,-1.59E-04,-2.36E-04,-5.96E-05,-2.38E-04,6.04E-06,2.00E-05,-1.76E-04,-1.20E-04,-2.23E-05,-3.04E-04,-3.37E-04,-4.08E-04,-3.67E-04,-3.00E-04,-3.42E-05,2.25E-04,-4.51E-04,-4.04E-04,-2.63E-05,-3.05E-04
2282,-1.74E-04,-2.45E-04,-7.92E-05,-2.44E-04,-7.28E-06,-3.45E-07,-1.90E-04,-1.40E-04,-4.34E-05,-3.20E-04,-3.40E-04,-4.18E-04,-3.72E-04,-3.03E-04,-4.20E-05,1.98E-04,-4.60E-04,-4.10E-04,-4.28E-05,-3.08E-04
2283,-1.88E-04,-2.54E-04,-9.82E-05,-2.48E-04,-2.02E-05,-1.72E-05,-2.04E-04,-1.59E-04,-6.39E-05,-3.35E-04,-3.42E-04,-4.26E-04,-3.76E-04,-3.06E-04,-5.00E-05,1.74E-04,-4.69E-04,-4.16E-04,-5.88E-05,-3.16E-04
2284,-2.01E-04,-2.64E-04,-1.17E-04,-2.53E-04,-3.28E-05,-3.13E-05,-2.18E-04,-1.78E-04,-8.37E-05,-3.49E-04,-3.45E-04,-4.35E-04,-3.81E-04,-3.08E-04,-5.84E-05,1.54E-04,-4.78E-04,-4.22E-04,-7.46E-05,-3.30E-04
2285,-2.14E-04,-2.73E-04,-1.35E-04,-2.56E-04,-4.52E-05,-4.32E-05,-2.31E-04,-1.95E-04,-1.03E-04,-3.62E-04,-3.48E-04,-4.44E-04,-3.85E-04,-3.10E-04,-6.72E-05,1.35E-04,-4.87E-04,-4.28E-04,-9.06E-05,-3.47E-04
2286,-2.26E-04,-2.83E-04,-1.52E-04,-2.60E-04,-5.77E-05,-5.37E-05,-2.44E-04,-2.13E-04,-1.21E-04,-3.75E-04,-3.51E-04,-4.52E-04,-3.89E-04,-3.12E-04,-7.63E-05,1.17E-04,-4.96E-04,-4.34E-04,-1.07E-04,-3.67E-04
2287,-2.38E-04,-2.94E-04,-1.70E-04,-2.63E-04,-7.02E-05,-6.36E-05,-2.57E-04,-2.30E-04,-1.39E-04,-3.87E-04,-3.54E-04,-4.61E-04,-3.94E-04,-3.13E-04,-8.56E-05,1.01E-04,-5.05E-04,-4.40E-04,-1.24E-04,-3.88E-04
2288,-2.50E-04,-3.05E-04,-1.87E-04,-2.66E-04,-8.29E-05,-7.36E-05,-2.69E-04,-2.47E-04,-1.56E-04,-4.00E-04,-3.57E-04,-4.69E-04,-3.98E-04,-3.13E-04,-9.52E-05,8.41E-05,-5.14E-04,-4.46E-04,-1.42E-04,-4.10E-04
2289,-2.62E-04,-3.15E-04,-2.05E-04,-2.68E-04,-9.57E-05,-8.41E-05,-2.82E-04,-2.63E-04,-1.73E-04,-4.13E-04,-3.60E-04,-4.76E-04,-4.02E-04,-3.14E-04,-1.05E-04,6.70E-05,-5.23E-04,-4.52E-04,-1.61E-04,-4.30E-04
2290,-2.73E-04,-3.26E-04,-2.22E-04,-2.70E-04,-1.09E-04,-9.57E-05,-2.94E-04,-2.79E-04,-1.89E-04,-4.26E-04,-3.64E-04,-4.84E-04,-4.05E-04,-3.14E-04,-1.15E-04,4.91E-05,-5.32E-04,-4.58E-04,-1.81E-04,-4.49E-04
2291,-2.84E-04,-3.37E-04,-2.39E-04,-2.72E-04,-1.22E-04,-1.08E-04,-3.07E-04,-2.94E-04,-2.04E-04,-4.39E-04,-3.66E-04,-4.90E-04,-4.09E-04,-3.13E-04,-1.24E-04,3.02E-05,-5.40E-04,-4.64E-04,-2.01E-04,-4.65E-04
2292,-2.95E-04,-3.47E-04,-2.57E-04,-2.73E-04,-1.35E-04,-1.23E-04,-3.18E-04,-3.09E-04,-2.19E-04,-4.52E-04,-3.69E-04,-4.96E-04,-4.12E-04,-3.13E-04,-1.34E-04,1.00E-05,-5.49E-04,-4.70E-04,-2.22E-04,-4.79E-04
2293,-3.06E-04,-3.57E-04,-2.74E-04,-2.74E-04,-1.49E-04,-1.38E-04,-3.30E-04,-3.24E-04,-2.33E-04,-4.66E-04,-3.71E-04,-5.02E-04,-4.14E-04,-3.11E-04,-1.43E-04,-1.13E-05,-5.56E-04,-4.76E-04,-2.44E-04,-4.91E-04
2294,-3.17E-04,-3.66E-04,-2.90E-04,-2.75E-04,-1.62E-04,-1.54E-04,-3.41E-04,-3.37E-04,-2.46E-04,-4.79E-04,-3.72E-04,-5.06E-04,-4.16E-04,-3.10E-04,-1.53E-04,-3.36E-05,-5.63E-04,-4.82E-04,-2.65E-04,-5.00E-04
2295,-3.28E-04,-3.75E-04,-3.07E-04,-2.75E-04,-1.74E-04,-1.71E-04,-3.51E-04,-3.49E-04,-2.58E-04,-4.91E-04,-3.72E-04,-5.09E-04,-4.17E-04,-3.08E-04,-1.62E-04,-5.65E-05,-5.69E-04,-4.87E-04,-2.86E-04,-5.06E-04
2296,-3.38E-04,-3.83E-04,-3.22E-04,-2.75E-04,-1.86E-04,-1.88E-04,-3.60E-04,-3.61E-04,-2.70E-04,-5.03E-04,-3.71E-04,-5.12E-04,-4.17E-04,-3.06E-04,-1.70E-04,-7.98E-05,-5.74E-04,-4.92E-04,-3.06E-04,-5.11E-04
2297,-3.47E-04,-3.89E-04,-3.37E-04,-2.75E-04,-1.98E-04,-2.05E-04,-3.68E-04,-3.71E-04,-2.80E-04,-5.14E-04,-3.69E-04,-5.12E-04,-4.17E-04,-3.03E-04,-1.78E-04,-1.03E-04,-5.77E-04,-4.96E-04,-3.25E-04,-5.14E-04
2298,-3.55E-04,-3.95E-04,-3.51E-04,-2.74E-04,-2.08E-04,-2.21E-04,-3.74E-04,-3.80E-04,-2.90E-04,-5.24E-04,-3.66E-04,-5.12E-04,-4.15E-04,-3.00E-04,-1.85E-04,-1.26E-04,-5.79E-04,-4.99E-04,-3.43E-04,-5.17E-04
2299,-3.63E-04,-3.99E-04,-3.63E-04,-2.73E-04,-2.17E-04,-2.35E-04,-3.80E-04,-3.87E-04,-2.99E-04,-5.33E-04,-3.62E-04,-5.10E-04,-4.13E-04,-2.97E-04,-1.92E-04,-1.47E-04,-5.80E-04,-5.01E-04,-3.60E-04,-5.20E-04
2300,-3.69E-04,-4.02E-04,-3.74E-04,-2.71E-04,-2.25E-04,-2.48E-04,-3.84E-04,-3.94E-04,-3.06E-04,-5.40E-04,-3.57E-04,-5.07E-04,-4.09E-04,-2.94E-04,-1.99E-04,-1.68E-04,-5.79E-04,-5.02E-04,-3.75E-04,-5.23E-04
2301,-3.74E-04,-4.04E-04,-3.84E-04,-2.69E-04,-2.32E-04,-2.59E-04,-3.87E-04,-3.98E-04,-3.12E-04,-5.46E-04,-3.51E-04,-5.03E-04,-4.04E-04,-2.90E-04,-2.05E-04,-1.86E-04,-5.77E-04,-5.03E-04,-3.88E-04,-5.27E-04
2302,-3.78E-04,-4.04E-04,-3.92E-04,-2.66E-04,-2.38E-04,-2.68E-04,-3.88E-04,-4.02E-04,-3.18E-04,-5.51E-04,-3.45E-04,-4.97E-04,-3.99E-04,-2.86E-04,-2.10E-04,-2.03E-04,-5.73E-04,-5.02E-04,-4.00E-04,-5.32E-04
2303,-3.80E-04,-4.03E-04,-3.98E-04,-2.62E-04,-2.42E-04,-2.74E-04,-3.88E-04,-4.04E-04,-3.22E-04,-5.55E-04,-3.37E-04,-4.90E-04,-3.93E-04,-2.81E-04,-2.15E-04,-2.18E-04,-5.68E-04,-5.00E-04,-4.10E-04,-5.38E-04
2304,-3.81E-04,-4.01E-04,-4.02E-04,-2.58E-04,-2.44E-04,-2.79E-04,-3.87E-04,-4.05E-04,-3.25E-04,-5.57E-04,-3.29E-04,-4.82E-04,-3.85E-04,-2.77E-04,-2.19E-04,-2.32E-04,-5.62E-04,-4.97E-04,-4.19E-04,-5.45E-04
2305,-3.80E-04,-3.98E-04,-4.05E-04,-2.53E-04,-2.46E-04,-2.82E-04,-3.85E-04,-4.04E-04,-3.27E-04,-5.59E-04,-3.20E-04,-4.74E-04,-3.78E-04,-2.72E-04,-2.22E-04,-2.43E-04,-5.55E-04,-4.94E-04,-4.27E-04,-5.53E-04
2306,-3.79E-04,-3.93E-04,-4.07E-04,-2.48E-04,-2.46E-04,-2.83E-04,-3.82E-04,-4.03E-04,-3.29E-04,-5.60E-04,-3.12E-04,-4.64E-04,-3.69E-04,-2.68E-04,-2.26E-04,-2.53E-04,-5.47E-04,-4.90E-04,-4.34E-04,-5.62E-04
2307,-3.76E-04,-3.88E-04,-4.07E-04,-2.43E-04,-2.46E-04,-2.83E-04,-3.78E-04,-4.01E-04,-3.30E-04,-5.61E-04,-3.03E-04,-4.54E-04,-3.61E-04,-2.63E-04,-2.29E-04,-2.61E-04,-5.38E-04,-4.85E-04,-4.41E-04,-5.71E-04
2308,-3.73E-04,-3.82E-04,-4.06E-04,-2.37E-04,-2.45E-04,-2.83E-04,-3.73E-04,-3.98E-04,-3.30E-04,-5.62E-04,-2.94E-04,-4.43E-04,-3.52E-04,-2.59E-04,-2.32E-04,-2.69E-04,-5.28E-04,-4.80E-04,-4.47E-04,-5.81E-04
2309,-3.69E-04,-3.75E-04,-4.04E-04,-2.31E-04,-2.43E-04,-2.82E-04,-3.68E-04,-3.95E-04,-3.31E-04,-5.63E-04,-2.85E-04,-4.32E-04,-3.43E-04,-2.55E-04,-2.35E-04,-2.75E-04,-5.19E-04,-4.76E-04,-4.53E-04,-5.91E-04
2310,-3.65E-04,-3.67E-04,-4.02E-04,-2.26E-04,-2.41E-04,-2.82E-04,-3.63E-04,-3.91E-04,-3.30E-04,-5.65E-04,-2.76E-04,-4.21E-04,-3.35E-04,-2.52E-04,-2.38E-04,-2.81E-04,-5.09E-04,-4.71E-04,-4.60E-04,-6.00E-04
2311,-3.62E-04,-3.59E-04,-3.99E-04,-2.20E-04,-2.39E-04,-2.83E-04,-3.58E-04,-3.87E-04,-3.30E-04,-5.67E-04,-2.68E-04,-4.09E-04,-3.26E-04,-2.48E-04,-2.42E-04,-2.87E-04,-4.99E-04,-4.67E-04,-4.67E-04,-6.09E-04
2312,-3.59E-04,-3.50E-04,-3.96E-04,-2.14E-04,-2.37E-04,-2.84E-04,-3.52E-04,-3.83E-04,-3.31E-04,-5.70E-04,-2.61E-04,-3.98E-04,-3.18E-04,-2.46E-04,-2.45E-04,-2.93E-04,-4.90E-04,-4.63E-04,-4.74E-04,-6.17E-04
2313,-3.56E-04,-3.42E-04,-3.92E-04,-2.09E-04,-2.36E-04,-2.87E-04,-3.47E-04,-3.80E-04,-3.31E-04,-5.74E-04,-2.54E-04,-3.87E-04,-3.11E-04,-2.44E-04,-2.49E-04,-2.99E-04,-4.80E-04,-4.60E-04,-4.81E-04,-6.25E-04
2314,-3.54E-04,-3.33E-04,-3.89E-04,-2.04E-04,-2.35E-04,-2.91E-04,-3.42E-04,-3.76E-04,-3.32E-04,-5.78E-04,-2.47E-04,-3.76E-04,-3.04E-04,-2.42E-04,-2.54E-04,-3.05E-04,-4.72E-04,-4.57E-04,-4.89E-04,-6.32E-04
2315,-3.53E-04,-3.24E-04,-3.86E-04,-2.00E-04,-2.34E-04,-2.97E-04,-3.37E-04,-3.72E-04,-3.32E-04,-5.84E-04,-2.40E-04,-3.66E-04,-2.97E-04,-2.41E-04,-2.59E-04,-3.10E-04,-4.63E-04,-4.55E-04,-4.96E-04,-6.39E-04
2316,-3.53E-04,-3.16E-04,-3.83E-04,-1.96E-04,-2.33E-04,-3.04E-04,-3.32E-04,-3.69E-04,-3.34E-04,-5.89E-04,-2.35E-04,-3.56E-04,-2.91E-04,-2.41E-04,-2.64E-04,-3.17E-04,-4.55E-04,-4.54E-04,-5.04E-04,-6.45E-04
2317,-3.54E-04,-3.07E-04,-3.81E-04,-1.92E-04,-2.33E-04,-3.12E-04,-3.28E-04,-3.65E-04,-3.35E-04,-5.96E-04,-2.29E-04,-3.46E-04,-2.86E-04,-2.41E-04,-2.70E-04,-3.23E-04,-4.47E-04,-4.53E-04,-5.11E-04,-6.50E-04
2318,-3.56E-04,-2.99E-04,-3.78E-04,-1.89E-04,-2.33E-04,-3.21E-04,-3.23E-04,-3.62E-04,-3.36E-04,-6.02E-04,-2.23E-04,-3.37E-04,-2.81E-04,-2.42E-04,-2.77E-04,-3.28E-04,-4.39E-04,-4.52E-04,-5.18E-04,-6.56E-04
2319,-3.59E-04,-2.92E-04,-3.75E-04,-1.85E-04,-2.33E-04,-3.30E-04,-3.19E-04,-3.58E-04,-3.38E-04,-6.09E-04,-2.18E-04,-3.28E-04,-2.76E-04,-2.42E-04,-2.83E-04,-3.34E-04,-4.32E-04,-4.52E-04,-5.24E-04,-6.62E-04
2320,-3.62E-04,-2.84E-04,-3.72E-04,-1.82E-04,-2.33E-04,-3.40E-04,-3.14E-04,-3.55E-04,-3.39E-04,-6.15E-04,-2.13E-04,-3.19E-04,-2.71E-04,-2.43E-04,-2.90E-04,-3.39E-04,-4.24E-04,-4.51E-04,-5.28E-04,-6.68E-04
2321,-3.65E-04,-2.77E-04,-3.69E-04,-1.79E-04,-2.33E-04,-3.49E-04,-3.09E-04,-3.51E-04,-3.39E-04,-6.21E-04,-2.07E-04,-3.10E-04,-2.67E-04,-2.44E-04,-2.97E-04,-3.43E-04,-4.16E-04,-4.50E-04,-5.32E-04,-6.74E-04
2322,-3.67E-04,-2.69E-04,-3.65E-04,-1.76E-04,-2.32E-04,-3.57E-04,-3.03E-04,-3.46E-04,-3.39E-04,-6.26E-04,-2.01E-04,-3.00E-04,-2.62E-04,-2.45E-04,-3.03E-04,-3.47E-04,-4.07E-04,-4.49E-04,-5.34E-04,-6.80E-04
2323,-3.69E-04,-2.62E-04,-3.61E-04,-1.73E-04,-2.31E-04,-3.65E-04,-2.97E-04,-3.40E-04,-3.37E-04,-6.30E-04,-1.94E-04,-2.91E-04,-2.58E-04,-2.45E-04,-3.08E-04,-3.49E-04,-3.98E-04,-4.46E-04,-5.34E-04,-6.86E-04
2324,-3.70E-04,-2.54E-04,-3.55E-04,-1.69E-04,-2.28E-04,-3.71E-04,-2.89E-04,-3.33E-04,-3.34E-04,-6.32E-04,-1.87E-04,-2.80E-04,-2.53E-04,-2.45E-04,-3.13E-04,-3.50E-04,-3.87E-04,-4.43E-04,-5.32E-04,-6.92E-04
2325,-3.70E-04,-2.46E-04,-3.49E-04,-1.64E-04,-2.24E-04,-3.76E-04,-2.81E-04,-3.25E-04,-3.29E-04,-6.33E-04,-1.79E-04,-2.69E-04,-2.47E-04,-2.45E-04,-3.17E-04,-3.50E-04,-3.76E-04,-4.39E-04,-5.29E-04,-6.98E-04
2326,-3.68E-04,-2.37E-04,-3.40E-04,-1.59E-04,-2.18E-04,-3.79E-04,-2.72E-04,-3.15E-04,-3.23E-04,-6.33E-04,-1.71E-04,-2.58E-04,-2.40E-04,-2.43E-04,-3.19E-04,-3.49E-04,-3.63E-04,-4.34E-04,-5.23E-04,-7.03E-04
2327,-3.64E-04,-2.28E-04,-3.31E-04,-1.53E-04,-2.11E-04,-3.81E-04,-2.61E-04,-3.04E-04,-3.15E-04,-6.30E-04,-1.61E-04,-2.45E-04,-2.33E-04,-2.41E-04,-3.19E-04,-3.46E-04,-3.49E-04,-4.27E-04,-5.16E-04,-7.07E-04
2328,-3.58E-04,-2.17E-04,-3.19E-04,-1.45E-04,-2.03E-04,-3.80E-04,-2.48E-04,-2.91E-04,-3.05E-04,-6.26E-04,-1.50E-04,-2.31E-04,-2.24E-04,-2.37E-04,-3.18E-04,-3.43E-04,-3.34E-04,-4.19E-04,-5.07E-04,-7.10E-04
2329,-3.50E-04,-2.05E-04,-3.06E-04,-1.37E-04,-1.92E-04,-3.79E-04,-2.34E-04,-2.76E-04,-2.93E-04,-6.20E-04,-1.38E-04,-2.16E-04,-2.14E-04,-2.32E-04,-3.15E-04,-3.37E-04,-3.17E-04,-4.09E-04,-4.96E-04,-7.10E-04
2330,-3.40E-04,-1.92E-04,-2.91E-04,-1.27E-04,-1.80E-04,-3.75E-04,-2.19E-04,-2.59E-04,-2.78E-04,-6.11E-04,-1.25E-04,-1.99E-04,-2.03E-04,-2.26E-04,-3.10E-04,-3.31E-04,-2.98E-04,-3.97E-04,-4.84E-04,-7.09E-04
2331,-3.27E-04,-1.78E-04,-2.74E-04,-1.16E-04,-1.66E-04,-3.70E-04,-2.02E-04,-2.40E-04,-2.62E-04,-6.01E-04,-1.11E-04,-1.81E-04,-1.91E-04,-2.19E-04,-3.03E-04,-3.23E-04,-2.79E-04,-3.85E-04,-4.70E-04,-7.06E-04
2332,-3.12E-04,-1.62E-04,-2.56E-04,-1.04E-04,-1.50E-04,-3.64E-04,-1.83E-04,-2.19E-04,-2.44E-04,-5.89E-04,-9.52E-05,-1.62E-04,-1.77E-04,-2.10E-04,-2.94E-04,-3.14E-04,-2.57E-04,-3.70E-04,-4.55E-04,-7.01E-04
2333,-2.94E-04,-1.45E-04,-2.36E-04,-9.04E-05,-1.32E-04,-3.57E-04,-1.63E-04,-1.96E-04,-2.25E-04,-5.75E-04,-7.84E-05,-1.41E-04,-1.61E-04,-2.00E-04,-2.82E-04,-3.04E-04,-2.34E-04,-3.54E-04,-4.39E-04,-6.93E-04
2334,-2.75E-04,-1.26E-04,-2.14E-04,-7.56E-05,-1.13E-04,-3.49E-04,-1.41E-04,-1.71E-04,-2.04E-04,-5.60E-04,-6.04E-05,-1.19E-04,-1.45E-04,-1.88E-04,-2.69E-04,-2.93E-04,-2.10E-04,-3.37E-04,-4.22E-04,-6.83E-04
2335,-2.54E-04,-1.06E-04,-1.91E-04,-5.95E-05,-9.27E-05,-3.40E-04,-1.18E-04,-1.46E-04,-1.82E-04,-5.43E-04,-4.12E-05,-9.48E-05,-1.27E-04,-1.75E-04,-2.55E-04,-2.81E-04,-1.84E-04,-3.19E-04,-4.04E-04,-6.71E-04
2336,-2.31E-04,-8.45E-05,-1.67E-04,-4.23E-05,-7.14E-05,-3.30E-04,-9.41E-05,-1.18E-04,-1.59E-04,-5.25E-04,-2.09E-05,-6.97E-05,-1.08E-04,-1.61E-04,-2.38E-04,-2.67E-04,-1.58E-04,-2.99E-04,-3.85E-04,-6.57E-04
2337,-2.06E-04,-6.22E-05,-1.42E-04,-2.40E-05,-4.92E-05,-3.20E-04,-6.87E-05,-9.02E-05,-1.36E-04,-5.06E-04,5.46E-07,-4.35E-05,-8.71E-05,-1.46E-04,-2.21E-04,-2.53E-04,-1.30E-04,-2.79E-04,-3.65E-04,-6.42E-04
2338,-1.80E-04,-3.89E-05,-1.16E-04,-4.75E-06,-2.64E-05,-3.09E-04,-4.24E-05,-6.14E-05,-1.12E-04,-4.87E-04,2.30E-05,-1.62E-05,-6.56E-05,-1.29E-04,-2.02E-04,-2.38E-04,-1.01E-04,-2.58E-04,-3.44E-04,-6.25E-04
2339,-1.54E-04,-1.50E-05,-8.98E-05,1.53E-05,-3.32E-06,-2.98E-04,-1.53E-05,-3.21E-05,-8.83E-05,-4.67E-04,4.63E-05,1.19E-05,-4.32E-05,-1.11E-04,-1.82E-04,-2.22E-04,-7.13E-05,-2.35E-04,-3.23E-04,-6.07E-04
2340,-1.26E-04,9.51E-06,-6.30E-05,3.61E-05,1.99E-05,-2.86E-04,1.23E-05,-2.66E-06,-6.48E-05,-4.46E-04,7.04E-05,4.07E-05,-1.99E-05,-9.25E-05,-1.62E-04,-2.06E-04,-4.10E-05,-2.12E-04,-3.01E-04,-5.90E-04
2341,-9.79E-05,3.43E-05,-3.61E-05,5.75E-05,4.29E-05,-2.74E-04,4.02E-05,2.66E-05,-4.19E-05,-4.26E-04,9.52E-05,7.00E-05,3.93E-06,-7.30E-05,-1.42E-04,-1.89E-04,-1.01E-05,-1.89E-04,-2.79E-04,-5.72E-04
2342,-6.93E-05,5.92E-05,-9.17E-06,7.92E-05,6.56E-05,-2.61E-04,6.82E-05,5.54E-05,-1.95E-05,-4.06E-04,1.21E-04,9.97E-05,2.83E-05,-5.27E-05,-1.21E-04,-1.71E-04,2.13E-05,-1.65E-04,-2.57E-04,-5.54E-04
2343,-4.04E-05,8.40E-05,1.75E-05,1.01E-04,8.77E-05,-2.49E-04,9.61E-05,8.35E-05,1.98E-06,-3.87E-04,1.46E-04,1.29E-04,5.30E-05,-3.18E-05,-1.00E-04,-1.54E-04,5.28E-05,-1.41E-04,-2.34E-04,-5.37E-04
2344,-1.15E-05,1.09E-04,4.38E-05,1.23E-04,1.09E-04,-2.36E-04,1.24E-04,1.11E-04,2.26E-05,-3.69E-04,1.72E-04,1.59E-04,7.80E-05,-1.04E-05,-7.99E-05,-1.37E-04,8.45E-05,-1.17E-04,-2.12E-04,-5.22E-04
2345,1.74E-05,1.33E-04,6.95E-05,1.46E-04,1.29E-04,-2.23E-04,1.51E-04,1.37E-04,4.22E-05,-3.51E-04,1.98E-04,1.88E-04,1.03E-04,1.13E-05,-6.00E-05,-1.21E-04,1.16E-04,-9.25E-05,-1.90E-04,-5.07E-04
2346,4.59E-05,1.57E-04,9.44E-05,1.68E-04,1.49E-04,-2.09E-04,1.77E-04,1.62E-04,6.07E-05,-3.35E-04,2.24E-04,2.17E-04,1.28E-04,3.32E-05,-4.06E-05,-1.05E-04,1.47E-04,-6.82E-05,-1.68E-04,-4.94E-04
2347,7.40E-05,1.80E-04,1.18E-04,1.89E-04,1.67E-04,-1.96E-04,2.02E-04,1.85E-04,7.82E-05,-3.21E-04,2.50E-04,2.45E-04,1.52E-04,5.52E-05,-2.19E-05,-9.05E-05,1.78E-04,-4.41E-05,-1.47E-04,-4.82E-04
2348,1.01E-04,2.03E-04,1.41E-04,2.10E-04,1.84E-04,-1.83E-04,2.26E-04,2.07E-04,9.46E-05,-3.07E-04,2.76E-04,2.72E-04,1.77E-04,7.69E-05,-3.91E-06,-7.73E-05,2.09E-04,-2.04E-05,-1.26E-04,-4.72E-04
2349,1.28E-04,2.25E-04,1.63E-04,2.30E-04,1.99E-04,-1.70E-04,2.49E-04,2.27E-04,1.10E-04,-2.95E-04,3.00E-04,2.98E-04,2.01E-04,9.84E-05,1.32E-05,-6.56E-05,2.39E-04,2.82E-06,-1.07E-04,-4.63E-04
2350,1.53E-04,2.46E-04,1.83E-04,2.50E-04,2.13E-04,-1.57E-04,2.70E-04,2.46E-04,1.24E-04,-2.85E-04,3.24E-04,3.23E-04,2.24E-04,1.19E-04,2.93E-05,-5.57E-05,2.68E-04,2.54E-05,-8.85E-05,-4.56E-04
2351,1.77E-04,2.67E-04,2.02E-04,2.68E-04,2.26E-04,-1.45E-04,2.90E-04,2.63E-04,1.37E-04,-2.76E-04,3.47E-04,3.46E-04,2.46E-04,1.40E-04,4.45E-05,-4.77E-05,2.95E-04,4.73E-05,-7.16E-05,-4.50E-04
2352,1.99E-04,2.87E-04,2.19E-04,2.86E-04,2.37E-04,-1.34E-04,3.08E-04,2.79E-04,1.50E-04,-2.69E-04,3.69E-04,3.69E-04,2.68E-04,1.59E-04,5.86E-05,-4.16E-05,3.22E-04,6.83E-05,-5.62E-05,-4.45E-04
2353,2.20E-04,3.06E-04,2.35E-04,3.02E-04,2.46E-04,-1.24E-04,3.25E-04,2.93E-04,1.61E-04,-2.63E-04,3.89E-04,3.89E-04,2.88E-04,1.77E-04,7.16E-05,-3.76E-05,3.48E-04,8.83E-05,-4.23E-05,-4.41E-04
2354,2.38E-04,3.24E-04,2.49E-04,3.16E-04,2.54E-04,-1.14E-04,3.40E-04,3.05E-04,1.71E-04,-2.59E-04,4.08E-04,4.09E-04,3.08E-04,1.95E-04,8.34E-05,-3.55E-05,3.72E-04,1.07E-04,-3.01E-05,-4.37E-04
2355,2.55E-04,3.41E-04,2.60E-04,3.29E-04,2.60E-04,-1.06E-04,3.53E-04,3.16E-04,1.80E-04,-2.55E-04,4.26E-04,4.26E-04,3.26E-04,2.11E-04,9.40E-05,-3.52E-05,3.95E-04,1.25E-04,-1.95E-05,-4.35E-04
2356,2.69E-04,3.58E-04,2.71E-04,3.41E-04,2.65E-04,-9.91E-05,3.64E-04,3.26E-04,1.88E-04,-2.53E-04,4.42E-04,4.42E-04,3.44E-04,2.26E-04,1.03E-04,-3.67E-05,4.17E-04,1.42E-04,-1.05E-05,-4.33E-04
2357,2.80E-04,3.73E-04,2.79E-04,3.50E-04,2.68E-04,-9.33E-05,3.74E-04,3.34E-04,1.95E-04,-2.52E-04,4.56E-04,4.57E-04,3.60E-04,2.39E-04,1.11E-04,-3.97E-05,4.37E-04,1.57E-04,-3.07E-06,-4.32E-04
2358,2.89E-04,3.87E-04,2.85E-04,3.58E-04,2.69E-04,-8.86E-05,3.82E-04,3.41E-04,2.00E-04,-2.51E-04,4.68E-04,4.69E-04,3.74E-04,2.51E-04,1.18E-04,-4.40E-05,4.55E-04,1.72E-04,2.94E-06,-4.32E-04
2359,2.95E-04,4.00E-04,2.90E-04,3.65E-04,2.69E-04,-8.52E-05,3.89E-04,3.46E-04,2.04E-04,-2.51E-04,4.79E-04,4.80E-04,3.87E-04,2.61E-04,1.24E-04,-4.93E-05,4.72E-04,1.85E-04,7.64E-06,-4.32E-04
2360,2.99E-04,4.12E-04,2.94E-04,3.69E-04,2.68E-04,-8.29E-05,3.95E-04,3.50E-04,2.07E-04,-2.52E-04,4.88E-04,4.90E-04,3.99E-04,2.70E-04,1.28E-04,-5.54E-05,4.88E-04,1.97E-04,1.12E-05,-4.32E-04
2361,3.01E-04,4.22E-04,2.95E-04,3.72E-04,2.64E-04,-8.16E-05,3.99E-04,3.52E-04,2.09E-04,-2.54E-04,4.95E-04,4.98E-04,4.10E-04,2.78E-04,1.32E-04,-6.21E-05,5.02E-04,2.08E-04,1.37E-05,-4.32E-04
2362,3.00E-04,4.31E-04,2.96E-04,3.74E-04,2.60E-04,-8.13E-05,4.01E-04,3.53E-04,2.10E-04,-2.56E-04,5.01E-04,5.04E-04,4.18E-04,2.84E-04,1.34E-04,-6.92E-05,5.15E-04,2.17E-04,1.54E-05,-4.33E-04
2363,2.98E-04,4.38E-04,2.95E-04,3.74E-04,2.54E-04,-8.19E-05,4.03E-04,3.52E-04,2.08E-04,-2.59E-04,5.05E-04,5.08E-04,4.26E-04,2.89E-04,1.35E-04,-7.64E-05,5.26E-04,2.26E-04,1.63E-05,-4.34E-04
2364,2.93E-04,4.44E-04,2.93E-04,3.72E-04,2.47E-04,-8.31E-05,4.03E-04,3.50E-04,2.06E-04,-2.62E-04,5.08E-04,5.12E-04,4.32E-04,2.93E-04,1.35E-04,-8.37E-05,5.36E-04,2.34E-04,1.65E-05,-4.34E-04
2365,2.87E-04,4.48E-04,2.89E-04,3.70E-04,2.39E-04,-8.49E-05,4.02E-04,3.47E-04,2.02E-04,-2.65E-04,5.10E-04,5.13E-04,4.36E-04,2.96E-04,1.34E-04,-9.09E-05,5.45E-04,2.41E-04,1.63E-05,-4.35E-04
2366,2.80E-04,4.50E-04,2.85E-04,3.66E-04,2.29E-04,-8.70E-05,4.00E-04,3.41E-04,1.97E-04,-2.69E-04,5.10E-04,5.13E-04,4.39E-04,2.98E-04,1.33E-04,-9.80E-05,5.52E-04,2.47E-04,1.55E-05,-4.35E-04
2367,2.72E-04,4.50E-04,2.80E-04,3.62E-04,2.19E-04,-8.95E-05,3.97E-04,3.35E-04,1.91E-04,-2.74E-04,5.10E-04,5.11E-04,4.41E-04,2.99E-04,1.31E-04,-1.05E-04,5.57E-04,2.52E-04,1.43E-05,-4.36E-04
2368,2.63E-04,4.48E-04,2.74E-04,3.57E-04,2.08E-04,-9.21E-05,3.92E-04,3.26E-04,1.84E-04,-2.79E-04,5.09E-04,5.08E-04,4.42E-04,3.00E-04,1.28E-04,-1.12E-04,5.62E-04,2.57E-04,1.26E-05,-4.35E-04
2369,2.54E-04,4.45E-04,2.67E-04,3.51E-04,1.96E-04,-9.48E-05,3.87E-04,3.17E-04,1.76E-04,-2.84E-04,5.07E-04,5.04E-04,4.42E-04,3.00E-04,1.26E-04,-1.18E-04,5.64E-04,2.60E-04,1.04E-05,-4.35E-04
2370,2.45E-04,4.39E-04,2.59E-04,3.45E-04,1.83E-04,-9.74E-05,3.81E-04,3.06E-04,1.67E-04,-2.89E-04,5.04E-04,4.98E-04,4.40E-04,2.99E-04,1.23E-04,-1.25E-04,5.65E-04,2.63E-04,7.62E-06,-4.34E-04
2371,2.35E-04,4.32E-04,2.50E-04,3.39E-04,1.70E-04,-9.99E-05,3.73E-04,2.94E-04,1.57E-04,-2.95E-04,5.02E-04,4.91E-04,4.38E-04,2.98E-04,1.20E-04,-1.32E-04,5.65E-04,2.64E-04,4.26E-06,-4.32E-04
2372,2.26E-04,4.24E-04,2.40E-04,3.33E-04,1.57E-04,-1.02E-04,3.65E-04,2.81E-04,1.47E-04,-3.01E-04,4.99E-04,4.83E-04,4.34E-04,2.96E-04,1.17E-04,-1.38E-04,5.64E-04,2.65E-04,2.28E-07,-4.30E-04
2373,2.17E-04,4.14E-04,2.30E-04,3.27E-04,1.43E-04,-1.04E-04,3.55E-04,2.67E-04,1.36E-04,-3.07E-04,4.95E-04,4.74E-04,4.30E-04,2.95E-04,1.14E-04,-1.45E-04,5.60E-04,2.65E-04,-4.53E-06,-4.28E-04
2374,2.09E-04,4.03E-04,2.19E-04,3.21E-04,1.29E-04,-1.06E-04,3.45E-04,2.52E-04,1.26E-04,-3.13E-04,4.92E-04,4.64E-04,4.26E-04,2.93E-04,1.11E-04,-1.52E-04,5.56E-04,2.64E-04,-1.00E-05,-4.25E-04
2375,2.01E-04,3.91E-04,2.07E-04,3.15E-04,1.15E-04,-1.08E-04,3.33E-04,2.37E-04,1.15E-04,-3.18E-04,4.88E-04,4.53E-04,4.21E-04,2.90E-04,1.09E-04,-1.59E-04,5.50E-04,2.62E-04,-1.63E-05,-4.22E-04
2376,1.93E-04,3.78E-04,1.94E-04,3.10E-04,1.02E-04,-1.09E-04,3.21E-04,2.21E-04,1.04E-04,-3.23E-04,4.84E-04,4.42E-04,4.16E-04,2.88E-04,1.06E-04,-1.66E-04,5.43E-04,2.59E-04,-2.34E-05,-4.18E-04
2377,1.85E-04,3.64E-04,1.80E-04,3.04E-04,8.83E-05,-1.10E-04,3.08E-04,2.05E-04,9.40E-05,-3.28E-04,4.80E-04,4.30E-04,4.10E-04,2.85E-04,1.04E-04,-1.73E-04,5.35E-04,2.55E-04,-3.11E-05,-4.15E-04
2378,1.78E-04,3.50E-04,1.66E-04,2.99E-04,7.52E-05,-1.11E-04,2.95E-04,1.89E-04,8.40E-05,-3.33E-04,4.75E-04,4.18E-04,4.04E-04,2.81E-04,1.02E-04,-1.81E-04,5.27E-04,2.50E-04,-3.95E-05,-4.11E-04
2379,1.71E-04,3.36E-04,1.51E-04,2.93E-04,6.26E-05,-1.11E-04,2.81E-04,1.73E-04,7.44E-05,-3.36E-04,4.71E-04,4.06E-04,3.99E-04,2.78E-04,1.00E-04,-1.87E-04,5.17E-04,2.45E-04,-4.85E-05,-4.08E-04
2380,1.64E-04,3.21E-04,1.36E-04,2.88E-04,5.05E-05,-1.12E-04,2.66E-04,1.58E-04,6.52E-05,-3.39E-04,4.67E-04,3.94E-04,3.93E-04,2.74E-04,9.88E-05,-1.94E-04,5.07E-04,2.39E-04,-5.78E-05,-4.04E-04
2381,1.57E-04,3.07E-04,1.20E-04,2.83E-04,3.90E-05,-1.12E-04,2.52E-04,1.42E-04,5.64E-05,-3.41E-04,4.62E-04,3.83E-04,3.87E-04,2.70E-04,9.75E-05,-2.00E-04,4.96E-04,2.33E-04,-6.74E-05,-4.00E-04
2382,1.50E-04,2.92E-04,1.04E-04,2.77E-04,2.81E-05,-1.12E-04,2.37E-04,1.27E-04,4.79E-05,-3.43E-04,4.57E-04,3.71E-04,3.82E-04,2.66E-04,9.63E-05,-2.06E-04,4.86E-04,2.26E-04,-7.70E-05,-3.97E-04
2383,1.43E-04,2.79E-04,8.80E-05,2.72E-04,1.78E-05,-1.12E-04,2.22E-04,1.12E-04,3.99E-05,-3.44E-04,4.52E-04,3.60E-04,3.76E-04,2.61E-04,9.54E-05,-2.12E-04,4.75E-04,2.18E-04,-8.65E-05,-3.94E-04
2384,1.36E-04,2.65E-04,7.22E-05,2.66E-04,8.18E-06,-1.12E-04,2.08E-04,9.81E-05,3.21E-05,-3.44E-04,4.46E-04,3.50E-04,3.71E-04,2.56E-04,9.46E-05,-2.16E-04,4.65E-04,2.11E-04,-9.57E-05,-3.90E-04
2385,1.29E-04,2.52E-04,5.67E-05,2.60E-04,-8.15E-07,-1.12E-04,1.94E-04,8.42E-05,2.45E-05,-3.44E-04,4.40E-04,3.40E-04,3.66E-04,2.51E-04,9.40E-05,-2.21E-04,4.54E-04,2.04E-04,-1.04E-04,-3.86E-04
2386,1.22E-04,2.40E-04,4.15E-05,2.53E-04,-9.19E-06,-1.12E-04,1.80E-04,7.07E-05,1.69E-05,-3.43E-04,4.34E-04,3.31E-04,3.61E-04,2.46E-04,9.36E-05,-2.24E-04,4.45E-04,1.97E-04,-1.13E-04,-3.83E-04
2387,1.14E-04,2.29E-04,2.70E-05,2.46E-04,-1.70E-05,-1.12E-04,1.67E-04,5.75E-05,9.40E-06,-3.42E-04,4.28E-04,3.23E-04,3.57E-04,2.41E-04,9.33E-05,-2.27E-04,4.35E-04,1.90E-04,-1.20E-04,-3.78E-04
2388,1.07E-04,2.19E-04,1.30E-05,2.39E-04,-2.43E-05,-1.12E-04,1.55E-04,4.46E-05,1.74E-06,-3.40E-04,4.22E-04,3.15E-04,3.52E-04,2.35E-04,9.32E-05,-2.30E-04,4.26E-04,1.83E-04,-1.27E-04,-3.74E-04
2389,9.90E-05,2.09E-04,-2.94E-07,2.32E-04,-3.11E-05,-1.13E-04,1.43E-04,3.19E-05,-6.13E-06,-3.39E-04,4.15E-04,3.08E-04,3.48E-04,2.29E-04,9.32E-05,-2.32E-04,4.18E-04,1.77E-04,-1.32E-04,-3.68E-04
2390,9.09E-05,2.00E-04,-1.29E-05,2.24E-04,-3.76E-05,-1.13E-04,1.32E-04,1.93E-05,-1.43E-05,-3.37E-04,4.08E-04,3.01E-04,3.43E-04,2.23E-04,9.33E-05,-2.34E-04,4.10E-04,1.71E-04,-1.37E-04,-3.62E-04
2391,8.27E-05,1.92E-04,-2.48E-05,2.16E-04,-4.38E-05,-1.14E-04,1.21E-04,6.83E-06,-2.28E-05,-3.36E-04,4.01E-04,2.94E-04,3.39E-04,2.17E-04,9.33E-05,-2.36E-04,4.02E-04,1.65E-04,-1.41E-04,-3.56E-04
2392,7.41E-05,1.84E-04,-3.60E-05,2.07E-04,-4.98E-05,-1.16E-04,1.11E-04,-5.66E-06,-3.18E-05,-3.35E-04,3.93E-04,2.88E-04,3.34E-04,2.10E-04,9.34E-05,-2.38E-04,3.95E-04,1.59E-04,-1.44E-04,-3.49E-04
2393,6.52E-05,1.77E-04,-4.67E-05,1.98E-04,-5.58E-05,-1.18E-04,1.01E-04,-1.82E-05,-4.12E-05,-3.34E-04,3.85E-04,2.82E-04,3.29E-04,2.03E-04,9.32E-05,-2.40E-04,3.87E-04,1.53E-04,-1.47E-04,-3.41E-04
2394,5.59E-05,1.71E-04,-5.69E-05,1.88E-04,-6.17E-05,-1.21E-04,9.13E-05,-3.09E-05,-5.10E-05,-3.34E-04,3.77E-04,2.75E-04,3.24E-04,1.95E-04,9.29E-05,-2.43E-04,3.80E-04,1.47E-04,-1.49E-04,-3.32E-04
2395,4.62E-05,1.65E-04,-6.68E-05,1.79E-04,-6.78E-05,-1.24E-04,8.20E-05,-4.37E-05,-6.12E-05,-3.34E-04,3.69E-04,2.69E-04,3.19E-04,1.88E-04,9.22E-05,-2.47E-04,3.73E-04,1.42E-04,-1.50E-04,-3.24E-04
2396,3.60E-05,1.58E-04,-7.65E-05,1.68E-04,-7.41E-05,-1.28E-04,7.28E-05,-5.66E-05,-7.18E-05,-3.35E-04,3.60E-04,2.62E-04,3.13E-04,1.79E-04,9.11E-05,-2.51E-04,3.66E-04,1.36E-04,-1.52E-04,-3.15E-04
2397,2.52E-05,1.52E-04,-8.62E-05,1.58E-04,-8.07E-05,-1.33E-04,6.36E-05,-6.98E-05,-8.28E-05,-3.37E-04,3.51E-04,2.56E-04,3.07E-04,1.71E-04,8.94E-05,-2.55E-04,3.58E-04,1.30E-04,-1.53E-04,-3.06E-04
2398,1.39E-05,1.46E-04,-9.59E-05,1.47E-04,-8.76E-05,-1.39E-04,5.42E-05,-8.30E-05,-9.39E-05,-3.39E-04,3.42E-04,2.48E-04,3.00E-04,1.61E-04,8.71E-05,-2.61E-04,3.50E-04,1.23E-04,-1.54E-04,-2.98E-04
2399,2.07E-06,1.39E-04,-1.06E-04,1.36E-04,-9.50E-05,-1.46E-04,4.47E-05,-9.64E-05,-1.05E-04,-3.41E-04,3.32E-04,2.41E-04,2.93E-04,1.51E-04,8.41E-05,-2.68E-04,3.41E-04,1.16E-04,-1.55E-04,-2.90E-04
2400,-1.03E-05,1.33E-04,-1.16E-04,1.24E-04,-1.03E-04,-1.53E-04,3.49E-05,-1.10E-04,-1.17E-04,-3.45E-04,3.22E-04,2.33E-04,2.86E-04,1.40E-04,8.04E-05,-2.75E-04,3.33E-04,1.09E-04,-1.57E-04,-2.83E-04
2401,-2.32E-05,1.25E-04,-1.26E-04,1.13E-04,-1.11E-04,-1.62E-04,2.48E-05,-1.23E-04,-1.28E-04,-3.48E-04,3.12E-04,2.25E-04,2.78E-04,1.29E-04,7.59E-05,-2.83E-04,3.23E-04,1.01E-04,-1.59E-04,-2.77E-04
2402,-3.66E-05,1.17E-04,-1.37E-04,1.00E-04,-1.20E-04,-1.71E-04,1.44E-05,-1.37E-04,-1.39E-04,-3.52E-04,3.01E-04,2.17E-04,2.71E-04,1.17E-04,7.06E-05,-2.92E-04,3.14E-04,9.23E-05,-1.61E-04,-2.72E-04
2403,-5.02E-05,1.09E-04,-1.49E-04,8.82E-05,-1.29E-04,-1.82E-04,3.64E-06,-1.50E-04,-1.50E-04,-3.56E-04,2.91E-04,2.09E-04,2.62E-04,1.05E-04,6.46E-05,-3.02E-04,3.04E-04,8.37E-05,-1.64E-04,-2.68E-04
2404,-6.41E-05,9.98E-05,-1.60E-04,7.58E-05,-1.39E-04,-1.93E-04,-7.38E-06,-1.63E-04,-1.60E-04,-3.60E-04,2.80E-04,2.01E-04,2.54E-04,9.22E-05,5.80E-05,-3.11E-04,2.93E-04,7.47E-05,-1.67E-04,-2.65E-04
2405,-7.80E-05,9.02E-05,-1.72E-04,6.32E-05,-1.48E-04,-2.04E-04,-1.86E-05,-1.76E-04,-1.70E-04,-3.64E-04,2.69E-04,1.92E-04,2.46E-04,7.91E-05,5.08E-05,-3.22E-04,2.83E-04,6.56E-05,-1.70E-04,-2.63E-04
2406,-9.19E-05,8.01E-05,-1.84E-04,5.07E-05,-1.58E-04,-2.16E-04,-2.99E-05,-1.88E-04,-1.79E-04,-3.67E-04,2.57E-04,1.84E-04,2.38E-04,6.59E-05,4.33E-05,-3.32E-04,2.72E-04,5.64E-05,-1.74E-04,-2.62E-04
2407,-1.05E-04,6.95E-05,-1.96E-04,3.83E-05,-1.69E-04,-2.28E-04,-4.13E-05,-2.00E-04,-1.88E-04,-3.70E-04,2.46E-04,1.76E-04,2.29E-04,5.27E-05,3.55E-05,-3.42E-04,2.62E-04,4.73E-05,-1.78E-04,-2.61E-04
2408,-1.19E-04,5.86E-05,-2.08E-04,2.61E-05,-1.79E-04,-2.40E-04,-5.25E-05,-2.11E-04,-1.96E-04,-3.73E-04,2.35E-04,1.68E-04,2.21E-04,3.97E-05,2.77E-05,-3.52E-04,2.51E-04,3.84E-05,-1.81E-04,-2.60E-04
2409,-1.31E-04,4.75E-05,-2.19E-04,1.43E-05,-1.89E-04,-2.52E-04,-6.35E-05,-2.22E-04,-2.04E-04,-3.75E-04,2.25E-04,1.60E-04,2.14E-04,2.70E-05,2.01E-05,-3.61E-04,2.41E-04,3.00E-05,-1.85E-04,-2.59E-04
2410,-1.43E-04,3.63E-05,-2.30E-04,2.97E-06,-1.98E-04,-2.63E-04,-7.40E-05,-2.32E-04,-2.10E-04,-3.76E-04,2.14E-04,1.53E-04,2.06E-04,1.48E-05,1.27E-05,-3.70E-04,2.31E-04,2.20E-05,-1.88E-04,-2.58E-04
2411,-1.54E-04,2.53E-05,-2.40E-04,-7.73E-06,-2.07E-04,-2.74E-04,-8.40E-05,-2.41E-04,-2.16E-04,-3.77E-04,2.04E-04,1.46E-04,1.99E-04,3.27E-06,5.88E-06,-3.78E-04,2.21E-04,1.46E-05,-1.90E-04,-2.56E-04
2412,-1.63E-04,1.45E-05,-2.50E-04,-1.77E-05,-2.16E-04,-2.83E-04,-9.33E-05,-2.49E-04,-2.22E-04,-3.76E-04,1.94E-04,1.40E-04,1.93E-04,-7.45E-06,-2.57E-07,-3.85E-04,2.11E-04,8.00E-06,-1.92E-04,-2.53E-04
2413,-1.72E-04,4.16E-06,-2.58E-04,-2.67E-05,-2.23E-04,-2.91E-04,-1.02E-04,-2.56E-04,-2.26E-04,-3.74E-04,1.85E-04,1.35E-04,1.87E-04,-1.72E-05,-5.56E-06,-3.91E-04,2.03E-04,2.24E-06,-1.93E-04,-2.49E-04
2414,-1.79E-04,-5.55E-06,-2.65E-04,-3.47E-05,-2.30E-04,-2.98E-04,-1.09E-04,-2.62E-04,-2.30E-04,-3.71E-04,1.76E-04,1.30E-04,1.82E-04,-2.59E-05,-9.90E-06,-3.95E-04,1.94E-04,-2.59E-06,-1.93E-04,-2.43E-04
2415,-1.85E-04,-1.44E-05,-2.71E-04,-4.15E-05,-2.36E-04,-3.03E-04,-1.16E-04,-2.67E-04,-2.33E-04,-3.66E-04,1.68E-04,1.26E-04,1.78E-04,-3.34E-05,-1.32E-05,-3.99E-04,1.87E-04,-6.42E-06,-1.92E-04,-2.37E-04
2416,-1.90E-04,-2.24E-05,-2.75E-04,-4.71E-05,-2.40E-04,-3.07E-04,-1.21E-04,-2.70E-04,-2.35E-04,-3.61E-04,1.61E-04,1.22E-04,1.75E-04,-3.97E-05,-1.53E-05,-4.01E-04,1.80E-04,-9.19E-06,-1.90E-04,-2.29E-04
2417,-1.93E-04,-2.91E-05,-2.78E-04,-5.14E-05,-2.44E-04,-3.09E-04,-1.25E-04,-2.72E-04,-2.36E-04,-3.54E-04,1.54E-04,1.19E-04,1.72E-04,-4.46E-05,-1.62E-05,-4.02E-04,1.74E-04,-1.09E-05,-1.87E-04,-2.19E-04
2418,-1.95E-04,-3.46E-05,-2.80E-04,-5.44E-05,-2.46E-04,-3.09E-04,-1.28E-04,-2.72E-04,-2.36E-04,-3.46E-04,1.49E-04,1.18E-04,1.71E-04,-4.83E-05,-1.60E-05,-4.01E-04,1.69E-04,-1.14E-05,-1.82E-04,-2.09E-04
2419,-1.96E-04,-3.87E-05,-2.80E-04,-5.59E-05,-2.46E-04,-3.08E-04,-1.29E-04,-2.71E-04,-2.35E-04,-3.37E-04,1.44E-04,1.17E-04,1.71E-04,-5.07E-05,-1.45E-05,-4.00E-04,1.65E-04,-1.07E-05,-1.77E-04,-1.99E-04
2420,-1.95E-04,-4.13E-05,-2.78E-04,-5.61E-05,-2.46E-04,-3.06E-04,-1.29E-04,-2.69E-04,-2.33E-04,-3.27E-04,1.41E-04,1.17E-04,1.72E-04,-5.17E-05,-1.19E-05,-3.97E-04,1.62E-04,-8.80E-06,-1.70E-04,-1.87E-04
2421,-1.93E-04,-4.22E-05,-2.74E-04,-5.49E-05,-2.43E-04,-3.02E-04,-1.27E-04,-2.65E-04,-2.30E-04,-3.17E-04,1.38E-04,1.19E-04,1.74E-04,-5.16E-05,-8.05E-06,-3.93E-04,1.60E-04,-5.65E-06,-1.62E-04,-1.76E-04
2422,-1.89E-04,-4.14E-05,-2.69E-04,-5.25E-05,-2.40E-04,-2.97E-04,-1.24E-04,-2.59E-04,-2.26E-04,-3.05E-04,1.37E-04,1.21E-04,1.77E-04,-5.02E-05,-3.13E-06,-3.88E-04,1.60E-04,-1.23E-06,-1.54E-04,-1.64E-04
2423,-1.84E-04,-3.89E-05,-2.63E-04,-4.87E-05,-2.35E-04,-2.92E-04,-1.20E-04,-2.51E-04,-2.21E-04,-2.93E-04,1.37E-04,1.25E-04,1.82E-04,-4.77E-05,2.85E-06,-3.83E-04,1.61E-04,4.49E-06,-1.44E-04,-1.53E-04
2424,-1.78E-04,-3.45E-05,-2.54E-04,-4.39E-05,-2.29E-04,-2.85E-04,-1.14E-04,-2.42E-04,-2.14E-04,-2.81E-04,1.38E-04,1.30E-04,1.87E-04,-4.41E-05,9.84E-06,-3.77E-04,1.63E-04,1.16E-05,-1.34E-04,-1.41E-04
2425,-1.71E-04,-2.84E-05,-2.45E-04,-3.80E-05,-2.22E-04,-2.78E-04,-1.06E-04,-2.31E-04,-2.07E-04,-2.69E-04,1.40E-04,1.36E-04,1.94E-04,-3.95E-05,1.78E-05,-3.71E-04,1.67E-04,2.00E-05,-1.24E-04,-1.30E-04
2426,-1.63E-04,-2.04E-05,-2.33E-04,-3.12E-05,-2.13E-04,-2.71E-04,-9.72E-05,-2.19E-04,-1.98E-04,-2.56E-04,1.43E-04,1.44E-04,2.02E-04,-3.41E-05,2.67E-05,-3.64E-04,1.73E-04,2.97E-05,-1.12E-04,-1.20E-04
2427,-1.53E-04,-1.06E-05,-2.21E-04,-2.36E-05,-2.04E-04,-2.63E-04,-8.68E-05,-2.05E-04,-1.88E-04,-2.43E-04,1.48E-04,1.53E-04,2.11E-04,-2.78E-05,3.64E-05,-3.58E-04,1.81E-04,4.08E-05,-1.01E-04,-1.09E-04
2428,-1.42E-04,9.46E-07,-2.07E-04,-1.54E-05,-1.94E-04,-2.55E-04,-7.50E-05,-1.90E-04,-1.77E-04,-2.30E-04,1.53E-04,1.63E-04,2.21E-04,-2.07E-05,4.70E-05,-3.51E-04,1.90E-04,5.32E-05,-8.89E-05,-9.79E-05
2429,-1.30E-04,1.41E-05,-1.93E-04,-6.66E-06,-1.83E-04,-2.46E-04,-6.20E-05,-1.73E-04,-1.66E-04,-2.17E-04,1.60E-04,1.75E-04,2.32E-04,-1.30E-05,5.83E-05,-3.45E-04,2.00E-04,6.69E-05,-7.69E-05,-8.68E-05
2430,-1.17E-04,2.88E-05,-1.77E-04,2.40E-06,-1.71E-04,-2.38E-04,-4.77E-05,-1.55E-04,-1.53E-04,-2.04E-04,1.67E-04,1.87E-04,2.43E-04,-4.78E-06,7.02E-05,-3.39E-04,2.12E-04,8.17E-05,-6.48E-05,-7.53E-05
2431,-1.04E-04,4.49E-05,-1.61E-04,1.17E-05,-1.59E-04,-2.29E-04,-3.24E-05,-1.37E-04,-1.40E-04,-1.92E-04,1.76E-04,2.01E-04,2.55E-04,3.98E-06,8.28E-05,-3.34E-04,2.25E-04,9.75E-05,-5.28E-05,-6.32E-05
2432,-8.93E-05,6.23E-05,-1.44E-04,2.10E-05,-1.47E-04,-2.20E-04,-1.62E-05,-1.18E-04,-1.26E-04,-1.79E-04,1.85E-04,2.15E-04,2.68E-04,1.31E-05,9.60E-05,-3.28E-04,2.39E-04,1.14E-04,-4.08E-05,-5.04E-05
2433,-7.46E-05,8.06E-05,-1.27E-04,3.03E-05,-1.34E-04,-2.10E-04,7.75E-07,-9.80E-05,-1.12E-04,-1.66E-04,1.94E-04,2.29E-04,2.80E-04,2.26E-05,1.09E-04,-3.24E-04,2.54E-04,1.32E-04,-2.91E-05,-3.68E-05
2434,-5.97E-05,9.98E-05,-1.09E-04,3.93E-05,-1.22E-04,-2.01E-04,1.83E-05,-7.80E-05,-9.84E-05,-1.54E-04,2.04E-04,2.44E-04,2.92E-04,3.23E-05,1.23E-04,-3.19E-04,2.70E-04,1.49E-04,-1.76E-05,-2.24E-05
2435,-4.48E-05,1.20E-04,-9.14E-05,4.81E-05,-1.09E-04,-1.91E-04,3.62E-05,-5.78E-05,-8.43E-05,-1.41E-04,2.13E-04,2.59E-04,3.04E-04,4.22E-05,1.37E-04,-3.15E-04,2.85E-04,1.68E-04,-6.44E-06,-7.50E-06
2436,-3.01E-05,1.40E-04,-7.39E-05,5.65E-05,-9.72E-05,-1.81E-04,5.42E-05,-3.78E-05,-7.03E-05,-1.28E-04,2.23E-04,2.73E-04,3.16E-04,5.20E-05,1.51E-04,-3.12E-04,3.00E-04,1.86E-04,4.25E-06,7.77E-06
2437,-1.59E-05,1.60E-04,-5.68E-05,6.44E-05,-8.55E-05,-1.70E-04,7.22E-05,-1.80E-05,-5.67E-05,-1.16E-04,2.32E-04,2.87E-04,3.26E-04,6.19E-05,1.65E-04,-3.08E-04,3.15E-04,2.03E-04,1.44E-05,2.30E-05
2438,-2.33E-06,1.80E-04,-4.03E-05,7.18E-05,-7.45E-05,-1.60E-04,8.98E-05,1.17E-06,-4.35E-05,-1.04E-04,2.40E-04,3.00E-04,3.36E-04,7.16E-05,1.78E-04,-3.05E-04,3.29E-04,2.21E-04,2.39E-05,3.79E-05
2439,1.04E-05,1.99E-04,-2.44E-05,7.85E-05,-6.41E-05,-1.50E-04,1.07E-04,1.97E-05,-3.09E-05,-9.16E-05,2.48E-04,3.12E-04,3.45E-04,8.11E-05,1.90E-04,-3.01E-04,3.42E-04,2.37E-04,3.27E-05,5.18E-05
2440,2.21E-05,2.18E-04,-9.47E-06,8.47E-05,-5.44E-05,-1.40E-04,1.23E-04,3.74E-05,-1.88E-05,-8.00E-05,2.54E-04,3.23E-04,3.53E-04,9.03E-05,2.02E-04,-2.98E-04,3.54E-04,2.53E-04,4.07E-05,6.42E-05
2441,3.28E-05,2.36E-04,4.54E-06,9.02E-05,-4.56E-05,-1.31E-04,1.39E-04,5.41E-05,-7.42E-06,-6.89E-05,2.60E-04,3.32E-04,3.60E-04,9.91E-05,2.13E-04,-2.94E-04,3.64E-04,2.68E-04,4.78E-05,7.48E-05
2442,4.25E-05,2.53E-04,1.75E-05,9.51E-05,-3.76E-05,-1.22E-04,1.53E-04,6.97E-05,3.32E-06,-5.84E-05,2.65E-04,3.41E-04,3.66E-04,1.08E-04,2.23E-04,-2.91E-04,3.73E-04,2.81E-04,5.39E-05,8.30E-05
2443,5.11E-05,2.68E-04,2.94E-05,9.95E-05,-3.05E-05,-1.15E-04,1.66E-04,8.43E-05,1.34E-05,-4.87E-05,2.68E-04,3.47E-04,3.70E-04,1.16E-04,2.32E-04,-2.87E-04,3.80E-04,2.93E-04,5.91E-05,8.85E-05
2444,5.88E-05,2.83E-04,4.02E-05,1.03E-04,-2.42E-05,-1.09E-04,1.78E-04,9.78E-05,2.29E-05,-3.99E-05,2.71E-04,3.53E-04,3.74E-04,1.23E-04,2.39E-04,-2.83E-04,3.85E-04,3.04E-04,6.31E-05,9.12E-05
2445,6.58E-05,2.96E-04,5.00E-05,1.07E-04,-1.87E-05,-1.05E-04,1.89E-04,1.10E-04,3.19E-05,-3.20E-05,2.72E-04,3.57E-04,3.77E-04,1.31E-04,2.46E-04,-2.79E-04,3.90E-04,3.14E-04,6.62E-05,9.10E-05
2446,7.22E-05,3.07E-04,5.88E-05,1.10E-04,-1.39E-05,-1.03E-04,1.99E-04,1.22E-04,4.05E-05,-2.50E-05,2.73E-04,3.60E-04,3.79E-04,1.37E-04,2.51E-04,-2.75E-04,3.93E-04,3.23E-04,6.83E-05,8.81E-05
2447,7.84E-05,3.18E-04,6.68E-05,1.12E-04,-9.62E-06,-1.02E-04,2.07E-04,1.32E-04,4.88E-05,-1.88E-05,2.73E-04,3.63E-04,3.80E-04,1.44E-04,2.56E-04,-2.71E-04,3.95E-04,3.32E-04,6.95E-05,8.28E-05
2448,8.46E-05,3.27E-04,7.42E-05,1.15E-04,-5.83E-06,-1.03E-04,2.15E-04,1.42E-04,5.68E-05,-1.35E-05,2.72E-04,3.64E-04,3.81E-04,1.50E-04,2.60E-04,-2.68E-04,3.96E-04,3.39E-04,7.00E-05,7.56E-05
2449,9.12E-05,3.36E-04,8.10E-05,1.18E-04,-2.33E-06,-1.05E-04,2.22E-04,1.51E-04,6.48E-05,-8.77E-06,2.72E-04,3.66E-04,3.82E-04,1.56E-04,2.63E-04,-2.64E-04,3.96E-04,3.47E-04,6.99E-05,6.71E-05
2450,9.85E-05,3.43E-04,8.76E-05,1.21E-04,1.07E-06,-1.08E-04,2.29E-04,1.59E-04,7.28E-05,-4.44E-06,2.71E-04,3.67E-04,3.83E-04,1.62E-04,2.66E-04,-2.61E-04,3.97E-04,3.55E-04,6.96E-05,5.82E-05
2451,1.07E-04,3.51E-04,9.41E-05,1.24E-04,4.54E-06,-1.13E-04,2.35E-04,1.68E-04,8.09E-05,-2.79E-07,2.70E-04,3.68E-04,3.84E-04,1.68E-04,2.69E-04,-2.58E-04,3.97E-04,3.63E-04,6.92E-05,4.97E-05
2452,1.16E-04,3.58E-04,1.01E-04,1.27E-04,8.24E-06,-1.17E-04,2.42E-04,1.76E-04,8.92E-05,4.01E-06,2.70E-04,3.69E-04,3.85E-04,1.75E-04,2.72E-04,-2.56E-04,3.98E-04,3.71E-04,6.91E-05,4.22E-05
2453,1.27E-04,3.64E-04,1.08E-04,1.31E-04,1.23E-05,-1.21E-04,2.48E-04,1.84E-04,9.78E-05,8.71E-06,2.70E-04,3.71E-04,3.87E-04,1.81E-04,2.76E-04,-2.54E-04,3.99E-04,3.81E-04,6.96E-05,3.66E-05
2454,1.39E-04,3.72E-04,1.15E-04,1.36E-04,1.70E-05,-1.23E-04,2.55E-04,1.93E-04,1.07E-04,1.41E-05,2.71E-04,3.74E-04,3.90E-04,1.88E-04,2.81E-04,-2.52E-04,4.01E-04,3.91E-04,7.09E-05,3.33E-05
2455,1.53E-04,3.79E-04,1.23E-04,1.41E-04,2.23E-05,-1.24E-04,2.63E-04,2.01E-04,1.16E-04,2.04E-05,2.73E-04,3.77E-04,3.93E-04,1.94E-04,2.86E-04,-2.49E-04,4.03E-04,4.02E-04,7.34E-05,3.29E-05
2456,1.68E-04,3.87E-04,1.32E-04,1.47E-04,2.83E-05,-1.23E-04,2.71E-04,2.10E-04,1.25E-04,2.79E-05,2.76E-04,3.81E-04,3.97E-04,2.02E-04,2.93E-04,-2.47E-04,4.07E-04,4.15E-04,7.72E-05,3.54E-05
2457,1.84E-04,3.96E-04,1.41E-04,1.54E-04,3.51E-05,-1.19E-04,2.80E-04,2.20E-04,1.35E-04,3.66E-05,2.80E-04,3.86E-04,4.02E-04,2.09E-04,3.01E-04,-2.44E-04,4.11E-04,4.29E-04,8.27E-05,4.08E-05
2458,2.02E-04,4.05E-04,1.51E-04,1.62E-04,4.26E-05,-1.12E-04,2.89E-04,2.30E-04,1.45E-04,4.66E-05,2.85E-04,3.91E-04,4.08E-04,2.17E-04,3.11E-04,-2.40E-04,4.16E-04,4.44E-04,8.99E-05,4.87E-05
2459,2.20E-04,4.14E-04,1.61E-04,1.70E-04,5.09E-05,-1.00E-04,2.99E-04,2.40E-04,1.56E-04,5.78E-05,2.90E-04,3.97E-04,4.14E-04,2.26E-04,3.21E-04,-2.34E-04,4.21E-04,4.59E-04,9.89E-05,5.86E-05
2460,2.39E-04,4.25E-04,1.72E-04,1.78E-04,5.97E-05,-8.54E-05,3.09E-04,2.50E-04,1.66E-04,7.01E-05,2.97E-04,4.03E-04,4.21E-04,2.34E-04,3.33E-04,-2.28E-04,4.27E-04,4.75E-04,1.10E-04,6.95E-05
2461,2.58E-04,4.35E-04,1.83E-04,1.87E-04,6.91E-05,-6.67E-05,3.19E-04,2.60E-04,1.76E-04,8.33E-05,3.04E-04,4.10E-04,4.28E-04,2.43E-04,3.46E-04,-2.19E-04,4.33E-04,4.91E-04,1.22E-04,8.04E-05
2462,2.77E-04,4.46E-04,1.94E-04,1.97E-04,7.87E-05,-4.43E-05,3.29E-04,2.70E-04,1.86E-04,9.70E-05,3.11E-04,4.17E-04,4.36E-04,2.52E-04,3.59E-04,-2.09E-04,4.38E-04,5.08E-04,1.36E-04,9.03E-05
2463,2.96E-04,4.57E-04,2.05E-04,2.06E-04,8.85E-05,-1.87E-05,3.39E-04,2.80E-04,1.96E-04,1.11E-04,3.19E-04,4.24E-04,4.44E-04,2.61E-04,3.73E-04,-1.97E-04,4.44E-04,5.23E-04,1.51E-04,9.78E-05
2464,3.13E-04,4.68E-04,2.16E-04,2.15E-04,9.83E-05,9.73E-06,3.48E-04,2.89E-04,2.06E-04,1.25E-04,3.27E-04,4.30E-04,4.51E-04,2.69E-04,3.87E-04,-1.82E-04,4.49E-04,5.38E-04,1.68E-04,1.02E-04
2465,3.29E-04,4.78E-04,2.26E-04,2.24E-04,1.08E-04,4.03E-05,3.55E-04,2.96E-04,2.14E-04,1.38E-04,3.35E-04,4.36E-04,4.59E-04,2.78E-04,4.01E-04,-1.65E-04,4.53E-04,5.52E-04,1.85E-04,1.02E-04
2466,3.44E-04,4.88E-04,2.35E-04,2.33E-04,1.17E-04,7.24E-05,3.62E-04,3.03E-04,2.22E-04,1.49E-04,3.42E-04,4.41E-04,4.66E-04,2.85E-04,4.14E-04,-1.46E-04,4.56E-04,5.65E-04,2.02E-04,9.62E-05
2467,3.57E-04,4.97E-04,2.43E-04,2.40E-04,1.25E-04,1.05E-04,3.67E-04,3.08E-04,2.29E-04,1.60E-04,3.49E-04,4.45E-04,4.72E-04,2.93E-04,4.26E-04,-1.26E-04,4.58E-04,5.76E-04,2.19E-04,8.49E-05
2468,3.67E-04,5.05E-04,2.50E-04,2.47E-04,1.33E-04,1.38E-04,3.70E-04,3.11E-04,2.36E-04,1.69E-04,3.56E-04,4.48E-04,4.78E-04,2.99E-04,4.37E-04,-1.04E-04,4.59E-04,5.85E-04,2.35E-04,6.76E-05
2469,3.76E-04,5.13E-04,2.56E-04,2.53E-04,1.39E-04,1.69E-04,3.72E-04,3.13E-04,2.41E-04,1.76E-04,3.62E-04,4.50E-04,4.82E-04,3.04E-04,4.47E-04,-8.06E-05,4.58E-04,5.92E-04,2.50E-04,4.45E-05
2470,3.83E-04,5.18E-04,2.60E-04,2.57E-04,1.45E-04,2.00E-04,3.71E-04,3.13E-04,2.45E-04,1.82E-04,3.67E-04,4.51E-04,4.86E-04,3.09E-04,4.55E-04,-5.68E-05,4.56E-04,5.98E-04,2.65E-04,1.60E-05
2471,3.87E-04,5.23E-04,2.62E-04,2.61E-04,1.50E-04,2.28E-04,3.69E-04,3.11E-04,2.48E-04,1.85E-04,3.72E-04,4.51E-04,4.89E-04,3.12E-04,4.61E-04,-3.29E-05,4.53E-04,6.02E-04,2.77E-04,-1.70E-05
2472,3.90E-04,5.26E-04,2.63E-04,2.63E-04,1.53E-04,2.53E-04,3.65E-04,3.07E-04,2.50E-04,1.87E-04,3.75E-04,4.49E-04,4.91E-04,3.14E-04,4.65E-04,-9.37E-06,4.49E-04,6.04E-04,2.89E-04,-5.34E-05
2473,3.91E-04,5.29E-04,2.63E-04,2.63E-04,1.56E-04,2.75E-04,3.60E-04,3.01E-04,2.51E-04,1.88E-04,3.78E-04,4.47E-04,4.91E-04,3.16E-04,4.68E-04,1.31E-05,4.44E-04,6.05E-04,2.98E-04,-9.21E-05
2474,3.90E-04,5.30E-04,2.62E-04,2.62E-04,1.58E-04,2.94E-04,3.53E-04,2.94E-04,2.51E-04,1.87E-04,3.80E-04,4.43E-04,4.90E-04,3.15E-04,4.68E-04,3.40E-05,4.39E-04,6.04E-04,3.06E-04,-1.31E-04
2475,3.88E-04,5.30E-04,2.59E-04,2.60E-04,1.58E-04,3.10E-04,3.46E-04,2.86E-04,2.50E-04,1.86E-04,3.80E-04,4.38E-04,4.88E-04,3.14E-04,4.67E-04,5.28E-05,4.33E-04,6.03E-04,3.12E-04,-1.70E-04
2476,3.84E-04,5.29E-04,2.56E-04,2.57E-04,1.58E-04,3.23E-04,3.37E-04,2.78E-04,2.48E-04,1.85E-04,3.80E-04,4.33E-04,4.85E-04,3.12E-04,4.64E-04,6.91E-05,4.26E-04,6.01E-04,3.17E-04,-2.07E-04
2477,3.80E-04,5.27E-04,2.52E-04,2.52E-04,1.58E-04,3.32E-04,3.28E-04,2.68E-04,2.46E-04,1.84E-04,3.79E-04,4.26E-04,4.81E-04,3.08E-04,4.60E-04,8.25E-05,4.19E-04,5.98E-04,3.20E-04,-2.40E-04
2478,3.75E-04,5.25E-04,2.48E-04,2.46E-04,1.57E-04,3.39E-04,3.19E-04,2.59E-04,2.43E-04,1.83E-04,3.77E-04,4.19E-04,4.76E-04,3.04E-04,4.54E-04,9.27E-05,4.12E-04,5.96E-04,3.23E-04,-2.69E-04
2479,3.70E-04,5.21E-04,2.44E-04,2.39E-04,1.55E-04,3.43E-04,3.10E-04,2.50E-04,2.39E-04,1.83E-04,3.73E-04,4.11E-04,4.69E-04,2.98E-04,4.46E-04,9.95E-05,4.05E-04,5.93E-04,3.24E-04,-2.93E-04
2480,3.64E-04,5.17E-04,2.39E-04,2.31E-04,1.54E-04,3.45E-04,3.02E-04,2.41E-04,2.35E-04,1.84E-04,3.69E-04,4.02E-04,4.61E-04,2.92E-04,4.38E-04,1.03E-04,3.98E-04,5.89E-04,3.25E-04,-3.12E-04
2481,3.58E-04,5.13E-04,2.35E-04,2.22E-04,1.52E-04,3.45E-04,2.94E-04,2.33E-04,2.32E-04,1.86E-04,3.63E-04,3.92E-04,4.53E-04,2.85E-04,4.29E-04,1.03E-04,3.91E-04,5.86E-04,3.26E-04,-3.25E-04
2482,3.52E-04,5.08E-04,2.32E-04,2.13E-04,1.50E-04,3.43E-04,2.86E-04,2.27E-04,2.28E-04,1.88E-04,3.57E-04,3.82E-04,4.43E-04,2.77E-04,4.18E-04,1.01E-04,3.84E-04,5.83E-04,3.27E-04,-3.34E-04
2483,3.46E-04,5.02E-04,2.28E-04,2.03E-04,1.48E-04,3.39E-04,2.80E-04,2.21E-04,2.25E-04,1.92E-04,3.48E-04,3.71E-04,4.33E-04,2.68E-04,4.08E-04,9.54E-05,3.77E-04,5.80E-04,3.27E-04,-3.38E-04
2484,3.40E-04,4.95E-04,2.25E-04,1.93E-04,1.47E-04,3.34E-04,2.74E-04,2.17E-04,2.22E-04,1.95E-04,3.39E-04,3.60E-04,4.22E-04,2.59E-04,3.96E-04,8.79E-05,3.69E-04,5.76E-04,3.28E-04,-3.39E-04
2485,3.34E-04,4.87E-04,2.23E-04,1.82E-04,1.45E-04,3.28E-04,2.68E-04,2.14E-04,2.19E-04,1.99E-04,3.29E-04,3.49E-04,4.10E-04,2.50E-04,3.84E-04,7.89E-05,3.61E-04,5.73E-04,3.29E-04,-3.38E-04
2486,3.28E-04,4.78E-04,2.21E-04,1.71E-04,1.43E-04,3.21E-04,2.63E-04,2.13E-04,2.18E-04,2.02E-04,3.17E-04,3.36E-04,3.97E-04,2.40E-04,3.72E-04,6.89E-05,3.53E-04,5.68E-04,3.30E-04,-3.36E-04
2487,3.22E-04,4.69E-04,2.20E-04,1.61E-04,1.42E-04,3.13E-04,2.59E-04,2.13E-04,2.17E-04,2.05E-04,3.04E-04,3.24E-04,3.84E-04,2.31E-04,3.59E-04,5.88E-05,3.43E-04,5.64E-04,3.32E-04,-3.33E-04
2488,3.16E-04,4.58E-04,2.19E-04,1.50E-04,1.40E-04,3.05E-04,2.54E-04,2.14E-04,2.17E-04,2.08E-04,2.90E-04,3.11E-04,3.71E-04,2.21E-04,3.46E-04,4.93E-05,3.34E-04,5.58E-04,3.34E-04,-3.32E-04
2489,3.10E-04,4.47E-04,2.18E-04,1.39E-04,1.39E-04,2.95E-04,2.50E-04,2.16E-04,2.18E-04,2.10E-04,2.76E-04,2.98E-04,3.57E-04,2.11E-04,3.33E-04,4.11E-05,3.23E-04,5.52E-04,3.36E-04,-3.33E-04
2490,3.04E-04,4.34E-04,2.17E-04,1.29E-04,1.38E-04,2.86E-04,2.46E-04,2.19E-04,2.21E-04,2.12E-04,2.60E-04,2.85E-04,3.44E-04,2.01E-04,3.19E-04,3.53E-05,3.12E-04,5.46E-04,3.38E-04,-3.36E-04
2491,2.98E-04,4.21E-04,2.16E-04,1.19E-04,1.36E-04,2.77E-04,2.41E-04,2.22E-04,2.24E-04,2.13E-04,2.44E-04,2.72E-04,3.31E-04,1.91E-04,3.05E-04,3.25E-05,3.01E-04,5.39E-04,3.40E-04,-3.43E-04
2492,2.92E-04,4.07E-04,2.16E-04,1.10E-04,1.35E-04,2.69E-04,2.36E-04,2.26E-04,2.28E-04,2.16E-04,2.28E-04,2.60E-04,3.18E-04,1.82E-04,2.92E-04,3.35E-05,2.89E-04,5.31E-04,3.43E-04,-3.51E-04
2493,2.87E-04,3.92E-04,2.15E-04,1.01E-04,1.34E-04,2.62E-04,2.31E-04,2.30E-04,2.34E-04,2.19E-04,2.12E-04,2.47E-04,3.05E-04,1.73E-04,2.78E-04,3.90E-05,2.76E-04,5.23E-04,3.46E-04,-3.63E-04
2494,2.81E-04,3.78E-04,2.14E-04,9.20E-05,1.32E-04,2.58E-04,2.25E-04,2.33E-04,2.40E-04,2.24E-04,1.96E-04,2.35E-04,2.93E-04,1.64E-04,2.64E-04,4.97E-05,2.64E-04,5.14E-04,3.49E-04,-3.76E-04
2495,2.75E-04,3.63E-04,2.13E-04,8.39E-05,1.32E-04,2.56E-04,2.19E-04,2.37E-04,2.47E-04,2.32E-04,1.80E-04,2.24E-04,2.82E-04,1.56E-04,2.51E-04,6.62E-05,2.51E-04,5.06E-04,3.52E-04,-3.89E-04
2496,2.69E-04,3.48E-04,2.13E-04,7.64E-05,1.31E-04,2.57E-04,2.13E-04,2.39E-04,2.55E-04,2.44E-04,1.64E-04,2.13E-04,2.71E-04,1.49E-04,2.38E-04,8.88E-05,2.39E-04,4.98E-04,3.57E-04,-4.02E-04
2497,2.63E-04,3.35E-04,2.12E-04,6.95E-05,1.30E-04,2.64E-04,2.06E-04,2.42E-04,2.63E-04,2.61E-04,1.49E-04,2.03E-04,2.61E-04,1.42E-04,2.26E-04,1.18E-04,2.27E-04,4.91E-04,3.62E-04,-4.14E-04
2498,2.57E-04,3.22E-04,2.11E-04,6.32E-05,1.30E-04,2.75E-04,2.00E-04,2.43E-04,2.72E-04,2.83E-04,1.35E-04,1.94E-04,2.52E-04,1.36E-04,2.14E-04,1.53E-04,2.17E-04,4.85E-04,3.69E-04,-4.23E-04
2499,2.52E-04,3.10E-04,2.10E-04,5.74E-05,1.31E-04,2.91E-04,1.93E-04,2.44E-04,2.81E-04,3.12E-04,1.21E-04,1.86E-04,2.44E-04,1.30E-04,2.04E-04,1.95E-04,2.07E-04,4.79E-04,3.76E-04,-4.28E-04
2500,2.46E-04,2.99E-04,2.10E-04,5.21E-05,1.31E-04,3.14E-04,1.87E-04,2.45E-04,2.90E-04,3.47E-04,1.08E-04,1.79E-04,2.37E-04,1.26E-04,1.94E-04,2.44E-04,1.97E-04,4.75E-04,3.85E-04,-4.29E-04
2501,2.40E-04,2.89E-04,2.09E-04,4.72E-05,1.32E-04,3.43E-04,1.81E-04,2.44E-04,2.98E-04,3.89E-04,9.61E-05,1.72E-04,2.31E-04,1.21E-04,1.86E-04,2.98E-04,1.89E-04,4.72E-04,3.96E-04,-4.25E-04
2502,2.34E-04,2.82E-04,2.09E-04,4.28E-05,1.34E-04,3.77E-04,1.76E-04,2.43E-04,3.07E-04,4.37E-04,8.46E-05,1.66E-04,2.25E-04,1.18E-04,1.78E-04,3.57E-04,1.82E-04,4.70E-04,4.08E-04,-4.16E-04
2503,2.29E-04,2.75E-04,2.09E-04,3.86E-05,1.35E-04,4.17E-04,1.71E-04,2.42E-04,3.14E-04,4.91E-04,7.36E-05,1.60E-04,2.20E-04,1.14E-04,1.72E-04,4.21E-04,1.75E-04,4.69E-04,4.22E-04,-4.03E-04
2504,2.23E-04,2.70E-04,2.09E-04,3.46E-05,1.36E-04,4.62E-04,1.66E-04,2.39E-04,3.21E-04,5.50E-04,6.30E-05,1.55E-04,2.14E-04,1.11E-04,1.67E-04,4.87E-04,1.69E-04,4.68E-04,4.37E-04,-3.85E-04
2505,2.17E-04,2.65E-04,2.09E-04,3.07E-05,1.38E-04,5.11E-04,1.62E-04,2.36E-04,3.26E-04,6.13E-04,5.28E-05,1.50E-04,2.09E-04,1.09E-04,1.63E-04,5.57E-04,1.64E-04,4.69E-04,4.53E-04,-3.65E-04
2506,2.11E-04,2.62E-04,2.09E-04,2.69E-05,1.39E-04,5.62E-04,1.57E-04,2.33E-04,3.30E-04,6.77E-04,4.29E-05,1.44E-04,2.04E-04,1.06E-04,1.60E-04,6.27E-04,1.58E-04,4.69E-04,4.70E-04,-3.43E-04
2507,2.05E-04,2.59E-04,2.08E-04,2.29E-05,1.40E-04,6.14E-04,1.53E-04,2.28E-04,3.33E-04,7.41E-04,3.30E-05,1.38E-04,1.99E-04,1.04E-04,1.57E-04,6.96E-04,1.52E-04,4.69E-04,4.87E-04,-3.21E-04
2508,1.98E-04,2.57E-04,2.07E-04,1.87E-05,1.40E-04,6.66E-04,1.49E-04,2.24E-04,3.34E-04,8.03E-04,2.32E-05,1.32E-04,1.94E-04,1.01E-04,1.56E-04,7.63E-04,1.46E-04,4.68E-04,5.03E-04,-3.00E-04
2509,1.92E-04,2.54E-04,2.06E-04,1.42E-05,1.39E-04,7.15E-04,1.44E-04,2.18E-04,3.34E-04,8.60E-04,1.33E-05,1.25E-04,1.87E-04,9.86E-05,1.54E-04,8.27E-04,1.38E-04,4.66E-04,5.18E-04,-2.83E-04
2510,1.85E-04,2.51E-04,2.03E-04,9.44E-06,1.38E-04,7.60E-04,1.39E-04,2.11E-04,3.32E-04,9.11E-04,3.45E-06,1.17E-04,1.81E-04,9.56E-05,1.53E-04,8.87E-04,1.30E-04,4.63E-04,5.32E-04,-2.71E-04
2511,1.77E-04,2.46E-04,2.00E-04,4.24E-06,1.36E-04,8.00E-04,1.33E-04,2.04E-04,3.28E-04,9.53E-04,-6.45E-06,1.08E-04,1.74E-04,9.23E-05,1.52E-04,9.40E-04,1.19E-04,4.58E-04,5.44E-04,-2.65E-04
2512,1.70E-04,2.41E-04,1.96E-04,-1.37E-06,1.32E-04,8.33E-04,1.26E-04,1.96E-04,3.23E-04,9.86E-04,-1.63E-05,9.86E-05,1.66E-04,8.87E-05,1.51E-04,9.86E-04,1.08E-04,4.52E-04,5.52E-04,-2.67E-04
2513,1.63E-04,2.35E-04,1.90E-04,-7.38E-06,1.28E-04,8.57E-04,1.18E-04,1.86E-04,3.16E-04,1.01E-03,-2.61E-05,8.81E-05,1.57E-04,8.46E-05,1.49E-04,1.02E-03,9.44E-05,4.43E-04,5.58E-04,-2.76E-04
2514,1.55E-04,2.27E-04,1.84E-04,-1.38E-05,1.22E-04,8.73E-04,1.09E-04,1.76E-04,3.07E-04,1.01E-03,-3.55E-05,7.67E-05,1.48E-04,8.02E-05,1.47E-04,1.05E-03,7.93E-05,4.32E-04,5.59E-04,-2.92E-04
2515,1.47E-04,2.18E-04,1.76E-04,-2.04E-05,1.16E-04,8.79E-04,9.87E-05,1.65E-04,2.98E-04,1.01E-03,-4.46E-05,6.48E-05,1.39E-04,7.55E-05,1.44E-04,1.07E-03,6.28E-05,4.20E-04,5.57E-04,-3.16E-04
2516,1.39E-04,2.07E-04,1.67E-04,-2.73E-05,1.09E-04,8.76E-04,8.76E-05,1.53E-04,2.87E-04,9.95E-04,-5.32E-05,5.24E-05,1.29E-04,7.06E-05,1.41E-04,1.08E-03,4.50E-05,4.06E-04,5.51E-04,-3.46E-04
2517,1.31E-04,1.95E-04,1.57E-04,-3.43E-05,1.01E-04,8.64E-04,7.57E-05,1.40E-04,2.76E-04,9.68E-04,-6.10E-05,3.98E-05,1.20E-04,6.56E-05,1.38E-04,1.09E-03,2.62E-05,3.90E-04,5.42E-04,-3.81E-04
2518,1.23E-04,1.82E-04,1.46E-04,-4.12E-05,9.27E-05,8.43E-04,6.30E-05,1.27E-04,2.64E-04,9.31E-04,-6.79E-05,2.73E-05,1.11E-04,6.06E-05,1.34E-04,1.08E-03,6.78E-06,3.74E-04,5.28E-04,-4.20E-04
2519,1.16E-04,1.69E-04,1.34E-04,-4.80E-05,8.45E-05,8.16E-04,4.99E-05,1.14E-04,2.52E-04,8.86E-04,-7.37E-05,1.51E-05,1.02E-04,5.59E-05,1.30E-04,1.07E-03,-1.29E-05,3.57E-04,5.12E-04,-4.59E-04
2520,1.09E-04,1.54E-04,1.23E-04,-5.44E-05,7.65E-05,7.83E-04,3.65E-05,1.00E-04,2.40E-04,8.35E-04,-7.84E-05,3.61E-06,9.32E-05,5.15E-05,1.26E-04,1.05E-03,-3.25E-05,3.39E-04,4.93E-04,-4.98E-04
2521,1.02E-04,1.40E-04,1.11E-04,-6.02E-05,6.88E-05,7.46E-04,2.33E-05,8.71E-05,2.28E-04,7.80E-04,-8.17E-05,-7.05E-06,8.55E-05,4.76E-05,1.22E-04,1.03E-03,-5.15E-05,3.23E-04,4.71E-04,-5.34E-04
2522,9.58E-05,1.25E-04,9.90E-05,-6.55E-05,6.17E-05,7.07E-04,1.04E-05,7.41E-05,2.17E-04,7.23E-04,-8.37E-05,-1.66E-05,7.88E-05,4.45E-05,1.19E-04,9.98E-04,-6.96E-05,3.07E-04,4.49E-04,-5.65E-04
2523,9.02E-05,1.12E-04,8.79E-05,-6.99E-05,5.55E-05,6.67E-04,-1.92E-06,6.18E-05,2.06E-04,6.68E-04,-8.44E-05,-2.49E-05,7.30E-05,4.22E-05,1.16E-04,9.68E-04,-8.64E-05,2.92E-04,4.25E-04,-5.90E-04
2524,8.53E-05,9.83E-05,7.76E-05,-7.35E-05,5.03E-05,6.28E-04,-1.33E-05,5.03E-05,1.96E-04,6.15E-04,-8.36E-05,-3.19E-05,6.84E-05,4.09E-05,1.13E-04,9.35E-04,-1.02E-04,2.78E-04,4.02E-04,-6.06E-04
2525,8.12E-05,8.61E-05,6.83E-05,-7.60E-05,4.61E-05,5.91E-04,-2.37E-05,3.98E-05,1.87E-04,5.67E-04,-8.16E-05,-3.73E-05,6.49E-05,4.07E-05,1.11E-04,9.03E-04,-1.15E-04,2.67E-04,3.78E-04,-6.14E-04
2526,7.79E-05,7.51E-05,6.02E-05,-7.76E-05,4.32E-05,5.57E-04,-3.29E-05,3.04E-05,1.80E-04,5.25E-04,-7.84E-05,-4.14E-05,6.25E-05,4.16E-05,1.10E-04,8.71E-04,-1.27E-04,2.57E-04,3.56E-04,-6.12E-04
2527,7.56E-05,6.52E-05,5.35E-05,-7.81E-05,4.14E-05,5.28E-04,-4.09E-05,2.22E-05,1.73E-04,4.90E-04,-7.41E-05,-4.40E-05,6.12E-05,4.37E-05,1.10E-04,8.40E-04,-1.37E-04,2.48E-04,3.36E-04,-6.01E-04
2528,7.41E-05,5.67E-05,4.83E-05,-7.75E-05,4.07E-05,5.02E-04,-4.76E-05,1.53E-05,1.67E-04,4.63E-04,-6.89E-05,-4.54E-05,6.08E-05,4.69E-05,1.11E-04,8.11E-04,-1.45E-04,2.42E-04,3.16E-04,-5.80E-04
2529,7.36E-05,4.94E-05,4.44E-05,-7.61E-05,4.09E-05,4.82E-04,-5.32E-05,9.47E-06,1.63E-04,4.43E-04,-6.30E-05,-4.57E-05,6.11E-05,5.11E-05,1.12E-04,7.83E-04,-1.51E-04,2.37E-04,2.99E-04,-5.51E-04
2530,7.39E-05,4.32E-05,4.18E-05,-7.37E-05,4.20E-05,4.66E-04,-5.77E-05,4.73E-06,1.59E-04,4.30E-04,-5.66E-05,-4.51E-05,6.21E-05,5.62E-05,1.14E-04,7.58E-04,-1.56E-04,2.33E-04,2.83E-04,-5.15E-04
2531,7.50E-05,3.80E-05,4.05E-05,-7.07E-05,4.37E-05,4.54E-04,-6.14E-05,8.81E-07,1.55E-04,4.23E-04,-4.99E-05,-4.39E-05,6.34E-05,6.20E-05,1.16E-04,7.33E-04,-1.59E-04,2.30E-04,2.69E-04,-4.72E-04
2532,7.69E-05,3.36E-05,4.01E-05,-6.71E-05,4.58E-05,4.46E-04,-6.44E-05,-2.28E-06,1.53E-04,4.22E-04,-4.31E-05,-4.22E-05,6.49E-05,6.84E-05,1.19E-04,7.10E-04,-1.62E-04,2.28E-04,2.57E-04,-4.25E-04
2533,7.93E-05,2.97E-05,4.05E-05,-6.32E-05,4.80E-05,4.40E-04,-6.71E-05,-4.98E-06,1.50E-04,4.25E-04,-3.63E-05,-4.04E-05,6.64E-05,7.52E-05,1.21E-04,6.87E-04,-1.64E-04,2.26E-04,2.45E-04,-3.75E-04
2534,8.22E-05,2.62E-05,4.14E-05,-5.92E-05,5.02E-05,4.36E-04,-6.96E-05,-7.46E-06,1.47E-04,4.31E-04,-2.98E-05,-3.86E-05,6.76E-05,8.20E-05,1.24E-04,6.64E-04,-1.66E-04,2.24E-04,2.34E-04,-3.24E-04
2535,8.52E-05,2.29E-05,4.26E-05,-5.52E-05,5.20E-05,4.33E-04,-7.22E-05,-9.96E-06,1.44E-04,4.38E-04,-2.37E-05,-3.71E-05,6.84E-05,8.86E-05,1.25E-04,6.39E-04,-1.68E-04,2.21E-04,2.24E-04,-2.73E-04
2536,8.83E-05,1.94E-05,4.37E-05,-5.16E-05,5.34E-05,4.30E-04,-7.51E-05,-1.27E-05,1.41E-04,4.45E-04,-1.82E-05,-3.60E-05,6.86E-05,9.49E-05,1.26E-04,6.14E-04,-1.70E-04,2.18E-04,2.13E-04,-2.24E-04
2537,9.11E-05,1.57E-05,4.45E-05,-4.84E-05,5.41E-05,4.26E-04,-7.84E-05,-1.59E-05,1.37E-04,4.51E-04,-1.34E-05,-3.56E-05,6.81E-05,1.01E-04,1.26E-04,5.86E-04,-1.72E-04,2.14E-04,2.03E-04,-1.77E-04
2538,9.35E-05,1.17E-05,4.49E-05,-4.60E-05,5.40E-05,4.21E-04,-8.24E-05,-1.97E-05,1.33E-04,4.55E-04,-9.31E-06,-3.58E-05,6.67E-05,1.05E-04,1.25E-04,5.55E-04,-1.75E-04,2.09E-04,1.91E-04,-1.33E-04
2539,9.52E-05,7.16E-06,4.45E-05,-4.44E-05,5.30E-05,4.14E-04,-8.69E-05,-2.42E-05,1.28E-04,4.56E-04,-6.07E-06,-3.67E-05,6.45E-05,1.09E-04,1.22E-04,5.22E-04,-1.79E-04,2.04E-04,1.79E-04,-9.36E-05
2540,9.60E-05,2.20E-06,4.32E-05,-4.39E-05,5.12E-05,4.04E-04,-9.22E-05,-2.94E-05,1.22E-04,4.54E-04,-3.71E-06,-3.83E-05,6.14E-05,1.12E-04,1.18E-04,4.86E-04,-1.82E-04,1.97E-04,1.66E-04,-5.78E-05
2541,9.56E-05,-3.21E-06,4.10E-05,-4.44E-05,4.84E-05,3.93E-04,-9.81E-05,-3.53E-05,1.16E-04,4.48E-04,-2.25E-06,-4.06E-05,5.74E-05,1.14E-04,1.13E-04,4.47E-04,-1.86E-04,1.89E-04,1.52E-04,-2.58E-05
2542,9.40E-05,-9.03E-06,3.79E-05,-4.60E-05,4.48E-05,3.78E-04,-1.05E-04,-4.19E-05,1.09E-04,4.40E-04,-1.71E-06,-4.35E-05,5.25E-05,1.14E-04,1.07E-04,4.07E-04,-1.91E-04,1.81E-04,1.37E-04,2.96E-06
2543,9.11E-05,-1.52E-05,3.39E-05,-4.88E-05,4.05E-05,3.62E-04,-1.12E-04,-4.91E-05,1.01E-04,4.29E-04,-2.06E-06,-4.69E-05,4.70E-05,1.14E-04,9.96E-05,3.65E-04,-1.96E-04,1.73E-04,1.22E-04,2.89E-05
2544,8.67E-05,-2.15E-05,2.89E-05,-5.26E-05,3.56E-05,3.45E-04,-1.19E-04,-5.66E-05,9.37E-05,4.16E-04,-3.29E-06,-5.08E-05,4.07E-05,1.12E-04,9.12E-05,3.22E-04,-2.01E-04,1.64E-04,1.06E-04,5.28E-05
2545,8.09E-05,-2.80E-05,2.33E-05,-5.75E-05,3.01E-05,3.26E-04,-1.26E-04,-6.44E-05,8.58E-05,4.02E-04,-5.36E-06,-5.49E-05,3.40E-05,1.09E-04,8.20E-05,2.79E-04,-2.05E-04,1.55E-04,9.04E-05,7.53E-05
2546,7.37E-05,-3.46E-05,1.70E-05,-6.33E-05,2.44E-05,3.06E-04,-1.34E-04,-7.21E-05,7.79E-05,3.88E-04,-8.24E-06,-5.92E-05,2.68E-05,1.06E-04,7.24E-05,2.38E-04,-2.10E-04,1.47E-04,7.47E-05,9.71E-05
2547,6.53E-05,-4.10E-05,1.04E-05,-6.98E-05,1.84E-05,2.86E-04,-1.41E-04,-7.97E-05,7.01E-05,3.75E-04,-1.19E-05,-6.36E-05,1.93E-05,1.02E-04,6.25E-05,1.98E-04,-2.14E-04,1.39E-04,5.96E-05,1.19E-04
2548,5.58E-05,-4.73E-05,3.51E-06,-7.68E-05,1.25E-05,2.66E-04,-1.48E-04,-8.69E-05,6.26E-05,3.64E-04,-1.62E-05,-6.80E-05,1.17E-05,9.74E-05,5.25E-05,1.61E-04,-2.18E-04,1.32E-04,4.53E-05,1.41E-04
2549,4.55E-05,-5.34E-05,-3.38E-06,-8.43E-05,6.68E-06,2.47E-04,-1.54E-04,-9.35E-05,5.55E-05,3.54E-04,-2.11E-05,-7.22E-05,3.97E-06,9.27E-05,4.27E-05,1.28E-04,-2.21E-04,1.25E-04,3.21E-05,1.64E-04
2550,3.46E-05,-5.92E-05,-1.01E-05,-9.20E-05,1.13E-06,2.28E-04,-1.60E-04,-9.94E-05,4.90E-05,3.48E-04,-2.66E-05,-7.64E-05,-3.74E-06,8.78E-05,3.33E-05,9.97E-05,-2.24E-04,1.19E-04,2.01E-05,1.87E-04
2551,2.35E-05,-6.49E-05,-1.65E-05,-9.98E-05,-4.02E-06,2.09E-04,-1.65E-04,-1.04E-04,4.32E-05,3.45E-04,-3.25E-05,-8.03E-05,-1.14E-05,8.31E-05,2.45E-05,7.57E-05,-2.26E-04,1.14E-04,9.58E-06,2.12E-04
2552,1.24E-05,-7.03E-05,-2.23E-05,-1.07E-04,-8.65E-06,1.92E-04,-1.70E-04,-1.09E-04,3.80E-05,3.44E-04,-3.88E-05,-8.41E-05,-1.88E-05,7.85E-05,1.63E-05,5.66E-05,-2.28E-04,1.09E-04,5.38E-07,2.37E-04
2553,1.74E-06,-7.56E-05,-2.74E-05,-1.15E-04,-1.27E-05,1.75E-04,-1.74E-04,-1.12E-04,3.36E-05,3.47E-04,-4.53E-05,-8.76E-05,-2.60E-05,7.43E-05,9.08E-06,4.24E-05,-2.29E-04,1.05E-04,-6.97E-06,2.62E-04
2554,-8.27E-06,-8.07E-05,-3.18E-05,-1.22E-04,-1.60E-05,1.60E-04,-1.78E-04,-1.13E-04,3.00E-05,3.53E-04,-5.20E-05,-9.09E-05,-3.30E-05,7.04E-05,2.73E-06,3.30E-05,-2.30E-04,1.01E-04,-1.30E-05,2.87E-04
2555,-1.73E-05,-8.58E-05,-3.53E-05,-1.28E-04,-1.86E-05,1.44E-04,-1.80E-04,-1.14E-04,2.71E-05,3.60E-04,-5.88E-05,-9.39E-05,-3.97E-05,6.69E-05,-2.67E-06,2.80E-05,-2.31E-04,9.80E-05,-1.75E-05,3.11E-04
2556,-2.51E-05,-9.07E-05,-3.77E-05,-1.34E-04,-2.03E-05,1.29E-04,-1.82E-04,-1.14E-04,2.50E-05,3.70E-04,-6.55E-05,-9.67E-05,-4.61E-05,6.38E-05,-7.09E-06,2.70E-05,-2.31E-04,9.49E-05,-2.07E-05,3.35E-04
2557,-3.15E-05,-9.56E-05,-3.92E-05,-1.39E-04,-2.12E-05,1.15E-04,-1.84E-04,-1.13E-04,2.36E-05,3.81E-04,-7.21E-05,-9.93E-05,-5.21E-05,6.12E-05,-1.06E-05,2.93E-05,-2.31E-04,9.21E-05,-2.27E-05,3.57E-04
2558,-3.63E-05,-1.00E-04,-3.95E-05,-1.44E-04,-2.10E-05,1.01E-04,-1.85E-04,-1.10E-04,2.29E-05,3.92E-04,-7.84E-05,-1.01E-04,-5.77E-05,5.89E-05,-1.31E-05,3.42E-05,-2.31E-04,8.94E-05,-2.35E-05,3.77E-04
2559,-3.95E-05,-1.05E-04,-3.87E-05,-1.47E-04,-1.99E-05,8.72E-05,-1.85E-04,-1.06E-04,2.30E-05,4.03E-04,-8.43E-05,-1.03E-04,-6.28E-05,5.70E-05,-1.47E-05,4.10E-05,-2.31E-04,8.68E-05,-2.32E-05,3.95E-04
2560,-4.09E-05,-1.09E-04,-3.68E-05,-1.51E-04,-1.78E-05,7.41E-05,-1.84E-04,-1.01E-04,2.38E-05,4.14E-04,-8.98E-05,-1.05E-04,-6.75E-05,5.54E-05,-1.54E-05,4.91E-05,-2.30E-04,8.43E-05,-2.19E-05,4.12E-04
2561,-4.06E-05,-1.13E-04,-3.37E-05,-1.53E-04,-1.46E-05,6.17E-05,-1.82E-04,-9.55E-05,2.54E-05,4.24E-04,-9.47E-05,-1.06E-04,-7.17E-05,5.40E-05,-1.54E-05,5.78E-05,-2.29E-04,8.22E-05,-1.96E-05,4.27E-04
2562,-3.86E-05,-1.17E-04,-2.94E-05,-1.56E-04,-1.03E-05,5.03E-05,-1.80E-04,-8.84E-05,2.76E-05,4.34E-04,-9.91E-05,-1.06E-04,-7.54E-05,5.28E-05,-1.44E-05,6.66E-05,-2.28E-04,8.03E-05,-1.63E-05,4.40E-04
2563,-3.51E-05,-1.20E-04,-2.40E-05,-1.57E-04,-4.96E-06,4.02E-05,-1.77E-04,-8.01E-05,3.07E-05,4.42E-04,-1.03E-04,-1.06E-04,-7.84E-05,5.18E-05,-1.27E-05,7.52E-05,-2.26E-04,7.90E-05,-1.19E-05,4.51E-04
2564,-3.01E-05,-1.22E-04,-1.75E-05,-1.58E-04,1.45E-06,3.18E-05,-1.72E-04,-7.07E-05,3.46E-05,4.50E-04,-1.06E-04,-1.05E-04,-8.07E-05,5.10E-05,-1.02E-05,8.31E-05,-2.23E-04,7.82E-05,-6.47E-06,4.62E-04
2565,-2.39E-05,-1.23E-04,-9.81E-06,-1.59E-04,8.86E-06,2.55E-05,-1.67E-04,-6.02E-05,3.94E-05,4.58E-04,-1.08E-04,-1.03E-04,-8.23E-05,5.05E-05,-6.80E-06,9.04E-05,-2.19E-04,7.82E-05,2.06E-07,4.71E-04
2566,-1.67E-05,-1.24E-04,-1.10E-06,-1.60E-04,1.72E-05,2.16E-05,-1.60E-04,-4.85E-05,4.50E-05,4.65E-04,-1.10E-04,-1.01E-04,-8.32E-05,5.01E-05,-2.57E-06,9.71E-05,-2.15E-04,7.92E-05,8.17E-06,4.81E-04
2567,-8.51E-06,-1.23E-04,8.58E-06,-1.60E-04,2.64E-05,2.04E-05,-1.52E-04,-3.57E-05,5.15E-05,4.72E-04,-1.11E-04,-9.71E-05,-8.33E-05,5.00E-05,2.55E-06,1.03E-04,-2.09E-04,8.11E-05,1.75E-05,4.90E-04
2568,3.53E-07,-1.20E-04,1.91E-05,-1.60E-04,3.63E-05,2.21E-05,-1.43E-04,-2.19E-05,5.89E-05,4.79E-04,-1.12E-04,-9.28E-05,-8.26E-05,5.03E-05,8.58E-06,1.09E-04,-2.03E-04,8.41E-05,2.83E-05,4.99E-04
2569,9.74E-06,-1.17E-04,3.05E-05,-1.59E-04,4.67E-05,2.67E-05,-1.32E-04,-7.29E-06,6.70E-05,4.88E-04,-1.12E-04,-8.77E-05,-8.12E-05,5.09E-05,1.55E-05,1.15E-04,-1.96E-04,8.81E-05,4.05E-05,5.09E-04
2570,1.95E-05,-1.12E-04,4.24E-05,-1.58E-04,5.74E-05,3.42E-05,-1.21E-04,8.04E-06,7.58E-05,4.97E-04,-1.11E-04,-8.18E-05,-7.91E-05,5.21E-05,2.34E-05,1.20E-04,-1.89E-04,9.32E-05,5.41E-05,5.18E-04
2571,2.94E-05,-1.06E-04,5.47E-05,-1.57E-04,6.83E-05,4.45E-05,-1.09E-04,2.39E-05,8.51E-05,5.07E-04,-1.11E-04,-7.54E-05,-7.63E-05,5.37E-05,3.21E-05,1.27E-04,-1.80E-04,9.93E-05,6.90E-05,5.28E-04
2572,3.93E-05,-9.92E-05,6.73E-05,-1.55E-04,7.90E-05,5.72E-05,-9.60E-05,3.99E-05,9.48E-05,5.18E-04,-1.09E-04,-6.85E-05,-7.29E-05,5.58E-05,4.17E-05,1.34E-04,-1.71E-04,1.06E-04,8.51E-05,5.38E-04
2573,4.92E-05,-9.12E-05,7.98E-05,-1.53E-04,8.94E-05,7.18E-05,-8.28E-05,5.60E-05,1.05E-04,5.30E-04,-1.08E-04,-6.12E-05,-6.91E-05,5.86E-05,5.20E-05,1.41E-04,-1.63E-04,1.14E-04,1.02E-04,5.47E-04
2574,5.88E-05,-8.26E-05,9.21E-05,-1.51E-04,9.91E-05,8.79E-05,-6.95E-05,7.17E-05,1.14E-04,5.43E-04,-1.07E-04,-5.39E-05,-6.50E-05,6.18E-05,6.30E-05,1.50E-04,-1.54E-04,1.21E-04,1.20E-04,5.56E-04
2575,6.81E-05,-7.34E-05,1.04E-04,-1.49E-04,1.08E-04,1.05E-04,-5.64E-05,8.68E-05,1.24E-04,5.56E-04,-1.05E-04,-4.66E-05,-6.07E-05,6.56E-05,7.43E-05,1.60E-04,-1.45E-04,1.29E-04,1.38E-04,5.63E-04
2576,7.70E-05,-6.41E-05,1.15E-04,-1.46E-04,1.16E-04,1.22E-04,-4.37E-05,1.01E-04,1.32E-04,5.69E-04,-1.04E-04,-3.95E-05,-5.64E-05,6.98E-05,8.60E-05,1.70E-04,-1.37E-04,1.37E-04,1.56E-04,5.70E-04
2577,8.52E-05,-5.48E-05,1.25E-04,-1.43E-04,1.22E-04,1.38E-04,-3.18E-05,1.14E-04,1.40E-04,5.81E-04,-1.02E-04,-3.29E-05,-5.21E-05,7.44E-05,9.77E-05,1.80E-04,-1.29E-04,1.45E-04,1.73E-04,5.74E-04
2578,9.28E-05,-4.58E-05,1.34E-04,-1.40E-04,1.27E-04,1.53E-04,-2.09E-05,1.25E-04,1.47E-04,5.92E-04,-1.01E-04,-2.70E-05,-4.81E-05,7.92E-05,1.09E-04,1.90E-04,-1.23E-04,1.52E-04,1.90E-04,5.76E-04
2579,9.96E-05,-3.73E-05,1.41E-04,-1.37E-04,1.31E-04,1.67E-04,-1.12E-05,1.35E-04,1.52E-04,6.01E-04,-1.00E-04,-2.17E-05,-4.45E-05,8.40E-05,1.21E-04,2.00E-04,-1.17E-04,1.58E-04,2.06E-04,5.76E-04
2580,1.05E-04,-2.96E-05,1.46E-04,-1.34E-04,1.33E-04,1.78E-04,-2.91E-06,1.43E-04,1.55E-04,6.07E-04,-9.98E-05,-1.74E-05,-4.14E-05,8.89E-05,1.31E-04,2.09E-04,-1.13E-04,1.63E-04,2.20E-04,5.74E-04
2581,1.10E-04,-2.27E-05,1.50E-04,-1.32E-04,1.33E-04,1.87E-04,3.85E-06,1.49E-04,1.57E-04,6.11E-04,-9.97E-05,-1.39E-05,-3.89E-05,9.35E-05,1.41E-04,2.17E-04,-1.09E-04,1.67E-04,2.33E-04,5.69E-04
2582,1.14E-04,-1.69E-05,1.52E-04,-1.30E-04,1.31E-04,1.93E-04,9.01E-06,1.53E-04,1.57E-04,6.12E-04,-1.00E-04,-1.15E-05,-3.70E-05,9.78E-05,1.50E-04,2.23E-04,-1.07E-04,1.69E-04,2.44E-04,5.62E-04
2583,1.17E-04,-1.21E-05,1.52E-04,-1.28E-04,1.28E-04,1.96E-04,1.26E-05,1.55E-04,1.55E-04,6.10E-04,-1.01E-04,-1.00E-05,-3.58E-05,1.02E-04,1.58E-04,2.27E-04,-1.06E-04,1.71E-04,2.53E-04,5.53E-04
2584,1.18E-04,-8.54E-06,1.51E-04,-1.27E-04,1.23E-04,1.96E-04,1.46E-05,1.55E-04,1.52E-04,6.05E-04,-1.02E-04,-9.47E-06,-3.52E-05,1.05E-04,1.64E-04,2.28E-04,-1.06E-04,1.72E-04,2.59E-04,5.42E-04
2585,1.18E-04,-6.06E-06,1.47E-04,-1.27E-04,1.17E-04,1.93E-04,1.52E-05,1.53E-04,1.46E-04,5.96E-04,-1.03E-04,-9.80E-06,-3.53E-05,1.08E-04,1.69E-04,2.27E-04,-1.07E-04,1.72E-04,2.64E-04,5.30E-04
2586,1.16E-04,-4.68E-06,1.42E-04,-1.27E-04,1.10E-04,1.88E-04,1.45E-05,1.49E-04,1.40E-04,5.85E-04,-1.05E-04,-1.09E-05,-3.61E-05,1.10E-04,1.73E-04,2.24E-04,-1.08E-04,1.70E-04,2.68E-04,5.17E-04
2587,1.14E-04,-4.32E-06,1.35E-04,-1.28E-04,1.01E-04,1.80E-04,1.26E-05,1.44E-04,1.32E-04,5.72E-04,-1.08E-04,-1.27E-05,-3.73E-05,1.12E-04,1.76E-04,2.18E-04,-1.10E-04,1.69E-04,2.69E-04,5.03E-04
2588,1.09E-04,-4.90E-06,1.27E-04,-1.29E-04,9.19E-05,1.71E-04,9.77E-06,1.38E-04,1.22E-04,5.57E-04,-1.10E-04,-1.50E-05,-3.90E-05,1.13E-04,1.78E-04,2.10E-04,-1.13E-04,1.67E-04,2.69E-04,4.89E-04
2589,1.04E-04,-6.31E-06,1.18E-04,-1.31E-04,8.19E-05,1.61E-04,6.15E-06,1.31E-04,1.12E-04,5.40E-04,-1.13E-04,-1.77E-05,-4.11E-05,1.14E-04,1.78E-04,2.00E-04,-1.16E-04,1.64E-04,2.67E-04,4.74E-04
2590,9.79E-05,-8.46E-06,1.08E-04,-1.33E-04,7.14E-05,1.49E-04,1.93E-06,1.23E-04,1.02E-04,5.23E-04,-1.15E-04,-2.08E-05,-4.33E-05,1.15E-04,1.78E-04,1.89E-04,-1.18E-04,1.61E-04,2.65E-04,4.60E-04
2591,9.06E-05,-1.12E-05,9.71E-05,-1.36E-04,6.05E-05,1.37E-04,-2.72E-06,1.14E-04,9.09E-05,5.05E-04,-1.18E-04,-2.40E-05,-4.57E-05,1.15E-04,1.76E-04,1.76E-04,-1.21E-04,1.59E-04,2.61E-04,4.46E-04
2592,8.27E-05,-1.46E-05,8.57E-05,-1.38E-04,4.94E-05,1.25E-04,-7.68E-06,1.05E-04,7.99E-05,4.87E-04,-1.20E-04,-2.74E-05,-4.81E-05,1.16E-04,1.75E-04,1.63E-04,-1.24E-04,1.56E-04,2.57E-04,4.33E-04
2593,7.42E-05,-1.84E-05,7.39E-05,-1.40E-04,3.82E-05,1.13E-04,-1.28E-05,9.55E-05,6.90E-05,4.70E-04,-1.23E-04,-3.08E-05,-5.05E-05,1.17E-04,1.72E-04,1.50E-04,-1.27E-04,1.54E-04,2.53E-04,4.20E-04
2594,6.55E-05,-2.26E-05,6.20E-05,-1.42E-04,2.70E-05,1.01E-04,-1.81E-05,8.59E-05,5.83E-05,4.53E-04,-1.24E-04,-3.41E-05,-5.27E-05,1.18E-04,1.70E-04,1.37E-04,-1.30E-04,1.52E-04,2.48E-04,4.07E-04
2595,5.67E-05,-2.71E-05,5.00E-05,-1.44E-04,1.60E-05,8.91E-05,-2.33E-05,7.63E-05,4.79E-05,4.38E-04,-1.26E-04,-3.73E-05,-5.46E-05,1.20E-04,1.67E-04,1.25E-04,-1.32E-04,1.50E-04,2.43E-04,3.95E-04
2596,4.80E-05,-3.19E-05,3.81E-05,-1.44E-04,5.10E-06,7.79E-05,-2.86E-05,6.67E-05,3.79E-05,4.23E-04,-1.27E-04,-4.03E-05,-5.63E-05,1.23E-04,1.64E-04,1.13E-04,-1.35E-04,1.48E-04,2.37E-04,3.83E-04
2597,3.98E-05,-3.71E-05,2.64E-05,-1.43E-04,-5.53E-06,6.73E-05,-3.39E-05,5.72E-05,2.83E-05,4.10E-04,-1.27E-04,-4.32E-05,-5.77E-05,1.26E-04,1.61E-04,1.02E-04,-1.37E-04,1.46E-04,2.32E-04,3.71E-04
2598,3.20E-05,-4.25E-05,1.49E-05,-1.42E-04,-1.58E-05,5.71E-05,-3.91E-05,4.77E-05,1.91E-05,3.98E-04,-1.26E-04,-4.58E-05,-5.87E-05,1.30E-04,1.58E-04,9.29E-05,-1.40E-04,1.45E-04,2.26E-04,3.59E-04
2599,2.49E-05,-4.81E-05,3.82E-06,-1.39E-04,-2.58E-05,4.74E-05,-4.43E-05,3.84E-05,1.03E-05,3.86E-04,-1.25E-04,-4.81E-05,-5.94E-05,1.34E-04,1.55E-04,8.45E-05,-1.42E-04,1.43E-04,2.20E-04,3.47E-04
2600,1.86E-05,-5.39E-05,-6.96E-06,-1.34E-04,-3.53E-05,3.81E-05,-4.95E-05,2.92E-05,1.97E-06,3.76E-04,-1.23E-04,-5.02E-05,-5.97E-05,1.39E-04,1.52E-04,7.71E-05,-1.45E-04,1.41E-04,2.14E-04,3.34E-04
2601,1.32E-05,-5.98E-05,-1.74E-05,-1.29E-04,-4.43E-05,2.91E-05,-5.46E-05,2.02E-05,-6.05E-06,3.66E-04,-1.20E-04,-5.18E-05,-5.96E-05,1.45E-04,1.49E-04,7.04E-05,-1.48E-04,1.38E-04,2.08E-04,3.22E-04
2602,8.61E-06,-6.59E-05,-2.74E-05,-1.22E-04,-5.28E-05,2.04E-05,-5.95E-05,1.15E-05,-1.38E-05,3.57E-04,-1.16E-04,-5.31E-05,-5.91E-05,1.51E-04,1.46E-04,6.44E-05,-1.51E-04,1.36E-04,2.01E-04,3.09E-04
2603,4.86E-06,-7.19E-05,-3.70E-05,-1.13E-04,-6.06E-05,1.20E-05,-6.44E-05,3.13E-06,-2.12E-05,3.48E-04,-1.12E-04,-5.39E-05,-5.82E-05,1.58E-04,1.42E-04,5.88E-05,-1.54E-04,1.33E-04,1.94E-04,2.96E-04
2604,1.91E-06,-7.80E-05,-4.63E-05,-1.04E-04,-6.77E-05,3.88E-06,-6.90E-05,-4.87E-06,-2.83E-05,3.39E-04,-1.06E-04,-5.41E-05,-5.69E-05,1.64E-04,1.39E-04,5.34E-05,-1.56E-04,1.30E-04,1.87E-04,2.83E-04
2605,-3.17E-07,-8.38E-05,-5.51E-05,-9.31E-05,-7.41E-05,-3.90E-06,-7.33E-05,-1.24E-05,-3.51E-05,3.31E-04,-1.00E-04,-5.37E-05,-5.52E-05,1.71E-04,1.35E-04,4.80E-05,-1.59E-04,1.27E-04,1.79E-04,2.71E-04
2606,-1.92E-06,-8.95E-05,-6.36E-05,-8.16E-05,-7.97E-05,-1.13E-05,-7.73E-05,-1.94E-05,-4.16E-05,3.23E-04,-9.32E-05,-5.25E-05,-5.31E-05,1.78E-04,1.31E-04,4.25E-05,-1.61E-04,1.24E-04,1.71E-04,2.59E-04
2607,-3.00E-06,-9.48E-05,-7.16E-05,-6.94E-05,-8.44E-05,-1.82E-05,-8.08E-05,-2.58E-05,-4.76E-05,3.15E-04,-8.59E-05,-5.06E-05,-5.05E-05,1.84E-04,1.26E-04,3.67E-05,-1.62E-04,1.21E-04,1.63E-04,2.47E-04
2608,-3.66E-06,-9.97E-05,-7.92E-05,-5.65E-05,-8.81E-05,-2.46E-05,-8.37E-05,-3.16E-05,-5.33E-05,3.08E-04,-7.80E-05,-4.78E-05,-4.74E-05,1.90E-04,1.21E-04,3.06E-05,-1.63E-04,1.18E-04,1.54E-04,2.37E-04
2609,-4.00E-06,-1.04E-04,-8.64E-05,-4.33E-05,-9.10E-05,-3.04E-05,-8.61E-05,-3.66E-05,-5.84E-05,3.01E-04,-6.98E-05,-4.42E-05,-4.39E-05,1.96E-04,1.16E-04,2.43E-05,-1.63E-04,1.15E-04,1.45E-04,2.27E-04
2610,-4.11E-06,-1.08E-04,-9.31E-05,-2.99E-05,-9.30E-05,-3.54E-05,-8.79E-05,-4.09E-05,-6.29E-05,2.95E-04,-6.12E-05,-3.97E-05,-3.99E-05,2.01E-04,1.11E-04,1.79E-05,-1.63E-04,1.13E-04,1.37E-04,2.19E-04
2611,-4.05E-06,-1.11E-04,-9.93E-05,-1.65E-05,-9.40E-05,-3.98E-05,-8.90E-05,-4.45E-05,-6.69E-05,2.89E-04,-5.23E-05,-3.43E-05,-3.55E-05,2.05E-04,1.05E-04,1.15E-05,-1.61E-04,1.11E-04,1.28E-04,2.12E-04
2612,-3.87E-06,-1.14E-04,-1.05E-04,-3.23E-06,-9.43E-05,-4.33E-05,-8.94E-05,-4.74E-05,-7.02E-05,2.84E-04,-4.33E-05,-2.81E-05,-3.07E-05,2.09E-04,9.98E-05,5.39E-06,-1.58E-04,1.09E-04,1.19E-04,2.05E-04
2613,-3.59E-06,-1.16E-04,-1.10E-04,9.78E-06,-9.39E-05,-4.62E-05,-8.92E-05,-4.98E-05,-7.29E-05,2.81E-04,-3.42E-05,-2.12E-05,-2.54E-05,2.13E-04,9.43E-05,-2.02E-07,-1.55E-04,1.09E-04,1.11E-04,2.00E-04
2614,-3.22E-06,-1.17E-04,-1.15E-04,2.24E-05,-9.28E-05,-4.84E-05,-8.85E-05,-5.15E-05,-7.50E-05,2.77E-04,-2.50E-05,-1.36E-05,-1.99E-05,2.16E-04,8.89E-05,-5.05E-06,-1.50E-04,1.08E-04,1.02E-04,1.96E-04
2615,-2.75E-06,-1.18E-04,-1.19E-04,3.45E-05,-9.12E-05,-4.99E-05,-8.72E-05,-5.29E-05,-7.66E-05,2.75E-04,-1.57E-05,-5.45E-06,-1.41E-05,2.19E-04,8.38E-05,-8.93E-06,-1.44E-04,1.09E-04,9.40E-05,1.93E-04
2616,-2.14E-06,-1.18E-04,-1.23E-04,4.60E-05,-8.93E-05,-5.10E-05,-8.56E-05,-5.40E-05,-7.77E-05,2.74E-04,-6.50E-06,3.07E-06,-8.10E-06,2.21E-04,7.89E-05,-1.16E-05,-1.38E-04,1.10E-04,8.61E-05,1.91E-04
2617,-1.35E-06,-1.17E-04,-1.26E-04,5.68E-05,-8.71E-05,-5.17E-05,-8.36E-05,-5.48E-05,-7.85E-05,2.72E-04,2.67E-06,1.18E-05,-2.07E-06,2.24E-04,7.45E-05,-1.30E-05,-1.31E-04,1.11E-04,7.84E-05,1.89E-04
2618,-3.56E-07,-1.16E-04,-1.28E-04,6.70E-05,-8.48E-05,-5.22E-05,-8.15E-05,-5.55E-05,-7.90E-05,2.72E-04,1.18E-05,2.06E-05,3.89E-06,2.26E-04,7.05E-05,-1.31E-05,-1.23E-04,1.13E-04,7.10E-05,1.88E-04
2619,8.84E-07,-1.15E-04,-1.30E-04,7.63E-05,-8.25E-05,-5.25E-05,-7.92E-05,-5.61E-05,-7.95E-05,2.71E-04,2.08E-05,2.93E-05,9.67E-06,2.27E-04,6.70E-05,-1.17E-05,-1.15E-04,1.15E-04,6.40E-05,1.87E-04
2620,2.39E-06,-1.13E-04,-1.32E-04,8.49E-05,-8.02E-05,-5.28E-05,-7.69E-05,-5.66E-05,-8.00E-05,2.70E-04,2.97E-05,3.77E-05,1.52E-05,2.29E-04,6.40E-05,-8.93E-06,-1.07E-04,1.18E-04,5.73E-05,1.86E-04
2621,4.18E-06,-1.11E-04,-1.32E-04,9.26E-05,-7.80E-05,-5.32E-05,-7.45E-05,-5.71E-05,-8.06E-05,2.69E-04,3.85E-05,4.57E-05,2.02E-05,2.30E-04,6.14E-05,-4.96E-06,-9.79E-05,1.20E-04,5.10E-05,1.85E-04
2622,6.25E-06,-1.09E-04,-1.32E-04,9.95E-05,-7.59E-05,-5.37E-05,-7.21E-05,-5.75E-05,-8.14E-05,2.68E-04,4.72E-05,5.33E-05,2.48E-05,2.30E-04,5.93E-05,4.59E-08,-8.91E-05,1.22E-04,4.51E-05,1.85E-04
2623,8.56E-06,-1.06E-04,-1.32E-04,1.05E-04,-7.39E-05,-5.43E-05,-6.97E-05,-5.76E-05,-8.25E-05,2.66E-04,5.56E-05,6.03E-05,2.88E-05,2.31E-04,5.76E-05,5.87E-06,-8.04E-05,1.25E-04,3.97E-05,1.84E-04
2624,1.11E-05,-1.03E-04,-1.30E-04,1.11E-04,-7.20E-05,-5.50E-05,-6.72E-05,-5.75E-05,-8.39E-05,2.63E-04,6.39E-05,6.67E-05,3.21E-05,2.31E-04,5.62E-05,1.23E-05,-7.16E-05,1.27E-04,3.48E-05,1.84E-04
2625,1.38E-05,-9.97E-05,-1.28E-04,1.15E-04,-7.00E-05,-5.57E-05,-6.44E-05,-5.68E-05,-8.55E-05,2.60E-04,7.19E-05,7.25E-05,3.48E-05,2.31E-04,5.51E-05,1.89E-05,-6.30E-05,1.28E-04,3.07E-05,1.83E-04
2626,1.65E-05,-9.58E-05,-1.25E-04,1.18E-04,-6.78E-05,-5.63E-05,-6.14E-05,-5.54E-05,-8.73E-05,2.56E-04,7.96E-05,7.78E-05,3.67E-05,2.30E-04,5.41E-05,2.56E-05,-5.46E-05,1.30E-04,2.73E-05,1.83E-04
2627,1.92E-05,-9.15E-05,-1.22E-04,1.21E-04,-6.54E-05,-5.66E-05,-5.80E-05,-5.32E-05,-8.92E-05,2.51E-04,8.69E-05,8.25E-05,3.80E-05,2.29E-04,5.34E-05,3.21E-05,-4.62E-05,1.31E-04,2.48E-05,1.84E-04
2628,2.19E-05,-8.67E-05,-1.17E-04,1.23E-04,-6.26E-05,-5.66E-05,-5.41E-05,-5.00E-05,-9.10E-05,2.47E-04,9.38E-05,8.67E-05,3.87E-05,2.27E-04,5.27E-05,3.82E-05,-3.80E-05,1.32E-04,2.32E-05,1.84E-04
2629,2.44E-05,-8.13E-05,-1.12E-04,1.24E-04,-5.93E-05,-5.60E-05,-4.96E-05,-4.56E-05,-9.26E-05,2.42E-04,1.00E-04,9.06E-05,3.88E-05,2.24E-04,5.21E-05,4.38E-05,-2.99E-05,1.33E-04,2.27E-05,1.86E-04
2630,2.67E-05,-7.53E-05,-1.06E-04,1.24E-04,-5.55E-05,-5.48E-05,-4.44E-05,-4.01E-05,-9.37E-05,2.37E-04,1.06E-04,9.42E-05,3.84E-05,2.22E-04,5.17E-05,4.87E-05,-2.19E-05,1.34E-04,2.33E-05,1.88E-04
2631,2.86E-05,-6.87E-05,-9.96E-05,1.24E-04,-5.09E-05,-5.26E-05,-3.84E-05,-3.33E-05,-9.43E-05,2.32E-04,1.11E-04,9.77E-05,3.76E-05,2.18E-04,5.13E-05,5.30E-05,-1.39E-05,1.35E-04,2.51E-05,1.91E-04
2632,3.03E-05,-6.17E-05,-9.25E-05,1.24E-04,-4.57E-05,-4.96E-05,-3.18E-05,-2.53E-05,-9.42E-05,2.27E-04,1.16E-04,1.01E-04,3.65E-05,2.15E-04,5.12E-05,5.67E-05,-6.01E-06,1.36E-04,2.81E-05,1.94E-04
2633,3.16E-05,-5.41E-05,-8.49E-05,1.23E-04,-3.97E-05,-4.55E-05,-2.45E-05,-1.62E-05,-9.33E-05,2.24E-04,1.20E-04,1.04E-04,3.53E-05,2.11E-04,5.13E-05,6.00E-05,1.82E-06,1.37E-04,3.22E-05,1.98E-04
2634,3.25E-05,-4.62E-05,-7.70E-05,1.22E-04,-3.31E-05,-4.05E-05,-1.66E-05,-6.15E-06,-9.15E-05,2.21E-04,1.23E-04,1.08E-04,3.40E-05,2.07E-04,5.17E-05,6.28E-05,9.58E-06,1.38E-04,3.75E-05,2.03E-04
2635,3.31E-05,-3.81E-05,-6.88E-05,1.20E-04,-2.59E-05,-3.44E-05,-8.31E-06,4.58E-06,-8.88E-05,2.19E-04,1.25E-04,1.11E-04,3.27E-05,2.02E-04,5.26E-05,6.55E-05,1.72E-05,1.39E-04,4.38E-05,2.08E-04
2636,3.35E-05,-2.98E-05,-6.07E-05,1.19E-04,-1.81E-05,-2.73E-05,2.95E-07,1.57E-05,-8.52E-05,2.18E-04,1.27E-04,1.14E-04,3.15E-05,1.98E-04,5.40E-05,6.82E-05,2.47E-05,1.40E-04,5.11E-05,2.14E-04
2637,3.36E-05,-2.15E-05,-5.26E-05,1.18E-04,-9.99E-06,-1.95E-05,8.99E-06,2.70E-05,-8.07E-05,2.18E-04,1.28E-04,1.18E-04,3.05E-05,1.94E-04,5.61E-05,7.11E-05,3.20E-05,1.42E-04,5.91E-05,2.19E-04
2638,3.36E-05,-1.35E-05,-4.48E-05,1.17E-04,-1.60E-06,-1.09E-05,1.76E-05,3.81E-05,-7.56E-05,2.19E-04,1.29E-04,1.21E-04,2.97E-05,1.91E-04,5.88E-05,7.45E-05,3.90E-05,1.44E-04,6.79E-05,2.24E-04
2639,3.36E-05,-5.80E-06,-3.74E-05,1.16E-04,6.88E-06,-1.75E-06,2.58E-05,4.86E-05,-6.99E-05,2.20E-04,1.29E-04,1.25E-04,2.92E-05,1.87E-04,6.24E-05,7.84E-05,4.57E-05,1.46E-04,7.71E-05,2.30E-04
2640,3.37E-05,1.38E-06,-3.05E-05,1.16E-04,1.53E-05,7.76E-06,3.36E-05,5.84E-05,-6.39E-05,2.22E-04,1.28E-04,1.28E-04,2.90E-05,1.84E-04,6.69E-05,8.30E-05,5.21E-05,1.48E-04,8.67E-05,2.35E-04
2641,3.39E-05,7.92E-06,-2.42E-05,1.16E-04,2.36E-05,1.75E-05,4.06E-05,6.71E-05,-5.77E-05,2.24E-04,1.28E-04,1.31E-04,2.90E-05,1.82E-04,7.22E-05,8.83E-05,5.80E-05,1.50E-04,9.66E-05,2.39E-04
2642,3.44E-05,1.37E-05,-1.85E-05,1.17E-04,3.17E-05,2.72E-05,4.69E-05,7.46E-05,-5.15E-05,2.27E-04,1.27E-04,1.34E-04,2.94E-05,1.80E-04,7.85E-05,9.45E-05,6.35E-05,1.53E-04,1.07E-04,2.43E-04
2643,3.53E-05,1.88E-05,-1.36E-05,1.18E-04,3.94E-05,3.69E-05,5.23E-05,8.07E-05,-4.56E-05,2.29E-04,1.27E-04,1.37E-04,3.01E-05,1.78E-04,8.56E-05,1.02E-04,6.87E-05,1.55E-04,1.17E-04,2.46E-04
2644,3.66E-05,2.30E-05,-9.23E-06,1.19E-04,4.68E-05,4.64E-05,5.68E-05,8.55E-05,-4.01E-05,2.32E-04,1.26E-04,1.39E-04,3.11E-05,1.77E-04,9.36E-05,1.09E-04,7.34E-05,1.58E-04,1.27E-04,2.49E-04
2645,3.86E-05,2.65E-05,-5.45E-06,1.22E-04,5.38E-05,5.56E-05,6.04E-05,8.89E-05,-3.51E-05,2.34E-04,1.26E-04,1.41E-04,3.24E-05,1.77E-04,1.02E-04,1.18E-04,7.78E-05,1.61E-04,1.37E-04,2.52E-04
2646,4.11E-05,2.92E-05,-2.14E-06,1.24E-04,6.06E-05,6.44E-05,6.33E-05,9.11E-05,-3.07E-05,2.35E-04,1.26E-04,1.44E-04,3.41E-05,1.77E-04,1.12E-04,1.27E-04,8.19E-05,1.64E-04,1.47E-04,2.54E-04
2647,4.43E-05,3.13E-05,8.42E-07,1.27E-04,6.72E-05,7.29E-05,6.55E-05,9.24E-05,-2.70E-05,2.36E-04,1.27E-04,1.46E-04,3.60E-05,1.77E-04,1.22E-04,1.36E-04,8.58E-05,1.67E-04,1.58E-04,2.55E-04
2648,4.83E-05,3.30E-05,3.65E-06,1.31E-04,7.36E-05,8.10E-05,6.73E-05,9.29E-05,-2.39E-05,2.37E-04,1.28E-04,1.48E-04,3.83E-05,1.78E-04,1.32E-04,1.46E-04,8.97E-05,1.70E-04,1.68E-04,2.57E-04
2649,5.30E-05,3.43E-05,6.45E-06,1.35E-04,8.01E-05,8.88E-05,6.88E-05,9.28E-05,-2.13E-05,2.37E-04,1.30E-04,1.49E-04,4.09E-05,1.78E-04,1.43E-04,1.55E-04,9.37E-05,1.74E-04,1.79E-04,2.58E-04
2650,5.85E-05,3.54E-05,9.41E-06,1.40E-04,8.68E-05,9.64E-05,7.02E-05,9.26E-05,-1.93E-05,2.37E-04,1.33E-04,1.51E-04,4.38E-05,1.80E-04,1.54E-04,1.65E-04,9.77E-05,1.78E-04,1.90E-04,2.60E-04
2651,6.47E-05,3.66E-05,1.27E-05,1.45E-04,9.36E-05,1.04E-04,7.18E-05,9.24E-05,-1.75E-05,2.37E-04,1.36E-04,1.54E-04,4.71E-05,1.81E-04,1.65E-04,1.74E-04,1.02E-04,1.82E-04,2.02E-04,2.61E-04
2652,7.17E-05,3.79E-05,1.64E-05,1.50E-04,1.01E-04,1.11E-04,7.37E-05,9.25E-05,-1.60E-05,2.36E-04,1.40E-04,1.56E-04,5.08E-05,1.82E-04,1.75E-04,1.84E-04,1.07E-04,1.86E-04,2.14E-04,2.63E-04
2653,7.93E-05,3.94E-05,2.06E-05,1.56E-04,1.08E-04,1.18E-04,7.60E-05,9.30E-05,-1.44E-05,2.36E-04,1.44E-04,1.59E-04,5.48E-05,1.84E-04,1.86E-04,1.93E-04,1.12E-04,1.91E-04,2.26E-04,2.65E-04
2654,8.75E-05,4.14E-05,2.54E-05,1.62E-04,1.16E-04,1.25E-04,7.88E-05,9.42E-05,-1.28E-05,2.35E-04,1.48E-04,1.62E-04,5.92E-05,1.86E-04,1.96E-04,2.02E-04,1.17E-04,1.96E-04,2.39E-04,2.67E-04
2655,9.62E-05,4.37E-05,3.09E-05,1.68E-04,1.25E-04,1.32E-04,8.22E-05,9.60E-05,-1.09E-05,2.35E-04,1.53E-04,1.65E-04,6.38E-05,1.88E-04,2.06E-04,2.10E-04,1.23E-04,2.02E-04,2.52E-04,2.69E-04
2656,1.05E-04,4.66E-05,3.69E-05,1.75E-04,1.33E-04,1.39E-04,8.61E-05,9.85E-05,-8.70E-06,2.35E-04,1.58E-04,1.69E-04,6.88E-05,1.90E-04,2.15E-04,2.18E-04,1.29E-04,2.07E-04,2.66E-04,2.70E-04
2657,1.15E-04,4.99E-05,4.34E-05,1.82E-04,1.42E-04,1.46E-04,9.05E-05,1.02E-04,-6.13E-06,2.36E-04,1.62E-04,1.72E-04,7.39E-05,1.92E-04,2.23E-04,2.25E-04,1.35E-04,2.13E-04,2.79E-04,2.72E-04
2658,1.24E-04,5.36E-05,5.03E-05,1.90E-04,1.51E-04,1.52E-04,9.52E-05,1.05E-04,-3.20E-06,2.36E-04,1.66E-04,1.76E-04,7.90E-05,1.94E-04,2.31E-04,2.33E-04,1.42E-04,2.18E-04,2.92E-04,2.73E-04
2659,1.34E-04,5.76E-05,5.75E-05,1.98E-04,1.59E-04,1.58E-04,1.00E-04,1.09E-04,5.32E-08,2.37E-04,1.70E-04,1.80E-04,8.41E-05,1.97E-04,2.37E-04,2.39E-04,1.48E-04,2.24E-04,3.05E-04,2.73E-04
2660,1.43E-04,6.19E-05,6.48E-05,2.05E-04,1.68E-04,1.64E-04,1.05E-04,1.13E-04,3.55E-06,2.38E-04,1.73E-04,1.84E-04,8.91E-05,1.99E-04,2.43E-04,2.46E-04,1.55E-04,2.29E-04,3.17E-04,2.72E-04
2661,1.52E-04,6.64E-05,7.21E-05,2.13E-04,1.75E-04,1.68E-04,1.10E-04,1.17E-04,7.17E-06,2.38E-04,1.76E-04,1.88E-04,9.37E-05,2.01E-04,2.47E-04,2.51E-04,1.61E-04,2.33E-04,3.29E-04,2.70E-04
2662,1.60E-04,7.09E-05,7.91E-05,2.21E-04,1.82E-04,1.72E-04,1.15E-04,1.20E-04,1.08E-05,2.38E-04,1.77E-04,1.92E-04,9.79E-05,2.03E-04,2.50E-04,2.56E-04,1.67E-04,2.37E-04,3.39E-04,2.67E-04
2663,1.68E-04,7.53E-05,8.57E-05,2.29E-04,1.87E-04,1.75E-04,1.19E-04,1.23E-04,1.42E-05,2.38E-04,1.78E-04,1.95E-04,1.02E-04,2.04E-04,2.53E-04,2.60E-04,1.73E-04,2.41E-04,3.47E-04,2.63E-04
2664,1.74E-04,7.95E-05,9.18E-05,2.36E-04,1.92E-04,1.76E-04,1.22E-04,1.25E-04,1.73E-05,2.37E-04,1.78E-04,1.98E-04,1.04E-04,2.05E-04,2.53E-04,2.64E-04,1.79E-04,2.43E-04,3.55E-04,2.57E-04
2665,1.80E-04,8.35E-05,9.72E-05,2.42E-04,1.95E-04,1.77E-04,1.25E-04,1.27E-04,2.00E-05,2.34E-04,1.77E-04,2.00E-04,1.07E-04,2.06E-04,2.53E-04,2.66E-04,1.84E-04,2.45E-04,3.60E-04,2.50E-04
2666,1.84E-04,8.72E-05,1.02E-04,2.49E-04,1.97E-04,1.76E-04,1.28E-04,1.28E-04,2.21E-05,2.31E-04,1.74E-04,2.01E-04,1.08E-04,2.06E-04,2.51E-04,2.67E-04,1.88E-04,2.46E-04,3.64E-04,2.42E-04
2667,1.88E-04,9.05E-05,1.06E-04,2.54E-04,1.98E-04,1.73E-04,1.29E-04,1.29E-04,2.36E-05,2.27E-04,1.71E-04,2.03E-04,1.08E-04,2.05E-04,2.48E-04,2.66E-04,1.92E-04,2.46E-04,3.66E-04,2.33E-04
2668,1.90E-04,9.35E-05,1.09E-04,2.58E-04,1.97E-04,1.69E-04,1.30E-04,1.29E-04,2.44E-05,2.21E-04,1.67E-04,2.03E-04,1.08E-04,2.04E-04,2.43E-04,2.64E-04,1.95E-04,2.45E-04,3.66E-04,2.22E-04
2669,1.90E-04,9.61E-05,1.12E-04,2.62E-04,1.95E-04,1.64E-04,1.31E-04,1.28E-04,2.46E-05,2.14E-04,1.62E-04,2.03E-04,1.06E-04,2.01E-04,2.38E-04,2.61E-04,1.98E-04,2.43E-04,3.65E-04,2.11E-04
2670,1.90E-04,9.84E-05,1.14E-04,2.64E-04,1.92E-04,1.57E-04,1.31E-04,1.28E-04,2.42E-05,2.07E-04,1.57E-04,2.02E-04,1.04E-04,1.98E-04,2.30E-04,2.56E-04,2.01E-04,2.41E-04,3.62E-04,1.99E-04
2671,1.88E-04,1.00E-04,1.15E-04,2.66E-04,1.89E-04,1.49E-04,1.31E-04,1.28E-04,2.33E-05,1.98E-04,1.51E-04,2.01E-04,1.00E-04,1.94E-04,2.22E-04,2.49E-04,2.03E-04,2.38E-04,3.58E-04,1.87E-04
2672,1.85E-04,1.02E-04,1.16E-04,2.66E-04,1.84E-04,1.41E-04,1.31E-04,1.28E-04,2.21E-05,1.88E-04,1.45E-04,2.00E-04,9.64E-05,1.89E-04,2.12E-04,2.40E-04,2.05E-04,2.34E-04,3.53E-04,1.74E-04
2673,1.82E-04,1.04E-04,1.17E-04,2.66E-04,1.80E-04,1.31E-04,1.32E-04,1.28E-04,2.08E-05,1.79E-04,1.38E-04,1.98E-04,9.20E-05,1.83E-04,2.02E-04,2.30E-04,2.07E-04,2.31E-04,3.48E-04,1.62E-04
2674,1.77E-04,1.05E-04,1.17E-04,2.65E-04,1.75E-04,1.22E-04,1.32E-04,1.29E-04,1.95E-05,1.69E-04,1.31E-04,1.97E-04,8.72E-05,1.77E-04,1.90E-04,2.18E-04,2.09E-04,2.27E-04,3.41E-04,1.50E-04
2675,1.72E-04,1.07E-04,1.17E-04,2.63E-04,1.70E-04,1.12E-04,1.33E-04,1.31E-04,1.83E-05,1.59E-04,1.24E-04,1.95E-04,8.22E-05,1.70E-04,1.78E-04,2.05E-04,2.10E-04,2.23E-04,3.34E-04,1.38E-04
2676,1.66E-04,1.08E-04,1.18E-04,2.60E-04,1.66E-04,1.01E-04,1.35E-04,1.34E-04,1.75E-05,1.49E-04,1.17E-04,1.93E-04,7.71E-05,1.62E-04,1.65E-04,1.91E-04,2.12E-04,2.19E-04,3.27E-04,1.27E-04
2677,1.61E-04,1.10E-04,1.18E-04,2.57E-04,1.62E-04,9.16E-05,1.37E-04,1.38E-04,1.72E-05,1.40E-04,1.11E-04,1.92E-04,7.21E-05,1.55E-04,1.52E-04,1.77E-04,2.13E-04,2.15E-04,3.19E-04,1.16E-04
2678,1.55E-04,1.11E-04,1.18E-04,2.54E-04,1.58E-04,8.21E-05,1.39E-04,1.42E-04,1.74E-05,1.32E-04,1.04E-04,1.90E-04,6.73E-05,1.48E-04,1.39E-04,1.61E-04,2.14E-04,2.11E-04,3.12E-04,1.06E-04
2679,1.49E-04,1.12E-04,1.19E-04,2.50E-04,1.54E-04,7.32E-05,1.42E-04,1.47E-04,1.81E-05,1.24E-04,9.76E-05,1.88E-04,6.28E-05,1.41E-04,1.25E-04,1.46E-04,2.16E-04,2.08E-04,3.04E-04,9.60E-05
2680,1.44E-04,1.13E-04,1.19E-04,2.47E-04,1.51E-04,6.51E-05,1.45E-04,1.51E-04,1.95E-05,1.18E-04,9.13E-05,1.87E-04,5.87E-05,1.34E-04,1.12E-04,1.30E-04,2.17E-04,2.04E-04,2.97E-04,8.71E-05
2681,1.39E-04,1.13E-04,1.20E-04,2.45E-04,1.48E-04,5.78E-05,1.49E-04,1.56E-04,2.13E-05,1.12E-04,8.53E-05,1.85E-04,5.51E-05,1.27E-04,9.86E-05,1.15E-04,2.18E-04,2.00E-04,2.90E-04,7.88E-05
2682,1.34E-04,1.13E-04,1.20E-04,2.43E-04,1.45E-04,5.15E-05,1.52E-04,1.61E-04,2.36E-05,1.07E-04,7.94E-05,1.84E-04,5.20E-05,1.21E-04,8.56E-05,1.00E-04,2.18E-04,1.97E-04,2.82E-04,7.11E-05
2683,1.30E-04,1.13E-04,1.20E-04,2.41E-04,1.42E-04,4.61E-05,1.54E-04,1.64E-04,2.61E-05,1.03E-04,7.37E-05,1.82E-04,4.94E-05,1.16E-04,7.29E-05,8.63E-05,2.19E-04,1.93E-04,2.75E-04,6.40E-05
2684,1.27E-04,1.13E-04,1.20E-04,2.41E-04,1.39E-04,4.17E-05,1.57E-04,1.67E-04,2.87E-05,1.00E-04,6.82E-05,1.81E-04,4.72E-05,1.11E-04,6.07E-05,7.32E-05,2.19E-04,1.89E-04,2.68E-04,5.73E-05
2685,1.25E-04,1.12E-04,1.19E-04,2.41E-04,1.36E-04,3.83E-05,1.59E-04,1.69E-04,3.12E-05,9.72E-05,6.29E-05,1.79E-04,4.56E-05,1.07E-04,4.88E-05,6.12E-05,2.19E-04,1.86E-04,2.60E-04,5.12E-05
2686,1.23E-04,1.10E-04,1.18E-04,2.43E-04,1.33E-04,3.58E-05,1.60E-04,1.70E-04,3.34E-05,9.48E-05,5.78E-05,1.77E-04,4.44E-05,1.03E-04,3.73E-05,5.03E-05,2.18E-04,1.82E-04,2.52E-04,4.54E-05
2687,1.22E-04,1.07E-04,1.17E-04,2.45E-04,1.30E-04,3.42E-05,1.60E-04,1.69E-04,3.51E-05,9.24E-05,5.29E-05,1.74E-04,4.36E-05,1.00E-04,2.63E-05,4.04E-05,2.17E-04,1.77E-04,2.44E-04,4.01E-05
2688,1.21E-04,1.04E-04,1.16E-04,2.49E-04,1.27E-04,3.34E-05,1.59E-04,1.66E-04,3.61E-05,9.00E-05,4.83E-05,1.72E-04,4.30E-05,9.75E-05,1.56E-05,3.16E-05,2.16E-04,1.73E-04,2.36E-04,3.53E-05
2689,1.21E-04,1.01E-04,1.14E-04,2.53E-04,1.23E-04,3.33E-05,1.57E-04,1.62E-04,3.62E-05,8.74E-05,4.39E-05,1.69E-04,4.28E-05,9.52E-05,5.14E-06,2.37E-05,2.14E-04,1.68E-04,2.27E-04,3.08E-05
2690,1.22E-04,9.69E-05,1.11E-04,2.58E-04,1.19E-04,3.39E-05,1.55E-04,1.57E-04,3.55E-05,8.43E-05,3.99E-05,1.66E-04,4.28E-05,9.30E-05,-5.03E-06,1.68E-05,2.12E-04,1.63E-04,2.19E-04,2.68E-05
2691,1.23E-04,9.24E-05,1.08E-04,2.64E-04,1.15E-04,3.50E-05,1.51E-04,1.50E-04,3.37E-05,8.08E-05,3.64E-05,1.64E-04,4.30E-05,9.09E-05,-1.50E-05,1.07E-05,2.10E-04,1.58E-04,2.10E-04,2.32E-05
2692,1.25E-04,8.74E-05,1.05E-04,2.71E-04,1.11E-04,3.67E-05,1.47E-04,1.42E-04,3.09E-05,7.67E-05,3.33E-05,1.61E-04,4.34E-05,8.88E-05,-2.48E-05,5.32E-06,2.08E-04,1.53E-04,2.00E-04,2.01E-05
2693,1.27E-04,8.20E-05,1.02E-04,2.79E-04,1.06E-04,3.88E-05,1.43E-04,1.33E-04,2.70E-05,7.20E-05,3.08E-05,1.58E-04,4.39E-05,8.67E-05,-3.46E-05,4.95E-07,2.06E-04,1.48E-04,1.91E-04,1.74E-05
2694,1.29E-04,7.64E-05,9.83E-05,2.87E-04,1.02E-04,4.13E-05,1.38E-04,1.24E-04,2.21E-05,6.68E-05,2.89E-05,1.55E-04,4.45E-05,8.44E-05,-4.42E-05,-3.86E-06,2.04E-04,1.42E-04,1.81E-04,1.52E-05
2695,1.32E-04,7.05E-05,9.45E-05,2.95E-04,9.87E-05,4.41E-05,1.32E-04,1.13E-04,1.64E-05,6.09E-05,2.77E-05,1.52E-04,4.52E-05,8.19E-05,-5.37E-05,-7.85E-06,2.01E-04,1.37E-04,1.72E-04,1.33E-05
2696,1.35E-04,6.43E-05,9.05E-05,3.04E-04,9.53E-05,4.73E-05,1.26E-04,1.03E-04,9.82E-06,5.45E-05,2.72E-05,1.50E-04,4.61E-05,7.91E-05,-6.31E-05,-1.15E-05,1.99E-04,1.31E-04,1.62E-04,1.19E-05
2697,1.39E-04,5.80E-05,8.63E-05,3.13E-04,9.22E-05,5.07E-05,1.20E-04,9.19E-05,2.58E-06,4.77E-05,2.75E-05,1.48E-04,4.70E-05,7.61E-05,-7.23E-05,-1.50E-05,1.96E-04,1.26E-04,1.52E-04,1.07E-05
2698,1.42E-04,5.16E-05,8.19E-05,3.22E-04,8.96E-05,5.43E-05,1.13E-04,8.09E-05,-5.20E-06,4.06E-05,2.86E-05,1.46E-04,4.80E-05,7.28E-05,-8.13E-05,-1.83E-05,1.94E-04,1.20E-04,1.42E-04,9.72E-06
2699,1.46E-04,4.50E-05,7.72E-05,3.31E-04,8.73E-05,5.80E-05,1.07E-04,6.96E-05,-1.34E-05,3.31E-05,3.03E-05,1.44E-04,4.90E-05,6.92E-05,-9.00E-05,-2.16E-05,1.91E-04,1.14E-04,1.32E-04,8.86E-06
2700,1.49E-04,3.82E-05,7.21E-05,3.39E-04,8.54E-05,6.18E-05,1.00E-04,5.83E-05,-2.19E-05,2.54E-05,3.28E-05,1.42E-04,5.00E-05,6.53E-05,-9.83E-05,-2.47E-05,1.88E-04,1.08E-04,1.22E-04,8.00E-06
2701,1.53E-04,3.13E-05,6.67E-05,3.48E-04,8.37E-05,6.57E-05,9.30E-05,4.69E-05,-3.06E-05,1.74E-05,3.58E-05,1.41E-04,5.09E-05,6.12E-05,-1.06E-04,-2.78E-05,1.85E-04,1.01E-04,1.12E-04,7.05E-06
2702,1.56E-04,2.43E-05,6.07E-05,3.56E-04,8.22E-05,6.94E-05,8.56E-05,3.53E-05,-3.95E-05,9.35E-06,3.93E-05,1.39E-04,5.17E-05,5.68E-05,-1.13E-04,-3.08E-05,1.82E-04,9.47E-05,1.01E-04,5.90E-06
2703,1.58E-04,1.71E-05,5.42E-05,3.63E-04,8.07E-05,7.30E-05,7.79E-05,2.35E-05,-4.84E-05,1.10E-06,4.32E-05,1.37E-04,5.22E-05,5.22E-05,-1.20E-04,-3.40E-05,1.78E-04,8.75E-05,8.93E-05,4.45E-06
2704,1.60E-04,9.79E-06,4.69E-05,3.70E-04,7.90E-05,7.63E-05,6.97E-05,1.14E-05,-5.74E-05,-7.32E-06,4.74E-05,1.36E-04,5.24E-05,4.73E-05,-1.26E-04,-3.71E-05,1.73E-04,7.98E-05,7.72E-05,2.62E-06
2705,1.62E-04,2.32E-06,3.90E-05,3.76E-04,7.70E-05,7.91E-05,6.11E-05,-1.10E-06,-6.64E-05,-1.60E-05,5.16E-05,1.34E-04,5.21E-05,4.20E-05,-1.31E-04,-4.05E-05,1.69E-04,7.15E-05,6.45E-05,3.67E-07
2706,1.62E-04,-5.25E-06,3.04E-05,3.82E-04,7.45E-05,8.14E-05,5.20E-05,-1.39E-05,-7.54E-05,-2.49E-05,5.57E-05,1.31E-04,5.13E-05,3.65E-05,-1.35E-04,-4.40E-05,1.63E-04,6.25E-05,5.11E-05,-2.35E-06
2707,1.62E-04,-1.29E-05,2.11E-05,3.86E-04,7.14E-05,8.30E-05,4.23E-05,-2.72E-05,-8.44E-05,-3.40E-05,5.96E-05,1.28E-04,4.99E-05,3.06E-05,-1.39E-04,-4.78E-05,1.58E-04,5.28E-05,3.69E-05,-5.52E-06
2708,1.60E-04,-2.06E-05,1.11E-05,3.89E-04,6.76E-05,8.39E-05,3.22E-05,-4.08E-05,-9.35E-05,-4.36E-05,6.30E-05,1.25E-04,4.78E-05,2.44E-05,-1.41E-04,-5.19E-05,1.51E-04,4.24E-05,2.19E-05,-9.14E-06
2709,1.57E-04,-2.82E-05,4.39E-07,3.91E-04,6.29E-05,8.39E-05,2.17E-05,-5.47E-05,-1.03E-04,-5.36E-05,6.59E-05,1.21E-04,4.50E-05,1.78E-05,-1.43E-04,-5.65E-05,1.45E-04,3.12E-05,6.09E-06,-1.31E-05
2710,1.53E-04,-3.56E-05,-1.07E-05,3.92E-04,5.75E-05,8.30E-05,1.08E-05,-6.88E-05,-1.12E-04,-6.39E-05,6.82E-05,1.17E-04,4.15E-05,1.07E-05,-1.45E-04,-6.15E-05,1.38E-04,1.94E-05,-1.04E-05,-1.75E-05
2711,1.47E-04,-4.29E-05,-2.22E-05,3.92E-04,5.12E-05,8.11E-05,-2.78E-07,-8.31E-05,-1.21E-04,-7.47E-05,6.96E-05,1.12E-04,3.71E-05,3.23E-06,-1.45E-04,-6.72E-05,1.30E-04,6.97E-06,-2.75E-05,-2.20E-05
2712,1.40E-04,-4.99E-05,-3.39E-05,3.90E-04,4.42E-05,7.82E-05,-1.14E-05,-9.73E-05,-1.30E-04,-8.60E-05,7.01E-05,1.07E-04,3.21E-05,-4.67E-06,-1.46E-04,-7.34E-05,1.23E-04,-5.99E-06,-4.51E-05,-2.66E-05
2713,1.32E-04,-5.65E-05,-4.56E-05,3.88E-04,3.65E-05,7.44E-05,-2.25E-05,-1.11E-04,-1.40E-04,-9.76E-05,6.97E-05,1.01E-04,2.63E-05,-1.29E-05,-1.46E-04,-8.03E-05,1.16E-04,-1.94E-05,-6.30E-05,-3.13E-05
2714,1.23E-04,-6.27E-05,-5.73E-05,3.84E-04,2.83E-05,6.96E-05,-3.34E-05,-1.25E-04,-1.49E-04,-1.09E-04,6.84E-05,9.51E-05,1.99E-05,-2.16E-05,-1.46E-04,-8.78E-05,1.08E-04,-3.31E-05,-8.11E-05,-3.59E-05
2715,1.13E-04,-6.85E-05,-6.86E-05,3.79E-04,1.97E-05,6.40E-05,-4.39E-05,-1.38E-04,-1.59E-04,-1.22E-04,6.61E-05,8.89E-05,1.30E-05,-3.05E-05,-1.46E-04,-9.59E-05,1.01E-04,-4.69E-05,-9.91E-05,-4.03E-05
2716,1.03E-04,-7.37E-05,-7.96E-05,3.73E-04,1.08E-05,5.77E-05,-5.38E-05,-1.51E-04,-1.68E-04,-1.34E-04,6.29E-05,8.25E-05,5.74E-06,-3.96E-05,-1.46E-04,-1.05E-04,9.37E-05,-6.08E-05,-1.17E-04,-4.44E-05
2717,9.13E-05,-7.85E-05,-9.00E-05,3.66E-04,1.94E-06,5.08E-05,-6.32E-05,-1.62E-04,-1.77E-04,-1.46E-04,5.88E-05,7.60E-05,-1.83E-06,-4.87E-05,-1.46E-04,-1.14E-04,8.68E-05,-7.46E-05,-1.35E-04,-4.81E-05
2718,7.97E-05,-8.28E-05,-9.97E-05,3.58E-04,-6.82E-06,4.34E-05,-7.19E-05,-1.73E-04,-1.86E-04,-1.58E-04,5.40E-05,6.95E-05,-9.54E-06,-5.79E-05,-1.46E-04,-1.23E-04,8.03E-05,-8.82E-05,-1.52E-04,-5.15E-05
2719,6.81E-05,-8.68E-05,-1.09E-04,3.50E-04,-1.53E-05,3.56E-05,-7.99E-05,-1.83E-04,-1.94E-04,-1.69E-04,4.85E-05,6.30E-05,-1.73E-05,-6.69E-05,-1.47E-04,-1.32E-04,7.41E-05,-1.01E-04,-1.68E-04,-5.44E-05
2720,5.65E-05,-9.03E-05,-1.17E-04,3.41E-04,-2.33E-05,2.76E-05,-8.72E-05,-1.92E-04,-2.02E-04,-1.80E-04,4.25E-05,5.67E-05,-2.49E-05,-7.56E-05,-1.48E-04,-1.42E-04,6.83E-05,-1.14E-04,-1.83E-04,-5.69E-05
2721,4.52E-05,-9.37E-05,-1.25E-04,3.32E-04,-3.08E-05,1.95E-05,-9.37E-05,-2.00E-04,-2.09E-04,-1.91E-04,3.60E-05,5.06E-05,-3.24E-05,-8.39E-05,-1.50E-04,-1.51E-04,6.29E-05,-1.27E-04,-1.98E-04,-5.90E-05
2722,3.44E-05,-9.68E-05,-1.32E-04,3.22E-04,-3.77E-05,1.14E-05,-9.96E-05,-2.07E-04,-2.16E-04,-2.00E-04,2.93E-05,4.47E-05,-3.96E-05,-9.18E-05,-1.52E-04,-1.60E-04,5.78E-05,-1.38E-04,-2.12E-04,-6.06E-05
2723,2.41E-05,-9.99E-05,-1.38E-04,3.13E-04,-4.38E-05,3.37E-06,-1.05E-04,-2.13E-04,-2.22E-04,-2.09E-04,2.23E-05,3.90E-05,-4.64E-05,-9.91E-05,-1.54E-04,-1.68E-04,5.29E-05,-1.50E-04,-2.25E-04,-6.19E-05
2724,1.46E-05,-1.03E-04,-1.43E-04,3.04E-04,-4.92E-05,-4.48E-06,-1.10E-04,-2.18E-04,-2.28E-04,-2.16E-04,1.54E-05,3.35E-05,-5.29E-05,-1.06E-04,-1.57E-04,-1.76E-04,4.84E-05,-1.60E-04,-2.36E-04,-6.27E-05
2725,5.89E-06,-1.06E-04,-1.48E-04,2.95E-04,-5.38E-05,-1.21E-05,-1.14E-04,-2.23E-04,-2.33E-04,-2.23E-04,8.49E-06,2.83E-05,-5.91E-05,-1.12E-04,-1.60E-04,-1.83E-04,4.41E-05,-1.70E-04,-2.47E-04,-6.32E-05
2726,-1.95E-06,-1.09E-04,-1.52E-04,2.86E-04,-5.76E-05,-1.95E-05,-1.18E-04,-2.27E-04,-2.36E-04,-2.28E-04,1.77E-06,2.34E-05,-6.49E-05,-1.17E-04,-1.63E-04,-1.88E-04,4.00E-05,-1.79E-04,-2.56E-04,-6.33E-05
2727,-8.88E-06,-1.13E-04,-1.56E-04,2.78E-04,-6.06E-05,-2.66E-05,-1.21E-04,-2.30E-04,-2.39E-04,-2.32E-04,-4.69E-06,1.87E-05,-7.03E-05,-1.21E-04,-1.66E-04,-1.93E-04,3.61E-05,-1.88E-04,-2.65E-04,-6.29E-05
2728,-1.49E-05,-1.16E-04,-1.59E-04,2.70E-04,-6.29E-05,-3.34E-05,-1.24E-04,-2.33E-04,-2.42E-04,-2.35E-04,-1.08E-05,1.44E-05,-7.54E-05,-1.25E-04,-1.70E-04,-1.97E-04,3.25E-05,-1.96E-04,-2.72E-04,-6.22E-05
2729,-1.99E-05,-1.20E-04,-1.62E-04,2.63E-04,-6.45E-05,-3.99E-05,-1.27E-04,-2.34E-04,-2.43E-04,-2.36E-04,-1.65E-05,1.04E-05,-8.02E-05,-1.28E-04,-1.73E-04,-2.00E-04,2.92E-05,-2.02E-04,-2.78E-04,-6.09E-05
2730,-2.40E-05,-1.23E-04,-1.64E-04,2.56E-04,-6.53E-05,-4.61E-05,-1.29E-04,-2.35E-04,-2.43E-04,-2.37E-04,-2.18E-05,6.88E-06,-8.47E-05,-1.31E-04,-1.76E-04,-2.01E-04,2.63E-05,-2.09E-04,-2.83E-04,-5.90E-05
2731,-2.71E-05,-1.26E-04,-1.65E-04,2.50E-04,-6.55E-05,-5.19E-05,-1.31E-04,-2.35E-04,-2.42E-04,-2.36E-04,-2.67E-05,3.81E-06,-8.90E-05,-1.33E-04,-1.78E-04,-2.02E-04,2.39E-05,-2.14E-04,-2.87E-04,-5.65E-05
2732,-2.93E-05,-1.29E-04,-1.65E-04,2.45E-04,-6.49E-05,-5.73E-05,-1.31E-04,-2.33E-04,-2.40E-04,-2.34E-04,-3.10E-05,1.31E-06,-9.30E-05,-1.34E-04,-1.81E-04,-2.02E-04,2.21E-05,-2.18E-04,-2.89E-04,-5.32E-05
2733,-3.04E-05,-1.32E-04,-1.64E-04,2.40E-04,-6.36E-05,-6.22E-05,-1.31E-04,-2.30E-04,-2.37E-04,-2.31E-04,-3.49E-05,-5.38E-07,-9.66E-05,-1.35E-04,-1.83E-04,-2.01E-04,2.10E-05,-2.21E-04,-2.90E-04,-4.90E-05
2734,-3.06E-05,-1.33E-04,-1.62E-04,2.36E-04,-6.17E-05,-6.65E-05,-1.30E-04,-2.26E-04,-2.34E-04,-2.26E-04,-3.83E-05,-1.64E-06,-1.00E-04,-1.36E-04,-1.84E-04,-2.00E-04,2.07E-05,-2.23E-04,-2.89E-04,-4.38E-05
2735,-2.97E-05,-1.34E-04,-1.59E-04,2.33E-04,-5.90E-05,-7.01E-05,-1.28E-04,-2.20E-04,-2.29E-04,-2.21E-04,-4.13E-05,-1.90E-06,-1.03E-04,-1.36E-04,-1.85E-04,-1.98E-04,2.13E-05,-2.24E-04,-2.87E-04,-3.77E-05
2736,-2.77E-05,-1.34E-04,-1.54E-04,2.30E-04,-5.56E-05,-7.29E-05,-1.24E-04,-2.13E-04,-2.23E-04,-2.15E-04,-4.39E-05,-1.24E-06,-1.05E-04,-1.35E-04,-1.85E-04,-1.95E-04,2.30E-05,-2.24E-04,-2.83E-04,-3.04E-05
2737,-2.45E-05,-1.34E-04,-1.48E-04,2.28E-04,-5.15E-05,-7.49E-05,-1.20E-04,-2.03E-04,-2.16E-04,-2.07E-04,-4.60E-05,3.95E-07,-1.07E-04,-1.35E-04,-1.85E-04,-1.93E-04,2.58E-05,-2.23E-04,-2.78E-04,-2.20E-05
2738,-2.03E-05,-1.32E-04,-1.41E-04,2.27E-04,-4.66E-05,-7.59E-05,-1.13E-04,-1.93E-04,-2.08E-04,-1.99E-04,-4.78E-05,3.04E-06,-1.09E-04,-1.33E-04,-1.84E-04,-1.90E-04,2.99E-05,-2.20E-04,-2.71E-04,-1.26E-05
2739,-1.49E-05,-1.28E-04,-1.32E-04,2.26E-04,-4.11E-05,-7.58E-05,-1.06E-04,-1.80E-04,-1.99E-04,-1.89E-04,-4.93E-05,6.71E-06,-1.09E-04,-1.32E-04,-1.83E-04,-1.87E-04,3.51E-05,-2.17E-04,-2.63E-04,-2.17E-06
2740,-8.31E-06,-1.24E-04,-1.22E-04,2.27E-04,-3.50E-05,-7.47E-05,-9.70E-05,-1.67E-04,-1.89E-04,-1.79E-04,-5.04E-05,1.14E-05,-1.09E-04,-1.29E-04,-1.81E-04,-1.84E-04,4.14E-05,-2.12E-04,-2.53E-04,9.12E-06
2741,-6.71E-07,-1.18E-04,-1.11E-04,2.27E-04,-2.84E-05,-7.24E-05,-8.71E-05,-1.52E-04,-1.79E-04,-1.69E-04,-5.13E-05,1.69E-05,-1.08E-04,-1.26E-04,-1.79E-04,-1.81E-04,4.89E-05,-2.06E-04,-2.42E-04,2.11E-05
2742,7.97E-06,-1.12E-04,-9.84E-05,2.29E-04,-2.13E-05,-6.92E-05,-7.61E-05,-1.37E-04,-1.69E-04,-1.58E-04,-5.19E-05,2.33E-05,-1.06E-04,-1.23E-04,-1.76E-04,-1.78E-04,5.72E-05,-1.99E-04,-2.31E-04,3.36E-05
2743,1.75E-05,-1.05E-04,-8.53E-05,2.31E-04,-1.40E-05,-6.51E-05,-6.45E-05,-1.21E-04,-1.58E-04,-1.47E-04,-5.23E-05,3.04E-05,-1.03E-04,-1.19E-04,-1.73E-04,-1.76E-04,6.64E-05,-1.92E-04,-2.18E-04,4.63E-05
2744,2.77E-05,-9.63E-05,-7.17E-05,2.33E-04,-6.55E-06,-6.02E-05,-5.25E-05,-1.05E-04,-1.47E-04,-1.35E-04,-5.26E-05,3.79E-05,-9.89E-05,-1.14E-04,-1.70E-04,-1.73E-04,7.62E-05,-1.84E-04,-2.05E-04,5.89E-05
2745,3.85E-05,-8.75E-05,-5.79E-05,2.36E-04,8.21E-07,-5.49E-05,-4.03E-05,-8.92E-05,-1.37E-04,-1.25E-04,-5.26E-05,4.57E-05,-9.44E-05,-1.09E-04,-1.67E-04,-1.71E-04,8.63E-05,-1.77E-04,-1.92E-04,7.12E-05
2746,4.95E-05,-7.82E-05,-4.41E-05,2.39E-04,7.94E-06,-4.93E-05,-2.83E-05,-7.43E-05,-1.27E-04,-1.14E-04,-5.26E-05,5.35E-05,-8.93E-05,-1.04E-04,-1.63E-04,-1.70E-04,9.65E-05,-1.69E-04,-1.80E-04,8.27E-05
2747,6.06E-05,-6.87E-05,-3.08E-05,2.42E-04,1.46E-05,-4.39E-05,-1.69E-05,-6.05E-05,-1.17E-04,-1.05E-04,-5.25E-05,6.11E-05,-8.38E-05,-9.80E-05,-1.60E-04,-1.69E-04,1.06E-04,-1.61E-04,-1.67E-04,9.34E-05
2748,7.14E-05,-5.92E-05,-1.82E-05,2.45E-04,2.06E-05,-3.89E-05,-6.22E-06,-4.80E-05,-1.08E-04,-9.64E-05,-5.24E-05,6.82E-05,-7.81E-05,-9.21E-05,-1.57E-04,-1.68E-04,1.16E-04,-1.54E-04,-1.55E-04,1.03E-04
2749,8.17E-05,-4.99E-05,-6.52E-06,2.48E-04,2.59E-05,-3.46E-05,3.36E-06,-3.72E-05,-1.00E-04,-8.93E-05,-5.23E-05,7.47E-05,-7.23E-05,-8.62E-05,-1.55E-04,-1.68E-04,1.25E-04,-1.47E-04,-1.45E-04,1.10E-04
2750,9.11E-05,-4.08E-05,3.99E-06,2.50E-04,3.02E-05,-3.13E-05,1.17E-05,-2.82E-05,-9.32E-05,-8.37E-05,-5.23E-05,8.02E-05,-6.68E-05,-8.05E-05,-1.53E-04,-1.69E-04,1.33E-04,-1.42E-04,-1.36E-04,1.17E-04
2751,9.96E-05,-3.22E-05,1.32E-05,2.51E-04,3.34E-05,-2.94E-05,1.86E-05,-2.10E-05,-8.73E-05,-7.98E-05,-5.25E-05,8.47E-05,-6.17E-05,-7.52E-05,-1.52E-04,-1.70E-04,1.40E-04,-1.37E-04,-1.28E-04,1.21E-04
2752,1.07E-04,-2.42E-05,2.10E-05,2.51E-04,3.56E-05,-2.89E-05,2.41E-05,-1.57E-05,-8.26E-05,-7.77E-05,-5.30E-05,8.80E-05,-5.74E-05,-7.04E-05,-1.51E-04,-1.72E-04,1.45E-04,-1.34E-04,-1.21E-04,1.23E-04
2753,1.13E-04,-1.68E-05,2.74E-05,2.50E-04,3.66E-05,-3.00E-05,2.82E-05,-1.20E-05,-7.90E-05,-7.74E-05,-5.37E-05,9.00E-05,-5.40E-05,-6.63E-05,-1.51E-04,-1.76E-04,1.49E-04,-1.32E-04,-1.17E-04,1.23E-04
2754,1.17E-04,-1.02E-05,3.23E-05,2.48E-04,3.65E-05,-3.27E-05,3.08E-05,-9.88E-06,-7.65E-05,-7.89E-05,-5.47E-05,9.06E-05,-5.16E-05,-6.31E-05,-1.52E-04,-1.80E-04,1.52E-04,-1.31E-04,-1.13E-04,1.21E-04
2755,1.20E-04,-4.28E-06,3.60E-05,2.44E-04,3.54E-05,-3.68E-05,3.23E-05,-9.03E-06,-7.50E-05,-8.22E-05,-5.61E-05,8.99E-05,-5.05E-05,-6.08E-05,-1.53E-04,-1.85E-04,1.54E-04,-1.32E-04,-1.12E-04,1.17E-04
2756,1.21E-04,8.82E-07,3.85E-05,2.40E-04,3.34E-05,-4.22E-05,3.27E-05,-9.13E-06,-7.43E-05,-8.70E-05,-5.80E-05,8.80E-05,-5.06E-05,-5.94E-05,-1.55E-04,-1.92E-04,1.54E-04,-1.34E-04,-1.11E-04,1.11E-04
2757,1.21E-04,5.29E-06,4.01E-05,2.34E-04,3.06E-05,-4.85E-05,3.23E-05,-9.84E-06,-7.42E-05,-9.31E-05,-6.03E-05,8.49E-05,-5.19E-05,-5.91E-05,-1.58E-04,-1.99E-04,1.52E-04,-1.36E-04,-1.12E-04,1.04E-04
2758,1.20E-04,8.98E-06,4.10E-05,2.27E-04,2.74E-05,-5.54E-05,3.14E-05,-1.08E-05,-7.45E-05,-1.00E-04,-6.30E-05,8.07E-05,-5.46E-05,-5.97E-05,-1.61E-04,-2.07E-04,1.50E-04,-1.40E-04,-1.14E-04,9.55E-05
2759,1.18E-04,1.20E-05,4.15E-05,2.18E-04,2.39E-05,-6.24E-05,3.02E-05,-1.18E-05,-7.50E-05,-1.08E-04,-6.61E-05,7.58E-05,-5.83E-05,-6.11E-05,-1.64E-04,-2.15E-04,1.46E-04,-1.45E-04,-1.17E-04,8.57E-05
2760,1.15E-04,1.43E-05,4.17E-05,2.09E-04,2.03E-05,-6.90E-05,2.90E-05,-1.23E-05,-7.55E-05,-1.17E-04,-6.96E-05,7.02E-05,-6.30E-05,-6.33E-05,-1.68E-04,-2.24E-04,1.42E-04,-1.49E-04,-1.20E-04,7.51E-05
2761,1.12E-04,1.60E-05,4.20E-05,2.00E-04,1.70E-05,-7.47E-05,2.80E-05,-1.22E-05,-7.57E-05,-1.25E-04,-7.34E-05,6.43E-05,-6.84E-05,-6.59E-05,-1.71E-04,-2.33E-04,1.37E-04,-1.55E-04,-1.23E-04,6.40E-05
2762,1.10E-04,1.72E-05,4.25E-05,1.90E-04,1.40E-05,-7.91E-05,2.75E-05,-1.13E-05,-7.54E-05,-1.33E-04,-7.75E-05,5.81E-05,-7.44E-05,-6.88E-05,-1.74E-04,-2.42E-04,1.32E-04,-1.60E-04,-1.26E-04,5.26E-05
2763,1.07E-04,1.78E-05,4.35E-05,1.80E-04,1.18E-05,-8.16E-05,2.75E-05,-9.33E-06,-7.44E-05,-1.40E-04,-8.16E-05,5.20E-05,-8.07E-05,-7.17E-05,-1.77E-04,-2.50E-04,1.27E-04,-1.65E-04,-1.28E-04,4.12E-05
2764,1.05E-04,1.80E-05,4.52E-05,1.71E-04,1.04E-05,-8.20E-05,2.82E-05,-6.33E-06,-7.25E-05,-1.46E-04,-8.57E-05,4.61E-05,-8.69E-05,-7.44E-05,-1.79E-04,-2.57E-04,1.22E-04,-1.69E-04,-1.30E-04,3.01E-05
2765,1.04E-04,1.78E-05,4.77E-05,1.62E-04,1.01E-05,-8.00E-05,2.97E-05,-2.25E-06,-6.96E-05,-1.51E-04,-8.96E-05,4.07E-05,-9.29E-05,-7.66E-05,-1.80E-04,-2.64E-04,1.17E-04,-1.74E-04,-1.31E-04,1.95E-05
2766,1.04E-04,1.71E-05,5.10E-05,1.54E-04,1.10E-05,-7.54E-05,3.20E-05,2.87E-06,-6.55E-05,-1.54E-04,-9.32E-05,3.58E-05,-9.84E-05,-7.82E-05,-1.80E-04,-2.69E-04,1.12E-04,-1.77E-04,-1.32E-04,9.61E-06
2767,1.05E-04,1.62E-05,5.53E-05,1.47E-04,1.31E-05,-6.83E-05,3.50E-05,8.94E-06,-6.02E-05,-1.55E-04,-9.64E-05,3.16E-05,-1.03E-04,-7.89E-05,-1.79E-04,-2.72E-04,1.08E-04,-1.80E-04,-1.31E-04,5.62E-07
2768,1.08E-04,1.51E-05,6.05E-05,1.41E-04,1.65E-05,-5.88E-05,3.88E-05,1.58E-05,-5.36E-05,-1.55E-04,-9.91E-05,2.82E-05,-1.07E-04,-7.86E-05,-1.77E-04,-2.74E-04,1.05E-04,-1.82E-04,-1.30E-04,-7.48E-06
2769,1.12E-04,1.39E-05,6.68E-05,1.37E-04,2.13E-05,-4.72E-05,4.32E-05,2.34E-05,-4.58E-05,-1.52E-04,-1.01E-04,2.56E-05,-1.10E-04,-7.72E-05,-1.74E-04,-2.74E-04,1.02E-04,-1.83E-04,-1.27E-04,-1.44E-05
2770,1.17E-04,1.28E-05,7.40E-05,1.34E-04,2.74E-05,-3.37E-05,4.81E-05,3.16E-05,-3.67E-05,-1.48E-04,-1.02E-04,2.39E-05,-1.12E-04,-7.47E-05,-1.69E-04,-2.71E-04,1.00E-04,-1.84E-04,-1.24E-04,-2.02E-05
2771,1.24E-04,1.18E-05,8.21E-05,1.33E-04,3.47E-05,-1.89E-05,5.36E-05,4.02E-05,-2.65E-05,-1.42E-04,-1.03E-04,2.31E-05,-1.13E-04,-7.10E-05,-1.64E-04,-2.67E-04,9.86E-05,-1.83E-04,-1.20E-04,-2.48E-05
2772,1.32E-04,1.11E-05,9.12E-05,1.33E-04,4.32E-05,-3.19E-06,5.94E-05,4.92E-05,-1.51E-05,-1.35E-04,-1.02E-04,2.31E-05,-1.12E-04,-6.64E-05,-1.57E-04,-2.61E-04,9.80E-05,-1.82E-04,-1.15E-04,-2.81E-05
2773,1.41E-04,1.09E-05,1.01E-04,1.34E-04,5.26E-05,1.28E-05,6.56E-05,5.84E-05,-2.77E-06,-1.26E-04,-1.01E-04,2.39E-05,-1.11E-04,-6.10E-05,-1.49E-04,-2.52E-04,9.79E-05,-1.81E-04,-1.10E-04,-3.02E-05
2774,1.51E-04,1.14E-05,1.12E-04,1.37E-04,6.30E-05,2.86E-05,7.20E-05,6.78E-05,1.05E-05,-1.16E-04,-9.91E-05,2.54E-05,-1.09E-04,-5.48E-05,-1.41E-04,-2.43E-04,9.84E-05,-1.79E-04,-1.04E-04,-3.12E-05
2775,1.61E-04,1.26E-05,1.23E-04,1.40E-04,7.41E-05,4.37E-05,7.87E-05,7.75E-05,2.44E-05,-1.05E-04,-9.65E-05,2.75E-05,-1.06E-04,-4.83E-05,-1.32E-04,-2.31E-04,9.93E-05,-1.76E-04,-9.86E-05,-3.09E-05
2776,1.72E-04,1.48E-05,1.36E-04,1.44E-04,8.58E-05,5.77E-05,8.57E-05,8.75E-05,3.90E-05,-9.31E-05,-9.34E-05,3.01E-05,-1.03E-04,-4.16E-05,-1.23E-04,-2.19E-04,1.01E-04,-1.74E-04,-9.30E-05,-2.96E-05
2777,1.83E-04,1.82E-05,1.49E-04,1.48E-04,9.78E-05,7.02E-05,9.29E-05,9.78E-05,5.40E-05,-8.11E-05,-8.99E-05,3.31E-05,-9.93E-05,-3.50E-05,-1.14E-04,-2.06E-04,1.02E-04,-1.71E-04,-8.77E-05,-2.72E-05
2778,1.94E-04,2.27E-05,1.62E-04,1.53E-04,1.10E-04,8.09E-05,1.00E-04,1.09E-04,6.92E-05,-6.90E-05,-8.63E-05,3.64E-05,-9.56E-05,-2.87E-05,-1.05E-04,-1.92E-04,1.04E-04,-1.69E-04,-8.28E-05,-2.38E-05
2779,2.04E-04,2.85E-05,1.76E-04,1.57E-04,1.22E-04,8.97E-05,1.08E-04,1.20E-04,8.46E-05,-5.70E-05,-8.26E-05,3.98E-05,-9.20E-05,-2.31E-05,-9.68E-05,-1.78E-04,1.05E-04,-1.66E-04,-7.85E-05,-1.97E-05
2780,2.14E-04,3.56E-05,1.91E-04,1.60E-04,1.35E-04,9.66E-05,1.16E-04,1.31E-04,1.00E-04,-4.53E-05,-7.92E-05,4.33E-05,-8.88E-05,-1.84E-05,-8.88E-05,-1.64E-04,1.07E-04,-1.65E-04,-7.49E-05,-1.49E-05
2781,2.24E-04,4.38E-05,2.06E-04,1.63E-04,1.47E-04,1.02E-04,1.25E-04,1.44E-04,1.15E-04,-3.41E-05,-7.62E-05,4.66E-05,-8.60E-05,-1.47E-05,-8.15E-05,-1.51E-04,1.08E-04,-1.63E-04,-7.21E-05,-9.47E-06
2782,2.33E-04,5.32E-05,2.21E-04,1.65E-04,1.58E-04,1.05E-04,1.33E-04,1.56E-04,1.30E-04,-2.37E-05,-7.39E-05,4.96E-05,-8.38E-05,-1.23E-05,-7.50E-05,-1.39E-04,1.08E-04,-1.63E-04,-7.02E-05,-3.69E-06
2783,2.41E-04,6.36E-05,2.36E-04,1.65E-04,1.69E-04,1.07E-04,1.42E-04,1.69E-04,1.44E-04,-1.41E-05,-7.24E-05,5.22E-05,-8.24E-05,-1.12E-05,-6.95E-05,-1.27E-04,1.08E-04,-1.63E-04,-6.93E-05,2.27E-06
2784,2.48E-04,7.47E-05,2.51E-04,1.65E-04,1.80E-04,1.07E-04,1.51E-04,1.83E-04,1.58E-04,-5.35E-06,-7.19E-05,5.42E-05,-8.18E-05,-1.17E-05,-6.51E-05,-1.16E-04,1.08E-04,-1.64E-04,-6.96E-05,8.21E-06
2785,2.54E-04,8.62E-05,2.65E-04,1.62E-04,1.89E-04,1.06E-04,1.60E-04,1.96E-04,1.70E-04,2.34E-06,-7.25E-05,5.54E-05,-8.22E-05,-1.36E-05,-6.17E-05,-1.07E-04,1.06E-04,-1.66E-04,-7.11E-05,1.39E-05
2786,2.59E-04,9.79E-05,2.79E-04,1.58E-04,1.98E-04,1.05E-04,1.69E-04,2.09E-04,1.82E-04,8.96E-06,-7.43E-05,5.57E-05,-8.37E-05,-1.70E-05,-5.95E-05,-9.91E-05,1.03E-04,-1.69E-04,-7.38E-05,1.92E-05
2787,2.63E-04,1.09E-04,2.91E-04,1.53E-04,2.05E-04,1.03E-04,1.77E-04,2.22E-04,1.93E-04,1.45E-05,-7.75E-05,5.48E-05,-8.61E-05,-2.19E-05,-5.84E-05,-9.23E-05,9.95E-05,-1.74E-04,-7.77E-05,2.38E-05
2788,2.66E-04,1.21E-04,3.03E-04,1.46E-04,2.11E-04,1.00E-04,1.84E-04,2.33E-04,2.02E-04,1.88E-05,-8.20E-05,5.27E-05,-8.97E-05,-2.82E-05,-5.84E-05,-8.67E-05,9.44E-05,-1.79E-04,-8.31E-05,2.76E-05
2789,2.68E-04,1.31E-04,3.12E-04,1.37E-04,2.16E-04,9.70E-05,1.91E-04,2.44E-04,2.10E-04,2.20E-05,-8.79E-05,4.93E-05,-9.43E-05,-3.58E-05,-5.96E-05,-8.22E-05,8.80E-05,-1.87E-04,-8.97E-05,3.03E-05
2790,2.68E-04,1.40E-04,3.21E-04,1.27E-04,2.19E-04,9.34E-05,1.96E-04,2.53E-04,2.17E-04,2.41E-05,-9.50E-05,4.43E-05,-1.00E-04,-4.46E-05,-6.19E-05,-7.88E-05,8.02E-05,-1.95E-04,-9.76E-05,3.19E-05
2791,2.66E-04,1.47E-04,3.27E-04,1.16E-04,2.21E-04,8.93E-05,2.00E-04,2.60E-04,2.22E-04,2.50E-05,-1.03E-04,3.78E-05,-1.07E-04,-5.45E-05,-6.52E-05,-7.62E-05,7.09E-05,-2.05E-04,-1.07E-04,3.21E-05
2792,2.63E-04,1.53E-04,3.32E-04,1.04E-04,2.22E-04,8.45E-05,2.02E-04,2.66E-04,2.26E-04,2.49E-05,-1.13E-04,2.97E-05,-1.14E-04,-6.54E-05,-6.97E-05,-7.44E-05,6.01E-05,-2.16E-04,-1.17E-04,3.10E-05
2793,2.59E-04,1.57E-04,3.34E-04,9.08E-05,2.21E-04,7.89E-05,2.03E-04,2.69E-04,2.28E-04,2.38E-05,-1.24E-04,2.00E-05,-1.23E-04,-7.71E-05,-7.51E-05,-7.34E-05,4.79E-05,-2.28E-04,-1.29E-04,2.86E-05
2794,2.53E-04,1.59E-04,3.35E-04,7.67E-05,2.19E-04,7.23E-05,2.02E-04,2.70E-04,2.29E-04,2.17E-05,-1.35E-04,8.72E-06,-1.33E-04,-8.95E-05,-8.16E-05,-7.28E-05,3.44E-05,-2.41E-04,-1.41E-04,2.49E-05
2795,2.45E-04,1.59E-04,3.34E-04,6.18E-05,2.15E-04,6.47E-05,1.99E-04,2.69E-04,2.29E-04,1.89E-05,-1.48E-04,-3.96E-06,-1.43E-04,-1.03E-04,-8.90E-05,-7.27E-05,1.97E-05,-2.55E-04,-1.54E-04,2.00E-05
2796,2.36E-04,1.57E-04,3.31E-04,4.63E-05,2.11E-04,5.58E-05,1.94E-04,2.66E-04,2.28E-04,1.54E-05,-1.60E-04,-1.79E-05,-1.54E-04,-1.16E-04,-9.73E-05,-7.30E-05,3.95E-06,-2.70E-04,-1.68E-04,1.42E-05
2797,2.25E-04,1.53E-04,3.27E-04,3.04E-05,2.05E-04,4.58E-05,1.88E-04,2.61E-04,2.26E-04,1.14E-05,-1.74E-04,-3.29E-05,-1.66E-04,-1.30E-04,-1.06E-04,-7.35E-05,-1.26E-05,-2.85E-04,-1.82E-04,7.61E-06
2798,2.13E-04,1.48E-04,3.21E-04,1.41E-05,1.99E-04,3.47E-05,1.81E-04,2.54E-04,2.23E-04,7.07E-06,-1.87E-04,-4.87E-05,-1.78E-04,-1.44E-04,-1.16E-04,-7.43E-05,-2.97E-05,-3.00E-04,-1.96E-04,6.61E-07
2799,2.00E-04,1.41E-04,3.15E-04,-2.47E-06,1.92E-04,2.27E-05,1.74E-04,2.47E-04,2.20E-04,2.71E-06,-2.01E-04,-6.50E-05,-1.90E-04,-1.59E-04,-1.27E-04,-7.53E-05,-4.71E-05,-3.15E-04,-2.10E-04,-6.37E-06
2800,1.86E-04,1.34E-04,3.09E-04,-1.91E-05,1.86E-04,1.01E-05,1.65E-04,2.39E-04,2.18E-04,-1.49E-06,-2.14E-04,-8.16E-05,-2.02E-04,-1.73E-04,-1.38E-04,-7.65E-05,-6.45E-05,-3.30E-04,-2.24E-04,-1.31E-05
2801,1.72E-04,1.26E-04,3.03E-04,-3.57E-05,1.79E-04,-2.77E-06,1.57E-04,2.32E-04,2.15E-04,-5.28E-06,-2.27E-04,-9.80E-05,-2.14E-04,-1.87E-04,-1.49E-04,-7.78E-05,-8.16E-05,-3.44E-04,-2.37E-04,-1.92E-05
2802,1.57E-04,1.18E-04,2.97E-04,-5.22E-05,1.72E-04,-1.53E-05,1.49E-04,2.24E-04,2.12E-04,-8.43E-06,-2.40E-04,-1.14E-04,-2.26E-04,-2.02E-04,-1.61E-04,-7.93E-05,-9.80E-05,-3.57E-04,-2.48E-04,-2.44E-05
2803,1.43E-04,1.11E-04,2.93E-04,-6.84E-05,1.66E-04,-2.69E-05,1.41E-04,2.18E-04,2.11E-04,-1.07E-05,-2.52E-04,-1.29E-04,-2.37E-04,-2.15E-04,-1.72E-04,-8.09E-05,-1.13E-04,-3.69E-04,-2.59E-04,-2.82E-05
2804,1.29E-04,1.04E-04,2.90E-04,-8.41E-05,1.61E-04,-3.71E-05,1.35E-04,2.14E-04,2.10E-04,-1.19E-05,-2.63E-04,-1.43E-04,-2.47E-04,-2.28E-04,-1.83E-04,-8.26E-05,-1.28E-04,-3.79E-04,-2.68E-04,-3.04E-05
2805,1.16E-04,9.83E-05,2.88E-04,-9.94E-05,1.57E-04,-4.53E-05,1.31E-04,2.11E-04,2.10E-04,-1.19E-05,-2.73E-04,-1.56E-04,-2.56E-04,-2.41E-04,-1.94E-04,-8.44E-05,-1.41E-04,-3.88E-04,-2.75E-04,-3.09E-05
2806,1.04E-04,9.37E-05,2.88E-04,-1.14E-04,1.54E-04,-5.08E-05,1.27E-04,2.11E-04,2.12E-04,-1.05E-05,-2.81E-04,-1.67E-04,-2.64E-04,-2.53E-04,-2.04E-04,-8.62E-05,-1.52E-04,-3.95E-04,-2.81E-04,-2.94E-05
2807,9.35E-05,9.06E-05,2.90E-04,-1.28E-04,1.53E-04,-5.32E-05,1.26E-04,2.13E-04,2.14E-04,-7.72E-06,-2.88E-04,-1.77E-04,-2.71E-04,-2.63E-04,-2.14E-04,-8.79E-05,-1.61E-04,-4.00E-04,-2.85E-04,-2.59E-05
2808,8.47E-05,8.91E-05,2.94E-04,-1.41E-04,1.52E-04,-5.22E-05,1.27E-04,2.17E-04,2.18E-04,-3.50E-06,-2.94E-04,-1.84E-04,-2.76E-04,-2.73E-04,-2.22E-04,-8.96E-05,-1.69E-04,-4.04E-04,-2.87E-04,-2.04E-05
2809,7.77E-05,8.92E-05,3.00E-04,-1.53E-04,1.53E-04,-4.75E-05,1.29E-04,2.24E-04,2.23E-04,2.08E-06,-2.99E-04,-1.90E-04,-2.80E-04,-2.82E-04,-2.29E-04,-9.12E-05,-1.75E-04,-4.06E-04,-2.87E-04,-1.31E-05
2810,7.26E-05,9.09E-05,3.07E-04,-1.64E-04,1.55E-04,-3.91E-05,1.34E-04,2.32E-04,2.29E-04,8.88E-06,-3.01E-04,-1.94E-04,-2.82E-04,-2.89E-04,-2.35E-04,-9.26E-05,-1.79E-04,-4.07E-04,-2.86E-04,-4.20E-06
2811,6.94E-05,9.40E-05,3.16E-04,-1.74E-04,1.59E-04,-2.70E-05,1.40E-04,2.43E-04,2.36E-04,1.67E-05,-3.03E-04,-1.97E-04,-2.83E-04,-2.96E-04,-2.39E-04,-9.38E-05,-1.82E-04,-4.06E-04,-2.83E-04,6.13E-06
2812,6.78E-05,9.84E-05,3.26E-04,-1.82E-04,1.63E-04,-1.16E-05,1.47E-04,2.55E-04,2.44E-04,2.54E-05,-3.02E-04,-1.98E-04,-2.82E-04,-3.01E-04,-2.43E-04,-9.48E-05,-1.83E-04,-4.04E-04,-2.79E-04,1.75E-05
2813,6.79E-05,1.04E-04,3.37E-04,-1.90E-04,1.67E-04,6.58E-06,1.55E-04,2.68E-04,2.52E-04,3.45E-05,-3.01E-04,-1.98E-04,-2.80E-04,-3.05E-04,-2.45E-04,-9.54E-05,-1.84E-04,-4.02E-04,-2.73E-04,2.96E-05
2814,6.91E-05,1.10E-04,3.49E-04,-1.97E-04,1.72E-04,2.70E-05,1.64E-04,2.81E-04,2.61E-04,4.39E-05,-2.98E-04,-1.97E-04,-2.77E-04,-3.08E-04,-2.46E-04,-9.58E-05,-1.83E-04,-3.98E-04,-2.67E-04,4.20E-05
2815,7.13E-05,1.17E-04,3.60E-04,-2.03E-04,1.76E-04,4.88E-05,1.73E-04,2.95E-04,2.69E-04,5.31E-05,-2.94E-04,-1.95E-04,-2.73E-04,-3.11E-04,-2.46E-04,-9.60E-05,-1.82E-04,-3.95E-04,-2.60E-04,5.42E-05
2816,7.40E-05,1.24E-04,3.71E-04,-2.08E-04,1.81E-04,7.13E-05,1.82E-04,3.07E-04,2.78E-04,6.18E-05,-2.89E-04,-1.93E-04,-2.69E-04,-3.12E-04,-2.45E-04,-9.59E-05,-1.81E-04,-3.91E-04,-2.53E-04,6.59E-05
2817,7.68E-05,1.30E-04,3.81E-04,-2.13E-04,1.84E-04,9.35E-05,1.90E-04,3.19E-04,2.87E-04,6.98E-05,-2.84E-04,-1.91E-04,-2.64E-04,-3.14E-04,-2.43E-04,-9.56E-05,-1.80E-04,-3.88E-04,-2.45E-04,7.68E-05
2818,7.94E-05,1.36E-04,3.91E-04,-2.17E-04,1.87E-04,1.14E-04,1.98E-04,3.29E-04,2.95E-04,7.67E-05,-2.78E-04,-1.89E-04,-2.59E-04,-3.15E-04,-2.41E-04,-9.52E-05,-1.79E-04,-3.85E-04,-2.38E-04,8.66E-05
2819,8.12E-05,1.41E-04,3.98E-04,-2.22E-04,1.88E-04,1.33E-04,2.04E-04,3.38E-04,3.02E-04,8.23E-05,-2.72E-04,-1.88E-04,-2.55E-04,-3.16E-04,-2.39E-04,-9.47E-05,-1.79E-04,-3.82E-04,-2.31E-04,9.49E-05
2820,8.19E-05,1.46E-04,4.05E-04,-2.26E-04,1.88E-04,1.50E-04,2.09E-04,3.45E-04,3.08E-04,8.65E-05,-2.66E-04,-1.88E-04,-2.52E-04,-3.18E-04,-2.37E-04,-9.42E-05,-1.79E-04,-3.81E-04,-2.24E-04,1.02E-04
2821,8.12E-05,1.49E-04,4.09E-04,-2.30E-04,1.87E-04,1.62E-04,2.13E-04,3.50E-04,3.14E-04,8.91E-05,-2.61E-04,-1.88E-04,-2.49E-04,-3.19E-04,-2.35E-04,-9.38E-05,-1.81E-04,-3.80E-04,-2.18E-04,1.07E-04
2822,7.88E-05,1.51E-04,4.12E-04,-2.35E-04,1.84E-04,1.72E-04,2.15E-04,3.52E-04,3.18E-04,9.01E-05,-2.57E-04,-1.90E-04,-2.48E-04,-3.22E-04,-2.33E-04,-9.35E-05,-1.83E-04,-3.81E-04,-2.13E-04,1.10E-04
2823,7.47E-05,1.51E-04,4.14E-04,-2.40E-04,1.80E-04,1.77E-04,2.15E-04,3.53E-04,3.22E-04,8.96E-05,-2.54E-04,-1.93E-04,-2.47E-04,-3.25E-04,-2.31E-04,-9.34E-05,-1.87E-04,-3.82E-04,-2.08E-04,1.12E-04
2824,6.86E-05,1.50E-04,4.13E-04,-2.46E-04,1.74E-04,1.77E-04,2.14E-04,3.52E-04,3.24E-04,8.76E-05,-2.51E-04,-1.97E-04,-2.48E-04,-3.28E-04,-2.30E-04,-9.36E-05,-1.92E-04,-3.85E-04,-2.04E-04,1.12E-04
2825,6.06E-05,1.48E-04,4.11E-04,-2.53E-04,1.67E-04,1.74E-04,2.12E-04,3.49E-04,3.25E-04,8.44E-05,-2.50E-04,-2.02E-04,-2.50E-04,-3.33E-04,-2.30E-04,-9.39E-05,-1.98E-04,-3.88E-04,-2.01E-04,1.10E-04
2826,5.07E-05,1.44E-04,4.07E-04,-2.60E-04,1.59E-04,1.67E-04,2.08E-04,3.44E-04,3.25E-04,8.00E-05,-2.50E-04,-2.08E-04,-2.54E-04,-3.38E-04,-2.30E-04,-9.45E-05,-2.05E-04,-3.92E-04,-1.98E-04,1.08E-04
2827,3.92E-05,1.40E-04,4.02E-04,-2.69E-04,1.51E-04,1.57E-04,2.04E-04,3.39E-04,3.24E-04,7.48E-05,-2.52E-04,-2.16E-04,-2.58E-04,-3.43E-04,-2.30E-04,-9.53E-05,-2.13E-04,-3.97E-04,-1.95E-04,1.04E-04
2828,2.63E-05,1.34E-04,3.96E-04,-2.77E-04,1.42E-04,1.44E-04,1.98E-04,3.32E-04,3.22E-04,6.89E-05,-2.55E-04,-2.25E-04,-2.64E-04,-3.49E-04,-2.30E-04,-9.62E-05,-2.22E-04,-4.02E-04,-1.93E-04,1.00E-04
2829,1.21E-05,1.27E-04,3.90E-04,-2.87E-04,1.32E-04,1.28E-04,1.91E-04,3.25E-04,3.20E-04,6.27E-05,-2.59E-04,-2.34E-04,-2.70E-04,-3.56E-04,-2.31E-04,-9.72E-05,-2.31E-04,-4.07E-04,-1.91E-04,9.56E-05
2830,-2.86E-06,1.20E-04,3.82E-04,-2.97E-04,1.23E-04,1.12E-04,1.84E-04,3.17E-04,3.16E-04,5.63E-05,-2.63E-04,-2.44E-04,-2.77E-04,-3.63E-04,-2.31E-04,-9.83E-05,-2.41E-04,-4.13E-04,-1.90E-04,9.07E-05
2831,-1.84E-05,1.12E-04,3.74E-04,-3.07E-04,1.13E-04,9.40E-05,1.77E-04,3.08E-04,3.11E-04,4.99E-05,-2.69E-04,-2.55E-04,-2.85E-04,-3.69E-04,-2.31E-04,-9.93E-05,-2.51E-04,-4.19E-04,-1.88E-04,8.57E-05
2832,-3.43E-05,1.03E-04,3.65E-04,-3.17E-04,1.04E-04,7.60E-05,1.69E-04,3.00E-04,3.06E-04,4.37E-05,-2.75E-04,-2.66E-04,-2.93E-04,-3.76E-04,-2.31E-04,-1.00E-04,-2.62E-04,-4.25E-04,-1.87E-04,8.08E-05
2833,-5.00E-05,9.41E-05,3.56E-04,-3.28E-04,9.59E-05,5.82E-05,1.60E-04,2.91E-04,2.99E-04,3.78E-05,-2.82E-04,-2.77E-04,-3.01E-04,-3.82E-04,-2.30E-04,-1.01E-04,-2.72E-04,-4.31E-04,-1.86E-04,7.61E-05
2834,-6.55E-05,8.47E-05,3.46E-04,-3.38E-04,8.80E-05,4.11E-05,1.51E-04,2.81E-04,2.92E-04,3.23E-05,-2.89E-04,-2.88E-04,-3.09E-04,-3.88E-04,-2.28E-04,-1.01E-04,-2.82E-04,-4.37E-04,-1.85E-04,7.15E-05
2835,-8.04E-05,7.48E-05,3.37E-04,-3.47E-04,8.07E-05,2.49E-05,1.42E-04,2.72E-04,2.85E-04,2.72E-05,-2.96E-04,-3.00E-04,-3.16E-04,-3.93E-04,-2.26E-04,-1.01E-04,-2.93E-04,-4.42E-04,-1.84E-04,6.72E-05
2836,-9.46E-05,6.46E-05,3.26E-04,-3.56E-04,7.41E-05,1.00E-05,1.32E-04,2.62E-04,2.76E-04,2.25E-05,-3.02E-04,-3.11E-04,-3.23E-04,-3.97E-04,-2.24E-04,-1.01E-04,-3.03E-04,-4.48E-04,-1.83E-04,6.32E-05
2837,-1.08E-04,5.41E-05,3.16E-04,-3.65E-04,6.79E-05,-3.62E-06,1.22E-04,2.52E-04,2.67E-04,1.81E-05,-3.09E-04,-3.22E-04,-3.30E-04,-4.01E-04,-2.21E-04,-1.00E-04,-3.14E-04,-4.53E-04,-1.82E-04,5.93E-05
2838,-1.21E-04,4.32E-05,3.05E-04,-3.73E-04,6.22E-05,-1.59E-05,1.11E-04,2.41E-04,2.58E-04,1.40E-05,-3.15E-04,-3.34E-04,-3.36E-04,-4.04E-04,-2.17E-04,-9.97E-05,-3.24E-04,-4.59E-04,-1.82E-04,5.55E-05
2839,-1.32E-04,3.19E-05,2.93E-04,-3.80E-04,5.68E-05,-2.71E-05,9.97E-05,2.29E-04,2.48E-04,1.00E-05,-3.20E-04,-3.45E-04,-3.42E-04,-4.06E-04,-2.13E-04,-9.87E-05,-3.34E-04,-4.64E-04,-1.81E-04,5.18E-05
2840,-1.43E-04,2.03E-05,2.81E-04,-3.86E-04,5.17E-05,-3.71E-05,8.78E-05,2.17E-04,2.38E-04,6.10E-06,-3.25E-04,-3.55E-04,-3.47E-04,-4.08E-04,-2.10E-04,-9.76E-05,-3.45E-04,-4.69E-04,-1.82E-04,4.80E-05
2841,-1.53E-04,8.14E-06,2.69E-04,-3.91E-04,4.66E-05,-4.64E-05,7.55E-05,2.04E-04,2.27E-04,2.10E-06,-3.30E-04,-3.66E-04,-3.52E-04,-4.09E-04,-2.06E-04,-9.66E-05,-3.55E-04,-4.74E-04,-1.83E-04,4.40E-05
2842,-1.62E-04,-4.43E-06,2.55E-04,-3.96E-04,4.14E-05,-5.50E-05,6.26E-05,1.91E-04,2.16E-04,-2.07E-06,-3.34E-04,-3.76E-04,-3.57E-04,-4.10E-04,-2.03E-04,-9.56E-05,-3.65E-04,-4.80E-04,-1.84E-04,3.99E-05
2843,-1.71E-04,-1.75E-05,2.42E-04,-4.00E-04,3.61E-05,-6.32E-05,4.92E-05,1.76E-04,2.05E-04,-6.49E-06,-3.38E-04,-3.87E-04,-3.61E-04,-4.11E-04,-2.01E-04,-9.49E-05,-3.76E-04,-4.85E-04,-1.86E-04,3.54E-05
2844,-1.79E-04,-3.09E-05,2.28E-04,-4.04E-04,3.05E-05,-7.13E-05,3.54E-05,1.61E-04,1.95E-04,-1.12E-05,-3.41E-04,-3.97E-04,-3.65E-04,-4.11E-04,-1.99E-04,-9.46E-05,-3.87E-04,-4.91E-04,-1.89E-04,3.06E-05
2845,-1.87E-04,-4.48E-05,2.13E-04,-4.07E-04,2.45E-05,-7.94E-05,2.13E-05,1.46E-04,1.84E-04,-1.63E-05,-3.45E-04,-4.07E-04,-3.69E-04,-4.12E-04,-1.99E-04,-9.47E-05,-3.98E-04,-4.96E-04,-1.93E-04,2.54E-05
2846,-1.95E-04,-5.91E-05,1.98E-04,-4.10E-04,1.81E-05,-8.76E-05,6.98E-06,1.31E-04,1.73E-04,-2.18E-05,-3.49E-04,-4.17E-04,-3.73E-04,-4.13E-04,-1.99E-04,-9.55E-05,-4.09E-04,-5.02E-04,-1.97E-04,1.99E-05
2847,-2.03E-04,-7.36E-05,1.83E-04,-4.13E-04,1.13E-05,-9.61E-05,-7.44E-06,1.15E-04,1.63E-04,-2.76E-05,-3.52E-04,-4.26E-04,-3.77E-04,-4.14E-04,-2.00E-04,-9.70E-05,-4.21E-04,-5.08E-04,-2.03E-04,1.40E-05
2848,-2.11E-04,-8.84E-05,1.67E-04,-4.17E-04,4.16E-06,-1.05E-04,-2.18E-05,9.93E-05,1.52E-04,-3.38E-05,-3.56E-04,-4.36E-04,-3.81E-04,-4.15E-04,-2.03E-04,-9.93E-05,-4.33E-04,-5.14E-04,-2.09E-04,7.84E-06
2849,-2.20E-04,-1.03E-04,1.52E-04,-4.20E-04,-3.39E-06,-1.14E-04,-3.61E-05,8.39E-05,1.43E-04,-4.03E-05,-3.61E-04,-4.46E-04,-3.86E-04,-4.17E-04,-2.07E-04,-1.02E-04,-4.44E-04,-5.20E-04,-2.17E-04,1.34E-06
2850,-2.28E-04,-1.18E-04,1.36E-04,-4.24E-04,-1.13E-05,-1.23E-04,-5.02E-05,6.89E-05,1.33E-04,-4.72E-05,-3.66E-04,-4.55E-04,-3.91E-04,-4.19E-04,-2.12E-04,-1.06E-04,-4.56E-04,-5.27E-04,-2.25E-04,-5.43E-06
2851,-2.37E-04,-1.33E-04,1.21E-04,-4.29E-04,-1.94E-05,-1.33E-04,-6.40E-05,5.43E-05,1.24E-04,-5.43E-05,-3.71E-04,-4.65E-04,-3.96E-04,-4.22E-04,-2.18E-04,-1.11E-04,-4.68E-04,-5.34E-04,-2.34E-04,-1.24E-05
2852,-2.47E-04,-1.48E-04,1.06E-04,-4.34E-04,-2.78E-05,-1.43E-04,-7.74E-05,4.02E-05,1.15E-04,-6.18E-05,-3.77E-04,-4.74E-04,-4.02E-04,-4.26E-04,-2.24E-04,-1.17E-04,-4.80E-04,-5.41E-04,-2.44E-04,-1.97E-05
2853,-2.57E-04,-1.62E-04,9.09E-05,-4.40E-04,-3.64E-05,-1.53E-04,-9.05E-05,2.67E-05,1.06E-04,-6.96E-05,-3.83E-04,-4.84E-04,-4.08E-04,-4.30E-04,-2.31E-04,-1.24E-04,-4.92E-04,-5.48E-04,-2.56E-04,-2.71E-05
2854,-2.67E-04,-1.76E-04,7.63E-05,-4.46E-04,-4.52E-05,-1.63E-04,-1.03E-04,1.37E-05,9.67E-05,-7.76E-05,-3.90E-04,-4.94E-04,-4.14E-04,-4.35E-04,-2.39E-04,-1.32E-04,-5.04E-04,-5.55E-04,-2.68E-04,-3.47E-05
2855,-2.79E-04,-1.90E-04,6.19E-05,-4.53E-04,-5.41E-05,-1.73E-04,-1.16E-04,1.23E-06,8.77E-05,-8.61E-05,-3.97E-04,-5.03E-04,-4.21E-04,-4.40E-04,-2.47E-04,-1.40E-04,-5.16E-04,-5.63E-04,-2.81E-04,-4.25E-05
2856,-2.90E-04,-2.03E-04,4.77E-05,-4.61E-04,-6.33E-05,-1.83E-04,-1.28E-04,-1.09E-05,7.85E-05,-9.49E-05,-4.04E-04,-5.13E-04,-4.27E-04,-4.46E-04,-2.55E-04,-1.49E-04,-5.27E-04,-5.72E-04,-2.95E-04,-5.05E-05
2857,-3.03E-04,-2.16E-04,3.37E-05,-4.70E-04,-7.27E-05,-1.94E-04,-1.40E-04,-2.27E-05,6.90E-05,-1.04E-04,-4.12E-04,-5.23E-04,-4.34E-04,-4.52E-04,-2.64E-04,-1.59E-04,-5.39E-04,-5.80E-04,-3.10E-04,-5.86E-05
2858,-3.16E-04,-2.29E-04,1.97E-05,-4.80E-04,-8.24E-05,-2.04E-04,-1.52E-04,-3.45E-05,5.91E-05,-1.14E-04,-4.20E-04,-5.33E-04,-4.41E-04,-4.58E-04,-2.72E-04,-1.69E-04,-5.51E-04,-5.89E-04,-3.25E-04,-6.70E-05
2859,-3.30E-04,-2.41E-04,5.70E-06,-4.90E-04,-9.24E-05,-2.15E-04,-1.63E-04,-4.62E-05,4.87E-05,-1.24E-04,-4.28E-04,-5.44E-04,-4.49E-04,-4.65E-04,-2.80E-04,-1.80E-04,-5.63E-04,-5.99E-04,-3.41E-04,-7.56E-05
2860,-3.44E-04,-2.53E-04,-8.38E-06,-5.00E-04,-1.03E-04,-2.26E-04,-1.75E-04,-5.82E-05,3.78E-05,-1.35E-04,-4.37E-04,-5.54E-04,-4.56E-04,-4.73E-04,-2.88E-04,-1.91E-04,-5.74E-04,-6.08E-04,-3.58E-04,-8.44E-05
2861,-3.59E-04,-2.64E-04,-2.27E-05,-5.12E-04,-1.14E-04,-2.38E-04,-1.87E-04,-7.04E-05,2.62E-05,-1.47E-04,-4.46E-04,-5.65E-04,-4.64E-04,-4.80E-04,-2.96E-04,-2.03E-04,-5.86E-04,-6.18E-04,-3.75E-04,-9.33E-05
2862,-3.75E-04,-2.76E-04,-3.72E-05,-5.24E-04,-1.25E-04,-2.49E-04,-1.99E-04,-8.31E-05,1.40E-05,-1.60E-04,-4.54E-04,-5.76E-04,-4.72E-04,-4.88E-04,-3.04E-04,-2.15E-04,-5.98E-04,-6.29E-04,-3.92E-04,-1.02E-04
2863,-3.91E-04,-2.87E-04,-5.20E-05,-5.36E-04,-1.38E-04,-2.62E-04,-2.11E-04,-9.63E-05,1.20E-06,-1.73E-04,-4.63E-04,-5.88E-04,-4.80E-04,-4.96E-04,-3.12E-04,-2.27E-04,-6.09E-04,-6.39E-04,-4.09E-04,-1.11E-04
2864,-4.08E-04,-2.98E-04,-6.73E-05,-5.49E-04,-1.51E-04,-2.74E-04,-2.24E-04,-1.10E-04,-1.22E-05,-1.86E-04,-4.72E-04,-6.00E-04,-4.88E-04,-5.05E-04,-3.19E-04,-2.39E-04,-6.21E-04,-6.50E-04,-4.27E-04,-1.21E-04
2865,-4.25E-04,-3.10E-04,-8.29E-05,-5.62E-04,-1.64E-04,-2.87E-04,-2.36E-04,-1.24E-04,-2.62E-05,-2.00E-04,-4.81E-04,-6.12E-04,-4.97E-04,-5.14E-04,-3.27E-04,-2.51E-04,-6.33E-04,-6.61E-04,-4.44E-04,-1.30E-04
2866,-4.42E-04,-3.21E-04,-9.88E-05,-5.76E-04,-1.78E-04,-3.00E-04,-2.49E-04,-1.39E-04,-4.06E-05,-2.15E-04,-4.90E-04,-6.24E-04,-5.06E-04,-5.23E-04,-3.34E-04,-2.63E-04,-6.44E-04,-6.72E-04,-4.60E-04,-1.38E-04
2867,-4.60E-04,-3.32E-04,-1.15E-04,-5.90E-04,-1.93E-04,-3.13E-04,-2.62E-04,-1.55E-04,-5.54E-05,-2.30E-04,-5.00E-04,-6.36E-04,-5.15E-04,-5.32E-04,-3.41E-04,-2.74E-04,-6.56E-04,-6.82E-04,-4.77E-04,-1.47E-04
2868,-4.78E-04,-3.44E-04,-1.32E-04,-6.04E-04,-2.09E-04,-3.27E-04,-2.74E-04,-1.71E-04,-7.05E-05,-2.45E-04,-5.09E-04,-6.48E-04,-5.24E-04,-5.41E-04,-3.49E-04,-2.86E-04,-6.68E-04,-6.93E-04,-4.92E-04,-1.55E-04
2869,-4.96E-04,-3.56E-04,-1.49E-04,-6.18E-04,-2.25E-04,-3.39E-04,-2.87E-04,-1.87E-04,-8.57E-05,-2.59E-04,-5.18E-04,-6.61E-04,-5.33E-04,-5.50E-04,-3.56E-04,-2.96E-04,-6.79E-04,-7.03E-04,-5.07E-04,-1.63E-04
2870,-5.14E-04,-3.69E-04,-1.66E-04,-6.31E-04,-2.41E-04,-3.52E-04,-2.99E-04,-2.03E-04,-1.01E-04,-2.74E-04,-5.27E-04,-6.73E-04,-5.42E-04,-5.59E-04,-3.64E-04,-3.06E-04,-6.91E-04,-7.13E-04,-5.21E-04,-1.70E-04
2871,-5.31E-04,-3.81E-04,-1.83E-04,-6.45E-04,-2.57E-04,-3.64E-04,-3.12E-04,-2.19E-04,-1.16E-04,-2.88E-04,-5.36E-04,-6.85E-04,-5.52E-04,-5.68E-04,-3.71E-04,-3.16E-04,-7.02E-04,-7.23E-04,-5.34E-04,-1.77E-04
2872,-5.48E-04,-3.94E-04,-2.00E-04,-6.59E-04,-2.73E-04,-3.75E-04,-3.24E-04,-2.36E-04,-1.31E-04,-3.02E-04,-5.45E-04,-6.97E-04,-5.61E-04,-5.76E-04,-3.78E-04,-3.24E-04,-7.13E-04,-7.32E-04,-5.47E-04,-1.82E-04
2873,-5.65E-04,-4.07E-04,-2.16E-04,-6.72E-04,-2.89E-04,-3.85E-04,-3.36E-04,-2.52E-04,-1.46E-04,-3.15E-04,-5.53E-04,-7.09E-04,-5.70E-04,-5.84E-04,-3.86E-04,-3.32E-04,-7.23E-04,-7.41E-04,-5.58E-04,-1.88E-04
2874,-5.81E-04,-4.20E-04,-2.33E-04,-6.85E-04,-3.05E-04,-3.94E-04,-3.47E-04,-2.68E-04,-1.60E-04,-3.27E-04,-5.61E-04,-7.20E-04,-5.80E-04,-5.91E-04,-3.93E-04,-3.39E-04,-7.34E-04,-7.49E-04,-5.68E-04,-1.92E-04
2875,-5.97E-04,-4.33E-04,-2.49E-04,-6.97E-04,-3.20E-04,-4.03E-04,-3.59E-04,-2.83E-04,-1.74E-04,-3.38E-04,-5.69E-04,-7.31E-04,-5.89E-04,-5.98E-04,-3.99E-04,-3.45E-04,-7.44E-04,-7.57E-04,-5.78E-04,-1.96E-04
2876,-6.12E-04,-4.47E-04,-2.65E-04,-7.09E-04,-3.34E-04,-4.10E-04,-3.69E-04,-2.98E-04,-1.88E-04,-3.49E-04,-5.76E-04,-7.42E-04,-5.98E-04,-6.05E-04,-4.06E-04,-3.50E-04,-7.53E-04,-7.64E-04,-5.87E-04,-1.99E-04
2877,-6.26E-04,-4.60E-04,-2.81E-04,-7.20E-04,-3.48E-04,-4.16E-04,-3.80E-04,-3.13E-04,-2.01E-04,-3.58E-04,-5.83E-04,-7.52E-04,-6.07E-04,-6.10E-04,-4.12E-04,-3.54E-04,-7.62E-04,-7.71E-04,-5.95E-04,-2.02E-04
2878,-6.39E-04,-4.73E-04,-2.96E-04,-7.30E-04,-3.62E-04,-4.21E-04,-3.90E-04,-3.27E-04,-2.14E-04,-3.67E-04,-5.90E-04,-7.61E-04,-6.16E-04,-6.15E-04,-4.18E-04,-3.57E-04,-7.71E-04,-7.77E-04,-6.02E-04,-2.04E-04
2879,-6.52E-04,-4.86E-04,-3.11E-04,-7.39E-04,-3.74E-04,-4.26E-04,-4.00E-04,-3.40E-04,-2.26E-04,-3.75E-04,-5.95E-04,-7.70E-04,-6.24E-04,-6.19E-04,-4.23E-04,-3.60E-04,-7.80E-04,-7.83E-04,-6.09E-04,-2.07E-04
2880,-6.63E-04,-4.99E-04,-3.25E-04,-7.47E-04,-3.86E-04,-4.30E-04,-4.10E-04,-3.53E-04,-2.37E-04,-3.82E-04,-6.01E-04,-7.79E-04,-6.32E-04,-6.22E-04,-4.28E-04,-3.63E-04,-7.88E-04,-7.88E-04,-6.15E-04,-2.08E-04
2881,-6.74E-04,-5.12E-04,-3.39E-04,-7.54E-04,-3.96E-04,-4.33E-04,-4.19E-04,-3.65E-04,-2.49E-04,-3.89E-04,-6.06E-04,-7.86E-04,-6.40E-04,-6.25E-04,-4.32E-04,-3.64E-04,-7.95E-04,-7.93E-04,-6.20E-04,-2.10E-04
2882,-6.84E-04,-5.24E-04,-3.53E-04,-7.60E-04,-4.07E-04,-4.37E-04,-4.28E-04,-3.77E-04,-2.59E-04,-3.95E-04,-6.10E-04,-7.94E-04,-6.47E-04,-6.26E-04,-4.37E-04,-3.66E-04,-8.02E-04,-7.98E-04,-6.26E-04,-2.12E-04
2883,-6.94E-04,-5.35E-04,-3.66E-04,-7.65E-04,-4.16E-04,-4.40E-04,-4.36E-04,-3.88E-04,-2.69E-04,-4.01E-04,-6.14E-04,-8.00E-04,-6.53E-04,-6.28E-04,-4.40E-04,-3.68E-04,-8.09E-04,-8.03E-04,-6.30E-04,-2.14E-04
2884,-7.02E-04,-5.46E-04,-3.79E-04,-7.70E-04,-4.25E-04,-4.44E-04,-4.44E-04,-3.98E-04,-2.79E-04,-4.06E-04,-6.17E-04,-8.06E-04,-6.59E-04,-6.28E-04,-4.44E-04,-3.69E-04,-8.15E-04,-8.07E-04,-6.35E-04,-2.16E-04
2885,-7.10E-04,-5.56E-04,-3.91E-04,-7.73E-04,-4.34E-04,-4.48E-04,-4.52E-04,-4.08E-04,-2.88E-04,-4.11E-04,-6.20E-04,-8.11E-04,-6.64E-04,-6.28E-04,-4.48E-04,-3.71E-04,-8.21E-04,-8.10E-04,-6.39E-04,-2.19E-04
2886,-7.18E-04,-5.66E-04,-4.03E-04,-7.75E-04,-4.42E-04,-4.52E-04,-4.59E-04,-4.17E-04,-2.97E-04,-4.16E-04,-6.23E-04,-8.16E-04,-6.69E-04,-6.27E-04,-4.51E-04,-3.74E-04,-8.26E-04,-8.14E-04,-6.42E-04,-2.21E-04
2887,-7.24E-04,-5.75E-04,-4.14E-04,-7.77E-04,-4.50E-04,-4.57E-04,-4.66E-04,-4.26E-04,-3.05E-04,-4.21E-04,-6.26E-04,-8.20E-04,-6.74E-04,-6.26E-04,-4.55E-04,-3.77E-04,-8.31E-04,-8.17E-04,-6.45E-04,-2.24E-04
2888,-7.30E-04,-5.83E-04,-4.26E-04,-7.78E-04,-4.57E-04,-4.62E-04,-4.72E-04,-4.34E-04,-3.13E-04,-4.26E-04,-6.28E-04,-8.23E-04,-6.78E-04,-6.25E-04,-4.59E-04,-3.80E-04,-8.35E-04,-8.19E-04,-6.47E-04,-2.27E-04
2889,-7.36E-04,-5.91E-04,-4.36E-04,-7.78E-04,-4.65E-04,-4.68E-04,-4.78E-04,-4.41E-04,-3.21E-04,-4.31E-04,-6.30E-04,-8.26E-04,-6.81E-04,-6.24E-04,-4.63E-04,-3.85E-04,-8.38E-04,-8.22E-04,-6.49E-04,-2.30E-04
2890,-7.41E-04,-5.98E-04,-4.47E-04,-7.77E-04,-4.72E-04,-4.74E-04,-4.83E-04,-4.48E-04,-3.28E-04,-4.36E-04,-6.33E-04,-8.29E-04,-6.84E-04,-6.22E-04,-4.67E-04,-3.90E-04,-8.42E-04,-8.23E-04,-6.50E-04,-2.34E-04
2891,-7.46E-04,-6.04E-04,-4.57E-04,-7.76E-04,-4.80E-04,-4.81E-04,-4.87E-04,-4.54E-04,-3.34E-04,-4.40E-04,-6.35E-04,-8.31E-04,-6.87E-04,-6.20E-04,-4.72E-04,-3.96E-04,-8.44E-04,-8.25E-04,-6.50E-04,-2.37E-04
2892,-7.51E-04,-6.09E-04,-4.67E-04,-7.75E-04,-4.87E-04,-4.88E-04,-4.91E-04,-4.59E-04,-3.41E-04,-4.45E-04,-6.37E-04,-8.33E-04,-6.89E-04,-6.17E-04,-4.77E-04,-4.04E-04,-8.46E-04,-8.26E-04,-6.50E-04,-2.41E-04
2893,-7.56E-04,-6.14E-04,-4.76E-04,-7.73E-04,-4.94E-04,-4.96E-04,-4.94E-04,-4.64E-04,-3.47E-04,-4.49E-04,-6.39E-04,-8.34E-04,-6.91E-04,-6.15E-04,-4.82E-04,-4.12E-04,-8.47E-04,-8.26E-04,-6.49E-04,-2.45E-04
2894,-7.60E-04,-6.19E-04,-4.85E-04,-7.71E-04,-5.01E-04,-5.03E-04,-4.97E-04,-4.69E-04,-3.52E-04,-4.53E-04,-6.41E-04,-8.35E-04,-6.92E-04,-6.12E-04,-4.88E-04,-4.21E-04,-8.48E-04,-8.26E-04,-6.47E-04,-2.48E-04
2895,-7.64E-04,-6.23E-04,-4.94E-04,-7.69E-04,-5.09E-04,-5.11E-04,-4.99E-04,-4.73E-04,-3.58E-04,-4.57E-04,-6.42E-04,-8.35E-04,-6.93E-04,-6.09E-04,-4.94E-04,-4.31E-04,-8.49E-04,-8.26E-04,-6.45E-04,-2.52E-04
2896,-7.69E-04,-6.26E-04,-5.03E-04,-7.66E-04,-5.16E-04,-5.18E-04,-5.00E-04,-4.76E-04,-3.63E-04,-4.60E-04,-6.44E-04,-8.36E-04,-6.94E-04,-6.07E-04,-5.01E-04,-4.41E-04,-8.48E-04,-8.25E-04,-6.42E-04,-2.56E-04
2897,-7.73E-04,-6.29E-04,-5.12E-04,-7.64E-04,-5.24E-04,-5.26E-04,-5.01E-04,-4.80E-04,-3.68E-04,-4.63E-04,-6.46E-04,-8.36E-04,-6.95E-04,-6.03E-04,-5.08E-04,-4.53E-04,-8.48E-04,-8.24E-04,-6.39E-04,-2.60E-04
2898,-7.78E-04,-6.32E-04,-5.20E-04,-7.61E-04,-5.31E-04,-5.33E-04,-5.02E-04,-4.83E-04,-3.73E-04,-4.66E-04,-6.47E-04,-8.35E-04,-6.95E-04,-6.00E-04,-5.15E-04,-4.65E-04,-8.47E-04,-8.23E-04,-6.36E-04,-2.64E-04
2899,-7.83E-04,-6.35E-04,-5.28E-04,-7.59E-04,-5.39E-04,-5.41E-04,-5.03E-04,-4.86E-04,-3.78E-04,-4.69E-04,-6.49E-04,-8.35E-04,-6.96E-04,-5.97E-04,-5.23E-04,-4.78E-04,-8.46E-04,-8.21E-04,-6.32E-04,-2.68E-04
2900,-7.88E-04,-6.37E-04,-5.36E-04,-7.56E-04,-5.46E-04,-5.48E-04,-5.03E-04,-4.89E-04,-3.83E-04,-4.71E-04,-6.50E-04,-8.35E-04,-6.96E-04,-5.93E-04,-5.31E-04,-4.91E-04,-8.44E-04,-8.19E-04,-6.28E-04,-2.73E-04
2901,-7.94E-04,-6.39E-04,-5.44E-04,-7.54E-04,-5.54E-04,-5.56E-04,-5.04E-04,-4.92E-04,-3.88E-04,-4.74E-04,-6.51E-04,-8.34E-04,-6.96E-04,-5.89E-04,-5.39E-04,-5.05E-04,-8.42E-04,-8.17E-04,-6.24E-04,-2.78E-04
2902,-7.99E-04,-6.41E-04,-5.52E-04,-7.51E-04,-5.62E-04,-5.64E-04,-5.04E-04,-4.96E-04,-3.93E-04,-4.76E-04,-6.53E-04,-8.33E-04,-6.96E-04,-5.85E-04,-5.47E-04,-5.19E-04,-8.40E-04,-8.14E-04,-6.20E-04,-2.83E-04
2903,-8.05E-04,-6.43E-04,-5.59E-04,-7.49E-04,-5.69E-04,-5.72E-04,-5.05E-04,-4.99E-04,-3.97E-04,-4.78E-04,-6.54E-04,-8.32E-04,-6.96E-04,-5.81E-04,-5.56E-04,-5.34E-04,-8.38E-04,-8.11E-04,-6.16E-04,-2.88E-04
2904,-8.11E-04,-6.44E-04,-5.66E-04,-7.47E-04,-5.77E-04,-5.80E-04,-5.05E-04,-5.02E-04,-4.02E-04,-4.80E-04,-6.56E-04,-8.31E-04,-6.96E-04,-5.77E-04,-5.65E-04,-5.48E-04,-8.35E-04,-8.08E-04,-6.12E-04,-2.94E-04
2905,-8.17E-04,-6.46E-04,-5.74E-04,-7.45E-04,-5.85E-04,-5.88E-04,-5.06E-04,-5.05E-04,-4.06E-04,-4.82E-04,-6.57E-04,-8.30E-04,-6.95E-04,-5.73E-04,-5.74E-04,-5.63E-04,-8.32E-04,-8.04E-04,-6.08E-04,-3.00E-04
2906,-8.23E-04,-6.48E-04,-5.81E-04,-7.43E-04,-5.93E-04,-5.97E-04,-5.07E-04,-5.08E-04,-4.11E-04,-4.84E-04,-6.59E-04,-8.29E-04,-6.94E-04,-5.69E-04,-5.83E-04,-5.77E-04,-8.29E-04,-8.00E-04,-6.05E-04,-3.07E-04
2907,-8.29E-04,-6.49E-04,-5.87E-04,-7.41E-04,-6.01E-04,-6.05E-04,-5.08E-04,-5.12E-04,-4.15E-04,-4.86E-04,-6.61E-04,-8.28E-04,-6.94E-04,-5.64E-04,-5.92E-04,-5.92E-04,-8.26E-04,-7.96E-04,-6.02E-04,-3.13E-04
2908,-8.35E-04,-6.51E-04,-5.94E-04,-7.39E-04,-6.09E-04,-6.14E-04,-5.09E-04,-5.15E-04,-4.19E-04,-4.88E-04,-6.63E-04,-8.27E-04,-6.92E-04,-5.60E-04,-6.01E-04,-6.06E-04,-8.23E-04,-7.91E-04,-5.99E-04,-3.20E-04
2909,-8.40E-04,-6.53E-04,-6.00E-04,-7.37E-04,-6.17E-04,-6.24E-04,-5.10E-04,-5.18E-04,-4.22E-04,-4.91E-04,-6.66E-04,-8.26E-04,-6.91E-04,-5.56E-04,-6.11E-04,-6.20E-04,-8.19E-04,-7.86E-04,-5.96E-04,-3.27E-04
2910,-8.45E-04,-6.55E-04,-6.06E-04,-7.35E-04,-6.24E-04,-6.33E-04,-5.10E-04,-5.20E-04,-4.26E-04,-4.93E-04,-6.69E-04,-8.24E-04,-6.90E-04,-5.52E-04,-6.20E-04,-6.33E-04,-8.16E-04,-7.81E-04,-5.94E-04,-3.34E-04
2911,-8.50E-04,-6.57E-04,-6.11E-04,-7.33E-04,-6.32E-04,-6.42E-04,-5.11E-04,-5.23E-04,-4.29E-04,-4.96E-04,-6.72E-04,-8.23E-04,-6.88E-04,-5.47E-04,-6.28E-04,-6.47E-04,-8.12E-04,-7.75E-04,-5.91E-04,-3.41E-04
2912,-8.55E-04,-6.59E-04,-6.16E-04,-7.31E-04,-6.39E-04,-6.51E-04,-5.12E-04,-5.26E-04,-4.33E-04,-4.99E-04,-6.76E-04,-8.21E-04,-6.86E-04,-5.43E-04,-6.37E-04,-6.60E-04,-8.08E-04,-7.70E-04,-5.90E-04,-3.49E-04
2913,-8.59E-04,-6.61E-04,-6.22E-04,-7.30E-04,-6.47E-04,-6.60E-04,-5.13E-04,-5.28E-04,-4.36E-04,-5.02E-04,-6.79E-04,-8.20E-04,-6.84E-04,-5.40E-04,-6.46E-04,-6.72E-04,-8.04E-04,-7.64E-04,-5.88E-04,-3.56E-04
2914,-8.63E-04,-6.64E-04,-6.27E-04,-7.28E-04,-6.54E-04,-6.69E-04,-5.14E-04,-5.30E-04,-4.39E-04,-5.05E-04,-6.83E-04,-8.19E-04,-6.81E-04,-5.36E-04,-6.54E-04,-6.84E-04,-8.01E-04,-7.59E-04,-5.88E-04,-3.63E-04
2915,-8.67E-04,-6.68E-04,-6.32E-04,-7.27E-04,-6.61E-04,-6.77E-04,-5.15E-04,-5.33E-04,-4.42E-04,-5.09E-04,-6.87E-04,-8.18E-04,-6.79E-04,-5.32E-04,-6.62E-04,-6.96E-04,-7.97E-04,-7.53E-04,-5.87E-04,-3.70E-04
2916,-8.72E-04,-6.71E-04,-6.37E-04,-7.25E-04,-6.68E-04,-6.85E-04,-5.17E-04,-5.36E-04,-4.46E-04,-5.13E-04,-6.91E-04,-8.17E-04,-6.77E-04,-5.29E-04,-6.70E-04,-7.07E-04,-7.93E-04,-7.49E-04,-5.88E-04,-3.76E-04
2917,-8.76E-04,-6.75E-04,-6.43E-04,-7.25E-04,-6.74E-04,-6.92E-04,-5.19E-04,-5.39E-04,-4.49E-04,-5.17E-04,-6.96E-04,-8.16E-04,-6.74E-04,-5.26E-04,-6.78E-04,-7.17E-04,-7.90E-04,-7.44E-04,-5.89E-04,-3.83E-04
2918,-8.81E-04,-6.80E-04,-6.48E-04,-7.24E-04,-6.81E-04,-6.98E-04,-5.21E-04,-5.42E-04,-4.53E-04,-5.21E-04,-7.00E-04,-8.16E-04,-6.72E-04,-5.24E-04,-6.85E-04,-7.28E-04,-7.88E-04,-7.41E-04,-5.91E-04,-3.90E-04
2919,-8.87E-04,-6.85E-04,-6.55E-04,-7.24E-04,-6.88E-04,-7.04E-04,-5.23E-04,-5.46E-04,-4.58E-04,-5.26E-04,-7.04E-04,-8.16E-04,-6.71E-04,-5.21E-04,-6.92E-04,-7.38E-04,-7.85E-04,-7.38E-04,-5.95E-04,-3.98E-04
2920,-8.94E-04,-6.91E-04,-6.62E-04,-7.24E-04,-6.95E-04,-7.10E-04,-5.27E-04,-5.51E-04,-4.62E-04,-5.31E-04,-7.08E-04,-8.17E-04,-6.70E-04,-5.20E-04,-6.99E-04,-7.48E-04,-7.84E-04,-7.36E-04,-5.99E-04,-4.05E-04
2921,-9.01E-04,-6.97E-04,-6.70E-04,-7.25E-04,-7.02E-04,-7.15E-04,-5.31E-04,-5.57E-04,-4.68E-04,-5.37E-04,-7.12E-04,-8.18E-04,-6.69E-04,-5.18E-04,-7.06E-04,-7.57E-04,-7.83E-04,-7.35E-04,-6.04E-04,-4.12E-04
2922,-9.10E-04,-7.03E-04,-6.78E-04,-7.27E-04,-7.09E-04,-7.19E-04,-5.36E-04,-5.63E-04,-4.73E-04,-5.43E-04,-7.16E-04,-8.19E-04,-6.69E-04,-5.18E-04,-7.13E-04,-7.67E-04,-7.82E-04,-7.35E-04,-6.11E-04,-4.20E-04
2923,-9.20E-04,-7.10E-04,-6.87E-04,-7.30E-04,-7.16E-04,-7.23E-04,-5.41E-04,-5.70E-04,-4.79E-04,-5.49E-04,-7.20E-04,-8.21E-04,-6.69E-04,-5.17E-04,-7.20E-04,-7.76E-04,-7.83E-04,-7.35E-04,-6.19E-04,-4.28E-04
2924,-9.30E-04,-7.17E-04,-6.97E-04,-7.33E-04,-7.24E-04,-7.27E-04,-5.47E-04,-5.78E-04,-4.85E-04,-5.55E-04,-7.24E-04,-8.23E-04,-6.70E-04,-5.18E-04,-7.26E-04,-7.85E-04,-7.83E-04,-7.37E-04,-6.27E-04,-4.37E-04
2925,-9.42E-04,-7.25E-04,-7.07E-04,-7.37E-04,-7.31E-04,-7.31E-04,-5.54E-04,-5.86E-04,-4.92E-04,-5.62E-04,-7.28E-04,-8.26E-04,-6.72E-04,-5.18E-04,-7.33E-04,-7.94E-04,-7.85E-04,-7.39E-04,-6.37E-04,-4.45E-04
2926,-9.54E-04,-7.32E-04,-7.17E-04,-7.41E-04,-7.38E-04,-7.34E-04,-5.61E-04,-5.95E-04,-4.98E-04,-5.69E-04,-7.32E-04,-8.28E-04,-6.74E-04,-5.20E-04,-7.39E-04,-8.02E-04,-7.86E-04,-7.42E-04,-6.47E-04,-4.54E-04
2927,-9.67E-04,-7.39E-04,-7.28E-04,-7.46E-04,-7.45E-04,-7.36E-04,-5.68E-04,-6.04E-04,-5.04E-04,-5.76E-04,-7.36E-04,-8.31E-04,-6.77E-04,-5.21E-04,-7.44E-04,-8.10E-04,-7.88E-04,-7.46E-04,-6.58E-04,-4.62E-04
2928,-9.79E-04,-7.46E-04,-7.38E-04,-7.52E-04,-7.52E-04,-7.38E-04,-5.75E-04,-6.12E-04,-5.10E-04,-5.82E-04,-7.39E-04,-8.34E-04,-6.80E-04,-5.23E-04,-7.49E-04,-8.17E-04,-7.90E-04,-7.49E-04,-6.69E-04,-4.71E-04
2929,-9.92E-04,-7.51E-04,-7.47E-04,-7.58E-04,-7.58E-04,-7.40E-04,-5.82E-04,-6.19E-04,-5.15E-04,-5.88E-04,-7.43E-04,-8.36E-04,-6.84E-04,-5.24E-04,-7.53E-04,-8.24E-04,-7.92E-04,-7.52E-04,-6.80E-04,-4.78E-04
2930,-1.00E-03,-7.56E-04,-7.55E-04,-7.64E-04,-7.63E-04,-7.40E-04,-5.88E-04,-6.26E-04,-5.20E-04,-5.93E-04,-7.46E-04,-8.38E-04,-6.87E-04,-5.26E-04,-7.56E-04,-8.29E-04,-7.93E-04,-7.54E-04,-6.91E-04,-4.86E-04
2931,-1.01E-03,-7.60E-04,-7.61E-04,-7.70E-04,-7.66E-04,-7.40E-04,-5.92E-04,-6.31E-04,-5.23E-04,-5.96E-04,-7.49E-04,-8.39E-04,-6.90E-04,-5.27E-04,-7.57E-04,-8.34E-04,-7.94E-04,-7.56E-04,-7.00E-04,-4.92E-04
2932,-1.02E-03,-7.63E-04,-7.66E-04,-7.75E-04,-7.69E-04,-7.39E-04,-5.96E-04,-6.34E-04,-5.25E-04,-5.99E-04,-7.51E-04,-8.38E-04,-6.92E-04,-5.28E-04,-7.57E-04,-8.37E-04,-7.93E-04,-7.57E-04,-7.08E-04,-4.97E-04
2933,-1.03E-03,-7.64E-04,-7.69E-04,-7.80E-04,-7.69E-04,-7.36E-04,-5.97E-04,-6.35E-04,-5.25E-04,-6.00E-04,-7.53E-04,-8.37E-04,-6.93E-04,-5.28E-04,-7.56E-04,-8.38E-04,-7.91E-04,-7.56E-04,-7.15E-04,-5.00E-04
2934,-1.04E-03,-7.63E-04,-7.69E-04,-7.84E-04,-7.68E-04,-7.31E-04,-5.97E-04,-6.33E-04,-5.24E-04,-5.99E-04,-7.54E-04,-8.34E-04,-6.94E-04,-5.28E-04,-7.52E-04,-8.37E-04,-7.88E-04,-7.54E-04,-7.20E-04,-5.02E-04
2935,-1.04E-03,-7.60E-04,-7.66E-04,-7.87E-04,-7.64E-04,-7.24E-04,-5.94E-04,-6.28E-04,-5.20E-04,-5.95E-04,-7.54E-04,-8.30E-04,-6.93E-04,-5.26E-04,-7.46E-04,-8.34E-04,-7.83E-04,-7.50E-04,-7.22E-04,-5.02E-04
2936,-1.04E-03,-7.56E-04,-7.60E-04,-7.88E-04,-7.58E-04,-7.15E-04,-5.89E-04,-6.20E-04,-5.14E-04,-5.89E-04,-7.52E-04,-8.24E-04,-6.90E-04,-5.22E-04,-7.38E-04,-8.28E-04,-7.76E-04,-7.44E-04,-7.22E-04,-4.99E-04
2937,-1.04E-03,-7.49E-04,-7.51E-04,-7.88E-04,-7.49E-04,-7.04E-04,-5.81E-04,-6.10E-04,-5.06E-04,-5.81E-04,-7.49E-04,-8.15E-04,-6.86E-04,-5.18E-04,-7.27E-04,-8.20E-04,-7.68E-04,-7.37E-04,-7.20E-04,-4.94E-04
2938,-1.03E-03,-7.40E-04,-7.39E-04,-7.85E-04,-7.37E-04,-6.90E-04,-5.71E-04,-5.95E-04,-4.96E-04,-5.70E-04,-7.45E-04,-8.05E-04,-6.79E-04,-5.12E-04,-7.14E-04,-8.09E-04,-7.56E-04,-7.27E-04,-7.14E-04,-4.87E-04
2939,-1.02E-03,-7.28E-04,-7.23E-04,-7.81E-04,-7.23E-04,-6.74E-04,-5.57E-04,-5.78E-04,-4.83E-04,-5.56E-04,-7.38E-04,-7.92E-04,-6.71E-04,-5.04E-04,-6.98E-04,-7.95E-04,-7.43E-04,-7.15E-04,-7.06E-04,-4.77E-04
2940,-1.01E-03,-7.14E-04,-7.05E-04,-7.74E-04,-7.06E-04,-6.55E-04,-5.42E-04,-5.58E-04,-4.68E-04,-5.40E-04,-7.29E-04,-7.77E-04,-6.60E-04,-4.94E-04,-6.79E-04,-7.79E-04,-7.28E-04,-7.01E-04,-6.94E-04,-4.65E-04
2941,-1.00E-03,-6.98E-04,-6.84E-04,-7.64E-04,-6.86E-04,-6.34E-04,-5.23E-04,-5.34E-04,-4.51E-04,-5.21E-04,-7.18E-04,-7.59E-04,-6.46E-04,-4.83E-04,-6.57E-04,-7.59E-04,-7.10E-04,-6.85E-04,-6.79E-04,-4.51E-04
2942,-9.83E-04,-6.80E-04,-6.60E-04,-7.52E-04,-6.64E-04,-6.10E-04,-5.03E-04,-5.09E-04,-4.32E-04,-4.99E-04,-7.04E-04,-7.39E-04,-6.31E-04,-4.71E-04,-6.33E-04,-7.37E-04,-6.90E-04,-6.68E-04,-6.62E-04,-4.35E-04
2943,-9.64E-04,-6.60E-04,-6.34E-04,-7.38E-04,-6.39E-04,-5.84E-04,-4.80E-04,-4.81E-04,-4.11E-04,-4.75E-04,-6.87E-04,-7.17E-04,-6.13E-04,-4.56E-04,-6.07E-04,-7.12E-04,-6.68E-04,-6.49E-04,-6.42E-04,-4.16E-04
2944,-9.43E-04,-6.38E-04,-6.06E-04,-7.21E-04,-6.12E-04,-5.55E-04,-4.55E-04,-4.51E-04,-3.88E-04,-4.49E-04,-6.68E-04,-6.92E-04,-5.93E-04,-4.41E-04,-5.79E-04,-6.85E-04,-6.44E-04,-6.28E-04,-6.19E-04,-3.96E-04
2945,-9.19E-04,-6.15E-04,-5.77E-04,-7.02E-04,-5.83E-04,-5.25E-04,-4.29E-04,-4.20E-04,-3.64E-04,-4.22E-04,-6.46E-04,-6.66E-04,-5.70E-04,-4.24E-04,-5.48E-04,-6.56E-04,-6.19E-04,-6.06E-04,-5.94E-04,-3.75E-04
2946,-8.94E-04,-5.89E-04,-5.46E-04,-6.80E-04,-5.53E-04,-4.93E-04,-4.01E-04,-3.88E-04,-3.38E-04,-3.92E-04,-6.22E-04,-6.37E-04,-5.46E-04,-4.05E-04,-5.16E-04,-6.24E-04,-5.92E-04,-5.82E-04,-5.66E-04,-3.52E-04
2947,-8.66E-04,-5.63E-04,-5.15E-04,-6.56E-04,-5.22E-04,-4.59E-04,-3.73E-04,-3.55E-04,-3.12E-04,-3.62E-04,-5.95E-04,-6.07E-04,-5.20E-04,-3.86E-04,-4.83E-04,-5.91E-04,-5.63E-04,-5.58E-04,-5.37E-04,-3.29E-04
2948,-8.37E-04,-5.35E-04,-4.83E-04,-6.30E-04,-4.89E-04,-4.24E-04,-3.44E-04,-3.22E-04,-2.85E-04,-3.31E-04,-5.66E-04,-5.75E-04,-4.92E-04,-3.66E-04,-4.48E-04,-5.57E-04,-5.33E-04,-5.32E-04,-5.06E-04,-3.05E-04
2949,-8.05E-04,-5.06E-04,-4.50E-04,-6.02E-04,-4.56E-04,-3.89E-04,-3.15E-04,-2.90E-04,-2.57E-04,-3.00E-04,-5.35E-04,-5.42E-04,-4.62E-04,-3.45E-04,-4.13E-04,-5.22E-04,-5.02E-04,-5.06E-04,-4.73E-04,-2.80E-04
2950,-7.73E-04,-4.77E-04,-4.18E-04,-5.73E-04,-4.23E-04,-3.53E-04,-2.85E-04,-2.58E-04,-2.30E-04,-2.69E-04,-5.02E-04,-5.08E-04,-4.31E-04,-3.23E-04,-3.77E-04,-4.86E-04,-4.70E-04,-4.79E-04,-4.39E-04,-2.56E-04
2951,-7.39E-04,-4.47E-04,-3.85E-04,-5.42E-04,-3.90E-04,-3.17E-04,-2.56E-04,-2.26E-04,-2.02E-04,-2.38E-04,-4.68E-04,-4.73E-04,-4.00E-04,-3.01E-04,-3.40E-04,-4.49E-04,-4.37E-04,-4.52E-04,-4.05E-04,-2.32E-04
2952,-7.03E-04,-4.17E-04,-3.53E-04,-5.10E-04,-3.57E-04,-2.82E-04,-2.26E-04,-1.96E-04,-1.76E-04,-2.08E-04,-4.32E-04,-4.38E-04,-3.67E-04,-2.78E-04,-3.04E-04,-4.13E-04,-4.03E-04,-4.23E-04,-3.69E-04,-2.09E-04
2953,-6.66E-04,-3.86E-04,-3.22E-04,-4.77E-04,-3.24E-04,-2.46E-04,-1.98E-04,-1.67E-04,-1.50E-04,-1.78E-04,-3.95E-04,-4.02E-04,-3.34E-04,-2.55E-04,-2.67E-04,-3.77E-04,-3.69E-04,-3.95E-04,-3.33E-04,-1.86E-04
2954,-6.28E-04,-3.55E-04,-2.91E-04,-4.43E-04,-2.92E-04,-2.12E-04,-1.70E-04,-1.39E-04,-1.25E-04,-1.50E-04,-3.58E-04,-3.67E-04,-3.00E-04,-2.31E-04,-2.31E-04,-3.42E-04,-3.35E-04,-3.66E-04,-2.98E-04,-1.65E-04
2955,-5.89E-04,-3.25E-04,-2.60E-04,-4.09E-04,-2.60E-04,-1.78E-04,-1.42E-04,-1.13E-04,-1.01E-04,-1.23E-04,-3.20E-04,-3.31E-04,-2.66E-04,-2.08E-04,-1.95E-04,-3.08E-04,-3.00E-04,-3.37E-04,-2.62E-04,-1.44E-04
2956,-5.48E-04,-2.94E-04,-2.31E-04,-3.75E-04,-2.29E-04,-1.45E-04,-1.15E-04,-8.73E-05,-7.78E-05,-9.81E-05,-2.82E-04,-2.96E-04,-2.32E-04,-1.84E-04,-1.60E-04,-2.74E-04,-2.65E-04,-3.08E-04,-2.26E-04,-1.25E-04
2957,-5.07E-04,-2.64E-04,-2.02E-04,-3.40E-04,-1.99E-04,-1.14E-04,-8.92E-05,-6.32E-05,-5.65E-05,-7.45E-05,-2.44E-04,-2.62E-04,-1.98E-04,-1.59E-04,-1.25E-04,-2.43E-04,-2.30E-04,-2.78E-04,-1.91E-04,-1.07E-04
2958,-4.66E-04,-2.34E-04,-1.73E-04,-3.06E-04,-1.70E-04,-8.35E-05,-6.40E-05,-4.03E-05,-3.65E-05,-5.27E-05,-2.07E-04,-2.28E-04,-1.64E-04,-1.35E-04,-9.12E-05,-2.12E-04,-1.95E-04,-2.49E-04,-1.57E-04,-9.03E-05
2959,-4.24E-04,-2.04E-04,-1.45E-04,-2.71E-04,-1.42E-04,-5.51E-05,-3.96E-05,-1.85E-05,-1.81E-05,-3.26E-05,-1.70E-04,-1.95E-04,-1.31E-04,-1.11E-04,-5.81E-05,-1.84E-04,-1.60E-04,-2.20E-04,-1.24E-04,-7.52E-05
2960,-3.83E-04,-1.75E-04,-1.19E-04,-2.37E-04,-1.15E-04,-2.83E-05,-1.60E-05,2.39E-06,-1.15E-06,-1.44E-05,-1.34E-04,-1.63E-04,-9.80E-05,-8.62E-05,-2.60E-05,-1.57E-04,-1.25E-04,-1.91E-04,-9.21E-05,-6.17E-05
2961,-3.42E-04,-1.46E-04,-9.26E-05,-2.04E-04,-8.96E-05,-3.29E-06,6.82E-06,2.23E-05,1.43E-05,2.14E-06,-9.86E-05,-1.33E-04,-6.58E-05,-6.18E-05,5.06E-06,-1.33E-04,-9.08E-05,-1.63E-04,-6.19E-05,-4.98E-05
2962,-3.02E-04,-1.19E-04,-6.76E-05,-1.71E-04,-6.50E-05,1.98E-05,2.87E-05,4.13E-05,2.84E-05,1.69E-05,-6.43E-05,-1.03E-04,-3.44E-05,-3.75E-05,3.49E-05,-1.10E-04,-5.70E-05,-1.35E-04,-3.33E-05,-3.96E-05
2963,-2.63E-04,-9.16E-05,-4.36E-05,-1.39E-04,-4.15E-05,4.09E-05,4.97E-05,5.95E-05,4.11E-05,3.00E-05,-3.11E-05,-7.49E-05,-3.69E-06,-1.33E-05,6.33E-05,-8.93E-05,-2.39E-05,-1.09E-04,-6.68E-06,-3.10E-05
2964,-2.26E-04,-6.53E-05,-2.09E-05,-1.08E-04,-1.93E-05,5.99E-05,6.99E-05,7.70E-05,5.25E-05,4.16E-05,9.31E-07,-4.81E-05,2.61E-05,1.05E-05,9.04E-05,-7.06E-05,8.54E-06,-8.27E-05,1.80E-05,-2.41E-05
2965,-1.90E-04,-4.00E-05,5.35E-07,-7.82E-05,1.70E-06,7.69E-05,8.90E-05,9.36E-05,6.29E-05,5.16E-05,3.18E-05,-2.27E-05,5.50E-05,3.38E-05,1.16E-04,-5.38E-05,4.02E-05,-5.78E-05,4.05E-05,-1.89E-05
2966,-1.56E-04,-1.57E-05,2.05E-05,-4.90E-05,2.13E-05,9.17E-05,1.07E-04,1.09E-04,7.21E-05,6.02E-05,6.15E-05,1.24E-06,8.28E-05,5.66E-05,1.40E-04,-3.89E-05,7.08E-05,-3.39E-05,6.08E-05,-1.53E-05
2967,-1.25E-04,7.47E-06,3.90E-05,-2.08E-05,3.96E-05,1.04E-04,1.24E-04,1.24E-04,8.05E-05,6.75E-05,9.00E-05,2.37E-05,1.10E-04,7.87E-05,1.62E-04,-2.58E-05,1.01E-04,-1.11E-05,7.90E-05,-1.34E-05
2968,-9.57E-05,2.95E-05,5.58E-05,6.29E-06,5.64E-05,1.15E-04,1.40E-04,1.38E-04,8.81E-05,7.35E-05,1.17E-04,4.46E-05,1.36E-04,1.00E-04,1.82E-04,-1.42E-05,1.29E-04,1.06E-05,9.51E-05,-1.30E-05
2969,-6.88E-05,5.02E-05,7.10E-05,3.23E-05,7.19E-05,1.24E-04,1.55E-04,1.51E-04,9.50E-05,7.85E-05,1.44E-04,6.41E-05,1.61E-04,1.20E-04,2.00E-04,-4.03E-06,1.57E-04,3.13E-05,1.09E-04,-1.41E-05
2970,-4.41E-05,6.96E-05,8.44E-05,5.73E-05,8.60E-05,1.31E-04,1.69E-04,1.63E-04,1.01E-04,8.23E-05,1.69E-04,8.20E-05,1.85E-04,1.40E-04,2.17E-04,4.86E-06,1.83E-04,5.08E-05,1.21E-04,-1.65E-05
2971,-2.14E-05,8.75E-05,9.62E-05,8.13E-05,9.87E-05,1.35E-04,1.81E-04,1.74E-04,1.07E-04,8.51E-05,1.93E-04,9.84E-05,2.08E-04,1.58E-04,2.32E-04,1.27E-05,2.08E-04,6.95E-05,1.32E-04,-2.02E-05
2972,-5.61E-07,1.04E-04,1.06E-04,1.04E-04,1.10E-04,1.39E-04,1.93E-04,1.84E-04,1.12E-04,8.71E-05,2.16E-04,1.13E-04,2.30E-04,1.75E-04,2.45E-04,1.97E-05,2.32E-04,8.73E-05,1.41E-04,-2.50E-05
2973,1.88E-05,1.19E-04,1.15E-04,1.26E-04,1.20E-04,1.40E-04,2.03E-04,1.92E-04,1.17E-04,8.81E-05,2.38E-04,1.27E-04,2.51E-04,1.91E-04,2.56E-04,2.60E-05,2.55E-04,1.04E-04,1.48E-04,-3.07E-05
2974,3.68E-05,1.32E-04,1.21E-04,1.47E-04,1.29E-04,1.41E-04,2.11E-04,1.99E-04,1.21E-04,8.84E-05,2.59E-04,1.39E-04,2.72E-04,2.07E-04,2.66E-04,3.18E-05,2.76E-04,1.21E-04,1.55E-04,-3.71E-05
2975,5.39E-05,1.44E-04,1.27E-04,1.67E-04,1.37E-04,1.40E-04,2.19E-04,2.04E-04,1.25E-04,8.79E-05,2.79E-04,1.50E-04,2.92E-04,2.21E-04,2.74E-04,3.73E-05,2.97E-04,1.37E-04,1.61E-04,-4.41E-05
2976,7.03E-05,1.54E-04,1.31E-04,1.87E-04,1.43E-04,1.38E-04,2.25E-04,2.08E-04,1.28E-04,8.66E-05,2.99E-04,1.59E-04,3.11E-04,2.34E-04,2.81E-04,4.26E-05,3.16E-04,1.53E-04,1.66E-04,-5.15E-05
2977,8.62E-05,1.62E-04,1.33E-04,2.05E-04,1.49E-04,1.36E-04,2.29E-04,2.10E-04,1.31E-04,8.48E-05,3.17E-04,1.67E-04,3.30E-04,2.46E-04,2.87E-04,4.79E-05,3.34E-04,1.68E-04,1.71E-04,-5.90E-05
2978,1.02E-04,1.69E-04,1.35E-04,2.23E-04,1.54E-04,1.33E-04,2.33E-04,2.10E-04,1.32E-04,8.23E-05,3.34E-04,1.74E-04,3.48E-04,2.57E-04,2.92E-04,5.31E-05,3.51E-04,1.83E-04,1.75E-04,-6.66E-05
2979,1.17E-04,1.74E-04,1.35E-04,2.40E-04,1.58E-04,1.29E-04,2.34E-04,2.09E-04,1.34E-04,7.93E-05,3.51E-04,1.79E-04,3.66E-04,2.68E-04,2.96E-04,5.83E-05,3.67E-04,1.99E-04,1.80E-04,-7.41E-05
2980,1.33E-04,1.77E-04,1.35E-04,2.57E-04,1.61E-04,1.25E-04,2.35E-04,2.07E-04,1.34E-04,7.58E-05,3.66E-04,1.83E-04,3.83E-04,2.77E-04,2.99E-04,6.36E-05,3.82E-04,2.14E-04,1.85E-04,-8.13E-05
2981,1.48E-04,1.79E-04,1.33E-04,2.72E-04,1.63E-04,1.21E-04,2.34E-04,2.03E-04,1.34E-04,7.18E-05,3.81E-04,1.87E-04,3.99E-04,2.87E-04,3.01E-04,6.89E-05,3.95E-04,2.29E-04,1.89E-04,-8.82E-05
2982,1.62E-04,1.80E-04,1.31E-04,2.87E-04,1.65E-04,1.16E-04,2.32E-04,1.97E-04,1.32E-04,6.75E-05,3.95E-04,1.89E-04,4.15E-04,2.95E-04,3.03E-04,7.41E-05,4.08E-04,2.44E-04,1.94E-04,-9.45E-05
2983,1.77E-04,1.79E-04,1.27E-04,3.02E-04,1.66E-04,1.12E-04,2.29E-04,1.90E-04,1.30E-04,6.29E-05,4.07E-04,1.90E-04,4.29E-04,3.03E-04,3.04E-04,7.91E-05,4.20E-04,2.58E-04,1.99E-04,-1.00E-04
2984,1.90E-04,1.76E-04,1.22E-04,3.15E-04,1.67E-04,1.07E-04,2.24E-04,1.82E-04,1.27E-04,5.80E-05,4.18E-04,1.89E-04,4.43E-04,3.11E-04,3.04E-04,8.39E-05,4.30E-04,2.73E-04,2.04E-04,-1.06E-04
2985,2.03E-04,1.72E-04,1.17E-04,3.27E-04,1.66E-04,1.03E-04,2.18E-04,1.72E-04,1.22E-04,5.29E-05,4.28E-04,1.88E-04,4.56E-04,3.18E-04,3.04E-04,8.82E-05,4.39E-04,2.86E-04,2.09E-04,-1.10E-04
2986,2.14E-04,1.67E-04,1.10E-04,3.39E-04,1.65E-04,9.85E-05,2.11E-04,1.62E-04,1.17E-04,4.78E-05,4.37E-04,1.86E-04,4.69E-04,3.25E-04,3.03E-04,9.20E-05,4.47E-04,3.00E-04,2.14E-04,-1.15E-04
2987,2.24E-04,1.60E-04,1.02E-04,3.50E-04,1.63E-04,9.41E-05,2.02E-04,1.50E-04,1.11E-04,4.26E-05,4.45E-04,1.83E-04,4.80E-04,3.31E-04,3.01E-04,9.51E-05,4.54E-04,3.12E-04,2.18E-04,-1.18E-04
2988,2.32E-04,1.53E-04,9.24E-05,3.59E-04,1.60E-04,8.98E-05,1.93E-04,1.38E-04,1.04E-04,3.74E-05,4.51E-04,1.79E-04,4.89E-04,3.36E-04,2.98E-04,9.74E-05,4.60E-04,3.24E-04,2.23E-04,-1.21E-04
2989,2.38E-04,1.43E-04,8.17E-05,3.68E-04,1.56E-04,8.54E-05,1.82E-04,1.24E-04,9.65E-05,3.22E-05,4.57E-04,1.74E-04,4.98E-04,3.41E-04,2.95E-04,9.88E-05,4.64E-04,3.34E-04,2.26E-04,-1.24E-04
2990,2.41E-04,1.33E-04,6.96E-05,3.75E-04,1.52E-04,8.11E-05,1.70E-04,1.10E-04,8.81E-05,2.71E-05,4.60E-04,1.68E-04,5.05E-04,3.45E-04,2.91E-04,9.94E-05,4.67E-04,3.44E-04,2.29E-04,-1.26E-04
2991,2.43E-04,1.22E-04,5.62E-05,3.82E-04,1.46E-04,7.67E-05,1.57E-04,9.50E-05,7.91E-05,2.20E-05,4.63E-04,1.62E-04,5.11E-04,3.48E-04,2.86E-04,9.90E-05,4.69E-04,3.52E-04,2.32E-04,-1.28E-04
2992,2.42E-04,1.09E-04,4.16E-05,3.87E-04,1.39E-04,7.22E-05,1.43E-04,7.95E-05,6.95E-05,1.70E-05,4.64E-04,1.54E-04,5.16E-04,3.50E-04,2.80E-04,9.76E-05,4.69E-04,3.59E-04,2.34E-04,-1.30E-04
2993,2.40E-04,9.60E-05,2.57E-05,3.91E-04,1.32E-04,6.77E-05,1.29E-04,6.33E-05,5.94E-05,1.19E-05,4.65E-04,1.46E-04,5.20E-04,3.52E-04,2.74E-04,9.53E-05,4.69E-04,3.66E-04,2.35E-04,-1.31E-04
2994,2.35E-04,8.17E-05,8.78E-06,3.95E-04,1.23E-04,6.30E-05,1.13E-04,4.65E-05,4.88E-05,6.63E-06,4.64E-04,1.37E-04,5.22E-04,3.53E-04,2.66E-04,9.22E-05,4.67E-04,3.71E-04,2.35E-04,-1.32E-04
2995,2.29E-04,6.65E-05,-9.14E-06,3.97E-04,1.14E-04,5.82E-05,9.71E-05,2.92E-05,3.77E-05,1.17E-06,4.62E-04,1.27E-04,5.23E-04,3.52E-04,2.59E-04,8.83E-05,4.64E-04,3.75E-04,2.35E-04,-1.33E-04
2996,2.22E-04,5.06E-05,-2.79E-05,3.98E-04,1.04E-04,5.32E-05,8.03E-05,1.13E-05,2.62E-05,-4.62E-06,4.59E-04,1.17E-04,5.23E-04,3.51E-04,2.50E-04,8.38E-05,4.60E-04,3.78E-04,2.34E-04,-1.34E-04
2997,2.13E-04,3.41E-05,-4.73E-05,3.98E-04,9.33E-05,4.80E-05,6.29E-05,-7.21E-06,1.42E-05,-1.09E-05,4.55E-04,1.06E-04,5.22E-04,3.49E-04,2.42E-04,7.87E-05,4.55E-04,3.80E-04,2.32E-04,-1.34E-04
2998,2.04E-04,1.70E-05,-6.73E-05,3.98E-04,8.22E-05,4.25E-05,4.49E-05,-2.63E-05,1.62E-06,-1.78E-05,4.51E-04,9.45E-05,5.21E-04,3.47E-04,2.33E-04,7.32E-05,4.49E-04,3.81E-04,2.29E-04,-1.34E-04
2999,1.93E-04,-5.09E-07,-8.76E-05,3.96E-04,7.06E-05,3.68E-05,2.65E-05,-4.61E-05,-1.15E-05,-2.55E-05,4.45E-04,8.26E-05,5.18E-04,3.44E-04,2.24E-04,6.73E-05,4.43E-04,3.82E-04,2.26E-04,-1.35E-04
3000,1.83E-04,-1.83E-05,-1.08E-04,3.94E-04,5.86E-05,3.08E-05,7.50E-06,-6.65E-05,-2.52E-05,-3.41E-05,4.39E-04,7.02E-05,5.15E-04,3.40E-04,2.15E-04,6.13E-05,4.35E-04,3.82E-04,2.22E-04,-1.35E-04
3001,1.72E-04,-3.63E-05,-1.29E-04,3.90E-04,4.64E-05,2.45E-05,-1.19E-05,-8.76E-05,-3.96E-05,-4.37E-05,4.32E-04,5.74E-05,5.11E-04,3.35E-04,2.07E-04,5.51E-05,4.27E-04,3.82E-04,2.18E-04,-1.35E-04
3002,1.62E-04,-5.45E-05,-1.50E-04,3.86E-04,3.40E-05,1.78E-05,-3.18E-05,-1.09E-04,-5.46E-05,-5.45E-05,4.25E-04,4.43E-05,5.06E-04,3.30E-04,1.99E-04,4.89E-05,4.19E-04,3.81E-04,2.13E-04,-1.35E-04
3003,1.51E-04,-7.26E-05,-1.71E-04,3.81E-04,2.14E-05,1.08E-05,-5.20E-05,-1.32E-04,-7.04E-05,-6.64E-05,4.17E-04,3.09E-05,5.01E-04,3.25E-04,1.91E-04,4.27E-05,4.09E-04,3.79E-04,2.08E-04,-1.35E-04
3004,1.40E-04,-9.06E-05,-1.92E-04,3.76E-04,8.74E-06,3.33E-06,-7.26E-05,-1.55E-04,-8.70E-05,-7.96E-05,4.08E-04,1.71E-05,4.95E-04,3.19E-04,1.83E-04,3.65E-05,4.00E-04,3.77E-04,2.02E-04,-1.35E-04
3005,1.29E-04,-1.08E-04,-2.13E-04,3.69E-04,-4.00E-06,-4.52E-06,-9.36E-05,-1.79E-04,-1.04E-04,-9.39E-05,3.99E-04,3.09E-06,4.89E-04,3.13E-04,1.76E-04,3.03E-05,3.89E-04,3.75E-04,1.95E-04,-1.35E-04
3006,1.18E-04,-1.26E-04,-2.34E-04,3.62E-04,-1.68E-05,-1.28E-05,-1.15E-04,-2.03E-04,-1.22E-04,-1.09E-04,3.89E-04,-1.12E-05,4.82E-04,3.06E-04,1.70E-04,2.42E-05,3.79E-04,3.72E-04,1.88E-04,-1.35E-04
3007,1.07E-04,-1.43E-04,-2.55E-04,3.53E-04,-2.96E-05,-2.14E-05,-1.36E-04,-2.27E-04,-1.41E-04,-1.26E-04,3.78E-04,-2.57E-05,4.75E-04,2.99E-04,1.63E-04,1.82E-05,3.67E-04,3.68E-04,1.80E-04,-1.36E-04
3008,9.50E-05,-1.60E-04,-2.76E-04,3.44E-04,-4.24E-05,-3.03E-05,-1.58E-04,-2.52E-04,-1.60E-04,-1.43E-04,3.67E-04,-4.05E-05,4.67E-04,2.91E-04,1.58E-04,1.21E-05,3.56E-04,3.64E-04,1.72E-04,-1.36E-04
3009,8.24E-05,-1.77E-04,-2.97E-04,3.35E-04,-5.53E-05,-3.96E-05,-1.79E-04,-2.77E-04,-1.79E-04,-1.61E-04,3.55E-04,-5.54E-05,4.59E-04,2.83E-04,1.52E-04,6.14E-06,3.44E-04,3.60E-04,1.64E-04,-1.37E-04
3010,6.90E-05,-1.93E-04,-3.19E-04,3.24E-04,-6.80E-05,-4.90E-05,-2.01E-04,-3.02E-04,-1.99E-04,-1.79E-04,3.42E-04,-7.04E-05,4.50E-04,2.75E-04,1.47E-04,2.08E-07,3.31E-04,3.55E-04,1.56E-04,-1.37E-04
3011,5.48E-05,-2.09E-04,-3.40E-04,3.13E-04,-8.07E-05,-5.85E-05,-2.22E-04,-3.27E-04,-2.18E-04,-1.98E-04,3.30E-04,-8.55E-05,4.42E-04,2.67E-04,1.41E-04,-5.64E-06,3.19E-04,3.49E-04,1.47E-04,-1.38E-04
3012,3.98E-05,-2.24E-04,-3.62E-04,3.02E-04,-9.31E-05,-6.80E-05,-2.43E-04,-3.51E-04,-2.37E-04,-2.16E-04,3.16E-04,-1.01E-04,4.32E-04,2.59E-04,1.36E-04,-1.14E-05,3.06E-04,3.43E-04,1.38E-04,-1.39E-04
3013,2.40E-05,-2.39E-04,-3.83E-04,2.90E-04,-1.05E-04,-7.73E-05,-2.64E-04,-3.74E-04,-2.56E-04,-2.33E-04,3.03E-04,-1.15E-04,4.23E-04,2.50E-04,1.32E-04,-1.69E-05,2.94E-04,3.37E-04,1.30E-04,-1.39E-04
3014,7.54E-06,-2.53E-04,-4.05E-04,2.78E-04,-1.17E-04,-8.63E-05,-2.83E-04,-3.96E-04,-2.74E-04,-2.50E-04,2.89E-04,-1.30E-04,4.14E-04,2.41E-04,1.27E-04,-2.21E-05,2.81E-04,3.30E-04,1.22E-04,-1.40E-04
3015,-9.27E-06,-2.67E-04,-4.25E-04,2.67E-04,-1.28E-04,-9.49E-05,-3.02E-04,-4.17E-04,-2.91E-04,-2.65E-04,2.76E-04,-1.44E-04,4.05E-04,2.33E-04,1.22E-04,-2.68E-05,2.69E-04,3.24E-04,1.15E-04,-1.40E-04
3016,-2.62E-05,-2.80E-04,-4.46E-04,2.56E-04,-1.38E-04,-1.03E-04,-3.20E-04,-4.37E-04,-3.06E-04,-2.79E-04,2.63E-04,-1.58E-04,3.96E-04,2.25E-04,1.18E-04,-3.10E-05,2.57E-04,3.18E-04,1.08E-04,-1.39E-04
3017,-4.29E-05,-2.93E-04,-4.65E-04,2.46E-04,-1.48E-04,-1.10E-04,-3.36E-04,-4.54E-04,-3.21E-04,-2.92E-04,2.50E-04,-1.71E-04,3.87E-04,2.17E-04,1.15E-04,-3.45E-05,2.46E-04,3.12E-04,1.03E-04,-1.38E-04
3018,-5.89E-05,-3.05E-04,-4.84E-04,2.36E-04,-1.56E-04,-1.17E-04,-3.51E-04,-4.71E-04,-3.33E-04,-3.02E-04,2.38E-04,-1.82E-04,3.80E-04,2.10E-04,1.12E-04,-3.72E-05,2.36E-04,3.07E-04,9.87E-05,-1.36E-04
3019,-7.39E-05,-3.16E-04,-5.01E-04,2.28E-04,-1.63E-04,-1.22E-04,-3.65E-04,-4.85E-04,-3.44E-04,-3.11E-04,2.27E-04,-1.93E-04,3.73E-04,2.04E-04,1.09E-04,-3.88E-05,2.26E-04,3.03E-04,9.62E-05,-1.33E-04
3020,-8.75E-05,-3.26E-04,-5.16E-04,2.22E-04,-1.68E-04,-1.26E-04,-3.76E-04,-4.97E-04,-3.53E-04,-3.18E-04,2.17E-04,-2.02E-04,3.67E-04,1.99E-04,1.08E-04,-3.94E-05,2.18E-04,3.00E-04,9.54E-05,-1.29E-04
3021,-9.94E-05,-3.35E-04,-5.30E-04,2.17E-04,-1.72E-04,-1.29E-04,-3.86E-04,-5.08E-04,-3.61E-04,-3.22E-04,2.09E-04,-2.10E-04,3.63E-04,1.95E-04,1.07E-04,-3.86E-05,2.11E-04,2.99E-04,9.65E-05,-1.23E-04
3022,-1.09E-04,-3.43E-04,-5.41E-04,2.14E-04,-1.74E-04,-1.31E-04,-3.95E-04,-5.16E-04,-3.67E-04,-3.24E-04,2.02E-04,-2.17E-04,3.60E-04,1.93E-04,1.08E-04,-3.66E-05,2.06E-04,2.99E-04,9.94E-05,-1.17E-04
3023,-1.16E-04,-3.49E-04,-5.51E-04,2.13E-04,-1.75E-04,-1.32E-04,-4.01E-04,-5.22E-04,-3.71E-04,-3.25E-04,1.96E-04,-2.21E-04,3.58E-04,1.92E-04,1.10E-04,-3.31E-05,2.02E-04,3.01E-04,1.04E-04,-1.09E-04
3024,-1.21E-04,-3.55E-04,-5.58E-04,2.13E-04,-1.73E-04,-1.31E-04,-4.06E-04,-5.27E-04,-3.73E-04,-3.23E-04,1.92E-04,-2.24E-04,3.58E-04,1.93E-04,1.13E-04,-2.83E-05,2.00E-04,3.04E-04,1.11E-04,-9.94E-05
3025,-1.23E-04,-3.58E-04,-5.63E-04,2.16E-04,-1.70E-04,-1.29E-04,-4.08E-04,-5.29E-04,-3.74E-04,-3.20E-04,1.90E-04,-2.24E-04,3.60E-04,1.95E-04,1.18E-04,-2.21E-05,1.99E-04,3.09E-04,1.20E-04,-8.89E-05
3026,-1.22E-04,-3.60E-04,-5.65E-04,2.21E-04,-1.65E-04,-1.26E-04,-4.09E-04,-5.30E-04,-3.73E-04,-3.15E-04,1.90E-04,-2.23E-04,3.64E-04,1.99E-04,1.24E-04,-1.45E-05,2.00E-04,3.17E-04,1.30E-04,-7.71E-05
3027,-1.19E-04,-3.60E-04,-5.65E-04,2.27E-04,-1.58E-04,-1.22E-04,-4.09E-04,-5.29E-04,-3.71E-04,-3.09E-04,1.92E-04,-2.20E-04,3.69E-04,2.04E-04,1.31E-04,-5.68E-06,2.03E-04,3.26E-04,1.42E-04,-6.43E-05
3028,-1.12E-04,-3.58E-04,-5.63E-04,2.36E-04,-1.49E-04,-1.16E-04,-4.06E-04,-5.26E-04,-3.68E-04,-3.01E-04,1.95E-04,-2.15E-04,3.75E-04,2.11E-04,1.40E-04,4.28E-06,2.07E-04,3.36E-04,1.56E-04,-5.05E-05
3029,-1.04E-04,-3.55E-04,-5.58E-04,2.46E-04,-1.39E-04,-1.09E-04,-4.03E-04,-5.22E-04,-3.64E-04,-2.93E-04,2.00E-04,-2.08E-04,3.84E-04,2.19E-04,1.50E-04,1.52E-05,2.13E-04,3.49E-04,1.71E-04,-3.59E-05
3030,-9.29E-05,-3.49E-04,-5.52E-04,2.57E-04,-1.28E-04,-1.01E-04,-3.97E-04,-5.17E-04,-3.59E-04,-2.83E-04,2.06E-04,-2.00E-04,3.93E-04,2.29E-04,1.62E-04,2.71E-05,2.21E-04,3.62E-04,1.87E-04,-2.06E-05
3031,-8.00E-05,-3.42E-04,-5.44E-04,2.69E-04,-1.15E-04,-9.13E-05,-3.91E-04,-5.10E-04,-3.54E-04,-2.73E-04,2.14E-04,-1.90E-04,4.04E-04,2.39E-04,1.74E-04,3.96E-05,2.30E-04,3.77E-04,2.04E-04,-5.00E-06
3032,-6.54E-05,-3.33E-04,-5.35E-04,2.83E-04,-1.02E-04,-8.10E-05,-3.83E-04,-5.02E-04,-3.47E-04,-2.62E-04,2.23E-04,-1.78E-04,4.16E-04,2.51E-04,1.87E-04,5.27E-05,2.40E-04,3.94E-04,2.21E-04,1.09E-05
3033,-4.93E-05,-3.22E-04,-5.24E-04,2.97E-04,-8.73E-05,-6.97E-05,-3.74E-04,-4.93E-04,-3.40E-04,-2.50E-04,2.33E-04,-1.66E-04,4.29E-04,2.63E-04,2.01E-04,6.62E-05,2.52E-04,4.11E-04,2.39E-04,2.68E-05
3034,-3.19E-05,-3.10E-04,-5.12E-04,3.13E-04,-7.22E-05,-5.75E-05,-3.64E-04,-4.84E-04,-3.33E-04,-2.39E-04,2.45E-04,-1.52E-04,4.43E-04,2.75E-04,2.16E-04,8.01E-05,2.64E-04,4.28E-04,2.58E-04,4.25E-05
3035,-1.34E-05,-2.96E-04,-4.99E-04,3.28E-04,-5.65E-05,-4.46E-05,-3.53E-04,-4.73E-04,-3.25E-04,-2.26E-04,2.57E-04,-1.37E-04,4.58E-04,2.88E-04,2.31E-04,9.41E-05,2.78E-04,4.47E-04,2.76E-04,5.80E-05
3036,5.96E-06,-2.81E-04,-4.85E-04,3.44E-04,-4.04E-05,-3.09E-05,-3.41E-04,-4.62E-04,-3.17E-04,-2.14E-04,2.70E-04,-1.22E-04,4.74E-04,3.02E-04,2.46E-04,1.08E-04,2.92E-04,4.66E-04,2.95E-04,7.30E-05
3037,2.62E-05,-2.65E-04,-4.71E-04,3.61E-04,-2.39E-05,-1.67E-05,-3.29E-04,-4.49E-04,-3.08E-04,-2.01E-04,2.84E-04,-1.06E-04,4.89E-04,3.15E-04,2.62E-04,1.22E-04,3.07E-04,4.85E-04,3.14E-04,8.74E-05
3038,4.72E-05,-2.47E-04,-4.56E-04,3.78E-04,-7.10E-06,-2.10E-06,-3.15E-04,-4.37E-04,-2.99E-04,-1.89E-04,2.98E-04,-8.88E-05,5.06E-04,3.28E-04,2.78E-04,1.37E-04,3.22E-04,5.05E-04,3.33E-04,1.01E-04
3039,6.90E-05,-2.29E-04,-4.41E-04,3.95E-04,9.92E-06,1.29E-05,-3.01E-04,-4.24E-04,-2.90E-04,-1.76E-04,3.13E-04,-7.15E-05,5.23E-04,3.42E-04,2.95E-04,1.51E-04,3.38E-04,5.25E-04,3.51E-04,1.14E-04
3040,9.15E-05,-2.11E-04,-4.25E-04,4.12E-04,2.71E-05,2.80E-05,-2.87E-04,-4.10E-04,-2.80E-04,-1.63E-04,3.29E-04,-5.38E-05,5.40E-04,3.55E-04,3.11E-04,1.65E-04,3.55E-04,5.45E-04,3.70E-04,1.26E-04
3041,1.15E-04,-1.92E-04,-4.10E-04,4.30E-04,4.45E-05,4.32E-05,-2.72E-04,-3.96E-04,-2.70E-04,-1.51E-04,3.45E-04,-3.56E-05,5.57E-04,3.69E-04,3.28E-04,1.79E-04,3.71E-04,5.65E-04,3.88E-04,1.38E-04
3042,1.39E-04,-1.73E-04,-3.94E-04,4.48E-04,6.20E-05,5.84E-05,-2.57E-04,-3.82E-04,-2.60E-04,-1.38E-04,3.61E-04,-1.71E-05,5.75E-04,3.82E-04,3.44E-04,1.94E-04,3.88E-04,5.86E-04,4.07E-04,1.48E-04
3043,1.64E-04,-1.53E-04,-3.78E-04,4.67E-04,7.96E-05,7.33E-05,-2.41E-04,-3.68E-04,-2.50E-04,-1.26E-04,3.78E-04,1.78E-06,5.93E-04,3.96E-04,3.61E-04,2.08E-04,4.06E-04,6.07E-04,4.25E-04,1.58E-04
3044,1.90E-04,-1.34E-04,-3.62E-04,4.86E-04,9.73E-05,8.80E-05,-2.26E-04,-3.54E-04,-2.40E-04,-1.14E-04,3.95E-04,2.10E-05,6.11E-04,4.10E-04,3.78E-04,2.23E-04,4.23E-04,6.28E-04,4.42E-04,1.67E-04
3045,2.17E-04,-1.15E-04,-3.46E-04,5.05E-04,1.15E-04,1.02E-04,-2.10E-04,-3.40E-04,-2.30E-04,-1.03E-04,4.12E-04,4.05E-05,6.29E-04,4.25E-04,3.95E-04,2.37E-04,4.41E-04,6.49E-04,4.59E-04,1.75E-04
3046,2.45E-04,-9.53E-05,-3.29E-04,5.25E-04,1.33E-04,1.16E-04,-1.95E-04,-3.26E-04,-2.21E-04,-9.19E-05,4.29E-04,6.02E-05,6.48E-04,4.39E-04,4.12E-04,2.52E-04,4.58E-04,6.70E-04,4.76E-04,1.82E-04
3047,2.74E-04,-7.62E-05,-3.13E-04,5.45E-04,1.50E-04,1.30E-04,-1.79E-04,-3.13E-04,-2.11E-04,-8.13E-05,4.47E-04,8.03E-05,6.66E-04,4.54E-04,4.29E-04,2.66E-04,4.76E-04,6.91E-04,4.92E-04,1.89E-04
3048,3.03E-04,-5.74E-05,-2.97E-04,5.66E-04,1.67E-04,1.43E-04,-1.64E-04,-2.99E-04,-2.03E-04,-7.12E-05,4.64E-04,1.01E-04,6.84E-04,4.69E-04,4.46E-04,2.81E-04,4.94E-04,7.13E-04,5.08E-04,1.94E-04
3049,3.33E-04,-3.87E-05,-2.81E-04,5.86E-04,1.84E-04,1.56E-04,-1.50E-04,-2.87E-04,-1.94E-04,-6.16E-05,4.82E-04,1.21E-04,7.02E-04,4.85E-04,4.63E-04,2.95E-04,5.11E-04,7.34E-04,5.22E-04,1.99E-04
3050,3.63E-04,-2.03E-05,-2.65E-04,6.07E-04,2.01E-04,1.69E-04,-1.35E-04,-2.74E-04,-1.87E-04,-5.26E-05,4.99E-04,1.42E-04,7.20E-04,5.01E-04,4.80E-04,3.09E-04,5.29E-04,7.55E-04,5.35E-04,2.03E-04
3051,3.93E-04,-2.00E-06,-2.49E-04,6.28E-04,2.17E-04,1.81E-04,-1.21E-04,-2.63E-04,-1.80E-04,-4.42E-05,5.16E-04,1.62E-04,7.37E-04,5.17E-04,4.96E-04,3.23E-04,5.46E-04,7.75E-04,5.48E-04,2.06E-04
3052,4.23E-04,1.61E-05,-2.33E-04,6.48E-04,2.33E-04,1.93E-04,-1.08E-04,-2.51E-04,-1.73E-04,-3.63E-05,5.32E-04,1.83E-04,7.54E-04,5.34E-04,5.12E-04,3.36E-04,5.64E-04,7.96E-04,5.59E-04,2.08E-04
3053,4.53E-04,3.42E-05,-2.17E-04,6.68E-04,2.48E-04,2.05E-04,-9.44E-05,-2.40E-04,-1.67E-04,-2.90E-05,5.49E-04,2.03E-04,7.70E-04,5.50E-04,5.27E-04,3.49E-04,5.81E-04,8.15E-04,5.68E-04,2.10E-04
3054,4.82E-04,5.23E-05,-2.01E-04,6.87E-04,2.63E-04,2.18E-04,-8.14E-05,-2.29E-04,-1.61E-04,-2.21E-05,5.64E-04,2.24E-04,7.85E-04,5.67E-04,5.42E-04,3.61E-04,5.98E-04,8.34E-04,5.77E-04,2.11E-04
3055,5.10E-04,7.04E-05,-1.86E-04,7.06E-04,2.77E-04,2.30E-04,-6.86E-05,-2.17E-04,-1.56E-04,-1.57E-05,5.80E-04,2.44E-04,8.00E-04,5.83E-04,5.57E-04,3.73E-04,6.14E-04,8.53E-04,5.84E-04,2.11E-04
3056,5.38E-04,8.86E-05,-1.70E-04,7.24E-04,2.90E-04,2.43E-04,-5.59E-05,-2.06E-04,-1.51E-04,-9.59E-06,5.95E-04,2.65E-04,8.14E-04,6.00E-04,5.70E-04,3.84E-04,6.31E-04,8.70E-04,5.89E-04,2.11E-04
3057,5.65E-04,1.07E-04,-1.55E-04,7.42E-04,3.03E-04,2.55E-04,-4.32E-05,-1.95E-04,-1.46E-04,-3.85E-06,6.09E-04,2.85E-04,8.28E-04,6.16E-04,5.84E-04,3.94E-04,6.47E-04,8.87E-04,5.94E-04,2.11E-04
3058,5.91E-04,1.26E-04,-1.39E-04,7.58E-04,3.15E-04,2.68E-04,-3.03E-05,-1.83E-04,-1.41E-04,1.65E-06,6.24E-04,3.06E-04,8.41E-04,6.32E-04,5.97E-04,4.04E-04,6.63E-04,9.03E-04,5.97E-04,2.10E-04
3059,6.17E-04,1.45E-04,-1.23E-04,7.75E-04,3.27E-04,2.81E-04,-1.72E-05,-1.71E-04,-1.36E-04,6.99E-06,6.38E-04,3.26E-04,8.53E-04,6.48E-04,6.09E-04,4.13E-04,6.79E-04,9.18E-04,5.99E-04,2.09E-04
3060,6.42E-04,1.64E-04,-1.07E-04,7.90E-04,3.39E-04,2.95E-04,-3.79E-06,-1.58E-04,-1.30E-04,1.22E-05,6.52E-04,3.47E-04,8.65E-04,6.64E-04,6.21E-04,4.23E-04,6.95E-04,9.33E-04,6.01E-04,2.08E-04
3061,6.68E-04,1.84E-04,-9.10E-05,8.06E-04,3.51E-04,3.08E-04,1.02E-05,-1.45E-04,-1.23E-04,1.75E-05,6.66E-04,3.67E-04,8.76E-04,6.80E-04,6.34E-04,4.32E-04,7.11E-04,9.47E-04,6.02E-04,2.08E-04
3062,6.93E-04,2.05E-04,-7.41E-05,8.21E-04,3.63E-04,3.22E-04,2.47E-05,-1.31E-04,-1.16E-04,2.28E-05,6.80E-04,3.89E-04,8.87E-04,6.97E-04,6.46E-04,4.41E-04,7.27E-04,9.61E-04,6.03E-04,2.08E-04
3063,7.19E-04,2.26E-04,-5.66E-05,8.37E-04,3.76E-04,3.36E-04,3.99E-05,-1.16E-04,-1.08E-04,2.84E-05,6.95E-04,4.11E-04,8.98E-04,7.13E-04,6.59E-04,4.50E-04,7.43E-04,9.75E-04,6.04E-04,2.09E-04
3064,7.46E-04,2.48E-04,-3.83E-05,8.53E-04,3.89E-04,3.49E-04,5.59E-05,-9.96E-05,-9.89E-05,3.42E-05,7.11E-04,4.33E-04,9.09E-04,7.29E-04,6.72E-04,4.60E-04,7.60E-04,9.89E-04,6.06E-04,2.10E-04
3065,7.74E-04,2.70E-04,-1.91E-05,8.69E-04,4.03E-04,3.63E-04,7.27E-05,-8.26E-05,-8.87E-05,4.05E-05,7.27E-04,4.57E-04,9.20E-04,7.46E-04,6.87E-04,4.70E-04,7.77E-04,1.00E-03,6.08E-04,2.13E-04
3066,8.03E-04,2.93E-04,1.01E-06,8.86E-04,4.18E-04,3.77E-04,9.03E-05,-6.46E-05,-7.73E-05,4.73E-05,7.44E-04,4.82E-04,9.31E-04,7.64E-04,7.02E-04,4.82E-04,7.95E-04,1.02E-03,6.10E-04,2.17E-04
3067,8.33E-04,3.17E-04,2.22E-05,9.04E-04,4.34E-04,3.91E-04,1.09E-04,-4.56E-05,-6.48E-05,5.49E-05,7.62E-04,5.08E-04,9.43E-04,7.82E-04,7.18E-04,4.95E-04,8.13E-04,1.03E-03,6.14E-04,2.22E-04
3068,8.65E-04,3.42E-04,4.45E-05,9.23E-04,4.51E-04,4.05E-04,1.28E-04,-2.56E-05,-5.10E-05,6.34E-05,7.81E-04,5.36E-04,9.55E-04,8.00E-04,7.36E-04,5.09E-04,8.32E-04,1.05E-03,6.19E-04,2.28E-04
3069,8.98E-04,3.67E-04,6.80E-05,9.44E-04,4.70E-04,4.20E-04,1.49E-04,-4.50E-06,-3.60E-05,7.30E-05,8.01E-04,5.65E-04,9.68E-04,8.20E-04,7.55E-04,5.25E-04,8.51E-04,1.06E-03,6.26E-04,2.37E-04
3070,9.34E-04,3.93E-04,9.28E-05,9.65E-04,4.90E-04,4.35E-04,1.70E-04,1.77E-05,-1.98E-05,8.39E-05,8.22E-04,5.96E-04,9.82E-04,8.40E-04,7.75E-04,5.43E-04,8.72E-04,1.08E-03,6.35E-04,2.46E-04
3071,9.70E-04,4.20E-04,1.19E-04,9.89E-04,5.11E-04,4.52E-04,1.93E-04,4.10E-05,-2.36E-06,9.62E-05,8.45E-04,6.28E-04,9.96E-04,8.61E-04,7.97E-04,5.62E-04,8.94E-04,1.10E-03,6.45E-04,2.58E-04
3072,1.01E-03,4.48E-04,1.46E-04,1.01E-03,5.34E-04,4.69E-04,2.16E-04,6.54E-05,1.63E-05,1.10E-04,8.69E-04,6.62E-04,1.01E-03,8.84E-04,8.21E-04,5.84E-04,9.16E-04,1.11E-03,6.57E-04,2.71E-04
3073,1.05E-03,4.76E-04,1.74E-04,1.04E-03,5.59E-04,4.88E-04,2.41E-04,9.10E-05,3.62E-05,1.26E-04,8.94E-04,6.98E-04,1.03E-03,9.06E-04,8.45E-04,6.07E-04,9.40E-04,1.13E-03,6.71E-04,2.86E-04
3074,1.09E-03,5.05E-04,2.04E-04,1.07E-03,5.85E-04,5.08E-04,2.66E-04,1.18E-04,5.73E-05,1.44E-04,9.21E-04,7.36E-04,1.04E-03,9.30E-04,8.72E-04,6.32E-04,9.65E-04,1.15E-03,6.86E-04,3.03E-04
3075,1.13E-03,5.34E-04,2.35E-04,1.09E-03,6.12E-04,5.31E-04,2.93E-04,1.46E-04,7.96E-05,1.63E-04,9.49E-04,7.76E-04,1.06E-03,9.54E-04,8.99E-04,6.59E-04,9.91E-04,1.18E-03,7.04E-04,3.22E-04
3076,1.17E-03,5.65E-04,2.67E-04,1.12E-03,6.40E-04,5.55E-04,3.21E-04,1.75E-04,1.03E-04,1.85E-04,9.78E-04,8.17E-04,1.08E-03,9.79E-04,9.28E-04,6.88E-04,1.02E-03,1.20E-03,7.24E-04,3.42E-04
3077,1.21E-03,5.95E-04,3.00E-04,1.15E-03,6.70E-04,5.81E-04,3.49E-04,2.06E-04,1.28E-04,2.09E-04,1.01E-03,8.60E-04,1.10E-03,1.00E-03,9.57E-04,7.18E-04,1.05E-03,1.22E-03,7.46E-04,3.64E-04
3078,1.26E-03,6.27E-04,3.34E-04,1.18E-03,7.01E-04,6.09E-04,3.79E-04,2.38E-04,1.53E-04,2.35E-04,1.04E-03,9.04E-04,1.12E-03,1.03E-03,9.87E-04,7.49E-04,1.08E-03,1.25E-03,7.70E-04,3.88E-04
3079,1.30E-03,6.59E-04,3.70E-04,1.21E-03,7.32E-04,6.39E-04,4.10E-04,2.72E-04,1.80E-04,2.63E-04,1.07E-03,9.49E-04,1.14E-03,1.06E-03,1.02E-03,7.82E-04,1.11E-03,1.27E-03,7.96E-04,4.13E-04
3080,1.35E-03,6.92E-04,4.06E-04,1.24E-03,7.65E-04,6.71E-04,4.42E-04,3.06E-04,2.08E-04,2.93E-04,1.11E-03,9.96E-04,1.16E-03,1.08E-03,1.05E-03,8.15E-04,1.14E-03,1.30E-03,8.23E-04,4.40E-04
3081,1.39E-03,7.25E-04,4.43E-04,1.27E-03,7.97E-04,7.04E-04,4.75E-04,3.42E-04,2.37E-04,3.24E-04,1.14E-03,1.04E-03,1.18E-03,1.11E-03,1.08E-03,8.49E-04,1.17E-03,1.32E-03,8.52E-04,4.68E-04
3082,1.43E-03,7.59E-04,4.80E-04,1.30E-03,8.31E-04,7.38E-04,5.09E-04,3.79E-04,2.67E-04,3.56E-04,1.17E-03,1.09E-03,1.21E-03,1.13E-03,1.11E-03,8.84E-04,1.20E-03,1.35E-03,8.83E-04,4.97E-04
3083,1.48E-03,7.93E-04,5.19E-04,1.33E-03,8.64E-04,7.72E-04,5.43E-04,4.16E-04,2.97E-04,3.90E-04,1.21E-03,1.14E-03,1.23E-03,1.16E-03,1.14E-03,9.19E-04,1.24E-03,1.38E-03,9.16E-04,5.27E-04
3084,1.52E-03,8.27E-04,5.58E-04,1.36E-03,8.97E-04,8.07E-04,5.78E-04,4.54E-04,3.28E-04,4.24E-04,1.24E-03,1.19E-03,1.25E-03,1.18E-03,1.17E-03,9.54E-04,1.27E-03,1.41E-03,9.50E-04,5.59E-04
3085,1.56E-03,8.61E-04,5.97E-04,1.39E-03,9.30E-04,8.41E-04,6.13E-04,4.92E-04,3.59E-04,4.59E-04,1.28E-03,1.24E-03,1.27E-03,1.21E-03,1.20E-03,9.88E-04,1.31E-03,1.43E-03,9.85E-04,5.90E-04
3086,1.60E-03,8.96E-04,6.36E-04,1.41E-03,9.62E-04,8.75E-04,6.48E-04,5.31E-04,3.90E-04,4.93E-04,1.31E-03,1.28E-03,1.30E-03,1.23E-03,1.23E-03,1.02E-03,1.34E-03,1.46E-03,1.02E-03,6.22E-04
3087,1.65E-03,9.30E-04,6.75E-04,1.43E-03,9.94E-04,9.07E-04,6.83E-04,5.69E-04,4.21E-04,5.26E-04,1.35E-03,1.33E-03,1.32E-03,1.25E-03,1.26E-03,1.05E-03,1.38E-03,1.49E-03,1.06E-03,6.54E-04
3088,1.69E-03,9.64E-04,7.14E-04,1.46E-03,1.02E-03,9.37E-04,7.18E-04,6.06E-04,4.51E-04,5.59E-04,1.38E-03,1.38E-03,1.34E-03,1.27E-03,1.29E-03,1.09E-03,1.41E-03,1.52E-03,1.09E-03,6.86E-04
3089,1.73E-03,9.97E-04,7.52E-04,1.48E-03,1.05E-03,9.65E-04,7.52E-04,6.43E-04,4.80E-04,5.91E-04,1.41E-03,1.42E-03,1.36E-03,1.29E-03,1.31E-03,1.12E-03,1.44E-03,1.55E-03,1.13E-03,7.17E-04
3090,1.77E-03,1.03E-03,7.89E-04,1.49E-03,1.08E-03,9.91E-04,7.85E-04,6.78E-04,5.09E-04,6.21E-04,1.44E-03,1.46E-03,1.38E-03,1.31E-03,1.34E-03,1.15E-03,1.48E-03,1.57E-03,1.17E-03,7.47E-04
3091,1.81E-03,1.06E-03,8.25E-04,1.51E-03,1.11E-03,1.01E-03,8.16E-04,7.12E-04,5.36E-04,6.50E-04,1.47E-03,1.50E-03,1.40E-03,1.33E-03,1.36E-03,1.17E-03,1.51E-03,1.60E-03,1.20E-03,7.76E-04
3092,1.84E-03,1.09E-03,8.59E-04,1.52E-03,1.13E-03,1.04E-03,8.47E-04,7.44E-04,5.61E-04,6.76E-04,1.50E-03,1.54E-03,1.41E-03,1.34E-03,1.38E-03,1.20E-03,1.53E-03,1.62E-03,1.24E-03,8.02E-04
3093,1.87E-03,1.12E-03,8.91E-04,1.53E-03,1.15E-03,1.05E-03,8.75E-04,7.74E-04,5.85E-04,7.01E-04,1.52E-03,1.58E-03,1.43E-03,1.35E-03,1.40E-03,1.22E-03,1.56E-03,1.64E-03,1.27E-03,8.27E-04
3094,1.90E-03,1.15E-03,9.22E-04,1.54E-03,1.17E-03,1.07E-03,9.02E-04,8.02E-04,6.07E-04,7.23E-04,1.54E-03,1.61E-03,1.44E-03,1.36E-03,1.41E-03,1.24E-03,1.58E-03,1.66E-03,1.30E-03,8.49E-04
3095,1.93E-03,1.17E-03,9.50E-04,1.54E-03,1.18E-03,1.08E-03,9.26E-04,8.29E-04,6.28E-04,7.43E-04,1.56E-03,1.64E-03,1.45E-03,1.37E-03,1.42E-03,1.26E-03,1.61E-03,1.68E-03,1.33E-03,8.68E-04
3096,1.95E-03,1.19E-03,9.76E-04,1.54E-03,1.20E-03,1.09E-03,9.48E-04,8.53E-04,6.46E-04,7.61E-04,1.57E-03,1.67E-03,1.45E-03,1.38E-03,1.43E-03,1.28E-03,1.62E-03,1.69E-03,1.35E-03,8.83E-04
3097,1.97E-03,1.21E-03,1.00E-03,1.54E-03,1.21E-03,1.10E-03,9.68E-04,8.75E-04,6.62E-04,7.77E-04,1.58E-03,1.69E-03,1.45E-03,1.38E-03,1.43E-03,1.29E-03,1.64E-03,1.71E-03,1.38E-03,8.96E-04
3098,1.99E-03,1.23E-03,1.02E-03,1.53E-03,1.21E-03,1.11E-03,9.86E-04,8.94E-04,6.77E-04,7.91E-04,1.58E-03,1.71E-03,1.45E-03,1.38E-03,1.44E-03,1.30E-03,1.65E-03,1.72E-03,1.40E-03,9.05E-04
3099,2.00E-03,1.25E-03,1.04E-03,1.52E-03,1.22E-03,1.11E-03,1.00E-03,9.12E-04,6.90E-04,8.02E-04,1.58E-03,1.72E-03,1.45E-03,1.38E-03,1.43E-03,1.30E-03,1.66E-03,1.72E-03,1.42E-03,9.11E-04
3100,2.00E-03,1.26E-03,1.05E-03,1.51E-03,1.22E-03,1.11E-03,1.01E-03,9.28E-04,7.02E-04,8.12E-04,1.58E-03,1.74E-03,1.44E-03,1.37E-03,1.43E-03,1.31E-03,1.67E-03,1.73E-03,1.43E-03,9.13E-04
3101,2.00E-03,1.26E-03,1.07E-03,1.49E-03,1.21E-03,1.11E-03,1.02E-03,9.42E-04,7.12E-04,8.19E-04,1.57E-03,1.74E-03,1.43E-03,1.36E-03,1.42E-03,1.31E-03,1.67E-03,1.73E-03,1.44E-03,9.12E-04
3102,1.99E-03,1.27E-03,1.07E-03,1.47E-03,1.21E-03,1.11E-03,1.03E-03,9.54E-04,7.21E-04,8.23E-04,1.56E-03,1.75E-03,1.42E-03,1.35E-03,1.41E-03,1.31E-03,1.67E-03,1.73E-03,1.45E-03,9.08E-04
3103,1.99E-03,1.27E-03,1.08E-03,1.45E-03,1.20E-03,1.10E-03,1.04E-03,9.63E-04,7.28E-04,8.26E-04,1.55E-03,1.75E-03,1.41E-03,1.33E-03,1.40E-03,1.30E-03,1.67E-03,1.72E-03,1.45E-03,9.01E-04
3104,1.97E-03,1.27E-03,1.09E-03,1.42E-03,1.19E-03,1.10E-03,1.04E-03,9.71E-04,7.34E-04,8.26E-04,1.53E-03,1.75E-03,1.39E-03,1.32E-03,1.38E-03,1.30E-03,1.66E-03,1.72E-03,1.46E-03,8.91E-04
3105,1.96E-03,1.27E-03,1.09E-03,1.39E-03,1.18E-03,1.08E-03,1.04E-03,9.77E-04,7.39E-04,8.24E-04,1.50E-03,1.74E-03,1.37E-03,1.30E-03,1.37E-03,1.29E-03,1.65E-03,1.71E-03,1.46E-03,8.79E-04
3106,1.94E-03,1.26E-03,1.09E-03,1.36E-03,1.17E-03,1.07E-03,1.04E-03,9.81E-04,7.43E-04,8.20E-04,1.48E-03,1.74E-03,1.35E-03,1.27E-03,1.35E-03,1.28E-03,1.64E-03,1.70E-03,1.46E-03,8.65E-04
3107,1.91E-03,1.25E-03,1.08E-03,1.33E-03,1.15E-03,1.05E-03,1.03E-03,9.82E-04,7.45E-04,8.14E-04,1.45E-03,1.73E-03,1.32E-03,1.25E-03,1.32E-03,1.27E-03,1.63E-03,1.68E-03,1.45E-03,8.50E-04
3108,1.89E-03,1.24E-03,1.08E-03,1.30E-03,1.14E-03,1.03E-03,1.03E-03,9.81E-04,7.47E-04,8.05E-04,1.42E-03,1.72E-03,1.30E-03,1.22E-03,1.30E-03,1.25E-03,1.61E-03,1.67E-03,1.45E-03,8.33E-04
3109,1.86E-03,1.23E-03,1.07E-03,1.26E-03,1.12E-03,1.00E-03,1.02E-03,9.77E-04,7.46E-04,7.94E-04,1.39E-03,1.70E-03,1.27E-03,1.20E-03,1.27E-03,1.24E-03,1.59E-03,1.65E-03,1.44E-03,8.16E-04
3110,1.83E-03,1.22E-03,1.06E-03,1.22E-03,1.10E-03,9.72E-04,1.01E-03,9.70E-04,7.44E-04,7.81E-04,1.36E-03,1.69E-03,1.24E-03,1.17E-03,1.25E-03,1.22E-03,1.57E-03,1.63E-03,1.43E-03,7.97E-04
3111,1.80E-03,1.20E-03,1.04E-03,1.19E-03,1.08E-03,9.41E-04,9.96E-04,9.60E-04,7.41E-04,7.67E-04,1.32E-03,1.67E-03,1.22E-03,1.14E-03,1.22E-03,1.21E-03,1.54E-03,1.61E-03,1.42E-03,7.78E-04
3112,1.77E-03,1.18E-03,1.03E-03,1.15E-03,1.06E-03,9.09E-04,9.81E-04,9.48E-04,7.35E-04,7.52E-04,1.29E-03,1.65E-03,1.19E-03,1.11E-03,1.20E-03,1.19E-03,1.52E-03,1.58E-03,1.41E-03,7.59E-04
3113,1.74E-03,1.16E-03,1.02E-03,1.12E-03,1.04E-03,8.76E-04,9.64E-04,9.33E-04,7.28E-04,7.35E-04,1.25E-03,1.63E-03,1.16E-03,1.09E-03,1.17E-03,1.17E-03,1.49E-03,1.56E-03,1.40E-03,7.40E-04
3114,1.71E-03,1.14E-03,9.99E-04,1.09E-03,1.01E-03,8.44E-04,9.45E-04,9.14E-04,7.19E-04,7.18E-04,1.21E-03,1.61E-03,1.13E-03,1.06E-03,1.14E-03,1.16E-03,1.46E-03,1.53E-03,1.39E-03,7.21E-04
3115,1.68E-03,1.12E-03,9.81E-04,1.05E-03,9.91E-04,8.12E-04,9.24E-04,8.93E-04,7.08E-04,7.01E-04,1.18E-03,1.58E-03,1.10E-03,1.03E-03,1.11E-03,1.14E-03,1.43E-03,1.50E-03,1.38E-03,7.02E-04
3116,1.65E-03,1.09E-03,9.62E-04,1.02E-03,9.69E-04,7.83E-04,9.02E-04,8.70E-04,6.95E-04,6.84E-04,1.14E-03,1.56E-03,1.07E-03,1.01E-03,1.09E-03,1.12E-03,1.39E-03,1.47E-03,1.36E-03,6.83E-04
3117,1.62E-03,1.07E-03,9.42E-04,9.95E-04,9.47E-04,7.58E-04,8.79E-04,8.45E-04,6.80E-04,6.69E-04,1.11E-03,1.53E-03,1.04E-03,9.80E-04,1.06E-03,1.11E-03,1.36E-03,1.44E-03,1.35E-03,6.65E-04
3118,1.59E-03,1.04E-03,9.22E-04,9.69E-04,9.26E-04,7.37E-04,8.54E-04,8.17E-04,6.65E-04,6.54E-04,1.07E-03,1.50E-03,1.01E-03,9.56E-04,1.04E-03,1.09E-03,1.32E-03,1.41E-03,1.33E-03,6.47E-04
3119,1.56E-03,1.02E-03,9.01E-04,9.46E-04,9.05E-04,7.21E-04,8.29E-04,7.89E-04,6.48E-04,6.41E-04,1.04E-03,1.48E-03,9.80E-04,9.32E-04,1.01E-03,1.07E-03,1.28E-03,1.37E-03,1.32E-03,6.29E-04
3120,1.53E-03,9.96E-04,8.80E-04,9.24E-04,8.86E-04,7.10E-04,8.04E-04,7.59E-04,6.30E-04,6.30E-04,1.00E-03,1.45E-03,9.51E-04,9.10E-04,9.88E-04,1.06E-03,1.24E-03,1.34E-03,1.30E-03,6.12E-04
3121,1.50E-03,9.72E-04,8.60E-04,9.05E-04,8.67E-04,7.06E-04,7.79E-04,7.30E-04,6.12E-04,6.20E-04,9.73E-04,1.42E-03,9.22E-04,8.89E-04,9.65E-04,1.04E-03,1.20E-03,1.30E-03,1.28E-03,5.96E-04
3122,1.48E-03,9.48E-04,8.40E-04,8.88E-04,8.50E-04,7.08E-04,7.54E-04,7.00E-04,5.93E-04,6.13E-04,9.43E-04,1.39E-03,8.94E-04,8.69E-04,9.44E-04,1.03E-03,1.16E-03,1.27E-03,1.27E-03,5.81E-04
3123,1.45E-03,9.26E-04,8.20E-04,8.73E-04,8.34E-04,7.17E-04,7.30E-04,6.71E-04,5.75E-04,6.08E-04,9.16E-04,1.36E-03,8.66E-04,8.51E-04,9.23E-04,1.02E-03,1.12E-03,1.23E-03,1.25E-03,5.66E-04
3124,1.42E-03,9.04E-04,8.01E-04,8.60E-04,8.20E-04,7.30E-04,7.06E-04,6.44E-04,5.57E-04,6.05E-04,8.90E-04,1.33E-03,8.40E-04,8.33E-04,9.04E-04,1.00E-03,1.08E-03,1.20E-03,1.23E-03,5.53E-04
3125,1.39E-03,8.83E-04,7.83E-04,8.49E-04,8.07E-04,7.49E-04,6.84E-04,6.17E-04,5.41E-04,6.03E-04,8.67E-04,1.30E-03,8.15E-04,8.18E-04,8.86E-04,9.92E-04,1.04E-03,1.16E-03,1.21E-03,5.41E-04
3126,1.36E-03,8.64E-04,7.66E-04,8.39E-04,7.96E-04,7.71E-04,6.62E-04,5.92E-04,5.25E-04,6.03E-04,8.46E-04,1.27E-03,7.92E-04,8.03E-04,8.70E-04,9.81E-04,9.97E-04,1.13E-03,1.19E-03,5.30E-04
3127,1.34E-03,8.47E-04,7.50E-04,8.30E-04,7.86E-04,7.97E-04,6.42E-04,5.69E-04,5.10E-04,6.03E-04,8.27E-04,1.25E-03,7.69E-04,7.89E-04,8.54E-04,9.70E-04,9.59E-04,1.09E-03,1.17E-03,5.21E-04
3128,1.31E-03,8.31E-04,7.35E-04,8.23E-04,7.77E-04,8.23E-04,6.22E-04,5.48E-04,4.96E-04,6.03E-04,8.10E-04,1.22E-03,7.48E-04,7.77E-04,8.40E-04,9.59E-04,9.23E-04,1.06E-03,1.15E-03,5.13E-04
3129,1.29E-03,8.16E-04,7.21E-04,8.16E-04,7.69E-04,8.50E-04,6.04E-04,5.28E-04,4.84E-04,6.03E-04,7.95E-04,1.20E-03,7.29E-04,7.65E-04,8.27E-04,9.50E-04,8.88E-04,1.03E-03,1.13E-03,5.07E-04
3130,1.26E-03,8.04E-04,7.08E-04,8.10E-04,7.62E-04,8.75E-04,5.87E-04,5.10E-04,4.72E-04,6.02E-04,7.82E-04,1.18E-03,7.11E-04,7.54E-04,8.15E-04,9.40E-04,8.55E-04,9.97E-04,1.11E-03,5.03E-04
3131,1.24E-03,7.93E-04,6.95E-04,8.04E-04,7.55E-04,8.97E-04,5.71E-04,4.94E-04,4.62E-04,6.00E-04,7.71E-04,1.16E-03,6.95E-04,7.44E-04,8.03E-04,9.31E-04,8.24E-04,9.68E-04,1.09E-03,5.01E-04
3132,1.22E-03,7.83E-04,6.83E-04,7.98E-04,7.49E-04,9.16E-04,5.55E-04,4.78E-04,4.52E-04,5.95E-04,7.60E-04,1.14E-03,6.80E-04,7.35E-04,7.93E-04,9.22E-04,7.94E-04,9.40E-04,1.07E-03,5.00E-04
3133,1.20E-03,7.75E-04,6.71E-04,7.92E-04,7.42E-04,9.30E-04,5.40E-04,4.63E-04,4.42E-04,5.88E-04,7.51E-04,1.12E-03,6.66E-04,7.26E-04,7.83E-04,9.14E-04,7.67E-04,9.13E-04,1.05E-03,5.00E-04
3134,1.18E-03,7.67E-04,6.60E-04,7.85E-04,7.35E-04,9.38E-04,5.26E-04,4.49E-04,4.32E-04,5.79E-04,7.42E-04,1.11E-03,6.53E-04,7.17E-04,7.74E-04,9.05E-04,7.41E-04,8.88E-04,1.03E-03,5.02E-04
3135,1.15E-03,7.61E-04,6.48E-04,7.78E-04,7.27E-04,9.41E-04,5.11E-04,4.35E-04,4.22E-04,5.67E-04,7.33E-04,1.09E-03,6.41E-04,7.09E-04,7.65E-04,8.97E-04,7.18E-04,8.64E-04,1.01E-03,5.05E-04
3136,1.13E-03,7.55E-04,6.36E-04,7.70E-04,7.19E-04,9.37E-04,4.97E-04,4.21E-04,4.12E-04,5.52E-04,7.25E-04,1.07E-03,6.29E-04,7.00E-04,7.56E-04,8.88E-04,6.95E-04,8.40E-04,9.86E-04,5.09E-04
3137,1.11E-03,7.50E-04,6.24E-04,7.62E-04,7.09E-04,9.28E-04,4.82E-04,4.06E-04,4.00E-04,5.35E-04,7.16E-04,1.06E-03,6.17E-04,6.91E-04,7.47E-04,8.79E-04,6.74E-04,8.18E-04,9.63E-04,5.13E-04
3138,1.09E-03,7.45E-04,6.12E-04,7.52E-04,6.99E-04,9.14E-04,4.67E-04,3.90E-04,3.88E-04,5.15E-04,7.06E-04,1.05E-03,6.05E-04,6.82E-04,7.37E-04,8.70E-04,6.54E-04,7.96E-04,9.40E-04,5.17E-04
3139,1.07E-03,7.39E-04,5.99E-04,7.42E-04,6.87E-04,8.95E-04,4.52E-04,3.74E-04,3.75E-04,4.93E-04,6.97E-04,1.03E-03,5.93E-04,6.73E-04,7.28E-04,8.60E-04,6.34E-04,7.74E-04,9.16E-04,5.20E-04
3140,1.05E-03,7.33E-04,5.86E-04,7.30E-04,6.74E-04,8.73E-04,4.36E-04,3.58E-04,3.61E-04,4.70E-04,6.86E-04,1.02E-03,5.80E-04,6.63E-04,7.17E-04,8.49E-04,6.15E-04,7.52E-04,8.92E-04,5.23E-04
3141,1.02E-03,7.26E-04,5.72E-04,7.18E-04,6.60E-04,8.49E-04,4.20E-04,3.41E-04,3.46E-04,4.47E-04,6.74E-04,1.00E-03,5.66E-04,6.52E-04,7.06E-04,8.37E-04,5.97E-04,7.31E-04,8.67E-04,5.25E-04
3142,1.00E-03,7.18E-04,5.58E-04,7.04E-04,6.46E-04,8.23E-04,4.04E-04,3.23E-04,3.31E-04,4.22E-04,6.62E-04,9.84E-04,5.52E-04,6.40E-04,6.95E-04,8.25E-04,5.79E-04,7.09E-04,8.41E-04,5.26E-04
3143,9.75E-04,7.10E-04,5.44E-04,6.89E-04,6.30E-04,7.97E-04,3.88E-04,3.05E-04,3.15E-04,3.99E-04,6.49E-04,9.67E-04,5.37E-04,6.28E-04,6.82E-04,8.12E-04,5.61E-04,6.87E-04,8.15E-04,5.25E-04
3144,9.49E-04,7.00E-04,5.30E-04,6.74E-04,6.15E-04,7.72E-04,3.72E-04,2.88E-04,2.99E-04,3.76E-04,6.35E-04,9.49E-04,5.20E-04,6.15E-04,6.68E-04,7.98E-04,5.42E-04,6.65E-04,7.88E-04,5.23E-04
3145,9.22E-04,6.90E-04,5.16E-04,6.58E-04,5.99E-04,7.48E-04,3.56E-04,2.70E-04,2.83E-04,3.54E-04,6.21E-04,9.30E-04,5.03E-04,6.02E-04,6.54E-04,7.84E-04,5.24E-04,6.43E-04,7.62E-04,5.20E-04
3146,8.95E-04,6.78E-04,5.02E-04,6.40E-04,5.83E-04,7.26E-04,3.41E-04,2.54E-04,2.68E-04,3.34E-04,6.06E-04,9.11E-04,4.86E-04,5.88E-04,6.39E-04,7.68E-04,5.06E-04,6.21E-04,7.35E-04,5.14E-04
3147,8.68E-04,6.66E-04,4.89E-04,6.23E-04,5.68E-04,7.06E-04,3.26E-04,2.39E-04,2.53E-04,3.17E-04,5.91E-04,8.91E-04,4.67E-04,5.73E-04,6.23E-04,7.53E-04,4.88E-04,5.98E-04,7.08E-04,5.07E-04
3148,8.41E-04,6.53E-04,4.77E-04,6.05E-04,5.52E-04,6.89E-04,3.13E-04,2.25E-04,2.40E-04,3.02E-04,5.75E-04,8.71E-04,4.48E-04,5.58E-04,6.06E-04,7.36E-04,4.70E-04,5.76E-04,6.81E-04,4.99E-04
3149,8.14E-04,6.39E-04,4.65E-04,5.86E-04,5.38E-04,6.75E-04,3.00E-04,2.12E-04,2.28E-04,2.89E-04,5.60E-04,8.51E-04,4.29E-04,5.43E-04,5.88E-04,7.19E-04,4.52E-04,5.54E-04,6.54E-04,4.90E-04
3150,7.87E-04,6.25E-04,4.54E-04,5.67E-04,5.24E-04,6.63E-04,2.88E-04,2.02E-04,2.18E-04,2.79E-04,5.45E-04,8.30E-04,4.09E-04,5.27E-04,5.70E-04,7.02E-04,4.35E-04,5.32E-04,6.28E-04,4.80E-04
3151,7.62E-04,6.11E-04,4.45E-04,5.48E-04,5.11E-04,6.52E-04,2.78E-04,1.93E-04,2.10E-04,2.72E-04,5.30E-04,8.10E-04,3.89E-04,5.11E-04,5.51E-04,6.85E-04,4.18E-04,5.11E-04,6.02E-04,4.69E-04
3152,7.37E-04,5.97E-04,4.36E-04,5.29E-04,4.99E-04,6.43E-04,2.68E-04,1.87E-04,2.03E-04,2.66E-04,5.15E-04,7.90E-04,3.70E-04,4.96E-04,5.32E-04,6.68E-04,4.01E-04,4.90E-04,5.77E-04,4.58E-04
3153,7.14E-04,5.83E-04,4.29E-04,5.10E-04,4.88E-04,6.35E-04,2.60E-04,1.82E-04,1.98E-04,2.64E-04,5.00E-04,7.71E-04,3.51E-04,4.80E-04,5.13E-04,6.51E-04,3.85E-04,4.70E-04,5.53E-04,4.46E-04
3154,6.92E-04,5.69E-04,4.23E-04,4.91E-04,4.78E-04,6.27E-04,2.53E-04,1.79E-04,1.95E-04,2.63E-04,4.84E-04,7.53E-04,3.32E-04,4.65E-04,4.93E-04,6.34E-04,3.70E-04,4.51E-04,5.30E-04,4.35E-04
3155,6.71E-04,5.56E-04,4.17E-04,4.72E-04,4.68E-04,6.18E-04,2.47E-04,1.79E-04,1.94E-04,2.63E-04,4.69E-04,7.35E-04,3.14E-04,4.50E-04,4.74E-04,6.17E-04,3.55E-04,4.33E-04,5.07E-04,4.25E-04
3156,6.51E-04,5.43E-04,4.13E-04,4.53E-04,4.59E-04,6.07E-04,2.42E-04,1.79E-04,1.93E-04,2.65E-04,4.54E-04,7.18E-04,2.96E-04,4.35E-04,4.54E-04,6.01E-04,3.42E-04,4.16E-04,4.86E-04,4.16E-04
3157,6.32E-04,5.31E-04,4.09E-04,4.34E-04,4.50E-04,5.96E-04,2.38E-04,1.81E-04,1.94E-04,2.68E-04,4.39E-04,7.02E-04,2.79E-04,4.20E-04,4.35E-04,5.85E-04,3.28E-04,3.99E-04,4.66E-04,4.07E-04
3158,6.15E-04,5.19E-04,4.06E-04,4.15E-04,4.41E-04,5.82E-04,2.35E-04,1.84E-04,1.96E-04,2.71E-04,4.23E-04,6.86E-04,2.63E-04,4.05E-04,4.15E-04,5.69E-04,3.16E-04,3.84E-04,4.46E-04,3.99E-04
3159,5.98E-04,5.08E-04,4.03E-04,3.96E-04,4.33E-04,5.66E-04,2.32E-04,1.88E-04,1.98E-04,2.75E-04,4.06E-04,6.71E-04,2.47E-04,3.91E-04,3.96E-04,5.54E-04,3.04E-04,3.69E-04,4.28E-04,3.92E-04
3160,5.82E-04,4.98E-04,4.00E-04,3.78E-04,4.25E-04,5.48E-04,2.30E-04,1.92E-04,2.00E-04,2.78E-04,3.90E-04,6.57E-04,2.32E-04,3.77E-04,3.78E-04,5.39E-04,2.92E-04,3.55E-04,4.11E-04,3.87E-04
3161,5.66E-04,4.88E-04,3.98E-04,3.60E-04,4.18E-04,5.29E-04,2.29E-04,1.97E-04,2.02E-04,2.82E-04,3.72E-04,6.42E-04,2.17E-04,3.63E-04,3.59E-04,5.24E-04,2.81E-04,3.42E-04,3.94E-04,3.82E-04
3162,5.51E-04,4.78E-04,3.96E-04,3.42E-04,4.10E-04,5.08E-04,2.28E-04,2.02E-04,2.05E-04,2.86E-04,3.54E-04,6.29E-04,2.03E-04,3.50E-04,3.41E-04,5.10E-04,2.70E-04,3.30E-04,3.79E-04,3.78E-04
3163,5.36E-04,4.68E-04,3.93E-04,3.25E-04,4.02E-04,4.86E-04,2.27E-04,2.06E-04,2.07E-04,2.89E-04,3.36E-04,6.15E-04,1.89E-04,3.36E-04,3.24E-04,4.96E-04,2.58E-04,3.17E-04,3.64E-04,3.75E-04
3164,5.21E-04,4.58E-04,3.90E-04,3.07E-04,3.94E-04,4.63E-04,2.26E-04,2.11E-04,2.09E-04,2.92E-04,3.17E-04,6.01E-04,1.75E-04,3.23E-04,3.07E-04,4.82E-04,2.47E-04,3.06E-04,3.51E-04,3.73E-04
3165,5.05E-04,4.48E-04,3.88E-04,2.90E-04,3.86E-04,4.41E-04,2.25E-04,2.15E-04,2.10E-04,2.95E-04,2.98E-04,5.87E-04,1.61E-04,3.10E-04,2.91E-04,4.68E-04,2.35E-04,2.94E-04,3.37E-04,3.70E-04
3166,4.90E-04,4.38E-04,3.84E-04,2.73E-04,3.78E-04,4.19E-04,2.24E-04,2.18E-04,2.11E-04,2.97E-04,2.79E-04,5.73E-04,1.48E-04,2.97E-04,2.76E-04,4.55E-04,2.24E-04,2.83E-04,3.25E-04,3.68E-04
3167,4.74E-04,4.27E-04,3.81E-04,2.57E-04,3.71E-04,3.98E-04,2.22E-04,2.21E-04,2.12E-04,2.99E-04,2.59E-04,5.58E-04,1.34E-04,2.84E-04,2.62E-04,4.42E-04,2.11E-04,2.72E-04,3.13E-04,3.66E-04
3168,4.59E-04,4.16E-04,3.77E-04,2.41E-04,3.63E-04,3.78E-04,2.21E-04,2.22E-04,2.13E-04,3.00E-04,2.40E-04,5.43E-04,1.21E-04,2.72E-04,2.48E-04,4.30E-04,1.98E-04,2.60E-04,3.01E-04,3.63E-04
3169,4.43E-04,4.05E-04,3.72E-04,2.26E-04,3.55E-04,3.60E-04,2.19E-04,2.24E-04,2.13E-04,3.01E-04,2.21E-04,5.28E-04,1.08E-04,2.59E-04,2.35E-04,4.18E-04,1.85E-04,2.49E-04,2.90E-04,3.59E-04
3170,4.27E-04,3.93E-04,3.68E-04,2.11E-04,3.47E-04,3.44E-04,2.16E-04,2.24E-04,2.13E-04,3.01E-04,2.02E-04,5.12E-04,9.46E-05,2.47E-04,2.23E-04,4.06E-04,1.71E-04,2.37E-04,2.80E-04,3.55E-04
3171,4.12E-04,3.80E-04,3.62E-04,1.96E-04,3.40E-04,3.30E-04,2.13E-04,2.23E-04,2.13E-04,3.01E-04,1.83E-04,4.96E-04,8.13E-05,2.35E-04,2.12E-04,3.95E-04,1.57E-04,2.25E-04,2.69E-04,3.50E-04
3172,3.96E-04,3.67E-04,3.56E-04,1.81E-04,3.32E-04,3.18E-04,2.09E-04,2.22E-04,2.13E-04,3.00E-04,1.65E-04,4.80E-04,6.79E-05,2.24E-04,2.01E-04,3.84E-04,1.43E-04,2.13E-04,2.59E-04,3.44E-04
3173,3.81E-04,3.54E-04,3.50E-04,1.67E-04,3.24E-04,3.07E-04,2.05E-04,2.20E-04,2.12E-04,2.98E-04,1.47E-04,4.63E-04,5.45E-05,2.12E-04,1.92E-04,3.74E-04,1.28E-04,2.01E-04,2.49E-04,3.37E-04
3174,3.66E-04,3.40E-04,3.44E-04,1.53E-04,3.16E-04,2.98E-04,1.99E-04,2.16E-04,2.11E-04,2.96E-04,1.30E-04,4.46E-04,4.09E-05,2.01E-04,1.82E-04,3.65E-04,1.12E-04,1.89E-04,2.39E-04,3.28E-04
3175,3.51E-04,3.26E-04,3.36E-04,1.39E-04,3.07E-04,2.91E-04,1.93E-04,2.12E-04,2.10E-04,2.92E-04,1.12E-04,4.29E-04,2.73E-05,1.90E-04,1.74E-04,3.56E-04,9.67E-05,1.76E-04,2.29E-04,3.19E-04
3176,3.37E-04,3.11E-04,3.29E-04,1.25E-04,2.99E-04,2.84E-04,1.86E-04,2.07E-04,2.08E-04,2.87E-04,9.56E-05,4.11E-04,1.36E-05,1.80E-04,1.66E-04,3.48E-04,8.09E-05,1.63E-04,2.19E-04,3.08E-04
3177,3.22E-04,2.97E-04,3.21E-04,1.12E-04,2.89E-04,2.77E-04,1.78E-04,2.01E-04,2.06E-04,2.81E-04,7.90E-05,3.93E-04,-2.84E-07,1.69E-04,1.59E-04,3.40E-04,6.50E-05,1.49E-04,2.09E-04,2.97E-04
3178,3.08E-04,2.83E-04,3.12E-04,9.74E-05,2.80E-04,2.71E-04,1.69E-04,1.94E-04,2.03E-04,2.73E-04,6.24E-05,3.75E-04,-1.43E-05,1.59E-04,1.52E-04,3.33E-04,4.91E-05,1.36E-04,1.98E-04,2.84E-04
3179,2.93E-04,2.69E-04,3.03E-04,8.30E-05,2.69E-04,2.65E-04,1.60E-04,1.86E-04,1.99E-04,2.64E-04,4.59E-05,3.57E-04,-2.83E-05,1.49E-04,1.45E-04,3.26E-04,3.32E-05,1.22E-04,1.88E-04,2.71E-04
3180,2.78E-04,2.56E-04,2.93E-04,6.82E-05,2.59E-04,2.58E-04,1.50E-04,1.77E-04,1.94E-04,2.54E-04,2.94E-05,3.38E-04,-4.25E-05,1.39E-04,1.38E-04,3.19E-04,1.73E-05,1.08E-04,1.78E-04,2.57E-04
3181,2.63E-04,2.42E-04,2.83E-04,5.31E-05,2.47E-04,2.51E-04,1.39E-04,1.68E-04,1.89E-04,2.42E-04,1.28E-05,3.19E-04,-5.68E-05,1.29E-04,1.32E-04,3.12E-04,1.54E-06,9.44E-05,1.68E-04,2.43E-04
3182,2.47E-04,2.30E-04,2.73E-04,3.76E-05,2.36E-04,2.43E-04,1.28E-04,1.58E-04,1.82E-04,2.29E-04,-3.79E-06,3.00E-04,-7.11E-05,1.18E-04,1.26E-04,3.05E-04,-1.41E-05,8.06E-05,1.57E-04,2.29E-04
3183,2.31E-04,2.17E-04,2.63E-04,2.17E-05,2.24E-04,2.35E-04,1.17E-04,1.48E-04,1.74E-04,2.15E-04,-2.04E-05,2.81E-04,-8.54E-05,1.08E-04,1.20E-04,2.98E-04,-2.96E-05,6.68E-05,1.47E-04,2.14E-04
3184,2.15E-04,2.06E-04,2.52E-04,5.48E-06,2.12E-04,2.26E-04,1.05E-04,1.37E-04,1.65E-04,2.00E-04,-3.70E-05,2.62E-04,-9.97E-05,9.80E-05,1.14E-04,2.91E-04,-4.50E-05,5.32E-05,1.37E-04,1.99E-04
3185,1.97E-04,1.94E-04,2.41E-04,-1.10E-05,2.00E-04,2.16E-04,9.43E-05,1.27E-04,1.55E-04,1.85E-04,-5.35E-05,2.42E-04,-1.14E-04,8.78E-05,1.09E-04,2.83E-04,-6.03E-05,3.98E-05,1.27E-04,1.85E-04
3186,1.80E-04,1.83E-04,2.30E-04,-2.75E-05,1.88E-04,2.06E-04,8.34E-05,1.16E-04,1.44E-04,1.69E-04,-6.96E-05,2.23E-04,-1.28E-04,7.75E-05,1.03E-04,2.75E-04,-7.54E-05,2.66E-05,1.17E-04,1.70E-04
3187,1.62E-04,1.73E-04,2.18E-04,-4.39E-05,1.76E-04,1.96E-04,7.29E-05,1.06E-04,1.33E-04,1.53E-04,-8.54E-05,2.03E-04,-1.42E-04,6.73E-05,9.78E-05,2.66E-04,-9.04E-05,1.37E-05,1.08E-04,1.56E-04
3188,1.44E-04,1.63E-04,2.07E-04,-6.01E-05,1.65E-04,1.86E-04,6.29E-05,9.60E-05,1.21E-04,1.37E-04,-1.01E-04,1.84E-04,-1.55E-04,5.72E-05,9.25E-05,2.57E-04,-1.05E-04,1.21E-06,9.88E-05,1.43E-04
3189,1.26E-04,1.52E-04,1.96E-04,-7.58E-05,1.54E-04,1.76E-04,5.33E-05,8.65E-05,1.09E-04,1.22E-04,-1.15E-04,1.64E-04,-1.68E-04,4.74E-05,8.74E-05,2.48E-04,-1.20E-04,-1.09E-05,9.03E-05,1.29E-04
3190,1.08E-04,1.42E-04,1.85E-04,-9.09E-05,1.44E-04,1.66E-04,4.43E-05,7.75E-05,9.70E-05,1.07E-04,-1.29E-04,1.45E-04,-1.81E-04,3.78E-05,8.25E-05,2.38E-04,-1.35E-04,-2.26E-05,8.22E-05,1.16E-04
3191,9.07E-05,1.32E-04,1.73E-04,-1.05E-04,1.34E-04,1.57E-04,3.58E-05,6.90E-05,8.52E-05,9.24E-05,-1.41E-04,1.26E-04,-1.93E-04,2.87E-05,7.76E-05,2.28E-04,-1.50E-04,-3.39E-05,7.46E-05,1.03E-04
3192,7.37E-05,1.21E-04,1.62E-04,-1.18E-04,1.25E-04,1.47E-04,2.78E-05,6.10E-05,7.38E-05,7.91E-05,-1.53E-04,1.07E-04,-2.04E-04,2.01E-05,7.28E-05,2.18E-04,-1.64E-04,-4.47E-05,6.75E-05,9.06E-05
3193,5.76E-05,1.10E-04,1.51E-04,-1.31E-04,1.17E-04,1.38E-04,2.02E-05,5.33E-05,6.29E-05,6.68E-05,-1.63E-04,8.87E-05,-2.15E-04,1.20E-05,6.81E-05,2.09E-04,-1.79E-04,-5.51E-05,6.09E-05,7.81E-05
3194,4.24E-05,9.92E-05,1.40E-04,-1.41E-04,1.09E-04,1.29E-04,1.28E-05,4.61E-05,5.26E-05,5.55E-05,-1.72E-04,7.10E-05,-2.25E-04,4.54E-06,6.33E-05,1.99E-04,-1.93E-04,-6.50E-05,5.47E-05,6.58E-05
3195,2.84E-05,8.74E-05,1.29E-04,-1.51E-04,1.01E-04,1.20E-04,5.74E-06,3.90E-05,4.30E-05,4.53E-05,-1.80E-04,5.39E-05,-2.34E-04,-2.22E-06,5.84E-05,1.90E-04,-2.07E-04,-7.45E-05,4.88E-05,5.35E-05
3196,1.55E-05,7.53E-05,1.18E-04,-1.59E-04,9.45E-05,1.12E-04,-1.27E-06,3.21E-05,3.41E-05,3.61E-05,-1.87E-04,3.75E-05,-2.42E-04,-8.28E-06,5.34E-05,1.81E-04,-2.21E-04,-8.36E-05,4.32E-05,4.13E-05
3197,3.92E-06,6.27E-05,1.07E-04,-1.66E-04,8.78E-05,1.03E-04,-8.25E-06,2.53E-05,2.58E-05,2.79E-05,-1.93E-04,2.19E-05,-2.50E-04,-1.36E-05,4.81E-05,1.73E-04,-2.34E-04,-9.22E-05,3.79E-05,2.92E-05
3198,-6.34E-06,5.00E-05,9.57E-05,-1.71E-04,8.12E-05,9.41E-05,-1.53E-05,1.84E-05,1.82E-05,2.06E-05,-1.98E-04,7.17E-06,-2.56E-04,-1.83E-05,4.25E-05,1.65E-04,-2.47E-04,-1.00E-04,3.28E-05,1.71E-05
3199,-1.53E-05,3.71E-05,8.49E-05,-1.75E-04,7.48E-05,8.50E-05,-2.23E-05,1.14E-05,1.12E-05,1.41E-05,-2.03E-04,-6.70E-06,-2.62E-04,-2.23E-05,3.66E-05,1.58E-04,-2.59E-04,-1.08E-04,2.79E-05,5.06E-06
3200,-2.30E-05,2.43E-05,7.42E-05,-1.78E-04,6.83E-05,7.58E-05,-2.95E-05,4.33E-06,4.70E-06,8.34E-06,-2.06E-04,-1.96E-05,-2.67E-04,-2.57E-05,3.03E-05,1.51E-04,-2.70E-04,-1.15E-04,2.30E-05,-6.81E-06
3201,-2.96E-05,1.17E-05,6.39E-05,-1.80E-04,6.17E-05,6.62E-05,-3.66E-05,-2.87E-06,-1.41E-06,3.16E-06,-2.09E-04,-3.16E-05,-2.71E-04,-2.87E-05,2.36E-05,1.44E-04,-2.80E-04,-1.22E-04,1.82E-05,-1.85E-05
3202,-3.51E-05,-2.65E-07,5.39E-05,-1.81E-04,5.50E-05,5.65E-05,-4.37E-05,-1.01E-05,-7.17E-06,-1.50E-06,-2.11E-04,-4.25E-05,-2.74E-04,-3.11E-05,1.65E-05,1.37E-04,-2.90E-04,-1.28E-04,1.35E-05,-2.98E-05
3203,-3.97E-05,-1.15E-05,4.45E-05,-1.82E-04,4.82E-05,4.65E-05,-5.05E-05,-1.73E-05,-1.27E-05,-5.73E-06,-2.13E-04,-5.24E-05,-2.77E-04,-3.32E-05,8.92E-06,1.30E-04,-2.98E-04,-1.33E-04,8.81E-06,-4.07E-05
3204,-4.34E-05,-2.16E-05,3.57E-05,-1.82E-04,4.14E-05,3.64E-05,-5.69E-05,-2.43E-05,-1.79E-05,-9.59E-06,-2.14E-04,-6.13E-05,-2.78E-04,-3.50E-05,1.01E-06,1.23E-04,-3.05E-04,-1.38E-04,4.19E-06,-5.11E-05
3205,-4.64E-05,-3.05E-05,2.77E-05,-1.82E-04,3.45E-05,2.63E-05,-6.28E-05,-3.09E-05,-2.30E-05,-1.31E-05,-2.15E-04,-6.90E-05,-2.79E-04,-3.66E-05,-7.21E-06,1.16E-04,-3.11E-04,-1.42E-04,-3.66E-07,-6.08E-05
3206,-4.89E-05,-3.80E-05,2.05E-05,-1.81E-04,2.77E-05,1.63E-05,-6.79E-05,-3.71E-05,-2.79E-05,-1.63E-05,-2.15E-04,-7.57E-05,-2.79E-04,-3.81E-05,-1.57E-05,1.08E-04,-3.15E-04,-1.45E-04,-4.83E-06,-6.98E-05
3207,-5.09E-05,-4.38E-05,1.44E-05,-1.81E-04,2.10E-05,6.49E-06,-7.20E-05,-4.26E-05,-3.25E-05,-1.93E-05,-2.15E-04,-8.14E-05,-2.79E-04,-3.94E-05,-2.43E-05,1.00E-04,-3.18E-04,-1.47E-04,-9.18E-06,-7.81E-05
3208,-5.25E-05,-4.80E-05,9.29E-06,-1.80E-04,1.46E-05,-3.09E-06,-7.52E-05,-4.73E-05,-3.69E-05,-2.19E-05,-2.14E-04,-8.60E-05,-2.77E-04,-4.07E-05,-3.29E-05,9.09E-05,-3.19E-04,-1.49E-04,-1.34E-05,-8.55E-05
3209,-5.38E-05,-5.03E-05,5.26E-06,-1.79E-04,8.52E-06,-1.23E-05,-7.71E-05,-5.10E-05,-4.10E-05,-2.43E-05,-2.12E-04,-8.96E-05,-2.75E-04,-4.19E-05,-4.15E-05,8.11E-05,-3.20E-04,-1.50E-04,-1.76E-05,-9.21E-05
3210,-5.50E-05,-5.10E-05,2.28E-06,-1.79E-04,2.77E-06,-2.12E-05,-7.78E-05,-5.38E-05,-4.46E-05,-2.63E-05,-2.10E-04,-9.22E-05,-2.73E-04,-4.31E-05,-5.00E-05,7.04E-05,-3.19E-04,-1.50E-04,-2.16E-05,-9.79E-05
3211,-5.60E-05,-5.01E-05,2.79E-07,-1.78E-04,-2.62E-06,-2.97E-05,-7.72E-05,-5.55E-05,-4.79E-05,-2.81E-05,-2.07E-04,-9.40E-05,-2.70E-04,-4.43E-05,-5.83E-05,5.89E-05,-3.17E-04,-1.49E-04,-2.57E-05,-1.03E-04
3212,-5.70E-05,-4.78E-05,-8.68E-07,-1.77E-04,-7.66E-06,-3.79E-05,-7.55E-05,-5.62E-05,-5.07E-05,-2.97E-05,-2.03E-04,-9.50E-05,-2.66E-04,-4.55E-05,-6.64E-05,4.67E-05,-3.14E-04,-1.48E-04,-2.98E-05,-1.08E-04
3213,-5.80E-05,-4.43E-05,-1.33E-06,-1.77E-04,-1.24E-05,-4.58E-05,-7.28E-05,-5.61E-05,-5.30E-05,-3.10E-05,-1.98E-04,-9.53E-05,-2.62E-04,-4.67E-05,-7.42E-05,3.39E-05,-3.11E-04,-1.47E-04,-3.40E-05,-1.12E-04
3214,-5.91E-05,-4.00E-05,-1.30E-06,-1.76E-04,-1.70E-05,-5.34E-05,-6.92E-05,-5.53E-05,-5.49E-05,-3.22E-05,-1.93E-04,-9.51E-05,-2.59E-04,-4.78E-05,-8.17E-05,2.04E-05,-3.07E-04,-1.45E-04,-3.85E-05,-1.16E-04
3215,-6.05E-05,-3.50E-05,-1.05E-06,-1.76E-04,-2.16E-05,-6.10E-05,-6.49E-05,-5.39E-05,-5.64E-05,-3.33E-05,-1.87E-04,-9.44E-05,-2.55E-04,-4.90E-05,-8.88E-05,6.59E-06,-3.03E-04,-1.44E-04,-4.35E-05,-1.21E-04
3216,-6.22E-05,-2.99E-05,-8.16E-07,-1.75E-04,-2.62E-05,-6.86E-05,-6.04E-05,-5.23E-05,-5.76E-05,-3.45E-05,-1.80E-04,-9.34E-05,-2.51E-04,-5.03E-05,-9.58E-05,-7.59E-06,-2.99E-04,-1.43E-04,-4.89E-05,-1.25E-04
3217,-6.44E-05,-2.48E-05,-8.86E-07,-1.75E-04,-3.12E-05,-7.63E-05,-5.59E-05,-5.08E-05,-5.86E-05,-3.59E-05,-1.74E-04,-9.24E-05,-2.48E-04,-5.16E-05,-1.02E-04,-2.20E-05,-2.96E-04,-1.42E-04,-5.52E-05,-1.30E-04
3218,-6.72E-05,-2.02E-05,-1.51E-06,-1.75E-04,-3.68E-05,-8.42E-05,-5.16E-05,-4.95E-05,-5.96E-05,-3.76E-05,-1.68E-04,-9.13E-05,-2.45E-04,-5.31E-05,-1.09E-04,-3.64E-05,-2.93E-04,-1.42E-04,-6.22E-05,-1.36E-04
3219,-7.07E-05,-1.64E-05,-2.94E-06,-1.75E-04,-4.30E-05,-9.25E-05,-4.79E-05,-4.89E-05,-6.07E-05,-3.98E-05,-1.62E-04,-9.05E-05,-2.42E-04,-5.48E-05,-1.15E-04,-5.09E-05,-2.91E-04,-1.43E-04,-7.03E-05,-1.43E-04
3220,-7.51E-05,-1.35E-05,-5.36E-06,-1.76E-04,-5.01E-05,-1.01E-04,-4.51E-05,-4.91E-05,-6.20E-05,-4.26E-05,-1.57E-04,-8.99E-05,-2.40E-04,-5.68E-05,-1.22E-04,-6.54E-05,-2.89E-04,-1.45E-04,-7.94E-05,-1.51E-04
3221,-8.04E-05,-1.18E-05,-8.93E-06,-1.77E-04,-5.82E-05,-1.10E-04,-4.34E-05,-5.03E-05,-6.37E-05,-4.61E-05,-1.52E-04,-8.98E-05,-2.39E-04,-5.91E-05,-1.28E-04,-7.98E-05,-2.88E-04,-1.48E-04,-8.97E-05,-1.60E-04
3222,-8.68E-05,-1.14E-05,-1.37E-05,-1.80E-04,-6.73E-05,-1.19E-04,-4.28E-05,-5.27E-05,-6.60E-05,-5.05E-05,-1.49E-04,-9.01E-05,-2.38E-04,-6.19E-05,-1.34E-04,-9.42E-05,-2.89E-04,-1.52E-04,-1.01E-04,-1.70E-04
3223,-9.44E-05,-1.22E-05,-1.98E-05,-1.82E-04,-7.76E-05,-1.29E-04,-4.35E-05,-5.64E-05,-6.90E-05,-5.57E-05,-1.48E-04,-9.11E-05,-2.39E-04,-6.52E-05,-1.41E-04,-1.09E-04,-2.90E-04,-1.57E-04,-1.14E-04,-1.81E-04
3224,-1.03E-04,-1.42E-05,-2.70E-05,-1.86E-04,-8.88E-05,-1.39E-04,-4.55E-05,-6.12E-05,-7.27E-05,-6.20E-05,-1.47E-04,-9.27E-05,-2.40E-04,-6.91E-05,-1.47E-04,-1.23E-04,-2.92E-04,-1.63E-04,-1.28E-04,-1.93E-04
3225,-1.13E-04,-1.74E-05,-3.54E-05,-1.91E-04,-1.01E-04,-1.49E-04,-4.87E-05,-6.72E-05,-7.72E-05,-6.91E-05,-1.48E-04,-9.49E-05,-2.42E-04,-7.36E-05,-1.54E-04,-1.37E-04,-2.95E-04,-1.71E-04,-1.42E-04,-2.05E-04
3226,-1.24E-04,-2.14E-05,-4.46E-05,-1.96E-04,-1.14E-04,-1.59E-04,-5.28E-05,-7.42E-05,-8.25E-05,-7.72E-05,-1.51E-04,-9.77E-05,-2.45E-04,-7.87E-05,-1.60E-04,-1.52E-04,-2.98E-04,-1.79E-04,-1.58E-04,-2.18E-04
3227,-1.36E-04,-2.62E-05,-5.45E-05,-2.03E-04,-1.28E-04,-1.69E-04,-5.77E-05,-8.18E-05,-8.85E-05,-8.60E-05,-1.55E-04,-1.01E-04,-2.48E-04,-8.45E-05,-1.66E-04,-1.67E-04,-3.02E-04,-1.87E-04,-1.74E-04,-2.31E-04
3228,-1.49E-04,-3.13E-05,-6.48E-05,-2.10E-04,-1.41E-04,-1.79E-04,-6.32E-05,-8.98E-05,-9.51E-05,-9.55E-05,-1.60E-04,-1.05E-04,-2.52E-04,-9.08E-05,-1.72E-04,-1.82E-04,-3.05E-04,-1.96E-04,-1.90E-04,-2.44E-04
3229,-1.62E-04,-3.66E-05,-7.53E-05,-2.18E-04,-1.55E-04,-1.88E-04,-6.88E-05,-9.80E-05,-1.02E-04,-1.06E-04,-1.66E-04,-1.09E-04,-2.56E-04,-9.77E-05,-1.78E-04,-1.97E-04,-3.09E-04,-2.05E-04,-2.07E-04,-2.56E-04
3230,-1.76E-04,-4.18E-05,-8.55E-05,-2.27E-04,-1.69E-04,-1.96E-04,-7.43E-05,-1.06E-04,-1.09E-04,-1.16E-04,-1.73E-04,-1.14E-04,-2.60E-04,-1.05E-04,-1.83E-04,-2.13E-04,-3.13E-04,-2.15E-04,-2.24E-04,-2.68E-04
3231,-1.90E-04,-4.66E-05,-9.51E-05,-2.37E-04,-1.82E-04,-2.04E-04,-7.93E-05,-1.13E-04,-1.16E-04,-1.26E-04,-1.80E-04,-1.18E-04,-2.65E-04,-1.13E-04,-1.88E-04,-2.28E-04,-3.17E-04,-2.24E-04,-2.40E-04,-2.78E-04
3232,-2.05E-04,-5.09E-05,-1.04E-04,-2.46E-04,-1.94E-04,-2.12E-04,-8.35E-05,-1.19E-04,-1.23E-04,-1.36E-04,-1.87E-04,-1.23E-04,-2.69E-04,-1.21E-04,-1.93E-04,-2.44E-04,-3.20E-04,-2.32E-04,-2.56E-04,-2.88E-04
3233,-2.19E-04,-5.44E-05,-1.12E-04,-2.56E-04,-2.05E-04,-2.19E-04,-8.67E-05,-1.25E-04,-1.30E-04,-1.46E-04,-1.94E-04,-1.27E-04,-2.74E-04,-1.29E-04,-1.96E-04,-2.60E-04,-3.22E-04,-2.41E-04,-2.71E-04,-2.96E-04
3234,-2.32E-04,-5.70E-05,-1.19E-04,-2.65E-04,-2.14E-04,-2.25E-04,-8.88E-05,-1.28E-04,-1.35E-04,-1.55E-04,-2.00E-04,-1.32E-04,-2.78E-04,-1.36E-04,-1.99E-04,-2.75E-04,-3.24E-04,-2.48E-04,-2.85E-04,-3.03E-04
3235,-2.45E-04,-5.87E-05,-1.24E-04,-2.74E-04,-2.22E-04,-2.31E-04,-8.94E-05,-1.30E-04,-1.40E-04,-1.64E-04,-2.06E-04,-1.36E-04,-2.82E-04,-1.44E-04,-2.01E-04,-2.90E-04,-3.26E-04,-2.55E-04,-2.98E-04,-3.08E-04
3236,-2.57E-04,-5.94E-05,-1.28E-04,-2.83E-04,-2.29E-04,-2.36E-04,-8.87E-05,-1.31E-04,-1.44E-04,-1.71E-04,-2.10E-04,-1.39E-04,-2.85E-04,-1.51E-04,-2.03E-04,-3.04E-04,-3.26E-04,-2.62E-04,-3.11E-04,-3.12E-04
3237,-2.68E-04,-5.93E-05,-1.30E-04,-2.90E-04,-2.34E-04,-2.40E-04,-8.65E-05,-1.30E-04,-1.46E-04,-1.77E-04,-2.13E-04,-1.42E-04,-2.88E-04,-1.57E-04,-2.04E-04,-3.18E-04,-3.26E-04,-2.67E-04,-3.22E-04,-3.15E-04
3238,-2.78E-04,-5.85E-05,-1.31E-04,-2.97E-04,-2.37E-04,-2.45E-04,-8.30E-05,-1.27E-04,-1.46E-04,-1.81E-04,-2.15E-04,-1.44E-04,-2.91E-04,-1.63E-04,-2.04E-04,-3.30E-04,-3.26E-04,-2.72E-04,-3.32E-04,-3.17E-04
3239,-2.87E-04,-5.70E-05,-1.31E-04,-3.02E-04,-2.39E-04,-2.49E-04,-7.83E-05,-1.22E-04,-1.46E-04,-1.84E-04,-2.15E-04,-1.46E-04,-2.93E-04,-1.68E-04,-2.04E-04,-3.41E-04,-3.25E-04,-2.77E-04,-3.42E-04,-3.17E-04
3240,-2.94E-04,-5.50E-05,-1.29E-04,-3.05E-04,-2.40E-04,-2.53E-04,-7.24E-05,-1.16E-04,-1.43E-04,-1.85E-04,-2.15E-04,-1.47E-04,-2.95E-04,-1.72E-04,-2.03E-04,-3.51E-04,-3.24E-04,-2.81E-04,-3.50E-04,-3.17E-04
3241,-3.00E-04,-5.26E-05,-1.26E-04,-3.08E-04,-2.39E-04,-2.56E-04,-6.57E-05,-1.09E-04,-1.39E-04,-1.85E-04,-2.13E-04,-1.47E-04,-2.96E-04,-1.76E-04,-2.02E-04,-3.59E-04,-3.22E-04,-2.85E-04,-3.58E-04,-3.17E-04
3242,-3.05E-04,-5.00E-05,-1.22E-04,-3.09E-04,-2.38E-04,-2.60E-04,-5.82E-05,-1.01E-04,-1.34E-04,-1.83E-04,-2.10E-04,-1.47E-04,-2.96E-04,-1.78E-04,-2.00E-04,-3.65E-04,-3.20E-04,-2.88E-04,-3.65E-04,-3.16E-04
3243,-3.09E-04,-4.72E-05,-1.17E-04,-3.09E-04,-2.35E-04,-2.63E-04,-5.02E-05,-9.12E-05,-1.27E-04,-1.80E-04,-2.06E-04,-1.46E-04,-2.96E-04,-1.80E-04,-1.99E-04,-3.70E-04,-3.18E-04,-2.91E-04,-3.71E-04,-3.15E-04
3244,-3.11E-04,-4.44E-05,-1.11E-04,-3.07E-04,-2.32E-04,-2.66E-04,-4.18E-05,-8.11E-05,-1.19E-04,-1.75E-04,-2.02E-04,-1.45E-04,-2.96E-04,-1.80E-04,-1.97E-04,-3.73E-04,-3.15E-04,-2.94E-04,-3.76E-04,-3.14E-04
3245,-3.12E-04,-4.16E-05,-1.04E-04,-3.04E-04,-2.29E-04,-2.68E-04,-3.31E-05,-7.05E-05,-1.10E-04,-1.69E-04,-1.98E-04,-1.42E-04,-2.95E-04,-1.80E-04,-1.95E-04,-3.74E-04,-3.12E-04,-2.97E-04,-3.82E-04,-3.13E-04
3246,-3.12E-04,-3.87E-05,-9.64E-05,-3.00E-04,-2.24E-04,-2.70E-04,-2.44E-05,-5.94E-05,-1.01E-04,-1.61E-04,-1.93E-04,-1.40E-04,-2.94E-04,-1.79E-04,-1.94E-04,-3.74E-04,-3.10E-04,-2.99E-04,-3.86E-04,-3.12E-04
3247,-3.10E-04,-3.57E-05,-8.83E-05,-2.95E-04,-2.20E-04,-2.72E-04,-1.56E-05,-4.79E-05,-8.98E-05,-1.53E-04,-1.89E-04,-1.36E-04,-2.92E-04,-1.78E-04,-1.92E-04,-3.74E-04,-3.07E-04,-3.01E-04,-3.90E-04,-3.11E-04
3248,-3.08E-04,-3.26E-05,-7.96E-05,-2.90E-04,-2.15E-04,-2.73E-04,-6.70E-06,-3.62E-05,-7.84E-05,-1.43E-04,-1.85E-04,-1.33E-04,-2.89E-04,-1.76E-04,-1.91E-04,-3.72E-04,-3.03E-04,-3.03E-04,-3.94E-04,-3.11E-04
3249,-3.05E-04,-2.92E-05,-7.02E-05,-2.84E-04,-2.10E-04,-2.73E-04,2.19E-06,-2.42E-05,-6.66E-05,-1.33E-04,-1.81E-04,-1.28E-04,-2.86E-04,-1.74E-04,-1.90E-04,-3.69E-04,-3.00E-04,-3.04E-04,-3.97E-04,-3.10E-04
3250,-3.01E-04,-2.54E-05,-6.03E-05,-2.77E-04,-2.04E-04,-2.73E-04,1.11E-05,-1.21E-05,-5.46E-05,-1.22E-04,-1.77E-04,-1.24E-04,-2.83E-04,-1.72E-04,-1.90E-04,-3.66E-04,-2.96E-04,-3.05E-04,-4.00E-04,-3.10E-04
3251,-2.95E-04,-2.12E-05,-4.98E-05,-2.70E-04,-1.99E-04,-2.72E-04,2.02E-05,1.36E-07,-4.23E-05,-1.11E-04,-1.74E-04,-1.19E-04,-2.79E-04,-1.70E-04,-1.89E-04,-3.63E-04,-2.92E-04,-3.06E-04,-4.02E-04,-3.10E-04
3252,-2.90E-04,-1.64E-05,-3.88E-05,-2.63E-04,-1.93E-04,-2.70E-04,2.94E-05,1.25E-05,-3.01E-05,-9.92E-05,-1.72E-04,-1.14E-04,-2.75E-04,-1.69E-04,-1.89E-04,-3.61E-04,-2.87E-04,-3.05E-04,-4.04E-04,-3.10E-04
3253,-2.83E-04,-1.09E-05,-2.72E-05,-2.56E-04,-1.87E-04,-2.68E-04,3.87E-05,2.50E-05,-1.81E-05,-8.78E-05,-1.70E-04,-1.09E-04,-2.71E-04,-1.67E-04,-1.90E-04,-3.58E-04,-2.82E-04,-3.04E-04,-4.04E-04,-3.09E-04
3254,-2.76E-04,-4.78E-06,-1.53E-05,-2.49E-04,-1.81E-04,-2.65E-04,4.82E-05,3.74E-05,-6.26E-06,-7.65E-05,-1.69E-04,-1.04E-04,-2.66E-04,-1.66E-04,-1.91E-04,-3.57E-04,-2.77E-04,-3.03E-04,-4.04E-04,-3.09E-04
3255,-2.69E-04,1.98E-06,-3.07E-06,-2.42E-04,-1.75E-04,-2.62E-04,5.79E-05,4.98E-05,5.14E-06,-6.55E-05,-1.67E-04,-9.91E-05,-2.62E-04,-1.66E-04,-1.92E-04,-3.56E-04,-2.72E-04,-3.01E-04,-4.04E-04,-3.08E-04
3256,-2.61E-04,9.31E-06,9.30E-06,-2.35E-04,-1.69E-04,-2.59E-04,6.77E-05,6.20E-05,1.60E-05,-5.51E-05,-1.67E-04,-9.46E-05,-2.57E-04,-1.66E-04,-1.94E-04,-3.56E-04,-2.67E-04,-2.98E-04,-4.03E-04,-3.07E-04
3257,-2.54E-04,1.71E-05,2.16E-05,-2.28E-04,-1.63E-04,-2.56E-04,7.75E-05,7.39E-05,2.62E-05,-4.54E-05,-1.67E-04,-9.06E-05,-2.52E-04,-1.66E-04,-1.97E-04,-3.58E-04,-2.62E-04,-2.95E-04,-4.01E-04,-3.06E-04
3258,-2.46E-04,2.51E-05,3.37E-05,-2.22E-04,-1.57E-04,-2.53E-04,8.71E-05,8.52E-05,3.57E-05,-3.65E-05,-1.67E-04,-8.71E-05,-2.48E-04,-1.68E-04,-2.00E-04,-3.60E-04,-2.57E-04,-2.92E-04,-3.99E-04,-3.04E-04
3259,-2.39E-04,3.31E-05,4.53E-05,-2.16E-04,-1.52E-04,-2.51E-04,9.65E-05,9.59E-05,4.43E-05,-2.86E-05,-1.67E-04,-8.44E-05,-2.45E-04,-1.70E-04,-2.05E-04,-3.64E-04,-2.53E-04,-2.88E-04,-3.97E-04,-3.03E-04
3260,-2.32E-04,4.10E-05,5.61E-05,-2.11E-04,-1.47E-04,-2.49E-04,1.05E-04,1.06E-04,5.20E-05,-2.17E-05,-1.68E-04,-8.25E-05,-2.42E-04,-1.74E-04,-2.09E-04,-3.68E-04,-2.49E-04,-2.85E-04,-3.95E-04,-3.02E-04
3261,-2.26E-04,4.84E-05,6.59E-05,-2.06E-04,-1.43E-04,-2.47E-04,1.13E-04,1.14E-04,5.87E-05,-1.60E-05,-1.69E-04,-8.16E-05,-2.39E-04,-1.78E-04,-2.15E-04,-3.74E-04,-2.46E-04,-2.82E-04,-3.93E-04,-3.01E-04
3262,-2.22E-04,5.50E-05,7.45E-05,-2.02E-04,-1.39E-04,-2.47E-04,1.20E-04,1.21E-04,6.43E-05,-1.14E-05,-1.70E-04,-8.18E-05,-2.37E-04,-1.82E-04,-2.22E-04,-3.80E-04,-2.44E-04,-2.79E-04,-3.91E-04,-3.01E-04
3263,-2.18E-04,6.07E-05,8.16E-05,-1.99E-04,-1.37E-04,-2.47E-04,1.26E-04,1.27E-04,6.87E-05,-8.12E-06,-1.72E-04,-8.30E-05,-2.37E-04,-1.88E-04,-2.29E-04,-3.87E-04,-2.43E-04,-2.77E-04,-3.89E-04,-3.01E-04
3264,-2.16E-04,6.52E-05,8.70E-05,-1.97E-04,-1.37E-04,-2.49E-04,1.31E-04,1.31E-04,7.20E-05,-6.05E-06,-1.75E-04,-8.54E-05,-2.37E-04,-1.94E-04,-2.38E-04,-3.95E-04,-2.44E-04,-2.76E-04,-3.88E-04,-3.01E-04
3265,-2.16E-04,6.83E-05,9.07E-05,-1.95E-04,-1.37E-04,-2.51E-04,1.34E-04,1.34E-04,7.40E-05,-5.20E-06,-1.79E-04,-8.89E-05,-2.38E-04,-2.01E-04,-2.47E-04,-4.03E-04,-2.45E-04,-2.75E-04,-3.88E-04,-3.02E-04
3266,-2.17E-04,6.99E-05,9.24E-05,-1.95E-04,-1.39E-04,-2.53E-04,1.35E-04,1.35E-04,7.49E-05,-5.50E-06,-1.83E-04,-9.36E-05,-2.40E-04,-2.09E-04,-2.57E-04,-4.11E-04,-2.48E-04,-2.76E-04,-3.88E-04,-3.03E-04
3267,-2.19E-04,7.00E-05,9.23E-05,-1.95E-04,-1.42E-04,-2.56E-04,1.35E-04,1.33E-04,7.47E-05,-6.89E-06,-1.88E-04,-9.94E-05,-2.43E-04,-2.17E-04,-2.67E-04,-4.19E-04,-2.52E-04,-2.77E-04,-3.89E-04,-3.05E-04
3268,-2.24E-04,6.85E-05,9.03E-05,-1.97E-04,-1.47E-04,-2.59E-04,1.33E-04,1.31E-04,7.33E-05,-9.27E-06,-1.94E-04,-1.06E-04,-2.47E-04,-2.26E-04,-2.78E-04,-4.27E-04,-2.57E-04,-2.80E-04,-3.92E-04,-3.08E-04
3269,-2.30E-04,6.54E-05,8.65E-05,-2.00E-04,-1.52E-04,-2.62E-04,1.29E-04,1.26E-04,7.09E-05,-1.25E-05,-2.01E-04,-1.14E-04,-2.51E-04,-2.35E-04,-2.90E-04,-4.34E-04,-2.64E-04,-2.83E-04,-3.95E-04,-3.11E-04
3270,-2.37E-04,6.09E-05,8.10E-05,-2.04E-04,-1.59E-04,-2.64E-04,1.23E-04,1.20E-04,6.75E-05,-1.65E-05,-2.08E-04,-1.23E-04,-2.56E-04,-2.44E-04,-3.01E-04,-4.41E-04,-2.71E-04,-2.88E-04,-3.99E-04,-3.14E-04
3271,-2.46E-04,5.51E-05,7.41E-05,-2.08E-04,-1.67E-04,-2.66E-04,1.16E-04,1.13E-04,6.32E-05,-2.12E-05,-2.16E-04,-1.32E-04,-2.62E-04,-2.53E-04,-3.13E-04,-4.47E-04,-2.79E-04,-2.93E-04,-4.04E-04,-3.17E-04
3272,-2.56E-04,4.81E-05,6.59E-05,-2.14E-04,-1.76E-04,-2.68E-04,1.08E-04,1.05E-04,5.82E-05,-2.63E-05,-2.25E-04,-1.42E-04,-2.68E-04,-2.63E-04,-3.25E-04,-4.52E-04,-2.89E-04,-2.99E-04,-4.10E-04,-3.20E-04
3273,-2.67E-04,4.00E-05,5.66E-05,-2.20E-04,-1.85E-04,-2.68E-04,9.89E-05,9.52E-05,5.24E-05,-3.19E-05,-2.35E-04,-1.53E-04,-2.75E-04,-2.72E-04,-3.37E-04,-4.56E-04,-2.99E-04,-3.06E-04,-4.16E-04,-3.23E-04
3274,-2.78E-04,3.12E-05,4.64E-05,-2.27E-04,-1.95E-04,-2.68E-04,8.85E-05,8.50E-05,4.59E-05,-3.76E-05,-2.45E-04,-1.64E-04,-2.82E-04,-2.82E-04,-3.48E-04,-4.59E-04,-3.09E-04,-3.13E-04,-4.24E-04,-3.26E-04
3275,-2.90E-04,2.17E-05,3.55E-05,-2.35E-04,-2.05E-04,-2.66E-04,7.75E-05,7.43E-05,3.89E-05,-4.36E-05,-2.55E-04,-1.76E-04,-2.89E-04,-2.91E-04,-3.59E-04,-4.61E-04,-3.20E-04,-3.21E-04,-4.31E-04,-3.29E-04
3276,-3.03E-04,1.16E-05,2.42E-05,-2.42E-04,-2.15E-04,-2.64E-04,6.59E-05,6.32E-05,3.15E-05,-4.95E-05,-2.65E-04,-1.88E-04,-2.96E-04,-3.00E-04,-3.69E-04,-4.62E-04,-3.32E-04,-3.30E-04,-4.40E-04,-3.31E-04
3277,-3.15E-04,1.11E-06,1.25E-05,-2.51E-04,-2.25E-04,-2.61E-04,5.40E-05,5.17E-05,2.36E-05,-5.55E-05,-2.75E-04,-2.01E-04,-3.04E-04,-3.09E-04,-3.79E-04,-4.61E-04,-3.44E-04,-3.39E-04,-4.48E-04,-3.32E-04
3278,-3.28E-04,-9.72E-06,5.23E-07,-2.59E-04,-2.35E-04,-2.58E-04,4.18E-05,4.00E-05,1.53E-05,-6.15E-05,-2.85E-04,-2.14E-04,-3.11E-04,-3.18E-04,-3.89E-04,-4.60E-04,-3.57E-04,-3.48E-04,-4.57E-04,-3.33E-04
3279,-3.41E-04,-2.08E-05,-1.16E-05,-2.67E-04,-2.45E-04,-2.54E-04,2.95E-05,2.80E-05,6.66E-06,-6.73E-05,-2.94E-04,-2.27E-04,-3.19E-04,-3.27E-04,-3.98E-04,-4.57E-04,-3.69E-04,-3.58E-04,-4.66E-04,-3.34E-04
3280,-3.54E-04,-3.22E-05,-2.39E-05,-2.75E-04,-2.54E-04,-2.50E-04,1.72E-05,1.59E-05,-2.25E-06,-7.30E-05,-3.03E-04,-2.40E-04,-3.27E-04,-3.35E-04,-4.06E-04,-4.53E-04,-3.83E-04,-3.69E-04,-4.76E-04,-3.34E-04
3281,-3.66E-04,-4.39E-05,-3.63E-05,-2.83E-04,-2.64E-04,-2.46E-04,4.86E-06,3.64E-06,-1.14E-05,-7.86E-05,-3.12E-04,-2.53E-04,-3.35E-04,-3.44E-04,-4.14E-04,-4.49E-04,-3.96E-04,-3.80E-04,-4.85E-04,-3.34E-04
3282,-3.79E-04,-5.58E-05,-4.89E-05,-2.91E-04,-2.73E-04,-2.43E-04,-7.44E-06,-8.83E-06,-2.08E-05,-8.40E-05,-3.20E-04,-2.67E-04,-3.43E-04,-3.52E-04,-4.22E-04,-4.43E-04,-4.10E-04,-3.92E-04,-4.95E-04,-3.33E-04
3283,-3.91E-04,-6.81E-05,-6.16E-05,-2.98E-04,-2.82E-04,-2.40E-04,-1.97E-05,-2.15E-05,-3.03E-05,-8.92E-05,-3.28E-04,-2.80E-04,-3.51E-04,-3.60E-04,-4.30E-04,-4.38E-04,-4.24E-04,-4.04E-04,-5.05E-04,-3.32E-04
3284,-4.03E-04,-8.06E-05,-7.45E-05,-3.06E-04,-2.91E-04,-2.38E-04,-3.19E-05,-3.44E-05,-3.99E-05,-9.44E-05,-3.35E-04,-2.94E-04,-3.59E-04,-3.69E-04,-4.37E-04,-4.31E-04,-4.38E-04,-4.16E-04,-5.15E-04,-3.32E-04
3285,-4.16E-04,-9.35E-05,-8.77E-05,-3.13E-04,-3.01E-04,-2.37E-04,-4.41E-05,-4.75E-05,-4.96E-05,-9.94E-05,-3.42E-04,-3.07E-04,-3.68E-04,-3.77E-04,-4.44E-04,-4.25E-04,-4.52E-04,-4.29E-04,-5.26E-04,-3.31E-04
3286,-4.28E-04,-1.07E-04,-1.01E-04,-3.21E-04,-3.10E-04,-2.37E-04,-5.62E-05,-6.08E-05,-5.92E-05,-1.04E-04,-3.48E-04,-3.20E-04,-3.76E-04,-3.85E-04,-4.50E-04,-4.18E-04,-4.66E-04,-4.42E-04,-5.36E-04,-3.30E-04
3287,-4.40E-04,-1.20E-04,-1.14E-04,-3.28E-04,-3.20E-04,-2.39E-04,-6.83E-05,-7.43E-05,-6.86E-05,-1.09E-04,-3.53E-04,-3.33E-04,-3.84E-04,-3.93E-04,-4.57E-04,-4.12E-04,-4.80E-04,-4.56E-04,-5.47E-04,-3.29E-04
3288,-4.53E-04,-1.33E-04,-1.28E-04,-3.36E-04,-3.30E-04,-2.41E-04,-8.03E-05,-8.78E-05,-7.79E-05,-1.13E-04,-3.59E-04,-3.45E-04,-3.93E-04,-4.01E-04,-4.62E-04,-4.06E-04,-4.93E-04,-4.69E-04,-5.57E-04,-3.28E-04
3289,-4.65E-04,-1.47E-04,-1.42E-04,-3.44E-04,-3.40E-04,-2.45E-04,-9.22E-05,-1.01E-04,-8.68E-05,-1.18E-04,-3.64E-04,-3.56E-04,-4.01E-04,-4.09E-04,-4.68E-04,-4.00E-04,-5.06E-04,-4.82E-04,-5.68E-04,-3.27E-04
3290,-4.78E-04,-1.60E-04,-1.55E-04,-3.52E-04,-3.50E-04,-2.50E-04,-1.04E-04,-1.15E-04,-9.54E-05,-1.22E-04,-3.69E-04,-3.67E-04,-4.08E-04,-4.17E-04,-4.73E-04,-3.95E-04,-5.18E-04,-4.95E-04,-5.78E-04,-3.26E-04
3291,-4.91E-04,-1.73E-04,-1.69E-04,-3.61E-04,-3.60E-04,-2.56E-04,-1.15E-04,-1.28E-04,-1.03E-04,-1.26E-04,-3.74E-04,-3.76E-04,-4.15E-04,-4.24E-04,-4.78E-04,-3.91E-04,-5.29E-04,-5.07E-04,-5.88E-04,-3.25E-04
3292,-5.04E-04,-1.86E-04,-1.82E-04,-3.70E-04,-3.69E-04,-2.62E-04,-1.26E-04,-1.40E-04,-1.11E-04,-1.30E-04,-3.78E-04,-3.84E-04,-4.22E-04,-4.32E-04,-4.82E-04,-3.88E-04,-5.39E-04,-5.19E-04,-5.98E-04,-3.23E-04
3293,-5.16E-04,-1.98E-04,-1.95E-04,-3.79E-04,-3.79E-04,-2.68E-04,-1.37E-04,-1.52E-04,-1.18E-04,-1.33E-04,-3.83E-04,-3.92E-04,-4.28E-04,-4.39E-04,-4.85E-04,-3.86E-04,-5.48E-04,-5.29E-04,-6.07E-04,-3.21E-04
3294,-5.29E-04,-2.09E-04,-2.07E-04,-3.89E-04,-3.89E-04,-2.75E-04,-1.47E-04,-1.64E-04,-1.24E-04,-1.37E-04,-3.88E-04,-3.98E-04,-4.34E-04,-4.46E-04,-4.88E-04,-3.84E-04,-5.56E-04,-5.39E-04,-6.16E-04,-3.18E-04
3295,-5.42E-04,-2.19E-04,-2.18E-04,-4.00E-04,-3.98E-04,-2.82E-04,-1.56E-04,-1.74E-04,-1.30E-04,-1.40E-04,-3.93E-04,-4.03E-04,-4.39E-04,-4.53E-04,-4.90E-04,-3.84E-04,-5.62E-04,-5.48E-04,-6.25E-04,-3.15E-04
3296,-5.54E-04,-2.28E-04,-2.29E-04,-4.10E-04,-4.06E-04,-2.89E-04,-1.65E-04,-1.84E-04,-1.36E-04,-1.43E-04,-3.98E-04,-4.07E-04,-4.44E-04,-4.60E-04,-4.91E-04,-3.85E-04,-5.67E-04,-5.56E-04,-6.33E-04,-3.11E-04
3297,-5.66E-04,-2.37E-04,-2.39E-04,-4.22E-04,-4.14E-04,-2.96E-04,-1.73E-04,-1.92E-04,-1.40E-04,-1.46E-04,-4.03E-04,-4.10E-04,-4.48E-04,-4.67E-04,-4.91E-04,-3.86E-04,-5.71E-04,-5.62E-04,-6.40E-04,-3.06E-04
3298,-5.78E-04,-2.43E-04,-2.48E-04,-4.33E-04,-4.22E-04,-3.02E-04,-1.81E-04,-2.00E-04,-1.45E-04,-1.49E-04,-4.08E-04,-4.12E-04,-4.52E-04,-4.73E-04,-4.91E-04,-3.88E-04,-5.73E-04,-5.68E-04,-6.47E-04,-3.00E-04
3299,-5.90E-04,-2.49E-04,-2.57E-04,-4.45E-04,-4.29E-04,-3.08E-04,-1.87E-04,-2.07E-04,-1.49E-04,-1.53E-04,-4.14E-04,-4.13E-04,-4.55E-04,-4.79E-04,-4.90E-04,-3.91E-04,-5.75E-04,-5.72E-04,-6.53E-04,-2.94E-04
3300,-6.02E-04,-2.54E-04,-2.64E-04,-4.57E-04,-4.35E-04,-3.13E-04,-1.93E-04,-2.13E-04,-1.53E-04,-1.56E-04,-4.20E-04,-4.14E-04,-4.58E-04,-4.85E-04,-4.88E-04,-3.94E-04,-5.75E-04,-5.76E-04,-6.59E-04,-2.87E-04
3301,-6.14E-04,-2.58E-04,-2.71E-04,-4.68E-04,-4.41E-04,-3.19E-04,-1.98E-04,-2.18E-04,-1.56E-04,-1.59E-04,-4.26E-04,-4.14E-04,-4.61E-04,-4.91E-04,-4.86E-04,-3.97E-04,-5.75E-04,-5.79E-04,-6.64E-04,-2.79E-04
3302,-6.25E-04,-2.61E-04,-2.77E-04,-4.80E-04,-4.46E-04,-3.24E-04,-2.03E-04,-2.23E-04,-1.60E-04,-1.62E-04,-4.32E-04,-4.14E-04,-4.64E-04,-4.97E-04,-4.83E-04,-4.01E-04,-5.75E-04,-5.82E-04,-6.69E-04,-2.70E-04
3303,-6.37E-04,-2.64E-04,-2.83E-04,-4.92E-04,-4.51E-04,-3.29E-04,-2.07E-04,-2.27E-04,-1.63E-04,-1.66E-04,-4.38E-04,-4.14E-04,-4.68E-04,-5.03E-04,-4.80E-04,-4.05E-04,-5.74E-04,-5.85E-04,-6.73E-04,-2.61E-04
3304,-6.48E-04,-2.66E-04,-2.88E-04,-5.03E-04,-4.55E-04,-3.34E-04,-2.10E-04,-2.30E-04,-1.67E-04,-1.70E-04,-4.44E-04,-4.14E-04,-4.71E-04,-5.08E-04,-4.77E-04,-4.08E-04,-5.73E-04,-5.87E-04,-6.76E-04,-2.52E-04
3305,-6.60E-04,-2.68E-04,-2.93E-04,-5.14E-04,-4.59E-04,-3.39E-04,-2.13E-04,-2.33E-04,-1.70E-04,-1.73E-04,-4.50E-04,-4.14E-04,-4.75E-04,-5.13E-04,-4.73E-04,-4.12E-04,-5.72E-04,-5.90E-04,-6.80E-04,-2.43E-04
3306,-6.71E-04,-2.70E-04,-2.97E-04,-5.24E-04,-4.62E-04,-3.43E-04,-2.16E-04,-2.35E-04,-1.74E-04,-1.77E-04,-4.56E-04,-4.15E-04,-4.79E-04,-5.18E-04,-4.69E-04,-4.14E-04,-5.71E-04,-5.93E-04,-6.82E-04,-2.34E-04
3307,-6.83E-04,-2.71E-04,-3.02E-04,-5.34E-04,-4.65E-04,-3.48E-04,-2.18E-04,-2.37E-04,-1.77E-04,-1.81E-04,-4.61E-04,-4.16E-04,-4.83E-04,-5.23E-04,-4.65E-04,-4.17E-04,-5.71E-04,-5.96E-04,-6.85E-04,-2.24E-04
3308,-6.93E-04,-2.73E-04,-3.06E-04,-5.43E-04,-4.68E-04,-3.54E-04,-2.20E-04,-2.38E-04,-1.80E-04,-1.84E-04,-4.67E-04,-4.17E-04,-4.87E-04,-5.27E-04,-4.61E-04,-4.18E-04,-5.71E-04,-5.99E-04,-6.86E-04,-2.15E-04
3309,-7.04E-04,-2.74E-04,-3.09E-04,-5.51E-04,-4.70E-04,-3.59E-04,-2.22E-04,-2.39E-04,-1.83E-04,-1.87E-04,-4.71E-04,-4.18E-04,-4.91E-04,-5.31E-04,-4.57E-04,-4.19E-04,-5.71E-04,-6.03E-04,-6.87E-04,-2.06E-04
3310,-7.14E-04,-2.76E-04,-3.12E-04,-5.58E-04,-4.72E-04,-3.64E-04,-2.22E-04,-2.39E-04,-1.85E-04,-1.90E-04,-4.76E-04,-4.19E-04,-4.95E-04,-5.35E-04,-4.53E-04,-4.20E-04,-5.72E-04,-6.07E-04,-6.87E-04,-1.96E-04
3311,-7.22E-04,-2.77E-04,-3.14E-04,-5.64E-04,-4.73E-04,-3.69E-04,-2.22E-04,-2.38E-04,-1.86E-04,-1.92E-04,-4.79E-04,-4.20E-04,-4.99E-04,-5.37E-04,-4.48E-04,-4.19E-04,-5.72E-04,-6.11E-04,-6.87E-04,-1.87E-04
3312,-7.30E-04,-2.78E-04,-3.15E-04,-5.69E-04,-4.74E-04,-3.73E-04,-2.22E-04,-2.37E-04,-1.87E-04,-1.94E-04,-4.82E-04,-4.21E-04,-5.02E-04,-5.39E-04,-4.43E-04,-4.18E-04,-5.72E-04,-6.15E-04,-6.85E-04,-1.79E-04
3313,-7.36E-04,-2.78E-04,-3.16E-04,-5.73E-04,-4.73E-04,-3.78E-04,-2.21E-04,-2.35E-04,-1.87E-04,-1.94E-04,-4.83E-04,-4.22E-04,-5.05E-04,-5.41E-04,-4.38E-04,-4.16E-04,-5.72E-04,-6.18E-04,-6.83E-04,-1.70E-04
3314,-7.40E-04,-2.78E-04,-3.15E-04,-5.76E-04,-4.72E-04,-3.81E-04,-2.18E-04,-2.31E-04,-1.85E-04,-1.93E-04,-4.84E-04,-4.22E-04,-5.06E-04,-5.41E-04,-4.33E-04,-4.13E-04,-5.72E-04,-6.22E-04,-6.79E-04,-1.61E-04
3315,-7.42E-04,-2.77E-04,-3.12E-04,-5.77E-04,-4.70E-04,-3.84E-04,-2.15E-04,-2.26E-04,-1.83E-04,-1.92E-04,-4.84E-04,-4.22E-04,-5.07E-04,-5.41E-04,-4.28E-04,-4.10E-04,-5.71E-04,-6.25E-04,-6.74E-04,-1.52E-04
3316,-7.42E-04,-2.75E-04,-3.08E-04,-5.77E-04,-4.67E-04,-3.86E-04,-2.10E-04,-2.21E-04,-1.79E-04,-1.89E-04,-4.82E-04,-4.20E-04,-5.06E-04,-5.40E-04,-4.22E-04,-4.06E-04,-5.70E-04,-6.27E-04,-6.68E-04,-1.43E-04
3317,-7.40E-04,-2.72E-04,-3.02E-04,-5.76E-04,-4.63E-04,-3.87E-04,-2.05E-04,-2.13E-04,-1.74E-04,-1.85E-04,-4.80E-04,-4.18E-04,-5.05E-04,-5.39E-04,-4.16E-04,-4.02E-04,-5.68E-04,-6.28E-04,-6.61E-04,-1.34E-04
3318,-7.35E-04,-2.67E-04,-2.95E-04,-5.73E-04,-4.58E-04,-3.87E-04,-1.98E-04,-2.05E-04,-1.68E-04,-1.80E-04,-4.76E-04,-4.15E-04,-5.02E-04,-5.36E-04,-4.10E-04,-3.98E-04,-5.65E-04,-6.28E-04,-6.53E-04,-1.25E-04
3319,-7.28E-04,-2.62E-04,-2.86E-04,-5.70E-04,-4.51E-04,-3.86E-04,-1.90E-04,-1.96E-04,-1.61E-04,-1.74E-04,-4.72E-04,-4.11E-04,-4.98E-04,-5.33E-04,-4.03E-04,-3.93E-04,-5.60E-04,-6.27E-04,-6.44E-04,-1.15E-04
3320,-7.19E-04,-2.55E-04,-2.75E-04,-5.65E-04,-4.44E-04,-3.84E-04,-1.82E-04,-1.86E-04,-1.53E-04,-1.67E-04,-4.67E-04,-4.06E-04,-4.93E-04,-5.30E-04,-3.97E-04,-3.88E-04,-5.55E-04,-6.25E-04,-6.34E-04,-1.06E-04
3321,-7.08E-04,-2.48E-04,-2.64E-04,-5.59E-04,-4.36E-04,-3.80E-04,-1.72E-04,-1.75E-04,-1.45E-04,-1.59E-04,-4.61E-04,-4.00E-04,-4.87E-04,-5.26E-04,-3.91E-04,-3.83E-04,-5.50E-04,-6.22E-04,-6.23E-04,-9.64E-05
3322,-6.96E-04,-2.39E-04,-2.50E-04,-5.52E-04,-4.27E-04,-3.76E-04,-1.62E-04,-1.63E-04,-1.35E-04,-1.51E-04,-4.55E-04,-3.94E-04,-4.81E-04,-5.21E-04,-3.85E-04,-3.78E-04,-5.43E-04,-6.19E-04,-6.11E-04,-8.71E-05
3323,-6.82E-04,-2.30E-04,-2.36E-04,-5.44E-04,-4.18E-04,-3.71E-04,-1.51E-04,-1.52E-04,-1.26E-04,-1.42E-04,-4.49E-04,-3.87E-04,-4.74E-04,-5.17E-04,-3.79E-04,-3.73E-04,-5.35E-04,-6.14E-04,-5.99E-04,-7.78E-05
3324,-6.67E-04,-2.21E-04,-2.22E-04,-5.36E-04,-4.08E-04,-3.66E-04,-1.40E-04,-1.40E-04,-1.17E-04,-1.32E-04,-4.42E-04,-3.80E-04,-4.66E-04,-5.13E-04,-3.74E-04,-3.68E-04,-5.28E-04,-6.09E-04,-5.87E-04,-6.88E-05
3325,-6.52E-04,-2.11E-04,-2.07E-04,-5.27E-04,-3.98E-04,-3.60E-04,-1.30E-04,-1.29E-04,-1.08E-04,-1.23E-04,-4.36E-04,-3.72E-04,-4.59E-04,-5.08E-04,-3.69E-04,-3.64E-04,-5.19E-04,-6.03E-04,-5.74E-04,-6.00E-05
3326,-6.37E-04,-2.02E-04,-1.93E-04,-5.18E-04,-3.88E-04,-3.53E-04,-1.19E-04,-1.18E-04,-9.87E-05,-1.13E-04,-4.30E-04,-3.65E-04,-4.52E-04,-5.04E-04,-3.65E-04,-3.59E-04,-5.11E-04,-5.97E-04,-5.62E-04,-5.16E-05
3327,-6.23E-04,-1.93E-04,-1.79E-04,-5.09E-04,-3.79E-04,-3.46E-04,-1.08E-04,-1.07E-04,-9.01E-05,-1.03E-04,-4.24E-04,-3.57E-04,-4.45E-04,-5.01E-04,-3.62E-04,-3.55E-04,-5.02E-04,-5.90E-04,-5.51E-04,-4.37E-05
3328,-6.09E-04,-1.84E-04,-1.65E-04,-5.00E-04,-3.69E-04,-3.39E-04,-9.85E-05,-9.76E-05,-8.20E-05,-9.40E-05,-4.18E-04,-3.50E-04,-4.39E-04,-4.97E-04,-3.59E-04,-3.51E-04,-4.93E-04,-5.84E-04,-5.39E-04,-3.62E-05
3329,-5.97E-04,-1.77E-04,-1.53E-04,-4.91E-04,-3.61E-04,-3.32E-04,-8.91E-05,-8.85E-05,-7.43E-05,-8.47E-05,-4.14E-04,-3.44E-04,-4.33E-04,-4.94E-04,-3.56E-04,-3.48E-04,-4.84E-04,-5.77E-04,-5.28E-04,-2.93E-05
3330,-5.85E-04,-1.70E-04,-1.41E-04,-4.82E-04,-3.52E-04,-3.25E-04,-8.05E-05,-8.01E-05,-6.70E-05,-7.57E-05,-4.09E-04,-3.37E-04,-4.28E-04,-4.92E-04,-3.54E-04,-3.44E-04,-4.76E-04,-5.70E-04,-5.18E-04,-2.30E-05
3331,-5.76E-04,-1.64E-04,-1.30E-04,-4.74E-04,-3.44E-04,-3.19E-04,-7.25E-05,-7.24E-05,-6.01E-05,-6.69E-05,-4.05E-04,-3.31E-04,-4.23E-04,-4.89E-04,-3.53E-04,-3.41E-04,-4.67E-04,-5.64E-04,-5.09E-04,-1.71E-05
3332,-5.67E-04,-1.60E-04,-1.21E-04,-4.66E-04,-3.37E-04,-3.12E-04,-6.51E-05,-6.51E-05,-5.35E-05,-5.84E-05,-4.02E-04,-3.26E-04,-4.19E-04,-4.87E-04,-3.52E-04,-3.38E-04,-4.59E-04,-5.58E-04,-5.00E-04,-1.18E-05
3333,-5.60E-04,-1.56E-04,-1.12E-04,-4.59E-04,-3.30E-04,-3.05E-04,-5.83E-05,-5.82E-05,-4.70E-05,-5.01E-05,-3.99E-04,-3.21E-04,-4.16E-04,-4.85E-04,-3.51E-04,-3.35E-04,-4.51E-04,-5.52E-04,-4.91E-04,-6.93E-06
3334,-5.54E-04,-1.53E-04,-1.05E-04,-4.52E-04,-3.24E-04,-2.98E-04,-5.20E-05,-5.14E-05,-4.04E-05,-4.20E-05,-3.96E-04,-3.16E-04,-4.12E-04,-4.83E-04,-3.50E-04,-3.32E-04,-4.43E-04,-5.46E-04,-4.83E-04,-2.52E-06
3335,-5.50E-04,-1.51E-04,-9.78E-05,-4.45E-04,-3.18E-04,-2.91E-04,-4.61E-05,-4.46E-05,-3.38E-05,-3.41E-05,-3.93E-04,-3.12E-04,-4.09E-04,-4.81E-04,-3.50E-04,-3.30E-04,-4.35E-04,-5.40E-04,-4.76E-04,1.46E-06
3336,-5.46E-04,-1.49E-04,-9.12E-05,-4.39E-04,-3.12E-04,-2.84E-04,-4.04E-05,-3.76E-05,-2.69E-05,-2.64E-05,-3.90E-04,-3.08E-04,-4.06E-04,-4.80E-04,-3.50E-04,-3.28E-04,-4.27E-04,-5.34E-04,-4.70E-04,5.06E-06
3337,-5.42E-04,-1.47E-04,-8.48E-05,-4.34E-04,-3.07E-04,-2.77E-04,-3.49E-05,-3.03E-05,-1.97E-05,-1.89E-05,-3.88E-04,-3.05E-04,-4.03E-04,-4.78E-04,-3.49E-04,-3.26E-04,-4.19E-04,-5.29E-04,-4.63E-04,8.27E-06
3338,-5.38E-04,-1.46E-04,-7.85E-05,-4.29E-04,-3.02E-04,-2.70E-04,-2.94E-05,-2.25E-05,-1.22E-05,-1.16E-05,-3.85E-04,-3.01E-04,-4.00E-04,-4.76E-04,-3.49E-04,-3.24E-04,-4.11E-04,-5.23E-04,-4.58E-04,1.11E-05
3339,-5.35E-04,-1.44E-04,-7.21E-05,-4.24E-04,-2.96E-04,-2.63E-04,-2.40E-05,-1.43E-05,-4.40E-06,-4.78E-06,-3.83E-04,-2.98E-04,-3.96E-04,-4.74E-04,-3.49E-04,-3.23E-04,-4.04E-04,-5.17E-04,-4.52E-04,1.35E-05
3340,-5.31E-04,-1.41E-04,-6.55E-05,-4.20E-04,-2.91E-04,-2.56E-04,-1.85E-05,-5.55E-06,3.59E-06,1.61E-06,-3.80E-04,-2.95E-04,-3.93E-04,-4.72E-04,-3.50E-04,-3.23E-04,-3.96E-04,-5.12E-04,-4.48E-04,1.54E-05
3341,-5.26E-04,-1.39E-04,-5.87E-05,-4.16E-04,-2.87E-04,-2.49E-04,-1.32E-05,3.51E-06,1.16E-05,7.40E-06,-3.78E-04,-2.93E-04,-3.89E-04,-4.70E-04,-3.50E-04,-3.24E-04,-3.89E-04,-5.07E-04,-4.44E-04,1.68E-05
3342,-5.21E-04,-1.35E-04,-5.17E-05,-4.12E-04,-2.82E-04,-2.43E-04,-7.90E-06,1.27E-05,1.96E-05,1.24E-05,-3.76E-04,-2.91E-04,-3.85E-04,-4.68E-04,-3.52E-04,-3.25E-04,-3.83E-04,-5.02E-04,-4.41E-04,1.75E-05
3343,-5.15E-04,-1.32E-04,-4.47E-05,-4.09E-04,-2.78E-04,-2.37E-04,-2.92E-06,2.19E-05,2.72E-05,1.65E-05,-3.74E-04,-2.90E-04,-3.81E-04,-4.67E-04,-3.54E-04,-3.27E-04,-3.77E-04,-4.98E-04,-4.38E-04,1.76E-05
3344,-5.09E-04,-1.28E-04,-3.78E-05,-4.06E-04,-2.75E-04,-2.32E-04,1.63E-06,3.08E-05,3.42E-05,1.94E-05,-3.72E-04,-2.89E-04,-3.77E-04,-4.66E-04,-3.56E-04,-3.31E-04,-3.71E-04,-4.95E-04,-4.37E-04,1.68E-05
3345,-5.02E-04,-1.24E-04,-3.14E-05,-4.04E-04,-2.72E-04,-2.27E-04,5.55E-06,3.91E-05,4.04E-05,2.10E-05,-3.72E-04,-2.89E-04,-3.74E-04,-4.65E-04,-3.60E-04,-3.35E-04,-3.67E-04,-4.92E-04,-4.37E-04,1.52E-05
3346,-4.96E-04,-1.20E-04,-2.56E-05,-4.03E-04,-2.71E-04,-2.24E-04,8.63E-06,4.64E-05,4.55E-05,2.12E-05,-3.72E-04,-2.90E-04,-3.71E-04,-4.66E-04,-3.65E-04,-3.41E-04,-3.63E-04,-4.90E-04,-4.38E-04,1.27E-05
3347,-4.90E-04,-1.17E-04,-2.08E-05,-4.02E-04,-2.70E-04,-2.22E-04,1.07E-05,5.24E-05,4.93E-05,1.99E-05,-3.73E-04,-2.92E-04,-3.70E-04,-4.67E-04,-3.71E-04,-3.48E-04,-3.61E-04,-4.89E-04,-4.41E-04,9.24E-06
3348,-4.85E-04,-1.14E-04,-1.74E-05,-4.03E-04,-2.71E-04,-2.22E-04,1.15E-05,5.69E-05,5.17E-05,1.70E-05,-3.74E-04,-2.95E-04,-3.69E-04,-4.69E-04,-3.79E-04,-3.56E-04,-3.60E-04,-4.90E-04,-4.45E-04,4.87E-06
3349,-4.81E-04,-1.12E-04,-1.57E-05,-4.04E-04,-2.73E-04,-2.23E-04,1.09E-05,5.96E-05,5.25E-05,1.25E-05,-3.77E-04,-2.99E-04,-3.69E-04,-4.72E-04,-3.87E-04,-3.65E-04,-3.60E-04,-4.92E-04,-4.51E-04,-3.79E-07
3350,-4.79E-04,-1.11E-04,-1.58E-05,-4.06E-04,-2.77E-04,-2.25E-04,8.81E-06,6.04E-05,5.17E-05,6.47E-06,-3.82E-04,-3.04E-04,-3.71E-04,-4.76E-04,-3.97E-04,-3.76E-04,-3.62E-04,-4.95E-04,-4.58E-04,-6.39E-06
3351,-4.79E-04,-1.12E-04,-1.80E-05,-4.09E-04,-2.82E-04,-2.28E-04,5.16E-06,5.92E-05,4.92E-05,-9.47E-07,-3.87E-04,-3.11E-04,-3.74E-04,-4.81E-04,-4.08E-04,-3.87E-04,-3.65E-04,-5.00E-04,-4.67E-04,-1.30E-05
3352,-4.81E-04,-1.14E-04,-2.23E-05,-4.13E-04,-2.89E-04,-2.33E-04,-4.73E-08,5.59E-05,4.53E-05,-9.56E-06,-3.94E-04,-3.18E-04,-3.78E-04,-4.87E-04,-4.19E-04,-3.98E-04,-3.70E-04,-5.06E-04,-4.77E-04,-2.01E-05
3353,-4.84E-04,-1.18E-04,-2.88E-05,-4.18E-04,-2.97E-04,-2.38E-04,-6.72E-06,5.08E-05,3.99E-05,-1.91E-05,-4.01E-04,-3.27E-04,-3.84E-04,-4.94E-04,-4.31E-04,-4.09E-04,-3.75E-04,-5.13E-04,-4.88E-04,-2.73E-05
3354,-4.91E-04,-1.23E-04,-3.72E-05,-4.24E-04,-3.06E-04,-2.44E-04,-1.47E-05,4.39E-05,3.35E-05,-2.94E-05,-4.10E-04,-3.37E-04,-3.91E-04,-5.01E-04,-4.43E-04,-4.21E-04,-3.82E-04,-5.21E-04,-5.00E-04,-3.46E-05
3355,-4.99E-04,-1.30E-04,-4.76E-05,-4.31E-04,-3.15E-04,-2.50E-04,-2.39E-05,3.56E-05,2.62E-05,-3.99E-05,-4.19E-04,-3.47E-04,-3.99E-04,-5.09E-04,-4.55E-04,-4.32E-04,-3.89E-04,-5.30E-04,-5.12E-04,-4.15E-05
3356,-5.09E-04,-1.39E-04,-5.94E-05,-4.38E-04,-3.25E-04,-2.57E-04,-3.39E-05,2.63E-05,1.83E-05,-5.05E-05,-4.29E-04,-3.57E-04,-4.08E-04,-5.17E-04,-4.67E-04,-4.43E-04,-3.97E-04,-5.39E-04,-5.25E-04,-4.78E-05
3357,-5.21E-04,-1.48E-04,-7.23E-05,-4.45E-04,-3.36E-04,-2.63E-04,-4.44E-05,1.62E-05,1.03E-05,-6.07E-05,-4.39E-04,-3.68E-04,-4.18E-04,-5.25E-04,-4.79E-04,-4.52E-04,-4.05E-04,-5.49E-04,-5.38E-04,-5.33E-05
3358,-5.34E-04,-1.59E-04,-8.60E-05,-4.53E-04,-3.46E-04,-2.68E-04,-5.52E-05,5.87E-06,2.31E-06,-7.02E-05,-4.49E-04,-3.79E-04,-4.28E-04,-5.33E-04,-4.89E-04,-4.60E-04,-4.13E-04,-5.59E-04,-5.50E-04,-5.77E-05
3359,-5.47E-04,-1.71E-04,-9.99E-05,-4.60E-04,-3.56E-04,-2.72E-04,-6.59E-05,-4.29E-06,-5.20E-06,-7.86E-05,-4.59E-04,-3.89E-04,-4.39E-04,-5.40E-04,-4.99E-04,-4.67E-04,-4.21E-04,-5.68E-04,-5.62E-04,-6.08E-05
3360,-5.61E-04,-1.82E-04,-1.14E-04,-4.67E-04,-3.65E-04,-2.76E-04,-7.61E-05,-1.39E-05,-1.20E-05,-8.57E-05,-4.69E-04,-3.99E-04,-4.49E-04,-5.47E-04,-5.07E-04,-4.72E-04,-4.28E-04,-5.78E-04,-5.72E-04,-6.24E-05
3361,-5.75E-04,-1.94E-04,-1.26E-04,-4.73E-04,-3.73E-04,-2.77E-04,-8.55E-05,-2.24E-05,-1.77E-05,-9.13E-05,-4.78E-04,-4.09E-04,-4.59E-04,-5.52E-04,-5.13E-04,-4.75E-04,-4.35E-04,-5.86E-04,-5.82E-04,-6.25E-05
3362,-5.88E-04,-2.05E-04,-1.38E-04,-4.79E-04,-3.79E-04,-2.78E-04,-9.39E-05,-2.96E-05,-2.23E-05,-9.53E-05,-4.87E-04,-4.17E-04,-4.68E-04,-5.57E-04,-5.19E-04,-4.77E-04,-4.41E-04,-5.94E-04,-5.89E-04,-6.08E-05
3363,-5.99E-04,-2.16E-04,-1.48E-04,-4.84E-04,-3.84E-04,-2.76E-04,-1.01E-04,-3.53E-05,-2.55E-05,-9.74E-05,-4.94E-04,-4.25E-04,-4.76E-04,-5.61E-04,-5.22E-04,-4.76E-04,-4.46E-04,-6.01E-04,-5.95E-04,-5.74E-05
3364,-6.09E-04,-2.25E-04,-1.57E-04,-4.88E-04,-3.88E-04,-2.73E-04,-1.07E-04,-3.90E-05,-2.74E-05,-9.76E-05,-5.01E-04,-4.31E-04,-4.84E-04,-5.64E-04,-5.24E-04,-4.74E-04,-4.50E-04,-6.07E-04,-5.99E-04,-5.23E-05
3365,-6.17E-04,-2.33E-04,-1.63E-04,-4.91E-04,-3.90E-04,-2.68E-04,-1.11E-04,-4.08E-05,-2.78E-05,-9.61E-05,-5.07E-04,-4.37E-04,-4.90E-04,-5.65E-04,-5.25E-04,-4.70E-04,-4.53E-04,-6.11E-04,-6.01E-04,-4.55E-05
3366,-6.23E-04,-2.40E-04,-1.67E-04,-4.92E-04,-3.91E-04,-2.62E-04,-1.13E-04,-4.06E-05,-2.67E-05,-9.28E-05,-5.12E-04,-4.41E-04,-4.95E-04,-5.66E-04,-5.24E-04,-4.64E-04,-4.54E-04,-6.15E-04,-6.02E-04,-3.73E-05
3367,-6.27E-04,-2.45E-04,-1.69E-04,-4.93E-04,-3.89E-04,-2.55E-04,-1.14E-04,-3.85E-05,-2.44E-05,-8.80E-05,-5.15E-04,-4.43E-04,-4.99E-04,-5.66E-04,-5.22E-04,-4.57E-04,-4.55E-04,-6.17E-04,-6.01E-04,-2.77E-05
3368,-6.28E-04,-2.48E-04,-1.68E-04,-4.92E-04,-3.87E-04,-2.46E-04,-1.13E-04,-3.44E-05,-2.08E-05,-8.16E-05,-5.18E-04,-4.45E-04,-5.02E-04,-5.64E-04,-5.19E-04,-4.49E-04,-4.55E-04,-6.18E-04,-5.98E-04,-1.69E-05
3369,-6.27E-04,-2.49E-04,-1.66E-04,-4.91E-04,-3.83E-04,-2.36E-04,-1.10E-04,-2.86E-05,-1.62E-05,-7.41E-05,-5.20E-04,-4.45E-04,-5.03E-04,-5.62E-04,-5.15E-04,-4.39E-04,-4.53E-04,-6.18E-04,-5.93E-04,-5.14E-06
3370,-6.24E-04,-2.49E-04,-1.61E-04,-4.88E-04,-3.77E-04,-2.26E-04,-1.06E-04,-2.13E-05,-1.07E-05,-6.55E-05,-5.20E-04,-4.44E-04,-5.03E-04,-5.59E-04,-5.10E-04,-4.29E-04,-4.51E-04,-6.16E-04,-5.87E-04,7.46E-06
3371,-6.19E-04,-2.47E-04,-1.55E-04,-4.84E-04,-3.71E-04,-2.15E-04,-1.00E-04,-1.27E-05,-4.39E-06,-5.61E-05,-5.20E-04,-4.42E-04,-5.02E-04,-5.56E-04,-5.05E-04,-4.18E-04,-4.47E-04,-6.14E-04,-5.80E-04,2.07E-05
3372,-6.13E-04,-2.43E-04,-1.48E-04,-4.80E-04,-3.64E-04,-2.03E-04,-9.39E-05,-3.16E-06,2.48E-06,-4.60E-05,-5.18E-04,-4.39E-04,-5.01E-04,-5.51E-04,-4.99E-04,-4.07E-04,-4.43E-04,-6.12E-04,-5.71E-04,3.43E-05
3373,-6.05E-04,-2.37E-04,-1.40E-04,-4.74E-04,-3.56E-04,-1.92E-04,-8.65E-05,7.18E-06,9.78E-06,-3.54E-05,-5.16E-04,-4.35E-04,-4.98E-04,-5.47E-04,-4.92E-04,-3.96E-04,-4.38E-04,-6.08E-04,-5.62E-04,4.82E-05
3374,-5.96E-04,-2.31E-04,-1.30E-04,-4.69E-04,-3.47E-04,-1.80E-04,-7.83E-05,1.80E-05,1.74E-05,-2.46E-05,-5.12E-04,-4.30E-04,-4.95E-04,-5.42E-04,-4.84E-04,-3.84E-04,-4.33E-04,-6.04E-04,-5.51E-04,6.23E-05
3375,-5.87E-04,-2.23E-04,-1.20E-04,-4.62E-04,-3.38E-04,-1.68E-04,-6.96E-05,2.90E-05,2.52E-05,-1.36E-05,-5.08E-04,-4.24E-04,-4.90E-04,-5.36E-04,-4.76E-04,-3.72E-04,-4.27E-04,-5.99E-04,-5.40E-04,7.63E-05
3376,-5.76E-04,-2.14E-04,-1.10E-04,-4.56E-04,-3.28E-04,-1.57E-04,-6.04E-05,4.01E-05,3.31E-05,-2.48E-06,-5.03E-04,-4.17E-04,-4.86E-04,-5.31E-04,-4.68E-04,-3.60E-04,-4.20E-04,-5.94E-04,-5.28E-04,9.02E-05
3377,-5.66E-04,-2.04E-04,-9.99E-05,-4.49E-04,-3.19E-04,-1.46E-04,-5.10E-05,5.10E-05,4.11E-05,8.61E-06,-4.96E-04,-4.09E-04,-4.81E-04,-5.25E-04,-4.59E-04,-3.49E-04,-4.13E-04,-5.88E-04,-5.16E-04,1.04E-04
3378,-5.54E-04,-1.94E-04,-8.96E-05,-4.42E-04,-3.09E-04,-1.35E-04,-4.15E-05,6.15E-05,4.91E-05,1.96E-05,-4.89E-04,-4.01E-04,-4.75E-04,-5.18E-04,-4.49E-04,-3.37E-04,-4.05E-04,-5.81E-04,-5.03E-04,1.17E-04
3379,-5.43E-04,-1.83E-04,-7.94E-05,-4.34E-04,-2.99E-04,-1.24E-04,-3.20E-05,7.16E-05,5.71E-05,3.05E-05,-4.81E-04,-3.92E-04,-4.69E-04,-5.11E-04,-4.39E-04,-3.24E-04,-3.97E-04,-5.75E-04,-4.90E-04,1.30E-04
3380,-5.31E-04,-1.72E-04,-6.95E-05,-4.27E-04,-2.88E-04,-1.13E-04,-2.27E-05,8.11E-05,6.49E-05,4.12E-05,-4.72E-04,-3.82E-04,-4.63E-04,-5.04E-04,-4.29E-04,-3.12E-04,-3.88E-04,-5.68E-04,-4.76E-04,1.42E-04
3381,-5.19E-04,-1.60E-04,-5.98E-05,-4.19E-04,-2.78E-04,-1.03E-04,-1.37E-05,8.98E-05,7.27E-05,5.17E-05,-4.63E-04,-3.73E-04,-4.56E-04,-4.97E-04,-4.17E-04,-3.00E-04,-3.79E-04,-5.61E-04,-4.61E-04,1.54E-04
3382,-5.07E-04,-1.49E-04,-5.04E-05,-4.11E-04,-2.68E-04,-9.31E-05,-4.97E-06,9.79E-05,8.02E-05,6.19E-05,-4.52E-04,-3.62E-04,-4.49E-04,-4.89E-04,-4.06E-04,-2.87E-04,-3.70E-04,-5.54E-04,-4.46E-04,1.65E-04
3383,-4.94E-04,-1.38E-04,-4.14E-05,-4.04E-04,-2.58E-04,-8.34E-05,3.26E-06,1.05E-04,8.76E-05,7.17E-05,-4.42E-04,-3.52E-04,-4.42E-04,-4.81E-04,-3.94E-04,-2.75E-04,-3.61E-04,-5.46E-04,-4.31E-04,1.75E-04
3384,-4.82E-04,-1.27E-04,-3.26E-05,-3.96E-04,-2.48E-04,-7.41E-05,1.09E-05,1.12E-04,9.46E-05,8.11E-05,-4.31E-04,-3.42E-04,-4.35E-04,-4.73E-04,-3.82E-04,-2.62E-04,-3.52E-04,-5.39E-04,-4.16E-04,1.84E-04
3385,-4.68E-04,-1.16E-04,-2.42E-05,-3.88E-04,-2.39E-04,-6.52E-05,1.80E-05,1.17E-04,1.01E-04,8.98E-05,-4.20E-04,-3.32E-04,-4.28E-04,-4.65E-04,-3.70E-04,-2.49E-04,-3.43E-04,-5.32E-04,-4.00E-04,1.92E-04
3386,-4.55E-04,-1.06E-04,-1.62E-05,-3.81E-04,-2.30E-04,-5.70E-05,2.43E-05,1.22E-04,1.07E-04,9.79E-05,-4.08E-04,-3.22E-04,-4.21E-04,-4.56E-04,-3.58E-04,-2.36E-04,-3.34E-04,-5.25E-04,-3.84E-04,1.99E-04
3387,-4.41E-04,-9.66E-05,-8.63E-06,-3.73E-04,-2.21E-04,-4.95E-05,2.98E-05,1.26E-04,1.13E-04,1.05E-04,-3.97E-04,-3.13E-04,-4.14E-04,-4.48E-04,-3.46E-04,-2.24E-04,-3.26E-04,-5.18E-04,-3.69E-04,2.05E-04
3388,-4.27E-04,-8.79E-05,-1.55E-06,-3.66E-04,-2.13E-04,-4.28E-05,3.45E-05,1.28E-04,1.18E-04,1.11E-04,-3.86E-04,-3.05E-04,-4.07E-04,-4.40E-04,-3.35E-04,-2.12E-04,-3.18E-04,-5.12E-04,-3.54E-04,2.10E-04
3389,-4.13E-04,-8.00E-05,4.95E-06,-3.60E-04,-2.06E-04,-3.71E-05,3.82E-05,1.30E-04,1.22E-04,1.16E-04,-3.76E-04,-2.97E-04,-4.00E-04,-4.32E-04,-3.25E-04,-2.00E-04,-3.11E-04,-5.06E-04,-3.39E-04,2.13E-04
3390,-4.00E-04,-7.28E-05,1.08E-05,-3.54E-04,-1.99E-04,-3.26E-05,4.10E-05,1.31E-04,1.25E-04,1.20E-04,-3.66E-04,-2.90E-04,-3.94E-04,-4.24E-04,-3.15E-04,-1.89E-04,-3.05E-04,-5.00E-04,-3.25E-04,2.14E-04
3391,-3.87E-04,-6.65E-05,1.58E-05,-3.48E-04,-1.94E-04,-2.92E-05,4.29E-05,1.31E-04,1.27E-04,1.22E-04,-3.57E-04,-2.84E-04,-3.88E-04,-4.16E-04,-3.06E-04,-1.78E-04,-2.99E-04,-4.96E-04,-3.12E-04,2.14E-04
3392,-3.74E-04,-6.10E-05,2.01E-05,-3.43E-04,-1.89E-04,-2.71E-05,4.39E-05,1.30E-04,1.28E-04,1.23E-04,-3.48E-04,-2.79E-04,-3.82E-04,-4.09E-04,-2.99E-04,-1.69E-04,-2.95E-04,-4.91E-04,-3.00E-04,2.12E-04
3393,-3.63E-04,-5.63E-05,2.33E-05,-3.39E-04,-1.85E-04,-2.63E-05,4.39E-05,1.29E-04,1.28E-04,1.23E-04,-3.39E-04,-2.74E-04,-3.77E-04,-4.03E-04,-2.92E-04,-1.61E-04,-2.91E-04,-4.88E-04,-2.89E-04,2.09E-04
3394,-3.53E-04,-5.23E-05,2.56E-05,-3.36E-04,-1.83E-04,-2.67E-05,4.32E-05,1.26E-04,1.27E-04,1.20E-04,-3.31E-04,-2.70E-04,-3.72E-04,-3.96E-04,-2.87E-04,-1.53E-04,-2.87E-04,-4.84E-04,-2.79E-04,2.05E-04
3395,-3.44E-04,-4.89E-05,2.69E-05,-3.33E-04,-1.81E-04,-2.84E-05,4.18E-05,1.23E-04,1.26E-04,1.17E-04,-3.24E-04,-2.67E-04,-3.67E-04,-3.91E-04,-2.83E-04,-1.47E-04,-2.84E-04,-4.82E-04,-2.70E-04,1.99E-04
3396,-3.37E-04,-4.60E-05,2.71E-05,-3.31E-04,-1.80E-04,-3.12E-05,3.98E-05,1.19E-04,1.23E-04,1.12E-04,-3.17E-04,-2.65E-04,-3.63E-04,-3.85E-04,-2.79E-04,-1.42E-04,-2.82E-04,-4.79E-04,-2.63E-04,1.93E-04
3397,-3.31E-04,-4.36E-05,2.63E-05,-3.30E-04,-1.79E-04,-3.50E-05,3.73E-05,1.15E-04,1.20E-04,1.06E-04,-3.10E-04,-2.62E-04,-3.58E-04,-3.80E-04,-2.77E-04,-1.38E-04,-2.80E-04,-4.77E-04,-2.57E-04,1.85E-04
3398,-3.27E-04,-4.15E-05,2.46E-05,-3.29E-04,-1.79E-04,-3.96E-05,3.46E-05,1.11E-04,1.16E-04,9.86E-05,-3.03E-04,-2.60E-04,-3.54E-04,-3.75E-04,-2.75E-04,-1.35E-04,-2.78E-04,-4.75E-04,-2.52E-04,1.77E-04
3399,-3.24E-04,-3.95E-05,2.21E-05,-3.29E-04,-1.80E-04,-4.48E-05,3.17E-05,1.07E-04,1.12E-04,9.09E-05,-2.96E-04,-2.58E-04,-3.49E-04,-3.70E-04,-2.73E-04,-1.32E-04,-2.76E-04,-4.72E-04,-2.47E-04,1.69E-04
3400,-3.23E-04,-3.77E-05,1.89E-05,-3.29E-04,-1.80E-04,-5.04E-05,2.89E-05,1.03E-04,1.08E-04,8.27E-05,-2.89E-04,-2.56E-04,-3.45E-04,-3.65E-04,-2.71E-04,-1.31E-04,-2.73E-04,-4.70E-04,-2.43E-04,1.61E-04
3401,-3.22E-04,-3.58E-05,1.52E-05,-3.30E-04,-1.81E-04,-5.61E-05,2.63E-05,9.94E-05,1.04E-04,7.45E-05,-2.82E-04,-2.53E-04,-3.40E-04,-3.60E-04,-2.70E-04,-1.29E-04,-2.70E-04,-4.67E-04,-2.40E-04,1.52E-04
3402,-3.23E-04,-3.39E-05,1.12E-05,-3.30E-04,-1.82E-04,-6.19E-05,2.40E-05,9.62E-05,1.01E-04,6.64E-05,-2.74E-04,-2.50E-04,-3.35E-04,-3.54E-04,-2.68E-04,-1.29E-04,-2.67E-04,-4.64E-04,-2.37E-04,1.45E-04
3403,-3.23E-04,-3.18E-05,7.02E-06,-3.31E-04,-1.82E-04,-6.76E-05,2.21E-05,9.36E-05,9.76E-05,5.88E-05,-2.65E-04,-2.46E-04,-3.29E-04,-3.48E-04,-2.66E-04,-1.28E-04,-2.62E-04,-4.60E-04,-2.33E-04,1.37E-04
3404,-3.24E-04,-2.95E-05,2.88E-06,-3.32E-04,-1.82E-04,-7.28E-05,2.08E-05,9.17E-05,9.51E-05,5.19E-05,-2.57E-04,-2.42E-04,-3.23E-04,-3.42E-04,-2.63E-04,-1.27E-04,-2.57E-04,-4.55E-04,-2.30E-04,1.31E-04
3405,-3.25E-04,-2.71E-05,-1.07E-06,-3.32E-04,-1.81E-04,-7.77E-05,2.00E-05,9.06E-05,9.33E-05,4.59E-05,-2.47E-04,-2.37E-04,-3.17E-04,-3.35E-04,-2.59E-04,-1.26E-04,-2.51E-04,-4.49E-04,-2.26E-04,1.25E-04
3406,-3.26E-04,-2.46E-05,-4.67E-06,-3.32E-04,-1.80E-04,-8.20E-05,1.97E-05,9.02E-05,9.22E-05,4.10E-05,-2.38E-04,-2.32E-04,-3.10E-04,-3.27E-04,-2.55E-04,-1.24E-04,-2.44E-04,-4.43E-04,-2.21E-04,1.21E-04
3407,-3.25E-04,-2.21E-05,-7.83E-06,-3.32E-04,-1.79E-04,-8.58E-05,1.99E-05,9.06E-05,9.18E-05,3.71E-05,-2.28E-04,-2.26E-04,-3.02E-04,-3.19E-04,-2.51E-04,-1.22E-04,-2.36E-04,-4.36E-04,-2.16E-04,1.17E-04
3408,-3.24E-04,-1.95E-05,-1.05E-05,-3.30E-04,-1.77E-04,-8.91E-05,2.07E-05,9.16E-05,9.20E-05,3.44E-05,-2.17E-04,-2.20E-04,-2.94E-04,-3.11E-04,-2.46E-04,-1.19E-04,-2.27E-04,-4.29E-04,-2.10E-04,1.15E-04
3409,-3.22E-04,-1.71E-05,-1.25E-05,-3.29E-04,-1.74E-04,-9.18E-05,2.18E-05,9.32E-05,9.29E-05,3.28E-05,-2.07E-04,-2.13E-04,-2.86E-04,-3.02E-04,-2.40E-04,-1.16E-04,-2.18E-04,-4.20E-04,-2.03E-04,1.14E-04
3410,-3.18E-04,-1.49E-05,-1.39E-05,-3.26E-04,-1.72E-04,-9.41E-05,2.31E-05,9.53E-05,9.41E-05,3.23E-05,-1.97E-04,-2.06E-04,-2.78E-04,-2.93E-04,-2.34E-04,-1.13E-04,-2.09E-04,-4.12E-04,-1.95E-04,1.13E-04
3411,-3.13E-04,-1.30E-05,-1.48E-05,-3.23E-04,-1.69E-04,-9.60E-05,2.47E-05,9.76E-05,9.57E-05,3.26E-05,-1.87E-04,-1.99E-04,-2.69E-04,-2.84E-04,-2.28E-04,-1.09E-04,-1.99E-04,-4.03E-04,-1.87E-04,1.14E-04
3412,-3.08E-04,-1.14E-05,-1.50E-05,-3.20E-04,-1.66E-04,-9.75E-05,2.63E-05,1.00E-04,9.74E-05,3.37E-05,-1.76E-04,-1.92E-04,-2.61E-04,-2.74E-04,-2.22E-04,-1.04E-04,-1.90E-04,-3.93E-04,-1.78E-04,1.15E-04
3413,-3.01E-04,-1.03E-05,-1.48E-05,-3.15E-04,-1.63E-04,-9.88E-05,2.78E-05,1.03E-04,9.92E-05,3.54E-05,-1.67E-04,-1.86E-04,-2.52E-04,-2.65E-04,-2.16E-04,-9.89E-05,-1.80E-04,-3.84E-04,-1.69E-04,1.16E-04
3414,-2.93E-04,-9.64E-06,-1.41E-05,-3.11E-04,-1.60E-04,-9.99E-05,2.93E-05,1.05E-04,1.01E-04,3.74E-05,-1.57E-04,-1.79E-04,-2.44E-04,-2.56E-04,-2.11E-04,-9.36E-05,-1.71E-04,-3.74E-04,-1.60E-04,1.19E-04
3415,-2.85E-04,-9.43E-06,-1.30E-05,-3.05E-04,-1.57E-04,-1.01E-04,3.05E-05,1.08E-04,1.02E-04,3.97E-05,-1.48E-04,-1.73E-04,-2.35E-04,-2.47E-04,-2.06E-04,-8.81E-05,-1.63E-04,-3.64E-04,-1.51E-04,1.21E-04
3416,-2.77E-04,-9.63E-06,-1.16E-05,-2.99E-04,-1.54E-04,-1.01E-04,3.16E-05,1.10E-04,1.04E-04,4.21E-05,-1.40E-04,-1.68E-04,-2.27E-04,-2.38E-04,-2.01E-04,-8.25E-05,-1.54E-04,-3.55E-04,-1.42E-04,1.24E-04
3417,-2.68E-04,-1.02E-05,-9.85E-06,-2.93E-04,-1.52E-04,-1.02E-04,3.25E-05,1.11E-04,1.04E-04,4.45E-05,-1.32E-04,-1.62E-04,-2.18E-04,-2.30E-04,-1.97E-04,-7.67E-05,-1.46E-04,-3.46E-04,-1.33E-04,1.27E-04
3418,-2.59E-04,-1.10E-05,-7.81E-06,-2.86E-04,-1.49E-04,-1.02E-04,3.32E-05,1.13E-04,1.05E-04,4.69E-05,-1.24E-04,-1.57E-04,-2.10E-04,-2.21E-04,-1.93E-04,-7.08E-05,-1.39E-04,-3.36E-04,-1.24E-04,1.31E-04
3419,-2.51E-04,-1.21E-05,-5.50E-06,-2.79E-04,-1.46E-04,-1.02E-04,3.38E-05,1.14E-04,1.06E-04,4.92E-05,-1.16E-04,-1.52E-04,-2.02E-04,-2.13E-04,-1.90E-04,-6.49E-05,-1.31E-04,-3.27E-04,-1.16E-04,1.34E-04
3420,-2.43E-04,-1.32E-05,-2.89E-06,-2.71E-04,-1.44E-04,-1.01E-04,3.44E-05,1.15E-04,1.06E-04,5.14E-05,-1.09E-04,-1.47E-04,-1.94E-04,-2.06E-04,-1.87E-04,-5.88E-05,-1.24E-04,-3.18E-04,-1.08E-04,1.38E-04
3421,-2.35E-04,-1.42E-05,3.06E-08,-2.64E-04,-1.41E-04,-1.00E-04,3.50E-05,1.16E-04,1.07E-04,5.37E-05,-1.02E-04,-1.42E-04,-1.86E-04,-1.98E-04,-1.84E-04,-5.26E-05,-1.17E-04,-3.09E-04,-1.00E-04,1.42E-04
3422,-2.28E-04,-1.51E-05,3.29E-06,-2.55E-04,-1.38E-04,-9.86E-05,3.58E-05,1.18E-04,1.07E-04,5.62E-05,-9.49E-05,-1.37E-04,-1.78E-04,-1.91E-04,-1.81E-04,-4.62E-05,-1.10E-04,-2.99E-04,-9.27E-05,1.47E-04
3423,-2.21E-04,-1.57E-05,6.91E-06,-2.47E-04,-1.34E-04,-9.62E-05,3.68E-05,1.19E-04,1.08E-04,5.89E-05,-8.78E-05,-1.32E-04,-1.69E-04,-1.83E-04,-1.78E-04,-3.96E-05,-1.03E-04,-2.90E-04,-8.52E-05,1.52E-04
3424,-2.15E-04,-1.59E-05,1.09E-05,-2.38E-04,-1.30E-04,-9.30E-05,3.81E-05,1.21E-04,1.10E-04,6.20E-05,-8.07E-05,-1.26E-04,-1.60E-04,-1.76E-04,-1.75E-04,-3.26E-05,-9.55E-05,-2.80E-04,-7.75E-05,1.57E-04
3425,-2.08E-04,-1.58E-05,1.53E-05,-2.30E-04,-1.25E-04,-8.89E-05,3.98E-05,1.23E-04,1.12E-04,6.56E-05,-7.35E-05,-1.20E-04,-1.51E-04,-1.68E-04,-1.72E-04,-2.53E-05,-8.74E-05,-2.70E-04,-6.97E-05,1.62E-04
3426,-2.02E-04,-1.52E-05,2.01E-05,-2.20E-04,-1.20E-04,-8.41E-05,4.19E-05,1.26E-04,1.14E-04,6.98E-05,-6.63E-05,-1.13E-04,-1.42E-04,-1.60E-04,-1.67E-04,-1.77E-05,-7.88E-05,-2.59E-04,-6.16E-05,1.68E-04
3427,-1.96E-04,-1.43E-05,2.52E-05,-2.11E-04,-1.15E-04,-7.85E-05,4.43E-05,1.29E-04,1.17E-04,7.46E-05,-5.92E-05,-1.06E-04,-1.33E-04,-1.52E-04,-1.63E-04,-9.77E-06,-6.97E-05,-2.48E-04,-5.32E-05,1.74E-04
3428,-1.89E-04,-1.29E-05,3.06E-05,-2.02E-04,-1.09E-04,-7.23E-05,4.71E-05,1.33E-04,1.21E-04,8.00E-05,-5.21E-05,-9.87E-05,-1.23E-04,-1.44E-04,-1.57E-04,-1.54E-06,-6.01E-05,-2.37E-04,-4.44E-05,1.81E-04
3429,-1.82E-04,-1.13E-05,3.62E-05,-1.92E-04,-1.02E-04,-6.55E-05,5.01E-05,1.37E-04,1.25E-04,8.59E-05,-4.52E-05,-9.08E-05,-1.14E-04,-1.36E-04,-1.51E-04,6.88E-06,-5.01E-05,-2.26E-04,-3.53E-05,1.87E-04
3430,-1.75E-04,-9.46E-06,4.18E-05,-1.83E-04,-9.52E-05,-5.84E-05,5.32E-05,1.42E-04,1.30E-04,9.21E-05,-3.86E-05,-8.27E-05,-1.04E-04,-1.28E-04,-1.45E-04,1.54E-05,-3.99E-05,-2.15E-04,-2.59E-05,1.94E-04
3431,-1.68E-04,-7.56E-06,4.73E-05,-1.73E-04,-8.83E-05,-5.12E-05,5.62E-05,1.46E-04,1.34E-04,9.85E-05,-3.23E-05,-7.45E-05,-9.47E-05,-1.19E-04,-1.38E-04,2.38E-05,-2.96E-05,-2.04E-04,-1.64E-05,1.99E-04
3432,-1.60E-04,-5.72E-06,5.25E-05,-1.64E-04,-8.14E-05,-4.40E-05,5.91E-05,1.51E-04,1.38E-04,1.05E-04,-2.66E-05,-6.64E-05,-8.57E-05,-1.11E-04,-1.31E-04,3.20E-05,-1.96E-05,-1.93E-04,-7.04E-06,2.05E-04
3433,-1.52E-04,-4.05E-06,5.72E-05,-1.55E-04,-7.47E-05,-3.70E-05,6.16E-05,1.55E-04,1.42E-04,1.11E-04,-2.16E-05,-5.86E-05,-7.73E-05,-1.03E-04,-1.24E-04,3.97E-05,-9.94E-06,-1.82E-04,2.03E-06,2.09E-04
3434,-1.44E-04,-2.70E-06,6.13E-05,-1.47E-04,-6.84E-05,-3.06E-05,6.35E-05,1.58E-04,1.45E-04,1.16E-04,-1.72E-05,-5.12E-05,-6.96E-05,-9.56E-05,-1.17E-04,4.67E-05,-9.60E-07,-1.73E-04,1.05E-05,2.13E-04
3435,-1.36E-04,-1.75E-06,6.45E-05,-1.39E-04,-6.26E-05,-2.49E-05,6.48E-05,1.61E-04,1.48E-04,1.20E-04,-1.36E-05,-4.44E-05,-6.28E-05,-8.86E-05,-1.10E-04,5.29E-05,7.12E-06,-1.64E-04,1.82E-05,2.15E-04
3436,-1.28E-04,-1.29E-06,6.68E-05,-1.32E-04,-5.76E-05,-2.00E-05,6.53E-05,1.62E-04,1.49E-04,1.23E-04,-1.10E-05,-3.83E-05,-5.70E-05,-8.23E-05,-1.04E-04,5.80E-05,1.41E-05,-1.56E-04,2.48E-05,2.16E-04
3437,-1.21E-04,-1.38E-06,6.80E-05,-1.25E-04,-5.33E-05,-1.61E-05,6.48E-05,1.62E-04,1.48E-04,1.25E-04,-9.19E-06,-3.32E-05,-5.22E-05,-7.68E-05,-9.87E-05,6.19E-05,1.98E-05,-1.49E-04,3.02E-05,2.15E-04
3438,-1.14E-04,-2.05E-06,6.80E-05,-1.19E-04,-4.99E-05,-1.33E-05,6.35E-05,1.61E-04,1.47E-04,1.24E-04,-8.32E-06,-2.89E-05,-4.86E-05,-7.20E-05,-9.43E-05,6.45E-05,2.42E-05,-1.43E-04,3.42E-05,2.12E-04
3439,-1.09E-04,-3.29E-06,6.68E-05,-1.14E-04,-4.75E-05,-1.16E-05,6.11E-05,1.58E-04,1.43E-04,1.22E-04,-8.33E-06,-2.57E-05,-4.62E-05,-6.82E-05,-9.07E-05,6.58E-05,2.72E-05,-1.38E-04,3.66E-05,2.08E-04
3440,-1.04E-04,-5.07E-06,6.45E-05,-1.10E-04,-4.60E-05,-1.09E-05,5.79E-05,1.54E-04,1.39E-04,1.18E-04,-9.17E-06,-2.34E-05,-4.48E-05,-6.51E-05,-8.80E-05,6.56E-05,2.89E-05,-1.34E-04,3.76E-05,2.02E-04
3441,-1.01E-04,-7.31E-06,6.11E-05,-1.07E-04,-4.53E-05,-1.12E-05,5.39E-05,1.49E-04,1.33E-04,1.13E-04,-1.08E-05,-2.20E-05,-4.45E-05,-6.29E-05,-8.62E-05,6.41E-05,2.94E-05,-1.31E-04,3.72E-05,1.95E-04
3442,-9.89E-05,-9.94E-06,5.69E-05,-1.05E-04,-4.54E-05,-1.23E-05,4.92E-05,1.42E-04,1.26E-04,1.06E-04,-1.30E-05,-2.13E-05,-4.50E-05,-6.15E-05,-8.51E-05,6.13E-05,2.89E-05,-1.29E-04,3.55E-05,1.87E-04
3443,-9.81E-05,-1.28E-05,5.19E-05,-1.04E-04,-4.61E-05,-1.40E-05,4.41E-05,1.35E-04,1.19E-04,9.85E-05,-1.58E-05,-2.13E-05,-4.62E-05,-6.07E-05,-8.44E-05,5.75E-05,2.76E-05,-1.27E-04,3.29E-05,1.77E-04
3444,-9.86E-05,-1.59E-05,4.65E-05,-1.03E-04,-4.72E-05,-1.63E-05,3.88E-05,1.28E-04,1.11E-04,9.00E-05,-1.90E-05,-2.18E-05,-4.79E-05,-6.03E-05,-8.41E-05,5.27E-05,2.58E-05,-1.25E-04,2.96E-05,1.67E-04
3445,-1.00E-04,-1.90E-05,4.09E-05,-1.04E-04,-4.86E-05,-1.88E-05,3.34E-05,1.20E-04,1.04E-04,8.12E-05,-2.25E-05,-2.26E-05,-4.98E-05,-6.03E-05,-8.38E-05,4.74E-05,2.39E-05,-1.24E-04,2.61E-05,1.57E-04
3446,-1.02E-04,-2.21E-05,3.52E-05,-1.04E-04,-5.01E-05,-2.13E-05,2.82E-05,1.13E-04,9.66E-05,7.28E-05,-2.62E-05,-2.34E-05,-5.17E-05,-6.03E-05,-8.33E-05,4.17E-05,2.21E-05,-1.22E-04,2.28E-05,1.47E-04
3447,-1.05E-04,-2.49E-05,2.99E-05,-1.05E-04,-5.14E-05,-2.36E-05,2.35E-05,1.07E-04,9.05E-05,6.51E-05,-3.00E-05,-2.40E-05,-5.33E-05,-6.03E-05,-8.22E-05,3.59E-05,2.09E-05,-1.19E-04,2.00E-05,1.38E-04
3448,-1.09E-04,-2.74E-05,2.51E-05,-1.07E-04,-5.24E-05,-2.54E-05,1.94E-05,1.01E-04,8.57E-05,5.86E-05,-3.37E-05,-2.44E-05,-5.45E-05,-6.01E-05,-8.04E-05,3.03E-05,2.04E-05,-1.15E-04,1.81E-05,1.29E-04
