,ch1,ch2,ch3,ch4,ch5,ch6,ch7,ch8,ch9,ch10,ch11,ch12,ch13,ch14,ch15,ch16,ch17,ch18,ch19,ch20
1,-6.15E-05,2.99E-05,5.98E-06,1.38E-06,4.49E-06,1.31E-07,3.07E-05,4.63E-05,1.28E-05,1.08E-05,9.39E-07,1.27E-06,2.20E-05,1.98E-05,1.33E-05,2.63E-06,-5.71E-06,1.67E-05,2.18E-05,1.59E-05
2,5.05E-05,4.86E-05,3.61E-05,-6.71E-06,-4.24E-06,-1.32E-05,1.29E-05,3.81E-05,-9.69E-06,-1.57E-05,6.07E-06,6.11E-05,1.73E-05,-2.67E-06,-2.18E-06,-2.22E-05,-4.86E-06,-9.21E-07,9.05E-06,-1.87E-05
3,1.60E-04,6.69E-05,6.50E-05,-1.47E-05,-1.28E-05,-2.62E-05,-4.04E-06,2.97E-05,-3.18E-05,-4.16E-05,1.10E-05,1.20E-04,1.23E-05,-2.44E-05,-1.74E-05,-4.63E-05,-3.70E-06,-1.80E-05,-3.45E-06,-5.23E-05
4,2.66E-04,8.45E-05,9.14E-05,-2.24E-05,-2.11E-05,-3.87E-05,-1.95E-05,2.11E-05,-5.30E-05,-6.62E-05,1.55E-05,1.75E-04,6.84E-06,-4.49E-05,-3.20E-05,-6.93E-05,-1.93E-06,-3.41E-05,-1.54E-05,-8.42E-05
5,3.64E-04,1.01E-04,1.14E-04,-2.97E-05,-2.91E-05,-5.04E-05,-3.27E-05,1.22E-05,-7.30E-05,-8.92E-05,1.96E-05,2.27E-04,7.86E-07,-6.35E-05,-4.57E-05,-9.05E-05,7.38E-07,-4.88E-05,-2.65E-05,-1.13E-04
6,4.54E-04,1.17E-04,1.33E-04,-3.67E-05,-3.65E-05,-6.11E-05,-4.30E-05,3.00E-06,-9.15E-05,-1.10E-04,2.29E-05,2.73E-04,-5.89E-06,-7.98E-05,-5.85E-05,-1.10E-04,4.55E-06,-6.17E-05,-3.67E-05,-1.39E-04
7,5.34E-04,1.31E-04,1.47E-04,-4.32E-05,-4.33E-05,-7.06E-05,-5.01E-05,-6.68E-06,-1.08E-04,-1.28E-04,2.56E-05,3.14E-04,-1.31E-05,-9.36E-05,-7.00E-05,-1.26E-04,9.69E-06,-7.27E-05,-4.57E-05,-1.62E-04
8,6.02E-04,1.43E-04,1.56E-04,-4.94E-05,-4.96E-05,-7.89E-05,-5.37E-05,-1.69E-05,-1.23E-04,-1.44E-04,2.76E-05,3.47E-04,-2.07E-05,-1.05E-04,-8.01E-05,-1.40E-04,1.63E-05,-8.15E-05,-5.34E-05,-1.80E-04
9,6.59E-04,1.53E-04,1.60E-04,-5.52E-05,-5.52E-05,-8.57E-05,-5.36E-05,-2.78E-05,-1.36E-04,-1.56E-04,2.88E-05,3.74E-04,-2.84E-05,-1.13E-04,-8.89E-05,-1.51E-04,2.44E-05,-8.83E-05,-5.97E-05,-1.94E-04
10,7.04E-04,1.61E-04,1.60E-04,-6.09E-05,-6.01E-05,-9.12E-05,-4.99E-05,-3.93E-05,-1.47E-04,-1.66E-04,2.95E-05,3.94E-04,-3.57E-05,-1.19E-04,-9.64E-05,-1.60E-04,3.40E-05,-9.31E-05,-6.47E-05,-2.04E-04
11,7.37E-04,1.67E-04,1.55E-04,-6.66E-05,-6.45E-05,-9.53E-05,-4.30E-05,-5.17E-05,-1.56E-04,-1.72E-04,2.98E-05,4.06E-04,-4.24E-05,-1.22E-04,-1.03E-04,-1.66E-04,4.50E-05,-9.61E-05,-6.83E-05,-2.10E-04
12,7.60E-04,1.71E-04,1.47E-04,-7.25E-05,-6.83E-05,-9.80E-05,-3.32E-05,-6.49E-05,-1.64E-04,-1.76E-04,2.97E-05,4.11E-04,-4.79E-05,-1.24E-04,-1.08E-04,-1.69E-04,5.73E-05,-9.77E-05,-7.08E-05,-2.13E-04
13,7.74E-04,1.72E-04,1.36E-04,-7.88E-05,-7.17E-05,-9.96E-05,-2.13E-05,-7.90E-05,-1.70E-04,-1.77E-04,2.95E-05,4.11E-04,-5.19E-05,-1.24E-04,-1.12E-04,-1.71E-04,7.05E-05,-9.82E-05,-7.21E-05,-2.12E-04
14,7.80E-04,1.70E-04,1.24E-04,-8.56E-05,-7.47E-05,-1.00E-04,-8.00E-06,-9.42E-05,-1.75E-04,-1.76E-04,2.93E-05,4.04E-04,-5.42E-05,-1.23E-04,-1.15E-04,-1.72E-04,8.44E-05,-9.79E-05,-7.25E-05,-2.10E-04
15,7.79E-04,1.66E-04,1.11E-04,-9.33E-05,-7.75E-05,-9.98E-05,5.68E-06,-1.10E-04,-1.79E-04,-1.73E-04,2.92E-05,3.93E-04,-5.45E-05,-1.22E-04,-1.17E-04,-1.72E-04,9.85E-05,-9.74E-05,-7.23E-05,-2.05E-04
16,7.74E-04,1.60E-04,9.86E-05,-1.02E-04,-8.02E-05,-9.88E-05,1.87E-05,-1.28E-04,-1.82E-04,-1.69E-04,2.94E-05,3.78E-04,-5.28E-05,-1.21E-04,-1.20E-04,-1.71E-04,1.13E-04,-9.70E-05,-7.16E-05,-1.99E-04
17,7.65E-04,1.52E-04,8.71E-05,-1.12E-04,-8.30E-05,-9.73E-05,3.00E-05,-1.46E-04,-1.85E-04,-1.63E-04,2.99E-05,3.60E-04,-4.93E-05,-1.21E-04,-1.22E-04,-1.71E-04,1.26E-04,-9.70E-05,-7.06E-05,-1.93E-04
18,7.55E-04,1.41E-04,7.71E-05,-1.22E-04,-8.59E-05,-9.56E-05,3.85E-05,-1.66E-04,-1.88E-04,-1.56E-04,3.06E-05,3.40E-04,-4.43E-05,-1.22E-04,-1.24E-04,-1.71E-04,1.39E-04,-9.78E-05,-6.97E-05,-1.87E-04
19,7.45E-04,1.29E-04,6.92E-05,-1.35E-04,-8.93E-05,-9.38E-05,4.31E-05,-1.86E-04,-1.92E-04,-1.49E-04,3.16E-05,3.21E-04,-3.84E-05,-1.25E-04,-1.27E-04,-1.72E-04,1.50E-04,-9.97E-05,-6.91E-05,-1.82E-04
20,7.35E-04,1.16E-04,6.33E-05,-1.48E-04,-9.31E-05,-9.22E-05,4.28E-05,-2.08E-04,-1.96E-04,-1.42E-04,3.26E-05,3.01E-04,-3.21E-05,-1.30E-04,-1.30E-04,-1.75E-04,1.59E-04,-1.03E-04,-6.89E-05,-1.78E-04
21,7.26E-04,1.01E-04,5.94E-05,-1.62E-04,-9.75E-05,-9.09E-05,3.69E-05,-2.31E-04,-2.00E-04,-1.35E-04,3.34E-05,2.82E-04,-2.63E-05,-1.37E-04,-1.34E-04,-1.79E-04,1.66E-04,-1.07E-04,-6.94E-05,-1.74E-04
22,7.19E-04,8.46E-05,5.71E-05,-1.78E-04,-1.03E-04,-9.02E-05,2.46E-05,-2.56E-04,-2.06E-04,-1.29E-04,3.39E-05,2.66E-04,-2.16E-05,-1.46E-04,-1.39E-04,-1.86E-04,1.70E-04,-1.13E-04,-7.08E-05,-1.73E-04
23,7.13E-04,6.74E-05,5.60E-05,-1.95E-04,-1.09E-04,-9.02E-05,5.49E-06,-2.81E-04,-2.12E-04,-1.24E-04,3.38E-05,2.51E-04,-1.89E-05,-1.57E-04,-1.44E-04,-1.94E-04,1.71E-04,-1.21E-04,-7.30E-05,-1.72E-04
24,7.09E-04,4.90E-05,5.54E-05,-2.12E-04,-1.16E-04,-9.10E-05,-2.06E-05,-3.07E-04,-2.20E-04,-1.19E-04,3.26E-05,2.39E-04,-1.89E-05,-1.71E-04,-1.51E-04,-2.04E-04,1.70E-04,-1.30E-04,-7.62E-05,-1.73E-04
25,7.06E-04,2.94E-05,5.46E-05,-2.30E-04,-1.24E-04,-9.27E-05,-5.36E-05,-3.35E-04,-2.28E-04,-1.15E-04,3.02E-05,2.29E-04,-2.21E-05,-1.86E-04,-1.58E-04,-2.16E-04,1.65E-04,-1.40E-04,-8.05E-05,-1.75E-04
26,7.04E-04,8.11E-06,5.29E-05,-2.48E-04,-1.33E-04,-9.54E-05,-9.32E-05,-3.63E-04,-2.37E-04,-1.12E-04,2.63E-05,2.21E-04,-2.89E-05,-2.04E-04,-1.67E-04,-2.29E-04,1.56E-04,-1.52E-04,-8.57E-05,-1.79E-04
27,7.01E-04,-1.51E-05,4.95E-05,-2.67E-04,-1.43E-04,-9.92E-05,-1.39E-04,-3.92E-04,-2.47E-04,-1.10E-04,2.05E-05,2.15E-04,-3.95E-05,-2.23E-04,-1.76E-04,-2.45E-04,1.45E-04,-1.66E-04,-9.19E-05,-1.83E-04
28,6.97E-04,-4.07E-05,4.39E-05,-2.86E-04,-1.54E-04,-1.04E-04,-1.90E-04,-4.21E-04,-2.57E-04,-1.10E-04,1.27E-05,2.10E-04,-5.38E-05,-2.43E-04,-1.87E-04,-2.61E-04,1.31E-04,-1.81E-04,-9.89E-05,-1.88E-04
29,6.92E-04,-6.91E-05,3.56E-05,-3.05E-04,-1.67E-04,-1.10E-04,-2.45E-04,-4.52E-04,-2.68E-04,-1.10E-04,2.81E-06,2.05E-04,-7.16E-05,-2.65E-04,-1.99E-04,-2.79E-04,1.14E-04,-1.98E-04,-1.07E-04,-1.93E-04
30,6.85E-04,-1.01E-04,2.43E-05,-3.24E-04,-1.80E-04,-1.17E-04,-3.03E-04,-4.82E-04,-2.79E-04,-1.11E-04,-9.25E-06,2.00E-04,-9.23E-05,-2.87E-04,-2.12E-04,-2.97E-04,9.39E-05,-2.16E-04,-1.15E-04,-1.99E-04
31,6.75E-04,-1.36E-04,9.90E-06,-3.42E-04,-1.95E-04,-1.25E-04,-3.63E-04,-5.13E-04,-2.91E-04,-1.13E-04,-2.34E-05,1.94E-04,-1.15E-04,-3.11E-04,-2.26E-04,-3.16E-04,7.21E-05,-2.36E-04,-1.24E-04,-2.04E-04
32,6.62E-04,-1.75E-04,-7.51E-06,-3.61E-04,-2.11E-04,-1.35E-04,-4.23E-04,-5.45E-04,-3.02E-04,-1.16E-04,-3.96E-05,1.87E-04,-1.40E-04,-3.36E-04,-2.41E-04,-3.36E-04,4.86E-05,-2.57E-04,-1.33E-04,-2.10E-04
33,6.46E-04,-2.19E-04,-2.77E-05,-3.79E-04,-2.28E-04,-1.45E-04,-4.83E-04,-5.76E-04,-3.13E-04,-1.19E-04,-5.75E-05,1.77E-04,-1.64E-04,-3.61E-04,-2.57E-04,-3.56E-04,2.36E-05,-2.81E-04,-1.42E-04,-2.15E-04
34,6.26E-04,-2.66E-04,-5.01E-05,-3.98E-04,-2.46E-04,-1.57E-04,-5.40E-04,-6.08E-04,-3.24E-04,-1.24E-04,-7.69E-05,1.64E-04,-1.89E-04,-3.87E-04,-2.74E-04,-3.76E-04,-2.35E-06,-3.06E-04,-1.51E-04,-2.21E-04
35,6.03E-04,-3.17E-04,-7.44E-05,-4.16E-04,-2.65E-04,-1.69E-04,-5.95E-04,-6.40E-04,-3.34E-04,-1.29E-04,-9.74E-05,1.49E-04,-2.11E-04,-4.15E-04,-2.92E-04,-3.96E-04,-2.89E-05,-3.32E-04,-1.61E-04,-2.26E-04
36,5.76E-04,-3.72E-04,-9.99E-05,-4.34E-04,-2.85E-04,-1.82E-04,-6.46E-04,-6.71E-04,-3.45E-04,-1.34E-04,-1.19E-04,1.31E-04,-2.32E-04,-4.43E-04,-3.11E-04,-4.16E-04,-5.58E-05,-3.60E-04,-1.70E-04,-2.32E-04
37,5.45E-04,-4.30E-04,-1.26E-04,-4.52E-04,-3.06E-04,-1.96E-04,-6.93E-04,-7.03E-04,-3.54E-04,-1.41E-04,-1.40E-04,1.10E-04,-2.50E-04,-4.72E-04,-3.31E-04,-4.36E-04,-8.26E-05,-3.90E-04,-1.79E-04,-2.38E-04
38,5.11E-04,-4.90E-04,-1.52E-04,-4.69E-04,-3.27E-04,-2.11E-04,-7.35E-04,-7.34E-04,-3.64E-04,-1.48E-04,-1.62E-04,8.72E-05,-2.66E-04,-5.02E-04,-3.51E-04,-4.56E-04,-1.09E-04,-4.21E-04,-1.88E-04,-2.44E-04
39,4.73E-04,-5.51E-04,-1.77E-04,-4.87E-04,-3.48E-04,-2.27E-04,-7.73E-04,-7.66E-04,-3.73E-04,-1.55E-04,-1.83E-04,6.21E-05,-2.78E-04,-5.33E-04,-3.72E-04,-4.76E-04,-1.35E-04,-4.53E-04,-1.96E-04,-2.50E-04
40,4.33E-04,-6.12E-04,-2.02E-04,-5.04E-04,-3.69E-04,-2.43E-04,-8.07E-04,-7.97E-04,-3.82E-04,-1.64E-04,-2.03E-04,3.56E-05,-2.87E-04,-5.65E-04,-3.93E-04,-4.95E-04,-1.61E-04,-4.85E-04,-2.05E-04,-2.57E-04
41,3.89E-04,-6.72E-04,-2.25E-04,-5.22E-04,-3.91E-04,-2.60E-04,-8.37E-04,-8.28E-04,-3.90E-04,-1.72E-04,-2.22E-04,8.44E-06,-2.94E-04,-5.98E-04,-4.15E-04,-5.15E-04,-1.85E-04,-5.18E-04,-2.13E-04,-2.64E-04
42,3.42E-04,-7.30E-04,-2.46E-04,-5.38E-04,-4.13E-04,-2.77E-04,-8.64E-04,-8.59E-04,-3.99E-04,-1.81E-04,-2.40E-04,-1.87E-05,-2.99E-04,-6.31E-04,-4.36E-04,-5.34E-04,-2.09E-04,-5.50E-04,-2.22E-04,-2.71E-04
43,2.93E-04,-7.85E-04,-2.67E-04,-5.55E-04,-4.34E-04,-2.94E-04,-8.89E-04,-8.90E-04,-4.07E-04,-1.91E-04,-2.57E-04,-4.50E-05,-3.03E-04,-6.65E-04,-4.57E-04,-5.53E-04,-2.33E-04,-5.82E-04,-2.31E-04,-2.79E-04
44,2.41E-04,-8.36E-04,-2.86E-04,-5.71E-04,-4.56E-04,-3.12E-04,-9.14E-04,-9.21E-04,-4.15E-04,-2.01E-04,-2.72E-04,-7.01E-05,-3.07E-04,-6.99E-04,-4.78E-04,-5.72E-04,-2.56E-04,-6.13E-04,-2.39E-04,-2.87E-04
45,1.87E-04,-8.82E-04,-3.04E-04,-5.86E-04,-4.76E-04,-3.29E-04,-9.38E-04,-9.51E-04,-4.22E-04,-2.11E-04,-2.85E-04,-9.32E-05,-3.12E-04,-7.33E-04,-4.99E-04,-5.90E-04,-2.78E-04,-6.42E-04,-2.49E-04,-2.94E-04
46,1.32E-04,-9.23E-04,-3.21E-04,-6.00E-04,-4.97E-04,-3.47E-04,-9.63E-04,-9.81E-04,-4.30E-04,-2.21E-04,-2.97E-04,-1.14E-04,-3.18E-04,-7.67E-04,-5.18E-04,-6.08E-04,-3.00E-04,-6.70E-04,-2.58E-04,-3.02E-04
47,7.48E-05,-9.58E-04,-3.39E-04,-6.13E-04,-5.16E-04,-3.64E-04,-9.90E-04,-1.01E-03,-4.37E-04,-2.30E-04,-3.08E-04,-1.33E-04,-3.27E-04,-8.00E-04,-5.37E-04,-6.25E-04,-3.22E-04,-6.96E-04,-2.68E-04,-3.08E-04
48,1.74E-05,-9.88E-04,-3.56E-04,-6.25E-04,-5.35E-04,-3.80E-04,-1.02E-03,-1.04E-03,-4.44E-04,-2.40E-04,-3.17E-04,-1.49E-04,-3.39E-04,-8.33E-04,-5.54E-04,-6.41E-04,-3.44E-04,-7.20E-04,-2.78E-04,-3.14E-04
49,-3.95E-05,-1.01E-03,-3.75E-04,-6.36E-04,-5.54E-04,-3.96E-04,-1.05E-03,-1.07E-03,-4.51E-04,-2.49E-04,-3.25E-04,-1.63E-04,-3.54E-04,-8.64E-04,-5.71E-04,-6.56E-04,-3.65E-04,-7.42E-04,-2.88E-04,-3.19E-04
50,-9.50E-05,-1.03E-03,-3.94E-04,-6.46E-04,-5.71E-04,-4.12E-04,-1.09E-03,-1.09E-03,-4.57E-04,-2.57E-04,-3.33E-04,-1.75E-04,-3.72E-04,-8.94E-04,-5.86E-04,-6.70E-04,-3.87E-04,-7.62E-04,-2.99E-04,-3.23E-04
51,-1.48E-04,-1.04E-03,-4.15E-04,-6.54E-04,-5.88E-04,-4.26E-04,-1.12E-03,-1.12E-03,-4.63E-04,-2.65E-04,-3.39E-04,-1.86E-04,-3.94E-04,-9.23E-04,-6.00E-04,-6.83E-04,-4.09E-04,-7.81E-04,-3.09E-04,-3.25E-04
52,-1.97E-04,-1.06E-03,-4.37E-04,-6.60E-04,-6.04E-04,-4.40E-04,-1.16E-03,-1.14E-03,-4.69E-04,-2.71E-04,-3.45E-04,-1.95E-04,-4.18E-04,-9.49E-04,-6.12E-04,-6.94E-04,-4.31E-04,-7.97E-04,-3.20E-04,-3.26E-04
53,-2.41E-04,-1.06E-03,-4.60E-04,-6.65E-04,-6.18E-04,-4.52E-04,-1.21E-03,-1.17E-03,-4.74E-04,-2.77E-04,-3.51E-04,-2.04E-04,-4.45E-04,-9.75E-04,-6.23E-04,-7.04E-04,-4.53E-04,-8.12E-04,-3.31E-04,-3.26E-04
54,-2.78E-04,-1.07E-03,-4.85E-04,-6.69E-04,-6.32E-04,-4.64E-04,-1.25E-03,-1.19E-03,-4.79E-04,-2.81E-04,-3.56E-04,-2.13E-04,-4.73E-04,-9.98E-04,-6.33E-04,-7.11E-04,-4.75E-04,-8.25E-04,-3.41E-04,-3.23E-04
55,-3.08E-04,-1.07E-03,-5.10E-04,-6.71E-04,-6.45E-04,-4.75E-04,-1.29E-03,-1.21E-03,-4.83E-04,-2.84E-04,-3.61E-04,-2.23E-04,-5.01E-04,-1.02E-03,-6.41E-04,-7.17E-04,-4.97E-04,-8.38E-04,-3.51E-04,-3.20E-04
56,-3.30E-04,-1.08E-03,-5.36E-04,-6.71E-04,-6.57E-04,-4.84E-04,-1.33E-03,-1.23E-03,-4.86E-04,-2.85E-04,-3.65E-04,-2.34E-04,-5.29E-04,-1.04E-03,-6.48E-04,-7.21E-04,-5.19E-04,-8.50E-04,-3.59E-04,-3.15E-04
57,-3.42E-04,-1.08E-03,-5.62E-04,-6.70E-04,-6.67E-04,-4.92E-04,-1.37E-03,-1.24E-03,-4.89E-04,-2.86E-04,-3.69E-04,-2.46E-04,-5.56E-04,-1.06E-03,-6.55E-04,-7.24E-04,-5.40E-04,-8.61E-04,-3.67E-04,-3.08E-04
58,-3.46E-04,-1.09E-03,-5.87E-04,-6.68E-04,-6.76E-04,-4.98E-04,-1.41E-03,-1.25E-03,-4.91E-04,-2.84E-04,-3.73E-04,-2.59E-04,-5.80E-04,-1.07E-03,-6.60E-04,-7.24E-04,-5.61E-04,-8.71E-04,-3.74E-04,-3.00E-04
59,-3.40E-04,-1.09E-03,-6.11E-04,-6.65E-04,-6.84E-04,-5.04E-04,-1.44E-03,-1.26E-03,-4.92E-04,-2.82E-04,-3.76E-04,-2.74E-04,-6.00E-04,-1.09E-03,-6.63E-04,-7.22E-04,-5.81E-04,-8.81E-04,-3.80E-04,-2.92E-04
60,-3.25E-04,-1.10E-03,-6.33E-04,-6.60E-04,-6.90E-04,-5.08E-04,-1.46E-03,-1.27E-03,-4.93E-04,-2.78E-04,-3.78E-04,-2.90E-04,-6.17E-04,-1.10E-03,-6.66E-04,-7.19E-04,-5.99E-04,-8.90E-04,-3.85E-04,-2.82E-04
61,-3.03E-04,-1.11E-03,-6.53E-04,-6.54E-04,-6.95E-04,-5.10E-04,-1.48E-03,-1.28E-03,-4.92E-04,-2.73E-04,-3.80E-04,-3.06E-04,-6.30E-04,-1.11E-03,-6.68E-04,-7.14E-04,-6.17E-04,-8.99E-04,-3.88E-04,-2.72E-04
62,-2.73E-04,-1.12E-03,-6.70E-04,-6.47E-04,-6.99E-04,-5.12E-04,-1.49E-03,-1.28E-03,-4.91E-04,-2.67E-04,-3.80E-04,-3.22E-04,-6.38E-04,-1.12E-03,-6.68E-04,-7.07E-04,-6.33E-04,-9.06E-04,-3.89E-04,-2.61E-04
63,-2.38E-04,-1.13E-03,-6.85E-04,-6.39E-04,-7.01E-04,-5.12E-04,-1.50E-03,-1.28E-03,-4.89E-04,-2.60E-04,-3.80E-04,-3.38E-04,-6.42E-04,-1.13E-03,-6.68E-04,-6.99E-04,-6.47E-04,-9.13E-04,-3.89E-04,-2.49E-04
64,-2.00E-04,-1.14E-03,-6.96E-04,-6.30E-04,-7.01E-04,-5.10E-04,-1.50E-03,-1.28E-03,-4.87E-04,-2.53E-04,-3.79E-04,-3.52E-04,-6.42E-04,-1.14E-03,-6.65E-04,-6.89E-04,-6.60E-04,-9.18E-04,-3.88E-04,-2.38E-04
65,-1.59E-04,-1.15E-03,-7.03E-04,-6.20E-04,-7.00E-04,-5.07E-04,-1.50E-03,-1.27E-03,-4.84E-04,-2.44E-04,-3.77E-04,-3.65E-04,-6.38E-04,-1.15E-03,-6.62E-04,-6.79E-04,-6.71E-04,-9.21E-04,-3.85E-04,-2.26E-04
66,-1.17E-04,-1.15E-03,-7.08E-04,-6.10E-04,-6.97E-04,-5.03E-04,-1.49E-03,-1.27E-03,-4.80E-04,-2.35E-04,-3.75E-04,-3.76E-04,-6.30E-04,-1.15E-03,-6.57E-04,-6.67E-04,-6.80E-04,-9.23E-04,-3.81E-04,-2.14E-04
67,-7.79E-05,-1.16E-03,-7.10E-04,-5.98E-04,-6.92E-04,-4.97E-04,-1.47E-03,-1.26E-03,-4.76E-04,-2.26E-04,-3.72E-04,-3.84E-04,-6.21E-04,-1.16E-03,-6.50E-04,-6.55E-04,-6.88E-04,-9.22E-04,-3.76E-04,-2.02E-04
68,-4.16E-05,-1.17E-03,-7.09E-04,-5.87E-04,-6.86E-04,-4.91E-04,-1.46E-03,-1.24E-03,-4.71E-04,-2.16E-04,-3.69E-04,-3.89E-04,-6.10E-04,-1.16E-03,-6.41E-04,-6.43E-04,-6.94E-04,-9.20E-04,-3.70E-04,-1.90E-04
69,-1.01E-05,-1.17E-03,-7.06E-04,-5.75E-04,-6.79E-04,-4.83E-04,-1.44E-03,-1.23E-03,-4.66E-04,-2.07E-04,-3.67E-04,-3.91E-04,-5.98E-04,-1.17E-03,-6.31E-04,-6.30E-04,-6.99E-04,-9.16E-04,-3.63E-04,-1.78E-04
70,1.52E-05,-1.18E-03,-7.01E-04,-5.62E-04,-6.71E-04,-4.74E-04,-1.42E-03,-1.22E-03,-4.60E-04,-1.97E-04,-3.64E-04,-3.90E-04,-5.86E-04,-1.17E-03,-6.19E-04,-6.16E-04,-7.03E-04,-9.10E-04,-3.56E-04,-1.67E-04
71,3.36E-05,-1.18E-03,-6.95E-04,-5.50E-04,-6.61E-04,-4.64E-04,-1.40E-03,-1.20E-03,-4.54E-04,-1.88E-04,-3.62E-04,-3.86E-04,-5.75E-04,-1.17E-03,-6.06E-04,-6.03E-04,-7.06E-04,-9.02E-04,-3.48E-04,-1.55E-04
72,4.46E-05,-1.18E-03,-6.89E-04,-5.37E-04,-6.51E-04,-4.53E-04,-1.38E-03,-1.18E-03,-4.48E-04,-1.78E-04,-3.61E-04,-3.80E-04,-5.64E-04,-1.17E-03,-5.91E-04,-5.90E-04,-7.08E-04,-8.92E-04,-3.39E-04,-1.44E-04
73,4.82E-05,-1.18E-03,-6.82E-04,-5.25E-04,-6.39E-04,-4.41E-04,-1.36E-03,-1.17E-03,-4.42E-04,-1.69E-04,-3.61E-04,-3.72E-04,-5.55E-04,-1.16E-03,-5.74E-04,-5.76E-04,-7.09E-04,-8.81E-04,-3.31E-04,-1.34E-04
74,4.48E-05,-1.18E-03,-6.75E-04,-5.12E-04,-6.27E-04,-4.29E-04,-1.34E-03,-1.15E-03,-4.35E-04,-1.60E-04,-3.62E-04,-3.64E-04,-5.47E-04,-1.16E-03,-5.57E-04,-5.64E-04,-7.10E-04,-8.70E-04,-3.22E-04,-1.23E-04
75,3.53E-05,-1.17E-03,-6.69E-04,-5.01E-04,-6.15E-04,-4.16E-04,-1.33E-03,-1.13E-03,-4.29E-04,-1.52E-04,-3.63E-04,-3.55E-04,-5.40E-04,-1.16E-03,-5.40E-04,-5.51E-04,-7.11E-04,-8.58E-04,-3.13E-04,-1.14E-04
76,2.09E-05,-1.17E-03,-6.64E-04,-4.90E-04,-6.03E-04,-4.03E-04,-1.32E-03,-1.11E-03,-4.23E-04,-1.44E-04,-3.66E-04,-3.46E-04,-5.35E-04,-1.16E-03,-5.22E-04,-5.39E-04,-7.12E-04,-8.46E-04,-3.05E-04,-1.05E-04
77,3.19E-06,-1.17E-03,-6.60E-04,-4.80E-04,-5.90E-04,-3.89E-04,-1.31E-03,-1.10E-03,-4.17E-04,-1.36E-04,-3.70E-04,-3.39E-04,-5.31E-04,-1.15E-03,-5.04E-04,-5.28E-04,-7.13E-04,-8.34E-04,-2.97E-04,-9.68E-05
78,-1.61E-05,-1.16E-03,-6.56E-04,-4.70E-04,-5.78E-04,-3.76E-04,-1.30E-03,-1.08E-03,-4.11E-04,-1.29E-04,-3.75E-04,-3.33E-04,-5.28E-04,-1.15E-03,-4.86E-04,-5.18E-04,-7.15E-04,-8.23E-04,-2.89E-04,-8.95E-05
79,-3.53E-05,-1.16E-03,-6.54E-04,-4.61E-04,-5.65E-04,-3.63E-04,-1.30E-03,-1.06E-03,-4.05E-04,-1.23E-04,-3.80E-04,-3.29E-04,-5.26E-04,-1.14E-03,-4.69E-04,-5.08E-04,-7.18E-04,-8.13E-04,-2.82E-04,-8.31E-05
80,-5.27E-05,-1.15E-03,-6.52E-04,-4.54E-04,-5.53E-04,-3.50E-04,-1.29E-03,-1.05E-03,-4.00E-04,-1.16E-04,-3.86E-04,-3.27E-04,-5.23E-04,-1.14E-03,-4.54E-04,-4.98E-04,-7.20E-04,-8.04E-04,-2.75E-04,-7.76E-05
81,-6.68E-05,-1.15E-03,-6.51E-04,-4.47E-04,-5.41E-04,-3.38E-04,-1.29E-03,-1.03E-03,-3.94E-04,-1.11E-04,-3.91E-04,-3.27E-04,-5.21E-04,-1.13E-03,-4.39E-04,-4.89E-04,-7.24E-04,-7.96E-04,-2.69E-04,-7.31E-05
82,-7.64E-05,-1.14E-03,-6.50E-04,-4.41E-04,-5.30E-04,-3.26E-04,-1.28E-03,-1.02E-03,-3.89E-04,-1.05E-04,-3.96E-04,-3.30E-04,-5.19E-04,-1.13E-03,-4.27E-04,-4.81E-04,-7.27E-04,-7.89E-04,-2.63E-04,-6.95E-05
83,-8.09E-05,-1.14E-03,-6.49E-04,-4.35E-04,-5.19E-04,-3.15E-04,-1.28E-03,-1.01E-03,-3.85E-04,-1.00E-04,-4.00E-04,-3.34E-04,-5.16E-04,-1.12E-03,-4.16E-04,-4.74E-04,-7.31E-04,-7.83E-04,-2.57E-04,-6.68E-05
84,-7.96E-05,-1.13E-03,-6.48E-04,-4.30E-04,-5.09E-04,-3.05E-04,-1.27E-03,-9.94E-04,-3.80E-04,-9.56E-05,-4.02E-04,-3.38E-04,-5.13E-04,-1.11E-03,-4.07E-04,-4.67E-04,-7.35E-04,-7.77E-04,-2.52E-04,-6.48E-05
85,-7.28E-05,-1.13E-03,-6.46E-04,-4.26E-04,-4.99E-04,-2.95E-04,-1.27E-03,-9.82E-04,-3.76E-04,-9.14E-05,-4.03E-04,-3.44E-04,-5.10E-04,-1.11E-03,-3.99E-04,-4.60E-04,-7.39E-04,-7.71E-04,-2.48E-04,-6.35E-05
86,-6.07E-05,-1.12E-03,-6.44E-04,-4.21E-04,-4.89E-04,-2.87E-04,-1.26E-03,-9.71E-04,-3.71E-04,-8.74E-05,-4.02E-04,-3.49E-04,-5.06E-04,-1.10E-03,-3.93E-04,-4.53E-04,-7.42E-04,-7.65E-04,-2.43E-04,-6.27E-05
87,-4.42E-05,-1.12E-03,-6.41E-04,-4.17E-04,-4.80E-04,-2.79E-04,-1.25E-03,-9.61E-04,-3.67E-04,-8.37E-05,-3.99E-04,-3.54E-04,-5.02E-04,-1.10E-03,-3.89E-04,-4.47E-04,-7.45E-04,-7.59E-04,-2.39E-04,-6.22E-05
88,-2.44E-05,-1.11E-03,-6.38E-04,-4.13E-04,-4.71E-04,-2.71E-04,-1.24E-03,-9.51E-04,-3.63E-04,-8.02E-05,-3.93E-04,-3.57E-04,-4.98E-04,-1.09E-03,-3.85E-04,-4.41E-04,-7.47E-04,-7.52E-04,-2.35E-04,-6.18E-05
89,-2.43E-06,-1.10E-03,-6.33E-04,-4.08E-04,-4.62E-04,-2.64E-04,-1.23E-03,-9.41E-04,-3.59E-04,-7.69E-05,-3.86E-04,-3.59E-04,-4.94E-04,-1.08E-03,-3.82E-04,-4.35E-04,-7.48E-04,-7.44E-04,-2.32E-04,-6.15E-05
90,2.02E-05,-1.09E-03,-6.27E-04,-4.02E-04,-4.54E-04,-2.58E-04,-1.22E-03,-9.31E-04,-3.55E-04,-7.36E-05,-3.76E-04,-3.59E-04,-4.91E-04,-1.07E-03,-3.80E-04,-4.28E-04,-7.47E-04,-7.34E-04,-2.28E-04,-6.09E-05
91,4.23E-05,-1.09E-03,-6.20E-04,-3.96E-04,-4.45E-04,-2.52E-04,-1.21E-03,-9.21E-04,-3.51E-04,-7.04E-05,-3.64E-04,-3.56E-04,-4.88E-04,-1.06E-03,-3.77E-04,-4.21E-04,-7.45E-04,-7.23E-04,-2.25E-04,-6.00E-05
92,6.24E-05,-1.08E-03,-6.12E-04,-3.89E-04,-4.37E-04,-2.45E-04,-1.19E-03,-9.11E-04,-3.47E-04,-6.70E-05,-3.51E-04,-3.52E-04,-4.86E-04,-1.05E-03,-3.74E-04,-4.14E-04,-7.41E-04,-7.11E-04,-2.21E-04,-5.86E-05
93,7.95E-05,-1.07E-03,-6.04E-04,-3.81E-04,-4.28E-04,-2.39E-04,-1.18E-03,-9.00E-04,-3.42E-04,-6.35E-05,-3.37E-04,-3.46E-04,-4.85E-04,-1.04E-03,-3.71E-04,-4.06E-04,-7.36E-04,-6.98E-04,-2.17E-04,-5.66E-05
94,9.27E-05,-1.06E-03,-5.94E-04,-3.72E-04,-4.20E-04,-2.32E-04,-1.17E-03,-8.88E-04,-3.38E-04,-5.98E-05,-3.21E-04,-3.39E-04,-4.85E-04,-1.03E-03,-3.67E-04,-3.97E-04,-7.29E-04,-6.83E-04,-2.13E-04,-5.41E-05
95,1.02E-04,-1.05E-03,-5.85E-04,-3.61E-04,-4.11E-04,-2.25E-04,-1.16E-03,-8.76E-04,-3.33E-04,-5.58E-05,-3.06E-04,-3.30E-04,-4.85E-04,-1.02E-03,-3.62E-04,-3.88E-04,-7.20E-04,-6.67E-04,-2.08E-04,-5.09E-05
96,1.06E-04,-1.03E-03,-5.75E-04,-3.50E-04,-4.02E-04,-2.16E-04,-1.15E-03,-8.63E-04,-3.28E-04,-5.14E-05,-2.90E-04,-3.22E-04,-4.87E-04,-1.00E-03,-3.55E-04,-3.78E-04,-7.09E-04,-6.51E-04,-2.04E-04,-4.71E-05
97,1.07E-04,-1.02E-03,-5.65E-04,-3.37E-04,-3.93E-04,-2.07E-04,-1.14E-03,-8.49E-04,-3.22E-04,-4.67E-05,-2.75E-04,-3.14E-04,-4.89E-04,-9.90E-04,-3.47E-04,-3.67E-04,-6.97E-04,-6.34E-04,-1.98E-04,-4.28E-05
98,1.03E-04,-1.01E-03,-5.55E-04,-3.23E-04,-3.83E-04,-1.98E-04,-1.13E-03,-8.34E-04,-3.16E-04,-4.14E-05,-2.61E-04,-3.07E-04,-4.91E-04,-9.75E-04,-3.38E-04,-3.55E-04,-6.84E-04,-6.17E-04,-1.92E-04,-3.80E-05
99,9.73E-05,-9.90E-04,-5.45E-04,-3.09E-04,-3.73E-04,-1.87E-04,-1.11E-03,-8.18E-04,-3.10E-04,-3.57E-05,-2.48E-04,-3.01E-04,-4.94E-04,-9.58E-04,-3.28E-04,-3.42E-04,-6.69E-04,-6.01E-04,-1.86E-04,-3.30E-05
100,8.95E-05,-9.73E-04,-5.35E-04,-2.93E-04,-3.62E-04,-1.75E-04,-1.10E-03,-8.02E-04,-3.04E-04,-2.95E-05,-2.36E-04,-2.97E-04,-4.97E-04,-9.40E-04,-3.17E-04,-3.29E-04,-6.54E-04,-5.85E-04,-1.79E-04,-2.79E-05
101,8.11E-05,-9.54E-04,-5.26E-04,-2.77E-04,-3.51E-04,-1.62E-04,-1.09E-03,-7.85E-04,-2.97E-04,-2.28E-05,-2.26E-04,-2.95E-04,-4.99E-04,-9.22E-04,-3.05E-04,-3.15E-04,-6.39E-04,-5.71E-04,-1.71E-04,-2.28E-05
102,7.32E-05,-9.33E-04,-5.16E-04,-2.60E-04,-3.40E-04,-1.49E-04,-1.07E-03,-7.67E-04,-2.90E-04,-1.56E-05,-2.17E-04,-2.96E-04,-5.01E-04,-9.03E-04,-2.92E-04,-3.00E-04,-6.23E-04,-5.57E-04,-1.64E-04,-1.79E-05
103,6.70E-05,-9.10E-04,-5.07E-04,-2.43E-04,-3.28E-04,-1.34E-04,-1.05E-03,-7.48E-04,-2.83E-04,-7.98E-06,-2.11E-04,-2.98E-04,-5.02E-04,-8.83E-04,-2.78E-04,-2.85E-04,-6.08E-04,-5.44E-04,-1.55E-04,-1.33E-05
104,6.33E-05,-8.85E-04,-4.98E-04,-2.26E-04,-3.15E-04,-1.19E-04,-1.04E-03,-7.29E-04,-2.76E-04,-6.18E-09,-2.05E-04,-3.01E-04,-5.02E-04,-8.63E-04,-2.64E-04,-2.70E-04,-5.93E-04,-5.33E-04,-1.47E-04,-9.21E-06
105,6.27E-05,-8.58E-04,-4.89E-04,-2.09E-04,-3.02E-04,-1.04E-04,-1.01E-03,-7.10E-04,-2.68E-04,8.26E-06,-2.01E-04,-3.05E-04,-5.01E-04,-8.42E-04,-2.49E-04,-2.55E-04,-5.78E-04,-5.22E-04,-1.38E-04,-5.72E-06
106,6.54E-05,-8.30E-04,-4.80E-04,-1.93E-04,-2.89E-04,-8.92E-05,-9.91E-04,-6.91E-04,-2.61E-04,1.67E-05,-1.99E-04,-3.09E-04,-4.99E-04,-8.21E-04,-2.34E-04,-2.40E-04,-5.65E-04,-5.12E-04,-1.29E-04,-2.91E-06
107,7.16E-05,-8.00E-04,-4.71E-04,-1.76E-04,-2.75E-04,-7.41E-05,-9.66E-04,-6.72E-04,-2.53E-04,2.53E-05,-1.97E-04,-3.12E-04,-4.95E-04,-7.99E-04,-2.19E-04,-2.25E-04,-5.53E-04,-5.02E-04,-1.20E-04,-8.06E-07
108,8.08E-05,-7.69E-04,-4.62E-04,-1.61E-04,-2.61E-04,-5.94E-05,-9.40E-04,-6.52E-04,-2.45E-04,3.39E-05,-1.95E-04,-3.14E-04,-4.90E-04,-7.77E-04,-2.04E-04,-2.10E-04,-5.42E-04,-4.93E-04,-1.11E-04,5.67E-07
109,9.25E-05,-7.37E-04,-4.53E-04,-1.46E-04,-2.46E-04,-4.53E-05,-9.13E-04,-6.33E-04,-2.37E-04,4.25E-05,-1.94E-04,-3.14E-04,-4.83E-04,-7.55E-04,-1.89E-04,-1.96E-04,-5.32E-04,-4.83E-04,-1.03E-04,1.24E-06
110,1.06E-04,-7.06E-04,-4.44E-04,-1.32E-04,-2.32E-04,-3.19E-05,-8.86E-04,-6.14E-04,-2.29E-04,5.08E-05,-1.92E-04,-3.10E-04,-4.75E-04,-7.33E-04,-1.73E-04,-1.83E-04,-5.23E-04,-4.73E-04,-9.42E-05,1.26E-06
111,1.20E-04,-6.75E-04,-4.34E-04,-1.19E-04,-2.17E-04,-1.94E-05,-8.59E-04,-5.95E-04,-2.21E-04,5.90E-05,-1.91E-04,-3.03E-04,-4.65E-04,-7.11E-04,-1.57E-04,-1.70E-04,-5.16E-04,-4.62E-04,-8.63E-05,7.22E-07
112,1.33E-04,-6.46E-04,-4.24E-04,-1.07E-04,-2.03E-04,-7.98E-06,-8.33E-04,-5.76E-04,-2.13E-04,6.68E-05,-1.88E-04,-2.92E-04,-4.54E-04,-6.89E-04,-1.41E-04,-1.58E-04,-5.09E-04,-4.51E-04,-7.86E-05,-2.76E-07
113,1.45E-04,-6.18E-04,-4.14E-04,-9.64E-05,-1.89E-04,2.41E-06,-8.08E-04,-5.58E-04,-2.05E-04,7.44E-05,-1.85E-04,-2.78E-04,-4.41E-04,-6.67E-04,-1.25E-04,-1.47E-04,-5.03E-04,-4.38E-04,-7.14E-05,-1.61E-06
114,1.55E-04,-5.93E-04,-4.04E-04,-8.68E-05,-1.75E-04,1.17E-05,-7.84E-04,-5.40E-04,-1.97E-04,8.16E-05,-1.82E-04,-2.60E-04,-4.27E-04,-6.46E-04,-1.08E-04,-1.36E-04,-4.99E-04,-4.24E-04,-6.45E-05,-3.16E-06
115,1.62E-04,-5.70E-04,-3.94E-04,-7.84E-05,-1.62E-04,1.99E-05,-7.62E-04,-5.21E-04,-1.90E-04,8.85E-05,-1.77E-04,-2.40E-04,-4.12E-04,-6.24E-04,-9.14E-05,-1.27E-04,-4.94E-04,-4.09E-04,-5.78E-05,-4.80E-06
116,1.65E-04,-5.50E-04,-3.84E-04,-7.09E-05,-1.49E-04,2.71E-05,-7.42E-04,-5.03E-04,-1.82E-04,9.50E-05,-1.72E-04,-2.17E-04,-3.96E-04,-6.04E-04,-7.40E-05,-1.18E-04,-4.90E-04,-3.93E-04,-5.14E-05,-6.40E-06
117,1.65E-04,-5.33E-04,-3.74E-04,-6.44E-05,-1.37E-04,3.33E-05,-7.24E-04,-4.85E-04,-1.75E-04,1.01E-04,-1.66E-04,-1.94E-04,-3.79E-04,-5.84E-04,-5.64E-05,-1.09E-04,-4.85E-04,-3.77E-04,-4.50E-05,-7.84E-06
118,1.62E-04,-5.19E-04,-3.64E-04,-5.86E-05,-1.26E-04,3.88E-05,-7.07E-04,-4.67E-04,-1.67E-04,1.07E-04,-1.60E-04,-1.70E-04,-3.61E-04,-5.64E-04,-3.87E-05,-1.01E-04,-4.81E-04,-3.60E-04,-3.87E-05,-9.03E-06
119,1.56E-04,-5.07E-04,-3.55E-04,-5.34E-05,-1.15E-04,4.36E-05,-6.91E-04,-4.49E-04,-1.59E-04,1.13E-04,-1.53E-04,-1.48E-04,-3.43E-04,-5.45E-04,-2.09E-05,-9.29E-05,-4.76E-04,-3.42E-04,-3.22E-05,-9.89E-06
120,1.49E-04,-4.97E-04,-3.46E-04,-4.85E-05,-1.05E-04,4.80E-05,-6.76E-04,-4.31E-04,-1.52E-04,1.19E-04,-1.46E-04,-1.27E-04,-3.24E-04,-5.26E-04,-3.34E-06,-8.51E-05,-4.70E-04,-3.25E-04,-2.55E-05,-1.03E-05
121,1.42E-04,-4.89E-04,-3.36E-04,-4.38E-05,-9.50E-05,5.21E-05,-6.61E-04,-4.12E-04,-1.44E-04,1.25E-04,-1.39E-04,-1.10E-04,-3.05E-04,-5.07E-04,1.40E-05,-7.73E-05,-4.63E-04,-3.07E-04,-1.85E-05,-1.04E-05
122,1.35E-04,-4.81E-04,-3.28E-04,-3.90E-05,-8.58E-05,5.61E-05,-6.45E-04,-3.94E-04,-1.36E-04,1.31E-04,-1.32E-04,-9.65E-05,-2.86E-04,-4.88E-04,3.08E-05,-6.93E-05,-4.54E-04,-2.90E-04,-1.12E-05,-9.89E-06
123,1.30E-04,-4.74E-04,-3.19E-04,-3.39E-05,-7.68E-05,6.01E-05,-6.27E-04,-3.76E-04,-1.28E-04,1.37E-04,-1.26E-04,-8.72E-05,-2.67E-04,-4.70E-04,4.70E-05,-6.09E-05,-4.45E-04,-2.74E-04,-3.36E-06,-8.93E-06
124,1.30E-04,-4.66E-04,-3.11E-04,-2.84E-05,-6.80E-05,6.42E-05,-6.08E-04,-3.57E-04,-1.19E-04,1.44E-04,-1.19E-04,-8.25E-05,-2.48E-04,-4.51E-04,6.26E-05,-5.21E-05,-4.34E-04,-2.58E-04,4.93E-06,-7.47E-06
125,1.34E-04,-4.57E-04,-3.02E-04,-2.21E-05,-5.91E-05,6.87E-05,-5.87E-04,-3.38E-04,-1.10E-04,1.51E-04,-1.13E-04,-8.21E-05,-2.31E-04,-4.31E-04,7.74E-05,-4.27E-05,-4.22E-04,-2.42E-04,1.37E-05,-5.51E-06
126,1.43E-04,-4.46E-04,-2.94E-04,-1.51E-05,-4.99E-05,7.35E-05,-5.63E-04,-3.19E-04,-1.01E-04,1.58E-04,-1.07E-04,-8.58E-05,-2.14E-04,-4.11E-04,9.15E-05,-3.26E-05,-4.09E-04,-2.27E-04,2.30E-05,-3.08E-06
127,1.60E-04,-4.33E-04,-2.85E-04,-7.10E-06,-4.04E-05,7.88E-05,-5.36E-04,-2.99E-04,-9.13E-05,1.65E-04,-1.01E-04,-9.27E-05,-1.98E-04,-3.91E-04,1.05E-04,-2.17E-05,-3.94E-04,-2.12E-04,3.27E-05,-1.86E-07
128,1.82E-04,-4.18E-04,-2.76E-04,1.90E-06,-3.03E-05,8.46E-05,-5.07E-04,-2.79E-04,-8.11E-05,1.74E-04,-9.44E-05,-1.02E-04,-1.83E-04,-3.69E-04,1.18E-04,-1.00E-05,-3.78E-04,-1.98E-04,4.28E-05,3.15E-06
129,2.12E-04,-4.01E-04,-2.67E-04,1.19E-05,-1.94E-05,9.08E-05,-4.76E-04,-2.58E-04,-7.05E-05,1.82E-04,-8.76E-05,-1.12E-04,-1.70E-04,-3.46E-04,1.31E-04,2.54E-06,-3.61E-04,-1.83E-04,5.33E-05,6.91E-06
130,2.47E-04,-3.82E-04,-2.56E-04,2.30E-05,-7.64E-06,9.76E-05,-4.43E-04,-2.37E-04,-5.94E-05,1.91E-04,-8.04E-05,-1.23E-04,-1.57E-04,-3.23E-04,1.43E-04,1.59E-05,-3.42E-04,-1.68E-04,6.40E-05,1.11E-05
131,2.88E-04,-3.61E-04,-2.45E-04,3.49E-05,5.10E-06,1.05E-04,-4.09E-04,-2.15E-04,-4.79E-05,2.00E-04,-7.23E-05,-1.32E-04,-1.46E-04,-2.97E-04,1.56E-04,3.01E-05,-3.23E-04,-1.52E-04,7.49E-05,1.56E-05
132,3.32E-04,-3.39E-04,-2.33E-04,4.77E-05,1.89E-05,1.13E-04,-3.75E-04,-1.93E-04,-3.60E-05,2.10E-04,-6.34E-05,-1.38E-04,-1.36E-04,-2.71E-04,1.70E-04,4.52E-05,-3.03E-04,-1.36E-04,8.60E-05,2.05E-05
133,3.79E-04,-3.16E-04,-2.20E-04,6.11E-05,3.37E-05,1.21E-04,-3.41E-04,-1.69E-04,-2.38E-05,2.20E-04,-5.34E-05,-1.41E-04,-1.27E-04,-2.44E-04,1.84E-04,6.09E-05,-2.82E-04,-1.18E-04,9.71E-05,2.57E-05
134,4.28E-04,-2.94E-04,-2.06E-04,7.49E-05,4.96E-05,1.29E-04,-3.08E-04,-1.45E-04,-1.13E-05,2.30E-04,-4.23E-05,-1.40E-04,-1.18E-04,-2.15E-04,2.00E-04,7.72E-05,-2.60E-04,-9.97E-05,1.08E-04,3.11E-05
135,4.75E-04,-2.72E-04,-1.90E-04,8.89E-05,6.65E-05,1.38E-04,-2.76E-04,-1.20E-04,1.25E-06,2.40E-04,-3.02E-05,-1.33E-04,-1.10E-04,-1.86E-04,2.17E-04,9.40E-05,-2.38E-04,-7.98E-05,1.19E-04,3.68E-05
136,5.21E-04,-2.52E-04,-1.73E-04,1.03E-04,8.42E-05,1.46E-04,-2.47E-04,-9.42E-05,1.39E-05,2.50E-04,-1.71E-05,-1.21E-04,-1.03E-04,-1.55E-04,2.36E-04,1.11E-04,-2.16E-04,-5.86E-05,1.30E-04,4.26E-05
137,5.63E-04,-2.34E-04,-1.55E-04,1.17E-04,1.03E-04,1.55E-04,-2.20E-04,-6.75E-05,2.64E-05,2.61E-04,-3.18E-06,-1.04E-04,-9.50E-05,-1.25E-04,2.56E-04,1.29E-04,-1.94E-04,-3.62E-05,1.41E-04,4.85E-05
138,6.01E-04,-2.19E-04,-1.36E-04,1.30E-04,1.22E-04,1.64E-04,-1.96E-04,-4.02E-05,3.87E-05,2.70E-04,1.12E-05,-8.19E-05,-8.71E-05,-9.41E-05,2.78E-04,1.46E-04,-1.72E-04,-1.28E-05,1.52E-04,5.44E-05
139,6.33E-04,-2.07E-04,-1.16E-04,1.42E-04,1.41E-04,1.73E-04,-1.75E-04,-1.24E-05,5.07E-05,2.80E-04,2.58E-05,-5.61E-05,-7.89E-05,-6.35E-05,3.02E-04,1.63E-04,-1.51E-04,1.15E-05,1.63E-04,6.02E-05
140,6.60E-04,-1.97E-04,-9.57E-05,1.53E-04,1.61E-04,1.82E-04,-1.56E-04,1.57E-05,6.22E-05,2.89E-04,4.01E-05,-2.74E-05,-7.00E-05,-3.34E-05,3.27E-04,1.80E-04,-1.29E-04,3.65E-05,1.74E-04,6.58E-05
141,6.80E-04,-1.91E-04,-7.46E-05,1.63E-04,1.80E-04,1.90E-04,-1.40E-04,4.39E-05,7.31E-05,2.98E-04,5.39E-05,3.04E-06,-6.02E-05,-3.96E-06,3.53E-04,1.96E-04,-1.09E-04,6.17E-05,1.85E-04,7.12E-05
142,6.95E-04,-1.87E-04,-5.34E-05,1.72E-04,1.99E-04,1.99E-04,-1.26E-04,7.19E-05,8.32E-05,3.06E-04,6.65E-05,3.38E-05,-4.96E-05,2.44E-05,3.80E-04,2.12E-04,-8.84E-05,8.70E-05,1.95E-04,7.61E-05
143,7.05E-04,-1.85E-04,-3.22E-05,1.79E-04,2.18E-04,2.06E-04,-1.13E-04,9.94E-05,9.26E-05,3.13E-04,7.77E-05,6.34E-05,-3.80E-05,5.14E-05,4.07E-04,2.26E-04,-6.90E-05,1.12E-04,2.06E-04,8.05E-05
144,7.11E-04,-1.84E-04,-1.14E-05,1.84E-04,2.36E-04,2.13E-04,-1.01E-04,1.26E-04,1.01E-04,3.19E-04,8.70E-05,9.08E-05,-2.53E-05,7.69E-05,4.33E-04,2.39E-04,-5.03E-05,1.36E-04,2.17E-04,8.43E-05
145,7.14E-04,-1.85E-04,8.76E-06,1.88E-04,2.52E-04,2.20E-04,-8.86E-05,1.52E-04,1.09E-04,3.24E-04,9.41E-05,1.15E-04,-1.17E-05,1.01E-04,4.58E-04,2.50E-04,-3.26E-05,1.60E-04,2.27E-04,8.74E-05
146,7.15E-04,-1.85E-04,2.81E-05,1.90E-04,2.68E-04,2.26E-04,-7.62E-05,1.76E-04,1.15E-04,3.28E-04,9.89E-05,1.34E-04,2.74E-06,1.23E-04,4.82E-04,2.60E-04,-1.57E-05,1.82E-04,2.37E-04,8.97E-05
147,7.16E-04,-1.84E-04,4.64E-05,1.91E-04,2.82E-04,2.31E-04,-6.30E-05,1.99E-04,1.21E-04,3.31E-04,1.01E-04,1.48E-04,1.80E-05,1.43E-04,5.03E-04,2.68E-04,5.15E-08,2.03E-04,2.47E-04,9.13E-05
148,7.16E-04,-1.82E-04,6.34E-05,1.90E-04,2.94E-04,2.34E-04,-4.87E-05,2.20E-04,1.26E-04,3.32E-04,1.01E-04,1.57E-04,3.37E-05,1.61E-04,5.23E-04,2.74E-04,1.48E-05,2.22E-04,2.56E-04,9.20E-05
149,7.18E-04,-1.78E-04,7.90E-05,1.88E-04,3.05E-04,2.37E-04,-3.31E-05,2.40E-04,1.29E-04,3.32E-04,9.79E-05,1.61E-04,4.99E-05,1.77E-04,5.39E-04,2.77E-04,2.84E-05,2.40E-04,2.65E-04,9.19E-05
150,7.22E-04,-1.71E-04,9.31E-05,1.85E-04,3.15E-04,2.39E-04,-1.60E-05,2.58E-04,1.32E-04,3.30E-04,9.29E-05,1.59E-04,6.61E-05,1.91E-04,5.52E-04,2.79E-04,4.10E-05,2.56E-04,2.73E-04,9.10E-05
151,7.28E-04,-1.60E-04,1.06E-04,1.80E-04,3.22E-04,2.39E-04,2.37E-06,2.74E-04,1.34E-04,3.27E-04,8.61E-05,1.54E-04,8.22E-05,2.03E-04,5.62E-04,2.78E-04,5.24E-05,2.70E-04,2.81E-04,8.94E-05
152,7.36E-04,-1.46E-04,1.17E-04,1.75E-04,3.28E-04,2.38E-04,2.18E-05,2.88E-04,1.36E-04,3.22E-04,7.79E-05,1.44E-04,9.78E-05,2.14E-04,5.70E-04,2.75E-04,6.27E-05,2.83E-04,2.88E-04,8.72E-05
153,7.46E-04,-1.27E-04,1.26E-04,1.69E-04,3.32E-04,2.35E-04,4.19E-05,3.00E-04,1.37E-04,3.16E-04,6.89E-05,1.33E-04,1.13E-04,2.24E-04,5.74E-04,2.70E-04,7.19E-05,2.94E-04,2.94E-04,8.45E-05
154,7.58E-04,-1.06E-04,1.34E-04,1.62E-04,3.35E-04,2.32E-04,6.24E-05,3.11E-04,1.37E-04,3.09E-04,5.96E-05,1.20E-04,1.27E-04,2.32E-04,5.76E-04,2.62E-04,8.01E-05,3.04E-04,2.99E-04,8.14E-05
155,7.71E-04,-8.01E-05,1.40E-04,1.55E-04,3.37E-04,2.26E-04,8.27E-05,3.21E-04,1.37E-04,3.00E-04,5.06E-05,1.08E-04,1.40E-04,2.39E-04,5.75E-04,2.53E-04,8.74E-05,3.13E-04,3.03E-04,7.82E-05
156,7.84E-04,-5.16E-05,1.45E-04,1.47E-04,3.37E-04,2.20E-04,1.02E-04,3.29E-04,1.37E-04,2.91E-04,4.25E-05,9.62E-05,1.51E-04,2.45E-04,5.73E-04,2.43E-04,9.37E-05,3.20E-04,3.06E-04,7.48E-05
157,7.95E-04,-2.05E-05,1.49E-04,1.39E-04,3.36E-04,2.13E-04,1.21E-04,3.37E-04,1.37E-04,2.80E-04,3.59E-05,8.69E-05,1.61E-04,2.50E-04,5.69E-04,2.31E-04,9.94E-05,3.26E-04,3.09E-04,7.15E-05
158,8.05E-04,1.26E-05,1.52E-04,1.31E-04,3.34E-04,2.04E-04,1.38E-04,3.44E-04,1.37E-04,2.69E-04,3.13E-05,8.07E-05,1.69E-04,2.55E-04,5.64E-04,2.18E-04,1.04E-04,3.31E-04,3.10E-04,6.83E-05
159,8.11E-04,4.68E-05,1.54E-04,1.23E-04,3.31E-04,1.94E-04,1.54E-04,3.50E-04,1.37E-04,2.58E-04,2.90E-05,7.80E-05,1.76E-04,2.60E-04,5.59E-04,2.04E-04,1.09E-04,3.36E-04,3.11E-04,6.55E-05
160,8.13E-04,8.15E-05,1.56E-04,1.14E-04,3.28E-04,1.84E-04,1.68E-04,3.56E-04,1.38E-04,2.46E-04,2.93E-05,7.92E-05,1.81E-04,2.64E-04,5.54E-04,1.90E-04,1.13E-04,3.40E-04,3.12E-04,6.31E-05
161,8.10E-04,1.16E-04,1.57E-04,1.06E-04,3.25E-04,1.73E-04,1.80E-04,3.61E-04,1.38E-04,2.34E-04,3.25E-05,8.44E-05,1.84E-04,2.69E-04,5.49E-04,1.75E-04,1.18E-04,3.43E-04,3.12E-04,6.11E-05
162,8.02E-04,1.49E-04,1.57E-04,9.77E-05,3.21E-04,1.61E-04,1.91E-04,3.66E-04,1.39E-04,2.22E-04,3.85E-05,9.32E-05,1.85E-04,2.73E-04,5.45E-04,1.61E-04,1.22E-04,3.46E-04,3.11E-04,5.96E-05
163,7.89E-04,1.80E-04,1.57E-04,8.96E-05,3.17E-04,1.50E-04,2.00E-04,3.70E-04,1.40E-04,2.10E-04,4.73E-05,1.05E-04,1.85E-04,2.78E-04,5.42E-04,1.47E-04,1.27E-04,3.49E-04,3.11E-04,5.87E-05
164,7.70E-04,2.09E-04,1.58E-04,8.17E-05,3.14E-04,1.37E-04,2.08E-04,3.74E-04,1.41E-04,1.98E-04,5.86E-05,1.20E-04,1.84E-04,2.84E-04,5.40E-04,1.34E-04,1.32E-04,3.51E-04,3.10E-04,5.83E-05
165,7.45E-04,2.34E-04,1.58E-04,7.40E-05,3.10E-04,1.25E-04,2.15E-04,3.77E-04,1.42E-04,1.87E-04,7.21E-05,1.36E-04,1.82E-04,2.89E-04,5.38E-04,1.21E-04,1.38E-04,3.54E-04,3.09E-04,5.84E-05
166,7.17E-04,2.57E-04,1.59E-04,6.67E-05,3.07E-04,1.13E-04,2.22E-04,3.80E-04,1.43E-04,1.77E-04,8.73E-05,1.53E-04,1.80E-04,2.95E-04,5.37E-04,1.09E-04,1.45E-04,3.56E-04,3.08E-04,5.89E-05
167,6.85E-04,2.75E-04,1.60E-04,5.98E-05,3.04E-04,1.01E-04,2.28E-04,3.83E-04,1.44E-04,1.67E-04,1.04E-04,1.70E-04,1.77E-04,3.02E-04,5.37E-04,9.81E-05,1.53E-04,3.59E-04,3.07E-04,5.99E-05
168,6.52E-04,2.90E-04,1.62E-04,5.34E-05,3.01E-04,8.86E-05,2.35E-04,3.84E-04,1.46E-04,1.57E-04,1.21E-04,1.87E-04,1.75E-04,3.10E-04,5.37E-04,8.84E-05,1.62E-04,3.62E-04,3.07E-04,6.13E-05
169,6.18E-04,3.01E-04,1.64E-04,4.75E-05,2.98E-04,7.67E-05,2.43E-04,3.85E-04,1.47E-04,1.48E-04,1.38E-04,2.02E-04,1.73E-04,3.17E-04,5.38E-04,7.97E-05,1.72E-04,3.65E-04,3.06E-04,6.31E-05
170,5.85E-04,3.09E-04,1.68E-04,4.22E-05,2.96E-04,6.51E-05,2.51E-04,3.86E-04,1.48E-04,1.40E-04,1.55E-04,2.15E-04,1.72E-04,3.26E-04,5.38E-04,7.21E-05,1.84E-04,3.69E-04,3.06E-04,6.51E-05
171,5.55E-04,3.14E-04,1.72E-04,3.76E-05,2.94E-04,5.39E-05,2.60E-04,3.85E-04,1.48E-04,1.32E-04,1.72E-04,2.26E-04,1.73E-04,3.35E-04,5.39E-04,6.56E-05,1.97E-04,3.74E-04,3.06E-04,6.74E-05
172,5.28E-04,3.17E-04,1.78E-04,3.37E-05,2.92E-04,4.29E-05,2.71E-04,3.84E-04,1.49E-04,1.24E-04,1.86E-04,2.34E-04,1.76E-04,3.45E-04,5.39E-04,6.01E-05,2.11E-04,3.79E-04,3.07E-04,6.99E-05
173,5.07E-04,3.18E-04,1.85E-04,3.06E-05,2.91E-04,3.24E-05,2.84E-04,3.83E-04,1.49E-04,1.17E-04,1.99E-04,2.40E-04,1.80E-04,3.55E-04,5.38E-04,5.57E-05,2.27E-04,3.85E-04,3.07E-04,7.27E-05
174,4.91E-04,3.19E-04,1.93E-04,2.81E-05,2.89E-04,2.23E-05,2.97E-04,3.81E-04,1.49E-04,1.10E-04,2.10E-04,2.44E-04,1.87E-04,3.65E-04,5.37E-04,5.21E-05,2.43E-04,3.92E-04,3.08E-04,7.56E-05
175,4.82E-04,3.19E-04,2.02E-04,2.64E-05,2.88E-04,1.27E-05,3.13E-04,3.78E-04,1.49E-04,1.03E-04,2.18E-04,2.47E-04,1.95E-04,3.75E-04,5.36E-04,4.94E-05,2.61E-04,3.99E-04,3.09E-04,7.88E-05
176,4.81E-04,3.21E-04,2.13E-04,2.53E-05,2.87E-04,3.58E-06,3.29E-04,3.76E-04,1.48E-04,9.61E-05,2.24E-04,2.49E-04,2.06E-04,3.86E-04,5.34E-04,4.75E-05,2.79E-04,4.08E-04,3.11E-04,8.23E-05
177,4.85E-04,3.24E-04,2.24E-04,2.49E-05,2.86E-04,-4.91E-06,3.48E-04,3.73E-04,1.47E-04,8.92E-05,2.28E-04,2.51E-04,2.19E-04,3.97E-04,5.31E-04,4.63E-05,2.97E-04,4.16E-04,3.13E-04,8.60E-05
178,4.96E-04,3.30E-04,2.37E-04,2.50E-05,2.85E-04,-1.28E-05,3.68E-04,3.71E-04,1.46E-04,8.22E-05,2.29E-04,2.53E-04,2.33E-04,4.07E-04,5.29E-04,4.58E-05,3.16E-04,4.25E-04,3.16E-04,9.00E-05
179,5.13E-04,3.40E-04,2.50E-04,2.55E-05,2.85E-04,-1.99E-05,3.89E-04,3.69E-04,1.44E-04,7.50E-05,2.28E-04,2.56E-04,2.49E-04,4.17E-04,5.26E-04,4.58E-05,3.35E-04,4.34E-04,3.19E-04,9.42E-05
180,5.33E-04,3.54E-04,2.64E-04,2.63E-05,2.84E-04,-2.63E-05,4.11E-04,3.67E-04,1.43E-04,6.77E-05,2.25E-04,2.60E-04,2.65E-04,4.26E-04,5.23E-04,4.63E-05,3.54E-04,4.43E-04,3.22E-04,9.87E-05
181,5.57E-04,3.73E-04,2.78E-04,2.73E-05,2.83E-04,-3.20E-05,4.35E-04,3.65E-04,1.41E-04,6.03E-05,2.20E-04,2.67E-04,2.81E-04,4.35E-04,5.20E-04,4.72E-05,3.72E-04,4.52E-04,3.27E-04,1.03E-04
182,5.82E-04,3.96E-04,2.93E-04,2.83E-05,2.83E-04,-3.69E-05,4.59E-04,3.63E-04,1.39E-04,5.26E-05,2.14E-04,2.75E-04,2.97E-04,4.42E-04,5.18E-04,4.85E-05,3.90E-04,4.60E-04,3.31E-04,1.08E-04
183,6.06E-04,4.25E-04,3.08E-04,2.93E-05,2.82E-04,-4.10E-05,4.85E-04,3.61E-04,1.37E-04,4.47E-05,2.06E-04,2.84E-04,3.13E-04,4.49E-04,5.16E-04,5.00E-05,4.07E-04,4.68E-04,3.37E-04,1.13E-04
184,6.28E-04,4.57E-04,3.23E-04,3.00E-05,2.82E-04,-4.44E-05,5.10E-04,3.58E-04,1.35E-04,3.67E-05,1.98E-04,2.96E-04,3.27E-04,4.55E-04,5.14E-04,5.18E-05,4.23E-04,4.75E-04,3.42E-04,1.18E-04
185,6.46E-04,4.93E-04,3.37E-04,3.05E-05,2.82E-04,-4.70E-05,5.35E-04,3.55E-04,1.33E-04,2.84E-05,1.89E-04,3.08E-04,3.40E-04,4.59E-04,5.13E-04,5.37E-05,4.38E-04,4.80E-04,3.48E-04,1.23E-04
186,6.59E-04,5.32E-04,3.51E-04,3.07E-05,2.81E-04,-4.90E-05,5.60E-04,3.52E-04,1.30E-04,2.00E-05,1.80E-04,3.21E-04,3.51E-04,4.62E-04,5.12E-04,5.56E-05,4.51E-04,4.85E-04,3.55E-04,1.27E-04
187,6.65E-04,5.73E-04,3.64E-04,3.04E-05,2.81E-04,-5.04E-05,5.83E-04,3.47E-04,1.28E-04,1.15E-05,1.72E-04,3.33E-04,3.60E-04,4.64E-04,5.12E-04,5.75E-05,4.64E-04,4.88E-04,3.61E-04,1.31E-04
188,6.64E-04,6.14E-04,3.76E-04,2.98E-05,2.81E-04,-5.12E-05,6.04E-04,3.40E-04,1.25E-04,2.95E-06,1.63E-04,3.44E-04,3.66E-04,4.64E-04,5.12E-04,5.94E-05,4.75E-04,4.90E-04,3.68E-04,1.35E-04
189,6.54E-04,6.54E-04,3.88E-04,2.88E-05,2.81E-04,-5.17E-05,6.22E-04,3.32E-04,1.23E-04,-5.59E-06,1.55E-04,3.54E-04,3.71E-04,4.64E-04,5.11E-04,6.11E-05,4.85E-04,4.91E-04,3.74E-04,1.38E-04
190,6.36E-04,6.91E-04,3.98E-04,2.76E-05,2.80E-04,-5.18E-05,6.37E-04,3.23E-04,1.20E-04,-1.41E-05,1.48E-04,3.61E-04,3.74E-04,4.62E-04,5.10E-04,6.27E-05,4.93E-04,4.90E-04,3.79E-04,1.41E-04
191,6.11E-04,7.24E-04,4.08E-04,2.61E-05,2.80E-04,-5.16E-05,6.48E-04,3.11E-04,1.17E-04,-2.24E-05,1.42E-04,3.65E-04,3.75E-04,4.60E-04,5.09E-04,6.41E-05,5.00E-04,4.88E-04,3.85E-04,1.43E-04
192,5.79E-04,7.52E-04,4.16E-04,2.46E-05,2.79E-04,-5.13E-05,6.54E-04,2.98E-04,1.14E-04,-3.05E-05,1.37E-04,3.66E-04,3.75E-04,4.57E-04,5.07E-04,6.54E-05,5.06E-04,4.85E-04,3.89E-04,1.44E-04
193,5.41E-04,7.72E-04,4.24E-04,2.31E-05,2.79E-04,-5.08E-05,6.54E-04,2.83E-04,1.11E-04,-3.82E-05,1.33E-04,3.64E-04,3.74E-04,4.53E-04,5.03E-04,6.65E-05,5.11E-04,4.80E-04,3.92E-04,1.45E-04
194,4.99E-04,7.86E-04,4.31E-04,2.19E-05,2.78E-04,-5.01E-05,6.49E-04,2.67E-04,1.08E-04,-4.54E-05,1.30E-04,3.58E-04,3.73E-04,4.50E-04,4.99E-04,6.76E-05,5.15E-04,4.74E-04,3.95E-04,1.46E-04
195,4.56E-04,7.91E-04,4.37E-04,2.12E-05,2.76E-04,-4.93E-05,6.39E-04,2.49E-04,1.04E-04,-5.20E-05,1.29E-04,3.48E-04,3.72E-04,4.46E-04,4.94E-04,6.87E-05,5.18E-04,4.68E-04,3.96E-04,1.46E-04
196,4.14E-04,7.88E-04,4.42E-04,2.11E-05,2.75E-04,-4.83E-05,6.23E-04,2.30E-04,1.01E-04,-5.79E-05,1.29E-04,3.36E-04,3.71E-04,4.43E-04,4.87E-04,6.99E-05,5.19E-04,4.60E-04,3.96E-04,1.46E-04
197,3.74E-04,7.76E-04,4.47E-04,2.17E-05,2.74E-04,-4.69E-05,6.02E-04,2.10E-04,9.82E-05,-6.29E-05,1.30E-04,3.21E-04,3.71E-04,4.40E-04,4.79E-04,7.15E-05,5.20E-04,4.52E-04,3.96E-04,1.46E-04
198,3.40E-04,7.57E-04,4.51E-04,2.33E-05,2.72E-04,-4.52E-05,5.76E-04,1.90E-04,9.53E-05,-6.70E-05,1.33E-04,3.04E-04,3.71E-04,4.38E-04,4.71E-04,7.34E-05,5.19E-04,4.43E-04,3.94E-04,1.46E-04
199,3.13E-04,7.30E-04,4.55E-04,2.60E-05,2.71E-04,-4.29E-05,5.47E-04,1.70E-04,9.26E-05,-7.00E-05,1.37E-04,2.87E-04,3.73E-04,4.37E-04,4.61E-04,7.58E-05,5.18E-04,4.33E-04,3.91E-04,1.47E-04
200,2.95E-04,6.99E-04,4.58E-04,2.98E-05,2.69E-04,-4.00E-05,5.16E-04,1.51E-04,9.02E-05,-7.18E-05,1.42E-04,2.70E-04,3.76E-04,4.37E-04,4.50E-04,7.90E-05,5.16E-04,4.23E-04,3.88E-04,1.48E-04
201,2.87E-04,6.63E-04,4.61E-04,3.48E-05,2.68E-04,-3.63E-05,4.83E-04,1.32E-04,8.81E-05,-7.24E-05,1.49E-04,2.53E-04,3.80E-04,4.37E-04,4.40E-04,8.29E-05,5.14E-04,4.11E-04,3.84E-04,1.49E-04
202,2.90E-04,6.24E-04,4.64E-04,4.10E-05,2.67E-04,-3.17E-05,4.51E-04,1.14E-04,8.62E-05,-7.17E-05,1.56E-04,2.38E-04,3.86E-04,4.39E-04,4.28E-04,8.77E-05,5.11E-04,4.00E-04,3.80E-04,1.52E-04
203,3.02E-04,5.85E-04,4.67E-04,4.84E-05,2.66E-04,-2.60E-05,4.20E-04,9.79E-05,8.46E-05,-6.98E-05,1.64E-04,2.26E-04,3.92E-04,4.42E-04,4.17E-04,9.35E-05,5.07E-04,3.88E-04,3.76E-04,1.55E-04
204,3.25E-04,5.47E-04,4.69E-04,5.70E-05,2.66E-04,-1.93E-05,3.92E-04,8.29E-05,8.34E-05,-6.66E-05,1.73E-04,2.16E-04,3.98E-04,4.45E-04,4.06E-04,1.00E-04,5.03E-04,3.75E-04,3.72E-04,1.59E-04
205,3.55E-04,5.11E-04,4.71E-04,6.65E-05,2.66E-04,-1.14E-05,3.67E-04,6.92E-05,8.23E-05,-6.23E-05,1.83E-04,2.08E-04,4.05E-04,4.49E-04,3.96E-04,1.08E-04,4.99E-04,3.62E-04,3.69E-04,1.63E-04
206,3.92E-04,4.80E-04,4.74E-04,7.68E-05,2.67E-04,-2.42E-06,3.47E-04,5.67E-05,8.15E-05,-5.70E-05,1.92E-04,2.04E-04,4.11E-04,4.53E-04,3.86E-04,1.17E-04,4.94E-04,3.48E-04,3.66E-04,1.68E-04
207,4.33E-04,4.53E-04,4.76E-04,8.78E-05,2.68E-04,7.63E-06,3.32E-04,4.55E-05,8.09E-05,-5.08E-05,2.01E-04,2.03E-04,4.18E-04,4.58E-04,3.77E-04,1.26E-04,4.90E-04,3.33E-04,3.63E-04,1.74E-04
208,4.74E-04,4.33E-04,4.78E-04,9.93E-05,2.70E-04,1.86E-05,3.21E-04,3.52E-05,8.03E-05,-4.40E-05,2.09E-04,2.04E-04,4.23E-04,4.63E-04,3.69E-04,1.36E-04,4.85E-04,3.18E-04,3.61E-04,1.80E-04
209,5.14E-04,4.18E-04,4.79E-04,1.11E-04,2.73E-04,3.04E-05,3.14E-04,2.56E-05,7.97E-05,-3.66E-05,2.17E-04,2.07E-04,4.28E-04,4.67E-04,3.62E-04,1.46E-04,4.80E-04,3.03E-04,3.59E-04,1.86E-04
210,5.49E-04,4.09E-04,4.81E-04,1.23E-04,2.76E-04,4.28E-05,3.11E-04,1.64E-05,7.91E-05,-2.90E-05,2.23E-04,2.11E-04,4.33E-04,4.71E-04,3.55E-04,1.57E-04,4.76E-04,2.88E-04,3.58E-04,1.92E-04
211,5.76E-04,4.05E-04,4.83E-04,1.34E-04,2.80E-04,5.55E-05,3.10E-04,7.52E-06,7.84E-05,-2.14E-05,2.27E-04,2.16E-04,4.36E-04,4.75E-04,3.50E-04,1.67E-04,4.71E-04,2.72E-04,3.58E-04,1.97E-04
212,5.92E-04,4.06E-04,4.84E-04,1.45E-04,2.84E-04,6.84E-05,3.10E-04,-1.42E-06,7.74E-05,-1.39E-05,2.30E-04,2.20E-04,4.39E-04,4.77E-04,3.45E-04,1.77E-04,4.65E-04,2.56E-04,3.58E-04,2.02E-04
213,5.97E-04,4.11E-04,4.85E-04,1.55E-04,2.88E-04,8.10E-05,3.10E-04,-1.06E-05,7.63E-05,-6.89E-06,2.30E-04,2.24E-04,4.41E-04,4.78E-04,3.40E-04,1.87E-04,4.60E-04,2.40E-04,3.58E-04,2.05E-04
214,5.88E-04,4.16E-04,4.86E-04,1.65E-04,2.93E-04,9.32E-05,3.08E-04,-2.01E-05,7.49E-05,-4.63E-07,2.28E-04,2.25E-04,4.43E-04,4.78E-04,3.35E-04,1.96E-04,4.53E-04,2.24E-04,3.58E-04,2.08E-04
215,5.65E-04,4.23E-04,4.87E-04,1.73E-04,2.98E-04,1.05E-04,3.03E-04,-3.00E-05,7.33E-05,5.21E-06,2.24E-04,2.25E-04,4.45E-04,4.77E-04,3.31E-04,2.04E-04,4.46E-04,2.08E-04,3.57E-04,2.10E-04
216,5.28E-04,4.27E-04,4.86E-04,1.80E-04,3.03E-04,1.15E-04,2.93E-04,-4.03E-05,7.14E-05,1.00E-05,2.18E-04,2.22E-04,4.47E-04,4.75E-04,3.26E-04,2.10E-04,4.38E-04,1.92E-04,3.57E-04,2.10E-04
217,4.79E-04,4.29E-04,4.85E-04,1.87E-04,3.08E-04,1.25E-04,2.76E-04,-5.09E-05,6.94E-05,1.38E-05,2.09E-04,2.16E-04,4.49E-04,4.71E-04,3.21E-04,2.16E-04,4.29E-04,1.77E-04,3.56E-04,2.09E-04
218,4.19E-04,4.26E-04,4.83E-04,1.91E-04,3.12E-04,1.33E-04,2.53E-04,-6.17E-05,6.71E-05,1.67E-05,1.98E-04,2.06E-04,4.51E-04,4.66E-04,3.16E-04,2.20E-04,4.19E-04,1.62E-04,3.54E-04,2.07E-04
219,3.52E-04,4.17E-04,4.80E-04,1.95E-04,3.16E-04,1.40E-04,2.23E-04,-7.25E-05,6.48E-05,1.85E-05,1.85E-04,1.94E-04,4.53E-04,4.60E-04,3.10E-04,2.22E-04,4.06E-04,1.47E-04,3.52E-04,2.03E-04
220,2.79E-04,4.03E-04,4.76E-04,1.97E-04,3.20E-04,1.46E-04,1.86E-04,-8.32E-05,6.23E-05,1.94E-05,1.70E-04,1.80E-04,4.56E-04,4.53E-04,3.03E-04,2.23E-04,3.92E-04,1.32E-04,3.49E-04,1.99E-04
221,2.05E-04,3.81E-04,4.70E-04,1.98E-04,3.23E-04,1.50E-04,1.43E-04,-9.34E-05,5.99E-05,1.94E-05,1.54E-04,1.63E-04,4.59E-04,4.45E-04,2.95E-04,2.23E-04,3.77E-04,1.18E-04,3.46E-04,1.94E-04
222,1.33E-04,3.51E-04,4.62E-04,1.98E-04,3.25E-04,1.53E-04,9.44E-05,-1.03E-04,5.74E-05,1.87E-05,1.37E-04,1.45E-04,4.61E-04,4.36E-04,2.87E-04,2.22E-04,3.59E-04,1.04E-04,3.41E-04,1.88E-04
223,6.73E-05,3.15E-04,4.53E-04,1.97E-04,3.27E-04,1.54E-04,4.18E-05,-1.12E-04,5.51E-05,1.72E-05,1.20E-04,1.25E-04,4.64E-04,4.26E-04,2.77E-04,2.19E-04,3.40E-04,8.99E-05,3.36E-04,1.81E-04
224,1.03E-05,2.73E-04,4.43E-04,1.95E-04,3.28E-04,1.55E-04,-1.30E-05,-1.19E-04,5.29E-05,1.53E-05,1.03E-04,1.06E-04,4.65E-04,4.16E-04,2.67E-04,2.15E-04,3.19E-04,7.65E-05,3.31E-04,1.74E-04
225,-3.53E-05,2.26E-04,4.31E-04,1.93E-04,3.28E-04,1.55E-04,-6.81E-05,-1.26E-04,5.08E-05,1.30E-05,8.67E-05,8.72E-05,4.65E-04,4.06E-04,2.56E-04,2.11E-04,2.97E-04,6.35E-05,3.25E-04,1.68E-04
226,-6.77E-05,1.74E-04,4.17E-04,1.90E-04,3.27E-04,1.53E-04,-1.22E-04,-1.32E-04,4.88E-05,1.03E-05,7.10E-05,6.94E-05,4.63E-04,3.96E-04,2.44E-04,2.05E-04,2.73E-04,5.08E-05,3.18E-04,1.61E-04
227,-8.59E-05,1.20E-04,4.02E-04,1.86E-04,3.26E-04,1.52E-04,-1.72E-04,-1.36E-04,4.70E-05,7.56E-06,5.65E-05,5.32E-05,4.60E-04,3.85E-04,2.32E-04,1.99E-04,2.49E-04,3.85E-05,3.11E-04,1.54E-04
228,-9.01E-05,6.46E-05,3.85E-04,1.82E-04,3.25E-04,1.49E-04,-2.16E-04,-1.40E-04,4.52E-05,4.70E-06,4.35E-05,3.90E-05,4.54E-04,3.74E-04,2.19E-04,1.93E-04,2.24E-04,2.65E-05,3.04E-04,1.47E-04
229,-8.12E-05,9.83E-06,3.68E-04,1.78E-04,3.22E-04,1.47E-04,-2.54E-04,-1.43E-04,4.35E-05,1.82E-06,3.23E-05,2.70E-05,4.46E-04,3.64E-04,2.06E-04,1.86E-04,2.00E-04,1.49E-05,2.97E-04,1.41E-04
230,-6.11E-05,-4.30E-05,3.50E-04,1.74E-04,3.20E-04,1.44E-04,-2.84E-04,-1.45E-04,4.18E-05,-1.03E-06,2.30E-05,1.74E-05,4.36E-04,3.53E-04,1.93E-04,1.79E-04,1.75E-04,3.74E-06,2.89E-04,1.35E-04
231,-3.21E-05,-9.26E-05,3.31E-04,1.71E-04,3.17E-04,1.40E-04,-3.06E-04,-1.47E-04,4.01E-05,-3.84E-06,1.58E-05,1.01E-05,4.22E-04,3.42E-04,1.79E-04,1.71E-04,1.51E-04,-6.97E-06,2.82E-04,1.29E-04
232,2.56E-06,-1.38E-04,3.12E-04,1.67E-04,3.13E-04,1.37E-04,-3.20E-04,-1.48E-04,3.84E-05,-6.61E-06,1.06E-05,4.92E-06,4.07E-04,3.31E-04,1.65E-04,1.63E-04,1.29E-04,-1.72E-05,2.74E-04,1.23E-04
233,3.96E-05,-1.78E-04,2.94E-04,1.64E-04,3.09E-04,1.34E-04,-3.26E-04,-1.50E-04,3.65E-05,-9.36E-06,7.38E-06,1.47E-06,3.90E-04,3.21E-04,1.51E-04,1.55E-04,1.08E-04,-2.69E-05,2.67E-04,1.17E-04
234,7.55E-05,-2.12E-04,2.75E-04,1.62E-04,3.06E-04,1.30E-04,-3.24E-04,-1.51E-04,3.45E-05,-1.21E-05,6.04E-06,-6.35E-07,3.71E-04,3.10E-04,1.38E-04,1.47E-04,8.79E-05,-3.61E-05,2.59E-04,1.12E-04
235,1.07E-04,-2.39E-04,2.58E-04,1.60E-04,3.02E-04,1.26E-04,-3.18E-04,-1.53E-04,3.24E-05,-1.49E-05,6.34E-06,-1.85E-06,3.52E-04,2.98E-04,1.24E-04,1.39E-04,7.00E-05,-4.48E-05,2.51E-04,1.07E-04
236,1.31E-04,-2.61E-04,2.40E-04,1.58E-04,2.98E-04,1.22E-04,-3.07E-04,-1.56E-04,3.03E-05,-1.78E-05,8.01E-06,-2.66E-06,3.32E-04,2.87E-04,1.11E-04,1.30E-04,5.40E-05,-5.29E-05,2.44E-04,1.01E-04
237,1.46E-04,-2.77E-04,2.24E-04,1.57E-04,2.94E-04,1.18E-04,-2.94E-04,-1.58E-04,2.80E-05,-2.07E-05,1.08E-05,-3.54E-06,3.13E-04,2.75E-04,9.74E-05,1.22E-04,3.97E-05,-6.05E-05,2.36E-04,9.62E-05
238,1.50E-04,-2.88E-04,2.08E-04,1.56E-04,2.90E-04,1.14E-04,-2.81E-04,-1.61E-04,2.58E-05,-2.37E-05,1.42E-05,-4.88E-06,2.95E-04,2.63E-04,8.46E-05,1.13E-04,2.71E-05,-6.77E-05,2.29E-04,9.11E-05
239,1.41E-04,-2.95E-04,1.94E-04,1.56E-04,2.87E-04,1.10E-04,-2.70E-04,-1.64E-04,2.36E-05,-2.69E-05,1.80E-05,-6.99E-06,2.78E-04,2.51E-04,7.22E-05,1.05E-04,1.59E-05,-7.44E-05,2.22E-04,8.61E-05
240,1.21E-04,-2.98E-04,1.80E-04,1.56E-04,2.84E-04,1.06E-04,-2.62E-04,-1.66E-04,2.15E-05,-3.01E-05,2.18E-05,-1.01E-05,2.64E-04,2.38E-04,6.04E-05,9.66E-05,5.93E-06,-8.06E-05,2.15E-04,8.13E-05
241,9.02E-05,-2.99E-04,1.67E-04,1.56E-04,2.82E-04,1.01E-04,-2.59E-04,-1.68E-04,1.97E-05,-3.34E-05,2.51E-05,-1.42E-05,2.53E-04,2.25E-04,4.92E-05,8.89E-05,-3.14E-06,-8.65E-05,2.09E-04,7.69E-05
242,5.02E-05,-2.98E-04,1.54E-04,1.56E-04,2.80E-04,9.70E-05,-2.62E-04,-1.70E-04,1.82E-05,-3.66E-05,2.77E-05,-1.92E-05,2.44E-04,2.12E-04,3.87E-05,8.17E-05,-1.16E-05,-9.20E-05,2.02E-04,7.29E-05
243,3.74E-06,-2.97E-04,1.42E-04,1.56E-04,2.79E-04,9.30E-05,-2.71E-04,-1.70E-04,1.70E-05,-3.98E-05,2.91E-05,-2.51E-05,2.39E-04,1.99E-04,2.90E-05,7.51E-05,-1.98E-05,-9.71E-05,1.97E-04,6.94E-05
244,-4.63E-05,-2.97E-04,1.29E-04,1.56E-04,2.78E-04,8.92E-05,-2.86E-04,-1.69E-04,1.63E-05,-4.29E-05,2.92E-05,-3.14E-05,2.37E-04,1.85E-04,2.02E-05,6.93E-05,-2.81E-05,-1.02E-04,1.91E-04,6.65E-05
245,-9.66E-05,-2.97E-04,1.18E-04,1.56E-04,2.78E-04,8.59E-05,-3.08E-04,-1.67E-04,1.62E-05,-4.58E-05,2.76E-05,-3.78E-05,2.38E-04,1.72E-04,1.23E-05,6.44E-05,-3.66E-05,-1.06E-04,1.87E-04,6.43E-05
246,-1.44E-04,-2.99E-04,1.06E-04,1.55E-04,2.78E-04,8.30E-05,-3.34E-04,-1.62E-04,1.65E-05,-4.84E-05,2.43E-05,-4.39E-05,2.42E-04,1.58E-04,5.32E-06,6.05E-05,-4.57E-05,-1.10E-04,1.83E-04,6.28E-05
247,-1.85E-04,-3.02E-04,9.36E-05,1.54E-04,2.79E-04,8.07E-05,-3.64E-04,-1.56E-04,1.74E-05,-5.07E-05,1.91E-05,-4.92E-05,2.47E-04,1.45E-04,-6.64E-07,5.75E-05,-5.53E-05,-1.13E-04,1.80E-04,6.22E-05
248,-2.19E-04,-3.07E-04,8.17E-05,1.53E-04,2.81E-04,7.91E-05,-3.96E-04,-1.49E-04,1.88E-05,-5.27E-05,1.21E-05,-5.33E-05,2.55E-04,1.31E-04,-5.68E-06,5.56E-05,-6.56E-05,-1.16E-04,1.77E-04,6.24E-05
249,-2.41E-04,-3.13E-04,6.97E-05,1.51E-04,2.83E-04,7.82E-05,-4.29E-04,-1.39E-04,2.07E-05,-5.44E-05,3.19E-06,-5.58E-05,2.62E-04,1.18E-04,-9.77E-06,5.46E-05,-7.65E-05,-1.18E-04,1.75E-04,6.33E-05
250,-2.53E-04,-3.19E-04,5.78E-05,1.48E-04,2.85E-04,7.80E-05,-4.60E-04,-1.28E-04,2.30E-05,-5.58E-05,-7.37E-06,-5.65E-05,2.70E-04,1.05E-04,-1.30E-05,5.46E-05,-8.78E-05,-1.19E-04,1.74E-04,6.49E-05
251,-2.53E-04,-3.26E-04,4.62E-05,1.45E-04,2.87E-04,7.84E-05,-4.87E-04,-1.16E-04,2.57E-05,-5.69E-05,-1.94E-05,-5.53E-05,2.78E-04,9.22E-05,-1.55E-05,5.53E-05,-9.95E-05,-1.19E-04,1.73E-04,6.70E-05
252,-2.42E-04,-3.32E-04,3.49E-05,1.41E-04,2.89E-04,7.94E-05,-5.09E-04,-1.02E-04,2.86E-05,-5.77E-05,-3.27E-05,-5.23E-05,2.84E-04,7.94E-05,-1.73E-05,5.66E-05,-1.11E-04,-1.18E-04,1.72E-04,6.95E-05
253,-2.23E-04,-3.37E-04,2.43E-05,1.37E-04,2.91E-04,8.09E-05,-5.25E-04,-8.73E-05,3.16E-05,-5.85E-05,-4.68E-05,-4.75E-05,2.88E-04,6.67E-05,-1.87E-05,5.83E-05,-1.23E-04,-1.16E-04,1.72E-04,7.23E-05
254,-1.96E-04,-3.39E-04,1.43E-05,1.33E-04,2.93E-04,8.27E-05,-5.33E-04,-7.21E-05,3.47E-05,-5.92E-05,-6.14E-05,-4.13E-05,2.89E-04,5.40E-05,-1.97E-05,6.02E-05,-1.34E-04,-1.12E-04,1.73E-04,7.51E-05
255,-1.65E-04,-3.38E-04,5.30E-06,1.28E-04,2.95E-04,8.47E-05,-5.33E-04,-5.67E-05,3.79E-05,-6.00E-05,-7.63E-05,-3.42E-05,2.88E-04,4.13E-05,-2.06E-05,6.22E-05,-1.44E-04,-1.07E-04,1.73E-04,7.79E-05
256,-1.33E-04,-3.34E-04,-2.72E-06,1.23E-04,2.96E-04,8.67E-05,-5.25E-04,-4.13E-05,4.09E-05,-6.10E-05,-9.08E-05,-2.66E-05,2.84E-04,2.86E-05,-2.16E-05,6.39E-05,-1.52E-04,-1.01E-04,1.73E-04,8.04E-05
257,-1.03E-04,-3.26E-04,-9.64E-06,1.18E-04,2.96E-04,8.86E-05,-5.10E-04,-2.61E-05,4.38E-05,-6.22E-05,-1.05E-04,-1.93E-05,2.76E-04,1.57E-05,-2.27E-05,6.52E-05,-1.60E-04,-9.37E-05,1.73E-04,8.25E-05
258,-7.77E-05,-3.14E-04,-1.54E-05,1.13E-04,2.96E-04,9.00E-05,-4.89E-04,-1.13E-05,4.66E-05,-6.38E-05,-1.18E-04,-1.28E-05,2.65E-04,2.70E-06,-2.42E-05,6.60E-05,-1.66E-04,-8.54E-05,1.73E-04,8.42E-05
259,-5.99E-05,-2.97E-04,-2.01E-05,1.08E-04,2.96E-04,9.09E-05,-4.62E-04,2.91E-06,4.93E-05,-6.57E-05,-1.29E-04,-7.68E-06,2.51E-04,-1.05E-05,-2.61E-05,6.61E-05,-1.70E-04,-7.62E-05,1.73E-04,8.53E-05
260,-5.14E-05,-2.76E-04,-2.37E-05,1.03E-04,2.95E-04,9.11E-05,-4.33E-04,1.66E-05,5.18E-05,-6.81E-05,-1.39E-04,-4.47E-06,2.34E-04,-2.40E-05,-2.87E-05,6.55E-05,-1.72E-04,-6.63E-05,1.73E-04,8.59E-05
261,-5.33E-05,-2.52E-04,-2.65E-05,9.80E-05,2.94E-04,9.06E-05,-4.02E-04,2.96E-05,5.43E-05,-7.09E-05,-1.48E-04,-3.55E-06,2.15E-04,-3.76E-05,-3.18E-05,6.41E-05,-1.73E-04,-5.61E-05,1.72E-04,8.59E-05
262,-6.59E-05,-2.26E-04,-2.85E-05,9.31E-05,2.92E-04,8.93E-05,-3.71E-04,4.22E-05,5.68E-05,-7.41E-05,-1.54E-04,-5.13E-06,1.94E-04,-5.14E-05,-3.57E-05,6.20E-05,-1.72E-04,-4.58E-05,1.71E-04,8.56E-05
263,-8.84E-05,-1.97E-04,-3.00E-05,8.85E-05,2.90E-04,8.71E-05,-3.43E-04,5.44E-05,5.95E-05,-7.77E-05,-1.58E-04,-9.24E-06,1.71E-04,-6.53E-05,-4.01E-05,5.92E-05,-1.69E-04,-3.56E-05,1.70E-04,8.49E-05
264,-1.19E-04,-1.68E-04,-3.11E-05,8.41E-05,2.88E-04,8.41E-05,-3.18E-04,6.63E-05,6.23E-05,-8.15E-05,-1.60E-04,-1.57E-05,1.48E-04,-7.93E-05,-4.52E-05,5.59E-05,-1.65E-04,-2.59E-05,1.70E-04,8.41E-05
265,-1.57E-04,-1.39E-04,-3.21E-05,8.00E-05,2.86E-04,8.04E-05,-2.99E-04,7.82E-05,6.54E-05,-8.55E-05,-1.61E-04,-2.42E-05,1.24E-04,-9.31E-05,-5.07E-05,5.22E-05,-1.60E-04,-1.67E-05,1.69E-04,8.32E-05
266,-1.97E-04,-1.11E-04,-3.30E-05,7.62E-05,2.84E-04,7.60E-05,-2.85E-04,9.02E-05,6.89E-05,-8.96E-05,-1.60E-04,-3.43E-05,1.01E-04,-1.07E-04,-5.65E-05,4.84E-05,-1.55E-04,-8.25E-06,1.68E-04,8.26E-05
267,-2.38E-04,-8.68E-05,-3.41E-05,7.28E-05,2.82E-04,7.12E-05,-2.79E-04,1.02E-04,7.27E-05,-9.35E-05,-1.57E-04,-4.51E-05,7.83E-05,-1.20E-04,-6.25E-05,4.45E-05,-1.48E-04,-6.52E-07,1.68E-04,8.23E-05
268,-2.75E-04,-6.59E-05,-3.53E-05,6.98E-05,2.81E-04,6.61E-05,-2.78E-04,1.15E-04,7.71E-05,-9.73E-05,-1.53E-04,-5.59E-05,5.70E-05,-1.33E-04,-6.85E-05,4.09E-05,-1.42E-04,6.10E-06,1.68E-04,8.26E-05
269,-3.06E-04,-4.96E-05,-3.66E-05,6.73E-05,2.79E-04,6.09E-05,-2.83E-04,1.28E-04,8.19E-05,-1.01E-04,-1.48E-04,-6.58E-05,3.73E-05,-1.45E-04,-7.43E-05,3.77E-05,-1.35E-04,1.20E-05,1.68E-04,8.35E-05
270,-3.28E-04,-3.85E-05,-3.80E-05,6.54E-05,2.79E-04,5.57E-05,-2.93E-04,1.42E-04,8.71E-05,-1.04E-04,-1.42E-04,-7.40E-05,1.95E-05,-1.57E-04,-7.99E-05,3.49E-05,-1.29E-04,1.73E-05,1.69E-04,8.52E-05
271,-3.38E-04,-3.29E-05,-3.92E-05,6.41E-05,2.78E-04,5.07E-05,-3.07E-04,1.57E-04,9.28E-05,-1.06E-04,-1.36E-04,-7.96E-05,3.87E-06,-1.67E-04,-8.49E-05,3.29E-05,-1.22E-04,2.21E-05,1.70E-04,8.77E-05
272,-3.35E-04,-3.28E-05,-4.00E-05,6.35E-05,2.78E-04,4.60E-05,-3.22E-04,1.72E-04,9.88E-05,-1.08E-04,-1.30E-04,-8.19E-05,-9.45E-06,-1.77E-04,-8.93E-05,3.15E-05,-1.16E-04,2.67E-05,1.72E-04,9.10E-05
273,-3.20E-04,-3.79E-05,-4.02E-05,6.37E-05,2.78E-04,4.19E-05,-3.37E-04,1.87E-04,1.05E-04,-1.09E-04,-1.24E-04,-8.03E-05,-2.04E-05,-1.86E-04,-9.31E-05,3.09E-05,-1.10E-04,3.13E-05,1.74E-04,9.52E-05
274,-2.91E-04,-4.76E-05,-3.96E-05,6.46E-05,2.78E-04,3.83E-05,-3.50E-04,2.03E-04,1.12E-04,-1.10E-04,-1.18E-04,-7.45E-05,-2.91E-05,-1.93E-04,-9.61E-05,3.10E-05,-1.03E-04,3.63E-05,1.77E-04,1.00E-04
275,-2.51E-04,-6.10E-05,-3.77E-05,6.63E-05,2.78E-04,3.54E-05,-3.59E-04,2.19E-04,1.18E-04,-1.10E-04,-1.13E-04,-6.43E-05,-3.56E-05,-2.00E-04,-9.84E-05,3.17E-05,-9.74E-05,4.19E-05,1.80E-04,1.06E-04
276,-2.01E-04,-7.71E-05,-3.44E-05,6.88E-05,2.78E-04,3.31E-05,-3.63E-04,2.35E-04,1.25E-04,-1.10E-04,-1.08E-04,-4.99E-05,-4.01E-05,-2.05E-04,-1.00E-04,3.30E-05,-9.13E-05,4.84E-05,1.83E-04,1.12E-04
277,-1.45E-04,-9.46E-05,-2.94E-05,7.21E-05,2.78E-04,3.15E-05,-3.61E-04,2.51E-04,1.31E-04,-1.09E-04,-1.04E-04,-3.16E-05,-4.27E-05,-2.10E-04,-1.01E-04,3.47E-05,-8.48E-05,5.60E-05,1.87E-04,1.18E-04
278,-8.68E-05,-1.12E-04,-2.25E-05,7.61E-05,2.78E-04,3.05E-05,-3.51E-04,2.67E-04,1.37E-04,-1.08E-04,-1.01E-04,-1.00E-05,-4.37E-05,-2.14E-04,-1.02E-04,3.66E-05,-7.79E-05,6.49E-05,1.90E-04,1.25E-04
279,-2.91E-05,-1.28E-04,-1.38E-05,8.06E-05,2.78E-04,3.01E-05,-3.33E-04,2.83E-04,1.42E-04,-1.07E-04,-9.87E-05,1.39E-05,-4.35E-05,-2.17E-04,-1.02E-04,3.86E-05,-7.05E-05,7.51E-05,1.93E-04,1.32E-04
280,2.41E-05,-1.42E-04,-3.16E-06,8.57E-05,2.78E-04,3.02E-05,-3.08E-04,2.99E-04,1.47E-04,-1.06E-04,-9.71E-05,3.92E-05,-4.23E-05,-2.20E-04,-1.02E-04,4.05E-05,-6.24E-05,8.66E-05,1.97E-04,1.38E-04
281,6.93E-05,-1.52E-04,9.27E-06,9.10E-05,2.78E-04,3.08E-05,-2.75E-04,3.14E-04,1.52E-04,-1.05E-04,-9.62E-05,6.49E-05,-4.04E-05,-2.22E-04,-1.02E-04,4.21E-05,-5.36E-05,9.95E-05,2.00E-04,1.45E-04
282,1.04E-04,-1.57E-04,2.33E-05,9.64E-05,2.77E-04,3.17E-05,-2.38E-04,3.29E-04,1.56E-04,-1.04E-04,-9.59E-05,8.98E-05,-3.81E-05,-2.24E-04,-1.02E-04,4.34E-05,-4.41E-05,1.13E-04,2.03E-04,1.51E-04
283,1.24E-04,-1.57E-04,3.86E-05,1.02E-04,2.77E-04,3.30E-05,-1.95E-04,3.44E-04,1.60E-04,-1.03E-04,-9.62E-05,1.13E-04,-3.58E-05,-2.27E-04,-1.03E-04,4.41E-05,-3.40E-05,1.28E-04,2.06E-04,1.56E-04
284,1.30E-04,-1.50E-04,5.49E-05,1.06E-04,2.77E-04,3.45E-05,-1.51E-04,3.59E-04,1.63E-04,-1.03E-04,-9.72E-05,1.33E-04,-3.36E-05,-2.29E-04,-1.04E-04,4.43E-05,-2.33E-05,1.44E-04,2.09E-04,1.61E-04
285,1.21E-04,-1.38E-04,7.17E-05,1.11E-04,2.77E-04,3.62E-05,-1.05E-04,3.74E-04,1.65E-04,-1.02E-04,-9.87E-05,1.50E-04,-3.19E-05,-2.32E-04,-1.06E-04,4.38E-05,-1.22E-05,1.59E-04,2.12E-04,1.66E-04
286,9.69E-05,-1.20E-04,8.87E-05,1.14E-04,2.78E-04,3.81E-05,-6.05E-05,3.89E-04,1.68E-04,-1.02E-04,-1.01E-04,1.63E-04,-3.08E-05,-2.36E-04,-1.08E-04,4.28E-05,-8.37E-07,1.75E-04,2.15E-04,1.69E-04
287,5.92E-05,-9.62E-05,1.05E-04,1.16E-04,2.79E-04,4.02E-05,-1.88E-05,4.04E-04,1.70E-04,-1.02E-04,-1.03E-04,1.72E-04,-3.04E-05,-2.40E-04,-1.11E-04,4.12E-05,1.05E-05,1.90E-04,2.17E-04,1.73E-04
288,1.02E-05,-6.87E-05,1.21E-04,1.17E-04,2.81E-04,4.25E-05,1.86E-05,4.20E-04,1.72E-04,-1.03E-04,-1.07E-04,1.76E-04,-3.10E-05,-2.45E-04,-1.15E-04,3.90E-05,2.15E-05,2.05E-04,2.20E-04,1.76E-04
289,-4.71E-05,-3.81E-05,1.36E-04,1.16E-04,2.83E-04,4.51E-05,5.05E-05,4.35E-04,1.73E-04,-1.03E-04,-1.10E-04,1.76E-04,-3.24E-05,-2.51E-04,-1.19E-04,3.65E-05,3.21E-05,2.18E-04,2.23E-04,1.78E-04
290,-1.09E-04,-5.86E-06,1.50E-04,1.14E-04,2.87E-04,4.80E-05,7.62E-05,4.51E-04,1.75E-04,-1.03E-04,-1.15E-04,1.72E-04,-3.49E-05,-2.58E-04,-1.24E-04,3.36E-05,4.19E-05,2.31E-04,2.27E-04,1.80E-04
291,-1.72E-04,2.66E-05,1.62E-04,1.10E-04,2.91E-04,5.13E-05,9.54E-05,4.67E-04,1.77E-04,-1.03E-04,-1.20E-04,1.66E-04,-3.82E-05,-2.65E-04,-1.28E-04,3.05E-05,5.08E-05,2.42E-04,2.30E-04,1.82E-04
292,-2.32E-04,5.80E-05,1.72E-04,1.05E-04,2.96E-04,5.49E-05,1.08E-04,4.82E-04,1.79E-04,-1.03E-04,-1.26E-04,1.57E-04,-4.24E-05,-2.73E-04,-1.33E-04,2.73E-05,5.86E-05,2.52E-04,2.33E-04,1.83E-04
293,-2.85E-04,8.67E-05,1.80E-04,9.86E-05,3.01E-04,5.89E-05,1.15E-04,4.97E-04,1.80E-04,-1.02E-04,-1.32E-04,1.48E-04,-4.74E-05,-2.82E-04,-1.38E-04,2.40E-05,6.53E-05,2.60E-04,2.36E-04,1.84E-04
294,-3.29E-04,1.12E-04,1.87E-04,9.09E-05,3.08E-04,6.34E-05,1.18E-04,5.12E-04,1.82E-04,-1.01E-04,-1.38E-04,1.38E-04,-5.30E-05,-2.91E-04,-1.42E-04,2.08E-05,7.07E-05,2.67E-04,2.39E-04,1.85E-04
295,-3.60E-04,1.32E-04,1.92E-04,8.21E-05,3.14E-04,6.83E-05,1.17E-04,5.26E-04,1.84E-04,-9.97E-05,-1.45E-04,1.29E-04,-5.92E-05,-3.00E-04,-1.46E-04,1.77E-05,7.48E-05,2.74E-04,2.41E-04,1.86E-04
296,-3.79E-04,1.47E-04,1.96E-04,7.26E-05,3.20E-04,7.36E-05,1.14E-04,5.38E-04,1.86E-04,-9.74E-05,-1.51E-04,1.21E-04,-6.56E-05,-3.10E-04,-1.49E-04,1.47E-05,7.78E-05,2.79E-04,2.43E-04,1.86E-04
297,-3.83E-04,1.56E-04,1.98E-04,6.25E-05,3.26E-04,7.92E-05,1.12E-04,5.49E-04,1.88E-04,-9.45E-05,-1.58E-04,1.16E-04,-7.22E-05,-3.19E-04,-1.52E-04,1.18E-05,7.97E-05,2.83E-04,2.44E-04,1.86E-04
298,-3.75E-04,1.60E-04,1.99E-04,5.23E-05,3.32E-04,8.52E-05,1.10E-04,5.58E-04,1.89E-04,-9.10E-05,-1.63E-04,1.13E-04,-7.88E-05,-3.28E-04,-1.54E-04,9.07E-06,8.07E-05,2.87E-04,2.45E-04,1.86E-04
299,-3.54E-04,1.58E-04,1.99E-04,4.20E-05,3.37E-04,9.13E-05,1.12E-04,5.65E-04,1.91E-04,-8.70E-05,-1.68E-04,1.13E-04,-8.53E-05,-3.37E-04,-1.56E-04,6.37E-06,8.09E-05,2.91E-04,2.44E-04,1.85E-04
300,-3.23E-04,1.52E-04,1.99E-04,3.21E-05,3.41E-04,9.76E-05,1.18E-04,5.69E-04,1.92E-04,-8.24E-05,-1.72E-04,1.15E-04,-9.15E-05,-3.45E-04,-1.57E-04,3.67E-06,8.05E-05,2.94E-04,2.42E-04,1.84E-04
301,-2.85E-04,1.42E-04,1.97E-04,2.26E-05,3.44E-04,1.04E-04,1.29E-04,5.71E-04,1.92E-04,-7.75E-05,-1.74E-04,1.19E-04,-9.73E-05,-3.52E-04,-1.58E-04,8.96E-07,7.98E-05,2.97E-04,2.39E-04,1.83E-04
302,-2.43E-04,1.30E-04,1.96E-04,1.38E-05,3.46E-04,1.10E-04,1.45E-04,5.71E-04,1.93E-04,-7.23E-05,-1.75E-04,1.25E-04,-1.03E-04,-3.59E-04,-1.59E-04,-2.02E-06,7.88E-05,3.00E-04,2.34E-04,1.80E-04
303,-1.99E-04,1.17E-04,1.93E-04,5.64E-06,3.46E-04,1.16E-04,1.66E-04,5.68E-04,1.92E-04,-6.69E-05,-1.74E-04,1.32E-04,-1.07E-04,-3.65E-04,-1.60E-04,-5.17E-06,7.78E-05,3.03E-04,2.28E-04,1.78E-04
304,-1.58E-04,1.03E-04,1.91E-04,-1.71E-06,3.45E-04,1.21E-04,1.92E-04,5.62E-04,1.91E-04,-6.16E-05,-1.71E-04,1.38E-04,-1.11E-04,-3.70E-04,-1.62E-04,-8.60E-06,7.68E-05,3.05E-04,2.21E-04,1.75E-04
305,-1.22E-04,9.10E-05,1.88E-04,-8.30E-06,3.43E-04,1.26E-04,2.22E-04,5.55E-04,1.90E-04,-5.64E-05,-1.66E-04,1.44E-04,-1.15E-04,-3.75E-04,-1.64E-04,-1.24E-05,7.58E-05,3.07E-04,2.13E-04,1.71E-04
306,-9.33E-05,8.11E-05,1.85E-04,-1.42E-05,3.40E-04,1.31E-04,2.54E-04,5.45E-04,1.88E-04,-5.15E-05,-1.59E-04,1.48E-04,-1.18E-04,-3.79E-04,-1.67E-04,-1.66E-05,7.49E-05,3.08E-04,2.04E-04,1.66E-04
307,-7.36E-05,7.44E-05,1.81E-04,-1.96E-05,3.35E-04,1.34E-04,2.88E-04,5.33E-04,1.86E-04,-4.70E-05,-1.50E-04,1.50E-04,-1.19E-04,-3.83E-04,-1.72E-04,-2.12E-05,7.39E-05,3.08E-04,1.93E-04,1.62E-04
308,-6.43E-05,7.17E-05,1.77E-04,-2.45E-05,3.30E-04,1.37E-04,3.20E-04,5.19E-04,1.84E-04,-4.30E-05,-1.40E-04,1.49E-04,-1.21E-04,-3.86E-04,-1.78E-04,-2.64E-05,7.29E-05,3.07E-04,1.82E-04,1.56E-04
309,-6.56E-05,7.32E-05,1.72E-04,-2.92E-05,3.24E-04,1.40E-04,3.50E-04,5.05E-04,1.81E-04,-3.96E-05,-1.29E-04,1.44E-04,-1.21E-04,-3.89E-04,-1.85E-04,-3.20E-05,7.16E-05,3.05E-04,1.70E-04,1.50E-04
310,-7.73E-05,7.89E-05,1.68E-04,-3.39E-05,3.18E-04,1.41E-04,3.77E-04,4.90E-04,1.78E-04,-3.70E-05,-1.18E-04,1.36E-04,-1.20E-04,-3.92E-04,-1.94E-04,-3.81E-05,6.99E-05,3.02E-04,1.58E-04,1.44E-04
311,-9.83E-05,8.84E-05,1.62E-04,-3.88E-05,3.11E-04,1.42E-04,3.97E-04,4.74E-04,1.74E-04,-3.50E-05,-1.06E-04,1.24E-04,-1.19E-04,-3.95E-04,-2.04E-04,-4.46E-05,6.77E-05,2.97E-04,1.45E-04,1.38E-04
312,-1.27E-04,1.01E-04,1.57E-04,-4.39E-05,3.04E-04,1.42E-04,4.12E-04,4.57E-04,1.71E-04,-3.38E-05,-9.43E-05,1.09E-04,-1.17E-04,-3.98E-04,-2.16E-04,-5.17E-05,6.47E-05,2.90E-04,1.32E-04,1.31E-04
313,-1.62E-04,1.16E-04,1.52E-04,-4.95E-05,2.97E-04,1.42E-04,4.20E-04,4.41E-04,1.67E-04,-3.34E-05,-8.36E-05,9.23E-05,-1.13E-04,-4.01E-04,-2.29E-04,-5.93E-05,6.07E-05,2.83E-04,1.20E-04,1.24E-04
314,-2.00E-04,1.33E-04,1.46E-04,-5.57E-05,2.91E-04,1.40E-04,4.21E-04,4.25E-04,1.63E-04,-3.37E-05,-7.41E-05,7.35E-05,-1.10E-04,-4.05E-04,-2.43E-04,-6.74E-05,5.57E-05,2.73E-04,1.07E-04,1.17E-04
315,-2.39E-04,1.49E-04,1.41E-04,-6.25E-05,2.84E-04,1.38E-04,4.14E-04,4.09E-04,1.60E-04,-3.47E-05,-6.63E-05,5.39E-05,-1.05E-04,-4.08E-04,-2.58E-04,-7.60E-05,4.96E-05,2.62E-04,9.45E-05,1.10E-04
316,-2.78E-04,1.64E-04,1.37E-04,-6.99E-05,2.78E-04,1.36E-04,4.02E-04,3.94E-04,1.56E-04,-3.64E-05,-6.02E-05,3.46E-05,-9.99E-05,-4.12E-04,-2.73E-04,-8.51E-05,4.23E-05,2.51E-04,8.23E-05,1.02E-04
317,-3.13E-04,1.76E-04,1.33E-04,-7.79E-05,2.72E-04,1.33E-04,3.85E-04,3.79E-04,1.52E-04,-3.88E-05,-5.63E-05,1.64E-05,-9.44E-05,-4.17E-04,-2.89E-04,-9.47E-05,3.39E-05,2.38E-04,7.03E-05,9.47E-05
318,-3.44E-04,1.84E-04,1.29E-04,-8.65E-05,2.67E-04,1.30E-04,3.63E-04,3.65E-04,1.48E-04,-4.17E-05,-5.44E-05,3.65E-07,-8.88E-05,-4.21E-04,-3.05E-04,-1.05E-04,2.45E-05,2.25E-04,5.86E-05,8.70E-05
319,-3.70E-04,1.89E-04,1.27E-04,-9.55E-05,2.61E-04,1.26E-04,3.39E-04,3.51E-04,1.45E-04,-4.50E-05,-5.46E-05,-1.29E-05,-8.33E-05,-4.26E-04,-3.20E-04,-1.16E-04,1.41E-05,2.11E-04,4.71E-05,7.92E-05
320,-3.88E-04,1.88E-04,1.25E-04,-1.05E-04,2.55E-04,1.21E-04,3.14E-04,3.37E-04,1.41E-04,-4.88E-05,-5.66E-05,-2.28E-05,-7.83E-05,-4.30E-04,-3.34E-04,-1.27E-04,3.11E-06,1.97E-04,3.57E-05,7.12E-05
321,-4.01E-04,1.81E-04,1.24E-04,-1.14E-04,2.49E-04,1.16E-04,2.90E-04,3.24E-04,1.37E-04,-5.29E-05,-6.03E-05,-2.90E-05,-7.42E-05,-4.34E-04,-3.48E-04,-1.39E-04,-8.37E-06,1.84E-04,2.45E-05,6.32E-05
322,-4.08E-04,1.69E-04,1.23E-04,-1.24E-04,2.43E-04,1.11E-04,2.68E-04,3.10E-04,1.33E-04,-5.72E-05,-6.52E-05,-3.16E-05,-7.13E-05,-4.38E-04,-3.60E-04,-1.52E-04,-2.00E-05,1.70E-04,1.33E-05,5.51E-05
323,-4.09E-04,1.52E-04,1.23E-04,-1.33E-04,2.36E-04,1.06E-04,2.49E-04,2.97E-04,1.29E-04,-6.17E-05,-7.10E-05,-3.08E-05,-7.01E-05,-4.42E-04,-3.72E-04,-1.65E-04,-3.16E-05,1.57E-04,2.22E-06,4.69E-05
324,-4.07E-04,1.31E-04,1.23E-04,-1.42E-04,2.28E-04,9.96E-05,2.33E-04,2.83E-04,1.25E-04,-6.62E-05,-7.72E-05,-2.69E-05,-7.09E-05,-4.45E-04,-3.82E-04,-1.78E-04,-4.27E-05,1.44E-04,-8.81E-06,3.89E-05
325,-4.02E-04,1.05E-04,1.22E-04,-1.50E-04,2.20E-04,9.33E-05,2.21E-04,2.69E-04,1.21E-04,-7.07E-05,-8.34E-05,-2.08E-05,-7.41E-05,-4.47E-04,-3.91E-04,-1.92E-04,-5.33E-05,1.32E-04,-1.97E-05,3.09E-05
326,-3.96E-04,7.76E-05,1.22E-04,-1.58E-04,2.11E-04,8.69E-05,2.12E-04,2.55E-04,1.17E-04,-7.50E-05,-8.92E-05,-1.32E-05,-7.99E-05,-4.48E-04,-3.99E-04,-2.06E-04,-6.29E-05,1.20E-04,-3.05E-05,2.31E-05
327,-3.91E-04,4.86E-05,1.21E-04,-1.65E-04,2.01E-04,8.03E-05,2.07E-04,2.40E-04,1.13E-04,-7.91E-05,-9.42E-05,-5.18E-06,-8.86E-05,-4.48E-04,-4.06E-04,-2.20E-04,-7.16E-05,1.08E-04,-4.12E-05,1.57E-05
328,-3.88E-04,1.96E-05,1.18E-04,-1.72E-04,1.91E-04,7.36E-05,2.03E-04,2.25E-04,1.09E-04,-8.28E-05,-9.81E-05,2.47E-06,-1.00E-04,-4.47E-04,-4.11E-04,-2.34E-04,-7.92E-05,9.65E-05,-5.15E-05,8.63E-06
329,-3.87E-04,-8.07E-06,1.15E-04,-1.78E-04,1.80E-04,6.70E-05,2.01E-04,2.10E-04,1.05E-04,-8.61E-05,-1.01E-04,8.82E-06,-1.15E-04,-4.45E-04,-4.16E-04,-2.47E-04,-8.56E-05,8.50E-05,-6.14E-05,2.11E-06
330,-3.90E-04,-3.31E-05,1.11E-04,-1.83E-04,1.70E-04,6.05E-05,1.99E-04,1.95E-04,1.01E-04,-8.88E-05,-1.02E-04,1.31E-05,-1.32E-04,-4.41E-04,-4.21E-04,-2.60E-04,-9.09E-05,7.34E-05,-7.09E-05,-3.78E-06
331,-3.97E-04,-5.45E-05,1.06E-04,-1.88E-04,1.59E-04,5.42E-05,1.96E-04,1.80E-04,9.76E-05,-9.09E-05,-1.01E-04,1.48E-05,-1.52E-04,-4.37E-04,-4.24E-04,-2.72E-04,-9.53E-05,6.15E-05,-7.98E-05,-8.95E-06
332,-4.07E-04,-7.14E-05,9.93E-05,-1.91E-04,1.48E-04,4.83E-05,1.91E-04,1.65E-04,9.43E-05,-9.23E-05,-9.96E-05,1.34E-05,-1.73E-04,-4.31E-04,-4.28E-04,-2.82E-04,-9.90E-05,4.91E-05,-8.80E-05,-1.33E-05
333,-4.21E-04,-8.30E-05,9.21E-05,-1.94E-04,1.38E-04,4.28E-05,1.82E-04,1.51E-04,9.12E-05,-9.28E-05,-9.65E-05,9.01E-06,-1.96E-04,-4.25E-04,-4.30E-04,-2.92E-04,-1.02E-04,3.63E-05,-9.55E-05,-1.68E-05
334,-4.37E-04,-8.91E-05,8.44E-05,-1.96E-04,1.28E-04,3.78E-05,1.70E-04,1.37E-04,8.85E-05,-9.25E-05,-9.22E-05,1.61E-06,-2.20E-04,-4.17E-04,-4.33E-04,-3.00E-04,-1.05E-04,2.29E-05,-1.02E-04,-1.95E-05
335,-4.55E-04,-8.97E-05,7.65E-05,-1.98E-04,1.19E-04,3.33E-05,1.54E-04,1.23E-04,8.60E-05,-9.13E-05,-8.70E-05,-8.38E-06,-2.43E-04,-4.08E-04,-4.36E-04,-3.06E-04,-1.08E-04,8.84E-06,-1.08E-04,-2.12E-05
336,-4.74E-04,-8.49E-05,6.88E-05,-1.99E-04,1.11E-04,2.94E-05,1.35E-04,1.11E-04,8.38E-05,-8.92E-05,-8.11E-05,-2.04E-05,-2.65E-04,-3.99E-04,-4.38E-04,-3.11E-04,-1.11E-04,-5.78E-06,-1.13E-04,-2.21E-05
337,-4.92E-04,-7.55E-05,6.16E-05,-1.98E-04,1.04E-04,2.61E-05,1.12E-04,9.89E-05,8.19E-05,-8.63E-05,-7.48E-05,-3.38E-05,-2.86E-04,-3.89E-04,-4.40E-04,-3.14E-04,-1.16E-04,-2.10E-05,-1.18E-04,-2.23E-05
338,-5.08E-04,-6.21E-05,5.54E-05,-1.97E-04,9.67E-05,2.34E-05,8.81E-05,8.81E-05,8.01E-05,-8.25E-05,-6.84E-05,-4.76E-05,-3.03E-04,-3.78E-04,-4.41E-04,-3.15E-04,-1.21E-04,-3.67E-05,-1.22E-04,-2.17E-05
339,-5.23E-04,-4.58E-05,5.05E-05,-1.96E-04,9.06E-05,2.11E-05,6.36E-05,7.82E-05,7.85E-05,-7.81E-05,-6.19E-05,-6.12E-05,-3.18E-04,-3.67E-04,-4.43E-04,-3.15E-04,-1.27E-04,-5.28E-05,-1.25E-04,-2.06E-05
340,-5.34E-04,-2.76E-05,4.72E-05,-1.93E-04,8.49E-05,1.92E-05,4.04E-05,6.92E-05,7.69E-05,-7.30E-05,-5.56E-05,-7.36E-05,-3.28E-04,-3.55E-04,-4.44E-04,-3.14E-04,-1.35E-04,-6.92E-05,-1.29E-04,-1.90E-05
341,-5.42E-04,-8.68E-06,4.56E-05,-1.89E-04,7.96E-05,1.76E-05,2.01E-05,6.10E-05,7.53E-05,-6.75E-05,-4.97E-05,-8.43E-05,-3.33E-04,-3.44E-04,-4.44E-04,-3.11E-04,-1.44E-04,-8.60E-05,-1.32E-04,-1.71E-05
342,-5.47E-04,9.81E-06,4.58E-05,-1.85E-04,7.44E-05,1.62E-05,4.62E-06,5.35E-05,7.35E-05,-6.16E-05,-4.41E-05,-9.26E-05,-3.34E-04,-3.33E-04,-4.45E-04,-3.07E-04,-1.54E-04,-1.03E-04,-1.35E-04,-1.51E-05
343,-5.48E-04,2.68E-05,4.78E-05,-1.80E-04,6.92E-05,1.48E-05,-4.66E-06,4.66E-05,7.16E-05,-5.56E-05,-3.90E-05,-9.83E-05,-3.30E-04,-3.22E-04,-4.44E-04,-3.02E-04,-1.66E-04,-1.20E-04,-1.38E-04,-1.30E-05
344,-5.47E-04,4.15E-05,5.12E-05,-1.74E-04,6.37E-05,1.33E-05,-6.48E-06,4.01E-05,6.93E-05,-4.95E-05,-3.43E-05,-1.01E-04,-3.21E-04,-3.11E-04,-4.44E-04,-2.96E-04,-1.79E-04,-1.37E-04,-1.41E-04,-1.09E-05
345,-5.42E-04,5.31E-05,5.59E-05,-1.67E-04,5.78E-05,1.15E-05,-4.21E-08,3.38E-05,6.68E-05,-4.36E-05,-3.01E-05,-1.02E-04,-3.08E-04,-3.01E-04,-4.42E-04,-2.90E-04,-1.93E-04,-1.54E-04,-1.45E-04,-9.04E-06
346,-5.36E-04,6.10E-05,6.15E-05,-1.60E-04,5.13E-05,9.46E-06,1.49E-05,2.75E-05,6.38E-05,-3.80E-05,-2.63E-05,-9.97E-05,-2.91E-04,-2.92E-04,-4.41E-04,-2.85E-04,-2.07E-04,-1.71E-04,-1.48E-04,-7.36E-06
347,-5.29E-04,6.51E-05,6.74E-05,-1.53E-04,4.42E-05,6.97E-06,3.81E-05,2.12E-05,6.05E-05,-3.28E-05,-2.28E-05,-9.61E-05,-2.71E-04,-2.83E-04,-4.39E-04,-2.79E-04,-2.22E-04,-1.88E-04,-1.53E-04,-5.91E-06
348,-5.20E-04,6.52E-05,7.31E-05,-1.46E-04,3.62E-05,4.00E-06,6.87E-05,1.46E-05,5.68E-05,-2.81E-05,-1.98E-05,-9.15E-05,-2.49E-04,-2.75E-04,-4.37E-04,-2.73E-04,-2.37E-04,-2.05E-04,-1.57E-04,-4.70E-06
349,-5.12E-04,6.15E-05,7.83E-05,-1.39E-04,2.76E-05,5.25E-07,1.05E-04,7.67E-06,5.27E-05,-2.40E-05,-1.71E-05,-8.67E-05,-2.26E-04,-2.68E-04,-4.35E-04,-2.68E-04,-2.52E-04,-2.22E-04,-1.62E-04,-3.67E-06
350,-5.04E-04,5.43E-05,8.22E-05,-1.32E-04,1.83E-05,-3.43E-06,1.46E-04,3.49E-07,4.84E-05,-2.05E-05,-1.48E-05,-8.26E-05,-2.03E-04,-2.62E-04,-4.33E-04,-2.63E-04,-2.66E-04,-2.38E-04,-1.67E-04,-2.76E-06
351,-4.96E-04,4.43E-05,8.47E-05,-1.26E-04,8.52E-06,-7.82E-06,1.88E-04,-7.40E-06,4.39E-05,-1.76E-05,-1.30E-05,-7.99E-05,-1.81E-04,-2.57E-04,-4.30E-04,-2.59E-04,-2.80E-04,-2.55E-04,-1.72E-04,-1.89E-06
352,-4.89E-04,3.20E-05,8.53E-05,-1.21E-04,-1.65E-06,-1.26E-05,2.31E-04,-1.56E-05,3.92E-05,-1.53E-05,-1.18E-05,-7.94E-05,-1.61E-04,-2.52E-04,-4.29E-04,-2.55E-04,-2.93E-04,-2.71E-04,-1.77E-04,-9.73E-07
353,-4.81E-04,1.82E-05,8.38E-05,-1.17E-04,-1.20E-05,-1.76E-05,2.70E-04,-2.41E-05,3.46E-05,-1.36E-05,-1.12E-05,-8.16E-05,-1.44E-04,-2.48E-04,-4.27E-04,-2.52E-04,-3.04E-04,-2.87E-04,-1.81E-04,9.69E-08
354,-4.74E-04,3.64E-06,8.02E-05,-1.14E-04,-2.23E-05,-2.28E-05,3.04E-04,-3.29E-05,3.00E-05,-1.23E-05,-1.14E-05,-8.69E-05,-1.30E-04,-2.45E-04,-4.25E-04,-2.49E-04,-3.15E-04,-3.02E-04,-1.85E-04,1.41E-06
355,-4.65E-04,-1.09E-05,7.45E-05,-1.12E-04,-3.23E-05,-2.80E-05,3.31E-04,-4.19E-05,2.56E-05,-1.14E-05,-1.24E-05,-9.53E-05,-1.20E-04,-2.42E-04,-4.24E-04,-2.47E-04,-3.24E-04,-3.17E-04,-1.89E-04,3.04E-06
356,-4.55E-04,-2.46E-05,6.69E-05,-1.11E-04,-4.19E-05,-3.32E-05,3.48E-04,-5.09E-05,2.14E-05,-1.08E-05,-1.43E-05,-1.07E-04,-1.14E-04,-2.40E-04,-4.24E-04,-2.44E-04,-3.33E-04,-3.31E-04,-1.91E-04,5.02E-06
357,-4.43E-04,-3.70E-05,5.76E-05,-1.12E-04,-5.09E-05,-3.82E-05,3.56E-04,-5.99E-05,1.76E-05,-1.03E-05,-1.71E-05,-1.21E-04,-1.13E-04,-2.38E-04,-4.23E-04,-2.42E-04,-3.41E-04,-3.43E-04,-1.93E-04,7.39E-06
358,-4.29E-04,-4.76E-05,4.69E-05,-1.14E-04,-5.91E-05,-4.30E-05,3.53E-04,-6.88E-05,1.41E-05,-1.00E-05,-2.09E-05,-1.37E-04,-1.15E-04,-2.37E-04,-4.23E-04,-2.39E-04,-3.48E-04,-3.55E-04,-1.95E-04,1.01E-05
359,-4.11E-04,-5.60E-05,3.55E-05,-1.16E-04,-6.65E-05,-4.75E-05,3.39E-04,-7.74E-05,1.09E-05,-9.77E-06,-2.54E-05,-1.55E-04,-1.20E-04,-2.36E-04,-4.23E-04,-2.37E-04,-3.56E-04,-3.66E-04,-1.95E-04,1.31E-05
360,-3.91E-04,-6.21E-05,2.35E-05,-1.20E-04,-7.30E-05,-5.17E-05,3.15E-04,-8.57E-05,8.16E-06,-9.53E-06,-3.06E-05,-1.74E-04,-1.29E-04,-2.35E-04,-4.23E-04,-2.35E-04,-3.63E-04,-3.75E-04,-1.96E-04,1.64E-05
361,-3.67E-04,-6.59E-05,1.15E-05,-1.24E-04,-7.88E-05,-5.57E-05,2.82E-04,-9.38E-05,5.69E-06,-9.30E-06,-3.63E-05,-1.92E-04,-1.40E-04,-2.34E-04,-4.23E-04,-2.32E-04,-3.70E-04,-3.83E-04,-1.95E-04,1.97E-05
362,-3.40E-04,-6.76E-05,-2.07E-07,-1.29E-04,-8.38E-05,-5.94E-05,2.43E-04,-1.02E-04,3.49E-06,-9.09E-06,-4.21E-05,-2.09E-04,-1.52E-04,-2.33E-04,-4.24E-04,-2.30E-04,-3.78E-04,-3.90E-04,-1.95E-04,2.30E-05
363,-3.11E-04,-6.76E-05,-1.12E-05,-1.33E-04,-8.83E-05,-6.30E-05,1.97E-04,-1.09E-04,1.48E-06,-8.94E-06,-4.78E-05,-2.24E-04,-1.65E-04,-2.32E-04,-4.24E-04,-2.27E-04,-3.87E-04,-3.96E-04,-1.94E-04,2.61E-05
364,-2.81E-04,-6.62E-05,-2.14E-05,-1.38E-04,-9.23E-05,-6.65E-05,1.49E-04,-1.17E-04,-4.05E-07,-8.89E-06,-5.31E-05,-2.37E-04,-1.78E-04,-2.31E-04,-4.25E-04,-2.25E-04,-3.97E-04,-4.02E-04,-1.93E-04,2.88E-05
365,-2.50E-04,-6.41E-05,-3.05E-05,-1.42E-04,-9.61E-05,-7.01E-05,1.01E-04,-1.24E-04,-2.26E-06,-9.03E-06,-5.76E-05,-2.46E-04,-1.90E-04,-2.30E-04,-4.26E-04,-2.22E-04,-4.08E-04,-4.06E-04,-1.93E-04,3.10E-05
366,-2.19E-04,-6.18E-05,-3.85E-05,-1.46E-04,-9.99E-05,-7.40E-05,5.40E-05,-1.32E-04,-4.15E-06,-9.44E-06,-6.09E-05,-2.53E-04,-2.00E-04,-2.30E-04,-4.27E-04,-2.20E-04,-4.20E-04,-4.11E-04,-1.93E-04,3.25E-05
367,-1.89E-04,-5.99E-05,-4.55E-05,-1.49E-04,-1.04E-04,-7.81E-05,1.07E-05,-1.40E-04,-6.14E-06,-1.02E-05,-6.29E-05,-2.56E-04,-2.09E-04,-2.29E-04,-4.27E-04,-2.18E-04,-4.33E-04,-4.15E-04,-1.94E-04,3.33E-05
368,-1.62E-04,-5.90E-05,-5.17E-05,-1.51E-04,-1.08E-04,-8.26E-05,-2.73E-05,-1.49E-04,-8.29E-06,-1.13E-05,-6.32E-05,-2.56E-04,-2.16E-04,-2.28E-04,-4.28E-04,-2.16E-04,-4.47E-04,-4.20E-04,-1.95E-04,3.33E-05
369,-1.38E-04,-5.96E-05,-5.72E-05,-1.53E-04,-1.13E-04,-8.76E-05,-5.89E-05,-1.58E-04,-1.06E-05,-1.29E-05,-6.19E-05,-2.54E-04,-2.20E-04,-2.27E-04,-4.29E-04,-2.15E-04,-4.62E-04,-4.25E-04,-1.97E-04,3.25E-05
370,-1.19E-04,-6.21E-05,-6.23E-05,-1.55E-04,-1.18E-04,-9.31E-05,-8.35E-05,-1.68E-04,-1.31E-05,-1.49E-05,-5.87E-05,-2.50E-04,-2.22E-04,-2.27E-04,-4.31E-04,-2.14E-04,-4.77E-04,-4.31E-04,-2.00E-04,3.09E-05
371,-1.04E-04,-6.69E-05,-6.71E-05,-1.55E-04,-1.24E-04,-9.89E-05,-1.01E-04,-1.79E-04,-1.57E-05,-1.73E-05,-5.38E-05,-2.45E-04,-2.23E-04,-2.26E-04,-4.32E-04,-2.13E-04,-4.92E-04,-4.37E-04,-2.03E-04,2.86E-05
372,-9.52E-05,-7.40E-05,-7.20E-05,-1.56E-04,-1.30E-04,-1.05E-04,-1.12E-04,-1.91E-04,-1.84E-05,-2.01E-05,-4.74E-05,-2.40E-04,-2.21E-04,-2.25E-04,-4.33E-04,-2.13E-04,-5.07E-04,-4.45E-04,-2.07E-04,2.58E-05
373,-9.20E-05,-8.34E-05,-7.70E-05,-1.56E-04,-1.37E-04,-1.12E-04,-1.17E-04,-2.03E-04,-2.11E-05,-2.31E-05,-3.97E-05,-2.35E-04,-2.19E-04,-2.24E-04,-4.34E-04,-2.12E-04,-5.21E-04,-4.53E-04,-2.11E-04,2.25E-05
374,-9.46E-05,-9.50E-05,-8.24E-05,-1.55E-04,-1.45E-04,-1.18E-04,-1.18E-04,-2.16E-04,-2.36E-05,-2.63E-05,-3.10E-05,-2.31E-04,-2.15E-04,-2.22E-04,-4.35E-04,-2.11E-04,-5.34E-04,-4.63E-04,-2.15E-04,1.91E-05
375,-1.03E-04,-1.09E-04,-8.81E-05,-1.55E-04,-1.52E-04,-1.25E-04,-1.16E-04,-2.28E-04,-2.59E-05,-2.95E-05,-2.19E-05,-2.30E-04,-2.12E-04,-2.21E-04,-4.35E-04,-2.10E-04,-5.45E-04,-4.72E-04,-2.19E-04,1.58E-05
376,-1.17E-04,-1.23E-04,-9.40E-05,-1.55E-04,-1.59E-04,-1.31E-04,-1.13E-04,-2.41E-04,-2.79E-05,-3.26E-05,-1.27E-05,-2.31E-04,-2.08E-04,-2.18E-04,-4.35E-04,-2.09E-04,-5.55E-04,-4.82E-04,-2.23E-04,1.28E-05
377,-1.36E-04,-1.39E-04,-1.00E-04,-1.55E-04,-1.66E-04,-1.36E-04,-1.10E-04,-2.53E-04,-2.93E-05,-3.53E-05,-3.91E-06,-2.35E-04,-2.04E-04,-2.15E-04,-4.33E-04,-2.06E-04,-5.63E-04,-4.91E-04,-2.26E-04,1.03E-05
378,-1.59E-04,-1.56E-04,-1.06E-04,-1.56E-04,-1.72E-04,-1.41E-04,-1.10E-04,-2.64E-04,-3.01E-05,-3.74E-05,3.96E-06,-2.41E-04,-2.01E-04,-2.12E-04,-4.31E-04,-2.03E-04,-5.68E-04,-4.99E-04,-2.28E-04,8.48E-06
379,-1.86E-04,-1.71E-04,-1.12E-04,-1.57E-04,-1.78E-04,-1.45E-04,-1.13E-04,-2.74E-04,-3.03E-05,-3.90E-05,1.05E-05,-2.51E-04,-1.99E-04,-2.07E-04,-4.28E-04,-1.99E-04,-5.71E-04,-5.06E-04,-2.29E-04,7.59E-06
380,-2.16E-04,-1.86E-04,-1.17E-04,-1.58E-04,-1.83E-04,-1.47E-04,-1.20E-04,-2.83E-04,-2.97E-05,-3.97E-05,1.54E-05,-2.62E-04,-1.96E-04,-2.02E-04,-4.23E-04,-1.93E-04,-5.72E-04,-5.12E-04,-2.29E-04,7.71E-06
381,-2.48E-04,-2.00E-04,-1.21E-04,-1.59E-04,-1.87E-04,-1.49E-04,-1.32E-04,-2.89E-04,-2.83E-05,-3.96E-05,1.84E-05,-2.75E-04,-1.94E-04,-1.95E-04,-4.17E-04,-1.87E-04,-5.70E-04,-5.15E-04,-2.28E-04,8.93E-06
382,-2.82E-04,-2.11E-04,-1.23E-04,-1.61E-04,-1.89E-04,-1.48E-04,-1.49E-04,-2.93E-04,-2.62E-05,-3.85E-05,1.94E-05,-2.90E-04,-1.92E-04,-1.88E-04,-4.09E-04,-1.79E-04,-5.66E-04,-5.16E-04,-2.26E-04,1.13E-05
383,-3.17E-04,-2.20E-04,-1.25E-04,-1.62E-04,-1.91E-04,-1.47E-04,-1.69E-04,-2.94E-04,-2.33E-05,-3.66E-05,1.84E-05,-3.04E-04,-1.89E-04,-1.79E-04,-3.99E-04,-1.69E-04,-5.60E-04,-5.14E-04,-2.23E-04,1.47E-05
384,-3.53E-04,-2.26E-04,-1.24E-04,-1.64E-04,-1.91E-04,-1.44E-04,-1.93E-04,-2.93E-04,-1.97E-05,-3.38E-05,1.53E-05,-3.18E-04,-1.85E-04,-1.70E-04,-3.87E-04,-1.59E-04,-5.52E-04,-5.09E-04,-2.18E-04,1.91E-05
385,-3.87E-04,-2.28E-04,-1.23E-04,-1.65E-04,-1.90E-04,-1.40E-04,-2.19E-04,-2.89E-04,-1.56E-05,-3.02E-05,1.06E-05,-3.30E-04,-1.80E-04,-1.60E-04,-3.74E-04,-1.48E-04,-5.42E-04,-5.02E-04,-2.13E-04,2.44E-05
386,-4.21E-04,-2.28E-04,-1.19E-04,-1.66E-04,-1.88E-04,-1.35E-04,-2.45E-04,-2.83E-04,-1.11E-05,-2.61E-05,4.46E-06,-3.39E-04,-1.72E-04,-1.49E-04,-3.59E-04,-1.36E-04,-5.32E-04,-4.92E-04,-2.07E-04,3.05E-05
387,-4.53E-04,-2.25E-04,-1.14E-04,-1.67E-04,-1.85E-04,-1.29E-04,-2.69E-04,-2.74E-04,-6.25E-06,-2.16E-05,-2.66E-06,-3.45E-04,-1.63E-04,-1.38E-04,-3.43E-04,-1.23E-04,-5.21E-04,-4.79E-04,-2.00E-04,3.70E-05
388,-4.83E-04,-2.19E-04,-1.08E-04,-1.67E-04,-1.81E-04,-1.22E-04,-2.91E-04,-2.64E-04,-1.33E-06,-1.68E-05,-1.03E-05,-3.48E-04,-1.51E-04,-1.26E-04,-3.26E-04,-1.10E-04,-5.09E-04,-4.65E-04,-1.93E-04,4.38E-05
389,-5.09E-04,-2.11E-04,-1.02E-04,-1.66E-04,-1.76E-04,-1.14E-04,-3.08E-04,-2.51E-04,3.54E-06,-1.20E-05,-1.80E-05,-3.46E-04,-1.36E-04,-1.14E-04,-3.08E-04,-9.70E-05,-4.98E-04,-4.49E-04,-1.86E-04,5.06E-05
390,-5.31E-04,-2.00E-04,-9.44E-05,-1.64E-04,-1.70E-04,-1.07E-04,-3.19E-04,-2.38E-04,8.23E-06,-7.47E-06,-2.52E-05,-3.41E-04,-1.20E-04,-1.02E-04,-2.89E-04,-8.41E-05,-4.87E-04,-4.32E-04,-1.78E-04,5.74E-05
391,-5.49E-04,-1.88E-04,-8.73E-05,-1.62E-04,-1.64E-04,-9.93E-05,-3.23E-04,-2.24E-04,1.26E-05,-3.27E-06,-3.14E-05,-3.31E-04,-1.02E-04,-9.04E-05,-2.71E-04,-7.16E-05,-4.77E-04,-4.15E-04,-1.71E-04,6.38E-05
392,-5.61E-04,-1.75E-04,-8.07E-05,-1.59E-04,-1.58E-04,-9.20E-05,-3.18E-04,-2.10E-04,1.66E-05,4.00E-07,-3.63E-05,-3.19E-04,-8.21E-05,-7.91E-05,-2.52E-04,-5.98E-05,-4.68E-04,-3.98E-04,-1.65E-04,6.98E-05
393,-5.68E-04,-1.62E-04,-7.49E-05,-1.55E-04,-1.51E-04,-8.50E-05,-3.06E-04,-1.96E-04,2.01E-05,3.45E-06,-3.94E-05,-3.03E-04,-6.21E-05,-6.82E-05,-2.34E-04,-4.86E-05,-4.60E-04,-3.82E-04,-1.59E-04,7.52E-05
394,-5.67E-04,-1.49E-04,-7.03E-05,-1.50E-04,-1.45E-04,-7.86E-05,-2.86E-04,-1.83E-04,2.32E-05,5.83E-06,-4.05E-05,-2.86E-04,-4.24E-05,-5.79E-05,-2.17E-04,-3.83E-05,-4.54E-04,-3.67E-04,-1.53E-04,7.99E-05
395,-5.59E-04,-1.36E-04,-6.71E-05,-1.45E-04,-1.38E-04,-7.26E-05,-2.60E-04,-1.71E-04,2.58E-05,7.52E-06,-3.94E-05,-2.67E-04,-2.39E-05,-4.81E-05,-2.02E-04,-2.88E-05,-4.49E-04,-3.54E-04,-1.48E-04,8.39E-05
396,-5.44E-04,-1.23E-04,-6.55E-05,-1.39E-04,-1.31E-04,-6.71E-05,-2.27E-04,-1.60E-04,2.79E-05,8.61E-06,-3.61E-05,-2.48E-04,-7.48E-06,-3.89E-05,-1.87E-04,-2.01E-05,-4.46E-04,-3.43E-04,-1.43E-04,8.71E-05
397,-5.21E-04,-1.12E-04,-6.56E-05,-1.33E-04,-1.24E-04,-6.21E-05,-1.90E-04,-1.50E-04,2.98E-05,9.18E-06,-3.05E-05,-2.30E-04,6.14E-06,-3.01E-05,-1.73E-04,-1.21E-05,-4.44E-04,-3.33E-04,-1.38E-04,8.97E-05
398,-4.91E-04,-1.02E-04,-6.71E-05,-1.27E-04,-1.17E-04,-5.75E-05,-1.51E-04,-1.42E-04,3.14E-05,9.39E-06,-2.29E-05,-2.13E-04,1.62E-05,-2.17E-05,-1.61E-04,-4.77E-06,-4.43E-04,-3.26E-04,-1.34E-04,9.17E-05
399,-4.55E-04,-9.30E-05,-6.99E-05,-1.20E-04,-1.10E-04,-5.30E-05,-1.11E-04,-1.35E-04,3.30E-05,9.43E-06,-1.33E-05,-1.98E-04,2.23E-05,-1.36E-05,-1.50E-04,2.12E-06,-4.43E-04,-3.20E-04,-1.30E-04,9.31E-05
400,-4.12E-04,-8.48E-05,-7.37E-05,-1.14E-04,-1.03E-04,-4.85E-05,-7.26E-05,-1.29E-04,3.46E-05,9.49E-06,-2.11E-06,-1.86E-04,2.40E-05,-5.49E-06,-1.39E-04,8.71E-06,-4.44E-04,-3.15E-04,-1.26E-04,9.40E-05
401,-3.64E-04,-7.72E-05,-7.82E-05,-1.07E-04,-9.55E-05,-4.39E-05,-3.77E-05,-1.23E-04,3.63E-05,9.79E-06,1.04E-05,-1.76E-04,2.12E-05,2.66E-06,-1.29E-04,1.52E-05,-4.46E-04,-3.12E-04,-1.22E-04,9.46E-05
402,-3.13E-04,-7.00E-05,-8.29E-05,-1.00E-04,-8.83E-05,-3.89E-05,-7.68E-06,-1.18E-04,3.83E-05,1.05E-05,2.39E-05,-1.70E-04,1.43E-05,1.10E-05,-1.20E-04,2.17E-05,-4.47E-04,-3.09E-04,-1.18E-04,9.48E-05
403,-2.60E-04,-6.26E-05,-8.74E-05,-9.31E-05,-8.10E-05,-3.35E-05,1.59E-05,-1.13E-04,4.08E-05,1.18E-05,3.80E-05,-1.66E-04,3.50E-06,1.98E-05,-1.11E-04,2.84E-05,-4.49E-04,-3.07E-04,-1.14E-04,9.47E-05
404,-2.07E-04,-5.48E-05,-9.12E-05,-8.61E-05,-7.39E-05,-2.74E-05,3.21E-05,-1.07E-04,4.36E-05,1.39E-05,5.24E-05,-1.65E-04,-1.04E-05,2.90E-05,-1.02E-04,3.55E-05,-4.50E-04,-3.04E-04,-1.10E-04,9.45E-05
405,-1.56E-04,-4.60E-05,-9.41E-05,-7.90E-05,-6.67E-05,-2.06E-05,4.04E-05,-1.00E-04,4.69E-05,1.67E-05,6.66E-05,-1.67E-04,-2.66E-05,3.87E-05,-9.24E-05,4.29E-05,-4.51E-04,-3.00E-04,-1.06E-04,9.40E-05
406,-1.07E-04,-3.60E-05,-9.58E-05,-7.18E-05,-5.97E-05,-1.30E-05,4.07E-05,-9.23E-05,5.07E-05,2.04E-05,8.04E-05,-1.70E-04,-4.41E-05,4.90E-05,-8.23E-05,5.07E-05,-4.51E-04,-2.95E-04,-1.02E-04,9.34E-05
407,-6.41E-05,-2.43E-05,-9.61E-05,-6.44E-05,-5.30E-05,-4.74E-06,3.32E-05,-8.30E-05,5.49E-05,2.50E-05,9.35E-05,-1.74E-04,-6.17E-05,5.98E-05,-7.15E-05,5.89E-05,-4.50E-04,-2.88E-04,-9.81E-05,9.26E-05
408,-2.72E-05,-1.09E-05,-9.49E-05,-5.67E-05,-4.65E-05,4.20E-06,1.87E-05,-7.23E-05,5.94E-05,3.03E-05,1.06E-04,-1.78E-04,-7.85E-05,7.10E-05,-5.98E-05,6.75E-05,-4.48E-04,-2.80E-04,-9.46E-05,9.16E-05
409,2.49E-06,4.35E-06,-9.22E-05,-4.89E-05,-4.04E-05,1.37E-05,-1.63E-06,-6.01E-05,6.42E-05,3.63E-05,1.16E-04,-1.82E-04,-9.32E-05,8.25E-05,-4.74E-05,7.63E-05,-4.44E-04,-2.70E-04,-9.14E-05,9.04E-05
410,2.42E-05,2.13E-05,-8.82E-05,-4.08E-05,-3.48E-05,2.35E-05,-2.65E-05,-4.64E-05,6.91E-05,4.27E-05,1.26E-04,-1.85E-04,-1.05E-04,9.40E-05,-3.42E-05,8.52E-05,-4.40E-04,-2.58E-04,-8.87E-05,8.89E-05
411,3.78E-05,3.98E-05,-8.32E-05,-3.25E-05,-2.96E-05,3.35E-05,-5.42E-05,-3.16E-05,7.40E-05,4.94E-05,1.34E-04,-1.86E-04,-1.13E-04,1.05E-04,-2.04E-05,9.41E-05,-4.34E-04,-2.45E-04,-8.67E-05,8.70E-05
412,4.35E-05,5.95E-05,-7.73E-05,-2.41E-05,-2.50E-05,4.35E-05,-8.31E-05,-1.59E-05,7.87E-05,5.62E-05,1.40E-04,-1.85E-04,-1.17E-04,1.17E-04,-6.14E-06,1.03E-04,-4.27E-04,-2.31E-04,-8.53E-05,8.48E-05
413,4.20E-05,7.99E-05,-7.11E-05,-1.56E-05,-2.10E-05,5.31E-05,-1.11E-04,3.25E-07,8.30E-05,6.29E-05,1.44E-04,-1.82E-04,-1.17E-04,1.27E-04,8.31E-06,1.11E-04,-4.20E-04,-2.16E-04,-8.46E-05,8.23E-05
414,3.43E-05,1.00E-04,-6.47E-05,-7.07E-06,-1.76E-05,6.23E-05,-1.37E-04,1.66E-05,8.69E-05,6.92E-05,1.47E-04,-1.77E-04,-1.12E-04,1.37E-04,2.27E-05,1.19E-04,-4.11E-04,-2.00E-04,-8.47E-05,7.93E-05
415,2.17E-05,1.20E-04,-5.87E-05,1.34E-06,-1.48E-05,7.07E-05,-1.60E-04,3.23E-05,9.03E-05,7.50E-05,1.48E-04,-1.70E-04,-1.03E-04,1.45E-04,3.67E-05,1.26E-04,-4.02E-04,-1.84E-04,-8.55E-05,7.60E-05
416,5.84E-06,1.39E-04,-5.33E-05,9.52E-06,-1.25E-05,7.82E-05,-1.77E-04,4.73E-05,9.30E-05,8.01E-05,1.47E-04,-1.61E-04,-9.02E-05,1.53E-04,5.00E-05,1.32E-04,-3.93E-04,-1.68E-04,-8.68E-05,7.24E-05
417,-1.16E-05,1.56E-04,-4.88E-05,1.74E-05,-1.08E-05,8.47E-05,-1.88E-04,6.09E-05,9.51E-05,8.45E-05,1.44E-04,-1.51E-04,-7.50E-05,1.59E-04,6.24E-05,1.37E-04,-3.84E-04,-1.54E-04,-8.88E-05,6.85E-05
418,-2.89E-05,1.70E-04,-4.53E-05,2.48E-05,-9.48E-06,9.01E-05,-1.92E-04,7.29E-05,9.64E-05,8.80E-05,1.40E-04,-1.40E-04,-5.80E-05,1.63E-04,7.35E-05,1.41E-04,-3.75E-04,-1.40E-04,-9.11E-05,6.43E-05
419,-4.46E-05,1.82E-04,-4.30E-05,3.16E-05,-8.59E-06,9.42E-05,-1.90E-04,8.29E-05,9.71E-05,9.07E-05,1.34E-04,-1.28E-04,-4.03E-05,1.66E-04,8.34E-05,1.45E-04,-3.67E-04,-1.27E-04,-9.36E-05,5.98E-05
420,-5.73E-05,1.90E-04,-4.19E-05,3.78E-05,-8.05E-06,9.72E-05,-1.80E-04,9.09E-05,9.72E-05,9.25E-05,1.26E-04,-1.18E-04,-2.30E-05,1.68E-04,9.17E-05,1.47E-04,-3.58E-04,-1.16E-04,-9.62E-05,5.52E-05
421,-6.61E-05,1.95E-04,-4.19E-05,4.33E-05,-7.81E-06,9.90E-05,-1.65E-04,9.68E-05,9.67E-05,9.35E-05,1.18E-04,-1.08E-04,-6.95E-06,1.69E-04,9.84E-05,1.48E-04,-3.51E-04,-1.07E-04,-9.88E-05,5.04E-05
422,-7.04E-05,1.96E-04,-4.30E-05,4.80E-05,-7.84E-06,9.96E-05,-1.43E-04,1.01E-04,9.57E-05,9.38E-05,1.08E-04,-9.98E-05,6.83E-06,1.68E-04,1.04E-04,1.49E-04,-3.44E-04,-9.93E-05,-1.01E-04,4.55E-05
423,-7.00E-05,1.93E-04,-4.49E-05,5.18E-05,-8.11E-06,9.93E-05,-1.17E-04,1.03E-04,9.44E-05,9.35E-05,9.80E-05,-9.37E-05,1.77E-05,1.66E-04,1.07E-04,1.48E-04,-3.38E-04,-9.32E-05,-1.03E-04,4.04E-05
424,-6.53E-05,1.86E-04,-4.74E-05,5.49E-05,-8.65E-06,9.80E-05,-8.85E-05,1.03E-04,9.29E-05,9.27E-05,8.76E-05,-8.98E-05,2.52E-05,1.64E-04,1.10E-04,1.47E-04,-3.33E-04,-8.84E-05,-1.05E-04,3.53E-05
425,-5.70E-05,1.77E-04,-5.04E-05,5.72E-05,-9.45E-06,9.60E-05,-5.80E-05,1.02E-04,9.12E-05,9.16E-05,7.72E-05,-8.83E-05,2.91E-05,1.61E-04,1.11E-04,1.45E-04,-3.28E-04,-8.49E-05,-1.06E-04,2.99E-05
426,-4.62E-05,1.64E-04,-5.36E-05,5.87E-05,-1.06E-05,9.34E-05,-2.72E-05,1.00E-04,8.94E-05,9.02E-05,6.73E-05,-8.91E-05,2.94E-05,1.57E-04,1.11E-04,1.43E-04,-3.24E-04,-8.24E-05,-1.07E-04,2.44E-05
427,-3.41E-05,1.50E-04,-5.68E-05,5.96E-05,-1.20E-05,9.02E-05,2.43E-06,9.81E-05,8.77E-05,8.86E-05,5.82E-05,-9.20E-05,2.66E-05,1.54E-04,1.10E-04,1.40E-04,-3.20E-04,-8.06E-05,-1.08E-04,1.87E-05
428,-2.24E-05,1.34E-04,-6.01E-05,5.99E-05,-1.39E-05,8.66E-05,2.95E-05,9.57E-05,8.61E-05,8.70E-05,5.02E-05,-9.65E-05,2.11E-05,1.50E-04,1.09E-04,1.36E-04,-3.17E-04,-7.93E-05,-1.08E-04,1.28E-05
429,-1.24E-05,1.16E-04,-6.32E-05,5.96E-05,-1.62E-05,8.27E-05,5.28E-05,9.35E-05,8.47E-05,8.54E-05,4.38E-05,-1.02E-04,1.36E-05,1.47E-04,1.07E-04,1.33E-04,-3.14E-04,-7.83E-05,-1.09E-04,6.61E-06
430,-5.61E-06,9.90E-05,-6.62E-05,5.90E-05,-1.91E-05,7.86E-05,7.16E-05,9.20E-05,8.34E-05,8.38E-05,3.90E-05,-1.08E-04,5.05E-06,1.44E-04,1.05E-04,1.29E-04,-3.10E-04,-7.74E-05,-1.09E-04,1.30E-07
431,-3.16E-06,8.20E-05,-6.91E-05,5.80E-05,-2.25E-05,7.43E-05,8.53E-05,9.12E-05,8.24E-05,8.23E-05,3.63E-05,-1.14E-04,-3.68E-06,1.42E-04,1.03E-04,1.24E-04,-3.07E-04,-7.64E-05,-1.09E-04,-6.62E-06
432,-5.89E-06,6.58E-05,-7.20E-05,5.68E-05,-2.65E-05,6.98E-05,9.35E-05,9.14E-05,8.15E-05,8.09E-05,3.56E-05,-1.20E-04,-1.16E-05,1.40E-04,1.02E-04,1.20E-04,-3.03E-04,-7.51E-05,-1.10E-04,-1.36E-05
433,-1.42E-05,5.11E-05,-7.51E-05,5.55E-05,-3.11E-05,6.52E-05,9.64E-05,9.26E-05,8.07E-05,7.95E-05,3.70E-05,-1.23E-04,-1.80E-05,1.39E-04,1.01E-04,1.15E-04,-2.99E-04,-7.36E-05,-1.11E-04,-2.08E-05
434,-2.81E-05,3.82E-05,-7.84E-05,5.42E-05,-3.63E-05,6.05E-05,9.42E-05,9.48E-05,8.01E-05,7.81E-05,4.06E-05,-1.25E-04,-2.19E-05,1.39E-04,9.97E-05,1.10E-04,-2.95E-04,-7.18E-05,-1.13E-04,-2.81E-05
435,-4.70E-05,2.75E-05,-8.22E-05,5.29E-05,-4.20E-05,5.58E-05,8.77E-05,9.80E-05,7.96E-05,7.69E-05,4.62E-05,-1.24E-04,-2.30E-05,1.39E-04,9.93E-05,1.06E-04,-2.91E-04,-6.96E-05,-1.15E-04,-3.55E-05
436,-6.99E-05,1.92E-05,-8.64E-05,5.18E-05,-4.81E-05,5.10E-05,7.76E-05,1.02E-04,7.91E-05,7.57E-05,5.35E-05,-1.20E-04,-2.09E-05,1.40E-04,9.93E-05,1.01E-04,-2.85E-04,-6.73E-05,-1.19E-04,-4.27E-05
437,-9.57E-05,1.35E-05,-9.11E-05,5.10E-05,-5.46E-05,4.62E-05,6.51E-05,1.07E-04,7.87E-05,7.45E-05,6.23E-05,-1.12E-04,-1.55E-05,1.41E-04,9.98E-05,9.65E-05,-2.80E-04,-6.48E-05,-1.22E-04,-4.97E-05
438,-1.23E-04,1.03E-05,-9.63E-05,5.04E-05,-6.12E-05,4.14E-05,5.13E-05,1.12E-04,7.83E-05,7.35E-05,7.23E-05,-1.02E-04,-6.97E-06,1.43E-04,1.01E-04,9.23E-05,-2.74E-04,-6.22E-05,-1.26E-04,-5.63E-05
439,-1.49E-04,9.80E-06,-1.02E-04,5.04E-05,-6.79E-05,3.67E-05,3.75E-05,1.17E-04,7.79E-05,7.27E-05,8.30E-05,-8.89E-05,4.21E-06,1.46E-04,1.02E-04,8.86E-05,-2.68E-04,-5.95E-05,-1.31E-04,-6.24E-05
440,-1.72E-04,1.17E-05,-1.08E-04,5.08E-05,-7.46E-05,3.22E-05,2.49E-05,1.22E-04,7.75E-05,7.21E-05,9.41E-05,-7.31E-05,1.74E-05,1.49E-04,1.03E-04,8.53E-05,-2.62E-04,-5.69E-05,-1.36E-04,-6.78E-05
441,-1.92E-04,1.60E-05,-1.14E-04,5.17E-05,-8.09E-05,2.78E-05,1.47E-05,1.28E-04,7.72E-05,7.18E-05,1.05E-04,-5.54E-05,3.20E-05,1.53E-04,1.05E-04,8.26E-05,-2.55E-04,-5.45E-05,-1.41E-04,-7.25E-05
442,-2.05E-04,2.23E-05,-1.20E-04,5.33E-05,-8.69E-05,2.38E-05,7.94E-06,1.33E-04,7.69E-05,7.20E-05,1.16E-04,-3.64E-05,4.69E-05,1.57E-04,1.07E-04,8.06E-05,-2.49E-04,-5.21E-05,-1.47E-04,-7.63E-05
443,-2.11E-04,3.04E-05,-1.25E-04,5.56E-05,-9.24E-05,2.02E-05,5.37E-06,1.38E-04,7.68E-05,7.26E-05,1.26E-04,-1.69E-05,6.13E-05,1.61E-04,1.09E-04,7.93E-05,-2.42E-04,-4.98E-05,-1.51E-04,-7.93E-05
444,-2.10E-04,4.01E-05,-1.30E-04,5.85E-05,-9.73E-05,1.71E-05,7.59E-06,1.43E-04,7.68E-05,7.39E-05,1.35E-04,2.39E-06,7.43E-05,1.66E-04,1.11E-04,7.88E-05,-2.34E-04,-4.76E-05,-1.56E-04,-8.16E-05
445,-2.00E-04,5.09E-05,-1.33E-04,6.22E-05,-1.02E-04,1.44E-05,1.49E-05,1.47E-04,7.69E-05,7.58E-05,1.42E-04,2.05E-05,8.52E-05,1.72E-04,1.13E-04,7.91E-05,-2.27E-04,-4.54E-05,-1.60E-04,-8.30E-05
446,-1.81E-04,6.26E-05,-1.35E-04,6.65E-05,-1.05E-04,1.24E-05,2.71E-05,1.52E-04,7.73E-05,7.83E-05,1.48E-04,3.68E-05,9.34E-05,1.78E-04,1.15E-04,8.01E-05,-2.20E-04,-4.31E-05,-1.64E-04,-8.38E-05
447,-1.56E-04,7.48E-05,-1.36E-04,7.14E-05,-1.08E-04,1.10E-05,4.41E-05,1.56E-04,7.79E-05,8.16E-05,1.53E-04,5.04E-05,9.83E-05,1.85E-04,1.17E-04,8.19E-05,-2.12E-04,-4.07E-05,-1.67E-04,-8.42E-05
448,-1.24E-04,8.70E-05,-1.36E-04,7.69E-05,-1.10E-04,1.01E-05,6.51E-05,1.61E-04,7.86E-05,8.55E-05,1.56E-04,6.09E-05,9.97E-05,1.92E-04,1.18E-04,8.42E-05,-2.03E-04,-3.80E-05,-1.69E-04,-8.42E-05
449,-8.68E-05,9.90E-05,-1.33E-04,8.27E-05,-1.11E-04,9.81E-06,8.94E-05,1.66E-04,7.95E-05,9.01E-05,1.58E-04,6.79E-05,9.77E-05,2.00E-04,1.20E-04,8.70E-05,-1.94E-04,-3.50E-05,-1.70E-04,-8.42E-05
450,-4.71E-05,1.10E-04,-1.30E-04,8.89E-05,-1.12E-04,1.00E-05,1.16E-04,1.72E-04,8.06E-05,9.52E-05,1.59E-04,7.10E-05,9.24E-05,2.08E-04,1.21E-04,9.00E-05,-1.85E-04,-3.14E-05,-1.71E-04,-8.44E-05
451,-6.64E-06,1.21E-04,-1.25E-04,9.51E-05,-1.13E-04,1.06E-05,1.43E-04,1.77E-04,8.17E-05,1.01E-04,1.58E-04,7.04E-05,8.42E-05,2.16E-04,1.22E-04,9.32E-05,-1.75E-04,-2.74E-05,-1.71E-04,-8.49E-05
452,3.25E-05,1.30E-04,-1.19E-04,1.01E-04,-1.14E-04,1.15E-05,1.70E-04,1.84E-04,8.28E-05,1.06E-04,1.57E-04,6.62E-05,7.38E-05,2.24E-04,1.23E-04,9.63E-05,-1.64E-04,-2.28E-05,-1.71E-04,-8.61E-05
453,6.82E-05,1.37E-04,-1.13E-04,1.07E-04,-1.14E-04,1.25E-05,1.96E-04,1.91E-04,8.39E-05,1.12E-04,1.55E-04,5.87E-05,6.19E-05,2.32E-04,1.23E-04,9.91E-05,-1.53E-04,-1.76E-05,-1.71E-04,-8.80E-05
454,9.87E-05,1.43E-04,-1.07E-04,1.12E-04,-1.15E-04,1.35E-05,2.19E-04,1.98E-04,8.48E-05,1.18E-04,1.52E-04,4.86E-05,4.92E-05,2.40E-04,1.23E-04,1.01E-04,-1.41E-04,-1.18E-05,-1.70E-04,-9.08E-05
455,1.22E-04,1.47E-04,-1.01E-04,1.16E-04,-1.16E-04,1.44E-05,2.39E-04,2.05E-04,8.54E-05,1.23E-04,1.50E-04,3.65E-05,3.66E-05,2.47E-04,1.23E-04,1.03E-04,-1.28E-04,-5.50E-06,-1.70E-04,-9.45E-05
456,1.38E-04,1.48E-04,-9.69E-05,1.20E-04,-1.18E-04,1.50E-05,2.54E-04,2.12E-04,8.57E-05,1.28E-04,1.47E-04,2.31E-05,2.49E-05,2.54E-04,1.23E-04,1.04E-04,-1.16E-04,1.31E-06,-1.69E-04,-9.93E-05
457,1.46E-04,1.47E-04,-9.38E-05,1.22E-04,-1.20E-04,1.51E-05,2.65E-04,2.19E-04,8.55E-05,1.32E-04,1.44E-04,9.45E-06,1.48E-05,2.60E-04,1.22E-04,1.04E-04,-1.02E-04,8.51E-06,-1.69E-04,-1.05E-04
458,1.44E-04,1.45E-04,-9.25E-05,1.22E-04,-1.23E-04,1.46E-05,2.72E-04,2.25E-04,8.50E-05,1.35E-04,1.42E-04,-3.72E-06,6.90E-06,2.65E-04,1.21E-04,1.03E-04,-8.92E-05,1.60E-05,-1.69E-04,-1.12E-04
459,1.35E-04,1.41E-04,-9.34E-05,1.21E-04,-1.27E-04,1.36E-05,2.73E-04,2.30E-04,8.39E-05,1.38E-04,1.39E-04,-1.56E-05,1.56E-06,2.69E-04,1.20E-04,1.01E-04,-7.60E-05,2.36E-05,-1.70E-04,-1.19E-04
460,1.19E-04,1.35E-04,-9.65E-05,1.19E-04,-1.31E-04,1.18E-05,2.71E-04,2.35E-04,8.23E-05,1.39E-04,1.37E-04,-2.54E-05,-1.00E-06,2.72E-04,1.18E-04,9.83E-05,-6.32E-05,3.13E-05,-1.71E-04,-1.27E-04
461,9.67E-05,1.28E-04,-1.02E-04,1.15E-04,-1.37E-04,9.34E-06,2.65E-04,2.38E-04,8.03E-05,1.40E-04,1.34E-04,-3.25E-05,-8.01E-07,2.75E-04,1.17E-04,9.45E-05,-5.08E-05,3.88E-05,-1.73E-04,-1.35E-04
462,7.04E-05,1.20E-04,-1.10E-04,1.10E-04,-1.43E-04,6.18E-06,2.56E-04,2.40E-04,7.78E-05,1.39E-04,1.32E-04,-3.65E-05,1.93E-06,2.76E-04,1.15E-04,8.99E-05,-3.92E-05,4.61E-05,-1.74E-04,-1.43E-04
463,4.19E-05,1.13E-04,-1.20E-04,1.03E-04,-1.50E-04,2.39E-06,2.45E-04,2.41E-04,7.49E-05,1.38E-04,1.29E-04,-3.72E-05,6.79E-06,2.77E-04,1.13E-04,8.47E-05,-2.84E-05,5.31E-05,-1.76E-04,-1.51E-04
464,1.30E-05,1.06E-04,-1.31E-04,9.57E-05,-1.58E-04,-1.96E-06,2.33E-04,2.40E-04,7.18E-05,1.36E-04,1.26E-04,-3.43E-05,1.32E-05,2.77E-04,1.11E-04,7.90E-05,-1.87E-05,5.96E-05,-1.79E-04,-1.58E-04
465,-1.44E-05,1.00E-04,-1.44E-04,8.72E-05,-1.67E-04,-6.75E-06,2.21E-04,2.38E-04,6.84E-05,1.33E-04,1.23E-04,-2.81E-05,2.05E-05,2.76E-04,1.09E-04,7.29E-05,-1.01E-05,6.55E-05,-1.81E-04,-1.65E-04
466,-3.87E-05,9.58E-05,-1.58E-04,7.81E-05,-1.75E-04,-1.19E-05,2.10E-04,2.36E-04,6.50E-05,1.30E-04,1.20E-04,-1.88E-05,2.81E-05,2.75E-04,1.07E-04,6.66E-05,-2.68E-06,7.08E-05,-1.84E-04,-1.72E-04
467,-5.84E-05,9.36E-05,-1.71E-04,6.87E-05,-1.84E-04,-1.72E-05,2.00E-04,2.32E-04,6.15E-05,1.26E-04,1.16E-04,-6.70E-06,3.50E-05,2.74E-04,1.05E-04,6.02E-05,3.54E-06,7.54E-05,-1.86E-04,-1.77E-04
468,-7.25E-05,9.39E-05,-1.85E-04,5.94E-05,-1.93E-04,-2.26E-05,1.93E-04,2.28E-04,5.82E-05,1.22E-04,1.12E-04,7.53E-06,4.08E-05,2.73E-04,1.03E-04,5.41E-05,8.60E-06,7.94E-05,-1.89E-04,-1.81E-04
469,-8.05E-05,9.68E-05,-1.97E-04,5.04E-05,-2.02E-04,-2.79E-05,1.88E-04,2.24E-04,5.51E-05,1.18E-04,1.08E-04,2.33E-05,4.47E-05,2.73E-04,1.01E-04,4.82E-05,1.26E-05,8.26E-05,-1.91E-04,-1.85E-04
470,-8.21E-05,1.03E-04,-2.09E-04,4.20E-05,-2.10E-04,-3.29E-05,1.86E-04,2.19E-04,5.23E-05,1.14E-04,1.04E-04,4.00E-05,4.63E-05,2.73E-04,9.95E-05,4.27E-05,1.55E-05,8.53E-05,-1.93E-04,-1.87E-04
471,-7.78E-05,1.11E-04,-2.18E-04,3.44E-05,-2.18E-04,-3.77E-05,1.87E-04,2.16E-04,4.99E-05,1.11E-04,1.01E-04,5.70E-05,4.54E-05,2.73E-04,9.74E-05,3.77E-05,1.77E-05,8.72E-05,-1.95E-04,-1.89E-04
472,-6.82E-05,1.22E-04,-2.26E-04,2.78E-05,-2.26E-04,-4.21E-05,1.90E-04,2.13E-04,4.79E-05,1.07E-04,9.78E-05,7.35E-05,4.17E-05,2.75E-04,9.51E-05,3.33E-05,1.92E-05,8.87E-05,-1.97E-04,-1.90E-04
473,-5.46E-05,1.35E-04,-2.32E-04,2.25E-05,-2.32E-04,-4.59E-05,1.95E-04,2.11E-04,4.62E-05,1.04E-04,9.55E-05,8.90E-05,3.54E-05,2.77E-04,9.25E-05,2.95E-05,2.03E-05,8.96E-05,-1.98E-04,-1.90E-04
474,-3.82E-05,1.50E-04,-2.35E-04,1.83E-05,-2.38E-04,-4.93E-05,2.01E-04,2.10E-04,4.50E-05,1.02E-04,9.40E-05,1.03E-04,2.66E-05,2.81E-04,8.95E-05,2.65E-05,2.11E-05,9.02E-05,-2.00E-04,-1.90E-04
475,-2.06E-05,1.65E-04,-2.37E-04,1.54E-05,-2.43E-04,-5.21E-05,2.08E-04,2.10E-04,4.42E-05,9.95E-05,9.36E-05,1.15E-04,1.57E-05,2.86E-04,8.61E-05,2.41E-05,2.18E-05,9.04E-05,-2.01E-04,-1.90E-04
476,-3.57E-06,1.81E-04,-2.37E-04,1.37E-05,-2.47E-04,-5.43E-05,2.15E-04,2.12E-04,4.37E-05,9.78E-05,9.43E-05,1.25E-04,3.23E-06,2.92E-04,8.21E-05,2.25E-05,2.28E-05,9.04E-05,-2.02E-04,-1.89E-04
477,1.15E-05,1.97E-04,-2.35E-04,1.31E-05,-2.50E-04,-5.60E-05,2.22E-04,2.14E-04,4.35E-05,9.64E-05,9.64E-05,1.33E-04,-1.02E-05,2.99E-04,7.75E-05,2.17E-05,2.40E-05,9.03E-05,-2.04E-04,-1.89E-04
478,2.30E-05,2.12E-04,-2.32E-04,1.34E-05,-2.52E-04,-5.72E-05,2.27E-04,2.18E-04,4.35E-05,9.55E-05,9.96E-05,1.39E-04,-2.39E-05,3.06E-04,7.25E-05,2.17E-05,2.58E-05,9.00E-05,-2.05E-04,-1.89E-04
479,3.00E-05,2.26E-04,-2.29E-04,1.45E-05,-2.54E-04,-5.78E-05,2.32E-04,2.22E-04,4.35E-05,9.48E-05,1.04E-04,1.43E-04,-3.71E-05,3.15E-04,6.69E-05,2.25E-05,2.82E-05,8.97E-05,-2.06E-04,-1.89E-04
480,3.17E-05,2.37E-04,-2.25E-04,1.63E-05,-2.56E-04,-5.80E-05,2.34E-04,2.26E-04,4.36E-05,9.44E-05,1.10E-04,1.46E-04,-4.92E-05,3.24E-04,6.09E-05,2.41E-05,3.15E-05,8.95E-05,-2.08E-04,-1.90E-04
481,2.75E-05,2.46E-04,-2.21E-04,1.84E-05,-2.57E-04,-5.78E-05,2.36E-04,2.30E-04,4.37E-05,9.42E-05,1.16E-04,1.48E-04,-5.96E-05,3.34E-04,5.46E-05,2.65E-05,3.56E-05,8.93E-05,-2.09E-04,-1.91E-04
482,1.77E-05,2.53E-04,-2.17E-04,2.08E-05,-2.58E-04,-5.72E-05,2.37E-04,2.34E-04,4.36E-05,9.41E-05,1.23E-04,1.48E-04,-6.77E-05,3.44E-04,4.81E-05,2.99E-05,4.08E-05,8.92E-05,-2.10E-04,-1.92E-04
483,2.79E-06,2.57E-04,-2.14E-04,2.32E-05,-2.59E-04,-5.64E-05,2.37E-04,2.37E-04,4.32E-05,9.40E-05,1.30E-04,1.49E-04,-7.31E-05,3.54E-04,4.18E-05,3.41E-05,4.70E-05,8.91E-05,-2.11E-04,-1.93E-04
484,-1.64E-05,2.58E-04,-2.12E-04,2.56E-05,-2.60E-04,-5.52E-05,2.37E-04,2.39E-04,4.26E-05,9.39E-05,1.37E-04,1.50E-04,-7.56E-05,3.64E-04,3.57E-05,3.92E-05,5.43E-05,8.92E-05,-2.12E-04,-1.95E-04
485,-3.85E-05,2.58E-04,-2.10E-04,2.78E-05,-2.61E-04,-5.39E-05,2.37E-04,2.40E-04,4.17E-05,9.37E-05,1.44E-04,1.52E-04,-7.50E-05,3.75E-04,3.01E-05,4.51E-05,6.27E-05,8.93E-05,-2.13E-04,-1.96E-04
486,-6.20E-05,2.56E-04,-2.09E-04,2.99E-05,-2.63E-04,-5.25E-05,2.39E-04,2.40E-04,4.04E-05,9.34E-05,1.49E-04,1.55E-04,-7.16E-05,3.85E-04,2.53E-05,5.19E-05,7.23E-05,8.96E-05,-2.13E-04,-1.97E-04
487,-8.49E-05,2.52E-04,-2.09E-04,3.18E-05,-2.65E-04,-5.09E-05,2.43E-04,2.38E-04,3.87E-05,9.28E-05,1.54E-04,1.59E-04,-6.56E-05,3.95E-04,2.15E-05,5.95E-05,8.29E-05,8.99E-05,-2.13E-04,-1.98E-04
488,-1.06E-04,2.48E-04,-2.09E-04,3.36E-05,-2.68E-04,-4.94E-05,2.49E-04,2.34E-04,3.67E-05,9.20E-05,1.57E-04,1.65E-04,-5.73E-05,4.05E-04,1.88E-05,6.78E-05,9.45E-05,9.02E-05,-2.13E-04,-1.99E-04
489,-1.22E-04,2.44E-04,-2.10E-04,3.52E-05,-2.70E-04,-4.79E-05,2.59E-04,2.29E-04,3.43E-05,9.09E-05,1.59E-04,1.72E-04,-4.74E-05,4.14E-04,1.75E-05,7.68E-05,1.07E-04,9.07E-05,-2.12E-04,-1.99E-04
490,-1.33E-04,2.40E-04,-2.10E-04,3.69E-05,-2.74E-04,-4.66E-05,2.72E-04,2.24E-04,3.16E-05,8.93E-05,1.59E-04,1.81E-04,-3.64E-05,4.23E-04,1.75E-05,8.61E-05,1.20E-04,9.12E-05,-2.11E-04,-1.99E-04
491,-1.37E-04,2.37E-04,-2.10E-04,3.86E-05,-2.77E-04,-4.54E-05,2.88E-04,2.17E-04,2.85E-05,8.74E-05,1.58E-04,1.91E-04,-2.49E-05,4.32E-04,1.90E-05,9.58E-05,1.35E-04,9.19E-05,-2.10E-04,-1.99E-04
492,-1.32E-04,2.36E-04,-2.09E-04,4.06E-05,-2.81E-04,-4.45E-05,3.07E-04,2.09E-04,2.53E-05,8.49E-05,1.54E-04,2.02E-04,-1.37E-05,4.41E-04,2.19E-05,1.06E-04,1.49E-04,9.28E-05,-2.08E-04,-1.98E-04
493,-1.19E-04,2.36E-04,-2.08E-04,4.28E-05,-2.84E-04,-4.39E-05,3.29E-04,2.01E-04,2.18E-05,8.19E-05,1.49E-04,2.13E-04,-3.27E-06,4.49E-04,2.62E-05,1.15E-04,1.64E-04,9.40E-05,-2.06E-04,-1.97E-04
494,-9.76E-05,2.39E-04,-2.06E-04,4.53E-05,-2.88E-04,-4.37E-05,3.53E-04,1.93E-04,1.81E-05,7.83E-05,1.43E-04,2.25E-04,5.81E-06,4.57E-04,3.17E-05,1.25E-04,1.79E-04,9.55E-05,-2.03E-04,-1.95E-04
495,-6.80E-05,2.43E-04,-2.02E-04,4.83E-05,-2.91E-04,-4.40E-05,3.79E-04,1.85E-04,1.43E-05,7.40E-05,1.36E-04,2.35E-04,1.31E-05,4.65E-04,3.83E-05,1.34E-04,1.93E-04,9.75E-05,-2.01E-04,-1.94E-04
496,-3.15E-05,2.49E-04,-1.98E-04,5.16E-05,-2.94E-04,-4.48E-05,4.05E-04,1.77E-04,1.05E-05,6.92E-05,1.27E-04,2.45E-04,1.83E-05,4.72E-04,4.56E-05,1.43E-04,2.07E-04,9.99E-05,-1.98E-04,-1.92E-04
497,1.04E-05,2.57E-04,-1.93E-04,5.52E-05,-2.97E-04,-4.62E-05,4.31E-04,1.71E-04,6.67E-06,6.37E-05,1.19E-04,2.54E-04,2.13E-05,4.79E-04,5.35E-05,1.50E-04,2.21E-04,1.03E-04,-1.96E-04,-1.91E-04
498,5.57E-05,2.66E-04,-1.86E-04,5.91E-05,-2.99E-04,-4.81E-05,4.56E-04,1.65E-04,2.85E-06,5.76E-05,1.10E-04,2.60E-04,2.20E-05,4.86E-04,6.16E-05,1.57E-04,2.33E-04,1.07E-04,-1.94E-04,-1.90E-04
499,1.02E-04,2.77E-04,-1.80E-04,6.32E-05,-3.00E-04,-5.05E-05,4.78E-04,1.60E-04,-8.94E-07,5.09E-05,1.01E-04,2.65E-04,2.05E-05,4.93E-04,6.96E-05,1.63E-04,2.45E-04,1.11E-04,-1.92E-04,-1.89E-04
500,1.48E-04,2.88E-04,-1.72E-04,6.74E-05,-3.01E-04,-5.34E-05,4.97E-04,1.57E-04,-4.52E-06,4.37E-05,9.31E-05,2.67E-04,1.72E-05,4.99E-04,7.75E-05,1.68E-04,2.55E-04,1.16E-04,-1.90E-04,-1.89E-04
501,1.90E-04,3.00E-04,-1.65E-04,7.14E-05,-3.01E-04,-5.68E-05,5.12E-04,1.55E-04,-8.01E-06,3.62E-05,8.57E-05,2.67E-04,1.23E-05,5.05E-04,8.48E-05,1.72E-04,2.64E-04,1.22E-04,-1.88E-04,-1.89E-04
502,2.27E-04,3.12E-04,-1.58E-04,7.53E-05,-3.00E-04,-6.06E-05,5.24E-04,1.54E-04,-1.13E-05,2.83E-05,7.93E-05,2.65E-04,6.49E-06,5.11E-04,9.14E-05,1.74E-04,2.71E-04,1.29E-04,-1.87E-04,-1.89E-04
503,2.56E-04,3.24E-04,-1.52E-04,7.88E-05,-2.99E-04,-6.46E-05,5.31E-04,1.54E-04,-1.44E-05,2.02E-05,7.41E-05,2.60E-04,1.70E-07,5.16E-04,9.73E-05,1.77E-04,2.77E-04,1.36E-04,-1.85E-04,-1.90E-04
504,2.77E-04,3.36E-04,-1.46E-04,8.19E-05,-2.98E-04,-6.88E-05,5.33E-04,1.55E-04,-1.73E-05,1.22E-05,7.03E-05,2.54E-04,-6.04E-06,5.22E-04,1.02E-04,1.78E-04,2.81E-04,1.44E-04,-1.84E-04,-1.92E-04
505,2.88E-04,3.47E-04,-1.41E-04,8.45E-05,-2.97E-04,-7.30E-05,5.32E-04,1.56E-04,-1.99E-05,4.20E-06,6.77E-05,2.46E-04,-1.16E-05,5.27E-04,1.07E-04,1.79E-04,2.84E-04,1.51E-04,-1.83E-04,-1.94E-04
506,2.88E-04,3.58E-04,-1.36E-04,8.66E-05,-2.95E-04,-7.71E-05,5.26E-04,1.58E-04,-2.23E-05,-3.47E-06,6.66E-05,2.38E-04,-1.58E-05,5.32E-04,1.10E-04,1.80E-04,2.86E-04,1.59E-04,-1.83E-04,-1.96E-04
507,2.79E-04,3.68E-04,-1.33E-04,8.82E-05,-2.94E-04,-8.09E-05,5.18E-04,1.61E-04,-2.43E-05,-1.07E-05,6.67E-05,2.29E-04,-1.84E-05,5.36E-04,1.13E-04,1.80E-04,2.88E-04,1.67E-04,-1.82E-04,-1.98E-04
508,2.61E-04,3.78E-04,-1.31E-04,8.94E-05,-2.92E-04,-8.43E-05,5.06E-04,1.63E-04,-2.61E-05,-1.74E-05,6.82E-05,2.19E-04,-1.89E-05,5.41E-04,1.15E-04,1.81E-04,2.89E-04,1.74E-04,-1.81E-04,-2.00E-04
509,2.34E-04,3.88E-04,-1.30E-04,9.03E-05,-2.90E-04,-8.70E-05,4.92E-04,1.65E-04,-2.76E-05,-2.33E-05,7.09E-05,2.11E-04,-1.70E-05,5.46E-04,1.18E-04,1.83E-04,2.90E-04,1.81E-04,-1.79E-04,-2.01E-04
510,2.02E-04,3.98E-04,-1.29E-04,9.10E-05,-2.89E-04,-8.91E-05,4.77E-04,1.68E-04,-2.89E-05,-2.84E-05,7.47E-05,2.03E-04,-1.27E-05,5.51E-04,1.20E-04,1.85E-04,2.91E-04,1.86E-04,-1.78E-04,-2.03E-04
511,1.65E-04,4.07E-04,-1.28E-04,9.18E-05,-2.87E-04,-9.04E-05,4.61E-04,1.69E-04,-2.98E-05,-3.26E-05,7.95E-05,1.97E-04,-5.97E-06,5.56E-04,1.23E-04,1.87E-04,2.93E-04,1.91E-04,-1.76E-04,-2.03E-04
512,1.26E-04,4.15E-04,-1.27E-04,9.28E-05,-2.86E-04,-9.07E-05,4.45E-04,1.71E-04,-3.05E-05,-3.59E-05,8.53E-05,1.92E-04,3.01E-06,5.62E-04,1.27E-04,1.91E-04,2.95E-04,1.95E-04,-1.74E-04,-2.04E-04
513,8.81E-05,4.24E-04,-1.25E-04,9.43E-05,-2.84E-04,-9.01E-05,4.29E-04,1.72E-04,-3.09E-05,-3.81E-05,9.18E-05,1.89E-04,1.40E-05,5.68E-04,1.31E-04,1.96E-04,2.99E-04,1.98E-04,-1.71E-04,-2.03E-04
514,5.22E-05,4.32E-04,-1.23E-04,9.65E-05,-2.82E-04,-8.84E-05,4.14E-04,1.74E-04,-3.10E-05,-3.94E-05,9.92E-05,1.88E-04,2.65E-05,5.75E-04,1.36E-04,2.01E-04,3.04E-04,2.00E-04,-1.68E-04,-2.02E-04
515,2.08E-05,4.39E-04,-1.20E-04,9.95E-05,-2.80E-04,-8.58E-05,3.99E-04,1.75E-04,-3.09E-05,-3.96E-05,1.07E-04,1.89E-04,4.01E-05,5.83E-04,1.42E-04,2.08E-04,3.11E-04,2.00E-04,-1.65E-04,-1.99E-04
516,-4.65E-06,4.45E-04,-1.15E-04,1.04E-04,-2.76E-04,-8.20E-05,3.87E-04,1.76E-04,-3.06E-05,-3.90E-05,1.16E-04,1.92E-04,5.43E-05,5.91E-04,1.50E-04,2.16E-04,3.19E-04,2.00E-04,-1.62E-04,-1.96E-04
517,-2.31E-05,4.51E-04,-1.09E-04,1.09E-04,-2.72E-04,-7.74E-05,3.75E-04,1.78E-04,-3.01E-05,-3.75E-05,1.25E-04,1.96E-04,6.85E-05,5.99E-04,1.59E-04,2.24E-04,3.28E-04,2.00E-04,-1.58E-04,-1.93E-04
518,-3.41E-05,4.55E-04,-1.01E-04,1.15E-04,-2.67E-04,-7.17E-05,3.66E-04,1.80E-04,-2.94E-05,-3.52E-05,1.34E-04,2.02E-04,8.23E-05,6.08E-04,1.69E-04,2.34E-04,3.39E-04,1.99E-04,-1.55E-04,-1.88E-04
519,-3.78E-05,4.57E-04,-9.11E-05,1.22E-04,-2.61E-04,-6.52E-05,3.58E-04,1.82E-04,-2.86E-05,-3.23E-05,1.44E-04,2.08E-04,9.51E-05,6.18E-04,1.80E-04,2.44E-04,3.51E-04,1.98E-04,-1.51E-04,-1.83E-04
520,-3.50E-05,4.58E-04,-7.94E-05,1.31E-04,-2.54E-04,-5.80E-05,3.52E-04,1.86E-04,-2.76E-05,-2.89E-05,1.54E-04,2.15E-04,1.07E-04,6.28E-04,1.92E-04,2.54E-04,3.65E-04,1.98E-04,-1.47E-04,-1.78E-04
521,-2.70E-05,4.57E-04,-6.61E-05,1.40E-04,-2.45E-04,-5.01E-05,3.47E-04,1.91E-04,-2.65E-05,-2.51E-05,1.64E-04,2.23E-04,1.17E-04,6.38E-04,2.05E-04,2.64E-04,3.79E-04,1.98E-04,-1.43E-04,-1.72E-04
522,-1.55E-05,4.55E-04,-5.12E-05,1.50E-04,-2.35E-04,-4.16E-05,3.45E-04,1.96E-04,-2.53E-05,-2.10E-05,1.74E-04,2.31E-04,1.25E-04,6.47E-04,2.18E-04,2.75E-04,3.93E-04,2.00E-04,-1.38E-04,-1.66E-04
523,-2.64E-06,4.51E-04,-3.52E-05,1.61E-04,-2.24E-04,-3.26E-05,3.45E-04,2.03E-04,-2.40E-05,-1.67E-05,1.83E-04,2.38E-04,1.31E-04,6.57E-04,2.32E-04,2.85E-04,4.09E-04,2.03E-04,-1.34E-04,-1.60E-04
524,9.47E-06,4.47E-04,-1.82E-05,1.72E-04,-2.12E-04,-2.34E-05,3.46E-04,2.11E-04,-2.27E-05,-1.24E-05,1.92E-04,2.45E-04,1.36E-04,6.66E-04,2.46E-04,2.95E-04,4.24E-04,2.07E-04,-1.29E-04,-1.54E-04
525,1.87E-05,4.42E-04,-6.98E-07,1.83E-04,-1.98E-04,-1.39E-05,3.50E-04,2.20E-04,-2.12E-05,-8.09E-06,2.00E-04,2.51E-04,1.39E-04,6.75E-04,2.59E-04,3.05E-04,4.39E-04,2.13E-04,-1.24E-04,-1.48E-04
526,2.31E-05,4.37E-04,1.70E-05,1.93E-04,-1.84E-04,-4.30E-06,3.57E-04,2.29E-04,-1.98E-05,-3.90E-06,2.06E-04,2.57E-04,1.42E-04,6.82E-04,2.73E-04,3.14E-04,4.54E-04,2.21E-04,-1.19E-04,-1.42E-04
527,2.13E-05,4.33E-04,3.46E-05,2.03E-04,-1.70E-04,5.29E-06,3.66E-04,2.40E-04,-1.83E-05,9.49E-08,2.11E-04,2.62E-04,1.43E-04,6.89E-04,2.86E-04,3.22E-04,4.68E-04,2.31E-04,-1.13E-04,-1.36E-04
528,1.22E-05,4.29E-04,5.18E-05,2.12E-04,-1.55E-04,1.48E-05,3.77E-04,2.51E-04,-1.67E-05,3.86E-06,2.13E-04,2.66E-04,1.44E-04,6.94E-04,2.98E-04,3.30E-04,4.82E-04,2.42E-04,-1.06E-04,-1.31E-04
529,-4.51E-06,4.27E-04,6.82E-05,2.21E-04,-1.40E-04,2.41E-05,3.91E-04,2.62E-04,-1.52E-05,7.35E-06,2.14E-04,2.70E-04,1.46E-04,6.99E-04,3.10E-04,3.37E-04,4.96E-04,2.55E-04,-9.95E-05,-1.26E-04
530,-2.84E-05,4.27E-04,8.36E-05,2.28E-04,-1.25E-04,3.31E-05,4.08E-04,2.74E-04,-1.36E-05,1.06E-05,2.13E-04,2.74E-04,1.48E-04,7.02E-04,3.21E-04,3.44E-04,5.09E-04,2.69E-04,-9.19E-05,-1.22E-04
531,-5.85E-05,4.29E-04,9.79E-05,2.34E-04,-1.10E-04,4.18E-05,4.26E-04,2.85E-04,-1.21E-05,1.34E-05,2.09E-04,2.77E-04,1.50E-04,7.04E-04,3.32E-04,3.49E-04,5.22E-04,2.84E-04,-8.37E-05,-1.17E-04
532,-9.30E-05,4.34E-04,1.11E-04,2.39E-04,-9.58E-05,5.00E-05,4.47E-04,2.95E-04,-1.05E-05,1.60E-05,2.03E-04,2.81E-04,1.54E-04,7.05E-04,3.41E-04,3.55E-04,5.35E-04,2.99E-04,-7.48E-05,-1.13E-04
533,-1.30E-04,4.40E-04,1.23E-04,2.43E-04,-8.22E-05,5.77E-05,4.69E-04,3.05E-04,-8.86E-06,1.83E-05,1.95E-04,2.84E-04,1.60E-04,7.04E-04,3.51E-04,3.59E-04,5.47E-04,3.15E-04,-6.54E-05,-1.09E-04
534,-1.66E-04,4.48E-04,1.34E-04,2.46E-04,-6.92E-05,6.50E-05,4.92E-04,3.13E-04,-7.22E-06,2.03E-05,1.85E-04,2.88E-04,1.67E-04,7.04E-04,3.60E-04,3.63E-04,5.60E-04,3.30E-04,-5.54E-05,-1.06E-04
535,-1.98E-04,4.58E-04,1.43E-04,2.49E-04,-5.70E-05,7.17E-05,5.15E-04,3.21E-04,-5.55E-06,2.21E-05,1.73E-04,2.92E-04,1.75E-04,7.02E-04,3.68E-04,3.67E-04,5.72E-04,3.45E-04,-4.51E-05,-1.02E-04
536,-2.25E-04,4.69E-04,1.52E-04,2.51E-04,-4.54E-05,7.78E-05,5.39E-04,3.28E-04,-3.84E-06,2.37E-05,1.61E-04,2.96E-04,1.84E-04,7.00E-04,3.76E-04,3.70E-04,5.84E-04,3.60E-04,-3.45E-05,-9.78E-05
537,-2.42E-04,4.80E-04,1.60E-04,2.52E-04,-3.44E-05,8.34E-05,5.61E-04,3.33E-04,-2.08E-06,2.51E-05,1.48E-04,3.01E-04,1.94E-04,6.98E-04,3.83E-04,3.74E-04,5.96E-04,3.73E-04,-2.38E-05,-9.38E-05
538,-2.47E-04,4.90E-04,1.68E-04,2.53E-04,-2.39E-05,8.84E-05,5.83E-04,3.37E-04,-2.62E-07,2.64E-05,1.35E-04,3.05E-04,2.04E-04,6.97E-04,3.90E-04,3.76E-04,6.09E-04,3.85E-04,-1.32E-05,-8.96E-05
539,-2.39E-04,4.99E-04,1.75E-04,2.55E-04,-1.37E-05,9.29E-05,6.03E-04,3.40E-04,1.62E-06,2.77E-05,1.22E-04,3.10E-04,2.14E-04,6.95E-04,3.97E-04,3.79E-04,6.21E-04,3.96E-04,-2.82E-06,-8.53E-05
540,-2.18E-04,5.07E-04,1.83E-04,2.56E-04,-3.85E-06,9.69E-05,6.21E-04,3.42E-04,3.57E-06,2.89E-05,1.11E-04,3.14E-04,2.24E-04,6.94E-04,4.04E-04,3.81E-04,6.33E-04,4.06E-04,7.07E-06,-8.09E-05
541,-1.82E-04,5.12E-04,1.90E-04,2.58E-04,5.90E-06,1.01E-04,6.37E-04,3.43E-04,5.60E-06,3.02E-05,1.02E-04,3.17E-04,2.33E-04,6.93E-04,4.10E-04,3.84E-04,6.44E-04,4.15E-04,1.63E-05,-7.63E-05
542,-1.33E-04,5.14E-04,1.98E-04,2.60E-04,1.56E-05,1.04E-04,6.51E-04,3.44E-04,7.69E-06,3.17E-05,9.53E-05,3.20E-04,2.41E-04,6.93E-04,4.16E-04,3.86E-04,6.55E-04,4.22E-04,2.48E-05,-7.17E-05
543,-7.31E-05,5.13E-04,2.06E-04,2.62E-04,2.54E-05,1.07E-04,6.64E-04,3.45E-04,9.84E-06,3.32E-05,9.11E-05,3.21E-04,2.47E-04,6.94E-04,4.21E-04,3.88E-04,6.66E-04,4.29E-04,3.24E-05,-6.71E-05
544,-4.09E-06,5.09E-04,2.15E-04,2.65E-04,3.52E-05,1.10E-04,6.74E-04,3.45E-04,1.20E-05,3.50E-05,8.98E-05,3.22E-04,2.52E-04,6.95E-04,4.25E-04,3.90E-04,6.77E-04,4.36E-04,3.91E-05,-6.26E-05
545,7.06E-05,5.03E-04,2.24E-04,2.68E-04,4.51E-05,1.12E-04,6.84E-04,3.46E-04,1.42E-05,3.70E-05,9.18E-05,3.21E-04,2.54E-04,6.97E-04,4.29E-04,3.91E-04,6.87E-04,4.42E-04,4.47E-05,-5.84E-05
546,1.48E-04,4.94E-04,2.33E-04,2.72E-04,5.50E-05,1.15E-04,6.93E-04,3.47E-04,1.64E-05,3.93E-05,9.68E-05,3.19E-04,2.55E-04,6.99E-04,4.32E-04,3.92E-04,6.96E-04,4.48E-04,4.93E-05,-5.44E-05
547,2.23E-04,4.83E-04,2.43E-04,2.75E-04,6.49E-05,1.18E-04,7.03E-04,3.49E-04,1.85E-05,4.18E-05,1.05E-04,3.15E-04,2.54E-04,7.02E-04,4.35E-04,3.94E-04,7.05E-04,4.54E-04,5.29E-05,-5.08E-05
548,2.94E-04,4.71E-04,2.53E-04,2.79E-04,7.47E-05,1.21E-04,7.13E-04,3.51E-04,2.06E-05,4.46E-05,1.16E-04,3.11E-04,2.52E-04,7.05E-04,4.37E-04,3.94E-04,7.13E-04,4.60E-04,5.56E-05,-4.77E-05
549,3.57E-04,4.59E-04,2.63E-04,2.82E-04,8.42E-05,1.23E-04,7.24E-04,3.53E-04,2.24E-05,4.75E-05,1.29E-04,3.06E-04,2.50E-04,7.08E-04,4.38E-04,3.95E-04,7.22E-04,4.66E-04,5.75E-05,-4.52E-05
550,4.09E-04,4.48E-04,2.73E-04,2.85E-04,9.33E-05,1.26E-04,7.37E-04,3.56E-04,2.41E-05,5.07E-05,1.43E-04,3.00E-04,2.47E-04,7.11E-04,4.39E-04,3.95E-04,7.30E-04,4.72E-04,5.87E-05,-4.32E-05
551,4.49E-04,4.38E-04,2.84E-04,2.87E-04,1.02E-04,1.29E-04,7.51E-04,3.58E-04,2.55E-05,5.39E-05,1.59E-04,2.93E-04,2.44E-04,7.13E-04,4.39E-04,3.95E-04,7.38E-04,4.79E-04,5.94E-05,-4.17E-05
552,4.75E-04,4.30E-04,2.94E-04,2.88E-04,1.10E-04,1.32E-04,7.66E-04,3.61E-04,2.67E-05,5.70E-05,1.76E-04,2.87E-04,2.42E-04,7.15E-04,4.40E-04,3.95E-04,7.46E-04,4.86E-04,5.98E-05,-4.08E-05
553,4.86E-04,4.25E-04,3.04E-04,2.89E-04,1.17E-04,1.35E-04,7.83E-04,3.63E-04,2.74E-05,6.01E-05,1.92E-04,2.81E-04,2.42E-04,7.16E-04,4.40E-04,3.95E-04,7.55E-04,4.92E-04,6.00E-05,-4.03E-05
554,4.85E-04,4.22E-04,3.13E-04,2.89E-04,1.23E-04,1.38E-04,8.00E-04,3.65E-04,2.78E-05,6.30E-05,2.07E-04,2.76E-04,2.42E-04,7.17E-04,4.40E-04,3.94E-04,7.64E-04,4.99E-04,6.02E-05,-4.03E-05
555,4.71E-04,4.23E-04,3.23E-04,2.88E-04,1.29E-04,1.41E-04,8.17E-04,3.66E-04,2.78E-05,6.55E-05,2.20E-04,2.71E-04,2.45E-04,7.17E-04,4.40E-04,3.92E-04,7.73E-04,5.05E-04,6.05E-05,-4.06E-05
556,4.48E-04,4.27E-04,3.32E-04,2.85E-04,1.34E-04,1.43E-04,8.33E-04,3.65E-04,2.73E-05,6.75E-05,2.32E-04,2.67E-04,2.50E-04,7.16E-04,4.40E-04,3.91E-04,7.82E-04,5.11E-04,6.10E-05,-4.10E-05
557,4.18E-04,4.33E-04,3.40E-04,2.82E-04,1.37E-04,1.45E-04,8.46E-04,3.63E-04,2.63E-05,6.88E-05,2.41E-04,2.64E-04,2.57E-04,7.14E-04,4.42E-04,3.89E-04,7.92E-04,5.16E-04,6.18E-05,-4.15E-05
558,3.85E-04,4.42E-04,3.49E-04,2.77E-04,1.40E-04,1.46E-04,8.55E-04,3.59E-04,2.49E-05,6.95E-05,2.47E-04,2.61E-04,2.66E-04,7.12E-04,4.43E-04,3.86E-04,8.02E-04,5.20E-04,6.30E-05,-4.20E-05
559,3.51E-04,4.52E-04,3.57E-04,2.72E-04,1.42E-04,1.47E-04,8.59E-04,3.52E-04,2.30E-05,6.92E-05,2.50E-04,2.59E-04,2.76E-04,7.08E-04,4.45E-04,3.82E-04,8.11E-04,5.22E-04,6.45E-05,-4.23E-05
560,3.20E-04,4.62E-04,3.65E-04,2.65E-04,1.44E-04,1.46E-04,8.57E-04,3.44E-04,2.06E-05,6.80E-05,2.50E-04,2.57E-04,2.88E-04,7.05E-04,4.48E-04,3.78E-04,8.20E-04,5.24E-04,6.64E-05,-4.24E-05
561,2.95E-04,4.72E-04,3.73E-04,2.57E-04,1.44E-04,1.45E-04,8.49E-04,3.34E-04,1.78E-05,6.58E-05,2.47E-04,2.56E-04,3.00E-04,7.00E-04,4.51E-04,3.74E-04,8.27E-04,5.24E-04,6.86E-05,-4.22E-05
562,2.78E-04,4.82E-04,3.81E-04,2.48E-04,1.45E-04,1.42E-04,8.33E-04,3.21E-04,1.47E-05,6.24E-05,2.41E-04,2.54E-04,3.12E-04,6.95E-04,4.55E-04,3.68E-04,8.34E-04,5.23E-04,7.10E-05,-4.16E-05
563,2.70E-04,4.89E-04,3.88E-04,2.37E-04,1.44E-04,1.39E-04,8.10E-04,3.07E-04,1.12E-05,5.80E-05,2.33E-04,2.51E-04,3.24E-04,6.89E-04,4.59E-04,3.62E-04,8.39E-04,5.21E-04,7.36E-05,-4.08E-05
564,2.74E-04,4.94E-04,3.95E-04,2.26E-04,1.43E-04,1.34E-04,7.79E-04,2.90E-04,7.30E-06,5.24E-05,2.23E-04,2.48E-04,3.35E-04,6.83E-04,4.62E-04,3.54E-04,8.42E-04,5.18E-04,7.63E-05,-3.98E-05
565,2.87E-04,4.97E-04,4.02E-04,2.14E-04,1.42E-04,1.28E-04,7.41E-04,2.73E-04,3.15E-06,4.57E-05,2.12E-04,2.43E-04,3.45E-04,6.75E-04,4.65E-04,3.46E-04,8.43E-04,5.13E-04,7.89E-05,-3.85E-05
566,3.09E-04,4.97E-04,4.07E-04,2.00E-04,1.40E-04,1.21E-04,6.97E-04,2.54E-04,-1.26E-06,3.80E-05,1.99E-04,2.37E-04,3.53E-04,6.67E-04,4.66E-04,3.36E-04,8.42E-04,5.07E-04,8.13E-05,-3.72E-05
567,3.38E-04,4.93E-04,4.12E-04,1.85E-04,1.38E-04,1.12E-04,6.49E-04,2.34E-04,-5.91E-06,2.92E-05,1.86E-04,2.29E-04,3.60E-04,6.59E-04,4.67E-04,3.25E-04,8.38E-04,5.00E-04,8.35E-05,-3.60E-05
568,3.72E-04,4.86E-04,4.16E-04,1.70E-04,1.34E-04,1.03E-04,5.96E-04,2.14E-04,-1.08E-05,1.97E-05,1.73E-04,2.21E-04,3.64E-04,6.49E-04,4.66E-04,3.13E-04,8.32E-04,4.92E-04,8.53E-05,-3.50E-05
569,4.08E-04,4.77E-04,4.18E-04,1.53E-04,1.30E-04,9.24E-05,5.42E-04,1.93E-04,-1.58E-05,9.35E-06,1.60E-04,2.11E-04,3.67E-04,6.38E-04,4.62E-04,3.00E-04,8.24E-04,4.83E-04,8.66E-05,-3.43E-05
570,4.42E-04,4.65E-04,4.19E-04,1.35E-04,1.25E-04,8.09E-05,4.88E-04,1.73E-04,-2.11E-05,-1.56E-06,1.48E-04,2.01E-04,3.68E-04,6.25E-04,4.57E-04,2.86E-04,8.13E-04,4.74E-04,8.75E-05,-3.40E-05
571,4.71E-04,4.51E-04,4.18E-04,1.16E-04,1.19E-04,6.87E-05,4.35E-04,1.53E-04,-2.65E-05,-1.29E-05,1.37E-04,1.90E-04,3.68E-04,6.11E-04,4.49E-04,2.71E-04,8.01E-04,4.63E-04,8.77E-05,-3.44E-05
572,4.93E-04,4.35E-04,4.15E-04,9.71E-05,1.11E-04,5.58E-05,3.85E-04,1.33E-04,-3.22E-05,-2.45E-05,1.28E-04,1.80E-04,3.67E-04,5.96E-04,4.38E-04,2.55E-04,7.87E-04,4.51E-04,8.74E-05,-3.53E-05
573,5.06E-04,4.18E-04,4.10E-04,7.71E-05,1.03E-04,4.25E-05,3.39E-04,1.14E-04,-3.79E-05,-3.63E-05,1.20E-04,1.70E-04,3.65E-04,5.79E-04,4.24E-04,2.38E-04,7.72E-04,4.38E-04,8.64E-05,-3.70E-05
574,5.06E-04,4.00E-04,4.03E-04,5.67E-05,9.24E-05,2.88E-05,2.98E-04,9.52E-05,-4.39E-05,-4.80E-05,1.14E-04,1.62E-04,3.64E-04,5.60E-04,4.08E-04,2.21E-04,7.56E-04,4.24E-04,8.48E-05,-3.93E-05
575,4.94E-04,3.81E-04,3.94E-04,3.61E-05,8.09E-05,1.49E-05,2.63E-04,7.69E-05,-5.00E-05,-5.94E-05,1.10E-04,1.56E-04,3.63E-04,5.41E-04,3.89E-04,2.03E-04,7.39E-04,4.09E-04,8.27E-05,-4.22E-05
576,4.69E-04,3.61E-04,3.83E-04,1.55E-05,6.80E-05,1.03E-06,2.34E-04,5.89E-05,-5.62E-05,-7.05E-05,1.07E-04,1.51E-04,3.63E-04,5.19E-04,3.68E-04,1.85E-04,7.22E-04,3.92E-04,7.99E-05,-4.56E-05
577,4.31E-04,3.41E-04,3.70E-04,-4.81E-06,5.39E-05,-1.27E-05,2.10E-04,4.11E-05,-6.26E-05,-8.11E-05,1.05E-04,1.48E-04,3.64E-04,4.97E-04,3.44E-04,1.67E-04,7.05E-04,3.74E-04,7.66E-05,-4.95E-05
578,3.81E-04,3.20E-04,3.56E-04,-2.46E-05,3.87E-05,-2.61E-05,1.90E-04,2.33E-05,-6.89E-05,-9.10E-05,1.05E-04,1.47E-04,3.67E-04,4.74E-04,3.19E-04,1.49E-04,6.87E-04,3.55E-04,7.28E-05,-5.35E-05
579,3.22E-04,2.98E-04,3.40E-04,-4.37E-05,2.26E-05,-3.92E-05,1.75E-04,5.44E-06,-7.53E-05,-1.00E-04,1.06E-04,1.48E-04,3.71E-04,4.50E-04,2.92E-04,1.31E-04,6.70E-04,3.34E-04,6.86E-05,-5.75E-05
580,2.56E-04,2.75E-04,3.23E-04,-6.17E-05,5.80E-06,-5.17E-05,1.62E-04,-1.27E-05,-8.17E-05,-1.08E-04,1.08E-04,1.51E-04,3.77E-04,4.26E-04,2.64E-04,1.15E-04,6.52E-04,3.12E-04,6.39E-05,-6.14E-05
581,1.86E-04,2.51E-04,3.05E-04,-7.86E-05,-1.15E-05,-6.35E-05,1.50E-04,-3.12E-05,-8.79E-05,-1.16E-04,1.11E-04,1.54E-04,3.83E-04,4.02E-04,2.35E-04,9.88E-05,6.35E-04,2.88E-04,5.90E-05,-6.49E-05
582,1.13E-04,2.26E-04,2.87E-04,-9.42E-05,-2.89E-05,-7.47E-05,1.38E-04,-5.02E-05,-9.40E-05,-1.22E-04,1.14E-04,1.58E-04,3.91E-04,3.78E-04,2.07E-04,8.41E-05,6.17E-04,2.63E-04,5.37E-05,-6.78E-05
583,4.23E-05,1.99E-04,2.68E-04,-1.08E-04,-4.63E-05,-8.51E-05,1.23E-04,-6.96E-05,-9.97E-05,-1.27E-04,1.17E-04,1.61E-04,3.99E-04,3.55E-04,1.79E-04,7.06E-05,5.98E-04,2.38E-04,4.82E-05,-7.00E-05
584,-2.48E-05,1.71E-04,2.50E-04,-1.21E-04,-6.33E-05,-9.48E-05,1.06E-04,-8.93E-05,-1.05E-04,-1.31E-04,1.21E-04,1.63E-04,4.06E-04,3.33E-04,1.51E-04,5.84E-05,5.78E-04,2.11E-04,4.26E-05,-7.14E-05
585,-8.59E-05,1.42E-04,2.32E-04,-1.32E-04,-7.99E-05,-1.04E-04,8.37E-05,-1.09E-04,-1.10E-04,-1.35E-04,1.24E-04,1.62E-04,4.13E-04,3.12E-04,1.24E-04,4.76E-05,5.57E-04,1.84E-04,3.68E-05,-7.19E-05
586,-1.39E-04,1.12E-04,2.15E-04,-1.42E-04,-9.57E-05,-1.12E-04,5.66E-05,-1.29E-04,-1.15E-04,-1.37E-04,1.27E-04,1.59E-04,4.19E-04,2.92E-04,9.86E-05,3.83E-05,5.35E-04,1.56E-04,3.10E-05,-7.15E-05
587,-1.84E-04,8.20E-05,1.98E-04,-1.50E-04,-1.11E-04,-1.19E-04,2.42E-05,-1.49E-04,-1.19E-04,-1.38E-04,1.29E-04,1.53E-04,4.22E-04,2.73E-04,7.44E-05,3.05E-05,5.12E-04,1.29E-04,2.52E-05,-7.02E-05
588,-2.20E-04,5.21E-05,1.82E-04,-1.57E-04,-1.25E-04,-1.26E-04,-1.38E-05,-1.68E-04,-1.22E-04,-1.39E-04,1.31E-04,1.43E-04,4.23E-04,2.56E-04,5.16E-05,2.41E-05,4.87E-04,1.02E-04,1.94E-05,-6.80E-05
589,-2.47E-04,2.30E-05,1.67E-04,-1.63E-04,-1.38E-04,-1.32E-04,-5.67E-05,-1.87E-04,-1.25E-04,-1.38E-04,1.31E-04,1.30E-04,4.22E-04,2.40E-04,3.03E-05,1.90E-05,4.60E-04,7.66E-05,1.38E-05,-6.51E-05
590,-2.66E-04,-4.53E-06,1.52E-04,-1.68E-04,-1.50E-04,-1.38E-04,-1.04E-04,-2.04E-04,-1.28E-04,-1.38E-04,1.31E-04,1.13E-04,4.18E-04,2.25E-04,1.05E-05,1.52E-05,4.33E-04,5.19E-05,8.48E-06,-6.16E-05
591,-2.80E-04,-3.00E-05,1.39E-04,-1.72E-04,-1.61E-04,-1.43E-04,-1.54E-04,-2.20E-04,-1.30E-04,-1.36E-04,1.29E-04,9.25E-05,4.10E-04,2.10E-04,-7.84E-06,1.26E-05,4.05E-04,2.86E-05,3.40E-06,-5.76E-05
592,-2.88E-04,-5.29E-05,1.25E-04,-1.76E-04,-1.72E-04,-1.48E-04,-2.06E-04,-2.35E-04,-1.31E-04,-1.35E-04,1.26E-04,6.96E-05,4.00E-04,1.96E-04,-2.49E-05,1.09E-05,3.76E-04,6.99E-06,-1.33E-06,-5.34E-05
593,-2.94E-04,-7.30E-05,1.12E-04,-1.79E-04,-1.81E-04,-1.53E-04,-2.58E-04,-2.48E-04,-1.32E-04,-1.33E-04,1.21E-04,4.48E-05,3.88E-04,1.82E-04,-4.06E-05,1.02E-05,3.47E-04,-1.27E-05,-5.63E-06,-4.90E-05
594,-2.98E-04,-8.99E-05,9.99E-05,-1.82E-04,-1.90E-04,-1.58E-04,-3.09E-04,-2.60E-04,-1.32E-04,-1.31E-04,1.14E-04,1.92E-05,3.72E-04,1.68E-04,-5.52E-05,1.01E-05,3.19E-04,-3.04E-05,-9.44E-06,-4.47E-05
595,-3.03E-04,-1.04E-04,8.76E-05,-1.85E-04,-1.99E-04,-1.63E-04,-3.57E-04,-2.69E-04,-1.33E-04,-1.30E-04,1.06E-04,-6.47E-06,3.56E-04,1.54E-04,-6.87E-05,1.07E-05,2.91E-04,-4.60E-05,-1.27E-05,-4.06E-05
596,-3.10E-04,-1.15E-04,7.54E-05,-1.87E-04,-2.07E-04,-1.67E-04,-4.01E-04,-2.77E-04,-1.33E-04,-1.28E-04,9.58E-05,-3.10E-05,3.37E-04,1.39E-04,-8.13E-05,1.17E-05,2.65E-04,-5.95E-05,-1.54E-05,-3.66E-05
597,-3.19E-04,-1.24E-04,6.33E-05,-1.90E-04,-2.15E-04,-1.72E-04,-4.40E-04,-2.84E-04,-1.33E-04,-1.27E-04,8.42E-05,-5.36E-05,3.18E-04,1.23E-04,-9.29E-05,1.31E-05,2.41E-04,-7.10E-05,-1.74E-05,-3.30E-05
598,-3.31E-04,-1.31E-04,5.12E-05,-1.92E-04,-2.22E-04,-1.77E-04,-4.72E-04,-2.89E-04,-1.32E-04,-1.26E-04,7.10E-05,-7.33E-05,2.99E-04,1.06E-04,-1.04E-04,1.47E-05,2.18E-04,-8.06E-05,-1.87E-05,-2.97E-05
599,-3.46E-04,-1.38E-04,3.91E-05,-1.95E-04,-2.29E-04,-1.82E-04,-4.97E-04,-2.93E-04,-1.32E-04,-1.26E-04,5.65E-05,-8.96E-05,2.80E-04,8.85E-05,-1.13E-04,1.66E-05,1.98E-04,-8.84E-05,-1.93E-05,-2.68E-05
600,-3.63E-04,-1.45E-04,2.69E-05,-1.97E-04,-2.36E-04,-1.87E-04,-5.16E-04,-2.97E-04,-1.32E-04,-1.26E-04,4.08E-05,-1.02E-04,2.61E-04,7.00E-05,-1.22E-04,1.87E-05,1.80E-04,-9.47E-05,-1.93E-05,-2.42E-05
601,-3.81E-04,-1.52E-04,1.48E-05,-1.99E-04,-2.43E-04,-1.92E-04,-5.28E-04,-3.00E-04,-1.32E-04,-1.27E-04,2.41E-05,-1.11E-04,2.44E-04,5.07E-05,-1.30E-04,2.10E-05,1.64E-04,-9.97E-05,-1.85E-05,-2.17E-05
602,-4.00E-04,-1.62E-04,2.82E-06,-2.01E-04,-2.49E-04,-1.96E-04,-5.33E-04,-3.02E-04,-1.32E-04,-1.28E-04,6.83E-06,-1.15E-04,2.27E-04,3.10E-05,-1.36E-04,2.34E-05,1.51E-04,-1.04E-04,-1.71E-05,-1.95E-05
603,-4.18E-04,-1.74E-04,-9.11E-06,-2.03E-04,-2.55E-04,-2.01E-04,-5.33E-04,-3.05E-04,-1.32E-04,-1.29E-04,-1.08E-05,-1.17E-04,2.12E-04,1.09E-05,-1.41E-04,2.60E-05,1.39E-04,-1.07E-04,-1.52E-05,-1.74E-05
604,-4.34E-04,-1.89E-04,-2.10E-05,-2.04E-04,-2.61E-04,-2.05E-04,-5.28E-04,-3.08E-04,-1.32E-04,-1.31E-04,-2.85E-05,-1.16E-04,1.98E-04,-9.10E-06,-1.45E-04,2.88E-05,1.28E-04,-1.09E-04,-1.26E-05,-1.53E-05
605,-4.46E-04,-2.08E-04,-3.27E-05,-2.04E-04,-2.66E-04,-2.09E-04,-5.20E-04,-3.11E-04,-1.32E-04,-1.33E-04,-4.59E-05,-1.13E-04,1.86E-04,-2.88E-05,-1.48E-04,3.19E-05,1.18E-04,-1.11E-04,-9.67E-06,-1.33E-05
606,-4.53E-04,-2.30E-04,-4.45E-05,-2.04E-04,-2.71E-04,-2.12E-04,-5.10E-04,-3.15E-04,-1.32E-04,-1.35E-04,-6.28E-05,-1.09E-04,1.75E-04,-4.78E-05,-1.49E-04,3.51E-05,1.08E-04,-1.13E-04,-6.36E-06,-1.12E-05
607,-4.55E-04,-2.54E-04,-5.63E-05,-2.03E-04,-2.75E-04,-2.14E-04,-4.99E-04,-3.20E-04,-1.32E-04,-1.37E-04,-7.89E-05,-1.05E-04,1.64E-04,-6.60E-05,-1.49E-04,3.86E-05,9.77E-05,-1.16E-04,-2.83E-06,-9.14E-06
608,-4.51E-04,-2.81E-04,-6.82E-05,-2.02E-04,-2.79E-04,-2.16E-04,-4.88E-04,-3.25E-04,-1.33E-04,-1.38E-04,-9.39E-05,-1.02E-04,1.54E-04,-8.30E-05,-1.48E-04,4.23E-05,8.67E-05,-1.18E-04,7.85E-07,-7.14E-06
609,-4.41E-04,-3.08E-04,-8.06E-05,-2.00E-04,-2.82E-04,-2.17E-04,-4.79E-04,-3.30E-04,-1.33E-04,-1.40E-04,-1.08E-04,-1.02E-04,1.45E-04,-9.87E-05,-1.46E-04,4.61E-05,7.46E-05,-1.21E-04,4.36E-06,-5.27E-06
610,-4.26E-04,-3.36E-04,-9.34E-05,-1.98E-04,-2.85E-04,-2.17E-04,-4.72E-04,-3.36E-04,-1.33E-04,-1.42E-04,-1.20E-04,-1.03E-04,1.36E-04,-1.13E-04,-1.43E-04,5.01E-05,6.10E-05,-1.24E-04,7.75E-06,-3.61E-06
611,-4.07E-04,-3.63E-04,-1.07E-04,-1.95E-04,-2.88E-04,-2.17E-04,-4.67E-04,-3.42E-04,-1.33E-04,-1.43E-04,-1.31E-04,-1.08E-04,1.26E-04,-1.26E-04,-1.39E-04,5.41E-05,4.58E-05,-1.27E-04,1.08E-05,-2.26E-06
612,-3.85E-04,-3.87E-04,-1.21E-04,-1.92E-04,-2.90E-04,-2.16E-04,-4.65E-04,-3.48E-04,-1.34E-04,-1.45E-04,-1.41E-04,-1.16E-04,1.17E-04,-1.37E-04,-1.35E-04,5.81E-05,2.89E-05,-1.32E-04,1.34E-05,-1.36E-06
613,-3.61E-04,-4.07E-04,-1.37E-04,-1.89E-04,-2.93E-04,-2.15E-04,-4.66E-04,-3.54E-04,-1.34E-04,-1.46E-04,-1.50E-04,-1.27E-04,1.08E-04,-1.47E-04,-1.31E-04,6.21E-05,1.04E-05,-1.36E-04,1.54E-05,-1.00E-06
614,-3.36E-04,-4.23E-04,-1.53E-04,-1.85E-04,-2.95E-04,-2.14E-04,-4.71E-04,-3.59E-04,-1.34E-04,-1.47E-04,-1.57E-04,-1.41E-04,9.78E-05,-1.56E-04,-1.28E-04,6.58E-05,-9.28E-06,-1.41E-04,1.67E-05,-1.28E-06
615,-3.13E-04,-4.33E-04,-1.71E-04,-1.81E-04,-2.98E-04,-2.12E-04,-4.78E-04,-3.64E-04,-1.35E-04,-1.48E-04,-1.63E-04,-1.57E-04,8.79E-05,-1.64E-04,-1.24E-04,6.92E-05,-2.99E-05,-1.46E-04,1.73E-05,-2.27E-06
616,-2.93E-04,-4.37E-04,-1.90E-04,-1.77E-04,-3.01E-04,-2.10E-04,-4.88E-04,-3.69E-04,-1.35E-04,-1.49E-04,-1.68E-04,-1.73E-04,7.79E-05,-1.71E-04,-1.22E-04,7.23E-05,-5.09E-05,-1.52E-04,1.69E-05,-3.99E-06
617,-2.76E-04,-4.35E-04,-2.10E-04,-1.72E-04,-3.04E-04,-2.08E-04,-4.99E-04,-3.73E-04,-1.36E-04,-1.50E-04,-1.72E-04,-1.90E-04,6.81E-05,-1.78E-04,-1.20E-04,7.49E-05,-7.19E-05,-1.58E-04,1.57E-05,-6.43E-06
618,-2.63E-04,-4.27E-04,-2.31E-04,-1.67E-04,-3.08E-04,-2.07E-04,-5.12E-04,-3.77E-04,-1.37E-04,-1.51E-04,-1.76E-04,-2.06E-04,5.84E-05,-1.84E-04,-1.20E-04,7.71E-05,-9.23E-05,-1.64E-04,1.36E-05,-9.55E-06
619,-2.55E-04,-4.13E-04,-2.52E-04,-1.61E-04,-3.12E-04,-2.05E-04,-5.26E-04,-3.80E-04,-1.38E-04,-1.52E-04,-1.79E-04,-2.20E-04,4.93E-05,-1.90E-04,-1.21E-04,7.88E-05,-1.11E-04,-1.70E-04,1.06E-05,-1.32E-05
620,-2.52E-04,-3.96E-04,-2.73E-04,-1.55E-04,-3.16E-04,-2.04E-04,-5.39E-04,-3.83E-04,-1.40E-04,-1.53E-04,-1.82E-04,-2.31E-04,4.06E-05,-1.96E-04,-1.23E-04,7.99E-05,-1.29E-04,-1.75E-04,6.74E-06,-1.73E-05
621,-2.53E-04,-3.75E-04,-2.95E-04,-1.49E-04,-3.20E-04,-2.03E-04,-5.53E-04,-3.86E-04,-1.41E-04,-1.55E-04,-1.84E-04,-2.38E-04,3.26E-05,-2.02E-04,-1.25E-04,8.07E-05,-1.45E-04,-1.81E-04,2.20E-06,-2.17E-05
622,-2.58E-04,-3.53E-04,-3.15E-04,-1.42E-04,-3.24E-04,-2.02E-04,-5.66E-04,-3.89E-04,-1.44E-04,-1.57E-04,-1.87E-04,-2.42E-04,2.54E-05,-2.08E-04,-1.29E-04,8.10E-05,-1.58E-04,-1.87E-04,-2.92E-06,-2.62E-05
623,-2.65E-04,-3.30E-04,-3.34E-04,-1.34E-04,-3.28E-04,-2.02E-04,-5.78E-04,-3.91E-04,-1.46E-04,-1.59E-04,-1.90E-04,-2.42E-04,1.88E-05,-2.13E-04,-1.34E-04,8.10E-05,-1.68E-04,-1.92E-04,-8.47E-06,-3.05E-05
624,-2.74E-04,-3.10E-04,-3.52E-04,-1.26E-04,-3.31E-04,-2.01E-04,-5.88E-04,-3.94E-04,-1.48E-04,-1.61E-04,-1.92E-04,-2.37E-04,1.29E-05,-2.19E-04,-1.38E-04,8.08E-05,-1.77E-04,-1.97E-04,-1.43E-05,-3.44E-05
625,-2.84E-04,-2.92E-04,-3.67E-04,-1.16E-04,-3.34E-04,-2.01E-04,-5.97E-04,-3.97E-04,-1.51E-04,-1.63E-04,-1.95E-04,-2.30E-04,7.45E-06,-2.25E-04,-1.43E-04,8.04E-05,-1.82E-04,-2.01E-04,-2.01E-05,-3.79E-05
626,-2.92E-04,-2.78E-04,-3.80E-04,-1.07E-04,-3.36E-04,-2.00E-04,-6.05E-04,-4.00E-04,-1.54E-04,-1.65E-04,-1.98E-04,-2.20E-04,2.38E-06,-2.30E-04,-1.47E-04,8.01E-05,-1.86E-04,-2.05E-04,-2.59E-05,-4.06E-05
627,-2.99E-04,-2.69E-04,-3.90E-04,-9.64E-05,-3.38E-04,-1.99E-04,-6.11E-04,-4.03E-04,-1.56E-04,-1.67E-04,-2.01E-04,-2.08E-04,-2.55E-06,-2.35E-04,-1.51E-04,7.98E-05,-1.88E-04,-2.08E-04,-3.13E-05,-4.26E-05
628,-3.02E-04,-2.66E-04,-3.97E-04,-8.57E-05,-3.38E-04,-1.97E-04,-6.16E-04,-4.05E-04,-1.59E-04,-1.69E-04,-2.04E-04,-1.96E-04,-7.59E-06,-2.39E-04,-1.53E-04,7.97E-05,-1.88E-04,-2.11E-04,-3.61E-05,-4.37E-05
629,-3.03E-04,-2.68E-04,-4.01E-04,-7.49E-05,-3.37E-04,-1.94E-04,-6.18E-04,-4.08E-04,-1.61E-04,-1.70E-04,-2.08E-04,-1.85E-04,-1.30E-05,-2.43E-04,-1.54E-04,7.98E-05,-1.87E-04,-2.13E-04,-4.03E-05,-4.40E-05
630,-2.99E-04,-2.75E-04,-4.02E-04,-6.40E-05,-3.36E-04,-1.91E-04,-6.19E-04,-4.11E-04,-1.64E-04,-1.71E-04,-2.12E-04,-1.76E-04,-1.89E-05,-2.45E-04,-1.54E-04,8.01E-05,-1.85E-04,-2.14E-04,-4.37E-05,-4.34E-05
631,-2.93E-04,-2.87E-04,-4.01E-04,-5.35E-05,-3.33E-04,-1.86E-04,-6.18E-04,-4.13E-04,-1.66E-04,-1.71E-04,-2.16E-04,-1.70E-04,-2.56E-05,-2.47E-04,-1.51E-04,8.06E-05,-1.84E-04,-2.14E-04,-4.61E-05,-4.20E-05
632,-2.83E-04,-3.02E-04,-3.97E-04,-4.35E-05,-3.29E-04,-1.81E-04,-6.16E-04,-4.14E-04,-1.67E-04,-1.70E-04,-2.20E-04,-1.67E-04,-3.32E-05,-2.48E-04,-1.47E-04,8.13E-05,-1.82E-04,-2.14E-04,-4.76E-05,-4.00E-05
633,-2.71E-04,-3.19E-04,-3.91E-04,-3.44E-05,-3.24E-04,-1.75E-04,-6.10E-04,-4.15E-04,-1.68E-04,-1.68E-04,-2.25E-04,-1.69E-04,-4.18E-05,-2.48E-04,-1.41E-04,8.20E-05,-1.81E-04,-2.13E-04,-4.80E-05,-3.76E-05
634,-2.59E-04,-3.36E-04,-3.84E-04,-2.63E-05,-3.19E-04,-1.68E-04,-6.03E-04,-4.14E-04,-1.69E-04,-1.65E-04,-2.30E-04,-1.76E-04,-5.14E-05,-2.47E-04,-1.32E-04,8.27E-05,-1.80E-04,-2.10E-04,-4.75E-05,-3.48E-05
635,-2.47E-04,-3.52E-04,-3.75E-04,-1.94E-05,-3.13E-04,-1.60E-04,-5.93E-04,-4.12E-04,-1.69E-04,-1.62E-04,-2.36E-04,-1.87E-04,-6.19E-05,-2.46E-04,-1.22E-04,8.31E-05,-1.80E-04,-2.07E-04,-4.60E-05,-3.20E-05
636,-2.36E-04,-3.65E-04,-3.66E-04,-1.40E-05,-3.06E-04,-1.52E-04,-5.81E-04,-4.09E-04,-1.69E-04,-1.57E-04,-2.41E-04,-2.02E-04,-7.34E-05,-2.44E-04,-1.11E-04,8.32E-05,-1.81E-04,-2.03E-04,-4.37E-05,-2.92E-05
637,-2.29E-04,-3.74E-04,-3.57E-04,-1.02E-05,-3.00E-04,-1.43E-04,-5.66E-04,-4.04E-04,-1.68E-04,-1.52E-04,-2.47E-04,-2.20E-04,-8.55E-05,-2.42E-04,-9.76E-05,8.27E-05,-1.83E-04,-1.98E-04,-4.07E-05,-2.67E-05
638,-2.26E-04,-3.77E-04,-3.49E-04,-8.03E-06,-2.93E-04,-1.33E-04,-5.48E-04,-3.98E-04,-1.66E-04,-1.46E-04,-2.54E-04,-2.40E-04,-9.81E-05,-2.41E-04,-8.37E-05,8.15E-05,-1.84E-04,-1.92E-04,-3.73E-05,-2.46E-05
639,-2.27E-04,-3.75E-04,-3.41E-04,-7.42E-06,-2.86E-04,-1.24E-04,-5.28E-04,-3.90E-04,-1.65E-04,-1.39E-04,-2.60E-04,-2.61E-04,-1.11E-04,-2.39E-04,-6.92E-05,7.94E-05,-1.87E-04,-1.85E-04,-3.36E-05,-2.29E-05
640,-2.33E-04,-3.66E-04,-3.35E-04,-8.31E-06,-2.80E-04,-1.15E-04,-5.06E-04,-3.81E-04,-1.62E-04,-1.32E-04,-2.67E-04,-2.82E-04,-1.24E-04,-2.38E-04,-5.47E-05,7.63E-05,-1.89E-04,-1.78E-04,-2.97E-05,-2.16E-05
641,-2.45E-04,-3.51E-04,-3.29E-04,-1.05E-05,-2.74E-04,-1.06E-04,-4.82E-04,-3.71E-04,-1.60E-04,-1.24E-04,-2.73E-04,-3.00E-04,-1.37E-04,-2.38E-04,-4.04E-05,7.20E-05,-1.91E-04,-1.70E-04,-2.60E-05,-2.09E-05
642,-2.62E-04,-3.30E-04,-3.25E-04,-1.39E-05,-2.68E-04,-9.73E-05,-4.57E-04,-3.60E-04,-1.57E-04,-1.16E-04,-2.79E-04,-3.15E-04,-1.49E-04,-2.38E-04,-2.69E-05,6.66E-05,-1.92E-04,-1.61E-04,-2.25E-05,-2.06E-05
643,-2.82E-04,-3.05E-04,-3.23E-04,-1.81E-05,-2.62E-04,-8.95E-05,-4.31E-04,-3.48E-04,-1.54E-04,-1.08E-04,-2.85E-04,-3.26E-04,-1.61E-04,-2.39E-04,-1.44E-05,6.00E-05,-1.93E-04,-1.52E-04,-1.95E-05,-2.06E-05
644,-3.05E-04,-2.75E-04,-3.21E-04,-2.28E-05,-2.57E-04,-8.24E-05,-4.05E-04,-3.36E-04,-1.51E-04,-9.98E-05,-2.90E-04,-3.32E-04,-1.72E-04,-2.41E-04,-3.20E-06,5.23E-05,-1.93E-04,-1.43E-04,-1.71E-05,-2.09E-05
645,-3.30E-04,-2.43E-04,-3.20E-04,-2.77E-05,-2.52E-04,-7.60E-05,-3.79E-04,-3.23E-04,-1.47E-04,-9.18E-05,-2.94E-04,-3.32E-04,-1.82E-04,-2.44E-04,6.36E-06,4.35E-05,-1.92E-04,-1.34E-04,-1.54E-05,-2.12E-05
646,-3.54E-04,-2.10E-04,-3.20E-04,-3.25E-05,-2.47E-04,-7.04E-05,-3.54E-04,-3.11E-04,-1.44E-04,-8.39E-05,-2.97E-04,-3.27E-04,-1.92E-04,-2.47E-04,1.42E-05,3.39E-05,-1.90E-04,-1.25E-04,-1.43E-05,-2.14E-05
647,-3.76E-04,-1.78E-04,-3.20E-04,-3.68E-05,-2.43E-04,-6.54E-05,-3.30E-04,-2.99E-04,-1.40E-04,-7.63E-05,-2.98E-04,-3.17E-04,-2.01E-04,-2.50E-04,2.01E-05,2.35E-05,-1.87E-04,-1.17E-04,-1.40E-05,-2.14E-05
648,-3.94E-04,-1.49E-04,-3.20E-04,-4.04E-05,-2.38E-04,-6.10E-05,-3.09E-04,-2.88E-04,-1.36E-04,-6.89E-05,-2.99E-04,-3.02E-04,-2.09E-04,-2.54E-04,2.43E-05,1.27E-05,-1.84E-04,-1.09E-04,-1.43E-05,-2.10E-05
649,-4.06E-04,-1.24E-04,-3.19E-04,-4.31E-05,-2.34E-04,-5.71E-05,-2.89E-04,-2.77E-04,-1.33E-04,-6.17E-05,-2.98E-04,-2.83E-04,-2.17E-04,-2.57E-04,2.66E-05,1.59E-06,-1.80E-04,-1.02E-04,-1.51E-05,-2.01E-05
650,-4.11E-04,-1.04E-04,-3.18E-04,-4.46E-05,-2.29E-04,-5.34E-05,-2.73E-04,-2.67E-04,-1.29E-04,-5.47E-05,-2.95E-04,-2.62E-04,-2.24E-04,-2.60E-04,2.75E-05,-9.50E-06,-1.76E-04,-9.51E-05,-1.64E-05,-1.86E-05
651,-4.08E-04,-8.99E-05,-3.15E-04,-4.50E-05,-2.24E-04,-4.98E-05,-2.58E-04,-2.58E-04,-1.26E-04,-4.78E-05,-2.91E-04,-2.41E-04,-2.30E-04,-2.63E-04,2.69E-05,-2.03E-05,-1.72E-04,-8.93E-05,-1.80E-05,-1.64E-05
652,-3.97E-04,-8.23E-05,-3.12E-04,-4.41E-05,-2.18E-04,-4.61E-05,-2.46E-04,-2.50E-04,-1.22E-04,-4.10E-05,-2.85E-04,-2.20E-04,-2.35E-04,-2.65E-04,2.54E-05,-3.07E-05,-1.69E-04,-8.42E-05,-1.97E-05,-1.36E-05
653,-3.77E-04,-8.14E-05,-3.08E-04,-4.21E-05,-2.12E-04,-4.21E-05,-2.37E-04,-2.41E-04,-1.19E-04,-3.40E-05,-2.78E-04,-2.01E-04,-2.40E-04,-2.66E-04,2.32E-05,-4.04E-05,-1.66E-04,-7.98E-05,-2.13E-05,-1.01E-05
654,-3.49E-04,-8.69E-05,-3.02E-04,-3.90E-05,-2.06E-04,-3.77E-05,-2.29E-04,-2.34E-04,-1.16E-04,-2.69E-05,-2.69E-04,-1.84E-04,-2.43E-04,-2.66E-04,2.08E-05,-4.92E-05,-1.63E-04,-7.60E-05,-2.26E-05,-5.92E-06
655,-3.14E-04,-9.83E-05,-2.95E-04,-3.51E-05,-2.00E-04,-3.26E-05,-2.22E-04,-2.26E-04,-1.12E-04,-1.96E-05,-2.59E-04,-1.72E-04,-2.46E-04,-2.65E-04,1.84E-05,-5.71E-05,-1.61E-04,-7.26E-05,-2.35E-05,-1.22E-06
656,-2.74E-04,-1.15E-04,-2.87E-04,-3.05E-05,-1.92E-04,-2.69E-05,-2.17E-04,-2.18E-04,-1.09E-04,-1.18E-05,-2.48E-04,-1.64E-04,-2.47E-04,-2.63E-04,1.66E-05,-6.38E-05,-1.59E-04,-6.93E-05,-2.38E-05,3.95E-06
657,-2.31E-04,-1.35E-04,-2.78E-04,-2.56E-05,-1.85E-04,-2.05E-05,-2.12E-04,-2.10E-04,-1.05E-04,-3.57E-06,-2.37E-04,-1.61E-04,-2.47E-04,-2.60E-04,1.57E-05,-6.95E-05,-1.58E-04,-6.60E-05,-2.33E-05,9.53E-06
658,-1.87E-04,-1.58E-04,-2.68E-04,-2.07E-05,-1.77E-04,-1.32E-05,-2.06E-04,-2.01E-04,-1.01E-04,5.20E-06,-2.25E-04,-1.63E-04,-2.45E-04,-2.55E-04,1.61E-05,-7.41E-05,-1.56E-04,-6.24E-05,-2.20E-05,1.54E-05
659,-1.45E-04,-1.83E-04,-2.58E-04,-1.60E-05,-1.68E-04,-5.22E-06,-2.00E-04,-1.92E-04,-9.75E-05,1.46E-05,-2.12E-04,-1.68E-04,-2.41E-04,-2.51E-04,1.80E-05,-7.76E-05,-1.54E-04,-5.83E-05,-1.99E-05,2.15E-05
660,-1.06E-04,-2.08E-04,-2.47E-04,-1.19E-05,-1.60E-04,3.47E-06,-1.92E-04,-1.81E-04,-9.33E-05,2.46E-05,-2.00E-04,-1.77E-04,-2.34E-04,-2.45E-04,2.17E-05,-8.01E-05,-1.52E-04,-5.33E-05,-1.68E-05,2.79E-05
661,-7.20E-05,-2.32E-04,-2.36E-04,-8.46E-06,-1.50E-04,1.28E-05,-1.83E-04,-1.69E-04,-8.88E-05,3.52E-05,-1.87E-04,-1.87E-04,-2.26E-04,-2.39E-04,2.74E-05,-8.17E-05,-1.49E-04,-4.72E-05,-1.28E-05,3.43E-05
662,-4.57E-05,-2.54E-04,-2.25E-04,-6.03E-06,-1.40E-04,2.25E-05,-1.71E-04,-1.55E-04,-8.40E-05,4.64E-05,-1.75E-04,-1.98E-04,-2.15E-04,-2.32E-04,3.51E-05,-8.26E-05,-1.45E-04,-3.99E-05,-7.93E-06,4.09E-05
663,-2.79E-05,-2.73E-04,-2.13E-04,-4.70E-06,-1.30E-04,3.26E-05,-1.58E-04,-1.41E-04,-7.87E-05,5.80E-05,-1.63E-04,-2.08E-04,-2.02E-04,-2.25E-04,4.48E-05,-8.28E-05,-1.39E-04,-3.13E-05,-2.26E-06,4.76E-05
664,-1.94E-05,-2.89E-04,-2.01E-04,-4.56E-06,-1.19E-04,4.29E-05,-1.42E-04,-1.25E-04,-7.30E-05,7.02E-05,-1.51E-04,-2.15E-04,-1.88E-04,-2.18E-04,5.64E-05,-8.25E-05,-1.32E-04,-2.11E-05,4.13E-06,5.45E-05
665,-2.04E-05,-3.00E-04,-1.88E-04,-5.60E-06,-1.08E-04,5.31E-05,-1.24E-04,-1.07E-04,-6.69E-05,8.26E-05,-1.40E-04,-2.19E-04,-1.72E-04,-2.10E-04,6.98E-05,-8.18E-05,-1.23E-04,-9.38E-06,1.11E-05,6.16E-05
666,-3.05E-05,-3.07E-04,-1.75E-04,-7.78E-06,-9.57E-05,6.31E-05,-1.04E-04,-8.91E-05,-6.03E-05,9.52E-05,-1.30E-04,-2.19E-04,-1.54E-04,-2.03E-04,8.48E-05,-8.08E-05,-1.11E-04,3.83E-06,1.87E-05,6.89E-05
667,-4.88E-05,-3.09E-04,-1.61E-04,-1.10E-05,-8.32E-05,7.28E-05,-8.21E-05,-6.98E-05,-5.33E-05,1.08E-04,-1.20E-04,-2.13E-04,-1.36E-04,-1.96E-04,1.01E-04,-7.95E-05,-9.85E-05,1.85E-05,2.66E-05,7.64E-05
668,-7.36E-05,-3.07E-04,-1.46E-04,-1.50E-05,-7.01E-05,8.20E-05,-5.94E-05,-4.99E-05,-4.60E-05,1.20E-04,-1.11E-04,-2.01E-04,-1.18E-04,-1.89E-04,1.18E-04,-7.82E-05,-8.40E-05,3.44E-05,3.48E-05,8.42E-05
669,-1.03E-04,-3.01E-04,-1.30E-04,-1.96E-05,-5.66E-05,9.05E-05,-3.59E-05,-2.94E-05,-3.83E-05,1.33E-04,-1.02E-04,-1.84E-04,-1.00E-04,-1.82E-04,1.36E-04,-7.66E-05,-6.81E-05,5.13E-05,4.33E-05,9.22E-05
670,-1.35E-04,-2.91E-04,-1.14E-04,-2.46E-05,-4.27E-05,9.82E-05,-1.21E-05,-8.79E-06,-3.03E-05,1.44E-04,-9.40E-05,-1.62E-04,-8.41E-05,-1.75E-04,1.54E-04,-7.50E-05,-5.12E-05,6.92E-05,5.18E-05,1.00E-04
671,-1.66E-04,-2.77E-04,-9.62E-05,-2.97E-05,-2.84E-05,1.05E-04,1.15E-05,1.18E-05,-2.21E-05,1.56E-04,-8.67E-05,-1.36E-04,-6.94E-05,-1.68E-04,1.72E-04,-7.32E-05,-3.38E-05,8.76E-05,6.05E-05,1.09E-04
672,-1.95E-04,-2.59E-04,-7.77E-05,-3.46E-05,-1.41E-05,1.11E-04,3.47E-05,3.22E-05,-1.39E-05,1.66E-04,-8.00E-05,-1.07E-04,-5.68E-05,-1.61E-04,1.89E-04,-7.13E-05,-1.61E-05,1.06E-04,6.92E-05,1.17E-04
673,-2.19E-04,-2.39E-04,-5.83E-05,-3.90E-05,3.27E-07,1.16E-04,5.70E-05,5.21E-05,-5.57E-06,1.76E-04,-7.39E-05,-7.62E-05,-4.66E-05,-1.55E-04,2.05E-04,-6.92E-05,1.19E-06,1.25E-04,7.79E-05,1.26E-04
674,-2.35E-04,-2.17E-04,-3.84E-05,-4.27E-05,1.46E-05,1.20E-04,7.83E-05,7.15E-05,2.62E-06,1.84E-04,-6.84E-05,-4.57E-05,-3.90E-05,-1.49E-04,2.21E-04,-6.68E-05,1.78E-05,1.44E-04,8.66E-05,1.34E-04
675,-2.42E-04,-1.92E-04,-1.79E-05,-4.55E-05,2.85E-05,1.23E-04,9.84E-05,9.01E-05,1.06E-05,1.92E-04,-6.34E-05,-1.69E-05,-3.40E-05,-1.42E-04,2.35E-04,-6.43E-05,3.34E-05,1.62E-04,9.53E-05,1.42E-04
676,-2.39E-04,-1.65E-04,2.65E-06,-4.72E-05,4.19E-05,1.25E-04,1.17E-04,1.08E-04,1.84E-05,1.98E-04,-5.89E-05,8.70E-06,-3.12E-05,-1.37E-04,2.48E-04,-6.15E-05,4.76E-05,1.79E-04,1.04E-04,1.50E-04
677,-2.25E-04,-1.36E-04,2.31E-05,-4.76E-05,5.46E-05,1.26E-04,1.35E-04,1.25E-04,2.59E-05,2.04E-04,-5.47E-05,2.96E-05,-3.03E-05,-1.31E-04,2.60E-04,-5.84E-05,6.03E-05,1.96E-04,1.13E-04,1.57E-04
678,-2.00E-04,-1.05E-04,4.31E-05,-4.67E-05,6.67E-05,1.26E-04,1.52E-04,1.41E-04,3.30E-05,2.08E-04,-5.08E-05,4.49E-05,-3.06E-05,-1.26E-04,2.70E-04,-5.51E-05,7.15E-05,2.12E-04,1.21E-04,1.64E-04
679,-1.66E-04,-7.34E-05,6.24E-05,-4.44E-05,7.78E-05,1.25E-04,1.67E-04,1.57E-04,3.97E-05,2.11E-04,-4.71E-05,5.37E-05,-3.15E-05,-1.21E-04,2.79E-04,-5.15E-05,8.12E-05,2.28E-04,1.30E-04,1.70E-04
680,-1.24E-04,-4.04E-05,8.08E-05,-4.07E-05,8.81E-05,1.24E-04,1.82E-04,1.73E-04,4.61E-05,2.13E-04,-4.33E-05,5.57E-05,-3.21E-05,-1.16E-04,2.88E-04,-4.78E-05,8.95E-05,2.42E-04,1.39E-04,1.75E-04
681,-7.56E-05,-6.55E-06,9.80E-05,-3.56E-05,9.76E-05,1.22E-04,1.97E-04,1.88E-04,5.22E-05,2.15E-04,-3.93E-05,5.12E-05,-3.15E-05,-1.12E-04,2.95E-04,-4.39E-05,9.67E-05,2.56E-04,1.47E-04,1.80E-04
682,-2.31E-05,2.79E-05,1.14E-04,-2.93E-05,1.06E-04,1.20E-04,2.12E-04,2.03E-04,5.80E-05,2.15E-04,-3.50E-05,4.06E-05,-2.89E-05,-1.08E-04,3.02E-04,-3.98E-05,1.03E-04,2.69E-04,1.56E-04,1.84E-04
683,3.07E-05,6.24E-05,1.29E-04,-2.18E-05,1.14E-04,1.17E-04,2.26E-04,2.18E-04,6.37E-05,2.15E-04,-3.00E-05,2.49E-05,-2.35E-05,-1.05E-04,3.08E-04,-3.58E-05,1.09E-04,2.82E-04,1.64E-04,1.89E-04
684,8.35E-05,9.66E-05,1.43E-04,-1.32E-05,1.22E-04,1.14E-04,2.41E-04,2.34E-04,6.93E-05,2.15E-04,-2.41E-05,5.31E-06,-1.46E-05,-1.02E-04,3.15E-04,-3.17E-05,1.15E-04,2.95E-04,1.73E-04,1.93E-04
685,1.33E-04,1.30E-04,1.55E-04,-3.73E-06,1.29E-04,1.11E-04,2.57E-04,2.50E-04,7.50E-05,2.14E-04,-1.72E-05,-1.65E-05,-1.83E-06,-9.90E-05,3.22E-04,-2.77E-05,1.22E-04,3.08E-04,1.81E-04,1.97E-04
686,1.77E-04,1.62E-04,1.67E-04,6.51E-06,1.37E-04,1.08E-04,2.73E-04,2.67E-04,8.08E-05,2.13E-04,-9.11E-06,-3.88E-05,1.51E-05,-9.61E-05,3.29E-04,-2.37E-05,1.30E-04,3.20E-04,1.90E-04,2.01E-04
687,2.14E-04,1.92E-04,1.79E-04,1.74E-05,1.44E-04,1.06E-04,2.91E-04,2.86E-04,8.70E-05,2.12E-04,4.17E-07,-6.00E-05,3.61E-05,-9.31E-05,3.36E-04,-1.98E-05,1.38E-04,3.33E-04,1.98E-04,2.06E-04
688,2.43E-04,2.20E-04,1.90E-04,2.87E-05,1.52E-04,1.03E-04,3.09E-04,3.06E-04,9.37E-05,2.11E-04,1.15E-05,-7.82E-05,6.11E-05,-8.99E-05,3.44E-04,-1.59E-05,1.49E-04,3.47E-04,2.06E-04,2.12E-04
689,2.63E-04,2.46E-04,2.02E-04,4.04E-05,1.61E-04,1.01E-04,3.28E-04,3.27E-04,1.01E-04,2.10E-04,2.41E-05,-9.20E-05,8.94E-05,-8.61E-05,3.53E-04,-1.21E-05,1.60E-04,3.60E-04,2.15E-04,2.18E-04
690,2.74E-04,2.68E-04,2.14E-04,5.22E-05,1.71E-04,9.97E-05,3.47E-04,3.50E-04,1.09E-04,2.10E-04,3.83E-05,-1.00E-04,1.20E-04,-8.18E-05,3.62E-04,-8.27E-06,1.74E-04,3.75E-04,2.23E-04,2.25E-04
691,2.79E-04,2.88E-04,2.28E-04,6.41E-05,1.82E-04,9.86E-05,3.68E-04,3.75E-04,1.17E-04,2.10E-04,5.41E-05,-1.01E-04,1.53E-04,-7.66E-05,3.72E-04,-4.34E-06,1.89E-04,3.89E-04,2.32E-04,2.33E-04
692,2.76E-04,3.05E-04,2.42E-04,7.59E-05,1.94E-04,9.81E-05,3.89E-04,4.01E-04,1.26E-04,2.10E-04,7.13E-05,-9.56E-05,1.87E-04,-7.05E-05,3.81E-04,-2.70E-07,2.05E-04,4.05E-04,2.40E-04,2.43E-04
693,2.70E-04,3.20E-04,2.59E-04,8.75E-05,2.07E-04,9.80E-05,4.11E-04,4.28E-04,1.36E-04,2.10E-04,8.96E-05,-8.25E-05,2.20E-04,-6.34E-05,3.91E-04,4.03E-06,2.23E-04,4.20E-04,2.49E-04,2.53E-04
694,2.61E-04,3.33E-04,2.77E-04,9.88E-05,2.21E-04,9.84E-05,4.34E-04,4.57E-04,1.46E-04,2.11E-04,1.09E-04,-6.24E-05,2.53E-04,-5.52E-05,4.00E-04,8.64E-06,2.42E-04,4.36E-04,2.57E-04,2.64E-04
695,2.52E-04,3.45E-04,2.96E-04,1.10E-04,2.36E-04,9.91E-05,4.57E-04,4.87E-04,1.57E-04,2.12E-04,1.29E-04,-3.60E-05,2.83E-04,-4.60E-05,4.09E-04,1.36E-05,2.61E-04,4.52E-04,2.66E-04,2.75E-04
696,2.47E-04,3.56E-04,3.18E-04,1.20E-04,2.52E-04,1.00E-04,4.81E-04,5.18E-04,1.68E-04,2.12E-04,1.49E-04,-4.21E-06,3.10E-04,-3.57E-05,4.18E-04,1.90E-05,2.81E-04,4.68E-04,2.75E-04,2.87E-04
697,2.47E-04,3.69E-04,3.41E-04,1.30E-04,2.68E-04,1.01E-04,5.05E-04,5.50E-04,1.80E-04,2.13E-04,1.69E-04,3.16E-05,3.33E-04,-2.44E-05,4.25E-04,2.49E-05,3.01E-04,4.84E-04,2.85E-04,2.98E-04
698,2.55E-04,3.82E-04,3.65E-04,1.39E-04,2.84E-04,1.02E-04,5.30E-04,5.82E-04,1.91E-04,2.14E-04,1.89E-04,7.01E-05,3.52E-04,-1.24E-05,4.31E-04,3.11E-05,3.21E-04,4.99E-04,2.94E-04,3.09E-04
699,2.73E-04,3.98E-04,3.91E-04,1.47E-04,3.00E-04,1.03E-04,5.56E-04,6.13E-04,2.02E-04,2.14E-04,2.08E-04,1.10E-04,3.67E-04,3.14E-07,4.37E-04,3.78E-05,3.40E-04,5.15E-04,3.03E-04,3.20E-04
700,3.01E-04,4.18E-04,4.17E-04,1.54E-04,3.16E-04,1.03E-04,5.82E-04,6.45E-04,2.13E-04,2.13E-04,2.25E-04,1.49E-04,3.79E-04,1.34E-05,4.40E-04,4.49E-05,3.59E-04,5.29E-04,3.13E-04,3.29E-04
701,3.39E-04,4.41E-04,4.44E-04,1.60E-04,3.31E-04,1.03E-04,6.09E-04,6.76E-04,2.24E-04,2.12E-04,2.42E-04,1.86E-04,3.86E-04,2.68E-05,4.43E-04,5.22E-05,3.77E-04,5.43E-04,3.22E-04,3.37E-04
702,3.88E-04,4.69E-04,4.70E-04,1.64E-04,3.44E-04,1.02E-04,6.36E-04,7.06E-04,2.34E-04,2.10E-04,2.56E-04,2.20E-04,3.91E-04,4.01E-05,4.44E-04,5.97E-05,3.94E-04,5.56E-04,3.31E-04,3.44E-04
703,4.46E-04,5.02E-04,4.96E-04,1.68E-04,3.56E-04,1.00E-04,6.65E-04,7.35E-04,2.43E-04,2.06E-04,2.69E-04,2.51E-04,3.93E-04,5.32E-05,4.44E-04,6.71E-05,4.11E-04,5.68E-04,3.40E-04,3.49E-04
704,5.10E-04,5.38E-04,5.22E-04,1.70E-04,3.67E-04,9.73E-05,6.94E-04,7.62E-04,2.52E-04,2.02E-04,2.80E-04,2.76E-04,3.94E-04,6.60E-05,4.44E-04,7.43E-05,4.26E-04,5.79E-04,3.48E-04,3.52E-04
705,5.79E-04,5.79E-04,5.46E-04,1.70E-04,3.76E-04,9.36E-05,7.24E-04,7.88E-04,2.59E-04,1.96E-04,2.89E-04,2.97E-04,3.94E-04,7.81E-05,4.42E-04,8.12E-05,4.42E-04,5.89E-04,3.56E-04,3.53E-04
706,6.49E-04,6.24E-04,5.69E-04,1.69E-04,3.83E-04,8.88E-05,7.55E-04,8.12E-04,2.66E-04,1.90E-04,2.96E-04,3.12E-04,3.95E-04,8.95E-05,4.39E-04,8.75E-05,4.56E-04,5.98E-04,3.63E-04,3.52E-04
707,7.17E-04,6.71E-04,5.91E-04,1.67E-04,3.88E-04,8.29E-05,7.86E-04,8.34E-04,2.71E-04,1.81E-04,3.01E-04,3.23E-04,3.97E-04,1.00E-04,4.36E-04,9.30E-05,4.70E-04,6.05E-04,3.69E-04,3.49E-04
708,7.80E-04,7.19E-04,6.11E-04,1.62E-04,3.92E-04,7.60E-05,8.18E-04,8.55E-04,2.76E-04,1.72E-04,3.05E-04,3.30E-04,4.01E-04,1.10E-04,4.32E-04,9.75E-05,4.84E-04,6.11E-04,3.74E-04,3.45E-04
709,8.34E-04,7.67E-04,6.30E-04,1.57E-04,3.94E-04,6.80E-05,8.50E-04,8.73E-04,2.80E-04,1.62E-04,3.07E-04,3.34E-04,4.07E-04,1.19E-04,4.28E-04,1.01E-04,4.97E-04,6.16E-04,3.79E-04,3.39E-04
710,8.78E-04,8.13E-04,6.47E-04,1.50E-04,3.95E-04,5.91E-05,8.82E-04,8.89E-04,2.83E-04,1.50E-04,3.07E-04,3.35E-04,4.16E-04,1.26E-04,4.24E-04,1.03E-04,5.09E-04,6.19E-04,3.82E-04,3.32E-04
711,9.08E-04,8.56E-04,6.62E-04,1.41E-04,3.94E-04,4.93E-05,9.13E-04,9.03E-04,2.85E-04,1.38E-04,3.07E-04,3.34E-04,4.26E-04,1.33E-04,4.19E-04,1.04E-04,5.20E-04,6.20E-04,3.84E-04,3.24E-04
712,9.24E-04,8.95E-04,6.76E-04,1.31E-04,3.93E-04,3.88E-05,9.43E-04,9.16E-04,2.86E-04,1.25E-04,3.06E-04,3.33E-04,4.39E-04,1.40E-04,4.14E-04,1.03E-04,5.31E-04,6.19E-04,3.85E-04,3.15E-04
713,9.24E-04,9.28E-04,6.88E-04,1.21E-04,3.90E-04,2.77E-05,9.71E-04,9.26E-04,2.87E-04,1.10E-04,3.05E-04,3.32E-04,4.53E-04,1.45E-04,4.08E-04,1.01E-04,5.40E-04,6.16E-04,3.85E-04,3.06E-04
714,9.09E-04,9.54E-04,6.98E-04,1.09E-04,3.87E-04,1.60E-05,9.98E-04,9.33E-04,2.87E-04,9.58E-05,3.02E-04,3.32E-04,4.68E-04,1.49E-04,4.02E-04,9.67E-05,5.47E-04,6.11E-04,3.83E-04,2.96E-04
715,8.78E-04,9.73E-04,7.07E-04,9.60E-05,3.84E-04,3.95E-06,1.02E-03,9.39E-04,2.86E-04,8.07E-05,3.00E-04,3.33E-04,4.83E-04,1.53E-04,3.95E-04,9.11E-05,5.53E-04,6.03E-04,3.81E-04,2.86E-04
716,8.33E-04,9.84E-04,7.14E-04,8.27E-05,3.79E-04,-8.39E-06,1.04E-03,9.42E-04,2.84E-04,6.53E-05,2.97E-04,3.35E-04,4.96E-04,1.56E-04,3.87E-04,8.40E-05,5.55E-04,5.93E-04,3.77E-04,2.76E-04
717,7.77E-04,9.87E-04,7.19E-04,6.90E-05,3.75E-04,-2.09E-05,1.06E-03,9.43E-04,2.82E-04,4.97E-05,2.94E-04,3.38E-04,5.08E-04,1.58E-04,3.77E-04,7.54E-05,5.56E-04,5.80E-04,3.73E-04,2.66E-04
718,7.12E-04,9.82E-04,7.22E-04,5.49E-05,3.69E-04,-3.36E-05,1.07E-03,9.41E-04,2.79E-04,3.39E-05,2.91E-04,3.42E-04,5.18E-04,1.59E-04,3.66E-04,6.53E-05,5.53E-04,5.64E-04,3.67E-04,2.56E-04
719,6.40E-04,9.71E-04,7.23E-04,4.06E-05,3.63E-04,-4.62E-05,1.08E-03,9.37E-04,2.76E-04,1.82E-05,2.88E-04,3.46E-04,5.24E-04,1.59E-04,3.53E-04,5.40E-05,5.46E-04,5.45E-04,3.60E-04,2.46E-04
720,5.66E-04,9.53E-04,7.21E-04,2.63E-05,3.56E-04,-5.88E-05,1.09E-03,9.29E-04,2.71E-04,2.51E-06,2.84E-04,3.49E-04,5.26E-04,1.58E-04,3.38E-04,4.14E-05,5.37E-04,5.23E-04,3.52E-04,2.35E-04
721,4.91E-04,9.29E-04,7.18E-04,1.21E-05,3.48E-04,-7.14E-05,1.09E-03,9.18E-04,2.66E-04,-1.30E-05,2.80E-04,3.51E-04,5.25E-04,1.56E-04,3.22E-04,2.78E-05,5.24E-04,4.99E-04,3.43E-04,2.24E-04
722,4.20E-04,9.01E-04,7.11E-04,-1.97E-06,3.38E-04,-8.37E-05,1.08E-03,9.04E-04,2.60E-04,-2.82E-05,2.76E-04,3.51E-04,5.19E-04,1.52E-04,3.04E-04,1.32E-05,5.07E-04,4.71E-04,3.33E-04,2.13E-04
723,3.54E-04,8.71E-04,7.02E-04,-1.57E-05,3.28E-04,-9.59E-05,1.07E-03,8.87E-04,2.53E-04,-4.31E-05,2.71E-04,3.48E-04,5.11E-04,1.47E-04,2.84E-04,-2.09E-06,4.88E-04,4.41E-04,3.22E-04,2.02E-04
724,2.95E-04,8.39E-04,6.89E-04,-2.92E-05,3.16E-04,-1.08E-04,1.05E-03,8.66E-04,2.44E-04,-5.76E-05,2.65E-04,3.41E-04,4.99E-04,1.41E-04,2.62E-04,-1.80E-05,4.65E-04,4.08E-04,3.10E-04,1.89E-04
725,2.46E-04,8.06E-04,6.74E-04,-4.22E-05,3.02E-04,-1.20E-04,1.03E-03,8.41E-04,2.35E-04,-7.16E-05,2.59E-04,3.30E-04,4.85E-04,1.33E-04,2.39E-04,-3.45E-05,4.39E-04,3.73E-04,2.96E-04,1.76E-04
726,2.06E-04,7.73E-04,6.56E-04,-5.48E-05,2.87E-04,-1.31E-04,1.01E-03,8.13E-04,2.25E-04,-8.51E-05,2.51E-04,3.14E-04,4.69E-04,1.23E-04,2.15E-04,-5.13E-05,4.12E-04,3.35E-04,2.81E-04,1.63E-04
727,1.76E-04,7.41E-04,6.34E-04,-6.70E-05,2.71E-04,-1.42E-04,9.80E-04,7.81E-04,2.14E-04,-9.81E-05,2.43E-04,2.94E-04,4.52E-04,1.11E-04,1.90E-04,-6.83E-05,3.82E-04,2.96E-04,2.65E-04,1.49E-04
728,1.55E-04,7.11E-04,6.10E-04,-7.87E-05,2.53E-04,-1.52E-04,9.47E-04,7.45E-04,2.02E-04,-1.10E-04,2.34E-04,2.71E-04,4.35E-04,9.77E-05,1.64E-04,-8.53E-05,3.51E-04,2.55E-04,2.48E-04,1.34E-04
729,1.42E-04,6.83E-04,5.83E-04,-8.99E-05,2.33E-04,-1.62E-04,9.10E-04,7.06E-04,1.89E-04,-1.22E-04,2.24E-04,2.44E-04,4.18E-04,8.26E-05,1.38E-04,-1.02E-04,3.19E-04,2.14E-04,2.30E-04,1.19E-04
730,1.36E-04,6.56E-04,5.53E-04,-1.01E-04,2.13E-04,-1.72E-04,8.70E-04,6.64E-04,1.76E-04,-1.33E-04,2.12E-04,2.14E-04,4.01E-04,6.58E-05,1.12E-04,-1.19E-04,2.86E-04,1.71E-04,2.11E-04,1.03E-04
731,1.33E-04,6.30E-04,5.21E-04,-1.11E-04,1.92E-04,-1.80E-04,8.27E-04,6.18E-04,1.61E-04,-1.43E-04,2.00E-04,1.83E-04,3.86E-04,4.75E-05,8.63E-05,-1.36E-04,2.53E-04,1.29E-04,1.92E-04,8.76E-05
732,1.33E-04,6.05E-04,4.88E-04,-1.21E-04,1.70E-04,-1.88E-04,7.82E-04,5.70E-04,1.47E-04,-1.52E-04,1.86E-04,1.51E-04,3.71E-04,2.77E-05,6.11E-05,-1.52E-04,2.20E-04,8.59E-05,1.71E-04,7.20E-05
733,1.33E-04,5.80E-04,4.52E-04,-1.30E-04,1.48E-04,-1.95E-04,7.34E-04,5.20E-04,1.32E-04,-1.61E-04,1.71E-04,1.20E-04,3.57E-04,6.67E-06,3.66E-05,-1.68E-04,1.87E-04,4.37E-05,1.51E-04,5.66E-05
734,1.30E-04,5.54E-04,4.16E-04,-1.38E-04,1.26E-04,-2.02E-04,6.85E-04,4.67E-04,1.16E-04,-1.68E-04,1.55E-04,9.03E-05,3.43E-04,-1.55E-05,1.27E-05,-1.83E-04,1.55E-04,2.32E-06,1.30E-04,4.17E-05
735,1.23E-04,5.25E-04,3.78E-04,-1.47E-04,1.04E-04,-2.07E-04,6.33E-04,4.13E-04,1.01E-04,-1.75E-04,1.38E-04,6.28E-05,3.28E-04,-3.88E-05,-1.04E-05,-1.98E-04,1.22E-04,-3.80E-05,1.09E-04,2.73E-05
736,1.11E-04,4.94E-04,3.40E-04,-1.54E-04,8.30E-05,-2.12E-04,5.79E-04,3.57E-04,8.50E-05,-1.81E-04,1.20E-04,3.81E-05,3.12E-04,-6.29E-05,-3.30E-05,-2.12E-04,8.95E-05,-7.70E-05,8.78E-05,1.37E-05
737,9.21E-05,4.59E-04,3.02E-04,-1.61E-04,6.22E-05,-2.16E-04,5.24E-04,3.00E-04,6.92E-05,-1.86E-04,1.00E-04,1.65E-05,2.94E-04,-8.78E-05,-5.51E-05,-2.26E-04,5.69E-05,-1.14E-04,6.75E-05,9.43E-07
738,6.60E-05,4.19E-04,2.64E-04,-1.68E-04,4.22E-05,-2.19E-04,4.66E-04,2.43E-04,5.34E-05,-1.91E-04,7.89E-05,-1.98E-06,2.73E-04,-1.13E-04,-7.69E-05,-2.39E-04,2.41E-05,-1.50E-04,4.78E-05,-1.09E-05
739,3.25E-05,3.73E-04,2.27E-04,-1.74E-04,2.30E-05,-2.21E-04,4.07E-04,1.86E-04,3.75E-05,-1.95E-04,5.67E-05,-1.78E-05,2.48E-04,-1.39E-04,-9.86E-05,-2.51E-04,-8.95E-06,-1.84E-04,2.90E-05,-2.18E-05
740,-8.07E-06,3.22E-04,1.89E-04,-1.80E-04,4.67E-06,-2.22E-04,3.46E-04,1.28E-04,2.16E-05,-1.98E-04,3.32E-05,-3.15E-05,2.19E-04,-1.66E-04,-1.20E-04,-2.64E-04,-4.25E-05,-2.17E-04,1.11E-05,-3.17E-05
741,-5.50E-05,2.66E-04,1.52E-04,-1.86E-04,-1.29E-05,-2.23E-04,2.83E-04,7.11E-05,5.75E-06,-2.01E-04,8.47E-06,-4.40E-05,1.86E-04,-1.93E-04,-1.43E-04,-2.76E-04,-7.67E-05,-2.47E-04,-5.84E-06,-4.07E-05
742,-1.07E-04,2.05E-04,1.16E-04,-1.91E-04,-2.99E-05,-2.23E-04,2.18E-04,1.44E-05,-1.02E-05,-2.03E-04,-1.73E-05,-5.65E-05,1.48E-04,-2.21E-04,-1.65E-04,-2.88E-04,-1.11E-04,-2.76E-04,-2.17E-05,-4.89E-05
743,-1.63E-04,1.38E-04,8.07E-05,-1.96E-04,-4.63E-05,-2.23E-04,1.52E-04,-4.15E-05,-2.62E-05,-2.05E-04,-4.41E-05,-7.02E-05,1.06E-04,-2.49E-04,-1.89E-04,-2.99E-04,-1.47E-04,-3.04E-04,-3.66E-05,-5.64E-05
744,-2.22E-04,6.83E-05,4.57E-05,-2.00E-04,-6.24E-05,-2.23E-04,8.48E-05,-9.65E-05,-4.23E-05,-2.07E-04,-7.17E-05,-8.62E-05,6.02E-05,-2.77E-04,-2.13E-04,-3.11E-04,-1.83E-04,-3.30E-04,-5.05E-05,-6.32E-05
745,-2.81E-04,-4.76E-06,1.12E-05,-2.05E-04,-7.82E-05,-2.22E-04,1.69E-05,-1.50E-04,-5.85E-05,-2.09E-04,-9.99E-05,-1.06E-04,1.13E-05,-3.06E-04,-2.39E-04,-3.22E-04,-2.19E-04,-3.55E-04,-6.36E-05,-6.97E-05
746,-3.40E-04,-7.97E-05,-2.31E-05,-2.10E-04,-9.39E-05,-2.21E-04,-5.12E-05,-2.03E-04,-7.48E-05,-2.11E-04,-1.29E-04,-1.30E-04,-3.95E-05,-3.35E-04,-2.65E-04,-3.34E-04,-2.55E-04,-3.79E-04,-7.61E-05,-7.57E-05
747,-3.97E-04,-1.55E-04,-5.71E-05,-2.14E-04,-1.10E-04,-2.19E-04,-1.19E-04,-2.55E-04,-9.12E-05,-2.12E-04,-1.57E-04,-1.59E-04,-9.12E-05,-3.65E-04,-2.92E-04,-3.46E-04,-2.92E-04,-4.02E-04,-8.80E-05,-8.16E-05
748,-4.51E-04,-2.30E-04,-9.10E-05,-2.19E-04,-1.26E-04,-2.18E-04,-1.85E-04,-3.05E-04,-1.08E-04,-2.14E-04,-1.86E-04,-1.94E-04,-1.42E-04,-3.94E-04,-3.19E-04,-3.58E-04,-3.27E-04,-4.25E-04,-9.96E-05,-8.73E-05
749,-5.00E-04,-3.03E-04,-1.25E-04,-2.24E-04,-1.42E-04,-2.17E-04,-2.49E-04,-3.53E-04,-1.24E-04,-2.15E-04,-2.14E-04,-2.34E-04,-1.92E-04,-4.24E-04,-3.47E-04,-3.70E-04,-3.62E-04,-4.48E-04,-1.11E-04,-9.29E-05
750,-5.45E-04,-3.73E-04,-1.59E-04,-2.29E-04,-1.58E-04,-2.15E-04,-3.11E-04,-4.01E-04,-1.40E-04,-2.16E-04,-2.41E-04,-2.78E-04,-2.39E-04,-4.53E-04,-3.74E-04,-3.83E-04,-3.96E-04,-4.70E-04,-1.22E-04,-9.85E-05
751,-5.85E-04,-4.39E-04,-1.94E-04,-2.33E-04,-1.75E-04,-2.14E-04,-3.69E-04,-4.46E-04,-1.57E-04,-2.17E-04,-2.67E-04,-3.26E-04,-2.82E-04,-4.82E-04,-4.01E-04,-3.95E-04,-4.28E-04,-4.92E-04,-1.34E-04,-1.04E-04
752,-6.19E-04,-4.99E-04,-2.28E-04,-2.38E-04,-1.92E-04,-2.12E-04,-4.24E-04,-4.90E-04,-1.73E-04,-2.18E-04,-2.92E-04,-3.75E-04,-3.20E-04,-5.11E-04,-4.28E-04,-4.08E-04,-4.58E-04,-5.14E-04,-1.46E-04,-1.10E-04
753,-6.47E-04,-5.54E-04,-2.63E-04,-2.43E-04,-2.09E-04,-2.10E-04,-4.74E-04,-5.32E-04,-1.88E-04,-2.18E-04,-3.14E-04,-4.25E-04,-3.53E-04,-5.38E-04,-4.53E-04,-4.21E-04,-4.86E-04,-5.35E-04,-1.58E-04,-1.15E-04
754,-6.70E-04,-6.02E-04,-2.98E-04,-2.47E-04,-2.25E-04,-2.08E-04,-5.19E-04,-5.72E-04,-2.03E-04,-2.17E-04,-3.35E-04,-4.72E-04,-3.81E-04,-5.65E-04,-4.77E-04,-4.33E-04,-5.11E-04,-5.56E-04,-1.70E-04,-1.20E-04
755,-6.87E-04,-6.44E-04,-3.33E-04,-2.51E-04,-2.41E-04,-2.06E-04,-5.59E-04,-6.11E-04,-2.18E-04,-2.16E-04,-3.53E-04,-5.16E-04,-4.03E-04,-5.91E-04,-5.00E-04,-4.45E-04,-5.35E-04,-5.77E-04,-1.83E-04,-1.25E-04
756,-6.99E-04,-6.78E-04,-3.68E-04,-2.55E-04,-2.57E-04,-2.04E-04,-5.95E-04,-6.47E-04,-2.32E-04,-2.14E-04,-3.69E-04,-5.53E-04,-4.20E-04,-6.15E-04,-5.20E-04,-4.56E-04,-5.56E-04,-5.97E-04,-1.95E-04,-1.30E-04
757,-7.07E-04,-7.07E-04,-4.03E-04,-2.58E-04,-2.72E-04,-2.01E-04,-6.27E-04,-6.82E-04,-2.45E-04,-2.11E-04,-3.82E-04,-5.81E-04,-4.32E-04,-6.38E-04,-5.38E-04,-4.67E-04,-5.75E-04,-6.16E-04,-2.08E-04,-1.35E-04
758,-7.10E-04,-7.29E-04,-4.36E-04,-2.59E-04,-2.86E-04,-1.98E-04,-6.55E-04,-7.14E-04,-2.56E-04,-2.07E-04,-3.93E-04,-6.00E-04,-4.41E-04,-6.59E-04,-5.54E-04,-4.76E-04,-5.93E-04,-6.34E-04,-2.20E-04,-1.39E-04
759,-7.09E-04,-7.45E-04,-4.69E-04,-2.60E-04,-2.98E-04,-1.94E-04,-6.79E-04,-7.44E-04,-2.67E-04,-2.02E-04,-4.01E-04,-6.07E-04,-4.47E-04,-6.79E-04,-5.68E-04,-4.85E-04,-6.08E-04,-6.50E-04,-2.32E-04,-1.42E-04
760,-7.05E-04,-7.57E-04,-5.01E-04,-2.60E-04,-3.10E-04,-1.89E-04,-7.02E-04,-7.72E-04,-2.77E-04,-1.96E-04,-4.07E-04,-6.03E-04,-4.51E-04,-6.96E-04,-5.80E-04,-4.92E-04,-6.23E-04,-6.65E-04,-2.44E-04,-1.45E-04
761,-6.97E-04,-7.65E-04,-5.31E-04,-2.58E-04,-3.20E-04,-1.84E-04,-7.23E-04,-7.98E-04,-2.86E-04,-1.89E-04,-4.11E-04,-5.86E-04,-4.55E-04,-7.11E-04,-5.90E-04,-4.98E-04,-6.36E-04,-6.78E-04,-2.54E-04,-1.47E-04
762,-6.87E-04,-7.69E-04,-5.59E-04,-2.55E-04,-3.29E-04,-1.79E-04,-7.42E-04,-8.21E-04,-2.94E-04,-1.80E-04,-4.12E-04,-5.57E-04,-4.59E-04,-7.25E-04,-5.98E-04,-5.03E-04,-6.48E-04,-6.89E-04,-2.64E-04,-1.48E-04
763,-6.74E-04,-7.72E-04,-5.84E-04,-2.51E-04,-3.37E-04,-1.72E-04,-7.62E-04,-8.41E-04,-3.01E-04,-1.71E-04,-4.12E-04,-5.18E-04,-4.65E-04,-7.36E-04,-6.05E-04,-5.06E-04,-6.60E-04,-6.98E-04,-2.72E-04,-1.49E-04
764,-6.59E-04,-7.73E-04,-6.07E-04,-2.45E-04,-3.43E-04,-1.65E-04,-7.83E-04,-8.59E-04,-3.07E-04,-1.61E-04,-4.10E-04,-4.69E-04,-4.72E-04,-7.46E-04,-6.10E-04,-5.07E-04,-6.72E-04,-7.04E-04,-2.80E-04,-1.49E-04
765,-6.42E-04,-7.73E-04,-6.28E-04,-2.38E-04,-3.48E-04,-1.58E-04,-8.04E-04,-8.75E-04,-3.12E-04,-1.49E-04,-4.08E-04,-4.13E-04,-4.82E-04,-7.54E-04,-6.14E-04,-5.07E-04,-6.84E-04,-7.08E-04,-2.86E-04,-1.49E-04
766,-6.25E-04,-7.74E-04,-6.45E-04,-2.29E-04,-3.51E-04,-1.49E-04,-8.27E-04,-8.88E-04,-3.16E-04,-1.37E-04,-4.04E-04,-3.53E-04,-4.93E-04,-7.60E-04,-6.17E-04,-5.06E-04,-6.96E-04,-7.09E-04,-2.90E-04,-1.48E-04
767,-6.07E-04,-7.75E-04,-6.60E-04,-2.19E-04,-3.54E-04,-1.40E-04,-8.51E-04,-8.98E-04,-3.20E-04,-1.25E-04,-4.01E-04,-2.91E-04,-5.08E-04,-7.64E-04,-6.20E-04,-5.03E-04,-7.08E-04,-7.09E-04,-2.93E-04,-1.47E-04
768,-5.89E-04,-7.79E-04,-6.71E-04,-2.09E-04,-3.56E-04,-1.30E-04,-8.75E-04,-9.06E-04,-3.22E-04,-1.11E-04,-3.97E-04,-2.30E-04,-5.24E-04,-7.67E-04,-6.23E-04,-4.99E-04,-7.20E-04,-7.06E-04,-2.95E-04,-1.45E-04
769,-5.73E-04,-7.84E-04,-6.80E-04,-1.97E-04,-3.57E-04,-1.20E-04,-9.00E-04,-9.12E-04,-3.25E-04,-9.77E-05,-3.94E-04,-1.74E-04,-5.42E-04,-7.69E-04,-6.25E-04,-4.93E-04,-7.31E-04,-7.01E-04,-2.95E-04,-1.42E-04
770,-5.57E-04,-7.91E-04,-6.86E-04,-1.85E-04,-3.57E-04,-1.09E-04,-9.25E-04,-9.15E-04,-3.26E-04,-8.38E-05,-3.92E-04,-1.25E-04,-5.61E-04,-7.70E-04,-6.27E-04,-4.87E-04,-7.43E-04,-6.95E-04,-2.95E-04,-1.39E-04
771,-5.44E-04,-8.00E-04,-6.90E-04,-1.72E-04,-3.56E-04,-9.80E-05,-9.48E-04,-9.16E-04,-3.28E-04,-6.97E-05,-3.90E-04,-8.53E-05,-5.80E-04,-7.69E-04,-6.29E-04,-4.80E-04,-7.54E-04,-6.88E-04,-2.93E-04,-1.36E-04
772,-5.34E-04,-8.12E-04,-6.91E-04,-1.59E-04,-3.55E-04,-8.61E-05,-9.69E-04,-9.15E-04,-3.29E-04,-5.55E-05,-3.89E-04,-5.75E-05,-5.98E-04,-7.68E-04,-6.31E-04,-4.72E-04,-7.64E-04,-6.79E-04,-2.91E-04,-1.33E-04
773,-5.27E-04,-8.27E-04,-6.91E-04,-1.47E-04,-3.53E-04,-7.39E-05,-9.87E-04,-9.12E-04,-3.29E-04,-4.14E-05,-3.90E-04,-4.24E-05,-6.15E-04,-7.65E-04,-6.32E-04,-4.64E-04,-7.73E-04,-6.70E-04,-2.87E-04,-1.29E-04
774,-5.23E-04,-8.43E-04,-6.89E-04,-1.34E-04,-3.51E-04,-6.12E-05,-1.00E-03,-9.07E-04,-3.30E-04,-2.73E-05,-3.91E-04,-4.09E-05,-6.30E-04,-7.62E-04,-6.33E-04,-4.55E-04,-7.81E-04,-6.61E-04,-2.84E-04,-1.24E-04
775,-5.22E-04,-8.62E-04,-6.87E-04,-1.22E-04,-3.48E-04,-4.82E-05,-1.01E-03,-9.00E-04,-3.30E-04,-1.33E-05,-3.94E-04,-5.27E-05,-6.43E-04,-7.58E-04,-6.33E-04,-4.45E-04,-7.87E-04,-6.51E-04,-2.79E-04,-1.20E-04
776,-5.25E-04,-8.82E-04,-6.83E-04,-1.10E-04,-3.44E-04,-3.50E-05,-1.01E-03,-8.92E-04,-3.29E-04,5.02E-07,-3.97E-04,-7.71E-05,-6.52E-04,-7.54E-04,-6.33E-04,-4.36E-04,-7.92E-04,-6.41E-04,-2.75E-04,-1.14E-04
777,-5.31E-04,-9.03E-04,-6.80E-04,-9.96E-05,-3.40E-04,-2.16E-05,-1.01E-03,-8.82E-04,-3.28E-04,1.42E-05,-4.02E-04,-1.13E-04,-6.59E-04,-7.48E-04,-6.31E-04,-4.26E-04,-7.95E-04,-6.31E-04,-2.70E-04,-1.09E-04
778,-5.40E-04,-9.25E-04,-6.76E-04,-8.94E-05,-3.35E-04,-7.99E-06,-9.98E-04,-8.71E-04,-3.27E-04,2.76E-05,-4.06E-04,-1.57E-04,-6.62E-04,-7.42E-04,-6.28E-04,-4.16E-04,-7.96E-04,-6.21E-04,-2.65E-04,-1.03E-04
779,-5.51E-04,-9.46E-04,-6.72E-04,-8.00E-05,-3.29E-04,5.66E-06,-9.82E-04,-8.59E-04,-3.25E-04,4.10E-05,-4.11E-04,-2.09E-04,-6.63E-04,-7.35E-04,-6.24E-04,-4.06E-04,-7.95E-04,-6.11E-04,-2.60E-04,-9.62E-05
780,-5.64E-04,-9.67E-04,-6.69E-04,-7.13E-05,-3.22E-04,1.93E-05,-9.62E-04,-8.46E-04,-3.22E-04,5.41E-05,-4.16E-04,-2.64E-04,-6.61E-04,-7.28E-04,-6.19E-04,-3.96E-04,-7.93E-04,-6.02E-04,-2.55E-04,-8.92E-05
781,-5.79E-04,-9.88E-04,-6.66E-04,-6.32E-05,-3.15E-04,3.29E-05,-9.37E-04,-8.32E-04,-3.19E-04,6.72E-05,-4.20E-04,-3.22E-04,-6.57E-04,-7.19E-04,-6.12E-04,-3.86E-04,-7.89E-04,-5.93E-04,-2.50E-04,-8.19E-05
782,-5.93E-04,-1.01E-03,-6.63E-04,-5.56E-05,-3.07E-04,4.63E-05,-9.10E-04,-8.18E-04,-3.15E-04,8.01E-05,-4.24E-04,-3.78E-04,-6.52E-04,-7.10E-04,-6.03E-04,-3.75E-04,-7.84E-04,-5.83E-04,-2.45E-04,-7.42E-05
783,-6.08E-04,-1.02E-03,-6.60E-04,-4.85E-05,-2.98E-04,5.96E-05,-8.82E-04,-8.03E-04,-3.11E-04,9.29E-05,-4.26E-04,-4.31E-04,-6.46E-04,-7.00E-04,-5.94E-04,-3.65E-04,-7.78E-04,-5.74E-04,-2.40E-04,-6.63E-05
784,-6.22E-04,-1.04E-03,-6.57E-04,-4.15E-05,-2.88E-04,7.25E-05,-8.53E-04,-7.87E-04,-3.06E-04,1.06E-04,-4.28E-04,-4.78E-04,-6.40E-04,-6.89E-04,-5.82E-04,-3.54E-04,-7.70E-04,-5.64E-04,-2.35E-04,-5.83E-05
785,-6.36E-04,-1.05E-03,-6.54E-04,-3.47E-05,-2.78E-04,8.52E-05,-8.27E-04,-7.71E-04,-3.00E-04,1.18E-04,-4.28E-04,-5.18E-04,-6.34E-04,-6.78E-04,-5.70E-04,-3.43E-04,-7.62E-04,-5.54E-04,-2.30E-04,-5.02E-05
786,-6.48E-04,-1.06E-03,-6.51E-04,-2.77E-05,-2.67E-04,9.74E-05,-8.03E-04,-7.55E-04,-2.94E-04,1.31E-04,-4.27E-04,-5.49E-04,-6.28E-04,-6.66E-04,-5.57E-04,-3.32E-04,-7.53E-04,-5.43E-04,-2.25E-04,-4.22E-05
787,-6.59E-04,-1.06E-03,-6.46E-04,-2.04E-05,-2.56E-04,1.09E-04,-7.84E-04,-7.38E-04,-2.88E-04,1.43E-04,-4.24E-04,-5.72E-04,-6.23E-04,-6.53E-04,-5.43E-04,-3.21E-04,-7.44E-04,-5.32E-04,-2.19E-04,-3.44E-05
788,-6.70E-04,-1.06E-03,-6.41E-04,-1.26E-05,-2.45E-04,1.21E-04,-7.70E-04,-7.21E-04,-2.81E-04,1.55E-04,-4.19E-04,-5.85E-04,-6.19E-04,-6.39E-04,-5.28E-04,-3.09E-04,-7.34E-04,-5.20E-04,-2.14E-04,-2.68E-05
789,-6.79E-04,-1.06E-03,-6.35E-04,-4.15E-06,-2.34E-04,1.32E-04,-7.61E-04,-7.05E-04,-2.73E-04,1.67E-04,-4.13E-04,-5.89E-04,-6.15E-04,-6.24E-04,-5.13E-04,-2.97E-04,-7.25E-04,-5.08E-04,-2.08E-04,-1.96E-05
790,-6.88E-04,-1.05E-03,-6.27E-04,5.11E-06,-2.23E-04,1.42E-04,-7.59E-04,-6.88E-04,-2.65E-04,1.79E-04,-4.06E-04,-5.85E-04,-6.12E-04,-6.09E-04,-4.98E-04,-2.85E-04,-7.14E-04,-4.95E-04,-2.03E-04,-1.29E-05
791,-6.98E-04,-1.05E-03,-6.18E-04,1.53E-05,-2.12E-04,1.52E-04,-7.62E-04,-6.72E-04,-2.57E-04,1.91E-04,-3.97E-04,-5.75E-04,-6.09E-04,-5.94E-04,-4.83E-04,-2.73E-04,-7.04E-04,-4.81E-04,-1.97E-04,-6.61E-06
792,-7.07E-04,-1.03E-03,-6.07E-04,2.65E-05,-2.01E-04,1.62E-04,-7.69E-04,-6.56E-04,-2.49E-04,2.02E-04,-3.86E-04,-5.59E-04,-6.07E-04,-5.77E-04,-4.69E-04,-2.60E-04,-6.94E-04,-4.67E-04,-1.91E-04,-8.12E-07
793,-7.17E-04,-1.02E-03,-5.96E-04,3.89E-05,-1.90E-04,1.71E-04,-7.81E-04,-6.40E-04,-2.41E-04,2.13E-04,-3.74E-04,-5.39E-04,-6.04E-04,-5.60E-04,-4.54E-04,-2.46E-04,-6.83E-04,-4.52E-04,-1.85E-04,4.52E-06
794,-7.28E-04,-9.97E-04,-5.83E-04,5.23E-05,-1.80E-04,1.80E-04,-7.95E-04,-6.24E-04,-2.33E-04,2.24E-04,-3.62E-04,-5.17E-04,-6.00E-04,-5.43E-04,-4.40E-04,-2.33E-04,-6.72E-04,-4.37E-04,-1.80E-04,9.44E-06
795,-7.39E-04,-9.74E-04,-5.70E-04,6.69E-05,-1.70E-04,1.89E-04,-8.10E-04,-6.09E-04,-2.24E-04,2.35E-04,-3.48E-04,-4.94E-04,-5.96E-04,-5.24E-04,-4.27E-04,-2.19E-04,-6.60E-04,-4.21E-04,-1.74E-04,1.40E-05
796,-7.51E-04,-9.50E-04,-5.57E-04,8.27E-05,-1.59E-04,1.98E-04,-8.24E-04,-5.94E-04,-2.16E-04,2.45E-04,-3.34E-04,-4.72E-04,-5.90E-04,-5.06E-04,-4.14E-04,-2.05E-04,-6.49E-04,-4.06E-04,-1.68E-04,1.84E-05
797,-7.62E-04,-9.23E-04,-5.43E-04,9.94E-05,-1.49E-04,2.06E-04,-8.36E-04,-5.80E-04,-2.08E-04,2.55E-04,-3.20E-04,-4.52E-04,-5.83E-04,-4.86E-04,-4.01E-04,-1.90E-04,-6.36E-04,-3.90E-04,-1.62E-04,2.26E-05
798,-7.71E-04,-8.94E-04,-5.29E-04,1.17E-04,-1.38E-04,2.15E-04,-8.43E-04,-5.65E-04,-1.99E-04,2.65E-04,-3.05E-04,-4.34E-04,-5.74E-04,-4.66E-04,-3.88E-04,-1.75E-04,-6.24E-04,-3.74E-04,-1.56E-04,2.68E-05
799,-7.78E-04,-8.64E-04,-5.16E-04,1.36E-04,-1.27E-04,2.24E-04,-8.45E-04,-5.51E-04,-1.91E-04,2.74E-04,-2.90E-04,-4.20E-04,-5.64E-04,-4.46E-04,-3.76E-04,-1.60E-04,-6.11E-04,-3.59E-04,-1.50E-04,3.11E-05
800,-7.82E-04,-8.32E-04,-5.04E-04,1.55E-04,-1.16E-04,2.32E-04,-8.40E-04,-5.37E-04,-1.83E-04,2.84E-04,-2.75E-04,-4.08E-04,-5.53E-04,-4.25E-04,-3.63E-04,-1.44E-04,-5.98E-04,-3.43E-04,-1.43E-04,3.57E-05
801,-7.80E-04,-7.99E-04,-4.92E-04,1.75E-04,-1.04E-04,2.41E-04,-8.29E-04,-5.22E-04,-1.74E-04,2.93E-04,-2.60E-04,-4.00E-04,-5.41E-04,-4.04E-04,-3.49E-04,-1.28E-04,-5.84E-04,-3.27E-04,-1.36E-04,4.05E-05
802,-7.71E-04,-7.65E-04,-4.82E-04,1.95E-04,-9.14E-05,2.50E-04,-8.10E-04,-5.07E-04,-1.66E-04,3.01E-04,-2.46E-04,-3.94E-04,-5.27E-04,-3.83E-04,-3.35E-04,-1.11E-04,-5.70E-04,-3.11E-04,-1.29E-04,4.58E-05
803,-7.53E-04,-7.30E-04,-4.72E-04,2.15E-04,-7.81E-05,2.59E-04,-7.84E-04,-4.92E-04,-1.57E-04,3.10E-04,-2.31E-04,-3.91E-04,-5.13E-04,-3.61E-04,-3.21E-04,-9.46E-05,-5.56E-04,-2.95E-04,-1.22E-04,5.15E-05
804,-7.27E-04,-6.94E-04,-4.63E-04,2.36E-04,-6.41E-05,2.68E-04,-7.52E-04,-4.76E-04,-1.49E-04,3.18E-04,-2.17E-04,-3.89E-04,-4.99E-04,-3.39E-04,-3.05E-04,-7.75E-05,-5.43E-04,-2.79E-04,-1.13E-04,5.77E-05
805,-6.90E-04,-6.58E-04,-4.55E-04,2.56E-04,-4.94E-05,2.78E-04,-7.14E-04,-4.60E-04,-1.40E-04,3.26E-04,-2.04E-04,-3.87E-04,-4.84E-04,-3.17E-04,-2.89E-04,-6.01E-05,-5.29E-04,-2.62E-04,-1.05E-04,6.42E-05
806,-6.43E-04,-6.20E-04,-4.46E-04,2.76E-04,-3.39E-05,2.87E-04,-6.73E-04,-4.42E-04,-1.31E-04,3.34E-04,-1.91E-04,-3.86E-04,-4.70E-04,-2.95E-04,-2.72E-04,-4.27E-05,-5.15E-04,-2.45E-04,-9.57E-05,7.10E-05
807,-5.84E-04,-5.82E-04,-4.38E-04,2.95E-04,-1.80E-05,2.97E-04,-6.28E-04,-4.23E-04,-1.22E-04,3.42E-04,-1.78E-04,-3.84E-04,-4.55E-04,-2.73E-04,-2.54E-04,-2.53E-05,-5.01E-04,-2.27E-04,-8.61E-05,7.81E-05
808,-5.16E-04,-5.44E-04,-4.29E-04,3.13E-04,-1.61E-06,3.06E-04,-5.83E-04,-4.03E-04,-1.13E-04,3.49E-04,-1.67E-04,-3.80E-04,-4.40E-04,-2.51E-04,-2.35E-04,-7.95E-06,-4.88E-04,-2.08E-04,-7.61E-05,8.52E-05
809,-4.38E-04,-5.06E-04,-4.19E-04,3.31E-04,1.50E-05,3.15E-04,-5.38E-04,-3.81E-04,-1.04E-04,3.56E-04,-1.56E-04,-3.74E-04,-4.25E-04,-2.29E-04,-2.15E-04,9.11E-06,-4.74E-04,-1.89E-04,-6.58E-05,9.21E-05
810,-3.53E-04,-4.67E-04,-4.08E-04,3.47E-04,3.17E-05,3.24E-04,-4.95E-04,-3.58E-04,-9.45E-05,3.62E-04,-1.46E-04,-3.66E-04,-4.09E-04,-2.08E-04,-1.96E-04,2.58E-05,-4.61E-04,-1.68E-04,-5.51E-05,9.88E-05
811,-2.63E-04,-4.28E-04,-3.95E-04,3.62E-04,4.83E-05,3.33E-04,-4.54E-04,-3.34E-04,-8.54E-05,3.68E-04,-1.37E-04,-3.56E-04,-3.94E-04,-1.87E-04,-1.76E-04,4.19E-05,-4.48E-04,-1.48E-04,-4.43E-05,1.05E-04
812,-1.70E-04,-3.90E-04,-3.80E-04,3.76E-04,6.45E-05,3.41E-04,-4.17E-04,-3.09E-04,-7.64E-05,3.73E-04,-1.29E-04,-3.43E-04,-3.77E-04,-1.67E-04,-1.56E-04,5.73E-05,-4.34E-04,-1.26E-04,-3.34E-05,1.11E-04
813,-7.70E-05,-3.53E-04,-3.64E-04,3.89E-04,8.02E-05,3.48E-04,-3.84E-04,-2.82E-04,-6.76E-05,3.77E-04,-1.23E-04,-3.29E-04,-3.60E-04,-1.48E-04,-1.35E-04,7.19E-05,-4.21E-04,-1.04E-04,-2.26E-05,1.15E-04
814,1.35E-05,-3.17E-04,-3.45E-04,4.01E-04,9.53E-05,3.55E-04,-3.54E-04,-2.55E-04,-5.90E-05,3.81E-04,-1.18E-04,-3.13E-04,-3.41E-04,-1.29E-04,-1.16E-04,8.54E-05,-4.07E-04,-8.23E-05,-1.20E-05,1.19E-04
815,9.84E-05,-2.84E-04,-3.25E-04,4.11E-04,1.10E-04,3.61E-04,-3.28E-04,-2.27E-04,-5.06E-05,3.84E-04,-1.13E-04,-2.95E-04,-3.21E-04,-1.11E-04,-9.63E-05,9.79E-05,-3.92E-04,-6.02E-05,-1.75E-06,1.22E-04
816,1.75E-04,-2.52E-04,-3.03E-04,4.20E-04,1.23E-04,3.66E-04,-3.05E-04,-1.99E-04,-4.26E-05,3.85E-04,-1.10E-04,-2.78E-04,-3.00E-04,-9.37E-05,-7.74E-05,1.09E-04,-3.78E-04,-3.83E-05,8.09E-06,1.23E-04
817,2.42E-04,-2.24E-04,-2.80E-04,4.28E-04,1.35E-04,3.70E-04,-2.84E-04,-1.71E-04,-3.49E-05,3.86E-04,-1.08E-04,-2.60E-04,-2.78E-04,-7.73E-05,-5.92E-05,1.19E-04,-3.62E-04,-1.69E-05,1.74E-05,1.24E-04
818,2.96E-04,-2.00E-04,-2.56E-04,4.35E-04,1.47E-04,3.74E-04,-2.64E-04,-1.43E-04,-2.76E-05,3.86E-04,-1.07E-04,-2.42E-04,-2.54E-04,-6.17E-05,-4.18E-05,1.28E-04,-3.46E-04,3.94E-06,2.62E-05,1.23E-04
819,3.38E-04,-1.79E-04,-2.32E-04,4.41E-04,1.57E-04,3.76E-04,-2.45E-04,-1.16E-04,-2.05E-05,3.85E-04,-1.07E-04,-2.26E-04,-2.30E-04,-4.69E-05,-2.51E-05,1.36E-04,-3.29E-04,2.39E-05,3.44E-05,1.22E-04
820,3.66E-04,-1.63E-04,-2.08E-04,4.46E-04,1.67E-04,3.78E-04,-2.25E-04,-8.98E-05,-1.39E-05,3.83E-04,-1.07E-04,-2.10E-04,-2.05E-04,-3.28E-05,-9.15E-06,1.42E-04,-3.12E-04,4.30E-05,4.20E-05,1.19E-04
821,3.80E-04,-1.52E-04,-1.85E-04,4.51E-04,1.75E-04,3.79E-04,-2.03E-04,-6.45E-05,-7.45E-06,3.80E-04,-1.07E-04,-1.96E-04,-1.80E-04,-1.95E-05,6.00E-06,1.48E-04,-2.95E-04,6.09E-05,4.89E-05,1.16E-04
822,3.81E-04,-1.45E-04,-1.63E-04,4.55E-04,1.83E-04,3.80E-04,-1.79E-04,-4.04E-05,-1.28E-06,3.77E-04,-1.06E-04,-1.83E-04,-1.55E-04,-6.71E-06,2.04E-05,1.52E-04,-2.77E-04,7.77E-05,5.54E-05,1.12E-04
823,3.71E-04,-1.43E-04,-1.43E-04,4.59E-04,1.91E-04,3.80E-04,-1.52E-04,-1.76E-05,4.71E-06,3.73E-04,-1.06E-04,-1.72E-04,-1.31E-04,5.51E-06,3.41E-05,1.55E-04,-2.59E-04,9.33E-05,6.13E-05,1.07E-04
824,3.51E-04,-1.45E-04,-1.25E-04,4.62E-04,1.98E-04,3.80E-04,-1.23E-04,3.86E-06,1.06E-05,3.68E-04,-1.04E-04,-1.62E-04,-1.08E-04,1.73E-05,4.70E-05,1.58E-04,-2.41E-04,1.08E-04,6.68E-05,1.03E-04
825,3.24E-04,-1.51E-04,-1.10E-04,4.66E-04,2.05E-04,3.79E-04,-9.27E-05,2.41E-05,1.64E-05,3.63E-04,-1.01E-04,-1.53E-04,-8.65E-05,2.87E-05,5.93E-05,1.59E-04,-2.24E-04,1.21E-04,7.19E-05,9.78E-05
826,2.92E-04,-1.61E-04,-9.74E-05,4.69E-04,2.12E-04,3.79E-04,-6.06E-05,4.32E-05,2.22E-05,3.57E-04,-9.61E-05,-1.44E-04,-6.67E-05,4.00E-05,7.10E-05,1.61E-04,-2.07E-04,1.33E-04,7.68E-05,9.29E-05
827,2.57E-04,-1.72E-04,-8.71E-05,4.73E-04,2.19E-04,3.78E-04,-2.80E-05,6.13E-05,2.81E-05,3.51E-04,-8.97E-05,-1.37E-04,-4.89E-05,5.10E-05,8.19E-05,1.62E-04,-1.91E-04,1.45E-04,8.14E-05,8.82E-05
828,2.22E-04,-1.85E-04,-7.91E-05,4.77E-04,2.26E-04,3.78E-04,4.00E-06,7.88E-05,3.40E-05,3.45E-04,-8.14E-05,-1.29E-04,-3.32E-05,6.21E-05,9.22E-05,1.62E-04,-1.76E-04,1.55E-04,8.59E-05,8.38E-05
829,1.90E-04,-1.99E-04,-7.32E-05,4.80E-04,2.33E-04,3.77E-04,3.45E-05,9.58E-05,4.01E-05,3.40E-04,-7.11E-05,-1.21E-04,-1.95E-05,7.32E-05,1.02E-04,1.63E-04,-1.61E-04,1.65E-04,9.03E-05,7.96E-05
830,1.61E-04,-2.11E-04,-6.89E-05,4.84E-04,2.40E-04,3.78E-04,6.24E-05,1.13E-04,4.64E-05,3.34E-04,-5.88E-05,-1.13E-04,-7.79E-06,8.44E-05,1.11E-04,1.63E-04,-1.47E-04,1.75E-04,9.46E-05,7.58E-05
831,1.39E-04,-2.22E-04,-6.56E-05,4.89E-04,2.48E-04,3.78E-04,8.69E-05,1.30E-04,5.28E-05,3.28E-04,-4.47E-05,-1.05E-04,2.17E-06,9.57E-05,1.19E-04,1.63E-04,-1.34E-04,1.84E-04,9.89E-05,7.23E-05
832,1.23E-04,-2.30E-04,-6.30E-05,4.93E-04,2.55E-04,3.79E-04,1.07E-04,1.47E-04,5.92E-05,3.23E-04,-2.88E-05,-9.53E-05,1.06E-05,1.07E-04,1.26E-04,1.64E-04,-1.22E-04,1.93E-04,1.03E-04,6.90E-05
833,1.14E-04,-2.33E-04,-6.04E-05,4.97E-04,2.63E-04,3.80E-04,1.24E-04,1.65E-04,6.58E-05,3.18E-04,-1.15E-05,-8.51E-05,1.78E-05,1.19E-04,1.33E-04,1.64E-04,-1.11E-04,2.01E-04,1.07E-04,6.61E-05
834,1.12E-04,-2.33E-04,-5.72E-05,5.01E-04,2.72E-04,3.81E-04,1.36E-04,1.84E-04,7.23E-05,3.14E-04,6.84E-06,-7.39E-05,2.40E-05,1.31E-04,1.39E-04,1.64E-04,-9.99E-05,2.09E-04,1.11E-04,6.32E-05
835,1.17E-04,-2.26E-04,-5.30E-05,5.06E-04,2.80E-04,3.83E-04,1.44E-04,2.03E-04,7.89E-05,3.10E-04,2.59E-05,-6.18E-05,2.96E-05,1.43E-04,1.44E-04,1.64E-04,-8.92E-05,2.17E-04,1.15E-04,6.05E-05
836,1.27E-04,-2.14E-04,-4.73E-05,5.09E-04,2.88E-04,3.85E-04,1.48E-04,2.24E-04,8.53E-05,3.06E-04,4.52E-05,-4.87E-05,3.47E-05,1.55E-04,1.49E-04,1.64E-04,-7.85E-05,2.25E-04,1.18E-04,5.78E-05
837,1.41E-04,-1.96E-04,-3.98E-05,5.12E-04,2.97E-04,3.87E-04,1.51E-04,2.45E-04,9.15E-05,3.03E-04,6.42E-05,-3.46E-05,3.95E-05,1.67E-04,1.53E-04,1.64E-04,-6.77E-05,2.32E-04,1.22E-04,5.51E-05
838,1.59E-04,-1.72E-04,-3.03E-05,5.15E-04,3.05E-04,3.89E-04,1.52E-04,2.67E-04,9.74E-05,3.00E-04,8.26E-05,-1.97E-05,4.41E-05,1.79E-04,1.57E-04,1.64E-04,-5.65E-05,2.39E-04,1.25E-04,5.22E-05
839,1.78E-04,-1.43E-04,-1.87E-05,5.17E-04,3.14E-04,3.92E-04,1.53E-04,2.90E-04,1.03E-04,2.98E-04,9.99E-05,-4.01E-06,4.85E-05,1.90E-04,1.61E-04,1.63E-04,-4.46E-05,2.46E-04,1.28E-04,4.91E-05
840,1.97E-04,-1.09E-04,-4.95E-06,5.18E-04,3.22E-04,3.94E-04,1.56E-04,3.13E-04,1.08E-04,2.96E-04,1.16E-04,1.24E-05,5.26E-05,2.01E-04,1.65E-04,1.62E-04,-3.21E-05,2.52E-04,1.31E-04,4.59E-05
841,2.15E-04,-7.01E-05,1.07E-05,5.18E-04,3.30E-04,3.95E-04,1.62E-04,3.36E-04,1.13E-04,2.94E-04,1.30E-04,2.95E-05,5.64E-05,2.12E-04,1.69E-04,1.60E-04,-1.87E-05,2.58E-04,1.33E-04,4.25E-05
842,2.30E-04,-2.82E-05,2.80E-05,5.17E-04,3.38E-04,3.97E-04,1.71E-04,3.59E-04,1.18E-04,2.92E-04,1.42E-04,4.72E-05,5.96E-05,2.22E-04,1.74E-04,1.57E-04,-4.31E-06,2.64E-04,1.35E-04,3.89E-05
843,2.42E-04,1.60E-05,4.65E-05,5.14E-04,3.45E-04,3.98E-04,1.85E-04,3.81E-04,1.22E-04,2.90E-04,1.52E-04,6.52E-05,6.22E-05,2.31E-04,1.79E-04,1.54E-04,1.10E-05,2.69E-04,1.37E-04,3.52E-05
844,2.51E-04,6.14E-05,6.60E-05,5.10E-04,3.52E-04,3.99E-04,2.03E-04,4.03E-04,1.26E-04,2.89E-04,1.59E-04,8.36E-05,6.40E-05,2.39E-04,1.85E-04,1.51E-04,2.71E-05,2.74E-04,1.39E-04,3.15E-05
845,2.55E-04,1.07E-04,8.59E-05,5.05E-04,3.59E-04,4.00E-04,2.26E-04,4.24E-04,1.30E-04,2.88E-04,1.65E-04,1.02E-04,6.48E-05,2.46E-04,1.91E-04,1.46E-04,4.40E-05,2.78E-04,1.41E-04,2.77E-05
846,2.56E-04,1.52E-04,1.06E-04,4.98E-04,3.65E-04,4.00E-04,2.54E-04,4.43E-04,1.33E-04,2.86E-04,1.68E-04,1.21E-04,6.48E-05,2.52E-04,1.98E-04,1.42E-04,6.16E-05,2.83E-04,1.43E-04,2.39E-05
847,2.54E-04,1.95E-04,1.25E-04,4.89E-04,3.71E-04,3.99E-04,2.84E-04,4.62E-04,1.36E-04,2.85E-04,1.69E-04,1.39E-04,6.40E-05,2.58E-04,2.06E-04,1.36E-04,7.96E-05,2.88E-04,1.46E-04,2.02E-05
848,2.49E-04,2.36E-04,1.44E-04,4.79E-04,3.76E-04,3.98E-04,3.17E-04,4.79E-04,1.40E-04,2.84E-04,1.69E-04,1.57E-04,6.26E-05,2.61E-04,2.15E-04,1.30E-04,9.78E-05,2.93E-04,1.48E-04,1.67E-05
849,2.43E-04,2.74E-04,1.61E-04,4.67E-04,3.81E-04,3.97E-04,3.50E-04,4.94E-04,1.43E-04,2.83E-04,1.67E-04,1.74E-04,6.09E-05,2.64E-04,2.23E-04,1.24E-04,1.16E-04,2.99E-04,1.50E-04,1.33E-05
850,2.36E-04,3.09E-04,1.77E-04,4.53E-04,3.85E-04,3.95E-04,3.82E-04,5.09E-04,1.47E-04,2.81E-04,1.64E-04,1.90E-04,5.93E-05,2.66E-04,2.32E-04,1.17E-04,1.34E-04,3.05E-04,1.53E-04,1.02E-05
851,2.28E-04,3.40E-04,1.91E-04,4.38E-04,3.87E-04,3.92E-04,4.12E-04,5.22E-04,1.50E-04,2.80E-04,1.60E-04,2.06E-04,5.83E-05,2.67E-04,2.40E-04,1.09E-04,1.52E-04,3.12E-04,1.56E-04,7.14E-06
852,2.22E-04,3.68E-04,2.04E-04,4.21E-04,3.89E-04,3.89E-04,4.38E-04,5.34E-04,1.54E-04,2.78E-04,1.56E-04,2.21E-04,5.85E-05,2.67E-04,2.48E-04,1.02E-04,1.69E-04,3.20E-04,1.59E-04,4.26E-06
853,2.16E-04,3.92E-04,2.15E-04,4.03E-04,3.90E-04,3.85E-04,4.59E-04,5.45E-04,1.59E-04,2.76E-04,1.52E-04,2.34E-04,6.03E-05,2.66E-04,2.54E-04,9.37E-05,1.86E-04,3.29E-04,1.62E-04,1.49E-06
854,2.10E-04,4.13E-04,2.25E-04,3.83E-04,3.90E-04,3.81E-04,4.74E-04,5.55E-04,1.63E-04,2.74E-04,1.48E-04,2.46E-04,6.44E-05,2.64E-04,2.59E-04,8.55E-05,2.02E-04,3.38E-04,1.65E-04,-1.24E-06
855,2.06E-04,4.32E-04,2.33E-04,3.62E-04,3.89E-04,3.75E-04,4.82E-04,5.65E-04,1.68E-04,2.72E-04,1.45E-04,2.57E-04,7.10E-05,2.61E-04,2.63E-04,7.72E-05,2.17E-04,3.48E-04,1.67E-04,-3.97E-06
856,2.03E-04,4.48E-04,2.41E-04,3.40E-04,3.87E-04,3.69E-04,4.84E-04,5.75E-04,1.73E-04,2.69E-04,1.42E-04,2.67E-04,8.06E-05,2.58E-04,2.64E-04,6.87E-05,2.31E-04,3.60E-04,1.70E-04,-6.76E-06
857,1.99E-04,4.62E-04,2.47E-04,3.17E-04,3.83E-04,3.62E-04,4.81E-04,5.84E-04,1.78E-04,2.66E-04,1.40E-04,2.76E-04,9.34E-05,2.53E-04,2.63E-04,6.01E-05,2.44E-04,3.71E-04,1.72E-04,-9.68E-06
858,1.95E-04,4.74E-04,2.54E-04,2.93E-04,3.78E-04,3.53E-04,4.73E-04,5.94E-04,1.83E-04,2.62E-04,1.39E-04,2.85E-04,1.09E-04,2.49E-04,2.60E-04,5.16E-05,2.57E-04,3.83E-04,1.74E-04,-1.27E-05
859,1.90E-04,4.85E-04,2.61E-04,2.69E-04,3.72E-04,3.44E-04,4.62E-04,6.03E-04,1.87E-04,2.58E-04,1.40E-04,2.92E-04,1.28E-04,2.44E-04,2.55E-04,4.30E-05,2.69E-04,3.96E-04,1.75E-04,-1.60E-05
860,1.83E-04,4.96E-04,2.68E-04,2.44E-04,3.66E-04,3.33E-04,4.49E-04,6.13E-04,1.92E-04,2.52E-04,1.41E-04,3.00E-04,1.49E-04,2.38E-04,2.47E-04,3.45E-05,2.81E-04,4.08E-04,1.76E-04,-1.94E-05
861,1.74E-04,5.05E-04,2.75E-04,2.18E-04,3.58E-04,3.22E-04,4.36E-04,6.23E-04,1.96E-04,2.47E-04,1.44E-04,3.07E-04,1.72E-04,2.32E-04,2.37E-04,2.62E-05,2.92E-04,4.20E-04,1.76E-04,-2.29E-05
862,1.63E-04,5.15E-04,2.84E-04,1.93E-04,3.49E-04,3.09E-04,4.25E-04,6.33E-04,2.00E-04,2.40E-04,1.49E-04,3.15E-04,1.97E-04,2.26E-04,2.25E-04,1.80E-05,3.04E-04,4.31E-04,1.76E-04,-2.66E-05
863,1.49E-04,5.24E-04,2.94E-04,1.67E-04,3.40E-04,2.96E-04,4.18E-04,6.43E-04,2.03E-04,2.33E-04,1.55E-04,3.23E-04,2.22E-04,2.20E-04,2.11E-04,1.00E-05,3.15E-04,4.42E-04,1.75E-04,-3.02E-05
864,1.34E-04,5.34E-04,3.05E-04,1.42E-04,3.31E-04,2.81E-04,4.16E-04,6.53E-04,2.06E-04,2.25E-04,1.62E-04,3.33E-04,2.47E-04,2.13E-04,1.97E-04,2.44E-06,3.28E-04,4.51E-04,1.73E-04,-3.37E-05
865,1.17E-04,5.43E-04,3.18E-04,1.18E-04,3.21E-04,2.66E-04,4.19E-04,6.63E-04,2.08E-04,2.16E-04,1.70E-04,3.43E-04,2.70E-04,2.06E-04,1.82E-04,-4.75E-06,3.40E-04,4.60E-04,1.70E-04,-3.70E-05
866,9.86E-05,5.53E-04,3.32E-04,9.38E-05,3.11E-04,2.49E-04,4.30E-04,6.72E-04,2.09E-04,2.07E-04,1.80E-04,3.55E-04,2.91E-04,1.99E-04,1.67E-04,-1.14E-05,3.53E-04,4.66E-04,1.67E-04,-3.99E-05
867,8.09E-05,5.63E-04,3.48E-04,7.05E-05,3.02E-04,2.33E-04,4.47E-04,6.81E-04,2.09E-04,1.97E-04,1.91E-04,3.68E-04,3.10E-04,1.92E-04,1.52E-04,-1.75E-05,3.67E-04,4.72E-04,1.64E-04,-4.23E-05
868,6.49E-05,5.73E-04,3.65E-04,4.81E-05,2.92E-04,2.16E-04,4.71E-04,6.89E-04,2.09E-04,1.86E-04,2.02E-04,3.82E-04,3.25E-04,1.85E-04,1.38E-04,-2.29E-05,3.82E-04,4.76E-04,1.60E-04,-4.41E-05
869,5.18E-05,5.84E-04,3.82E-04,2.67E-05,2.83E-04,1.99E-04,5.01E-04,6.96E-04,2.08E-04,1.75E-04,2.14E-04,3.97E-04,3.36E-04,1.78E-04,1.25E-04,-2.76E-05,3.98E-04,4.79E-04,1.57E-04,-4.52E-05
870,4.30E-05,5.95E-04,4.01E-04,6.32E-06,2.74E-04,1.81E-04,5.35E-04,7.03E-04,2.07E-04,1.64E-04,2.27E-04,4.13E-04,3.43E-04,1.71E-04,1.14E-04,-3.14E-05,4.14E-04,4.80E-04,1.53E-04,-4.54E-05
871,3.99E-05,6.07E-04,4.20E-04,-1.30E-05,2.65E-04,1.64E-04,5.72E-04,7.08E-04,2.05E-04,1.52E-04,2.39E-04,4.30E-04,3.47E-04,1.65E-04,1.04E-04,-3.43E-05,4.31E-04,4.80E-04,1.49E-04,-4.47E-05
872,4.35E-05,6.21E-04,4.39E-04,-3.13E-05,2.56E-04,1.47E-04,6.11E-04,7.12E-04,2.02E-04,1.40E-04,2.52E-04,4.47E-04,3.46E-04,1.59E-04,9.57E-05,-3.63E-05,4.49E-04,4.79E-04,1.45E-04,-4.31E-05
873,5.45E-05,6.35E-04,4.58E-04,-4.84E-05,2.48E-04,1.31E-04,6.49E-04,7.15E-04,1.99E-04,1.29E-04,2.63E-04,4.64E-04,3.43E-04,1.54E-04,8.89E-05,-3.73E-05,4.67E-04,4.77E-04,1.42E-04,-4.05E-05
874,7.34E-05,6.51E-04,4.76E-04,-6.46E-05,2.40E-04,1.15E-04,6.86E-04,7.17E-04,1.96E-04,1.17E-04,2.74E-04,4.80E-04,3.37E-04,1.49E-04,8.35E-05,-3.74E-05,4.86E-04,4.74E-04,1.39E-04,-3.70E-05
875,1.00E-04,6.68E-04,4.94E-04,-7.97E-05,2.33E-04,9.98E-05,7.19E-04,7.18E-04,1.93E-04,1.06E-04,2.84E-04,4.96E-04,3.30E-04,1.45E-04,7.92E-05,-3.66E-05,5.05E-04,4.71E-04,1.36E-04,-3.26E-05
876,1.34E-04,6.87E-04,5.11E-04,-9.40E-05,2.26E-04,8.52E-05,7.47E-04,7.18E-04,1.90E-04,9.48E-05,2.93E-04,5.11E-04,3.21E-04,1.41E-04,7.56E-05,-3.48E-05,5.24E-04,4.66E-04,1.34E-04,-2.74E-05
877,1.73E-04,7.08E-04,5.26E-04,-1.07E-04,2.18E-04,7.14E-05,7.70E-04,7.17E-04,1.87E-04,8.41E-05,3.00E-04,5.24E-04,3.12E-04,1.38E-04,7.24E-05,-3.23E-05,5.43E-04,4.62E-04,1.32E-04,-2.15E-05
878,2.17E-04,7.30E-04,5.41E-04,-1.20E-04,2.11E-04,5.83E-05,7.87E-04,7.16E-04,1.83E-04,7.38E-05,3.05E-04,5.37E-04,3.05E-04,1.36E-04,6.92E-05,-2.91E-05,5.61E-04,4.57E-04,1.31E-04,-1.50E-05
879,2.64E-04,7.53E-04,5.54E-04,-1.32E-04,2.04E-04,4.61E-05,7.98E-04,7.14E-04,1.80E-04,6.40E-05,3.08E-04,5.48E-04,2.98E-04,1.34E-04,6.56E-05,-2.52E-05,5.79E-04,4.52E-04,1.30E-04,-8.05E-06
880,3.12E-04,7.78E-04,5.66E-04,-1.43E-04,1.97E-04,3.47E-05,8.05E-04,7.11E-04,1.77E-04,5.46E-05,3.10E-04,5.57E-04,2.94E-04,1.32E-04,6.12E-05,-2.09E-05,5.95E-04,4.47E-04,1.30E-04,-7.36E-07
881,3.58E-04,8.03E-04,5.76E-04,-1.54E-04,1.91E-04,2.42E-05,8.07E-04,7.07E-04,1.74E-04,4.57E-05,3.09E-04,5.66E-04,2.92E-04,1.31E-04,5.58E-05,-1.62E-05,6.11E-04,4.41E-04,1.30E-04,6.83E-06
882,4.00E-04,8.27E-04,5.85E-04,-1.65E-04,1.84E-04,1.45E-05,8.06E-04,7.03E-04,1.71E-04,3.72E-05,3.06E-04,5.73E-04,2.94E-04,1.30E-04,4.90E-05,-1.12E-05,6.25E-04,4.35E-04,1.30E-04,1.45E-05
883,4.37E-04,8.52E-04,5.93E-04,-1.75E-04,1.78E-04,5.61E-06,8.03E-04,6.99E-04,1.68E-04,2.92E-05,3.02E-04,5.80E-04,2.98E-04,1.29E-04,4.09E-05,-6.22E-06,6.37E-04,4.29E-04,1.30E-04,2.23E-05
884,4.67E-04,8.75E-04,6.00E-04,-1.84E-04,1.73E-04,-2.40E-06,8.00E-04,6.94E-04,1.65E-04,2.15E-05,2.96E-04,5.86E-04,3.05E-04,1.27E-04,3.12E-05,-1.21E-06,6.48E-04,4.22E-04,1.31E-04,3.01E-05
885,4.88E-04,8.96E-04,6.06E-04,-1.93E-04,1.67E-04,-9.56E-06,7.98E-04,6.88E-04,1.61E-04,1.43E-05,2.89E-04,5.91E-04,3.15E-04,1.25E-04,2.02E-05,3.66E-06,6.57E-04,4.15E-04,1.32E-04,3.79E-05
886,5.00E-04,9.15E-04,6.11E-04,-2.02E-04,1.63E-04,-1.59E-05,7.98E-04,6.81E-04,1.57E-04,7.36E-06,2.81E-04,5.97E-04,3.27E-04,1.23E-04,7.94E-06,8.28E-06,6.64E-04,4.07E-04,1.33E-04,4.55E-05
887,5.02E-04,9.31E-04,6.16E-04,-2.10E-04,1.59E-04,-2.13E-05,7.99E-04,6.74E-04,1.53E-04,7.50E-07,2.73E-04,6.03E-04,3.40E-04,1.20E-04,-5.26E-06,1.26E-05,6.70E-04,3.98E-04,1.34E-04,5.31E-05
888,4.95E-04,9.43E-04,6.20E-04,-2.17E-04,1.56E-04,-2.58E-05,8.04E-04,6.66E-04,1.49E-04,-5.57E-06,2.64E-04,6.09E-04,3.55E-04,1.16E-04,-1.91E-05,1.65E-05,6.73E-04,3.88E-04,1.35E-04,6.05E-05
889,4.77E-04,9.52E-04,6.23E-04,-2.24E-04,1.54E-04,-2.94E-05,8.11E-04,6.57E-04,1.44E-04,-1.16E-05,2.56E-04,6.15E-04,3.69E-04,1.11E-04,-3.32E-05,1.99E-05,6.74E-04,3.77E-04,1.36E-04,6.78E-05
890,4.51E-04,9.58E-04,6.26E-04,-2.30E-04,1.53E-04,-3.20E-05,8.20E-04,6.46E-04,1.38E-04,-1.74E-05,2.48E-04,6.21E-04,3.84E-04,1.06E-04,-4.72E-05,2.27E-05,6.74E-04,3.64E-04,1.37E-04,7.50E-05
891,4.17E-04,9.60E-04,6.28E-04,-2.35E-04,1.52E-04,-3.38E-05,8.29E-04,6.34E-04,1.33E-04,-2.29E-05,2.41E-04,6.26E-04,3.98E-04,9.95E-05,-6.07E-05,2.50E-05,6.72E-04,3.50E-04,1.37E-04,8.19E-05
892,3.77E-04,9.58E-04,6.30E-04,-2.39E-04,1.53E-04,-3.46E-05,8.38E-04,6.21E-04,1.27E-04,-2.82E-05,2.35E-04,6.31E-04,4.10E-04,9.22E-05,-7.34E-05,2.66E-05,6.67E-04,3.35E-04,1.37E-04,8.86E-05
893,3.32E-04,9.54E-04,6.31E-04,-2.41E-04,1.54E-04,-3.45E-05,8.46E-04,6.07E-04,1.20E-04,-3.32E-05,2.30E-04,6.35E-04,4.22E-04,8.42E-05,-8.49E-05,2.76E-05,6.62E-04,3.17E-04,1.37E-04,9.49E-05
894,2.83E-04,9.48E-04,6.31E-04,-2.43E-04,1.55E-04,-3.36E-05,8.49E-04,5.90E-04,1.13E-04,-3.80E-05,2.26E-04,6.36E-04,4.31E-04,7.54E-05,-9.51E-05,2.78E-05,6.54E-04,2.99E-04,1.36E-04,1.01E-04
895,2.33E-04,9.39E-04,6.30E-04,-2.43E-04,1.57E-04,-3.20E-05,8.47E-04,5.73E-04,1.06E-04,-4.24E-05,2.23E-04,6.36E-04,4.39E-04,6.60E-05,-1.04E-04,2.73E-05,6.45E-04,2.78E-04,1.35E-04,1.06E-04
896,1.82E-04,9.29E-04,6.27E-04,-2.43E-04,1.59E-04,-2.96E-05,8.39E-04,5.53E-04,9.90E-05,-4.66E-05,2.21E-04,6.33E-04,4.45E-04,5.60E-05,-1.11E-04,2.60E-05,6.35E-04,2.56E-04,1.33E-04,1.11E-04
897,1.31E-04,9.17E-04,6.24E-04,-2.41E-04,1.60E-04,-2.67E-05,8.23E-04,5.32E-04,9.15E-05,-5.04E-05,2.19E-04,6.26E-04,4.49E-04,4.56E-05,-1.17E-04,2.39E-05,6.23E-04,2.32E-04,1.30E-04,1.15E-04
898,8.31E-05,9.05E-04,6.18E-04,-2.38E-04,1.62E-04,-2.33E-05,7.98E-04,5.09E-04,8.39E-05,-5.39E-05,2.18E-04,6.16E-04,4.52E-04,3.49E-05,-1.21E-04,2.09E-05,6.10E-04,2.07E-04,1.27E-04,1.19E-04
899,3.73E-05,8.91E-04,6.11E-04,-2.34E-04,1.63E-04,-1.96E-05,7.65E-04,4.84E-04,7.61E-05,-5.71E-05,2.17E-04,6.02E-04,4.55E-04,2.40E-05,-1.24E-04,1.71E-05,5.95E-04,1.81E-04,1.22E-04,1.21E-04
900,-5.65E-06,8.78E-04,6.02E-04,-2.28E-04,1.63E-04,-1.57E-05,7.23E-04,4.58E-04,6.84E-05,-6.00E-05,2.16E-04,5.85E-04,4.56E-04,1.28E-05,-1.26E-04,1.24E-05,5.79E-04,1.54E-04,1.17E-04,1.23E-04
901,-4.55E-05,8.63E-04,5.90E-04,-2.23E-04,1.63E-04,-1.17E-05,6.74E-04,4.30E-04,6.05E-05,-6.26E-05,2.14E-04,5.63E-04,4.58E-04,1.61E-06,-1.27E-04,6.78E-06,5.61E-04,1.25E-04,1.11E-04,1.23E-04
902,-8.23E-05,8.47E-04,5.76E-04,-2.16E-04,1.62E-04,-7.82E-06,6.18E-04,4.01E-04,5.27E-05,-6.50E-05,2.12E-04,5.39E-04,4.59E-04,-9.67E-06,-1.28E-04,3.72E-07,5.42E-04,9.62E-05,1.04E-04,1.23E-04
903,-1.16E-04,8.29E-04,5.60E-04,-2.09E-04,1.60E-04,-4.17E-06,5.58E-04,3.70E-04,4.49E-05,-6.70E-05,2.08E-04,5.11E-04,4.60E-04,-2.10E-05,-1.29E-04,-6.84E-06,5.22E-04,6.68E-05,9.56E-05,1.21E-04
904,-1.48E-04,8.09E-04,5.42E-04,-2.01E-04,1.57E-04,-8.72E-07,4.95E-04,3.39E-04,3.72E-05,-6.89E-05,2.03E-04,4.81E-04,4.61E-04,-3.23E-05,-1.30E-04,-1.48E-05,5.00E-04,3.71E-05,8.69E-05,1.18E-04
905,-1.78E-04,7.86E-04,5.21E-04,-1.92E-04,1.54E-04,1.98E-06,4.32E-04,3.07E-04,2.94E-05,-7.06E-05,1.97E-04,4.49E-04,4.61E-04,-4.36E-05,-1.32E-04,-2.34E-05,4.77E-04,7.60E-06,7.77E-05,1.15E-04
906,-2.07E-04,7.59E-04,4.99E-04,-1.84E-04,1.50E-04,4.30E-06,3.71E-04,2.74E-04,2.17E-05,-7.21E-05,1.89E-04,4.17E-04,4.61E-04,-5.49E-05,-1.34E-04,-3.25E-05,4.52E-04,-2.16E-05,6.79E-05,1.11E-04
907,-2.34E-04,7.29E-04,4.74E-04,-1.75E-04,1.45E-04,6.04E-06,3.14E-04,2.40E-04,1.41E-05,-7.36E-05,1.80E-04,3.84E-04,4.60E-04,-6.62E-05,-1.36E-04,-4.20E-05,4.25E-04,-5.02E-05,5.79E-05,1.06E-04
908,-2.61E-04,6.93E-04,4.48E-04,-1.66E-04,1.41E-04,7.14E-06,2.63E-04,2.07E-04,6.52E-06,-7.51E-05,1.69E-04,3.53E-04,4.58E-04,-7.76E-05,-1.39E-04,-5.17E-05,3.97E-04,-7.80E-05,4.78E-05,1.01E-04
909,-2.88E-04,6.53E-04,4.21E-04,-1.57E-04,1.36E-04,7.60E-06,2.19E-04,1.73E-04,-1.02E-06,-7.66E-05,1.57E-04,3.24E-04,4.54E-04,-8.89E-05,-1.43E-04,-6.15E-05,3.68E-04,-1.05E-04,3.78E-05,9.52E-05
910,-3.15E-04,6.08E-04,3.93E-04,-1.48E-04,1.32E-04,7.40E-06,1.84E-04,1.40E-04,-8.51E-06,-7.83E-05,1.44E-04,2.98E-04,4.48E-04,-1.00E-04,-1.46E-04,-7.12E-05,3.37E-04,-1.30E-04,2.80E-05,8.95E-05
911,-3.41E-04,5.58E-04,3.64E-04,-1.39E-04,1.27E-04,6.58E-06,1.58E-04,1.07E-04,-1.60E-05,-8.01E-05,1.31E-04,2.75E-04,4.39E-04,-1.11E-04,-1.51E-04,-8.07E-05,3.05E-04,-1.55E-04,1.86E-05,8.40E-05
912,-3.66E-04,5.04E-04,3.34E-04,-1.30E-04,1.23E-04,5.14E-06,1.40E-04,7.51E-05,-2.33E-05,-8.21E-05,1.16E-04,2.57E-04,4.27E-04,-1.23E-04,-1.55E-04,-8.99E-05,2.73E-04,-1.78E-04,9.84E-06,7.85E-05
913,-3.90E-04,4.47E-04,3.04E-04,-1.22E-04,1.19E-04,3.14E-06,1.30E-04,4.38E-05,-3.07E-05,-8.44E-05,1.01E-04,2.42E-04,4.12E-04,-1.34E-04,-1.59E-04,-9.85E-05,2.40E-04,-1.99E-04,1.73E-06,7.33E-05
914,-4.12E-04,3.87E-04,2.73E-04,-1.13E-04,1.15E-04,5.89E-07,1.27E-04,1.36E-05,-3.80E-05,-8.70E-05,8.56E-05,2.31E-04,3.93E-04,-1.45E-04,-1.63E-04,-1.06E-04,2.06E-04,-2.19E-04,-5.63E-06,6.83E-05
915,-4.32E-04,3.25E-04,2.43E-04,-1.05E-04,1.12E-04,-2.47E-06,1.28E-04,-1.55E-05,-4.52E-05,-8.99E-05,6.97E-05,2.24E-04,3.69E-04,-1.55E-04,-1.66E-04,-1.14E-04,1.72E-04,-2.38E-04,-1.22E-05,6.36E-05
916,-4.50E-04,2.62E-04,2.13E-04,-9.79E-05,1.09E-04,-6.01E-06,1.32E-04,-4.32E-05,-5.24E-05,-9.33E-05,5.37E-05,2.21E-04,3.43E-04,-1.66E-04,-1.70E-04,-1.21E-04,1.39E-04,-2.55E-04,-1.80E-05,5.90E-05
917,-4.64E-04,2.01E-04,1.83E-04,-9.11E-05,1.05E-04,-1.00E-05,1.38E-04,-6.96E-05,-5.96E-05,-9.72E-05,3.75E-05,2.20E-04,3.12E-04,-1.76E-04,-1.72E-04,-1.27E-04,1.06E-04,-2.71E-04,-2.31E-05,5.45E-05
918,-4.76E-04,1.41E-04,1.53E-04,-8.50E-05,1.01E-04,-1.45E-05,1.41E-04,-9.45E-05,-6.68E-05,-1.02E-04,2.11E-05,2.21E-04,2.78E-04,-1.86E-04,-1.75E-04,-1.32E-04,7.36E-05,-2.86E-04,-2.77E-05,4.99E-05
919,-4.83E-04,8.44E-05,1.24E-04,-8.00E-05,9.72E-05,-1.94E-05,1.41E-04,-1.18E-04,-7.40E-05,-1.06E-04,4.58E-06,2.22E-04,2.42E-04,-1.96E-04,-1.77E-04,-1.37E-04,4.23E-05,-3.00E-04,-3.17E-05,4.49E-05
920,-4.88E-04,3.15E-05,9.48E-05,-7.61E-05,9.22E-05,-2.48E-05,1.36E-04,-1.40E-04,-8.13E-05,-1.12E-04,-1.22E-05,2.24E-04,2.03E-04,-2.06E-04,-1.78E-04,-1.42E-04,1.22E-05,-3.13E-04,-3.54E-05,3.95E-05
921,-4.89E-04,-1.70E-05,6.58E-05,-7.35E-05,8.63E-05,-3.06E-05,1.25E-04,-1.60E-04,-8.86E-05,-1.18E-04,-2.91E-05,2.24E-04,1.63E-04,-2.16E-04,-1.80E-04,-1.47E-04,-1.65E-05,-3.26E-04,-3.89E-05,3.34E-05
922,-4.87E-04,-6.07E-05,3.70E-05,-7.24E-05,7.92E-05,-3.70E-05,1.06E-04,-1.79E-04,-9.61E-05,-1.24E-04,-4.64E-05,2.21E-04,1.22E-04,-2.25E-04,-1.82E-04,-1.52E-04,-4.39E-05,-3.38E-04,-4.24E-05,2.65E-05
923,-4.83E-04,-9.95E-05,8.42E-06,-7.29E-05,7.08E-05,-4.39E-05,7.79E-05,-1.97E-04,-1.04E-04,-1.31E-04,-6.38E-05,2.15E-04,8.02E-05,-2.35E-04,-1.85E-04,-1.57E-04,-6.97E-05,-3.49E-04,-4.61E-05,1.85E-05
924,-4.77E-04,-1.34E-04,-2.00E-05,-7.52E-05,6.11E-05,-5.13E-05,4.21E-05,-2.14E-04,-1.11E-04,-1.39E-04,-8.15E-05,2.05E-04,3.91E-05,-2.45E-04,-1.88E-04,-1.62E-04,-9.41E-05,-3.61E-04,-5.02E-05,9.41E-06
925,-4.71E-04,-1.64E-04,-4.81E-05,-7.92E-05,5.00E-05,-5.92E-05,-1.67E-06,-2.29E-04,-1.19E-04,-1.46E-04,-9.93E-05,1.91E-04,-8.27E-07,-2.55E-04,-1.93E-04,-1.69E-04,-1.17E-04,-3.72E-04,-5.46E-05,-8.71E-07
926,-4.64E-04,-1.91E-04,-7.58E-05,-8.49E-05,3.75E-05,-6.76E-05,-5.24E-05,-2.44E-04,-1.27E-04,-1.55E-04,-1.17E-04,1.71E-04,-3.92E-05,-2.65E-04,-1.98E-04,-1.76E-04,-1.39E-04,-3.83E-04,-5.96E-05,-1.23E-05
927,-4.59E-04,-2.16E-04,-1.03E-04,-9.24E-05,2.39E-05,-7.65E-05,-1.09E-04,-2.57E-04,-1.35E-04,-1.63E-04,-1.35E-04,1.47E-04,-7.56E-05,-2.75E-04,-2.05E-04,-1.84E-04,-1.59E-04,-3.94E-04,-6.51E-05,-2.49E-05
928,-4.56E-04,-2.39E-04,-1.30E-04,-1.01E-04,9.24E-06,-8.58E-05,-1.69E-04,-2.70E-04,-1.44E-04,-1.71E-04,-1.52E-04,1.19E-04,-1.10E-04,-2.86E-04,-2.12E-04,-1.93E-04,-1.79E-04,-4.05E-04,-7.12E-05,-3.85E-05
929,-4.56E-04,-2.62E-04,-1.56E-04,-1.12E-04,-6.17E-06,-9.55E-05,-2.32E-04,-2.83E-04,-1.52E-04,-1.80E-04,-1.68E-04,8.57E-05,-1.41E-04,-2.97E-04,-2.21E-04,-2.03E-04,-1.98E-04,-4.16E-04,-7.78E-05,-5.29E-05
930,-4.58E-04,-2.85E-04,-1.81E-04,-1.23E-04,-2.21E-05,-1.05E-04,-2.94E-04,-2.95E-04,-1.60E-04,-1.88E-04,-1.84E-04,4.95E-05,-1.70E-04,-3.08E-04,-2.31E-04,-2.14E-04,-2.16E-04,-4.27E-04,-8.49E-05,-6.78E-05
931,-4.64E-04,-3.10E-04,-2.05E-04,-1.36E-04,-3.81E-05,-1.15E-04,-3.55E-04,-3.07E-04,-1.68E-04,-1.96E-04,-1.98E-04,1.07E-05,-1.95E-04,-3.19E-04,-2.42E-04,-2.26E-04,-2.33E-04,-4.37E-04,-9.24E-05,-8.31E-05
932,-4.74E-04,-3.37E-04,-2.28E-04,-1.48E-04,-5.40E-05,-1.25E-04,-4.12E-04,-3.19E-04,-1.76E-04,-2.04E-04,-2.11E-04,-2.94E-05,-2.19E-04,-3.31E-04,-2.53E-04,-2.39E-04,-2.51E-04,-4.47E-04,-1.00E-04,-9.83E-05
933,-4.88E-04,-3.67E-04,-2.49E-04,-1.61E-04,-6.94E-05,-1.35E-04,-4.64E-04,-3.30E-04,-1.83E-04,-2.11E-04,-2.22E-04,-7.00E-05,-2.39E-04,-3.42E-04,-2.64E-04,-2.53E-04,-2.68E-04,-4.57E-04,-1.08E-04,-1.13E-04
934,-5.05E-04,-3.98E-04,-2.69E-04,-1.74E-04,-8.40E-05,-1.45E-04,-5.10E-04,-3.42E-04,-1.89E-04,-2.17E-04,-2.31E-04,-1.10E-04,-2.58E-04,-3.53E-04,-2.75E-04,-2.66E-04,-2.84E-04,-4.66E-04,-1.16E-04,-1.28E-04
935,-5.26E-04,-4.31E-04,-2.87E-04,-1.86E-04,-9.76E-05,-1.54E-04,-5.48E-04,-3.54E-04,-1.95E-04,-2.22E-04,-2.38E-04,-1.48E-04,-2.74E-04,-3.63E-04,-2.86E-04,-2.80E-04,-3.01E-04,-4.74E-04,-1.23E-04,-1.41E-04
936,-5.48E-04,-4.66E-04,-3.03E-04,-1.98E-04,-1.10E-04,-1.62E-04,-5.77E-04,-3.66E-04,-2.01E-04,-2.26E-04,-2.42E-04,-1.83E-04,-2.88E-04,-3.72E-04,-2.96E-04,-2.94E-04,-3.17E-04,-4.82E-04,-1.30E-04,-1.54E-04
937,-5.72E-04,-5.01E-04,-3.17E-04,-2.08E-04,-1.21E-04,-1.70E-04,-5.99E-04,-3.77E-04,-2.05E-04,-2.29E-04,-2.45E-04,-2.15E-04,-3.01E-04,-3.81E-04,-3.05E-04,-3.07E-04,-3.33E-04,-4.89E-04,-1.37E-04,-1.65E-04
938,-5.97E-04,-5.34E-04,-3.30E-04,-2.18E-04,-1.31E-04,-1.76E-04,-6.13E-04,-3.89E-04,-2.08E-04,-2.31E-04,-2.46E-04,-2.42E-04,-3.12E-04,-3.88E-04,-3.12E-04,-3.19E-04,-3.49E-04,-4.94E-04,-1.43E-04,-1.74E-04
939,-6.21E-04,-5.66E-04,-3.41E-04,-2.25E-04,-1.39E-04,-1.82E-04,-6.20E-04,-4.01E-04,-2.11E-04,-2.31E-04,-2.45E-04,-2.65E-04,-3.22E-04,-3.94E-04,-3.18E-04,-3.31E-04,-3.64E-04,-4.99E-04,-1.48E-04,-1.83E-04
940,-6.44E-04,-5.95E-04,-3.51E-04,-2.32E-04,-1.46E-04,-1.86E-04,-6.21E-04,-4.12E-04,-2.12E-04,-2.30E-04,-2.42E-04,-2.83E-04,-3.32E-04,-3.99E-04,-3.22E-04,-3.41E-04,-3.79E-04,-5.03E-04,-1.53E-04,-1.89E-04
941,-6.65E-04,-6.19E-04,-3.60E-04,-2.37E-04,-1.52E-04,-1.90E-04,-6.18E-04,-4.23E-04,-2.12E-04,-2.28E-04,-2.38E-04,-2.96E-04,-3.41E-04,-4.02E-04,-3.25E-04,-3.50E-04,-3.92E-04,-5.05E-04,-1.57E-04,-1.95E-04
942,-6.82E-04,-6.37E-04,-3.67E-04,-2.41E-04,-1.57E-04,-1.92E-04,-6.10E-04,-4.34E-04,-2.12E-04,-2.24E-04,-2.33E-04,-3.06E-04,-3.50E-04,-4.03E-04,-3.27E-04,-3.58E-04,-4.05E-04,-5.07E-04,-1.60E-04,-1.98E-04
943,-6.95E-04,-6.49E-04,-3.74E-04,-2.44E-04,-1.61E-04,-1.93E-04,-6.02E-04,-4.43E-04,-2.10E-04,-2.19E-04,-2.28E-04,-3.11E-04,-3.58E-04,-4.04E-04,-3.27E-04,-3.64E-04,-4.16E-04,-5.07E-04,-1.62E-04,-2.01E-04
944,-7.02E-04,-6.55E-04,-3.80E-04,-2.46E-04,-1.65E-04,-1.93E-04,-5.92E-04,-4.52E-04,-2.07E-04,-2.13E-04,-2.22E-04,-3.13E-04,-3.66E-04,-4.03E-04,-3.26E-04,-3.69E-04,-4.26E-04,-5.06E-04,-1.64E-04,-2.02E-04
945,-7.04E-04,-6.54E-04,-3.86E-04,-2.47E-04,-1.69E-04,-1.93E-04,-5.83E-04,-4.60E-04,-2.04E-04,-2.06E-04,-2.17E-04,-3.12E-04,-3.75E-04,-4.00E-04,-3.24E-04,-3.72E-04,-4.35E-04,-5.04E-04,-1.66E-04,-2.03E-04
946,-6.99E-04,-6.46E-04,-3.91E-04,-2.48E-04,-1.72E-04,-1.92E-04,-5.77E-04,-4.67E-04,-2.01E-04,-1.98E-04,-2.12E-04,-3.09E-04,-3.84E-04,-3.97E-04,-3.22E-04,-3.74E-04,-4.42E-04,-5.01E-04,-1.67E-04,-2.02E-04
947,-6.88E-04,-6.32E-04,-3.96E-04,-2.49E-04,-1.76E-04,-1.90E-04,-5.72E-04,-4.72E-04,-1.96E-04,-1.90E-04,-2.08E-04,-3.05E-04,-3.93E-04,-3.93E-04,-3.20E-04,-3.75E-04,-4.47E-04,-4.96E-04,-1.68E-04,-2.01E-04
948,-6.70E-04,-6.14E-04,-4.00E-04,-2.50E-04,-1.80E-04,-1.88E-04,-5.71E-04,-4.75E-04,-1.92E-04,-1.81E-04,-2.05E-04,-3.01E-04,-4.02E-04,-3.89E-04,-3.17E-04,-3.75E-04,-4.51E-04,-4.91E-04,-1.68E-04,-1.99E-04
949,-6.47E-04,-5.92E-04,-4.04E-04,-2.51E-04,-1.84E-04,-1.85E-04,-5.74E-04,-4.77E-04,-1.88E-04,-1.72E-04,-2.03E-04,-2.97E-04,-4.12E-04,-3.85E-04,-3.15E-04,-3.74E-04,-4.53E-04,-4.84E-04,-1.68E-04,-1.97E-04
950,-6.17E-04,-5.68E-04,-4.08E-04,-2.53E-04,-1.88E-04,-1.83E-04,-5.80E-04,-4.77E-04,-1.83E-04,-1.64E-04,-2.03E-04,-2.94E-04,-4.23E-04,-3.80E-04,-3.14E-04,-3.72E-04,-4.54E-04,-4.77E-04,-1.67E-04,-1.94E-04
951,-5.83E-04,-5.43E-04,-4.12E-04,-2.55E-04,-1.93E-04,-1.81E-04,-5.90E-04,-4.76E-04,-1.79E-04,-1.55E-04,-2.03E-04,-2.92E-04,-4.34E-04,-3.76E-04,-3.13E-04,-3.70E-04,-4.53E-04,-4.68E-04,-1.66E-04,-1.92E-04
952,-5.45E-04,-5.20E-04,-4.14E-04,-2.58E-04,-1.98E-04,-1.80E-04,-6.02E-04,-4.73E-04,-1.74E-04,-1.47E-04,-2.05E-04,-2.91E-04,-4.45E-04,-3.71E-04,-3.12E-04,-3.67E-04,-4.51E-04,-4.59E-04,-1.65E-04,-1.88E-04
953,-5.04E-04,-4.99E-04,-4.16E-04,-2.61E-04,-2.04E-04,-1.79E-04,-6.15E-04,-4.68E-04,-1.71E-04,-1.39E-04,-2.08E-04,-2.91E-04,-4.57E-04,-3.68E-04,-3.12E-04,-3.65E-04,-4.48E-04,-4.48E-04,-1.64E-04,-1.84E-04
954,-4.62E-04,-4.83E-04,-4.16E-04,-2.65E-04,-2.09E-04,-1.78E-04,-6.30E-04,-4.61E-04,-1.67E-04,-1.32E-04,-2.12E-04,-2.93E-04,-4.69E-04,-3.64E-04,-3.12E-04,-3.61E-04,-4.44E-04,-4.37E-04,-1.62E-04,-1.80E-04
955,-4.20E-04,-4.71E-04,-4.15E-04,-2.69E-04,-2.14E-04,-1.79E-04,-6.44E-04,-4.53E-04,-1.63E-04,-1.26E-04,-2.16E-04,-2.95E-04,-4.81E-04,-3.61E-04,-3.13E-04,-3.58E-04,-4.40E-04,-4.25E-04,-1.59E-04,-1.75E-04
956,-3.79E-04,-4.64E-04,-4.13E-04,-2.72E-04,-2.19E-04,-1.80E-04,-6.56E-04,-4.44E-04,-1.60E-04,-1.20E-04,-2.21E-04,-2.98E-04,-4.92E-04,-3.58E-04,-3.13E-04,-3.55E-04,-4.34E-04,-4.12E-04,-1.56E-04,-1.70E-04
957,-3.41E-04,-4.63E-04,-4.09E-04,-2.76E-04,-2.23E-04,-1.81E-04,-6.66E-04,-4.34E-04,-1.57E-04,-1.15E-04,-2.26E-04,-3.02E-04,-5.03E-04,-3.56E-04,-3.13E-04,-3.51E-04,-4.28E-04,-3.99E-04,-1.53E-04,-1.64E-04
958,-3.07E-04,-4.68E-04,-4.03E-04,-2.79E-04,-2.26E-04,-1.83E-04,-6.73E-04,-4.23E-04,-1.54E-04,-1.10E-04,-2.31E-04,-3.05E-04,-5.13E-04,-3.53E-04,-3.12E-04,-3.47E-04,-4.22E-04,-3.86E-04,-1.49E-04,-1.57E-04
959,-2.77E-04,-4.77E-04,-3.94E-04,-2.82E-04,-2.28E-04,-1.85E-04,-6.75E-04,-4.12E-04,-1.51E-04,-1.07E-04,-2.36E-04,-3.08E-04,-5.21E-04,-3.49E-04,-3.10E-04,-3.43E-04,-4.16E-04,-3.72E-04,-1.44E-04,-1.49E-04
960,-2.53E-04,-4.90E-04,-3.84E-04,-2.84E-04,-2.29E-04,-1.87E-04,-6.72E-04,-4.00E-04,-1.47E-04,-1.03E-04,-2.39E-04,-3.11E-04,-5.28E-04,-3.45E-04,-3.07E-04,-3.39E-04,-4.09E-04,-3.58E-04,-1.38E-04,-1.41E-04
961,-2.36E-04,-5.05E-04,-3.73E-04,-2.85E-04,-2.29E-04,-1.90E-04,-6.63E-04,-3.87E-04,-1.44E-04,-1.00E-04,-2.43E-04,-3.12E-04,-5.32E-04,-3.41E-04,-3.02E-04,-3.34E-04,-4.02E-04,-3.45E-04,-1.32E-04,-1.32E-04
962,-2.25E-04,-5.21E-04,-3.59E-04,-2.85E-04,-2.27E-04,-1.92E-04,-6.48E-04,-3.75E-04,-1.40E-04,-9.71E-05,-2.45E-04,-3.13E-04,-5.35E-04,-3.35E-04,-2.96E-04,-3.29E-04,-3.95E-04,-3.31E-04,-1.26E-04,-1.22E-04
963,-2.20E-04,-5.36E-04,-3.44E-04,-2.84E-04,-2.25E-04,-1.93E-04,-6.29E-04,-3.62E-04,-1.35E-04,-9.42E-05,-2.45E-04,-3.12E-04,-5.34E-04,-3.27E-04,-2.88E-04,-3.24E-04,-3.88E-04,-3.19E-04,-1.18E-04,-1.12E-04
964,-2.22E-04,-5.48E-04,-3.29E-04,-2.81E-04,-2.21E-04,-1.94E-04,-6.04E-04,-3.49E-04,-1.30E-04,-9.14E-05,-2.45E-04,-3.10E-04,-5.31E-04,-3.19E-04,-2.79E-04,-3.17E-04,-3.81E-04,-3.07E-04,-1.11E-04,-1.01E-04
965,-2.29E-04,-5.56E-04,-3.12E-04,-2.78E-04,-2.17E-04,-1.95E-04,-5.74E-04,-3.37E-04,-1.24E-04,-8.84E-05,-2.43E-04,-3.08E-04,-5.25E-04,-3.09E-04,-2.68E-04,-3.11E-04,-3.75E-04,-2.95E-04,-1.03E-04,-9.04E-05
966,-2.41E-04,-5.59E-04,-2.96E-04,-2.74E-04,-2.11E-04,-1.94E-04,-5.41E-04,-3.24E-04,-1.18E-04,-8.54E-05,-2.40E-04,-3.04E-04,-5.17E-04,-2.97E-04,-2.56E-04,-3.03E-04,-3.68E-04,-2.84E-04,-9.51E-05,-7.96E-05
967,-2.57E-04,-5.55E-04,-2.79E-04,-2.68E-04,-2.05E-04,-1.93E-04,-5.06E-04,-3.11E-04,-1.11E-04,-8.21E-05,-2.35E-04,-3.00E-04,-5.05E-04,-2.84E-04,-2.42E-04,-2.95E-04,-3.61E-04,-2.74E-04,-8.71E-05,-6.88E-05
968,-2.76E-04,-5.44E-04,-2.63E-04,-2.62E-04,-1.99E-04,-1.91E-04,-4.69E-04,-2.98E-04,-1.04E-04,-7.87E-05,-2.29E-04,-2.96E-04,-4.92E-04,-2.70E-04,-2.27E-04,-2.86E-04,-3.54E-04,-2.65E-04,-7.92E-05,-5.84E-05
969,-2.96E-04,-5.26E-04,-2.48E-04,-2.55E-04,-1.93E-04,-1.88E-04,-4.32E-04,-2.85E-04,-9.67E-05,-7.53E-05,-2.21E-04,-2.91E-04,-4.76E-04,-2.55E-04,-2.12E-04,-2.77E-04,-3.47E-04,-2.56E-04,-7.13E-05,-4.83E-05
970,-3.15E-04,-5.01E-04,-2.34E-04,-2.48E-04,-1.87E-04,-1.85E-04,-3.96E-04,-2.71E-04,-8.89E-05,-7.17E-05,-2.12E-04,-2.87E-04,-4.58E-04,-2.39E-04,-1.97E-04,-2.67E-04,-3.39E-04,-2.48E-04,-6.38E-05,-3.89E-05
971,-3.34E-04,-4.69E-04,-2.22E-04,-2.41E-04,-1.81E-04,-1.81E-04,-3.61E-04,-2.57E-04,-8.10E-05,-6.83E-05,-2.02E-04,-2.83E-04,-4.40E-04,-2.22E-04,-1.81E-04,-2.57E-04,-3.32E-04,-2.40E-04,-5.66E-05,-3.00E-05
972,-3.49E-04,-4.33E-04,-2.12E-04,-2.33E-04,-1.76E-04,-1.77E-04,-3.29E-04,-2.42E-04,-7.30E-05,-6.50E-05,-1.91E-04,-2.79E-04,-4.21E-04,-2.05E-04,-1.66E-04,-2.46E-04,-3.25E-04,-2.33E-04,-4.97E-05,-2.19E-05
973,-3.61E-04,-3.92E-04,-2.03E-04,-2.25E-04,-1.71E-04,-1.73E-04,-3.00E-04,-2.27E-04,-6.52E-05,-6.21E-05,-1.79E-04,-2.76E-04,-4.02E-04,-1.88E-04,-1.52E-04,-2.35E-04,-3.17E-04,-2.25E-04,-4.32E-05,-1.44E-05
974,-3.68E-04,-3.48E-04,-1.96E-04,-2.18E-04,-1.67E-04,-1.68E-04,-2.75E-04,-2.10E-04,-5.75E-05,-5.96E-05,-1.66E-04,-2.72E-04,-3.83E-04,-1.71E-04,-1.38E-04,-2.24E-04,-3.10E-04,-2.18E-04,-3.70E-05,-7.58E-06
975,-3.70E-04,-3.04E-04,-1.90E-04,-2.10E-04,-1.63E-04,-1.64E-04,-2.54E-04,-1.93E-04,-5.01E-05,-5.75E-05,-1.52E-04,-2.69E-04,-3.66E-04,-1.54E-04,-1.26E-04,-2.12E-04,-3.02E-04,-2.10E-04,-3.12E-05,-1.32E-06
976,-3.66E-04,-2.61E-04,-1.86E-04,-2.02E-04,-1.60E-04,-1.60E-04,-2.36E-04,-1.75E-04,-4.31E-05,-5.61E-05,-1.39E-04,-2.65E-04,-3.51E-04,-1.38E-04,-1.14E-04,-2.00E-04,-2.94E-04,-2.01E-04,-2.57E-05,4.46E-06
977,-3.56E-04,-2.20E-04,-1.83E-04,-1.94E-04,-1.57E-04,-1.57E-04,-2.22E-04,-1.56E-04,-3.65E-05,-5.53E-05,-1.25E-04,-2.61E-04,-3.37E-04,-1.23E-04,-1.03E-04,-1.89E-04,-2.86E-04,-1.92E-04,-2.03E-05,9.91E-06
978,-3.40E-04,-1.82E-04,-1.81E-04,-1.87E-04,-1.55E-04,-1.54E-04,-2.12E-04,-1.37E-04,-3.02E-05,-5.52E-05,-1.11E-04,-2.56E-04,-3.25E-04,-1.08E-04,-9.37E-05,-1.77E-04,-2.77E-04,-1.82E-04,-1.50E-05,1.52E-05
979,-3.20E-04,-1.50E-04,-1.78E-04,-1.79E-04,-1.53E-04,-1.51E-04,-2.03E-04,-1.16E-04,-2.43E-05,-5.56E-05,-9.75E-05,-2.50E-04,-3.16E-04,-9.44E-05,-8.48E-05,-1.65E-04,-2.69E-04,-1.71E-04,-9.79E-06,2.04E-05
980,-2.96E-04,-1.23E-04,-1.76E-04,-1.71E-04,-1.51E-04,-1.50E-04,-1.97E-04,-9.58E-05,-1.87E-05,-5.67E-05,-8.49E-05,-2.43E-04,-3.09E-04,-8.12E-05,-7.65E-05,-1.53E-04,-2.60E-04,-1.59E-04,-4.44E-06,2.58E-05
981,-2.68E-04,-1.01E-04,-1.73E-04,-1.63E-04,-1.49E-04,-1.48E-04,-1.91E-04,-7.50E-05,-1.33E-05,-5.82E-05,-7.33E-05,-2.34E-04,-3.03E-04,-6.87E-05,-6.85E-05,-1.41E-04,-2.50E-04,-1.45E-04,1.11E-06,3.13E-05
982,-2.39E-04,-8.57E-05,-1.69E-04,-1.55E-04,-1.46E-04,-1.47E-04,-1.86E-04,-5.41E-05,-8.12E-06,-6.01E-05,-6.28E-05,-2.24E-04,-3.00E-04,-5.65E-05,-6.08E-05,-1.29E-04,-2.41E-04,-1.31E-04,6.93E-06,3.73E-05
983,-2.09E-04,-7.55E-05,-1.64E-04,-1.47E-04,-1.43E-04,-1.46E-04,-1.80E-04,-3.33E-05,-2.99E-06,-6.21E-05,-5.35E-05,-2.12E-04,-2.98E-04,-4.46E-05,-5.29E-05,-1.17E-04,-2.31E-04,-1.15E-04,1.31E-05,4.37E-05
984,-1.78E-04,-6.99E-05,-1.58E-04,-1.40E-04,-1.38E-04,-1.45E-04,-1.73E-04,-1.28E-05,2.15E-06,-6.42E-05,-4.57E-05,-1.98E-04,-2.96E-04,-3.28E-05,-4.46E-05,-1.04E-04,-2.20E-04,-9.89E-05,1.97E-05,5.05E-05
985,-1.50E-04,-6.78E-05,-1.49E-04,-1.32E-04,-1.33E-04,-1.43E-04,-1.64E-04,7.15E-06,7.39E-06,-6.62E-05,-3.94E-05,-1.83E-04,-2.95E-04,-2.10E-05,-3.58E-05,-9.18E-05,-2.09E-04,-8.14E-05,2.67E-05,5.78E-05
986,-1.23E-04,-6.82E-05,-1.39E-04,-1.24E-04,-1.26E-04,-1.42E-04,-1.53E-04,2.65E-05,1.28E-05,-6.80E-05,-3.45E-05,-1.67E-04,-2.94E-04,-8.92E-06,-2.63E-05,-7.93E-05,-1.98E-04,-6.32E-05,3.41E-05,6.56E-05
987,-9.94E-05,-6.96E-05,-1.27E-04,-1.16E-04,-1.18E-04,-1.40E-04,-1.40E-04,4.50E-05,1.83E-05,-6.95E-05,-3.09E-05,-1.50E-04,-2.91E-04,3.48E-06,-1.59E-05,-6.67E-05,-1.86E-04,-4.45E-05,4.19E-05,7.37E-05
988,-7.89E-05,-7.09E-05,-1.13E-04,-1.08E-04,-1.08E-04,-1.37E-04,-1.24E-04,6.27E-05,2.41E-05,-7.07E-05,-2.85E-05,-1.32E-04,-2.87E-04,1.63E-05,-4.58E-06,-5.42E-05,-1.74E-04,-2.53E-05,5.00E-05,8.20E-05
989,-6.16E-05,-7.07E-05,-9.76E-05,-1.01E-04,-9.78E-05,-1.34E-04,-1.07E-04,7.95E-05,2.99E-05,-7.15E-05,-2.71E-05,-1.13E-04,-2.82E-04,2.95E-05,7.60E-06,-4.16E-05,-1.62E-04,-6.12E-06,5.83E-05,9.05E-05
990,-4.75E-05,-6.79E-05,-8.08E-05,-9.34E-05,-8.64E-05,-1.30E-04,-8.84E-05,9.54E-05,3.59E-05,-7.20E-05,-2.63E-05,-9.53E-05,-2.74E-04,4.31E-05,2.06E-05,-2.92E-05,-1.50E-04,1.30E-05,6.68E-05,9.89E-05
991,-3.60E-05,-6.19E-05,-6.29E-05,-8.64E-05,-7.41E-05,-1.26E-04,-6.90E-05,1.10E-04,4.19E-05,-7.22E-05,-2.59E-05,-7.74E-05,-2.64E-04,5.71E-05,3.42E-05,-1.71E-05,-1.38E-04,3.17E-05,7.52E-05,1.07E-04
992,-2.65E-05,-5.18E-05,-4.44E-05,-7.95E-05,-6.14E-05,-1.22E-04,-4.94E-05,1.24E-04,4.77E-05,-7.24E-05,-2.55E-05,-6.01E-05,-2.51E-04,7.13E-05,4.83E-05,-5.40E-06,-1.26E-04,4.99E-05,8.34E-05,1.15E-04
993,-1.83E-05,-3.75E-05,-2.57E-05,-7.28E-05,-4.85E-05,-1.18E-04,-3.03E-05,1.37E-04,5.33E-05,-7.28E-05,-2.47E-05,-4.35E-05,-2.37E-04,8.55E-05,6.26E-05,5.79E-06,-1.15E-04,6.72E-05,9.13E-05,1.22E-04
994,-1.02E-05,-1.89E-05,-7.09E-06,-6.62E-05,-3.57E-05,-1.14E-04,-1.24E-05,1.49E-04,5.84E-05,-7.34E-05,-2.32E-05,-2.77E-05,-2.20E-04,9.96E-05,7.67E-05,1.63E-05,-1.04E-04,8.34E-05,9.87E-05,1.28E-04
995,-1.43E-06,3.53E-06,1.09E-05,-5.95E-05,-2.35E-05,-1.11E-04,3.71E-06,1.61E-04,6.30E-05,-7.45E-05,-2.07E-05,-1.29E-05,-2.02E-04,1.13E-04,9.04E-05,2.59E-05,-9.30E-05,9.83E-05,1.05E-04,1.33E-04
996,9.08E-06,2.92E-05,2.79E-05,-5.28E-05,-1.22E-05,-1.08E-04,1.77E-05,1.71E-04,6.69E-05,-7.65E-05,-1.69E-05,1.08E-06,-1.83E-04,1.27E-04,1.03E-04,3.46E-05,-8.32E-05,1.12E-04,1.11E-04,1.37E-04
997,2.22E-05,5.74E-05,4.36E-05,-4.58E-05,-2.07E-06,-1.07E-04,2.93E-05,1.81E-04,7.00E-05,-7.93E-05,-1.16E-05,1.42E-05,-1.64E-04,1.40E-04,1.15E-04,4.21E-05,-7.42E-05,1.24E-04,1.16E-04,1.40E-04
998,3.85E-05,8.70E-05,5.77E-05,-3.86E-05,6.55E-06,-1.06E-04,3.84E-05,1.90E-04,7.22E-05,-8.33E-05,-4.69E-06,2.66E-05,-1.46E-04,1.51E-04,1.25E-04,4.84E-05,-6.61E-05,1.34E-04,1.20E-04,1.42E-04
999,5.86E-05,1.17E-04,7.00E-05,-3.10E-05,1.35E-05,-1.07E-04,4.51E-05,1.98E-04,7.34E-05,-8.84E-05,3.86E-06,3.84E-05,-1.28E-04,1.62E-04,1.34E-04,5.33E-05,-5.89E-05,1.42E-04,1.22E-04,1.43E-04
1000,8.27E-05,1.46E-04,8.02E-05,-2.31E-05,1.85E-05,-1.09E-04,4.99E-05,2.06E-04,7.36E-05,-9.47E-05,1.40E-05,4.97E-05,-1.12E-04,1.72E-04,1.41E-04,5.69E-05,-5.25E-05,1.48E-04,1.23E-04,1.42E-04
1001,1.11E-04,1.74E-04,8.85E-05,-1.49E-05,2.17E-05,-1.12E-04,5.31E-05,2.13E-04,7.30E-05,-1.02E-04,2.56E-05,6.05E-05,-9.88E-05,1.81E-04,1.46E-04,5.90E-05,-4.71E-05,1.52E-04,1.23E-04,1.40E-04
1002,1.42E-04,1.99E-04,9.47E-05,-6.57E-06,2.31E-05,-1.17E-04,5.55E-05,2.19E-04,7.14E-05,-1.11E-04,3.84E-05,7.09E-05,-8.79E-05,1.89E-04,1.49E-04,5.99E-05,-4.23E-05,1.55E-04,1.22E-04,1.37E-04
1003,1.77E-04,2.21E-04,9.90E-05,1.80E-06,2.27E-05,-1.22E-04,5.78E-05,2.25E-04,6.92E-05,-1.20E-04,5.22E-05,8.09E-05,-8.01E-05,1.96E-04,1.49E-04,5.94E-05,-3.83E-05,1.56E-04,1.20E-04,1.33E-04
1004,2.13E-04,2.39E-04,1.02E-04,9.99E-06,2.09E-05,-1.28E-04,6.06E-05,2.31E-04,6.64E-05,-1.30E-04,6.66E-05,9.05E-05,-7.53E-05,2.02E-04,1.48E-04,5.79E-05,-3.47E-05,1.55E-04,1.16E-04,1.28E-04
1005,2.51E-04,2.52E-04,1.03E-04,1.77E-05,1.80E-05,-1.34E-04,6.47E-05,2.35E-04,6.33E-05,-1.40E-04,8.13E-05,9.94E-05,-7.35E-05,2.07E-04,1.45E-04,5.53E-05,-3.14E-05,1.53E-04,1.12E-04,1.23E-04
1006,2.88E-04,2.62E-04,1.02E-04,2.47E-05,1.43E-05,-1.40E-04,7.08E-05,2.40E-04,6.01E-05,-1.49E-04,9.57E-05,1.08E-04,-7.46E-05,2.11E-04,1.41E-04,5.19E-05,-2.84E-05,1.50E-04,1.07E-04,1.17E-04
1007,3.24E-04,2.68E-04,1.01E-04,3.05E-05,1.02E-05,-1.45E-04,7.92E-05,2.44E-04,5.69E-05,-1.59E-04,1.09E-04,1.15E-04,-7.81E-05,2.16E-04,1.36E-04,4.80E-05,-2.52E-05,1.47E-04,1.02E-04,1.11E-04
1008,3.56E-04,2.70E-04,9.90E-05,3.49E-05,6.22E-06,-1.49E-04,9.04E-05,2.49E-04,5.41E-05,-1.67E-04,1.22E-04,1.21E-04,-8.35E-05,2.19E-04,1.30E-04,4.37E-05,-2.19E-05,1.43E-04,9.61E-05,1.05E-04
1009,3.85E-04,2.70E-04,9.69E-05,3.76E-05,2.77E-06,-1.52E-04,1.04E-04,2.53E-04,5.19E-05,-1.73E-04,1.34E-04,1.26E-04,-9.02E-05,2.23E-04,1.24E-04,3.93E-05,-1.81E-05,1.38E-04,9.07E-05,9.85E-05
1010,4.08E-04,2.67E-04,9.47E-05,3.82E-05,2.60E-07,-1.53E-04,1.21E-04,2.58E-04,5.04E-05,-1.78E-04,1.43E-04,1.29E-04,-9.74E-05,2.26E-04,1.18E-04,3.50E-05,-1.38E-05,1.35E-04,8.55E-05,9.28E-05
1011,4.25E-04,2.63E-04,9.29E-05,3.66E-05,-9.52E-07,-1.52E-04,1.40E-04,2.64E-04,4.99E-05,-1.81E-04,1.51E-04,1.30E-04,-1.04E-04,2.30E-04,1.13E-04,3.10E-05,-8.73E-06,1.32E-04,8.09E-05,8.74E-05
1012,4.35E-04,2.59E-04,9.18E-05,3.26E-05,-5.84E-07,-1.49E-04,1.60E-04,2.70E-04,5.03E-05,-1.81E-04,1.57E-04,1.30E-04,-1.10E-04,2.34E-04,1.09E-04,2.76E-05,-2.87E-06,1.30E-04,7.71E-05,8.24E-05
1013,4.38E-04,2.54E-04,9.15E-05,2.62E-05,1.56E-06,-1.44E-04,1.82E-04,2.77E-04,5.18E-05,-1.79E-04,1.61E-04,1.28E-04,-1.14E-04,2.37E-04,1.07E-04,2.48E-05,3.89E-06,1.30E-04,7.43E-05,7.81E-05
1014,4.35E-04,2.50E-04,9.24E-05,1.74E-05,5.59E-06,-1.37E-04,2.03E-04,2.85E-04,5.44E-05,-1.75E-04,1.63E-04,1.24E-04,-1.16E-04,2.41E-04,1.07E-04,2.27E-05,1.16E-05,1.31E-04,7.24E-05,7.43E-05
1015,4.25E-04,2.48E-04,9.44E-05,6.32E-06,1.15E-05,-1.28E-04,2.24E-04,2.94E-04,5.80E-05,-1.69E-04,1.62E-04,1.19E-04,-1.15E-04,2.45E-04,1.09E-04,2.15E-05,2.01E-05,1.34E-04,7.18E-05,7.11E-05
1016,4.10E-04,2.47E-04,9.78E-05,-6.71E-06,1.91E-05,-1.17E-04,2.44E-04,3.05E-04,6.26E-05,-1.61E-04,1.60E-04,1.13E-04,-1.11E-04,2.50E-04,1.13E-04,2.12E-05,2.95E-05,1.38E-04,7.23E-05,6.85E-05
1017,3.91E-04,2.47E-04,1.03E-04,-2.14E-05,2.83E-05,-1.06E-04,2.61E-04,3.16E-04,6.80E-05,-1.52E-04,1.56E-04,1.06E-04,-1.03E-04,2.54E-04,1.20E-04,2.17E-05,3.97E-05,1.45E-04,7.40E-05,6.64E-05
1018,3.69E-04,2.50E-04,1.09E-04,-3.72E-05,3.88E-05,-9.36E-05,2.76E-04,3.28E-04,7.40E-05,-1.41E-04,1.51E-04,9.86E-05,-9.19E-05,2.58E-04,1.28E-04,2.29E-05,5.05E-05,1.53E-04,7.67E-05,6.48E-05
1019,3.46E-04,2.54E-04,1.16E-04,-5.38E-05,5.01E-05,-8.14E-05,2.87E-04,3.40E-04,8.04E-05,-1.30E-04,1.44E-04,9.12E-05,-7.76E-05,2.62E-04,1.39E-04,2.46E-05,6.18E-05,1.63E-04,8.04E-05,6.35E-05
1020,3.23E-04,2.60E-04,1.24E-04,-7.05E-05,6.19E-05,-6.96E-05,2.96E-04,3.53E-04,8.70E-05,-1.18E-04,1.37E-04,8.42E-05,-6.04E-05,2.65E-04,1.52E-04,2.69E-05,7.33E-05,1.75E-04,8.49E-05,6.25E-05
1021,3.01E-04,2.67E-04,1.34E-04,-8.70E-05,7.37E-05,-5.88E-05,3.01E-04,3.66E-04,9.36E-05,-1.07E-04,1.30E-04,7.81E-05,-4.09E-05,2.68E-04,1.65E-04,2.94E-05,8.51E-05,1.87E-04,8.99E-05,6.16E-05
1022,2.83E-04,2.74E-04,1.44E-04,-1.03E-04,8.51E-05,-4.93E-05,3.04E-04,3.79E-04,1.00E-04,-9.61E-05,1.23E-04,7.31E-05,-1.97E-05,2.71E-04,1.80E-04,3.20E-05,9.67E-05,2.00E-04,9.53E-05,6.09E-05
1023,2.70E-04,2.81E-04,1.55E-04,-1.17E-04,9.58E-05,-4.15E-05,3.05E-04,3.92E-04,1.06E-04,-8.65E-05,1.15E-04,6.97E-05,2.55E-06,2.74E-04,1.95E-04,3.45E-05,1.08E-04,2.13E-04,1.01E-04,6.01E-05
1024,2.62E-04,2.89E-04,1.66E-04,-1.30E-04,1.05E-04,-3.56E-05,3.05E-04,4.04E-04,1.11E-04,-7.84E-05,1.09E-04,6.80E-05,2.50E-05,2.76E-04,2.10E-04,3.68E-05,1.19E-04,2.26E-04,1.06E-04,5.93E-05
1025,2.60E-04,2.95E-04,1.77E-04,-1.41E-04,1.14E-04,-3.17E-05,3.05E-04,4.15E-04,1.16E-04,-7.19E-05,1.03E-04,6.82E-05,4.69E-05,2.78E-04,2.24E-04,3.86E-05,1.30E-04,2.39E-04,1.12E-04,5.84E-05
1026,2.65E-04,3.01E-04,1.88E-04,-1.49E-04,1.20E-04,-2.98E-05,3.05E-04,4.25E-04,1.20E-04,-6.71E-05,9.83E-05,7.04E-05,6.76E-05,2.80E-04,2.37E-04,3.99E-05,1.39E-04,2.50E-04,1.17E-04,5.75E-05
1027,2.76E-04,3.06E-04,1.98E-04,-1.56E-04,1.25E-04,-2.98E-05,3.08E-04,4.33E-04,1.24E-04,-6.40E-05,9.47E-05,7.46E-05,8.65E-05,2.82E-04,2.49E-04,4.07E-05,1.48E-04,2.61E-04,1.21E-04,5.65E-05
1028,2.93E-04,3.10E-04,2.09E-04,-1.60E-04,1.29E-04,-3.15E-05,3.13E-04,4.40E-04,1.26E-04,-6.26E-05,9.25E-05,8.06E-05,1.03E-04,2.84E-04,2.58E-04,4.08E-05,1.57E-04,2.70E-04,1.25E-04,5.54E-05
1029,3.15E-04,3.13E-04,2.18E-04,-1.63E-04,1.31E-04,-3.45E-05,3.22E-04,4.46E-04,1.28E-04,-6.26E-05,9.17E-05,8.84E-05,1.17E-04,2.86E-04,2.66E-04,4.03E-05,1.64E-04,2.77E-04,1.28E-04,5.43E-05
1030,3.41E-04,3.15E-04,2.27E-04,-1.63E-04,1.32E-04,-3.83E-05,3.35E-04,4.51E-04,1.29E-04,-6.37E-05,9.24E-05,9.78E-05,1.28E-04,2.88E-04,2.71E-04,3.94E-05,1.71E-04,2.83E-04,1.30E-04,5.34E-05
1031,3.69E-04,3.17E-04,2.35E-04,-1.62E-04,1.32E-04,-4.27E-05,3.52E-04,4.54E-04,1.30E-04,-6.56E-05,9.45E-05,1.08E-04,1.36E-04,2.91E-04,2.75E-04,3.81E-05,1.78E-04,2.88E-04,1.32E-04,5.26E-05
1032,3.97E-04,3.19E-04,2.43E-04,-1.59E-04,1.32E-04,-4.71E-05,3.73E-04,4.57E-04,1.31E-04,-6.79E-05,9.81E-05,1.20E-04,1.42E-04,2.94E-04,2.76E-04,3.66E-05,1.84E-04,2.91E-04,1.34E-04,5.20E-05
1033,4.25E-04,3.23E-04,2.50E-04,-1.56E-04,1.31E-04,-5.11E-05,3.98E-04,4.60E-04,1.31E-04,-7.02E-05,1.03E-04,1.33E-04,1.45E-04,2.98E-04,2.75E-04,3.50E-05,1.89E-04,2.94E-04,1.35E-04,5.18E-05
1034,4.49E-04,3.27E-04,2.57E-04,-1.52E-04,1.31E-04,-5.44E-05,4.27E-04,4.62E-04,1.32E-04,-7.20E-05,1.09E-04,1.46E-04,1.46E-04,3.02E-04,2.73E-04,3.36E-05,1.95E-04,2.95E-04,1.36E-04,5.20E-05
1035,4.69E-04,3.33E-04,2.63E-04,-1.47E-04,1.31E-04,-5.65E-05,4.58E-04,4.65E-04,1.33E-04,-7.30E-05,1.16E-04,1.60E-04,1.46E-04,3.07E-04,2.71E-04,3.26E-05,2.01E-04,2.97E-04,1.37E-04,5.26E-05
1036,4.84E-04,3.41E-04,2.69E-04,-1.43E-04,1.32E-04,-5.73E-05,4.91E-04,4.68E-04,1.34E-04,-7.29E-05,1.25E-04,1.74E-04,1.45E-04,3.13E-04,2.67E-04,3.23E-05,2.07E-04,2.98E-04,1.39E-04,5.38E-05
1037,4.92E-04,3.52E-04,2.75E-04,-1.38E-04,1.34E-04,-5.67E-05,5.24E-04,4.72E-04,1.36E-04,-7.15E-05,1.34E-04,1.88E-04,1.44E-04,3.19E-04,2.64E-04,3.26E-05,2.13E-04,3.00E-04,1.40E-04,5.54E-05
1038,4.93E-04,3.66E-04,2.81E-04,-1.34E-04,1.37E-04,-5.46E-05,5.55E-04,4.77E-04,1.38E-04,-6.86E-05,1.44E-04,2.03E-04,1.43E-04,3.26E-04,2.61E-04,3.39E-05,2.21E-04,3.02E-04,1.43E-04,5.75E-05
1039,4.87E-04,3.83E-04,2.87E-04,-1.30E-04,1.41E-04,-5.11E-05,5.85E-04,4.84E-04,1.41E-04,-6.42E-05,1.54E-04,2.17E-04,1.43E-04,3.33E-04,2.59E-04,3.63E-05,2.29E-04,3.05E-04,1.45E-04,6.02E-05
1040,4.75E-04,4.02E-04,2.94E-04,-1.27E-04,1.47E-04,-4.63E-05,6.12E-04,4.92E-04,1.44E-04,-5.82E-05,1.64E-04,2.32E-04,1.46E-04,3.40E-04,2.58E-04,3.98E-05,2.38E-04,3.10E-04,1.49E-04,6.32E-05
1041,4.58E-04,4.24E-04,3.02E-04,-1.24E-04,1.54E-04,-4.04E-05,6.35E-04,5.01E-04,1.48E-04,-5.08E-05,1.75E-04,2.46E-04,1.50E-04,3.48E-04,2.58E-04,4.43E-05,2.49E-04,3.16E-04,1.53E-04,6.66E-05
1042,4.37E-04,4.47E-04,3.10E-04,-1.22E-04,1.62E-04,-3.38E-05,6.53E-04,5.12E-04,1.53E-04,-4.23E-05,1.85E-04,2.60E-04,1.56E-04,3.55E-04,2.61E-04,5.00E-05,2.61E-04,3.23E-04,1.58E-04,7.02E-05
1043,4.13E-04,4.73E-04,3.19E-04,-1.20E-04,1.71E-04,-2.66E-05,6.67E-04,5.24E-04,1.58E-04,-3.27E-05,1.95E-04,2.73E-04,1.65E-04,3.63E-04,2.65E-04,5.67E-05,2.73E-04,3.32E-04,1.63E-04,7.41E-05
1044,3.90E-04,4.99E-04,3.29E-04,-1.17E-04,1.80E-04,-1.93E-05,6.76E-04,5.38E-04,1.64E-04,-2.25E-05,2.05E-04,2.87E-04,1.76E-04,3.70E-04,2.71E-04,6.43E-05,2.87E-04,3.42E-04,1.69E-04,7.80E-05
1045,3.68E-04,5.26E-04,3.40E-04,-1.15E-04,1.90E-04,-1.21E-05,6.81E-04,5.52E-04,1.70E-04,-1.20E-05,2.13E-04,2.99E-04,1.89E-04,3.77E-04,2.79E-04,7.26E-05,3.03E-04,3.53E-04,1.75E-04,8.19E-05
1046,3.51E-04,5.53E-04,3.51E-04,-1.13E-04,2.00E-04,-5.34E-06,6.82E-04,5.66E-04,1.76E-04,-1.39E-06,2.21E-04,3.11E-04,2.04E-04,3.84E-04,2.88E-04,8.13E-05,3.19E-04,3.65E-04,1.82E-04,8.58E-05
1047,3.40E-04,5.78E-04,3.63E-04,-1.11E-04,2.10E-04,8.84E-07,6.81E-04,5.81E-04,1.82E-04,8.90E-06,2.27E-04,3.21E-04,2.20E-04,3.90E-04,2.98E-04,9.04E-05,3.35E-04,3.78E-04,1.89E-04,8.96E-05
1048,3.36E-04,6.02E-04,3.75E-04,-1.08E-04,2.20E-04,6.38E-06,6.79E-04,5.95E-04,1.89E-04,1.86E-05,2.32E-04,3.31E-04,2.37E-04,3.96E-04,3.09E-04,9.96E-05,3.53E-04,3.91E-04,1.95E-04,9.31E-05
1049,3.42E-04,6.24E-04,3.87E-04,-1.06E-04,2.29E-04,1.11E-05,6.76E-04,6.09E-04,1.95E-04,2.76E-05,2.36E-04,3.39E-04,2.53E-04,4.01E-04,3.21E-04,1.09E-04,3.71E-04,4.03E-04,2.02E-04,9.65E-05
1050,3.56E-04,6.43E-04,4.00E-04,-1.03E-04,2.38E-04,1.49E-05,6.74E-04,6.22E-04,2.01E-04,3.56E-05,2.38E-04,3.45E-04,2.70E-04,4.06E-04,3.32E-04,1.17E-04,3.89E-04,4.16E-04,2.09E-04,9.97E-05
1051,3.81E-04,6.59E-04,4.12E-04,-1.00E-04,2.46E-04,1.80E-05,6.74E-04,6.34E-04,2.06E-04,4.24E-05,2.38E-04,3.50E-04,2.85E-04,4.11E-04,3.44E-04,1.25E-04,4.06E-04,4.28E-04,2.15E-04,1.03E-04
1052,4.14E-04,6.72E-04,4.24E-04,-9.75E-05,2.53E-04,2.04E-05,6.77E-04,6.44E-04,2.12E-04,4.82E-05,2.37E-04,3.53E-04,2.98E-04,4.15E-04,3.54E-04,1.33E-04,4.24E-04,4.39E-04,2.22E-04,1.05E-04
1053,4.54E-04,6.82E-04,4.35E-04,-9.50E-05,2.60E-04,2.23E-05,6.83E-04,6.54E-04,2.16E-04,5.28E-05,2.35E-04,3.54E-04,3.10E-04,4.19E-04,3.64E-04,1.39E-04,4.41E-04,4.50E-04,2.28E-04,1.08E-04
1054,5.00E-04,6.89E-04,4.46E-04,-9.29E-05,2.66E-04,2.38E-05,6.94E-04,6.62E-04,2.21E-04,5.63E-05,2.32E-04,3.54E-04,3.19E-04,4.22E-04,3.73E-04,1.45E-04,4.57E-04,4.59E-04,2.34E-04,1.10E-04
1055,5.49E-04,6.93E-04,4.56E-04,-9.12E-05,2.72E-04,2.51E-05,7.08E-04,6.68E-04,2.25E-04,5.88E-05,2.27E-04,3.53E-04,3.26E-04,4.25E-04,3.80E-04,1.50E-04,4.73E-04,4.68E-04,2.39E-04,1.12E-04
1056,5.98E-04,6.94E-04,4.65E-04,-9.01E-05,2.77E-04,2.63E-05,7.26E-04,6.73E-04,2.29E-04,6.04E-05,2.22E-04,3.51E-04,3.31E-04,4.29E-04,3.86E-04,1.54E-04,4.87E-04,4.76E-04,2.45E-04,1.15E-04
1057,6.45E-04,6.93E-04,4.73E-04,-8.96E-05,2.82E-04,2.75E-05,7.47E-04,6.76E-04,2.32E-04,6.13E-05,2.16E-04,3.48E-04,3.34E-04,4.32E-04,3.90E-04,1.57E-04,5.00E-04,4.83E-04,2.51E-04,1.16E-04
1058,6.87E-04,6.91E-04,4.81E-04,-8.98E-05,2.86E-04,2.87E-05,7.70E-04,6.79E-04,2.35E-04,6.16E-05,2.09E-04,3.44E-04,3.35E-04,4.35E-04,3.93E-04,1.59E-04,5.11E-04,4.90E-04,2.56E-04,1.18E-04
1059,7.22E-04,6.88E-04,4.87E-04,-9.05E-05,2.91E-04,3.02E-05,7.93E-04,6.80E-04,2.37E-04,6.15E-05,2.03E-04,3.41E-04,3.34E-04,4.38E-04,3.95E-04,1.61E-04,5.22E-04,4.96E-04,2.62E-04,1.20E-04
1060,7.46E-04,6.84E-04,4.93E-04,-9.17E-05,2.95E-04,3.17E-05,8.16E-04,6.80E-04,2.39E-04,6.10E-05,1.97E-04,3.39E-04,3.33E-04,4.41E-04,3.95E-04,1.62E-04,5.30E-04,5.02E-04,2.67E-04,1.21E-04
1061,7.59E-04,6.80E-04,4.98E-04,-9.33E-05,2.98E-04,3.32E-05,8.36E-04,6.80E-04,2.41E-04,6.03E-05,1.91E-04,3.38E-04,3.32E-04,4.44E-04,3.94E-04,1.63E-04,5.38E-04,5.07E-04,2.73E-04,1.22E-04
1062,7.59E-04,6.77E-04,5.02E-04,-9.49E-05,3.02E-04,3.47E-05,8.52E-04,6.78E-04,2.43E-04,5.94E-05,1.87E-04,3.38E-04,3.31E-04,4.47E-04,3.92E-04,1.63E-04,5.43E-04,5.12E-04,2.78E-04,1.22E-04
1063,7.48E-04,6.74E-04,5.06E-04,-9.65E-05,3.04E-04,3.59E-05,8.63E-04,6.76E-04,2.44E-04,5.83E-05,1.83E-04,3.40E-04,3.31E-04,4.50E-04,3.89E-04,1.63E-04,5.48E-04,5.17E-04,2.83E-04,1.22E-04
1064,7.24E-04,6.72E-04,5.09E-04,-9.77E-05,3.06E-04,3.68E-05,8.67E-04,6.73E-04,2.45E-04,5.72E-05,1.82E-04,3.43E-04,3.33E-04,4.54E-04,3.86E-04,1.63E-04,5.51E-04,5.22E-04,2.87E-04,1.22E-04
1065,6.90E-04,6.71E-04,5.11E-04,-9.83E-05,3.07E-04,3.71E-05,8.65E-04,6.70E-04,2.46E-04,5.58E-05,1.82E-04,3.49E-04,3.36E-04,4.58E-04,3.82E-04,1.63E-04,5.53E-04,5.26E-04,2.92E-04,1.21E-04
1066,6.47E-04,6.71E-04,5.13E-04,-9.81E-05,3.06E-04,3.66E-05,8.56E-04,6.65E-04,2.47E-04,5.42E-05,1.84E-04,3.56E-04,3.42E-04,4.61E-04,3.78E-04,1.63E-04,5.53E-04,5.30E-04,2.95E-04,1.19E-04
1067,5.99E-04,6.73E-04,5.15E-04,-9.69E-05,3.05E-04,3.53E-05,8.40E-04,6.60E-04,2.47E-04,5.23E-05,1.87E-04,3.65E-04,3.50E-04,4.65E-04,3.73E-04,1.63E-04,5.53E-04,5.33E-04,2.98E-04,1.17E-04
1068,5.47E-04,6.76E-04,5.15E-04,-9.46E-05,3.02E-04,3.31E-05,8.18E-04,6.54E-04,2.47E-04,5.01E-05,1.93E-04,3.75E-04,3.60E-04,4.69E-04,3.68E-04,1.63E-04,5.52E-04,5.35E-04,3.00E-04,1.15E-04
1069,4.96E-04,6.79E-04,5.15E-04,-9.11E-05,2.98E-04,2.99E-05,7.91E-04,6.47E-04,2.46E-04,4.74E-05,2.01E-04,3.86E-04,3.73E-04,4.73E-04,3.63E-04,1.63E-04,5.50E-04,5.36E-04,3.01E-04,1.11E-04
1070,4.48E-04,6.84E-04,5.15E-04,-8.63E-05,2.93E-04,2.57E-05,7.60E-04,6.38E-04,2.46E-04,4.42E-05,2.10E-04,3.97E-04,3.87E-04,4.78E-04,3.58E-04,1.64E-04,5.48E-04,5.37E-04,3.01E-04,1.08E-04
1071,4.06E-04,6.89E-04,5.13E-04,-8.04E-05,2.86E-04,2.05E-05,7.27E-04,6.29E-04,2.44E-04,4.04E-05,2.20E-04,4.08E-04,4.02E-04,4.82E-04,3.52E-04,1.64E-04,5.46E-04,5.35E-04,3.00E-04,1.04E-04
1072,3.74E-04,6.95E-04,5.11E-04,-7.35E-05,2.78E-04,1.44E-05,6.95E-04,6.18E-04,2.43E-04,3.60E-05,2.32E-04,4.19E-04,4.18E-04,4.86E-04,3.46E-04,1.65E-04,5.44E-04,5.33E-04,2.98E-04,9.94E-05
1073,3.53E-04,7.00E-04,5.09E-04,-6.57E-05,2.69E-04,7.65E-06,6.65E-04,6.07E-04,2.41E-04,3.09E-05,2.44E-04,4.28E-04,4.34E-04,4.91E-04,3.41E-04,1.66E-04,5.42E-04,5.29E-04,2.95E-04,9.52E-05
1074,3.44E-04,7.06E-04,5.05E-04,-5.75E-05,2.59E-04,3.11E-07,6.39E-04,5.94E-04,2.39E-04,2.52E-05,2.56E-04,4.35E-04,4.49E-04,4.96E-04,3.35E-04,1.67E-04,5.41E-04,5.24E-04,2.91E-04,9.11E-05
1075,3.48E-04,7.11E-04,5.01E-04,-4.90E-05,2.48E-04,-7.41E-06,6.18E-04,5.80E-04,2.36E-04,1.89E-05,2.68E-04,4.40E-04,4.63E-04,5.01E-04,3.29E-04,1.68E-04,5.40E-04,5.18E-04,2.87E-04,8.72E-05
1076,3.64E-04,7.16E-04,4.96E-04,-4.07E-05,2.37E-04,-1.53E-05,6.06E-04,5.66E-04,2.33E-04,1.20E-05,2.79E-04,4.43E-04,4.75E-04,5.06E-04,3.23E-04,1.69E-04,5.40E-04,5.11E-04,2.82E-04,8.38E-05
1077,3.91E-04,7.21E-04,4.91E-04,-3.27E-05,2.26E-04,-2.33E-05,6.01E-04,5.51E-04,2.30E-04,4.60E-06,2.89E-04,4.43E-04,4.84E-04,5.11E-04,3.18E-04,1.70E-04,5.41E-04,5.04E-04,2.77E-04,8.08E-05
1078,4.28E-04,7.24E-04,4.85E-04,-2.56E-05,2.15E-04,-3.11E-05,6.05E-04,5.35E-04,2.26E-04,-3.30E-06,2.97E-04,4.40E-04,4.91E-04,5.16E-04,3.13E-04,1.71E-04,5.42E-04,4.96E-04,2.72E-04,7.85E-05
1079,4.70E-04,7.27E-04,4.79E-04,-1.94E-05,2.03E-04,-3.86E-05,6.17E-04,5.20E-04,2.22E-04,-1.16E-05,3.03E-04,4.34E-04,4.94E-04,5.20E-04,3.07E-04,1.72E-04,5.44E-04,4.87E-04,2.67E-04,7.67E-05
1080,5.16E-04,7.28E-04,4.73E-04,-1.46E-05,1.92E-04,-4.58E-05,6.38E-04,5.04E-04,2.19E-04,-2.03E-05,3.07E-04,4.25E-04,4.93E-04,5.25E-04,3.03E-04,1.72E-04,5.47E-04,4.79E-04,2.62E-04,7.56E-05
1081,5.62E-04,7.28E-04,4.67E-04,-1.12E-05,1.82E-04,-5.27E-05,6.64E-04,4.88E-04,2.14E-04,-2.93E-05,3.08E-04,4.15E-04,4.90E-04,5.29E-04,2.98E-04,1.72E-04,5.50E-04,4.71E-04,2.58E-04,7.51E-05
1082,6.03E-04,7.27E-04,4.60E-04,-9.35E-06,1.71E-04,-5.92E-05,6.95E-04,4.72E-04,2.10E-04,-3.86E-05,3.07E-04,4.02E-04,4.84E-04,5.32E-04,2.93E-04,1.72E-04,5.53E-04,4.63E-04,2.54E-04,7.51E-05
1083,6.38E-04,7.24E-04,4.54E-04,-9.13E-06,1.61E-04,-6.54E-05,7.29E-04,4.57E-04,2.06E-04,-4.81E-05,3.03E-04,3.88E-04,4.75E-04,5.35E-04,2.89E-04,1.72E-04,5.56E-04,4.56E-04,2.51E-04,7.55E-05
1084,6.63E-04,7.20E-04,4.47E-04,-1.05E-05,1.50E-04,-7.14E-05,7.63E-04,4.41E-04,2.02E-04,-5.78E-05,2.96E-04,3.72E-04,4.64E-04,5.38E-04,2.84E-04,1.71E-04,5.58E-04,4.50E-04,2.48E-04,7.60E-05
1085,6.76E-04,7.14E-04,4.40E-04,-1.34E-05,1.40E-04,-7.74E-05,7.94E-04,4.25E-04,1.97E-04,-6.78E-05,2.87E-04,3.55E-04,4.52E-04,5.39E-04,2.79E-04,1.69E-04,5.59E-04,4.43E-04,2.46E-04,7.66E-05
1086,6.76E-04,7.06E-04,4.34E-04,-1.76E-05,1.29E-04,-8.33E-05,8.21E-04,4.10E-04,1.93E-04,-7.79E-05,2.76E-04,3.38E-04,4.40E-04,5.39E-04,2.73E-04,1.67E-04,5.58E-04,4.38E-04,2.44E-04,7.71E-05
1087,6.62E-04,6.96E-04,4.27E-04,-2.30E-05,1.18E-04,-8.95E-05,8.40E-04,3.94E-04,1.88E-04,-8.83E-05,2.63E-04,3.21E-04,4.27E-04,5.39E-04,2.66E-04,1.64E-04,5.55E-04,4.32E-04,2.42E-04,7.72E-05
1088,6.36E-04,6.84E-04,4.19E-04,-2.93E-05,1.07E-04,-9.59E-05,8.49E-04,3.78E-04,1.83E-04,-9.90E-05,2.49E-04,3.04E-04,4.15E-04,5.37E-04,2.58E-04,1.61E-04,5.50E-04,4.25E-04,2.41E-04,7.68E-05
1089,5.97E-04,6.70E-04,4.12E-04,-3.64E-05,9.45E-05,-1.03E-04,8.49E-04,3.61E-04,1.78E-04,-1.10E-04,2.34E-04,2.87E-04,4.05E-04,5.34E-04,2.49E-04,1.56E-04,5.43E-04,4.18E-04,2.39E-04,7.58E-05
1090,5.49E-04,6.54E-04,4.03E-04,-4.40E-05,8.13E-05,-1.10E-04,8.36E-04,3.43E-04,1.73E-04,-1.21E-04,2.18E-04,2.70E-04,3.97E-04,5.30E-04,2.39E-04,1.51E-04,5.32E-04,4.10E-04,2.37E-04,7.40E-05
1091,4.93E-04,6.36E-04,3.93E-04,-5.20E-05,6.73E-05,-1.18E-04,8.11E-04,3.24E-04,1.68E-04,-1.32E-04,2.02E-04,2.54E-04,3.90E-04,5.25E-04,2.26E-04,1.44E-04,5.18E-04,4.00E-04,2.34E-04,7.15E-05
1092,4.32E-04,6.16E-04,3.83E-04,-6.00E-05,5.24E-05,-1.26E-04,7.74E-04,3.03E-04,1.62E-04,-1.44E-04,1.86E-04,2.38E-04,3.86E-04,5.19E-04,2.12E-04,1.37E-04,5.01E-04,3.89E-04,2.30E-04,6.81E-05
1093,3.69E-04,5.93E-04,3.71E-04,-6.80E-05,3.67E-05,-1.35E-04,7.26E-04,2.81E-04,1.56E-04,-1.55E-04,1.71E-04,2.21E-04,3.85E-04,5.11E-04,1.96E-04,1.29E-04,4.81E-04,3.75E-04,2.25E-04,6.39E-05
1094,3.08E-04,5.69E-04,3.57E-04,-7.58E-05,2.04E-05,-1.44E-04,6.68E-04,2.58E-04,1.49E-04,-1.66E-04,1.57E-04,2.05E-04,3.85E-04,5.03E-04,1.78E-04,1.20E-04,4.58E-04,3.59E-04,2.19E-04,5.89E-05
1095,2.50E-04,5.42E-04,3.42E-04,-8.34E-05,3.60E-06,-1.54E-04,6.02E-04,2.32E-04,1.43E-04,-1.78E-04,1.45E-04,1.89E-04,3.87E-04,4.95E-04,1.58E-04,1.11E-04,4.32E-04,3.40E-04,2.12E-04,5.34E-05
1096,1.99E-04,5.14E-04,3.25E-04,-9.06E-05,-1.34E-05,-1.63E-04,5.31E-04,2.05E-04,1.36E-04,-1.89E-04,1.34E-04,1.73E-04,3.90E-04,4.85E-04,1.37E-04,1.01E-04,4.03E-04,3.19E-04,2.03E-04,4.74E-05
1097,1.55E-04,4.84E-04,3.06E-04,-9.74E-05,-3.04E-05,-1.73E-04,4.57E-04,1.77E-04,1.28E-04,-1.99E-04,1.25E-04,1.56E-04,3.94E-04,4.75E-04,1.15E-04,9.12E-05,3.72E-04,2.95E-04,1.94E-04,4.11E-05
1098,1.19E-04,4.52E-04,2.86E-04,-1.04E-04,-4.71E-05,-1.82E-04,3.83E-04,1.46E-04,1.21E-04,-2.09E-04,1.17E-04,1.38E-04,3.98E-04,4.65E-04,9.19E-05,8.10E-05,3.40E-04,2.70E-04,1.83E-04,3.46E-05
1099,9.24E-05,4.18E-04,2.64E-04,-1.10E-04,-6.33E-05,-1.90E-04,3.10E-04,1.14E-04,1.13E-04,-2.19E-04,1.11E-04,1.20E-04,4.01E-04,4.55E-04,6.85E-05,7.09E-05,3.06E-04,2.42E-04,1.71E-04,2.83E-05
1100,7.34E-05,3.83E-04,2.41E-04,-1.15E-04,-7.86E-05,-1.98E-04,2.42E-04,8.13E-05,1.05E-04,-2.27E-04,1.07E-04,1.02E-04,4.03E-04,4.45E-04,4.52E-05,6.11E-05,2.71E-04,2.12E-04,1.59E-04,2.21E-05
1101,6.11E-05,3.46E-04,2.17E-04,-1.20E-04,-9.31E-05,-2.06E-04,1.79E-04,4.74E-05,9.72E-05,-2.35E-04,1.04E-04,8.37E-05,4.02E-04,4.35E-04,2.23E-05,5.18E-05,2.37E-04,1.81E-04,1.46E-04,1.64E-05
1102,5.37E-05,3.07E-04,1.92E-04,-1.25E-04,-1.06E-04,-2.12E-04,1.24E-04,1.27E-05,8.94E-05,-2.42E-04,1.02E-04,6.51E-05,3.99E-04,4.26E-04,3.79E-07,4.31E-05,2.02E-04,1.49E-04,1.32E-04,1.11E-05
1103,4.91E-05,2.67E-04,1.67E-04,-1.28E-04,-1.19E-04,-2.18E-04,7.74E-05,-2.22E-05,8.17E-05,-2.47E-04,1.01E-04,4.66E-05,3.93E-04,4.17E-04,-2.03E-05,3.51E-05,1.68E-04,1.16E-04,1.18E-04,6.32E-06
1104,4.48E-05,2.26E-04,1.42E-04,-1.32E-04,-1.29E-04,-2.23E-04,3.87E-05,-5.73E-05,7.43E-05,-2.51E-04,1.01E-04,2.85E-05,3.84E-04,4.08E-04,-3.95E-05,2.81E-05,1.35E-04,8.31E-05,1.05E-04,2.18E-06
1105,3.86E-05,1.83E-04,1.16E-04,-1.34E-04,-1.39E-04,-2.27E-04,7.73E-06,-9.21E-05,6.72E-05,-2.54E-04,1.01E-04,1.08E-05,3.72E-04,4.00E-04,-5.68E-05,2.20E-05,1.04E-04,5.05E-05,9.13E-05,-1.38E-06
1106,2.83E-05,1.38E-04,9.13E-05,-1.36E-04,-1.48E-04,-2.30E-04,-1.65E-05,-1.26E-04,6.05E-05,-2.56E-04,1.02E-04,-6.07E-06,3.57E-04,3.93E-04,-7.23E-05,1.69E-05,7.31E-05,1.82E-05,7.81E-05,-4.38E-06
1107,1.22E-05,9.22E-05,6.70E-05,-1.37E-04,-1.56E-04,-2.32E-04,-3.54E-05,-1.60E-04,5.43E-05,-2.56E-04,1.02E-04,-2.21E-05,3.39E-04,3.86E-04,-8.58E-05,1.27E-05,4.40E-05,-1.34E-05,6.54E-05,-6.90E-06
1108,-1.10E-05,4.50E-05,4.34E-05,-1.37E-04,-1.63E-04,-2.34E-04,-5.08E-05,-1.92E-04,4.85E-05,-2.56E-04,1.02E-04,-3.72E-05,3.19E-04,3.79E-04,-9.74E-05,9.47E-06,1.61E-05,-4.43E-05,5.32E-05,-9.03E-06
1109,-4.19E-05,-3.25E-06,2.07E-05,-1.37E-04,-1.70E-04,-2.35E-04,-6.47E-05,-2.24E-04,4.33E-05,-2.54E-04,1.01E-04,-5.12E-05,2.97E-04,3.73E-04,-1.07E-04,7.01E-06,-1.07E-05,-7.43E-05,4.15E-05,-1.09E-05
1110,-8.06E-05,-5.22E-05,-1.07E-06,-1.35E-04,-1.76E-04,-2.35E-04,-7.91E-05,-2.54E-04,3.85E-05,-2.52E-04,9.96E-05,-6.43E-05,2.75E-04,3.67E-04,-1.15E-04,5.21E-06,-3.65E-05,-1.03E-04,3.04E-05,-1.26E-05
1111,-1.26E-04,-1.02E-04,-2.20E-05,-1.33E-04,-1.83E-04,-2.35E-04,-9.60E-05,-2.83E-04,3.42E-05,-2.49E-04,9.70E-05,-7.65E-05,2.52E-04,3.61E-04,-1.23E-04,3.90E-06,-6.15E-05,-1.32E-04,1.98E-05,-1.43E-05
1112,-1.78E-04,-1.51E-04,-4.21E-05,-1.30E-04,-1.89E-04,-2.35E-04,-1.17E-04,-3.10E-04,3.03E-05,-2.45E-04,9.33E-05,-8.79E-05,2.30E-04,3.54E-04,-1.29E-04,2.92E-06,-8.61E-05,-1.59E-04,9.62E-06,-1.60E-05
1113,-2.35E-04,-2.00E-04,-6.17E-05,-1.26E-04,-1.96E-04,-2.35E-04,-1.44E-04,-3.36E-04,2.68E-05,-2.41E-04,8.82E-05,-9.89E-05,2.10E-04,3.48E-04,-1.34E-04,2.07E-06,-1.10E-04,-1.86E-04,-1.10E-07,-1.79E-05
1114,-2.93E-04,-2.47E-04,-8.08E-05,-1.22E-04,-2.03E-04,-2.35E-04,-1.77E-04,-3.61E-04,2.35E-05,-2.36E-04,8.17E-05,-1.10E-04,1.91E-04,3.41E-04,-1.39E-04,1.16E-06,-1.35E-04,-2.13E-04,-9.48E-06,-2.00E-05
1115,-3.52E-04,-2.93E-04,-9.97E-05,-1.18E-04,-2.10E-04,-2.34E-04,-2.18E-04,-3.84E-04,2.03E-05,-2.32E-04,7.35E-05,-1.20E-04,1.75E-04,3.33E-04,-1.44E-04,3.06E-08,-1.59E-04,-2.38E-04,-1.85E-05,-2.24E-05
1116,-4.09E-04,-3.37E-04,-1.19E-04,-1.14E-04,-2.17E-04,-2.33E-04,-2.65E-04,-4.06E-04,1.72E-05,-2.27E-04,6.38E-05,-1.32E-04,1.61E-04,3.24E-04,-1.50E-04,-1.48E-06,-1.84E-04,-2.63E-04,-2.73E-05,-2.50E-05
1117,-4.61E-04,-3.77E-04,-1.38E-04,-1.10E-04,-2.25E-04,-2.32E-04,-3.19E-04,-4.27E-04,1.41E-05,-2.22E-04,5.24E-05,-1.43E-04,1.49E-04,3.15E-04,-1.56E-04,-3.50E-06,-2.09E-04,-2.88E-04,-3.58E-05,-2.79E-05
1118,-5.08E-04,-4.14E-04,-1.57E-04,-1.06E-04,-2.32E-04,-2.31E-04,-3.79E-04,-4.47E-04,1.09E-05,-2.18E-04,3.94E-05,-1.56E-04,1.40E-04,3.04E-04,-1.62E-04,-6.11E-06,-2.34E-04,-3.11E-04,-4.41E-05,-3.11E-05
1119,-5.47E-04,-4.47E-04,-1.78E-04,-1.04E-04,-2.39E-04,-2.29E-04,-4.43E-04,-4.65E-04,7.57E-06,-2.13E-04,2.47E-05,-1.70E-04,1.33E-04,2.93E-04,-1.69E-04,-9.39E-06,-2.59E-04,-3.34E-04,-5.22E-05,-3.44E-05
1120,-5.78E-04,-4.76E-04,-1.98E-04,-1.02E-04,-2.46E-04,-2.27E-04,-5.09E-04,-4.83E-04,4.02E-06,-2.09E-04,8.53E-06,-1.84E-04,1.28E-04,2.81E-04,-1.77E-04,-1.33E-05,-2.85E-04,-3.56E-04,-5.99E-05,-3.79E-05
1121,-6.00E-04,-5.00E-04,-2.20E-04,-1.01E-04,-2.53E-04,-2.25E-04,-5.76E-04,-5.00E-04,2.53E-07,-2.05E-04,-9.05E-06,-2.00E-04,1.24E-04,2.67E-04,-1.85E-04,-1.80E-05,-3.10E-04,-3.76E-04,-6.73E-05,-4.14E-05
1122,-6.14E-04,-5.19E-04,-2.41E-04,-1.02E-04,-2.59E-04,-2.23E-04,-6.42E-04,-5.16E-04,-3.74E-06,-2.01E-04,-2.79E-05,-2.17E-04,1.21E-04,2.52E-04,-1.94E-04,-2.32E-05,-3.35E-04,-3.95E-04,-7.43E-05,-4.50E-05
1123,-6.20E-04,-5.34E-04,-2.64E-04,-1.03E-04,-2.64E-04,-2.20E-04,-7.05E-04,-5.32E-04,-7.92E-06,-1.98E-04,-4.77E-05,-2.35E-04,1.17E-04,2.37E-04,-2.04E-04,-2.90E-05,-3.60E-04,-4.11E-04,-8.09E-05,-4.86E-05
1124,-6.19E-04,-5.45E-04,-2.86E-04,-1.06E-04,-2.68E-04,-2.17E-04,-7.63E-04,-5.47E-04,-1.23E-05,-1.95E-04,-6.83E-05,-2.54E-04,1.12E-04,2.21E-04,-2.13E-04,-3.52E-05,-3.83E-04,-4.26E-04,-8.70E-05,-5.21E-05
1125,-6.14E-04,-5.53E-04,-3.09E-04,-1.11E-04,-2.72E-04,-2.14E-04,-8.15E-04,-5.61E-04,-1.67E-05,-1.91E-04,-8.94E-05,-2.73E-04,1.05E-04,2.04E-04,-2.22E-04,-4.17E-05,-4.06E-04,-4.39E-04,-9.26E-05,-5.56E-05
1126,-6.05E-04,-5.58E-04,-3.32E-04,-1.16E-04,-2.74E-04,-2.11E-04,-8.59E-04,-5.74E-04,-2.12E-05,-1.88E-04,-1.11E-04,-2.92E-04,9.62E-05,1.86E-04,-2.32E-04,-4.84E-05,-4.28E-04,-4.50E-04,-9.77E-05,-5.91E-05
1127,-5.95E-04,-5.61E-04,-3.54E-04,-1.22E-04,-2.76E-04,-2.08E-04,-8.95E-04,-5.87E-04,-2.56E-05,-1.85E-04,-1.32E-04,-3.12E-04,8.44E-05,1.68E-04,-2.41E-04,-5.53E-05,-4.48E-04,-4.59E-04,-1.02E-04,-6.25E-05
1128,-5.85E-04,-5.63E-04,-3.75E-04,-1.28E-04,-2.77E-04,-2.05E-04,-9.23E-04,-5.99E-04,-3.00E-05,-1.82E-04,-1.52E-04,-3.30E-04,6.96E-05,1.49E-04,-2.49E-04,-6.21E-05,-4.67E-04,-4.66E-04,-1.07E-04,-6.59E-05
1129,-5.77E-04,-5.65E-04,-3.96E-04,-1.35E-04,-2.78E-04,-2.03E-04,-9.43E-04,-6.11E-04,-3.41E-05,-1.80E-04,-1.72E-04,-3.49E-04,5.16E-05,1.31E-04,-2.57E-04,-6.88E-05,-4.85E-04,-4.71E-04,-1.10E-04,-6.93E-05
1130,-5.72E-04,-5.68E-04,-4.15E-04,-1.42E-04,-2.79E-04,-2.01E-04,-9.56E-04,-6.22E-04,-3.81E-05,-1.77E-04,-1.90E-04,-3.66E-04,3.06E-05,1.12E-04,-2.64E-04,-7.52E-05,-5.02E-04,-4.76E-04,-1.14E-04,-7.27E-05
1131,-5.70E-04,-5.72E-04,-4.33E-04,-1.48E-04,-2.79E-04,-2.00E-04,-9.61E-04,-6.33E-04,-4.17E-05,-1.74E-04,-2.07E-04,-3.82E-04,6.80E-06,9.30E-05,-2.71E-04,-8.14E-05,-5.17E-04,-4.79E-04,-1.17E-04,-7.61E-05
1132,-5.72E-04,-5.79E-04,-4.50E-04,-1.54E-04,-2.80E-04,-1.99E-04,-9.61E-04,-6.43E-04,-4.50E-05,-1.72E-04,-2.22E-04,-3.96E-04,-1.93E-05,7.44E-05,-2.77E-04,-8.72E-05,-5.32E-04,-4.81E-04,-1.21E-04,-7.96E-05
1133,-5.78E-04,-5.89E-04,-4.65E-04,-1.59E-04,-2.81E-04,-1.99E-04,-9.57E-04,-6.52E-04,-4.80E-05,-1.70E-04,-2.35E-04,-4.10E-04,-4.70E-05,5.61E-05,-2.83E-04,-9.26E-05,-5.45E-04,-4.84E-04,-1.24E-04,-8.31E-05
1134,-5.88E-04,-6.01E-04,-4.79E-04,-1.63E-04,-2.82E-04,-2.00E-04,-9.51E-04,-6.61E-04,-5.07E-05,-1.67E-04,-2.46E-04,-4.21E-04,-7.57E-05,3.81E-05,-2.88E-04,-9.75E-05,-5.58E-04,-4.86E-04,-1.28E-04,-8.66E-05
1135,-5.99E-04,-6.16E-04,-4.92E-04,-1.66E-04,-2.84E-04,-2.01E-04,-9.42E-04,-6.70E-04,-5.30E-05,-1.65E-04,-2.55E-04,-4.31E-04,-1.05E-04,2.05E-05,-2.92E-04,-1.02E-04,-5.70E-04,-4.90E-04,-1.32E-04,-8.99E-05
1136,-6.12E-04,-6.34E-04,-5.03E-04,-1.68E-04,-2.87E-04,-2.03E-04,-9.34E-04,-6.78E-04,-5.52E-05,-1.64E-04,-2.61E-04,-4.40E-04,-1.33E-04,3.47E-06,-2.96E-04,-1.06E-04,-5.81E-04,-4.94E-04,-1.36E-04,-9.31E-05
1137,-6.26E-04,-6.54E-04,-5.13E-04,-1.68E-04,-2.90E-04,-2.05E-04,-9.26E-04,-6.85E-04,-5.71E-05,-1.62E-04,-2.66E-04,-4.47E-04,-1.59E-04,-1.30E-05,-3.00E-04,-1.10E-04,-5.92E-04,-5.00E-04,-1.41E-04,-9.60E-05
1138,-6.38E-04,-6.76E-04,-5.22E-04,-1.68E-04,-2.94E-04,-2.08E-04,-9.20E-04,-6.92E-04,-5.88E-05,-1.60E-04,-2.68E-04,-4.53E-04,-1.84E-04,-2.87E-05,-3.04E-04,-1.13E-04,-6.03E-04,-5.07E-04,-1.46E-04,-9.85E-05
1139,-6.49E-04,-6.98E-04,-5.31E-04,-1.66E-04,-2.98E-04,-2.10E-04,-9.16E-04,-6.99E-04,-6.04E-05,-1.59E-04,-2.69E-04,-4.59E-04,-2.05E-04,-4.38E-05,-3.07E-04,-1.16E-04,-6.13E-04,-5.15E-04,-1.52E-04,-1.00E-04
1140,-6.58E-04,-7.20E-04,-5.39E-04,-1.64E-04,-3.03E-04,-2.13E-04,-9.14E-04,-7.05E-04,-6.20E-05,-1.57E-04,-2.69E-04,-4.63E-04,-2.23E-04,-5.81E-05,-3.10E-04,-1.18E-04,-6.23E-04,-5.24E-04,-1.57E-04,-1.02E-04
1141,-6.63E-04,-7.40E-04,-5.47E-04,-1.60E-04,-3.07E-04,-2.15E-04,-9.15E-04,-7.10E-04,-6.35E-05,-1.56E-04,-2.67E-04,-4.66E-04,-2.38E-04,-7.15E-05,-3.12E-04,-1.20E-04,-6.33E-04,-5.34E-04,-1.63E-04,-1.02E-04
1142,-6.65E-04,-7.58E-04,-5.54E-04,-1.57E-04,-3.11E-04,-2.17E-04,-9.18E-04,-7.15E-04,-6.49E-05,-1.54E-04,-2.64E-04,-4.69E-04,-2.49E-04,-8.39E-05,-3.14E-04,-1.21E-04,-6.42E-04,-5.44E-04,-1.69E-04,-1.02E-04
1143,-6.64E-04,-7.72E-04,-5.61E-04,-1.52E-04,-3.15E-04,-2.18E-04,-9.23E-04,-7.18E-04,-6.63E-05,-1.52E-04,-2.60E-04,-4.71E-04,-2.56E-04,-9.54E-05,-3.16E-04,-1.22E-04,-6.50E-04,-5.55E-04,-1.74E-04,-1.00E-04
1144,-6.60E-04,-7.83E-04,-5.68E-04,-1.48E-04,-3.18E-04,-2.18E-04,-9.29E-04,-7.21E-04,-6.76E-05,-1.50E-04,-2.57E-04,-4.73E-04,-2.60E-04,-1.06E-04,-3.17E-04,-1.21E-04,-6.57E-04,-5.65E-04,-1.79E-04,-9.78E-05
1145,-6.54E-04,-7.89E-04,-5.75E-04,-1.44E-04,-3.20E-04,-2.18E-04,-9.36E-04,-7.24E-04,-6.88E-05,-1.48E-04,-2.53E-04,-4.75E-04,-2.62E-04,-1.15E-04,-3.17E-04,-1.21E-04,-6.63E-04,-5.73E-04,-1.84E-04,-9.44E-05
1146,-6.45E-04,-7.89E-04,-5.81E-04,-1.39E-04,-3.21E-04,-2.16E-04,-9.42E-04,-7.25E-04,-6.98E-05,-1.45E-04,-2.49E-04,-4.76E-04,-2.61E-04,-1.24E-04,-3.16E-04,-1.19E-04,-6.68E-04,-5.81E-04,-1.87E-04,-9.01E-05
1147,-6.35E-04,-7.85E-04,-5.87E-04,-1.34E-04,-3.21E-04,-2.14E-04,-9.48E-04,-7.25E-04,-7.05E-05,-1.41E-04,-2.46E-04,-4.77E-04,-2.59E-04,-1.31E-04,-3.14E-04,-1.17E-04,-6.72E-04,-5.86E-04,-1.90E-04,-8.48E-05
1148,-6.24E-04,-7.76E-04,-5.93E-04,-1.30E-04,-3.20E-04,-2.10E-04,-9.52E-04,-7.23E-04,-7.09E-05,-1.37E-04,-2.43E-04,-4.78E-04,-2.56E-04,-1.37E-04,-3.12E-04,-1.14E-04,-6.73E-04,-5.89E-04,-1.91E-04,-7.88E-05
1149,-6.13E-04,-7.63E-04,-5.97E-04,-1.25E-04,-3.18E-04,-2.05E-04,-9.55E-04,-7.21E-04,-7.09E-05,-1.32E-04,-2.40E-04,-4.79E-04,-2.53E-04,-1.41E-04,-3.08E-04,-1.11E-04,-6.73E-04,-5.89E-04,-1.92E-04,-7.22E-05
1150,-6.02E-04,-7.47E-04,-6.01E-04,-1.20E-04,-3.14E-04,-2.00E-04,-9.55E-04,-7.17E-04,-7.03E-05,-1.27E-04,-2.39E-04,-4.80E-04,-2.50E-04,-1.45E-04,-3.02E-04,-1.06E-04,-6.72E-04,-5.87E-04,-1.91E-04,-6.51E-05
1151,-5.91E-04,-7.28E-04,-6.03E-04,-1.15E-04,-3.10E-04,-1.93E-04,-9.52E-04,-7.11E-04,-6.91E-05,-1.20E-04,-2.37E-04,-4.81E-04,-2.49E-04,-1.47E-04,-2.96E-04,-1.01E-04,-6.68E-04,-5.81E-04,-1.88E-04,-5.78E-05
1152,-5.80E-04,-7.09E-04,-6.04E-04,-1.09E-04,-3.04E-04,-1.86E-04,-9.47E-04,-7.04E-04,-6.74E-05,-1.14E-04,-2.36E-04,-4.81E-04,-2.50E-04,-1.49E-04,-2.89E-04,-9.49E-05,-6.63E-04,-5.73E-04,-1.85E-04,-5.04E-05
1153,-5.68E-04,-6.90E-04,-6.04E-04,-1.03E-04,-2.98E-04,-1.78E-04,-9.39E-04,-6.95E-04,-6.49E-05,-1.06E-04,-2.36E-04,-4.82E-04,-2.53E-04,-1.49E-04,-2.80E-04,-8.85E-05,-6.56E-04,-5.62E-04,-1.80E-04,-4.32E-05
1154,-5.55E-04,-6.73E-04,-6.02E-04,-9.69E-05,-2.90E-04,-1.70E-04,-9.28E-04,-6.85E-04,-6.18E-05,-9.82E-05,-2.36E-04,-4.83E-04,-2.58E-04,-1.49E-04,-2.71E-04,-8.15E-05,-6.48E-04,-5.50E-04,-1.75E-04,-3.62E-05
1155,-5.41E-04,-6.58E-04,-5.98E-04,-9.00E-05,-2.83E-04,-1.62E-04,-9.14E-04,-6.73E-04,-5.80E-05,-8.98E-05,-2.36E-04,-4.83E-04,-2.65E-04,-1.48E-04,-2.61E-04,-7.42E-05,-6.38E-04,-5.35E-04,-1.69E-04,-2.96E-05
1156,-5.25E-04,-6.47E-04,-5.92E-04,-8.26E-05,-2.75E-04,-1.53E-04,-8.99E-04,-6.60E-04,-5.36E-05,-8.11E-05,-2.36E-04,-4.84E-04,-2.75E-04,-1.46E-04,-2.50E-04,-6.67E-05,-6.27E-04,-5.19E-04,-1.62E-04,-2.36E-05
1157,-5.07E-04,-6.41E-04,-5.85E-04,-7.47E-05,-2.66E-04,-1.45E-04,-8.81E-04,-6.45E-04,-4.87E-05,-7.21E-05,-2.36E-04,-4.86E-04,-2.86E-04,-1.44E-04,-2.38E-04,-5.91E-05,-6.16E-04,-5.02E-04,-1.55E-04,-1.82E-05
1158,-4.85E-04,-6.39E-04,-5.76E-04,-6.64E-05,-2.58E-04,-1.36E-04,-8.61E-04,-6.29E-04,-4.33E-05,-6.30E-05,-2.36E-04,-4.88E-04,-2.98E-04,-1.42E-04,-2.26E-04,-5.15E-05,-6.04E-04,-4.85E-04,-1.47E-04,-1.34E-05
1159,-4.62E-04,-6.43E-04,-5.67E-04,-5.78E-05,-2.49E-04,-1.28E-04,-8.40E-04,-6.12E-04,-3.76E-05,-5.39E-05,-2.35E-04,-4.89E-04,-3.11E-04,-1.40E-04,-2.14E-04,-4.42E-05,-5.92E-04,-4.68E-04,-1.40E-04,-9.18E-06
1160,-4.36E-04,-6.51E-04,-5.56E-04,-4.91E-05,-2.41E-04,-1.19E-04,-8.17E-04,-5.94E-04,-3.17E-05,-4.49E-05,-2.35E-04,-4.92E-04,-3.24E-04,-1.38E-04,-2.01E-04,-3.72E-05,-5.81E-04,-4.52E-04,-1.33E-04,-5.59E-06
1161,-4.08E-04,-6.63E-04,-5.44E-04,-4.04E-05,-2.32E-04,-1.11E-04,-7.92E-04,-5.75E-04,-2.58E-05,-3.62E-05,-2.34E-04,-4.94E-04,-3.36E-04,-1.37E-04,-1.89E-04,-3.06E-05,-5.69E-04,-4.36E-04,-1.26E-04,-2.53E-06
1162,-3.80E-04,-6.79E-04,-5.33E-04,-3.19E-05,-2.23E-04,-1.03E-04,-7.67E-04,-5.56E-04,-1.99E-05,-2.77E-05,-2.34E-04,-4.96E-04,-3.47E-04,-1.36E-04,-1.76E-04,-2.47E-05,-5.59E-04,-4.22E-04,-1.20E-04,9.37E-08
1163,-3.53E-04,-6.97E-04,-5.21E-04,-2.37E-05,-2.14E-04,-9.53E-05,-7.41E-04,-5.37E-04,-1.42E-05,-1.97E-05,-2.33E-04,-4.98E-04,-3.56E-04,-1.35E-04,-1.64E-04,-1.93E-05,-5.49E-04,-4.08E-04,-1.14E-04,2.36E-06
1164,-3.28E-04,-7.16E-04,-5.09E-04,-1.61E-05,-2.05E-04,-8.76E-05,-7.14E-04,-5.18E-04,-8.77E-06,-1.21E-05,-2.32E-04,-5.00E-04,-3.62E-04,-1.35E-04,-1.51E-04,-1.47E-05,-5.41E-04,-3.96E-04,-1.09E-04,4.37E-06
1165,-3.06E-04,-7.34E-04,-4.98E-04,-9.01E-06,-1.95E-04,-7.99E-05,-6.87E-04,-4.99E-04,-3.69E-06,-5.09E-06,-2.31E-04,-5.01E-04,-3.66E-04,-1.36E-04,-1.39E-04,-1.07E-05,-5.33E-04,-3.84E-04,-1.04E-04,6.20E-06
1166,-2.90E-04,-7.51E-04,-4.87E-04,-2.64E-06,-1.86E-04,-7.24E-05,-6.60E-04,-4.81E-04,9.84E-07,1.35E-06,-2.30E-04,-5.01E-04,-3.66E-04,-1.37E-04,-1.27E-04,-7.46E-06,-5.27E-04,-3.74E-04,-9.93E-05,7.90E-06
1167,-2.81E-04,-7.64E-04,-4.78E-04,3.03E-06,-1.76E-04,-6.49E-05,-6.33E-04,-4.64E-04,5.23E-06,7.19E-06,-2.29E-04,-4.99E-04,-3.64E-04,-1.38E-04,-1.15E-04,-4.90E-06,-5.23E-04,-3.64E-04,-9.54E-05,9.53E-06
1168,-2.79E-04,-7.73E-04,-4.69E-04,8.05E-06,-1.66E-04,-5.75E-05,-6.07E-04,-4.47E-04,9.03E-06,1.24E-05,-2.28E-04,-4.96E-04,-3.58E-04,-1.41E-04,-1.04E-04,-3.00E-06,-5.20E-04,-3.55E-04,-9.19E-05,1.11E-05
1169,-2.86E-04,-7.78E-04,-4.61E-04,1.25E-05,-1.56E-04,-5.03E-05,-5.83E-04,-4.31E-04,1.24E-05,1.70E-05,-2.27E-04,-4.91E-04,-3.51E-04,-1.43E-04,-9.30E-05,-1.69E-06,-5.18E-04,-3.46E-04,-8.87E-05,1.25E-05
1170,-3.01E-04,-7.76E-04,-4.55E-04,1.65E-05,-1.46E-04,-4.32E-05,-5.60E-04,-4.16E-04,1.55E-05,2.10E-05,-2.26E-04,-4.85E-04,-3.40E-04,-1.46E-04,-8.26E-05,-9.09E-07,-5.18E-04,-3.37E-04,-8.58E-05,1.38E-05
1171,-3.23E-04,-7.69E-04,-4.49E-04,2.03E-05,-1.35E-04,-3.63E-05,-5.40E-04,-4.03E-04,1.82E-05,2.45E-05,-2.25E-04,-4.76E-04,-3.29E-04,-1.50E-04,-7.27E-05,-5.81E-07,-5.18E-04,-3.28E-04,-8.32E-05,1.49E-05
1172,-3.52E-04,-7.56E-04,-4.44E-04,2.40E-05,-1.25E-04,-2.97E-05,-5.23E-04,-3.90E-04,2.06E-05,2.74E-05,-2.24E-04,-4.64E-04,-3.16E-04,-1.53E-04,-6.36E-05,-6.35E-07,-5.19E-04,-3.19E-04,-8.08E-05,1.58E-05
1173,-3.86E-04,-7.38E-04,-4.40E-04,2.79E-05,-1.15E-04,-2.33E-05,-5.10E-04,-3.77E-04,2.30E-05,2.99E-05,-2.22E-04,-4.51E-04,-3.02E-04,-1.56E-04,-5.52E-05,-9.93E-07,-5.21E-04,-3.10E-04,-7.87E-05,1.62E-05
1174,-4.24E-04,-7.16E-04,-4.37E-04,3.23E-05,-1.06E-04,-1.73E-05,-5.00E-04,-3.66E-04,2.52E-05,3.20E-05,-2.20E-04,-4.36E-04,-2.88E-04,-1.59E-04,-4.77E-05,-1.59E-06,-5.22E-04,-3.00E-04,-7.68E-05,1.61E-05
1175,-4.61E-04,-6.90E-04,-4.33E-04,3.72E-05,-9.70E-05,-1.16E-05,-4.94E-04,-3.55E-04,2.73E-05,3.37E-05,-2.17E-04,-4.19E-04,-2.75E-04,-1.61E-04,-4.11E-05,-2.36E-06,-5.23E-04,-2.91E-04,-7.52E-05,1.55E-05
1176,-4.97E-04,-6.63E-04,-4.30E-04,4.30E-05,-8.86E-05,-6.29E-06,-4.92E-04,-3.44E-04,2.95E-05,3.51E-05,-2.14E-04,-4.00E-04,-2.63E-04,-1.64E-04,-3.56E-05,-3.24E-06,-5.24E-04,-2.82E-04,-7.39E-05,1.43E-05
1177,-5.29E-04,-6.35E-04,-4.27E-04,4.96E-05,-8.08E-05,-1.31E-06,-4.94E-04,-3.33E-04,3.18E-05,3.64E-05,-2.11E-04,-3.81E-04,-2.52E-04,-1.66E-04,-3.13E-05,-4.20E-06,-5.24E-04,-2.73E-04,-7.29E-05,1.24E-05
1178,-5.53E-04,-6.08E-04,-4.24E-04,5.72E-05,-7.37E-05,3.35E-06,-4.98E-04,-3.22E-04,3.41E-05,3.76E-05,-2.06E-04,-3.61E-04,-2.43E-04,-1.67E-04,-2.80E-05,-5.18E-06,-5.22E-04,-2.64E-04,-7.23E-05,9.89E-06
1179,-5.69E-04,-5.83E-04,-4.21E-04,6.59E-05,-6.72E-05,7.74E-06,-5.06E-04,-3.11E-04,3.64E-05,3.88E-05,-2.01E-04,-3.40E-04,-2.35E-04,-1.68E-04,-2.59E-05,-6.15E-06,-5.19E-04,-2.57E-04,-7.22E-05,6.79E-06
1180,-5.74E-04,-5.61E-04,-4.17E-04,7.54E-05,-6.14E-05,1.19E-05,-5.14E-04,-3.00E-04,3.88E-05,4.00E-05,-1.95E-04,-3.21E-04,-2.28E-04,-1.69E-04,-2.48E-05,-7.07E-06,-5.14E-04,-2.50E-04,-7.24E-05,3.17E-06
1181,-5.69E-04,-5.42E-04,-4.13E-04,8.57E-05,-5.60E-05,1.60E-05,-5.24E-04,-2.88E-04,4.12E-05,4.14E-05,-1.89E-04,-3.01E-04,-2.23E-04,-1.69E-04,-2.46E-05,-7.90E-06,-5.07E-04,-2.44E-04,-7.31E-05,-8.42E-07
1182,-5.52E-04,-5.28E-04,-4.08E-04,9.67E-05,-5.10E-05,2.01E-05,-5.33E-04,-2.76E-04,4.36E-05,4.29E-05,-1.82E-04,-2.84E-04,-2.19E-04,-1.70E-04,-2.52E-05,-8.62E-06,-4.99E-04,-2.40E-04,-7.42E-05,-5.09E-06
1183,-5.25E-04,-5.19E-04,-4.03E-04,1.08E-04,-4.63E-05,2.43E-05,-5.40E-04,-2.63E-04,4.59E-05,4.47E-05,-1.74E-04,-2.68E-04,-2.16E-04,-1.70E-04,-2.65E-05,-9.16E-06,-4.88E-04,-2.36E-04,-7.55E-05,-9.40E-06
1184,-4.88E-04,-5.13E-04,-3.98E-04,1.20E-04,-4.15E-05,2.87E-05,-5.45E-04,-2.50E-04,4.81E-05,4.68E-05,-1.66E-04,-2.54E-04,-2.14E-04,-1.69E-04,-2.80E-05,-9.50E-06,-4.76E-04,-2.33E-04,-7.71E-05,-1.36E-05
1185,-4.43E-04,-5.11E-04,-3.92E-04,1.31E-04,-3.67E-05,3.33E-05,-5.46E-04,-2.37E-04,5.02E-05,4.93E-05,-1.58E-04,-2.42E-04,-2.11E-04,-1.69E-04,-2.96E-05,-9.57E-06,-4.62E-04,-2.30E-04,-7.87E-05,-1.75E-05
1186,-3.94E-04,-5.11E-04,-3.86E-04,1.43E-04,-3.15E-05,3.83E-05,-5.42E-04,-2.24E-04,5.20E-05,5.20E-05,-1.50E-04,-2.32E-04,-2.08E-04,-1.69E-04,-3.10E-05,-9.33E-06,-4.46E-04,-2.28E-04,-8.03E-05,-2.08E-05
1187,-3.41E-04,-5.13E-04,-3.80E-04,1.53E-04,-2.59E-05,4.37E-05,-5.34E-04,-2.10E-04,5.37E-05,5.51E-05,-1.42E-04,-2.25E-04,-2.04E-04,-1.68E-04,-3.18E-05,-8.71E-06,-4.30E-04,-2.26E-04,-8.16E-05,-2.36E-05
1188,-2.89E-04,-5.15E-04,-3.74E-04,1.63E-04,-1.98E-05,4.94E-05,-5.20E-04,-1.97E-04,5.51E-05,5.85E-05,-1.34E-04,-2.20E-04,-2.00E-04,-1.68E-04,-3.18E-05,-7.67E-06,-4.13E-04,-2.23E-04,-8.27E-05,-2.55E-05
1189,-2.39E-04,-5.16E-04,-3.67E-04,1.72E-04,-1.30E-05,5.54E-05,-5.02E-04,-1.83E-04,5.64E-05,6.21E-05,-1.26E-04,-2.18E-04,-1.94E-04,-1.68E-04,-3.06E-05,-6.15E-06,-3.95E-04,-2.19E-04,-8.31E-05,-2.66E-05
1190,-1.93E-04,-5.14E-04,-3.60E-04,1.80E-04,-5.46E-06,6.18E-05,-4.78E-04,-1.70E-04,5.75E-05,6.59E-05,-1.19E-04,-2.16E-04,-1.87E-04,-1.67E-04,-2.81E-05,-4.11E-06,-3.78E-04,-2.14E-04,-8.30E-05,-2.68E-05
1191,-1.54E-04,-5.09E-04,-3.53E-04,1.87E-04,2.72E-06,6.83E-05,-4.51E-04,-1.58E-04,5.84E-05,6.98E-05,-1.12E-04,-2.17E-04,-1.79E-04,-1.66E-04,-2.41E-05,-1.53E-06,-3.61E-04,-2.07E-04,-8.21E-05,-2.60E-05
1192,-1.23E-04,-4.99E-04,-3.46E-04,1.93E-04,1.15E-05,7.50E-05,-4.20E-04,-1.45E-04,5.93E-05,7.37E-05,-1.06E-04,-2.18E-04,-1.69E-04,-1.66E-04,-1.85E-05,1.61E-06,-3.45E-04,-1.98E-04,-8.03E-05,-2.45E-05
1193,-9.96E-05,-4.85E-04,-3.38E-04,1.98E-04,2.09E-05,8.15E-05,-3.87E-04,-1.33E-04,6.01E-05,7.74E-05,-1.00E-04,-2.20E-04,-1.58E-04,-1.65E-04,-1.12E-05,5.30E-06,-3.31E-04,-1.87E-04,-7.77E-05,-2.22E-05
1194,-8.44E-05,-4.64E-04,-3.30E-04,2.02E-04,3.06E-05,8.79E-05,-3.53E-04,-1.22E-04,6.10E-05,8.10E-05,-9.55E-05,-2.22E-04,-1.47E-04,-1.63E-04,-2.24E-06,9.49E-06,-3.17E-04,-1.73E-04,-7.43E-05,-1.94E-05
1195,-7.66E-05,-4.39E-04,-3.21E-04,2.05E-04,4.06E-05,9.39E-05,-3.20E-04,-1.11E-04,6.19E-05,8.42E-05,-9.10E-05,-2.24E-04,-1.35E-04,-1.61E-04,8.24E-06,1.41E-05,-3.06E-04,-1.57E-04,-7.01E-05,-1.62E-05
1196,-7.50E-05,-4.09E-04,-3.12E-04,2.08E-04,5.06E-05,9.95E-05,-2.87E-04,-9.99E-05,6.29E-05,8.71E-05,-8.72E-05,-2.25E-04,-1.22E-04,-1.59E-04,2.01E-05,1.92E-05,-2.96E-04,-1.39E-04,-6.52E-05,-1.28E-05
1197,-7.78E-05,-3.75E-04,-3.02E-04,2.10E-04,6.06E-05,1.04E-04,-2.58E-04,-8.93E-05,6.41E-05,8.94E-05,-8.38E-05,-2.25E-04,-1.09E-04,-1.57E-04,3.29E-05,2.45E-05,-2.88E-04,-1.18E-04,-5.99E-05,-9.43E-06
1198,-8.32E-05,-3.38E-04,-2.91E-04,2.13E-04,7.03E-05,1.09E-04,-2.31E-04,-7.88E-05,6.53E-05,9.11E-05,-8.09E-05,-2.23E-04,-9.70E-05,-1.54E-04,4.66E-05,3.00E-05,-2.81E-04,-9.67E-05,-5.42E-05,-6.35E-06
1199,-8.92E-05,-3.00E-04,-2.80E-04,2.14E-04,7.97E-05,1.12E-04,-2.08E-04,-6.84E-05,6.67E-05,9.23E-05,-7.84E-05,-2.20E-04,-8.49E-05,-1.50E-04,6.06E-05,3.55E-05,-2.76E-04,-7.39E-05,-4.83E-05,-3.74E-06
1200,-9.39E-05,-2.63E-04,-2.68E-04,2.16E-04,8.85E-05,1.15E-04,-1.89E-04,-5.80E-05,6.82E-05,9.28E-05,-7.63E-05,-2.15E-04,-7.34E-05,-1.46E-04,7.46E-05,4.09E-05,-2.72E-04,-5.06E-05,-4.26E-05,-1.77E-06
1201,-9.57E-05,-2.26E-04,-2.56E-04,2.18E-04,9.67E-05,1.17E-04,-1.74E-04,-4.74E-05,6.97E-05,9.26E-05,-7.43E-05,-2.08E-04,-6.26E-05,-1.42E-04,8.82E-05,4.60E-05,-2.69E-04,-2.74E-05,-3.72E-05,-5.74E-07
1202,-9.33E-05,-1.93E-04,-2.44E-04,2.20E-04,1.04E-04,1.19E-04,-1.63E-04,-3.66E-05,7.12E-05,9.19E-05,-7.24E-05,-1.99E-04,-5.26E-05,-1.38E-04,1.01E-04,5.09E-05,-2.67E-04,-4.86E-06,-3.23E-05,-2.42E-07
1203,-8.61E-05,-1.65E-04,-2.32E-04,2.22E-04,1.11E-04,1.20E-04,-1.54E-04,-2.57E-05,7.26E-05,9.05E-05,-7.05E-05,-1.88E-04,-4.34E-05,-1.34E-04,1.13E-04,5.52E-05,-2.64E-04,1.64E-05,-2.80E-05,-8.17E-07
1204,-7.39E-05,-1.42E-04,-2.20E-04,2.24E-04,1.18E-04,1.20E-04,-1.48E-04,-1.45E-05,7.38E-05,8.88E-05,-6.85E-05,-1.76E-04,-3.51E-05,-1.29E-04,1.23E-04,5.91E-05,-2.62E-04,3.59E-05,-2.46E-05,-2.28E-06
1205,-5.73E-05,-1.26E-04,-2.08E-04,2.27E-04,1.23E-04,1.20E-04,-1.42E-04,-3.31E-06,7.49E-05,8.66E-05,-6.62E-05,-1.62E-04,-2.74E-05,-1.25E-04,1.32E-04,6.23E-05,-2.60E-04,5.33E-05,-2.20E-05,-4.58E-06
1206,-3.73E-05,-1.16E-04,-1.97E-04,2.29E-04,1.29E-04,1.20E-04,-1.36E-04,7.96E-06,7.57E-05,8.42E-05,-6.36E-05,-1.47E-04,-2.03E-05,-1.21E-04,1.39E-04,6.50E-05,-2.56E-04,6.82E-05,-2.03E-05,-7.59E-06
1207,-1.50E-05,-1.13E-04,-1.87E-04,2.31E-04,1.34E-04,1.19E-04,-1.30E-04,1.92E-05,7.63E-05,8.16E-05,-6.05E-05,-1.31E-04,-1.38E-05,-1.17E-04,1.44E-04,6.72E-05,-2.52E-04,8.06E-05,-1.95E-05,-1.12E-05
1208,7.74E-06,-1.16E-04,-1.77E-04,2.34E-04,1.38E-04,1.19E-04,-1.21E-04,3.03E-05,7.65E-05,7.91E-05,-5.67E-05,-1.15E-04,-7.57E-06,-1.13E-04,1.48E-04,6.89E-05,-2.48E-04,9.04E-05,-1.95E-05,-1.51E-05
1209,2.93E-05,-1.25E-04,-1.69E-04,2.36E-04,1.43E-04,1.19E-04,-1.09E-04,4.11E-05,7.65E-05,7.67E-05,-5.23E-05,-9.90E-05,-1.62E-06,-1.09E-04,1.50E-04,7.02E-05,-2.42E-04,9.77E-05,-2.02E-05,-1.92E-05
1210,4.80E-05,-1.38E-04,-1.62E-04,2.39E-04,1.48E-04,1.20E-04,-9.33E-05,5.15E-05,7.63E-05,7.45E-05,-4.70E-05,-8.31E-05,4.16E-06,-1.05E-04,1.51E-04,7.14E-05,-2.35E-04,1.03E-04,-2.14E-05,-2.33E-05
1211,6.25E-05,-1.53E-04,-1.55E-04,2.41E-04,1.52E-04,1.20E-04,-7.42E-05,6.16E-05,7.60E-05,7.29E-05,-4.08E-05,-6.77E-05,9.86E-06,-1.01E-04,1.52E-04,7.26E-05,-2.27E-04,1.06E-04,-2.28E-05,-2.71E-05
1212,7.18E-05,-1.70E-04,-1.50E-04,2.44E-04,1.57E-04,1.21E-04,-5.15E-05,7.12E-05,7.57E-05,7.17E-05,-3.37E-05,-5.33E-05,1.55E-05,-9.75E-05,1.51E-04,7.40E-05,-2.19E-04,1.08E-04,-2.42E-05,-3.03E-05
1213,7.54E-05,-1.86E-04,-1.46E-04,2.47E-04,1.62E-04,1.23E-04,-2.56E-05,8.04E-05,7.54E-05,7.13E-05,-2.55E-05,-3.99E-05,2.12E-05,-9.33E-05,1.51E-04,7.58E-05,-2.09E-04,1.09E-04,-2.54E-05,-3.29E-05
1214,7.33E-05,-2.00E-04,-1.41E-04,2.51E-04,1.68E-04,1.25E-04,2.99E-06,8.93E-05,7.54E-05,7.16E-05,-1.63E-05,-2.79E-05,2.69E-05,-8.86E-05,1.51E-04,7.83E-05,-1.99E-04,1.10E-04,-2.61E-05,-3.46E-05
1215,6.62E-05,-2.09E-04,-1.37E-04,2.55E-04,1.74E-04,1.27E-04,3.33E-05,9.79E-05,7.58E-05,7.28E-05,-6.19E-06,-1.72E-05,3.26E-05,-8.31E-05,1.52E-04,8.16E-05,-1.87E-04,1.11E-04,-2.61E-05,-3.53E-05
1216,5.52E-05,-2.13E-04,-1.33E-04,2.61E-04,1.80E-04,1.30E-04,6.43E-05,1.07E-04,7.67E-05,7.50E-05,4.88E-06,-7.92E-06,3.83E-05,-7.67E-05,1.55E-04,8.60E-05,-1.76E-04,1.13E-04,-2.51E-05,-3.48E-05
1217,4.20E-05,-2.10E-04,-1.28E-04,2.67E-04,1.86E-04,1.33E-04,9.51E-05,1.15E-04,7.83E-05,7.82E-05,1.68E-05,5.08E-08,4.41E-05,-6.93E-05,1.59E-04,9.17E-05,-1.63E-04,1.17E-04,-2.30E-05,-3.32E-05
1218,2.84E-05,-1.99E-04,-1.22E-04,2.74E-04,1.94E-04,1.37E-04,1.25E-04,1.25E-04,8.08E-05,8.24E-05,2.93E-05,6.87E-06,4.98E-05,-6.05E-05,1.66E-04,9.87E-05,-1.49E-04,1.22E-04,-1.95E-05,-3.03E-05
1219,1.67E-05,-1.81E-04,-1.15E-04,2.83E-04,2.01E-04,1.41E-04,1.52E-04,1.35E-04,8.42E-05,8.78E-05,4.23E-05,1.28E-05,5.57E-05,-5.03E-05,1.74E-04,1.07E-04,-1.35E-04,1.30E-04,-1.47E-05,-2.62E-05
1220,8.86E-06,-1.54E-04,-1.06E-04,2.93E-04,2.10E-04,1.46E-04,1.76E-04,1.46E-04,8.87E-05,9.44E-05,5.56E-05,1.81E-05,6.18E-05,-3.87E-05,1.86E-04,1.17E-04,-1.19E-04,1.40E-04,-8.34E-06,-2.09E-05
1221,6.78E-06,-1.20E-04,-9.47E-05,3.05E-04,2.19E-04,1.51E-04,1.98E-04,1.59E-04,9.42E-05,1.02E-04,6.89E-05,2.32E-05,6.83E-05,-2.54E-05,1.99E-04,1.29E-04,-1.02E-04,1.53E-04,-4.99E-07,-1.44E-05
1222,1.19E-05,-7.93E-05,-8.13E-05,3.17E-04,2.29E-04,1.56E-04,2.16E-04,1.74E-04,1.01E-04,1.11E-04,8.20E-05,2.85E-05,7.53E-05,-1.07E-05,2.16E-04,1.42E-04,-8.34E-05,1.68E-04,8.84E-06,-6.88E-06
1223,2.53E-05,-3.26E-05,-6.54E-05,3.31E-04,2.39E-04,1.63E-04,2.31E-04,1.91E-04,1.09E-04,1.21E-04,9.46E-05,3.44E-05,8.30E-05,5.56E-06,2.35E-04,1.56E-04,-6.33E-05,1.86E-04,1.96E-05,1.65E-06
1224,4.73E-05,1.86E-05,-4.71E-05,3.46E-04,2.51E-04,1.70E-04,2.43E-04,2.10E-04,1.18E-04,1.33E-04,1.07E-04,4.13E-05,9.17E-05,2.32E-05,2.56E-04,1.71E-04,-4.16E-05,2.07E-04,3.17E-05,1.11E-05
1225,7.76E-05,7.29E-05,-2.63E-05,3.62E-04,2.65E-04,1.78E-04,2.54E-04,2.31E-04,1.27E-04,1.45E-04,1.18E-04,4.97E-05,1.02E-04,4.20E-05,2.79E-04,1.88E-04,-1.80E-05,2.30E-04,4.51E-05,2.13E-05
1226,1.15E-04,1.29E-04,-3.05E-06,3.78E-04,2.79E-04,1.87E-04,2.65E-04,2.55E-04,1.38E-04,1.58E-04,1.28E-04,5.98E-05,1.13E-04,6.18E-05,3.04E-04,2.06E-04,7.36E-06,2.55E-04,5.95E-05,3.22E-05
1227,1.59E-04,1.85E-04,2.24E-05,3.95E-04,2.95E-04,1.98E-04,2.77E-04,2.81E-04,1.50E-04,1.73E-04,1.36E-04,7.20E-05,1.27E-04,8.25E-05,3.30E-04,2.24E-04,3.44E-05,2.81E-04,7.49E-05,4.37E-05
1228,2.06E-04,2.40E-04,4.97E-05,4.11E-04,3.12E-04,2.10E-04,2.91E-04,3.10E-04,1.62E-04,1.88E-04,1.44E-04,8.63E-05,1.42E-04,1.04E-04,3.57E-04,2.42E-04,6.31E-05,3.08E-04,9.11E-05,5.57E-05
1229,2.56E-04,2.92E-04,7.87E-05,4.28E-04,3.31E-04,2.23E-04,3.09E-04,3.40E-04,1.74E-04,2.04E-04,1.51E-04,1.03E-04,1.59E-04,1.25E-04,3.85E-04,2.61E-04,9.30E-05,3.37E-04,1.08E-04,6.80E-05
1230,3.05E-04,3.41E-04,1.09E-04,4.44E-04,3.52E-04,2.37E-04,3.32E-04,3.73E-04,1.87E-04,2.21E-04,1.56E-04,1.22E-04,1.79E-04,1.47E-04,4.13E-04,2.80E-04,1.24E-04,3.65E-04,1.25E-04,8.06E-05
1231,3.51E-04,3.86E-04,1.40E-04,4.60E-04,3.73E-04,2.53E-04,3.61E-04,4.08E-04,2.00E-04,2.38E-04,1.60E-04,1.43E-04,2.02E-04,1.68E-04,4.41E-04,2.99E-04,1.56E-04,3.94E-04,1.43E-04,9.34E-05
1232,3.93E-04,4.27E-04,1.72E-04,4.74E-04,3.96E-04,2.69E-04,3.96E-04,4.43E-04,2.12E-04,2.56E-04,1.64E-04,1.65E-04,2.26E-04,1.89E-04,4.69E-04,3.18E-04,1.87E-04,4.23E-04,1.61E-04,1.06E-04
1233,4.29E-04,4.63E-04,2.04E-04,4.88E-04,4.20E-04,2.87E-04,4.37E-04,4.80E-04,2.25E-04,2.73E-04,1.68E-04,1.90E-04,2.53E-04,2.09E-04,4.96E-04,3.36E-04,2.19E-04,4.51E-04,1.79E-04,1.19E-04
1234,4.58E-04,4.96E-04,2.35E-04,5.02E-04,4.45E-04,3.05E-04,4.85E-04,5.17E-04,2.37E-04,2.90E-04,1.71E-04,2.15E-04,2.81E-04,2.29E-04,5.22E-04,3.54E-04,2.50E-04,4.78E-04,1.96E-04,1.32E-04
1235,4.80E-04,5.24E-04,2.66E-04,5.14E-04,4.69E-04,3.24E-04,5.38E-04,5.53E-04,2.49E-04,3.07E-04,1.75E-04,2.41E-04,3.11E-04,2.47E-04,5.47E-04,3.70E-04,2.79E-04,5.05E-04,2.14E-04,1.44E-04
1236,4.95E-04,5.49E-04,2.97E-04,5.26E-04,4.94E-04,3.42E-04,5.95E-04,5.90E-04,2.60E-04,3.23E-04,1.79E-04,2.68E-04,3.42E-04,2.65E-04,5.71E-04,3.86E-04,3.07E-04,5.30E-04,2.31E-04,1.56E-04
1237,5.05E-04,5.71E-04,3.27E-04,5.37E-04,5.19E-04,3.60E-04,6.54E-04,6.26E-04,2.71E-04,3.38E-04,1.84E-04,2.94E-04,3.74E-04,2.81E-04,5.94E-04,4.02E-04,3.34E-04,5.54E-04,2.48E-04,1.68E-04
1238,5.11E-04,5.92E-04,3.55E-04,5.47E-04,5.42E-04,3.77E-04,7.15E-04,6.60E-04,2.80E-04,3.51E-04,1.91E-04,3.20E-04,4.05E-04,2.97E-04,6.14E-04,4.16E-04,3.58E-04,5.77E-04,2.64E-04,1.79E-04
1239,5.15E-04,6.11E-04,3.82E-04,5.57E-04,5.65E-04,3.94E-04,7.74E-04,6.94E-04,2.90E-04,3.63E-04,1.99E-04,3.46E-04,4.35E-04,3.11E-04,6.34E-04,4.29E-04,3.81E-04,5.99E-04,2.79E-04,1.89E-04
1240,5.18E-04,6.30E-04,4.08E-04,5.67E-04,5.86E-04,4.08E-04,8.30E-04,7.25E-04,2.98E-04,3.74E-04,2.10E-04,3.70E-04,4.64E-04,3.24E-04,6.51E-04,4.41E-04,4.01E-04,6.19E-04,2.93E-04,1.98E-04
1241,5.23E-04,6.49E-04,4.33E-04,5.76E-04,6.05E-04,4.21E-04,8.81E-04,7.55E-04,3.05E-04,3.83E-04,2.21E-04,3.93E-04,4.92E-04,3.36E-04,6.67E-04,4.53E-04,4.20E-04,6.38E-04,3.06E-04,2.07E-04
1242,5.32E-04,6.68E-04,4.57E-04,5.84E-04,6.21E-04,4.31E-04,9.24E-04,7.83E-04,3.12E-04,3.89E-04,2.35E-04,4.16E-04,5.17E-04,3.46E-04,6.80E-04,4.63E-04,4.38E-04,6.56E-04,3.18E-04,2.14E-04
1243,5.47E-04,6.88E-04,4.79E-04,5.93E-04,6.36E-04,4.39E-04,9.59E-04,8.09E-04,3.18E-04,3.94E-04,2.51E-04,4.37E-04,5.39E-04,3.56E-04,6.92E-04,4.72E-04,4.54E-04,6.73E-04,3.29E-04,2.20E-04
1244,5.67E-04,7.09E-04,5.00E-04,6.00E-04,6.48E-04,4.45E-04,9.85E-04,8.33E-04,3.23E-04,3.97E-04,2.67E-04,4.57E-04,5.58E-04,3.64E-04,7.02E-04,4.80E-04,4.70E-04,6.88E-04,3.38E-04,2.25E-04
1245,5.95E-04,7.30E-04,5.20E-04,6.07E-04,6.58E-04,4.48E-04,1.00E-03,8.55E-04,3.27E-04,3.98E-04,2.85E-04,4.77E-04,5.74E-04,3.71E-04,7.09E-04,4.87E-04,4.85E-04,7.02E-04,3.46E-04,2.28E-04
1246,6.28E-04,7.51E-04,5.38E-04,6.13E-04,6.65E-04,4.48E-04,1.01E-03,8.75E-04,3.31E-04,3.97E-04,3.04E-04,4.96E-04,5.86E-04,3.76E-04,7.15E-04,4.93E-04,5.00E-04,7.15E-04,3.53E-04,2.31E-04
1247,6.67E-04,7.73E-04,5.56E-04,6.17E-04,6.71E-04,4.47E-04,1.01E-03,8.94E-04,3.33E-04,3.95E-04,3.23E-04,5.16E-04,5.96E-04,3.80E-04,7.18E-04,4.98E-04,5.16E-04,7.27E-04,3.59E-04,2.32E-04
1248,7.09E-04,7.93E-04,5.72E-04,6.20E-04,6.74E-04,4.43E-04,9.95E-04,9.10E-04,3.35E-04,3.91E-04,3.41E-04,5.35E-04,6.02E-04,3.83E-04,7.19E-04,5.02E-04,5.33E-04,7.37E-04,3.63E-04,2.32E-04
1249,7.53E-04,8.12E-04,5.87E-04,6.21E-04,6.76E-04,4.37E-04,9.78E-04,9.24E-04,3.37E-04,3.85E-04,3.59E-04,5.56E-04,6.05E-04,3.84E-04,7.17E-04,5.05E-04,5.51E-04,7.46E-04,3.65E-04,2.32E-04
1250,7.95E-04,8.30E-04,6.02E-04,6.20E-04,6.76E-04,4.29E-04,9.57E-04,9.36E-04,3.37E-04,3.78E-04,3.75E-04,5.76E-04,6.07E-04,3.84E-04,7.14E-04,5.06E-04,5.70E-04,7.54E-04,3.67E-04,2.30E-04
1251,8.33E-04,8.46E-04,6.15E-04,6.17E-04,6.75E-04,4.20E-04,9.34E-04,9.47E-04,3.37E-04,3.70E-04,3.89E-04,5.98E-04,6.06E-04,3.82E-04,7.09E-04,5.07E-04,5.89E-04,7.61E-04,3.68E-04,2.28E-04
1252,8.65E-04,8.59E-04,6.27E-04,6.11E-04,6.73E-04,4.11E-04,9.11E-04,9.55E-04,3.36E-04,3.62E-04,4.01E-04,6.20E-04,6.04E-04,3.78E-04,7.02E-04,5.07E-04,6.10E-04,7.66E-04,3.68E-04,2.25E-04
1253,8.88E-04,8.70E-04,6.38E-04,6.03E-04,6.71E-04,4.00E-04,8.90E-04,9.62E-04,3.35E-04,3.52E-04,4.11E-04,6.42E-04,6.02E-04,3.73E-04,6.93E-04,5.06E-04,6.31E-04,7.70E-04,3.67E-04,2.22E-04
1254,9.01E-04,8.79E-04,6.48E-04,5.92E-04,6.67E-04,3.89E-04,8.73E-04,9.66E-04,3.32E-04,3.42E-04,4.17E-04,6.63E-04,5.99E-04,3.66E-04,6.83E-04,5.04E-04,6.52E-04,7.73E-04,3.65E-04,2.19E-04
1255,9.03E-04,8.86E-04,6.57E-04,5.79E-04,6.64E-04,3.77E-04,8.63E-04,9.68E-04,3.29E-04,3.31E-04,4.21E-04,6.84E-04,5.96E-04,3.57E-04,6.71E-04,5.02E-04,6.73E-04,7.74E-04,3.63E-04,2.15E-04
1256,8.93E-04,8.91E-04,6.66E-04,5.64E-04,6.60E-04,3.66E-04,8.59E-04,9.67E-04,3.26E-04,3.20E-04,4.21E-04,7.04E-04,5.94E-04,3.47E-04,6.58E-04,4.99E-04,6.92E-04,7.74E-04,3.60E-04,2.12E-04
1257,8.73E-04,8.94E-04,6.74E-04,5.46E-04,6.56E-04,3.54E-04,8.62E-04,9.64E-04,3.22E-04,3.08E-04,4.19E-04,7.21E-04,5.94E-04,3.35E-04,6.45E-04,4.95E-04,7.11E-04,7.72E-04,3.57E-04,2.08E-04
1258,8.43E-04,8.96E-04,6.81E-04,5.26E-04,6.51E-04,3.42E-04,8.73E-04,9.59E-04,3.17E-04,2.95E-04,4.14E-04,7.35E-04,5.94E-04,3.22E-04,6.30E-04,4.90E-04,7.27E-04,7.68E-04,3.53E-04,2.05E-04
1259,8.06E-04,8.98E-04,6.88E-04,5.06E-04,6.45E-04,3.29E-04,8.90E-04,9.50E-04,3.12E-04,2.82E-04,4.07E-04,7.45E-04,5.96E-04,3.07E-04,6.15E-04,4.85E-04,7.41E-04,7.62E-04,3.49E-04,2.02E-04
1260,7.65E-04,8.99E-04,6.94E-04,4.84E-04,6.39E-04,3.17E-04,9.12E-04,9.39E-04,3.06E-04,2.68E-04,3.98E-04,7.51E-04,5.99E-04,2.91E-04,5.99E-04,4.79E-04,7.52E-04,7.54E-04,3.45E-04,1.99E-04
1261,7.22E-04,9.01E-04,7.00E-04,4.61E-04,6.32E-04,3.04E-04,9.38E-04,9.24E-04,2.99E-04,2.53E-04,3.88E-04,7.51E-04,6.03E-04,2.73E-04,5.83E-04,4.72E-04,7.61E-04,7.44E-04,3.40E-04,1.97E-04
1262,6.80E-04,9.03E-04,7.06E-04,4.38E-04,6.23E-04,2.90E-04,9.65E-04,9.07E-04,2.91E-04,2.37E-04,3.77E-04,7.47E-04,6.08E-04,2.55E-04,5.66E-04,4.65E-04,7.66E-04,7.32E-04,3.34E-04,1.94E-04
1263,6.43E-04,9.05E-04,7.11E-04,4.14E-04,6.13E-04,2.75E-04,9.91E-04,8.87E-04,2.83E-04,2.20E-04,3.66E-04,7.37E-04,6.14E-04,2.35E-04,5.48E-04,4.57E-04,7.68E-04,7.16E-04,3.28E-04,1.91E-04
1264,6.12E-04,9.08E-04,7.16E-04,3.91E-04,6.01E-04,2.60E-04,1.01E-03,8.63E-04,2.74E-04,2.02E-04,3.55E-04,7.22E-04,6.19E-04,2.14E-04,5.30E-04,4.49E-04,7.66E-04,6.98E-04,3.21E-04,1.87E-04
1265,5.91E-04,9.10E-04,7.20E-04,3.68E-04,5.88E-04,2.43E-04,1.03E-03,8.36E-04,2.64E-04,1.83E-04,3.44E-04,7.02E-04,6.24E-04,1.92E-04,5.11E-04,4.39E-04,7.62E-04,6.78E-04,3.12E-04,1.84E-04
1266,5.80E-04,9.11E-04,7.23E-04,3.46E-04,5.73E-04,2.25E-04,1.04E-03,8.07E-04,2.53E-04,1.62E-04,3.35E-04,6.77E-04,6.28E-04,1.68E-04,4.90E-04,4.28E-04,7.55E-04,6.54E-04,3.03E-04,1.79E-04
1267,5.80E-04,9.11E-04,7.25E-04,3.24E-04,5.56E-04,2.06E-04,1.04E-03,7.74E-04,2.41E-04,1.40E-04,3.26E-04,6.49E-04,6.30E-04,1.44E-04,4.69E-04,4.17E-04,7.46E-04,6.27E-04,2.92E-04,1.74E-04
1268,5.90E-04,9.09E-04,7.25E-04,3.03E-04,5.37E-04,1.86E-04,1.03E-03,7.39E-04,2.28E-04,1.16E-04,3.17E-04,6.18E-04,6.29E-04,1.19E-04,4.46E-04,4.04E-04,7.35E-04,5.98E-04,2.79E-04,1.68E-04
1269,6.09E-04,9.03E-04,7.23E-04,2.83E-04,5.16E-04,1.66E-04,1.00E-03,7.00E-04,2.14E-04,9.20E-05,3.10E-04,5.84E-04,6.27E-04,9.27E-05,4.23E-04,3.91E-04,7.22E-04,5.66E-04,2.66E-04,1.61E-04
1270,6.35E-04,8.94E-04,7.19E-04,2.62E-04,4.94E-04,1.44E-04,9.64E-04,6.59E-04,1.99E-04,6.68E-05,3.03E-04,5.51E-04,6.21E-04,6.55E-05,3.98E-04,3.76E-04,7.07E-04,5.31E-04,2.50E-04,1.53E-04
1271,6.65E-04,8.79E-04,7.12E-04,2.43E-04,4.70E-04,1.22E-04,9.15E-04,6.16E-04,1.83E-04,4.09E-05,2.96E-04,5.17E-04,6.13E-04,3.72E-05,3.72E-04,3.60E-04,6.91E-04,4.94E-04,2.34E-04,1.44E-04
1272,6.96E-04,8.60E-04,7.03E-04,2.23E-04,4.46E-04,9.94E-05,8.54E-04,5.70E-04,1.66E-04,1.46E-05,2.88E-04,4.85E-04,6.02E-04,8.01E-06,3.45E-04,3.44E-04,6.74E-04,4.55E-04,2.16E-04,1.34E-04
1273,7.24E-04,8.34E-04,6.90E-04,2.03E-04,4.21E-04,7.72E-05,7.83E-04,5.23E-04,1.48E-04,-1.16E-05,2.80E-04,4.55E-04,5.87E-04,-2.22E-05,3.17E-04,3.26E-04,6.56E-04,4.15E-04,1.97E-04,1.23E-04
1274,7.45E-04,8.02E-04,6.73E-04,1.83E-04,3.96E-04,5.56E-05,7.04E-04,4.73E-04,1.30E-04,-3.76E-05,2.71E-04,4.27E-04,5.70E-04,-5.32E-05,2.89E-04,3.08E-04,6.37E-04,3.74E-04,1.78E-04,1.12E-04
1275,7.57E-04,7.63E-04,6.53E-04,1.62E-04,3.70E-04,3.47E-05,6.18E-04,4.21E-04,1.11E-04,-6.30E-05,2.60E-04,4.04E-04,5.50E-04,-8.51E-05,2.61E-04,2.88E-04,6.16E-04,3.31E-04,1.57E-04,1.00E-04
1276,7.58E-04,7.18E-04,6.29E-04,1.42E-04,3.45E-04,1.51E-05,5.28E-04,3.68E-04,9.16E-05,-8.74E-05,2.46E-04,3.83E-04,5.28E-04,-1.18E-04,2.32E-04,2.69E-04,5.94E-04,2.89E-04,1.37E-04,8.77E-05
1277,7.44E-04,6.68E-04,6.01E-04,1.21E-04,3.21E-04,-3.12E-06,4.35E-04,3.14E-04,7.21E-05,-1.10E-04,2.30E-04,3.67E-04,5.04E-04,-1.51E-04,2.05E-04,2.49E-04,5.70E-04,2.47E-04,1.16E-04,7.52E-05
1278,7.15E-04,6.12E-04,5.70E-04,9.96E-05,2.97E-04,-1.96E-05,3.43E-04,2.59E-04,5.25E-05,-1.32E-04,2.12E-04,3.53E-04,4.78E-04,-1.85E-04,1.78E-04,2.29E-04,5.44E-04,2.05E-04,9.57E-05,6.28E-05
1279,6.71E-04,5.52E-04,5.35E-04,7.83E-05,2.74E-04,-3.42E-05,2.53E-04,2.03E-04,3.30E-05,-1.52E-04,1.90E-04,3.42E-04,4.52E-04,-2.18E-04,1.53E-04,2.09E-04,5.16E-04,1.64E-04,7.56E-05,5.08E-05
1280,6.13E-04,4.89E-04,4.97E-04,5.70E-05,2.52E-04,-4.69E-05,1.67E-04,1.47E-04,1.39E-05,-1.69E-04,1.65E-04,3.33E-04,4.25E-04,-2.53E-04,1.29E-04,1.89E-04,4.86E-04,1.25E-04,5.62E-05,3.92E-05
1281,5.42E-04,4.23E-04,4.57E-04,3.60E-05,2.31E-04,-5.76E-05,8.59E-05,9.08E-05,-4.76E-06,-1.85E-04,1.38E-04,3.24E-04,3.97E-04,-2.87E-04,1.07E-04,1.70E-04,4.53E-04,8.69E-05,3.75E-05,2.83E-05
1282,4.60E-04,3.57E-04,4.15E-04,1.54E-05,2.10E-04,-6.63E-05,1.09E-05,3.50E-05,-2.28E-05,-1.98E-04,1.08E-04,3.16E-04,3.70E-04,-3.20E-04,8.64E-05,1.50E-04,4.18E-04,5.07E-05,1.96E-05,1.82E-05
1283,3.71E-04,2.91E-04,3.71E-04,-4.42E-06,1.91E-04,-7.32E-05,-5.75E-05,-2.03E-05,-4.01E-05,-2.09E-04,7.53E-05,3.06E-04,3.43E-04,-3.54E-04,6.74E-05,1.32E-04,3.80E-04,1.62E-05,2.67E-06,9.03E-06
1284,2.78E-04,2.26E-04,3.27E-04,-2.33E-05,1.72E-04,-7.84E-05,-1.19E-04,-7.45E-05,-5.66E-05,-2.17E-04,4.15E-05,2.94E-04,3.15E-04,-3.86E-04,4.99E-05,1.14E-04,3.41E-04,-1.64E-05,-1.34E-05,8.72E-07
1285,1.83E-04,1.64E-04,2.82E-04,-4.10E-05,1.54E-04,-8.22E-05,-1.75E-04,-1.28E-04,-7.22E-05,-2.24E-04,6.77E-06,2.79E-04,2.88E-04,-4.18E-04,3.35E-05,9.64E-05,2.99E-04,-4.73E-05,-2.86E-05,-6.28E-06
1286,9.18E-05,1.04E-04,2.37E-04,-5.74E-05,1.36E-04,-8.49E-05,-2.25E-04,-1.79E-04,-8.71E-05,-2.28E-04,-2.83E-05,2.61E-04,2.61E-04,-4.49E-04,1.82E-05,7.95E-05,2.57E-04,-7.67E-05,-4.30E-05,-1.24E-05
1287,5.84E-06,4.82E-05,1.93E-04,-7.23E-05,1.19E-04,-8.66E-05,-2.70E-04,-2.29E-04,-1.01E-04,-2.31E-04,-6.31E-05,2.38E-04,2.34E-04,-4.79E-04,3.31E-06,6.31E-05,2.14E-04,-1.05E-04,-5.68E-05,-1.77E-05
1288,-7.16E-05,-3.81E-06,1.50E-04,-8.55E-05,1.01E-04,-8.78E-05,-3.12E-04,-2.76E-04,-1.14E-04,-2.32E-04,-9.68E-05,2.10E-04,2.06E-04,-5.08E-04,-1.14E-05,4.70E-05,1.70E-04,-1.32E-04,-7.00E-05,-2.20E-05
1289,-1.39E-04,-5.17E-05,1.09E-04,-9.71E-05,8.31E-05,-8.86E-05,-3.51E-04,-3.22E-04,-1.27E-04,-2.31E-04,-1.29E-04,1.79E-04,1.78E-04,-5.36E-04,-2.63E-05,3.14E-05,1.27E-04,-1.58E-04,-8.29E-05,-2.57E-05
1290,-1.93E-04,-9.57E-05,6.90E-05,-1.07E-04,6.50E-05,-8.92E-05,-3.88E-04,-3.65E-04,-1.39E-04,-2.30E-04,-1.59E-04,1.43E-04,1.49E-04,-5.62E-04,-4.17E-05,1.60E-05,8.56E-05,-1.83E-04,-9.55E-05,-2.87E-05
1291,-2.35E-04,-1.36E-04,3.15E-05,-1.15E-04,4.68E-05,-8.98E-05,-4.25E-04,-4.05E-04,-1.51E-04,-2.27E-04,-1.86E-04,1.04E-04,1.18E-04,-5.86E-04,-5.80E-05,8.54E-07,4.55E-05,-2.08E-04,-1.08E-04,-3.12E-05
1292,-2.65E-04,-1.73E-04,-4.01E-06,-1.22E-04,2.82E-05,-9.07E-05,-4.63E-04,-4.43E-04,-1.62E-04,-2.24E-04,-2.10E-04,6.24E-05,8.67E-05,-6.09E-04,-7.54E-05,-1.41E-05,7.44E-06,-2.33E-04,-1.20E-04,-3.33E-05
1293,-2.82E-04,-2.08E-04,-3.74E-05,-1.28E-04,9.47E-06,-9.17E-05,-5.01E-04,-4.79E-04,-1.73E-04,-2.20E-04,-2.31E-04,1.93E-05,5.38E-05,-6.30E-04,-9.40E-05,-2.90E-05,-2.81E-05,-2.57E-04,-1.33E-04,-3.50E-05
1294,-2.89E-04,-2.40E-04,-6.86E-05,-1.32E-04,-9.35E-06,-9.30E-05,-5.40E-04,-5.12E-04,-1.84E-04,-2.15E-04,-2.49E-04,-2.42E-05,1.95E-05,-6.49E-04,-1.14E-04,-4.36E-05,-6.10E-05,-2.82E-04,-1.45E-04,-3.66E-05
1295,-2.88E-04,-2.71E-04,-9.79E-05,-1.35E-04,-2.81E-05,-9.45E-05,-5.81E-04,-5.42E-04,-1.94E-04,-2.11E-04,-2.63E-04,-6.69E-05,-1.58E-05,-6.66E-04,-1.34E-04,-5.80E-05,-9.10E-05,-3.07E-04,-1.58E-04,-3.80E-05
1296,-2.80E-04,-3.02E-04,-1.25E-04,-1.38E-04,-4.66E-05,-9.60E-05,-6.22E-04,-5.70E-04,-2.05E-04,-2.06E-04,-2.75E-04,-1.08E-04,-5.18E-05,-6.82E-04,-1.56E-04,-7.21E-05,-1.18E-04,-3.32E-04,-1.70E-04,-3.91E-05
1297,-2.69E-04,-3.32E-04,-1.51E-04,-1.39E-04,-6.45E-05,-9.75E-05,-6.63E-04,-5.96E-04,-2.15E-04,-2.01E-04,-2.83E-04,-1.45E-04,-8.83E-05,-6.95E-04,-1.78E-04,-8.57E-05,-1.43E-04,-3.57E-04,-1.82E-04,-4.01E-05
1298,-2.56E-04,-3.63E-04,-1.75E-04,-1.40E-04,-8.18E-05,-9.88E-05,-7.04E-04,-6.19E-04,-2.26E-04,-1.96E-04,-2.88E-04,-1.79E-04,-1.25E-04,-7.06E-04,-1.99E-04,-9.87E-05,-1.65E-04,-3.82E-04,-1.94E-04,-4.08E-05
1299,-2.45E-04,-3.94E-04,-1.98E-04,-1.40E-04,-9.80E-05,-9.95E-05,-7.43E-04,-6.39E-04,-2.36E-04,-1.91E-04,-2.91E-04,-2.08E-04,-1.60E-04,-7.15E-04,-2.20E-04,-1.11E-04,-1.85E-04,-4.06E-04,-2.05E-04,-4.12E-05
1300,-2.37E-04,-4.26E-04,-2.19E-04,-1.40E-04,-1.13E-04,-9.96E-05,-7.79E-04,-6.58E-04,-2.46E-04,-1.85E-04,-2.92E-04,-2.31E-04,-1.95E-04,-7.22E-04,-2.40E-04,-1.22E-04,-2.04E-04,-4.29E-04,-2.16E-04,-4.12E-05
1301,-2.33E-04,-4.59E-04,-2.40E-04,-1.39E-04,-1.27E-04,-9.89E-05,-8.11E-04,-6.74E-04,-2.55E-04,-1.79E-04,-2.91E-04,-2.49E-04,-2.28E-04,-7.27E-04,-2.58E-04,-1.32E-04,-2.21E-04,-4.51E-04,-2.25E-04,-4.06E-05
1302,-2.36E-04,-4.92E-04,-2.58E-04,-1.38E-04,-1.39E-04,-9.69E-05,-8.38E-04,-6.88E-04,-2.64E-04,-1.73E-04,-2.89E-04,-2.62E-04,-2.58E-04,-7.29E-04,-2.74E-04,-1.40E-04,-2.38E-04,-4.72E-04,-2.34E-04,-3.93E-05
1303,-2.46E-04,-5.24E-04,-2.76E-04,-1.36E-04,-1.49E-04,-9.38E-05,-8.60E-04,-6.99E-04,-2.72E-04,-1.66E-04,-2.86E-04,-2.69E-04,-2.86E-04,-7.30E-04,-2.88E-04,-1.47E-04,-2.54E-04,-4.90E-04,-2.41E-04,-3.72E-05
1304,-2.61E-04,-5.56E-04,-2.93E-04,-1.33E-04,-1.57E-04,-8.91E-05,-8.74E-04,-7.09E-04,-2.79E-04,-1.58E-04,-2.83E-04,-2.72E-04,-3.10E-04,-7.29E-04,-2.98E-04,-1.52E-04,-2.70E-04,-5.06E-04,-2.47E-04,-3.42E-05
1305,-2.83E-04,-5.86E-04,-3.08E-04,-1.31E-04,-1.63E-04,-8.29E-05,-8.81E-04,-7.16E-04,-2.85E-04,-1.49E-04,-2.80E-04,-2.71E-04,-3.31E-04,-7.26E-04,-3.05E-04,-1.56E-04,-2.86E-04,-5.20E-04,-2.52E-04,-3.03E-05
1306,-3.09E-04,-6.14E-04,-3.21E-04,-1.27E-04,-1.68E-04,-7.50E-05,-8.80E-04,-7.20E-04,-2.90E-04,-1.38E-04,-2.77E-04,-2.67E-04,-3.48E-04,-7.21E-04,-3.09E-04,-1.57E-04,-3.01E-04,-5.30E-04,-2.55E-04,-2.54E-05
1307,-3.39E-04,-6.39E-04,-3.33E-04,-1.23E-04,-1.70E-04,-6.54E-05,-8.71E-04,-7.22E-04,-2.94E-04,-1.27E-04,-2.75E-04,-2.61E-04,-3.62E-04,-7.15E-04,-3.10E-04,-1.56E-04,-3.17E-04,-5.37E-04,-2.56E-04,-1.94E-05
1308,-3.70E-04,-6.61E-04,-3.43E-04,-1.19E-04,-1.71E-04,-5.41E-05,-8.55E-04,-7.21E-04,-2.97E-04,-1.14E-04,-2.73E-04,-2.55E-04,-3.73E-04,-7.08E-04,-3.09E-04,-1.54E-04,-3.33E-04,-5.41E-04,-2.56E-04,-1.24E-05
1309,-4.01E-04,-6.78E-04,-3.51E-04,-1.14E-04,-1.70E-04,-4.11E-05,-8.32E-04,-7.18E-04,-2.98E-04,-1.00E-04,-2.73E-04,-2.49E-04,-3.80E-04,-7.00E-04,-3.04E-04,-1.49E-04,-3.48E-04,-5.42E-04,-2.55E-04,-4.38E-06
1310,-4.30E-04,-6.91E-04,-3.57E-04,-1.09E-04,-1.67E-04,-2.65E-05,-8.03E-04,-7.12E-04,-2.97E-04,-8.44E-05,-2.72E-04,-2.45E-04,-3.85E-04,-6.91E-04,-2.97E-04,-1.43E-04,-3.63E-04,-5.39E-04,-2.52E-04,4.48E-06
1311,-4.54E-04,-6.99E-04,-3.61E-04,-1.04E-04,-1.63E-04,-1.05E-05,-7.69E-04,-7.04E-04,-2.96E-04,-6.73E-05,-2.73E-04,-2.42E-04,-3.88E-04,-6.82E-04,-2.89E-04,-1.36E-04,-3.77E-04,-5.33E-04,-2.48E-04,1.41E-05
1312,-4.74E-04,-7.02E-04,-3.63E-04,-9.80E-05,-1.58E-04,7.01E-06,-7.31E-04,-6.94E-04,-2.93E-04,-4.88E-05,-2.75E-04,-2.43E-04,-3.90E-04,-6.72E-04,-2.79E-04,-1.27E-04,-3.90E-04,-5.24E-04,-2.43E-04,2.43E-05
1313,-4.86E-04,-7.00E-04,-3.63E-04,-9.24E-05,-1.51E-04,2.57E-05,-6.91E-04,-6.81E-04,-2.89E-04,-2.90E-05,-2.77E-04,-2.48E-04,-3.91E-04,-6.62E-04,-2.69E-04,-1.18E-04,-4.01E-04,-5.12E-04,-2.37E-04,3.49E-05
1314,-4.91E-04,-6.93E-04,-3.61E-04,-8.70E-05,-1.44E-04,4.54E-05,-6.50E-04,-6.66E-04,-2.83E-04,-8.01E-06,-2.80E-04,-2.56E-04,-3.91E-04,-6.53E-04,-2.58E-04,-1.07E-04,-4.11E-04,-4.99E-04,-2.30E-04,4.58E-05
1315,-4.88E-04,-6.81E-04,-3.58E-04,-8.18E-05,-1.36E-04,6.60E-05,-6.10E-04,-6.49E-04,-2.77E-04,1.40E-05,-2.84E-04,-2.67E-04,-3.92E-04,-6.43E-04,-2.48E-04,-9.68E-05,-4.19E-04,-4.83E-04,-2.22E-04,5.67E-05
1316,-4.78E-04,-6.67E-04,-3.52E-04,-7.70E-05,-1.28E-04,8.73E-05,-5.72E-04,-6.31E-04,-2.71E-04,3.69E-05,-2.88E-04,-2.83E-04,-3.93E-04,-6.34E-04,-2.38E-04,-8.61E-05,-4.26E-04,-4.66E-04,-2.14E-04,6.75E-05
1317,-4.60E-04,-6.49E-04,-3.46E-04,-7.27E-05,-1.20E-04,1.09E-04,-5.38E-04,-6.11E-04,-2.64E-04,6.03E-05,-2.92E-04,-3.01E-04,-3.96E-04,-6.26E-04,-2.29E-04,-7.57E-05,-4.31E-04,-4.48E-04,-2.06E-04,7.78E-05
1318,-4.35E-04,-6.30E-04,-3.38E-04,-6.90E-05,-1.11E-04,1.31E-04,-5.08E-04,-5.91E-04,-2.56E-04,8.40E-05,-2.95E-04,-3.21E-04,-3.99E-04,-6.18E-04,-2.22E-04,-6.56E-05,-4.34E-04,-4.31E-04,-1.97E-04,8.77E-05
1319,-4.05E-04,-6.10E-04,-3.30E-04,-6.57E-05,-1.02E-04,1.53E-04,-4.84E-04,-5.70E-04,-2.48E-04,1.08E-04,-2.99E-04,-3.43E-04,-4.04E-04,-6.10E-04,-2.15E-04,-5.62E-05,-4.37E-04,-4.13E-04,-1.89E-04,9.68E-05
1320,-3.71E-04,-5.91E-04,-3.22E-04,-6.31E-05,-9.39E-05,1.74E-04,-4.65E-04,-5.49E-04,-2.41E-04,1.31E-04,-3.02E-04,-3.65E-04,-4.10E-04,-6.02E-04,-2.10E-04,-4.75E-05,-4.38E-04,-3.96E-04,-1.80E-04,1.05E-04
1321,-3.35E-04,-5.72E-04,-3.14E-04,-6.09E-05,-8.56E-05,1.96E-04,-4.53E-04,-5.28E-04,-2.33E-04,1.54E-04,-3.04E-04,-3.87E-04,-4.17E-04,-5.95E-04,-2.05E-04,-3.98E-05,-4.39E-04,-3.80E-04,-1.72E-04,1.12E-04
1322,-2.98E-04,-5.56E-04,-3.07E-04,-5.90E-05,-7.77E-05,2.16E-04,-4.48E-04,-5.08E-04,-2.26E-04,1.76E-04,-3.05E-04,-4.08E-04,-4.25E-04,-5.88E-04,-2.02E-04,-3.30E-05,-4.40E-04,-3.66E-04,-1.64E-04,1.19E-04
1323,-2.62E-04,-5.44E-04,-3.00E-04,-5.75E-05,-7.00E-05,2.35E-04,-4.49E-04,-4.89E-04,-2.19E-04,1.97E-04,-3.05E-04,-4.27E-04,-4.32E-04,-5.81E-04,-1.99E-04,-2.72E-05,-4.40E-04,-3.54E-04,-1.57E-04,1.24E-04
1324,-2.28E-04,-5.35E-04,-2.94E-04,-5.60E-05,-6.27E-05,2.54E-04,-4.56E-04,-4.71E-04,-2.13E-04,2.17E-04,-3.04E-04,-4.43E-04,-4.40E-04,-5.74E-04,-1.97E-04,-2.24E-05,-4.42E-04,-3.44E-04,-1.51E-04,1.28E-04
1325,-1.97E-04,-5.30E-04,-2.90E-04,-5.44E-05,-5.59E-05,2.70E-04,-4.68E-04,-4.54E-04,-2.07E-04,2.35E-04,-3.01E-04,-4.56E-04,-4.47E-04,-5.66E-04,-1.94E-04,-1.85E-05,-4.44E-04,-3.36E-04,-1.45E-04,1.31E-04
1326,-1.71E-04,-5.30E-04,-2.86E-04,-5.26E-05,-4.94E-05,2.86E-04,-4.84E-04,-4.39E-04,-2.02E-04,2.51E-04,-2.96E-04,-4.65E-04,-4.53E-04,-5.59E-04,-1.92E-04,-1.54E-05,-4.47E-04,-3.30E-04,-1.39E-04,1.33E-04
1327,-1.50E-04,-5.34E-04,-2.84E-04,-5.05E-05,-4.32E-05,2.99E-04,-5.03E-04,-4.26E-04,-1.97E-04,2.66E-04,-2.90E-04,-4.70E-04,-4.58E-04,-5.50E-04,-1.90E-04,-1.30E-05,-4.52E-04,-3.26E-04,-1.35E-04,1.34E-04
1328,-1.34E-04,-5.42E-04,-2.84E-04,-4.78E-05,-3.75E-05,3.11E-04,-5.24E-04,-4.15E-04,-1.92E-04,2.78E-04,-2.82E-04,-4.72E-04,-4.61E-04,-5.42E-04,-1.87E-04,-1.12E-05,-4.57E-04,-3.24E-04,-1.31E-04,1.33E-04
1329,-1.24E-04,-5.54E-04,-2.84E-04,-4.46E-05,-3.21E-05,3.21E-04,-5.46E-04,-4.05E-04,-1.88E-04,2.89E-04,-2.73E-04,-4.70E-04,-4.63E-04,-5.32E-04,-1.84E-04,-9.85E-06,-4.63E-04,-3.23E-04,-1.28E-04,1.32E-04
1330,-1.19E-04,-5.70E-04,-2.85E-04,-4.07E-05,-2.69E-05,3.29E-04,-5.67E-04,-3.97E-04,-1.84E-04,2.98E-04,-2.62E-04,-4.64E-04,-4.63E-04,-5.23E-04,-1.80E-04,-8.81E-06,-4.70E-04,-3.24E-04,-1.26E-04,1.31E-04
1331,-1.18E-04,-5.87E-04,-2.87E-04,-3.62E-05,-2.21E-05,3.36E-04,-5.87E-04,-3.90E-04,-1.80E-04,3.05E-04,-2.50E-04,-4.56E-04,-4.62E-04,-5.12E-04,-1.76E-04,-7.96E-06,-4.76E-04,-3.25E-04,-1.25E-04,1.28E-04
1332,-1.21E-04,-6.05E-04,-2.90E-04,-3.10E-05,-1.74E-05,3.41E-04,-6.05E-04,-3.85E-04,-1.77E-04,3.11E-04,-2.37E-04,-4.46E-04,-4.59E-04,-5.01E-04,-1.71E-04,-7.16E-06,-4.83E-04,-3.27E-04,-1.25E-04,1.25E-04
1333,-1.27E-04,-6.24E-04,-2.92E-04,-2.54E-05,-1.30E-05,3.44E-04,-6.19E-04,-3.80E-04,-1.73E-04,3.16E-04,-2.24E-04,-4.34E-04,-4.56E-04,-4.90E-04,-1.66E-04,-6.30E-06,-4.88E-04,-3.28E-04,-1.25E-04,1.22E-04
1334,-1.36E-04,-6.41E-04,-2.94E-04,-1.94E-05,-8.61E-06,3.46E-04,-6.29E-04,-3.76E-04,-1.70E-04,3.19E-04,-2.11E-04,-4.21E-04,-4.53E-04,-4.79E-04,-1.60E-04,-5.29E-06,-4.93E-04,-3.29E-04,-1.25E-04,1.19E-04
1335,-1.45E-04,-6.56E-04,-2.96E-04,-1.32E-05,-4.32E-06,3.47E-04,-6.35E-04,-3.72E-04,-1.66E-04,3.22E-04,-1.99E-04,-4.08E-04,-4.49E-04,-4.67E-04,-1.54E-04,-4.04E-06,-4.95E-04,-3.28E-04,-1.26E-04,1.15E-04
1336,-1.55E-04,-6.67E-04,-2.96E-04,-6.99E-06,-5.67E-08,3.47E-04,-6.36E-04,-3.68E-04,-1.61E-04,3.24E-04,-1.87E-04,-3.95E-04,-4.46E-04,-4.55E-04,-1.48E-04,-2.50E-06,-4.96E-04,-3.26E-04,-1.27E-04,1.11E-04
1337,-1.64E-04,-6.74E-04,-2.96E-04,-1.00E-06,4.23E-06,3.47E-04,-6.33E-04,-3.63E-04,-1.57E-04,3.25E-04,-1.77E-04,-3.82E-04,-4.44E-04,-4.43E-04,-1.42E-04,-6.26E-07,-4.95E-04,-3.22E-04,-1.28E-04,1.07E-04
1338,-1.73E-04,-6.76E-04,-2.94E-04,4.57E-06,8.59E-06,3.47E-04,-6.25E-04,-3.58E-04,-1.52E-04,3.27E-04,-1.68E-04,-3.71E-04,-4.43E-04,-4.31E-04,-1.35E-04,1.60E-06,-4.91E-04,-3.16E-04,-1.28E-04,1.04E-04
1339,-1.81E-04,-6.72E-04,-2.91E-04,9.54E-06,1.30E-05,3.46E-04,-6.12E-04,-3.52E-04,-1.46E-04,3.29E-04,-1.60E-04,-3.61E-04,-4.43E-04,-4.19E-04,-1.28E-04,4.18E-06,-4.85E-04,-3.08E-04,-1.29E-04,1.01E-04
1340,-1.88E-04,-6.63E-04,-2.86E-04,1.37E-05,1.76E-05,3.47E-04,-5.97E-04,-3.44E-04,-1.40E-04,3.32E-04,-1.55E-04,-3.53E-04,-4.44E-04,-4.07E-04,-1.22E-04,7.09E-06,-4.77E-04,-2.97E-04,-1.28E-04,9.76E-05
1341,-1.94E-04,-6.47E-04,-2.79E-04,1.70E-05,2.24E-05,3.47E-04,-5.78E-04,-3.34E-04,-1.34E-04,3.34E-04,-1.52E-04,-3.45E-04,-4.46E-04,-3.96E-04,-1.15E-04,1.03E-05,-4.67E-04,-2.84E-04,-1.27E-04,9.48E-05
1342,-2.00E-04,-6.26E-04,-2.71E-04,1.92E-05,2.73E-05,3.49E-04,-5.56E-04,-3.23E-04,-1.27E-04,3.38E-04,-1.51E-04,-3.39E-04,-4.48E-04,-3.84E-04,-1.08E-04,1.38E-05,-4.55E-04,-2.69E-04,-1.25E-04,9.24E-05
1343,-2.05E-04,-5.99E-04,-2.62E-04,2.04E-05,3.24E-05,3.51E-04,-5.33E-04,-3.10E-04,-1.19E-04,3.42E-04,-1.52E-04,-3.33E-04,-4.51E-04,-3.73E-04,-1.00E-04,1.74E-05,-4.41E-04,-2.53E-04,-1.22E-04,9.03E-05
1344,-2.11E-04,-5.68E-04,-2.51E-04,2.05E-05,3.76E-05,3.54E-04,-5.08E-04,-2.96E-04,-1.12E-04,3.46E-04,-1.55E-04,-3.28E-04,-4.54E-04,-3.62E-04,-9.24E-05,2.12E-05,-4.27E-04,-2.34E-04,-1.18E-04,8.83E-05
1345,-2.17E-04,-5.33E-04,-2.39E-04,1.97E-05,4.29E-05,3.57E-04,-4.83E-04,-2.79E-04,-1.03E-04,3.51E-04,-1.59E-04,-3.23E-04,-4.55E-04,-3.52E-04,-8.44E-05,2.50E-05,-4.12E-04,-2.15E-04,-1.13E-04,8.66E-05
1346,-2.25E-04,-4.95E-04,-2.27E-04,1.78E-05,4.82E-05,3.61E-04,-4.57E-04,-2.61E-04,-9.50E-05,3.55E-04,-1.64E-04,-3.18E-04,-4.55E-04,-3.41E-04,-7.60E-05,2.87E-05,-3.97E-04,-1.95E-04,-1.07E-04,8.49E-05
1347,-2.33E-04,-4.56E-04,-2.14E-04,1.52E-05,5.35E-05,3.65E-04,-4.32E-04,-2.42E-04,-8.64E-05,3.60E-04,-1.70E-04,-3.11E-04,-4.53E-04,-3.31E-04,-6.73E-05,3.23E-05,-3.83E-04,-1.74E-04,-1.00E-04,8.31E-05
1348,-2.42E-04,-4.17E-04,-2.00E-04,1.19E-05,5.87E-05,3.68E-04,-4.07E-04,-2.21E-04,-7.79E-05,3.63E-04,-1.76E-04,-3.04E-04,-4.48E-04,-3.20E-04,-5.82E-05,3.56E-05,-3.69E-04,-1.54E-04,-9.28E-05,8.13E-05
1349,-2.51E-04,-3.79E-04,-1.87E-04,8.22E-06,6.37E-05,3.71E-04,-3.82E-04,-2.00E-04,-6.94E-05,3.66E-04,-1.81E-04,-2.95E-04,-4.40E-04,-3.10E-04,-4.89E-05,3.85E-05,-3.57E-04,-1.35E-04,-8.52E-05,7.91E-05
1350,-2.60E-04,-3.42E-04,-1.74E-04,4.20E-06,6.82E-05,3.74E-04,-3.59E-04,-1.78E-04,-6.11E-05,3.68E-04,-1.86E-04,-2.84E-04,-4.29E-04,-3.00E-04,-3.94E-05,4.09E-05,-3.46E-04,-1.16E-04,-7.74E-05,7.65E-05
1351,-2.67E-04,-3.09E-04,-1.62E-04,7.77E-08,7.24E-05,3.75E-04,-3.35E-04,-1.56E-04,-5.31E-05,3.69E-04,-1.90E-04,-2.72E-04,-4.14E-04,-2.89E-04,-2.99E-05,4.28E-05,-3.37E-04,-9.91E-05,-6.97E-05,7.34E-05
1352,-2.73E-04,-2.80E-04,-1.50E-04,-4.00E-06,7.59E-05,3.74E-04,-3.13E-04,-1.34E-04,-4.55E-05,3.68E-04,-1.91E-04,-2.59E-04,-3.96E-04,-2.79E-04,-2.05E-05,4.39E-05,-3.29E-04,-8.37E-05,-6.23E-05,6.98E-05
1353,-2.74E-04,-2.55E-04,-1.39E-04,-7.88E-06,7.86E-05,3.71E-04,-2.90E-04,-1.13E-04,-3.84E-05,3.65E-04,-1.91E-04,-2.44E-04,-3.76E-04,-2.69E-04,-1.13E-05,4.44E-05,-3.22E-04,-7.01E-05,-5.55E-05,6.54E-05
1354,-2.71E-04,-2.36E-04,-1.29E-04,-1.15E-05,8.04E-05,3.67E-04,-2.68E-04,-9.28E-05,-3.19E-05,3.60E-04,-1.90E-04,-2.28E-04,-3.53E-04,-2.59E-04,-2.57E-06,4.40E-05,-3.17E-04,-5.82E-05,-4.95E-05,6.03E-05
1355,-2.61E-04,-2.21E-04,-1.20E-04,-1.47E-05,8.12E-05,3.60E-04,-2.46E-04,-7.35E-05,-2.61E-05,3.52E-04,-1.86E-04,-2.12E-04,-3.30E-04,-2.49E-04,5.57E-06,4.29E-05,-3.14E-04,-4.82E-05,-4.45E-05,5.44E-05
1356,-2.45E-04,-2.11E-04,-1.12E-04,-1.75E-05,8.09E-05,3.50E-04,-2.25E-04,-5.56E-05,-2.10E-05,3.43E-04,-1.80E-04,-1.96E-04,-3.06E-04,-2.39E-04,1.30E-05,4.09E-05,-3.11E-04,-3.99E-05,-4.05E-05,4.78E-05
1357,-2.20E-04,-2.06E-04,-1.05E-04,-1.99E-05,7.93E-05,3.39E-04,-2.04E-04,-3.93E-05,-1.67E-05,3.32E-04,-1.72E-04,-1.79E-04,-2.83E-04,-2.29E-04,1.94E-05,3.80E-05,-3.09E-04,-3.31E-05,-3.78E-05,4.05E-05
1358,-1.88E-04,-2.05E-04,-9.88E-05,-2.20E-05,7.63E-05,3.25E-04,-1.83E-04,-2.48E-05,-1.31E-05,3.19E-04,-1.63E-04,-1.64E-04,-2.61E-04,-2.19E-04,2.49E-05,3.44E-05,-3.07E-04,-2.76E-05,-3.63E-05,3.26E-05
1359,-1.47E-04,-2.07E-04,-9.39E-05,-2.38E-05,7.19E-05,3.09E-04,-1.63E-04,-1.22E-05,-1.03E-05,3.05E-04,-1.52E-04,-1.50E-04,-2.43E-04,-2.09E-04,2.92E-05,3.00E-05,-3.05E-04,-2.32E-05,-3.62E-05,2.42E-05
1360,-9.94E-05,-2.11E-04,-8.98E-05,-2.54E-05,6.61E-05,2.91E-04,-1.44E-04,-1.40E-06,-8.19E-06,2.89E-04,-1.40E-04,-1.37E-04,-2.28E-04,-1.99E-04,3.23E-05,2.49E-05,-3.04E-04,-1.96E-05,-3.72E-05,1.55E-05
1361,-4.57E-05,-2.17E-04,-8.66E-05,-2.70E-05,5.88E-05,2.71E-04,-1.26E-04,7.48E-06,-6.81E-06,2.72E-04,-1.28E-04,-1.26E-04,-2.18E-04,-1.89E-04,3.41E-05,1.93E-05,-3.03E-04,-1.65E-05,-3.94E-05,6.53E-06
1362,1.24E-05,-2.23E-04,-8.41E-05,-2.88E-05,5.00E-05,2.51E-04,-1.10E-04,1.45E-05,-6.08E-06,2.55E-04,-1.15E-04,-1.18E-04,-2.12E-04,-1.80E-04,3.45E-05,1.32E-05,-3.01E-04,-1.38E-05,-4.27E-05,-2.46E-06
1363,7.26E-05,-2.28E-04,-8.23E-05,-3.07E-05,3.98E-05,2.30E-04,-9.68E-05,1.99E-05,-5.94E-06,2.37E-04,-1.03E-04,-1.11E-04,-2.11E-04,-1.71E-04,3.36E-05,6.73E-06,-2.99E-04,-1.12E-05,-4.68E-05,-1.13E-05
1364,1.33E-04,-2.31E-04,-8.12E-05,-3.31E-05,2.82E-05,2.08E-04,-8.62E-05,2.36E-05,-6.31E-06,2.19E-04,-9.03E-05,-1.07E-04,-2.15E-04,-1.62E-04,3.13E-05,2.09E-08,-2.97E-04,-8.65E-06,-5.18E-05,-1.99E-05
1365,1.89E-04,-2.32E-04,-8.07E-05,-3.60E-05,1.53E-05,1.87E-04,-7.88E-05,2.59E-05,-7.13E-06,2.02E-04,-7.85E-05,-1.04E-04,-2.23E-04,-1.53E-04,2.76E-05,-6.80E-06,-2.95E-04,-6.02E-06,-5.74E-05,-2.81E-05
1366,2.41E-04,-2.30E-04,-8.08E-05,-3.96E-05,1.23E-06,1.66E-04,-7.49E-05,2.70E-05,-8.33E-06,1.85E-04,-6.73E-05,-1.03E-04,-2.35E-04,-1.45E-04,2.25E-05,-1.36E-05,-2.93E-04,-3.28E-06,-6.36E-05,-3.58E-05
1367,2.83E-04,-2.24E-04,-8.15E-05,-4.39E-05,-1.39E-05,1.45E-04,-7.45E-05,2.70E-05,-9.85E-06,1.68E-04,-5.70E-05,-1.04E-04,-2.49E-04,-1.37E-04,1.60E-05,-2.04E-05,-2.91E-04,-4.64E-07,-7.01E-05,-4.28E-05
1368,3.15E-04,-2.14E-04,-8.27E-05,-4.92E-05,-2.99E-05,1.26E-04,-7.77E-05,2.61E-05,-1.16E-05,1.53E-04,-4.76E-05,-1.05E-04,-2.65E-04,-1.30E-04,8.21E-06,-2.69E-05,-2.88E-04,2.36E-06,-7.69E-05,-4.92E-05
1369,3.35E-04,-2.01E-04,-8.45E-05,-5.54E-05,-4.67E-05,1.07E-04,-8.44E-05,2.45E-05,-1.36E-05,1.38E-04,-3.92E-05,-1.07E-04,-2.81E-04,-1.23E-04,-8.80E-07,-3.32E-05,-2.86E-04,5.08E-06,-8.39E-05,-5.49E-05
1370,3.41E-04,-1.84E-04,-8.69E-05,-6.26E-05,-6.41E-05,8.97E-05,-9.42E-05,2.22E-05,-1.57E-05,1.24E-04,-3.16E-05,-1.10E-04,-2.95E-04,-1.18E-04,-1.12E-05,-3.92E-05,-2.84E-04,7.58E-06,-9.11E-05,-5.99E-05
1371,3.32E-04,-1.64E-04,-8.97E-05,-7.08E-05,-8.19E-05,7.33E-05,-1.07E-04,1.95E-05,-1.80E-05,1.11E-04,-2.50E-05,-1.12E-04,-3.07E-04,-1.12E-04,-2.26E-05,-4.48E-05,-2.82E-04,9.73E-06,-9.83E-05,-6.43E-05
1372,3.10E-04,-1.42E-04,-9.32E-05,-8.01E-05,-1.00E-04,5.79E-05,-1.21E-04,1.63E-05,-2.04E-05,9.89E-05,-1.92E-05,-1.13E-04,-3.16E-04,-1.08E-04,-3.51E-05,-5.00E-05,-2.80E-04,1.14E-05,-1.06E-04,-6.82E-05
1373,2.74E-04,-1.18E-04,-9.71E-05,-9.03E-05,-1.18E-04,4.34E-05,-1.37E-04,1.29E-05,-2.29E-05,8.72E-05,-1.41E-05,-1.13E-04,-3.19E-04,-1.04E-04,-4.84E-05,-5.49E-05,-2.78E-04,1.25E-05,-1.13E-04,-7.17E-05
1374,2.28E-04,-9.33E-05,-1.01E-04,-1.02E-04,-1.36E-04,2.97E-05,-1.53E-04,9.14E-06,-2.55E-05,7.60E-05,-9.74E-06,-1.12E-04,-3.18E-04,-1.01E-04,-6.24E-05,-5.95E-05,-2.76E-04,1.29E-05,-1.21E-04,-7.48E-05
1375,1.72E-04,-6.93E-05,-1.06E-04,-1.14E-04,-1.55E-04,1.65E-05,-1.69E-04,5.13E-06,-2.81E-05,6.52E-05,-6.07E-06,-1.10E-04,-3.10E-04,-9.94E-05,-7.70E-05,-6.38E-05,-2.75E-04,1.26E-05,-1.28E-04,-7.77E-05
1376,1.12E-04,-4.67E-05,-1.11E-04,-1.27E-04,-1.72E-04,3.74E-06,-1.84E-04,8.50E-07,-3.09E-05,5.45E-05,-3.07E-06,-1.06E-04,-2.97E-04,-9.81E-05,-9.17E-05,-6.79E-05,-2.73E-04,1.16E-05,-1.36E-04,-8.05E-05
1377,4.89E-05,-2.64E-05,-1.17E-04,-1.41E-04,-1.90E-04,-8.77E-06,-1.98E-04,-3.72E-06,-3.38E-05,4.40E-05,-7.61E-07,-1.01E-04,-2.79E-04,-9.76E-05,-1.07E-04,-7.17E-05,-2.72E-04,9.94E-06,-1.44E-04,-8.34E-05
1378,-1.27E-05,-9.34E-06,-1.22E-04,-1.55E-04,-2.07E-04,-2.12E-05,-2.09E-04,-8.61E-06,-3.68E-05,3.35E-05,8.27E-07,-9.46E-05,-2.55E-04,-9.78E-05,-1.21E-04,-7.54E-05,-2.70E-04,7.67E-06,-1.52E-04,-8.63E-05
1379,-6.97E-05,3.83E-06,-1.28E-04,-1.70E-04,-2.23E-04,-3.35E-05,-2.17E-04,-1.39E-05,-4.00E-05,2.30E-05,1.64E-06,-8.77E-05,-2.29E-04,-9.85E-05,-1.35E-04,-7.90E-05,-2.69E-04,4.88E-06,-1.60E-04,-8.94E-05
1380,-1.19E-04,1.25E-05,-1.34E-04,-1.86E-04,-2.39E-04,-4.60E-05,-2.23E-04,-1.95E-05,-4.32E-05,1.25E-05,1.61E-06,-8.05E-05,-2.00E-04,-9.96E-05,-1.49E-04,-8.26E-05,-2.67E-04,1.68E-06,-1.68E-04,-9.27E-05
1381,-1.59E-04,1.64E-05,-1.40E-04,-2.02E-04,-2.55E-04,-5.84E-05,-2.25E-04,-2.57E-05,-4.66E-05,2.09E-06,6.86E-07,-7.32E-05,-1.70E-04,-1.01E-04,-1.61E-04,-8.62E-05,-2.66E-04,-1.82E-06,-1.76E-04,-9.62E-05
1382,-1.88E-04,1.52E-05,-1.45E-04,-2.19E-04,-2.69E-04,-7.10E-05,-2.25E-04,-3.23E-05,-5.01E-05,-8.20E-06,-1.17E-06,-6.64E-05,-1.41E-04,-1.03E-04,-1.72E-04,-8.98E-05,-2.65E-04,-5.53E-06,-1.84E-04,-9.99E-05
1383,-2.05E-04,8.96E-06,-1.51E-04,-2.36E-04,-2.83E-04,-8.34E-05,-2.23E-04,-3.96E-05,-5.36E-05,-1.82E-05,-3.96E-06,-6.05E-05,-1.14E-04,-1.04E-04,-1.83E-04,-9.35E-05,-2.65E-04,-9.38E-06,-1.92E-04,-1.04E-04
1384,-2.11E-04,-2.01E-06,-1.57E-04,-2.52E-04,-2.97E-04,-9.58E-05,-2.20E-04,-4.74E-05,-5.73E-05,-2.79E-05,-7.65E-06,-5.59E-05,-9.16E-05,-1.06E-04,-1.92E-04,-9.73E-05,-2.65E-04,-1.33E-05,-2.00E-04,-1.08E-04
1385,-2.07E-04,-1.73E-05,-1.62E-04,-2.69E-04,-3.10E-04,-1.08E-04,-2.15E-04,-5.60E-05,-6.10E-05,-3.71E-05,-1.22E-05,-5.28E-05,-7.39E-05,-1.08E-04,-2.00E-04,-1.01E-04,-2.66E-04,-1.74E-05,-2.08E-04,-1.12E-04
1386,-1.96E-04,-3.64E-05,-1.67E-04,-2.85E-04,-3.22E-04,-1.20E-04,-2.11E-04,-6.53E-05,-6.47E-05,-4.56E-05,-1.74E-05,-5.16E-05,-6.24E-05,-1.09E-04,-2.06E-04,-1.05E-04,-2.68E-04,-2.15E-05,-2.16E-04,-1.15E-04
1387,-1.79E-04,-5.85E-05,-1.73E-04,-3.01E-04,-3.34E-04,-1.31E-04,-2.07E-04,-7.54E-05,-6.85E-05,-5.34E-05,-2.32E-05,-5.23E-05,-5.75E-05,-1.10E-04,-2.12E-04,-1.09E-04,-2.70E-04,-2.60E-05,-2.24E-04,-1.19E-04
1388,-1.60E-04,-8.28E-05,-1.78E-04,-3.17E-04,-3.46E-04,-1.42E-04,-2.04E-04,-8.63E-05,-7.24E-05,-6.04E-05,-2.92E-05,-5.50E-05,-5.97E-05,-1.11E-04,-2.18E-04,-1.14E-04,-2.74E-04,-3.07E-05,-2.32E-04,-1.23E-04
1389,-1.42E-04,-1.08E-04,-1.84E-04,-3.32E-04,-3.58E-04,-1.52E-04,-2.03E-04,-9.81E-05,-7.62E-05,-6.65E-05,-3.54E-05,-5.97E-05,-6.88E-05,-1.11E-04,-2.22E-04,-1.18E-04,-2.78E-04,-3.60E-05,-2.40E-04,-1.26E-04
1390,-1.29E-04,-1.34E-04,-1.90E-04,-3.45E-04,-3.69E-04,-1.61E-04,-2.05E-04,-1.11E-04,-8.01E-05,-7.16E-05,-4.13E-05,-6.61E-05,-8.43E-05,-1.11E-04,-2.27E-04,-1.22E-04,-2.82E-04,-4.20E-05,-2.48E-04,-1.29E-04
1391,-1.23E-04,-1.59E-04,-1.96E-04,-3.58E-04,-3.80E-04,-1.69E-04,-2.09E-04,-1.25E-04,-8.40E-05,-7.59E-05,-4.67E-05,-7.39E-05,-1.05E-04,-1.11E-04,-2.32E-04,-1.27E-04,-2.88E-04,-4.88E-05,-2.56E-04,-1.32E-04
1392,-1.27E-04,-1.83E-04,-2.03E-04,-3.70E-04,-3.90E-04,-1.77E-04,-2.16E-04,-1.39E-04,-8.80E-05,-7.93E-05,-5.13E-05,-8.29E-05,-1.31E-04,-1.10E-04,-2.37E-04,-1.31E-04,-2.94E-04,-5.67E-05,-2.64E-04,-1.34E-04
1393,-1.42E-04,-2.04E-04,-2.10E-04,-3.80E-04,-4.01E-04,-1.85E-04,-2.26E-04,-1.55E-04,-9.20E-05,-8.19E-05,-5.49E-05,-9.26E-05,-1.59E-04,-1.09E-04,-2.43E-04,-1.36E-04,-3.00E-04,-6.57E-05,-2.72E-04,-1.36E-04
1394,-1.69E-04,-2.21E-04,-2.18E-04,-3.89E-04,-4.12E-04,-1.91E-04,-2.38E-04,-1.72E-04,-9.61E-05,-8.39E-05,-5.72E-05,-1.03E-04,-1.90E-04,-1.09E-04,-2.49E-04,-1.40E-04,-3.06E-04,-7.60E-05,-2.80E-04,-1.38E-04
1395,-2.09E-04,-2.35E-04,-2.26E-04,-3.97E-04,-4.23E-04,-1.98E-04,-2.51E-04,-1.89E-04,-1.00E-04,-8.53E-05,-5.82E-05,-1.12E-04,-2.20E-04,-1.08E-04,-2.57E-04,-1.45E-04,-3.12E-04,-8.75E-05,-2.89E-04,-1.39E-04
1396,-2.59E-04,-2.44E-04,-2.35E-04,-4.03E-04,-4.34E-04,-2.04E-04,-2.66E-04,-2.07E-04,-1.04E-04,-8.64E-05,-5.76E-05,-1.22E-04,-2.48E-04,-1.07E-04,-2.65E-04,-1.49E-04,-3.18E-04,-1.00E-04,-2.97E-04,-1.40E-04
1397,-3.19E-04,-2.48E-04,-2.45E-04,-4.07E-04,-4.44E-04,-2.10E-04,-2.81E-04,-2.26E-04,-1.09E-04,-8.72E-05,-5.56E-05,-1.30E-04,-2.74E-04,-1.06E-04,-2.74E-04,-1.54E-04,-3.22E-04,-1.14E-04,-3.06E-04,-1.41E-04
1398,-3.85E-04,-2.48E-04,-2.55E-04,-4.10E-04,-4.55E-04,-2.16E-04,-2.95E-04,-2.45E-04,-1.13E-04,-8.78E-05,-5.21E-05,-1.36E-04,-2.96E-04,-1.05E-04,-2.85E-04,-1.58E-04,-3.26E-04,-1.30E-04,-3.15E-04,-1.42E-04
1399,-4.54E-04,-2.43E-04,-2.65E-04,-4.11E-04,-4.65E-04,-2.22E-04,-3.07E-04,-2.64E-04,-1.18E-04,-8.84E-05,-4.74E-05,-1.41E-04,-3.12E-04,-1.04E-04,-2.95E-04,-1.62E-04,-3.29E-04,-1.46E-04,-3.24E-04,-1.43E-04
1400,-5.23E-04,-2.33E-04,-2.76E-04,-4.11E-04,-4.76E-04,-2.27E-04,-3.17E-04,-2.83E-04,-1.22E-04,-8.89E-05,-4.15E-05,-1.44E-04,-3.23E-04,-1.03E-04,-3.06E-04,-1.66E-04,-3.31E-04,-1.62E-04,-3.33E-04,-1.44E-04
1401,-5.88E-04,-2.20E-04,-2.87E-04,-4.09E-04,-4.86E-04,-2.33E-04,-3.24E-04,-3.02E-04,-1.27E-04,-8.95E-05,-3.48E-05,-1.46E-04,-3.28E-04,-1.02E-04,-3.17E-04,-1.69E-04,-3.32E-04,-1.79E-04,-3.41E-04,-1.45E-04
1402,-6.45E-04,-2.04E-04,-2.98E-04,-4.05E-04,-4.95E-04,-2.39E-04,-3.28E-04,-3.20E-04,-1.32E-04,-9.01E-05,-2.75E-05,-1.45E-04,-3.27E-04,-1.01E-04,-3.28E-04,-1.72E-04,-3.32E-04,-1.96E-04,-3.50E-04,-1.46E-04
1403,-6.91E-04,-1.85E-04,-3.09E-04,-4.00E-04,-5.04E-04,-2.44E-04,-3.29E-04,-3.37E-04,-1.36E-04,-9.06E-05,-2.00E-05,-1.42E-04,-3.20E-04,-9.90E-05,-3.38E-04,-1.75E-04,-3.30E-04,-2.12E-04,-3.57E-04,-1.47E-04
1404,-7.23E-04,-1.65E-04,-3.20E-04,-3.95E-04,-5.13E-04,-2.49E-04,-3.25E-04,-3.52E-04,-1.40E-04,-9.09E-05,-1.26E-05,-1.37E-04,-3.10E-04,-9.68E-05,-3.47E-04,-1.77E-04,-3.28E-04,-2.28E-04,-3.65E-04,-1.48E-04
1405,-7.41E-04,-1.45E-04,-3.30E-04,-3.88E-04,-5.20E-04,-2.54E-04,-3.18E-04,-3.66E-04,-1.45E-04,-9.10E-05,-5.71E-06,-1.32E-04,-2.95E-04,-9.41E-05,-3.55E-04,-1.79E-04,-3.25E-04,-2.43E-04,-3.71E-04,-1.48E-04
1406,-7.44E-04,-1.25E-04,-3.41E-04,-3.80E-04,-5.27E-04,-2.57E-04,-3.08E-04,-3.78E-04,-1.49E-04,-9.07E-05,4.99E-07,-1.25E-04,-2.78E-04,-9.08E-05,-3.62E-04,-1.79E-04,-3.22E-04,-2.57E-04,-3.77E-04,-1.49E-04
1407,-7.31E-04,-1.08E-04,-3.50E-04,-3.72E-04,-5.32E-04,-2.60E-04,-2.95E-04,-3.87E-04,-1.52E-04,-8.99E-05,5.72E-06,-1.17E-04,-2.59E-04,-8.68E-05,-3.67E-04,-1.80E-04,-3.18E-04,-2.69E-04,-3.81E-04,-1.49E-04
1408,-7.05E-04,-9.27E-05,-3.59E-04,-3.64E-04,-5.36E-04,-2.61E-04,-2.80E-04,-3.94E-04,-1.55E-04,-8.85E-05,9.74E-06,-1.10E-04,-2.41E-04,-8.22E-05,-3.71E-04,-1.79E-04,-3.13E-04,-2.80E-04,-3.85E-04,-1.49E-04
1409,-6.68E-04,-8.14E-05,-3.67E-04,-3.55E-04,-5.40E-04,-2.62E-04,-2.65E-04,-3.99E-04,-1.58E-04,-8.63E-05,1.24E-05,-1.03E-04,-2.23E-04,-7.68E-05,-3.74E-04,-1.78E-04,-3.09E-04,-2.89E-04,-3.87E-04,-1.49E-04
1410,-6.23E-04,-7.45E-05,-3.74E-04,-3.46E-04,-5.42E-04,-2.60E-04,-2.49E-04,-4.01E-04,-1.61E-04,-8.35E-05,1.37E-05,-9.70E-05,-2.07E-04,-7.09E-05,-3.76E-04,-1.76E-04,-3.04E-04,-2.97E-04,-3.89E-04,-1.48E-04
1411,-5.74E-04,-7.24E-05,-3.80E-04,-3.37E-04,-5.42E-04,-2.57E-04,-2.34E-04,-4.01E-04,-1.63E-04,-7.98E-05,1.35E-05,-9.22E-05,-1.93E-04,-6.44E-05,-3.76E-04,-1.73E-04,-3.00E-04,-3.03E-04,-3.89E-04,-1.47E-04
1412,-5.24E-04,-7.56E-05,-3.86E-04,-3.28E-04,-5.42E-04,-2.52E-04,-2.21E-04,-4.00E-04,-1.65E-04,-7.54E-05,1.20E-05,-8.89E-05,-1.83E-04,-5.76E-05,-3.76E-04,-1.70E-04,-2.95E-04,-3.08E-04,-3.88E-04,-1.46E-04
1413,-4.78E-04,-8.41E-05,-3.90E-04,-3.20E-04,-5.40E-04,-2.46E-04,-2.09E-04,-3.96E-04,-1.66E-04,-7.03E-05,9.11E-06,-8.76E-05,-1.75E-04,-5.05E-05,-3.76E-04,-1.67E-04,-2.91E-04,-3.12E-04,-3.87E-04,-1.44E-04
1414,-4.37E-04,-9.76E-05,-3.93E-04,-3.12E-04,-5.38E-04,-2.38E-04,-2.00E-04,-3.91E-04,-1.67E-04,-6.46E-05,5.11E-06,-8.84E-05,-1.71E-04,-4.34E-05,-3.75E-04,-1.63E-04,-2.86E-04,-3.14E-04,-3.84E-04,-1.42E-04
1415,-4.06E-04,-1.16E-04,-3.95E-04,-3.05E-04,-5.34E-04,-2.29E-04,-1.93E-04,-3.84E-04,-1.68E-04,-5.84E-05,1.31E-07,-9.13E-05,-1.69E-04,-3.65E-05,-3.74E-04,-1.59E-04,-2.82E-04,-3.16E-04,-3.82E-04,-1.40E-04
1416,-3.86E-04,-1.38E-04,-3.96E-04,-2.98E-04,-5.30E-04,-2.18E-04,-1.88E-04,-3.78E-04,-1.69E-04,-5.20E-05,-5.61E-06,-9.64E-05,-1.70E-04,-3.00E-05,-3.74E-04,-1.54E-04,-2.77E-04,-3.17E-04,-3.78E-04,-1.38E-04
1417,-3.77E-04,-1.64E-04,-3.96E-04,-2.92E-04,-5.26E-04,-2.07E-04,-1.85E-04,-3.71E-04,-1.70E-04,-4.56E-05,-1.19E-05,-1.04E-04,-1.72E-04,-2.40E-05,-3.75E-04,-1.50E-04,-2.73E-04,-3.18E-04,-3.75E-04,-1.35E-04
1418,-3.81E-04,-1.91E-04,-3.96E-04,-2.86E-04,-5.21E-04,-1.96E-04,-1.84E-04,-3.64E-04,-1.70E-04,-3.93E-05,-1.86E-05,-1.13E-04,-1.76E-04,-1.86E-05,-3.76E-04,-1.47E-04,-2.68E-04,-3.18E-04,-3.71E-04,-1.33E-04
1419,-3.96E-04,-2.20E-04,-3.95E-04,-2.81E-04,-5.16E-04,-1.84E-04,-1.84E-04,-3.57E-04,-1.71E-04,-3.34E-05,-2.53E-05,-1.23E-04,-1.80E-04,-1.41E-05,-3.77E-04,-1.43E-04,-2.63E-04,-3.19E-04,-3.68E-04,-1.31E-04
1420,-4.21E-04,-2.49E-04,-3.93E-04,-2.75E-04,-5.11E-04,-1.73E-04,-1.84E-04,-3.52E-04,-1.73E-04,-2.81E-05,-3.20E-05,-1.35E-04,-1.83E-04,-1.04E-05,-3.80E-04,-1.40E-04,-2.59E-04,-3.19E-04,-3.64E-04,-1.29E-04
1421,-4.54E-04,-2.76E-04,-3.91E-04,-2.71E-04,-5.06E-04,-1.62E-04,-1.84E-04,-3.48E-04,-1.74E-04,-2.34E-05,-3.85E-05,-1.48E-04,-1.86E-04,-7.61E-06,-3.82E-04,-1.38E-04,-2.55E-04,-3.19E-04,-3.61E-04,-1.28E-04
1422,-4.90E-04,-3.01E-04,-3.89E-04,-2.66E-04,-5.02E-04,-1.52E-04,-1.82E-04,-3.45E-04,-1.76E-04,-1.96E-05,-4.45E-05,-1.61E-04,-1.88E-04,-5.61E-06,-3.86E-04,-1.37E-04,-2.51E-04,-3.19E-04,-3.58E-04,-1.27E-04
1423,-5.29E-04,-3.22E-04,-3.87E-04,-2.61E-04,-4.98E-04,-1.43E-04,-1.78E-04,-3.44E-04,-1.78E-04,-1.66E-05,-4.99E-05,-1.74E-04,-1.89E-04,-4.30E-06,-3.89E-04,-1.36E-04,-2.47E-04,-3.19E-04,-3.55E-04,-1.26E-04
1424,-5.66E-04,-3.39E-04,-3.85E-04,-2.56E-04,-4.95E-04,-1.35E-04,-1.72E-04,-3.43E-04,-1.80E-04,-1.46E-05,-5.46E-05,-1.86E-04,-1.88E-04,-3.53E-06,-3.92E-04,-1.35E-04,-2.44E-04,-3.19E-04,-3.53E-04,-1.27E-04
1425,-5.98E-04,-3.51E-04,-3.84E-04,-2.50E-04,-4.93E-04,-1.29E-04,-1.62E-04,-3.45E-04,-1.83E-04,-1.34E-05,-5.84E-05,-1.98E-04,-1.86E-04,-3.07E-06,-3.95E-04,-1.36E-04,-2.42E-04,-3.20E-04,-3.51E-04,-1.27E-04
1426,-6.24E-04,-3.57E-04,-3.83E-04,-2.44E-04,-4.91E-04,-1.24E-04,-1.50E-04,-3.47E-04,-1.86E-04,-1.29E-05,-6.12E-05,-2.08E-04,-1.83E-04,-2.70E-06,-3.98E-04,-1.36E-04,-2.41E-04,-3.20E-04,-3.48E-04,-1.28E-04
1427,-6.41E-04,-3.59E-04,-3.83E-04,-2.38E-04,-4.90E-04,-1.20E-04,-1.34E-04,-3.50E-04,-1.89E-04,-1.30E-05,-6.30E-05,-2.17E-04,-1.80E-04,-2.13E-06,-3.99E-04,-1.37E-04,-2.40E-04,-3.20E-04,-3.46E-04,-1.30E-04
1428,-6.48E-04,-3.55E-04,-3.83E-04,-2.30E-04,-4.89E-04,-1.17E-04,-1.16E-04,-3.54E-04,-1.92E-04,-1.35E-05,-6.37E-05,-2.23E-04,-1.76E-04,-1.11E-06,-4.00E-04,-1.38E-04,-2.41E-04,-3.20E-04,-3.44E-04,-1.31E-04
1429,-6.45E-04,-3.46E-04,-3.85E-04,-2.22E-04,-4.88E-04,-1.15E-04,-9.64E-05,-3.57E-04,-1.94E-04,-1.41E-05,-6.31E-05,-2.28E-04,-1.73E-04,6.45E-07,-3.99E-04,-1.39E-04,-2.42E-04,-3.20E-04,-3.42E-04,-1.33E-04
1430,-6.33E-04,-3.32E-04,-3.86E-04,-2.13E-04,-4.88E-04,-1.13E-04,-7.55E-05,-3.61E-04,-1.97E-04,-1.46E-05,-6.13E-05,-2.30E-04,-1.71E-04,3.38E-06,-3.97E-04,-1.40E-04,-2.45E-04,-3.21E-04,-3.39E-04,-1.35E-04
1431,-6.13E-04,-3.15E-04,-3.89E-04,-2.02E-04,-4.87E-04,-1.12E-04,-5.44E-05,-3.64E-04,-1.99E-04,-1.47E-05,-5.82E-05,-2.31E-04,-1.70E-04,7.29E-06,-3.94E-04,-1.40E-04,-2.47E-04,-3.21E-04,-3.36E-04,-1.36E-04
1432,-5.86E-04,-2.95E-04,-3.92E-04,-1.91E-04,-4.87E-04,-1.10E-04,-3.40E-05,-3.65E-04,-2.01E-04,-1.43E-05,-5.38E-05,-2.29E-04,-1.70E-04,1.25E-05,-3.90E-04,-1.40E-04,-2.50E-04,-3.21E-04,-3.33E-04,-1.38E-04
1433,-5.56E-04,-2.73E-04,-3.94E-04,-1.79E-04,-4.85E-04,-1.08E-04,-1.54E-05,-3.66E-04,-2.02E-04,-1.29E-05,-4.82E-05,-2.25E-04,-1.72E-04,1.93E-05,-3.85E-04,-1.38E-04,-2.53E-04,-3.21E-04,-3.29E-04,-1.38E-04
1434,-5.24E-04,-2.51E-04,-3.97E-04,-1.65E-04,-4.83E-04,-1.06E-04,5.99E-07,-3.65E-04,-2.03E-04,-1.06E-05,-4.14E-05,-2.19E-04,-1.74E-04,2.75E-05,-3.79E-04,-1.35E-04,-2.55E-04,-3.22E-04,-3.25E-04,-1.38E-04
1435,-4.94E-04,-2.28E-04,-3.99E-04,-1.51E-04,-4.80E-04,-1.02E-04,1.33E-05,-3.62E-04,-2.03E-04,-7.01E-06,-3.36E-05,-2.13E-04,-1.77E-04,3.72E-05,-3.72E-04,-1.32E-04,-2.56E-04,-3.22E-04,-3.20E-04,-1.38E-04
1436,-4.68E-04,-2.06E-04,-4.01E-04,-1.36E-04,-4.76E-04,-9.76E-05,2.23E-05,-3.58E-04,-2.02E-04,-2.13E-06,-2.49E-05,-2.05E-04,-1.81E-04,4.83E-05,-3.64E-04,-1.26E-04,-2.56E-04,-3.23E-04,-3.14E-04,-1.36E-04
1437,-4.48E-04,-1.86E-04,-4.01E-04,-1.21E-04,-4.71E-04,-9.16E-05,2.72E-05,-3.52E-04,-2.00E-04,4.12E-06,-1.55E-05,-1.96E-04,-1.84E-04,6.07E-05,-3.56E-04,-1.19E-04,-2.54E-04,-3.23E-04,-3.08E-04,-1.34E-04
1438,-4.35E-04,-1.68E-04,-4.00E-04,-1.05E-04,-4.64E-04,-8.42E-05,2.82E-05,-3.43E-04,-1.97E-04,1.17E-05,-5.67E-06,-1.88E-04,-1.86E-04,7.43E-05,-3.47E-04,-1.11E-04,-2.50E-04,-3.24E-04,-3.02E-04,-1.31E-04
1439,-4.31E-04,-1.52E-04,-3.97E-04,-8.86E-05,-4.56E-04,-7.53E-05,2.56E-05,-3.34E-04,-1.93E-04,2.07E-05,4.33E-06,-1.79E-04,-1.86E-04,8.89E-05,-3.38E-04,-1.01E-04,-2.43E-04,-3.24E-04,-2.95E-04,-1.26E-04
1440,-4.35E-04,-1.38E-04,-3.92E-04,-7.22E-05,-4.46E-04,-6.51E-05,1.98E-05,-3.22E-04,-1.89E-04,3.09E-05,1.42E-05,-1.71E-04,-1.84E-04,1.04E-04,-3.28E-04,-8.95E-05,-2.34E-04,-3.23E-04,-2.88E-04,-1.21E-04
1441,-4.47E-04,-1.27E-04,-3.85E-04,-5.59E-05,-4.35E-04,-5.36E-05,1.17E-05,-3.09E-04,-1.84E-04,4.22E-05,2.36E-05,-1.64E-04,-1.80E-04,1.20E-04,-3.18E-04,-7.68E-05,-2.23E-04,-3.22E-04,-2.80E-04,-1.16E-04
1442,-4.67E-04,-1.18E-04,-3.76E-04,-3.99E-05,-4.23E-04,-4.11E-05,2.34E-06,-2.95E-04,-1.78E-04,5.44E-05,3.22E-05,-1.57E-04,-1.72E-04,1.36E-04,-3.08E-04,-6.28E-05,-2.09E-04,-3.21E-04,-2.71E-04,-1.09E-04
1443,-4.90E-04,-1.12E-04,-3.64E-04,-2.42E-05,-4.09E-04,-2.77E-05,-7.23E-06,-2.79E-04,-1.72E-04,6.73E-05,3.97E-05,-1.52E-04,-1.62E-04,1.52E-04,-2.97E-04,-4.79E-05,-1.93E-04,-3.18E-04,-2.63E-04,-1.02E-04
1444,-5.17E-04,-1.06E-04,-3.52E-04,-9.06E-06,-3.95E-04,-1.36E-05,-1.58E-05,-2.63E-04,-1.66E-04,8.07E-05,4.59E-05,-1.47E-04,-1.48E-04,1.68E-04,-2.86E-04,-3.22E-05,-1.75E-04,-3.13E-04,-2.54E-04,-9.39E-05
1445,-5.43E-04,-1.02E-04,-3.37E-04,5.47E-06,-3.79E-04,7.91E-07,-2.23E-05,-2.45E-04,-1.59E-04,9.44E-05,5.05E-05,-1.45E-04,-1.32E-04,1.84E-04,-2.74E-04,-1.59E-05,-1.55E-04,-3.07E-04,-2.44E-04,-8.56E-05
1446,-5.67E-04,-9.85E-05,-3.21E-04,1.93E-05,-3.63E-04,1.53E-05,-2.56E-05,-2.27E-04,-1.52E-04,1.08E-04,5.34E-05,-1.43E-04,-1.14E-04,2.00E-04,-2.62E-04,7.06E-07,-1.34E-04,-2.99E-04,-2.34E-04,-7.69E-05
1447,-5.86E-04,-9.49E-05,-3.04E-04,3.24E-05,-3.47E-04,2.98E-05,-2.47E-05,-2.08E-04,-1.44E-04,1.22E-04,5.44E-05,-1.42E-04,-9.41E-05,2.15E-04,-2.48E-04,1.74E-05,-1.13E-04,-2.89E-04,-2.23E-04,-6.80E-05
1448,-5.97E-04,-9.08E-05,-2.87E-04,4.47E-05,-3.30E-04,4.38E-05,-1.91E-05,-1.89E-04,-1.37E-04,1.35E-04,5.37E-05,-1.43E-04,-7.39E-05,2.30E-04,-2.34E-04,3.40E-05,-9.12E-05,-2.78E-04,-2.12E-04,-5.90E-05
1449,-6.00E-04,-8.58E-05,-2.69E-04,5.62E-05,-3.14E-04,5.74E-05,-8.29E-06,-1.69E-04,-1.30E-04,1.48E-04,5.12E-05,-1.43E-04,-5.42E-05,2.44E-04,-2.19E-04,5.01E-05,-7.02E-05,-2.64E-04,-2.00E-04,-5.00E-05
1450,-5.93E-04,-7.96E-05,-2.52E-04,6.70E-05,-2.97E-04,7.03E-05,7.84E-06,-1.49E-04,-1.23E-04,1.60E-04,4.72E-05,-1.45E-04,-3.58E-05,2.58E-04,-2.03E-04,6.57E-05,-5.01E-05,-2.48E-04,-1.88E-04,-4.12E-05
1451,-5.75E-04,-7.19E-05,-2.35E-04,7.71E-05,-2.80E-04,8.24E-05,2.91E-05,-1.28E-04,-1.16E-04,1.72E-04,4.19E-05,-1.46E-04,-1.97E-05,2.71E-04,-1.86E-04,8.05E-05,-3.13E-05,-2.30E-04,-1.75E-04,-3.25E-05
1452,-5.49E-04,-6.26E-05,-2.20E-04,8.66E-05,-2.64E-04,9.38E-05,5.49E-05,-1.08E-04,-1.10E-04,1.83E-04,3.56E-05,-1.48E-04,-6.55E-06,2.84E-04,-1.69E-04,9.44E-05,-1.40E-05,-2.11E-04,-1.62E-04,-2.42E-05
1453,-5.14E-04,-5.16E-05,-2.05E-04,9.56E-05,-2.49E-04,1.04E-04,8.47E-05,-8.68E-05,-1.03E-04,1.93E-04,2.87E-05,-1.49E-04,3.08E-06,2.97E-04,-1.52E-04,1.07E-04,1.45E-06,-1.91E-04,-1.48E-04,-1.63E-05
1454,-4.73E-04,-3.89E-05,-1.92E-04,1.04E-04,-2.33E-04,1.14E-04,1.17E-04,-6.58E-05,-9.71E-05,2.02E-04,2.17E-05,-1.49E-04,8.92E-06,3.09E-04,-1.34E-04,1.19E-04,1.51E-05,-1.70E-04,-1.34E-04,-8.89E-06
1455,-4.28E-04,-2.47E-05,-1.81E-04,1.12E-04,-2.18E-04,1.23E-04,1.52E-04,-4.49E-05,-9.13E-05,2.10E-04,1.48E-05,-1.48E-04,1.09E-05,3.22E-04,-1.16E-04,1.30E-04,2.69E-05,-1.48E-04,-1.20E-04,-2.07E-06
1456,-3.83E-04,-8.92E-06,-1.71E-04,1.20E-04,-2.04E-04,1.31E-04,1.87E-04,-2.42E-05,-8.58E-05,2.18E-04,8.48E-06,-1.47E-04,9.37E-06,3.33E-04,-9.83E-05,1.39E-04,3.69E-05,-1.27E-04,-1.06E-04,4.11E-06
1457,-3.39E-04,8.15E-06,-1.62E-04,1.28E-04,-1.90E-04,1.39E-04,2.22E-04,-3.88E-06,-8.05E-05,2.25E-04,3.19E-06,-1.44E-04,4.72E-06,3.45E-04,-8.15E-05,1.47E-04,4.54E-05,-1.06E-04,-9.20E-05,9.58E-06
1458,-2.99E-04,2.64E-05,-1.55E-04,1.35E-04,-1.76E-04,1.46E-04,2.56E-04,1.59E-05,-7.56E-05,2.31E-04,-7.93E-07,-1.40E-04,-2.32E-06,3.57E-04,-6.54E-05,1.54E-04,5.26E-05,-8.59E-05,-7.83E-05,1.43E-05
1459,-2.66E-04,4.56E-05,-1.48E-04,1.42E-04,-1.62E-04,1.53E-04,2.87E-04,3.49E-05,-7.10E-05,2.37E-04,-3.20E-06,-1.34E-04,-1.09E-05,3.68E-04,-5.06E-05,1.60E-04,5.87E-05,-6.73E-05,-6.51E-05,1.82E-05
1460,-2.42E-04,6.57E-05,-1.42E-04,1.49E-04,-1.49E-04,1.60E-04,3.15E-04,5.29E-05,-6.67E-05,2.42E-04,-3.84E-06,-1.27E-04,-2.00E-05,3.79E-04,-3.70E-05,1.64E-04,6.40E-05,-5.04E-05,-5.25E-05,2.14E-05
1461,-2.26E-04,8.65E-05,-1.36E-04,1.56E-04,-1.36E-04,1.66E-04,3.40E-04,6.99E-05,-6.26E-05,2.46E-04,-2.61E-06,-1.19E-04,-2.86E-05,3.89E-04,-2.50E-05,1.68E-04,6.87E-05,-3.53E-05,-4.09E-05,2.37E-05
1462,-2.21E-04,1.08E-04,-1.30E-04,1.63E-04,-1.23E-04,1.72E-04,3.61E-04,8.56E-05,-5.90E-05,2.50E-04,4.99E-07,-1.10E-04,-3.58E-05,3.99E-04,-1.47E-05,1.70E-04,7.31E-05,-2.23E-05,-3.03E-05,2.52E-05
1463,-2.24E-04,1.30E-04,-1.23E-04,1.70E-04,-1.11E-04,1.78E-04,3.79E-04,9.99E-05,-5.56E-05,2.54E-04,5.43E-06,-1.01E-04,-4.07E-05,4.08E-04,-6.07E-06,1.72E-04,7.74E-05,-1.13E-05,-2.09E-05,2.60E-05
1464,-2.37E-04,1.52E-04,-1.16E-04,1.76E-04,-9.82E-05,1.84E-04,3.93E-04,1.13E-04,-5.26E-05,2.57E-04,1.20E-05,-9.00E-05,-4.27E-05,4.17E-04,7.96E-07,1.73E-04,8.17E-05,-2.28E-06,-1.27E-05,2.60E-05
1465,-2.55E-04,1.75E-04,-1.08E-04,1.83E-04,-8.61E-05,1.90E-04,4.04E-04,1.24E-04,-5.00E-05,2.60E-04,2.01E-05,-7.89E-05,-4.12E-05,4.26E-04,5.94E-06,1.74E-04,8.60E-05,4.86E-06,-5.94E-06,2.54E-05
1466,-2.79E-04,1.98E-04,-9.99E-05,1.89E-04,-7.42E-05,1.96E-04,4.13E-04,1.34E-04,-4.78E-05,2.63E-04,2.94E-05,-6.75E-05,-3.63E-05,4.34E-04,9.44E-06,1.73E-04,9.03E-05,1.03E-05,-4.81E-07,2.41E-05
1467,-3.05E-04,2.20E-04,-9.05E-05,1.95E-04,-6.28E-05,2.01E-04,4.19E-04,1.43E-04,-4.59E-05,2.65E-04,3.96E-05,-5.59E-05,-2.78E-05,4.41E-04,1.14E-05,1.73E-04,9.46E-05,1.44E-05,3.66E-06,2.24E-05
1468,-3.30E-04,2.43E-04,-8.04E-05,2.01E-04,-5.18E-05,2.06E-04,4.25E-04,1.50E-04,-4.45E-05,2.67E-04,5.03E-05,-4.44E-05,-1.63E-05,4.48E-04,1.20E-05,1.72E-04,9.88E-05,1.75E-05,6.56E-06,2.02E-05
1469,-3.52E-04,2.65E-04,-6.98E-05,2.07E-04,-4.14E-05,2.10E-04,4.29E-04,1.57E-04,-4.34E-05,2.69E-04,6.13E-05,-3.30E-05,-2.24E-06,4.54E-04,1.15E-05,1.70E-04,1.03E-04,1.98E-05,8.33E-06,1.76E-05
1470,-3.69E-04,2.86E-04,-5.89E-05,2.13E-04,-3.16E-05,2.15E-04,4.34E-04,1.62E-04,-4.26E-05,2.71E-04,7.22E-05,-2.20E-05,1.35E-05,4.61E-04,1.00E-05,1.69E-04,1.07E-04,2.16E-05,9.11E-06,1.48E-05
1471,-3.78E-04,3.06E-04,-4.80E-05,2.18E-04,-2.25E-05,2.18E-04,4.39E-04,1.68E-04,-4.22E-05,2.72E-04,8.27E-05,-1.13E-05,3.01E-05,4.67E-04,7.83E-06,1.67E-04,1.10E-04,2.34E-05,9.09E-06,1.18E-05
1472,-3.79E-04,3.24E-04,-3.73E-05,2.23E-04,-1.42E-05,2.22E-04,4.45E-04,1.72E-04,-4.21E-05,2.73E-04,9.26E-05,-1.24E-06,4.65E-05,4.72E-04,5.16E-06,1.65E-04,1.13E-04,2.52E-05,8.45E-06,8.68E-06
1473,-3.70E-04,3.40E-04,-2.71E-05,2.28E-04,-6.73E-06,2.24E-04,4.52E-04,1.77E-04,-4.22E-05,2.73E-04,1.02E-04,8.30E-06,6.17E-05,4.78E-04,2.25E-06,1.63E-04,1.16E-04,2.74E-05,7.41E-06,5.58E-06
1474,-3.51E-04,3.54E-04,-1.77E-05,2.32E-04,-5.43E-08,2.26E-04,4.60E-04,1.82E-04,-4.25E-05,2.73E-04,1.09E-04,1.72E-05,7.51E-05,4.84E-04,-6.74E-07,1.62E-04,1.19E-04,3.01E-05,6.15E-06,2.53E-06
1475,-3.23E-04,3.65E-04,-9.21E-06,2.37E-04,5.84E-06,2.28E-04,4.69E-04,1.87E-04,-4.29E-05,2.73E-04,1.16E-04,2.55E-05,8.58E-05,4.89E-04,-3.39E-06,1.60E-04,1.21E-04,3.33E-05,4.88E-06,-4.31E-07
1476,-2.86E-04,3.74E-04,-1.76E-06,2.40E-04,1.10E-05,2.30E-04,4.79E-04,1.93E-04,-4.34E-05,2.73E-04,1.22E-04,3.30E-05,9.35E-05,4.95E-04,-5.71E-06,1.59E-04,1.23E-04,3.71E-05,3.76E-06,-3.26E-06
1477,-2.43E-04,3.80E-04,4.61E-06,2.44E-04,1.55E-05,2.31E-04,4.90E-04,2.00E-04,-4.39E-05,2.73E-04,1.26E-04,3.99E-05,9.79E-05,5.01E-04,-7.46E-06,1.58E-04,1.26E-04,4.14E-05,2.94E-06,-5.95E-06
1478,-1.94E-04,3.83E-04,9.94E-06,2.47E-04,1.95E-05,2.32E-04,5.01E-04,2.07E-04,-4.43E-05,2.72E-04,1.28E-04,4.61E-05,9.90E-05,5.06E-04,-8.51E-06,1.58E-04,1.29E-04,4.60E-05,2.54E-06,-8.48E-06
1479,-1.44E-04,3.84E-04,1.43E-05,2.49E-04,2.30E-05,2.33E-04,5.13E-04,2.14E-04,-4.46E-05,2.71E-04,1.29E-04,5.15E-05,9.72E-05,5.11E-04,-8.76E-06,1.57E-04,1.33E-04,5.10E-05,2.63E-06,-1.09E-05
1480,-9.32E-05,3.82E-04,1.80E-05,2.51E-04,2.63E-05,2.34E-04,5.24E-04,2.22E-04,-4.48E-05,2.70E-04,1.29E-04,5.60E-05,9.29E-05,5.17E-04,-8.14E-06,1.57E-04,1.37E-04,5.60E-05,3.25E-06,-1.31E-05
1481,-4.51E-05,3.78E-04,2.11E-05,2.52E-04,2.93E-05,2.35E-04,5.35E-04,2.31E-04,-4.48E-05,2.69E-04,1.27E-04,5.98E-05,8.70E-05,5.21E-04,-6.66E-06,1.57E-04,1.42E-04,6.11E-05,4.40E-06,-1.53E-05
1482,-1.41E-06,3.74E-04,2.40E-05,2.52E-04,3.23E-05,2.36E-04,5.45E-04,2.40E-04,-4.46E-05,2.68E-04,1.24E-04,6.26E-05,8.01E-05,5.26E-04,-4.34E-06,1.57E-04,1.48E-04,6.60E-05,6.04E-06,-1.74E-05
1483,3.60E-05,3.68E-04,2.69E-05,2.51E-04,3.54E-05,2.37E-04,5.54E-04,2.49E-04,-4.43E-05,2.67E-04,1.20E-04,6.45E-05,7.31E-05,5.29E-04,-1.28E-06,1.57E-04,1.55E-04,7.06E-05,8.10E-06,-1.95E-05
1484,6.61E-05,3.63E-04,3.00E-05,2.50E-04,3.86E-05,2.38E-04,5.62E-04,2.57E-04,-4.37E-05,2.66E-04,1.15E-04,6.54E-05,6.69E-05,5.32E-04,2.41E-06,1.58E-04,1.63E-04,7.48E-05,1.05E-05,-2.16E-05
1485,8.83E-05,3.58E-04,3.37E-05,2.47E-04,4.19E-05,2.38E-04,5.69E-04,2.66E-04,-4.31E-05,2.65E-04,1.08E-04,6.53E-05,6.21E-05,5.34E-04,6.54E-06,1.58E-04,1.71E-04,7.87E-05,1.30E-05,-2.37E-05
1486,1.03E-04,3.54E-04,3.81E-05,2.44E-04,4.55E-05,2.39E-04,5.75E-04,2.75E-04,-4.24E-05,2.64E-04,1.01E-04,6.40E-05,5.94E-05,5.35E-04,1.09E-05,1.58E-04,1.80E-04,8.23E-05,1.56E-05,-2.59E-05
1487,1.09E-04,3.53E-04,4.32E-05,2.40E-04,4.92E-05,2.39E-04,5.80E-04,2.83E-04,-4.16E-05,2.62E-04,9.27E-05,6.17E-05,5.90E-05,5.35E-04,1.53E-05,1.57E-04,1.90E-04,8.55E-05,1.81E-05,-2.81E-05
1488,1.10E-04,3.54E-04,4.91E-05,2.35E-04,5.30E-05,2.39E-04,5.82E-04,2.90E-04,-4.09E-05,2.61E-04,8.38E-05,5.83E-05,6.12E-05,5.34E-04,1.93E-05,1.57E-04,1.99E-04,8.86E-05,2.03E-05,-3.05E-05
1489,1.06E-04,3.57E-04,5.59E-05,2.29E-04,5.69E-05,2.38E-04,5.84E-04,2.97E-04,-4.03E-05,2.59E-04,7.44E-05,5.38E-05,6.57E-05,5.32E-04,2.28E-05,1.55E-04,2.07E-04,9.16E-05,2.21E-05,-3.30E-05
1490,9.99E-05,3.63E-04,6.33E-05,2.23E-04,6.06E-05,2.36E-04,5.83E-04,3.03E-04,-3.99E-05,2.56E-04,6.47E-05,4.83E-05,7.22E-05,5.29E-04,2.55E-05,1.53E-04,2.15E-04,9.47E-05,2.34E-05,-3.56E-05
1491,9.26E-05,3.72E-04,7.11E-05,2.17E-04,6.40E-05,2.32E-04,5.80E-04,3.08E-04,-3.97E-05,2.52E-04,5.51E-05,4.20E-05,8.02E-05,5.25E-04,2.71E-05,1.50E-04,2.21E-04,9.81E-05,2.41E-05,-3.84E-05
1492,8.66E-05,3.83E-04,7.93E-05,2.09E-04,6.70E-05,2.28E-04,5.76E-04,3.12E-04,-3.97E-05,2.48E-04,4.58E-05,3.48E-05,8.90E-05,5.21E-04,2.74E-05,1.46E-04,2.26E-04,1.02E-04,2.40E-05,-4.12E-05
1493,8.34E-05,3.96E-04,8.74E-05,2.02E-04,6.94E-05,2.22E-04,5.68E-04,3.16E-04,-4.01E-05,2.43E-04,3.70E-05,2.71E-05,9.77E-05,5.16E-04,2.63E-05,1.41E-04,2.30E-04,1.06E-04,2.31E-05,-4.42E-05
1494,8.46E-05,4.10E-04,9.52E-05,1.95E-04,7.11E-05,2.15E-04,5.58E-04,3.18E-04,-4.09E-05,2.36E-04,2.91E-05,1.91E-05,1.06E-04,5.10E-04,2.36E-05,1.36E-04,2.32E-04,1.11E-04,2.14E-05,-4.73E-05
1495,9.12E-05,4.25E-04,1.03E-04,1.87E-04,7.19E-05,2.06E-04,5.46E-04,3.20E-04,-4.20E-05,2.29E-04,2.24E-05,1.08E-05,1.12E-04,5.04E-04,1.93E-05,1.29E-04,2.32E-04,1.16E-04,1.89E-05,-5.05E-05
1496,1.04E-04,4.40E-04,1.09E-04,1.80E-04,7.17E-05,1.95E-04,5.30E-04,3.22E-04,-4.33E-05,2.20E-04,1.72E-05,2.62E-06,1.16E-04,4.99E-04,1.34E-05,1.22E-04,2.30E-04,1.22E-04,1.56E-05,-5.37E-05
1497,1.22E-04,4.54E-04,1.15E-04,1.73E-04,7.04E-05,1.83E-04,5.12E-04,3.23E-04,-4.50E-05,2.10E-04,1.35E-05,-5.26E-06,1.17E-04,4.93E-04,6.06E-06,1.14E-04,2.27E-04,1.29E-04,1.16E-05,-5.71E-05
1498,1.45E-04,4.67E-04,1.19E-04,1.67E-04,6.81E-05,1.70E-04,4.91E-04,3.23E-04,-4.69E-05,1.99E-04,1.18E-05,-1.26E-05,1.16E-04,4.88E-04,-2.50E-06,1.05E-04,2.23E-04,1.36E-04,6.97E-06,-6.05E-05
1499,1.72E-04,4.77E-04,1.23E-04,1.61E-04,6.47E-05,1.56E-04,4.68E-04,3.23E-04,-4.89E-05,1.87E-04,1.19E-05,-1.91E-05,1.11E-04,4.83E-04,-1.21E-05,9.57E-05,2.18E-04,1.43E-04,1.82E-06,-6.39E-05
1500,2.01E-04,4.85E-04,1.25E-04,1.55E-04,6.04E-05,1.41E-04,4.44E-04,3.22E-04,-5.09E-05,1.74E-04,1.41E-05,-2.46E-05,1.03E-04,4.79E-04,-2.23E-05,8.62E-05,2.14E-04,1.50E-04,-3.71E-06,-6.73E-05
1501,2.30E-04,4.90E-04,1.27E-04,1.49E-04,5.51E-05,1.25E-04,4.19E-04,3.21E-04,-5.29E-05,1.60E-04,1.81E-05,-2.88E-05,9.38E-05,4.76E-04,-3.29E-05,7.66E-05,2.09E-04,1.58E-04,-9.49E-06,-7.08E-05
1502,2.58E-04,4.92E-04,1.28E-04,1.44E-04,4.91E-05,1.10E-04,3.95E-04,3.20E-04,-5.47E-05,1.47E-04,2.40E-05,-3.17E-05,8.27E-05,4.74E-04,-4.34E-05,6.71E-05,2.06E-04,1.65E-04,-1.53E-05,-7.41E-05
1503,2.82E-04,4.90E-04,1.28E-04,1.40E-04,4.25E-05,9.39E-05,3.72E-04,3.18E-04,-5.61E-05,1.33E-04,3.15E-05,-3.29E-05,7.09E-05,4.72E-04,-5.35E-05,5.79E-05,2.04E-04,1.72E-04,-2.11E-05,-7.73E-05
1504,3.00E-04,4.86E-04,1.28E-04,1.35E-04,3.55E-05,7.85E-05,3.51E-04,3.16E-04,-5.71E-05,1.20E-04,4.04E-05,-3.25E-05,5.95E-05,4.71E-04,-6.28E-05,4.91E-05,2.03E-04,1.78E-04,-2.67E-05,-8.03E-05
1505,3.12E-04,4.79E-04,1.27E-04,1.31E-04,2.84E-05,6.37E-05,3.34E-04,3.14E-04,-5.76E-05,1.07E-04,5.02E-05,-3.03E-05,4.94E-05,4.72E-04,-7.11E-05,4.10E-05,2.05E-04,1.84E-04,-3.18E-05,-8.31E-05
1506,3.15E-04,4.70E-04,1.27E-04,1.27E-04,2.14E-05,4.98E-05,3.21E-04,3.12E-04,-5.75E-05,9.52E-05,6.06E-05,-2.62E-05,4.16E-05,4.73E-04,-7.79E-05,3.37E-05,2.09E-04,1.89E-04,-3.63E-05,-8.54E-05
1507,3.09E-04,4.59E-04,1.27E-04,1.23E-04,1.45E-05,3.69E-05,3.14E-04,3.10E-04,-5.66E-05,8.46E-05,7.13E-05,-2.02E-05,3.69E-05,4.75E-04,-8.32E-05,2.74E-05,2.16E-04,1.94E-04,-4.01E-05,-8.72E-05
1508,2.96E-04,4.48E-04,1.28E-04,1.20E-04,8.19E-06,2.52E-05,3.12E-04,3.09E-04,-5.50E-05,7.55E-05,8.17E-05,-1.23E-05,3.59E-05,4.78E-04,-8.68E-05,2.22E-05,2.25E-04,1.99E-04,-4.30E-05,-8.85E-05
1509,2.74E-04,4.38E-04,1.30E-04,1.17E-04,2.44E-06,1.46E-05,3.17E-04,3.08E-04,-5.26E-05,6.79E-05,9.15E-05,-2.64E-06,3.91E-05,4.82E-04,-8.86E-05,1.81E-05,2.37E-04,2.05E-04,-4.49E-05,-8.90E-05
1510,2.47E-04,4.27E-04,1.32E-04,1.14E-04,-2.54E-06,5.38E-06,3.27E-04,3.07E-04,-4.93E-05,6.20E-05,1.00E-04,8.80E-06,4.65E-05,4.87E-04,-8.87E-05,1.53E-05,2.51E-04,2.10E-04,-4.56E-05,-8.87E-05
1511,2.16E-04,4.19E-04,1.36E-04,1.12E-04,-6.65E-06,-2.68E-06,3.44E-04,3.08E-04,-4.52E-05,5.78E-05,1.08E-04,2.19E-05,5.81E-05,4.92E-04,-8.71E-05,1.37E-05,2.67E-04,2.17E-04,-4.51E-05,-8.74E-05
1512,1.83E-04,4.13E-04,1.41E-04,1.10E-04,-9.82E-06,-9.60E-06,3.66E-04,3.09E-04,-4.03E-05,5.53E-05,1.15E-04,3.64E-05,7.33E-05,4.99E-04,-8.39E-05,1.34E-05,2.85E-04,2.24E-04,-4.33E-05,-8.51E-05
1513,1.51E-04,4.09E-04,1.47E-04,1.08E-04,-1.20E-05,-1.55E-05,3.92E-04,3.12E-04,-3.46E-05,5.43E-05,1.19E-04,5.23E-05,9.15E-05,5.06E-04,-7.94E-05,1.44E-05,3.05E-04,2.33E-04,-4.01E-05,-8.16E-05
1514,1.23E-04,4.09E-04,1.54E-04,1.07E-04,-1.32E-05,-2.04E-05,4.22E-04,3.17E-04,-2.82E-05,5.48E-05,1.23E-04,6.93E-05,1.12E-04,5.14E-04,-7.38E-05,1.66E-05,3.25E-04,2.44E-04,-3.54E-05,-7.70E-05
1515,1.01E-04,4.11E-04,1.62E-04,1.07E-04,-1.33E-05,-2.46E-05,4.53E-04,3.23E-04,-2.11E-05,5.64E-05,1.25E-04,8.71E-05,1.33E-04,5.24E-04,-6.72E-05,1.99E-05,3.47E-04,2.57E-04,-2.92E-05,-7.12E-05
1516,8.69E-05,4.17E-04,1.72E-04,1.08E-04,-1.25E-05,-2.81E-05,4.85E-04,3.31E-04,-1.35E-05,5.91E-05,1.25E-04,1.06E-04,1.55E-04,5.34E-04,-5.98E-05,2.44E-05,3.69E-04,2.72E-04,-2.17E-05,-6.42E-05
1517,8.34E-05,4.27E-04,1.83E-04,1.10E-04,-1.08E-05,-3.10E-05,5.17E-04,3.41E-04,-5.27E-06,6.25E-05,1.25E-04,1.24E-04,1.76E-04,5.44E-04,-5.19E-05,3.00E-05,3.91E-04,2.89E-04,-1.27E-05,-5.60E-05
1518,9.10E-05,4.40E-04,1.95E-04,1.12E-04,-8.18E-06,-3.34E-05,5.46E-04,3.52E-04,3.41E-06,6.64E-05,1.24E-04,1.43E-04,1.95E-04,5.56E-04,-4.35E-05,3.65E-05,4.13E-04,3.08E-04,-2.48E-06,-4.68E-05
1519,1.10E-04,4.56E-04,2.08E-04,1.16E-04,-4.76E-06,-3.52E-05,5.72E-04,3.66E-04,1.25E-05,7.06E-05,1.23E-04,1.61E-04,2.11E-04,5.68E-04,-3.49E-05,4.40E-05,4.35E-04,3.29E-04,8.94E-06,-3.67E-05
1520,1.40E-04,4.76E-04,2.22E-04,1.19E-04,-5.77E-07,-3.65E-05,5.95E-04,3.82E-04,2.19E-05,7.50E-05,1.22E-04,1.79E-04,2.23E-04,5.81E-04,-2.61E-05,5.23E-05,4.56E-04,3.52E-04,2.14E-05,-2.59E-05
1521,1.80E-04,4.98E-04,2.38E-04,1.24E-04,4.29E-06,-3.73E-05,6.12E-04,3.99E-04,3.16E-05,7.93E-05,1.21E-04,1.96E-04,2.32E-04,5.95E-04,-1.70E-05,6.14E-05,4.77E-04,3.76E-04,3.47E-05,-1.46E-05
1522,2.28E-04,5.22E-04,2.55E-04,1.29E-04,9.79E-06,-3.73E-05,6.25E-04,4.18E-04,4.16E-05,8.36E-05,1.21E-04,2.12E-04,2.38E-04,6.09E-04,-7.72E-06,7.11E-05,4.97E-04,4.02E-04,4.86E-05,-2.89E-06
1523,2.81E-04,5.49E-04,2.73E-04,1.34E-04,1.59E-05,-3.66E-05,6.34E-04,4.38E-04,5.17E-05,8.78E-05,1.22E-04,2.26E-04,2.39E-04,6.23E-04,1.79E-06,8.15E-05,5.17E-04,4.27E-04,6.29E-05,8.83E-06
1524,3.36E-04,5.78E-04,2.92E-04,1.40E-04,2.25E-05,-3.50E-05,6.39E-04,4.59E-04,6.20E-05,9.19E-05,1.24E-04,2.39E-04,2.38E-04,6.37E-04,1.16E-05,9.24E-05,5.36E-04,4.53E-04,7.73E-05,2.04E-05
1525,3.90E-04,6.09E-04,3.12E-04,1.45E-04,2.95E-05,-3.25E-05,6.42E-04,4.81E-04,7.24E-05,9.61E-05,1.27E-04,2.50E-04,2.34E-04,6.51E-04,2.18E-05,1.04E-04,5.54E-04,4.77E-04,9.15E-05,3.15E-05
1526,4.40E-04,6.40E-04,3.33E-04,1.50E-04,3.69E-05,-2.88E-05,6.43E-04,5.03E-04,8.28E-05,1.00E-04,1.32E-04,2.59E-04,2.28E-04,6.65E-04,3.23E-05,1.16E-04,5.72E-04,5.01E-04,1.05E-04,4.19E-05
1527,4.82E-04,6.73E-04,3.54E-04,1.54E-04,4.46E-05,-2.41E-05,6.44E-04,5.25E-04,9.32E-05,1.05E-04,1.38E-04,2.67E-04,2.21E-04,6.78E-04,4.33E-05,1.28E-04,5.89E-04,5.22E-04,1.18E-04,5.15E-05
1528,5.14E-04,7.07E-04,3.75E-04,1.58E-04,5.26E-05,-1.83E-05,6.46E-04,5.47E-04,1.04E-04,1.10E-04,1.45E-04,2.73E-04,2.15E-04,6.90E-04,5.46E-05,1.40E-04,6.06E-04,5.41E-04,1.30E-04,6.01E-05
1529,5.33E-04,7.41E-04,3.96E-04,1.61E-04,6.06E-05,-1.14E-05,6.51E-04,5.68E-04,1.14E-04,1.15E-04,1.53E-04,2.78E-04,2.10E-04,7.01E-04,6.63E-05,1.52E-04,6.23E-04,5.58E-04,1.41E-04,6.74E-05
1530,5.39E-04,7.75E-04,4.17E-04,1.64E-04,6.87E-05,-3.69E-06,6.61E-04,5.88E-04,1.24E-04,1.21E-04,1.61E-04,2.81E-04,2.06E-04,7.12E-04,7.82E-05,1.64E-04,6.39E-04,5.72E-04,1.51E-04,7.35E-05
1531,5.30E-04,8.09E-04,4.36E-04,1.65E-04,7.66E-05,4.71E-06,6.76E-04,6.07E-04,1.33E-04,1.28E-04,1.70E-04,2.84E-04,2.06E-04,7.21E-04,9.02E-05,1.76E-04,6.54E-04,5.83E-04,1.59E-04,7.83E-05
1532,5.07E-04,8.41E-04,4.54E-04,1.66E-04,8.42E-05,1.35E-05,6.97E-04,6.24E-04,1.42E-04,1.35E-04,1.80E-04,2.86E-04,2.09E-04,7.28E-04,1.02E-04,1.87E-04,6.69E-04,5.92E-04,1.65E-04,8.19E-05
1533,4.72E-04,8.71E-04,4.70E-04,1.67E-04,9.15E-05,2.24E-05,7.23E-04,6.39E-04,1.51E-04,1.42E-04,1.89E-04,2.87E-04,2.16E-04,7.35E-04,1.14E-04,1.98E-04,6.83E-04,5.98E-04,1.70E-04,8.42E-05
1534,4.25E-04,8.98E-04,4.84E-04,1.67E-04,9.82E-05,3.11E-05,7.55E-04,6.51E-04,1.58E-04,1.50E-04,1.97E-04,2.89E-04,2.27E-04,7.40E-04,1.25E-04,2.09E-04,6.96E-04,6.02E-04,1.73E-04,8.55E-05
1535,3.71E-04,9.22E-04,4.95E-04,1.67E-04,1.04E-04,3.91E-05,7.92E-04,6.62E-04,1.65E-04,1.58E-04,2.05E-04,2.91E-04,2.41E-04,7.44E-04,1.35E-04,2.18E-04,7.08E-04,6.04E-04,1.75E-04,8.58E-05
1536,3.12E-04,9.42E-04,5.03E-04,1.67E-04,1.10E-04,4.61E-05,8.33E-04,6.69E-04,1.71E-04,1.65E-04,2.12E-04,2.93E-04,2.59E-04,7.47E-04,1.44E-04,2.28E-04,7.19E-04,6.05E-04,1.75E-04,8.54E-05
1537,2.51E-04,9.57E-04,5.09E-04,1.67E-04,1.14E-04,5.17E-05,8.75E-04,6.75E-04,1.76E-04,1.72E-04,2.18E-04,2.97E-04,2.80E-04,7.49E-04,1.53E-04,2.36E-04,7.30E-04,6.05E-04,1.74E-04,8.45E-05
1538,1.92E-04,9.66E-04,5.11E-04,1.68E-04,1.17E-04,5.57E-05,9.18E-04,6.78E-04,1.80E-04,1.78E-04,2.23E-04,3.01E-04,3.02E-04,7.50E-04,1.60E-04,2.43E-04,7.39E-04,6.05E-04,1.72E-04,8.33E-05
1539,1.38E-04,9.70E-04,5.11E-04,1.70E-04,1.20E-04,5.79E-05,9.58E-04,6.78E-04,1.83E-04,1.82E-04,2.27E-04,3.07E-04,3.26E-04,7.50E-04,1.66E-04,2.50E-04,7.47E-04,6.06E-04,1.70E-04,8.21E-05
1540,9.32E-05,9.67E-04,5.09E-04,1.72E-04,1.22E-04,5.79E-05,9.96E-04,6.77E-04,1.85E-04,1.85E-04,2.30E-04,3.15E-04,3.50E-04,7.50E-04,1.70E-04,2.56E-04,7.55E-04,6.07E-04,1.67E-04,8.10E-05
1541,5.84E-05,9.58E-04,5.04E-04,1.75E-04,1.23E-04,5.59E-05,1.03E-03,6.73E-04,1.85E-04,1.86E-04,2.31E-04,3.23E-04,3.74E-04,7.49E-04,1.74E-04,2.61E-04,7.61E-04,6.09E-04,1.64E-04,8.03E-05
1542,3.58E-05,9.43E-04,4.99E-04,1.79E-04,1.23E-04,5.18E-05,1.05E-03,6.68E-04,1.85E-04,1.84E-04,2.32E-04,3.33E-04,3.96E-04,7.47E-04,1.76E-04,2.66E-04,7.67E-04,6.13E-04,1.62E-04,8.00E-05
1543,2.60E-05,9.23E-04,4.93E-04,1.85E-04,1.22E-04,4.58E-05,1.07E-03,6.62E-04,1.84E-04,1.80E-04,2.32E-04,3.43E-04,4.16E-04,7.45E-04,1.77E-04,2.70E-04,7.73E-04,6.18E-04,1.60E-04,8.04E-05
1544,2.87E-05,8.98E-04,4.86E-04,1.90E-04,1.21E-04,3.80E-05,1.08E-03,6.55E-04,1.82E-04,1.73E-04,2.31E-04,3.55E-04,4.33E-04,7.43E-04,1.78E-04,2.74E-04,7.78E-04,6.24E-04,1.58E-04,8.15E-05
1545,4.28E-05,8.69E-04,4.81E-04,1.97E-04,1.20E-04,2.88E-05,1.08E-03,6.47E-04,1.80E-04,1.64E-04,2.30E-04,3.68E-04,4.47E-04,7.40E-04,1.78E-04,2.77E-04,7.83E-04,6.31E-04,1.57E-04,8.32E-05
1546,6.66E-05,8.38E-04,4.77E-04,2.04E-04,1.19E-04,1.85E-05,1.08E-03,6.39E-04,1.77E-04,1.53E-04,2.28E-04,3.81E-04,4.57E-04,7.37E-04,1.78E-04,2.79E-04,7.89E-04,6.40E-04,1.57E-04,8.57E-05
1547,9.75E-05,8.06E-04,4.76E-04,2.11E-04,1.17E-04,7.40E-06,1.06E-03,6.31E-04,1.74E-04,1.40E-04,2.26E-04,3.94E-04,4.63E-04,7.33E-04,1.78E-04,2.82E-04,7.94E-04,6.49E-04,1.58E-04,8.87E-05
1548,1.33E-04,7.73E-04,4.76E-04,2.18E-04,1.16E-04,-3.99E-06,1.04E-03,6.23E-04,1.71E-04,1.25E-04,2.24E-04,4.08E-04,4.66E-04,7.30E-04,1.78E-04,2.84E-04,8.01E-04,6.58E-04,1.59E-04,9.23E-05
1549,1.69E-04,7.43E-04,4.80E-04,2.24E-04,1.16E-04,-1.54E-05,1.01E-03,6.16E-04,1.68E-04,1.09E-04,2.22E-04,4.21E-04,4.64E-04,7.25E-04,1.79E-04,2.86E-04,8.08E-04,6.67E-04,1.61E-04,9.61E-05
1550,2.04E-04,7.16E-04,4.86E-04,2.30E-04,1.16E-04,-2.63E-05,9.85E-04,6.10E-04,1.65E-04,9.25E-05,2.20E-04,4.35E-04,4.60E-04,7.21E-04,1.80E-04,2.88E-04,8.15E-04,6.76E-04,1.64E-04,1.00E-04
1551,2.34E-04,6.92E-04,4.96E-04,2.36E-04,1.16E-04,-3.66E-05,9.55E-04,6.04E-04,1.63E-04,7.54E-05,2.18E-04,4.49E-04,4.53E-04,7.15E-04,1.82E-04,2.90E-04,8.24E-04,6.83E-04,1.67E-04,1.04E-04
1552,2.57E-04,6.74E-04,5.08E-04,2.40E-04,1.17E-04,-4.61E-05,9.25E-04,6.00E-04,1.61E-04,5.84E-05,2.17E-04,4.62E-04,4.43E-04,7.10E-04,1.84E-04,2.92E-04,8.33E-04,6.88E-04,1.70E-04,1.08E-04
1553,2.73E-04,6.62E-04,5.23E-04,2.43E-04,1.19E-04,-5.45E-05,8.96E-04,5.96E-04,1.59E-04,4.21E-05,2.15E-04,4.76E-04,4.31E-04,7.03E-04,1.87E-04,2.93E-04,8.43E-04,6.92E-04,1.74E-04,1.11E-04
1554,2.79E-04,6.56E-04,5.40E-04,2.46E-04,1.20E-04,-6.18E-05,8.71E-04,5.93E-04,1.59E-04,2.67E-05,2.14E-04,4.89E-04,4.18E-04,6.97E-04,1.91E-04,2.94E-04,8.54E-04,6.93E-04,1.76E-04,1.14E-04
1555,2.77E-04,6.56E-04,5.58E-04,2.47E-04,1.23E-04,-6.80E-05,8.49E-04,5.90E-04,1.58E-04,1.26E-05,2.13E-04,5.03E-04,4.04E-04,6.89E-04,1.95E-04,2.94E-04,8.65E-04,6.92E-04,1.79E-04,1.15E-04
1556,2.68E-04,6.62E-04,5.76E-04,2.47E-04,1.25E-04,-7.32E-05,8.32E-04,5.87E-04,1.58E-04,-4.47E-08,2.13E-04,5.17E-04,3.90E-04,6.81E-04,1.99E-04,2.94E-04,8.76E-04,6.88E-04,1.80E-04,1.16E-04
1557,2.52E-04,6.73E-04,5.95E-04,2.46E-04,1.28E-04,-7.75E-05,8.19E-04,5.84E-04,1.59E-04,-1.10E-05,2.13E-04,5.31E-04,3.77E-04,6.73E-04,2.03E-04,2.94E-04,8.88E-04,6.82E-04,1.81E-04,1.16E-04
1558,2.32E-04,6.89E-04,6.13E-04,2.44E-04,1.30E-04,-8.12E-05,8.10E-04,5.81E-04,1.59E-04,-2.04E-05,2.13E-04,5.45E-04,3.65E-04,6.64E-04,2.07E-04,2.92E-04,8.99E-04,6.73E-04,1.80E-04,1.14E-04
1559,2.10E-04,7.07E-04,6.29E-04,2.42E-04,1.32E-04,-8.45E-05,8.04E-04,5.77E-04,1.60E-04,-2.81E-05,2.14E-04,5.60E-04,3.54E-04,6.54E-04,2.11E-04,2.90E-04,9.10E-04,6.62E-04,1.79E-04,1.12E-04
1560,1.91E-04,7.27E-04,6.43E-04,2.40E-04,1.33E-04,-8.74E-05,8.01E-04,5.71E-04,1.61E-04,-3.44E-05,2.16E-04,5.74E-04,3.45E-04,6.44E-04,2.15E-04,2.87E-04,9.20E-04,6.49E-04,1.76E-04,1.08E-04
1561,1.75E-04,7.47E-04,6.54E-04,2.37E-04,1.34E-04,-9.04E-05,7.98E-04,5.64E-04,1.61E-04,-3.94E-05,2.19E-04,5.87E-04,3.38E-04,6.34E-04,2.18E-04,2.82E-04,9.29E-04,6.34E-04,1.73E-04,1.04E-04
1562,1.66E-04,7.66E-04,6.63E-04,2.34E-04,1.34E-04,-9.34E-05,7.95E-04,5.55E-04,1.62E-04,-4.34E-05,2.22E-04,6.00E-04,3.34E-04,6.23E-04,2.20E-04,2.77E-04,9.36E-04,6.17E-04,1.68E-04,9.83E-05
1563,1.66E-04,7.82E-04,6.68E-04,2.32E-04,1.33E-04,-9.66E-05,7.91E-04,5.44E-04,1.62E-04,-4.66E-05,2.25E-04,6.12E-04,3.32E-04,6.12E-04,2.22E-04,2.70E-04,9.42E-04,6.00E-04,1.63E-04,9.21E-05
1564,1.75E-04,7.95E-04,6.70E-04,2.29E-04,1.32E-04,-1.00E-04,7.84E-04,5.30E-04,1.61E-04,-4.92E-05,2.30E-04,6.22E-04,3.32E-04,6.01E-04,2.23E-04,2.63E-04,9.46E-04,5.81E-04,1.57E-04,8.52E-05
1565,1.96E-04,8.04E-04,6.69E-04,2.27E-04,1.30E-04,-1.04E-04,7.73E-04,5.15E-04,1.60E-04,-5.17E-05,2.34E-04,6.29E-04,3.35E-04,5.88E-04,2.23E-04,2.54E-04,9.48E-04,5.62E-04,1.51E-04,7.80E-05
1566,2.26E-04,8.07E-04,6.66E-04,2.25E-04,1.27E-04,-1.08E-04,7.57E-04,4.98E-04,1.59E-04,-5.40E-05,2.39E-04,6.35E-04,3.39E-04,5.76E-04,2.23E-04,2.44E-04,9.47E-04,5.42E-04,1.44E-04,7.05E-05
1567,2.65E-04,8.05E-04,6.60E-04,2.23E-04,1.23E-04,-1.12E-04,7.37E-04,4.79E-04,1.57E-04,-5.65E-05,2.44E-04,6.37E-04,3.45E-04,5.62E-04,2.22E-04,2.34E-04,9.45E-04,5.21E-04,1.37E-04,6.30E-05
1568,3.11E-04,7.98E-04,6.52E-04,2.22E-04,1.19E-04,-1.17E-04,7.12E-04,4.58E-04,1.55E-04,-5.93E-05,2.48E-04,6.37E-04,3.53E-04,5.47E-04,2.21E-04,2.22E-04,9.39E-04,5.00E-04,1.30E-04,5.55E-05
1569,3.62E-04,7.85E-04,6.42E-04,2.19E-04,1.15E-04,-1.21E-04,6.83E-04,4.36E-04,1.52E-04,-6.24E-05,2.52E-04,6.33E-04,3.61E-04,5.31E-04,2.20E-04,2.10E-04,9.32E-04,4.79E-04,1.23E-04,4.83E-05
1570,4.14E-04,7.68E-04,6.31E-04,2.17E-04,1.11E-04,-1.25E-04,6.50E-04,4.12E-04,1.49E-04,-6.58E-05,2.55E-04,6.26E-04,3.69E-04,5.15E-04,2.17E-04,1.97E-04,9.21E-04,4.58E-04,1.16E-04,4.15E-05
1571,4.64E-04,7.47E-04,6.20E-04,2.14E-04,1.07E-04,-1.28E-04,6.14E-04,3.88E-04,1.46E-04,-6.95E-05,2.57E-04,6.16E-04,3.77E-04,4.96E-04,2.15E-04,1.83E-04,9.09E-04,4.36E-04,1.10E-04,3.51E-05
1572,5.09E-04,7.23E-04,6.08E-04,2.10E-04,1.03E-04,-1.32E-04,5.77E-04,3.64E-04,1.43E-04,-7.35E-05,2.58E-04,6.03E-04,3.85E-04,4.77E-04,2.12E-04,1.69E-04,8.95E-04,4.13E-04,1.04E-04,2.92E-05
1573,5.46E-04,6.96E-04,5.97E-04,2.05E-04,9.91E-05,-1.34E-04,5.38E-04,3.40E-04,1.40E-04,-7.76E-05,2.57E-04,5.87E-04,3.91E-04,4.56E-04,2.09E-04,1.55E-04,8.79E-04,3.91E-04,9.86E-05,2.38E-05
1574,5.72E-04,6.68E-04,5.86E-04,1.99E-04,9.61E-05,-1.36E-04,5.00E-04,3.16E-04,1.37E-04,-8.18E-05,2.53E-04,5.70E-04,3.95E-04,4.33E-04,2.06E-04,1.40E-04,8.62E-04,3.67E-04,9.35E-05,1.90E-05
1575,5.86E-04,6.40E-04,5.75E-04,1.91E-04,9.34E-05,-1.37E-04,4.63E-04,2.92E-04,1.34E-04,-8.59E-05,2.48E-04,5.51E-04,3.97E-04,4.09E-04,2.02E-04,1.25E-04,8.43E-04,3.44E-04,8.88E-05,1.46E-05
1576,5.86E-04,6.11E-04,5.65E-04,1.82E-04,9.13E-05,-1.38E-04,4.28E-04,2.69E-04,1.32E-04,-8.99E-05,2.40E-04,5.32E-04,3.96E-04,3.84E-04,1.98E-04,1.10E-04,8.24E-04,3.20E-04,8.45E-05,1.07E-05
1577,5.73E-04,5.82E-04,5.55E-04,1.72E-04,8.95E-05,-1.39E-04,3.96E-04,2.47E-04,1.29E-04,-9.37E-05,2.31E-04,5.13E-04,3.93E-04,3.57E-04,1.93E-04,9.45E-05,8.04E-04,2.96E-04,8.06E-05,7.18E-06
1578,5.46E-04,5.53E-04,5.46E-04,1.60E-04,8.81E-05,-1.39E-04,3.66E-04,2.25E-04,1.27E-04,-9.72E-05,2.19E-04,4.94E-04,3.88E-04,3.30E-04,1.88E-04,7.90E-05,7.84E-04,2.72E-04,7.70E-05,3.94E-06
1579,5.09E-04,5.25E-04,5.37E-04,1.47E-04,8.68E-05,-1.40E-04,3.39E-04,2.04E-04,1.24E-04,-1.01E-04,2.05E-04,4.77E-04,3.80E-04,3.01E-04,1.82E-04,6.33E-05,7.64E-04,2.49E-04,7.37E-05,9.06E-07
1580,4.62E-04,4.97E-04,5.28E-04,1.33E-04,8.55E-05,-1.41E-04,3.14E-04,1.84E-04,1.22E-04,-1.04E-04,1.90E-04,4.62E-04,3.71E-04,2.71E-04,1.77E-04,4.76E-05,7.44E-04,2.25E-04,7.07E-05,-2.01E-06
1581,4.10E-04,4.68E-04,5.18E-04,1.18E-04,8.40E-05,-1.42E-04,2.90E-04,1.64E-04,1.19E-04,-1.07E-04,1.73E-04,4.48E-04,3.60E-04,2.41E-04,1.70E-04,3.19E-05,7.25E-04,2.03E-04,6.79E-05,-4.91E-06
1582,3.55E-04,4.38E-04,5.09E-04,1.03E-04,8.22E-05,-1.44E-04,2.68E-04,1.45E-04,1.16E-04,-1.10E-04,1.55E-04,4.37E-04,3.47E-04,2.10E-04,1.64E-04,1.61E-05,7.07E-04,1.81E-04,6.54E-05,-7.83E-06
1583,3.00E-04,4.06E-04,4.98E-04,8.67E-05,7.97E-05,-1.48E-04,2.46E-04,1.25E-04,1.13E-04,-1.14E-04,1.37E-04,4.27E-04,3.35E-04,1.80E-04,1.57E-04,4.98E-07,6.89E-04,1.60E-04,6.32E-05,-1.08E-05
1584,2.50E-04,3.72E-04,4.87E-04,7.07E-05,7.65E-05,-1.52E-04,2.25E-04,1.06E-04,1.10E-04,-1.18E-04,1.19E-04,4.19E-04,3.23E-04,1.49E-04,1.51E-04,-1.50E-05,6.71E-04,1.40E-04,6.13E-05,-1.40E-05
1585,2.07E-04,3.35E-04,4.74E-04,5.48E-05,7.24E-05,-1.58E-04,2.02E-04,8.58E-05,1.06E-04,-1.22E-04,1.01E-04,4.12E-04,3.11E-04,1.19E-04,1.44E-04,-3.02E-05,6.54E-04,1.21E-04,5.96E-05,-1.72E-05
1586,1.75E-04,2.94E-04,4.61E-04,3.94E-05,6.73E-05,-1.65E-04,1.78E-04,6.57E-05,1.02E-04,-1.27E-04,8.32E-05,4.06E-04,3.01E-04,8.96E-05,1.38E-04,-4.52E-05,6.38E-04,1.04E-04,5.82E-05,-2.06E-05
1587,1.53E-04,2.50E-04,4.46E-04,2.47E-05,6.11E-05,-1.74E-04,1.52E-04,4.53E-05,9.71E-05,-1.32E-04,6.68E-05,3.99E-04,2.93E-04,6.06E-05,1.32E-04,-5.96E-05,6.21E-04,8.70E-05,5.70E-05,-2.41E-05
1588,1.45E-04,2.03E-04,4.30E-04,1.07E-05,5.38E-05,-1.83E-04,1.25E-04,2.45E-05,9.19E-05,-1.39E-04,5.17E-05,3.92E-04,2.87E-04,3.25E-05,1.26E-04,-7.36E-05,6.04E-04,7.14E-05,5.62E-05,-2.76E-05
1589,1.49E-04,1.53E-04,4.14E-04,-2.15E-06,4.54E-05,-1.94E-04,9.64E-05,3.38E-06,8.61E-05,-1.46E-04,3.82E-05,3.83E-04,2.83E-04,5.10E-06,1.20E-04,-8.69E-05,5.87E-04,5.66E-05,5.55E-05,-3.11E-05
1590,1.66E-04,9.99E-05,3.96E-04,-1.39E-05,3.59E-05,-2.05E-04,6.66E-05,-1.78E-05,8.00E-05,-1.54E-04,2.63E-05,3.72E-04,2.80E-04,-2.14E-05,1.15E-04,-9.93E-05,5.68E-04,4.22E-05,5.50E-05,-3.45E-05
1591,1.92E-04,4.55E-05,3.77E-04,-2.45E-05,2.54E-05,-2.17E-04,3.62E-05,-3.90E-05,7.35E-05,-1.62E-04,1.61E-05,3.58E-04,2.80E-04,-4.69E-05,1.10E-04,-1.11E-04,5.49E-04,2.82E-05,5.46E-05,-3.77E-05
1592,2.26E-04,-9.38E-06,3.58E-04,-3.39E-05,1.41E-05,-2.29E-04,5.79E-06,-5.98E-05,6.67E-05,-1.71E-04,7.52E-06,3.41E-04,2.80E-04,-7.15E-05,1.06E-04,-1.21E-04,5.28E-04,1.41E-05,5.43E-05,-4.06E-05
1593,2.65E-04,-6.35E-05,3.38E-04,-4.21E-05,2.19E-06,-2.40E-04,-2.39E-05,-8.01E-05,5.97E-05,-1.80E-04,5.67E-07,3.21E-04,2.81E-04,-9.52E-05,1.01E-04,-1.31E-04,5.06E-04,-1.81E-07,5.39E-05,-4.30E-05
1594,3.04E-04,-1.15E-04,3.18E-04,-4.91E-05,-1.02E-05,-2.52E-04,-5.21E-05,-9.95E-05,5.26E-05,-1.89E-04,-4.97E-06,2.98E-04,2.81E-04,-1.18E-04,9.69E-05,-1.39E-04,4.82E-04,-1.49E-05,5.35E-05,-4.50E-05
1595,3.42E-04,-1.64E-04,2.97E-04,-5.51E-05,-2.28E-05,-2.63E-04,-7.82E-05,-1.18E-04,4.54E-05,-1.99E-04,-9.29E-06,2.71E-04,2.81E-04,-1.40E-04,9.26E-05,-1.46E-04,4.58E-04,-3.00E-05,5.30E-05,-4.63E-05
1596,3.74E-04,-2.07E-04,2.76E-04,-6.00E-05,-3.55E-05,-2.73E-04,-1.02E-04,-1.35E-04,3.83E-05,-2.08E-04,-1.26E-05,2.43E-04,2.78E-04,-1.61E-04,8.81E-05,-1.51E-04,4.32E-04,-4.58E-05,5.23E-05,-4.70E-05
1597,3.98E-04,-2.45E-04,2.56E-04,-6.41E-05,-4.80E-05,-2.83E-04,-1.22E-04,-1.50E-04,3.14E-05,-2.16E-04,-1.53E-05,2.12E-04,2.73E-04,-1.81E-04,8.34E-05,-1.55E-04,4.05E-04,-6.20E-05,5.14E-05,-4.69E-05
1598,4.10E-04,-2.76E-04,2.35E-04,-6.74E-05,-6.01E-05,-2.91E-04,-1.40E-04,-1.63E-04,2.46E-05,-2.24E-04,-1.75E-05,1.81E-04,2.64E-04,-2.01E-04,7.84E-05,-1.57E-04,3.78E-04,-7.85E-05,5.03E-05,-4.60E-05
1599,4.10E-04,-2.99E-04,2.15E-04,-7.01E-05,-7.16E-05,-2.99E-04,-1.54E-04,-1.75E-04,1.82E-05,-2.31E-04,-1.96E-05,1.49E-04,2.52E-04,-2.19E-04,7.32E-05,-1.58E-04,3.50E-04,-9.51E-05,4.92E-05,-4.42E-05
1600,3.97E-04,-3.14E-04,1.96E-04,-7.22E-05,-8.23E-05,-3.05E-04,-1.66E-04,-1.84E-04,1.20E-05,-2.38E-04,-2.17E-05,1.18E-04,2.36E-04,-2.37E-04,6.78E-05,-1.57E-04,3.23E-04,-1.11E-04,4.80E-05,-4.16E-05
1601,3.70E-04,-3.21E-04,1.77E-04,-7.39E-05,-9.22E-05,-3.10E-04,-1.76E-04,-1.92E-04,6.23E-06,-2.43E-04,-2.42E-05,8.89E-05,2.15E-04,-2.53E-04,6.22E-05,-1.55E-04,2.97E-04,-1.27E-04,4.68E-05,-3.81E-05
1602,3.30E-04,-3.21E-04,1.59E-04,-7.52E-05,-1.01E-04,-3.13E-04,-1.83E-04,-1.97E-04,8.28E-07,-2.47E-04,-2.73E-05,6.19E-05,1.92E-04,-2.69E-04,5.67E-05,-1.51E-04,2.72E-04,-1.42E-04,4.58E-05,-3.38E-05
1603,2.78E-04,-3.15E-04,1.42E-04,-7.63E-05,-1.08E-04,-3.16E-04,-1.89E-04,-2.01E-04,-4.15E-06,-2.50E-04,-3.10E-05,3.78E-05,1.65E-04,-2.84E-04,5.14E-05,-1.46E-04,2.49E-04,-1.55E-04,4.51E-05,-2.87E-05
1604,2.17E-04,-3.02E-04,1.27E-04,-7.71E-05,-1.15E-04,-3.18E-04,-1.95E-04,-2.03E-04,-8.69E-06,-2.53E-04,-3.55E-05,1.72E-05,1.35E-04,-2.97E-04,4.65E-05,-1.40E-04,2.28E-04,-1.66E-04,4.49E-05,-2.27E-05
1605,1.50E-04,-2.86E-04,1.14E-04,-7.78E-05,-1.20E-04,-3.18E-04,-2.00E-04,-2.03E-04,-1.28E-05,-2.54E-04,-4.08E-05,3.39E-07,1.04E-04,-3.10E-04,4.22E-05,-1.32E-04,2.09E-04,-1.74E-04,4.53E-05,-1.61E-05
1606,7.83E-05,-2.66E-04,1.02E-04,-7.84E-05,-1.23E-04,-3.18E-04,-2.06E-04,-2.02E-04,-1.64E-05,-2.55E-04,-4.71E-05,-1.28E-05,7.33E-05,-3.21E-04,3.88E-05,-1.23E-04,1.93E-04,-1.80E-04,4.64E-05,-8.97E-06
1607,6.52E-06,-2.45E-04,9.20E-05,-7.89E-05,-1.26E-04,-3.17E-04,-2.13E-04,-2.00E-04,-1.95E-05,-2.55E-04,-5.42E-05,-2.23E-05,4.29E-05,-3.31E-04,3.65E-05,-1.13E-04,1.79E-04,-1.83E-04,4.84E-05,-1.29E-06
1608,-6.24E-05,-2.23E-04,8.44E-05,-7.93E-05,-1.27E-04,-3.14E-04,-2.20E-04,-1.97E-04,-2.21E-05,-2.54E-04,-6.21E-05,-2.85E-05,1.44E-05,-3.40E-04,3.55E-05,-1.02E-04,1.68E-04,-1.82E-04,5.13E-05,6.76E-06
1609,-1.25E-04,-2.03E-04,7.88E-05,-7.97E-05,-1.27E-04,-3.11E-04,-2.28E-04,-1.93E-04,-2.43E-05,-2.53E-04,-7.08E-05,-3.18E-05,-1.13E-05,-3.48E-04,3.58E-05,-9.02E-05,1.59E-04,-1.79E-04,5.51E-05,1.51E-05
1610,-1.80E-04,-1.84E-04,7.53E-05,-8.00E-05,-1.25E-04,-3.08E-04,-2.36E-04,-1.89E-04,-2.59E-05,-2.51E-04,-8.01E-05,-3.29E-05,-3.32E-05,-3.55E-04,3.77E-05,-7.80E-05,1.52E-04,-1.73E-04,6.00E-05,2.35E-05
1611,-2.24E-04,-1.68E-04,7.39E-05,-8.02E-05,-1.23E-04,-3.03E-04,-2.44E-04,-1.84E-04,-2.70E-05,-2.50E-04,-8.99E-05,-3.24E-05,-5.09E-05,-3.61E-04,4.10E-05,-6.54E-05,1.46E-04,-1.65E-04,6.57E-05,3.19E-05
1612,-2.55E-04,-1.56E-04,7.41E-05,-8.03E-05,-1.20E-04,-2.97E-04,-2.52E-04,-1.78E-04,-2.76E-05,-2.48E-04,-1.00E-04,-3.08E-05,-6.38E-05,-3.66E-04,4.56E-05,-5.25E-05,1.41E-04,-1.54E-04,7.23E-05,4.01E-05
1613,-2.74E-04,-1.47E-04,7.59E-05,-8.02E-05,-1.16E-04,-2.91E-04,-2.58E-04,-1.73E-04,-2.77E-05,-2.46E-04,-1.10E-04,-2.90E-05,-7.20E-05,-3.70E-04,5.15E-05,-3.96E-05,1.37E-04,-1.41E-04,7.95E-05,4.81E-05
1614,-2.80E-04,-1.41E-04,7.88E-05,-7.99E-05,-1.11E-04,-2.84E-04,-2.63E-04,-1.67E-04,-2.73E-05,-2.44E-04,-1.20E-04,-2.72E-05,-7.58E-05,-3.73E-04,5.85E-05,-2.67E-05,1.33E-04,-1.28E-04,8.71E-05,5.56E-05
1615,-2.74E-04,-1.39E-04,8.24E-05,-7.93E-05,-1.06E-04,-2.77E-04,-2.66E-04,-1.61E-04,-2.65E-05,-2.42E-04,-1.30E-04,-2.59E-05,-7.56E-05,-3.75E-04,6.61E-05,-1.41E-05,1.28E-04,-1.14E-04,9.51E-05,6.27E-05
1616,-2.58E-04,-1.39E-04,8.63E-05,-7.83E-05,-9.98E-05,-2.69E-04,-2.66E-04,-1.55E-04,-2.54E-05,-2.40E-04,-1.40E-04,-2.55E-05,-7.23E-05,-3.77E-04,7.42E-05,-1.89E-06,1.23E-04,-1.01E-04,1.03E-04,6.91E-05
1617,-2.33E-04,-1.41E-04,8.99E-05,-7.69E-05,-9.39E-05,-2.61E-04,-2.63E-04,-1.49E-04,-2.40E-05,-2.37E-04,-1.48E-04,-2.58E-05,-6.67E-05,-3.77E-04,8.24E-05,9.87E-06,1.16E-04,-8.75E-05,1.11E-04,7.47E-05
1618,-2.01E-04,-1.45E-04,9.29E-05,-7.50E-05,-8.78E-05,-2.52E-04,-2.58E-04,-1.43E-04,-2.24E-05,-2.35E-04,-1.56E-04,-2.70E-05,-6.00E-05,-3.77E-04,9.04E-05,2.11E-05,1.08E-04,-7.57E-05,1.18E-04,7.96E-05
1619,-1.65E-04,-1.49E-04,9.49E-05,-7.25E-05,-8.18E-05,-2.44E-04,-2.49E-04,-1.37E-04,-2.07E-05,-2.33E-04,-1.62E-04,-2.89E-05,-5.33E-05,-3.76E-04,9.79E-05,3.16E-05,9.87E-05,-6.54E-05,1.25E-04,8.37E-05
1620,-1.27E-04,-1.52E-04,9.55E-05,-6.93E-05,-7.58E-05,-2.35E-04,-2.39E-04,-1.30E-04,-1.89E-05,-2.31E-04,-1.67E-04,-3.11E-05,-4.75E-05,-3.75E-04,1.05E-04,4.16E-05,8.81E-05,-5.68E-05,1.30E-04,8.70E-05
1621,-8.97E-05,-1.54E-04,9.45E-05,-6.54E-05,-7.01E-05,-2.27E-04,-2.27E-04,-1.24E-04,-1.72E-05,-2.29E-04,-1.71E-04,-3.35E-05,-4.37E-05,-3.72E-04,1.10E-04,5.08E-05,7.64E-05,-5.01E-05,1.35E-04,8.94E-05
1622,-5.40E-05,-1.54E-04,9.18E-05,-6.07E-05,-6.45E-05,-2.19E-04,-2.14E-04,-1.18E-04,-1.56E-05,-2.27E-04,-1.72E-04,-3.56E-05,-4.24E-05,-3.68E-04,1.15E-04,5.94E-05,6.39E-05,-4.52E-05,1.39E-04,9.10E-05
1623,-2.18E-05,-1.52E-04,8.76E-05,-5.51E-05,-5.92E-05,-2.11E-04,-2.00E-04,-1.12E-04,-1.42E-05,-2.25E-04,-1.72E-04,-3.73E-05,-4.42E-05,-3.63E-04,1.19E-04,6.75E-05,5.10E-05,-4.20E-05,1.42E-04,9.19E-05
1624,5.66E-06,-1.48E-04,8.19E-05,-4.88E-05,-5.41E-05,-2.04E-04,-1.88E-04,-1.06E-04,-1.30E-05,-2.22E-04,-1.70E-04,-3.82E-05,-4.91E-05,-3.57E-04,1.21E-04,7.50E-05,3.83E-05,-4.01E-05,1.44E-04,9.21E-05
1625,2.78E-05,-1.40E-04,7.52E-05,-4.16E-05,-4.91E-05,-1.98E-04,-1.76E-04,-1.00E-04,-1.21E-05,-2.20E-04,-1.66E-04,-3.84E-05,-5.71E-05,-3.50E-04,1.23E-04,8.21E-05,2.62E-05,-3.90E-05,1.45E-04,9.18E-05
1626,4.42E-05,-1.31E-04,6.79E-05,-3.37E-05,-4.43E-05,-1.92E-04,-1.67E-04,-9.41E-05,-1.14E-05,-2.18E-04,-1.60E-04,-3.77E-05,-6.77E-05,-3.42E-04,1.24E-04,8.88E-05,1.53E-05,-3.84E-05,1.46E-04,9.11E-05
1627,5.53E-05,-1.19E-04,6.06E-05,-2.52E-05,-3.94E-05,-1.87E-04,-1.59E-04,-8.82E-05,-1.09E-05,-2.15E-04,-1.53E-04,-3.63E-05,-8.01E-05,-3.32E-04,1.25E-04,9.53E-05,6.02E-06,-3.77E-05,1.45E-04,9.01E-05
1628,6.15E-05,-1.05E-04,5.39E-05,-1.62E-05,-3.44E-05,-1.82E-04,-1.54E-04,-8.21E-05,-1.04E-05,-2.12E-04,-1.43E-04,-3.46E-05,-9.34E-05,-3.21E-04,1.26E-04,1.02E-04,-1.18E-06,-3.63E-05,1.45E-04,8.90E-05
1629,6.37E-05,-9.09E-05,4.84E-05,-6.85E-06,-2.90E-05,-1.77E-04,-1.52E-04,-7.58E-05,-9.97E-06,-2.09E-04,-1.33E-04,-3.27E-05,-1.07E-04,-3.09E-04,1.27E-04,1.08E-04,-5.95E-06,-3.38E-05,1.44E-04,8.79E-05
1630,6.30E-05,-7.58E-05,4.47E-05,2.63E-06,-2.33E-05,-1.72E-04,-1.51E-04,-6.91E-05,-9.35E-06,-2.06E-04,-1.21E-04,-3.11E-05,-1.18E-04,-2.96E-04,1.28E-04,1.14E-04,-8.05E-06,-2.96E-05,1.44E-04,8.68E-05
1631,6.07E-05,-6.08E-05,4.36E-05,1.20E-05,-1.70E-05,-1.66E-04,-1.52E-04,-6.17E-05,-8.42E-06,-2.02E-04,-1.08E-04,-3.03E-05,-1.28E-04,-2.82E-04,1.31E-04,1.21E-04,-7.37E-06,-2.35E-05,1.44E-04,8.61E-05
1632,5.81E-05,-4.62E-05,4.55E-05,2.12E-05,-9.88E-06,-1.60E-04,-1.53E-04,-5.35E-05,-7.02E-06,-1.98E-04,-9.53E-05,-3.06E-05,-1.33E-04,-2.67E-04,1.35E-04,1.27E-04,-3.91E-06,-1.51E-05,1.44E-04,8.57E-05
1633,5.66E-05,-3.26E-05,5.06E-05,2.98E-05,-1.92E-06,-1.54E-04,-1.54E-04,-4.43E-05,-4.98E-06,-1.93E-04,-8.20E-05,-3.24E-05,-1.35E-04,-2.51E-04,1.40E-04,1.33E-04,2.21E-06,-4.36E-06,1.46E-04,8.57E-05
1634,5.74E-05,-2.01E-05,5.93E-05,3.77E-05,7.02E-06,-1.46E-04,-1.54E-04,-3.37E-05,-2.12E-06,-1.88E-04,-6.89E-05,-3.59E-05,-1.31E-04,-2.34E-04,1.46E-04,1.40E-04,1.08E-05,8.73E-06,1.48E-04,8.61E-05
1635,6.14E-05,-8.77E-06,7.16E-05,4.47E-05,1.70E-05,-1.37E-04,-1.51E-04,-2.16E-05,1.69E-06,-1.81E-04,-5.63E-05,-4.11E-05,-1.22E-04,-2.17E-04,1.55E-04,1.46E-04,2.14E-05,2.41E-05,1.51E-04,8.71E-05
1636,6.94E-05,1.48E-06,8.74E-05,5.07E-05,2.82E-05,-1.27E-04,-1.45E-04,-7.73E-06,6.57E-06,-1.74E-04,-4.45E-05,-4.80E-05,-1.08E-04,-1.99E-04,1.65E-04,1.52E-04,3.38E-05,4.15E-05,1.55E-04,8.86E-05
1637,8.18E-05,1.09E-05,1.06E-04,5.55E-05,4.06E-05,-1.16E-04,-1.35E-04,8.10E-06,1.26E-05,-1.66E-04,-3.37E-05,-5.62E-05,-8.89E-05,-1.81E-04,1.76E-04,1.58E-04,4.76E-05,6.07E-05,1.60E-04,9.05E-05
1638,9.87E-05,1.99E-05,1.28E-04,5.90E-05,5.41E-05,-1.03E-04,-1.20E-04,2.60E-05,1.99E-05,-1.57E-04,-2.42E-05,-6.53E-05,-6.58E-05,-1.63E-04,1.89E-04,1.64E-04,6.22E-05,8.12E-05,1.66E-04,9.27E-05
1639,1.20E-04,2.88E-05,1.51E-04,6.13E-05,6.88E-05,-8.91E-05,-1.00E-04,4.61E-05,2.84E-05,-1.47E-04,-1.59E-05,-7.47E-05,-3.96E-05,-1.44E-04,2.03E-04,1.69E-04,7.74E-05,1.03E-04,1.73E-04,9.52E-05
1640,1.45E-04,3.82E-05,1.76E-04,6.24E-05,8.46E-05,-7.41E-05,-7.62E-05,6.83E-05,3.81E-05,-1.36E-04,-8.96E-06,-8.35E-05,-1.14E-05,-1.25E-04,2.17E-04,1.73E-04,9.27E-05,1.25E-04,1.80E-04,9.79E-05
1641,1.74E-04,4.86E-05,2.02E-04,6.24E-05,1.01E-04,-5.82E-05,-4.73E-05,9.26E-05,4.88E-05,-1.25E-04,-3.30E-06,-9.10E-05,1.76E-05,-1.06E-04,2.33E-04,1.77E-04,1.08E-04,1.47E-04,1.89E-04,1.01E-04
1642,2.04E-04,6.03E-05,2.27E-04,6.14E-05,1.19E-04,-4.18E-05,-1.46E-05,1.19E-04,6.06E-05,-1.12E-04,1.23E-06,-9.62E-05,4.60E-05,-8.70E-05,2.49E-04,1.80E-04,1.23E-04,1.69E-04,1.98E-04,1.03E-04
1643,2.36E-04,7.38E-05,2.52E-04,5.97E-05,1.37E-04,-2.51E-05,2.13E-05,1.47E-04,7.31E-05,-9.93E-05,4.81E-06,-9.86E-05,7.25E-05,-6.77E-05,2.65E-04,1.82E-04,1.37E-04,1.90E-04,2.07E-04,1.05E-04
1644,2.68E-04,8.92E-05,2.75E-04,5.74E-05,1.56E-04,-8.34E-06,5.93E-05,1.76E-04,8.63E-05,-8.60E-05,7.72E-06,-9.72E-05,9.62E-05,-4.82E-05,2.81E-04,1.83E-04,1.51E-04,2.11E-04,2.17E-04,1.07E-04
1645,2.99E-04,1.07E-04,2.96E-04,5.49E-05,1.75E-04,8.03E-06,9.84E-05,2.06E-04,9.99E-05,-7.24E-05,1.02E-05,-9.18E-05,1.16E-04,-2.87E-05,2.97E-04,1.82E-04,1.64E-04,2.30E-04,2.27E-04,1.08E-04
1646,3.28E-04,1.26E-04,3.15E-04,5.24E-05,1.94E-04,2.37E-05,1.37E-04,2.37E-04,1.14E-04,-5.87E-05,1.27E-05,-8.19E-05,1.32E-04,-9.10E-06,3.13E-04,1.81E-04,1.76E-04,2.48E-04,2.37E-04,1.09E-04
1647,3.54E-04,1.47E-04,3.31E-04,5.01E-05,2.13E-04,3.85E-05,1.76E-04,2.69E-04,1.27E-04,-4.51E-05,1.55E-05,-6.75E-05,1.43E-04,1.04E-05,3.28E-04,1.79E-04,1.88E-04,2.65E-04,2.47E-04,1.09E-04
1648,3.76E-04,1.69E-04,3.45E-04,4.85E-05,2.31E-04,5.20E-05,2.12E-04,3.00E-04,1.41E-04,-3.19E-05,1.89E-05,-4.89E-05,1.49E-04,2.97E-05,3.42E-04,1.75E-04,2.00E-04,2.81E-04,2.57E-04,1.08E-04
1649,3.94E-04,1.92E-04,3.56E-04,4.76E-05,2.49E-04,6.41E-05,2.45E-04,3.31E-04,1.54E-04,-1.91E-05,2.33E-05,-2.64E-05,1.51E-04,4.86E-05,3.55E-04,1.71E-04,2.12E-04,2.95E-04,2.66E-04,1.06E-04
1650,4.07E-04,2.16E-04,3.64E-04,4.76E-05,2.67E-04,7.47E-05,2.76E-04,3.61E-04,1.66E-04,-6.93E-06,2.88E-05,-7.87E-07,1.50E-04,6.70E-05,3.68E-04,1.65E-04,2.23E-04,3.09E-04,2.75E-04,1.03E-04
1651,4.15E-04,2.39E-04,3.71E-04,4.89E-05,2.83E-04,8.36E-05,3.03E-04,3.89E-04,1.77E-04,4.45E-06,3.58E-05,2.71E-05,1.45E-04,8.46E-05,3.79E-04,1.59E-04,2.35E-04,3.21E-04,2.84E-04,1.00E-04
1652,4.18E-04,2.61E-04,3.76E-04,5.14E-05,2.99E-04,9.09E-05,3.27E-04,4.17E-04,1.88E-04,1.50E-05,4.42E-05,5.63E-05,1.40E-04,1.01E-04,3.90E-04,1.52E-04,2.46E-04,3.32E-04,2.93E-04,9.60E-05
1653,4.15E-04,2.81E-04,3.81E-04,5.52E-05,3.13E-04,9.66E-05,3.48E-04,4.43E-04,1.98E-04,2.45E-05,5.43E-05,8.57E-05,1.33E-04,1.17E-04,4.00E-04,1.45E-04,2.58E-04,3.42E-04,3.01E-04,9.14E-05
1654,4.08E-04,3.00E-04,3.85E-04,6.02E-05,3.27E-04,1.01E-04,3.67E-04,4.67E-04,2.07E-04,3.31E-05,6.59E-05,1.14E-04,1.28E-04,1.31E-04,4.08E-04,1.36E-04,2.69E-04,3.52E-04,3.09E-04,8.64E-05
1655,3.96E-04,3.17E-04,3.89E-04,6.65E-05,3.39E-04,1.04E-04,3.84E-04,4.90E-04,2.15E-04,4.07E-05,7.90E-05,1.41E-04,1.24E-04,1.44E-04,4.16E-04,1.28E-04,2.80E-04,3.60E-04,3.16E-04,8.12E-05
1656,3.81E-04,3.32E-04,3.94E-04,7.39E-05,3.50E-04,1.05E-04,4.00E-04,5.11E-04,2.22E-04,4.73E-05,9.35E-05,1.65E-04,1.23E-04,1.55E-04,4.22E-04,1.19E-04,2.90E-04,3.68E-04,3.22E-04,7.58E-05
1657,3.64E-04,3.46E-04,3.99E-04,8.21E-05,3.60E-04,1.06E-04,4.16E-04,5.31E-04,2.29E-04,5.29E-05,1.09E-04,1.86E-04,1.26E-04,1.64E-04,4.28E-04,1.09E-04,3.00E-04,3.74E-04,3.29E-04,7.04E-05
1658,3.44E-04,3.57E-04,4.06E-04,9.10E-05,3.69E-04,1.06E-04,4.33E-04,5.50E-04,2.35E-04,5.77E-05,1.26E-04,2.03E-04,1.33E-04,1.71E-04,4.32E-04,9.96E-05,3.08E-04,3.79E-04,3.35E-04,6.52E-05
1659,3.25E-04,3.68E-04,4.14E-04,1.00E-04,3.77E-04,1.05E-04,4.50E-04,5.68E-04,2.41E-04,6.16E-05,1.43E-04,2.16E-04,1.44E-04,1.76E-04,4.35E-04,8.97E-05,3.16E-04,3.83E-04,3.40E-04,6.02E-05
1660,3.06E-04,3.79E-04,4.24E-04,1.10E-04,3.85E-04,1.04E-04,4.69E-04,5.86E-04,2.47E-04,6.48E-05,1.60E-04,2.26E-04,1.60E-04,1.80E-04,4.37E-04,7.96E-05,3.22E-04,3.85E-04,3.45E-04,5.55E-05
1661,2.89E-04,3.89E-04,4.35E-04,1.19E-04,3.91E-04,1.03E-04,4.89E-04,6.03E-04,2.52E-04,6.74E-05,1.77E-04,2.32E-04,1.80E-04,1.82E-04,4.38E-04,6.93E-05,3.27E-04,3.86E-04,3.50E-04,5.13E-05
1662,2.75E-04,4.01E-04,4.46E-04,1.29E-04,3.96E-04,1.01E-04,5.10E-04,6.20E-04,2.58E-04,6.94E-05,1.94E-04,2.36E-04,2.03E-04,1.82E-04,4.37E-04,5.89E-05,3.29E-04,3.85E-04,3.55E-04,4.75E-05
1663,2.65E-04,4.14E-04,4.58E-04,1.37E-04,4.01E-04,9.92E-05,5.32E-04,6.37E-04,2.64E-04,7.09E-05,2.10E-04,2.38E-04,2.29E-04,1.82E-04,4.36E-04,4.82E-05,3.30E-04,3.82E-04,3.59E-04,4.42E-05
1664,2.59E-04,4.30E-04,4.71E-04,1.45E-04,4.06E-04,9.74E-05,5.54E-04,6.55E-04,2.70E-04,7.18E-05,2.25E-04,2.38E-04,2.57E-04,1.80E-04,4.34E-04,3.73E-05,3.30E-04,3.78E-04,3.64E-04,4.13E-05
1665,2.59E-04,4.47E-04,4.83E-04,1.52E-04,4.10E-04,9.56E-05,5.76E-04,6.72E-04,2.77E-04,7.24E-05,2.38E-04,2.38E-04,2.85E-04,1.77E-04,4.31E-04,2.62E-05,3.27E-04,3.72E-04,3.68E-04,3.89E-05
1666,2.63E-04,4.67E-04,4.95E-04,1.57E-04,4.14E-04,9.37E-05,5.97E-04,6.90E-04,2.83E-04,7.24E-05,2.50E-04,2.38E-04,3.13E-04,1.74E-04,4.27E-04,1.48E-05,3.23E-04,3.65E-04,3.73E-04,3.68E-05
1667,2.73E-04,4.90E-04,5.06E-04,1.62E-04,4.18E-04,9.16E-05,6.17E-04,7.08E-04,2.90E-04,7.20E-05,2.61E-04,2.40E-04,3.40E-04,1.71E-04,4.22E-04,3.20E-06,3.18E-04,3.56E-04,3.77E-04,3.49E-05
1668,2.87E-04,5.14E-04,5.16E-04,1.65E-04,4.21E-04,8.94E-05,6.34E-04,7.26E-04,2.97E-04,7.10E-05,2.69E-04,2.42E-04,3.66E-04,1.67E-04,4.17E-04,-8.73E-06,3.11E-04,3.47E-04,3.82E-04,3.33E-05
1669,3.04E-04,5.40E-04,5.25E-04,1.66E-04,4.24E-04,8.68E-05,6.48E-04,7.43E-04,3.05E-04,6.95E-05,2.76E-04,2.47E-04,3.89E-04,1.63E-04,4.12E-04,-2.10E-05,3.04E-04,3.36E-04,3.86E-04,3.17E-05
1670,3.24E-04,5.66E-04,5.32E-04,1.67E-04,4.27E-04,8.39E-05,6.59E-04,7.59E-04,3.12E-04,6.73E-05,2.80E-04,2.53E-04,4.09E-04,1.60E-04,4.06E-04,-3.35E-05,2.95E-04,3.25E-04,3.91E-04,3.01E-05
1671,3.45E-04,5.92E-04,5.38E-04,1.66E-04,4.30E-04,8.04E-05,6.66E-04,7.74E-04,3.18E-04,6.43E-05,2.83E-04,2.60E-04,4.26E-04,1.56E-04,3.99E-04,-4.64E-05,2.86E-04,3.13E-04,3.96E-04,2.85E-05
1672,3.65E-04,6.16E-04,5.43E-04,1.64E-04,4.32E-04,7.64E-05,6.70E-04,7.87E-04,3.24E-04,6.05E-05,2.84E-04,2.67E-04,4.40E-04,1.52E-04,3.92E-04,-5.96E-05,2.76E-04,3.01E-04,4.01E-04,2.67E-05
1673,3.84E-04,6.38E-04,5.46E-04,1.61E-04,4.34E-04,7.18E-05,6.71E-04,7.98E-04,3.30E-04,5.58E-05,2.84E-04,2.75E-04,4.51E-04,1.47E-04,3.85E-04,-7.31E-05,2.66E-04,2.90E-04,4.06E-04,2.48E-05
1674,3.98E-04,6.55E-04,5.49E-04,1.58E-04,4.35E-04,6.64E-05,6.69E-04,8.07E-04,3.34E-04,5.00E-05,2.82E-04,2.82E-04,4.59E-04,1.43E-04,3.77E-04,-8.68E-05,2.55E-04,2.78E-04,4.10E-04,2.26E-05
1675,4.08E-04,6.67E-04,5.50E-04,1.53E-04,4.36E-04,6.03E-05,6.65E-04,8.13E-04,3.38E-04,4.31E-05,2.78E-04,2.87E-04,4.65E-04,1.37E-04,3.68E-04,-1.01E-04,2.43E-04,2.66E-04,4.15E-04,2.03E-05
1676,4.12E-04,6.73E-04,5.51E-04,1.48E-04,4.36E-04,5.34E-05,6.59E-04,8.16E-04,3.40E-04,3.51E-05,2.73E-04,2.89E-04,4.69E-04,1.31E-04,3.58E-04,-1.15E-04,2.31E-04,2.55E-04,4.19E-04,1.77E-05
1677,4.10E-04,6.72E-04,5.51E-04,1.43E-04,4.34E-04,4.58E-05,6.53E-04,8.16E-04,3.42E-04,2.58E-05,2.67E-04,2.88E-04,4.72E-04,1.24E-04,3.46E-04,-1.29E-04,2.18E-04,2.44E-04,4.22E-04,1.50E-05
1678,4.00E-04,6.63E-04,5.50E-04,1.37E-04,4.32E-04,3.74E-05,6.47E-04,8.12E-04,3.42E-04,1.54E-05,2.60E-04,2.83E-04,4.73E-04,1.16E-04,3.34E-04,-1.43E-04,2.03E-04,2.33E-04,4.25E-04,1.22E-05
1679,3.84E-04,6.46E-04,5.49E-04,1.31E-04,4.28E-04,2.84E-05,6.41E-04,8.05E-04,3.40E-04,3.75E-06,2.52E-04,2.74E-04,4.74E-04,1.07E-04,3.20E-04,-1.57E-04,1.87E-04,2.21E-04,4.27E-04,9.37E-06
1680,3.61E-04,6.22E-04,5.47E-04,1.25E-04,4.23E-04,1.87E-05,6.36E-04,7.95E-04,3.37E-04,-9.03E-06,2.44E-04,2.60E-04,4.74E-04,9.59E-05,3.04E-04,-1.71E-04,1.70E-04,2.09E-04,4.28E-04,6.51E-06
1681,3.33E-04,5.91E-04,5.43E-04,1.20E-04,4.17E-04,8.49E-06,6.32E-04,7.82E-04,3.33E-04,-2.29E-05,2.35E-04,2.42E-04,4.73E-04,8.42E-05,2.87E-04,-1.85E-04,1.50E-04,1.97E-04,4.28E-04,3.72E-06
1682,3.00E-04,5.53E-04,5.39E-04,1.14E-04,4.10E-04,-2.26E-06,6.28E-04,7.65E-04,3.28E-04,-3.77E-05,2.25E-04,2.20E-04,4.73E-04,7.14E-05,2.69E-04,-1.97E-04,1.29E-04,1.84E-04,4.27E-04,1.06E-06
1683,2.66E-04,5.10E-04,5.33E-04,1.09E-04,4.01E-04,-1.34E-05,6.25E-04,7.46E-04,3.21E-04,-5.34E-05,2.16E-04,1.95E-04,4.72E-04,5.78E-05,2.49E-04,-2.10E-04,1.07E-04,1.70E-04,4.26E-04,-1.43E-06
1684,2.31E-04,4.62E-04,5.25E-04,1.03E-04,3.92E-04,-2.50E-05,6.21E-04,7.25E-04,3.14E-04,-6.97E-05,2.06E-04,1.68E-04,4.70E-04,4.36E-05,2.28E-04,-2.21E-04,8.21E-05,1.54E-04,4.23E-04,-3.71E-06
1685,1.98E-04,4.12E-04,5.15E-04,9.82E-05,3.81E-04,-3.68E-05,6.15E-04,7.02E-04,3.06E-04,-8.67E-05,1.97E-04,1.40E-04,4.68E-04,2.91E-05,2.07E-04,-2.31E-04,5.59E-05,1.37E-04,4.20E-04,-5.77E-06
1686,1.69E-04,3.59E-04,5.03E-04,9.34E-05,3.69E-04,-4.89E-05,6.06E-04,6.77E-04,2.97E-04,-1.04E-04,1.87E-04,1.13E-04,4.66E-04,1.48E-05,1.85E-04,-2.40E-04,2.84E-05,1.19E-04,4.15E-04,-7.61E-06
1687,1.45E-04,3.07E-04,4.87E-04,8.88E-05,3.57E-04,-6.11E-05,5.94E-04,6.50E-04,2.88E-04,-1.21E-04,1.77E-04,8.59E-05,4.62E-04,8.44E-07,1.63E-04,-2.48E-04,-2.31E-07,9.97E-05,4.10E-04,-9.24E-06
1688,1.29E-04,2.56E-04,4.68E-04,8.44E-05,3.44E-04,-7.35E-05,5.77E-04,6.23E-04,2.78E-04,-1.39E-04,1.67E-04,6.16E-05,4.58E-04,-1.23E-05,1.42E-04,-2.54E-04,-2.96E-05,7.87E-05,4.05E-04,-1.07E-05
1689,1.22E-04,2.07E-04,4.46E-04,8.01E-05,3.31E-04,-8.60E-05,5.55E-04,5.95E-04,2.68E-04,-1.56E-04,1.58E-04,4.06E-05,4.52E-04,-2.43E-05,1.22E-04,-2.59E-04,-5.92E-05,5.65E-05,3.99E-04,-1.20E-05
1690,1.24E-04,1.62E-04,4.20E-04,7.58E-05,3.17E-04,-9.85E-05,5.26E-04,5.66E-04,2.58E-04,-1.73E-04,1.48E-04,2.34E-05,4.45E-04,-3.50E-05,1.04E-04,-2.61E-04,-8.88E-05,3.31E-05,3.93E-04,-1.33E-05
1691,1.36E-04,1.20E-04,3.91E-04,7.16E-05,3.04E-04,-1.11E-04,4.90E-04,5.37E-04,2.48E-04,-1.90E-04,1.38E-04,1.04E-05,4.38E-04,-4.42E-05,8.71E-05,-2.62E-04,-1.18E-04,8.91E-06,3.86E-04,-1.45E-05
1692,1.56E-04,8.32E-05,3.60E-04,6.73E-05,2.90E-04,-1.23E-04,4.47E-04,5.07E-04,2.38E-04,-2.06E-04,1.29E-04,1.92E-06,4.29E-04,-5.17E-05,7.29E-05,-2.62E-04,-1.46E-04,-1.59E-05,3.80E-04,-1.58E-05
1693,1.85E-04,5.10E-05,3.26E-04,6.28E-05,2.77E-04,-1.36E-04,3.98E-04,4.77E-04,2.28E-04,-2.21E-04,1.19E-04,-2.40E-06,4.20E-04,-5.75E-05,6.13E-05,-2.59E-04,-1.73E-04,-4.11E-05,3.74E-04,-1.72E-05
1694,2.20E-04,2.35E-05,2.90E-04,5.81E-05,2.64E-04,-1.48E-04,3.42E-04,4.47E-04,2.18E-04,-2.35E-04,1.09E-04,-3.01E-06,4.09E-04,-6.17E-05,5.23E-05,-2.55E-04,-1.98E-04,-6.62E-05,3.67E-04,-1.87E-05
1695,2.58E-04,4.62E-07,2.53E-04,5.31E-05,2.52E-04,-1.60E-04,2.82E-04,4.16E-04,2.08E-04,-2.49E-04,9.94E-05,-6.42E-07,3.99E-04,-6.46E-05,4.59E-05,-2.50E-04,-2.22E-04,-9.11E-05,3.61E-04,-2.06E-05
1696,2.99E-04,-1.86E-05,2.16E-04,4.77E-05,2.40E-04,-1.73E-04,2.18E-04,3.84E-04,1.98E-04,-2.62E-04,8.94E-05,3.78E-06,3.88E-04,-6.62E-05,4.18E-05,-2.43E-04,-2.43E-04,-1.15E-04,3.54E-04,-2.27E-05
1697,3.38E-04,-3.44E-05,1.78E-04,4.19E-05,2.28E-04,-1.84E-04,1.51E-04,3.52E-04,1.88E-04,-2.74E-04,7.92E-05,9.18E-06,3.76E-04,-6.70E-05,3.99E-05,-2.36E-04,-2.63E-04,-1.39E-04,3.48E-04,-2.52E-05
1698,3.74E-04,-4.77E-05,1.41E-04,3.56E-05,2.16E-04,-1.96E-04,8.36E-05,3.20E-04,1.78E-04,-2.85E-04,6.90E-05,1.44E-05,3.64E-04,-6.72E-05,3.96E-05,-2.27E-04,-2.81E-04,-1.61E-04,3.41E-04,-2.81E-05
1699,4.03E-04,-5.91E-05,1.05E-04,2.88E-05,2.05E-04,-2.07E-04,1.69E-05,2.86E-04,1.67E-04,-2.95E-04,5.86E-05,1.85E-05,3.51E-04,-6.73E-05,4.04E-05,-2.19E-04,-2.98E-04,-1.83E-04,3.34E-04,-3.14E-05
1700,4.25E-04,-6.97E-05,7.00E-05,2.13E-05,1.94E-04,-2.18E-04,-4.76E-05,2.52E-04,1.56E-04,-3.05E-04,4.80E-05,2.03E-05,3.38E-04,-6.76E-05,4.19E-05,-2.10E-04,-3.12E-04,-2.03E-04,3.27E-04,-3.51E-05
1701,4.37E-04,-8.00E-05,3.75E-05,1.33E-05,1.83E-04,-2.29E-04,-1.08E-04,2.18E-04,1.45E-04,-3.14E-04,3.73E-05,1.91E-05,3.23E-04,-6.83E-05,4.34E-05,-2.02E-04,-3.26E-04,-2.21E-04,3.19E-04,-3.94E-05
1702,4.39E-04,-9.08E-05,7.06E-06,4.74E-06,1.72E-04,-2.39E-04,-1.64E-04,1.83E-04,1.33E-04,-3.23E-04,2.64E-05,1.43E-05,3.07E-04,-6.99E-05,4.43E-05,-1.94E-04,-3.38E-04,-2.38E-04,3.10E-04,-4.41E-05
1703,4.29E-04,-1.03E-04,-2.11E-05,-4.43E-06,1.60E-04,-2.49E-04,-2.15E-04,1.48E-04,1.20E-04,-3.31E-04,1.54E-05,5.59E-06,2.89E-04,-7.25E-05,4.42E-05,-1.88E-04,-3.49E-04,-2.53E-04,3.01E-04,-4.94E-05
1704,4.10E-04,-1.16E-04,-4.70E-05,-1.42E-05,1.49E-04,-2.58E-04,-2.59E-04,1.12E-04,1.08E-04,-3.38E-04,4.16E-06,-7.16E-06,2.68E-04,-7.64E-05,4.25E-05,-1.83E-04,-3.60E-04,-2.67E-04,2.91E-04,-5.52E-05
1705,3.80E-04,-1.31E-04,-7.09E-05,-2.44E-05,1.37E-04,-2.66E-04,-2.98E-04,7.67E-05,9.46E-05,-3.46E-04,-7.30E-06,-2.37E-05,2.45E-04,-8.14E-05,3.88E-05,-1.79E-04,-3.71E-04,-2.79E-04,2.80E-04,-6.17E-05
1706,3.43E-04,-1.48E-04,-9.31E-05,-3.52E-05,1.24E-04,-2.74E-04,-3.31E-04,4.15E-05,8.12E-05,-3.53E-04,-1.90E-05,-4.36E-05,2.18E-04,-8.77E-05,3.31E-05,-1.77E-04,-3.80E-04,-2.90E-04,2.69E-04,-6.87E-05
1707,2.99E-04,-1.67E-04,-1.14E-04,-4.64E-05,1.11E-04,-2.81E-04,-3.58E-04,6.77E-06,6.75E-05,-3.60E-04,-3.10E-05,-6.61E-05,1.88E-04,-9.52E-05,2.51E-05,-1.77E-04,-3.90E-04,-3.00E-04,2.57E-04,-7.64E-05
1708,2.52E-04,-1.88E-04,-1.34E-04,-5.80E-05,9.78E-05,-2.87E-04,-3.82E-04,-2.73E-05,5.36E-05,-3.67E-04,-4.34E-05,-9.04E-05,1.54E-04,-1.04E-04,1.49E-05,-1.79E-04,-4.00E-04,-3.09E-04,2.44E-04,-8.47E-05
1709,2.03E-04,-2.10E-04,-1.53E-04,-6.99E-05,8.40E-05,-2.93E-04,-4.02E-04,-6.04E-05,3.97E-05,-3.73E-04,-5.62E-05,-1.16E-04,1.17E-04,-1.13E-04,2.68E-06,-1.83E-04,-4.09E-04,-3.17E-04,2.30E-04,-9.37E-05
1710,1.54E-04,-2.34E-04,-1.72E-04,-8.22E-05,6.98E-05,-2.99E-04,-4.21E-04,-9.26E-05,2.57E-05,-3.80E-04,-6.95E-05,-1.41E-04,7.71E-05,-1.23E-04,-1.13E-05,-1.89E-04,-4.18E-04,-3.24E-04,2.16E-04,-1.03E-04
1711,1.09E-04,-2.59E-04,-1.91E-04,-9.47E-05,5.54E-05,-3.03E-04,-4.39E-04,-1.24E-04,1.19E-05,-3.87E-04,-8.33E-05,-1.66E-04,3.41E-05,-1.34E-04,-2.66E-05,-1.97E-04,-4.27E-04,-3.30E-04,2.01E-04,-1.14E-04
1712,6.90E-05,-2.84E-04,-2.10E-04,-1.07E-04,4.08E-05,-3.08E-04,-4.58E-04,-1.53E-04,-1.80E-06,-3.93E-04,-9.77E-05,-1.88E-04,-1.09E-05,-1.45E-04,-4.30E-05,-2.07E-04,-4.35E-04,-3.35E-04,1.86E-04,-1.25E-04
1713,3.47E-05,-3.11E-04,-2.31E-04,-1.20E-04,2.60E-05,-3.11E-04,-4.78E-04,-1.82E-04,-1.52E-05,-3.99E-04,-1.13E-04,-2.09E-04,-5.73E-05,-1.56E-04,-5.98E-05,-2.18E-04,-4.43E-04,-3.40E-04,1.70E-04,-1.37E-04
1714,7.26E-06,-3.38E-04,-2.52E-04,-1.33E-04,1.13E-05,-3.15E-04,-5.01E-04,-2.09E-04,-2.84E-05,-4.05E-04,-1.28E-04,-2.27E-04,-1.04E-04,-1.67E-04,-7.67E-05,-2.31E-04,-4.51E-04,-3.45E-04,1.55E-04,-1.49E-04
1715,-1.33E-05,-3.65E-04,-2.74E-04,-1.46E-04,-3.32E-06,-3.19E-04,-5.26E-04,-2.35E-04,-4.13E-05,-4.11E-04,-1.44E-04,-2.42E-04,-1.51E-04,-1.78E-04,-9.33E-05,-2.45E-04,-4.58E-04,-3.50E-04,1.39E-04,-1.62E-04
1716,-2.76E-05,-3.92E-04,-2.96E-04,-1.59E-04,-1.78E-05,-3.22E-04,-5.54E-04,-2.60E-04,-5.38E-05,-4.17E-04,-1.60E-04,-2.55E-04,-1.96E-04,-1.89E-04,-1.09E-04,-2.61E-04,-4.65E-04,-3.55E-04,1.23E-04,-1.76E-04
1717,-3.67E-05,-4.20E-04,-3.20E-04,-1.72E-04,-3.20E-05,-3.25E-04,-5.85E-04,-2.84E-04,-6.61E-05,-4.23E-04,-1.77E-04,-2.65E-04,-2.39E-04,-2.00E-04,-1.24E-04,-2.78E-04,-4.71E-04,-3.60E-04,1.07E-04,-1.90E-04
1718,-4.23E-05,-4.47E-04,-3.43E-04,-1.85E-04,-4.60E-05,-3.29E-04,-6.18E-04,-3.08E-04,-7.82E-05,-4.28E-04,-1.93E-04,-2.72E-04,-2.79E-04,-2.11E-04,-1.38E-04,-2.95E-04,-4.77E-04,-3.65E-04,9.05E-05,-2.05E-04
1719,-4.66E-05,-4.76E-04,-3.67E-04,-1.98E-04,-5.96E-05,-3.32E-04,-6.52E-04,-3.31E-04,-9.01E-05,-4.33E-04,-2.09E-04,-2.78E-04,-3.15E-04,-2.21E-04,-1.51E-04,-3.13E-04,-4.84E-04,-3.70E-04,7.42E-05,-2.19E-04
1720,-5.16E-05,-5.04E-04,-3.90E-04,-2.11E-04,-7.30E-05,-3.36E-04,-6.87E-04,-3.53E-04,-1.02E-04,-4.37E-04,-2.25E-04,-2.82E-04,-3.47E-04,-2.32E-04,-1.63E-04,-3.32E-04,-4.90E-04,-3.76E-04,5.79E-05,-2.34E-04
1721,-5.97E-05,-5.33E-04,-4.13E-04,-2.23E-04,-8.61E-05,-3.39E-04,-7.23E-04,-3.75E-04,-1.13E-04,-4.42E-04,-2.40E-04,-2.86E-04,-3.74E-04,-2.43E-04,-1.73E-04,-3.51E-04,-4.96E-04,-3.82E-04,4.14E-05,-2.50E-04
1722,-7.30E-05,-5.62E-04,-4.35E-04,-2.35E-04,-9.89E-05,-3.43E-04,-7.57E-04,-3.97E-04,-1.25E-04,-4.46E-04,-2.53E-04,-2.90E-04,-3.97E-04,-2.54E-04,-1.83E-04,-3.70E-04,-5.02E-04,-3.89E-04,2.49E-05,-2.65E-04
1723,-9.34E-05,-5.92E-04,-4.55E-04,-2.47E-04,-1.12E-04,-3.46E-04,-7.89E-04,-4.19E-04,-1.37E-04,-4.49E-04,-2.66E-04,-2.95E-04,-4.15E-04,-2.65E-04,-1.93E-04,-3.89E-04,-5.09E-04,-3.96E-04,8.15E-06,-2.79E-04
1724,-1.22E-04,-6.21E-04,-4.75E-04,-2.57E-04,-1.24E-04,-3.49E-04,-8.18E-04,-4.40E-04,-1.48E-04,-4.52E-04,-2.76E-04,-3.00E-04,-4.29E-04,-2.77E-04,-2.03E-04,-4.09E-04,-5.16E-04,-4.03E-04,-8.71E-06,-2.94E-04
1725,-1.60E-04,-6.50E-04,-4.93E-04,-2.67E-04,-1.37E-04,-3.52E-04,-8.43E-04,-4.62E-04,-1.60E-04,-4.55E-04,-2.85E-04,-3.07E-04,-4.39E-04,-2.89E-04,-2.13E-04,-4.29E-04,-5.24E-04,-4.11E-04,-2.57E-05,-3.08E-04
1726,-2.07E-04,-6.79E-04,-5.09E-04,-2.76E-04,-1.49E-04,-3.54E-04,-8.64E-04,-4.83E-04,-1.72E-04,-4.57E-04,-2.91E-04,-3.15E-04,-4.47E-04,-3.01E-04,-2.23E-04,-4.48E-04,-5.32E-04,-4.19E-04,-4.27E-05,-3.22E-04
1727,-2.63E-04,-7.07E-04,-5.24E-04,-2.85E-04,-1.61E-04,-3.56E-04,-8.81E-04,-5.04E-04,-1.83E-04,-4.58E-04,-2.95E-04,-3.25E-04,-4.52E-04,-3.13E-04,-2.35E-04,-4.67E-04,-5.40E-04,-4.27E-04,-5.99E-05,-3.34E-04
1728,-3.26E-04,-7.33E-04,-5.38E-04,-2.92E-04,-1.74E-04,-3.57E-04,-8.94E-04,-5.25E-04,-1.95E-04,-4.59E-04,-2.96E-04,-3.36E-04,-4.56E-04,-3.26E-04,-2.47E-04,-4.86E-04,-5.49E-04,-4.34E-04,-7.69E-05,-3.47E-04
1729,-3.94E-04,-7.57E-04,-5.50E-04,-2.97E-04,-1.86E-04,-3.57E-04,-9.03E-04,-5.45E-04,-2.06E-04,-4.60E-04,-2.95E-04,-3.48E-04,-4.59E-04,-3.38E-04,-2.60E-04,-5.04E-04,-5.58E-04,-4.42E-04,-9.39E-05,-3.58E-04
1730,-4.66E-04,-7.78E-04,-5.61E-04,-3.02E-04,-1.98E-04,-3.56E-04,-9.09E-04,-5.64E-04,-2.17E-04,-4.59E-04,-2.92E-04,-3.61E-04,-4.63E-04,-3.49E-04,-2.75E-04,-5.22E-04,-5.66E-04,-4.49E-04,-1.11E-04,-3.68E-04
1731,-5.38E-04,-7.97E-04,-5.71E-04,-3.05E-04,-2.11E-04,-3.55E-04,-9.12E-04,-5.82E-04,-2.27E-04,-4.58E-04,-2.87E-04,-3.74E-04,-4.66E-04,-3.60E-04,-2.90E-04,-5.39E-04,-5.74E-04,-4.55E-04,-1.27E-04,-3.78E-04
1732,-6.08E-04,-8.11E-04,-5.80E-04,-3.07E-04,-2.23E-04,-3.52E-04,-9.13E-04,-6.00E-04,-2.37E-04,-4.57E-04,-2.81E-04,-3.87E-04,-4.71E-04,-3.70E-04,-3.06E-04,-5.54E-04,-5.80E-04,-4.60E-04,-1.43E-04,-3.87E-04
1733,-6.72E-04,-8.22E-04,-5.88E-04,-3.08E-04,-2.34E-04,-3.48E-04,-9.13E-04,-6.16E-04,-2.47E-04,-4.54E-04,-2.73E-04,-3.99E-04,-4.77E-04,-3.78E-04,-3.23E-04,-5.69E-04,-5.86E-04,-4.64E-04,-1.58E-04,-3.94E-04
1734,-7.28E-04,-8.28E-04,-5.96E-04,-3.08E-04,-2.45E-04,-3.42E-04,-9.12E-04,-6.31E-04,-2.56E-04,-4.51E-04,-2.64E-04,-4.10E-04,-4.85E-04,-3.86E-04,-3.39E-04,-5.82E-04,-5.91E-04,-4.67E-04,-1.73E-04,-4.01E-04
1735,-7.75E-04,-8.30E-04,-6.03E-04,-3.07E-04,-2.56E-04,-3.36E-04,-9.11E-04,-6.45E-04,-2.64E-04,-4.47E-04,-2.54E-04,-4.19E-04,-4.93E-04,-3.92E-04,-3.55E-04,-5.93E-04,-5.94E-04,-4.69E-04,-1.86E-04,-4.07E-04
1736,-8.09E-04,-8.28E-04,-6.09E-04,-3.05E-04,-2.66E-04,-3.29E-04,-9.11E-04,-6.58E-04,-2.71E-04,-4.42E-04,-2.45E-04,-4.26E-04,-5.03E-04,-3.97E-04,-3.70E-04,-6.03E-04,-5.95E-04,-4.70E-04,-1.99E-04,-4.12E-04
1737,-8.30E-04,-8.22E-04,-6.14E-04,-3.03E-04,-2.75E-04,-3.21E-04,-9.10E-04,-6.69E-04,-2.77E-04,-4.36E-04,-2.36E-04,-4.31E-04,-5.13E-04,-4.01E-04,-3.84E-04,-6.12E-04,-5.94E-04,-4.69E-04,-2.11E-04,-4.16E-04
1738,-8.38E-04,-8.12E-04,-6.19E-04,-3.01E-04,-2.84E-04,-3.12E-04,-9.11E-04,-6.79E-04,-2.83E-04,-4.29E-04,-2.28E-04,-4.34E-04,-5.23E-04,-4.03E-04,-3.96E-04,-6.19E-04,-5.92E-04,-4.67E-04,-2.22E-04,-4.20E-04
1739,-8.34E-04,-7.99E-04,-6.23E-04,-2.98E-04,-2.91E-04,-3.02E-04,-9.11E-04,-6.88E-04,-2.88E-04,-4.22E-04,-2.21E-04,-4.34E-04,-5.34E-04,-4.04E-04,-4.07E-04,-6.24E-04,-5.88E-04,-4.65E-04,-2.31E-04,-4.23E-04
1740,-8.17E-04,-7.83E-04,-6.25E-04,-2.96E-04,-2.97E-04,-2.92E-04,-9.12E-04,-6.95E-04,-2.92E-04,-4.14E-04,-2.16E-04,-4.32E-04,-5.43E-04,-4.04E-04,-4.15E-04,-6.28E-04,-5.83E-04,-4.61E-04,-2.40E-04,-4.25E-04
1741,-7.91E-04,-7.66E-04,-6.27E-04,-2.94E-04,-3.02E-04,-2.82E-04,-9.11E-04,-7.01E-04,-2.96E-04,-4.05E-04,-2.13E-04,-4.28E-04,-5.51E-04,-4.03E-04,-4.21E-04,-6.30E-04,-5.76E-04,-4.57E-04,-2.48E-04,-4.27E-04
1742,-7.58E-04,-7.48E-04,-6.27E-04,-2.93E-04,-3.06E-04,-2.71E-04,-9.09E-04,-7.05E-04,-2.99E-04,-3.96E-04,-2.11E-04,-4.22E-04,-5.57E-04,-4.02E-04,-4.24E-04,-6.32E-04,-5.69E-04,-4.52E-04,-2.54E-04,-4.29E-04
1743,-7.19E-04,-7.30E-04,-6.25E-04,-2.92E-04,-3.08E-04,-2.59E-04,-9.04E-04,-7.08E-04,-3.01E-04,-3.87E-04,-2.12E-04,-4.14E-04,-5.61E-04,-4.00E-04,-4.25E-04,-6.32E-04,-5.60E-04,-4.47E-04,-2.60E-04,-4.30E-04
1744,-6.78E-04,-7.12E-04,-6.22E-04,-2.92E-04,-3.09E-04,-2.48E-04,-8.97E-04,-7.10E-04,-3.03E-04,-3.76E-04,-2.13E-04,-4.04E-04,-5.63E-04,-3.98E-04,-4.23E-04,-6.31E-04,-5.51E-04,-4.42E-04,-2.64E-04,-4.32E-04
1745,-6.38E-04,-6.96E-04,-6.17E-04,-2.94E-04,-3.10E-04,-2.36E-04,-8.86E-04,-7.10E-04,-3.05E-04,-3.66E-04,-2.16E-04,-3.93E-04,-5.63E-04,-3.96E-04,-4.20E-04,-6.30E-04,-5.42E-04,-4.36E-04,-2.68E-04,-4.33E-04
1746,-6.00E-04,-6.82E-04,-6.11E-04,-2.95E-04,-3.09E-04,-2.24E-04,-8.71E-04,-7.09E-04,-3.07E-04,-3.55E-04,-2.20E-04,-3.82E-04,-5.60E-04,-3.95E-04,-4.15E-04,-6.29E-04,-5.33E-04,-4.30E-04,-2.71E-04,-4.33E-04
1747,-5.67E-04,-6.70E-04,-6.03E-04,-2.98E-04,-3.06E-04,-2.12E-04,-8.51E-04,-7.06E-04,-3.08E-04,-3.44E-04,-2.24E-04,-3.69E-04,-5.56E-04,-3.93E-04,-4.08E-04,-6.27E-04,-5.24E-04,-4.23E-04,-2.73E-04,-4.34E-04
1748,-5.41E-04,-6.60E-04,-5.94E-04,-3.01E-04,-3.03E-04,-2.00E-04,-8.27E-04,-7.02E-04,-3.09E-04,-3.33E-04,-2.29E-04,-3.56E-04,-5.49E-04,-3.91E-04,-4.00E-04,-6.25E-04,-5.14E-04,-4.17E-04,-2.74E-04,-4.34E-04
1749,-5.22E-04,-6.53E-04,-5.83E-04,-3.05E-04,-2.99E-04,-1.87E-04,-8.00E-04,-6.96E-04,-3.10E-04,-3.22E-04,-2.33E-04,-3.43E-04,-5.42E-04,-3.90E-04,-3.91E-04,-6.24E-04,-5.05E-04,-4.10E-04,-2.74E-04,-4.34E-04
1750,-5.10E-04,-6.48E-04,-5.72E-04,-3.08E-04,-2.95E-04,-1.74E-04,-7.68E-04,-6.88E-04,-3.10E-04,-3.10E-04,-2.36E-04,-3.30E-04,-5.33E-04,-3.88E-04,-3.82E-04,-6.22E-04,-4.96E-04,-4.03E-04,-2.74E-04,-4.33E-04
1751,-5.06E-04,-6.45E-04,-5.60E-04,-3.11E-04,-2.89E-04,-1.61E-04,-7.34E-04,-6.78E-04,-3.10E-04,-2.99E-04,-2.37E-04,-3.17E-04,-5.24E-04,-3.85E-04,-3.73E-04,-6.20E-04,-4.87E-04,-3.95E-04,-2.73E-04,-4.32E-04
1752,-5.08E-04,-6.44E-04,-5.47E-04,-3.14E-04,-2.83E-04,-1.47E-04,-6.97E-04,-6.67E-04,-3.09E-04,-2.87E-04,-2.37E-04,-3.04E-04,-5.15E-04,-3.83E-04,-3.63E-04,-6.17E-04,-4.78E-04,-3.87E-04,-2.71E-04,-4.29E-04
1753,-5.16E-04,-6.43E-04,-5.35E-04,-3.16E-04,-2.76E-04,-1.34E-04,-6.60E-04,-6.53E-04,-3.08E-04,-2.74E-04,-2.35E-04,-2.92E-04,-5.06E-04,-3.79E-04,-3.53E-04,-6.15E-04,-4.68E-04,-3.77E-04,-2.68E-04,-4.26E-04
1754,-5.26E-04,-6.42E-04,-5.22E-04,-3.16E-04,-2.69E-04,-1.19E-04,-6.22E-04,-6.38E-04,-3.05E-04,-2.62E-04,-2.31E-04,-2.80E-04,-4.97E-04,-3.74E-04,-3.44E-04,-6.11E-04,-4.58E-04,-3.66E-04,-2.64E-04,-4.21E-04
1755,-5.38E-04,-6.40E-04,-5.09E-04,-3.15E-04,-2.61E-04,-1.05E-04,-5.85E-04,-6.21E-04,-3.02E-04,-2.49E-04,-2.24E-04,-2.68E-04,-4.89E-04,-3.68E-04,-3.35E-04,-6.07E-04,-4.47E-04,-3.54E-04,-2.59E-04,-4.15E-04
1756,-5.49E-04,-6.36E-04,-4.96E-04,-3.12E-04,-2.52E-04,-9.05E-05,-5.50E-04,-6.02E-04,-2.97E-04,-2.35E-04,-2.15E-04,-2.58E-04,-4.82E-04,-3.60E-04,-3.25E-04,-6.02E-04,-4.35E-04,-3.41E-04,-2.54E-04,-4.08E-04
1757,-5.57E-04,-6.30E-04,-4.84E-04,-3.08E-04,-2.43E-04,-7.57E-05,-5.16E-04,-5.82E-04,-2.91E-04,-2.21E-04,-2.04E-04,-2.48E-04,-4.75E-04,-3.50E-04,-3.16E-04,-5.95E-04,-4.22E-04,-3.26E-04,-2.47E-04,-3.99E-04
1758,-5.61E-04,-6.20E-04,-4.71E-04,-3.01E-04,-2.33E-04,-6.06E-05,-4.86E-04,-5.60E-04,-2.84E-04,-2.05E-04,-1.90E-04,-2.39E-04,-4.68E-04,-3.38E-04,-3.07E-04,-5.87E-04,-4.08E-04,-3.10E-04,-2.40E-04,-3.89E-04
1759,-5.57E-04,-6.07E-04,-4.59E-04,-2.92E-04,-2.22E-04,-4.52E-05,-4.58E-04,-5.37E-04,-2.76E-04,-1.89E-04,-1.74E-04,-2.30E-04,-4.62E-04,-3.24E-04,-2.97E-04,-5.77E-04,-3.92E-04,-2.92E-04,-2.31E-04,-3.77E-04
1760,-5.46E-04,-5.89E-04,-4.46E-04,-2.81E-04,-2.10E-04,-2.96E-05,-4.33E-04,-5.12E-04,-2.66E-04,-1.72E-04,-1.57E-04,-2.22E-04,-4.55E-04,-3.08E-04,-2.87E-04,-5.66E-04,-3.76E-04,-2.73E-04,-2.22E-04,-3.64E-04
1761,-5.27E-04,-5.67E-04,-4.34E-04,-2.68E-04,-1.97E-04,-1.38E-05,-4.10E-04,-4.86E-04,-2.55E-04,-1.54E-04,-1.38E-04,-2.13E-04,-4.48E-04,-2.90E-04,-2.75E-04,-5.53E-04,-3.58E-04,-2.53E-04,-2.12E-04,-3.51E-04
1762,-4.99E-04,-5.41E-04,-4.21E-04,-2.53E-04,-1.83E-04,2.47E-06,-3.88E-04,-4.59E-04,-2.43E-04,-1.35E-04,-1.17E-04,-2.05E-04,-4.40E-04,-2.69E-04,-2.63E-04,-5.38E-04,-3.39E-04,-2.32E-04,-2.01E-04,-3.36E-04
1763,-4.63E-04,-5.11E-04,-4.07E-04,-2.36E-04,-1.68E-04,1.91E-05,-3.68E-04,-4.30E-04,-2.31E-04,-1.15E-04,-9.62E-05,-1.96E-04,-4.31E-04,-2.46E-04,-2.49E-04,-5.22E-04,-3.19E-04,-2.11E-04,-1.89E-04,-3.21E-04
1764,-4.19E-04,-4.76E-04,-3.92E-04,-2.18E-04,-1.52E-04,3.62E-05,-3.48E-04,-4.01E-04,-2.17E-04,-9.42E-05,-7.44E-05,-1.86E-04,-4.20E-04,-2.22E-04,-2.34E-04,-5.04E-04,-2.98E-04,-1.89E-04,-1.77E-04,-3.05E-04
1765,-3.69E-04,-4.39E-04,-3.76E-04,-1.98E-04,-1.35E-04,5.39E-05,-3.26E-04,-3.70E-04,-2.02E-04,-7.26E-05,-5.22E-05,-1.75E-04,-4.07E-04,-1.96E-04,-2.17E-04,-4.85E-04,-2.77E-04,-1.67E-04,-1.63E-04,-2.90E-04
1766,-3.14E-04,-3.98E-04,-3.59E-04,-1.77E-04,-1.16E-04,7.23E-05,-3.02E-04,-3.38E-04,-1.87E-04,-5.03E-05,-2.99E-05,-1.63E-04,-3.91E-04,-1.68E-04,-1.98E-04,-4.64E-04,-2.56E-04,-1.45E-04,-1.49E-04,-2.75E-04
1767,-2.55E-04,-3.55E-04,-3.40E-04,-1.55E-04,-9.67E-05,9.14E-05,-2.76E-04,-3.05E-04,-1.72E-04,-2.76E-05,-7.55E-06,-1.48E-04,-3.74E-04,-1.39E-04,-1.77E-04,-4.43E-04,-2.34E-04,-1.23E-04,-1.35E-04,-2.60E-04
1768,-1.94E-04,-3.10E-04,-3.19E-04,-1.33E-04,-7.59E-05,1.11E-04,-2.46E-04,-2.71E-04,-1.56E-04,-4.57E-06,1.46E-05,-1.30E-04,-3.53E-04,-1.09E-04,-1.54E-04,-4.21E-04,-2.12E-04,-1.01E-04,-1.19E-04,-2.46E-04
1769,-1.33E-04,-2.64E-04,-2.97E-04,-1.11E-04,-5.40E-05,1.32E-04,-2.13E-04,-2.35E-04,-1.40E-04,1.85E-05,3.65E-05,-1.09E-04,-3.30E-04,-7.79E-05,-1.30E-04,-3.99E-04,-1.90E-04,-7.96E-05,-1.03E-04,-2.33E-04
1770,-7.36E-05,-2.17E-04,-2.73E-04,-8.93E-05,-3.10E-05,1.54E-04,-1.75E-04,-1.97E-04,-1.24E-04,4.15E-05,5.80E-05,-8.60E-05,-3.04E-04,-4.64E-05,-1.03E-04,-3.76E-04,-1.69E-04,-5.86E-05,-8.63E-05,-2.21E-04
1771,-1.61E-05,-1.71E-04,-2.48E-04,-6.77E-05,-7.08E-06,1.76E-04,-1.33E-04,-1.58E-04,-1.09E-04,6.41E-05,7.90E-05,-5.96E-05,-2.75E-04,-1.45E-05,-7.45E-05,-3.53E-04,-1.47E-04,-3.77E-05,-6.89E-05,-2.09E-04
1772,3.80E-05,-1.25E-04,-2.20E-04,-4.68E-05,1.78E-05,1.99E-04,-8.77E-05,-1.16E-04,-9.27E-05,8.62E-05,9.95E-05,-3.02E-05,-2.45E-04,1.77E-05,-4.43E-05,-3.30E-04,-1.25E-04,-1.68E-05,-5.08E-05,-1.98E-04
1773,8.81E-05,-7.96E-05,-1.92E-04,-2.67E-05,4.34E-05,2.22E-04,-3.95E-05,-7.33E-05,-7.69E-05,1.08E-04,1.19E-04,1.72E-06,-2.12E-04,4.99E-05,-1.25E-05,-3.07E-04,-1.03E-04,4.28E-06,-3.22E-05,-1.87E-04
1774,1.34E-04,-3.52E-05,-1.62E-04,-7.62E-06,6.96E-05,2.46E-04,1.07E-05,-2.85E-05,-6.11E-05,1.28E-04,1.39E-04,3.57E-05,-1.77E-04,8.20E-05,2.06E-05,-2.83E-04,-8.12E-05,2.58E-05,-1.29E-05,-1.77E-04
1775,1.74E-04,8.05E-06,-1.31E-04,1.04E-05,9.64E-05,2.70E-04,6.19E-05,1.79E-05,-4.54E-05,1.48E-04,1.57E-04,7.12E-05,-1.41E-04,1.14E-04,5.47E-05,-2.60E-04,-5.87E-05,4.80E-05,6.79E-06,-1.67E-04
1776,2.11E-04,5.02E-05,-1.00E-04,2.72E-05,1.24E-04,2.93E-04,1.13E-04,6.58E-05,-2.97E-05,1.67E-04,1.75E-04,1.07E-04,-1.04E-04,1.45E-04,8.97E-05,-2.36E-04,-3.56E-05,7.11E-05,2.69E-05,-1.57E-04
1777,2.43E-04,9.13E-05,-6.81E-05,4.28E-05,1.51E-04,3.16E-04,1.63E-04,1.15E-04,-1.40E-05,1.84E-04,1.91E-04,1.43E-04,-6.55E-05,1.76E-04,1.25E-04,-2.13E-04,-1.19E-05,9.53E-05,4.74E-05,-1.46E-04
1778,2.71E-04,1.31E-04,-3.59E-05,5.71E-05,1.79E-04,3.38E-04,2.10E-04,1.65E-04,1.57E-06,2.01E-04,2.07E-04,1.79E-04,-2.71E-05,2.06E-04,1.61E-04,-1.90E-04,1.25E-05,1.21E-04,6.80E-05,-1.36E-04
1779,2.97E-04,1.71E-04,-3.71E-06,7.01E-05,2.06E-04,3.60E-04,2.55E-04,2.15E-04,1.71E-05,2.16E-04,2.22E-04,2.12E-04,1.10E-05,2.35E-04,1.96E-04,-1.67E-04,3.76E-05,1.48E-04,8.86E-05,-1.25E-04
1780,3.20E-04,2.09E-04,2.82E-05,8.18E-05,2.34E-04,3.79E-04,2.95E-04,2.65E-04,3.24E-05,2.31E-04,2.35E-04,2.42E-04,4.86E-05,2.63E-04,2.31E-04,-1.45E-04,6.34E-05,1.76E-04,1.09E-04,-1.14E-04
1781,3.41E-04,2.47E-04,5.96E-05,9.24E-05,2.61E-04,3.98E-04,3.31E-04,3.15E-04,4.74E-05,2.44E-04,2.47E-04,2.70E-04,8.51E-05,2.90E-04,2.65E-04,-1.24E-04,8.98E-05,2.06E-04,1.29E-04,-1.03E-04
1782,3.60E-04,2.84E-04,9.03E-05,1.02E-04,2.87E-04,4.14E-04,3.63E-04,3.63E-04,6.21E-05,2.55E-04,2.58E-04,2.93E-04,1.20E-04,3.15E-04,2.97E-04,-1.03E-04,1.17E-04,2.36E-04,1.48E-04,-9.18E-05
1783,3.79E-04,3.21E-04,1.20E-04,1.10E-04,3.14E-04,4.29E-04,3.91E-04,4.10E-04,7.63E-05,2.66E-04,2.67E-04,3.13E-04,1.53E-04,3.38E-04,3.28E-04,-8.48E-05,1.44E-04,2.68E-04,1.67E-04,-8.17E-05
1784,3.97E-04,3.57E-04,1.49E-04,1.17E-04,3.39E-04,4.42E-04,4.14E-04,4.55E-04,8.98E-05,2.75E-04,2.75E-04,3.28E-04,1.84E-04,3.60E-04,3.57E-04,-6.82E-05,1.71E-04,2.99E-04,1.84E-04,-7.27E-05
1785,4.14E-04,3.91E-04,1.76E-04,1.23E-04,3.63E-04,4.54E-04,4.35E-04,4.98E-04,1.02E-04,2.82E-04,2.82E-04,3.39E-04,2.12E-04,3.80E-04,3.84E-04,-5.39E-05,1.97E-04,3.31E-04,2.00E-04,-6.51E-05
1786,4.31E-04,4.25E-04,2.02E-04,1.28E-04,3.86E-04,4.63E-04,4.53E-04,5.37E-04,1.14E-04,2.88E-04,2.88E-04,3.47E-04,2.37E-04,3.97E-04,4.08E-04,-4.24E-05,2.23E-04,3.62E-04,2.15E-04,-5.94E-05
1787,4.48E-04,4.57E-04,2.27E-04,1.32E-04,4.08E-04,4.71E-04,4.69E-04,5.74E-04,1.25E-04,2.92E-04,2.93E-04,3.52E-04,2.58E-04,4.13E-04,4.30E-04,-3.40E-05,2.49E-04,3.92E-04,2.28E-04,-5.60E-05
1788,4.64E-04,4.88E-04,2.50E-04,1.34E-04,4.29E-04,4.78E-04,4.86E-04,6.08E-04,1.34E-04,2.94E-04,2.97E-04,3.54E-04,2.77E-04,4.26E-04,4.49E-04,-2.89E-05,2.73E-04,4.21E-04,2.40E-04,-5.50E-05
1789,4.78E-04,5.16E-04,2.71E-04,1.36E-04,4.49E-04,4.82E-04,5.03E-04,6.38E-04,1.43E-04,2.94E-04,3.01E-04,3.56E-04,2.92E-04,4.37E-04,4.65E-04,-2.73E-05,2.96E-04,4.47E-04,2.50E-04,-5.66E-05
1790,4.92E-04,5.43E-04,2.91E-04,1.37E-04,4.66E-04,4.86E-04,5.21E-04,6.65E-04,1.50E-04,2.91E-04,3.05E-04,3.57E-04,3.03E-04,4.46E-04,4.78E-04,-2.90E-05,3.18E-04,4.71E-04,2.58E-04,-6.09E-05
1791,5.04E-04,5.67E-04,3.10E-04,1.36E-04,4.82E-04,4.88E-04,5.42E-04,6.90E-04,1.56E-04,2.87E-04,3.08E-04,3.59E-04,3.12E-04,4.53E-04,4.89E-04,-3.39E-05,3.38E-04,4.92E-04,2.65E-04,-6.77E-05
1792,5.14E-04,5.88E-04,3.27E-04,1.34E-04,4.97E-04,4.88E-04,5.65E-04,7.11E-04,1.61E-04,2.80E-04,3.12E-04,3.62E-04,3.18E-04,4.58E-04,4.97E-04,-4.18E-05,3.57E-04,5.10E-04,2.71E-04,-7.66E-05
1793,5.23E-04,6.07E-04,3.42E-04,1.31E-04,5.09E-04,4.87E-04,5.92E-04,7.31E-04,1.65E-04,2.71E-04,3.16E-04,3.68E-04,3.22E-04,4.61E-04,5.03E-04,-5.22E-05,3.75E-04,5.26E-04,2.75E-04,-8.74E-05
1794,5.28E-04,6.24E-04,3.57E-04,1.26E-04,5.20E-04,4.84E-04,6.22E-04,7.48E-04,1.68E-04,2.59E-04,3.21E-04,3.78E-04,3.25E-04,4.63E-04,5.07E-04,-6.47E-05,3.91E-04,5.38E-04,2.78E-04,-9.94E-05
1795,5.32E-04,6.38E-04,3.70E-04,1.21E-04,5.29E-04,4.79E-04,6.54E-04,7.64E-04,1.71E-04,2.46E-04,3.26E-04,3.90E-04,3.27E-04,4.63E-04,5.10E-04,-7.85E-05,4.06E-04,5.47E-04,2.80E-04,-1.12E-04
1796,5.33E-04,6.50E-04,3.83E-04,1.13E-04,5.36E-04,4.72E-04,6.90E-04,7.79E-04,1.73E-04,2.31E-04,3.31E-04,4.07E-04,3.28E-04,4.62E-04,5.10E-04,-9.32E-05,4.20E-04,5.54E-04,2.81E-04,-1.25E-04
1797,5.31E-04,6.60E-04,3.95E-04,1.05E-04,5.41E-04,4.63E-04,7.27E-04,7.93E-04,1.75E-04,2.14E-04,3.37E-04,4.27E-04,3.31E-04,4.60E-04,5.10E-04,-1.08E-04,4.33E-04,5.59E-04,2.82E-04,-1.37E-04
1798,5.27E-04,6.69E-04,4.07E-04,9.43E-05,5.44E-04,4.51E-04,7.65E-04,8.07E-04,1.77E-04,1.95E-04,3.44E-04,4.50E-04,3.35E-04,4.57E-04,5.08E-04,-1.23E-04,4.45E-04,5.61E-04,2.82E-04,-1.48E-04
1799,5.20E-04,6.76E-04,4.18E-04,8.27E-05,5.46E-04,4.38E-04,8.04E-04,8.19E-04,1.79E-04,1.76E-04,3.51E-04,4.77E-04,3.42E-04,4.53E-04,5.05E-04,-1.37E-04,4.57E-04,5.63E-04,2.82E-04,-1.58E-04
1800,5.12E-04,6.82E-04,4.30E-04,6.96E-05,5.46E-04,4.21E-04,8.42E-04,8.32E-04,1.81E-04,1.56E-04,3.58E-04,5.05E-04,3.51E-04,4.48E-04,5.01E-04,-1.50E-04,4.68E-04,5.63E-04,2.81E-04,-1.66E-04
1801,5.02E-04,6.88E-04,4.41E-04,5.52E-05,5.44E-04,4.02E-04,8.79E-04,8.44E-04,1.84E-04,1.35E-04,3.65E-04,5.34E-04,3.64E-04,4.42E-04,4.96E-04,-1.62E-04,4.78E-04,5.62E-04,2.80E-04,-1.73E-04
1802,4.91E-04,6.93E-04,4.53E-04,3.95E-05,5.41E-04,3.82E-04,9.14E-04,8.56E-04,1.86E-04,1.14E-04,3.72E-04,5.63E-04,3.80E-04,4.35E-04,4.90E-04,-1.73E-04,4.89E-04,5.60E-04,2.79E-04,-1.77E-04
1803,4.79E-04,6.99E-04,4.64E-04,2.27E-05,5.36E-04,3.59E-04,9.47E-04,8.66E-04,1.88E-04,9.36E-05,3.79E-04,5.92E-04,3.99E-04,4.26E-04,4.83E-04,-1.83E-04,4.98E-04,5.58E-04,2.77E-04,-1.80E-04
1804,4.66E-04,7.04E-04,4.76E-04,4.86E-06,5.29E-04,3.34E-04,9.77E-04,8.75E-04,1.89E-04,7.29E-05,3.85E-04,6.19E-04,4.22E-04,4.16E-04,4.75E-04,-1.93E-04,5.07E-04,5.55E-04,2.74E-04,-1.83E-04
1805,4.53E-04,7.10E-04,4.88E-04,-1.38E-05,5.21E-04,3.08E-04,1.00E-03,8.82E-04,1.90E-04,5.26E-05,3.91E-04,6.44E-04,4.47E-04,4.04E-04,4.64E-04,-2.03E-04,5.15E-04,5.52E-04,2.70E-04,-1.84E-04
1806,4.40E-04,7.15E-04,4.99E-04,-3.31E-05,5.12E-04,2.82E-04,1.03E-03,8.87E-04,1.90E-04,3.24E-05,3.96E-04,6.65E-04,4.75E-04,3.91E-04,4.52E-04,-2.13E-04,5.22E-04,5.48E-04,2.65E-04,-1.86E-04
1807,4.26E-04,7.21E-04,5.09E-04,-5.28E-05,5.00E-04,2.55E-04,1.04E-03,8.89E-04,1.89E-04,1.24E-05,4.00E-04,6.83E-04,5.04E-04,3.75E-04,4.37E-04,-2.25E-04,5.28E-04,5.43E-04,2.59E-04,-1.89E-04
1808,4.13E-04,7.26E-04,5.18E-04,-7.29E-05,4.88E-04,2.28E-04,1.06E-03,8.88E-04,1.86E-04,-7.54E-06,4.04E-04,6.97E-04,5.33E-04,3.56E-04,4.20E-04,-2.38E-04,5.32E-04,5.36E-04,2.51E-04,-1.93E-04
1809,4.00E-04,7.30E-04,5.25E-04,-9.31E-05,4.74E-04,2.02E-04,1.07E-03,8.82E-04,1.81E-04,-2.77E-05,4.06E-04,7.07E-04,5.61E-04,3.36E-04,4.00E-04,-2.53E-04,5.34E-04,5.27E-04,2.41E-04,-2.00E-04
1810,3.87E-04,7.33E-04,5.30E-04,-1.13E-04,4.58E-04,1.77E-04,1.08E-03,8.72E-04,1.74E-04,-4.82E-05,4.08E-04,7.13E-04,5.88E-04,3.12E-04,3.77E-04,-2.71E-04,5.34E-04,5.15E-04,2.29E-04,-2.08E-04
1811,3.74E-04,7.35E-04,5.33E-04,-1.33E-04,4.41E-04,1.53E-04,1.08E-03,8.57E-04,1.66E-04,-6.93E-05,4.08E-04,7.15E-04,6.11E-04,2.86E-04,3.52E-04,-2.92E-04,5.31E-04,5.01E-04,2.15E-04,-2.20E-04
1812,3.61E-04,7.35E-04,5.33E-04,-1.53E-04,4.23E-04,1.31E-04,1.07E-03,8.37E-04,1.55E-04,-9.12E-05,4.07E-04,7.15E-04,6.31E-04,2.57E-04,3.24E-04,-3.15E-04,5.26E-04,4.83E-04,1.99E-04,-2.33E-04
1813,3.47E-04,7.33E-04,5.29E-04,-1.72E-04,4.04E-04,1.10E-04,1.06E-03,8.12E-04,1.42E-04,-1.14E-04,4.05E-04,7.11E-04,6.46E-04,2.25E-04,2.93E-04,-3.40E-04,5.18E-04,4.61E-04,1.81E-04,-2.49E-04
1814,3.32E-04,7.28E-04,5.21E-04,-1.91E-04,3.83E-04,9.08E-05,1.05E-03,7.81E-04,1.27E-04,-1.38E-04,4.01E-04,7.05E-04,6.55E-04,1.91E-04,2.60E-04,-3.68E-04,5.07E-04,4.35E-04,1.62E-04,-2.67E-04
1815,3.16E-04,7.20E-04,5.10E-04,-2.09E-04,3.61E-04,7.26E-05,1.03E-03,7.46E-04,1.11E-04,-1.63E-04,3.96E-04,6.98E-04,6.58E-04,1.54E-04,2.25E-04,-3.96E-04,4.93E-04,4.05E-04,1.41E-04,-2.86E-04
1816,2.99E-04,7.08E-04,4.95E-04,-2.27E-04,3.38E-04,5.53E-05,1.00E-03,7.06E-04,9.27E-05,-1.89E-04,3.89E-04,6.88E-04,6.56E-04,1.16E-04,1.88E-04,-4.25E-04,4.77E-04,3.70E-04,1.19E-04,-3.06E-04
1817,2.80E-04,6.94E-04,4.75E-04,-2.45E-04,3.14E-04,3.87E-05,9.70E-04,6.61E-04,7.35E-05,-2.15E-04,3.80E-04,6.77E-04,6.47E-04,7.58E-05,1.51E-04,-4.53E-04,4.58E-04,3.33E-04,9.58E-05,-3.25E-04
1818,2.58E-04,6.76E-04,4.52E-04,-2.62E-04,2.89E-04,2.23E-05,9.32E-04,6.13E-04,5.36E-05,-2.42E-04,3.69E-04,6.65E-04,6.33E-04,3.43E-05,1.13E-04,-4.80E-04,4.36E-04,2.91E-04,7.23E-05,-3.43E-04
1819,2.33E-04,6.54E-04,4.25E-04,-2.79E-04,2.64E-04,5.78E-06,8.87E-04,5.62E-04,3.32E-05,-2.69E-04,3.56E-04,6.52E-04,6.13E-04,-8.02E-06,7.54E-05,-5.06E-04,4.12E-04,2.47E-04,4.86E-05,-3.59E-04
1820,2.05E-04,6.28E-04,3.95E-04,-2.96E-04,2.38E-04,-1.11E-05,8.37E-04,5.09E-04,1.25E-05,-2.95E-04,3.40E-04,6.36E-04,5.89E-04,-5.08E-05,3.84E-05,-5.29E-04,3.86E-04,2.01E-04,2.52E-05,-3.72E-04
1821,1.73E-04,5.99E-04,3.62E-04,-3.12E-04,2.12E-04,-2.85E-05,7.80E-04,4.53E-04,-8.14E-06,-3.21E-04,3.22E-04,6.19E-04,5.60E-04,-9.37E-05,2.52E-06,-5.49E-04,3.58E-04,1.53E-04,2.28E-06,-3.83E-04
1822,1.37E-04,5.66E-04,3.26E-04,-3.28E-04,1.86E-04,-4.64E-05,7.19E-04,3.97E-04,-2.86E-05,-3.45E-04,3.02E-04,6.00E-04,5.30E-04,-1.36E-04,-3.18E-05,-5.66E-04,3.28E-04,1.05E-04,-1.99E-05,-3.90E-04
1823,9.67E-05,5.30E-04,2.89E-04,-3.44E-04,1.60E-04,-6.49E-05,6.54E-04,3.39E-04,-4.86E-05,-3.68E-04,2.79E-04,5.78E-04,4.97E-04,-1.78E-04,-6.43E-05,-5.80E-04,2.97E-04,5.65E-05,-4.10E-05,-3.95E-04
1824,5.28E-05,4.89E-04,2.50E-04,-3.60E-04,1.34E-04,-8.37E-05,5.85E-04,2.82E-04,-6.84E-05,-3.88E-04,2.54E-04,5.52E-04,4.63E-04,-2.19E-04,-9.46E-05,-5.92E-04,2.66E-04,8.91E-06,-6.11E-05,-3.98E-04
1825,5.26E-06,4.46E-04,2.11E-04,-3.76E-04,1.08E-04,-1.02E-04,5.14E-04,2.25E-04,-8.78E-05,-4.06E-04,2.27E-04,5.24E-04,4.29E-04,-2.59E-04,-1.23E-04,-6.01E-04,2.33E-04,-3.73E-05,-8.00E-05,-3.98E-04
1826,-4.56E-05,3.99E-04,1.71E-04,-3.92E-04,8.25E-05,-1.21E-04,4.41E-04,1.68E-04,-1.07E-04,-4.22E-04,1.98E-04,4.92E-04,3.96E-04,-2.97E-04,-1.49E-04,-6.08E-04,2.01E-04,-8.16E-05,-9.78E-05,-3.97E-04
1827,-9.91E-05,3.49E-04,1.32E-04,-4.08E-04,5.75E-05,-1.38E-04,3.67E-04,1.12E-04,-1.26E-04,-4.35E-04,1.68E-04,4.56E-04,3.64E-04,-3.34E-04,-1.73E-04,-6.15E-04,1.68E-04,-1.24E-04,-1.15E-04,-3.97E-04
1828,-1.54E-04,2.96E-04,9.28E-05,-4.23E-04,3.30E-05,-1.53E-04,2.94E-04,5.72E-05,-1.45E-04,-4.45E-04,1.37E-04,4.17E-04,3.34E-04,-3.68E-04,-1.95E-04,-6.21E-04,1.35E-04,-1.63E-04,-1.30E-04,-3.97E-04
1829,-2.11E-04,2.40E-04,5.43E-05,-4.38E-04,9.01E-06,-1.66E-04,2.22E-04,2.76E-06,-1.64E-04,-4.54E-04,1.06E-04,3.74E-04,3.06E-04,-4.01E-04,-2.15E-04,-6.29E-04,1.03E-04,-2.00E-04,-1.46E-04,-3.99E-04
1830,-2.67E-04,1.82E-04,1.66E-05,-4.53E-04,-1.44E-05,-1.77E-04,1.52E-04,-5.09E-05,-1.84E-04,-4.61E-04,7.53E-05,3.30E-04,2.80E-04,-4.32E-04,-2.34E-04,-6.38E-04,7.05E-05,-2.34E-04,-1.60E-04,-4.03E-04
1831,-3.23E-04,1.21E-04,-2.03E-05,-4.66E-04,-3.72E-05,-1.84E-04,8.37E-05,-1.04E-04,-2.04E-04,-4.66E-04,4.53E-05,2.83E-04,2.55E-04,-4.61E-04,-2.52E-04,-6.48E-04,3.88E-05,-2.65E-04,-1.75E-04,-4.10E-04
1832,-3.76E-04,5.94E-05,-5.65E-05,-4.79E-04,-5.95E-05,-1.88E-04,1.81E-05,-1.57E-04,-2.24E-04,-4.70E-04,1.68E-05,2.36E-04,2.32E-04,-4.88E-04,-2.70E-04,-6.61E-04,7.59E-06,-2.94E-04,-1.89E-04,-4.21E-04
1833,-4.27E-04,-3.45E-06,-9.19E-05,-4.91E-04,-8.11E-05,-1.89E-04,-4.52E-05,-2.09E-04,-2.45E-04,-4.74E-04,-9.94E-06,1.89E-04,2.11E-04,-5.14E-04,-2.87E-04,-6.77E-04,-2.31E-05,-3.21E-04,-2.04E-04,-4.34E-04
1834,-4.73E-04,-6.68E-05,-1.27E-04,-5.02E-04,-1.02E-04,-1.87E-04,-1.06E-04,-2.62E-04,-2.66E-04,-4.78E-04,-3.43E-05,1.44E-04,1.90E-04,-5.37E-04,-3.04E-04,-6.94E-04,-5.33E-05,-3.47E-04,-2.19E-04,-4.51E-04
1835,-5.15E-04,-1.30E-04,-1.61E-04,-5.12E-04,-1.22E-04,-1.83E-04,-1.65E-04,-3.14E-04,-2.87E-04,-4.82E-04,-5.61E-05,1.00E-04,1.70E-04,-5.59E-04,-3.21E-04,-7.12E-04,-8.30E-05,-3.72E-04,-2.34E-04,-4.69E-04
1836,-5.52E-04,-1.92E-04,-1.95E-04,-5.21E-04,-1.42E-04,-1.76E-04,-2.23E-04,-3.66E-04,-3.08E-04,-4.87E-04,-7.50E-05,6.03E-05,1.49E-04,-5.78E-04,-3.38E-04,-7.31E-04,-1.12E-04,-3.96E-04,-2.50E-04,-4.88E-04
1837,-5.82E-04,-2.52E-04,-2.29E-04,-5.28E-04,-1.61E-04,-1.68E-04,-2.79E-04,-4.18E-04,-3.28E-04,-4.92E-04,-9.10E-05,2.41E-05,1.29E-04,-5.96E-04,-3.56E-04,-7.50E-04,-1.41E-04,-4.20E-04,-2.65E-04,-5.08E-04
1838,-6.07E-04,-3.11E-04,-2.62E-04,-5.34E-04,-1.79E-04,-1.60E-04,-3.35E-04,-4.70E-04,-3.48E-04,-4.98E-04,-1.04E-04,-7.52E-06,1.08E-04,-6.13E-04,-3.73E-04,-7.67E-04,-1.70E-04,-4.43E-04,-2.81E-04,-5.26E-04
1839,-6.25E-04,-3.66E-04,-2.96E-04,-5.38E-04,-1.96E-04,-1.52E-04,-3.91E-04,-5.21E-04,-3.67E-04,-5.05E-04,-1.14E-04,-3.42E-05,8.56E-05,-6.27E-04,-3.91E-04,-7.82E-04,-1.99E-04,-4.67E-04,-2.97E-04,-5.41E-04
1840,-6.37E-04,-4.17E-04,-3.28E-04,-5.41E-04,-2.13E-04,-1.45E-04,-4.46E-04,-5.71E-04,-3.85E-04,-5.12E-04,-1.21E-04,-5.59E-05,6.27E-05,-6.41E-04,-4.08E-04,-7.94E-04,-2.28E-04,-4.90E-04,-3.13E-04,-5.53E-04
1841,-6.44E-04,-4.64E-04,-3.61E-04,-5.43E-04,-2.28E-04,-1.40E-04,-5.01E-04,-6.20E-04,-4.01E-04,-5.20E-04,-1.26E-04,-7.26E-05,3.89E-05,-6.52E-04,-4.25E-04,-8.02E-04,-2.56E-04,-5.13E-04,-3.28E-04,-5.61E-04
1842,-6.45E-04,-5.06E-04,-3.92E-04,-5.43E-04,-2.43E-04,-1.38E-04,-5.55E-04,-6.67E-04,-4.16E-04,-5.26E-04,-1.29E-04,-8.48E-05,1.43E-05,-6.62E-04,-4.41E-04,-8.06E-04,-2.85E-04,-5.36E-04,-3.42E-04,-5.63E-04
1843,-6.42E-04,-5.44E-04,-4.23E-04,-5.42E-04,-2.56E-04,-1.38E-04,-6.09E-04,-7.12E-04,-4.30E-04,-5.32E-04,-1.31E-04,-9.30E-05,-1.08E-05,-6.71E-04,-4.56E-04,-8.06E-04,-3.13E-04,-5.59E-04,-3.56E-04,-5.61E-04
1844,-6.34E-04,-5.76E-04,-4.52E-04,-5.39E-04,-2.69E-04,-1.41E-04,-6.60E-04,-7.54E-04,-4.42E-04,-5.36E-04,-1.30E-04,-9.79E-05,-3.63E-05,-6.78E-04,-4.69E-04,-8.02E-04,-3.41E-04,-5.80E-04,-3.68E-04,-5.54E-04
1845,-6.23E-04,-6.03E-04,-4.79E-04,-5.36E-04,-2.80E-04,-1.46E-04,-7.08E-04,-7.93E-04,-4.53E-04,-5.39E-04,-1.29E-04,-1.00E-04,-6.18E-05,-6.84E-04,-4.81E-04,-7.94E-04,-3.69E-04,-6.01E-04,-3.79E-04,-5.42E-04
1846,-6.10E-04,-6.25E-04,-5.04E-04,-5.31E-04,-2.91E-04,-1.53E-04,-7.53E-04,-8.28E-04,-4.63E-04,-5.39E-04,-1.28E-04,-1.01E-04,-8.70E-05,-6.89E-04,-4.90E-04,-7.83E-04,-3.96E-04,-6.19E-04,-3.89E-04,-5.28E-04
1847,-5.94E-04,-6.42E-04,-5.27E-04,-5.25E-04,-3.01E-04,-1.60E-04,-7.92E-04,-8.59E-04,-4.72E-04,-5.36E-04,-1.26E-04,-1.02E-04,-1.12E-04,-6.93E-04,-4.98E-04,-7.71E-04,-4.22E-04,-6.35E-04,-3.97E-04,-5.12E-04
1848,-5.77E-04,-6.54E-04,-5.47E-04,-5.18E-04,-3.09E-04,-1.68E-04,-8.26E-04,-8.86E-04,-4.81E-04,-5.31E-04,-1.24E-04,-1.02E-04,-1.35E-04,-6.96E-04,-5.03E-04,-7.59E-04,-4.47E-04,-6.48E-04,-4.04E-04,-4.96E-04
1849,-5.59E-04,-6.63E-04,-5.65E-04,-5.10E-04,-3.17E-04,-1.75E-04,-8.52E-04,-9.08E-04,-4.90E-04,-5.23E-04,-1.22E-04,-1.03E-04,-1.58E-04,-6.98E-04,-5.05E-04,-7.47E-04,-4.70E-04,-6.58E-04,-4.09E-04,-4.81E-04
1850,-5.41E-04,-6.69E-04,-5.79E-04,-5.01E-04,-3.24E-04,-1.79E-04,-8.71E-04,-9.25E-04,-4.99E-04,-5.13E-04,-1.20E-04,-1.05E-04,-1.80E-04,-6.99E-04,-5.06E-04,-7.38E-04,-4.92E-04,-6.65E-04,-4.12E-04,-4.69E-04
1851,-5.22E-04,-6.72E-04,-5.91E-04,-4.92E-04,-3.30E-04,-1.80E-04,-8.82E-04,-9.37E-04,-5.07E-04,-5.02E-04,-1.19E-04,-1.09E-04,-2.00E-04,-6.99E-04,-5.03E-04,-7.32E-04,-5.11E-04,-6.69E-04,-4.14E-04,-4.61E-04
1852,-5.02E-04,-6.74E-04,-5.99E-04,-4.82E-04,-3.35E-04,-1.77E-04,-8.84E-04,-9.45E-04,-5.16E-04,-4.89E-04,-1.19E-04,-1.15E-04,-2.19E-04,-6.98E-04,-4.99E-04,-7.30E-04,-5.27E-04,-6.69E-04,-4.15E-04,-4.57E-04
1853,-4.83E-04,-6.74E-04,-6.04E-04,-4.72E-04,-3.40E-04,-1.70E-04,-8.79E-04,-9.48E-04,-5.25E-04,-4.75E-04,-1.19E-04,-1.23E-04,-2.37E-04,-6.97E-04,-4.92E-04,-7.31E-04,-5.40E-04,-6.65E-04,-4.14E-04,-4.59E-04
1854,-4.64E-04,-6.74E-04,-6.07E-04,-4.61E-04,-3.43E-04,-1.58E-04,-8.67E-04,-9.47E-04,-5.34E-04,-4.61E-04,-1.19E-04,-1.31E-04,-2.53E-04,-6.95E-04,-4.83E-04,-7.37E-04,-5.50E-04,-6.59E-04,-4.12E-04,-4.66E-04
1855,-4.44E-04,-6.73E-04,-6.07E-04,-4.49E-04,-3.46E-04,-1.41E-04,-8.48E-04,-9.41E-04,-5.43E-04,-4.47E-04,-1.20E-04,-1.41E-04,-2.68E-04,-6.92E-04,-4.73E-04,-7.46E-04,-5.57E-04,-6.49E-04,-4.08E-04,-4.77E-04
1856,-4.24E-04,-6.73E-04,-6.05E-04,-4.37E-04,-3.48E-04,-1.20E-04,-8.25E-04,-9.32E-04,-5.50E-04,-4.35E-04,-1.22E-04,-1.51E-04,-2.81E-04,-6.89E-04,-4.60E-04,-7.58E-04,-5.60E-04,-6.36E-04,-4.03E-04,-4.90E-04
1857,-4.04E-04,-6.73E-04,-6.01E-04,-4.25E-04,-3.49E-04,-9.60E-05,-7.98E-04,-9.19E-04,-5.56E-04,-4.24E-04,-1.24E-04,-1.61E-04,-2.94E-04,-6.84E-04,-4.46E-04,-7.70E-04,-5.60E-04,-6.21E-04,-3.97E-04,-5.06E-04
1858,-3.84E-04,-6.74E-04,-5.95E-04,-4.13E-04,-3.48E-04,-6.98E-05,-7.70E-04,-9.03E-04,-5.60E-04,-4.14E-04,-1.26E-04,-1.71E-04,-3.05E-04,-6.79E-04,-4.31E-04,-7.81E-04,-5.56E-04,-6.03E-04,-3.90E-04,-5.20E-04
1859,-3.64E-04,-6.76E-04,-5.88E-04,-4.01E-04,-3.47E-04,-4.30E-05,-7.42E-04,-8.84E-04,-5.62E-04,-4.07E-04,-1.29E-04,-1.79E-04,-3.14E-04,-6.72E-04,-4.14E-04,-7.90E-04,-5.50E-04,-5.84E-04,-3.81E-04,-5.33E-04
1860,-3.44E-04,-6.78E-04,-5.80E-04,-3.88E-04,-3.44E-04,-1.71E-05,-7.15E-04,-8.63E-04,-5.61E-04,-4.01E-04,-1.32E-04,-1.86E-04,-3.23E-04,-6.65E-04,-3.96E-04,-7.95E-04,-5.41E-04,-5.64E-04,-3.71E-04,-5.40E-04
1861,-3.25E-04,-6.80E-04,-5.71E-04,-3.75E-04,-3.40E-04,6.57E-06,-6.91E-04,-8.40E-04,-5.57E-04,-3.96E-04,-1.35E-04,-1.90E-04,-3.29E-04,-6.56E-04,-3.78E-04,-7.94E-04,-5.29E-04,-5.42E-04,-3.60E-04,-5.42E-04
1862,-3.06E-04,-6.83E-04,-5.61E-04,-3.63E-04,-3.35E-04,2.66E-05,-6.71E-04,-8.15E-04,-5.49E-04,-3.91E-04,-1.38E-04,-1.92E-04,-3.34E-04,-6.47E-04,-3.58E-04,-7.86E-04,-5.16E-04,-5.20E-04,-3.47E-04,-5.36E-04
1863,-2.89E-04,-6.84E-04,-5.50E-04,-3.49E-04,-3.29E-04,4.19E-05,-6.55E-04,-7.89E-04,-5.39E-04,-3.87E-04,-1.41E-04,-1.93E-04,-3.36E-04,-6.36E-04,-3.37E-04,-7.71E-04,-5.02E-04,-4.98E-04,-3.33E-04,-5.22E-04
1864,-2.74E-04,-6.84E-04,-5.39E-04,-3.36E-04,-3.21E-04,5.18E-05,-6.43E-04,-7.61E-04,-5.26E-04,-3.81E-04,-1.44E-04,-1.91E-04,-3.37E-04,-6.23E-04,-3.16E-04,-7.48E-04,-4.87E-04,-4.76E-04,-3.18E-04,-4.99E-04
1865,-2.60E-04,-6.83E-04,-5.28E-04,-3.22E-04,-3.12E-04,5.63E-05,-6.34E-04,-7.32E-04,-5.10E-04,-3.74E-04,-1.47E-04,-1.87E-04,-3.35E-04,-6.10E-04,-2.95E-04,-7.18E-04,-4.73E-04,-4.53E-04,-3.02E-04,-4.69E-04
1866,-2.49E-04,-6.79E-04,-5.16E-04,-3.08E-04,-3.02E-04,5.55E-05,-6.29E-04,-7.03E-04,-4.93E-04,-3.65E-04,-1.49E-04,-1.81E-04,-3.30E-04,-5.95E-04,-2.73E-04,-6.82E-04,-4.59E-04,-4.31E-04,-2.86E-04,-4.33E-04
1867,-2.41E-04,-6.73E-04,-5.04E-04,-2.94E-04,-2.92E-04,5.04E-05,-6.26E-04,-6.73E-04,-4.75E-04,-3.53E-04,-1.49E-04,-1.75E-04,-3.23E-04,-5.80E-04,-2.51E-04,-6.43E-04,-4.45E-04,-4.10E-04,-2.69E-04,-3.93E-04
1868,-2.34E-04,-6.63E-04,-4.91E-04,-2.79E-04,-2.80E-04,4.24E-05,-6.23E-04,-6.42E-04,-4.58E-04,-3.37E-04,-1.48E-04,-1.68E-04,-3.13E-04,-5.63E-04,-2.29E-04,-6.02E-04,-4.33E-04,-3.89E-04,-2.53E-04,-3.52E-04
1869,-2.30E-04,-6.51E-04,-4.78E-04,-2.63E-04,-2.68E-04,3.32E-05,-6.19E-04,-6.12E-04,-4.41E-04,-3.18E-04,-1.45E-04,-1.60E-04,-3.00E-04,-5.45E-04,-2.07E-04,-5.62E-04,-4.23E-04,-3.69E-04,-2.37E-04,-3.13E-04
1870,-2.27E-04,-6.34E-04,-4.63E-04,-2.47E-04,-2.56E-04,2.47E-05,-6.12E-04,-5.82E-04,-4.26E-04,-2.96E-04,-1.40E-04,-1.53E-04,-2.85E-04,-5.27E-04,-1.86E-04,-5.25E-04,-4.13E-04,-3.50E-04,-2.21E-04,-2.79E-04
1871,-2.26E-04,-6.14E-04,-4.48E-04,-2.30E-04,-2.43E-04,1.92E-05,-6.00E-04,-5.52E-04,-4.14E-04,-2.71E-04,-1.32E-04,-1.45E-04,-2.68E-04,-5.08E-04,-1.65E-04,-4.95E-04,-4.05E-04,-3.31E-04,-2.06E-04,-2.53E-04
1872,-2.25E-04,-5.90E-04,-4.32E-04,-2.13E-04,-2.30E-04,1.87E-05,-5.83E-04,-5.22E-04,-4.05E-04,-2.44E-04,-1.21E-04,-1.38E-04,-2.50E-04,-4.88E-04,-1.45E-04,-4.74E-04,-3.98E-04,-3.13E-04,-1.93E-04,-2.38E-04
1873,-2.24E-04,-5.63E-04,-4.15E-04,-1.95E-04,-2.17E-04,2.51E-05,-5.59E-04,-4.92E-04,-3.99E-04,-2.16E-04,-1.07E-04,-1.31E-04,-2.29E-04,-4.68E-04,-1.27E-04,-4.63E-04,-3.92E-04,-2.97E-04,-1.81E-04,-2.36E-04
1874,-2.22E-04,-5.32E-04,-3.97E-04,-1.77E-04,-2.05E-04,3.96E-05,-5.28E-04,-4.63E-04,-3.97E-04,-1.89E-04,-8.88E-05,-1.24E-04,-2.08E-04,-4.48E-04,-1.09E-04,-4.63E-04,-3.87E-04,-2.81E-04,-1.71E-04,-2.48E-04
1875,-2.19E-04,-4.98E-04,-3.77E-04,-1.58E-04,-1.92E-04,6.32E-05,-4.89E-04,-4.34E-04,-3.97E-04,-1.63E-04,-6.77E-05,-1.17E-04,-1.86E-04,-4.27E-04,-9.16E-05,-4.75E-04,-3.81E-04,-2.66E-04,-1.61E-04,-2.74E-04
1876,-2.12E-04,-4.61E-04,-3.56E-04,-1.40E-04,-1.79E-04,9.60E-05,-4.44E-04,-4.05E-04,-4.00E-04,-1.41E-04,-4.35E-05,-1.09E-04,-1.64E-04,-4.06E-04,-7.54E-05,-4.95E-04,-3.75E-04,-2.51E-04,-1.53E-04,-3.12E-04
1877,-2.03E-04,-4.21E-04,-3.34E-04,-1.21E-04,-1.65E-04,1.37E-04,-3.93E-04,-3.76E-04,-4.04E-04,-1.24E-04,-1.67E-05,-1.01E-04,-1.43E-04,-3.86E-04,-5.99E-05,-5.24E-04,-3.67E-04,-2.37E-04,-1.46E-04,-3.59E-04
1878,-1.90E-04,-3.79E-04,-3.11E-04,-1.02E-04,-1.51E-04,1.86E-04,-3.37E-04,-3.46E-04,-4.07E-04,-1.13E-04,1.21E-05,-9.12E-05,-1.21E-04,-3.64E-04,-4.46E-05,-5.57E-04,-3.58E-04,-2.24E-04,-1.39E-04,-4.13E-04
1879,-1.72E-04,-3.35E-04,-2.86E-04,-8.36E-05,-1.37E-04,2.39E-04,-2.78E-04,-3.16E-04,-4.08E-04,-1.09E-04,4.21E-05,-8.01E-05,-1.00E-04,-3.43E-04,-2.95E-05,-5.89E-04,-3.48E-04,-2.10E-04,-1.32E-04,-4.67E-04
1880,-1.51E-04,-2.90E-04,-2.59E-04,-6.55E-05,-1.21E-04,2.93E-04,-2.17E-04,-2.84E-04,-4.05E-04,-1.15E-04,7.24E-05,-6.73E-05,-8.04E-05,-3.21E-04,-1.39E-05,-6.18E-04,-3.35E-04,-1.96E-04,-1.24E-04,-5.18E-04
1881,-1.27E-04,-2.43E-04,-2.30E-04,-4.77E-05,-1.03E-04,3.46E-04,-1.58E-04,-2.50E-04,-3.97E-04,-1.29E-04,1.02E-04,-5.28E-05,-6.10E-05,-2.99E-04,2.34E-06,-6.37E-04,-3.20E-04,-1.81E-04,-1.14E-04,-5.58E-04
1882,-9.87E-05,-1.94E-04,-2.00E-04,-3.03E-05,-8.32E-05,3.93E-04,-1.01E-04,-2.13E-04,-3.81E-04,-1.52E-04,1.30E-04,-3.68E-05,-4.22E-05,-2.76E-04,1.98E-05,-6.41E-04,-3.02E-04,-1.64E-04,-1.02E-04,-5.82E-04
1883,-6.81E-05,-1.45E-04,-1.68E-04,-1.33E-05,-6.15E-05,4.30E-04,-4.75E-05,-1.73E-04,-3.57E-04,-1.84E-04,1.54E-04,-1.96E-05,-2.37E-05,-2.53E-04,3.88E-05,-6.27E-04,-2.83E-04,-1.45E-04,-8.71E-05,-5.86E-04
1884,-3.57E-05,-9.50E-05,-1.34E-04,3.43E-06,-3.73E-05,4.53E-04,2.70E-07,-1.29E-04,-3.23E-04,-2.24E-04,1.75E-04,-1.57E-06,-5.39E-06,-2.29E-04,5.96E-05,-5.89E-04,-2.61E-04,-1.23E-04,-6.89E-05,-5.64E-04
1885,-2.63E-06,-4.45E-05,-9.73E-05,2.00E-05,-1.07E-05,4.59E-04,4.18E-05,-8.02E-05,-2.79E-04,-2.72E-04,1.90E-04,1.66E-05,1.31E-05,-2.05E-04,8.25E-05,-5.26E-04,-2.38E-04,-9.87E-05,-4.68E-05,-5.13E-04
1886,3.01E-05,6.20E-06,-5.91E-05,3.66E-05,1.84E-05,4.43E-04,7.67E-05,-2.72E-05,-2.24E-04,-3.26E-04,2.00E-04,3.42E-05,3.20E-05,-1.81E-04,1.08E-04,-4.34E-04,-2.13E-04,-7.04E-05,-2.06E-05,-4.30E-04
1887,6.14E-05,5.70E-05,-1.90E-05,5.35E-05,4.99E-05,4.05E-04,1.05E-04,3.07E-05,-1.59E-04,-3.85E-04,2.04E-04,5.05E-05,5.15E-05,-1.56E-04,1.35E-04,-3.14E-04,-1.87E-04,-3.81E-05,9.71E-06,-3.16E-04
1888,9.03E-05,1.07E-04,2.27E-05,7.09E-05,8.33E-05,3.44E-04,1.27E-04,9.35E-05,-8.53E-05,-4.46E-04,2.00E-04,6.46E-05,7.19E-05,-1.31E-04,1.64E-04,-1.65E-04,-1.60E-04,-1.46E-06,4.40E-05,-1.70E-04
1889,1.16E-04,1.58E-04,6.57E-05,8.90E-05,1.18E-04,2.59E-04,1.44E-04,1.61E-04,-3.67E-06,-5.09E-04,1.90E-04,7.58E-05,9.33E-05,-1.06E-04,1.95E-04,8.97E-06,-1.34E-04,3.95E-05,8.19E-05,4.23E-06
1890,1.37E-04,2.07E-04,1.10E-04,1.08E-04,1.54E-04,1.53E-04,1.58E-04,2.33E-04,8.36E-05,-5.72E-04,1.74E-04,8.34E-05,1.16E-04,-8.10E-05,2.28E-04,2.06E-04,-1.08E-04,8.46E-05,1.23E-04,2.03E-04
1891,1.54E-04,2.55E-04,1.54E-04,1.28E-04,1.91E-04,2.88E-05,1.69E-04,3.08E-04,1.74E-04,-6.34E-04,1.52E-04,8.69E-05,1.39E-04,-5.68E-05,2.60E-04,4.19E-04,-8.24E-05,1.34E-04,1.66E-04,4.20E-04
1892,1.65E-04,3.01E-04,1.99E-04,1.50E-04,2.27E-04,-1.11E-04,1.79E-04,3.86E-04,2.65E-04,-6.93E-04,1.25E-04,8.60E-05,1.63E-04,-3.36E-05,2.93E-04,6.44E-04,-5.80E-05,1.86E-04,2.10E-04,6.47E-04
1893,1.72E-04,3.46E-04,2.43E-04,1.73E-04,2.61E-04,-2.60E-04,1.91E-04,4.66E-04,3.53E-04,-7.49E-04,9.48E-05,8.08E-05,1.88E-04,-1.15E-05,3.26E-04,8.72E-04,-3.48E-05,2.41E-04,2.55E-04,8.78E-04
1894,1.74E-04,3.89E-04,2.86E-04,1.97E-04,2.94E-04,-4.15E-04,2.05E-04,5.47E-04,4.37E-04,-8.01E-04,6.18E-05,7.14E-05,2.13E-04,9.01E-06,3.56E-04,1.10E-03,-1.29E-05,2.98E-04,2.99E-04,1.10E-03
1895,1.72E-04,4.29E-04,3.27E-04,2.23E-04,3.24E-04,-5.70E-04,2.22E-04,6.26E-04,5.12E-04,-8.49E-04,2.76E-05,5.83E-05,2.38E-04,2.78E-05,3.85E-04,1.31E-03,7.66E-06,3.55E-04,3.41E-04,1.31E-03
1896,1.67E-04,4.66E-04,3.65E-04,2.49E-04,3.50E-04,-7.19E-04,2.43E-04,7.03E-04,5.76E-04,-8.94E-04,-6.24E-06,4.23E-05,2.63E-04,4.45E-05,4.10E-04,1.50E-03,2.69E-05,4.12E-04,3.81E-04,1.49E-03
1897,1.59E-04,5.00E-04,4.01E-04,2.75E-04,3.73E-04,-8.58E-04,2.69E-04,7.76E-04,6.29E-04,-9.34E-04,-3.85E-05,2.41E-05,2.87E-04,5.91E-05,4.31E-04,1.66E-03,4.50E-05,4.68E-04,4.16E-04,1.65E-03
1898,1.50E-04,5.31E-04,4.33E-04,3.02E-04,3.90E-04,-9.84E-04,2.99E-04,8.43E-04,6.67E-04,-9.71E-04,-6.81E-05,4.75E-06,3.10E-04,7.13E-05,4.48E-04,1.79E-03,6.20E-05,5.20E-04,4.47E-04,1.76E-03
1899,1.39E-04,5.59E-04,4.61E-04,3.28E-04,4.03E-04,-1.09E-03,3.33E-04,9.05E-04,6.91E-04,-1.01E-03,-9.38E-05,-1.46E-05,3.31E-04,8.11E-05,4.61E-04,1.88E-03,7.80E-05,5.68E-04,4.73E-04,1.83E-03
1900,1.30E-04,5.84E-04,4.86E-04,3.52E-04,4.11E-04,-1.18E-03,3.68E-04,9.58E-04,7.01E-04,-1.04E-03,-1.15E-04,-3.29E-05,3.51E-04,8.86E-05,4.68E-04,1.94E-03,9.32E-05,6.11E-04,4.93E-04,1.86E-03
1901,1.21E-04,6.06E-04,5.06E-04,3.74E-04,4.15E-04,-1.25E-03,4.06E-04,1.00E-03,6.98E-04,-1.07E-03,-1.31E-04,-4.92E-05,3.70E-04,9.38E-05,4.71E-04,1.95E-03,1.08E-04,6.47E-04,5.08E-04,1.85E-03
1902,1.14E-04,6.24E-04,5.22E-04,3.93E-04,4.14E-04,-1.29E-03,4.42E-04,1.04E-03,6.83E-04,-1.10E-03,-1.41E-04,-6.25E-05,3.87E-04,9.68E-05,4.70E-04,1.93E-03,1.21E-04,6.77E-04,5.17E-04,1.79E-03
1903,1.10E-04,6.40E-04,5.34E-04,4.09E-04,4.09E-04,-1.32E-03,4.77E-04,1.07E-03,6.58E-04,-1.13E-03,-1.46E-04,-7.23E-05,4.03E-04,9.80E-05,4.64E-04,1.88E-03,1.34E-04,6.99E-04,5.21E-04,1.70E-03
1904,1.08E-04,6.54E-04,5.43E-04,4.20E-04,4.02E-04,-1.32E-03,5.08E-04,1.08E-03,6.25E-04,-1.16E-03,-1.46E-04,-7.80E-05,4.18E-04,9.75E-05,4.55E-04,1.81E-03,1.46E-04,7.13E-04,5.20E-04,1.59E-03
1905,1.09E-04,6.65E-04,5.48E-04,4.27E-04,3.92E-04,-1.31E-03,5.34E-04,1.09E-03,5.87E-04,-1.19E-03,-1.41E-04,-7.94E-05,4.31E-04,9.57E-05,4.42E-04,1.72E-03,1.56E-04,7.19E-04,5.15E-04,1.45E-03
1906,1.12E-04,6.75E-04,5.50E-04,4.29E-04,3.80E-04,-1.28E-03,5.54E-04,1.09E-03,5.48E-04,-1.23E-03,-1.32E-04,-7.66E-05,4.44E-04,9.29E-05,4.28E-04,1.61E-03,1.66E-04,7.17E-04,5.07E-04,1.31E-03
1907,1.17E-04,6.83E-04,5.50E-04,4.26E-04,3.69E-04,-1.24E-03,5.67E-04,1.08E-03,5.08E-04,-1.26E-03,-1.20E-04,-6.99E-05,4.56E-04,8.94E-05,4.12E-04,1.50E-03,1.73E-04,7.09E-04,4.97E-04,1.16E-03
1908,1.24E-04,6.90E-04,5.48E-04,4.17E-04,3.57E-04,-1.19E-03,5.73E-04,1.07E-03,4.71E-04,-1.29E-03,-1.06E-04,-5.98E-05,4.68E-04,8.55E-05,3.95E-04,1.40E-03,1.78E-04,6.93E-04,4.85E-04,1.01E-03
1909,1.30E-04,6.95E-04,5.45E-04,4.03E-04,3.47E-04,-1.14E-03,5.73E-04,1.05E-03,4.39E-04,-1.31E-03,-9.10E-05,-4.71E-05,4.79E-04,8.15E-05,3.79E-04,1.30E-03,1.81E-04,6.72E-04,4.73E-04,8.81E-04
1910,1.36E-04,6.98E-04,5.40E-04,3.85E-04,3.38E-04,-1.09E-03,5.65E-04,1.02E-03,4.12E-04,-1.34E-03,-7.56E-05,-3.25E-05,4.90E-04,7.75E-05,3.64E-04,1.22E-03,1.81E-04,6.47E-04,4.60E-04,7.65E-04
1911,1.41E-04,7.00E-04,5.35E-04,3.63E-04,3.31E-04,-1.04E-03,5.52E-04,9.95E-04,3.93E-04,-1.36E-03,-6.10E-05,-1.70E-05,4.99E-04,7.38E-05,3.49E-04,1.15E-03,1.78E-04,6.17E-04,4.47E-04,6.69E-04
1912,1.43E-04,6.99E-04,5.29E-04,3.37E-04,3.26E-04,-9.94E-04,5.34E-04,9.64E-04,3.81E-04,-1.38E-03,-4.80E-05,-1.63E-06,5.08E-04,7.04E-05,3.36E-04,1.11E-03,1.71E-04,5.84E-04,4.35E-04,5.96E-04
1913,1.41E-04,6.96E-04,5.22E-04,3.09E-04,3.25E-04,-9.55E-04,5.13E-04,9.31E-04,3.75E-04,-1.39E-03,-3.73E-05,1.29E-05,5.15E-04,6.74E-05,3.25E-04,1.08E-03,1.61E-04,5.49E-04,4.24E-04,5.45E-04
1914,1.35E-04,6.90E-04,5.15E-04,2.78E-04,3.25E-04,-9.23E-04,4.89E-04,8.97E-04,3.76E-04,-1.39E-03,-2.94E-05,2.56E-05,5.20E-04,6.48E-05,3.16E-04,1.07E-03,1.48E-04,5.13E-04,4.14E-04,5.15E-04
1915,1.25E-04,6.80E-04,5.06E-04,2.47E-04,3.27E-04,-8.99E-04,4.64E-04,8.62E-04,3.83E-04,-1.39E-03,-2.46E-05,3.60E-05,5.23E-04,6.24E-05,3.08E-04,1.07E-03,1.31E-04,4.76E-04,4.05E-04,5.03E-04
1916,1.09E-04,6.65E-04,4.96E-04,2.17E-04,3.31E-04,-8.82E-04,4.38E-04,8.26E-04,3.93E-04,-1.39E-03,-2.32E-05,4.35E-05,5.22E-04,6.02E-05,3.01E-04,1.09E-03,1.11E-04,4.39E-04,3.96E-04,5.07E-04
1917,8.74E-05,6.46E-04,4.85E-04,1.87E-04,3.36E-04,-8.71E-04,4.12E-04,7.89E-04,4.06E-04,-1.38E-03,-2.51E-05,4.79E-05,5.17E-04,5.78E-05,2.96E-04,1.11E-03,8.80E-05,4.01E-04,3.87E-04,5.21E-04
1918,6.09E-05,6.21E-04,4.71E-04,1.58E-04,3.41E-04,-8.65E-04,3.87E-04,7.52E-04,4.19E-04,-1.36E-03,-3.02E-05,4.91E-05,5.08E-04,5.52E-05,2.90E-04,1.14E-03,6.25E-05,3.64E-04,3.78E-04,5.42E-04
1919,2.95E-05,5.90E-04,4.55E-04,1.32E-04,3.46E-04,-8.62E-04,3.61E-04,7.14E-04,4.30E-04,-1.34E-03,-3.83E-05,4.71E-05,4.95E-04,5.20E-05,2.84E-04,1.16E-03,3.48E-05,3.28E-04,3.69E-04,5.63E-04
1920,-6.04E-06,5.54E-04,4.36E-04,1.09E-04,3.50E-04,-8.60E-04,3.35E-04,6.74E-04,4.40E-04,-1.32E-03,-4.90E-05,4.21E-05,4.76E-04,4.80E-05,2.77E-04,1.18E-03,5.44E-06,2.91E-04,3.58E-04,5.82E-04
1921,-4.49E-05,5.11E-04,4.15E-04,8.83E-05,3.51E-04,-8.59E-04,3.08E-04,6.32E-04,4.44E-04,-1.29E-03,-6.20E-05,3.44E-05,4.53E-04,4.30E-05,2.69E-04,1.20E-03,-2.51E-05,2.54E-04,3.47E-04,5.93E-04
1922,-8.62E-05,4.62E-04,3.90E-04,7.09E-05,3.51E-04,-8.55E-04,2.78E-04,5.88E-04,4.44E-04,-1.26E-03,-7.70E-05,2.43E-05,4.25E-04,3.68E-05,2.59E-04,1.20E-03,-5.65E-05,2.18E-04,3.33E-04,5.95E-04
1923,-1.29E-04,4.09E-04,3.61E-04,5.65E-05,3.47E-04,-8.47E-04,2.46E-04,5.42E-04,4.39E-04,-1.23E-03,-9.37E-05,1.22E-05,3.93E-04,2.91E-05,2.46E-04,1.18E-03,-8.83E-05,1.81E-04,3.19E-04,5.85E-04
1924,-1.71E-04,3.50E-04,3.30E-04,4.49E-05,3.39E-04,-8.36E-04,2.09E-04,4.92E-04,4.27E-04,-1.20E-03,-1.12E-04,-1.80E-06,3.57E-04,1.99E-05,2.31E-04,1.16E-03,-1.20E-04,1.43E-04,3.02E-04,5.62E-04
1925,-2.13E-04,2.88E-04,2.95E-04,3.59E-05,3.28E-04,-8.20E-04,1.67E-04,4.39E-04,4.11E-04,-1.16E-03,-1.31E-04,-1.73E-05,3.18E-04,9.02E-06,2.13E-04,1.12E-03,-1.52E-04,1.05E-04,2.84E-04,5.28E-04
1926,-2.52E-04,2.23E-04,2.57E-04,2.89E-05,3.13E-04,-8.00E-04,1.18E-04,3.83E-04,3.89E-04,-1.13E-03,-1.51E-04,-3.43E-05,2.77E-04,-3.58E-06,1.92E-04,1.07E-03,-1.83E-04,6.60E-05,2.64E-04,4.84E-04
1927,-2.89E-04,1.56E-04,2.18E-04,2.35E-05,2.95E-04,-7.75E-04,6.32E-05,3.25E-04,3.62E-04,-1.10E-03,-1.71E-04,-5.27E-05,2.35E-04,-1.79E-05,1.69E-04,1.01E-03,-2.14E-04,2.65E-05,2.43E-04,4.31E-04
1928,-3.21E-04,8.85E-05,1.76E-04,1.91E-05,2.73E-04,-7.48E-04,1.55E-06,2.63E-04,3.33E-04,-1.07E-03,-1.92E-04,-7.26E-05,1.93E-04,-3.38E-05,1.44E-04,9.47E-04,-2.44E-04,-1.36E-05,2.21E-04,3.75E-04
1929,-3.49E-04,2.18E-05,1.33E-04,1.52E-05,2.49E-04,-7.18E-04,-6.66E-05,1.98E-04,3.02E-04,-1.04E-03,-2.14E-04,-9.40E-05,1.51E-04,-5.12E-05,1.16E-04,8.78E-04,-2.74E-04,-5.40E-05,1.98E-04,3.16E-04
1930,-3.73E-04,-4.33E-05,8.93E-05,1.12E-05,2.22E-04,-6.88E-04,-1.40E-04,1.32E-04,2.70E-04,-1.01E-03,-2.36E-04,-1.17E-04,1.11E-04,-6.99E-05,8.75E-05,8.08E-04,-3.03E-04,-9.46E-05,1.75E-04,2.60E-04
1931,-3.91E-04,-1.06E-04,4.53E-05,6.83E-06,1.93E-04,-6.59E-04,-2.19E-04,6.45E-05,2.38E-04,-9.85E-04,-2.58E-04,-1.42E-04,7.25E-05,-8.98E-05,5.78E-05,7.42E-04,-3.32E-04,-1.35E-04,1.52E-04,2.09E-04
1932,-4.05E-04,-1.65E-04,1.69E-06,1.61E-06,1.63E-04,-6.31E-04,-3.01E-04,-4.00E-06,2.08E-04,-9.57E-04,-2.81E-04,-1.69E-04,3.66E-05,-1.11E-04,2.78E-05,6.80E-04,-3.61E-04,-1.75E-04,1.29E-04,1.65E-04
1933,-4.14E-04,-2.21E-04,-4.12E-05,-4.67E-06,1.32E-04,-6.06E-04,-3.85E-04,-7.26E-05,1.79E-04,-9.29E-04,-3.03E-04,-1.98E-04,3.37E-06,-1.32E-04,-1.97E-06,6.26E-04,-3.90E-04,-2.14E-04,1.07E-04,1.31E-04
1934,-4.20E-04,-2.73E-04,-8.29E-05,-1.21E-05,1.01E-04,-5.84E-04,-4.70E-04,-1.41E-04,1.53E-04,-9.00E-04,-3.25E-04,-2.29E-04,-2.72E-05,-1.53E-04,-3.11E-05,5.81E-04,-4.18E-04,-2.52E-04,8.50E-05,1.08E-04
1935,-4.22E-04,-3.21E-04,-1.23E-04,-2.08E-05,7.06E-05,-5.67E-04,-5.53E-04,-2.08E-04,1.30E-04,-8.71E-04,-3.46E-04,-2.62E-04,-5.54E-05,-1.75E-04,-5.91E-05,5.44E-04,-4.47E-04,-2.88E-04,6.37E-05,9.65E-05
1936,-4.23E-04,-3.66E-04,-1.62E-04,-3.05E-05,4.10E-05,-5.54E-04,-6.32E-04,-2.73E-04,1.10E-04,-8.40E-04,-3.66E-04,-2.96E-04,-8.16E-05,-1.96E-04,-8.56E-05,5.17E-04,-4.75E-04,-3.22E-04,4.31E-05,9.56E-05
1937,-4.22E-04,-4.07E-04,-1.99E-04,-4.12E-05,1.26E-05,-5.45E-04,-7.07E-04,-3.36E-04,9.21E-05,-8.07E-04,-3.84E-04,-3.31E-04,-1.06E-04,-2.17E-04,-1.10E-04,4.97E-04,-5.03E-04,-3.55E-04,2.32E-05,1.04E-04
1938,-4.21E-04,-4.46E-04,-2.35E-04,-5.25E-05,-1.43E-05,-5.39E-04,-7.76E-04,-3.97E-04,7.69E-05,-7.73E-04,-4.01E-04,-3.66E-04,-1.31E-04,-2.37E-04,-1.33E-04,4.85E-04,-5.31E-04,-3.85E-04,3.75E-06,1.21E-04
1939,-4.20E-04,-4.84E-04,-2.69E-04,-6.40E-05,-3.95E-05,-5.35E-04,-8.37E-04,-4.54E-04,6.35E-05,-7.37E-04,-4.16E-04,-4.01E-04,-1.55E-04,-2.55E-04,-1.54E-04,4.77E-04,-5.58E-04,-4.13E-04,-1.52E-05,1.43E-04
1940,-4.21E-04,-5.20E-04,-3.02E-04,-7.56E-05,-6.31E-05,-5.33E-04,-8.91E-04,-5.09E-04,5.14E-05,-7.00E-04,-4.28E-04,-4.35E-04,-1.80E-04,-2.73E-04,-1.73E-04,4.73E-04,-5.84E-04,-4.40E-04,-3.38E-05,1.69E-04
1941,-4.23E-04,-5.55E-04,-3.34E-04,-8.67E-05,-8.50E-05,-5.31E-04,-9.37E-04,-5.60E-04,3.99E-05,-6.62E-04,-4.38E-04,-4.66E-04,-2.06E-04,-2.89E-04,-1.90E-04,4.71E-04,-6.10E-04,-4.64E-04,-5.22E-05,1.96E-04
1942,-4.26E-04,-5.91E-04,-3.65E-04,-9.71E-05,-1.05E-04,-5.27E-04,-9.75E-04,-6.08E-04,2.87E-05,-6.23E-04,-4.44E-04,-4.95E-04,-2.34E-04,-3.03E-04,-2.06E-04,4.67E-04,-6.34E-04,-4.86E-04,-7.04E-05,2.22E-04
1943,-4.32E-04,-6.27E-04,-3.95E-04,-1.07E-04,-1.24E-04,-5.22E-04,-1.01E-03,-6.53E-04,1.72E-05,-5.84E-04,-4.48E-04,-5.21E-04,-2.64E-04,-3.15E-04,-2.20E-04,4.62E-04,-6.58E-04,-5.07E-04,-8.84E-05,2.44E-04
1944,-4.40E-04,-6.63E-04,-4.24E-04,-1.15E-04,-1.42E-04,-5.13E-04,-1.03E-03,-6.94E-04,5.05E-06,-5.45E-04,-4.50E-04,-5.42E-04,-2.97E-04,-3.26E-04,-2.33E-04,4.53E-04,-6.80E-04,-5.26E-04,-1.06E-04,2.61E-04
1945,-4.48E-04,-7.00E-04,-4.52E-04,-1.22E-04,-1.58E-04,-5.01E-04,-1.05E-03,-7.32E-04,-7.86E-06,-5.06E-04,-4.49E-04,-5.59E-04,-3.31E-04,-3.34E-04,-2.45E-04,4.41E-04,-7.00E-04,-5.44E-04,-1.24E-04,2.72E-04
1946,-4.58E-04,-7.37E-04,-4.80E-04,-1.27E-04,-1.74E-04,-4.86E-04,-1.06E-03,-7.66E-04,-2.16E-05,-4.68E-04,-4.46E-04,-5.72E-04,-3.68E-04,-3.41E-04,-2.57E-04,4.25E-04,-7.19E-04,-5.60E-04,-1.42E-04,2.77E-04
1947,-4.67E-04,-7.74E-04,-5.06E-04,-1.32E-04,-1.89E-04,-4.66E-04,-1.06E-03,-7.97E-04,-3.60E-05,-4.31E-04,-4.41E-04,-5.81E-04,-4.06E-04,-3.47E-04,-2.68E-04,4.05E-04,-7.36E-04,-5.75E-04,-1.59E-04,2.76E-04
1948,-4.76E-04,-8.10E-04,-5.31E-04,-1.35E-04,-2.03E-04,-4.42E-04,-1.07E-03,-8.24E-04,-5.08E-05,-3.95E-04,-4.35E-04,-5.86E-04,-4.45E-04,-3.50E-04,-2.79E-04,3.82E-04,-7.53E-04,-5.89E-04,-1.75E-04,2.71E-04
1949,-4.83E-04,-8.44E-04,-5.55E-04,-1.38E-04,-2.17E-04,-4.14E-04,-1.07E-03,-8.48E-04,-6.56E-05,-3.60E-04,-4.28E-04,-5.87E-04,-4.84E-04,-3.53E-04,-2.90E-04,3.57E-04,-7.67E-04,-6.02E-04,-1.91E-04,2.61E-04
1950,-4.89E-04,-8.76E-04,-5.76E-04,-1.39E-04,-2.30E-04,-3.85E-04,-1.06E-03,-8.68E-04,-8.02E-05,-3.26E-04,-4.22E-04,-5.87E-04,-5.21E-04,-3.54E-04,-3.01E-04,3.32E-04,-7.81E-04,-6.13E-04,-2.05E-04,2.48E-04
1951,-4.91E-04,-9.04E-04,-5.96E-04,-1.41E-04,-2.43E-04,-3.53E-04,-1.06E-03,-8.85E-04,-9.40E-05,-2.93E-04,-4.16E-04,-5.85E-04,-5.57E-04,-3.54E-04,-3.12E-04,3.08E-04,-7.94E-04,-6.23E-04,-2.19E-04,2.35E-04
1952,-4.91E-04,-9.27E-04,-6.13E-04,-1.42E-04,-2.56E-04,-3.20E-04,-1.05E-03,-8.98E-04,-1.07E-04,-2.60E-04,-4.11E-04,-5.83E-04,-5.90E-04,-3.54E-04,-3.23E-04,2.86E-04,-8.06E-04,-6.32E-04,-2.31E-04,2.23E-04
1953,-4.87E-04,-9.46E-04,-6.28E-04,-1.44E-04,-2.68E-04,-2.87E-04,-1.04E-03,-9.08E-04,-1.18E-04,-2.28E-04,-4.07E-04,-5.83E-04,-6.20E-04,-3.52E-04,-3.33E-04,2.67E-04,-8.18E-04,-6.39E-04,-2.42E-04,2.12E-04
1954,-4.81E-04,-9.60E-04,-6.39E-04,-1.47E-04,-2.81E-04,-2.55E-04,-1.03E-03,-9.15E-04,-1.27E-04,-1.95E-04,-4.05E-04,-5.84E-04,-6.45E-04,-3.51E-04,-3.44E-04,2.53E-04,-8.29E-04,-6.45E-04,-2.52E-04,2.05E-04
1955,-4.72E-04,-9.68E-04,-6.48E-04,-1.50E-04,-2.92E-04,-2.25E-04,-1.02E-03,-9.19E-04,-1.35E-04,-1.63E-04,-4.04E-04,-5.87E-04,-6.66E-04,-3.49E-04,-3.54E-04,2.43E-04,-8.39E-04,-6.49E-04,-2.61E-04,2.01E-04
1956,-4.62E-04,-9.71E-04,-6.55E-04,-1.54E-04,-3.04E-04,-1.97E-04,-1.00E-03,-9.20E-04,-1.41E-04,-1.30E-04,-4.06E-04,-5.94E-04,-6.82E-04,-3.48E-04,-3.64E-04,2.38E-04,-8.49E-04,-6.52E-04,-2.68E-04,2.02E-04
1957,-4.50E-04,-9.69E-04,-6.58E-04,-1.59E-04,-3.15E-04,-1.71E-04,-9.89E-04,-9.18E-04,-1.45E-04,-9.59E-05,-4.09E-04,-6.05E-04,-6.94E-04,-3.47E-04,-3.73E-04,2.36E-04,-8.59E-04,-6.53E-04,-2.75E-04,2.07E-04
1958,-4.39E-04,-9.63E-04,-6.60E-04,-1.65E-04,-3.25E-04,-1.48E-04,-9.72E-04,-9.15E-04,-1.48E-04,-6.16E-05,-4.13E-04,-6.19E-04,-7.01E-04,-3.46E-04,-3.81E-04,2.38E-04,-8.69E-04,-6.52E-04,-2.81E-04,2.15E-04
1959,-4.30E-04,-9.54E-04,-6.60E-04,-1.73E-04,-3.36E-04,-1.27E-04,-9.54E-04,-9.10E-04,-1.49E-04,-2.67E-05,-4.18E-04,-6.36E-04,-7.04E-04,-3.45E-04,-3.89E-04,2.43E-04,-8.78E-04,-6.51E-04,-2.86E-04,2.25E-04
1960,-4.23E-04,-9.42E-04,-6.58E-04,-1.81E-04,-3.46E-04,-1.09E-04,-9.35E-04,-9.04E-04,-1.50E-04,8.48E-06,-4.24E-04,-6.56E-04,-7.05E-04,-3.45E-04,-3.96E-04,2.49E-04,-8.86E-04,-6.48E-04,-2.91E-04,2.37E-04
1961,-4.19E-04,-9.30E-04,-6.56E-04,-1.89E-04,-3.57E-04,-9.24E-05,-9.17E-04,-8.98E-04,-1.51E-04,4.37E-05,-4.30E-04,-6.79E-04,-7.03E-04,-3.46E-04,-4.02E-04,2.54E-04,-8.94E-04,-6.45E-04,-2.97E-04,2.48E-04
1962,-4.19E-04,-9.18E-04,-6.53E-04,-1.98E-04,-3.67E-04,-7.78E-05,-9.00E-04,-8.92E-04,-1.52E-04,7.87E-05,-4.36E-04,-7.02E-04,-7.00E-04,-3.47E-04,-4.07E-04,2.57E-04,-9.01E-04,-6.41E-04,-3.02E-04,2.59E-04
1963,-4.25E-04,-9.08E-04,-6.52E-04,-2.07E-04,-3.78E-04,-6.42E-05,-8.85E-04,-8.87E-04,-1.53E-04,1.13E-04,-4.40E-04,-7.25E-04,-6.96E-04,-3.49E-04,-4.12E-04,2.58E-04,-9.07E-04,-6.38E-04,-3.08E-04,2.66E-04
1964,-4.34E-04,-9.01E-04,-6.51E-04,-2.15E-04,-3.89E-04,-5.13E-05,-8.72E-04,-8.82E-04,-1.56E-04,1.46E-04,-4.44E-04,-7.48E-04,-6.93E-04,-3.52E-04,-4.17E-04,2.55E-04,-9.13E-04,-6.34E-04,-3.15E-04,2.71E-04
1965,-4.48E-04,-8.96E-04,-6.52E-04,-2.22E-04,-4.00E-04,-3.86E-05,-8.64E-04,-8.79E-04,-1.59E-04,1.78E-04,-4.46E-04,-7.68E-04,-6.91E-04,-3.55E-04,-4.21E-04,2.47E-04,-9.17E-04,-6.32E-04,-3.22E-04,2.71E-04
1966,-4.66E-04,-8.96E-04,-6.55E-04,-2.29E-04,-4.12E-04,-2.59E-05,-8.60E-04,-8.78E-04,-1.64E-04,2.07E-04,-4.47E-04,-7.84E-04,-6.90E-04,-3.58E-04,-4.26E-04,2.35E-04,-9.21E-04,-6.29E-04,-3.30E-04,2.67E-04
1967,-4.87E-04,-9.00E-04,-6.60E-04,-2.34E-04,-4.25E-04,-1.29E-05,-8.61E-04,-8.79E-04,-1.70E-04,2.35E-04,-4.46E-04,-7.97E-04,-6.92E-04,-3.61E-04,-4.31E-04,2.18E-04,-9.24E-04,-6.28E-04,-3.39E-04,2.58E-04
1968,-5.09E-04,-9.08E-04,-6.68E-04,-2.38E-04,-4.38E-04,5.98E-07,-8.67E-04,-8.82E-04,-1.77E-04,2.60E-04,-4.44E-04,-8.05E-04,-6.97E-04,-3.65E-04,-4.36E-04,1.97E-04,-9.26E-04,-6.28E-04,-3.48E-04,2.46E-04
1969,-5.31E-04,-9.19E-04,-6.78E-04,-2.39E-04,-4.52E-04,1.45E-05,-8.79E-04,-8.87E-04,-1.86E-04,2.83E-04,-4.40E-04,-8.09E-04,-7.04E-04,-3.69E-04,-4.42E-04,1.72E-04,-9.28E-04,-6.28E-04,-3.58E-04,2.30E-04
1970,-5.51E-04,-9.33E-04,-6.91E-04,-2.39E-04,-4.66E-04,2.87E-05,-8.96E-04,-8.93E-04,-1.94E-04,3.03E-04,-4.35E-04,-8.07E-04,-7.13E-04,-3.72E-04,-4.49E-04,1.45E-04,-9.30E-04,-6.29E-04,-3.68E-04,2.13E-04
1971,-5.68E-04,-9.48E-04,-7.06E-04,-2.38E-04,-4.80E-04,4.30E-05,-9.18E-04,-9.02E-04,-2.04E-04,3.22E-04,-4.29E-04,-8.01E-04,-7.25E-04,-3.76E-04,-4.57E-04,1.18E-04,-9.31E-04,-6.31E-04,-3.78E-04,1.95E-04
1972,-5.80E-04,-9.63E-04,-7.22E-04,-2.34E-04,-4.95E-04,5.74E-05,-9.43E-04,-9.11E-04,-2.13E-04,3.39E-04,-4.23E-04,-7.91E-04,-7.37E-04,-3.79E-04,-4.65E-04,9.09E-05,-9.32E-04,-6.33E-04,-3.88E-04,1.77E-04
1973,-5.86E-04,-9.77E-04,-7.40E-04,-2.29E-04,-5.10E-04,7.15E-05,-9.71E-04,-9.22E-04,-2.22E-04,3.55E-04,-4.16E-04,-7.78E-04,-7.51E-04,-3.81E-04,-4.75E-04,6.56E-05,-9.33E-04,-6.36E-04,-3.97E-04,1.61E-04
1974,-5.86E-04,-9.89E-04,-7.58E-04,-2.23E-04,-5.25E-04,8.53E-05,-1.00E-03,-9.33E-04,-2.30E-04,3.71E-04,-4.09E-04,-7.62E-04,-7.65E-04,-3.83E-04,-4.86E-04,4.34E-05,-9.35E-04,-6.38E-04,-4.06E-04,1.49E-04
1975,-5.79E-04,-9.97E-04,-7.76E-04,-2.15E-04,-5.38E-04,9.88E-05,-1.03E-03,-9.44E-04,-2.37E-04,3.87E-04,-4.02E-04,-7.45E-04,-7.79E-04,-3.85E-04,-4.97E-04,2.50E-05,-9.35E-04,-6.39E-04,-4.14E-04,1.40E-04
1976,-5.64E-04,-1.00E-03,-7.94E-04,-2.07E-04,-5.51E-04,1.12E-04,-1.06E-03,-9.54E-04,-2.42E-04,4.03E-04,-3.96E-04,-7.28E-04,-7.92E-04,-3.85E-04,-5.09E-04,1.13E-05,-9.36E-04,-6.40E-04,-4.21E-04,1.35E-04
1977,-5.42E-04,-9.97E-04,-8.09E-04,-1.98E-04,-5.63E-04,1.25E-04,-1.08E-03,-9.64E-04,-2.46E-04,4.21E-04,-3.89E-04,-7.11E-04,-8.03E-04,-3.85E-04,-5.21E-04,2.47E-06,-9.36E-04,-6.40E-04,-4.27E-04,1.35E-04
1978,-5.15E-04,-9.89E-04,-8.24E-04,-1.88E-04,-5.74E-04,1.38E-04,-1.11E-03,-9.72E-04,-2.49E-04,4.42E-04,-3.83E-04,-6.96E-04,-8.13E-04,-3.83E-04,-5.34E-04,-1.46E-06,-9.36E-04,-6.39E-04,-4.32E-04,1.40E-04
1979,-4.84E-04,-9.74E-04,-8.35E-04,-1.79E-04,-5.83E-04,1.51E-04,-1.12E-03,-9.79E-04,-2.50E-04,4.65E-04,-3.77E-04,-6.83E-04,-8.20E-04,-3.80E-04,-5.45E-04,-8.60E-07,-9.34E-04,-6.37E-04,-4.35E-04,1.49E-04
1980,-4.50E-04,-9.54E-04,-8.44E-04,-1.70E-04,-5.90E-04,1.65E-04,-1.13E-03,-9.84E-04,-2.49E-04,4.90E-04,-3.71E-04,-6.72E-04,-8.24E-04,-3.76E-04,-5.56E-04,3.61E-06,-9.31E-04,-6.33E-04,-4.38E-04,1.61E-04
1981,-4.16E-04,-9.30E-04,-8.51E-04,-1.61E-04,-5.95E-04,1.81E-04,-1.13E-03,-9.87E-04,-2.46E-04,5.19E-04,-3.65E-04,-6.64E-04,-8.26E-04,-3.70E-04,-5.66E-04,1.11E-05,-9.27E-04,-6.28E-04,-4.39E-04,1.77E-04
1982,-3.84E-04,-9.02E-04,-8.54E-04,-1.53E-04,-5.97E-04,1.98E-04,-1.13E-03,-9.87E-04,-2.43E-04,5.52E-04,-3.57E-04,-6.58E-04,-8.26E-04,-3.63E-04,-5.75E-04,2.05E-05,-9.20E-04,-6.22E-04,-4.40E-04,1.94E-04
1983,-3.54E-04,-8.71E-04,-8.54E-04,-1.45E-04,-5.98E-04,2.17E-04,-1.12E-03,-9.86E-04,-2.38E-04,5.87E-04,-3.49E-04,-6.55E-04,-8.23E-04,-3.54E-04,-5.81E-04,3.07E-05,-9.12E-04,-6.14E-04,-4.40E-04,2.12E-04
1984,-3.31E-04,-8.39E-04,-8.51E-04,-1.38E-04,-5.97E-04,2.39E-04,-1.10E-03,-9.82E-04,-2.32E-04,6.26E-04,-3.40E-04,-6.54E-04,-8.18E-04,-3.44E-04,-5.86E-04,4.06E-05,-9.01E-04,-6.06E-04,-4.39E-04,2.29E-04
1985,-3.13E-04,-8.08E-04,-8.45E-04,-1.32E-04,-5.93E-04,2.63E-04,-1.07E-03,-9.77E-04,-2.25E-04,6.68E-04,-3.29E-04,-6.54E-04,-8.11E-04,-3.32E-04,-5.88E-04,4.93E-05,-8.87E-04,-5.98E-04,-4.37E-04,2.46E-04
1986,-3.04E-04,-7.80E-04,-8.38E-04,-1.27E-04,-5.88E-04,2.91E-04,-1.04E-03,-9.69E-04,-2.18E-04,7.12E-04,-3.17E-04,-6.55E-04,-8.02E-04,-3.18E-04,-5.88E-04,5.58E-05,-8.72E-04,-5.88E-04,-4.35E-04,2.61E-04
1987,-3.02E-04,-7.54E-04,-8.28E-04,-1.22E-04,-5.81E-04,3.21E-04,-1.01E-03,-9.59E-04,-2.10E-04,7.59E-04,-3.04E-04,-6.56E-04,-7.92E-04,-3.03E-04,-5.85E-04,5.97E-05,-8.54E-04,-5.79E-04,-4.32E-04,2.74E-04
1988,-3.07E-04,-7.33E-04,-8.17E-04,-1.17E-04,-5.72E-04,3.54E-04,-9.70E-04,-9.47E-04,-2.01E-04,8.07E-04,-2.90E-04,-6.56E-04,-7.81E-04,-2.87E-04,-5.80E-04,6.06E-05,-8.34E-04,-5.69E-04,-4.28E-04,2.84E-04
1989,-3.20E-04,-7.17E-04,-8.04E-04,-1.12E-04,-5.63E-04,3.90E-04,-9.31E-04,-9.34E-04,-1.92E-04,8.56E-04,-2.75E-04,-6.54E-04,-7.69E-04,-2.69E-04,-5.72E-04,5.85E-05,-8.13E-04,-5.59E-04,-4.24E-04,2.93E-04
1990,-3.39E-04,-7.07E-04,-7.91E-04,-1.08E-04,-5.52E-04,4.28E-04,-8.92E-04,-9.18E-04,-1.83E-04,9.06E-04,-2.59E-04,-6.51E-04,-7.57E-04,-2.50E-04,-5.61E-04,5.37E-05,-7.90E-04,-5.48E-04,-4.19E-04,2.99E-04
1991,-3.61E-04,-7.02E-04,-7.78E-04,-1.03E-04,-5.40E-04,4.68E-04,-8.52E-04,-9.01E-04,-1.73E-04,9.57E-04,-2.44E-04,-6.46E-04,-7.43E-04,-2.31E-04,-5.49E-04,4.67E-05,-7.67E-04,-5.38E-04,-4.14E-04,3.05E-04
1992,-3.86E-04,-7.01E-04,-7.65E-04,-9.84E-05,-5.27E-04,5.08E-04,-8.13E-04,-8.82E-04,-1.63E-04,1.01E-03,-2.29E-04,-6.39E-04,-7.29E-04,-2.11E-04,-5.34E-04,3.82E-05,-7.44E-04,-5.27E-04,-4.07E-04,3.10E-04
1993,-4.12E-04,-7.06E-04,-7.52E-04,-9.29E-05,-5.15E-04,5.50E-04,-7.75E-04,-8.62E-04,-1.52E-04,1.06E-03,-2.16E-04,-6.30E-04,-7.14E-04,-1.91E-04,-5.19E-04,2.91E-05,-7.22E-04,-5.15E-04,-4.01E-04,3.15E-04
1994,-4.35E-04,-7.13E-04,-7.39E-04,-8.69E-05,-5.02E-04,5.91E-04,-7.39E-04,-8.41E-04,-1.41E-04,1.11E-03,-2.04E-04,-6.19E-04,-6.99E-04,-1.70E-04,-5.02E-04,2.03E-05,-7.00E-04,-5.03E-04,-3.93E-04,3.21E-04
1995,-4.56E-04,-7.22E-04,-7.28E-04,-8.01E-05,-4.89E-04,6.32E-04,-7.04E-04,-8.18E-04,-1.30E-04,1.16E-03,-1.93E-04,-6.06E-04,-6.82E-04,-1.50E-04,-4.84E-04,1.26E-05,-6.80E-04,-4.90E-04,-3.85E-04,3.30E-04
1996,-4.71E-04,-7.31E-04,-7.17E-04,-7.25E-05,-4.76E-04,6.72E-04,-6.72E-04,-7.93E-04,-1.19E-04,1.21E-03,-1.86E-04,-5.93E-04,-6.64E-04,-1.30E-04,-4.65E-04,6.96E-06,-6.62E-04,-4.76E-04,-3.75E-04,3.40E-04
1997,-4.80E-04,-7.40E-04,-7.06E-04,-6.41E-05,-4.63E-04,7.11E-04,-6.40E-04,-7.68E-04,-1.07E-04,1.26E-03,-1.80E-04,-5.78E-04,-6.45E-04,-1.11E-04,-4.47E-04,3.97E-06,-6.45E-04,-4.60E-04,-3.66E-04,3.54E-04
1998,-4.83E-04,-7.45E-04,-6.97E-04,-5.50E-05,-4.51E-04,7.49E-04,-6.10E-04,-7.42E-04,-9.49E-05,1.31E-03,-1.77E-04,-5.63E-04,-6.24E-04,-9.20E-05,-4.28E-04,4.10E-06,-6.30E-04,-4.43E-04,-3.56E-04,3.71E-04
1999,-4.79E-04,-7.47E-04,-6.87E-04,-4.50E-05,-4.40E-04,7.85E-04,-5.81E-04,-7.15E-04,-8.28E-05,1.35E-03,-1.77E-04,-5.48E-04,-6.03E-04,-7.43E-05,-4.10E-04,7.63E-06,-6.18E-04,-4.24E-04,-3.45E-04,3.90E-04
2000,-4.68E-04,-7.44E-04,-6.78E-04,-3.44E-05,-4.29E-04,8.20E-04,-5.52E-04,-6.87E-04,-7.07E-05,1.40E-03,-1.78E-04,-5.34E-04,-5.81E-04,-5.74E-05,-3.93E-04,1.46E-05,-6.06E-04,-4.04E-04,-3.34E-04,4.13E-04
2001,-4.53E-04,-7.36E-04,-6.69E-04,-2.32E-05,-4.18E-04,8.55E-04,-5.24E-04,-6.60E-04,-5.88E-05,1.45E-03,-1.82E-04,-5.21E-04,-5.57E-04,-4.15E-05,-3.76E-04,2.47E-05,-5.96E-04,-3.82E-04,-3.23E-04,4.38E-04
2002,-4.33E-04,-7.21E-04,-6.60E-04,-1.15E-05,-4.08E-04,8.88E-04,-4.95E-04,-6.32E-04,-4.71E-05,1.50E-03,-1.86E-04,-5.08E-04,-5.33E-04,-2.65E-05,-3.61E-04,3.77E-05,-5.87E-04,-3.60E-04,-3.13E-04,4.65E-04
2003,-4.11E-04,-7.02E-04,-6.51E-04,5.10E-07,-3.99E-04,9.21E-04,-4.67E-04,-6.04E-04,-3.58E-05,1.55E-03,-1.91E-04,-4.96E-04,-5.10E-04,-1.23E-05,-3.46E-04,5.30E-05,-5.79E-04,-3.36E-04,-3.02E-04,4.93E-04
2004,-3.89E-04,-6.77E-04,-6.41E-04,1.27E-05,-3.90E-04,9.53E-04,-4.38E-04,-5.77E-04,-2.49E-05,1.59E-03,-1.96E-04,-4.84E-04,-4.86E-04,1.19E-06,-3.32E-04,6.98E-05,-5.70E-04,-3.12E-04,-2.92E-04,5.21E-04
2005,-3.67E-04,-6.48E-04,-6.31E-04,2.50E-05,-3.81E-04,9.86E-04,-4.10E-04,-5.51E-04,-1.45E-05,1.64E-03,-2.00E-04,-4.73E-04,-4.63E-04,1.41E-05,-3.19E-04,8.76E-05,-5.61E-04,-2.89E-04,-2.83E-04,5.49E-04
2006,-3.49E-04,-6.16E-04,-6.19E-04,3.72E-05,-3.73E-04,1.02E-03,-3.82E-04,-5.25E-04,-4.62E-06,1.69E-03,-2.03E-04,-4.61E-04,-4.40E-04,2.67E-05,-3.06E-04,1.06E-04,-5.50E-04,-2.65E-04,-2.74E-04,5.76E-04
2007,-3.34E-04,-5.82E-04,-6.07E-04,4.93E-05,-3.65E-04,1.05E-03,-3.55E-04,-5.01E-04,4.75E-06,1.74E-03,-2.05E-04,-4.49E-04,-4.19E-04,3.90E-05,-2.94E-04,1.23E-04,-5.38E-04,-2.43E-04,-2.67E-04,6.01E-04
2008,-3.24E-04,-5.48E-04,-5.94E-04,6.10E-05,-3.56E-04,1.09E-03,-3.28E-04,-4.77E-04,1.37E-05,1.78E-03,-2.04E-04,-4.36E-04,-3.99E-04,5.12E-05,-2.82E-04,1.39E-04,-5.24E-04,-2.22E-04,-2.60E-04,6.24E-04
2009,-3.20E-04,-5.14E-04,-5.80E-04,7.25E-05,-3.48E-04,1.12E-03,-3.03E-04,-4.54E-04,2.23E-05,1.83E-03,-2.00E-04,-4.22E-04,-3.81E-04,6.36E-05,-2.70E-04,1.54E-04,-5.08E-04,-2.03E-04,-2.53E-04,6.45E-04
2010,-3.20E-04,-4.82E-04,-5.64E-04,8.35E-05,-3.40E-04,1.16E-03,-2.80E-04,-4.33E-04,3.07E-05,1.87E-03,-1.94E-04,-4.07E-04,-3.65E-04,7.62E-05,-2.58E-04,1.68E-04,-4.90E-04,-1.85E-04,-2.48E-04,6.64E-04
2011,-3.24E-04,-4.53E-04,-5.48E-04,9.41E-05,-3.31E-04,1.20E-03,-2.59E-04,-4.11E-04,3.89E-05,1.92E-03,-1.86E-04,-3.90E-04,-3.50E-04,8.91E-05,-2.45E-04,1.79E-04,-4.70E-04,-1.69E-04,-2.43E-04,6.80E-04
2012,-3.31E-04,-4.27E-04,-5.31E-04,1.04E-04,-3.22E-04,1.23E-03,-2.40E-04,-3.91E-04,4.72E-05,1.96E-03,-1.75E-04,-3.71E-04,-3.36E-04,1.03E-04,-2.32E-04,1.89E-04,-4.48E-04,-1.55E-04,-2.38E-04,6.95E-04
2013,-3.40E-04,-4.04E-04,-5.13E-04,1.14E-04,-3.13E-04,1.27E-03,-2.23E-04,-3.71E-04,5.57E-05,2.00E-03,-1.62E-04,-3.51E-04,-3.23E-04,1.17E-04,-2.19E-04,1.98E-04,-4.25E-04,-1.43E-04,-2.34E-04,7.08E-04
2014,-3.49E-04,-3.86E-04,-4.94E-04,1.24E-04,-3.02E-04,1.30E-03,-2.08E-04,-3.50E-04,6.44E-05,2.04E-03,-1.47E-04,-3.29E-04,-3.12E-04,1.31E-04,-2.05E-04,2.05E-04,-4.01E-04,-1.33E-04,-2.30E-04,7.21E-04
2015,-3.56E-04,-3.71E-04,-4.75E-04,1.33E-04,-2.91E-04,1.34E-03,-1.95E-04,-3.30E-04,7.35E-05,2.08E-03,-1.31E-04,-3.07E-04,-3.00E-04,1.46E-04,-1.90E-04,2.13E-04,-3.76E-04,-1.24E-04,-2.25E-04,7.33E-04
2016,-3.59E-04,-3.58E-04,-4.55E-04,1.43E-04,-2.80E-04,1.37E-03,-1.82E-04,-3.10E-04,8.29E-05,2.12E-03,-1.14E-04,-2.85E-04,-2.89E-04,1.62E-04,-1.75E-04,2.20E-04,-3.51E-04,-1.15E-04,-2.20E-04,7.46E-04
2017,-3.57E-04,-3.48E-04,-4.35E-04,1.53E-04,-2.67E-04,1.40E-03,-1.71E-04,-2.88E-04,9.26E-05,2.15E-03,-9.70E-05,-2.62E-04,-2.77E-04,1.78E-04,-1.59E-04,2.28E-04,-3.26E-04,-1.07E-04,-2.15E-04,7.59E-04
2018,-3.49E-04,-3.38E-04,-4.14E-04,1.63E-04,-2.54E-04,1.43E-03,-1.60E-04,-2.67E-04,1.03E-04,2.18E-03,-7.98E-05,-2.40E-04,-2.64E-04,1.95E-04,-1.43E-04,2.37E-04,-3.01E-04,-9.90E-05,-2.09E-04,7.74E-04
2019,-3.34E-04,-3.28E-04,-3.94E-04,1.73E-04,-2.40E-04,1.46E-03,-1.48E-04,-2.44E-04,1.13E-04,2.21E-03,-6.30E-05,-2.19E-04,-2.50E-04,2.12E-04,-1.27E-04,2.47E-04,-2.78E-04,-8.99E-05,-2.02E-04,7.90E-04
2020,-3.13E-04,-3.16E-04,-3.74E-04,1.84E-04,-2.25E-04,1.48E-03,-1.35E-04,-2.21E-04,1.23E-04,2.24E-03,-4.69E-05,-2.00E-04,-2.35E-04,2.30E-04,-1.10E-04,2.60E-04,-2.55E-04,-7.96E-05,-1.95E-04,8.08E-04
2021,-2.85E-04,-3.02E-04,-3.54E-04,1.95E-04,-2.09E-04,1.50E-03,-1.20E-04,-1.97E-04,1.33E-04,2.27E-03,-3.17E-05,-1.82E-04,-2.19E-04,2.48E-04,-9.31E-05,2.74E-04,-2.34E-04,-6.77E-05,-1.87E-04,8.28E-04
2022,-2.51E-04,-2.85E-04,-3.34E-04,2.07E-04,-1.93E-04,1.52E-03,-1.03E-04,-1.73E-04,1.43E-04,2.29E-03,-1.75E-05,-1.66E-04,-2.01E-04,2.66E-04,-7.64E-05,2.89E-04,-2.14E-04,-5.40E-05,-1.78E-04,8.48E-04
2023,-2.12E-04,-2.64E-04,-3.15E-04,2.21E-04,-1.77E-04,1.54E-03,-8.39E-05,-1.48E-04,1.52E-04,2.32E-03,-4.24E-06,-1.52E-04,-1.82E-04,2.85E-04,-5.98E-05,3.07E-04,-1.94E-04,-3.83E-05,-1.69E-04,8.70E-04
2024,-1.71E-04,-2.39E-04,-2.97E-04,2.34E-04,-1.61E-04,1.55E-03,-6.23E-05,-1.23E-04,1.60E-04,2.34E-03,8.10E-06,-1.39E-04,-1.62E-04,3.03E-04,-4.36E-05,3.26E-04,-1.76E-04,-2.05E-05,-1.60E-04,8.92E-04
2025,-1.30E-04,-2.09E-04,-2.79E-04,2.49E-04,-1.44E-04,1.57E-03,-3.83E-05,-9.78E-05,1.67E-04,2.36E-03,1.97E-05,-1.28E-04,-1.42E-04,3.22E-04,-2.76E-05,3.45E-04,-1.58E-04,-7.97E-07,-1.50E-04,9.14E-04
2026,-8.91E-05,-1.76E-04,-2.63E-04,2.65E-04,-1.28E-04,1.58E-03,-1.22E-05,-7.33E-05,1.73E-04,2.38E-03,3.07E-05,-1.19E-04,-1.22E-04,3.40E-04,-1.21E-05,3.65E-04,-1.40E-04,2.07E-05,-1.40E-04,9.35E-04
2027,-5.14E-05,-1.40E-04,-2.47E-04,2.81E-04,-1.12E-04,1.59E-03,1.55E-05,-4.93E-05,1.77E-04,2.39E-03,4.13E-05,-1.10E-04,-1.03E-04,3.59E-04,3.02E-06,3.85E-04,-1.23E-04,4.36E-05,-1.30E-04,9.54E-04
2028,-1.81E-05,-1.02E-04,-2.31E-04,2.97E-04,-9.68E-05,1.59E-03,4.42E-05,-2.62E-05,1.81E-04,2.41E-03,5.16E-05,-1.01E-04,-8.45E-05,3.77E-04,1.77E-05,4.04E-04,-1.05E-04,6.74E-05,-1.21E-04,9.71E-04
2029,9.70E-06,-6.26E-05,-2.17E-04,3.14E-04,-8.22E-05,1.60E-03,7.30E-05,-4.01E-06,1.82E-04,2.42E-03,6.18E-05,-9.24E-05,-6.79E-05,3.95E-04,3.19E-05,4.21E-04,-8.68E-05,9.18E-05,-1.12E-04,9.85E-04
2030,3.12E-05,-2.42E-05,-2.04E-04,3.31E-04,-6.86E-05,1.60E-03,1.01E-04,1.70E-05,1.83E-04,2.43E-03,7.19E-05,-8.30E-05,-5.32E-05,4.12E-04,4.57E-05,4.37E-04,-6.80E-05,1.16E-04,-1.04E-04,9.96E-04
2031,4.64E-05,1.24E-05,-1.91E-04,3.47E-04,-5.59E-05,1.61E-03,1.28E-04,3.69E-05,1.82E-04,2.43E-03,8.19E-05,-7.28E-05,-4.10E-05,4.29E-04,5.90E-05,4.50E-04,-4.86E-05,1.40E-04,-9.71E-05,1.00E-03
2032,5.54E-05,4.59E-05,-1.79E-04,3.63E-04,-4.43E-05,1.61E-03,1.53E-04,5.55E-05,1.80E-04,2.44E-03,9.17E-05,-6.14E-05,-3.15E-05,4.46E-04,7.20E-05,4.61E-04,-2.87E-05,1.63E-04,-9.07E-05,1.01E-03
2033,5.90E-05,7.53E-05,-1.67E-04,3.78E-04,-3.39E-05,1.61E-03,1.75E-04,7.30E-05,1.77E-04,2.44E-03,1.01E-04,-4.87E-05,-2.46E-05,4.61E-04,8.45E-05,4.70E-04,-8.43E-06,1.85E-04,-8.53E-05,1.01E-03
2034,5.83E-05,9.98E-05,-1.57E-04,3.92E-04,-2.45E-05,1.61E-03,1.94E-04,8.94E-05,1.73E-04,2.43E-03,1.10E-04,-3.49E-05,-2.03E-05,4.76E-04,9.66E-05,4.75E-04,1.20E-05,2.04E-04,-8.07E-05,1.00E-03
2035,5.47E-05,1.19E-04,-1.46E-04,4.05E-04,-1.63E-05,1.61E-03,2.09E-04,1.05E-04,1.69E-04,2.43E-03,1.18E-04,-2.01E-05,-1.85E-05,4.89E-04,1.08E-04,4.78E-04,3.24E-05,2.22E-04,-7.71E-05,9.96E-04
2036,4.95E-05,1.32E-04,-1.36E-04,4.16E-04,-9.21E-06,1.60E-03,2.20E-04,1.20E-04,1.65E-04,2.42E-03,1.24E-04,-4.48E-06,-1.87E-05,5.01E-04,1.19E-04,4.78E-04,5.22E-05,2.38E-04,-7.43E-05,9.85E-04
2037,4.41E-05,1.40E-04,-1.26E-04,4.25E-04,-3.07E-06,1.59E-03,2.27E-04,1.34E-04,1.60E-04,2.40E-03,1.29E-04,1.15E-05,-2.06E-05,5.12E-04,1.30E-04,4.76E-04,7.12E-05,2.52E-04,-7.22E-05,9.71E-04
2038,3.98E-05,1.43E-04,-1.17E-04,4.32E-04,2.18E-06,1.59E-03,2.31E-04,1.47E-04,1.56E-04,2.39E-03,1.33E-04,2.74E-05,-2.37E-05,5.21E-04,1.39E-04,4.72E-04,8.91E-05,2.64E-04,-7.07E-05,9.55E-04
2039,3.74E-05,1.41E-04,-1.07E-04,4.37E-04,6.63E-06,1.58E-03,2.31E-04,1.61E-04,1.52E-04,2.37E-03,1.34E-04,4.28E-05,-2.73E-05,5.29E-04,1.48E-04,4.66E-04,1.05E-04,2.74E-04,-6.98E-05,9.37E-04
2040,3.74E-05,1.37E-04,-9.81E-05,4.39E-04,1.04E-05,1.56E-03,2.29E-04,1.74E-04,1.48E-04,2.35E-03,1.34E-04,5.74E-05,-3.09E-05,5.35E-04,1.56E-04,4.58E-04,1.20E-04,2.82E-04,-6.93E-05,9.17E-04
2041,3.99E-05,1.30E-04,-8.87E-05,4.40E-04,1.35E-05,1.55E-03,2.26E-04,1.87E-04,1.45E-04,2.32E-03,1.31E-04,7.06E-05,-3.39E-05,5.39E-04,1.62E-04,4.50E-04,1.33E-04,2.89E-04,-6.91E-05,8.96E-04
2042,4.44E-05,1.23E-04,-7.93E-05,4.38E-04,1.62E-05,1.53E-03,2.21E-04,2.00E-04,1.43E-04,2.29E-03,1.26E-04,8.22E-05,-3.61E-05,5.41E-04,1.68E-04,4.41E-04,1.44E-04,2.95E-04,-6.91E-05,8.75E-04
2043,5.02E-05,1.16E-04,-6.99E-05,4.35E-04,1.84E-05,1.51E-03,2.17E-04,2.12E-04,1.41E-04,2.26E-03,1.20E-04,9.22E-05,-3.68E-05,5.42E-04,1.72E-04,4.31E-04,1.53E-04,3.01E-04,-6.93E-05,8.53E-04
2044,5.60E-05,1.12E-04,-6.04E-05,4.30E-04,2.02E-05,1.49E-03,2.13E-04,2.25E-04,1.40E-04,2.23E-03,1.12E-04,1.00E-04,-3.61E-05,5.41E-04,1.74E-04,4.21E-04,1.60E-04,3.05E-04,-6.96E-05,8.30E-04
2045,6.05E-05,1.10E-04,-5.08E-05,4.23E-04,2.17E-05,1.47E-03,2.11E-04,2.38E-04,1.39E-04,2.20E-03,1.04E-04,1.07E-04,-3.36E-05,5.38E-04,1.75E-04,4.10E-04,1.66E-04,3.10E-04,-6.99E-05,8.08E-04
2046,6.23E-05,1.13E-04,-4.11E-05,4.15E-04,2.29E-05,1.45E-03,2.11E-04,2.50E-04,1.38E-04,2.17E-03,9.43E-05,1.12E-04,-2.96E-05,5.35E-04,1.75E-04,3.99E-04,1.70E-04,3.15E-04,-7.04E-05,7.85E-04
2047,6.00E-05,1.21E-04,-3.14E-05,4.07E-04,2.37E-05,1.43E-03,2.14E-04,2.61E-04,1.38E-04,2.13E-03,8.51E-05,1.16E-04,-2.40E-05,5.30E-04,1.73E-04,3.88E-04,1.74E-04,3.19E-04,-7.10E-05,7.63E-04
2048,5.25E-05,1.34E-04,-2.16E-05,3.97E-04,2.43E-05,1.40E-03,2.21E-04,2.72E-04,1.37E-04,2.10E-03,7.63E-05,1.20E-04,-1.73E-05,5.25E-04,1.69E-04,3.77E-04,1.78E-04,3.24E-04,-7.17E-05,7.40E-04
2049,3.93E-05,1.52E-04,-1.17E-05,3.88E-04,2.46E-05,1.38E-03,2.30E-04,2.82E-04,1.37E-04,2.06E-03,6.84E-05,1.23E-04,-9.78E-06,5.19E-04,1.65E-04,3.65E-04,1.81E-04,3.29E-04,-7.25E-05,7.18E-04
2050,2.01E-05,1.75E-04,-1.78E-06,3.78E-04,2.46E-05,1.35E-03,2.42E-04,2.92E-04,1.36E-04,2.03E-03,6.20E-05,1.27E-04,-1.77E-06,5.12E-04,1.59E-04,3.53E-04,1.86E-04,3.33E-04,-7.36E-05,6.95E-04
2051,-4.50E-06,2.01E-04,8.29E-06,3.69E-04,2.44E-05,1.33E-03,2.57E-04,3.00E-04,1.35E-04,1.99E-03,5.72E-05,1.31E-04,6.30E-06,5.06E-04,1.53E-04,3.40E-04,1.91E-04,3.38E-04,-7.48E-05,6.73E-04
2052,-3.36E-05,2.32E-04,1.85E-05,3.60E-04,2.38E-05,1.30E-03,2.74E-04,3.08E-04,1.34E-04,1.96E-03,5.44E-05,1.37E-04,1.41E-05,5.00E-04,1.46E-04,3.28E-04,1.98E-04,3.42E-04,-7.63E-05,6.51E-04
2053,-6.55E-05,2.64E-04,2.89E-05,3.51E-04,2.31E-05,1.28E-03,2.92E-04,3.15E-04,1.32E-04,1.93E-03,5.36E-05,1.44E-04,2.12E-05,4.95E-04,1.39E-04,3.15E-04,2.07E-04,3.46E-04,-7.79E-05,6.29E-04
2054,-9.83E-05,2.98E-04,3.95E-05,3.44E-04,2.22E-05,1.25E-03,3.12E-04,3.21E-04,1.31E-04,1.89E-03,5.50E-05,1.53E-04,2.75E-05,4.90E-04,1.32E-04,3.01E-04,2.17E-04,3.50E-04,-7.97E-05,6.07E-04
2055,-1.30E-04,3.31E-04,5.04E-05,3.37E-04,2.12E-05,1.22E-03,3.31E-04,3.27E-04,1.30E-04,1.86E-03,5.84E-05,1.64E-04,3.29E-05,4.87E-04,1.26E-04,2.88E-04,2.30E-04,3.54E-04,-8.16E-05,5.85E-04
2056,-1.57E-04,3.64E-04,6.17E-05,3.31E-04,2.01E-05,1.20E-03,3.50E-04,3.32E-04,1.28E-04,1.82E-03,6.37E-05,1.77E-04,3.74E-05,4.84E-04,1.20E-04,2.75E-04,2.44E-04,3.56E-04,-8.34E-05,5.64E-04
2057,-1.78E-04,3.94E-04,7.33E-05,3.27E-04,1.92E-05,1.17E-03,3.69E-04,3.37E-04,1.27E-04,1.79E-03,7.06E-05,1.91E-04,4.13E-05,4.83E-04,1.16E-04,2.62E-04,2.61E-04,3.59E-04,-8.51E-05,5.44E-04
2058,-1.91E-04,4.21E-04,8.54E-05,3.24E-04,1.84E-05,1.14E-03,3.85E-04,3.42E-04,1.26E-04,1.76E-03,7.90E-05,2.07E-04,4.49E-05,4.83E-04,1.13E-04,2.49E-04,2.80E-04,3.61E-04,-8.64E-05,5.24E-04
2059,-1.93E-04,4.44E-04,9.80E-05,3.22E-04,1.78E-05,1.12E-03,4.00E-04,3.47E-04,1.26E-04,1.73E-03,8.84E-05,2.24E-04,4.85E-05,4.84E-04,1.12E-04,2.38E-04,3.01E-04,3.64E-04,-8.73E-05,5.06E-04
2060,-1.85E-04,4.63E-04,1.11E-04,3.21E-04,1.77E-05,1.09E-03,4.14E-04,3.53E-04,1.27E-04,1.70E-03,9.87E-05,2.41E-04,5.27E-05,4.87E-04,1.12E-04,2.28E-04,3.23E-04,3.66E-04,-8.75E-05,4.88E-04
2061,-1.64E-04,4.79E-04,1.25E-04,3.21E-04,1.79E-05,1.07E-03,4.25E-04,3.60E-04,1.28E-04,1.67E-03,1.09E-04,2.59E-04,5.81E-05,4.91E-04,1.14E-04,2.19E-04,3.46E-04,3.70E-04,-8.68E-05,4.73E-04
2062,-1.32E-04,4.90E-04,1.39E-04,3.22E-04,1.86E-05,1.04E-03,4.36E-04,3.68E-04,1.30E-04,1.64E-03,1.21E-04,2.76E-04,6.52E-05,4.97E-04,1.18E-04,2.11E-04,3.71E-04,3.74E-04,-8.52E-05,4.58E-04
2063,-8.99E-05,4.98E-04,1.53E-04,3.25E-04,1.99E-05,1.02E-03,4.46E-04,3.77E-04,1.33E-04,1.61E-03,1.32E-04,2.93E-04,7.45E-05,5.03E-04,1.24E-04,2.06E-04,3.97E-04,3.79E-04,-8.24E-05,4.46E-04
2064,-3.90E-05,5.04E-04,1.69E-04,3.28E-04,2.17E-05,9.96E-04,4.56E-04,3.87E-04,1.38E-04,1.58E-03,1.43E-04,3.08E-04,8.65E-05,5.11E-04,1.31E-04,2.02E-04,4.24E-04,3.85E-04,-7.84E-05,4.35E-04
2065,1.81E-05,5.08E-04,1.84E-04,3.32E-04,2.40E-05,9.74E-04,4.67E-04,3.99E-04,1.43E-04,1.56E-03,1.55E-04,3.23E-04,1.01E-04,5.21E-04,1.40E-04,2.00E-04,4.51E-04,3.94E-04,-7.30E-05,4.25E-04
2066,7.87E-05,5.11E-04,2.01E-04,3.37E-04,2.68E-05,9.54E-04,4.79E-04,4.12E-04,1.49E-04,1.53E-03,1.66E-04,3.37E-04,1.19E-04,5.31E-04,1.49E-04,2.00E-04,4.79E-04,4.04E-04,-6.63E-05,4.18E-04
2067,1.40E-04,5.15E-04,2.17E-04,3.42E-04,3.00E-05,9.34E-04,4.94E-04,4.27E-04,1.55E-04,1.51E-03,1.78E-04,3.49E-04,1.40E-04,5.42E-04,1.59E-04,2.02E-04,5.07E-04,4.16E-04,-5.81E-05,4.11E-04
2068,1.98E-04,5.20E-04,2.34E-04,3.48E-04,3.36E-05,9.16E-04,5.11E-04,4.43E-04,1.63E-04,1.48E-03,1.89E-04,3.60E-04,1.64E-04,5.53E-04,1.70E-04,2.05E-04,5.36E-04,4.30E-04,-4.87E-05,4.06E-04
2069,2.50E-04,5.28E-04,2.52E-04,3.55E-04,3.74E-05,8.99E-04,5.33E-04,4.60E-04,1.70E-04,1.46E-03,2.02E-04,3.70E-04,1.90E-04,5.65E-04,1.81E-04,2.10E-04,5.65E-04,4.47E-04,-3.80E-05,4.02E-04
2070,2.95E-04,5.38E-04,2.69E-04,3.61E-04,4.13E-05,8.82E-04,5.59E-04,4.79E-04,1.78E-04,1.44E-03,2.14E-04,3.80E-04,2.18E-04,5.77E-04,1.92E-04,2.16E-04,5.94E-04,4.65E-04,-2.61E-05,3.99E-04
2071,3.30E-04,5.53E-04,2.88E-04,3.67E-04,4.53E-05,8.66E-04,5.89E-04,4.99E-04,1.86E-04,1.41E-03,2.27E-04,3.90E-04,2.47E-04,5.90E-04,2.03E-04,2.23E-04,6.24E-04,4.85E-04,-1.34E-05,3.96E-04
2072,3.53E-04,5.72E-04,3.06E-04,3.73E-04,4.93E-05,8.50E-04,6.24E-04,5.19E-04,1.94E-04,1.39E-03,2.40E-04,4.00E-04,2.76E-04,6.02E-04,2.13E-04,2.31E-04,6.54E-04,5.06E-04,1.22E-07,3.94E-04
2073,3.66E-04,5.95E-04,3.25E-04,3.79E-04,5.31E-05,8.35E-04,6.63E-04,5.41E-04,2.02E-04,1.37E-03,2.54E-04,4.10E-04,3.04E-04,6.14E-04,2.23E-04,2.38E-04,6.84E-04,5.28E-04,1.42E-05,3.91E-04
2074,3.68E-04,6.23E-04,3.45E-04,3.83E-04,5.67E-05,8.19E-04,7.06E-04,5.63E-04,2.09E-04,1.35E-03,2.67E-04,4.22E-04,3.31E-04,6.26E-04,2.32E-04,2.46E-04,7.14E-04,5.51E-04,2.85E-05,3.88E-04
2075,3.62E-04,6.55E-04,3.65E-04,3.87E-04,5.99E-05,8.02E-04,7.52E-04,5.85E-04,2.16E-04,1.32E-03,2.81E-04,4.34E-04,3.56E-04,6.37E-04,2.40E-04,2.53E-04,7.44E-04,5.75E-04,4.30E-05,3.85E-04
2076,3.48E-04,6.91E-04,3.85E-04,3.90E-04,6.29E-05,7.85E-04,7.99E-04,6.08E-04,2.22E-04,1.30E-03,2.94E-04,4.48E-04,3.79E-04,6.47E-04,2.47E-04,2.60E-04,7.75E-04,5.98E-04,5.73E-05,3.82E-04
2077,3.30E-04,7.30E-04,4.06E-04,3.92E-04,6.55E-05,7.68E-04,8.48E-04,6.30E-04,2.27E-04,1.27E-03,3.07E-04,4.64E-04,3.98E-04,6.56E-04,2.54E-04,2.66E-04,8.05E-04,6.21E-04,7.13E-05,3.77E-04
2078,3.11E-04,7.71E-04,4.28E-04,3.92E-04,6.77E-05,7.49E-04,8.96E-04,6.52E-04,2.32E-04,1.25E-03,3.18E-04,4.80E-04,4.13E-04,6.64E-04,2.61E-04,2.71E-04,8.35E-04,6.43E-04,8.48E-05,3.72E-04
2079,2.93E-04,8.13E-04,4.50E-04,3.90E-04,6.94E-05,7.29E-04,9.43E-04,6.74E-04,2.36E-04,1.22E-03,3.28E-04,4.99E-04,4.25E-04,6.70E-04,2.67E-04,2.75E-04,8.64E-04,6.65E-04,9.77E-05,3.66E-04
2080,2.80E-04,8.55E-04,4.72E-04,3.87E-04,7.08E-05,7.08E-04,9.86E-04,6.94E-04,2.40E-04,1.19E-03,3.37E-04,5.18E-04,4.33E-04,6.76E-04,2.73E-04,2.78E-04,8.93E-04,6.85E-04,1.10E-04,3.59E-04
2081,2.74E-04,8.97E-04,4.94E-04,3.81E-04,7.18E-05,6.85E-04,1.03E-03,7.13E-04,2.43E-04,1.16E-03,3.43E-04,5.38E-04,4.39E-04,6.80E-04,2.79E-04,2.79E-04,9.20E-04,7.05E-04,1.21E-04,3.52E-04
2082,2.77E-04,9.37E-04,5.17E-04,3.74E-04,7.23E-05,6.62E-04,1.06E-03,7.31E-04,2.46E-04,1.13E-03,3.47E-04,5.58E-04,4.42E-04,6.82E-04,2.85E-04,2.80E-04,9.47E-04,7.22E-04,1.32E-04,3.44E-04
2083,2.89E-04,9.74E-04,5.39E-04,3.65E-04,7.23E-05,6.37E-04,1.09E-03,7.46E-04,2.48E-04,1.10E-03,3.50E-04,5.79E-04,4.43E-04,6.83E-04,2.90E-04,2.80E-04,9.72E-04,7.39E-04,1.41E-04,3.36E-04
2084,3.12E-04,1.01E-03,5.61E-04,3.55E-04,7.18E-05,6.12E-04,1.11E-03,7.60E-04,2.50E-04,1.07E-03,3.50E-04,5.98E-04,4.43E-04,6.82E-04,2.96E-04,2.78E-04,9.95E-04,7.54E-04,1.50E-04,3.27E-04
2085,3.43E-04,1.04E-03,5.83E-04,3.42E-04,7.08E-05,5.86E-04,1.13E-03,7.71E-04,2.51E-04,1.04E-03,3.47E-04,6.17E-04,4.43E-04,6.80E-04,3.01E-04,2.75E-04,1.02E-03,7.67E-04,1.58E-04,3.17E-04
2086,3.82E-04,1.07E-03,6.03E-04,3.28E-04,6.91E-05,5.59E-04,1.14E-03,7.80E-04,2.53E-04,1.01E-03,3.44E-04,6.35E-04,4.44E-04,6.76E-04,3.05E-04,2.72E-04,1.04E-03,7.79E-04,1.65E-04,3.08E-04
2087,4.27E-04,1.09E-03,6.23E-04,3.12E-04,6.67E-05,5.33E-04,1.15E-03,7.85E-04,2.54E-04,9.75E-04,3.38E-04,6.51E-04,4.46E-04,6.71E-04,3.09E-04,2.67E-04,1.05E-03,7.89E-04,1.71E-04,2.98E-04
2088,4.75E-04,1.10E-03,6.41E-04,2.95E-04,6.36E-05,5.06E-04,1.15E-03,7.88E-04,2.54E-04,9.42E-04,3.32E-04,6.65E-04,4.51E-04,6.64E-04,3.12E-04,2.62E-04,1.07E-03,7.98E-04,1.76E-04,2.89E-04
2089,5.22E-04,1.12E-03,6.58E-04,2.77E-04,5.97E-05,4.79E-04,1.14E-03,7.88E-04,2.55E-04,9.09E-04,3.25E-04,6.77E-04,4.58E-04,6.56E-04,3.14E-04,2.56E-04,1.08E-03,8.06E-04,1.81E-04,2.79E-04
2090,5.66E-04,1.12E-03,6.74E-04,2.58E-04,5.49E-05,4.52E-04,1.13E-03,7.84E-04,2.55E-04,8.75E-04,3.18E-04,6.86E-04,4.68E-04,6.47E-04,3.13E-04,2.48E-04,1.10E-03,8.11E-04,1.85E-04,2.69E-04
2091,6.03E-04,1.13E-03,6.87E-04,2.39E-04,4.92E-05,4.25E-04,1.12E-03,7.78E-04,2.54E-04,8.42E-04,3.11E-04,6.93E-04,4.81E-04,6.36E-04,3.11E-04,2.41E-04,1.10E-03,8.15E-04,1.88E-04,2.60E-04
2092,6.31E-04,1.13E-03,6.98E-04,2.19E-04,4.26E-05,3.98E-04,1.11E-03,7.68E-04,2.52E-04,8.10E-04,3.05E-04,6.98E-04,4.96E-04,6.25E-04,3.06E-04,2.32E-04,1.11E-03,8.17E-04,1.91E-04,2.50E-04
2093,6.48E-04,1.12E-03,7.08E-04,2.00E-04,3.51E-05,3.72E-04,1.09E-03,7.56E-04,2.50E-04,7.77E-04,3.00E-04,7.01E-04,5.13E-04,6.12E-04,2.99E-04,2.23E-04,1.12E-03,8.17E-04,1.93E-04,2.40E-04
2094,6.52E-04,1.12E-03,7.16E-04,1.81E-04,2.67E-05,3.46E-04,1.08E-03,7.40E-04,2.48E-04,7.45E-04,2.97E-04,7.02E-04,5.31E-04,5.99E-04,2.90E-04,2.13E-04,1.12E-03,8.15E-04,1.94E-04,2.31E-04
2095,6.45E-04,1.11E-03,7.22E-04,1.63E-04,1.76E-05,3.20E-04,1.06E-03,7.23E-04,2.44E-04,7.13E-04,2.96E-04,7.02E-04,5.49E-04,5.85E-04,2.77E-04,2.03E-04,1.12E-03,8.10E-04,1.94E-04,2.21E-04
2096,6.26E-04,1.10E-03,7.26E-04,1.46E-04,7.95E-06,2.94E-04,1.05E-03,7.03E-04,2.39E-04,6.81E-04,2.96E-04,6.99E-04,5.67E-04,5.69E-04,2.63E-04,1.92E-04,1.12E-03,8.03E-04,1.94E-04,2.11E-04
2097,5.96E-04,1.08E-03,7.29E-04,1.30E-04,-2.18E-06,2.68E-04,1.04E-03,6.82E-04,2.34E-04,6.49E-04,2.98E-04,6.96E-04,5.84E-04,5.54E-04,2.46E-04,1.81E-04,1.12E-03,7.94E-04,1.93E-04,2.01E-04
2098,5.59E-04,1.07E-03,7.30E-04,1.15E-04,-1.26E-05,2.42E-04,1.03E-03,6.59E-04,2.27E-04,6.18E-04,3.02E-04,6.92E-04,5.98E-04,5.38E-04,2.27E-04,1.70E-04,1.12E-03,7.81E-04,1.91E-04,1.92E-04
2099,5.16E-04,1.05E-03,7.31E-04,1.02E-04,-2.30E-05,2.16E-04,1.02E-03,6.34E-04,2.20E-04,5.87E-04,3.07E-04,6.86E-04,6.08E-04,5.21E-04,2.07E-04,1.60E-04,1.12E-03,7.67E-04,1.88E-04,1.82E-04
2100,4.71E-04,1.04E-03,7.30E-04,9.09E-05,-3.33E-05,1.89E-04,1.01E-03,6.09E-04,2.13E-04,5.57E-04,3.13E-04,6.80E-04,6.15E-04,5.04E-04,1.86E-04,1.49E-04,1.12E-03,7.49E-04,1.84E-04,1.72E-04
2101,4.25E-04,1.02E-03,7.29E-04,8.14E-05,-4.32E-05,1.63E-04,9.95E-04,5.83E-04,2.04E-04,5.26E-04,3.20E-04,6.74E-04,6.18E-04,4.86E-04,1.64E-04,1.39E-04,1.11E-03,7.29E-04,1.80E-04,1.62E-04
2102,3.83E-04,1.01E-03,7.28E-04,7.38E-05,-5.25E-05,1.37E-04,9.83E-04,5.56E-04,1.96E-04,4.96E-04,3.27E-04,6.67E-04,6.15E-04,4.68E-04,1.42E-04,1.30E-04,1.11E-03,7.07E-04,1.75E-04,1.53E-04
2103,3.47E-04,9.94E-04,7.25E-04,6.79E-05,-6.10E-05,1.12E-04,9.69E-04,5.29E-04,1.87E-04,4.67E-04,3.34E-04,6.59E-04,6.09E-04,4.50E-04,1.22E-04,1.21E-04,1.11E-03,6.83E-04,1.69E-04,1.44E-04
2104,3.17E-04,9.79E-04,7.23E-04,6.39E-05,-6.87E-05,8.61E-05,9.53E-04,5.02E-04,1.77E-04,4.38E-04,3.40E-04,6.51E-04,5.98E-04,4.32E-04,1.02E-04,1.13E-04,1.11E-03,6.56E-04,1.63E-04,1.35E-04
2105,2.95E-04,9.64E-04,7.20E-04,6.14E-05,-7.54E-05,6.10E-05,9.35E-04,4.75E-04,1.68E-04,4.10E-04,3.45E-04,6.42E-04,5.83E-04,4.14E-04,8.35E-05,1.06E-04,1.10E-03,6.29E-04,1.56E-04,1.27E-04
2106,2.82E-04,9.48E-04,7.17E-04,6.04E-05,-8.10E-05,3.66E-05,9.13E-04,4.47E-04,1.59E-04,3.82E-04,3.49E-04,6.32E-04,5.65E-04,3.95E-04,6.69E-05,1.00E-04,1.10E-03,6.00E-04,1.49E-04,1.18E-04
2107,2.76E-04,9.32E-04,7.13E-04,6.08E-05,-8.57E-05,1.29E-05,8.87E-04,4.19E-04,1.50E-04,3.54E-04,3.52E-04,6.22E-04,5.46E-04,3.76E-04,5.23E-05,9.50E-05,1.10E-03,5.70E-04,1.41E-04,1.11E-04
2108,2.77E-04,9.15E-04,7.09E-04,6.22E-05,-8.94E-05,-9.74E-06,8.57E-04,3.91E-04,1.42E-04,3.28E-04,3.53E-04,6.11E-04,5.25E-04,3.57E-04,3.96E-05,9.05E-05,1.10E-03,5.40E-04,1.33E-04,1.03E-04
2109,2.83E-04,8.96E-04,7.04E-04,6.46E-05,-9.23E-05,-3.13E-05,8.24E-04,3.62E-04,1.33E-04,3.02E-04,3.52E-04,5.98E-04,5.03E-04,3.38E-04,2.85E-05,8.65E-05,1.10E-03,5.09E-04,1.25E-04,9.59E-05
2110,2.91E-04,8.76E-04,6.98E-04,6.76E-05,-9.45E-05,-5.18E-05,7.87E-04,3.34E-04,1.25E-04,2.77E-04,3.49E-04,5.85E-04,4.83E-04,3.19E-04,1.90E-05,8.30E-05,1.09E-03,4.79E-04,1.17E-04,8.87E-05
2111,3.00E-04,8.54E-04,6.91E-04,7.11E-05,-9.63E-05,-7.09E-05,7.48E-04,3.04E-04,1.17E-04,2.52E-04,3.44E-04,5.70E-04,4.64E-04,2.99E-04,1.05E-05,7.95E-05,1.09E-03,4.48E-04,1.09E-04,8.14E-05
2112,3.06E-04,8.30E-04,6.83E-04,7.49E-05,-9.78E-05,-8.89E-05,7.05E-04,2.74E-04,1.09E-04,2.27E-04,3.38E-04,5.54E-04,4.47E-04,2.78E-04,2.58E-06,7.60E-05,1.08E-03,4.18E-04,1.00E-04,7.39E-05
2113,3.08E-04,8.04E-04,6.73E-04,7.89E-05,-9.92E-05,-1.06E-04,6.61E-04,2.44E-04,1.01E-04,2.03E-04,3.30E-04,5.36E-04,4.32E-04,2.57E-04,-5.26E-06,7.22E-05,1.07E-03,3.88E-04,9.18E-05,6.59E-05
2114,3.05E-04,7.75E-04,6.62E-04,8.28E-05,-1.01E-04,-1.21E-04,6.16E-04,2.14E-04,9.29E-05,1.80E-04,3.21E-04,5.17E-04,4.21E-04,2.35E-04,-1.36E-05,6.78E-05,1.06E-03,3.59E-04,8.33E-05,5.73E-05
2115,2.94E-04,7.43E-04,6.49E-04,8.67E-05,-1.03E-04,-1.36E-04,5.70E-04,1.83E-04,8.46E-05,1.56E-04,3.10E-04,4.97E-04,4.12E-04,2.12E-04,-2.28E-05,6.26E-05,1.04E-03,3.31E-04,7.48E-05,4.80E-05
2116,2.76E-04,7.08E-04,6.34E-04,9.05E-05,-1.05E-04,-1.49E-04,5.24E-04,1.51E-04,7.60E-05,1.33E-04,2.98E-04,4.76E-04,4.05E-04,1.88E-04,-3.35E-05,5.66E-05,1.02E-03,3.02E-04,6.61E-05,3.76E-05
2117,2.51E-04,6.70E-04,6.18E-04,9.42E-05,-1.09E-04,-1.63E-04,4.79E-04,1.20E-04,6.71E-05,1.09E-04,2.85E-04,4.54E-04,4.01E-04,1.63E-04,-4.59E-05,4.94E-05,1.00E-03,2.74E-04,5.74E-05,2.62E-05
2118,2.20E-04,6.30E-04,6.00E-04,9.78E-05,-1.13E-04,-1.75E-04,4.35E-04,8.80E-05,5.77E-05,8.51E-05,2.72E-04,4.31E-04,3.97E-04,1.36E-04,-6.03E-05,4.12E-05,9.73E-04,2.47E-04,4.85E-05,1.36E-05
2119,1.84E-04,5.88E-04,5.81E-04,1.01E-04,-1.17E-04,-1.88E-04,3.93E-04,5.65E-05,4.79E-05,6.09E-05,2.57E-04,4.07E-04,3.95E-04,1.09E-04,-7.67E-05,3.19E-05,9.42E-04,2.20E-04,3.93E-05,-1.51E-07
2120,1.46E-04,5.44E-04,5.61E-04,1.05E-04,-1.23E-04,-2.00E-04,3.52E-04,2.54E-05,3.76E-05,3.63E-05,2.41E-04,3.83E-04,3.92E-04,7.98E-05,-9.50E-05,2.14E-05,9.08E-04,1.93E-04,3.00E-05,-1.51E-05
2121,1.08E-04,4.99E-04,5.39E-04,1.08E-04,-1.30E-04,-2.13E-04,3.14E-04,-5.34E-06,2.70E-05,1.14E-05,2.24E-04,3.58E-04,3.88E-04,4.96E-05,-1.15E-04,9.91E-06,8.70E-04,1.66E-04,2.04E-05,-3.12E-05
2122,7.13E-05,4.53E-04,5.16E-04,1.12E-04,-1.37E-04,-2.26E-04,2.77E-04,-3.54E-05,1.59E-05,-1.39E-05,2.06E-04,3.33E-04,3.82E-04,1.81E-05,-1.36E-04,-2.50E-06,8.29E-04,1.39E-04,1.05E-05,-4.83E-05
2123,3.92E-05,4.07E-04,4.92E-04,1.16E-04,-1.45E-04,-2.40E-04,2.42E-04,-6.46E-05,4.68E-06,-3.95E-05,1.88E-04,3.09E-04,3.73E-04,-1.46E-05,-1.58E-04,-1.57E-05,7.85E-04,1.12E-04,2.57E-07,-6.63E-05
2124,1.30E-05,3.61E-04,4.67E-04,1.20E-04,-1.53E-04,-2.54E-04,2.08E-04,-9.29E-05,-6.76E-06,-6.54E-05,1.68E-04,2.84E-04,3.61E-04,-4.82E-05,-1.81E-04,-2.95E-05,7.39E-04,8.53E-05,-1.03E-05,-8.48E-05
2125,-6.03E-06,3.17E-04,4.42E-04,1.24E-04,-1.62E-04,-2.69E-04,1.76E-04,-1.20E-04,-1.83E-05,-9.14E-05,1.46E-04,2.60E-04,3.45E-04,-8.27E-05,-2.03E-04,-4.38E-05,6.93E-04,5.87E-05,-2.11E-05,-1.04E-04
2126,-1.74E-05,2.73E-04,4.16E-04,1.28E-04,-1.70E-04,-2.85E-04,1.44E-04,-1.46E-04,-2.97E-05,-1.17E-04,1.24E-04,2.37E-04,3.26E-04,-1.18E-04,-2.25E-04,-5.85E-05,6.46E-04,3.22E-05,-3.22E-05,-1.23E-04
2127,-2.11E-05,2.32E-04,3.89E-04,1.32E-04,-1.79E-04,-3.01E-04,1.13E-04,-1.71E-04,-4.11E-05,-1.43E-04,1.01E-04,2.14E-04,3.02E-04,-1.53E-04,-2.45E-04,-7.34E-05,5.99E-04,5.88E-06,-4.36E-05,-1.42E-04
2128,-1.81E-05,1.93E-04,3.61E-04,1.36E-04,-1.88E-04,-3.17E-04,8.29E-05,-1.95E-04,-5.22E-05,-1.69E-04,7.66E-05,1.92E-04,2.74E-04,-1.89E-04,-2.64E-04,-8.84E-05,5.53E-04,-2.02E-05,-5.52E-05,-1.61E-04
2129,-9.97E-06,1.55E-04,3.32E-04,1.40E-04,-1.96E-04,-3.33E-04,5.27E-05,-2.17E-04,-6.30E-05,-1.94E-04,5.14E-05,1.70E-04,2.43E-04,-2.24E-04,-2.81E-04,-1.03E-04,5.08E-04,-4.58E-05,-6.72E-05,-1.80E-04
2130,1.39E-06,1.21E-04,3.02E-04,1.42E-04,-2.04E-04,-3.50E-04,2.26E-05,-2.38E-04,-7.36E-05,-2.19E-04,2.55E-05,1.49E-04,2.09E-04,-2.59E-04,-2.95E-04,-1.19E-04,4.65E-04,-7.11E-05,-7.93E-05,-1.98E-04
2131,1.35E-05,8.75E-05,2.71E-04,1.44E-04,-2.12E-04,-3.66E-04,-7.58E-06,-2.58E-04,-8.38E-05,-2.43E-04,-7.41E-07,1.28E-04,1.72E-04,-2.93E-04,-3.08E-04,-1.34E-04,4.24E-04,-9.59E-05,-9.18E-05,-2.16E-04
2132,2.39E-05,5.63E-05,2.39E-04,1.44E-04,-2.19E-04,-3.83E-04,-3.79E-05,-2.77E-04,-9.37E-05,-2.66E-04,-2.72E-05,1.08E-04,1.33E-04,-3.26E-04,-3.20E-04,-1.49E-04,3.85E-04,-1.20E-04,-1.04E-04,-2.33E-04
2133,2.99E-05,2.62E-05,2.05E-04,1.44E-04,-2.26E-04,-3.99E-04,-6.82E-05,-2.95E-04,-1.03E-04,-2.89E-04,-5.34E-05,8.72E-05,9.31E-05,-3.59E-04,-3.30E-04,-1.64E-04,3.48E-04,-1.44E-04,-1.17E-04,-2.49E-04
2134,2.94E-05,-3.01E-06,1.70E-04,1.41E-04,-2.32E-04,-4.14E-04,-9.85E-05,-3.12E-04,-1.13E-04,-3.11E-04,-7.93E-05,6.68E-05,5.22E-05,-3.89E-04,-3.39E-04,-1.79E-04,3.13E-04,-1.67E-04,-1.31E-04,-2.65E-04
2135,2.05E-05,-3.20E-05,1.34E-04,1.37E-04,-2.38E-04,-4.29E-04,-1.29E-04,-3.29E-04,-1.22E-04,-3.32E-04,-1.04E-04,4.62E-05,1.10E-05,-4.19E-04,-3.47E-04,-1.95E-04,2.79E-04,-1.90E-04,-1.44E-04,-2.81E-04
2136,2.06E-06,-6.14E-05,9.61E-05,1.32E-04,-2.44E-04,-4.43E-04,-1.59E-04,-3.45E-04,-1.31E-04,-3.53E-04,-1.28E-04,2.53E-05,-2.99E-05,-4.47E-04,-3.56E-04,-2.10E-04,2.46E-04,-2.12E-04,-1.58E-04,-2.96E-04
2137,-2.63E-05,-9.15E-05,5.73E-05,1.25E-04,-2.49E-04,-4.56E-04,-1.89E-04,-3.60E-04,-1.40E-04,-3.73E-04,-1.51E-04,3.93E-06,-7.00E-05,-4.73E-04,-3.66E-04,-2.26E-04,2.13E-04,-2.34E-04,-1.72E-04,-3.11E-04
2138,-6.41E-05,-1.23E-04,1.77E-05,1.16E-04,-2.54E-04,-4.69E-04,-2.18E-04,-3.75E-04,-1.50E-04,-3.92E-04,-1.72E-04,-1.79E-05,-1.09E-04,-4.97E-04,-3.78E-04,-2.42E-04,1.81E-04,-2.55E-04,-1.86E-04,-3.26E-04
2139,-1.10E-04,-1.56E-04,-2.24E-05,1.06E-04,-2.59E-04,-4.81E-04,-2.47E-04,-3.90E-04,-1.59E-04,-4.11E-04,-1.91E-04,-4.02E-05,-1.47E-04,-5.20E-04,-3.91E-04,-2.57E-04,1.48E-04,-2.76E-04,-2.01E-04,-3.41E-04
2140,-1.63E-04,-1.90E-04,-6.27E-05,9.52E-05,-2.64E-04,-4.93E-04,-2.75E-04,-4.05E-04,-1.68E-04,-4.29E-04,-2.08E-04,-6.28E-05,-1.83E-04,-5.41E-04,-4.06E-04,-2.72E-04,1.14E-04,-2.97E-04,-2.15E-04,-3.56E-04
2141,-2.19E-04,-2.27E-04,-1.03E-04,8.37E-05,-2.68E-04,-5.04E-04,-3.03E-04,-4.19E-04,-1.77E-04,-4.47E-04,-2.23E-04,-8.58E-05,-2.18E-04,-5.61E-04,-4.23E-04,-2.87E-04,7.98E-05,-3.17E-04,-2.30E-04,-3.72E-04
2142,-2.77E-04,-2.64E-04,-1.42E-04,7.18E-05,-2.73E-04,-5.15E-04,-3.30E-04,-4.34E-04,-1.86E-04,-4.65E-04,-2.37E-04,-1.09E-04,-2.51E-04,-5.79E-04,-4.42E-04,-3.01E-04,4.41E-05,-3.37E-04,-2.45E-04,-3.87E-04
2143,-3.32E-04,-3.03E-04,-1.80E-04,6.01E-05,-2.77E-04,-5.25E-04,-3.57E-04,-4.48E-04,-1.95E-04,-4.82E-04,-2.48E-04,-1.32E-04,-2.82E-04,-5.95E-04,-4.63E-04,-3.14E-04,7.50E-06,-3.57E-04,-2.59E-04,-4.03E-04
2144,-3.83E-04,-3.43E-04,-2.16E-04,4.88E-05,-2.81E-04,-5.36E-04,-3.83E-04,-4.63E-04,-2.03E-04,-4.98E-04,-2.57E-04,-1.54E-04,-3.12E-04,-6.10E-04,-4.85E-04,-3.26E-04,-2.99E-05,-3.76E-04,-2.74E-04,-4.18E-04
2145,-4.26E-04,-3.83E-04,-2.51E-04,3.83E-05,-2.85E-04,-5.46E-04,-4.08E-04,-4.77E-04,-2.12E-04,-5.14E-04,-2.65E-04,-1.76E-04,-3.40E-04,-6.23E-04,-5.08E-04,-3.36E-04,-6.77E-05,-3.94E-04,-2.87E-04,-4.34E-04
2146,-4.59E-04,-4.23E-04,-2.83E-04,2.87E-05,-2.89E-04,-5.56E-04,-4.33E-04,-4.91E-04,-2.19E-04,-5.30E-04,-2.71E-04,-1.97E-04,-3.67E-04,-6.35E-04,-5.30E-04,-3.45E-04,-1.05E-04,-4.13E-04,-3.00E-04,-4.48E-04
2147,-4.82E-04,-4.62E-04,-3.12E-04,2.01E-05,-2.92E-04,-5.66E-04,-4.57E-04,-5.05E-04,-2.26E-04,-5.45E-04,-2.75E-04,-2.17E-04,-3.92E-04,-6.45E-04,-5.52E-04,-3.53E-04,-1.42E-04,-4.30E-04,-3.12E-04,-4.63E-04
2148,-4.94E-04,-4.98E-04,-3.38E-04,1.27E-05,-2.94E-04,-5.76E-04,-4.80E-04,-5.18E-04,-2.33E-04,-5.59E-04,-2.79E-04,-2.35E-04,-4.14E-04,-6.55E-04,-5.71E-04,-3.58E-04,-1.78E-04,-4.46E-04,-3.24E-04,-4.76E-04
2149,-4.94E-04,-5.33E-04,-3.61E-04,6.37E-06,-2.95E-04,-5.85E-04,-5.02E-04,-5.31E-04,-2.38E-04,-5.72E-04,-2.82E-04,-2.51E-04,-4.35E-04,-6.62E-04,-5.88E-04,-3.62E-04,-2.11E-04,-4.62E-04,-3.33E-04,-4.88E-04
2150,-4.86E-04,-5.64E-04,-3.81E-04,7.95E-07,-2.96E-04,-5.94E-04,-5.23E-04,-5.43E-04,-2.43E-04,-5.84E-04,-2.84E-04,-2.65E-04,-4.55E-04,-6.69E-04,-6.01E-04,-3.65E-04,-2.42E-04,-4.76E-04,-3.42E-04,-4.99E-04
2151,-4.69E-04,-5.91E-04,-3.98E-04,-4.28E-06,-2.95E-04,-6.03E-04,-5.42E-04,-5.54E-04,-2.47E-04,-5.95E-04,-2.86E-04,-2.77E-04,-4.72E-04,-6.74E-04,-6.10E-04,-3.66E-04,-2.69E-04,-4.88E-04,-3.49E-04,-5.07E-04
2152,-4.48E-04,-6.14E-04,-4.12E-04,-9.27E-06,-2.94E-04,-6.10E-04,-5.60E-04,-5.64E-04,-2.50E-04,-6.05E-04,-2.88E-04,-2.88E-04,-4.87E-04,-6.78E-04,-6.14E-04,-3.66E-04,-2.92E-04,-4.99E-04,-3.54E-04,-5.15E-04
2153,-4.24E-04,-6.33E-04,-4.24E-04,-1.46E-05,-2.91E-04,-6.16E-04,-5.75E-04,-5.72E-04,-2.51E-04,-6.13E-04,-2.90E-04,-2.96E-04,-4.99E-04,-6.81E-04,-6.13E-04,-3.65E-04,-3.11E-04,-5.08E-04,-3.58E-04,-5.20E-04
2154,-4.01E-04,-6.48E-04,-4.33E-04,-2.09E-05,-2.87E-04,-6.21E-04,-5.88E-04,-5.79E-04,-2.52E-04,-6.21E-04,-2.93E-04,-3.02E-04,-5.10E-04,-6.82E-04,-6.08E-04,-3.63E-04,-3.26E-04,-5.16E-04,-3.60E-04,-5.23E-04
2155,-3.83E-04,-6.59E-04,-4.40E-04,-2.86E-05,-2.81E-04,-6.24E-04,-5.99E-04,-5.83E-04,-2.52E-04,-6.27E-04,-2.96E-04,-3.07E-04,-5.19E-04,-6.82E-04,-5.97E-04,-3.62E-04,-3.36E-04,-5.21E-04,-3.60E-04,-5.24E-04
2156,-3.71E-04,-6.66E-04,-4.46E-04,-3.81E-05,-2.74E-04,-6.26E-04,-6.07E-04,-5.86E-04,-2.52E-04,-6.31E-04,-3.00E-04,-3.11E-04,-5.27E-04,-6.82E-04,-5.83E-04,-3.60E-04,-3.43E-04,-5.24E-04,-3.59E-04,-5.24E-04
2157,-3.68E-04,-6.69E-04,-4.50E-04,-4.98E-05,-2.65E-04,-6.25E-04,-6.12E-04,-5.86E-04,-2.50E-04,-6.35E-04,-3.04E-04,-3.14E-04,-5.33E-04,-6.79E-04,-5.64E-04,-3.60E-04,-3.46E-04,-5.26E-04,-3.56E-04,-5.22E-04
2158,-3.74E-04,-6.70E-04,-4.53E-04,-6.41E-05,-2.55E-04,-6.22E-04,-6.15E-04,-5.84E-04,-2.48E-04,-6.37E-04,-3.09E-04,-3.17E-04,-5.38E-04,-6.76E-04,-5.43E-04,-3.60E-04,-3.45E-04,-5.25E-04,-3.52E-04,-5.18E-04
2159,-3.92E-04,-6.68E-04,-4.55E-04,-8.11E-05,-2.44E-04,-6.17E-04,-6.16E-04,-5.79E-04,-2.45E-04,-6.38E-04,-3.15E-04,-3.20E-04,-5.42E-04,-6.72E-04,-5.19E-04,-3.62E-04,-3.42E-04,-5.23E-04,-3.47E-04,-5.13E-04
2160,-4.19E-04,-6.64E-04,-4.57E-04,-1.01E-04,-2.32E-04,-6.10E-04,-6.14E-04,-5.72E-04,-2.42E-04,-6.38E-04,-3.22E-04,-3.23E-04,-5.46E-04,-6.67E-04,-4.94E-04,-3.65E-04,-3.38E-04,-5.19E-04,-3.41E-04,-5.08E-04
2161,-4.55E-04,-6.59E-04,-4.59E-04,-1.23E-04,-2.19E-04,-6.01E-04,-6.12E-04,-5.62E-04,-2.38E-04,-6.36E-04,-3.29E-04,-3.26E-04,-5.50E-04,-6.61E-04,-4.69E-04,-3.69E-04,-3.32E-04,-5.14E-04,-3.34E-04,-5.02E-04
2162,-4.96E-04,-6.52E-04,-4.60E-04,-1.47E-04,-2.05E-04,-5.91E-04,-6.08E-04,-5.50E-04,-2.34E-04,-6.34E-04,-3.36E-04,-3.31E-04,-5.54E-04,-6.55E-04,-4.44E-04,-3.74E-04,-3.26E-04,-5.07E-04,-3.27E-04,-4.96E-04
2163,-5.42E-04,-6.44E-04,-4.61E-04,-1.72E-04,-1.90E-04,-5.78E-04,-6.03E-04,-5.35E-04,-2.29E-04,-6.31E-04,-3.44E-04,-3.36E-04,-5.59E-04,-6.47E-04,-4.20E-04,-3.81E-04,-3.20E-04,-5.00E-04,-3.19E-04,-4.89E-04
2164,-5.87E-04,-6.36E-04,-4.62E-04,-1.99E-04,-1.75E-04,-5.65E-04,-5.98E-04,-5.19E-04,-2.25E-04,-6.28E-04,-3.52E-04,-3.43E-04,-5.65E-04,-6.39E-04,-3.98E-04,-3.88E-04,-3.16E-04,-4.91E-04,-3.11E-04,-4.84E-04
2165,-6.29E-04,-6.28E-04,-4.62E-04,-2.26E-04,-1.60E-04,-5.50E-04,-5.93E-04,-5.02E-04,-2.19E-04,-6.23E-04,-3.60E-04,-3.51E-04,-5.71E-04,-6.30E-04,-3.79E-04,-3.96E-04,-3.12E-04,-4.82E-04,-3.02E-04,-4.79E-04
2166,-6.64E-04,-6.19E-04,-4.62E-04,-2.52E-04,-1.44E-04,-5.35E-04,-5.89E-04,-4.83E-04,-2.13E-04,-6.19E-04,-3.68E-04,-3.60E-04,-5.79E-04,-6.21E-04,-3.62E-04,-4.04E-04,-3.11E-04,-4.73E-04,-2.94E-04,-4.74E-04
2167,-6.90E-04,-6.10E-04,-4.61E-04,-2.77E-04,-1.29E-04,-5.20E-04,-5.85E-04,-4.63E-04,-2.07E-04,-6.13E-04,-3.75E-04,-3.69E-04,-5.88E-04,-6.11E-04,-3.47E-04,-4.12E-04,-3.10E-04,-4.63E-04,-2.86E-04,-4.71E-04
2168,-7.03E-04,-6.00E-04,-4.59E-04,-2.99E-04,-1.15E-04,-5.06E-04,-5.82E-04,-4.43E-04,-2.01E-04,-6.07E-04,-3.80E-04,-3.80E-04,-5.97E-04,-6.01E-04,-3.36E-04,-4.19E-04,-3.12E-04,-4.54E-04,-2.78E-04,-4.68E-04
2169,-7.03E-04,-5.90E-04,-4.56E-04,-3.19E-04,-1.01E-04,-4.92E-04,-5.80E-04,-4.23E-04,-1.94E-04,-6.01E-04,-3.85E-04,-3.90E-04,-6.06E-04,-5.90E-04,-3.27E-04,-4.24E-04,-3.15E-04,-4.45E-04,-2.70E-04,-4.66E-04
2170,-6.89E-04,-5.79E-04,-4.53E-04,-3.34E-04,-8.73E-05,-4.79E-04,-5.79E-04,-4.03E-04,-1.86E-04,-5.95E-04,-3.88E-04,-4.00E-04,-6.16E-04,-5.78E-04,-3.19E-04,-4.28E-04,-3.18E-04,-4.36E-04,-2.63E-04,-4.65E-04
2171,-6.61E-04,-5.68E-04,-4.47E-04,-3.46E-04,-7.50E-05,-4.67E-04,-5.78E-04,-3.84E-04,-1.78E-04,-5.88E-04,-3.90E-04,-4.09E-04,-6.25E-04,-5.66E-04,-3.14E-04,-4.30E-04,-3.23E-04,-4.27E-04,-2.56E-04,-4.65E-04
2172,-6.21E-04,-5.57E-04,-4.41E-04,-3.53E-04,-6.35E-05,-4.57E-04,-5.77E-04,-3.65E-04,-1.70E-04,-5.81E-04,-3.89E-04,-4.18E-04,-6.33E-04,-5.53E-04,-3.09E-04,-4.30E-04,-3.27E-04,-4.19E-04,-2.49E-04,-4.65E-04
2173,-5.71E-04,-5.45E-04,-4.33E-04,-3.56E-04,-5.30E-05,-4.49E-04,-5.75E-04,-3.48E-04,-1.61E-04,-5.74E-04,-3.86E-04,-4.25E-04,-6.39E-04,-5.39E-04,-3.05E-04,-4.28E-04,-3.31E-04,-4.11E-04,-2.42E-04,-4.66E-04
2174,-5.14E-04,-5.34E-04,-4.24E-04,-3.54E-04,-4.34E-05,-4.42E-04,-5.72E-04,-3.32E-04,-1.52E-04,-5.67E-04,-3.81E-04,-4.30E-04,-6.43E-04,-5.25E-04,-3.01E-04,-4.23E-04,-3.34E-04,-4.03E-04,-2.35E-04,-4.66E-04
2175,-4.54E-04,-5.23E-04,-4.14E-04,-3.48E-04,-3.48E-05,-4.37E-04,-5.67E-04,-3.17E-04,-1.43E-04,-5.60E-04,-3.74E-04,-4.33E-04,-6.45E-04,-5.10E-04,-2.97E-04,-4.15E-04,-3.36E-04,-3.95E-04,-2.28E-04,-4.66E-04
2176,-3.94E-04,-5.12E-04,-4.03E-04,-3.38E-04,-2.69E-05,-4.33E-04,-5.60E-04,-3.02E-04,-1.33E-04,-5.53E-04,-3.64E-04,-4.34E-04,-6.44E-04,-4.94E-04,-2.92E-04,-4.06E-04,-3.37E-04,-3.87E-04,-2.21E-04,-4.67E-04
2177,-3.38E-04,-5.02E-04,-3.91E-04,-3.24E-04,-1.97E-05,-4.31E-04,-5.50E-04,-2.89E-04,-1.24E-04,-5.46E-04,-3.51E-04,-4.33E-04,-6.41E-04,-4.78E-04,-2.85E-04,-3.94E-04,-3.35E-04,-3.79E-04,-2.14E-04,-4.66E-04
2178,-2.89E-04,-4.92E-04,-3.78E-04,-3.08E-04,-1.30E-05,-4.30E-04,-5.36E-04,-2.76E-04,-1.14E-04,-5.39E-04,-3.37E-04,-4.29E-04,-6.34E-04,-4.61E-04,-2.78E-04,-3.81E-04,-3.32E-04,-3.71E-04,-2.07E-04,-4.66E-04
2179,-2.49E-04,-4.84E-04,-3.65E-04,-2.89E-04,-6.64E-06,-4.30E-04,-5.19E-04,-2.64E-04,-1.04E-04,-5.33E-04,-3.20E-04,-4.22E-04,-6.24E-04,-4.43E-04,-2.69E-04,-3.67E-04,-3.27E-04,-3.62E-04,-2.00E-04,-4.64E-04
2180,-2.20E-04,-4.77E-04,-3.52E-04,-2.69E-04,-4.72E-07,-4.31E-04,-4.99E-04,-2.51E-04,-9.42E-05,-5.27E-04,-3.02E-04,-4.13E-04,-6.12E-04,-4.25E-04,-2.59E-04,-3.52E-04,-3.21E-04,-3.52E-04,-1.92E-04,-4.63E-04
2181,-2.03E-04,-4.71E-04,-3.38E-04,-2.48E-04,5.69E-06,-4.31E-04,-4.75E-04,-2.38E-04,-8.44E-05,-5.21E-04,-2.82E-04,-4.02E-04,-5.97E-04,-4.06E-04,-2.48E-04,-3.36E-04,-3.13E-04,-3.41E-04,-1.85E-04,-4.60E-04
2182,-1.99E-04,-4.66E-04,-3.24E-04,-2.27E-04,1.20E-05,-4.32E-04,-4.47E-04,-2.25E-04,-7.47E-05,-5.15E-04,-2.61E-04,-3.89E-04,-5.80E-04,-3.87E-04,-2.36E-04,-3.20E-04,-3.04E-04,-3.30E-04,-1.77E-04,-4.58E-04
2183,-2.06E-04,-4.61E-04,-3.10E-04,-2.06E-04,1.86E-05,-4.33E-04,-4.17E-04,-2.10E-04,-6.51E-05,-5.10E-04,-2.40E-04,-3.73E-04,-5.62E-04,-3.67E-04,-2.22E-04,-3.04E-04,-2.95E-04,-3.18E-04,-1.70E-04,-4.55E-04
2184,-2.22E-04,-4.56E-04,-2.96E-04,-1.87E-04,2.57E-05,-4.33E-04,-3.85E-04,-1.94E-04,-5.56E-05,-5.05E-04,-2.18E-04,-3.56E-04,-5.42E-04,-3.47E-04,-2.08E-04,-2.89E-04,-2.86E-04,-3.04E-04,-1.62E-04,-4.51E-04
2185,-2.45E-04,-4.51E-04,-2.83E-04,-1.68E-04,3.33E-05,-4.32E-04,-3.51E-04,-1.76E-04,-4.61E-05,-5.00E-04,-1.96E-04,-3.37E-04,-5.22E-04,-3.28E-04,-1.94E-04,-2.74E-04,-2.76E-04,-2.90E-04,-1.53E-04,-4.48E-04
2186,-2.72E-04,-4.44E-04,-2.69E-04,-1.51E-04,4.14E-05,-4.31E-04,-3.16E-04,-1.57E-04,-3.67E-05,-4.96E-04,-1.75E-04,-3.17E-04,-5.01E-04,-3.08E-04,-1.79E-04,-2.61E-04,-2.67E-04,-2.75E-04,-1.45E-04,-4.44E-04
2187,-2.99E-04,-4.35E-04,-2.55E-04,-1.35E-04,5.02E-05,-4.29E-04,-2.80E-04,-1.36E-04,-2.73E-05,-4.92E-04,-1.55E-04,-2.95E-04,-4.81E-04,-2.88E-04,-1.64E-04,-2.47E-04,-2.59E-04,-2.58E-04,-1.36E-04,-4.41E-04
2188,-3.24E-04,-4.24E-04,-2.41E-04,-1.20E-04,5.95E-05,-4.26E-04,-2.45E-04,-1.13E-04,-1.78E-05,-4.89E-04,-1.36E-04,-2.73E-04,-4.61E-04,-2.68E-04,-1.48E-04,-2.35E-04,-2.51E-04,-2.42E-04,-1.28E-04,-4.38E-04
2189,-3.43E-04,-4.08E-04,-2.27E-04,-1.07E-04,6.94E-05,-4.23E-04,-2.11E-04,-8.85E-05,-8.42E-06,-4.86E-04,-1.19E-04,-2.50E-04,-4.42E-04,-2.49E-04,-1.32E-04,-2.23E-04,-2.43E-04,-2.24E-04,-1.19E-04,-4.35E-04
2190,-3.54E-04,-3.89E-04,-2.13E-04,-9.45E-05,7.97E-05,-4.19E-04,-1.78E-04,-6.27E-05,1.00E-06,-4.83E-04,-1.04E-04,-2.26E-04,-4.25E-04,-2.30E-04,-1.15E-04,-2.12E-04,-2.36E-04,-2.06E-04,-1.09E-04,-4.33E-04
2191,-3.54E-04,-3.66E-04,-1.98E-04,-8.25E-05,9.04E-05,-4.15E-04,-1.48E-04,-3.58E-05,1.04E-05,-4.81E-04,-9.13E-05,-2.03E-04,-4.09E-04,-2.11E-04,-9.83E-05,-2.01E-04,-2.29E-04,-1.88E-04,-9.94E-05,-4.31E-04
2192,-3.44E-04,-3.39E-04,-1.82E-04,-7.08E-05,1.01E-04,-4.11E-04,-1.19E-04,-7.94E-06,1.97E-05,-4.78E-04,-8.06E-05,-1.80E-04,-3.94E-04,-1.93E-04,-8.06E-05,-1.89E-04,-2.23E-04,-1.70E-04,-8.94E-05,-4.29E-04
2193,-3.22E-04,-3.06E-04,-1.67E-04,-5.92E-05,1.12E-04,-4.07E-04,-9.18E-05,2.04E-05,2.89E-05,-4.77E-04,-7.22E-05,-1.57E-04,-3.81E-04,-1.75E-04,-6.23E-05,-1.78E-04,-2.16E-04,-1.51E-04,-7.90E-05,-4.27E-04
2194,-2.89E-04,-2.70E-04,-1.50E-04,-4.73E-05,1.24E-04,-4.03E-04,-6.68E-05,4.90E-05,3.79E-05,-4.75E-04,-6.59E-05,-1.36E-04,-3.69E-04,-1.57E-04,-4.32E-05,-1.67E-04,-2.09E-04,-1.33E-04,-6.84E-05,-4.26E-04
2195,-2.48E-04,-2.31E-04,-1.33E-04,-3.49E-05,1.35E-04,-4.00E-04,-4.38E-05,7.75E-05,4.66E-05,-4.74E-04,-6.17E-05,-1.15E-04,-3.59E-04,-1.40E-04,-2.34E-05,-1.55E-04,-2.01E-04,-1.15E-04,-5.74E-05,-4.26E-04
2196,-2.00E-04,-1.89E-04,-1.16E-04,-2.20E-05,1.45E-04,-3.98E-04,-2.22E-05,1.05E-04,5.49E-05,-4.74E-04,-5.92E-05,-9.68E-05,-3.50E-04,-1.23E-04,-2.94E-06,-1.42E-04,-1.92E-04,-9.67E-05,-4.63E-05,-4.25E-04
2197,-1.48E-04,-1.44E-04,-9.90E-05,-8.63E-06,1.56E-04,-3.96E-04,-1.94E-06,1.33E-04,6.28E-05,-4.74E-04,-5.82E-05,-8.02E-05,-3.42E-04,-1.06E-04,1.81E-05,-1.29E-04,-1.82E-04,-7.88E-05,-3.50E-05,-4.25E-04
2198,-9.51E-05,-9.96E-05,-8.16E-05,5.28E-06,1.66E-04,-3.96E-04,1.73E-05,1.59E-04,7.01E-05,-4.75E-04,-5.84E-05,-6.59E-05,-3.35E-04,-8.99E-05,3.94E-05,-1.16E-04,-1.72E-04,-6.10E-05,-2.36E-05,-4.25E-04
2199,-4.39E-05,-5.51E-05,-6.42E-05,1.95E-05,1.75E-04,-3.96E-04,3.59E-05,1.84E-04,7.68E-05,-4.76E-04,-5.93E-05,-5.41E-05,-3.29E-04,-7.37E-05,6.08E-05,-1.03E-04,-1.60E-04,-4.35E-05,-1.24E-05,-4.25E-04
2200,2.83E-06,-1.22E-05,-4.71E-05,3.40E-05,1.84E-04,-3.97E-04,5.39E-05,2.08E-04,8.28E-05,-4.78E-04,-6.07E-05,-4.51E-05,-3.24E-04,-5.79E-05,8.20E-05,-8.94E-05,-1.48E-04,-2.61E-05,-1.33E-06,-4.25E-04
2201,4.30E-05,2.83E-05,-3.06E-05,4.84E-05,1.92E-04,-4.00E-04,7.15E-05,2.30E-04,8.80E-05,-4.81E-04,-6.21E-05,-3.87E-05,-3.19E-04,-4.24E-05,1.03E-04,-7.63E-05,-1.35E-04,-8.96E-06,9.35E-06,-4.26E-04
2202,7.50E-05,6.53E-05,-1.47E-05,6.24E-05,2.00E-04,-4.02E-04,8.87E-05,2.51E-04,9.25E-05,-4.85E-04,-6.32E-05,-3.52E-05,-3.15E-04,-2.71E-05,1.22E-04,-6.36E-05,-1.21E-04,8.05E-06,1.95E-05,-4.26E-04
2203,9.84E-05,9.81E-05,3.89E-07,7.60E-05,2.07E-04,-4.06E-04,1.06E-04,2.70E-04,9.63E-05,-4.89E-04,-6.35E-05,-3.42E-05,-3.12E-04,-1.22E-05,1.40E-04,-5.17E-05,-1.08E-04,2.49E-05,2.91E-05,-4.27E-04
2204,1.13E-04,1.26E-04,1.44E-05,8.89E-05,2.14E-04,-4.10E-04,1.22E-04,2.89E-04,9.95E-05,-4.94E-04,-6.28E-05,-3.55E-05,-3.08E-04,2.36E-06,1.57E-04,-4.07E-05,-9.52E-05,4.14E-05,3.79E-05,-4.29E-04
2205,1.20E-04,1.50E-04,2.73E-05,1.01E-04,2.20E-04,-4.14E-04,1.37E-04,3.06E-04,1.02E-04,-4.99E-04,-6.08E-05,-3.89E-05,-3.05E-04,1.66E-05,1.72E-04,-3.08E-05,-8.30E-05,5.77E-05,4.59E-05,-4.30E-04
2206,1.22E-04,1.68E-04,3.90E-05,1.12E-04,2.25E-04,-4.19E-04,1.52E-04,3.22E-04,1.04E-04,-5.05E-04,-5.72E-05,-4.37E-05,-3.01E-04,3.05E-05,1.85E-04,-2.22E-05,-7.15E-05,7.36E-05,5.29E-05,-4.33E-04
2207,1.19E-04,1.82E-04,4.94E-05,1.22E-04,2.30E-04,-4.24E-04,1.66E-04,3.37E-04,1.06E-04,-5.11E-04,-5.19E-05,-4.94E-05,-2.97E-04,4.40E-05,1.96E-04,-1.50E-05,-6.10E-05,8.90E-05,5.90E-05,-4.35E-04
2208,1.16E-04,1.91E-04,5.86E-05,1.31E-04,2.35E-04,-4.28E-04,1.78E-04,3.51E-04,1.07E-04,-5.16E-04,-4.49E-05,-5.55E-05,-2.93E-04,5.72E-05,2.05E-04,-9.01E-06,-5.15E-05,1.04E-04,6.42E-05,-4.38E-04
2209,1.14E-04,1.97E-04,6.67E-05,1.39E-04,2.40E-04,-4.32E-04,1.90E-04,3.65E-04,1.08E-04,-5.22E-04,-3.60E-05,-6.12E-05,-2.88E-04,7.00E-05,2.12E-04,-4.31E-06,-4.29E-05,1.18E-04,6.84E-05,-4.41E-04
2210,1.17E-04,2.00E-04,7.37E-05,1.47E-04,2.44E-04,-4.36E-04,2.01E-04,3.79E-04,1.09E-04,-5.27E-04,-2.52E-05,-6.61E-05,-2.82E-04,8.26E-05,2.18E-04,-7.16E-07,-3.51E-05,1.30E-04,7.18E-05,-4.45E-04
2211,1.26E-04,2.02E-04,7.99E-05,1.54E-04,2.47E-04,-4.40E-04,2.11E-04,3.92E-04,1.10E-04,-5.32E-04,-1.28E-05,-6.95E-05,-2.75E-04,9.48E-05,2.23E-04,1.97E-06,-2.79E-05,1.42E-04,7.44E-05,-4.49E-04
2212,1.43E-04,2.01E-04,8.54E-05,1.61E-04,2.51E-04,-4.43E-04,2.22E-04,4.05E-04,1.11E-04,-5.36E-04,1.22E-06,-7.08E-05,-2.67E-04,1.07E-04,2.27E-04,4.02E-06,-2.09E-05,1.53E-04,7.65E-05,-4.53E-04
2213,1.69E-04,2.01E-04,9.04E-05,1.68E-04,2.55E-04,-4.45E-04,2.33E-04,4.17E-04,1.12E-04,-5.38E-04,1.66E-05,-6.97E-05,-2.58E-04,1.19E-04,2.31E-04,5.69E-06,-1.38E-05,1.62E-04,7.82E-05,-4.58E-04
2214,2.04E-04,2.00E-04,9.52E-05,1.75E-04,2.58E-04,-4.46E-04,2.45E-04,4.30E-04,1.13E-04,-5.40E-04,3.32E-05,-6.60E-05,-2.46E-04,1.31E-04,2.35E-04,7.29E-06,-6.23E-06,1.70E-04,7.95E-05,-4.62E-04
2215,2.48E-04,2.00E-04,9.99E-05,1.82E-04,2.62E-04,-4.47E-04,2.59E-04,4.42E-04,1.15E-04,-5.40E-04,5.07E-05,-5.93E-05,-2.33E-04,1.42E-04,2.41E-04,9.10E-06,2.21E-06,1.77E-04,8.08E-05,-4.66E-04
2216,2.99E-04,2.02E-04,1.05E-04,1.90E-04,2.65E-04,-4.47E-04,2.76E-04,4.54E-04,1.17E-04,-5.39E-04,6.87E-05,-4.98E-05,-2.18E-04,1.54E-04,2.47E-04,1.14E-05,1.18E-05,1.83E-04,8.21E-05,-4.69E-04
2217,3.55E-04,2.04E-04,1.10E-04,1.99E-04,2.69E-04,-4.47E-04,2.96E-04,4.67E-04,1.19E-04,-5.36E-04,8.70E-05,-3.76E-05,-2.01E-04,1.66E-04,2.55E-04,1.44E-05,2.28E-05,1.89E-04,8.36E-05,-4.72E-04
2218,4.13E-04,2.09E-04,1.16E-04,2.07E-04,2.74E-04,-4.45E-04,3.21E-04,4.79E-04,1.21E-04,-5.32E-04,1.05E-04,-2.29E-05,-1.83E-04,1.78E-04,2.65E-04,1.82E-05,3.53E-05,1.93E-04,8.55E-05,-4.74E-04
2219,4.71E-04,2.15E-04,1.23E-04,2.16E-04,2.78E-04,-4.43E-04,3.49E-04,4.91E-04,1.23E-04,-5.27E-04,1.23E-04,-6.17E-06,-1.63E-04,1.90E-04,2.77E-04,2.30E-05,4.95E-05,1.98E-04,8.78E-05,-4.76E-04
2220,5.26E-04,2.23E-04,1.31E-04,2.25E-04,2.83E-04,-4.39E-04,3.82E-04,5.03E-04,1.26E-04,-5.21E-04,1.40E-04,1.22E-05,-1.42E-04,2.03E-04,2.91E-04,2.88E-05,6.50E-05,2.03E-04,9.06E-05,-4.77E-04
2221,5.75E-04,2.32E-04,1.40E-04,2.34E-04,2.89E-04,-4.35E-04,4.20E-04,5.15E-04,1.29E-04,-5.14E-04,1.56E-04,3.16E-05,-1.19E-04,2.15E-04,3.07E-04,3.56E-05,8.19E-05,2.09E-04,9.41E-05,-4.77E-04
2222,6.16E-04,2.44E-04,1.50E-04,2.42E-04,2.95E-04,-4.30E-04,4.61E-04,5.27E-04,1.32E-04,-5.06E-04,1.71E-04,5.16E-05,-9.60E-05,2.28E-04,3.24E-04,4.32E-05,9.98E-05,2.16E-04,9.81E-05,-4.76E-04
2223,6.47E-04,2.57E-04,1.61E-04,2.49E-04,3.02E-04,-4.24E-04,5.06E-04,5.39E-04,1.35E-04,-4.98E-04,1.84E-04,7.16E-05,-7.24E-05,2.40E-04,3.43E-04,5.14E-05,1.18E-04,2.24E-04,1.03E-04,-4.74E-04
2224,6.66E-04,2.72E-04,1.74E-04,2.55E-04,3.10E-04,-4.18E-04,5.52E-04,5.52E-04,1.39E-04,-4.91E-04,1.95E-04,9.13E-05,-4.87E-05,2.53E-04,3.62E-04,6.02E-05,1.37E-04,2.35E-04,1.08E-04,-4.71E-04
2225,6.74E-04,2.89E-04,1.88E-04,2.60E-04,3.18E-04,-4.11E-04,6.00E-04,5.65E-04,1.44E-04,-4.83E-04,2.04E-04,1.10E-04,-2.53E-05,2.66E-04,3.82E-04,6.91E-05,1.56E-04,2.48E-04,1.14E-04,-4.68E-04
2226,6.71E-04,3.08E-04,2.02E-04,2.63E-04,3.27E-04,-4.04E-04,6.47E-04,5.79E-04,1.48E-04,-4.76E-04,2.12E-04,1.28E-04,-2.39E-06,2.79E-04,4.02E-04,7.81E-05,1.73E-04,2.63E-04,1.20E-04,-4.63E-04
2227,6.59E-04,3.30E-04,2.18E-04,2.64E-04,3.37E-04,-3.96E-04,6.92E-04,5.94E-04,1.54E-04,-4.69E-04,2.17E-04,1.45E-04,1.98E-05,2.91E-04,4.21E-04,8.68E-05,1.90E-04,2.82E-04,1.26E-04,-4.59E-04
2228,6.39E-04,3.54E-04,2.35E-04,2.63E-04,3.48E-04,-3.89E-04,7.34E-04,6.10E-04,1.60E-04,-4.64E-04,2.20E-04,1.61E-04,4.10E-05,3.04E-04,4.39E-04,9.49E-05,2.06E-04,3.02E-04,1.33E-04,-4.53E-04
2229,6.13E-04,3.81E-04,2.53E-04,2.61E-04,3.59E-04,-3.82E-04,7.72E-04,6.26E-04,1.67E-04,-4.60E-04,2.22E-04,1.76E-04,6.13E-05,3.16E-04,4.57E-04,1.02E-04,2.20E-04,3.25E-04,1.41E-04,-4.48E-04
2230,5.85E-04,4.11E-04,2.71E-04,2.56E-04,3.70E-04,-3.75E-04,8.04E-04,6.44E-04,1.75E-04,-4.58E-04,2.21E-04,1.90E-04,8.06E-05,3.28E-04,4.72E-04,1.09E-04,2.33E-04,3.51E-04,1.49E-04,-4.42E-04
2231,5.56E-04,4.44E-04,2.89E-04,2.50E-04,3.82E-04,-3.70E-04,8.31E-04,6.63E-04,1.83E-04,-4.57E-04,2.20E-04,2.03E-04,9.90E-05,3.39E-04,4.87E-04,1.15E-04,2.45E-04,3.78E-04,1.56E-04,-4.35E-04
2232,5.30E-04,4.79E-04,3.08E-04,2.43E-04,3.94E-04,-3.66E-04,8.50E-04,6.83E-04,1.92E-04,-4.58E-04,2.17E-04,2.17E-04,1.17E-04,3.50E-04,4.99E-04,1.19E-04,2.55E-04,4.06E-04,1.65E-04,-4.29E-04
2233,5.08E-04,5.17E-04,3.27E-04,2.34E-04,4.06E-04,-3.63E-04,8.63E-04,7.05E-04,2.02E-04,-4.60E-04,2.13E-04,2.30E-04,1.34E-04,3.60E-04,5.10E-04,1.23E-04,2.64E-04,4.34E-04,1.73E-04,-4.22E-04
2234,4.92E-04,5.55E-04,3.46E-04,2.25E-04,4.18E-04,-3.62E-04,8.70E-04,7.27E-04,2.13E-04,-4.63E-04,2.09E-04,2.44E-04,1.50E-04,3.70E-04,5.19E-04,1.25E-04,2.73E-04,4.63E-04,1.82E-04,-4.15E-04
2235,4.82E-04,5.95E-04,3.64E-04,2.15E-04,4.29E-04,-3.62E-04,8.71E-04,7.50E-04,2.23E-04,-4.68E-04,2.05E-04,2.59E-04,1.67E-04,3.79E-04,5.27E-04,1.27E-04,2.82E-04,4.91E-04,1.90E-04,-4.08E-04
2236,4.79E-04,6.35E-04,3.82E-04,2.05E-04,4.40E-04,-3.65E-04,8.67E-04,7.73E-04,2.34E-04,-4.74E-04,2.02E-04,2.75E-04,1.83E-04,3.88E-04,5.34E-04,1.28E-04,2.91E-04,5.17E-04,1.99E-04,-4.01E-04
2237,4.82E-04,6.73E-04,4.00E-04,1.96E-04,4.50E-04,-3.69E-04,8.60E-04,7.97E-04,2.44E-04,-4.81E-04,1.99E-04,2.92E-04,2.00E-04,3.96E-04,5.40E-04,1.28E-04,3.01E-04,5.41E-04,2.08E-04,-3.93E-04
2238,4.89E-04,7.09E-04,4.16E-04,1.86E-04,4.59E-04,-3.75E-04,8.51E-04,8.20E-04,2.54E-04,-4.88E-04,1.97E-04,3.09E-04,2.17E-04,4.04E-04,5.46E-04,1.28E-04,3.12E-04,5.63E-04,2.17E-04,-3.85E-04
2239,5.00E-04,7.41E-04,4.31E-04,1.77E-04,4.67E-04,-3.82E-04,8.41E-04,8.42E-04,2.64E-04,-4.95E-04,1.97E-04,3.27E-04,2.35E-04,4.11E-04,5.51E-04,1.28E-04,3.24E-04,5.81E-04,2.26E-04,-3.77E-04
2240,5.11E-04,7.70E-04,4.45E-04,1.68E-04,4.74E-04,-3.91E-04,8.32E-04,8.64E-04,2.72E-04,-5.02E-04,1.99E-04,3.45E-04,2.53E-04,4.17E-04,5.55E-04,1.27E-04,3.38E-04,5.97E-04,2.34E-04,-3.69E-04
2241,5.21E-04,7.93E-04,4.57E-04,1.60E-04,4.80E-04,-4.00E-04,8.26E-04,8.83E-04,2.79E-04,-5.09E-04,2.02E-04,3.63E-04,2.71E-04,4.22E-04,5.60E-04,1.27E-04,3.53E-04,6.09E-04,2.42E-04,-3.60E-04
2242,5.27E-04,8.10E-04,4.69E-04,1.52E-04,4.85E-04,-4.09E-04,8.24E-04,9.01E-04,2.85E-04,-5.15E-04,2.08E-04,3.80E-04,2.90E-04,4.27E-04,5.64E-04,1.26E-04,3.69E-04,6.18E-04,2.50E-04,-3.52E-04
2243,5.28E-04,8.22E-04,4.78E-04,1.43E-04,4.87E-04,-4.18E-04,8.26E-04,9.16E-04,2.89E-04,-5.20E-04,2.15E-04,3.96E-04,3.08E-04,4.31E-04,5.68E-04,1.25E-04,3.87E-04,6.23E-04,2.56E-04,-3.43E-04
2244,5.23E-04,8.28E-04,4.87E-04,1.35E-04,4.89E-04,-4.27E-04,8.32E-04,9.28E-04,2.91E-04,-5.24E-04,2.25E-04,4.11E-04,3.26E-04,4.34E-04,5.71E-04,1.25E-04,4.05E-04,6.26E-04,2.62E-04,-3.35E-04
2245,5.11E-04,8.29E-04,4.94E-04,1.26E-04,4.89E-04,-4.34E-04,8.43E-04,9.37E-04,2.92E-04,-5.27E-04,2.36E-04,4.24E-04,3.43E-04,4.36E-04,5.74E-04,1.24E-04,4.24E-04,6.27E-04,2.67E-04,-3.26E-04
2246,4.92E-04,8.25E-04,4.99E-04,1.17E-04,4.88E-04,-4.41E-04,8.59E-04,9.43E-04,2.91E-04,-5.29E-04,2.48E-04,4.34E-04,3.59E-04,4.38E-04,5.76E-04,1.23E-04,4.43E-04,6.26E-04,2.70E-04,-3.18E-04
2247,4.68E-04,8.18E-04,5.04E-04,1.06E-04,4.85E-04,-4.45E-04,8.78E-04,9.46E-04,2.88E-04,-5.29E-04,2.61E-04,4.42E-04,3.74E-04,4.38E-04,5.77E-04,1.22E-04,4.60E-04,6.23E-04,2.71E-04,-3.11E-04
2248,4.39E-04,8.08E-04,5.08E-04,9.48E-05,4.81E-04,-4.47E-04,8.99E-04,9.45E-04,2.84E-04,-5.28E-04,2.75E-04,4.48E-04,3.87E-04,4.37E-04,5.76E-04,1.20E-04,4.77E-04,6.20E-04,2.71E-04,-3.04E-04
2249,4.08E-04,7.98E-04,5.11E-04,8.18E-05,4.75E-04,-4.47E-04,9.22E-04,9.41E-04,2.78E-04,-5.25E-04,2.89E-04,4.52E-04,3.98E-04,4.35E-04,5.74E-04,1.18E-04,4.92E-04,6.16E-04,2.70E-04,-2.98E-04
2250,3.77E-04,7.89E-04,5.13E-04,6.73E-05,4.68E-04,-4.45E-04,9.43E-04,9.35E-04,2.71E-04,-5.22E-04,3.02E-04,4.53E-04,4.08E-04,4.32E-04,5.69E-04,1.16E-04,5.06E-04,6.13E-04,2.67E-04,-2.92E-04
2251,3.49E-04,7.83E-04,5.15E-04,5.15E-05,4.60E-04,-4.41E-04,9.63E-04,9.26E-04,2.64E-04,-5.17E-04,3.15E-04,4.53E-04,4.15E-04,4.28E-04,5.63E-04,1.13E-04,5.17E-04,6.10E-04,2.62E-04,-2.87E-04
2252,3.27E-04,7.80E-04,5.17E-04,3.42E-05,4.51E-04,-4.35E-04,9.79E-04,9.14E-04,2.56E-04,-5.13E-04,3.27E-04,4.52E-04,4.20E-04,4.23E-04,5.55E-04,1.09E-04,5.26E-04,6.08E-04,2.56E-04,-2.83E-04
2253,3.13E-04,7.81E-04,5.19E-04,1.57E-05,4.40E-04,-4.28E-04,9.91E-04,9.01E-04,2.48E-04,-5.08E-04,3.36E-04,4.50E-04,4.23E-04,4.17E-04,5.44E-04,1.04E-04,5.33E-04,6.08E-04,2.48E-04,-2.80E-04
2254,3.10E-04,7.88E-04,5.22E-04,-3.74E-06,4.29E-04,-4.19E-04,9.97E-04,8.86E-04,2.40E-04,-5.02E-04,3.44E-04,4.48E-04,4.25E-04,4.10E-04,5.32E-04,9.85E-05,5.38E-04,6.08E-04,2.40E-04,-2.78E-04
2255,3.17E-04,8.00E-04,5.25E-04,-2.40E-05,4.17E-04,-4.09E-04,9.98E-04,8.70E-04,2.32E-04,-4.98E-04,3.50E-04,4.46E-04,4.26E-04,4.02E-04,5.18E-04,9.23E-05,5.42E-04,6.09E-04,2.31E-04,-2.76E-04
2256,3.36E-04,8.17E-04,5.29E-04,-4.46E-05,4.04E-04,-3.99E-04,9.92E-04,8.53E-04,2.24E-04,-4.93E-04,3.53E-04,4.45E-04,4.26E-04,3.94E-04,5.02E-04,8.53E-05,5.44E-04,6.10E-04,2.21E-04,-2.74E-04
2257,3.65E-04,8.37E-04,5.33E-04,-6.54E-05,3.89E-04,-3.90E-04,9.80E-04,8.35E-04,2.17E-04,-4.90E-04,3.54E-04,4.44E-04,4.25E-04,3.85E-04,4.85E-04,7.77E-05,5.45E-04,6.12E-04,2.11E-04,-2.73E-04
2258,4.04E-04,8.61E-04,5.38E-04,-8.58E-05,3.75E-04,-3.81E-04,9.62E-04,8.18E-04,2.10E-04,-4.87E-04,3.53E-04,4.45E-04,4.24E-04,3.76E-04,4.68E-04,6.96E-05,5.46E-04,6.14E-04,2.01E-04,-2.72E-04
2259,4.50E-04,8.86E-04,5.44E-04,-1.06E-04,3.59E-04,-3.73E-04,9.39E-04,7.99E-04,2.03E-04,-4.85E-04,3.51E-04,4.46E-04,4.24E-04,3.67E-04,4.50E-04,6.12E-05,5.46E-04,6.15E-04,1.92E-04,-2.72E-04
2260,5.00E-04,9.10E-04,5.50E-04,-1.25E-04,3.43E-04,-3.66E-04,9.12E-04,7.81E-04,1.97E-04,-4.85E-04,3.46E-04,4.49E-04,4.25E-04,3.58E-04,4.32E-04,5.25E-05,5.46E-04,6.16E-04,1.83E-04,-2.71E-04
2261,5.50E-04,9.32E-04,5.56E-04,-1.43E-04,3.26E-04,-3.62E-04,8.83E-04,7.62E-04,1.90E-04,-4.86E-04,3.40E-04,4.51E-04,4.27E-04,3.49E-04,4.14E-04,4.37E-05,5.46E-04,6.14E-04,1.75E-04,-2.69E-04
2262,5.97E-04,9.50E-04,5.62E-04,-1.59E-04,3.09E-04,-3.59E-04,8.51E-04,7.43E-04,1.84E-04,-4.88E-04,3.34E-04,4.53E-04,4.30E-04,3.40E-04,3.98E-04,3.49E-05,5.47E-04,6.10E-04,1.67E-04,-2.67E-04
2263,6.38E-04,9.61E-04,5.67E-04,-1.74E-04,2.92E-04,-3.59E-04,8.19E-04,7.22E-04,1.77E-04,-4.91E-04,3.27E-04,4.55E-04,4.35E-04,3.31E-04,3.82E-04,2.62E-05,5.48E-04,6.04E-04,1.61E-04,-2.65E-04
2264,6.69E-04,9.65E-04,5.72E-04,-1.87E-04,2.73E-04,-3.61E-04,7.87E-04,7.01E-04,1.70E-04,-4.95E-04,3.19E-04,4.54E-04,4.41E-04,3.23E-04,3.67E-04,1.77E-05,5.48E-04,5.95E-04,1.55E-04,-2.63E-04
2265,6.87E-04,9.60E-04,5.75E-04,-1.99E-04,2.55E-04,-3.64E-04,7.56E-04,6.78E-04,1.62E-04,-5.00E-04,3.12E-04,4.52E-04,4.49E-04,3.15E-04,3.52E-04,9.45E-06,5.48E-04,5.84E-04,1.49E-04,-2.59E-04
2266,6.92E-04,9.46E-04,5.77E-04,-2.09E-04,2.36E-04,-3.70E-04,7.26E-04,6.53E-04,1.54E-04,-5.06E-04,3.05E-04,4.47E-04,4.57E-04,3.07E-04,3.39E-04,1.52E-06,5.48E-04,5.69E-04,1.44E-04,-2.56E-04
2267,6.82E-04,9.22E-04,5.77E-04,-2.18E-04,2.18E-04,-3.76E-04,6.98E-04,6.27E-04,1.44E-04,-5.11E-04,2.99E-04,4.39E-04,4.67E-04,3.00E-04,3.27E-04,-6.10E-06,5.46E-04,5.51E-04,1.40E-04,-2.52E-04
2268,6.57E-04,8.90E-04,5.75E-04,-2.26E-04,1.99E-04,-3.84E-04,6.71E-04,5.97E-04,1.33E-04,-5.17E-04,2.94E-04,4.27E-04,4.77E-04,2.92E-04,3.15E-04,-1.34E-05,5.42E-04,5.30E-04,1.35E-04,-2.48E-04
2269,6.18E-04,8.49E-04,5.70E-04,-2.32E-04,1.80E-04,-3.92E-04,6.44E-04,5.65E-04,1.22E-04,-5.23E-04,2.90E-04,4.12E-04,4.86E-04,2.85E-04,3.04E-04,-2.04E-05,5.37E-04,5.06E-04,1.30E-04,-2.44E-04
2270,5.68E-04,8.01E-04,5.63E-04,-2.37E-04,1.61E-04,-4.01E-04,6.18E-04,5.31E-04,1.09E-04,-5.29E-04,2.87E-04,3.93E-04,4.95E-04,2.77E-04,2.93E-04,-2.72E-05,5.29E-04,4.80E-04,1.25E-04,-2.40E-04
2271,5.09E-04,7.49E-04,5.52E-04,-2.41E-04,1.42E-04,-4.10E-04,5.91E-04,4.93E-04,9.53E-05,-5.34E-04,2.84E-04,3.71E-04,5.03E-04,2.70E-04,2.81E-04,-3.37E-05,5.18E-04,4.51E-04,1.19E-04,-2.37E-04
2272,4.43E-04,6.93E-04,5.39E-04,-2.44E-04,1.23E-04,-4.18E-04,5.63E-04,4.52E-04,8.08E-05,-5.38E-04,2.82E-04,3.47E-04,5.09E-04,2.62E-04,2.68E-04,-4.00E-05,5.04E-04,4.20E-04,1.12E-04,-2.34E-04
2273,3.75E-04,6.36E-04,5.23E-04,-2.47E-04,1.05E-04,-4.25E-04,5.33E-04,4.09E-04,6.55E-05,-5.41E-04,2.80E-04,3.22E-04,5.13E-04,2.54E-04,2.55E-04,-4.60E-05,4.88E-04,3.88E-04,1.04E-04,-2.31E-04
2274,3.08E-04,5.81E-04,5.04E-04,-2.48E-04,8.71E-05,-4.31E-04,5.01E-04,3.62E-04,4.97E-05,-5.44E-04,2.79E-04,2.95E-04,5.14E-04,2.46E-04,2.41E-04,-5.19E-05,4.69E-04,3.55E-04,9.56E-05,-2.29E-04
2275,2.45E-04,5.28E-04,4.83E-04,-2.50E-04,6.96E-05,-4.35E-04,4.65E-04,3.14E-04,3.37E-05,-5.45E-04,2.77E-04,2.69E-04,5.12E-04,2.38E-04,2.25E-04,-5.76E-05,4.47E-04,3.21E-04,8.58E-05,-2.28E-04
2276,1.90E-04,4.80E-04,4.60E-04,-2.50E-04,5.26E-05,-4.39E-04,4.27E-04,2.64E-04,1.75E-05,-5.45E-04,2.75E-04,2.44E-04,5.07E-04,2.29E-04,2.08E-04,-6.30E-05,4.23E-04,2.86E-04,7.51E-05,-2.28E-04
2277,1.43E-04,4.37E-04,4.34E-04,-2.50E-04,3.61E-05,-4.41E-04,3.85E-04,2.13E-04,1.47E-06,-5.44E-04,2.72E-04,2.20E-04,4.98E-04,2.20E-04,1.90E-04,-6.81E-05,3.98E-04,2.50E-04,6.35E-05,-2.29E-04
2278,1.08E-04,4.00E-04,4.07E-04,-2.49E-04,2.03E-05,-4.41E-04,3.42E-04,1.61E-04,-1.42E-05,-5.42E-04,2.68E-04,2.00E-04,4.87E-04,2.11E-04,1.71E-04,-7.28E-05,3.71E-04,2.15E-04,5.12E-05,-2.30E-04
2279,8.30E-05,3.70E-04,3.79E-04,-2.48E-04,5.06E-06,-4.41E-04,2.97E-04,1.09E-04,-2.94E-05,-5.39E-04,2.64E-04,1.82E-04,4.73E-04,2.02E-04,1.51E-04,-7.71E-05,3.44E-04,1.79E-04,3.86E-05,-2.32E-04
2280,6.95E-05,3.45E-04,3.50E-04,-2.46E-04,-9.46E-06,-4.39E-04,2.51E-04,5.71E-05,-4.40E-05,-5.35E-04,2.58E-04,1.69E-04,4.57E-04,1.93E-04,1.31E-04,-8.09E-05,3.16E-04,1.44E-04,2.57E-05,-2.34E-04
2281,6.58E-05,3.25E-04,3.21E-04,-2.42E-04,-2.33E-05,-4.36E-04,2.05E-04,6.14E-06,-5.79E-05,-5.30E-04,2.51E-04,1.58E-04,4.39E-04,1.84E-04,1.11E-04,-8.40E-05,2.89E-04,1.09E-04,1.30E-05,-2.37E-04
2282,7.02E-05,3.08E-04,2.91E-04,-2.38E-04,-3.64E-05,-4.32E-04,1.61E-04,-4.36E-05,-7.09E-05,-5.24E-04,2.44E-04,1.52E-04,4.19E-04,1.76E-04,9.15E-05,-8.65E-05,2.63E-04,7.41E-05,5.84E-07,-2.40E-04
2283,8.04E-05,2.93E-04,2.62E-04,-2.33E-04,-4.89E-05,-4.28E-04,1.19E-04,-9.16E-05,-8.31E-05,-5.17E-04,2.35E-04,1.48E-04,3.98E-04,1.67E-04,7.30E-05,-8.83E-05,2.37E-04,3.99E-05,-1.12E-05,-2.43E-04
2284,9.38E-05,2.79E-04,2.33E-04,-2.27E-04,-6.07E-05,-4.23E-04,8.09E-05,-1.38E-04,-9.45E-05,-5.10E-04,2.25E-04,1.46E-04,3.77E-04,1.60E-04,5.59E-05,-8.94E-05,2.12E-04,6.17E-06,-2.23E-05,-2.46E-04
2285,1.08E-04,2.63E-04,2.04E-04,-2.20E-04,-7.19E-05,-4.18E-04,4.63E-05,-1.81E-04,-1.05E-04,-5.02E-04,2.15E-04,1.46E-04,3.57E-04,1.53E-04,4.05E-05,-8.96E-05,1.87E-04,-2.69E-05,-3.24E-05,-2.49E-04
2286,1.20E-04,2.44E-04,1.75E-04,-2.13E-04,-8.25E-05,-4.13E-04,1.60E-05,-2.23E-04,-1.15E-04,-4.94E-04,2.05E-04,1.46E-04,3.37E-04,1.46E-04,2.71E-05,-8.92E-05,1.63E-04,-5.94E-05,-4.14E-05,-2.51E-04
2287,1.27E-04,2.21E-04,1.47E-04,-2.04E-04,-9.25E-05,-4.08E-04,-1.00E-05,-2.62E-04,-1.25E-04,-4.85E-04,1.94E-04,1.45E-04,3.18E-04,1.40E-04,1.59E-05,-8.81E-05,1.39E-04,-9.11E-05,-4.94E-05,-2.54E-04
2288,1.28E-04,1.92E-04,1.20E-04,-1.95E-04,-1.02E-04,-4.02E-04,-3.21E-05,-2.98E-04,-1.33E-04,-4.76E-04,1.83E-04,1.43E-04,3.01E-04,1.34E-04,6.99E-06,-8.64E-05,1.15E-04,-1.22E-04,-5.63E-05,-2.56E-04
2289,1.23E-04,1.56E-04,9.28E-05,-1.86E-04,-1.11E-04,-3.97E-04,-5.10E-05,-3.32E-04,-1.42E-04,-4.67E-04,1.71E-04,1.37E-04,2.86E-04,1.28E-04,2.43E-07,-8.43E-05,8.97E-05,-1.52E-04,-6.21E-05,-2.57E-04
2290,1.09E-04,1.14E-04,6.61E-05,-1.76E-04,-1.20E-04,-3.91E-04,-6.75E-05,-3.63E-04,-1.50E-04,-4.57E-04,1.60E-04,1.29E-04,2.74E-04,1.23E-04,-4.50E-06,-8.18E-05,6.31E-05,-1.81E-04,-6.71E-05,-2.59E-04
2291,8.77E-05,6.60E-05,3.96E-05,-1.66E-04,-1.28E-04,-3.86E-04,-8.30E-05,-3.92E-04,-1.58E-04,-4.48E-04,1.49E-04,1.16E-04,2.63E-04,1.18E-04,-7.51E-06,-7.92E-05,3.48E-05,-2.09E-04,-7.12E-05,-2.61E-04
2292,5.96E-05,1.19E-05,1.33E-05,-1.55E-04,-1.36E-04,-3.80E-04,-9.87E-05,-4.19E-04,-1.65E-04,-4.38E-04,1.37E-04,9.88E-05,2.54E-04,1.12E-04,-9.19E-06,-7.67E-05,4.45E-06,-2.35E-04,-7.48E-05,-2.62E-04
2293,2.59E-05,-4.70E-05,-1.30E-05,-1.45E-04,-1.43E-04,-3.75E-04,-1.16E-04,-4.44E-04,-1.73E-04,-4.28E-04,1.25E-04,7.73E-05,2.47E-04,1.07E-04,-9.98E-06,-7.44E-05,-2.81E-05,-2.61E-04,-7.78E-05,-2.64E-04
2294,-1.16E-05,-1.09E-04,-3.92E-05,-1.36E-04,-1.50E-04,-3.69E-04,-1.36E-04,-4.66E-04,-1.80E-04,-4.19E-04,1.13E-04,5.16E-05,2.41E-04,1.01E-04,-1.04E-05,-7.24E-05,-6.29E-05,-2.85E-04,-8.06E-05,-2.66E-04
2295,-5.10E-05,-1.73E-04,-6.55E-05,-1.27E-04,-1.57E-04,-3.63E-04,-1.60E-04,-4.87E-04,-1.87E-04,-4.09E-04,1.00E-04,2.23E-05,2.35E-04,9.45E-05,-1.10E-05,-7.10E-05,-9.97E-05,-3.07E-04,-8.32E-05,-2.68E-04
2296,-9.04E-05,-2.38E-04,-9.18E-05,-1.18E-04,-1.63E-04,-3.57E-04,-1.89E-04,-5.06E-04,-1.94E-04,-4.00E-04,8.69E-05,-9.71E-06,2.30E-04,8.74E-05,-1.21E-05,-7.04E-05,-1.38E-04,-3.28E-04,-8.57E-05,-2.71E-04
2297,-1.28E-04,-3.01E-04,-1.18E-04,-1.11E-04,-1.69E-04,-3.50E-04,-2.24E-04,-5.23E-04,-2.01E-04,-3.92E-04,7.24E-05,-4.36E-05,2.25E-04,7.95E-05,-1.44E-05,-7.06E-05,-1.78E-04,-3.48E-04,-8.83E-05,-2.74E-04
2298,-1.62E-04,-3.61E-04,-1.44E-04,-1.04E-04,-1.74E-04,-3.43E-04,-2.64E-04,-5.38E-04,-2.07E-04,-3.84E-04,5.67E-05,-7.81E-05,2.19E-04,7.09E-05,-1.81E-05,-7.17E-05,-2.18E-04,-3.66E-04,-9.09E-05,-2.77E-04
2299,-1.92E-04,-4.18E-04,-1.70E-04,-9.75E-05,-1.78E-04,-3.36E-04,-3.10E-04,-5.51E-04,-2.13E-04,-3.77E-04,3.98E-05,-1.12E-04,2.12E-04,6.15E-05,-2.35E-05,-7.37E-05,-2.59E-04,-3.83E-04,-9.36E-05,-2.81E-04
2300,-2.17E-04,-4.68E-04,-1.95E-04,-9.22E-05,-1.82E-04,-3.29E-04,-3.60E-04,-5.62E-04,-2.19E-04,-3.70E-04,2.15E-05,-1.45E-04,2.02E-04,5.13E-05,-3.07E-05,-7.68E-05,-2.98E-04,-3.98E-04,-9.63E-05,-2.85E-04
2301,-2.36E-04,-5.13E-04,-2.19E-04,-8.79E-05,-1.85E-04,-3.21E-04,-4.15E-04,-5.72E-04,-2.23E-04,-3.65E-04,1.82E-06,-1.75E-04,1.91E-04,4.04E-05,-3.97E-05,-8.08E-05,-3.36E-04,-4.12E-04,-9.90E-05,-2.89E-04
2302,-2.50E-04,-5.51E-04,-2.43E-04,-8.43E-05,-1.87E-04,-3.14E-04,-4.72E-04,-5.80E-04,-2.28E-04,-3.59E-04,-1.91E-05,-2.02E-04,1.77E-04,2.91E-05,-5.05E-05,-8.58E-05,-3.71E-04,-4.24E-04,-1.01E-04,-2.93E-04
2303,-2.59E-04,-5.83E-04,-2.66E-04,-8.15E-05,-1.88E-04,-3.06E-04,-5.30E-04,-5.86E-04,-2.32E-04,-3.55E-04,-4.11E-05,-2.24E-04,1.61E-04,1.73E-05,-6.26E-05,-9.15E-05,-4.03E-04,-4.35E-04,-1.04E-04,-2.96E-04
2304,-2.64E-04,-6.08E-04,-2.87E-04,-7.93E-05,-1.89E-04,-2.98E-04,-5.87E-04,-5.91E-04,-2.35E-04,-3.51E-04,-6.39E-05,-2.42E-04,1.42E-04,5.44E-06,-7.59E-05,-9.79E-05,-4.31E-04,-4.45E-04,-1.05E-04,-3.00E-04
2305,-2.66E-04,-6.27E-04,-3.07E-04,-7.76E-05,-1.90E-04,-2.90E-04,-6.43E-04,-5.94E-04,-2.37E-04,-3.48E-04,-8.72E-05,-2.56E-04,1.21E-04,-6.38E-06,-8.97E-05,-1.05E-04,-4.56E-04,-4.54E-04,-1.07E-04,-3.03E-04
2306,-2.66E-04,-6.40E-04,-3.25E-04,-7.62E-05,-1.89E-04,-2.82E-04,-6.94E-04,-5.95E-04,-2.38E-04,-3.45E-04,-1.11E-04,-2.66E-04,9.76E-05,-1.79E-05,-1.04E-04,-1.12E-04,-4.76E-04,-4.61E-04,-1.07E-04,-3.05E-04
2307,-2.64E-04,-6.49E-04,-3.42E-04,-7.49E-05,-1.89E-04,-2.73E-04,-7.40E-04,-5.96E-04,-2.39E-04,-3.42E-04,-1.34E-04,-2.71E-04,7.30E-05,-2.87E-05,-1.17E-04,-1.19E-04,-4.93E-04,-4.68E-04,-1.07E-04,-3.07E-04
2308,-2.61E-04,-6.54E-04,-3.58E-04,-7.36E-05,-1.87E-04,-2.65E-04,-7.80E-04,-5.95E-04,-2.39E-04,-3.39E-04,-1.56E-04,-2.74E-04,4.75E-05,-3.88E-05,-1.29E-04,-1.26E-04,-5.06E-04,-4.73E-04,-1.05E-04,-3.07E-04
2309,-2.57E-04,-6.55E-04,-3.71E-04,-7.19E-05,-1.86E-04,-2.57E-04,-8.12E-04,-5.93E-04,-2.39E-04,-3.36E-04,-1.77E-04,-2.73E-04,2.18E-05,-4.77E-05,-1.40E-04,-1.33E-04,-5.16E-04,-4.77E-04,-1.03E-04,-3.06E-04
2310,-2.53E-04,-6.55E-04,-3.84E-04,-6.97E-05,-1.84E-04,-2.48E-04,-8.36E-04,-5.90E-04,-2.38E-04,-3.33E-04,-1.97E-04,-2.71E-04,-3.45E-06,-5.53E-05,-1.49E-04,-1.40E-04,-5.23E-04,-4.80E-04,-1.00E-04,-3.05E-04
2311,-2.47E-04,-6.52E-04,-3.95E-04,-6.67E-05,-1.81E-04,-2.39E-04,-8.52E-04,-5.87E-04,-2.36E-04,-3.29E-04,-2.14E-04,-2.68E-04,-2.74E-05,-6.13E-05,-1.55E-04,-1.45E-04,-5.28E-04,-4.82E-04,-9.60E-05,-3.02E-04
2312,-2.40E-04,-6.49E-04,-4.04E-04,-6.27E-05,-1.79E-04,-2.29E-04,-8.60E-04,-5.82E-04,-2.33E-04,-3.24E-04,-2.29E-04,-2.65E-04,-4.95E-05,-6.57E-05,-1.58E-04,-1.50E-04,-5.32E-04,-4.83E-04,-9.10E-05,-2.98E-04
2313,-2.29E-04,-6.46E-04,-4.13E-04,-5.75E-05,-1.76E-04,-2.19E-04,-8.60E-04,-5.77E-04,-2.30E-04,-3.18E-04,-2.41E-04,-2.63E-04,-6.89E-05,-6.81E-05,-1.59E-04,-1.54E-04,-5.35E-04,-4.82E-04,-8.51E-05,-2.93E-04
2314,-2.16E-04,-6.42E-04,-4.20E-04,-5.08E-05,-1.73E-04,-2.08E-04,-8.53E-04,-5.71E-04,-2.26E-04,-3.11E-04,-2.50E-04,-2.61E-04,-8.50E-05,-6.86E-05,-1.57E-04,-1.56E-04,-5.39E-04,-4.81E-04,-7.84E-05,-2.87E-04
2315,-1.98E-04,-6.39E-04,-4.27E-04,-4.27E-05,-1.69E-04,-1.97E-04,-8.40E-04,-5.64E-04,-2.21E-04,-3.03E-04,-2.56E-04,-2.61E-04,-9.73E-05,-6.72E-05,-1.52E-04,-1.58E-04,-5.42E-04,-4.78E-04,-7.10E-05,-2.79E-04
2316,-1.75E-04,-6.36E-04,-4.33E-04,-3.28E-05,-1.65E-04,-1.85E-04,-8.23E-04,-5.57E-04,-2.16E-04,-2.93E-04,-2.59E-04,-2.62E-04,-1.06E-04,-6.37E-05,-1.45E-04,-1.57E-04,-5.47E-04,-4.75E-04,-6.30E-05,-2.71E-04
2317,-1.48E-04,-6.33E-04,-4.38E-04,-2.12E-05,-1.60E-04,-1.72E-04,-8.01E-04,-5.48E-04,-2.10E-04,-2.83E-04,-2.59E-04,-2.64E-04,-1.09E-04,-5.82E-05,-1.35E-04,-1.56E-04,-5.53E-04,-4.70E-04,-5.45E-05,-2.63E-04
2318,-1.16E-04,-6.31E-04,-4.42E-04,-7.89E-06,-1.55E-04,-1.59E-04,-7.77E-04,-5.38E-04,-2.04E-04,-2.71E-04,-2.56E-04,-2.67E-04,-1.09E-04,-5.08E-05,-1.24E-04,-1.53E-04,-5.59E-04,-4.65E-04,-4.55E-05,-2.53E-04
2319,-8.09E-05,-6.28E-04,-4.46E-04,7.14E-06,-1.48E-04,-1.44E-04,-7.52E-04,-5.26E-04,-1.97E-04,-2.58E-04,-2.50E-04,-2.70E-04,-1.04E-04,-4.17E-05,-1.11E-04,-1.49E-04,-5.67E-04,-4.58E-04,-3.60E-05,-2.43E-04
2320,-4.37E-05,-6.26E-04,-4.49E-04,2.38E-05,-1.41E-04,-1.29E-04,-7.26E-04,-5.12E-04,-1.89E-04,-2.45E-04,-2.43E-04,-2.74E-04,-9.54E-05,-3.10E-05,-9.79E-05,-1.43E-04,-5.75E-04,-4.50E-04,-2.62E-05,-2.32E-04
2321,-6.17E-06,-6.25E-04,-4.50E-04,4.18E-05,-1.32E-04,-1.12E-04,-7.00E-04,-4.97E-04,-1.81E-04,-2.31E-04,-2.33E-04,-2.77E-04,-8.32E-05,-1.88E-05,-8.40E-05,-1.36E-04,-5.83E-04,-4.41E-04,-1.60E-05,-2.21E-04
2322,2.95E-05,-6.23E-04,-4.51E-04,6.11E-05,-1.22E-04,-9.52E-05,-6.74E-04,-4.79E-04,-1.72E-04,-2.16E-04,-2.22E-04,-2.78E-04,-6.80E-05,-5.37E-06,-7.01E-05,-1.28E-04,-5.91E-04,-4.30E-04,-5.45E-06,-2.10E-04
2323,6.11E-05,-6.22E-04,-4.50E-04,8.14E-05,-1.11E-04,-7.74E-05,-6.49E-04,-4.60E-04,-1.62E-04,-2.01E-04,-2.10E-04,-2.77E-04,-5.06E-05,9.06E-06,-5.65E-05,-1.18E-04,-5.97E-04,-4.19E-04,5.45E-06,-1.98E-04
2324,8.61E-05,-6.21E-04,-4.49E-04,1.02E-04,-9.84E-05,-5.89E-05,-6.25E-04,-4.38E-04,-1.53E-04,-1.86E-04,-1.97E-04,-2.75E-04,-3.16E-05,2.43E-05,-4.34E-05,-1.08E-04,-6.01E-04,-4.06E-04,1.67E-05,-1.86E-04
2325,1.02E-04,-6.20E-04,-4.45E-04,1.24E-04,-8.43E-05,-3.99E-05,-6.03E-04,-4.14E-04,-1.42E-04,-1.72E-04,-1.84E-04,-2.69E-04,-1.19E-05,4.00E-05,-3.09E-05,-9.69E-05,-6.03E-04,-3.92E-04,2.84E-05,-1.74E-04
2326,1.08E-04,-6.20E-04,-4.40E-04,1.45E-04,-6.89E-05,-2.05E-05,-5.81E-04,-3.87E-04,-1.32E-04,-1.58E-04,-1.72E-04,-2.62E-04,7.78E-06,5.60E-05,-1.93E-05,-8.50E-05,-6.02E-04,-3.76E-04,4.05E-05,-1.61E-04
2327,1.02E-04,-6.20E-04,-4.32E-04,1.66E-04,-5.22E-05,-7.23E-07,-5.59E-04,-3.59E-04,-1.21E-04,-1.44E-04,-1.60E-04,-2.52E-04,2.68E-05,7.21E-05,-8.26E-06,-7.25E-05,-5.98E-04,-3.59E-04,5.30E-05,-1.49E-04
2328,8.34E-05,-6.19E-04,-4.23E-04,1.86E-04,-3.43E-05,1.92E-05,-5.39E-04,-3.29E-04,-1.10E-04,-1.31E-04,-1.50E-04,-2.40E-04,4.43E-05,8.81E-05,2.18E-06,-5.97E-05,-5.90E-04,-3.41E-04,6.60E-05,-1.36E-04
2329,5.23E-05,-6.19E-04,-4.12E-04,2.06E-04,-1.56E-05,3.91E-05,-5.18E-04,-2.98E-04,-9.90E-05,-1.20E-04,-1.40E-04,-2.27E-04,6.00E-05,1.04E-04,1.22E-05,-4.67E-05,-5.78E-04,-3.22E-04,7.93E-05,-1.23E-04
2330,9.74E-06,-6.18E-04,-3.99E-04,2.24E-04,3.86E-06,5.89E-05,-4.98E-04,-2.66E-04,-8.82E-05,-1.09E-04,-1.32E-04,-2.13E-04,7.33E-05,1.19E-04,2.22E-05,-3.35E-05,-5.63E-04,-3.01E-04,9.29E-05,-1.10E-04
2331,-4.23E-05,-6.16E-04,-3.84E-04,2.41E-04,2.37E-05,7.85E-05,-4.79E-04,-2.34E-04,-7.75E-05,-9.97E-05,-1.25E-04,-1.99E-04,8.40E-05,1.33E-04,3.22E-05,-2.04E-05,-5.45E-04,-2.80E-04,1.07E-04,-9.64E-05
2332,-1.01E-04,-6.12E-04,-3.67E-04,2.57E-04,4.38E-05,9.76E-05,-4.59E-04,-2.01E-04,-6.70E-05,-9.15E-05,-1.20E-04,-1.86E-04,9.19E-05,1.47E-04,4.26E-05,-7.57E-06,-5.25E-04,-2.57E-04,1.21E-04,-8.33E-05
2333,-1.64E-04,-6.05E-04,-3.48E-04,2.71E-04,6.37E-05,1.16E-04,-4.40E-04,-1.68E-04,-5.69E-05,-8.45E-05,-1.16E-04,-1.75E-04,9.69E-05,1.59E-04,5.35E-05,4.93E-06,-5.02E-04,-2.33E-04,1.35E-04,-7.03E-05
2334,-2.26E-04,-5.96E-04,-3.29E-04,2.83E-04,8.33E-05,1.34E-04,-4.21E-04,-1.37E-04,-4.72E-05,-7.88E-05,-1.14E-04,-1.66E-04,9.93E-05,1.70E-04,6.51E-05,1.69E-05,-4.79E-04,-2.09E-04,1.49E-04,-5.75E-05
2335,-2.83E-04,-5.83E-04,-3.08E-04,2.94E-04,1.02E-04,1.51E-04,-4.04E-04,-1.06E-04,-3.80E-05,-7.43E-05,-1.12E-04,-1.59E-04,9.92E-05,1.81E-04,7.74E-05,2.83E-05,-4.54E-04,-1.84E-04,1.63E-04,-4.50E-05
2336,-3.32E-04,-5.66E-04,-2.87E-04,3.03E-04,1.21E-04,1.67E-04,-3.87E-04,-7.59E-05,-2.93E-05,-7.10E-05,-1.12E-04,-1.56E-04,9.70E-05,1.90E-04,9.04E-05,3.89E-05,-4.30E-04,-1.59E-04,1.77E-04,-3.30E-05
2337,-3.68E-04,-5.45E-04,-2.65E-04,3.10E-04,1.38E-04,1.82E-04,-3.72E-04,-4.74E-05,-2.10E-05,-6.88E-05,-1.12E-04,-1.56E-04,9.30E-05,1.97E-04,1.04E-04,4.87E-05,-4.07E-04,-1.34E-04,1.90E-04,-2.15E-05
2338,-3.88E-04,-5.19E-04,-2.44E-04,3.16E-04,1.54E-04,1.96E-04,-3.58E-04,-2.04E-05,-1.33E-05,-6.77E-05,-1.13E-04,-1.59E-04,8.79E-05,2.04E-04,1.18E-04,5.74E-05,-3.86E-04,-1.09E-04,2.02E-04,-1.07E-05
2339,-3.91E-04,-4.88E-04,-2.23E-04,3.20E-04,1.69E-04,2.08E-04,-3.45E-04,5.31E-06,-5.98E-06,-6.76E-05,-1.15E-04,-1.64E-04,8.19E-05,2.09E-04,1.32E-04,6.51E-05,-3.66E-04,-8.45E-05,2.14E-04,-6.43E-07
2340,-3.74E-04,-4.52E-04,-2.03E-04,3.23E-04,1.84E-04,2.19E-04,-3.34E-04,2.97E-05,8.25E-07,-6.86E-05,-1.16E-04,-1.70E-04,7.57E-05,2.13E-04,1.45E-04,7.15E-05,-3.49E-04,-6.06E-05,2.24E-04,8.57E-06
2341,-3.39E-04,-4.13E-04,-1.84E-04,3.26E-04,1.97E-04,2.29E-04,-3.24E-04,5.29E-05,7.20E-06,-7.05E-05,-1.18E-04,-1.78E-04,6.97E-05,2.15E-04,1.57E-04,7.67E-05,-3.34E-04,-3.75E-05,2.34E-04,1.69E-05
2342,-2.87E-04,-3.70E-04,-1.67E-04,3.27E-04,2.08E-04,2.37E-04,-3.15E-04,7.51E-05,1.32E-05,-7.33E-05,-1.20E-04,-1.85E-04,6.42E-05,2.16E-04,1.68E-04,8.05E-05,-3.21E-04,-1.54E-05,2.43E-04,2.41E-05
2343,-2.20E-04,-3.24E-04,-1.50E-04,3.27E-04,2.19E-04,2.43E-04,-3.06E-04,9.65E-05,1.88E-05,-7.71E-05,-1.21E-04,-1.92E-04,5.96E-05,2.16E-04,1.78E-04,8.28E-05,-3.11E-04,5.52E-06,2.50E-04,3.04E-05
2344,-1.42E-04,-2.77E-04,-1.36E-04,3.26E-04,2.29E-04,2.48E-04,-2.98E-04,1.17E-04,2.41E-05,-8.17E-05,-1.22E-04,-1.96E-04,5.61E-05,2.15E-04,1.85E-04,8.37E-05,-3.02E-04,2.52E-05,2.56E-04,3.55E-05
2345,-5.72E-05,-2.30E-04,-1.22E-04,3.24E-04,2.38E-04,2.51E-04,-2.89E-04,1.38E-04,2.91E-05,-8.73E-05,-1.22E-04,-1.97E-04,5.39E-05,2.13E-04,1.89E-04,8.30E-05,-2.95E-04,4.37E-05,2.61E-04,3.96E-05
2346,2.90E-05,-1.85E-04,-1.11E-04,3.21E-04,2.46E-04,2.53E-04,-2.79E-04,1.58E-04,3.38E-05,-9.38E-05,-1.21E-04,-1.95E-04,5.28E-05,2.09E-04,1.91E-04,8.08E-05,-2.88E-04,6.08E-05,2.65E-04,4.26E-05
2347,1.12E-04,-1.41E-04,-1.00E-04,3.18E-04,2.53E-04,2.52E-04,-2.68E-04,1.79E-04,3.83E-05,-1.01E-04,-1.20E-04,-1.89E-04,5.29E-05,2.05E-04,1.89E-04,7.71E-05,-2.83E-04,7.65E-05,2.68E-04,4.45E-05
2348,1.88E-04,-1.01E-04,-9.12E-05,3.13E-04,2.58E-04,2.50E-04,-2.55E-04,1.99E-04,4.25E-05,-1.09E-04,-1.18E-04,-1.78E-04,5.39E-05,1.99E-04,1.85E-04,7.18E-05,-2.77E-04,9.09E-05,2.69E-04,4.54E-05
2349,2.53E-04,-6.57E-05,-8.32E-05,3.09E-04,2.63E-04,2.46E-04,-2.40E-04,2.19E-04,4.64E-05,-1.19E-04,-1.15E-04,-1.63E-04,5.56E-05,1.93E-04,1.77E-04,6.50E-05,-2.71E-04,1.04E-04,2.69E-04,4.53E-05
2350,3.03E-04,-3.55E-05,-7.62E-05,3.03E-04,2.67E-04,2.41E-04,-2.23E-04,2.39E-04,5.01E-05,-1.29E-04,-1.11E-04,-1.44E-04,5.76E-05,1.86E-04,1.67E-04,5.68E-05,-2.65E-04,1.16E-04,2.68E-04,4.43E-05
2351,3.38E-04,-1.12E-05,-6.99E-05,2.96E-04,2.70E-04,2.33E-04,-2.03E-04,2.58E-04,5.34E-05,-1.39E-04,-1.06E-04,-1.22E-04,5.96E-05,1.78E-04,1.53E-04,4.73E-05,-2.58E-04,1.26E-04,2.66E-04,4.24E-05
2352,3.56E-04,7.17E-06,-6.41E-05,2.89E-04,2.71E-04,2.24E-04,-1.82E-04,2.77E-04,5.65E-05,-1.51E-04,-9.96E-05,-9.67E-05,6.12E-05,1.70E-04,1.38E-04,3.66E-05,-2.50E-04,1.36E-04,2.63E-04,3.96E-05
2353,3.58E-04,1.96E-05,-5.86E-05,2.81E-04,2.70E-04,2.13E-04,-1.58E-04,2.95E-04,5.92E-05,-1.63E-04,-9.23E-05,-7.00E-05,6.22E-05,1.62E-04,1.21E-04,2.48E-05,-2.42E-04,1.44E-04,2.59E-04,3.62E-05
2354,3.45E-04,2.64E-05,-5.34E-05,2.73E-04,2.68E-04,2.01E-04,-1.34E-04,3.12E-04,6.16E-05,-1.76E-04,-8.39E-05,-4.26E-05,6.24E-05,1.53E-04,1.02E-04,1.20E-05,-2.33E-04,1.51E-04,2.54E-04,3.21E-05
2355,3.21E-04,2.84E-05,-4.82E-05,2.63E-04,2.64E-04,1.87E-04,-1.08E-04,3.27E-04,6.36E-05,-1.90E-04,-7.44E-05,-1.56E-05,6.14E-05,1.44E-04,8.27E-05,-1.45E-06,-2.23E-04,1.57E-04,2.48E-04,2.75E-05
2356,2.88E-04,2.62E-05,-4.30E-05,2.53E-04,2.59E-04,1.71E-04,-8.12E-05,3.40E-04,6.53E-05,-2.03E-04,-6.38E-05,1.02E-05,5.93E-05,1.36E-04,6.30E-05,-1.55E-05,-2.14E-04,1.62E-04,2.41E-04,2.23E-05
2357,2.50E-04,2.10E-05,-3.77E-05,2.43E-04,2.51E-04,1.54E-04,-5.47E-05,3.52E-04,6.67E-05,-2.18E-04,-5.23E-05,3.38E-05,5.61E-05,1.27E-04,4.35E-05,-3.00E-05,-2.04E-04,1.65E-04,2.34E-04,1.69E-05
2358,2.12E-04,1.37E-05,-3.24E-05,2.31E-04,2.42E-04,1.36E-04,-2.85E-05,3.61E-04,6.77E-05,-2.32E-04,-3.99E-05,5.45E-05,5.19E-05,1.19E-04,2.46E-05,-4.46E-05,-1.95E-04,1.68E-04,2.26E-04,1.11E-05
2359,1.76E-04,5.62E-06,-2.69E-05,2.19E-04,2.32E-04,1.17E-04,-3.13E-06,3.68E-04,6.86E-05,-2.46E-04,-2.68E-05,7.19E-05,4.69E-05,1.11E-04,6.57E-06,-5.93E-05,-1.87E-04,1.69E-04,2.18E-04,5.19E-06
2360,1.47E-04,-2.27E-06,-2.14E-05,2.07E-04,2.20E-04,9.78E-05,2.11E-05,3.73E-04,6.92E-05,-2.60E-04,-1.33E-05,8.58E-05,4.13E-05,1.04E-04,-1.02E-05,-7.39E-05,-1.79E-04,1.70E-04,2.10E-04,-8.01E-07
2361,1.27E-04,-8.96E-06,-1.59E-05,1.93E-04,2.07E-04,7.75E-05,4.39E-05,3.76E-04,6.96E-05,-2.74E-04,4.89E-07,9.62E-05,3.55E-05,9.74E-05,-2.57E-05,-8.82E-05,-1.73E-04,1.69E-04,2.01E-04,-6.75E-06
2362,1.17E-04,-1.36E-05,-1.04E-05,1.78E-04,1.93E-04,5.70E-05,6.52E-05,3.77E-04,7.00E-05,-2.87E-04,1.42E-05,1.03E-04,3.00E-05,9.14E-05,-3.97E-05,-1.02E-04,-1.67E-04,1.68E-04,1.92E-04,-1.26E-05
2363,1.18E-04,-1.55E-05,-4.96E-06,1.62E-04,1.78E-04,3.65E-05,8.48E-05,3.77E-04,7.03E-05,-2.99E-04,2.74E-05,1.08E-04,2.51E-05,8.62E-05,-5.23E-05,-1.15E-04,-1.62E-04,1.66E-04,1.84E-04,-1.81E-05
2364,1.30E-04,-1.42E-05,2.93E-07,1.45E-04,1.63E-04,1.63E-05,1.03E-04,3.76E-04,7.07E-05,-3.11E-04,3.99E-05,1.10E-04,2.11E-05,8.16E-05,-6.35E-05,-1.28E-04,-1.57E-04,1.64E-04,1.75E-04,-2.34E-05
2365,1.51E-04,-9.43E-06,5.33E-06,1.27E-04,1.48E-04,-3.52E-06,1.19E-04,3.74E-04,7.11E-05,-3.22E-04,5.13E-05,1.10E-04,1.84E-05,7.77E-05,-7.36E-05,-1.40E-04,-1.54E-04,1.61E-04,1.67E-04,-2.83E-05
2366,1.78E-04,-1.26E-06,1.01E-05,1.07E-04,1.34E-04,-2.26E-05,1.34E-04,3.72E-04,7.16E-05,-3.32E-04,6.12E-05,1.10E-04,1.72E-05,7.45E-05,-8.27E-05,-1.52E-04,-1.50E-04,1.58E-04,1.59E-04,-3.28E-05
2367,2.07E-04,1.01E-05,1.46E-05,8.55E-05,1.20E-04,-4.08E-05,1.47E-04,3.70E-04,7.22E-05,-3.41E-04,6.94E-05,1.09E-04,1.78E-05,7.18E-05,-9.11E-05,-1.62E-04,-1.46E-04,1.55E-04,1.52E-04,-3.68E-05
2368,2.36E-04,2.44E-05,1.87E-05,6.24E-05,1.07E-04,-5.79E-05,1.58E-04,3.68E-04,7.28E-05,-3.48E-04,7.56E-05,1.10E-04,2.00E-05,6.96E-05,-9.90E-05,-1.72E-04,-1.42E-04,1.51E-04,1.44E-04,-4.03E-05
2369,2.60E-04,4.10E-05,2.25E-05,3.78E-05,9.49E-05,-7.39E-05,1.68E-04,3.66E-04,7.35E-05,-3.55E-04,7.95E-05,1.11E-04,2.39E-05,6.78E-05,-1.07E-04,-1.82E-04,-1.38E-04,1.47E-04,1.38E-04,-4.34E-05
2370,2.76E-04,5.92E-05,2.59E-05,1.15E-05,8.38E-05,-8.87E-05,1.77E-04,3.66E-04,7.41E-05,-3.60E-04,8.11E-05,1.13E-04,2.92E-05,6.62E-05,-1.14E-04,-1.91E-04,-1.32E-04,1.44E-04,1.31E-04,-4.60E-05
2371,2.80E-04,7.84E-05,2.89E-05,-1.63E-05,7.35E-05,-1.02E-04,1.84E-04,3.65E-04,7.45E-05,-3.65E-04,8.02E-05,1.17E-04,3.56E-05,6.47E-05,-1.22E-04,-1.99E-04,-1.27E-04,1.40E-04,1.25E-04,-4.84E-05
2372,2.69E-04,9.77E-05,3.14E-05,-4.53E-05,6.40E-05,-1.15E-04,1.89E-04,3.66E-04,7.47E-05,-3.69E-04,7.70E-05,1.22E-04,4.25E-05,6.31E-05,-1.31E-04,-2.07E-04,-1.20E-04,1.36E-04,1.20E-04,-5.05E-05
2373,2.44E-04,1.16E-04,3.33E-05,-7.55E-05,5.51E-05,-1.26E-04,1.92E-04,3.66E-04,7.44E-05,-3.71E-04,7.15E-05,1.27E-04,4.95E-05,6.14E-05,-1.40E-04,-2.15E-04,-1.13E-04,1.31E-04,1.14E-04,-5.25E-05
2374,2.03E-04,1.34E-04,3.47E-05,-1.06E-04,4.65E-05,-1.36E-04,1.92E-04,3.66E-04,7.36E-05,-3.73E-04,6.40E-05,1.33E-04,5.60E-05,5.92E-05,-1.50E-04,-2.22E-04,-1.06E-04,1.26E-04,1.08E-04,-5.44E-05
2375,1.48E-04,1.49E-04,3.54E-05,-1.38E-04,3.79E-05,-1.46E-04,1.91E-04,3.65E-04,7.20E-05,-3.75E-04,5.48E-05,1.38E-04,6.13E-05,5.66E-05,-1.60E-04,-2.30E-04,-9.91E-05,1.20E-04,1.02E-04,-5.66E-05
2376,8.00E-05,1.62E-04,3.54E-05,-1.70E-04,2.91E-05,-1.55E-04,1.87E-04,3.63E-04,6.95E-05,-3.76E-04,4.41E-05,1.41E-04,6.49E-05,5.33E-05,-1.71E-04,-2.38E-04,-9.27E-05,1.13E-04,9.56E-05,-5.90E-05
2377,2.74E-06,1.72E-04,3.45E-05,-2.01E-04,1.97E-05,-1.64E-04,1.80E-04,3.60E-04,6.61E-05,-3.77E-04,3.24E-05,1.43E-04,6.61E-05,4.92E-05,-1.83E-04,-2.45E-04,-8.71E-05,1.05E-04,8.86E-05,-6.18E-05
2378,-8.01E-05,1.78E-04,3.26E-05,-2.33E-04,9.33E-06,-1.73E-04,1.70E-04,3.54E-04,6.15E-05,-3.79E-04,2.01E-05,1.41E-04,6.47E-05,4.41E-05,-1.96E-04,-2.53E-04,-8.30E-05,9.48E-05,8.08E-05,-6.51E-05
2379,-1.64E-04,1.81E-04,2.97E-05,-2.63E-04,-2.14E-06,-1.82E-04,1.58E-04,3.46E-04,5.57E-05,-3.80E-04,7.72E-06,1.36E-04,6.01E-05,3.81E-05,-2.09E-04,-2.62E-04,-8.06E-05,8.28E-05,7.23E-05,-6.90E-05
2380,-2.46E-04,1.80E-04,2.56E-05,-2.93E-04,-1.49E-05,-1.90E-04,1.44E-04,3.34E-04,4.86E-05,-3.82E-04,-4.46E-06,1.27E-04,5.23E-05,3.09E-05,-2.23E-04,-2.70E-04,-8.05E-05,6.87E-05,6.28E-05,-7.36E-05
2381,-3.20E-04,1.74E-04,2.02E-05,-3.21E-04,-2.91E-05,-2.00E-04,1.27E-04,3.19E-04,4.03E-05,-3.84E-04,-1.60E-05,1.14E-04,4.13E-05,2.26E-05,-2.37E-04,-2.79E-04,-8.27E-05,5.24E-05,5.24E-05,-7.88E-05
2382,-3.83E-04,1.65E-04,1.36E-05,-3.48E-04,-4.48E-05,-2.09E-04,1.08E-04,3.01E-04,3.07E-05,-3.87E-04,-2.67E-05,9.59E-05,2.72E-05,1.30E-05,-2.51E-04,-2.89E-04,-8.76E-05,3.37E-05,4.09E-05,-8.47E-05
2383,-4.33E-04,1.52E-04,5.57E-06,-3.73E-04,-6.18E-05,-2.19E-04,8.86E-05,2.79E-04,2.01E-05,-3.90E-04,-3.62E-05,7.38E-05,1.04E-05,2.24E-06,-2.66E-04,-2.98E-04,-9.52E-05,1.28E-05,2.86E-05,-9.13E-05
2384,-4.68E-04,1.35E-04,-3.72E-06,-3.97E-04,-8.00E-05,-2.30E-04,6.79E-05,2.54E-04,8.43E-06,-3.93E-04,-4.43E-05,4.80E-05,-8.61E-06,-9.70E-06,-2.80E-04,-3.08E-04,-1.05E-04,-1.02E-05,1.54E-05,-9.83E-05
2385,-4.87E-04,1.15E-04,-1.42E-05,-4.19E-04,-9.92E-05,-2.40E-04,4.68E-05,2.26E-04,-4.06E-06,-3.97E-04,-5.10E-05,1.90E-05,-2.92E-05,-2.27E-05,-2.95E-04,-3.17E-04,-1.18E-04,-3.50E-05,1.46E-06,-1.06E-04
2386,-4.92E-04,9.16E-05,-2.59E-05,-4.39E-04,-1.19E-04,-2.51E-04,2.57E-05,1.95E-04,-1.72E-05,-4.02E-04,-5.63E-05,-1.22E-05,-5.07E-05,-3.68E-05,-3.09E-04,-3.27E-04,-1.32E-04,-6.14E-05,-1.30E-05,-1.13E-04
2387,-4.82E-04,6.53E-05,-3.85E-05,-4.58E-04,-1.39E-04,-2.62E-04,4.94E-06,1.62E-04,-3.07E-05,-4.06E-04,-6.02E-05,-4.46E-05,-7.22E-05,-5.17E-05,-3.23E-04,-3.36E-04,-1.48E-04,-8.89E-05,-2.78E-05,-1.21E-04
2388,-4.61E-04,3.66E-05,-5.19E-05,-4.75E-04,-1.60E-04,-2.72E-04,-1.53E-05,1.27E-04,-4.43E-05,-4.11E-04,-6.29E-05,-7.73E-05,-9.30E-05,-6.72E-05,-3.36E-04,-3.44E-04,-1.66E-04,-1.17E-04,-4.27E-05,-1.28E-04
2389,-4.32E-04,5.97E-06,-6.59E-05,-4.91E-04,-1.80E-04,-2.82E-04,-3.49E-05,9.07E-05,-5.79E-05,-4.15E-04,-6.45E-05,-1.09E-04,-1.12E-04,-8.32E-05,-3.49E-04,-3.52E-04,-1.84E-04,-1.45E-04,-5.74E-05,-1.35E-04
2390,-3.99E-04,-2.60E-05,-8.01E-05,-5.05E-04,-1.99E-04,-2.91E-04,-5.38E-05,5.39E-05,-7.12E-05,-4.19E-04,-6.53E-05,-1.39E-04,-1.29E-04,-9.95E-05,-3.61E-04,-3.58E-04,-2.02E-04,-1.74E-04,-7.17E-05,-1.41E-04
2391,-3.65E-04,-5.86E-05,-9.44E-05,-5.18E-04,-2.17E-04,-2.99E-04,-7.23E-05,1.70E-05,-8.40E-05,-4.22E-04,-6.54E-05,-1.66E-04,-1.43E-04,-1.16E-04,-3.72E-04,-3.63E-04,-2.20E-04,-2.01E-04,-8.55E-05,-1.47E-04
2392,-3.33E-04,-9.12E-05,-1.08E-04,-5.30E-04,-2.34E-04,-3.06E-04,-9.05E-05,-1.94E-05,-9.62E-05,-4.25E-04,-6.51E-05,-1.90E-04,-1.54E-04,-1.32E-04,-3.82E-04,-3.67E-04,-2.38E-04,-2.27E-04,-9.83E-05,-1.51E-04
2393,-3.08E-04,-1.23E-04,-1.22E-04,-5.40E-04,-2.50E-04,-3.12E-04,-1.09E-04,-5.49E-05,-1.08E-04,-4.26E-04,-6.46E-05,-2.09E-04,-1.61E-04,-1.47E-04,-3.91E-04,-3.69E-04,-2.54E-04,-2.52E-04,-1.10E-04,-1.54E-04
2394,-2.92E-04,-1.54E-04,-1.35E-04,-5.48E-04,-2.64E-04,-3.16E-04,-1.28E-04,-8.93E-05,-1.18E-04,-4.27E-04,-6.39E-05,-2.25E-04,-1.64E-04,-1.61E-04,-3.98E-04,-3.69E-04,-2.69E-04,-2.75E-04,-1.21E-04,-1.56E-04
2395,-2.86E-04,-1.82E-04,-1.47E-04,-5.55E-04,-2.77E-04,-3.19E-04,-1.47E-04,-1.22E-04,-1.27E-04,-4.26E-04,-6.34E-05,-2.36E-04,-1.64E-04,-1.75E-04,-4.04E-04,-3.67E-04,-2.83E-04,-2.96E-04,-1.30E-04,-1.56E-04
2396,-2.92E-04,-2.08E-04,-1.58E-04,-5.59E-04,-2.88E-04,-3.20E-04,-1.68E-04,-1.54E-04,-1.36E-04,-4.24E-04,-6.29E-05,-2.43E-04,-1.60E-04,-1.87E-04,-4.09E-04,-3.63E-04,-2.96E-04,-3.15E-04,-1.38E-04,-1.55E-04
2397,-3.10E-04,-2.30E-04,-1.67E-04,-5.62E-04,-2.98E-04,-3.20E-04,-1.89E-04,-1.84E-04,-1.44E-04,-4.21E-04,-6.25E-05,-2.46E-04,-1.53E-04,-1.97E-04,-4.12E-04,-3.57E-04,-3.07E-04,-3.33E-04,-1.45E-04,-1.52E-04
2398,-3.37E-04,-2.49E-04,-1.76E-04,-5.63E-04,-3.07E-04,-3.19E-04,-2.12E-04,-2.13E-04,-1.51E-04,-4.17E-04,-6.23E-05,-2.47E-04,-1.44E-04,-2.06E-04,-4.14E-04,-3.49E-04,-3.18E-04,-3.48E-04,-1.50E-04,-1.48E-04
2399,-3.74E-04,-2.64E-04,-1.84E-04,-5.61E-04,-3.15E-04,-3.16E-04,-2.36E-04,-2.40E-04,-1.57E-04,-4.12E-04,-6.21E-05,-2.45E-04,-1.33E-04,-2.13E-04,-4.14E-04,-3.40E-04,-3.27E-04,-3.62E-04,-1.53E-04,-1.42E-04
2400,-4.16E-04,-2.75E-04,-1.90E-04,-5.57E-04,-3.21E-04,-3.13E-04,-2.61E-04,-2.66E-04,-1.63E-04,-4.06E-04,-6.19E-05,-2.41E-04,-1.20E-04,-2.18E-04,-4.13E-04,-3.28E-04,-3.36E-04,-3.74E-04,-1.56E-04,-1.36E-04
2401,-4.61E-04,-2.82E-04,-1.96E-04,-5.51E-04,-3.27E-04,-3.09E-04,-2.86E-04,-2.92E-04,-1.69E-04,-3.99E-04,-6.16E-05,-2.37E-04,-1.08E-04,-2.22E-04,-4.10E-04,-3.16E-04,-3.45E-04,-3.85E-04,-1.57E-04,-1.28E-04
2402,-5.06E-04,-2.85E-04,-2.01E-04,-5.42E-04,-3.33E-04,-3.04E-04,-3.10E-04,-3.16E-04,-1.74E-04,-3.92E-04,-6.11E-05,-2.33E-04,-9.59E-05,-2.24E-04,-4.06E-04,-3.02E-04,-3.54E-04,-3.96E-04,-1.58E-04,-1.20E-04
2403,-5.48E-04,-2.85E-04,-2.05E-04,-5.32E-04,-3.37E-04,-2.99E-04,-3.33E-04,-3.40E-04,-1.79E-04,-3.85E-04,-6.04E-05,-2.29E-04,-8.49E-05,-2.24E-04,-4.00E-04,-2.88E-04,-3.63E-04,-4.05E-04,-1.58E-04,-1.10E-04
2404,-5.83E-04,-2.81E-04,-2.08E-04,-5.19E-04,-3.41E-04,-2.93E-04,-3.53E-04,-3.64E-04,-1.84E-04,-3.78E-04,-5.95E-05,-2.27E-04,-7.55E-05,-2.23E-04,-3.93E-04,-2.73E-04,-3.73E-04,-4.15E-04,-1.57E-04,-1.01E-04
2405,-6.10E-04,-2.75E-04,-2.12E-04,-5.06E-04,-3.45E-04,-2.87E-04,-3.70E-04,-3.87E-04,-1.90E-04,-3.71E-04,-5.83E-05,-2.26E-04,-6.82E-05,-2.21E-04,-3.85E-04,-2.58E-04,-3.83E-04,-4.24E-04,-1.55E-04,-9.08E-05
2406,-6.28E-04,-2.66E-04,-2.15E-04,-4.91E-04,-3.48E-04,-2.81E-04,-3.83E-04,-4.10E-04,-1.95E-04,-3.64E-04,-5.69E-05,-2.28E-04,-6.31E-05,-2.19E-04,-3.76E-04,-2.43E-04,-3.94E-04,-4.32E-04,-1.53E-04,-8.07E-05
2407,-6.36E-04,-2.57E-04,-2.18E-04,-4.75E-04,-3.50E-04,-2.75E-04,-3.90E-04,-4.31E-04,-2.01E-04,-3.57E-04,-5.55E-05,-2.31E-04,-6.05E-05,-2.16E-04,-3.67E-04,-2.29E-04,-4.06E-04,-4.41E-04,-1.51E-04,-7.06E-05
2408,-6.33E-04,-2.46E-04,-2.21E-04,-4.60E-04,-3.52E-04,-2.68E-04,-3.92E-04,-4.52E-04,-2.06E-04,-3.52E-04,-5.42E-05,-2.36E-04,-6.03E-05,-2.13E-04,-3.56E-04,-2.16E-04,-4.17E-04,-4.49E-04,-1.48E-04,-6.08E-05
2409,-6.22E-04,-2.36E-04,-2.24E-04,-4.45E-04,-3.52E-04,-2.61E-04,-3.87E-04,-4.72E-04,-2.12E-04,-3.46E-04,-5.32E-05,-2.43E-04,-6.23E-05,-2.11E-04,-3.45E-04,-2.04E-04,-4.29E-04,-4.57E-04,-1.45E-04,-5.12E-05
2410,-6.04E-04,-2.25E-04,-2.27E-04,-4.31E-04,-3.51E-04,-2.54E-04,-3.76E-04,-4.89E-04,-2.18E-04,-3.42E-04,-5.27E-05,-2.51E-04,-6.63E-05,-2.09E-04,-3.34E-04,-1.94E-04,-4.41E-04,-4.64E-04,-1.42E-04,-4.20E-05
2411,-5.82E-04,-2.15E-04,-2.29E-04,-4.18E-04,-3.49E-04,-2.47E-04,-3.60E-04,-5.05E-04,-2.23E-04,-3.37E-04,-5.28E-05,-2.60E-04,-7.19E-05,-2.09E-04,-3.22E-04,-1.84E-04,-4.52E-04,-4.70E-04,-1.39E-04,-3.33E-05
2412,-5.58E-04,-2.06E-04,-2.31E-04,-4.07E-04,-3.46E-04,-2.39E-04,-3.38E-04,-5.19E-04,-2.29E-04,-3.34E-04,-5.38E-05,-2.69E-04,-7.88E-05,-2.09E-04,-3.11E-04,-1.77E-04,-4.62E-04,-4.75E-04,-1.36E-04,-2.50E-05
2413,-5.35E-04,-1.98E-04,-2.33E-04,-3.98E-04,-3.40E-04,-2.30E-04,-3.12E-04,-5.29E-04,-2.33E-04,-3.30E-04,-5.59E-05,-2.78E-04,-8.64E-05,-2.11E-04,-2.99E-04,-1.71E-04,-4.71E-04,-4.79E-04,-1.33E-04,-1.74E-05
2414,-5.15E-04,-1.92E-04,-2.34E-04,-3.92E-04,-3.34E-04,-2.22E-04,-2.83E-04,-5.37E-04,-2.37E-04,-3.27E-04,-5.90E-05,-2.86E-04,-9.45E-05,-2.14E-04,-2.86E-04,-1.66E-04,-4.78E-04,-4.81E-04,-1.29E-04,-1.03E-05
2415,-5.01E-04,-1.85E-04,-2.34E-04,-3.87E-04,-3.26E-04,-2.12E-04,-2.53E-04,-5.42E-04,-2.40E-04,-3.24E-04,-6.33E-05,-2.93E-04,-1.03E-04,-2.18E-04,-2.74E-04,-1.63E-04,-4.84E-04,-4.82E-04,-1.25E-04,-3.71E-06
2416,-4.94E-04,-1.80E-04,-2.34E-04,-3.84E-04,-3.16E-04,-2.03E-04,-2.22E-04,-5.43E-04,-2.43E-04,-3.21E-04,-6.86E-05,-2.99E-04,-1.11E-04,-2.24E-04,-2.62E-04,-1.61E-04,-4.88E-04,-4.81E-04,-1.21E-04,2.28E-06
2417,-4.95E-04,-1.75E-04,-2.32E-04,-3.83E-04,-3.06E-04,-1.93E-04,-1.94E-04,-5.42E-04,-2.44E-04,-3.18E-04,-7.49E-05,-3.03E-04,-1.18E-04,-2.32E-04,-2.50E-04,-1.61E-04,-4.91E-04,-4.79E-04,-1.17E-04,7.72E-06
2418,-5.05E-04,-1.70E-04,-2.29E-04,-3.84E-04,-2.94E-04,-1.82E-04,-1.69E-04,-5.37E-04,-2.45E-04,-3.14E-04,-8.21E-05,-3.05E-04,-1.25E-04,-2.40E-04,-2.37E-04,-1.61E-04,-4.91E-04,-4.74E-04,-1.12E-04,1.26E-05
2419,-5.23E-04,-1.66E-04,-2.25E-04,-3.85E-04,-2.82E-04,-1.72E-04,-1.48E-04,-5.30E-04,-2.44E-04,-3.11E-04,-8.97E-05,-3.05E-04,-1.31E-04,-2.49E-04,-2.25E-04,-1.62E-04,-4.90E-04,-4.69E-04,-1.08E-04,1.71E-05
2420,-5.47E-04,-1.61E-04,-2.19E-04,-3.87E-04,-2.70E-04,-1.61E-04,-1.33E-04,-5.21E-04,-2.43E-04,-3.07E-04,-9.76E-05,-3.04E-04,-1.37E-04,-2.58E-04,-2.13E-04,-1.63E-04,-4.88E-04,-4.61E-04,-1.03E-04,2.10E-05
2421,-5.77E-04,-1.56E-04,-2.13E-04,-3.89E-04,-2.57E-04,-1.51E-04,-1.25E-04,-5.09E-04,-2.41E-04,-3.02E-04,-1.05E-04,-3.02E-04,-1.43E-04,-2.68E-04,-2.02E-04,-1.65E-04,-4.85E-04,-4.53E-04,-9.72E-05,2.45E-05
2422,-6.10E-04,-1.52E-04,-2.05E-04,-3.91E-04,-2.45E-04,-1.41E-04,-1.22E-04,-4.97E-04,-2.38E-04,-2.98E-04,-1.13E-04,-3.00E-04,-1.48E-04,-2.78E-04,-1.90E-04,-1.67E-04,-4.81E-04,-4.44E-04,-9.18E-05,2.76E-05
2423,-6.44E-04,-1.47E-04,-1.97E-04,-3.92E-04,-2.33E-04,-1.32E-04,-1.27E-04,-4.83E-04,-2.35E-04,-2.93E-04,-1.19E-04,-2.96E-04,-1.53E-04,-2.88E-04,-1.79E-04,-1.69E-04,-4.77E-04,-4.35E-04,-8.63E-05,3.04E-05
2424,-6.75E-04,-1.43E-04,-1.88E-04,-3.91E-04,-2.22E-04,-1.23E-04,-1.36E-04,-4.70E-04,-2.31E-04,-2.87E-04,-1.25E-04,-2.93E-04,-1.58E-04,-2.97E-04,-1.68E-04,-1.70E-04,-4.73E-04,-4.25E-04,-8.08E-05,3.29E-05
2425,-7.01E-04,-1.40E-04,-1.78E-04,-3.89E-04,-2.11E-04,-1.15E-04,-1.51E-04,-4.57E-04,-2.27E-04,-2.82E-04,-1.29E-04,-2.90E-04,-1.63E-04,-3.06E-04,-1.58E-04,-1.72E-04,-4.69E-04,-4.16E-04,-7.53E-05,3.52E-05
2426,-7.21E-04,-1.39E-04,-1.68E-04,-3.84E-04,-2.02E-04,-1.07E-04,-1.68E-04,-4.44E-04,-2.22E-04,-2.76E-04,-1.31E-04,-2.88E-04,-1.68E-04,-3.14E-04,-1.48E-04,-1.74E-04,-4.66E-04,-4.07E-04,-6.99E-05,3.74E-05
2427,-7.32E-04,-1.39E-04,-1.59E-04,-3.78E-04,-1.93E-04,-1.00E-04,-1.88E-04,-4.33E-04,-2.18E-04,-2.70E-04,-1.32E-04,-2.87E-04,-1.73E-04,-3.21E-04,-1.39E-04,-1.75E-04,-4.64E-04,-3.98E-04,-6.45E-05,3.96E-05
2428,-7.34E-04,-1.42E-04,-1.49E-04,-3.69E-04,-1.85E-04,-9.38E-05,-2.07E-04,-4.22E-04,-2.13E-04,-2.63E-04,-1.31E-04,-2.87E-04,-1.77E-04,-3.28E-04,-1.31E-04,-1.77E-04,-4.62E-04,-3.90E-04,-5.92E-05,4.19E-05
2429,-7.25E-04,-1.48E-04,-1.40E-04,-3.59E-04,-1.78E-04,-8.78E-05,-2.25E-04,-4.14E-04,-2.08E-04,-2.57E-04,-1.29E-04,-2.88E-04,-1.82E-04,-3.33E-04,-1.23E-04,-1.78E-04,-4.61E-04,-3.83E-04,-5.40E-05,4.43E-05
2430,-7.07E-04,-1.58E-04,-1.32E-04,-3.46E-04,-1.71E-04,-8.20E-05,-2.40E-04,-4.06E-04,-2.04E-04,-2.50E-04,-1.25E-04,-2.90E-04,-1.85E-04,-3.37E-04,-1.16E-04,-1.78E-04,-4.60E-04,-3.76E-04,-4.88E-05,4.71E-05
2431,-6.80E-04,-1.70E-04,-1.23E-04,-3.32E-04,-1.64E-04,-7.63E-05,-2.50E-04,-3.99E-04,-1.99E-04,-2.43E-04,-1.20E-04,-2.92E-04,-1.87E-04,-3.40E-04,-1.10E-04,-1.79E-04,-4.60E-04,-3.69E-04,-4.35E-05,5.04E-05
2432,-6.45E-04,-1.87E-04,-1.16E-04,-3.17E-04,-1.57E-04,-7.02E-05,-2.54E-04,-3.93E-04,-1.94E-04,-2.35E-04,-1.13E-04,-2.94E-04,-1.88E-04,-3.43E-04,-1.04E-04,-1.79E-04,-4.60E-04,-3.63E-04,-3.80E-05,5.41E-05
2433,-6.06E-04,-2.06E-04,-1.09E-04,-3.00E-04,-1.49E-04,-6.38E-05,-2.52E-04,-3.88E-04,-1.88E-04,-2.26E-04,-1.06E-04,-2.96E-04,-1.87E-04,-3.45E-04,-9.77E-05,-1.78E-04,-4.59E-04,-3.57E-04,-3.23E-05,5.85E-05
2434,-5.62E-04,-2.28E-04,-1.02E-04,-2.82E-04,-1.41E-04,-5.66E-05,-2.44E-04,-3.83E-04,-1.82E-04,-2.17E-04,-9.81E-05,-2.98E-04,-1.84E-04,-3.45E-04,-9.19E-05,-1.77E-04,-4.58E-04,-3.50E-04,-2.61E-05,6.36E-05
2435,-5.17E-04,-2.51E-04,-9.55E-05,-2.64E-04,-1.31E-04,-4.86E-05,-2.30E-04,-3.77E-04,-1.76E-04,-2.08E-04,-9.01E-05,-2.98E-04,-1.79E-04,-3.45E-04,-8.60E-05,-1.75E-04,-4.56E-04,-3.43E-04,-1.95E-05,6.95E-05
2436,-4.73E-04,-2.76E-04,-8.91E-05,-2.45E-04,-1.20E-04,-3.95E-05,-2.11E-04,-3.70E-04,-1.70E-04,-1.97E-04,-8.21E-05,-2.96E-04,-1.70E-04,-3.45E-04,-7.97E-05,-1.72E-04,-4.52E-04,-3.35E-04,-1.22E-05,7.62E-05
2437,-4.31E-04,-3.00E-04,-8.28E-05,-2.26E-04,-1.08E-04,-2.92E-05,-1.87E-04,-3.61E-04,-1.62E-04,-1.86E-04,-7.42E-05,-2.91E-04,-1.60E-04,-3.43E-04,-7.29E-05,-1.68E-04,-4.46E-04,-3.26E-04,-4.14E-06,8.36E-05
2438,-3.94E-04,-3.22E-04,-7.62E-05,-2.06E-04,-9.40E-05,-1.78E-05,-1.61E-04,-3.51E-04,-1.54E-04,-1.74E-04,-6.67E-05,-2.84E-04,-1.46E-04,-3.41E-04,-6.52E-05,-1.63E-04,-4.39E-04,-3.16E-04,4.74E-06,9.18E-05
2439,-3.62E-04,-3.41E-04,-6.92E-05,-1.87E-04,-7.88E-05,-5.21E-06,-1.34E-04,-3.39E-04,-1.45E-04,-1.61E-04,-5.96E-05,-2.74E-04,-1.31E-04,-3.38E-04,-5.65E-05,-1.57E-04,-4.29E-04,-3.05E-04,1.45E-05,1.01E-04
2440,-3.35E-04,-3.57E-04,-6.17E-05,-1.67E-04,-6.23E-05,8.50E-06,-1.07E-04,-3.24E-04,-1.36E-04,-1.47E-04,-5.29E-05,-2.61E-04,-1.14E-04,-3.35E-04,-4.66E-05,-1.50E-04,-4.17E-04,-2.92E-04,2.52E-05,1.10E-04
2441,-3.15E-04,-3.66E-04,-5.37E-05,-1.47E-04,-4.47E-05,2.32E-05,-8.27E-05,-3.07E-04,-1.25E-04,-1.32E-04,-4.66E-05,-2.45E-04,-9.54E-05,-3.30E-04,-3.52E-05,-1.41E-04,-4.04E-04,-2.79E-04,3.68E-05,1.20E-04
2442,-3.00E-04,-3.70E-04,-4.50E-05,-1.27E-04,-2.62E-05,3.87E-05,-6.18E-05,-2.88E-04,-1.14E-04,-1.16E-04,-4.06E-05,-2.27E-04,-7.62E-05,-3.24E-04,-2.24E-05,-1.31E-04,-3.89E-04,-2.64E-04,4.93E-05,1.30E-04
2443,-2.91E-04,-3.66E-04,-3.56E-05,-1.07E-04,-7.08E-06,5.48E-05,-4.56E-05,-2.66E-04,-1.03E-04,-1.00E-04,-3.48E-05,-2.05E-04,-5.69E-05,-3.18E-04,-8.05E-06,-1.20E-04,-3.72E-04,-2.48E-04,6.26E-05,1.40E-04
2444,-2.85E-04,-3.56E-04,-2.56E-05,-8.60E-05,1.25E-05,7.14E-05,-3.46E-05,-2.43E-04,-9.16E-05,-8.36E-05,-2.91E-05,-1.82E-04,-3.82E-05,-3.11E-04,7.89E-06,-1.08E-04,-3.54E-04,-2.32E-04,7.65E-05,1.50E-04
2445,-2.82E-04,-3.37E-04,-1.50E-05,-6.50E-05,3.21E-05,8.81E-05,-2.93E-05,-2.18E-04,-7.99E-05,-6.67E-05,-2.34E-05,-1.58E-04,-2.07E-05,-3.02E-04,2.54E-05,-9.51E-05,-3.35E-04,-2.15E-04,9.09E-05,1.60E-04
2446,-2.81E-04,-3.12E-04,-3.95E-06,-4.39E-05,5.16E-05,1.05E-04,-2.92E-05,-1.93E-04,-6.83E-05,-4.97E-05,-1.75E-05,-1.33E-04,-4.79E-06,-2.93E-04,4.42E-05,-8.17E-05,-3.16E-04,-1.97E-04,1.06E-04,1.70E-04
2447,-2.80E-04,-2.80E-04,7.39E-06,-2.26E-05,7.07E-05,1.21E-04,-3.38E-05,-1.67E-04,-5.68E-05,-3.27E-05,-1.15E-05,-1.08E-04,9.05E-06,-2.83E-04,6.44E-05,-6.81E-05,-2.97E-04,-1.79E-04,1.21E-04,1.79E-04
2448,-2.78E-04,-2.43E-04,1.89E-05,-1.46E-06,8.93E-05,1.38E-04,-4.17E-05,-1.41E-04,-4.58E-05,-1.59E-05,-5.21E-06,-8.47E-05,2.06E-05,-2.72E-04,8.56E-05,-5.47E-05,-2.79E-04,-1.61E-04,1.35E-04,1.88E-04
2449,-2.74E-04,-2.02E-04,3.04E-05,1.93E-05,1.07E-04,1.53E-04,-5.17E-05,-1.15E-04,-3.52E-05,5.48E-07,1.20E-06,-6.26E-05,2.98E-05,-2.61E-04,1.08E-04,-4.16E-05,-2.61E-04,-1.43E-04,1.50E-04,1.96E-04
2450,-2.67E-04,-1.58E-04,4.18E-05,3.95E-05,1.24E-04,1.69E-04,-6.20E-05,-9.03E-05,-2.53E-05,1.65E-05,7.67E-06,-4.25E-05,3.68E-05,-2.49E-04,1.30E-04,-2.94E-05,-2.44E-04,-1.25E-04,1.64E-04,2.03E-04
2451,-2.57E-04,-1.13E-04,5.29E-05,5.87E-05,1.41E-04,1.83E-04,-7.07E-05,-6.68E-05,-1.61E-05,3.19E-05,1.40E-05,-2.51E-05,4.19E-05,-2.37E-04,1.53E-04,-1.82E-05,-2.29E-04,-1.06E-04,1.78E-04,2.09E-04
2452,-2.43E-04,-6.85E-05,6.36E-05,7.65E-05,1.57E-04,1.98E-04,-7.63E-05,-4.48E-05,-7.58E-06,4.66E-05,2.01E-05,-1.06E-05,4.55E-05,-2.25E-04,1.76E-04,-8.39E-06,-2.15E-04,-8.81E-05,1.91E-04,2.15E-04
2453,-2.26E-04,-2.57E-05,7.39E-05,9.27E-05,1.72E-04,2.12E-04,-7.71E-05,-2.44E-05,1.78E-07,6.06E-05,2.57E-05,9.05E-07,4.81E-05,-2.14E-04,1.98E-04,-8.97E-08,-2.02E-04,-6.99E-05,2.04E-04,2.20E-04
2454,-2.07E-04,1.37E-05,8.36E-05,1.07E-04,1.87E-04,2.25E-04,-7.21E-05,-5.65E-06,7.25E-06,7.38E-05,3.06E-05,9.43E-06,5.03E-05,-2.03E-04,2.20E-04,6.55E-06,-1.91E-04,-5.17E-05,2.15E-04,2.25E-04
2455,-1.84E-04,4.87E-05,9.29E-05,1.19E-04,2.02E-04,2.39E-04,-6.05E-05,1.14E-05,1.37E-05,8.64E-05,3.44E-05,1.52E-05,5.29E-05,-1.92E-04,2.41E-04,1.15E-05,-1.81E-04,-3.35E-05,2.26E-04,2.29E-04
2456,-1.60E-04,7.82E-05,1.02E-04,1.29E-04,2.16E-04,2.52E-04,-4.20E-05,2.70E-05,1.96E-05,9.82E-05,3.72E-05,1.86E-05,5.63E-05,-1.83E-04,2.61E-04,1.47E-05,-1.72E-04,-1.51E-05,2.36E-04,2.32E-04
2457,-1.35E-04,1.02E-04,1.10E-04,1.36E-04,2.31E-04,2.65E-04,-1.71E-05,4.13E-05,2.51E-05,1.09E-04,3.86E-05,2.01E-05,6.11E-05,-1.74E-04,2.80E-04,1.64E-05,-1.63E-04,3.21E-06,2.45E-04,2.36E-04
2458,-1.09E-04,1.19E-04,1.18E-04,1.40E-04,2.46E-04,2.78E-04,1.33E-05,5.45E-05,3.04E-05,1.20E-04,3.86E-05,2.04E-05,6.77E-05,-1.66E-04,2.97E-04,1.66E-05,-1.55E-04,2.16E-05,2.53E-04,2.38E-04
2459,-8.20E-05,1.29E-04,1.25E-04,1.43E-04,2.60E-04,2.91E-04,4.79E-05,6.70E-05,3.54E-05,1.30E-04,3.73E-05,2.01E-05,7.64E-05,-1.58E-04,3.13E-04,1.58E-05,-1.48E-04,3.98E-05,2.61E-04,2.41E-04
2460,-5.59E-05,1.34E-04,1.33E-04,1.43E-04,2.76E-04,3.04E-04,8.50E-05,7.90E-05,4.04E-05,1.39E-04,3.47E-05,1.98E-05,8.70E-05,-1.52E-04,3.27E-04,1.41E-05,-1.41E-04,5.78E-05,2.68E-04,2.44E-04
2461,-3.04E-05,1.33E-04,1.40E-04,1.41E-04,2.91E-04,3.16E-04,1.22E-04,9.08E-05,4.53E-05,1.48E-04,3.10E-05,2.01E-05,9.95E-05,-1.46E-04,3.40E-04,1.18E-05,-1.33E-04,7.55E-05,2.74E-04,2.46E-04
2462,-5.97E-06,1.27E-04,1.47E-04,1.38E-04,3.06E-04,3.29E-04,1.58E-04,1.03E-04,5.04E-05,1.56E-04,2.64E-05,2.16E-05,1.14E-04,-1.41E-04,3.51E-04,9.44E-06,-1.26E-04,9.25E-05,2.80E-04,2.48E-04
2463,1.71E-05,1.18E-04,1.54E-04,1.33E-04,3.21E-04,3.41E-04,1.90E-04,1.15E-04,5.55E-05,1.64E-04,2.12E-05,2.47E-05,1.29E-04,-1.36E-04,3.60E-04,7.23E-06,-1.19E-04,1.09E-04,2.85E-04,2.50E-04
2464,3.87E-05,1.07E-04,1.61E-04,1.28E-04,3.36E-04,3.52E-04,2.17E-04,1.27E-04,6.07E-05,1.71E-04,1.59E-05,2.95E-05,1.44E-04,-1.31E-04,3.68E-04,5.53E-06,-1.12E-04,1.24E-04,2.90E-04,2.52E-04
2465,5.84E-05,9.40E-05,1.69E-04,1.23E-04,3.51E-04,3.62E-04,2.36E-04,1.40E-04,6.59E-05,1.77E-04,1.07E-05,3.62E-05,1.59E-04,-1.25E-04,3.74E-04,4.62E-06,-1.04E-04,1.37E-04,2.94E-04,2.53E-04
2466,7.62E-05,8.10E-05,1.76E-04,1.18E-04,3.65E-04,3.71E-04,2.46E-04,1.52E-04,7.11E-05,1.83E-04,6.17E-06,4.45E-05,1.74E-04,-1.20E-04,3.79E-04,4.73E-06,-9.76E-05,1.50E-04,2.98E-04,2.54E-04
2467,9.19E-05,6.87E-05,1.83E-04,1.13E-04,3.78E-04,3.79E-04,2.48E-04,1.65E-04,7.62E-05,1.88E-04,2.56E-06,5.43E-05,1.86E-04,-1.13E-04,3.82E-04,6.05E-06,-9.12E-05,1.60E-04,3.01E-04,2.55E-04
2468,1.05E-04,5.80E-05,1.90E-04,1.09E-04,3.90E-04,3.85E-04,2.40E-04,1.78E-04,8.10E-05,1.93E-04,2.39E-07,6.50E-05,1.96E-04,-1.07E-04,3.85E-04,8.69E-06,-8.54E-05,1.69E-04,3.03E-04,2.55E-04
2469,1.16E-04,4.96E-05,1.97E-04,1.07E-04,4.01E-04,3.90E-04,2.24E-04,1.91E-04,8.56E-05,1.96E-04,-5.38E-07,7.61E-05,2.03E-04,-9.87E-05,3.87E-04,1.27E-05,-8.04E-05,1.76E-04,3.06E-04,2.55E-04
2470,1.25E-04,4.38E-05,2.03E-04,1.05E-04,4.11E-04,3.93E-04,2.01E-04,2.04E-04,8.98E-05,2.00E-04,4.22E-07,8.71E-05,2.07E-04,-8.99E-05,3.88E-04,1.80E-05,-7.61E-05,1.81E-04,3.07E-04,2.53E-04
2471,1.31E-04,4.10E-05,2.10E-04,1.05E-04,4.19E-04,3.95E-04,1.72E-04,2.15E-04,9.35E-05,2.02E-04,3.21E-06,9.72E-05,2.08E-04,-8.02E-05,3.88E-04,2.46E-05,-7.26E-05,1.85E-04,3.08E-04,2.52E-04
2472,1.34E-04,4.12E-05,2.16E-04,1.05E-04,4.26E-04,3.96E-04,1.39E-04,2.26E-04,9.67E-05,2.04E-04,7.82E-06,1.06E-04,2.05E-04,-6.96E-05,3.88E-04,3.23E-05,-7.00E-05,1.87E-04,3.08E-04,2.50E-04
2473,1.35E-04,4.45E-05,2.22E-04,1.07E-04,4.31E-04,3.95E-04,1.05E-04,2.35E-04,9.93E-05,2.06E-04,1.42E-05,1.13E-04,2.00E-04,-5.81E-05,3.88E-04,4.10E-05,-6.79E-05,1.88E-04,3.08E-04,2.47E-04
2474,1.35E-04,5.06E-05,2.27E-04,1.09E-04,4.35E-04,3.93E-04,7.27E-05,2.43E-04,1.01E-04,2.07E-04,2.20E-05,1.17E-04,1.92E-04,-4.60E-05,3.88E-04,5.04E-05,-6.63E-05,1.88E-04,3.07E-04,2.44E-04
2475,1.33E-04,5.92E-05,2.32E-04,1.13E-04,4.38E-04,3.91E-04,4.40E-05,2.50E-04,1.03E-04,2.08E-04,3.12E-05,1.19E-04,1.83E-04,-3.32E-05,3.88E-04,6.02E-05,-6.48E-05,1.88E-04,3.05E-04,2.40E-04
2476,1.31E-04,7.02E-05,2.37E-04,1.16E-04,4.39E-04,3.88E-04,2.12E-05,2.56E-04,1.04E-04,2.08E-04,4.14E-05,1.19E-04,1.74E-04,-2.01E-05,3.88E-04,7.04E-05,-6.31E-05,1.89E-04,3.03E-04,2.36E-04
2477,1.30E-04,8.31E-05,2.41E-04,1.20E-04,4.40E-04,3.84E-04,6.11E-06,2.60E-04,1.04E-04,2.08E-04,5.21E-05,1.16E-04,1.64E-04,-6.73E-06,3.90E-04,8.07E-05,-6.08E-05,1.89E-04,3.01E-04,2.32E-04
2478,1.31E-04,9.77E-05,2.45E-04,1.23E-04,4.40E-04,3.81E-04,4.24E-09,2.64E-04,1.05E-04,2.09E-04,6.31E-05,1.12E-04,1.56E-04,6.65E-06,3.92E-04,9.07E-05,-5.74E-05,1.91E-04,2.98E-04,2.29E-04
2479,1.34E-04,1.14E-04,2.48E-04,1.27E-04,4.40E-04,3.77E-04,3.49E-06,2.66E-04,1.05E-04,2.09E-04,7.39E-05,1.06E-04,1.50E-04,1.99E-05,3.94E-04,1.00E-04,-5.26E-05,1.94E-04,2.95E-04,2.25E-04
2480,1.42E-04,1.31E-04,2.52E-04,1.29E-04,4.39E-04,3.74E-04,1.65E-05,2.68E-04,1.04E-04,2.10E-04,8.43E-05,1.00E-04,1.47E-04,3.28E-05,3.98E-04,1.10E-04,-4.61E-05,1.98E-04,2.92E-04,2.21E-04
2481,1.55E-04,1.49E-04,2.55E-04,1.31E-04,4.38E-04,3.71E-04,3.84E-05,2.70E-04,1.04E-04,2.10E-04,9.39E-05,9.40E-05,1.46E-04,4.54E-05,4.03E-04,1.18E-04,-3.75E-05,2.04E-04,2.90E-04,2.18E-04
2482,1.74E-04,1.67E-04,2.58E-04,1.33E-04,4.37E-04,3.69E-04,6.80E-05,2.72E-04,1.04E-04,2.11E-04,1.02E-04,8.91E-05,1.49E-04,5.74E-05,4.09E-04,1.26E-04,-2.67E-05,2.12E-04,2.87E-04,2.14E-04
2483,1.99E-04,1.86E-04,2.61E-04,1.34E-04,4.35E-04,3.67E-04,1.03E-04,2.74E-04,1.05E-04,2.12E-04,1.10E-04,8.62E-05,1.56E-04,6.88E-05,4.17E-04,1.33E-04,-1.37E-05,2.22E-04,2.85E-04,2.12E-04
2484,2.32E-04,2.05E-04,2.63E-04,1.33E-04,4.34E-04,3.65E-04,1.43E-04,2.77E-04,1.05E-04,2.12E-04,1.16E-04,8.59E-05,1.66E-04,7.95E-05,4.25E-04,1.39E-04,1.55E-06,2.33E-04,2.83E-04,2.09E-04
2485,2.70E-04,2.25E-04,2.66E-04,1.32E-04,4.33E-04,3.63E-04,1.83E-04,2.81E-04,1.07E-04,2.13E-04,1.20E-04,8.88E-05,1.79E-04,8.96E-05,4.34E-04,1.43E-04,1.88E-05,2.46E-04,2.81E-04,2.07E-04
2486,3.14E-04,2.44E-04,2.69E-04,1.30E-04,4.31E-04,3.61E-04,2.24E-04,2.86E-04,1.08E-04,2.13E-04,1.24E-04,9.52E-05,1.94E-04,9.91E-05,4.44E-04,1.47E-04,3.77E-05,2.59E-04,2.80E-04,2.05E-04
2487,3.63E-04,2.63E-04,2.72E-04,1.28E-04,4.30E-04,3.59E-04,2.61E-04,2.92E-04,1.10E-04,2.13E-04,1.26E-04,1.05E-04,2.11E-04,1.08E-04,4.55E-04,1.49E-04,5.78E-05,2.74E-04,2.79E-04,2.03E-04
2488,4.13E-04,2.81E-04,2.74E-04,1.24E-04,4.28E-04,3.56E-04,2.94E-04,3.00E-04,1.12E-04,2.12E-04,1.27E-04,1.19E-04,2.29E-04,1.16E-04,4.66E-04,1.51E-04,7.86E-05,2.89E-04,2.79E-04,2.01E-04
2489,4.64E-04,2.98E-04,2.77E-04,1.20E-04,4.27E-04,3.52E-04,3.21E-04,3.09E-04,1.15E-04,2.11E-04,1.27E-04,1.36E-04,2.46E-04,1.24E-04,4.77E-04,1.51E-04,9.94E-05,3.03E-04,2.79E-04,1.98E-04
2490,5.12E-04,3.13E-04,2.80E-04,1.15E-04,4.25E-04,3.47E-04,3.42E-04,3.19E-04,1.18E-04,2.08E-04,1.27E-04,1.55E-04,2.62E-04,1.31E-04,4.88E-04,1.49E-04,1.20E-04,3.17E-04,2.79E-04,1.96E-04
2491,5.55E-04,3.26E-04,2.83E-04,1.09E-04,4.22E-04,3.41E-04,3.55E-04,3.30E-04,1.21E-04,2.04E-04,1.26E-04,1.76E-04,2.77E-04,1.37E-04,4.98E-04,1.47E-04,1.39E-04,3.30E-04,2.78E-04,1.93E-04
2492,5.91E-04,3.37E-04,2.86E-04,1.02E-04,4.19E-04,3.34E-04,3.61E-04,3.41E-04,1.24E-04,1.99E-04,1.25E-04,1.97E-04,2.89E-04,1.43E-04,5.07E-04,1.43E-04,1.56E-04,3.42E-04,2.78E-04,1.90E-04
2493,6.17E-04,3.44E-04,2.89E-04,9.46E-05,4.15E-04,3.25E-04,3.61E-04,3.53E-04,1.26E-04,1.93E-04,1.23E-04,2.18E-04,2.98E-04,1.48E-04,5.15E-04,1.37E-04,1.71E-04,3.53E-04,2.77E-04,1.86E-04
2494,6.31E-04,3.49E-04,2.92E-04,8.64E-05,4.11E-04,3.14E-04,3.56E-04,3.64E-04,1.29E-04,1.85E-04,1.22E-04,2.37E-04,3.04E-04,1.53E-04,5.21E-04,1.30E-04,1.84E-04,3.61E-04,2.76E-04,1.82E-04
2495,6.33E-04,3.51E-04,2.95E-04,7.73E-05,4.06E-04,3.01E-04,3.46E-04,3.75E-04,1.31E-04,1.76E-04,1.21E-04,2.54E-04,3.07E-04,1.57E-04,5.26E-04,1.22E-04,1.93E-04,3.67E-04,2.74E-04,1.77E-04
2496,6.20E-04,3.49E-04,2.98E-04,6.77E-05,4.00E-04,2.88E-04,3.34E-04,3.85E-04,1.33E-04,1.65E-04,1.21E-04,2.67E-04,3.08E-04,1.60E-04,5.28E-04,1.13E-04,2.00E-04,3.72E-04,2.71E-04,1.71E-04
2497,5.94E-04,3.44E-04,3.00E-04,5.75E-05,3.93E-04,2.72E-04,3.21E-04,3.94E-04,1.35E-04,1.54E-04,1.21E-04,2.77E-04,3.05E-04,1.62E-04,5.28E-04,1.02E-04,2.03E-04,3.75E-04,2.67E-04,1.65E-04
2498,5.56E-04,3.36E-04,3.03E-04,4.69E-05,3.85E-04,2.56E-04,3.08E-04,4.02E-04,1.36E-04,1.41E-04,1.21E-04,2.81E-04,3.01E-04,1.64E-04,5.26E-04,9.02E-05,2.04E-04,3.76E-04,2.62E-04,1.58E-04
2499,5.07E-04,3.25E-04,3.05E-04,3.62E-05,3.76E-04,2.38E-04,2.98E-04,4.07E-04,1.36E-04,1.27E-04,1.21E-04,2.81E-04,2.95E-04,1.65E-04,5.21E-04,7.74E-05,2.02E-04,3.75E-04,2.56E-04,1.52E-04
2500,4.49E-04,3.13E-04,3.07E-04,2.56E-05,3.66E-04,2.19E-04,2.90E-04,4.11E-04,1.36E-04,1.13E-04,1.22E-04,2.77E-04,2.88E-04,1.65E-04,5.14E-04,6.39E-05,1.99E-04,3.74E-04,2.49E-04,1.44E-04
2501,3.85E-04,3.00E-04,3.08E-04,1.53E-05,3.56E-04,2.00E-04,2.87E-04,4.12E-04,1.35E-04,9.78E-05,1.23E-04,2.68E-04,2.81E-04,1.64E-04,5.04E-04,4.98E-05,1.94E-04,3.71E-04,2.40E-04,1.37E-04
2502,3.19E-04,2.86E-04,3.09E-04,5.72E-06,3.44E-04,1.81E-04,2.87E-04,4.11E-04,1.33E-04,8.26E-05,1.25E-04,2.56E-04,2.75E-04,1.62E-04,4.92E-04,3.53E-05,1.88E-04,3.68E-04,2.31E-04,1.30E-04
2503,2.53E-04,2.74E-04,3.09E-04,-2.96E-06,3.31E-04,1.61E-04,2.91E-04,4.09E-04,1.31E-04,6.73E-05,1.26E-04,2.42E-04,2.70E-04,1.60E-04,4.78E-04,2.08E-05,1.82E-04,3.64E-04,2.21E-04,1.23E-04
2504,1.91E-04,2.62E-04,3.09E-04,-1.04E-05,3.17E-04,1.42E-04,2.99E-04,4.04E-04,1.29E-04,5.22E-05,1.28E-04,2.26E-04,2.66E-04,1.57E-04,4.62E-04,6.47E-06,1.77E-04,3.61E-04,2.10E-04,1.16E-04
2505,1.37E-04,2.53E-04,3.08E-04,-1.65E-05,3.03E-04,1.23E-04,3.09E-04,3.98E-04,1.26E-04,3.75E-05,1.30E-04,2.11E-04,2.64E-04,1.54E-04,4.45E-04,-7.46E-06,1.72E-04,3.58E-04,1.99E-04,1.10E-04
2506,9.19E-05,2.47E-04,3.06E-04,-2.09E-05,2.88E-04,1.05E-04,3.20E-04,3.91E-04,1.23E-04,2.34E-05,1.32E-04,1.97E-04,2.64E-04,1.50E-04,4.27E-04,-2.07E-05,1.69E-04,3.56E-04,1.87E-04,1.05E-04
2507,5.89E-05,2.44E-04,3.03E-04,-2.35E-05,2.72E-04,8.70E-05,3.31E-04,3.82E-04,1.20E-04,1.01E-05,1.34E-04,1.84E-04,2.64E-04,1.47E-04,4.08E-04,-3.31E-05,1.68E-04,3.54E-04,1.76E-04,9.98E-05
2508,3.91E-05,2.44E-04,3.00E-04,-2.45E-05,2.56E-04,7.01E-05,3.40E-04,3.73E-04,1.17E-04,-2.23E-06,1.36E-04,1.75E-04,2.66E-04,1.43E-04,3.89E-04,-4.44E-05,1.69E-04,3.53E-04,1.64E-04,9.59E-05
2509,3.30E-05,2.47E-04,2.96E-04,-2.37E-05,2.40E-04,5.43E-05,3.47E-04,3.64E-04,1.14E-04,-1.35E-05,1.38E-04,1.70E-04,2.68E-04,1.40E-04,3.70E-04,-5.45E-05,1.72E-04,3.53E-04,1.53E-04,9.28E-05
2510,4.05E-05,2.54E-04,2.91E-04,-2.14E-05,2.24E-04,3.95E-05,3.50E-04,3.55E-04,1.11E-04,-2.36E-05,1.40E-04,1.69E-04,2.71E-04,1.37E-04,3.51E-04,-6.33E-05,1.78E-04,3.53E-04,1.43E-04,9.05E-05
2511,6.06E-05,2.63E-04,2.87E-04,-1.78E-05,2.08E-04,2.60E-05,3.49E-04,3.46E-04,1.08E-04,-3.24E-05,1.42E-04,1.73E-04,2.73E-04,1.35E-04,3.33E-04,-7.07E-05,1.85E-04,3.55E-04,1.33E-04,8.93E-05
2512,9.14E-05,2.75E-04,2.82E-04,-1.33E-05,1.92E-04,1.37E-05,3.44E-04,3.38E-04,1.06E-04,-3.99E-05,1.44E-04,1.80E-04,2.74E-04,1.33E-04,3.16E-04,-7.66E-05,1.94E-04,3.57E-04,1.24E-04,8.89E-05
2513,1.31E-04,2.87E-04,2.77E-04,-8.12E-06,1.78E-04,2.72E-06,3.34E-04,3.31E-04,1.05E-04,-4.61E-05,1.46E-04,1.92E-04,2.73E-04,1.31E-04,3.00E-04,-8.12E-05,2.05E-04,3.60E-04,1.16E-04,8.94E-05
2514,1.76E-04,3.00E-04,2.73E-04,-2.80E-06,1.64E-04,-6.88E-06,3.20E-04,3.25E-04,1.04E-04,-5.09E-05,1.48E-04,2.06E-04,2.71E-04,1.31E-04,2.86E-04,-8.44E-05,2.17E-04,3.63E-04,1.10E-04,9.07E-05
2515,2.24E-04,3.13E-04,2.69E-04,2.29E-06,1.51E-04,-1.51E-05,3.03E-04,3.21E-04,1.03E-04,-5.45E-05,1.50E-04,2.22E-04,2.67E-04,1.30E-04,2.72E-04,-8.64E-05,2.29E-04,3.66E-04,1.04E-04,9.28E-05
2516,2.73E-04,3.24E-04,2.66E-04,6.75E-06,1.39E-04,-2.18E-05,2.84E-04,3.17E-04,1.03E-04,-5.67E-05,1.52E-04,2.39E-04,2.61E-04,1.31E-04,2.61E-04,-8.73E-05,2.42E-04,3.69E-04,9.91E-05,9.55E-05
2517,3.19E-04,3.33E-04,2.64E-04,1.02E-05,1.29E-04,-2.71E-05,2.65E-04,3.15E-04,1.04E-04,-5.78E-05,1.53E-04,2.55E-04,2.53E-04,1.31E-04,2.50E-04,-8.72E-05,2.55E-04,3.72E-04,9.53E-05,9.88E-05
2518,3.60E-04,3.40E-04,2.63E-04,1.24E-05,1.20E-04,-3.10E-05,2.46E-04,3.14E-04,1.05E-04,-5.77E-05,1.54E-04,2.70E-04,2.44E-04,1.32E-04,2.41E-04,-8.63E-05,2.67E-04,3.74E-04,9.24E-05,1.02E-04
2519,3.95E-04,3.44E-04,2.63E-04,1.32E-05,1.12E-04,-3.34E-05,2.30E-04,3.14E-04,1.06E-04,-5.66E-05,1.55E-04,2.82E-04,2.34E-04,1.34E-04,2.33E-04,-8.48E-05,2.79E-04,3.76E-04,9.03E-05,1.06E-04
2520,4.22E-04,3.46E-04,2.65E-04,1.24E-05,1.06E-04,-3.45E-05,2.16E-04,3.14E-04,1.08E-04,-5.46E-05,1.56E-04,2.92E-04,2.24E-04,1.35E-04,2.26E-04,-8.28E-05,2.90E-04,3.78E-04,8.87E-05,1.11E-04
2521,4.41E-04,3.45E-04,2.67E-04,1.02E-05,1.01E-04,-3.44E-05,2.08E-04,3.14E-04,1.09E-04,-5.17E-05,1.56E-04,2.97E-04,2.14E-04,1.36E-04,2.20E-04,-8.06E-05,3.00E-04,3.79E-04,8.76E-05,1.15E-04
2522,4.51E-04,3.41E-04,2.71E-04,6.61E-06,9.78E-05,-3.31E-05,2.03E-04,3.15E-04,1.11E-04,-4.82E-05,1.55E-04,2.99E-04,2.06E-04,1.37E-04,2.15E-04,-7.82E-05,3.09E-04,3.80E-04,8.68E-05,1.19E-04
2523,4.54E-04,3.36E-04,2.75E-04,2.01E-06,9.53E-05,-3.08E-05,2.05E-04,3.15E-04,1.13E-04,-4.41E-05,1.54E-04,2.97E-04,1.99E-04,1.37E-04,2.09E-04,-7.58E-05,3.17E-04,3.80E-04,8.60E-05,1.23E-04
2524,4.50E-04,3.31E-04,2.80E-04,-3.25E-06,9.36E-05,-2.76E-05,2.10E-04,3.14E-04,1.15E-04,-3.96E-05,1.53E-04,2.92E-04,1.94E-04,1.37E-04,2.05E-04,-7.35E-05,3.24E-04,3.80E-04,8.52E-05,1.27E-04
2525,4.41E-04,3.25E-04,2.85E-04,-8.75E-06,9.26E-05,-2.38E-05,2.21E-04,3.12E-04,1.17E-04,-3.48E-05,1.51E-04,2.84E-04,1.92E-04,1.37E-04,2.00E-04,-7.13E-05,3.31E-04,3.80E-04,8.42E-05,1.30E-04
2526,4.29E-04,3.20E-04,2.89E-04,-1.40E-05,9.19E-05,-1.95E-05,2.34E-04,3.10E-04,1.18E-04,-2.99E-05,1.50E-04,2.74E-04,1.92E-04,1.36E-04,1.95E-04,-6.94E-05,3.37E-04,3.79E-04,8.29E-05,1.33E-04
2527,4.14E-04,3.17E-04,2.94E-04,-1.84E-05,9.14E-05,-1.50E-05,2.50E-04,3.06E-04,1.18E-04,-2.50E-05,1.48E-04,2.64E-04,1.95E-04,1.35E-04,1.91E-04,-6.77E-05,3.43E-04,3.78E-04,8.12E-05,1.35E-04
2528,3.99E-04,3.15E-04,2.97E-04,-2.16E-05,9.08E-05,-1.03E-05,2.67E-04,3.00E-04,1.19E-04,-2.02E-05,1.47E-04,2.54E-04,2.01E-04,1.34E-04,1.86E-04,-6.63E-05,3.49E-04,3.76E-04,7.90E-05,1.37E-04
2529,3.84E-04,3.17E-04,2.99E-04,-2.31E-05,9.01E-05,-5.82E-06,2.83E-04,2.93E-04,1.18E-04,-1.57E-05,1.45E-04,2.45E-04,2.08E-04,1.32E-04,1.81E-04,-6.50E-05,3.55E-04,3.75E-04,7.64E-05,1.38E-04
2530,3.71E-04,3.20E-04,3.00E-04,-2.25E-05,8.90E-05,-1.56E-06,2.97E-04,2.84E-04,1.17E-04,-1.14E-05,1.45E-04,2.40E-04,2.18E-04,1.30E-04,1.75E-04,-6.39E-05,3.61E-04,3.73E-04,7.32E-05,1.39E-04
2531,3.60E-04,3.27E-04,2.99E-04,-1.95E-05,8.76E-05,2.32E-06,3.07E-04,2.74E-04,1.15E-04,-7.56E-06,1.44E-04,2.38E-04,2.28E-04,1.29E-04,1.70E-04,-6.29E-05,3.66E-04,3.71E-04,6.96E-05,1.40E-04
2532,3.51E-04,3.35E-04,2.97E-04,-1.40E-05,8.58E-05,5.74E-06,3.14E-04,2.64E-04,1.13E-04,-4.09E-06,1.45E-04,2.40E-04,2.39E-04,1.28E-04,1.64E-04,-6.18E-05,3.72E-04,3.69E-04,6.57E-05,1.40E-04
2533,3.43E-04,3.45E-04,2.93E-04,-5.82E-06,8.36E-05,8.68E-06,3.15E-04,2.52E-04,1.11E-04,-1.04E-06,1.46E-04,2.47E-04,2.49E-04,1.27E-04,1.59E-04,-6.05E-05,3.78E-04,3.67E-04,6.15E-05,1.40E-04
2534,3.38E-04,3.56E-04,2.88E-04,4.88E-06,8.12E-05,1.11E-05,3.12E-04,2.39E-04,1.08E-04,1.64E-06,1.49E-04,2.58E-04,2.59E-04,1.27E-04,1.53E-04,-5.90E-05,3.84E-04,3.65E-04,5.72E-05,1.40E-04
2535,3.33E-04,3.67E-04,2.81E-04,1.79E-05,7.87E-05,1.32E-05,3.04E-04,2.27E-04,1.05E-04,4.00E-06,1.52E-04,2.74E-04,2.66E-04,1.27E-04,1.48E-04,-5.71E-05,3.89E-04,3.62E-04,5.29E-05,1.40E-04
2536,3.28E-04,3.76E-04,2.74E-04,3.31E-05,7.63E-05,1.50E-05,2.92E-04,2.14E-04,1.02E-04,6.13E-06,1.57E-04,2.93E-04,2.71E-04,1.29E-04,1.43E-04,-5.46E-05,3.95E-04,3.59E-04,4.88E-05,1.41E-04
2537,3.23E-04,3.84E-04,2.66E-04,5.00E-05,7.41E-05,1.67E-05,2.78E-04,2.02E-04,9.86E-05,8.15E-06,1.62E-04,3.16E-04,2.74E-04,1.31E-04,1.38E-04,-5.14E-05,4.00E-04,3.56E-04,4.51E-05,1.42E-04
2538,3.15E-04,3.89E-04,2.59E-04,6.83E-05,7.25E-05,1.85E-05,2.61E-04,1.91E-04,9.60E-05,1.02E-05,1.68E-04,3.40E-04,2.74E-04,1.34E-04,1.34E-04,-4.73E-05,4.04E-04,3.52E-04,4.20E-05,1.43E-04
2539,3.06E-04,3.90E-04,2.52E-04,8.75E-05,7.15E-05,2.05E-05,2.43E-04,1.81E-04,9.37E-05,1.24E-05,1.75E-04,3.65E-04,2.72E-04,1.39E-04,1.31E-04,-4.23E-05,4.08E-04,3.48E-04,3.95E-05,1.45E-04
2540,2.95E-04,3.87E-04,2.47E-04,1.07E-04,7.15E-05,2.31E-05,2.27E-04,1.73E-04,9.21E-05,1.49E-05,1.83E-04,3.90E-04,2.67E-04,1.44E-04,1.29E-04,-3.61E-05,4.13E-04,3.43E-04,3.79E-05,1.48E-04
2541,2.82E-04,3.81E-04,2.43E-04,1.27E-04,7.24E-05,2.64E-05,2.13E-04,1.66E-04,9.11E-05,1.79E-05,1.90E-04,4.13E-04,2.60E-04,1.50E-04,1.27E-04,-2.88E-05,4.17E-04,3.38E-04,3.72E-05,1.52E-04
2542,2.68E-04,3.71E-04,2.41E-04,1.46E-04,7.46E-05,3.07E-05,2.03E-04,1.61E-04,9.08E-05,2.16E-05,1.98E-04,4.34E-04,2.51E-04,1.57E-04,1.26E-04,-2.01E-05,4.21E-04,3.33E-04,3.75E-05,1.57E-04
2543,2.54E-04,3.58E-04,2.41E-04,1.65E-04,7.80E-05,3.60E-05,1.97E-04,1.59E-04,9.14E-05,2.59E-05,2.06E-04,4.52E-04,2.42E-04,1.65E-04,1.27E-04,-1.01E-05,4.25E-04,3.27E-04,3.89E-05,1.63E-04
2544,2.39E-04,3.43E-04,2.44E-04,1.83E-04,8.28E-05,4.26E-05,1.97E-04,1.58E-04,9.28E-05,3.11E-05,2.13E-04,4.67E-04,2.33E-04,1.73E-04,1.28E-04,1.36E-06,4.30E-04,3.22E-04,4.14E-05,1.69E-04
2545,2.27E-04,3.27E-04,2.49E-04,1.99E-04,8.88E-05,5.04E-05,2.03E-04,1.59E-04,9.49E-05,3.72E-05,2.19E-04,4.78E-04,2.25E-04,1.82E-04,1.31E-04,1.42E-05,4.36E-04,3.16E-04,4.50E-05,1.77E-04
2546,2.18E-04,3.11E-04,2.57E-04,2.15E-04,9.60E-05,5.96E-05,2.14E-04,1.62E-04,9.78E-05,4.42E-05,2.25E-04,4.85E-04,2.18E-04,1.92E-04,1.34E-04,2.83E-05,4.44E-04,3.11E-04,4.95E-05,1.85E-04
2547,2.12E-04,2.97E-04,2.68E-04,2.30E-04,1.04E-04,7.01E-05,2.31E-04,1.67E-04,1.01E-04,5.22E-05,2.29E-04,4.89E-04,2.14E-04,2.02E-04,1.39E-04,4.38E-05,4.52E-04,3.06E-04,5.50E-05,1.94E-04
2548,2.12E-04,2.86E-04,2.80E-04,2.43E-04,1.14E-04,8.19E-05,2.52E-04,1.74E-04,1.05E-04,6.09E-05,2.32E-04,4.90E-04,2.12E-04,2.12E-04,1.46E-04,6.04E-05,4.63E-04,3.02E-04,6.13E-05,2.03E-04
2549,2.18E-04,2.79E-04,2.95E-04,2.56E-04,1.24E-04,9.47E-05,2.77E-04,1.82E-04,1.10E-04,7.04E-05,2.34E-04,4.89E-04,2.12E-04,2.22E-04,1.53E-04,7.80E-05,4.75E-04,2.99E-04,6.83E-05,2.12E-04
2550,2.29E-04,2.78E-04,3.10E-04,2.68E-04,1.35E-04,1.08E-04,3.05E-04,1.91E-04,1.15E-04,8.05E-05,2.35E-04,4.88E-04,2.17E-04,2.32E-04,1.62E-04,9.64E-05,4.88E-04,2.97E-04,7.57E-05,2.21E-04
2551,2.46E-04,2.83E-04,3.27E-04,2.80E-04,1.46E-04,1.23E-04,3.34E-04,2.01E-04,1.19E-04,9.10E-05,2.34E-04,4.86E-04,2.24E-04,2.42E-04,1.72E-04,1.16E-04,5.04E-04,2.95E-04,8.35E-05,2.30E-04
2552,2.68E-04,2.94E-04,3.43E-04,2.91E-04,1.57E-04,1.38E-04,3.63E-04,2.12E-04,1.24E-04,1.02E-04,2.31E-04,4.85E-04,2.34E-04,2.53E-04,1.83E-04,1.35E-04,5.21E-04,2.95E-04,9.13E-05,2.39E-04
2553,2.94E-04,3.13E-04,3.59E-04,3.02E-04,1.69E-04,1.53E-04,3.91E-04,2.23E-04,1.29E-04,1.12E-04,2.28E-04,4.86E-04,2.47E-04,2.63E-04,1.94E-04,1.55E-04,5.39E-04,2.96E-04,9.92E-05,2.47E-04
2554,3.23E-04,3.37E-04,3.75E-04,3.13E-04,1.80E-04,1.68E-04,4.18E-04,2.35E-04,1.33E-04,1.23E-04,2.23E-04,4.89E-04,2.63E-04,2.73E-04,2.07E-04,1.74E-04,5.58E-04,2.98E-04,1.07E-04,2.54E-04
2555,3.54E-04,3.68E-04,3.89E-04,3.25E-04,1.92E-04,1.83E-04,4.42E-04,2.46E-04,1.36E-04,1.33E-04,2.18E-04,4.95E-04,2.80E-04,2.83E-04,2.20E-04,1.93E-04,5.78E-04,3.00E-04,1.14E-04,2.60E-04
2556,3.83E-04,4.02E-04,4.01E-04,3.36E-04,2.03E-04,1.97E-04,4.64E-04,2.57E-04,1.39E-04,1.42E-04,2.12E-04,5.04E-04,2.98E-04,2.93E-04,2.33E-04,2.12E-04,5.97E-04,3.04E-04,1.21E-04,2.66E-04
2557,4.11E-04,4.41E-04,4.12E-04,3.48E-04,2.13E-04,2.11E-04,4.83E-04,2.68E-04,1.41E-04,1.50E-04,2.06E-04,5.15E-04,3.16E-04,3.02E-04,2.47E-04,2.30E-04,6.16E-04,3.08E-04,1.27E-04,2.70E-04
2558,4.35E-04,4.80E-04,4.20E-04,3.60E-04,2.23E-04,2.23E-04,5.00E-04,2.79E-04,1.42E-04,1.57E-04,2.00E-04,5.29E-04,3.34E-04,3.12E-04,2.60E-04,2.47E-04,6.34E-04,3.12E-04,1.32E-04,2.73E-04
2559,4.54E-04,5.20E-04,4.26E-04,3.71E-04,2.32E-04,2.35E-04,5.15E-04,2.89E-04,1.43E-04,1.63E-04,1.95E-04,5.44E-04,3.51E-04,3.21E-04,2.72E-04,2.62E-04,6.51E-04,3.16E-04,1.37E-04,2.75E-04
2560,4.67E-04,5.58E-04,4.30E-04,3.83E-04,2.41E-04,2.46E-04,5.29E-04,2.98E-04,1.42E-04,1.68E-04,1.89E-04,5.59E-04,3.67E-04,3.30E-04,2.84E-04,2.77E-04,6.65E-04,3.20E-04,1.40E-04,2.76E-04
2561,4.73E-04,5.92E-04,4.31E-04,3.95E-04,2.49E-04,2.55E-04,5.42E-04,3.07E-04,1.41E-04,1.71E-04,1.85E-04,5.74E-04,3.80E-04,3.38E-04,2.95E-04,2.90E-04,6.77E-04,3.23E-04,1.43E-04,2.76E-04
2562,4.73E-04,6.22E-04,4.32E-04,4.06E-04,2.57E-04,2.64E-04,5.56E-04,3.16E-04,1.39E-04,1.73E-04,1.82E-04,5.87E-04,3.91E-04,3.46E-04,3.04E-04,3.01E-04,6.87E-04,3.24E-04,1.46E-04,2.75E-04
2563,4.67E-04,6.45E-04,4.30E-04,4.17E-04,2.63E-04,2.71E-04,5.71E-04,3.24E-04,1.36E-04,1.73E-04,1.79E-04,5.98E-04,3.99E-04,3.54E-04,3.12E-04,3.12E-04,6.94E-04,3.25E-04,1.47E-04,2.73E-04
2564,4.55E-04,6.63E-04,4.28E-04,4.28E-04,2.69E-04,2.77E-04,5.88E-04,3.32E-04,1.33E-04,1.72E-04,1.78E-04,6.05E-04,4.04E-04,3.61E-04,3.18E-04,3.21E-04,6.98E-04,3.24E-04,1.48E-04,2.70E-04
2565,4.38E-04,6.73E-04,4.24E-04,4.37E-04,2.74E-04,2.82E-04,6.08E-04,3.39E-04,1.29E-04,1.70E-04,1.77E-04,6.08E-04,4.07E-04,3.68E-04,3.23E-04,3.30E-04,7.00E-04,3.21E-04,1.49E-04,2.66E-04
2566,4.19E-04,6.77E-04,4.21E-04,4.46E-04,2.79E-04,2.86E-04,6.30E-04,3.45E-04,1.25E-04,1.67E-04,1.78E-04,6.06E-04,4.07E-04,3.74E-04,3.26E-04,3.37E-04,7.00E-04,3.16E-04,1.49E-04,2.61E-04
2567,3.98E-04,6.74E-04,4.17E-04,4.55E-04,2.83E-04,2.90E-04,6.55E-04,3.52E-04,1.20E-04,1.64E-04,1.80E-04,5.99E-04,4.05E-04,3.80E-04,3.27E-04,3.44E-04,6.97E-04,3.09E-04,1.48E-04,2.56E-04
2568,3.77E-04,6.66E-04,4.14E-04,4.62E-04,2.86E-04,2.93E-04,6.82E-04,3.57E-04,1.15E-04,1.60E-04,1.82E-04,5.87E-04,4.01E-04,3.86E-04,3.26E-04,3.50E-04,6.94E-04,3.01E-04,1.47E-04,2.51E-04
2569,3.57E-04,6.54E-04,4.11E-04,4.69E-04,2.88E-04,2.95E-04,7.11E-04,3.63E-04,1.09E-04,1.55E-04,1.85E-04,5.70E-04,3.95E-04,3.91E-04,3.24E-04,3.57E-04,6.89E-04,2.90E-04,1.46E-04,2.45E-04
2570,3.40E-04,6.38E-04,4.09E-04,4.75E-04,2.90E-04,2.96E-04,7.41E-04,3.67E-04,1.04E-04,1.51E-04,1.89E-04,5.49E-04,3.88E-04,3.96E-04,3.21E-04,3.63E-04,6.83E-04,2.78E-04,1.45E-04,2.39E-04
2571,3.26E-04,6.21E-04,4.07E-04,4.79E-04,2.92E-04,2.98E-04,7.72E-04,3.71E-04,9.79E-05,1.46E-04,1.93E-04,5.24E-04,3.80E-04,4.00E-04,3.17E-04,3.69E-04,6.77E-04,2.65E-04,1.43E-04,2.32E-04
2572,3.17E-04,6.04E-04,4.07E-04,4.84E-04,2.93E-04,2.99E-04,8.01E-04,3.74E-04,9.23E-05,1.43E-04,1.97E-04,4.98E-04,3.71E-04,4.04E-04,3.13E-04,3.76E-04,6.71E-04,2.51E-04,1.42E-04,2.25E-04
2573,3.12E-04,5.87E-04,4.08E-04,4.87E-04,2.94E-04,2.99E-04,8.30E-04,3.76E-04,8.67E-05,1.39E-04,2.01E-04,4.70E-04,3.63E-04,4.08E-04,3.09E-04,3.84E-04,6.66E-04,2.36E-04,1.40E-04,2.19E-04
2574,3.11E-04,5.73E-04,4.09E-04,4.90E-04,2.95E-04,3.00E-04,8.55E-04,3.78E-04,8.14E-05,1.37E-04,2.04E-04,4.42E-04,3.55E-04,4.12E-04,3.05E-04,3.92E-04,6.62E-04,2.21E-04,1.38E-04,2.12E-04
2575,3.15E-04,5.63E-04,4.11E-04,4.92E-04,2.96E-04,3.00E-04,8.78E-04,3.79E-04,7.62E-05,1.35E-04,2.08E-04,4.16E-04,3.48E-04,4.16E-04,3.02E-04,4.00E-04,6.59E-04,2.06E-04,1.36E-04,2.05E-04
2576,3.22E-04,5.55E-04,4.14E-04,4.93E-04,2.97E-04,3.01E-04,8.97E-04,3.79E-04,7.14E-05,1.34E-04,2.11E-04,3.91E-04,3.41E-04,4.20E-04,3.00E-04,4.10E-04,6.58E-04,1.92E-04,1.34E-04,1.99E-04
2577,3.32E-04,5.52E-04,4.18E-04,4.93E-04,2.98E-04,3.01E-04,9.12E-04,3.78E-04,6.69E-05,1.34E-04,2.14E-04,3.70E-04,3.36E-04,4.24E-04,2.99E-04,4.20E-04,6.57E-04,1.79E-04,1.32E-04,1.93E-04
2578,3.43E-04,5.53E-04,4.23E-04,4.93E-04,2.99E-04,3.02E-04,9.22E-04,3.76E-04,6.27E-05,1.34E-04,2.16E-04,3.52E-04,3.32E-04,4.27E-04,2.99E-04,4.30E-04,6.58E-04,1.67E-04,1.30E-04,1.86E-04
2579,3.54E-04,5.57E-04,4.27E-04,4.92E-04,3.01E-04,3.03E-04,9.28E-04,3.73E-04,5.91E-05,1.36E-04,2.18E-04,3.38E-04,3.30E-04,4.31E-04,3.00E-04,4.41E-04,6.60E-04,1.57E-04,1.27E-04,1.81E-04
2580,3.65E-04,5.63E-04,4.32E-04,4.90E-04,3.04E-04,3.03E-04,9.29E-04,3.70E-04,5.59E-05,1.38E-04,2.19E-04,3.28E-04,3.29E-04,4.36E-04,3.03E-04,4.52E-04,6.63E-04,1.49E-04,1.25E-04,1.75E-04
2581,3.75E-04,5.71E-04,4.38E-04,4.87E-04,3.06E-04,3.04E-04,9.26E-04,3.66E-04,5.32E-05,1.41E-04,2.20E-04,3.21E-04,3.28E-04,4.40E-04,3.08E-04,4.63E-04,6.66E-04,1.42E-04,1.23E-04,1.70E-04
2582,3.82E-04,5.80E-04,4.44E-04,4.84E-04,3.09E-04,3.05E-04,9.19E-04,3.62E-04,5.10E-05,1.44E-04,2.20E-04,3.18E-04,3.29E-04,4.44E-04,3.13E-04,4.74E-04,6.70E-04,1.37E-04,1.20E-04,1.65E-04
2583,3.86E-04,5.88E-04,4.49E-04,4.79E-04,3.12E-04,3.06E-04,9.08E-04,3.58E-04,4.93E-05,1.48E-04,2.20E-04,3.16E-04,3.31E-04,4.47E-04,3.20E-04,4.83E-04,6.73E-04,1.33E-04,1.18E-04,1.61E-04
2584,3.88E-04,5.94E-04,4.55E-04,4.74E-04,3.15E-04,3.07E-04,8.93E-04,3.53E-04,4.81E-05,1.51E-04,2.19E-04,3.17E-04,3.34E-04,4.51E-04,3.27E-04,4.92E-04,6.76E-04,1.30E-04,1.15E-04,1.56E-04
2585,3.86E-04,5.97E-04,4.62E-04,4.68E-04,3.18E-04,3.07E-04,8.75E-04,3.48E-04,4.73E-05,1.55E-04,2.17E-04,3.18E-04,3.37E-04,4.54E-04,3.35E-04,5.00E-04,6.79E-04,1.28E-04,1.13E-04,1.52E-04
2586,3.82E-04,5.95E-04,4.68E-04,4.61E-04,3.20E-04,3.08E-04,8.54E-04,3.43E-04,4.70E-05,1.58E-04,2.16E-04,3.19E-04,3.40E-04,4.57E-04,3.42E-04,5.07E-04,6.80E-04,1.27E-04,1.10E-04,1.48E-04
2587,3.76E-04,5.90E-04,4.74E-04,4.53E-04,3.22E-04,3.07E-04,8.30E-04,3.39E-04,4.70E-05,1.60E-04,2.13E-04,3.19E-04,3.42E-04,4.59E-04,3.49E-04,5.12E-04,6.80E-04,1.26E-04,1.08E-04,1.43E-04
2588,3.68E-04,5.79E-04,4.80E-04,4.45E-04,3.23E-04,3.07E-04,8.03E-04,3.34E-04,4.74E-05,1.62E-04,2.10E-04,3.16E-04,3.44E-04,4.61E-04,3.56E-04,5.15E-04,6.79E-04,1.24E-04,1.06E-04,1.38E-04
2589,3.58E-04,5.62E-04,4.85E-04,4.37E-04,3.22E-04,3.05E-04,7.74E-04,3.29E-04,4.79E-05,1.63E-04,2.05E-04,3.12E-04,3.45E-04,4.62E-04,3.61E-04,5.17E-04,6.76E-04,1.21E-04,1.03E-04,1.33E-04
2590,3.49E-04,5.41E-04,4.90E-04,4.28E-04,3.21E-04,3.02E-04,7.41E-04,3.24E-04,4.85E-05,1.63E-04,2.00E-04,3.05E-04,3.45E-04,4.61E-04,3.65E-04,5.16E-04,6.71E-04,1.18E-04,1.01E-04,1.28E-04
2591,3.39E-04,5.15E-04,4.94E-04,4.18E-04,3.17E-04,2.99E-04,7.06E-04,3.19E-04,4.92E-05,1.62E-04,1.95E-04,2.94E-04,3.44E-04,4.60E-04,3.67E-04,5.14E-04,6.64E-04,1.12E-04,9.85E-05,1.22E-04
2592,3.30E-04,4.84E-04,4.98E-04,4.09E-04,3.12E-04,2.94E-04,6.69E-04,3.13E-04,4.97E-05,1.60E-04,1.88E-04,2.81E-04,3.41E-04,4.58E-04,3.67E-04,5.10E-04,6.55E-04,1.05E-04,9.59E-05,1.15E-04
2593,3.21E-04,4.51E-04,4.99E-04,4.00E-04,3.05E-04,2.88E-04,6.28E-04,3.06E-04,5.01E-05,1.57E-04,1.80E-04,2.65E-04,3.37E-04,4.56E-04,3.65E-04,5.04E-04,6.43E-04,9.59E-05,9.29E-05,1.08E-04
2594,3.14E-04,4.15E-04,5.00E-04,3.90E-04,2.97E-04,2.80E-04,5.86E-04,2.98E-04,5.02E-05,1.52E-04,1.71E-04,2.47E-04,3.31E-04,4.52E-04,3.61E-04,4.97E-04,6.30E-04,8.48E-05,8.96E-05,9.98E-05
2595,3.08E-04,3.78E-04,4.98E-04,3.80E-04,2.86E-04,2.72E-04,5.42E-04,2.89E-04,5.00E-05,1.46E-04,1.62E-04,2.26E-04,3.23E-04,4.47E-04,3.56E-04,4.88E-04,6.15E-04,7.17E-05,8.58E-05,9.14E-05
2596,3.04E-04,3.40E-04,4.95E-04,3.71E-04,2.74E-04,2.61E-04,4.96E-04,2.79E-04,4.93E-05,1.39E-04,1.52E-04,2.05E-04,3.13E-04,4.42E-04,3.48E-04,4.77E-04,5.98E-04,5.69E-05,8.13E-05,8.27E-05
2597,3.01E-04,3.04E-04,4.89E-04,3.62E-04,2.61E-04,2.50E-04,4.48E-04,2.66E-04,4.81E-05,1.31E-04,1.41E-04,1.82E-04,3.02E-04,4.36E-04,3.38E-04,4.66E-04,5.79E-04,4.07E-05,7.63E-05,7.36E-05
2598,2.99E-04,2.68E-04,4.80E-04,3.52E-04,2.46E-04,2.37E-04,4.01E-04,2.51E-04,4.65E-05,1.22E-04,1.31E-04,1.60E-04,2.89E-04,4.29E-04,3.26E-04,4.54E-04,5.59E-04,2.33E-05,7.04E-05,6.45E-05
2599,2.97E-04,2.35E-04,4.70E-04,3.43E-04,2.30E-04,2.22E-04,3.53E-04,2.34E-04,4.43E-05,1.12E-04,1.20E-04,1.38E-04,2.76E-04,4.22E-04,3.13E-04,4.42E-04,5.37E-04,5.29E-06,6.38E-05,5.55E-05
2600,2.97E-04,2.05E-04,4.56E-04,3.34E-04,2.13E-04,2.07E-04,3.05E-04,2.15E-04,4.16E-05,1.02E-04,1.10E-04,1.17E-04,2.62E-04,4.15E-04,2.98E-04,4.29E-04,5.14E-04,-1.29E-05,5.64E-05,4.69E-05
2601,2.97E-04,1.78E-04,4.41E-04,3.25E-04,1.96E-04,1.91E-04,2.59E-04,1.93E-04,3.85E-05,9.04E-05,1.01E-04,9.72E-05,2.47E-04,4.08E-04,2.83E-04,4.15E-04,4.90E-04,-3.07E-05,4.83E-05,3.88E-05
2602,2.97E-04,1.54E-04,4.23E-04,3.17E-04,1.78E-04,1.75E-04,2.13E-04,1.70E-04,3.51E-05,7.88E-05,9.30E-05,7.88E-05,2.32E-04,4.00E-04,2.66E-04,4.02E-04,4.65E-04,-4.78E-05,3.94E-05,3.16E-05
2603,2.97E-04,1.32E-04,4.03E-04,3.09E-04,1.60E-04,1.58E-04,1.70E-04,1.44E-04,3.14E-05,6.71E-05,8.59E-05,6.20E-05,2.18E-04,3.93E-04,2.49E-04,3.89E-04,4.41E-04,-6.36E-05,3.00E-05,2.54E-05
2604,2.98E-04,1.13E-04,3.82E-04,3.01E-04,1.42E-04,1.41E-04,1.28E-04,1.17E-04,2.75E-05,5.55E-05,8.03E-05,4.66E-05,2.03E-04,3.87E-04,2.31E-04,3.77E-04,4.16E-04,-7.77E-05,2.02E-05,2.04E-05
2605,2.98E-04,9.66E-05,3.60E-04,2.93E-04,1.25E-04,1.24E-04,8.81E-05,8.80E-05,2.36E-05,4.42E-05,7.62E-05,3.26E-05,1.90E-04,3.80E-04,2.13E-04,3.65E-04,3.91E-04,-8.99E-05,1.02E-05,1.67E-05
2606,2.98E-04,8.13E-05,3.37E-04,2.86E-04,1.07E-04,1.08E-04,4.98E-05,5.84E-05,1.98E-05,3.34E-05,7.37E-05,1.96E-05,1.77E-04,3.74E-04,1.95E-04,3.53E-04,3.67E-04,-9.99E-05,1.54E-07,1.46E-05
2607,2.98E-04,6.70E-05,3.14E-04,2.80E-04,9.07E-05,9.21E-05,1.29E-05,2.84E-05,1.63E-05,2.34E-05,7.26E-05,7.42E-06,1.65E-04,3.68E-04,1.77E-04,3.42E-04,3.45E-04,-1.08E-04,-9.68E-06,1.39E-05
2608,2.98E-04,5.31E-05,2.91E-04,2.75E-04,7.44E-05,7.75E-05,-2.29E-05,-1.49E-06,1.32E-05,1.42E-05,7.29E-05,-4.19E-06,1.55E-04,3.63E-04,1.60E-04,3.32E-04,3.23E-04,-1.13E-04,-1.91E-05,1.48E-05
2609,2.97E-04,3.90E-05,2.68E-04,2.70E-04,5.88E-05,6.39E-05,-5.80E-05,-3.07E-05,1.06E-05,6.22E-06,7.44E-05,-1.55E-05,1.46E-04,3.59E-04,1.43E-04,3.23E-04,3.04E-04,-1.16E-04,-2.78E-05,1.71E-05
2610,2.95E-04,2.43E-05,2.47E-04,2.66E-04,4.38E-05,5.16E-05,-9.29E-05,-5.88E-05,8.64E-06,-5.49E-07,7.66E-05,-2.67E-05,1.38E-04,3.55E-04,1.27E-04,3.14E-04,2.86E-04,-1.18E-04,-3.57E-05,2.08E-05
2611,2.92E-04,8.72E-06,2.27E-04,2.63E-04,2.95E-05,4.06E-05,-1.28E-04,-8.53E-05,7.44E-06,-5.93E-06,7.94E-05,-3.78E-05,1.30E-04,3.51E-04,1.11E-04,3.06E-04,2.70E-04,-1.17E-04,-4.26E-05,2.57E-05
2612,2.87E-04,-8.06E-06,2.08E-04,2.61E-04,1.57E-05,3.11E-05,-1.64E-04,-1.10E-04,7.06E-06,-9.86E-06,8.22E-05,-4.90E-05,1.24E-04,3.48E-04,9.72E-05,2.99E-04,2.56E-04,-1.15E-04,-4.83E-05,3.16E-05
2613,2.81E-04,-2.61E-05,1.91E-04,2.59E-04,2.68E-06,2.30E-05,-2.00E-04,-1.32E-04,7.53E-06,-1.23E-05,8.47E-05,-6.02E-05,1.19E-04,3.45E-04,8.42E-05,2.93E-04,2.45E-04,-1.12E-04,-5.28E-05,3.83E-05
2614,2.72E-04,-4.54E-05,1.77E-04,2.58E-04,-9.70E-06,1.63E-05,-2.36E-04,-1.51E-04,8.87E-06,-1.32E-05,8.65E-05,-7.13E-05,1.14E-04,3.42E-04,7.25E-05,2.87E-04,2.35E-04,-1.08E-04,-5.60E-05,4.55E-05
2615,2.61E-04,-6.57E-05,1.64E-04,2.57E-04,-2.14E-05,1.09E-05,-2.74E-04,-1.67E-04,1.10E-05,-1.26E-05,8.71E-05,-8.20E-05,1.09E-04,3.40E-04,6.22E-05,2.82E-04,2.27E-04,-1.04E-04,-5.80E-05,5.30E-05
2616,2.47E-04,-8.69E-05,1.53E-04,2.57E-04,-3.22E-05,6.86E-06,-3.11E-04,-1.81E-04,1.40E-05,-1.07E-05,8.62E-05,-9.22E-05,1.05E-04,3.38E-04,5.32E-05,2.78E-04,2.21E-04,-9.92E-05,-5.89E-05,6.05E-05
2617,2.31E-04,-1.09E-04,1.43E-04,2.56E-04,-4.23E-05,3.95E-06,-3.47E-04,-1.92E-04,1.77E-05,-7.52E-06,8.37E-05,-1.02E-04,1.00E-04,3.35E-04,4.55E-05,2.75E-04,2.17E-04,-9.48E-05,-5.87E-05,6.79E-05
2618,2.12E-04,-1.30E-04,1.35E-04,2.55E-04,-5.14E-05,2.07E-06,-3.83E-04,-2.00E-04,2.19E-05,-3.29E-06,7.92E-05,-1.10E-04,9.60E-05,3.33E-04,3.91E-05,2.72E-04,2.13E-04,-9.06E-05,-5.78E-05,7.48E-05
2619,1.90E-04,-1.52E-04,1.27E-04,2.53E-04,-5.96E-05,1.07E-06,-4.16E-04,-2.06E-04,2.66E-05,1.80E-06,7.28E-05,-1.17E-04,9.14E-05,3.31E-04,3.37E-05,2.69E-04,2.10E-04,-8.69E-05,-5.62E-05,8.13E-05
2620,1.66E-04,-1.72E-04,1.20E-04,2.51E-04,-6.66E-05,8.12E-07,-4.46E-04,-2.10E-04,3.17E-05,7.53E-06,6.45E-05,-1.23E-04,8.64E-05,3.28E-04,2.92E-05,2.67E-04,2.07E-04,-8.36E-05,-5.43E-05,8.71E-05
2621,1.41E-04,-1.92E-04,1.14E-04,2.47E-04,-7.26E-05,1.13E-06,-4.72E-04,-2.12E-04,3.68E-05,1.36E-05,5.45E-05,-1.28E-04,8.10E-05,3.25E-04,2.54E-05,2.65E-04,2.04E-04,-8.08E-05,-5.22E-05,9.20E-05
2622,1.15E-04,-2.10E-04,1.07E-04,2.42E-04,-7.75E-05,1.89E-06,-4.93E-04,-2.12E-04,4.20E-05,1.99E-05,4.29E-05,-1.32E-04,7.53E-05,3.22E-04,2.20E-05,2.63E-04,2.01E-04,-7.83E-05,-5.03E-05,9.62E-05
2623,9.00E-05,-2.27E-04,1.00E-04,2.36E-04,-8.12E-05,2.94E-06,-5.09E-04,-2.12E-04,4.70E-05,2.61E-05,3.01E-05,-1.34E-04,6.91E-05,3.18E-04,1.87E-05,2.62E-04,1.98E-04,-7.59E-05,-4.86E-05,9.95E-05
2624,6.57E-05,-2.41E-04,9.24E-05,2.28E-04,-8.38E-05,4.18E-06,-5.19E-04,-2.11E-04,5.17E-05,3.19E-05,1.65E-05,-1.36E-04,6.25E-05,3.14E-04,1.53E-05,2.61E-04,1.94E-04,-7.37E-05,-4.75E-05,1.02E-04
2625,4.35E-05,-2.54E-04,8.36E-05,2.19E-04,-8.53E-05,5.49E-06,-5.23E-04,-2.10E-04,5.59E-05,3.72E-05,2.43E-06,-1.37E-04,5.54E-05,3.09E-04,1.14E-05,2.60E-04,1.89E-04,-7.13E-05,-4.70E-05,1.04E-04
2626,2.43E-05,-2.65E-04,7.37E-05,2.09E-04,-8.60E-05,6.79E-06,-5.21E-04,-2.09E-04,5.97E-05,4.18E-05,-1.16E-05,-1.38E-04,4.79E-05,3.03E-04,6.67E-06,2.59E-04,1.83E-04,-6.88E-05,-4.73E-05,1.05E-04
2627,8.86E-06,-2.75E-04,6.26E-05,1.97E-04,-8.58E-05,8.01E-06,-5.14E-04,-2.09E-04,6.28E-05,4.55E-05,-2.53E-05,-1.39E-04,4.00E-05,2.97E-04,1.00E-06,2.58E-04,1.77E-04,-6.58E-05,-4.83E-05,1.05E-04
2628,-2.17E-06,-2.83E-04,5.01E-05,1.85E-04,-8.51E-05,9.09E-06,-5.01E-04,-2.09E-04,6.54E-05,4.84E-05,-3.82E-05,-1.41E-04,3.14E-05,2.91E-04,-5.83E-06,2.57E-04,1.70E-04,-6.25E-05,-5.02E-05,1.05E-04
2629,-8.43E-06,-2.90E-04,3.64E-05,1.73E-04,-8.40E-05,1.00E-05,-4.85E-04,-2.09E-04,6.72E-05,5.02E-05,-4.99E-05,-1.43E-04,2.22E-05,2.83E-04,-1.39E-05,2.57E-04,1.63E-04,-5.87E-05,-5.27E-05,1.04E-04
2630,-9.74E-06,-2.95E-04,2.15E-05,1.60E-04,-8.27E-05,1.07E-05,-4.66E-04,-2.10E-04,6.85E-05,5.11E-05,-6.02E-05,-1.46E-04,1.23E-05,2.75E-04,-2.34E-05,2.56E-04,1.56E-04,-5.45E-05,-5.59E-05,1.02E-04
2631,-6.22E-06,-3.00E-04,5.62E-06,1.48E-04,-8.14E-05,1.13E-05,-4.45E-04,-2.12E-04,6.92E-05,5.11E-05,-6.89E-05,-1.50E-04,1.61E-06,2.67E-04,-3.41E-05,2.55E-04,1.49E-04,-5.01E-05,-5.95E-05,1.01E-04
2632,1.81E-06,-3.04E-04,-1.11E-05,1.37E-04,-8.04E-05,1.16E-05,-4.24E-04,-2.14E-04,6.94E-05,5.03E-05,-7.59E-05,-1.55E-04,-1.01E-05,2.58E-04,-4.59E-05,2.54E-04,1.42E-04,-4.54E-05,-6.35E-05,9.85E-05
2633,1.38E-05,-3.08E-04,-2.84E-05,1.26E-04,-7.98E-05,1.18E-05,-4.03E-04,-2.16E-04,6.92E-05,4.88E-05,-8.11E-05,-1.61E-04,-2.28E-05,2.48E-04,-5.87E-05,2.54E-04,1.36E-04,-4.09E-05,-6.76E-05,9.60E-05
2634,2.89E-05,-3.12E-04,-4.61E-05,1.17E-04,-7.97E-05,1.18E-05,-3.85E-04,-2.19E-04,6.87E-05,4.68E-05,-8.45E-05,-1.67E-04,-3.67E-05,2.38E-04,-7.21E-05,2.53E-04,1.31E-04,-3.65E-05,-7.18E-05,9.32E-05
2635,4.64E-05,-3.16E-04,-6.40E-05,1.10E-04,-8.02E-05,1.17E-05,-3.70E-04,-2.21E-04,6.80E-05,4.44E-05,-8.62E-05,-1.73E-04,-5.18E-05,2.28E-04,-8.59E-05,2.53E-04,1.26E-04,-3.27E-05,-7.57E-05,9.01E-05
2636,6.53E-05,-3.19E-04,-8.17E-05,1.04E-04,-8.15E-05,1.15E-05,-3.58E-04,-2.24E-04,6.71E-05,4.18E-05,-8.64E-05,-1.79E-04,-6.80E-05,2.18E-04,-9.96E-05,2.53E-04,1.23E-04,-2.96E-05,-7.94E-05,8.68E-05
2637,8.47E-05,-3.22E-04,-9.90E-05,1.01E-04,-8.33E-05,1.13E-05,-3.50E-04,-2.26E-04,6.63E-05,3.92E-05,-8.53E-05,-1.84E-04,-8.55E-05,2.08E-04,-1.13E-04,2.53E-04,1.20E-04,-2.73E-05,-8.27E-05,8.32E-05
2638,1.04E-04,-3.25E-04,-1.16E-04,9.90E-05,-8.58E-05,1.11E-05,-3.47E-04,-2.27E-04,6.55E-05,3.67E-05,-8.31E-05,-1.88E-04,-1.04E-04,1.99E-04,-1.26E-04,2.53E-04,1.18E-04,-2.61E-05,-8.56E-05,7.93E-05
2639,1.21E-04,-3.27E-04,-1.32E-04,9.90E-05,-8.87E-05,1.10E-05,-3.47E-04,-2.28E-04,6.49E-05,3.46E-05,-7.99E-05,-1.90E-04,-1.23E-04,1.89E-04,-1.37E-04,2.54E-04,1.16E-04,-2.59E-05,-8.80E-05,7.53E-05
2640,1.38E-04,-3.28E-04,-1.47E-04,1.01E-04,-9.18E-05,1.09E-05,-3.52E-04,-2.29E-04,6.44E-05,3.28E-05,-7.62E-05,-1.90E-04,-1.43E-04,1.80E-04,-1.47E-04,2.55E-04,1.14E-04,-2.68E-05,-9.00E-05,7.10E-05
2641,1.52E-04,-3.29E-04,-1.62E-04,1.03E-04,-9.50E-05,1.11E-05,-3.59E-04,-2.29E-04,6.42E-05,3.16E-05,-7.21E-05,-1.88E-04,-1.63E-04,1.72E-04,-1.56E-04,2.55E-04,1.12E-04,-2.87E-05,-9.15E-05,6.67E-05
2642,1.63E-04,-3.27E-04,-1.75E-04,1.07E-04,-9.80E-05,1.14E-05,-3.69E-04,-2.29E-04,6.42E-05,3.10E-05,-6.78E-05,-1.83E-04,-1.83E-04,1.64E-04,-1.62E-04,2.56E-04,1.10E-04,-3.15E-05,-9.27E-05,6.23E-05
2643,1.73E-04,-3.25E-04,-1.87E-04,1.11E-04,-1.01E-04,1.21E-05,-3.81E-04,-2.28E-04,6.45E-05,3.10E-05,-6.36E-05,-1.76E-04,-2.03E-04,1.57E-04,-1.67E-04,2.57E-04,1.07E-04,-3.49E-05,-9.36E-05,5.79E-05
2644,1.80E-04,-3.21E-04,-1.98E-04,1.15E-04,-1.03E-04,1.32E-05,-3.92E-04,-2.27E-04,6.50E-05,3.16E-05,-5.96E-05,-1.67E-04,-2.21E-04,1.51E-04,-1.70E-04,2.59E-04,1.03E-04,-3.87E-05,-9.43E-05,5.37E-05
2645,1.85E-04,-3.15E-04,-2.09E-04,1.19E-04,-1.04E-04,1.46E-05,-4.04E-04,-2.26E-04,6.57E-05,3.30E-05,-5.60E-05,-1.55E-04,-2.38E-04,1.46E-04,-1.71E-04,2.59E-04,9.71E-05,-4.24E-05,-9.50E-05,4.96E-05
2646,1.88E-04,-3.07E-04,-2.18E-04,1.22E-04,-1.04E-04,1.65E-05,-4.15E-04,-2.25E-04,6.66E-05,3.49E-05,-5.29E-05,-1.42E-04,-2.53E-04,1.42E-04,-1.71E-04,2.60E-04,9.04E-05,-4.59E-05,-9.57E-05,4.58E-05
2647,1.89E-04,-2.98E-04,-2.26E-04,1.24E-04,-1.03E-04,1.90E-05,-4.24E-04,-2.24E-04,6.77E-05,3.75E-05,-5.06E-05,-1.28E-04,-2.65E-04,1.38E-04,-1.70E-04,2.61E-04,8.22E-05,-4.88E-05,-9.64E-05,4.24E-05
2648,1.89E-04,-2.87E-04,-2.33E-04,1.25E-04,-1.01E-04,2.19E-05,-4.31E-04,-2.22E-04,6.89E-05,4.06E-05,-4.91E-05,-1.13E-04,-2.76E-04,1.34E-04,-1.67E-04,2.61E-04,7.29E-05,-5.07E-05,-9.72E-05,3.93E-05
2649,1.88E-04,-2.76E-04,-2.39E-04,1.24E-04,-9.75E-05,2.55E-05,-4.35E-04,-2.21E-04,7.03E-05,4.42E-05,-4.84E-05,-9.84E-05,-2.83E-04,1.31E-04,-1.64E-04,2.60E-04,6.24E-05,-5.15E-05,-9.82E-05,3.66E-05
2650,1.85E-04,-2.64E-04,-2.45E-04,1.21E-04,-9.31E-05,2.96E-05,-4.37E-04,-2.20E-04,7.18E-05,4.83E-05,-4.88E-05,-8.42E-05,-2.87E-04,1.29E-04,-1.60E-04,2.59E-04,5.12E-05,-5.09E-05,-9.92E-05,3.44E-05
2651,1.80E-04,-2.51E-04,-2.50E-04,1.17E-04,-8.77E-05,3.43E-05,-4.37E-04,-2.18E-04,7.34E-05,5.28E-05,-5.03E-05,-7.12E-05,-2.89E-04,1.26E-04,-1.57E-04,2.57E-04,3.95E-05,-4.89E-05,-1.00E-04,3.25E-05
2652,1.73E-04,-2.38E-04,-2.54E-04,1.11E-04,-8.15E-05,3.96E-05,-4.35E-04,-2.16E-04,7.51E-05,5.76E-05,-5.29E-05,-5.97E-05,-2.88E-04,1.22E-04,-1.53E-04,2.55E-04,2.77E-05,-4.54E-05,-1.01E-04,3.10E-05
2653,1.63E-04,-2.26E-04,-2.57E-04,1.03E-04,-7.46E-05,4.52E-05,-4.31E-04,-2.13E-04,7.69E-05,6.27E-05,-5.66E-05,-5.01E-05,-2.84E-04,1.19E-04,-1.51E-04,2.52E-04,1.62E-05,-4.04E-05,-1.02E-04,2.97E-05
2654,1.51E-04,-2.14E-04,-2.60E-04,9.41E-05,-6.74E-05,5.13E-05,-4.25E-04,-2.10E-04,7.89E-05,6.80E-05,-6.16E-05,-4.26E-05,-2.78E-04,1.14E-04,-1.49E-04,2.47E-04,5.42E-06,-3.43E-05,-1.03E-04,2.85E-05
2655,1.35E-04,-2.03E-04,-2.62E-04,8.40E-05,-5.99E-05,5.77E-05,-4.20E-04,-2.06E-04,8.09E-05,7.35E-05,-6.77E-05,-3.75E-05,-2.71E-04,1.09E-04,-1.48E-04,2.42E-04,-4.38E-06,-2.72E-05,-1.04E-04,2.73E-05
2656,1.16E-04,-1.94E-04,-2.64E-04,7.31E-05,-5.25E-05,6.42E-05,-4.13E-04,-2.02E-04,8.31E-05,7.91E-05,-7.48E-05,-3.47E-05,-2.63E-04,1.03E-04,-1.47E-04,2.36E-04,-1.29E-05,-1.94E-05,-1.04E-04,2.60E-05
2657,9.32E-05,-1.86E-04,-2.66E-04,6.16E-05,-4.54E-05,7.07E-05,-4.07E-04,-1.96E-04,8.52E-05,8.49E-05,-8.30E-05,-3.41E-05,-2.54E-04,9.55E-05,-1.48E-04,2.29E-04,-1.99E-05,-1.13E-05,-1.04E-04,2.44E-05
2658,6.68E-05,-1.79E-04,-2.67E-04,5.00E-05,-3.89E-05,7.70E-05,-4.02E-04,-1.90E-04,8.74E-05,9.06E-05,-9.19E-05,-3.56E-05,-2.46E-04,8.69E-05,-1.50E-04,2.21E-04,-2.53E-05,-3.19E-06,-1.03E-04,2.24E-05
2659,3.70E-05,-1.73E-04,-2.69E-04,3.84E-05,-3.30E-05,8.30E-05,-3.97E-04,-1.83E-04,8.96E-05,9.62E-05,-1.01E-04,-3.90E-05,-2.39E-04,7.70E-05,-1.53E-04,2.11E-04,-2.91E-05,4.43E-06,-1.02E-04,1.98E-05
2660,4.54E-06,-1.68E-04,-2.71E-04,2.72E-05,-2.81E-05,8.85E-05,-3.94E-04,-1.75E-04,9.16E-05,1.02E-04,-1.11E-04,-4.39E-05,-2.32E-04,6.59E-05,-1.57E-04,2.01E-04,-3.13E-05,1.13E-05,-1.01E-04,1.64E-05
2661,-2.99E-05,-1.64E-04,-2.73E-04,1.66E-05,-2.43E-05,9.33E-05,-3.91E-04,-1.67E-04,9.33E-05,1.07E-04,-1.21E-04,-5.02E-05,-2.28E-04,5.37E-05,-1.62E-04,1.90E-04,-3.23E-05,1.70E-05,-1.00E-04,1.24E-05
2662,-6.54E-05,-1.60E-04,-2.76E-04,6.66E-06,-2.16E-05,9.73E-05,-3.89E-04,-1.58E-04,9.47E-05,1.12E-04,-1.31E-04,-5.75E-05,-2.26E-04,4.05E-05,-1.67E-04,1.77E-04,-3.21E-05,2.13E-05,-9.89E-05,7.42E-06
2663,-1.01E-04,-1.56E-04,-2.80E-04,-2.39E-06,-2.01E-05,1.00E-04,-3.88E-04,-1.50E-04,9.57E-05,1.16E-04,-1.40E-04,-6.55E-05,-2.27E-04,2.64E-05,-1.74E-04,1.64E-04,-3.13E-05,2.40E-05,-9.77E-05,1.64E-06
2664,-1.35E-04,-1.52E-04,-2.84E-04,-1.05E-05,-1.99E-05,1.02E-04,-3.87E-04,-1.42E-04,9.60E-05,1.20E-04,-1.49E-04,-7.40E-05,-2.30E-04,1.17E-05,-1.80E-04,1.49E-04,-3.00E-05,2.51E-05,-9.68E-05,-4.95E-06
2665,-1.67E-04,-1.48E-04,-2.90E-04,-1.77E-05,-2.10E-05,1.03E-04,-3.86E-04,-1.35E-04,9.57E-05,1.23E-04,-1.56E-04,-8.28E-05,-2.36E-04,-3.57E-06,-1.88E-04,1.34E-04,-2.88E-05,2.44E-05,-9.63E-05,-1.23E-05
2666,-1.95E-04,-1.44E-04,-2.96E-04,-2.40E-05,-2.33E-05,1.03E-04,-3.86E-04,-1.30E-04,9.46E-05,1.25E-04,-1.61E-04,-9.18E-05,-2.44E-04,-1.91E-05,-1.96E-04,1.18E-04,-2.80E-05,2.22E-05,-9.65E-05,-2.03E-05
2667,-2.20E-04,-1.38E-04,-3.03E-04,-2.95E-05,-2.67E-05,1.02E-04,-3.86E-04,-1.26E-04,9.25E-05,1.27E-04,-1.65E-04,-1.01E-04,-2.53E-04,-3.46E-05,-2.04E-04,1.01E-04,-2.78E-05,1.84E-05,-9.73E-05,-2.87E-05
2668,-2.40E-04,-1.33E-04,-3.11E-04,-3.42E-05,-3.12E-05,9.92E-05,-3.85E-04,-1.23E-04,8.96E-05,1.28E-04,-1.67E-04,-1.09E-04,-2.65E-04,-5.01E-05,-2.13E-04,8.36E-05,-2.85E-05,1.33E-05,-9.90E-05,-3.75E-05
2669,-2.55E-04,-1.27E-04,-3.21E-04,-3.83E-05,-3.67E-05,9.59E-05,-3.84E-04,-1.23E-04,8.57E-05,1.28E-04,-1.67E-04,-1.18E-04,-2.77E-04,-6.52E-05,-2.23E-04,6.59E-05,-3.03E-05,7.20E-06,-1.02E-04,-4.63E-05
2670,-2.67E-04,-1.21E-04,-3.31E-04,-4.19E-05,-4.30E-05,9.18E-05,-3.82E-04,-1.25E-04,8.09E-05,1.28E-04,-1.65E-04,-1.26E-04,-2.89E-04,-7.99E-05,-2.33E-04,4.80E-05,-3.32E-05,3.34E-07,-1.05E-04,-5.50E-05
2671,-2.75E-04,-1.15E-04,-3.42E-04,-4.51E-05,-4.99E-05,8.71E-05,-3.80E-04,-1.29E-04,7.52E-05,1.27E-04,-1.62E-04,-1.33E-04,-3.01E-04,-9.41E-05,-2.44E-04,3.00E-05,-3.71E-05,-6.98E-06,-1.09E-04,-6.34E-05
2672,-2.80E-04,-1.10E-04,-3.53E-04,-4.79E-05,-5.74E-05,8.22E-05,-3.76E-04,-1.34E-04,6.89E-05,1.26E-04,-1.56E-04,-1.40E-04,-3.12E-04,-1.08E-04,-2.55E-04,1.23E-05,-4.21E-05,-1.44E-05,-1.14E-04,-7.12E-05
2673,-2.85E-04,-1.06E-04,-3.65E-04,-5.05E-05,-6.51E-05,7.72E-05,-3.72E-04,-1.42E-04,6.19E-05,1.25E-04,-1.50E-04,-1.45E-04,-3.21E-04,-1.21E-04,-2.66E-04,-5.03E-06,-4.77E-05,-2.17E-05,-1.19E-04,-7.82E-05
2674,-2.89E-04,-1.03E-04,-3.77E-04,-5.28E-05,-7.29E-05,7.23E-05,-3.67E-04,-1.50E-04,5.46E-05,1.24E-04,-1.42E-04,-1.50E-04,-3.28E-04,-1.33E-04,-2.77E-04,-2.17E-05,-5.38E-05,-2.85E-05,-1.25E-04,-8.43E-05
2675,-2.96E-04,-1.03E-04,-3.89E-04,-5.50E-05,-8.06E-05,6.80E-05,-3.61E-04,-1.59E-04,4.71E-05,1.23E-04,-1.33E-04,-1.53E-04,-3.31E-04,-1.45E-04,-2.88E-04,-3.75E-05,-6.00E-05,-3.47E-05,-1.31E-04,-8.93E-05
2676,-3.05E-04,-1.04E-04,-4.00E-04,-5.70E-05,-8.79E-05,6.44E-05,-3.53E-04,-1.68E-04,3.97E-05,1.22E-04,-1.25E-04,-1.54E-04,-3.32E-04,-1.56E-04,-2.99E-04,-5.22E-05,-6.60E-05,-4.00E-05,-1.37E-04,-9.30E-05
2677,-3.18E-04,-1.08E-04,-4.10E-04,-5.88E-05,-9.46E-05,6.17E-05,-3.44E-04,-1.77E-04,3.26E-05,1.23E-04,-1.16E-04,-1.54E-04,-3.29E-04,-1.67E-04,-3.09E-04,-6.56E-05,-7.13E-05,-4.42E-05,-1.42E-04,-9.55E-05
2678,-3.37E-04,-1.14E-04,-4.19E-04,-6.02E-05,-1.00E-04,6.03E-05,-3.34E-04,-1.85E-04,2.60E-05,1.24E-04,-1.08E-04,-1.51E-04,-3.23E-04,-1.78E-04,-3.18E-04,-7.76E-05,-7.56E-05,-4.73E-05,-1.47E-04,-9.67E-05
2679,-3.61E-04,-1.22E-04,-4.28E-04,-6.14E-05,-1.05E-04,6.01E-05,-3.21E-04,-1.91E-04,2.02E-05,1.27E-04,-1.01E-04,-1.46E-04,-3.15E-04,-1.88E-04,-3.26E-04,-8.80E-05,-7.87E-05,-4.92E-05,-1.51E-04,-9.65E-05
2680,-3.90E-04,-1.32E-04,-4.34E-04,-6.21E-05,-1.09E-04,6.14E-05,-3.06E-04,-1.96E-04,1.54E-05,1.30E-04,-9.46E-05,-1.39E-04,-3.03E-04,-1.98E-04,-3.32E-04,-9.68E-05,-8.03E-05,-4.99E-05,-1.54E-04,-9.51E-05
2681,-4.24E-04,-1.43E-04,-4.39E-04,-6.24E-05,-1.11E-04,6.42E-05,-2.88E-04,-1.97E-04,1.17E-05,1.36E-04,-9.00E-05,-1.30E-04,-2.89E-04,-2.07E-04,-3.36E-04,-1.04E-04,-8.03E-05,-4.93E-05,-1.56E-04,-9.25E-05
2682,-4.61E-04,-1.54E-04,-4.42E-04,-6.22E-05,-1.12E-04,6.85E-05,-2.68E-04,-1.97E-04,9.26E-06,1.43E-04,-8.70E-05,-1.18E-04,-2.73E-04,-2.17E-04,-3.38E-04,-1.09E-04,-7.85E-05,-4.75E-05,-1.57E-04,-8.88E-05
2683,-5.00E-04,-1.65E-04,-4.44E-04,-6.14E-05,-1.10E-04,7.42E-05,-2.46E-04,-1.93E-04,8.08E-06,1.51E-04,-8.56E-05,-1.06E-04,-2.57E-04,-2.26E-04,-3.38E-04,-1.13E-04,-7.49E-05,-4.46E-05,-1.57E-04,-8.43E-05
2684,-5.38E-04,-1.74E-04,-4.43E-04,-6.01E-05,-1.08E-04,8.12E-05,-2.22E-04,-1.86E-04,8.18E-06,1.60E-04,-8.57E-05,-9.18E-05,-2.40E-04,-2.35E-04,-3.35E-04,-1.16E-04,-6.97E-05,-4.06E-05,-1.55E-04,-7.90E-05
2685,-5.75E-04,-1.83E-04,-4.41E-04,-5.82E-05,-1.03E-04,8.94E-05,-1.95E-04,-1.76E-04,9.51E-06,1.71E-04,-8.72E-05,-7.74E-05,-2.23E-04,-2.43E-04,-3.30E-04,-1.17E-04,-6.30E-05,-3.57E-05,-1.52E-04,-7.31E-05
2686,-6.06E-04,-1.89E-04,-4.37E-04,-5.58E-05,-9.72E-05,9.85E-05,-1.68E-04,-1.64E-04,1.20E-05,1.83E-04,-8.99E-05,-6.30E-05,-2.08E-04,-2.51E-04,-3.23E-04,-1.17E-04,-5.49E-05,-2.99E-05,-1.48E-04,-6.69E-05
2687,-6.31E-04,-1.92E-04,-4.32E-04,-5.29E-05,-8.98E-05,1.08E-04,-1.39E-04,-1.49E-04,1.54E-05,1.96E-04,-9.36E-05,-4.95E-05,-1.94E-04,-2.58E-04,-3.13E-04,-1.17E-04,-4.58E-05,-2.33E-05,-1.44E-04,-6.06E-05
2688,-6.48E-04,-1.92E-04,-4.24E-04,-4.96E-05,-8.13E-05,1.18E-04,-1.11E-04,-1.32E-04,1.96E-05,2.09E-04,-9.79E-05,-3.73E-05,-1.82E-04,-2.64E-04,-3.02E-04,-1.16E-04,-3.59E-05,-1.61E-05,-1.39E-04,-5.42E-05
2689,-6.54E-04,-1.88E-04,-4.16E-04,-4.61E-05,-7.18E-05,1.28E-04,-8.27E-05,-1.14E-04,2.44E-05,2.22E-04,-1.03E-04,-2.72E-05,-1.73E-04,-2.69E-04,-2.90E-04,-1.15E-04,-2.55E-05,-8.52E-06,-1.33E-04,-4.81E-05
2690,-6.50E-04,-1.82E-04,-4.06E-04,-4.23E-05,-6.18E-05,1.38E-04,-5.65E-05,-9.48E-05,2.96E-05,2.35E-04,-1.07E-04,-1.96E-05,-1.66E-04,-2.73E-04,-2.76E-04,-1.13E-04,-1.48E-05,-5.90E-07,-1.27E-04,-4.23E-05
2691,-6.34E-04,-1.73E-04,-3.96E-04,-3.84E-05,-5.15E-05,1.48E-04,-3.28E-05,-7.48E-05,3.50E-05,2.48E-04,-1.11E-04,-1.50E-05,-1.62E-04,-2.76E-04,-2.63E-04,-1.12E-04,-4.23E-06,7.46E-06,-1.21E-04,-3.69E-05
2692,-6.08E-04,-1.61E-04,-3.85E-04,-3.45E-05,-4.14E-05,1.57E-04,-1.24E-05,-5.46E-05,4.02E-05,2.60E-04,-1.15E-04,-1.35E-05,-1.60E-04,-2.77E-04,-2.49E-04,-1.12E-04,6.09E-06,1.55E-05,-1.15E-04,-3.22E-05
2693,-5.72E-04,-1.47E-04,-3.73E-04,-3.06E-05,-3.18E-05,1.65E-04,4.23E-06,-3.47E-05,4.53E-05,2.72E-04,-1.18E-04,-1.51E-05,-1.60E-04,-2.77E-04,-2.36E-04,-1.12E-04,1.59E-05,2.32E-05,-1.09E-04,-2.82E-05
2694,-5.29E-04,-1.32E-04,-3.60E-04,-2.68E-05,-2.30E-05,1.71E-04,1.66E-05,-1.55E-05,4.99E-05,2.82E-04,-1.19E-04,-1.97E-05,-1.63E-04,-2.76E-04,-2.24E-04,-1.13E-04,2.51E-05,3.05E-05,-1.03E-04,-2.48E-05
2695,-4.80E-04,-1.16E-04,-3.48E-04,-2.32E-05,-1.54E-05,1.76E-04,2.44E-05,2.97E-06,5.41E-05,2.90E-04,-1.20E-04,-2.70E-05,-1.66E-04,-2.73E-04,-2.13E-04,-1.15E-04,3.36E-05,3.71E-05,-9.80E-05,-2.23E-05
2696,-4.29E-04,-1.00E-04,-3.36E-04,-1.98E-05,-9.25E-06,1.80E-04,2.78E-05,2.04E-05,5.77E-05,2.98E-04,-1.19E-04,-3.63E-05,-1.70E-04,-2.69E-04,-2.05E-04,-1.18E-04,4.12E-05,4.30E-05,-9.32E-05,-2.06E-05
2697,-3.77E-04,-8.54E-05,-3.24E-04,-1.66E-05,-4.70E-06,1.83E-04,2.72E-05,3.67E-05,6.06E-05,3.04E-04,-1.17E-04,-4.69E-05,-1.73E-04,-2.64E-04,-1.98E-04,-1.21E-04,4.79E-05,4.78E-05,-8.88E-05,-1.96E-05
2698,-3.27E-04,-7.15E-05,-3.12E-04,-1.35E-05,-1.88E-06,1.84E-04,2.32E-05,5.19E-05,6.30E-05,3.08E-04,-1.13E-04,-5.81E-05,-1.77E-04,-2.58E-04,-1.93E-04,-1.26E-04,5.38E-05,5.14E-05,-8.49E-05,-1.93E-05
2699,-2.82E-04,-5.90E-05,-3.00E-04,-1.06E-05,-8.44E-07,1.83E-04,1.67E-05,6.62E-05,6.48E-05,3.11E-04,-1.09E-04,-6.90E-05,-1.79E-04,-2.52E-04,-1.90E-04,-1.31E-04,5.87E-05,5.38E-05,-8.14E-05,-1.97E-05
2700,-2.44E-04,-4.79E-05,-2.89E-04,-7.68E-06,-1.55E-06,1.81E-04,8.80E-06,7.95E-05,6.62E-05,3.13E-04,-1.03E-04,-7.88E-05,-1.80E-04,-2.45E-04,-1.89E-04,-1.37E-04,6.29E-05,5.50E-05,-7.83E-05,-2.07E-05
2701,-2.14E-04,-3.81E-05,-2.78E-04,-4.80E-06,-3.89E-06,1.78E-04,7.37E-07,9.22E-05,6.72E-05,3.13E-04,-9.67E-05,-8.65E-05,-1.79E-04,-2.37E-04,-1.89E-04,-1.44E-04,6.62E-05,5.48E-05,-7.55E-05,-2.22E-05
2702,-1.92E-04,-2.92E-05,-2.68E-04,-1.87E-06,-7.70E-06,1.74E-04,-6.13E-06,1.04E-04,6.79E-05,3.13E-04,-8.95E-05,-9.16E-05,-1.76E-04,-2.30E-04,-1.91E-04,-1.50E-04,6.89E-05,5.33E-05,-7.31E-05,-2.41E-05
2703,-1.79E-04,-2.06E-05,-2.57E-04,1.16E-06,-1.27E-05,1.69E-04,-1.05E-05,1.16E-04,6.86E-05,3.11E-04,-8.17E-05,-9.35E-05,-1.71E-04,-2.22E-04,-1.94E-04,-1.57E-04,7.10E-05,5.08E-05,-7.10E-05,-2.63E-05
2704,-1.75E-04,-1.18E-05,-2.48E-04,4.33E-06,-1.87E-05,1.62E-04,-1.10E-05,1.28E-04,6.93E-05,3.09E-04,-7.33E-05,-9.19E-05,-1.65E-04,-2.15E-04,-1.97E-04,-1.63E-04,7.26E-05,4.72E-05,-6.92E-05,-2.87E-05
2705,-1.76E-04,-1.98E-06,-2.38E-04,7.65E-06,-2.54E-05,1.56E-04,-6.71E-06,1.40E-04,7.02E-05,3.06E-04,-6.45E-05,-8.66E-05,-1.57E-04,-2.08E-04,-2.00E-04,-1.69E-04,7.37E-05,4.29E-05,-6.77E-05,-3.11E-05
2706,-1.83E-04,9.53E-06,-2.29E-04,1.11E-05,-3.25E-05,1.48E-04,3.31E-06,1.52E-04,7.12E-05,3.02E-04,-5.55E-05,-7.78E-05,-1.48E-04,-2.01E-04,-2.02E-04,-1.75E-04,7.46E-05,3.81E-05,-6.65E-05,-3.35E-05
2707,-1.91E-04,2.33E-05,-2.20E-04,1.47E-05,-3.96E-05,1.40E-04,1.96E-05,1.64E-04,7.26E-05,2.98E-04,-4.62E-05,-6.59E-05,-1.38E-04,-1.94E-04,-2.04E-04,-1.80E-04,7.52E-05,3.31E-05,-6.56E-05,-3.57E-05
2708,-2.00E-04,3.99E-05,-2.10E-04,1.84E-05,-4.66E-05,1.32E-04,4.23E-05,1.77E-04,7.43E-05,2.94E-04,-3.69E-05,-5.15E-05,-1.28E-04,-1.87E-04,-2.04E-04,-1.84E-04,7.58E-05,2.82E-05,-6.50E-05,-3.76E-05
2709,-2.05E-04,5.94E-05,-2.01E-04,2.20E-05,-5.33E-05,1.23E-04,7.13E-05,1.89E-04,7.64E-05,2.89E-04,-2.75E-05,-3.52E-05,-1.19E-04,-1.80E-04,-2.03E-04,-1.88E-04,7.64E-05,2.37E-05,-6.46E-05,-3.91E-05
2710,-2.06E-04,8.19E-05,-1.91E-04,2.55E-05,-5.94E-05,1.15E-04,1.06E-04,2.02E-04,7.88E-05,2.84E-04,-1.80E-05,-1.81E-05,-1.10E-04,-1.74E-04,-2.00E-04,-1.90E-04,7.72E-05,1.98E-05,-6.45E-05,-4.03E-05
2711,-2.01E-04,1.07E-04,-1.80E-04,2.87E-05,-6.50E-05,1.06E-04,1.46E-04,2.15E-04,8.16E-05,2.78E-04,-8.70E-06,-9.80E-07,-1.03E-04,-1.67E-04,-1.96E-04,-1.92E-04,7.83E-05,1.68E-05,-6.46E-05,-4.09E-05
2712,-1.87E-04,1.34E-04,-1.69E-04,3.14E-05,-6.99E-05,9.78E-05,1.90E-04,2.27E-04,8.46E-05,2.72E-04,4.81E-07,1.51E-05,-9.69E-05,-1.60E-04,-1.91E-04,-1.93E-04,7.97E-05,1.49E-05,-6.48E-05,-4.09E-05
2713,-1.65E-04,1.63E-04,-1.58E-04,3.36E-05,-7.41E-05,8.95E-05,2.36E-04,2.40E-04,8.78E-05,2.66E-04,9.43E-06,2.93E-05,-9.25E-05,-1.52E-04,-1.84E-04,-1.93E-04,8.17E-05,1.42E-05,-6.52E-05,-4.04E-05
2714,-1.35E-04,1.92E-04,-1.45E-04,3.50E-05,-7.78E-05,8.14E-05,2.83E-04,2.52E-04,9.11E-05,2.59E-04,1.81E-05,4.08E-05,-8.97E-05,-1.44E-04,-1.75E-04,-1.93E-04,8.41E-05,1.48E-05,-6.54E-05,-3.92E-05
2715,-9.76E-05,2.20E-04,-1.33E-04,3.56E-05,-8.10E-05,7.36E-05,3.31E-04,2.64E-04,9.44E-05,2.52E-04,2.62E-05,4.89E-05,-8.83E-05,-1.36E-04,-1.67E-04,-1.92E-04,8.72E-05,1.67E-05,-6.56E-05,-3.75E-05
2716,-5.51E-05,2.46E-04,-1.19E-04,3.51E-05,-8.39E-05,6.62E-05,3.77E-04,2.75E-04,9.75E-05,2.45E-04,3.39E-05,5.31E-05,-8.80E-05,-1.28E-04,-1.57E-04,-1.91E-04,9.09E-05,1.98E-05,-6.55E-05,-3.52E-05
2717,-9.35E-06,2.69E-04,-1.05E-04,3.34E-05,-8.66E-05,5.90E-05,4.20E-04,2.87E-04,1.01E-04,2.37E-04,4.09E-05,5.33E-05,-8.82E-05,-1.19E-04,-1.48E-04,-1.89E-04,9.51E-05,2.40E-05,-6.51E-05,-3.24E-05
2718,3.69E-05,2.89E-04,-9.13E-05,3.06E-05,-8.94E-05,5.23E-05,4.59E-04,2.98E-04,1.03E-04,2.29E-04,4.71E-05,4.95E-05,-8.87E-05,-1.10E-04,-1.39E-04,-1.87E-04,9.99E-05,2.90E-05,-6.42E-05,-2.92E-05
2719,8.07E-05,3.05E-04,-7.69E-05,2.64E-05,-9.22E-05,4.59E-05,4.93E-04,3.08E-04,1.06E-04,2.20E-04,5.24E-05,4.19E-05,-8.86E-05,-1.00E-04,-1.31E-04,-1.84E-04,1.05E-04,3.48E-05,-6.27E-05,-2.55E-05
2720,1.19E-04,3.16E-04,-6.25E-05,2.10E-05,-9.53E-05,3.98E-05,5.22E-04,3.19E-04,1.08E-04,2.11E-04,5.67E-05,3.08E-05,-8.76E-05,-9.14E-05,-1.24E-04,-1.82E-04,1.11E-04,4.09E-05,-6.07E-05,-2.17E-05
2721,1.50E-04,3.22E-04,-4.84E-05,1.44E-05,-9.89E-05,3.41E-05,5.45E-04,3.29E-04,1.09E-04,2.02E-04,6.01E-05,1.71E-05,-8.50E-05,-8.26E-05,-1.18E-04,-1.79E-04,1.16E-04,4.72E-05,-5.81E-05,-1.77E-05
2722,1.71E-04,3.24E-04,-3.47E-05,6.62E-06,-1.03E-04,2.88E-05,5.62E-04,3.39E-04,1.11E-04,1.93E-04,6.24E-05,1.43E-06,-8.05E-05,-7.43E-05,-1.14E-04,-1.77E-04,1.22E-04,5.33E-05,-5.49E-05,-1.36E-05
2723,1.80E-04,3.23E-04,-2.17E-05,-2.23E-06,-1.07E-04,2.37E-05,5.74E-04,3.49E-04,1.11E-04,1.83E-04,6.36E-05,-1.53E-05,-7.38E-05,-6.67E-05,-1.11E-04,-1.75E-04,1.27E-04,5.91E-05,-5.13E-05,-9.71E-06
2724,1.76E-04,3.19E-04,-9.65E-06,-1.20E-05,-1.12E-04,1.89E-05,5.80E-04,3.59E-04,1.12E-04,1.74E-04,6.39E-05,-3.22E-05,-6.45E-05,-6.01E-05,-1.11E-04,-1.72E-04,1.32E-04,6.44E-05,-4.72E-05,-6.00E-06
2725,1.59E-04,3.14E-04,1.33E-06,-2.25E-05,-1.18E-04,1.42E-05,5.82E-04,3.69E-04,1.12E-04,1.64E-04,6.33E-05,-4.85E-05,-5.29E-05,-5.44E-05,-1.12E-04,-1.70E-04,1.37E-04,6.89E-05,-4.29E-05,-2.62E-06
2726,1.30E-04,3.09E-04,1.10E-05,-3.36E-05,-1.24E-04,9.68E-06,5.80E-04,3.79E-04,1.12E-04,1.54E-04,6.20E-05,-6.31E-05,-3.90E-05,-5.00E-05,-1.15E-04,-1.68E-04,1.41E-04,7.26E-05,-3.86E-05,3.29E-07
2727,8.96E-05,3.06E-04,1.94E-05,-4.51E-05,-1.30E-04,5.20E-06,5.75E-04,3.88E-04,1.11E-04,1.44E-04,6.00E-05,-7.55E-05,-2.33E-05,-4.67E-05,-1.19E-04,-1.66E-04,1.44E-04,7.55E-05,-3.44E-05,2.75E-06
2728,4.07E-05,3.05E-04,2.63E-05,-5.68E-05,-1.37E-04,6.99E-07,5.69E-04,3.97E-04,1.10E-04,1.34E-04,5.76E-05,-8.52E-05,-6.15E-06,-4.47E-05,-1.25E-04,-1.65E-04,1.47E-04,7.74E-05,-3.07E-05,4.59E-06
2729,-1.43E-05,3.07E-04,3.17E-05,-6.85E-05,-1.44E-04,-3.88E-06,5.61E-04,4.04E-04,1.09E-04,1.25E-04,5.50E-05,-9.16E-05,1.17E-05,-4.38E-05,-1.32E-04,-1.63E-04,1.49E-04,7.85E-05,-2.75E-05,5.79E-06
2730,-7.24E-05,3.14E-04,3.58E-05,-8.00E-05,-1.51E-04,-8.58E-06,5.53E-04,4.11E-04,1.07E-04,1.15E-04,5.23E-05,-9.46E-05,2.96E-05,-4.40E-05,-1.40E-04,-1.62E-04,1.50E-04,7.89E-05,-2.52E-05,6.33E-06
2731,-1.30E-04,3.26E-04,3.86E-05,-9.12E-05,-1.58E-04,-1.35E-05,5.46E-04,4.16E-04,1.06E-04,1.05E-04,4.98E-05,-9.41E-05,4.67E-05,-4.50E-05,-1.48E-04,-1.60E-04,1.50E-04,7.85E-05,-2.39E-05,6.23E-06
2732,-1.85E-04,3.41E-04,4.03E-05,-1.02E-04,-1.65E-04,-1.85E-05,5.40E-04,4.20E-04,1.04E-04,9.53E-05,4.76E-05,-9.04E-05,6.25E-05,-4.67E-05,-1.57E-04,-1.59E-04,1.50E-04,7.77E-05,-2.37E-05,5.50E-06
2733,-2.33E-04,3.61E-04,4.10E-05,-1.12E-04,-1.72E-04,-2.37E-05,5.35E-04,4.22E-04,1.02E-04,8.56E-05,4.59E-05,-8.36E-05,7.61E-05,-4.89E-05,-1.66E-04,-1.57E-04,1.49E-04,7.63E-05,-2.48E-05,4.21E-06
2734,-2.72E-04,3.82E-04,4.11E-05,-1.21E-04,-1.79E-04,-2.90E-05,5.33E-04,4.22E-04,9.99E-05,7.61E-05,4.49E-05,-7.41E-05,8.71E-05,-5.12E-05,-1.75E-04,-1.56E-04,1.49E-04,7.46E-05,-2.72E-05,2.42E-06
2735,-3.00E-04,4.05E-04,4.08E-05,-1.30E-04,-1.85E-04,-3.44E-05,5.32E-04,4.20E-04,9.77E-05,6.67E-05,4.46E-05,-6.24E-05,9.52E-05,-5.34E-05,-1.83E-04,-1.55E-04,1.48E-04,7.27E-05,-3.07E-05,2.42E-07
2736,-3.15E-04,4.26E-04,4.03E-05,-1.37E-04,-1.91E-04,-3.98E-05,5.34E-04,4.15E-04,9.54E-05,5.75E-05,4.52E-05,-4.92E-05,1.00E-04,-5.53E-05,-1.92E-04,-1.53E-04,1.47E-04,7.05E-05,-3.55E-05,-2.23E-06
2737,-3.19E-04,4.45E-04,3.98E-05,-1.44E-04,-1.97E-04,-4.51E-05,5.37E-04,4.08E-04,9.30E-05,4.87E-05,4.67E-05,-3.49E-05,1.02E-04,-5.67E-05,-1.99E-04,-1.51E-04,1.46E-04,6.82E-05,-4.12E-05,-4.89E-06
2738,-3.10E-04,4.59E-04,3.96E-05,-1.50E-04,-2.03E-04,-5.00E-05,5.42E-04,4.00E-04,9.06E-05,4.02E-05,4.90E-05,-2.01E-05,1.01E-04,-5.75E-05,-2.06E-04,-1.49E-04,1.46E-04,6.57E-05,-4.77E-05,-7.61E-06
2739,-2.90E-04,4.67E-04,3.98E-05,-1.55E-04,-2.08E-04,-5.46E-05,5.49E-04,3.89E-04,8.80E-05,3.22E-05,5.21E-05,-5.46E-06,9.73E-05,-5.74E-05,-2.12E-04,-1.47E-04,1.45E-04,6.30E-05,-5.48E-05,-1.03E-05
2740,-2.61E-04,4.67E-04,4.05E-05,-1.59E-04,-2.12E-04,-5.85E-05,5.55E-04,3.77E-04,8.54E-05,2.47E-05,5.61E-05,8.52E-06,9.17E-05,-5.65E-05,-2.17E-04,-1.45E-04,1.44E-04,6.01E-05,-6.23E-05,-1.28E-05
2741,-2.26E-04,4.57E-04,4.17E-05,-1.62E-04,-2.16E-04,-6.17E-05,5.62E-04,3.63E-04,8.27E-05,1.81E-05,6.07E-05,2.13E-05,8.46E-05,-5.46E-05,-2.21E-04,-1.42E-04,1.44E-04,5.68E-05,-6.99E-05,-1.52E-05
2742,-1.87E-04,4.39E-04,4.34E-05,-1.64E-04,-2.19E-04,-6.40E-05,5.69E-04,3.49E-04,8.00E-05,1.22E-05,6.60E-05,3.25E-05,7.68E-05,-5.20E-05,-2.25E-04,-1.39E-04,1.43E-04,5.31E-05,-7.73E-05,-1.72E-05
2743,-1.47E-04,4.12E-04,4.55E-05,-1.65E-04,-2.21E-04,-6.54E-05,5.74E-04,3.33E-04,7.72E-05,7.23E-06,7.18E-05,4.17E-05,6.90E-05,-4.87E-05,-2.28E-04,-1.36E-04,1.41E-04,4.91E-05,-8.45E-05,-1.90E-05
2744,-1.09E-04,3.76E-04,4.79E-05,-1.65E-04,-2.23E-04,-6.56E-05,5.77E-04,3.17E-04,7.43E-05,3.26E-06,7.80E-05,4.85E-05,6.16E-05,-4.48E-05,-2.30E-04,-1.33E-04,1.39E-04,4.45E-05,-9.10E-05,-2.04E-05
2745,-7.61E-05,3.34E-04,5.04E-05,-1.64E-04,-2.23E-04,-6.46E-05,5.77E-04,3.01E-04,7.14E-05,3.38E-07,8.44E-05,5.27E-05,5.52E-05,-4.05E-05,-2.31E-04,-1.29E-04,1.36E-04,3.95E-05,-9.70E-05,-2.16E-05
2746,-4.98E-05,2.86E-04,5.26E-05,-1.63E-04,-2.23E-04,-6.25E-05,5.74E-04,2.85E-04,6.84E-05,-1.54E-06,9.09E-05,5.40E-05,5.01E-05,-3.61E-05,-2.31E-04,-1.26E-04,1.32E-04,3.40E-05,-1.02E-04,-2.25E-05
2747,-3.22E-05,2.36E-04,5.44E-05,-1.62E-04,-2.21E-04,-5.92E-05,5.67E-04,2.69E-04,6.53E-05,-2.39E-06,9.73E-05,5.24E-05,4.65E-05,-3.18E-05,-2.31E-04,-1.23E-04,1.26E-04,2.82E-05,-1.07E-04,-2.33E-05
2748,-2.45E-05,1.86E-04,5.55E-05,-1.59E-04,-2.19E-04,-5.48E-05,5.56E-04,2.54E-04,6.21E-05,-2.28E-06,1.03E-04,4.77E-05,4.45E-05,-2.78E-05,-2.31E-04,-1.19E-04,1.19E-04,2.20E-05,-1.10E-04,-2.40E-05
2749,-2.73E-05,1.38E-04,5.57E-05,-1.57E-04,-2.15E-04,-4.94E-05,5.39E-04,2.38E-04,5.88E-05,-1.33E-06,1.09E-04,3.99E-05,4.37E-05,-2.43E-05,-2.29E-04,-1.16E-04,1.10E-04,1.56E-05,-1.14E-04,-2.48E-05
2750,-4.07E-05,9.47E-05,5.46E-05,-1.54E-04,-2.10E-04,-4.32E-05,5.18E-04,2.23E-04,5.54E-05,3.18E-07,1.14E-04,2.92E-05,4.38E-05,-2.16E-05,-2.28E-04,-1.14E-04,1.00E-04,9.21E-06,-1.16E-04,-2.58E-05
2751,-6.41E-05,5.88E-05,5.22E-05,-1.51E-04,-2.05E-04,-3.63E-05,4.91E-04,2.07E-04,5.18E-05,2.48E-06,1.18E-04,1.58E-05,4.42E-05,-1.98E-05,-2.27E-04,-1.12E-04,8.88E-05,2.85E-06,-1.18E-04,-2.71E-05
2752,-9.64E-05,3.18E-05,4.83E-05,-1.48E-04,-1.98E-04,-2.91E-05,4.60E-04,1.91E-04,4.79E-05,4.95E-06,1.21E-04,-2.15E-07,4.44E-05,-1.92E-05,-2.25E-04,-1.11E-04,7.61E-05,-3.31E-06,-1.20E-04,-2.89E-05
2753,-1.36E-04,1.50E-05,4.28E-05,-1.46E-04,-1.91E-04,-2.17E-05,4.23E-04,1.75E-04,4.38E-05,7.48E-06,1.23E-04,-1.84E-05,4.36E-05,-1.98E-05,-2.24E-04,-1.11E-04,6.22E-05,-9.15E-06,-1.22E-04,-3.13E-05
2754,-1.82E-04,8.73E-06,3.57E-05,-1.44E-04,-1.84E-04,-1.44E-05,3.82E-04,1.58E-04,3.94E-05,9.83E-06,1.23E-04,-3.82E-05,4.11E-05,-2.19E-05,-2.23E-04,-1.12E-04,4.75E-05,-1.46E-05,-1.24E-04,-3.45E-05
2755,-2.32E-04,1.27E-05,2.71E-05,-1.43E-04,-1.77E-04,-7.54E-06,3.37E-04,1.40E-04,3.46E-05,1.18E-05,1.21E-04,-5.92E-05,3.64E-05,-2.53E-05,-2.23E-04,-1.14E-04,3.21E-05,-1.96E-05,-1.27E-04,-3.84E-05
2756,-2.84E-04,2.60E-05,1.70E-05,-1.43E-04,-1.69E-04,-1.27E-06,2.89E-04,1.21E-04,2.95E-05,1.31E-05,1.17E-04,-8.07E-05,2.88E-05,-3.03E-05,-2.23E-04,-1.17E-04,1.62E-05,-2.42E-05,-1.29E-04,-4.32E-05
2757,-3.36E-04,4.66E-05,5.62E-06,-1.44E-04,-1.63E-04,4.13E-06,2.39E-04,1.01E-04,2.39E-05,1.35E-05,1.11E-04,-1.02E-04,1.81E-05,-3.68E-05,-2.25E-04,-1.22E-04,2.31E-07,-2.85E-05,-1.33E-04,-4.89E-05
2758,-3.87E-04,7.24E-05,-6.89E-06,-1.45E-04,-1.57E-04,8.47E-06,1.88E-04,7.92E-05,1.79E-05,1.29E-05,1.03E-04,-1.23E-04,4.14E-06,-4.48E-05,-2.27E-04,-1.28E-04,-1.57E-05,-3.25E-05,-1.36E-04,-5.56E-05
2759,-4.35E-04,1.01E-04,-2.03E-05,-1.49E-04,-1.52E-04,1.16E-05,1.36E-04,5.59E-05,1.14E-05,1.12E-05,9.21E-05,-1.42E-04,-1.30E-05,-5.43E-05,-2.32E-04,-1.36E-04,-3.15E-05,-3.65E-05,-1.41E-04,-6.31E-05
2760,-4.78E-04,1.28E-04,-3.44E-05,-1.53E-04,-1.48E-04,1.33E-05,8.48E-05,3.11E-05,4.36E-06,8.25E-06,7.91E-05,-1.59E-04,-3.29E-05,-6.54E-05,-2.37E-04,-1.45E-04,-4.70E-05,-4.06E-05,-1.45E-04,-7.15E-05
2761,-5.17E-04,1.52E-04,-4.91E-05,-1.58E-04,-1.46E-04,1.37E-05,3.52E-05,4.96E-06,-3.16E-06,4.03E-06,6.38E-05,-1.73E-04,-5.51E-05,-7.79E-05,-2.44E-04,-1.56E-04,-6.22E-05,-4.52E-05,-1.51E-04,-8.06E-05
2762,-5.49E-04,1.70E-04,-6.40E-05,-1.65E-04,-1.45E-04,1.25E-05,-1.19E-05,-2.24E-05,-1.12E-05,-1.42E-06,4.64E-05,-1.85E-04,-7.89E-05,-9.18E-05,-2.54E-04,-1.68E-04,-7.70E-05,-5.05E-05,-1.57E-04,-9.04E-05
2763,-5.76E-04,1.79E-04,-7.91E-05,-1.73E-04,-1.46E-04,9.95E-06,-5.58E-05,-5.09E-05,-1.97E-05,-8.02E-06,2.71E-05,-1.92E-04,-1.03E-04,-1.07E-04,-2.64E-04,-1.81E-04,-9.15E-05,-5.67E-05,-1.63E-04,-1.01E-04
2764,-5.96E-04,1.78E-04,-9.42E-05,-1.82E-04,-1.49E-04,6.01E-06,-9.62E-05,-8.02E-05,-2.86E-05,-1.57E-05,6.17E-06,-1.97E-04,-1.28E-04,-1.24E-04,-2.77E-04,-1.96E-04,-1.06E-04,-6.41E-05,-1.69E-04,-1.11E-04
2765,-6.10E-04,1.66E-04,-1.09E-04,-1.91E-04,-1.54E-04,8.12E-07,-1.33E-04,-1.10E-04,-3.80E-05,-2.41E-05,-1.59E-05,-1.97E-04,-1.51E-04,-1.41E-04,-2.91E-04,-2.11E-04,-1.20E-04,-7.30E-05,-1.75E-04,-1.22E-04
2766,-6.19E-04,1.41E-04,-1.24E-04,-2.01E-04,-1.60E-04,-5.51E-06,-1.65E-04,-1.40E-04,-4.78E-05,-3.33E-05,-3.88E-05,-1.95E-04,-1.72E-04,-1.60E-04,-3.06E-04,-2.27E-04,-1.34E-04,-8.34E-05,-1.82E-04,-1.33E-04
2767,-6.22E-04,1.05E-04,-1.39E-04,-2.11E-04,-1.68E-04,-1.28E-05,-1.94E-04,-1.71E-04,-5.78E-05,-4.28E-05,-6.21E-05,-1.90E-04,-1.91E-04,-1.80E-04,-3.22E-04,-2.44E-04,-1.48E-04,-9.54E-05,-1.89E-04,-1.44E-04
2768,-6.19E-04,5.89E-05,-1.54E-04,-2.21E-04,-1.77E-04,-2.08E-05,-2.19E-04,-2.01E-04,-6.81E-05,-5.25E-05,-8.52E-05,-1.82E-04,-2.06E-04,-2.01E-04,-3.39E-04,-2.61E-04,-1.63E-04,-1.09E-04,-1.96E-04,-1.55E-04
2769,-6.12E-04,3.31E-06,-1.69E-04,-2.31E-04,-1.87E-04,-2.95E-05,-2.41E-04,-2.31E-04,-7.86E-05,-6.20E-05,-1.08E-04,-1.74E-04,-2.18E-04,-2.23E-04,-3.57E-04,-2.78E-04,-1.77E-04,-1.24E-04,-2.02E-04,-1.65E-04
2770,-6.01E-04,-5.92E-05,-1.84E-04,-2.40E-04,-1.98E-04,-3.85E-05,-2.61E-04,-2.61E-04,-8.92E-05,-7.12E-05,-1.29E-04,-1.65E-04,-2.26E-04,-2.45E-04,-3.75E-04,-2.96E-04,-1.92E-04,-1.41E-04,-2.09E-04,-1.75E-04
2771,-5.87E-04,-1.26E-04,-2.00E-04,-2.48E-04,-2.09E-04,-4.76E-05,-2.80E-04,-2.90E-04,-9.97E-05,-7.98E-05,-1.49E-04,-1.57E-04,-2.30E-04,-2.68E-04,-3.93E-04,-3.12E-04,-2.07E-04,-1.59E-04,-2.16E-04,-1.84E-04
2772,-5.69E-04,-1.95E-04,-2.16E-04,-2.56E-04,-2.21E-04,-5.67E-05,-2.98E-04,-3.19E-04,-1.10E-04,-8.76E-05,-1.67E-04,-1.50E-04,-2.31E-04,-2.91E-04,-4.11E-04,-3.29E-04,-2.22E-04,-1.77E-04,-2.23E-04,-1.92E-04
2773,-5.48E-04,-2.64E-04,-2.32E-04,-2.63E-04,-2.33E-04,-6.56E-05,-3.17E-04,-3.47E-04,-1.21E-04,-9.44E-05,-1.83E-04,-1.46E-04,-2.30E-04,-3.14E-04,-4.28E-04,-3.44E-04,-2.37E-04,-1.96E-04,-2.31E-04,-1.99E-04
2774,-5.26E-04,-3.30E-04,-2.49E-04,-2.68E-04,-2.44E-04,-7.41E-05,-3.36E-04,-3.75E-04,-1.31E-04,-9.99E-05,-1.96E-04,-1.45E-04,-2.27E-04,-3.37E-04,-4.44E-04,-3.59E-04,-2.52E-04,-2.16E-04,-2.38E-04,-2.06E-04
2775,-5.01E-04,-3.91E-04,-2.67E-04,-2.72E-04,-2.56E-04,-8.22E-05,-3.58E-04,-4.03E-04,-1.40E-04,-1.04E-04,-2.08E-04,-1.48E-04,-2.23E-04,-3.59E-04,-4.59E-04,-3.73E-04,-2.66E-04,-2.35E-04,-2.46E-04,-2.12E-04
2776,-4.75E-04,-4.45E-04,-2.85E-04,-2.75E-04,-2.67E-04,-8.95E-05,-3.81E-04,-4.30E-04,-1.50E-04,-1.07E-04,-2.17E-04,-1.56E-04,-2.19E-04,-3.81E-04,-4.73E-04,-3.85E-04,-2.80E-04,-2.53E-04,-2.54E-04,-2.16E-04
2777,-4.49E-04,-4.92E-04,-3.04E-04,-2.76E-04,-2.77E-04,-9.62E-05,-4.07E-04,-4.57E-04,-1.59E-04,-1.08E-04,-2.24E-04,-1.67E-04,-2.16E-04,-4.03E-04,-4.86E-04,-3.97E-04,-2.92E-04,-2.71E-04,-2.63E-04,-2.20E-04
2778,-4.22E-04,-5.30E-04,-3.24E-04,-2.77E-04,-2.87E-04,-1.02E-04,-4.35E-04,-4.84E-04,-1.67E-04,-1.08E-04,-2.28E-04,-1.82E-04,-2.14E-04,-4.24E-04,-4.97E-04,-4.07E-04,-3.04E-04,-2.88E-04,-2.72E-04,-2.23E-04
2779,-3.97E-04,-5.61E-04,-3.43E-04,-2.76E-04,-2.96E-04,-1.07E-04,-4.66E-04,-5.10E-04,-1.75E-04,-1.07E-04,-2.32E-04,-2.01E-04,-2.15E-04,-4.44E-04,-5.07E-04,-4.16E-04,-3.14E-04,-3.03E-04,-2.81E-04,-2.25E-04
2780,-3.72E-04,-5.85E-04,-3.64E-04,-2.75E-04,-3.05E-04,-1.11E-04,-4.99E-04,-5.36E-04,-1.82E-04,-1.04E-04,-2.34E-04,-2.23E-04,-2.20E-04,-4.63E-04,-5.17E-04,-4.23E-04,-3.24E-04,-3.17E-04,-2.90E-04,-2.26E-04
2781,-3.50E-04,-6.02E-04,-3.84E-04,-2.74E-04,-3.13E-04,-1.14E-04,-5.33E-04,-5.61E-04,-1.89E-04,-9.99E-05,-2.35E-04,-2.47E-04,-2.27E-04,-4.81E-04,-5.25E-04,-4.30E-04,-3.32E-04,-3.29E-04,-2.99E-04,-2.26E-04
2782,-3.31E-04,-6.14E-04,-4.04E-04,-2.72E-04,-3.20E-04,-1.17E-04,-5.68E-04,-5.86E-04,-1.95E-04,-9.46E-05,-2.36E-04,-2.72E-04,-2.37E-04,-4.98E-04,-5.33E-04,-4.35E-04,-3.39E-04,-3.40E-04,-3.07E-04,-2.25E-04
2783,-3.15E-04,-6.22E-04,-4.25E-04,-2.70E-04,-3.28E-04,-1.18E-04,-6.03E-04,-6.10E-04,-2.01E-04,-8.81E-05,-2.37E-04,-2.96E-04,-2.50E-04,-5.14E-04,-5.40E-04,-4.39E-04,-3.46E-04,-3.50E-04,-3.16E-04,-2.23E-04
2784,-3.03E-04,-6.28E-04,-4.44E-04,-2.68E-04,-3.34E-04,-1.19E-04,-6.37E-04,-6.33E-04,-2.06E-04,-8.08E-05,-2.39E-04,-3.20E-04,-2.66E-04,-5.30E-04,-5.47E-04,-4.42E-04,-3.52E-04,-3.58E-04,-3.24E-04,-2.21E-04
2785,-2.97E-04,-6.33E-04,-4.64E-04,-2.66E-04,-3.41E-04,-1.19E-04,-6.70E-04,-6.54E-04,-2.11E-04,-7.26E-05,-2.42E-04,-3.41E-04,-2.83E-04,-5.45E-04,-5.54E-04,-4.43E-04,-3.58E-04,-3.66E-04,-3.32E-04,-2.18E-04
2786,-2.95E-04,-6.39E-04,-4.82E-04,-2.65E-04,-3.47E-04,-1.18E-04,-7.02E-04,-6.74E-04,-2.16E-04,-6.39E-05,-2.46E-04,-3.59E-04,-3.01E-04,-5.59E-04,-5.60E-04,-4.44E-04,-3.64E-04,-3.72E-04,-3.38E-04,-2.15E-04
2787,-2.99E-04,-6.45E-04,-5.00E-04,-2.64E-04,-3.53E-04,-1.17E-04,-7.31E-04,-6.92E-04,-2.19E-04,-5.46E-05,-2.51E-04,-3.73E-04,-3.19E-04,-5.72E-04,-5.67E-04,-4.44E-04,-3.71E-04,-3.79E-04,-3.44E-04,-2.11E-04
2788,-3.09E-04,-6.54E-04,-5.17E-04,-2.64E-04,-3.59E-04,-1.16E-04,-7.57E-04,-7.08E-04,-2.23E-04,-4.51E-05,-2.58E-04,-3.82E-04,-3.37E-04,-5.85E-04,-5.74E-04,-4.43E-04,-3.78E-04,-3.85E-04,-3.49E-04,-2.07E-04
2789,-3.25E-04,-6.63E-04,-5.33E-04,-2.65E-04,-3.64E-04,-1.14E-04,-7.80E-04,-7.22E-04,-2.26E-04,-3.54E-05,-2.67E-04,-3.87E-04,-3.52E-04,-5.98E-04,-5.81E-04,-4.41E-04,-3.86E-04,-3.91E-04,-3.53E-04,-2.03E-04
2790,-3.46E-04,-6.75E-04,-5.48E-04,-2.66E-04,-3.70E-04,-1.11E-04,-8.00E-04,-7.34E-04,-2.29E-04,-2.57E-05,-2.77E-04,-3.87E-04,-3.66E-04,-6.10E-04,-5.88E-04,-4.39E-04,-3.95E-04,-3.97E-04,-3.56E-04,-1.98E-04
2791,-3.72E-04,-6.87E-04,-5.62E-04,-2.68E-04,-3.75E-04,-1.09E-04,-8.17E-04,-7.44E-04,-2.32E-04,-1.61E-05,-2.89E-04,-3.83E-04,-3.78E-04,-6.22E-04,-5.94E-04,-4.36E-04,-4.05E-04,-4.04E-04,-3.59E-04,-1.94E-04
2792,-4.02E-04,-6.99E-04,-5.75E-04,-2.71E-04,-3.80E-04,-1.06E-04,-8.31E-04,-7.51E-04,-2.34E-04,-6.75E-06,-3.01E-04,-3.75E-04,-3.87E-04,-6.33E-04,-6.01E-04,-4.33E-04,-4.17E-04,-4.10E-04,-3.60E-04,-1.89E-04
2793,-4.37E-04,-7.11E-04,-5.87E-04,-2.74E-04,-3.85E-04,-1.04E-04,-8.42E-04,-7.56E-04,-2.36E-04,2.22E-06,-3.15E-04,-3.65E-04,-3.93E-04,-6.45E-04,-6.07E-04,-4.29E-04,-4.29E-04,-4.17E-04,-3.60E-04,-1.84E-04
2794,-4.74E-04,-7.21E-04,-5.97E-04,-2.78E-04,-3.89E-04,-1.02E-04,-8.51E-04,-7.59E-04,-2.38E-04,1.07E-05,-3.28E-04,-3.52E-04,-3.98E-04,-6.55E-04,-6.12E-04,-4.26E-04,-4.42E-04,-4.24E-04,-3.60E-04,-1.80E-04
2795,-5.14E-04,-7.28E-04,-6.07E-04,-2.83E-04,-3.94E-04,-9.96E-05,-8.58E-04,-7.60E-04,-2.39E-04,1.86E-05,-3.42E-04,-3.38E-04,-4.01E-04,-6.66E-04,-6.17E-04,-4.21E-04,-4.56E-04,-4.31E-04,-3.59E-04,-1.76E-04
2796,-5.55E-04,-7.33E-04,-6.15E-04,-2.87E-04,-3.98E-04,-9.80E-05,-8.64E-04,-7.59E-04,-2.41E-04,2.59E-05,-3.56E-04,-3.24E-04,-4.03E-04,-6.75E-04,-6.20E-04,-4.17E-04,-4.70E-04,-4.38E-04,-3.57E-04,-1.72E-04
2797,-5.96E-04,-7.34E-04,-6.22E-04,-2.92E-04,-4.02E-04,-9.68E-05,-8.68E-04,-7.58E-04,-2.42E-04,3.26E-05,-3.68E-04,-3.11E-04,-4.06E-04,-6.84E-04,-6.22E-04,-4.13E-04,-4.84E-04,-4.44E-04,-3.56E-04,-1.69E-04
2798,-6.36E-04,-7.31E-04,-6.28E-04,-2.98E-04,-4.06E-04,-9.62E-05,-8.71E-04,-7.55E-04,-2.43E-04,3.85E-05,-3.79E-04,-3.00E-04,-4.09E-04,-6.92E-04,-6.23E-04,-4.09E-04,-4.97E-04,-4.50E-04,-3.54E-04,-1.66E-04
2799,-6.75E-04,-7.26E-04,-6.33E-04,-3.03E-04,-4.10E-04,-9.62E-05,-8.74E-04,-7.51E-04,-2.43E-04,4.37E-05,-3.89E-04,-2.90E-04,-4.15E-04,-6.99E-04,-6.23E-04,-4.05E-04,-5.10E-04,-4.55E-04,-3.53E-04,-1.63E-04
2800,-7.11E-04,-7.19E-04,-6.37E-04,-3.08E-04,-4.13E-04,-9.67E-05,-8.76E-04,-7.46E-04,-2.44E-04,4.82E-05,-3.97E-04,-2.83E-04,-4.24E-04,-7.05E-04,-6.22E-04,-4.00E-04,-5.21E-04,-4.59E-04,-3.51E-04,-1.60E-04
2801,-7.43E-04,-7.11E-04,-6.40E-04,-3.14E-04,-4.16E-04,-9.79E-05,-8.78E-04,-7.40E-04,-2.44E-04,5.20E-05,-4.03E-04,-2.78E-04,-4.35E-04,-7.10E-04,-6.19E-04,-3.96E-04,-5.31E-04,-4.62E-04,-3.50E-04,-1.58E-04
2802,-7.72E-04,-7.02E-04,-6.42E-04,-3.19E-04,-4.20E-04,-9.96E-05,-8.79E-04,-7.35E-04,-2.44E-04,5.52E-05,-4.07E-04,-2.76E-04,-4.51E-04,-7.13E-04,-6.16E-04,-3.92E-04,-5.39E-04,-4.65E-04,-3.49E-04,-1.55E-04
2803,-7.96E-04,-6.95E-04,-6.44E-04,-3.24E-04,-4.23E-04,-1.02E-04,-8.79E-04,-7.28E-04,-2.44E-04,5.79E-05,-4.09E-04,-2.75E-04,-4.70E-04,-7.15E-04,-6.11E-04,-3.88E-04,-5.46E-04,-4.66E-04,-3.49E-04,-1.53E-04
2804,-8.16E-04,-6.90E-04,-6.44E-04,-3.29E-04,-4.26E-04,-1.05E-04,-8.79E-04,-7.22E-04,-2.43E-04,6.01E-05,-4.09E-04,-2.76E-04,-4.92E-04,-7.16E-04,-6.06E-04,-3.84E-04,-5.51E-04,-4.67E-04,-3.49E-04,-1.50E-04
2805,-8.30E-04,-6.88E-04,-6.43E-04,-3.34E-04,-4.29E-04,-1.08E-04,-8.78E-04,-7.15E-04,-2.42E-04,6.20E-05,-4.07E-04,-2.77E-04,-5.18E-04,-7.15E-04,-6.00E-04,-3.80E-04,-5.55E-04,-4.66E-04,-3.49E-04,-1.48E-04
2806,-8.39E-04,-6.91E-04,-6.41E-04,-3.39E-04,-4.31E-04,-1.12E-04,-8.75E-04,-7.07E-04,-2.41E-04,6.37E-05,-4.03E-04,-2.78E-04,-5.45E-04,-7.12E-04,-5.93E-04,-3.75E-04,-5.58E-04,-4.66E-04,-3.49E-04,-1.45E-04
2807,-8.43E-04,-6.98E-04,-6.38E-04,-3.43E-04,-4.33E-04,-1.15E-04,-8.72E-04,-6.99E-04,-2.40E-04,6.53E-05,-3.98E-04,-2.79E-04,-5.73E-04,-7.08E-04,-5.86E-04,-3.70E-04,-5.59E-04,-4.64E-04,-3.50E-04,-1.42E-04
2808,-8.41E-04,-7.09E-04,-6.35E-04,-3.47E-04,-4.35E-04,-1.19E-04,-8.66E-04,-6.90E-04,-2.38E-04,6.70E-05,-3.91E-04,-2.79E-04,-6.00E-04,-7.02E-04,-5.79E-04,-3.65E-04,-5.60E-04,-4.62E-04,-3.50E-04,-1.38E-04
2809,-8.35E-04,-7.25E-04,-6.30E-04,-3.51E-04,-4.36E-04,-1.23E-04,-8.60E-04,-6.80E-04,-2.35E-04,6.88E-05,-3.84E-04,-2.76E-04,-6.26E-04,-6.94E-04,-5.71E-04,-3.58E-04,-5.60E-04,-4.60E-04,-3.50E-04,-1.34E-04
2810,-8.23E-04,-7.44E-04,-6.24E-04,-3.54E-04,-4.37E-04,-1.27E-04,-8.51E-04,-6.69E-04,-2.32E-04,7.10E-05,-3.76E-04,-2.72E-04,-6.48E-04,-6.85E-04,-5.63E-04,-3.50E-04,-5.60E-04,-4.58E-04,-3.49E-04,-1.28E-04
2811,-8.08E-04,-7.64E-04,-6.18E-04,-3.57E-04,-4.37E-04,-1.30E-04,-8.42E-04,-6.56E-04,-2.28E-04,7.36E-05,-3.67E-04,-2.65E-04,-6.65E-04,-6.75E-04,-5.55E-04,-3.42E-04,-5.60E-04,-4.55E-04,-3.48E-04,-1.22E-04
2812,-7.89E-04,-7.84E-04,-6.10E-04,-3.60E-04,-4.35E-04,-1.32E-04,-8.31E-04,-6.42E-04,-2.24E-04,7.68E-05,-3.58E-04,-2.57E-04,-6.77E-04,-6.63E-04,-5.46E-04,-3.31E-04,-5.59E-04,-4.53E-04,-3.46E-04,-1.16E-04
2813,-7.67E-04,-8.03E-04,-6.02E-04,-3.61E-04,-4.33E-04,-1.34E-04,-8.18E-04,-6.26E-04,-2.19E-04,8.06E-05,-3.49E-04,-2.47E-04,-6.82E-04,-6.49E-04,-5.36E-04,-3.19E-04,-5.58E-04,-4.50E-04,-3.42E-04,-1.08E-04
2814,-7.43E-04,-8.18E-04,-5.92E-04,-3.62E-04,-4.29E-04,-1.35E-04,-8.04E-04,-6.09E-04,-2.13E-04,8.52E-05,-3.40E-04,-2.35E-04,-6.80E-04,-6.33E-04,-5.25E-04,-3.06E-04,-5.58E-04,-4.47E-04,-3.38E-04,-9.91E-05
2815,-7.17E-04,-8.27E-04,-5.82E-04,-3.63E-04,-4.24E-04,-1.35E-04,-7.90E-04,-5.90E-04,-2.07E-04,9.05E-05,-3.31E-04,-2.23E-04,-6.70E-04,-6.17E-04,-5.13E-04,-2.90E-04,-5.57E-04,-4.42E-04,-3.32E-04,-8.96E-05
2816,-6.91E-04,-8.28E-04,-5.70E-04,-3.62E-04,-4.17E-04,-1.34E-04,-7.74E-04,-5.69E-04,-1.99E-04,9.65E-05,-3.23E-04,-2.11E-04,-6.53E-04,-5.99E-04,-5.00E-04,-2.73E-04,-5.55E-04,-4.37E-04,-3.25E-04,-7.91E-05
2817,-6.65E-04,-8.21E-04,-5.56E-04,-3.61E-04,-4.09E-04,-1.31E-04,-7.56E-04,-5.46E-04,-1.91E-04,1.03E-04,-3.15E-04,-2.00E-04,-6.29E-04,-5.79E-04,-4.85E-04,-2.53E-04,-5.53E-04,-4.31E-04,-3.17E-04,-6.80E-05
2818,-6.41E-04,-8.04E-04,-5.42E-04,-3.59E-04,-3.99E-04,-1.28E-04,-7.38E-04,-5.22E-04,-1.83E-04,1.11E-04,-3.07E-04,-1.91E-04,-5.98E-04,-5.58E-04,-4.68E-04,-2.32E-04,-5.49E-04,-4.24E-04,-3.07E-04,-5.62E-05
2819,-6.18E-04,-7.77E-04,-5.26E-04,-3.57E-04,-3.87E-04,-1.23E-04,-7.19E-04,-4.96E-04,-1.73E-04,1.18E-04,-2.99E-04,-1.83E-04,-5.63E-04,-5.36E-04,-4.50E-04,-2.09E-04,-5.44E-04,-4.14E-04,-2.95E-04,-4.39E-05
2820,-5.98E-04,-7.40E-04,-5.09E-04,-3.54E-04,-3.74E-04,-1.17E-04,-6.97E-04,-4.70E-04,-1.64E-04,1.27E-04,-2.92E-04,-1.78E-04,-5.25E-04,-5.13E-04,-4.29E-04,-1.85E-04,-5.38E-04,-4.03E-04,-2.83E-04,-3.12E-05
2821,-5.81E-04,-6.94E-04,-4.90E-04,-3.50E-04,-3.60E-04,-1.10E-04,-6.75E-04,-4.41E-04,-1.54E-04,1.35E-04,-2.85E-04,-1.76E-04,-4.85E-04,-4.89E-04,-4.06E-04,-1.60E-04,-5.30E-04,-3.89E-04,-2.69E-04,-1.84E-05
2822,-5.68E-04,-6.40E-04,-4.71E-04,-3.46E-04,-3.44E-04,-1.02E-04,-6.50E-04,-4.13E-04,-1.43E-04,1.44E-04,-2.77E-04,-1.76E-04,-4.45E-04,-4.64E-04,-3.82E-04,-1.33E-04,-5.20E-04,-3.74E-04,-2.54E-04,-5.72E-06
2823,-5.59E-04,-5.81E-04,-4.50E-04,-3.41E-04,-3.28E-04,-9.38E-05,-6.23E-04,-3.83E-04,-1.33E-04,1.52E-04,-2.70E-04,-1.79E-04,-4.06E-04,-4.40E-04,-3.56E-04,-1.07E-04,-5.08E-04,-3.56E-04,-2.39E-04,6.70E-06
2824,-5.53E-04,-5.17E-04,-4.28E-04,-3.36E-04,-3.11E-04,-8.45E-05,-5.95E-04,-3.53E-04,-1.23E-04,1.59E-04,-2.62E-04,-1.83E-04,-3.69E-04,-4.14E-04,-3.29E-04,-7.97E-05,-4.94E-04,-3.36E-04,-2.23E-04,1.86E-05
2825,-5.51E-04,-4.53E-04,-4.04E-04,-3.31E-04,-2.93E-04,-7.49E-05,-5.64E-04,-3.23E-04,-1.14E-04,1.66E-04,-2.55E-04,-1.88E-04,-3.38E-04,-3.90E-04,-3.02E-04,-5.31E-05,-4.79E-04,-3.15E-04,-2.06E-04,2.98E-05
2826,-5.52E-04,-3.90E-04,-3.81E-04,-3.26E-04,-2.75E-04,-6.52E-05,-5.30E-04,-2.93E-04,-1.06E-04,1.72E-04,-2.47E-04,-1.94E-04,-3.11E-04,-3.65E-04,-2.74E-04,-2.73E-05,-4.62E-04,-2.92E-04,-1.90E-04,4.00E-05
2827,-5.55E-04,-3.31E-04,-3.57E-04,-3.20E-04,-2.57E-04,-5.57E-05,-4.95E-04,-2.64E-04,-9.79E-05,1.77E-04,-2.39E-04,-1.98E-04,-2.90E-04,-3.42E-04,-2.46E-04,-2.77E-06,-4.44E-04,-2.69E-04,-1.75E-04,4.91E-05
2828,-5.59E-04,-2.77E-04,-3.32E-04,-3.15E-04,-2.40E-04,-4.66E-05,-4.58E-04,-2.35E-04,-9.15E-05,1.80E-04,-2.31E-04,-2.02E-04,-2.75E-04,-3.19E-04,-2.19E-04,2.02E-05,-4.25E-04,-2.45E-04,-1.60E-04,5.68E-05
2829,-5.63E-04,-2.32E-04,-3.08E-04,-3.10E-04,-2.23E-04,-3.81E-05,-4.20E-04,-2.08E-04,-8.65E-05,1.81E-04,-2.23E-04,-2.03E-04,-2.66E-04,-2.98E-04,-1.94E-04,4.11E-05,-4.07E-04,-2.22E-04,-1.46E-04,6.31E-05
2830,-5.65E-04,-1.96E-04,-2.84E-04,-3.05E-04,-2.08E-04,-3.05E-05,-3.82E-04,-1.81E-04,-8.29E-05,1.81E-04,-2.14E-04,-2.02E-04,-2.62E-04,-2.79E-04,-1.70E-04,5.98E-05,-3.89E-04,-1.99E-04,-1.33E-04,6.78E-05
2831,-5.66E-04,-1.70E-04,-2.61E-04,-3.01E-04,-1.93E-04,-2.41E-05,-3.43E-04,-1.56E-04,-8.08E-05,1.79E-04,-2.06E-04,-1.97E-04,-2.64E-04,-2.61E-04,-1.48E-04,7.59E-05,-3.72E-04,-1.78E-04,-1.22E-04,7.08E-05
2832,-5.63E-04,-1.54E-04,-2.39E-04,-2.97E-04,-1.80E-04,-1.88E-05,-3.06E-04,-1.32E-04,-8.02E-05,1.74E-04,-1.99E-04,-1.88E-04,-2.69E-04,-2.46E-04,-1.28E-04,8.94E-05,-3.56E-04,-1.59E-04,-1.12E-04,7.22E-05
2833,-5.55E-04,-1.47E-04,-2.18E-04,-2.93E-04,-1.68E-04,-1.50E-05,-2.71E-04,-1.10E-04,-8.11E-05,1.68E-04,-1.91E-04,-1.76E-04,-2.77E-04,-2.33E-04,-1.12E-04,1.00E-04,-3.43E-04,-1.41E-04,-1.04E-04,7.20E-05
2834,-5.43E-04,-1.50E-04,-1.99E-04,-2.90E-04,-1.57E-04,-1.25E-05,-2.39E-04,-8.99E-05,-8.34E-05,1.60E-04,-1.84E-04,-1.61E-04,-2.86E-04,-2.21E-04,-9.77E-05,1.08E-04,-3.31E-04,-1.27E-04,-9.71E-05,7.02E-05
2835,-5.25E-04,-1.59E-04,-1.81E-04,-2.87E-04,-1.49E-04,-1.16E-05,-2.10E-04,-7.14E-05,-8.69E-05,1.51E-04,-1.78E-04,-1.44E-04,-2.95E-04,-2.12E-04,-8.66E-05,1.13E-04,-3.21E-04,-1.15E-04,-9.23E-05,6.70E-05
2836,-5.02E-04,-1.74E-04,-1.66E-04,-2.84E-04,-1.41E-04,-1.20E-05,-1.86E-04,-5.49E-05,-9.14E-05,1.40E-04,-1.73E-04,-1.24E-04,-3.04E-04,-2.05E-04,-7.82E-05,1.16E-04,-3.14E-04,-1.06E-04,-8.91E-05,6.25E-05
2837,-4.73E-04,-1.91E-04,-1.53E-04,-2.82E-04,-1.35E-04,-1.38E-05,-1.66E-04,-4.03E-05,-9.67E-05,1.27E-04,-1.68E-04,-1.04E-04,-3.10E-04,-1.99E-04,-7.25E-05,1.16E-04,-3.09E-04,-9.93E-05,-8.74E-05,5.69E-05
2838,-4.39E-04,-2.10E-04,-1.41E-04,-2.80E-04,-1.30E-04,-1.67E-05,-1.52E-04,-2.76E-05,-1.03E-04,1.14E-04,-1.63E-04,-8.41E-05,-3.14E-04,-1.95E-04,-6.92E-05,1.14E-04,-3.06E-04,-9.52E-05,-8.70E-05,5.05E-05
2839,-4.02E-04,-2.28E-04,-1.32E-04,-2.79E-04,-1.26E-04,-2.07E-05,-1.43E-04,-1.68E-05,-1.09E-04,1.00E-04,-1.60E-04,-6.56E-05,-3.14E-04,-1.91E-04,-6.80E-05,1.11E-04,-3.05E-04,-9.31E-05,-8.76E-05,4.35E-05
2840,-3.61E-04,-2.43E-04,-1.25E-04,-2.77E-04,-1.23E-04,-2.54E-05,-1.39E-04,-7.73E-06,-1.15E-04,8.62E-05,-1.57E-04,-4.94E-05,-3.11E-04,-1.89E-04,-6.85E-05,1.06E-04,-3.04E-04,-9.26E-05,-8.92E-05,3.62E-05
2841,-3.20E-04,-2.54E-04,-1.20E-04,-2.76E-04,-1.20E-04,-3.08E-05,-1.40E-04,-3.08E-07,-1.21E-04,7.22E-05,-1.54E-04,-3.66E-05,-3.04E-04,-1.87E-04,-7.05E-05,1.00E-04,-3.05E-04,-9.33E-05,-9.14E-05,2.88E-05
2842,-2.79E-04,-2.59E-04,-1.16E-04,-2.74E-04,-1.18E-04,-3.64E-05,-1.44E-04,5.60E-06,-1.26E-04,5.86E-05,-1.52E-04,-2.78E-05,-2.94E-04,-1.86E-04,-7.34E-05,9.33E-05,-3.06E-04,-9.45E-05,-9.40E-05,2.15E-05
2843,-2.39E-04,-2.58E-04,-1.14E-04,-2.72E-04,-1.16E-04,-4.22E-05,-1.52E-04,1.02E-05,-1.32E-04,4.56E-05,-1.50E-04,-2.34E-05,-2.81E-04,-1.84E-04,-7.70E-05,8.61E-05,-3.07E-04,-9.59E-05,-9.69E-05,1.46E-05
2844,-2.02E-04,-2.51E-04,-1.13E-04,-2.70E-04,-1.14E-04,-4.78E-05,-1.61E-04,1.36E-05,-1.36E-04,3.36E-05,-1.48E-04,-2.36E-05,-2.66E-04,-1.82E-04,-8.10E-05,7.87E-05,-3.08E-04,-9.69E-05,-9.97E-05,8.20E-06
2845,-1.70E-04,-2.38E-04,-1.12E-04,-2.68E-04,-1.13E-04,-5.31E-05,-1.71E-04,1.60E-05,-1.40E-04,2.26E-05,-1.45E-04,-2.83E-05,-2.49E-04,-1.79E-04,-8.49E-05,7.14E-05,-3.08E-04,-9.71E-05,-1.02E-04,2.52E-06
2846,-1.43E-04,-2.19E-04,-1.12E-04,-2.66E-04,-1.11E-04,-5.79E-05,-1.81E-04,1.76E-05,-1.43E-04,1.30E-05,-1.43E-04,-3.70E-05,-2.33E-04,-1.75E-04,-8.87E-05,6.42E-05,-3.06E-04,-9.62E-05,-1.05E-04,-2.35E-06
2847,-1.23E-04,-1.96E-04,-1.13E-04,-2.63E-04,-1.09E-04,-6.20E-05,-1.89E-04,1.86E-05,-1.45E-04,4.61E-06,-1.40E-04,-4.91E-05,-2.17E-04,-1.71E-04,-9.21E-05,5.73E-05,-3.04E-04,-9.40E-05,-1.07E-04,-6.36E-06
2848,-1.08E-04,-1.70E-04,-1.13E-04,-2.60E-04,-1.06E-04,-6.53E-05,-1.94E-04,1.92E-05,-1.47E-04,-2.36E-06,-1.36E-04,-6.38E-05,-2.03E-04,-1.66E-04,-9.49E-05,5.07E-05,-3.00E-04,-9.05E-05,-1.09E-04,-9.49E-06
2849,-9.97E-05,-1.42E-04,-1.12E-04,-2.56E-04,-1.04E-04,-6.76E-05,-1.97E-04,1.96E-05,-1.49E-04,-7.97E-06,-1.31E-04,-7.99E-05,-1.91E-04,-1.61E-04,-9.71E-05,4.46E-05,-2.94E-04,-8.55E-05,-1.10E-04,-1.18E-05
2850,-9.69E-05,-1.14E-04,-1.11E-04,-2.52E-04,-1.01E-04,-6.91E-05,-1.95E-04,1.98E-05,-1.50E-04,-1.23E-05,-1.26E-04,-9.64E-05,-1.82E-04,-1.54E-04,-9.86E-05,3.87E-05,-2.88E-04,-7.93E-05,-1.11E-04,-1.33E-05
2851,-9.88E-05,-8.62E-05,-1.09E-04,-2.48E-04,-9.83E-05,-6.95E-05,-1.89E-04,2.00E-05,-1.52E-04,-1.54E-05,-1.20E-04,-1.12E-04,-1.76E-04,-1.48E-04,-9.95E-05,3.30E-05,-2.80E-04,-7.21E-05,-1.12E-04,-1.42E-05
2852,-1.04E-04,-6.00E-05,-1.07E-04,-2.43E-04,-9.55E-05,-6.90E-05,-1.80E-04,2.03E-05,-1.53E-04,-1.75E-05,-1.13E-04,-1.26E-04,-1.74E-04,-1.41E-04,-9.97E-05,2.75E-05,-2.71E-04,-6.40E-05,-1.12E-04,-1.46E-05
2853,-1.11E-04,-3.60E-05,-1.03E-04,-2.38E-04,-9.26E-05,-6.75E-05,-1.66E-04,2.08E-05,-1.55E-04,-1.86E-05,-1.06E-04,-1.38E-04,-1.75E-04,-1.35E-04,-9.92E-05,2.19E-05,-2.62E-04,-5.55E-05,-1.12E-04,-1.46E-05
2854,-1.19E-04,-1.48E-05,-9.87E-05,-2.33E-04,-8.99E-05,-6.52E-05,-1.48E-04,2.15E-05,-1.57E-04,-1.89E-05,-9.88E-05,-1.46E-04,-1.79E-04,-1.29E-04,-9.83E-05,1.62E-05,-2.53E-04,-4.69E-05,-1.12E-04,-1.44E-05
2855,-1.26E-04,3.56E-06,-9.32E-05,-2.28E-04,-8.73E-05,-6.19E-05,-1.28E-04,2.25E-05,-1.59E-04,-1.85E-05,-9.12E-05,-1.51E-04,-1.86E-04,-1.23E-04,-9.68E-05,1.03E-05,-2.44E-04,-3.84E-05,-1.12E-04,-1.42E-05
2856,-1.29E-04,1.93E-05,-8.70E-05,-2.23E-04,-8.50E-05,-5.79E-05,-1.06E-04,2.38E-05,-1.62E-04,-1.76E-05,-8.38E-05,-1.53E-04,-1.95E-04,-1.18E-04,-9.50E-05,3.87E-06,-2.36E-04,-3.04E-05,-1.11E-04,-1.41E-05
2857,-1.29E-04,3.28E-05,-8.00E-05,-2.18E-04,-8.30E-05,-5.32E-05,-8.36E-05,2.54E-05,-1.65E-04,-1.62E-05,-7.67E-05,-1.50E-04,-2.05E-04,-1.15E-04,-9.29E-05,-3.04E-06,-2.28E-04,-2.31E-05,-1.11E-04,-1.43E-05
2858,-1.24E-04,4.46E-05,-7.25E-05,-2.14E-04,-8.13E-05,-4.78E-05,-6.08E-05,2.73E-05,-1.68E-04,-1.44E-05,-7.03E-05,-1.45E-04,-2.16E-04,-1.12E-04,-9.06E-05,-1.05E-05,-2.22E-04,-1.65E-05,-1.11E-04,-1.48E-05
2859,-1.13E-04,5.53E-05,-6.46E-05,-2.10E-04,-7.99E-05,-4.19E-05,-3.90E-05,2.94E-05,-1.71E-04,-1.23E-05,-6.48E-05,-1.36E-04,-2.26E-04,-1.11E-04,-8.82E-05,-1.87E-05,-2.16E-04,-1.09E-05,-1.11E-04,-1.58E-05
2860,-9.59E-05,6.58E-05,-5.66E-05,-2.07E-04,-7.88E-05,-3.56E-05,-1.93E-05,3.17E-05,-1.75E-04,-9.77E-06,-6.04E-05,-1.26E-04,-2.36E-04,-1.11E-04,-8.58E-05,-2.75E-05,-2.12E-04,-6.22E-06,-1.11E-04,-1.73E-05
2861,-7.35E-05,7.64E-05,-4.85E-05,-2.05E-04,-7.79E-05,-2.89E-05,-2.30E-06,3.41E-05,-1.78E-04,-6.93E-06,-5.72E-05,-1.16E-04,-2.44E-04,-1.12E-04,-8.35E-05,-3.70E-05,-2.09E-04,-2.33E-06,-1.11E-04,-1.93E-05
2862,-4.62E-05,8.78E-05,-4.06E-05,-2.04E-04,-7.73E-05,-2.20E-05,1.14E-05,3.67E-05,-1.81E-04,-3.74E-06,-5.54E-05,-1.05E-04,-2.51E-04,-1.14E-04,-8.15E-05,-4.70E-05,-2.08E-04,8.40E-07,-1.11E-04,-2.18E-05
2863,-1.53E-05,1.00E-04,-3.31E-05,-2.04E-04,-7.68E-05,-1.51E-05,2.16E-05,3.94E-05,-1.83E-04,-1.99E-07,-5.51E-05,-9.47E-05,-2.55E-04,-1.17E-04,-7.98E-05,-5.77E-05,-2.07E-04,3.47E-06,-1.12E-04,-2.48E-05
2864,1.77E-05,1.13E-04,-2.62E-05,-2.05E-04,-7.65E-05,-8.41E-06,2.81E-05,4.19E-05,-1.85E-04,3.68E-06,-5.61E-05,-8.65E-05,-2.56E-04,-1.22E-04,-7.87E-05,-6.88E-05,-2.08E-04,5.73E-06,-1.12E-04,-2.82E-05
2865,5.11E-05,1.27E-04,-1.99E-05,-2.07E-04,-7.64E-05,-2.02E-06,3.10E-05,4.44E-05,-1.86E-04,7.84E-06,-5.85E-05,-8.06E-05,-2.56E-04,-1.26E-04,-7.82E-05,-8.04E-05,-2.10E-04,7.78E-06,-1.12E-04,-3.21E-05
2866,8.28E-05,1.41E-04,-1.46E-05,-2.09E-04,-7.65E-05,3.77E-06,3.08E-05,4.65E-05,-1.87E-04,1.22E-05,-6.19E-05,-7.76E-05,-2.53E-04,-1.32E-04,-7.86E-05,-9.22E-05,-2.12E-04,9.77E-06,-1.13E-04,-3.63E-05
2867,1.11E-04,1.55E-04,-1.02E-05,-2.13E-04,-7.69E-05,8.72E-06,2.79E-05,4.82E-05,-1.87E-04,1.67E-05,-6.63E-05,-7.77E-05,-2.48E-04,-1.38E-04,-7.99E-05,-1.04E-04,-2.15E-04,1.18E-05,-1.14E-04,-4.07E-05
2868,1.34E-04,1.67E-04,-6.81E-06,-2.17E-04,-7.75E-05,1.25E-05,2.30E-05,4.93E-05,-1.86E-04,2.11E-05,-7.12E-05,-8.09E-05,-2.42E-04,-1.43E-04,-8.22E-05,-1.17E-04,-2.18E-04,1.38E-05,-1.15E-04,-4.54E-05
2869,1.50E-04,1.78E-04,-4.63E-06,-2.21E-04,-7.87E-05,1.49E-05,1.68E-05,4.96E-05,-1.85E-04,2.53E-05,-7.63E-05,-8.71E-05,-2.36E-04,-1.49E-04,-8.58E-05,-1.29E-04,-2.22E-04,1.59E-05,-1.16E-04,-5.02E-05
2870,1.58E-04,1.86E-04,-3.67E-06,-2.25E-04,-8.04E-05,1.57E-05,1.00E-05,4.88E-05,-1.83E-04,2.91E-05,-8.12E-05,-9.58E-05,-2.28E-04,-1.55E-04,-9.06E-05,-1.41E-04,-2.25E-04,1.78E-05,-1.18E-04,-5.52E-05
2871,1.58E-04,1.90E-04,-3.97E-06,-2.29E-04,-8.30E-05,1.44E-05,3.24E-06,4.68E-05,-1.82E-04,3.20E-05,-8.56E-05,-1.07E-04,-2.21E-04,-1.61E-04,-9.66E-05,-1.53E-04,-2.29E-04,1.94E-05,-1.20E-04,-6.03E-05
2872,1.50E-04,1.90E-04,-5.58E-06,-2.33E-04,-8.64E-05,1.10E-05,-2.96E-06,4.34E-05,-1.81E-04,3.40E-05,-8.91E-05,-1.19E-04,-2.15E-04,-1.66E-04,-1.04E-04,-1.65E-04,-2.33E-04,2.04E-05,-1.23E-04,-6.54E-05
2873,1.33E-04,1.85E-04,-8.50E-06,-2.36E-04,-9.10E-05,5.26E-06,-8.18E-06,3.82E-05,-1.80E-04,3.48E-05,-9.13E-05,-1.31E-04,-2.10E-04,-1.71E-04,-1.12E-04,-1.77E-04,-2.36E-04,2.06E-05,-1.27E-04,-7.07E-05
2874,1.10E-04,1.76E-04,-1.27E-05,-2.38E-04,-9.70E-05,-2.99E-06,-1.22E-05,3.11E-05,-1.80E-04,3.40E-05,-9.20E-05,-1.44E-04,-2.06E-04,-1.76E-04,-1.22E-04,-1.88E-04,-2.39E-04,1.95E-05,-1.31E-04,-7.60E-05
2875,8.08E-05,1.62E-04,-1.82E-05,-2.39E-04,-1.04E-04,-1.37E-05,-1.49E-05,2.19E-05,-1.81E-04,3.16E-05,-9.09E-05,-1.55E-04,-2.04E-04,-1.81E-04,-1.32E-04,-2.00E-04,-2.43E-04,1.71E-05,-1.37E-04,-8.14E-05
2876,4.78E-05,1.45E-04,-2.49E-05,-2.39E-04,-1.13E-04,-2.69E-05,-1.65E-05,1.05E-05,-1.82E-04,2.74E-05,-8.78E-05,-1.65E-04,-2.03E-04,-1.85E-04,-1.43E-04,-2.10E-04,-2.46E-04,1.29E-05,-1.42E-04,-8.69E-05
2877,1.31E-05,1.25E-04,-3.28E-05,-2.38E-04,-1.24E-04,-4.24E-05,-1.72E-05,-3.13E-06,-1.86E-04,2.14E-05,-8.26E-05,-1.73E-04,-2.04E-04,-1.89E-04,-1.53E-04,-2.21E-04,-2.49E-04,6.83E-06,-1.49E-04,-9.24E-05
2878,-2.13E-05,1.03E-04,-4.18E-05,-2.35E-04,-1.35E-04,-5.99E-05,-1.74E-05,-1.90E-05,-1.90E-04,1.36E-05,-7.54E-05,-1.79E-04,-2.07E-04,-1.93E-04,-1.64E-04,-2.30E-04,-2.52E-04,-1.19E-06,-1.56E-04,-9.79E-05
2879,-5.31E-05,7.93E-05,-5.16E-05,-2.31E-04,-1.49E-04,-7.91E-05,-1.74E-05,-3.70E-05,-1.95E-04,4.23E-06,-6.63E-05,-1.82E-04,-2.11E-04,-1.97E-04,-1.74E-04,-2.40E-04,-2.54E-04,-1.12E-05,-1.64E-04,-1.03E-04
2880,-8.04E-05,5.63E-05,-6.22E-05,-2.26E-04,-1.63E-04,-9.96E-05,-1.79E-05,-5.70E-05,-2.01E-04,-6.53E-06,-5.55E-05,-1.82E-04,-2.15E-04,-2.01E-04,-1.83E-04,-2.48E-04,-2.57E-04,-2.29E-05,-1.72E-04,-1.09E-04
2881,-1.01E-04,3.47E-05,-7.35E-05,-2.19E-04,-1.79E-04,-1.21E-04,-1.91E-05,-7.87E-05,-2.08E-04,-1.83E-05,-4.33E-05,-1.79E-04,-2.20E-04,-2.04E-04,-1.91E-04,-2.55E-04,-2.59E-04,-3.63E-05,-1.80E-04,-1.14E-04
2882,-1.15E-04,1.55E-05,-8.51E-05,-2.12E-04,-1.95E-04,-1.42E-04,-2.15E-05,-1.02E-04,-2.15E-04,-3.06E-05,-2.99E-05,-1.74E-04,-2.24E-04,-2.07E-04,-1.98E-04,-2.62E-04,-2.62E-04,-5.08E-05,-1.88E-04,-1.18E-04
2883,-1.20E-04,-4.09E-07,-9.68E-05,-2.04E-04,-2.12E-04,-1.63E-04,-2.53E-05,-1.25E-04,-2.22E-04,-4.31E-05,-1.58E-05,-1.67E-04,-2.28E-04,-2.09E-04,-2.02E-04,-2.67E-04,-2.64E-04,-6.61E-05,-1.95E-04,-1.22E-04
2884,-1.16E-04,-1.25E-05,-1.09E-04,-1.96E-04,-2.28E-04,-1.82E-04,-3.05E-05,-1.49E-04,-2.29E-04,-5.50E-05,-1.41E-06,-1.59E-04,-2.31E-04,-2.11E-04,-2.05E-04,-2.71E-04,-2.65E-04,-8.16E-05,-2.02E-04,-1.26E-04
2885,-1.03E-04,-2.05E-05,-1.20E-04,-1.88E-04,-2.44E-04,-2.00E-04,-3.70E-05,-1.73E-04,-2.35E-04,-6.60E-05,1.28E-05,-1.50E-04,-2.33E-04,-2.11E-04,-2.05E-04,-2.73E-04,-2.67E-04,-9.67E-05,-2.07E-04,-1.28E-04
2886,-8.23E-05,-2.44E-05,-1.31E-04,-1.80E-04,-2.59E-04,-2.16E-04,-4.45E-05,-1.96E-04,-2.40E-04,-7.54E-05,2.65E-05,-1.40E-04,-2.34E-04,-2.11E-04,-2.03E-04,-2.74E-04,-2.67E-04,-1.11E-04,-2.11E-04,-1.30E-04
2887,-5.53E-05,-2.45E-05,-1.40E-04,-1.73E-04,-2.72E-04,-2.29E-04,-5.26E-05,-2.18E-04,-2.44E-04,-8.28E-05,3.91E-05,-1.31E-04,-2.32E-04,-2.09E-04,-1.98E-04,-2.73E-04,-2.68E-04,-1.24E-04,-2.14E-04,-1.31E-04
2888,-2.37E-05,-2.12E-05,-1.49E-04,-1.67E-04,-2.84E-04,-2.39E-04,-6.05E-05,-2.37E-04,-2.47E-04,-8.78E-05,5.04E-05,-1.22E-04,-2.29E-04,-2.06E-04,-1.92E-04,-2.70E-04,-2.67E-04,-1.34E-04,-2.15E-04,-1.30E-04
2889,1.06E-05,-1.55E-05,-1.57E-04,-1.61E-04,-2.94E-04,-2.46E-04,-6.75E-05,-2.55E-04,-2.47E-04,-9.01E-05,6.00E-05,-1.14E-04,-2.25E-04,-2.01E-04,-1.83E-04,-2.66E-04,-2.66E-04,-1.43E-04,-2.14E-04,-1.29E-04
2890,4.53E-05,-8.14E-06,-1.63E-04,-1.57E-04,-3.02E-04,-2.50E-04,-7.29E-05,-2.69E-04,-2.46E-04,-8.94E-05,6.77E-05,-1.08E-04,-2.18E-04,-1.95E-04,-1.73E-04,-2.60E-04,-2.64E-04,-1.48E-04,-2.11E-04,-1.26E-04
2891,7.84E-05,-2.23E-07,-1.67E-04,-1.54E-04,-3.07E-04,-2.50E-04,-7.57E-05,-2.79E-04,-2.43E-04,-8.59E-05,7.34E-05,-1.03E-04,-2.11E-04,-1.88E-04,-1.62E-04,-2.53E-04,-2.62E-04,-1.51E-04,-2.07E-04,-1.22E-04
2892,1.08E-04,7.30E-06,-1.70E-04,-1.53E-04,-3.10E-04,-2.47E-04,-7.53E-05,-2.87E-04,-2.38E-04,-7.94E-05,7.69E-05,-9.92E-05,-2.02E-04,-1.78E-04,-1.50E-04,-2.44E-04,-2.59E-04,-1.51E-04,-2.02E-04,-1.17E-04
2893,1.32E-04,1.35E-05,-1.70E-04,-1.52E-04,-3.11E-04,-2.41E-04,-7.11E-05,-2.90E-04,-2.32E-04,-7.03E-05,7.83E-05,-9.74E-05,-1.92E-04,-1.68E-04,-1.37E-04,-2.34E-04,-2.55E-04,-1.48E-04,-1.94E-04,-1.12E-04
2894,1.50E-04,1.77E-05,-1.69E-04,-1.53E-04,-3.10E-04,-2.32E-04,-6.24E-05,-2.90E-04,-2.24E-04,-5.90E-05,7.78E-05,-9.71E-05,-1.81E-04,-1.56E-04,-1.24E-04,-2.23E-04,-2.50E-04,-1.43E-04,-1.86E-04,-1.06E-04
2895,1.61E-04,1.93E-05,-1.67E-04,-1.54E-04,-3.07E-04,-2.22E-04,-4.91E-05,-2.87E-04,-2.15E-04,-4.59E-05,7.54E-05,-9.81E-05,-1.70E-04,-1.44E-04,-1.11E-04,-2.11E-04,-2.46E-04,-1.36E-04,-1.77E-04,-9.95E-05
2896,1.65E-04,1.81E-05,-1.62E-04,-1.57E-04,-3.03E-04,-2.11E-04,-3.10E-05,-2.80E-04,-2.06E-04,-3.16E-05,7.13E-05,-1.00E-04,-1.59E-04,-1.31E-04,-9.80E-05,-1.99E-04,-2.41E-04,-1.27E-04,-1.67E-04,-9.29E-05
2897,1.62E-04,1.40E-05,-1.57E-04,-1.60E-04,-2.97E-04,-1.99E-04,-8.56E-06,-2.71E-04,-1.97E-04,-1.68E-05,6.60E-05,-1.03E-04,-1.48E-04,-1.17E-04,-8.61E-05,-1.87E-04,-2.35E-04,-1.17E-04,-1.56E-04,-8.65E-05
2898,1.53E-04,7.36E-06,-1.50E-04,-1.63E-04,-2.91E-04,-1.87E-04,1.79E-05,-2.59E-04,-1.87E-04,-1.95E-06,5.95E-05,-1.06E-04,-1.38E-04,-1.04E-04,-7.50E-05,-1.75E-04,-2.30E-04,-1.07E-04,-1.46E-04,-8.04E-05
2899,1.39E-04,-1.28E-06,-1.42E-04,-1.67E-04,-2.85E-04,-1.76E-04,4.77E-05,-2.46E-04,-1.78E-04,1.22E-05,5.24E-05,-1.10E-04,-1.28E-04,-9.08E-05,-6.49E-05,-1.64E-04,-2.26E-04,-9.70E-05,-1.36E-04,-7.49E-05
2900,1.23E-04,-1.12E-05,-1.33E-04,-1.71E-04,-2.78E-04,-1.65E-04,7.98E-05,-2.31E-04,-1.70E-04,2.50E-05,4.49E-05,-1.13E-04,-1.18E-04,-7.83E-05,-5.58E-05,-1.53E-04,-2.21E-04,-8.75E-05,-1.26E-04,-7.03E-05
2901,1.05E-04,-2.15E-05,-1.25E-04,-1.74E-04,-2.72E-04,-1.57E-04,1.13E-04,-2.16E-04,-1.63E-04,3.60E-05,3.72E-05,-1.15E-04,-1.09E-04,-6.67E-05,-4.78E-05,-1.44E-04,-2.17E-04,-7.91E-05,-1.17E-04,-6.66E-05
2902,8.82E-05,-3.13E-05,-1.15E-04,-1.77E-04,-2.66E-04,-1.50E-04,1.47E-04,-2.01E-04,-1.57E-04,4.48E-05,2.98E-05,-1.18E-04,-1.01E-04,-5.62E-05,-4.06E-05,-1.35E-04,-2.14E-04,-7.22E-05,-1.09E-04,-6.40E-05
2903,7.35E-05,-3.96E-05,-1.07E-04,-1.80E-04,-2.61E-04,-1.46E-04,1.80E-04,-1.87E-04,-1.52E-04,5.12E-05,2.28E-05,-1.19E-04,-9.35E-05,-4.69E-05,-3.43E-05,-1.28E-04,-2.12E-04,-6.71E-05,-1.02E-04,-6.26E-05
2904,6.26E-05,-4.56E-05,-9.81E-05,-1.81E-04,-2.58E-04,-1.44E-04,2.10E-04,-1.74E-04,-1.49E-04,5.49E-05,1.64E-05,-1.19E-04,-8.67E-05,-3.88E-05,-2.86E-05,-1.22E-04,-2.10E-04,-6.39E-05,-9.60E-05,-6.23E-05
2905,5.68E-05,-4.87E-05,-9.03E-05,-1.82E-04,-2.55E-04,-1.44E-04,2.38E-04,-1.62E-04,-1.47E-04,5.60E-05,1.10E-05,-1.17E-04,-8.05E-05,-3.19E-05,-2.34E-05,-1.16E-04,-2.09E-04,-6.26E-05,-9.10E-05,-6.31E-05
2906,5.67E-05,-4.83E-05,-8.33E-05,-1.83E-04,-2.53E-04,-1.47E-04,2.61E-04,-1.52E-04,-1.46E-04,5.46E-05,6.45E-06,-1.15E-04,-7.50E-05,-2.62E-05,-1.84E-05,-1.12E-04,-2.09E-04,-6.31E-05,-8.70E-05,-6.49E-05
2907,6.27E-05,-4.44E-05,-7.72E-05,-1.82E-04,-2.53E-04,-1.52E-04,2.80E-04,-1.44E-04,-1.45E-04,5.09E-05,3.05E-06,-1.11E-04,-7.01E-05,-2.15E-05,-1.37E-05,-1.09E-04,-2.10E-04,-6.53E-05,-8.39E-05,-6.75E-05
2908,7.43E-05,-3.70E-05,-7.22E-05,-1.80E-04,-2.53E-04,-1.58E-04,2.93E-04,-1.38E-04,-1.46E-04,4.54E-05,8.04E-07,-1.06E-04,-6.58E-05,-1.74E-05,-8.97E-06,-1.07E-04,-2.12E-04,-6.86E-05,-8.16E-05,-7.08E-05
2909,9.08E-05,-2.64E-05,-6.84E-05,-1.78E-04,-2.53E-04,-1.65E-04,3.02E-04,-1.35E-04,-1.46E-04,3.85E-05,-2.27E-07,-9.96E-05,-6.23E-05,-1.38E-05,-4.20E-06,-1.05E-04,-2.14E-04,-7.30E-05,-8.00E-05,-7.45E-05
2910,1.11E-04,-1.32E-05,-6.57E-05,-1.75E-04,-2.54E-04,-1.73E-04,3.06E-04,-1.33E-04,-1.47E-04,3.06E-05,-2.90E-08,-9.20E-05,-5.94E-05,-1.03E-05,6.45E-07,-1.03E-04,-2.16E-04,-7.78E-05,-7.88E-05,-7.85E-05
2911,1.33E-04,1.59E-06,-6.41E-05,-1.70E-04,-2.55E-04,-1.82E-04,3.05E-04,-1.32E-04,-1.47E-04,2.22E-05,1.40E-06,-8.33E-05,-5.73E-05,-6.59E-06,5.55E-06,-1.01E-04,-2.18E-04,-8.28E-05,-7.80E-05,-8.25E-05
2912,1.55E-04,1.72E-05,-6.36E-05,-1.65E-04,-2.56E-04,-1.90E-04,3.00E-04,-1.33E-04,-1.47E-04,1.39E-05,4.04E-06,-7.36E-05,-5.60E-05,-2.39E-06,1.05E-05,-9.81E-05,-2.20E-04,-8.77E-05,-7.73E-05,-8.63E-05
2913,1.74E-04,3.25E-05,-6.41E-05,-1.60E-04,-2.56E-04,-1.98E-04,2.92E-04,-1.34E-04,-1.46E-04,5.98E-06,7.86E-06,-6.32E-05,-5.54E-05,2.59E-06,1.53E-05,-9.51E-05,-2.22E-04,-9.20E-05,-7.67E-05,-8.97E-05
2914,1.90E-04,4.64E-05,-6.55E-05,-1.53E-04,-2.56E-04,-2.05E-04,2.83E-04,-1.36E-04,-1.45E-04,-1.13E-06,1.28E-05,-5.21E-05,-5.55E-05,8.58E-06,1.99E-05,-9.12E-05,-2.24E-04,-9.55E-05,-7.59E-05,-9.27E-05
2915,2.00E-04,5.79E-05,-6.78E-05,-1.46E-04,-2.55E-04,-2.10E-04,2.72E-04,-1.38E-04,-1.43E-04,-7.17E-06,1.89E-05,-4.06E-05,-5.62E-05,1.58E-05,2.41E-05,-8.64E-05,-2.24E-04,-9.82E-05,-7.50E-05,-9.51E-05
2916,2.02E-04,6.63E-05,-7.09E-05,-1.38E-04,-2.53E-04,-2.14E-04,2.61E-04,-1.40E-04,-1.40E-04,-1.20E-05,2.59E-05,-2.89E-05,-5.74E-05,2.43E-05,2.78E-05,-8.06E-05,-2.24E-04,-9.99E-05,-7.38E-05,-9.68E-05
2917,1.96E-04,7.07E-05,-7.46E-05,-1.29E-04,-2.51E-04,-2.17E-04,2.51E-04,-1.41E-04,-1.36E-04,-1.55E-05,3.38E-05,-1.72E-05,-5.89E-05,3.41E-05,3.08E-05,-7.38E-05,-2.23E-04,-1.01E-04,-7.22E-05,-9.79E-05
2918,1.81E-04,7.09E-05,-7.89E-05,-1.19E-04,-2.47E-04,-2.19E-04,2.43E-04,-1.41E-04,-1.32E-04,-1.77E-05,4.25E-05,-5.75E-06,-6.05E-05,4.53E-05,3.31E-05,-6.59E-05,-2.20E-04,-1.01E-04,-7.03E-05,-9.84E-05
2919,1.57E-04,6.65E-05,-8.36E-05,-1.09E-04,-2.43E-04,-2.19E-04,2.36E-04,-1.40E-04,-1.27E-04,-1.88E-05,5.19E-05,5.27E-06,-6.18E-05,5.76E-05,3.46E-05,-5.71E-05,-2.17E-04,-9.99E-05,-6.79E-05,-9.83E-05
2920,1.25E-04,5.78E-05,-8.88E-05,-9.81E-05,-2.37E-04,-2.17E-04,2.33E-04,-1.37E-04,-1.22E-04,-1.89E-05,6.16E-05,1.57E-05,-6.26E-05,7.11E-05,3.53E-05,-4.76E-05,-2.12E-04,-9.87E-05,-6.52E-05,-9.77E-05
2921,8.59E-05,4.52E-05,-9.42E-05,-8.70E-05,-2.31E-04,-2.15E-04,2.32E-04,-1.33E-04,-1.17E-04,-1.84E-05,7.15E-05,2.52E-05,-6.25E-05,8.53E-05,3.52E-05,-3.74E-05,-2.07E-04,-9.73E-05,-6.21E-05,-9.68E-05
2922,4.10E-05,2.92E-05,-9.97E-05,-7.55E-05,-2.24E-04,-2.12E-04,2.35E-04,-1.27E-04,-1.12E-04,-1.74E-05,8.14E-05,3.38E-05,-6.12E-05,1.00E-04,3.45E-05,-2.69E-05,-2.00E-04,-9.59E-05,-5.86E-05,-9.56E-05
2923,-7.54E-06,1.08E-05,-1.05E-04,-6.39E-05,-2.17E-04,-2.08E-04,2.40E-04,-1.21E-04,-1.07E-04,-1.64E-05,9.10E-05,4.12E-05,-5.85E-05,1.15E-04,3.33E-05,-1.62E-05,-1.93E-04,-9.47E-05,-5.47E-05,-9.43E-05
2924,-5.76E-05,-9.14E-06,-1.11E-04,-5.24E-05,-2.09E-04,-2.04E-04,2.48E-04,-1.13E-04,-1.02E-04,-1.55E-05,9.99E-05,4.74E-05,-5.41E-05,1.30E-04,3.19E-05,-5.61E-06,-1.85E-04,-9.39E-05,-5.05E-05,-9.30E-05
2925,-1.07E-04,-2.95E-05,-1.16E-04,-4.11E-05,-2.01E-04,-1.99E-04,2.58E-04,-1.04E-04,-9.83E-05,-1.52E-05,1.08E-04,5.23E-05,-4.79E-05,1.45E-04,3.05E-05,4.71E-06,-1.77E-04,-9.36E-05,-4.61E-05,-9.18E-05
2926,-1.53E-04,-4.93E-05,-1.21E-04,-3.02E-05,-1.92E-04,-1.95E-04,2.70E-04,-9.49E-05,-9.48E-05,-1.55E-05,1.15E-04,5.59E-05,-3.98E-05,1.59E-04,2.94E-05,1.45E-05,-1.68E-04,-9.38E-05,-4.13E-05,-9.08E-05
2927,-1.94E-04,-6.74E-05,-1.25E-04,-1.99E-05,-1.83E-04,-1.91E-04,2.84E-04,-8.51E-05,-9.19E-05,-1.67E-05,1.20E-04,5.82E-05,-3.00E-05,1.73E-04,2.89E-05,2.36E-05,-1.60E-04,-9.45E-05,-3.63E-05,-9.01E-05
2928,-2.28E-04,-8.31E-05,-1.29E-04,-1.03E-05,-1.74E-04,-1.87E-04,2.98E-04,-7.52E-05,-8.94E-05,-1.89E-05,1.24E-04,5.92E-05,-1.85E-05,1.86E-04,2.93E-05,3.19E-05,-1.51E-04,-9.56E-05,-3.10E-05,-8.98E-05
2929,-2.53E-04,-9.55E-05,-1.32E-04,-1.60E-06,-1.64E-04,-1.83E-04,3.12E-04,-6.54E-05,-8.73E-05,-2.20E-05,1.25E-04,5.89E-05,-5.75E-06,1.98E-04,3.08E-05,3.93E-05,-1.43E-04,-9.69E-05,-2.55E-05,-8.97E-05
2930,-2.68E-04,-1.04E-04,-1.33E-04,6.12E-06,-1.55E-04,-1.80E-04,3.27E-04,-5.58E-05,-8.55E-05,-2.60E-05,1.25E-04,5.75E-05,7.87E-06,2.08E-04,3.37E-05,4.56E-05,-1.36E-04,-9.82E-05,-1.97E-05,-9.00E-05
2931,-2.73E-04,-1.09E-04,-1.33E-04,1.28E-05,-1.44E-04,-1.76E-04,3.40E-04,-4.66E-05,-8.38E-05,-3.09E-05,1.22E-04,5.50E-05,2.18E-05,2.18E-04,3.79E-05,5.10E-05,-1.29E-04,-9.93E-05,-1.39E-05,-9.07E-05
2932,-2.67E-04,-1.09E-04,-1.32E-04,1.86E-05,-1.34E-04,-1.73E-04,3.53E-04,-3.81E-05,-8.22E-05,-3.66E-05,1.18E-04,5.17E-05,3.56E-05,2.26E-04,4.37E-05,5.53E-05,-1.23E-04,-9.98E-05,-7.86E-06,-9.17E-05
2933,-2.52E-04,-1.05E-04,-1.29E-04,2.34E-05,-1.23E-04,-1.71E-04,3.65E-04,-3.02E-05,-8.06E-05,-4.28E-05,1.11E-04,4.75E-05,4.86E-05,2.34E-04,5.09E-05,5.87E-05,-1.18E-04,-9.95E-05,-1.77E-06,-9.29E-05
2934,-2.29E-04,-9.75E-05,-1.25E-04,2.74E-05,-1.12E-04,-1.68E-04,3.75E-04,-2.29E-05,-7.87E-05,-4.93E-05,1.03E-04,4.28E-05,6.01E-05,2.40E-04,5.95E-05,6.12E-05,-1.14E-04,-9.82E-05,4.34E-06,-9.44E-05
2935,-1.99E-04,-8.65E-05,-1.19E-04,3.08E-05,-1.01E-04,-1.65E-04,3.83E-04,-1.63E-05,-7.66E-05,-5.60E-05,9.38E-05,3.75E-05,6.96E-05,2.45E-04,6.91E-05,6.29E-05,-1.10E-04,-9.57E-05,1.04E-05,-9.61E-05
2936,-1.64E-04,-7.27E-05,-1.11E-04,3.37E-05,-8.99E-05,-1.62E-04,3.90E-04,-1.03E-05,-7.41E-05,-6.28E-05,8.33E-05,3.20E-05,7.67E-05,2.50E-04,7.96E-05,6.39E-05,-1.07E-04,-9.17E-05,1.64E-05,-9.80E-05
2937,-1.25E-04,-5.68E-05,-1.02E-04,3.65E-05,-7.86E-05,-1.59E-04,3.95E-04,-4.80E-06,-7.13E-05,-6.94E-05,7.22E-05,2.63E-05,8.10E-05,2.54E-04,9.06E-05,6.44E-05,-1.05E-04,-8.64E-05,2.22E-05,-1.00E-04
2938,-8.55E-05,-3.94E-05,-9.12E-05,3.93E-05,-6.75E-05,-1.56E-04,3.98E-04,2.66E-07,-6.81E-05,-7.57E-05,6.11E-05,2.06E-05,8.24E-05,2.58E-04,1.02E-04,6.45E-05,-1.04E-04,-7.95E-05,2.78E-05,-1.02E-04
2939,-4.64E-05,-2.13E-05,-7.97E-05,4.24E-05,-5.67E-05,-1.53E-04,3.99E-04,5.05E-06,-6.47E-05,-8.16E-05,5.04E-05,1.51E-05,8.06E-05,2.60E-04,1.13E-04,6.42E-05,-1.03E-04,-7.13E-05,3.30E-05,-1.04E-04
2940,-9.63E-06,-2.98E-06,-6.72E-05,4.61E-05,-4.62E-05,-1.49E-04,3.98E-04,9.65E-06,-6.10E-05,-8.71E-05,4.06E-05,9.94E-06,7.60E-05,2.63E-04,1.23E-04,6.37E-05,-1.03E-04,-6.19E-05,3.79E-05,-1.07E-04
2941,2.35E-05,1.49E-05,-5.43E-05,5.04E-05,-3.62E-05,-1.46E-04,3.95E-04,1.42E-05,-5.73E-05,-9.21E-05,3.21E-05,5.34E-06,6.89E-05,2.65E-04,1.32E-04,6.30E-05,-1.03E-04,-5.14E-05,4.25E-05,-1.09E-04
2942,5.18E-05,3.20E-05,-4.11E-05,5.55E-05,-2.69E-05,-1.43E-04,3.89E-04,1.88E-05,-5.34E-05,-9.67E-05,2.53E-05,1.46E-06,5.98E-05,2.67E-04,1.40E-04,6.23E-05,-1.04E-04,-4.02E-05,4.66E-05,-1.11E-04
2943,7.46E-05,4.78E-05,-2.81E-05,6.16E-05,-1.82E-05,-1.39E-04,3.81E-04,2.36E-05,-4.97E-05,-1.01E-04,2.05E-05,-1.51E-06,4.93E-05,2.69E-04,1.47E-04,6.16E-05,-1.04E-04,-2.85E-05,5.04E-05,-1.14E-04
2944,9.14E-05,6.22E-05,-1.55E-05,6.86E-05,-1.03E-05,-1.36E-04,3.70E-04,2.86E-05,-4.61E-05,-1.04E-04,1.80E-05,-3.40E-06,3.83E-05,2.70E-04,1.53E-04,6.10E-05,-1.05E-04,-1.66E-05,5.38E-05,-1.16E-04
2945,1.02E-04,7.51E-05,-3.65E-06,7.65E-05,-3.06E-06,-1.33E-04,3.58E-04,3.39E-05,-4.27E-05,-1.08E-04,1.78E-05,-4.04E-06,2.75E-05,2.71E-04,1.57E-04,6.06E-05,-1.05E-04,-4.91E-06,5.69E-05,-1.19E-04
2946,1.07E-04,8.64E-05,7.26E-06,8.52E-05,3.46E-06,-1.30E-04,3.43E-04,3.95E-05,-3.96E-05,-1.10E-04,2.00E-05,-3.26E-06,1.80E-05,2.73E-04,1.59E-04,6.04E-05,-1.05E-04,6.31E-06,5.97E-05,-1.21E-04
2947,1.07E-04,9.63E-05,1.70E-05,9.45E-05,9.39E-06,-1.28E-04,3.26E-04,4.54E-05,-3.68E-05,-1.13E-04,2.44E-05,-9.58E-07,1.05E-05,2.74E-04,1.61E-04,6.04E-05,-1.05E-04,1.68E-05,6.23E-05,-1.23E-04
2948,1.03E-04,1.05E-04,2.56E-05,1.04E-04,1.48E-05,-1.26E-04,3.09E-04,5.18E-05,-3.42E-05,-1.15E-04,3.08E-05,2.98E-06,5.77E-06,2.76E-04,1.61E-04,6.08E-05,-1.03E-04,2.63E-05,6.48E-05,-1.25E-04
2949,9.47E-05,1.12E-04,3.29E-05,1.14E-04,2.00E-05,-1.24E-04,2.91E-04,5.84E-05,-3.19E-05,-1.17E-04,3.90E-05,8.59E-06,4.52E-06,2.78E-04,1.61E-04,6.16E-05,-1.01E-04,3.47E-05,6.73E-05,-1.27E-04
2950,8.40E-05,1.19E-04,3.90E-05,1.24E-04,2.50E-05,-1.22E-04,2.73E-04,6.55E-05,-2.97E-05,-1.18E-04,4.86E-05,1.59E-05,7.20E-06,2.80E-04,1.62E-04,6.29E-05,-9.79E-05,4.18E-05,6.99E-05,-1.28E-04
2951,7.17E-05,1.25E-04,4.40E-05,1.34E-04,3.01E-05,-1.20E-04,2.56E-04,7.28E-05,-2.75E-05,-1.19E-04,5.92E-05,2.48E-05,1.41E-05,2.83E-04,1.62E-04,6.46E-05,-9.34E-05,4.76E-05,7.26E-05,-1.29E-04
2952,5.87E-05,1.31E-04,4.82E-05,1.43E-04,3.55E-05,-1.18E-04,2.42E-04,8.05E-05,-2.53E-05,-1.20E-04,7.04E-05,3.53E-05,2.52E-05,2.86E-04,1.64E-04,6.70E-05,-8.73E-05,5.21E-05,7.55E-05,-1.29E-04
2953,4.59E-05,1.37E-04,5.17E-05,1.52E-04,4.14E-05,-1.16E-04,2.31E-04,8.86E-05,-2.29E-05,-1.20E-04,8.18E-05,4.72E-05,4.04E-05,2.90E-04,1.66E-04,6.99E-05,-7.98E-05,5.54E-05,7.86E-05,-1.29E-04
2954,3.40E-05,1.42E-04,5.50E-05,1.60E-04,4.78E-05,-1.14E-04,2.24E-04,9.69E-05,-2.02E-05,-1.19E-04,9.31E-05,6.03E-05,5.92E-05,2.96E-04,1.71E-04,7.35E-05,-7.05E-05,5.76E-05,8.21E-05,-1.28E-04
2955,2.36E-05,1.48E-04,5.83E-05,1.68E-04,5.50E-05,-1.11E-04,2.22E-04,1.06E-04,-1.71E-05,-1.18E-04,1.04E-04,7.43E-05,8.11E-05,3.02E-04,1.77E-04,7.78E-05,-5.96E-05,5.88E-05,8.58E-05,-1.26E-04
2956,1.52E-05,1.54E-04,6.19E-05,1.74E-04,6.31E-05,-1.08E-04,2.26E-04,1.15E-04,-1.36E-05,-1.17E-04,1.14E-04,8.90E-05,1.05E-04,3.09E-04,1.85E-04,8.28E-05,-4.70E-05,5.92E-05,8.98E-05,-1.24E-04
2957,8.96E-06,1.61E-04,6.61E-05,1.80E-04,7.19E-05,-1.05E-04,2.36E-04,1.24E-04,-9.64E-06,-1.15E-04,1.23E-04,1.04E-04,1.31E-04,3.17E-04,1.96E-04,8.85E-05,-3.28E-05,5.91E-05,9.40E-05,-1.21E-04
2958,4.97E-06,1.67E-04,7.12E-05,1.85E-04,8.16E-05,-1.01E-04,2.52E-04,1.33E-04,-5.14E-06,-1.12E-04,1.32E-04,1.19E-04,1.57E-04,3.26E-04,2.08E-04,9.48E-05,-1.71E-05,5.87E-05,9.84E-05,-1.18E-04
2959,3.23E-06,1.74E-04,7.73E-05,1.90E-04,9.19E-05,-9.68E-05,2.75E-04,1.43E-04,-1.51E-07,-1.10E-04,1.39E-04,1.35E-04,1.83E-04,3.36E-04,2.22E-04,1.02E-04,-2.73E-07,5.83E-05,1.03E-04,-1.14E-04
2960,3.62E-06,1.81E-04,8.46E-05,1.95E-04,1.03E-04,-9.21E-05,3.03E-04,1.53E-04,5.27E-06,-1.07E-04,1.45E-04,1.50E-04,2.07E-04,3.46E-04,2.38E-04,1.09E-04,1.75E-05,5.80E-05,1.08E-04,-1.09E-04
2961,5.92E-06,1.88E-04,9.32E-05,1.99E-04,1.14E-04,-8.71E-05,3.36E-04,1.64E-04,1.10E-05,-1.04E-04,1.51E-04,1.64E-04,2.30E-04,3.57E-04,2.55E-04,1.17E-04,3.60E-05,5.81E-05,1.12E-04,-1.05E-04
2962,9.90E-06,1.95E-04,1.03E-04,2.04E-04,1.26E-04,-8.18E-05,3.73E-04,1.75E-04,1.71E-05,-1.02E-04,1.56E-04,1.79E-04,2.49E-04,3.68E-04,2.72E-04,1.24E-04,5.47E-05,5.88E-05,1.17E-04,-9.95E-05
2963,1.53E-05,2.01E-04,1.14E-04,2.08E-04,1.38E-04,-7.65E-05,4.12E-04,1.85E-04,2.32E-05,-9.95E-05,1.60E-04,1.92E-04,2.66E-04,3.79E-04,2.90E-04,1.32E-04,7.32E-05,6.03E-05,1.21E-04,-9.42E-05
2964,2.18E-05,2.07E-04,1.25E-04,2.13E-04,1.49E-04,-7.13E-05,4.52E-04,1.96E-04,2.93E-05,-9.76E-05,1.65E-04,2.06E-04,2.79E-04,3.90E-04,3.07E-04,1.40E-04,9.13E-05,6.28E-05,1.25E-04,-8.90E-05
2965,2.93E-05,2.12E-04,1.38E-04,2.19E-04,1.60E-04,-6.62E-05,4.91E-04,2.07E-04,3.53E-05,-9.62E-05,1.69E-04,2.19E-04,2.88E-04,4.01E-04,3.23E-04,1.47E-04,1.08E-04,6.63E-05,1.29E-04,-8.38E-05
2966,3.73E-05,2.17E-04,1.50E-04,2.24E-04,1.71E-04,-6.15E-05,5.28E-04,2.18E-04,4.11E-05,-9.55E-05,1.73E-04,2.32E-04,2.95E-04,4.10E-04,3.38E-04,1.54E-04,1.24E-04,7.09E-05,1.33E-04,-7.89E-05
2967,4.59E-05,2.20E-04,1.63E-04,2.30E-04,1.81E-04,-5.71E-05,5.61E-04,2.28E-04,4.65E-05,-9.55E-05,1.77E-04,2.45E-04,2.98E-04,4.19E-04,3.51E-04,1.60E-04,1.39E-04,7.67E-05,1.37E-04,-7.43E-05
2968,5.46E-05,2.23E-04,1.75E-04,2.37E-04,1.90E-04,-5.32E-05,5.87E-04,2.39E-04,5.14E-05,-9.61E-05,1.81E-04,2.58E-04,2.98E-04,4.27E-04,3.62E-04,1.65E-04,1.51E-04,8.36E-05,1.41E-04,-7.01E-05
2969,6.34E-05,2.25E-04,1.87E-04,2.43E-04,1.98E-04,-4.99E-05,6.07E-04,2.49E-04,5.58E-05,-9.75E-05,1.85E-04,2.72E-04,2.97E-04,4.34E-04,3.71E-04,1.70E-04,1.62E-04,9.17E-05,1.44E-04,-6.65E-05
2970,7.20E-05,2.26E-04,1.98E-04,2.49E-04,2.05E-04,-4.72E-05,6.19E-04,2.58E-04,5.98E-05,-9.95E-05,1.90E-04,2.86E-04,2.95E-04,4.39E-04,3.77E-04,1.73E-04,1.71E-04,1.01E-04,1.48E-04,-6.34E-05
2971,8.03E-05,2.26E-04,2.08E-04,2.54E-04,2.11E-04,-4.50E-05,6.23E-04,2.67E-04,6.32E-05,-1.02E-04,1.94E-04,3.01E-04,2.91E-04,4.43E-04,3.81E-04,1.75E-04,1.78E-04,1.11E-04,1.51E-04,-6.10E-05
2972,8.82E-05,2.25E-04,2.16E-04,2.59E-04,2.17E-04,-4.33E-05,6.19E-04,2.75E-04,6.61E-05,-1.05E-04,1.97E-04,3.17E-04,2.88E-04,4.46E-04,3.83E-04,1.75E-04,1.83E-04,1.21E-04,1.55E-04,-5.91E-05
2973,9.54E-05,2.24E-04,2.23E-04,2.62E-04,2.21E-04,-4.21E-05,6.06E-04,2.83E-04,6.86E-05,-1.08E-04,2.00E-04,3.32E-04,2.86E-04,4.48E-04,3.82E-04,1.75E-04,1.87E-04,1.32E-04,1.58E-04,-5.79E-05
2974,1.02E-04,2.24E-04,2.29E-04,2.65E-04,2.25E-04,-4.13E-05,5.86E-04,2.90E-04,7.08E-05,-1.12E-04,2.02E-04,3.49E-04,2.84E-04,4.49E-04,3.80E-04,1.73E-04,1.90E-04,1.44E-04,1.61E-04,-5.74E-05
2975,1.07E-04,2.23E-04,2.33E-04,2.66E-04,2.29E-04,-4.09E-05,5.60E-04,2.96E-04,7.28E-05,-1.15E-04,2.03E-04,3.65E-04,2.84E-04,4.49E-04,3.77E-04,1.69E-04,1.91E-04,1.55E-04,1.65E-04,-5.73E-05
2976,1.12E-04,2.24E-04,2.37E-04,2.65E-04,2.31E-04,-4.07E-05,5.28E-04,3.02E-04,7.46E-05,-1.19E-04,2.02E-04,3.80E-04,2.86E-04,4.48E-04,3.72E-04,1.65E-04,1.92E-04,1.66E-04,1.68E-04,-5.79E-05
2977,1.15E-04,2.25E-04,2.39E-04,2.63E-04,2.34E-04,-4.06E-05,4.93E-04,3.07E-04,7.64E-05,-1.22E-04,2.00E-04,3.95E-04,2.89E-04,4.48E-04,3.68E-04,1.59E-04,1.93E-04,1.76E-04,1.71E-04,-5.88E-05
2978,1.18E-04,2.28E-04,2.41E-04,2.60E-04,2.36E-04,-4.07E-05,4.55E-04,3.12E-04,7.82E-05,-1.25E-04,1.98E-04,4.09E-04,2.93E-04,4.47E-04,3.63E-04,1.53E-04,1.94E-04,1.86E-04,1.74E-04,-6.02E-05
2979,1.19E-04,2.34E-04,2.42E-04,2.55E-04,2.38E-04,-4.09E-05,4.16E-04,3.17E-04,8.02E-05,-1.27E-04,1.93E-04,4.21E-04,2.99E-04,4.46E-04,3.58E-04,1.46E-04,1.96E-04,1.95E-04,1.77E-04,-6.18E-05
2980,1.18E-04,2.41E-04,2.43E-04,2.49E-04,2.40E-04,-4.11E-05,3.78E-04,3.21E-04,8.25E-05,-1.29E-04,1.88E-04,4.30E-04,3.07E-04,4.45E-04,3.54E-04,1.38E-04,1.99E-04,2.02E-04,1.79E-04,-6.37E-05
2981,1.17E-04,2.51E-04,2.44E-04,2.42E-04,2.42E-04,-4.14E-05,3.41E-04,3.25E-04,8.49E-05,-1.30E-04,1.83E-04,4.38E-04,3.14E-04,4.45E-04,3.51E-04,1.30E-04,2.02E-04,2.09E-04,1.81E-04,-6.56E-05
2982,1.15E-04,2.63E-04,2.45E-04,2.35E-04,2.44E-04,-4.17E-05,3.07E-04,3.29E-04,8.77E-05,-1.32E-04,1.76E-04,4.42E-04,3.22E-04,4.45E-04,3.49E-04,1.21E-04,2.07E-04,2.14E-04,1.83E-04,-6.76E-05
2983,1.13E-04,2.77E-04,2.48E-04,2.27E-04,2.45E-04,-4.23E-05,2.77E-04,3.33E-04,9.08E-05,-1.32E-04,1.70E-04,4.44E-04,3.30E-04,4.45E-04,3.48E-04,1.13E-04,2.12E-04,2.18E-04,1.83E-04,-6.94E-05
2984,1.10E-04,2.94E-04,2.50E-04,2.20E-04,2.47E-04,-4.30E-05,2.51E-04,3.37E-04,9.42E-05,-1.33E-04,1.65E-04,4.44E-04,3.37E-04,4.46E-04,3.48E-04,1.05E-04,2.19E-04,2.20E-04,1.84E-04,-7.10E-05
2985,1.07E-04,3.12E-04,2.54E-04,2.14E-04,2.48E-04,-4.40E-05,2.30E-04,3.41E-04,9.78E-05,-1.33E-04,1.60E-04,4.40E-04,3.44E-04,4.48E-04,3.49E-04,9.67E-05,2.28E-04,2.22E-04,1.83E-04,-7.22E-05
2986,1.04E-04,3.32E-04,2.59E-04,2.08E-04,2.49E-04,-4.53E-05,2.13E-04,3.46E-04,1.02E-04,-1.33E-04,1.57E-04,4.35E-04,3.50E-04,4.49E-04,3.51E-04,8.96E-05,2.37E-04,2.23E-04,1.82E-04,-7.30E-05
2987,1.02E-04,3.52E-04,2.64E-04,2.04E-04,2.50E-04,-4.69E-05,2.01E-04,3.50E-04,1.06E-04,-1.33E-04,1.55E-04,4.28E-04,3.54E-04,4.51E-04,3.53E-04,8.32E-05,2.47E-04,2.24E-04,1.81E-04,-7.33E-05
2988,1.01E-04,3.72E-04,2.70E-04,2.01E-04,2.51E-04,-4.89E-05,1.93E-04,3.55E-04,1.10E-04,-1.33E-04,1.56E-04,4.21E-04,3.58E-04,4.53E-04,3.56E-04,7.79E-05,2.58E-04,2.25E-04,1.79E-04,-7.28E-05
2989,1.01E-04,3.91E-04,2.77E-04,2.00E-04,2.51E-04,-5.14E-05,1.89E-04,3.60E-04,1.15E-04,-1.33E-04,1.59E-04,4.13E-04,3.61E-04,4.55E-04,3.59E-04,7.39E-05,2.69E-04,2.26E-04,1.77E-04,-7.17E-05
2990,1.03E-04,4.08E-04,2.85E-04,2.01E-04,2.52E-04,-5.41E-05,1.89E-04,3.65E-04,1.19E-04,-1.33E-04,1.65E-04,4.06E-04,3.64E-04,4.57E-04,3.62E-04,7.11E-05,2.80E-04,2.28E-04,1.75E-04,-6.98E-05
2991,1.06E-04,4.23E-04,2.92E-04,2.04E-04,2.52E-04,-5.72E-05,1.92E-04,3.71E-04,1.24E-04,-1.33E-04,1.73E-04,3.99E-04,3.66E-04,4.59E-04,3.65E-04,6.99E-05,2.92E-04,2.31E-04,1.73E-04,-6.71E-05
2992,1.12E-04,4.34E-04,3.00E-04,2.08E-04,2.52E-04,-6.05E-05,1.97E-04,3.76E-04,1.29E-04,-1.33E-04,1.83E-04,3.95E-04,3.69E-04,4.61E-04,3.68E-04,7.01E-05,3.04E-04,2.35E-04,1.71E-04,-6.35E-05
2993,1.20E-04,4.42E-04,3.07E-04,2.14E-04,2.53E-04,-6.38E-05,2.05E-04,3.81E-04,1.33E-04,-1.32E-04,1.96E-04,3.93E-04,3.72E-04,4.64E-04,3.70E-04,7.20E-05,3.16E-04,2.40E-04,1.70E-04,-5.91E-05
2994,1.30E-04,4.46E-04,3.15E-04,2.21E-04,2.53E-04,-6.71E-05,2.15E-04,3.87E-04,1.38E-04,-1.32E-04,2.10E-04,3.94E-04,3.76E-04,4.66E-04,3.72E-04,7.53E-05,3.28E-04,2.47E-04,1.69E-04,-5.39E-05
2995,1.42E-04,4.45E-04,3.21E-04,2.30E-04,2.53E-04,-7.02E-05,2.27E-04,3.92E-04,1.43E-04,-1.31E-04,2.26E-04,3.99E-04,3.81E-04,4.68E-04,3.73E-04,8.02E-05,3.39E-04,2.56E-04,1.69E-04,-4.80E-05
2996,1.57E-04,4.41E-04,3.28E-04,2.38E-04,2.54E-04,-7.30E-05,2.40E-04,3.98E-04,1.47E-04,-1.30E-04,2.42E-04,4.06E-04,3.88E-04,4.71E-04,3.74E-04,8.65E-05,3.51E-04,2.66E-04,1.70E-04,-4.15E-05
2997,1.73E-04,4.34E-04,3.33E-04,2.48E-04,2.55E-04,-7.53E-05,2.55E-04,4.03E-04,1.51E-04,-1.29E-04,2.59E-04,4.16E-04,3.96E-04,4.74E-04,3.75E-04,9.41E-05,3.62E-04,2.78E-04,1.72E-04,-3.45E-05
2998,1.91E-04,4.24E-04,3.38E-04,2.57E-04,2.56E-04,-7.69E-05,2.72E-04,4.08E-04,1.55E-04,-1.27E-04,2.76E-04,4.30E-04,4.05E-04,4.77E-04,3.75E-04,1.03E-04,3.74E-04,2.90E-04,1.75E-04,-2.71E-05
2999,2.11E-04,4.11E-04,3.43E-04,2.66E-04,2.58E-04,-7.79E-05,2.90E-04,4.12E-04,1.59E-04,-1.25E-04,2.91E-04,4.45E-04,4.15E-04,4.81E-04,3.75E-04,1.12E-04,3.85E-04,3.03E-04,1.78E-04,-1.95E-05
3000,2.31E-04,3.98E-04,3.46E-04,2.74E-04,2.60E-04,-7.80E-05,3.09E-04,4.16E-04,1.63E-04,-1.23E-04,3.05E-04,4.62E-04,4.26E-04,4.84E-04,3.75E-04,1.22E-04,3.96E-04,3.17E-04,1.83E-04,-1.18E-05
3001,2.52E-04,3.86E-04,3.50E-04,2.81E-04,2.62E-04,-7.75E-05,3.29E-04,4.20E-04,1.66E-04,-1.21E-04,3.18E-04,4.80E-04,4.38E-04,4.88E-04,3.75E-04,1.33E-04,4.07E-04,3.31E-04,1.88E-04,-4.24E-06
3002,2.73E-04,3.74E-04,3.53E-04,2.87E-04,2.64E-04,-7.62E-05,3.50E-04,4.24E-04,1.69E-04,-1.19E-04,3.28E-04,4.98E-04,4.51E-04,4.92E-04,3.76E-04,1.43E-04,4.17E-04,3.44E-04,1.94E-04,3.01E-06
3003,2.94E-04,3.65E-04,3.55E-04,2.92E-04,2.66E-04,-7.43E-05,3.70E-04,4.27E-04,1.70E-04,-1.17E-04,3.35E-04,5.15E-04,4.62E-04,4.95E-04,3.76E-04,1.54E-04,4.28E-04,3.56E-04,2.00E-04,9.79E-06
3004,3.13E-04,3.59E-04,3.58E-04,2.95E-04,2.67E-04,-7.18E-05,3.89E-04,4.29E-04,1.72E-04,-1.15E-04,3.40E-04,5.31E-04,4.73E-04,4.98E-04,3.76E-04,1.63E-04,4.38E-04,3.68E-04,2.06E-04,1.59E-05
3005,3.31E-04,3.58E-04,3.60E-04,2.97E-04,2.68E-04,-6.91E-05,4.07E-04,4.30E-04,1.72E-04,-1.14E-04,3.41E-04,5.44E-04,4.83E-04,5.01E-04,3.77E-04,1.72E-04,4.48E-04,3.78E-04,2.12E-04,2.14E-05
3006,3.47E-04,3.61E-04,3.63E-04,2.98E-04,2.69E-04,-6.62E-05,4.22E-04,4.31E-04,1.71E-04,-1.14E-04,3.40E-04,5.55E-04,4.92E-04,5.03E-04,3.77E-04,1.80E-04,4.57E-04,3.87E-04,2.18E-04,2.59E-05
3007,3.59E-04,3.69E-04,3.66E-04,2.97E-04,2.69E-04,-6.34E-05,4.33E-04,4.30E-04,1.70E-04,-1.15E-04,3.37E-04,5.63E-04,4.98E-04,5.03E-04,3.77E-04,1.87E-04,4.65E-04,3.93E-04,2.23E-04,2.94E-05
3008,3.68E-04,3.82E-04,3.68E-04,2.95E-04,2.68E-04,-6.10E-05,4.39E-04,4.28E-04,1.67E-04,-1.17E-04,3.31E-04,5.67E-04,5.02E-04,5.03E-04,3.76E-04,1.92E-04,4.72E-04,3.99E-04,2.27E-04,3.20E-05
3009,3.72E-04,3.99E-04,3.71E-04,2.92E-04,2.66E-04,-5.91E-05,4.40E-04,4.25E-04,1.63E-04,-1.20E-04,3.23E-04,5.67E-04,5.04E-04,5.00E-04,3.74E-04,1.95E-04,4.78E-04,4.02E-04,2.30E-04,3.34E-05
3010,3.72E-04,4.19E-04,3.73E-04,2.88E-04,2.62E-04,-5.80E-05,4.35E-04,4.20E-04,1.58E-04,-1.25E-04,3.13E-04,5.65E-04,5.03E-04,4.95E-04,3.71E-04,1.97E-04,4.83E-04,4.04E-04,2.32E-04,3.37E-05
3011,3.66E-04,4.43E-04,3.75E-04,2.84E-04,2.58E-04,-5.78E-05,4.23E-04,4.13E-04,1.52E-04,-1.31E-04,3.02E-04,5.59E-04,5.00E-04,4.89E-04,3.67E-04,1.97E-04,4.87E-04,4.05E-04,2.33E-04,3.30E-05
3012,3.54E-04,4.67E-04,3.77E-04,2.78E-04,2.52E-04,-5.87E-05,4.04E-04,4.04E-04,1.45E-04,-1.38E-04,2.90E-04,5.50E-04,4.95E-04,4.80E-04,3.62E-04,1.94E-04,4.90E-04,4.04E-04,2.32E-04,3.12E-05
3013,3.37E-04,4.92E-04,3.77E-04,2.71E-04,2.45E-04,-6.08E-05,3.78E-04,3.94E-04,1.37E-04,-1.47E-04,2.77E-04,5.38E-04,4.88E-04,4.69E-04,3.54E-04,1.90E-04,4.91E-04,4.02E-04,2.29E-04,2.84E-05
3014,3.14E-04,5.15E-04,3.77E-04,2.64E-04,2.37E-04,-6.41E-05,3.46E-04,3.81E-04,1.28E-04,-1.56E-04,2.64E-04,5.25E-04,4.79E-04,4.56E-04,3.45E-04,1.84E-04,4.91E-04,4.00E-04,2.25E-04,2.47E-05
3015,2.84E-04,5.35E-04,3.76E-04,2.56E-04,2.28E-04,-6.86E-05,3.07E-04,3.66E-04,1.18E-04,-1.67E-04,2.50E-04,5.10E-04,4.69E-04,4.41E-04,3.33E-04,1.77E-04,4.89E-04,3.97E-04,2.20E-04,2.01E-05
3016,2.50E-04,5.50E-04,3.73E-04,2.48E-04,2.18E-04,-7.43E-05,2.64E-04,3.49E-04,1.07E-04,-1.79E-04,2.38E-04,4.94E-04,4.57E-04,4.23E-04,3.20E-04,1.68E-04,4.86E-04,3.94E-04,2.14E-04,1.48E-05
3017,2.12E-04,5.60E-04,3.69E-04,2.38E-04,2.07E-04,-8.09E-05,2.17E-04,3.30E-04,9.59E-05,-1.91E-04,2.25E-04,4.77E-04,4.46E-04,4.05E-04,3.04E-04,1.57E-04,4.83E-04,3.90E-04,2.06E-04,8.84E-06
3018,1.70E-04,5.64E-04,3.63E-04,2.29E-04,1.95E-04,-8.83E-05,1.67E-04,3.09E-04,8.44E-05,-2.03E-04,2.13E-04,4.59E-04,4.34E-04,3.85E-04,2.86E-04,1.45E-04,4.78E-04,3.86E-04,1.97E-04,2.34E-06
3019,1.25E-04,5.60E-04,3.55E-04,2.18E-04,1.83E-04,-9.63E-05,1.16E-04,2.86E-04,7.28E-05,-2.15E-04,2.02E-04,4.41E-04,4.22E-04,3.64E-04,2.67E-04,1.32E-04,4.72E-04,3.81E-04,1.88E-04,-4.56E-06
3020,8.01E-05,5.50E-04,3.45E-04,2.07E-04,1.70E-04,-1.05E-04,6.59E-05,2.62E-04,6.13E-05,-2.27E-04,1.91E-04,4.23E-04,4.11E-04,3.44E-04,2.46E-04,1.18E-04,4.66E-04,3.76E-04,1.78E-04,-1.17E-05
3021,3.55E-05,5.32E-04,3.34E-04,1.95E-04,1.58E-04,-1.13E-04,1.69E-05,2.38E-04,4.99E-05,-2.38E-04,1.81E-04,4.04E-04,4.00E-04,3.23E-04,2.24E-04,1.04E-04,4.59E-04,3.71E-04,1.67E-04,-1.90E-05
3022,-7.13E-06,5.08E-04,3.21E-04,1.83E-04,1.45E-04,-1.22E-04,-2.94E-05,2.12E-04,3.89E-05,-2.48E-04,1.72E-04,3.85E-04,3.90E-04,3.02E-04,2.01E-04,8.98E-05,4.52E-04,3.65E-04,1.57E-04,-2.63E-05
3023,-4.63E-05,4.78E-04,3.07E-04,1.70E-04,1.33E-04,-1.30E-04,-7.22E-05,1.86E-04,2.84E-05,-2.57E-04,1.64E-04,3.66E-04,3.81E-04,2.83E-04,1.78E-04,7.55E-05,4.44E-04,3.58E-04,1.46E-04,-3.33E-05
3024,-8.07E-05,4.44E-04,2.92E-04,1.57E-04,1.21E-04,-1.38E-04,-1.11E-04,1.60E-04,1.86E-05,-2.65E-04,1.56E-04,3.46E-04,3.73E-04,2.65E-04,1.55E-04,6.17E-05,4.36E-04,3.50E-04,1.36E-04,-4.00E-05
3025,-1.09E-04,4.06E-04,2.76E-04,1.45E-04,1.10E-04,-1.44E-04,-1.44E-04,1.34E-04,9.44E-06,-2.71E-04,1.49E-04,3.26E-04,3.67E-04,2.49E-04,1.32E-04,4.85E-05,4.28E-04,3.42E-04,1.26E-04,-4.62E-05
3026,-1.31E-04,3.66E-04,2.60E-04,1.32E-04,9.89E-05,-1.50E-04,-1.73E-04,1.10E-04,1.10E-06,-2.76E-04,1.43E-04,3.05E-04,3.61E-04,2.34E-04,1.09E-04,3.62E-05,4.21E-04,3.32E-04,1.16E-04,-5.16E-05
3027,-1.46E-04,3.26E-04,2.44E-04,1.20E-04,8.88E-05,-1.55E-04,-1.97E-04,8.59E-05,-6.38E-06,-2.79E-04,1.38E-04,2.84E-04,3.57E-04,2.22E-04,8.78E-05,2.52E-05,4.13E-04,3.21E-04,1.07E-04,-5.62E-05
3028,-1.54E-04,2.86E-04,2.28E-04,1.09E-04,7.96E-05,-1.59E-04,-2.16E-04,6.34E-05,-1.30E-05,-2.81E-04,1.34E-04,2.62E-04,3.53E-04,2.11E-04,6.78E-05,1.55E-05,4.06E-04,3.10E-04,9.92E-05,-5.97E-05
3029,-1.54E-04,2.49E-04,2.13E-04,9.88E-05,7.13E-05,-1.61E-04,-2.31E-04,4.25E-05,-1.87E-05,-2.81E-04,1.30E-04,2.41E-04,3.51E-04,2.03E-04,4.96E-05,7.49E-06,3.99E-04,2.98E-04,9.21E-05,-6.20E-05
3030,-1.49E-04,2.16E-04,1.98E-04,9.01E-05,6.41E-05,-1.63E-04,-2.42E-04,2.33E-05,-2.35E-05,-2.79E-04,1.28E-04,2.20E-04,3.50E-04,1.97E-04,3.33E-05,1.18E-06,3.92E-04,2.86E-04,8.61E-05,-6.31E-05
3031,-1.37E-04,1.87E-04,1.85E-04,8.31E-05,5.80E-05,-1.63E-04,-2.51E-04,5.92E-06,-2.75E-05,-2.76E-04,1.27E-04,2.00E-04,3.50E-04,1.93E-04,1.91E-05,-3.29E-06,3.87E-04,2.73E-04,8.12E-05,-6.27E-05
3032,-1.21E-04,1.62E-04,1.73E-04,7.79E-05,5.30E-05,-1.62E-04,-2.56E-04,-9.64E-06,-3.07E-05,-2.71E-04,1.27E-04,1.82E-04,3.50E-04,1.91E-04,7.24E-06,-5.88E-06,3.82E-04,2.61E-04,7.74E-05,-6.09E-05
3033,-1.01E-04,1.43E-04,1.63E-04,7.48E-05,4.92E-05,-1.59E-04,-2.59E-04,-2.34E-05,-3.31E-05,-2.65E-04,1.28E-04,1.66E-04,3.52E-04,1.91E-04,-2.28E-06,-6.60E-06,3.78E-04,2.49E-04,7.47E-05,-5.76E-05
3034,-7.90E-05,1.29E-04,1.54E-04,7.38E-05,4.68E-05,-1.56E-04,-2.61E-04,-3.53E-05,-3.48E-05,-2.58E-04,1.29E-04,1.53E-04,3.54E-04,1.92E-04,-9.41E-06,-5.52E-06,3.75E-04,2.38E-04,7.31E-05,-5.29E-05
3035,-5.63E-05,1.20E-04,1.47E-04,7.49E-05,4.56E-05,-1.51E-04,-2.60E-04,-4.57E-05,-3.58E-05,-2.50E-04,1.32E-04,1.43E-04,3.56E-04,1.95E-04,-1.41E-05,-2.76E-06,3.73E-04,2.28E-04,7.26E-05,-4.68E-05
3036,-3.39E-05,1.16E-04,1.41E-04,7.82E-05,4.59E-05,-1.45E-04,-2.58E-04,-5.45E-05,-3.62E-05,-2.41E-04,1.36E-04,1.37E-04,3.59E-04,1.98E-04,-1.66E-05,1.50E-06,3.72E-04,2.19E-04,7.31E-05,-3.94E-05
3037,-1.30E-05,1.15E-04,1.37E-04,8.33E-05,4.75E-05,-1.38E-04,-2.55E-04,-6.20E-05,-3.62E-05,-2.31E-04,1.40E-04,1.35E-04,3.62E-04,2.01E-04,-1.68E-05,7.05E-06,3.73E-04,2.12E-04,7.45E-05,-3.10E-05
3038,5.73E-06,1.17E-04,1.34E-04,9.02E-05,5.04E-05,-1.30E-04,-2.50E-04,-6.83E-05,-3.56E-05,-2.20E-04,1.44E-04,1.36E-04,3.64E-04,2.06E-04,-1.49E-05,1.36E-05,3.75E-04,2.06E-04,7.68E-05,-2.17E-05
3039,2.16E-05,1.22E-04,1.32E-04,9.86E-05,5.47E-05,-1.21E-04,-2.43E-04,-7.37E-05,-3.47E-05,-2.09E-04,1.49E-04,1.42E-04,3.67E-04,2.10E-04,-1.12E-05,2.10E-05,3.77E-04,2.02E-04,7.98E-05,-1.18E-05
3040,3.43E-05,1.27E-04,1.31E-04,1.08E-04,6.03E-05,-1.11E-04,-2.34E-04,-7.82E-05,-3.35E-05,-1.97E-04,1.53E-04,1.51E-04,3.68E-04,2.14E-04,-5.73E-06,2.88E-05,3.81E-04,1.99E-04,8.33E-05,-1.47E-06
3041,4.40E-05,1.34E-04,1.31E-04,1.18E-04,6.70E-05,-1.01E-04,-2.23E-04,-8.21E-05,-3.19E-05,-1.85E-04,1.56E-04,1.62E-04,3.70E-04,2.17E-04,1.14E-06,3.67E-05,3.84E-04,1.98E-04,8.73E-05,8.95E-06
3042,5.08E-05,1.40E-04,1.31E-04,1.29E-04,7.49E-05,-8.96E-05,-2.11E-04,-8.54E-05,-3.02E-05,-1.72E-04,1.59E-04,1.76E-04,3.70E-04,2.20E-04,9.20E-06,4.45E-05,3.88E-04,1.97E-04,9.16E-05,1.92E-05
3043,5.52E-05,1.45E-04,1.31E-04,1.40E-04,8.37E-05,-7.78E-05,-1.97E-04,-8.82E-05,-2.83E-05,-1.59E-04,1.60E-04,1.92E-04,3.69E-04,2.22E-04,1.82E-05,5.19E-05,3.92E-04,1.97E-04,9.61E-05,2.91E-05
3044,5.81E-05,1.49E-04,1.31E-04,1.50E-04,9.33E-05,-6.56E-05,-1.81E-04,-9.06E-05,-2.63E-05,-1.47E-04,1.59E-04,2.07E-04,3.67E-04,2.23E-04,2.78E-05,5.87E-05,3.96E-04,1.98E-04,1.01E-04,3.83E-05
3045,6.03E-05,1.52E-04,1.31E-04,1.59E-04,1.03E-04,-5.32E-05,-1.66E-04,-9.27E-05,-2.42E-05,-1.34E-04,1.57E-04,2.22E-04,3.64E-04,2.22E-04,3.78E-05,6.46E-05,3.98E-04,1.98E-04,1.05E-04,4.68E-05
3046,6.26E-05,1.54E-04,1.31E-04,1.68E-04,1.14E-04,-4.06E-05,-1.50E-04,-9.44E-05,-2.21E-05,-1.22E-04,1.53E-04,2.36E-04,3.60E-04,2.21E-04,4.78E-05,6.94E-05,4.00E-04,1.98E-04,1.10E-04,5.43E-05
3047,6.58E-05,1.55E-04,1.30E-04,1.75E-04,1.25E-04,-2.82E-05,-1.36E-04,-9.57E-05,-2.01E-05,-1.10E-04,1.47E-04,2.46E-04,3.55E-04,2.18E-04,5.76E-05,7.31E-05,4.00E-04,1.98E-04,1.14E-04,6.07E-05
3048,7.06E-05,1.54E-04,1.29E-04,1.82E-04,1.36E-04,-1.62E-05,-1.23E-04,-9.66E-05,-1.81E-05,-9.82E-05,1.39E-04,2.54E-04,3.49E-04,2.14E-04,6.69E-05,7.56E-05,3.98E-04,1.97E-04,1.18E-04,6.61E-05
3049,7.74E-05,1.53E-04,1.28E-04,1.86E-04,1.46E-04,-4.69E-06,-1.14E-04,-9.71E-05,-1.63E-05,-8.72E-05,1.29E-04,2.57E-04,3.42E-04,2.09E-04,7.55E-05,7.68E-05,3.94E-04,1.95E-04,1.22E-04,7.04E-05
3050,8.65E-05,1.52E-04,1.27E-04,1.90E-04,1.56E-04,6.01E-06,-1.07E-04,-9.71E-05,-1.46E-05,-7.69E-05,1.18E-04,2.56E-04,3.35E-04,2.02E-04,8.31E-05,7.67E-05,3.88E-04,1.92E-04,1.25E-04,7.37E-05
3051,9.78E-05,1.50E-04,1.25E-04,1.92E-04,1.66E-04,1.57E-05,-1.05E-04,-9.68E-05,-1.32E-05,-6.74E-05,1.05E-04,2.51E-04,3.28E-04,1.93E-04,8.96E-05,7.54E-05,3.80E-04,1.88E-04,1.28E-04,7.61E-05
3052,1.11E-04,1.49E-04,1.22E-04,1.93E-04,1.74E-04,2.42E-05,-1.08E-04,-9.59E-05,-1.19E-05,-5.86E-05,9.15E-05,2.41E-04,3.22E-04,1.84E-04,9.48E-05,7.28E-05,3.71E-04,1.84E-04,1.31E-04,7.77E-05
3053,1.25E-04,1.47E-04,1.20E-04,1.93E-04,1.82E-04,3.13E-05,-1.15E-04,-9.47E-05,-1.09E-05,-5.08E-05,7.72E-05,2.27E-04,3.16E-04,1.72E-04,9.85E-05,6.90E-05,3.59E-04,1.78E-04,1.34E-04,7.86E-05
3054,1.39E-04,1.46E-04,1.17E-04,1.93E-04,1.89E-04,3.69E-05,-1.26E-04,-9.32E-05,-1.02E-05,-4.39E-05,6.26E-05,2.10E-04,3.10E-04,1.60E-04,1.01E-04,6.40E-05,3.46E-04,1.73E-04,1.36E-04,7.91E-05
3055,1.52E-04,1.45E-04,1.14E-04,1.92E-04,1.94E-04,4.09E-05,-1.42E-04,-9.15E-05,-9.83E-06,-3.79E-05,4.82E-05,1.91E-04,3.05E-04,1.47E-04,1.01E-04,5.80E-05,3.31E-04,1.66E-04,1.38E-04,7.92E-05
3056,1.62E-04,1.43E-04,1.10E-04,1.91E-04,1.99E-04,4.33E-05,-1.60E-04,-8.97E-05,-9.71E-06,-3.29E-05,3.44E-05,1.70E-04,3.01E-04,1.32E-04,1.01E-04,5.09E-05,3.16E-04,1.60E-04,1.40E-04,7.91E-05
3057,1.70E-04,1.42E-04,1.07E-04,1.90E-04,2.02E-04,4.41E-05,-1.81E-04,-8.79E-05,-9.88E-06,-2.87E-05,2.16E-05,1.49E-04,2.98E-04,1.17E-04,9.82E-05,4.27E-05,3.00E-04,1.54E-04,1.42E-04,7.89E-05
3058,1.72E-04,1.39E-04,1.02E-04,1.88E-04,2.04E-04,4.33E-05,-2.01E-04,-8.63E-05,-1.03E-05,-2.54E-05,1.00E-05,1.28E-04,2.95E-04,1.01E-04,9.45E-05,3.36E-05,2.83E-04,1.47E-04,1.43E-04,7.86E-05
3059,1.70E-04,1.35E-04,9.74E-05,1.87E-04,2.06E-04,4.10E-05,-2.21E-04,-8.51E-05,-1.10E-05,-2.28E-05,-4.40E-08,1.09E-04,2.93E-04,8.44E-05,8.96E-05,2.34E-05,2.67E-04,1.41E-04,1.43E-04,7.83E-05
3060,1.62E-04,1.29E-04,9.20E-05,1.87E-04,2.06E-04,3.75E-05,-2.38E-04,-8.45E-05,-1.19E-05,-2.08E-05,-8.44E-06,9.28E-05,2.90E-04,6.75E-05,8.37E-05,1.22E-05,2.51E-04,1.34E-04,1.44E-04,7.80E-05
3061,1.48E-04,1.21E-04,8.60E-05,1.86E-04,2.05E-04,3.29E-05,-2.51E-04,-8.45E-05,-1.30E-05,-1.93E-05,-1.51E-05,7.94E-05,2.87E-04,5.03E-05,7.71E-05,1.69E-07,2.35E-04,1.27E-04,1.43E-04,7.76E-05
3062,1.27E-04,1.11E-04,7.93E-05,1.86E-04,2.04E-04,2.75E-05,-2.58E-04,-8.53E-05,-1.42E-05,-1.82E-05,-2.00E-05,6.97E-05,2.84E-04,3.30E-05,6.98E-05,-1.28E-05,2.20E-04,1.20E-04,1.43E-04,7.70E-05
3063,1.02E-04,9.77E-05,7.18E-05,1.86E-04,2.02E-04,2.16E-05,-2.60E-04,-8.70E-05,-1.55E-05,-1.73E-05,-2.31E-05,6.39E-05,2.79E-04,1.58E-05,6.22E-05,-2.65E-05,2.05E-04,1.12E-04,1.41E-04,7.63E-05
3064,7.22E-05,8.24E-05,6.35E-05,1.86E-04,2.00E-04,1.55E-05,-2.55E-04,-8.97E-05,-1.67E-05,-1.64E-05,-2.48E-05,6.23E-05,2.73E-04,-1.16E-06,5.47E-05,-4.10E-05,1.91E-04,1.04E-04,1.39E-04,7.54E-05
3065,3.94E-05,6.49E-05,5.44E-05,1.85E-04,1.98E-04,9.35E-06,-2.43E-04,-9.31E-05,-1.79E-05,-1.54E-05,-2.50E-05,6.45E-05,2.65E-04,-1.78E-05,4.73E-05,-5.59E-05,1.78E-04,9.42E-05,1.36E-04,7.41E-05
3066,5.09E-06,4.56E-05,4.47E-05,1.84E-04,1.96E-04,3.56E-06,-2.24E-04,-9.74E-05,-1.88E-05,-1.41E-05,-2.41E-05,7.01E-05,2.56E-04,-3.40E-05,4.05E-05,-7.11E-05,1.64E-04,8.35E-05,1.33E-04,7.26E-05
3067,-2.90E-05,2.50E-05,3.44E-05,1.83E-04,1.94E-04,-1.65E-06,-2.00E-04,-1.02E-04,-1.95E-05,-1.23E-05,-2.24E-05,7.87E-05,2.45E-04,-4.97E-05,3.44E-05,-8.63E-05,1.52E-04,7.15E-05,1.30E-04,7.07E-05
3068,-6.12E-05,3.93E-06,2.36E-05,1.81E-04,1.92E-04,-6.05E-06,-1.71E-04,-1.08E-04,-1.98E-05,-9.87E-06,-2.01E-05,8.95E-05,2.33E-04,-6.48E-05,2.93E-05,-1.01E-04,1.39E-04,5.81E-05,1.26E-04,6.85E-05
3069,-8.96E-05,-1.68E-05,1.25E-05,1.78E-04,1.90E-04,-9.44E-06,-1.39E-04,-1.13E-04,-1.97E-05,-6.70E-06,-1.75E-05,1.02E-04,2.19E-04,-7.92E-05,2.54E-05,-1.16E-04,1.26E-04,4.36E-05,1.22E-04,6.62E-05
3070,-1.13E-04,-3.64E-05,1.45E-06,1.75E-04,1.89E-04,-1.17E-05,-1.05E-04,-1.19E-04,-1.89E-05,-2.65E-06,-1.48E-05,1.14E-04,2.05E-04,-9.28E-05,2.29E-05,-1.29E-04,1.14E-04,2.81E-05,1.17E-04,6.39E-05
3071,-1.29E-04,-5.38E-05,-9.37E-06,1.71E-04,1.88E-04,-1.26E-05,-7.15E-05,-1.24E-04,-1.75E-05,2.37E-06,-1.24E-05,1.27E-04,1.91E-04,-1.06E-04,2.19E-05,-1.42E-04,1.02E-04,1.19E-05,1.14E-04,6.18E-05
3072,-1.38E-04,-6.82E-05,-1.96E-05,1.66E-04,1.88E-04,-1.22E-05,-3.98E-05,-1.28E-04,-1.53E-05,8.41E-06,-1.04E-05,1.39E-04,1.77E-04,-1.18E-04,2.27E-05,-1.52E-04,9.00E-05,-4.54E-06,1.11E-04,6.01E-05
3073,-1.38E-04,-7.89E-05,-2.91E-05,1.61E-04,1.89E-04,-1.05E-05,-1.15E-05,-1.31E-04,-1.23E-05,1.55E-05,-8.88E-06,1.49E-04,1.65E-04,-1.29E-04,2.52E-05,-1.61E-04,7.85E-05,-2.07E-05,1.08E-04,5.91E-05
3074,-1.31E-04,-8.53E-05,-3.74E-05,1.55E-04,1.90E-04,-7.43E-06,1.22E-05,-1.33E-04,-8.37E-06,2.37E-05,-8.06E-06,1.58E-04,1.54E-04,-1.38E-04,2.95E-05,-1.68E-04,6.78E-05,-3.61E-05,1.07E-04,5.91E-05
3075,-1.15E-04,-8.70E-05,-4.42E-05,1.49E-04,1.92E-04,-3.10E-06,3.03E-05,-1.32E-04,-3.47E-06,3.28E-05,-7.97E-06,1.64E-04,1.46E-04,-1.47E-04,3.57E-05,-1.73E-04,5.81E-05,-5.01E-05,1.08E-04,6.03E-05
3076,-9.18E-05,-8.37E-05,-4.93E-05,1.44E-04,1.95E-04,2.41E-06,4.22E-05,-1.29E-04,2.42E-06,4.29E-05,-8.62E-06,1.69E-04,1.41E-04,-1.55E-04,4.38E-05,-1.75E-04,4.97E-05,-6.20E-05,1.10E-04,6.29E-05
3077,-6.27E-05,-7.56E-05,-5.25E-05,1.39E-04,1.99E-04,8.96E-06,4.80E-05,-1.24E-04,9.34E-06,5.37E-05,-9.97E-06,1.72E-04,1.39E-04,-1.61E-04,5.37E-05,-1.76E-04,4.29E-05,-7.13E-05,1.13E-04,6.72E-05
3078,-2.88E-05,-6.29E-05,-5.36E-05,1.34E-04,2.04E-04,1.64E-05,4.79E-05,-1.15E-04,1.73E-05,6.52E-05,-1.20E-05,1.73E-04,1.41E-04,-1.66E-04,6.55E-05,-1.74E-04,3.80E-05,-7.76E-05,1.19E-04,7.33E-05
3079,8.02E-06,-4.61E-05,-5.24E-05,1.31E-04,2.10E-04,2.46E-05,4.26E-05,-1.04E-04,2.62E-05,7.72E-05,-1.45E-05,1.72E-04,1.46E-04,-1.70E-04,7.89E-05,-1.70E-04,3.52E-05,-8.04E-05,1.27E-04,8.12E-05
3080,4.63E-05,-2.59E-05,-4.88E-05,1.28E-04,2.16E-04,3.33E-05,3.34E-05,-8.94E-05,3.60E-05,8.94E-05,-1.75E-05,1.72E-04,1.54E-04,-1.72E-04,9.38E-05,-1.64E-04,3.46E-05,-7.96E-05,1.36E-04,9.09E-05
3081,8.42E-05,-3.31E-06,-4.30E-05,1.27E-04,2.24E-04,4.24E-05,2.14E-05,-7.18E-05,4.67E-05,1.02E-04,-2.07E-05,1.71E-04,1.65E-04,-1.72E-04,1.10E-04,-1.57E-04,3.63E-05,-7.51E-05,1.48E-04,1.02E-04
3082,1.20E-04,2.09E-05,-3.49E-05,1.28E-04,2.31E-04,5.16E-05,8.10E-06,-5.13E-05,5.82E-05,1.13E-04,-2.40E-05,1.70E-04,1.77E-04,-1.71E-04,1.28E-04,-1.48E-04,4.02E-05,-6.71E-05,1.61E-04,1.15E-04
3083,1.53E-04,4.55E-05,-2.47E-05,1.29E-04,2.40E-04,6.09E-05,-4.95E-06,-2.80E-05,7.03E-05,1.25E-04,-2.72E-05,1.71E-04,1.91E-04,-1.68E-04,1.46E-04,-1.39E-04,4.60E-05,-5.57E-05,1.76E-04,1.29E-04
3084,1.82E-04,6.97E-05,-1.26E-05,1.32E-04,2.48E-04,7.00E-05,-1.64E-05,-2.21E-06,8.29E-05,1.35E-04,-3.03E-05,1.73E-04,2.05E-04,-1.64E-04,1.65E-04,-1.30E-04,5.34E-05,-4.16E-05,1.91E-04,1.44E-04
3085,2.06E-04,9.24E-05,1.18E-06,1.36E-04,2.57E-04,7.87E-05,-2.51E-05,2.58E-05,9.59E-05,1.45E-04,-3.29E-05,1.76E-04,2.19E-04,-1.58E-04,1.85E-04,-1.21E-04,6.20E-05,-2.52E-05,2.07E-04,1.59E-04
3086,2.24E-04,1.13E-04,1.63E-05,1.41E-04,2.66E-04,8.70E-05,-3.02E-05,5.55E-05,1.09E-04,1.53E-04,-3.49E-05,1.82E-04,2.31E-04,-1.51E-04,2.05E-04,-1.11E-04,7.12E-05,-7.25E-06,2.24E-04,1.74E-04
3087,2.37E-04,1.30E-04,3.25E-05,1.47E-04,2.75E-04,9.46E-05,-3.11E-05,8.65E-05,1.22E-04,1.60E-04,-3.61E-05,1.89E-04,2.42E-04,-1.42E-04,2.24E-04,-1.03E-04,8.03E-05,1.14E-05,2.40E-04,1.88E-04
3088,2.45E-04,1.44E-04,4.93E-05,1.54E-04,2.84E-04,1.01E-04,-2.78E-05,1.18E-04,1.35E-04,1.65E-04,-3.65E-05,1.97E-04,2.49E-04,-1.33E-04,2.44E-04,-9.50E-05,8.89E-05,3.00E-05,2.56E-04,2.01E-04
3089,2.49E-04,1.55E-04,6.64E-05,1.61E-04,2.92E-04,1.08E-04,-2.05E-05,1.50E-04,1.48E-04,1.69E-04,-3.58E-05,2.07E-04,2.54E-04,-1.23E-04,2.62E-04,-8.78E-05,9.63E-05,4.77E-05,2.71E-04,2.13E-04
3090,2.49E-04,1.61E-04,8.35E-05,1.68E-04,3.00E-04,1.13E-04,-9.79E-06,1.82E-04,1.61E-04,1.71E-04,-3.40E-05,2.17E-04,2.55E-04,-1.12E-04,2.79E-04,-8.14E-05,1.02E-04,6.38E-05,2.84E-04,2.24E-04
3091,2.47E-04,1.65E-04,1.00E-04,1.75E-04,3.06E-04,1.17E-04,3.43E-06,2.14E-04,1.73E-04,1.70E-04,-3.09E-05,2.28E-04,2.52E-04,-1.01E-04,2.95E-04,-7.56E-05,1.05E-04,7.77E-05,2.96E-04,2.32E-04
3092,2.42E-04,1.65E-04,1.16E-04,1.81E-04,3.12E-04,1.20E-04,1.81E-05,2.44E-04,1.84E-04,1.69E-04,-2.64E-05,2.39E-04,2.47E-04,-9.03E-05,3.09E-04,-7.01E-05,1.06E-04,8.89E-05,3.06E-04,2.38E-04
3093,2.37E-04,1.62E-04,1.31E-04,1.87E-04,3.17E-04,1.22E-04,3.31E-05,2.72E-04,1.95E-04,1.65E-04,-2.06E-05,2.49E-04,2.40E-04,-7.93E-05,3.22E-04,-6.49E-05,1.04E-04,9.70E-05,3.15E-04,2.42E-04
3094,2.32E-04,1.57E-04,1.45E-04,1.92E-04,3.21E-04,1.22E-04,4.74E-05,2.99E-04,2.05E-04,1.60E-04,-1.35E-05,2.57E-04,2.30E-04,-6.85E-05,3.33E-04,-5.95E-05,9.98E-05,1.02E-04,3.22E-04,2.43E-04
3095,2.28E-04,1.51E-04,1.57E-04,1.97E-04,3.24E-04,1.22E-04,6.00E-05,3.25E-04,2.15E-04,1.53E-04,-5.06E-06,2.64E-04,2.20E-04,-5.80E-05,3.42E-04,-5.36E-05,9.28E-05,1.04E-04,3.27E-04,2.43E-04
3096,2.24E-04,1.44E-04,1.68E-04,2.01E-04,3.26E-04,1.21E-04,7.04E-05,3.48E-04,2.24E-04,1.46E-04,4.59E-06,2.69E-04,2.10E-04,-4.79E-05,3.49E-04,-4.69E-05,8.36E-05,1.02E-04,3.31E-04,2.42E-04
3097,2.21E-04,1.38E-04,1.78E-04,2.04E-04,3.28E-04,1.18E-04,7.81E-05,3.69E-04,2.32E-04,1.37E-04,1.53E-05,2.72E-04,2.01E-04,-3.83E-05,3.54E-04,-3.92E-05,7.27E-05,9.84E-05,3.33E-04,2.39E-04
3098,2.19E-04,1.31E-04,1.86E-04,2.06E-04,3.28E-04,1.15E-04,8.34E-05,3.88E-04,2.40E-04,1.28E-04,2.69E-05,2.72E-04,1.93E-04,-2.90E-05,3.58E-04,-3.02E-05,6.06E-05,9.23E-05,3.35E-04,2.35E-04
3099,2.18E-04,1.26E-04,1.93E-04,2.08E-04,3.28E-04,1.11E-04,8.66E-05,4.05E-04,2.47E-04,1.18E-04,3.92E-05,2.71E-04,1.89E-04,-2.01E-05,3.61E-04,-1.98E-05,4.80E-05,8.48E-05,3.35E-04,2.31E-04
3100,2.15E-04,1.22E-04,1.99E-04,2.09E-04,3.27E-04,1.06E-04,8.86E-05,4.21E-04,2.54E-04,1.08E-04,5.18E-05,2.67E-04,1.87E-04,-1.13E-05,3.63E-04,-7.78E-06,3.56E-05,7.64E-05,3.36E-04,2.26E-04
3101,2.12E-04,1.19E-04,2.04E-04,2.09E-04,3.26E-04,1.00E-04,9.05E-05,4.35E-04,2.61E-04,9.77E-05,6.45E-05,2.63E-04,1.89E-04,-2.66E-06,3.64E-04,5.77E-06,2.40E-05,6.78E-05,3.36E-04,2.23E-04
3102,2.06E-04,1.18E-04,2.08E-04,2.09E-04,3.25E-04,9.39E-05,9.35E-05,4.48E-04,2.67E-04,8.75E-05,7.70E-05,2.56E-04,1.95E-04,6.06E-06,3.65E-04,2.08E-05,1.38E-05,5.97E-05,3.37E-04,2.20E-04
3103,1.98E-04,1.17E-04,2.11E-04,2.08E-04,3.23E-04,8.69E-05,9.90E-05,4.61E-04,2.73E-04,7.74E-05,8.90E-05,2.50E-04,2.04E-04,1.50E-05,3.65E-04,3.70E-05,5.49E-06,5.26E-05,3.39E-04,2.18E-04
3104,1.86E-04,1.18E-04,2.15E-04,2.07E-04,3.22E-04,7.95E-05,1.08E-04,4.72E-04,2.80E-04,6.76E-05,1.00E-04,2.43E-04,2.16E-04,2.41E-05,3.66E-04,5.43E-05,-5.57E-07,4.71E-05,3.40E-04,2.17E-04
3105,1.70E-04,1.19E-04,2.18E-04,2.05E-04,3.21E-04,7.16E-05,1.22E-04,4.84E-04,2.86E-04,5.81E-05,1.10E-04,2.36E-04,2.30E-04,3.37E-05,3.67E-04,7.23E-05,-4.15E-06,4.35E-05,3.43E-04,2.18E-04
3106,1.50E-04,1.21E-04,2.21E-04,2.03E-04,3.21E-04,6.32E-05,1.42E-04,4.95E-04,2.92E-04,4.88E-05,1.19E-04,2.31E-04,2.45E-04,4.35E-05,3.69E-04,9.06E-05,-5.25E-06,4.19E-05,3.47E-04,2.19E-04
3107,1.26E-04,1.22E-04,2.25E-04,2.01E-04,3.21E-04,5.45E-05,1.68E-04,5.05E-04,2.97E-04,3.97E-05,1.26E-04,2.26E-04,2.61E-04,5.38E-05,3.71E-04,1.09E-04,-4.00E-06,4.26E-05,3.51E-04,2.23E-04
3108,9.72E-05,1.23E-04,2.29E-04,1.97E-04,3.21E-04,4.54E-05,2.00E-04,5.15E-04,3.03E-04,3.07E-05,1.31E-04,2.23E-04,2.76E-04,6.43E-05,3.74E-04,1.26E-04,-7.23E-07,4.54E-05,3.56E-04,2.27E-04
3109,6.55E-05,1.24E-04,2.33E-04,1.93E-04,3.21E-04,3.58E-05,2.36E-04,5.25E-04,3.08E-04,2.17E-05,1.35E-04,2.21E-04,2.90E-04,7.48E-05,3.77E-04,1.43E-04,4.15E-06,5.01E-05,3.61E-04,2.32E-04
3110,3.13E-05,1.24E-04,2.38E-04,1.89E-04,3.21E-04,2.60E-05,2.77E-04,5.35E-04,3.12E-04,1.26E-05,1.37E-04,2.20E-04,3.01E-04,8.52E-05,3.81E-04,1.59E-04,1.01E-05,5.63E-05,3.66E-04,2.37E-04
3111,-4.27E-06,1.23E-04,2.44E-04,1.83E-04,3.21E-04,1.57E-05,3.20E-04,5.43E-04,3.16E-04,3.34E-06,1.38E-04,2.21E-04,3.08E-04,9.52E-05,3.85E-04,1.73E-04,1.64E-05,6.36E-05,3.72E-04,2.42E-04
3112,-3.98E-05,1.22E-04,2.49E-04,1.77E-04,3.21E-04,5.04E-06,3.64E-04,5.51E-04,3.19E-04,-6.25E-06,1.37E-04,2.22E-04,3.11E-04,1.05E-04,3.89E-04,1.85E-04,2.24E-05,7.14E-05,3.77E-04,2.47E-04
3113,-7.39E-05,1.20E-04,2.54E-04,1.69E-04,3.21E-04,-5.96E-06,4.06E-04,5.57E-04,3.21E-04,-1.62E-05,1.35E-04,2.23E-04,3.11E-04,1.13E-04,3.92E-04,1.95E-04,2.75E-05,7.92E-05,3.81E-04,2.52E-04
3114,-1.05E-04,1.18E-04,2.60E-04,1.61E-04,3.20E-04,-1.73E-05,4.44E-04,5.62E-04,3.21E-04,-2.66E-05,1.31E-04,2.24E-04,3.06E-04,1.20E-04,3.95E-04,2.03E-04,3.10E-05,8.63E-05,3.85E-04,2.55E-04
3115,-1.32E-04,1.17E-04,2.65E-04,1.51E-04,3.18E-04,-2.89E-05,4.75E-04,5.65E-04,3.21E-04,-3.75E-05,1.27E-04,2.25E-04,2.96E-04,1.25E-04,3.97E-04,2.09E-04,3.24E-05,9.23E-05,3.88E-04,2.57E-04
3116,-1.54E-04,1.17E-04,2.69E-04,1.41E-04,3.15E-04,-4.08E-05,4.99E-04,5.65E-04,3.18E-04,-4.87E-05,1.23E-04,2.24E-04,2.83E-04,1.29E-04,3.97E-04,2.12E-04,3.14E-05,9.67E-05,3.89E-04,2.57E-04
3117,-1.69E-04,1.17E-04,2.72E-04,1.29E-04,3.10E-04,-5.28E-05,5.12E-04,5.64E-04,3.15E-04,-6.02E-05,1.18E-04,2.22E-04,2.67E-04,1.31E-04,3.96E-04,2.13E-04,2.75E-05,9.88E-05,3.90E-04,2.56E-04
3118,-1.77E-04,1.19E-04,2.74E-04,1.17E-04,3.05E-04,-6.47E-05,5.15E-04,5.60E-04,3.09E-04,-7.18E-05,1.14E-04,2.17E-04,2.49E-04,1.30E-04,3.93E-04,2.12E-04,2.08E-05,9.86E-05,3.89E-04,2.54E-04
3119,-1.78E-04,1.22E-04,2.75E-04,1.03E-04,2.98E-04,-7.66E-05,5.06E-04,5.54E-04,3.02E-04,-8.34E-05,1.09E-04,2.10E-04,2.29E-04,1.27E-04,3.88E-04,2.09E-04,1.11E-05,9.57E-05,3.86E-04,2.49E-04
3120,-1.73E-04,1.27E-04,2.74E-04,8.95E-05,2.91E-04,-8.81E-05,4.85E-04,5.45E-04,2.94E-04,-9.47E-05,1.05E-04,2.00E-04,2.09E-04,1.22E-04,3.81E-04,2.03E-04,-1.25E-06,8.99E-05,3.83E-04,2.44E-04
3121,-1.61E-04,1.32E-04,2.72E-04,7.49E-05,2.82E-04,-9.91E-05,4.54E-04,5.34E-04,2.84E-04,-1.06E-04,1.01E-04,1.87E-04,1.89E-04,1.15E-04,3.72E-04,1.96E-04,-1.61E-05,8.14E-05,3.78E-04,2.37E-04
3122,-1.44E-04,1.39E-04,2.67E-04,5.97E-05,2.72E-04,-1.09E-04,4.13E-04,5.22E-04,2.74E-04,-1.16E-04,9.68E-05,1.71E-04,1.70E-04,1.06E-04,3.61E-04,1.87E-04,-3.30E-05,7.03E-05,3.72E-04,2.29E-04
3123,-1.24E-04,1.45E-04,2.61E-04,4.41E-05,2.61E-04,-1.19E-04,3.65E-04,5.08E-04,2.62E-04,-1.24E-04,9.32E-05,1.52E-04,1.53E-04,9.53E-05,3.49E-04,1.76E-04,-5.16E-05,5.67E-05,3.65E-04,2.20E-04
3124,-1.01E-04,1.51E-04,2.54E-04,2.81E-05,2.50E-04,-1.27E-04,3.11E-04,4.93E-04,2.49E-04,-1.32E-04,8.97E-05,1.31E-04,1.38E-04,8.33E-05,3.35E-04,1.63E-04,-7.12E-05,4.09E-05,3.57E-04,2.11E-04
3125,-7.84E-05,1.55E-04,2.44E-04,1.18E-05,2.39E-04,-1.34E-04,2.54E-04,4.76E-04,2.37E-04,-1.38E-04,8.61E-05,1.08E-04,1.26E-04,7.02E-05,3.20E-04,1.49E-04,-9.16E-05,2.34E-05,3.49E-04,2.02E-04
3126,-5.68E-05,1.58E-04,2.33E-04,-4.79E-06,2.28E-04,-1.40E-04,1.96E-04,4.60E-04,2.23E-04,-1.43E-04,8.21E-05,8.23E-05,1.16E-04,5.63E-05,3.04E-04,1.33E-04,-1.12E-04,4.56E-06,3.40E-04,1.93E-04
3127,-3.82E-05,1.57E-04,2.20E-04,-2.16E-05,2.17E-04,-1.44E-04,1.41E-04,4.42E-04,2.10E-04,-1.45E-04,7.77E-05,5.58E-05,1.08E-04,4.20E-05,2.88E-04,1.16E-04,-1.32E-04,-1.52E-05,3.30E-04,1.84E-04
3128,-2.43E-05,1.52E-04,2.06E-04,-3.86E-05,2.06E-04,-1.47E-04,8.99E-05,4.25E-04,1.98E-04,-1.46E-04,7.26E-05,2.86E-05,1.03E-04,2.74E-05,2.71E-04,9.70E-05,-1.52E-04,-3.55E-05,3.20E-04,1.75E-04
3129,-1.64E-05,1.43E-04,1.90E-04,-5.58E-05,1.96E-04,-1.48E-04,4.50E-05,4.07E-04,1.85E-04,-1.44E-04,6.67E-05,1.18E-06,9.83E-05,1.28E-05,2.54E-04,7.71E-05,-1.71E-04,-5.60E-05,3.09E-04,1.67E-04
3130,-1.55E-05,1.29E-04,1.74E-04,-7.31E-05,1.87E-04,-1.48E-04,7.59E-06,3.90E-04,1.74E-04,-1.41E-04,5.99E-05,-2.59E-05,9.48E-05,-1.69E-06,2.37E-04,5.60E-05,-1.89E-04,-7.61E-05,2.98E-04,1.60E-04
3131,-2.26E-05,1.11E-04,1.56E-04,-9.05E-05,1.79E-04,-1.46E-04,-2.17E-05,3.72E-04,1.63E-04,-1.36E-04,5.20E-05,-5.23E-05,9.15E-05,-1.59E-05,2.20E-04,3.40E-05,-2.06E-04,-9.58E-05,2.86E-04,1.53E-04
3132,-3.79E-05,8.68E-05,1.38E-04,-1.08E-04,1.72E-04,-1.43E-04,-4.29E-05,3.54E-04,1.53E-04,-1.30E-04,4.32E-05,-7.74E-05,8.79E-05,-3.00E-05,2.04E-04,1.12E-05,-2.23E-04,-1.15E-04,2.74E-04,1.47E-04
3133,-6.16E-05,5.84E-05,1.19E-04,-1.25E-04,1.66E-04,-1.38E-04,-5.66E-05,3.35E-04,1.44E-04,-1.22E-04,3.35E-05,-1.01E-04,8.34E-05,-4.38E-05,1.88E-04,-1.21E-05,-2.38E-04,-1.33E-04,2.62E-04,1.41E-04
3134,-9.34E-05,2.62E-05,1.00E-04,-1.43E-04,1.61E-04,-1.32E-04,-6.39E-05,3.16E-04,1.36E-04,-1.13E-04,2.29E-05,-1.23E-04,7.75E-05,-5.75E-05,1.72E-04,-3.56E-05,-2.52E-04,-1.50E-04,2.48E-04,1.36E-04
3135,-1.33E-04,-9.06E-06,8.06E-05,-1.60E-04,1.57E-04,-1.25E-04,-6.64E-05,2.95E-04,1.29E-04,-1.03E-04,1.17E-05,-1.43E-04,6.99E-05,-7.13E-05,1.56E-04,-5.92E-05,-2.67E-04,-1.66E-04,2.35E-04,1.31E-04
3136,-1.78E-04,-4.62E-05,6.10E-05,-1.77E-04,1.53E-04,-1.18E-04,-6.60E-05,2.73E-04,1.22E-04,-9.27E-05,1.00E-07,-1.61E-04,6.06E-05,-8.52E-05,1.40E-04,-8.23E-05,-2.80E-04,-1.81E-04,2.20E-04,1.26E-04
3137,-2.29E-04,-8.40E-05,4.13E-05,-1.93E-04,1.50E-04,-1.09E-04,-6.48E-05,2.49E-04,1.16E-04,-8.23E-05,-1.18E-05,-1.78E-04,4.95E-05,-9.95E-05,1.24E-04,-1.05E-04,-2.94E-04,-1.96E-04,2.05E-04,1.22E-04
3138,-2.84E-04,-1.21E-04,2.17E-05,-2.09E-04,1.46E-04,-1.01E-04,-6.48E-05,2.24E-04,1.11E-04,-7.20E-05,-2.36E-05,-1.93E-04,3.66E-05,-1.14E-04,1.08E-04,-1.26E-04,-3.08E-04,-2.10E-04,1.90E-04,1.17E-04
3139,-3.41E-04,-1.57E-04,2.31E-06,-2.23E-04,1.43E-04,-9.14E-05,-6.80E-05,1.95E-04,1.06E-04,-6.21E-05,-3.53E-05,-2.06E-04,2.23E-05,-1.29E-04,9.23E-05,-1.47E-04,-3.22E-04,-2.23E-04,1.75E-04,1.13E-04
3140,-3.98E-04,-1.89E-04,-1.67E-05,-2.37E-04,1.40E-04,-8.20E-05,-7.61E-05,1.65E-04,1.02E-04,-5.28E-05,-4.67E-05,-2.18E-04,6.73E-06,-1.45E-04,7.61E-05,-1.66E-04,-3.37E-04,-2.36E-04,1.59E-04,1.09E-04
3141,-4.53E-04,-2.17E-04,-3.53E-05,-2.49E-04,1.36E-04,-7.25E-05,-9.01E-05,1.33E-04,9.72E-05,-4.44E-05,-5.75E-05,-2.29E-04,-9.60E-06,-1.62E-04,5.99E-05,-1.83E-04,-3.52E-04,-2.49E-04,1.44E-04,1.05E-04
3142,-5.06E-04,-2.41E-04,-5.32E-05,-2.61E-04,1.32E-04,-6.29E-05,-1.11E-04,9.82E-05,9.29E-05,-3.68E-05,-6.79E-05,-2.39E-04,-2.64E-05,-1.79E-04,4.36E-05,-1.98E-04,-3.68E-04,-2.62E-04,1.29E-04,1.02E-04
3143,-5.53E-04,-2.59E-04,-7.04E-05,-2.70E-04,1.27E-04,-5.34E-05,-1.39E-04,6.21E-05,8.86E-05,-3.02E-05,-7.76E-05,-2.49E-04,-4.34E-05,-1.96E-04,2.74E-05,-2.11E-04,-3.83E-04,-2.75E-04,1.14E-04,9.85E-05
3144,-5.94E-04,-2.72E-04,-8.66E-05,-2.78E-04,1.22E-04,-4.40E-05,-1.73E-04,2.49E-05,8.42E-05,-2.45E-05,-8.69E-05,-2.58E-04,-6.03E-05,-2.14E-04,1.14E-05,-2.23E-04,-4.00E-04,-2.89E-04,1.00E-04,9.59E-05
3145,-6.28E-04,-2.81E-04,-1.02E-04,-2.85E-04,1.16E-04,-3.47E-05,-2.14E-04,-1.29E-05,7.98E-05,-1.98E-05,-9.58E-05,-2.67E-04,-7.69E-05,-2.32E-04,-4.15E-06,-2.32E-04,-4.16E-04,-3.03E-04,8.74E-05,9.40E-05
3146,-6.53E-04,-2.85E-04,-1.16E-04,-2.90E-04,1.10E-04,-2.57E-05,-2.59E-04,-5.07E-05,7.52E-05,-1.58E-05,-1.05E-04,-2.77E-04,-9.32E-05,-2.49E-04,-1.92E-05,-2.39E-04,-4.33E-04,-3.17E-04,7.56E-05,9.29E-05
3147,-6.69E-04,-2.87E-04,-1.29E-04,-2.93E-04,1.03E-04,-1.68E-05,-3.07E-04,-8.79E-05,7.06E-05,-1.26E-05,-1.13E-04,-2.87E-04,-1.09E-04,-2.66E-04,-3.35E-05,-2.45E-04,-4.49E-04,-3.31E-04,6.50E-05,9.26E-05
3148,-6.77E-04,-2.86E-04,-1.40E-04,-2.95E-04,9.51E-05,-8.15E-06,-3.56E-04,-1.24E-04,6.58E-05,-9.92E-06,-1.22E-04,-2.97E-04,-1.25E-04,-2.82E-04,-4.70E-05,-2.49E-04,-4.66E-04,-3.45E-04,5.56E-05,9.30E-05
3149,-6.75E-04,-2.86E-04,-1.50E-04,-2.95E-04,8.73E-05,1.76E-07,-4.05E-04,-1.58E-04,6.10E-05,-7.65E-06,-1.31E-04,-3.08E-04,-1.42E-04,-2.97E-04,-5.95E-05,-2.51E-04,-4.82E-04,-3.59E-04,4.74E-05,9.42E-05
3150,-6.65E-04,-2.86E-04,-1.59E-04,-2.95E-04,7.94E-05,8.13E-06,-4.52E-04,-1.90E-04,5.61E-05,-5.65E-06,-1.41E-04,-3.19E-04,-1.58E-04,-3.11E-04,-7.11E-05,-2.53E-04,-4.98E-04,-3.73E-04,4.04E-05,9.61E-05
3151,-6.47E-04,-2.88E-04,-1.67E-04,-2.93E-04,7.13E-05,1.56E-05,-4.94E-04,-2.19E-04,5.12E-05,-3.78E-06,-1.52E-04,-3.31E-04,-1.75E-04,-3.23E-04,-8.16E-05,-2.53E-04,-5.14E-04,-3.86E-04,3.44E-05,9.86E-05
3152,-6.22E-04,-2.95E-04,-1.74E-04,-2.90E-04,6.32E-05,2.26E-05,-5.32E-04,-2.45E-04,4.62E-05,-1.96E-06,-1.63E-04,-3.43E-04,-1.93E-04,-3.34E-04,-9.13E-05,-2.53E-04,-5.29E-04,-3.99E-04,2.92E-05,1.01E-04
3153,-5.92E-04,-3.06E-04,-1.80E-04,-2.88E-04,5.51E-05,2.89E-05,-5.64E-04,-2.68E-04,4.12E-05,-9.84E-08,-1.76E-04,-3.54E-04,-2.13E-04,-3.44E-04,-1.00E-04,-2.53E-04,-5.44E-04,-4.10E-04,2.47E-05,1.05E-04
3154,-5.57E-04,-3.23E-04,-1.86E-04,-2.84E-04,4.71E-05,3.45E-05,-5.89E-04,-2.89E-04,3.60E-05,1.83E-06,-1.89E-04,-3.67E-04,-2.33E-04,-3.53E-04,-1.08E-04,-2.52E-04,-5.59E-04,-4.21E-04,2.06E-05,1.08E-04
3155,-5.19E-04,-3.45E-04,-1.91E-04,-2.81E-04,3.92E-05,3.93E-05,-6.08E-04,-3.06E-04,3.08E-05,3.85E-06,-2.03E-04,-3.79E-04,-2.54E-04,-3.60E-04,-1.16E-04,-2.51E-04,-5.74E-04,-4.31E-04,1.65E-05,1.10E-04
3156,-4.80E-04,-3.74E-04,-1.96E-04,-2.78E-04,3.13E-05,4.31E-05,-6.21E-04,-3.22E-04,2.53E-05,5.92E-06,-2.17E-04,-3.91E-04,-2.77E-04,-3.66E-04,-1.24E-04,-2.50E-04,-5.88E-04,-4.40E-04,1.23E-05,1.13E-04
3157,-4.40E-04,-4.08E-04,-2.02E-04,-2.75E-04,2.33E-05,4.58E-05,-6.30E-04,-3.35E-04,1.97E-05,8.01E-06,-2.32E-04,-4.02E-04,-3.00E-04,-3.72E-04,-1.32E-04,-2.49E-04,-6.02E-04,-4.48E-04,7.71E-06,1.14E-04
3158,-4.02E-04,-4.46E-04,-2.09E-04,-2.72E-04,1.54E-05,4.75E-05,-6.35E-04,-3.48E-04,1.39E-05,1.01E-05,-2.47E-04,-4.14E-04,-3.23E-04,-3.78E-04,-1.40E-04,-2.49E-04,-6.16E-04,-4.55E-04,2.49E-06,1.15E-04
3159,-3.65E-04,-4.88E-04,-2.17E-04,-2.70E-04,7.30E-06,4.82E-05,-6.37E-04,-3.60E-04,7.83E-06,1.20E-05,-2.61E-04,-4.24E-04,-3.46E-04,-3.83E-04,-1.49E-04,-2.49E-04,-6.30E-04,-4.62E-04,-3.48E-06,1.15E-04
3160,-3.32E-04,-5.31E-04,-2.26E-04,-2.68E-04,-9.54E-07,4.77E-05,-6.40E-04,-3.71E-04,1.52E-06,1.38E-05,-2.75E-04,-4.35E-04,-3.68E-04,-3.88E-04,-1.58E-04,-2.49E-04,-6.44E-04,-4.68E-04,-1.03E-05,1.14E-04
3161,-3.02E-04,-5.75E-04,-2.36E-04,-2.67E-04,-9.44E-06,4.63E-05,-6.43E-04,-3.84E-04,-5.00E-06,1.54E-05,-2.88E-04,-4.44E-04,-3.89E-04,-3.94E-04,-1.68E-04,-2.49E-04,-6.58E-04,-4.74E-04,-1.80E-05,1.12E-04
3162,-2.77E-04,-6.18E-04,-2.47E-04,-2.66E-04,-1.82E-05,4.40E-05,-6.48E-04,-3.97E-04,-1.17E-05,1.67E-05,-3.00E-04,-4.53E-04,-4.07E-04,-4.00E-04,-1.78E-04,-2.50E-04,-6.71E-04,-4.80E-04,-2.65E-05,1.09E-04
3163,-2.56E-04,-6.57E-04,-2.60E-04,-2.65E-04,-2.72E-05,4.10E-05,-6.57E-04,-4.11E-04,-1.85E-05,1.78E-05,-3.10E-04,-4.61E-04,-4.24E-04,-4.07E-04,-1.89E-04,-2.51E-04,-6.84E-04,-4.86E-04,-3.58E-05,1.06E-04
3164,-2.39E-04,-6.91E-04,-2.74E-04,-2.65E-04,-3.64E-05,3.75E-05,-6.71E-04,-4.27E-04,-2.52E-05,1.87E-05,-3.18E-04,-4.68E-04,-4.38E-04,-4.14E-04,-2.00E-04,-2.51E-04,-6.96E-04,-4.93E-04,-4.56E-05,1.02E-04
3165,-2.27E-04,-7.20E-04,-2.90E-04,-2.64E-04,-4.58E-05,3.37E-05,-6.89E-04,-4.44E-04,-3.18E-05,1.95E-05,-3.24E-04,-4.75E-04,-4.48E-04,-4.22E-04,-2.11E-04,-2.52E-04,-7.07E-04,-5.01E-04,-5.56E-05,9.84E-05
3166,-2.17E-04,-7.41E-04,-3.05E-04,-2.63E-04,-5.52E-05,2.98E-05,-7.12E-04,-4.63E-04,-3.80E-05,2.03E-05,-3.29E-04,-4.80E-04,-4.56E-04,-4.30E-04,-2.21E-04,-2.52E-04,-7.17E-04,-5.09E-04,-6.57E-05,9.47E-05
3167,-2.11E-04,-7.55E-04,-3.21E-04,-2.62E-04,-6.46E-05,2.61E-05,-7.39E-04,-4.82E-04,-4.38E-05,2.13E-05,-3.31E-04,-4.85E-04,-4.62E-04,-4.37E-04,-2.30E-04,-2.51E-04,-7.25E-04,-5.19E-04,-7.55E-05,9.14E-05
3168,-2.06E-04,-7.61E-04,-3.37E-04,-2.61E-04,-7.37E-05,2.29E-05,-7.70E-04,-5.02E-04,-4.89E-05,2.25E-05,-3.31E-04,-4.89E-04,-4.65E-04,-4.45E-04,-2.37E-04,-2.50E-04,-7.32E-04,-5.29E-04,-8.48E-05,8.88E-05
3169,-2.03E-04,-7.60E-04,-3.53E-04,-2.58E-04,-8.24E-05,2.03E-05,-8.03E-04,-5.22E-04,-5.32E-05,2.42E-05,-3.30E-04,-4.91E-04,-4.66E-04,-4.51E-04,-2.43E-04,-2.47E-04,-7.36E-04,-5.40E-04,-9.32E-05,8.72E-05
3170,-2.01E-04,-7.52E-04,-3.67E-04,-2.55E-04,-9.06E-05,1.87E-05,-8.37E-04,-5.41E-04,-5.65E-05,2.65E-05,-3.26E-04,-4.93E-04,-4.66E-04,-4.56E-04,-2.47E-04,-2.44E-04,-7.39E-04,-5.51E-04,-1.00E-04,8.68E-05
3171,-1.99E-04,-7.38E-04,-3.80E-04,-2.51E-04,-9.80E-05,1.80E-05,-8.71E-04,-5.58E-04,-5.87E-05,2.96E-05,-3.21E-04,-4.94E-04,-4.65E-04,-4.60E-04,-2.49E-04,-2.39E-04,-7.40E-04,-5.62E-04,-1.06E-04,8.77E-05
3172,-1.96E-04,-7.21E-04,-3.91E-04,-2.46E-04,-1.05E-04,1.86E-05,-9.02E-04,-5.74E-04,-5.97E-05,3.36E-05,-3.15E-04,-4.94E-04,-4.65E-04,-4.62E-04,-2.48E-04,-2.33E-04,-7.39E-04,-5.72E-04,-1.11E-04,9.01E-05
3173,-1.93E-04,-7.00E-04,-4.00E-04,-2.40E-04,-1.10E-04,2.03E-05,-9.30E-04,-5.87E-04,-5.94E-05,3.86E-05,-3.08E-04,-4.93E-04,-4.65E-04,-4.62E-04,-2.44E-04,-2.26E-04,-7.35E-04,-5.82E-04,-1.14E-04,9.38E-05
3174,-1.89E-04,-6.79E-04,-4.07E-04,-2.33E-04,-1.14E-04,2.34E-05,-9.52E-04,-5.97E-04,-5.79E-05,4.46E-05,-3.00E-04,-4.91E-04,-4.67E-04,-4.60E-04,-2.39E-04,-2.17E-04,-7.30E-04,-5.90E-04,-1.16E-04,9.90E-05
3175,-1.84E-04,-6.58E-04,-4.12E-04,-2.25E-04,-1.17E-04,2.76E-05,-9.67E-04,-6.04E-04,-5.52E-05,5.17E-05,-2.91E-04,-4.88E-04,-4.70E-04,-4.55E-04,-2.30E-04,-2.07E-04,-7.22E-04,-5.97E-04,-1.16E-04,1.05E-04
3176,-1.78E-04,-6.39E-04,-4.14E-04,-2.16E-04,-1.19E-04,3.30E-05,-9.75E-04,-6.07E-04,-5.14E-05,5.99E-05,-2.82E-04,-4.85E-04,-4.75E-04,-4.48E-04,-2.20E-04,-1.95E-04,-7.13E-04,-6.02E-04,-1.15E-04,1.13E-04
3177,-1.73E-04,-6.23E-04,-4.14E-04,-2.06E-04,-1.20E-04,3.94E-05,-9.75E-04,-6.07E-04,-4.66E-05,6.90E-05,-2.73E-04,-4.82E-04,-4.82E-04,-4.39E-04,-2.09E-04,-1.82E-04,-7.03E-04,-6.04E-04,-1.12E-04,1.21E-04
3178,-1.68E-04,-6.11E-04,-4.12E-04,-1.96E-04,-1.20E-04,4.67E-05,-9.67E-04,-6.03E-04,-4.10E-05,7.89E-05,-2.64E-04,-4.78E-04,-4.91E-04,-4.28E-04,-1.96E-04,-1.68E-04,-6.92E-04,-6.04E-04,-1.09E-04,1.29E-04
3179,-1.64E-04,-6.03E-04,-4.08E-04,-1.85E-04,-1.18E-04,5.47E-05,-9.51E-04,-5.96E-04,-3.48E-05,8.94E-05,-2.56E-04,-4.74E-04,-5.00E-04,-4.15E-04,-1.83E-04,-1.53E-04,-6.79E-04,-6.00E-04,-1.05E-04,1.38E-04
3180,-1.62E-04,-5.99E-04,-4.03E-04,-1.74E-04,-1.16E-04,6.32E-05,-9.27E-04,-5.87E-04,-2.82E-05,1.00E-04,-2.49E-04,-4.70E-04,-5.11E-04,-4.01E-04,-1.69E-04,-1.38E-04,-6.67E-04,-5.94E-04,-1.01E-04,1.47E-04
3181,-1.62E-04,-5.99E-04,-3.98E-04,-1.64E-04,-1.13E-04,7.20E-05,-8.97E-04,-5.75E-04,-2.15E-05,1.11E-04,-2.42E-04,-4.67E-04,-5.21E-04,-3.86E-04,-1.56E-04,-1.22E-04,-6.54E-04,-5.85E-04,-9.65E-05,1.55E-04
3182,-1.64E-04,-6.02E-04,-3.91E-04,-1.53E-04,-1.10E-04,8.10E-05,-8.62E-04,-5.62E-04,-1.48E-05,1.23E-04,-2.37E-04,-4.63E-04,-5.31E-04,-3.71E-04,-1.43E-04,-1.05E-04,-6.42E-04,-5.73E-04,-9.22E-05,1.62E-04
3183,-1.70E-04,-6.07E-04,-3.84E-04,-1.42E-04,-1.06E-04,8.99E-05,-8.24E-04,-5.48E-04,-8.40E-06,1.33E-04,-2.33E-04,-4.61E-04,-5.39E-04,-3.55E-04,-1.32E-04,-8.95E-05,-6.30E-04,-5.59E-04,-8.82E-05,1.68E-04
3184,-1.78E-04,-6.12E-04,-3.78E-04,-1.32E-04,-1.03E-04,9.87E-05,-7.83E-04,-5.33E-04,-2.42E-06,1.44E-04,-2.29E-04,-4.59E-04,-5.45E-04,-3.40E-04,-1.21E-04,-7.41E-05,-6.19E-04,-5.44E-04,-8.47E-05,1.74E-04
3185,-1.89E-04,-6.16E-04,-3.72E-04,-1.23E-04,-9.90E-05,1.07E-04,-7.43E-04,-5.19E-04,3.01E-06,1.53E-04,-2.28E-04,-4.58E-04,-5.48E-04,-3.25E-04,-1.12E-04,-5.95E-05,-6.10E-04,-5.26E-04,-8.16E-05,1.77E-04
3186,-2.03E-04,-6.19E-04,-3.66E-04,-1.15E-04,-9.55E-05,1.15E-04,-7.03E-04,-5.05E-04,7.79E-06,1.62E-04,-2.27E-04,-4.57E-04,-5.48E-04,-3.12E-04,-1.04E-04,-4.60E-05,-6.01E-04,-5.08E-04,-7.91E-05,1.80E-04
3187,-2.19E-04,-6.17E-04,-3.62E-04,-1.07E-04,-9.24E-05,1.23E-04,-6.66E-04,-4.92E-04,1.19E-05,1.70E-04,-2.28E-04,-4.58E-04,-5.44E-04,-2.99E-04,-9.68E-05,-3.38E-05,-5.93E-04,-4.89E-04,-7.72E-05,1.81E-04
3188,-2.36E-04,-6.11E-04,-3.58E-04,-1.01E-04,-8.97E-05,1.30E-04,-6.33E-04,-4.81E-04,1.52E-05,1.76E-04,-2.31E-04,-4.59E-04,-5.37E-04,-2.89E-04,-9.07E-05,-2.32E-05,-5.87E-04,-4.70E-04,-7.57E-05,1.82E-04
3189,-2.53E-04,-6.00E-04,-3.55E-04,-9.53E-05,-8.75E-05,1.37E-04,-6.05E-04,-4.70E-04,1.79E-05,1.82E-04,-2.34E-04,-4.60E-04,-5.27E-04,-2.79E-04,-8.54E-05,-1.42E-05,-5.82E-04,-4.52E-04,-7.46E-05,1.81E-04
3190,-2.69E-04,-5.83E-04,-3.52E-04,-9.10E-05,-8.59E-05,1.43E-04,-5.83E-04,-4.61E-04,1.99E-05,1.87E-04,-2.39E-04,-4.62E-04,-5.14E-04,-2.71E-04,-8.05E-05,-7.09E-06,-5.78E-04,-4.34E-04,-7.38E-05,1.79E-04
3191,-2.84E-04,-5.61E-04,-3.50E-04,-8.78E-05,-8.48E-05,1.49E-04,-5.66E-04,-4.53E-04,2.15E-05,1.90E-04,-2.44E-04,-4.64E-04,-4.99E-04,-2.64E-04,-7.56E-05,-1.78E-06,-5.75E-04,-4.18E-04,-7.30E-05,1.76E-04
3192,-2.96E-04,-5.33E-04,-3.48E-04,-8.55E-05,-8.44E-05,1.55E-04,-5.55E-04,-4.45E-04,2.26E-05,1.92E-04,-2.50E-04,-4.65E-04,-4.82E-04,-2.58E-04,-7.06E-05,1.72E-06,-5.72E-04,-4.03E-04,-7.21E-05,1.73E-04
3193,-3.04E-04,-5.02E-04,-3.47E-04,-8.41E-05,-8.45E-05,1.60E-04,-5.49E-04,-4.38E-04,2.33E-05,1.94E-04,-2.57E-04,-4.67E-04,-4.66E-04,-2.54E-04,-6.53E-05,3.52E-06,-5.71E-04,-3.90E-04,-7.11E-05,1.70E-04
3194,-3.08E-04,-4.68E-04,-3.45E-04,-8.35E-05,-8.51E-05,1.65E-04,-5.47E-04,-4.31E-04,2.39E-05,1.95E-04,-2.63E-04,-4.67E-04,-4.50E-04,-2.50E-04,-5.94E-05,3.73E-06,-5.69E-04,-3.78E-04,-6.97E-05,1.66E-04
3195,-3.07E-04,-4.33E-04,-3.43E-04,-8.34E-05,-8.62E-05,1.69E-04,-5.50E-04,-4.24E-04,2.43E-05,1.95E-04,-2.69E-04,-4.67E-04,-4.35E-04,-2.46E-04,-5.29E-05,2.54E-06,-5.67E-04,-3.67E-04,-6.80E-05,1.62E-04
3196,-3.00E-04,-3.99E-04,-3.41E-04,-8.37E-05,-8.78E-05,1.73E-04,-5.55E-04,-4.16E-04,2.48E-05,1.94E-04,-2.75E-04,-4.65E-04,-4.22E-04,-2.43E-04,-4.58E-05,1.75E-07,-5.66E-04,-3.58E-04,-6.59E-05,1.58E-04
3197,-2.89E-04,-3.67E-04,-3.38E-04,-8.43E-05,-8.98E-05,1.77E-04,-5.62E-04,-4.07E-04,2.52E-05,1.93E-04,-2.80E-04,-4.63E-04,-4.12E-04,-2.40E-04,-3.84E-05,-3.13E-06,-5.64E-04,-3.50E-04,-6.34E-05,1.55E-04
3198,-2.73E-04,-3.38E-04,-3.35E-04,-8.48E-05,-9.22E-05,1.80E-04,-5.70E-04,-3.98E-04,2.58E-05,1.92E-04,-2.84E-04,-4.59E-04,-4.05E-04,-2.37E-04,-3.06E-05,-7.13E-06,-5.61E-04,-3.42E-04,-6.06E-05,1.52E-04
3199,-2.53E-04,-3.15E-04,-3.31E-04,-8.52E-05,-9.49E-05,1.83E-04,-5.77E-04,-3.87E-04,2.64E-05,1.90E-04,-2.86E-04,-4.54E-04,-4.00E-04,-2.34E-04,-2.29E-05,-1.16E-05,-5.58E-04,-3.35E-04,-5.76E-05,1.49E-04
3200,-2.29E-04,-2.99E-04,-3.27E-04,-8.53E-05,-9.80E-05,1.85E-04,-5.82E-04,-3.76E-04,2.71E-05,1.88E-04,-2.87E-04,-4.47E-04,-3.98E-04,-2.30E-04,-1.56E-05,-1.62E-05,-5.54E-04,-3.29E-04,-5.44E-05,1.46E-04
3201,-2.03E-04,-2.89E-04,-3.23E-04,-8.49E-05,-1.01E-04,1.87E-04,-5.85E-04,-3.63E-04,2.79E-05,1.86E-04,-2.85E-04,-4.40E-04,-3.99E-04,-2.26E-04,-8.93E-06,-2.08E-05,-5.49E-04,-3.22E-04,-5.13E-05,1.43E-04
3202,-1.75E-04,-2.86E-04,-3.19E-04,-8.38E-05,-1.05E-04,1.88E-04,-5.85E-04,-3.50E-04,2.88E-05,1.84E-04,-2.82E-04,-4.32E-04,-4.00E-04,-2.21E-04,-3.22E-06,-2.52E-05,-5.43E-04,-3.15E-04,-4.84E-05,1.41E-04
3203,-1.47E-04,-2.91E-04,-3.15E-04,-8.21E-05,-1.09E-04,1.89E-04,-5.81E-04,-3.36E-04,2.97E-05,1.82E-04,-2.77E-04,-4.23E-04,-4.02E-04,-2.15E-04,1.23E-06,-2.92E-05,-5.36E-04,-3.08E-04,-4.58E-05,1.39E-04
3204,-1.19E-04,-3.01E-04,-3.11E-04,-7.97E-05,-1.13E-04,1.90E-04,-5.73E-04,-3.22E-04,3.05E-05,1.80E-04,-2.70E-04,-4.13E-04,-4.04E-04,-2.09E-04,4.24E-06,-3.26E-05,-5.28E-04,-3.00E-04,-4.36E-05,1.37E-04
3205,-9.38E-05,-3.17E-04,-3.09E-04,-7.64E-05,-1.17E-04,1.90E-04,-5.61E-04,-3.08E-04,3.14E-05,1.78E-04,-2.61E-04,-4.04E-04,-4.04E-04,-2.03E-04,5.70E-06,-3.54E-05,-5.20E-04,-2.92E-04,-4.20E-05,1.34E-04
3206,-7.09E-05,-3.36E-04,-3.07E-04,-7.24E-05,-1.21E-04,1.90E-04,-5.45E-04,-2.95E-04,3.23E-05,1.76E-04,-2.50E-04,-3.95E-04,-4.02E-04,-1.96E-04,5.59E-06,-3.76E-05,-5.11E-04,-2.83E-04,-4.10E-05,1.32E-04
3207,-5.12E-05,-3.57E-04,-3.05E-04,-6.77E-05,-1.25E-04,1.89E-04,-5.26E-04,-2.82E-04,3.31E-05,1.74E-04,-2.37E-04,-3.86E-04,-3.96E-04,-1.88E-04,4.00E-06,-3.90E-05,-5.02E-04,-2.74E-04,-4.05E-05,1.30E-04
3208,-3.52E-05,-3.79E-04,-3.05E-04,-6.24E-05,-1.28E-04,1.89E-04,-5.03E-04,-2.70E-04,3.39E-05,1.72E-04,-2.23E-04,-3.78E-04,-3.88E-04,-1.80E-04,1.14E-06,-3.96E-05,-4.92E-04,-2.64E-04,-4.06E-05,1.28E-04
3209,-2.30E-05,-3.99E-04,-3.05E-04,-5.64E-05,-1.31E-04,1.89E-04,-4.79E-04,-2.59E-04,3.48E-05,1.71E-04,-2.09E-04,-3.70E-04,-3.75E-04,-1.72E-04,-2.70E-06,-3.96E-05,-4.82E-04,-2.54E-04,-4.12E-05,1.25E-04
3210,-1.46E-05,-4.15E-04,-3.06E-04,-5.01E-05,-1.33E-04,1.89E-04,-4.52E-04,-2.48E-04,3.57E-05,1.70E-04,-1.93E-04,-3.63E-04,-3.59E-04,-1.63E-04,-7.18E-06,-3.88E-05,-4.71E-04,-2.43E-04,-4.22E-05,1.23E-04
3211,-9.81E-06,-4.27E-04,-3.07E-04,-4.34E-05,-1.34E-04,1.90E-04,-4.25E-04,-2.38E-04,3.68E-05,1.70E-04,-1.77E-04,-3.56E-04,-3.40E-04,-1.53E-04,-1.19E-05,-3.74E-05,-4.60E-04,-2.33E-04,-4.33E-05,1.20E-04
3212,-8.03E-06,-4.33E-04,-3.08E-04,-3.66E-05,-1.35E-04,1.91E-04,-3.97E-04,-2.28E-04,3.80E-05,1.70E-04,-1.61E-04,-3.50E-04,-3.17E-04,-1.43E-04,-1.64E-05,-3.54E-05,-4.49E-04,-2.22E-04,-4.45E-05,1.17E-04
3213,-8.74E-06,-4.33E-04,-3.10E-04,-2.97E-05,-1.34E-04,1.93E-04,-3.70E-04,-2.18E-04,3.95E-05,1.71E-04,-1.46E-04,-3.44E-04,-2.93E-04,-1.33E-04,-2.02E-05,-3.29E-05,-4.37E-04,-2.10E-04,-4.56E-05,1.15E-04
3214,-1.13E-05,-4.26E-04,-3.10E-04,-2.29E-05,-1.33E-04,1.95E-04,-3.43E-04,-2.07E-04,4.12E-05,1.72E-04,-1.30E-04,-3.38E-04,-2.68E-04,-1.21E-04,-2.31E-05,-3.00E-05,-4.25E-04,-1.99E-04,-4.63E-05,1.12E-04
3215,-1.50E-05,-4.12E-04,-3.11E-04,-1.63E-05,-1.30E-04,1.98E-04,-3.18E-04,-1.96E-04,4.31E-05,1.74E-04,-1.16E-04,-3.31E-04,-2.43E-04,-1.10E-04,-2.48E-05,-2.66E-05,-4.13E-04,-1.87E-04,-4.66E-05,1.10E-04
3216,-1.94E-05,-3.92E-04,-3.10E-04,-9.95E-06,-1.25E-04,2.02E-04,-2.94E-04,-1.84E-04,4.52E-05,1.76E-04,-1.02E-04,-3.23E-04,-2.19E-04,-9.75E-05,-2.50E-05,-2.30E-05,-4.01E-04,-1.75E-04,-4.63E-05,1.07E-04
3217,-2.37E-05,-3.67E-04,-3.08E-04,-4.03E-06,-1.20E-04,2.06E-04,-2.71E-04,-1.71E-04,4.75E-05,1.78E-04,-9.01E-05,-3.13E-04,-1.98E-04,-8.49E-05,-2.36E-05,-1.92E-05,-3.88E-04,-1.62E-04,-4.53E-05,1.04E-04
3218,-2.77E-05,-3.38E-04,-3.05E-04,1.43E-06,-1.14E-04,2.11E-04,-2.50E-04,-1.56E-04,4.99E-05,1.81E-04,-7.88E-05,-3.02E-04,-1.80E-04,-7.20E-05,-2.09E-05,-1.54E-05,-3.74E-04,-1.50E-04,-4.38E-05,1.01E-04
3219,-3.11E-05,-3.07E-04,-3.01E-04,6.38E-06,-1.07E-04,2.15E-04,-2.31E-04,-1.39E-04,5.23E-05,1.83E-04,-6.88E-05,-2.90E-04,-1.67E-04,-5.89E-05,-1.68E-05,-1.16E-05,-3.61E-04,-1.36E-04,-4.16E-05,9.84E-05
3220,-3.37E-05,-2.74E-04,-2.95E-04,1.08E-05,-9.91E-05,2.20E-04,-2.13E-04,-1.21E-04,5.44E-05,1.85E-04,-6.01E-05,-2.75E-04,-1.59E-04,-4.58E-05,-1.18E-05,-7.93E-06,-3.47E-04,-1.23E-04,-3.89E-05,9.50E-05
3221,-3.55E-05,-2.42E-04,-2.89E-04,1.46E-05,-9.10E-05,2.25E-04,-1.96E-04,-1.02E-04,5.63E-05,1.87E-04,-5.27E-05,-2.59E-04,-1.56E-04,-3.29E-05,-6.15E-06,-4.64E-06,-3.33E-04,-1.09E-04,-3.58E-05,9.13E-05
3222,-3.67E-05,-2.12E-04,-2.81E-04,1.78E-05,-8.28E-05,2.29E-04,-1.81E-04,-8.10E-05,5.77E-05,1.88E-04,-4.65E-05,-2.41E-04,-1.57E-04,-2.05E-05,-3.72E-07,-1.85E-06,-3.18E-04,-9.56E-05,-3.25E-05,8.70E-05
3223,-3.74E-05,-1.84E-04,-2.74E-04,2.05E-05,-7.47E-05,2.33E-04,-1.66E-04,-5.98E-05,5.85E-05,1.88E-04,-4.15E-05,-2.22E-04,-1.64E-04,-8.75E-06,5.03E-06,2.85E-07,-3.04E-04,-8.19E-05,-2.92E-05,8.20E-05
3224,-3.78E-05,-1.60E-04,-2.66E-04,2.25E-05,-6.72E-05,2.35E-04,-1.51E-04,-3.84E-05,5.84E-05,1.86E-04,-3.78E-05,-2.02E-04,-1.74E-04,1.99E-06,9.56E-06,1.59E-06,-2.90E-04,-6.86E-05,-2.61E-05,7.63E-05
3225,-3.81E-05,-1.41E-04,-2.58E-04,2.39E-05,-6.05E-05,2.37E-04,-1.37E-04,-1.72E-05,5.75E-05,1.83E-04,-3.52E-05,-1.82E-04,-1.86E-04,1.15E-05,1.27E-05,1.91E-06,-2.76E-04,-5.58E-05,-2.34E-05,6.97E-05
3226,-3.85E-05,-1.26E-04,-2.51E-04,2.47E-05,-5.48E-05,2.37E-04,-1.23E-04,2.98E-06,5.56E-05,1.78E-04,-3.37E-05,-1.63E-04,-2.01E-04,1.94E-05,1.41E-05,1.10E-06,-2.63E-04,-4.39E-05,-2.13E-05,6.21E-05
3227,-3.90E-05,-1.15E-04,-2.44E-04,2.49E-05,-5.03E-05,2.35E-04,-1.10E-04,2.18E-05,5.26E-05,1.71E-04,-3.34E-05,-1.44E-04,-2.16E-04,2.56E-05,1.33E-05,-9.97E-07,-2.51E-04,-3.31E-05,-2.01E-05,5.36E-05
3228,-3.95E-05,-1.08E-04,-2.39E-04,2.44E-05,-4.73E-05,2.32E-04,-9.62E-05,3.86E-05,4.84E-05,1.62E-04,-3.40E-05,-1.28E-04,-2.29E-04,2.99E-05,1.01E-05,-4.47E-06,-2.39E-04,-2.37E-05,-1.98E-05,4.40E-05
3229,-3.98E-05,-1.04E-04,-2.35E-04,2.33E-05,-4.58E-05,2.27E-04,-8.34E-05,5.31E-05,4.32E-05,1.52E-04,-3.58E-05,-1.14E-04,-2.41E-04,3.21E-05,4.38E-06,-9.40E-06,-2.30E-04,-1.58E-05,-2.05E-05,3.35E-05
3230,-3.96E-05,-1.04E-04,-2.32E-04,2.15E-05,-4.58E-05,2.20E-04,-7.11E-05,6.49E-05,3.70E-05,1.39E-04,-3.84E-05,-1.04E-04,-2.49E-04,3.21E-05,-3.86E-06,-1.58E-05,-2.22E-04,-9.70E-06,-2.24E-05,2.21E-05
3231,-3.85E-05,-1.05E-04,-2.31E-04,1.91E-05,-4.74E-05,2.12E-04,-5.98E-05,7.38E-05,2.99E-05,1.25E-04,-4.20E-05,-9.66E-05,-2.53E-04,2.99E-05,-1.45E-05,-2.37E-05,-2.15E-04,-5.36E-06,-2.53E-05,9.77E-06
3232,-3.60E-05,-1.08E-04,-2.32E-04,1.59E-05,-5.05E-05,2.02E-04,-4.94E-05,7.98E-05,2.20E-05,1.10E-04,-4.65E-05,-9.37E-05,-2.53E-04,2.56E-05,-2.74E-05,-3.31E-05,-2.11E-04,-2.77E-06,-2.93E-05,-3.28E-06
3233,-3.17E-05,-1.11E-04,-2.33E-04,1.20E-05,-5.50E-05,1.91E-04,-4.04E-05,8.29E-05,1.36E-05,9.32E-05,-5.16E-05,-9.48E-05,-2.48E-04,1.91E-05,-4.21E-05,-4.38E-05,-2.08E-04,-1.78E-06,-3.43E-05,-1.69E-05
3234,-2.53E-05,-1.14E-04,-2.36E-04,7.43E-06,-6.06E-05,1.79E-04,-3.29E-05,8.33E-05,4.71E-06,7.56E-05,-5.74E-05,-9.99E-05,-2.38E-04,1.08E-05,-5.83E-05,-5.57E-05,-2.07E-04,-2.19E-06,-4.01E-05,-3.10E-05
3235,-1.63E-05,-1.17E-04,-2.40E-04,2.16E-06,-6.72E-05,1.66E-04,-2.69E-05,8.14E-05,-4.35E-06,5.75E-05,-6.37E-05,-1.09E-04,-2.24E-04,7.92E-07,-7.56E-05,-6.87E-05,-2.08E-04,-3.69E-06,-4.67E-05,-4.54E-05
3236,-4.77E-06,-1.20E-04,-2.44E-04,-3.75E-06,-7.47E-05,1.52E-04,-2.27E-05,7.76E-05,-1.34E-05,3.91E-05,-7.03E-05,-1.21E-04,-2.07E-04,-1.07E-05,-9.35E-05,-8.25E-05,-2.11E-04,-5.91E-06,-5.38E-05,-5.99E-05
3237,9.31E-06,-1.22E-04,-2.49E-04,-1.03E-05,-8.27E-05,1.38E-04,-2.02E-05,7.22E-05,-2.23E-05,2.08E-05,-7.71E-05,-1.35E-04,-1.88E-04,-2.33E-05,-1.12E-04,-9.69E-05,-2.14E-04,-8.45E-06,-6.13E-05,-7.44E-05
3238,2.56E-05,-1.23E-04,-2.53E-04,-1.73E-05,-9.12E-05,1.23E-04,-1.93E-05,6.59E-05,-3.09E-05,2.99E-06,-8.38E-05,-1.51E-04,-1.67E-04,-3.69E-05,-1.30E-04,-1.12E-04,-2.19E-04,-1.09E-05,-6.92E-05,-8.86E-05
3239,4.35E-05,-1.25E-04,-2.57E-04,-2.48E-05,-9.99E-05,1.09E-04,-1.97E-05,5.90E-05,-3.90E-05,-1.42E-05,-9.02E-05,-1.68E-04,-1.46E-04,-5.10E-05,-1.47E-04,-1.27E-04,-2.24E-04,-1.28E-05,-7.73E-05,-1.03E-04
3240,6.22E-05,-1.27E-04,-2.60E-04,-3.26E-05,-1.09E-04,9.53E-05,-2.14E-05,5.20E-05,-4.65E-05,-3.03E-05,-9.61E-05,-1.84E-04,-1.27E-04,-6.53E-05,-1.64E-04,-1.42E-04,-2.30E-04,-1.39E-05,-8.55E-05,-1.16E-04
3241,8.08E-05,-1.29E-04,-2.62E-04,-4.06E-05,-1.18E-04,8.18E-05,-2.40E-05,4.53E-05,-5.34E-05,-4.53E-05,-1.01E-04,-2.00E-04,-1.09E-04,-7.97E-05,-1.80E-04,-1.56E-04,-2.35E-04,-1.39E-05,-9.39E-05,-1.29E-04
3242,9.80E-05,-1.32E-04,-2.64E-04,-4.86E-05,-1.26E-04,6.91E-05,-2.71E-05,3.91E-05,-5.97E-05,-5.90E-05,-1.06E-04,-2.13E-04,-9.52E-05,-9.37E-05,-1.95E-04,-1.71E-04,-2.39E-04,-1.26E-05,-1.02E-04,-1.41E-04
3243,1.13E-04,-1.37E-04,-2.65E-04,-5.66E-05,-1.35E-04,5.71E-05,-3.05E-05,3.36E-05,-6.54E-05,-7.14E-05,-1.09E-04,-2.22E-04,-8.48E-05,-1.07E-04,-2.09E-04,-1.84E-04,-2.43E-04,-9.88E-06,-1.11E-04,-1.53E-04
3244,1.24E-04,-1.42E-04,-2.64E-04,-6.44E-05,-1.44E-04,4.59E-05,-3.38E-05,2.88E-05,-7.05E-05,-8.23E-05,-1.11E-04,-2.29E-04,-7.85E-05,-1.20E-04,-2.23E-04,-1.97E-04,-2.45E-04,-5.90E-06,-1.20E-04,-1.63E-04
3245,1.30E-04,-1.48E-04,-2.63E-04,-7.19E-05,-1.52E-04,3.57E-05,-3.67E-05,2.47E-05,-7.52E-05,-9.17E-05,-1.12E-04,-2.31E-04,-7.65E-05,-1.32E-04,-2.36E-04,-2.09E-04,-2.46E-04,-7.92E-07,-1.29E-04,-1.73E-04
3246,1.30E-04,-1.56E-04,-2.61E-04,-7.89E-05,-1.60E-04,2.65E-05,-3.90E-05,2.13E-05,-7.94E-05,-9.99E-05,-1.12E-04,-2.28E-04,-7.86E-05,-1.43E-04,-2.48E-04,-2.20E-04,-2.44E-04,5.16E-06,-1.38E-04,-1.82E-04
3247,1.24E-04,-1.63E-04,-2.59E-04,-8.52E-05,-1.69E-04,1.82E-05,-4.06E-05,1.83E-05,-8.34E-05,-1.07E-04,-1.11E-04,-2.21E-04,-8.45E-05,-1.53E-04,-2.61E-04,-2.31E-04,-2.41E-04,1.16E-05,-1.48E-04,-1.90E-04
3248,1.11E-04,-1.69E-04,-2.57E-04,-9.09E-05,-1.77E-04,1.08E-05,-4.15E-05,1.55E-05,-8.72E-05,-1.12E-04,-1.08E-04,-2.10E-04,-9.35E-05,-1.62E-04,-2.73E-04,-2.40E-04,-2.35E-04,1.81E-05,-1.58E-04,-1.97E-04
3249,9.18E-05,-1.75E-04,-2.54E-04,-9.58E-05,-1.85E-04,4.34E-06,-4.15E-05,1.26E-05,-9.09E-05,-1.17E-04,-1.04E-04,-1.94E-04,-1.05E-04,-1.70E-04,-2.85E-04,-2.48E-04,-2.28E-04,2.42E-05,-1.69E-04,-2.03E-04
3250,6.64E-05,-1.78E-04,-2.52E-04,-9.98E-05,-1.93E-04,-1.26E-06,-4.08E-05,9.44E-06,-9.45E-05,-1.21E-04,-9.93E-05,-1.76E-04,-1.17E-04,-1.76E-04,-2.97E-04,-2.55E-04,-2.18E-04,2.96E-05,-1.79E-04,-2.08E-04
3251,3.58E-05,-1.79E-04,-2.51E-04,-1.03E-04,-2.02E-04,-6.03E-06,-3.96E-05,5.84E-06,-9.82E-05,-1.24E-04,-9.37E-05,-1.54E-04,-1.30E-04,-1.82E-04,-3.10E-04,-2.61E-04,-2.07E-04,3.38E-05,-1.90E-04,-2.12E-04
3252,1.30E-06,-1.77E-04,-2.50E-04,-1.05E-04,-2.09E-04,-1.00E-05,-3.79E-05,1.66E-06,-1.02E-04,-1.27E-04,-8.73E-05,-1.31E-04,-1.43E-04,-1.87E-04,-3.23E-04,-2.66E-04,-1.95E-04,3.65E-05,-2.01E-04,-2.15E-04
3253,-3.54E-05,-1.70E-04,-2.49E-04,-1.07E-04,-2.17E-04,-1.32E-05,-3.59E-05,-3.16E-06,-1.06E-04,-1.28E-04,-8.05E-05,-1.07E-04,-1.54E-04,-1.90E-04,-3.36E-04,-2.71E-04,-1.82E-04,3.75E-05,-2.13E-04,-2.16E-04
3254,-7.24E-05,-1.60E-04,-2.49E-04,-1.07E-04,-2.24E-04,-1.57E-05,-3.38E-05,-8.58E-06,-1.09E-04,-1.30E-04,-7.35E-05,-8.29E-05,-1.63E-04,-1.93E-04,-3.48E-04,-2.74E-04,-1.68E-04,3.69E-05,-2.23E-04,-2.17E-04
3255,-1.08E-04,-1.46E-04,-2.49E-04,-1.07E-04,-2.31E-04,-1.74E-05,-3.16E-05,-1.45E-05,-1.13E-04,-1.31E-04,-6.64E-05,-5.96E-05,-1.70E-04,-1.95E-04,-3.60E-04,-2.76E-04,-1.53E-04,3.47E-05,-2.34E-04,-2.16E-04
3256,-1.40E-04,-1.29E-04,-2.50E-04,-1.06E-04,-2.36E-04,-1.84E-05,-2.93E-05,-2.07E-05,-1.16E-04,-1.32E-04,-5.94E-05,-3.80E-05,-1.74E-04,-1.96E-04,-3.72E-04,-2.76E-04,-1.39E-04,3.12E-05,-2.43E-04,-2.15E-04
3257,-1.66E-04,-1.09E-04,-2.50E-04,-1.04E-04,-2.41E-04,-1.86E-05,-2.69E-05,-2.69E-05,-1.20E-04,-1.32E-04,-5.27E-05,-1.86E-05,-1.76E-04,-1.97E-04,-3.82E-04,-2.76E-04,-1.25E-04,2.66E-05,-2.52E-04,-2.12E-04
3258,-1.86E-04,-8.64E-05,-2.51E-04,-1.01E-04,-2.45E-04,-1.82E-05,-2.42E-05,-3.29E-05,-1.22E-04,-1.32E-04,-4.65E-05,-1.90E-06,-1.75E-04,-1.97E-04,-3.91E-04,-2.75E-04,-1.13E-04,2.15E-05,-2.59E-04,-2.08E-04
3259,-1.97E-04,-6.35E-05,-2.50E-04,-9.86E-05,-2.47E-04,-1.70E-05,-2.10E-05,-3.82E-05,-1.25E-04,-1.32E-04,-4.09E-05,1.17E-05,-1.73E-04,-1.96E-04,-3.99E-04,-2.72E-04,-1.01E-04,1.63E-05,-2.66E-04,-2.04E-04
3260,-1.99E-04,-4.08E-05,-2.49E-04,-9.53E-05,-2.48E-04,-1.51E-05,-1.67E-05,-4.27E-05,-1.27E-04,-1.31E-04,-3.59E-05,2.21E-05,-1.68E-04,-1.94E-04,-4.04E-04,-2.68E-04,-9.10E-05,1.16E-05,-2.71E-04,-1.98E-04
3261,-1.93E-04,-1.98E-05,-2.47E-04,-9.18E-05,-2.48E-04,-1.26E-05,-1.12E-05,-4.61E-05,-1.28E-04,-1.30E-04,-3.17E-05,2.94E-05,-1.63E-04,-1.92E-04,-4.07E-04,-2.63E-04,-8.24E-05,8.02E-06,-2.74E-04,-1.92E-04
3262,-1.78E-04,-1.46E-06,-2.43E-04,-8.80E-05,-2.46E-04,-9.42E-06,-3.90E-06,-4.80E-05,-1.29E-04,-1.28E-04,-2.82E-05,3.36E-05,-1.58E-04,-1.89E-04,-4.09E-04,-2.57E-04,-7.52E-05,6.02E-06,-2.76E-04,-1.86E-04
3263,-1.56E-04,1.31E-05,-2.38E-04,-8.42E-05,-2.43E-04,-5.66E-06,5.62E-06,-4.85E-05,-1.28E-04,-1.27E-04,-2.56E-05,3.52E-05,-1.53E-04,-1.86E-04,-4.08E-04,-2.50E-04,-6.96E-05,6.04E-06,-2.76E-04,-1.79E-04
3264,-1.27E-04,2.31E-05,-2.32E-04,-8.04E-05,-2.39E-04,-1.40E-06,1.77E-05,-4.74E-05,-1.28E-04,-1.25E-04,-2.37E-05,3.45E-05,-1.49E-04,-1.82E-04,-4.05E-04,-2.42E-04,-6.52E-05,8.38E-06,-2.75E-04,-1.72E-04
3265,-9.48E-05,2.81E-05,-2.24E-04,-7.67E-05,-2.34E-04,3.29E-06,3.27E-05,-4.48E-05,-1.26E-04,-1.22E-04,-2.25E-05,3.19E-05,-1.46E-04,-1.77E-04,-3.99E-04,-2.33E-04,-6.20E-05,1.32E-05,-2.73E-04,-1.66E-04
3266,-6.04E-05,2.79E-05,-2.15E-04,-7.32E-05,-2.28E-04,8.30E-06,5.08E-05,-4.08E-05,-1.24E-04,-1.20E-04,-2.19E-05,2.80E-05,-1.45E-04,-1.72E-04,-3.92E-04,-2.23E-04,-5.96E-05,2.05E-05,-2.70E-04,-1.60E-04
3267,-2.63E-05,2.25E-05,-2.05E-04,-6.99E-05,-2.21E-04,1.35E-05,7.20E-05,-3.57E-05,-1.22E-04,-1.17E-04,-2.19E-05,2.31E-05,-1.45E-04,-1.67E-04,-3.84E-04,-2.13E-04,-5.78E-05,3.02E-05,-2.66E-04,-1.54E-04
3268,5.17E-06,1.26E-05,-1.94E-04,-6.70E-05,-2.14E-04,1.88E-05,9.61E-05,-2.97E-05,-1.19E-04,-1.14E-04,-2.23E-05,1.77E-05,-1.47E-04,-1.61E-04,-3.74E-04,-2.03E-04,-5.61E-05,4.20E-05,-2.62E-04,-1.49E-04
3269,3.19E-05,-9.30E-07,-1.82E-04,-6.44E-05,-2.07E-04,2.41E-05,1.23E-04,-2.31E-05,-1.16E-04,-1.11E-04,-2.30E-05,1.22E-05,-1.50E-04,-1.55E-04,-3.63E-04,-1.93E-04,-5.42E-05,5.53E-05,-2.58E-04,-1.45E-04
3270,5.23E-05,-1.71E-05,-1.71E-04,-6.22E-05,-2.00E-04,2.92E-05,1.52E-04,-1.64E-05,-1.12E-04,-1.08E-04,-2.38E-05,6.72E-06,-1.54E-04,-1.48E-04,-3.52E-04,-1.83E-04,-5.19E-05,6.98E-05,-2.54E-04,-1.42E-04
3271,6.50E-05,-3.46E-05,-1.59E-04,-6.04E-05,-1.94E-04,3.41E-05,1.82E-04,-9.83E-06,-1.09E-04,-1.05E-04,-2.46E-05,1.55E-06,-1.58E-04,-1.41E-04,-3.41E-04,-1.73E-04,-4.87E-05,8.48E-05,-2.50E-04,-1.40E-04
3272,6.95E-05,-5.20E-05,-1.48E-04,-5.90E-05,-1.88E-04,3.86E-05,2.13E-04,-3.72E-06,-1.06E-04,-1.02E-04,-2.54E-05,-3.24E-06,-1.62E-04,-1.34E-04,-3.30E-04,-1.64E-04,-4.44E-05,9.96E-05,-2.47E-04,-1.39E-04
3273,6.57E-05,-6.80E-05,-1.38E-04,-5.80E-05,-1.83E-04,4.27E-05,2.44E-04,1.67E-06,-1.02E-04,-9.98E-05,-2.58E-05,-7.63E-06,-1.64E-04,-1.27E-04,-3.19E-04,-1.55E-04,-3.90E-05,1.14E-04,-2.45E-04,-1.38E-04
3274,5.42E-05,-8.12E-05,-1.29E-04,-5.74E-05,-1.79E-04,4.64E-05,2.73E-04,6.18E-06,-9.89E-05,-9.74E-05,-2.58E-05,-1.16E-05,-1.66E-04,-1.20E-04,-3.10E-04,-1.47E-04,-3.22E-05,1.26E-04,-2.44E-04,-1.39E-04
3275,3.63E-05,-9.05E-05,-1.21E-04,-5.71E-05,-1.75E-04,4.95E-05,3.00E-04,9.73E-06,-9.58E-05,-9.52E-05,-2.53E-05,-1.53E-05,-1.66E-04,-1.13E-04,-3.02E-04,-1.39E-04,-2.41E-05,1.37E-04,-2.43E-04,-1.40E-04
3276,1.35E-05,-9.52E-05,-1.15E-04,-5.70E-05,-1.73E-04,5.23E-05,3.23E-04,1.23E-05,-9.29E-05,-9.31E-05,-2.42E-05,-1.88E-05,-1.63E-04,-1.06E-04,-2.95E-04,-1.32E-04,-1.47E-05,1.46E-04,-2.43E-04,-1.42E-04
3277,-1.19E-05,-9.47E-05,-1.09E-04,-5.70E-05,-1.70E-04,5.45E-05,3.43E-04,1.41E-05,-9.02E-05,-9.12E-05,-2.24E-05,-2.21E-05,-1.58E-04,-9.81E-05,-2.89E-04,-1.26E-04,-4.34E-06,1.53E-04,-2.44E-04,-1.44E-04
3278,-3.77E-05,-8.89E-05,-1.05E-04,-5.71E-05,-1.69E-04,5.64E-05,3.57E-04,1.52E-05,-8.75E-05,-8.93E-05,-1.98E-05,-2.54E-05,-1.51E-04,-9.05E-05,-2.85E-04,-1.20E-04,6.91E-06,1.57E-04,-2.45E-04,-1.46E-04
3279,-6.15E-05,-7.82E-05,-1.01E-04,-5.71E-05,-1.67E-04,5.81E-05,3.67E-04,1.59E-05,-8.50E-05,-8.74E-05,-1.65E-05,-2.85E-05,-1.41E-04,-8.28E-05,-2.82E-04,-1.14E-04,1.87E-05,1.59E-04,-2.47E-04,-1.48E-04
3280,-8.08E-05,-6.29E-05,-9.80E-05,-5.67E-05,-1.66E-04,5.95E-05,3.71E-04,1.65E-05,-8.25E-05,-8.53E-05,-1.23E-05,-3.14E-05,-1.29E-04,-7.48E-05,-2.81E-04,-1.08E-04,3.07E-05,1.59E-04,-2.49E-04,-1.49E-04
3281,-9.35E-05,-4.42E-05,-9.51E-05,-5.60E-05,-1.64E-04,6.09E-05,3.70E-04,1.74E-05,-7.99E-05,-8.31E-05,-7.40E-06,-3.40E-05,-1.15E-04,-6.65E-05,-2.80E-04,-1.02E-04,4.27E-05,1.57E-04,-2.52E-04,-1.51E-04
3282,-9.80E-05,-2.29E-05,-9.18E-05,-5.47E-05,-1.62E-04,6.24E-05,3.64E-04,1.89E-05,-7.72E-05,-8.06E-05,-1.77E-06,-3.61E-05,-1.00E-04,-5.78E-05,-2.80E-04,-9.57E-05,5.42E-05,1.55E-04,-2.54E-04,-1.52E-04
3283,-9.28E-05,-4.12E-07,-8.80E-05,-5.26E-05,-1.60E-04,6.40E-05,3.54E-04,2.13E-05,-7.43E-05,-7.77E-05,4.48E-06,-3.75E-05,-8.47E-05,-4.85E-05,-2.81E-04,-8.85E-05,6.50E-05,1.51E-04,-2.55E-04,-1.52E-04
3284,-7.74E-05,2.21E-05,-8.32E-05,-4.97E-05,-1.57E-04,6.59E-05,3.40E-04,2.49E-05,-7.11E-05,-7.43E-05,1.13E-05,-3.79E-05,-6.87E-05,-3.85E-05,-2.81E-04,-8.04E-05,7.49E-05,1.48E-04,-2.57E-04,-1.51E-04
3285,-5.18E-05,4.37E-05,-7.72E-05,-4.57E-05,-1.53E-04,6.83E-05,3.25E-04,2.98E-05,-6.76E-05,-7.05E-05,1.84E-05,-3.70E-05,-5.31E-05,-2.78E-05,-2.82E-04,-7.12E-05,8.37E-05,1.45E-04,-2.58E-04,-1.50E-04
3286,-1.65E-05,6.32E-05,-6.96E-05,-4.05E-05,-1.48E-04,7.11E-05,3.09E-04,3.61E-05,-6.37E-05,-6.61E-05,2.59E-05,-3.46E-05,-3.81E-05,-1.62E-05,-2.82E-04,-6.10E-05,9.14E-05,1.43E-04,-2.58E-04,-1.48E-04
3287,2.73E-05,8.00E-05,-6.03E-05,-3.40E-05,-1.42E-04,7.45E-05,2.94E-04,4.38E-05,-5.94E-05,-6.10E-05,3.35E-05,-3.05E-05,-2.42E-05,-3.61E-06,-2.82E-04,-4.94E-05,9.80E-05,1.43E-04,-2.57E-04,-1.45E-04
3288,7.76E-05,9.39E-05,-4.93E-05,-2.62E-05,-1.35E-04,7.84E-05,2.81E-04,5.29E-05,-5.47E-05,-5.54E-05,4.12E-05,-2.45E-05,-1.16E-05,9.93E-06,-2.80E-04,-3.66E-05,1.04E-04,1.44E-04,-2.56E-04,-1.41E-04
3289,1.32E-04,1.05E-04,-3.66E-05,-1.70E-05,-1.28E-04,8.30E-05,2.71E-04,6.32E-05,-4.96E-05,-4.92E-05,4.88E-05,-1.65E-05,-4.32E-07,2.45E-05,-2.78E-04,-2.26E-05,1.09E-04,1.48E-04,-2.54E-04,-1.37E-04
3290,1.89E-04,1.13E-04,-2.23E-05,-6.45E-06,-1.19E-04,8.82E-05,2.66E-04,7.45E-05,-4.41E-05,-4.24E-05,5.63E-05,-6.54E-06,9.24E-06,4.01E-05,-2.74E-04,-7.37E-06,1.13E-04,1.53E-04,-2.52E-04,-1.32E-04
3291,2.45E-04,1.19E-04,-6.51E-06,5.39E-06,-1.10E-04,9.39E-05,2.66E-04,8.66E-05,-3.83E-05,-3.52E-05,6.35E-05,5.16E-06,1.75E-05,5.66E-05,-2.69E-04,8.94E-06,1.18E-04,1.60E-04,-2.49E-04,-1.27E-04
3292,2.99E-04,1.25E-04,1.04E-05,1.84E-05,-9.97E-05,1.00E-04,2.72E-04,9.91E-05,-3.21E-05,-2.74E-05,7.04E-05,1.84E-05,2.46E-05,7.40E-05,-2.62E-04,2.62E-05,1.22E-04,1.69E-04,-2.45E-04,-1.22E-04
3293,3.47E-04,1.30E-04,2.82E-05,3.25E-05,-8.91E-05,1.07E-04,2.84E-04,1.12E-04,-2.57E-05,-1.93E-05,7.71E-05,3.27E-05,3.07E-05,9.23E-05,-2.54E-04,4.43E-05,1.28E-04,1.79E-04,-2.41E-04,-1.17E-04
3294,3.88E-04,1.37E-04,4.65E-05,4.75E-05,-7.80E-05,1.14E-04,3.02E-04,1.25E-04,-1.90E-05,-1.09E-05,8.34E-05,4.77E-05,3.61E-05,1.11E-04,-2.44E-04,6.29E-05,1.35E-04,1.91E-04,-2.36E-04,-1.11E-04
3295,4.20E-04,1.45E-04,6.51E-05,6.32E-05,-6.65E-05,1.22E-04,3.26E-04,1.37E-04,-1.23E-05,-2.35E-06,8.95E-05,6.30E-05,4.12E-05,1.30E-04,-2.33E-04,8.20E-05,1.43E-04,2.03E-04,-2.31E-04,-1.05E-04
3296,4.43E-04,1.57E-04,8.36E-05,7.93E-05,-5.46E-05,1.29E-04,3.55E-04,1.49E-04,-5.36E-06,6.31E-06,9.54E-05,7.78E-05,4.63E-05,1.50E-04,-2.20E-04,1.01E-04,1.53E-04,2.17E-04,-2.25E-04,-9.99E-05
3297,4.57E-04,1.73E-04,1.02E-04,9.55E-05,-4.24E-05,1.37E-04,3.87E-04,1.61E-04,1.58E-06,1.49E-05,1.01E-04,9.18E-05,5.15E-05,1.70E-04,-2.06E-04,1.21E-04,1.65E-04,2.30E-04,-2.19E-04,-9.44E-05
3298,4.62E-04,1.94E-04,1.19E-04,1.12E-04,-3.00E-05,1.45E-04,4.23E-04,1.72E-04,8.53E-06,2.35E-05,1.06E-04,1.04E-04,5.72E-05,1.90E-04,-1.91E-04,1.40E-04,1.80E-04,2.44E-04,-2.13E-04,-8.91E-05
3299,4.58E-04,2.19E-04,1.36E-04,1.27E-04,-1.73E-05,1.53E-04,4.59E-04,1.82E-04,1.55E-05,3.17E-05,1.12E-04,1.15E-04,6.34E-05,2.09E-04,-1.75E-04,1.59E-04,1.97E-04,2.58E-04,-2.06E-04,-8.39E-05
3300,4.46E-04,2.49E-04,1.53E-04,1.43E-04,-4.40E-06,1.60E-04,4.96E-04,1.93E-04,2.23E-05,3.97E-05,1.17E-04,1.23E-04,7.03E-05,2.28E-04,-1.58E-04,1.78E-04,2.16E-04,2.71E-04,-1.98E-04,-7.90E-05
3301,4.29E-04,2.82E-04,1.68E-04,1.57E-04,8.68E-06,1.68E-04,5.31E-04,2.03E-04,2.90E-05,4.72E-05,1.22E-04,1.30E-04,7.77E-05,2.47E-04,-1.40E-04,1.96E-04,2.37E-04,2.84E-04,-1.91E-04,-7.43E-05
3302,4.06E-04,3.19E-04,1.83E-04,1.70E-04,2.19E-05,1.75E-04,5.63E-04,2.13E-04,3.56E-05,5.41E-05,1.26E-04,1.33E-04,8.57E-05,2.65E-04,-1.22E-04,2.14E-04,2.59E-04,2.97E-04,-1.82E-04,-6.99E-05
3303,3.81E-04,3.57E-04,1.98E-04,1.83E-04,3.52E-05,1.82E-04,5.92E-04,2.24E-04,4.20E-05,6.05E-05,1.31E-04,1.34E-04,9.40E-05,2.82E-04,-1.03E-04,2.31E-04,2.83E-04,3.10E-04,-1.73E-04,-6.59E-05
3304,3.54E-04,3.95E-04,2.12E-04,1.94E-04,4.86E-05,1.88E-04,6.16E-04,2.35E-04,4.82E-05,6.62E-05,1.35E-04,1.33E-04,1.02E-04,2.98E-04,-8.46E-05,2.47E-04,3.07E-04,3.22E-04,-1.64E-04,-6.23E-05
3305,3.27E-04,4.32E-04,2.26E-04,2.03E-04,6.19E-05,1.94E-04,6.35E-04,2.46E-04,5.42E-05,7.11E-05,1.38E-04,1.30E-04,1.11E-04,3.13E-04,-6.61E-05,2.63E-04,3.31E-04,3.34E-04,-1.55E-04,-5.92E-05
3306,3.01E-04,4.66E-04,2.39E-04,2.12E-04,7.50E-05,1.99E-04,6.48E-04,2.58E-04,5.99E-05,7.53E-05,1.42E-04,1.26E-04,1.19E-04,3.28E-04,-4.79E-05,2.78E-04,3.55E-04,3.46E-04,-1.45E-04,-5.67E-05
3307,2.77E-04,4.95E-04,2.54E-04,2.19E-04,8.79E-05,2.04E-04,6.55E-04,2.71E-04,6.53E-05,7.86E-05,1.44E-04,1.20E-04,1.27E-04,3.41E-04,-3.01E-05,2.92E-04,3.78E-04,3.58E-04,-1.35E-04,-5.49E-05
3308,2.56E-04,5.20E-04,2.68E-04,2.25E-04,1.00E-04,2.08E-04,6.58E-04,2.84E-04,7.03E-05,8.10E-05,1.45E-04,1.15E-04,1.34E-04,3.53E-04,-1.29E-05,3.05E-04,4.00E-04,3.70E-04,-1.26E-04,-5.38E-05
3309,2.38E-04,5.38E-04,2.83E-04,2.30E-04,1.12E-04,2.12E-04,6.56E-04,2.98E-04,7.50E-05,8.27E-05,1.46E-04,1.09E-04,1.40E-04,3.65E-04,3.69E-06,3.17E-04,4.20E-04,3.82E-04,-1.17E-04,-5.36E-05
3310,2.24E-04,5.50E-04,2.98E-04,2.35E-04,1.24E-04,2.15E-04,6.51E-04,3.12E-04,7.93E-05,8.34E-05,1.46E-04,1.04E-04,1.46E-04,3.76E-04,1.95E-05,3.29E-04,4.38E-04,3.94E-04,-1.08E-04,-5.42E-05
3311,2.14E-04,5.56E-04,3.14E-04,2.39E-04,1.34E-04,2.17E-04,6.43E-04,3.26E-04,8.32E-05,8.34E-05,1.45E-04,1.00E-04,1.51E-04,3.86E-04,3.45E-05,3.40E-04,4.54E-04,4.06E-04,-1.00E-04,-5.58E-05
3312,2.08E-04,5.56E-04,3.29E-04,2.42E-04,1.44E-04,2.19E-04,6.35E-04,3.39E-04,8.66E-05,8.26E-05,1.44E-04,9.78E-05,1.55E-04,3.95E-04,4.87E-05,3.50E-04,4.67E-04,4.17E-04,-9.35E-05,-5.84E-05
3313,2.05E-04,5.51E-04,3.45E-04,2.46E-04,1.53E-04,2.20E-04,6.27E-04,3.52E-04,8.95E-05,8.10E-05,1.41E-04,9.71E-05,1.59E-04,4.04E-04,6.20E-05,3.59E-04,4.79E-04,4.28E-04,-8.76E-05,-6.19E-05
3314,2.07E-04,5.43E-04,3.61E-04,2.49E-04,1.61E-04,2.20E-04,6.21E-04,3.63E-04,9.20E-05,7.88E-05,1.39E-04,9.82E-05,1.62E-04,4.12E-04,7.44E-05,3.67E-04,4.89E-04,4.38E-04,-8.28E-05,-6.62E-05
3315,2.12E-04,5.33E-04,3.76E-04,2.53E-04,1.68E-04,2.20E-04,6.17E-04,3.74E-04,9.39E-05,7.61E-05,1.36E-04,1.01E-04,1.65E-04,4.19E-04,8.60E-05,3.74E-04,4.97E-04,4.48E-04,-7.91E-05,-7.13E-05
3316,2.22E-04,5.23E-04,3.91E-04,2.58E-04,1.73E-04,2.19E-04,6.18E-04,3.83E-04,9.54E-05,7.28E-05,1.33E-04,1.06E-04,1.67E-04,4.26E-04,9.69E-05,3.81E-04,5.04E-04,4.56E-04,-7.66E-05,-7.70E-05
3317,2.36E-04,5.15E-04,4.05E-04,2.63E-04,1.79E-04,2.18E-04,6.23E-04,3.91E-04,9.64E-05,6.92E-05,1.31E-04,1.12E-04,1.70E-04,4.32E-04,1.07E-04,3.86E-04,5.11E-04,4.64E-04,-7.51E-05,-8.32E-05
3318,2.55E-04,5.10E-04,4.18E-04,2.69E-04,1.83E-04,2.17E-04,6.33E-04,3.97E-04,9.70E-05,6.53E-05,1.30E-04,1.19E-04,1.72E-04,4.38E-04,1.16E-04,3.92E-04,5.16E-04,4.71E-04,-7.45E-05,-8.96E-05
3319,2.78E-04,5.10E-04,4.30E-04,2.75E-04,1.87E-04,2.15E-04,6.49E-04,4.02E-04,9.72E-05,6.11E-05,1.30E-04,1.27E-04,1.75E-04,4.44E-04,1.25E-04,3.96E-04,5.22E-04,4.76E-04,-7.48E-05,-9.61E-05
3320,3.07E-04,5.17E-04,4.40E-04,2.83E-04,1.90E-04,2.13E-04,6.70E-04,4.06E-04,9.70E-05,5.69E-05,1.31E-04,1.36E-04,1.78E-04,4.49E-04,1.33E-04,4.00E-04,5.29E-04,4.81E-04,-7.56E-05,-1.03E-04
3321,3.41E-04,5.30E-04,4.50E-04,2.91E-04,1.94E-04,2.10E-04,6.95E-04,4.09E-04,9.65E-05,5.27E-05,1.35E-04,1.45E-04,1.81E-04,4.54E-04,1.41E-04,4.03E-04,5.36E-04,4.85E-04,-7.68E-05,-1.09E-04
3322,3.80E-04,5.51E-04,4.58E-04,3.01E-04,1.97E-04,2.08E-04,7.24E-04,4.11E-04,9.58E-05,4.87E-05,1.40E-04,1.54E-04,1.84E-04,4.59E-04,1.48E-04,4.07E-04,5.44E-04,4.88E-04,-7.81E-05,-1.14E-04
3323,4.23E-04,5.79E-04,4.64E-04,3.11E-04,2.01E-04,2.06E-04,7.56E-04,4.13E-04,9.49E-05,4.48E-05,1.47E-04,1.63E-04,1.87E-04,4.64E-04,1.55E-04,4.10E-04,5.53E-04,4.92E-04,-7.93E-05,-1.19E-04
3324,4.71E-04,6.14E-04,4.70E-04,3.21E-04,2.05E-04,2.04E-04,7.90E-04,4.16E-04,9.40E-05,4.11E-05,1.57E-04,1.72E-04,1.90E-04,4.69E-04,1.62E-04,4.13E-04,5.64E-04,4.95E-04,-8.02E-05,-1.23E-04
3325,5.22E-04,6.55E-04,4.75E-04,3.32E-04,2.09E-04,2.03E-04,8.25E-04,4.19E-04,9.30E-05,3.78E-05,1.68E-04,1.80E-04,1.93E-04,4.74E-04,1.68E-04,4.16E-04,5.76E-04,4.99E-04,-8.07E-05,-1.27E-04
3326,5.74E-04,6.99E-04,4.80E-04,3.44E-04,2.14E-04,2.02E-04,8.59E-04,4.23E-04,9.21E-05,3.49E-05,1.82E-04,1.89E-04,1.95E-04,4.79E-04,1.75E-04,4.20E-04,5.89E-04,5.03E-04,-8.05E-05,-1.29E-04
3327,6.27E-04,7.46E-04,4.85E-04,3.55E-04,2.19E-04,2.01E-04,8.92E-04,4.29E-04,9.12E-05,3.24E-05,1.97E-04,1.98E-04,1.98E-04,4.85E-04,1.81E-04,4.24E-04,6.04E-04,5.08E-04,-7.96E-05,-1.30E-04
3328,6.78E-04,7.93E-04,4.90E-04,3.67E-04,2.26E-04,2.01E-04,9.21E-04,4.36E-04,9.06E-05,3.04E-05,2.13E-04,2.08E-04,2.00E-04,4.91E-04,1.86E-04,4.28E-04,6.20E-04,5.14E-04,-7.78E-05,-1.31E-04
3329,7.27E-04,8.39E-04,4.96E-04,3.78E-04,2.32E-04,2.02E-04,9.47E-04,4.45E-04,9.01E-05,2.89E-05,2.30E-04,2.19E-04,2.02E-04,4.97E-04,1.92E-04,4.33E-04,6.36E-04,5.21E-04,-7.53E-05,-1.31E-04
3330,7.70E-04,8.82E-04,5.02E-04,3.89E-04,2.39E-04,2.03E-04,9.69E-04,4.55E-04,8.99E-05,2.78E-05,2.48E-04,2.31E-04,2.03E-04,5.04E-04,1.98E-04,4.38E-04,6.53E-04,5.29E-04,-7.21E-05,-1.31E-04
3331,8.06E-04,9.19E-04,5.10E-04,4.00E-04,2.47E-04,2.05E-04,9.87E-04,4.67E-04,9.00E-05,2.72E-05,2.65E-04,2.44E-04,2.04E-04,5.11E-04,2.04E-04,4.43E-04,6.71E-04,5.38E-04,-6.82E-05,-1.30E-04
3332,8.33E-04,9.51E-04,5.19E-04,4.10E-04,2.54E-04,2.07E-04,1.00E-03,4.81E-04,9.03E-05,2.71E-05,2.82E-04,2.59E-04,2.06E-04,5.19E-04,2.10E-04,4.48E-04,6.89E-04,5.48E-04,-6.37E-05,-1.29E-04
3333,8.51E-04,9.74E-04,5.30E-04,4.19E-04,2.62E-04,2.10E-04,1.01E-03,4.96E-04,9.08E-05,2.73E-05,2.97E-04,2.76E-04,2.07E-04,5.27E-04,2.16E-04,4.54E-04,7.08E-04,5.58E-04,-5.89E-05,-1.28E-04
3334,8.59E-04,9.90E-04,5.41E-04,4.27E-04,2.69E-04,2.14E-04,1.01E-03,5.11E-04,9.15E-05,2.78E-05,3.10E-04,2.94E-04,2.08E-04,5.35E-04,2.22E-04,4.60E-04,7.26E-04,5.69E-04,-5.39E-05,-1.27E-04
3335,8.56E-04,9.98E-04,5.54E-04,4.34E-04,2.76E-04,2.17E-04,1.02E-03,5.27E-04,9.23E-05,2.86E-05,3.20E-04,3.13E-04,2.10E-04,5.43E-04,2.28E-04,4.65E-04,7.45E-04,5.80E-04,-4.88E-05,-1.27E-04
3336,8.44E-04,9.97E-04,5.68E-04,4.41E-04,2.82E-04,2.21E-04,1.02E-03,5.43E-04,9.33E-05,2.96E-05,3.29E-04,3.33E-04,2.12E-04,5.51E-04,2.33E-04,4.70E-04,7.64E-04,5.90E-04,-4.40E-05,-1.27E-04
3337,8.23E-04,9.90E-04,5.83E-04,4.46E-04,2.88E-04,2.24E-04,1.01E-03,5.58E-04,9.41E-05,3.05E-05,3.34E-04,3.54E-04,2.14E-04,5.59E-04,2.39E-04,4.74E-04,7.82E-04,6.00E-04,-3.94E-05,-1.28E-04
3338,7.95E-04,9.76E-04,5.99E-04,4.50E-04,2.93E-04,2.28E-04,1.01E-03,5.73E-04,9.49E-05,3.14E-05,3.36E-04,3.74E-04,2.17E-04,5.66E-04,2.45E-04,4.77E-04,8.01E-04,6.09E-04,-3.53E-05,-1.30E-04
3339,7.63E-04,9.57E-04,6.15E-04,4.52E-04,2.97E-04,2.30E-04,1.01E-03,5.86E-04,9.54E-05,3.20E-05,3.36E-04,3.94E-04,2.21E-04,5.72E-04,2.50E-04,4.79E-04,8.20E-04,6.16E-04,-3.19E-05,-1.32E-04
3340,7.29E-04,9.35E-04,6.30E-04,4.53E-04,2.99E-04,2.33E-04,1.01E-03,5.97E-04,9.55E-05,3.23E-05,3.33E-04,4.11E-04,2.25E-04,5.77E-04,2.54E-04,4.80E-04,8.39E-04,6.22E-04,-2.91E-05,-1.35E-04
3341,6.96E-04,9.10E-04,6.45E-04,4.53E-04,3.01E-04,2.34E-04,1.01E-03,6.06E-04,9.52E-05,3.20E-05,3.27E-04,4.26E-04,2.29E-04,5.80E-04,2.58E-04,4.80E-04,8.58E-04,6.27E-04,-2.70E-05,-1.39E-04
3342,6.66E-04,8.85E-04,6.60E-04,4.51E-04,3.02E-04,2.34E-04,1.01E-03,6.14E-04,9.43E-05,3.12E-05,3.19E-04,4.37E-04,2.34E-04,5.82E-04,2.62E-04,4.78E-04,8.77E-04,6.31E-04,-2.57E-05,-1.44E-04
3343,6.43E-04,8.61E-04,6.73E-04,4.48E-04,3.02E-04,2.34E-04,1.02E-03,6.19E-04,9.28E-05,2.97E-05,3.10E-04,4.45E-04,2.40E-04,5.82E-04,2.64E-04,4.74E-04,8.95E-04,6.33E-04,-2.51E-05,-1.49E-04
3344,6.28E-04,8.39E-04,6.85E-04,4.44E-04,3.01E-04,2.32E-04,1.03E-03,6.22E-04,9.05E-05,2.74E-05,2.99E-04,4.49E-04,2.45E-04,5.81E-04,2.66E-04,4.69E-04,9.13E-04,6.34E-04,-2.51E-05,-1.54E-04
3345,6.23E-04,8.20E-04,6.96E-04,4.38E-04,2.99E-04,2.28E-04,1.04E-03,6.23E-04,8.74E-05,2.44E-05,2.88E-04,4.48E-04,2.51E-04,5.78E-04,2.66E-04,4.62E-04,9.30E-04,6.33E-04,-2.58E-05,-1.60E-04
3346,6.28E-04,8.04E-04,7.04E-04,4.31E-04,2.97E-04,2.24E-04,1.05E-03,6.23E-04,8.36E-05,2.05E-05,2.76E-04,4.43E-04,2.56E-04,5.73E-04,2.66E-04,4.54E-04,9.46E-04,6.33E-04,-2.69E-05,-1.66E-04
3347,6.44E-04,7.92E-04,7.12E-04,4.22E-04,2.93E-04,2.18E-04,1.06E-03,6.21E-04,7.90E-05,1.60E-05,2.65E-04,4.34E-04,2.61E-04,5.67E-04,2.64E-04,4.44E-04,9.61E-04,6.31E-04,-2.84E-05,-1.71E-04
3348,6.71E-04,7.84E-04,7.17E-04,4.12E-04,2.90E-04,2.11E-04,1.07E-03,6.17E-04,7.38E-05,1.07E-05,2.55E-04,4.22E-04,2.66E-04,5.59E-04,2.62E-04,4.33E-04,9.75E-04,6.30E-04,-3.01E-05,-1.77E-04
3349,7.05E-04,7.80E-04,7.21E-04,4.01E-04,2.85E-04,2.03E-04,1.08E-03,6.12E-04,6.79E-05,4.97E-06,2.46E-04,4.07E-04,2.71E-04,5.50E-04,2.58E-04,4.22E-04,9.86E-04,6.28E-04,-3.20E-05,-1.83E-04
3350,7.46E-04,7.79E-04,7.24E-04,3.88E-04,2.81E-04,1.94E-04,1.08E-03,6.06E-04,6.15E-05,-1.16E-06,2.39E-04,3.89E-04,2.75E-04,5.40E-04,2.54E-04,4.10E-04,9.96E-04,6.27E-04,-3.37E-05,-1.88E-04
3351,7.90E-04,7.81E-04,7.25E-04,3.75E-04,2.75E-04,1.84E-04,1.09E-03,5.99E-04,5.49E-05,-7.45E-06,2.33E-04,3.71E-04,2.79E-04,5.30E-04,2.50E-04,3.97E-04,1.00E-03,6.26E-04,-3.54E-05,-1.94E-04
3352,8.35E-04,7.84E-04,7.26E-04,3.61E-04,2.70E-04,1.74E-04,1.09E-03,5.92E-04,4.81E-05,-1.37E-05,2.29E-04,3.53E-04,2.84E-04,5.19E-04,2.45E-04,3.85E-04,1.01E-03,6.26E-04,-3.67E-05,-1.98E-04
3353,8.77E-04,7.89E-04,7.26E-04,3.46E-04,2.64E-04,1.63E-04,1.09E-03,5.84E-04,4.13E-05,-1.97E-05,2.27E-04,3.36E-04,2.88E-04,5.09E-04,2.40E-04,3.73E-04,1.02E-03,6.26E-04,-3.77E-05,-2.02E-04
3354,9.13E-04,7.95E-04,7.25E-04,3.30E-04,2.58E-04,1.52E-04,1.08E-03,5.75E-04,3.47E-05,-2.52E-05,2.27E-04,3.21E-04,2.92E-04,4.99E-04,2.35E-04,3.61E-04,1.02E-03,6.26E-04,-3.83E-05,-2.06E-04
3355,9.42E-04,8.00E-04,7.25E-04,3.15E-04,2.51E-04,1.40E-04,1.07E-03,5.66E-04,2.86E-05,-3.00E-05,2.28E-04,3.09E-04,2.97E-04,4.90E-04,2.31E-04,3.51E-04,1.02E-03,6.27E-04,-3.84E-05,-2.09E-04
3356,9.60E-04,8.05E-04,7.24E-04,2.99E-04,2.45E-04,1.30E-04,1.06E-03,5.57E-04,2.30E-05,-3.40E-05,2.31E-04,3.00E-04,3.02E-04,4.81E-04,2.27E-04,3.41E-04,1.03E-03,6.27E-04,-3.79E-05,-2.12E-04
3357,9.66E-04,8.09E-04,7.23E-04,2.83E-04,2.38E-04,1.19E-04,1.04E-03,5.46E-04,1.80E-05,-3.71E-05,2.35E-04,2.94E-04,3.07E-04,4.74E-04,2.25E-04,3.33E-04,1.03E-03,6.28E-04,-3.70E-05,-2.14E-04
3358,9.60E-04,8.12E-04,7.22E-04,2.68E-04,2.30E-04,1.09E-04,1.02E-03,5.35E-04,1.38E-05,-3.90E-05,2.40E-04,2.92E-04,3.13E-04,4.68E-04,2.23E-04,3.27E-04,1.03E-03,6.27E-04,-3.56E-05,-2.16E-04
3359,9.43E-04,8.13E-04,7.22E-04,2.53E-04,2.23E-04,9.98E-05,9.98E-04,5.23E-04,1.04E-05,-3.99E-05,2.46E-04,2.94E-04,3.20E-04,4.64E-04,2.22E-04,3.21E-04,1.03E-03,6.26E-04,-3.37E-05,-2.17E-04
3360,9.16E-04,8.12E-04,7.21E-04,2.38E-04,2.15E-04,9.11E-05,9.73E-04,5.10E-04,7.82E-06,-3.98E-05,2.52E-04,2.98E-04,3.27E-04,4.61E-04,2.23E-04,3.18E-04,1.04E-03,6.23E-04,-3.15E-05,-2.17E-04
3361,8.80E-04,8.10E-04,7.20E-04,2.24E-04,2.07E-04,8.32E-05,9.47E-04,4.95E-04,5.97E-06,-3.88E-05,2.58E-04,3.05E-04,3.34E-04,4.59E-04,2.24E-04,3.15E-04,1.04E-03,6.19E-04,-2.89E-05,-2.17E-04
3362,8.38E-04,8.07E-04,7.20E-04,2.10E-04,1.98E-04,7.59E-05,9.21E-04,4.79E-04,4.78E-06,-3.70E-05,2.65E-04,3.13E-04,3.42E-04,4.58E-04,2.26E-04,3.14E-04,1.05E-03,6.13E-04,-2.61E-05,-2.16E-04
3363,7.93E-04,8.03E-04,7.19E-04,1.98E-04,1.89E-04,6.93E-05,8.95E-04,4.62E-04,4.12E-06,-3.45E-05,2.71E-04,3.23E-04,3.49E-04,4.58E-04,2.28E-04,3.15E-04,1.06E-03,6.05E-04,-2.32E-05,-2.14E-04
3364,7.49E-04,7.98E-04,7.17E-04,1.86E-04,1.80E-04,6.32E-05,8.70E-04,4.43E-04,3.84E-06,-3.17E-05,2.77E-04,3.31E-04,3.57E-04,4.59E-04,2.31E-04,3.16E-04,1.07E-03,5.95E-04,-2.03E-05,-2.12E-04
3365,7.09E-04,7.93E-04,7.15E-04,1.75E-04,1.70E-04,5.76E-05,8.45E-04,4.23E-04,3.77E-06,-2.87E-05,2.83E-04,3.39E-04,3.63E-04,4.61E-04,2.34E-04,3.18E-04,1.08E-03,5.83E-04,-1.74E-05,-2.09E-04
3366,6.76E-04,7.86E-04,7.12E-04,1.65E-04,1.60E-04,5.24E-05,8.21E-04,4.01E-04,3.75E-06,-2.58E-05,2.88E-04,3.45E-04,3.69E-04,4.63E-04,2.36E-04,3.21E-04,1.10E-03,5.69E-04,-1.46E-05,-2.04E-04
3367,6.52E-04,7.79E-04,7.08E-04,1.55E-04,1.50E-04,4.75E-05,7.98E-04,3.78E-04,3.62E-06,-2.32E-05,2.92E-04,3.48E-04,3.74E-04,4.65E-04,2.39E-04,3.24E-04,1.11E-03,5.54E-04,-1.19E-05,-2.00E-04
3368,6.39E-04,7.71E-04,7.03E-04,1.46E-04,1.39E-04,4.28E-05,7.75E-04,3.54E-04,3.24E-06,-2.10E-05,2.96E-04,3.47E-04,3.78E-04,4.66E-04,2.40E-04,3.28E-04,1.13E-03,5.37E-04,-9.49E-06,-1.94E-04
3369,6.38E-04,7.62E-04,6.97E-04,1.38E-04,1.28E-04,3.81E-05,7.53E-04,3.29E-04,2.53E-06,-1.93E-05,2.99E-04,3.44E-04,3.80E-04,4.68E-04,2.41E-04,3.32E-04,1.14E-03,5.20E-04,-7.23E-06,-1.88E-04
3370,6.49E-04,7.52E-04,6.90E-04,1.31E-04,1.16E-04,3.36E-05,7.30E-04,3.03E-04,1.41E-06,-1.82E-05,3.01E-04,3.37E-04,3.81E-04,4.69E-04,2.42E-04,3.36E-04,1.15E-03,5.02E-04,-5.11E-06,-1.81E-04
3371,6.71E-04,7.40E-04,6.82E-04,1.24E-04,1.05E-04,2.92E-05,7.08E-04,2.76E-04,-1.04E-07,-1.77E-05,3.03E-04,3.27E-04,3.80E-04,4.70E-04,2.41E-04,3.40E-04,1.16E-03,4.84E-04,-3.09E-06,-1.73E-04
3372,7.02E-04,7.27E-04,6.74E-04,1.18E-04,9.31E-05,2.48E-05,6.84E-04,2.49E-04,-1.98E-06,-1.77E-05,3.03E-04,3.15E-04,3.78E-04,4.70E-04,2.41E-04,3.44E-04,1.17E-03,4.67E-04,-1.09E-06,-1.64E-04
3373,7.40E-04,7.11E-04,6.65E-04,1.13E-04,8.14E-05,2.06E-05,6.60E-04,2.22E-04,-4.14E-06,-1.82E-05,3.02E-04,3.00E-04,3.74E-04,4.70E-04,2.40E-04,3.48E-04,1.18E-03,4.50E-04,9.87E-07,-1.55E-04
3374,7.81E-04,6.94E-04,6.56E-04,1.08E-04,7.00E-05,1.66E-05,6.34E-04,1.95E-04,-6.46E-06,-1.89E-05,3.01E-04,2.85E-04,3.70E-04,4.69E-04,2.38E-04,3.52E-04,1.18E-03,4.35E-04,3.25E-06,-1.46E-04
3375,8.23E-04,6.74E-04,6.46E-04,1.03E-04,5.88E-05,1.29E-05,6.07E-04,1.68E-04,-8.79E-06,-1.96E-05,2.98E-04,2.69E-04,3.65E-04,4.68E-04,2.37E-04,3.56E-04,1.18E-03,4.21E-04,5.82E-06,-1.36E-04
3376,8.62E-04,6.52E-04,6.37E-04,9.92E-05,4.80E-05,9.44E-06,5.79E-04,1.41E-04,-1.10E-05,-2.02E-05,2.93E-04,2.53E-04,3.59E-04,4.66E-04,2.36E-04,3.61E-04,1.18E-03,4.09E-04,8.77E-06,-1.26E-04
3377,8.94E-04,6.27E-04,6.28E-04,9.55E-05,3.78E-05,6.42E-06,5.49E-04,1.16E-04,-1.29E-05,-2.06E-05,2.88E-04,2.39E-04,3.52E-04,4.64E-04,2.36E-04,3.66E-04,1.18E-03,3.98E-04,1.22E-05,-1.15E-04
3378,9.16E-04,6.00E-04,6.20E-04,9.21E-05,2.82E-05,3.82E-06,5.18E-04,9.06E-05,-1.44E-05,-2.04E-05,2.80E-04,2.27E-04,3.46E-04,4.61E-04,2.36E-04,3.71E-04,1.17E-03,3.89E-04,1.61E-05,-1.05E-04
3379,9.26E-04,5.71E-04,6.12E-04,8.89E-05,1.93E-05,1.64E-06,4.87E-04,6.63E-05,-1.53E-05,-1.98E-05,2.72E-04,2.16E-04,3.40E-04,4.58E-04,2.37E-04,3.76E-04,1.16E-03,3.82E-04,2.06E-05,-9.42E-05
3380,9.22E-04,5.39E-04,6.04E-04,8.59E-05,1.11E-05,-1.52E-07,4.55E-04,4.28E-05,-1.57E-05,-1.87E-05,2.61E-04,2.08E-04,3.33E-04,4.54E-04,2.39E-04,3.81E-04,1.14E-03,3.76E-04,2.55E-05,-8.37E-05
3381,9.03E-04,5.06E-04,5.97E-04,8.30E-05,3.68E-06,-1.66E-06,4.23E-04,2.00E-05,-1.56E-05,-1.71E-05,2.49E-04,2.02E-04,3.27E-04,4.49E-04,2.41E-04,3.87E-04,1.13E-03,3.71E-04,3.08E-05,-7.34E-05
3382,8.69E-04,4.70E-04,5.91E-04,8.01E-05,-3.13E-06,-3.00E-06,3.92E-04,-2.17E-06,-1.50E-05,-1.52E-05,2.36E-04,1.98E-04,3.22E-04,4.43E-04,2.43E-04,3.93E-04,1.11E-03,3.67E-04,3.63E-05,-6.34E-05
3383,8.21E-04,4.33E-04,5.84E-04,7.72E-05,-9.41E-06,-4.35E-06,3.62E-04,-2.38E-05,-1.40E-05,-1.32E-05,2.21E-04,1.95E-04,3.16E-04,4.36E-04,2.46E-04,3.98E-04,1.09E-03,3.62E-04,4.18E-05,-5.39E-05
3384,7.61E-04,3.95E-04,5.77E-04,7.42E-05,-1.53E-05,-5.92E-06,3.33E-04,-4.49E-05,-1.28E-05,-1.14E-05,2.05E-04,1.92E-04,3.11E-04,4.27E-04,2.48E-04,4.03E-04,1.08E-03,3.57E-04,4.71E-05,-4.49E-05
3385,6.91E-04,3.55E-04,5.69E-04,7.10E-05,-2.11E-05,-7.93E-06,3.06E-04,-6.58E-05,-1.16E-05,-1.01E-05,1.88E-04,1.90E-04,3.06E-04,4.17E-04,2.49E-04,4.08E-04,1.06E-03,3.50E-04,5.18E-05,-3.66E-05
3386,6.14E-04,3.15E-04,5.60E-04,6.76E-05,-2.69E-05,-1.06E-05,2.81E-04,-8.66E-05,-1.07E-05,-9.73E-06,1.70E-04,1.86E-04,3.00E-04,4.04E-04,2.48E-04,4.12E-04,1.04E-03,3.43E-04,5.58E-05,-2.90E-05
3387,5.33E-04,2.74E-04,5.49E-04,6.40E-05,-3.30E-05,-1.42E-05,2.57E-04,-1.07E-04,-1.03E-05,-1.06E-05,1.52E-04,1.80E-04,2.95E-04,3.90E-04,2.45E-04,4.15E-04,1.02E-03,3.33E-04,5.87E-05,-2.23E-05
3388,4.53E-04,2.32E-04,5.37E-04,6.03E-05,-3.96E-05,-1.88E-05,2.34E-04,-1.29E-04,-1.06E-05,-1.29E-05,1.34E-04,1.71E-04,2.88E-04,3.74E-04,2.41E-04,4.17E-04,1.00E-03,3.21E-04,6.03E-05,-1.65E-05
3389,3.75E-04,1.90E-04,5.22E-04,5.64E-05,-4.70E-05,-2.46E-05,2.14E-04,-1.50E-04,-1.19E-05,-1.70E-05,1.16E-04,1.59E-04,2.82E-04,3.56E-04,2.33E-04,4.18E-04,9.80E-04,3.07E-04,6.03E-05,-1.18E-05
3390,3.03E-04,1.47E-04,5.05E-04,5.25E-05,-5.53E-05,-3.17E-05,1.94E-04,-1.72E-04,-1.42E-05,-2.30E-05,9.82E-05,1.43E-04,2.74E-04,3.36E-04,2.22E-04,4.17E-04,9.60E-04,2.90E-04,5.86E-05,-7.95E-06
3391,2.39E-04,1.05E-04,4.85E-04,4.86E-05,-6.47E-05,-4.01E-05,1.75E-04,-1.94E-04,-1.76E-05,-3.09E-05,8.16E-05,1.23E-04,2.66E-04,3.14E-04,2.09E-04,4.15E-04,9.39E-04,2.72E-04,5.50E-05,-5.15E-06
3392,1.85E-04,6.26E-05,4.63E-04,4.49E-05,-7.51E-05,-4.96E-05,1.57E-04,-2.16E-04,-2.21E-05,-4.07E-05,6.62E-05,9.96E-05,2.57E-04,2.91E-04,1.93E-04,4.13E-04,9.17E-04,2.51E-04,4.95E-05,-3.31E-06
3393,1.43E-04,2.07E-05,4.39E-04,4.15E-05,-8.66E-05,-6.01E-05,1.39E-04,-2.39E-04,-2.77E-05,-5.21E-05,5.23E-05,7.26E-05,2.47E-04,2.67E-04,1.75E-04,4.09E-04,8.94E-04,2.29E-04,4.23E-05,-2.34E-06
3394,1.11E-04,-2.03E-05,4.12E-04,3.86E-05,-9.91E-05,-7.13E-05,1.20E-04,-2.62E-04,-3.40E-05,-6.48E-05,4.00E-05,4.29E-05,2.37E-04,2.42E-04,1.54E-04,4.04E-04,8.70E-04,2.06E-04,3.35E-05,-2.14E-06
3395,9.08E-05,-6.02E-05,3.83E-04,3.65E-05,-1.12E-04,-8.30E-05,1.02E-04,-2.85E-04,-4.09E-05,-7.84E-05,2.94E-05,1.11E-05,2.26E-04,2.17E-04,1.33E-04,4.00E-04,8.44E-04,1.83E-04,2.33E-05,-2.58E-06
3396,8.01E-05,-9.86E-05,3.52E-04,3.52E-05,-1.26E-04,-9.47E-05,8.29E-05,-3.08E-04,-4.80E-05,-9.22E-05,2.06E-05,-2.16E-05,2.16E-04,1.93E-04,1.11E-04,3.95E-04,8.17E-04,1.60E-04,1.21E-05,-3.49E-06
3397,7.78E-05,-1.35E-04,3.21E-04,3.49E-05,-1.40E-04,-1.06E-04,6.32E-05,-3.30E-04,-5.49E-05,-1.06E-04,1.35E-05,-5.43E-05,2.05E-04,1.70E-04,8.93E-05,3.91E-04,7.89E-04,1.37E-04,2.19E-07,-4.68E-06
3398,8.18E-05,-1.69E-04,2.89E-04,3.57E-05,-1.53E-04,-1.17E-04,4.28E-05,-3.52E-04,-6.13E-05,-1.19E-04,8.18E-06,-8.59E-05,1.94E-04,1.48E-04,6.88E-05,3.88E-04,7.59E-04,1.16E-04,-1.19E-05,-5.96E-06
3399,9.03E-05,-2.01E-04,2.58E-04,3.78E-05,-1.66E-04,-1.26E-04,2.18E-05,-3.72E-04,-6.69E-05,-1.30E-04,4.35E-06,-1.15E-04,1.84E-04,1.27E-04,5.02E-05,3.86E-04,7.28E-04,9.68E-05,-2.38E-05,-7.15E-06
3400,1.01E-04,-2.30E-04,2.27E-04,4.12E-05,-1.78E-04,-1.34E-04,1.46E-07,-3.92E-04,-7.12E-05,-1.40E-04,1.83E-06,-1.42E-04,1.75E-04,1.09E-04,3.42E-05,3.85E-04,6.97E-04,7.98E-05,-3.51E-05,-8.06E-06
3401,1.12E-04,-2.56E-04,1.97E-04,4.59E-05,-1.89E-04,-1.40E-04,-2.21E-05,-4.09E-04,-7.41E-05,-1.47E-04,3.62E-07,-1.65E-04,1.65E-04,9.34E-05,2.13E-05,3.86E-04,6.66E-04,6.52E-05,-4.55E-05,-8.52E-06
3402,1.22E-04,-2.80E-04,1.69E-04,5.18E-05,-1.98E-04,-1.44E-04,-4.49E-05,-4.25E-04,-7.54E-05,-1.51E-04,-3.29E-07,-1.84E-04,1.56E-04,8.00E-05,1.17E-05,3.90E-04,6.35E-04,5.30E-05,-5.45E-05,-8.41E-06
3403,1.29E-04,-3.01E-04,1.43E-04,5.89E-05,-2.05E-04,-1.46E-04,-6.80E-05,-4.39E-04,-7.50E-05,-1.53E-04,-5.33E-07,-2.00E-04,1.47E-04,6.90E-05,5.75E-06,3.95E-04,6.04E-04,4.33E-05,-6.21E-05,-7.62E-06
3404,1.33E-04,-3.19E-04,1.20E-04,6.71E-05,-2.09E-04,-1.45E-04,-9.16E-05,-4.51E-04,-7.30E-05,-1.53E-04,-5.34E-07,-2.11E-04,1.38E-04,6.03E-05,3.25E-06,4.01E-04,5.74E-04,3.59E-05,-6.79E-05,-6.11E-06
3405,1.33E-04,-3.36E-04,9.90E-05,7.61E-05,-2.12E-04,-1.43E-04,-1.16E-04,-4.61E-04,-6.94E-05,-1.50E-04,-6.00E-07,-2.18E-04,1.29E-04,5.37E-05,3.94E-06,4.09E-04,5.46E-04,3.02E-05,-7.21E-05,-3.87E-06
3406,1.30E-04,-3.51E-04,8.06E-05,8.58E-05,-2.12E-04,-1.39E-04,-1.40E-04,-4.68E-04,-6.45E-05,-1.44E-04,-9.55E-07,-2.23E-04,1.19E-04,4.88E-05,7.36E-06,4.19E-04,5.19E-04,2.60E-05,-7.46E-05,-9.26E-07
3407,1.24E-04,-3.65E-04,6.46E-05,9.59E-05,-2.10E-04,-1.33E-04,-1.64E-04,-4.73E-04,-5.87E-05,-1.37E-04,-1.78E-06,-2.26E-04,1.08E-04,4.52E-05,1.29E-05,4.29E-04,4.93E-04,2.28E-05,-7.56E-05,2.64E-06
3408,1.17E-04,-3.79E-04,5.09E-05,1.06E-04,-2.06E-04,-1.26E-04,-1.89E-04,-4.77E-04,-5.22E-05,-1.29E-04,-3.19E-06,-2.27E-04,9.65E-05,4.27E-05,1.99E-05,4.40E-04,4.68E-04,1.99E-05,-7.52E-05,6.71E-06
3409,1.10E-04,-3.93E-04,3.92E-05,1.16E-04,-2.00E-04,-1.18E-04,-2.14E-04,-4.78E-04,-4.54E-05,-1.20E-04,-5.26E-06,-2.29E-04,8.35E-05,4.06E-05,2.75E-05,4.50E-04,4.45E-04,1.69E-05,-7.38E-05,1.11E-05
3410,1.05E-04,-4.07E-04,2.93E-05,1.27E-04,-1.92E-04,-1.10E-04,-2.39E-04,-4.77E-04,-3.87E-05,-1.11E-04,-7.97E-06,-2.31E-04,6.90E-05,3.88E-05,3.50E-05,4.60E-04,4.24E-04,1.33E-05,-7.17E-05,1.58E-05
3411,1.02E-04,-4.22E-04,2.08E-05,1.36E-04,-1.83E-04,-1.01E-04,-2.64E-04,-4.75E-04,-3.24E-05,-1.02E-04,-1.13E-05,-2.34E-04,5.31E-05,3.67E-05,4.19E-05,4.69E-04,4.04E-04,8.88E-06,-6.91E-05,2.05E-05
3412,1.05E-04,-4.38E-04,1.36E-05,1.45E-04,-1.73E-04,-9.22E-05,-2.89E-04,-4.72E-04,-2.68E-05,-9.40E-05,-1.51E-05,-2.40E-04,3.58E-05,3.43E-05,4.74E-05,4.77E-04,3.84E-04,3.30E-06,-6.64E-05,2.50E-05
3413,1.13E-04,-4.55E-04,7.19E-06,1.54E-04,-1.63E-04,-8.36E-05,-3.12E-04,-4.67E-04,-2.21E-05,-8.69E-05,-1.92E-05,-2.48E-04,1.74E-05,3.12E-05,5.13E-05,4.84E-04,3.65E-04,-3.48E-06,-6.39E-05,2.92E-05
3414,1.29E-04,-4.72E-04,1.52E-06,1.62E-04,-1.51E-04,-7.53E-05,-3.34E-04,-4.61E-04,-1.83E-05,-8.10E-05,-2.35E-05,-2.59E-04,-1.71E-06,2.75E-05,5.35E-05,4.88E-04,3.47E-04,-1.14E-05,-6.18E-05,3.31E-05
3415,1.52E-04,-4.88E-04,-3.64E-06,1.69E-04,-1.40E-04,-6.74E-05,-3.54E-04,-4.55E-04,-1.55E-05,-7.64E-05,-2.78E-05,-2.73E-04,-2.12E-05,2.32E-05,5.38E-05,4.91E-04,3.30E-04,-2.01E-05,-6.01E-05,3.64E-05
3416,1.82E-04,-5.04E-04,-8.36E-06,1.75E-04,-1.29E-04,-5.98E-05,-3.71E-04,-4.48E-04,-1.34E-05,-7.29E-05,-3.20E-05,-2.89E-04,-4.05E-05,1.84E-05,5.27E-05,4.93E-04,3.12E-04,-2.94E-05,-5.90E-05,3.91E-05
3417,2.20E-04,-5.19E-04,-1.27E-05,1.81E-04,-1.18E-04,-5.24E-05,-3.84E-04,-4.41E-04,-1.20E-05,-7.02E-05,-3.58E-05,-3.07E-04,-5.92E-05,1.33E-05,5.03E-05,4.93E-04,2.95E-04,-3.86E-05,-5.85E-05,4.12E-05
3418,2.65E-04,-5.30E-04,-1.67E-05,1.86E-04,-1.07E-04,-4.51E-05,-3.92E-04,-4.33E-04,-1.08E-05,-6.81E-05,-3.92E-05,-3.26E-04,-7.65E-05,8.25E-06,4.74E-05,4.92E-04,2.78E-04,-4.74E-05,-5.86E-05,4.26E-05
3419,3.15E-04,-5.39E-04,-2.02E-05,1.90E-04,-9.57E-05,-3.77E-05,-3.95E-04,-4.25E-04,-9.68E-06,-6.62E-05,-4.21E-05,-3.46E-04,-9.21E-05,3.39E-06,4.45E-05,4.89E-04,2.61E-04,-5.51E-05,-5.90E-05,4.33E-05
3420,3.67E-04,-5.43E-04,-2.33E-05,1.94E-04,-8.51E-05,-3.00E-05,-3.93E-04,-4.16E-04,-8.25E-06,-6.41E-05,-4.46E-05,-3.64E-04,-1.05E-04,-9.88E-07,4.21E-05,4.87E-04,2.44E-04,-6.12E-05,-5.96E-05,4.35E-05
3421,4.22E-04,-5.43E-04,-2.59E-05,1.97E-04,-7.46E-05,-2.18E-05,-3.84E-04,-4.08E-04,-6.24E-06,-6.13E-05,-4.67E-05,-3.81E-04,-1.16E-04,-4.69E-06,4.09E-05,4.83E-04,2.28E-04,-6.52E-05,-6.03E-05,4.30E-05
3422,4.75E-04,-5.37E-04,-2.79E-05,2.00E-04,-6.44E-05,-1.32E-05,-3.69E-04,-3.99E-04,-3.43E-06,-5.77E-05,-4.84E-05,-3.96E-04,-1.24E-04,-7.56E-06,4.14E-05,4.80E-04,2.12E-04,-6.70E-05,-6.08E-05,4.19E-05
3423,5.26E-04,-5.27E-04,-2.95E-05,2.02E-04,-5.45E-05,-4.07E-06,-3.48E-04,-3.90E-04,3.15E-07,-5.30E-05,-5.01E-05,-4.07E-04,-1.30E-04,-9.56E-06,4.38E-05,4.77E-04,1.97E-04,-6.62E-05,-6.11E-05,4.03E-05
3424,5.71E-04,-5.11E-04,-3.08E-05,2.03E-04,-4.49E-05,5.51E-06,-3.22E-04,-3.81E-04,5.03E-06,-4.71E-05,-5.18E-05,-4.15E-04,-1.32E-04,-1.07E-05,4.83E-05,4.73E-04,1.82E-04,-6.29E-05,-6.09E-05,3.81E-05
3425,6.08E-04,-4.91E-04,-3.18E-05,2.03E-04,-3.57E-05,1.54E-05,-2.91E-04,-3.72E-04,1.06E-05,-4.01E-05,-5.37E-05,-4.19E-04,-1.33E-04,-1.12E-05,5.48E-05,4.69E-04,1.69E-04,-5.74E-05,-6.03E-05,3.54E-05
3426,6.37E-04,-4.68E-04,-3.29E-05,2.02E-04,-2.71E-05,2.52E-05,-2.56E-04,-3.63E-04,1.69E-05,-3.22E-05,-5.62E-05,-4.19E-04,-1.32E-04,-1.13E-05,6.28E-05,4.65E-04,1.57E-04,-5.01E-05,-5.92E-05,3.21E-05
3427,6.55E-04,-4.42E-04,-3.43E-05,2.00E-04,-1.93E-05,3.47E-05,-2.19E-04,-3.55E-04,2.36E-05,-2.38E-05,-5.93E-05,-4.16E-04,-1.29E-04,-1.13E-05,7.20E-05,4.60E-04,1.45E-04,-4.14E-05,-5.77E-05,2.82E-05
3428,6.62E-04,-4.16E-04,-3.64E-05,1.96E-04,-1.25E-05,4.35E-05,-1.82E-04,-3.47E-04,3.03E-05,-1.53E-05,-6.33E-05,-4.10E-04,-1.26E-04,-1.15E-05,8.17E-05,4.55E-04,1.34E-04,-3.21E-05,-5.60E-05,2.36E-05
3429,6.58E-04,-3.90E-04,-3.95E-05,1.90E-04,-6.88E-06,5.11E-05,-1.46E-04,-3.39E-04,3.67E-05,-7.15E-06,-6.82E-05,-4.02E-04,-1.24E-04,-1.23E-05,9.10E-05,4.48E-04,1.24E-04,-2.29E-05,-5.41E-05,1.84E-05
3430,6.43E-04,-3.66E-04,-4.38E-05,1.83E-04,-2.68E-06,5.72E-05,-1.12E-04,-3.32E-04,4.22E-05,5.58E-08,-7.40E-05,-3.92E-04,-1.22E-04,-1.41E-05,9.91E-05,4.39E-04,1.15E-04,-1.45E-05,-5.25E-05,1.25E-05
3431,6.17E-04,-3.47E-04,-4.96E-05,1.74E-04,-3.26E-08,6.13E-05,-8.33E-05,-3.27E-04,4.65E-05,5.88E-06,-8.06E-05,-3.83E-04,-1.22E-04,-1.71E-05,1.05E-04,4.29E-04,1.06E-04,-7.78E-06,-5.11E-05,5.81E-06
3432,5.83E-04,-3.32E-04,-5.71E-05,1.64E-04,9.51E-07,6.34E-05,-5.96E-05,-3.22E-04,4.94E-05,9.94E-06,-8.79E-05,-3.74E-04,-1.25E-04,-2.17E-05,1.09E-04,4.16E-04,9.74E-05,-3.20E-06,-5.03E-05,-1.48E-06
3433,5.43E-04,-3.22E-04,-6.64E-05,1.52E-04,2.66E-07,6.31E-05,-4.26E-05,-3.18E-04,5.05E-05,1.20E-05,-9.55E-05,-3.67E-04,-1.29E-04,-2.77E-05,1.10E-04,4.02E-04,8.92E-05,-1.23E-06,-5.02E-05,-9.35E-06
3434,4.98E-04,-3.20E-04,-7.72E-05,1.38E-04,-1.99E-06,6.06E-05,-3.27E-05,-3.15E-04,4.99E-05,1.20E-05,-1.03E-04,-3.62E-04,-1.37E-04,-3.51E-05,1.07E-04,3.85E-04,8.12E-05,-2.10E-06,-5.09E-05,-1.76E-05
3435,4.52E-04,-3.23E-04,-8.93E-05,1.25E-04,-5.62E-06,5.60E-05,-3.01E-05,-3.13E-04,4.77E-05,1.01E-05,-1.10E-04,-3.61E-04,-1.47E-04,-4.37E-05,1.01E-04,3.66E-04,7.34E-05,-5.80E-06,-5.24E-05,-2.62E-05
3436,4.08E-04,-3.32E-04,-1.02E-04,1.10E-04,-1.03E-05,4.96E-05,-3.46E-05,-3.12E-04,4.41E-05,6.57E-06,-1.16E-04,-3.63E-04,-1.59E-04,-5.30E-05,9.18E-05,3.46E-04,6.61E-05,-1.21E-05,-5.47E-05,-3.47E-05
3437,3.69E-04,-3.46E-04,-1.16E-04,9.64E-05,-1.56E-05,4.21E-05,-4.54E-05,-3.12E-04,3.97E-05,2.03E-06,-1.21E-04,-3.69E-04,-1.73E-04,-6.26E-05,8.06E-05,3.25E-04,5.93E-05,-2.04E-05,-5.75E-05,-4.29E-05
3438,3.37E-04,-3.64E-04,-1.29E-04,8.32E-05,-2.10E-05,3.39E-05,-6.13E-05,-3.11E-04,3.49E-05,-2.83E-06,-1.23E-04,-3.78E-04,-1.88E-04,-7.17E-05,6.80E-05,3.04E-04,5.33E-05,-3.02E-05,-6.07E-05,-5.05E-05
3439,3.14E-04,-3.83E-04,-1.41E-04,7.13E-05,-2.60E-05,2.58E-05,-8.07E-05,-3.10E-04,3.04E-05,-7.18E-06,-1.23E-04,-3.90E-04,-2.04E-04,-7.95E-05,5.50E-05,2.83E-04,4.84E-05,-4.04E-05,-6.39E-05,-5.70E-05
3440,3.04E-04,-4.02E-04,-1.51E-04,6.13E-05,-2.99E-05,1.86E-05,-1.02E-04,-3.09E-04,2.69E-05,-1.01E-05,-1.20E-04,-4.05E-04,-2.19E-04,-8.55E-05,4.29E-05,2.64E-04,4.50E-05,-5.02E-05,-6.69E-05,-6.23E-05
3441,3.06E-04,-4.19E-04,-1.59E-04,5.37E-05,-3.22E-05,1.30E-05,-1.23E-04,-3.06E-04,2.52E-05,-1.09E-05,-1.14E-04,-4.22E-04,-2.32E-04,-8.88E-05,3.28E-05,2.47E-04,4.33E-05,-5.86E-05,-6.90E-05,-6.59E-05
3442,3.23E-04,-4.32E-04,-1.64E-04,4.88E-05,-3.25E-05,9.64E-06,-1.42E-04,-3.03E-04,2.58E-05,-8.52E-06,-1.04E-04,-4.39E-04,-2.43E-04,-8.88E-05,2.60E-05,2.33E-04,4.36E-05,-6.45E-05,-7.02E-05,-6.76E-05
3443,3.53E-04,-4.38E-04,-1.64E-04,4.69E-05,-3.02E-05,9.12E-06,-1.57E-04,-2.97E-04,2.93E-05,-2.51E-06,-9.09E-05,-4.55E-04,-2.51E-04,-8.51E-05,2.35E-05,2.22E-04,4.61E-05,-6.72E-05,-6.99E-05,-6.71E-05
3444,3.96E-04,-4.38E-04,-1.61E-04,4.81E-05,-2.52E-05,1.18E-05,-1.66E-04,-2.90E-04,3.60E-05,7.56E-06,-7.45E-05,-4.70E-04,-2.54E-04,-7.73E-05,2.59E-05,2.15E-04,5.10E-05,-6.60E-05,-6.79E-05,-6.45E-05
3445,4.51E-04,-4.28E-04,-1.53E-04,5.23E-05,-1.73E-05,1.78E-05,-1.70E-04,-2.80E-04,4.60E-05,2.18E-05,-5.51E-05,-4.82E-04,-2.54E-04,-6.55E-05,3.36E-05,2.12E-04,5.82E-05,-6.05E-05,-6.41E-05,-5.97E-05
3446,5.15E-04,-4.10E-04,-1.41E-04,5.93E-05,-6.64E-06,2.72E-05,-1.66E-04,-2.68E-04,5.92E-05,4.01E-05,-3.33E-05,-4.91E-04,-2.49E-04,-4.98E-05,4.67E-05,2.12E-04,6.75E-05,-5.07E-05,-5.84E-05,-5.29E-05
3447,5.85E-04,-3.83E-04,-1.25E-04,6.86E-05,6.41E-06,3.94E-05,-1.55E-04,-2.54E-04,7.50E-05,6.17E-05,-9.72E-06,-4.95E-04,-2.39E-04,-3.08E-05,6.48E-05,2.16E-04,7.86E-05,-3.68E-05,-5.09E-05,-4.42E-05
3448,6.57E-04,-3.47E-04,-1.05E-04,7.96E-05,2.14E-05,5.41E-05,-1.36E-04,-2.37E-04,9.30E-05,8.60E-05,1.48E-05,-4.94E-04,-2.25E-04,-9.07E-06,8.69E-05,2.23E-04,9.09E-05,-1.93E-05,-4.18E-05,-3.41E-05
