,ch1,ch2,ch3,ch4,ch5,ch6,ch7,ch8,ch9,ch10,ch11,ch12,ch13,ch14,ch15,ch16,ch17,ch18,ch19,ch20
1,3.66E-05,1.18E-05,3.05E-05,2.26E-05,4.22E-05,1.77E-05,1.50E-05,3.00E-05,2.85E-05,2.39E-05,1.07E-05,-3.57E-06,9.82E-06,2.18E-05,4.05E-05,2.04E-05,2.89E-05,2.86E-05,1.80E-05,1.17E-05
2,3.89E-06,5.88E-05,6.05E-05,1.41E-05,4.57E-05,3.96E-05,1.79E-05,4.35E-05,2.74E-05,1.74E-05,3.58E-05,2.95E-05,3.94E-05,3.21E-05,5.27E-05,4.79E-05,5.11E-05,3.86E-05,2.24E-05,1.41E-05
3,-2.83E-05,1.04E-04,8.93E-05,5.55E-06,4.84E-05,6.08E-05,2.02E-05,5.64E-05,2.60E-05,1.05E-05,6.01E-05,6.20E-05,6.77E-05,4.20E-05,6.43E-05,7.47E-05,7.23E-05,4.81E-05,2.65E-05,1.61E-05
4,-5.96E-05,1.46E-04,1.16E-04,-3.19E-06,4.98E-05,8.06E-05,2.13E-05,6.81E-05,2.41E-05,2.93E-06,8.29E-05,9.32E-05,9.38E-05,5.10E-05,7.46E-05,1.00E-04,9.15E-05,5.68E-05,3.01E-05,1.75E-05
5,-8.95E-05,1.82E-04,1.39E-04,-1.21E-05,4.94E-05,9.84E-05,2.07E-05,7.82E-05,2.17E-05,-5.53E-06,1.04E-04,1.23E-04,1.16E-04,5.88E-05,8.32E-05,1.24E-04,1.08E-04,6.43E-05,3.29E-05,1.79E-05
6,-1.18E-04,2.12E-04,1.58E-04,-2.13E-05,4.67E-05,1.14E-04,1.82E-05,8.64E-05,1.85E-05,-1.50E-05,1.22E-04,1.50E-04,1.35E-04,6.50E-05,8.96E-05,1.45E-04,1.20E-04,7.05E-05,3.47E-05,1.72E-05
7,-1.43E-04,2.35E-04,1.73E-04,-3.06E-05,4.15E-05,1.26E-04,1.35E-05,9.23E-05,1.45E-05,-2.54E-05,1.37E-04,1.74E-04,1.49E-04,6.94E-05,9.35E-05,1.64E-04,1.29E-04,7.51E-05,3.56E-05,1.53E-05
8,-1.66E-04,2.51E-04,1.82E-04,-4.00E-05,3.36E-05,1.36E-04,6.61E-06,9.60E-05,9.74E-06,-3.66E-05,1.48E-04,1.95E-04,1.59E-04,7.19E-05,9.46E-05,1.80E-04,1.33E-04,7.80E-05,3.53E-05,1.22E-05
9,-1.86E-04,2.59E-04,1.85E-04,-4.92E-05,2.31E-05,1.43E-04,-2.24E-06,9.76E-05,4.26E-06,-4.81E-05,1.57E-04,2.13E-04,1.63E-04,7.25E-05,9.30E-05,1.93E-04,1.33E-04,7.94E-05,3.40E-05,8.15E-06
10,-2.03E-04,2.59E-04,1.84E-04,-5.81E-05,1.03E-05,1.46E-04,-1.27E-05,9.73E-05,-1.81E-06,-5.96E-05,1.63E-04,2.26E-04,1.64E-04,7.13E-05,8.87E-05,2.02E-04,1.28E-04,7.94E-05,3.17E-05,3.30E-06
11,-2.16E-04,2.53E-04,1.77E-04,-6.65E-05,-4.53E-06,1.47E-04,-2.42E-05,9.54E-05,-8.29E-06,-7.03E-05,1.66E-04,2.36E-04,1.60E-04,6.84E-05,8.20E-05,2.08E-04,1.20E-04,7.81E-05,2.85E-05,-2.01E-06
12,-2.26E-04,2.41E-04,1.65E-04,-7.42E-05,-2.09E-05,1.46E-04,-3.62E-05,9.25E-05,-1.50E-05,-7.98E-05,1.67E-04,2.42E-04,1.53E-04,6.42E-05,7.30E-05,2.12E-04,1.09E-04,7.59E-05,2.47E-05,-7.42E-06
13,-2.32E-04,2.26E-04,1.50E-04,-8.09E-05,-3.82E-05,1.42E-04,-4.80E-05,8.90E-05,-2.16E-05,-8.73E-05,1.66E-04,2.43E-04,1.44E-04,5.88E-05,6.24E-05,2.13E-04,9.62E-05,7.32E-05,2.05E-05,-1.25E-05
14,-2.35E-04,2.07E-04,1.32E-04,-8.66E-05,-5.59E-05,1.37E-04,-5.87E-05,8.54E-05,-2.80E-05,-9.23E-05,1.64E-04,2.41E-04,1.33E-04,5.25E-05,5.03E-05,2.12E-04,8.17E-05,7.03E-05,1.59E-05,-1.70E-05
15,-2.34E-04,1.87E-04,1.10E-04,-9.10E-05,-7.35E-05,1.31E-04,-6.78E-05,8.22E-05,-3.39E-05,-9.45E-05,1.62E-04,2.36E-04,1.21E-04,4.58E-05,3.74E-05,2.09E-04,6.67E-05,6.75E-05,1.14E-05,-2.04E-05
16,-2.32E-04,1.66E-04,8.79E-05,-9.42E-05,-9.06E-05,1.25E-04,-7.45E-05,7.98E-05,-3.92E-05,-9.35E-05,1.59E-04,2.27E-04,1.10E-04,3.87E-05,2.40E-05,2.04E-04,5.21E-05,6.51E-05,7.02E-06,-2.26E-05
17,-2.28E-04,1.47E-04,6.46E-05,-9.61E-05,-1.07E-04,1.18E-04,-7.83E-05,7.84E-05,-4.37E-05,-8.91E-05,1.56E-04,2.16E-04,9.95E-05,3.16E-05,1.06E-05,1.98E-04,3.85E-05,6.33E-05,2.94E-06,-2.34E-05
18,-2.23E-04,1.30E-04,4.12E-05,-9.71E-05,-1.21E-04,1.11E-04,-7.89E-05,7.82E-05,-4.75E-05,-8.17E-05,1.53E-04,2.02E-04,9.03E-05,2.45E-05,-2.59E-06,1.91E-04,2.65E-05,6.23E-05,-7.14E-07,-2.27E-05
19,-2.18E-04,1.14E-04,1.85E-05,-9.72E-05,-1.35E-04,1.04E-04,-7.62E-05,7.91E-05,-5.05E-05,-7.14E-05,1.50E-04,1.87E-04,8.29E-05,1.75E-05,-1.52E-05,1.84E-04,1.65E-05,6.22E-05,-3.91E-06,-2.06E-05
20,-2.13E-04,1.02E-04,-3.17E-06,-9.67E-05,-1.47E-04,9.72E-05,-7.01E-05,8.11E-05,-5.29E-05,-5.89E-05,1.47E-04,1.70E-04,7.72E-05,1.06E-05,-2.70E-05,1.76E-04,8.75E-06,6.29E-05,-6.64E-06,-1.72E-05
21,-2.11E-04,9.28E-05,-2.33E-05,-9.62E-05,-1.57E-04,9.04E-05,-6.09E-05,8.38E-05,-5.48E-05,-4.48E-05,1.45E-04,1.53E-04,7.32E-05,3.71E-06,-3.81E-05,1.68E-04,3.18E-06,6.43E-05,-8.97E-06,-1.29E-05
22,-2.11E-04,8.60E-05,-4.18E-05,-9.59E-05,-1.67E-04,8.35E-05,-4.91E-05,8.67E-05,-5.64E-05,-3.01E-05,1.41E-04,1.36E-04,7.06E-05,-3.28E-06,-4.83E-05,1.60E-04,-3.72E-07,6.60E-05,-1.10E-05,-8.09E-06
23,-2.15E-04,8.13E-05,-5.86E-05,-9.64E-05,-1.75E-04,7.62E-05,-3.53E-05,8.95E-05,-5.79E-05,-1.56E-05,1.37E-04,1.19E-04,6.91E-05,-1.06E-05,-5.77E-05,1.52E-04,-2.25E-06,6.80E-05,-1.28E-05,-3.10E-06
24,-2.23E-04,7.80E-05,-7.37E-05,-9.80E-05,-1.83E-04,6.82E-05,-2.02E-05,9.16E-05,-5.98E-05,-2.29E-06,1.31E-04,1.04E-04,6.82E-05,-1.84E-05,-6.64E-05,1.43E-04,-2.91E-06,6.97E-05,-1.47E-05,1.58E-06
25,-2.34E-04,7.54E-05,-8.73E-05,-1.01E-04,-1.91E-04,5.93E-05,-4.71E-06,9.25E-05,-6.21E-05,8.87E-06,1.22E-04,8.89E-05,6.74E-05,-2.69E-05,-7.46E-05,1.35E-04,-2.90E-06,7.10E-05,-1.66E-05,5.51E-06
26,-2.51E-04,7.26E-05,-9.96E-05,-1.06E-04,-1.99E-04,4.90E-05,1.02E-05,9.18E-05,-6.52E-05,1.71E-05,1.11E-04,7.57E-05,6.61E-05,-3.63E-05,-8.24E-05,1.25E-04,-2.82E-06,7.14E-05,-1.88E-05,8.30E-06
27,-2.71E-04,6.90E-05,-1.11E-04,-1.13E-04,-2.08E-04,3.72E-05,2.37E-05,8.90E-05,-6.94E-05,2.19E-05,9.73E-05,6.41E-05,6.38E-05,-4.68E-05,-9.01E-05,1.16E-04,-3.23E-06,7.08E-05,-2.14E-05,9.62E-06
28,-2.96E-04,6.39E-05,-1.22E-04,-1.23E-04,-2.17E-04,2.38E-05,3.50E-05,8.39E-05,-7.46E-05,2.27E-05,7.99E-05,5.43E-05,6.03E-05,-5.84E-05,-9.77E-05,1.06E-04,-4.65E-06,6.87E-05,-2.45E-05,9.27E-06
29,-3.24E-04,5.67E-05,-1.32E-04,-1.34E-04,-2.26E-04,8.70E-06,4.33E-05,7.66E-05,-8.11E-05,1.94E-05,5.90E-05,4.63E-05,5.53E-05,-7.12E-05,-1.05E-04,9.54E-05,-7.48E-06,6.52E-05,-2.81E-05,7.13E-06
30,-3.55E-04,4.72E-05,-1.43E-04,-1.48E-04,-2.36E-04,-8.05E-06,4.81E-05,6.69E-05,-8.89E-05,1.21E-05,3.48E-05,3.99E-05,4.88E-05,-8.52E-05,-1.13E-04,8.46E-05,-1.20E-05,6.02E-05,-3.23E-05,3.24E-06
31,-3.87E-04,3.53E-05,-1.53E-04,-1.64E-04,-2.47E-04,-2.63E-05,4.91E-05,5.52E-05,-9.77E-05,1.21E-06,7.44E-06,3.51E-05,4.07E-05,-1.00E-04,-1.21E-04,7.33E-05,-1.84E-05,5.38E-05,-3.68E-05,-2.26E-06
32,-4.20E-04,2.10E-05,-1.64E-04,-1.81E-04,-2.58E-04,-4.56E-05,4.61E-05,4.18E-05,-1.08E-04,-1.28E-05,-2.25E-05,3.15E-05,3.15E-05,-1.16E-04,-1.29E-04,6.18E-05,-2.67E-05,4.60E-05,-4.17E-05,-9.08E-06
33,-4.53E-04,4.70E-06,-1.75E-04,-1.99E-04,-2.68E-04,-6.58E-05,3.93E-05,2.72E-05,-1.18E-04,-2.92E-05,-5.44E-05,2.90E-05,2.13E-05,-1.32E-04,-1.37E-04,5.02E-05,-3.67E-05,3.71E-05,-4.67E-05,-1.69E-05
34,-4.84E-04,-1.31E-05,-1.87E-04,-2.17E-04,-2.78E-04,-8.62E-05,2.90E-05,1.19E-05,-1.29E-04,-4.71E-05,-8.76E-05,2.72E-05,1.08E-05,-1.49E-04,-1.45E-04,3.86E-05,-4.80E-05,2.76E-05,-5.17E-05,-2.52E-05
35,-5.14E-04,-3.19E-05,-1.99E-04,-2.36E-04,-2.87E-04,-1.07E-04,1.57E-05,-3.27E-06,-1.41E-04,-6.55E-05,-1.21E-04,2.57E-05,3.97E-07,-1.65E-04,-1.53E-04,2.73E-05,-6.05E-05,1.77E-05,-5.66E-05,-3.35E-05
36,-5.40E-04,-5.10E-05,-2.12E-04,-2.54E-04,-2.94E-04,-1.26E-04,1.12E-08,-1.78E-05,-1.52E-04,-8.36E-05,-1.54E-04,2.44E-05,-9.41E-06,-1.82E-04,-1.61E-04,1.64E-05,-7.35E-05,7.80E-06,-6.10E-05,-4.15E-05
37,-5.64E-04,-6.98E-05,-2.24E-04,-2.70E-04,-3.01E-04,-1.45E-04,-1.72E-05,-3.12E-05,-1.63E-04,-1.01E-04,-1.86E-04,2.28E-05,-1.81E-05,-1.97E-04,-1.68E-04,6.20E-06,-8.67E-05,-1.63E-06,-6.48E-05,-4.85E-05
38,-5.85E-04,-8.76E-05,-2.37E-04,-2.85E-04,-3.05E-04,-1.61E-04,-3.51E-05,-4.29E-05,-1.73E-04,-1.15E-04,-2.15E-04,2.08E-05,-2.54E-05,-2.12E-04,-1.74E-04,-3.20E-06,-9.95E-05,-1.02E-05,-6.78E-05,-5.44E-05
39,-6.02E-04,-1.04E-04,-2.49E-04,-2.98E-04,-3.08E-04,-1.76E-04,-5.29E-05,-5.25E-05,-1.81E-04,-1.28E-04,-2.41E-04,1.82E-05,-3.09E-05,-2.26E-04,-1.80E-04,-1.16E-05,-1.12E-04,-1.77E-05,-7.00E-05,-5.86E-05
40,-6.16E-04,-1.19E-04,-2.61E-04,-3.09E-04,-3.08E-04,-1.89E-04,-6.98E-05,-5.98E-05,-1.89E-04,-1.37E-04,-2.64E-04,1.48E-05,-3.46E-05,-2.39E-04,-1.86E-04,-1.90E-05,-1.22E-04,-2.37E-05,-7.12E-05,-6.12E-05
41,-6.28E-04,-1.32E-04,-2.73E-04,-3.17E-04,-3.08E-04,-1.99E-04,-8.52E-05,-6.47E-05,-1.95E-04,-1.44E-04,-2.83E-04,1.07E-05,-3.65E-05,-2.50E-04,-1.90E-04,-2.53E-05,-1.32E-04,-2.82E-05,-7.14E-05,-6.19E-05
42,-6.39E-04,-1.42E-04,-2.84E-04,-3.22E-04,-3.06E-04,-2.06E-04,-9.84E-05,-6.73E-05,-2.00E-04,-1.48E-04,-2.98E-04,5.76E-06,-3.68E-05,-2.61E-04,-1.94E-04,-3.05E-05,-1.40E-04,-3.11E-05,-7.06E-05,-6.09E-05
43,-6.48E-04,-1.52E-04,-2.94E-04,-3.25E-04,-3.03E-04,-2.12E-04,-1.09E-04,-6.80E-05,-2.03E-04,-1.48E-04,-3.10E-04,1.96E-07,-3.56E-05,-2.70E-04,-1.98E-04,-3.47E-05,-1.46E-04,-3.23E-05,-6.89E-05,-5.84E-05
44,-6.57E-04,-1.59E-04,-3.04E-04,-3.26E-04,-2.99E-04,-2.15E-04,-1.17E-04,-6.70E-05,-2.05E-04,-1.47E-04,-3.18E-04,-5.87E-06,-3.36E-05,-2.79E-04,-2.01E-04,-3.80E-05,-1.51E-04,-3.20E-05,-6.65E-05,-5.45E-05
45,-6.66E-04,-1.65E-04,-3.13E-04,-3.25E-04,-2.96E-04,-2.16E-04,-1.23E-04,-6.48E-05,-2.06E-04,-1.44E-04,-3.23E-04,-1.22E-05,-3.11E-05,-2.86E-04,-2.04E-04,-4.05E-05,-1.54E-04,-3.04E-05,-6.34E-05,-4.97E-05
46,-6.76E-04,-1.71E-04,-3.21E-04,-3.23E-04,-2.94E-04,-2.16E-04,-1.26E-04,-6.20E-05,-2.06E-04,-1.41E-04,-3.25E-04,-1.87E-05,-2.85E-05,-2.93E-04,-2.07E-04,-4.24E-05,-1.56E-04,-2.78E-05,-5.99E-05,-4.44E-05
47,-6.88E-04,-1.77E-04,-3.29E-04,-3.19E-04,-2.92E-04,-2.15E-04,-1.27E-04,-5.91E-05,-2.05E-04,-1.37E-04,-3.26E-04,-2.50E-05,-2.65E-05,-3.00E-04,-2.11E-04,-4.39E-05,-1.57E-04,-2.45E-05,-5.62E-05,-3.90E-05
48,-7.02E-04,-1.83E-04,-3.36E-04,-3.15E-04,-2.92E-04,-2.13E-04,-1.26E-04,-5.66E-05,-2.04E-04,-1.34E-04,-3.26E-04,-3.08E-05,-2.54E-05,-3.06E-04,-2.14E-04,-4.52E-05,-1.57E-04,-2.09E-05,-5.24E-05,-3.40E-05
49,-7.17E-04,-1.89E-04,-3.43E-04,-3.10E-04,-2.94E-04,-2.11E-04,-1.24E-04,-5.52E-05,-2.02E-04,-1.31E-04,-3.26E-04,-3.60E-05,-2.54E-05,-3.12E-04,-2.18E-04,-4.65E-05,-1.57E-04,-1.72E-05,-4.87E-05,-2.97E-05
50,-7.34E-04,-1.96E-04,-3.50E-04,-3.06E-04,-2.98E-04,-2.09E-04,-1.23E-04,-5.50E-05,-2.01E-04,-1.31E-04,-3.26E-04,-4.05E-05,-2.68E-05,-3.18E-04,-2.22E-04,-4.78E-05,-1.58E-04,-1.39E-05,-4.54E-05,-2.65E-05
51,-7.53E-04,-2.04E-04,-3.56E-04,-3.03E-04,-3.04E-04,-2.07E-04,-1.21E-04,-5.64E-05,-1.99E-04,-1.32E-04,-3.28E-04,-4.40E-05,-2.97E-05,-3.24E-04,-2.27E-04,-4.94E-05,-1.58E-04,-1.12E-05,-4.24E-05,-2.46E-05
52,-7.72E-04,-2.14E-04,-3.62E-04,-3.00E-04,-3.12E-04,-2.06E-04,-1.20E-04,-5.96E-05,-1.99E-04,-1.36E-04,-3.31E-04,-4.66E-05,-3.39E-05,-3.30E-04,-2.32E-04,-5.13E-05,-1.58E-04,-9.28E-06,-3.99E-05,-2.42E-05
53,-7.92E-04,-2.24E-04,-3.67E-04,-2.99E-04,-3.21E-04,-2.05E-04,-1.20E-04,-6.44E-05,-1.99E-04,-1.41E-04,-3.35E-04,-4.82E-05,-3.92E-05,-3.35E-04,-2.38E-04,-5.37E-05,-1.59E-04,-8.37E-06,-3.79E-05,-2.54E-05
54,-8.10E-04,-2.34E-04,-3.72E-04,-2.98E-04,-3.31E-04,-2.05E-04,-1.22E-04,-7.08E-05,-1.99E-04,-1.49E-04,-3.42E-04,-4.90E-05,-4.53E-05,-3.41E-04,-2.44E-04,-5.64E-05,-1.61E-04,-8.49E-06,-3.64E-05,-2.81E-05
55,-8.27E-04,-2.45E-04,-3.76E-04,-2.99E-04,-3.43E-04,-2.06E-04,-1.26E-04,-7.85E-05,-2.00E-04,-1.58E-04,-3.50E-04,-4.91E-05,-5.18E-05,-3.46E-04,-2.49E-04,-5.96E-05,-1.63E-04,-9.64E-06,-3.54E-05,-3.22E-05
56,-8.41E-04,-2.56E-04,-3.80E-04,-3.01E-04,-3.54E-04,-2.08E-04,-1.31E-04,-8.70E-05,-2.02E-04,-1.69E-04,-3.60E-04,-4.87E-05,-5.82E-05,-3.50E-04,-2.55E-04,-6.31E-05,-1.65E-04,-1.17E-05,-3.49E-05,-3.74E-05
57,-8.53E-04,-2.66E-04,-3.83E-04,-3.04E-04,-3.64E-04,-2.10E-04,-1.38E-04,-9.60E-05,-2.04E-04,-1.80E-04,-3.70E-04,-4.80E-05,-6.41E-05,-3.54E-04,-2.61E-04,-6.69E-05,-1.67E-04,-1.45E-05,-3.47E-05,-4.36E-05
58,-8.60E-04,-2.75E-04,-3.85E-04,-3.07E-04,-3.74E-04,-2.12E-04,-1.47E-04,-1.05E-04,-2.07E-04,-1.91E-04,-3.81E-04,-4.73E-05,-6.91E-05,-3.57E-04,-2.67E-04,-7.10E-05,-1.68E-04,-1.78E-05,-3.47E-05,-5.05E-05
59,-8.64E-04,-2.82E-04,-3.86E-04,-3.11E-04,-3.82E-04,-2.13E-04,-1.56E-04,-1.13E-04,-2.10E-04,-2.01E-04,-3.91E-04,-4.68E-05,-7.28E-05,-3.59E-04,-2.72E-04,-7.53E-05,-1.70E-04,-2.14E-05,-3.48E-05,-5.76E-05
60,-8.63E-04,-2.88E-04,-3.86E-04,-3.14E-04,-3.89E-04,-2.15E-04,-1.66E-04,-1.21E-04,-2.14E-04,-2.11E-04,-4.00E-04,-4.68E-05,-7.51E-05,-3.60E-04,-2.77E-04,-7.97E-05,-1.71E-04,-2.50E-05,-3.50E-05,-6.48E-05
61,-8.58E-04,-2.92E-04,-3.85E-04,-3.17E-04,-3.93E-04,-2.16E-04,-1.76E-04,-1.27E-04,-2.17E-04,-2.19E-04,-4.09E-04,-4.74E-05,-7.60E-05,-3.61E-04,-2.81E-04,-8.41E-05,-1.72E-04,-2.83E-05,-3.51E-05,-7.17E-05
62,-8.50E-04,-2.94E-04,-3.84E-04,-3.19E-04,-3.95E-04,-2.17E-04,-1.85E-04,-1.32E-04,-2.20E-04,-2.25E-04,-4.15E-04,-4.88E-05,-7.53E-05,-3.60E-04,-2.85E-04,-8.87E-05,-1.71E-04,-3.09E-05,-3.52E-05,-7.82E-05
63,-8.38E-04,-2.94E-04,-3.82E-04,-3.21E-04,-3.95E-04,-2.16E-04,-1.94E-04,-1.35E-04,-2.23E-04,-2.30E-04,-4.19E-04,-5.10E-05,-7.34E-05,-3.58E-04,-2.89E-04,-9.34E-05,-1.70E-04,-3.29E-05,-3.51E-05,-8.41E-05
64,-8.24E-04,-2.93E-04,-3.80E-04,-3.22E-04,-3.93E-04,-2.15E-04,-2.01E-04,-1.36E-04,-2.25E-04,-2.32E-04,-4.21E-04,-5.41E-05,-7.05E-05,-3.56E-04,-2.92E-04,-9.83E-05,-1.69E-04,-3.38E-05,-3.49E-05,-8.94E-05
65,-8.09E-04,-2.90E-04,-3.77E-04,-3.21E-04,-3.90E-04,-2.13E-04,-2.06E-04,-1.35E-04,-2.27E-04,-2.33E-04,-4.21E-04,-5.80E-05,-6.72E-05,-3.53E-04,-2.96E-04,-1.03E-04,-1.66E-04,-3.37E-05,-3.46E-05,-9.41E-05
66,-7.92E-04,-2.87E-04,-3.74E-04,-3.20E-04,-3.85E-04,-2.11E-04,-2.09E-04,-1.33E-04,-2.28E-04,-2.32E-04,-4.19E-04,-6.25E-05,-6.38E-05,-3.50E-04,-2.99E-04,-1.09E-04,-1.64E-04,-3.25E-05,-3.42E-05,-9.82E-05
67,-7.76E-04,-2.84E-04,-3.72E-04,-3.17E-04,-3.80E-04,-2.07E-04,-2.11E-04,-1.30E-04,-2.29E-04,-2.30E-04,-4.16E-04,-6.74E-05,-6.08E-05,-3.47E-04,-3.03E-04,-1.15E-04,-1.61E-04,-3.03E-05,-3.39E-05,-1.02E-04
68,-7.61E-04,-2.82E-04,-3.70E-04,-3.14E-04,-3.75E-04,-2.04E-04,-2.11E-04,-1.26E-04,-2.29E-04,-2.27E-04,-4.11E-04,-7.26E-05,-5.87E-05,-3.44E-04,-3.07E-04,-1.21E-04,-1.58E-04,-2.70E-05,-3.37E-05,-1.05E-04
69,-7.47E-04,-2.80E-04,-3.69E-04,-3.10E-04,-3.70E-04,-2.00E-04,-2.10E-04,-1.21E-04,-2.29E-04,-2.24E-04,-4.06E-04,-7.78E-05,-5.79E-05,-3.41E-04,-3.12E-04,-1.28E-04,-1.56E-04,-2.30E-05,-3.36E-05,-1.09E-04
70,-7.36E-04,-2.79E-04,-3.68E-04,-3.06E-04,-3.66E-04,-1.96E-04,-2.07E-04,-1.17E-04,-2.29E-04,-2.20E-04,-4.00E-04,-8.27E-05,-5.86E-05,-3.39E-04,-3.18E-04,-1.36E-04,-1.54E-04,-1.84E-05,-3.39E-05,-1.12E-04
71,-7.28E-04,-2.80E-04,-3.69E-04,-3.02E-04,-3.64E-04,-1.93E-04,-2.04E-04,-1.12E-04,-2.29E-04,-2.18E-04,-3.96E-04,-8.71E-05,-6.11E-05,-3.37E-04,-3.24E-04,-1.45E-04,-1.53E-04,-1.35E-05,-3.45E-05,-1.16E-04
72,-7.22E-04,-2.83E-04,-3.71E-04,-2.98E-04,-3.64E-04,-1.89E-04,-2.00E-04,-1.08E-04,-2.29E-04,-2.15E-04,-3.93E-04,-9.08E-05,-6.53E-05,-3.36E-04,-3.31E-04,-1.54E-04,-1.52E-04,-8.41E-06,-3.56E-05,-1.20E-04
73,-7.19E-04,-2.88E-04,-3.74E-04,-2.95E-04,-3.65E-04,-1.87E-04,-1.97E-04,-1.04E-04,-2.29E-04,-2.14E-04,-3.91E-04,-9.36E-05,-7.11E-05,-3.36E-04,-3.39E-04,-1.64E-04,-1.52E-04,-3.49E-06,-3.72E-05,-1.25E-04
74,-7.18E-04,-2.94E-04,-3.78E-04,-2.93E-04,-3.68E-04,-1.85E-04,-1.95E-04,-1.02E-04,-2.29E-04,-2.14E-04,-3.92E-04,-9.54E-05,-7.81E-05,-3.36E-04,-3.48E-04,-1.75E-04,-1.54E-04,1.04E-06,-3.93E-05,-1.30E-04
75,-7.20E-04,-3.01E-04,-3.83E-04,-2.91E-04,-3.74E-04,-1.84E-04,-1.93E-04,-9.96E-05,-2.30E-04,-2.15E-04,-3.95E-04,-9.63E-05,-8.60E-05,-3.37E-04,-3.58E-04,-1.87E-04,-1.56E-04,4.96E-06,-4.19E-05,-1.36E-04
76,-7.23E-04,-3.10E-04,-3.88E-04,-2.90E-04,-3.80E-04,-1.83E-04,-1.92E-04,-9.83E-05,-2.31E-04,-2.17E-04,-4.00E-04,-9.61E-05,-9.42E-05,-3.38E-04,-3.68E-04,-1.99E-04,-1.58E-04,8.13E-06,-4.51E-05,-1.43E-04
77,-7.27E-04,-3.19E-04,-3.94E-04,-2.91E-04,-3.88E-04,-1.83E-04,-1.93E-04,-9.75E-05,-2.32E-04,-2.20E-04,-4.06E-04,-9.51E-05,-1.02E-04,-3.40E-04,-3.78E-04,-2.12E-04,-1.61E-04,1.04E-05,-4.87E-05,-1.50E-04
78,-7.31E-04,-3.28E-04,-4.00E-04,-2.92E-04,-3.97E-04,-1.84E-04,-1.95E-04,-9.72E-05,-2.34E-04,-2.23E-04,-4.14E-04,-9.34E-05,-1.09E-04,-3.42E-04,-3.88E-04,-2.24E-04,-1.64E-04,1.18E-05,-5.28E-05,-1.58E-04
79,-7.34E-04,-3.37E-04,-4.06E-04,-2.94E-04,-4.07E-04,-1.85E-04,-1.98E-04,-9.70E-05,-2.36E-04,-2.27E-04,-4.23E-04,-9.12E-05,-1.15E-04,-3.43E-04,-3.97E-04,-2.37E-04,-1.68E-04,1.21E-05,-5.73E-05,-1.66E-04
80,-7.37E-04,-3.45E-04,-4.11E-04,-2.97E-04,-4.16E-04,-1.86E-04,-2.01E-04,-9.66E-05,-2.39E-04,-2.30E-04,-4.33E-04,-8.86E-05,-1.19E-04,-3.44E-04,-4.07E-04,-2.49E-04,-1.71E-04,1.16E-05,-6.21E-05,-1.74E-04
81,-7.39E-04,-3.51E-04,-4.15E-04,-3.00E-04,-4.24E-04,-1.87E-04,-2.06E-04,-9.59E-05,-2.41E-04,-2.33E-04,-4.42E-04,-8.60E-05,-1.20E-04,-3.45E-04,-4.15E-04,-2.61E-04,-1.73E-04,1.03E-05,-6.71E-05,-1.82E-04
82,-7.38E-04,-3.56E-04,-4.18E-04,-3.03E-04,-4.31E-04,-1.88E-04,-2.10E-04,-9.46E-05,-2.44E-04,-2.35E-04,-4.49E-04,-8.35E-05,-1.19E-04,-3.46E-04,-4.23E-04,-2.72E-04,-1.75E-04,8.34E-06,-7.22E-05,-1.89E-04
83,-7.35E-04,-3.59E-04,-4.20E-04,-3.06E-04,-4.37E-04,-1.88E-04,-2.14E-04,-9.26E-05,-2.47E-04,-2.35E-04,-4.55E-04,-8.13E-05,-1.15E-04,-3.45E-04,-4.29E-04,-2.83E-04,-1.76E-04,5.86E-06,-7.74E-05,-1.96E-04
84,-7.30E-04,-3.60E-04,-4.21E-04,-3.08E-04,-4.41E-04,-1.88E-04,-2.17E-04,-8.97E-05,-2.49E-04,-2.34E-04,-4.59E-04,-7.95E-05,-1.09E-04,-3.44E-04,-4.35E-04,-2.92E-04,-1.76E-04,3.07E-06,-8.26E-05,-2.02E-04
85,-7.23E-04,-3.59E-04,-4.20E-04,-3.10E-04,-4.43E-04,-1.87E-04,-2.19E-04,-8.60E-05,-2.51E-04,-2.32E-04,-4.60E-04,-7.80E-05,-1.00E-04,-3.43E-04,-4.39E-04,-3.00E-04,-1.76E-04,1.44E-07,-8.76E-05,-2.08E-04
86,-7.14E-04,-3.56E-04,-4.17E-04,-3.11E-04,-4.44E-04,-1.85E-04,-2.20E-04,-8.14E-05,-2.52E-04,-2.28E-04,-4.57E-04,-7.70E-05,-9.01E-05,-3.40E-04,-4.42E-04,-3.06E-04,-1.74E-04,-2.72E-06,-9.26E-05,-2.13E-04
87,-7.03E-04,-3.51E-04,-4.14E-04,-3.11E-04,-4.42E-04,-1.83E-04,-2.19E-04,-7.62E-05,-2.53E-04,-2.22E-04,-4.51E-04,-7.63E-05,-7.85E-05,-3.37E-04,-4.44E-04,-3.11E-04,-1.71E-04,-5.34E-06,-9.73E-05,-2.16E-04
88,-6.91E-04,-3.45E-04,-4.09E-04,-3.10E-04,-4.39E-04,-1.80E-04,-2.17E-04,-7.04E-05,-2.52E-04,-2.14E-04,-4.43E-04,-7.58E-05,-6.62E-05,-3.33E-04,-4.45E-04,-3.15E-04,-1.68E-04,-7.59E-06,-1.02E-04,-2.19E-04
89,-6.78E-04,-3.38E-04,-4.03E-04,-3.07E-04,-4.35E-04,-1.75E-04,-2.13E-04,-6.44E-05,-2.52E-04,-2.05E-04,-4.31E-04,-7.53E-05,-5.38E-05,-3.29E-04,-4.44E-04,-3.17E-04,-1.64E-04,-9.36E-06,-1.06E-04,-2.21E-04
90,-6.64E-04,-3.30E-04,-3.97E-04,-3.04E-04,-4.30E-04,-1.71E-04,-2.08E-04,-5.84E-05,-2.50E-04,-1.95E-04,-4.16E-04,-7.46E-05,-4.20E-05,-3.24E-04,-4.43E-04,-3.17E-04,-1.59E-04,-1.05E-05,-1.10E-04,-2.22E-04
91,-6.50E-04,-3.22E-04,-3.90E-04,-2.99E-04,-4.25E-04,-1.65E-04,-2.01E-04,-5.27E-05,-2.48E-04,-1.84E-04,-3.99E-04,-7.35E-05,-3.14E-05,-3.18E-04,-4.41E-04,-3.17E-04,-1.55E-04,-1.11E-05,-1.13E-04,-2.22E-04
92,-6.36E-04,-3.14E-04,-3.82E-04,-2.93E-04,-4.19E-04,-1.59E-04,-1.94E-04,-4.75E-05,-2.44E-04,-1.72E-04,-3.81E-04,-7.17E-05,-2.25E-05,-3.13E-04,-4.38E-04,-3.14E-04,-1.50E-04,-1.11E-05,-1.16E-04,-2.21E-04
93,-6.22E-04,-3.07E-04,-3.75E-04,-2.87E-04,-4.13E-04,-1.53E-04,-1.87E-04,-4.29E-05,-2.40E-04,-1.60E-04,-3.61E-04,-6.92E-05,-1.55E-05,-3.07E-04,-4.34E-04,-3.11E-04,-1.45E-04,-1.04E-05,-1.18E-04,-2.20E-04
94,-6.08E-04,-3.00E-04,-3.69E-04,-2.81E-04,-4.08E-04,-1.46E-04,-1.80E-04,-3.91E-05,-2.36E-04,-1.48E-04,-3.40E-04,-6.58E-05,-1.08E-05,-3.00E-04,-4.30E-04,-3.07E-04,-1.40E-04,-9.25E-06,-1.20E-04,-2.18E-04
95,-5.95E-04,-2.94E-04,-3.62E-04,-2.74E-04,-4.04E-04,-1.39E-04,-1.73E-04,-3.63E-05,-2.31E-04,-1.36E-04,-3.20E-04,-6.14E-05,-8.29E-06,-2.94E-04,-4.26E-04,-3.01E-04,-1.35E-04,-7.60E-06,-1.21E-04,-2.16E-04
96,-5.83E-04,-2.88E-04,-3.57E-04,-2.67E-04,-4.00E-04,-1.33E-04,-1.66E-04,-3.43E-05,-2.25E-04,-1.25E-04,-3.00E-04,-5.61E-05,-8.01E-06,-2.87E-04,-4.21E-04,-2.95E-04,-1.31E-04,-5.57E-06,-1.22E-04,-2.13E-04
97,-5.70E-04,-2.83E-04,-3.52E-04,-2.61E-04,-3.97E-04,-1.26E-04,-1.61E-04,-3.31E-05,-2.19E-04,-1.14E-04,-2.80E-04,-4.99E-05,-9.68E-06,-2.80E-04,-4.16E-04,-2.88E-04,-1.26E-04,-3.26E-06,-1.22E-04,-2.11E-04
98,-5.59E-04,-2.79E-04,-3.47E-04,-2.55E-04,-3.95E-04,-1.20E-04,-1.56E-04,-3.25E-05,-2.13E-04,-1.05E-04,-2.61E-04,-4.31E-05,-1.30E-05,-2.74E-04,-4.11E-04,-2.80E-04,-1.22E-04,-7.46E-07,-1.21E-04,-2.08E-04
99,-5.48E-04,-2.75E-04,-3.44E-04,-2.50E-04,-3.93E-04,-1.14E-04,-1.53E-04,-3.23E-05,-2.07E-04,-9.56E-05,-2.43E-04,-3.58E-05,-1.74E-05,-2.66E-04,-4.06E-04,-2.72E-04,-1.18E-04,1.88E-06,-1.20E-04,-2.05E-04
100,-5.37E-04,-2.71E-04,-3.40E-04,-2.46E-04,-3.92E-04,-1.09E-04,-1.50E-04,-3.23E-05,-2.00E-04,-8.77E-05,-2.25E-04,-2.82E-05,-2.26E-05,-2.59E-04,-4.01E-04,-2.63E-04,-1.14E-04,4.54E-06,-1.19E-04,-2.01E-04
101,-5.26E-04,-2.68E-04,-3.38E-04,-2.42E-04,-3.91E-04,-1.04E-04,-1.48E-04,-3.21E-05,-1.94E-04,-8.07E-05,-2.09E-04,-2.08E-05,-2.79E-05,-2.52E-04,-3.95E-04,-2.55E-04,-1.09E-04,7.18E-06,-1.16E-04,-1.98E-04
102,-5.16E-04,-2.64E-04,-3.35E-04,-2.39E-04,-3.90E-04,-9.91E-05,-1.46E-04,-3.15E-05,-1.88E-04,-7.48E-05,-1.93E-04,-1.38E-05,-3.29E-05,-2.44E-04,-3.90E-04,-2.46E-04,-1.05E-04,9.78E-06,-1.13E-04,-1.95E-04
103,-5.06E-04,-2.60E-04,-3.33E-04,-2.37E-04,-3.88E-04,-9.50E-05,-1.44E-04,-3.01E-05,-1.83E-04,-6.97E-05,-1.78E-04,-7.36E-06,-3.72E-05,-2.37E-04,-3.84E-04,-2.37E-04,-1.00E-04,1.23E-05,-1.10E-04,-1.92E-04
104,-4.96E-04,-2.55E-04,-3.30E-04,-2.35E-04,-3.86E-04,-9.14E-05,-1.42E-04,-2.79E-05,-1.77E-04,-6.55E-05,-1.62E-04,-1.80E-06,-4.04E-05,-2.29E-04,-3.78E-04,-2.28E-04,-9.55E-05,1.47E-05,-1.06E-04,-1.89E-04
105,-4.86E-04,-2.50E-04,-3.28E-04,-2.34E-04,-3.84E-04,-8.82E-05,-1.39E-04,-2.45E-05,-1.72E-04,-6.20E-05,-1.48E-04,2.76E-06,-4.23E-05,-2.21E-04,-3.72E-04,-2.19E-04,-9.06E-05,1.70E-05,-1.02E-04,-1.86E-04
106,-4.77E-04,-2.44E-04,-3.25E-04,-2.33E-04,-3.80E-04,-8.55E-05,-1.34E-04,-2.00E-05,-1.68E-04,-5.92E-05,-1.33E-04,6.23E-06,-4.27E-05,-2.14E-04,-3.66E-04,-2.11E-04,-8.56E-05,1.93E-05,-9.72E-05,-1.82E-04
107,-4.68E-04,-2.38E-04,-3.21E-04,-2.32E-04,-3.76E-04,-8.31E-05,-1.29E-04,-1.42E-05,-1.63E-04,-5.71E-05,-1.18E-04,8.64E-06,-4.17E-05,-2.07E-04,-3.59E-04,-2.02E-04,-8.06E-05,2.15E-05,-9.25E-05,-1.79E-04
108,-4.60E-04,-2.31E-04,-3.17E-04,-2.30E-04,-3.70E-04,-8.11E-05,-1.21E-04,-7.23E-06,-1.59E-04,-5.54E-05,-1.04E-04,1.01E-05,-3.92E-05,-2.00E-04,-3.53E-04,-1.94E-04,-7.56E-05,2.36E-05,-8.76E-05,-1.77E-04
109,-4.52E-04,-2.24E-04,-3.13E-04,-2.29E-04,-3.64E-04,-7.93E-05,-1.12E-04,7.98E-07,-1.55E-04,-5.42E-05,-8.97E-05,1.07E-05,-3.54E-05,-1.94E-04,-3.46E-04,-1.87E-04,-7.08E-05,2.56E-05,-8.26E-05,-1.74E-04
110,-4.45E-04,-2.16E-04,-3.08E-04,-2.26E-04,-3.58E-04,-7.79E-05,-1.01E-04,9.72E-06,-1.51E-04,-5.35E-05,-7.63E-05,1.08E-05,-3.06E-05,-1.88E-04,-3.39E-04,-1.80E-04,-6.63E-05,2.75E-05,-7.75E-05,-1.71E-04
111,-4.39E-04,-2.09E-04,-3.02E-04,-2.23E-04,-3.51E-04,-7.66E-05,-8.92E-05,1.93E-05,-1.48E-04,-5.31E-05,-6.39E-05,1.07E-05,-2.50E-05,-1.82E-04,-3.32E-04,-1.73E-04,-6.22E-05,2.92E-05,-7.24E-05,-1.68E-04
112,-4.33E-04,-2.01E-04,-2.96E-04,-2.20E-04,-3.44E-04,-7.56E-05,-7.58E-05,2.93E-05,-1.44E-04,-5.31E-05,-5.26E-05,1.06E-05,-1.89E-05,-1.78E-04,-3.24E-04,-1.66E-04,-5.84E-05,3.08E-05,-6.72E-05,-1.66E-04
113,-4.28E-04,-1.93E-04,-2.89E-04,-2.15E-04,-3.37E-04,-7.48E-05,-6.16E-05,3.95E-05,-1.40E-04,-5.34E-05,-4.29E-05,1.08E-05,-1.25E-05,-1.74E-04,-3.17E-04,-1.60E-04,-5.52E-05,3.21E-05,-6.21E-05,-1.64E-04
114,-4.23E-04,-1.86E-04,-2.82E-04,-2.11E-04,-3.30E-04,-7.41E-05,-4.71E-05,4.96E-05,-1.36E-04,-5.41E-05,-3.48E-05,1.18E-05,-6.01E-06,-1.70E-04,-3.10E-04,-1.55E-04,-5.24E-05,3.31E-05,-5.69E-05,-1.62E-04
115,-4.18E-04,-1.78E-04,-2.75E-04,-2.06E-04,-3.25E-04,-7.35E-05,-3.28E-05,5.94E-05,-1.32E-04,-5.51E-05,-2.86E-05,1.36E-05,3.31E-07,-1.67E-04,-3.02E-04,-1.50E-04,-5.01E-05,3.36E-05,-5.17E-05,-1.60E-04
116,-4.12E-04,-1.71E-04,-2.67E-04,-2.01E-04,-3.19E-04,-7.31E-05,-1.91E-05,6.87E-05,-1.27E-04,-5.65E-05,-2.43E-05,1.66E-05,6.44E-06,-1.65E-04,-2.95E-04,-1.45E-04,-4.82E-05,3.36E-05,-4.64E-05,-1.58E-04
117,-4.07E-04,-1.63E-04,-2.60E-04,-1.95E-04,-3.15E-04,-7.28E-05,-6.61E-06,7.73E-05,-1.23E-04,-5.82E-05,-2.18E-05,2.07E-05,1.23E-05,-1.63E-04,-2.88E-04,-1.40E-04,-4.67E-05,3.30E-05,-4.10E-05,-1.56E-04
118,-4.01E-04,-1.56E-04,-2.52E-04,-1.91E-04,-3.12E-04,-7.25E-05,4.41E-06,8.52E-05,-1.18E-04,-6.04E-05,-2.10E-05,2.60E-05,1.78E-05,-1.62E-04,-2.80E-04,-1.36E-04,-4.55E-05,3.17E-05,-3.56E-05,-1.55E-04
119,-3.94E-04,-1.48E-04,-2.45E-04,-1.86E-04,-3.09E-04,-7.24E-05,1.36E-05,9.23E-05,-1.13E-04,-6.30E-05,-2.17E-05,3.23E-05,2.31E-05,-1.62E-04,-2.73E-04,-1.32E-04,-4.45E-05,2.97E-05,-3.01E-05,-1.53E-04
120,-3.87E-04,-1.39E-04,-2.38E-04,-1.83E-04,-3.08E-04,-7.23E-05,2.09E-05,9.87E-05,-1.07E-04,-6.61E-05,-2.34E-05,3.96E-05,2.82E-05,-1.61E-04,-2.67E-04,-1.28E-04,-4.36E-05,2.70E-05,-2.45E-05,-1.52E-04
121,-3.79E-04,-1.30E-04,-2.31E-04,-1.80E-04,-3.07E-04,-7.24E-05,2.61E-05,1.04E-04,-1.02E-04,-6.97E-05,-2.58E-05,4.75E-05,3.33E-05,-1.61E-04,-2.60E-04,-1.25E-04,-4.27E-05,2.35E-05,-1.88E-05,-1.51E-04
122,-3.70E-04,-1.19E-04,-2.24E-04,-1.79E-04,-3.07E-04,-7.25E-05,2.93E-05,1.09E-04,-9.61E-05,-7.39E-05,-2.84E-05,5.57E-05,3.83E-05,-1.61E-04,-2.54E-04,-1.22E-04,-4.18E-05,1.92E-05,-1.31E-05,-1.51E-04
123,-3.61E-04,-1.08E-04,-2.18E-04,-1.79E-04,-3.07E-04,-7.27E-05,3.08E-05,1.14E-04,-9.04E-05,-7.86E-05,-3.08E-05,6.39E-05,4.33E-05,-1.62E-04,-2.49E-04,-1.19E-04,-4.10E-05,1.44E-05,-7.47E-06,-1.50E-04
124,-3.52E-04,-9.63E-05,-2.12E-04,-1.81E-04,-3.07E-04,-7.32E-05,3.08E-05,1.18E-04,-8.47E-05,-8.38E-05,-3.26E-05,7.17E-05,4.83E-05,-1.63E-04,-2.43E-04,-1.17E-04,-4.02E-05,8.96E-06,-1.95E-06,-1.50E-04
125,-3.42E-04,-8.33E-05,-2.07E-04,-1.84E-04,-3.07E-04,-7.38E-05,2.97E-05,1.21E-04,-7.92E-05,-8.97E-05,-3.36E-05,7.89E-05,5.32E-05,-1.64E-04,-2.39E-04,-1.15E-04,-3.96E-05,3.10E-06,3.37E-06,-1.50E-04
126,-3.34E-04,-6.94E-05,-2.02E-04,-1.88E-04,-3.07E-04,-7.46E-05,2.79E-05,1.24E-04,-7.40E-05,-9.62E-05,-3.35E-05,8.51E-05,5.79E-05,-1.66E-04,-2.35E-04,-1.13E-04,-3.92E-05,-3.06E-06,8.39E-06,-1.51E-04
127,-3.26E-04,-5.48E-05,-1.98E-04,-1.94E-04,-3.07E-04,-7.57E-05,2.58E-05,1.27E-04,-6.92E-05,-1.03E-04,-3.25E-05,9.01E-05,6.23E-05,-1.68E-04,-2.32E-04,-1.13E-04,-3.93E-05,-9.38E-06,1.30E-05,-1.52E-04
128,-3.19E-04,-3.98E-05,-1.94E-04,-2.01E-04,-3.06E-04,-7.71E-05,2.39E-05,1.30E-04,-6.49E-05,-1.11E-04,-3.05E-05,9.39E-05,6.60E-05,-1.71E-04,-2.29E-04,-1.12E-04,-4.00E-05,-1.57E-05,1.72E-05,-1.53E-04
129,-3.13E-04,-2.45E-05,-1.91E-04,-2.09E-04,-3.05E-04,-7.89E-05,2.25E-05,1.32E-04,-6.12E-05,-1.19E-04,-2.79E-05,9.63E-05,6.89E-05,-1.74E-04,-2.27E-04,-1.13E-04,-4.15E-05,-2.19E-05,2.08E-05,-1.55E-04
130,-3.09E-04,-9.38E-06,-1.89E-04,-2.18E-04,-3.03E-04,-8.11E-05,2.18E-05,1.33E-04,-5.81E-05,-1.28E-04,-2.52E-05,9.74E-05,7.08E-05,-1.79E-04,-2.25E-04,-1.14E-04,-4.40E-05,-2.79E-05,2.38E-05,-1.58E-04
131,-3.07E-04,5.32E-06,-1.87E-04,-2.27E-04,-3.01E-04,-8.38E-05,2.20E-05,1.34E-04,-5.59E-05,-1.36E-04,-2.29E-05,9.74E-05,7.12E-05,-1.84E-04,-2.25E-04,-1.16E-04,-4.78E-05,-3.36E-05,2.61E-05,-1.61E-04
132,-3.07E-04,1.92E-05,-1.85E-04,-2.36E-04,-2.99E-04,-8.69E-05,2.32E-05,1.34E-04,-5.44E-05,-1.46E-04,-2.16E-05,9.63E-05,7.02E-05,-1.90E-04,-2.25E-04,-1.18E-04,-5.29E-05,-3.90E-05,2.78E-05,-1.64E-04
133,-3.08E-04,3.19E-05,-1.85E-04,-2.46E-04,-2.96E-04,-9.04E-05,2.53E-05,1.33E-04,-5.37E-05,-1.55E-04,-2.18E-05,9.45E-05,6.75E-05,-1.96E-04,-2.25E-04,-1.22E-04,-5.94E-05,-4.39E-05,2.88E-05,-1.69E-04
134,-3.11E-04,4.32E-05,-1.85E-04,-2.56E-04,-2.93E-04,-9.45E-05,2.82E-05,1.31E-04,-5.40E-05,-1.64E-04,-2.43E-05,9.21E-05,6.31E-05,-2.04E-04,-2.26E-04,-1.26E-04,-6.75E-05,-4.85E-05,2.93E-05,-1.74E-04
135,-3.15E-04,5.27E-05,-1.85E-04,-2.65E-04,-2.90E-04,-9.90E-05,3.16E-05,1.28E-04,-5.50E-05,-1.74E-04,-2.94E-05,8.95E-05,5.71E-05,-2.12E-04,-2.27E-04,-1.30E-04,-7.72E-05,-5.29E-05,2.91E-05,-1.79E-04
136,-3.21E-04,6.03E-05,-1.85E-04,-2.73E-04,-2.88E-04,-1.04E-04,3.52E-05,1.23E-04,-5.68E-05,-1.83E-04,-3.76E-05,8.67E-05,4.97E-05,-2.21E-04,-2.28E-04,-1.35E-04,-8.82E-05,-5.70E-05,2.86E-05,-1.84E-04
137,-3.27E-04,6.58E-05,-1.86E-04,-2.81E-04,-2.86E-04,-1.09E-04,3.86E-05,1.17E-04,-5.94E-05,-1.92E-04,-4.89E-05,8.41E-05,4.10E-05,-2.30E-04,-2.30E-04,-1.41E-04,-1.01E-04,-6.11E-05,2.76E-05,-1.90E-04
138,-3.34E-04,6.91E-05,-1.87E-04,-2.88E-04,-2.84E-04,-1.15E-04,4.15E-05,1.09E-04,-6.26E-05,-2.00E-04,-6.36E-05,8.17E-05,3.14E-05,-2.40E-04,-2.32E-04,-1.47E-04,-1.14E-04,-6.53E-05,2.64E-05,-1.97E-04
139,-3.41E-04,7.02E-05,-1.88E-04,-2.94E-04,-2.83E-04,-1.20E-04,4.35E-05,1.00E-04,-6.63E-05,-2.07E-04,-8.12E-05,7.96E-05,2.13E-05,-2.50E-04,-2.34E-04,-1.53E-04,-1.28E-04,-6.97E-05,2.51E-05,-2.03E-04
140,-3.47E-04,6.91E-05,-1.88E-04,-2.99E-04,-2.82E-04,-1.26E-04,4.43E-05,9.05E-05,-7.05E-05,-2.14E-04,-1.01E-04,7.78E-05,1.11E-05,-2.60E-04,-2.36E-04,-1.59E-04,-1.43E-04,-7.44E-05,2.37E-05,-2.09E-04
141,-3.52E-04,6.61E-05,-1.89E-04,-3.04E-04,-2.81E-04,-1.32E-04,4.36E-05,7.97E-05,-7.51E-05,-2.21E-04,-1.24E-04,7.60E-05,1.39E-06,-2.70E-04,-2.38E-04,-1.66E-04,-1.59E-04,-7.96E-05,2.24E-05,-2.15E-04
142,-3.56E-04,6.13E-05,-1.89E-04,-3.08E-04,-2.81E-04,-1.38E-04,4.14E-05,6.83E-05,-7.98E-05,-2.26E-04,-1.47E-04,7.43E-05,-7.54E-06,-2.80E-04,-2.40E-04,-1.72E-04,-1.74E-04,-8.53E-05,2.12E-05,-2.21E-04
143,-3.58E-04,5.48E-05,-1.89E-04,-3.11E-04,-2.81E-04,-1.43E-04,3.75E-05,5.64E-05,-8.47E-05,-2.31E-04,-1.71E-04,7.24E-05,-1.53E-05,-2.89E-04,-2.43E-04,-1.79E-04,-1.90E-04,-9.16E-05,2.01E-05,-2.27E-04
144,-3.59E-04,4.70E-05,-1.89E-04,-3.14E-04,-2.82E-04,-1.49E-04,3.22E-05,4.44E-05,-8.95E-05,-2.35E-04,-1.95E-04,7.01E-05,-2.16E-05,-2.98E-04,-2.45E-04,-1.85E-04,-2.05E-04,-9.85E-05,1.91E-05,-2.32E-04
145,-3.59E-04,3.81E-05,-1.88E-04,-3.16E-04,-2.82E-04,-1.54E-04,2.56E-05,3.25E-05,-9.42E-05,-2.39E-04,-2.18E-04,6.71E-05,-2.63E-05,-3.06E-04,-2.47E-04,-1.91E-04,-2.20E-04,-1.06E-04,1.84E-05,-2.36E-04
146,-3.57E-04,2.84E-05,-1.87E-04,-3.19E-04,-2.82E-04,-1.59E-04,1.79E-05,2.11E-05,-9.87E-05,-2.42E-04,-2.38E-04,6.33E-05,-2.93E-05,-3.13E-04,-2.49E-04,-1.97E-04,-2.34E-04,-1.14E-04,1.77E-05,-2.41E-04
147,-3.53E-04,1.82E-05,-1.86E-04,-3.21E-04,-2.82E-04,-1.63E-04,9.52E-06,1.03E-05,-1.03E-04,-2.45E-04,-2.56E-04,5.85E-05,-3.07E-05,-3.21E-04,-2.51E-04,-2.04E-04,-2.48E-04,-1.21E-04,1.70E-05,-2.44E-04
148,-3.49E-04,7.69E-06,-1.84E-04,-3.22E-04,-2.81E-04,-1.67E-04,8.36E-07,3.67E-07,-1.07E-04,-2.47E-04,-2.71E-04,5.26E-05,-3.08E-05,-3.27E-04,-2.54E-04,-2.10E-04,-2.61E-04,-1.29E-04,1.63E-05,-2.48E-04
149,-3.43E-04,-2.84E-06,-1.83E-04,-3.24E-04,-2.80E-04,-1.71E-04,-7.75E-06,-8.59E-06,-1.11E-04,-2.49E-04,-2.83E-04,4.55E-05,-2.99E-05,-3.33E-04,-2.57E-04,-2.16E-04,-2.73E-04,-1.37E-04,1.54E-05,-2.51E-04
150,-3.37E-04,-1.32E-05,-1.81E-04,-3.26E-04,-2.79E-04,-1.74E-04,-1.58E-05,-1.65E-05,-1.14E-04,-2.51E-04,-2.91E-04,3.74E-05,-2.84E-05,-3.39E-04,-2.60E-04,-2.22E-04,-2.85E-04,-1.45E-04,1.43E-05,-2.53E-04
151,-3.31E-04,-2.32E-05,-1.80E-04,-3.28E-04,-2.77E-04,-1.77E-04,-2.31E-05,-2.34E-05,-1.17E-04,-2.53E-04,-2.97E-04,2.83E-05,-2.67E-05,-3.45E-04,-2.63E-04,-2.28E-04,-2.97E-04,-1.51E-04,1.27E-05,-2.56E-04
152,-3.24E-04,-3.28E-05,-1.78E-04,-3.30E-04,-2.74E-04,-1.80E-04,-2.93E-05,-2.92E-05,-1.19E-04,-2.55E-04,-2.99E-04,1.84E-05,-2.53E-05,-3.50E-04,-2.67E-04,-2.34E-04,-3.09E-04,-1.57E-04,1.08E-05,-2.58E-04
153,-3.18E-04,-4.18E-05,-1.78E-04,-3.32E-04,-2.71E-04,-1.82E-04,-3.42E-05,-3.42E-05,-1.22E-04,-2.57E-04,-3.00E-04,7.93E-06,-2.49E-05,-3.55E-04,-2.71E-04,-2.41E-04,-3.21E-04,-1.62E-04,8.29E-06,-2.61E-04
154,-3.11E-04,-5.01E-05,-1.77E-04,-3.34E-04,-2.68E-04,-1.85E-04,-3.77E-05,-3.84E-05,-1.24E-04,-2.59E-04,-2.99E-04,-2.78E-06,-2.56E-05,-3.61E-04,-2.75E-04,-2.47E-04,-3.33E-04,-1.66E-04,5.22E-06,-2.63E-04
155,-3.06E-04,-5.78E-05,-1.78E-04,-3.36E-04,-2.65E-04,-1.87E-04,-3.99E-05,-4.21E-05,-1.26E-04,-2.61E-04,-2.97E-04,-1.35E-05,-2.80E-05,-3.66E-04,-2.79E-04,-2.54E-04,-3.46E-04,-1.69E-04,1.54E-06,-2.65E-04
156,-3.01E-04,-6.48E-05,-1.78E-04,-3.38E-04,-2.62E-04,-1.90E-04,-4.09E-05,-4.53E-05,-1.28E-04,-2.63E-04,-2.96E-04,-2.39E-05,-3.22E-05,-3.71E-04,-2.83E-04,-2.62E-04,-3.59E-04,-1.70E-04,-2.73E-06,-2.68E-04
157,-2.96E-04,-7.10E-05,-1.79E-04,-3.40E-04,-2.59E-04,-1.92E-04,-4.10E-05,-4.84E-05,-1.29E-04,-2.66E-04,-2.95E-04,-3.38E-05,-3.84E-05,-3.77E-04,-2.87E-04,-2.69E-04,-3.72E-04,-1.70E-04,-7.57E-06,-2.71E-04
158,-2.92E-04,-7.66E-05,-1.81E-04,-3.41E-04,-2.57E-04,-1.95E-04,-4.03E-05,-5.14E-05,-1.31E-04,-2.68E-04,-2.96E-04,-4.30E-05,-4.63E-05,-3.83E-04,-2.91E-04,-2.77E-04,-3.86E-04,-1.70E-04,-1.29E-05,-2.74E-04
159,-2.89E-04,-8.16E-05,-1.83E-04,-3.42E-04,-2.55E-04,-1.97E-04,-3.94E-05,-5.46E-05,-1.33E-04,-2.70E-04,-2.98E-04,-5.13E-05,-5.59E-05,-3.88E-04,-2.95E-04,-2.85E-04,-4.00E-04,-1.68E-04,-1.87E-05,-2.78E-04
160,-2.86E-04,-8.59E-05,-1.85E-04,-3.42E-04,-2.53E-04,-2.00E-04,-3.85E-05,-5.80E-05,-1.35E-04,-2.72E-04,-3.03E-04,-5.88E-05,-6.68E-05,-3.94E-04,-2.98E-04,-2.93E-04,-4.13E-04,-1.66E-04,-2.48E-05,-2.82E-04
161,-2.83E-04,-8.98E-05,-1.88E-04,-3.42E-04,-2.52E-04,-2.02E-04,-3.79E-05,-6.16E-05,-1.36E-04,-2.73E-04,-3.10E-04,-6.53E-05,-7.85E-05,-3.99E-04,-3.01E-04,-3.00E-04,-4.27E-04,-1.64E-04,-3.11E-05,-2.86E-04
162,-2.80E-04,-9.31E-05,-1.90E-04,-3.41E-04,-2.52E-04,-2.05E-04,-3.81E-05,-6.56E-05,-1.38E-04,-2.74E-04,-3.19E-04,-7.12E-05,-9.04E-05,-4.04E-04,-3.04E-04,-3.08E-04,-4.40E-04,-1.62E-04,-3.74E-05,-2.89E-04
163,-2.78E-04,-9.59E-05,-1.92E-04,-3.39E-04,-2.52E-04,-2.07E-04,-3.91E-05,-6.98E-05,-1.39E-04,-2.74E-04,-3.29E-04,-7.63E-05,-1.02E-04,-4.08E-04,-3.06E-04,-3.15E-04,-4.53E-04,-1.60E-04,-4.37E-05,-2.93E-04
164,-2.75E-04,-9.83E-05,-1.93E-04,-3.37E-04,-2.52E-04,-2.10E-04,-4.13E-05,-7.41E-05,-1.41E-04,-2.74E-04,-3.40E-04,-8.11E-05,-1.13E-04,-4.12E-04,-3.07E-04,-3.22E-04,-4.65E-04,-1.58E-04,-4.99E-05,-2.97E-04
165,-2.73E-04,-1.00E-04,-1.94E-04,-3.34E-04,-2.52E-04,-2.11E-04,-4.46E-05,-7.85E-05,-1.41E-04,-2.73E-04,-3.51E-04,-8.55E-05,-1.22E-04,-4.15E-04,-3.07E-04,-3.28E-04,-4.76E-04,-1.56E-04,-5.58E-05,-3.00E-04
166,-2.71E-04,-1.02E-04,-1.95E-04,-3.30E-04,-2.52E-04,-2.13E-04,-4.89E-05,-8.28E-05,-1.42E-04,-2.71E-04,-3.62E-04,-9.00E-05,-1.30E-04,-4.16E-04,-3.07E-04,-3.34E-04,-4.86E-04,-1.56E-04,-6.14E-05,-3.03E-04
167,-2.69E-04,-1.03E-04,-1.94E-04,-3.25E-04,-2.52E-04,-2.13E-04,-5.41E-05,-8.69E-05,-1.42E-04,-2.68E-04,-3.72E-04,-9.45E-05,-1.35E-04,-4.17E-04,-3.06E-04,-3.38E-04,-4.95E-04,-1.56E-04,-6.66E-05,-3.06E-04
168,-2.67E-04,-1.04E-04,-1.93E-04,-3.19E-04,-2.52E-04,-2.13E-04,-5.99E-05,-9.05E-05,-1.41E-04,-2.64E-04,-3.79E-04,-9.93E-05,-1.37E-04,-4.16E-04,-3.05E-04,-3.42E-04,-5.02E-04,-1.56E-04,-7.13E-05,-3.08E-04
169,-2.66E-04,-1.04E-04,-1.91E-04,-3.12E-04,-2.51E-04,-2.12E-04,-6.59E-05,-9.34E-05,-1.40E-04,-2.59E-04,-3.84E-04,-1.04E-04,-1.38E-04,-4.14E-04,-3.03E-04,-3.45E-04,-5.08E-04,-1.58E-04,-7.55E-05,-3.09E-04
170,-2.64E-04,-1.04E-04,-1.88E-04,-3.05E-04,-2.48E-04,-2.10E-04,-7.17E-05,-9.56E-05,-1.38E-04,-2.53E-04,-3.86E-04,-1.10E-04,-1.36E-04,-4.11E-04,-3.00E-04,-3.46E-04,-5.12E-04,-1.60E-04,-7.93E-05,-3.09E-04
171,-2.63E-04,-1.03E-04,-1.84E-04,-2.97E-04,-2.45E-04,-2.07E-04,-7.68E-05,-9.69E-05,-1.35E-04,-2.46E-04,-3.84E-04,-1.15E-04,-1.31E-04,-4.06E-04,-2.96E-04,-3.46E-04,-5.15E-04,-1.62E-04,-8.26E-05,-3.08E-04
172,-2.62E-04,-1.01E-04,-1.80E-04,-2.88E-04,-2.41E-04,-2.03E-04,-8.07E-05,-9.71E-05,-1.31E-04,-2.39E-04,-3.78E-04,-1.21E-04,-1.25E-04,-4.00E-04,-2.93E-04,-3.45E-04,-5.17E-04,-1.64E-04,-8.54E-05,-3.06E-04
173,-2.62E-04,-9.89E-05,-1.75E-04,-2.78E-04,-2.35E-04,-1.98E-04,-8.31E-05,-9.63E-05,-1.26E-04,-2.30E-04,-3.68E-04,-1.26E-04,-1.18E-04,-3.94E-04,-2.88E-04,-3.43E-04,-5.18E-04,-1.65E-04,-8.77E-05,-3.03E-04
174,-2.61E-04,-9.57E-05,-1.69E-04,-2.68E-04,-2.28E-04,-1.92E-04,-8.34E-05,-9.43E-05,-1.20E-04,-2.21E-04,-3.55E-04,-1.31E-04,-1.10E-04,-3.86E-04,-2.84E-04,-3.40E-04,-5.17E-04,-1.67E-04,-8.97E-05,-2.99E-04
175,-2.61E-04,-9.16E-05,-1.63E-04,-2.58E-04,-2.20E-04,-1.85E-04,-8.14E-05,-9.12E-05,-1.14E-04,-2.11E-04,-3.39E-04,-1.34E-04,-1.01E-04,-3.77E-04,-2.79E-04,-3.35E-04,-5.16E-04,-1.67E-04,-9.12E-05,-2.94E-04
176,-2.60E-04,-8.64E-05,-1.57E-04,-2.47E-04,-2.11E-04,-1.76E-04,-7.70E-05,-8.69E-05,-1.07E-04,-2.00E-04,-3.21E-04,-1.37E-04,-9.31E-05,-3.68E-04,-2.73E-04,-3.29E-04,-5.14E-04,-1.67E-04,-9.24E-05,-2.89E-04
177,-2.60E-04,-8.02E-05,-1.50E-04,-2.37E-04,-2.02E-04,-1.67E-04,-7.00E-05,-8.15E-05,-9.91E-05,-1.89E-04,-3.01E-04,-1.39E-04,-8.55E-05,-3.58E-04,-2.67E-04,-3.22E-04,-5.12E-04,-1.65E-04,-9.32E-05,-2.83E-04
178,-2.58E-04,-7.27E-05,-1.43E-04,-2.26E-04,-1.92E-04,-1.57E-04,-6.05E-05,-7.51E-05,-9.08E-05,-1.78E-04,-2.80E-04,-1.38E-04,-7.90E-05,-3.47E-04,-2.61E-04,-3.14E-04,-5.09E-04,-1.62E-04,-9.37E-05,-2.76E-04
179,-2.56E-04,-6.42E-05,-1.37E-04,-2.15E-04,-1.81E-04,-1.46E-04,-4.87E-05,-6.78E-05,-8.20E-05,-1.66E-04,-2.60E-04,-1.36E-04,-7.37E-05,-3.36E-04,-2.54E-04,-3.05E-04,-5.06E-04,-1.58E-04,-9.39E-05,-2.70E-04
180,-2.52E-04,-5.44E-05,-1.29E-04,-2.04E-04,-1.71E-04,-1.35E-04,-3.50E-05,-5.96E-05,-7.30E-05,-1.54E-04,-2.39E-04,-1.32E-04,-6.97E-05,-3.26E-04,-2.47E-04,-2.96E-04,-5.02E-04,-1.53E-04,-9.37E-05,-2.63E-04
181,-2.47E-04,-4.36E-05,-1.22E-04,-1.93E-04,-1.60E-04,-1.24E-04,-1.96E-05,-5.06E-05,-6.38E-05,-1.42E-04,-2.21E-04,-1.27E-04,-6.70E-05,-3.15E-04,-2.40E-04,-2.85E-04,-4.97E-04,-1.47E-04,-9.32E-05,-2.55E-04
182,-2.41E-04,-3.18E-05,-1.15E-04,-1.82E-04,-1.51E-04,-1.12E-04,-3.15E-06,-4.10E-05,-5.46E-05,-1.31E-04,-2.04E-04,-1.19E-04,-6.54E-05,-3.04E-04,-2.32E-04,-2.74E-04,-4.92E-04,-1.40E-04,-9.23E-05,-2.49E-04
183,-2.33E-04,-1.92E-05,-1.08E-04,-1.72E-04,-1.41E-04,-1.00E-04,1.39E-05,-3.08E-05,-4.55E-05,-1.19E-04,-1.89E-04,-1.11E-04,-6.44E-05,-2.93E-04,-2.24E-04,-2.62E-04,-4.87E-04,-1.31E-04,-9.09E-05,-2.42E-04
184,-2.24E-04,-5.85E-06,-1.00E-04,-1.61E-04,-1.33E-04,-8.87E-05,3.11E-05,-2.01E-05,-3.66E-05,-1.08E-04,-1.77E-04,-1.01E-04,-6.38E-05,-2.82E-04,-2.15E-04,-2.50E-04,-4.81E-04,-1.23E-04,-8.92E-05,-2.36E-04
185,-2.12E-04,7.93E-06,-9.29E-05,-1.51E-04,-1.25E-04,-7.73E-05,4.78E-05,-9.09E-06,-2.79E-05,-9.72E-05,-1.67E-04,-9.06E-05,-6.31E-05,-2.71E-04,-2.06E-04,-2.38E-04,-4.74E-04,-1.14E-04,-8.71E-05,-2.30E-04
186,-2.00E-04,2.19E-05,-8.51E-05,-1.41E-04,-1.18E-04,-6.63E-05,6.37E-05,2.21E-06,-1.95E-05,-8.71E-05,-1.60E-04,-7.99E-05,-6.17E-05,-2.60E-04,-1.97E-04,-2.25E-04,-4.67E-04,-1.05E-04,-8.46E-05,-2.24E-04
187,-1.85E-04,3.59E-05,-7.71E-05,-1.31E-04,-1.11E-04,-5.57E-05,7.83E-05,1.37E-05,-1.14E-05,-7.77E-05,-1.56E-04,-6.94E-05,-5.92E-05,-2.50E-04,-1.87E-04,-2.13E-04,-4.59E-04,-9.67E-05,-8.16E-05,-2.20E-04
188,-1.70E-04,4.97E-05,-6.89E-05,-1.20E-04,-1.05E-04,-4.56E-05,9.14E-05,2.52E-05,-3.66E-06,-6.91E-05,-1.53E-04,-5.94E-05,-5.52E-05,-2.39E-04,-1.77E-04,-2.00E-04,-4.50E-04,-8.87E-05,-7.82E-05,-2.16E-04
189,-1.54E-04,6.29E-05,-6.03E-05,-1.10E-04,-9.92E-05,-3.61E-05,1.03E-04,3.66E-05,3.79E-06,-6.13E-05,-1.51E-04,-5.03E-05,-4.95E-05,-2.28E-04,-1.66E-04,-1.88E-04,-4.40E-04,-8.14E-05,-7.45E-05,-2.12E-04
190,-1.37E-04,7.54E-05,-5.15E-05,-9.97E-05,-9.34E-05,-2.71E-05,1.12E-04,4.79E-05,1.10E-05,-5.44E-05,-1.50E-04,-4.24E-05,-4.18E-05,-2.18E-04,-1.55E-04,-1.76E-04,-4.30E-04,-7.49E-05,-7.04E-05,-2.09E-04
191,-1.20E-04,8.71E-05,-4.23E-05,-8.90E-05,-8.76E-05,-1.87E-05,1.21E-04,5.89E-05,1.79E-05,-4.83E-05,-1.50E-04,-3.58E-05,-3.21E-05,-2.07E-04,-1.44E-04,-1.64E-04,-4.20E-04,-6.93E-05,-6.61E-05,-2.07E-04
192,-1.04E-04,9.78E-05,-3.29E-05,-7.81E-05,-8.15E-05,-1.09E-05,1.27E-04,6.95E-05,2.47E-05,-4.31E-05,-1.49E-04,-3.06E-05,-2.07E-05,-1.96E-04,-1.33E-04,-1.52E-04,-4.09E-04,-6.47E-05,-6.14E-05,-2.05E-04
193,-8.77E-05,1.07E-04,-2.33E-05,-6.69E-05,-7.49E-05,-3.56E-06,1.33E-04,7.96E-05,3.13E-05,-3.88E-05,-1.48E-04,-2.68E-05,-7.64E-06,-1.85E-04,-1.22E-04,-1.41E-04,-3.98E-04,-6.10E-05,-5.66E-05,-2.03E-04
194,-7.27E-05,1.16E-04,-1.34E-05,-5.54E-05,-6.77E-05,3.19E-06,1.37E-04,8.91E-05,3.79E-05,-3.54E-05,-1.46E-04,-2.43E-05,6.54E-06,-1.73E-04,-1.11E-04,-1.30E-04,-3.88E-04,-5.81E-05,-5.16E-05,-2.02E-04
195,-5.89E-05,1.24E-04,-3.38E-06,-4.39E-05,-5.99E-05,9.43E-06,1.42E-04,9.78E-05,4.44E-05,-3.27E-05,-1.42E-04,-2.27E-05,2.14E-05,-1.62E-04,-1.00E-04,-1.19E-04,-3.77E-04,-5.60E-05,-4.64E-05,-2.01E-04
196,-4.67E-05,1.30E-04,6.73E-06,-3.22E-05,-5.14E-05,1.52E-05,1.46E-04,1.06E-04,5.09E-05,-3.08E-05,-1.37E-04,-2.19E-05,3.63E-05,-1.50E-04,-8.96E-05,-1.09E-04,-3.67E-04,-5.45E-05,-4.12E-05,-1.99E-04
197,-3.61E-05,1.37E-04,1.69E-05,-2.05E-05,-4.23E-05,2.04E-05,1.50E-04,1.13E-04,5.74E-05,-2.96E-05,-1.29E-04,-2.15E-05,5.08E-05,-1.38E-04,-7.91E-05,-9.95E-05,-3.58E-04,-5.35E-05,-3.60E-05,-1.98E-04
198,-2.73E-05,1.42E-04,2.69E-05,-9.05E-06,-3.27E-05,2.51E-05,1.55E-04,1.19E-04,6.38E-05,-2.90E-05,-1.20E-04,-2.11E-05,6.43E-05,-1.27E-04,-6.88E-05,-9.03E-05,-3.49E-04,-5.29E-05,-3.08E-05,-1.97E-04
199,-2.04E-05,1.48E-04,3.69E-05,2.09E-06,-2.27E-05,2.93E-05,1.61E-04,1.25E-04,7.02E-05,-2.91E-05,-1.09E-04,-2.05E-05,7.62E-05,-1.15E-04,-5.88E-05,-8.16E-05,-3.41E-04,-5.25E-05,-2.56E-05,-1.96E-04
200,-1.52E-05,1.54E-04,4.66E-05,1.27E-05,-1.26E-05,3.29E-05,1.68E-04,1.29E-04,7.64E-05,-2.98E-05,-9.57E-05,-1.93E-05,8.62E-05,-1.03E-04,-4.92E-05,-7.34E-05,-3.34E-04,-5.22E-05,-2.04E-05,-1.95E-04
201,-1.18E-05,1.60E-04,5.59E-05,2.27E-05,-2.57E-06,3.58E-05,1.76E-04,1.33E-04,8.25E-05,-3.10E-05,-8.12E-05,-1.73E-05,9.40E-05,-9.16E-05,-3.99E-05,-6.56E-05,-3.28E-04,-5.21E-05,-1.54E-05,-1.94E-04
202,-1.00E-05,1.67E-04,6.49E-05,3.17E-05,7.14E-06,3.80E-05,1.85E-04,1.36E-04,8.82E-05,-3.28E-05,-6.55E-05,-1.46E-05,9.94E-05,-8.02E-05,-3.09E-05,-5.84E-05,-3.22E-04,-5.20E-05,-1.05E-05,-1.94E-04
203,-9.60E-06,1.75E-04,7.34E-05,3.98E-05,1.63E-05,3.95E-05,1.94E-04,1.39E-04,9.36E-05,-3.53E-05,-4.89E-05,-1.09E-05,1.02E-04,-6.92E-05,-2.23E-05,-5.18E-05,-3.18E-04,-5.19E-05,-5.69E-06,-1.93E-04
204,-1.04E-05,1.83E-04,8.13E-05,4.67E-05,2.47E-05,4.00E-05,2.05E-04,1.41E-04,9.86E-05,-3.84E-05,-3.21E-05,-6.39E-06,1.03E-04,-5.86E-05,-1.40E-05,-4.58E-05,-3.13E-04,-5.20E-05,-1.06E-06,-1.93E-04
205,-1.22E-05,1.92E-04,8.85E-05,5.24E-05,3.22E-05,3.96E-05,2.15E-04,1.43E-04,1.03E-04,-4.21E-05,-1.53E-05,-1.28E-06,1.02E-04,-4.84E-05,-6.01E-06,-4.04E-05,-3.09E-04,-5.22E-05,3.37E-06,-1.93E-04
206,-1.47E-05,2.02E-04,9.49E-05,5.67E-05,3.87E-05,3.82E-05,2.25E-04,1.45E-04,1.07E-04,-4.67E-05,7.57E-07,4.23E-06,9.93E-05,-3.88E-05,1.62E-06,-3.58E-05,-3.06E-04,-5.26E-05,7.57E-06,-1.94E-04
207,-1.78E-05,2.13E-04,1.00E-04,5.97E-05,4.41E-05,3.56E-05,2.35E-04,1.46E-04,1.10E-04,-5.19E-05,1.57E-05,9.81E-06,9.54E-05,-2.97E-05,8.93E-06,-3.20E-05,-3.03E-04,-5.34E-05,1.15E-05,-1.95E-04
208,-2.12E-05,2.25E-04,1.05E-04,6.14E-05,4.86E-05,3.18E-05,2.43E-04,1.48E-04,1.12E-04,-5.81E-05,2.91E-05,1.51E-05,9.09E-05,-2.13E-05,1.59E-05,-2.91E-05,-3.00E-04,-5.47E-05,1.51E-05,-1.97E-04
209,-2.48E-05,2.36E-04,1.09E-04,6.19E-05,5.22E-05,2.68E-05,2.51E-04,1.50E-04,1.13E-04,-6.50E-05,4.05E-05,1.99E-05,8.62E-05,-1.35E-05,2.26E-05,-2.70E-05,-2.97E-04,-5.64E-05,1.84E-05,-1.99E-04
210,-2.84E-05,2.47E-04,1.11E-04,6.12E-05,5.50E-05,2.06E-05,2.57E-04,1.52E-04,1.14E-04,-7.28E-05,4.94E-05,2.37E-05,8.17E-05,-6.44E-06,2.90E-05,-2.59E-05,-2.94E-04,-5.88E-05,2.13E-05,-2.02E-04
211,-3.20E-05,2.58E-04,1.13E-04,5.94E-05,5.74E-05,1.31E-05,2.61E-04,1.54E-04,1.14E-04,-8.15E-05,5.57E-05,2.64E-05,7.79E-05,-4.94E-08,3.51E-05,-2.58E-05,-2.92E-04,-6.19E-05,2.37E-05,-2.07E-04
212,-3.54E-05,2.68E-04,1.14E-04,5.69E-05,5.94E-05,4.51E-06,2.64E-04,1.56E-04,1.12E-04,-9.09E-05,5.91E-05,2.77E-05,7.51E-05,5.65E-06,4.08E-05,-2.66E-05,-2.90E-04,-6.56E-05,2.56E-05,-2.11E-04
213,-3.87E-05,2.76E-04,1.14E-04,5.36E-05,6.15E-05,-5.23E-06,2.65E-04,1.58E-04,1.10E-04,-1.01E-04,5.96E-05,2.75E-05,7.33E-05,1.07E-05,4.63E-05,-2.84E-05,-2.88E-04,-7.00E-05,2.69E-05,-2.17E-04
214,-4.18E-05,2.82E-04,1.13E-04,4.99E-05,6.38E-05,-1.60E-05,2.64E-04,1.61E-04,1.08E-04,-1.12E-04,5.72E-05,2.60E-05,7.27E-05,1.51E-05,5.15E-05,-3.10E-05,-2.87E-04,-7.51E-05,2.77E-05,-2.23E-04
215,-4.47E-05,2.87E-04,1.11E-04,4.58E-05,6.65E-05,-2.76E-05,2.62E-04,1.63E-04,1.04E-04,-1.23E-04,5.20E-05,2.30E-05,7.31E-05,1.89E-05,5.64E-05,-3.45E-05,-2.86E-04,-8.07E-05,2.80E-05,-2.30E-04
216,-4.76E-05,2.89E-04,1.09E-04,4.15E-05,6.99E-05,-4.00E-05,2.59E-04,1.65E-04,1.01E-04,-1.34E-04,4.44E-05,1.90E-05,7.44E-05,2.21E-05,6.10E-05,-3.87E-05,-2.86E-04,-8.69E-05,2.77E-05,-2.37E-04
217,-5.04E-05,2.89E-04,1.06E-04,3.73E-05,7.40E-05,-5.29E-05,2.55E-04,1.66E-04,9.64E-05,-1.46E-04,3.48E-05,1.41E-05,7.62E-05,2.49E-05,6.54E-05,-4.35E-05,-2.87E-04,-9.34E-05,2.68E-05,-2.44E-04
218,-5.32E-05,2.86E-04,1.03E-04,3.32E-05,7.88E-05,-6.61E-05,2.51E-04,1.67E-04,9.18E-05,-1.57E-04,2.36E-05,8.72E-06,7.82E-05,2.72E-05,6.95E-05,-4.88E-05,-2.88E-04,-1.00E-04,2.54E-05,-2.52E-04
219,-5.63E-05,2.82E-04,9.98E-05,2.93E-05,8.43E-05,-7.95E-05,2.47E-04,1.67E-04,8.71E-05,-1.68E-04,1.15E-05,3.18E-06,8.00E-05,2.92E-05,7.35E-05,-5.44E-05,-2.91E-04,-1.07E-04,2.35E-05,-2.59E-04
220,-5.95E-05,2.75E-04,9.68E-05,2.57E-05,9.04E-05,-9.29E-05,2.43E-04,1.66E-04,8.22E-05,-1.78E-04,-9.87E-07,-2.14E-06,8.12E-05,3.09E-05,7.72E-05,-6.02E-05,-2.94E-04,-1.14E-04,2.13E-05,-2.67E-04
221,-6.32E-05,2.66E-04,9.39E-05,2.24E-05,9.69E-05,-1.06E-04,2.40E-04,1.64E-04,7.74E-05,-1.87E-04,-1.31E-05,-6.89E-06,8.15E-05,3.25E-05,8.09E-05,-6.61E-05,-2.97E-04,-1.21E-04,1.88E-05,-2.73E-04
222,-6.72E-05,2.57E-04,9.13E-05,1.94E-05,1.04E-04,-1.19E-04,2.38E-04,1.62E-04,7.28E-05,-1.95E-04,-2.42E-05,-1.08E-05,8.05E-05,3.40E-05,8.43E-05,-7.19E-05,-3.02E-04,-1.28E-04,1.60E-05,-2.80E-04
223,-7.18E-05,2.46E-04,8.91E-05,1.67E-05,1.10E-04,-1.30E-04,2.36E-04,1.58E-04,6.84E-05,-2.02E-04,-3.37E-05,-1.36E-05,7.81E-05,3.55E-05,8.77E-05,-7.74E-05,-3.07E-04,-1.34E-04,1.32E-05,-2.86E-04
224,-7.70E-05,2.35E-04,8.74E-05,1.43E-05,1.16E-04,-1.42E-04,2.36E-04,1.54E-04,6.43E-05,-2.08E-04,-4.11E-05,-1.53E-05,7.40E-05,3.70E-05,9.09E-05,-8.27E-05,-3.12E-04,-1.41E-04,1.03E-05,-2.91E-04
225,-8.28E-05,2.24E-04,8.60E-05,1.22E-05,1.21E-04,-1.52E-04,2.37E-04,1.49E-04,6.07E-05,-2.12E-04,-4.61E-05,-1.57E-05,6.84E-05,3.86E-05,9.40E-05,-8.76E-05,-3.17E-04,-1.46E-04,7.57E-06,-2.95E-04
226,-8.93E-05,2.13E-04,8.49E-05,1.02E-05,1.25E-04,-1.61E-04,2.39E-04,1.44E-04,5.74E-05,-2.15E-04,-4.85E-05,-1.51E-05,6.13E-05,4.04E-05,9.70E-05,-9.21E-05,-3.22E-04,-1.52E-04,4.97E-06,-2.98E-04
227,-9.65E-05,2.03E-04,8.41E-05,8.34E-06,1.28E-04,-1.69E-04,2.41E-04,1.38E-04,5.47E-05,-2.16E-04,-4.82E-05,-1.36E-05,5.29E-05,4.24E-05,9.99E-05,-9.61E-05,-3.27E-04,-1.56E-04,2.61E-06,-3.01E-04
228,-1.04E-04,1.93E-04,8.34E-05,6.52E-06,1.30E-04,-1.76E-04,2.44E-04,1.32E-04,5.25E-05,-2.17E-04,-4.55E-05,-1.14E-05,4.34E-05,4.46E-05,1.03E-04,-9.97E-05,-3.31E-04,-1.61E-04,5.30E-07,-3.03E-04
229,-1.13E-04,1.85E-04,8.27E-05,4.69E-06,1.30E-04,-1.81E-04,2.47E-04,1.26E-04,5.07E-05,-2.16E-04,-4.05E-05,-8.90E-06,3.32E-05,4.71E-05,1.05E-04,-1.03E-04,-3.34E-04,-1.64E-04,-1.23E-06,-3.04E-04
230,-1.22E-04,1.78E-04,8.16E-05,2.81E-06,1.28E-04,-1.86E-04,2.49E-04,1.21E-04,4.95E-05,-2.14E-04,-3.40E-05,-6.51E-06,2.27E-05,4.97E-05,1.07E-04,-1.06E-04,-3.36E-04,-1.68E-04,-2.68E-06,-3.04E-04
231,-1.31E-04,1.72E-04,8.01E-05,8.29E-07,1.26E-04,-1.89E-04,2.51E-04,1.15E-04,4.87E-05,-2.11E-04,-2.65E-05,-4.60E-06,1.21E-05,5.26E-05,1.09E-04,-1.09E-04,-3.38E-04,-1.70E-04,-3.82E-06,-3.03E-04
232,-1.40E-04,1.66E-04,7.80E-05,-1.29E-06,1.22E-04,-1.91E-04,2.52E-04,1.11E-04,4.83E-05,-2.08E-04,-1.87E-05,-3.53E-06,1.82E-06,5.56E-05,1.10E-04,-1.11E-04,-3.39E-04,-1.73E-04,-4.71E-06,-3.02E-04
233,-1.50E-04,1.62E-04,7.50E-05,-3.57E-06,1.17E-04,-1.93E-04,2.52E-04,1.07E-04,4.83E-05,-2.04E-04,-1.16E-05,-3.62E-06,-7.84E-06,5.87E-05,1.11E-04,-1.14E-04,-3.39E-04,-1.74E-04,-5.40E-06,-3.00E-04
234,-1.60E-04,1.57E-04,7.12E-05,-6.04E-06,1.12E-04,-1.93E-04,2.50E-04,1.04E-04,4.86E-05,-2.00E-04,-5.74E-06,-5.14E-06,-1.67E-05,6.18E-05,1.11E-04,-1.17E-04,-3.39E-04,-1.75E-04,-5.97E-06,-2.98E-04
235,-1.69E-04,1.52E-04,6.64E-05,-8.72E-06,1.07E-04,-1.93E-04,2.47E-04,1.01E-04,4.91E-05,-1.96E-04,-1.99E-06,-8.23E-06,-2.45E-05,6.49E-05,1.11E-04,-1.20E-04,-3.38E-04,-1.76E-04,-6.53E-06,-2.96E-04
236,-1.78E-04,1.46E-04,6.05E-05,-1.16E-05,1.01E-04,-1.92E-04,2.43E-04,9.94E-05,4.98E-05,-1.92E-04,-9.25E-07,-1.30E-05,-3.14E-05,6.77E-05,1.10E-04,-1.23E-04,-3.37E-04,-1.76E-04,-7.17E-06,-2.94E-04
237,-1.86E-04,1.39E-04,5.37E-05,-1.48E-05,9.69E-05,-1.91E-04,2.37E-04,9.84E-05,5.05E-05,-1.89E-04,-2.99E-06,-1.93E-05,-3.71E-05,7.04E-05,1.08E-04,-1.27E-04,-3.36E-04,-1.75E-04,-7.99E-06,-2.91E-04
238,-1.93E-04,1.30E-04,4.61E-05,-1.82E-05,9.34E-05,-1.89E-04,2.29E-04,9.79E-05,5.13E-05,-1.86E-04,-8.44E-06,-2.70E-05,-4.19E-05,7.27E-05,1.05E-04,-1.32E-04,-3.35E-04,-1.74E-04,-9.11E-06,-2.89E-04
239,-2.00E-04,1.20E-04,3.77E-05,-2.19E-05,9.11E-05,-1.88E-04,2.21E-04,9.80E-05,5.21E-05,-1.83E-04,-1.73E-05,-3.60E-05,-4.59E-05,7.47E-05,1.02E-04,-1.37E-04,-3.34E-04,-1.72E-04,-1.06E-05,-2.87E-04
240,-2.06E-04,1.08E-04,2.89E-05,-2.58E-05,9.01E-05,-1.86E-04,2.11E-04,9.84E-05,5.28E-05,-1.81E-04,-2.95E-05,-4.58E-05,-4.91E-05,7.61E-05,9.84E-05,-1.42E-04,-3.34E-04,-1.70E-04,-1.26E-05,-2.85E-04
241,-2.11E-04,9.43E-05,1.99E-05,-3.01E-05,9.06E-05,-1.85E-04,2.01E-04,9.91E-05,5.35E-05,-1.79E-04,-4.47E-05,-5.61E-05,-5.17E-05,7.70E-05,9.40E-05,-1.48E-04,-3.35E-04,-1.67E-04,-1.50E-05,-2.84E-04
242,-2.16E-04,7.86E-05,1.09E-05,-3.47E-05,9.27E-05,-1.84E-04,1.90E-04,9.98E-05,5.40E-05,-1.78E-04,-6.22E-05,-6.64E-05,-5.39E-05,7.74E-05,8.91E-05,-1.54E-04,-3.36E-04,-1.65E-04,-1.80E-05,-2.83E-04
243,-2.19E-04,6.14E-05,2.20E-06,-3.96E-05,9.61E-05,-1.83E-04,1.79E-04,1.00E-04,5.44E-05,-1.77E-04,-8.15E-05,-7.65E-05,-5.58E-05,7.71E-05,8.38E-05,-1.61E-04,-3.37E-04,-1.62E-04,-2.16E-05,-2.82E-04
244,-2.22E-04,4.30E-05,-5.94E-06,-4.47E-05,1.01E-04,-1.82E-04,1.67E-04,1.01E-04,5.48E-05,-1.76E-04,-1.02E-04,-8.58E-05,-5.74E-05,7.62E-05,7.83E-05,-1.67E-04,-3.39E-04,-1.59E-04,-2.58E-05,-2.82E-04
245,-2.25E-04,2.39E-05,-1.33E-05,-5.00E-05,1.07E-04,-1.82E-04,1.56E-04,1.01E-04,5.51E-05,-1.76E-04,-1.22E-04,-9.41E-05,-5.87E-05,7.47E-05,7.26E-05,-1.74E-04,-3.42E-04,-1.56E-04,-3.04E-05,-2.81E-04
246,-2.28E-04,4.51E-06,-1.97E-05,-5.55E-05,1.13E-04,-1.82E-04,1.45E-04,1.01E-04,5.55E-05,-1.75E-04,-1.42E-04,-1.01E-04,-5.98E-05,7.27E-05,6.70E-05,-1.81E-04,-3.45E-04,-1.53E-04,-3.54E-05,-2.81E-04
247,-2.30E-04,-1.46E-05,-2.49E-05,-6.09E-05,1.20E-04,-1.82E-04,1.34E-04,1.00E-04,5.59E-05,-1.75E-04,-1.61E-04,-1.07E-04,-6.05E-05,7.01E-05,6.16E-05,-1.87E-04,-3.48E-04,-1.50E-04,-4.08E-05,-2.82E-04
248,-2.33E-04,-3.28E-05,-2.90E-05,-6.63E-05,1.27E-04,-1.82E-04,1.24E-04,9.91E-05,5.65E-05,-1.74E-04,-1.78E-04,-1.11E-04,-6.08E-05,6.70E-05,5.65E-05,-1.93E-04,-3.51E-04,-1.48E-04,-4.64E-05,-2.82E-04
249,-2.36E-04,-4.97E-05,-3.19E-05,-7.15E-05,1.34E-04,-1.82E-04,1.13E-04,9.78E-05,5.72E-05,-1.73E-04,-1.93E-04,-1.13E-04,-6.05E-05,6.35E-05,5.18E-05,-1.99E-04,-3.54E-04,-1.45E-04,-5.22E-05,-2.81E-04
250,-2.40E-04,-6.48E-05,-3.37E-05,-7.62E-05,1.40E-04,-1.82E-04,1.03E-04,9.62E-05,5.83E-05,-1.72E-04,-2.05E-04,-1.15E-04,-5.95E-05,5.97E-05,4.77E-05,-2.03E-04,-3.56E-04,-1.44E-04,-5.79E-05,-2.81E-04
251,-2.45E-04,-7.78E-05,-3.45E-05,-8.04E-05,1.46E-04,-1.81E-04,9.32E-05,9.43E-05,5.97E-05,-1.71E-04,-2.14E-04,-1.15E-04,-5.77E-05,5.57E-05,4.42E-05,-2.07E-04,-3.58E-04,-1.42E-04,-6.34E-05,-2.80E-04
252,-2.50E-04,-8.84E-05,-3.44E-05,-8.40E-05,1.51E-04,-1.80E-04,8.33E-05,9.23E-05,6.15E-05,-1.69E-04,-2.21E-04,-1.14E-04,-5.50E-05,5.15E-05,4.14E-05,-2.11E-04,-3.59E-04,-1.40E-04,-6.86E-05,-2.79E-04
253,-2.55E-04,-9.65E-05,-3.36E-05,-8.66E-05,1.55E-04,-1.79E-04,7.35E-05,9.03E-05,6.37E-05,-1.66E-04,-2.26E-04,-1.13E-04,-5.14E-05,4.72E-05,3.93E-05,-2.13E-04,-3.59E-04,-1.39E-04,-7.34E-05,-2.77E-04
254,-2.62E-04,-1.02E-04,-3.23E-05,-8.83E-05,1.59E-04,-1.77E-04,6.36E-05,8.83E-05,6.64E-05,-1.64E-04,-2.28E-04,-1.11E-04,-4.69E-05,4.28E-05,3.78E-05,-2.14E-04,-3.59E-04,-1.38E-04,-7.76E-05,-2.75E-04
255,-2.68E-04,-1.06E-04,-3.07E-05,-8.89E-05,1.61E-04,-1.74E-04,5.37E-05,8.65E-05,6.96E-05,-1.61E-04,-2.30E-04,-1.10E-04,-4.17E-05,3.85E-05,3.71E-05,-2.15E-04,-3.59E-04,-1.36E-04,-8.12E-05,-2.72E-04
256,-2.75E-04,-1.08E-04,-2.90E-05,-8.84E-05,1.64E-04,-1.71E-04,4.39E-05,8.50E-05,7.33E-05,-1.58E-04,-2.30E-04,-1.09E-04,-3.60E-05,3.43E-05,3.69E-05,-2.14E-04,-3.58E-04,-1.35E-04,-8.42E-05,-2.68E-04
257,-2.82E-04,-1.08E-04,-2.74E-05,-8.67E-05,1.66E-04,-1.67E-04,3.42E-05,8.38E-05,7.74E-05,-1.54E-04,-2.30E-04,-1.08E-04,-2.99E-05,3.01E-05,3.71E-05,-2.13E-04,-3.56E-04,-1.33E-04,-8.64E-05,-2.63E-04
258,-2.89E-04,-1.08E-04,-2.60E-05,-8.40E-05,1.68E-04,-1.63E-04,2.48E-05,8.29E-05,8.19E-05,-1.50E-04,-2.30E-04,-1.09E-04,-2.38E-05,2.61E-05,3.78E-05,-2.11E-04,-3.55E-04,-1.31E-04,-8.79E-05,-2.57E-04
259,-2.96E-04,-1.07E-04,-2.48E-05,-8.03E-05,1.70E-04,-1.58E-04,1.57E-05,8.25E-05,8.68E-05,-1.47E-04,-2.30E-04,-1.10E-04,-1.79E-05,2.22E-05,3.87E-05,-2.08E-04,-3.54E-04,-1.28E-04,-8.86E-05,-2.51E-04
260,-3.02E-04,-1.07E-04,-2.40E-05,-7.57E-05,1.72E-04,-1.52E-04,7.20E-06,8.24E-05,9.20E-05,-1.42E-04,-2.31E-04,-1.12E-04,-1.27E-05,1.85E-05,3.98E-05,-2.04E-04,-3.54E-04,-1.25E-04,-8.87E-05,-2.45E-04
261,-3.08E-04,-1.07E-04,-2.34E-05,-7.05E-05,1.75E-04,-1.47E-04,-6.76E-07,8.26E-05,9.74E-05,-1.38E-04,-2.32E-04,-1.16E-04,-8.28E-06,1.48E-05,4.09E-05,-2.00E-04,-3.54E-04,-1.22E-04,-8.81E-05,-2.38E-04
262,-3.13E-04,-1.09E-04,-2.30E-05,-6.49E-05,1.79E-04,-1.41E-04,-7.76E-06,8.32E-05,1.03E-04,-1.34E-04,-2.33E-04,-1.20E-04,-5.00E-06,1.11E-05,4.18E-05,-1.96E-04,-3.55E-04,-1.18E-04,-8.70E-05,-2.30E-04
263,-3.17E-04,-1.12E-04,-2.28E-05,-5.92E-05,1.83E-04,-1.36E-04,-1.40E-05,8.40E-05,1.08E-04,-1.30E-04,-2.35E-04,-1.25E-04,-3.01E-06,7.41E-06,4.27E-05,-1.91E-04,-3.57E-04,-1.14E-04,-8.55E-05,-2.23E-04
264,-3.19E-04,-1.17E-04,-2.26E-05,-5.37E-05,1.88E-04,-1.30E-04,-1.92E-05,8.49E-05,1.14E-04,-1.26E-04,-2.37E-04,-1.30E-04,-2.41E-06,3.68E-06,4.32E-05,-1.86E-04,-3.59E-04,-1.09E-04,-8.36E-05,-2.16E-04
265,-3.22E-04,-1.23E-04,-2.23E-05,-4.85E-05,1.93E-04,-1.25E-04,-2.36E-05,8.59E-05,1.19E-04,-1.22E-04,-2.39E-04,-1.35E-04,-3.19E-06,-1.49E-07,4.35E-05,-1.81E-04,-3.63E-04,-1.04E-04,-8.15E-05,-2.09E-04
266,-3.23E-04,-1.32E-04,-2.18E-05,-4.41E-05,1.99E-04,-1.21E-04,-2.70E-05,8.69E-05,1.24E-04,-1.19E-04,-2.40E-04,-1.41E-04,-5.27E-06,-4.12E-06,4.35E-05,-1.76E-04,-3.67E-04,-9.94E-05,-7.93E-05,-2.03E-04
267,-3.23E-04,-1.42E-04,-2.10E-05,-4.06E-05,2.05E-04,-1.18E-04,-2.98E-05,8.77E-05,1.29E-04,-1.15E-04,-2.40E-04,-1.46E-04,-8.46E-06,-8.28E-06,4.33E-05,-1.71E-04,-3.71E-04,-9.47E-05,-7.70E-05,-1.97E-04
268,-3.23E-04,-1.54E-04,-1.98E-05,-3.81E-05,2.12E-04,-1.15E-04,-3.19E-05,8.84E-05,1.33E-04,-1.12E-04,-2.38E-04,-1.50E-04,-1.25E-05,-1.27E-05,4.28E-05,-1.67E-04,-3.76E-04,-9.03E-05,-7.48E-05,-1.92E-04
269,-3.22E-04,-1.66E-04,-1.81E-05,-3.68E-05,2.18E-04,-1.14E-04,-3.37E-05,8.88E-05,1.37E-04,-1.10E-04,-2.36E-04,-1.54E-04,-1.71E-05,-1.73E-05,4.21E-05,-1.62E-04,-3.81E-04,-8.63E-05,-7.27E-05,-1.88E-04
270,-3.21E-04,-1.79E-04,-1.61E-05,-3.68E-05,2.23E-04,-1.13E-04,-3.55E-05,8.90E-05,1.41E-04,-1.08E-04,-2.32E-04,-1.57E-04,-2.18E-05,-2.21E-05,4.14E-05,-1.58E-04,-3.86E-04,-8.27E-05,-7.08E-05,-1.85E-04
271,-3.20E-04,-1.92E-04,-1.36E-05,-3.80E-05,2.28E-04,-1.14E-04,-3.74E-05,8.89E-05,1.44E-04,-1.06E-04,-2.28E-04,-1.60E-04,-2.63E-05,-2.72E-05,4.07E-05,-1.55E-04,-3.89E-04,-7.97E-05,-6.90E-05,-1.83E-04
272,-3.18E-04,-2.04E-04,-1.08E-05,-4.03E-05,2.32E-04,-1.15E-04,-3.97E-05,8.84E-05,1.47E-04,-1.05E-04,-2.23E-04,-1.61E-04,-3.02E-05,-3.24E-05,4.01E-05,-1.51E-04,-3.92E-04,-7.73E-05,-6.74E-05,-1.81E-04
273,-3.16E-04,-2.14E-04,-7.81E-06,-4.36E-05,2.35E-04,-1.17E-04,-4.27E-05,8.78E-05,1.49E-04,-1.05E-04,-2.17E-04,-1.62E-04,-3.32E-05,-3.78E-05,3.98E-05,-1.48E-04,-3.94E-04,-7.55E-05,-6.58E-05,-1.80E-04
274,-3.14E-04,-2.23E-04,-4.62E-06,-4.76E-05,2.38E-04,-1.19E-04,-4.66E-05,8.69E-05,1.51E-04,-1.06E-04,-2.12E-04,-1.63E-04,-3.51E-05,-4.33E-05,3.98E-05,-1.45E-04,-3.95E-04,-7.41E-05,-6.44E-05,-1.80E-04
275,-3.11E-04,-2.30E-04,-1.38E-06,-5.20E-05,2.39E-04,-1.22E-04,-5.16E-05,8.60E-05,1.52E-04,-1.07E-04,-2.08E-04,-1.63E-04,-3.57E-05,-4.88E-05,4.02E-05,-1.42E-04,-3.94E-04,-7.32E-05,-6.29E-05,-1.81E-04
276,-3.08E-04,-2.35E-04,1.80E-06,-5.67E-05,2.39E-04,-1.26E-04,-5.77E-05,8.51E-05,1.53E-04,-1.09E-04,-2.05E-04,-1.63E-04,-3.49E-05,-5.43E-05,4.12E-05,-1.40E-04,-3.92E-04,-7.26E-05,-6.13E-05,-1.81E-04
277,-3.04E-04,-2.38E-04,4.86E-06,-6.13E-05,2.39E-04,-1.29E-04,-6.49E-05,8.42E-05,1.54E-04,-1.12E-04,-2.04E-04,-1.64E-04,-3.28E-05,-5.97E-05,4.26E-05,-1.37E-04,-3.88E-04,-7.21E-05,-5.95E-05,-1.82E-04
278,-3.00E-04,-2.39E-04,7.75E-06,-6.56E-05,2.38E-04,-1.32E-04,-7.32E-05,8.36E-05,1.55E-04,-1.15E-04,-2.05E-04,-1.65E-04,-2.94E-05,-6.48E-05,4.46E-05,-1.34E-04,-3.83E-04,-7.16E-05,-5.75E-05,-1.82E-04
279,-2.94E-04,-2.37E-04,1.04E-05,-6.93E-05,2.37E-04,-1.35E-04,-8.25E-05,8.33E-05,1.56E-04,-1.18E-04,-2.08E-04,-1.66E-04,-2.51E-05,-6.96E-05,4.72E-05,-1.32E-04,-3.77E-04,-7.08E-05,-5.51E-05,-1.83E-04
280,-2.87E-04,-2.35E-04,1.30E-05,-7.22E-05,2.35E-04,-1.37E-04,-9.24E-05,8.35E-05,1.57E-04,-1.22E-04,-2.13E-04,-1.68E-04,-1.99E-05,-7.40E-05,5.04E-05,-1.29E-04,-3.70E-04,-6.97E-05,-5.23E-05,-1.82E-04
281,-2.78E-04,-2.31E-04,1.54E-05,-7.42E-05,2.34E-04,-1.38E-04,-1.03E-04,8.42E-05,1.57E-04,-1.26E-04,-2.20E-04,-1.70E-04,-1.43E-05,-7.80E-05,5.40E-05,-1.26E-04,-3.63E-04,-6.81E-05,-4.90E-05,-1.81E-04
282,-2.68E-04,-2.27E-04,1.78E-05,-7.51E-05,2.32E-04,-1.39E-04,-1.13E-04,8.56E-05,1.58E-04,-1.30E-04,-2.29E-04,-1.74E-04,-8.60E-06,-8.15E-05,5.80E-05,-1.22E-04,-3.55E-04,-6.58E-05,-4.52E-05,-1.80E-04
283,-2.57E-04,-2.23E-04,2.03E-05,-7.51E-05,2.31E-04,-1.39E-04,-1.24E-04,8.75E-05,1.59E-04,-1.34E-04,-2.38E-04,-1.78E-04,-3.01E-06,-8.44E-05,6.24E-05,-1.19E-04,-3.47E-04,-6.28E-05,-4.08E-05,-1.77E-04
284,-2.44E-04,-2.20E-04,2.30E-05,-7.41E-05,2.31E-04,-1.38E-04,-1.33E-04,9.02E-05,1.60E-04,-1.38E-04,-2.46E-04,-1.82E-04,2.15E-06,-8.68E-05,6.71E-05,-1.15E-04,-3.40E-04,-5.91E-05,-3.60E-05,-1.74E-04
285,-2.30E-04,-2.18E-04,2.60E-05,-7.22E-05,2.30E-04,-1.36E-04,-1.42E-04,9.34E-05,1.61E-04,-1.42E-04,-2.54E-04,-1.87E-04,6.71E-06,-8.85E-05,7.19E-05,-1.11E-04,-3.33E-04,-5.46E-05,-3.08E-05,-1.70E-04
286,-2.16E-04,-2.17E-04,2.94E-05,-6.97E-05,2.31E-04,-1.34E-04,-1.50E-04,9.72E-05,1.62E-04,-1.45E-04,-2.59E-04,-1.92E-04,1.05E-05,-8.97E-05,7.69E-05,-1.06E-04,-3.26E-04,-4.95E-05,-2.52E-05,-1.65E-04
287,-2.01E-04,-2.19E-04,3.33E-05,-6.68E-05,2.32E-04,-1.31E-04,-1.56E-04,1.02E-04,1.63E-04,-1.47E-04,-2.62E-04,-1.97E-04,1.36E-05,-9.04E-05,8.19E-05,-1.02E-04,-3.20E-04,-4.37E-05,-1.93E-05,-1.60E-04
288,-1.85E-04,-2.22E-04,3.77E-05,-6.37E-05,2.33E-04,-1.28E-04,-1.61E-04,1.06E-04,1.65E-04,-1.50E-04,-2.60E-04,-2.01E-04,1.59E-05,-9.06E-05,8.70E-05,-9.76E-05,-3.15E-04,-3.75E-05,-1.32E-05,-1.54E-04
289,-1.70E-04,-2.28E-04,4.27E-05,-6.06E-05,2.35E-04,-1.25E-04,-1.65E-04,1.11E-04,1.67E-04,-1.51E-04,-2.54E-04,-2.05E-04,1.76E-05,-9.03E-05,9.20E-05,-9.32E-05,-3.10E-04,-3.09E-05,-7.06E-06,-1.48E-04
290,-1.56E-04,-2.35E-04,4.81E-05,-5.77E-05,2.37E-04,-1.22E-04,-1.67E-04,1.16E-04,1.69E-04,-1.53E-04,-2.44E-04,-2.08E-04,1.88E-05,-8.96E-05,9.70E-05,-8.88E-05,-3.07E-04,-2.41E-05,-9.25E-07,-1.42E-04
291,-1.43E-04,-2.45E-04,5.38E-05,-5.53E-05,2.40E-04,-1.19E-04,-1.68E-04,1.21E-04,1.71E-04,-1.54E-04,-2.28E-04,-2.09E-04,1.98E-05,-8.87E-05,1.02E-04,-8.47E-05,-3.03E-04,-1.73E-05,5.08E-06,-1.36E-04
292,-1.31E-04,-2.56E-04,5.97E-05,-5.34E-05,2.42E-04,-1.16E-04,-1.67E-04,1.26E-04,1.73E-04,-1.54E-04,-2.09E-04,-2.10E-04,2.08E-05,-8.75E-05,1.07E-04,-8.08E-05,-3.01E-04,-1.06E-05,1.09E-05,-1.31E-04
293,-1.20E-04,-2.68E-04,6.55E-05,-5.23E-05,2.45E-04,-1.14E-04,-1.66E-04,1.30E-04,1.76E-04,-1.55E-04,-1.86E-04,-2.10E-04,2.20E-05,-8.61E-05,1.12E-04,-7.72E-05,-2.98E-04,-4.16E-06,1.64E-05,-1.26E-04
294,-1.11E-04,-2.80E-04,7.11E-05,-5.18E-05,2.47E-04,-1.12E-04,-1.63E-04,1.33E-04,1.78E-04,-1.55E-04,-1.60E-04,-2.08E-04,2.36E-05,-8.47E-05,1.18E-04,-7.39E-05,-2.95E-04,1.98E-06,2.15E-05,-1.21E-04
295,-1.03E-04,-2.93E-04,7.62E-05,-5.21E-05,2.49E-04,-1.11E-04,-1.61E-04,1.36E-04,1.81E-04,-1.56E-04,-1.33E-04,-2.06E-04,2.57E-05,-8.32E-05,1.24E-04,-7.09E-05,-2.93E-04,7.73E-06,2.63E-05,-1.17E-04
296,-9.69E-05,-3.05E-04,8.07E-05,-5.29E-05,2.51E-04,-1.10E-04,-1.58E-04,1.39E-04,1.83E-04,-1.56E-04,-1.06E-04,-2.02E-04,2.84E-05,-8.17E-05,1.30E-04,-6.82E-05,-2.90E-04,1.30E-05,3.07E-05,-1.14E-04
297,-9.16E-05,-3.16E-04,8.43E-05,-5.41E-05,2.54E-04,-1.10E-04,-1.55E-04,1.40E-04,1.86E-04,-1.57E-04,-7.94E-05,-1.98E-04,3.18E-05,-8.03E-05,1.37E-04,-6.57E-05,-2.86E-04,1.79E-05,3.47E-05,-1.12E-04
298,-8.68E-05,-3.25E-04,8.69E-05,-5.55E-05,2.56E-04,-1.11E-04,-1.53E-04,1.41E-04,1.89E-04,-1.58E-04,-5.56E-05,-1.94E-04,3.57E-05,-7.89E-05,1.44E-04,-6.34E-05,-2.82E-04,2.24E-05,3.84E-05,-1.10E-04
299,-8.22E-05,-3.32E-04,8.85E-05,-5.69E-05,2.59E-04,-1.12E-04,-1.51E-04,1.41E-04,1.91E-04,-1.59E-04,-3.54E-05,-1.90E-04,4.01E-05,-7.75E-05,1.52E-04,-6.10E-05,-2.77E-04,2.65E-05,4.20E-05,-1.09E-04
300,-7.73E-05,-3.37E-04,8.91E-05,-5.80E-05,2.63E-04,-1.12E-04,-1.50E-04,1.40E-04,1.94E-04,-1.60E-04,-1.98E-05,-1.85E-04,4.47E-05,-7.61E-05,1.61E-04,-5.86E-05,-2.72E-04,3.04E-05,4.53E-05,-1.09E-04
301,-7.15E-05,-3.40E-04,8.87E-05,-5.86E-05,2.67E-04,-1.13E-04,-1.50E-04,1.39E-04,1.96E-04,-1.61E-04,-9.51E-06,-1.82E-04,4.93E-05,-7.46E-05,1.70E-04,-5.60E-05,-2.66E-04,3.42E-05,4.86E-05,-1.09E-04
302,-6.44E-05,-3.40E-04,8.75E-05,-5.84E-05,2.71E-04,-1.14E-04,-1.50E-04,1.37E-04,1.99E-04,-1.62E-04,-4.93E-06,-1.78E-04,5.38E-05,-7.29E-05,1.81E-04,-5.30E-05,-2.60E-04,3.78E-05,5.20E-05,-1.09E-04
303,-5.56E-05,-3.38E-04,8.58E-05,-5.74E-05,2.77E-04,-1.14E-04,-1.51E-04,1.36E-04,2.01E-04,-1.62E-04,-6.04E-06,-1.76E-04,5.80E-05,-7.11E-05,1.92E-04,-4.95E-05,-2.53E-04,4.16E-05,5.55E-05,-1.08E-04
304,-4.48E-05,-3.34E-04,8.38E-05,-5.52E-05,2.83E-04,-1.14E-04,-1.53E-04,1.34E-04,2.03E-04,-1.62E-04,-1.25E-05,-1.74E-04,6.17E-05,-6.89E-05,2.04E-04,-4.55E-05,-2.46E-04,4.55E-05,5.93E-05,-1.08E-04
305,-3.19E-05,-3.28E-04,8.19E-05,-5.19E-05,2.91E-04,-1.14E-04,-1.55E-04,1.33E-04,2.06E-04,-1.61E-04,-2.36E-05,-1.74E-04,6.48E-05,-6.64E-05,2.16E-04,-4.07E-05,-2.38E-04,4.96E-05,6.33E-05,-1.07E-04
306,-1.69E-05,-3.20E-04,8.04E-05,-4.73E-05,3.00E-04,-1.12E-04,-1.57E-04,1.31E-04,2.09E-04,-1.60E-04,-3.83E-05,-1.74E-04,6.73E-05,-6.34E-05,2.29E-04,-3.52E-05,-2.30E-04,5.40E-05,6.77E-05,-1.05E-04
307,1.99E-07,-3.12E-04,7.97E-05,-4.16E-05,3.09E-04,-1.10E-04,-1.59E-04,1.31E-04,2.11E-04,-1.57E-04,-5.54E-05,-1.74E-04,6.93E-05,-5.99E-05,2.42E-04,-2.89E-05,-2.22E-04,5.87E-05,7.26E-05,-1.03E-04
308,1.90E-05,-3.03E-04,8.00E-05,-3.48E-05,3.19E-04,-1.07E-04,-1.61E-04,1.31E-04,2.15E-04,-1.54E-04,-7.36E-05,-1.75E-04,7.10E-05,-5.57E-05,2.56E-04,-2.18E-05,-2.13E-04,6.38E-05,7.78E-05,-9.95E-05
309,3.91E-05,-2.93E-04,8.17E-05,-2.71E-05,3.30E-04,-1.04E-04,-1.62E-04,1.32E-04,2.18E-04,-1.49E-04,-9.14E-05,-1.76E-04,7.27E-05,-5.09E-05,2.70E-04,-1.39E-05,-2.04E-04,6.92E-05,8.35E-05,-9.53E-05
310,6.00E-05,-2.84E-04,8.50E-05,-1.86E-05,3.41E-04,-9.95E-05,-1.63E-04,1.34E-04,2.21E-04,-1.44E-04,-1.07E-04,-1.76E-04,7.48E-05,-4.55E-05,2.84E-04,-5.26E-06,-1.95E-04,7.50E-05,8.96E-05,-9.03E-05
311,8.12E-05,-2.74E-04,9.01E-05,-9.47E-06,3.52E-04,-9.46E-05,-1.63E-04,1.37E-04,2.25E-04,-1.37E-04,-1.20E-04,-1.76E-04,7.74E-05,-3.93E-05,2.98E-04,4.02E-06,-1.86E-04,8.11E-05,9.60E-05,-8.43E-05
312,1.02E-04,-2.66E-04,9.69E-05,-1.84E-08,3.64E-04,-8.91E-05,-1.62E-04,1.41E-04,2.30E-04,-1.29E-04,-1.29E-04,-1.76E-04,8.12E-05,-3.24E-05,3.12E-04,1.39E-05,-1.76E-04,8.75E-05,1.03E-04,-7.76E-05
313,1.22E-04,-2.58E-04,1.06E-04,9.60E-06,3.75E-04,-8.31E-05,-1.60E-04,1.46E-04,2.34E-04,-1.20E-04,-1.33E-04,-1.73E-04,8.64E-05,-2.49E-05,3.26E-04,2.42E-05,-1.66E-04,9.42E-05,1.10E-04,-7.01E-05
314,1.41E-04,-2.50E-04,1.16E-04,1.92E-05,3.86E-04,-7.67E-05,-1.56E-04,1.53E-04,2.39E-04,-1.11E-04,-1.31E-04,-1.70E-04,9.35E-05,-1.66E-05,3.40E-04,3.50E-05,-1.56E-04,1.01E-04,1.17E-04,-6.20E-05
315,1.58E-04,-2.44E-04,1.28E-04,2.87E-05,3.96E-04,-6.99E-05,-1.52E-04,1.60E-04,2.45E-04,-1.00E-04,-1.24E-04,-1.64E-04,1.03E-04,-7.83E-06,3.53E-04,4.60E-05,-1.44E-04,1.08E-04,1.24E-04,-5.35E-05
316,1.73E-04,-2.37E-04,1.42E-04,3.79E-05,4.06E-04,-6.30E-05,-1.46E-04,1.68E-04,2.50E-04,-8.94E-05,-1.11E-04,-1.57E-04,1.14E-04,1.56E-06,3.67E-04,5.72E-05,-1.32E-04,1.16E-04,1.32E-04,-4.46E-05
317,1.87E-04,-2.31E-04,1.56E-04,4.69E-05,4.15E-04,-5.58E-05,-1.39E-04,1.76E-04,2.56E-04,-7.81E-05,-9.37E-05,-1.47E-04,1.28E-04,1.15E-05,3.80E-04,6.86E-05,-1.19E-04,1.24E-04,1.39E-04,-3.54E-05
318,1.98E-04,-2.25E-04,1.72E-04,5.56E-05,4.24E-04,-4.83E-05,-1.31E-04,1.86E-04,2.62E-04,-6.67E-05,-7.16E-05,-1.37E-04,1.44E-04,2.18E-05,3.94E-04,8.02E-05,-1.06E-04,1.32E-04,1.47E-04,-2.62E-05
319,2.09E-04,-2.18E-04,1.88E-04,6.41E-05,4.32E-04,-4.07E-05,-1.22E-04,1.97E-04,2.69E-04,-5.50E-05,-4.60E-05,-1.24E-04,1.62E-04,3.27E-05,4.08E-04,9.19E-05,-9.13E-05,1.41E-04,1.54E-04,-1.68E-05
320,2.18E-04,-2.11E-04,2.04E-04,7.26E-05,4.41E-04,-3.27E-05,-1.13E-04,2.08E-04,2.75E-04,-4.32E-05,-1.79E-05,-1.10E-04,1.81E-04,4.39E-05,4.22E-04,1.04E-04,-7.60E-05,1.50E-04,1.61E-04,-7.50E-06
321,2.27E-04,-2.03E-04,2.21E-04,8.11E-05,4.49E-04,-2.44E-05,-1.02E-04,2.20E-04,2.81E-04,-3.14E-05,1.19E-05,-9.46E-05,2.02E-04,5.55E-05,4.36E-04,1.16E-04,-5.99E-05,1.59E-04,1.69E-04,1.78E-06
322,2.37E-04,-1.93E-04,2.38E-04,8.99E-05,4.57E-04,-1.56E-05,-9.00E-05,2.33E-04,2.88E-04,-1.94E-05,4.24E-05,-7.86E-05,2.24E-04,6.76E-05,4.51E-04,1.28E-04,-4.30E-05,1.70E-04,1.76E-04,1.10E-05
323,2.47E-04,-1.82E-04,2.55E-04,9.92E-05,4.65E-04,-6.20E-06,-7.76E-05,2.47E-04,2.94E-04,-7.31E-06,7.28E-05,-6.21E-05,2.47E-04,8.01E-05,4.66E-04,1.41E-04,-2.55E-05,1.80E-04,1.84E-04,2.03E-05
324,2.60E-04,-1.69E-04,2.72E-04,1.09E-04,4.75E-04,3.90E-06,-6.44E-05,2.62E-04,3.00E-04,5.11E-06,1.02E-04,-4.54E-05,2.69E-04,9.30E-05,4.82E-04,1.55E-04,-7.28E-06,1.92E-04,1.91E-04,2.95E-05
325,2.74E-04,-1.54E-04,2.89E-04,1.20E-04,4.85E-04,1.48E-05,-5.05E-05,2.78E-04,3.07E-04,1.79E-05,1.31E-04,-2.88E-05,2.90E-04,1.06E-04,4.99E-04,1.69E-04,1.15E-05,2.04E-04,1.99E-04,3.89E-05
326,2.91E-04,-1.37E-04,3.06E-04,1.31E-04,4.95E-04,2.66E-05,-3.59E-05,2.95E-04,3.13E-04,3.13E-05,1.58E-04,-1.26E-05,3.10E-04,1.20E-04,5.16E-04,1.83E-04,3.08E-05,2.16E-04,2.07E-04,4.83E-05
327,3.12E-04,-1.19E-04,3.24E-04,1.44E-04,5.07E-04,3.94E-05,-2.07E-05,3.13E-04,3.20E-04,4.53E-05,1.84E-04,2.99E-06,3.29E-04,1.35E-04,5.34E-04,1.99E-04,5.05E-05,2.29E-04,2.15E-04,5.80E-05
328,3.35E-04,-9.83E-05,3.42E-04,1.58E-04,5.20E-04,5.32E-05,-4.86E-06,3.32E-04,3.27E-04,6.01E-05,2.09E-04,1.79E-05,3.46E-04,1.50E-04,5.53E-04,2.15E-04,7.08E-05,2.43E-04,2.23E-04,6.80E-05
329,3.62E-04,-7.61E-05,3.61E-04,1.72E-04,5.33E-04,6.80E-05,1.16E-05,3.52E-04,3.34E-04,7.57E-05,2.32E-04,3.20E-05,3.62E-04,1.66E-04,5.71E-04,2.32E-04,9.14E-05,2.57E-04,2.31E-04,7.83E-05
330,3.91E-04,-5.24E-05,3.81E-04,1.88E-04,5.48E-04,8.37E-05,2.86E-05,3.73E-04,3.41E-04,9.22E-05,2.56E-04,4.54E-05,3.76E-04,1.82E-04,5.90E-04,2.49E-04,1.12E-04,2.71E-04,2.40E-04,8.88E-05
331,4.23E-04,-2.75E-05,4.02E-04,2.04E-04,5.63E-04,1.00E-04,4.62E-05,3.95E-04,3.48E-04,1.10E-04,2.78E-04,5.81E-05,3.88E-04,1.98E-04,6.10E-04,2.67E-04,1.34E-04,2.85E-04,2.48E-04,9.97E-05
332,4.57E-04,-1.48E-06,4.24E-04,2.21E-04,5.78E-04,1.17E-04,6.43E-05,4.18E-04,3.56E-04,1.28E-04,3.02E-04,7.03E-05,3.99E-04,2.16E-04,6.29E-04,2.86E-04,1.56E-04,2.99E-04,2.57E-04,1.11E-04
333,4.91E-04,2.53E-05,4.47E-04,2.38E-04,5.94E-04,1.35E-04,8.28E-05,4.41E-04,3.64E-04,1.46E-04,3.25E-04,8.21E-05,4.09E-04,2.33E-04,6.47E-04,3.04E-04,1.78E-04,3.13E-04,2.65E-04,1.22E-04
334,5.26E-04,5.27E-05,4.71E-04,2.55E-04,6.09E-04,1.53E-04,1.02E-04,4.64E-04,3.73E-04,1.65E-04,3.49E-04,9.37E-05,4.18E-04,2.51E-04,6.65E-04,3.23E-04,2.00E-04,3.26E-04,2.74E-04,1.33E-04
335,5.61E-04,8.03E-05,4.97E-04,2.71E-04,6.25E-04,1.71E-04,1.21E-04,4.88E-04,3.82E-04,1.84E-04,3.74E-04,1.05E-04,4.27E-04,2.68E-04,6.83E-04,3.41E-04,2.23E-04,3.39E-04,2.82E-04,1.45E-04
336,5.94E-04,1.08E-04,5.23E-04,2.86E-04,6.39E-04,1.89E-04,1.40E-04,5.11E-04,3.91E-04,2.02E-04,4.00E-04,1.17E-04,4.37E-04,2.86E-04,6.99E-04,3.58E-04,2.45E-04,3.51E-04,2.90E-04,1.56E-04
337,6.25E-04,1.35E-04,5.49E-04,3.01E-04,6.53E-04,2.06E-04,1.59E-04,5.34E-04,4.00E-04,2.20E-04,4.26E-04,1.29E-04,4.46E-04,3.03E-04,7.14E-04,3.75E-04,2.68E-04,3.63E-04,2.97E-04,1.66E-04
338,6.55E-04,1.62E-04,5.76E-04,3.14E-04,6.65E-04,2.22E-04,1.79E-04,5.56E-04,4.10E-04,2.37E-04,4.51E-04,1.42E-04,4.57E-04,3.19E-04,7.28E-04,3.90E-04,2.90E-04,3.74E-04,3.04E-04,1.76E-04
339,6.81E-04,1.89E-04,6.03E-04,3.26E-04,6.76E-04,2.37E-04,1.98E-04,5.78E-04,4.19E-04,2.52E-04,4.77E-04,1.54E-04,4.68E-04,3.34E-04,7.40E-04,4.04E-04,3.11E-04,3.84E-04,3.11E-04,1.85E-04
340,7.05E-04,2.14E-04,6.29E-04,3.36E-04,6.86E-04,2.51E-04,2.17E-04,5.98E-04,4.27E-04,2.65E-04,5.01E-04,1.67E-04,4.80E-04,3.48E-04,7.51E-04,4.17E-04,3.32E-04,3.93E-04,3.16E-04,1.94E-04
341,7.26E-04,2.39E-04,6.54E-04,3.44E-04,6.94E-04,2.63E-04,2.35E-04,6.17E-04,4.35E-04,2.76E-04,5.24E-04,1.81E-04,4.93E-04,3.61E-04,7.60E-04,4.28E-04,3.52E-04,4.01E-04,3.21E-04,2.01E-04
342,7.45E-04,2.63E-04,6.78E-04,3.51E-04,7.00E-04,2.74E-04,2.53E-04,6.34E-04,4.42E-04,2.85E-04,5.44E-04,1.94E-04,5.06E-04,3.72E-04,7.68E-04,4.37E-04,3.70E-04,4.09E-04,3.25E-04,2.07E-04
343,7.62E-04,2.85E-04,7.00E-04,3.56E-04,7.04E-04,2.83E-04,2.70E-04,6.51E-04,4.48E-04,2.91E-04,5.63E-04,2.07E-04,5.20E-04,3.81E-04,7.74E-04,4.45E-04,3.86E-04,4.16E-04,3.29E-04,2.11E-04
344,7.77E-04,3.07E-04,7.21E-04,3.59E-04,7.08E-04,2.90E-04,2.87E-04,6.66E-04,4.53E-04,2.95E-04,5.79E-04,2.19E-04,5.34E-04,3.89E-04,7.79E-04,4.51E-04,4.01E-04,4.21E-04,3.31E-04,2.14E-04
345,7.92E-04,3.27E-04,7.40E-04,3.60E-04,7.09E-04,2.96E-04,3.03E-04,6.79E-04,4.57E-04,2.96E-04,5.92E-04,2.31E-04,5.47E-04,3.94E-04,7.83E-04,4.55E-04,4.14E-04,4.27E-04,3.33E-04,2.16E-04
346,8.06E-04,3.46E-04,7.57E-04,3.61E-04,7.10E-04,2.99E-04,3.18E-04,6.91E-04,4.59E-04,2.95E-04,6.03E-04,2.41E-04,5.60E-04,3.98E-04,7.85E-04,4.57E-04,4.24E-04,4.31E-04,3.34E-04,2.17E-04
347,8.21E-04,3.64E-04,7.73E-04,3.61E-04,7.10E-04,3.01E-04,3.32E-04,7.03E-04,4.60E-04,2.92E-04,6.11E-04,2.50E-04,5.72E-04,4.01E-04,7.87E-04,4.59E-04,4.32E-04,4.35E-04,3.34E-04,2.17E-04
348,8.36E-04,3.81E-04,7.86E-04,3.60E-04,7.08E-04,3.02E-04,3.46E-04,7.13E-04,4.59E-04,2.88E-04,6.17E-04,2.58E-04,5.82E-04,4.01E-04,7.88E-04,4.59E-04,4.38E-04,4.38E-04,3.33E-04,2.15E-04
349,8.52E-04,3.97E-04,7.98E-04,3.59E-04,7.07E-04,3.01E-04,3.59E-04,7.22E-04,4.57E-04,2.82E-04,6.21E-04,2.64E-04,5.91E-04,4.00E-04,7.88E-04,4.57E-04,4.43E-04,4.41E-04,3.32E-04,2.12E-04
350,8.69E-04,4.11E-04,8.09E-04,3.57E-04,7.04E-04,3.00E-04,3.71E-04,7.31E-04,4.53E-04,2.75E-04,6.25E-04,2.68E-04,5.98E-04,3.98E-04,7.87E-04,4.56E-04,4.45E-04,4.43E-04,3.31E-04,2.09E-04
351,8.87E-04,4.25E-04,8.18E-04,3.56E-04,7.02E-04,2.97E-04,3.82E-04,7.39E-04,4.49E-04,2.67E-04,6.27E-04,2.71E-04,6.04E-04,3.95E-04,7.87E-04,4.53E-04,4.46E-04,4.44E-04,3.29E-04,2.04E-04
352,9.06E-04,4.37E-04,8.27E-04,3.55E-04,6.99E-04,2.94E-04,3.93E-04,7.47E-04,4.44E-04,2.60E-04,6.29E-04,2.72E-04,6.08E-04,3.92E-04,7.86E-04,4.50E-04,4.46E-04,4.46E-04,3.27E-04,2.00E-04
353,9.26E-04,4.49E-04,8.35E-04,3.55E-04,6.97E-04,2.90E-04,4.03E-04,7.55E-04,4.37E-04,2.52E-04,6.31E-04,2.71E-04,6.11E-04,3.87E-04,7.84E-04,4.47E-04,4.45E-04,4.46E-04,3.24E-04,1.95E-04
354,9.45E-04,4.60E-04,8.42E-04,3.55E-04,6.95E-04,2.86E-04,4.12E-04,7.63E-04,4.31E-04,2.45E-04,6.33E-04,2.69E-04,6.12E-04,3.83E-04,7.83E-04,4.44E-04,4.44E-04,4.47E-04,3.21E-04,1.90E-04
355,9.64E-04,4.70E-04,8.50E-04,3.55E-04,6.93E-04,2.82E-04,4.21E-04,7.70E-04,4.24E-04,2.39E-04,6.35E-04,2.66E-04,6.13E-04,3.78E-04,7.82E-04,4.41E-04,4.43E-04,4.46E-04,3.17E-04,1.84E-04
356,9.81E-04,4.80E-04,8.57E-04,3.56E-04,6.91E-04,2.78E-04,4.28E-04,7.78E-04,4.17E-04,2.34E-04,6.37E-04,2.62E-04,6.13E-04,3.73E-04,7.80E-04,4.38E-04,4.42E-04,4.46E-04,3.14E-04,1.79E-04
357,9.97E-04,4.89E-04,8.65E-04,3.57E-04,6.89E-04,2.73E-04,4.35E-04,7.85E-04,4.10E-04,2.30E-04,6.38E-04,2.58E-04,6.13E-04,3.68E-04,7.78E-04,4.35E-04,4.42E-04,4.45E-04,3.10E-04,1.74E-04
358,1.01E-03,4.98E-04,8.73E-04,3.59E-04,6.88E-04,2.69E-04,4.41E-04,7.92E-04,4.03E-04,2.27E-04,6.38E-04,2.53E-04,6.12E-04,3.64E-04,7.76E-04,4.32E-04,4.42E-04,4.43E-04,3.06E-04,1.69E-04
359,1.02E-03,5.06E-04,8.81E-04,3.60E-04,6.87E-04,2.65E-04,4.47E-04,7.98E-04,3.97E-04,2.24E-04,6.37E-04,2.49E-04,6.12E-04,3.59E-04,7.73E-04,4.30E-04,4.43E-04,4.41E-04,3.02E-04,1.65E-04
360,1.03E-03,5.14E-04,8.90E-04,3.61E-04,6.86E-04,2.61E-04,4.51E-04,8.04E-04,3.91E-04,2.22E-04,6.33E-04,2.44E-04,6.12E-04,3.55E-04,7.71E-04,4.27E-04,4.45E-04,4.39E-04,2.98E-04,1.60E-04
361,1.03E-03,5.21E-04,8.98E-04,3.62E-04,6.85E-04,2.56E-04,4.55E-04,8.09E-04,3.85E-04,2.20E-04,6.27E-04,2.39E-04,6.12E-04,3.50E-04,7.67E-04,4.24E-04,4.48E-04,4.36E-04,2.93E-04,1.56E-04
362,1.03E-03,5.28E-04,9.06E-04,3.61E-04,6.84E-04,2.52E-04,4.58E-04,8.13E-04,3.79E-04,2.18E-04,6.18E-04,2.34E-04,6.12E-04,3.46E-04,7.64E-04,4.21E-04,4.51E-04,4.33E-04,2.89E-04,1.52E-04
363,1.02E-03,5.34E-04,9.13E-04,3.60E-04,6.83E-04,2.47E-04,4.60E-04,8.15E-04,3.74E-04,2.16E-04,6.06E-04,2.30E-04,6.12E-04,3.41E-04,7.59E-04,4.18E-04,4.54E-04,4.30E-04,2.84E-04,1.48E-04
364,1.02E-03,5.40E-04,9.20E-04,3.57E-04,6.81E-04,2.42E-04,4.62E-04,8.17E-04,3.68E-04,2.13E-04,5.89E-04,2.25E-04,6.12E-04,3.35E-04,7.54E-04,4.14E-04,4.57E-04,4.27E-04,2.79E-04,1.44E-04
365,1.01E-03,5.46E-04,9.26E-04,3.54E-04,6.79E-04,2.37E-04,4.62E-04,8.17E-04,3.63E-04,2.09E-04,5.69E-04,2.20E-04,6.11E-04,3.29E-04,7.49E-04,4.10E-04,4.60E-04,4.24E-04,2.73E-04,1.40E-04
366,9.97E-04,5.50E-04,9.31E-04,3.49E-04,6.76E-04,2.31E-04,4.63E-04,8.15E-04,3.57E-04,2.03E-04,5.46E-04,2.15E-04,6.09E-04,3.23E-04,7.42E-04,4.06E-04,4.62E-04,4.20E-04,2.68E-04,1.36E-04
367,9.84E-04,5.54E-04,9.35E-04,3.42E-04,6.73E-04,2.25E-04,4.62E-04,8.12E-04,3.50E-04,1.97E-04,5.19E-04,2.10E-04,6.06E-04,3.15E-04,7.35E-04,4.01E-04,4.62E-04,4.16E-04,2.62E-04,1.31E-04
368,9.71E-04,5.57E-04,9.37E-04,3.34E-04,6.70E-04,2.18E-04,4.61E-04,8.08E-04,3.43E-04,1.89E-04,4.90E-04,2.03E-04,6.02E-04,3.07E-04,7.28E-04,3.95E-04,4.61E-04,4.12E-04,2.57E-04,1.27E-04
369,9.58E-04,5.59E-04,9.37E-04,3.25E-04,6.65E-04,2.11E-04,4.60E-04,8.02E-04,3.36E-04,1.79E-04,4.60E-04,1.96E-04,5.95E-04,2.97E-04,7.20E-04,3.89E-04,4.59E-04,4.09E-04,2.51E-04,1.22E-04
370,9.45E-04,5.60E-04,9.36E-04,3.14E-04,6.60E-04,2.03E-04,4.58E-04,7.95E-04,3.28E-04,1.68E-04,4.29E-04,1.88E-04,5.87E-04,2.87E-04,7.12E-04,3.82E-04,4.54E-04,4.05E-04,2.45E-04,1.18E-04
371,9.34E-04,5.61E-04,9.33E-04,3.03E-04,6.54E-04,1.94E-04,4.56E-04,7.87E-04,3.19E-04,1.56E-04,3.99E-04,1.78E-04,5.77E-04,2.75E-04,7.03E-04,3.75E-04,4.47E-04,4.00E-04,2.40E-04,1.13E-04
372,9.23E-04,5.60E-04,9.29E-04,2.91E-04,6.48E-04,1.85E-04,4.54E-04,7.78E-04,3.09E-04,1.44E-04,3.71E-04,1.68E-04,5.65E-04,2.63E-04,6.95E-04,3.68E-04,4.39E-04,3.96E-04,2.34E-04,1.08E-04
373,9.14E-04,5.58E-04,9.23E-04,2.79E-04,6.41E-04,1.76E-04,4.53E-04,7.69E-04,2.99E-04,1.30E-04,3.45E-04,1.56E-04,5.52E-04,2.50E-04,6.86E-04,3.60E-04,4.29E-04,3.92E-04,2.29E-04,1.02E-04
374,9.05E-04,5.56E-04,9.15E-04,2.66E-04,6.33E-04,1.67E-04,4.51E-04,7.59E-04,2.89E-04,1.17E-04,3.22E-04,1.43E-04,5.37E-04,2.37E-04,6.77E-04,3.52E-04,4.18E-04,3.88E-04,2.24E-04,9.75E-05
375,8.98E-04,5.52E-04,9.06E-04,2.54E-04,6.25E-04,1.57E-04,4.50E-04,7.48E-04,2.79E-04,1.04E-04,3.03E-04,1.30E-04,5.22E-04,2.24E-04,6.69E-04,3.44E-04,4.05E-04,3.84E-04,2.19E-04,9.28E-05
376,8.91E-04,5.48E-04,8.97E-04,2.42E-04,6.17E-04,1.48E-04,4.49E-04,7.38E-04,2.69E-04,9.11E-05,2.89E-04,1.16E-04,5.06E-04,2.10E-04,6.60E-04,3.37E-04,3.92E-04,3.79E-04,2.15E-04,8.84E-05
377,8.84E-04,5.44E-04,8.86E-04,2.30E-04,6.09E-04,1.39E-04,4.49E-04,7.27E-04,2.59E-04,7.96E-05,2.79E-04,1.01E-04,4.90E-04,1.97E-04,6.53E-04,3.29E-04,3.78E-04,3.75E-04,2.11E-04,8.45E-05
378,8.76E-04,5.39E-04,8.75E-04,2.18E-04,6.01E-04,1.30E-04,4.49E-04,7.18E-04,2.49E-04,6.94E-05,2.73E-04,8.63E-05,4.75E-04,1.85E-04,6.45E-04,3.22E-04,3.65E-04,3.71E-04,2.07E-04,8.11E-05
379,8.68E-04,5.34E-04,8.63E-04,2.08E-04,5.93E-04,1.22E-04,4.50E-04,7.08E-04,2.41E-04,6.09E-05,2.71E-04,7.17E-05,4.60E-04,1.73E-04,6.39E-04,3.16E-04,3.51E-04,3.67E-04,2.04E-04,7.85E-05
380,8.58E-04,5.30E-04,8.52E-04,1.98E-04,5.86E-04,1.15E-04,4.51E-04,7.00E-04,2.34E-04,5.43E-05,2.72E-04,5.74E-05,4.47E-04,1.62E-04,6.33E-04,3.10E-04,3.39E-04,3.63E-04,2.02E-04,7.68E-05
381,8.46E-04,5.25E-04,8.40E-04,1.89E-04,5.79E-04,1.09E-04,4.52E-04,6.92E-04,2.27E-04,4.97E-05,2.75E-04,4.37E-05,4.36E-04,1.52E-04,6.27E-04,3.04E-04,3.27E-04,3.59E-04,2.00E-04,7.60E-05
382,8.33E-04,5.21E-04,8.28E-04,1.81E-04,5.73E-04,1.03E-04,4.53E-04,6.85E-04,2.22E-04,4.71E-05,2.80E-04,3.06E-05,4.26E-04,1.43E-04,6.23E-04,3.00E-04,3.17E-04,3.56E-04,1.99E-04,7.61E-05
383,8.18E-04,5.17E-04,8.17E-04,1.74E-04,5.67E-04,9.89E-05,4.55E-04,6.79E-04,2.19E-04,4.67E-05,2.85E-04,1.83E-05,4.18E-04,1.35E-04,6.19E-04,2.97E-04,3.08E-04,3.53E-04,1.98E-04,7.73E-05
384,8.00E-04,5.14E-04,8.06E-04,1.67E-04,5.63E-04,9.55E-05,4.56E-04,6.74E-04,2.16E-04,4.82E-05,2.89E-04,6.92E-06,4.11E-04,1.28E-04,6.15E-04,2.94E-04,3.00E-04,3.51E-04,1.98E-04,7.95E-05
385,7.82E-04,5.12E-04,7.96E-04,1.61E-04,5.59E-04,9.32E-05,4.57E-04,6.69E-04,2.15E-04,5.15E-05,2.91E-04,-3.59E-06,4.06E-04,1.23E-04,6.13E-04,2.92E-04,2.93E-04,3.49E-04,1.98E-04,8.28E-05
386,7.61E-04,5.11E-04,7.87E-04,1.55E-04,5.56E-04,9.19E-05,4.58E-04,6.66E-04,2.15E-04,5.64E-05,2.91E-04,-1.33E-05,4.02E-04,1.18E-04,6.11E-04,2.92E-04,2.88E-04,3.48E-04,1.98E-04,8.70E-05
387,7.41E-04,5.10E-04,7.78E-04,1.50E-04,5.53E-04,9.17E-05,4.59E-04,6.62E-04,2.17E-04,6.27E-05,2.87E-04,-2.21E-05,3.98E-04,1.15E-04,6.09E-04,2.92E-04,2.83E-04,3.48E-04,1.99E-04,9.23E-05
388,7.19E-04,5.10E-04,7.71E-04,1.45E-04,5.52E-04,9.23E-05,4.58E-04,6.60E-04,2.18E-04,7.01E-05,2.80E-04,-3.03E-05,3.95E-04,1.12E-04,6.08E-04,2.93E-04,2.79E-04,3.48E-04,2.00E-04,9.83E-05
389,6.98E-04,5.11E-04,7.64E-04,1.40E-04,5.50E-04,9.39E-05,4.58E-04,6.58E-04,2.21E-04,7.83E-05,2.68E-04,-3.79E-05,3.92E-04,1.10E-04,6.07E-04,2.95E-04,2.76E-04,3.49E-04,2.02E-04,1.05E-04
390,6.78E-04,5.12E-04,7.58E-04,1.35E-04,5.49E-04,9.63E-05,4.56E-04,6.56E-04,2.24E-04,8.71E-05,2.53E-04,-4.50E-05,3.89E-04,1.08E-04,6.07E-04,2.98E-04,2.73E-04,3.50E-04,2.04E-04,1.13E-04
391,6.59E-04,5.14E-04,7.53E-04,1.31E-04,5.48E-04,9.93E-05,4.53E-04,6.54E-04,2.26E-04,9.62E-05,2.33E-04,-5.18E-05,3.85E-04,1.07E-04,6.06E-04,3.01E-04,2.70E-04,3.52E-04,2.06E-04,1.21E-04
392,6.41E-04,5.16E-04,7.48E-04,1.27E-04,5.48E-04,1.03E-04,4.50E-04,6.52E-04,2.29E-04,1.05E-04,2.10E-04,-5.82E-05,3.80E-04,1.06E-04,6.06E-04,3.05E-04,2.68E-04,3.54E-04,2.08E-04,1.29E-04
393,6.24E-04,5.18E-04,7.44E-04,1.22E-04,5.46E-04,1.07E-04,4.46E-04,6.50E-04,2.32E-04,1.15E-04,1.83E-04,-6.44E-05,3.74E-04,1.05E-04,6.06E-04,3.09E-04,2.65E-04,3.57E-04,2.10E-04,1.38E-04
394,6.09E-04,5.19E-04,7.40E-04,1.19E-04,5.45E-04,1.12E-04,4.42E-04,6.47E-04,2.34E-04,1.24E-04,1.55E-04,-7.03E-05,3.68E-04,1.05E-04,6.06E-04,3.14E-04,2.62E-04,3.61E-04,2.12E-04,1.47E-04
395,5.96E-04,5.21E-04,7.37E-04,1.16E-04,5.43E-04,1.17E-04,4.37E-04,6.44E-04,2.36E-04,1.33E-04,1.25E-04,-7.59E-05,3.60E-04,1.04E-04,6.06E-04,3.19E-04,2.60E-04,3.64E-04,2.14E-04,1.57E-04
396,5.84E-04,5.22E-04,7.34E-04,1.13E-04,5.41E-04,1.23E-04,4.32E-04,6.41E-04,2.38E-04,1.41E-04,9.42E-05,-8.13E-05,3.52E-04,1.04E-04,6.07E-04,3.25E-04,2.58E-04,3.68E-04,2.17E-04,1.66E-04
397,5.73E-04,5.22E-04,7.31E-04,1.11E-04,5.39E-04,1.29E-04,4.26E-04,6.37E-04,2.39E-04,1.50E-04,6.37E-05,-8.62E-05,3.43E-04,1.03E-04,6.07E-04,3.31E-04,2.56E-04,3.72E-04,2.20E-04,1.76E-04
398,5.63E-04,5.22E-04,7.28E-04,1.10E-04,5.36E-04,1.35E-04,4.20E-04,6.32E-04,2.40E-04,1.58E-04,3.43E-05,-9.07E-05,3.34E-04,1.03E-04,6.07E-04,3.37E-04,2.55E-04,3.77E-04,2.23E-04,1.85E-04
399,5.54E-04,5.20E-04,7.25E-04,1.10E-04,5.33E-04,1.42E-04,4.15E-04,6.27E-04,2.41E-04,1.66E-04,6.75E-06,-9.45E-05,3.26E-04,1.03E-04,6.07E-04,3.43E-04,2.54E-04,3.81E-04,2.26E-04,1.95E-04
400,5.44E-04,5.18E-04,7.21E-04,1.11E-04,5.29E-04,1.50E-04,4.10E-04,6.22E-04,2.43E-04,1.75E-04,-1.82E-05,-9.78E-05,3.19E-04,1.03E-04,6.07E-04,3.50E-04,2.55E-04,3.86E-04,2.29E-04,2.04E-04
401,5.34E-04,5.15E-04,7.17E-04,1.14E-04,5.26E-04,1.58E-04,4.06E-04,6.16E-04,2.44E-04,1.84E-04,-4.00E-05,-1.00E-04,3.12E-04,1.04E-04,6.08E-04,3.56E-04,2.56E-04,3.90E-04,2.33E-04,2.14E-04
402,5.23E-04,5.10E-04,7.12E-04,1.17E-04,5.23E-04,1.66E-04,4.02E-04,6.11E-04,2.46E-04,1.93E-04,-5.81E-05,-1.02E-04,3.07E-04,1.06E-04,6.09E-04,3.63E-04,2.59E-04,3.95E-04,2.37E-04,2.24E-04
403,5.12E-04,5.04E-04,7.07E-04,1.21E-04,5.20E-04,1.75E-04,3.99E-04,6.05E-04,2.48E-04,2.02E-04,-7.22E-05,-1.03E-04,3.04E-04,1.08E-04,6.09E-04,3.71E-04,2.63E-04,4.00E-04,2.41E-04,2.34E-04
404,5.00E-04,4.98E-04,7.01E-04,1.27E-04,5.17E-04,1.85E-04,3.97E-04,6.00E-04,2.51E-04,2.13E-04,-8.18E-05,-1.03E-04,3.03E-04,1.10E-04,6.11E-04,3.79E-04,2.68E-04,4.05E-04,2.46E-04,2.45E-04
405,4.88E-04,4.91E-04,6.94E-04,1.33E-04,5.16E-04,1.96E-04,3.96E-04,5.95E-04,2.55E-04,2.23E-04,-8.70E-05,-1.02E-04,3.04E-04,1.14E-04,6.12E-04,3.87E-04,2.74E-04,4.11E-04,2.52E-04,2.55E-04
406,4.76E-04,4.83E-04,6.86E-04,1.40E-04,5.15E-04,2.07E-04,3.96E-04,5.90E-04,2.59E-04,2.35E-04,-8.76E-05,-1.00E-04,3.06E-04,1.17E-04,6.14E-04,3.95E-04,2.81E-04,4.16E-04,2.57E-04,2.66E-04
407,4.64E-04,4.76E-04,6.78E-04,1.48E-04,5.16E-04,2.18E-04,3.96E-04,5.87E-04,2.64E-04,2.47E-04,-8.36E-05,-9.82E-05,3.10E-04,1.22E-04,6.17E-04,4.04E-04,2.88E-04,4.22E-04,2.64E-04,2.77E-04
408,4.53E-04,4.68E-04,6.70E-04,1.56E-04,5.17E-04,2.31E-04,3.98E-04,5.84E-04,2.71E-04,2.60E-04,-7.53E-05,-9.53E-05,3.16E-04,1.27E-04,6.19E-04,4.14E-04,2.97E-04,4.29E-04,2.71E-04,2.88E-04
409,4.43E-04,4.61E-04,6.60E-04,1.65E-04,5.20E-04,2.44E-04,4.01E-04,5.82E-04,2.77E-04,2.73E-04,-6.28E-05,-9.20E-05,3.22E-04,1.33E-04,6.22E-04,4.23E-04,3.05E-04,4.36E-04,2.78E-04,3.00E-04
410,4.35E-04,4.54E-04,6.51E-04,1.74E-04,5.23E-04,2.57E-04,4.04E-04,5.81E-04,2.85E-04,2.87E-04,-4.64E-05,-8.81E-05,3.30E-04,1.39E-04,6.26E-04,4.33E-04,3.14E-04,4.43E-04,2.85E-04,3.11E-04
411,4.30E-04,4.48E-04,6.42E-04,1.83E-04,5.27E-04,2.71E-04,4.08E-04,5.82E-04,2.92E-04,3.01E-04,-2.67E-05,-8.39E-05,3.37E-04,1.45E-04,6.30E-04,4.43E-04,3.22E-04,4.50E-04,2.93E-04,3.23E-04
412,4.27E-04,4.44E-04,6.32E-04,1.92E-04,5.32E-04,2.84E-04,4.12E-04,5.83E-04,3.00E-04,3.15E-04,-4.06E-06,-7.93E-05,3.45E-04,1.52E-04,6.33E-04,4.54E-04,3.30E-04,4.58E-04,3.01E-04,3.35E-04
413,4.28E-04,4.41E-04,6.23E-04,2.00E-04,5.38E-04,2.98E-04,4.17E-04,5.85E-04,3.08E-04,3.29E-04,2.09E-05,-7.44E-05,3.52E-04,1.58E-04,6.37E-04,4.64E-04,3.38E-04,4.66E-04,3.10E-04,3.46E-04
414,4.32E-04,4.39E-04,6.14E-04,2.09E-04,5.43E-04,3.12E-04,4.22E-04,5.87E-04,3.16E-04,3.42E-04,4.75E-05,-6.90E-05,3.59E-04,1.65E-04,6.41E-04,4.73E-04,3.45E-04,4.74E-04,3.18E-04,3.57E-04
415,4.40E-04,4.39E-04,6.06E-04,2.17E-04,5.48E-04,3.25E-04,4.27E-04,5.91E-04,3.24E-04,3.56E-04,7.50E-05,-6.32E-05,3.65E-04,1.71E-04,6.45E-04,4.83E-04,3.52E-04,4.83E-04,3.26E-04,3.68E-04
416,4.50E-04,4.40E-04,5.99E-04,2.25E-04,5.52E-04,3.38E-04,4.31E-04,5.94E-04,3.31E-04,3.68E-04,1.03E-04,-5.69E-05,3.70E-04,1.77E-04,6.48E-04,4.91E-04,3.58E-04,4.91E-04,3.34E-04,3.78E-04
417,4.64E-04,4.43E-04,5.93E-04,2.32E-04,5.56E-04,3.50E-04,4.36E-04,5.98E-04,3.37E-04,3.80E-04,1.30E-04,-4.99E-05,3.74E-04,1.82E-04,6.51E-04,4.99E-04,3.64E-04,4.99E-04,3.42E-04,3.88E-04
418,4.80E-04,4.47E-04,5.88E-04,2.39E-04,5.59E-04,3.62E-04,4.41E-04,6.02E-04,3.43E-04,3.91E-04,1.55E-04,-4.24E-05,3.77E-04,1.87E-04,6.53E-04,5.06E-04,3.71E-04,5.07E-04,3.50E-04,3.97E-04
419,4.97E-04,4.51E-04,5.84E-04,2.46E-04,5.60E-04,3.72E-04,4.45E-04,6.05E-04,3.48E-04,4.01E-04,1.79E-04,-3.41E-05,3.80E-04,1.92E-04,6.54E-04,5.12E-04,3.77E-04,5.15E-04,3.57E-04,4.05E-04
420,5.16E-04,4.57E-04,5.81E-04,2.53E-04,5.60E-04,3.82E-04,4.48E-04,6.08E-04,3.52E-04,4.11E-04,1.99E-04,-2.50E-05,3.82E-04,1.96E-04,6.55E-04,5.17E-04,3.84E-04,5.23E-04,3.64E-04,4.11E-04
421,5.35E-04,4.62E-04,5.80E-04,2.59E-04,5.59E-04,3.91E-04,4.51E-04,6.10E-04,3.55E-04,4.19E-04,2.17E-04,-1.52E-05,3.83E-04,2.00E-04,6.55E-04,5.20E-04,3.91E-04,5.30E-04,3.71E-04,4.17E-04
422,5.54E-04,4.67E-04,5.79E-04,2.65E-04,5.56E-04,3.99E-04,4.53E-04,6.11E-04,3.57E-04,4.26E-04,2.31E-04,-4.66E-06,3.83E-04,2.03E-04,6.54E-04,5.22E-04,3.99E-04,5.37E-04,3.77E-04,4.22E-04
423,5.72E-04,4.72E-04,5.79E-04,2.70E-04,5.52E-04,4.06E-04,4.55E-04,6.12E-04,3.59E-04,4.32E-04,2.40E-04,6.45E-06,3.84E-04,2.06E-04,6.52E-04,5.23E-04,4.09E-04,5.43E-04,3.82E-04,4.25E-04
424,5.89E-04,4.76E-04,5.80E-04,2.76E-04,5.47E-04,4.12E-04,4.56E-04,6.11E-04,3.60E-04,4.38E-04,2.46E-04,1.80E-05,3.85E-04,2.09E-04,6.50E-04,5.23E-04,4.19E-04,5.49E-04,3.87E-04,4.27E-04
425,6.04E-04,4.78E-04,5.82E-04,2.81E-04,5.41E-04,4.17E-04,4.56E-04,6.10E-04,3.61E-04,4.42E-04,2.48E-04,2.98E-05,3.85E-04,2.11E-04,6.47E-04,5.22E-04,4.30E-04,5.54E-04,3.91E-04,4.29E-04
426,6.16E-04,4.79E-04,5.83E-04,2.86E-04,5.34E-04,4.22E-04,4.55E-04,6.08E-04,3.61E-04,4.46E-04,2.47E-04,4.16E-05,3.86E-04,2.14E-04,6.43E-04,5.20E-04,4.43E-04,5.59E-04,3.95E-04,4.29E-04
427,6.26E-04,4.79E-04,5.85E-04,2.90E-04,5.27E-04,4.26E-04,4.53E-04,6.05E-04,3.61E-04,4.49E-04,2.43E-04,5.31E-05,3.86E-04,2.16E-04,6.39E-04,5.17E-04,4.56E-04,5.63E-04,3.99E-04,4.28E-04
428,6.33E-04,4.76E-04,5.87E-04,2.94E-04,5.19E-04,4.29E-04,4.51E-04,6.02E-04,3.60E-04,4.52E-04,2.37E-04,6.42E-05,3.87E-04,2.18E-04,6.35E-04,5.13E-04,4.70E-04,5.67E-04,4.02E-04,4.26E-04
429,6.37E-04,4.73E-04,5.89E-04,2.97E-04,5.13E-04,4.32E-04,4.48E-04,5.98E-04,3.59E-04,4.54E-04,2.30E-04,7.44E-05,3.87E-04,2.20E-04,6.31E-04,5.09E-04,4.85E-04,5.70E-04,4.05E-04,4.23E-04
430,6.40E-04,4.67E-04,5.90E-04,3.00E-04,5.06E-04,4.34E-04,4.45E-04,5.93E-04,3.58E-04,4.56E-04,2.23E-04,8.36E-05,3.87E-04,2.22E-04,6.26E-04,5.05E-04,4.99E-04,5.73E-04,4.07E-04,4.20E-04
431,6.40E-04,4.61E-04,5.90E-04,3.03E-04,5.01E-04,4.36E-04,4.41E-04,5.88E-04,3.57E-04,4.57E-04,2.17E-04,9.15E-05,3.86E-04,2.25E-04,6.22E-04,5.01E-04,5.14E-04,5.75E-04,4.09E-04,4.16E-04
432,6.38E-04,4.54E-04,5.89E-04,3.04E-04,4.96E-04,4.38E-04,4.36E-04,5.83E-04,3.56E-04,4.58E-04,2.12E-04,9.81E-05,3.85E-04,2.27E-04,6.18E-04,4.97E-04,5.27E-04,5.77E-04,4.10E-04,4.11E-04
433,6.35E-04,4.47E-04,5.87E-04,3.05E-04,4.93E-04,4.39E-04,4.31E-04,5.78E-04,3.54E-04,4.58E-04,2.11E-04,1.03E-04,3.83E-04,2.29E-04,6.14E-04,4.92E-04,5.40E-04,5.78E-04,4.11E-04,4.06E-04
434,6.31E-04,4.39E-04,5.84E-04,3.06E-04,4.91E-04,4.40E-04,4.27E-04,5.72E-04,3.52E-04,4.58E-04,2.14E-04,1.07E-04,3.80E-04,2.31E-04,6.11E-04,4.89E-04,5.52E-04,5.79E-04,4.11E-04,4.00E-04
435,6.26E-04,4.32E-04,5.80E-04,3.06E-04,4.90E-04,4.41E-04,4.22E-04,5.67E-04,3.49E-04,4.58E-04,2.21E-04,1.10E-04,3.76E-04,2.33E-04,6.08E-04,4.85E-04,5.63E-04,5.79E-04,4.11E-04,3.94E-04
436,6.20E-04,4.26E-04,5.74E-04,3.06E-04,4.90E-04,4.42E-04,4.17E-04,5.61E-04,3.46E-04,4.57E-04,2.33E-04,1.11E-04,3.71E-04,2.35E-04,6.05E-04,4.81E-04,5.72E-04,5.79E-04,4.11E-04,3.88E-04
437,6.15E-04,4.20E-04,5.68E-04,3.05E-04,4.91E-04,4.42E-04,4.12E-04,5.54E-04,3.43E-04,4.55E-04,2.49E-04,1.11E-04,3.66E-04,2.37E-04,6.02E-04,4.78E-04,5.79E-04,5.78E-04,4.10E-04,3.82E-04
438,6.09E-04,4.16E-04,5.60E-04,3.04E-04,4.93E-04,4.42E-04,4.08E-04,5.47E-04,3.39E-04,4.53E-04,2.70E-04,1.11E-04,3.60E-04,2.38E-04,5.99E-04,4.74E-04,5.85E-04,5.77E-04,4.09E-04,3.76E-04
439,6.03E-04,4.14E-04,5.51E-04,3.03E-04,4.95E-04,4.42E-04,4.04E-04,5.40E-04,3.34E-04,4.50E-04,2.95E-04,1.11E-04,3.53E-04,2.40E-04,5.96E-04,4.70E-04,5.90E-04,5.75E-04,4.07E-04,3.69E-04
440,5.98E-04,4.12E-04,5.42E-04,3.02E-04,4.96E-04,4.41E-04,4.00E-04,5.32E-04,3.29E-04,4.46E-04,3.23E-04,1.10E-04,3.46E-04,2.41E-04,5.92E-04,4.66E-04,5.93E-04,5.73E-04,4.04E-04,3.62E-04
441,5.92E-04,4.12E-04,5.31E-04,3.02E-04,4.98E-04,4.40E-04,3.96E-04,5.22E-04,3.24E-04,4.42E-04,3.53E-04,1.10E-04,3.39E-04,2.41E-04,5.89E-04,4.61E-04,5.95E-04,5.71E-04,4.01E-04,3.55E-04
442,5.87E-04,4.13E-04,5.20E-04,3.01E-04,4.99E-04,4.38E-04,3.93E-04,5.12E-04,3.17E-04,4.36E-04,3.84E-04,1.10E-04,3.33E-04,2.42E-04,5.84E-04,4.56E-04,5.97E-04,5.68E-04,3.98E-04,3.48E-04
443,5.81E-04,4.14E-04,5.08E-04,3.00E-04,4.99E-04,4.36E-04,3.89E-04,5.01E-04,3.10E-04,4.29E-04,4.16E-04,1.11E-04,3.27E-04,2.42E-04,5.78E-04,4.49E-04,5.98E-04,5.65E-04,3.94E-04,3.40E-04
444,5.76E-04,4.14E-04,4.95E-04,3.00E-04,4.98E-04,4.33E-04,3.86E-04,4.88E-04,3.02E-04,4.21E-04,4.46E-04,1.12E-04,3.22E-04,2.42E-04,5.72E-04,4.42E-04,5.98E-04,5.61E-04,3.89E-04,3.32E-04
445,5.70E-04,4.15E-04,4.82E-04,2.99E-04,4.95E-04,4.29E-04,3.82E-04,4.74E-04,2.94E-04,4.12E-04,4.74E-04,1.15E-04,3.17E-04,2.42E-04,5.64E-04,4.34E-04,5.99E-04,5.57E-04,3.84E-04,3.23E-04
446,5.65E-04,4.14E-04,4.68E-04,2.99E-04,4.91E-04,4.25E-04,3.78E-04,4.59E-04,2.85E-04,4.02E-04,4.99E-04,1.18E-04,3.13E-04,2.41E-04,5.55E-04,4.25E-04,5.99E-04,5.53E-04,3.78E-04,3.15E-04
447,5.59E-04,4.11E-04,4.54E-04,2.98E-04,4.85E-04,4.20E-04,3.73E-04,4.43E-04,2.75E-04,3.90E-04,5.21E-04,1.22E-04,3.10E-04,2.41E-04,5.45E-04,4.15E-04,6.00E-04,5.48E-04,3.72E-04,3.06E-04
448,5.54E-04,4.07E-04,4.39E-04,2.97E-04,4.77E-04,4.14E-04,3.67E-04,4.26E-04,2.65E-04,3.77E-04,5.38E-04,1.26E-04,3.07E-04,2.40E-04,5.33E-04,4.03E-04,6.01E-04,5.43E-04,3.65E-04,2.96E-04
449,5.48E-04,4.00E-04,4.23E-04,2.96E-04,4.68E-04,4.07E-04,3.61E-04,4.08E-04,2.53E-04,3.63E-04,5.50E-04,1.30E-04,3.04E-04,2.39E-04,5.20E-04,3.91E-04,6.02E-04,5.38E-04,3.58E-04,2.86E-04
450,5.43E-04,3.90E-04,4.07E-04,2.95E-04,4.57E-04,4.00E-04,3.53E-04,3.89E-04,2.42E-04,3.49E-04,5.58E-04,1.34E-04,3.01E-04,2.37E-04,5.06E-04,3.78E-04,6.03E-04,5.32E-04,3.51E-04,2.76E-04
451,5.37E-04,3.77E-04,3.91E-04,2.92E-04,4.45E-04,3.92E-04,3.43E-04,3.70E-04,2.29E-04,3.33E-04,5.61E-04,1.37E-04,2.97E-04,2.36E-04,4.90E-04,3.64E-04,6.05E-04,5.26E-04,3.43E-04,2.66E-04
452,5.32E-04,3.62E-04,3.73E-04,2.89E-04,4.31E-04,3.83E-04,3.33E-04,3.51E-04,2.16E-04,3.16E-04,5.61E-04,1.40E-04,2.93E-04,2.34E-04,4.74E-04,3.50E-04,6.06E-04,5.20E-04,3.35E-04,2.56E-04
453,5.26E-04,3.44E-04,3.55E-04,2.85E-04,4.17E-04,3.73E-04,3.21E-04,3.31E-04,2.02E-04,2.99E-04,5.57E-04,1.41E-04,2.86E-04,2.32E-04,4.57E-04,3.35E-04,6.07E-04,5.13E-04,3.27E-04,2.45E-04
454,5.21E-04,3.25E-04,3.36E-04,2.81E-04,4.01E-04,3.63E-04,3.07E-04,3.11E-04,1.88E-04,2.81E-04,5.51E-04,1.41E-04,2.78E-04,2.30E-04,4.40E-04,3.19E-04,6.08E-04,5.05E-04,3.18E-04,2.35E-04
455,5.15E-04,3.03E-04,3.16E-04,2.75E-04,3.86E-04,3.52E-04,2.93E-04,2.92E-04,1.73E-04,2.63E-04,5.43E-04,1.40E-04,2.68E-04,2.28E-04,4.22E-04,3.04E-04,6.08E-04,4.97E-04,3.09E-04,2.25E-04
456,5.09E-04,2.80E-04,2.96E-04,2.68E-04,3.69E-04,3.40E-04,2.77E-04,2.72E-04,1.57E-04,2.45E-04,5.34E-04,1.37E-04,2.55E-04,2.25E-04,4.05E-04,2.89E-04,6.07E-04,4.89E-04,3.00E-04,2.15E-04
457,5.02E-04,2.57E-04,2.75E-04,2.61E-04,3.53E-04,3.29E-04,2.60E-04,2.52E-04,1.42E-04,2.26E-04,5.25E-04,1.32E-04,2.40E-04,2.22E-04,3.87E-04,2.74E-04,6.05E-04,4.80E-04,2.91E-04,2.06E-04
458,4.94E-04,2.33E-04,2.53E-04,2.53E-04,3.36E-04,3.17E-04,2.42E-04,2.33E-04,1.26E-04,2.08E-04,5.16E-04,1.27E-04,2.23E-04,2.19E-04,3.70E-04,2.59E-04,6.02E-04,4.70E-04,2.82E-04,1.97E-04
459,4.85E-04,2.10E-04,2.31E-04,2.45E-04,3.20E-04,3.04E-04,2.24E-04,2.14E-04,1.09E-04,1.91E-04,5.07E-04,1.20E-04,2.04E-04,2.16E-04,3.53E-04,2.45E-04,5.98E-04,4.60E-04,2.73E-04,1.89E-04
460,4.74E-04,1.88E-04,2.08E-04,2.36E-04,3.03E-04,2.92E-04,2.06E-04,1.94E-04,9.29E-05,1.74E-04,4.99E-04,1.12E-04,1.83E-04,2.12E-04,3.36E-04,2.31E-04,5.93E-04,4.50E-04,2.64E-04,1.82E-04
461,4.62E-04,1.68E-04,1.84E-04,2.28E-04,2.87E-04,2.80E-04,1.87E-04,1.75E-04,7.66E-05,1.58E-04,4.92E-04,1.04E-04,1.61E-04,2.09E-04,3.21E-04,2.18E-04,5.86E-04,4.40E-04,2.54E-04,1.75E-04
462,4.47E-04,1.49E-04,1.61E-04,2.19E-04,2.71E-04,2.68E-04,1.69E-04,1.55E-04,6.05E-05,1.42E-04,4.86E-04,9.65E-05,1.39E-04,2.05E-04,3.06E-04,2.05E-04,5.79E-04,4.29E-04,2.45E-04,1.70E-04
463,4.30E-04,1.32E-04,1.38E-04,2.11E-04,2.56E-04,2.56E-04,1.51E-04,1.35E-04,4.49E-05,1.28E-04,4.79E-04,8.89E-05,1.17E-04,2.01E-04,2.92E-04,1.93E-04,5.70E-04,4.19E-04,2.36E-04,1.66E-04
464,4.11E-04,1.17E-04,1.15E-04,2.03E-04,2.41E-04,2.45E-04,1.34E-04,1.14E-04,2.98E-05,1.15E-04,4.72E-04,8.19E-05,9.52E-05,1.97E-04,2.78E-04,1.82E-04,5.60E-04,4.09E-04,2.26E-04,1.62E-04
465,3.89E-04,1.03E-04,9.15E-05,1.96E-04,2.26E-04,2.34E-04,1.17E-04,9.33E-05,1.53E-05,1.03E-04,4.64E-04,7.59E-05,7.51E-05,1.93E-04,2.66E-04,1.71E-04,5.50E-04,3.99E-04,2.17E-04,1.60E-04
466,3.66E-04,9.09E-05,6.90E-05,1.90E-04,2.12E-04,2.24E-04,1.00E-04,7.17E-05,1.70E-06,9.26E-05,4.55E-04,7.10E-05,5.69E-05,1.90E-04,2.54E-04,1.62E-04,5.39E-04,3.90E-04,2.08E-04,1.59E-04
467,3.41E-04,7.94E-05,4.69E-05,1.85E-04,1.98E-04,2.14E-04,8.45E-05,4.94E-05,-1.10E-05,8.34E-05,4.43E-04,6.73E-05,4.13E-05,1.86E-04,2.42E-04,1.52E-04,5.28E-04,3.82E-04,2.00E-04,1.58E-04
468,3.15E-04,6.83E-05,2.55E-05,1.80E-04,1.85E-04,2.05E-04,6.90E-05,2.67E-05,-2.27E-05,7.56E-05,4.29E-04,6.48E-05,2.84E-05,1.83E-04,2.31E-04,1.44E-04,5.17E-04,3.75E-04,1.91E-04,1.59E-04
469,2.87E-04,5.74E-05,4.88E-06,1.76E-04,1.72E-04,1.97E-04,5.40E-05,3.49E-06,-3.33E-05,6.91E-05,4.13E-04,6.35E-05,1.85E-05,1.80E-04,2.21E-04,1.36E-04,5.05E-04,3.69E-04,1.83E-04,1.60E-04
470,2.60E-04,4.60E-05,-1.50E-05,1.72E-04,1.59E-04,1.89E-04,3.92E-05,-2.00E-05,-4.28E-05,6.39E-05,3.94E-04,6.32E-05,1.16E-05,1.77E-04,2.11E-04,1.29E-04,4.94E-04,3.64E-04,1.76E-04,1.62E-04
471,2.33E-04,3.40E-05,-3.40E-05,1.69E-04,1.46E-04,1.82E-04,2.45E-05,-4.35E-05,-5.11E-05,6.00E-05,3.73E-04,6.37E-05,7.56E-06,1.74E-04,2.01E-04,1.23E-04,4.83E-04,3.59E-04,1.69E-04,1.65E-04
472,2.06E-04,2.10E-05,-5.21E-05,1.67E-04,1.34E-04,1.75E-04,9.80E-06,-6.70E-05,-5.84E-05,5.72E-05,3.49E-04,6.46E-05,6.16E-06,1.71E-04,1.91E-04,1.17E-04,4.73E-04,3.56E-04,1.63E-04,1.68E-04
473,1.80E-04,6.93E-06,-6.92E-05,1.64E-04,1.22E-04,1.69E-04,-5.02E-06,-9.02E-05,-6.47E-05,5.55E-05,3.25E-04,6.57E-05,6.95E-06,1.69E-04,1.81E-04,1.12E-04,4.62E-04,3.53E-04,1.57E-04,1.71E-04
474,1.56E-04,-8.22E-06,-8.54E-05,1.62E-04,1.10E-04,1.64E-04,-2.00E-05,-1.13E-04,-7.00E-05,5.47E-05,3.00E-04,6.66E-05,9.45E-06,1.67E-04,1.72E-04,1.08E-04,4.53E-04,3.52E-04,1.52E-04,1.75E-04
475,1.34E-04,-2.43E-05,-1.01E-04,1.59E-04,9.85E-05,1.59E-04,-3.52E-05,-1.35E-04,-7.44E-05,5.48E-05,2.75E-04,6.71E-05,1.31E-05,1.65E-04,1.63E-04,1.04E-04,4.43E-04,3.50E-04,1.47E-04,1.79E-04
476,1.14E-04,-4.10E-05,-1.15E-04,1.56E-04,8.72E-05,1.54E-04,-5.06E-05,-1.55E-04,-7.81E-05,5.57E-05,2.53E-04,6.69E-05,1.73E-05,1.63E-04,1.53E-04,1.01E-04,4.34E-04,3.49E-04,1.44E-04,1.83E-04
477,9.56E-05,-5.80E-05,-1.28E-04,1.53E-04,7.61E-05,1.50E-04,-6.62E-05,-1.75E-04,-8.10E-05,5.72E-05,2.33E-04,6.59E-05,2.14E-05,1.62E-04,1.44E-04,9.95E-05,4.26E-04,3.48E-04,1.40E-04,1.87E-04
478,7.94E-05,-7.48E-05,-1.39E-04,1.49E-04,6.52E-05,1.46E-04,-8.16E-05,-1.93E-04,-8.33E-05,5.92E-05,2.17E-04,6.40E-05,2.50E-05,1.60E-04,1.35E-04,9.84E-05,4.18E-04,3.47E-04,1.38E-04,1.91E-04
479,6.51E-05,-9.09E-05,-1.50E-04,1.45E-04,5.45E-05,1.43E-04,-9.69E-05,-2.09E-04,-8.50E-05,6.18E-05,2.06E-04,6.12E-05,2.77E-05,1.59E-04,1.27E-04,9.80E-05,4.11E-04,3.46E-04,1.36E-04,1.96E-04
480,5.24E-05,-1.06E-04,-1.59E-04,1.41E-04,4.40E-05,1.40E-04,-1.12E-04,-2.23E-04,-8.63E-05,6.48E-05,2.00E-04,5.76E-05,2.92E-05,1.58E-04,1.19E-04,9.85E-05,4.05E-04,3.44E-04,1.35E-04,2.00E-04
481,4.09E-05,-1.19E-04,-1.67E-04,1.36E-04,3.36E-05,1.38E-04,-1.26E-04,-2.36E-04,-8.71E-05,6.81E-05,2.00E-04,5.34E-05,2.93E-05,1.57E-04,1.11E-04,9.97E-05,3.99E-04,3.42E-04,1.35E-04,2.05E-04
482,3.05E-05,-1.30E-04,-1.74E-04,1.30E-04,2.35E-05,1.36E-04,-1.39E-04,-2.46E-04,-8.74E-05,7.19E-05,2.06E-04,4.89E-05,2.80E-05,1.56E-04,1.03E-04,1.02E-04,3.93E-04,3.39E-04,1.34E-04,2.09E-04
483,2.08E-05,-1.39E-04,-1.79E-04,1.25E-04,1.36E-05,1.35E-04,-1.51E-04,-2.55E-04,-8.74E-05,7.60E-05,2.17E-04,4.44E-05,2.55E-05,1.56E-04,9.65E-05,1.04E-04,3.89E-04,3.36E-04,1.35E-04,2.14E-04
484,1.14E-05,-1.44E-04,-1.83E-04,1.19E-04,4.00E-06,1.34E-04,-1.62E-04,-2.61E-04,-8.70E-05,8.04E-05,2.33E-04,4.02E-05,2.20E-05,1.56E-04,9.01E-05,1.08E-04,3.85E-04,3.32E-04,1.36E-04,2.19E-04
485,2.27E-06,-1.48E-04,-1.85E-04,1.14E-04,-5.30E-06,1.34E-04,-1.71E-04,-2.65E-04,-8.61E-05,8.52E-05,2.53E-04,3.69E-05,1.79E-05,1.56E-04,8.44E-05,1.12E-04,3.82E-04,3.28E-04,1.37E-04,2.24E-04
486,-6.85E-06,-1.49E-04,-1.86E-04,1.08E-04,-1.42E-05,1.35E-04,-1.78E-04,-2.68E-04,-8.48E-05,9.04E-05,2.76E-04,3.46E-05,1.36E-05,1.57E-04,7.93E-05,1.16E-04,3.79E-04,3.24E-04,1.38E-04,2.30E-04
487,-1.60E-05,-1.47E-04,-1.86E-04,1.03E-04,-2.27E-05,1.37E-04,-1.84E-04,-2.68E-04,-8.29E-05,9.60E-05,3.01E-04,3.38E-05,9.56E-06,1.59E-04,7.48E-05,1.21E-04,3.77E-04,3.19E-04,1.40E-04,2.36E-04
488,-2.51E-05,-1.44E-04,-1.84E-04,9.87E-05,-3.07E-05,1.39E-04,-1.87E-04,-2.67E-04,-8.06E-05,1.02E-04,3.25E-04,3.47E-05,6.25E-06,1.61E-04,7.09E-05,1.27E-04,3.76E-04,3.15E-04,1.42E-04,2.42E-04
489,-3.40E-05,-1.39E-04,-1.82E-04,9.44E-05,-3.80E-05,1.42E-04,-1.89E-04,-2.64E-04,-7.78E-05,1.08E-04,3.49E-04,3.74E-05,4.05E-06,1.64E-04,6.75E-05,1.33E-04,3.75E-04,3.11E-04,1.45E-04,2.48E-04
490,-4.25E-05,-1.34E-04,-1.79E-04,9.06E-05,-4.47E-05,1.46E-04,-1.88E-04,-2.59E-04,-7.45E-05,1.15E-04,3.69E-04,4.21E-05,3.30E-06,1.67E-04,6.47E-05,1.40E-04,3.75E-04,3.08E-04,1.47E-04,2.55E-04
491,-5.03E-05,-1.28E-04,-1.75E-04,8.72E-05,-5.06E-05,1.51E-04,-1.86E-04,-2.53E-04,-7.07E-05,1.22E-04,3.86E-04,4.88E-05,4.22E-06,1.71E-04,6.22E-05,1.46E-04,3.76E-04,3.05E-04,1.50E-04,2.62E-04
492,-5.72E-05,-1.23E-04,-1.70E-04,8.42E-05,-5.57E-05,1.56E-04,-1.83E-04,-2.47E-04,-6.65E-05,1.29E-04,3.97E-04,5.72E-05,6.88E-06,1.76E-04,6.01E-05,1.53E-04,3.77E-04,3.04E-04,1.53E-04,2.69E-04
493,-6.29E-05,-1.18E-04,-1.65E-04,8.16E-05,-6.00E-05,1.61E-04,-1.78E-04,-2.39E-04,-6.19E-05,1.36E-04,4.03E-04,6.73E-05,1.13E-05,1.81E-04,5.81E-05,1.61E-04,3.78E-04,3.03E-04,1.56E-04,2.75E-04
494,-6.70E-05,-1.15E-04,-1.60E-04,7.93E-05,-6.34E-05,1.67E-04,-1.72E-04,-2.31E-04,-5.71E-05,1.43E-04,4.03E-04,7.87E-05,1.72E-05,1.87E-04,5.63E-05,1.68E-04,3.80E-04,3.03E-04,1.60E-04,2.82E-04
495,-6.95E-05,-1.13E-04,-1.55E-04,7.73E-05,-6.59E-05,1.74E-04,-1.66E-04,-2.22E-04,-5.21E-05,1.50E-04,3.97E-04,9.11E-05,2.43E-05,1.92E-04,5.45E-05,1.75E-04,3.81E-04,3.05E-04,1.63E-04,2.88E-04
496,-7.02E-05,-1.13E-04,-1.50E-04,7.54E-05,-6.76E-05,1.80E-04,-1.59E-04,-2.13E-04,-4.70E-05,1.57E-04,3.85E-04,1.04E-04,3.22E-05,1.98E-04,5.26E-05,1.83E-04,3.83E-04,3.08E-04,1.66E-04,2.94E-04
497,-6.91E-05,-1.14E-04,-1.45E-04,7.37E-05,-6.84E-05,1.86E-04,-1.52E-04,-2.05E-04,-4.21E-05,1.63E-04,3.68E-04,1.17E-04,4.06E-05,2.04E-04,5.06E-05,1.90E-04,3.85E-04,3.11E-04,1.70E-04,3.00E-04
498,-6.62E-05,-1.16E-04,-1.41E-04,7.20E-05,-6.85E-05,1.92E-04,-1.45E-04,-1.97E-04,-3.73E-05,1.69E-04,3.46E-04,1.30E-04,4.88E-05,2.10E-04,4.83E-05,1.97E-04,3.86E-04,3.15E-04,1.73E-04,3.04E-04
499,-6.19E-05,-1.19E-04,-1.37E-04,7.03E-05,-6.78E-05,1.97E-04,-1.39E-04,-1.90E-04,-3.28E-05,1.74E-04,3.21E-04,1.42E-04,5.64E-05,2.16E-04,4.57E-05,2.04E-04,3.88E-04,3.19E-04,1.76E-04,3.09E-04
500,-5.63E-05,-1.23E-04,-1.34E-04,6.87E-05,-6.67E-05,2.02E-04,-1.33E-04,-1.84E-04,-2.87E-05,1.78E-04,2.94E-04,1.53E-04,6.29E-05,2.21E-04,4.28E-05,2.10E-04,3.89E-04,3.24E-04,1.80E-04,3.12E-04
501,-4.99E-05,-1.27E-04,-1.31E-04,6.71E-05,-6.50E-05,2.07E-04,-1.27E-04,-1.79E-04,-2.51E-05,1.82E-04,2.66E-04,1.63E-04,6.80E-05,2.25E-04,3.96E-05,2.17E-04,3.91E-04,3.29E-04,1.83E-04,3.15E-04
502,-4.29E-05,-1.30E-04,-1.28E-04,6.55E-05,-6.30E-05,2.11E-04,-1.22E-04,-1.75E-04,-2.21E-05,1.84E-04,2.40E-04,1.72E-04,7.13E-05,2.30E-04,3.61E-05,2.22E-04,3.93E-04,3.33E-04,1.86E-04,3.17E-04
503,-3.59E-05,-1.32E-04,-1.25E-04,6.41E-05,-6.07E-05,2.14E-04,-1.18E-04,-1.72E-04,-1.96E-05,1.86E-04,2.16E-04,1.79E-04,7.29E-05,2.33E-04,3.24E-05,2.27E-04,3.94E-04,3.36E-04,1.88E-04,3.19E-04
504,-2.92E-05,-1.33E-04,-1.23E-04,6.29E-05,-5.84E-05,2.17E-04,-1.15E-04,-1.71E-04,-1.77E-05,1.87E-04,1.96E-04,1.84E-04,7.26E-05,2.37E-04,2.85E-05,2.32E-04,3.96E-04,3.39E-04,1.91E-04,3.20E-04
505,-2.30E-05,-1.31E-04,-1.20E-04,6.20E-05,-5.60E-05,2.19E-04,-1.12E-04,-1.71E-04,-1.64E-05,1.87E-04,1.80E-04,1.88E-04,7.05E-05,2.39E-04,2.44E-05,2.36E-04,3.99E-04,3.41E-04,1.93E-04,3.20E-04
506,-1.77E-05,-1.28E-04,-1.17E-04,6.14E-05,-5.37E-05,2.21E-04,-1.10E-04,-1.72E-04,-1.55E-05,1.86E-04,1.71E-04,1.91E-04,6.71E-05,2.42E-04,2.03E-05,2.40E-04,4.01E-04,3.41E-04,1.94E-04,3.20E-04
507,-1.34E-05,-1.22E-04,-1.15E-04,6.12E-05,-5.16E-05,2.22E-04,-1.09E-04,-1.73E-04,-1.51E-05,1.85E-04,1.67E-04,1.92E-04,6.25E-05,2.44E-04,1.63E-05,2.43E-04,4.04E-04,3.41E-04,1.96E-04,3.20E-04
508,-1.00E-05,-1.14E-04,-1.12E-04,6.15E-05,-4.99E-05,2.24E-04,-1.09E-04,-1.76E-04,-1.51E-05,1.83E-04,1.70E-04,1.93E-04,5.73E-05,2.46E-04,1.25E-05,2.45E-04,4.08E-04,3.40E-04,1.97E-04,3.20E-04
509,-7.64E-06,-1.04E-04,-1.08E-04,6.24E-05,-4.85E-05,2.25E-04,-1.08E-04,-1.79E-04,-1.52E-05,1.81E-04,1.80E-04,1.93E-04,5.20E-05,2.48E-04,8.91E-06,2.47E-04,4.12E-04,3.38E-04,1.98E-04,3.20E-04
510,-5.97E-06,-9.30E-05,-1.05E-04,6.38E-05,-4.75E-05,2.26E-04,-1.08E-04,-1.82E-04,-1.56E-05,1.79E-04,1.95E-04,1.92E-04,4.71E-05,2.50E-04,5.62E-06,2.49E-04,4.16E-04,3.35E-04,1.98E-04,3.19E-04
511,-4.74E-06,-8.03E-05,-1.01E-04,6.58E-05,-4.71E-05,2.27E-04,-1.09E-04,-1.86E-04,-1.60E-05,1.77E-04,2.15E-04,1.92E-04,4.31E-05,2.52E-04,2.69E-06,2.50E-04,4.21E-04,3.31E-04,1.99E-04,3.19E-04
512,-3.63E-06,-6.70E-05,-9.73E-05,6.82E-05,-4.72E-05,2.29E-04,-1.09E-04,-1.89E-04,-1.63E-05,1.76E-04,2.40E-04,1.92E-04,4.03E-05,2.55E-04,1.60E-07,2.50E-04,4.26E-04,3.27E-04,1.99E-04,3.19E-04
513,-2.25E-06,-5.35E-05,-9.37E-05,7.12E-05,-4.80E-05,2.31E-04,-1.10E-04,-1.91E-04,-1.65E-05,1.74E-04,2.68E-04,1.92E-04,3.92E-05,2.58E-04,-1.97E-06,2.51E-04,4.31E-04,3.23E-04,2.00E-04,3.19E-04
514,-2.27E-07,-4.06E-05,-9.04E-05,7.45E-05,-4.95E-05,2.33E-04,-1.10E-04,-1.93E-04,-1.65E-05,1.73E-04,2.98E-04,1.93E-04,4.00E-05,2.61E-04,-3.72E-06,2.51E-04,4.37E-04,3.19E-04,2.00E-04,3.19E-04
515,2.76E-06,-2.86E-05,-8.75E-05,7.82E-05,-5.18E-05,2.35E-04,-1.11E-04,-1.95E-04,-1.63E-05,1.72E-04,3.29E-04,1.96E-04,4.26E-05,2.64E-04,-5.14E-06,2.51E-04,4.42E-04,3.15E-04,2.00E-04,3.20E-04
516,6.98E-06,-1.82E-05,-8.53E-05,8.21E-05,-5.48E-05,2.37E-04,-1.11E-04,-1.96E-04,-1.59E-05,1.72E-04,3.60E-04,1.99E-04,4.72E-05,2.68E-04,-6.29E-06,2.50E-04,4.47E-04,3.12E-04,2.00E-04,3.20E-04
517,1.26E-05,-9.64E-06,-8.40E-05,8.61E-05,-5.87E-05,2.40E-04,-1.10E-04,-1.96E-04,-1.53E-05,1.72E-04,3.90E-04,2.03E-04,5.34E-05,2.72E-04,-7.27E-06,2.49E-04,4.52E-04,3.10E-04,2.01E-04,3.20E-04
518,1.96E-05,-3.21E-06,-8.36E-05,9.01E-05,-6.34E-05,2.42E-04,-1.09E-04,-1.96E-04,-1.46E-05,1.72E-04,4.18E-04,2.08E-04,6.10E-05,2.76E-04,-8.16E-06,2.49E-04,4.56E-04,3.08E-04,2.01E-04,3.20E-04
519,2.81E-05,9.65E-07,-8.43E-05,9.41E-05,-6.90E-05,2.45E-04,-1.08E-04,-1.96E-04,-1.37E-05,1.71E-04,4.43E-04,2.14E-04,6.96E-05,2.81E-04,-9.10E-06,2.47E-04,4.60E-04,3.07E-04,2.02E-04,3.19E-04
520,3.77E-05,2.91E-06,-8.63E-05,9.79E-05,-7.53E-05,2.47E-04,-1.06E-04,-1.96E-04,-1.28E-05,1.71E-04,4.66E-04,2.21E-04,7.87E-05,2.85E-04,-1.02E-05,2.46E-04,4.64E-04,3.06E-04,2.02E-04,3.19E-04
521,4.81E-05,2.78E-06,-8.94E-05,1.02E-04,-8.24E-05,2.48E-04,-1.04E-04,-1.96E-04,-1.20E-05,1.70E-04,4.85E-04,2.29E-04,8.78E-05,2.89E-04,-1.15E-05,2.44E-04,4.66E-04,3.06E-04,2.03E-04,3.17E-04
522,5.91E-05,8.29E-07,-9.37E-05,1.05E-04,-9.00E-05,2.49E-04,-1.01E-04,-1.97E-04,-1.13E-05,1.68E-04,5.01E-04,2.36E-04,9.63E-05,2.92E-04,-1.32E-05,2.41E-04,4.69E-04,3.07E-04,2.03E-04,3.15E-04
523,7.00E-05,-2.58E-06,-9.92E-05,1.08E-04,-9.82E-05,2.49E-04,-9.70E-05,-1.99E-04,-1.09E-05,1.65E-04,5.14E-04,2.45E-04,1.04E-04,2.96E-04,-1.54E-05,2.38E-04,4.70E-04,3.08E-04,2.03E-04,3.12E-04
524,8.06E-05,-7.04E-06,-1.06E-04,1.11E-04,-1.07E-04,2.48E-04,-9.30E-05,-2.01E-04,-1.08E-05,1.62E-04,5.23E-04,2.53E-04,1.10E-04,2.98E-04,-1.81E-05,2.35E-04,4.71E-04,3.09E-04,2.04E-04,3.08E-04
525,9.02E-05,-1.21E-05,-1.13E-04,1.14E-04,-1.15E-04,2.47E-04,-8.87E-05,-2.05E-04,-1.12E-05,1.57E-04,5.29E-04,2.61E-04,1.14E-04,3.00E-04,-2.13E-05,2.30E-04,4.72E-04,3.10E-04,2.04E-04,3.03E-04
526,9.86E-05,-1.73E-05,-1.21E-04,1.17E-04,-1.24E-04,2.44E-04,-8.43E-05,-2.10E-04,-1.20E-05,1.51E-04,5.33E-04,2.68E-04,1.16E-04,3.02E-04,-2.52E-05,2.25E-04,4.73E-04,3.11E-04,2.04E-04,2.98E-04
527,1.05E-04,-2.22E-05,-1.29E-04,1.19E-04,-1.32E-04,2.41E-04,-7.99E-05,-2.17E-04,-1.33E-05,1.44E-04,5.35E-04,2.75E-04,1.16E-04,3.03E-04,-2.96E-05,2.19E-04,4.73E-04,3.12E-04,2.03E-04,2.91E-04
528,1.10E-04,-2.65E-05,-1.38E-04,1.22E-04,-1.39E-04,2.36E-04,-7.58E-05,-2.24E-04,-1.52E-05,1.35E-04,5.34E-04,2.82E-04,1.13E-04,3.03E-04,-3.46E-05,2.12E-04,4.73E-04,3.11E-04,2.02E-04,2.84E-04
529,1.13E-04,-2.99E-05,-1.46E-04,1.24E-04,-1.46E-04,2.31E-04,-7.21E-05,-2.33E-04,-1.76E-05,1.26E-04,5.32E-04,2.88E-04,1.08E-04,3.02E-04,-4.02E-05,2.04E-04,4.73E-04,3.10E-04,2.01E-04,2.76E-04
530,1.14E-04,-3.21E-05,-1.54E-04,1.27E-04,-1.52E-04,2.25E-04,-6.90E-05,-2.42E-04,-2.05E-05,1.16E-04,5.29E-04,2.93E-04,1.02E-04,3.01E-04,-4.62E-05,1.96E-04,4.73E-04,3.09E-04,1.99E-04,2.68E-04
531,1.13E-04,-3.31E-05,-1.62E-04,1.30E-04,-1.57E-04,2.19E-04,-6.67E-05,-2.52E-04,-2.38E-05,1.04E-04,5.24E-04,2.98E-04,9.28E-05,3.00E-04,-5.27E-05,1.86E-04,4.74E-04,3.06E-04,1.97E-04,2.60E-04
532,1.11E-04,-3.29E-05,-1.70E-04,1.34E-04,-1.60E-04,2.11E-04,-6.54E-05,-2.62E-04,-2.76E-05,9.26E-05,5.18E-04,3.02E-04,8.26E-05,2.98E-04,-5.94E-05,1.76E-04,4.74E-04,3.03E-04,1.95E-04,2.51E-04
533,1.08E-04,-3.16E-05,-1.77E-04,1.37E-04,-1.62E-04,2.04E-04,-6.50E-05,-2.71E-04,-3.17E-05,8.05E-05,5.11E-04,3.05E-04,7.13E-05,2.95E-04,-6.64E-05,1.65E-04,4.75E-04,2.98E-04,1.93E-04,2.42E-04
534,1.04E-04,-2.92E-05,-1.83E-04,1.42E-04,-1.63E-04,1.96E-04,-6.57E-05,-2.80E-04,-3.61E-05,6.84E-05,5.03E-04,3.09E-04,5.92E-05,2.93E-04,-7.36E-05,1.54E-04,4.76E-04,2.93E-04,1.90E-04,2.34E-04
535,1.00E-04,-2.60E-05,-1.89E-04,1.46E-04,-1.62E-04,1.89E-04,-6.73E-05,-2.88E-04,-4.06E-05,5.65E-05,4.93E-04,3.12E-04,4.67E-05,2.90E-04,-8.08E-05,1.42E-04,4.78E-04,2.88E-04,1.87E-04,2.25E-04
536,9.67E-05,-2.22E-05,-1.95E-04,1.51E-04,-1.61E-04,1.81E-04,-6.98E-05,-2.95E-04,-4.51E-05,4.51E-05,4.82E-04,3.15E-04,3.41E-05,2.88E-04,-8.80E-05,1.30E-04,4.79E-04,2.81E-04,1.84E-04,2.17E-04
537,9.40E-05,-1.79E-05,-2.00E-04,1.56E-04,-1.58E-04,1.73E-04,-7.28E-05,-3.00E-04,-4.97E-05,3.43E-05,4.69E-04,3.18E-04,2.18E-05,2.85E-04,-9.52E-05,1.18E-04,4.81E-04,2.75E-04,1.81E-04,2.10E-04
538,9.24E-05,-1.35E-05,-2.05E-04,1.62E-04,-1.55E-04,1.66E-04,-7.62E-05,-3.03E-04,-5.41E-05,2.43E-05,4.55E-04,3.21E-04,1.01E-05,2.82E-04,-1.02E-04,1.06E-04,4.83E-04,2.68E-04,1.78E-04,2.03E-04
539,9.22E-05,-9.00E-06,-2.10E-04,1.67E-04,-1.52E-04,1.59E-04,-7.95E-05,-3.05E-04,-5.84E-05,1.53E-05,4.39E-04,3.24E-04,-9.21E-07,2.79E-04,-1.09E-04,9.39E-05,4.85E-04,2.62E-04,1.75E-04,1.97E-04
540,9.33E-05,-4.61E-06,-2.15E-04,1.73E-04,-1.49E-04,1.52E-04,-8.24E-05,-3.06E-04,-6.24E-05,7.30E-06,4.22E-04,3.28E-04,-1.10E-05,2.75E-04,-1.16E-04,8.24E-05,4.87E-04,2.55E-04,1.72E-04,1.91E-04
541,9.59E-05,-3.61E-07,-2.20E-04,1.79E-04,-1.47E-04,1.46E-04,-8.45E-05,-3.04E-04,-6.62E-05,3.26E-07,4.03E-04,3.33E-04,-2.01E-05,2.72E-04,-1.22E-04,7.13E-05,4.89E-04,2.49E-04,1.69E-04,1.86E-04
542,9.97E-05,3.72E-06,-2.26E-04,1.85E-04,-1.45E-04,1.40E-04,-8.54E-05,-3.02E-04,-6.98E-05,-5.64E-06,3.84E-04,3.38E-04,-2.80E-05,2.68E-04,-1.28E-04,6.08E-05,4.91E-04,2.43E-04,1.67E-04,1.81E-04
543,1.05E-04,7.69E-06,-2.31E-04,1.91E-04,-1.45E-04,1.34E-04,-8.47E-05,-2.99E-04,-7.30E-05,-1.07E-05,3.64E-04,3.43E-04,-3.49E-05,2.64E-04,-1.34E-04,5.08E-05,4.93E-04,2.37E-04,1.64E-04,1.77E-04
544,1.10E-04,1.16E-05,-2.37E-04,1.97E-04,-1.46E-04,1.28E-04,-8.20E-05,-2.95E-04,-7.60E-05,-1.49E-05,3.45E-04,3.49E-04,-4.07E-05,2.59E-04,-1.39E-04,4.15E-05,4.94E-04,2.31E-04,1.61E-04,1.73E-04
545,1.15E-04,1.56E-05,-2.44E-04,2.02E-04,-1.48E-04,1.22E-04,-7.72E-05,-2.91E-04,-7.88E-05,-1.84E-05,3.25E-04,3.56E-04,-4.53E-05,2.54E-04,-1.45E-04,3.28E-05,4.96E-04,2.26E-04,1.59E-04,1.70E-04
546,1.21E-04,1.98E-05,-2.50E-04,2.07E-04,-1.52E-04,1.17E-04,-7.02E-05,-2.87E-04,-8.13E-05,-2.14E-05,3.07E-04,3.62E-04,-4.89E-05,2.48E-04,-1.49E-04,2.48E-05,4.97E-04,2.22E-04,1.56E-04,1.66E-04
547,1.25E-04,2.44E-05,-2.57E-04,2.11E-04,-1.57E-04,1.12E-04,-6.08E-05,-2.84E-04,-8.38E-05,-2.41E-05,2.91E-04,3.69E-04,-5.15E-05,2.41E-04,-1.54E-04,1.74E-05,4.98E-04,2.17E-04,1.53E-04,1.64E-04
548,1.28E-04,2.94E-05,-2.64E-04,2.14E-04,-1.64E-04,1.06E-04,-4.91E-05,-2.81E-04,-8.61E-05,-2.65E-05,2.76E-04,3.76E-04,-5.30E-05,2.34E-04,-1.58E-04,1.07E-05,4.98E-04,2.13E-04,1.50E-04,1.61E-04
549,1.30E-04,3.50E-05,-2.70E-04,2.17E-04,-1.72E-04,1.01E-04,-3.54E-05,-2.79E-04,-8.85E-05,-2.88E-05,2.64E-04,3.82E-04,-5.35E-05,2.26E-04,-1.62E-04,4.40E-06,4.99E-04,2.08E-04,1.47E-04,1.58E-04
550,1.30E-04,4.11E-05,-2.76E-04,2.19E-04,-1.81E-04,9.54E-05,-2.01E-05,-2.77E-04,-9.09E-05,-3.11E-05,2.55E-04,3.88E-04,-5.29E-05,2.17E-04,-1.65E-04,-1.38E-06,4.99E-04,2.04E-04,1.43E-04,1.55E-04
551,1.29E-04,4.78E-05,-2.82E-04,2.20E-04,-1.91E-04,8.98E-05,-3.42E-06,-2.77E-04,-9.35E-05,-3.35E-05,2.48E-04,3.94E-04,-5.13E-05,2.08E-04,-1.67E-04,-6.73E-06,4.98E-04,1.99E-04,1.39E-04,1.52E-04
552,1.25E-04,5.52E-05,-2.87E-04,2.21E-04,-2.01E-04,8.42E-05,1.40E-05,-2.78E-04,-9.63E-05,-3.60E-05,2.44E-04,3.99E-04,-4.87E-05,1.98E-04,-1.70E-04,-1.17E-05,4.97E-04,1.94E-04,1.35E-04,1.49E-04
553,1.21E-04,6.29E-05,-2.92E-04,2.21E-04,-2.11E-04,7.84E-05,3.16E-05,-2.79E-04,-9.93E-05,-3.86E-05,2.43E-04,4.03E-04,-4.51E-05,1.87E-04,-1.72E-04,-1.63E-05,4.96E-04,1.89E-04,1.30E-04,1.47E-04
554,1.15E-04,7.11E-05,-2.96E-04,2.19E-04,-2.20E-04,7.26E-05,4.88E-05,-2.81E-04,-1.03E-04,-4.12E-05,2.43E-04,4.06E-04,-4.05E-05,1.76E-04,-1.73E-04,-2.07E-05,4.94E-04,1.84E-04,1.25E-04,1.43E-04
555,1.08E-04,7.94E-05,-2.99E-04,2.18E-04,-2.28E-04,6.67E-05,6.50E-05,-2.83E-04,-1.06E-04,-4.38E-05,2.45E-04,4.09E-04,-3.49E-05,1.65E-04,-1.74E-04,-2.47E-05,4.91E-04,1.78E-04,1.20E-04,1.40E-04
556,1.00E-04,8.77E-05,-3.01E-04,2.15E-04,-2.35E-04,6.08E-05,7.97E-05,-2.85E-04,-1.10E-04,-4.63E-05,2.48E-04,4.11E-04,-2.85E-05,1.53E-04,-1.75E-04,-2.85E-05,4.88E-04,1.71E-04,1.15E-04,1.37E-04
557,9.26E-05,9.60E-05,-3.03E-04,2.12E-04,-2.41E-04,5.50E-05,9.25E-05,-2.87E-04,-1.14E-04,-4.86E-05,2.52E-04,4.13E-04,-2.13E-05,1.41E-04,-1.75E-04,-3.19E-05,4.84E-04,1.64E-04,1.09E-04,1.34E-04
558,8.55E-05,1.04E-04,-3.04E-04,2.09E-04,-2.46E-04,4.93E-05,1.03E-04,-2.88E-04,-1.19E-04,-5.04E-05,2.55E-04,4.13E-04,-1.36E-05,1.29E-04,-1.75E-04,-3.49E-05,4.80E-04,1.56E-04,1.03E-04,1.31E-04
559,7.91E-05,1.12E-04,-3.04E-04,2.06E-04,-2.49E-04,4.38E-05,1.11E-04,-2.89E-04,-1.24E-04,-5.18E-05,2.57E-04,4.14E-04,-5.36E-06,1.17E-04,-1.75E-04,-3.76E-05,4.74E-04,1.48E-04,9.76E-05,1.29E-04
560,7.38E-05,1.19E-04,-3.05E-04,2.03E-04,-2.50E-04,3.85E-05,1.16E-04,-2.89E-04,-1.28E-04,-5.24E-05,2.58E-04,4.14E-04,3.13E-06,1.05E-04,-1.75E-04,-3.98E-05,4.69E-04,1.40E-04,9.19E-05,1.26E-04
561,6.97E-05,1.25E-04,-3.05E-04,2.00E-04,-2.51E-04,3.35E-05,1.19E-04,-2.87E-04,-1.33E-04,-5.23E-05,2.57E-04,4.14E-04,1.17E-05,9.35E-05,-1.75E-04,-4.15E-05,4.62E-04,1.31E-04,8.63E-05,1.24E-04
562,6.70E-05,1.31E-04,-3.05E-04,1.97E-04,-2.50E-04,2.89E-05,1.20E-04,-2.85E-04,-1.38E-04,-5.13E-05,2.55E-04,4.14E-04,2.02E-05,8.25E-05,-1.74E-04,-4.27E-05,4.55E-04,1.22E-04,8.09E-05,1.22E-04
563,6.55E-05,1.37E-04,-3.04E-04,1.95E-04,-2.49E-04,2.47E-05,1.18E-04,-2.82E-04,-1.43E-04,-4.94E-05,2.51E-04,4.14E-04,2.84E-05,7.19E-05,-1.74E-04,-4.32E-05,4.48E-04,1.13E-04,7.58E-05,1.20E-04
564,6.53E-05,1.42E-04,-3.04E-04,1.93E-04,-2.47E-04,2.10E-05,1.14E-04,-2.78E-04,-1.47E-04,-4.66E-05,2.45E-04,4.14E-04,3.62E-05,6.21E-05,-1.74E-04,-4.30E-05,4.40E-04,1.04E-04,7.10E-05,1.19E-04
565,6.60E-05,1.47E-04,-3.04E-04,1.92E-04,-2.46E-04,1.79E-05,1.10E-04,-2.74E-04,-1.51E-04,-4.28E-05,2.39E-04,4.14E-04,4.35E-05,5.29E-05,-1.73E-04,-4.22E-05,4.32E-04,9.47E-05,6.65E-05,1.18E-04
566,6.74E-05,1.52E-04,-3.03E-04,1.91E-04,-2.44E-04,1.54E-05,1.05E-04,-2.69E-04,-1.54E-04,-3.81E-05,2.32E-04,4.14E-04,5.02E-05,4.45E-05,-1.73E-04,-4.06E-05,4.24E-04,8.58E-05,6.24E-05,1.17E-04
567,6.92E-05,1.57E-04,-3.02E-04,1.91E-04,-2.44E-04,1.36E-05,9.91E-05,-2.65E-04,-1.57E-04,-3.26E-05,2.24E-04,4.15E-04,5.62E-05,3.70E-05,-1.73E-04,-3.84E-05,4.16E-04,7.74E-05,5.86E-05,1.18E-04
568,7.10E-05,1.63E-04,-3.01E-04,1.92E-04,-2.44E-04,1.25E-05,9.41E-05,-2.60E-04,-1.59E-04,-2.63E-05,2.18E-04,4.16E-04,6.16E-05,3.05E-05,-1.73E-04,-3.55E-05,4.08E-04,6.95E-05,5.52E-05,1.18E-04
569,7.26E-05,1.69E-04,-2.99E-04,1.93E-04,-2.45E-04,1.22E-05,9.00E-05,-2.56E-04,-1.61E-04,-1.94E-05,2.14E-04,4.16E-04,6.64E-05,2.49E-05,-1.73E-04,-3.20E-05,4.00E-04,6.23E-05,5.21E-05,1.19E-04
570,7.38E-05,1.76E-04,-2.96E-04,1.94E-04,-2.48E-04,1.26E-05,8.72E-05,-2.52E-04,-1.61E-04,-1.21E-05,2.11E-04,4.17E-04,7.08E-05,2.02E-05,-1.73E-04,-2.80E-05,3.92E-04,5.58E-05,4.93E-05,1.21E-04
571,7.43E-05,1.84E-04,-2.92E-04,1.96E-04,-2.51E-04,1.39E-05,8.61E-05,-2.48E-04,-1.61E-04,-4.46E-06,2.12E-04,4.17E-04,7.47E-05,1.66E-05,-1.73E-04,-2.35E-05,3.85E-04,5.02E-05,4.67E-05,1.23E-04
572,7.41E-05,1.92E-04,-2.86E-04,1.97E-04,-2.56E-04,1.60E-05,8.68E-05,-2.46E-04,-1.59E-04,3.35E-06,2.16E-04,4.18E-04,7.85E-05,1.39E-05,-1.72E-04,-1.88E-05,3.78E-04,4.55E-05,4.43E-05,1.25E-04
573,7.32E-05,2.02E-04,-2.80E-04,1.99E-04,-2.61E-04,1.89E-05,8.96E-05,-2.44E-04,-1.58E-04,1.12E-05,2.24E-04,4.18E-04,8.21E-05,1.21E-05,-1.72E-04,-1.39E-05,3.72E-04,4.18E-05,4.21E-05,1.28E-04
574,7.17E-05,2.12E-04,-2.71E-04,2.00E-04,-2.67E-04,2.25E-05,9.44E-05,-2.42E-04,-1.55E-04,1.88E-05,2.35E-04,4.17E-04,8.58E-05,1.13E-05,-1.71E-04,-8.90E-06,3.66E-04,3.92E-05,3.99E-05,1.30E-04
575,6.98E-05,2.23E-04,-2.62E-04,2.01E-04,-2.73E-04,2.68E-05,1.01E-04,-2.42E-04,-1.51E-04,2.62E-05,2.50E-04,4.17E-04,8.97E-05,1.12E-05,-1.70E-04,-3.98E-06,3.60E-04,3.74E-05,3.78E-05,1.33E-04
576,6.77E-05,2.35E-04,-2.50E-04,2.01E-04,-2.79E-04,3.16E-05,1.09E-04,-2.41E-04,-1.48E-04,3.31E-05,2.67E-04,4.16E-04,9.38E-05,1.18E-05,-1.69E-04,7.62E-07,3.55E-04,3.67E-05,3.56E-05,1.35E-04
577,6.57E-05,2.47E-04,-2.38E-04,2.01E-04,-2.84E-04,3.69E-05,1.19E-04,-2.41E-04,-1.43E-04,3.96E-05,2.87E-04,4.14E-04,9.82E-05,1.31E-05,-1.67E-04,5.20E-06,3.51E-04,3.68E-05,3.34E-05,1.38E-04
578,6.40E-05,2.60E-04,-2.24E-04,2.00E-04,-2.89E-04,4.25E-05,1.30E-04,-2.41E-04,-1.39E-04,4.53E-05,3.08E-04,4.13E-04,1.03E-04,1.48E-05,-1.65E-04,9.25E-06,3.46E-04,3.77E-05,3.11E-05,1.40E-04
579,6.29E-05,2.72E-04,-2.10E-04,1.98E-04,-2.93E-04,4.84E-05,1.41E-04,-2.41E-04,-1.34E-04,5.04E-05,3.28E-04,4.11E-04,1.08E-04,1.70E-05,-1.64E-04,1.28E-05,3.42E-04,3.91E-05,2.86E-05,1.41E-04
580,6.26E-05,2.85E-04,-1.95E-04,1.96E-04,-2.96E-04,5.44E-05,1.52E-04,-2.40E-04,-1.30E-04,5.48E-05,3.48E-04,4.09E-04,1.14E-04,1.95E-05,-1.62E-04,1.59E-05,3.38E-04,4.11E-05,2.60E-05,1.42E-04
581,6.31E-05,2.96E-04,-1.80E-04,1.94E-04,-2.97E-04,6.03E-05,1.64E-04,-2.39E-04,-1.25E-04,5.84E-05,3.66E-04,4.08E-04,1.19E-04,2.22E-05,-1.60E-04,1.84E-05,3.34E-04,4.33E-05,2.31E-05,1.42E-04
582,6.44E-05,3.07E-04,-1.66E-04,1.91E-04,-2.98E-04,6.60E-05,1.75E-04,-2.38E-04,-1.21E-04,6.11E-05,3.81E-04,4.06E-04,1.25E-04,2.51E-05,-1.58E-04,2.04E-05,3.30E-04,4.57E-05,2.00E-05,1.41E-04
583,6.63E-05,3.17E-04,-1.53E-04,1.88E-04,-2.97E-04,7.14E-05,1.85E-04,-2.37E-04,-1.17E-04,6.30E-05,3.93E-04,4.06E-04,1.30E-04,2.79E-05,-1.57E-04,2.18E-05,3.26E-04,4.80E-05,1.67E-05,1.40E-04
584,6.88E-05,3.26E-04,-1.41E-04,1.85E-04,-2.96E-04,7.65E-05,1.94E-04,-2.35E-04,-1.14E-04,6.41E-05,4.00E-04,4.05E-04,1.35E-04,3.08E-05,-1.56E-04,2.27E-05,3.22E-04,5.00E-05,1.31E-05,1.37E-04
585,7.14E-05,3.33E-04,-1.31E-04,1.83E-04,-2.94E-04,8.10E-05,2.02E-04,-2.33E-04,-1.11E-04,6.45E-05,4.02E-04,4.06E-04,1.40E-04,3.36E-05,-1.55E-04,2.32E-05,3.18E-04,5.17E-05,9.30E-06,1.34E-04
586,7.38E-05,3.38E-04,-1.23E-04,1.81E-04,-2.91E-04,8.51E-05,2.10E-04,-2.31E-04,-1.09E-04,6.40E-05,4.00E-04,4.07E-04,1.44E-04,3.63E-05,-1.55E-04,2.34E-05,3.14E-04,5.28E-05,5.21E-06,1.30E-04
587,7.55E-05,3.42E-04,-1.17E-04,1.80E-04,-2.88E-04,8.87E-05,2.16E-04,-2.29E-04,-1.07E-04,6.29E-05,3.93E-04,4.09E-04,1.48E-04,3.89E-05,-1.55E-04,2.32E-05,3.10E-04,5.32E-05,8.79E-07,1.25E-04
588,7.61E-05,3.44E-04,-1.14E-04,1.80E-04,-2.85E-04,9.18E-05,2.21E-04,-2.28E-04,-1.05E-04,6.11E-05,3.82E-04,4.11E-04,1.51E-04,4.14E-05,-1.55E-04,2.28E-05,3.06E-04,5.29E-05,-3.68E-06,1.20E-04
589,7.53E-05,3.45E-04,-1.12E-04,1.81E-04,-2.83E-04,9.44E-05,2.25E-04,-2.27E-04,-1.04E-04,5.88E-05,3.69E-04,4.15E-04,1.52E-04,4.39E-05,-1.57E-04,2.22E-05,3.01E-04,5.18E-05,-8.43E-06,1.14E-04
590,7.26E-05,3.45E-04,-1.13E-04,1.83E-04,-2.82E-04,9.66E-05,2.28E-04,-2.26E-04,-1.04E-04,5.59E-05,3.53E-04,4.19E-04,1.54E-04,4.63E-05,-1.58E-04,2.16E-05,2.97E-04,4.99E-05,-1.33E-05,1.07E-04
591,6.78E-05,3.43E-04,-1.16E-04,1.86E-04,-2.82E-04,9.85E-05,2.31E-04,-2.27E-04,-1.03E-04,5.25E-05,3.36E-04,4.23E-04,1.54E-04,4.87E-05,-1.60E-04,2.10E-05,2.94E-04,4.73E-05,-1.84E-05,1.00E-04
592,6.08E-05,3.40E-04,-1.21E-04,1.90E-04,-2.83E-04,1.00E-04,2.33E-04,-2.28E-04,-1.03E-04,4.87E-05,3.19E-04,4.28E-04,1.53E-04,5.12E-05,-1.62E-04,2.03E-05,2.90E-04,4.40E-05,-2.34E-05,9.31E-05
593,5.17E-05,3.37E-04,-1.26E-04,1.94E-04,-2.85E-04,1.02E-04,2.35E-04,-2.31E-04,-1.03E-04,4.45E-05,3.03E-04,4.32E-04,1.52E-04,5.37E-05,-1.65E-04,1.96E-05,2.86E-04,4.01E-05,-2.85E-05,8.58E-05
594,4.06E-05,3.33E-04,-1.33E-04,2.00E-04,-2.88E-04,1.03E-04,2.37E-04,-2.34E-04,-1.03E-04,4.00E-05,2.89E-04,4.37E-04,1.50E-04,5.62E-05,-1.68E-04,1.89E-05,2.83E-04,3.58E-05,-3.36E-05,7.85E-05
595,2.77E-05,3.29E-04,-1.40E-04,2.06E-04,-2.92E-04,1.05E-04,2.39E-04,-2.38E-04,-1.02E-04,3.52E-05,2.77E-04,4.41E-04,1.47E-04,5.88E-05,-1.71E-04,1.82E-05,2.80E-04,3.12E-05,-3.85E-05,7.13E-05
596,1.35E-05,3.25E-04,-1.47E-04,2.12E-04,-2.97E-04,1.06E-04,2.41E-04,-2.43E-04,-1.02E-04,3.01E-05,2.68E-04,4.44E-04,1.44E-04,6.13E-05,-1.74E-04,1.73E-05,2.77E-04,2.65E-05,-4.32E-05,6.42E-05
597,-1.37E-06,3.21E-04,-1.53E-04,2.17E-04,-3.04E-04,1.08E-04,2.43E-04,-2.48E-04,-1.02E-04,2.47E-05,2.62E-04,4.46E-04,1.40E-04,6.38E-05,-1.78E-04,1.62E-05,2.74E-04,2.17E-05,-4.77E-05,5.73E-05
598,-1.65E-05,3.18E-04,-1.59E-04,2.23E-04,-3.10E-04,1.10E-04,2.45E-04,-2.54E-04,-1.01E-04,1.90E-05,2.58E-04,4.48E-04,1.36E-04,6.61E-05,-1.82E-04,1.49E-05,2.72E-04,1.71E-05,-5.19E-05,5.05E-05
599,-3.12E-05,3.15E-04,-1.64E-04,2.28E-04,-3.17E-04,1.11E-04,2.47E-04,-2.61E-04,-1.00E-04,1.29E-05,2.57E-04,4.48E-04,1.32E-04,6.82E-05,-1.86E-04,1.30E-05,2.69E-04,1.27E-05,-5.57E-05,4.39E-05
600,-4.49E-05,3.14E-04,-1.67E-04,2.32E-04,-3.24E-04,1.13E-04,2.49E-04,-2.67E-04,-9.91E-05,6.48E-06,2.57E-04,4.47E-04,1.27E-04,6.99E-05,-1.90E-04,1.07E-05,2.67E-04,8.62E-06,-5.93E-05,3.74E-05
601,-5.71E-05,3.13E-04,-1.70E-04,2.34E-04,-3.31E-04,1.15E-04,2.51E-04,-2.74E-04,-9.83E-05,-4.09E-07,2.58E-04,4.44E-04,1.21E-04,7.13E-05,-1.95E-04,7.64E-06,2.64E-04,4.94E-06,-6.24E-05,3.09E-05
602,-6.75E-05,3.13E-04,-1.72E-04,2.36E-04,-3.38E-04,1.16E-04,2.51E-04,-2.80E-04,-9.76E-05,-7.81E-06,2.58E-04,4.40E-04,1.15E-04,7.20E-05,-2.01E-04,3.83E-06,2.62E-04,1.65E-06,-6.53E-05,2.43E-05
603,-7.57E-05,3.14E-04,-1.73E-04,2.36E-04,-3.44E-04,1.17E-04,2.52E-04,-2.87E-04,-9.71E-05,-1.58E-05,2.56E-04,4.35E-04,1.08E-04,7.21E-05,-2.07E-04,-8.69E-07,2.59E-04,-1.28E-06,-6.78E-05,1.76E-05
604,-8.16E-05,3.15E-04,-1.74E-04,2.35E-04,-3.49E-04,1.18E-04,2.51E-04,-2.93E-04,-9.70E-05,-2.44E-05,2.50E-04,4.28E-04,1.01E-04,7.14E-05,-2.13E-04,-6.52E-06,2.56E-04,-3.90E-06,-7.01E-05,1.05E-05
605,-8.53E-05,3.17E-04,-1.74E-04,2.33E-04,-3.53E-04,1.18E-04,2.49E-04,-2.99E-04,-9.74E-05,-3.37E-05,2.41E-04,4.20E-04,9.23E-05,7.00E-05,-2.21E-04,-1.32E-05,2.53E-04,-6.32E-06,-7.22E-05,3.21E-06
606,-8.70E-05,3.19E-04,-1.75E-04,2.30E-04,-3.57E-04,1.17E-04,2.47E-04,-3.05E-04,-9.83E-05,-4.37E-05,2.27E-04,4.11E-04,8.30E-05,6.76E-05,-2.29E-04,-2.09E-05,2.50E-04,-8.65E-06,-7.42E-05,-4.53E-06
607,-8.70E-05,3.20E-04,-1.77E-04,2.26E-04,-3.60E-04,1.15E-04,2.43E-04,-3.11E-04,-9.99E-05,-5.44E-05,2.08E-04,4.00E-04,7.27E-05,6.44E-05,-2.38E-04,-2.96E-05,2.46E-04,-1.10E-05,-7.61E-05,-1.27E-05
608,-8.57E-05,3.21E-04,-1.80E-04,2.21E-04,-3.63E-04,1.12E-04,2.37E-04,-3.17E-04,-1.02E-04,-6.58E-05,1.83E-04,3.89E-04,6.13E-05,6.03E-05,-2.48E-04,-3.92E-05,2.42E-04,-1.36E-05,-7.80E-05,-2.13E-05
609,-8.38E-05,3.21E-04,-1.84E-04,2.16E-04,-3.65E-04,1.08E-04,2.30E-04,-3.23E-04,-1.05E-04,-7.78E-05,1.53E-04,3.77E-04,4.88E-05,5.54E-05,-2.59E-04,-4.97E-05,2.38E-04,-1.66E-05,-8.01E-05,-3.02E-05
610,-8.17E-05,3.20E-04,-1.89E-04,2.10E-04,-3.67E-04,1.03E-04,2.22E-04,-3.29E-04,-1.09E-04,-9.02E-05,1.18E-04,3.64E-04,3.52E-05,4.98E-05,-2.70E-04,-6.10E-05,2.33E-04,-2.00E-05,-8.22E-05,-3.95E-05
611,-8.00E-05,3.17E-04,-1.96E-04,2.05E-04,-3.69E-04,9.71E-05,2.13E-04,-3.36E-04,-1.14E-04,-1.03E-04,7.99E-05,3.51E-04,2.07E-05,4.36E-05,-2.82E-04,-7.28E-05,2.27E-04,-2.41E-05,-8.46E-05,-4.89E-05
612,-7.92E-05,3.13E-04,-2.05E-04,2.00E-04,-3.71E-04,9.03E-05,2.03E-04,-3.43E-04,-1.19E-04,-1.16E-04,3.91E-05,3.37E-04,5.25E-06,3.69E-05,-2.95E-04,-8.50E-05,2.22E-04,-2.89E-05,-8.73E-05,-5.84E-05
613,-7.98E-05,3.06E-04,-2.15E-04,1.96E-04,-3.73E-04,8.28E-05,1.92E-04,-3.50E-04,-1.25E-04,-1.28E-04,-2.92E-06,3.23E-04,-1.09E-05,2.99E-05,-3.07E-04,-9.74E-05,2.16E-04,-3.45E-05,-9.02E-05,-6.78E-05
614,-8.20E-05,2.97E-04,-2.26E-04,1.92E-04,-3.75E-04,7.48E-05,1.80E-04,-3.57E-04,-1.31E-04,-1.41E-04,-4.45E-05,3.09E-04,-2.77E-05,2.28E-05,-3.20E-04,-1.10E-04,2.10E-04,-4.08E-05,-9.33E-05,-7.68E-05
615,-8.60E-05,2.87E-04,-2.39E-04,1.89E-04,-3.78E-04,6.64E-05,1.68E-04,-3.65E-04,-1.37E-04,-1.52E-04,-8.41E-05,2.95E-04,-4.47E-05,1.58E-05,-3.32E-04,-1.22E-04,2.03E-04,-4.79E-05,-9.66E-05,-8.53E-05
616,-9.17E-05,2.74E-04,-2.52E-04,1.86E-04,-3.81E-04,5.79E-05,1.56E-04,-3.73E-04,-1.44E-04,-1.63E-04,-1.20E-04,2.81E-04,-6.19E-05,8.92E-06,-3.45E-04,-1.33E-04,1.96E-04,-5.57E-05,-1.00E-04,-9.30E-05
617,-9.90E-05,2.59E-04,-2.65E-04,1.85E-04,-3.84E-04,4.96E-05,1.44E-04,-3.80E-04,-1.50E-04,-1.73E-04,-1.52E-04,2.67E-04,-7.89E-05,2.42E-06,-3.56E-04,-1.44E-04,1.89E-04,-6.40E-05,-1.04E-04,-9.98E-05
618,-1.08E-04,2.43E-04,-2.78E-04,1.83E-04,-3.87E-04,4.17E-05,1.32E-04,-3.88E-04,-1.57E-04,-1.81E-04,-1.77E-04,2.54E-04,-9.55E-05,-3.59E-06,-3.67E-04,-1.54E-04,1.82E-04,-7.27E-05,-1.07E-04,-1.06E-04
619,-1.17E-04,2.26E-04,-2.90E-04,1.82E-04,-3.90E-04,3.44E-05,1.21E-04,-3.95E-04,-1.62E-04,-1.88E-04,-1.97E-04,2.42E-04,-1.11E-04,-9.02E-06,-3.77E-04,-1.62E-04,1.75E-04,-8.17E-05,-1.11E-04,-1.10E-04
620,-1.26E-04,2.08E-04,-3.01E-04,1.82E-04,-3.93E-04,2.79E-05,1.11E-04,-4.01E-04,-1.68E-04,-1.93E-04,-2.09E-04,2.30E-04,-1.26E-04,-1.38E-05,-3.85E-04,-1.70E-04,1.68E-04,-9.06E-05,-1.14E-04,-1.13E-04
621,-1.36E-04,1.89E-04,-3.10E-04,1.81E-04,-3.97E-04,2.23E-05,1.02E-04,-4.06E-04,-1.72E-04,-1.96E-04,-2.15E-04,2.19E-04,-1.40E-04,-1.78E-05,-3.93E-04,-1.76E-04,1.61E-04,-9.94E-05,-1.17E-04,-1.15E-04
622,-1.44E-04,1.70E-04,-3.18E-04,1.81E-04,-3.99E-04,1.78E-05,9.41E-05,-4.10E-04,-1.76E-04,-1.97E-04,-2.14E-04,2.10E-04,-1.53E-04,-2.12E-05,-4.00E-04,-1.80E-04,1.55E-04,-1.08E-04,-1.20E-04,-1.15E-04
623,-1.50E-04,1.51E-04,-3.24E-04,1.80E-04,-4.02E-04,1.44E-05,8.77E-05,-4.13E-04,-1.79E-04,-1.96E-04,-2.08E-04,2.01E-04,-1.64E-04,-2.39E-05,-4.05E-04,-1.84E-04,1.48E-04,-1.16E-04,-1.22E-04,-1.15E-04
624,-1.55E-04,1.32E-04,-3.28E-04,1.79E-04,-4.04E-04,1.21E-05,8.25E-05,-4.14E-04,-1.81E-04,-1.94E-04,-1.98E-04,1.93E-04,-1.74E-04,-2.59E-05,-4.10E-04,-1.85E-04,1.42E-04,-1.23E-04,-1.24E-04,-1.13E-04
625,-1.57E-04,1.15E-04,-3.30E-04,1.77E-04,-4.06E-04,1.08E-05,7.86E-05,-4.14E-04,-1.82E-04,-1.90E-04,-1.85E-04,1.86E-04,-1.83E-04,-2.73E-05,-4.13E-04,-1.86E-04,1.37E-04,-1.29E-04,-1.25E-04,-1.10E-04
626,-1.57E-04,9.84E-05,-3.30E-04,1.74E-04,-4.07E-04,1.05E-05,7.58E-05,-4.13E-04,-1.82E-04,-1.85E-04,-1.71E-04,1.81E-04,-1.90E-04,-2.82E-05,-4.15E-04,-1.85E-04,1.32E-04,-1.34E-04,-1.26E-04,-1.06E-04
627,-1.54E-04,8.31E-05,-3.29E-04,1.71E-04,-4.07E-04,1.09E-05,7.39E-05,-4.11E-04,-1.82E-04,-1.79E-04,-1.57E-04,1.76E-04,-1.96E-04,-2.87E-05,-4.17E-04,-1.83E-04,1.28E-04,-1.38E-04,-1.27E-04,-1.01E-04
628,-1.49E-04,6.92E-05,-3.27E-04,1.67E-04,-4.07E-04,1.20E-05,7.26E-05,-4.07E-04,-1.81E-04,-1.72E-04,-1.44E-04,1.73E-04,-2.00E-04,-2.89E-05,-4.18E-04,-1.80E-04,1.24E-04,-1.42E-04,-1.27E-04,-9.58E-05
629,-1.41E-04,5.67E-05,-3.25E-04,1.62E-04,-4.07E-04,1.35E-05,7.18E-05,-4.02E-04,-1.80E-04,-1.64E-04,-1.34E-04,1.71E-04,-2.04E-04,-2.88E-05,-4.19E-04,-1.77E-04,1.21E-04,-1.44E-04,-1.27E-04,-9.04E-05
630,-1.32E-04,4.54E-05,-3.22E-04,1.56E-04,-4.06E-04,1.53E-05,7.11E-05,-3.97E-04,-1.78E-04,-1.57E-04,-1.27E-04,1.70E-04,-2.07E-04,-2.86E-05,-4.19E-04,-1.72E-04,1.19E-04,-1.46E-04,-1.27E-04,-8.49E-05
631,-1.20E-04,3.55E-05,-3.18E-04,1.50E-04,-4.05E-04,1.70E-05,7.02E-05,-3.91E-04,-1.77E-04,-1.49E-04,-1.25E-04,1.70E-04,-2.10E-04,-2.82E-05,-4.19E-04,-1.68E-04,1.17E-04,-1.47E-04,-1.26E-04,-7.95E-05
632,-1.09E-04,2.67E-05,-3.15E-04,1.44E-04,-4.03E-04,1.86E-05,6.88E-05,-3.85E-04,-1.75E-04,-1.42E-04,-1.27E-04,1.71E-04,-2.13E-04,-2.77E-05,-4.19E-04,-1.62E-04,1.16E-04,-1.48E-04,-1.25E-04,-7.43E-05
633,-9.65E-05,1.90E-05,-3.13E-04,1.38E-04,-4.01E-04,1.99E-05,6.68E-05,-3.79E-04,-1.73E-04,-1.35E-04,-1.34E-04,1.72E-04,-2.16E-04,-2.71E-05,-4.19E-04,-1.57E-04,1.16E-04,-1.48E-04,-1.25E-04,-6.94E-05
634,-8.47E-05,1.23E-05,-3.11E-04,1.31E-04,-3.99E-04,2.08E-05,6.39E-05,-3.73E-04,-1.72E-04,-1.29E-04,-1.46E-04,1.74E-04,-2.18E-04,-2.63E-05,-4.18E-04,-1.52E-04,1.16E-04,-1.48E-04,-1.24E-04,-6.48E-05
635,-7.39E-05,6.34E-06,-3.09E-04,1.25E-04,-3.97E-04,2.12E-05,6.01E-05,-3.67E-04,-1.71E-04,-1.23E-04,-1.60E-04,1.76E-04,-2.22E-04,-2.54E-05,-4.18E-04,-1.46E-04,1.17E-04,-1.49E-04,-1.24E-04,-6.07E-05
636,-6.46E-05,1.20E-06,-3.08E-04,1.18E-04,-3.94E-04,2.10E-05,5.52E-05,-3.61E-04,-1.70E-04,-1.18E-04,-1.78E-04,1.78E-04,-2.26E-04,-2.43E-05,-4.17E-04,-1.40E-04,1.19E-04,-1.50E-04,-1.24E-04,-5.69E-05
637,-5.70E-05,-3.20E-06,-3.08E-04,1.12E-04,-3.92E-04,2.04E-05,4.95E-05,-3.56E-04,-1.69E-04,-1.13E-04,-1.96E-04,1.80E-04,-2.31E-04,-2.29E-05,-4.16E-04,-1.35E-04,1.21E-04,-1.51E-04,-1.24E-04,-5.34E-05
638,-5.14E-05,-6.86E-06,-3.07E-04,1.06E-04,-3.89E-04,1.92E-05,4.29E-05,-3.51E-04,-1.68E-04,-1.09E-04,-2.15E-04,1.82E-04,-2.36E-04,-2.12E-05,-4.14E-04,-1.29E-04,1.23E-04,-1.53E-04,-1.24E-04,-5.00E-05
639,-4.81E-05,-9.74E-06,-3.07E-04,1.01E-04,-3.86E-04,1.76E-05,3.58E-05,-3.46E-04,-1.68E-04,-1.05E-04,-2.33E-04,1.84E-04,-2.42E-04,-1.90E-05,-4.13E-04,-1.24E-04,1.25E-04,-1.56E-04,-1.24E-04,-4.68E-05
640,-4.68E-05,-1.18E-05,-3.06E-04,9.57E-05,-3.83E-04,1.58E-05,2.83E-05,-3.42E-04,-1.68E-04,-1.01E-04,-2.48E-04,1.86E-04,-2.48E-04,-1.64E-05,-4.11E-04,-1.19E-04,1.28E-04,-1.59E-04,-1.24E-04,-4.35E-05
641,-4.76E-05,-1.29E-05,-3.04E-04,9.07E-05,-3.80E-04,1.38E-05,2.09E-05,-3.37E-04,-1.67E-04,-9.63E-05,-2.59E-04,1.87E-04,-2.55E-04,-1.34E-05,-4.09E-04,-1.13E-04,1.31E-04,-1.63E-04,-1.24E-04,-4.00E-05
642,-5.02E-05,-1.30E-05,-3.01E-04,8.59E-05,-3.77E-04,1.18E-05,1.38E-05,-3.33E-04,-1.67E-04,-9.15E-05,-2.67E-04,1.87E-04,-2.62E-04,-9.77E-06,-4.06E-04,-1.08E-04,1.33E-04,-1.67E-04,-1.25E-04,-3.63E-05
643,-5.42E-05,-1.21E-05,-2.97E-04,8.11E-05,-3.73E-04,9.96E-06,7.45E-06,-3.28E-04,-1.66E-04,-8.61E-05,-2.70E-04,1.87E-04,-2.68E-04,-5.71E-06,-4.03E-04,-1.02E-04,1.36E-04,-1.72E-04,-1.25E-04,-3.22E-05
644,-5.93E-05,-1.00E-05,-2.92E-04,7.62E-05,-3.70E-04,8.30E-06,2.07E-06,-3.23E-04,-1.65E-04,-8.00E-05,-2.68E-04,1.86E-04,-2.74E-04,-1.20E-06,-4.00E-04,-9.67E-05,1.38E-04,-1.77E-04,-1.25E-04,-2.78E-05
645,-6.52E-05,-6.90E-06,-2.86E-04,7.11E-05,-3.67E-04,6.94E-06,-2.05E-06,-3.18E-04,-1.63E-04,-7.31E-05,-2.61E-04,1.84E-04,-2.79E-04,3.68E-06,-3.97E-04,-9.12E-05,1.40E-04,-1.83E-04,-1.25E-04,-2.30E-05
646,-7.13E-05,-2.75E-06,-2.79E-04,6.57E-05,-3.64E-04,5.93E-06,-4.73E-06,-3.12E-04,-1.61E-04,-6.54E-05,-2.50E-04,1.82E-04,-2.83E-04,8.80E-06,-3.94E-04,-8.59E-05,1.42E-04,-1.88E-04,-1.24E-04,-1.79E-05
647,-7.75E-05,2.30E-06,-2.71E-04,5.97E-05,-3.62E-04,5.29E-06,-5.88E-06,-3.06E-04,-1.58E-04,-5.71E-05,-2.35E-04,1.79E-04,-2.85E-04,1.41E-05,-3.90E-04,-8.07E-05,1.43E-04,-1.94E-04,-1.24E-04,-1.25E-05
648,-8.33E-05,8.04E-06,-2.63E-04,5.32E-05,-3.60E-04,4.98E-06,-5.53E-06,-2.99E-04,-1.54E-04,-4.83E-05,-2.18E-04,1.75E-04,-2.86E-04,1.93E-05,-3.87E-04,-7.58E-05,1.44E-04,-1.99E-04,-1.23E-04,-7.01E-06
649,-8.87E-05,1.42E-05,-2.54E-04,4.61E-05,-3.58E-04,4.93E-06,-3.81E-06,-2.91E-04,-1.51E-04,-3.91E-05,-1.98E-04,1.70E-04,-2.86E-04,2.43E-05,-3.84E-04,-7.14E-05,1.45E-04,-2.03E-04,-1.23E-04,-1.53E-06
650,-9.35E-05,2.05E-05,-2.46E-04,3.83E-05,-3.58E-04,5.04E-06,-9.69E-07,-2.84E-04,-1.46E-04,-2.99E-05,-1.78E-04,1.64E-04,-2.84E-04,2.89E-05,-3.82E-04,-6.76E-05,1.45E-04,-2.07E-04,-1.22E-04,3.75E-06
651,-9.77E-05,2.64E-05,-2.38E-04,2.99E-05,-3.58E-04,5.17E-06,2.66E-06,-2.76E-04,-1.42E-04,-2.10E-05,-1.59E-04,1.58E-04,-2.80E-04,3.30E-05,-3.80E-04,-6.46E-05,1.45E-04,-2.11E-04,-1.22E-04,8.62E-06
652,-1.01E-04,3.18E-05,-2.32E-04,2.08E-05,-3.59E-04,5.15E-06,6.67E-06,-2.68E-04,-1.37E-04,-1.27E-05,-1.41E-04,1.51E-04,-2.74E-04,3.64E-05,-3.79E-04,-6.25E-05,1.44E-04,-2.14E-04,-1.21E-04,1.29E-05
653,-1.04E-04,3.61E-05,-2.28E-04,1.11E-05,-3.62E-04,4.83E-06,1.06E-05,-2.61E-04,-1.33E-04,-5.32E-06,-1.25E-04,1.44E-04,-2.68E-04,3.89E-05,-3.78E-04,-6.15E-05,1.43E-04,-2.17E-04,-1.21E-04,1.64E-05
654,-1.07E-04,3.90E-05,-2.25E-04,9.92E-07,-3.65E-04,4.05E-06,1.39E-05,-2.53E-04,-1.29E-04,8.08E-07,-1.13E-04,1.36E-04,-2.60E-04,4.03E-05,-3.78E-04,-6.17E-05,1.41E-04,-2.19E-04,-1.22E-04,1.90E-05
655,-1.10E-04,4.02E-05,-2.25E-04,-9.50E-06,-3.69E-04,2.64E-06,1.61E-05,-2.47E-04,-1.25E-04,5.45E-06,-1.05E-04,1.29E-04,-2.52E-04,4.07E-05,-3.79E-04,-6.32E-05,1.39E-04,-2.21E-04,-1.23E-04,2.04E-05
656,-1.13E-04,3.95E-05,-2.27E-04,-2.02E-05,-3.74E-04,4.96E-07,1.68E-05,-2.41E-04,-1.22E-04,8.42E-06,-9.99E-05,1.21E-04,-2.44E-04,3.99E-05,-3.80E-04,-6.62E-05,1.36E-04,-2.23E-04,-1.24E-04,2.08E-05
657,-1.17E-04,3.66E-05,-2.32E-04,-3.11E-05,-3.80E-04,-2.47E-06,1.57E-05,-2.35E-04,-1.20E-04,9.63E-06,-9.93E-05,1.13E-04,-2.36E-04,3.80E-05,-3.82E-04,-7.05E-05,1.32E-04,-2.25E-04,-1.26E-04,1.99E-05
658,-1.21E-04,3.15E-05,-2.39E-04,-4.19E-05,-3.86E-04,-6.32E-06,1.23E-05,-2.31E-04,-1.18E-04,9.04E-06,-1.02E-04,1.06E-04,-2.29E-04,3.50E-05,-3.85E-04,-7.62E-05,1.28E-04,-2.28E-04,-1.29E-04,1.78E-05
659,-1.25E-04,2.42E-05,-2.48E-04,-5.27E-05,-3.92E-04,-1.10E-05,6.74E-06,-2.28E-04,-1.18E-04,6.75E-06,-1.08E-04,9.92E-05,-2.23E-04,3.09E-05,-3.88E-04,-8.31E-05,1.22E-04,-2.31E-04,-1.33E-04,1.46E-05
660,-1.31E-04,1.50E-05,-2.59E-04,-6.32E-05,-3.98E-04,-1.65E-05,-1.14E-06,-2.26E-04,-1.19E-04,2.92E-06,-1.17E-04,9.28E-05,-2.18E-04,2.59E-05,-3.91E-04,-9.13E-05,1.16E-04,-2.34E-04,-1.37E-04,1.04E-05
661,-1.38E-04,3.87E-06,-2.72E-04,-7.34E-05,-4.04E-04,-2.28E-05,-1.12E-05,-2.24E-04,-1.20E-04,-2.17E-06,-1.28E-04,8.71E-05,-2.15E-04,2.00E-05,-3.95E-04,-1.00E-04,1.10E-04,-2.38E-04,-1.41E-04,5.32E-06
662,-1.46E-04,-8.72E-06,-2.85E-04,-8.34E-05,-4.10E-04,-2.96E-05,-2.31E-05,-2.24E-04,-1.22E-04,-8.22E-06,-1.40E-04,8.21E-05,-2.13E-04,1.36E-05,-3.98E-04,-1.10E-04,1.03E-04,-2.43E-04,-1.46E-04,-4.47E-07
663,-1.55E-04,-2.25E-05,-2.99E-04,-9.30E-05,-4.16E-04,-3.68E-05,-3.65E-05,-2.25E-04,-1.25E-04,-1.48E-05,-1.52E-04,7.79E-05,-2.14E-04,6.63E-06,-4.01E-04,-1.21E-04,9.50E-05,-2.49E-04,-1.51E-04,-6.69E-06
664,-1.65E-04,-3.69E-05,-3.13E-04,-1.02E-04,-4.20E-04,-4.42E-05,-5.10E-05,-2.26E-04,-1.28E-04,-2.16E-05,-1.64E-04,7.44E-05,-2.15E-04,-6.04E-07,-4.04E-04,-1.31E-04,8.68E-05,-2.56E-04,-1.57E-04,-1.32E-05
665,-1.77E-04,-5.18E-05,-3.26E-04,-1.11E-04,-4.24E-04,-5.15E-05,-6.59E-05,-2.28E-04,-1.32E-04,-2.81E-05,-1.74E-04,7.16E-05,-2.19E-04,-7.96E-06,-4.07E-04,-1.42E-04,7.81E-05,-2.64E-04,-1.62E-04,-1.97E-05
666,-1.90E-04,-6.66E-05,-3.38E-04,-1.20E-04,-4.27E-04,-5.86E-05,-8.07E-05,-2.31E-04,-1.36E-04,-3.40E-05,-1.83E-04,6.93E-05,-2.24E-04,-1.53E-05,-4.09E-04,-1.52E-04,6.90E-05,-2.72E-04,-1.68E-04,-2.61E-05
667,-2.04E-04,-8.10E-05,-3.48E-04,-1.29E-04,-4.30E-04,-6.53E-05,-9.49E-05,-2.34E-04,-1.40E-04,-3.90E-05,-1.91E-04,6.75E-05,-2.30E-04,-2.25E-05,-4.12E-04,-1.63E-04,5.97E-05,-2.81E-04,-1.73E-04,-3.21E-05
668,-2.19E-04,-9.48E-05,-3.57E-04,-1.38E-04,-4.31E-04,-7.13E-05,-1.08E-04,-2.37E-04,-1.43E-04,-4.27E-05,-1.96E-04,6.59E-05,-2.36E-04,-2.94E-05,-4.13E-04,-1.72E-04,5.02E-05,-2.90E-04,-1.78E-04,-3.77E-05
669,-2.35E-04,-1.08E-04,-3.64E-04,-1.47E-04,-4.32E-04,-7.66E-05,-1.19E-04,-2.41E-04,-1.46E-04,-4.50E-05,-2.00E-04,6.44E-05,-2.44E-04,-3.61E-05,-4.15E-04,-1.81E-04,4.07E-05,-2.99E-04,-1.83E-04,-4.27E-05
670,-2.52E-04,-1.20E-04,-3.68E-04,-1.56E-04,-4.33E-04,-8.11E-05,-1.29E-04,-2.44E-04,-1.49E-04,-4.58E-05,-2.01E-04,6.27E-05,-2.51E-04,-4.24E-05,-4.17E-04,-1.89E-04,3.12E-05,-3.09E-04,-1.87E-04,-4.71E-05
671,-2.71E-04,-1.31E-04,-3.71E-04,-1.65E-04,-4.34E-04,-8.46E-05,-1.36E-04,-2.47E-04,-1.51E-04,-4.52E-05,-2.02E-04,6.05E-05,-2.57E-04,-4.85E-05,-4.19E-04,-1.96E-04,2.17E-05,-3.19E-04,-1.91E-04,-5.09E-05
672,-2.91E-04,-1.41E-04,-3.72E-04,-1.75E-04,-4.34E-04,-8.74E-05,-1.41E-04,-2.51E-04,-1.52E-04,-4.32E-05,-2.02E-04,5.76E-05,-2.64E-04,-5.44E-05,-4.20E-04,-2.03E-04,1.23E-05,-3.28E-04,-1.95E-04,-5.41E-05
673,-3.12E-04,-1.50E-04,-3.72E-04,-1.85E-04,-4.35E-04,-8.93E-05,-1.44E-04,-2.54E-04,-1.53E-04,-4.00E-05,-2.01E-04,5.39E-05,-2.69E-04,-6.01E-05,-4.23E-04,-2.08E-04,2.98E-06,-3.38E-04,-1.99E-04,-5.68E-05
674,-3.33E-04,-1.58E-04,-3.71E-04,-1.95E-04,-4.36E-04,-9.06E-05,-1.45E-04,-2.58E-04,-1.53E-04,-3.60E-05,-2.00E-04,4.91E-05,-2.74E-04,-6.59E-05,-4.25E-04,-2.14E-04,-6.20E-06,-3.46E-04,-2.02E-04,-5.92E-05
675,-3.56E-04,-1.66E-04,-3.68E-04,-2.06E-04,-4.38E-04,-9.13E-05,-1.44E-04,-2.61E-04,-1.53E-04,-3.15E-05,-2.01E-04,4.31E-05,-2.78E-04,-7.18E-05,-4.28E-04,-2.18E-04,-1.53E-05,-3.55E-04,-2.05E-04,-6.13E-05
676,-3.79E-04,-1.74E-04,-3.66E-04,-2.18E-04,-4.40E-04,-9.18E-05,-1.43E-04,-2.65E-04,-1.52E-04,-2.68E-05,-2.02E-04,3.59E-05,-2.81E-04,-7.80E-05,-4.32E-04,-2.23E-04,-2.44E-05,-3.63E-04,-2.09E-04,-6.34E-05
677,-4.03E-04,-1.82E-04,-3.63E-04,-2.30E-04,-4.42E-04,-9.21E-05,-1.40E-04,-2.68E-04,-1.52E-04,-2.24E-05,-2.05E-04,2.74E-05,-2.84E-04,-8.46E-05,-4.36E-04,-2.27E-04,-3.35E-05,-3.71E-04,-2.13E-04,-6.55E-05
678,-4.27E-04,-1.90E-04,-3.61E-04,-2.42E-04,-4.45E-04,-9.24E-05,-1.38E-04,-2.73E-04,-1.51E-04,-1.86E-05,-2.10E-04,1.76E-05,-2.87E-04,-9.18E-05,-4.41E-04,-2.31E-04,-4.28E-05,-3.78E-04,-2.16E-04,-6.79E-05
679,-4.50E-04,-1.99E-04,-3.60E-04,-2.55E-04,-4.48E-04,-9.31E-05,-1.36E-04,-2.77E-04,-1.51E-04,-1.58E-05,-2.17E-04,6.81E-06,-2.89E-04,-9.96E-05,-4.46E-04,-2.36E-04,-5.22E-05,-3.85E-04,-2.21E-04,-7.06E-05
680,-4.73E-04,-2.08E-04,-3.59E-04,-2.67E-04,-4.52E-04,-9.42E-05,-1.36E-04,-2.82E-04,-1.52E-04,-1.41E-05,-2.27E-04,-4.92E-06,-2.92E-04,-1.08E-04,-4.52E-04,-2.40E-04,-6.19E-05,-3.92E-04,-2.25E-04,-7.37E-05
681,-4.95E-04,-2.17E-04,-3.59E-04,-2.80E-04,-4.57E-04,-9.58E-05,-1.36E-04,-2.88E-04,-1.53E-04,-1.38E-05,-2.38E-04,-1.73E-05,-2.95E-04,-1.17E-04,-4.58E-04,-2.45E-04,-7.20E-05,-3.98E-04,-2.30E-04,-7.72E-05
682,-5.16E-04,-2.27E-04,-3.60E-04,-2.92E-04,-4.61E-04,-9.81E-05,-1.39E-04,-2.94E-04,-1.55E-04,-1.49E-05,-2.51E-04,-3.01E-05,-3.00E-04,-1.27E-04,-4.65E-04,-2.51E-04,-8.25E-05,-4.05E-04,-2.36E-04,-8.12E-05
683,-5.34E-04,-2.37E-04,-3.62E-04,-3.04E-04,-4.65E-04,-1.01E-04,-1.43E-04,-3.00E-04,-1.57E-04,-1.74E-05,-2.65E-04,-4.30E-05,-3.05E-04,-1.38E-04,-4.71E-04,-2.56E-04,-9.35E-05,-4.11E-04,-2.42E-04,-8.56E-05
684,-5.51E-04,-2.47E-04,-3.64E-04,-3.16E-04,-4.70E-04,-1.05E-04,-1.49E-04,-3.07E-04,-1.60E-04,-2.12E-05,-2.81E-04,-5.57E-05,-3.11E-04,-1.49E-04,-4.77E-04,-2.62E-04,-1.05E-04,-4.18E-04,-2.48E-04,-9.03E-05
685,-5.65E-04,-2.57E-04,-3.67E-04,-3.26E-04,-4.74E-04,-1.09E-04,-1.58E-04,-3.14E-04,-1.64E-04,-2.59E-05,-2.97E-04,-6.79E-05,-3.19E-04,-1.60E-04,-4.83E-04,-2.68E-04,-1.17E-04,-4.24E-04,-2.54E-04,-9.52E-05
686,-5.77E-04,-2.67E-04,-3.71E-04,-3.36E-04,-4.78E-04,-1.13E-04,-1.67E-04,-3.22E-04,-1.68E-04,-3.14E-05,-3.14E-04,-7.94E-05,-3.27E-04,-1.71E-04,-4.89E-04,-2.73E-04,-1.29E-04,-4.30E-04,-2.61E-04,-1.00E-04
687,-5.86E-04,-2.76E-04,-3.74E-04,-3.44E-04,-4.82E-04,-1.18E-04,-1.78E-04,-3.30E-04,-1.73E-04,-3.71E-05,-3.30E-04,-8.98E-05,-3.37E-04,-1.82E-04,-4.94E-04,-2.79E-04,-1.41E-04,-4.37E-04,-2.68E-04,-1.05E-04
688,-5.92E-04,-2.84E-04,-3.77E-04,-3.52E-04,-4.86E-04,-1.23E-04,-1.90E-04,-3.37E-04,-1.78E-04,-4.27E-05,-3.45E-04,-9.91E-05,-3.47E-04,-1.93E-04,-4.98E-04,-2.83E-04,-1.54E-04,-4.43E-04,-2.74E-04,-1.09E-04
689,-5.97E-04,-2.90E-04,-3.79E-04,-3.58E-04,-4.90E-04,-1.28E-04,-2.02E-04,-3.45E-04,-1.83E-04,-4.78E-05,-3.60E-04,-1.07E-04,-3.57E-04,-2.03E-04,-5.01E-04,-2.87E-04,-1.66E-04,-4.48E-04,-2.81E-04,-1.13E-04
690,-5.99E-04,-2.96E-04,-3.80E-04,-3.63E-04,-4.93E-04,-1.32E-04,-2.14E-04,-3.52E-04,-1.87E-04,-5.19E-05,-3.73E-04,-1.14E-04,-3.67E-04,-2.13E-04,-5.04E-04,-2.91E-04,-1.79E-04,-4.54E-04,-2.87E-04,-1.16E-04
691,-6.00E-04,-3.00E-04,-3.81E-04,-3.67E-04,-4.96E-04,-1.36E-04,-2.25E-04,-3.58E-04,-1.91E-04,-5.47E-05,-3.85E-04,-1.20E-04,-3.77E-04,-2.21E-04,-5.05E-04,-2.93E-04,-1.91E-04,-4.59E-04,-2.92E-04,-1.18E-04
692,-5.99E-04,-3.03E-04,-3.80E-04,-3.69E-04,-5.00E-04,-1.39E-04,-2.35E-04,-3.64E-04,-1.94E-04,-5.60E-05,-3.95E-04,-1.25E-04,-3.86E-04,-2.29E-04,-5.06E-04,-2.94E-04,-2.03E-04,-4.63E-04,-2.97E-04,-1.20E-04
693,-5.98E-04,-3.05E-04,-3.79E-04,-3.70E-04,-5.03E-04,-1.41E-04,-2.43E-04,-3.69E-04,-1.96E-04,-5.54E-05,-4.03E-04,-1.29E-04,-3.93E-04,-2.35E-04,-5.06E-04,-2.93E-04,-2.14E-04,-4.67E-04,-3.02E-04,-1.20E-04
694,-5.97E-04,-3.06E-04,-3.76E-04,-3.70E-04,-5.07E-04,-1.43E-04,-2.50E-04,-3.73E-04,-1.97E-04,-5.30E-05,-4.10E-04,-1.33E-04,-3.99E-04,-2.40E-04,-5.05E-04,-2.92E-04,-2.24E-04,-4.71E-04,-3.06E-04,-1.19E-04
695,-5.96E-04,-3.06E-04,-3.73E-04,-3.69E-04,-5.10E-04,-1.43E-04,-2.55E-04,-3.75E-04,-1.97E-04,-4.87E-05,-4.16E-04,-1.36E-04,-4.03E-04,-2.43E-04,-5.04E-04,-2.89E-04,-2.34E-04,-4.74E-04,-3.09E-04,-1.17E-04
696,-5.95E-04,-3.05E-04,-3.68E-04,-3.68E-04,-5.14E-04,-1.43E-04,-2.57E-04,-3.77E-04,-1.96E-04,-4.26E-05,-4.20E-04,-1.40E-04,-4.06E-04,-2.46E-04,-5.02E-04,-2.85E-04,-2.42E-04,-4.76E-04,-3.12E-04,-1.14E-04
697,-5.96E-04,-3.04E-04,-3.64E-04,-3.65E-04,-5.18E-04,-1.41E-04,-2.58E-04,-3.77E-04,-1.94E-04,-3.50E-05,-4.24E-04,-1.45E-04,-4.07E-04,-2.47E-04,-5.01E-04,-2.81E-04,-2.50E-04,-4.77E-04,-3.14E-04,-1.10E-04
698,-5.98E-04,-3.04E-04,-3.58E-04,-3.63E-04,-5.22E-04,-1.39E-04,-2.58E-04,-3.77E-04,-1.91E-04,-2.61E-05,-4.27E-04,-1.50E-04,-4.06E-04,-2.47E-04,-4.99E-04,-2.75E-04,-2.57E-04,-4.79E-04,-3.16E-04,-1.05E-04
699,-6.01E-04,-3.03E-04,-3.53E-04,-3.60E-04,-5.25E-04,-1.37E-04,-2.56E-04,-3.75E-04,-1.87E-04,-1.63E-05,-4.29E-04,-1.57E-04,-4.04E-04,-2.47E-04,-4.98E-04,-2.69E-04,-2.62E-04,-4.80E-04,-3.18E-04,-1.00E-04
700,-6.05E-04,-3.04E-04,-3.47E-04,-3.57E-04,-5.28E-04,-1.34E-04,-2.53E-04,-3.73E-04,-1.83E-04,-6.05E-06,-4.32E-04,-1.64E-04,-4.01E-04,-2.46E-04,-4.96E-04,-2.63E-04,-2.67E-04,-4.80E-04,-3.20E-04,-9.46E-05
701,-6.10E-04,-3.05E-04,-3.42E-04,-3.54E-04,-5.30E-04,-1.31E-04,-2.50E-04,-3.70E-04,-1.78E-04,4.32E-06,-4.34E-04,-1.74E-04,-3.98E-04,-2.44E-04,-4.96E-04,-2.57E-04,-2.72E-04,-4.81E-04,-3.22E-04,-8.89E-05
702,-6.16E-04,-3.07E-04,-3.38E-04,-3.52E-04,-5.31E-04,-1.28E-04,-2.47E-04,-3.66E-04,-1.73E-04,1.44E-05,-4.36E-04,-1.85E-04,-3.95E-04,-2.42E-04,-4.96E-04,-2.51E-04,-2.76E-04,-4.82E-04,-3.24E-04,-8.32E-05
703,-6.23E-04,-3.09E-04,-3.34E-04,-3.49E-04,-5.31E-04,-1.26E-04,-2.45E-04,-3.62E-04,-1.68E-04,2.37E-05,-4.39E-04,-1.97E-04,-3.93E-04,-2.40E-04,-4.96E-04,-2.45E-04,-2.79E-04,-4.83E-04,-3.26E-04,-7.77E-05
704,-6.29E-04,-3.13E-04,-3.30E-04,-3.48E-04,-5.30E-04,-1.23E-04,-2.44E-04,-3.58E-04,-1.64E-04,3.20E-05,-4.43E-04,-2.10E-04,-3.92E-04,-2.39E-04,-4.97E-04,-2.40E-04,-2.83E-04,-4.85E-04,-3.28E-04,-7.27E-05
705,-6.35E-04,-3.18E-04,-3.27E-04,-3.46E-04,-5.27E-04,-1.22E-04,-2.44E-04,-3.54E-04,-1.60E-04,3.90E-05,-4.47E-04,-2.24E-04,-3.92E-04,-2.37E-04,-4.99E-04,-2.36E-04,-2.86E-04,-4.87E-04,-3.31E-04,-6.82E-05
706,-6.41E-04,-3.23E-04,-3.25E-04,-3.45E-04,-5.23E-04,-1.21E-04,-2.45E-04,-3.50E-04,-1.57E-04,4.46E-05,-4.51E-04,-2.38E-04,-3.93E-04,-2.36E-04,-5.02E-04,-2.32E-04,-2.90E-04,-4.90E-04,-3.34E-04,-6.43E-05
707,-6.45E-04,-3.28E-04,-3.23E-04,-3.45E-04,-5.17E-04,-1.21E-04,-2.48E-04,-3.46E-04,-1.54E-04,4.87E-05,-4.56E-04,-2.52E-04,-3.97E-04,-2.35E-04,-5.04E-04,-2.29E-04,-2.94E-04,-4.93E-04,-3.38E-04,-6.11E-05
708,-6.47E-04,-3.34E-04,-3.22E-04,-3.44E-04,-5.10E-04,-1.21E-04,-2.54E-04,-3.43E-04,-1.53E-04,5.14E-05,-4.61E-04,-2.66E-04,-4.03E-04,-2.35E-04,-5.08E-04,-2.28E-04,-2.99E-04,-4.97E-04,-3.42E-04,-5.86E-05
709,-6.48E-04,-3.40E-04,-3.21E-04,-3.44E-04,-5.01E-04,-1.22E-04,-2.60E-04,-3.41E-04,-1.52E-04,5.28E-05,-4.67E-04,-2.78E-04,-4.10E-04,-2.34E-04,-5.11E-04,-2.26E-04,-3.04E-04,-5.01E-04,-3.46E-04,-5.68E-05
710,-6.46E-04,-3.46E-04,-3.20E-04,-3.43E-04,-4.91E-04,-1.24E-04,-2.69E-04,-3.39E-04,-1.53E-04,5.31E-05,-4.72E-04,-2.88E-04,-4.19E-04,-2.34E-04,-5.15E-04,-2.26E-04,-3.09E-04,-5.05E-04,-3.50E-04,-5.55E-05
711,-6.43E-04,-3.51E-04,-3.18E-04,-3.43E-04,-4.80E-04,-1.26E-04,-2.78E-04,-3.37E-04,-1.53E-04,5.25E-05,-4.78E-04,-2.97E-04,-4.29E-04,-2.34E-04,-5.18E-04,-2.26E-04,-3.16E-04,-5.10E-04,-3.55E-04,-5.47E-05
712,-6.37E-04,-3.56E-04,-3.17E-04,-3.41E-04,-4.69E-04,-1.29E-04,-2.88E-04,-3.36E-04,-1.55E-04,5.15E-05,-4.84E-04,-3.03E-04,-4.40E-04,-2.34E-04,-5.22E-04,-2.26E-04,-3.22E-04,-5.14E-04,-3.60E-04,-5.42E-05
713,-6.30E-04,-3.59E-04,-3.15E-04,-3.39E-04,-4.57E-04,-1.31E-04,-2.99E-04,-3.36E-04,-1.57E-04,5.02E-05,-4.89E-04,-3.06E-04,-4.51E-04,-2.34E-04,-5.25E-04,-2.26E-04,-3.29E-04,-5.19E-04,-3.64E-04,-5.40E-05
714,-6.21E-04,-3.62E-04,-3.12E-04,-3.37E-04,-4.46E-04,-1.33E-04,-3.10E-04,-3.36E-04,-1.59E-04,4.90E-05,-4.94E-04,-3.06E-04,-4.61E-04,-2.33E-04,-5.29E-04,-2.27E-04,-3.36E-04,-5.23E-04,-3.69E-04,-5.37E-05
715,-6.12E-04,-3.64E-04,-3.09E-04,-3.33E-04,-4.35E-04,-1.35E-04,-3.20E-04,-3.37E-04,-1.62E-04,4.82E-05,-4.99E-04,-3.04E-04,-4.71E-04,-2.31E-04,-5.31E-04,-2.27E-04,-3.43E-04,-5.28E-04,-3.74E-04,-5.33E-05
716,-6.01E-04,-3.65E-04,-3.06E-04,-3.29E-04,-4.24E-04,-1.37E-04,-3.30E-04,-3.37E-04,-1.64E-04,4.81E-05,-5.04E-04,-2.98E-04,-4.79E-04,-2.29E-04,-5.34E-04,-2.26E-04,-3.50E-04,-5.31E-04,-3.78E-04,-5.26E-05
717,-5.90E-04,-3.65E-04,-3.01E-04,-3.23E-04,-4.15E-04,-1.38E-04,-3.38E-04,-3.38E-04,-1.66E-04,4.88E-05,-5.08E-04,-2.91E-04,-4.85E-04,-2.27E-04,-5.36E-04,-2.25E-04,-3.56E-04,-5.34E-04,-3.82E-04,-5.15E-05
718,-5.80E-04,-3.65E-04,-2.96E-04,-3.17E-04,-4.08E-04,-1.38E-04,-3.45E-04,-3.38E-04,-1.68E-04,5.05E-05,-5.12E-04,-2.82E-04,-4.89E-04,-2.23E-04,-5.38E-04,-2.24E-04,-3.62E-04,-5.36E-04,-3.85E-04,-5.00E-05
719,-5.69E-04,-3.64E-04,-2.90E-04,-3.10E-04,-4.01E-04,-1.37E-04,-3.50E-04,-3.38E-04,-1.70E-04,5.31E-05,-5.15E-04,-2.71E-04,-4.91E-04,-2.19E-04,-5.40E-04,-2.22E-04,-3.67E-04,-5.38E-04,-3.88E-04,-4.79E-05
720,-5.60E-04,-3.62E-04,-2.84E-04,-3.02E-04,-3.96E-04,-1.36E-04,-3.54E-04,-3.38E-04,-1.71E-04,5.67E-05,-5.18E-04,-2.60E-04,-4.90E-04,-2.13E-04,-5.41E-04,-2.19E-04,-3.71E-04,-5.40E-04,-3.90E-04,-4.52E-05
721,-5.51E-04,-3.59E-04,-2.77E-04,-2.94E-04,-3.93E-04,-1.33E-04,-3.56E-04,-3.37E-04,-1.72E-04,6.12E-05,-5.21E-04,-2.49E-04,-4.87E-04,-2.07E-04,-5.42E-04,-2.16E-04,-3.74E-04,-5.40E-04,-3.92E-04,-4.20E-05
722,-5.43E-04,-3.57E-04,-2.69E-04,-2.86E-04,-3.90E-04,-1.31E-04,-3.57E-04,-3.35E-04,-1.73E-04,6.63E-05,-5.23E-04,-2.39E-04,-4.82E-04,-2.01E-04,-5.43E-04,-2.12E-04,-3.76E-04,-5.41E-04,-3.93E-04,-3.83E-05
723,-5.36E-04,-3.54E-04,-2.61E-04,-2.78E-04,-3.89E-04,-1.27E-04,-3.56E-04,-3.33E-04,-1.73E-04,7.19E-05,-5.24E-04,-2.30E-04,-4.75E-04,-1.94E-04,-5.44E-04,-2.08E-04,-3.78E-04,-5.41E-04,-3.94E-04,-3.42E-05
724,-5.29E-04,-3.51E-04,-2.54E-04,-2.70E-04,-3.88E-04,-1.24E-04,-3.54E-04,-3.30E-04,-1.74E-04,7.78E-05,-5.25E-04,-2.24E-04,-4.68E-04,-1.87E-04,-5.45E-04,-2.04E-04,-3.78E-04,-5.41E-04,-3.94E-04,-2.99E-05
725,-5.24E-04,-3.48E-04,-2.46E-04,-2.63E-04,-3.88E-04,-1.19E-04,-3.52E-04,-3.26E-04,-1.74E-04,8.37E-05,-5.25E-04,-2.20E-04,-4.59E-04,-1.79E-04,-5.45E-04,-2.00E-04,-3.78E-04,-5.41E-04,-3.94E-04,-2.54E-05
726,-5.19E-04,-3.44E-04,-2.38E-04,-2.56E-04,-3.88E-04,-1.15E-04,-3.49E-04,-3.21E-04,-1.74E-04,8.93E-05,-5.24E-04,-2.18E-04,-4.51E-04,-1.72E-04,-5.46E-04,-1.97E-04,-3.78E-04,-5.41E-04,-3.94E-04,-2.10E-05
727,-5.14E-04,-3.40E-04,-2.30E-04,-2.51E-04,-3.88E-04,-1.11E-04,-3.46E-04,-3.16E-04,-1.75E-04,9.46E-05,-5.23E-04,-2.19E-04,-4.43E-04,-1.64E-04,-5.46E-04,-1.94E-04,-3.77E-04,-5.42E-04,-3.94E-04,-1.68E-05
728,-5.09E-04,-3.37E-04,-2.22E-04,-2.46E-04,-3.87E-04,-1.07E-04,-3.43E-04,-3.11E-04,-1.76E-04,9.92E-05,-5.20E-04,-2.23E-04,-4.36E-04,-1.57E-04,-5.46E-04,-1.91E-04,-3.76E-04,-5.42E-04,-3.93E-04,-1.29E-05
729,-5.04E-04,-3.32E-04,-2.15E-04,-2.43E-04,-3.86E-04,-1.04E-04,-3.41E-04,-3.04E-04,-1.77E-04,1.03E-04,-5.16E-04,-2.30E-04,-4.31E-04,-1.51E-04,-5.45E-04,-1.89E-04,-3.76E-04,-5.44E-04,-3.92E-04,-9.47E-06
730,-4.98E-04,-3.28E-04,-2.08E-04,-2.41E-04,-3.83E-04,-1.00E-04,-3.40E-04,-2.98E-04,-1.79E-04,1.06E-04,-5.12E-04,-2.38E-04,-4.28E-04,-1.44E-04,-5.44E-04,-1.88E-04,-3.76E-04,-5.45E-04,-3.91E-04,-6.71E-06
731,-4.92E-04,-3.23E-04,-2.01E-04,-2.40E-04,-3.80E-04,-9.77E-05,-3.39E-04,-2.91E-04,-1.81E-04,1.09E-04,-5.06E-04,-2.48E-04,-4.26E-04,-1.38E-04,-5.43E-04,-1.87E-04,-3.76E-04,-5.47E-04,-3.90E-04,-4.68E-06
732,-4.86E-04,-3.18E-04,-1.94E-04,-2.39E-04,-3.75E-04,-9.54E-05,-3.40E-04,-2.84E-04,-1.83E-04,1.11E-04,-4.99E-04,-2.59E-04,-4.27E-04,-1.33E-04,-5.41E-04,-1.87E-04,-3.77E-04,-5.50E-04,-3.89E-04,-3.47E-06
733,-4.78E-04,-3.12E-04,-1.88E-04,-2.40E-04,-3.70E-04,-9.37E-05,-3.41E-04,-2.77E-04,-1.86E-04,1.12E-04,-4.91E-04,-2.70E-04,-4.29E-04,-1.27E-04,-5.38E-04,-1.87E-04,-3.79E-04,-5.52E-04,-3.88E-04,-3.10E-06
734,-4.70E-04,-3.06E-04,-1.83E-04,-2.41E-04,-3.63E-04,-9.24E-05,-3.43E-04,-2.71E-04,-1.88E-04,1.13E-04,-4.82E-04,-2.80E-04,-4.33E-04,-1.22E-04,-5.34E-04,-1.89E-04,-3.82E-04,-5.55E-04,-3.87E-04,-3.61E-06
735,-4.62E-04,-2.99E-04,-1.77E-04,-2.42E-04,-3.55E-04,-9.16E-05,-3.45E-04,-2.64E-04,-1.91E-04,1.13E-04,-4.73E-04,-2.88E-04,-4.39E-04,-1.18E-04,-5.29E-04,-1.90E-04,-3.85E-04,-5.58E-04,-3.86E-04,-4.96E-06
736,-4.53E-04,-2.92E-04,-1.72E-04,-2.43E-04,-3.47E-04,-9.11E-05,-3.48E-04,-2.58E-04,-1.94E-04,1.14E-04,-4.64E-04,-2.95E-04,-4.46E-04,-1.13E-04,-5.24E-04,-1.92E-04,-3.89E-04,-5.61E-04,-3.86E-04,-7.11E-06
737,-4.44E-04,-2.85E-04,-1.68E-04,-2.44E-04,-3.38E-04,-9.09E-05,-3.51E-04,-2.52E-04,-1.97E-04,1.14E-04,-4.55E-04,-2.99E-04,-4.53E-04,-1.09E-04,-5.17E-04,-1.94E-04,-3.94E-04,-5.64E-04,-3.85E-04,-9.99E-06
738,-4.36E-04,-2.78E-04,-1.63E-04,-2.44E-04,-3.29E-04,-9.09E-05,-3.54E-04,-2.47E-04,-1.99E-04,1.15E-04,-4.46E-04,-2.99E-04,-4.60E-04,-1.04E-04,-5.10E-04,-1.95E-04,-3.99E-04,-5.67E-04,-3.85E-04,-1.35E-05
739,-4.27E-04,-2.70E-04,-1.59E-04,-2.44E-04,-3.20E-04,-9.11E-05,-3.56E-04,-2.42E-04,-2.01E-04,1.16E-04,-4.39E-04,-2.97E-04,-4.67E-04,-9.99E-05,-5.02E-04,-1.97E-04,-4.04E-04,-5.70E-04,-3.84E-04,-1.76E-05
740,-4.18E-04,-2.63E-04,-1.55E-04,-2.43E-04,-3.10E-04,-9.13E-05,-3.58E-04,-2.37E-04,-2.03E-04,1.18E-04,-4.33E-04,-2.92E-04,-4.73E-04,-9.50E-05,-4.93E-04,-1.99E-04,-4.09E-04,-5.72E-04,-3.84E-04,-2.21E-05
741,-4.10E-04,-2.55E-04,-1.52E-04,-2.41E-04,-3.01E-04,-9.16E-05,-3.58E-04,-2.33E-04,-2.04E-04,1.19E-04,-4.30E-04,-2.83E-04,-4.79E-04,-8.99E-05,-4.84E-04,-2.00E-04,-4.14E-04,-5.74E-04,-3.84E-04,-2.69E-05
742,-4.02E-04,-2.48E-04,-1.48E-04,-2.38E-04,-2.92E-04,-9.19E-05,-3.57E-04,-2.29E-04,-2.04E-04,1.22E-04,-4.28E-04,-2.73E-04,-4.83E-04,-8.46E-05,-4.75E-04,-2.00E-04,-4.19E-04,-5.76E-04,-3.83E-04,-3.20E-05
743,-3.95E-04,-2.41E-04,-1.45E-04,-2.34E-04,-2.84E-04,-9.22E-05,-3.55E-04,-2.26E-04,-2.03E-04,1.24E-04,-4.29E-04,-2.61E-04,-4.85E-04,-7.90E-05,-4.66E-04,-2.01E-04,-4.22E-04,-5.78E-04,-3.83E-04,-3.73E-05
744,-3.88E-04,-2.34E-04,-1.42E-04,-2.29E-04,-2.76E-04,-9.26E-05,-3.52E-04,-2.24E-04,-2.02E-04,1.27E-04,-4.32E-04,-2.48E-04,-4.87E-04,-7.32E-05,-4.56E-04,-2.01E-04,-4.25E-04,-5.79E-04,-3.82E-04,-4.27E-05
745,-3.81E-04,-2.28E-04,-1.39E-04,-2.24E-04,-2.68E-04,-9.30E-05,-3.47E-04,-2.21E-04,-2.00E-04,1.30E-04,-4.38E-04,-2.35E-04,-4.87E-04,-6.72E-05,-4.47E-04,-2.00E-04,-4.27E-04,-5.80E-04,-3.81E-04,-4.82E-05
746,-3.75E-04,-2.22E-04,-1.36E-04,-2.19E-04,-2.60E-04,-9.36E-05,-3.42E-04,-2.20E-04,-1.98E-04,1.32E-04,-4.46E-04,-2.22E-04,-4.87E-04,-6.13E-05,-4.38E-04,-2.00E-04,-4.28E-04,-5.82E-04,-3.80E-04,-5.37E-05
747,-3.68E-04,-2.17E-04,-1.33E-04,-2.13E-04,-2.53E-04,-9.45E-05,-3.35E-04,-2.19E-04,-1.95E-04,1.34E-04,-4.56E-04,-2.12E-04,-4.86E-04,-5.54E-05,-4.30E-04,-1.99E-04,-4.27E-04,-5.83E-04,-3.79E-04,-5.94E-05
748,-3.61E-04,-2.12E-04,-1.31E-04,-2.08E-04,-2.46E-04,-9.57E-05,-3.28E-04,-2.18E-04,-1.93E-04,1.35E-04,-4.68E-04,-2.04E-04,-4.85E-04,-4.97E-05,-4.23E-04,-1.99E-04,-4.27E-04,-5.85E-04,-3.78E-04,-6.52E-05
749,-3.54E-04,-2.08E-04,-1.29E-04,-2.03E-04,-2.40E-04,-9.74E-05,-3.20E-04,-2.18E-04,-1.89E-04,1.35E-04,-4.81E-04,-2.00E-04,-4.84E-04,-4.45E-05,-4.17E-04,-1.99E-04,-4.25E-04,-5.87E-04,-3.77E-04,-7.13E-05
750,-3.47E-04,-2.05E-04,-1.27E-04,-2.00E-04,-2.33E-04,-9.97E-05,-3.13E-04,-2.18E-04,-1.86E-04,1.34E-04,-4.94E-04,-1.99E-04,-4.83E-04,-3.97E-05,-4.11E-04,-1.99E-04,-4.23E-04,-5.89E-04,-3.76E-04,-7.76E-05
751,-3.40E-04,-2.03E-04,-1.26E-04,-1.97E-04,-2.27E-04,-1.03E-04,-3.06E-04,-2.19E-04,-1.83E-04,1.31E-04,-5.07E-04,-2.02E-04,-4.84E-04,-3.55E-05,-4.07E-04,-2.00E-04,-4.21E-04,-5.92E-04,-3.75E-04,-8.43E-05
752,-3.33E-04,-2.01E-04,-1.25E-04,-1.95E-04,-2.22E-04,-1.06E-04,-2.99E-04,-2.20E-04,-1.81E-04,1.27E-04,-5.20E-04,-2.10E-04,-4.85E-04,-3.22E-05,-4.03E-04,-2.01E-04,-4.19E-04,-5.95E-04,-3.74E-04,-9.14E-05
753,-3.26E-04,-2.01E-04,-1.24E-04,-1.95E-04,-2.16E-04,-1.11E-04,-2.94E-04,-2.21E-04,-1.78E-04,1.21E-04,-5.30E-04,-2.20E-04,-4.89E-04,-2.96E-05,-4.00E-04,-2.03E-04,-4.17E-04,-5.98E-04,-3.73E-04,-9.91E-05
754,-3.18E-04,-2.03E-04,-1.25E-04,-1.96E-04,-2.12E-04,-1.17E-04,-2.90E-04,-2.23E-04,-1.76E-04,1.14E-04,-5.39E-04,-2.35E-04,-4.93E-04,-2.80E-05,-3.98E-04,-2.06E-04,-4.15E-04,-6.02E-04,-3.72E-04,-1.07E-04
755,-3.11E-04,-2.05E-04,-1.25E-04,-1.98E-04,-2.08E-04,-1.24E-04,-2.87E-04,-2.26E-04,-1.75E-04,1.05E-04,-5.44E-04,-2.51E-04,-4.99E-04,-2.73E-05,-3.97E-04,-2.10E-04,-4.15E-04,-6.05E-04,-3.72E-04,-1.16E-04
756,-3.05E-04,-2.10E-04,-1.27E-04,-2.02E-04,-2.05E-04,-1.31E-04,-2.86E-04,-2.29E-04,-1.74E-04,9.42E-05,-5.46E-04,-2.70E-04,-5.07E-04,-2.76E-05,-3.96E-04,-2.15E-04,-4.16E-04,-6.09E-04,-3.72E-04,-1.26E-04
757,-2.99E-04,-2.16E-04,-1.29E-04,-2.06E-04,-2.03E-04,-1.40E-04,-2.87E-04,-2.32E-04,-1.74E-04,8.22E-05,-5.45E-04,-2.89E-04,-5.16E-04,-2.89E-05,-3.95E-04,-2.21E-04,-4.17E-04,-6.13E-04,-3.72E-04,-1.36E-04
758,-2.94E-04,-2.23E-04,-1.32E-04,-2.12E-04,-2.02E-04,-1.50E-04,-2.89E-04,-2.36E-04,-1.75E-04,6.91E-05,-5.40E-04,-3.09E-04,-5.26E-04,-3.10E-05,-3.95E-04,-2.27E-04,-4.20E-04,-6.16E-04,-3.73E-04,-1.47E-04
759,-2.89E-04,-2.32E-04,-1.36E-04,-2.18E-04,-2.03E-04,-1.60E-04,-2.93E-04,-2.40E-04,-1.76E-04,5.51E-05,-5.31E-04,-3.27E-04,-5.36E-04,-3.40E-05,-3.95E-04,-2.34E-04,-4.25E-04,-6.20E-04,-3.74E-04,-1.58E-04
760,-2.86E-04,-2.43E-04,-1.41E-04,-2.25E-04,-2.04E-04,-1.72E-04,-2.98E-04,-2.45E-04,-1.77E-04,4.03E-05,-5.20E-04,-3.44E-04,-5.47E-04,-3.77E-05,-3.95E-04,-2.42E-04,-4.30E-04,-6.23E-04,-3.75E-04,-1.70E-04
761,-2.84E-04,-2.55E-04,-1.46E-04,-2.31E-04,-2.07E-04,-1.84E-04,-3.04E-04,-2.51E-04,-1.79E-04,2.52E-05,-5.06E-04,-3.58E-04,-5.57E-04,-4.21E-05,-3.95E-04,-2.50E-04,-4.37E-04,-6.26E-04,-3.77E-04,-1.81E-04
762,-2.83E-04,-2.69E-04,-1.52E-04,-2.38E-04,-2.12E-04,-1.97E-04,-3.11E-04,-2.57E-04,-1.82E-04,1.00E-05,-4.90E-04,-3.70E-04,-5.67E-04,-4.70E-05,-3.95E-04,-2.58E-04,-4.45E-04,-6.28E-04,-3.79E-04,-1.93E-04
763,-2.83E-04,-2.83E-04,-1.58E-04,-2.44E-04,-2.17E-04,-2.10E-04,-3.19E-04,-2.64E-04,-1.85E-04,-5.07E-06,-4.73E-04,-3.78E-04,-5.77E-04,-5.24E-05,-3.95E-04,-2.66E-04,-4.54E-04,-6.30E-04,-3.82E-04,-2.05E-04
764,-2.84E-04,-2.98E-04,-1.65E-04,-2.50E-04,-2.23E-04,-2.23E-04,-3.28E-04,-2.72E-04,-1.88E-04,-1.98E-05,-4.56E-04,-3.83E-04,-5.85E-04,-5.81E-05,-3.95E-04,-2.75E-04,-4.63E-04,-6.31E-04,-3.84E-04,-2.17E-04
765,-2.85E-04,-3.13E-04,-1.73E-04,-2.55E-04,-2.30E-04,-2.36E-04,-3.37E-04,-2.80E-04,-1.91E-04,-3.38E-05,-4.40E-04,-3.86E-04,-5.92E-04,-6.40E-05,-3.94E-04,-2.83E-04,-4.73E-04,-6.32E-04,-3.87E-04,-2.28E-04
766,-2.87E-04,-3.27E-04,-1.81E-04,-2.59E-04,-2.37E-04,-2.48E-04,-3.45E-04,-2.90E-04,-1.94E-04,-4.71E-05,-4.25E-04,-3.85E-04,-5.98E-04,-7.02E-05,-3.93E-04,-2.90E-04,-4.83E-04,-6.32E-04,-3.90E-04,-2.38E-04
767,-2.89E-04,-3.42E-04,-1.90E-04,-2.63E-04,-2.44E-04,-2.61E-04,-3.54E-04,-3.00E-04,-1.96E-04,-5.95E-05,-4.13E-04,-3.82E-04,-6.02E-04,-7.64E-05,-3.93E-04,-2.98E-04,-4.93E-04,-6.33E-04,-3.93E-04,-2.47E-04
768,-2.91E-04,-3.55E-04,-1.99E-04,-2.66E-04,-2.51E-04,-2.72E-04,-3.62E-04,-3.10E-04,-1.99E-04,-7.07E-05,-4.04E-04,-3.79E-04,-6.05E-04,-8.28E-05,-3.92E-04,-3.04E-04,-5.03E-04,-6.33E-04,-3.96E-04,-2.55E-04
769,-2.93E-04,-3.67E-04,-2.08E-04,-2.68E-04,-2.58E-04,-2.83E-04,-3.71E-04,-3.22E-04,-2.02E-04,-8.08E-05,-3.99E-04,-3.74E-04,-6.07E-04,-8.93E-05,-3.91E-04,-3.11E-04,-5.12E-04,-6.32E-04,-3.98E-04,-2.63E-04
770,-2.95E-04,-3.78E-04,-2.17E-04,-2.70E-04,-2.64E-04,-2.93E-04,-3.78E-04,-3.33E-04,-2.05E-04,-8.98E-05,-3.97E-04,-3.70E-04,-6.08E-04,-9.60E-05,-3.91E-04,-3.16E-04,-5.21E-04,-6.32E-04,-4.01E-04,-2.68E-04
771,-2.97E-04,-3.87E-04,-2.27E-04,-2.72E-04,-2.69E-04,-3.02E-04,-3.86E-04,-3.46E-04,-2.07E-04,-9.76E-05,-4.00E-04,-3.66E-04,-6.08E-04,-1.03E-04,-3.90E-04,-3.22E-04,-5.29E-04,-6.31E-04,-4.03E-04,-2.73E-04
772,-2.98E-04,-3.94E-04,-2.37E-04,-2.73E-04,-2.73E-04,-3.11E-04,-3.93E-04,-3.59E-04,-2.09E-04,-1.04E-04,-4.06E-04,-3.65E-04,-6.08E-04,-1.10E-04,-3.90E-04,-3.26E-04,-5.37E-04,-6.31E-04,-4.05E-04,-2.76E-04
773,-2.98E-04,-4.00E-04,-2.48E-04,-2.75E-04,-2.76E-04,-3.18E-04,-4.00E-04,-3.72E-04,-2.11E-04,-1.10E-04,-4.15E-04,-3.65E-04,-6.07E-04,-1.17E-04,-3.90E-04,-3.31E-04,-5.44E-04,-6.30E-04,-4.06E-04,-2.78E-04
774,-2.99E-04,-4.04E-04,-2.59E-04,-2.77E-04,-2.78E-04,-3.24E-04,-4.06E-04,-3.85E-04,-2.13E-04,-1.15E-04,-4.27E-04,-3.68E-04,-6.05E-04,-1.25E-04,-3.91E-04,-3.34E-04,-5.51E-04,-6.30E-04,-4.07E-04,-2.79E-04
775,-3.00E-04,-4.07E-04,-2.71E-04,-2.79E-04,-2.79E-04,-3.30E-04,-4.13E-04,-3.99E-04,-2.15E-04,-1.18E-04,-4.41E-04,-3.74E-04,-6.04E-04,-1.33E-04,-3.92E-04,-3.38E-04,-5.57E-04,-6.30E-04,-4.08E-04,-2.78E-04
776,-3.01E-04,-4.09E-04,-2.83E-04,-2.82E-04,-2.80E-04,-3.35E-04,-4.20E-04,-4.12E-04,-2.17E-04,-1.22E-04,-4.56E-04,-3.82E-04,-6.03E-04,-1.41E-04,-3.93E-04,-3.41E-04,-5.62E-04,-6.30E-04,-4.09E-04,-2.77E-04
777,-3.02E-04,-4.11E-04,-2.96E-04,-2.85E-04,-2.80E-04,-3.39E-04,-4.27E-04,-4.25E-04,-2.19E-04,-1.24E-04,-4.70E-04,-3.93E-04,-6.02E-04,-1.50E-04,-3.95E-04,-3.44E-04,-5.67E-04,-6.30E-04,-4.09E-04,-2.75E-04
778,-3.04E-04,-4.13E-04,-3.09E-04,-2.90E-04,-2.81E-04,-3.43E-04,-4.35E-04,-4.37E-04,-2.21E-04,-1.27E-04,-4.84E-04,-4.06E-04,-6.02E-04,-1.59E-04,-3.97E-04,-3.47E-04,-5.72E-04,-6.30E-04,-4.10E-04,-2.72E-04
779,-3.07E-04,-4.15E-04,-3.24E-04,-2.95E-04,-2.81E-04,-3.46E-04,-4.43E-04,-4.49E-04,-2.23E-04,-1.29E-04,-4.96E-04,-4.20E-04,-6.01E-04,-1.69E-04,-4.00E-04,-3.50E-04,-5.76E-04,-6.31E-04,-4.10E-04,-2.69E-04
780,-3.11E-04,-4.18E-04,-3.39E-04,-3.00E-04,-2.82E-04,-3.50E-04,-4.51E-04,-4.61E-04,-2.25E-04,-1.30E-04,-5.05E-04,-4.35E-04,-6.01E-04,-1.80E-04,-4.03E-04,-3.53E-04,-5.81E-04,-6.31E-04,-4.10E-04,-2.66E-04
781,-3.15E-04,-4.23E-04,-3.54E-04,-3.06E-04,-2.84E-04,-3.54E-04,-4.60E-04,-4.72E-04,-2.28E-04,-1.32E-04,-5.11E-04,-4.51E-04,-6.00E-04,-1.91E-04,-4.06E-04,-3.57E-04,-5.85E-04,-6.31E-04,-4.11E-04,-2.62E-04
782,-3.21E-04,-4.30E-04,-3.71E-04,-3.13E-04,-2.86E-04,-3.57E-04,-4.69E-04,-4.82E-04,-2.31E-04,-1.34E-04,-5.13E-04,-4.66E-04,-6.00E-04,-2.03E-04,-4.09E-04,-3.60E-04,-5.89E-04,-6.32E-04,-4.11E-04,-2.59E-04
783,-3.28E-04,-4.38E-04,-3.87E-04,-3.20E-04,-2.90E-04,-3.61E-04,-4.78E-04,-4.92E-04,-2.33E-04,-1.36E-04,-5.11E-04,-4.79E-04,-5.99E-04,-2.14E-04,-4.12E-04,-3.63E-04,-5.93E-04,-6.32E-04,-4.12E-04,-2.55E-04
784,-3.35E-04,-4.49E-04,-4.04E-04,-3.27E-04,-2.94E-04,-3.66E-04,-4.88E-04,-5.01E-04,-2.37E-04,-1.38E-04,-5.05E-04,-4.92E-04,-5.99E-04,-2.26E-04,-4.15E-04,-3.66E-04,-5.97E-04,-6.32E-04,-4.13E-04,-2.52E-04
785,-3.42E-04,-4.62E-04,-4.21E-04,-3.34E-04,-2.99E-04,-3.70E-04,-4.97E-04,-5.10E-04,-2.40E-04,-1.40E-04,-4.96E-04,-5.02E-04,-5.98E-04,-2.39E-04,-4.19E-04,-3.69E-04,-6.00E-04,-6.32E-04,-4.14E-04,-2.49E-04
786,-3.50E-04,-4.76E-04,-4.38E-04,-3.40E-04,-3.04E-04,-3.75E-04,-5.06E-04,-5.18E-04,-2.43E-04,-1.42E-04,-4.83E-04,-5.10E-04,-5.97E-04,-2.51E-04,-4.22E-04,-3.72E-04,-6.04E-04,-6.32E-04,-4.15E-04,-2.46E-04
787,-3.57E-04,-4.93E-04,-4.55E-04,-3.47E-04,-3.10E-04,-3.80E-04,-5.16E-04,-5.25E-04,-2.47E-04,-1.44E-04,-4.68E-04,-5.16E-04,-5.95E-04,-2.63E-04,-4.24E-04,-3.75E-04,-6.07E-04,-6.32E-04,-4.16E-04,-2.43E-04
788,-3.64E-04,-5.11E-04,-4.71E-04,-3.53E-04,-3.15E-04,-3.84E-04,-5.25E-04,-5.32E-04,-2.50E-04,-1.46E-04,-4.52E-04,-5.19E-04,-5.93E-04,-2.74E-04,-4.27E-04,-3.78E-04,-6.10E-04,-6.32E-04,-4.18E-04,-2.41E-04
789,-3.69E-04,-5.29E-04,-4.85E-04,-3.58E-04,-3.20E-04,-3.88E-04,-5.33E-04,-5.39E-04,-2.53E-04,-1.47E-04,-4.35E-04,-5.21E-04,-5.91E-04,-2.85E-04,-4.29E-04,-3.80E-04,-6.13E-04,-6.31E-04,-4.19E-04,-2.38E-04
790,-3.74E-04,-5.48E-04,-4.99E-04,-3.62E-04,-3.25E-04,-3.92E-04,-5.41E-04,-5.45E-04,-2.56E-04,-1.48E-04,-4.18E-04,-5.20E-04,-5.88E-04,-2.95E-04,-4.31E-04,-3.82E-04,-6.15E-04,-6.31E-04,-4.21E-04,-2.35E-04
791,-3.77E-04,-5.67E-04,-5.11E-04,-3.65E-04,-3.28E-04,-3.95E-04,-5.48E-04,-5.51E-04,-2.58E-04,-1.48E-04,-4.04E-04,-5.19E-04,-5.85E-04,-3.05E-04,-4.32E-04,-3.84E-04,-6.16E-04,-6.30E-04,-4.22E-04,-2.31E-04
792,-3.79E-04,-5.85E-04,-5.22E-04,-3.68E-04,-3.29E-04,-3.96E-04,-5.55E-04,-5.56E-04,-2.60E-04,-1.48E-04,-3.91E-04,-5.16E-04,-5.82E-04,-3.13E-04,-4.32E-04,-3.84E-04,-6.17E-04,-6.29E-04,-4.23E-04,-2.27E-04
793,-3.80E-04,-6.02E-04,-5.31E-04,-3.69E-04,-3.29E-04,-3.97E-04,-5.61E-04,-5.61E-04,-2.61E-04,-1.46E-04,-3.82E-04,-5.13E-04,-5.78E-04,-3.20E-04,-4.32E-04,-3.84E-04,-6.17E-04,-6.27E-04,-4.24E-04,-2.23E-04
794,-3.79E-04,-6.16E-04,-5.38E-04,-3.69E-04,-3.26E-04,-3.96E-04,-5.67E-04,-5.65E-04,-2.61E-04,-1.43E-04,-3.77E-04,-5.10E-04,-5.75E-04,-3.26E-04,-4.31E-04,-3.83E-04,-6.17E-04,-6.26E-04,-4.25E-04,-2.17E-04
795,-3.76E-04,-6.29E-04,-5.43E-04,-3.69E-04,-3.22E-04,-3.93E-04,-5.72E-04,-5.68E-04,-2.61E-04,-1.39E-04,-3.76E-04,-5.07E-04,-5.71E-04,-3.31E-04,-4.29E-04,-3.82E-04,-6.16E-04,-6.24E-04,-4.25E-04,-2.11E-04
796,-3.73E-04,-6.39E-04,-5.46E-04,-3.67E-04,-3.16E-04,-3.88E-04,-5.76E-04,-5.70E-04,-2.59E-04,-1.33E-04,-3.78E-04,-5.04E-04,-5.67E-04,-3.34E-04,-4.27E-04,-3.79E-04,-6.15E-04,-6.21E-04,-4.24E-04,-2.04E-04
797,-3.70E-04,-6.47E-04,-5.47E-04,-3.64E-04,-3.07E-04,-3.82E-04,-5.80E-04,-5.72E-04,-2.57E-04,-1.26E-04,-3.85E-04,-5.02E-04,-5.62E-04,-3.36E-04,-4.24E-04,-3.76E-04,-6.12E-04,-6.18E-04,-4.23E-04,-1.95E-04
798,-3.65E-04,-6.51E-04,-5.46E-04,-3.61E-04,-2.97E-04,-3.74E-04,-5.83E-04,-5.71E-04,-2.53E-04,-1.18E-04,-3.95E-04,-5.00E-04,-5.58E-04,-3.37E-04,-4.20E-04,-3.71E-04,-6.10E-04,-6.15E-04,-4.21E-04,-1.86E-04
799,-3.61E-04,-6.54E-04,-5.44E-04,-3.56E-04,-2.86E-04,-3.65E-04,-5.85E-04,-5.70E-04,-2.48E-04,-1.08E-04,-4.07E-04,-4.98E-04,-5.52E-04,-3.36E-04,-4.15E-04,-3.66E-04,-6.07E-04,-6.11E-04,-4.19E-04,-1.76E-04
800,-3.58E-04,-6.53E-04,-5.40E-04,-3.51E-04,-2.73E-04,-3.54E-04,-5.87E-04,-5.67E-04,-2.43E-04,-9.70E-05,-4.22E-04,-4.97E-04,-5.46E-04,-3.34E-04,-4.10E-04,-3.60E-04,-6.03E-04,-6.06E-04,-4.16E-04,-1.65E-04
801,-3.54E-04,-6.51E-04,-5.34E-04,-3.45E-04,-2.60E-04,-3.41E-04,-5.88E-04,-5.62E-04,-2.36E-04,-8.53E-05,-4.37E-04,-4.95E-04,-5.39E-04,-3.31E-04,-4.04E-04,-3.53E-04,-6.00E-04,-6.01E-04,-4.12E-04,-1.53E-04
802,-3.52E-04,-6.46E-04,-5.27E-04,-3.39E-04,-2.47E-04,-3.28E-04,-5.89E-04,-5.56E-04,-2.28E-04,-7.29E-05,-4.52E-04,-4.93E-04,-5.32E-04,-3.27E-04,-3.97E-04,-3.45E-04,-5.96E-04,-5.95E-04,-4.08E-04,-1.41E-04
803,-3.50E-04,-6.41E-04,-5.19E-04,-3.32E-04,-2.34E-04,-3.14E-04,-5.89E-04,-5.48E-04,-2.20E-04,-6.01E-05,-4.65E-04,-4.90E-04,-5.23E-04,-3.22E-04,-3.90E-04,-3.36E-04,-5.92E-04,-5.89E-04,-4.04E-04,-1.29E-04
804,-3.49E-04,-6.34E-04,-5.11E-04,-3.24E-04,-2.21E-04,-3.00E-04,-5.89E-04,-5.39E-04,-2.11E-04,-4.72E-05,-4.77E-04,-4.86E-04,-5.14E-04,-3.16E-04,-3.82E-04,-3.27E-04,-5.88E-04,-5.83E-04,-3.99E-04,-1.16E-04
805,-3.49E-04,-6.26E-04,-5.01E-04,-3.16E-04,-2.08E-04,-2.86E-04,-5.88E-04,-5.28E-04,-2.02E-04,-3.46E-05,-4.85E-04,-4.81E-04,-5.03E-04,-3.10E-04,-3.74E-04,-3.17E-04,-5.84E-04,-5.76E-04,-3.93E-04,-1.03E-04
806,-3.49E-04,-6.19E-04,-4.91E-04,-3.08E-04,-1.97E-04,-2.72E-04,-5.86E-04,-5.15E-04,-1.92E-04,-2.26E-05,-4.89E-04,-4.75E-04,-4.92E-04,-3.04E-04,-3.66E-04,-3.07E-04,-5.80E-04,-5.69E-04,-3.88E-04,-9.05E-05
807,-3.49E-04,-6.11E-04,-4.81E-04,-3.00E-04,-1.86E-04,-2.59E-04,-5.84E-04,-5.02E-04,-1.83E-04,-1.14E-05,-4.89E-04,-4.67E-04,-4.79E-04,-2.97E-04,-3.57E-04,-2.96E-04,-5.76E-04,-5.62E-04,-3.82E-04,-7.84E-05
808,-3.49E-04,-6.03E-04,-4.70E-04,-2.91E-04,-1.77E-04,-2.47E-04,-5.81E-04,-4.88E-04,-1.73E-04,-1.24E-06,-4.84E-04,-4.58E-04,-4.66E-04,-2.91E-04,-3.48E-04,-2.86E-04,-5.72E-04,-5.55E-04,-3.77E-04,-6.68E-05
809,-3.48E-04,-5.96E-04,-4.59E-04,-2.82E-04,-1.68E-04,-2.35E-04,-5.77E-04,-4.73E-04,-1.63E-04,7.63E-06,-4.76E-04,-4.48E-04,-4.52E-04,-2.84E-04,-3.40E-04,-2.75E-04,-5.69E-04,-5.49E-04,-3.71E-04,-5.60E-05
810,-3.47E-04,-5.90E-04,-4.48E-04,-2.74E-04,-1.59E-04,-2.25E-04,-5.72E-04,-4.58E-04,-1.54E-04,1.51E-05,-4.63E-04,-4.37E-04,-4.38E-04,-2.78E-04,-3.31E-04,-2.64E-04,-5.65E-04,-5.42E-04,-3.66E-04,-4.60E-05
811,-3.44E-04,-5.84E-04,-4.37E-04,-2.65E-04,-1.51E-04,-2.16E-04,-5.67E-04,-4.44E-04,-1.45E-04,2.11E-05,-4.48E-04,-4.26E-04,-4.24E-04,-2.72E-04,-3.23E-04,-2.54E-04,-5.63E-04,-5.36E-04,-3.61E-04,-3.69E-05
812,-3.40E-04,-5.78E-04,-4.26E-04,-2.56E-04,-1.43E-04,-2.08E-04,-5.60E-04,-4.29E-04,-1.37E-04,2.57E-05,-4.30E-04,-4.16E-04,-4.10E-04,-2.67E-04,-3.15E-04,-2.43E-04,-5.60E-04,-5.30E-04,-3.56E-04,-2.89E-05
813,-3.34E-04,-5.72E-04,-4.15E-04,-2.48E-04,-1.35E-04,-2.01E-04,-5.53E-04,-4.15E-04,-1.30E-04,2.89E-05,-4.11E-04,-4.05E-04,-3.97E-04,-2.61E-04,-3.06E-04,-2.33E-04,-5.58E-04,-5.25E-04,-3.51E-04,-2.18E-05
814,-3.26E-04,-5.67E-04,-4.04E-04,-2.40E-04,-1.26E-04,-1.95E-04,-5.46E-04,-4.02E-04,-1.23E-04,3.08E-05,-3.92E-04,-3.96E-04,-3.84E-04,-2.56E-04,-2.98E-04,-2.23E-04,-5.56E-04,-5.19E-04,-3.46E-04,-1.57E-05
815,-3.17E-04,-5.61E-04,-3.92E-04,-2.32E-04,-1.16E-04,-1.89E-04,-5.37E-04,-3.90E-04,-1.17E-04,3.17E-05,-3.74E-04,-3.89E-04,-3.71E-04,-2.51E-04,-2.90E-04,-2.14E-04,-5.54E-04,-5.15E-04,-3.41E-04,-1.06E-05
816,-3.07E-04,-5.55E-04,-3.81E-04,-2.24E-04,-1.05E-04,-1.84E-04,-5.28E-04,-3.78E-04,-1.11E-04,3.18E-05,-3.58E-04,-3.83E-04,-3.60E-04,-2.47E-04,-2.83E-04,-2.04E-04,-5.52E-04,-5.10E-04,-3.37E-04,-6.30E-06
817,-2.95E-04,-5.49E-04,-3.70E-04,-2.16E-04,-9.34E-05,-1.80E-04,-5.18E-04,-3.68E-04,-1.06E-04,3.12E-05,-3.46E-04,-3.78E-04,-3.49E-04,-2.42E-04,-2.75E-04,-1.95E-04,-5.51E-04,-5.05E-04,-3.33E-04,-2.80E-06
818,-2.83E-04,-5.41E-04,-3.58E-04,-2.09E-04,-8.06E-05,-1.75E-04,-5.08E-04,-3.58E-04,-1.02E-04,3.03E-05,-3.37E-04,-3.76E-04,-3.39E-04,-2.37E-04,-2.67E-04,-1.86E-04,-5.49E-04,-5.01E-04,-3.28E-04,8.67E-10
819,-2.71E-04,-5.33E-04,-3.46E-04,-2.02E-04,-6.69E-05,-1.71E-04,-4.97E-04,-3.49E-04,-9.84E-05,2.92E-05,-3.32E-04,-3.76E-04,-3.31E-04,-2.32E-04,-2.59E-04,-1.78E-04,-5.48E-04,-4.96E-04,-3.24E-04,2.22E-06
820,-2.60E-04,-5.24E-04,-3.35E-04,-1.95E-04,-5.24E-05,-1.67E-04,-4.86E-04,-3.41E-04,-9.49E-05,2.81E-05,-3.32E-04,-3.77E-04,-3.23E-04,-2.27E-04,-2.52E-04,-1.69E-04,-5.46E-04,-4.92E-04,-3.19E-04,3.94E-06
821,-2.49E-04,-5.15E-04,-3.23E-04,-1.89E-04,-3.75E-05,-1.62E-04,-4.75E-04,-3.34E-04,-9.18E-05,2.73E-05,-3.37E-04,-3.80E-04,-3.16E-04,-2.22E-04,-2.44E-04,-1.61E-04,-5.44E-04,-4.87E-04,-3.15E-04,5.26E-06
822,-2.39E-04,-5.04E-04,-3.11E-04,-1.83E-04,-2.26E-05,-1.58E-04,-4.64E-04,-3.27E-04,-8.87E-05,2.66E-05,-3.46E-04,-3.83E-04,-3.09E-04,-2.16E-04,-2.37E-04,-1.53E-04,-5.42E-04,-4.81E-04,-3.10E-04,6.23E-06
823,-2.32E-04,-4.93E-04,-3.00E-04,-1.77E-04,-7.94E-06,-1.54E-04,-4.53E-04,-3.20E-04,-8.58E-05,2.62E-05,-3.58E-04,-3.87E-04,-3.04E-04,-2.10E-04,-2.29E-04,-1.44E-04,-5.40E-04,-4.76E-04,-3.05E-04,6.91E-06
824,-2.26E-04,-4.82E-04,-2.88E-04,-1.71E-04,5.91E-06,-1.49E-04,-4.42E-04,-3.14E-04,-8.29E-05,2.60E-05,-3.72E-04,-3.92E-04,-2.98E-04,-2.04E-04,-2.22E-04,-1.36E-04,-5.37E-04,-4.70E-04,-2.99E-04,7.32E-06
825,-2.23E-04,-4.71E-04,-2.78E-04,-1.66E-04,1.86E-05,-1.45E-04,-4.32E-04,-3.07E-04,-7.99E-05,2.59E-05,-3.89E-04,-3.96E-04,-2.93E-04,-1.97E-04,-2.15E-04,-1.28E-04,-5.34E-04,-4.63E-04,-2.93E-04,7.46E-06
826,-2.21E-04,-4.60E-04,-2.67E-04,-1.62E-04,2.97E-05,-1.41E-04,-4.23E-04,-3.01E-04,-7.70E-05,2.57E-05,-4.05E-04,-4.00E-04,-2.89E-04,-1.90E-04,-2.08E-04,-1.21E-04,-5.31E-04,-4.57E-04,-2.87E-04,7.30E-06
827,-2.22E-04,-4.50E-04,-2.58E-04,-1.58E-04,3.89E-05,-1.38E-04,-4.15E-04,-2.95E-04,-7.40E-05,2.52E-05,-4.21E-04,-4.03E-04,-2.85E-04,-1.83E-04,-2.02E-04,-1.13E-04,-5.27E-04,-4.50E-04,-2.81E-04,6.81E-06
828,-2.26E-04,-4.41E-04,-2.49E-04,-1.54E-04,4.59E-05,-1.36E-04,-4.08E-04,-2.88E-04,-7.10E-05,2.41E-05,-4.34E-04,-4.05E-04,-2.81E-04,-1.76E-04,-1.96E-04,-1.06E-04,-5.24E-04,-4.43E-04,-2.75E-04,5.92E-06
829,-2.31E-04,-4.33E-04,-2.41E-04,-1.51E-04,5.06E-05,-1.34E-04,-4.02E-04,-2.82E-04,-6.81E-05,2.23E-05,-4.45E-04,-4.07E-04,-2.77E-04,-1.69E-04,-1.91E-04,-9.98E-05,-5.21E-04,-4.36E-04,-2.69E-04,4.55E-06
830,-2.37E-04,-4.26E-04,-2.35E-04,-1.49E-04,5.30E-05,-1.34E-04,-3.97E-04,-2.76E-04,-6.55E-05,1.93E-05,-4.51E-04,-4.07E-04,-2.74E-04,-1.62E-04,-1.86E-04,-9.40E-05,-5.17E-04,-4.29E-04,-2.63E-04,2.64E-06
831,-2.44E-04,-4.21E-04,-2.30E-04,-1.48E-04,5.31E-05,-1.36E-04,-3.95E-04,-2.71E-04,-6.32E-05,1.51E-05,-4.53E-04,-4.07E-04,-2.71E-04,-1.56E-04,-1.83E-04,-8.90E-05,-5.15E-04,-4.23E-04,-2.58E-04,1.12E-07
832,-2.52E-04,-4.18E-04,-2.26E-04,-1.47E-04,5.10E-05,-1.39E-04,-3.93E-04,-2.66E-04,-6.13E-05,9.48E-06,-4.49E-04,-4.06E-04,-2.69E-04,-1.51E-04,-1.80E-04,-8.49E-05,-5.12E-04,-4.18E-04,-2.53E-04,-3.11E-06
833,-2.60E-04,-4.17E-04,-2.24E-04,-1.47E-04,4.70E-05,-1.44E-04,-3.94E-04,-2.62E-04,-6.00E-05,2.32E-06,-4.41E-04,-4.05E-04,-2.68E-04,-1.46E-04,-1.78E-04,-8.19E-05,-5.11E-04,-4.13E-04,-2.48E-04,-7.06E-06
834,-2.67E-04,-4.18E-04,-2.24E-04,-1.48E-04,4.14E-05,-1.50E-04,-3.96E-04,-2.58E-04,-5.94E-05,-6.40E-06,-4.27E-04,-4.03E-04,-2.67E-04,-1.43E-04,-1.77E-04,-8.01E-05,-5.10E-04,-4.09E-04,-2.44E-04,-1.18E-05
835,-2.73E-04,-4.20E-04,-2.25E-04,-1.50E-04,3.45E-05,-1.57E-04,-3.99E-04,-2.56E-04,-5.96E-05,-1.66E-05,-4.09E-04,-4.02E-04,-2.67E-04,-1.40E-04,-1.76E-04,-7.94E-05,-5.10E-04,-4.05E-04,-2.40E-04,-1.72E-05
836,-2.78E-04,-4.24E-04,-2.27E-04,-1.52E-04,2.69E-05,-1.67E-04,-4.04E-04,-2.55E-04,-6.06E-05,-2.82E-05,-3.87E-04,-4.02E-04,-2.68E-04,-1.38E-04,-1.76E-04,-8.00E-05,-5.11E-04,-4.03E-04,-2.38E-04,-2.35E-05
837,-2.81E-04,-4.29E-04,-2.31E-04,-1.55E-04,1.88E-05,-1.77E-04,-4.09E-04,-2.55E-04,-6.25E-05,-4.09E-05,-3.63E-04,-4.02E-04,-2.69E-04,-1.38E-04,-1.77E-04,-8.18E-05,-5.13E-04,-4.02E-04,-2.36E-04,-3.03E-05
838,-2.83E-04,-4.35E-04,-2.36E-04,-1.59E-04,1.07E-05,-1.89E-04,-4.16E-04,-2.55E-04,-6.53E-05,-5.45E-05,-3.37E-04,-4.02E-04,-2.71E-04,-1.38E-04,-1.78E-04,-8.48E-05,-5.16E-04,-4.01E-04,-2.35E-04,-3.78E-05
839,-2.83E-04,-4.43E-04,-2.42E-04,-1.64E-04,2.89E-06,-2.01E-04,-4.22E-04,-2.57E-04,-6.89E-05,-6.86E-05,-3.12E-04,-4.04E-04,-2.74E-04,-1.38E-04,-1.79E-04,-8.88E-05,-5.20E-04,-4.01E-04,-2.34E-04,-4.57E-05
840,-2.80E-04,-4.51E-04,-2.48E-04,-1.68E-04,-4.28E-06,-2.14E-04,-4.29E-04,-2.60E-04,-7.33E-05,-8.28E-05,-2.87E-04,-4.06E-04,-2.77E-04,-1.40E-04,-1.80E-04,-9.37E-05,-5.24E-04,-4.02E-04,-2.34E-04,-5.40E-05
841,-2.76E-04,-4.59E-04,-2.54E-04,-1.73E-04,-1.06E-05,-2.27E-04,-4.35E-04,-2.63E-04,-7.82E-05,-9.67E-05,-2.64E-04,-4.09E-04,-2.81E-04,-1.41E-04,-1.81E-04,-9.94E-05,-5.29E-04,-4.03E-04,-2.35E-04,-6.23E-05
842,-2.70E-04,-4.68E-04,-2.61E-04,-1.79E-04,-1.59E-05,-2.40E-04,-4.41E-04,-2.67E-04,-8.37E-05,-1.10E-04,-2.44E-04,-4.12E-04,-2.84E-04,-1.43E-04,-1.82E-04,-1.05E-04,-5.35E-04,-4.04E-04,-2.36E-04,-7.07E-05
843,-2.62E-04,-4.76E-04,-2.67E-04,-1.84E-04,-2.01E-05,-2.53E-04,-4.45E-04,-2.71E-04,-8.93E-05,-1.22E-04,-2.28E-04,-4.15E-04,-2.88E-04,-1.45E-04,-1.82E-04,-1.12E-04,-5.41E-04,-4.06E-04,-2.38E-04,-7.88E-05
844,-2.53E-04,-4.83E-04,-2.72E-04,-1.89E-04,-2.32E-05,-2.66E-04,-4.49E-04,-2.75E-04,-9.51E-05,-1.33E-04,-2.16E-04,-4.19E-04,-2.92E-04,-1.47E-04,-1.81E-04,-1.18E-04,-5.46E-04,-4.07E-04,-2.39E-04,-8.65E-05
845,-2.42E-04,-4.90E-04,-2.77E-04,-1.93E-04,-2.53E-05,-2.78E-04,-4.51E-04,-2.79E-04,-1.01E-04,-1.42E-04,-2.08E-04,-4.22E-04,-2.95E-04,-1.48E-04,-1.79E-04,-1.24E-04,-5.51E-04,-4.07E-04,-2.41E-04,-9.37E-05
846,-2.30E-04,-4.97E-04,-2.80E-04,-1.98E-04,-2.63E-05,-2.89E-04,-4.52E-04,-2.83E-04,-1.06E-04,-1.50E-04,-2.05E-04,-4.24E-04,-2.99E-04,-1.48E-04,-1.76E-04,-1.30E-04,-5.56E-04,-4.08E-04,-2.42E-04,-1.00E-04
847,-2.16E-04,-5.02E-04,-2.82E-04,-2.01E-04,-2.66E-05,-2.99E-04,-4.52E-04,-2.86E-04,-1.11E-04,-1.55E-04,-2.05E-04,-4.25E-04,-3.01E-04,-1.48E-04,-1.73E-04,-1.35E-04,-5.59E-04,-4.07E-04,-2.43E-04,-1.06E-04
848,-2.02E-04,-5.06E-04,-2.83E-04,-2.04E-04,-2.61E-05,-3.09E-04,-4.50E-04,-2.88E-04,-1.15E-04,-1.58E-04,-2.09E-04,-4.26E-04,-3.04E-04,-1.47E-04,-1.68E-04,-1.39E-04,-5.62E-04,-4.06E-04,-2.44E-04,-1.10E-04
849,-1.87E-04,-5.09E-04,-2.82E-04,-2.06E-04,-2.52E-05,-3.18E-04,-4.48E-04,-2.89E-04,-1.18E-04,-1.60E-04,-2.15E-04,-4.25E-04,-3.06E-04,-1.45E-04,-1.62E-04,-1.43E-04,-5.63E-04,-4.05E-04,-2.44E-04,-1.14E-04
850,-1.71E-04,-5.11E-04,-2.79E-04,-2.08E-04,-2.39E-05,-3.25E-04,-4.44E-04,-2.90E-04,-1.20E-04,-1.59E-04,-2.22E-04,-4.24E-04,-3.08E-04,-1.42E-04,-1.55E-04,-1.45E-04,-5.62E-04,-4.02E-04,-2.44E-04,-1.17E-04
851,-1.54E-04,-5.11E-04,-2.76E-04,-2.09E-04,-2.24E-05,-3.32E-04,-4.39E-04,-2.90E-04,-1.21E-04,-1.57E-04,-2.30E-04,-4.22E-04,-3.10E-04,-1.39E-04,-1.48E-04,-1.46E-04,-5.60E-04,-3.99E-04,-2.43E-04,-1.18E-04
852,-1.37E-04,-5.11E-04,-2.71E-04,-2.09E-04,-2.08E-05,-3.38E-04,-4.34E-04,-2.89E-04,-1.22E-04,-1.53E-04,-2.37E-04,-4.19E-04,-3.11E-04,-1.34E-04,-1.40E-04,-1.47E-04,-5.57E-04,-3.95E-04,-2.41E-04,-1.19E-04
853,-1.19E-04,-5.10E-04,-2.66E-04,-2.09E-04,-1.92E-05,-3.43E-04,-4.29E-04,-2.88E-04,-1.21E-04,-1.49E-04,-2.43E-04,-4.15E-04,-3.13E-04,-1.30E-04,-1.31E-04,-1.47E-04,-5.52E-04,-3.91E-04,-2.39E-04,-1.19E-04
854,-1.00E-04,-5.07E-04,-2.60E-04,-2.08E-04,-1.75E-05,-3.47E-04,-4.23E-04,-2.86E-04,-1.20E-04,-1.43E-04,-2.46E-04,-4.12E-04,-3.14E-04,-1.24E-04,-1.21E-04,-1.46E-04,-5.46E-04,-3.87E-04,-2.36E-04,-1.18E-04
855,-8.15E-05,-5.04E-04,-2.54E-04,-2.07E-04,-1.59E-05,-3.51E-04,-4.18E-04,-2.83E-04,-1.18E-04,-1.38E-04,-2.46E-04,-4.08E-04,-3.15E-04,-1.19E-04,-1.12E-04,-1.44E-04,-5.38E-04,-3.82E-04,-2.33E-04,-1.17E-04
856,-6.26E-05,-5.00E-04,-2.48E-04,-2.05E-04,-1.41E-05,-3.54E-04,-4.13E-04,-2.80E-04,-1.15E-04,-1.32E-04,-2.42E-04,-4.04E-04,-3.15E-04,-1.14E-04,-1.02E-04,-1.42E-04,-5.30E-04,-3.78E-04,-2.29E-04,-1.15E-04
857,-4.38E-05,-4.96E-04,-2.42E-04,-2.02E-04,-1.22E-05,-3.56E-04,-4.08E-04,-2.78E-04,-1.12E-04,-1.26E-04,-2.35E-04,-4.00E-04,-3.16E-04,-1.09E-04,-9.22E-05,-1.40E-04,-5.21E-04,-3.73E-04,-2.25E-04,-1.13E-04
858,-2.52E-05,-4.91E-04,-2.37E-04,-2.00E-04,-1.01E-05,-3.58E-04,-4.04E-04,-2.74E-04,-1.10E-04,-1.20E-04,-2.25E-04,-3.97E-04,-3.16E-04,-1.04E-04,-8.25E-05,-1.38E-04,-5.12E-04,-3.68E-04,-2.21E-04,-1.11E-04
859,-7.20E-06,-4.86E-04,-2.32E-04,-1.97E-04,-7.66E-06,-3.59E-04,-4.00E-04,-2.71E-04,-1.07E-04,-1.15E-04,-2.12E-04,-3.94E-04,-3.15E-04,-9.97E-05,-7.29E-05,-1.36E-04,-5.03E-04,-3.64E-04,-2.16E-04,-1.08E-04
860,1.01E-05,-4.80E-04,-2.29E-04,-1.94E-04,-4.76E-06,-3.59E-04,-3.96E-04,-2.68E-04,-1.04E-04,-1.10E-04,-1.97E-04,-3.91E-04,-3.14E-04,-9.59E-05,-6.35E-05,-1.35E-04,-4.93E-04,-3.59E-04,-2.12E-04,-1.06E-04
861,2.63E-05,-4.74E-04,-2.27E-04,-1.91E-04,-1.31E-06,-3.60E-04,-3.93E-04,-2.65E-04,-1.02E-04,-1.06E-04,-1.80E-04,-3.88E-04,-3.11E-04,-9.27E-05,-5.44E-05,-1.34E-04,-4.84E-04,-3.55E-04,-2.07E-04,-1.05E-04
862,4.15E-05,-4.69E-04,-2.25E-04,-1.88E-04,2.76E-06,-3.59E-04,-3.90E-04,-2.61E-04,-1.00E-04,-1.02E-04,-1.63E-04,-3.84E-04,-3.07E-04,-9.01E-05,-4.54E-05,-1.34E-04,-4.76E-04,-3.51E-04,-2.03E-04,-1.03E-04
863,5.53E-05,-4.63E-04,-2.25E-04,-1.84E-04,7.53E-06,-3.58E-04,-3.87E-04,-2.57E-04,-9.89E-05,-9.96E-05,-1.46E-04,-3.81E-04,-3.02E-04,-8.81E-05,-3.67E-05,-1.35E-04,-4.68E-04,-3.47E-04,-1.98E-04,-1.03E-04
864,6.79E-05,-4.57E-04,-2.25E-04,-1.81E-04,1.30E-05,-3.57E-04,-3.84E-04,-2.53E-04,-9.81E-05,-9.73E-05,-1.30E-04,-3.76E-04,-2.96E-04,-8.66E-05,-2.82E-05,-1.36E-04,-4.61E-04,-3.43E-04,-1.94E-04,-1.02E-04
865,7.91E-05,-4.51E-04,-2.25E-04,-1.77E-04,1.93E-05,-3.55E-04,-3.80E-04,-2.48E-04,-9.77E-05,-9.53E-05,-1.16E-04,-3.71E-04,-2.87E-04,-8.56E-05,-1.98E-05,-1.37E-04,-4.55E-04,-3.39E-04,-1.89E-04,-1.02E-04
866,8.92E-05,-4.45E-04,-2.25E-04,-1.72E-04,2.62E-05,-3.53E-04,-3.76E-04,-2.43E-04,-9.78E-05,-9.35E-05,-1.05E-04,-3.65E-04,-2.77E-04,-8.49E-05,-1.15E-05,-1.39E-04,-4.50E-04,-3.34E-04,-1.85E-04,-1.02E-04
867,9.84E-05,-4.39E-04,-2.25E-04,-1.67E-04,3.39E-05,-3.50E-04,-3.72E-04,-2.36E-04,-9.81E-05,-9.18E-05,-9.67E-05,-3.57E-04,-2.66E-04,-8.44E-05,-3.19E-06,-1.41E-04,-4.45E-04,-3.30E-04,-1.81E-04,-1.03E-04
868,1.07E-04,-4.32E-04,-2.24E-04,-1.62E-04,4.21E-05,-3.47E-04,-3.67E-04,-2.29E-04,-9.85E-05,-9.00E-05,-9.14E-05,-3.48E-04,-2.54E-04,-8.40E-05,5.15E-06,-1.44E-04,-4.41E-04,-3.25E-04,-1.76E-04,-1.03E-04
869,1.15E-04,-4.26E-04,-2.22E-04,-1.57E-04,5.09E-05,-3.43E-04,-3.62E-04,-2.21E-04,-9.89E-05,-8.80E-05,-8.88E-05,-3.38E-04,-2.40E-04,-8.37E-05,1.36E-05,-1.46E-04,-4.37E-04,-3.19E-04,-1.72E-04,-1.04E-04
870,1.23E-04,-4.19E-04,-2.19E-04,-1.50E-04,6.02E-05,-3.39E-04,-3.56E-04,-2.11E-04,-9.91E-05,-8.58E-05,-8.88E-05,-3.27E-04,-2.25E-04,-8.33E-05,2.22E-05,-1.47E-04,-4.34E-04,-3.13E-04,-1.67E-04,-1.04E-04
871,1.32E-04,-4.11E-04,-2.14E-04,-1.43E-04,6.97E-05,-3.35E-04,-3.49E-04,-2.00E-04,-9.89E-05,-8.31E-05,-9.06E-05,-3.14E-04,-2.11E-04,-8.29E-05,3.09E-05,-1.49E-04,-4.30E-04,-3.07E-04,-1.62E-04,-1.04E-04
872,1.42E-04,-4.03E-04,-2.07E-04,-1.36E-04,7.95E-05,-3.30E-04,-3.43E-04,-1.88E-04,-9.82E-05,-8.01E-05,-9.37E-05,-3.01E-04,-1.96E-04,-8.24E-05,3.98E-05,-1.49E-04,-4.26E-04,-3.00E-04,-1.56E-04,-1.04E-04
873,1.53E-04,-3.94E-04,-1.98E-04,-1.28E-04,8.94E-05,-3.24E-04,-3.36E-04,-1.75E-04,-9.68E-05,-7.67E-05,-9.70E-05,-2.88E-04,-1.81E-04,-8.18E-05,4.89E-05,-1.49E-04,-4.22E-04,-2.92E-04,-1.51E-04,-1.03E-04
874,1.66E-04,-3.84E-04,-1.87E-04,-1.20E-04,9.92E-05,-3.18E-04,-3.28E-04,-1.61E-04,-9.47E-05,-7.29E-05,-9.97E-05,-2.75E-04,-1.67E-04,-8.11E-05,5.82E-05,-1.48E-04,-4.17E-04,-2.84E-04,-1.44E-04,-1.02E-04
875,1.80E-04,-3.73E-04,-1.74E-04,-1.11E-04,1.09E-04,-3.12E-04,-3.20E-04,-1.45E-04,-9.18E-05,-6.88E-05,-1.01E-04,-2.62E-04,-1.53E-04,-8.05E-05,6.76E-05,-1.46E-04,-4.11E-04,-2.75E-04,-1.38E-04,-1.00E-04
876,1.96E-04,-3.61E-04,-1.59E-04,-1.02E-04,1.18E-04,-3.05E-04,-3.12E-04,-1.30E-04,-8.80E-05,-6.45E-05,-1.00E-04,-2.51E-04,-1.41E-04,-8.00E-05,7.72E-05,-1.44E-04,-4.04E-04,-2.66E-04,-1.30E-04,-9.78E-05
877,2.13E-04,-3.48E-04,-1.42E-04,-9.30E-05,1.28E-04,-2.98E-04,-3.04E-04,-1.13E-04,-8.34E-05,-6.01E-05,-9.69E-05,-2.40E-04,-1.30E-04,-7.98E-05,8.68E-05,-1.40E-04,-3.97E-04,-2.57E-04,-1.23E-04,-9.48E-05
878,2.32E-04,-3.34E-04,-1.23E-04,-8.39E-05,1.36E-04,-2.91E-04,-2.95E-04,-9.67E-05,-7.80E-05,-5.58E-05,-9.04E-05,-2.32E-04,-1.19E-04,-7.99E-05,9.65E-05,-1.36E-04,-3.89E-04,-2.47E-04,-1.15E-04,-9.12E-05
879,2.52E-04,-3.19E-04,-1.03E-04,-7.49E-05,1.45E-04,-2.83E-04,-2.86E-04,-7.98E-05,-7.19E-05,-5.16E-05,-8.08E-05,-2.24E-04,-1.10E-04,-8.04E-05,1.06E-04,-1.31E-04,-3.79E-04,-2.37E-04,-1.06E-04,-8.72E-05
880,2.73E-04,-3.04E-04,-8.27E-05,-6.62E-05,1.52E-04,-2.75E-04,-2.76E-04,-6.31E-05,-6.53E-05,-4.77E-05,-6.83E-05,-2.19E-04,-1.01E-04,-8.15E-05,1.16E-04,-1.26E-04,-3.70E-04,-2.27E-04,-9.80E-05,-8.29E-05
881,2.93E-04,-2.87E-04,-6.15E-05,-5.78E-05,1.59E-04,-2.66E-04,-2.65E-04,-4.66E-05,-5.83E-05,-4.44E-05,-5.32E-05,-2.16E-04,-9.33E-05,-8.32E-05,1.25E-04,-1.21E-04,-3.59E-04,-2.17E-04,-8.93E-05,-7.85E-05
882,3.13E-04,-2.70E-04,-4.02E-05,-5.00E-05,1.66E-04,-2.58E-04,-2.53E-04,-3.06E-05,-5.10E-05,-4.16E-05,-3.63E-05,-2.13E-04,-8.53E-05,-8.55E-05,1.34E-04,-1.16E-04,-3.49E-04,-2.07E-04,-8.06E-05,-7.41E-05
883,3.31E-04,-2.53E-04,-1.90E-05,-4.28E-05,1.71E-04,-2.49E-04,-2.41E-04,-1.51E-05,-4.37E-05,-3.96E-05,-1.84E-05,-2.13E-04,-7.71E-05,-8.86E-05,1.43E-04,-1.10E-04,-3.38E-04,-1.97E-04,-7.20E-05,-7.00E-05
884,3.46E-04,-2.36E-04,1.68E-06,-3.63E-05,1.77E-04,-2.40E-04,-2.28E-04,-4.14E-07,-3.65E-05,-3.84E-05,-3.52E-07,-2.13E-04,-6.85E-05,-9.24E-05,1.51E-04,-1.06E-04,-3.27E-04,-1.87E-04,-6.37E-05,-6.63E-05
885,3.59E-04,-2.20E-04,2.16E-05,-3.05E-05,1.81E-04,-2.31E-04,-2.13E-04,1.34E-05,-2.95E-05,-3.83E-05,1.67E-05,-2.14E-04,-5.90E-05,-9.68E-05,1.59E-04,-1.01E-04,-3.17E-04,-1.77E-04,-5.56E-05,-6.32E-05
886,3.68E-04,-2.04E-04,4.04E-05,-2.55E-05,1.85E-04,-2.22E-04,-1.99E-04,2.63E-05,-2.29E-05,-3.92E-05,3.18E-05,-2.15E-04,-4.86E-05,-1.02E-04,1.67E-04,-9.77E-05,-3.08E-04,-1.67E-04,-4.80E-05,-6.08E-05
887,3.74E-04,-1.89E-04,5.80E-05,-2.13E-05,1.89E-04,-2.14E-04,-1.83E-04,3.81E-05,-1.69E-05,-4.12E-05,4.40E-05,-2.17E-04,-3.71E-05,-1.07E-04,1.74E-04,-9.47E-05,-3.00E-04,-1.58E-04,-4.10E-05,-5.94E-05
888,3.75E-04,-1.76E-04,7.42E-05,-1.80E-05,1.93E-04,-2.06E-04,-1.68E-04,4.88E-05,-1.15E-05,-4.44E-05,5.26E-05,-2.17E-04,-2.46E-05,-1.13E-04,1.81E-04,-9.23E-05,-2.92E-04,-1.49E-04,-3.45E-05,-5.90E-05
889,3.72E-04,-1.63E-04,8.90E-05,-1.53E-05,1.96E-04,-1.98E-04,-1.53E-04,5.83E-05,-6.76E-06,-4.87E-05,5.71E-05,-2.17E-04,-1.12E-05,-1.20E-04,1.86E-04,-9.07E-05,-2.86E-04,-1.41E-04,-2.87E-05,-5.97E-05
890,3.65E-04,-1.53E-04,1.02E-04,-1.34E-05,1.99E-04,-1.91E-04,-1.39E-04,6.66E-05,-2.75E-06,-5.43E-05,5.72E-05,-2.16E-04,2.71E-06,-1.26E-04,1.92E-04,-8.97E-05,-2.82E-04,-1.33E-04,-2.37E-05,-6.15E-05
891,3.55E-04,-1.44E-04,1.14E-04,-1.21E-05,2.03E-04,-1.85E-04,-1.26E-04,7.37E-05,5.39E-07,-6.10E-05,5.28E-05,-2.14E-04,1.68E-05,-1.33E-04,1.97E-04,-8.92E-05,-2.79E-04,-1.27E-04,-1.93E-05,-6.45E-05
892,3.41E-04,-1.37E-04,1.24E-04,-1.13E-05,2.07E-04,-1.80E-04,-1.14E-04,7.96E-05,3.14E-06,-6.89E-05,4.43E-05,-2.10E-04,3.06E-05,-1.40E-04,2.01E-04,-8.93E-05,-2.77E-04,-1.21E-04,-1.57E-05,-6.85E-05
893,3.24E-04,-1.32E-04,1.33E-04,-1.10E-05,2.11E-04,-1.76E-04,-1.05E-04,8.44E-05,5.12E-06,-7.77E-05,3.22E-05,-2.06E-04,4.35E-05,-1.46E-04,2.04E-04,-8.97E-05,-2.77E-04,-1.16E-04,-1.29E-05,-7.36E-05
894,3.06E-04,-1.28E-04,1.41E-04,-1.12E-05,2.16E-04,-1.73E-04,-9.78E-05,8.80E-05,6.54E-06,-8.74E-05,1.72E-05,-2.01E-04,5.48E-05,-1.52E-04,2.07E-04,-9.04E-05,-2.78E-04,-1.12E-04,-1.07E-05,-7.96E-05
895,2.87E-04,-1.25E-04,1.48E-04,-1.17E-05,2.22E-04,-1.71E-04,-9.36E-05,9.07E-05,7.52E-06,-9.78E-05,2.31E-07,-1.95E-04,6.41E-05,-1.58E-04,2.10E-04,-9.12E-05,-2.81E-04,-1.08E-04,-9.13E-06,-8.63E-05
896,2.67E-04,-1.24E-04,1.53E-04,-1.24E-05,2.29E-04,-1.69E-04,-9.22E-05,9.24E-05,8.16E-06,-1.09E-04,-1.78E-05,-1.89E-04,7.08E-05,-1.64E-04,2.12E-04,-9.19E-05,-2.85E-04,-1.06E-04,-8.11E-06,-9.35E-05
897,2.48E-04,-1.23E-04,1.58E-04,-1.34E-05,2.36E-04,-1.68E-04,-9.37E-05,9.34E-05,8.59E-06,-1.20E-04,-3.59E-05,-1.83E-04,7.44E-05,-1.69E-04,2.14E-04,-9.24E-05,-2.89E-04,-1.06E-04,-7.57E-06,-1.01E-04
898,2.29E-04,-1.23E-04,1.62E-04,-1.46E-05,2.44E-04,-1.68E-04,-9.81E-05,9.38E-05,8.91E-06,-1.32E-04,-5.30E-05,-1.78E-04,7.47E-05,-1.74E-04,2.15E-04,-9.27E-05,-2.94E-04,-1.06E-04,-7.40E-06,-1.09E-04
899,2.13E-04,-1.23E-04,1.65E-04,-1.59E-05,2.53E-04,-1.68E-04,-1.05E-04,9.37E-05,9.26E-06,-1.43E-04,-6.85E-05,-1.72E-04,7.16E-05,-1.78E-04,2.16E-04,-9.27E-05,-2.99E-04,-1.06E-04,-7.52E-06,-1.17E-04
900,1.98E-04,-1.23E-04,1.67E-04,-1.74E-05,2.63E-04,-1.68E-04,-1.14E-04,9.34E-05,9.72E-06,-1.54E-04,-8.17E-05,-1.68E-04,6.51E-05,-1.82E-04,2.17E-04,-9.23E-05,-3.04E-04,-1.08E-04,-7.84E-06,-1.24E-04
901,1.86E-04,-1.23E-04,1.70E-04,-1.90E-05,2.73E-04,-1.69E-04,-1.25E-04,9.31E-05,1.04E-05,-1.65E-04,-9.22E-05,-1.65E-04,5.53E-05,-1.86E-04,2.18E-04,-9.15E-05,-3.10E-04,-1.10E-04,-8.28E-06,-1.31E-04
902,1.76E-04,-1.21E-04,1.71E-04,-2.09E-05,2.83E-04,-1.68E-04,-1.36E-04,9.28E-05,1.13E-05,-1.75E-04,-1.00E-04,-1.63E-04,4.28E-05,-1.89E-04,2.19E-04,-9.03E-05,-3.14E-04,-1.13E-04,-8.75E-06,-1.38E-04
903,1.68E-04,-1.19E-04,1.73E-04,-2.29E-05,2.92E-04,-1.68E-04,-1.48E-04,9.29E-05,1.26E-05,-1.84E-04,-1.05E-04,-1.62E-04,2.81E-05,-1.92E-04,2.19E-04,-8.87E-05,-3.19E-04,-1.16E-04,-9.20E-06,-1.44E-04
904,1.61E-04,-1.15E-04,1.74E-04,-2.51E-05,3.02E-04,-1.67E-04,-1.60E-04,9.34E-05,1.42E-05,-1.92E-04,-1.08E-04,-1.63E-04,1.18E-05,-1.95E-04,2.20E-04,-8.69E-05,-3.22E-04,-1.18E-04,-9.59E-06,-1.50E-04
905,1.56E-04,-1.11E-04,1.74E-04,-2.75E-05,3.10E-04,-1.65E-04,-1.70E-04,9.44E-05,1.62E-05,-1.99E-04,-1.10E-04,-1.64E-04,-5.27E-06,-1.97E-04,2.20E-04,-8.48E-05,-3.25E-04,-1.21E-04,-9.89E-06,-1.55E-04
906,1.52E-04,-1.06E-04,1.74E-04,-3.02E-05,3.17E-04,-1.63E-04,-1.79E-04,9.60E-05,1.85E-05,-2.06E-04,-1.11E-04,-1.67E-04,-2.23E-05,-2.00E-04,2.20E-04,-8.26E-05,-3.27E-04,-1.23E-04,-1.01E-05,-1.59E-04
907,1.48E-04,-9.93E-05,1.74E-04,-3.30E-05,3.24E-04,-1.60E-04,-1.86E-04,9.82E-05,2.10E-05,-2.11E-04,-1.13E-04,-1.70E-04,-3.86E-05,-2.02E-04,2.21E-04,-8.04E-05,-3.29E-04,-1.25E-04,-1.02E-05,-1.63E-04
908,1.43E-04,-9.26E-05,1.73E-04,-3.61E-05,3.28E-04,-1.57E-04,-1.91E-04,1.01E-04,2.39E-05,-2.15E-04,-1.15E-04,-1.74E-04,-5.33E-05,-2.04E-04,2.21E-04,-7.83E-05,-3.29E-04,-1.25E-04,-1.02E-05,-1.67E-04
909,1.38E-04,-8.56E-05,1.71E-04,-3.93E-05,3.31E-04,-1.53E-04,-1.93E-04,1.04E-04,2.68E-05,-2.18E-04,-1.20E-04,-1.79E-04,-6.57E-05,-2.06E-04,2.20E-04,-7.64E-05,-3.29E-04,-1.25E-04,-1.02E-05,-1.70E-04
910,1.32E-04,-7.88E-05,1.69E-04,-4.26E-05,3.32E-04,-1.48E-04,-1.93E-04,1.07E-04,2.99E-05,-2.20E-04,-1.28E-04,-1.84E-04,-7.55E-05,-2.08E-04,2.20E-04,-7.46E-05,-3.28E-04,-1.24E-04,-1.02E-05,-1.73E-04
911,1.23E-04,-7.26E-05,1.65E-04,-4.60E-05,3.31E-04,-1.43E-04,-1.91E-04,1.11E-04,3.30E-05,-2.22E-04,-1.40E-04,-1.89E-04,-8.22E-05,-2.10E-04,2.19E-04,-7.32E-05,-3.26E-04,-1.22E-04,-1.03E-05,-1.76E-04
912,1.13E-04,-6.72E-05,1.61E-04,-4.92E-05,3.29E-04,-1.38E-04,-1.86E-04,1.14E-04,3.60E-05,-2.23E-04,-1.55E-04,-1.94E-04,-8.56E-05,-2.12E-04,2.18E-04,-7.21E-05,-3.25E-04,-1.19E-04,-1.05E-05,-1.79E-04
913,1.02E-04,-6.31E-05,1.56E-04,-5.22E-05,3.26E-04,-1.34E-04,-1.80E-04,1.17E-04,3.89E-05,-2.24E-04,-1.74E-04,-1.99E-04,-8.60E-05,-2.14E-04,2.16E-04,-7.13E-05,-3.23E-04,-1.16E-04,-1.08E-05,-1.81E-04
914,8.86E-05,-6.05E-05,1.49E-04,-5.50E-05,3.21E-04,-1.29E-04,-1.73E-04,1.19E-04,4.16E-05,-2.24E-04,-1.97E-04,-2.04E-04,-8.33E-05,-2.16E-04,2.14E-04,-7.07E-05,-3.20E-04,-1.11E-04,-1.13E-05,-1.84E-04
915,7.44E-05,-5.97E-05,1.42E-04,-5.72E-05,3.15E-04,-1.25E-04,-1.66E-04,1.20E-04,4.41E-05,-2.25E-04,-2.22E-04,-2.08E-04,-7.82E-05,-2.18E-04,2.11E-04,-7.04E-05,-3.18E-04,-1.06E-04,-1.21E-05,-1.88E-04
916,5.94E-05,-6.06E-05,1.33E-04,-5.88E-05,3.10E-04,-1.21E-04,-1.59E-04,1.20E-04,4.65E-05,-2.25E-04,-2.50E-04,-2.13E-04,-7.10E-05,-2.20E-04,2.08E-04,-7.01E-05,-3.16E-04,-1.00E-04,-1.29E-05,-1.91E-04
917,4.45E-05,-6.33E-05,1.24E-04,-5.97E-05,3.04E-04,-1.18E-04,-1.53E-04,1.19E-04,4.88E-05,-2.26E-04,-2.78E-04,-2.17E-04,-6.24E-05,-2.21E-04,2.05E-04,-6.98E-05,-3.14E-04,-9.45E-05,-1.40E-05,-1.94E-04
918,3.01E-05,-6.77E-05,1.14E-04,-5.96E-05,2.99E-04,-1.15E-04,-1.47E-04,1.17E-04,5.11E-05,-2.26E-04,-3.07E-04,-2.20E-04,-5.30E-05,-2.22E-04,2.02E-04,-6.93E-05,-3.11E-04,-8.83E-05,-1.51E-05,-1.97E-04
919,1.70E-05,-7.34E-05,1.04E-04,-5.85E-05,2.95E-04,-1.13E-04,-1.44E-04,1.14E-04,5.34E-05,-2.25E-04,-3.34E-04,-2.23E-04,-4.35E-05,-2.23E-04,1.99E-04,-6.85E-05,-3.09E-04,-8.19E-05,-1.62E-05,-2.00E-04
920,5.80E-06,-8.01E-05,9.31E-05,-5.63E-05,2.92E-04,-1.10E-04,-1.42E-04,1.10E-04,5.59E-05,-2.24E-04,-3.58E-04,-2.26E-04,-3.45E-05,-2.24E-04,1.97E-04,-6.71E-05,-3.07E-04,-7.56E-05,-1.73E-05,-2.03E-04
921,-2.81E-06,-8.73E-05,8.30E-05,-5.28E-05,2.91E-04,-1.08E-04,-1.41E-04,1.05E-04,5.89E-05,-2.23E-04,-3.79E-04,-2.28E-04,-2.66E-05,-2.24E-04,1.95E-04,-6.51E-05,-3.04E-04,-6.92E-05,-1.80E-05,-2.05E-04
922,-8.36E-06,-9.45E-05,7.37E-05,-4.81E-05,2.91E-04,-1.06E-04,-1.42E-04,1.00E-04,6.25E-05,-2.20E-04,-3.95E-04,-2.30E-04,-2.00E-05,-2.23E-04,1.94E-04,-6.21E-05,-3.01E-04,-6.28E-05,-1.84E-05,-2.06E-04
923,-1.05E-05,-1.01E-04,6.56E-05,-4.21E-05,2.94E-04,-1.04E-04,-1.44E-04,9.56E-05,6.68E-05,-2.16E-04,-4.05E-04,-2.30E-04,-1.50E-05,-2.21E-04,1.93E-04,-5.81E-05,-2.98E-04,-5.64E-05,-1.82E-05,-2.07E-04
924,-8.92E-06,-1.07E-04,5.92E-05,-3.48E-05,3.00E-04,-1.00E-04,-1.47E-04,9.14E-05,7.22E-05,-2.10E-04,-4.09E-04,-2.30E-04,-1.16E-05,-2.19E-04,1.95E-04,-5.29E-05,-2.94E-04,-4.99E-05,-1.73E-05,-2.06E-04
925,-3.64E-06,-1.10E-04,5.48E-05,-2.63E-05,3.08E-04,-9.64E-05,-1.50E-04,8.85E-05,7.87E-05,-2.02E-04,-4.07E-04,-2.29E-04,-9.90E-06,-2.15E-04,1.97E-04,-4.64E-05,-2.89E-04,-4.32E-05,-1.56E-05,-2.04E-04
926,5.28E-06,-1.12E-04,5.30E-05,-1.66E-05,3.18E-04,-9.14E-05,-1.52E-04,8.71E-05,8.66E-05,-1.93E-04,-3.99E-04,-2.26E-04,-9.51E-06,-2.10E-04,2.02E-04,-3.86E-05,-2.83E-04,-3.61E-05,-1.29E-05,-2.01E-04
927,1.76E-05,-1.10E-04,5.40E-05,-5.95E-06,3.30E-04,-8.51E-05,-1.52E-04,8.79E-05,9.59E-05,-1.80E-04,-3.86E-04,-2.22E-04,-1.01E-05,-2.04E-04,2.08E-04,-2.95E-05,-2.75E-04,-2.85E-05,-9.14E-06,-1.97E-04
928,3.29E-05,-1.06E-04,5.81E-05,5.59E-06,3.44E-04,-7.76E-05,-1.51E-04,9.12E-05,1.07E-04,-1.66E-04,-3.68E-04,-2.16E-04,-1.12E-05,-1.97E-04,2.16E-04,-1.90E-05,-2.67E-04,-2.02E-05,-4.23E-06,-1.90E-04
929,5.09E-05,-9.87E-05,6.54E-05,1.78E-05,3.60E-04,-6.86E-05,-1.47E-04,9.73E-05,1.19E-04,-1.49E-04,-3.45E-04,-2.09E-04,-1.23E-05,-1.88E-04,2.26E-04,-7.32E-06,-2.56E-04,-1.12E-05,1.86E-06,-1.83E-04
930,7.09E-05,-8.81E-05,7.60E-05,3.06E-05,3.77E-04,-5.84E-05,-1.41E-04,1.07E-04,1.34E-04,-1.30E-04,-3.20E-04,-2.01E-04,-1.27E-05,-1.79E-04,2.38E-04,5.51E-06,-2.45E-04,-1.16E-06,9.10E-06,-1.74E-04
931,9.24E-05,-7.43E-05,8.97E-05,4.38E-05,3.95E-04,-4.69E-05,-1.31E-04,1.19E-04,1.49E-04,-1.09E-04,-2.93E-04,-1.91E-04,-1.21E-05,-1.67E-04,2.52E-04,1.93E-05,-2.32E-04,9.87E-06,1.74E-05,-1.65E-04
932,1.15E-04,-5.77E-05,1.06E-04,5.71E-05,4.13E-04,-3.44E-05,-1.17E-04,1.34E-04,1.66E-04,-8.71E-05,-2.65E-04,-1.80E-04,-9.88E-06,-1.55E-04,2.67E-04,3.38E-05,-2.17E-04,2.20E-05,2.68E-05,-1.54E-04
933,1.38E-04,-3.86E-05,1.25E-04,7.04E-05,4.31E-04,-2.11E-05,-1.01E-04,1.53E-04,1.85E-04,-6.36E-05,-2.37E-04,-1.68E-04,-5.64E-06,-1.42E-04,2.83E-04,4.89E-05,-2.01E-04,3.51E-05,3.70E-05,-1.43E-04
934,1.61E-04,-1.74E-05,1.47E-04,8.36E-05,4.50E-04,-7.20E-06,-8.13E-05,1.74E-04,2.04E-04,-3.95E-05,-2.10E-04,-1.55E-04,8.88E-07,-1.28E-04,3.00E-04,6.43E-05,-1.83E-04,4.94E-05,4.78E-05,-1.32E-04
935,1.84E-04,5.29E-06,1.70E-04,9.64E-05,4.67E-04,6.85E-06,-5.91E-05,1.98E-04,2.24E-04,-1.53E-05,-1.84E-04,-1.42E-04,9.87E-06,-1.13E-04,3.18E-04,7.97E-05,-1.65E-04,6.45E-05,5.91E-05,-1.21E-04
936,2.07E-04,2.89E-05,1.94E-04,1.09E-04,4.84E-04,2.08E-05,-3.49E-05,2.24E-04,2.44E-04,8.37E-06,-1.59E-04,-1.29E-04,2.13E-05,-9.80E-05,3.36E-04,9.48E-05,-1.45E-04,8.05E-05,7.06E-05,-1.10E-04
937,2.29E-04,5.29E-05,2.19E-04,1.21E-04,4.99E-04,3.43E-05,-9.23E-06,2.51E-04,2.64E-04,3.11E-05,-1.36E-04,-1.16E-04,3.51E-05,-8.27E-05,3.54E-04,1.10E-04,-1.25E-04,9.71E-05,8.21E-05,-9.94E-05
938,2.50E-04,7.67E-05,2.43E-04,1.32E-04,5.14E-04,4.70E-05,1.71E-05,2.78E-04,2.84E-04,5.23E-05,-1.13E-04,-1.03E-04,5.10E-05,-6.75E-05,3.71E-04,1.24E-04,-1.05E-04,1.14E-04,9.34E-05,-9.00E-05
939,2.72E-04,9.98E-05,2.67E-04,1.43E-04,5.27E-04,5.87E-05,4.35E-05,3.07E-04,3.03E-04,7.16E-05,-9.16E-05,-9.09E-05,6.86E-05,-5.24E-05,3.88E-04,1.37E-04,-8.39E-05,1.31E-04,1.04E-04,-8.17E-05
940,2.93E-04,1.22E-04,2.90E-04,1.53E-04,5.38E-04,6.92E-05,6.92E-05,3.34E-04,3.22E-04,8.86E-05,-6.97E-05,-7.92E-05,8.76E-05,-3.77E-05,4.05E-04,1.49E-04,-6.34E-05,1.49E-04,1.14E-04,-7.46E-05
941,3.14E-04,1.43E-04,3.12E-04,1.63E-04,5.49E-04,7.84E-05,9.37E-05,3.62E-04,3.39E-04,1.03E-04,-4.70E-05,-6.81E-05,1.07E-04,-2.35E-05,4.20E-04,1.60E-04,-4.31E-05,1.65E-04,1.24E-04,-6.90E-05
942,3.36E-04,1.62E-04,3.32E-04,1.73E-04,5.58E-04,8.62E-05,1.16E-04,3.88E-04,3.55E-04,1.15E-04,-2.28E-05,-5.76E-05,1.28E-04,-9.90E-06,4.35E-04,1.70E-04,-2.35E-05,1.82E-04,1.32E-04,-6.48E-05
943,3.58E-04,1.80E-04,3.51E-04,1.82E-04,5.67E-04,9.26E-05,1.37E-04,4.13E-04,3.69E-04,1.25E-04,3.43E-06,-4.75E-05,1.48E-04,3.01E-06,4.48E-04,1.79E-04,-4.62E-06,1.98E-04,1.39E-04,-6.20E-05
944,3.80E-04,1.96E-04,3.68E-04,1.90E-04,5.75E-04,9.78E-05,1.56E-04,4.36E-04,3.82E-04,1.32E-04,3.22E-05,-3.78E-05,1.68E-04,1.52E-05,4.61E-04,1.86E-04,1.33E-05,2.13E-04,1.46E-04,-6.05E-05
945,4.04E-04,2.11E-04,3.83E-04,1.98E-04,5.82E-04,1.02E-04,1.72E-04,4.58E-04,3.94E-04,1.37E-04,6.39E-05,-2.83E-05,1.87E-04,2.68E-05,4.72E-04,1.93E-04,3.01E-05,2.27E-04,1.51E-04,-6.03E-05
946,4.28E-04,2.26E-04,3.98E-04,2.06E-04,5.89E-04,1.05E-04,1.86E-04,4.79E-04,4.04E-04,1.40E-04,9.83E-05,-1.87E-05,2.05E-04,3.78E-05,4.83E-04,1.99E-04,4.57E-05,2.40E-04,1.55E-04,-6.11E-05
947,4.53E-04,2.40E-04,4.11E-04,2.14E-04,5.97E-04,1.08E-04,1.99E-04,4.98E-04,4.13E-04,1.42E-04,1.35E-04,-8.89E-06,2.21E-04,4.82E-05,4.93E-04,2.04E-04,6.00E-05,2.52E-04,1.59E-04,-6.28E-05
948,4.78E-04,2.53E-04,4.24E-04,2.22E-04,6.04E-04,1.10E-04,2.10E-04,5.16E-04,4.21E-04,1.43E-04,1.74E-04,1.30E-06,2.37E-04,5.83E-05,5.02E-04,2.08E-04,7.31E-05,2.63E-04,1.61E-04,-6.52E-05
949,5.04E-04,2.68E-04,4.36E-04,2.29E-04,6.13E-04,1.12E-04,2.21E-04,5.33E-04,4.28E-04,1.43E-04,2.14E-04,1.19E-05,2.51E-04,6.81E-05,5.12E-04,2.12E-04,8.49E-05,2.73E-04,1.63E-04,-6.81E-05
950,5.29E-04,2.82E-04,4.48E-04,2.36E-04,6.22E-04,1.15E-04,2.31E-04,5.50E-04,4.34E-04,1.43E-04,2.54E-04,2.30E-05,2.65E-04,7.77E-05,5.20E-04,2.15E-04,9.56E-05,2.83E-04,1.64E-04,-7.13E-05
951,5.55E-04,2.98E-04,4.61E-04,2.42E-04,6.31E-04,1.17E-04,2.42E-04,5.66E-04,4.39E-04,1.43E-04,2.93E-04,3.46E-05,2.77E-04,8.72E-05,5.29E-04,2.18E-04,1.05E-04,2.91E-04,1.65E-04,-7.47E-05
952,5.80E-04,3.15E-04,4.74E-04,2.48E-04,6.42E-04,1.21E-04,2.53E-04,5.82E-04,4.44E-04,1.43E-04,3.30E-04,4.63E-05,2.89E-04,9.68E-05,5.37E-04,2.21E-04,1.14E-04,2.99E-04,1.66E-04,-7.82E-05
953,6.03E-04,3.32E-04,4.88E-04,2.54E-04,6.53E-04,1.24E-04,2.66E-04,5.99E-04,4.48E-04,1.44E-04,3.64E-04,5.80E-05,3.00E-04,1.06E-04,5.45E-04,2.24E-04,1.21E-04,3.07E-04,1.66E-04,-8.17E-05
954,6.26E-04,3.51E-04,5.03E-04,2.59E-04,6.65E-04,1.29E-04,2.80E-04,6.16E-04,4.53E-04,1.45E-04,3.94E-04,6.95E-05,3.11E-04,1.16E-04,5.53E-04,2.27E-04,1.28E-04,3.14E-04,1.66E-04,-8.52E-05
955,6.47E-04,3.71E-04,5.18E-04,2.63E-04,6.77E-04,1.34E-04,2.95E-04,6.33E-04,4.57E-04,1.46E-04,4.18E-04,8.02E-05,3.22E-04,1.26E-04,5.61E-04,2.30E-04,1.34E-04,3.21E-04,1.66E-04,-8.88E-05
956,6.66E-04,3.91E-04,5.33E-04,2.67E-04,6.89E-04,1.39E-04,3.12E-04,6.50E-04,4.61E-04,1.48E-04,4.37E-04,8.99E-05,3.34E-04,1.36E-04,5.68E-04,2.33E-04,1.40E-04,3.28E-04,1.65E-04,-9.25E-05
957,6.84E-04,4.12E-04,5.48E-04,2.70E-04,7.02E-04,1.44E-04,3.31E-04,6.68E-04,4.65E-04,1.49E-04,4.50E-04,9.81E-05,3.45E-04,1.46E-04,5.75E-04,2.35E-04,1.45E-04,3.35E-04,1.64E-04,-9.64E-05
958,7.00E-04,4.32E-04,5.63E-04,2.73E-04,7.14E-04,1.50E-04,3.51E-04,6.86E-04,4.68E-04,1.50E-04,4.58E-04,1.05E-04,3.56E-04,1.55E-04,5.81E-04,2.37E-04,1.49E-04,3.41E-04,1.63E-04,-1.01E-04
959,7.14E-04,4.52E-04,5.77E-04,2.75E-04,7.25E-04,1.55E-04,3.71E-04,7.03E-04,4.70E-04,1.51E-04,4.60E-04,1.09E-04,3.67E-04,1.64E-04,5.86E-04,2.39E-04,1.53E-04,3.48E-04,1.62E-04,-1.05E-04
960,7.27E-04,4.71E-04,5.91E-04,2.76E-04,7.34E-04,1.60E-04,3.92E-04,7.21E-04,4.72E-04,1.50E-04,4.58E-04,1.11E-04,3.78E-04,1.73E-04,5.89E-04,2.40E-04,1.57E-04,3.54E-04,1.60E-04,-1.11E-04
961,7.39E-04,4.87E-04,6.02E-04,2.77E-04,7.43E-04,1.63E-04,4.13E-04,7.37E-04,4.73E-04,1.48E-04,4.53E-04,1.11E-04,3.89E-04,1.81E-04,5.92E-04,2.40E-04,1.61E-04,3.61E-04,1.57E-04,-1.17E-04
962,7.49E-04,5.02E-04,6.12E-04,2.78E-04,7.49E-04,1.66E-04,4.33E-04,7.52E-04,4.73E-04,1.45E-04,4.47E-04,1.08E-04,4.00E-04,1.89E-04,5.93E-04,2.40E-04,1.64E-04,3.67E-04,1.53E-04,-1.24E-04
963,7.59E-04,5.15E-04,6.20E-04,2.78E-04,7.54E-04,1.68E-04,4.51E-04,7.67E-04,4.72E-04,1.39E-04,4.40E-04,1.03E-04,4.10E-04,1.95E-04,5.93E-04,2.38E-04,1.67E-04,3.72E-04,1.49E-04,-1.31E-04
964,7.68E-04,5.24E-04,6.26E-04,2.79E-04,7.56E-04,1.69E-04,4.68E-04,7.79E-04,4.69E-04,1.31E-04,4.34E-04,9.62E-05,4.19E-04,2.01E-04,5.91E-04,2.36E-04,1.69E-04,3.78E-04,1.43E-04,-1.40E-04
965,7.76E-04,5.32E-04,6.30E-04,2.80E-04,7.56E-04,1.68E-04,4.83E-04,7.90E-04,4.65E-04,1.22E-04,4.30E-04,8.79E-05,4.27E-04,2.05E-04,5.88E-04,2.32E-04,1.71E-04,3.83E-04,1.37E-04,-1.49E-04
966,7.85E-04,5.36E-04,6.33E-04,2.81E-04,7.54E-04,1.66E-04,4.95E-04,7.99E-04,4.59E-04,1.10E-04,4.30E-04,7.86E-05,4.33E-04,2.09E-04,5.84E-04,2.28E-04,1.73E-04,3.87E-04,1.30E-04,-1.60E-04
967,7.93E-04,5.38E-04,6.33E-04,2.83E-04,7.50E-04,1.63E-04,5.04E-04,8.07E-04,4.51E-04,9.66E-05,4.34E-04,6.87E-05,4.39E-04,2.12E-04,5.78E-04,2.22E-04,1.73E-04,3.90E-04,1.21E-04,-1.70E-04
968,8.01E-04,5.39E-04,6.32E-04,2.86E-04,7.43E-04,1.59E-04,5.11E-04,8.13E-04,4.42E-04,8.17E-05,4.42E-04,5.89E-05,4.44E-04,2.13E-04,5.72E-04,2.16E-04,1.73E-04,3.93E-04,1.13E-04,-1.81E-04
969,8.08E-04,5.37E-04,6.31E-04,2.89E-04,7.35E-04,1.54E-04,5.16E-04,8.17E-04,4.31E-04,6.57E-05,4.56E-04,4.97E-05,4.47E-04,2.14E-04,5.65E-04,2.09E-04,1.73E-04,3.95E-04,1.03E-04,-1.92E-04
970,8.15E-04,5.34E-04,6.29E-04,2.94E-04,7.26E-04,1.48E-04,5.18E-04,8.20E-04,4.19E-04,4.90E-05,4.73E-04,4.15E-05,4.49E-04,2.14E-04,5.58E-04,2.01E-04,1.71E-04,3.96E-04,9.32E-05,-2.03E-04
971,8.21E-04,5.30E-04,6.27E-04,2.98E-04,7.15E-04,1.42E-04,5.17E-04,8.22E-04,4.06E-04,3.20E-05,4.94E-04,3.47E-05,4.50E-04,2.14E-04,5.50E-04,1.93E-04,1.69E-04,3.97E-04,8.30E-05,-2.14E-04
972,8.27E-04,5.26E-04,6.26E-04,3.04E-04,7.04E-04,1.36E-04,5.16E-04,8.23E-04,3.92E-04,1.52E-05,5.17E-04,2.96E-05,4.51E-04,2.13E-04,5.42E-04,1.85E-04,1.66E-04,3.96E-04,7.28E-05,-2.24E-04
973,8.31E-04,5.22E-04,6.25E-04,3.09E-04,6.93E-04,1.30E-04,5.13E-04,8.23E-04,3.78E-04,-9.84E-07,5.40E-04,2.63E-05,4.51E-04,2.12E-04,5.35E-04,1.76E-04,1.63E-04,3.95E-04,6.27E-05,-2.33E-04
974,8.34E-04,5.19E-04,6.26E-04,3.15E-04,6.82E-04,1.24E-04,5.09E-04,8.23E-04,3.63E-04,-1.62E-05,5.63E-04,2.48E-05,4.50E-04,2.11E-04,5.28E-04,1.68E-04,1.58E-04,3.93E-04,5.30E-05,-2.41E-04
975,8.35E-04,5.16E-04,6.28E-04,3.20E-04,6.72E-04,1.19E-04,5.05E-04,8.22E-04,3.47E-04,-3.01E-05,5.83E-04,2.50E-05,4.49E-04,2.10E-04,5.22E-04,1.60E-04,1.53E-04,3.90E-04,4.39E-05,-2.48E-04
976,8.34E-04,5.14E-04,6.31E-04,3.25E-04,6.62E-04,1.15E-04,5.00E-04,8.22E-04,3.32E-04,-4.26E-05,5.98E-04,2.64E-05,4.48E-04,2.08E-04,5.16E-04,1.53E-04,1.47E-04,3.87E-04,3.54E-05,-2.53E-04
977,8.32E-04,5.13E-04,6.36E-04,3.29E-04,6.53E-04,1.11E-04,4.96E-04,8.21E-04,3.18E-04,-5.35E-05,6.08E-04,2.88E-05,4.46E-04,2.07E-04,5.10E-04,1.46E-04,1.41E-04,3.83E-04,2.76E-05,-2.57E-04
978,8.27E-04,5.12E-04,6.42E-04,3.32E-04,6.46E-04,1.08E-04,4.93E-04,8.20E-04,3.03E-04,-6.28E-05,6.11E-04,3.16E-05,4.44E-04,2.05E-04,5.05E-04,1.40E-04,1.34E-04,3.79E-04,2.08E-05,-2.60E-04
979,8.21E-04,5.12E-04,6.48E-04,3.33E-04,6.40E-04,1.06E-04,4.90E-04,8.19E-04,2.89E-04,-7.05E-05,6.06E-04,3.43E-05,4.42E-04,2.04E-04,5.01E-04,1.34E-04,1.27E-04,3.75E-04,1.49E-05,-2.61E-04
980,8.12E-04,5.12E-04,6.55E-04,3.33E-04,6.35E-04,1.04E-04,4.88E-04,8.18E-04,2.76E-04,-7.69E-05,5.93E-04,3.63E-05,4.39E-04,2.02E-04,4.96E-04,1.29E-04,1.19E-04,3.71E-04,9.82E-06,-2.61E-04
981,8.02E-04,5.11E-04,6.62E-04,3.32E-04,6.31E-04,1.02E-04,4.87E-04,8.17E-04,2.63E-04,-8.22E-05,5.72E-04,3.71E-05,4.36E-04,2.00E-04,4.92E-04,1.24E-04,1.12E-04,3.66E-04,5.63E-06,-2.60E-04
982,7.91E-04,5.10E-04,6.68E-04,3.28E-04,6.29E-04,1.01E-04,4.87E-04,8.15E-04,2.51E-04,-8.65E-05,5.44E-04,3.63E-05,4.32E-04,1.98E-04,4.88E-04,1.20E-04,1.03E-04,3.61E-04,2.23E-06,-2.58E-04
983,7.78E-04,5.08E-04,6.74E-04,3.23E-04,6.26E-04,9.99E-05,4.86E-04,8.12E-04,2.40E-04,-9.03E-05,5.09E-04,3.34E-05,4.26E-04,1.95E-04,4.83E-04,1.17E-04,9.52E-05,3.57E-04,-4.76E-07,-2.55E-04
984,7.65E-04,5.03E-04,6.78E-04,3.16E-04,6.24E-04,9.84E-05,4.86E-04,8.09E-04,2.29E-04,-9.38E-05,4.69E-04,2.82E-05,4.20E-04,1.91E-04,4.78E-04,1.13E-04,8.68E-05,3.52E-04,-2.61E-06,-2.52E-04
985,7.50E-04,4.97E-04,6.80E-04,3.08E-04,6.23E-04,9.66E-05,4.86E-04,8.05E-04,2.19E-04,-9.73E-05,4.26E-04,2.06E-05,4.11E-04,1.87E-04,4.73E-04,1.10E-04,7.83E-05,3.48E-04,-4.27E-06,-2.48E-04
986,7.36E-04,4.89E-04,6.81E-04,2.99E-04,6.20E-04,9.43E-05,4.86E-04,8.00E-04,2.09E-04,-1.01E-04,3.81E-04,1.07E-05,4.01E-04,1.82E-04,4.67E-04,1.07E-04,6.99E-05,3.43E-04,-5.59E-06,-2.45E-04
987,7.20E-04,4.78E-04,6.79E-04,2.89E-04,6.18E-04,9.15E-05,4.84E-04,7.94E-04,2.00E-04,-1.05E-04,3.37E-04,-1.35E-06,3.90E-04,1.76E-04,4.60E-04,1.03E-04,6.14E-05,3.39E-04,-6.66E-06,-2.41E-04
988,7.05E-04,4.64E-04,6.76E-04,2.78E-04,6.15E-04,8.81E-05,4.82E-04,7.88E-04,1.91E-04,-1.09E-04,2.96E-04,-1.53E-05,3.76E-04,1.70E-04,4.53E-04,1.00E-04,5.31E-05,3.35E-04,-7.56E-06,-2.37E-04
989,6.90E-04,4.48E-04,6.70E-04,2.67E-04,6.11E-04,8.40E-05,4.79E-04,7.80E-04,1.83E-04,-1.14E-04,2.59E-04,-3.07E-05,3.61E-04,1.62E-04,4.46E-04,9.66E-05,4.48E-05,3.32E-04,-8.36E-06,-2.33E-04
990,6.74E-04,4.30E-04,6.63E-04,2.57E-04,6.06E-04,7.95E-05,4.74E-04,7.72E-04,1.74E-04,-1.19E-04,2.28E-04,-4.70E-05,3.45E-04,1.54E-04,4.39E-04,9.29E-05,3.67E-05,3.28E-04,-9.07E-06,-2.30E-04
991,6.59E-04,4.10E-04,6.55E-04,2.47E-04,6.00E-04,7.45E-05,4.68E-04,7.63E-04,1.66E-04,-1.24E-04,2.04E-04,-6.37E-05,3.27E-04,1.45E-04,4.32E-04,8.91E-05,2.89E-05,3.24E-04,-9.69E-06,-2.26E-04
992,6.43E-04,3.90E-04,6.46E-04,2.38E-04,5.94E-04,6.92E-05,4.61E-04,7.54E-04,1.59E-04,-1.29E-04,1.87E-04,-8.02E-05,3.09E-04,1.36E-04,4.25E-04,8.52E-05,2.13E-05,3.21E-04,-1.02E-05,-2.23E-04
993,6.28E-04,3.69E-04,6.36E-04,2.30E-04,5.88E-04,6.39E-05,4.53E-04,7.44E-04,1.52E-04,-1.34E-04,1.79E-04,-9.61E-05,2.90E-04,1.26E-04,4.19E-04,8.14E-05,1.42E-05,3.18E-04,-1.05E-05,-2.19E-04
994,6.11E-04,3.47E-04,6.27E-04,2.23E-04,5.81E-04,5.86E-05,4.44E-04,7.35E-04,1.46E-04,-1.38E-04,1.77E-04,-1.11E-04,2.71E-04,1.16E-04,4.14E-04,7.77E-05,7.51E-06,3.15E-04,-1.06E-05,-2.15E-04
995,5.95E-04,3.27E-04,6.18E-04,2.18E-04,5.74E-04,5.37E-05,4.34E-04,7.26E-04,1.40E-04,-1.40E-04,1.81E-04,-1.24E-04,2.52E-04,1.07E-04,4.10E-04,7.43E-05,1.40E-06,3.12E-04,-1.03E-05,-2.10E-04
996,5.78E-04,3.08E-04,6.10E-04,2.14E-04,5.68E-04,4.92E-05,4.23E-04,7.17E-04,1.35E-04,-1.42E-04,1.90E-04,-1.35E-04,2.34E-04,9.70E-05,4.07E-04,7.13E-05,-4.05E-06,3.09E-04,-9.62E-06,-2.05E-04
997,5.61E-04,2.91E-04,6.04E-04,2.11E-04,5.63E-04,4.54E-05,4.13E-04,7.09E-04,1.31E-04,-1.42E-04,2.03E-04,-1.44E-04,2.17E-04,8.79E-05,4.05E-04,6.90E-05,-8.76E-06,3.06E-04,-8.36E-06,-1.98E-04
998,5.44E-04,2.77E-04,5.98E-04,2.10E-04,5.58E-04,4.25E-05,4.02E-04,7.02E-04,1.29E-04,-1.40E-04,2.16E-04,-1.51E-04,2.02E-04,7.92E-05,4.05E-04,6.74E-05,-1.26E-05,3.04E-04,-6.46E-06,-1.91E-04
999,5.27E-04,2.65E-04,5.95E-04,2.09E-04,5.54E-04,4.05E-05,3.92E-04,6.95E-04,1.27E-04,-1.36E-04,2.29E-04,-1.56E-04,1.89E-04,7.13E-05,4.07E-04,6.67E-05,-1.56E-05,3.02E-04,-3.85E-06,-1.83E-04
1000,5.10E-04,2.56E-04,5.93E-04,2.09E-04,5.52E-04,3.96E-05,3.83E-04,6.89E-04,1.26E-04,-1.30E-04,2.39E-04,-1.58E-04,1.78E-04,6.40E-05,4.10E-04,6.69E-05,-1.77E-05,3.01E-04,-4.93E-07,-1.73E-04
1001,4.93E-04,2.50E-04,5.92E-04,2.09E-04,5.51E-04,3.98E-05,3.75E-04,6.84E-04,1.26E-04,-1.22E-04,2.45E-04,-1.59E-04,1.68E-04,5.76E-05,4.14E-04,6.83E-05,-1.88E-05,3.00E-04,3.65E-06,-1.62E-04
1002,4.77E-04,2.48E-04,5.93E-04,2.10E-04,5.51E-04,4.10E-05,3.68E-04,6.80E-04,1.28E-04,-1.12E-04,2.45E-04,-1.59E-04,1.61E-04,5.20E-05,4.19E-04,7.07E-05,-1.89E-05,3.00E-04,8.56E-06,-1.50E-04
1003,4.62E-04,2.47E-04,5.95E-04,2.10E-04,5.52E-04,4.33E-05,3.61E-04,6.76E-04,1.30E-04,-1.01E-04,2.39E-04,-1.57E-04,1.57E-04,4.71E-05,4.25E-04,7.42E-05,-1.81E-05,3.01E-04,1.42E-05,-1.37E-04
1004,4.47E-04,2.49E-04,5.98E-04,2.09E-04,5.54E-04,4.66E-05,3.57E-04,6.74E-04,1.34E-04,-8.82E-05,2.25E-04,-1.54E-04,1.54E-04,4.30E-05,4.32E-04,7.88E-05,-1.65E-05,3.03E-04,2.05E-05,-1.23E-04
1005,4.34E-04,2.53E-04,6.01E-04,2.08E-04,5.56E-04,5.07E-05,3.53E-04,6.72E-04,1.38E-04,-7.43E-05,2.05E-04,-1.51E-04,1.52E-04,3.96E-05,4.39E-04,8.43E-05,-1.41E-05,3.05E-04,2.74E-05,-1.08E-04
1006,4.23E-04,2.58E-04,6.05E-04,2.07E-04,5.59E-04,5.55E-05,3.50E-04,6.71E-04,1.43E-04,-5.97E-05,1.78E-04,-1.48E-04,1.53E-04,3.67E-05,4.46E-04,9.07E-05,-1.10E-05,3.09E-04,3.47E-05,-9.20E-05
1007,4.13E-04,2.64E-04,6.08E-04,2.04E-04,5.62E-04,6.09E-05,3.48E-04,6.71E-04,1.49E-04,-4.46E-05,1.45E-04,-1.44E-04,1.54E-04,3.43E-05,4.52E-04,9.78E-05,-7.45E-06,3.13E-04,4.24E-05,-7.58E-05
1008,4.05E-04,2.70E-04,6.11E-04,2.01E-04,5.65E-04,6.67E-05,3.47E-04,6.71E-04,1.55E-04,-2.94E-05,1.09E-04,-1.41E-04,1.56E-04,3.22E-05,4.58E-04,1.05E-04,-3.48E-06,3.19E-04,5.03E-05,-5.94E-05
1009,3.99E-04,2.75E-04,6.14E-04,1.98E-04,5.68E-04,7.29E-05,3.46E-04,6.72E-04,1.62E-04,-1.46E-05,6.97E-05,-1.39E-04,1.58E-04,3.03E-05,4.63E-04,1.13E-04,7.49E-07,3.25E-04,5.83E-05,-4.30E-05
1010,3.94E-04,2.80E-04,6.16E-04,1.93E-04,5.69E-04,7.92E-05,3.44E-04,6.74E-04,1.69E-04,-2.51E-07,3.02E-05,-1.37E-04,1.61E-04,2.85E-05,4.67E-04,1.22E-04,5.10E-06,3.33E-04,6.62E-05,-2.68E-05
1011,3.90E-04,2.83E-04,6.17E-04,1.89E-04,5.71E-04,8.57E-05,3.43E-04,6.77E-04,1.75E-04,1.33E-05,-7.93E-06,-1.35E-04,1.64E-04,2.68E-05,4.70E-04,1.30E-04,9.45E-06,3.41E-04,7.40E-05,-1.11E-05
1012,3.88E-04,2.84E-04,6.18E-04,1.84E-04,5.71E-04,9.21E-05,3.41E-04,6.80E-04,1.82E-04,2.58E-05,-4.25E-05,-1.34E-04,1.66E-04,2.50E-05,4.72E-04,1.38E-04,1.37E-05,3.49E-04,8.16E-05,3.96E-06
1013,3.86E-04,2.84E-04,6.19E-04,1.80E-04,5.71E-04,9.85E-05,3.38E-04,6.84E-04,1.89E-04,3.73E-05,-7.18E-05,-1.33E-04,1.68E-04,2.32E-05,4.74E-04,1.46E-04,1.79E-05,3.58E-04,8.88E-05,1.83E-05
1014,3.85E-04,2.82E-04,6.19E-04,1.76E-04,5.70E-04,1.05E-04,3.35E-04,6.88E-04,1.95E-04,4.78E-05,-9.41E-05,-1.33E-04,1.70E-04,2.12E-05,4.74E-04,1.53E-04,2.19E-05,3.67E-04,9.57E-05,3.17E-05
1015,3.83E-04,2.78E-04,6.19E-04,1.72E-04,5.69E-04,1.11E-04,3.30E-04,6.93E-04,2.02E-04,5.72E-05,-1.08E-04,-1.33E-04,1.71E-04,1.92E-05,4.74E-04,1.60E-04,2.57E-05,3.76E-04,1.02E-04,4.41E-05
1016,3.82E-04,2.73E-04,6.19E-04,1.70E-04,5.68E-04,1.17E-04,3.25E-04,6.98E-04,2.08E-04,6.57E-05,-1.14E-04,-1.34E-04,1.72E-04,1.71E-05,4.74E-04,1.67E-04,2.95E-05,3.85E-04,1.08E-04,5.56E-05
1017,3.80E-04,2.67E-04,6.20E-04,1.68E-04,5.67E-04,1.23E-04,3.19E-04,7.04E-04,2.14E-04,7.34E-05,-1.10E-04,-1.34E-04,1.72E-04,1.50E-05,4.73E-04,1.73E-04,3.33E-05,3.93E-04,1.14E-04,6.61E-05
1018,3.78E-04,2.60E-04,6.21E-04,1.67E-04,5.67E-04,1.29E-04,3.13E-04,7.10E-04,2.20E-04,8.06E-05,-9.82E-05,-1.35E-04,1.73E-04,1.29E-05,4.73E-04,1.79E-04,3.72E-05,4.01E-04,1.20E-04,7.57E-05
1019,3.76E-04,2.52E-04,6.23E-04,1.67E-04,5.68E-04,1.35E-04,3.06E-04,7.16E-04,2.26E-04,8.75E-05,-7.83E-05,-1.35E-04,1.74E-04,1.10E-05,4.73E-04,1.84E-04,4.14E-05,4.07E-04,1.25E-04,8.44E-05
1020,3.72E-04,2.45E-04,6.26E-04,1.68E-04,5.70E-04,1.42E-04,2.98E-04,7.21E-04,2.32E-04,9.43E-05,-5.18E-05,-1.35E-04,1.75E-04,9.24E-06,4.74E-04,1.90E-04,4.61E-05,4.14E-04,1.30E-04,9.25E-05
1021,3.69E-04,2.38E-04,6.29E-04,1.69E-04,5.73E-04,1.48E-04,2.91E-04,7.26E-04,2.38E-04,1.01E-04,-2.04E-05,-1.36E-04,1.76E-04,7.79E-06,4.75E-04,1.95E-04,5.13E-05,4.19E-04,1.35E-04,9.98E-05
1022,3.65E-04,2.32E-04,6.33E-04,1.72E-04,5.78E-04,1.55E-04,2.85E-04,7.31E-04,2.44E-04,1.08E-04,1.40E-05,-1.36E-04,1.78E-04,6.71E-06,4.78E-04,2.00E-04,5.73E-05,4.24E-04,1.40E-04,1.07E-04
1023,3.61E-04,2.27E-04,6.38E-04,1.74E-04,5.83E-04,1.62E-04,2.79E-04,7.35E-04,2.50E-04,1.16E-04,4.93E-05,-1.35E-04,1.81E-04,6.06E-06,4.81E-04,2.05E-04,6.40E-05,4.28E-04,1.45E-04,1.13E-04
1024,3.57E-04,2.24E-04,6.43E-04,1.77E-04,5.90E-04,1.69E-04,2.74E-04,7.38E-04,2.56E-04,1.25E-04,8.37E-05,-1.35E-04,1.84E-04,5.89E-06,4.84E-04,2.10E-04,7.17E-05,4.32E-04,1.50E-04,1.20E-04
1025,3.54E-04,2.22E-04,6.49E-04,1.80E-04,5.98E-04,1.76E-04,2.70E-04,7.40E-04,2.62E-04,1.34E-04,1.15E-04,-1.34E-04,1.88E-04,6.23E-06,4.89E-04,2.16E-04,8.04E-05,4.35E-04,1.56E-04,1.26E-04
1026,3.52E-04,2.23E-04,6.54E-04,1.83E-04,6.06E-04,1.83E-04,2.67E-04,7.42E-04,2.69E-04,1.43E-04,1.42E-04,-1.33E-04,1.93E-04,7.10E-06,4.94E-04,2.21E-04,8.99E-05,4.39E-04,1.61E-04,1.32E-04
1027,3.51E-04,2.24E-04,6.59E-04,1.85E-04,6.14E-04,1.91E-04,2.65E-04,7.43E-04,2.76E-04,1.53E-04,1.64E-04,-1.31E-04,1.99E-04,8.48E-06,4.99E-04,2.27E-04,1.00E-04,4.42E-04,1.66E-04,1.38E-04
1028,3.51E-04,2.28E-04,6.64E-04,1.87E-04,6.22E-04,1.99E-04,2.65E-04,7.43E-04,2.83E-04,1.64E-04,1.78E-04,-1.29E-04,2.05E-04,1.04E-05,5.04E-04,2.33E-04,1.12E-04,4.46E-04,1.71E-04,1.43E-04
1029,3.53E-04,2.33E-04,6.68E-04,1.88E-04,6.30E-04,2.06E-04,2.67E-04,7.42E-04,2.89E-04,1.75E-04,1.85E-04,-1.27E-04,2.12E-04,1.27E-05,5.09E-04,2.39E-04,1.23E-04,4.51E-04,1.77E-04,1.49E-04
1030,3.56E-04,2.39E-04,6.72E-04,1.89E-04,6.36E-04,2.14E-04,2.69E-04,7.41E-04,2.96E-04,1.86E-04,1.86E-04,-1.23E-04,2.20E-04,1.53E-05,5.14E-04,2.45E-04,1.35E-04,4.56E-04,1.82E-04,1.55E-04
1031,3.61E-04,2.46E-04,6.75E-04,1.90E-04,6.41E-04,2.21E-04,2.72E-04,7.40E-04,3.03E-04,1.98E-04,1.79E-04,-1.19E-04,2.28E-04,1.83E-05,5.18E-04,2.51E-04,1.48E-04,4.63E-04,1.87E-04,1.60E-04
1032,3.67E-04,2.54E-04,6.78E-04,1.90E-04,6.44E-04,2.28E-04,2.76E-04,7.39E-04,3.09E-04,2.09E-04,1.66E-04,-1.13E-04,2.36E-04,2.15E-05,5.22E-04,2.57E-04,1.60E-04,4.70E-04,1.92E-04,1.65E-04
1033,3.73E-04,2.62E-04,6.80E-04,1.89E-04,6.45E-04,2.35E-04,2.81E-04,7.39E-04,3.15E-04,2.19E-04,1.48E-04,-1.07E-04,2.44E-04,2.48E-05,5.24E-04,2.62E-04,1.72E-04,4.78E-04,1.97E-04,1.70E-04
1034,3.81E-04,2.70E-04,6.82E-04,1.89E-04,6.45E-04,2.41E-04,2.86E-04,7.39E-04,3.21E-04,2.29E-04,1.27E-04,-9.90E-05,2.52E-04,2.81E-05,5.26E-04,2.66E-04,1.83E-04,4.87E-04,2.01E-04,1.74E-04
1035,3.89E-04,2.78E-04,6.83E-04,1.88E-04,6.43E-04,2.47E-04,2.92E-04,7.40E-04,3.26E-04,2.38E-04,1.03E-04,-8.98E-05,2.59E-04,3.13E-05,5.26E-04,2.70E-04,1.94E-04,4.96E-04,2.05E-04,1.77E-04
1036,3.97E-04,2.86E-04,6.84E-04,1.87E-04,6.39E-04,2.52E-04,2.97E-04,7.42E-04,3.31E-04,2.46E-04,7.96E-05,-7.93E-05,2.67E-04,3.43E-05,5.26E-04,2.73E-04,2.03E-04,5.06E-04,2.08E-04,1.80E-04
1037,4.05E-04,2.93E-04,6.86E-04,1.86E-04,6.34E-04,2.56E-04,3.03E-04,7.45E-04,3.35E-04,2.53E-04,5.71E-05,-6.74E-05,2.74E-04,3.71E-05,5.25E-04,2.75E-04,2.12E-04,5.16E-04,2.11E-04,1.82E-04
1038,4.12E-04,2.99E-04,6.88E-04,1.85E-04,6.28E-04,2.59E-04,3.08E-04,7.49E-04,3.39E-04,2.59E-04,3.73E-05,-5.45E-05,2.80E-04,3.97E-05,5.24E-04,2.76E-04,2.20E-04,5.27E-04,2.14E-04,1.83E-04
1039,4.19E-04,3.05E-04,6.90E-04,1.85E-04,6.21E-04,2.62E-04,3.13E-04,7.54E-04,3.43E-04,2.63E-04,2.16E-05,-4.05E-05,2.86E-04,4.19E-05,5.22E-04,2.76E-04,2.26E-04,5.36E-04,2.16E-04,1.82E-04
1040,4.26E-04,3.10E-04,6.94E-04,1.85E-04,6.15E-04,2.63E-04,3.18E-04,7.61E-04,3.45E-04,2.67E-04,1.09E-05,-2.57E-05,2.92E-04,4.38E-05,5.20E-04,2.75E-04,2.32E-04,5.46E-04,2.17E-04,1.81E-04
1041,4.31E-04,3.13E-04,6.98E-04,1.85E-04,6.10E-04,2.64E-04,3.23E-04,7.68E-04,3.48E-04,2.69E-04,6.10E-06,-1.03E-05,2.96E-04,4.55E-05,5.18E-04,2.74E-04,2.36E-04,5.54E-04,2.18E-04,1.79E-04
1042,4.37E-04,3.16E-04,7.02E-04,1.86E-04,6.05E-04,2.64E-04,3.27E-04,7.75E-04,3.50E-04,2.70E-04,7.43E-06,5.19E-06,3.01E-04,4.68E-05,5.16E-04,2.71E-04,2.40E-04,5.61E-04,2.19E-04,1.75E-04
1043,4.42E-04,3.19E-04,7.08E-04,1.87E-04,6.02E-04,2.64E-04,3.32E-04,7.83E-04,3.52E-04,2.70E-04,1.49E-05,2.06E-05,3.05E-04,4.80E-05,5.15E-04,2.68E-04,2.44E-04,5.67E-04,2.19E-04,1.71E-04
1044,4.47E-04,3.20E-04,7.14E-04,1.88E-04,6.01E-04,2.63E-04,3.37E-04,7.91E-04,3.54E-04,2.70E-04,2.81E-05,3.56E-05,3.08E-04,4.91E-05,5.15E-04,2.64E-04,2.47E-04,5.72E-04,2.19E-04,1.66E-04
1045,4.52E-04,3.21E-04,7.21E-04,1.90E-04,6.01E-04,2.61E-04,3.43E-04,7.99E-04,3.55E-04,2.69E-04,4.65E-05,4.97E-05,3.11E-04,5.01E-05,5.16E-04,2.60E-04,2.50E-04,5.76E-04,2.19E-04,1.61E-04
1046,4.58E-04,3.22E-04,7.28E-04,1.92E-04,6.04E-04,2.59E-04,3.48E-04,8.07E-04,3.57E-04,2.68E-04,6.91E-05,6.28E-05,3.13E-04,5.12E-05,5.17E-04,2.56E-04,2.53E-04,5.78E-04,2.19E-04,1.55E-04
1047,4.64E-04,3.22E-04,7.35E-04,1.94E-04,6.08E-04,2.57E-04,3.54E-04,8.13E-04,3.58E-04,2.66E-04,9.48E-05,7.44E-05,3.16E-04,5.25E-05,5.20E-04,2.52E-04,2.56E-04,5.79E-04,2.18E-04,1.49E-04
1048,4.72E-04,3.22E-04,7.42E-04,1.95E-04,6.14E-04,2.55E-04,3.61E-04,8.19E-04,3.60E-04,2.65E-04,1.22E-04,8.45E-05,3.18E-04,5.40E-05,5.24E-04,2.49E-04,2.60E-04,5.80E-04,2.18E-04,1.42E-04
1049,4.80E-04,3.22E-04,7.48E-04,1.97E-04,6.21E-04,2.54E-04,3.67E-04,8.23E-04,3.62E-04,2.63E-04,1.51E-04,9.27E-05,3.20E-04,5.60E-05,5.28E-04,2.46E-04,2.65E-04,5.79E-04,2.17E-04,1.36E-04
1050,4.89E-04,3.21E-04,7.54E-04,1.99E-04,6.29E-04,2.52E-04,3.73E-04,8.26E-04,3.64E-04,2.62E-04,1.79E-04,9.91E-05,3.22E-04,5.84E-05,5.34E-04,2.44E-04,2.70E-04,5.79E-04,2.17E-04,1.30E-04
1051,5.00E-04,3.22E-04,7.58E-04,2.01E-04,6.36E-04,2.51E-04,3.79E-04,8.28E-04,3.66E-04,2.61E-04,2.05E-04,1.04E-04,3.24E-04,6.13E-05,5.39E-04,2.43E-04,2.76E-04,5.78E-04,2.17E-04,1.24E-04
1052,5.11E-04,3.22E-04,7.61E-04,2.03E-04,6.43E-04,2.51E-04,3.85E-04,8.29E-04,3.68E-04,2.60E-04,2.29E-04,1.06E-04,3.26E-04,6.48E-05,5.45E-04,2.42E-04,2.83E-04,5.77E-04,2.17E-04,1.19E-04
1053,5.22E-04,3.22E-04,7.63E-04,2.05E-04,6.50E-04,2.51E-04,3.89E-04,8.29E-04,3.71E-04,2.59E-04,2.50E-04,1.07E-04,3.29E-04,6.88E-05,5.51E-04,2.43E-04,2.90E-04,5.77E-04,2.18E-04,1.14E-04
1054,5.33E-04,3.23E-04,7.64E-04,2.07E-04,6.55E-04,2.53E-04,3.93E-04,8.28E-04,3.73E-04,2.59E-04,2.68E-04,1.07E-04,3.32E-04,7.34E-05,5.57E-04,2.44E-04,2.97E-04,5.78E-04,2.18E-04,1.10E-04
1055,5.44E-04,3.24E-04,7.64E-04,2.09E-04,6.58E-04,2.54E-04,3.96E-04,8.26E-04,3.76E-04,2.58E-04,2.83E-04,1.05E-04,3.36E-04,7.84E-05,5.62E-04,2.46E-04,3.05E-04,5.79E-04,2.19E-04,1.06E-04
1056,5.54E-04,3.25E-04,7.62E-04,2.12E-04,6.58E-04,2.57E-04,3.98E-04,8.23E-04,3.78E-04,2.58E-04,2.94E-04,1.02E-04,3.40E-04,8.39E-05,5.66E-04,2.48E-04,3.13E-04,5.81E-04,2.20E-04,1.03E-04
1057,5.61E-04,3.27E-04,7.59E-04,2.14E-04,6.56E-04,2.60E-04,3.98E-04,8.20E-04,3.80E-04,2.57E-04,3.01E-04,9.81E-05,3.45E-04,8.96E-05,5.69E-04,2.52E-04,3.20E-04,5.84E-04,2.21E-04,1.00E-04
1058,5.67E-04,3.29E-04,7.56E-04,2.16E-04,6.52E-04,2.63E-04,3.97E-04,8.16E-04,3.82E-04,2.56E-04,3.06E-04,9.41E-05,3.50E-04,9.55E-05,5.71E-04,2.55E-04,3.26E-04,5.88E-04,2.22E-04,9.82E-05
1059,5.69E-04,3.31E-04,7.51E-04,2.19E-04,6.46E-04,2.67E-04,3.94E-04,8.13E-04,3.84E-04,2.54E-04,3.09E-04,9.01E-05,3.56E-04,1.01E-04,5.71E-04,2.58E-04,3.32E-04,5.92E-04,2.24E-04,9.62E-05
1060,5.69E-04,3.33E-04,7.46E-04,2.21E-04,6.37E-04,2.72E-04,3.90E-04,8.09E-04,3.85E-04,2.51E-04,3.11E-04,8.62E-05,3.62E-04,1.07E-04,5.71E-04,2.61E-04,3.36E-04,5.97E-04,2.25E-04,9.42E-05
1061,5.66E-04,3.34E-04,7.41E-04,2.23E-04,6.26E-04,2.76E-04,3.85E-04,8.04E-04,3.86E-04,2.48E-04,3.12E-04,8.27E-05,3.68E-04,1.12E-04,5.69E-04,2.64E-04,3.40E-04,6.01E-04,2.26E-04,9.22E-05
1062,5.59E-04,3.36E-04,7.36E-04,2.25E-04,6.14E-04,2.79E-04,3.80E-04,8.00E-04,3.86E-04,2.44E-04,3.12E-04,7.98E-05,3.75E-04,1.17E-04,5.66E-04,2.66E-04,3.42E-04,6.06E-04,2.28E-04,9.00E-05
1063,5.49E-04,3.37E-04,7.31E-04,2.27E-04,6.01E-04,2.83E-04,3.73E-04,7.95E-04,3.86E-04,2.39E-04,3.14E-04,7.77E-05,3.81E-04,1.22E-04,5.62E-04,2.68E-04,3.42E-04,6.10E-04,2.29E-04,8.74E-05
1064,5.37E-04,3.38E-04,7.25E-04,2.28E-04,5.87E-04,2.86E-04,3.67E-04,7.90E-04,3.85E-04,2.32E-04,3.16E-04,7.64E-05,3.86E-04,1.25E-04,5.57E-04,2.69E-04,3.41E-04,6.14E-04,2.30E-04,8.43E-05
1065,5.22E-04,3.37E-04,7.21E-04,2.29E-04,5.74E-04,2.88E-04,3.61E-04,7.84E-04,3.84E-04,2.25E-04,3.19E-04,7.59E-05,3.91E-04,1.28E-04,5.52E-04,2.68E-04,3.39E-04,6.16E-04,2.31E-04,8.07E-05
1066,5.06E-04,3.36E-04,7.16E-04,2.29E-04,5.61E-04,2.89E-04,3.55E-04,7.78E-04,3.81E-04,2.16E-04,3.24E-04,7.61E-05,3.95E-04,1.30E-04,5.46E-04,2.67E-04,3.35E-04,6.18E-04,2.32E-04,7.64E-05
1067,4.88E-04,3.34E-04,7.11E-04,2.29E-04,5.50E-04,2.89E-04,3.50E-04,7.71E-04,3.79E-04,2.06E-04,3.31E-04,7.69E-05,3.98E-04,1.31E-04,5.40E-04,2.65E-04,3.31E-04,6.18E-04,2.32E-04,7.15E-05
1068,4.71E-04,3.31E-04,7.06E-04,2.27E-04,5.40E-04,2.88E-04,3.46E-04,7.64E-04,3.75E-04,1.96E-04,3.39E-04,7.82E-05,3.99E-04,1.32E-04,5.34E-04,2.62E-04,3.25E-04,6.17E-04,2.32E-04,6.60E-05
1069,4.54E-04,3.27E-04,7.01E-04,2.26E-04,5.32E-04,2.86E-04,3.43E-04,7.55E-04,3.72E-04,1.84E-04,3.49E-04,7.96E-05,4.00E-04,1.32E-04,5.28E-04,2.58E-04,3.20E-04,6.16E-04,2.33E-04,5.99E-05
1070,4.38E-04,3.21E-04,6.96E-04,2.24E-04,5.25E-04,2.83E-04,3.41E-04,7.45E-04,3.67E-04,1.72E-04,3.59E-04,8.11E-05,3.99E-04,1.31E-04,5.23E-04,2.54E-04,3.14E-04,6.13E-04,2.32E-04,5.35E-05
1071,4.25E-04,3.15E-04,6.90E-04,2.21E-04,5.21E-04,2.80E-04,3.39E-04,7.35E-04,3.63E-04,1.60E-04,3.70E-04,8.23E-05,3.96E-04,1.30E-04,5.18E-04,2.49E-04,3.08E-04,6.09E-04,2.32E-04,4.68E-05
1072,4.13E-04,3.08E-04,6.83E-04,2.18E-04,5.18E-04,2.75E-04,3.38E-04,7.24E-04,3.58E-04,1.47E-04,3.80E-04,8.30E-05,3.93E-04,1.29E-04,5.13E-04,2.44E-04,3.03E-04,6.05E-04,2.32E-04,4.00E-05
1073,4.05E-04,3.00E-04,6.75E-04,2.15E-04,5.16E-04,2.71E-04,3.38E-04,7.13E-04,3.52E-04,1.35E-04,3.91E-04,8.30E-05,3.89E-04,1.28E-04,5.10E-04,2.39E-04,2.98E-04,6.01E-04,2.32E-04,3.34E-05
1074,4.00E-04,2.92E-04,6.67E-04,2.13E-04,5.16E-04,2.66E-04,3.38E-04,7.01E-04,3.46E-04,1.23E-04,4.00E-04,8.22E-05,3.84E-04,1.27E-04,5.07E-04,2.35E-04,2.95E-04,5.96E-04,2.32E-04,2.72E-05
1075,3.97E-04,2.84E-04,6.57E-04,2.10E-04,5.16E-04,2.62E-04,3.37E-04,6.89E-04,3.41E-04,1.11E-04,4.08E-04,8.04E-05,3.80E-04,1.26E-04,5.05E-04,2.30E-04,2.93E-04,5.92E-04,2.32E-04,2.15E-05
1076,3.98E-04,2.76E-04,6.47E-04,2.09E-04,5.16E-04,2.57E-04,3.37E-04,6.77E-04,3.35E-04,1.01E-04,4.14E-04,7.76E-05,3.75E-04,1.27E-04,5.04E-04,2.27E-04,2.93E-04,5.88E-04,2.32E-04,1.68E-05
1077,4.01E-04,2.68E-04,6.36E-04,2.08E-04,5.15E-04,2.54E-04,3.35E-04,6.65E-04,3.29E-04,9.11E-05,4.19E-04,7.39E-05,3.71E-04,1.28E-04,5.03E-04,2.24E-04,2.94E-04,5.86E-04,2.33E-04,1.30E-05
1078,4.06E-04,2.61E-04,6.24E-04,2.08E-04,5.14E-04,2.51E-04,3.33E-04,6.53E-04,3.22E-04,8.26E-05,4.22E-04,6.94E-05,3.67E-04,1.30E-04,5.03E-04,2.22E-04,2.97E-04,5.84E-04,2.35E-04,1.05E-05
1079,4.12E-04,2.55E-04,6.12E-04,2.10E-04,5.12E-04,2.49E-04,3.30E-04,6.42E-04,3.16E-04,7.54E-05,4.23E-04,6.42E-05,3.65E-04,1.33E-04,5.03E-04,2.21E-04,3.02E-04,5.84E-04,2.37E-04,9.23E-06
1080,4.19E-04,2.50E-04,5.99E-04,2.12E-04,5.07E-04,2.49E-04,3.26E-04,6.32E-04,3.10E-04,6.95E-05,4.23E-04,5.85E-05,3.65E-04,1.37E-04,5.04E-04,2.21E-04,3.08E-04,5.85E-04,2.40E-04,9.38E-06
1081,4.26E-04,2.47E-04,5.86E-04,2.16E-04,5.01E-04,2.49E-04,3.21E-04,6.22E-04,3.05E-04,6.50E-05,4.22E-04,5.27E-05,3.65E-04,1.42E-04,5.05E-04,2.22E-04,3.16E-04,5.87E-04,2.43E-04,1.09E-05
1082,4.32E-04,2.45E-04,5.74E-04,2.21E-04,4.93E-04,2.51E-04,3.15E-04,6.13E-04,2.99E-04,6.18E-05,4.20E-04,4.70E-05,3.68E-04,1.48E-04,5.06E-04,2.24E-04,3.26E-04,5.90E-04,2.47E-04,1.39E-05
1083,4.37E-04,2.44E-04,5.62E-04,2.26E-04,4.82E-04,2.55E-04,3.08E-04,6.05E-04,2.93E-04,5.99E-05,4.17E-04,4.19E-05,3.72E-04,1.55E-04,5.07E-04,2.26E-04,3.36E-04,5.94E-04,2.52E-04,1.81E-05
1084,4.41E-04,2.44E-04,5.51E-04,2.33E-04,4.70E-04,2.59E-04,3.02E-04,5.97E-04,2.88E-04,5.92E-05,4.15E-04,3.78E-05,3.77E-04,1.63E-04,5.08E-04,2.30E-04,3.48E-04,6.00E-04,2.58E-04,2.34E-05
1085,4.42E-04,2.45E-04,5.41E-04,2.40E-04,4.55E-04,2.64E-04,2.95E-04,5.89E-04,2.83E-04,5.95E-05,4.13E-04,3.48E-05,3.84E-04,1.72E-04,5.09E-04,2.33E-04,3.60E-04,6.06E-04,2.64E-04,2.97E-05
1086,4.41E-04,2.47E-04,5.31E-04,2.47E-04,4.39E-04,2.71E-04,2.89E-04,5.82E-04,2.78E-04,6.07E-05,4.12E-04,3.34E-05,3.92E-04,1.81E-04,5.09E-04,2.38E-04,3.72E-04,6.12E-04,2.71E-04,3.67E-05
1087,4.38E-04,2.50E-04,5.23E-04,2.55E-04,4.22E-04,2.77E-04,2.84E-04,5.75E-04,2.73E-04,6.26E-05,4.12E-04,3.39E-05,4.00E-04,1.90E-04,5.10E-04,2.42E-04,3.84E-04,6.19E-04,2.78E-04,4.42E-05
1088,4.32E-04,2.52E-04,5.15E-04,2.62E-04,4.04E-04,2.85E-04,2.80E-04,5.67E-04,2.68E-04,6.50E-05,4.13E-04,3.63E-05,4.07E-04,1.99E-04,5.10E-04,2.46E-04,3.96E-04,6.26E-04,2.85E-04,5.19E-05
1089,4.25E-04,2.54E-04,5.07E-04,2.69E-04,3.86E-04,2.92E-04,2.77E-04,5.59E-04,2.64E-04,6.78E-05,4.16E-04,4.08E-05,4.15E-04,2.09E-04,5.10E-04,2.51E-04,4.08E-04,6.33E-04,2.93E-04,5.96E-05
1090,4.16E-04,2.56E-04,5.01E-04,2.75E-04,3.67E-04,3.00E-04,2.76E-04,5.50E-04,2.59E-04,7.07E-05,4.20E-04,4.75E-05,4.22E-04,2.18E-04,5.10E-04,2.55E-04,4.19E-04,6.40E-04,3.01E-04,6.70E-05
1091,4.05E-04,2.57E-04,4.94E-04,2.80E-04,3.50E-04,3.07E-04,2.77E-04,5.41E-04,2.55E-04,7.37E-05,4.26E-04,5.63E-05,4.27E-04,2.26E-04,5.09E-04,2.58E-04,4.29E-04,6.47E-04,3.09E-04,7.39E-05
1092,3.94E-04,2.57E-04,4.87E-04,2.84E-04,3.33E-04,3.14E-04,2.79E-04,5.31E-04,2.51E-04,7.66E-05,4.33E-04,6.69E-05,4.31E-04,2.35E-04,5.09E-04,2.62E-04,4.39E-04,6.53E-04,3.17E-04,8.02E-05
1093,3.83E-04,2.56E-04,4.80E-04,2.88E-04,3.18E-04,3.20E-04,2.83E-04,5.21E-04,2.47E-04,7.94E-05,4.41E-04,7.92E-05,4.34E-04,2.43E-04,5.08E-04,2.64E-04,4.47E-04,6.58E-04,3.24E-04,8.57E-05
1094,3.73E-04,2.55E-04,4.72E-04,2.91E-04,3.04E-04,3.25E-04,2.89E-04,5.10E-04,2.43E-04,8.18E-05,4.50E-04,9.29E-05,4.35E-04,2.50E-04,5.08E-04,2.67E-04,4.55E-04,6.64E-04,3.31E-04,9.03E-05
1095,3.63E-04,2.53E-04,4.64E-04,2.93E-04,2.93E-04,3.30E-04,2.96E-04,4.99E-04,2.40E-04,8.41E-05,4.60E-04,1.08E-04,4.34E-04,2.57E-04,5.07E-04,2.69E-04,4.62E-04,6.68E-04,3.38E-04,9.42E-05
1096,3.55E-04,2.51E-04,4.54E-04,2.95E-04,2.83E-04,3.35E-04,3.04E-04,4.88E-04,2.36E-04,8.61E-05,4.71E-04,1.23E-04,4.32E-04,2.64E-04,5.07E-04,2.71E-04,4.69E-04,6.73E-04,3.45E-04,9.71E-05
1097,3.49E-04,2.49E-04,4.43E-04,2.97E-04,2.75E-04,3.38E-04,3.12E-04,4.76E-04,2.33E-04,8.79E-05,4.81E-04,1.38E-04,4.28E-04,2.70E-04,5.07E-04,2.73E-04,4.75E-04,6.77E-04,3.51E-04,9.94E-05
1098,3.44E-04,2.48E-04,4.31E-04,2.98E-04,2.69E-04,3.42E-04,3.21E-04,4.66E-04,2.29E-04,8.96E-05,4.92E-04,1.53E-04,4.24E-04,2.76E-04,5.07E-04,2.75E-04,4.81E-04,6.82E-04,3.58E-04,1.01E-04
1099,3.41E-04,2.47E-04,4.18E-04,3.00E-04,2.64E-04,3.44E-04,3.30E-04,4.55E-04,2.26E-04,9.13E-05,5.03E-04,1.68E-04,4.20E-04,2.83E-04,5.07E-04,2.77E-04,4.87E-04,6.86E-04,3.64E-04,1.02E-04
1100,3.40E-04,2.48E-04,4.05E-04,3.03E-04,2.62E-04,3.47E-04,3.39E-04,4.46E-04,2.24E-04,9.31E-05,5.14E-04,1.82E-04,4.17E-04,2.89E-04,5.08E-04,2.79E-04,4.93E-04,6.90E-04,3.70E-04,1.03E-04
1101,3.41E-04,2.51E-04,3.91E-04,3.06E-04,2.60E-04,3.49E-04,3.47E-04,4.37E-04,2.21E-04,9.51E-05,5.25E-04,1.94E-04,4.14E-04,2.96E-04,5.09E-04,2.82E-04,5.00E-04,6.94E-04,3.76E-04,1.04E-04
1102,3.44E-04,2.56E-04,3.76E-04,3.10E-04,2.59E-04,3.51E-04,3.55E-04,4.30E-04,2.19E-04,9.74E-05,5.36E-04,2.06E-04,4.12E-04,3.03E-04,5.10E-04,2.85E-04,5.07E-04,6.99E-04,3.82E-04,1.05E-04
1103,3.47E-04,2.62E-04,3.62E-04,3.15E-04,2.59E-04,3.54E-04,3.62E-04,4.23E-04,2.17E-04,1.00E-04,5.47E-04,2.16E-04,4.13E-04,3.11E-04,5.12E-04,2.89E-04,5.14E-04,7.04E-04,3.88E-04,1.07E-04
1104,3.52E-04,2.71E-04,3.48E-04,3.21E-04,2.60E-04,3.56E-04,3.68E-04,4.17E-04,2.16E-04,1.03E-04,5.58E-04,2.24E-04,4.16E-04,3.19E-04,5.14E-04,2.94E-04,5.22E-04,7.08E-04,3.95E-04,1.08E-04
1105,3.56E-04,2.83E-04,3.36E-04,3.28E-04,2.60E-04,3.59E-04,3.73E-04,4.13E-04,2.16E-04,1.07E-04,5.69E-04,2.32E-04,4.22E-04,3.28E-04,5.17E-04,2.99E-04,5.30E-04,7.14E-04,4.02E-04,1.11E-04
1106,3.61E-04,2.96E-04,3.25E-04,3.36E-04,2.61E-04,3.62E-04,3.78E-04,4.09E-04,2.16E-04,1.10E-04,5.80E-04,2.38E-04,4.30E-04,3.37E-04,5.20E-04,3.05E-04,5.39E-04,7.19E-04,4.09E-04,1.14E-04
1107,3.65E-04,3.10E-04,3.15E-04,3.44E-04,2.61E-04,3.65E-04,3.82E-04,4.05E-04,2.17E-04,1.15E-04,5.92E-04,2.43E-04,4.41E-04,3.46E-04,5.24E-04,3.12E-04,5.48E-04,7.25E-04,4.17E-04,1.17E-04
1108,3.68E-04,3.25E-04,3.08E-04,3.52E-04,2.61E-04,3.68E-04,3.86E-04,4.02E-04,2.18E-04,1.19E-04,6.05E-04,2.48E-04,4.55E-04,3.56E-04,5.28E-04,3.19E-04,5.58E-04,7.30E-04,4.25E-04,1.21E-04
1109,3.70E-04,3.41E-04,3.03E-04,3.61E-04,2.61E-04,3.72E-04,3.90E-04,3.99E-04,2.20E-04,1.24E-04,6.18E-04,2.53E-04,4.71E-04,3.67E-04,5.32E-04,3.26E-04,5.67E-04,7.36E-04,4.33E-04,1.26E-04
1110,3.70E-04,3.57E-04,3.00E-04,3.68E-04,2.59E-04,3.76E-04,3.94E-04,3.96E-04,2.22E-04,1.28E-04,6.30E-04,2.57E-04,4.89E-04,3.77E-04,5.36E-04,3.34E-04,5.76E-04,7.41E-04,4.42E-04,1.30E-04
1111,3.68E-04,3.72E-04,2.99E-04,3.75E-04,2.58E-04,3.79E-04,3.98E-04,3.93E-04,2.25E-04,1.32E-04,6.43E-04,2.62E-04,5.08E-04,3.87E-04,5.41E-04,3.42E-04,5.85E-04,7.47E-04,4.51E-04,1.35E-04
1112,3.65E-04,3.86E-04,3.01E-04,3.81E-04,2.56E-04,3.83E-04,4.02E-04,3.89E-04,2.28E-04,1.36E-04,6.56E-04,2.67E-04,5.28E-04,3.97E-04,5.45E-04,3.49E-04,5.93E-04,7.52E-04,4.59E-04,1.40E-04
1113,3.59E-04,3.97E-04,3.04E-04,3.86E-04,2.53E-04,3.86E-04,4.06E-04,3.85E-04,2.32E-04,1.39E-04,6.67E-04,2.73E-04,5.48E-04,4.07E-04,5.49E-04,3.56E-04,6.01E-04,7.57E-04,4.68E-04,1.44E-04
1114,3.52E-04,4.07E-04,3.08E-04,3.89E-04,2.50E-04,3.88E-04,4.10E-04,3.80E-04,2.35E-04,1.41E-04,6.78E-04,2.80E-04,5.67E-04,4.16E-04,5.53E-04,3.63E-04,6.08E-04,7.62E-04,4.76E-04,1.48E-04
1115,3.42E-04,4.14E-04,3.14E-04,3.90E-04,2.46E-04,3.90E-04,4.14E-04,3.74E-04,2.38E-04,1.43E-04,6.87E-04,2.88E-04,5.86E-04,4.25E-04,5.57E-04,3.69E-04,6.14E-04,7.67E-04,4.83E-04,1.52E-04
1116,3.31E-04,4.18E-04,3.21E-04,3.90E-04,2.42E-04,3.90E-04,4.19E-04,3.68E-04,2.41E-04,1.43E-04,6.93E-04,2.97E-04,6.03E-04,4.33E-04,5.60E-04,3.75E-04,6.20E-04,7.71E-04,4.90E-04,1.54E-04
1117,3.19E-04,4.21E-04,3.27E-04,3.87E-04,2.38E-04,3.90E-04,4.23E-04,3.61E-04,2.43E-04,1.41E-04,6.98E-04,3.06E-04,6.18E-04,4.40E-04,5.62E-04,3.80E-04,6.24E-04,7.74E-04,4.96E-04,1.56E-04
1118,3.06E-04,4.21E-04,3.34E-04,3.84E-04,2.34E-04,3.89E-04,4.27E-04,3.54E-04,2.45E-04,1.39E-04,7.00E-04,3.16E-04,6.31E-04,4.46E-04,5.64E-04,3.83E-04,6.28E-04,7.77E-04,5.01E-04,1.57E-04
1119,2.91E-04,4.19E-04,3.41E-04,3.79E-04,2.30E-04,3.87E-04,4.32E-04,3.47E-04,2.46E-04,1.35E-04,6.98E-04,3.26E-04,6.42E-04,4.52E-04,5.65E-04,3.87E-04,6.31E-04,7.80E-04,5.05E-04,1.56E-04
1120,2.76E-04,4.17E-04,3.47E-04,3.73E-04,2.25E-04,3.84E-04,4.35E-04,3.40E-04,2.45E-04,1.29E-04,6.94E-04,3.36E-04,6.50E-04,4.57E-04,5.66E-04,3.89E-04,6.34E-04,7.82E-04,5.08E-04,1.55E-04
1121,2.60E-04,4.14E-04,3.52E-04,3.66E-04,2.21E-04,3.80E-04,4.39E-04,3.34E-04,2.44E-04,1.23E-04,6.87E-04,3.46E-04,6.56E-04,4.61E-04,5.66E-04,3.91E-04,6.37E-04,7.83E-04,5.10E-04,1.53E-04
1122,2.45E-04,4.12E-04,3.57E-04,3.59E-04,2.17E-04,3.76E-04,4.43E-04,3.28E-04,2.41E-04,1.16E-04,6.77E-04,3.56E-04,6.60E-04,4.64E-04,5.65E-04,3.91E-04,6.39E-04,7.84E-04,5.11E-04,1.50E-04
1123,2.29E-04,4.11E-04,3.60E-04,3.52E-04,2.14E-04,3.70E-04,4.47E-04,3.23E-04,2.38E-04,1.08E-04,6.65E-04,3.65E-04,6.63E-04,4.67E-04,5.64E-04,3.92E-04,6.43E-04,7.85E-04,5.12E-04,1.46E-04
1124,2.14E-04,4.12E-04,3.63E-04,3.45E-04,2.10E-04,3.64E-04,4.51E-04,3.19E-04,2.33E-04,9.95E-05,6.51E-04,3.74E-04,6.64E-04,4.70E-04,5.62E-04,3.92E-04,6.46E-04,7.84E-04,5.12E-04,1.42E-04
1125,2.00E-04,4.15E-04,3.65E-04,3.39E-04,2.07E-04,3.58E-04,4.56E-04,3.15E-04,2.28E-04,9.09E-05,6.36E-04,3.82E-04,6.64E-04,4.72E-04,5.60E-04,3.91E-04,6.50E-04,7.83E-04,5.12E-04,1.38E-04
1126,1.86E-04,4.21E-04,3.67E-04,3.33E-04,2.04E-04,3.51E-04,4.61E-04,3.13E-04,2.21E-04,8.24E-05,6.20E-04,3.89E-04,6.64E-04,4.74E-04,5.57E-04,3.90E-04,6.55E-04,7.82E-04,5.11E-04,1.33E-04
1127,1.73E-04,4.30E-04,3.69E-04,3.28E-04,2.01E-04,3.45E-04,4.68E-04,3.11E-04,2.14E-04,7.43E-05,6.04E-04,3.95E-04,6.63E-04,4.76E-04,5.54E-04,3.89E-04,6.61E-04,7.80E-04,5.10E-04,1.29E-04
1128,1.61E-04,4.42E-04,3.70E-04,3.24E-04,1.99E-04,3.38E-04,4.76E-04,3.10E-04,2.07E-04,6.69E-05,5.90E-04,4.00E-04,6.63E-04,4.78E-04,5.51E-04,3.88E-04,6.68E-04,7.77E-04,5.10E-04,1.26E-04
1129,1.50E-04,4.57E-04,3.72E-04,3.21E-04,1.97E-04,3.32E-04,4.85E-04,3.10E-04,1.99E-04,6.04E-05,5.77E-04,4.05E-04,6.64E-04,4.80E-04,5.48E-04,3.86E-04,6.76E-04,7.74E-04,5.09E-04,1.22E-04
1130,1.40E-04,4.73E-04,3.74E-04,3.19E-04,1.95E-04,3.25E-04,4.96E-04,3.10E-04,1.91E-04,5.49E-05,5.66E-04,4.10E-04,6.66E-04,4.83E-04,5.45E-04,3.85E-04,6.84E-04,7.71E-04,5.09E-04,1.20E-04
1131,1.32E-04,4.92E-04,3.76E-04,3.17E-04,1.94E-04,3.19E-04,5.09E-04,3.10E-04,1.84E-04,5.06E-05,5.59E-04,4.14E-04,6.68E-04,4.85E-04,5.41E-04,3.83E-04,6.93E-04,7.68E-04,5.09E-04,1.18E-04
1132,1.24E-04,5.12E-04,3.79E-04,3.16E-04,1.93E-04,3.14E-04,5.23E-04,3.10E-04,1.77E-04,4.76E-05,5.55E-04,4.19E-04,6.72E-04,4.87E-04,5.38E-04,3.81E-04,7.02E-04,7.64E-04,5.10E-04,1.16E-04
1133,1.17E-04,5.32E-04,3.83E-04,3.16E-04,1.92E-04,3.08E-04,5.39E-04,3.10E-04,1.70E-04,4.58E-05,5.54E-04,4.23E-04,6.76E-04,4.89E-04,5.35E-04,3.78E-04,7.11E-04,7.60E-04,5.11E-04,1.16E-04
1134,1.12E-04,5.52E-04,3.87E-04,3.15E-04,1.92E-04,3.03E-04,5.55E-04,3.10E-04,1.64E-04,4.52E-05,5.57E-04,4.28E-04,6.82E-04,4.90E-04,5.32E-04,3.75E-04,7.21E-04,7.57E-04,5.13E-04,1.16E-04
1135,1.07E-04,5.71E-04,3.91E-04,3.13E-04,1.91E-04,2.98E-04,5.73E-04,3.09E-04,1.58E-04,4.58E-05,5.63E-04,4.34E-04,6.88E-04,4.92E-04,5.29E-04,3.72E-04,7.29E-04,7.54E-04,5.15E-04,1.17E-04
1136,1.03E-04,5.88E-04,3.95E-04,3.11E-04,1.90E-04,2.94E-04,5.91E-04,3.08E-04,1.54E-04,4.73E-05,5.72E-04,4.41E-04,6.94E-04,4.92E-04,5.25E-04,3.68E-04,7.37E-04,7.51E-04,5.18E-04,1.18E-04
1137,1.00E-04,6.03E-04,3.99E-04,3.09E-04,1.89E-04,2.89E-04,6.09E-04,3.07E-04,1.50E-04,4.95E-05,5.83E-04,4.48E-04,6.99E-04,4.93E-04,5.22E-04,3.64E-04,7.44E-04,7.48E-04,5.21E-04,1.19E-04
1138,9.78E-05,6.16E-04,4.03E-04,3.05E-04,1.87E-04,2.84E-04,6.26E-04,3.05E-04,1.46E-04,5.23E-05,5.95E-04,4.56E-04,7.05E-04,4.92E-04,5.19E-04,3.59E-04,7.50E-04,7.45E-04,5.23E-04,1.21E-04
1139,9.62E-05,6.26E-04,4.06E-04,3.00E-04,1.85E-04,2.79E-04,6.42E-04,3.02E-04,1.43E-04,5.54E-05,6.08E-04,4.64E-04,7.10E-04,4.91E-04,5.15E-04,3.53E-04,7.55E-04,7.43E-04,5.26E-04,1.22E-04
1140,9.52E-05,6.33E-04,4.08E-04,2.94E-04,1.81E-04,2.74E-04,6.57E-04,3.00E-04,1.40E-04,5.86E-05,6.21E-04,4.73E-04,7.14E-04,4.88E-04,5.11E-04,3.47E-04,7.59E-04,7.41E-04,5.29E-04,1.23E-04
1141,9.47E-05,6.38E-04,4.10E-04,2.87E-04,1.77E-04,2.68E-04,6.71E-04,2.97E-04,1.37E-04,6.17E-05,6.31E-04,4.82E-04,7.17E-04,4.85E-04,5.07E-04,3.40E-04,7.61E-04,7.39E-04,5.32E-04,1.25E-04
1142,9.49E-05,6.41E-04,4.10E-04,2.80E-04,1.71E-04,2.62E-04,6.82E-04,2.94E-04,1.35E-04,6.45E-05,6.39E-04,4.91E-04,7.19E-04,4.80E-04,5.02E-04,3.32E-04,7.61E-04,7.36E-04,5.34E-04,1.25E-04
1143,9.56E-05,6.42E-04,4.09E-04,2.71E-04,1.64E-04,2.55E-04,6.91E-04,2.91E-04,1.33E-04,6.68E-05,6.44E-04,5.00E-04,7.20E-04,4.75E-04,4.97E-04,3.23E-04,7.61E-04,7.34E-04,5.36E-04,1.25E-04
1144,9.69E-05,6.43E-04,4.07E-04,2.62E-04,1.56E-04,2.48E-04,6.98E-04,2.88E-04,1.30E-04,6.87E-05,6.45E-04,5.09E-04,7.20E-04,4.68E-04,4.92E-04,3.14E-04,7.59E-04,7.31E-04,5.37E-04,1.25E-04
1145,9.88E-05,6.44E-04,4.04E-04,2.52E-04,1.47E-04,2.41E-04,7.03E-04,2.86E-04,1.27E-04,7.00E-05,6.41E-04,5.17E-04,7.19E-04,4.61E-04,4.86E-04,3.04E-04,7.57E-04,7.28E-04,5.38E-04,1.24E-04
1146,1.01E-04,6.46E-04,4.00E-04,2.43E-04,1.36E-04,2.33E-04,7.06E-04,2.84E-04,1.24E-04,7.08E-05,6.31E-04,5.24E-04,7.18E-04,4.52E-04,4.80E-04,2.94E-04,7.54E-04,7.24E-04,5.38E-04,1.23E-04
1147,1.04E-04,6.48E-04,3.95E-04,2.33E-04,1.24E-04,2.25E-04,7.07E-04,2.82E-04,1.21E-04,7.11E-05,6.17E-04,5.30E-04,7.16E-04,4.43E-04,4.73E-04,2.84E-04,7.50E-04,7.19E-04,5.38E-04,1.21E-04
1148,1.08E-04,6.53E-04,3.90E-04,2.24E-04,1.12E-04,2.16E-04,7.06E-04,2.80E-04,1.17E-04,7.10E-05,5.98E-04,5.35E-04,7.14E-04,4.34E-04,4.66E-04,2.73E-04,7.46E-04,7.13E-04,5.37E-04,1.19E-04
1149,1.11E-04,6.59E-04,3.84E-04,2.15E-04,9.90E-05,2.08E-04,7.05E-04,2.79E-04,1.13E-04,7.06E-05,5.74E-04,5.39E-04,7.12E-04,4.24E-04,4.59E-04,2.63E-04,7.42E-04,7.07E-04,5.37E-04,1.17E-04
1150,1.16E-04,6.67E-04,3.79E-04,2.07E-04,8.59E-05,2.00E-04,7.03E-04,2.77E-04,1.09E-04,7.02E-05,5.46E-04,5.42E-04,7.10E-04,4.13E-04,4.52E-04,2.53E-04,7.39E-04,6.99E-04,5.35E-04,1.14E-04
1151,1.20E-04,6.78E-04,3.73E-04,2.00E-04,7.28E-05,1.92E-04,7.01E-04,2.76E-04,1.06E-04,6.97E-05,5.15E-04,5.44E-04,7.09E-04,4.03E-04,4.45E-04,2.43E-04,7.35E-04,6.91E-04,5.34E-04,1.12E-04
1152,1.24E-04,6.90E-04,3.67E-04,1.93E-04,6.01E-05,1.84E-04,6.98E-04,2.75E-04,1.02E-04,6.94E-05,4.82E-04,5.45E-04,7.08E-04,3.93E-04,4.38E-04,2.33E-04,7.32E-04,6.82E-04,5.32E-04,1.09E-04
1153,1.29E-04,7.03E-04,3.62E-04,1.87E-04,4.80E-05,1.77E-04,6.96E-04,2.73E-04,9.83E-05,6.95E-05,4.48E-04,5.46E-04,7.07E-04,3.83E-04,4.30E-04,2.24E-04,7.29E-04,6.72E-04,5.30E-04,1.06E-04
1154,1.32E-04,7.17E-04,3.57E-04,1.82E-04,3.68E-05,1.71E-04,6.95E-04,2.70E-04,9.51E-05,6.99E-05,4.14E-04,5.46E-04,7.07E-04,3.73E-04,4.23E-04,2.16E-04,7.27E-04,6.61E-04,5.29E-04,1.04E-04
1155,1.35E-04,7.31E-04,3.51E-04,1.77E-04,2.66E-05,1.65E-04,6.94E-04,2.67E-04,9.24E-05,7.08E-05,3.82E-04,5.46E-04,7.07E-04,3.64E-04,4.16E-04,2.08E-04,7.26E-04,6.50E-04,5.27E-04,1.01E-04
1156,1.37E-04,7.44E-04,3.46E-04,1.72E-04,1.75E-05,1.61E-04,6.93E-04,2.63E-04,9.02E-05,7.21E-05,3.51E-04,5.45E-04,7.07E-04,3.55E-04,4.09E-04,2.00E-04,7.24E-04,6.39E-04,5.25E-04,9.93E-05
1157,1.38E-04,7.56E-04,3.41E-04,1.67E-04,9.51E-06,1.57E-04,6.93E-04,2.58E-04,8.84E-05,7.39E-05,3.24E-04,5.45E-04,7.07E-04,3.46E-04,4.02E-04,1.93E-04,7.23E-04,6.28E-04,5.23E-04,9.73E-05
1158,1.38E-04,7.66E-04,3.35E-04,1.61E-04,2.46E-06,1.54E-04,6.94E-04,2.53E-04,8.71E-05,7.60E-05,3.01E-04,5.45E-04,7.05E-04,3.37E-04,3.95E-04,1.87E-04,7.23E-04,6.17E-04,5.21E-04,9.55E-05
1159,1.35E-04,7.73E-04,3.29E-04,1.56E-04,-3.80E-06,1.53E-04,6.94E-04,2.46E-04,8.63E-05,7.84E-05,2.82E-04,5.45E-04,7.03E-04,3.29E-04,3.88E-04,1.81E-04,7.22E-04,6.06E-04,5.20E-04,9.39E-05
1160,1.31E-04,7.77E-04,3.22E-04,1.50E-04,-9.55E-06,1.51E-04,6.94E-04,2.38E-04,8.58E-05,8.08E-05,2.68E-04,5.46E-04,7.00E-04,3.20E-04,3.81E-04,1.75E-04,7.22E-04,5.96E-04,5.18E-04,9.25E-05
1161,1.25E-04,7.78E-04,3.13E-04,1.43E-04,-1.51E-05,1.51E-04,6.94E-04,2.30E-04,8.56E-05,8.31E-05,2.59E-04,5.47E-04,6.94E-04,3.12E-04,3.74E-04,1.70E-04,7.21E-04,5.86E-04,5.16E-04,9.10E-05
1162,1.16E-04,7.76E-04,3.04E-04,1.36E-04,-2.08E-05,1.51E-04,6.92E-04,2.20E-04,8.54E-05,8.51E-05,2.54E-04,5.48E-04,6.87E-04,3.04E-04,3.66E-04,1.65E-04,7.20E-04,5.77E-04,5.14E-04,8.96E-05
1163,1.06E-04,7.70E-04,2.92E-04,1.28E-04,-2.71E-05,1.51E-04,6.90E-04,2.10E-04,8.51E-05,8.66E-05,2.54E-04,5.50E-04,6.77E-04,2.95E-04,3.58E-04,1.60E-04,7.18E-04,5.68E-04,5.11E-04,8.81E-05
1164,9.35E-05,7.62E-04,2.80E-04,1.20E-04,-3.43E-05,1.52E-04,6.86E-04,2.00E-04,8.46E-05,8.73E-05,2.57E-04,5.51E-04,6.66E-04,2.86E-04,3.50E-04,1.55E-04,7.17E-04,5.60E-04,5.09E-04,8.65E-05
1165,7.91E-05,7.52E-04,2.66E-04,1.11E-04,-4.28E-05,1.52E-04,6.81E-04,1.88E-04,8.38E-05,8.71E-05,2.63E-04,5.53E-04,6.52E-04,2.76E-04,3.41E-04,1.50E-04,7.14E-04,5.53E-04,5.06E-04,8.46E-05
1166,6.30E-05,7.40E-04,2.50E-04,1.03E-04,-5.27E-05,1.53E-04,6.74E-04,1.76E-04,8.24E-05,8.58E-05,2.71E-04,5.55E-04,6.36E-04,2.65E-04,3.32E-04,1.46E-04,7.11E-04,5.45E-04,5.02E-04,8.26E-05
1167,4.53E-05,7.27E-04,2.34E-04,9.38E-05,-6.43E-05,1.53E-04,6.66E-04,1.64E-04,8.04E-05,8.34E-05,2.80E-04,5.56E-04,6.19E-04,2.54E-04,3.22E-04,1.41E-04,7.07E-04,5.38E-04,4.98E-04,8.02E-05
1168,2.64E-05,7.13E-04,2.16E-04,8.53E-05,-7.76E-05,1.52E-04,6.56E-04,1.52E-04,7.77E-05,7.97E-05,2.88E-04,5.57E-04,6.00E-04,2.42E-04,3.11E-04,1.36E-04,7.02E-04,5.31E-04,4.94E-04,7.76E-05
1169,6.54E-06,7.00E-04,1.97E-04,7.72E-05,-9.26E-05,1.51E-04,6.44E-04,1.39E-04,7.43E-05,7.49E-05,2.96E-04,5.57E-04,5.80E-04,2.30E-04,3.00E-04,1.31E-04,6.96E-04,5.24E-04,4.89E-04,7.47E-05
1170,-1.40E-05,6.87E-04,1.78E-04,6.98E-05,-1.09E-04,1.49E-04,6.32E-04,1.26E-04,7.02E-05,6.89E-05,3.02E-04,5.57E-04,5.60E-04,2.17E-04,2.88E-04,1.25E-04,6.89E-04,5.17E-04,4.84E-04,7.16E-05
1171,-3.48E-05,6.75E-04,1.58E-04,6.31E-05,-1.27E-04,1.47E-04,6.17E-04,1.12E-04,6.55E-05,6.19E-05,3.05E-04,5.56E-04,5.40E-04,2.03E-04,2.77E-04,1.20E-04,6.81E-04,5.09E-04,4.78E-04,6.83E-05
1172,-5.56E-05,6.64E-04,1.38E-04,5.75E-05,-1.45E-04,1.43E-04,6.03E-04,9.88E-05,6.03E-05,5.40E-05,3.05E-04,5.54E-04,5.20E-04,1.89E-04,2.64E-04,1.15E-04,6.73E-04,5.01E-04,4.71E-04,6.48E-05
1173,-7.63E-05,6.55E-04,1.19E-04,5.29E-05,-1.64E-04,1.39E-04,5.87E-04,8.50E-05,5.47E-05,4.55E-05,3.02E-04,5.51E-04,5.01E-04,1.74E-04,2.52E-04,1.09E-04,6.63E-04,4.92E-04,4.65E-04,6.13E-05
1174,-9.64E-05,6.47E-04,9.96E-05,4.94E-05,-1.82E-04,1.35E-04,5.71E-04,7.09E-05,4.88E-05,3.66E-05,2.95E-04,5.48E-04,4.84E-04,1.60E-04,2.40E-04,1.04E-04,6.52E-04,4.83E-04,4.58E-04,5.78E-05
1175,-1.16E-04,6.39E-04,8.12E-05,4.70E-05,-1.99E-04,1.30E-04,5.55E-04,5.68E-05,4.28E-05,2.75E-05,2.85E-04,5.43E-04,4.68E-04,1.45E-04,2.28E-04,9.81E-05,6.40E-04,4.74E-04,4.50E-04,5.45E-05
1176,-1.35E-04,6.32E-04,6.37E-05,4.55E-05,-2.15E-04,1.24E-04,5.38E-04,4.25E-05,3.69E-05,1.87E-05,2.71E-04,5.38E-04,4.53E-04,1.30E-04,2.17E-04,9.28E-05,6.28E-04,4.64E-04,4.43E-04,5.14E-05
1177,-1.53E-04,6.24E-04,4.70E-05,4.50E-05,-2.30E-04,1.18E-04,5.22E-04,2.81E-05,3.13E-05,1.02E-05,2.55E-04,5.33E-04,4.41E-04,1.16E-04,2.05E-04,8.78E-05,6.15E-04,4.54E-04,4.35E-04,4.88E-05
1178,-1.70E-04,6.16E-04,3.12E-05,4.52E-05,-2.42E-04,1.12E-04,5.06E-04,1.38E-05,2.61E-05,2.36E-06,2.37E-04,5.27E-04,4.30E-04,1.02E-04,1.95E-04,8.31E-05,6.01E-04,4.44E-04,4.28E-04,4.66E-05
1179,-1.86E-04,6.07E-04,1.63E-05,4.59E-05,-2.51E-04,1.06E-04,4.91E-04,-3.06E-07,2.15E-05,-4.58E-06,2.16E-04,5.20E-04,4.21E-04,8.88E-05,1.85E-04,7.89E-05,5.87E-04,4.34E-04,4.20E-04,4.50E-05
1180,-2.01E-04,5.96E-04,2.09E-06,4.71E-05,-2.57E-04,1.00E-04,4.76E-04,-1.42E-05,1.75E-05,-1.05E-05,1.95E-04,5.14E-04,4.14E-04,7.63E-05,1.76E-04,7.52E-05,5.73E-04,4.24E-04,4.13E-04,4.41E-05
1181,-2.15E-04,5.83E-04,-1.14E-05,4.84E-05,-2.61E-04,9.46E-05,4.61E-04,-2.77E-05,1.41E-05,-1.52E-05,1.74E-04,5.07E-04,4.07E-04,6.45E-05,1.68E-04,7.21E-05,5.59E-04,4.15E-04,4.06E-04,4.40E-05
1182,-2.28E-04,5.68E-04,-2.44E-05,4.97E-05,-2.62E-04,8.96E-05,4.47E-04,-4.06E-05,1.14E-05,-1.86E-05,1.53E-04,5.00E-04,4.02E-04,5.36E-05,1.61E-04,6.96E-05,5.45E-04,4.06E-04,3.99E-04,4.46E-05
1183,-2.40E-04,5.50E-04,-3.71E-05,5.09E-05,-2.60E-04,8.51E-05,4.33E-04,-5.29E-05,9.45E-06,-2.07E-05,1.33E-04,4.93E-04,3.97E-04,4.36E-05,1.54E-04,6.79E-05,5.32E-04,3.98E-04,3.92E-04,4.61E-05
1184,-2.52E-04,5.29E-04,-4.95E-05,5.19E-05,-2.56E-04,8.14E-05,4.20E-04,-6.44E-05,8.07E-06,-2.16E-05,1.15E-04,4.87E-04,3.93E-04,3.46E-05,1.48E-04,6.70E-05,5.20E-04,3.91E-04,3.86E-04,4.85E-05
1185,-2.63E-04,5.07E-04,-6.19E-05,5.25E-05,-2.51E-04,7.84E-05,4.07E-04,-7.50E-05,7.22E-06,-2.13E-05,9.84E-05,4.81E-04,3.88E-04,2.66E-05,1.43E-04,6.68E-05,5.08E-04,3.85E-04,3.80E-04,5.16E-05
1186,-2.73E-04,4.83E-04,-7.43E-05,5.28E-05,-2.44E-04,7.61E-05,3.94E-04,-8.47E-05,6.77E-06,-2.00E-05,8.42E-05,4.75E-04,3.84E-04,1.95E-05,1.39E-04,6.75E-05,4.98E-04,3.80E-04,3.74E-04,5.55E-05
1187,-2.83E-04,4.57E-04,-8.68E-05,5.27E-05,-2.36E-04,7.47E-05,3.82E-04,-9.35E-05,6.60E-06,-1.79E-05,7.24E-05,4.70E-04,3.79E-04,1.33E-05,1.34E-04,6.89E-05,4.89E-04,3.75E-04,3.69E-04,6.01E-05
1188,-2.91E-04,4.31E-04,-9.94E-05,5.22E-05,-2.29E-04,7.41E-05,3.71E-04,-1.01E-04,6.59E-06,-1.50E-05,6.29E-05,4.65E-04,3.73E-04,8.10E-06,1.31E-04,7.10E-05,4.82E-04,3.71E-04,3.65E-04,6.52E-05
1189,-3.00E-04,4.05E-04,-1.12E-04,5.15E-05,-2.22E-04,7.42E-05,3.60E-04,-1.08E-04,6.59E-06,-1.17E-05,5.57E-05,4.60E-04,3.67E-04,3.73E-06,1.27E-04,7.37E-05,4.76E-04,3.68E-04,3.60E-04,7.08E-05
1190,-3.07E-04,3.80E-04,-1.25E-04,5.07E-05,-2.15E-04,7.50E-05,3.49E-04,-1.15E-04,6.47E-06,-8.18E-06,5.04E-05,4.56E-04,3.61E-04,2.00E-07,1.23E-04,7.70E-05,4.71E-04,3.65E-04,3.56E-04,7.67E-05
1191,-3.14E-04,3.55E-04,-1.38E-04,4.97E-05,-2.10E-04,7.64E-05,3.38E-04,-1.20E-04,6.14E-06,-4.61E-06,4.69E-05,4.53E-04,3.55E-04,-2.51E-06,1.19E-04,8.08E-05,4.68E-04,3.63E-04,3.52E-04,8.28E-05
1192,-3.21E-04,3.33E-04,-1.50E-04,4.89E-05,-2.06E-04,7.83E-05,3.28E-04,-1.26E-04,5.50E-06,-1.21E-06,4.49E-05,4.50E-04,3.48E-04,-4.44E-06,1.15E-04,8.49E-05,4.66E-04,3.61E-04,3.49E-04,8.89E-05
1193,-3.27E-04,3.13E-04,-1.63E-04,4.82E-05,-2.03E-04,8.07E-05,3.19E-04,-1.30E-04,4.48E-06,1.87E-06,4.38E-05,4.48E-04,3.42E-04,-5.59E-06,1.10E-04,8.93E-05,4.65E-04,3.60E-04,3.45E-04,9.48E-05
1194,-3.32E-04,2.95E-04,-1.74E-04,4.78E-05,-2.02E-04,8.35E-05,3.10E-04,-1.35E-04,3.06E-06,4.51E-06,4.35E-05,4.46E-04,3.37E-04,-5.99E-06,1.05E-04,9.38E-05,4.65E-04,3.58E-04,3.42E-04,1.01E-04
1195,-3.37E-04,2.80E-04,-1.86E-04,4.78E-05,-2.02E-04,8.66E-05,3.01E-04,-1.40E-04,1.22E-06,6.61E-06,4.36E-05,4.44E-04,3.32E-04,-5.65E-06,1.00E-04,9.83E-05,4.65E-04,3.56E-04,3.39E-04,1.06E-04
1196,-3.42E-04,2.67E-04,-1.96E-04,4.83E-05,-2.03E-04,9.00E-05,2.92E-04,-1.45E-04,-1.02E-06,8.15E-06,4.38E-05,4.42E-04,3.29E-04,-4.55E-06,9.47E-05,1.03E-04,4.65E-04,3.54E-04,3.35E-04,1.11E-04
1197,-3.46E-04,2.57E-04,-2.06E-04,4.93E-05,-2.05E-04,9.36E-05,2.84E-04,-1.50E-04,-3.64E-06,9.13E-06,4.40E-05,4.41E-04,3.27E-04,-2.70E-06,8.90E-05,1.07E-04,4.66E-04,3.52E-04,3.32E-04,1.15E-04
1198,-3.51E-04,2.49E-04,-2.15E-04,5.08E-05,-2.07E-04,9.74E-05,2.76E-04,-1.56E-04,-6.56E-06,9.60E-06,4.40E-05,4.40E-04,3.26E-04,-1.06E-07,8.30E-05,1.11E-04,4.66E-04,3.50E-04,3.29E-04,1.19E-04
1199,-3.55E-04,2.42E-04,-2.22E-04,5.29E-05,-2.09E-04,1.01E-04,2.68E-04,-1.62E-04,-9.73E-06,9.67E-06,4.38E-05,4.39E-04,3.26E-04,3.24E-06,7.70E-05,1.15E-04,4.66E-04,3.48E-04,3.26E-04,1.22E-04
1200,-3.59E-04,2.37E-04,-2.29E-04,5.56E-05,-2.11E-04,1.05E-04,2.60E-04,-1.68E-04,-1.31E-05,9.46E-06,4.36E-05,4.38E-04,3.27E-04,7.32E-06,7.10E-05,1.19E-04,4.66E-04,3.45E-04,3.24E-04,1.25E-04
1201,-3.63E-04,2.32E-04,-2.34E-04,5.87E-05,-2.12E-04,1.10E-04,2.53E-04,-1.74E-04,-1.65E-05,9.12E-06,4.35E-05,4.37E-04,3.29E-04,1.21E-05,6.51E-05,1.22E-04,4.65E-04,3.43E-04,3.21E-04,1.27E-04
1202,-3.66E-04,2.28E-04,-2.38E-04,6.23E-05,-2.12E-04,1.14E-04,2.46E-04,-1.80E-04,-1.99E-05,8.82E-06,4.36E-05,4.36E-04,3.32E-04,1.77E-05,5.95E-05,1.25E-04,4.64E-04,3.41E-04,3.18E-04,1.29E-04
1203,-3.70E-04,2.24E-04,-2.41E-04,6.63E-05,-2.11E-04,1.19E-04,2.39E-04,-1.85E-04,-2.33E-05,8.72E-06,4.43E-05,4.35E-04,3.35E-04,2.38E-05,5.42E-05,1.29E-04,4.63E-04,3.39E-04,3.16E-04,1.31E-04
1204,-3.72E-04,2.20E-04,-2.44E-04,7.06E-05,-2.09E-04,1.24E-04,2.32E-04,-1.90E-04,-2.66E-05,8.97E-06,4.59E-05,4.34E-04,3.38E-04,3.06E-05,4.94E-05,1.32E-04,4.61E-04,3.37E-04,3.14E-04,1.33E-04
1205,-3.75E-04,2.14E-04,-2.45E-04,7.52E-05,-2.06E-04,1.29E-04,2.26E-04,-1.95E-04,-2.96E-05,9.72E-06,4.86E-05,4.33E-04,3.41E-04,3.80E-05,4.51E-05,1.34E-04,4.59E-04,3.35E-04,3.13E-04,1.34E-04
1206,-3.76E-04,2.09E-04,-2.45E-04,7.99E-05,-2.02E-04,1.35E-04,2.20E-04,-1.98E-04,-3.24E-05,1.11E-05,5.28E-05,4.32E-04,3.42E-04,4.58E-05,4.13E-05,1.37E-04,4.58E-04,3.34E-04,3.12E-04,1.36E-04
1207,-3.77E-04,2.02E-04,-2.45E-04,8.48E-05,-1.97E-04,1.41E-04,2.15E-04,-2.01E-04,-3.50E-05,1.31E-05,5.87E-05,4.31E-04,3.43E-04,5.40E-05,3.80E-05,1.41E-04,4.57E-04,3.34E-04,3.11E-04,1.38E-04
1208,-3.76E-04,1.95E-04,-2.45E-04,8.96E-05,-1.92E-04,1.47E-04,2.11E-04,-2.02E-04,-3.72E-05,1.58E-05,6.64E-05,4.30E-04,3.42E-04,6.24E-05,3.51E-05,1.44E-04,4.57E-04,3.33E-04,3.11E-04,1.40E-04
1209,-3.75E-04,1.87E-04,-2.44E-04,9.44E-05,-1.88E-04,1.53E-04,2.08E-04,-2.02E-04,-3.92E-05,1.91E-05,7.61E-05,4.29E-04,3.39E-04,7.10E-05,3.26E-05,1.47E-04,4.58E-04,3.34E-04,3.11E-04,1.42E-04
1210,-3.71E-04,1.79E-04,-2.43E-04,9.91E-05,-1.84E-04,1.60E-04,2.05E-04,-2.00E-04,-4.09E-05,2.31E-05,8.79E-05,4.29E-04,3.35E-04,7.96E-05,3.03E-05,1.50E-04,4.59E-04,3.34E-04,3.12E-04,1.44E-04
1211,-3.67E-04,1.70E-04,-2.42E-04,1.04E-04,-1.81E-04,1.66E-04,2.03E-04,-1.97E-04,-4.22E-05,2.75E-05,1.02E-04,4.29E-04,3.29E-04,8.82E-05,2.82E-05,1.54E-04,4.62E-04,3.35E-04,3.13E-04,1.47E-04
1212,-3.61E-04,1.62E-04,-2.42E-04,1.08E-04,-1.79E-04,1.73E-04,2.02E-04,-1.93E-04,-4.33E-05,3.23E-05,1.17E-04,4.29E-04,3.21E-04,9.65E-05,2.60E-05,1.57E-04,4.66E-04,3.36E-04,3.15E-04,1.50E-04
1213,-3.54E-04,1.54E-04,-2.41E-04,1.12E-04,-1.79E-04,1.79E-04,2.01E-04,-1.88E-04,-4.42E-05,3.71E-05,1.34E-04,4.30E-04,3.12E-04,1.04E-04,2.37E-05,1.61E-04,4.71E-04,3.37E-04,3.17E-04,1.52E-04
1214,-3.46E-04,1.47E-04,-2.41E-04,1.15E-04,-1.81E-04,1.85E-04,2.01E-04,-1.82E-04,-4.48E-05,4.18E-05,1.52E-04,4.32E-04,3.03E-04,1.12E-04,2.10E-05,1.64E-04,4.77E-04,3.38E-04,3.20E-04,1.55E-04
1215,-3.36E-04,1.39E-04,-2.42E-04,1.18E-04,-1.85E-04,1.90E-04,2.02E-04,-1.76E-04,-4.54E-05,4.62E-05,1.71E-04,4.34E-04,2.93E-04,1.19E-04,1.79E-05,1.67E-04,4.83E-04,3.39E-04,3.22E-04,1.57E-04
1216,-3.27E-04,1.33E-04,-2.43E-04,1.20E-04,-1.90E-04,1.95E-04,2.02E-04,-1.70E-04,-4.58E-05,5.01E-05,1.91E-04,4.36E-04,2.83E-04,1.25E-04,1.41E-05,1.69E-04,4.90E-04,3.39E-04,3.25E-04,1.59E-04
1217,-3.17E-04,1.27E-04,-2.44E-04,1.21E-04,-1.97E-04,1.99E-04,2.01E-04,-1.64E-04,-4.62E-05,5.31E-05,2.10E-04,4.39E-04,2.74E-04,1.30E-04,9.74E-06,1.71E-04,4.97E-04,3.39E-04,3.27E-04,1.60E-04
1218,-3.07E-04,1.21E-04,-2.47E-04,1.22E-04,-2.06E-04,2.02E-04,2.01E-04,-1.58E-04,-4.67E-05,5.52E-05,2.28E-04,4.42E-04,2.65E-04,1.35E-04,4.62E-06,1.72E-04,5.03E-04,3.39E-04,3.29E-04,1.61E-04
1219,-2.97E-04,1.15E-04,-2.50E-04,1.22E-04,-2.15E-04,2.04E-04,1.99E-04,-1.54E-04,-4.72E-05,5.61E-05,2.46E-04,4.45E-04,2.58E-04,1.39E-04,-1.25E-06,1.72E-04,5.08E-04,3.38E-04,3.31E-04,1.61E-04
1220,-2.89E-04,1.08E-04,-2.53E-04,1.22E-04,-2.26E-04,2.04E-04,1.96E-04,-1.51E-04,-4.79E-05,5.59E-05,2.61E-04,4.49E-04,2.53E-04,1.42E-04,-7.84E-06,1.72E-04,5.13E-04,3.36E-04,3.33E-04,1.60E-04
1221,-2.81E-04,1.02E-04,-2.57E-04,1.20E-04,-2.36E-04,2.04E-04,1.92E-04,-1.49E-04,-4.89E-05,5.43E-05,2.74E-04,4.52E-04,2.49E-04,1.44E-04,-1.51E-05,1.70E-04,5.16E-04,3.33E-04,3.34E-04,1.58E-04
1222,-2.76E-04,9.43E-05,-2.62E-04,1.17E-04,-2.47E-04,2.02E-04,1.87E-04,-1.49E-04,-5.02E-05,5.15E-05,2.84E-04,4.55E-04,2.48E-04,1.45E-04,-2.29E-05,1.68E-04,5.17E-04,3.30E-04,3.34E-04,1.55E-04
1223,-2.71E-04,8.61E-05,-2.67E-04,1.14E-04,-2.57E-04,1.99E-04,1.80E-04,-1.50E-04,-5.19E-05,4.76E-05,2.91E-04,4.58E-04,2.47E-04,1.45E-04,-3.12E-05,1.65E-04,5.17E-04,3.25E-04,3.34E-04,1.51E-04
1224,-2.69E-04,7.70E-05,-2.73E-04,1.10E-04,-2.67E-04,1.95E-04,1.72E-04,-1.53E-04,-5.39E-05,4.25E-05,2.95E-04,4.60E-04,2.49E-04,1.44E-04,-3.97E-05,1.61E-04,5.15E-04,3.20E-04,3.33E-04,1.46E-04
1225,-2.69E-04,6.70E-05,-2.79E-04,1.06E-04,-2.75E-04,1.90E-04,1.62E-04,-1.57E-04,-5.64E-05,3.66E-05,2.95E-04,4.61E-04,2.51E-04,1.43E-04,-4.83E-05,1.56E-04,5.11E-04,3.15E-04,3.32E-04,1.41E-04
1226,-2.70E-04,5.62E-05,-2.85E-04,1.00E-04,-2.82E-04,1.84E-04,1.52E-04,-1.63E-04,-5.93E-05,3.01E-05,2.92E-04,4.62E-04,2.55E-04,1.41E-04,-5.69E-05,1.51E-04,5.06E-04,3.09E-04,3.30E-04,1.35E-04
1227,-2.73E-04,4.49E-05,-2.91E-04,9.47E-05,-2.88E-04,1.78E-04,1.41E-04,-1.69E-04,-6.26E-05,2.32E-05,2.85E-04,4.62E-04,2.59E-04,1.39E-04,-6.53E-05,1.45E-04,4.99E-04,3.02E-04,3.28E-04,1.29E-04
1228,-2.77E-04,3.33E-05,-2.96E-04,8.88E-05,-2.93E-04,1.70E-04,1.30E-04,-1.76E-04,-6.63E-05,1.61E-05,2.75E-04,4.61E-04,2.62E-04,1.36E-04,-7.32E-05,1.40E-04,4.91E-04,2.95E-04,3.25E-04,1.23E-04
1229,-2.82E-04,2.18E-05,-3.02E-04,8.27E-05,-2.97E-04,1.62E-04,1.20E-04,-1.83E-04,-7.03E-05,9.15E-06,2.62E-04,4.59E-04,2.66E-04,1.33E-04,-8.07E-05,1.34E-04,4.82E-04,2.87E-04,3.22E-04,1.17E-04
1230,-2.88E-04,1.09E-05,-3.07E-04,7.66E-05,-3.00E-04,1.54E-04,1.10E-04,-1.91E-04,-7.45E-05,2.58E-06,2.47E-04,4.57E-04,2.68E-04,1.30E-04,-8.75E-05,1.29E-04,4.73E-04,2.79E-04,3.19E-04,1.11E-04
1231,-2.94E-04,1.02E-06,-3.12E-04,7.06E-05,-3.02E-04,1.46E-04,1.01E-04,-1.97E-04,-7.89E-05,-3.40E-06,2.29E-04,4.54E-04,2.68E-04,1.27E-04,-9.36E-05,1.23E-04,4.64E-04,2.72E-04,3.16E-04,1.05E-04
1232,-3.00E-04,-7.43E-06,-3.16E-04,6.47E-05,-3.04E-04,1.38E-04,9.32E-05,-2.04E-04,-8.34E-05,-8.63E-06,2.10E-04,4.51E-04,2.67E-04,1.24E-04,-9.89E-05,1.19E-04,4.55E-04,2.64E-04,3.12E-04,1.00E-04
1233,-3.05E-04,-1.41E-05,-3.20E-04,5.91E-05,-3.06E-04,1.30E-04,8.76E-05,-2.09E-04,-8.78E-05,-1.30E-05,1.91E-04,4.47E-04,2.64E-04,1.21E-04,-1.04E-04,1.15E-04,4.46E-04,2.56E-04,3.09E-04,9.61E-05
1234,-3.10E-04,-1.86E-05,-3.23E-04,5.38E-05,-3.08E-04,1.22E-04,8.40E-05,-2.13E-04,-9.20E-05,-1.64E-05,1.71E-04,4.43E-04,2.59E-04,1.18E-04,-1.07E-04,1.11E-04,4.38E-04,2.48E-04,3.06E-04,9.25E-05
1235,-3.13E-04,-2.08E-05,-3.26E-04,4.89E-05,-3.11E-04,1.14E-04,8.26E-05,-2.15E-04,-9.60E-05,-1.88E-05,1.51E-04,4.40E-04,2.53E-04,1.15E-04,-1.11E-04,1.08E-04,4.31E-04,2.41E-04,3.03E-04,8.94E-05
1236,-3.15E-04,-2.06E-05,-3.28E-04,4.42E-05,-3.14E-04,1.07E-04,8.32E-05,-2.17E-04,-9.96E-05,-2.04E-05,1.32E-04,4.36E-04,2.44E-04,1.13E-04,-1.13E-04,1.06E-04,4.25E-04,2.33E-04,3.00E-04,8.70E-05
1237,-3.16E-04,-1.82E-05,-3.29E-04,3.98E-05,-3.19E-04,9.97E-05,8.59E-05,-2.18E-04,-1.03E-04,-2.13E-05,1.15E-04,4.33E-04,2.34E-04,1.10E-04,-1.16E-04,1.05E-04,4.20E-04,2.26E-04,2.96E-04,8.50E-05
1238,-3.16E-04,-1.37E-05,-3.29E-04,3.57E-05,-3.24E-04,9.29E-05,9.03E-05,-2.17E-04,-1.06E-04,-2.16E-05,9.97E-05,4.30E-04,2.24E-04,1.08E-04,-1.18E-04,1.04E-04,4.15E-04,2.19E-04,2.93E-04,8.34E-05
1239,-3.14E-04,-7.50E-06,-3.29E-04,3.17E-05,-3.31E-04,8.64E-05,9.62E-05,-2.16E-04,-1.08E-04,-2.15E-05,8.64E-05,4.27E-04,2.13E-04,1.06E-04,-1.19E-04,1.03E-04,4.11E-04,2.13E-04,2.90E-04,8.20E-05
1240,-3.12E-04,-6.66E-08,-3.29E-04,2.78E-05,-3.38E-04,7.99E-05,1.03E-04,-2.15E-04,-1.10E-04,-2.12E-05,7.56E-05,4.25E-04,2.02E-04,1.04E-04,-1.21E-04,1.02E-04,4.07E-04,2.06E-04,2.87E-04,8.07E-05
1241,-3.09E-04,8.06E-06,-3.28E-04,2.39E-05,-3.46E-04,7.36E-05,1.10E-04,-2.13E-04,-1.11E-04,-2.11E-05,6.72E-05,4.23E-04,1.91E-04,1.02E-04,-1.23E-04,1.02E-04,4.03E-04,1.99E-04,2.83E-04,7.92E-05
1242,-3.05E-04,1.63E-05,-3.27E-04,1.99E-05,-3.55E-04,6.73E-05,1.18E-04,-2.12E-04,-1.12E-04,-2.13E-05,6.13E-05,4.21E-04,1.81E-04,9.99E-05,-1.25E-04,1.01E-04,3.98E-04,1.93E-04,2.79E-04,7.74E-05
1243,-3.02E-04,2.40E-05,-3.25E-04,1.57E-05,-3.64E-04,6.10E-05,1.25E-04,-2.11E-04,-1.13E-04,-2.20E-05,5.78E-05,4.19E-04,1.72E-04,9.73E-05,-1.27E-04,9.97E-05,3.93E-04,1.86E-04,2.75E-04,7.52E-05
1244,-2.99E-04,3.07E-05,-3.24E-04,1.13E-05,-3.74E-04,5.45E-05,1.31E-04,-2.12E-04,-1.13E-04,-2.35E-05,5.64E-05,4.16E-04,1.65E-04,9.44E-05,-1.30E-04,9.79E-05,3.86E-04,1.79E-04,2.70E-04,7.25E-05
1245,-2.96E-04,3.58E-05,-3.22E-04,6.71E-06,-3.83E-04,4.79E-05,1.35E-04,-2.14E-04,-1.14E-04,-2.57E-05,5.67E-05,4.13E-04,1.59E-04,9.12E-05,-1.33E-04,9.56E-05,3.79E-04,1.72E-04,2.65E-04,6.92E-05
1246,-2.94E-04,3.90E-05,-3.21E-04,1.86E-06,-3.91E-04,4.13E-05,1.38E-04,-2.17E-04,-1.14E-04,-2.88E-05,5.85E-05,4.10E-04,1.55E-04,8.76E-05,-1.37E-04,9.26E-05,3.70E-04,1.64E-04,2.59E-04,6.54E-05
1247,-2.93E-04,3.99E-05,-3.19E-04,-3.20E-06,-3.99E-04,3.45E-05,1.38E-04,-2.21E-04,-1.15E-04,-3.27E-05,6.12E-05,4.05E-04,1.52E-04,8.36E-05,-1.41E-04,8.89E-05,3.60E-04,1.56E-04,2.52E-04,6.10E-05
1248,-2.93E-04,3.86E-05,-3.18E-04,-8.42E-06,-4.05E-04,2.76E-05,1.37E-04,-2.27E-04,-1.17E-04,-3.74E-05,6.44E-05,4.00E-04,1.51E-04,7.92E-05,-1.45E-04,8.45E-05,3.49E-04,1.47E-04,2.45E-04,5.62E-05
1249,-2.94E-04,3.49E-05,-3.17E-04,-1.38E-05,-4.11E-04,2.08E-05,1.33E-04,-2.34E-04,-1.18E-04,-4.27E-05,6.76E-05,3.93E-04,1.50E-04,7.46E-05,-1.50E-04,7.96E-05,3.36E-04,1.38E-04,2.38E-04,5.10E-05
1250,-2.95E-04,2.91E-05,-3.16E-04,-1.91E-05,-4.15E-04,1.42E-05,1.27E-04,-2.43E-04,-1.20E-04,-4.84E-05,7.05E-05,3.86E-04,1.50E-04,6.98E-05,-1.55E-04,7.42E-05,3.23E-04,1.29E-04,2.30E-04,4.58E-05
1251,-2.97E-04,2.15E-05,-3.16E-04,-2.44E-05,-4.18E-04,7.75E-06,1.20E-04,-2.52E-04,-1.22E-04,-5.42E-05,7.27E-05,3.77E-04,1.50E-04,6.49E-05,-1.60E-04,6.84E-05,3.10E-04,1.19E-04,2.22E-04,4.06E-05
1252,-3.00E-04,1.25E-05,-3.17E-04,-2.96E-05,-4.19E-04,1.69E-06,1.10E-04,-2.61E-04,-1.25E-04,-6.00E-05,7.40E-05,3.68E-04,1.50E-04,6.02E-05,-1.66E-04,6.25E-05,2.96E-04,1.08E-04,2.14E-04,3.56E-05
1253,-3.03E-04,2.58E-06,-3.18E-04,-3.45E-05,-4.19E-04,-3.89E-06,9.88E-05,-2.71E-04,-1.28E-04,-6.54E-05,7.42E-05,3.58E-04,1.49E-04,5.56E-05,-1.71E-04,5.66E-05,2.83E-04,9.74E-05,2.06E-04,3.11E-05
1254,-3.06E-04,-7.73E-06,-3.20E-04,-3.92E-05,-4.18E-04,-8.89E-06,8.65E-05,-2.80E-04,-1.32E-04,-7.02E-05,7.34E-05,3.47E-04,1.47E-04,5.13E-05,-1.76E-04,5.08E-05,2.70E-04,8.62E-05,1.97E-04,2.73E-05
1255,-3.09E-04,-1.79E-05,-3.23E-04,-4.36E-05,-4.17E-04,-1.32E-05,7.36E-05,-2.88E-04,-1.35E-04,-7.40E-05,7.15E-05,3.36E-04,1.44E-04,4.76E-05,-1.81E-04,4.54E-05,2.58E-04,7.47E-05,1.89E-04,2.43E-05
1256,-3.11E-04,-2.75E-05,-3.26E-04,-4.78E-05,-4.14E-04,-1.68E-05,6.03E-05,-2.96E-04,-1.39E-04,-7.68E-05,6.87E-05,3.24E-04,1.39E-04,4.44E-05,-1.86E-04,4.04E-05,2.47E-04,6.32E-05,1.80E-04,2.22E-05
1257,-3.13E-04,-3.60E-05,-3.30E-04,-5.16E-05,-4.11E-04,-1.95E-05,4.70E-05,-3.02E-04,-1.43E-04,-7.84E-05,6.54E-05,3.13E-04,1.33E-04,4.18E-05,-1.91E-04,3.59E-05,2.38E-04,5.16E-05,1.72E-04,2.12E-05
1258,-3.14E-04,-4.31E-05,-3.34E-04,-5.52E-05,-4.08E-04,-2.15E-05,3.40E-05,-3.06E-04,-1.46E-04,-7.87E-05,6.16E-05,3.02E-04,1.26E-04,3.99E-05,-1.96E-04,3.21E-05,2.30E-04,4.02E-05,1.64E-04,2.13E-05
1259,-3.15E-04,-4.87E-05,-3.39E-04,-5.87E-05,-4.05E-04,-2.27E-05,2.17E-05,-3.09E-04,-1.49E-04,-7.76E-05,5.78E-05,2.91E-04,1.16E-04,3.87E-05,-2.01E-04,2.88E-05,2.24E-04,2.89E-05,1.56E-04,2.25E-05
1260,-3.16E-04,-5.26E-05,-3.45E-04,-6.21E-05,-4.03E-04,-2.33E-05,1.03E-05,-3.10E-04,-1.52E-04,-7.52E-05,5.43E-05,2.81E-04,1.06E-04,3.81E-05,-2.06E-04,2.61E-05,2.18E-04,1.79E-05,1.48E-04,2.47E-05
1261,-3.16E-04,-5.50E-05,-3.50E-04,-6.56E-05,-4.00E-04,-2.32E-05,-5.49E-08,-3.10E-04,-1.54E-04,-7.18E-05,5.13E-05,2.71E-04,9.38E-05,3.81E-05,-2.10E-04,2.40E-05,2.14E-04,7.30E-06,1.40E-04,2.78E-05
1262,-3.16E-04,-5.59E-05,-3.56E-04,-6.92E-05,-3.99E-04,-2.27E-05,-9.28E-06,-3.08E-04,-1.55E-04,-6.73E-05,4.89E-05,2.62E-04,8.11E-05,3.84E-05,-2.15E-04,2.21E-05,2.11E-04,-2.92E-06,1.33E-04,3.17E-05
1263,-3.16E-04,-5.58E-05,-3.61E-04,-7.30E-05,-3.98E-04,-2.18E-05,-1.73E-05,-3.06E-04,-1.57E-04,-6.22E-05,4.74E-05,2.53E-04,6.77E-05,3.90E-05,-2.20E-04,2.06E-05,2.08E-04,-1.27E-05,1.26E-04,3.62E-05
1264,-3.17E-04,-5.48E-05,-3.67E-04,-7.72E-05,-3.98E-04,-2.07E-05,-2.42E-05,-3.03E-04,-1.57E-04,-5.66E-05,4.67E-05,2.45E-04,5.38E-05,3.97E-05,-2.25E-04,1.91E-05,2.05E-04,-2.21E-05,1.18E-04,4.11E-05
1265,-3.19E-04,-5.35E-05,-3.72E-04,-8.18E-05,-4.00E-04,-1.96E-05,-2.99E-05,-2.99E-04,-1.58E-04,-5.08E-05,4.66E-05,2.37E-04,3.98E-05,4.03E-05,-2.31E-04,1.74E-05,2.02E-04,-3.10E-05,1.11E-04,4.62E-05
1266,-3.21E-04,-5.21E-05,-3.76E-04,-8.69E-05,-4.02E-04,-1.87E-05,-3.47E-05,-2.96E-04,-1.58E-04,-4.51E-05,4.70E-05,2.29E-04,2.57E-05,4.07E-05,-2.37E-04,1.56E-05,1.97E-04,-3.96E-05,1.03E-04,5.14E-05
1267,-3.25E-04,-5.12E-05,-3.80E-04,-9.24E-05,-4.05E-04,-1.80E-05,-3.86E-05,-2.93E-04,-1.58E-04,-3.98E-05,4.75E-05,2.21E-04,1.18E-05,4.06E-05,-2.43E-04,1.33E-05,1.92E-04,-4.79E-05,9.58E-05,5.65E-05
1268,-3.30E-04,-5.10E-05,-3.83E-04,-9.83E-05,-4.10E-04,-1.76E-05,-4.18E-05,-2.92E-04,-1.58E-04,-3.51E-05,4.77E-05,2.12E-04,-1.98E-06,3.99E-05,-2.49E-04,1.05E-05,1.85E-04,-5.60E-05,8.80E-05,6.13E-05
1269,-3.36E-04,-5.17E-05,-3.85E-04,-1.05E-04,-4.15E-04,-1.77E-05,-4.44E-05,-2.92E-04,-1.58E-04,-3.11E-05,4.71E-05,2.03E-04,-1.56E-05,3.86E-05,-2.56E-04,7.15E-06,1.77E-04,-6.39E-05,8.00E-05,6.58E-05
1270,-3.43E-04,-5.37E-05,-3.86E-04,-1.11E-04,-4.21E-04,-1.82E-05,-4.67E-05,-2.94E-04,-1.59E-04,-2.79E-05,4.51E-05,1.94E-04,-2.90E-05,3.65E-05,-2.64E-04,3.15E-06,1.67E-04,-7.17E-05,7.18E-05,6.99E-05
1271,-3.52E-04,-5.68E-05,-3.86E-04,-1.18E-04,-4.27E-04,-1.92E-05,-4.88E-05,-2.97E-04,-1.60E-04,-2.55E-05,4.14E-05,1.84E-04,-4.23E-05,3.38E-05,-2.72E-04,-1.46E-06,1.55E-04,-7.95E-05,6.34E-05,7.36E-05
1272,-3.61E-04,-6.10E-05,-3.86E-04,-1.25E-04,-4.35E-04,-2.06E-05,-5.08E-05,-3.02E-04,-1.61E-04,-2.39E-05,3.55E-05,1.73E-04,-5.56E-05,3.05E-05,-2.80E-04,-6.60E-06,1.42E-04,-8.74E-05,5.48E-05,7.69E-05
1273,-3.71E-04,-6.62E-05,-3.85E-04,-1.32E-04,-4.42E-04,-2.22E-05,-5.30E-05,-3.09E-04,-1.63E-04,-2.30E-05,2.71E-05,1.62E-04,-6.90E-05,2.66E-05,-2.88E-04,-1.22E-05,1.27E-04,-9.54E-05,4.61E-05,8.00E-05
1274,-3.82E-04,-7.22E-05,-3.83E-04,-1.38E-04,-4.49E-04,-2.41E-05,-5.53E-05,-3.18E-04,-1.66E-04,-2.25E-05,1.59E-05,1.50E-04,-8.25E-05,2.24E-05,-2.97E-04,-1.80E-05,1.10E-04,-1.03E-04,3.72E-05,8.29E-05
1275,-3.92E-04,-7.86E-05,-3.82E-04,-1.44E-04,-4.57E-04,-2.61E-05,-5.80E-05,-3.27E-04,-1.68E-04,-2.23E-05,1.89E-06,1.37E-04,-9.63E-05,1.80E-05,-3.05E-04,-2.40E-05,9.34E-05,-1.11E-04,2.82E-05,8.58E-05
1276,-4.01E-04,-8.50E-05,-3.80E-04,-1.50E-04,-4.64E-04,-2.79E-05,-6.12E-05,-3.38E-04,-1.71E-04,-2.20E-05,-1.48E-05,1.24E-04,-1.10E-04,1.36E-05,-3.14E-04,-2.98E-05,7.59E-05,-1.20E-04,1.92E-05,8.88E-05
1277,-4.10E-04,-9.12E-05,-3.78E-04,-1.54E-04,-4.70E-04,-2.95E-05,-6.48E-05,-3.48E-04,-1.75E-04,-2.14E-05,-3.37E-05,1.12E-04,-1.24E-04,9.47E-06,-3.22E-04,-3.53E-05,5.84E-05,-1.28E-04,1.02E-05,9.21E-05
1278,-4.17E-04,-9.67E-05,-3.77E-04,-1.58E-04,-4.76E-04,-3.06E-05,-6.89E-05,-3.59E-04,-1.78E-04,-2.02E-05,-5.46E-05,9.90E-05,-1.38E-04,5.83E-06,-3.31E-04,-4.03E-05,4.11E-05,-1.35E-04,1.36E-06,9.59E-05
1279,-4.22E-04,-1.01E-04,-3.76E-04,-1.62E-04,-4.81E-04,-3.13E-05,-7.37E-05,-3.69E-04,-1.81E-04,-1.82E-05,-7.67E-05,8.67E-05,-1.52E-04,2.85E-06,-3.39E-04,-4.46E-05,2.46E-05,-1.43E-04,-7.35E-06,1.00E-04
1280,-4.26E-04,-1.05E-04,-3.75E-04,-1.64E-04,-4.86E-04,-3.12E-05,-7.90E-05,-3.78E-04,-1.84E-04,-1.51E-05,-9.92E-05,7.51E-05,-1.66E-04,6.76E-07,-3.47E-04,-4.80E-05,9.12E-06,-1.50E-04,-1.58E-05,1.05E-04
1281,-4.28E-04,-1.07E-04,-3.75E-04,-1.65E-04,-4.89E-04,-3.05E-05,-8.48E-05,-3.85E-04,-1.87E-04,-1.09E-05,-1.21E-04,6.43E-05,-1.79E-04,-5.83E-07,-3.54E-04,-5.05E-05,-5.11E-06,-1.57E-04,-2.41E-05,1.11E-04
1282,-4.27E-04,-1.08E-04,-3.76E-04,-1.66E-04,-4.92E-04,-2.90E-05,-9.12E-05,-3.91E-04,-1.89E-04,-5.36E-06,-1.43E-04,5.44E-05,-1.91E-04,-8.83E-07,-3.62E-04,-5.20E-05,-1.79E-05,-1.63E-04,-3.20E-05,1.18E-04
1283,-4.25E-04,-1.08E-04,-3.78E-04,-1.66E-04,-4.94E-04,-2.67E-05,-9.82E-05,-3.95E-04,-1.91E-04,1.39E-06,-1.61E-04,4.56E-05,-2.02E-04,-2.42E-07,-3.69E-04,-5.25E-05,-2.92E-05,-1.69E-04,-3.95E-05,1.25E-04
1284,-4.21E-04,-1.06E-04,-3.80E-04,-1.65E-04,-4.95E-04,-2.37E-05,-1.06E-04,-3.96E-04,-1.91E-04,9.29E-06,-1.78E-04,3.78E-05,-2.12E-04,1.26E-06,-3.76E-04,-5.20E-05,-3.89E-05,-1.74E-04,-4.67E-05,1.33E-04
1285,-4.16E-04,-1.04E-04,-3.82E-04,-1.64E-04,-4.96E-04,-2.01E-05,-1.13E-04,-3.96E-04,-1.91E-04,1.82E-05,-1.90E-04,3.10E-05,-2.21E-04,3.48E-06,-3.83E-04,-5.07E-05,-4.73E-05,-1.78E-04,-5.36E-05,1.42E-04
1286,-4.09E-04,-1.01E-04,-3.85E-04,-1.63E-04,-4.96E-04,-1.60E-05,-1.21E-04,-3.93E-04,-1.91E-04,2.79E-05,-1.99E-04,2.50E-05,-2.28E-04,6.23E-06,-3.89E-04,-4.87E-05,-5.43E-05,-1.82E-04,-6.00E-05,1.51E-04
1287,-4.03E-04,-9.85E-05,-3.88E-04,-1.61E-04,-4.96E-04,-1.16E-05,-1.29E-04,-3.89E-04,-1.89E-04,3.80E-05,-2.03E-04,1.98E-05,-2.33E-04,9.28E-06,-3.96E-04,-4.61E-05,-6.03E-05,-1.85E-04,-6.61E-05,1.60E-04
1288,-3.96E-04,-9.59E-05,-3.91E-04,-1.59E-04,-4.96E-04,-6.99E-06,-1.38E-04,-3.84E-04,-1.87E-04,4.83E-05,-2.03E-04,1.51E-05,-2.38E-04,1.24E-05,-4.03E-04,-4.33E-05,-6.55E-05,-1.87E-04,-7.18E-05,1.69E-04
1289,-3.90E-04,-9.40E-05,-3.93E-04,-1.58E-04,-4.96E-04,-2.46E-06,-1.46E-04,-3.78E-04,-1.85E-04,5.84E-05,-1.99E-04,1.07E-05,-2.41E-04,1.53E-05,-4.10E-04,-4.03E-05,-7.03E-05,-1.89E-04,-7.71E-05,1.78E-04
1290,-3.85E-04,-9.31E-05,-3.96E-04,-1.56E-04,-4.96E-04,1.84E-06,-1.54E-04,-3.71E-04,-1.82E-04,6.81E-05,-1.91E-04,6.25E-06,-2.43E-04,1.77E-05,-4.17E-04,-3.75E-05,-7.49E-05,-1.91E-04,-8.21E-05,1.87E-04
1291,-3.82E-04,-9.34E-05,-3.97E-04,-1.55E-04,-4.96E-04,5.73E-06,-1.63E-04,-3.64E-04,-1.80E-04,7.69E-05,-1.80E-04,1.67E-06,-2.45E-04,1.94E-05,-4.24E-04,-3.49E-05,-7.95E-05,-1.93E-04,-8.68E-05,1.95E-04
1292,-3.80E-04,-9.52E-05,-3.98E-04,-1.54E-04,-4.96E-04,9.07E-06,-1.71E-04,-3.57E-04,-1.77E-04,8.47E-05,-1.67E-04,-3.29E-06,-2.47E-04,2.03E-05,-4.32E-04,-3.28E-05,-8.46E-05,-1.95E-04,-9.12E-05,2.03E-04
1293,-3.81E-04,-9.85E-05,-3.99E-04,-1.54E-04,-4.97E-04,1.17E-05,-1.78E-04,-3.51E-04,-1.75E-04,9.13E-05,-1.52E-04,-8.78E-06,-2.48E-04,2.03E-05,-4.40E-04,-3.13E-05,-9.01E-05,-1.97E-04,-9.53E-05,2.09E-04
1294,-3.84E-04,-1.03E-04,-3.98E-04,-1.54E-04,-4.99E-04,1.36E-05,-1.85E-04,-3.45E-04,-1.73E-04,9.66E-05,-1.37E-04,-1.49E-05,-2.51E-04,1.92E-05,-4.48E-04,-3.04E-05,-9.64E-05,-2.00E-04,-9.92E-05,2.15E-04
1295,-3.90E-04,-1.10E-04,-3.96E-04,-1.54E-04,-5.00E-04,1.48E-05,-1.92E-04,-3.41E-04,-1.72E-04,1.01E-04,-1.23E-04,-2.17E-05,-2.54E-04,1.71E-05,-4.56E-04,-3.01E-05,-1.04E-04,-2.03E-04,-1.03E-04,2.20E-04
1296,-3.97E-04,-1.18E-04,-3.94E-04,-1.55E-04,-5.02E-04,1.51E-05,-1.99E-04,-3.38E-04,-1.71E-04,1.03E-04,-1.10E-04,-2.90E-05,-2.58E-04,1.42E-05,-4.64E-04,-3.04E-05,-1.11E-04,-2.07E-04,-1.06E-04,2.24E-04
1297,-4.06E-04,-1.26E-04,-3.91E-04,-1.55E-04,-5.05E-04,1.48E-05,-2.05E-04,-3.37E-04,-1.71E-04,1.05E-04,-9.87E-05,-3.69E-05,-2.64E-04,1.05E-05,-4.72E-04,-3.12E-05,-1.20E-04,-2.12E-04,-1.09E-04,2.27E-04
1298,-4.17E-04,-1.36E-04,-3.88E-04,-1.56E-04,-5.07E-04,1.39E-05,-2.11E-04,-3.37E-04,-1.71E-04,1.05E-04,-9.08E-05,-4.51E-05,-2.71E-04,6.33E-06,-4.80E-04,-3.23E-05,-1.29E-04,-2.18E-04,-1.12E-04,2.29E-04
1299,-4.29E-04,-1.45E-04,-3.84E-04,-1.57E-04,-5.09E-04,1.25E-05,-2.16E-04,-3.38E-04,-1.71E-04,1.06E-04,-8.60E-05,-5.34E-05,-2.79E-04,1.96E-06,-4.87E-04,-3.36E-05,-1.39E-04,-2.24E-04,-1.14E-04,2.30E-04
1300,-4.40E-04,-1.55E-04,-3.80E-04,-1.57E-04,-5.12E-04,1.09E-05,-2.21E-04,-3.39E-04,-1.71E-04,1.05E-04,-8.47E-05,-6.15E-05,-2.88E-04,-2.35E-06,-4.94E-04,-3.48E-05,-1.49E-04,-2.31E-04,-1.17E-04,2.32E-04
1301,-4.51E-04,-1.64E-04,-3.76E-04,-1.58E-04,-5.13E-04,9.12E-06,-2.25E-04,-3.42E-04,-1.72E-04,1.05E-04,-8.67E-05,-6.92E-05,-2.98E-04,-6.28E-06,-5.00E-04,-3.58E-05,-1.60E-04,-2.38E-04,-1.18E-04,2.32E-04
1302,-4.62E-04,-1.72E-04,-3.71E-04,-1.58E-04,-5.15E-04,7.47E-06,-2.29E-04,-3.44E-04,-1.73E-04,1.05E-04,-9.18E-05,-7.62E-05,-3.08E-04,-9.55E-06,-5.05E-04,-3.62E-05,-1.70E-04,-2.46E-04,-1.20E-04,2.33E-04
1303,-4.70E-04,-1.78E-04,-3.68E-04,-1.57E-04,-5.16E-04,6.12E-06,-2.33E-04,-3.47E-04,-1.73E-04,1.06E-04,-9.96E-05,-8.23E-05,-3.19E-04,-1.19E-05,-5.09E-04,-3.60E-05,-1.79E-04,-2.54E-04,-1.21E-04,2.34E-04
1304,-4.76E-04,-1.84E-04,-3.64E-04,-1.56E-04,-5.17E-04,5.21E-06,-2.36E-04,-3.49E-04,-1.73E-04,1.08E-04,-1.10E-04,-8.73E-05,-3.29E-04,-1.31E-05,-5.12E-04,-3.50E-05,-1.88E-04,-2.62E-04,-1.22E-04,2.35E-04
1305,-4.80E-04,-1.88E-04,-3.61E-04,-1.55E-04,-5.16E-04,4.90E-06,-2.38E-04,-3.51E-04,-1.72E-04,1.11E-04,-1.21E-04,-9.11E-05,-3.38E-04,-1.31E-05,-5.14E-04,-3.29E-05,-1.96E-04,-2.70E-04,-1.22E-04,2.37E-04
1306,-4.80E-04,-1.90E-04,-3.59E-04,-1.53E-04,-5.16E-04,5.29E-06,-2.40E-04,-3.53E-04,-1.70E-04,1.15E-04,-1.33E-04,-9.34E-05,-3.46E-04,-1.17E-05,-5.15E-04,-2.99E-05,-2.04E-04,-2.77E-04,-1.22E-04,2.38E-04
1307,-4.77E-04,-1.91E-04,-3.57E-04,-1.51E-04,-5.15E-04,6.43E-06,-2.40E-04,-3.53E-04,-1.68E-04,1.20E-04,-1.45E-04,-9.45E-05,-3.52E-04,-8.99E-06,-5.15E-04,-2.59E-05,-2.10E-04,-2.84E-04,-1.21E-04,2.41E-04
1308,-4.71E-04,-1.90E-04,-3.55E-04,-1.48E-04,-5.14E-04,8.34E-06,-2.41E-04,-3.53E-04,-1.64E-04,1.26E-04,-1.56E-04,-9.43E-05,-3.57E-04,-5.03E-06,-5.14E-04,-2.09E-05,-2.15E-04,-2.90E-04,-1.20E-04,2.44E-04
1309,-4.62E-04,-1.88E-04,-3.54E-04,-1.45E-04,-5.12E-04,1.10E-05,-2.40E-04,-3.51E-04,-1.60E-04,1.34E-04,-1.66E-04,-9.30E-05,-3.60E-04,1.41E-08,-5.11E-04,-1.51E-05,-2.19E-04,-2.95E-04,-1.19E-04,2.47E-04
1310,-4.50E-04,-1.85E-04,-3.54E-04,-1.41E-04,-5.10E-04,1.43E-05,-2.39E-04,-3.49E-04,-1.55E-04,1.42E-04,-1.75E-04,-9.08E-05,-3.62E-04,5.93E-06,-5.09E-04,-8.71E-06,-2.22E-04,-2.99E-04,-1.17E-04,2.50E-04
1311,-4.37E-04,-1.81E-04,-3.54E-04,-1.37E-04,-5.09E-04,1.81E-05,-2.37E-04,-3.45E-04,-1.50E-04,1.50E-04,-1.82E-04,-8.80E-05,-3.61E-04,1.24E-05,-5.06E-04,-1.87E-06,-2.25E-04,-3.02E-04,-1.15E-04,2.54E-04
1312,-4.22E-04,-1.77E-04,-3.54E-04,-1.34E-04,-5.07E-04,2.23E-05,-2.35E-04,-3.41E-04,-1.43E-04,1.59E-04,-1.88E-04,-8.49E-05,-3.59E-04,1.92E-05,-5.02E-04,5.13E-06,-2.26E-04,-3.04E-04,-1.12E-04,2.58E-04
1313,-4.06E-04,-1.73E-04,-3.55E-04,-1.30E-04,-5.06E-04,2.68E-05,-2.33E-04,-3.37E-04,-1.37E-04,1.67E-04,-1.92E-04,-8.17E-05,-3.56E-04,2.60E-05,-4.98E-04,1.20E-05,-2.27E-04,-3.05E-04,-1.10E-04,2.62E-04
1314,-3.91E-04,-1.69E-04,-3.56E-04,-1.27E-04,-5.05E-04,3.12E-05,-2.30E-04,-3.32E-04,-1.31E-04,1.75E-04,-1.95E-04,-7.89E-05,-3.53E-04,3.25E-05,-4.95E-04,1.86E-05,-2.28E-04,-3.06E-04,-1.07E-04,2.65E-04
1315,-3.77E-04,-1.66E-04,-3.56E-04,-1.24E-04,-5.04E-04,3.56E-05,-2.28E-04,-3.27E-04,-1.24E-04,1.81E-04,-1.97E-04,-7.67E-05,-3.49E-04,3.83E-05,-4.91E-04,2.45E-05,-2.28E-04,-3.07E-04,-1.05E-04,2.68E-04
1316,-3.64E-04,-1.63E-04,-3.57E-04,-1.22E-04,-5.03E-04,3.96E-05,-2.25E-04,-3.21E-04,-1.18E-04,1.87E-04,-1.99E-04,-7.54E-05,-3.45E-04,4.34E-05,-4.88E-04,2.96E-05,-2.28E-04,-3.07E-04,-1.02E-04,2.70E-04
1317,-3.54E-04,-1.62E-04,-3.58E-04,-1.20E-04,-5.03E-04,4.31E-05,-2.24E-04,-3.16E-04,-1.12E-04,1.91E-04,-2.01E-04,-7.50E-05,-3.42E-04,4.74E-05,-4.86E-04,3.37E-05,-2.28E-04,-3.07E-04,-1.00E-04,2.72E-04
1318,-3.48E-04,-1.61E-04,-3.59E-04,-1.19E-04,-5.02E-04,4.61E-05,-2.23E-04,-3.12E-04,-1.07E-04,1.93E-04,-2.04E-04,-7.57E-05,-3.40E-04,5.03E-05,-4.84E-04,3.66E-05,-2.28E-04,-3.08E-04,-9.83E-05,2.73E-04
1319,-3.45E-04,-1.62E-04,-3.59E-04,-1.18E-04,-5.02E-04,4.85E-05,-2.24E-04,-3.07E-04,-1.03E-04,1.94E-04,-2.08E-04,-7.75E-05,-3.38E-04,5.20E-05,-4.82E-04,3.84E-05,-2.29E-04,-3.08E-04,-9.68E-05,2.73E-04
1320,-3.46E-04,-1.63E-04,-3.60E-04,-1.18E-04,-5.01E-04,5.03E-05,-2.26E-04,-3.03E-04,-9.89E-05,1.93E-04,-2.13E-04,-8.04E-05,-3.39E-04,5.26E-05,-4.81E-04,3.89E-05,-2.30E-04,-3.10E-04,-9.58E-05,2.71E-04
1321,-3.51E-04,-1.66E-04,-3.60E-04,-1.19E-04,-5.00E-04,5.14E-05,-2.29E-04,-2.99E-04,-9.60E-05,1.91E-04,-2.21E-04,-8.42E-05,-3.40E-04,5.22E-05,-4.81E-04,3.83E-05,-2.31E-04,-3.12E-04,-9.53E-05,2.69E-04
1322,-3.59E-04,-1.69E-04,-3.60E-04,-1.20E-04,-4.98E-04,5.19E-05,-2.33E-04,-2.96E-04,-9.38E-05,1.88E-04,-2.29E-04,-8.87E-05,-3.43E-04,5.09E-05,-4.81E-04,3.67E-05,-2.32E-04,-3.15E-04,-9.54E-05,2.67E-04
1323,-3.71E-04,-1.73E-04,-3.60E-04,-1.21E-04,-4.95E-04,5.20E-05,-2.39E-04,-2.93E-04,-9.23E-05,1.84E-04,-2.38E-04,-9.36E-05,-3.47E-04,4.90E-05,-4.81E-04,3.43E-05,-2.34E-04,-3.19E-04,-9.61E-05,2.63E-04
1324,-3.85E-04,-1.77E-04,-3.60E-04,-1.23E-04,-4.91E-04,5.17E-05,-2.46E-04,-2.91E-04,-9.13E-05,1.79E-04,-2.48E-04,-9.86E-05,-3.52E-04,4.66E-05,-4.82E-04,3.12E-05,-2.35E-04,-3.23E-04,-9.73E-05,2.59E-04
1325,-4.02E-04,-1.81E-04,-3.59E-04,-1.25E-04,-4.87E-04,5.13E-05,-2.54E-04,-2.89E-04,-9.06E-05,1.74E-04,-2.58E-04,-1.03E-04,-3.58E-04,4.40E-05,-4.82E-04,2.76E-05,-2.37E-04,-3.29E-04,-9.90E-05,2.55E-04
1326,-4.19E-04,-1.85E-04,-3.58E-04,-1.26E-04,-4.81E-04,5.09E-05,-2.62E-04,-2.87E-04,-9.02E-05,1.70E-04,-2.68E-04,-1.08E-04,-3.63E-04,4.15E-05,-4.82E-04,2.37E-05,-2.39E-04,-3.35E-04,-1.01E-04,2.50E-04
1327,-4.37E-04,-1.89E-04,-3.57E-04,-1.28E-04,-4.75E-04,5.06E-05,-2.70E-04,-2.85E-04,-8.98E-05,1.66E-04,-2.76E-04,-1.11E-04,-3.68E-04,3.92E-05,-4.82E-04,1.99E-05,-2.41E-04,-3.42E-04,-1.04E-04,2.45E-04
1328,-4.54E-04,-1.92E-04,-3.55E-04,-1.29E-04,-4.67E-04,5.06E-05,-2.79E-04,-2.83E-04,-8.92E-05,1.63E-04,-2.81E-04,-1.14E-04,-3.73E-04,3.73E-05,-4.82E-04,1.62E-05,-2.42E-04,-3.50E-04,-1.07E-04,2.41E-04
1329,-4.68E-04,-1.94E-04,-3.53E-04,-1.30E-04,-4.59E-04,5.10E-05,-2.86E-04,-2.82E-04,-8.84E-05,1.61E-04,-2.85E-04,-1.15E-04,-3.77E-04,3.59E-05,-4.82E-04,1.27E-05,-2.44E-04,-3.58E-04,-1.10E-04,2.37E-04
1330,-4.81E-04,-1.95E-04,-3.50E-04,-1.31E-04,-4.51E-04,5.19E-05,-2.93E-04,-2.81E-04,-8.72E-05,1.60E-04,-2.85E-04,-1.15E-04,-3.79E-04,3.50E-05,-4.81E-04,9.72E-06,-2.45E-04,-3.66E-04,-1.13E-04,2.33E-04
1331,-4.89E-04,-1.95E-04,-3.46E-04,-1.31E-04,-4.42E-04,5.33E-05,-2.97E-04,-2.79E-04,-8.56E-05,1.60E-04,-2.82E-04,-1.14E-04,-3.80E-04,3.47E-05,-4.79E-04,7.14E-06,-2.45E-04,-3.74E-04,-1.17E-04,2.29E-04
1332,-4.94E-04,-1.94E-04,-3.42E-04,-1.32E-04,-4.34E-04,5.52E-05,-3.00E-04,-2.78E-04,-8.34E-05,1.61E-04,-2.75E-04,-1.12E-04,-3.80E-04,3.48E-05,-4.78E-04,5.01E-06,-2.46E-04,-3.82E-04,-1.20E-04,2.27E-04
1333,-4.95E-04,-1.92E-04,-3.38E-04,-1.31E-04,-4.25E-04,5.76E-05,-3.01E-04,-2.78E-04,-8.08E-05,1.64E-04,-2.66E-04,-1.09E-04,-3.79E-04,3.52E-05,-4.76E-04,3.26E-06,-2.46E-04,-3.90E-04,-1.24E-04,2.24E-04
1334,-4.91E-04,-1.89E-04,-3.33E-04,-1.31E-04,-4.17E-04,6.03E-05,-3.00E-04,-2.77E-04,-7.78E-05,1.67E-04,-2.53E-04,-1.04E-04,-3.77E-04,3.57E-05,-4.74E-04,1.80E-06,-2.46E-04,-3.98E-04,-1.27E-04,2.22E-04
1335,-4.83E-04,-1.86E-04,-3.27E-04,-1.31E-04,-4.10E-04,6.32E-05,-2.97E-04,-2.77E-04,-7.45E-05,1.71E-04,-2.39E-04,-9.95E-05,-3.74E-04,3.62E-05,-4.72E-04,4.91E-07,-2.46E-04,-4.05E-04,-1.31E-04,2.21E-04
1336,-4.72E-04,-1.82E-04,-3.21E-04,-1.31E-04,-4.04E-04,6.61E-05,-2.91E-04,-2.76E-04,-7.10E-05,1.75E-04,-2.24E-04,-9.44E-05,-3.70E-04,3.64E-05,-4.71E-04,-8.51E-07,-2.46E-04,-4.12E-04,-1.34E-04,2.19E-04
1337,-4.57E-04,-1.77E-04,-3.16E-04,-1.31E-04,-3.99E-04,6.88E-05,-2.84E-04,-2.76E-04,-6.76E-05,1.79E-04,-2.08E-04,-8.93E-05,-3.67E-04,3.60E-05,-4.70E-04,-2.40E-06,-2.46E-04,-4.19E-04,-1.37E-04,2.18E-04
1338,-4.39E-04,-1.73E-04,-3.10E-04,-1.32E-04,-3.96E-04,7.10E-05,-2.76E-04,-2.76E-04,-6.42E-05,1.82E-04,-1.94E-04,-8.46E-05,-3.64E-04,3.48E-05,-4.69E-04,-4.36E-06,-2.46E-04,-4.25E-04,-1.40E-04,2.16E-04
1339,-4.20E-04,-1.69E-04,-3.04E-04,-1.33E-04,-3.93E-04,7.26E-05,-2.67E-04,-2.76E-04,-6.13E-05,1.85E-04,-1.80E-04,-8.06E-05,-3.62E-04,3.27E-05,-4.69E-04,-6.89E-06,-2.47E-04,-4.30E-04,-1.44E-04,2.14E-04
1340,-3.99E-04,-1.65E-04,-2.99E-04,-1.35E-04,-3.92E-04,7.33E-05,-2.58E-04,-2.75E-04,-5.89E-05,1.86E-04,-1.70E-04,-7.76E-05,-3.60E-04,2.94E-05,-4.70E-04,-1.02E-05,-2.48E-04,-4.36E-04,-1.48E-04,2.12E-04
1341,-3.79E-04,-1.62E-04,-2.95E-04,-1.38E-04,-3.92E-04,7.29E-05,-2.49E-04,-2.75E-04,-5.72E-05,1.87E-04,-1.63E-04,-7.57E-05,-3.60E-04,2.49E-05,-4.71E-04,-1.43E-05,-2.50E-04,-4.41E-04,-1.51E-04,2.09E-04
1342,-3.60E-04,-1.59E-04,-2.92E-04,-1.42E-04,-3.92E-04,7.13E-05,-2.41E-04,-2.74E-04,-5.62E-05,1.86E-04,-1.59E-04,-7.50E-05,-3.62E-04,1.91E-05,-4.74E-04,-1.93E-05,-2.52E-04,-4.46E-04,-1.55E-04,2.05E-04
1343,-3.43E-04,-1.58E-04,-2.89E-04,-1.47E-04,-3.93E-04,6.84E-05,-2.34E-04,-2.73E-04,-5.62E-05,1.84E-04,-1.60E-04,-7.57E-05,-3.64E-04,1.20E-05,-4.77E-04,-2.53E-05,-2.55E-04,-4.50E-04,-1.60E-04,2.00E-04
1344,-3.28E-04,-1.58E-04,-2.88E-04,-1.52E-04,-3.95E-04,6.42E-05,-2.30E-04,-2.72E-04,-5.71E-05,1.80E-04,-1.64E-04,-7.77E-05,-3.69E-04,3.74E-06,-4.81E-04,-3.22E-05,-2.59E-04,-4.55E-04,-1.65E-04,1.95E-04
1345,-3.16E-04,-1.59E-04,-2.88E-04,-1.59E-04,-3.98E-04,5.86E-05,-2.28E-04,-2.70E-04,-5.89E-05,1.76E-04,-1.73E-04,-8.09E-05,-3.74E-04,-5.61E-06,-4.85E-04,-4.00E-05,-2.63E-04,-4.60E-04,-1.70E-04,1.88E-04
1346,-3.07E-04,-1.61E-04,-2.90E-04,-1.65E-04,-4.00E-04,5.17E-05,-2.29E-04,-2.68E-04,-6.15E-05,1.70E-04,-1.84E-04,-8.52E-05,-3.81E-04,-1.59E-05,-4.90E-04,-4.85E-05,-2.68E-04,-4.66E-04,-1.76E-04,1.81E-04
1347,-3.02E-04,-1.64E-04,-2.92E-04,-1.73E-04,-4.02E-04,4.36E-05,-2.32E-04,-2.66E-04,-6.50E-05,1.63E-04,-1.99E-04,-9.03E-05,-3.88E-04,-2.69E-05,-4.95E-04,-5.75E-05,-2.73E-04,-4.72E-04,-1.82E-04,1.73E-04
1348,-3.00E-04,-1.69E-04,-2.96E-04,-1.80E-04,-4.05E-04,3.45E-05,-2.38E-04,-2.64E-04,-6.90E-05,1.56E-04,-2.15E-04,-9.61E-05,-3.96E-04,-3.85E-05,-5.00E-04,-6.70E-05,-2.78E-04,-4.78E-04,-1.89E-04,1.65E-04
1349,-3.01E-04,-1.74E-04,-3.01E-04,-1.88E-04,-4.06E-04,2.46E-05,-2.46E-04,-2.63E-04,-7.35E-05,1.49E-04,-2.32E-04,-1.02E-04,-4.04E-04,-5.03E-05,-5.05E-04,-7.67E-05,-2.84E-04,-4.84E-04,-1.96E-04,1.56E-04
1350,-3.05E-04,-1.80E-04,-3.06E-04,-1.96E-04,-4.08E-04,1.40E-05,-2.56E-04,-2.61E-04,-7.83E-05,1.42E-04,-2.49E-04,-1.08E-04,-4.12E-04,-6.23E-05,-5.09E-04,-8.64E-05,-2.89E-04,-4.92E-04,-2.03E-04,1.47E-04
1351,-3.11E-04,-1.88E-04,-3.13E-04,-2.04E-04,-4.09E-04,2.91E-06,-2.67E-04,-2.61E-04,-8.32E-05,1.35E-04,-2.65E-04,-1.15E-04,-4.20E-04,-7.42E-05,-5.14E-04,-9.59E-05,-2.95E-04,-4.99E-04,-2.10E-04,1.38E-04
1352,-3.18E-04,-1.96E-04,-3.19E-04,-2.11E-04,-4.11E-04,-8.38E-06,-2.79E-04,-2.61E-04,-8.81E-05,1.29E-04,-2.80E-04,-1.20E-04,-4.27E-04,-8.59E-05,-5.17E-04,-1.05E-04,-3.01E-04,-5.08E-04,-2.18E-04,1.29E-04
1353,-3.26E-04,-2.04E-04,-3.26E-04,-2.19E-04,-4.11E-04,-1.97E-05,-2.91E-04,-2.62E-04,-9.27E-05,1.24E-04,-2.92E-04,-1.26E-04,-4.33E-04,-9.73E-05,-5.21E-04,-1.14E-04,-3.06E-04,-5.16E-04,-2.25E-04,1.20E-04
1354,-3.34E-04,-2.12E-04,-3.32E-04,-2.26E-04,-4.12E-04,-3.09E-05,-3.02E-04,-2.65E-04,-9.69E-05,1.19E-04,-3.02E-04,-1.31E-04,-4.39E-04,-1.08E-04,-5.24E-04,-1.22E-04,-3.11E-04,-5.25E-04,-2.33E-04,1.12E-04
1355,-3.42E-04,-2.21E-04,-3.38E-04,-2.32E-04,-4.13E-04,-4.19E-05,-3.13E-04,-2.69E-04,-1.01E-04,1.16E-04,-3.09E-04,-1.35E-04,-4.45E-04,-1.19E-04,-5.27E-04,-1.30E-04,-3.17E-04,-5.35E-04,-2.40E-04,1.05E-04
1356,-3.48E-04,-2.29E-04,-3.44E-04,-2.39E-04,-4.15E-04,-5.26E-05,-3.22E-04,-2.74E-04,-1.04E-04,1.14E-04,-3.14E-04,-1.39E-04,-4.50E-04,-1.29E-04,-5.29E-04,-1.36E-04,-3.21E-04,-5.44E-04,-2.47E-04,9.78E-05
1357,-3.53E-04,-2.37E-04,-3.49E-04,-2.46E-04,-4.16E-04,-6.29E-05,-3.29E-04,-2.82E-04,-1.07E-04,1.12E-04,-3.17E-04,-1.42E-04,-4.54E-04,-1.39E-04,-5.31E-04,-1.43E-04,-3.26E-04,-5.54E-04,-2.54E-04,9.16E-05
1358,-3.56E-04,-2.45E-04,-3.54E-04,-2.53E-04,-4.19E-04,-7.30E-05,-3.34E-04,-2.91E-04,-1.09E-04,1.11E-04,-3.19E-04,-1.46E-04,-4.59E-04,-1.48E-04,-5.33E-04,-1.49E-04,-3.31E-04,-5.64E-04,-2.61E-04,8.62E-05
1359,-3.57E-04,-2.52E-04,-3.57E-04,-2.60E-04,-4.22E-04,-8.29E-05,-3.36E-04,-3.02E-04,-1.11E-04,1.11E-04,-3.19E-04,-1.49E-04,-4.64E-04,-1.58E-04,-5.36E-04,-1.54E-04,-3.36E-04,-5.73E-04,-2.67E-04,8.13E-05
1360,-3.57E-04,-2.59E-04,-3.61E-04,-2.68E-04,-4.25E-04,-9.26E-05,-3.37E-04,-3.14E-04,-1.12E-04,1.10E-04,-3.20E-04,-1.53E-04,-4.70E-04,-1.68E-04,-5.38E-04,-1.59E-04,-3.41E-04,-5.83E-04,-2.74E-04,7.70E-05
1361,-3.54E-04,-2.66E-04,-3.64E-04,-2.78E-04,-4.30E-04,-1.02E-04,-3.36E-04,-3.27E-04,-1.14E-04,1.10E-04,-3.21E-04,-1.57E-04,-4.76E-04,-1.77E-04,-5.42E-04,-1.65E-04,-3.46E-04,-5.92E-04,-2.80E-04,7.31E-05
1362,-3.50E-04,-2.72E-04,-3.67E-04,-2.88E-04,-4.35E-04,-1.12E-04,-3.34E-04,-3.42E-04,-1.16E-04,1.09E-04,-3.24E-04,-1.62E-04,-4.83E-04,-1.87E-04,-5.46E-04,-1.70E-04,-3.52E-04,-6.01E-04,-2.86E-04,6.94E-05
1363,-3.45E-04,-2.79E-04,-3.70E-04,-2.99E-04,-4.41E-04,-1.23E-04,-3.30E-04,-3.57E-04,-1.17E-04,1.08E-04,-3.29E-04,-1.68E-04,-4.91E-04,-1.98E-04,-5.51E-04,-1.76E-04,-3.58E-04,-6.10E-04,-2.92E-04,6.58E-05
1364,-3.40E-04,-2.85E-04,-3.74E-04,-3.12E-04,-4.47E-04,-1.34E-04,-3.27E-04,-3.74E-04,-1.20E-04,1.05E-04,-3.36E-04,-1.76E-04,-5.00E-04,-2.08E-04,-5.56E-04,-1.82E-04,-3.65E-04,-6.19E-04,-2.98E-04,6.22E-05
1365,-3.35E-04,-2.92E-04,-3.79E-04,-3.25E-04,-4.54E-04,-1.45E-04,-3.24E-04,-3.90E-04,-1.22E-04,1.01E-04,-3.46E-04,-1.84E-04,-5.10E-04,-2.20E-04,-5.63E-04,-1.88E-04,-3.72E-04,-6.27E-04,-3.04E-04,5.83E-05
1366,-3.31E-04,-2.99E-04,-3.84E-04,-3.41E-04,-4.61E-04,-1.57E-04,-3.22E-04,-4.07E-04,-1.26E-04,9.63E-05,-3.59E-04,-1.94E-04,-5.20E-04,-2.32E-04,-5.71E-04,-1.95E-04,-3.80E-04,-6.35E-04,-3.11E-04,5.41E-05
1367,-3.28E-04,-3.06E-04,-3.91E-04,-3.57E-04,-4.69E-04,-1.71E-04,-3.21E-04,-4.24E-04,-1.30E-04,9.00E-05,-3.74E-04,-2.04E-04,-5.31E-04,-2.44E-04,-5.80E-04,-2.03E-04,-3.89E-04,-6.42E-04,-3.17E-04,4.95E-05
1368,-3.26E-04,-3.15E-04,-4.00E-04,-3.74E-04,-4.76E-04,-1.85E-04,-3.23E-04,-4.40E-04,-1.35E-04,8.24E-05,-3.91E-04,-2.16E-04,-5.42E-04,-2.57E-04,-5.89E-04,-2.11E-04,-3.98E-04,-6.50E-04,-3.24E-04,4.44E-05
1369,-3.27E-04,-3.26E-04,-4.11E-04,-3.91E-04,-4.84E-04,-2.00E-04,-3.27E-04,-4.56E-04,-1.42E-04,7.35E-05,-4.11E-04,-2.28E-04,-5.53E-04,-2.70E-04,-6.00E-04,-2.20E-04,-4.09E-04,-6.57E-04,-3.31E-04,3.88E-05
1370,-3.30E-04,-3.37E-04,-4.23E-04,-4.09E-04,-4.91E-04,-2.16E-04,-3.34E-04,-4.72E-04,-1.49E-04,6.36E-05,-4.31E-04,-2.41E-04,-5.64E-04,-2.83E-04,-6.10E-04,-2.30E-04,-4.19E-04,-6.64E-04,-3.38E-04,3.27E-05
1371,-3.36E-04,-3.51E-04,-4.38E-04,-4.27E-04,-4.98E-04,-2.32E-04,-3.43E-04,-4.88E-04,-1.57E-04,5.27E-05,-4.52E-04,-2.54E-04,-5.74E-04,-2.97E-04,-6.22E-04,-2.40E-04,-4.30E-04,-6.71E-04,-3.46E-04,2.63E-05
1372,-3.45E-04,-3.66E-04,-4.54E-04,-4.44E-04,-5.05E-04,-2.49E-04,-3.55E-04,-5.03E-04,-1.65E-04,4.13E-05,-4.73E-04,-2.68E-04,-5.84E-04,-3.10E-04,-6.33E-04,-2.50E-04,-4.42E-04,-6.79E-04,-3.53E-04,1.96E-05
1373,-3.56E-04,-3.83E-04,-4.73E-04,-4.60E-04,-5.11E-04,-2.67E-04,-3.69E-04,-5.19E-04,-1.74E-04,2.96E-05,-4.93E-04,-2.80E-04,-5.93E-04,-3.23E-04,-6.44E-04,-2.61E-04,-4.54E-04,-6.86E-04,-3.61E-04,1.28E-05
1374,-3.69E-04,-4.02E-04,-4.92E-04,-4.74E-04,-5.17E-04,-2.84E-04,-3.86E-04,-5.34E-04,-1.84E-04,1.80E-05,-5.12E-04,-2.92E-04,-6.01E-04,-3.35E-04,-6.55E-04,-2.71E-04,-4.65E-04,-6.94E-04,-3.68E-04,6.09E-06
1375,-3.84E-04,-4.23E-04,-5.13E-04,-4.87E-04,-5.22E-04,-3.01E-04,-4.03E-04,-5.49E-04,-1.93E-04,6.61E-06,-5.29E-04,-3.03E-04,-6.08E-04,-3.48E-04,-6.66E-04,-2.81E-04,-4.77E-04,-7.01E-04,-3.75E-04,-3.68E-07
1376,-4.01E-04,-4.45E-04,-5.35E-04,-4.98E-04,-5.27E-04,-3.18E-04,-4.22E-04,-5.65E-04,-2.03E-04,-4.14E-06,-5.44E-04,-3.12E-04,-6.15E-04,-3.59E-04,-6.76E-04,-2.91E-04,-4.88E-04,-7.09E-04,-3.82E-04,-6.37E-06
1377,-4.19E-04,-4.69E-04,-5.57E-04,-5.07E-04,-5.31E-04,-3.34E-04,-4.41E-04,-5.81E-04,-2.13E-04,-1.40E-05,-5.58E-04,-3.21E-04,-6.21E-04,-3.69E-04,-6.85E-04,-3.00E-04,-5.00E-04,-7.16E-04,-3.89E-04,-1.17E-05
1378,-4.37E-04,-4.94E-04,-5.79E-04,-5.14E-04,-5.35E-04,-3.49E-04,-4.60E-04,-5.98E-04,-2.22E-04,-2.28E-05,-5.71E-04,-3.28E-04,-6.28E-04,-3.79E-04,-6.93E-04,-3.08E-04,-5.10E-04,-7.24E-04,-3.95E-04,-1.63E-05
1379,-4.56E-04,-5.19E-04,-6.01E-04,-5.19E-04,-5.39E-04,-3.63E-04,-4.78E-04,-6.15E-04,-2.31E-04,-3.05E-05,-5.81E-04,-3.33E-04,-6.34E-04,-3.88E-04,-7.01E-04,-3.16E-04,-5.20E-04,-7.31E-04,-4.00E-04,-1.98E-05
1380,-4.74E-04,-5.45E-04,-6.22E-04,-5.21E-04,-5.42E-04,-3.76E-04,-4.95E-04,-6.32E-04,-2.39E-04,-3.68E-05,-5.91E-04,-3.38E-04,-6.41E-04,-3.95E-04,-7.07E-04,-3.22E-04,-5.30E-04,-7.38E-04,-4.05E-04,-2.23E-05
1381,-4.91E-04,-5.71E-04,-6.42E-04,-5.22E-04,-5.46E-04,-3.87E-04,-5.10E-04,-6.51E-04,-2.47E-04,-4.18E-05,-6.00E-04,-3.41E-04,-6.49E-04,-4.02E-04,-7.13E-04,-3.28E-04,-5.38E-04,-7.44E-04,-4.09E-04,-2.37E-05
1382,-5.07E-04,-5.95E-04,-6.61E-04,-5.21E-04,-5.49E-04,-3.97E-04,-5.25E-04,-6.69E-04,-2.55E-04,-4.55E-05,-6.09E-04,-3.43E-04,-6.58E-04,-4.07E-04,-7.17E-04,-3.33E-04,-5.46E-04,-7.50E-04,-4.12E-04,-2.39E-05
1383,-5.22E-04,-6.19E-04,-6.78E-04,-5.18E-04,-5.52E-04,-4.05E-04,-5.37E-04,-6.88E-04,-2.61E-04,-4.81E-05,-6.17E-04,-3.46E-04,-6.67E-04,-4.12E-04,-7.21E-04,-3.37E-04,-5.54E-04,-7.55E-04,-4.15E-04,-2.31E-05
1384,-5.35E-04,-6.41E-04,-6.94E-04,-5.15E-04,-5.54E-04,-4.12E-04,-5.48E-04,-7.07E-04,-2.68E-04,-4.97E-05,-6.26E-04,-3.47E-04,-6.78E-04,-4.16E-04,-7.25E-04,-3.41E-04,-5.60E-04,-7.59E-04,-4.18E-04,-2.12E-05
1385,-5.46E-04,-6.61E-04,-7.07E-04,-5.10E-04,-5.57E-04,-4.18E-04,-5.57E-04,-7.26E-04,-2.74E-04,-5.06E-05,-6.35E-04,-3.50E-04,-6.90E-04,-4.19E-04,-7.28E-04,-3.44E-04,-5.66E-04,-7.62E-04,-4.20E-04,-1.84E-05
1386,-5.56E-04,-6.78E-04,-7.20E-04,-5.06E-04,-5.60E-04,-4.22E-04,-5.66E-04,-7.45E-04,-2.80E-04,-5.10E-05,-6.43E-04,-3.52E-04,-7.03E-04,-4.22E-04,-7.30E-04,-3.46E-04,-5.71E-04,-7.64E-04,-4.21E-04,-1.49E-05
1387,-5.63E-04,-6.94E-04,-7.30E-04,-5.01E-04,-5.62E-04,-4.26E-04,-5.74E-04,-7.64E-04,-2.86E-04,-5.10E-05,-6.52E-04,-3.56E-04,-7.16E-04,-4.24E-04,-7.32E-04,-3.48E-04,-5.76E-04,-7.66E-04,-4.22E-04,-1.09E-05
1388,-5.69E-04,-7.06E-04,-7.40E-04,-4.97E-04,-5.64E-04,-4.29E-04,-5.81E-04,-7.81E-04,-2.92E-04,-5.11E-05,-6.61E-04,-3.60E-04,-7.30E-04,-4.25E-04,-7.34E-04,-3.50E-04,-5.80E-04,-7.66E-04,-4.24E-04,-6.54E-06
1389,-5.73E-04,-7.17E-04,-7.48E-04,-4.93E-04,-5.66E-04,-4.31E-04,-5.89E-04,-7.99E-04,-2.98E-04,-5.14E-05,-6.69E-04,-3.66E-04,-7.44E-04,-4.26E-04,-7.36E-04,-3.51E-04,-5.84E-04,-7.65E-04,-4.25E-04,-2.15E-06
1390,-5.76E-04,-7.24E-04,-7.55E-04,-4.90E-04,-5.67E-04,-4.33E-04,-5.97E-04,-8.15E-04,-3.05E-04,-5.22E-05,-6.75E-04,-3.73E-04,-7.58E-04,-4.27E-04,-7.38E-04,-3.53E-04,-5.88E-04,-7.64E-04,-4.26E-04,2.08E-06
1391,-5.78E-04,-7.30E-04,-7.62E-04,-4.88E-04,-5.68E-04,-4.34E-04,-6.06E-04,-8.30E-04,-3.12E-04,-5.37E-05,-6.80E-04,-3.82E-04,-7.70E-04,-4.27E-04,-7.40E-04,-3.55E-04,-5.91E-04,-7.63E-04,-4.28E-04,5.93E-06
1392,-5.78E-04,-7.34E-04,-7.69E-04,-4.86E-04,-5.69E-04,-4.36E-04,-6.16E-04,-8.45E-04,-3.19E-04,-5.59E-05,-6.83E-04,-3.91E-04,-7.82E-04,-4.27E-04,-7.42E-04,-3.57E-04,-5.94E-04,-7.61E-04,-4.30E-04,9.22E-06
1393,-5.78E-04,-7.36E-04,-7.75E-04,-4.85E-04,-5.69E-04,-4.37E-04,-6.28E-04,-8.59E-04,-3.28E-04,-5.89E-05,-6.84E-04,-4.02E-04,-7.92E-04,-4.27E-04,-7.44E-04,-3.60E-04,-5.97E-04,-7.60E-04,-4.32E-04,1.18E-05
1394,-5.78E-04,-7.37E-04,-7.82E-04,-4.85E-04,-5.69E-04,-4.39E-04,-6.40E-04,-8.72E-04,-3.37E-04,-6.28E-05,-6.82E-04,-4.14E-04,-8.00E-04,-4.27E-04,-7.46E-04,-3.62E-04,-6.00E-04,-7.58E-04,-4.35E-04,1.35E-05
1395,-5.77E-04,-7.38E-04,-7.89E-04,-4.85E-04,-5.68E-04,-4.41E-04,-6.55E-04,-8.84E-04,-3.46E-04,-6.76E-05,-6.78E-04,-4.26E-04,-8.06E-04,-4.27E-04,-7.48E-04,-3.66E-04,-6.03E-04,-7.57E-04,-4.38E-04,1.44E-05
1396,-5.76E-04,-7.38E-04,-7.97E-04,-4.85E-04,-5.67E-04,-4.43E-04,-6.70E-04,-8.95E-04,-3.56E-04,-7.30E-05,-6.71E-04,-4.38E-04,-8.10E-04,-4.27E-04,-7.50E-04,-3.69E-04,-6.06E-04,-7.57E-04,-4.41E-04,1.43E-05
1397,-5.75E-04,-7.39E-04,-8.04E-04,-4.85E-04,-5.66E-04,-4.44E-04,-6.86E-04,-9.06E-04,-3.66E-04,-7.89E-05,-6.63E-04,-4.50E-04,-8.12E-04,-4.26E-04,-7.51E-04,-3.73E-04,-6.09E-04,-7.57E-04,-4.45E-04,1.34E-05
1398,-5.74E-04,-7.41E-04,-8.12E-04,-4.85E-04,-5.64E-04,-4.46E-04,-7.03E-04,-9.16E-04,-3.76E-04,-8.52E-05,-6.53E-04,-4.62E-04,-8.11E-04,-4.25E-04,-7.52E-04,-3.77E-04,-6.11E-04,-7.58E-04,-4.49E-04,1.16E-05
1399,-5.72E-04,-7.43E-04,-8.20E-04,-4.84E-04,-5.62E-04,-4.47E-04,-7.20E-04,-9.26E-04,-3.86E-04,-9.16E-05,-6.43E-04,-4.73E-04,-8.08E-04,-4.24E-04,-7.53E-04,-3.81E-04,-6.14E-04,-7.60E-04,-4.53E-04,9.23E-06
1400,-5.71E-04,-7.46E-04,-8.27E-04,-4.83E-04,-5.59E-04,-4.48E-04,-7.37E-04,-9.35E-04,-3.96E-04,-9.78E-05,-6.34E-04,-4.83E-04,-8.04E-04,-4.22E-04,-7.53E-04,-3.85E-04,-6.17E-04,-7.63E-04,-4.57E-04,6.30E-06
1401,-5.69E-04,-7.51E-04,-8.34E-04,-4.80E-04,-5.57E-04,-4.48E-04,-7.53E-04,-9.43E-04,-4.05E-04,-1.03E-04,-6.25E-04,-4.91E-04,-7.98E-04,-4.20E-04,-7.52E-04,-3.89E-04,-6.19E-04,-7.66E-04,-4.60E-04,3.01E-06
1402,-5.66E-04,-7.57E-04,-8.40E-04,-4.76E-04,-5.53E-04,-4.47E-04,-7.68E-04,-9.51E-04,-4.14E-04,-1.08E-04,-6.18E-04,-4.99E-04,-7.90E-04,-4.17E-04,-7.50E-04,-3.92E-04,-6.21E-04,-7.70E-04,-4.64E-04,-4.32E-07
1403,-5.64E-04,-7.64E-04,-8.44E-04,-4.71E-04,-5.50E-04,-4.45E-04,-7.82E-04,-9.58E-04,-4.22E-04,-1.12E-04,-6.13E-04,-5.04E-04,-7.82E-04,-4.14E-04,-7.47E-04,-3.96E-04,-6.22E-04,-7.73E-04,-4.67E-04,-3.83E-06
1404,-5.60E-04,-7.72E-04,-8.47E-04,-4.65E-04,-5.46E-04,-4.42E-04,-7.93E-04,-9.64E-04,-4.29E-04,-1.15E-04,-6.12E-04,-5.09E-04,-7.73E-04,-4.10E-04,-7.43E-04,-3.98E-04,-6.22E-04,-7.77E-04,-4.69E-04,-7.02E-06
1405,-5.56E-04,-7.80E-04,-8.48E-04,-4.58E-04,-5.42E-04,-4.37E-04,-8.03E-04,-9.68E-04,-4.35E-04,-1.17E-04,-6.14E-04,-5.12E-04,-7.64E-04,-4.05E-04,-7.38E-04,-4.00E-04,-6.22E-04,-7.81E-04,-4.71E-04,-9.81E-06
1406,-5.51E-04,-7.89E-04,-8.47E-04,-4.49E-04,-5.37E-04,-4.31E-04,-8.11E-04,-9.72E-04,-4.40E-04,-1.17E-04,-6.19E-04,-5.13E-04,-7.55E-04,-4.00E-04,-7.32E-04,-4.00E-04,-6.21E-04,-7.84E-04,-4.72E-04,-1.21E-05
1407,-5.44E-04,-7.97E-04,-8.44E-04,-4.39E-04,-5.31E-04,-4.23E-04,-8.16E-04,-9.74E-04,-4.44E-04,-1.15E-04,-6.26E-04,-5.14E-04,-7.45E-04,-3.94E-04,-7.26E-04,-4.00E-04,-6.18E-04,-7.85E-04,-4.73E-04,-1.38E-05
1408,-5.37E-04,-8.05E-04,-8.38E-04,-4.29E-04,-5.25E-04,-4.13E-04,-8.19E-04,-9.74E-04,-4.47E-04,-1.12E-04,-6.36E-04,-5.13E-04,-7.36E-04,-3.87E-04,-7.18E-04,-3.99E-04,-6.15E-04,-7.86E-04,-4.73E-04,-1.48E-05
1409,-5.29E-04,-8.12E-04,-8.30E-04,-4.18E-04,-5.19E-04,-4.02E-04,-8.20E-04,-9.72E-04,-4.49E-04,-1.07E-04,-6.48E-04,-5.11E-04,-7.28E-04,-3.79E-04,-7.09E-04,-3.97E-04,-6.10E-04,-7.86E-04,-4.72E-04,-1.51E-05
1410,-5.20E-04,-8.18E-04,-8.20E-04,-4.06E-04,-5.11E-04,-3.89E-04,-8.18E-04,-9.68E-04,-4.50E-04,-1.01E-04,-6.60E-04,-5.09E-04,-7.19E-04,-3.71E-04,-7.00E-04,-3.94E-04,-6.05E-04,-7.83E-04,-4.70E-04,-1.47E-05
1411,-5.09E-04,-8.22E-04,-8.07E-04,-3.94E-04,-5.03E-04,-3.75E-04,-8.15E-04,-9.62E-04,-4.51E-04,-9.41E-05,-6.71E-04,-5.06E-04,-7.12E-04,-3.62E-04,-6.90E-04,-3.90E-04,-5.98E-04,-7.80E-04,-4.68E-04,-1.38E-05
1412,-4.98E-04,-8.25E-04,-7.94E-04,-3.81E-04,-4.94E-04,-3.59E-04,-8.10E-04,-9.55E-04,-4.50E-04,-8.61E-05,-6.81E-04,-5.03E-04,-7.04E-04,-3.53E-04,-6.80E-04,-3.85E-04,-5.90E-04,-7.75E-04,-4.65E-04,-1.25E-05
1413,-4.85E-04,-8.25E-04,-7.79E-04,-3.69E-04,-4.85E-04,-3.43E-04,-8.03E-04,-9.45E-04,-4.49E-04,-7.74E-05,-6.87E-04,-4.99E-04,-6.97E-04,-3.43E-04,-6.70E-04,-3.80E-04,-5.82E-04,-7.68E-04,-4.61E-04,-1.08E-05
1414,-4.72E-04,-8.24E-04,-7.64E-04,-3.57E-04,-4.75E-04,-3.26E-04,-7.95E-04,-9.34E-04,-4.47E-04,-6.84E-05,-6.90E-04,-4.94E-04,-6.90E-04,-3.33E-04,-6.59E-04,-3.74E-04,-5.73E-04,-7.60E-04,-4.58E-04,-9.07E-06
1415,-4.58E-04,-8.21E-04,-7.48E-04,-3.45E-04,-4.64E-04,-3.09E-04,-7.86E-04,-9.21E-04,-4.45E-04,-5.94E-05,-6.87E-04,-4.89E-04,-6.83E-04,-3.23E-04,-6.48E-04,-3.67E-04,-5.63E-04,-7.51E-04,-4.54E-04,-7.33E-06
1416,-4.43E-04,-8.16E-04,-7.33E-04,-3.33E-04,-4.52E-04,-2.91E-04,-7.76E-04,-9.07E-04,-4.42E-04,-5.05E-05,-6.80E-04,-4.83E-04,-6.76E-04,-3.12E-04,-6.38E-04,-3.60E-04,-5.53E-04,-7.42E-04,-4.49E-04,-5.83E-06
1417,-4.27E-04,-8.09E-04,-7.18E-04,-3.22E-04,-4.41E-04,-2.74E-04,-7.66E-04,-8.92E-04,-4.38E-04,-4.22E-05,-6.66E-04,-4.76E-04,-6.69E-04,-3.02E-04,-6.28E-04,-3.52E-04,-5.43E-04,-7.32E-04,-4.45E-04,-4.74E-06
1418,-4.11E-04,-8.01E-04,-7.04E-04,-3.11E-04,-4.28E-04,-2.57E-04,-7.55E-04,-8.77E-04,-4.34E-04,-3.47E-05,-6.48E-04,-4.68E-04,-6.62E-04,-2.92E-04,-6.17E-04,-3.45E-04,-5.34E-04,-7.22E-04,-4.41E-04,-4.20E-06
1419,-3.93E-04,-7.92E-04,-6.91E-04,-3.00E-04,-4.16E-04,-2.41E-04,-7.44E-04,-8.62E-04,-4.29E-04,-2.81E-05,-6.24E-04,-4.59E-04,-6.56E-04,-2.82E-04,-6.08E-04,-3.37E-04,-5.24E-04,-7.12E-04,-4.37E-04,-4.36E-06
1420,-3.75E-04,-7.82E-04,-6.79E-04,-2.90E-04,-4.03E-04,-2.25E-04,-7.33E-04,-8.46E-04,-4.24E-04,-2.27E-05,-5.96E-04,-4.50E-04,-6.49E-04,-2.72E-04,-5.98E-04,-3.29E-04,-5.15E-04,-7.02E-04,-4.34E-04,-5.30E-06
1421,-3.56E-04,-7.71E-04,-6.69E-04,-2.79E-04,-3.91E-04,-2.11E-04,-7.21E-04,-8.31E-04,-4.18E-04,-1.84E-05,-5.65E-04,-4.38E-04,-6.43E-04,-2.62E-04,-5.89E-04,-3.21E-04,-5.07E-04,-6.93E-04,-4.30E-04,-7.06E-06
1422,-3.37E-04,-7.60E-04,-6.60E-04,-2.68E-04,-3.78E-04,-1.97E-04,-7.10E-04,-8.17E-04,-4.11E-04,-1.53E-05,-5.32E-04,-4.26E-04,-6.36E-04,-2.53E-04,-5.79E-04,-3.14E-04,-4.99E-04,-6.85E-04,-4.27E-04,-9.67E-06
1423,-3.16E-04,-7.48E-04,-6.51E-04,-2.58E-04,-3.66E-04,-1.85E-04,-6.98E-04,-8.03E-04,-4.04E-04,-1.34E-05,-4.98E-04,-4.13E-04,-6.30E-04,-2.44E-04,-5.70E-04,-3.07E-04,-4.91E-04,-6.78E-04,-4.24E-04,-1.31E-05
1424,-2.95E-04,-7.36E-04,-6.44E-04,-2.47E-04,-3.53E-04,-1.74E-04,-6.87E-04,-7.91E-04,-3.96E-04,-1.26E-05,-4.65E-04,-3.98E-04,-6.25E-04,-2.35E-04,-5.60E-04,-2.99E-04,-4.85E-04,-6.73E-04,-4.21E-04,-1.72E-05
1425,-2.72E-04,-7.24E-04,-6.37E-04,-2.36E-04,-3.41E-04,-1.63E-04,-6.75E-04,-7.79E-04,-3.87E-04,-1.28E-05,-4.34E-04,-3.83E-04,-6.19E-04,-2.26E-04,-5.51E-04,-2.92E-04,-4.78E-04,-6.68E-04,-4.18E-04,-2.20E-05
1426,-2.49E-04,-7.11E-04,-6.29E-04,-2.24E-04,-3.29E-04,-1.54E-04,-6.63E-04,-7.68E-04,-3.78E-04,-1.37E-05,-4.06E-04,-3.67E-04,-6.14E-04,-2.18E-04,-5.41E-04,-2.85E-04,-4.72E-04,-6.64E-04,-4.16E-04,-2.72E-05
1427,-2.25E-04,-6.98E-04,-6.21E-04,-2.13E-04,-3.17E-04,-1.45E-04,-6.51E-04,-7.58E-04,-3.68E-04,-1.51E-05,-3.81E-04,-3.51E-04,-6.10E-04,-2.09E-04,-5.31E-04,-2.78E-04,-4.66E-04,-6.60E-04,-4.13E-04,-3.28E-05
1428,-2.01E-04,-6.85E-04,-6.13E-04,-2.01E-04,-3.06E-04,-1.38E-04,-6.39E-04,-7.49E-04,-3.57E-04,-1.70E-05,-3.61E-04,-3.35E-04,-6.05E-04,-2.01E-04,-5.20E-04,-2.71E-04,-4.61E-04,-6.57E-04,-4.10E-04,-3.85E-05
1429,-1.76E-04,-6.72E-04,-6.03E-04,-1.89E-04,-2.95E-04,-1.31E-04,-6.27E-04,-7.40E-04,-3.46E-04,-1.90E-05,-3.46E-04,-3.19E-04,-6.00E-04,-1.93E-04,-5.10E-04,-2.64E-04,-4.54E-04,-6.54E-04,-4.07E-04,-4.43E-05
1430,-1.51E-04,-6.58E-04,-5.91E-04,-1.76E-04,-2.84E-04,-1.24E-04,-6.16E-04,-7.31E-04,-3.35E-04,-2.10E-05,-3.35E-04,-3.04E-04,-5.96E-04,-1.84E-04,-4.98E-04,-2.57E-04,-4.48E-04,-6.52E-04,-4.04E-04,-4.98E-05
1431,-1.26E-04,-6.43E-04,-5.78E-04,-1.64E-04,-2.73E-04,-1.19E-04,-6.04E-04,-7.23E-04,-3.24E-04,-2.29E-05,-3.28E-04,-2.90E-04,-5.91E-04,-1.76E-04,-4.86E-04,-2.49E-04,-4.41E-04,-6.48E-04,-4.01E-04,-5.50E-05
1432,-1.02E-04,-6.29E-04,-5.63E-04,-1.51E-04,-2.62E-04,-1.13E-04,-5.92E-04,-7.14E-04,-3.12E-04,-2.44E-05,-3.25E-04,-2.77E-04,-5.86E-04,-1.68E-04,-4.74E-04,-2.42E-04,-4.33E-04,-6.45E-04,-3.97E-04,-5.99E-05
1433,-7.81E-05,-6.13E-04,-5.46E-04,-1.39E-04,-2.51E-04,-1.09E-04,-5.80E-04,-7.05E-04,-3.01E-04,-2.56E-05,-3.24E-04,-2.66E-04,-5.80E-04,-1.59E-04,-4.62E-04,-2.34E-04,-4.24E-04,-6.40E-04,-3.93E-04,-6.42E-05
1434,-5.54E-05,-5.98E-04,-5.27E-04,-1.27E-04,-2.40E-04,-1.04E-04,-5.69E-04,-6.96E-04,-2.90E-04,-2.65E-05,-3.24E-04,-2.57E-04,-5.74E-04,-1.50E-04,-4.49E-04,-2.26E-04,-4.15E-04,-6.35E-04,-3.88E-04,-6.80E-05
1435,-3.42E-05,-5.82E-04,-5.07E-04,-1.15E-04,-2.29E-04,-1.01E-04,-5.58E-04,-6.86E-04,-2.79E-04,-2.70E-05,-3.24E-04,-2.49E-04,-5.67E-04,-1.42E-04,-4.37E-04,-2.17E-04,-4.05E-04,-6.29E-04,-3.84E-04,-7.13E-05
1436,-1.47E-05,-5.66E-04,-4.85E-04,-1.04E-04,-2.18E-04,-9.75E-05,-5.47E-04,-6.76E-04,-2.69E-04,-2.73E-05,-3.23E-04,-2.43E-04,-5.59E-04,-1.33E-04,-4.24E-04,-2.09E-04,-3.94E-04,-6.22E-04,-3.79E-04,-7.40E-05
1437,2.86E-06,-5.51E-04,-4.64E-04,-9.30E-05,-2.07E-04,-9.52E-05,-5.37E-04,-6.66E-04,-2.59E-04,-2.75E-05,-3.20E-04,-2.38E-04,-5.50E-04,-1.25E-04,-4.12E-04,-2.01E-04,-3.83E-04,-6.14E-04,-3.73E-04,-7.64E-05
1438,1.82E-05,-5.36E-04,-4.42E-04,-8.29E-05,-1.96E-04,-9.38E-05,-5.27E-04,-6.55E-04,-2.50E-04,-2.77E-05,-3.15E-04,-2.35E-04,-5.41E-04,-1.16E-04,-4.00E-04,-1.93E-04,-3.72E-04,-6.05E-04,-3.68E-04,-7.85E-05
1439,3.13E-05,-5.21E-04,-4.20E-04,-7.35E-05,-1.85E-04,-9.35E-05,-5.18E-04,-6.44E-04,-2.41E-04,-2.82E-05,-3.07E-04,-2.33E-04,-5.31E-04,-1.09E-04,-3.89E-04,-1.86E-04,-3.61E-04,-5.96E-04,-3.63E-04,-8.04E-05
1440,4.21E-05,-5.07E-04,-4.00E-04,-6.50E-05,-1.75E-04,-9.45E-05,-5.09E-04,-6.34E-04,-2.33E-04,-2.91E-05,-2.96E-04,-2.31E-04,-5.21E-04,-1.02E-04,-3.78E-04,-1.79E-04,-3.50E-04,-5.87E-04,-3.57E-04,-8.23E-05
1441,5.07E-05,-4.94E-04,-3.81E-04,-5.74E-05,-1.65E-04,-9.68E-05,-5.00E-04,-6.23E-04,-2.25E-04,-3.07E-05,-2.82E-04,-2.29E-04,-5.10E-04,-9.52E-05,-3.68E-04,-1.73E-04,-3.39E-04,-5.78E-04,-3.52E-04,-8.43E-05
1442,5.72E-05,-4.82E-04,-3.64E-04,-5.06E-05,-1.56E-04,-1.01E-04,-4.93E-04,-6.13E-04,-2.18E-04,-3.31E-05,-2.66E-04,-2.26E-04,-4.99E-04,-8.97E-05,-3.58E-04,-1.68E-04,-3.30E-04,-5.69E-04,-3.47E-04,-8.67E-05
1443,6.18E-05,-4.72E-04,-3.49E-04,-4.47E-05,-1.48E-04,-1.06E-04,-4.85E-04,-6.04E-04,-2.12E-04,-3.65E-05,-2.48E-04,-2.24E-04,-4.88E-04,-8.51E-05,-3.49E-04,-1.64E-04,-3.21E-04,-5.61E-04,-3.42E-04,-8.94E-05
1444,6.50E-05,-4.62E-04,-3.36E-04,-3.96E-05,-1.40E-04,-1.13E-04,-4.78E-04,-5.95E-04,-2.06E-04,-4.09E-05,-2.30E-04,-2.20E-04,-4.78E-04,-8.17E-05,-3.41E-04,-1.62E-04,-3.14E-04,-5.54E-04,-3.38E-04,-9.27E-05
1445,6.70E-05,-4.54E-04,-3.26E-04,-3.54E-05,-1.33E-04,-1.22E-04,-4.72E-04,-5.87E-04,-2.00E-04,-4.64E-05,-2.13E-04,-2.15E-04,-4.68E-04,-7.95E-05,-3.33E-04,-1.60E-04,-3.09E-04,-5.47E-04,-3.35E-04,-9.66E-05
1446,6.83E-05,-4.46E-04,-3.19E-04,-3.19E-05,-1.27E-04,-1.33E-04,-4.65E-04,-5.81E-04,-1.95E-04,-5.31E-05,-1.97E-04,-2.09E-04,-4.59E-04,-7.86E-05,-3.26E-04,-1.60E-04,-3.05E-04,-5.42E-04,-3.32E-04,-1.01E-04
1447,6.94E-05,-4.39E-04,-3.14E-04,-2.90E-05,-1.22E-04,-1.45E-04,-4.59E-04,-5.75E-04,-1.90E-04,-6.08E-05,-1.84E-04,-2.01E-04,-4.51E-04,-7.89E-05,-3.19E-04,-1.61E-04,-3.02E-04,-5.39E-04,-3.30E-04,-1.06E-04
1448,7.06E-05,-4.33E-04,-3.11E-04,-2.68E-05,-1.18E-04,-1.58E-04,-4.54E-04,-5.70E-04,-1.86E-04,-6.95E-05,-1.74E-04,-1.92E-04,-4.44E-04,-8.06E-05,-3.12E-04,-1.64E-04,-3.00E-04,-5.37E-04,-3.28E-04,-1.12E-04
1449,7.24E-05,-4.26E-04,-3.10E-04,-2.51E-05,-1.15E-04,-1.73E-04,-4.48E-04,-5.66E-04,-1.83E-04,-7.89E-05,-1.69E-04,-1.82E-04,-4.39E-04,-8.35E-05,-3.06E-04,-1.68E-04,-3.00E-04,-5.36E-04,-3.27E-04,-1.19E-04
1450,7.50E-05,-4.20E-04,-3.10E-04,-2.38E-05,-1.13E-04,-1.89E-04,-4.42E-04,-5.63E-04,-1.79E-04,-8.89E-05,-1.68E-04,-1.71E-04,-4.35E-04,-8.75E-05,-3.00E-04,-1.74E-04,-3.01E-04,-5.37E-04,-3.27E-04,-1.26E-04
1451,7.87E-05,-4.13E-04,-3.12E-04,-2.28E-05,-1.12E-04,-2.06E-04,-4.36E-04,-5.61E-04,-1.77E-04,-9.92E-05,-1.72E-04,-1.59E-04,-4.32E-04,-9.27E-05,-2.94E-04,-1.80E-04,-3.03E-04,-5.38E-04,-3.28E-04,-1.33E-04
1452,8.37E-05,-4.06E-04,-3.13E-04,-2.22E-05,-1.11E-04,-2.23E-04,-4.31E-04,-5.58E-04,-1.74E-04,-1.10E-04,-1.79E-04,-1.47E-04,-4.30E-04,-9.87E-05,-2.88E-04,-1.87E-04,-3.06E-04,-5.41E-04,-3.29E-04,-1.40E-04
1453,9.00E-05,-3.97E-04,-3.15E-04,-2.17E-05,-1.11E-04,-2.41E-04,-4.25E-04,-5.56E-04,-1.73E-04,-1.20E-04,-1.91E-04,-1.36E-04,-4.30E-04,-1.06E-04,-2.83E-04,-1.95E-04,-3.08E-04,-5.45E-04,-3.30E-04,-1.48E-04
1454,9.75E-05,-3.88E-04,-3.17E-04,-2.14E-05,-1.11E-04,-2.58E-04,-4.19E-04,-5.54E-04,-1.72E-04,-1.29E-04,-2.05E-04,-1.25E-04,-4.31E-04,-1.13E-04,-2.77E-04,-2.04E-04,-3.11E-04,-5.49E-04,-3.32E-04,-1.55E-04
1455,1.06E-04,-3.78E-04,-3.17E-04,-2.13E-05,-1.10E-04,-2.75E-04,-4.13E-04,-5.51E-04,-1.71E-04,-1.38E-04,-2.20E-04,-1.14E-04,-4.32E-04,-1.21E-04,-2.71E-04,-2.13E-04,-3.13E-04,-5.53E-04,-3.34E-04,-1.62E-04
1456,1.15E-04,-3.67E-04,-3.17E-04,-2.12E-05,-1.10E-04,-2.91E-04,-4.07E-04,-5.47E-04,-1.71E-04,-1.46E-04,-2.35E-04,-1.05E-04,-4.34E-04,-1.29E-04,-2.66E-04,-2.22E-04,-3.15E-04,-5.58E-04,-3.36E-04,-1.68E-04
1457,1.25E-04,-3.55E-04,-3.15E-04,-2.13E-05,-1.10E-04,-3.07E-04,-4.01E-04,-5.43E-04,-1.72E-04,-1.53E-04,-2.49E-04,-9.81E-05,-4.36E-04,-1.37E-04,-2.60E-04,-2.32E-04,-3.17E-04,-5.62E-04,-3.38E-04,-1.73E-04
1458,1.35E-04,-3.43E-04,-3.13E-04,-2.15E-05,-1.09E-04,-3.21E-04,-3.95E-04,-5.38E-04,-1.73E-04,-1.59E-04,-2.61E-04,-9.23E-05,-4.39E-04,-1.45E-04,-2.55E-04,-2.41E-04,-3.17E-04,-5.66E-04,-3.40E-04,-1.78E-04
1459,1.44E-04,-3.30E-04,-3.09E-04,-2.18E-05,-1.07E-04,-3.34E-04,-3.90E-04,-5.32E-04,-1.75E-04,-1.63E-04,-2.70E-04,-8.81E-05,-4.41E-04,-1.53E-04,-2.50E-04,-2.50E-04,-3.17E-04,-5.69E-04,-3.43E-04,-1.82E-04
1460,1.53E-04,-3.18E-04,-3.04E-04,-2.24E-05,-1.05E-04,-3.46E-04,-3.84E-04,-5.26E-04,-1.77E-04,-1.66E-04,-2.74E-04,-8.56E-05,-4.43E-04,-1.61E-04,-2.46E-04,-2.59E-04,-3.16E-04,-5.72E-04,-3.44E-04,-1.85E-04
1461,1.61E-04,-3.06E-04,-2.99E-04,-2.32E-05,-1.03E-04,-3.56E-04,-3.79E-04,-5.18E-04,-1.79E-04,-1.69E-04,-2.75E-04,-8.45E-05,-4.45E-04,-1.69E-04,-2.42E-04,-2.67E-04,-3.14E-04,-5.74E-04,-3.46E-04,-1.88E-04
1462,1.67E-04,-2.95E-04,-2.93E-04,-2.44E-05,-9.93E-05,-3.65E-04,-3.75E-04,-5.10E-04,-1.82E-04,-1.70E-04,-2.72E-04,-8.47E-05,-4.46E-04,-1.76E-04,-2.38E-04,-2.75E-04,-3.11E-04,-5.75E-04,-3.48E-04,-1.89E-04
1463,1.71E-04,-2.85E-04,-2.87E-04,-2.59E-05,-9.55E-05,-3.73E-04,-3.71E-04,-5.02E-04,-1.85E-04,-1.70E-04,-2.65E-04,-8.58E-05,-4.46E-04,-1.83E-04,-2.36E-04,-2.83E-04,-3.09E-04,-5.75E-04,-3.49E-04,-1.90E-04
1464,1.73E-04,-2.77E-04,-2.81E-04,-2.80E-05,-9.13E-05,-3.80E-04,-3.67E-04,-4.93E-04,-1.88E-04,-1.71E-04,-2.55E-04,-8.77E-05,-4.45E-04,-1.90E-04,-2.33E-04,-2.91E-04,-3.06E-04,-5.75E-04,-3.50E-04,-1.90E-04
1465,1.73E-04,-2.70E-04,-2.76E-04,-3.06E-05,-8.68E-05,-3.86E-04,-3.64E-04,-4.85E-04,-1.91E-04,-1.71E-04,-2.44E-04,-9.00E-05,-4.44E-04,-1.97E-04,-2.32E-04,-2.98E-04,-3.03E-04,-5.75E-04,-3.51E-04,-1.91E-04
1466,1.72E-04,-2.65E-04,-2.72E-04,-3.38E-05,-8.22E-05,-3.92E-04,-3.62E-04,-4.78E-04,-1.95E-04,-1.71E-04,-2.33E-04,-9.24E-05,-4.42E-04,-2.04E-04,-2.31E-04,-3.06E-04,-3.01E-04,-5.74E-04,-3.51E-04,-1.91E-04
1467,1.68E-04,-2.61E-04,-2.69E-04,-3.77E-05,-7.77E-05,-3.97E-04,-3.60E-04,-4.71E-04,-1.99E-04,-1.72E-04,-2.23E-04,-9.47E-05,-4.39E-04,-2.12E-04,-2.31E-04,-3.14E-04,-3.00E-04,-5.72E-04,-3.52E-04,-1.91E-04
1468,1.62E-04,-2.60E-04,-2.67E-04,-4.22E-05,-7.35E-05,-4.02E-04,-3.59E-04,-4.65E-04,-2.02E-04,-1.73E-04,-2.16E-04,-9.69E-05,-4.36E-04,-2.19E-04,-2.31E-04,-3.23E-04,-2.99E-04,-5.71E-04,-3.53E-04,-1.91E-04
1469,1.56E-04,-2.60E-04,-2.66E-04,-4.75E-05,-6.96E-05,-4.07E-04,-3.58E-04,-4.61E-04,-2.07E-04,-1.76E-04,-2.13E-04,-9.87E-05,-4.33E-04,-2.27E-04,-2.32E-04,-3.32E-04,-3.00E-04,-5.70E-04,-3.54E-04,-1.92E-04
1470,1.48E-04,-2.62E-04,-2.67E-04,-5.35E-05,-6.63E-05,-4.12E-04,-3.58E-04,-4.59E-04,-2.11E-04,-1.80E-04,-2.16E-04,-1.00E-04,-4.29E-04,-2.36E-04,-2.33E-04,-3.41E-04,-3.03E-04,-5.69E-04,-3.55E-04,-1.94E-04
1471,1.39E-04,-2.65E-04,-2.70E-04,-6.02E-05,-6.37E-05,-4.18E-04,-3.58E-04,-4.57E-04,-2.16E-04,-1.85E-04,-2.25E-04,-1.02E-04,-4.25E-04,-2.45E-04,-2.35E-04,-3.51E-04,-3.07E-04,-5.69E-04,-3.57E-04,-1.96E-04
1472,1.30E-04,-2.69E-04,-2.73E-04,-6.74E-05,-6.19E-05,-4.24E-04,-3.59E-04,-4.58E-04,-2.22E-04,-1.92E-04,-2.41E-04,-1.04E-04,-4.21E-04,-2.56E-04,-2.37E-04,-3.62E-04,-3.13E-04,-5.69E-04,-3.59E-04,-1.99E-04
1473,1.21E-04,-2.74E-04,-2.78E-04,-7.53E-05,-6.09E-05,-4.30E-04,-3.60E-04,-4.60E-04,-2.28E-04,-2.01E-04,-2.64E-04,-1.06E-04,-4.18E-04,-2.67E-04,-2.40E-04,-3.74E-04,-3.21E-04,-5.70E-04,-3.62E-04,-2.04E-04
1474,1.13E-04,-2.79E-04,-2.83E-04,-8.36E-05,-6.06E-05,-4.37E-04,-3.61E-04,-4.64E-04,-2.34E-04,-2.11E-04,-2.94E-04,-1.09E-04,-4.15E-04,-2.79E-04,-2.42E-04,-3.86E-04,-3.31E-04,-5.71E-04,-3.65E-04,-2.09E-04
1475,1.05E-04,-2.85E-04,-2.88E-04,-9.22E-05,-6.11E-05,-4.45E-04,-3.62E-04,-4.69E-04,-2.42E-04,-2.22E-04,-3.30E-04,-1.13E-04,-4.12E-04,-2.91E-04,-2.45E-04,-3.99E-04,-3.42E-04,-5.74E-04,-3.69E-04,-2.15E-04
1476,9.80E-05,-2.90E-04,-2.94E-04,-1.01E-04,-6.22E-05,-4.53E-04,-3.63E-04,-4.74E-04,-2.49E-04,-2.34E-04,-3.70E-04,-1.18E-04,-4.10E-04,-3.05E-04,-2.48E-04,-4.12E-04,-3.55E-04,-5.77E-04,-3.74E-04,-2.22E-04
1477,9.24E-05,-2.96E-04,-2.99E-04,-1.10E-04,-6.38E-05,-4.61E-04,-3.64E-04,-4.81E-04,-2.58E-04,-2.47E-04,-4.13E-04,-1.25E-04,-4.09E-04,-3.18E-04,-2.51E-04,-4.25E-04,-3.70E-04,-5.81E-04,-3.79E-04,-2.29E-04
1478,8.80E-05,-3.01E-04,-3.03E-04,-1.19E-04,-6.56E-05,-4.69E-04,-3.64E-04,-4.88E-04,-2.67E-04,-2.61E-04,-4.57E-04,-1.34E-04,-4.09E-04,-3.32E-04,-2.54E-04,-4.38E-04,-3.85E-04,-5.85E-04,-3.85E-04,-2.37E-04
1479,8.48E-05,-3.06E-04,-3.07E-04,-1.28E-04,-6.76E-05,-4.77E-04,-3.65E-04,-4.95E-04,-2.76E-04,-2.74E-04,-5.00E-04,-1.45E-04,-4.09E-04,-3.46E-04,-2.57E-04,-4.50E-04,-4.01E-04,-5.90E-04,-3.90E-04,-2.46E-04
1480,8.29E-05,-3.10E-04,-3.10E-04,-1.36E-04,-6.96E-05,-4.84E-04,-3.65E-04,-5.01E-04,-2.85E-04,-2.88E-04,-5.40E-04,-1.58E-04,-4.10E-04,-3.60E-04,-2.60E-04,-4.62E-04,-4.17E-04,-5.96E-04,-3.97E-04,-2.54E-04
1481,8.20E-05,-3.14E-04,-3.11E-04,-1.44E-04,-7.12E-05,-4.90E-04,-3.65E-04,-5.06E-04,-2.95E-04,-3.00E-04,-5.75E-04,-1.73E-04,-4.12E-04,-3.73E-04,-2.63E-04,-4.73E-04,-4.34E-04,-6.02E-04,-4.03E-04,-2.62E-04
1482,8.20E-05,-3.18E-04,-3.11E-04,-1.52E-04,-7.25E-05,-4.95E-04,-3.66E-04,-5.10E-04,-3.04E-04,-3.12E-04,-6.03E-04,-1.90E-04,-4.14E-04,-3.86E-04,-2.66E-04,-4.83E-04,-4.50E-04,-6.07E-04,-4.09E-04,-2.69E-04
1483,8.28E-05,-3.22E-04,-3.10E-04,-1.59E-04,-7.32E-05,-4.99E-04,-3.66E-04,-5.13E-04,-3.12E-04,-3.21E-04,-6.24E-04,-2.08E-04,-4.17E-04,-3.97E-04,-2.69E-04,-4.91E-04,-4.66E-04,-6.13E-04,-4.15E-04,-2.76E-04
1484,8.40E-05,-3.26E-04,-3.07E-04,-1.65E-04,-7.33E-05,-5.01E-04,-3.66E-04,-5.14E-04,-3.20E-04,-3.30E-04,-6.36E-04,-2.26E-04,-4.21E-04,-4.08E-04,-2.71E-04,-4.97E-04,-4.80E-04,-6.19E-04,-4.21E-04,-2.81E-04
1485,8.57E-05,-3.30E-04,-3.04E-04,-1.70E-04,-7.26E-05,-5.01E-04,-3.66E-04,-5.14E-04,-3.27E-04,-3.36E-04,-6.39E-04,-2.46E-04,-4.25E-04,-4.17E-04,-2.73E-04,-5.01E-04,-4.93E-04,-6.23E-04,-4.26E-04,-2.86E-04
1486,8.75E-05,-3.34E-04,-2.99E-04,-1.75E-04,-7.11E-05,-5.00E-04,-3.67E-04,-5.11E-04,-3.33E-04,-3.40E-04,-6.33E-04,-2.65E-04,-4.30E-04,-4.24E-04,-2.75E-04,-5.03E-04,-5.05E-04,-6.27E-04,-4.30E-04,-2.89E-04
1487,8.94E-05,-3.38E-04,-2.94E-04,-1.78E-04,-6.90E-05,-4.96E-04,-3.67E-04,-5.07E-04,-3.37E-04,-3.42E-04,-6.19E-04,-2.84E-04,-4.34E-04,-4.30E-04,-2.77E-04,-5.03E-04,-5.16E-04,-6.31E-04,-4.33E-04,-2.91E-04
1488,9.13E-05,-3.42E-04,-2.88E-04,-1.81E-04,-6.61E-05,-4.91E-04,-3.68E-04,-5.01E-04,-3.40E-04,-3.41E-04,-5.99E-04,-3.01E-04,-4.39E-04,-4.34E-04,-2.77E-04,-5.01E-04,-5.24E-04,-6.33E-04,-4.36E-04,-2.91E-04
1489,9.31E-05,-3.46E-04,-2.82E-04,-1.84E-04,-6.27E-05,-4.85E-04,-3.70E-04,-4.94E-04,-3.42E-04,-3.39E-04,-5.73E-04,-3.18E-04,-4.45E-04,-4.36E-04,-2.77E-04,-4.96E-04,-5.31E-04,-6.34E-04,-4.37E-04,-2.90E-04
1490,9.50E-05,-3.49E-04,-2.75E-04,-1.85E-04,-5.87E-05,-4.76E-04,-3.71E-04,-4.86E-04,-3.42E-04,-3.35E-04,-5.43E-04,-3.32E-04,-4.50E-04,-4.37E-04,-2.77E-04,-4.90E-04,-5.37E-04,-6.33E-04,-4.38E-04,-2.88E-04
1491,9.70E-05,-3.52E-04,-2.68E-04,-1.85E-04,-5.44E-05,-4.66E-04,-3.73E-04,-4.77E-04,-3.41E-04,-3.30E-04,-5.12E-04,-3.45E-04,-4.55E-04,-4.36E-04,-2.75E-04,-4.81E-04,-5.40E-04,-6.32E-04,-4.37E-04,-2.85E-04
1492,9.94E-05,-3.54E-04,-2.61E-04,-1.85E-04,-4.99E-05,-4.55E-04,-3.74E-04,-4.67E-04,-3.38E-04,-3.23E-04,-4.80E-04,-3.56E-04,-4.60E-04,-4.34E-04,-2.73E-04,-4.72E-04,-5.43E-04,-6.29E-04,-4.35E-04,-2.80E-04
1493,1.02E-04,-3.55E-04,-2.53E-04,-1.84E-04,-4.52E-05,-4.44E-04,-3.76E-04,-4.57E-04,-3.34E-04,-3.15E-04,-4.50E-04,-3.65E-04,-4.65E-04,-4.32E-04,-2.70E-04,-4.61E-04,-5.44E-04,-6.24E-04,-4.32E-04,-2.75E-04
1494,1.06E-04,-3.55E-04,-2.46E-04,-1.83E-04,-4.04E-05,-4.31E-04,-3.78E-04,-4.47E-04,-3.29E-04,-3.07E-04,-4.24E-04,-3.72E-04,-4.69E-04,-4.28E-04,-2.66E-04,-4.49E-04,-5.44E-04,-6.19E-04,-4.29E-04,-2.69E-04
1495,1.10E-04,-3.54E-04,-2.38E-04,-1.80E-04,-3.57E-05,-4.18E-04,-3.79E-04,-4.38E-04,-3.23E-04,-2.98E-04,-4.02E-04,-3.77E-04,-4.73E-04,-4.24E-04,-2.61E-04,-4.36E-04,-5.44E-04,-6.12E-04,-4.25E-04,-2.63E-04
1496,1.15E-04,-3.51E-04,-2.30E-04,-1.77E-04,-3.09E-05,-4.06E-04,-3.79E-04,-4.29E-04,-3.16E-04,-2.89E-04,-3.86E-04,-3.82E-04,-4.77E-04,-4.19E-04,-2.55E-04,-4.23E-04,-5.43E-04,-6.04E-04,-4.20E-04,-2.56E-04
1497,1.22E-04,-3.46E-04,-2.22E-04,-1.73E-04,-2.62E-05,-3.93E-04,-3.79E-04,-4.20E-04,-3.09E-04,-2.81E-04,-3.75E-04,-3.85E-04,-4.79E-04,-4.14E-04,-2.49E-04,-4.10E-04,-5.42E-04,-5.96E-04,-4.14E-04,-2.50E-04
1498,1.31E-04,-3.39E-04,-2.13E-04,-1.68E-04,-2.13E-05,-3.81E-04,-3.78E-04,-4.13E-04,-3.01E-04,-2.74E-04,-3.69E-04,-3.88E-04,-4.80E-04,-4.09E-04,-2.41E-04,-3.97E-04,-5.40E-04,-5.86E-04,-4.08E-04,-2.44E-04
1499,1.41E-04,-3.31E-04,-2.04E-04,-1.63E-04,-1.62E-05,-3.69E-04,-3.76E-04,-4.06E-04,-2.93E-04,-2.67E-04,-3.69E-04,-3.91E-04,-4.81E-04,-4.04E-04,-2.33E-04,-3.84E-04,-5.39E-04,-5.77E-04,-4.02E-04,-2.38E-04
1500,1.53E-04,-3.21E-04,-1.94E-04,-1.56E-04,-1.08E-05,-3.57E-04,-3.73E-04,-4.00E-04,-2.85E-04,-2.60E-04,-3.72E-04,-3.94E-04,-4.79E-04,-3.99E-04,-2.25E-04,-3.72E-04,-5.37E-04,-5.67E-04,-3.96E-04,-2.32E-04
1501,1.66E-04,-3.10E-04,-1.83E-04,-1.49E-04,-4.87E-06,-3.46E-04,-3.69E-04,-3.94E-04,-2.76E-04,-2.54E-04,-3.79E-04,-3.97E-04,-4.77E-04,-3.94E-04,-2.16E-04,-3.60E-04,-5.36E-04,-5.56E-04,-3.89E-04,-2.27E-04
1502,1.82E-04,-2.97E-04,-1.71E-04,-1.41E-04,1.80E-06,-3.36E-04,-3.64E-04,-3.89E-04,-2.67E-04,-2.49E-04,-3.86E-04,-4.01E-04,-4.72E-04,-3.89E-04,-2.06E-04,-3.49E-04,-5.35E-04,-5.46E-04,-3.83E-04,-2.23E-04
1503,1.99E-04,-2.84E-04,-1.58E-04,-1.32E-04,9.37E-06,-3.26E-04,-3.58E-04,-3.83E-04,-2.58E-04,-2.44E-04,-3.94E-04,-4.05E-04,-4.66E-04,-3.84E-04,-1.96E-04,-3.38E-04,-5.33E-04,-5.36E-04,-3.76E-04,-2.18E-04
1504,2.18E-04,-2.69E-04,-1.44E-04,-1.22E-04,1.80E-05,-3.16E-04,-3.51E-04,-3.76E-04,-2.47E-04,-2.38E-04,-4.00E-04,-4.10E-04,-4.57E-04,-3.79E-04,-1.86E-04,-3.27E-04,-5.32E-04,-5.26E-04,-3.69E-04,-2.14E-04
1505,2.38E-04,-2.54E-04,-1.30E-04,-1.11E-04,2.80E-05,-3.06E-04,-3.43E-04,-3.69E-04,-2.37E-04,-2.33E-04,-4.02E-04,-4.14E-04,-4.47E-04,-3.73E-04,-1.75E-04,-3.17E-04,-5.29E-04,-5.16E-04,-3.62E-04,-2.10E-04
1506,2.59E-04,-2.39E-04,-1.15E-04,-9.87E-05,3.93E-05,-2.96E-04,-3.34E-04,-3.61E-04,-2.25E-04,-2.26E-04,-4.01E-04,-4.17E-04,-4.34E-04,-3.66E-04,-1.64E-04,-3.06E-04,-5.26E-04,-5.06E-04,-3.54E-04,-2.06E-04
1507,2.81E-04,-2.23E-04,-9.91E-05,-8.59E-05,5.20E-05,-2.85E-04,-3.24E-04,-3.50E-04,-2.12E-04,-2.19E-04,-3.95E-04,-4.20E-04,-4.20E-04,-3.58E-04,-1.52E-04,-2.95E-04,-5.21E-04,-4.95E-04,-3.46E-04,-2.02E-04
1508,3.04E-04,-2.08E-04,-8.29E-05,-7.23E-05,6.63E-05,-2.74E-04,-3.14E-04,-3.38E-04,-1.98E-04,-2.11E-04,-3.84E-04,-4.21E-04,-4.05E-04,-3.50E-04,-1.40E-04,-2.83E-04,-5.15E-04,-4.85E-04,-3.38E-04,-1.97E-04
1509,3.27E-04,-1.93E-04,-6.64E-05,-5.79E-05,8.20E-05,-2.62E-04,-3.03E-04,-3.24E-04,-1.83E-04,-2.01E-04,-3.68E-04,-4.21E-04,-3.88E-04,-3.40E-04,-1.27E-04,-2.71E-04,-5.07E-04,-4.74E-04,-3.29E-04,-1.92E-04
1510,3.49E-04,-1.79E-04,-4.97E-05,-4.29E-05,9.92E-05,-2.49E-04,-2.92E-04,-3.08E-04,-1.67E-04,-1.89E-04,-3.47E-04,-4.18E-04,-3.69E-04,-3.28E-04,-1.13E-04,-2.57E-04,-4.97E-04,-4.62E-04,-3.19E-04,-1.86E-04
1511,3.72E-04,-1.65E-04,-3.29E-05,-2.73E-05,1.18E-04,-2.34E-04,-2.81E-04,-2.89E-04,-1.49E-04,-1.76E-04,-3.23E-04,-4.13E-04,-3.51E-04,-3.16E-04,-9.97E-05,-2.42E-04,-4.84E-04,-4.50E-04,-3.08E-04,-1.79E-04
1512,3.94E-04,-1.51E-04,-1.61E-05,-1.13E-05,1.37E-04,-2.19E-04,-2.70E-04,-2.69E-04,-1.29E-04,-1.61E-04,-2.95E-04,-4.06E-04,-3.32E-04,-3.01E-04,-8.54E-05,-2.26E-04,-4.70E-04,-4.37E-04,-2.97E-04,-1.72E-04
1513,4.16E-04,-1.38E-04,6.24E-07,5.04E-06,1.57E-04,-2.02E-04,-2.59E-04,-2.46E-04,-1.09E-04,-1.45E-04,-2.66E-04,-3.96E-04,-3.13E-04,-2.86E-04,-7.06E-05,-2.09E-04,-4.53E-04,-4.22E-04,-2.85E-04,-1.64E-04
1514,4.37E-04,-1.24E-04,1.73E-05,2.16E-05,1.78E-04,-1.84E-04,-2.47E-04,-2.21E-04,-8.74E-05,-1.28E-04,-2.38E-04,-3.83E-04,-2.95E-04,-2.69E-04,-5.54E-05,-1.91E-04,-4.34E-04,-4.07E-04,-2.72E-04,-1.55E-04
1515,4.58E-04,-1.12E-04,3.38E-05,3.83E-05,2.00E-04,-1.66E-04,-2.36E-04,-1.95E-04,-6.51E-05,-1.10E-04,-2.10E-04,-3.68E-04,-2.77E-04,-2.52E-04,-4.00E-05,-1.72E-04,-4.13E-04,-3.90E-04,-2.58E-04,-1.45E-04
1516,4.78E-04,-9.90E-05,5.03E-05,5.49E-05,2.21E-04,-1.47E-04,-2.25E-04,-1.68E-04,-4.23E-05,-9.09E-05,-1.85E-04,-3.51E-04,-2.61E-04,-2.34E-04,-2.44E-05,-1.52E-04,-3.90E-04,-3.72E-04,-2.44E-04,-1.35E-04
1517,4.97E-04,-8.65E-05,6.68E-05,7.15E-05,2.42E-04,-1.27E-04,-2.14E-04,-1.41E-04,-1.94E-05,-7.23E-05,-1.63E-04,-3.32E-04,-2.46E-04,-2.15E-04,-8.82E-06,-1.32E-04,-3.66E-04,-3.52E-04,-2.29E-04,-1.25E-04
1518,5.16E-04,-7.39E-05,8.33E-05,8.80E-05,2.63E-04,-1.07E-04,-2.03E-04,-1.13E-04,3.39E-06,-5.42E-05,-1.46E-04,-3.13E-04,-2.33E-04,-1.96E-04,6.53E-06,-1.12E-04,-3.41E-04,-3.32E-04,-2.14E-04,-1.15E-04
1519,5.35E-04,-6.13E-05,9.99E-05,1.04E-04,2.83E-04,-8.81E-05,-1.93E-04,-8.55E-05,2.57E-05,-3.71E-05,-1.33E-04,-2.93E-04,-2.21E-04,-1.78E-04,2.15E-05,-9.13E-05,-3.15E-04,-3.10E-04,-1.99E-04,-1.05E-04
1520,5.53E-04,-4.88E-05,1.17E-04,1.20E-04,3.03E-04,-6.94E-05,-1.82E-04,-5.86E-05,4.72E-05,-2.14E-05,-1.24E-04,-2.73E-04,-2.11E-04,-1.60E-04,3.59E-05,-7.16E-05,-2.89E-04,-2.88E-04,-1.84E-04,-9.65E-05
1521,5.72E-04,-3.63E-05,1.34E-04,1.36E-04,3.21E-04,-5.17E-05,-1.72E-04,-3.28E-05,6.77E-05,-7.57E-06,-1.20E-04,-2.54E-04,-2.03E-04,-1.43E-04,4.95E-05,-5.28E-05,-2.64E-04,-2.66E-04,-1.70E-04,-8.85E-05
1522,5.91E-04,-2.40E-05,1.51E-04,1.51E-04,3.39E-04,-3.53E-05,-1.62E-04,-8.19E-06,8.70E-05,4.16E-06,-1.19E-04,-2.37E-04,-1.95E-04,-1.27E-04,6.23E-05,-3.52E-05,-2.39E-04,-2.43E-04,-1.56E-04,-8.17E-05
1523,6.11E-04,-1.19E-05,1.69E-04,1.67E-04,3.56E-04,-2.05E-05,-1.52E-04,1.49E-05,1.05E-04,1.35E-05,-1.20E-04,-2.20E-04,-1.88E-04,-1.13E-04,7.41E-05,-1.91E-05,-2.16E-04,-2.21E-04,-1.43E-04,-7.63E-05
1524,6.31E-04,-2.28E-07,1.86E-04,1.81E-04,3.71E-04,-7.52E-06,-1.43E-04,3.64E-05,1.21E-04,2.04E-05,-1.22E-04,-2.06E-04,-1.81E-04,-9.94E-05,8.47E-05,-4.69E-06,-1.94E-04,-2.00E-04,-1.30E-04,-7.25E-05
1525,6.52E-04,1.10E-05,2.04E-04,1.96E-04,3.86E-04,3.49E-06,-1.35E-04,5.63E-05,1.36E-04,2.48E-05,-1.23E-04,-1.93E-04,-1.74E-04,-8.76E-05,9.44E-05,7.81E-06,-1.74E-04,-1.79E-04,-1.19E-04,-7.03E-05
1526,6.73E-04,2.17E-05,2.22E-04,2.10E-04,4.00E-04,1.24E-05,-1.27E-04,7.46E-05,1.49E-04,2.68E-05,-1.22E-04,-1.82E-04,-1.66E-04,-7.73E-05,1.03E-04,1.83E-05,-1.55E-04,-1.60E-04,-1.09E-04,-6.98E-05
1527,6.95E-04,3.17E-05,2.40E-04,2.24E-04,4.14E-04,1.93E-05,-1.19E-04,9.16E-05,1.61E-04,2.66E-05,-1.18E-04,-1.73E-04,-1.58E-04,-6.83E-05,1.10E-04,2.69E-05,-1.39E-04,-1.42E-04,-1.01E-04,-7.10E-05
1528,7.18E-04,4.10E-05,2.57E-04,2.38E-04,4.27E-04,2.41E-05,-1.13E-04,1.07E-04,1.71E-04,2.45E-05,-1.09E-04,-1.64E-04,-1.48E-04,-6.06E-05,1.17E-04,3.35E-05,-1.24E-04,-1.26E-04,-9.31E-05,-7.39E-05
1529,7.40E-04,4.96E-05,2.74E-04,2.51E-04,4.39E-04,2.70E-05,-1.07E-04,1.22E-04,1.81E-04,2.09E-05,-9.43E-05,-1.57E-04,-1.38E-04,-5.40E-05,1.23E-04,3.83E-05,-1.11E-04,-1.12E-04,-8.69E-05,-7.82E-05
1530,7.62E-04,5.75E-05,2.90E-04,2.64E-04,4.51E-04,2.82E-05,-1.02E-04,1.36E-04,1.90E-04,1.62E-05,-7.41E-05,-1.50E-04,-1.25E-04,-4.83E-05,1.29E-04,4.14E-05,-9.93E-05,-9.98E-05,-8.19E-05,-8.39E-05
1531,7.85E-04,6.50E-05,3.05E-04,2.77E-04,4.63E-04,2.78E-05,-9.80E-05,1.50E-04,1.98E-04,1.07E-05,-4.82E-05,-1.43E-04,-1.11E-04,-4.32E-05,1.34E-04,4.31E-05,-8.90E-05,-8.95E-05,-7.80E-05,-9.06E-05
1532,8.06E-04,7.19E-05,3.19E-04,2.89E-04,4.74E-04,2.62E-05,-9.45E-05,1.64E-04,2.05E-04,4.90E-06,-1.70E-05,-1.35E-04,-9.62E-05,-3.87E-05,1.39E-04,4.36E-05,-7.96E-05,-8.09E-05,-7.51E-05,-9.83E-05
1533,8.26E-04,7.87E-05,3.32E-04,3.00E-04,4.85E-04,2.35E-05,-9.15E-05,1.78E-04,2.12E-04,-9.44E-07,1.85E-05,-1.27E-04,-8.02E-05,-3.45E-05,1.44E-04,4.31E-05,-7.10E-05,-7.41E-05,-7.30E-05,-1.07E-04
1534,8.45E-04,8.54E-05,3.43E-04,3.11E-04,4.95E-04,2.00E-05,-8.88E-05,1.92E-04,2.19E-04,-6.51E-06,5.73E-05,-1.18E-04,-6.37E-05,-3.05E-05,1.50E-04,4.19E-05,-6.29E-05,-6.88E-05,-7.17E-05,-1.15E-04
1535,8.62E-04,9.21E-05,3.53E-04,3.21E-04,5.06E-04,1.59E-05,-8.63E-05,2.07E-04,2.26E-04,-1.16E-05,9.77E-05,-1.08E-04,-4.72E-05,-2.65E-05,1.55E-04,4.00E-05,-5.51E-05,-6.48E-05,-7.11E-05,-1.24E-04
1536,8.77E-04,9.92E-05,3.61E-04,3.30E-04,5.15E-04,1.15E-05,-8.38E-05,2.22E-04,2.33E-04,-1.61E-05,1.38E-04,-9.80E-05,-3.12E-05,-2.24E-05,1.62E-04,3.78E-05,-4.74E-05,-6.18E-05,-7.10E-05,-1.33E-04
1537,8.90E-04,1.07E-04,3.68E-04,3.38E-04,5.24E-04,6.85E-06,-8.09E-05,2.38E-04,2.40E-04,-2.01E-05,1.77E-04,-8.73E-05,-1.64E-05,-1.84E-05,1.68E-04,3.53E-05,-3.98E-05,-5.97E-05,-7.14E-05,-1.42E-04
1538,9.01E-04,1.15E-04,3.74E-04,3.45E-04,5.32E-04,2.14E-06,-7.76E-05,2.54E-04,2.47E-04,-2.36E-05,2.13E-04,-7.66E-05,-3.11E-06,-1.44E-05,1.75E-04,3.25E-05,-3.23E-05,-5.81E-05,-7.22E-05,-1.51E-04
1539,9.10E-04,1.23E-04,3.78E-04,3.51E-04,5.39E-04,-2.58E-06,-7.36E-05,2.71E-04,2.53E-04,-2.67E-05,2.44E-04,-6.65E-05,8.10E-06,-1.04E-05,1.82E-04,2.96E-05,-2.47E-05,-5.68E-05,-7.34E-05,-1.60E-04
1540,9.16E-04,1.32E-04,3.81E-04,3.55E-04,5.45E-04,-7.29E-06,-6.89E-05,2.87E-04,2.59E-04,-2.98E-05,2.69E-04,-5.74E-05,1.69E-05,-6.69E-06,1.89E-04,2.65E-05,-1.74E-05,-5.56E-05,-7.50E-05,-1.68E-04
1541,9.20E-04,1.42E-04,3.83E-04,3.59E-04,5.50E-04,-1.20E-05,-6.34E-05,3.03E-04,2.65E-04,-3.30E-05,2.88E-04,-4.99E-05,2.30E-05,-3.31E-06,1.97E-04,2.30E-05,-1.03E-05,-5.44E-05,-7.70E-05,-1.77E-04
1542,9.22E-04,1.51E-04,3.84E-04,3.61E-04,5.54E-04,-1.68E-05,-5.71E-05,3.18E-04,2.69E-04,-3.69E-05,3.00E-04,-4.44E-05,2.64E-05,-4.38E-07,2.04E-04,1.92E-05,-3.61E-06,-5.31E-05,-7.95E-05,-1.85E-04
1543,9.22E-04,1.60E-04,3.85E-04,3.62E-04,5.56E-04,-2.17E-05,-5.01E-05,3.32E-04,2.73E-04,-4.15E-05,3.05E-04,-4.13E-05,2.71E-05,1.78E-06,2.10E-04,1.48E-05,2.43E-06,-5.17E-05,-8.26E-05,-1.94E-04
1544,9.21E-04,1.69E-04,3.85E-04,3.61E-04,5.58E-04,-2.69E-05,-4.26E-05,3.46E-04,2.76E-04,-4.73E-05,3.03E-04,-4.10E-05,2.53E-05,3.20E-06,2.16E-04,9.85E-06,7.66E-06,-5.01E-05,-8.64E-05,-2.03E-04
1545,9.18E-04,1.77E-04,3.84E-04,3.60E-04,5.59E-04,-3.24E-05,-3.47E-05,3.57E-04,2.78E-04,-5.44E-05,2.96E-04,-4.35E-05,2.14E-05,3.73E-06,2.21E-04,4.13E-06,1.19E-05,-4.83E-05,-9.08E-05,-2.12E-04
1546,9.14E-04,1.84E-04,3.83E-04,3.57E-04,5.58E-04,-3.84E-05,-2.68E-05,3.67E-04,2.78E-04,-6.31E-05,2.84E-04,-4.88E-05,1.58E-05,3.28E-06,2.26E-04,-2.41E-06,1.51E-05,-4.65E-05,-9.60E-05,-2.22E-04
1547,9.09E-04,1.90E-04,3.82E-04,3.52E-04,5.57E-04,-4.48E-05,-1.92E-05,3.76E-04,2.78E-04,-7.33E-05,2.69E-04,-5.67E-05,9.03E-06,1.83E-06,2.29E-04,-9.84E-06,1.70E-05,-4.48E-05,-1.02E-04,-2.32E-04
1548,9.03E-04,1.93E-04,3.81E-04,3.47E-04,5.55E-04,-5.18E-05,-1.23E-05,3.82E-04,2.76E-04,-8.50E-05,2.51E-04,-6.68E-05,1.74E-06,-5.87E-07,2.32E-04,-1.82E-05,1.76E-05,-4.33E-05,-1.09E-04,-2.44E-04
1549,8.97E-04,1.94E-04,3.79E-04,3.41E-04,5.53E-04,-5.94E-05,-6.32E-06,3.86E-04,2.73E-04,-9.82E-05,2.33E-04,-7.86E-05,-5.52E-06,-3.91E-06,2.34E-04,-2.74E-05,1.69E-05,-4.21E-05,-1.17E-04,-2.55E-04
1550,8.91E-04,1.93E-04,3.77E-04,3.34E-04,5.50E-04,-6.74E-05,-1.68E-06,3.89E-04,2.69E-04,-1.13E-04,2.16E-04,-9.15E-05,-1.22E-05,-8.03E-06,2.35E-04,-3.74E-05,1.49E-05,-4.14E-05,-1.25E-04,-2.67E-04
1551,8.83E-04,1.89E-04,3.74E-04,3.26E-04,5.48E-04,-7.58E-05,1.41E-06,3.90E-04,2.64E-04,-1.28E-04,2.00E-04,-1.05E-04,-1.78E-05,-1.28E-05,2.35E-04,-4.81E-05,1.17E-05,-4.13E-05,-1.35E-04,-2.80E-04
1552,8.75E-04,1.83E-04,3.72E-04,3.17E-04,5.45E-04,-8.45E-05,2.73E-06,3.90E-04,2.58E-04,-1.43E-04,1.87E-04,-1.18E-04,-2.20E-05,-1.80E-05,2.35E-04,-5.92E-05,7.33E-06,-4.19E-05,-1.45E-04,-2.93E-04
1553,8.66E-04,1.74E-04,3.69E-04,3.08E-04,5.43E-04,-9.33E-05,2.21E-06,3.88E-04,2.52E-04,-1.59E-04,1.78E-04,-1.30E-04,-2.46E-05,-2.35E-05,2.34E-04,-7.07E-05,2.02E-06,-4.32E-05,-1.55E-04,-3.06E-04
1554,8.56E-04,1.63E-04,3.65E-04,2.98E-04,5.41E-04,-1.02E-04,-1.56E-07,3.86E-04,2.46E-04,-1.75E-04,1.72E-04,-1.41E-04,-2.54E-05,-2.90E-05,2.34E-04,-8.22E-05,-4.13E-06,-4.52E-05,-1.66E-04,-3.19E-04
1555,8.45E-04,1.50E-04,3.61E-04,2.88E-04,5.40E-04,-1.10E-04,-4.27E-06,3.83E-04,2.39E-04,-1.89E-04,1.69E-04,-1.51E-04,-2.45E-05,-3.45E-05,2.33E-04,-9.36E-05,-1.10E-05,-4.80E-05,-1.77E-04,-3.32E-04
1556,8.32E-04,1.35E-04,3.56E-04,2.78E-04,5.39E-04,-1.18E-04,-9.91E-06,3.80E-04,2.32E-04,-2.03E-04,1.69E-04,-1.58E-04,-2.22E-05,-3.96E-05,2.33E-04,-1.04E-04,-1.84E-05,-5.16E-05,-1.88E-04,-3.44E-04
1557,8.18E-04,1.20E-04,3.51E-04,2.67E-04,5.39E-04,-1.25E-04,-1.68E-05,3.77E-04,2.26E-04,-2.15E-04,1.72E-04,-1.63E-04,-1.87E-05,-4.43E-05,2.33E-04,-1.15E-04,-2.63E-05,-5.57E-05,-1.99E-04,-3.55E-04
1558,8.02E-04,1.03E-04,3.46E-04,2.57E-04,5.39E-04,-1.31E-04,-2.45E-05,3.75E-04,2.20E-04,-2.25E-04,1.76E-04,-1.67E-04,-1.46E-05,-4.85E-05,2.33E-04,-1.24E-04,-3.46E-05,-6.03E-05,-2.10E-04,-3.65E-04
1559,7.84E-04,8.64E-05,3.41E-04,2.46E-04,5.40E-04,-1.37E-04,-3.27E-05,3.73E-04,2.14E-04,-2.34E-04,1.80E-04,-1.69E-04,-1.02E-05,-5.22E-05,2.34E-04,-1.33E-04,-4.33E-05,-6.53E-05,-2.21E-04,-3.73E-04
1560,7.64E-04,6.98E-05,3.35E-04,2.35E-04,5.41E-04,-1.41E-04,-4.09E-05,3.71E-04,2.09E-04,-2.40E-04,1.83E-04,-1.70E-04,-6.26E-06,-5.53E-05,2.35E-04,-1.40E-04,-5.23E-05,-7.06E-05,-2.31E-04,-3.81E-04
1561,7.43E-04,5.37E-05,3.30E-04,2.24E-04,5.43E-04,-1.43E-04,-4.87E-05,3.71E-04,2.04E-04,-2.45E-04,1.84E-04,-1.70E-04,-3.15E-06,-5.80E-05,2.37E-04,-1.47E-04,-6.16E-05,-7.59E-05,-2.40E-04,-3.87E-04
1562,7.21E-04,3.85E-05,3.24E-04,2.13E-04,5.44E-04,-1.45E-04,-5.56E-05,3.72E-04,1.99E-04,-2.48E-04,1.83E-04,-1.71E-04,-1.37E-06,-6.02E-05,2.39E-04,-1.52E-04,-7.14E-05,-8.11E-05,-2.49E-04,-3.91E-04
1563,6.97E-04,2.45E-05,3.19E-04,2.03E-04,5.45E-04,-1.45E-04,-6.14E-05,3.73E-04,1.95E-04,-2.50E-04,1.78E-04,-1.72E-04,-1.32E-06,-6.22E-05,2.40E-04,-1.56E-04,-8.16E-05,-8.62E-05,-2.58E-04,-3.94E-04
1564,6.73E-04,1.17E-05,3.15E-04,1.92E-04,5.45E-04,-1.45E-04,-6.58E-05,3.75E-04,1.90E-04,-2.51E-04,1.69E-04,-1.75E-04,-3.25E-06,-6.41E-05,2.42E-04,-1.59E-04,-9.23E-05,-9.11E-05,-2.65E-04,-3.95E-04
1565,6.48E-04,2.98E-07,3.11E-04,1.81E-04,5.45E-04,-1.43E-04,-6.87E-05,3.78E-04,1.86E-04,-2.50E-04,1.55E-04,-1.80E-04,-7.32E-06,-6.61E-05,2.43E-04,-1.62E-04,-1.04E-04,-9.56E-05,-2.72E-04,-3.95E-04
1566,6.23E-04,-9.90E-06,3.08E-04,1.69E-04,5.44E-04,-1.41E-04,-7.00E-05,3.81E-04,1.82E-04,-2.50E-04,1.37E-04,-1.87E-04,-1.35E-05,-6.83E-05,2.44E-04,-1.63E-04,-1.16E-04,-9.97E-05,-2.79E-04,-3.94E-04
1567,5.99E-04,-1.90E-05,3.06E-04,1.58E-04,5.42E-04,-1.38E-04,-6.98E-05,3.85E-04,1.77E-04,-2.50E-04,1.15E-04,-1.96E-04,-2.18E-05,-7.09E-05,2.44E-04,-1.64E-04,-1.28E-04,-1.03E-04,-2.85E-04,-3.92E-04
1568,5.76E-04,-2.72E-05,3.04E-04,1.47E-04,5.39E-04,-1.35E-04,-6.83E-05,3.88E-04,1.72E-04,-2.50E-04,9.01E-05,-2.08E-04,-3.18E-05,-7.40E-05,2.43E-04,-1.65E-04,-1.41E-04,-1.07E-04,-2.91E-04,-3.90E-04
1569,5.54E-04,-3.49E-05,3.03E-04,1.35E-04,5.35E-04,-1.32E-04,-6.59E-05,3.91E-04,1.67E-04,-2.50E-04,6.23E-05,-2.21E-04,-4.32E-05,-7.76E-05,2.41E-04,-1.66E-04,-1.55E-04,-1.10E-04,-2.96E-04,-3.87E-04
1570,5.33E-04,-4.23E-05,3.02E-04,1.23E-04,5.30E-04,-1.29E-04,-6.28E-05,3.94E-04,1.61E-04,-2.52E-04,3.29E-05,-2.37E-04,-5.55E-05,-8.19E-05,2.38E-04,-1.66E-04,-1.69E-04,-1.12E-04,-3.01E-04,-3.83E-04
1571,5.13E-04,-4.98E-05,3.01E-04,1.11E-04,5.24E-04,-1.27E-04,-5.95E-05,3.96E-04,1.55E-04,-2.54E-04,2.85E-06,-2.54E-04,-6.84E-05,-8.68E-05,2.34E-04,-1.67E-04,-1.84E-04,-1.15E-04,-3.05E-04,-3.80E-04
1572,4.95E-04,-5.76E-05,3.01E-04,9.83E-05,5.17E-04,-1.25E-04,-5.64E-05,3.98E-04,1.49E-04,-2.58E-04,-2.67E-05,-2.71E-04,-8.12E-05,-9.23E-05,2.29E-04,-1.67E-04,-1.99E-04,-1.17E-04,-3.10E-04,-3.77E-04
1573,4.79E-04,-6.61E-05,3.00E-04,8.58E-05,5.09E-04,-1.23E-04,-5.38E-05,3.99E-04,1.41E-04,-2.63E-04,-5.49E-05,-2.88E-04,-9.35E-05,-9.82E-05,2.24E-04,-1.68E-04,-2.14E-04,-1.20E-04,-3.14E-04,-3.74E-04
1574,4.64E-04,-7.54E-05,3.00E-04,7.32E-05,5.01E-04,-1.22E-04,-5.22E-05,3.99E-04,1.34E-04,-2.68E-04,-8.06E-05,-3.05E-04,-1.05E-04,-1.04E-04,2.18E-04,-1.69E-04,-2.28E-04,-1.22E-04,-3.18E-04,-3.71E-04
1575,4.49E-04,-8.56E-05,2.99E-04,6.07E-05,4.92E-04,-1.21E-04,-5.18E-05,3.99E-04,1.26E-04,-2.74E-04,-1.03E-04,-3.20E-04,-1.15E-04,-1.11E-04,2.13E-04,-1.70E-04,-2.43E-04,-1.24E-04,-3.21E-04,-3.68E-04
1576,4.36E-04,-9.67E-05,2.97E-04,4.85E-05,4.84E-04,-1.21E-04,-5.27E-05,3.98E-04,1.18E-04,-2.80E-04,-1.22E-04,-3.33E-04,-1.23E-04,-1.17E-04,2.08E-04,-1.71E-04,-2.56E-04,-1.26E-04,-3.24E-04,-3.65E-04
1577,4.23E-04,-1.09E-04,2.95E-04,3.67E-05,4.76E-04,-1.21E-04,-5.50E-05,3.96E-04,1.10E-04,-2.86E-04,-1.36E-04,-3.43E-04,-1.30E-04,-1.23E-04,2.03E-04,-1.71E-04,-2.69E-04,-1.28E-04,-3.27E-04,-3.61E-04
1578,4.09E-04,-1.21E-04,2.93E-04,2.56E-05,4.68E-04,-1.20E-04,-5.86E-05,3.95E-04,1.02E-04,-2.92E-04,-1.47E-04,-3.51E-04,-1.35E-04,-1.29E-04,1.99E-04,-1.71E-04,-2.80E-04,-1.31E-04,-3.29E-04,-3.58E-04
1579,3.96E-04,-1.34E-04,2.90E-04,1.52E-05,4.61E-04,-1.20E-04,-6.34E-05,3.93E-04,9.48E-05,-2.96E-04,-1.52E-04,-3.56E-04,-1.39E-04,-1.34E-04,1.96E-04,-1.71E-04,-2.91E-04,-1.33E-04,-3.30E-04,-3.54E-04
1580,3.82E-04,-1.47E-04,2.87E-04,5.94E-06,4.55E-04,-1.18E-04,-6.91E-05,3.91E-04,8.77E-05,-2.99E-04,-1.54E-04,-3.59E-04,-1.40E-04,-1.38E-04,1.94E-04,-1.70E-04,-3.00E-04,-1.34E-04,-3.31E-04,-3.50E-04
1581,3.67E-04,-1.60E-04,2.84E-04,-2.15E-06,4.51E-04,-1.16E-04,-7.52E-05,3.89E-04,8.12E-05,-3.01E-04,-1.52E-04,-3.60E-04,-1.40E-04,-1.41E-04,1.94E-04,-1.67E-04,-3.08E-04,-1.36E-04,-3.30E-04,-3.44E-04
1582,3.51E-04,-1.71E-04,2.81E-04,-8.88E-06,4.48E-04,-1.13E-04,-8.15E-05,3.88E-04,7.54E-05,-3.00E-04,-1.46E-04,-3.59E-04,-1.40E-04,-1.43E-04,1.95E-04,-1.64E-04,-3.14E-04,-1.36E-04,-3.29E-04,-3.37E-04
1583,3.35E-04,-1.82E-04,2.78E-04,-1.41E-05,4.46E-04,-1.09E-04,-8.74E-05,3.87E-04,7.05E-05,-2.98E-04,-1.38E-04,-3.57E-04,-1.38E-04,-1.43E-04,1.97E-04,-1.59E-04,-3.20E-04,-1.37E-04,-3.27E-04,-3.29E-04
1584,3.18E-04,-1.90E-04,2.76E-04,-1.78E-05,4.46E-04,-1.03E-04,-9.26E-05,3.87E-04,6.65E-05,-2.93E-04,-1.27E-04,-3.55E-04,-1.35E-04,-1.43E-04,2.01E-04,-1.54E-04,-3.24E-04,-1.36E-04,-3.24E-04,-3.20E-04
1585,3.01E-04,-1.97E-04,2.75E-04,-1.99E-05,4.48E-04,-9.51E-05,-9.68E-05,3.88E-04,6.34E-05,-2.86E-04,-1.14E-04,-3.53E-04,-1.32E-04,-1.41E-04,2.06E-04,-1.47E-04,-3.27E-04,-1.35E-04,-3.20E-04,-3.09E-04
1586,2.84E-04,-2.02E-04,2.75E-04,-2.04E-05,4.50E-04,-8.61E-05,-9.95E-05,3.89E-04,6.14E-05,-2.77E-04,-1.01E-04,-3.52E-04,-1.29E-04,-1.39E-04,2.11E-04,-1.39E-04,-3.29E-04,-1.33E-04,-3.15E-04,-2.97E-04
1587,2.67E-04,-2.04E-04,2.76E-04,-1.95E-05,4.54E-04,-7.57E-05,-1.01E-04,3.91E-04,6.03E-05,-2.67E-04,-8.64E-05,-3.52E-04,-1.25E-04,-1.35E-04,2.18E-04,-1.29E-04,-3.30E-04,-1.29E-04,-3.09E-04,-2.84E-04
1588,2.52E-04,-2.03E-04,2.79E-04,-1.72E-05,4.59E-04,-6.39E-05,-1.00E-04,3.94E-04,6.02E-05,-2.54E-04,-7.19E-05,-3.54E-04,-1.22E-04,-1.31E-04,2.25E-04,-1.19E-04,-3.31E-04,-1.25E-04,-3.03E-04,-2.70E-04
1589,2.38E-04,-2.01E-04,2.83E-04,-1.39E-05,4.64E-04,-5.10E-05,-9.82E-05,3.96E-04,6.09E-05,-2.41E-04,-5.75E-05,-3.59E-04,-1.18E-04,-1.26E-04,2.32E-04,-1.09E-04,-3.32E-04,-1.20E-04,-2.96E-04,-2.54E-04
1590,2.26E-04,-1.96E-04,2.88E-04,-9.65E-06,4.70E-04,-3.72E-05,-9.48E-05,4.00E-04,6.23E-05,-2.27E-04,-4.37E-05,-3.65E-04,-1.14E-04,-1.21E-04,2.39E-04,-9.77E-05,-3.33E-04,-1.15E-04,-2.89E-04,-2.38E-04
1591,2.16E-04,-1.89E-04,2.95E-04,-4.83E-06,4.76E-04,-2.29E-05,-9.04E-05,4.03E-04,6.44E-05,-2.13E-04,-3.06E-05,-3.73E-04,-1.10E-04,-1.15E-04,2.45E-04,-8.63E-05,-3.34E-04,-1.08E-04,-2.82E-04,-2.22E-04
1592,2.08E-04,-1.81E-04,3.03E-04,3.00E-07,4.82E-04,-8.30E-06,-8.53E-05,4.06E-04,6.69E-05,-1.99E-04,-1.86E-05,-3.83E-04,-1.05E-04,-1.10E-04,2.51E-04,-7.50E-05,-3.34E-04,-1.01E-04,-2.74E-04,-2.06E-04
1593,2.03E-04,-1.72E-04,3.12E-04,5.46E-06,4.88E-04,6.21E-06,-8.00E-05,4.09E-04,6.97E-05,-1.85E-04,-7.70E-06,-3.93E-04,-9.99E-05,-1.05E-04,2.56E-04,-6.39E-05,-3.35E-04,-9.32E-05,-2.67E-04,-1.90E-04
1594,2.00E-04,-1.62E-04,3.21E-04,1.04E-05,4.93E-04,2.03E-05,-7.49E-05,4.12E-04,7.28E-05,-1.73E-04,1.89E-06,-4.04E-04,-9.43E-05,-9.94E-05,2.60E-04,-5.34E-05,-3.37E-04,-8.52E-05,-2.60E-04,-1.74E-04
1595,1.99E-04,-1.53E-04,3.31E-04,1.48E-05,4.98E-04,3.37E-05,-7.06E-05,4.14E-04,7.58E-05,-1.61E-04,1.01E-05,-4.15E-04,-8.80E-05,-9.46E-05,2.63E-04,-4.34E-05,-3.38E-04,-7.71E-05,-2.53E-04,-1.60E-04
1596,2.00E-04,-1.44E-04,3.41E-04,1.87E-05,5.02E-04,4.61E-05,-6.74E-05,4.16E-04,7.87E-05,-1.51E-04,1.68E-05,-4.24E-04,-8.10E-05,-9.02E-05,2.65E-04,-3.43E-05,-3.40E-04,-6.89E-05,-2.46E-04,-1.46E-04
1597,2.02E-04,-1.36E-04,3.50E-04,2.17E-05,5.06E-04,5.74E-05,-6.57E-05,4.18E-04,8.14E-05,-1.42E-04,2.21E-05,-4.31E-04,-7.33E-05,-8.62E-05,2.66E-04,-2.61E-05,-3.42E-04,-6.08E-05,-2.40E-04,-1.34E-04
1598,2.05E-04,-1.29E-04,3.58E-04,2.40E-05,5.09E-04,6.74E-05,-6.58E-05,4.19E-04,8.38E-05,-1.35E-04,2.60E-05,-4.36E-04,-6.51E-05,-8.27E-05,2.67E-04,-1.88E-05,-3.44E-04,-5.29E-05,-2.35E-04,-1.24E-04
1599,2.08E-04,-1.24E-04,3.66E-04,2.56E-05,5.12E-04,7.62E-05,-6.77E-05,4.20E-04,8.59E-05,-1.28E-04,2.86E-05,-4.37E-04,-5.63E-05,-7.94E-05,2.67E-04,-1.23E-05,-3.45E-04,-4.53E-05,-2.30E-04,-1.15E-04
1600,2.10E-04,-1.21E-04,3.72E-04,2.65E-05,5.14E-04,8.37E-05,-7.14E-05,4.21E-04,8.76E-05,-1.24E-04,3.01E-05,-4.36E-04,-4.71E-05,-7.63E-05,2.66E-04,-6.70E-06,-3.46E-04,-3.78E-05,-2.26E-04,-1.07E-04
1601,2.12E-04,-1.20E-04,3.77E-04,2.71E-05,5.17E-04,9.01E-05,-7.67E-05,4.23E-04,8.89E-05,-1.20E-04,3.08E-05,-4.31E-04,-3.77E-05,-7.33E-05,2.66E-04,-1.73E-06,-3.46E-04,-3.06E-05,-2.22E-04,-1.00E-04
1602,2.13E-04,-1.20E-04,3.82E-04,2.75E-05,5.20E-04,9.56E-05,-8.33E-05,4.24E-04,9.01E-05,-1.16E-04,3.10E-05,-4.24E-04,-2.81E-05,-7.03E-05,2.66E-04,2.74E-06,-3.46E-04,-2.36E-05,-2.18E-04,-9.47E-05
1603,2.12E-04,-1.22E-04,3.85E-04,2.80E-05,5.23E-04,1.00E-04,-9.07E-05,4.27E-04,9.11E-05,-1.13E-04,3.10E-05,-4.13E-04,-1.86E-05,-6.70E-05,2.66E-04,6.96E-06,-3.44E-04,-1.66E-05,-2.15E-04,-9.02E-05
1604,2.09E-04,-1.24E-04,3.88E-04,2.91E-05,5.27E-04,1.05E-04,-9.82E-05,4.30E-04,9.21E-05,-1.10E-04,3.15E-05,-4.00E-04,-9.16E-06,-6.33E-05,2.67E-04,1.11E-05,-3.41E-04,-9.49E-06,-2.11E-04,-8.62E-05
1605,2.05E-04,-1.28E-04,3.91E-04,3.10E-05,5.32E-04,1.10E-04,-1.05E-04,4.34E-04,9.33E-05,-1.06E-04,3.28E-05,-3.85E-04,1.04E-07,-5.90E-05,2.69E-04,1.56E-05,-3.36E-04,-2.11E-06,-2.08E-04,-8.24E-05
1606,1.99E-04,-1.31E-04,3.93E-04,3.41E-05,5.37E-04,1.15E-04,-1.11E-04,4.40E-04,9.49E-05,-1.01E-04,3.56E-05,-3.69E-04,9.18E-06,-5.41E-05,2.72E-04,2.04E-05,-3.30E-04,5.72E-06,-2.04E-04,-7.86E-05
1607,1.93E-04,-1.34E-04,3.97E-04,3.86E-05,5.43E-04,1.20E-04,-1.16E-04,4.47E-04,9.72E-05,-9.51E-05,4.03E-05,-3.52E-04,1.81E-05,-4.82E-05,2.76E-04,2.61E-05,-3.21E-04,1.42E-05,-2.00E-04,-7.46E-05
1608,1.86E-04,-1.36E-04,4.01E-04,4.50E-05,5.51E-04,1.27E-04,-1.18E-04,4.56E-04,1.00E-04,-8.75E-05,4.75E-05,-3.36E-04,2.70E-05,-4.14E-05,2.81E-04,3.26E-05,-3.11E-04,2.35E-05,-1.96E-04,-6.99E-05
1609,1.79E-04,-1.37E-04,4.07E-04,5.34E-05,5.58E-04,1.35E-04,-1.17E-04,4.67E-04,1.04E-04,-7.80E-05,5.75E-05,-3.20E-04,3.61E-05,-3.36E-05,2.88E-04,4.02E-05,-2.99E-04,3.37E-05,-1.90E-04,-6.44E-05
1610,1.74E-04,-1.35E-04,4.15E-04,6.38E-05,5.67E-04,1.45E-04,-1.13E-04,4.79E-04,1.10E-04,-6.65E-05,7.07E-05,-3.05E-04,4.54E-05,-2.46E-05,2.96E-04,4.90E-05,-2.86E-04,4.51E-05,-1.85E-04,-5.80E-05
1611,1.70E-04,-1.30E-04,4.24E-04,7.64E-05,5.76E-04,1.56E-04,-1.06E-04,4.93E-04,1.16E-04,-5.29E-05,8.72E-05,-2.91E-04,5.51E-05,-1.45E-05,3.04E-04,5.91E-05,-2.70E-04,5.76E-05,-1.78E-04,-5.05E-05
1612,1.68E-04,-1.23E-04,4.37E-04,9.10E-05,5.85E-04,1.69E-04,-9.45E-05,5.09E-04,1.24E-04,-3.74E-05,1.07E-04,-2.79E-04,6.56E-05,-3.37E-06,3.14E-04,7.05E-05,-2.53E-04,7.13E-05,-1.71E-04,-4.19E-05
1613,1.70E-04,-1.12E-04,4.51E-04,1.08E-04,5.95E-04,1.84E-04,-8.01E-05,5.26E-04,1.34E-04,-1.99E-05,1.30E-04,-2.68E-04,7.70E-05,8.86E-06,3.25E-04,8.31E-05,-2.34E-04,8.63E-05,-1.63E-04,-3.23E-05
1614,1.75E-04,-9.87E-05,4.68E-04,1.26E-04,6.04E-04,2.00E-04,-6.25E-05,5.44E-04,1.45E-04,-7.15E-07,1.56E-04,-2.58E-04,8.94E-05,2.20E-05,3.37E-04,9.68E-05,-2.14E-04,1.02E-04,-1.54E-04,-2.18E-05
1615,1.84E-04,-8.17E-05,4.87E-04,1.46E-04,6.13E-04,2.18E-04,-4.20E-05,5.64E-04,1.58E-04,1.99E-05,1.85E-04,-2.49E-04,1.03E-04,3.61E-05,3.49E-04,1.12E-04,-1.93E-04,1.19E-04,-1.44E-04,-1.06E-05
1616,1.97E-04,-6.19E-05,5.09E-04,1.66E-04,6.22E-04,2.37E-04,-1.93E-05,5.83E-04,1.72E-04,4.17E-05,2.15E-04,-2.40E-04,1.18E-04,5.08E-05,3.62E-04,1.27E-04,-1.71E-04,1.37E-04,-1.34E-04,1.14E-06
1617,2.14E-04,-3.93E-05,5.32E-04,1.88E-04,6.30E-04,2.57E-04,5.19E-06,6.04E-04,1.87E-04,6.43E-05,2.47E-04,-2.31E-04,1.33E-04,6.61E-05,3.75E-04,1.43E-04,-1.48E-04,1.56E-04,-1.24E-04,1.30E-05
1618,2.34E-04,-1.46E-05,5.56E-04,2.10E-04,6.38E-04,2.78E-04,3.07E-05,6.24E-04,2.03E-04,8.71E-05,2.79E-04,-2.21E-04,1.50E-04,8.19E-05,3.88E-04,1.59E-04,-1.25E-04,1.75E-04,-1.13E-04,2.48E-05
1619,2.59E-04,1.18E-05,5.81E-04,2.31E-04,6.45E-04,2.99E-04,5.67E-05,6.43E-04,2.20E-04,1.10E-04,3.10E-04,-2.09E-04,1.68E-04,9.78E-05,4.02E-04,1.75E-04,-1.03E-04,1.94E-04,-1.02E-04,3.62E-05
1620,2.85E-04,3.93E-05,6.06E-04,2.52E-04,6.52E-04,3.20E-04,8.25E-05,6.63E-04,2.38E-04,1.32E-04,3.41E-04,-1.96E-04,1.86E-04,1.14E-04,4.15E-04,1.91E-04,-8.04E-05,2.13E-04,-9.11E-05,4.68E-05
1621,3.14E-04,6.73E-05,6.30E-04,2.73E-04,6.60E-04,3.40E-04,1.08E-04,6.81E-04,2.56E-04,1.54E-04,3.70E-04,-1.82E-04,2.05E-04,1.30E-04,4.28E-04,2.07E-04,-5.85E-05,2.32E-04,-8.02E-05,5.64E-05
1622,3.45E-04,9.51E-05,6.54E-04,2.92E-04,6.67E-04,3.60E-04,1.31E-04,6.98E-04,2.74E-04,1.74E-04,3.96E-04,-1.64E-04,2.24E-04,1.46E-04,4.41E-04,2.21E-04,-3.73E-05,2.50E-04,-6.95E-05,6.47E-05
1623,3.76E-04,1.22E-04,6.76E-04,3.10E-04,6.75E-04,3.78E-04,1.53E-04,7.15E-04,2.91E-04,1.92E-04,4.19E-04,-1.45E-04,2.42E-04,1.61E-04,4.54E-04,2.35E-04,-1.68E-05,2.67E-04,-5.93E-05,7.16E-05
1624,4.06E-04,1.48E-04,6.97E-04,3.27E-04,6.84E-04,3.95E-04,1.74E-04,7.30E-04,3.08E-04,2.09E-04,4.40E-04,-1.24E-04,2.60E-04,1.76E-04,4.66E-04,2.47E-04,2.86E-06,2.83E-04,-4.97E-05,7.68E-05
1625,4.35E-04,1.73E-04,7.16E-04,3.42E-04,6.93E-04,4.10E-04,1.92E-04,7.45E-04,3.25E-04,2.24E-04,4.57E-04,-1.01E-04,2.78E-04,1.91E-04,4.78E-04,2.58E-04,2.16E-05,2.98E-04,-4.07E-05,8.03E-05
1626,4.63E-04,1.95E-04,7.33E-04,3.56E-04,7.03E-04,4.24E-04,2.08E-04,7.59E-04,3.40E-04,2.36E-04,4.70E-04,-7.70E-05,2.94E-04,2.05E-04,4.90E-04,2.68E-04,3.95E-05,3.12E-04,-3.24E-05,8.21E-05
1627,4.89E-04,2.15E-04,7.48E-04,3.68E-04,7.14E-04,4.36E-04,2.23E-04,7.72E-04,3.55E-04,2.47E-04,4.81E-04,-5.22E-05,3.09E-04,2.19E-04,5.01E-04,2.76E-04,5.65E-05,3.24E-04,-2.48E-05,8.21E-05
1628,5.13E-04,2.33E-04,7.61E-04,3.80E-04,7.26E-04,4.46E-04,2.36E-04,7.85E-04,3.68E-04,2.55E-04,4.89E-04,-2.73E-05,3.23E-04,2.33E-04,5.12E-04,2.83E-04,7.28E-05,3.36E-04,-1.81E-05,8.06E-05
1629,5.34E-04,2.49E-04,7.72E-04,3.90E-04,7.40E-04,4.55E-04,2.47E-04,7.97E-04,3.81E-04,2.62E-04,4.94E-04,-2.87E-06,3.37E-04,2.46E-04,5.22E-04,2.89E-04,8.85E-05,3.45E-04,-1.22E-05,7.75E-05
1630,5.52E-04,2.63E-04,7.82E-04,3.99E-04,7.53E-04,4.62E-04,2.58E-04,8.10E-04,3.93E-04,2.67E-04,4.98E-04,2.04E-05,3.49E-04,2.58E-04,5.33E-04,2.94E-04,1.04E-04,3.54E-04,-7.09E-06,7.33E-05
1631,5.68E-04,2.76E-04,7.92E-04,4.08E-04,7.68E-04,4.68E-04,2.68E-04,8.22E-04,4.03E-04,2.70E-04,5.01E-04,4.21E-05,3.60E-04,2.71E-04,5.43E-04,2.98E-04,1.19E-04,3.62E-04,-2.71E-06,6.79E-05
1632,5.83E-04,2.87E-04,8.01E-04,4.17E-04,7.82E-04,4.72E-04,2.78E-04,8.36E-04,4.13E-04,2.72E-04,5.03E-04,6.18E-05,3.71E-04,2.83E-04,5.52E-04,3.02E-04,1.33E-04,3.69E-04,1.01E-06,6.17E-05
1633,5.96E-04,2.97E-04,8.10E-04,4.25E-04,7.96E-04,4.76E-04,2.88E-04,8.50E-04,4.23E-04,2.73E-04,5.04E-04,7.91E-05,3.82E-04,2.95E-04,5.61E-04,3.05E-04,1.48E-04,3.76E-04,4.15E-06,5.49E-05
1634,6.08E-04,3.08E-04,8.20E-04,4.33E-04,8.09E-04,4.80E-04,2.98E-04,8.64E-04,4.32E-04,2.74E-04,5.06E-04,9.39E-05,3.92E-04,3.07E-04,5.71E-04,3.08E-04,1.62E-04,3.82E-04,6.80E-06,4.76E-05
1635,6.19E-04,3.19E-04,8.31E-04,4.41E-04,8.21E-04,4.82E-04,3.09E-04,8.79E-04,4.40E-04,2.74E-04,5.09E-04,1.06E-04,4.02E-04,3.19E-04,5.79E-04,3.10E-04,1.76E-04,3.88E-04,9.05E-06,4.01E-05
1636,6.31E-04,3.30E-04,8.43E-04,4.49E-04,8.32E-04,4.85E-04,3.22E-04,8.96E-04,4.48E-04,2.73E-04,5.13E-04,1.16E-04,4.12E-04,3.31E-04,5.88E-04,3.13E-04,1.91E-04,3.93E-04,1.10E-05,3.26E-05
1637,6.42E-04,3.43E-04,8.57E-04,4.57E-04,8.41E-04,4.87E-04,3.35E-04,9.12E-04,4.56E-04,2.72E-04,5.17E-04,1.24E-04,4.22E-04,3.43E-04,5.96E-04,3.15E-04,2.05E-04,3.99E-04,1.27E-05,2.51E-05
1638,6.55E-04,3.57E-04,8.72E-04,4.65E-04,8.47E-04,4.90E-04,3.49E-04,9.29E-04,4.64E-04,2.71E-04,5.23E-04,1.29E-04,4.32E-04,3.55E-04,6.04E-04,3.18E-04,2.19E-04,4.05E-04,1.44E-05,1.77E-05
1639,6.68E-04,3.74E-04,8.89E-04,4.73E-04,8.51E-04,4.92E-04,3.64E-04,9.47E-04,4.72E-04,2.70E-04,5.29E-04,1.33E-04,4.42E-04,3.67E-04,6.11E-04,3.21E-04,2.33E-04,4.11E-04,1.59E-05,1.04E-05
1640,6.81E-04,3.92E-04,9.07E-04,4.82E-04,8.53E-04,4.94E-04,3.80E-04,9.64E-04,4.79E-04,2.68E-04,5.37E-04,1.36E-04,4.53E-04,3.78E-04,6.18E-04,3.25E-04,2.46E-04,4.17E-04,1.74E-05,3.33E-06
1641,6.96E-04,4.12E-04,9.26E-04,4.89E-04,8.52E-04,4.96E-04,3.96E-04,9.81E-04,4.87E-04,2.67E-04,5.45E-04,1.39E-04,4.62E-04,3.89E-04,6.25E-04,3.28E-04,2.59E-04,4.24E-04,1.89E-05,-3.71E-06
1642,7.11E-04,4.33E-04,9.45E-04,4.97E-04,8.49E-04,4.99E-04,4.13E-04,9.98E-04,4.93E-04,2.65E-04,5.53E-04,1.41E-04,4.72E-04,3.99E-04,6.30E-04,3.32E-04,2.71E-04,4.30E-04,2.04E-05,-1.07E-05
1643,7.26E-04,4.56E-04,9.66E-04,5.04E-04,8.45E-04,5.01E-04,4.30E-04,1.01E-03,5.00E-04,2.62E-04,5.62E-04,1.43E-04,4.80E-04,4.08E-04,6.36E-04,3.35E-04,2.83E-04,4.37E-04,2.19E-05,-1.78E-05
1644,7.41E-04,4.80E-04,9.85E-04,5.10E-04,8.38E-04,5.02E-04,4.46E-04,1.03E-03,5.06E-04,2.58E-04,5.72E-04,1.45E-04,4.88E-04,4.17E-04,6.40E-04,3.38E-04,2.93E-04,4.43E-04,2.34E-05,-2.52E-05
1645,7.55E-04,5.05E-04,1.00E-03,5.15E-04,8.31E-04,5.03E-04,4.62E-04,1.04E-03,5.11E-04,2.53E-04,5.81E-04,1.47E-04,4.94E-04,4.25E-04,6.44E-04,3.41E-04,3.02E-04,4.49E-04,2.48E-05,-3.28E-05
1646,7.68E-04,5.30E-04,1.02E-03,5.19E-04,8.23E-04,5.03E-04,4.78E-04,1.05E-03,5.15E-04,2.48E-04,5.91E-04,1.50E-04,5.00E-04,4.32E-04,6.48E-04,3.43E-04,3.09E-04,4.55E-04,2.60E-05,-4.08E-05
1647,7.80E-04,5.54E-04,1.04E-03,5.22E-04,8.14E-04,5.03E-04,4.92E-04,1.06E-03,5.18E-04,2.40E-04,6.00E-04,1.53E-04,5.03E-04,4.37E-04,6.51E-04,3.45E-04,3.15E-04,4.60E-04,2.70E-05,-4.92E-05
1648,7.90E-04,5.77E-04,1.05E-03,5.25E-04,8.06E-04,5.01E-04,5.06E-04,1.07E-03,5.20E-04,2.31E-04,6.10E-04,1.57E-04,5.06E-04,4.42E-04,6.53E-04,3.46E-04,3.20E-04,4.64E-04,2.78E-05,-5.82E-05
1649,7.98E-04,5.98E-04,1.06E-03,5.26E-04,7.99E-04,4.99E-04,5.18E-04,1.07E-03,5.20E-04,2.21E-04,6.19E-04,1.61E-04,5.07E-04,4.45E-04,6.54E-04,3.46E-04,3.23E-04,4.68E-04,2.83E-05,-6.77E-05
1650,8.03E-04,6.18E-04,1.07E-03,5.26E-04,7.92E-04,4.95E-04,5.29E-04,1.08E-03,5.20E-04,2.09E-04,6.29E-04,1.65E-04,5.07E-04,4.47E-04,6.55E-04,3.46E-04,3.25E-04,4.71E-04,2.85E-05,-7.77E-05
1651,8.07E-04,6.34E-04,1.08E-03,5.25E-04,7.86E-04,4.90E-04,5.39E-04,1.08E-03,5.19E-04,1.96E-04,6.39E-04,1.69E-04,5.06E-04,4.47E-04,6.56E-04,3.45E-04,3.26E-04,4.72E-04,2.84E-05,-8.80E-05
1652,8.08E-04,6.48E-04,1.08E-03,5.23E-04,7.81E-04,4.85E-04,5.48E-04,1.08E-03,5.16E-04,1.81E-04,6.48E-04,1.73E-04,5.05E-04,4.47E-04,6.56E-04,3.43E-04,3.25E-04,4.73E-04,2.80E-05,-9.86E-05
1653,8.08E-04,6.59E-04,1.08E-03,5.20E-04,7.76E-04,4.78E-04,5.55E-04,1.08E-03,5.13E-04,1.66E-04,6.58E-04,1.76E-04,5.03E-04,4.46E-04,6.56E-04,3.40E-04,3.24E-04,4.73E-04,2.74E-05,-1.09E-04
1654,8.06E-04,6.67E-04,1.08E-03,5.16E-04,7.73E-04,4.70E-04,5.62E-04,1.08E-03,5.09E-04,1.50E-04,6.67E-04,1.79E-04,5.01E-04,4.44E-04,6.56E-04,3.37E-04,3.23E-04,4.72E-04,2.65E-05,-1.20E-04
1655,8.03E-04,6.72E-04,1.08E-03,5.11E-04,7.70E-04,4.62E-04,5.67E-04,1.08E-03,5.04E-04,1.34E-04,6.76E-04,1.81E-04,4.99E-04,4.41E-04,6.56E-04,3.34E-04,3.20E-04,4.70E-04,2.56E-05,-1.30E-04
1656,7.98E-04,6.75E-04,1.07E-03,5.06E-04,7.68E-04,4.53E-04,5.72E-04,1.08E-03,4.99E-04,1.18E-04,6.85E-04,1.82E-04,4.97E-04,4.38E-04,6.56E-04,3.30E-04,3.18E-04,4.68E-04,2.47E-05,-1.40E-04
1657,7.93E-04,6.75E-04,1.07E-03,5.00E-04,7.65E-04,4.45E-04,5.76E-04,1.08E-03,4.94E-04,1.02E-04,6.92E-04,1.83E-04,4.96E-04,4.35E-04,6.56E-04,3.27E-04,3.16E-04,4.65E-04,2.39E-05,-1.49E-04
1658,7.88E-04,6.73E-04,1.07E-03,4.94E-04,7.63E-04,4.36E-04,5.79E-04,1.08E-03,4.89E-04,8.70E-05,6.98E-04,1.84E-04,4.96E-04,4.31E-04,6.57E-04,3.24E-04,3.14E-04,4.62E-04,2.34E-05,-1.57E-04
1659,7.83E-04,6.70E-04,1.06E-03,4.87E-04,7.59E-04,4.27E-04,5.82E-04,1.08E-03,4.84E-04,7.33E-05,7.02E-04,1.84E-04,4.97E-04,4.27E-04,6.58E-04,3.21E-04,3.12E-04,4.60E-04,2.33E-05,-1.64E-04
1660,7.78E-04,6.66E-04,1.06E-03,4.80E-04,7.55E-04,4.18E-04,5.85E-04,1.08E-03,4.80E-04,6.11E-05,7.05E-04,1.84E-04,4.98E-04,4.24E-04,6.59E-04,3.19E-04,3.11E-04,4.57E-04,2.37E-05,-1.69E-04
1661,7.74E-04,6.61E-04,1.06E-03,4.73E-04,7.49E-04,4.11E-04,5.88E-04,1.08E-03,4.76E-04,5.06E-05,7.05E-04,1.84E-04,4.99E-04,4.20E-04,6.61E-04,3.17E-04,3.11E-04,4.55E-04,2.48E-05,-1.73E-04
1662,7.69E-04,6.57E-04,1.05E-03,4.65E-04,7.42E-04,4.03E-04,5.91E-04,1.08E-03,4.73E-04,4.19E-05,7.04E-04,1.83E-04,5.00E-04,4.16E-04,6.62E-04,3.15E-04,3.11E-04,4.54E-04,2.65E-05,-1.76E-04
1663,7.65E-04,6.54E-04,1.05E-03,4.57E-04,7.34E-04,3.97E-04,5.94E-04,1.08E-03,4.70E-04,3.50E-05,7.01E-04,1.82E-04,5.01E-04,4.12E-04,6.64E-04,3.15E-04,3.12E-04,4.54E-04,2.91E-05,-1.77E-04
1664,7.60E-04,6.52E-04,1.05E-03,4.48E-04,7.25E-04,3.91E-04,5.97E-04,1.08E-03,4.67E-04,2.98E-05,6.95E-04,1.82E-04,5.02E-04,4.08E-04,6.66E-04,3.14E-04,3.13E-04,4.55E-04,3.24E-05,-1.76E-04
1665,7.55E-04,6.51E-04,1.06E-03,4.39E-04,7.15E-04,3.86E-04,6.00E-04,1.08E-03,4.64E-04,2.62E-05,6.88E-04,1.81E-04,5.02E-04,4.04E-04,6.68E-04,3.14E-04,3.15E-04,4.57E-04,3.66E-05,-1.75E-04
1666,7.49E-04,6.51E-04,1.06E-03,4.29E-04,7.05E-04,3.81E-04,6.04E-04,1.08E-03,4.62E-04,2.40E-05,6.80E-04,1.80E-04,5.00E-04,4.00E-04,6.70E-04,3.14E-04,3.17E-04,4.60E-04,4.15E-05,-1.72E-04
1667,7.41E-04,6.54E-04,1.06E-03,4.19E-04,6.93E-04,3.76E-04,6.07E-04,1.08E-03,4.60E-04,2.28E-05,6.71E-04,1.78E-04,4.97E-04,3.96E-04,6.71E-04,3.13E-04,3.19E-04,4.64E-04,4.71E-05,-1.68E-04
1668,7.32E-04,6.58E-04,1.06E-03,4.08E-04,6.82E-04,3.72E-04,6.11E-04,1.07E-03,4.57E-04,2.23E-05,6.62E-04,1.77E-04,4.92E-04,3.90E-04,6.72E-04,3.13E-04,3.21E-04,4.69E-04,5.33E-05,-1.63E-04
1669,7.21E-04,6.63E-04,1.06E-03,3.96E-04,6.70E-04,3.68E-04,6.15E-04,1.07E-03,4.54E-04,2.22E-05,6.53E-04,1.74E-04,4.86E-04,3.85E-04,6.72E-04,3.12E-04,3.23E-04,4.75E-04,5.99E-05,-1.58E-04
1670,7.07E-04,6.69E-04,1.07E-03,3.84E-04,6.59E-04,3.64E-04,6.18E-04,1.06E-03,4.50E-04,2.22E-05,6.44E-04,1.71E-04,4.79E-04,3.78E-04,6.72E-04,3.11E-04,3.24E-04,4.82E-04,6.69E-05,-1.52E-04
1671,6.91E-04,6.76E-04,1.06E-03,3.72E-04,6.48E-04,3.59E-04,6.21E-04,1.05E-03,4.46E-04,2.19E-05,6.36E-04,1.67E-04,4.70E-04,3.71E-04,6.71E-04,3.08E-04,3.25E-04,4.90E-04,7.41E-05,-1.46E-04
1672,6.72E-04,6.84E-04,1.06E-03,3.58E-04,6.38E-04,3.54E-04,6.24E-04,1.05E-03,4.41E-04,2.10E-05,6.30E-04,1.62E-04,4.59E-04,3.63E-04,6.69E-04,3.05E-04,3.25E-04,4.98E-04,8.13E-05,-1.40E-04
1673,6.51E-04,6.91E-04,1.05E-03,3.45E-04,6.28E-04,3.48E-04,6.27E-04,1.03E-03,4.34E-04,1.93E-05,6.24E-04,1.57E-04,4.49E-04,3.55E-04,6.66E-04,3.01E-04,3.24E-04,5.07E-04,8.85E-05,-1.35E-04
1674,6.28E-04,6.98E-04,1.05E-03,3.30E-04,6.19E-04,3.41E-04,6.28E-04,1.02E-03,4.27E-04,1.68E-05,6.20E-04,1.50E-04,4.38E-04,3.46E-04,6.62E-04,2.97E-04,3.22E-04,5.15E-04,9.54E-05,-1.30E-04
1675,6.03E-04,7.05E-04,1.04E-03,3.16E-04,6.09E-04,3.33E-04,6.29E-04,1.00E-03,4.20E-04,1.34E-05,6.18E-04,1.43E-04,4.28E-04,3.36E-04,6.58E-04,2.91E-04,3.20E-04,5.24E-04,1.02E-04,-1.25E-04
1676,5.76E-04,7.09E-04,1.02E-03,3.01E-04,6.00E-04,3.25E-04,6.29E-04,9.88E-04,4.11E-04,9.26E-06,6.15E-04,1.34E-04,4.18E-04,3.26E-04,6.54E-04,2.85E-04,3.18E-04,5.32E-04,1.08E-04,-1.21E-04
1677,5.49E-04,7.13E-04,1.01E-03,2.87E-04,5.91E-04,3.16E-04,6.28E-04,9.70E-04,4.02E-04,4.43E-06,6.13E-04,1.26E-04,4.10E-04,3.16E-04,6.49E-04,2.79E-04,3.15E-04,5.41E-04,1.14E-04,-1.17E-04
1678,5.21E-04,7.14E-04,9.88E-04,2.72E-04,5.81E-04,3.06E-04,6.27E-04,9.51E-04,3.92E-04,-8.06E-07,6.11E-04,1.17E-04,4.03E-04,3.06E-04,6.44E-04,2.72E-04,3.11E-04,5.49E-04,1.20E-04,-1.14E-04
1679,4.93E-04,7.13E-04,9.69E-04,2.58E-04,5.70E-04,2.96E-04,6.24E-04,9.31E-04,3.82E-04,-6.15E-06,6.08E-04,1.09E-04,3.99E-04,2.96E-04,6.38E-04,2.66E-04,3.08E-04,5.56E-04,1.26E-04,-1.11E-04
1680,4.66E-04,7.11E-04,9.48E-04,2.44E-04,5.58E-04,2.86E-04,6.21E-04,9.12E-04,3.73E-04,-1.13E-05,6.03E-04,1.00E-04,3.97E-04,2.87E-04,6.34E-04,2.59E-04,3.06E-04,5.63E-04,1.31E-04,-1.08E-04
1681,4.41E-04,7.07E-04,9.26E-04,2.31E-04,5.45E-04,2.76E-04,6.16E-04,8.92E-04,3.63E-04,-1.58E-05,5.96E-04,9.29E-05,3.97E-04,2.78E-04,6.29E-04,2.53E-04,3.04E-04,5.70E-04,1.36E-04,-1.05E-04
1682,4.16E-04,7.00E-04,9.04E-04,2.18E-04,5.31E-04,2.67E-04,6.12E-04,8.73E-04,3.54E-04,-1.94E-05,5.87E-04,8.61E-05,3.99E-04,2.70E-04,6.25E-04,2.48E-04,3.03E-04,5.77E-04,1.41E-04,-1.01E-04
1683,3.94E-04,6.93E-04,8.83E-04,2.07E-04,5.16E-04,2.58E-04,6.06E-04,8.54E-04,3.46E-04,-2.19E-05,5.74E-04,8.05E-05,4.03E-04,2.62E-04,6.21E-04,2.44E-04,3.03E-04,5.84E-04,1.46E-04,-9.78E-05
1684,3.74E-04,6.83E-04,8.62E-04,1.96E-04,5.00E-04,2.50E-04,6.01E-04,8.37E-04,3.38E-04,-2.29E-05,5.59E-04,7.60E-05,4.09E-04,2.56E-04,6.18E-04,2.41E-04,3.05E-04,5.90E-04,1.51E-04,-9.36E-05
1685,3.56E-04,6.73E-04,8.41E-04,1.86E-04,4.84E-04,2.43E-04,5.95E-04,8.20E-04,3.31E-04,-2.23E-05,5.42E-04,7.27E-05,4.16E-04,2.51E-04,6.15E-04,2.39E-04,3.08E-04,5.97E-04,1.57E-04,-8.87E-05
1686,3.39E-04,6.62E-04,8.22E-04,1.77E-04,4.67E-04,2.37E-04,5.90E-04,8.05E-04,3.25E-04,-2.00E-05,5.21E-04,7.07E-05,4.23E-04,2.46E-04,6.13E-04,2.38E-04,3.13E-04,6.05E-04,1.63E-04,-8.32E-05
1687,3.24E-04,6.50E-04,8.04E-04,1.69E-04,4.50E-04,2.32E-04,5.85E-04,7.91E-04,3.20E-04,-1.61E-05,4.99E-04,6.98E-05,4.31E-04,2.43E-04,6.11E-04,2.38E-04,3.20E-04,6.12E-04,1.69E-04,-7.69E-05
1688,3.11E-04,6.39E-04,7.87E-04,1.63E-04,4.34E-04,2.29E-04,5.81E-04,7.78E-04,3.16E-04,-1.08E-05,4.76E-04,6.99E-05,4.38E-04,2.41E-04,6.09E-04,2.39E-04,3.29E-04,6.21E-04,1.76E-04,-6.99E-05
1689,2.98E-04,6.27E-04,7.71E-04,1.57E-04,4.18E-04,2.26E-04,5.77E-04,7.66E-04,3.13E-04,-4.17E-06,4.53E-04,7.08E-05,4.44E-04,2.39E-04,6.08E-04,2.41E-04,3.38E-04,6.29E-04,1.84E-04,-6.23E-05
1690,2.86E-04,6.15E-04,7.56E-04,1.51E-04,4.05E-04,2.25E-04,5.74E-04,7.54E-04,3.10E-04,3.36E-06,4.31E-04,7.24E-05,4.49E-04,2.38E-04,6.06E-04,2.44E-04,3.50E-04,6.38E-04,1.91E-04,-5.41E-05
1691,2.73E-04,6.03E-04,7.40E-04,1.47E-04,3.93E-04,2.24E-04,5.72E-04,7.43E-04,3.07E-04,1.15E-05,4.10E-04,7.44E-05,4.52E-04,2.37E-04,6.05E-04,2.47E-04,3.62E-04,6.48E-04,1.99E-04,-4.57E-05
1692,2.60E-04,5.91E-04,7.25E-04,1.43E-04,3.83E-04,2.23E-04,5.71E-04,7.32E-04,3.05E-04,1.97E-05,3.92E-04,7.65E-05,4.53E-04,2.37E-04,6.03E-04,2.51E-04,3.74E-04,6.58E-04,2.08E-04,-3.70E-05
1693,2.46E-04,5.80E-04,7.08E-04,1.39E-04,3.75E-04,2.23E-04,5.71E-04,7.20E-04,3.03E-04,2.77E-05,3.77E-04,7.86E-05,4.53E-04,2.37E-04,6.01E-04,2.54E-04,3.87E-04,6.68E-04,2.16E-04,-2.85E-05
1694,2.31E-04,5.69E-04,6.91E-04,1.36E-04,3.70E-04,2.22E-04,5.71E-04,7.08E-04,3.01E-04,3.51E-05,3.67E-04,8.06E-05,4.51E-04,2.37E-04,5.98E-04,2.57E-04,4.00E-04,6.79E-04,2.24E-04,-2.02E-05
1695,2.14E-04,5.58E-04,6.72E-04,1.33E-04,3.67E-04,2.21E-04,5.72E-04,6.96E-04,2.99E-04,4.14E-05,3.61E-04,8.22E-05,4.47E-04,2.38E-04,5.95E-04,2.60E-04,4.12E-04,6.89E-04,2.32E-04,-1.23E-05
1696,1.95E-04,5.46E-04,6.52E-04,1.31E-04,3.65E-04,2.20E-04,5.73E-04,6.83E-04,2.96E-04,4.66E-05,3.61E-04,8.35E-05,4.43E-04,2.38E-04,5.91E-04,2.63E-04,4.23E-04,6.99E-04,2.40E-04,-5.03E-06
1697,1.75E-04,5.35E-04,6.30E-04,1.28E-04,3.66E-04,2.17E-04,5.75E-04,6.69E-04,2.93E-04,5.03E-05,3.65E-04,8.46E-05,4.39E-04,2.38E-04,5.87E-04,2.65E-04,4.33E-04,7.09E-04,2.48E-04,1.49E-06
1698,1.54E-04,5.23E-04,6.07E-04,1.27E-04,3.67E-04,2.13E-04,5.77E-04,6.54E-04,2.89E-04,5.26E-05,3.73E-04,8.54E-05,4.35E-04,2.39E-04,5.83E-04,2.66E-04,4.42E-04,7.19E-04,2.55E-04,7.23E-06
1699,1.31E-04,5.12E-04,5.82E-04,1.25E-04,3.68E-04,2.08E-04,5.78E-04,6.39E-04,2.85E-04,5.35E-05,3.86E-04,8.61E-05,4.32E-04,2.39E-04,5.79E-04,2.67E-04,4.50E-04,7.27E-04,2.61E-04,1.22E-05
1700,1.08E-04,4.99E-04,5.56E-04,1.24E-04,3.69E-04,2.02E-04,5.80E-04,6.24E-04,2.81E-04,5.33E-05,4.02E-04,8.69E-05,4.30E-04,2.39E-04,5.76E-04,2.68E-04,4.56E-04,7.35E-04,2.68E-04,1.63E-05
1701,8.51E-05,4.87E-04,5.29E-04,1.24E-04,3.70E-04,1.96E-04,5.82E-04,6.08E-04,2.77E-04,5.22E-05,4.20E-04,8.81E-05,4.30E-04,2.40E-04,5.72E-04,2.69E-04,4.62E-04,7.43E-04,2.73E-04,1.99E-05
1702,6.24E-05,4.75E-04,5.02E-04,1.25E-04,3.70E-04,1.89E-04,5.83E-04,5.92E-04,2.73E-04,5.07E-05,4.40E-04,8.97E-05,4.33E-04,2.41E-04,5.69E-04,2.70E-04,4.66E-04,7.50E-04,2.79E-04,2.30E-05
1703,4.08E-05,4.63E-04,4.76E-04,1.27E-04,3.69E-04,1.82E-04,5.85E-04,5.77E-04,2.69E-04,4.92E-05,4.61E-04,9.22E-05,4.39E-04,2.43E-04,5.67E-04,2.72E-04,4.70E-04,7.57E-04,2.84E-04,2.58E-05
1704,2.08E-05,4.51E-04,4.51E-04,1.30E-04,3.66E-04,1.75E-04,5.87E-04,5.64E-04,2.66E-04,4.83E-05,4.81E-04,9.57E-05,4.47E-04,2.46E-04,5.66E-04,2.75E-04,4.75E-04,7.63E-04,2.90E-04,2.87E-05
1705,3.06E-06,4.40E-04,4.28E-04,1.35E-04,3.61E-04,1.69E-04,5.88E-04,5.51E-04,2.64E-04,4.84E-05,5.01E-04,1.00E-04,4.58E-04,2.49E-04,5.67E-04,2.78E-04,4.79E-04,7.69E-04,2.95E-04,3.18E-05
1706,-1.19E-05,4.30E-04,4.08E-04,1.41E-04,3.56E-04,1.64E-04,5.91E-04,5.41E-04,2.62E-04,5.02E-05,5.19E-04,1.06E-04,4.73E-04,2.54E-04,5.68E-04,2.84E-04,4.85E-04,7.76E-04,3.01E-04,3.54E-05
1707,-2.37E-05,4.21E-04,3.92E-04,1.50E-04,3.49E-04,1.61E-04,5.94E-04,5.33E-04,2.62E-04,5.40E-05,5.35E-04,1.14E-04,4.89E-04,2.60E-04,5.72E-04,2.90E-04,4.92E-04,7.83E-04,3.08E-04,3.98E-05
1708,-3.19E-05,4.14E-04,3.79E-04,1.60E-04,3.42E-04,1.60E-04,5.98E-04,5.28E-04,2.63E-04,6.03E-05,5.50E-04,1.22E-04,5.08E-04,2.67E-04,5.76E-04,2.99E-04,5.01E-04,7.91E-04,3.15E-04,4.52E-05
1709,-3.64E-05,4.10E-04,3.70E-04,1.72E-04,3.35E-04,1.61E-04,6.03E-04,5.25E-04,2.65E-04,6.92E-05,5.62E-04,1.33E-04,5.29E-04,2.76E-04,5.82E-04,3.10E-04,5.12E-04,7.99E-04,3.23E-04,5.18E-05
1710,-3.70E-05,4.07E-04,3.66E-04,1.85E-04,3.28E-04,1.66E-04,6.10E-04,5.26E-04,2.69E-04,8.09E-05,5.73E-04,1.44E-04,5.50E-04,2.86E-04,5.90E-04,3.22E-04,5.26E-04,8.09E-04,3.32E-04,5.95E-05
1711,-3.38E-05,4.07E-04,3.66E-04,2.01E-04,3.23E-04,1.73E-04,6.18E-04,5.30E-04,2.74E-04,9.55E-05,5.83E-04,1.57E-04,5.73E-04,2.97E-04,5.98E-04,3.37E-04,5.43E-04,8.20E-04,3.42E-04,6.85E-05
1712,-2.68E-05,4.10E-04,3.70E-04,2.18E-04,3.20E-04,1.83E-04,6.28E-04,5.37E-04,2.80E-04,1.13E-04,5.92E-04,1.72E-04,5.95E-04,3.10E-04,6.08E-04,3.53E-04,5.62E-04,8.33E-04,3.53E-04,7.88E-05
1713,-1.64E-05,4.15E-04,3.78E-04,2.37E-04,3.19E-04,1.97E-04,6.40E-04,5.46E-04,2.88E-04,1.32E-04,6.01E-04,1.87E-04,6.17E-04,3.24E-04,6.18E-04,3.71E-04,5.85E-04,8.47E-04,3.64E-04,9.01E-05
1714,-2.68E-06,4.23E-04,3.89E-04,2.56E-04,3.21E-04,2.13E-04,6.53E-04,5.59E-04,2.96E-04,1.53E-04,6.11E-04,2.03E-04,6.38E-04,3.39E-04,6.30E-04,3.91E-04,6.09E-04,8.63E-04,3.77E-04,1.02E-04
1715,1.39E-05,4.34E-04,4.02E-04,2.77E-04,3.27E-04,2.32E-04,6.68E-04,5.73E-04,3.05E-04,1.76E-04,6.23E-04,2.20E-04,6.57E-04,3.54E-04,6.41E-04,4.11E-04,6.36E-04,8.79E-04,3.90E-04,1.15E-04
1716,3.29E-05,4.47E-04,4.17E-04,2.98E-04,3.35E-04,2.54E-04,6.83E-04,5.89E-04,3.15E-04,1.99E-04,6.36E-04,2.38E-04,6.75E-04,3.71E-04,6.53E-04,4.32E-04,6.65E-04,8.97E-04,4.04E-04,1.28E-04
1717,5.39E-05,4.62E-04,4.34E-04,3.19E-04,3.47E-04,2.77E-04,7.00E-04,6.07E-04,3.25E-04,2.23E-04,6.51E-04,2.57E-04,6.92E-04,3.88E-04,6.65E-04,4.54E-04,6.94E-04,9.16E-04,4.19E-04,1.41E-04
1718,7.64E-05,4.78E-04,4.50E-04,3.40E-04,3.62E-04,3.01E-04,7.17E-04,6.25E-04,3.35E-04,2.45E-04,6.68E-04,2.76E-04,7.07E-04,4.05E-04,6.76E-04,4.75E-04,7.24E-04,9.35E-04,4.33E-04,1.54E-04
1719,1.00E-04,4.96E-04,4.66E-04,3.60E-04,3.79E-04,3.26E-04,7.35E-04,6.43E-04,3.45E-04,2.67E-04,6.88E-04,2.96E-04,7.21E-04,4.22E-04,6.87E-04,4.96E-04,7.54E-04,9.54E-04,4.47E-04,1.65E-04
1720,1.25E-04,5.14E-04,4.80E-04,3.80E-04,3.98E-04,3.50E-04,7.52E-04,6.61E-04,3.54E-04,2.86E-04,7.10E-04,3.17E-04,7.33E-04,4.40E-04,6.98E-04,5.16E-04,7.83E-04,9.73E-04,4.61E-04,1.76E-04
1721,1.49E-04,5.33E-04,4.93E-04,3.99E-04,4.17E-04,3.75E-04,7.68E-04,6.77E-04,3.63E-04,3.04E-04,7.33E-04,3.38E-04,7.45E-04,4.57E-04,7.07E-04,5.35E-04,8.11E-04,9.91E-04,4.75E-04,1.85E-04
1722,1.74E-04,5.51E-04,5.04E-04,4.17E-04,4.37E-04,3.98E-04,7.83E-04,6.93E-04,3.70E-04,3.18E-04,7.56E-04,3.60E-04,7.56E-04,4.73E-04,7.17E-04,5.52E-04,8.37E-04,1.01E-03,4.87E-04,1.92E-04
1723,1.98E-04,5.69E-04,5.13E-04,4.34E-04,4.55E-04,4.20E-04,7.96E-04,7.07E-04,3.76E-04,3.29E-04,7.80E-04,3.83E-04,7.67E-04,4.89E-04,7.25E-04,5.68E-04,8.62E-04,1.02E-03,4.99E-04,1.98E-04
1724,2.22E-04,5.85E-04,5.20E-04,4.50E-04,4.72E-04,4.40E-04,8.08E-04,7.19E-04,3.82E-04,3.38E-04,8.03E-04,4.06E-04,7.77E-04,5.04E-04,7.33E-04,5.82E-04,8.83E-04,1.04E-03,5.10E-04,2.01E-04
1725,2.45E-04,6.00E-04,5.25E-04,4.64E-04,4.87E-04,4.58E-04,8.19E-04,7.29E-04,3.86E-04,3.43E-04,8.24E-04,4.30E-04,7.88E-04,5.19E-04,7.40E-04,5.94E-04,9.03E-04,1.05E-03,5.20E-04,2.02E-04
1726,2.67E-04,6.14E-04,5.28E-04,4.78E-04,4.98E-04,4.74E-04,8.27E-04,7.37E-04,3.89E-04,3.45E-04,8.43E-04,4.55E-04,7.99E-04,5.33E-04,7.46E-04,6.04E-04,9.20E-04,1.06E-03,5.29E-04,2.02E-04
1727,2.88E-04,6.25E-04,5.29E-04,4.90E-04,5.06E-04,4.88E-04,8.34E-04,7.43E-04,3.91E-04,3.45E-04,8.59E-04,4.81E-04,8.10E-04,5.46E-04,7.52E-04,6.12E-04,9.34E-04,1.07E-03,5.37E-04,1.99E-04
1728,3.08E-04,6.35E-04,5.30E-04,5.01E-04,5.10E-04,5.00E-04,8.39E-04,7.47E-04,3.92E-04,3.42E-04,8.71E-04,5.07E-04,8.22E-04,5.58E-04,7.57E-04,6.19E-04,9.47E-04,1.07E-03,5.44E-04,1.95E-04
1729,3.26E-04,6.44E-04,5.30E-04,5.12E-04,5.11E-04,5.09E-04,8.43E-04,7.50E-04,3.92E-04,3.38E-04,8.80E-04,5.34E-04,8.34E-04,5.69E-04,7.62E-04,6.23E-04,9.58E-04,1.08E-03,5.51E-04,1.90E-04
1730,3.43E-04,6.51E-04,5.31E-04,5.21E-04,5.07E-04,5.16E-04,8.45E-04,7.51E-04,3.92E-04,3.32E-04,8.84E-04,5.60E-04,8.47E-04,5.79E-04,7.66E-04,6.27E-04,9.68E-04,1.08E-03,5.57E-04,1.83E-04
1731,3.59E-04,6.56E-04,5.31E-04,5.30E-04,5.01E-04,5.22E-04,8.47E-04,7.52E-04,3.91E-04,3.25E-04,8.85E-04,5.87E-04,8.60E-04,5.89E-04,7.69E-04,6.29E-04,9.76E-04,1.08E-03,5.62E-04,1.75E-04
1732,3.73E-04,6.60E-04,5.33E-04,5.39E-04,4.91E-04,5.26E-04,8.49E-04,7.52E-04,3.90E-04,3.18E-04,8.82E-04,6.13E-04,8.72E-04,5.97E-04,7.72E-04,6.30E-04,9.84E-04,1.08E-03,5.67E-04,1.67E-04
1733,3.86E-04,6.64E-04,5.35E-04,5.46E-04,4.80E-04,5.29E-04,8.51E-04,7.52E-04,3.89E-04,3.11E-04,8.75E-04,6.38E-04,8.84E-04,6.05E-04,7.74E-04,6.30E-04,9.92E-04,1.08E-03,5.72E-04,1.58E-04
1734,3.98E-04,6.67E-04,5.39E-04,5.53E-04,4.66E-04,5.30E-04,8.53E-04,7.51E-04,3.88E-04,3.04E-04,8.66E-04,6.62E-04,8.95E-04,6.11E-04,7.75E-04,6.29E-04,1.00E-03,1.07E-03,5.77E-04,1.50E-04
1735,4.08E-04,6.70E-04,5.44E-04,5.60E-04,4.52E-04,5.31E-04,8.55E-04,7.51E-04,3.88E-04,2.98E-04,8.54E-04,6.84E-04,9.04E-04,6.17E-04,7.75E-04,6.27E-04,1.01E-03,1.07E-03,5.81E-04,1.41E-04
1736,4.16E-04,6.73E-04,5.49E-04,5.65E-04,4.38E-04,5.31E-04,8.58E-04,7.51E-04,3.87E-04,2.92E-04,8.41E-04,7.05E-04,9.13E-04,6.22E-04,7.74E-04,6.25E-04,1.02E-03,1.06E-03,5.86E-04,1.32E-04
1737,4.24E-04,6.76E-04,5.55E-04,5.69E-04,4.24E-04,5.30E-04,8.61E-04,7.52E-04,3.87E-04,2.87E-04,8.27E-04,7.23E-04,9.20E-04,6.25E-04,7.72E-04,6.22E-04,1.02E-03,1.06E-03,5.91E-04,1.24E-04
1738,4.29E-04,6.80E-04,5.62E-04,5.73E-04,4.11E-04,5.28E-04,8.65E-04,7.53E-04,3.87E-04,2.82E-04,8.13E-04,7.39E-04,9.26E-04,6.28E-04,7.69E-04,6.18E-04,1.03E-03,1.05E-03,5.96E-04,1.17E-04
1739,4.33E-04,6.84E-04,5.67E-04,5.75E-04,4.00E-04,5.25E-04,8.69E-04,7.54E-04,3.87E-04,2.78E-04,7.99E-04,7.53E-04,9.30E-04,6.29E-04,7.64E-04,6.14E-04,1.04E-03,1.05E-03,6.02E-04,1.09E-04
1740,4.36E-04,6.88E-04,5.72E-04,5.75E-04,3.89E-04,5.22E-04,8.73E-04,7.55E-04,3.88E-04,2.73E-04,7.85E-04,7.63E-04,9.32E-04,6.29E-04,7.59E-04,6.09E-04,1.04E-03,1.04E-03,6.07E-04,1.03E-04
1741,4.37E-04,6.93E-04,5.75E-04,5.75E-04,3.80E-04,5.18E-04,8.76E-04,7.57E-04,3.88E-04,2.68E-04,7.73E-04,7.71E-04,9.33E-04,6.29E-04,7.52E-04,6.03E-04,1.05E-03,1.04E-03,6.12E-04,9.59E-05
1742,4.36E-04,6.97E-04,5.77E-04,5.72E-04,3.73E-04,5.12E-04,8.79E-04,7.57E-04,3.88E-04,2.63E-04,7.60E-04,7.76E-04,9.32E-04,6.27E-04,7.43E-04,5.97E-04,1.05E-03,1.03E-03,6.17E-04,8.93E-05
1743,4.34E-04,7.02E-04,5.76E-04,5.69E-04,3.66E-04,5.06E-04,8.81E-04,7.57E-04,3.87E-04,2.56E-04,7.49E-04,7.79E-04,9.30E-04,6.23E-04,7.34E-04,5.89E-04,1.05E-03,1.03E-03,6.21E-04,8.29E-05
1744,4.29E-04,7.06E-04,5.72E-04,5.63E-04,3.61E-04,4.98E-04,8.81E-04,7.55E-04,3.87E-04,2.49E-04,7.38E-04,7.79E-04,9.27E-04,6.19E-04,7.23E-04,5.81E-04,1.05E-03,1.02E-03,6.26E-04,7.64E-05
1745,4.23E-04,7.10E-04,5.65E-04,5.57E-04,3.55E-04,4.89E-04,8.79E-04,7.52E-04,3.85E-04,2.39E-04,7.27E-04,7.77E-04,9.24E-04,6.13E-04,7.11E-04,5.71E-04,1.05E-03,1.02E-03,6.29E-04,6.98E-05
1746,4.15E-04,7.12E-04,5.56E-04,5.48E-04,3.50E-04,4.78E-04,8.75E-04,7.48E-04,3.83E-04,2.29E-04,7.17E-04,7.73E-04,9.20E-04,6.06E-04,6.99E-04,5.60E-04,1.05E-03,1.01E-03,6.32E-04,6.29E-05
1747,4.05E-04,7.14E-04,5.44E-04,5.39E-04,3.44E-04,4.66E-04,8.68E-04,7.41E-04,3.80E-04,2.17E-04,7.05E-04,7.67E-04,9.15E-04,5.98E-04,6.85E-04,5.49E-04,1.04E-03,1.00E-03,6.34E-04,5.59E-05
1748,3.94E-04,7.14E-04,5.29E-04,5.29E-04,3.36E-04,4.52E-04,8.60E-04,7.32E-04,3.75E-04,2.03E-04,6.94E-04,7.59E-04,9.10E-04,5.90E-04,6.71E-04,5.36E-04,1.03E-03,9.93E-04,6.35E-04,4.86E-05
1749,3.81E-04,7.13E-04,5.12E-04,5.17E-04,3.28E-04,4.37E-04,8.49E-04,7.21E-04,3.70E-04,1.88E-04,6.81E-04,7.50E-04,9.04E-04,5.80E-04,6.56E-04,5.22E-04,1.02E-03,9.84E-04,6.36E-04,4.12E-05
1750,3.65E-04,7.10E-04,4.94E-04,5.05E-04,3.18E-04,4.22E-04,8.36E-04,7.08E-04,3.64E-04,1.73E-04,6.68E-04,7.41E-04,8.98E-04,5.69E-04,6.40E-04,5.08E-04,1.00E-03,9.75E-04,6.35E-04,3.37E-05
1751,3.49E-04,7.05E-04,4.74E-04,4.93E-04,3.07E-04,4.05E-04,8.22E-04,6.93E-04,3.57E-04,1.56E-04,6.54E-04,7.31E-04,8.92E-04,5.58E-04,6.25E-04,4.92E-04,9.87E-04,9.65E-04,6.34E-04,2.63E-05
1752,3.31E-04,6.99E-04,4.54E-04,4.80E-04,2.94E-04,3.88E-04,8.06E-04,6.77E-04,3.50E-04,1.39E-04,6.38E-04,7.21E-04,8.85E-04,5.46E-04,6.09E-04,4.76E-04,9.70E-04,9.54E-04,6.31E-04,1.91E-05
1753,3.12E-04,6.91E-04,4.33E-04,4.67E-04,2.80E-04,3.71E-04,7.89E-04,6.58E-04,3.41E-04,1.23E-04,6.23E-04,7.11E-04,8.78E-04,5.34E-04,5.93E-04,4.59E-04,9.53E-04,9.43E-04,6.28E-04,1.23E-05
1754,2.91E-04,6.82E-04,4.13E-04,4.53E-04,2.65E-04,3.53E-04,7.72E-04,6.39E-04,3.32E-04,1.07E-04,6.07E-04,7.01E-04,8.70E-04,5.21E-04,5.76E-04,4.42E-04,9.35E-04,9.31E-04,6.24E-04,6.05E-06
1755,2.71E-04,6.72E-04,3.94E-04,4.40E-04,2.49E-04,3.36E-04,7.55E-04,6.19E-04,3.23E-04,9.18E-05,5.90E-04,6.91E-04,8.61E-04,5.08E-04,5.60E-04,4.25E-04,9.18E-04,9.19E-04,6.20E-04,5.05E-07
1756,2.49E-04,6.61E-04,3.75E-04,4.26E-04,2.33E-04,3.20E-04,7.38E-04,5.98E-04,3.13E-04,7.81E-05,5.75E-04,6.81E-04,8.50E-04,4.95E-04,5.43E-04,4.08E-04,9.01E-04,9.07E-04,6.15E-04,-4.17E-06
1757,2.28E-04,6.49E-04,3.58E-04,4.12E-04,2.17E-04,3.04E-04,7.21E-04,5.78E-04,3.03E-04,6.61E-05,5.60E-04,6.72E-04,8.39E-04,4.81E-04,5.27E-04,3.91E-04,8.84E-04,8.95E-04,6.09E-04,-7.85E-06
1758,2.06E-04,6.37E-04,3.42E-04,3.98E-04,2.02E-04,2.90E-04,7.05E-04,5.57E-04,2.94E-04,5.58E-05,5.45E-04,6.63E-04,8.27E-04,4.68E-04,5.10E-04,3.75E-04,8.69E-04,8.82E-04,6.04E-04,-1.05E-05
1759,1.85E-04,6.25E-04,3.27E-04,3.84E-04,1.87E-04,2.76E-04,6.91E-04,5.37E-04,2.84E-04,4.75E-05,5.33E-04,6.54E-04,8.13E-04,4.55E-04,4.94E-04,3.59E-04,8.53E-04,8.70E-04,5.98E-04,-1.20E-05
1760,1.65E-04,6.13E-04,3.13E-04,3.69E-04,1.73E-04,2.64E-04,6.77E-04,5.18E-04,2.74E-04,4.11E-05,5.21E-04,6.45E-04,7.98E-04,4.41E-04,4.78E-04,3.43E-04,8.39E-04,8.58E-04,5.92E-04,-1.24E-05
1761,1.45E-04,6.00E-04,2.99E-04,3.53E-04,1.60E-04,2.53E-04,6.64E-04,4.99E-04,2.65E-04,3.65E-05,5.10E-04,6.36E-04,7.81E-04,4.28E-04,4.61E-04,3.28E-04,8.24E-04,8.46E-04,5.86E-04,-1.17E-05
1762,1.26E-04,5.88E-04,2.86E-04,3.37E-04,1.49E-04,2.43E-04,6.51E-04,4.81E-04,2.56E-04,3.35E-05,5.01E-04,6.27E-04,7.64E-04,4.15E-04,4.45E-04,3.14E-04,8.10E-04,8.34E-04,5.81E-04,-1.01E-05
1763,1.07E-04,5.76E-04,2.73E-04,3.20E-04,1.39E-04,2.34E-04,6.39E-04,4.64E-04,2.48E-04,3.18E-05,4.92E-04,6.17E-04,7.46E-04,4.02E-04,4.29E-04,3.00E-04,7.95E-04,8.22E-04,5.75E-04,-7.63E-06
1764,8.92E-05,5.63E-04,2.59E-04,3.02E-04,1.30E-04,2.26E-04,6.27E-04,4.47E-04,2.39E-04,3.11E-05,4.84E-04,6.06E-04,7.27E-04,3.88E-04,4.13E-04,2.87E-04,7.80E-04,8.10E-04,5.69E-04,-4.53E-06
1765,7.19E-05,5.51E-04,2.45E-04,2.83E-04,1.22E-04,2.18E-04,6.14E-04,4.31E-04,2.31E-04,3.10E-05,4.75E-04,5.94E-04,7.08E-04,3.75E-04,3.97E-04,2.74E-04,7.64E-04,7.99E-04,5.64E-04,-9.39E-07
1766,5.48E-05,5.38E-04,2.29E-04,2.63E-04,1.15E-04,2.11E-04,6.00E-04,4.14E-04,2.24E-04,3.11E-05,4.66E-04,5.82E-04,6.89E-04,3.62E-04,3.81E-04,2.63E-04,7.47E-04,7.87E-04,5.58E-04,2.94E-06
1767,3.78E-05,5.24E-04,2.12E-04,2.43E-04,1.08E-04,2.05E-04,5.85E-04,3.98E-04,2.16E-04,3.11E-05,4.56E-04,5.68E-04,6.70E-04,3.48E-04,3.66E-04,2.51E-04,7.29E-04,7.76E-04,5.52E-04,6.92E-06
1768,2.06E-05,5.09E-04,1.93E-04,2.22E-04,1.01E-04,1.98E-04,5.69E-04,3.82E-04,2.08E-04,3.05E-05,4.44E-04,5.53E-04,6.51E-04,3.35E-04,3.51E-04,2.41E-04,7.10E-04,7.65E-04,5.46E-04,1.08E-05
1769,2.91E-06,4.93E-04,1.73E-04,2.01E-04,9.38E-05,1.92E-04,5.51E-04,3.65E-04,2.01E-04,2.92E-05,4.31E-04,5.36E-04,6.32E-04,3.22E-04,3.37E-04,2.30E-04,6.89E-04,7.53E-04,5.40E-04,1.46E-05
1770,-1.55E-05,4.75E-04,1.52E-04,1.79E-04,8.64E-05,1.85E-04,5.32E-04,3.48E-04,1.93E-04,2.69E-05,4.16E-04,5.19E-04,6.15E-04,3.08E-04,3.24E-04,2.20E-04,6.68E-04,7.42E-04,5.34E-04,1.80E-05
1771,-3.48E-05,4.56E-04,1.30E-04,1.58E-04,7.85E-05,1.78E-04,5.11E-04,3.30E-04,1.85E-04,2.36E-05,3.99E-04,5.00E-04,5.98E-04,2.95E-04,3.11E-04,2.11E-04,6.46E-04,7.31E-04,5.27E-04,2.11E-05
1772,-5.51E-05,4.36E-04,1.07E-04,1.38E-04,7.00E-05,1.72E-04,4.89E-04,3.12E-04,1.77E-04,1.93E-05,3.80E-04,4.80E-04,5.81E-04,2.82E-04,2.99E-04,2.01E-04,6.23E-04,7.20E-04,5.20E-04,2.38E-05
1773,-7.65E-05,4.15E-04,8.45E-05,1.18E-04,6.08E-05,1.65E-04,4.66E-04,2.93E-04,1.69E-04,1.40E-05,3.60E-04,4.59E-04,5.66E-04,2.69E-04,2.88E-04,1.92E-04,6.01E-04,7.10E-04,5.13E-04,2.61E-05
1774,-9.88E-05,3.93E-04,6.21E-05,9.95E-05,5.12E-05,1.58E-04,4.42E-04,2.73E-04,1.60E-04,8.09E-06,3.39E-04,4.38E-04,5.52E-04,2.57E-04,2.78E-04,1.84E-04,5.79E-04,7.00E-04,5.05E-04,2.83E-05
1775,-1.22E-04,3.70E-04,4.05E-05,8.23E-05,4.12E-05,1.51E-04,4.18E-04,2.54E-04,1.52E-04,1.74E-06,3.17E-04,4.16E-04,5.38E-04,2.45E-04,2.68E-04,1.76E-04,5.58E-04,6.90E-04,4.97E-04,3.03E-05
1776,-1.45E-04,3.46E-04,2.03E-05,6.66E-05,3.11E-05,1.45E-04,3.95E-04,2.35E-04,1.43E-04,-4.67E-06,2.97E-04,3.95E-04,5.25E-04,2.34E-04,2.60E-04,1.69E-04,5.38E-04,6.81E-04,4.89E-04,3.23E-05
1777,-1.69E-04,3.23E-04,1.90E-06,5.27E-05,2.13E-05,1.39E-04,3.72E-04,2.17E-04,1.35E-04,-1.07E-05,2.78E-04,3.74E-04,5.13E-04,2.23E-04,2.53E-04,1.62E-04,5.19E-04,6.73E-04,4.81E-04,3.46E-05
1778,-1.92E-04,3.00E-04,-1.43E-05,4.07E-05,1.19E-05,1.34E-04,3.51E-04,1.99E-04,1.26E-04,-1.61E-05,2.61E-04,3.55E-04,5.01E-04,2.14E-04,2.46E-04,1.56E-04,5.03E-04,6.65E-04,4.73E-04,3.72E-05
1779,-2.14E-04,2.78E-04,-2.79E-05,3.06E-05,3.40E-06,1.30E-04,3.32E-04,1.83E-04,1.18E-04,-2.02E-05,2.47E-04,3.36E-04,4.90E-04,2.05E-04,2.41E-04,1.51E-04,4.88E-04,6.59E-04,4.65E-04,4.05E-05
1780,-2.34E-04,2.58E-04,-3.90E-05,2.26E-05,-4.03E-06,1.28E-04,3.15E-04,1.69E-04,1.10E-04,-2.29E-05,2.37E-04,3.19E-04,4.79E-04,1.97E-04,2.36E-04,1.48E-04,4.76E-04,6.53E-04,4.58E-04,4.45E-05
1781,-2.53E-04,2.39E-04,-4.73E-05,1.64E-05,-1.01E-05,1.27E-04,3.00E-04,1.57E-04,1.03E-04,-2.37E-05,2.31E-04,3.04E-04,4.68E-04,1.91E-04,2.32E-04,1.45E-04,4.66E-04,6.48E-04,4.51E-04,4.95E-05
1782,-2.68E-04,2.23E-04,-5.30E-05,1.21E-05,-1.47E-05,1.27E-04,2.88E-04,1.47E-04,9.56E-05,-2.25E-05,2.29E-04,2.92E-04,4.58E-04,1.85E-04,2.29E-04,1.44E-04,4.59E-04,6.44E-04,4.44E-04,5.56E-05
1783,-2.81E-04,2.10E-04,-5.62E-05,9.55E-06,-1.78E-05,1.29E-04,2.79E-04,1.40E-04,8.93E-05,-1.91E-05,2.31E-04,2.82E-04,4.49E-04,1.81E-04,2.27E-04,1.44E-04,4.53E-04,6.41E-04,4.39E-04,6.28E-05
1784,-2.90E-04,1.99E-04,-5.72E-05,8.47E-06,-1.92E-05,1.33E-04,2.72E-04,1.36E-04,8.38E-05,-1.35E-05,2.37E-04,2.74E-04,4.40E-04,1.78E-04,2.26E-04,1.45E-04,4.49E-04,6.39E-04,4.35E-04,7.11E-05
1785,-2.96E-04,1.91E-04,-5.65E-05,8.70E-06,-1.90E-05,1.38E-04,2.66E-04,1.34E-04,7.89E-05,-5.64E-06,2.46E-04,2.69E-04,4.32E-04,1.76E-04,2.25E-04,1.48E-04,4.47E-04,6.37E-04,4.31E-04,8.06E-05
1786,-2.98E-04,1.85E-04,-5.43E-05,1.00E-05,-1.75E-05,1.45E-04,2.63E-04,1.35E-04,7.48E-05,4.20E-06,2.58E-04,2.67E-04,4.24E-04,1.75E-04,2.25E-04,1.53E-04,4.46E-04,6.36E-04,4.29E-04,9.12E-05
1787,-2.97E-04,1.82E-04,-5.12E-05,1.22E-05,-1.48E-05,1.53E-04,2.61E-04,1.37E-04,7.15E-05,1.58E-05,2.72E-04,2.67E-04,4.18E-04,1.75E-04,2.25E-04,1.58E-04,4.46E-04,6.36E-04,4.28E-04,1.03E-04
1788,-2.93E-04,1.81E-04,-4.75E-05,1.49E-05,-1.11E-05,1.62E-04,2.61E-04,1.42E-04,6.88E-05,2.89E-05,2.86E-04,2.70E-04,4.12E-04,1.75E-04,2.26E-04,1.65E-04,4.47E-04,6.37E-04,4.29E-04,1.15E-04
1789,-2.86E-04,1.81E-04,-4.35E-05,1.81E-05,-6.75E-06,1.72E-04,2.60E-04,1.48E-04,6.68E-05,4.30E-05,2.99E-04,2.75E-04,4.07E-04,1.77E-04,2.28E-04,1.73E-04,4.49E-04,6.38E-04,4.30E-04,1.28E-04
1790,-2.78E-04,1.83E-04,-3.97E-05,2.14E-05,-1.94E-06,1.83E-04,2.61E-04,1.54E-04,6.53E-05,5.78E-05,3.11E-04,2.81E-04,4.03E-04,1.79E-04,2.31E-04,1.81E-04,4.51E-04,6.39E-04,4.33E-04,1.42E-04
1791,-2.68E-04,1.86E-04,-3.63E-05,2.48E-05,3.06E-06,1.95E-04,2.61E-04,1.61E-04,6.42E-05,7.28E-05,3.19E-04,2.90E-04,4.00E-04,1.81E-04,2.34E-04,1.91E-04,4.54E-04,6.40E-04,4.37E-04,1.55E-04
1792,-2.58E-04,1.89E-04,-3.34E-05,2.80E-05,8.04E-06,2.06E-04,2.61E-04,1.68E-04,6.34E-05,8.77E-05,3.24E-04,2.99E-04,3.99E-04,1.83E-04,2.37E-04,2.00E-04,4.57E-04,6.41E-04,4.41E-04,1.69E-04
1793,-2.47E-04,1.92E-04,-3.10E-05,3.10E-05,1.28E-05,2.17E-04,2.60E-04,1.74E-04,6.29E-05,1.02E-04,3.25E-04,3.09E-04,3.98E-04,1.86E-04,2.41E-04,2.10E-04,4.60E-04,6.42E-04,4.47E-04,1.83E-04
1794,-2.38E-04,1.95E-04,-2.92E-05,3.38E-05,1.74E-05,2.28E-04,2.59E-04,1.80E-04,6.25E-05,1.16E-04,3.21E-04,3.20E-04,3.98E-04,1.89E-04,2.46E-04,2.19E-04,4.64E-04,6.44E-04,4.53E-04,1.96E-04
1795,-2.29E-04,1.97E-04,-2.78E-05,3.63E-05,2.16E-05,2.39E-04,2.58E-04,1.84E-04,6.22E-05,1.28E-04,3.12E-04,3.30E-04,3.99E-04,1.92E-04,2.51E-04,2.29E-04,4.68E-04,6.45E-04,4.59E-04,2.08E-04
1796,-2.22E-04,1.98E-04,-2.66E-05,3.86E-05,2.55E-05,2.48E-04,2.57E-04,1.86E-04,6.18E-05,1.39E-04,2.98E-04,3.41E-04,4.00E-04,1.95E-04,2.56E-04,2.37E-04,4.74E-04,6.46E-04,4.66E-04,2.20E-04
1797,-2.17E-04,1.99E-04,-2.54E-05,4.06E-05,2.92E-05,2.57E-04,2.55E-04,1.86E-04,6.14E-05,1.49E-04,2.80E-04,3.50E-04,4.02E-04,1.98E-04,2.61E-04,2.46E-04,4.80E-04,6.46E-04,4.73E-04,2.31E-04
1798,-2.13E-04,1.99E-04,-2.38E-05,4.26E-05,3.28E-05,2.65E-04,2.54E-04,1.86E-04,6.09E-05,1.58E-04,2.58E-04,3.59E-04,4.05E-04,2.01E-04,2.67E-04,2.53E-04,4.87E-04,6.47E-04,4.80E-04,2.42E-04
1799,-2.11E-04,1.99E-04,-2.18E-05,4.47E-05,3.63E-05,2.72E-04,2.53E-04,1.83E-04,6.04E-05,1.66E-04,2.34E-04,3.67E-04,4.07E-04,2.04E-04,2.72E-04,2.60E-04,4.95E-04,6.47E-04,4.87E-04,2.51E-04
1800,-2.11E-04,1.99E-04,-1.89E-05,4.70E-05,4.01E-05,2.78E-04,2.52E-04,1.79E-04,5.99E-05,1.73E-04,2.09E-04,3.74E-04,4.10E-04,2.07E-04,2.78E-04,2.66E-04,5.04E-04,6.48E-04,4.93E-04,2.60E-04
1801,-2.11E-04,1.99E-04,-1.49E-05,4.97E-05,4.42E-05,2.84E-04,2.53E-04,1.75E-04,5.94E-05,1.79E-04,1.84E-04,3.80E-04,4.13E-04,2.11E-04,2.83E-04,2.71E-04,5.15E-04,6.48E-04,5.00E-04,2.68E-04
1802,-2.11E-04,2.00E-04,-9.88E-06,5.30E-05,4.86E-05,2.89E-04,2.54E-04,1.70E-04,5.92E-05,1.86E-04,1.61E-04,3.85E-04,4.16E-04,2.15E-04,2.88E-04,2.75E-04,5.26E-04,6.49E-04,5.06E-04,2.76E-04
1803,-2.10E-04,2.02E-04,-3.60E-06,5.69E-05,5.36E-05,2.94E-04,2.57E-04,1.64E-04,5.92E-05,1.92E-04,1.40E-04,3.90E-04,4.20E-04,2.19E-04,2.93E-04,2.79E-04,5.38E-04,6.50E-04,5.12E-04,2.83E-04
1804,-2.09E-04,2.06E-04,3.88E-06,6.18E-05,5.90E-05,2.99E-04,2.61E-04,1.60E-04,5.96E-05,1.98E-04,1.23E-04,3.94E-04,4.23E-04,2.24E-04,2.97E-04,2.83E-04,5.50E-04,6.50E-04,5.18E-04,2.90E-04
1805,-2.05E-04,2.12E-04,1.25E-05,6.77E-05,6.50E-05,3.03E-04,2.66E-04,1.56E-04,6.05E-05,2.06E-04,1.11E-04,3.97E-04,4.27E-04,2.29E-04,3.00E-04,2.86E-04,5.63E-04,6.52E-04,5.24E-04,2.96E-04
1806,-1.99E-04,2.19E-04,2.20E-05,7.46E-05,7.13E-05,3.08E-04,2.72E-04,1.53E-04,6.21E-05,2.14E-04,1.05E-04,4.01E-04,4.32E-04,2.35E-04,3.03E-04,2.88E-04,5.76E-04,6.53E-04,5.30E-04,3.03E-04
1807,-1.91E-04,2.29E-04,3.22E-05,8.27E-05,7.79E-05,3.13E-04,2.79E-04,1.52E-04,6.44E-05,2.23E-04,1.05E-04,4.04E-04,4.37E-04,2.42E-04,3.05E-04,2.91E-04,5.88E-04,6.55E-04,5.36E-04,3.09E-04
1808,-1.79E-04,2.41E-04,4.28E-05,9.20E-05,8.46E-05,3.19E-04,2.87E-04,1.53E-04,6.75E-05,2.33E-04,1.11E-04,4.08E-04,4.43E-04,2.49E-04,3.07E-04,2.93E-04,6.00E-04,6.57E-04,5.42E-04,3.16E-04
1809,-1.64E-04,2.55E-04,5.35E-05,1.02E-04,9.12E-05,3.25E-04,2.95E-04,1.56E-04,7.14E-05,2.45E-04,1.24E-04,4.13E-04,4.49E-04,2.56E-04,3.08E-04,2.96E-04,6.11E-04,6.60E-04,5.48E-04,3.22E-04
1810,-1.46E-04,2.70E-04,6.40E-05,1.14E-04,9.74E-05,3.32E-04,3.04E-04,1.61E-04,7.62E-05,2.57E-04,1.42E-04,4.19E-04,4.57E-04,2.64E-04,3.09E-04,2.99E-04,6.22E-04,6.63E-04,5.55E-04,3.29E-04
1811,-1.25E-04,2.87E-04,7.39E-05,1.26E-04,1.03E-04,3.39E-04,3.13E-04,1.67E-04,8.17E-05,2.71E-04,1.65E-04,4.26E-04,4.66E-04,2.72E-04,3.08E-04,3.01E-04,6.31E-04,6.66E-04,5.61E-04,3.36E-04
1812,-1.02E-04,3.04E-04,8.30E-05,1.39E-04,1.08E-04,3.47E-04,3.21E-04,1.75E-04,8.80E-05,2.84E-04,1.92E-04,4.34E-04,4.76E-04,2.80E-04,3.07E-04,3.04E-04,6.39E-04,6.70E-04,5.68E-04,3.42E-04
1813,-7.82E-05,3.21E-04,9.10E-05,1.52E-04,1.12E-04,3.55E-04,3.30E-04,1.84E-04,9.49E-05,2.98E-04,2.22E-04,4.43E-04,4.87E-04,2.89E-04,3.06E-04,3.06E-04,6.46E-04,6.73E-04,5.74E-04,3.49E-04
1814,-5.32E-05,3.38E-04,9.77E-05,1.66E-04,1.16E-04,3.62E-04,3.38E-04,1.94E-04,1.02E-04,3.12E-04,2.53E-04,4.54E-04,4.99E-04,2.97E-04,3.03E-04,3.08E-04,6.53E-04,6.77E-04,5.81E-04,3.55E-04
1815,-2.81E-05,3.54E-04,1.03E-04,1.80E-04,1.18E-04,3.70E-04,3.45E-04,2.04E-04,1.10E-04,3.26E-04,2.85E-04,4.66E-04,5.12E-04,3.05E-04,3.01E-04,3.10E-04,6.58E-04,6.81E-04,5.87E-04,3.60E-04
1816,-3.84E-06,3.68E-04,1.07E-04,1.93E-04,1.19E-04,3.77E-04,3.52E-04,2.14E-04,1.18E-04,3.38E-04,3.16E-04,4.79E-04,5.25E-04,3.13E-04,2.97E-04,3.12E-04,6.63E-04,6.84E-04,5.92E-04,3.65E-04
1817,1.90E-05,3.80E-04,1.10E-04,2.05E-04,1.19E-04,3.83E-04,3.59E-04,2.23E-04,1.26E-04,3.49E-04,3.45E-04,4.92E-04,5.38E-04,3.20E-04,2.93E-04,3.12E-04,6.67E-04,6.87E-04,5.97E-04,3.69E-04
1818,3.98E-05,3.89E-04,1.11E-04,2.17E-04,1.18E-04,3.88E-04,3.65E-04,2.31E-04,1.33E-04,3.58E-04,3.71E-04,5.06E-04,5.52E-04,3.26E-04,2.89E-04,3.12E-04,6.71E-04,6.90E-04,6.01E-04,3.72E-04
1819,5.81E-05,3.96E-04,1.12E-04,2.27E-04,1.16E-04,3.92E-04,3.70E-04,2.38E-04,1.40E-04,3.65E-04,3.94E-04,5.21E-04,5.64E-04,3.32E-04,2.84E-04,3.11E-04,6.75E-04,6.91E-04,6.05E-04,3.74E-04
1820,7.37E-05,4.00E-04,1.12E-04,2.36E-04,1.13E-04,3.95E-04,3.75E-04,2.42E-04,1.46E-04,3.70E-04,4.12E-04,5.35E-04,5.76E-04,3.36E-04,2.78E-04,3.08E-04,6.79E-04,6.92E-04,6.07E-04,3.75E-04
1821,8.65E-05,4.01E-04,1.11E-04,2.44E-04,1.09E-04,3.95E-04,3.80E-04,2.44E-04,1.52E-04,3.73E-04,4.27E-04,5.49E-04,5.86E-04,3.40E-04,2.72E-04,3.04E-04,6.83E-04,6.92E-04,6.08E-04,3.75E-04
1822,9.66E-05,4.00E-04,1.09E-04,2.50E-04,1.05E-04,3.94E-04,3.84E-04,2.44E-04,1.57E-04,3.73E-04,4.37E-04,5.62E-04,5.95E-04,3.43E-04,2.66E-04,2.99E-04,6.87E-04,6.90E-04,6.07E-04,3.73E-04
1823,1.04E-04,3.97E-04,1.08E-04,2.54E-04,1.01E-04,3.92E-04,3.88E-04,2.41E-04,1.61E-04,3.70E-04,4.43E-04,5.75E-04,6.01E-04,3.45E-04,2.58E-04,2.93E-04,6.91E-04,6.88E-04,6.06E-04,3.70E-04
1824,1.10E-04,3.91E-04,1.06E-04,2.57E-04,9.58E-05,3.87E-04,3.91E-04,2.36E-04,1.63E-04,3.66E-04,4.46E-04,5.87E-04,6.06E-04,3.47E-04,2.51E-04,2.86E-04,6.95E-04,6.83E-04,6.02E-04,3.65E-04
1825,1.14E-04,3.85E-04,1.05E-04,2.59E-04,9.07E-05,3.81E-04,3.93E-04,2.29E-04,1.65E-04,3.60E-04,4.45E-04,5.97E-04,6.08E-04,3.47E-04,2.43E-04,2.77E-04,6.98E-04,6.78E-04,5.98E-04,3.59E-04
1826,1.17E-04,3.77E-04,1.03E-04,2.59E-04,8.54E-05,3.74E-04,3.94E-04,2.20E-04,1.66E-04,3.52E-04,4.41E-04,6.06E-04,6.07E-04,3.47E-04,2.35E-04,2.68E-04,7.01E-04,6.71E-04,5.92E-04,3.53E-04
1827,1.19E-04,3.70E-04,1.03E-04,2.58E-04,7.99E-05,3.65E-04,3.95E-04,2.10E-04,1.66E-04,3.42E-04,4.35E-04,6.14E-04,6.05E-04,3.46E-04,2.26E-04,2.58E-04,7.03E-04,6.62E-04,5.85E-04,3.45E-04
1828,1.22E-04,3.63E-04,1.02E-04,2.57E-04,7.42E-05,3.55E-04,3.94E-04,1.98E-04,1.65E-04,3.32E-04,4.28E-04,6.20E-04,6.00E-04,3.45E-04,2.17E-04,2.47E-04,7.05E-04,6.53E-04,5.76E-04,3.37E-04
1829,1.25E-04,3.57E-04,1.02E-04,2.55E-04,6.81E-05,3.44E-04,3.92E-04,1.86E-04,1.63E-04,3.22E-04,4.19E-04,6.25E-04,5.92E-04,3.44E-04,2.08E-04,2.36E-04,7.04E-04,6.42E-04,5.67E-04,3.28E-04
1830,1.28E-04,3.52E-04,1.01E-04,2.52E-04,6.16E-05,3.32E-04,3.89E-04,1.73E-04,1.61E-04,3.11E-04,4.09E-04,6.28E-04,5.84E-04,3.42E-04,1.99E-04,2.25E-04,7.03E-04,6.30E-04,5.57E-04,3.19E-04
1831,1.33E-04,3.49E-04,1.01E-04,2.49E-04,5.48E-05,3.20E-04,3.84E-04,1.60E-04,1.58E-04,3.00E-04,3.99E-04,6.31E-04,5.73E-04,3.40E-04,1.90E-04,2.14E-04,7.00E-04,6.17E-04,5.47E-04,3.10E-04
1832,1.38E-04,3.47E-04,1.00E-04,2.46E-04,4.74E-05,3.09E-04,3.78E-04,1.48E-04,1.56E-04,2.90E-04,3.89E-04,6.32E-04,5.62E-04,3.38E-04,1.81E-04,2.03E-04,6.95E-04,6.04E-04,5.36E-04,3.00E-04
1833,1.43E-04,3.48E-04,9.91E-05,2.43E-04,3.94E-05,2.97E-04,3.71E-04,1.36E-04,1.53E-04,2.81E-04,3.79E-04,6.32E-04,5.49E-04,3.36E-04,1.72E-04,1.93E-04,6.89E-04,5.90E-04,5.24E-04,2.91E-04
1834,1.48E-04,3.50E-04,9.74E-05,2.40E-04,3.08E-05,2.85E-04,3.63E-04,1.25E-04,1.50E-04,2.73E-04,3.68E-04,6.32E-04,5.37E-04,3.33E-04,1.64E-04,1.84E-04,6.81E-04,5.76E-04,5.13E-04,2.83E-04
1835,1.53E-04,3.53E-04,9.50E-05,2.37E-04,2.16E-05,2.74E-04,3.54E-04,1.15E-04,1.47E-04,2.65E-04,3.57E-04,6.30E-04,5.24E-04,3.31E-04,1.56E-04,1.76E-04,6.71E-04,5.61E-04,5.02E-04,2.74E-04
1836,1.57E-04,3.58E-04,9.17E-05,2.34E-04,1.18E-05,2.64E-04,3.44E-04,1.06E-04,1.44E-04,2.59E-04,3.46E-04,6.28E-04,5.11E-04,3.28E-04,1.48E-04,1.68E-04,6.61E-04,5.47E-04,4.91E-04,2.67E-04
1837,1.59E-04,3.64E-04,8.75E-05,2.31E-04,1.55E-06,2.54E-04,3.34E-04,9.75E-05,1.41E-04,2.53E-04,3.34E-04,6.26E-04,4.99E-04,3.25E-04,1.41E-04,1.61E-04,6.49E-04,5.33E-04,4.80E-04,2.60E-04
1838,1.58E-04,3.70E-04,8.23E-05,2.28E-04,-9.13E-06,2.45E-04,3.24E-04,8.99E-05,1.39E-04,2.48E-04,3.22E-04,6.23E-04,4.87E-04,3.21E-04,1.34E-04,1.55E-04,6.37E-04,5.18E-04,4.69E-04,2.54E-04
1839,1.55E-04,3.76E-04,7.63E-05,2.24E-04,-2.01E-05,2.36E-04,3.15E-04,8.31E-05,1.36E-04,2.43E-04,3.09E-04,6.19E-04,4.75E-04,3.17E-04,1.28E-04,1.50E-04,6.24E-04,5.04E-04,4.59E-04,2.48E-04
1840,1.49E-04,3.82E-04,6.94E-05,2.19E-04,-3.12E-05,2.27E-04,3.06E-04,7.66E-05,1.34E-04,2.39E-04,2.95E-04,6.15E-04,4.65E-04,3.13E-04,1.21E-04,1.45E-04,6.11E-04,4.91E-04,4.48E-04,2.43E-04
1841,1.39E-04,3.86E-04,6.19E-05,2.14E-04,-4.23E-05,2.19E-04,2.99E-04,7.04E-05,1.31E-04,2.34E-04,2.80E-04,6.09E-04,4.54E-04,3.07E-04,1.16E-04,1.40E-04,5.98E-04,4.77E-04,4.38E-04,2.38E-04
1842,1.26E-04,3.90E-04,5.38E-05,2.07E-04,-5.31E-05,2.11E-04,2.92E-04,6.42E-05,1.28E-04,2.30E-04,2.65E-04,6.03E-04,4.44E-04,3.01E-04,1.10E-04,1.36E-04,5.86E-04,4.64E-04,4.28E-04,2.34E-04
1843,1.10E-04,3.92E-04,4.53E-05,2.00E-04,-6.37E-05,2.03E-04,2.87E-04,5.79E-05,1.25E-04,2.24E-04,2.48E-04,5.97E-04,4.35E-04,2.93E-04,1.04E-04,1.31E-04,5.73E-04,4.51E-04,4.18E-04,2.30E-04
1844,9.03E-05,3.92E-04,3.67E-05,1.91E-04,-7.38E-05,1.95E-04,2.83E-04,5.13E-05,1.22E-04,2.18E-04,2.32E-04,5.89E-04,4.25E-04,2.85E-04,9.90E-05,1.27E-04,5.60E-04,4.38E-04,4.07E-04,2.26E-04
1845,6.85E-05,3.90E-04,2.81E-05,1.80E-04,-8.34E-05,1.86E-04,2.80E-04,4.43E-05,1.18E-04,2.11E-04,2.15E-04,5.79E-04,4.15E-04,2.76E-04,9.36E-05,1.22E-04,5.48E-04,4.25E-04,3.97E-04,2.22E-04
1846,4.50E-05,3.86E-04,1.98E-05,1.69E-04,-9.25E-05,1.77E-04,2.78E-04,3.69E-05,1.14E-04,2.04E-04,1.99E-04,5.69E-04,4.04E-04,2.66E-04,8.82E-05,1.16E-04,5.36E-04,4.12E-04,3.86E-04,2.18E-04
1847,2.06E-05,3.81E-04,1.19E-05,1.56E-04,-1.01E-04,1.68E-04,2.76E-04,2.91E-05,1.09E-04,1.95E-04,1.83E-04,5.58E-04,3.93E-04,2.54E-04,8.26E-05,1.10E-04,5.23E-04,3.99E-04,3.75E-04,2.14E-04
1848,-3.97E-06,3.73E-04,4.56E-06,1.42E-04,-1.09E-04,1.57E-04,2.75E-04,2.10E-05,1.04E-04,1.85E-04,1.68E-04,5.45E-04,3.80E-04,2.42E-04,7.70E-05,1.03E-04,5.10E-04,3.85E-04,3.64E-04,2.10E-04
1849,-2.78E-05,3.64E-04,-2.14E-06,1.27E-04,-1.16E-04,1.47E-04,2.74E-04,1.27E-05,9.86E-05,1.75E-04,1.53E-04,5.31E-04,3.67E-04,2.29E-04,7.12E-05,9.62E-05,4.96E-04,3.72E-04,3.53E-04,2.06E-04
1850,-5.02E-05,3.54E-04,-8.11E-06,1.11E-04,-1.23E-04,1.36E-04,2.72E-04,4.29E-06,9.25E-05,1.63E-04,1.39E-04,5.16E-04,3.53E-04,2.15E-04,6.52E-05,8.84E-05,4.81E-04,3.58E-04,3.41E-04,2.01E-04
1851,-7.05E-05,3.42E-04,-1.33E-05,9.49E-05,-1.30E-04,1.24E-04,2.70E-04,-3.99E-06,8.60E-05,1.52E-04,1.26E-04,5.01E-04,3.38E-04,2.00E-04,5.90E-05,8.02E-05,4.65E-04,3.44E-04,3.30E-04,1.96E-04
1852,-8.81E-05,3.30E-04,-1.78E-05,7.82E-05,-1.37E-04,1.12E-04,2.66E-04,-1.20E-05,7.92E-05,1.40E-04,1.13E-04,4.84E-04,3.22E-04,1.85E-04,5.27E-05,7.15E-05,4.48E-04,3.30E-04,3.18E-04,1.92E-04
1853,-1.03E-04,3.18E-04,-2.16E-05,6.12E-05,-1.44E-04,9.98E-05,2.61E-04,-1.95E-05,7.20E-05,1.29E-04,1.01E-04,4.68E-04,3.05E-04,1.69E-04,4.63E-05,6.26E-05,4.29E-04,3.16E-04,3.07E-04,1.87E-04
1854,-1.15E-04,3.05E-04,-2.47E-05,4.43E-05,-1.52E-04,8.77E-05,2.55E-04,-2.64E-05,6.47E-05,1.18E-04,8.92E-05,4.51E-04,2.88E-04,1.53E-04,3.99E-05,5.36E-05,4.09E-04,3.02E-04,2.96E-04,1.83E-04
1855,-1.23E-04,2.93E-04,-2.72E-05,2.75E-05,-1.59E-04,7.57E-05,2.47E-04,-3.26E-05,5.72E-05,1.07E-04,7.68E-05,4.35E-04,2.71E-04,1.37E-04,3.34E-05,4.45E-05,3.88E-04,2.88E-04,2.86E-04,1.79E-04
1856,-1.29E-04,2.81E-04,-2.93E-05,1.10E-05,-1.67E-04,6.40E-05,2.37E-04,-3.81E-05,4.97E-05,9.78E-05,6.38E-05,4.19E-04,2.53E-04,1.20E-04,2.69E-05,3.56E-05,3.65E-04,2.75E-04,2.76E-04,1.75E-04
1857,-1.33E-04,2.69E-04,-3.11E-05,-5.13E-06,-1.76E-04,5.28E-05,2.27E-04,-4.27E-05,4.22E-05,8.93E-05,4.96E-05,4.03E-04,2.36E-04,1.04E-04,2.05E-05,2.69E-05,3.42E-04,2.61E-04,2.66E-04,1.72E-04
1858,-1.36E-04,2.59E-04,-3.27E-05,-2.09E-05,-1.86E-04,4.21E-05,2.15E-04,-4.66E-05,3.47E-05,8.19E-05,3.40E-05,3.89E-04,2.20E-04,8.73E-05,1.42E-05,1.85E-05,3.18E-04,2.48E-04,2.58E-04,1.69E-04
1859,-1.37E-04,2.49E-04,-3.41E-05,-3.63E-05,-1.96E-04,3.21E-05,2.03E-04,-4.98E-05,2.74E-05,7.58E-05,1.67E-05,3.76E-04,2.04E-04,7.08E-05,8.00E-06,1.04E-05,2.94E-04,2.35E-04,2.50E-04,1.67E-04
1860,-1.38E-04,2.40E-04,-3.56E-05,-5.14E-05,-2.06E-04,2.29E-05,1.90E-04,-5.24E-05,2.01E-05,7.08E-05,-2.58E-06,3.63E-04,1.89E-04,5.43E-05,1.90E-06,2.79E-06,2.70E-04,2.23E-04,2.43E-04,1.66E-04
1861,-1.40E-04,2.32E-04,-3.71E-05,-6.63E-05,-2.17E-04,1.44E-05,1.78E-04,-5.47E-05,1.29E-05,6.70E-05,-2.39E-05,3.52E-04,1.76E-04,3.78E-05,-4.11E-06,-4.49E-06,2.47E-04,2.11E-04,2.37E-04,1.66E-04
1862,-1.43E-04,2.25E-04,-3.88E-05,-8.10E-05,-2.28E-04,6.78E-06,1.66E-04,-5.69E-05,5.79E-06,6.42E-05,-4.71E-05,3.42E-04,1.64E-04,2.14E-05,-1.00E-05,-1.14E-05,2.25E-04,2.00E-04,2.32E-04,1.66E-04
1863,-1.47E-04,2.18E-04,-4.07E-05,-9.57E-05,-2.40E-04,-1.19E-07,1.55E-04,-5.91E-05,-1.26E-06,6.23E-05,-7.20E-05,3.32E-04,1.54E-04,4.91E-06,-1.59E-05,-1.81E-05,2.04E-04,1.89E-04,2.28E-04,1.67E-04
1864,-1.54E-04,2.12E-04,-4.30E-05,-1.10E-04,-2.51E-04,-6.33E-06,1.46E-04,-6.16E-05,-8.30E-06,6.10E-05,-9.84E-05,3.24E-04,1.45E-04,-1.16E-05,-2.18E-05,-2.45E-05,1.84E-04,1.79E-04,2.24E-04,1.69E-04
1865,-1.63E-04,2.06E-04,-4.56E-05,-1.25E-04,-2.62E-04,-1.19E-05,1.37E-04,-6.45E-05,-1.54E-05,6.02E-05,-1.26E-04,3.15E-04,1.37E-04,-2.81E-05,-2.76E-05,-3.08E-05,1.67E-04,1.70E-04,2.21E-04,1.72E-04
1866,-1.74E-04,2.01E-04,-4.86E-05,-1.40E-04,-2.73E-04,-1.70E-05,1.30E-04,-6.81E-05,-2.25E-05,5.96E-05,-1.54E-04,3.06E-04,1.30E-04,-4.47E-05,-3.36E-05,-3.71E-05,1.51E-04,1.60E-04,2.18E-04,1.75E-04
1867,-1.88E-04,1.95E-04,-5.20E-05,-1.55E-04,-2.83E-04,-2.17E-05,1.25E-04,-7.24E-05,-2.97E-05,5.90E-05,-1.81E-04,2.97E-04,1.25E-04,-6.14E-05,-3.97E-05,-4.34E-05,1.37E-04,1.52E-04,2.16E-04,1.79E-04
1868,-2.04E-04,1.89E-04,-5.59E-05,-1.70E-04,-2.92E-04,-2.62E-05,1.20E-04,-7.74E-05,-3.70E-05,5.83E-05,-2.08E-04,2.87E-04,1.20E-04,-7.82E-05,-4.59E-05,-4.99E-05,1.25E-04,1.43E-04,2.14E-04,1.82E-04
1869,-2.21E-04,1.83E-04,-6.04E-05,-1.86E-04,-3.01E-04,-3.04E-05,1.17E-04,-8.33E-05,-4.45E-05,5.73E-05,-2.33E-04,2.76E-04,1.15E-04,-9.50E-05,-5.22E-05,-5.65E-05,1.14E-04,1.35E-04,2.12E-04,1.86E-04
1870,-2.40E-04,1.76E-04,-6.54E-05,-2.01E-04,-3.08E-04,-3.47E-05,1.14E-04,-9.00E-05,-5.22E-05,5.59E-05,-2.56E-04,2.64E-04,1.11E-04,-1.12E-04,-5.87E-05,-6.33E-05,1.05E-04,1.27E-04,2.10E-04,1.90E-04
1871,-2.59E-04,1.68E-04,-7.10E-05,-2.16E-04,-3.15E-04,-3.89E-05,1.11E-04,-9.73E-05,-6.00E-05,5.40E-05,-2.77E-04,2.50E-04,1.06E-04,-1.29E-04,-6.54E-05,-7.03E-05,9.67E-05,1.19E-04,2.07E-04,1.93E-04
1872,-2.79E-04,1.60E-04,-7.71E-05,-2.30E-04,-3.21E-04,-4.32E-05,1.09E-04,-1.05E-04,-6.79E-05,5.16E-05,-2.95E-04,2.34E-04,1.01E-04,-1.45E-04,-7.22E-05,-7.75E-05,8.91E-05,1.12E-04,2.05E-04,1.96E-04
1873,-2.98E-04,1.52E-04,-8.39E-05,-2.44E-04,-3.26E-04,-4.77E-05,1.05E-04,-1.13E-04,-7.59E-05,4.88E-05,-3.09E-04,2.17E-04,9.54E-05,-1.61E-04,-7.90E-05,-8.48E-05,8.17E-05,1.04E-04,2.03E-04,1.99E-04
1874,-3.16E-04,1.42E-04,-9.13E-05,-2.58E-04,-3.29E-04,-5.22E-05,1.01E-04,-1.22E-04,-8.40E-05,4.57E-05,-3.20E-04,1.97E-04,8.90E-05,-1.77E-04,-8.59E-05,-9.21E-05,7.44E-05,9.66E-05,2.00E-04,2.01E-04
1875,-3.33E-04,1.32E-04,-9.92E-05,-2.70E-04,-3.32E-04,-5.69E-05,9.54E-05,-1.30E-04,-9.20E-05,4.23E-05,-3.28E-04,1.76E-04,8.17E-05,-1.93E-04,-9.26E-05,-9.94E-05,6.69E-05,8.93E-05,1.97E-04,2.02E-04
1876,-3.48E-04,1.22E-04,-1.08E-04,-2.81E-04,-3.35E-04,-6.16E-05,8.87E-05,-1.39E-04,-1.00E-04,3.90E-05,-3.33E-04,1.54E-04,7.34E-05,-2.08E-04,-9.92E-05,-1.06E-04,5.89E-05,8.21E-05,1.94E-04,2.03E-04
1877,-3.62E-04,1.11E-04,-1.17E-04,-2.92E-04,-3.36E-04,-6.63E-05,8.05E-05,-1.47E-04,-1.08E-04,3.57E-05,-3.36E-04,1.31E-04,6.40E-05,-2.22E-04,-1.06E-04,-1.13E-04,5.03E-05,7.50E-05,1.90E-04,2.04E-04
1878,-3.73E-04,9.94E-05,-1.26E-04,-3.01E-04,-3.38E-04,-7.10E-05,7.09E-05,-1.54E-04,-1.16E-04,3.28E-05,-3.36E-04,1.07E-04,5.37E-05,-2.35E-04,-1.12E-04,-1.19E-04,4.12E-05,6.82E-05,1.87E-04,2.04E-04
1879,-3.83E-04,8.77E-05,-1.36E-04,-3.09E-04,-3.39E-04,-7.54E-05,6.01E-05,-1.61E-04,-1.23E-04,3.04E-05,-3.35E-04,8.30E-05,4.26E-05,-2.48E-04,-1.17E-04,-1.25E-04,3.14E-05,6.15E-05,1.83E-04,2.04E-04
1880,-3.91E-04,7.58E-05,-1.46E-04,-3.17E-04,-3.40E-04,-7.96E-05,4.84E-05,-1.68E-04,-1.30E-04,2.87E-05,-3.33E-04,5.93E-05,3.07E-05,-2.59E-04,-1.23E-04,-1.30E-04,2.12E-05,5.50E-05,1.80E-04,2.03E-04
1881,-3.98E-04,6.38E-05,-1.56E-04,-3.23E-04,-3.41E-04,-8.35E-05,3.60E-05,-1.73E-04,-1.37E-04,2.78E-05,-3.31E-04,3.64E-05,1.83E-05,-2.70E-04,-1.28E-04,-1.34E-04,1.06E-05,4.88E-05,1.76E-04,2.03E-04
1882,-4.03E-04,5.18E-05,-1.65E-04,-3.28E-04,-3.42E-04,-8.69E-05,2.33E-05,-1.79E-04,-1.43E-04,2.77E-05,-3.30E-04,1.48E-05,5.62E-06,-2.79E-04,-1.32E-04,-1.37E-04,-1.99E-07,4.28E-05,1.73E-04,2.03E-04
1883,-4.08E-04,3.99E-05,-1.75E-04,-3.33E-04,-3.43E-04,-8.99E-05,1.09E-05,-1.84E-04,-1.49E-04,2.86E-05,-3.29E-04,-5.25E-06,-7.20E-06,-2.87E-04,-1.36E-04,-1.39E-04,-1.09E-05,3.71E-05,1.70E-04,2.03E-04
1884,-4.12E-04,2.80E-05,-1.84E-04,-3.37E-04,-3.45E-04,-9.23E-05,-1.12E-06,-1.88E-04,-1.55E-04,3.04E-05,-3.31E-04,-2.33E-05,-1.99E-05,-2.94E-04,-1.39E-04,-1.41E-04,-2.13E-05,3.15E-05,1.67E-04,2.04E-04
1885,-4.16E-04,1.63E-05,-1.93E-04,-3.41E-04,-3.47E-04,-9.42E-05,-1.22E-05,-1.92E-04,-1.59E-04,3.31E-05,-3.34E-04,-3.93E-05,-3.22E-05,-3.00E-04,-1.42E-04,-1.41E-04,-3.13E-05,2.62E-05,1.65E-04,2.05E-04
1886,-4.20E-04,4.61E-06,-2.02E-04,-3.44E-04,-3.49E-04,-9.55E-05,-2.22E-05,-1.97E-04,-1.64E-04,3.66E-05,-3.39E-04,-5.30E-05,-4.40E-05,-3.05E-04,-1.44E-04,-1.41E-04,-4.06E-05,2.10E-05,1.63E-04,2.06E-04
1887,-4.24E-04,-7.08E-06,-2.10E-04,-3.47E-04,-3.52E-04,-9.63E-05,-3.09E-05,-2.01E-04,-1.68E-04,4.08E-05,-3.46E-04,-6.44E-05,-5.50E-05,-3.09E-04,-1.46E-04,-1.40E-04,-4.91E-05,1.58E-05,1.61E-04,2.08E-04
1888,-4.29E-04,-1.89E-05,-2.17E-04,-3.50E-04,-3.55E-04,-9.67E-05,-3.81E-05,-2.06E-04,-1.71E-04,4.54E-05,-3.56E-04,-7.36E-05,-6.51E-05,-3.12E-04,-1.48E-04,-1.39E-04,-5.68E-05,1.08E-05,1.59E-04,2.11E-04
1889,-4.34E-04,-3.08E-05,-2.24E-04,-3.54E-04,-3.58E-04,-9.67E-05,-4.41E-05,-2.12E-04,-1.74E-04,5.03E-05,-3.68E-04,-8.08E-05,-7.42E-05,-3.15E-04,-1.50E-04,-1.37E-04,-6.37E-05,5.67E-06,1.58E-04,2.13E-04
1890,-4.39E-04,-4.31E-05,-2.30E-04,-3.57E-04,-3.62E-04,-9.65E-05,-4.89E-05,-2.18E-04,-1.77E-04,5.52E-05,-3.81E-04,-8.63E-05,-8.21E-05,-3.17E-04,-1.52E-04,-1.35E-04,-6.97E-05,5.22E-07,1.56E-04,2.16E-04
1891,-4.45E-04,-5.57E-05,-2.36E-04,-3.60E-04,-3.66E-04,-9.61E-05,-5.28E-05,-2.24E-04,-1.79E-04,6.00E-05,-3.96E-04,-9.05E-05,-8.90E-05,-3.18E-04,-1.53E-04,-1.33E-04,-7.52E-05,-4.73E-06,1.55E-04,2.19E-04
1892,-4.51E-04,-6.89E-05,-2.42E-04,-3.63E-04,-3.70E-04,-9.58E-05,-5.61E-05,-2.32E-04,-1.81E-04,6.45E-05,-4.12E-04,-9.37E-05,-9.46E-05,-3.18E-04,-1.55E-04,-1.31E-04,-8.01E-05,-1.01E-05,1.54E-04,2.22E-04
1893,-4.57E-04,-8.28E-05,-2.47E-04,-3.67E-04,-3.74E-04,-9.56E-05,-5.93E-05,-2.39E-04,-1.83E-04,6.84E-05,-4.28E-04,-9.64E-05,-9.92E-05,-3.19E-04,-1.57E-04,-1.30E-04,-8.48E-05,-1.57E-05,1.52E-04,2.25E-04
1894,-4.64E-04,-9.73E-05,-2.52E-04,-3.70E-04,-3.77E-04,-9.56E-05,-6.28E-05,-2.48E-04,-1.84E-04,7.16E-05,-4.44E-04,-9.88E-05,-1.03E-04,-3.19E-04,-1.60E-04,-1.29E-04,-8.94E-05,-2.15E-05,1.50E-04,2.27E-04
1895,-4.71E-04,-1.12E-04,-2.57E-04,-3.73E-04,-3.81E-04,-9.61E-05,-6.69E-05,-2.56E-04,-1.85E-04,7.39E-05,-4.59E-04,-1.01E-04,-1.05E-04,-3.19E-04,-1.62E-04,-1.28E-04,-9.42E-05,-2.74E-05,1.48E-04,2.29E-04
1896,-4.78E-04,-1.28E-04,-2.63E-04,-3.75E-04,-3.85E-04,-9.70E-05,-7.20E-05,-2.65E-04,-1.86E-04,7.53E-05,-4.72E-04,-1.05E-04,-1.07E-04,-3.18E-04,-1.66E-04,-1.27E-04,-9.92E-05,-3.36E-05,1.46E-04,2.30E-04
1897,-4.85E-04,-1.45E-04,-2.69E-04,-3.77E-04,-3.88E-04,-9.86E-05,-7.85E-05,-2.74E-04,-1.87E-04,7.58E-05,-4.84E-04,-1.08E-04,-1.09E-04,-3.18E-04,-1.69E-04,-1.28E-04,-1.05E-04,-4.00E-05,1.43E-04,2.30E-04
1898,-4.92E-04,-1.62E-04,-2.75E-04,-3.79E-04,-3.91E-04,-1.01E-04,-8.64E-05,-2.83E-04,-1.88E-04,7.54E-05,-4.94E-04,-1.13E-04,-1.10E-04,-3.18E-04,-1.73E-04,-1.28E-04,-1.11E-04,-4.65E-05,1.40E-04,2.29E-04
1899,-4.99E-04,-1.79E-04,-2.81E-04,-3.80E-04,-3.94E-04,-1.04E-04,-9.60E-05,-2.92E-04,-1.89E-04,7.42E-05,-5.01E-04,-1.18E-04,-1.11E-04,-3.17E-04,-1.77E-04,-1.30E-04,-1.18E-04,-5.32E-05,1.36E-04,2.27E-04
1900,-5.07E-04,-1.96E-04,-2.89E-04,-3.80E-04,-3.97E-04,-1.07E-04,-1.07E-04,-3.00E-04,-1.90E-04,7.22E-05,-5.06E-04,-1.24E-04,-1.12E-04,-3.16E-04,-1.81E-04,-1.31E-04,-1.25E-04,-6.00E-05,1.32E-04,2.24E-04
1901,-5.15E-04,-2.13E-04,-2.97E-04,-3.80E-04,-3.99E-04,-1.11E-04,-1.20E-04,-3.07E-04,-1.91E-04,6.97E-05,-5.07E-04,-1.31E-04,-1.13E-04,-3.15E-04,-1.85E-04,-1.33E-04,-1.33E-04,-6.68E-05,1.28E-04,2.21E-04
1902,-5.23E-04,-2.30E-04,-3.05E-04,-3.80E-04,-4.01E-04,-1.16E-04,-1.33E-04,-3.14E-04,-1.93E-04,6.69E-05,-5.06E-04,-1.38E-04,-1.15E-04,-3.14E-04,-1.90E-04,-1.36E-04,-1.41E-04,-7.37E-05,1.23E-04,2.17E-04
1903,-5.32E-04,-2.46E-04,-3.14E-04,-3.79E-04,-4.04E-04,-1.21E-04,-1.48E-04,-3.19E-04,-1.94E-04,6.39E-05,-5.02E-04,-1.45E-04,-1.18E-04,-3.13E-04,-1.95E-04,-1.38E-04,-1.49E-04,-8.05E-05,1.18E-04,2.12E-04
1904,-5.41E-04,-2.61E-04,-3.24E-04,-3.77E-04,-4.06E-04,-1.26E-04,-1.62E-04,-3.24E-04,-1.96E-04,6.10E-05,-4.96E-04,-1.52E-04,-1.21E-04,-3.11E-04,-1.99E-04,-1.40E-04,-1.57E-04,-8.72E-05,1.13E-04,2.07E-04
1905,-5.50E-04,-2.74E-04,-3.33E-04,-3.76E-04,-4.09E-04,-1.31E-04,-1.77E-04,-3.28E-04,-1.97E-04,5.84E-05,-4.88E-04,-1.58E-04,-1.25E-04,-3.09E-04,-2.04E-04,-1.42E-04,-1.65E-04,-9.37E-05,1.08E-04,2.02E-04
1906,-5.60E-04,-2.86E-04,-3.43E-04,-3.74E-04,-4.12E-04,-1.36E-04,-1.91E-04,-3.30E-04,-1.99E-04,5.64E-05,-4.77E-04,-1.63E-04,-1.31E-04,-3.06E-04,-2.09E-04,-1.44E-04,-1.71E-04,-1.00E-04,1.03E-04,1.97E-04
1907,-5.69E-04,-2.96E-04,-3.53E-04,-3.73E-04,-4.15E-04,-1.41E-04,-2.04E-04,-3.32E-04,-2.00E-04,5.50E-05,-4.65E-04,-1.66E-04,-1.37E-04,-3.03E-04,-2.13E-04,-1.45E-04,-1.77E-04,-1.06E-04,9.85E-05,1.92E-04
1908,-5.79E-04,-3.05E-04,-3.62E-04,-3.71E-04,-4.18E-04,-1.46E-04,-2.15E-04,-3.34E-04,-2.02E-04,5.45E-05,-4.52E-04,-1.68E-04,-1.45E-04,-2.99E-04,-2.17E-04,-1.45E-04,-1.81E-04,-1.12E-04,9.39E-05,1.88E-04
1909,-5.87E-04,-3.11E-04,-3.71E-04,-3.70E-04,-4.22E-04,-1.49E-04,-2.24E-04,-3.34E-04,-2.03E-04,5.50E-05,-4.38E-04,-1.68E-04,-1.53E-04,-2.94E-04,-2.21E-04,-1.45E-04,-1.85E-04,-1.18E-04,8.96E-05,1.84E-04
1910,-5.95E-04,-3.15E-04,-3.79E-04,-3.69E-04,-4.26E-04,-1.53E-04,-2.32E-04,-3.34E-04,-2.04E-04,5.65E-05,-4.23E-04,-1.67E-04,-1.63E-04,-2.88E-04,-2.24E-04,-1.44E-04,-1.86E-04,-1.23E-04,8.58E-05,1.82E-04
1911,-6.02E-04,-3.18E-04,-3.86E-04,-3.68E-04,-4.30E-04,-1.55E-04,-2.37E-04,-3.34E-04,-2.04E-04,5.90E-05,-4.08E-04,-1.63E-04,-1.74E-04,-2.82E-04,-2.27E-04,-1.43E-04,-1.86E-04,-1.27E-04,8.23E-05,1.80E-04
1912,-6.08E-04,-3.18E-04,-3.93E-04,-3.67E-04,-4.34E-04,-1.57E-04,-2.41E-04,-3.34E-04,-2.04E-04,6.25E-05,-3.94E-04,-1.58E-04,-1.85E-04,-2.75E-04,-2.30E-04,-1.40E-04,-1.84E-04,-1.32E-04,7.93E-05,1.79E-04
1913,-6.11E-04,-3.18E-04,-3.98E-04,-3.67E-04,-4.38E-04,-1.57E-04,-2.42E-04,-3.34E-04,-2.03E-04,6.69E-05,-3.80E-04,-1.52E-04,-1.96E-04,-2.68E-04,-2.32E-04,-1.37E-04,-1.81E-04,-1.36E-04,7.68E-05,1.79E-04
1914,-6.13E-04,-3.16E-04,-4.01E-04,-3.67E-04,-4.42E-04,-1.57E-04,-2.43E-04,-3.34E-04,-2.01E-04,7.20E-05,-3.67E-04,-1.44E-04,-2.08E-04,-2.60E-04,-2.34E-04,-1.33E-04,-1.77E-04,-1.39E-04,7.46E-05,1.80E-04
1915,-6.13E-04,-3.13E-04,-4.04E-04,-3.67E-04,-4.45E-04,-1.56E-04,-2.41E-04,-3.34E-04,-1.99E-04,7.76E-05,-3.55E-04,-1.36E-04,-2.19E-04,-2.51E-04,-2.36E-04,-1.28E-04,-1.72E-04,-1.43E-04,7.29E-05,1.81E-04
1916,-6.11E-04,-3.09E-04,-4.05E-04,-3.67E-04,-4.48E-04,-1.55E-04,-2.39E-04,-3.34E-04,-1.96E-04,8.35E-05,-3.44E-04,-1.27E-04,-2.30E-04,-2.43E-04,-2.38E-04,-1.23E-04,-1.66E-04,-1.45E-04,7.14E-05,1.83E-04
1917,-6.06E-04,-3.06E-04,-4.04E-04,-3.68E-04,-4.50E-04,-1.52E-04,-2.37E-04,-3.35E-04,-1.92E-04,8.95E-05,-3.34E-04,-1.19E-04,-2.40E-04,-2.34E-04,-2.39E-04,-1.18E-04,-1.60E-04,-1.48E-04,7.01E-05,1.85E-04
1918,-6.00E-04,-3.02E-04,-4.02E-04,-3.68E-04,-4.51E-04,-1.50E-04,-2.35E-04,-3.36E-04,-1.88E-04,9.52E-05,-3.26E-04,-1.11E-04,-2.49E-04,-2.25E-04,-2.41E-04,-1.13E-04,-1.55E-04,-1.50E-04,6.90E-05,1.87E-04
1919,-5.92E-04,-2.99E-04,-3.99E-04,-3.68E-04,-4.51E-04,-1.47E-04,-2.33E-04,-3.37E-04,-1.83E-04,1.00E-04,-3.20E-04,-1.04E-04,-2.57E-04,-2.16E-04,-2.43E-04,-1.08E-04,-1.49E-04,-1.53E-04,6.78E-05,1.89E-04
1920,-5.83E-04,-2.96E-04,-3.96E-04,-3.69E-04,-4.50E-04,-1.44E-04,-2.32E-04,-3.39E-04,-1.77E-04,1.05E-04,-3.15E-04,-9.91E-05,-2.64E-04,-2.08E-04,-2.44E-04,-1.03E-04,-1.45E-04,-1.55E-04,6.66E-05,1.91E-04
1921,-5.72E-04,-2.94E-04,-3.91E-04,-3.69E-04,-4.48E-04,-1.41E-04,-2.33E-04,-3.41E-04,-1.71E-04,1.09E-04,-3.12E-04,-9.54E-05,-2.69E-04,-2.00E-04,-2.46E-04,-9.80E-05,-1.41E-04,-1.57E-04,6.52E-05,1.91E-04
1922,-5.61E-04,-2.93E-04,-3.85E-04,-3.69E-04,-4.46E-04,-1.39E-04,-2.34E-04,-3.43E-04,-1.65E-04,1.11E-04,-3.10E-04,-9.35E-05,-2.72E-04,-1.93E-04,-2.48E-04,-9.40E-05,-1.39E-04,-1.59E-04,6.36E-05,1.91E-04
1923,-5.49E-04,-2.93E-04,-3.79E-04,-3.69E-04,-4.43E-04,-1.37E-04,-2.37E-04,-3.45E-04,-1.59E-04,1.13E-04,-3.09E-04,-9.34E-05,-2.73E-04,-1.86E-04,-2.50E-04,-9.06E-05,-1.38E-04,-1.62E-04,6.16E-05,1.90E-04
1924,-5.38E-04,-2.94E-04,-3.73E-04,-3.68E-04,-4.40E-04,-1.36E-04,-2.42E-04,-3.47E-04,-1.53E-04,1.13E-04,-3.10E-04,-9.49E-05,-2.73E-04,-1.80E-04,-2.52E-04,-8.79E-05,-1.39E-04,-1.65E-04,5.93E-05,1.88E-04
1925,-5.27E-04,-2.96E-04,-3.67E-04,-3.67E-04,-4.36E-04,-1.36E-04,-2.48E-04,-3.50E-04,-1.47E-04,1.12E-04,-3.12E-04,-9.80E-05,-2.72E-04,-1.74E-04,-2.54E-04,-8.60E-05,-1.41E-04,-1.68E-04,5.65E-05,1.85E-04
1926,-5.17E-04,-2.98E-04,-3.61E-04,-3.66E-04,-4.32E-04,-1.37E-04,-2.54E-04,-3.51E-04,-1.42E-04,1.10E-04,-3.14E-04,-1.02E-04,-2.69E-04,-1.69E-04,-2.57E-04,-8.48E-05,-1.44E-04,-1.72E-04,5.34E-05,1.80E-04
1927,-5.07E-04,-3.01E-04,-3.55E-04,-3.65E-04,-4.29E-04,-1.38E-04,-2.61E-04,-3.53E-04,-1.37E-04,1.07E-04,-3.17E-04,-1.07E-04,-2.64E-04,-1.65E-04,-2.59E-04,-8.42E-05,-1.48E-04,-1.76E-04,4.98E-05,1.75E-04
1928,-4.99E-04,-3.05E-04,-3.49E-04,-3.64E-04,-4.27E-04,-1.41E-04,-2.69E-04,-3.54E-04,-1.33E-04,1.03E-04,-3.20E-04,-1.13E-04,-2.59E-04,-1.61E-04,-2.62E-04,-8.43E-05,-1.53E-04,-1.80E-04,4.58E-05,1.69E-04
1929,-4.91E-04,-3.08E-04,-3.44E-04,-3.62E-04,-4.25E-04,-1.44E-04,-2.76E-04,-3.54E-04,-1.29E-04,9.85E-05,-3.22E-04,-1.19E-04,-2.54E-04,-1.57E-04,-2.64E-04,-8.50E-05,-1.59E-04,-1.85E-04,4.15E-05,1.62E-04
1930,-4.84E-04,-3.12E-04,-3.39E-04,-3.59E-04,-4.25E-04,-1.47E-04,-2.83E-04,-3.54E-04,-1.26E-04,9.36E-05,-3.24E-04,-1.24E-04,-2.47E-04,-1.54E-04,-2.67E-04,-8.60E-05,-1.65E-04,-1.90E-04,3.69E-05,1.55E-04
1931,-4.78E-04,-3.15E-04,-3.35E-04,-3.57E-04,-4.25E-04,-1.51E-04,-2.90E-04,-3.53E-04,-1.24E-04,8.85E-05,-3.24E-04,-1.28E-04,-2.41E-04,-1.51E-04,-2.69E-04,-8.72E-05,-1.71E-04,-1.96E-04,3.21E-05,1.48E-04
1932,-4.71E-04,-3.17E-04,-3.32E-04,-3.54E-04,-4.27E-04,-1.56E-04,-2.95E-04,-3.52E-04,-1.22E-04,8.35E-05,-3.23E-04,-1.32E-04,-2.35E-04,-1.47E-04,-2.70E-04,-8.86E-05,-1.76E-04,-2.02E-04,2.72E-05,1.40E-04
1933,-4.65E-04,-3.19E-04,-3.28E-04,-3.51E-04,-4.30E-04,-1.60E-04,-2.99E-04,-3.50E-04,-1.20E-04,7.88E-05,-3.19E-04,-1.34E-04,-2.30E-04,-1.44E-04,-2.72E-04,-9.00E-05,-1.81E-04,-2.07E-04,2.22E-05,1.34E-04
1934,-4.58E-04,-3.20E-04,-3.25E-04,-3.47E-04,-4.34E-04,-1.65E-04,-3.01E-04,-3.47E-04,-1.19E-04,7.45E-05,-3.13E-04,-1.34E-04,-2.25E-04,-1.40E-04,-2.73E-04,-9.12E-05,-1.85E-04,-2.13E-04,1.71E-05,1.27E-04
1935,-4.51E-04,-3.20E-04,-3.22E-04,-3.44E-04,-4.39E-04,-1.69E-04,-3.03E-04,-3.43E-04,-1.17E-04,7.07E-05,-3.05E-04,-1.33E-04,-2.21E-04,-1.35E-04,-2.73E-04,-9.22E-05,-1.87E-04,-2.19E-04,1.21E-05,1.21E-04
1936,-4.43E-04,-3.19E-04,-3.19E-04,-3.40E-04,-4.45E-04,-1.73E-04,-3.02E-04,-3.40E-04,-1.16E-04,6.76E-05,-2.94E-04,-1.31E-04,-2.17E-04,-1.31E-04,-2.74E-04,-9.29E-05,-1.89E-04,-2.25E-04,7.17E-06,1.16E-04
1937,-4.33E-04,-3.17E-04,-3.17E-04,-3.35E-04,-4.50E-04,-1.76E-04,-3.00E-04,-3.35E-04,-1.15E-04,6.50E-05,-2.80E-04,-1.27E-04,-2.14E-04,-1.26E-04,-2.73E-04,-9.33E-05,-1.90E-04,-2.30E-04,2.31E-06,1.12E-04
1938,-4.22E-04,-3.13E-04,-3.14E-04,-3.31E-04,-4.56E-04,-1.80E-04,-2.97E-04,-3.30E-04,-1.13E-04,6.29E-05,-2.63E-04,-1.22E-04,-2.12E-04,-1.20E-04,-2.73E-04,-9.34E-05,-1.90E-04,-2.35E-04,-2.46E-06,1.08E-04
1939,-4.10E-04,-3.09E-04,-3.10E-04,-3.26E-04,-4.61E-04,-1.82E-04,-2.93E-04,-3.25E-04,-1.11E-04,6.13E-05,-2.44E-04,-1.16E-04,-2.10E-04,-1.15E-04,-2.72E-04,-9.32E-05,-1.89E-04,-2.39E-04,-7.16E-06,1.06E-04
1940,-3.96E-04,-3.04E-04,-3.07E-04,-3.22E-04,-4.65E-04,-1.84E-04,-2.88E-04,-3.20E-04,-1.09E-04,5.98E-05,-2.23E-04,-1.09E-04,-2.09E-04,-1.09E-04,-2.71E-04,-9.30E-05,-1.87E-04,-2.44E-04,-1.18E-05,1.03E-04
1941,-3.82E-04,-2.99E-04,-3.03E-04,-3.17E-04,-4.67E-04,-1.86E-04,-2.82E-04,-3.15E-04,-1.07E-04,5.85E-05,-2.00E-04,-1.03E-04,-2.07E-04,-1.04E-04,-2.71E-04,-9.27E-05,-1.84E-04,-2.47E-04,-1.65E-05,1.01E-04
1942,-3.67E-04,-2.93E-04,-2.99E-04,-3.13E-04,-4.69E-04,-1.88E-04,-2.76E-04,-3.10E-04,-1.04E-04,5.69E-05,-1.77E-04,-9.56E-05,-2.06E-04,-9.83E-05,-2.70E-04,-9.25E-05,-1.82E-04,-2.51E-04,-2.12E-05,9.93E-05
1943,-3.51E-04,-2.86E-04,-2.95E-04,-3.09E-04,-4.68E-04,-1.89E-04,-2.69E-04,-3.05E-04,-1.02E-04,5.49E-05,-1.53E-04,-8.89E-05,-2.04E-04,-9.36E-05,-2.69E-04,-9.25E-05,-1.80E-04,-2.55E-04,-2.61E-05,9.74E-05
1944,-3.35E-04,-2.80E-04,-2.90E-04,-3.06E-04,-4.66E-04,-1.91E-04,-2.62E-04,-3.00E-04,-9.90E-05,5.22E-05,-1.30E-04,-8.26E-05,-2.02E-04,-8.96E-05,-2.69E-04,-9.30E-05,-1.78E-04,-2.58E-04,-3.11E-05,9.52E-05
1945,-3.20E-04,-2.73E-04,-2.85E-04,-3.03E-04,-4.63E-04,-1.93E-04,-2.55E-04,-2.95E-04,-9.63E-05,4.87E-05,-1.08E-04,-7.69E-05,-1.99E-04,-8.64E-05,-2.69E-04,-9.41E-05,-1.77E-04,-2.61E-04,-3.64E-05,9.25E-05
1946,-3.06E-04,-2.66E-04,-2.81E-04,-3.01E-04,-4.57E-04,-1.95E-04,-2.49E-04,-2.91E-04,-9.40E-05,4.42E-05,-8.77E-05,-7.19E-05,-1.96E-04,-8.42E-05,-2.70E-04,-9.60E-05,-1.76E-04,-2.65E-04,-4.21E-05,8.92E-05
1947,-2.94E-04,-2.60E-04,-2.77E-04,-2.99E-04,-4.51E-04,-1.98E-04,-2.42E-04,-2.88E-04,-9.21E-05,3.86E-05,-7.05E-05,-6.75E-05,-1.92E-04,-8.31E-05,-2.72E-04,-9.86E-05,-1.77E-04,-2.70E-04,-4.81E-05,8.52E-05
1948,-2.83E-04,-2.53E-04,-2.73E-04,-2.97E-04,-4.43E-04,-2.02E-04,-2.36E-04,-2.85E-04,-9.08E-05,3.19E-05,-5.67E-05,-6.37E-05,-1.88E-04,-8.32E-05,-2.74E-04,-1.02E-04,-1.79E-04,-2.74E-04,-5.44E-05,8.03E-05
1949,-2.74E-04,-2.47E-04,-2.69E-04,-2.97E-04,-4.35E-04,-2.06E-04,-2.29E-04,-2.83E-04,-9.03E-05,2.41E-05,-4.66E-05,-6.04E-05,-1.83E-04,-8.45E-05,-2.76E-04,-1.07E-04,-1.82E-04,-2.80E-04,-6.12E-05,7.46E-05
1950,-2.67E-04,-2.41E-04,-2.66E-04,-2.96E-04,-4.26E-04,-2.12E-04,-2.23E-04,-2.81E-04,-9.05E-05,1.53E-05,-4.07E-05,-5.75E-05,-1.78E-04,-8.68E-05,-2.79E-04,-1.12E-04,-1.87E-04,-2.86E-04,-6.84E-05,6.80E-05
1951,-2.62E-04,-2.36E-04,-2.64E-04,-2.96E-04,-4.18E-04,-2.18E-04,-2.17E-04,-2.80E-04,-9.17E-05,5.71E-06,-3.88E-05,-5.46E-05,-1.73E-04,-9.02E-05,-2.83E-04,-1.18E-04,-1.92E-04,-2.94E-04,-7.59E-05,6.08E-05
1952,-2.60E-04,-2.31E-04,-2.62E-04,-2.96E-04,-4.10E-04,-2.25E-04,-2.11E-04,-2.79E-04,-9.37E-05,-4.50E-06,-4.11E-05,-5.18E-05,-1.69E-04,-9.44E-05,-2.87E-04,-1.25E-04,-1.98E-04,-3.02E-04,-8.37E-05,5.29E-05
1953,-2.59E-04,-2.25E-04,-2.61E-04,-2.96E-04,-4.03E-04,-2.33E-04,-2.06E-04,-2.79E-04,-9.66E-05,-1.50E-05,-4.71E-05,-4.87E-05,-1.65E-04,-9.92E-05,-2.91E-04,-1.32E-04,-2.05E-04,-3.11E-04,-9.18E-05,4.47E-05
1954,-2.60E-04,-2.20E-04,-2.60E-04,-2.96E-04,-3.97E-04,-2.42E-04,-2.01E-04,-2.79E-04,-1.00E-04,-2.57E-05,-5.65E-05,-4.54E-05,-1.61E-04,-1.05E-04,-2.95E-04,-1.40E-04,-2.13E-04,-3.21E-04,-1.00E-04,3.63E-05
1955,-2.62E-04,-2.16E-04,-2.60E-04,-2.96E-04,-3.93E-04,-2.51E-04,-1.96E-04,-2.80E-04,-1.05E-04,-3.60E-05,-6.86E-05,-4.19E-05,-1.59E-04,-1.10E-04,-2.99E-04,-1.48E-04,-2.21E-04,-3.31E-04,-1.08E-04,2.80E-05
1956,-2.65E-04,-2.11E-04,-2.60E-04,-2.95E-04,-3.90E-04,-2.61E-04,-1.92E-04,-2.81E-04,-1.10E-04,-4.59E-05,-8.27E-05,-3.80E-05,-1.58E-04,-1.16E-04,-3.03E-04,-1.56E-04,-2.29E-04,-3.42E-04,-1.17E-04,2.00E-05
1957,-2.69E-04,-2.06E-04,-2.59E-04,-2.94E-04,-3.88E-04,-2.70E-04,-1.89E-04,-2.82E-04,-1.15E-04,-5.50E-05,-9.81E-05,-3.40E-05,-1.58E-04,-1.21E-04,-3.06E-04,-1.64E-04,-2.36E-04,-3.53E-04,-1.25E-04,1.25E-05
1958,-2.72E-04,-2.00E-04,-2.59E-04,-2.93E-04,-3.89E-04,-2.80E-04,-1.87E-04,-2.83E-04,-1.21E-04,-6.30E-05,-1.14E-04,-3.00E-05,-1.60E-04,-1.27E-04,-3.09E-04,-1.72E-04,-2.44E-04,-3.65E-04,-1.33E-04,5.85E-06
1959,-2.75E-04,-1.95E-04,-2.58E-04,-2.91E-04,-3.90E-04,-2.90E-04,-1.86E-04,-2.83E-04,-1.27E-04,-7.00E-05,-1.29E-04,-2.64E-05,-1.64E-04,-1.31E-04,-3.12E-04,-1.79E-04,-2.50E-04,-3.76E-04,-1.41E-04,6.77E-08
1960,-2.77E-04,-1.89E-04,-2.57E-04,-2.89E-04,-3.93E-04,-3.00E-04,-1.85E-04,-2.84E-04,-1.33E-04,-7.57E-05,-1.44E-04,-2.34E-05,-1.69E-04,-1.36E-04,-3.14E-04,-1.85E-04,-2.57E-04,-3.88E-04,-1.48E-04,-4.68E-06
1961,-2.78E-04,-1.84E-04,-2.54E-04,-2.86E-04,-3.97E-04,-3.09E-04,-1.86E-04,-2.84E-04,-1.38E-04,-8.02E-05,-1.57E-04,-2.13E-05,-1.75E-04,-1.39E-04,-3.16E-04,-1.91E-04,-2.62E-04,-3.98E-04,-1.55E-04,-8.33E-06
1962,-2.77E-04,-1.78E-04,-2.51E-04,-2.83E-04,-4.01E-04,-3.17E-04,-1.88E-04,-2.84E-04,-1.43E-04,-8.35E-05,-1.68E-04,-2.04E-05,-1.83E-04,-1.42E-04,-3.17E-04,-1.96E-04,-2.66E-04,-4.09E-04,-1.62E-04,-1.09E-05
1963,-2.76E-04,-1.72E-04,-2.48E-04,-2.80E-04,-4.06E-04,-3.25E-04,-1.91E-04,-2.84E-04,-1.48E-04,-8.58E-05,-1.77E-04,-2.12E-05,-1.91E-04,-1.45E-04,-3.18E-04,-2.00E-04,-2.70E-04,-4.18E-04,-1.68E-04,-1.24E-05
1964,-2.74E-04,-1.66E-04,-2.43E-04,-2.77E-04,-4.11E-04,-3.33E-04,-1.95E-04,-2.84E-04,-1.53E-04,-8.72E-05,-1.84E-04,-2.38E-05,-2.01E-04,-1.47E-04,-3.19E-04,-2.04E-04,-2.74E-04,-4.27E-04,-1.74E-04,-1.30E-05
1965,-2.70E-04,-1.59E-04,-2.37E-04,-2.74E-04,-4.16E-04,-3.40E-04,-1.99E-04,-2.83E-04,-1.58E-04,-8.79E-05,-1.89E-04,-2.84E-05,-2.11E-04,-1.49E-04,-3.19E-04,-2.07E-04,-2.77E-04,-4.35E-04,-1.79E-04,-1.28E-05
1966,-2.66E-04,-1.53E-04,-2.31E-04,-2.72E-04,-4.21E-04,-3.46E-04,-2.03E-04,-2.82E-04,-1.62E-04,-8.82E-05,-1.93E-04,-3.52E-05,-2.20E-04,-1.51E-04,-3.20E-04,-2.10E-04,-2.80E-04,-4.42E-04,-1.84E-04,-1.21E-05
1967,-2.61E-04,-1.47E-04,-2.25E-04,-2.70E-04,-4.25E-04,-3.52E-04,-2.07E-04,-2.81E-04,-1.66E-04,-8.84E-05,-1.96E-04,-4.40E-05,-2.30E-04,-1.53E-04,-3.21E-04,-2.12E-04,-2.83E-04,-4.49E-04,-1.88E-04,-1.09E-05
1968,-2.56E-04,-1.42E-04,-2.19E-04,-2.69E-04,-4.28E-04,-3.58E-04,-2.11E-04,-2.80E-04,-1.70E-04,-8.87E-05,-1.98E-04,-5.48E-05,-2.40E-04,-1.56E-04,-3.23E-04,-2.14E-04,-2.86E-04,-4.55E-04,-1.92E-04,-9.57E-06
1969,-2.51E-04,-1.36E-04,-2.12E-04,-2.69E-04,-4.31E-04,-3.63E-04,-2.13E-04,-2.80E-04,-1.74E-04,-8.93E-05,-2.02E-04,-6.73E-05,-2.49E-04,-1.58E-04,-3.25E-04,-2.16E-04,-2.89E-04,-4.61E-04,-1.96E-04,-8.26E-06
1970,-2.46E-04,-1.32E-04,-2.06E-04,-2.70E-04,-4.34E-04,-3.68E-04,-2.14E-04,-2.79E-04,-1.78E-04,-9.04E-05,-2.06E-04,-8.13E-05,-2.57E-04,-1.61E-04,-3.27E-04,-2.18E-04,-2.93E-04,-4.66E-04,-2.00E-04,-7.16E-06
1971,-2.42E-04,-1.27E-04,-2.01E-04,-2.72E-04,-4.36E-04,-3.73E-04,-2.14E-04,-2.80E-04,-1.83E-04,-9.22E-05,-2.13E-04,-9.61E-05,-2.64E-04,-1.64E-04,-3.30E-04,-2.20E-04,-2.98E-04,-4.71E-04,-2.04E-04,-6.42E-06
1972,-2.38E-04,-1.23E-04,-1.97E-04,-2.74E-04,-4.38E-04,-3.78E-04,-2.12E-04,-2.80E-04,-1.88E-04,-9.47E-05,-2.22E-04,-1.11E-04,-2.71E-04,-1.68E-04,-3.34E-04,-2.22E-04,-3.04E-04,-4.76E-04,-2.08E-04,-6.14E-06
1973,-2.36E-04,-1.20E-04,-1.94E-04,-2.77E-04,-4.40E-04,-3.82E-04,-2.08E-04,-2.82E-04,-1.94E-04,-9.78E-05,-2.33E-04,-1.27E-04,-2.77E-04,-1.73E-04,-3.39E-04,-2.24E-04,-3.11E-04,-4.81E-04,-2.11E-04,-6.40E-06
1974,-2.34E-04,-1.16E-04,-1.92E-04,-2.81E-04,-4.41E-04,-3.86E-04,-2.02E-04,-2.84E-04,-2.01E-04,-1.01E-04,-2.48E-04,-1.41E-04,-2.82E-04,-1.77E-04,-3.43E-04,-2.26E-04,-3.18E-04,-4.86E-04,-2.15E-04,-7.19E-06
1975,-2.32E-04,-1.14E-04,-1.91E-04,-2.85E-04,-4.43E-04,-3.90E-04,-1.94E-04,-2.87E-04,-2.08E-04,-1.06E-04,-2.66E-04,-1.55E-04,-2.87E-04,-1.82E-04,-3.48E-04,-2.28E-04,-3.26E-04,-4.91E-04,-2.19E-04,-8.47E-06
1976,-2.32E-04,-1.11E-04,-1.92E-04,-2.89E-04,-4.44E-04,-3.94E-04,-1.85E-04,-2.91E-04,-2.15E-04,-1.10E-04,-2.87E-04,-1.67E-04,-2.92E-04,-1.87E-04,-3.53E-04,-2.30E-04,-3.35E-04,-4.97E-04,-2.23E-04,-1.02E-05
1977,-2.31E-04,-1.09E-04,-1.93E-04,-2.93E-04,-4.46E-04,-3.97E-04,-1.75E-04,-2.96E-04,-2.23E-04,-1.14E-04,-3.09E-04,-1.77E-04,-2.97E-04,-1.91E-04,-3.58E-04,-2.31E-04,-3.45E-04,-5.03E-04,-2.26E-04,-1.22E-05
1978,-2.31E-04,-1.06E-04,-1.96E-04,-2.97E-04,-4.47E-04,-3.99E-04,-1.65E-04,-3.01E-04,-2.31E-04,-1.19E-04,-3.33E-04,-1.86E-04,-3.02E-04,-1.95E-04,-3.63E-04,-2.32E-04,-3.55E-04,-5.10E-04,-2.30E-04,-1.43E-05
1979,-2.31E-04,-1.04E-04,-1.98E-04,-3.00E-04,-4.48E-04,-4.01E-04,-1.54E-04,-3.08E-04,-2.39E-04,-1.22E-04,-3.57E-04,-1.92E-04,-3.08E-04,-1.99E-04,-3.67E-04,-2.33E-04,-3.65E-04,-5.16E-04,-2.34E-04,-1.63E-05
1980,-2.30E-04,-1.01E-04,-2.01E-04,-3.02E-04,-4.50E-04,-4.01E-04,-1.43E-04,-3.15E-04,-2.46E-04,-1.25E-04,-3.81E-04,-1.96E-04,-3.14E-04,-2.02E-04,-3.71E-04,-2.33E-04,-3.75E-04,-5.23E-04,-2.37E-04,-1.82E-05
1981,-2.29E-04,-9.78E-05,-2.04E-04,-3.03E-04,-4.50E-04,-4.00E-04,-1.33E-04,-3.23E-04,-2.54E-04,-1.27E-04,-4.03E-04,-1.99E-04,-3.20E-04,-2.04E-04,-3.74E-04,-2.32E-04,-3.84E-04,-5.30E-04,-2.40E-04,-1.96E-05
1982,-2.27E-04,-9.41E-05,-2.06E-04,-3.03E-04,-4.50E-04,-3.99E-04,-1.25E-04,-3.31E-04,-2.60E-04,-1.27E-04,-4.22E-04,-2.00E-04,-3.28E-04,-2.05E-04,-3.77E-04,-2.30E-04,-3.93E-04,-5.37E-04,-2.43E-04,-2.06E-05
1983,-2.25E-04,-8.98E-05,-2.08E-04,-3.01E-04,-4.50E-04,-3.96E-04,-1.18E-04,-3.40E-04,-2.66E-04,-1.26E-04,-4.38E-04,-1.99E-04,-3.36E-04,-2.05E-04,-3.79E-04,-2.27E-04,-4.02E-04,-5.43E-04,-2.46E-04,-2.08E-05
1984,-2.22E-04,-8.49E-05,-2.08E-04,-2.99E-04,-4.48E-04,-3.91E-04,-1.13E-04,-3.49E-04,-2.71E-04,-1.24E-04,-4.49E-04,-1.98E-04,-3.44E-04,-2.04E-04,-3.80E-04,-2.23E-04,-4.09E-04,-5.50E-04,-2.48E-04,-2.04E-05
1985,-2.19E-04,-7.93E-05,-2.07E-04,-2.96E-04,-4.46E-04,-3.86E-04,-1.11E-04,-3.58E-04,-2.75E-04,-1.21E-04,-4.56E-04,-1.96E-04,-3.54E-04,-2.03E-04,-3.81E-04,-2.19E-04,-4.16E-04,-5.55E-04,-2.50E-04,-1.91E-05
1986,-2.15E-04,-7.30E-05,-2.05E-04,-2.92E-04,-4.43E-04,-3.79E-04,-1.10E-04,-3.67E-04,-2.78E-04,-1.16E-04,-4.58E-04,-1.95E-04,-3.63E-04,-2.00E-04,-3.81E-04,-2.14E-04,-4.22E-04,-5.60E-04,-2.51E-04,-1.72E-05
1987,-2.12E-04,-6.62E-05,-2.01E-04,-2.87E-04,-4.39E-04,-3.71E-04,-1.12E-04,-3.76E-04,-2.80E-04,-1.10E-04,-4.55E-04,-1.94E-04,-3.73E-04,-1.96E-04,-3.82E-04,-2.08E-04,-4.27E-04,-5.65E-04,-2.52E-04,-1.45E-05
1988,-2.09E-04,-5.90E-05,-1.96E-04,-2.81E-04,-4.34E-04,-3.61E-04,-1.15E-04,-3.84E-04,-2.81E-04,-1.03E-04,-4.48E-04,-1.94E-04,-3.83E-04,-1.93E-04,-3.82E-04,-2.01E-04,-4.31E-04,-5.68E-04,-2.53E-04,-1.12E-05
1989,-2.06E-04,-5.16E-05,-1.90E-04,-2.76E-04,-4.29E-04,-3.52E-04,-1.20E-04,-3.92E-04,-2.81E-04,-9.55E-05,-4.38E-04,-1.95E-04,-3.93E-04,-1.88E-04,-3.84E-04,-1.94E-04,-4.34E-04,-5.71E-04,-2.53E-04,-7.42E-06
1990,-2.05E-04,-4.40E-05,-1.83E-04,-2.70E-04,-4.24E-04,-3.41E-04,-1.27E-04,-4.00E-04,-2.80E-04,-8.78E-05,-4.25E-04,-1.98E-04,-4.03E-04,-1.84E-04,-3.85E-04,-1.88E-04,-4.37E-04,-5.73E-04,-2.53E-04,-3.34E-06
1991,-2.05E-04,-3.67E-05,-1.77E-04,-2.65E-04,-4.19E-04,-3.31E-04,-1.33E-04,-4.07E-04,-2.79E-04,-8.01E-05,-4.10E-04,-2.02E-04,-4.12E-04,-1.80E-04,-3.88E-04,-1.81E-04,-4.39E-04,-5.75E-04,-2.53E-04,8.70E-07
1992,-2.07E-04,-2.97E-05,-1.70E-04,-2.60E-04,-4.15E-04,-3.20E-04,-1.41E-04,-4.14E-04,-2.77E-04,-7.29E-05,-3.96E-04,-2.08E-04,-4.21E-04,-1.76E-04,-3.92E-04,-1.74E-04,-4.41E-04,-5.75E-04,-2.52E-04,5.04E-06
1993,-2.10E-04,-2.34E-05,-1.64E-04,-2.55E-04,-4.11E-04,-3.09E-04,-1.47E-04,-4.20E-04,-2.75E-04,-6.63E-05,-3.83E-04,-2.15E-04,-4.30E-04,-1.72E-04,-3.97E-04,-1.69E-04,-4.42E-04,-5.76E-04,-2.51E-04,9.00E-06
1994,-2.16E-04,-1.79E-05,-1.58E-04,-2.51E-04,-4.08E-04,-2.99E-04,-1.53E-04,-4.26E-04,-2.74E-04,-6.06E-05,-3.71E-04,-2.23E-04,-4.38E-04,-1.69E-04,-4.03E-04,-1.63E-04,-4.44E-04,-5.75E-04,-2.50E-04,1.26E-05
1995,-2.23E-04,-1.34E-05,-1.55E-04,-2.47E-04,-4.07E-04,-2.89E-04,-1.59E-04,-4.32E-04,-2.72E-04,-5.60E-05,-3.63E-04,-2.32E-04,-4.45E-04,-1.67E-04,-4.10E-04,-1.59E-04,-4.46E-04,-5.75E-04,-2.49E-04,1.57E-05
1996,-2.31E-04,-1.01E-05,-1.52E-04,-2.44E-04,-4.08E-04,-2.80E-04,-1.63E-04,-4.36E-04,-2.71E-04,-5.27E-05,-3.60E-04,-2.42E-04,-4.52E-04,-1.65E-04,-4.18E-04,-1.55E-04,-4.48E-04,-5.75E-04,-2.49E-04,1.82E-05
1997,-2.41E-04,-8.09E-06,-1.52E-04,-2.42E-04,-4.10E-04,-2.72E-04,-1.66E-04,-4.41E-04,-2.70E-04,-5.07E-05,-3.60E-04,-2.53E-04,-4.58E-04,-1.64E-04,-4.27E-04,-1.52E-04,-4.51E-04,-5.74E-04,-2.48E-04,2.00E-05
1998,-2.52E-04,-7.39E-06,-1.54E-04,-2.40E-04,-4.14E-04,-2.65E-04,-1.68E-04,-4.45E-04,-2.69E-04,-5.01E-05,-3.65E-04,-2.64E-04,-4.64E-04,-1.63E-04,-4.37E-04,-1.50E-04,-4.53E-04,-5.74E-04,-2.47E-04,2.11E-05
1999,-2.63E-04,-7.97E-06,-1.58E-04,-2.38E-04,-4.20E-04,-2.59E-04,-1.68E-04,-4.49E-04,-2.70E-04,-5.07E-05,-3.75E-04,-2.74E-04,-4.70E-04,-1.63E-04,-4.47E-04,-1.49E-04,-4.56E-04,-5.74E-04,-2.47E-04,2.16E-05
2000,-2.73E-04,-9.79E-06,-1.65E-04,-2.37E-04,-4.27E-04,-2.54E-04,-1.68E-04,-4.52E-04,-2.70E-04,-5.24E-05,-3.89E-04,-2.84E-04,-4.76E-04,-1.63E-04,-4.57E-04,-1.48E-04,-4.59E-04,-5.74E-04,-2.47E-04,2.15E-05
2001,-2.83E-04,-1.27E-05,-1.73E-04,-2.35E-04,-4.35E-04,-2.50E-04,-1.68E-04,-4.55E-04,-2.71E-04,-5.49E-05,-4.05E-04,-2.94E-04,-4.82E-04,-1.63E-04,-4.66E-04,-1.48E-04,-4.62E-04,-5.75E-04,-2.47E-04,2.08E-05
2002,-2.91E-04,-1.65E-05,-1.82E-04,-2.34E-04,-4.45E-04,-2.47E-04,-1.68E-04,-4.58E-04,-2.73E-04,-5.80E-05,-4.24E-04,-3.03E-04,-4.88E-04,-1.64E-04,-4.75E-04,-1.48E-04,-4.65E-04,-5.76E-04,-2.47E-04,1.97E-05
2003,-2.97E-04,-2.11E-05,-1.93E-04,-2.32E-04,-4.54E-04,-2.44E-04,-1.69E-04,-4.61E-04,-2.74E-04,-6.15E-05,-4.44E-04,-3.12E-04,-4.93E-04,-1.64E-04,-4.83E-04,-1.49E-04,-4.68E-04,-5.78E-04,-2.47E-04,1.84E-05
2004,-3.01E-04,-2.61E-05,-2.05E-04,-2.30E-04,-4.64E-04,-2.42E-04,-1.70E-04,-4.63E-04,-2.75E-04,-6.50E-05,-4.64E-04,-3.21E-04,-4.99E-04,-1.64E-04,-4.90E-04,-1.49E-04,-4.70E-04,-5.80E-04,-2.47E-04,1.68E-05
2005,-3.02E-04,-3.13E-05,-2.17E-04,-2.28E-04,-4.73E-04,-2.40E-04,-1.73E-04,-4.65E-04,-2.76E-04,-6.83E-05,-4.83E-04,-3.29E-04,-5.05E-04,-1.63E-04,-4.95E-04,-1.50E-04,-4.72E-04,-5.82E-04,-2.48E-04,1.53E-05
2006,-3.00E-04,-3.66E-05,-2.29E-04,-2.25E-04,-4.81E-04,-2.38E-04,-1.76E-04,-4.66E-04,-2.77E-04,-7.10E-05,-4.98E-04,-3.37E-04,-5.10E-04,-1.62E-04,-4.98E-04,-1.50E-04,-4.73E-04,-5.85E-04,-2.48E-04,1.38E-05
2007,-2.96E-04,-4.17E-05,-2.41E-04,-2.23E-04,-4.88E-04,-2.36E-04,-1.82E-04,-4.67E-04,-2.77E-04,-7.29E-05,-5.11E-04,-3.45E-04,-5.16E-04,-1.60E-04,-5.00E-04,-1.49E-04,-4.73E-04,-5.87E-04,-2.48E-04,1.24E-05
2008,-2.88E-04,-4.64E-05,-2.52E-04,-2.20E-04,-4.93E-04,-2.33E-04,-1.89E-04,-4.68E-04,-2.76E-04,-7.40E-05,-5.19E-04,-3.52E-04,-5.21E-04,-1.57E-04,-5.01E-04,-1.49E-04,-4.72E-04,-5.90E-04,-2.48E-04,1.14E-05
2009,-2.78E-04,-5.06E-05,-2.63E-04,-2.17E-04,-4.97E-04,-2.31E-04,-1.97E-04,-4.68E-04,-2.74E-04,-7.40E-05,-5.22E-04,-3.60E-04,-5.25E-04,-1.54E-04,-5.00E-04,-1.48E-04,-4.71E-04,-5.92E-04,-2.48E-04,1.05E-05
2010,-2.65E-04,-5.43E-05,-2.72E-04,-2.14E-04,-4.98E-04,-2.28E-04,-2.07E-04,-4.69E-04,-2.72E-04,-7.30E-05,-5.21E-04,-3.68E-04,-5.29E-04,-1.50E-04,-4.98E-04,-1.46E-04,-4.68E-04,-5.94E-04,-2.47E-04,9.94E-06
2011,-2.51E-04,-5.75E-05,-2.80E-04,-2.12E-04,-4.97E-04,-2.25E-04,-2.17E-04,-4.69E-04,-2.68E-04,-7.09E-05,-5.15E-04,-3.76E-04,-5.32E-04,-1.46E-04,-4.95E-04,-1.45E-04,-4.65E-04,-5.96E-04,-2.47E-04,9.58E-06
2012,-2.37E-04,-6.03E-05,-2.88E-04,-2.10E-04,-4.94E-04,-2.22E-04,-2.27E-04,-4.69E-04,-2.64E-04,-6.79E-05,-5.06E-04,-3.83E-04,-5.35E-04,-1.42E-04,-4.92E-04,-1.43E-04,-4.61E-04,-5.98E-04,-2.46E-04,9.35E-06
2013,-2.22E-04,-6.27E-05,-2.94E-04,-2.09E-04,-4.90E-04,-2.18E-04,-2.37E-04,-4.69E-04,-2.59E-04,-6.43E-05,-4.93E-04,-3.90E-04,-5.36E-04,-1.38E-04,-4.88E-04,-1.41E-04,-4.57E-04,-5.99E-04,-2.45E-04,9.14E-06
2014,-2.08E-04,-6.51E-05,-3.00E-04,-2.09E-04,-4.84E-04,-2.14E-04,-2.46E-04,-4.69E-04,-2.54E-04,-6.01E-05,-4.79E-04,-3.96E-04,-5.38E-04,-1.34E-04,-4.85E-04,-1.39E-04,-4.52E-04,-6.00E-04,-2.43E-04,8.84E-06
2015,-1.95E-04,-6.75E-05,-3.05E-04,-2.10E-04,-4.77E-04,-2.11E-04,-2.54E-04,-4.69E-04,-2.48E-04,-5.57E-05,-4.64E-04,-4.01E-04,-5.38E-04,-1.30E-04,-4.81E-04,-1.37E-04,-4.47E-04,-6.00E-04,-2.42E-04,8.28E-06
2016,-1.85E-04,-7.05E-05,-3.10E-04,-2.11E-04,-4.70E-04,-2.08E-04,-2.60E-04,-4.70E-04,-2.42E-04,-5.15E-05,-4.49E-04,-4.05E-04,-5.38E-04,-1.26E-04,-4.79E-04,-1.36E-04,-4.42E-04,-6.00E-04,-2.41E-04,7.30E-06
2017,-1.78E-04,-7.41E-05,-3.15E-04,-2.14E-04,-4.62E-04,-2.05E-04,-2.65E-04,-4.71E-04,-2.36E-04,-4.78E-05,-4.37E-04,-4.07E-04,-5.38E-04,-1.24E-04,-4.77E-04,-1.36E-04,-4.38E-04,-6.00E-04,-2.39E-04,5.73E-06
2018,-1.74E-04,-7.88E-05,-3.21E-04,-2.18E-04,-4.55E-04,-2.03E-04,-2.67E-04,-4.73E-04,-2.31E-04,-4.50E-05,-4.27E-04,-4.08E-04,-5.38E-04,-1.22E-04,-4.76E-04,-1.36E-04,-4.34E-04,-5.99E-04,-2.39E-04,3.43E-06
2019,-1.75E-04,-8.47E-05,-3.27E-04,-2.22E-04,-4.48E-04,-2.02E-04,-2.68E-04,-4.75E-04,-2.26E-04,-4.34E-05,-4.21E-04,-4.06E-04,-5.38E-04,-1.21E-04,-4.77E-04,-1.38E-04,-4.31E-04,-5.99E-04,-2.38E-04,2.38E-07
2020,-1.79E-04,-9.23E-05,-3.34E-04,-2.27E-04,-4.42E-04,-2.02E-04,-2.67E-04,-4.78E-04,-2.22E-04,-4.32E-05,-4.19E-04,-4.02E-04,-5.38E-04,-1.21E-04,-4.79E-04,-1.40E-04,-4.30E-04,-5.99E-04,-2.38E-04,-3.96E-06
2021,-1.89E-04,-1.02E-04,-3.42E-04,-2.33E-04,-4.37E-04,-2.04E-04,-2.65E-04,-4.82E-04,-2.19E-04,-4.48E-05,-4.21E-04,-3.96E-04,-5.39E-04,-1.23E-04,-4.82E-04,-1.44E-04,-4.29E-04,-5.99E-04,-2.38E-04,-9.25E-06
2022,-2.02E-04,-1.13E-04,-3.51E-04,-2.40E-04,-4.34E-04,-2.07E-04,-2.62E-04,-4.87E-04,-2.18E-04,-4.83E-05,-4.28E-04,-3.89E-04,-5.40E-04,-1.25E-04,-4.86E-04,-1.49E-04,-4.30E-04,-5.99E-04,-2.39E-04,-1.57E-05
2023,-2.20E-04,-1.26E-04,-3.61E-04,-2.47E-04,-4.32E-04,-2.12E-04,-2.59E-04,-4.92E-04,-2.17E-04,-5.39E-05,-4.39E-04,-3.79E-04,-5.42E-04,-1.28E-04,-4.91E-04,-1.56E-04,-4.32E-04,-6.00E-04,-2.41E-04,-2.33E-05
2024,-2.41E-04,-1.41E-04,-3.72E-04,-2.54E-04,-4.32E-04,-2.18E-04,-2.56E-04,-4.99E-04,-2.18E-04,-6.15E-05,-4.52E-04,-3.69E-04,-5.44E-04,-1.32E-04,-4.97E-04,-1.63E-04,-4.35E-04,-6.02E-04,-2.44E-04,-3.21E-05
2025,-2.65E-04,-1.58E-04,-3.84E-04,-2.61E-04,-4.34E-04,-2.26E-04,-2.55E-04,-5.06E-04,-2.21E-04,-7.12E-05,-4.67E-04,-3.58E-04,-5.47E-04,-1.37E-04,-5.04E-04,-1.72E-04,-4.40E-04,-6.04E-04,-2.48E-04,-4.19E-05
2026,-2.91E-04,-1.77E-04,-3.97E-04,-2.67E-04,-4.37E-04,-2.37E-04,-2.54E-04,-5.13E-04,-2.25E-04,-8.27E-05,-4.84E-04,-3.48E-04,-5.51E-04,-1.42E-04,-5.11E-04,-1.81E-04,-4.45E-04,-6.07E-04,-2.52E-04,-5.27E-05
2027,-3.18E-04,-1.98E-04,-4.10E-04,-2.74E-04,-4.41E-04,-2.48E-04,-2.56E-04,-5.22E-04,-2.30E-04,-9.58E-05,-4.99E-04,-3.37E-04,-5.55E-04,-1.47E-04,-5.18E-04,-1.92E-04,-4.52E-04,-6.11E-04,-2.57E-04,-6.43E-05
2028,-3.47E-04,-2.19E-04,-4.24E-04,-2.80E-04,-4.47E-04,-2.61E-04,-2.61E-04,-5.30E-04,-2.36E-04,-1.10E-04,-5.13E-04,-3.28E-04,-5.59E-04,-1.53E-04,-5.25E-04,-2.03E-04,-4.58E-04,-6.16E-04,-2.63E-04,-7.64E-05
2029,-3.74E-04,-2.42E-04,-4.38E-04,-2.85E-04,-4.53E-04,-2.76E-04,-2.67E-04,-5.40E-04,-2.43E-04,-1.26E-04,-5.25E-04,-3.21E-04,-5.64E-04,-1.59E-04,-5.32E-04,-2.14E-04,-4.65E-04,-6.22E-04,-2.70E-04,-8.90E-05
2030,-4.00E-04,-2.66E-04,-4.53E-04,-2.89E-04,-4.60E-04,-2.91E-04,-2.77E-04,-5.49E-04,-2.51E-04,-1.42E-04,-5.32E-04,-3.16E-04,-5.68E-04,-1.64E-04,-5.39E-04,-2.26E-04,-4.73E-04,-6.28E-04,-2.77E-04,-1.02E-04
2031,-4.25E-04,-2.90E-04,-4.67E-04,-2.93E-04,-4.67E-04,-3.08E-04,-2.88E-04,-5.59E-04,-2.60E-04,-1.58E-04,-5.35E-04,-3.14E-04,-5.72E-04,-1.69E-04,-5.45E-04,-2.37E-04,-4.79E-04,-6.34E-04,-2.84E-04,-1.14E-04
2032,-4.46E-04,-3.14E-04,-4.82E-04,-2.96E-04,-4.74E-04,-3.24E-04,-3.02E-04,-5.68E-04,-2.69E-04,-1.74E-04,-5.33E-04,-3.14E-04,-5.75E-04,-1.74E-04,-5.50E-04,-2.48E-04,-4.85E-04,-6.42E-04,-2.92E-04,-1.27E-04
2033,-4.63E-04,-3.37E-04,-4.96E-04,-2.97E-04,-4.81E-04,-3.41E-04,-3.17E-04,-5.78E-04,-2.79E-04,-1.90E-04,-5.26E-04,-3.17E-04,-5.78E-04,-1.77E-04,-5.54E-04,-2.59E-04,-4.91E-04,-6.49E-04,-2.99E-04,-1.39E-04
2034,-4.76E-04,-3.60E-04,-5.11E-04,-2.98E-04,-4.88E-04,-3.57E-04,-3.33E-04,-5.88E-04,-2.88E-04,-2.04E-04,-5.15E-04,-3.23E-04,-5.80E-04,-1.80E-04,-5.58E-04,-2.68E-04,-4.95E-04,-6.56E-04,-3.07E-04,-1.49E-04
2035,-4.85E-04,-3.82E-04,-5.25E-04,-2.98E-04,-4.94E-04,-3.73E-04,-3.50E-04,-5.98E-04,-2.98E-04,-2.18E-04,-5.00E-04,-3.31E-04,-5.82E-04,-1.83E-04,-5.61E-04,-2.77E-04,-4.99E-04,-6.63E-04,-3.14E-04,-1.59E-04
2036,-4.89E-04,-4.03E-04,-5.39E-04,-2.98E-04,-5.00E-04,-3.88E-04,-3.66E-04,-6.08E-04,-3.07E-04,-2.29E-04,-4.82E-04,-3.40E-04,-5.83E-04,-1.84E-04,-5.64E-04,-2.85E-04,-5.01E-04,-6.70E-04,-3.21E-04,-1.68E-04
2037,-4.89E-04,-4.23E-04,-5.53E-04,-2.96E-04,-5.04E-04,-4.02E-04,-3.81E-04,-6.18E-04,-3.16E-04,-2.39E-04,-4.62E-04,-3.50E-04,-5.83E-04,-1.85E-04,-5.66E-04,-2.91E-04,-5.03E-04,-6.76E-04,-3.28E-04,-1.75E-04
2038,-4.84E-04,-4.42E-04,-5.68E-04,-2.94E-04,-5.09E-04,-4.14E-04,-3.95E-04,-6.27E-04,-3.25E-04,-2.47E-04,-4.41E-04,-3.61E-04,-5.83E-04,-1.85E-04,-5.67E-04,-2.96E-04,-5.03E-04,-6.81E-04,-3.34E-04,-1.81E-04
2039,-4.75E-04,-4.59E-04,-5.82E-04,-2.90E-04,-5.12E-04,-4.25E-04,-4.07E-04,-6.37E-04,-3.33E-04,-2.53E-04,-4.21E-04,-3.72E-04,-5.83E-04,-1.84E-04,-5.69E-04,-3.00E-04,-5.02E-04,-6.86E-04,-3.39E-04,-1.86E-04
2040,-4.63E-04,-4.76E-04,-5.97E-04,-2.86E-04,-5.15E-04,-4.35E-04,-4.16E-04,-6.47E-04,-3.41E-04,-2.57E-04,-4.03E-04,-3.81E-04,-5.83E-04,-1.83E-04,-5.69E-04,-3.03E-04,-5.01E-04,-6.90E-04,-3.44E-04,-1.88E-04
2041,-4.49E-04,-4.91E-04,-6.11E-04,-2.82E-04,-5.18E-04,-4.42E-04,-4.24E-04,-6.57E-04,-3.48E-04,-2.60E-04,-3.88E-04,-3.88E-04,-5.83E-04,-1.82E-04,-5.70E-04,-3.05E-04,-4.99E-04,-6.93E-04,-3.49E-04,-1.90E-04
2042,-4.32E-04,-5.05E-04,-6.26E-04,-2.76E-04,-5.20E-04,-4.48E-04,-4.29E-04,-6.67E-04,-3.55E-04,-2.60E-04,-3.76E-04,-3.93E-04,-5.83E-04,-1.81E-04,-5.71E-04,-3.05E-04,-4.98E-04,-6.95E-04,-3.53E-04,-1.90E-04
2043,-4.14E-04,-5.19E-04,-6.41E-04,-2.70E-04,-5.21E-04,-4.53E-04,-4.32E-04,-6.78E-04,-3.62E-04,-2.60E-04,-3.69E-04,-3.96E-04,-5.85E-04,-1.79E-04,-5.71E-04,-3.05E-04,-4.96E-04,-6.97E-04,-3.56E-04,-1.89E-04
2044,-3.96E-04,-5.32E-04,-6.56E-04,-2.64E-04,-5.23E-04,-4.55E-04,-4.34E-04,-6.89E-04,-3.68E-04,-2.59E-04,-3.66E-04,-3.95E-04,-5.87E-04,-1.78E-04,-5.71E-04,-3.03E-04,-4.94E-04,-6.98E-04,-3.59E-04,-1.86E-04
2045,-3.79E-04,-5.44E-04,-6.70E-04,-2.57E-04,-5.24E-04,-4.57E-04,-4.35E-04,-7.00E-04,-3.74E-04,-2.56E-04,-3.68E-04,-3.90E-04,-5.89E-04,-1.77E-04,-5.72E-04,-3.01E-04,-4.93E-04,-6.98E-04,-3.62E-04,-1.83E-04
2046,-3.63E-04,-5.56E-04,-6.84E-04,-2.50E-04,-5.25E-04,-4.57E-04,-4.35E-04,-7.11E-04,-3.80E-04,-2.54E-04,-3.73E-04,-3.83E-04,-5.93E-04,-1.77E-04,-5.72E-04,-2.98E-04,-4.92E-04,-6.98E-04,-3.64E-04,-1.79E-04
2047,-3.49E-04,-5.68E-04,-6.98E-04,-2.43E-04,-5.26E-04,-4.56E-04,-4.36E-04,-7.23E-04,-3.86E-04,-2.51E-04,-3.82E-04,-3.72E-04,-5.98E-04,-1.77E-04,-5.72E-04,-2.95E-04,-4.92E-04,-6.97E-04,-3.67E-04,-1.75E-04
2048,-3.38E-04,-5.79E-04,-7.11E-04,-2.36E-04,-5.27E-04,-4.54E-04,-4.38E-04,-7.34E-04,-3.92E-04,-2.48E-04,-3.94E-04,-3.59E-04,-6.02E-04,-1.78E-04,-5.71E-04,-2.91E-04,-4.93E-04,-6.96E-04,-3.69E-04,-1.70E-04
2049,-3.31E-04,-5.91E-04,-7.24E-04,-2.29E-04,-5.28E-04,-4.51E-04,-4.41E-04,-7.46E-04,-3.98E-04,-2.46E-04,-4.06E-04,-3.44E-04,-6.07E-04,-1.79E-04,-5.71E-04,-2.87E-04,-4.94E-04,-6.95E-04,-3.71E-04,-1.66E-04
2050,-3.26E-04,-6.02E-04,-7.35E-04,-2.22E-04,-5.29E-04,-4.48E-04,-4.46E-04,-7.58E-04,-4.04E-04,-2.43E-04,-4.19E-04,-3.27E-04,-6.12E-04,-1.81E-04,-5.70E-04,-2.83E-04,-4.95E-04,-6.94E-04,-3.74E-04,-1.61E-04
2051,-3.25E-04,-6.13E-04,-7.45E-04,-2.16E-04,-5.30E-04,-4.44E-04,-4.53E-04,-7.70E-04,-4.10E-04,-2.41E-04,-4.30E-04,-3.10E-04,-6.16E-04,-1.84E-04,-5.69E-04,-2.79E-04,-4.97E-04,-6.94E-04,-3.76E-04,-1.56E-04
2052,-3.27E-04,-6.24E-04,-7.53E-04,-2.10E-04,-5.30E-04,-4.40E-04,-4.62E-04,-7.82E-04,-4.15E-04,-2.39E-04,-4.39E-04,-2.93E-04,-6.20E-04,-1.87E-04,-5.68E-04,-2.74E-04,-4.99E-04,-6.93E-04,-3.78E-04,-1.52E-04
2053,-3.32E-04,-6.34E-04,-7.61E-04,-2.04E-04,-5.31E-04,-4.35E-04,-4.73E-04,-7.93E-04,-4.21E-04,-2.38E-04,-4.45E-04,-2.76E-04,-6.21E-04,-1.90E-04,-5.66E-04,-2.69E-04,-5.01E-04,-6.92E-04,-3.81E-04,-1.48E-04
2054,-3.40E-04,-6.44E-04,-7.66E-04,-1.99E-04,-5.32E-04,-4.30E-04,-4.86E-04,-8.03E-04,-4.25E-04,-2.36E-04,-4.47E-04,-2.61E-04,-6.21E-04,-1.94E-04,-5.64E-04,-2.64E-04,-5.02E-04,-6.92E-04,-3.83E-04,-1.44E-04
2055,-3.49E-04,-6.52E-04,-7.71E-04,-1.95E-04,-5.32E-04,-4.25E-04,-5.00E-04,-8.13E-04,-4.30E-04,-2.34E-04,-4.44E-04,-2.47E-04,-6.19E-04,-1.97E-04,-5.62E-04,-2.59E-04,-5.02E-04,-6.91E-04,-3.85E-04,-1.41E-04
2056,-3.60E-04,-6.60E-04,-7.73E-04,-1.91E-04,-5.32E-04,-4.20E-04,-5.15E-04,-8.21E-04,-4.33E-04,-2.32E-04,-4.37E-04,-2.36E-04,-6.15E-04,-2.01E-04,-5.60E-04,-2.53E-04,-5.01E-04,-6.90E-04,-3.87E-04,-1.37E-04
2057,-3.70E-04,-6.65E-04,-7.74E-04,-1.87E-04,-5.31E-04,-4.13E-04,-5.29E-04,-8.29E-04,-4.36E-04,-2.29E-04,-4.26E-04,-2.27E-04,-6.08E-04,-2.04E-04,-5.58E-04,-2.47E-04,-4.98E-04,-6.90E-04,-3.89E-04,-1.34E-04
2058,-3.79E-04,-6.70E-04,-7.74E-04,-1.84E-04,-5.30E-04,-4.07E-04,-5.43E-04,-8.34E-04,-4.38E-04,-2.25E-04,-4.10E-04,-2.20E-04,-5.99E-04,-2.07E-04,-5.55E-04,-2.40E-04,-4.94E-04,-6.89E-04,-3.90E-04,-1.30E-04
2059,-3.87E-04,-6.72E-04,-7.72E-04,-1.81E-04,-5.28E-04,-3.99E-04,-5.55E-04,-8.39E-04,-4.38E-04,-2.20E-04,-3.92E-04,-2.15E-04,-5.88E-04,-2.10E-04,-5.53E-04,-2.34E-04,-4.89E-04,-6.87E-04,-3.90E-04,-1.26E-04
2060,-3.92E-04,-6.72E-04,-7.69E-04,-1.78E-04,-5.26E-04,-3.91E-04,-5.65E-04,-8.42E-04,-4.38E-04,-2.14E-04,-3.71E-04,-2.13E-04,-5.74E-04,-2.12E-04,-5.50E-04,-2.26E-04,-4.82E-04,-6.85E-04,-3.90E-04,-1.22E-04
2061,-3.93E-04,-6.70E-04,-7.64E-04,-1.75E-04,-5.23E-04,-3.81E-04,-5.73E-04,-8.43E-04,-4.36E-04,-2.06E-04,-3.50E-04,-2.12E-04,-5.59E-04,-2.13E-04,-5.47E-04,-2.19E-04,-4.73E-04,-6.83E-04,-3.89E-04,-1.18E-04
2062,-3.91E-04,-6.67E-04,-7.59E-04,-1.72E-04,-5.19E-04,-3.71E-04,-5.77E-04,-8.42E-04,-4.33E-04,-1.98E-04,-3.28E-04,-2.12E-04,-5.42E-04,-2.14E-04,-5.45E-04,-2.11E-04,-4.63E-04,-6.79E-04,-3.88E-04,-1.13E-04
2063,-3.83E-04,-6.61E-04,-7.52E-04,-1.68E-04,-5.14E-04,-3.59E-04,-5.79E-04,-8.40E-04,-4.29E-04,-1.88E-04,-3.07E-04,-2.13E-04,-5.25E-04,-2.15E-04,-5.42E-04,-2.03E-04,-4.52E-04,-6.75E-04,-3.86E-04,-1.07E-04
2064,-3.71E-04,-6.53E-04,-7.43E-04,-1.64E-04,-5.08E-04,-3.46E-04,-5.78E-04,-8.36E-04,-4.23E-04,-1.77E-04,-2.89E-04,-2.14E-04,-5.08E-04,-2.15E-04,-5.40E-04,-1.95E-04,-4.39E-04,-6.71E-04,-3.83E-04,-1.01E-04
2065,-3.55E-04,-6.44E-04,-7.34E-04,-1.60E-04,-5.01E-04,-3.33E-04,-5.73E-04,-8.31E-04,-4.17E-04,-1.65E-04,-2.73E-04,-2.16E-04,-4.91E-04,-2.14E-04,-5.37E-04,-1.87E-04,-4.27E-04,-6.65E-04,-3.80E-04,-9.38E-05
2066,-3.33E-04,-6.34E-04,-7.24E-04,-1.55E-04,-4.94E-04,-3.19E-04,-5.67E-04,-8.24E-04,-4.09E-04,-1.52E-04,-2.60E-04,-2.16E-04,-4.75E-04,-2.14E-04,-5.35E-04,-1.79E-04,-4.15E-04,-6.59E-04,-3.76E-04,-8.66E-05
2067,-3.08E-04,-6.23E-04,-7.13E-04,-1.49E-04,-4.86E-04,-3.04E-04,-5.58E-04,-8.15E-04,-4.00E-04,-1.39E-04,-2.51E-04,-2.16E-04,-4.60E-04,-2.13E-04,-5.32E-04,-1.71E-04,-4.03E-04,-6.53E-04,-3.72E-04,-7.90E-05
2068,-2.79E-04,-6.12E-04,-7.02E-04,-1.44E-04,-4.78E-04,-2.89E-04,-5.48E-04,-8.06E-04,-3.91E-04,-1.27E-04,-2.46E-04,-2.15E-04,-4.48E-04,-2.13E-04,-5.29E-04,-1.64E-04,-3.91E-04,-6.46E-04,-3.68E-04,-7.14E-05
2069,-2.47E-04,-6.00E-04,-6.90E-04,-1.38E-04,-4.69E-04,-2.74E-04,-5.37E-04,-7.96E-04,-3.82E-04,-1.14E-04,-2.44E-04,-2.13E-04,-4.37E-04,-2.13E-04,-5.26E-04,-1.58E-04,-3.81E-04,-6.39E-04,-3.63E-04,-6.38E-05
2070,-2.13E-04,-5.89E-04,-6.77E-04,-1.32E-04,-4.61E-04,-2.59E-04,-5.26E-04,-7.85E-04,-3.72E-04,-1.03E-04,-2.45E-04,-2.09E-04,-4.29E-04,-2.13E-04,-5.23E-04,-1.52E-04,-3.73E-04,-6.32E-04,-3.58E-04,-5.66E-05
2071,-1.79E-04,-5.78E-04,-6.64E-04,-1.26E-04,-4.52E-04,-2.45E-04,-5.15E-04,-7.74E-04,-3.62E-04,-9.28E-05,-2.48E-04,-2.04E-04,-4.23E-04,-2.14E-04,-5.19E-04,-1.48E-04,-3.66E-04,-6.26E-04,-3.53E-04,-4.99E-05
2072,-1.45E-04,-5.68E-04,-6.51E-04,-1.21E-04,-4.44E-04,-2.32E-04,-5.06E-04,-7.62E-04,-3.52E-04,-8.41E-05,-2.52E-04,-1.99E-04,-4.19E-04,-2.16E-04,-5.15E-04,-1.45E-04,-3.62E-04,-6.19E-04,-3.49E-04,-4.40E-05
2073,-1.12E-04,-5.59E-04,-6.38E-04,-1.16E-04,-4.36E-04,-2.20E-04,-4.98E-04,-7.50E-04,-3.43E-04,-7.70E-05,-2.56E-04,-1.92E-04,-4.17E-04,-2.19E-04,-5.11E-04,-1.43E-04,-3.59E-04,-6.14E-04,-3.45E-04,-3.90E-05
2074,-8.19E-05,-5.52E-04,-6.25E-04,-1.12E-04,-4.29E-04,-2.09E-04,-4.92E-04,-7.38E-04,-3.34E-04,-7.16E-05,-2.60E-04,-1.85E-04,-4.17E-04,-2.22E-04,-5.06E-04,-1.42E-04,-3.58E-04,-6.09E-04,-3.41E-04,-3.52E-05
2075,-5.44E-05,-5.46E-04,-6.13E-04,-1.08E-04,-4.23E-04,-2.00E-04,-4.87E-04,-7.27E-04,-3.26E-04,-6.80E-05,-2.63E-04,-1.78E-04,-4.18E-04,-2.26E-04,-5.01E-04,-1.42E-04,-3.58E-04,-6.05E-04,-3.38E-04,-3.25E-05
2076,-3.06E-05,-5.41E-04,-6.01E-04,-1.06E-04,-4.17E-04,-1.92E-04,-4.84E-04,-7.16E-04,-3.18E-04,-6.61E-05,-2.64E-04,-1.70E-04,-4.19E-04,-2.30E-04,-4.95E-04,-1.44E-04,-3.60E-04,-6.02E-04,-3.35E-04,-3.11E-05
2077,-1.09E-05,-5.37E-04,-5.89E-04,-1.04E-04,-4.12E-04,-1.86E-04,-4.82E-04,-7.05E-04,-3.11E-04,-6.58E-05,-2.62E-04,-1.63E-04,-4.21E-04,-2.35E-04,-4.89E-04,-1.46E-04,-3.62E-04,-5.99E-04,-3.32E-04,-3.10E-05
2078,4.63E-06,-5.34E-04,-5.78E-04,-1.04E-04,-4.08E-04,-1.82E-04,-4.82E-04,-6.94E-04,-3.05E-04,-6.68E-05,-2.57E-04,-1.57E-04,-4.23E-04,-2.41E-04,-4.83E-04,-1.49E-04,-3.66E-04,-5.98E-04,-3.30E-04,-3.21E-05
2079,1.60E-05,-5.31E-04,-5.68E-04,-1.04E-04,-4.05E-04,-1.79E-04,-4.82E-04,-6.84E-04,-2.99E-04,-6.88E-05,-2.50E-04,-1.52E-04,-4.24E-04,-2.47E-04,-4.76E-04,-1.54E-04,-3.69E-04,-5.97E-04,-3.28E-04,-3.43E-05
2080,2.35E-05,-5.28E-04,-5.59E-04,-1.05E-04,-4.02E-04,-1.78E-04,-4.82E-04,-6.74E-04,-2.94E-04,-7.16E-05,-2.40E-04,-1.47E-04,-4.24E-04,-2.52E-04,-4.69E-04,-1.58E-04,-3.72E-04,-5.98E-04,-3.26E-04,-3.74E-05
2081,2.76E-05,-5.26E-04,-5.51E-04,-1.06E-04,-3.99E-04,-1.78E-04,-4.81E-04,-6.65E-04,-2.89E-04,-7.47E-05,-2.28E-04,-1.44E-04,-4.23E-04,-2.58E-04,-4.62E-04,-1.63E-04,-3.73E-04,-5.98E-04,-3.24E-04,-4.13E-05
2082,2.90E-05,-5.22E-04,-5.43E-04,-1.07E-04,-3.96E-04,-1.79E-04,-4.80E-04,-6.56E-04,-2.85E-04,-7.79E-05,-2.15E-04,-1.41E-04,-4.21E-04,-2.63E-04,-4.55E-04,-1.68E-04,-3.74E-04,-6.00E-04,-3.23E-04,-4.57E-05
2083,2.85E-05,-5.17E-04,-5.35E-04,-1.08E-04,-3.93E-04,-1.80E-04,-4.77E-04,-6.48E-04,-2.81E-04,-8.08E-05,-2.02E-04,-1.40E-04,-4.17E-04,-2.68E-04,-4.47E-04,-1.74E-04,-3.74E-04,-6.01E-04,-3.21E-04,-5.04E-05
2084,2.71E-05,-5.11E-04,-5.28E-04,-1.09E-04,-3.90E-04,-1.82E-04,-4.73E-04,-6.40E-04,-2.77E-04,-8.32E-05,-1.89E-04,-1.40E-04,-4.11E-04,-2.71E-04,-4.40E-04,-1.79E-04,-3.71E-04,-6.03E-04,-3.20E-04,-5.52E-05
2085,2.57E-05,-5.04E-04,-5.21E-04,-1.09E-04,-3.86E-04,-1.84E-04,-4.67E-04,-6.32E-04,-2.73E-04,-8.48E-05,-1.78E-04,-1.41E-04,-4.05E-04,-2.74E-04,-4.32E-04,-1.83E-04,-3.68E-04,-6.04E-04,-3.18E-04,-5.98E-05
2086,2.51E-05,-4.94E-04,-5.14E-04,-1.08E-04,-3.82E-04,-1.85E-04,-4.60E-04,-6.24E-04,-2.69E-04,-8.55E-05,-1.70E-04,-1.42E-04,-3.97E-04,-2.76E-04,-4.25E-04,-1.87E-04,-3.62E-04,-6.05E-04,-3.16E-04,-6.41E-05
2087,2.62E-05,-4.83E-04,-5.07E-04,-1.06E-04,-3.76E-04,-1.87E-04,-4.52E-04,-6.16E-04,-2.65E-04,-8.52E-05,-1.64E-04,-1.44E-04,-3.89E-04,-2.77E-04,-4.18E-04,-1.91E-04,-3.55E-04,-6.06E-04,-3.14E-04,-6.80E-05
2088,2.95E-05,-4.69E-04,-4.99E-04,-1.02E-04,-3.70E-04,-1.88E-04,-4.42E-04,-6.08E-04,-2.61E-04,-8.40E-05,-1.63E-04,-1.47E-04,-3.81E-04,-2.77E-04,-4.11E-04,-1.95E-04,-3.46E-04,-6.06E-04,-3.11E-04,-7.14E-05
2089,3.56E-05,-4.55E-04,-4.91E-04,-9.78E-05,-3.63E-04,-1.89E-04,-4.32E-04,-6.00E-04,-2.57E-04,-8.20E-05,-1.65E-04,-1.50E-04,-3.74E-04,-2.76E-04,-4.04E-04,-1.98E-04,-3.37E-04,-6.06E-04,-3.09E-04,-7.42E-05
2090,4.46E-05,-4.38E-04,-4.82E-04,-9.18E-05,-3.55E-04,-1.89E-04,-4.22E-04,-5.93E-04,-2.52E-04,-7.92E-05,-1.72E-04,-1.53E-04,-3.67E-04,-2.74E-04,-3.98E-04,-2.00E-04,-3.27E-04,-6.05E-04,-3.06E-04,-7.65E-05
2091,5.66E-05,-4.21E-04,-4.73E-04,-8.47E-05,-3.46E-04,-1.88E-04,-4.13E-04,-5.85E-04,-2.48E-04,-7.61E-05,-1.84E-04,-1.56E-04,-3.61E-04,-2.72E-04,-3.92E-04,-2.03E-04,-3.17E-04,-6.03E-04,-3.03E-04,-7.84E-05
2092,7.11E-05,-4.03E-04,-4.62E-04,-7.66E-05,-3.36E-04,-1.88E-04,-4.04E-04,-5.77E-04,-2.43E-04,-7.28E-05,-1.99E-04,-1.58E-04,-3.57E-04,-2.69E-04,-3.87E-04,-2.05E-04,-3.06E-04,-6.01E-04,-3.00E-04,-8.00E-05
2093,8.79E-05,-3.85E-04,-4.52E-04,-6.77E-05,-3.26E-04,-1.87E-04,-3.97E-04,-5.69E-04,-2.39E-04,-6.96E-05,-2.17E-04,-1.61E-04,-3.54E-04,-2.65E-04,-3.82E-04,-2.07E-04,-2.97E-04,-5.98E-04,-2.97E-04,-8.14E-05
2094,1.06E-04,-3.67E-04,-4.40E-04,-5.84E-05,-3.16E-04,-1.87E-04,-3.91E-04,-5.61E-04,-2.35E-04,-6.69E-05,-2.38E-04,-1.63E-04,-3.53E-04,-2.61E-04,-3.78E-04,-2.10E-04,-2.88E-04,-5.94E-04,-2.95E-04,-8.29E-05
2095,1.25E-04,-3.50E-04,-4.28E-04,-4.90E-05,-3.06E-04,-1.87E-04,-3.87E-04,-5.54E-04,-2.31E-04,-6.49E-05,-2.60E-04,-1.64E-04,-3.54E-04,-2.58E-04,-3.74E-04,-2.12E-04,-2.80E-04,-5.91E-04,-2.92E-04,-8.46E-05
2096,1.44E-04,-3.34E-04,-4.17E-04,-3.99E-05,-2.95E-04,-1.87E-04,-3.85E-04,-5.46E-04,-2.27E-04,-6.39E-05,-2.83E-04,-1.65E-04,-3.57E-04,-2.54E-04,-3.71E-04,-2.15E-04,-2.74E-04,-5.86E-04,-2.90E-04,-8.67E-05
2097,1.61E-04,-3.20E-04,-4.05E-04,-3.14E-05,-2.86E-04,-1.88E-04,-3.85E-04,-5.38E-04,-2.25E-04,-6.40E-05,-3.05E-04,-1.66E-04,-3.61E-04,-2.50E-04,-3.68E-04,-2.19E-04,-2.69E-04,-5.82E-04,-2.88E-04,-8.94E-05
2098,1.76E-04,-3.07E-04,-3.94E-04,-2.38E-05,-2.76E-04,-1.90E-04,-3.86E-04,-5.31E-04,-2.22E-04,-6.54E-05,-3.25E-04,-1.66E-04,-3.66E-04,-2.47E-04,-3.66E-04,-2.23E-04,-2.65E-04,-5.77E-04,-2.87E-04,-9.28E-05
2099,1.89E-04,-2.97E-04,-3.83E-04,-1.74E-05,-2.68E-04,-1.94E-04,-3.89E-04,-5.23E-04,-2.21E-04,-6.81E-05,-3.43E-04,-1.66E-04,-3.73E-04,-2.45E-04,-3.65E-04,-2.28E-04,-2.63E-04,-5.73E-04,-2.86E-04,-9.70E-05
2100,1.98E-04,-2.88E-04,-3.73E-04,-1.23E-05,-2.60E-04,-1.98E-04,-3.92E-04,-5.16E-04,-2.20E-04,-7.22E-05,-3.58E-04,-1.65E-04,-3.81E-04,-2.43E-04,-3.63E-04,-2.33E-04,-2.62E-04,-5.69E-04,-2.85E-04,-1.02E-04
2101,2.03E-04,-2.82E-04,-3.64E-04,-8.74E-06,-2.53E-04,-2.04E-04,-3.95E-04,-5.09E-04,-2.21E-04,-7.75E-05,-3.69E-04,-1.64E-04,-3.88E-04,-2.41E-04,-3.63E-04,-2.39E-04,-2.62E-04,-5.64E-04,-2.85E-04,-1.08E-04
2102,2.04E-04,-2.77E-04,-3.56E-04,-6.72E-06,-2.47E-04,-2.11E-04,-3.98E-04,-5.02E-04,-2.21E-04,-8.38E-05,-3.76E-04,-1.64E-04,-3.96E-04,-2.40E-04,-3.62E-04,-2.46E-04,-2.63E-04,-5.61E-04,-2.86E-04,-1.14E-04
2103,2.01E-04,-2.74E-04,-3.50E-04,-6.22E-06,-2.41E-04,-2.20E-04,-3.99E-04,-4.96E-04,-2.23E-04,-9.10E-05,-3.78E-04,-1.63E-04,-4.04E-04,-2.40E-04,-3.62E-04,-2.53E-04,-2.64E-04,-5.57E-04,-2.87E-04,-1.21E-04
2104,1.94E-04,-2.73E-04,-3.45E-04,-7.14E-06,-2.37E-04,-2.29E-04,-3.99E-04,-4.90E-04,-2.25E-04,-9.88E-05,-3.77E-04,-1.64E-04,-4.11E-04,-2.40E-04,-3.62E-04,-2.60E-04,-2.66E-04,-5.54E-04,-2.88E-04,-1.28E-04
2105,1.84E-04,-2.72E-04,-3.41E-04,-9.34E-06,-2.32E-04,-2.40E-04,-3.98E-04,-4.84E-04,-2.28E-04,-1.07E-04,-3.72E-04,-1.64E-04,-4.18E-04,-2.40E-04,-3.62E-04,-2.67E-04,-2.67E-04,-5.51E-04,-2.90E-04,-1.35E-04
2106,1.72E-04,-2.72E-04,-3.38E-04,-1.26E-05,-2.28E-04,-2.51E-04,-3.94E-04,-4.79E-04,-2.30E-04,-1.15E-04,-3.64E-04,-1.66E-04,-4.23E-04,-2.40E-04,-3.62E-04,-2.75E-04,-2.69E-04,-5.49E-04,-2.92E-04,-1.43E-04
2107,1.59E-04,-2.72E-04,-3.36E-04,-1.67E-05,-2.24E-04,-2.63E-04,-3.88E-04,-4.74E-04,-2.34E-04,-1.23E-04,-3.53E-04,-1.69E-04,-4.29E-04,-2.41E-04,-3.62E-04,-2.82E-04,-2.69E-04,-5.46E-04,-2.94E-04,-1.50E-04
2108,1.45E-04,-2.72E-04,-3.35E-04,-2.14E-05,-2.20E-04,-2.75E-04,-3.80E-04,-4.69E-04,-2.37E-04,-1.30E-04,-3.41E-04,-1.73E-04,-4.33E-04,-2.42E-04,-3.62E-04,-2.89E-04,-2.70E-04,-5.45E-04,-2.96E-04,-1.56E-04
2109,1.32E-04,-2.71E-04,-3.35E-04,-2.65E-05,-2.16E-04,-2.87E-04,-3.69E-04,-4.66E-04,-2.40E-04,-1.36E-04,-3.28E-04,-1.79E-04,-4.37E-04,-2.43E-04,-3.61E-04,-2.96E-04,-2.70E-04,-5.43E-04,-2.98E-04,-1.61E-04
2110,1.21E-04,-2.70E-04,-3.35E-04,-3.18E-05,-2.11E-04,-2.98E-04,-3.58E-04,-4.63E-04,-2.43E-04,-1.41E-04,-3.15E-04,-1.87E-04,-4.41E-04,-2.44E-04,-3.61E-04,-3.02E-04,-2.69E-04,-5.42E-04,-3.00E-04,-1.66E-04
2111,1.13E-04,-2.68E-04,-3.35E-04,-3.70E-05,-2.06E-04,-3.10E-04,-3.45E-04,-4.61E-04,-2.46E-04,-1.46E-04,-3.03E-04,-1.96E-04,-4.44E-04,-2.44E-04,-3.59E-04,-3.08E-04,-2.68E-04,-5.41E-04,-3.02E-04,-1.69E-04
2112,1.08E-04,-2.65E-04,-3.35E-04,-4.20E-05,-2.01E-04,-3.20E-04,-3.33E-04,-4.60E-04,-2.49E-04,-1.49E-04,-2.92E-04,-2.07E-04,-4.47E-04,-2.45E-04,-3.58E-04,-3.13E-04,-2.67E-04,-5.40E-04,-3.05E-04,-1.72E-04
2113,1.07E-04,-2.61E-04,-3.35E-04,-4.68E-05,-1.95E-04,-3.30E-04,-3.20E-04,-4.60E-04,-2.51E-04,-1.51E-04,-2.82E-04,-2.19E-04,-4.51E-04,-2.46E-04,-3.56E-04,-3.17E-04,-2.66E-04,-5.39E-04,-3.07E-04,-1.73E-04
2114,1.09E-04,-2.57E-04,-3.35E-04,-5.14E-05,-1.88E-04,-3.40E-04,-3.08E-04,-4.61E-04,-2.53E-04,-1.52E-04,-2.75E-04,-2.33E-04,-4.55E-04,-2.47E-04,-3.54E-04,-3.21E-04,-2.65E-04,-5.38E-04,-3.08E-04,-1.73E-04
2115,1.15E-04,-2.52E-04,-3.34E-04,-5.58E-05,-1.81E-04,-3.48E-04,-2.98E-04,-4.62E-04,-2.54E-04,-1.52E-04,-2.69E-04,-2.48E-04,-4.59E-04,-2.48E-04,-3.51E-04,-3.24E-04,-2.65E-04,-5.37E-04,-3.10E-04,-1.72E-04
2116,1.24E-04,-2.47E-04,-3.34E-04,-6.01E-05,-1.73E-04,-3.56E-04,-2.90E-04,-4.65E-04,-2.56E-04,-1.52E-04,-2.66E-04,-2.64E-04,-4.64E-04,-2.49E-04,-3.48E-04,-3.26E-04,-2.65E-04,-5.36E-04,-3.12E-04,-1.70E-04
2117,1.36E-04,-2.43E-04,-3.33E-04,-6.45E-05,-1.66E-04,-3.62E-04,-2.85E-04,-4.69E-04,-2.56E-04,-1.51E-04,-2.65E-04,-2.80E-04,-4.69E-04,-2.51E-04,-3.46E-04,-3.29E-04,-2.67E-04,-5.36E-04,-3.14E-04,-1.68E-04
2118,1.49E-04,-2.39E-04,-3.32E-04,-6.90E-05,-1.58E-04,-3.68E-04,-2.83E-04,-4.74E-04,-2.57E-04,-1.50E-04,-2.65E-04,-2.96E-04,-4.74E-04,-2.54E-04,-3.43E-04,-3.30E-04,-2.69E-04,-5.35E-04,-3.16E-04,-1.65E-04
2119,1.61E-04,-2.35E-04,-3.31E-04,-7.39E-05,-1.50E-04,-3.74E-04,-2.83E-04,-4.79E-04,-2.58E-04,-1.50E-04,-2.68E-04,-3.11E-04,-4.80E-04,-2.57E-04,-3.40E-04,-3.32E-04,-2.73E-04,-5.35E-04,-3.19E-04,-1.62E-04
2120,1.73E-04,-2.34E-04,-3.31E-04,-7.93E-05,-1.43E-04,-3.79E-04,-2.87E-04,-4.85E-04,-2.59E-04,-1.50E-04,-2.71E-04,-3.26E-04,-4.86E-04,-2.60E-04,-3.37E-04,-3.33E-04,-2.78E-04,-5.34E-04,-3.21E-04,-1.59E-04
2121,1.83E-04,-2.34E-04,-3.31E-04,-8.54E-05,-1.36E-04,-3.84E-04,-2.94E-04,-4.92E-04,-2.60E-04,-1.50E-04,-2.76E-04,-3.40E-04,-4.92E-04,-2.65E-04,-3.34E-04,-3.35E-04,-2.85E-04,-5.34E-04,-3.24E-04,-1.56E-04
2122,1.89E-04,-2.35E-04,-3.31E-04,-9.24E-05,-1.29E-04,-3.88E-04,-3.03E-04,-4.99E-04,-2.61E-04,-1.52E-04,-2.81E-04,-3.53E-04,-4.98E-04,-2.70E-04,-3.32E-04,-3.37E-04,-2.93E-04,-5.35E-04,-3.27E-04,-1.54E-04
2123,1.90E-04,-2.39E-04,-3.33E-04,-1.00E-04,-1.24E-04,-3.93E-04,-3.15E-04,-5.07E-04,-2.63E-04,-1.55E-04,-2.87E-04,-3.64E-04,-5.03E-04,-2.76E-04,-3.30E-04,-3.38E-04,-3.02E-04,-5.35E-04,-3.31E-04,-1.53E-04
2124,1.87E-04,-2.45E-04,-3.36E-04,-1.09E-04,-1.19E-04,-3.97E-04,-3.29E-04,-5.15E-04,-2.65E-04,-1.59E-04,-2.93E-04,-3.73E-04,-5.08E-04,-2.83E-04,-3.29E-04,-3.41E-04,-3.12E-04,-5.36E-04,-3.35E-04,-1.52E-04
2125,1.77E-04,-2.54E-04,-3.40E-04,-1.19E-04,-1.15E-04,-4.02E-04,-3.44E-04,-5.22E-04,-2.68E-04,-1.64E-04,-2.99E-04,-3.81E-04,-5.13E-04,-2.91E-04,-3.28E-04,-3.43E-04,-3.23E-04,-5.38E-04,-3.40E-04,-1.53E-04
2126,1.62E-04,-2.64E-04,-3.46E-04,-1.29E-04,-1.13E-04,-4.07E-04,-3.59E-04,-5.30E-04,-2.72E-04,-1.70E-04,-3.06E-04,-3.88E-04,-5.17E-04,-2.99E-04,-3.27E-04,-3.46E-04,-3.35E-04,-5.40E-04,-3.45E-04,-1.54E-04
2127,1.42E-04,-2.77E-04,-3.53E-04,-1.41E-04,-1.12E-04,-4.11E-04,-3.76E-04,-5.38E-04,-2.76E-04,-1.78E-04,-3.13E-04,-3.93E-04,-5.22E-04,-3.08E-04,-3.27E-04,-3.49E-04,-3.47E-04,-5.42E-04,-3.51E-04,-1.57E-04
2128,1.16E-04,-2.91E-04,-3.61E-04,-1.53E-04,-1.12E-04,-4.16E-04,-3.92E-04,-5.45E-04,-2.81E-04,-1.86E-04,-3.20E-04,-3.97E-04,-5.26E-04,-3.18E-04,-3.28E-04,-3.52E-04,-3.60E-04,-5.45E-04,-3.58E-04,-1.60E-04
2129,8.54E-05,-3.07E-04,-3.71E-04,-1.66E-04,-1.13E-04,-4.22E-04,-4.07E-04,-5.52E-04,-2.86E-04,-1.96E-04,-3.27E-04,-4.02E-04,-5.30E-04,-3.27E-04,-3.29E-04,-3.56E-04,-3.74E-04,-5.49E-04,-3.65E-04,-1.64E-04
2130,5.20E-05,-3.25E-04,-3.82E-04,-1.79E-04,-1.16E-04,-4.27E-04,-4.22E-04,-5.59E-04,-2.92E-04,-2.06E-04,-3.35E-04,-4.06E-04,-5.34E-04,-3.37E-04,-3.31E-04,-3.60E-04,-3.87E-04,-5.53E-04,-3.72E-04,-1.69E-04
2131,1.65E-05,-3.44E-04,-3.94E-04,-1.92E-04,-1.19E-04,-4.32E-04,-4.36E-04,-5.66E-04,-2.99E-04,-2.16E-04,-3.44E-04,-4.10E-04,-5.40E-04,-3.46E-04,-3.33E-04,-3.64E-04,-4.01E-04,-5.57E-04,-3.80E-04,-1.74E-04
2132,-1.95E-05,-3.63E-04,-4.08E-04,-2.04E-04,-1.24E-04,-4.36E-04,-4.50E-04,-5.72E-04,-3.06E-04,-2.26E-04,-3.54E-04,-4.16E-04,-5.45E-04,-3.55E-04,-3.35E-04,-3.68E-04,-4.15E-04,-5.62E-04,-3.89E-04,-1.79E-04
2133,-5.49E-05,-3.83E-04,-4.22E-04,-2.17E-04,-1.30E-04,-4.41E-04,-4.62E-04,-5.78E-04,-3.13E-04,-2.36E-04,-3.64E-04,-4.22E-04,-5.52E-04,-3.64E-04,-3.38E-04,-3.72E-04,-4.29E-04,-5.68E-04,-3.97E-04,-1.84E-04
2134,-8.84E-05,-4.04E-04,-4.36E-04,-2.29E-04,-1.37E-04,-4.44E-04,-4.73E-04,-5.85E-04,-3.21E-04,-2.45E-04,-3.75E-04,-4.30E-04,-5.60E-04,-3.72E-04,-3.41E-04,-3.75E-04,-4.42E-04,-5.74E-04,-4.06E-04,-1.89E-04
2135,-1.19E-04,-4.24E-04,-4.51E-04,-2.40E-04,-1.45E-04,-4.48E-04,-4.83E-04,-5.91E-04,-3.28E-04,-2.53E-04,-3.86E-04,-4.39E-04,-5.69E-04,-3.79E-04,-3.44E-04,-3.79E-04,-4.56E-04,-5.80E-04,-4.15E-04,-1.94E-04
2136,-1.45E-04,-4.44E-04,-4.66E-04,-2.51E-04,-1.53E-04,-4.50E-04,-4.93E-04,-5.97E-04,-3.35E-04,-2.60E-04,-3.98E-04,-4.49E-04,-5.79E-04,-3.86E-04,-3.47E-04,-3.82E-04,-4.70E-04,-5.87E-04,-4.24E-04,-1.98E-04
2137,-1.68E-04,-4.64E-04,-4.82E-04,-2.61E-04,-1.61E-04,-4.52E-04,-5.02E-04,-6.04E-04,-3.42E-04,-2.66E-04,-4.09E-04,-4.61E-04,-5.89E-04,-3.91E-04,-3.51E-04,-3.85E-04,-4.83E-04,-5.93E-04,-4.33E-04,-2.01E-04
2138,-1.85E-04,-4.84E-04,-4.96E-04,-2.69E-04,-1.69E-04,-4.52E-04,-5.11E-04,-6.10E-04,-3.48E-04,-2.70E-04,-4.21E-04,-4.73E-04,-6.01E-04,-3.96E-04,-3.54E-04,-3.87E-04,-4.96E-04,-6.00E-04,-4.41E-04,-2.04E-04
2139,-1.98E-04,-5.03E-04,-5.11E-04,-2.77E-04,-1.77E-04,-4.52E-04,-5.20E-04,-6.17E-04,-3.54E-04,-2.74E-04,-4.31E-04,-4.87E-04,-6.13E-04,-3.99E-04,-3.58E-04,-3.89E-04,-5.09E-04,-6.06E-04,-4.49E-04,-2.05E-04
2140,-2.07E-04,-5.21E-04,-5.25E-04,-2.84E-04,-1.85E-04,-4.51E-04,-5.29E-04,-6.24E-04,-3.60E-04,-2.75E-04,-4.41E-04,-5.01E-04,-6.24E-04,-4.02E-04,-3.62E-04,-3.91E-04,-5.22E-04,-6.13E-04,-4.57E-04,-2.06E-04
2141,-2.13E-04,-5.39E-04,-5.38E-04,-2.89E-04,-1.92E-04,-4.49E-04,-5.38E-04,-6.30E-04,-3.64E-04,-2.76E-04,-4.49E-04,-5.14E-04,-6.36E-04,-4.04E-04,-3.67E-04,-3.92E-04,-5.35E-04,-6.19E-04,-4.64E-04,-2.06E-04
2142,-2.16E-04,-5.55E-04,-5.51E-04,-2.94E-04,-1.98E-04,-4.46E-04,-5.48E-04,-6.37E-04,-3.68E-04,-2.75E-04,-4.56E-04,-5.27E-04,-6.46E-04,-4.06E-04,-3.71E-04,-3.92E-04,-5.47E-04,-6.25E-04,-4.70E-04,-2.06E-04
2143,-2.17E-04,-5.71E-04,-5.63E-04,-2.98E-04,-2.03E-04,-4.43E-04,-5.58E-04,-6.44E-04,-3.71E-04,-2.74E-04,-4.60E-04,-5.39E-04,-6.55E-04,-4.07E-04,-3.75E-04,-3.93E-04,-5.59E-04,-6.31E-04,-4.76E-04,-2.05E-04
2144,-2.19E-04,-5.86E-04,-5.74E-04,-3.00E-04,-2.07E-04,-4.39E-04,-5.69E-04,-6.51E-04,-3.74E-04,-2.72E-04,-4.63E-04,-5.50E-04,-6.62E-04,-4.07E-04,-3.80E-04,-3.93E-04,-5.70E-04,-6.36E-04,-4.81E-04,-2.03E-04
2145,-2.21E-04,-6.00E-04,-5.84E-04,-3.02E-04,-2.09E-04,-4.34E-04,-5.80E-04,-6.57E-04,-3.76E-04,-2.69E-04,-4.64E-04,-5.58E-04,-6.68E-04,-4.07E-04,-3.85E-04,-3.93E-04,-5.81E-04,-6.41E-04,-4.85E-04,-2.02E-04
2146,-2.25E-04,-6.13E-04,-5.93E-04,-3.04E-04,-2.09E-04,-4.29E-04,-5.91E-04,-6.64E-04,-3.77E-04,-2.66E-04,-4.64E-04,-5.65E-04,-6.71E-04,-4.07E-04,-3.90E-04,-3.94E-04,-5.92E-04,-6.45E-04,-4.89E-04,-2.00E-04
2147,-2.32E-04,-6.25E-04,-6.01E-04,-3.04E-04,-2.08E-04,-4.24E-04,-6.03E-04,-6.69E-04,-3.79E-04,-2.63E-04,-4.62E-04,-5.70E-04,-6.71E-04,-4.08E-04,-3.96E-04,-3.94E-04,-6.01E-04,-6.50E-04,-4.93E-04,-1.98E-04
2148,-2.42E-04,-6.36E-04,-6.09E-04,-3.04E-04,-2.06E-04,-4.19E-04,-6.15E-04,-6.74E-04,-3.79E-04,-2.61E-04,-4.60E-04,-5.72E-04,-6.70E-04,-4.08E-04,-4.01E-04,-3.95E-04,-6.11E-04,-6.53E-04,-4.95E-04,-1.97E-04
2149,-2.55E-04,-6.45E-04,-6.16E-04,-3.04E-04,-2.02E-04,-4.14E-04,-6.28E-04,-6.79E-04,-3.80E-04,-2.58E-04,-4.56E-04,-5.72E-04,-6.66E-04,-4.08E-04,-4.06E-04,-3.96E-04,-6.19E-04,-6.57E-04,-4.98E-04,-1.95E-04
2150,-2.71E-04,-6.54E-04,-6.21E-04,-3.02E-04,-1.97E-04,-4.09E-04,-6.41E-04,-6.82E-04,-3.80E-04,-2.56E-04,-4.53E-04,-5.71E-04,-6.61E-04,-4.08E-04,-4.11E-04,-3.97E-04,-6.28E-04,-6.60E-04,-4.99E-04,-1.94E-04
2151,-2.91E-04,-6.62E-04,-6.26E-04,-3.01E-04,-1.91E-04,-4.04E-04,-6.53E-04,-6.85E-04,-3.80E-04,-2.55E-04,-4.51E-04,-5.68E-04,-6.54E-04,-4.08E-04,-4.16E-04,-3.98E-04,-6.35E-04,-6.62E-04,-5.01E-04,-1.93E-04
2152,-3.13E-04,-6.69E-04,-6.30E-04,-2.98E-04,-1.84E-04,-3.99E-04,-6.66E-04,-6.87E-04,-3.80E-04,-2.54E-04,-4.49E-04,-5.64E-04,-6.46E-04,-4.08E-04,-4.21E-04,-3.99E-04,-6.42E-04,-6.64E-04,-5.02E-04,-1.92E-04
2153,-3.36E-04,-6.75E-04,-6.33E-04,-2.96E-04,-1.76E-04,-3.94E-04,-6.78E-04,-6.88E-04,-3.80E-04,-2.54E-04,-4.48E-04,-5.59E-04,-6.38E-04,-4.08E-04,-4.25E-04,-4.00E-04,-6.49E-04,-6.66E-04,-5.02E-04,-1.91E-04
2154,-3.60E-04,-6.81E-04,-6.34E-04,-2.92E-04,-1.68E-04,-3.90E-04,-6.89E-04,-6.88E-04,-3.80E-04,-2.53E-04,-4.49E-04,-5.54E-04,-6.30E-04,-4.08E-04,-4.29E-04,-4.01E-04,-6.55E-04,-6.67E-04,-5.03E-04,-1.90E-04
2155,-3.83E-04,-6.85E-04,-6.34E-04,-2.88E-04,-1.59E-04,-3.85E-04,-7.00E-04,-6.86E-04,-3.80E-04,-2.52E-04,-4.52E-04,-5.48E-04,-6.22E-04,-4.07E-04,-4.32E-04,-4.02E-04,-6.61E-04,-6.67E-04,-5.03E-04,-1.88E-04
2156,-4.04E-04,-6.89E-04,-6.33E-04,-2.84E-04,-1.50E-04,-3.79E-04,-7.10E-04,-6.84E-04,-3.79E-04,-2.51E-04,-4.56E-04,-5.43E-04,-6.15E-04,-4.06E-04,-4.33E-04,-4.02E-04,-6.66E-04,-6.67E-04,-5.02E-04,-1.87E-04
2157,-4.22E-04,-6.92E-04,-6.31E-04,-2.79E-04,-1.41E-04,-3.73E-04,-7.19E-04,-6.80E-04,-3.78E-04,-2.49E-04,-4.61E-04,-5.39E-04,-6.09E-04,-4.04E-04,-4.34E-04,-4.01E-04,-6.70E-04,-6.67E-04,-5.01E-04,-1.85E-04
2158,-4.35E-04,-6.95E-04,-6.27E-04,-2.73E-04,-1.31E-04,-3.66E-04,-7.27E-04,-6.75E-04,-3.77E-04,-2.46E-04,-4.67E-04,-5.34E-04,-6.05E-04,-4.00E-04,-4.33E-04,-3.99E-04,-6.74E-04,-6.65E-04,-5.00E-04,-1.82E-04
2159,-4.44E-04,-6.97E-04,-6.21E-04,-2.66E-04,-1.22E-04,-3.58E-04,-7.33E-04,-6.68E-04,-3.74E-04,-2.41E-04,-4.74E-04,-5.31E-04,-6.02E-04,-3.96E-04,-4.31E-04,-3.96E-04,-6.76E-04,-6.62E-04,-4.99E-04,-1.78E-04
2160,-4.47E-04,-6.98E-04,-6.13E-04,-2.59E-04,-1.12E-04,-3.48E-04,-7.37E-04,-6.60E-04,-3.71E-04,-2.35E-04,-4.80E-04,-5.27E-04,-6.00E-04,-3.91E-04,-4.27E-04,-3.91E-04,-6.78E-04,-6.59E-04,-4.96E-04,-1.73E-04
2161,-4.43E-04,-6.99E-04,-6.04E-04,-2.50E-04,-1.01E-04,-3.37E-04,-7.39E-04,-6.50E-04,-3.66E-04,-2.26E-04,-4.85E-04,-5.24E-04,-5.99E-04,-3.84E-04,-4.22E-04,-3.84E-04,-6.78E-04,-6.54E-04,-4.93E-04,-1.67E-04
2162,-4.34E-04,-7.00E-04,-5.93E-04,-2.41E-04,-9.04E-05,-3.24E-04,-7.39E-04,-6.39E-04,-3.60E-04,-2.15E-04,-4.88E-04,-5.21E-04,-5.98E-04,-3.75E-04,-4.15E-04,-3.75E-04,-6.77E-04,-6.48E-04,-4.90E-04,-1.59E-04
2163,-4.19E-04,-7.00E-04,-5.79E-04,-2.30E-04,-7.87E-05,-3.08E-04,-7.36E-04,-6.25E-04,-3.53E-04,-2.02E-04,-4.89E-04,-5.17E-04,-5.98E-04,-3.65E-04,-4.06E-04,-3.64E-04,-6.73E-04,-6.41E-04,-4.85E-04,-1.51E-04
2164,-3.99E-04,-6.99E-04,-5.64E-04,-2.18E-04,-6.62E-05,-2.90E-04,-7.30E-04,-6.10E-04,-3.44E-04,-1.87E-04,-4.87E-04,-5.12E-04,-5.97E-04,-3.53E-04,-3.96E-04,-3.51E-04,-6.68E-04,-6.33E-04,-4.80E-04,-1.41E-04
2165,-3.75E-04,-6.97E-04,-5.47E-04,-2.06E-04,-5.26E-05,-2.70E-04,-7.22E-04,-5.93E-04,-3.33E-04,-1.69E-04,-4.81E-04,-5.06E-04,-5.95E-04,-3.40E-04,-3.84E-04,-3.37E-04,-6.61E-04,-6.23E-04,-4.74E-04,-1.29E-04
2166,-3.47E-04,-6.94E-04,-5.28E-04,-1.92E-04,-3.79E-05,-2.48E-04,-7.12E-04,-5.75E-04,-3.20E-04,-1.48E-04,-4.72E-04,-4.99E-04,-5.92E-04,-3.26E-04,-3.71E-04,-3.20E-04,-6.51E-04,-6.12E-04,-4.66E-04,-1.17E-04
2167,-3.16E-04,-6.91E-04,-5.06E-04,-1.77E-04,-2.20E-05,-2.23E-04,-6.99E-04,-5.55E-04,-3.06E-04,-1.27E-04,-4.58E-04,-4.90E-04,-5.86E-04,-3.10E-04,-3.57E-04,-3.01E-04,-6.39E-04,-6.00E-04,-4.59E-04,-1.03E-04
2168,-2.84E-04,-6.85E-04,-4.84E-04,-1.61E-04,-4.75E-06,-1.96E-04,-6.84E-04,-5.33E-04,-2.91E-04,-1.03E-04,-4.40E-04,-4.79E-04,-5.78E-04,-2.93E-04,-3.41E-04,-2.80E-04,-6.24E-04,-5.87E-04,-4.50E-04,-8.94E-05
2169,-2.52E-04,-6.78E-04,-4.59E-04,-1.44E-04,1.36E-05,-1.68E-04,-6.67E-04,-5.10E-04,-2.73E-04,-7.89E-05,-4.18E-04,-4.66E-04,-5.68E-04,-2.75E-04,-3.25E-04,-2.59E-04,-6.07E-04,-5.72E-04,-4.41E-04,-7.50E-05
2170,-2.20E-04,-6.70E-04,-4.33E-04,-1.27E-04,3.31E-05,-1.38E-04,-6.48E-04,-4.86E-04,-2.55E-04,-5.41E-05,-3.93E-04,-4.52E-04,-5.55E-04,-2.56E-04,-3.08E-04,-2.36E-04,-5.88E-04,-5.57E-04,-4.31E-04,-6.05E-05
2171,-1.89E-04,-6.60E-04,-4.06E-04,-1.09E-04,5.34E-05,-1.07E-04,-6.29E-04,-4.61E-04,-2.36E-04,-2.93E-05,-3.65E-04,-4.36E-04,-5.39E-04,-2.37E-04,-2.91E-04,-2.13E-04,-5.68E-04,-5.41E-04,-4.20E-04,-4.61E-05
2172,-1.60E-04,-6.48E-04,-3.78E-04,-9.04E-05,7.43E-05,-7.61E-05,-6.08E-04,-4.35E-04,-2.16E-04,-5.16E-06,-3.35E-04,-4.19E-04,-5.21E-04,-2.18E-04,-2.74E-04,-1.90E-04,-5.46E-04,-5.24E-04,-4.10E-04,-3.22E-05
2173,-1.33E-04,-6.34E-04,-3.50E-04,-7.22E-05,9.56E-05,-4.50E-05,-5.88E-04,-4.09E-04,-1.96E-04,1.79E-05,-3.03E-04,-4.01E-04,-5.02E-04,-1.99E-04,-2.57E-04,-1.67E-04,-5.23E-04,-5.06E-04,-3.99E-04,-1.91E-05
2174,-1.09E-04,-6.18E-04,-3.20E-04,-5.43E-05,1.17E-04,-1.43E-05,-5.68E-04,-3.83E-04,-1.76E-04,3.94E-05,-2.71E-04,-3.83E-04,-4.81E-04,-1.80E-04,-2.41E-04,-1.44E-04,-5.00E-04,-4.89E-04,-3.88E-04,-7.05E-06
2175,-8.60E-05,-6.00E-04,-2.91E-04,-3.67E-05,1.38E-04,1.53E-05,-5.49E-04,-3.57E-04,-1.56E-04,5.89E-05,-2.39E-04,-3.65E-04,-4.59E-04,-1.61E-04,-2.25E-04,-1.22E-04,-4.77E-04,-4.72E-04,-3.77E-04,3.79E-06
2176,-6.51E-05,-5.80E-04,-2.62E-04,-1.99E-05,1.58E-04,4.36E-05,-5.30E-04,-3.32E-04,-1.37E-04,7.62E-05,-2.08E-04,-3.47E-04,-4.36E-04,-1.43E-04,-2.09E-04,-1.01E-04,-4.54E-04,-4.55E-04,-3.67E-04,1.32E-05
2177,-4.55E-05,-5.59E-04,-2.33E-04,-4.00E-06,1.78E-04,7.00E-05,-5.13E-04,-3.08E-04,-1.19E-04,9.10E-05,-1.79E-04,-3.30E-04,-4.15E-04,-1.27E-04,-1.95E-04,-8.15E-05,-4.32E-04,-4.38E-04,-3.57E-04,2.11E-05
2178,-2.69E-05,-5.37E-04,-2.05E-04,1.09E-05,1.97E-04,9.44E-05,-4.98E-04,-2.84E-04,-1.02E-04,1.03E-04,-1.52E-04,-3.14E-04,-3.94E-04,-1.11E-04,-1.81E-04,-6.35E-05,-4.12E-04,-4.22E-04,-3.48E-04,2.75E-05
2179,-8.60E-06,-5.14E-04,-1.77E-04,2.47E-05,2.14E-04,1.16E-04,-4.84E-04,-2.61E-04,-8.57E-05,1.13E-04,-1.27E-04,-2.99E-04,-3.74E-04,-9.55E-05,-1.68E-04,-4.70E-05,-3.93E-04,-4.07E-04,-3.39E-04,3.22E-05
2180,9.84E-06,-4.89E-04,-1.51E-04,3.74E-05,2.31E-04,1.36E-04,-4.71E-04,-2.38E-04,-7.08E-05,1.20E-04,-1.06E-04,-2.86E-04,-3.56E-04,-8.15E-05,-1.56E-04,-3.20E-05,-3.76E-04,-3.94E-04,-3.31E-04,3.55E-05
2181,2.89E-05,-4.65E-04,-1.26E-04,4.90E-05,2.46E-04,1.53E-04,-4.59E-04,-2.17E-04,-5.71E-05,1.26E-04,-8.67E-05,-2.73E-04,-3.40E-04,-6.83E-05,-1.44E-04,-1.84E-05,-3.61E-04,-3.81E-04,-3.24E-04,3.74E-05
2182,4.89E-05,-4.40E-04,-1.02E-04,5.95E-05,2.61E-04,1.68E-04,-4.48E-04,-1.96E-04,-4.46E-05,1.29E-04,-7.05E-05,-2.61E-04,-3.25E-04,-5.61E-05,-1.33E-04,-6.30E-06,-3.47E-04,-3.69E-04,-3.17E-04,3.81E-05
2183,7.02E-05,-4.15E-04,-7.89E-05,6.92E-05,2.75E-04,1.81E-04,-4.38E-04,-1.75E-04,-3.31E-05,1.31E-04,-5.66E-05,-2.50E-04,-3.13E-04,-4.45E-05,-1.22E-04,4.65E-06,-3.35E-04,-3.59E-04,-3.11E-04,3.78E-05
2184,9.27E-05,-3.90E-04,-5.73E-05,7.82E-05,2.88E-04,1.91E-04,-4.27E-04,-1.55E-04,-2.25E-05,1.32E-04,-4.46E-05,-2.40E-04,-3.02E-04,-3.36E-05,-1.12E-04,1.46E-05,-3.24E-04,-3.50E-04,-3.06E-04,3.68E-05
2185,1.16E-04,-3.66E-04,-3.69E-05,8.68E-05,3.02E-04,2.00E-04,-4.15E-04,-1.34E-04,-1.26E-05,1.32E-04,-3.38E-05,-2.29E-04,-2.91E-04,-2.32E-05,-1.01E-04,2.38E-05,-3.14E-04,-3.42E-04,-3.01E-04,3.51E-05
2186,1.41E-04,-3.43E-04,-1.75E-05,9.52E-05,3.15E-04,2.07E-04,-4.02E-04,-1.14E-04,-3.09E-06,1.31E-04,-2.38E-05,-2.18E-04,-2.82E-04,-1.31E-05,-9.11E-05,3.23E-05,-3.05E-04,-3.35E-04,-2.96E-04,3.31E-05
2187,1.66E-04,-3.21E-04,8.86E-07,1.04E-04,3.29E-04,2.14E-04,-3.87E-04,-9.27E-05,6.13E-06,1.31E-04,-1.38E-05,-2.06E-04,-2.73E-04,-3.20E-06,-8.06E-05,4.05E-05,-2.96E-04,-3.29E-04,-2.93E-04,3.10E-05
2188,1.92E-04,-3.00E-04,1.84E-05,1.12E-04,3.44E-04,2.19E-04,-3.71E-04,-7.12E-05,1.53E-05,1.31E-04,-3.42E-06,-1.93E-04,-2.63E-04,6.63E-06,-7.01E-05,4.85E-05,-2.86E-04,-3.23E-04,-2.89E-04,2.89E-05
2189,2.17E-04,-2.79E-04,3.53E-05,1.21E-04,3.59E-04,2.24E-04,-3.52E-04,-4.91E-05,2.45E-05,1.32E-04,7.94E-06,-1.80E-04,-2.52E-04,1.65E-05,-5.94E-05,5.65E-05,-2.76E-04,-3.18E-04,-2.86E-04,2.69E-05
2190,2.42E-04,-2.60E-04,5.16E-05,1.31E-04,3.76E-04,2.29E-04,-3.31E-04,-2.63E-05,3.41E-05,1.33E-04,2.06E-05,-1.65E-04,-2.41E-04,2.64E-05,-4.85E-05,6.44E-05,-2.64E-04,-3.13E-04,-2.83E-04,2.52E-05
2191,2.66E-04,-2.42E-04,6.75E-05,1.41E-04,3.93E-04,2.33E-04,-3.07E-04,-3.07E-06,4.39E-05,1.35E-04,3.48E-05,-1.48E-04,-2.27E-04,3.63E-05,-3.77E-05,7.25E-05,-2.52E-04,-3.08E-04,-2.80E-04,2.37E-05
2192,2.88E-04,-2.24E-04,8.30E-05,1.51E-04,4.11E-04,2.38E-04,-2.82E-04,2.06E-05,5.40E-05,1.37E-04,5.07E-05,-1.31E-04,-2.13E-04,4.64E-05,-2.69E-05,8.06E-05,-2.38E-04,-3.03E-04,-2.78E-04,2.24E-05
2193,3.08E-04,-2.07E-04,9.83E-05,1.62E-04,4.30E-04,2.42E-04,-2.55E-04,4.44E-05,6.44E-05,1.40E-04,6.81E-05,-1.13E-04,-1.96E-04,5.64E-05,-1.63E-05,8.87E-05,-2.22E-04,-2.97E-04,-2.76E-04,2.12E-05
2194,3.25E-04,-1.90E-04,1.13E-04,1.73E-04,4.49E-04,2.46E-04,-2.26E-04,6.81E-05,7.51E-05,1.43E-04,8.68E-05,-9.48E-05,-1.78E-04,6.64E-05,-6.14E-06,9.67E-05,-2.06E-04,-2.91E-04,-2.75E-04,2.02E-05
2195,3.41E-04,-1.74E-04,1.28E-04,1.85E-04,4.67E-04,2.50E-04,-1.97E-04,9.15E-05,8.57E-05,1.45E-04,1.06E-04,-7.65E-05,-1.59E-04,7.61E-05,3.48E-06,1.05E-04,-1.88E-04,-2.85E-04,-2.74E-04,1.90E-05
2196,3.55E-04,-1.57E-04,1.43E-04,1.95E-04,4.85E-04,2.54E-04,-1.67E-04,1.14E-04,9.62E-05,1.48E-04,1.26E-04,-5.88E-05,-1.39E-04,8.54E-05,1.24E-05,1.12E-04,-1.70E-04,-2.77E-04,-2.73E-04,1.76E-05
2197,3.66E-04,-1.41E-04,1.58E-04,2.06E-04,5.02E-04,2.56E-04,-1.39E-04,1.36E-04,1.06E-04,1.49E-04,1.46E-04,-4.20E-05,-1.19E-04,9.42E-05,2.03E-05,1.19E-04,-1.52E-04,-2.70E-04,-2.73E-04,1.58E-05
2198,3.76E-04,-1.25E-04,1.72E-04,2.15E-04,5.17E-04,2.58E-04,-1.11E-04,1.56E-04,1.16E-04,1.50E-04,1.64E-04,-2.67E-05,-9.93E-05,1.02E-04,2.72E-05,1.25E-04,-1.35E-04,-2.62E-04,-2.73E-04,1.34E-05
2199,3.84E-04,-1.08E-04,1.86E-04,2.24E-04,5.30E-04,2.59E-04,-8.60E-05,1.75E-04,1.25E-04,1.49E-04,1.81E-04,-1.33E-05,-8.02E-05,1.09E-04,3.28E-05,1.30E-04,-1.18E-04,-2.53E-04,-2.74E-04,1.04E-05
2200,3.91E-04,-9.17E-05,2.00E-04,2.31E-04,5.40E-04,2.59E-04,-6.32E-05,1.91E-04,1.32E-04,1.48E-04,1.96E-04,-2.08E-06,-6.24E-05,1.16E-04,3.73E-05,1.34E-04,-1.03E-04,-2.45E-04,-2.76E-04,6.52E-06
2201,3.97E-04,-7.47E-05,2.14E-04,2.36E-04,5.48E-04,2.57E-04,-4.36E-05,2.07E-04,1.39E-04,1.44E-04,2.08E-04,6.73E-06,-4.63E-05,1.21E-04,4.04E-05,1.37E-04,-9.02E-05,-2.36E-04,-2.78E-04,1.82E-06
2202,4.03E-04,-5.75E-05,2.28E-04,2.39E-04,5.53E-04,2.53E-04,-2.73E-05,2.20E-04,1.44E-04,1.39E-04,2.16E-04,1.30E-05,-3.23E-05,1.25E-04,4.22E-05,1.38E-04,-7.94E-05,-2.28E-04,-2.81E-04,-3.76E-06
2203,4.08E-04,-4.02E-05,2.41E-04,2.41E-04,5.55E-04,2.48E-04,-1.47E-05,2.31E-04,1.48E-04,1.33E-04,2.20E-04,1.68E-05,-2.07E-05,1.27E-04,4.28E-05,1.38E-04,-7.13E-05,-2.21E-04,-2.84E-04,-1.02E-05
2204,4.13E-04,-2.28E-05,2.54E-04,2.40E-04,5.55E-04,2.40E-04,-5.75E-06,2.41E-04,1.50E-04,1.25E-04,2.20E-04,1.82E-05,-1.16E-05,1.29E-04,4.23E-05,1.37E-04,-6.60E-05,-2.14E-04,-2.87E-04,-1.74E-05
2205,4.18E-04,-5.57E-06,2.68E-04,2.38E-04,5.52E-04,2.31E-04,-3.02E-07,2.50E-04,1.51E-04,1.16E-04,2.16E-04,1.74E-05,-4.98E-06,1.29E-04,4.08E-05,1.35E-04,-6.35E-05,-2.08E-04,-2.91E-04,-2.53E-05
2206,4.23E-04,1.15E-05,2.81E-04,2.35E-04,5.46E-04,2.21E-04,1.92E-06,2.58E-04,1.51E-04,1.06E-04,2.08E-04,1.47E-05,-6.99E-07,1.28E-04,3.85E-05,1.31E-04,-6.37E-05,-2.03E-04,-2.95E-04,-3.37E-05
2207,4.29E-04,2.81E-05,2.94E-04,2.30E-04,5.40E-04,2.09E-04,1.34E-06,2.64E-04,1.50E-04,9.61E-05,1.96E-04,1.06E-05,1.46E-06,1.26E-04,3.56E-05,1.27E-04,-6.63E-05,-1.99E-04,-3.00E-04,-4.24E-05
2208,4.34E-04,4.42E-05,3.07E-04,2.23E-04,5.32E-04,1.96E-04,-1.50E-06,2.71E-04,1.48E-04,8.55E-05,1.80E-04,5.38E-06,1.79E-06,1.24E-04,3.22E-05,1.21E-04,-7.11E-05,-1.97E-04,-3.04E-04,-5.13E-05
2209,4.39E-04,5.95E-05,3.21E-04,2.17E-04,5.24E-04,1.82E-04,-5.98E-06,2.78E-04,1.45E-04,7.50E-05,1.61E-04,-5.72E-07,6.62E-07,1.20E-04,2.86E-05,1.15E-04,-7.75E-05,-1.96E-04,-3.07E-04,-6.01E-05
2210,4.43E-04,7.40E-05,3.35E-04,2.09E-04,5.15E-04,1.68E-04,-1.14E-05,2.84E-04,1.41E-04,6.49E-05,1.40E-04,-6.88E-06,-1.56E-06,1.17E-04,2.50E-05,1.08E-04,-8.51E-05,-1.97E-04,-3.11E-04,-6.86E-05
2211,4.47E-04,8.75E-05,3.49E-04,2.02E-04,5.08E-04,1.54E-04,-1.71E-05,2.92E-04,1.38E-04,5.54E-05,1.16E-04,-1.32E-05,-4.52E-06,1.13E-04,2.13E-05,1.01E-04,-9.32E-05,-1.98E-04,-3.14E-04,-7.66E-05
2212,4.51E-04,9.99E-05,3.63E-04,1.95E-04,5.02E-04,1.39E-04,-2.24E-05,2.99E-04,1.35E-04,4.68E-05,9.21E-05,-1.95E-05,-7.90E-06,1.08E-04,1.78E-05,9.42E-05,-1.02E-04,-2.01E-04,-3.17E-04,-8.40E-05
2213,4.53E-04,1.11E-04,3.77E-04,1.88E-04,4.97E-04,1.25E-04,-2.68E-05,3.08E-04,1.32E-04,3.92E-05,6.76E-05,-2.54E-05,-1.14E-05,1.04E-04,1.44E-05,8.70E-05,-1.09E-04,-2.05E-04,-3.19E-04,-9.07E-05
2214,4.54E-04,1.21E-04,3.92E-04,1.82E-04,4.94E-04,1.12E-04,-2.96E-05,3.17E-04,1.29E-04,3.26E-05,4.35E-05,-3.09E-05,-1.50E-05,1.00E-04,1.13E-05,7.98E-05,-1.16E-04,-2.09E-04,-3.20E-04,-9.65E-05
2215,4.54E-04,1.30E-04,4.06E-04,1.76E-04,4.93E-04,9.95E-05,-3.05E-05,3.27E-04,1.27E-04,2.72E-05,2.06E-05,-3.62E-05,-1.85E-05,9.60E-05,8.33E-06,7.27E-05,-1.22E-04,-2.13E-04,-3.21E-04,-1.01E-04
2216,4.53E-04,1.37E-04,4.20E-04,1.71E-04,4.94E-04,8.79E-05,-2.93E-05,3.36E-04,1.26E-04,2.26E-05,-5.81E-07,-4.14E-05,-2.20E-05,9.22E-05,5.47E-06,6.59E-05,-1.27E-04,-2.17E-04,-3.21E-04,-1.06E-04
2217,4.50E-04,1.43E-04,4.33E-04,1.67E-04,4.96E-04,7.72E-05,-2.59E-05,3.46E-04,1.25E-04,1.90E-05,-1.96E-05,-4.67E-05,-2.56E-05,8.86E-05,2.64E-06,5.93E-05,-1.30E-04,-2.21E-04,-3.21E-04,-1.09E-04
2218,4.46E-04,1.49E-04,4.46E-04,1.63E-04,5.00E-04,6.75E-05,-2.02E-05,3.56E-04,1.25E-04,1.60E-05,-3.60E-05,-5.24E-05,-2.95E-05,8.51E-05,-2.46E-07,5.30E-05,-1.32E-04,-2.25E-04,-3.20E-04,-1.12E-04
2219,4.41E-04,1.53E-04,4.57E-04,1.60E-04,5.05E-04,5.87E-05,-1.24E-05,3.64E-04,1.26E-04,1.35E-05,-4.96E-05,-5.87E-05,-3.39E-05,8.18E-05,-3.30E-06,4.69E-05,-1.33E-04,-2.28E-04,-3.19E-04,-1.14E-04
2220,4.36E-04,1.56E-04,4.67E-04,1.57E-04,5.10E-04,5.07E-05,-2.92E-06,3.72E-04,1.27E-04,1.11E-05,-6.04E-05,-6.60E-05,-3.90E-05,7.85E-05,-6.59E-06,4.10E-05,-1.32E-04,-2.30E-04,-3.18E-04,-1.15E-04
2221,4.29E-04,1.58E-04,4.75E-04,1.54E-04,5.15E-04,4.34E-05,7.95E-06,3.79E-04,1.28E-04,8.76E-06,-6.86E-05,-7.44E-05,-4.51E-05,7.52E-05,-1.02E-05,3.52E-05,-1.32E-04,-2.31E-04,-3.17E-04,-1.17E-04
2222,4.21E-04,1.60E-04,4.81E-04,1.52E-04,5.19E-04,3.67E-05,1.97E-05,3.83E-04,1.29E-04,6.18E-06,-7.44E-05,-8.43E-05,-5.25E-05,7.18E-05,-1.41E-05,2.96E-05,-1.30E-04,-2.32E-04,-3.15E-04,-1.18E-04
2223,4.13E-04,1.61E-04,4.85E-04,1.49E-04,5.23E-04,3.04E-05,3.19E-05,3.87E-04,1.30E-04,3.20E-06,-7.84E-05,-9.57E-05,-6.12E-05,6.82E-05,-1.84E-05,2.40E-05,-1.30E-04,-2.31E-04,-3.14E-04,-1.19E-04
2224,4.04E-04,1.62E-04,4.87E-04,1.46E-04,5.25E-04,2.44E-05,4.39E-05,3.88E-04,1.30E-04,-2.75E-07,-8.10E-05,-1.09E-04,-7.14E-05,6.43E-05,-2.30E-05,1.86E-05,-1.29E-04,-2.29E-04,-3.12E-04,-1.20E-04
2225,3.94E-04,1.63E-04,4.87E-04,1.42E-04,5.26E-04,1.86E-05,5.53E-05,3.88E-04,1.30E-04,-4.28E-06,-8.29E-05,-1.23E-04,-8.31E-05,6.02E-05,-2.77E-05,1.33E-05,-1.30E-04,-2.27E-04,-3.11E-04,-1.22E-04
2226,3.84E-04,1.64E-04,4.85E-04,1.39E-04,5.24E-04,1.31E-05,6.56E-05,3.87E-04,1.29E-04,-8.79E-06,-8.49E-05,-1.39E-04,-9.62E-05,5.59E-05,-3.26E-05,8.12E-06,-1.32E-04,-2.24E-04,-3.09E-04,-1.23E-04
2227,3.74E-04,1.65E-04,4.82E-04,1.35E-04,5.20E-04,7.72E-06,7.45E-05,3.84E-04,1.28E-04,-1.37E-05,-8.76E-05,-1.56E-04,-1.10E-04,5.13E-05,-3.73E-05,3.22E-06,-1.36E-04,-2.20E-04,-3.08E-04,-1.25E-04
2228,3.62E-04,1.66E-04,4.77E-04,1.31E-04,5.15E-04,2.64E-06,8.16E-05,3.80E-04,1.26E-04,-1.88E-05,-9.18E-05,-1.75E-04,-1.26E-04,4.65E-05,-4.18E-05,-1.32E-06,-1.42E-04,-2.16E-04,-3.07E-04,-1.27E-04
2229,3.50E-04,1.68E-04,4.72E-04,1.28E-04,5.07E-04,-2.08E-06,8.68E-05,3.76E-04,1.23E-04,-2.38E-05,-9.81E-05,-1.93E-04,-1.42E-04,4.17E-05,-4.58E-05,-5.39E-06,-1.49E-04,-2.12E-04,-3.06E-04,-1.28E-04
2230,3.38E-04,1.69E-04,4.66E-04,1.25E-04,4.99E-04,-6.28E-06,9.00E-05,3.72E-04,1.20E-04,-2.86E-05,-1.07E-04,-2.12E-04,-1.58E-04,3.70E-05,-4.91E-05,-8.84E-06,-1.57E-04,-2.07E-04,-3.06E-04,-1.30E-04
2231,3.25E-04,1.71E-04,4.60E-04,1.23E-04,4.89E-04,-9.77E-06,9.13E-05,3.68E-04,1.16E-04,-3.27E-05,-1.19E-04,-2.30E-04,-1.74E-04,3.26E-05,-5.15E-05,-1.15E-05,-1.67E-04,-2.03E-04,-3.05E-04,-1.32E-04
2232,3.12E-04,1.74E-04,4.55E-04,1.21E-04,4.79E-04,-1.24E-05,9.08E-05,3.64E-04,1.12E-04,-3.58E-05,-1.33E-04,-2.48E-04,-1.89E-04,2.85E-05,-5.30E-05,-1.32E-05,-1.78E-04,-1.99E-04,-3.04E-04,-1.33E-04
2233,2.98E-04,1.77E-04,4.50E-04,1.21E-04,4.68E-04,-1.38E-05,8.87E-05,3.62E-04,1.08E-04,-3.76E-05,-1.51E-04,-2.64E-04,-2.04E-04,2.50E-05,-5.32E-05,-1.38E-05,-1.90E-04,-1.95E-04,-3.03E-04,-1.33E-04
2234,2.84E-04,1.80E-04,4.47E-04,1.23E-04,4.59E-04,-1.40E-05,8.55E-05,3.61E-04,1.05E-04,-3.79E-05,-1.71E-04,-2.79E-04,-2.17E-04,2.22E-05,-5.23E-05,-1.32E-05,-2.01E-04,-1.91E-04,-3.01E-04,-1.32E-04
2235,2.70E-04,1.83E-04,4.45E-04,1.25E-04,4.50E-04,-1.26E-05,8.13E-05,3.61E-04,1.02E-04,-3.64E-05,-1.94E-04,-2.92E-04,-2.30E-04,2.01E-05,-5.01E-05,-1.13E-05,-2.13E-04,-1.87E-04,-3.00E-04,-1.31E-04
2236,2.56E-04,1.87E-04,4.45E-04,1.29E-04,4.43E-04,-9.58E-06,7.67E-05,3.63E-04,9.96E-05,-3.30E-05,-2.18E-04,-3.03E-04,-2.40E-04,1.90E-05,-4.67E-05,-8.00E-06,-2.24E-04,-1.83E-04,-2.97E-04,-1.28E-04
2237,2.43E-04,1.90E-04,4.47E-04,1.34E-04,4.38E-04,-4.80E-06,7.21E-05,3.67E-04,9.83E-05,-2.75E-05,-2.43E-04,-3.12E-04,-2.49E-04,1.88E-05,-4.21E-05,-3.24E-06,-2.34E-04,-1.79E-04,-2.95E-04,-1.25E-04
2238,2.31E-04,1.94E-04,4.51E-04,1.41E-04,4.35E-04,1.78E-06,6.77E-05,3.72E-04,9.80E-05,-2.01E-05,-2.68E-04,-3.19E-04,-2.57E-04,1.96E-05,-3.65E-05,2.92E-06,-2.42E-04,-1.75E-04,-2.92E-04,-1.20E-04
2239,2.21E-04,1.98E-04,4.56E-04,1.48E-04,4.35E-04,1.01E-05,6.41E-05,3.78E-04,9.89E-05,-1.08E-05,-2.92E-04,-3.24E-04,-2.63E-04,2.14E-05,-3.01E-05,1.04E-05,-2.49E-04,-1.70E-04,-2.89E-04,-1.14E-04
2240,2.12E-04,2.02E-04,4.63E-04,1.56E-04,4.37E-04,2.01E-05,6.15E-05,3.86E-04,1.01E-04,1.45E-07,-3.14E-04,-3.27E-04,-2.67E-04,2.39E-05,-2.31E-05,1.92E-05,-2.54E-04,-1.64E-04,-2.85E-04,-1.07E-04
2241,2.04E-04,2.05E-04,4.71E-04,1.64E-04,4.41E-04,3.17E-05,6.00E-05,3.94E-04,1.04E-04,1.25E-05,-3.33E-04,-3.28E-04,-2.71E-04,2.72E-05,-1.55E-05,2.90E-05,-2.58E-04,-1.58E-04,-2.81E-04,-9.87E-05
2242,1.99E-04,2.09E-04,4.79E-04,1.72E-04,4.48E-04,4.45E-05,5.99E-05,4.03E-04,1.09E-04,2.58E-05,-3.48E-04,-3.28E-04,-2.73E-04,3.10E-05,-7.77E-06,3.96E-05,-2.59E-04,-1.51E-04,-2.77E-04,-8.99E-05
2243,1.96E-04,2.13E-04,4.88E-04,1.79E-04,4.56E-04,5.83E-05,6.12E-05,4.12E-04,1.15E-04,3.97E-05,-3.59E-04,-3.26E-04,-2.74E-04,3.53E-05,5.09E-08,5.10E-05,-2.59E-04,-1.43E-04,-2.72E-04,-8.05E-05
2244,1.94E-04,2.16E-04,4.96E-04,1.86E-04,4.66E-04,7.29E-05,6.40E-05,4.21E-04,1.21E-04,5.37E-05,-3.64E-04,-3.24E-04,-2.75E-04,3.97E-05,7.76E-06,6.27E-05,-2.57E-04,-1.34E-04,-2.68E-04,-7.09E-05
2245,1.95E-04,2.20E-04,5.05E-04,1.92E-04,4.77E-04,8.80E-05,6.80E-05,4.29E-04,1.28E-04,6.74E-05,-3.64E-04,-3.21E-04,-2.74E-04,4.41E-05,1.53E-05,7.46E-05,-2.53E-04,-1.25E-04,-2.63E-04,-6.11E-05
2246,1.97E-04,2.23E-04,5.12E-04,1.96E-04,4.88E-04,1.03E-04,7.32E-05,4.37E-04,1.36E-04,8.05E-05,-3.58E-04,-3.18E-04,-2.74E-04,4.84E-05,2.24E-05,8.65E-05,-2.49E-04,-1.15E-04,-2.58E-04,-5.15E-05
2247,2.00E-04,2.27E-04,5.18E-04,1.99E-04,4.99E-04,1.18E-04,7.94E-05,4.45E-04,1.44E-04,9.24E-05,-3.47E-04,-3.15E-04,-2.72E-04,5.23E-05,2.93E-05,9.80E-05,-2.45E-04,-1.04E-04,-2.54E-04,-4.24E-05
2248,2.05E-04,2.30E-04,5.22E-04,2.00E-04,5.09E-04,1.32E-04,8.63E-05,4.51E-04,1.52E-04,1.03E-04,-3.32E-04,-3.12E-04,-2.70E-04,5.58E-05,3.58E-05,1.09E-04,-2.39E-04,-9.34E-05,-2.49E-04,-3.40E-05
2249,2.10E-04,2.34E-04,5.25E-04,2.00E-04,5.19E-04,1.46E-04,9.36E-05,4.57E-04,1.61E-04,1.12E-04,-3.12E-04,-3.09E-04,-2.67E-04,5.87E-05,4.20E-05,1.19E-04,-2.34E-04,-8.25E-05,-2.44E-04,-2.64E-05
2250,2.15E-04,2.39E-04,5.26E-04,1.98E-04,5.27E-04,1.59E-04,1.01E-04,4.63E-04,1.69E-04,1.19E-04,-2.90E-04,-3.08E-04,-2.64E-04,6.10E-05,4.81E-05,1.29E-04,-2.29E-04,-7.18E-05,-2.40E-04,-1.98E-05
2251,2.20E-04,2.44E-04,5.26E-04,1.96E-04,5.34E-04,1.71E-04,1.09E-04,4.68E-04,1.76E-04,1.24E-04,-2.65E-04,-3.06E-04,-2.60E-04,6.26E-05,5.40E-05,1.37E-04,-2.25E-04,-6.14E-05,-2.36E-04,-1.43E-05
2252,2.24E-04,2.49E-04,5.24E-04,1.92E-04,5.39E-04,1.81E-04,1.16E-04,4.72E-04,1.84E-04,1.27E-04,-2.40E-04,-3.06E-04,-2.54E-04,6.38E-05,6.01E-05,1.45E-04,-2.21E-04,-5.16E-05,-2.32E-04,-9.93E-06
2253,2.27E-04,2.55E-04,5.21E-04,1.88E-04,5.42E-04,1.91E-04,1.23E-04,4.77E-04,1.91E-04,1.29E-04,-2.15E-04,-3.05E-04,-2.48E-04,6.44E-05,6.63E-05,1.52E-04,-2.17E-04,-4.24E-05,-2.28E-04,-6.72E-06
2254,2.29E-04,2.61E-04,5.17E-04,1.83E-04,5.44E-04,1.99E-04,1.29E-04,4.82E-04,1.98E-04,1.29E-04,-1.91E-04,-3.05E-04,-2.41E-04,6.47E-05,7.29E-05,1.58E-04,-2.14E-04,-3.40E-05,-2.24E-04,-4.59E-06
2255,2.30E-04,2.67E-04,5.13E-04,1.79E-04,5.44E-04,2.07E-04,1.35E-04,4.87E-04,2.05E-04,1.28E-04,-1.70E-04,-3.06E-04,-2.32E-04,6.47E-05,7.98E-05,1.64E-04,-2.12E-04,-2.64E-05,-2.20E-04,-3.44E-06
2256,2.29E-04,2.74E-04,5.09E-04,1.74E-04,5.43E-04,2.14E-04,1.41E-04,4.93E-04,2.11E-04,1.27E-04,-1.52E-04,-3.06E-04,-2.22E-04,6.46E-05,8.72E-05,1.69E-04,-2.09E-04,-1.96E-05,-2.16E-04,-3.12E-06
2257,2.27E-04,2.81E-04,5.05E-04,1.71E-04,5.41E-04,2.20E-04,1.45E-04,4.99E-04,2.18E-04,1.25E-04,-1.36E-04,-3.07E-04,-2.12E-04,6.46E-05,9.50E-05,1.74E-04,-2.07E-04,-1.35E-05,-2.12E-04,-3.46E-06
2258,2.25E-04,2.89E-04,5.01E-04,1.68E-04,5.39E-04,2.26E-04,1.50E-04,5.06E-04,2.25E-04,1.24E-04,-1.25E-04,-3.07E-04,-2.01E-04,6.48E-05,1.03E-04,1.78E-04,-2.04E-04,-8.02E-06,-2.07E-04,-4.28E-06
2259,2.21E-04,2.96E-04,4.98E-04,1.66E-04,5.37E-04,2.31E-04,1.54E-04,5.13E-04,2.31E-04,1.22E-04,-1.16E-04,-3.06E-04,-1.89E-04,6.54E-05,1.12E-04,1.82E-04,-2.01E-04,-2.92E-06,-2.02E-04,-5.39E-06
2260,2.18E-04,3.02E-04,4.96E-04,1.65E-04,5.35E-04,2.37E-04,1.58E-04,5.21E-04,2.39E-04,1.22E-04,-1.11E-04,-3.05E-04,-1.77E-04,6.63E-05,1.20E-04,1.86E-04,-1.97E-04,1.97E-06,-1.97E-04,-6.60E-06
2261,2.14E-04,3.09E-04,4.95E-04,1.65E-04,5.34E-04,2.43E-04,1.62E-04,5.30E-04,2.46E-04,1.23E-04,-1.08E-04,-3.02E-04,-1.64E-04,6.77E-05,1.29E-04,1.91E-04,-1.92E-04,6.89E-06,-1.92E-04,-7.75E-06
2262,2.12E-04,3.14E-04,4.95E-04,1.66E-04,5.34E-04,2.49E-04,1.67E-04,5.39E-04,2.54E-04,1.24E-04,-1.08E-04,-2.99E-04,-1.52E-04,6.95E-05,1.38E-04,1.95E-04,-1.86E-04,1.21E-05,-1.86E-04,-8.71E-06
2263,2.10E-04,3.19E-04,4.95E-04,1.68E-04,5.35E-04,2.55E-04,1.72E-04,5.48E-04,2.62E-04,1.27E-04,-1.08E-04,-2.95E-04,-1.41E-04,7.18E-05,1.46E-04,2.00E-04,-1.79E-04,1.77E-05,-1.79E-04,-9.38E-06
2264,2.09E-04,3.22E-04,4.97E-04,1.70E-04,5.38E-04,2.62E-04,1.77E-04,5.58E-04,2.71E-04,1.32E-04,-1.09E-04,-2.90E-04,-1.30E-04,7.44E-05,1.54E-04,2.05E-04,-1.70E-04,2.40E-05,-1.73E-04,-9.69E-06
2265,2.10E-04,3.24E-04,4.99E-04,1.73E-04,5.42E-04,2.69E-04,1.82E-04,5.67E-04,2.80E-04,1.37E-04,-1.09E-04,-2.83E-04,-1.20E-04,7.73E-05,1.61E-04,2.10E-04,-1.61E-04,3.12E-05,-1.65E-04,-9.65E-06
2266,2.12E-04,3.25E-04,5.01E-04,1.75E-04,5.47E-04,2.76E-04,1.89E-04,5.75E-04,2.89E-04,1.43E-04,-1.08E-04,-2.76E-04,-1.11E-04,8.04E-05,1.68E-04,2.15E-04,-1.50E-04,3.92E-05,-1.58E-04,-9.27E-06
2267,2.17E-04,3.24E-04,5.03E-04,1.77E-04,5.53E-04,2.83E-04,1.95E-04,5.83E-04,2.98E-04,1.50E-04,-1.04E-04,-2.68E-04,-1.04E-04,8.34E-05,1.74E-04,2.20E-04,-1.38E-04,4.83E-05,-1.50E-04,-8.62E-06
2268,2.23E-04,3.22E-04,5.06E-04,1.79E-04,5.61E-04,2.90E-04,2.03E-04,5.91E-04,3.08E-04,1.57E-04,-9.80E-05,-2.59E-04,-9.70E-05,8.63E-05,1.79E-04,2.25E-04,-1.25E-04,5.83E-05,-1.42E-04,-7.81E-06
2269,2.31E-04,3.18E-04,5.07E-04,1.81E-04,5.69E-04,2.97E-04,2.11E-04,5.97E-04,3.17E-04,1.64E-04,-8.90E-05,-2.49E-04,-9.13E-05,8.88E-05,1.84E-04,2.29E-04,-1.12E-04,6.93E-05,-1.34E-04,-6.96E-06
2270,2.40E-04,3.13E-04,5.08E-04,1.81E-04,5.77E-04,3.03E-04,2.19E-04,6.03E-04,3.26E-04,1.71E-04,-7.70E-05,-2.40E-04,-8.64E-05,9.10E-05,1.87E-04,2.33E-04,-9.85E-05,8.11E-05,-1.25E-04,-6.21E-06
2271,2.50E-04,3.07E-04,5.08E-04,1.81E-04,5.85E-04,3.09E-04,2.27E-04,6.08E-04,3.34E-04,1.76E-04,-6.22E-05,-2.30E-04,-8.22E-05,9.26E-05,1.91E-04,2.36E-04,-8.48E-05,9.35E-05,-1.17E-04,-5.71E-06
2272,2.61E-04,2.99E-04,5.07E-04,1.80E-04,5.92E-04,3.14E-04,2.35E-04,6.12E-04,3.42E-04,1.81E-04,-4.49E-05,-2.20E-04,-7.83E-05,9.36E-05,1.94E-04,2.38E-04,-7.12E-05,1.06E-04,-1.08E-04,-5.61E-06
2273,2.73E-04,2.91E-04,5.05E-04,1.79E-04,5.98E-04,3.18E-04,2.42E-04,6.15E-04,3.50E-04,1.84E-04,-2.57E-05,-2.10E-04,-7.44E-05,9.41E-05,1.97E-04,2.39E-04,-5.79E-05,1.20E-04,-1.00E-04,-6.04E-06
2274,2.84E-04,2.82E-04,5.02E-04,1.76E-04,6.03E-04,3.21E-04,2.50E-04,6.18E-04,3.57E-04,1.85E-04,-5.32E-06,-2.00E-04,-7.04E-05,9.40E-05,2.01E-04,2.39E-04,-4.52E-05,1.33E-04,-9.21E-05,-7.11E-06
2275,2.95E-04,2.73E-04,4.98E-04,1.74E-04,6.07E-04,3.23E-04,2.56E-04,6.20E-04,3.63E-04,1.84E-04,1.56E-05,-1.91E-04,-6.60E-05,9.33E-05,2.04E-04,2.38E-04,-3.30E-05,1.46E-04,-8.42E-05,-8.88E-06
2276,3.05E-04,2.65E-04,4.94E-04,1.71E-04,6.09E-04,3.24E-04,2.62E-04,6.22E-04,3.68E-04,1.82E-04,3.64E-05,-1.82E-04,-6.08E-05,9.23E-05,2.09E-04,2.36E-04,-2.15E-05,1.59E-04,-7.66E-05,-1.14E-05
2277,3.14E-04,2.56E-04,4.89E-04,1.68E-04,6.09E-04,3.24E-04,2.67E-04,6.23E-04,3.73E-04,1.77E-04,5.63E-05,-1.74E-04,-5.49E-05,9.10E-05,2.14E-04,2.34E-04,-1.06E-05,1.71E-04,-6.91E-05,-1.47E-05
2278,3.21E-04,2.48E-04,4.84E-04,1.65E-04,6.07E-04,3.23E-04,2.71E-04,6.24E-04,3.77E-04,1.71E-04,7.49E-05,-1.66E-04,-4.81E-05,8.96E-05,2.20E-04,2.31E-04,-3.71E-07,1.82E-04,-6.20E-05,-1.88E-05
2279,3.28E-04,2.40E-04,4.79E-04,1.63E-04,6.04E-04,3.20E-04,2.73E-04,6.25E-04,3.81E-04,1.64E-04,9.18E-05,-1.59E-04,-4.03E-05,8.82E-05,2.27E-04,2.27E-04,9.33E-06,1.93E-04,-5.50E-05,-2.35E-05
2280,3.34E-04,2.33E-04,4.75E-04,1.61E-04,5.99E-04,3.17E-04,2.74E-04,6.26E-04,3.84E-04,1.55E-04,1.07E-04,-1.52E-04,-3.17E-05,8.71E-05,2.35E-04,2.23E-04,1.86E-05,2.03E-04,-4.83E-05,-2.88E-05
2281,3.38E-04,2.28E-04,4.71E-04,1.61E-04,5.94E-04,3.13E-04,2.74E-04,6.27E-04,3.87E-04,1.46E-04,1.20E-04,-1.45E-04,-2.23E-05,8.64E-05,2.43E-04,2.19E-04,2.77E-05,2.13E-04,-4.19E-05,-3.45E-05
2282,3.42E-04,2.23E-04,4.67E-04,1.61E-04,5.87E-04,3.09E-04,2.73E-04,6.29E-04,3.89E-04,1.36E-04,1.32E-04,-1.38E-04,-1.25E-05,8.63E-05,2.52E-04,2.14E-04,3.66E-05,2.21E-04,-3.56E-05,-4.06E-05
2283,3.45E-04,2.19E-04,4.64E-04,1.62E-04,5.80E-04,3.03E-04,2.70E-04,6.30E-04,3.91E-04,1.26E-04,1.42E-04,-1.31E-04,-2.42E-06,8.68E-05,2.62E-04,2.11E-04,4.56E-05,2.29E-04,-2.95E-05,-4.70E-05
2284,3.48E-04,2.16E-04,4.62E-04,1.64E-04,5.73E-04,2.98E-04,2.66E-04,6.32E-04,3.93E-04,1.16E-04,1.52E-04,-1.24E-04,7.58E-06,8.80E-05,2.72E-04,2.07E-04,5.48E-05,2.37E-04,-2.36E-05,-5.33E-05
2285,3.51E-04,2.13E-04,4.61E-04,1.66E-04,5.66E-04,2.92E-04,2.61E-04,6.33E-04,3.95E-04,1.06E-04,1.62E-04,-1.16E-04,1.72E-05,9.00E-05,2.81E-04,2.04E-04,6.43E-05,2.44E-04,-1.79E-05,-5.97E-05
2286,3.54E-04,2.11E-04,4.60E-04,1.70E-04,5.60E-04,2.86E-04,2.56E-04,6.35E-04,3.96E-04,9.69E-05,1.71E-04,-1.09E-04,2.60E-05,9.27E-05,2.90E-04,2.01E-04,7.41E-05,2.51E-04,-1.23E-05,-6.59E-05
2287,3.57E-04,2.09E-04,4.59E-04,1.74E-04,5.55E-04,2.80E-04,2.49E-04,6.36E-04,3.97E-04,8.83E-05,1.82E-04,-1.01E-04,3.38E-05,9.61E-05,2.98E-04,1.99E-04,8.43E-05,2.57E-04,-6.90E-06,-7.19E-05
2288,3.61E-04,2.06E-04,4.59E-04,1.78E-04,5.51E-04,2.74E-04,2.42E-04,6.38E-04,3.97E-04,8.02E-05,1.94E-04,-9.22E-05,4.03E-05,1.00E-04,3.06E-04,1.97E-04,9.49E-05,2.64E-04,-1.64E-06,-7.77E-05
2289,3.65E-04,2.04E-04,4.59E-04,1.82E-04,5.49E-04,2.67E-04,2.34E-04,6.39E-04,3.97E-04,7.28E-05,2.07E-04,-8.37E-05,4.52E-05,1.04E-04,3.12E-04,1.95E-04,1.06E-04,2.70E-04,3.43E-06,-8.32E-05
2290,3.70E-04,2.01E-04,4.58E-04,1.85E-04,5.47E-04,2.61E-04,2.25E-04,6.40E-04,3.96E-04,6.58E-05,2.22E-04,-7.50E-05,4.84E-05,1.09E-04,3.16E-04,1.94E-04,1.17E-04,2.76E-04,8.31E-06,-8.85E-05
2291,3.76E-04,1.96E-04,4.56E-04,1.89E-04,5.47E-04,2.54E-04,2.16E-04,6.40E-04,3.94E-04,5.90E-05,2.39E-04,-6.64E-05,4.99E-05,1.14E-04,3.19E-04,1.93E-04,1.28E-04,2.82E-04,1.30E-05,-9.36E-05
2292,3.82E-04,1.91E-04,4.54E-04,1.92E-04,5.49E-04,2.47E-04,2.07E-04,6.39E-04,3.92E-04,5.23E-05,2.56E-04,-5.80E-05,4.95E-05,1.18E-04,3.21E-04,1.91E-04,1.38E-04,2.88E-04,1.73E-05,-9.86E-05
2293,3.87E-04,1.85E-04,4.50E-04,1.94E-04,5.51E-04,2.40E-04,1.99E-04,6.37E-04,3.89E-04,4.52E-05,2.74E-04,-5.00E-05,4.76E-05,1.22E-04,3.21E-04,1.89E-04,1.49E-04,2.95E-04,2.14E-05,-1.04E-04
2294,3.93E-04,1.77E-04,4.46E-04,1.95E-04,5.53E-04,2.32E-04,1.90E-04,6.35E-04,3.85E-04,3.77E-05,2.92E-04,-4.25E-05,4.41E-05,1.25E-04,3.20E-04,1.87E-04,1.58E-04,3.00E-04,2.52E-05,-1.08E-04
2295,3.98E-04,1.68E-04,4.39E-04,1.95E-04,5.56E-04,2.24E-04,1.81E-04,6.31E-04,3.80E-04,2.94E-05,3.08E-04,-3.58E-05,3.95E-05,1.28E-04,3.17E-04,1.83E-04,1.67E-04,3.06E-04,2.86E-05,-1.14E-04
2296,4.02E-04,1.57E-04,4.32E-04,1.94E-04,5.59E-04,2.16E-04,1.72E-04,6.26E-04,3.74E-04,2.02E-05,3.23E-04,-2.99E-05,3.40E-05,1.30E-04,3.14E-04,1.79E-04,1.75E-04,3.12E-04,3.16E-05,-1.19E-04
2297,4.05E-04,1.46E-04,4.23E-04,1.92E-04,5.61E-04,2.07E-04,1.64E-04,6.20E-04,3.68E-04,9.87E-06,3.36E-04,-2.49E-05,2.80E-05,1.31E-04,3.09E-04,1.74E-04,1.82E-04,3.17E-04,3.42E-05,-1.24E-04
2298,4.06E-04,1.33E-04,4.12E-04,1.90E-04,5.62E-04,1.98E-04,1.56E-04,6.12E-04,3.61E-04,-1.59E-06,3.45E-04,-2.09E-05,2.20E-05,1.31E-04,3.05E-04,1.69E-04,1.87E-04,3.22E-04,3.64E-05,-1.30E-04
2299,4.06E-04,1.19E-04,4.01E-04,1.87E-04,5.63E-04,1.88E-04,1.48E-04,6.03E-04,3.53E-04,-1.42E-05,3.50E-04,-1.79E-05,1.63E-05,1.30E-04,3.00E-04,1.62E-04,1.91E-04,3.26E-04,3.81E-05,-1.36E-04
2300,4.04E-04,1.04E-04,3.88E-04,1.84E-04,5.62E-04,1.79E-04,1.40E-04,5.93E-04,3.45E-04,-2.78E-05,3.51E-04,-1.58E-05,1.14E-05,1.28E-04,2.95E-04,1.55E-04,1.95E-04,3.30E-04,3.94E-05,-1.43E-04
2301,4.00E-04,8.94E-05,3.75E-04,1.81E-04,5.60E-04,1.69E-04,1.33E-04,5.82E-04,3.36E-04,-4.21E-05,3.47E-04,-1.45E-05,7.75E-06,1.25E-04,2.91E-04,1.47E-04,1.97E-04,3.33E-04,4.02E-05,-1.49E-04
2302,3.95E-04,7.42E-05,3.61E-04,1.78E-04,5.57E-04,1.60E-04,1.26E-04,5.69E-04,3.28E-04,-5.70E-05,3.40E-04,-1.37E-05,5.65E-06,1.22E-04,2.87E-04,1.39E-04,1.98E-04,3.36E-04,4.07E-05,-1.56E-04
2303,3.87E-04,5.90E-05,3.47E-04,1.75E-04,5.52E-04,1.51E-04,1.19E-04,5.56E-04,3.20E-04,-7.20E-05,3.29E-04,-1.34E-05,5.40E-06,1.19E-04,2.84E-04,1.31E-04,1.98E-04,3.38E-04,4.08E-05,-1.63E-04
2304,3.79E-04,4.41E-05,3.33E-04,1.74E-04,5.47E-04,1.42E-04,1.12E-04,5.43E-04,3.12E-04,-8.67E-05,3.16E-04,-1.33E-05,7.23E-06,1.16E-04,2.82E-04,1.24E-04,1.98E-04,3.40E-04,4.06E-05,-1.69E-04
2305,3.68E-04,2.98E-05,3.20E-04,1.73E-04,5.41E-04,1.34E-04,1.06E-04,5.29E-04,3.04E-04,-1.01E-04,3.00E-04,-1.31E-05,1.13E-05,1.13E-04,2.81E-04,1.17E-04,1.97E-04,3.42E-04,4.01E-05,-1.75E-04
2306,3.57E-04,1.63E-05,3.07E-04,1.73E-04,5.34E-04,1.28E-04,9.91E-05,5.15E-04,2.97E-04,-1.14E-04,2.84E-04,-1.27E-05,1.75E-05,1.10E-04,2.81E-04,1.10E-04,1.96E-04,3.43E-04,3.94E-05,-1.80E-04
2307,3.45E-04,3.76E-06,2.96E-04,1.74E-04,5.28E-04,1.23E-04,9.27E-05,5.01E-04,2.91E-04,-1.25E-04,2.68E-04,-1.17E-05,2.60E-05,1.08E-04,2.81E-04,1.05E-04,1.96E-04,3.44E-04,3.85E-05,-1.85E-04
2308,3.33E-04,-7.68E-06,2.85E-04,1.77E-04,5.22E-04,1.19E-04,8.65E-05,4.89E-04,2.85E-04,-1.35E-04,2.53E-04,-1.01E-05,3.64E-05,1.06E-04,2.82E-04,1.02E-04,1.95E-04,3.46E-04,3.75E-05,-1.89E-04
2309,3.20E-04,-1.79E-05,2.76E-04,1.81E-04,5.17E-04,1.17E-04,8.06E-05,4.77E-04,2.80E-04,-1.42E-04,2.40E-04,-7.75E-06,4.86E-05,1.06E-04,2.84E-04,9.92E-05,1.95E-04,3.48E-04,3.64E-05,-1.91E-04
2310,3.08E-04,-2.68E-05,2.68E-04,1.85E-04,5.13E-04,1.16E-04,7.49E-05,4.66E-04,2.76E-04,-1.47E-04,2.30E-04,-4.53E-06,6.21E-05,1.07E-04,2.86E-04,9.85E-05,1.96E-04,3.50E-04,3.54E-05,-1.93E-04
2311,2.96E-04,-3.43E-05,2.62E-04,1.91E-04,5.10E-04,1.18E-04,6.96E-05,4.57E-04,2.73E-04,-1.49E-04,2.23E-04,-4.48E-07,7.67E-05,1.08E-04,2.89E-04,9.94E-05,1.98E-04,3.52E-04,3.43E-05,-1.94E-04
2312,2.85E-04,-4.05E-05,2.58E-04,1.98E-04,5.09E-04,1.21E-04,6.48E-05,4.49E-04,2.71E-04,-1.49E-04,2.20E-04,4.44E-06,9.18E-05,1.11E-04,2.92E-04,1.02E-04,2.00E-04,3.55E-04,3.34E-05,-1.93E-04
2313,2.75E-04,-4.53E-05,2.55E-04,2.05E-04,5.10E-04,1.26E-04,6.06E-05,4.44E-04,2.69E-04,-1.46E-04,2.22E-04,1.00E-05,1.07E-04,1.15E-04,2.95E-04,1.06E-04,2.03E-04,3.59E-04,3.26E-05,-1.91E-04
2314,2.66E-04,-4.87E-05,2.53E-04,2.13E-04,5.12E-04,1.32E-04,5.70E-05,4.40E-04,2.68E-04,-1.41E-04,2.27E-04,1.62E-05,1.22E-04,1.20E-04,2.98E-04,1.11E-04,2.07E-04,3.63E-04,3.19E-05,-1.88E-04
2315,2.59E-04,-5.08E-05,2.54E-04,2.21E-04,5.15E-04,1.40E-04,5.43E-05,4.37E-04,2.68E-04,-1.34E-04,2.35E-04,2.27E-05,1.36E-04,1.26E-04,3.01E-04,1.17E-04,2.11E-04,3.68E-04,3.13E-05,-1.84E-04
2316,2.52E-04,-5.17E-05,2.55E-04,2.29E-04,5.19E-04,1.50E-04,5.25E-05,4.36E-04,2.67E-04,-1.26E-04,2.46E-04,2.95E-05,1.49E-04,1.33E-04,3.04E-04,1.24E-04,2.16E-04,3.73E-04,3.08E-05,-1.80E-04
2317,2.47E-04,-5.12E-05,2.58E-04,2.36E-04,5.24E-04,1.60E-04,5.16E-05,4.37E-04,2.68E-04,-1.16E-04,2.58E-04,3.62E-05,1.60E-04,1.40E-04,3.07E-04,1.32E-04,2.20E-04,3.79E-04,3.05E-05,-1.74E-04
2318,2.43E-04,-4.96E-05,2.61E-04,2.43E-04,5.30E-04,1.71E-04,5.17E-05,4.38E-04,2.68E-04,-1.06E-04,2.71E-04,4.27E-05,1.69E-04,1.48E-04,3.09E-04,1.40E-04,2.25E-04,3.86E-04,3.03E-05,-1.69E-04
2319,2.40E-04,-4.69E-05,2.66E-04,2.49E-04,5.36E-04,1.82E-04,5.28E-05,4.41E-04,2.69E-04,-9.49E-05,2.84E-04,4.88E-05,1.76E-04,1.55E-04,3.11E-04,1.48E-04,2.30E-04,3.93E-04,3.02E-05,-1.63E-04
2320,2.38E-04,-4.31E-05,2.72E-04,2.54E-04,5.41E-04,1.94E-04,5.48E-05,4.44E-04,2.70E-04,-8.44E-05,2.95E-04,5.44E-05,1.81E-04,1.63E-04,3.14E-04,1.55E-04,2.34E-04,4.00E-04,3.02E-05,-1.57E-04
2321,2.37E-04,-3.83E-05,2.78E-04,2.59E-04,5.45E-04,2.06E-04,5.76E-05,4.47E-04,2.71E-04,-7.43E-05,3.05E-04,5.95E-05,1.84E-04,1.71E-04,3.16E-04,1.62E-04,2.37E-04,4.07E-04,3.02E-05,-1.52E-04
2322,2.37E-04,-3.25E-05,2.84E-04,2.62E-04,5.49E-04,2.17E-04,6.12E-05,4.51E-04,2.72E-04,-6.51E-05,3.13E-04,6.39E-05,1.85E-04,1.78E-04,3.18E-04,1.69E-04,2.40E-04,4.15E-04,3.02E-05,-1.46E-04
2323,2.38E-04,-2.58E-05,2.91E-04,2.64E-04,5.51E-04,2.28E-04,6.53E-05,4.54E-04,2.73E-04,-5.70E-05,3.18E-04,6.78E-05,1.84E-04,1.84E-04,3.20E-04,1.75E-04,2.41E-04,4.22E-04,3.02E-05,-1.42E-04
2324,2.39E-04,-1.83E-05,2.99E-04,2.66E-04,5.51E-04,2.39E-04,6.99E-05,4.57E-04,2.74E-04,-5.01E-05,3.21E-04,7.11E-05,1.82E-04,1.91E-04,3.22E-04,1.80E-04,2.42E-04,4.30E-04,3.01E-05,-1.38E-04
2325,2.41E-04,-1.01E-05,3.06E-04,2.67E-04,5.51E-04,2.48E-04,7.48E-05,4.60E-04,2.75E-04,-4.44E-05,3.22E-04,7.40E-05,1.79E-04,1.96E-04,3.24E-04,1.85E-04,2.42E-04,4.36E-04,3.00E-05,-1.34E-04
2326,2.43E-04,-1.33E-06,3.14E-04,2.68E-04,5.48E-04,2.56E-04,7.98E-05,4.62E-04,2.76E-04,-4.00E-05,3.21E-04,7.66E-05,1.76E-04,2.01E-04,3.26E-04,1.89E-04,2.42E-04,4.43E-04,2.98E-05,-1.31E-04
2327,2.45E-04,7.98E-06,3.22E-04,2.68E-04,5.45E-04,2.64E-04,8.49E-05,4.64E-04,2.77E-04,-3.66E-05,3.19E-04,7.90E-05,1.73E-04,2.05E-04,3.28E-04,1.92E-04,2.40E-04,4.49E-04,2.97E-05,-1.29E-04
2328,2.48E-04,1.77E-05,3.30E-04,2.68E-04,5.40E-04,2.71E-04,8.98E-05,4.66E-04,2.78E-04,-3.42E-05,3.16E-04,8.15E-05,1.71E-04,2.09E-04,3.30E-04,1.95E-04,2.38E-04,4.54E-04,2.95E-05,-1.27E-04
2329,2.50E-04,2.76E-05,3.38E-04,2.68E-04,5.35E-04,2.77E-04,9.46E-05,4.67E-04,2.79E-04,-3.24E-05,3.14E-04,8.41E-05,1.71E-04,2.12E-04,3.32E-04,1.98E-04,2.36E-04,4.59E-04,2.93E-05,-1.26E-04
2330,2.53E-04,3.76E-05,3.46E-04,2.68E-04,5.29E-04,2.82E-04,9.92E-05,4.69E-04,2.80E-04,-3.09E-05,3.13E-04,8.70E-05,1.71E-04,2.15E-04,3.34E-04,2.00E-04,2.33E-04,4.64E-04,2.92E-05,-1.24E-04
2331,2.56E-04,4.76E-05,3.55E-04,2.69E-04,5.23E-04,2.86E-04,1.04E-04,4.72E-04,2.82E-04,-2.96E-05,3.13E-04,9.03E-05,1.74E-04,2.17E-04,3.36E-04,2.03E-04,2.31E-04,4.68E-04,2.93E-05,-1.23E-04
2332,2.58E-04,5.74E-05,3.63E-04,2.70E-04,5.18E-04,2.90E-04,1.08E-04,4.75E-04,2.83E-04,-2.80E-05,3.17E-04,9.39E-05,1.80E-04,2.19E-04,3.38E-04,2.06E-04,2.28E-04,4.71E-04,2.95E-05,-1.22E-04
2333,2.61E-04,6.69E-05,3.72E-04,2.71E-04,5.13E-04,2.94E-04,1.13E-04,4.79E-04,2.84E-04,-2.59E-05,3.22E-04,9.80E-05,1.87E-04,2.20E-04,3.40E-04,2.09E-04,2.27E-04,4.74E-04,3.00E-05,-1.21E-04
2334,2.63E-04,7.60E-05,3.81E-04,2.73E-04,5.09E-04,2.97E-04,1.17E-04,4.83E-04,2.86E-04,-2.31E-05,3.31E-04,1.02E-04,1.97E-04,2.21E-04,3.42E-04,2.12E-04,2.26E-04,4.77E-04,3.08E-05,-1.19E-04
2335,2.66E-04,8.46E-05,3.90E-04,2.76E-04,5.06E-04,3.00E-04,1.23E-04,4.89E-04,2.87E-04,-1.96E-05,3.41E-04,1.07E-04,2.09E-04,2.23E-04,3.44E-04,2.16E-04,2.25E-04,4.80E-04,3.19E-05,-1.17E-04
2336,2.68E-04,9.26E-05,4.00E-04,2.78E-04,5.04E-04,3.03E-04,1.28E-04,4.97E-04,2.88E-04,-1.53E-05,3.54E-04,1.12E-04,2.23E-04,2.23E-04,3.45E-04,2.20E-04,2.26E-04,4.83E-04,3.35E-05,-1.15E-04
2337,2.71E-04,1.00E-04,4.10E-04,2.82E-04,5.03E-04,3.07E-04,1.35E-04,5.05E-04,2.89E-04,-1.02E-05,3.68E-04,1.17E-04,2.39E-04,2.24E-04,3.47E-04,2.24E-04,2.28E-04,4.86E-04,3.55E-05,-1.12E-04
2338,2.73E-04,1.07E-04,4.20E-04,2.85E-04,5.03E-04,3.10E-04,1.42E-04,5.14E-04,2.90E-04,-4.39E-06,3.83E-04,1.21E-04,2.55E-04,2.24E-04,3.49E-04,2.28E-04,2.30E-04,4.89E-04,3.81E-05,-1.09E-04
2339,2.76E-04,1.13E-04,4.30E-04,2.88E-04,5.04E-04,3.13E-04,1.50E-04,5.23E-04,2.91E-04,1.85E-06,3.98E-04,1.26E-04,2.72E-04,2.24E-04,3.51E-04,2.32E-04,2.34E-04,4.92E-04,4.11E-05,-1.06E-04
2340,2.79E-04,1.18E-04,4.41E-04,2.91E-04,5.05E-04,3.16E-04,1.59E-04,5.32E-04,2.91E-04,8.30E-06,4.11E-04,1.30E-04,2.89E-04,2.24E-04,3.53E-04,2.36E-04,2.38E-04,4.95E-04,4.46E-05,-1.03E-04
2341,2.82E-04,1.23E-04,4.51E-04,2.93E-04,5.06E-04,3.19E-04,1.69E-04,5.42E-04,2.91E-04,1.46E-05,4.22E-04,1.34E-04,3.05E-04,2.23E-04,3.55E-04,2.39E-04,2.42E-04,4.99E-04,4.86E-05,-9.96E-05
2342,2.86E-04,1.28E-04,4.61E-04,2.95E-04,5.06E-04,3.22E-04,1.80E-04,5.51E-04,2.91E-04,2.06E-05,4.31E-04,1.37E-04,3.20E-04,2.22E-04,3.57E-04,2.41E-04,2.47E-04,5.03E-04,5.30E-05,-9.65E-05
2343,2.90E-04,1.32E-04,4.70E-04,2.97E-04,5.05E-04,3.25E-04,1.91E-04,5.58E-04,2.91E-04,2.57E-05,4.36E-04,1.39E-04,3.33E-04,2.20E-04,3.59E-04,2.42E-04,2.53E-04,5.08E-04,5.79E-05,-9.37E-05
2344,2.95E-04,1.36E-04,4.79E-04,2.97E-04,5.03E-04,3.26E-04,2.03E-04,5.64E-04,2.90E-04,2.99E-05,4.38E-04,1.41E-04,3.44E-04,2.18E-04,3.62E-04,2.42E-04,2.58E-04,5.13E-04,6.30E-05,-9.14E-05
2345,3.00E-04,1.40E-04,4.88E-04,2.97E-04,5.00E-04,3.28E-04,2.14E-04,5.69E-04,2.89E-04,3.27E-05,4.37E-04,1.42E-04,3.52E-04,2.15E-04,3.64E-04,2.41E-04,2.63E-04,5.18E-04,6.84E-05,-8.98E-05
2346,3.06E-04,1.44E-04,4.95E-04,2.95E-04,4.95E-04,3.28E-04,2.25E-04,5.71E-04,2.88E-04,3.40E-05,4.32E-04,1.43E-04,3.57E-04,2.11E-04,3.67E-04,2.38E-04,2.68E-04,5.23E-04,7.39E-05,-8.89E-05
2347,3.12E-04,1.48E-04,5.01E-04,2.94E-04,4.88E-04,3.27E-04,2.35E-04,5.72E-04,2.86E-04,3.38E-05,4.25E-04,1.44E-04,3.60E-04,2.07E-04,3.71E-04,2.34E-04,2.72E-04,5.28E-04,7.96E-05,-8.88E-05
2348,3.18E-04,1.52E-04,5.06E-04,2.91E-04,4.80E-04,3.26E-04,2.45E-04,5.70E-04,2.84E-04,3.19E-05,4.15E-04,1.45E-04,3.61E-04,2.02E-04,3.74E-04,2.29E-04,2.75E-04,5.33E-04,8.54E-05,-8.97E-05
2349,3.25E-04,1.56E-04,5.09E-04,2.88E-04,4.70E-04,3.23E-04,2.53E-04,5.66E-04,2.82E-04,2.85E-05,4.05E-04,1.46E-04,3.59E-04,1.97E-04,3.78E-04,2.23E-04,2.78E-04,5.37E-04,9.11E-05,-9.14E-05
2350,3.31E-04,1.61E-04,5.11E-04,2.84E-04,4.59E-04,3.20E-04,2.59E-04,5.61E-04,2.80E-04,2.38E-05,3.93E-04,1.47E-04,3.55E-04,1.92E-04,3.81E-04,2.15E-04,2.81E-04,5.41E-04,9.68E-05,-9.40E-05
2351,3.37E-04,1.66E-04,5.12E-04,2.81E-04,4.46E-04,3.15E-04,2.64E-04,5.54E-04,2.78E-04,1.79E-05,3.83E-04,1.48E-04,3.49E-04,1.86E-04,3.85E-04,2.06E-04,2.83E-04,5.45E-04,1.03E-04,-9.72E-05
2352,3.43E-04,1.71E-04,5.12E-04,2.77E-04,4.33E-04,3.10E-04,2.68E-04,5.46E-04,2.76E-04,1.13E-05,3.73E-04,1.50E-04,3.43E-04,1.80E-04,3.89E-04,1.97E-04,2.84E-04,5.49E-04,1.08E-04,-1.01E-04
2353,3.49E-04,1.76E-04,5.10E-04,2.74E-04,4.20E-04,3.04E-04,2.70E-04,5.37E-04,2.74E-04,4.30E-06,3.66E-04,1.52E-04,3.36E-04,1.75E-04,3.92E-04,1.88E-04,2.86E-04,5.52E-04,1.14E-04,-1.05E-04
2354,3.53E-04,1.82E-04,5.08E-04,2.71E-04,4.07E-04,2.98E-04,2.71E-04,5.29E-04,2.72E-04,-2.68E-06,3.61E-04,1.56E-04,3.29E-04,1.69E-04,3.96E-04,1.78E-04,2.87E-04,5.54E-04,1.20E-04,-1.10E-04
2355,3.57E-04,1.88E-04,5.04E-04,2.69E-04,3.95E-04,2.92E-04,2.71E-04,5.21E-04,2.71E-04,-9.22E-06,3.60E-04,1.59E-04,3.24E-04,1.64E-04,4.00E-04,1.69E-04,2.89E-04,5.57E-04,1.26E-04,-1.14E-04
2356,3.60E-04,1.94E-04,5.01E-04,2.68E-04,3.84E-04,2.86E-04,2.70E-04,5.14E-04,2.69E-04,-1.49E-05,3.61E-04,1.63E-04,3.19E-04,1.60E-04,4.04E-04,1.60E-04,2.92E-04,5.59E-04,1.32E-04,-1.18E-04
2357,3.62E-04,2.01E-04,4.97E-04,2.68E-04,3.75E-04,2.81E-04,2.70E-04,5.08E-04,2.69E-04,-1.94E-05,3.64E-04,1.68E-04,3.16E-04,1.56E-04,4.08E-04,1.52E-04,2.96E-04,5.61E-04,1.38E-04,-1.21E-04
2358,3.62E-04,2.07E-04,4.94E-04,2.69E-04,3.67E-04,2.76E-04,2.70E-04,5.05E-04,2.69E-04,-2.23E-05,3.70E-04,1.73E-04,3.15E-04,1.53E-04,4.12E-04,1.45E-04,3.00E-04,5.63E-04,1.45E-04,-1.24E-04
2359,3.62E-04,2.14E-04,4.91E-04,2.72E-04,3.61E-04,2.72E-04,2.71E-04,5.03E-04,2.69E-04,-2.36E-05,3.78E-04,1.78E-04,3.16E-04,1.50E-04,4.17E-04,1.39E-04,3.07E-04,5.66E-04,1.53E-04,-1.26E-04
2360,3.61E-04,2.21E-04,4.89E-04,2.75E-04,3.58E-04,2.69E-04,2.74E-04,5.03E-04,2.70E-04,-2.30E-05,3.87E-04,1.83E-04,3.19E-04,1.49E-04,4.21E-04,1.35E-04,3.14E-04,5.70E-04,1.61E-04,-1.27E-04
2361,3.60E-04,2.28E-04,4.89E-04,2.79E-04,3.56E-04,2.67E-04,2.78E-04,5.05E-04,2.72E-04,-2.05E-05,3.96E-04,1.88E-04,3.24E-04,1.48E-04,4.26E-04,1.32E-04,3.24E-04,5.74E-04,1.70E-04,-1.27E-04
2362,3.58E-04,2.35E-04,4.89E-04,2.85E-04,3.55E-04,2.67E-04,2.85E-04,5.09E-04,2.74E-04,-1.62E-05,4.05E-04,1.92E-04,3.31E-04,1.48E-04,4.31E-04,1.30E-04,3.35E-04,5.80E-04,1.79E-04,-1.25E-04
2363,3.55E-04,2.42E-04,4.91E-04,2.91E-04,3.56E-04,2.68E-04,2.93E-04,5.14E-04,2.77E-04,-1.04E-05,4.13E-04,1.97E-04,3.40E-04,1.49E-04,4.37E-04,1.30E-04,3.48E-04,5.86E-04,1.90E-04,-1.23E-04
2364,3.53E-04,2.49E-04,4.94E-04,2.98E-04,3.58E-04,2.71E-04,3.05E-04,5.21E-04,2.81E-04,-3.16E-06,4.20E-04,2.01E-04,3.51E-04,1.51E-04,4.43E-04,1.32E-04,3.63E-04,5.94E-04,2.01E-04,-1.19E-04
2365,3.50E-04,2.57E-04,4.99E-04,3.06E-04,3.61E-04,2.75E-04,3.18E-04,5.28E-04,2.85E-04,5.05E-06,4.25E-04,2.04E-04,3.62E-04,1.53E-04,4.49E-04,1.34E-04,3.79E-04,6.04E-04,2.12E-04,-1.15E-04
2366,3.48E-04,2.65E-04,5.04E-04,3.14E-04,3.64E-04,2.80E-04,3.33E-04,5.35E-04,2.90E-04,1.39E-05,4.29E-04,2.08E-04,3.75E-04,1.56E-04,4.55E-04,1.38E-04,3.96E-04,6.15E-04,2.25E-04,-1.10E-04
2367,3.47E-04,2.73E-04,5.11E-04,3.23E-04,3.67E-04,2.86E-04,3.50E-04,5.42E-04,2.96E-04,2.29E-05,4.31E-04,2.11E-04,3.88E-04,1.59E-04,4.62E-04,1.42E-04,4.14E-04,6.27E-04,2.38E-04,-1.05E-04
2368,3.46E-04,2.82E-04,5.18E-04,3.32E-04,3.69E-04,2.93E-04,3.68E-04,5.49E-04,3.02E-04,3.18E-05,4.32E-04,2.14E-04,4.01E-04,1.63E-04,4.69E-04,1.47E-04,4.33E-04,6.40E-04,2.51E-04,-9.93E-05
2369,3.47E-04,2.91E-04,5.26E-04,3.41E-04,3.70E-04,3.01E-04,3.86E-04,5.54E-04,3.08E-04,4.01E-05,4.32E-04,2.17E-04,4.14E-04,1.66E-04,4.76E-04,1.53E-04,4.53E-04,6.55E-04,2.64E-04,-9.38E-05
2370,3.47E-04,3.01E-04,5.34E-04,3.50E-04,3.71E-04,3.09E-04,4.04E-04,5.58E-04,3.14E-04,4.74E-05,4.32E-04,2.21E-04,4.28E-04,1.71E-04,4.83E-04,1.59E-04,4.72E-04,6.70E-04,2.77E-04,-8.86E-05
2371,3.49E-04,3.12E-04,5.42E-04,3.59E-04,3.70E-04,3.17E-04,4.22E-04,5.61E-04,3.21E-04,5.36E-05,4.34E-04,2.25E-04,4.40E-04,1.75E-04,4.90E-04,1.66E-04,4.91E-04,6.86E-04,2.91E-04,-8.39E-05
2372,3.52E-04,3.23E-04,5.49E-04,3.68E-04,3.68E-04,3.25E-04,4.39E-04,5.62E-04,3.27E-04,5.83E-05,4.37E-04,2.30E-04,4.53E-04,1.79E-04,4.97E-04,1.72E-04,5.09E-04,7.01E-04,3.04E-04,-7.99E-05
2373,3.55E-04,3.34E-04,5.55E-04,3.77E-04,3.65E-04,3.32E-04,4.54E-04,5.61E-04,3.34E-04,6.16E-05,4.42E-04,2.36E-04,4.65E-04,1.83E-04,5.04E-04,1.79E-04,5.27E-04,7.17E-04,3.16E-04,-7.68E-05
2374,3.59E-04,3.47E-04,5.60E-04,3.86E-04,3.61E-04,3.39E-04,4.68E-04,5.59E-04,3.40E-04,6.34E-05,4.50E-04,2.43E-04,4.76E-04,1.88E-04,5.10E-04,1.85E-04,5.43E-04,7.33E-04,3.28E-04,-7.46E-05
2375,3.64E-04,3.60E-04,5.64E-04,3.94E-04,3.56E-04,3.45E-04,4.80E-04,5.57E-04,3.46E-04,6.37E-05,4.60E-04,2.52E-04,4.87E-04,1.92E-04,5.15E-04,1.91E-04,5.59E-04,7.47E-04,3.39E-04,-7.34E-05
2376,3.69E-04,3.74E-04,5.67E-04,4.03E-04,3.51E-04,3.50E-04,4.89E-04,5.53E-04,3.51E-04,6.28E-05,4.74E-04,2.62E-04,4.98E-04,1.96E-04,5.21E-04,1.97E-04,5.73E-04,7.61E-04,3.49E-04,-7.33E-05
2377,3.75E-04,3.88E-04,5.68E-04,4.11E-04,3.46E-04,3.55E-04,4.97E-04,5.49E-04,3.57E-04,6.09E-05,4.91E-04,2.73E-04,5.08E-04,2.01E-04,5.26E-04,2.02E-04,5.86E-04,7.74E-04,3.58E-04,-7.42E-05
2378,3.81E-04,4.03E-04,5.69E-04,4.20E-04,3.41E-04,3.59E-04,5.04E-04,5.45E-04,3.62E-04,5.82E-05,5.10E-04,2.86E-04,5.18E-04,2.05E-04,5.30E-04,2.08E-04,5.98E-04,7.86E-04,3.67E-04,-7.59E-05
2379,3.87E-04,4.19E-04,5.68E-04,4.28E-04,3.36E-04,3.63E-04,5.09E-04,5.42E-04,3.66E-04,5.52E-05,5.31E-04,2.99E-04,5.27E-04,2.10E-04,5.34E-04,2.13E-04,6.10E-04,7.97E-04,3.74E-04,-7.84E-05
2380,3.94E-04,4.35E-04,5.66E-04,4.36E-04,3.32E-04,3.65E-04,5.14E-04,5.40E-04,3.70E-04,5.20E-05,5.53E-04,3.14E-04,5.36E-04,2.15E-04,5.37E-04,2.18E-04,6.20E-04,8.07E-04,3.81E-04,-8.14E-05
2381,4.02E-04,4.52E-04,5.64E-04,4.43E-04,3.29E-04,3.68E-04,5.18E-04,5.40E-04,3.74E-04,4.90E-05,5.74E-04,3.30E-04,5.44E-04,2.19E-04,5.40E-04,2.23E-04,6.30E-04,8.16E-04,3.87E-04,-8.49E-05
2382,4.10E-04,4.69E-04,5.62E-04,4.50E-04,3.27E-04,3.70E-04,5.23E-04,5.41E-04,3.77E-04,4.65E-05,5.95E-04,3.46E-04,5.51E-04,2.24E-04,5.43E-04,2.28E-04,6.40E-04,8.24E-04,3.92E-04,-8.86E-05
2383,4.18E-04,4.87E-04,5.61E-04,4.57E-04,3.26E-04,3.73E-04,5.28E-04,5.43E-04,3.80E-04,4.47E-05,6.13E-04,3.63E-04,5.57E-04,2.30E-04,5.45E-04,2.32E-04,6.49E-04,8.32E-04,3.96E-04,-9.23E-05
2384,4.27E-04,5.04E-04,5.60E-04,4.63E-04,3.26E-04,3.75E-04,5.35E-04,5.48E-04,3.83E-04,4.38E-05,6.29E-04,3.79E-04,5.61E-04,2.35E-04,5.47E-04,2.37E-04,6.59E-04,8.39E-04,4.00E-04,-9.60E-05
2385,4.37E-04,5.22E-04,5.59E-04,4.69E-04,3.27E-04,3.78E-04,5.44E-04,5.55E-04,3.86E-04,4.37E-05,6.40E-04,3.95E-04,5.64E-04,2.40E-04,5.49E-04,2.41E-04,6.69E-04,8.47E-04,4.04E-04,-9.93E-05
2386,4.47E-04,5.39E-04,5.60E-04,4.74E-04,3.28E-04,3.81E-04,5.54E-04,5.63E-04,3.88E-04,4.45E-05,6.47E-04,4.10E-04,5.66E-04,2.45E-04,5.51E-04,2.45E-04,6.79E-04,8.54E-04,4.07E-04,-1.02E-04
2387,4.58E-04,5.55E-04,5.63E-04,4.78E-04,3.30E-04,3.84E-04,5.66E-04,5.73E-04,3.90E-04,4.61E-05,6.50E-04,4.24E-04,5.66E-04,2.51E-04,5.53E-04,2.49E-04,6.89E-04,8.62E-04,4.10E-04,-1.05E-04
2388,4.70E-04,5.72E-04,5.67E-04,4.81E-04,3.32E-04,3.87E-04,5.80E-04,5.84E-04,3.92E-04,4.83E-05,6.47E-04,4.36E-04,5.64E-04,2.56E-04,5.54E-04,2.53E-04,7.01E-04,8.70E-04,4.13E-04,-1.07E-04
2389,4.81E-04,5.87E-04,5.72E-04,4.83E-04,3.34E-04,3.91E-04,5.95E-04,5.96E-04,3.93E-04,5.08E-05,6.40E-04,4.47E-04,5.60E-04,2.61E-04,5.56E-04,2.56E-04,7.12E-04,8.78E-04,4.16E-04,-1.09E-04
2390,4.93E-04,6.01E-04,5.78E-04,4.84E-04,3.35E-04,3.95E-04,6.11E-04,6.08E-04,3.94E-04,5.34E-05,6.28E-04,4.56E-04,5.55E-04,2.65E-04,5.57E-04,2.58E-04,7.23E-04,8.87E-04,4.18E-04,-1.11E-04
2391,5.04E-04,6.14E-04,5.85E-04,4.83E-04,3.36E-04,3.99E-04,6.28E-04,6.20E-04,3.95E-04,5.58E-05,6.13E-04,4.63E-04,5.48E-04,2.70E-04,5.59E-04,2.60E-04,7.35E-04,8.96E-04,4.20E-04,-1.13E-04
2392,5.14E-04,6.26E-04,5.93E-04,4.82E-04,3.35E-04,4.03E-04,6.46E-04,6.31E-04,3.96E-04,5.76E-05,5.96E-04,4.68E-04,5.40E-04,2.73E-04,5.60E-04,2.61E-04,7.46E-04,9.05E-04,4.22E-04,-1.14E-04
2393,5.23E-04,6.37E-04,6.02E-04,4.80E-04,3.34E-04,4.06E-04,6.62E-04,6.42E-04,3.95E-04,5.85E-05,5.76E-04,4.71E-04,5.32E-04,2.76E-04,5.61E-04,2.61E-04,7.57E-04,9.14E-04,4.23E-04,-1.16E-04
2394,5.31E-04,6.46E-04,6.10E-04,4.77E-04,3.32E-04,4.09E-04,6.78E-04,6.51E-04,3.94E-04,5.83E-05,5.56E-04,4.73E-04,5.24E-04,2.78E-04,5.62E-04,2.60E-04,7.67E-04,9.23E-04,4.24E-04,-1.18E-04
2395,5.37E-04,6.54E-04,6.17E-04,4.73E-04,3.29E-04,4.11E-04,6.93E-04,6.60E-04,3.93E-04,5.69E-05,5.36E-04,4.73E-04,5.16E-04,2.80E-04,5.63E-04,2.57E-04,7.76E-04,9.31E-04,4.24E-04,-1.21E-04
2396,5.42E-04,6.60E-04,6.23E-04,4.68E-04,3.25E-04,4.12E-04,7.06E-04,6.66E-04,3.90E-04,5.40E-05,5.18E-04,4.72E-04,5.10E-04,2.81E-04,5.64E-04,2.54E-04,7.84E-04,9.39E-04,4.23E-04,-1.24E-04
2397,5.44E-04,6.66E-04,6.28E-04,4.63E-04,3.20E-04,4.11E-04,7.16E-04,6.71E-04,3.87E-04,4.97E-05,5.01E-04,4.70E-04,5.04E-04,2.80E-04,5.64E-04,2.50E-04,7.91E-04,9.46E-04,4.22E-04,-1.27E-04
2398,5.44E-04,6.70E-04,6.31E-04,4.58E-04,3.15E-04,4.10E-04,7.25E-04,6.73E-04,3.83E-04,4.41E-05,4.87E-04,4.68E-04,5.01E-04,2.79E-04,5.65E-04,2.45E-04,7.96E-04,9.51E-04,4.19E-04,-1.32E-04
2399,5.42E-04,6.73E-04,6.31E-04,4.52E-04,3.09E-04,4.08E-04,7.31E-04,6.75E-04,3.77E-04,3.72E-05,4.76E-04,4.65E-04,5.01E-04,2.78E-04,5.65E-04,2.38E-04,8.00E-04,9.55E-04,4.16E-04,-1.37E-04
2400,5.39E-04,6.75E-04,6.30E-04,4.46E-04,3.03E-04,4.04E-04,7.36E-04,6.74E-04,3.71E-04,2.93E-05,4.68E-04,4.63E-04,5.02E-04,2.75E-04,5.66E-04,2.32E-04,8.02E-04,9.58E-04,4.12E-04,-1.43E-04
2401,5.33E-04,6.78E-04,6.25E-04,4.41E-04,2.97E-04,3.99E-04,7.38E-04,6.73E-04,3.64E-04,2.07E-05,4.63E-04,4.61E-04,5.07E-04,2.72E-04,5.66E-04,2.24E-04,8.03E-04,9.59E-04,4.07E-04,-1.49E-04
2402,5.27E-04,6.79E-04,6.18E-04,4.35E-04,2.92E-04,3.93E-04,7.40E-04,6.70E-04,3.57E-04,1.18E-05,4.60E-04,4.59E-04,5.14E-04,2.68E-04,5.67E-04,2.16E-04,8.02E-04,9.59E-04,4.02E-04,-1.56E-04
2403,5.20E-04,6.81E-04,6.09E-04,4.31E-04,2.87E-04,3.86E-04,7.40E-04,6.66E-04,3.48E-04,3.00E-06,4.60E-04,4.59E-04,5.23E-04,2.65E-04,5.68E-04,2.08E-04,8.01E-04,9.57E-04,3.96E-04,-1.63E-04
2404,5.14E-04,6.83E-04,5.98E-04,4.27E-04,2.82E-04,3.79E-04,7.39E-04,6.62E-04,3.39E-04,-5.36E-06,4.62E-04,4.60E-04,5.34E-04,2.61E-04,5.69E-04,2.00E-04,7.98E-04,9.54E-04,3.90E-04,-1.70E-04
2405,5.07E-04,6.86E-04,5.86E-04,4.23E-04,2.79E-04,3.72E-04,7.39E-04,6.58E-04,3.30E-04,-1.29E-05,4.65E-04,4.62E-04,5.46E-04,2.56E-04,5.70E-04,1.92E-04,7.95E-04,9.50E-04,3.83E-04,-1.77E-04
2406,5.02E-04,6.89E-04,5.72E-04,4.20E-04,2.76E-04,3.64E-04,7.39E-04,6.53E-04,3.21E-04,-1.92E-05,4.68E-04,4.65E-04,5.59E-04,2.53E-04,5.72E-04,1.85E-04,7.91E-04,9.46E-04,3.77E-04,-1.84E-04
2407,4.97E-04,6.93E-04,5.57E-04,4.18E-04,2.74E-04,3.57E-04,7.40E-04,6.49E-04,3.12E-04,-2.41E-05,4.71E-04,4.69E-04,5.71E-04,2.49E-04,5.74E-04,1.78E-04,7.88E-04,9.41E-04,3.71E-04,-1.90E-04
2408,4.95E-04,6.98E-04,5.42E-04,4.16E-04,2.73E-04,3.51E-04,7.43E-04,6.45E-04,3.02E-04,-2.72E-05,4.74E-04,4.75E-04,5.82E-04,2.46E-04,5.76E-04,1.72E-04,7.84E-04,9.36E-04,3.65E-04,-1.94E-04
2409,4.94E-04,7.03E-04,5.28E-04,4.15E-04,2.72E-04,3.45E-04,7.46E-04,6.42E-04,2.93E-04,-2.86E-05,4.77E-04,4.81E-04,5.92E-04,2.43E-04,5.79E-04,1.67E-04,7.81E-04,9.30E-04,3.60E-04,-1.98E-04
2410,4.95E-04,7.09E-04,5.14E-04,4.14E-04,2.72E-04,3.40E-04,7.51E-04,6.39E-04,2.85E-04,-2.81E-05,4.78E-04,4.88E-04,5.99E-04,2.41E-04,5.82E-04,1.63E-04,7.79E-04,9.26E-04,3.56E-04,-2.01E-04
2411,4.97E-04,7.15E-04,5.02E-04,4.13E-04,2.72E-04,3.36E-04,7.57E-04,6.36E-04,2.77E-04,-2.58E-05,4.79E-04,4.95E-04,6.03E-04,2.40E-04,5.85E-04,1.60E-04,7.77E-04,9.22E-04,3.53E-04,-2.02E-04
2412,5.01E-04,7.22E-04,4.91E-04,4.13E-04,2.72E-04,3.34E-04,7.64E-04,6.34E-04,2.69E-04,-2.20E-05,4.78E-04,5.02E-04,6.03E-04,2.39E-04,5.89E-04,1.58E-04,7.76E-04,9.18E-04,3.51E-04,-2.02E-04
2413,5.06E-04,7.28E-04,4.82E-04,4.13E-04,2.72E-04,3.32E-04,7.72E-04,6.32E-04,2.62E-04,-1.69E-05,4.77E-04,5.09E-04,6.00E-04,2.39E-04,5.92E-04,1.57E-04,7.76E-04,9.16E-04,3.50E-04,-2.01E-04
2414,5.11E-04,7.34E-04,4.74E-04,4.12E-04,2.71E-04,3.31E-04,7.80E-04,6.30E-04,2.56E-04,-1.08E-05,4.74E-04,5.14E-04,5.93E-04,2.39E-04,5.95E-04,1.56E-04,7.76E-04,9.14E-04,3.50E-04,-1.99E-04
2415,5.15E-04,7.39E-04,4.69E-04,4.12E-04,2.70E-04,3.32E-04,7.88E-04,6.29E-04,2.50E-04,-4.07E-06,4.71E-04,5.18E-04,5.83E-04,2.40E-04,5.98E-04,1.56E-04,7.77E-04,9.12E-04,3.51E-04,-1.96E-04
2416,5.18E-04,7.43E-04,4.65E-04,4.11E-04,2.68E-04,3.32E-04,7.95E-04,6.27E-04,2.44E-04,2.77E-06,4.68E-04,5.21E-04,5.69E-04,2.41E-04,6.00E-04,1.57E-04,7.78E-04,9.12E-04,3.53E-04,-1.92E-04
2417,5.19E-04,7.46E-04,4.62E-04,4.09E-04,2.66E-04,3.33E-04,8.01E-04,6.25E-04,2.39E-04,9.33E-06,4.64E-04,5.22E-04,5.52E-04,2.42E-04,6.02E-04,1.58E-04,7.79E-04,9.11E-04,3.56E-04,-1.88E-04
2418,5.17E-04,7.47E-04,4.61E-04,4.07E-04,2.62E-04,3.34E-04,8.06E-04,6.22E-04,2.34E-04,1.52E-05,4.61E-04,5.21E-04,5.34E-04,2.42E-04,6.04E-04,1.59E-04,7.80E-04,9.11E-04,3.60E-04,-1.84E-04
2419,5.12E-04,7.45E-04,4.60E-04,4.04E-04,2.58E-04,3.35E-04,8.09E-04,6.19E-04,2.29E-04,1.99E-05,4.57E-04,5.18E-04,5.15E-04,2.43E-04,6.05E-04,1.60E-04,7.80E-04,9.10E-04,3.64E-04,-1.80E-04
2420,5.03E-04,7.42E-04,4.59E-04,4.01E-04,2.52E-04,3.35E-04,8.10E-04,6.14E-04,2.24E-04,2.32E-05,4.53E-04,5.12E-04,4.96E-04,2.42E-04,6.05E-04,1.60E-04,7.80E-04,9.09E-04,3.69E-04,-1.76E-04
2421,4.91E-04,7.36E-04,4.59E-04,3.96E-04,2.46E-04,3.34E-04,8.09E-04,6.09E-04,2.18E-04,2.49E-05,4.48E-04,5.05E-04,4.78E-04,2.42E-04,6.04E-04,1.61E-04,7.78E-04,9.07E-04,3.74E-04,-1.73E-04
2422,4.75E-04,7.29E-04,4.58E-04,3.91E-04,2.40E-04,3.32E-04,8.05E-04,6.02E-04,2.13E-04,2.47E-05,4.43E-04,4.96E-04,4.62E-04,2.40E-04,6.03E-04,1.60E-04,7.76E-04,9.05E-04,3.79E-04,-1.70E-04
2423,4.56E-04,7.18E-04,4.56E-04,3.85E-04,2.32E-04,3.29E-04,8.00E-04,5.95E-04,2.07E-04,2.27E-05,4.38E-04,4.85E-04,4.48E-04,2.37E-04,6.01E-04,1.60E-04,7.72E-04,9.01E-04,3.84E-04,-1.69E-04
2424,4.33E-04,7.06E-04,4.52E-04,3.79E-04,2.25E-04,3.25E-04,7.92E-04,5.86E-04,2.02E-04,1.88E-05,4.31E-04,4.73E-04,4.38E-04,2.34E-04,5.99E-04,1.58E-04,7.67E-04,8.96E-04,3.89E-04,-1.68E-04
2425,4.09E-04,6.92E-04,4.48E-04,3.72E-04,2.17E-04,3.19E-04,7.83E-04,5.76E-04,1.95E-04,1.33E-05,4.23E-04,4.60E-04,4.32E-04,2.29E-04,5.96E-04,1.56E-04,7.61E-04,8.90E-04,3.94E-04,-1.69E-04
2426,3.82E-04,6.76E-04,4.41E-04,3.64E-04,2.09E-04,3.11E-04,7.73E-04,5.65E-04,1.89E-04,6.27E-06,4.14E-04,4.46E-04,4.30E-04,2.24E-04,5.93E-04,1.54E-04,7.55E-04,8.83E-04,3.98E-04,-1.70E-04
2427,3.54E-04,6.59E-04,4.33E-04,3.57E-04,2.02E-04,3.03E-04,7.61E-04,5.54E-04,1.83E-04,-1.85E-06,4.03E-04,4.32E-04,4.32E-04,2.18E-04,5.90E-04,1.51E-04,7.47E-04,8.75E-04,4.02E-04,-1.72E-04
2428,3.27E-04,6.41E-04,4.23E-04,3.49E-04,1.94E-04,2.93E-04,7.49E-04,5.41E-04,1.76E-04,-1.07E-05,3.91E-04,4.18E-04,4.39E-04,2.11E-04,5.87E-04,1.48E-04,7.40E-04,8.66E-04,4.06E-04,-1.75E-04
2429,3.00E-04,6.22E-04,4.11E-04,3.41E-04,1.87E-04,2.83E-04,7.37E-04,5.29E-04,1.70E-04,-2.00E-05,3.78E-04,4.04E-04,4.49E-04,2.04E-04,5.84E-04,1.45E-04,7.32E-04,8.57E-04,4.10E-04,-1.78E-04
2430,2.76E-04,6.04E-04,3.98E-04,3.34E-04,1.80E-04,2.72E-04,7.25E-04,5.16E-04,1.64E-04,-2.92E-05,3.64E-04,3.91E-04,4.62E-04,1.97E-04,5.82E-04,1.43E-04,7.24E-04,8.47E-04,4.14E-04,-1.81E-04
2431,2.53E-04,5.85E-04,3.83E-04,3.27E-04,1.74E-04,2.61E-04,7.14E-04,5.02E-04,1.59E-04,-3.80E-05,3.50E-04,3.80E-04,4.78E-04,1.90E-04,5.80E-04,1.40E-04,7.17E-04,8.37E-04,4.17E-04,-1.84E-04
2432,2.33E-04,5.66E-04,3.68E-04,3.20E-04,1.69E-04,2.50E-04,7.03E-04,4.89E-04,1.54E-04,-4.61E-05,3.35E-04,3.70E-04,4.95E-04,1.83E-04,5.79E-04,1.38E-04,7.10E-04,8.28E-04,4.21E-04,-1.86E-04
2433,2.16E-04,5.48E-04,3.51E-04,3.14E-04,1.63E-04,2.40E-04,6.92E-04,4.77E-04,1.50E-04,-5.30E-05,3.21E-04,3.61E-04,5.12E-04,1.76E-04,5.79E-04,1.36E-04,7.04E-04,8.19E-04,4.25E-04,-1.88E-04
2434,2.03E-04,5.32E-04,3.35E-04,3.08E-04,1.58E-04,2.30E-04,6.83E-04,4.65E-04,1.46E-04,-5.87E-05,3.08E-04,3.54E-04,5.28E-04,1.69E-04,5.79E-04,1.35E-04,7.00E-04,8.10E-04,4.30E-04,-1.89E-04
2435,1.92E-04,5.16E-04,3.18E-04,3.02E-04,1.54E-04,2.22E-04,6.74E-04,4.53E-04,1.44E-04,-6.30E-05,2.96E-04,3.48E-04,5.44E-04,1.63E-04,5.80E-04,1.35E-04,6.96E-04,8.03E-04,4.35E-04,-1.89E-04
2436,1.84E-04,5.01E-04,3.01E-04,2.97E-04,1.50E-04,2.14E-04,6.66E-04,4.42E-04,1.42E-04,-6.58E-05,2.87E-04,3.44E-04,5.57E-04,1.58E-04,5.82E-04,1.36E-04,6.94E-04,7.97E-04,4.40E-04,-1.88E-04
2437,1.78E-04,4.87E-04,2.84E-04,2.93E-04,1.45E-04,2.07E-04,6.58E-04,4.33E-04,1.41E-04,-6.72E-05,2.80E-04,3.42E-04,5.67E-04,1.54E-04,5.85E-04,1.37E-04,6.93E-04,7.92E-04,4.45E-04,-1.86E-04
2438,1.74E-04,4.74E-04,2.67E-04,2.88E-04,1.41E-04,2.02E-04,6.50E-04,4.23E-04,1.41E-04,-6.73E-05,2.77E-04,3.41E-04,5.74E-04,1.50E-04,5.88E-04,1.40E-04,6.93E-04,7.88E-04,4.51E-04,-1.83E-04
2439,1.71E-04,4.62E-04,2.51E-04,2.84E-04,1.37E-04,1.98E-04,6.43E-04,4.15E-04,1.42E-04,-6.63E-05,2.76E-04,3.41E-04,5.77E-04,1.46E-04,5.92E-04,1.42E-04,6.93E-04,7.85E-04,4.58E-04,-1.79E-04
2440,1.67E-04,4.51E-04,2.35E-04,2.80E-04,1.32E-04,1.95E-04,6.35E-04,4.07E-04,1.43E-04,-6.44E-05,2.78E-04,3.43E-04,5.78E-04,1.42E-04,5.96E-04,1.45E-04,6.94E-04,7.83E-04,4.64E-04,-1.74E-04
2441,1.64E-04,4.41E-04,2.19E-04,2.76E-04,1.27E-04,1.93E-04,6.27E-04,3.99E-04,1.44E-04,-6.21E-05,2.83E-04,3.45E-04,5.74E-04,1.39E-04,6.00E-04,1.49E-04,6.95E-04,7.82E-04,4.71E-04,-1.68E-04
2442,1.59E-04,4.32E-04,2.04E-04,2.72E-04,1.21E-04,1.91E-04,6.18E-04,3.92E-04,1.46E-04,-5.95E-05,2.90E-04,3.48E-04,5.68E-04,1.36E-04,6.04E-04,1.53E-04,6.97E-04,7.81E-04,4.78E-04,-1.62E-04
2443,1.53E-04,4.23E-04,1.90E-04,2.67E-04,1.15E-04,1.90E-04,6.09E-04,3.85E-04,1.48E-04,-5.69E-05,3.00E-04,3.52E-04,5.60E-04,1.33E-04,6.07E-04,1.56E-04,6.98E-04,7.81E-04,4.85E-04,-1.56E-04
2444,1.45E-04,4.15E-04,1.75E-04,2.62E-04,1.08E-04,1.90E-04,5.99E-04,3.78E-04,1.50E-04,-5.47E-05,3.11E-04,3.55E-04,5.51E-04,1.29E-04,6.11E-04,1.60E-04,6.98E-04,7.82E-04,4.92E-04,-1.50E-04
2445,1.35E-04,4.07E-04,1.61E-04,2.58E-04,1.01E-04,1.89E-04,5.88E-04,3.71E-04,1.51E-04,-5.31E-05,3.22E-04,3.60E-04,5.40E-04,1.25E-04,6.14E-04,1.63E-04,6.98E-04,7.82E-04,4.99E-04,-1.44E-04
2446,1.23E-04,4.00E-04,1.48E-04,2.52E-04,9.33E-05,1.88E-04,5.77E-04,3.63E-04,1.52E-04,-5.21E-05,3.34E-04,3.64E-04,5.30E-04,1.20E-04,6.16E-04,1.66E-04,6.97E-04,7.82E-04,5.05E-04,-1.38E-04
2447,1.10E-04,3.93E-04,1.35E-04,2.47E-04,8.50E-05,1.87E-04,5.65E-04,3.55E-04,1.53E-04,-5.19E-05,3.45E-04,3.68E-04,5.21E-04,1.15E-04,6.17E-04,1.68E-04,6.95E-04,7.82E-04,5.11E-04,-1.33E-04
2448,9.61E-05,3.87E-04,1.23E-04,2.42E-04,7.64E-05,1.86E-04,5.53E-04,3.47E-04,1.53E-04,-5.24E-05,3.55E-04,3.73E-04,5.13E-04,1.09E-04,6.18E-04,1.70E-04,6.93E-04,7.81E-04,5.16E-04,-1.29E-04
2449,8.13E-05,3.82E-04,1.11E-04,2.37E-04,6.74E-05,1.84E-04,5.40E-04,3.37E-04,1.52E-04,-5.35E-05,3.64E-04,3.78E-04,5.08E-04,1.03E-04,6.19E-04,1.72E-04,6.89E-04,7.80E-04,5.21E-04,-1.25E-04
2450,6.65E-05,3.76E-04,1.01E-04,2.32E-04,5.84E-05,1.82E-04,5.28E-04,3.28E-04,1.51E-04,-5.51E-05,3.72E-04,3.83E-04,5.05E-04,9.72E-05,6.18E-04,1.73E-04,6.86E-04,7.79E-04,5.26E-04,-1.22E-04
2451,5.23E-05,3.72E-04,9.25E-05,2.27E-04,4.93E-05,1.79E-04,5.15E-04,3.18E-04,1.50E-04,-5.68E-05,3.77E-04,3.88E-04,5.06E-04,9.13E-05,6.17E-04,1.75E-04,6.82E-04,7.77E-04,5.30E-04,-1.19E-04
2452,3.92E-05,3.69E-04,8.54E-05,2.24E-04,4.05E-05,1.77E-04,5.03E-04,3.07E-04,1.48E-04,-5.84E-05,3.82E-04,3.93E-04,5.09E-04,8.57E-05,6.16E-04,1.76E-04,6.78E-04,7.75E-04,5.34E-04,-1.16E-04
2453,2.77E-05,3.66E-04,8.02E-05,2.21E-04,3.21E-05,1.74E-04,4.92E-04,2.97E-04,1.46E-04,-5.95E-05,3.85E-04,3.99E-04,5.16E-04,8.09E-05,6.15E-04,1.78E-04,6.75E-04,7.73E-04,5.38E-04,-1.14E-04
2454,1.84E-05,3.64E-04,7.69E-05,2.19E-04,2.42E-05,1.73E-04,4.81E-04,2.87E-04,1.44E-04,-5.98E-05,3.88E-04,4.05E-04,5.25E-04,7.71E-05,6.13E-04,1.79E-04,6.72E-04,7.70E-04,5.41E-04,-1.12E-04
2455,1.14E-05,3.63E-04,7.59E-05,2.19E-04,1.70E-05,1.71E-04,4.70E-04,2.78E-04,1.42E-04,-5.88E-05,3.91E-04,4.11E-04,5.37E-04,7.45E-05,6.12E-04,1.82E-04,6.71E-04,7.69E-04,5.45E-04,-1.09E-04
2456,6.80E-06,3.63E-04,7.71E-05,2.19E-04,1.06E-05,1.71E-04,4.61E-04,2.69E-04,1.40E-04,-5.64E-05,3.93E-04,4.18E-04,5.50E-04,7.34E-05,6.10E-04,1.85E-04,6.71E-04,7.67E-04,5.49E-04,-1.05E-04
2457,4.66E-06,3.64E-04,8.06E-05,2.21E-04,5.25E-06,1.71E-04,4.52E-04,2.62E-04,1.39E-04,-5.23E-05,3.97E-04,4.25E-04,5.65E-04,7.40E-05,6.09E-04,1.89E-04,6.73E-04,7.66E-04,5.53E-04,-1.02E-04
2458,4.80E-06,3.66E-04,8.61E-05,2.24E-04,9.16E-07,1.73E-04,4.45E-04,2.56E-04,1.39E-04,-4.63E-05,4.03E-04,4.33E-04,5.80E-04,7.65E-05,6.09E-04,1.94E-04,6.76E-04,7.66E-04,5.57E-04,-9.68E-05
2459,6.91E-06,3.68E-04,9.36E-05,2.29E-04,-2.33E-06,1.76E-04,4.38E-04,2.53E-04,1.39E-04,-3.84E-05,4.10E-04,4.41E-04,5.96E-04,8.09E-05,6.09E-04,2.00E-04,6.81E-04,7.67E-04,5.62E-04,-9.13E-05
2460,1.06E-05,3.71E-04,1.03E-04,2.34E-04,-4.48E-06,1.81E-04,4.32E-04,2.50E-04,1.40E-04,-2.87E-05,4.19E-04,4.50E-04,6.12E-04,8.72E-05,6.10E-04,2.07E-04,6.87E-04,7.69E-04,5.67E-04,-8.49E-05
2461,1.55E-05,3.75E-04,1.13E-04,2.40E-04,-5.58E-06,1.87E-04,4.27E-04,2.50E-04,1.41E-04,-1.72E-05,4.30E-04,4.59E-04,6.26E-04,9.53E-05,6.11E-04,2.15E-04,6.96E-04,7.72E-04,5.72E-04,-7.78E-05
2462,2.12E-05,3.79E-04,1.24E-04,2.47E-04,-5.71E-06,1.94E-04,4.24E-04,2.53E-04,1.44E-04,-4.30E-06,4.44E-04,4.68E-04,6.39E-04,1.05E-04,6.13E-04,2.24E-04,7.05E-04,7.75E-04,5.78E-04,-7.00E-05
2463,2.72E-05,3.82E-04,1.36E-04,2.54E-04,-4.99E-06,2.02E-04,4.21E-04,2.57E-04,1.47E-04,9.75E-06,4.59E-04,4.78E-04,6.51E-04,1.16E-04,6.15E-04,2.33E-04,7.15E-04,7.80E-04,5.84E-04,-6.18E-05
2464,3.32E-05,3.86E-04,1.48E-04,2.61E-04,-3.57E-06,2.12E-04,4.19E-04,2.62E-04,1.51E-04,2.45E-05,4.75E-04,4.87E-04,6.62E-04,1.28E-04,6.18E-04,2.42E-04,7.26E-04,7.85E-04,5.90E-04,-5.33E-05
2465,3.90E-05,3.89E-04,1.59E-04,2.68E-04,-1.63E-06,2.22E-04,4.19E-04,2.70E-04,1.55E-04,3.96E-05,4.93E-04,4.97E-04,6.71E-04,1.41E-04,6.20E-04,2.52E-04,7.37E-04,7.90E-04,5.95E-04,-4.48E-05
2466,4.45E-05,3.93E-04,1.69E-04,2.74E-04,6.46E-07,2.32E-04,4.20E-04,2.79E-04,1.60E-04,5.44E-05,5.10E-04,5.06E-04,6.78E-04,1.54E-04,6.23E-04,2.62E-04,7.47E-04,7.96E-04,6.01E-04,-3.65E-05
2467,4.96E-05,3.95E-04,1.78E-04,2.80E-04,3.06E-06,2.42E-04,4.22E-04,2.89E-04,1.64E-04,6.86E-05,5.27E-04,5.14E-04,6.85E-04,1.67E-04,6.25E-04,2.71E-04,7.57E-04,8.03E-04,6.07E-04,-2.89E-05
2468,5.45E-05,3.98E-04,1.86E-04,2.84E-04,5.44E-06,2.52E-04,4.25E-04,2.99E-04,1.69E-04,8.18E-05,5.42E-04,5.22E-04,6.91E-04,1.80E-04,6.28E-04,2.80E-04,7.66E-04,8.09E-04,6.11E-04,-2.20E-05
2469,5.93E-05,4.00E-04,1.92E-04,2.88E-04,7.60E-06,2.61E-04,4.30E-04,3.10E-04,1.73E-04,9.34E-05,5.54E-04,5.30E-04,6.96E-04,1.93E-04,6.29E-04,2.87E-04,7.73E-04,8.15E-04,6.16E-04,-1.61E-05
2470,6.43E-05,4.02E-04,1.96E-04,2.91E-04,9.41E-06,2.70E-04,4.35E-04,3.20E-04,1.78E-04,1.03E-04,5.64E-04,5.36E-04,7.01E-04,2.04E-04,6.30E-04,2.94E-04,7.80E-04,8.20E-04,6.19E-04,-1.13E-05
2471,6.99E-05,4.03E-04,1.99E-04,2.92E-04,1.08E-05,2.78E-04,4.42E-04,3.30E-04,1.81E-04,1.12E-04,5.71E-04,5.41E-04,7.07E-04,2.14E-04,6.30E-04,3.00E-04,7.84E-04,8.24E-04,6.22E-04,-7.84E-06
2472,7.63E-05,4.05E-04,2.01E-04,2.92E-04,1.16E-05,2.85E-04,4.50E-04,3.39E-04,1.84E-04,1.18E-04,5.74E-04,5.45E-04,7.14E-04,2.24E-04,6.29E-04,3.04E-04,7.87E-04,8.28E-04,6.23E-04,-5.68E-06
2473,8.38E-05,4.07E-04,2.01E-04,2.92E-04,1.20E-05,2.90E-04,4.58E-04,3.47E-04,1.86E-04,1.22E-04,5.73E-04,5.48E-04,7.21E-04,2.32E-04,6.28E-04,3.08E-04,7.88E-04,8.31E-04,6.24E-04,-4.80E-06
2474,9.26E-05,4.09E-04,2.01E-04,2.91E-04,1.18E-05,2.95E-04,4.67E-04,3.53E-04,1.88E-04,1.24E-04,5.68E-04,5.50E-04,7.29E-04,2.39E-04,6.26E-04,3.10E-04,7.88E-04,8.32E-04,6.24E-04,-5.12E-06
2475,1.03E-04,4.12E-04,2.01E-04,2.89E-04,1.13E-05,2.98E-04,4.76E-04,3.59E-04,1.88E-04,1.25E-04,5.61E-04,5.50E-04,7.38E-04,2.45E-04,6.22E-04,3.11E-04,7.87E-04,8.32E-04,6.23E-04,-6.49E-06
2476,1.15E-04,4.15E-04,2.00E-04,2.86E-04,1.05E-05,3.01E-04,4.86E-04,3.62E-04,1.88E-04,1.25E-04,5.50E-04,5.49E-04,7.48E-04,2.50E-04,6.19E-04,3.12E-04,7.85E-04,8.31E-04,6.21E-04,-8.73E-06
2477,1.27E-04,4.20E-04,2.00E-04,2.84E-04,9.66E-06,3.03E-04,4.95E-04,3.65E-04,1.88E-04,1.23E-04,5.38E-04,5.47E-04,7.59E-04,2.54E-04,6.14E-04,3.11E-04,7.82E-04,8.29E-04,6.18E-04,-1.16E-05
2478,1.41E-04,4.25E-04,2.01E-04,2.81E-04,8.82E-06,3.04E-04,5.03E-04,3.66E-04,1.86E-04,1.21E-04,5.24E-04,5.44E-04,7.70E-04,2.59E-04,6.10E-04,3.10E-04,7.79E-04,8.25E-04,6.14E-04,-1.49E-05
2479,1.55E-04,4.30E-04,2.03E-04,2.78E-04,8.21E-06,3.05E-04,5.11E-04,3.66E-04,1.85E-04,1.19E-04,5.11E-04,5.41E-04,7.81E-04,2.63E-04,6.05E-04,3.09E-04,7.76E-04,8.21E-04,6.10E-04,-1.84E-05
2480,1.69E-04,4.37E-04,2.06E-04,2.75E-04,7.99E-06,3.06E-04,5.17E-04,3.65E-04,1.82E-04,1.17E-04,4.98E-04,5.36E-04,7.92E-04,2.67E-04,6.00E-04,3.08E-04,7.73E-04,8.15E-04,6.06E-04,-2.19E-05
2481,1.82E-04,4.44E-04,2.10E-04,2.72E-04,8.28E-06,3.07E-04,5.23E-04,3.64E-04,1.80E-04,1.16E-04,4.87E-04,5.32E-04,8.02E-04,2.71E-04,5.94E-04,3.07E-04,7.70E-04,8.08E-04,6.01E-04,-2.52E-05
2482,1.94E-04,4.52E-04,2.15E-04,2.69E-04,9.16E-06,3.08E-04,5.26E-04,3.63E-04,1.77E-04,1.15E-04,4.78E-04,5.27E-04,8.12E-04,2.75E-04,5.89E-04,3.05E-04,7.67E-04,8.00E-04,5.96E-04,-2.81E-05
2483,2.04E-04,4.60E-04,2.22E-04,2.66E-04,1.07E-05,3.09E-04,5.28E-04,3.62E-04,1.75E-04,1.15E-04,4.72E-04,5.22E-04,8.20E-04,2.80E-04,5.84E-04,3.04E-04,7.65E-04,7.92E-04,5.91E-04,-3.06E-05
2484,2.12E-04,4.68E-04,2.29E-04,2.63E-04,1.28E-05,3.11E-04,5.28E-04,3.61E-04,1.72E-04,1.16E-04,4.70E-04,5.18E-04,8.26E-04,2.85E-04,5.80E-04,3.03E-04,7.64E-04,7.83E-04,5.86E-04,-3.27E-05
2485,2.16E-04,4.76E-04,2.36E-04,2.60E-04,1.54E-05,3.12E-04,5.27E-04,3.61E-04,1.69E-04,1.18E-04,4.71E-04,5.14E-04,8.31E-04,2.90E-04,5.75E-04,3.01E-04,7.62E-04,7.73E-04,5.81E-04,-3.44E-05
2486,2.18E-04,4.84E-04,2.44E-04,2.55E-04,1.84E-05,3.13E-04,5.23E-04,3.62E-04,1.67E-04,1.20E-04,4.75E-04,5.11E-04,8.34E-04,2.96E-04,5.70E-04,3.00E-04,7.60E-04,7.63E-04,5.76E-04,-3.57E-05
2487,2.17E-04,4.90E-04,2.51E-04,2.50E-04,2.15E-05,3.14E-04,5.19E-04,3.63E-04,1.64E-04,1.22E-04,4.83E-04,5.08E-04,8.35E-04,3.01E-04,5.66E-04,2.98E-04,7.57E-04,7.53E-04,5.71E-04,-3.68E-05
2488,2.12E-04,4.95E-04,2.57E-04,2.44E-04,2.45E-05,3.14E-04,5.12E-04,3.65E-04,1.62E-04,1.25E-04,4.93E-04,5.07E-04,8.34E-04,3.06E-04,5.61E-04,2.96E-04,7.54E-04,7.42E-04,5.66E-04,-3.79E-05
2489,2.05E-04,4.99E-04,2.62E-04,2.37E-04,2.70E-05,3.14E-04,5.05E-04,3.67E-04,1.59E-04,1.27E-04,5.06E-04,5.06E-04,8.31E-04,3.10E-04,5.56E-04,2.94E-04,7.50E-04,7.31E-04,5.61E-04,-3.91E-05
2490,1.96E-04,5.01E-04,2.65E-04,2.29E-04,2.87E-05,3.12E-04,4.97E-04,3.71E-04,1.56E-04,1.28E-04,5.19E-04,5.06E-04,8.28E-04,3.13E-04,5.51E-04,2.90E-04,7.44E-04,7.19E-04,5.55E-04,-4.06E-05
2491,1.85E-04,5.02E-04,2.67E-04,2.19E-04,2.94E-05,3.10E-04,4.89E-04,3.74E-04,1.53E-04,1.28E-04,5.33E-04,5.07E-04,8.23E-04,3.16E-04,5.45E-04,2.86E-04,7.37E-04,7.07E-04,5.50E-04,-4.25E-05
2492,1.73E-04,5.01E-04,2.67E-04,2.09E-04,2.87E-05,3.06E-04,4.81E-04,3.78E-04,1.50E-04,1.27E-04,5.46E-04,5.08E-04,8.17E-04,3.17E-04,5.39E-04,2.80E-04,7.28E-04,6.95E-04,5.44E-04,-4.51E-05
2493,1.60E-04,4.98E-04,2.65E-04,1.97E-04,2.63E-05,3.01E-04,4.72E-04,3.81E-04,1.46E-04,1.24E-04,5.57E-04,5.10E-04,8.10E-04,3.17E-04,5.31E-04,2.74E-04,7.17E-04,6.83E-04,5.38E-04,-4.83E-05
2494,1.49E-04,4.93E-04,2.62E-04,1.84E-04,2.21E-05,2.94E-04,4.65E-04,3.84E-04,1.42E-04,1.20E-04,5.66E-04,5.12E-04,8.04E-04,3.16E-04,5.23E-04,2.66E-04,7.04E-04,6.70E-04,5.32E-04,-5.23E-05
2495,1.38E-04,4.87E-04,2.57E-04,1.70E-04,1.60E-05,2.85E-04,4.58E-04,3.86E-04,1.38E-04,1.14E-04,5.72E-04,5.13E-04,7.97E-04,3.14E-04,5.14E-04,2.57E-04,6.89E-04,6.57E-04,5.25E-04,-5.70E-05
2496,1.30E-04,4.80E-04,2.50E-04,1.56E-04,8.02E-06,2.76E-04,4.52E-04,3.87E-04,1.33E-04,1.06E-04,5.75E-04,5.13E-04,7.90E-04,3.10E-04,5.05E-04,2.46E-04,6.73E-04,6.43E-04,5.19E-04,-6.23E-05
2497,1.23E-04,4.72E-04,2.43E-04,1.42E-04,-1.81E-06,2.65E-04,4.47E-04,3.88E-04,1.27E-04,9.69E-05,5.73E-04,5.13E-04,7.83E-04,3.05E-04,4.94E-04,2.35E-04,6.56E-04,6.29E-04,5.11E-04,-6.81E-05
2498,1.19E-04,4.63E-04,2.35E-04,1.28E-04,-1.33E-05,2.54E-04,4.43E-04,3.87E-04,1.20E-04,8.68E-05,5.68E-04,5.11E-04,7.77E-04,3.00E-04,4.83E-04,2.24E-04,6.38E-04,6.15E-04,5.04E-04,-7.42E-05
2499,1.18E-04,4.54E-04,2.27E-04,1.15E-04,-2.61E-05,2.42E-04,4.41E-04,3.84E-04,1.13E-04,7.60E-05,5.59E-04,5.08E-04,7.71E-04,2.94E-04,4.71E-04,2.11E-04,6.20E-04,6.00E-04,4.96E-04,-8.03E-05
2500,1.18E-04,4.45E-04,2.20E-04,1.02E-04,-3.99E-05,2.29E-04,4.39E-04,3.81E-04,1.06E-04,6.48E-05,5.47E-04,5.04E-04,7.65E-04,2.87E-04,4.59E-04,1.99E-04,6.02E-04,5.85E-04,4.89E-04,-8.63E-05
2501,1.20E-04,4.36E-04,2.13E-04,9.01E-05,-5.43E-05,2.17E-04,4.39E-04,3.76E-04,9.84E-05,5.37E-05,5.32E-04,4.97E-04,7.58E-04,2.80E-04,4.47E-04,1.86E-04,5.84E-04,5.70E-04,4.81E-04,-9.19E-05
2502,1.23E-04,4.28E-04,2.06E-04,7.95E-05,-6.88E-05,2.06E-04,4.39E-04,3.70E-04,9.05E-05,4.32E-05,5.14E-04,4.89E-04,7.52E-04,2.74E-04,4.35E-04,1.75E-04,5.67E-04,5.55E-04,4.73E-04,-9.67E-05
2503,1.27E-04,4.22E-04,2.01E-04,7.01E-05,-8.30E-05,1.95E-04,4.39E-04,3.63E-04,8.25E-05,3.36E-05,4.95E-04,4.79E-04,7.45E-04,2.67E-04,4.23E-04,1.63E-04,5.52E-04,5.40E-04,4.66E-04,-1.01E-04
2504,1.30E-04,4.16E-04,1.97E-04,6.18E-05,-9.64E-05,1.86E-04,4.39E-04,3.55E-04,7.45E-05,2.53E-05,4.75E-04,4.68E-04,7.37E-04,2.62E-04,4.11E-04,1.53E-04,5.38E-04,5.25E-04,4.59E-04,-1.03E-04
2505,1.32E-04,4.11E-04,1.93E-04,5.46E-05,-1.09E-04,1.77E-04,4.39E-04,3.46E-04,6.65E-05,1.85E-05,4.55E-04,4.55E-04,7.28E-04,2.56E-04,4.00E-04,1.43E-04,5.26E-04,5.11E-04,4.52E-04,-1.05E-04
2506,1.32E-04,4.08E-04,1.91E-04,4.84E-05,-1.19E-04,1.70E-04,4.39E-04,3.38E-04,5.89E-05,1.33E-05,4.36E-04,4.41E-04,7.18E-04,2.52E-04,3.89E-04,1.35E-04,5.16E-04,4.96E-04,4.45E-04,-1.04E-04
2507,1.30E-04,4.06E-04,1.89E-04,4.29E-05,-1.29E-04,1.65E-04,4.38E-04,3.29E-04,5.15E-05,9.81E-06,4.17E-04,4.26E-04,7.06E-04,2.48E-04,3.79E-04,1.28E-04,5.08E-04,4.82E-04,4.39E-04,-1.03E-04
2508,1.25E-04,4.04E-04,1.88E-04,3.77E-05,-1.36E-04,1.61E-04,4.35E-04,3.20E-04,4.45E-05,7.87E-06,4.00E-04,4.11E-04,6.93E-04,2.45E-04,3.69E-04,1.22E-04,5.01E-04,4.69E-04,4.32E-04,-9.98E-05
2509,1.16E-04,4.03E-04,1.86E-04,3.27E-05,-1.41E-04,1.58E-04,4.32E-04,3.11E-04,3.78E-05,7.31E-06,3.86E-04,3.95E-04,6.79E-04,2.42E-04,3.60E-04,1.17E-04,4.95E-04,4.55E-04,4.27E-04,-9.53E-05
2510,1.04E-04,4.03E-04,1.85E-04,2.74E-05,-1.45E-04,1.56E-04,4.26E-04,3.02E-04,3.15E-05,7.84E-06,3.73E-04,3.80E-04,6.63E-04,2.39E-04,3.51E-04,1.13E-04,4.91E-04,4.43E-04,4.21E-04,-8.95E-05
2511,8.82E-05,4.02E-04,1.82E-04,2.16E-05,-1.48E-04,1.55E-04,4.20E-04,2.93E-04,2.56E-05,9.11E-06,3.62E-04,3.66E-04,6.47E-04,2.36E-04,3.42E-04,1.10E-04,4.87E-04,4.30E-04,4.16E-04,-8.26E-05
2512,6.97E-05,4.01E-04,1.79E-04,1.51E-05,-1.49E-04,1.54E-04,4.11E-04,2.85E-04,1.99E-05,1.07E-05,3.53E-04,3.52E-04,6.29E-04,2.33E-04,3.33E-04,1.07E-04,4.83E-04,4.18E-04,4.10E-04,-7.49E-05
2513,4.87E-05,3.99E-04,1.75E-04,7.57E-06,-1.50E-04,1.53E-04,4.01E-04,2.77E-04,1.45E-05,1.23E-05,3.46E-04,3.39E-04,6.10E-04,2.29E-04,3.25E-04,1.04E-04,4.79E-04,4.06E-04,4.05E-04,-6.64E-05
2514,2.60E-05,3.96E-04,1.69E-04,-1.00E-06,-1.50E-04,1.52E-04,3.89E-04,2.69E-04,9.08E-06,1.34E-05,3.40E-04,3.28E-04,5.90E-04,2.25E-04,3.15E-04,1.01E-04,4.75E-04,3.93E-04,4.00E-04,-5.75E-05
2515,2.37E-06,3.91E-04,1.62E-04,-1.07E-05,-1.51E-04,1.51E-04,3.76E-04,2.61E-04,3.67E-06,1.38E-05,3.35E-04,3.19E-04,5.71E-04,2.20E-04,3.06E-04,9.74E-05,4.69E-04,3.81E-04,3.94E-04,-4.84E-05
2516,-2.12E-05,3.85E-04,1.54E-04,-2.13E-05,-1.52E-04,1.48E-04,3.62E-04,2.54E-04,-1.86E-06,1.31E-05,3.30E-04,3.11E-04,5.51E-04,2.13E-04,2.96E-04,9.34E-05,4.61E-04,3.69E-04,3.88E-04,-3.91E-05
2517,-4.39E-05,3.76E-04,1.45E-04,-3.27E-05,-1.55E-04,1.45E-04,3.47E-04,2.46E-04,-7.60E-06,1.12E-05,3.26E-04,3.04E-04,5.31E-04,2.06E-04,2.85E-04,8.88E-05,4.52E-04,3.56E-04,3.83E-04,-2.99E-05
2518,-6.49E-05,3.67E-04,1.34E-04,-4.47E-05,-1.59E-04,1.41E-04,3.32E-04,2.38E-04,-1.36E-05,8.17E-06,3.21E-04,2.99E-04,5.13E-04,1.98E-04,2.74E-04,8.35E-05,4.41E-04,3.43E-04,3.77E-04,-2.08E-05
2519,-8.34E-05,3.55E-04,1.23E-04,-5.69E-05,-1.64E-04,1.36E-04,3.16E-04,2.30E-04,-1.99E-05,4.03E-06,3.15E-04,2.96E-04,4.95E-04,1.89E-04,2.63E-04,7.74E-05,4.28E-04,3.29E-04,3.70E-04,-1.18E-05
2520,-9.90E-05,3.42E-04,1.12E-04,-6.89E-05,-1.71E-04,1.30E-04,3.00E-04,2.22E-04,-2.66E-05,-9.76E-07,3.08E-04,2.94E-04,4.78E-04,1.78E-04,2.51E-04,7.08E-05,4.13E-04,3.15E-04,3.64E-04,-2.80E-06
2521,-1.11E-04,3.28E-04,1.01E-04,-8.02E-05,-1.80E-04,1.23E-04,2.84E-04,2.14E-04,-3.35E-05,-6.50E-06,3.01E-04,2.93E-04,4.62E-04,1.68E-04,2.39E-04,6.36E-05,3.97E-04,3.01E-04,3.58E-04,6.20E-06
2522,-1.20E-04,3.13E-04,9.02E-05,-9.05E-05,-1.90E-04,1.16E-04,2.69E-04,2.06E-04,-4.05E-05,-1.21E-05,2.92E-04,2.93E-04,4.48E-04,1.57E-04,2.28E-04,5.63E-05,3.79E-04,2.86E-04,3.51E-04,1.54E-05
2523,-1.26E-04,2.98E-04,8.05E-05,-9.94E-05,-2.01E-04,1.10E-04,2.55E-04,1.97E-04,-4.77E-05,-1.72E-05,2.82E-04,2.94E-04,4.36E-04,1.46E-04,2.17E-04,4.90E-05,3.61E-04,2.71E-04,3.45E-04,2.50E-05
2524,-1.29E-04,2.83E-04,7.19E-05,-1.07E-04,-2.13E-04,1.03E-04,2.42E-04,1.89E-04,-5.46E-05,-2.14E-05,2.72E-04,2.95E-04,4.25E-04,1.35E-04,2.06E-04,4.21E-05,3.43E-04,2.57E-04,3.40E-04,3.53E-05
2525,-1.29E-04,2.69E-04,6.47E-05,-1.12E-04,-2.25E-04,9.73E-05,2.31E-04,1.81E-04,-6.13E-05,-2.40E-05,2.62E-04,2.97E-04,4.15E-04,1.25E-04,1.97E-04,3.59E-05,3.25E-04,2.43E-04,3.35E-04,4.63E-05
2526,-1.27E-04,2.56E-04,5.92E-05,-1.14E-04,-2.37E-04,9.27E-05,2.21E-04,1.74E-04,-6.75E-05,-2.46E-05,2.51E-04,2.98E-04,4.07E-04,1.16E-04,1.89E-04,3.08E-05,3.08E-04,2.29E-04,3.30E-04,5.85E-05
2527,-1.24E-04,2.45E-04,5.54E-05,-1.15E-04,-2.47E-04,8.95E-05,2.12E-04,1.67E-04,-7.29E-05,-2.27E-05,2.42E-04,3.00E-04,4.00E-04,1.08E-04,1.82E-04,2.70E-05,2.92E-04,2.17E-04,3.26E-04,7.19E-05
2528,-1.22E-04,2.35E-04,5.33E-05,-1.13E-04,-2.57E-04,8.81E-05,2.05E-04,1.61E-04,-7.73E-05,-1.80E-05,2.33E-04,3.01E-04,3.95E-04,1.01E-04,1.76E-04,2.48E-05,2.78E-04,2.06E-04,3.24E-04,8.68E-05
2529,-1.19E-04,2.29E-04,5.29E-05,-1.10E-04,-2.64E-04,8.84E-05,2.00E-04,1.56E-04,-8.05E-05,-1.02E-05,2.26E-04,3.02E-04,3.90E-04,9.52E-05,1.72E-04,2.43E-05,2.66E-04,1.96E-04,3.22E-04,1.03E-04
2530,-1.18E-04,2.24E-04,5.40E-05,-1.04E-04,-2.69E-04,9.08E-05,1.96E-04,1.52E-04,-8.25E-05,7.47E-07,2.20E-04,3.02E-04,3.87E-04,9.11E-05,1.70E-04,2.58E-05,2.56E-04,1.88E-04,3.21E-04,1.21E-04
2531,-1.19E-04,2.22E-04,5.63E-05,-9.73E-05,-2.72E-04,9.51E-05,1.93E-04,1.49E-04,-8.29E-05,1.47E-05,2.17E-04,3.02E-04,3.84E-04,8.84E-05,1.69E-04,2.91E-05,2.48E-04,1.83E-04,3.21E-04,1.41E-04
2532,-1.22E-04,2.23E-04,5.97E-05,-8.93E-05,-2.72E-04,1.01E-04,1.92E-04,1.48E-04,-8.19E-05,3.14E-05,2.16E-04,3.01E-04,3.82E-04,8.68E-05,1.69E-04,3.42E-05,2.44E-04,1.79E-04,3.22E-04,1.61E-04
2533,-1.28E-04,2.25E-04,6.38E-05,-8.09E-05,-2.70E-04,1.09E-04,1.91E-04,1.47E-04,-7.93E-05,5.05E-05,2.17E-04,3.00E-04,3.81E-04,8.62E-05,1.71E-04,4.10E-05,2.41E-04,1.78E-04,3.24E-04,1.83E-04
2534,-1.36E-04,2.30E-04,6.83E-05,-7.24E-05,-2.65E-04,1.18E-04,1.91E-04,1.47E-04,-7.52E-05,7.14E-05,2.20E-04,2.99E-04,3.79E-04,8.63E-05,1.73E-04,4.91E-05,2.40E-04,1.78E-04,3.26E-04,2.06E-04
2535,-1.46E-04,2.35E-04,7.29E-05,-6.45E-05,-2.59E-04,1.28E-04,1.91E-04,1.48E-04,-6.98E-05,9.36E-05,2.26E-04,2.96E-04,3.78E-04,8.68E-05,1.75E-04,5.83E-05,2.41E-04,1.81E-04,3.30E-04,2.30E-04
2536,-1.59E-04,2.42E-04,7.73E-05,-5.75E-05,-2.52E-04,1.39E-04,1.92E-04,1.49E-04,-6.32E-05,1.16E-04,2.34E-04,2.94E-04,3.77E-04,8.74E-05,1.78E-04,6.83E-05,2.44E-04,1.85E-04,3.33E-04,2.54E-04
2537,-1.73E-04,2.48E-04,8.13E-05,-5.19E-05,-2.43E-04,1.49E-04,1.93E-04,1.51E-04,-5.57E-05,1.39E-04,2.42E-04,2.91E-04,3.76E-04,8.78E-05,1.81E-04,7.85E-05,2.47E-04,1.91E-04,3.37E-04,2.77E-04
2538,-1.88E-04,2.55E-04,8.46E-05,-4.80E-05,-2.35E-04,1.59E-04,1.94E-04,1.53E-04,-4.74E-05,1.60E-04,2.52E-04,2.87E-04,3.75E-04,8.76E-05,1.83E-04,8.86E-05,2.50E-04,1.97E-04,3.40E-04,3.01E-04
2539,-2.04E-04,2.60E-04,8.71E-05,-4.61E-05,-2.27E-04,1.68E-04,1.95E-04,1.55E-04,-3.88E-05,1.80E-04,2.62E-04,2.83E-04,3.74E-04,8.66E-05,1.84E-04,9.82E-05,2.53E-04,2.04E-04,3.44E-04,3.23E-04
2540,-2.18E-04,2.64E-04,8.87E-05,-4.64E-05,-2.20E-04,1.76E-04,1.95E-04,1.56E-04,-3.01E-05,1.98E-04,2.71E-04,2.79E-04,3.72E-04,8.45E-05,1.84E-04,1.07E-04,2.56E-04,2.11E-04,3.47E-04,3.44E-04
2541,-2.31E-04,2.66E-04,8.93E-05,-4.88E-05,-2.14E-04,1.82E-04,1.95E-04,1.57E-04,-2.16E-05,2.13E-04,2.79E-04,2.75E-04,3.70E-04,8.12E-05,1.83E-04,1.14E-04,2.56E-04,2.18E-04,3.50E-04,3.63E-04
2542,-2.42E-04,2.67E-04,8.90E-05,-5.33E-05,-2.11E-04,1.86E-04,1.95E-04,1.58E-04,-1.36E-05,2.26E-04,2.86E-04,2.70E-04,3.68E-04,7.66E-05,1.81E-04,1.20E-04,2.56E-04,2.23E-04,3.52E-04,3.81E-04
2543,-2.51E-04,2.64E-04,8.78E-05,-5.97E-05,-2.09E-04,1.88E-04,1.94E-04,1.58E-04,-6.33E-06,2.35E-04,2.90E-04,2.65E-04,3.66E-04,7.07E-05,1.77E-04,1.25E-04,2.53E-04,2.27E-04,3.53E-04,3.97E-04
2544,-2.56E-04,2.60E-04,8.57E-05,-6.78E-05,-2.09E-04,1.88E-04,1.93E-04,1.56E-04,2.50E-08,2.41E-04,2.92E-04,2.61E-04,3.63E-04,6.36E-05,1.73E-04,1.27E-04,2.49E-04,2.30E-04,3.54E-04,4.10E-04
2545,-2.59E-04,2.53E-04,8.29E-05,-7.73E-05,-2.12E-04,1.86E-04,1.92E-04,1.54E-04,5.35E-06,2.45E-04,2.90E-04,2.56E-04,3.60E-04,5.53E-05,1.67E-04,1.28E-04,2.42E-04,2.31E-04,3.54E-04,4.22E-04
2546,-2.57E-04,2.44E-04,7.95E-05,-8.78E-05,-2.16E-04,1.81E-04,1.90E-04,1.52E-04,9.58E-06,2.46E-04,2.85E-04,2.51E-04,3.58E-04,4.62E-05,1.60E-04,1.28E-04,2.33E-04,2.30E-04,3.53E-04,4.31E-04
2547,-2.53E-04,2.34E-04,7.57E-05,-9.89E-05,-2.21E-04,1.75E-04,1.88E-04,1.48E-04,1.27E-05,2.45E-04,2.77E-04,2.47E-04,3.56E-04,3.64E-05,1.53E-04,1.26E-04,2.22E-04,2.27E-04,3.51E-04,4.39E-04
2548,-2.47E-04,2.23E-04,7.15E-05,-1.10E-04,-2.27E-04,1.68E-04,1.86E-04,1.45E-04,1.49E-05,2.42E-04,2.65E-04,2.43E-04,3.54E-04,2.62E-05,1.45E-04,1.23E-04,2.10E-04,2.22E-04,3.50E-04,4.46E-04
2549,-2.37E-04,2.12E-04,6.72E-05,-1.22E-04,-2.33E-04,1.59E-04,1.85E-04,1.40E-04,1.63E-05,2.39E-04,2.49E-04,2.39E-04,3.53E-04,1.59E-05,1.37E-04,1.19E-04,1.97E-04,2.16E-04,3.48E-04,4.51E-04
2550,-2.27E-04,2.00E-04,6.29E-05,-1.32E-04,-2.39E-04,1.49E-04,1.83E-04,1.36E-04,1.71E-05,2.36E-04,2.30E-04,2.35E-04,3.52E-04,5.76E-06,1.29E-04,1.14E-04,1.83E-04,2.08E-04,3.45E-04,4.55E-04
2551,-2.15E-04,1.89E-04,5.87E-05,-1.43E-04,-2.45E-04,1.39E-04,1.81E-04,1.32E-04,1.76E-05,2.33E-04,2.08E-04,2.32E-04,3.53E-04,-3.95E-06,1.22E-04,1.10E-04,1.69E-04,1.99E-04,3.43E-04,4.59E-04
2552,-2.03E-04,1.80E-04,5.47E-05,-1.52E-04,-2.48E-04,1.28E-04,1.79E-04,1.28E-04,1.79E-05,2.32E-04,1.84E-04,2.29E-04,3.54E-04,-1.30E-05,1.15E-04,1.05E-04,1.56E-04,1.89E-04,3.41E-04,4.62E-04
2553,-1.91E-04,1.72E-04,5.10E-05,-1.60E-04,-2.50E-04,1.18E-04,1.77E-04,1.24E-04,1.86E-05,2.31E-04,1.58E-04,2.27E-04,3.57E-04,-2.13E-05,1.09E-04,1.01E-04,1.43E-04,1.80E-04,3.39E-04,4.65E-04
2554,-1.80E-04,1.67E-04,4.79E-05,-1.68E-04,-2.50E-04,1.09E-04,1.76E-04,1.21E-04,1.97E-05,2.33E-04,1.31E-04,2.25E-04,3.61E-04,-2.86E-05,1.04E-04,9.78E-05,1.31E-04,1.71E-04,3.38E-04,4.69E-04
2555,-1.71E-04,1.64E-04,4.52E-05,-1.74E-04,-2.48E-04,1.00E-04,1.74E-04,1.19E-04,2.16E-05,2.37E-04,1.04E-04,2.24E-04,3.66E-04,-3.49E-05,1.00E-04,9.52E-05,1.20E-04,1.62E-04,3.37E-04,4.73E-04
2556,-1.63E-04,1.64E-04,4.33E-05,-1.80E-04,-2.43E-04,9.25E-05,1.72E-04,1.17E-04,2.44E-05,2.44E-04,7.69E-05,2.24E-04,3.72E-04,-4.03E-05,9.75E-05,9.36E-05,1.12E-04,1.55E-04,3.36E-04,4.78E-04
2557,-1.58E-04,1.66E-04,4.20E-05,-1.85E-04,-2.37E-04,8.58E-05,1.70E-04,1.16E-04,2.84E-05,2.52E-04,5.09E-05,2.24E-04,3.79E-04,-4.47E-05,9.55E-05,9.29E-05,1.05E-04,1.49E-04,3.36E-04,4.83E-04
2558,-1.54E-04,1.71E-04,4.15E-05,-1.89E-04,-2.29E-04,8.02E-05,1.67E-04,1.16E-04,3.36E-05,2.63E-04,2.67E-05,2.24E-04,3.88E-04,-4.82E-05,9.44E-05,9.32E-05,9.99E-05,1.44E-04,3.37E-04,4.89E-04
2559,-1.53E-04,1.78E-04,4.19E-05,-1.93E-04,-2.20E-04,7.57E-05,1.65E-04,1.16E-04,4.00E-05,2.75E-04,4.99E-06,2.26E-04,3.96E-04,-5.11E-05,9.40E-05,9.44E-05,9.68E-05,1.41E-04,3.38E-04,4.96E-04
2560,-1.53E-04,1.86E-04,4.31E-05,-1.97E-04,-2.10E-04,7.20E-05,1.62E-04,1.17E-04,4.76E-05,2.88E-04,-1.37E-05,2.28E-04,4.06E-04,-5.35E-05,9.42E-05,9.63E-05,9.54E-05,1.39E-04,3.39E-04,5.02E-04
2561,-1.54E-04,1.96E-04,4.51E-05,-2.01E-04,-2.00E-04,6.91E-05,1.59E-04,1.19E-04,5.62E-05,3.03E-04,-2.87E-05,2.30E-04,4.15E-04,-5.56E-05,9.47E-05,9.87E-05,9.54E-05,1.38E-04,3.40E-04,5.10E-04
2562,-1.56E-04,2.07E-04,4.80E-05,-2.06E-04,-1.91E-04,6.67E-05,1.55E-04,1.21E-04,6.57E-05,3.17E-04,-3.98E-05,2.33E-04,4.24E-04,-5.74E-05,9.54E-05,1.01E-04,9.67E-05,1.39E-04,3.42E-04,5.17E-04
2563,-1.59E-04,2.18E-04,5.16E-05,-2.11E-04,-1.83E-04,6.47E-05,1.51E-04,1.23E-04,7.59E-05,3.31E-04,-4.65E-05,2.36E-04,4.33E-04,-5.93E-05,9.61E-05,1.04E-04,9.87E-05,1.40E-04,3.43E-04,5.23E-04
2564,-1.61E-04,2.28E-04,5.58E-05,-2.16E-04,-1.77E-04,6.27E-05,1.47E-04,1.25E-04,8.65E-05,3.45E-04,-4.88E-05,2.39E-04,4.40E-04,-6.13E-05,9.65E-05,1.06E-04,1.01E-04,1.42E-04,3.44E-04,5.29E-04
2565,-1.63E-04,2.37E-04,6.05E-05,-2.22E-04,-1.73E-04,6.05E-05,1.43E-04,1.27E-04,9.71E-05,3.57E-04,-4.67E-05,2.43E-04,4.46E-04,-6.36E-05,9.66E-05,1.08E-04,1.04E-04,1.44E-04,3.45E-04,5.34E-04
2566,-1.63E-04,2.45E-04,6.55E-05,-2.29E-04,-1.71E-04,5.80E-05,1.39E-04,1.30E-04,1.08E-04,3.67E-04,-4.02E-05,2.48E-04,4.51E-04,-6.62E-05,9.62E-05,1.10E-04,1.06E-04,1.46E-04,3.46E-04,5.38E-04
2567,-1.62E-04,2.51E-04,7.06E-05,-2.37E-04,-1.72E-04,5.50E-05,1.35E-04,1.31E-04,1.18E-04,3.76E-04,-2.97E-05,2.52E-04,4.53E-04,-6.91E-05,9.53E-05,1.10E-04,1.08E-04,1.46E-04,3.46E-04,5.40E-04
2568,-1.59E-04,2.55E-04,7.56E-05,-2.45E-04,-1.75E-04,5.13E-05,1.31E-04,1.33E-04,1.27E-04,3.82E-04,-1.56E-05,2.57E-04,4.54E-04,-7.23E-05,9.39E-05,1.10E-04,1.09E-04,1.46E-04,3.45E-04,5.41E-04
2569,-1.54E-04,2.57E-04,8.02E-05,-2.53E-04,-1.81E-04,4.69E-05,1.28E-04,1.34E-04,1.35E-04,3.87E-04,1.59E-06,2.61E-04,4.53E-04,-7.58E-05,9.18E-05,1.09E-04,1.09E-04,1.44E-04,3.44E-04,5.41E-04
2570,-1.47E-04,2.57E-04,8.41E-05,-2.62E-04,-1.89E-04,4.18E-05,1.25E-04,1.35E-04,1.43E-04,3.89E-04,2.12E-05,2.66E-04,4.49E-04,-7.94E-05,8.93E-05,1.06E-04,1.08E-04,1.41E-04,3.41E-04,5.38E-04
2571,-1.39E-04,2.54E-04,8.72E-05,-2.71E-04,-1.98E-04,3.59E-05,1.23E-04,1.35E-04,1.49E-04,3.90E-04,4.26E-05,2.71E-04,4.44E-04,-8.31E-05,8.63E-05,1.03E-04,1.06E-04,1.36E-04,3.39E-04,5.35E-04
2572,-1.29E-04,2.50E-04,8.93E-05,-2.79E-04,-2.09E-04,2.93E-05,1.21E-04,1.35E-04,1.54E-04,3.89E-04,6.50E-05,2.76E-04,4.37E-04,-8.67E-05,8.30E-05,9.94E-05,1.03E-04,1.29E-04,3.35E-04,5.29E-04
2573,-1.17E-04,2.43E-04,9.01E-05,-2.88E-04,-2.20E-04,2.21E-05,1.21E-04,1.35E-04,1.58E-04,3.86E-04,8.77E-05,2.80E-04,4.28E-04,-9.01E-05,7.94E-05,9.50E-05,9.87E-05,1.21E-04,3.32E-04,5.23E-04
2574,-1.06E-04,2.36E-04,8.96E-05,-2.95E-04,-2.30E-04,1.45E-05,1.21E-04,1.34E-04,1.60E-04,3.83E-04,1.10E-04,2.84E-04,4.18E-04,-9.31E-05,7.56E-05,9.01E-05,9.35E-05,1.11E-04,3.27E-04,5.15E-04
2575,-9.37E-05,2.27E-04,8.78E-05,-3.02E-04,-2.40E-04,6.70E-06,1.22E-04,1.33E-04,1.62E-04,3.80E-04,1.31E-04,2.88E-04,4.07E-04,-9.57E-05,7.17E-05,8.49E-05,8.77E-05,9.97E-05,3.22E-04,5.07E-04
2576,-8.21E-05,2.17E-04,8.46E-05,-3.08E-04,-2.49E-04,-1.26E-06,1.24E-04,1.31E-04,1.63E-04,3.76E-04,1.51E-04,2.91E-04,3.96E-04,-9.77E-05,6.77E-05,7.98E-05,8.12E-05,8.76E-05,3.17E-04,4.98E-04
2577,-7.13E-05,2.08E-04,8.01E-05,-3.13E-04,-2.57E-04,-9.17E-06,1.26E-04,1.28E-04,1.63E-04,3.72E-04,1.68E-04,2.93E-04,3.85E-04,-9.91E-05,6.37E-05,7.47E-05,7.45E-05,7.48E-05,3.11E-04,4.89E-04
2578,-6.19E-05,1.98E-04,7.45E-05,-3.17E-04,-2.63E-04,-1.69E-05,1.28E-04,1.25E-04,1.62E-04,3.68E-04,1.83E-04,2.94E-04,3.74E-04,-9.99E-05,5.98E-05,7.00E-05,6.75E-05,6.17E-05,3.04E-04,4.79E-04
2579,-5.42E-05,1.89E-04,6.79E-05,-3.20E-04,-2.67E-04,-2.43E-05,1.31E-04,1.21E-04,1.61E-04,3.65E-04,1.95E-04,2.95E-04,3.63E-04,-9.99E-05,5.59E-05,6.56E-05,6.04E-05,4.84E-05,2.98E-04,4.71E-04
2580,-4.85E-05,1.80E-04,6.06E-05,-3.21E-04,-2.69E-04,-3.12E-05,1.34E-04,1.16E-04,1.60E-04,3.62E-04,2.05E-04,2.94E-04,3.54E-04,-9.94E-05,5.19E-05,6.17E-05,5.34E-05,3.54E-05,2.91E-04,4.62E-04
2581,-4.49E-05,1.72E-04,5.27E-05,-3.22E-04,-2.69E-04,-3.78E-05,1.36E-04,1.10E-04,1.58E-04,3.60E-04,2.11E-04,2.91E-04,3.45E-04,-9.82E-05,4.79E-05,5.83E-05,4.65E-05,2.29E-05,2.84E-04,4.54E-04
2582,-4.34E-05,1.64E-04,4.47E-05,-3.21E-04,-2.68E-04,-4.39E-05,1.38E-04,1.03E-04,1.56E-04,3.58E-04,2.15E-04,2.87E-04,3.38E-04,-9.66E-05,4.37E-05,5.54E-05,3.97E-05,1.09E-05,2.76E-04,4.47E-04
2583,-4.39E-05,1.57E-04,3.66E-05,-3.20E-04,-2.66E-04,-4.96E-05,1.39E-04,9.51E-05,1.54E-04,3.56E-04,2.17E-04,2.82E-04,3.32E-04,-9.46E-05,3.92E-05,5.29E-05,3.31E-05,-2.73E-07,2.69E-04,4.40E-04
2584,-4.64E-05,1.51E-04,2.87E-05,-3.17E-04,-2.64E-04,-5.50E-05,1.39E-04,8.59E-05,1.52E-04,3.55E-04,2.16E-04,2.76E-04,3.27E-04,-9.23E-05,3.43E-05,5.07E-05,2.65E-05,-1.07E-05,2.60E-04,4.35E-04
2585,-5.05E-05,1.44E-04,2.12E-05,-3.14E-04,-2.62E-04,-6.02E-05,1.37E-04,7.54E-05,1.50E-04,3.53E-04,2.13E-04,2.67E-04,3.23E-04,-8.98E-05,2.89E-05,4.86E-05,1.99E-05,-2.04E-05,2.52E-04,4.29E-04
2586,-5.58E-05,1.38E-04,1.40E-05,-3.11E-04,-2.60E-04,-6.53E-05,1.34E-04,6.37E-05,1.47E-04,3.50E-04,2.09E-04,2.58E-04,3.19E-04,-8.73E-05,2.29E-05,4.65E-05,1.32E-05,-2.94E-05,2.43E-04,4.24E-04
2587,-6.20E-05,1.32E-04,7.34E-06,-3.08E-04,-2.59E-04,-7.06E-05,1.29E-04,5.07E-05,1.44E-04,3.46E-04,2.03E-04,2.47E-04,3.16E-04,-8.48E-05,1.63E-05,4.42E-05,6.22E-06,-3.78E-05,2.33E-04,4.20E-04
2588,-6.87E-05,1.25E-04,1.02E-06,-3.05E-04,-2.59E-04,-7.62E-05,1.22E-04,3.65E-05,1.40E-04,3.41E-04,1.96E-04,2.36E-04,3.12E-04,-8.25E-05,8.83E-06,4.16E-05,-1.13E-06,-4.58E-05,2.23E-04,4.15E-04
2589,-7.55E-05,1.18E-04,-5.08E-06,-3.02E-04,-2.61E-04,-8.23E-05,1.13E-04,2.12E-05,1.36E-04,3.35E-04,1.89E-04,2.23E-04,3.07E-04,-8.04E-05,5.86E-07,3.83E-05,-8.95E-06,-5.37E-05,2.13E-04,4.10E-04
2590,-8.21E-05,1.09E-04,-1.12E-05,-2.99E-04,-2.64E-04,-8.91E-05,1.01E-04,4.85E-06,1.30E-04,3.27E-04,1.81E-04,2.10E-04,3.02E-04,-7.87E-05,-8.49E-06,3.43E-05,-1.73E-05,-6.16E-05,2.02E-04,4.05E-04
2591,-8.82E-05,9.98E-05,-1.75E-05,-2.98E-04,-2.70E-04,-9.66E-05,8.74E-05,-1.24E-05,1.23E-04,3.17E-04,1.73E-04,1.96E-04,2.95E-04,-7.73E-05,-1.84E-05,2.94E-05,-2.63E-05,-6.96E-05,1.90E-04,4.00E-04
2592,-9.37E-05,8.88E-05,-2.45E-05,-2.97E-04,-2.77E-04,-1.05E-04,7.16E-05,-3.04E-05,1.15E-04,3.06E-04,1.64E-04,1.82E-04,2.86E-04,-7.63E-05,-2.91E-05,2.35E-05,-3.60E-05,-7.80E-05,1.79E-04,3.94E-04
2593,-9.84E-05,7.63E-05,-3.24E-05,-2.97E-04,-2.86E-04,-1.15E-04,5.37E-05,-4.91E-05,1.06E-04,2.92E-04,1.56E-04,1.68E-04,2.76E-04,-7.57E-05,-4.05E-05,1.66E-05,-4.63E-05,-8.70E-05,1.66E-04,3.87E-04
2594,-1.02E-04,6.23E-05,-4.16E-05,-2.98E-04,-2.96E-04,-1.25E-04,3.40E-05,-6.83E-05,9.47E-05,2.77E-04,1.47E-04,1.54E-04,2.63E-04,-7.54E-05,-5.26E-05,8.62E-06,-5.73E-05,-9.65E-05,1.53E-04,3.80E-04
2595,-1.06E-04,4.69E-05,-5.23E-05,-3.00E-04,-3.07E-04,-1.37E-04,1.28E-05,-8.78E-05,8.23E-05,2.60E-04,1.38E-04,1.40E-04,2.48E-04,-7.56E-05,-6.51E-05,-3.41E-07,-6.88E-05,-1.07E-04,1.40E-04,3.72E-04
2596,-1.08E-04,3.01E-05,-6.48E-05,-3.03E-04,-3.19E-04,-1.49E-04,-9.75E-06,-1.08E-04,6.85E-05,2.43E-04,1.28E-04,1.27E-04,2.31E-04,-7.61E-05,-7.81E-05,-1.02E-05,-8.08E-05,-1.18E-04,1.26E-04,3.63E-04
2597,-1.11E-04,1.21E-05,-7.93E-05,-3.06E-04,-3.31E-04,-1.63E-04,-3.33E-05,-1.27E-04,5.33E-05,2.24E-04,1.18E-04,1.14E-04,2.11E-04,-7.70E-05,-9.14E-05,-2.09E-05,-9.32E-05,-1.29E-04,1.12E-04,3.54E-04
2598,-1.14E-04,-6.77E-06,-9.60E-05,-3.11E-04,-3.43E-04,-1.77E-04,-5.74E-05,-1.48E-04,3.68E-05,2.05E-04,1.08E-04,1.02E-04,1.90E-04,-7.81E-05,-1.05E-04,-3.22E-05,-1.06E-04,-1.42E-04,9.83E-05,3.45E-04
2599,-1.17E-04,-2.64E-05,-1.15E-04,-3.16E-04,-3.55E-04,-1.91E-04,-8.18E-05,-1.68E-04,1.93E-05,1.86E-04,9.59E-05,9.01E-05,1.68E-04,-7.94E-05,-1.18E-04,-4.39E-05,-1.19E-04,-1.54E-04,8.39E-05,3.36E-04
2600,-1.21E-04,-4.64E-05,-1.35E-04,-3.21E-04,-3.66E-04,-2.05E-04,-1.06E-04,-1.88E-04,8.06E-07,1.67E-04,8.32E-05,7.89E-05,1.44E-04,-8.10E-05,-1.32E-04,-5.59E-05,-1.32E-04,-1.68E-04,6.94E-05,3.27E-04
2601,-1.26E-04,-6.64E-05,-1.58E-04,-3.27E-04,-3.76E-04,-2.20E-04,-1.30E-04,-2.09E-04,-1.84E-05,1.49E-04,6.94E-05,6.82E-05,1.21E-04,-8.27E-05,-1.45E-04,-6.78E-05,-1.45E-04,-1.81E-04,5.49E-05,3.18E-04
2602,-1.33E-04,-8.62E-05,-1.81E-04,-3.33E-04,-3.84E-04,-2.34E-04,-1.53E-04,-2.29E-04,-3.81E-05,1.31E-04,5.44E-05,5.78E-05,9.67E-05,-8.45E-05,-1.58E-04,-7.96E-05,-1.58E-04,-1.95E-04,4.03E-05,3.09E-04
2603,-1.41E-04,-1.05E-04,-2.06E-04,-3.38E-04,-3.92E-04,-2.47E-04,-1.74E-04,-2.51E-04,-5.80E-05,1.15E-04,3.84E-05,4.78E-05,7.34E-05,-8.64E-05,-1.70E-04,-9.09E-05,-1.71E-04,-2.08E-04,2.58E-05,3.02E-04
2604,-1.51E-04,-1.24E-04,-2.31E-04,-3.43E-04,-3.98E-04,-2.60E-04,-1.95E-04,-2.72E-04,-7.80E-05,1.00E-04,2.15E-05,3.79E-05,5.11E-05,-8.83E-05,-1.83E-04,-1.02E-04,-1.84E-04,-2.22E-04,1.15E-05,2.95E-04
2605,-1.62E-04,-1.41E-04,-2.56E-04,-3.48E-04,-4.04E-04,-2.71E-04,-2.14E-04,-2.95E-04,-9.78E-05,8.69E-05,3.78E-06,2.83E-05,3.03E-05,-9.01E-05,-1.95E-04,-1.11E-04,-1.96E-04,-2.35E-04,-2.77E-06,2.90E-04
2606,-1.75E-04,-1.57E-04,-2.81E-04,-3.52E-04,-4.08E-04,-2.82E-04,-2.31E-04,-3.18E-04,-1.17E-04,7.54E-05,-1.44E-05,1.87E-05,1.11E-05,-9.17E-05,-2.06E-04,-1.20E-04,-2.09E-04,-2.48E-04,-1.68E-05,2.85E-04
2607,-1.89E-04,-1.71E-04,-3.04E-04,-3.55E-04,-4.12E-04,-2.90E-04,-2.46E-04,-3.42E-04,-1.36E-04,6.56E-05,-3.28E-05,9.11E-06,-6.18E-06,-9.32E-05,-2.17E-04,-1.28E-04,-2.22E-04,-2.61E-04,-3.05E-05,2.82E-04
2608,-2.05E-04,-1.84E-04,-3.27E-04,-3.58E-04,-4.15E-04,-2.97E-04,-2.60E-04,-3.66E-04,-1.55E-04,5.76E-05,-5.11E-05,-4.70E-07,-2.15E-05,-9.45E-05,-2.28E-04,-1.35E-04,-2.34E-04,-2.73E-04,-4.38E-05,2.80E-04
2609,-2.21E-04,-1.95E-04,-3.47E-04,-3.60E-04,-4.19E-04,-3.03E-04,-2.72E-04,-3.92E-04,-1.72E-04,5.11E-05,-6.90E-05,-1.01E-05,-3.48E-05,-9.54E-05,-2.39E-04,-1.41E-04,-2.46E-04,-2.85E-04,-5.68E-05,2.79E-04
2610,-2.38E-04,-2.04E-04,-3.65E-04,-3.61E-04,-4.22E-04,-3.06E-04,-2.82E-04,-4.18E-04,-1.89E-04,4.61E-05,-8.61E-05,-1.98E-05,-4.64E-05,-9.61E-05,-2.50E-04,-1.46E-04,-2.59E-04,-2.96E-04,-6.93E-05,2.79E-04
2611,-2.54E-04,-2.12E-04,-3.82E-04,-3.61E-04,-4.26E-04,-3.08E-04,-2.91E-04,-4.45E-04,-2.05E-04,4.24E-05,-1.02E-04,-2.96E-05,-5.64E-05,-9.64E-05,-2.60E-04,-1.49E-04,-2.71E-04,-3.08E-04,-8.13E-05,2.80E-04
2612,-2.71E-04,-2.19E-04,-3.96E-04,-3.61E-04,-4.30E-04,-3.09E-04,-2.99E-04,-4.73E-04,-2.20E-04,3.99E-05,-1.17E-04,-3.94E-05,-6.53E-05,-9.63E-05,-2.70E-04,-1.52E-04,-2.83E-04,-3.18E-04,-9.28E-05,2.81E-04
2613,-2.86E-04,-2.24E-04,-4.08E-04,-3.61E-04,-4.34E-04,-3.09E-04,-3.06E-04,-5.00E-04,-2.35E-04,3.82E-05,-1.30E-04,-4.94E-05,-7.35E-05,-9.59E-05,-2.81E-04,-1.54E-04,-2.95E-04,-3.29E-04,-1.04E-04,2.84E-04
2614,-3.00E-04,-2.29E-04,-4.17E-04,-3.60E-04,-4.39E-04,-3.07E-04,-3.13E-04,-5.28E-04,-2.48E-04,3.73E-05,-1.42E-04,-5.95E-05,-8.15E-05,-9.51E-05,-2.91E-04,-1.55E-04,-3.06E-04,-3.39E-04,-1.14E-04,2.86E-04
2615,-3.13E-04,-2.33E-04,-4.26E-04,-3.59E-04,-4.45E-04,-3.04E-04,-3.19E-04,-5.56E-04,-2.61E-04,3.68E-05,-1.53E-04,-6.97E-05,-8.98E-05,-9.40E-05,-3.01E-04,-1.56E-04,-3.17E-04,-3.50E-04,-1.23E-04,2.89E-04
2616,-3.25E-04,-2.37E-04,-4.33E-04,-3.58E-04,-4.51E-04,-3.00E-04,-3.26E-04,-5.84E-04,-2.73E-04,3.67E-05,-1.62E-04,-8.01E-05,-9.88E-05,-9.26E-05,-3.12E-04,-1.56E-04,-3.28E-04,-3.60E-04,-1.32E-04,2.91E-04
2617,-3.34E-04,-2.41E-04,-4.39E-04,-3.57E-04,-4.57E-04,-2.96E-04,-3.33E-04,-6.10E-04,-2.85E-04,3.67E-05,-1.70E-04,-9.07E-05,-1.09E-04,-9.10E-05,-3.22E-04,-1.56E-04,-3.38E-04,-3.70E-04,-1.41E-04,2.94E-04
2618,-3.42E-04,-2.46E-04,-4.45E-04,-3.57E-04,-4.63E-04,-2.92E-04,-3.40E-04,-6.36E-04,-2.96E-04,3.66E-05,-1.77E-04,-1.02E-04,-1.21E-04,-8.92E-05,-3.32E-04,-1.55E-04,-3.47E-04,-3.80E-04,-1.48E-04,2.96E-04
2619,-3.49E-04,-2.52E-04,-4.52E-04,-3.57E-04,-4.69E-04,-2.87E-04,-3.49E-04,-6.60E-04,-3.06E-04,3.65E-05,-1.84E-04,-1.13E-04,-1.34E-04,-8.74E-05,-3.41E-04,-1.54E-04,-3.55E-04,-3.90E-04,-1.55E-04,2.98E-04
2620,-3.53E-04,-2.59E-04,-4.58E-04,-3.57E-04,-4.74E-04,-2.83E-04,-3.58E-04,-6.83E-04,-3.16E-04,3.62E-05,-1.91E-04,-1.24E-04,-1.50E-04,-8.56E-05,-3.51E-04,-1.54E-04,-3.63E-04,-3.99E-04,-1.61E-04,2.99E-04
2621,-3.57E-04,-2.67E-04,-4.65E-04,-3.58E-04,-4.79E-04,-2.78E-04,-3.68E-04,-7.03E-04,-3.26E-04,3.57E-05,-1.99E-04,-1.36E-04,-1.67E-04,-8.38E-05,-3.60E-04,-1.53E-04,-3.70E-04,-4.09E-04,-1.67E-04,3.01E-04
2622,-3.59E-04,-2.76E-04,-4.73E-04,-3.58E-04,-4.82E-04,-2.74E-04,-3.78E-04,-7.22E-04,-3.35E-04,3.50E-05,-2.07E-04,-1.49E-04,-1.85E-04,-8.22E-05,-3.68E-04,-1.52E-04,-3.76E-04,-4.18E-04,-1.72E-04,3.01E-04
2623,-3.60E-04,-2.87E-04,-4.82E-04,-3.60E-04,-4.84E-04,-2.71E-04,-3.89E-04,-7.39E-04,-3.43E-04,3.42E-05,-2.16E-04,-1.61E-04,-2.05E-04,-8.07E-05,-3.76E-04,-1.51E-04,-3.81E-04,-4.26E-04,-1.76E-04,3.02E-04
2624,-3.61E-04,-2.99E-04,-4.92E-04,-3.61E-04,-4.84E-04,-2.67E-04,-4.00E-04,-7.54E-04,-3.51E-04,3.33E-05,-2.27E-04,-1.74E-04,-2.26E-04,-7.94E-05,-3.82E-04,-1.49E-04,-3.85E-04,-4.34E-04,-1.80E-04,3.02E-04
2625,-3.61E-04,-3.12E-04,-5.02E-04,-3.61E-04,-4.83E-04,-2.64E-04,-4.11E-04,-7.66E-04,-3.58E-04,3.26E-05,-2.40E-04,-1.87E-04,-2.46E-04,-7.82E-05,-3.88E-04,-1.48E-04,-3.89E-04,-4.42E-04,-1.83E-04,3.03E-04
2626,-3.60E-04,-3.26E-04,-5.13E-04,-3.62E-04,-4.80E-04,-2.61E-04,-4.22E-04,-7.76E-04,-3.65E-04,3.21E-05,-2.54E-04,-2.00E-04,-2.67E-04,-7.71E-05,-3.93E-04,-1.45E-04,-3.92E-04,-4.48E-04,-1.85E-04,3.04E-04
2627,-3.60E-04,-3.41E-04,-5.23E-04,-3.62E-04,-4.75E-04,-2.58E-04,-4.31E-04,-7.85E-04,-3.70E-04,3.20E-05,-2.70E-04,-2.12E-04,-2.85E-04,-7.59E-05,-3.97E-04,-1.43E-04,-3.95E-04,-4.54E-04,-1.86E-04,3.05E-04
2628,-3.59E-04,-3.55E-04,-5.33E-04,-3.62E-04,-4.69E-04,-2.55E-04,-4.40E-04,-7.91E-04,-3.75E-04,3.25E-05,-2.87E-04,-2.24E-04,-3.02E-04,-7.46E-05,-3.99E-04,-1.39E-04,-3.97E-04,-4.59E-04,-1.87E-04,3.06E-04
2629,-3.59E-04,-3.69E-04,-5.42E-04,-3.60E-04,-4.61E-04,-2.51E-04,-4.47E-04,-7.96E-04,-3.78E-04,3.37E-05,-3.06E-04,-2.35E-04,-3.16E-04,-7.31E-05,-4.00E-04,-1.35E-04,-3.98E-04,-4.63E-04,-1.87E-04,3.09E-04
2630,-3.58E-04,-3.81E-04,-5.49E-04,-3.58E-04,-4.52E-04,-2.47E-04,-4.52E-04,-7.99E-04,-3.80E-04,3.58E-05,-3.24E-04,-2.44E-04,-3.27E-04,-7.12E-05,-4.00E-04,-1.29E-04,-4.00E-04,-4.66E-04,-1.86E-04,3.12E-04
2631,-3.57E-04,-3.92E-04,-5.55E-04,-3.54E-04,-4.41E-04,-2.43E-04,-4.55E-04,-8.00E-04,-3.81E-04,3.90E-05,-3.43E-04,-2.52E-04,-3.34E-04,-6.87E-05,-3.99E-04,-1.23E-04,-4.01E-04,-4.68E-04,-1.85E-04,3.16E-04
2632,-3.55E-04,-4.01E-04,-5.57E-04,-3.49E-04,-4.30E-04,-2.38E-04,-4.55E-04,-8.01E-04,-3.81E-04,4.33E-05,-3.61E-04,-2.59E-04,-3.37E-04,-6.55E-05,-3.97E-04,-1.16E-04,-4.02E-04,-4.69E-04,-1.82E-04,3.20E-04
2633,-3.53E-04,-4.07E-04,-5.57E-04,-3.44E-04,-4.19E-04,-2.32E-04,-4.54E-04,-8.00E-04,-3.78E-04,4.89E-05,-3.77E-04,-2.62E-04,-3.36E-04,-6.15E-05,-3.93E-04,-1.07E-04,-4.03E-04,-4.69E-04,-1.78E-04,3.26E-04
2634,-3.51E-04,-4.10E-04,-5.54E-04,-3.37E-04,-4.07E-04,-2.26E-04,-4.50E-04,-7.97E-04,-3.75E-04,5.58E-05,-3.91E-04,-2.64E-04,-3.30E-04,-5.66E-05,-3.89E-04,-9.76E-05,-4.04E-04,-4.68E-04,-1.74E-04,3.32E-04
2635,-3.48E-04,-4.10E-04,-5.48E-04,-3.29E-04,-3.96E-04,-2.18E-04,-4.44E-04,-7.94E-04,-3.69E-04,6.39E-05,-4.02E-04,-2.63E-04,-3.21E-04,-5.08E-05,-3.84E-04,-8.71E-05,-4.05E-04,-4.67E-04,-1.68E-04,3.40E-04
2636,-3.45E-04,-4.08E-04,-5.38E-04,-3.21E-04,-3.86E-04,-2.10E-04,-4.37E-04,-7.90E-04,-3.62E-04,7.32E-05,-4.09E-04,-2.60E-04,-3.08E-04,-4.40E-05,-3.78E-04,-7.59E-05,-4.05E-04,-4.64E-04,-1.62E-04,3.48E-04
2637,-3.41E-04,-4.02E-04,-5.26E-04,-3.12E-04,-3.76E-04,-2.01E-04,-4.28E-04,-7.85E-04,-3.54E-04,8.36E-05,-4.12E-04,-2.54E-04,-2.92E-04,-3.63E-05,-3.72E-04,-6.41E-05,-4.06E-04,-4.62E-04,-1.55E-04,3.56E-04
2638,-3.36E-04,-3.94E-04,-5.11E-04,-3.03E-04,-3.67E-04,-1.91E-04,-4.17E-04,-7.78E-04,-3.45E-04,9.48E-05,-4.11E-04,-2.46E-04,-2.74E-04,-2.79E-05,-3.65E-04,-5.18E-05,-4.06E-04,-4.59E-04,-1.47E-04,3.65E-04
2639,-3.31E-04,-3.83E-04,-4.95E-04,-2.94E-04,-3.60E-04,-1.81E-04,-4.07E-04,-7.71E-04,-3.34E-04,1.07E-04,-4.05E-04,-2.36E-04,-2.54E-04,-1.88E-05,-3.59E-04,-3.93E-05,-4.05E-04,-4.55E-04,-1.38E-04,3.73E-04
2640,-3.26E-04,-3.70E-04,-4.77E-04,-2.85E-04,-3.54E-04,-1.70E-04,-3.96E-04,-7.63E-04,-3.23E-04,1.19E-04,-3.96E-04,-2.24E-04,-2.34E-04,-9.21E-06,-3.52E-04,-2.70E-05,-4.04E-04,-4.52E-04,-1.29E-04,3.82E-04
2641,-3.22E-04,-3.57E-04,-4.58E-04,-2.77E-04,-3.50E-04,-1.60E-04,-3.86E-04,-7.54E-04,-3.11E-04,1.31E-04,-3.82E-04,-2.12E-04,-2.13E-04,5.17E-07,-3.46E-04,-1.49E-05,-4.03E-04,-4.48E-04,-1.20E-04,3.90E-04
2642,-3.18E-04,-3.43E-04,-4.40E-04,-2.69E-04,-3.48E-04,-1.50E-04,-3.77E-04,-7.44E-04,-2.98E-04,1.43E-04,-3.65E-04,-1.99E-04,-1.94E-04,1.02E-05,-3.40E-04,-3.46E-06,-4.01E-04,-4.44E-04,-1.11E-04,3.98E-04
2643,-3.15E-04,-3.29E-04,-4.22E-04,-2.63E-04,-3.46E-04,-1.40E-04,-3.69E-04,-7.33E-04,-2.86E-04,1.54E-04,-3.45E-04,-1.86E-04,-1.76E-04,1.94E-05,-3.35E-04,7.12E-06,-3.99E-04,-4.41E-04,-1.02E-04,4.04E-04
2644,-3.13E-04,-3.16E-04,-4.06E-04,-2.57E-04,-3.46E-04,-1.32E-04,-3.63E-04,-7.22E-04,-2.73E-04,1.64E-04,-3.23E-04,-1.74E-04,-1.60E-04,2.80E-05,-3.30E-04,1.66E-05,-3.96E-04,-4.38E-04,-9.33E-05,4.10E-04
2645,-3.12E-04,-3.04E-04,-3.91E-04,-2.53E-04,-3.47E-04,-1.25E-04,-3.58E-04,-7.10E-04,-2.62E-04,1.73E-04,-3.01E-04,-1.63E-04,-1.47E-04,3.57E-05,-3.25E-04,2.49E-05,-3.93E-04,-4.35E-04,-8.51E-05,4.14E-04
2646,-3.13E-04,-2.95E-04,-3.79E-04,-2.50E-04,-3.49E-04,-1.19E-04,-3.55E-04,-6.99E-04,-2.51E-04,1.80E-04,-2.79E-04,-1.53E-04,-1.37E-04,4.22E-05,-3.22E-04,3.17E-05,-3.90E-04,-4.33E-04,-7.76E-05,4.17E-04
2647,-3.16E-04,-2.88E-04,-3.70E-04,-2.49E-04,-3.51E-04,-1.15E-04,-3.54E-04,-6.87E-04,-2.41E-04,1.86E-04,-2.58E-04,-1.45E-04,-1.30E-04,4.73E-05,-3.19E-04,3.69E-05,-3.86E-04,-4.31E-04,-7.10E-05,4.18E-04
2648,-3.20E-04,-2.83E-04,-3.63E-04,-2.48E-04,-3.53E-04,-1.12E-04,-3.55E-04,-6.76E-04,-2.32E-04,1.89E-04,-2.39E-04,-1.39E-04,-1.26E-04,5.10E-05,-3.17E-04,4.06E-05,-3.83E-04,-4.30E-04,-6.54E-05,4.18E-04
2649,-3.26E-04,-2.81E-04,-3.60E-04,-2.49E-04,-3.55E-04,-1.12E-04,-3.58E-04,-6.65E-04,-2.24E-04,1.90E-04,-2.23E-04,-1.36E-04,-1.25E-04,5.31E-05,-3.15E-04,4.27E-05,-3.80E-04,-4.29E-04,-6.09E-05,4.16E-04
2650,-3.33E-04,-2.82E-04,-3.59E-04,-2.50E-04,-3.57E-04,-1.13E-04,-3.62E-04,-6.56E-04,-2.18E-04,1.89E-04,-2.10E-04,-1.35E-04,-1.26E-04,5.37E-05,-3.15E-04,4.33E-05,-3.77E-04,-4.29E-04,-5.74E-05,4.13E-04
2651,-3.42E-04,-2.85E-04,-3.61E-04,-2.52E-04,-3.57E-04,-1.17E-04,-3.67E-04,-6.48E-04,-2.13E-04,1.86E-04,-2.01E-04,-1.35E-04,-1.29E-04,5.29E-05,-3.14E-04,4.24E-05,-3.75E-04,-4.29E-04,-5.50E-05,4.08E-04
2652,-3.50E-04,-2.90E-04,-3.65E-04,-2.55E-04,-3.57E-04,-1.22E-04,-3.73E-04,-6.42E-04,-2.10E-04,1.81E-04,-1.96E-04,-1.37E-04,-1.34E-04,5.08E-05,-3.14E-04,4.02E-05,-3.73E-04,-4.30E-04,-5.37E-05,4.02E-04
2653,-3.59E-04,-2.97E-04,-3.70E-04,-2.57E-04,-3.56E-04,-1.29E-04,-3.79E-04,-6.38E-04,-2.08E-04,1.74E-04,-1.95E-04,-1.41E-04,-1.39E-04,4.76E-05,-3.15E-04,3.69E-05,-3.72E-04,-4.31E-04,-5.34E-05,3.95E-04
2654,-3.67E-04,-3.04E-04,-3.77E-04,-2.60E-04,-3.53E-04,-1.38E-04,-3.84E-04,-6.36E-04,-2.07E-04,1.65E-04,-1.97E-04,-1.46E-04,-1.45E-04,4.36E-05,-3.16E-04,3.26E-05,-3.72E-04,-4.33E-04,-5.39E-05,3.87E-04
2655,-3.75E-04,-3.12E-04,-3.84E-04,-2.62E-04,-3.50E-04,-1.48E-04,-3.90E-04,-6.35E-04,-2.07E-04,1.55E-04,-2.03E-04,-1.50E-04,-1.50E-04,3.90E-05,-3.17E-04,2.76E-05,-3.72E-04,-4.35E-04,-5.51E-05,3.78E-04
2656,-3.80E-04,-3.20E-04,-3.91E-04,-2.64E-04,-3.46E-04,-1.58E-04,-3.94E-04,-6.37E-04,-2.07E-04,1.44E-04,-2.11E-04,-1.55E-04,-1.55E-04,3.41E-05,-3.18E-04,2.20E-05,-3.72E-04,-4.38E-04,-5.70E-05,3.68E-04
2657,-3.84E-04,-3.26E-04,-3.98E-04,-2.65E-04,-3.42E-04,-1.70E-04,-3.98E-04,-6.41E-04,-2.09E-04,1.33E-04,-2.20E-04,-1.60E-04,-1.59E-04,2.92E-05,-3.19E-04,1.60E-05,-3.73E-04,-4.41E-04,-5.92E-05,3.59E-04
2658,-3.85E-04,-3.32E-04,-4.05E-04,-2.65E-04,-3.37E-04,-1.82E-04,-4.01E-04,-6.46E-04,-2.11E-04,1.22E-04,-2.31E-04,-1.63E-04,-1.62E-04,2.47E-05,-3.20E-04,9.77E-06,-3.75E-04,-4.44E-04,-6.18E-05,3.49E-04
2659,-3.84E-04,-3.36E-04,-4.10E-04,-2.64E-04,-3.32E-04,-1.95E-04,-4.02E-04,-6.53E-04,-2.13E-04,1.10E-04,-2.41E-04,-1.65E-04,-1.63E-04,2.06E-05,-3.21E-04,3.48E-06,-3.77E-04,-4.48E-04,-6.46E-05,3.39E-04
2660,-3.80E-04,-3.38E-04,-4.14E-04,-2.63E-04,-3.27E-04,-2.07E-04,-4.03E-04,-6.61E-04,-2.16E-04,9.89E-05,-2.51E-04,-1.66E-04,-1.64E-04,1.72E-05,-3.23E-04,-2.77E-06,-3.78E-04,-4.52E-04,-6.74E-05,3.29E-04
2661,-3.73E-04,-3.39E-04,-4.17E-04,-2.60E-04,-3.24E-04,-2.20E-04,-4.03E-04,-6.70E-04,-2.18E-04,8.83E-05,-2.60E-04,-1.66E-04,-1.63E-04,1.45E-05,-3.24E-04,-8.93E-06,-3.80E-04,-4.57E-04,-7.03E-05,3.19E-04
2662,-3.64E-04,-3.37E-04,-4.19E-04,-2.58E-04,-3.21E-04,-2.32E-04,-4.02E-04,-6.78E-04,-2.20E-04,7.85E-05,-2.68E-04,-1.64E-04,-1.62E-04,1.26E-05,-3.25E-04,-1.49E-05,-3.81E-04,-4.61E-04,-7.31E-05,3.10E-04
2663,-3.52E-04,-3.34E-04,-4.20E-04,-2.54E-04,-3.19E-04,-2.43E-04,-4.01E-04,-6.86E-04,-2.22E-04,6.95E-05,-2.73E-04,-1.61E-04,-1.60E-04,1.16E-05,-3.26E-04,-2.08E-05,-3.82E-04,-4.66E-04,-7.58E-05,3.01E-04
2664,-3.39E-04,-3.31E-04,-4.21E-04,-2.50E-04,-3.19E-04,-2.54E-04,-3.99E-04,-6.94E-04,-2.24E-04,6.13E-05,-2.77E-04,-1.57E-04,-1.58E-04,1.12E-05,-3.27E-04,-2.66E-05,-3.82E-04,-4.71E-04,-7.86E-05,2.93E-04
2665,-3.24E-04,-3.26E-04,-4.21E-04,-2.46E-04,-3.21E-04,-2.65E-04,-3.98E-04,-7.00E-04,-2.26E-04,5.39E-05,-2.79E-04,-1.52E-04,-1.56E-04,1.14E-05,-3.28E-04,-3.24E-05,-3.82E-04,-4.76E-04,-8.13E-05,2.85E-04
2666,-3.08E-04,-3.22E-04,-4.21E-04,-2.42E-04,-3.24E-04,-2.75E-04,-3.98E-04,-7.05E-04,-2.27E-04,4.70E-05,-2.79E-04,-1.47E-04,-1.55E-04,1.20E-05,-3.29E-04,-3.81E-05,-3.81E-04,-4.81E-04,-8.41E-05,2.77E-04
2667,-2.93E-04,-3.18E-04,-4.22E-04,-2.38E-04,-3.29E-04,-2.85E-04,-3.98E-04,-7.09E-04,-2.29E-04,4.06E-05,-2.78E-04,-1.43E-04,-1.54E-04,1.27E-05,-3.31E-04,-4.40E-05,-3.79E-04,-4.86E-04,-8.72E-05,2.69E-04
2668,-2.77E-04,-3.16E-04,-4.24E-04,-2.34E-04,-3.35E-04,-2.95E-04,-3.99E-04,-7.11E-04,-2.31E-04,3.44E-05,-2.77E-04,-1.38E-04,-1.55E-04,1.34E-05,-3.33E-04,-5.01E-05,-3.77E-04,-4.91E-04,-9.05E-05,2.62E-04
2669,-2.62E-04,-3.15E-04,-4.27E-04,-2.30E-04,-3.42E-04,-3.04E-04,-4.01E-04,-7.12E-04,-2.33E-04,2.82E-05,-2.75E-04,-1.35E-04,-1.56E-04,1.39E-05,-3.35E-04,-5.65E-05,-3.75E-04,-4.96E-04,-9.43E-05,2.54E-04
2670,-2.48E-04,-3.15E-04,-4.31E-04,-2.27E-04,-3.50E-04,-3.14E-04,-4.04E-04,-7.11E-04,-2.35E-04,2.17E-05,-2.74E-04,-1.33E-04,-1.58E-04,1.40E-05,-3.37E-04,-6.33E-05,-3.72E-04,-5.00E-04,-9.87E-05,2.47E-04
2671,-2.36E-04,-3.19E-04,-4.37E-04,-2.24E-04,-3.58E-04,-3.23E-04,-4.08E-04,-7.10E-04,-2.38E-04,1.47E-05,-2.74E-04,-1.31E-04,-1.60E-04,1.34E-05,-3.40E-04,-7.05E-05,-3.70E-04,-5.05E-04,-1.04E-04,2.39E-04
2672,-2.25E-04,-3.24E-04,-4.45E-04,-2.22E-04,-3.67E-04,-3.33E-04,-4.14E-04,-7.08E-04,-2.41E-04,6.99E-06,-2.75E-04,-1.31E-04,-1.64E-04,1.21E-05,-3.44E-04,-7.82E-05,-3.67E-04,-5.10E-04,-1.09E-04,2.30E-04
2673,-2.16E-04,-3.32E-04,-4.54E-04,-2.20E-04,-3.75E-04,-3.43E-04,-4.20E-04,-7.05E-04,-2.45E-04,-1.59E-06,-2.76E-04,-1.31E-04,-1.67E-04,1.01E-05,-3.47E-04,-8.63E-05,-3.65E-04,-5.14E-04,-1.16E-04,2.22E-04
2674,-2.09E-04,-3.42E-04,-4.65E-04,-2.18E-04,-3.82E-04,-3.54E-04,-4.26E-04,-7.03E-04,-2.49E-04,-1.11E-05,-2.79E-04,-1.32E-04,-1.71E-04,7.36E-06,-3.51E-04,-9.50E-05,-3.62E-04,-5.19E-04,-1.23E-04,2.13E-04
2675,-2.03E-04,-3.53E-04,-4.76E-04,-2.17E-04,-3.89E-04,-3.65E-04,-4.33E-04,-7.02E-04,-2.55E-04,-2.16E-05,-2.82E-04,-1.34E-04,-1.75E-04,3.90E-06,-3.55E-04,-1.04E-04,-3.61E-04,-5.23E-04,-1.31E-04,2.03E-04
2676,-1.99E-04,-3.66E-04,-4.89E-04,-2.15E-04,-3.94E-04,-3.76E-04,-4.40E-04,-7.02E-04,-2.61E-04,-3.30E-05,-2.85E-04,-1.35E-04,-1.79E-04,-1.29E-07,-3.60E-04,-1.13E-04,-3.59E-04,-5.28E-04,-1.40E-04,1.93E-04
2677,-1.97E-04,-3.79E-04,-5.01E-04,-2.14E-04,-3.99E-04,-3.88E-04,-4.47E-04,-7.03E-04,-2.67E-04,-4.51E-05,-2.88E-04,-1.36E-04,-1.82E-04,-4.58E-06,-3.64E-04,-1.23E-04,-3.58E-04,-5.32E-04,-1.50E-04,1.83E-04
2678,-1.95E-04,-3.92E-04,-5.14E-04,-2.12E-04,-4.01E-04,-3.99E-04,-4.54E-04,-7.07E-04,-2.74E-04,-5.78E-05,-2.90E-04,-1.36E-04,-1.85E-04,-9.24E-06,-3.69E-04,-1.33E-04,-3.58E-04,-5.37E-04,-1.60E-04,1.73E-04
2679,-1.95E-04,-4.05E-04,-5.26E-04,-2.10E-04,-4.03E-04,-4.11E-04,-4.60E-04,-7.12E-04,-2.82E-04,-7.08E-05,-2.90E-04,-1.35E-04,-1.87E-04,-1.39E-05,-3.74E-04,-1.42E-04,-3.58E-04,-5.41E-04,-1.70E-04,1.63E-04
2680,-1.96E-04,-4.16E-04,-5.38E-04,-2.08E-04,-4.03E-04,-4.22E-04,-4.65E-04,-7.20E-04,-2.89E-04,-8.38E-05,-2.87E-04,-1.33E-04,-1.88E-04,-1.84E-05,-3.79E-04,-1.52E-04,-3.59E-04,-5.46E-04,-1.81E-04,1.53E-04
2681,-1.98E-04,-4.26E-04,-5.48E-04,-2.05E-04,-4.03E-04,-4.32E-04,-4.69E-04,-7.30E-04,-2.97E-04,-9.64E-05,-2.81E-04,-1.29E-04,-1.89E-04,-2.24E-05,-3.84E-04,-1.61E-04,-3.60E-04,-5.51E-04,-1.93E-04,1.43E-04
2682,-2.00E-04,-4.34E-04,-5.57E-04,-2.02E-04,-4.02E-04,-4.41E-04,-4.73E-04,-7.41E-04,-3.04E-04,-1.08E-04,-2.72E-04,-1.23E-04,-1.90E-04,-2.59E-05,-3.89E-04,-1.69E-04,-3.61E-04,-5.56E-04,-2.04E-04,1.34E-04
2683,-2.03E-04,-4.39E-04,-5.64E-04,-1.98E-04,-4.00E-04,-4.49E-04,-4.76E-04,-7.55E-04,-3.11E-04,-1.19E-04,-2.59E-04,-1.16E-04,-1.91E-04,-2.86E-05,-3.94E-04,-1.78E-04,-3.62E-04,-5.61E-04,-2.15E-04,1.26E-04
2684,-2.07E-04,-4.42E-04,-5.69E-04,-1.93E-04,-3.99E-04,-4.56E-04,-4.78E-04,-7.69E-04,-3.18E-04,-1.29E-04,-2.42E-04,-1.08E-04,-1.92E-04,-3.04E-05,-3.99E-04,-1.85E-04,-3.63E-04,-5.65E-04,-2.26E-04,1.19E-04
2685,-2.12E-04,-4.43E-04,-5.73E-04,-1.88E-04,-3.98E-04,-4.61E-04,-4.79E-04,-7.83E-04,-3.24E-04,-1.37E-04,-2.22E-04,-9.81E-05,-1.94E-04,-3.14E-05,-4.05E-04,-1.92E-04,-3.63E-04,-5.70E-04,-2.37E-04,1.13E-04
2686,-2.17E-04,-4.41E-04,-5.74E-04,-1.83E-04,-3.97E-04,-4.64E-04,-4.80E-04,-7.98E-04,-3.30E-04,-1.43E-04,-1.99E-04,-8.78E-05,-1.97E-04,-3.14E-05,-4.10E-04,-1.98E-04,-3.64E-04,-5.74E-04,-2.47E-04,1.08E-04
2687,-2.24E-04,-4.37E-04,-5.75E-04,-1.77E-04,-3.98E-04,-4.64E-04,-4.80E-04,-8.11E-04,-3.35E-04,-1.47E-04,-1.74E-04,-7.73E-05,-2.00E-04,-3.06E-05,-4.15E-04,-2.03E-04,-3.63E-04,-5.78E-04,-2.56E-04,1.04E-04
2688,-2.31E-04,-4.32E-04,-5.73E-04,-1.70E-04,-3.99E-04,-4.63E-04,-4.80E-04,-8.24E-04,-3.39E-04,-1.48E-04,-1.48E-04,-6.71E-05,-2.04E-04,-2.90E-05,-4.20E-04,-2.07E-04,-3.62E-04,-5.82E-04,-2.65E-04,1.02E-04
2689,-2.40E-04,-4.27E-04,-5.71E-04,-1.63E-04,-4.02E-04,-4.60E-04,-4.79E-04,-8.34E-04,-3.42E-04,-1.48E-04,-1.22E-04,-5.76E-05,-2.10E-04,-2.69E-05,-4.26E-04,-2.10E-04,-3.60E-04,-5.85E-04,-2.73E-04,1.01E-04
2690,-2.49E-04,-4.21E-04,-5.68E-04,-1.56E-04,-4.05E-04,-4.54E-04,-4.79E-04,-8.43E-04,-3.45E-04,-1.47E-04,-9.67E-05,-4.93E-05,-2.16E-04,-2.44E-05,-4.32E-04,-2.12E-04,-3.57E-04,-5.87E-04,-2.80E-04,1.02E-04
2691,-2.59E-04,-4.14E-04,-5.65E-04,-1.50E-04,-4.09E-04,-4.47E-04,-4.78E-04,-8.49E-04,-3.47E-04,-1.43E-04,-7.38E-05,-4.27E-05,-2.22E-04,-2.17E-05,-4.38E-04,-2.14E-04,-3.54E-04,-5.89E-04,-2.87E-04,1.04E-04
2692,-2.69E-04,-4.09E-04,-5.62E-04,-1.43E-04,-4.14E-04,-4.38E-04,-4.77E-04,-8.52E-04,-3.49E-04,-1.38E-04,-5.41E-05,-3.78E-05,-2.29E-04,-1.89E-05,-4.45E-04,-2.15E-04,-3.50E-04,-5.90E-04,-2.93E-04,1.07E-04
2693,-2.79E-04,-4.05E-04,-5.59E-04,-1.36E-04,-4.19E-04,-4.27E-04,-4.77E-04,-8.53E-04,-3.51E-04,-1.31E-04,-3.80E-05,-3.50E-05,-2.36E-04,-1.64E-05,-4.52E-04,-2.15E-04,-3.45E-04,-5.90E-04,-2.98E-04,1.11E-04
2694,-2.89E-04,-4.02E-04,-5.56E-04,-1.30E-04,-4.24E-04,-4.16E-04,-4.76E-04,-8.51E-04,-3.52E-04,-1.24E-04,-2.61E-05,-3.41E-05,-2.43E-04,-1.43E-05,-4.59E-04,-2.15E-04,-3.40E-04,-5.90E-04,-3.02E-04,1.15E-04
2695,-2.97E-04,-4.00E-04,-5.54E-04,-1.24E-04,-4.29E-04,-4.04E-04,-4.75E-04,-8.47E-04,-3.53E-04,-1.17E-04,-1.86E-05,-3.52E-05,-2.49E-04,-1.27E-05,-4.67E-04,-2.14E-04,-3.34E-04,-5.88E-04,-3.05E-04,1.20E-04
2696,-3.04E-04,-4.00E-04,-5.53E-04,-1.19E-04,-4.34E-04,-3.91E-04,-4.73E-04,-8.40E-04,-3.55E-04,-1.09E-04,-1.50E-05,-3.80E-05,-2.53E-04,-1.17E-05,-4.75E-04,-2.13E-04,-3.29E-04,-5.86E-04,-3.08E-04,1.26E-04
2697,-3.09E-04,-4.01E-04,-5.52E-04,-1.14E-04,-4.37E-04,-3.78E-04,-4.72E-04,-8.32E-04,-3.56E-04,-1.01E-04,-1.50E-05,-4.21E-05,-2.57E-04,-1.15E-05,-4.83E-04,-2.12E-04,-3.23E-04,-5.84E-04,-3.11E-04,1.31E-04
2698,-3.12E-04,-4.03E-04,-5.53E-04,-1.10E-04,-4.39E-04,-3.66E-04,-4.70E-04,-8.23E-04,-3.57E-04,-9.43E-05,-1.77E-05,-4.71E-05,-2.59E-04,-1.20E-05,-4.91E-04,-2.11E-04,-3.18E-04,-5.81E-04,-3.13E-04,1.36E-04
2699,-3.11E-04,-4.07E-04,-5.53E-04,-1.06E-04,-4.40E-04,-3.54E-04,-4.67E-04,-8.14E-04,-3.59E-04,-8.80E-05,-2.19E-05,-5.25E-05,-2.59E-04,-1.32E-05,-4.99E-04,-2.09E-04,-3.13E-04,-5.79E-04,-3.14E-04,1.42E-04
2700,-3.07E-04,-4.10E-04,-5.55E-04,-1.02E-04,-4.40E-04,-3.42E-04,-4.64E-04,-8.04E-04,-3.60E-04,-8.26E-05,-2.66E-05,-5.79E-05,-2.57E-04,-1.50E-05,-5.07E-04,-2.08E-04,-3.08E-04,-5.76E-04,-3.15E-04,1.46E-04
2701,-3.01E-04,-4.13E-04,-5.57E-04,-9.92E-05,-4.38E-04,-3.32E-04,-4.60E-04,-7.95E-04,-3.62E-04,-7.82E-05,-3.05E-05,-6.26E-05,-2.54E-04,-1.74E-05,-5.14E-04,-2.06E-04,-3.04E-04,-5.74E-04,-3.16E-04,1.50E-04
2702,-2.90E-04,-4.16E-04,-5.59E-04,-9.67E-05,-4.35E-04,-3.23E-04,-4.56E-04,-7.87E-04,-3.64E-04,-7.49E-05,-3.23E-05,-6.65E-05,-2.50E-04,-2.01E-05,-5.21E-04,-2.05E-04,-3.00E-04,-5.72E-04,-3.16E-04,1.54E-04
2703,-2.77E-04,-4.18E-04,-5.60E-04,-9.47E-05,-4.30E-04,-3.14E-04,-4.51E-04,-7.80E-04,-3.65E-04,-7.25E-05,-3.10E-05,-6.89E-05,-2.45E-04,-2.31E-05,-5.27E-04,-2.04E-04,-2.97E-04,-5.70E-04,-3.16E-04,1.56E-04
2704,-2.62E-04,-4.18E-04,-5.62E-04,-9.30E-05,-4.25E-04,-3.07E-04,-4.46E-04,-7.75E-04,-3.67E-04,-7.11E-05,-2.59E-05,-6.98E-05,-2.40E-04,-2.61E-05,-5.33E-04,-2.03E-04,-2.94E-04,-5.70E-04,-3.16E-04,1.59E-04
2705,-2.45E-04,-4.17E-04,-5.63E-04,-9.16E-05,-4.18E-04,-3.01E-04,-4.41E-04,-7.71E-04,-3.68E-04,-7.03E-05,-1.65E-05,-6.90E-05,-2.35E-04,-2.90E-05,-5.38E-04,-2.02E-04,-2.92E-04,-5.70E-04,-3.16E-04,1.60E-04
2706,-2.27E-04,-4.14E-04,-5.63E-04,-9.06E-05,-4.11E-04,-2.95E-04,-4.36E-04,-7.68E-04,-3.69E-04,-7.00E-05,-2.76E-06,-6.64E-05,-2.30E-04,-3.16E-05,-5.42E-04,-2.01E-04,-2.90E-04,-5.71E-04,-3.15E-04,1.61E-04
2707,-2.09E-04,-4.09E-04,-5.63E-04,-8.98E-05,-4.04E-04,-2.91E-04,-4.31E-04,-7.67E-04,-3.70E-04,-7.00E-05,1.49E-05,-6.21E-05,-2.26E-04,-3.37E-05,-5.45E-04,-2.00E-04,-2.89E-04,-5.73E-04,-3.15E-04,1.61E-04
2708,-1.91E-04,-4.03E-04,-5.62E-04,-8.92E-05,-3.97E-04,-2.86E-04,-4.26E-04,-7.66E-04,-3.70E-04,-6.99E-05,3.56E-05,-5.64E-05,-2.24E-04,-3.54E-05,-5.48E-04,-1.99E-04,-2.88E-04,-5.76E-04,-3.14E-04,1.61E-04
2709,-1.75E-04,-3.95E-04,-5.60E-04,-8.88E-05,-3.90E-04,-2.82E-04,-4.22E-04,-7.67E-04,-3.70E-04,-6.95E-05,5.84E-05,-4.95E-05,-2.23E-04,-3.63E-05,-5.49E-04,-1.98E-04,-2.87E-04,-5.80E-04,-3.12E-04,1.61E-04
2710,-1.62E-04,-3.85E-04,-5.57E-04,-8.85E-05,-3.83E-04,-2.78E-04,-4.18E-04,-7.67E-04,-3.69E-04,-6.86E-05,8.17E-05,-4.18E-05,-2.24E-04,-3.67E-05,-5.49E-04,-1.97E-04,-2.87E-04,-5.83E-04,-3.11E-04,1.60E-04
2711,-1.52E-04,-3.76E-04,-5.53E-04,-8.82E-05,-3.76E-04,-2.74E-04,-4.14E-04,-7.68E-04,-3.67E-04,-6.70E-05,1.04E-04,-3.36E-05,-2.27E-04,-3.63E-05,-5.49E-04,-1.95E-04,-2.86E-04,-5.87E-04,-3.09E-04,1.60E-04
2712,-1.45E-04,-3.65E-04,-5.49E-04,-8.81E-05,-3.70E-04,-2.70E-04,-4.12E-04,-7.68E-04,-3.64E-04,-6.46E-05,1.23E-04,-2.53E-05,-2.31E-04,-3.53E-05,-5.48E-04,-1.94E-04,-2.86E-04,-5.92E-04,-3.07E-04,1.59E-04
2713,-1.43E-04,-3.56E-04,-5.44E-04,-8.79E-05,-3.64E-04,-2.65E-04,-4.10E-04,-7.67E-04,-3.61E-04,-6.12E-05,1.38E-04,-1.74E-05,-2.36E-04,-3.37E-05,-5.47E-04,-1.92E-04,-2.86E-04,-5.95E-04,-3.04E-04,1.59E-04
2714,-1.45E-04,-3.47E-04,-5.39E-04,-8.78E-05,-3.59E-04,-2.59E-04,-4.08E-04,-7.65E-04,-3.57E-04,-5.70E-05,1.47E-04,-1.01E-05,-2.42E-04,-3.17E-05,-5.45E-04,-1.90E-04,-2.86E-04,-5.99E-04,-3.02E-04,1.58E-04
2715,-1.51E-04,-3.39E-04,-5.33E-04,-8.77E-05,-3.54E-04,-2.53E-04,-4.07E-04,-7.61E-04,-3.52E-04,-5.19E-05,1.49E-04,-3.71E-06,-2.49E-04,-2.93E-05,-5.43E-04,-1.88E-04,-2.86E-04,-6.02E-04,-2.99E-04,1.58E-04
2716,-1.61E-04,-3.33E-04,-5.27E-04,-8.76E-05,-3.50E-04,-2.47E-04,-4.06E-04,-7.56E-04,-3.47E-04,-4.62E-05,1.43E-04,1.48E-06,-2.56E-04,-2.67E-05,-5.40E-04,-1.85E-04,-2.87E-04,-6.05E-04,-2.95E-04,1.58E-04
2717,-1.75E-04,-3.28E-04,-5.22E-04,-8.76E-05,-3.46E-04,-2.41E-04,-4.06E-04,-7.50E-04,-3.41E-04,-4.00E-05,1.28E-04,5.34E-06,-2.63E-04,-2.42E-05,-5.38E-04,-1.83E-04,-2.87E-04,-6.06E-04,-2.92E-04,1.57E-04
2718,-1.91E-04,-3.26E-04,-5.17E-04,-8.76E-05,-3.42E-04,-2.34E-04,-4.06E-04,-7.43E-04,-3.35E-04,-3.38E-05,1.05E-04,7.78E-06,-2.69E-04,-2.17E-05,-5.36E-04,-1.81E-04,-2.89E-04,-6.07E-04,-2.89E-04,1.57E-04
2719,-2.09E-04,-3.26E-04,-5.13E-04,-8.79E-05,-3.38E-04,-2.28E-04,-4.05E-04,-7.34E-04,-3.29E-04,-2.77E-05,7.38E-05,8.75E-06,-2.74E-04,-1.96E-05,-5.34E-04,-1.78E-04,-2.90E-04,-6.08E-04,-2.85E-04,1.56E-04
2720,-2.29E-04,-3.28E-04,-5.09E-04,-8.83E-05,-3.35E-04,-2.22E-04,-4.05E-04,-7.25E-04,-3.22E-04,-2.22E-05,3.58E-05,8.27E-06,-2.78E-04,-1.80E-05,-5.33E-04,-1.76E-04,-2.93E-04,-6.08E-04,-2.82E-04,1.55E-04
2721,-2.49E-04,-3.32E-04,-5.07E-04,-8.91E-05,-3.33E-04,-2.17E-04,-4.04E-04,-7.16E-04,-3.16E-04,-1.77E-05,-7.73E-06,6.35E-06,-2.81E-04,-1.70E-05,-5.32E-04,-1.75E-04,-2.95E-04,-6.07E-04,-2.79E-04,1.53E-04
2722,-2.69E-04,-3.37E-04,-5.05E-04,-9.03E-05,-3.31E-04,-2.12E-04,-4.04E-04,-7.06E-04,-3.11E-04,-1.44E-05,-5.49E-05,3.04E-06,-2.83E-04,-1.68E-05,-5.31E-04,-1.74E-04,-2.99E-04,-6.07E-04,-2.77E-04,1.50E-04
2723,-2.88E-04,-3.44E-04,-5.05E-04,-9.20E-05,-3.29E-04,-2.09E-04,-4.03E-04,-6.98E-04,-3.06E-04,-1.29E-05,-1.04E-04,-1.63E-06,-2.84E-04,-1.74E-05,-5.31E-04,-1.73E-04,-3.04E-04,-6.06E-04,-2.75E-04,1.46E-04
2724,-3.05E-04,-3.51E-04,-5.05E-04,-9.43E-05,-3.29E-04,-2.08E-04,-4.02E-04,-6.90E-04,-3.01E-04,-1.32E-05,-1.53E-04,-7.63E-06,-2.85E-04,-1.90E-05,-5.32E-04,-1.73E-04,-3.09E-04,-6.07E-04,-2.73E-04,1.41E-04
2725,-3.21E-04,-3.60E-04,-5.07E-04,-9.73E-05,-3.29E-04,-2.08E-04,-4.02E-04,-6.83E-04,-2.98E-04,-1.57E-05,-1.99E-04,-1.50E-05,-2.87E-04,-2.15E-05,-5.33E-04,-1.74E-04,-3.15E-04,-6.08E-04,-2.73E-04,1.35E-04
2726,-3.35E-04,-3.68E-04,-5.11E-04,-1.01E-04,-3.31E-04,-2.10E-04,-4.02E-04,-6.79E-04,-2.95E-04,-2.04E-05,-2.41E-04,-2.37E-05,-2.89E-04,-2.51E-05,-5.35E-04,-1.76E-04,-3.23E-04,-6.10E-04,-2.73E-04,1.28E-04
2727,-3.48E-04,-3.77E-04,-5.15E-04,-1.06E-04,-3.34E-04,-2.14E-04,-4.02E-04,-6.76E-04,-2.94E-04,-2.75E-05,-2.78E-04,-3.39E-05,-2.93E-04,-2.96E-05,-5.38E-04,-1.79E-04,-3.31E-04,-6.14E-04,-2.75E-04,1.20E-04
2728,-3.58E-04,-3.85E-04,-5.20E-04,-1.11E-04,-3.39E-04,-2.20E-04,-4.03E-04,-6.75E-04,-2.93E-04,-3.68E-05,-3.09E-04,-4.55E-05,-2.98E-04,-3.51E-05,-5.41E-04,-1.83E-04,-3.40E-04,-6.19E-04,-2.77E-04,1.10E-04
2729,-3.68E-04,-3.92E-04,-5.27E-04,-1.17E-04,-3.45E-04,-2.27E-04,-4.06E-04,-6.76E-04,-2.94E-04,-4.82E-05,-3.32E-04,-5.87E-05,-3.07E-04,-4.14E-05,-5.44E-04,-1.88E-04,-3.49E-04,-6.25E-04,-2.80E-04,9.94E-05
2730,-3.76E-04,-4.00E-04,-5.34E-04,-1.24E-04,-3.51E-04,-2.37E-04,-4.09E-04,-6.79E-04,-2.95E-04,-6.15E-05,-3.49E-04,-7.35E-05,-3.18E-04,-4.86E-05,-5.48E-04,-1.94E-04,-3.59E-04,-6.33E-04,-2.85E-04,8.77E-05
2731,-3.84E-04,-4.06E-04,-5.42E-04,-1.32E-04,-3.59E-04,-2.47E-04,-4.13E-04,-6.84E-04,-2.98E-04,-7.63E-05,-3.60E-04,-9.00E-05,-3.32E-04,-5.65E-05,-5.53E-04,-2.01E-04,-3.70E-04,-6.43E-04,-2.90E-04,7.51E-05
2732,-3.92E-04,-4.12E-04,-5.50E-04,-1.40E-04,-3.67E-04,-2.60E-04,-4.19E-04,-6.90E-04,-3.01E-04,-9.24E-05,-3.65E-04,-1.08E-04,-3.49E-04,-6.49E-05,-5.58E-04,-2.09E-04,-3.81E-04,-6.54E-04,-2.96E-04,6.20E-05
2733,-4.00E-04,-4.18E-04,-5.59E-04,-1.49E-04,-3.75E-04,-2.73E-04,-4.26E-04,-6.98E-04,-3.05E-04,-1.09E-04,-3.66E-04,-1.28E-04,-3.69E-04,-7.38E-05,-5.63E-04,-2.17E-04,-3.92E-04,-6.66E-04,-3.02E-04,4.84E-05
2734,-4.08E-04,-4.24E-04,-5.67E-04,-1.58E-04,-3.83E-04,-2.86E-04,-4.34E-04,-7.06E-04,-3.09E-04,-1.26E-04,-3.65E-04,-1.49E-04,-3.92E-04,-8.31E-05,-5.68E-04,-2.26E-04,-4.04E-04,-6.79E-04,-3.09E-04,3.48E-05
2735,-4.17E-04,-4.29E-04,-5.75E-04,-1.67E-04,-3.90E-04,-3.00E-04,-4.43E-04,-7.15E-04,-3.14E-04,-1.44E-04,-3.63E-04,-1.71E-04,-4.16E-04,-9.25E-05,-5.74E-04,-2.35E-04,-4.15E-04,-6.93E-04,-3.16E-04,2.12E-05
2736,-4.27E-04,-4.35E-04,-5.83E-04,-1.77E-04,-3.96E-04,-3.15E-04,-4.53E-04,-7.24E-04,-3.19E-04,-1.61E-04,-3.62E-04,-1.94E-04,-4.41E-04,-1.02E-04,-5.80E-04,-2.44E-04,-4.26E-04,-7.06E-04,-3.24E-04,8.00E-06
2737,-4.38E-04,-4.42E-04,-5.90E-04,-1.86E-04,-4.01E-04,-3.28E-04,-4.63E-04,-7.33E-04,-3.25E-04,-1.77E-04,-3.63E-04,-2.17E-04,-4.67E-04,-1.12E-04,-5.86E-04,-2.53E-04,-4.37E-04,-7.20E-04,-3.31E-04,-4.65E-06
2738,-4.49E-04,-4.49E-04,-5.96E-04,-1.94E-04,-4.03E-04,-3.42E-04,-4.73E-04,-7.42E-04,-3.30E-04,-1.92E-04,-3.68E-04,-2.40E-04,-4.92E-04,-1.21E-04,-5.92E-04,-2.62E-04,-4.48E-04,-7.33E-04,-3.39E-04,-1.66E-05
2739,-4.61E-04,-4.57E-04,-6.02E-04,-2.03E-04,-4.04E-04,-3.55E-04,-4.83E-04,-7.50E-04,-3.34E-04,-2.05E-04,-3.78E-04,-2.62E-04,-5.16E-04,-1.30E-04,-5.99E-04,-2.71E-04,-4.59E-04,-7.45E-04,-3.46E-04,-2.76E-05
2740,-4.72E-04,-4.66E-04,-6.07E-04,-2.10E-04,-4.03E-04,-3.68E-04,-4.92E-04,-7.57E-04,-3.38E-04,-2.18E-04,-3.92E-04,-2.84E-04,-5.37E-04,-1.40E-04,-6.05E-04,-2.79E-04,-4.69E-04,-7.56E-04,-3.52E-04,-3.78E-05
2741,-4.82E-04,-4.75E-04,-6.11E-04,-2.17E-04,-4.00E-04,-3.79E-04,-5.01E-04,-7.63E-04,-3.42E-04,-2.29E-04,-4.12E-04,-3.04E-04,-5.56E-04,-1.48E-04,-6.12E-04,-2.87E-04,-4.79E-04,-7.66E-04,-3.58E-04,-4.69E-05
2742,-4.91E-04,-4.85E-04,-6.15E-04,-2.24E-04,-3.95E-04,-3.90E-04,-5.08E-04,-7.68E-04,-3.45E-04,-2.38E-04,-4.36E-04,-3.22E-04,-5.71E-04,-1.57E-04,-6.19E-04,-2.94E-04,-4.89E-04,-7.75E-04,-3.64E-04,-5.51E-05
2743,-4.99E-04,-4.96E-04,-6.18E-04,-2.30E-04,-3.89E-04,-4.01E-04,-5.14E-04,-7.72E-04,-3.48E-04,-2.47E-04,-4.64E-04,-3.37E-04,-5.83E-04,-1.65E-04,-6.25E-04,-3.01E-04,-4.98E-04,-7.82E-04,-3.69E-04,-6.23E-05
2744,-5.05E-04,-5.07E-04,-6.20E-04,-2.35E-04,-3.83E-04,-4.10E-04,-5.18E-04,-7.75E-04,-3.50E-04,-2.54E-04,-4.95E-04,-3.50E-04,-5.91E-04,-1.74E-04,-6.32E-04,-3.07E-04,-5.08E-04,-7.88E-04,-3.74E-04,-6.88E-05
2745,-5.10E-04,-5.18E-04,-6.23E-04,-2.39E-04,-3.76E-04,-4.20E-04,-5.21E-04,-7.78E-04,-3.51E-04,-2.61E-04,-5.26E-04,-3.60E-04,-5.97E-04,-1.82E-04,-6.39E-04,-3.13E-04,-5.18E-04,-7.92E-04,-3.78E-04,-7.47E-05
2746,-5.12E-04,-5.29E-04,-6.26E-04,-2.43E-04,-3.69E-04,-4.29E-04,-5.24E-04,-7.81E-04,-3.52E-04,-2.67E-04,-5.58E-04,-3.68E-04,-5.99E-04,-1.89E-04,-6.45E-04,-3.19E-04,-5.28E-04,-7.96E-04,-3.82E-04,-8.00E-05
2747,-5.13E-04,-5.40E-04,-6.30E-04,-2.47E-04,-3.63E-04,-4.38E-04,-5.25E-04,-7.83E-04,-3.53E-04,-2.73E-04,-5.88E-04,-3.73E-04,-5.99E-04,-1.97E-04,-6.52E-04,-3.25E-04,-5.38E-04,-7.98E-04,-3.86E-04,-8.51E-05
2748,-5.13E-04,-5.51E-04,-6.34E-04,-2.51E-04,-3.58E-04,-4.48E-04,-5.27E-04,-7.86E-04,-3.53E-04,-2.79E-04,-6.14E-04,-3.76E-04,-5.98E-04,-2.05E-04,-6.59E-04,-3.31E-04,-5.49E-04,-8.00E-04,-3.89E-04,-9.01E-05
2749,-5.13E-04,-5.61E-04,-6.39E-04,-2.54E-04,-3.56E-04,-4.57E-04,-5.28E-04,-7.89E-04,-3.54E-04,-2.85E-04,-6.37E-04,-3.77E-04,-5.96E-04,-2.12E-04,-6.65E-04,-3.36E-04,-5.59E-04,-8.01E-04,-3.93E-04,-9.51E-05
2750,-5.12E-04,-5.71E-04,-6.45E-04,-2.58E-04,-3.55E-04,-4.67E-04,-5.30E-04,-7.92E-04,-3.55E-04,-2.92E-04,-6.53E-04,-3.77E-04,-5.95E-04,-2.20E-04,-6.72E-04,-3.42E-04,-5.71E-04,-8.03E-04,-3.97E-04,-1.00E-04
2751,-5.11E-04,-5.80E-04,-6.52E-04,-2.62E-04,-3.57E-04,-4.77E-04,-5.33E-04,-7.96E-04,-3.56E-04,-2.99E-04,-6.64E-04,-3.77E-04,-5.95E-04,-2.28E-04,-6.79E-04,-3.48E-04,-5.82E-04,-8.04E-04,-4.02E-04,-1.06E-04
2752,-5.13E-04,-5.89E-04,-6.60E-04,-2.65E-04,-3.61E-04,-4.87E-04,-5.37E-04,-8.01E-04,-3.58E-04,-3.07E-04,-6.70E-04,-3.76E-04,-5.97E-04,-2.35E-04,-6.85E-04,-3.54E-04,-5.94E-04,-8.05E-04,-4.06E-04,-1.11E-04
2753,-5.16E-04,-5.97E-04,-6.69E-04,-2.69E-04,-3.67E-04,-4.97E-04,-5.43E-04,-8.06E-04,-3.60E-04,-3.15E-04,-6.69E-04,-3.75E-04,-6.02E-04,-2.43E-04,-6.91E-04,-3.60E-04,-6.05E-04,-8.07E-04,-4.12E-04,-1.17E-04
2754,-5.21E-04,-6.05E-04,-6.79E-04,-2.73E-04,-3.75E-04,-5.07E-04,-5.51E-04,-8.13E-04,-3.62E-04,-3.24E-04,-6.63E-04,-3.75E-04,-6.09E-04,-2.50E-04,-6.97E-04,-3.65E-04,-6.17E-04,-8.09E-04,-4.17E-04,-1.24E-04
2755,-5.29E-04,-6.13E-04,-6.89E-04,-2.77E-04,-3.85E-04,-5.17E-04,-5.62E-04,-8.19E-04,-3.65E-04,-3.32E-04,-6.54E-04,-3.76E-04,-6.20E-04,-2.57E-04,-7.03E-04,-3.71E-04,-6.28E-04,-8.11E-04,-4.23E-04,-1.30E-04
2756,-5.40E-04,-6.20E-04,-7.00E-04,-2.81E-04,-3.95E-04,-5.26E-04,-5.74E-04,-8.26E-04,-3.68E-04,-3.41E-04,-6.41E-04,-3.79E-04,-6.33E-04,-2.63E-04,-7.08E-04,-3.76E-04,-6.39E-04,-8.13E-04,-4.29E-04,-1.37E-04
2757,-5.54E-04,-6.28E-04,-7.10E-04,-2.84E-04,-4.05E-04,-5.34E-04,-5.89E-04,-8.33E-04,-3.72E-04,-3.49E-04,-6.27E-04,-3.84E-04,-6.50E-04,-2.69E-04,-7.13E-04,-3.81E-04,-6.49E-04,-8.15E-04,-4.35E-04,-1.43E-04
2758,-5.70E-04,-6.36E-04,-7.19E-04,-2.87E-04,-4.14E-04,-5.42E-04,-6.05E-04,-8.40E-04,-3.75E-04,-3.56E-04,-6.12E-04,-3.90E-04,-6.69E-04,-2.74E-04,-7.17E-04,-3.85E-04,-6.59E-04,-8.17E-04,-4.42E-04,-1.49E-04
2759,-5.89E-04,-6.45E-04,-7.27E-04,-2.89E-04,-4.22E-04,-5.47E-04,-6.23E-04,-8.46E-04,-3.79E-04,-3.62E-04,-5.97E-04,-3.97E-04,-6.89E-04,-2.79E-04,-7.21E-04,-3.88E-04,-6.67E-04,-8.19E-04,-4.48E-04,-1.55E-04
2760,-6.08E-04,-6.54E-04,-7.34E-04,-2.91E-04,-4.28E-04,-5.51E-04,-6.41E-04,-8.51E-04,-3.82E-04,-3.67E-04,-5.84E-04,-4.06E-04,-7.11E-04,-2.82E-04,-7.24E-04,-3.90E-04,-6.73E-04,-8.21E-04,-4.55E-04,-1.60E-04
2761,-6.29E-04,-6.62E-04,-7.39E-04,-2.91E-04,-4.31E-04,-5.53E-04,-6.60E-04,-8.55E-04,-3.85E-04,-3.70E-04,-5.73E-04,-4.15E-04,-7.32E-04,-2.85E-04,-7.26E-04,-3.91E-04,-6.79E-04,-8.21E-04,-4.61E-04,-1.64E-04
2762,-6.48E-04,-6.71E-04,-7.42E-04,-2.90E-04,-4.32E-04,-5.53E-04,-6.78E-04,-8.58E-04,-3.86E-04,-3.70E-04,-5.65E-04,-4.25E-04,-7.53E-04,-2.86E-04,-7.27E-04,-3.90E-04,-6.83E-04,-8.21E-04,-4.66E-04,-1.67E-04
2763,-6.66E-04,-6.80E-04,-7.43E-04,-2.88E-04,-4.29E-04,-5.51E-04,-6.95E-04,-8.58E-04,-3.88E-04,-3.69E-04,-5.59E-04,-4.35E-04,-7.71E-04,-2.86E-04,-7.28E-04,-3.89E-04,-6.85E-04,-8.20E-04,-4.71E-04,-1.68E-04
2764,-6.82E-04,-6.88E-04,-7.41E-04,-2.85E-04,-4.24E-04,-5.46E-04,-7.09E-04,-8.58E-04,-3.88E-04,-3.66E-04,-5.56E-04,-4.44E-04,-7.88E-04,-2.85E-04,-7.27E-04,-3.85E-04,-6.86E-04,-8.18E-04,-4.76E-04,-1.69E-04
2765,-6.94E-04,-6.95E-04,-7.37E-04,-2.82E-04,-4.15E-04,-5.39E-04,-7.21E-04,-8.55E-04,-3.87E-04,-3.61E-04,-5.55E-04,-4.53E-04,-8.01E-04,-2.83E-04,-7.26E-04,-3.81E-04,-6.85E-04,-8.14E-04,-4.80E-04,-1.69E-04
2766,-7.02E-04,-7.02E-04,-7.31E-04,-2.77E-04,-4.05E-04,-5.31E-04,-7.30E-04,-8.50E-04,-3.84E-04,-3.54E-04,-5.56E-04,-4.60E-04,-8.11E-04,-2.80E-04,-7.24E-04,-3.75E-04,-6.82E-04,-8.10E-04,-4.83E-04,-1.67E-04
2767,-7.05E-04,-7.07E-04,-7.22E-04,-2.71E-04,-3.92E-04,-5.20E-04,-7.35E-04,-8.44E-04,-3.81E-04,-3.45E-04,-5.57E-04,-4.65E-04,-8.17E-04,-2.76E-04,-7.21E-04,-3.69E-04,-6.79E-04,-8.05E-04,-4.86E-04,-1.65E-04
2768,-7.03E-04,-7.11E-04,-7.13E-04,-2.65E-04,-3.78E-04,-5.08E-04,-7.36E-04,-8.35E-04,-3.77E-04,-3.35E-04,-5.58E-04,-4.69E-04,-8.19E-04,-2.70E-04,-7.17E-04,-3.61E-04,-6.74E-04,-7.98E-04,-4.88E-04,-1.61E-04
2769,-6.96E-04,-7.12E-04,-7.02E-04,-2.58E-04,-3.63E-04,-4.95E-04,-7.33E-04,-8.25E-04,-3.71E-04,-3.25E-04,-5.57E-04,-4.71E-04,-8.18E-04,-2.65E-04,-7.13E-04,-3.53E-04,-6.69E-04,-7.92E-04,-4.89E-04,-1.57E-04
2770,-6.84E-04,-7.12E-04,-6.90E-04,-2.52E-04,-3.49E-04,-4.81E-04,-7.27E-04,-8.14E-04,-3.65E-04,-3.13E-04,-5.55E-04,-4.71E-04,-8.13E-04,-2.58E-04,-7.08E-04,-3.45E-04,-6.63E-04,-7.85E-04,-4.91E-04,-1.53E-04
2771,-6.67E-04,-7.10E-04,-6.78E-04,-2.45E-04,-3.35E-04,-4.66E-04,-7.17E-04,-8.02E-04,-3.58E-04,-3.02E-04,-5.51E-04,-4.69E-04,-8.06E-04,-2.51E-04,-7.02E-04,-3.36E-04,-6.57E-04,-7.77E-04,-4.91E-04,-1.48E-04
2772,-6.47E-04,-7.06E-04,-6.66E-04,-2.39E-04,-3.23E-04,-4.51E-04,-7.04E-04,-7.89E-04,-3.51E-04,-2.92E-04,-5.44E-04,-4.66E-04,-7.97E-04,-2.44E-04,-6.96E-04,-3.27E-04,-6.51E-04,-7.70E-04,-4.92E-04,-1.44E-04
2773,-6.23E-04,-7.00E-04,-6.54E-04,-2.33E-04,-3.12E-04,-4.37E-04,-6.89E-04,-7.76E-04,-3.44E-04,-2.82E-04,-5.35E-04,-4.62E-04,-7.86E-04,-2.37E-04,-6.90E-04,-3.18E-04,-6.44E-04,-7.63E-04,-4.92E-04,-1.40E-04
2774,-5.98E-04,-6.92E-04,-6.43E-04,-2.27E-04,-3.04E-04,-4.22E-04,-6.72E-04,-7.62E-04,-3.37E-04,-2.73E-04,-5.23E-04,-4.57E-04,-7.75E-04,-2.30E-04,-6.83E-04,-3.10E-04,-6.38E-04,-7.57E-04,-4.92E-04,-1.36E-04
2775,-5.71E-04,-6.82E-04,-6.33E-04,-2.22E-04,-2.97E-04,-4.08E-04,-6.54E-04,-7.49E-04,-3.30E-04,-2.65E-04,-5.09E-04,-4.51E-04,-7.63E-04,-2.23E-04,-6.75E-04,-3.01E-04,-6.33E-04,-7.51E-04,-4.93E-04,-1.33E-04
2776,-5.44E-04,-6.71E-04,-6.23E-04,-2.17E-04,-2.92E-04,-3.94E-04,-6.35E-04,-7.35E-04,-3.23E-04,-2.58E-04,-4.94E-04,-4.45E-04,-7.52E-04,-2.16E-04,-6.68E-04,-2.94E-04,-6.28E-04,-7.45E-04,-4.93E-04,-1.30E-04
2777,-5.17E-04,-6.59E-04,-6.15E-04,-2.13E-04,-2.89E-04,-3.81E-04,-6.17E-04,-7.22E-04,-3.17E-04,-2.52E-04,-4.78E-04,-4.40E-04,-7.41E-04,-2.09E-04,-6.59E-04,-2.86E-04,-6.23E-04,-7.41E-04,-4.94E-04,-1.28E-04
2778,-4.92E-04,-6.46E-04,-6.07E-04,-2.08E-04,-2.87E-04,-3.68E-04,-6.00E-04,-7.10E-04,-3.11E-04,-2.47E-04,-4.63E-04,-4.34E-04,-7.32E-04,-2.03E-04,-6.51E-04,-2.79E-04,-6.19E-04,-7.36E-04,-4.94E-04,-1.26E-04
2779,-4.68E-04,-6.32E-04,-5.98E-04,-2.03E-04,-2.86E-04,-3.55E-04,-5.85E-04,-6.97E-04,-3.06E-04,-2.43E-04,-4.49E-04,-4.29E-04,-7.23E-04,-1.96E-04,-6.42E-04,-2.72E-04,-6.16E-04,-7.32E-04,-4.94E-04,-1.25E-04
2780,-4.47E-04,-6.18E-04,-5.90E-04,-1.97E-04,-2.84E-04,-3.42E-04,-5.71E-04,-6.85E-04,-3.01E-04,-2.39E-04,-4.36E-04,-4.23E-04,-7.15E-04,-1.90E-04,-6.32E-04,-2.65E-04,-6.12E-04,-7.29E-04,-4.95E-04,-1.24E-04
2781,-4.27E-04,-6.04E-04,-5.81E-04,-1.90E-04,-2.81E-04,-3.30E-04,-5.59E-04,-6.73E-04,-2.97E-04,-2.35E-04,-4.25E-04,-4.18E-04,-7.08E-04,-1.83E-04,-6.22E-04,-2.57E-04,-6.08E-04,-7.25E-04,-4.95E-04,-1.23E-04
2782,-4.09E-04,-5.89E-04,-5.70E-04,-1.82E-04,-2.76E-04,-3.16E-04,-5.49E-04,-6.61E-04,-2.92E-04,-2.30E-04,-4.18E-04,-4.13E-04,-7.02E-04,-1.76E-04,-6.11E-04,-2.50E-04,-6.05E-04,-7.21E-04,-4.94E-04,-1.22E-04
2783,-3.92E-04,-5.74E-04,-5.58E-04,-1.72E-04,-2.69E-04,-3.02E-04,-5.42E-04,-6.48E-04,-2.87E-04,-2.24E-04,-4.12E-04,-4.07E-04,-6.95E-04,-1.69E-04,-5.99E-04,-2.41E-04,-6.01E-04,-7.17E-04,-4.94E-04,-1.21E-04
2784,-3.76E-04,-5.59E-04,-5.43E-04,-1.61E-04,-2.60E-04,-2.87E-04,-5.36E-04,-6.34E-04,-2.82E-04,-2.17E-04,-4.09E-04,-4.00E-04,-6.88E-04,-1.61E-04,-5.87E-04,-2.32E-04,-5.96E-04,-7.12E-04,-4.93E-04,-1.19E-04
2785,-3.60E-04,-5.43E-04,-5.26E-04,-1.47E-04,-2.47E-04,-2.71E-04,-5.30E-04,-6.20E-04,-2.77E-04,-2.09E-04,-4.07E-04,-3.93E-04,-6.80E-04,-1.53E-04,-5.74E-04,-2.23E-04,-5.90E-04,-7.06E-04,-4.91E-04,-1.17E-04
2786,-3.42E-04,-5.26E-04,-5.07E-04,-1.32E-04,-2.31E-04,-2.53E-04,-5.26E-04,-6.04E-04,-2.70E-04,-1.99E-04,-4.07E-04,-3.84E-04,-6.71E-04,-1.44E-04,-5.59E-04,-2.12E-04,-5.84E-04,-6.99E-04,-4.88E-04,-1.14E-04
2787,-3.24E-04,-5.08E-04,-4.84E-04,-1.14E-04,-2.13E-04,-2.34E-04,-5.22E-04,-5.86E-04,-2.62E-04,-1.86E-04,-4.06E-04,-3.73E-04,-6.60E-04,-1.34E-04,-5.45E-04,-2.00E-04,-5.76E-04,-6.90E-04,-4.85E-04,-1.10E-04
2788,-3.03E-04,-4.89E-04,-4.59E-04,-9.43E-05,-1.91E-04,-2.14E-04,-5.17E-04,-5.67E-04,-2.54E-04,-1.72E-04,-4.05E-04,-3.61E-04,-6.47E-04,-1.24E-04,-5.29E-04,-1.87E-04,-5.67E-04,-6.81E-04,-4.81E-04,-1.05E-04
2789,-2.79E-04,-4.69E-04,-4.32E-04,-7.31E-05,-1.67E-04,-1.92E-04,-5.11E-04,-5.46E-04,-2.44E-04,-1.56E-04,-4.02E-04,-3.47E-04,-6.32E-04,-1.13E-04,-5.13E-04,-1.73E-04,-5.57E-04,-6.70E-04,-4.77E-04,-9.95E-05
2790,-2.53E-04,-4.47E-04,-4.02E-04,-5.05E-05,-1.41E-04,-1.70E-04,-5.03E-04,-5.23E-04,-2.33E-04,-1.39E-04,-3.97E-04,-3.31E-04,-6.16E-04,-1.01E-04,-4.96E-04,-1.58E-04,-5.46E-04,-6.58E-04,-4.71E-04,-9.34E-05
2791,-2.23E-04,-4.24E-04,-3.72E-04,-2.71E-05,-1.15E-04,-1.46E-04,-4.93E-04,-4.98E-04,-2.22E-04,-1.20E-04,-3.88E-04,-3.14E-04,-5.97E-04,-8.91E-05,-4.79E-04,-1.43E-04,-5.34E-04,-6.45E-04,-4.65E-04,-8.69E-05
2792,-1.90E-04,-3.99E-04,-3.40E-04,-3.11E-06,-8.81E-05,-1.22E-04,-4.81E-04,-4.72E-04,-2.09E-04,-9.99E-05,-3.76E-04,-2.96E-04,-5.78E-04,-7.67E-05,-4.62E-04,-1.27E-04,-5.21E-04,-6.31E-04,-4.58E-04,-8.02E-05
2793,-1.54E-04,-3.73E-04,-3.08E-04,2.08E-05,-6.20E-05,-9.83E-05,-4.66E-04,-4.45E-04,-1.96E-04,-7.98E-05,-3.60E-04,-2.77E-04,-5.57E-04,-6.43E-05,-4.45E-04,-1.12E-04,-5.07E-04,-6.16E-04,-4.51E-04,-7.36E-05
2794,-1.17E-04,-3.45E-04,-2.76E-04,4.44E-05,-3.71E-05,-7.43E-05,-4.49E-04,-4.16E-04,-1.82E-04,-5.98E-05,-3.39E-04,-2.58E-04,-5.36E-04,-5.18E-05,-4.28E-04,-9.60E-05,-4.93E-04,-6.01E-04,-4.43E-04,-6.74E-05
2795,-7.76E-05,-3.17E-04,-2.46E-04,6.70E-05,-1.42E-05,-5.09E-05,-4.29E-04,-3.88E-04,-1.69E-04,-4.05E-05,-3.15E-04,-2.39E-04,-5.15E-04,-3.96E-05,-4.11E-04,-8.07E-05,-4.78E-04,-5.85E-04,-4.35E-04,-6.18E-05
2796,-3.77E-05,-2.88E-04,-2.17E-04,8.84E-05,6.40E-06,-2.83E-05,-4.07E-04,-3.59E-04,-1.55E-04,-2.24E-05,-2.88E-04,-2.20E-04,-4.94E-04,-2.78E-05,-3.96E-04,-6.61E-05,-4.64E-04,-5.70E-04,-4.27E-04,-5.72E-05
2797,1.86E-06,-2.60E-04,-1.90E-04,1.08E-04,2.43E-05,-6.80E-06,-3.84E-04,-3.30E-04,-1.42E-04,-5.94E-06,-2.58E-04,-2.02E-04,-4.74E-04,-1.65E-05,-3.80E-04,-5.22E-05,-4.49E-04,-5.55E-04,-4.19E-04,-5.39E-05
2798,4.04E-05,-2.32E-04,-1.65E-04,1.26E-04,3.93E-05,1.33E-05,-3.59E-04,-3.02E-04,-1.29E-04,8.57E-06,-2.26E-04,-1.86E-04,-4.55E-04,-5.80E-06,-3.66E-04,-3.94E-05,-4.35E-04,-5.41E-04,-4.11E-04,-5.18E-05
2799,7.71E-05,-2.06E-04,-1.43E-04,1.43E-04,5.16E-05,3.17E-05,-3.33E-04,-2.74E-04,-1.17E-04,2.08E-05,-1.94E-04,-1.71E-04,-4.37E-04,4.17E-06,-3.53E-04,-2.77E-05,-4.22E-04,-5.27E-04,-4.03E-04,-5.13E-05
2800,1.11E-04,-1.81E-04,-1.23E-04,1.57E-04,6.13E-05,4.84E-05,-3.07E-04,-2.48E-04,-1.07E-04,3.07E-05,-1.62E-04,-1.58E-04,-4.21E-04,1.34E-05,-3.40E-04,-1.71E-05,-4.09E-04,-5.15E-04,-3.96E-04,-5.24E-05
2801,1.42E-04,-1.58E-04,-1.05E-04,1.70E-04,6.88E-05,6.34E-05,-2.81E-04,-2.24E-04,-9.69E-05,3.81E-05,-1.31E-04,-1.47E-04,-4.06E-04,2.19E-05,-3.28E-04,-7.73E-06,-3.96E-04,-5.03E-04,-3.89E-04,-5.50E-05
2802,1.70E-04,-1.37E-04,-8.92E-05,1.81E-04,7.46E-05,7.66E-05,-2.56E-04,-2.00E-04,-8.82E-05,4.31E-05,-1.01E-04,-1.37E-04,-3.92E-04,2.97E-05,-3.18E-04,4.81E-07,-3.84E-04,-4.93E-04,-3.83E-04,-5.91E-05
2803,1.95E-04,-1.19E-04,-7.44E-05,1.91E-04,7.93E-05,8.82E-05,-2.32E-04,-1.79E-04,-8.04E-05,4.59E-05,-7.46E-05,-1.29E-04,-3.79E-04,3.68E-05,-3.08E-04,7.63E-06,-3.73E-04,-4.83E-04,-3.77E-04,-6.45E-05
2804,2.16E-04,-1.03E-04,-6.03E-05,2.00E-04,8.35E-05,9.82E-05,-2.10E-04,-1.58E-04,-7.35E-05,4.67E-05,-5.05E-05,-1.21E-04,-3.67E-04,4.35E-05,-2.98E-04,1.38E-05,-3.62E-04,-4.75E-04,-3.72E-04,-7.11E-05
2805,2.35E-04,-8.92E-05,-4.64E-05,2.09E-04,8.76E-05,1.07E-04,-1.90E-04,-1.39E-04,-6.73E-05,4.60E-05,-2.92E-05,-1.15E-04,-3.56E-04,4.97E-05,-2.90E-04,1.92E-05,-3.51E-04,-4.67E-04,-3.67E-04,-7.86E-05
2806,2.51E-04,-7.76E-05,-3.20E-05,2.17E-04,9.21E-05,1.14E-04,-1.71E-04,-1.20E-04,-6.17E-05,4.40E-05,-1.08E-05,-1.08E-04,-3.44E-04,5.56E-05,-2.81E-04,2.38E-05,-3.41E-04,-4.61E-04,-3.63E-04,-8.67E-05
2807,2.65E-04,-6.76E-05,-1.66E-05,2.25E-04,9.75E-05,1.21E-04,-1.54E-04,-1.02E-04,-5.63E-05,4.11E-05,5.12E-06,-1.01E-04,-3.32E-04,6.14E-05,-2.73E-04,2.80E-05,-3.31E-04,-4.55E-04,-3.58E-04,-9.52E-05
2808,2.79E-04,-5.86E-05,1.28E-07,2.34E-04,1.04E-04,1.26E-04,-1.39E-04,-8.44E-05,-5.10E-05,3.76E-05,1.87E-05,-9.33E-05,-3.20E-04,6.71E-05,-2.66E-04,3.17E-05,-3.20E-04,-4.50E-04,-3.55E-04,-1.04E-04
2809,2.92E-04,-5.00E-05,1.86E-05,2.43E-04,1.12E-04,1.31E-04,-1.26E-04,-6.67E-05,-4.57E-05,3.40E-05,3.05E-05,-8.48E-05,-3.06E-04,7.27E-05,-2.58E-04,3.50E-05,-3.10E-04,-4.46E-04,-3.51E-04,-1.12E-04
2810,3.05E-04,-4.13E-05,3.89E-05,2.53E-04,1.21E-04,1.35E-04,-1.13E-04,-4.87E-05,-4.01E-05,3.03E-05,4.09E-05,-7.53E-05,-2.92E-04,7.84E-05,-2.51E-04,3.81E-05,-2.99E-04,-4.42E-04,-3.48E-04,-1.20E-04
2811,3.19E-04,-3.19E-05,6.10E-05,2.63E-04,1.31E-04,1.39E-04,-1.02E-04,-3.01E-05,-3.43E-05,2.69E-05,5.01E-05,-6.46E-05,-2.77E-04,8.41E-05,-2.44E-04,4.10E-05,-2.89E-04,-4.38E-04,-3.45E-04,-1.28E-04
2812,3.34E-04,-2.11E-05,8.47E-05,2.73E-04,1.41E-04,1.42E-04,-9.06E-05,-1.08E-05,-2.80E-05,2.38E-05,5.85E-05,-5.29E-05,-2.60E-04,8.98E-05,-2.37E-04,4.35E-05,-2.78E-04,-4.35E-04,-3.42E-04,-1.35E-04
2813,3.50E-04,-8.47E-06,1.10E-04,2.84E-04,1.53E-04,1.45E-04,-7.95E-05,9.30E-06,-2.15E-05,2.10E-05,6.61E-05,-4.04E-05,-2.44E-04,9.54E-05,-2.31E-04,4.57E-05,-2.67E-04,-4.31E-04,-3.40E-04,-1.42E-04
2814,3.68E-04,6.27E-06,1.36E-04,2.95E-04,1.64E-04,1.47E-04,-6.80E-05,3.01E-05,-1.47E-05,1.85E-05,7.28E-05,-2.74E-05,-2.27E-04,1.01E-04,-2.25E-04,4.74E-05,-2.56E-04,-4.28E-04,-3.37E-04,-1.48E-04
2815,3.87E-04,2.33E-05,1.62E-04,3.06E-04,1.74E-04,1.48E-04,-5.60E-05,5.17E-05,-7.86E-06,1.60E-05,7.85E-05,-1.45E-05,-2.11E-04,1.06E-04,-2.19E-04,4.86E-05,-2.45E-04,-4.24E-04,-3.35E-04,-1.54E-04
2816,4.06E-04,4.28E-05,1.88E-04,3.16E-04,1.84E-04,1.48E-04,-4.32E-05,7.37E-05,-1.09E-06,1.33E-05,8.28E-05,-1.96E-06,-1.96E-04,1.10E-04,-2.14E-04,4.90E-05,-2.35E-04,-4.21E-04,-3.33E-04,-1.60E-04
2817,4.26E-04,6.44E-05,2.13E-04,3.25E-04,1.93E-04,1.47E-04,-2.95E-05,9.60E-05,5.36E-06,1.03E-05,8.52E-05,9.52E-06,-1.83E-04,1.14E-04,-2.10E-04,4.85E-05,-2.26E-04,-4.18E-04,-3.32E-04,-1.65E-04
2818,4.46E-04,8.80E-05,2.37E-04,3.33E-04,2.00E-04,1.45E-04,-1.50E-05,1.18E-04,1.13E-05,6.75E-06,8.52E-05,1.94E-05,-1.71E-04,1.17E-04,-2.06E-04,4.70E-05,-2.18E-04,-4.15E-04,-3.31E-04,-1.71E-04
2819,4.65E-04,1.13E-04,2.59E-04,3.40E-04,2.06E-04,1.42E-04,4.02E-07,1.40E-04,1.64E-05,2.30E-06,8.24E-05,2.74E-05,-1.62E-04,1.19E-04,-2.04E-04,4.42E-05,-2.10E-04,-4.11E-04,-3.30E-04,-1.77E-04
2820,4.82E-04,1.39E-04,2.78E-04,3.45E-04,2.10E-04,1.37E-04,1.64E-05,1.61E-04,2.05E-05,-3.19E-06,7.63E-05,3.29E-05,-1.56E-04,1.20E-04,-2.02E-04,4.03E-05,-2.04E-04,-4.08E-04,-3.30E-04,-1.83E-04
2821,4.98E-04,1.65E-04,2.96E-04,3.48E-04,2.12E-04,1.30E-04,3.29E-05,1.81E-04,2.35E-05,-9.88E-06,6.67E-05,3.57E-05,-1.54E-04,1.20E-04,-2.02E-04,3.49E-05,-2.00E-04,-4.05E-04,-3.31E-04,-1.90E-04
2822,5.11E-04,1.90E-04,3.10E-04,3.50E-04,2.13E-04,1.22E-04,4.94E-05,2.00E-04,2.52E-05,-1.78E-05,5.37E-05,3.57E-05,-1.54E-04,1.18E-04,-2.03E-04,2.82E-05,-1.96E-04,-4.02E-04,-3.32E-04,-1.97E-04
2823,5.22E-04,2.14E-04,3.23E-04,3.50E-04,2.13E-04,1.13E-04,6.57E-05,2.17E-04,2.55E-05,-2.70E-05,3.73E-05,3.30E-05,-1.59E-04,1.15E-04,-2.04E-04,2.02E-05,-1.95E-04,-3.99E-04,-3.34E-04,-2.05E-04
2824,5.31E-04,2.37E-04,3.33E-04,3.48E-04,2.12E-04,1.01E-04,8.15E-05,2.32E-04,2.46E-05,-3.74E-05,1.80E-05,2.77E-05,-1.66E-04,1.10E-04,-2.06E-04,1.08E-05,-1.94E-04,-3.96E-04,-3.36E-04,-2.13E-04
2825,5.36E-04,2.57E-04,3.42E-04,3.45E-04,2.11E-04,8.90E-05,9.64E-05,2.46E-04,2.24E-05,-4.87E-05,-3.34E-06,2.00E-05,-1.76E-04,1.04E-04,-2.09E-04,3.64E-07,-1.95E-04,-3.93E-04,-3.39E-04,-2.22E-04
2826,5.40E-04,2.74E-04,3.49E-04,3.40E-04,2.10E-04,7.53E-05,1.10E-04,2.57E-04,1.92E-05,-6.07E-05,-2.59E-05,1.04E-05,-1.89E-04,9.70E-05,-2.12E-04,-1.11E-05,-1.98E-04,-3.91E-04,-3.43E-04,-2.32E-04
2827,5.42E-04,2.88E-04,3.56E-04,3.34E-04,2.09E-04,6.06E-05,1.22E-04,2.67E-04,1.51E-05,-7.32E-05,-4.87E-05,-6.14E-07,-2.03E-04,8.86E-05,-2.16E-04,-2.34E-05,-2.01E-04,-3.88E-04,-3.48E-04,-2.41E-04
2828,5.42E-04,2.99E-04,3.62E-04,3.28E-04,2.09E-04,4.52E-05,1.33E-04,2.75E-04,1.04E-05,-8.57E-05,-7.04E-05,-1.25E-05,-2.19E-04,7.92E-05,-2.20E-04,-3.63E-05,-2.04E-04,-3.86E-04,-3.52E-04,-2.51E-04
2829,5.42E-04,3.06E-04,3.68E-04,3.20E-04,2.10E-04,2.92E-05,1.42E-04,2.81E-04,5.34E-06,-9.79E-05,-9.00E-05,-2.48E-05,-2.36E-04,6.90E-05,-2.23E-04,-4.96E-05,-2.09E-04,-3.84E-04,-3.57E-04,-2.60E-04
2830,5.41E-04,3.11E-04,3.75E-04,3.12E-04,2.11E-04,1.28E-05,1.49E-04,2.86E-04,2.91E-07,-1.09E-04,-1.06E-04,-3.70E-05,-2.53E-04,5.80E-05,-2.26E-04,-6.30E-05,-2.13E-04,-3.82E-04,-3.63E-04,-2.69E-04
2831,5.41E-04,3.14E-04,3.82E-04,3.04E-04,2.14E-04,-3.63E-06,1.55E-04,2.89E-04,-4.51E-06,-1.20E-04,-1.19E-04,-4.88E-05,-2.69E-04,4.63E-05,-2.29E-04,-7.64E-05,-2.18E-04,-3.80E-04,-3.68E-04,-2.77E-04
2832,5.42E-04,3.14E-04,3.91E-04,2.95E-04,2.17E-04,-2.00E-05,1.59E-04,2.92E-04,-8.81E-06,-1.29E-04,-1.27E-04,-5.97E-05,-2.84E-04,3.42E-05,-2.31E-04,-8.95E-05,-2.23E-04,-3.79E-04,-3.74E-04,-2.85E-04
2833,5.45E-04,3.12E-04,4.00E-04,2.86E-04,2.20E-04,-3.62E-05,1.62E-04,2.95E-04,-1.24E-05,-1.37E-04,-1.29E-04,-6.98E-05,-2.98E-04,2.17E-05,-2.33E-04,-1.02E-04,-2.27E-04,-3.78E-04,-3.79E-04,-2.91E-04
2834,5.49E-04,3.10E-04,4.10E-04,2.77E-04,2.24E-04,-5.20E-05,1.63E-04,2.97E-04,-1.51E-05,-1.44E-04,-1.28E-04,-7.88E-05,-3.10E-04,8.97E-06,-2.34E-04,-1.15E-04,-2.32E-04,-3.77E-04,-3.84E-04,-2.96E-04
2835,5.54E-04,3.07E-04,4.21E-04,2.67E-04,2.28E-04,-6.74E-05,1.64E-04,2.99E-04,-1.69E-05,-1.49E-04,-1.22E-04,-8.71E-05,-3.21E-04,-4.06E-06,-2.34E-04,-1.26E-04,-2.36E-04,-3.77E-04,-3.89E-04,-3.00E-04
2836,5.61E-04,3.04E-04,4.31E-04,2.56E-04,2.32E-04,-8.23E-05,1.64E-04,3.01E-04,-1.78E-05,-1.52E-04,-1.13E-04,-9.48E-05,-3.29E-04,-1.73E-05,-2.34E-04,-1.37E-04,-2.40E-04,-3.76E-04,-3.93E-04,-3.02E-04
2837,5.69E-04,3.02E-04,4.41E-04,2.45E-04,2.35E-04,-9.67E-05,1.63E-04,3.03E-04,-1.77E-05,-1.54E-04,-1.03E-04,-1.02E-04,-3.37E-04,-3.08E-05,-2.33E-04,-1.48E-04,-2.43E-04,-3.76E-04,-3.97E-04,-3.04E-04
2838,5.77E-04,3.00E-04,4.49E-04,2.32E-04,2.37E-04,-1.11E-04,1.62E-04,3.05E-04,-1.70E-05,-1.55E-04,-9.18E-05,-1.10E-04,-3.43E-04,-4.45E-05,-2.32E-04,-1.58E-04,-2.47E-04,-3.76E-04,-4.01E-04,-3.04E-04
2839,5.85E-04,2.99E-04,4.56E-04,2.18E-04,2.37E-04,-1.24E-04,1.61E-04,3.07E-04,-1.57E-05,-1.55E-04,-8.23E-05,-1.18E-04,-3.49E-04,-5.86E-05,-2.31E-04,-1.67E-04,-2.52E-04,-3.76E-04,-4.04E-04,-3.04E-04
2840,5.93E-04,2.99E-04,4.61E-04,2.03E-04,2.36E-04,-1.37E-04,1.59E-04,3.10E-04,-1.41E-05,-1.55E-04,-7.58E-05,-1.28E-04,-3.54E-04,-7.30E-05,-2.29E-04,-1.76E-04,-2.57E-04,-3.77E-04,-4.07E-04,-3.02E-04
2841,5.98E-04,2.99E-04,4.63E-04,1.87E-04,2.34E-04,-1.50E-04,1.57E-04,3.12E-04,-1.25E-05,-1.55E-04,-7.39E-05,-1.39E-04,-3.59E-04,-8.79E-05,-2.28E-04,-1.85E-04,-2.63E-04,-3.77E-04,-4.09E-04,-3.01E-04
2842,6.01E-04,3.00E-04,4.62E-04,1.68E-04,2.30E-04,-1.63E-04,1.56E-04,3.14E-04,-1.11E-05,-1.55E-04,-7.79E-05,-1.52E-04,-3.66E-04,-1.03E-04,-2.28E-04,-1.93E-04,-2.70E-04,-3.78E-04,-4.12E-04,-2.99E-04
2843,6.00E-04,3.01E-04,4.58E-04,1.49E-04,2.25E-04,-1.75E-04,1.54E-04,3.15E-04,-1.03E-05,-1.56E-04,-8.89E-05,-1.68E-04,-3.73E-04,-1.19E-04,-2.27E-04,-2.02E-04,-2.78E-04,-3.79E-04,-4.14E-04,-2.97E-04
2844,5.96E-04,3.01E-04,4.51E-04,1.28E-04,2.18E-04,-1.87E-04,1.51E-04,3.16E-04,-1.03E-05,-1.58E-04,-1.07E-04,-1.85E-04,-3.83E-04,-1.36E-04,-2.28E-04,-2.10E-04,-2.87E-04,-3.80E-04,-4.16E-04,-2.96E-04
2845,5.87E-04,3.01E-04,4.41E-04,1.05E-04,2.11E-04,-1.99E-04,1.48E-04,3.16E-04,-1.12E-05,-1.61E-04,-1.34E-04,-2.05E-04,-3.94E-04,-1.53E-04,-2.28E-04,-2.19E-04,-2.98E-04,-3.81E-04,-4.19E-04,-2.95E-04
2846,5.73E-04,2.99E-04,4.28E-04,8.20E-05,2.03E-04,-2.11E-04,1.44E-04,3.14E-04,-1.33E-05,-1.65E-04,-1.67E-04,-2.27E-04,-4.07E-04,-1.71E-04,-2.30E-04,-2.27E-04,-3.10E-04,-3.82E-04,-4.22E-04,-2.94E-04
2847,5.55E-04,2.95E-04,4.13E-04,5.82E-05,1.95E-04,-2.22E-04,1.39E-04,3.12E-04,-1.66E-05,-1.70E-04,-2.08E-04,-2.50E-04,-4.23E-04,-1.89E-04,-2.32E-04,-2.36E-04,-3.23E-04,-3.84E-04,-4.25E-04,-2.94E-04
2848,5.32E-04,2.89E-04,3.96E-04,3.40E-05,1.88E-04,-2.33E-04,1.34E-04,3.09E-04,-2.11E-05,-1.76E-04,-2.53E-04,-2.75E-04,-4.40E-04,-2.07E-04,-2.35E-04,-2.45E-04,-3.38E-04,-3.85E-04,-4.28E-04,-2.95E-04
2849,5.05E-04,2.81E-04,3.78E-04,9.98E-06,1.80E-04,-2.44E-04,1.27E-04,3.04E-04,-2.68E-05,-1.84E-04,-3.02E-04,-3.01E-04,-4.59E-04,-2.26E-04,-2.38E-04,-2.54E-04,-3.54E-04,-3.87E-04,-4.32E-04,-2.96E-04
2850,4.74E-04,2.70E-04,3.60E-04,-1.36E-05,1.74E-04,-2.54E-04,1.18E-04,2.98E-04,-3.36E-05,-1.92E-04,-3.53E-04,-3.28E-04,-4.80E-04,-2.45E-04,-2.42E-04,-2.63E-04,-3.70E-04,-3.89E-04,-4.36E-04,-2.97E-04
2851,4.41E-04,2.57E-04,3.42E-04,-3.63E-05,1.68E-04,-2.64E-04,1.09E-04,2.92E-04,-4.13E-05,-2.00E-04,-4.04E-04,-3.54E-04,-5.02E-04,-2.64E-04,-2.45E-04,-2.72E-04,-3.86E-04,-3.91E-04,-4.40E-04,-2.99E-04
2852,4.05E-04,2.41E-04,3.24E-04,-5.79E-05,1.63E-04,-2.72E-04,9.76E-05,2.84E-04,-4.96E-05,-2.08E-04,-4.52E-04,-3.79E-04,-5.23E-04,-2.82E-04,-2.49E-04,-2.81E-04,-4.03E-04,-3.93E-04,-4.45E-04,-3.00E-04
2853,3.67E-04,2.24E-04,3.07E-04,-7.80E-05,1.59E-04,-2.80E-04,8.54E-05,2.75E-04,-5.83E-05,-2.16E-04,-4.97E-04,-4.03E-04,-5.45E-04,-3.00E-04,-2.53E-04,-2.89E-04,-4.19E-04,-3.96E-04,-4.50E-04,-3.02E-04
2854,3.29E-04,2.04E-04,2.92E-04,-9.65E-05,1.56E-04,-2.87E-04,7.21E-05,2.65E-04,-6.71E-05,-2.23E-04,-5.35E-04,-4.26E-04,-5.66E-04,-3.18E-04,-2.57E-04,-2.97E-04,-4.35E-04,-3.99E-04,-4.55E-04,-3.03E-04
2855,2.92E-04,1.84E-04,2.79E-04,-1.13E-04,1.53E-04,-2.92E-04,5.79E-05,2.55E-04,-7.58E-05,-2.29E-04,-5.67E-04,-4.46E-04,-5.85E-04,-3.34E-04,-2.60E-04,-3.03E-04,-4.50E-04,-4.02E-04,-4.60E-04,-3.03E-04
2856,2.56E-04,1.63E-04,2.67E-04,-1.28E-04,1.52E-04,-2.97E-04,4.30E-05,2.45E-04,-8.41E-05,-2.34E-04,-5.91E-04,-4.65E-04,-6.03E-04,-3.49E-04,-2.62E-04,-3.09E-04,-4.63E-04,-4.06E-04,-4.64E-04,-3.02E-04
2857,2.21E-04,1.42E-04,2.57E-04,-1.41E-04,1.50E-04,-3.00E-04,2.75E-05,2.34E-04,-9.18E-05,-2.37E-04,-6.07E-04,-4.82E-04,-6.18E-04,-3.63E-04,-2.64E-04,-3.14E-04,-4.75E-04,-4.10E-04,-4.69E-04,-3.01E-04
2858,1.88E-04,1.22E-04,2.49E-04,-1.52E-04,1.49E-04,-3.02E-04,1.18E-05,2.23E-04,-9.88E-05,-2.38E-04,-6.15E-04,-4.97E-04,-6.31E-04,-3.76E-04,-2.65E-04,-3.18E-04,-4.86E-04,-4.14E-04,-4.73E-04,-2.98E-04
2859,1.58E-04,1.02E-04,2.42E-04,-1.62E-04,1.48E-04,-3.03E-04,-3.87E-06,2.13E-04,-1.05E-04,-2.37E-04,-6.16E-04,-5.10E-04,-6.40E-04,-3.87E-04,-2.65E-04,-3.20E-04,-4.95E-04,-4.18E-04,-4.77E-04,-2.95E-04
2860,1.31E-04,8.43E-05,2.36E-04,-1.70E-04,1.46E-04,-3.02E-04,-1.94E-05,2.02E-04,-1.10E-04,-2.34E-04,-6.12E-04,-5.22E-04,-6.48E-04,-3.97E-04,-2.64E-04,-3.22E-04,-5.02E-04,-4.22E-04,-4.80E-04,-2.90E-04
2861,1.07E-04,6.77E-05,2.30E-04,-1.78E-04,1.44E-04,-3.01E-04,-3.46E-05,1.92E-04,-1.14E-04,-2.29E-04,-6.02E-04,-5.33E-04,-6.52E-04,-4.05E-04,-2.63E-04,-3.22E-04,-5.08E-04,-4.26E-04,-4.83E-04,-2.84E-04
2862,8.50E-05,5.28E-05,2.24E-04,-1.84E-04,1.42E-04,-2.99E-04,-4.94E-05,1.83E-04,-1.17E-04,-2.23E-04,-5.91E-04,-5.43E-04,-6.54E-04,-4.11E-04,-2.60E-04,-3.20E-04,-5.13E-04,-4.29E-04,-4.85E-04,-2.77E-04
2863,6.59E-05,3.95E-05,2.18E-04,-1.89E-04,1.39E-04,-2.96E-04,-6.36E-05,1.74E-04,-1.19E-04,-2.15E-04,-5.78E-04,-5.52E-04,-6.55E-04,-4.16E-04,-2.57E-04,-3.18E-04,-5.16E-04,-4.32E-04,-4.86E-04,-2.69E-04
2864,4.91E-05,2.76E-05,2.12E-04,-1.94E-04,1.35E-04,-2.92E-04,-7.73E-05,1.66E-04,-1.20E-04,-2.06E-04,-5.66E-04,-5.61E-04,-6.53E-04,-4.20E-04,-2.54E-04,-3.15E-04,-5.19E-04,-4.33E-04,-4.86E-04,-2.61E-04
2865,3.43E-05,1.68E-05,2.05E-04,-1.98E-04,1.32E-04,-2.88E-04,-9.04E-05,1.59E-04,-1.21E-04,-1.97E-04,-5.57E-04,-5.70E-04,-6.51E-04,-4.23E-04,-2.50E-04,-3.10E-04,-5.21E-04,-4.34E-04,-4.86E-04,-2.52E-04
2866,2.10E-05,6.66E-06,1.98E-04,-2.02E-04,1.28E-04,-2.84E-04,-1.03E-04,1.53E-04,-1.21E-04,-1.87E-04,-5.51E-04,-5.79E-04,-6.49E-04,-4.24E-04,-2.45E-04,-3.05E-04,-5.22E-04,-4.34E-04,-4.85E-04,-2.43E-04
2867,8.84E-06,-3.21E-06,1.90E-04,-2.06E-04,1.25E-04,-2.79E-04,-1.16E-04,1.48E-04,-1.21E-04,-1.78E-04,-5.50E-04,-5.88E-04,-6.46E-04,-4.25E-04,-2.40E-04,-3.00E-04,-5.23E-04,-4.33E-04,-4.84E-04,-2.34E-04
2868,-2.50E-06,-1.33E-05,1.81E-04,-2.10E-04,1.22E-04,-2.74E-04,-1.28E-04,1.45E-04,-1.21E-04,-1.68E-04,-5.53E-04,-5.97E-04,-6.44E-04,-4.25E-04,-2.35E-04,-2.93E-04,-5.24E-04,-4.30E-04,-4.82E-04,-2.25E-04
2869,-1.34E-05,-2.42E-05,1.72E-04,-2.14E-04,1.19E-04,-2.69E-04,-1.40E-04,1.42E-04,-1.21E-04,-1.60E-04,-5.61E-04,-6.06E-04,-6.43E-04,-4.25E-04,-2.30E-04,-2.87E-04,-5.25E-04,-4.26E-04,-4.80E-04,-2.17E-04
2870,-2.41E-05,-3.63E-05,1.63E-04,-2.17E-04,1.18E-04,-2.65E-04,-1.52E-04,1.40E-04,-1.21E-04,-1.52E-04,-5.74E-04,-6.14E-04,-6.43E-04,-4.24E-04,-2.26E-04,-2.80E-04,-5.27E-04,-4.22E-04,-4.78E-04,-2.09E-04
2871,-3.50E-05,-4.98E-05,1.54E-04,-2.20E-04,1.18E-04,-2.60E-04,-1.64E-04,1.40E-04,-1.21E-04,-1.45E-04,-5.90E-04,-6.22E-04,-6.45E-04,-4.23E-04,-2.21E-04,-2.74E-04,-5.28E-04,-4.16E-04,-4.75E-04,-2.02E-04
2872,-4.60E-05,-6.52E-05,1.45E-04,-2.23E-04,1.19E-04,-2.55E-04,-1.76E-04,1.40E-04,-1.21E-04,-1.39E-04,-6.08E-04,-6.29E-04,-6.48E-04,-4.21E-04,-2.16E-04,-2.67E-04,-5.30E-04,-4.09E-04,-4.73E-04,-1.96E-04
2873,-5.74E-05,-8.24E-05,1.38E-04,-2.26E-04,1.21E-04,-2.51E-04,-1.89E-04,1.42E-04,-1.21E-04,-1.34E-04,-6.27E-04,-6.36E-04,-6.52E-04,-4.20E-04,-2.12E-04,-2.61E-04,-5.32E-04,-4.02E-04,-4.70E-04,-1.90E-04
2874,-6.91E-05,-1.02E-04,1.31E-04,-2.27E-04,1.25E-04,-2.47E-04,-2.01E-04,1.44E-04,-1.22E-04,-1.30E-04,-6.45E-04,-6.41E-04,-6.58E-04,-4.19E-04,-2.08E-04,-2.55E-04,-5.34E-04,-3.95E-04,-4.67E-04,-1.85E-04
2875,-8.10E-05,-1.22E-04,1.25E-04,-2.29E-04,1.30E-04,-2.42E-04,-2.14E-04,1.47E-04,-1.22E-04,-1.26E-04,-6.62E-04,-6.45E-04,-6.64E-04,-4.17E-04,-2.04E-04,-2.49E-04,-5.36E-04,-3.87E-04,-4.64E-04,-1.81E-04
2876,-9.31E-05,-1.44E-04,1.21E-04,-2.29E-04,1.37E-04,-2.37E-04,-2.26E-04,1.50E-04,-1.22E-04,-1.23E-04,-6.75E-04,-6.47E-04,-6.70E-04,-4.15E-04,-2.00E-04,-2.43E-04,-5.38E-04,-3.79E-04,-4.61E-04,-1.77E-04
2877,-1.05E-04,-1.68E-04,1.17E-04,-2.29E-04,1.44E-04,-2.32E-04,-2.37E-04,1.54E-04,-1.22E-04,-1.20E-04,-6.83E-04,-6.48E-04,-6.76E-04,-4.14E-04,-1.96E-04,-2.37E-04,-5.39E-04,-3.72E-04,-4.58E-04,-1.74E-04
2878,-1.17E-04,-1.91E-04,1.15E-04,-2.27E-04,1.53E-04,-2.27E-04,-2.48E-04,1.58E-04,-1.21E-04,-1.16E-04,-6.86E-04,-6.48E-04,-6.82E-04,-4.11E-04,-1.92E-04,-2.31E-04,-5.40E-04,-3.65E-04,-4.55E-04,-1.71E-04
2879,-1.28E-04,-2.15E-04,1.14E-04,-2.25E-04,1.62E-04,-2.21E-04,-2.58E-04,1.62E-04,-1.19E-04,-1.12E-04,-6.84E-04,-6.46E-04,-6.86E-04,-4.09E-04,-1.88E-04,-2.26E-04,-5.39E-04,-3.58E-04,-4.51E-04,-1.67E-04
2880,-1.39E-04,-2.37E-04,1.14E-04,-2.22E-04,1.71E-04,-2.14E-04,-2.67E-04,1.66E-04,-1.16E-04,-1.07E-04,-6.76E-04,-6.44E-04,-6.89E-04,-4.05E-04,-1.83E-04,-2.20E-04,-5.38E-04,-3.52E-04,-4.48E-04,-1.64E-04
2881,-1.48E-04,-2.59E-04,1.14E-04,-2.19E-04,1.80E-04,-2.06E-04,-2.74E-04,1.70E-04,-1.13E-04,-1.01E-04,-6.63E-04,-6.40E-04,-6.90E-04,-4.02E-04,-1.77E-04,-2.13E-04,-5.35E-04,-3.46E-04,-4.43E-04,-1.60E-04
2882,-1.56E-04,-2.78E-04,1.15E-04,-2.14E-04,1.89E-04,-1.97E-04,-2.80E-04,1.73E-04,-1.08E-04,-9.33E-05,-6.45E-04,-6.36E-04,-6.88E-04,-3.97E-04,-1.72E-04,-2.06E-04,-5.31E-04,-3.40E-04,-4.38E-04,-1.56E-04
2883,-1.63E-04,-2.95E-04,1.15E-04,-2.09E-04,1.98E-04,-1.88E-04,-2.84E-04,1.76E-04,-1.02E-04,-8.47E-05,-6.24E-04,-6.32E-04,-6.84E-04,-3.91E-04,-1.65E-04,-1.99E-04,-5.25E-04,-3.34E-04,-4.33E-04,-1.52E-04
2884,-1.67E-04,-3.10E-04,1.15E-04,-2.03E-04,2.06E-04,-1.77E-04,-2.85E-04,1.79E-04,-9.43E-05,-7.49E-05,-6.00E-04,-6.28E-04,-6.77E-04,-3.85E-04,-1.58E-04,-1.91E-04,-5.18E-04,-3.29E-04,-4.27E-04,-1.47E-04
2885,-1.69E-04,-3.22E-04,1.15E-04,-1.97E-04,2.14E-04,-1.65E-04,-2.85E-04,1.81E-04,-8.57E-05,-6.39E-05,-5.75E-04,-6.23E-04,-6.67E-04,-3.77E-04,-1.50E-04,-1.83E-04,-5.10E-04,-3.23E-04,-4.20E-04,-1.41E-04
2886,-1.69E-04,-3.30E-04,1.14E-04,-1.90E-04,2.20E-04,-1.53E-04,-2.84E-04,1.83E-04,-7.58E-05,-5.19E-05,-5.51E-04,-6.19E-04,-6.55E-04,-3.69E-04,-1.41E-04,-1.74E-04,-5.00E-04,-3.17E-04,-4.13E-04,-1.35E-04
2887,-1.66E-04,-3.36E-04,1.13E-04,-1.83E-04,2.26E-04,-1.39E-04,-2.80E-04,1.84E-04,-6.49E-05,-3.92E-05,-5.28E-04,-6.15E-04,-6.41E-04,-3.60E-04,-1.32E-04,-1.65E-04,-4.89E-04,-3.10E-04,-4.05E-04,-1.29E-04
2888,-1.61E-04,-3.39E-04,1.11E-04,-1.76E-04,2.32E-04,-1.25E-04,-2.76E-04,1.85E-04,-5.30E-05,-2.59E-05,-5.07E-04,-6.11E-04,-6.24E-04,-3.50E-04,-1.22E-04,-1.55E-04,-4.77E-04,-3.02E-04,-3.96E-04,-1.23E-04
2889,-1.53E-04,-3.40E-04,1.09E-04,-1.68E-04,2.36E-04,-1.11E-04,-2.70E-04,1.86E-04,-4.05E-05,-1.26E-05,-4.88E-04,-6.06E-04,-6.07E-04,-3.40E-04,-1.11E-04,-1.44E-04,-4.64E-04,-2.93E-04,-3.86E-04,-1.16E-04
2890,-1.43E-04,-3.38E-04,1.06E-04,-1.60E-04,2.40E-04,-9.57E-05,-2.64E-04,1.86E-04,-2.75E-05,5.84E-07,-4.73E-04,-6.02E-04,-5.88E-04,-3.30E-04,-1.01E-04,-1.34E-04,-4.51E-04,-2.83E-04,-3.77E-04,-1.10E-04
2891,-1.30E-04,-3.35E-04,1.02E-04,-1.52E-04,2.43E-04,-8.08E-05,-2.58E-04,1.87E-04,-1.42E-05,1.31E-05,-4.60E-04,-5.98E-04,-5.69E-04,-3.19E-04,-9.03E-05,-1.23E-04,-4.38E-04,-2.72E-04,-3.66E-04,-1.04E-04
2892,-1.15E-04,-3.31E-04,9.93E-05,-1.44E-04,2.46E-04,-6.60E-05,-2.53E-04,1.88E-04,-9.32E-07,2.47E-05,-4.50E-04,-5.92E-04,-5.49E-04,-3.08E-04,-7.98E-05,-1.12E-04,-4.25E-04,-2.60E-04,-3.56E-04,-9.92E-05
2893,-9.87E-05,-3.26E-04,9.65E-05,-1.36E-04,2.49E-04,-5.16E-05,-2.48E-04,1.89E-04,1.21E-05,3.51E-05,-4.42E-04,-5.87E-04,-5.31E-04,-2.97E-04,-6.96E-05,-1.02E-04,-4.11E-04,-2.46E-04,-3.45E-04,-9.46E-05
2894,-8.08E-05,-3.21E-04,9.42E-05,-1.27E-04,2.52E-04,-3.78E-05,-2.45E-04,1.91E-04,2.47E-05,4.41E-05,-4.35E-04,-5.80E-04,-5.13E-04,-2.87E-04,-5.99E-05,-9.22E-05,-3.99E-04,-2.32E-04,-3.35E-04,-9.08E-05
2895,-6.21E-05,-3.15E-04,9.26E-05,-1.18E-04,2.54E-04,-2.47E-05,-2.42E-04,1.92E-04,3.67E-05,5.13E-05,-4.28E-04,-5.72E-04,-4.96E-04,-2.77E-04,-5.09E-05,-8.28E-05,-3.86E-04,-2.17E-04,-3.24E-04,-8.79E-05
2896,-4.29E-05,-3.11E-04,9.18E-05,-1.09E-04,2.57E-04,-1.25E-05,-2.42E-04,1.95E-04,4.80E-05,5.69E-05,-4.20E-04,-5.64E-04,-4.81E-04,-2.67E-04,-4.25E-05,-7.41E-05,-3.75E-04,-2.01E-04,-3.14E-04,-8.60E-05
2897,-2.39E-05,-3.07E-04,9.20E-05,-9.96E-05,2.60E-04,-1.23E-06,-2.43E-04,1.97E-04,5.84E-05,6.08E-05,-4.10E-04,-5.54E-04,-4.68E-04,-2.58E-04,-3.48E-05,-6.61E-05,-3.64E-04,-1.84E-04,-3.04E-04,-8.50E-05
2898,-5.51E-06,-3.04E-04,9.31E-05,-9.00E-05,2.63E-04,8.97E-06,-2.46E-04,2.00E-04,6.79E-05,6.30E-05,-3.98E-04,-5.44E-04,-4.56E-04,-2.50E-04,-2.80E-05,-5.88E-05,-3.53E-04,-1.68E-04,-2.94E-04,-8.50E-05
2899,1.19E-05,-3.02E-04,9.51E-05,-8.02E-05,2.66E-04,1.81E-05,-2.50E-04,2.03E-04,7.66E-05,6.37E-05,-3.82E-04,-5.33E-04,-4.46E-04,-2.42E-04,-2.18E-05,-5.24E-05,-3.43E-04,-1.52E-04,-2.85E-04,-8.59E-05
2900,2.79E-05,-3.02E-04,9.80E-05,-7.00E-05,2.70E-04,2.63E-05,-2.55E-04,2.07E-04,8.45E-05,6.33E-05,-3.63E-04,-5.21E-04,-4.37E-04,-2.35E-04,-1.63E-05,-4.66E-05,-3.34E-04,-1.36E-04,-2.75E-04,-8.76E-05
2901,4.24E-05,-3.01E-04,1.02E-04,-5.96E-05,2.73E-04,3.36E-05,-2.62E-04,2.10E-04,9.17E-05,6.19E-05,-3.41E-04,-5.10E-04,-4.30E-04,-2.27E-04,-1.11E-05,-4.15E-05,-3.25E-04,-1.21E-04,-2.66E-04,-8.99E-05
2902,5.51E-05,-3.02E-04,1.06E-04,-4.90E-05,2.77E-04,4.01E-05,-2.68E-04,2.14E-04,9.84E-05,5.99E-05,-3.16E-04,-4.98E-04,-4.23E-04,-2.20E-04,-6.31E-06,-3.69E-05,-3.15E-04,-1.06E-04,-2.58E-04,-9.27E-05
2903,6.62E-05,-3.03E-04,1.10E-04,-3.81E-05,2.80E-04,4.59E-05,-2.75E-04,2.18E-04,1.05E-04,5.76E-05,-2.89E-04,-4.87E-04,-4.18E-04,-2.13E-04,-1.53E-06,-3.26E-05,-3.06E-04,-9.24E-05,-2.49E-04,-9.58E-05
2904,7.57E-05,-3.04E-04,1.15E-04,-2.70E-05,2.84E-04,5.13E-05,-2.81E-04,2.22E-04,1.11E-04,5.54E-05,-2.60E-04,-4.76E-04,-4.12E-04,-2.05E-04,3.41E-06,-2.85E-05,-2.96E-04,-7.92E-05,-2.40E-04,-9.90E-05
2905,8.40E-05,-3.05E-04,1.20E-04,-1.58E-05,2.88E-04,5.64E-05,-2.86E-04,2.27E-04,1.17E-04,5.36E-05,-2.31E-04,-4.66E-04,-4.07E-04,-1.97E-04,8.73E-06,-2.45E-05,-2.86E-04,-6.67E-05,-2.31E-04,-1.02E-04
2906,9.14E-05,-3.06E-04,1.24E-04,-4.35E-06,2.91E-04,6.13E-05,-2.89E-04,2.31E-04,1.24E-04,5.24E-05,-2.03E-04,-4.56E-04,-4.01E-04,-1.88E-04,1.46E-05,-2.04E-05,-2.75E-04,-5.46E-05,-2.22E-04,-1.05E-04
2907,9.85E-05,-3.06E-04,1.28E-04,7.16E-06,2.95E-04,6.63E-05,-2.91E-04,2.36E-04,1.31E-04,5.21E-05,-1.75E-04,-4.47E-04,-3.94E-04,-1.78E-04,2.13E-05,-1.60E-05,-2.62E-04,-4.28E-05,-2.12E-04,-1.08E-04
2908,1.06E-04,-3.06E-04,1.32E-04,1.87E-05,2.98E-04,7.14E-05,-2.90E-04,2.40E-04,1.38E-04,5.27E-05,-1.51E-04,-4.39E-04,-3.87E-04,-1.67E-04,2.88E-05,-1.12E-05,-2.48E-04,-3.10E-05,-2.02E-04,-1.10E-04
2909,1.14E-04,-3.06E-04,1.36E-04,3.03E-05,3.01E-04,7.68E-05,-2.87E-04,2.46E-04,1.47E-04,5.42E-05,-1.29E-04,-4.31E-04,-3.78E-04,-1.55E-04,3.73E-05,-6.08E-06,-2.34E-04,-1.90E-05,-1.92E-04,-1.12E-04
2910,1.24E-04,-3.04E-04,1.39E-04,4.19E-05,3.05E-04,8.24E-05,-2.81E-04,2.51E-04,1.56E-04,5.68E-05,-1.10E-04,-4.24E-04,-3.68E-04,-1.42E-04,4.67E-05,-4.86E-07,-2.17E-04,-6.63E-06,-1.81E-04,-1.14E-04
2911,1.35E-04,-3.02E-04,1.41E-04,5.33E-05,3.08E-04,8.83E-05,-2.73E-04,2.57E-04,1.66E-04,6.01E-05,-9.38E-05,-4.16E-04,-3.58E-04,-1.28E-04,5.70E-05,5.52E-06,-2.00E-04,6.35E-06,-1.70E-04,-1.15E-04
2912,1.49E-04,-2.99E-04,1.44E-04,6.46E-05,3.11E-04,9.44E-05,-2.63E-04,2.63E-04,1.76E-04,6.40E-05,-8.09E-05,-4.09E-04,-3.46E-04,-1.14E-04,6.80E-05,1.18E-05,-1.81E-04,2.01E-05,-1.58E-04,-1.16E-04
2913,1.65E-04,-2.96E-04,1.46E-04,7.56E-05,3.14E-04,1.01E-04,-2.50E-04,2.70E-04,1.88E-04,6.83E-05,-7.01E-05,-4.00E-04,-3.33E-04,-9.89E-05,7.96E-05,1.84E-05,-1.61E-04,3.47E-05,-1.45E-04,-1.16E-04
2914,1.84E-04,-2.93E-04,1.48E-04,8.64E-05,3.17E-04,1.07E-04,-2.36E-04,2.77E-04,2.00E-04,7.26E-05,-6.07E-05,-3.90E-04,-3.19E-04,-8.35E-05,9.15E-05,2.50E-05,-1.40E-04,5.01E-05,-1.33E-04,-1.16E-04
2915,2.05E-04,-2.89E-04,1.50E-04,9.68E-05,3.20E-04,1.13E-04,-2.21E-04,2.85E-04,2.12E-04,7.65E-05,-5.15E-05,-3.79E-04,-3.04E-04,-6.81E-05,1.04E-04,3.14E-05,-1.18E-04,6.64E-05,-1.20E-04,-1.16E-04
2916,2.28E-04,-2.85E-04,1.52E-04,1.07E-04,3.23E-04,1.19E-04,-2.05E-04,2.93E-04,2.24E-04,7.98E-05,-4.16E-05,-3.67E-04,-2.89E-04,-5.28E-05,1.15E-04,3.76E-05,-9.59E-05,8.33E-05,-1.08E-04,-1.17E-04
2917,2.53E-04,-2.82E-04,1.54E-04,1.16E-04,3.27E-04,1.24E-04,-1.89E-04,3.01E-04,2.36E-04,8.20E-05,-2.97E-05,-3.53E-04,-2.73E-04,-3.79E-05,1.27E-04,4.31E-05,-7.35E-05,1.01E-04,-9.57E-05,-1.17E-04
2918,2.79E-04,-2.78E-04,1.56E-04,1.25E-04,3.30E-04,1.29E-04,-1.73E-04,3.09E-04,2.48E-04,8.30E-05,-1.51E-05,-3.37E-04,-2.58E-04,-2.37E-05,1.37E-04,4.80E-05,-5.11E-05,1.19E-04,-8.38E-05,-1.18E-04
2919,3.05E-04,-2.75E-04,1.57E-04,1.34E-04,3.34E-04,1.32E-04,-1.57E-04,3.17E-04,2.59E-04,8.24E-05,3.13E-06,-3.20E-04,-2.43E-04,-1.04E-05,1.47E-04,5.20E-05,-2.90E-05,1.36E-04,-7.25E-05,-1.20E-04
2920,3.30E-04,-2.71E-04,1.59E-04,1.42E-04,3.37E-04,1.35E-04,-1.43E-04,3.24E-04,2.69E-04,8.02E-05,2.53E-05,-3.02E-04,-2.28E-04,2.07E-06,1.56E-04,5.49E-05,-7.30E-06,1.54E-04,-6.18E-05,-1.22E-04
2921,3.54E-04,-2.68E-04,1.60E-04,1.50E-04,3.41E-04,1.37E-04,-1.30E-04,3.31E-04,2.79E-04,7.62E-05,5.17E-05,-2.82E-04,-2.15E-04,1.35E-05,1.63E-04,5.67E-05,1.38E-05,1.71E-04,-5.20E-05,-1.25E-04
2922,3.75E-04,-2.64E-04,1.61E-04,1.57E-04,3.45E-04,1.38E-04,-1.18E-04,3.37E-04,2.87E-04,7.05E-05,8.17E-05,-2.62E-04,-2.02E-04,2.38E-05,1.70E-04,5.73E-05,3.42E-05,1.87E-04,-4.31E-05,-1.28E-04
2923,3.93E-04,-2.60E-04,1.61E-04,1.63E-04,3.49E-04,1.37E-04,-1.08E-04,3.43E-04,2.94E-04,6.31E-05,1.15E-04,-2.41E-04,-1.90E-04,3.31E-05,1.75E-04,5.69E-05,5.38E-05,2.02E-04,-3.52E-05,-1.33E-04
2924,4.08E-04,-2.56E-04,1.61E-04,1.69E-04,3.54E-04,1.35E-04,-9.92E-05,3.47E-04,3.00E-04,5.44E-05,1.50E-04,-2.20E-04,-1.79E-04,4.16E-05,1.79E-04,5.54E-05,7.26E-05,2.16E-04,-2.82E-05,-1.37E-04
2925,4.18E-04,-2.51E-04,1.61E-04,1.75E-04,3.59E-04,1.33E-04,-9.20E-05,3.50E-04,3.04E-04,4.45E-05,1.86E-04,-2.00E-04,-1.69E-04,4.94E-05,1.83E-04,5.30E-05,9.06E-05,2.28E-04,-2.22E-05,-1.43E-04
2926,4.24E-04,-2.45E-04,1.60E-04,1.81E-04,3.64E-04,1.29E-04,-8.62E-05,3.52E-04,3.08E-04,3.39E-05,2.22E-04,-1.81E-04,-1.60E-04,5.66E-05,1.86E-04,4.98E-05,1.08E-04,2.39E-04,-1.70E-05,-1.48E-04
2927,4.26E-04,-2.37E-04,1.60E-04,1.86E-04,3.69E-04,1.25E-04,-8.15E-05,3.53E-04,3.10E-04,2.29E-05,2.55E-04,-1.63E-04,-1.52E-04,6.36E-05,1.89E-04,4.62E-05,1.25E-04,2.49E-04,-1.26E-05,-1.55E-04
2928,4.24E-04,-2.28E-04,1.59E-04,1.92E-04,3.75E-04,1.21E-04,-7.74E-05,3.54E-04,3.12E-04,1.19E-05,2.85E-04,-1.46E-04,-1.45E-04,7.05E-05,1.92E-04,4.23E-05,1.41E-04,2.58E-04,-8.88E-06,-1.61E-04
2929,4.19E-04,-2.18E-04,1.58E-04,1.97E-04,3.81E-04,1.16E-04,-7.39E-05,3.53E-04,3.13E-04,1.33E-06,3.10E-04,-1.31E-04,-1.39E-04,7.75E-05,1.96E-04,3.84E-05,1.58E-04,2.65E-04,-5.67E-06,-1.67E-04
2930,4.11E-04,-2.06E-04,1.57E-04,2.02E-04,3.88E-04,1.11E-04,-7.05E-05,3.53E-04,3.14E-04,-8.40E-06,3.30E-04,-1.18E-04,-1.33E-04,8.50E-05,2.00E-04,3.48E-05,1.74E-04,2.72E-04,-2.85E-06,-1.73E-04
2931,4.01E-04,-1.93E-04,1.57E-04,2.08E-04,3.95E-04,1.06E-04,-6.69E-05,3.52E-04,3.14E-04,-1.69E-05,3.42E-04,-1.07E-04,-1.28E-04,9.29E-05,2.05E-04,3.16E-05,1.90E-04,2.78E-04,-2.64E-07,-1.79E-04
2932,3.90E-04,-1.78E-04,1.58E-04,2.14E-04,4.03E-04,1.01E-04,-6.30E-05,3.51E-04,3.15E-04,-2.40E-05,3.48E-04,-9.66E-05,-1.23E-04,1.01E-04,2.12E-04,2.90E-05,2.06E-04,2.84E-04,2.21E-06,-1.84E-04
2933,3.80E-04,-1.62E-04,1.60E-04,2.19E-04,4.11E-04,9.72E-05,-5.85E-05,3.50E-04,3.15E-04,-2.95E-05,3.48E-04,-8.78E-05,-1.18E-04,1.11E-04,2.19E-04,2.73E-05,2.22E-04,2.90E-04,4.69E-06,-1.89E-04
2934,3.72E-04,-1.44E-04,1.64E-04,2.25E-04,4.20E-04,9.35E-05,-5.32E-05,3.49E-04,3.17E-04,-3.32E-05,3.41E-04,-8.00E-05,-1.13E-04,1.20E-04,2.28E-04,2.64E-05,2.38E-04,2.96E-04,7.26E-06,-1.93E-04
2935,3.65E-04,-1.26E-04,1.69E-04,2.31E-04,4.30E-04,9.04E-05,-4.71E-05,3.50E-04,3.18E-04,-3.50E-05,3.29E-04,-7.29E-05,-1.08E-04,1.31E-04,2.38E-04,2.65E-05,2.55E-04,3.03E-04,9.97E-06,-1.96E-04
2936,3.62E-04,-1.07E-04,1.76E-04,2.37E-04,4.40E-04,8.79E-05,-4.02E-05,3.51E-04,3.20E-04,-3.52E-05,3.14E-04,-6.61E-05,-1.02E-04,1.41E-04,2.49E-04,2.75E-05,2.71E-04,3.10E-04,1.28E-05,-1.99E-04
2937,3.63E-04,-8.71E-05,1.85E-04,2.42E-04,4.51E-04,8.59E-05,-3.24E-05,3.53E-04,3.23E-04,-3.38E-05,2.97E-04,-5.93E-05,-9.51E-05,1.52E-04,2.61E-04,2.93E-05,2.87E-04,3.17E-04,1.58E-05,-2.00E-04
2938,3.67E-04,-6.74E-05,1.95E-04,2.48E-04,4.62E-04,8.44E-05,-2.38E-05,3.56E-04,3.27E-04,-3.10E-05,2.79E-04,-5.22E-05,-8.80E-05,1.63E-04,2.74E-04,3.17E-05,3.03E-04,3.26E-04,1.89E-05,-2.02E-04
2939,3.76E-04,-4.80E-05,2.07E-04,2.53E-04,4.74E-04,8.33E-05,-1.45E-05,3.60E-04,3.31E-04,-2.72E-05,2.63E-04,-4.44E-05,-8.02E-05,1.73E-04,2.87E-04,3.48E-05,3.18E-04,3.34E-04,2.21E-05,-2.02E-04
2940,3.89E-04,-2.91E-05,2.21E-04,2.58E-04,4.86E-04,8.24E-05,-4.64E-06,3.64E-04,3.35E-04,-2.27E-05,2.50E-04,-3.57E-05,-7.18E-05,1.82E-04,2.99E-04,3.82E-05,3.32E-04,3.44E-04,2.51E-05,-2.03E-04
2941,4.05E-04,-1.11E-05,2.36E-04,2.63E-04,4.99E-04,8.17E-05,5.64E-06,3.70E-04,3.39E-04,-1.78E-05,2.42E-04,-2.61E-05,-6.28E-05,1.91E-04,3.12E-04,4.17E-05,3.45E-04,3.53E-04,2.79E-05,-2.03E-04
2942,4.24E-04,5.77E-06,2.52E-04,2.67E-04,5.12E-04,8.09E-05,1.62E-05,3.76E-04,3.44E-04,-1.28E-05,2.39E-04,-1.55E-05,-5.33E-05,1.98E-04,3.24E-04,4.51E-05,3.57E-04,3.62E-04,3.04E-05,-2.03E-04
2943,4.46E-04,2.14E-05,2.69E-04,2.71E-04,5.25E-04,8.00E-05,2.70E-05,3.82E-04,3.48E-04,-8.16E-06,2.42E-04,-3.84E-06,-4.35E-05,2.04E-04,3.36E-04,4.83E-05,3.68E-04,3.71E-04,3.25E-05,-2.02E-04
2944,4.69E-04,3.55E-05,2.86E-04,2.74E-04,5.38E-04,7.88E-05,3.79E-05,3.89E-04,3.52E-04,-4.09E-06,2.52E-04,8.70E-06,-3.36E-05,2.08E-04,3.46E-04,5.10E-05,3.77E-04,3.80E-04,3.40E-05,-2.02E-04
2945,4.92E-04,4.81E-05,3.03E-04,2.77E-04,5.51E-04,7.71E-05,4.87E-05,3.95E-04,3.56E-04,-8.13E-07,2.69E-04,2.20E-05,-2.37E-05,2.11E-04,3.56E-04,5.32E-05,3.85E-04,3.87E-04,3.48E-05,-2.02E-04
2946,5.15E-04,5.92E-05,3.20E-04,2.80E-04,5.64E-04,7.50E-05,5.96E-05,4.02E-04,3.59E-04,1.50E-06,2.91E-04,3.57E-05,-1.41E-05,2.12E-04,3.64E-04,5.46E-05,3.91E-04,3.94E-04,3.49E-05,-2.03E-04
2947,5.36E-04,6.88E-05,3.37E-04,2.82E-04,5.77E-04,7.23E-05,7.03E-05,4.08E-04,3.61E-04,2.76E-06,3.17E-04,4.97E-05,-4.90E-06,2.11E-04,3.72E-04,5.54E-05,3.96E-04,4.00E-04,3.43E-05,-2.03E-04
2948,5.56E-04,7.70E-05,3.53E-04,2.85E-04,5.89E-04,6.91E-05,8.10E-05,4.15E-04,3.62E-04,2.97E-06,3.46E-04,6.36E-05,3.67E-06,2.09E-04,3.78E-04,5.54E-05,3.99E-04,4.04E-04,3.30E-05,-2.05E-04
2949,5.73E-04,8.40E-05,3.68E-04,2.87E-04,6.00E-04,6.52E-05,9.17E-05,4.21E-04,3.63E-04,2.18E-06,3.77E-04,7.72E-05,1.14E-05,2.06E-04,3.84E-04,5.47E-05,4.02E-04,4.07E-04,3.09E-05,-2.06E-04
2950,5.87E-04,9.00E-05,3.82E-04,2.89E-04,6.11E-04,6.09E-05,1.02E-04,4.27E-04,3.63E-04,5.09E-07,4.08E-04,9.01E-05,1.83E-05,2.02E-04,3.90E-04,5.34E-05,4.03E-04,4.09E-04,2.81E-05,-2.08E-04
2951,5.98E-04,9.52E-05,3.96E-04,2.91E-04,6.21E-04,5.61E-05,1.13E-04,4.34E-04,3.61E-04,-1.88E-06,4.37E-04,1.02E-04,2.41E-05,1.97E-04,3.95E-04,5.17E-05,4.03E-04,4.10E-04,2.47E-05,-2.11E-04
2952,6.06E-04,9.99E-05,4.08E-04,2.94E-04,6.30E-04,5.10E-05,1.24E-04,4.40E-04,3.59E-04,-4.79E-06,4.62E-04,1.13E-04,2.88E-05,1.91E-04,4.00E-04,4.97E-05,4.03E-04,4.10E-04,2.08E-05,-2.13E-04
2953,6.11E-04,1.04E-04,4.21E-04,2.96E-04,6.38E-04,4.55E-05,1.34E-04,4.47E-04,3.56E-04,-8.00E-06,4.83E-04,1.22E-04,3.24E-05,1.85E-04,4.05E-04,4.76E-05,4.02E-04,4.09E-04,1.65E-05,-2.16E-04
2954,6.14E-04,1.09E-04,4.32E-04,2.98E-04,6.45E-04,3.99E-05,1.45E-04,4.55E-04,3.53E-04,-1.13E-05,4.98E-04,1.30E-04,3.51E-05,1.79E-04,4.10E-04,4.55E-05,4.00E-04,4.08E-04,1.19E-05,-2.20E-04
2955,6.14E-04,1.13E-04,4.43E-04,3.00E-04,6.50E-04,3.43E-05,1.56E-04,4.63E-04,3.49E-04,-1.46E-05,5.07E-04,1.35E-04,3.68E-05,1.73E-04,4.16E-04,4.36E-05,3.99E-04,4.06E-04,7.07E-06,-2.23E-04
2956,6.14E-04,1.18E-04,4.54E-04,3.03E-04,6.54E-04,2.86E-05,1.67E-04,4.72E-04,3.44E-04,-1.76E-05,5.09E-04,1.39E-04,3.77E-05,1.67E-04,4.21E-04,4.19E-05,3.96E-04,4.04E-04,2.13E-06,-2.26E-04
2957,6.12E-04,1.23E-04,4.65E-04,3.04E-04,6.57E-04,2.31E-05,1.78E-04,4.81E-04,3.38E-04,-2.02E-05,5.06E-04,1.41E-04,3.80E-05,1.61E-04,4.27E-04,4.08E-05,3.94E-04,4.02E-04,-2.88E-06,-2.30E-04
2958,6.10E-04,1.29E-04,4.75E-04,3.06E-04,6.59E-04,1.78E-05,1.88E-04,4.91E-04,3.32E-04,-2.26E-05,4.96E-04,1.42E-04,3.79E-05,1.56E-04,4.33E-04,4.01E-05,3.91E-04,4.00E-04,-7.93E-06,-2.33E-04
2959,6.08E-04,1.36E-04,4.86E-04,3.06E-04,6.59E-04,1.27E-05,1.99E-04,5.02E-04,3.26E-04,-2.46E-05,4.81E-04,1.40E-04,3.75E-05,1.51E-04,4.39E-04,3.99E-05,3.87E-04,3.98E-04,-1.30E-05,-2.36E-04
2960,6.07E-04,1.43E-04,4.96E-04,3.06E-04,6.58E-04,7.87E-06,2.09E-04,5.13E-04,3.19E-04,-2.63E-05,4.62E-04,1.36E-04,3.70E-05,1.46E-04,4.44E-04,4.02E-05,3.83E-04,3.97E-04,-1.81E-05,-2.39E-04
2961,6.06E-04,1.51E-04,5.06E-04,3.06E-04,6.56E-04,3.35E-06,2.18E-04,5.24E-04,3.11E-04,-2.80E-05,4.40E-04,1.31E-04,3.66E-05,1.41E-04,4.49E-04,4.10E-05,3.78E-04,3.96E-04,-2.33E-05,-2.43E-04
2962,6.06E-04,1.60E-04,5.16E-04,3.04E-04,6.53E-04,-8.72E-07,2.28E-04,5.36E-04,3.04E-04,-2.97E-05,4.16E-04,1.24E-04,3.65E-05,1.36E-04,4.53E-04,4.21E-05,3.72E-04,3.95E-04,-2.87E-05,-2.46E-04
2963,6.07E-04,1.69E-04,5.26E-04,3.01E-04,6.49E-04,-4.81E-06,2.36E-04,5.46E-04,2.95E-04,-3.17E-05,3.91E-04,1.15E-04,3.66E-05,1.31E-04,4.55E-04,4.34E-05,3.64E-04,3.94E-04,-3.43E-05,-2.49E-04
2964,6.08E-04,1.78E-04,5.35E-04,2.97E-04,6.44E-04,-8.46E-06,2.44E-04,5.56E-04,2.87E-04,-3.42E-05,3.65E-04,1.05E-04,3.70E-05,1.26E-04,4.57E-04,4.48E-05,3.56E-04,3.92E-04,-4.03E-05,-2.52E-04
2965,6.10E-04,1.87E-04,5.43E-04,2.91E-04,6.39E-04,-1.19E-05,2.52E-04,5.65E-04,2.78E-04,-3.74E-05,3.40E-04,9.35E-05,3.77E-05,1.21E-04,4.57E-04,4.60E-05,3.45E-04,3.91E-04,-4.66E-05,-2.56E-04
2966,6.11E-04,1.96E-04,5.50E-04,2.85E-04,6.33E-04,-1.51E-05,2.58E-04,5.72E-04,2.68E-04,-4.15E-05,3.16E-04,8.12E-05,3.85E-05,1.14E-04,4.55E-04,4.71E-05,3.34E-04,3.89E-04,-5.35E-05,-2.60E-04
2967,6.12E-04,2.05E-04,5.56E-04,2.78E-04,6.28E-04,-1.80E-05,2.64E-04,5.77E-04,2.57E-04,-4.66E-05,2.93E-04,6.80E-05,3.94E-05,1.08E-04,4.51E-04,4.77E-05,3.21E-04,3.87E-04,-6.09E-05,-2.64E-04
2968,6.11E-04,2.13E-04,5.61E-04,2.71E-04,6.22E-04,-2.08E-05,2.70E-04,5.80E-04,2.47E-04,-5.30E-05,2.71E-04,5.43E-05,4.01E-05,1.00E-04,4.46E-04,4.78E-05,3.07E-04,3.84E-04,-6.88E-05,-2.69E-04
2969,6.09E-04,2.21E-04,5.64E-04,2.62E-04,6.16E-04,-2.33E-05,2.74E-04,5.81E-04,2.35E-04,-6.05E-05,2.50E-04,4.01E-05,4.05E-05,9.21E-05,4.39E-04,4.73E-05,2.92E-04,3.81E-04,-7.73E-05,-2.75E-04
2970,6.06E-04,2.28E-04,5.65E-04,2.54E-04,6.11E-04,-2.56E-05,2.78E-04,5.79E-04,2.23E-04,-6.92E-05,2.30E-04,2.56E-05,4.02E-05,8.34E-05,4.30E-04,4.61E-05,2.77E-04,3.77E-04,-8.62E-05,-2.80E-04
2971,6.00E-04,2.34E-04,5.65E-04,2.46E-04,6.06E-04,-2.76E-05,2.82E-04,5.75E-04,2.11E-04,-7.89E-05,2.10E-04,1.11E-05,3.90E-05,7.42E-05,4.21E-04,4.41E-05,2.61E-04,3.72E-04,-9.56E-05,-2.87E-04
2972,5.92E-04,2.40E-04,5.64E-04,2.38E-04,6.01E-04,-2.94E-05,2.85E-04,5.69E-04,1.99E-04,-8.95E-05,1.90E-04,-3.23E-06,3.68E-05,6.47E-05,4.10E-04,4.15E-05,2.46E-04,3.66E-04,-1.05E-04,-2.93E-04
2973,5.82E-04,2.44E-04,5.61E-04,2.31E-04,5.97E-04,-3.09E-05,2.88E-04,5.61E-04,1.86E-04,-1.01E-04,1.70E-04,-1.73E-05,3.32E-05,5.49E-05,3.98E-04,3.83E-05,2.30E-04,3.60E-04,-1.15E-04,-3.00E-04
2974,5.70E-04,2.48E-04,5.56E-04,2.24E-04,5.93E-04,-3.19E-05,2.90E-04,5.51E-04,1.74E-04,-1.12E-04,1.50E-04,-3.10E-05,2.83E-05,4.52E-05,3.86E-04,3.45E-05,2.16E-04,3.54E-04,-1.24E-04,-3.07E-04
2975,5.56E-04,2.52E-04,5.50E-04,2.18E-04,5.90E-04,-3.26E-05,2.92E-04,5.40E-04,1.61E-04,-1.24E-04,1.29E-04,-4.41E-05,2.20E-05,3.56E-05,3.75E-04,3.02E-05,2.03E-04,3.47E-04,-1.33E-04,-3.15E-04
2976,5.41E-04,2.54E-04,5.42E-04,2.14E-04,5.87E-04,-3.28E-05,2.94E-04,5.27E-04,1.49E-04,-1.35E-04,1.09E-04,-5.67E-05,1.41E-05,2.65E-05,3.63E-04,2.57E-05,1.92E-04,3.41E-04,-1.42E-04,-3.22E-04
2977,5.24E-04,2.57E-04,5.34E-04,2.10E-04,5.84E-04,-3.25E-05,2.96E-04,5.14E-04,1.38E-04,-1.46E-04,8.79E-05,-6.86E-05,4.92E-06,1.78E-05,3.52E-04,2.10E-05,1.82E-04,3.36E-04,-1.50E-04,-3.29E-04
2978,5.07E-04,2.59E-04,5.25E-04,2.08E-04,5.82E-04,-3.17E-05,2.97E-04,5.01E-04,1.26E-04,-1.56E-04,6.78E-05,-7.99E-05,-5.49E-06,9.87E-06,3.42E-04,1.63E-05,1.74E-04,3.31E-04,-1.57E-04,-3.36E-04
2979,4.90E-04,2.61E-04,5.15E-04,2.06E-04,5.79E-04,-3.04E-05,2.98E-04,4.88E-04,1.16E-04,-1.65E-04,4.89E-05,-9.06E-05,-1.69E-05,2.74E-06,3.32E-04,1.18E-05,1.68E-04,3.27E-04,-1.62E-04,-3.42E-04
2980,4.73E-04,2.63E-04,5.04E-04,2.06E-04,5.77E-04,-2.86E-05,2.98E-04,4.76E-04,1.07E-04,-1.73E-04,3.18E-05,-1.01E-04,-2.90E-05,-3.50E-06,3.24E-04,7.59E-06,1.64E-04,3.25E-04,-1.66E-04,-3.47E-04
2981,4.56E-04,2.65E-04,4.93E-04,2.06E-04,5.74E-04,-2.62E-05,2.98E-04,4.64E-04,9.84E-05,-1.79E-04,1.73E-05,-1.10E-04,-4.14E-05,-8.81E-06,3.17E-04,3.81E-06,1.61E-04,3.24E-04,-1.69E-04,-3.52E-04
2982,4.41E-04,2.67E-04,4.82E-04,2.06E-04,5.71E-04,-2.34E-05,2.98E-04,4.53E-04,9.11E-05,-1.84E-04,5.72E-06,-1.20E-04,-5.38E-05,-1.32E-05,3.11E-04,5.50E-07,1.60E-04,3.24E-04,-1.70E-04,-3.56E-04
2983,4.27E-04,2.69E-04,4.71E-04,2.06E-04,5.68E-04,-2.02E-05,2.98E-04,4.43E-04,8.49E-05,-1.87E-04,-2.45E-06,-1.28E-04,-6.58E-05,-1.67E-05,3.06E-04,-2.13E-06,1.60E-04,3.26E-04,-1.70E-04,-3.59E-04
2984,4.15E-04,2.71E-04,4.60E-04,2.07E-04,5.64E-04,-1.66E-05,2.97E-04,4.34E-04,7.98E-05,-1.89E-04,-7.01E-06,-1.37E-04,-7.71E-05,-1.93E-05,3.03E-04,-4.19E-06,1.61E-04,3.29E-04,-1.68E-04,-3.61E-04
2985,4.05E-04,2.73E-04,4.49E-04,2.07E-04,5.59E-04,-1.26E-05,2.96E-04,4.26E-04,7.59E-05,-1.90E-04,-8.02E-06,-1.45E-04,-8.73E-05,-2.12E-05,3.00E-04,-5.62E-06,1.63E-04,3.34E-04,-1.65E-04,-3.62E-04
2986,3.96E-04,2.75E-04,4.38E-04,2.07E-04,5.55E-04,-8.42E-06,2.95E-04,4.19E-04,7.32E-05,-1.89E-04,-5.76E-06,-1.53E-04,-9.61E-05,-2.25E-05,2.98E-04,-6.45E-06,1.64E-04,3.40E-04,-1.60E-04,-3.63E-04
2987,3.90E-04,2.77E-04,4.28E-04,2.07E-04,5.49E-04,-3.99E-06,2.93E-04,4.13E-04,7.16E-05,-1.88E-04,-7.82E-07,-1.60E-04,-1.03E-04,-2.32E-05,2.97E-04,-6.71E-06,1.66E-04,3.47E-04,-1.55E-04,-3.63E-04
2988,3.85E-04,2.78E-04,4.18E-04,2.06E-04,5.44E-04,6.19E-07,2.92E-04,4.08E-04,7.11E-05,-1.86E-04,6.15E-06,-1.67E-04,-1.09E-04,-2.36E-05,2.96E-04,-6.47E-06,1.67E-04,3.55E-04,-1.48E-04,-3.62E-04
2989,3.81E-04,2.78E-04,4.08E-04,2.04E-04,5.38E-04,5.38E-06,2.90E-04,4.04E-04,7.16E-05,-1.84E-04,1.41E-05,-1.74E-04,-1.13E-04,-2.36E-05,2.96E-04,-5.79E-06,1.67E-04,3.63E-04,-1.40E-04,-3.61E-04
2990,3.80E-04,2.77E-04,3.99E-04,2.02E-04,5.32E-04,1.03E-05,2.89E-04,3.99E-04,7.32E-05,-1.82E-04,2.20E-05,-1.80E-04,-1.15E-04,-2.33E-05,2.96E-04,-4.75E-06,1.67E-04,3.71E-04,-1.32E-04,-3.60E-04
2991,3.79E-04,2.75E-04,3.91E-04,2.00E-04,5.26E-04,1.53E-05,2.88E-04,3.95E-04,7.56E-05,-1.80E-04,2.87E-05,-1.86E-04,-1.15E-04,-2.28E-05,2.97E-04,-3.39E-06,1.66E-04,3.80E-04,-1.23E-04,-3.58E-04
2992,3.80E-04,2.72E-04,3.84E-04,1.98E-04,5.21E-04,2.05E-05,2.86E-04,3.91E-04,7.90E-05,-1.78E-04,3.32E-05,-1.91E-04,-1.15E-04,-2.21E-05,2.98E-04,-1.78E-06,1.64E-04,3.88E-04,-1.14E-04,-3.57E-04
2993,3.82E-04,2.68E-04,3.77E-04,1.96E-04,5.15E-04,2.60E-05,2.86E-04,3.88E-04,8.31E-05,-1.77E-04,3.46E-05,-1.94E-04,-1.13E-04,-2.13E-05,3.00E-04,5.30E-08,1.62E-04,3.96E-04,-1.05E-04,-3.55E-04
2994,3.85E-04,2.62E-04,3.72E-04,1.94E-04,5.10E-04,3.17E-05,2.85E-04,3.85E-04,8.80E-05,-1.75E-04,3.22E-05,-1.97E-04,-1.10E-04,-2.02E-05,3.02E-04,2.10E-06,1.60E-04,4.03E-04,-9.54E-05,-3.54E-04
2995,3.89E-04,2.55E-04,3.67E-04,1.93E-04,5.06E-04,3.78E-05,2.85E-04,3.82E-04,9.37E-05,-1.74E-04,2.55E-05,-1.99E-04,-1.07E-04,-1.87E-05,3.05E-04,4.36E-06,1.58E-04,4.10E-04,-8.59E-05,-3.52E-04
2996,3.93E-04,2.47E-04,3.64E-04,1.94E-04,5.02E-04,4.43E-05,2.86E-04,3.79E-04,1.00E-04,-1.73E-04,1.44E-05,-2.00E-04,-1.04E-04,-1.70E-05,3.09E-04,6.89E-06,1.57E-04,4.16E-04,-7.63E-05,-3.51E-04
2997,3.99E-04,2.38E-04,3.61E-04,1.95E-04,4.99E-04,5.14E-05,2.87E-04,3.77E-04,1.07E-04,-1.71E-04,-8.21E-07,-1.99E-04,-1.01E-04,-1.47E-05,3.13E-04,9.73E-06,1.57E-04,4.22E-04,-6.65E-05,-3.49E-04
2998,4.05E-04,2.28E-04,3.60E-04,1.97E-04,4.97E-04,5.91E-05,2.88E-04,3.76E-04,1.15E-04,-1.70E-04,-1.97E-05,-1.97E-04,-9.79E-05,-1.19E-05,3.19E-04,1.30E-05,1.58E-04,4.27E-04,-5.65E-05,-3.47E-04
2999,4.12E-04,2.18E-04,3.59E-04,2.01E-04,4.96E-04,6.75E-05,2.90E-04,3.75E-04,1.23E-04,-1.68E-04,-4.13E-05,-1.94E-04,-9.55E-05,-8.39E-06,3.25E-04,1.67E-05,1.61E-04,4.33E-04,-4.63E-05,-3.45E-04
3000,4.19E-04,2.08E-04,3.59E-04,2.06E-04,4.95E-04,7.67E-05,2.92E-04,3.76E-04,1.32E-04,-1.65E-04,-6.46E-05,-1.89E-04,-9.38E-05,-4.17E-06,3.33E-04,2.10E-05,1.66E-04,4.38E-04,-3.57E-05,-3.42E-04
3001,4.27E-04,1.98E-04,3.60E-04,2.13E-04,4.95E-04,8.68E-05,2.95E-04,3.79E-04,1.42E-04,-1.61E-04,-8.84E-05,-1.83E-04,-9.26E-05,8.50E-07,3.42E-04,2.59E-05,1.74E-04,4.44E-04,-2.46E-05,-3.39E-04
3002,4.36E-04,1.90E-04,3.62E-04,2.21E-04,4.95E-04,9.78E-05,2.98E-04,3.83E-04,1.52E-04,-1.56E-04,-1.11E-04,-1.77E-04,-9.19E-05,6.70E-06,3.52E-04,3.16E-05,1.83E-04,4.51E-04,-1.29E-05,-3.35E-04
3003,4.45E-04,1.82E-04,3.64E-04,2.31E-04,4.97E-04,1.10E-04,3.02E-04,3.88E-04,1.63E-04,-1.50E-04,-1.32E-04,-1.69E-04,-9.14E-05,1.34E-05,3.64E-04,3.81E-05,1.96E-04,4.58E-04,-6.19E-07,-3.30E-04
3004,4.55E-04,1.76E-04,3.67E-04,2.41E-04,4.99E-04,1.22E-04,3.06E-04,3.95E-04,1.74E-04,-1.42E-04,-1.49E-04,-1.61E-04,-9.09E-05,2.08E-05,3.76E-04,4.55E-05,2.10E-04,4.66E-04,1.24E-05,-3.24E-04
3005,4.65E-04,1.72E-04,3.70E-04,2.52E-04,5.01E-04,1.36E-04,3.11E-04,4.03E-04,1.87E-04,-1.33E-04,-1.62E-04,-1.52E-04,-9.02E-05,2.90E-05,3.90E-04,5.37E-05,2.27E-04,4.76E-04,2.62E-05,-3.18E-04
3006,4.75E-04,1.70E-04,3.73E-04,2.63E-04,5.04E-04,1.50E-04,3.16E-04,4.13E-04,1.99E-04,-1.22E-04,-1.70E-04,-1.42E-04,-8.86E-05,3.79E-05,4.04E-04,6.28E-05,2.46E-04,4.87E-04,4.08E-05,-3.10E-04
3007,4.86E-04,1.71E-04,3.77E-04,2.74E-04,5.08E-04,1.65E-04,3.22E-04,4.25E-04,2.13E-04,-1.10E-04,-1.71E-04,-1.32E-04,-8.60E-05,4.72E-05,4.20E-04,7.26E-05,2.66E-04,4.99E-04,5.61E-05,-3.01E-04
3008,4.97E-04,1.73E-04,3.81E-04,2.85E-04,5.12E-04,1.81E-04,3.28E-04,4.37E-04,2.26E-04,-9.74E-05,-1.68E-04,-1.21E-04,-8.18E-05,5.69E-05,4.36E-04,8.32E-05,2.88E-04,5.13E-04,7.20E-05,-2.92E-04
3009,5.08E-04,1.78E-04,3.85E-04,2.96E-04,5.17E-04,1.96E-04,3.35E-04,4.51E-04,2.41E-04,-8.32E-05,-1.58E-04,-1.10E-04,-7.57E-05,6.68E-05,4.53E-04,9.44E-05,3.11E-04,5.28E-04,8.86E-05,-2.82E-04
3010,5.19E-04,1.85E-04,3.89E-04,3.06E-04,5.22E-04,2.12E-04,3.43E-04,4.65E-04,2.55E-04,-6.83E-05,-1.43E-04,-9.92E-05,-6.73E-05,7.67E-05,4.69E-04,1.06E-04,3.34E-04,5.45E-04,1.05E-04,-2.71E-04
3011,5.31E-04,1.95E-04,3.93E-04,3.16E-04,5.28E-04,2.28E-04,3.52E-04,4.80E-04,2.70E-04,-5.29E-05,-1.24E-04,-8.75E-05,-5.64E-05,8.64E-05,4.86E-04,1.18E-04,3.57E-04,5.62E-04,1.23E-04,-2.60E-04
3012,5.43E-04,2.06E-04,3.98E-04,3.24E-04,5.35E-04,2.44E-04,3.62E-04,4.95E-04,2.86E-04,-3.73E-05,-1.01E-04,-7.55E-05,-4.26E-05,9.59E-05,5.04E-04,1.30E-04,3.80E-04,5.80E-04,1.40E-04,-2.48E-04
3013,5.55E-04,2.19E-04,4.03E-04,3.32E-04,5.42E-04,2.60E-04,3.73E-04,5.10E-04,3.01E-04,-2.18E-05,-7.58E-05,-6.29E-05,-2.60E-05,1.05E-04,5.20E-04,1.42E-04,4.02E-04,5.99E-04,1.57E-04,-2.37E-04
3014,5.67E-04,2.33E-04,4.09E-04,3.38E-04,5.50E-04,2.75E-04,3.85E-04,5.25E-04,3.17E-04,-6.58E-06,-4.87E-05,-4.98E-05,-6.51E-06,1.13E-04,5.37E-04,1.54E-04,4.24E-04,6.19E-04,1.74E-04,-2.25E-04
3015,5.80E-04,2.48E-04,4.16E-04,3.44E-04,5.59E-04,2.89E-04,3.99E-04,5.40E-04,3.32E-04,8.03E-06,-2.08E-05,-3.61E-05,1.58E-05,1.21E-04,5.53E-04,1.65E-04,4.45E-04,6.38E-04,1.91E-04,-2.15E-04
3016,5.93E-04,2.63E-04,4.23E-04,3.49E-04,5.68E-04,3.03E-04,4.13E-04,5.55E-04,3.47E-04,2.18E-05,7.10E-06,-2.17E-05,4.07E-05,1.28E-04,5.69E-04,1.76E-04,4.64E-04,6.57E-04,2.08E-04,-2.05E-04
3017,6.07E-04,2.79E-04,4.30E-04,3.54E-04,5.78E-04,3.16E-04,4.29E-04,5.69E-04,3.63E-04,3.47E-05,3.46E-05,-6.60E-06,6.78E-05,1.35E-04,5.85E-04,1.86E-04,4.83E-04,6.76E-04,2.23E-04,-1.95E-04
3018,6.21E-04,2.95E-04,4.39E-04,3.58E-04,5.88E-04,3.28E-04,4.46E-04,5.83E-04,3.77E-04,4.64E-05,6.14E-05,9.21E-06,9.69E-05,1.40E-04,6.00E-04,1.95E-04,5.01E-04,6.94E-04,2.38E-04,-1.87E-04
3019,6.35E-04,3.11E-04,4.48E-04,3.62E-04,5.99E-04,3.39E-04,4.64E-04,5.97E-04,3.92E-04,5.70E-05,8.75E-05,2.57E-05,1.27E-04,1.46E-04,6.15E-04,2.04E-04,5.18E-04,7.11E-04,2.53E-04,-1.80E-04
3020,6.50E-04,3.27E-04,4.58E-04,3.66E-04,6.10E-04,3.49E-04,4.82E-04,6.11E-04,4.06E-04,6.64E-05,1.13E-04,4.29E-05,1.59E-04,1.50E-04,6.29E-04,2.12E-04,5.35E-04,7.27E-04,2.66E-04,-1.73E-04
3021,6.65E-04,3.43E-04,4.69E-04,3.70E-04,6.21E-04,3.58E-04,5.02E-04,6.25E-04,4.19E-04,7.46E-05,1.39E-04,6.06E-05,1.91E-04,1.54E-04,6.43E-04,2.19E-04,5.51E-04,7.42E-04,2.79E-04,-1.68E-04
3022,6.80E-04,3.58E-04,4.80E-04,3.75E-04,6.32E-04,3.67E-04,5.21E-04,6.39E-04,4.31E-04,8.18E-05,1.65E-04,7.88E-05,2.23E-04,1.58E-04,6.57E-04,2.25E-04,5.68E-04,7.55E-04,2.92E-04,-1.64E-04
3023,6.96E-04,3.72E-04,4.91E-04,3.80E-04,6.42E-04,3.75E-04,5.41E-04,6.53E-04,4.43E-04,8.79E-05,1.92E-04,9.73E-05,2.54E-04,1.62E-04,6.70E-04,2.31E-04,5.85E-04,7.68E-04,3.04E-04,-1.61E-04
3024,7.11E-04,3.86E-04,5.03E-04,3.85E-04,6.52E-04,3.82E-04,5.61E-04,6.67E-04,4.54E-04,9.30E-05,2.21E-04,1.16E-04,2.84E-04,1.65E-04,6.83E-04,2.37E-04,6.02E-04,7.79E-04,3.15E-04,-1.58E-04
3025,7.26E-04,4.00E-04,5.15E-04,3.91E-04,6.61E-04,3.88E-04,5.81E-04,6.81E-04,4.65E-04,9.73E-05,2.52E-04,1.34E-04,3.13E-04,1.69E-04,6.96E-04,2.42E-04,6.20E-04,7.89E-04,3.26E-04,-1.57E-04
3026,7.40E-04,4.13E-04,5.27E-04,3.97E-04,6.70E-04,3.94E-04,5.99E-04,6.96E-04,4.74E-04,1.01E-04,2.85E-04,1.53E-04,3.39E-04,1.73E-04,7.09E-04,2.48E-04,6.38E-04,7.98E-04,3.36E-04,-1.56E-04
3027,7.54E-04,4.26E-04,5.38E-04,4.03E-04,6.77E-04,3.99E-04,6.17E-04,7.10E-04,4.83E-04,1.04E-04,3.22E-04,1.71E-04,3.64E-04,1.77E-04,7.22E-04,2.53E-04,6.57E-04,8.06E-04,3.46E-04,-1.55E-04
3028,7.68E-04,4.38E-04,5.50E-04,4.09E-04,6.84E-04,4.04E-04,6.33E-04,7.25E-04,4.90E-04,1.06E-04,3.60E-04,1.88E-04,3.86E-04,1.81E-04,7.34E-04,2.58E-04,6.77E-04,8.14E-04,3.55E-04,-1.55E-04
3029,7.81E-04,4.50E-04,5.60E-04,4.15E-04,6.89E-04,4.08E-04,6.48E-04,7.39E-04,4.97E-04,1.07E-04,4.00E-04,2.05E-04,4.06E-04,1.86E-04,7.46E-04,2.63E-04,6.97E-04,8.21E-04,3.64E-04,-1.55E-04
3030,7.93E-04,4.61E-04,5.71E-04,4.21E-04,6.93E-04,4.12E-04,6.60E-04,7.53E-04,5.03E-04,1.08E-04,4.42E-04,2.20E-04,4.24E-04,1.90E-04,7.57E-04,2.68E-04,7.16E-04,8.28E-04,3.73E-04,-1.55E-04
3031,8.05E-04,4.71E-04,5.81E-04,4.26E-04,6.97E-04,4.15E-04,6.71E-04,7.67E-04,5.08E-04,1.08E-04,4.83E-04,2.35E-04,4.39E-04,1.95E-04,7.68E-04,2.73E-04,7.36E-04,8.34E-04,3.81E-04,-1.56E-04
3032,8.16E-04,4.81E-04,5.90E-04,4.30E-04,6.99E-04,4.17E-04,6.80E-04,7.79E-04,5.12E-04,1.08E-04,5.23E-04,2.49E-04,4.52E-04,2.00E-04,7.79E-04,2.78E-04,7.55E-04,8.39E-04,3.89E-04,-1.57E-04
3033,8.26E-04,4.90E-04,5.98E-04,4.34E-04,7.01E-04,4.19E-04,6.87E-04,7.91E-04,5.14E-04,1.06E-04,5.60E-04,2.62E-04,4.64E-04,2.04E-04,7.88E-04,2.83E-04,7.73E-04,8.45E-04,3.96E-04,-1.59E-04
3034,8.36E-04,4.98E-04,6.05E-04,4.36E-04,7.02E-04,4.19E-04,6.92E-04,8.01E-04,5.16E-04,1.04E-04,5.93E-04,2.74E-04,4.73E-04,2.09E-04,7.97E-04,2.87E-04,7.89E-04,8.50E-04,4.03E-04,-1.61E-04
3035,8.45E-04,5.06E-04,6.12E-04,4.36E-04,7.02E-04,4.19E-04,6.95E-04,8.10E-04,5.17E-04,1.01E-04,6.21E-04,2.85E-04,4.81E-04,2.13E-04,8.05E-04,2.92E-04,8.04E-04,8.54E-04,4.08E-04,-1.64E-04
3036,8.54E-04,5.12E-04,6.18E-04,4.36E-04,7.02E-04,4.17E-04,6.97E-04,8.17E-04,5.17E-04,9.60E-05,6.43E-04,2.95E-04,4.88E-04,2.16E-04,8.12E-04,2.95E-04,8.18E-04,8.58E-04,4.13E-04,-1.68E-04
3037,8.61E-04,5.16E-04,6.22E-04,4.33E-04,7.01E-04,4.15E-04,6.97E-04,8.23E-04,5.16E-04,9.00E-05,6.58E-04,3.05E-04,4.94E-04,2.19E-04,8.17E-04,2.98E-04,8.29E-04,8.62E-04,4.17E-04,-1.73E-04
3038,8.68E-04,5.20E-04,6.26E-04,4.30E-04,7.00E-04,4.11E-04,6.96E-04,8.27E-04,5.14E-04,8.27E-05,6.65E-04,3.13E-04,5.00E-04,2.21E-04,8.21E-04,3.00E-04,8.38E-04,8.65E-04,4.19E-04,-1.79E-04
3039,8.73E-04,5.22E-04,6.29E-04,4.25E-04,6.98E-04,4.06E-04,6.94E-04,8.29E-04,5.11E-04,7.40E-05,6.66E-04,3.21E-04,5.05E-04,2.23E-04,8.24E-04,3.01E-04,8.44E-04,8.67E-04,4.21E-04,-1.86E-04
3040,8.77E-04,5.24E-04,6.31E-04,4.18E-04,6.95E-04,3.99E-04,6.91E-04,8.30E-04,5.06E-04,6.40E-05,6.59E-04,3.29E-04,5.11E-04,2.23E-04,8.26E-04,3.02E-04,8.49E-04,8.69E-04,4.21E-04,-1.95E-04
3041,8.79E-04,5.24E-04,6.31E-04,4.11E-04,6.92E-04,3.92E-04,6.89E-04,8.30E-04,5.01E-04,5.26E-05,6.46E-04,3.36E-04,5.17E-04,2.23E-04,8.26E-04,3.01E-04,8.51E-04,8.69E-04,4.20E-04,-2.04E-04
3042,8.79E-04,5.24E-04,6.31E-04,4.02E-04,6.87E-04,3.83E-04,6.87E-04,8.28E-04,4.94E-04,4.00E-05,6.28E-04,3.42E-04,5.23E-04,2.22E-04,8.24E-04,2.99E-04,8.52E-04,8.69E-04,4.18E-04,-2.15E-04
3043,8.76E-04,5.23E-04,6.29E-04,3.94E-04,6.82E-04,3.73E-04,6.85E-04,8.25E-04,4.87E-04,2.63E-05,6.07E-04,3.49E-04,5.30E-04,2.21E-04,8.22E-04,2.97E-04,8.51E-04,8.69E-04,4.15E-04,-2.27E-04
3044,8.70E-04,5.22E-04,6.26E-04,3.84E-04,6.75E-04,3.62E-04,6.84E-04,8.22E-04,4.78E-04,1.17E-05,5.84E-04,3.55E-04,5.38E-04,2.18E-04,8.18E-04,2.93E-04,8.50E-04,8.67E-04,4.11E-04,-2.40E-04
3045,8.61E-04,5.21E-04,6.22E-04,3.75E-04,6.67E-04,3.50E-04,6.84E-04,8.18E-04,4.69E-04,-3.47E-06,5.60E-04,3.61E-04,5.46E-04,2.16E-04,8.13E-04,2.90E-04,8.47E-04,8.65E-04,4.07E-04,-2.54E-04
3046,8.49E-04,5.20E-04,6.18E-04,3.66E-04,6.57E-04,3.38E-04,6.85E-04,8.13E-04,4.59E-04,-1.91E-05,5.39E-04,3.66E-04,5.55E-04,2.13E-04,8.07E-04,2.86E-04,8.44E-04,8.63E-04,4.01E-04,-2.68E-04
3047,8.33E-04,5.20E-04,6.13E-04,3.57E-04,6.46E-04,3.26E-04,6.86E-04,8.08E-04,4.48E-04,-3.47E-05,5.20E-04,3.72E-04,5.64E-04,2.10E-04,8.00E-04,2.82E-04,8.41E-04,8.60E-04,3.95E-04,-2.83E-04
3048,8.14E-04,5.20E-04,6.07E-04,3.49E-04,6.34E-04,3.14E-04,6.89E-04,8.03E-04,4.36E-04,-5.02E-05,5.05E-04,3.77E-04,5.74E-04,2.08E-04,7.93E-04,2.78E-04,8.39E-04,8.57E-04,3.89E-04,-2.97E-04
3049,7.92E-04,5.21E-04,6.00E-04,3.42E-04,6.21E-04,3.03E-04,6.93E-04,7.98E-04,4.24E-04,-6.52E-05,4.96E-04,3.83E-04,5.84E-04,2.06E-04,7.85E-04,2.74E-04,8.37E-04,8.54E-04,3.83E-04,-3.10E-04
3050,7.67E-04,5.23E-04,5.94E-04,3.36E-04,6.06E-04,2.92E-04,6.97E-04,7.92E-04,4.12E-04,-7.94E-05,4.93E-04,3.88E-04,5.93E-04,2.04E-04,7.77E-04,2.71E-04,8.36E-04,8.51E-04,3.77E-04,-3.23E-04
3051,7.39E-04,5.27E-04,5.88E-04,3.32E-04,5.90E-04,2.83E-04,7.02E-04,7.87E-04,3.99E-04,-9.25E-05,4.95E-04,3.93E-04,6.03E-04,2.04E-04,7.69E-04,2.69E-04,8.36E-04,8.48E-04,3.71E-04,-3.35E-04
3052,7.10E-04,5.31E-04,5.82E-04,3.29E-04,5.75E-04,2.75E-04,7.06E-04,7.81E-04,3.87E-04,-1.04E-04,5.03E-04,3.97E-04,6.12E-04,2.04E-04,7.61E-04,2.68E-04,8.37E-04,8.46E-04,3.65E-04,-3.46E-04
3053,6.79E-04,5.36E-04,5.77E-04,3.27E-04,5.58E-04,2.68E-04,7.11E-04,7.76E-04,3.74E-04,-1.15E-04,5.15E-04,4.02E-04,6.21E-04,2.04E-04,7.53E-04,2.68E-04,8.39E-04,8.44E-04,3.60E-04,-3.55E-04
3054,6.48E-04,5.41E-04,5.72E-04,3.27E-04,5.43E-04,2.63E-04,7.15E-04,7.70E-04,3.62E-04,-1.24E-04,5.31E-04,4.07E-04,6.29E-04,2.06E-04,7.45E-04,2.69E-04,8.42E-04,8.43E-04,3.55E-04,-3.62E-04
3055,6.16E-04,5.47E-04,5.69E-04,3.28E-04,5.27E-04,2.59E-04,7.18E-04,7.63E-04,3.50E-04,-1.31E-04,5.50E-04,4.11E-04,6.36E-04,2.09E-04,7.38E-04,2.72E-04,8.46E-04,8.42E-04,3.50E-04,-3.68E-04
3056,5.86E-04,5.54E-04,5.67E-04,3.30E-04,5.13E-04,2.58E-04,7.20E-04,7.57E-04,3.38E-04,-1.37E-04,5.68E-04,4.15E-04,6.42E-04,2.12E-04,7.31E-04,2.75E-04,8.50E-04,8.41E-04,3.45E-04,-3.72E-04
3057,5.57E-04,5.60E-04,5.65E-04,3.34E-04,5.00E-04,2.57E-04,7.20E-04,7.49E-04,3.27E-04,-1.40E-04,5.86E-04,4.19E-04,6.48E-04,2.16E-04,7.24E-04,2.79E-04,8.54E-04,8.41E-04,3.41E-04,-3.75E-04
3058,5.30E-04,5.65E-04,5.65E-04,3.37E-04,4.88E-04,2.59E-04,7.20E-04,7.42E-04,3.17E-04,-1.43E-04,6.01E-04,4.22E-04,6.52E-04,2.20E-04,7.18E-04,2.84E-04,8.57E-04,8.41E-04,3.37E-04,-3.76E-04
3059,5.06E-04,5.70E-04,5.66E-04,3.42E-04,4.78E-04,2.62E-04,7.18E-04,7.33E-04,3.07E-04,-1.44E-04,6.13E-04,4.25E-04,6.55E-04,2.25E-04,7.12E-04,2.90E-04,8.61E-04,8.41E-04,3.33E-04,-3.76E-04
3060,4.84E-04,5.75E-04,5.67E-04,3.46E-04,4.69E-04,2.66E-04,7.15E-04,7.25E-04,2.97E-04,-1.43E-04,6.19E-04,4.28E-04,6.58E-04,2.30E-04,7.06E-04,2.96E-04,8.63E-04,8.41E-04,3.29E-04,-3.74E-04
3061,4.65E-04,5.78E-04,5.69E-04,3.51E-04,4.62E-04,2.70E-04,7.10E-04,7.15E-04,2.88E-04,-1.41E-04,6.21E-04,4.31E-04,6.59E-04,2.34E-04,7.00E-04,3.02E-04,8.64E-04,8.41E-04,3.25E-04,-3.72E-04
3062,4.49E-04,5.80E-04,5.71E-04,3.55E-04,4.56E-04,2.76E-04,7.05E-04,7.06E-04,2.79E-04,-1.39E-04,6.16E-04,4.33E-04,6.59E-04,2.39E-04,6.94E-04,3.08E-04,8.63E-04,8.40E-04,3.21E-04,-3.69E-04
3063,4.36E-04,5.82E-04,5.73E-04,3.59E-04,4.51E-04,2.82E-04,6.99E-04,6.96E-04,2.70E-04,-1.35E-04,6.06E-04,4.35E-04,6.59E-04,2.43E-04,6.88E-04,3.14E-04,8.61E-04,8.39E-04,3.17E-04,-3.66E-04
3064,4.25E-04,5.83E-04,5.74E-04,3.62E-04,4.46E-04,2.88E-04,6.93E-04,6.86E-04,2.62E-04,-1.30E-04,5.90E-04,4.37E-04,6.57E-04,2.47E-04,6.83E-04,3.19E-04,8.58E-04,8.37E-04,3.12E-04,-3.62E-04
3065,4.16E-04,5.83E-04,5.74E-04,3.64E-04,4.42E-04,2.95E-04,6.87E-04,6.76E-04,2.54E-04,-1.25E-04,5.71E-04,4.39E-04,6.55E-04,2.51E-04,6.77E-04,3.25E-04,8.53E-04,8.34E-04,3.08E-04,-3.58E-04
3066,4.08E-04,5.82E-04,5.73E-04,3.66E-04,4.38E-04,3.01E-04,6.82E-04,6.66E-04,2.47E-04,-1.20E-04,5.47E-04,4.40E-04,6.52E-04,2.54E-04,6.72E-04,3.29E-04,8.46E-04,8.31E-04,3.03E-04,-3.55E-04
3067,4.01E-04,5.82E-04,5.71E-04,3.68E-04,4.33E-04,3.07E-04,6.78E-04,6.57E-04,2.39E-04,-1.14E-04,5.22E-04,4.41E-04,6.49E-04,2.57E-04,6.66E-04,3.34E-04,8.39E-04,8.28E-04,2.98E-04,-3.51E-04
3068,3.95E-04,5.82E-04,5.67E-04,3.68E-04,4.27E-04,3.13E-04,6.74E-04,6.49E-04,2.32E-04,-1.07E-04,4.96E-04,4.42E-04,6.46E-04,2.60E-04,6.61E-04,3.38E-04,8.30E-04,8.24E-04,2.93E-04,-3.47E-04
3069,3.89E-04,5.82E-04,5.62E-04,3.68E-04,4.20E-04,3.19E-04,6.72E-04,6.41E-04,2.26E-04,-9.95E-05,4.71E-04,4.43E-04,6.42E-04,2.62E-04,6.57E-04,3.41E-04,8.21E-04,8.20E-04,2.89E-04,-3.43E-04
3070,3.83E-04,5.84E-04,5.55E-04,3.68E-04,4.13E-04,3.25E-04,6.72E-04,6.35E-04,2.20E-04,-9.14E-05,4.47E-04,4.43E-04,6.38E-04,2.65E-04,6.52E-04,3.45E-04,8.12E-04,8.15E-04,2.85E-04,-3.38E-04
3071,3.76E-04,5.86E-04,5.47E-04,3.69E-04,4.04E-04,3.32E-04,6.74E-04,6.29E-04,2.14E-04,-8.25E-05,4.26E-04,4.44E-04,6.35E-04,2.68E-04,6.49E-04,3.50E-04,8.03E-04,8.11E-04,2.81E-04,-3.33E-04
3072,3.70E-04,5.90E-04,5.39E-04,3.69E-04,3.94E-04,3.38E-04,6.77E-04,6.26E-04,2.10E-04,-7.26E-05,4.10E-04,4.45E-04,6.31E-04,2.71E-04,6.47E-04,3.54E-04,7.95E-04,8.07E-04,2.79E-04,-3.28E-04
3073,3.63E-04,5.96E-04,5.30E-04,3.70E-04,3.83E-04,3.46E-04,6.81E-04,6.24E-04,2.06E-04,-6.15E-05,3.97E-04,4.47E-04,6.28E-04,2.76E-04,6.46E-04,3.60E-04,7.88E-04,8.04E-04,2.77E-04,-3.21E-04
3074,3.57E-04,6.04E-04,5.21E-04,3.73E-04,3.72E-04,3.54E-04,6.87E-04,6.23E-04,2.04E-04,-4.92E-05,3.89E-04,4.49E-04,6.25E-04,2.81E-04,6.46E-04,3.66E-04,7.83E-04,8.02E-04,2.77E-04,-3.14E-04
3075,3.52E-04,6.13E-04,5.12E-04,3.76E-04,3.61E-04,3.64E-04,6.95E-04,6.25E-04,2.03E-04,-3.53E-05,3.85E-04,4.51E-04,6.22E-04,2.86E-04,6.47E-04,3.74E-04,7.79E-04,8.01E-04,2.78E-04,-3.05E-04
3076,3.48E-04,6.24E-04,5.05E-04,3.81E-04,3.51E-04,3.75E-04,7.03E-04,6.28E-04,2.04E-04,-1.99E-05,3.86E-04,4.53E-04,6.20E-04,2.94E-04,6.50E-04,3.82E-04,7.76E-04,8.01E-04,2.81E-04,-2.95E-04
3077,3.47E-04,6.37E-04,5.00E-04,3.87E-04,3.41E-04,3.88E-04,7.11E-04,6.33E-04,2.06E-04,-2.91E-06,3.90E-04,4.57E-04,6.19E-04,3.02E-04,6.54E-04,3.92E-04,7.76E-04,8.02E-04,2.85E-04,-2.83E-04
3078,3.48E-04,6.51E-04,4.96E-04,3.95E-04,3.34E-04,4.02E-04,7.20E-04,6.39E-04,2.10E-04,1.58E-05,3.97E-04,4.61E-04,6.19E-04,3.11E-04,6.60E-04,4.04E-04,7.78E-04,8.05E-04,2.92E-04,-2.70E-04
3079,3.52E-04,6.67E-04,4.95E-04,4.05E-04,3.29E-04,4.19E-04,7.28E-04,6.47E-04,2.16E-04,3.61E-05,4.05E-04,4.66E-04,6.19E-04,3.22E-04,6.67E-04,4.16E-04,7.81E-04,8.10E-04,2.99E-04,-2.54E-04
3080,3.60E-04,6.84E-04,4.96E-04,4.16E-04,3.27E-04,4.37E-04,7.36E-04,6.57E-04,2.24E-04,5.79E-05,4.15E-04,4.71E-04,6.21E-04,3.33E-04,6.76E-04,4.30E-04,7.87E-04,8.15E-04,3.09E-04,-2.38E-04
3081,3.72E-04,7.01E-04,5.00E-04,4.29E-04,3.27E-04,4.57E-04,7.44E-04,6.69E-04,2.34E-04,8.11E-05,4.26E-04,4.78E-04,6.23E-04,3.45E-04,6.85E-04,4.45E-04,7.93E-04,8.22E-04,3.20E-04,-2.20E-04
3082,3.88E-04,7.19E-04,5.08E-04,4.43E-04,3.31E-04,4.78E-04,7.50E-04,6.82E-04,2.45E-04,1.05E-04,4.36E-04,4.85E-04,6.27E-04,3.58E-04,6.95E-04,4.61E-04,8.01E-04,8.30E-04,3.32E-04,-2.01E-04
3083,4.08E-04,7.37E-04,5.18E-04,4.58E-04,3.37E-04,5.01E-04,7.56E-04,6.95E-04,2.58E-04,1.30E-04,4.45E-04,4.93E-04,6.31E-04,3.72E-04,7.06E-04,4.77E-04,8.10E-04,8.39E-04,3.46E-04,-1.81E-04
3084,4.32E-04,7.56E-04,5.30E-04,4.74E-04,3.47E-04,5.24E-04,7.61E-04,7.10E-04,2.72E-04,1.56E-04,4.54E-04,5.02E-04,6.36E-04,3.85E-04,7.18E-04,4.93E-04,8.19E-04,8.49E-04,3.61E-04,-1.60E-04
3085,4.58E-04,7.74E-04,5.45E-04,4.90E-04,3.59E-04,5.48E-04,7.65E-04,7.26E-04,2.87E-04,1.81E-04,4.61E-04,5.12E-04,6.42E-04,3.99E-04,7.29E-04,5.10E-04,8.28E-04,8.59E-04,3.76E-04,-1.39E-04
3086,4.86E-04,7.91E-04,5.61E-04,5.05E-04,3.74E-04,5.72E-04,7.69E-04,7.42E-04,3.03E-04,2.07E-04,4.68E-04,5.22E-04,6.49E-04,4.12E-04,7.40E-04,5.25E-04,8.37E-04,8.69E-04,3.92E-04,-1.19E-04
3087,5.15E-04,8.09E-04,5.78E-04,5.21E-04,3.90E-04,5.96E-04,7.72E-04,7.58E-04,3.20E-04,2.31E-04,4.74E-04,5.33E-04,6.56E-04,4.25E-04,7.51E-04,5.40E-04,8.45E-04,8.79E-04,4.08E-04,-9.86E-05
3088,5.44E-04,8.25E-04,5.96E-04,5.36E-04,4.06E-04,6.19E-04,7.76E-04,7.75E-04,3.36E-04,2.55E-04,4.81E-04,5.44E-04,6.64E-04,4.38E-04,7.61E-04,5.54E-04,8.53E-04,8.89E-04,4.24E-04,-7.93E-05
3089,5.73E-04,8.41E-04,6.15E-04,5.49E-04,4.23E-04,6.40E-04,7.79E-04,7.91E-04,3.53E-04,2.78E-04,4.87E-04,5.55E-04,6.72E-04,4.49E-04,7.71E-04,5.67E-04,8.60E-04,8.97E-04,4.40E-04,-6.12E-05
3090,5.99E-04,8.56E-04,6.32E-04,5.61E-04,4.39E-04,6.60E-04,7.83E-04,8.06E-04,3.68E-04,2.98E-04,4.95E-04,5.67E-04,6.80E-04,4.60E-04,7.79E-04,5.78E-04,8.66E-04,9.05E-04,4.55E-04,-4.45E-05
3091,6.23E-04,8.70E-04,6.49E-04,5.72E-04,4.54E-04,6.78E-04,7.87E-04,8.21E-04,3.83E-04,3.17E-04,5.04E-04,5.78E-04,6.89E-04,4.70E-04,7.87E-04,5.88E-04,8.70E-04,9.12E-04,4.69E-04,-2.94E-05
3092,6.42E-04,8.84E-04,6.64E-04,5.81E-04,4.66E-04,6.94E-04,7.93E-04,8.35E-04,3.96E-04,3.34E-04,5.15E-04,5.89E-04,6.97E-04,4.78E-04,7.94E-04,5.95E-04,8.74E-04,9.17E-04,4.83E-04,-1.61E-05
3093,6.58E-04,8.96E-04,6.78E-04,5.88E-04,4.77E-04,7.07E-04,7.99E-04,8.48E-04,4.08E-04,3.49E-04,5.28E-04,6.00E-04,7.06E-04,4.86E-04,8.00E-04,6.02E-04,8.77E-04,9.21E-04,4.96E-04,-4.68E-06
3094,6.69E-04,9.08E-04,6.90E-04,5.93E-04,4.84E-04,7.18E-04,8.07E-04,8.59E-04,4.19E-04,3.62E-04,5.43E-04,6.10E-04,7.14E-04,4.93E-04,8.05E-04,6.06E-04,8.79E-04,9.24E-04,5.08E-04,4.88E-06
3095,6.76E-04,9.19E-04,7.00E-04,5.97E-04,4.89E-04,7.26E-04,8.15E-04,8.69E-04,4.28E-04,3.73E-04,5.60E-04,6.19E-04,7.22E-04,5.00E-04,8.09E-04,6.09E-04,8.80E-04,9.25E-04,5.19E-04,1.26E-05
3096,6.78E-04,9.30E-04,7.08E-04,5.99E-04,4.91E-04,7.31E-04,8.25E-04,8.78E-04,4.36E-04,3.83E-04,5.79E-04,6.26E-04,7.30E-04,5.05E-04,8.13E-04,6.11E-04,8.80E-04,9.25E-04,5.29E-04,1.86E-05
3097,6.76E-04,9.39E-04,7.14E-04,6.00E-04,4.89E-04,7.34E-04,8.35E-04,8.85E-04,4.42E-04,3.90E-04,5.98E-04,6.33E-04,7.39E-04,5.10E-04,8.15E-04,6.11E-04,8.80E-04,9.24E-04,5.38E-04,2.29E-05
3098,6.71E-04,9.47E-04,7.18E-04,5.99E-04,4.86E-04,7.35E-04,8.46E-04,8.90E-04,4.46E-04,3.96E-04,6.18E-04,6.38E-04,7.47E-04,5.15E-04,8.18E-04,6.11E-04,8.80E-04,9.22E-04,5.46E-04,2.58E-05
3099,6.64E-04,9.54E-04,7.21E-04,5.97E-04,4.80E-04,7.34E-04,8.57E-04,8.94E-04,4.50E-04,4.01E-04,6.38E-04,6.42E-04,7.55E-04,5.19E-04,8.19E-04,6.09E-04,8.79E-04,9.18E-04,5.53E-04,2.74E-05
3100,6.55E-04,9.60E-04,7.23E-04,5.94E-04,4.73E-04,7.31E-04,8.68E-04,8.97E-04,4.52E-04,4.05E-04,6.57E-04,6.44E-04,7.63E-04,5.22E-04,8.20E-04,6.07E-04,8.79E-04,9.14E-04,5.59E-04,2.79E-05
3101,6.45E-04,9.65E-04,7.23E-04,5.90E-04,4.64E-04,7.27E-04,8.79E-04,8.99E-04,4.53E-04,4.08E-04,6.74E-04,6.45E-04,7.71E-04,5.25E-04,8.21E-04,6.04E-04,8.78E-04,9.09E-04,5.65E-04,2.74E-05
3102,6.35E-04,9.68E-04,7.23E-04,5.85E-04,4.55E-04,7.21E-04,8.90E-04,9.00E-04,4.53E-04,4.11E-04,6.89E-04,6.44E-04,7.78E-04,5.28E-04,8.21E-04,6.01E-04,8.77E-04,9.04E-04,5.69E-04,2.61E-05
3103,6.26E-04,9.69E-04,7.21E-04,5.80E-04,4.46E-04,7.14E-04,8.99E-04,9.00E-04,4.52E-04,4.12E-04,7.01E-04,6.42E-04,7.86E-04,5.30E-04,8.20E-04,5.97E-04,8.76E-04,8.98E-04,5.73E-04,2.42E-05
3104,6.18E-04,9.69E-04,7.19E-04,5.73E-04,4.37E-04,7.05E-04,9.07E-04,8.99E-04,4.50E-04,4.13E-04,7.10E-04,6.39E-04,7.93E-04,5.32E-04,8.19E-04,5.94E-04,8.75E-04,8.91E-04,5.76E-04,2.16E-05
3105,6.11E-04,9.68E-04,7.17E-04,5.66E-04,4.28E-04,6.96E-04,9.14E-04,8.98E-04,4.48E-04,4.13E-04,7.15E-04,6.35E-04,8.00E-04,5.33E-04,8.16E-04,5.90E-04,8.73E-04,8.85E-04,5.79E-04,1.85E-05
3106,6.07E-04,9.65E-04,7.14E-04,5.58E-04,4.20E-04,6.86E-04,9.19E-04,8.97E-04,4.46E-04,4.12E-04,7.18E-04,6.31E-04,8.07E-04,5.33E-04,8.13E-04,5.86E-04,8.70E-04,8.78E-04,5.80E-04,1.49E-05
3107,6.03E-04,9.60E-04,7.11E-04,5.48E-04,4.12E-04,6.74E-04,9.22E-04,8.96E-04,4.43E-04,4.10E-04,7.17E-04,6.26E-04,8.12E-04,5.32E-04,8.08E-04,5.81E-04,8.67E-04,8.71E-04,5.81E-04,1.08E-05
3108,6.01E-04,9.54E-04,7.06E-04,5.37E-04,4.05E-04,6.62E-04,9.23E-04,8.94E-04,4.39E-04,4.07E-04,7.13E-04,6.20E-04,8.17E-04,5.30E-04,8.03E-04,5.77E-04,8.63E-04,8.64E-04,5.82E-04,6.10E-06
3109,5.99E-04,9.46E-04,7.01E-04,5.25E-04,3.99E-04,6.49E-04,9.22E-04,8.93E-04,4.34E-04,4.02E-04,7.07E-04,6.15E-04,8.21E-04,5.27E-04,7.96E-04,5.72E-04,8.58E-04,8.56E-04,5.81E-04,8.05E-07
3110,5.97E-04,9.37E-04,6.95E-04,5.12E-04,3.92E-04,6.34E-04,9.19E-04,8.91E-04,4.29E-04,3.96E-04,6.98E-04,6.10E-04,8.23E-04,5.23E-04,7.87E-04,5.67E-04,8.52E-04,8.48E-04,5.79E-04,-5.15E-06
3111,5.94E-04,9.27E-04,6.88E-04,4.97E-04,3.85E-04,6.18E-04,9.14E-04,8.90E-04,4.23E-04,3.88E-04,6.89E-04,6.05E-04,8.24E-04,5.17E-04,7.77E-04,5.61E-04,8.44E-04,8.40E-04,5.77E-04,-1.18E-05
3112,5.90E-04,9.16E-04,6.79E-04,4.80E-04,3.78E-04,6.01E-04,9.07E-04,8.88E-04,4.17E-04,3.78E-04,6.78E-04,6.01E-04,8.23E-04,5.10E-04,7.66E-04,5.54E-04,8.36E-04,8.31E-04,5.73E-04,-1.92E-05
3113,5.82E-04,9.04E-04,6.69E-04,4.62E-04,3.69E-04,5.82E-04,8.98E-04,8.85E-04,4.09E-04,3.67E-04,6.66E-04,5.97E-04,8.21E-04,5.01E-04,7.53E-04,5.47E-04,8.25E-04,8.22E-04,5.69E-04,-2.73E-05
3114,5.72E-04,8.91E-04,6.57E-04,4.43E-04,3.60E-04,5.62E-04,8.87E-04,8.82E-04,4.00E-04,3.53E-04,6.54E-04,5.94E-04,8.18E-04,4.91E-04,7.39E-04,5.39E-04,8.14E-04,8.11E-04,5.64E-04,-3.62E-05
3115,5.57E-04,8.77E-04,6.44E-04,4.22E-04,3.48E-04,5.41E-04,8.75E-04,8.77E-04,3.90E-04,3.37E-04,6.41E-04,5.91E-04,8.13E-04,4.80E-04,7.23E-04,5.30E-04,8.02E-04,8.00E-04,5.57E-04,-4.57E-05
3116,5.38E-04,8.62E-04,6.29E-04,3.99E-04,3.35E-04,5.18E-04,8.62E-04,8.72E-04,3.79E-04,3.20E-04,6.28E-04,5.89E-04,8.07E-04,4.67E-04,7.06E-04,5.21E-04,7.88E-04,7.88E-04,5.50E-04,-5.58E-05
3117,5.14E-04,8.47E-04,6.13E-04,3.76E-04,3.20E-04,4.94E-04,8.47E-04,8.65E-04,3.67E-04,3.01E-04,6.14E-04,5.87E-04,8.00E-04,4.53E-04,6.89E-04,5.10E-04,7.74E-04,7.75E-04,5.41E-04,-6.64E-05
3118,4.86E-04,8.32E-04,5.96E-04,3.51E-04,3.03E-04,4.69E-04,8.31E-04,8.57E-04,3.53E-04,2.80E-04,6.00E-04,5.85E-04,7.91E-04,4.39E-04,6.70E-04,4.99E-04,7.59E-04,7.61E-04,5.32E-04,-7.73E-05
3119,4.54E-04,8.16E-04,5.77E-04,3.26E-04,2.85E-04,4.43E-04,8.14E-04,8.47E-04,3.39E-04,2.58E-04,5.84E-04,5.83E-04,7.82E-04,4.23E-04,6.51E-04,4.87E-04,7.43E-04,7.46E-04,5.22E-04,-8.84E-05
3120,4.18E-04,7.99E-04,5.58E-04,3.00E-04,2.65E-04,4.17E-04,7.96E-04,8.35E-04,3.24E-04,2.36E-04,5.66E-04,5.81E-04,7.73E-04,4.07E-04,6.32E-04,4.74E-04,7.27E-04,7.30E-04,5.12E-04,-9.94E-05
3121,3.79E-04,7.82E-04,5.38E-04,2.74E-04,2.43E-04,3.90E-04,7.77E-04,8.22E-04,3.09E-04,2.14E-04,5.46E-04,5.77E-04,7.64E-04,3.90E-04,6.12E-04,4.61E-04,7.10E-04,7.13E-04,5.00E-04,-1.10E-04
3122,3.37E-04,7.65E-04,5.18E-04,2.48E-04,2.21E-04,3.63E-04,7.58E-04,8.07E-04,2.93E-04,1.91E-04,5.24E-04,5.72E-04,7.54E-04,3.73E-04,5.92E-04,4.47E-04,6.94E-04,6.95E-04,4.89E-04,-1.21E-04
3123,2.94E-04,7.48E-04,4.98E-04,2.23E-04,1.98E-04,3.36E-04,7.38E-04,7.90E-04,2.76E-04,1.69E-04,5.00E-04,5.66E-04,7.45E-04,3.55E-04,5.71E-04,4.32E-04,6.77E-04,6.76E-04,4.77E-04,-1.30E-04
3124,2.50E-04,7.29E-04,4.78E-04,1.97E-04,1.74E-04,3.10E-04,7.19E-04,7.71E-04,2.60E-04,1.48E-04,4.72E-04,5.59E-04,7.36E-04,3.37E-04,5.51E-04,4.17E-04,6.59E-04,6.56E-04,4.65E-04,-1.39E-04
3125,2.07E-04,7.11E-04,4.59E-04,1.72E-04,1.50E-04,2.84E-04,6.99E-04,7.51E-04,2.44E-04,1.27E-04,4.42E-04,5.50E-04,7.27E-04,3.19E-04,5.30E-04,4.02E-04,6.42E-04,6.36E-04,4.52E-04,-1.47E-04
3126,1.64E-04,6.92E-04,4.39E-04,1.47E-04,1.27E-04,2.58E-04,6.79E-04,7.30E-04,2.27E-04,1.08E-04,4.09E-04,5.39E-04,7.18E-04,3.01E-04,5.10E-04,3.87E-04,6.24E-04,6.15E-04,4.40E-04,-1.54E-04
3127,1.23E-04,6.72E-04,4.20E-04,1.22E-04,1.04E-04,2.34E-04,6.59E-04,7.08E-04,2.11E-04,9.01E-05,3.74E-04,5.26E-04,7.09E-04,2.82E-04,4.89E-04,3.71E-04,6.05E-04,5.94E-04,4.28E-04,-1.60E-04
3128,8.47E-05,6.52E-04,4.02E-04,9.81E-05,8.18E-05,2.10E-04,6.39E-04,6.85E-04,1.96E-04,7.33E-05,3.37E-04,5.11E-04,6.99E-04,2.64E-04,4.69E-04,3.55E-04,5.86E-04,5.73E-04,4.15E-04,-1.65E-04
3129,4.83E-05,6.32E-04,3.83E-04,7.44E-05,6.00E-05,1.87E-04,6.20E-04,6.62E-04,1.81E-04,5.78E-05,2.99E-04,4.94E-04,6.89E-04,2.45E-04,4.49E-04,3.39E-04,5.66E-04,5.53E-04,4.03E-04,-1.69E-04
3130,1.44E-05,6.11E-04,3.65E-04,5.11E-05,3.87E-05,1.65E-04,6.00E-04,6.39E-04,1.66E-04,4.33E-05,2.60E-04,4.76E-04,6.79E-04,2.25E-04,4.28E-04,3.22E-04,5.45E-04,5.32E-04,3.91E-04,-1.72E-04
3131,-1.69E-05,5.89E-04,3.47E-04,2.81E-05,1.80E-05,1.43E-04,5.81E-04,6.15E-04,1.52E-04,2.97E-05,2.22E-04,4.56E-04,6.67E-04,2.05E-04,4.07E-04,3.05E-04,5.23E-04,5.11E-04,3.78E-04,-1.74E-04
3132,-4.60E-05,5.67E-04,3.28E-04,5.26E-06,-2.28E-06,1.22E-04,5.61E-04,5.91E-04,1.38E-04,1.68E-05,1.84E-04,4.35E-04,6.53E-04,1.85E-04,3.87E-04,2.88E-04,4.99E-04,4.91E-04,3.66E-04,-1.75E-04
3133,-7.32E-05,5.45E-04,3.10E-04,-1.74E-05,-2.23E-05,1.01E-04,5.41E-04,5.68E-04,1.24E-04,4.24E-06,1.49E-04,4.13E-04,6.38E-04,1.64E-04,3.66E-04,2.70E-04,4.75E-04,4.71E-04,3.54E-04,-1.76E-04
3134,-9.90E-05,5.22E-04,2.91E-04,-4.00E-05,-4.22E-05,8.12E-05,5.20E-04,5.44E-04,1.11E-04,-8.09E-06,1.16E-04,3.90E-04,6.21E-04,1.43E-04,3.45E-04,2.52E-04,4.49E-04,4.52E-04,3.42E-04,-1.76E-04
3135,-1.24E-04,4.98E-04,2.71E-04,-6.25E-05,-6.21E-05,6.12E-05,4.99E-04,5.20E-04,9.77E-05,-2.04E-05,8.53E-05,3.66E-04,6.03E-04,1.21E-04,3.25E-04,2.33E-04,4.22E-04,4.33E-04,3.30E-04,-1.75E-04
3136,-1.48E-04,4.74E-04,2.51E-04,-8.49E-05,-8.20E-05,4.13E-05,4.76E-04,4.97E-04,8.44E-05,-3.30E-05,5.84E-05,3.42E-04,5.82E-04,9.92E-05,3.04E-04,2.13E-04,3.94E-04,4.15E-04,3.17E-04,-1.74E-04
3137,-1.73E-04,4.49E-04,2.30E-04,-1.07E-04,-1.02E-04,2.14E-05,4.52E-04,4.73E-04,7.10E-05,-4.59E-05,3.51E-05,3.17E-04,5.59E-04,7.66E-05,2.84E-04,1.93E-04,3.65E-04,3.97E-04,3.05E-04,-1.74E-04
3138,-1.99E-04,4.23E-04,2.09E-04,-1.29E-04,-1.22E-04,1.56E-06,4.27E-04,4.50E-04,5.76E-05,-5.91E-05,1.55E-05,2.93E-04,5.35E-04,5.37E-05,2.63E-04,1.73E-04,3.36E-04,3.80E-04,2.93E-04,-1.72E-04
3139,-2.25E-04,3.97E-04,1.87E-04,-1.51E-04,-1.42E-04,-1.83E-05,4.00E-04,4.26E-04,4.40E-05,-7.26E-05,-7.14E-07,2.69E-04,5.09E-04,3.06E-05,2.44E-04,1.52E-04,3.06E-04,3.63E-04,2.81E-04,-1.71E-04
3140,-2.52E-04,3.71E-04,1.65E-04,-1.72E-04,-1.62E-04,-3.80E-05,3.72E-04,4.02E-04,3.04E-05,-8.64E-05,-1.36E-05,2.46E-04,4.83E-04,7.39E-06,2.24E-04,1.31E-04,2.76E-04,3.47E-04,2.68E-04,-1.70E-04
3141,-2.81E-04,3.43E-04,1.43E-04,-1.93E-04,-1.82E-04,-5.75E-05,3.41E-04,3.78E-04,1.68E-05,-1.00E-04,-2.37E-05,2.23E-04,4.56E-04,-1.57E-05,2.06E-04,1.09E-04,2.46E-04,3.30E-04,2.56E-04,-1.69E-04
3142,-3.11E-04,3.16E-04,1.21E-04,-2.13E-04,-2.01E-04,-7.68E-05,3.09E-04,3.53E-04,3.19E-06,-1.14E-04,-3.13E-05,2.01E-04,4.29E-04,-3.85E-05,1.88E-04,8.70E-05,2.17E-04,3.14E-04,2.44E-04,-1.67E-04
3143,-3.42E-04,2.88E-04,9.87E-05,-2.32E-04,-2.19E-04,-9.55E-05,2.76E-04,3.28E-04,-1.03E-05,-1.27E-04,-3.70E-05,1.80E-04,4.02E-04,-6.09E-05,1.70E-04,6.53E-05,1.89E-04,2.98E-04,2.32E-04,-1.65E-04
3144,-3.74E-04,2.60E-04,7.74E-05,-2.50E-04,-2.36E-04,-1.14E-04,2.41E-04,3.03E-04,-2.34E-05,-1.39E-04,-4.12E-05,1.59E-04,3.76E-04,-8.28E-05,1.53E-04,4.38E-05,1.62E-04,2.83E-04,2.21E-04,-1.62E-04
3145,-4.06E-04,2.32E-04,5.69E-05,-2.68E-04,-2.52E-04,-1.31E-04,2.06E-04,2.78E-04,-3.62E-05,-1.50E-04,-4.45E-05,1.40E-04,3.52E-04,-1.04E-04,1.37E-04,2.28E-05,1.36E-04,2.67E-04,2.10E-04,-1.59E-04
3146,-4.37E-04,2.04E-04,3.74E-05,-2.84E-04,-2.67E-04,-1.47E-04,1.71E-04,2.53E-04,-4.85E-05,-1.60E-04,-4.73E-05,1.22E-04,3.29E-04,-1.24E-04,1.22E-04,2.51E-06,1.11E-04,2.51E-04,2.00E-04,-1.55E-04
3147,-4.68E-04,1.77E-04,1.89E-05,-2.99E-04,-2.80E-04,-1.62E-04,1.37E-04,2.28E-04,-6.01E-05,-1.68E-04,-5.00E-05,1.05E-04,3.08E-04,-1.43E-04,1.07E-04,-1.69E-05,8.78E-05,2.36E-04,1.90E-04,-1.50E-04
3148,-4.97E-04,1.50E-04,1.59E-06,-3.14E-04,-2.91E-04,-1.75E-04,1.03E-04,2.03E-04,-7.10E-05,-1.74E-04,-5.28E-05,8.94E-05,2.89E-04,-1.62E-04,9.35E-05,-3.52E-05,6.61E-05,2.21E-04,1.81E-04,-1.44E-04
3149,-5.25E-04,1.24E-04,-1.45E-05,-3.27E-04,-3.01E-04,-1.87E-04,7.15E-05,1.79E-04,-8.10E-05,-1.78E-04,-5.58E-05,7.49E-05,2.71E-04,-1.79E-04,8.01E-05,-5.21E-05,4.58E-05,2.06E-04,1.72E-04,-1.37E-04
3150,-5.50E-04,9.84E-05,-2.94E-05,-3.39E-04,-3.09E-04,-1.97E-04,4.20E-05,1.56E-04,-9.01E-05,-1.80E-04,-5.92E-05,6.16E-05,2.55E-04,-1.95E-04,6.73E-05,-6.77E-05,2.69E-05,1.91E-04,1.64E-04,-1.29E-04
3151,-5.72E-04,7.41E-05,-4.33E-05,-3.50E-04,-3.16E-04,-2.06E-04,1.51E-05,1.34E-04,-9.83E-05,-1.80E-04,-6.31E-05,4.95E-05,2.41E-04,-2.10E-04,5.49E-05,-8.18E-05,9.13E-06,1.77E-04,1.57E-04,-1.20E-04
3152,-5.92E-04,5.10E-05,-5.62E-05,-3.61E-04,-3.22E-04,-2.13E-04,-8.54E-06,1.13E-04,-1.06E-04,-1.78E-04,-6.73E-05,3.85E-05,2.27E-04,-2.23E-04,4.28E-05,-9.42E-05,-7.60E-06,1.63E-04,1.51E-04,-1.09E-04
3153,-6.09E-04,2.91E-05,-6.82E-05,-3.71E-04,-3.27E-04,-2.18E-04,-2.88E-05,9.31E-05,-1.12E-04,-1.74E-04,-7.18E-05,2.86E-05,2.15E-04,-2.36E-04,3.11E-05,-1.05E-04,-2.35E-05,1.49E-04,1.45E-04,-9.75E-05
3154,-6.23E-04,8.64E-06,-7.97E-05,-3.80E-04,-3.31E-04,-2.22E-04,-4.56E-05,7.49E-05,-1.18E-04,-1.69E-04,-7.66E-05,1.98E-05,2.03E-04,-2.48E-04,1.96E-05,-1.14E-04,-3.87E-05,1.36E-04,1.40E-04,-8.50E-05
3155,-6.35E-04,-1.04E-05,-9.07E-05,-3.89E-04,-3.35E-04,-2.25E-04,-5.88E-05,5.82E-05,-1.23E-04,-1.62E-04,-8.16E-05,1.18E-05,1.91E-04,-2.59E-04,8.40E-06,-1.22E-04,-5.34E-05,1.24E-04,1.36E-04,-7.16E-05
3156,-6.44E-04,-2.81E-05,-1.01E-04,-3.97E-04,-3.38E-04,-2.27E-04,-6.87E-05,4.29E-05,-1.27E-04,-1.55E-04,-8.68E-05,4.57E-06,1.79E-04,-2.69E-04,-2.58E-06,-1.28E-04,-6.77E-05,1.12E-04,1.32E-04,-5.75E-05
3157,-6.51E-04,-4.44E-05,-1.12E-04,-4.04E-04,-3.42E-04,-2.27E-04,-7.57E-05,2.90E-05,-1.31E-04,-1.47E-04,-9.22E-05,-2.00E-06,1.67E-04,-2.78E-04,-1.33E-05,-1.33E-04,-8.18E-05,9.99E-05,1.28E-04,-4.28E-05
3158,-6.57E-04,-5.94E-05,-1.23E-04,-4.11E-04,-3.46E-04,-2.27E-04,-8.00E-05,1.63E-05,-1.35E-04,-1.38E-04,-9.80E-05,-8.04E-06,1.55E-04,-2.86E-04,-2.38E-05,-1.37E-04,-9.58E-05,8.87E-05,1.25E-04,-2.77E-05
3159,-6.61E-04,-7.31E-05,-1.34E-04,-4.18E-04,-3.50E-04,-2.26E-04,-8.24E-05,4.87E-06,-1.38E-04,-1.30E-04,-1.04E-04,-1.37E-05,1.43E-04,-2.94E-04,-3.39E-05,-1.40E-04,-1.10E-04,7.79E-05,1.22E-04,-1.23E-05
3160,-6.65E-04,-8.57E-05,-1.44E-04,-4.23E-04,-3.54E-04,-2.25E-04,-8.33E-05,-5.57E-06,-1.42E-04,-1.22E-04,-1.11E-04,-1.90E-05,1.30E-04,-3.01E-04,-4.37E-05,-1.41E-04,-1.23E-04,6.75E-05,1.19E-04,3.10E-06
3161,-6.68E-04,-9.71E-05,-1.55E-04,-4.29E-04,-3.59E-04,-2.23E-04,-8.35E-05,-1.52E-05,-1.45E-04,-1.15E-04,-1.19E-04,-2.42E-05,1.18E-04,-3.08E-04,-5.30E-05,-1.42E-04,-1.37E-04,5.75E-05,1.16E-04,1.85E-05
3162,-6.71E-04,-1.08E-04,-1.66E-04,-4.33E-04,-3.64E-04,-2.21E-04,-8.35E-05,-2.41E-05,-1.48E-04,-1.08E-04,-1.27E-04,-2.93E-05,1.06E-04,-3.14E-04,-6.17E-05,-1.42E-04,-1.50E-04,4.78E-05,1.13E-04,3.39E-05
3163,-6.75E-04,-1.17E-04,-1.77E-04,-4.36E-04,-3.69E-04,-2.19E-04,-8.39E-05,-3.25E-05,-1.51E-04,-1.01E-04,-1.37E-04,-3.42E-05,9.45E-05,-3.19E-04,-6.97E-05,-1.42E-04,-1.62E-04,3.85E-05,1.10E-04,4.91E-05
3164,-6.78E-04,-1.26E-04,-1.88E-04,-4.39E-04,-3.73E-04,-2.16E-04,-8.53E-05,-4.05E-05,-1.55E-04,-9.50E-05,-1.47E-04,-3.91E-05,8.45E-05,-3.23E-04,-7.71E-05,-1.41E-04,-1.74E-04,2.96E-05,1.08E-04,6.42E-05
3165,-6.82E-04,-1.33E-04,-1.98E-04,-4.41E-04,-3.78E-04,-2.13E-04,-8.78E-05,-4.81E-05,-1.58E-04,-8.90E-05,-1.59E-04,-4.38E-05,7.61E-05,-3.26E-04,-8.36E-05,-1.39E-04,-1.85E-04,2.12E-05,1.05E-04,7.91E-05
3166,-6.87E-04,-1.40E-04,-2.07E-04,-4.41E-04,-3.82E-04,-2.10E-04,-9.19E-05,-5.56E-05,-1.61E-04,-8.30E-05,-1.72E-04,-4.84E-05,6.95E-05,-3.28E-04,-8.92E-05,-1.37E-04,-1.95E-04,1.31E-05,1.03E-04,9.40E-05
3167,-6.91E-04,-1.46E-04,-2.15E-04,-4.41E-04,-3.86E-04,-2.06E-04,-9.75E-05,-6.27E-05,-1.63E-04,-7.67E-05,-1.85E-04,-5.26E-05,6.52E-05,-3.29E-04,-9.38E-05,-1.34E-04,-2.04E-04,5.68E-06,1.01E-04,1.09E-04
3168,-6.96E-04,-1.51E-04,-2.22E-04,-4.39E-04,-3.88E-04,-2.02E-04,-1.05E-04,-6.96E-05,-1.65E-04,-6.98E-05,-1.99E-04,-5.63E-05,6.32E-05,-3.29E-04,-9.75E-05,-1.30E-04,-2.12E-04,-1.15E-06,9.98E-05,1.24E-04
3169,-7.00E-04,-1.56E-04,-2.28E-04,-4.36E-04,-3.90E-04,-1.97E-04,-1.13E-04,-7.62E-05,-1.67E-04,-6.19E-05,-2.13E-04,-5.95E-05,6.36E-05,-3.28E-04,-1.00E-04,-1.26E-04,-2.17E-04,-7.23E-06,9.87E-05,1.39E-04
3170,-7.03E-04,-1.59E-04,-2.32E-04,-4.33E-04,-3.91E-04,-1.91E-04,-1.23E-04,-8.23E-05,-1.67E-04,-5.29E-05,-2.27E-04,-6.18E-05,6.63E-05,-3.26E-04,-1.02E-04,-1.20E-04,-2.22E-04,-1.25E-05,9.82E-05,1.55E-04
3171,-7.05E-04,-1.61E-04,-2.35E-04,-4.28E-04,-3.91E-04,-1.85E-04,-1.33E-04,-8.80E-05,-1.67E-04,-4.24E-05,-2.40E-04,-6.33E-05,7.12E-05,-3.22E-04,-1.03E-04,-1.14E-04,-2.24E-04,-1.68E-05,9.84E-05,1.71E-04
3172,-7.06E-04,-1.63E-04,-2.36E-04,-4.23E-04,-3.91E-04,-1.77E-04,-1.44E-04,-9.30E-05,-1.66E-04,-3.04E-05,-2.51E-04,-6.38E-05,7.80E-05,-3.17E-04,-1.02E-04,-1.07E-04,-2.25E-04,-2.00E-05,9.92E-05,1.88E-04
3173,-7.05E-04,-1.63E-04,-2.35E-04,-4.16E-04,-3.89E-04,-1.69E-04,-1.54E-04,-9.74E-05,-1.64E-04,-1.67E-05,-2.61E-04,-6.31E-05,8.62E-05,-3.10E-04,-1.01E-04,-9.82E-05,-2.24E-04,-2.22E-05,1.01E-04,2.05E-04
3174,-7.02E-04,-1.62E-04,-2.33E-04,-4.10E-04,-3.87E-04,-1.59E-04,-1.64E-04,-1.01E-04,-1.61E-04,-1.27E-06,-2.67E-04,-6.13E-05,9.54E-05,-3.03E-04,-9.95E-05,-8.89E-05,-2.21E-04,-2.33E-05,1.03E-04,2.23E-04
3175,-6.96E-04,-1.61E-04,-2.30E-04,-4.03E-04,-3.85E-04,-1.49E-04,-1.73E-04,-1.04E-04,-1.58E-04,1.57E-05,-2.71E-04,-5.83E-05,1.05E-04,-2.94E-04,-9.71E-05,-7.86E-05,-2.17E-04,-2.33E-05,1.06E-04,2.41E-04
3176,-6.88E-04,-1.59E-04,-2.25E-04,-3.95E-04,-3.82E-04,-1.37E-04,-1.81E-04,-1.06E-04,-1.53E-04,3.40E-05,-2.71E-04,-5.42E-05,1.15E-04,-2.84E-04,-9.40E-05,-6.76E-05,-2.11E-04,-2.23E-05,1.10E-04,2.60E-04
3177,-6.78E-04,-1.57E-04,-2.19E-04,-3.88E-04,-3.79E-04,-1.25E-04,-1.87E-04,-1.07E-04,-1.47E-04,5.35E-05,-2.68E-04,-4.91E-05,1.23E-04,-2.74E-04,-9.06E-05,-5.59E-05,-2.05E-04,-2.03E-05,1.15E-04,2.79E-04
3178,-6.65E-04,-1.54E-04,-2.13E-04,-3.81E-04,-3.76E-04,-1.12E-04,-1.91E-04,-1.08E-04,-1.41E-04,7.37E-05,-2.61E-04,-4.31E-05,1.31E-04,-2.63E-04,-8.70E-05,-4.37E-05,-1.97E-04,-1.75E-05,1.20E-04,2.98E-04
3179,-6.51E-04,-1.51E-04,-2.06E-04,-3.73E-04,-3.73E-04,-9.94E-05,-1.93E-04,-1.09E-04,-1.34E-04,9.43E-05,-2.51E-04,-3.65E-05,1.38E-04,-2.51E-04,-8.32E-05,-3.13E-05,-1.89E-04,-1.42E-05,1.25E-04,3.17E-04
3180,-6.34E-04,-1.48E-04,-1.99E-04,-3.66E-04,-3.70E-04,-8.62E-05,-1.94E-04,-1.08E-04,-1.27E-04,1.15E-04,-2.37E-04,-2.95E-05,1.42E-04,-2.40E-04,-7.95E-05,-1.90E-05,-1.80E-04,-1.05E-05,1.31E-04,3.35E-04
3181,-6.17E-04,-1.46E-04,-1.92E-04,-3.60E-04,-3.66E-04,-7.30E-05,-1.94E-04,-1.08E-04,-1.19E-04,1.35E-04,-2.22E-04,-2.22E-05,1.45E-04,-2.28E-04,-7.59E-05,-7.00E-06,-1.71E-04,-6.67E-06,1.36E-04,3.54E-04
3182,-5.98E-04,-1.44E-04,-1.85E-04,-3.53E-04,-3.63E-04,-6.01E-05,-1.93E-04,-1.08E-04,-1.12E-04,1.54E-04,-2.04E-04,-1.51E-05,1.46E-04,-2.17E-04,-7.27E-05,4.45E-06,-1.63E-04,-3.05E-06,1.42E-04,3.71E-04
3183,-5.78E-04,-1.43E-04,-1.79E-04,-3.47E-04,-3.60E-04,-4.76E-05,-1.91E-04,-1.08E-04,-1.05E-04,1.72E-04,-1.86E-04,-8.17E-06,1.46E-04,-2.06E-04,-6.99E-05,1.51E-05,-1.55E-04,1.43E-07,1.47E-04,3.87E-04
3184,-5.59E-04,-1.43E-04,-1.74E-04,-3.41E-04,-3.57E-04,-3.57E-05,-1.88E-04,-1.09E-04,-9.77E-05,1.88E-04,-1.67E-04,-1.80E-06,1.43E-04,-1.95E-04,-6.76E-05,2.47E-05,-1.47E-04,2.65E-06,1.52E-04,4.02E-04
3185,-5.40E-04,-1.43E-04,-1.70E-04,-3.36E-04,-3.53E-04,-2.46E-05,-1.86E-04,-1.10E-04,-9.12E-05,2.02E-04,-1.48E-04,3.92E-06,1.40E-04,-1.85E-04,-6.59E-05,3.31E-05,-1.41E-04,4.25E-06,1.57E-04,4.15E-04
3186,-5.21E-04,-1.44E-04,-1.67E-04,-3.30E-04,-3.49E-04,-1.43E-05,-1.84E-04,-1.12E-04,-8.53E-05,2.15E-04,-1.30E-04,8.87E-06,1.35E-04,-1.76E-04,-6.49E-05,4.02E-05,-1.36E-04,4.77E-06,1.61E-04,4.27E-04
3187,-5.04E-04,-1.47E-04,-1.66E-04,-3.25E-04,-3.45E-04,-4.79E-06,-1.83E-04,-1.15E-04,-8.00E-05,2.25E-04,-1.13E-04,1.30E-05,1.30E-04,-1.67E-04,-6.45E-05,4.60E-05,-1.31E-04,4.11E-06,1.65E-04,4.37E-04
3188,-4.88E-04,-1.49E-04,-1.65E-04,-3.20E-04,-3.41E-04,3.84E-06,-1.83E-04,-1.18E-04,-7.55E-05,2.33E-04,-9.90E-05,1.63E-05,1.25E-04,-1.59E-04,-6.48E-05,5.04E-05,-1.29E-04,2.20E-06,1.67E-04,4.45E-04
3189,-4.74E-04,-1.53E-04,-1.66E-04,-3.15E-04,-3.36E-04,1.17E-05,-1.84E-04,-1.23E-04,-7.15E-05,2.40E-04,-8.70E-05,1.90E-05,1.20E-04,-1.52E-04,-6.57E-05,5.36E-05,-1.27E-04,-9.24E-07,1.70E-04,4.51E-04
3190,-4.61E-04,-1.56E-04,-1.68E-04,-3.10E-04,-3.31E-04,1.89E-05,-1.86E-04,-1.27E-04,-6.82E-05,2.44E-04,-7.75E-05,2.10E-05,1.16E-04,-1.45E-04,-6.71E-05,5.57E-05,-1.26E-04,-5.18E-06,1.71E-04,4.56E-04
3191,-4.51E-04,-1.59E-04,-1.70E-04,-3.05E-04,-3.25E-04,2.55E-05,-1.89E-04,-1.33E-04,-6.54E-05,2.48E-04,-7.06E-05,2.27E-05,1.13E-04,-1.38E-04,-6.89E-05,5.68E-05,-1.27E-04,-1.04E-05,1.72E-04,4.59E-04
3192,-4.42E-04,-1.62E-04,-1.74E-04,-2.99E-04,-3.20E-04,3.18E-05,-1.93E-04,-1.38E-04,-6.30E-05,2.51E-04,-6.61E-05,2.42E-05,1.12E-04,-1.31E-04,-7.10E-05,5.73E-05,-1.28E-04,-1.64E-05,1.73E-04,4.61E-04
3193,-4.35E-04,-1.63E-04,-1.78E-04,-2.93E-04,-3.15E-04,3.78E-05,-1.98E-04,-1.44E-04,-6.09E-05,2.53E-04,-6.37E-05,2.59E-05,1.12E-04,-1.24E-04,-7.33E-05,5.73E-05,-1.30E-04,-2.30E-05,1.74E-04,4.62E-04
3194,-4.30E-04,-1.64E-04,-1.82E-04,-2.87E-04,-3.10E-04,4.39E-05,-2.03E-04,-1.50E-04,-5.90E-05,2.55E-04,-6.30E-05,2.79E-05,1.13E-04,-1.16E-04,-7.56E-05,5.72E-05,-1.33E-04,-2.97E-05,1.74E-04,4.63E-04
3195,-4.27E-04,-1.63E-04,-1.86E-04,-2.80E-04,-3.06E-04,5.02E-05,-2.07E-04,-1.55E-04,-5.72E-05,2.57E-04,-6.34E-05,3.06E-05,1.16E-04,-1.08E-04,-7.78E-05,5.72E-05,-1.35E-04,-3.64E-05,1.74E-04,4.62E-04
3196,-4.24E-04,-1.61E-04,-1.90E-04,-2.72E-04,-3.02E-04,5.68E-05,-2.11E-04,-1.60E-04,-5.53E-05,2.59E-04,-6.45E-05,3.40E-05,1.20E-04,-9.97E-05,-7.96E-05,5.76E-05,-1.36E-04,-4.28E-05,1.75E-04,4.61E-04
3197,-4.22E-04,-1.57E-04,-1.94E-04,-2.64E-04,-3.00E-04,6.39E-05,-2.14E-04,-1.65E-04,-5.33E-05,2.63E-04,-6.57E-05,3.85E-05,1.26E-04,-9.03E-05,-8.11E-05,5.84E-05,-1.37E-04,-4.86E-05,1.75E-04,4.60E-04
3198,-4.21E-04,-1.52E-04,-1.98E-04,-2.55E-04,-2.98E-04,7.16E-05,-2.17E-04,-1.68E-04,-5.09E-05,2.67E-04,-6.64E-05,4.41E-05,1.33E-04,-8.00E-05,-8.20E-05,6.00E-05,-1.37E-04,-5.35E-05,1.76E-04,4.60E-04
3199,-4.21E-04,-1.45E-04,-2.00E-04,-2.46E-04,-2.96E-04,7.98E-05,-2.17E-04,-1.71E-04,-4.83E-05,2.72E-04,-6.60E-05,5.08E-05,1.40E-04,-6.88E-05,-8.24E-05,6.23E-05,-1.35E-04,-5.75E-05,1.78E-04,4.59E-04
3200,-4.20E-04,-1.36E-04,-2.02E-04,-2.36E-04,-2.96E-04,8.87E-05,-2.17E-04,-1.74E-04,-4.53E-05,2.78E-04,-6.43E-05,5.87E-05,1.48E-04,-5.67E-05,-8.21E-05,6.53E-05,-1.32E-04,-6.05E-05,1.79E-04,4.58E-04
3201,-4.19E-04,-1.26E-04,-2.03E-04,-2.25E-04,-2.97E-04,9.80E-05,-2.15E-04,-1.76E-04,-4.19E-05,2.84E-04,-6.07E-05,6.77E-05,1.57E-04,-4.38E-05,-8.12E-05,6.91E-05,-1.26E-04,-6.23E-05,1.82E-04,4.58E-04
3202,-4.18E-04,-1.16E-04,-2.04E-04,-2.14E-04,-2.98E-04,1.08E-04,-2.11E-04,-1.77E-04,-3.83E-05,2.92E-04,-5.53E-05,7.76E-05,1.66E-04,-3.03E-05,-7.98E-05,7.34E-05,-1.19E-04,-6.31E-05,1.84E-04,4.58E-04
3203,-4.16E-04,-1.05E-04,-2.04E-04,-2.02E-04,-2.99E-04,1.18E-04,-2.06E-04,-1.79E-04,-3.44E-05,2.99E-04,-4.77E-05,8.82E-05,1.75E-04,-1.62E-05,-7.78E-05,7.82E-05,-1.10E-04,-6.30E-05,1.87E-04,4.58E-04
3204,-4.13E-04,-9.44E-05,-2.03E-04,-1.91E-04,-3.01E-04,1.28E-04,-2.00E-04,-1.80E-04,-3.04E-05,3.06E-04,-3.81E-05,9.93E-05,1.83E-04,-1.82E-06,-7.56E-05,8.32E-05,-9.95E-05,-6.22E-05,1.90E-04,4.58E-04
3205,-4.10E-04,-8.44E-05,-2.02E-04,-1.79E-04,-3.02E-04,1.37E-04,-1.93E-04,-1.82E-04,-2.65E-05,3.13E-04,-2.65E-05,1.11E-04,1.91E-04,1.26E-05,-7.31E-05,8.82E-05,-8.74E-05,-6.09E-05,1.93E-04,4.58E-04
3206,-4.05E-04,-7.54E-05,-2.02E-04,-1.67E-04,-3.04E-04,1.47E-04,-1.85E-04,-1.85E-04,-2.27E-05,3.20E-04,-1.30E-05,1.22E-04,1.99E-04,2.68E-05,-7.07E-05,9.28E-05,-7.44E-05,-5.93E-05,1.95E-04,4.58E-04
3207,-3.99E-04,-6.80E-05,-2.01E-04,-1.56E-04,-3.05E-04,1.55E-04,-1.77E-04,-1.89E-04,-1.93E-05,3.24E-04,2.10E-06,1.33E-04,2.07E-04,4.07E-05,-6.84E-05,9.69E-05,-6.07E-05,-5.79E-05,1.98E-04,4.57E-04
3208,-3.93E-04,-6.26E-05,-2.01E-04,-1.45E-04,-3.05E-04,1.63E-04,-1.69E-04,-1.94E-04,-1.65E-05,3.28E-04,1.86E-05,1.44E-04,2.13E-04,5.38E-05,-6.66E-05,1.00E-04,-4.70E-05,-5.68E-05,2.00E-04,4.55E-04
3209,-3.85E-04,-5.93E-05,-2.01E-04,-1.34E-04,-3.04E-04,1.69E-04,-1.61E-04,-2.00E-04,-1.44E-05,3.29E-04,3.64E-05,1.53E-04,2.19E-04,6.61E-05,-6.54E-05,1.02E-04,-3.38E-05,-5.63E-05,2.01E-04,4.53E-04
3210,-3.76E-04,-5.85E-05,-2.02E-04,-1.24E-04,-3.03E-04,1.74E-04,-1.54E-04,-2.08E-04,-1.33E-05,3.28E-04,5.51E-05,1.62E-04,2.23E-04,7.73E-05,-6.50E-05,1.03E-04,-2.16E-05,-5.67E-05,2.02E-04,4.49E-04
3211,-3.67E-04,-6.03E-05,-2.05E-04,-1.16E-04,-3.01E-04,1.77E-04,-1.48E-04,-2.17E-04,-1.32E-05,3.25E-04,7.47E-05,1.70E-04,2.27E-04,8.74E-05,-6.55E-05,1.03E-04,-1.10E-05,-5.81E-05,2.02E-04,4.45E-04
3212,-3.56E-04,-6.45E-05,-2.09E-04,-1.08E-04,-2.99E-04,1.79E-04,-1.44E-04,-2.28E-04,-1.44E-05,3.19E-04,9.51E-05,1.77E-04,2.30E-04,9.62E-05,-6.71E-05,1.01E-04,-2.36E-06,-6.07E-05,2.00E-04,4.39E-04
3213,-3.46E-04,-7.10E-05,-2.14E-04,-1.01E-04,-2.96E-04,1.79E-04,-1.40E-04,-2.41E-04,-1.69E-05,3.11E-04,1.16E-04,1.83E-04,2.31E-04,1.04E-04,-6.99E-05,9.80E-05,3.86E-06,-6.46E-05,1.98E-04,4.32E-04
3214,-3.35E-04,-7.97E-05,-2.21E-04,-9.47E-05,-2.94E-04,1.77E-04,-1.39E-04,-2.55E-04,-2.09E-05,3.01E-04,1.38E-04,1.88E-04,2.32E-04,1.10E-04,-7.38E-05,9.35E-05,7.43E-06,-6.97E-05,1.95E-04,4.24E-04
3215,-3.23E-04,-9.02E-05,-2.30E-04,-8.97E-05,-2.91E-04,1.73E-04,-1.38E-04,-2.70E-04,-2.62E-05,2.88E-04,1.60E-04,1.91E-04,2.31E-04,1.15E-04,-7.89E-05,8.79E-05,8.24E-06,-7.61E-05,1.91E-04,4.16E-04
3216,-3.12E-04,-1.02E-04,-2.40E-04,-8.55E-05,-2.90E-04,1.68E-04,-1.40E-04,-2.86E-04,-3.30E-05,2.74E-04,1.82E-04,1.94E-04,2.29E-04,1.20E-04,-8.52E-05,8.12E-05,6.30E-06,-8.35E-05,1.86E-04,4.06E-04
3217,-3.01E-04,-1.15E-04,-2.51E-04,-8.21E-05,-2.89E-04,1.62E-04,-1.43E-04,-3.03E-04,-4.12E-05,2.59E-04,2.05E-04,1.97E-04,2.25E-04,1.23E-04,-9.24E-05,7.38E-05,1.77E-06,-9.18E-05,1.79E-04,3.96E-04
3218,-2.91E-04,-1.28E-04,-2.63E-04,-7.93E-05,-2.89E-04,1.54E-04,-1.47E-04,-3.20E-04,-5.07E-05,2.42E-04,2.28E-04,1.99E-04,2.21E-04,1.26E-04,-1.01E-04,6.58E-05,-5.05E-06,-1.01E-04,1.72E-04,3.86E-04
3219,-2.82E-04,-1.41E-04,-2.76E-04,-7.68E-05,-2.91E-04,1.46E-04,-1.53E-04,-3.38E-04,-6.14E-05,2.25E-04,2.51E-04,2.00E-04,2.16E-04,1.29E-04,-1.09E-04,5.75E-05,-1.37E-05,-1.10E-04,1.65E-04,3.76E-04
3220,-2.74E-04,-1.53E-04,-2.89E-04,-7.45E-05,-2.95E-04,1.37E-04,-1.60E-04,-3.55E-04,-7.31E-05,2.07E-04,2.74E-04,2.01E-04,2.10E-04,1.31E-04,-1.19E-04,4.91E-05,-2.38E-05,-1.20E-04,1.56E-04,3.67E-04
3221,-2.68E-04,-1.64E-04,-3.02E-04,-7.21E-05,-3.01E-04,1.28E-04,-1.68E-04,-3.73E-04,-8.56E-05,1.90E-04,2.97E-04,2.02E-04,2.04E-04,1.34E-04,-1.29E-04,4.08E-05,-3.47E-05,-1.30E-04,1.48E-04,3.57E-04
3222,-2.63E-04,-1.74E-04,-3.15E-04,-6.94E-05,-3.08E-04,1.18E-04,-1.77E-04,-3.90E-04,-9.87E-05,1.73E-04,3.18E-04,2.02E-04,1.97E-04,1.37E-04,-1.39E-04,3.29E-05,-4.58E-05,-1.40E-04,1.39E-04,3.49E-04
3223,-2.60E-04,-1.83E-04,-3.28E-04,-6.64E-05,-3.16E-04,1.09E-04,-1.87E-04,-4.06E-04,-1.12E-04,1.57E-04,3.39E-04,2.03E-04,1.90E-04,1.40E-04,-1.49E-04,2.54E-05,-5.66E-05,-1.50E-04,1.30E-04,3.42E-04
3224,-2.59E-04,-1.89E-04,-3.40E-04,-6.28E-05,-3.27E-04,9.96E-05,-1.97E-04,-4.22E-04,-1.26E-04,1.43E-04,3.57E-04,2.03E-04,1.84E-04,1.44E-04,-1.59E-04,1.85E-05,-6.65E-05,-1.59E-04,1.20E-04,3.36E-04
3225,-2.59E-04,-1.94E-04,-3.50E-04,-5.86E-05,-3.38E-04,9.09E-05,-2.08E-04,-4.38E-04,-1.40E-04,1.30E-04,3.73E-04,2.04E-04,1.79E-04,1.48E-04,-1.69E-04,1.22E-05,-7.52E-05,-1.68E-04,1.11E-04,3.31E-04
3226,-2.62E-04,-1.97E-04,-3.60E-04,-5.38E-05,-3.50E-04,8.29E-05,-2.18E-04,-4.52E-04,-1.54E-04,1.18E-04,3.87E-04,2.04E-04,1.74E-04,1.53E-04,-1.80E-04,6.44E-06,-8.23E-05,-1.76E-04,1.02E-04,3.27E-04
3227,-2.67E-04,-1.98E-04,-3.69E-04,-4.85E-05,-3.62E-04,7.55E-05,-2.28E-04,-4.67E-04,-1.67E-04,1.08E-04,3.96E-04,2.03E-04,1.70E-04,1.58E-04,-1.89E-04,1.23E-06,-8.77E-05,-1.84E-04,9.27E-05,3.25E-04
3228,-2.74E-04,-1.97E-04,-3.77E-04,-4.27E-05,-3.75E-04,6.87E-05,-2.38E-04,-4.81E-04,-1.80E-04,9.89E-05,4.02E-04,2.02E-04,1.67E-04,1.63E-04,-1.99E-04,-3.55E-06,-9.13E-05,-1.91E-04,8.37E-05,3.24E-04
3229,-2.82E-04,-1.96E-04,-3.84E-04,-3.67E-05,-3.87E-04,6.26E-05,-2.48E-04,-4.95E-04,-1.93E-04,9.16E-05,4.04E-04,2.01E-04,1.65E-04,1.68E-04,-2.09E-04,-8.04E-06,-9.35E-05,-1.99E-04,7.48E-05,3.24E-04
3230,-2.92E-04,-1.93E-04,-3.90E-04,-3.08E-05,-3.98E-04,5.69E-05,-2.57E-04,-5.08E-04,-2.05E-04,8.55E-05,4.01E-04,1.98E-04,1.64E-04,1.73E-04,-2.19E-04,-1.24E-05,-9.43E-05,-2.06E-04,6.60E-05,3.25E-04
3231,-3.03E-04,-1.90E-04,-3.95E-04,-2.51E-05,-4.09E-04,5.17E-05,-2.65E-04,-5.22E-04,-2.16E-04,8.05E-05,3.94E-04,1.95E-04,1.63E-04,1.78E-04,-2.29E-04,-1.68E-05,-9.43E-05,-2.13E-04,5.73E-05,3.27E-04
3232,-3.15E-04,-1.87E-04,-4.01E-04,-1.99E-05,-4.18E-04,4.66E-05,-2.73E-04,-5.36E-04,-2.27E-04,7.62E-05,3.83E-04,1.91E-04,1.63E-04,1.82E-04,-2.39E-04,-2.13E-05,-9.40E-05,-2.20E-04,4.85E-05,3.29E-04
3233,-3.28E-04,-1.83E-04,-4.06E-04,-1.57E-05,-4.27E-04,4.17E-05,-2.79E-04,-5.50E-04,-2.38E-04,7.26E-05,3.67E-04,1.86E-04,1.63E-04,1.85E-04,-2.49E-04,-2.62E-05,-9.39E-05,-2.28E-04,3.97E-05,3.32E-04
3234,-3.40E-04,-1.81E-04,-4.12E-04,-1.25E-05,-4.34E-04,3.66E-05,-2.84E-04,-5.64E-04,-2.48E-04,6.93E-05,3.48E-04,1.80E-04,1.62E-04,1.87E-04,-2.60E-04,-3.16E-05,-9.46E-05,-2.35E-04,3.08E-05,3.34E-04
3235,-3.53E-04,-1.78E-04,-4.19E-04,-1.08E-05,-4.40E-04,3.12E-05,-2.89E-04,-5.79E-04,-2.58E-04,6.60E-05,3.26E-04,1.73E-04,1.61E-04,1.88E-04,-2.72E-04,-3.75E-05,-9.67E-05,-2.43E-04,2.16E-05,3.36E-04
3236,-3.65E-04,-1.77E-04,-4.27E-04,-1.07E-05,-4.45E-04,2.54E-05,-2.92E-04,-5.94E-04,-2.67E-04,6.27E-05,3.02E-04,1.66E-04,1.59E-04,1.87E-04,-2.84E-04,-4.40E-05,-1.01E-04,-2.52E-04,1.23E-05,3.38E-04
3237,-3.77E-04,-1.77E-04,-4.36E-04,-1.23E-05,-4.50E-04,1.90E-05,-2.95E-04,-6.10E-04,-2.77E-04,5.91E-05,2.77E-04,1.57E-04,1.55E-04,1.85E-04,-2.96E-04,-5.11E-05,-1.07E-04,-2.61E-04,2.73E-06,3.39E-04
3238,-3.88E-04,-1.77E-04,-4.46E-04,-1.56E-05,-4.55E-04,1.20E-05,-2.97E-04,-6.25E-04,-2.86E-04,5.52E-05,2.50E-04,1.47E-04,1.49E-04,1.81E-04,-3.09E-04,-5.88E-05,-1.15E-04,-2.70E-04,-7.07E-06,3.40E-04
3239,-3.99E-04,-1.79E-04,-4.56E-04,-2.06E-05,-4.59E-04,4.33E-06,-2.99E-04,-6.41E-04,-2.96E-04,5.10E-05,2.24E-04,1.37E-04,1.42E-04,1.75E-04,-3.23E-04,-6.71E-05,-1.26E-04,-2.79E-04,-1.71E-05,3.40E-04
3240,-4.08E-04,-1.81E-04,-4.68E-04,-2.73E-05,-4.64E-04,-4.01E-06,-3.00E-04,-6.57E-04,-3.05E-04,4.63E-05,2.00E-04,1.27E-04,1.33E-04,1.68E-04,-3.36E-04,-7.58E-05,-1.40E-04,-2.89E-04,-2.73E-05,3.40E-04
3241,-4.16E-04,-1.85E-04,-4.81E-04,-3.54E-05,-4.69E-04,-1.30E-05,-3.00E-04,-6.73E-04,-3.15E-04,4.14E-05,1.76E-04,1.16E-04,1.22E-04,1.60E-04,-3.50E-04,-8.47E-05,-1.55E-04,-3.00E-04,-3.75E-05,3.39E-04
3242,-4.24E-04,-1.89E-04,-4.94E-04,-4.47E-05,-4.75E-04,-2.24E-05,-3.01E-04,-6.88E-04,-3.25E-04,3.62E-05,1.55E-04,1.05E-04,1.09E-04,1.50E-04,-3.65E-04,-9.38E-05,-1.72E-04,-3.10E-04,-4.78E-05,3.38E-04
3243,-4.31E-04,-1.93E-04,-5.07E-04,-5.49E-05,-4.82E-04,-3.22E-05,-3.03E-04,-7.03E-04,-3.34E-04,3.11E-05,1.36E-04,9.45E-05,9.54E-05,1.40E-04,-3.79E-04,-1.03E-04,-1.91E-04,-3.21E-04,-5.80E-05,3.37E-04
3244,-4.37E-04,-1.98E-04,-5.19E-04,-6.56E-05,-4.90E-04,-4.22E-05,-3.04E-04,-7.17E-04,-3.43E-04,2.61E-05,1.20E-04,8.41E-05,8.08E-05,1.29E-04,-3.93E-04,-1.12E-04,-2.10E-04,-3.31E-04,-6.79E-05,3.35E-04
3245,-4.43E-04,-2.03E-04,-5.31E-04,-7.67E-05,-4.98E-04,-5.21E-05,-3.06E-04,-7.30E-04,-3.52E-04,2.15E-05,1.07E-04,7.41E-05,6.60E-05,1.17E-04,-4.07E-04,-1.20E-04,-2.29E-04,-3.42E-04,-7.74E-05,3.34E-04
3246,-4.49E-04,-2.07E-04,-5.41E-04,-8.77E-05,-5.07E-04,-6.18E-05,-3.09E-04,-7.41E-04,-3.61E-04,1.75E-05,9.55E-05,6.46E-05,5.13E-05,1.05E-04,-4.20E-04,-1.28E-04,-2.47E-04,-3.53E-04,-8.65E-05,3.34E-04
3247,-4.55E-04,-2.11E-04,-5.50E-04,-9.85E-05,-5.17E-04,-7.11E-05,-3.12E-04,-7.52E-04,-3.69E-04,1.42E-05,8.60E-05,5.58E-05,3.73E-05,9.25E-05,-4.33E-04,-1.35E-04,-2.64E-04,-3.64E-04,-9.49E-05,3.34E-04
3248,-4.60E-04,-2.15E-04,-5.56E-04,-1.09E-04,-5.26E-04,-7.96E-05,-3.16E-04,-7.61E-04,-3.76E-04,1.19E-05,7.78E-05,4.78E-05,2.45E-05,8.04E-05,-4.46E-04,-1.42E-04,-2.80E-04,-3.75E-04,-1.03E-04,3.34E-04
3249,-4.66E-04,-2.19E-04,-5.60E-04,-1.19E-04,-5.35E-04,-8.73E-05,-3.20E-04,-7.68E-04,-3.82E-04,1.06E-05,7.00E-05,4.06E-05,1.31E-05,6.86E-05,-4.58E-04,-1.48E-04,-2.93E-04,-3.86E-04,-1.09E-04,3.36E-04
3250,-4.71E-04,-2.21E-04,-5.63E-04,-1.28E-04,-5.44E-04,-9.40E-05,-3.24E-04,-7.73E-04,-3.87E-04,1.05E-05,6.20E-05,3.43E-05,3.59E-06,5.72E-05,-4.69E-04,-1.53E-04,-3.04E-04,-3.96E-04,-1.15E-04,3.39E-04
3251,-4.76E-04,-2.23E-04,-5.62E-04,-1.36E-04,-5.52E-04,-9.95E-05,-3.28E-04,-7.77E-04,-3.91E-04,1.16E-05,5.32E-05,2.88E-05,-3.99E-06,4.62E-05,-4.80E-04,-1.57E-04,-3.12E-04,-4.07E-04,-1.20E-04,3.42E-04
3252,-4.82E-04,-2.25E-04,-5.60E-04,-1.44E-04,-5.58E-04,-1.04E-04,-3.32E-04,-7.80E-04,-3.93E-04,1.39E-05,4.29E-05,2.43E-05,-9.57E-06,3.57E-05,-4.90E-04,-1.60E-04,-3.18E-04,-4.18E-04,-1.24E-04,3.47E-04
3253,-4.87E-04,-2.26E-04,-5.56E-04,-1.51E-04,-5.64E-04,-1.07E-04,-3.36E-04,-7.80E-04,-3.94E-04,1.73E-05,3.05E-05,2.07E-05,-1.33E-05,2.56E-05,-4.99E-04,-1.63E-04,-3.22E-04,-4.28E-04,-1.26E-04,3.53E-04
3254,-4.91E-04,-2.26E-04,-5.50E-04,-1.59E-04,-5.68E-04,-1.09E-04,-3.39E-04,-7.79E-04,-3.94E-04,2.17E-05,1.59E-05,1.79E-05,-1.53E-05,1.60E-05,-5.09E-04,-1.64E-04,-3.25E-04,-4.38E-04,-1.28E-04,3.59E-04
3255,-4.95E-04,-2.27E-04,-5.44E-04,-1.66E-04,-5.70E-04,-1.09E-04,-3.41E-04,-7.77E-04,-3.92E-04,2.71E-05,-1.06E-06,1.58E-05,-1.60E-05,6.76E-06,-5.17E-04,-1.66E-04,-3.26E-04,-4.48E-04,-1.28E-04,3.66E-04
3256,-4.99E-04,-2.26E-04,-5.37E-04,-1.73E-04,-5.71E-04,-1.09E-04,-3.41E-04,-7.73E-04,-3.90E-04,3.31E-05,-2.04E-05,1.44E-05,-1.58E-05,-2.22E-06,-5.26E-04,-1.66E-04,-3.26E-04,-4.57E-04,-1.28E-04,3.73E-04
3257,-5.02E-04,-2.26E-04,-5.30E-04,-1.81E-04,-5.71E-04,-1.08E-04,-3.40E-04,-7.69E-04,-3.85E-04,3.97E-05,-4.16E-05,1.36E-05,-1.50E-05,-1.10E-05,-5.34E-04,-1.67E-04,-3.26E-04,-4.66E-04,-1.27E-04,3.81E-04
3258,-5.04E-04,-2.25E-04,-5.23E-04,-1.89E-04,-5.70E-04,-1.06E-04,-3.38E-04,-7.64E-04,-3.80E-04,4.65E-05,-6.43E-05,1.34E-05,-1.43E-05,-1.98E-05,-5.42E-04,-1.67E-04,-3.27E-04,-4.74E-04,-1.25E-04,3.88E-04
3259,-5.05E-04,-2.24E-04,-5.17E-04,-1.99E-04,-5.68E-04,-1.03E-04,-3.34E-04,-7.58E-04,-3.75E-04,5.35E-05,-8.78E-05,1.35E-05,-1.40E-05,-2.86E-05,-5.50E-04,-1.67E-04,-3.29E-04,-4.81E-04,-1.22E-04,3.95E-04
3260,-5.05E-04,-2.23E-04,-5.12E-04,-2.08E-04,-5.66E-04,-1.00E-04,-3.28E-04,-7.52E-04,-3.68E-04,6.04E-05,-1.11E-04,1.39E-05,-1.45E-05,-3.76E-05,-5.57E-04,-1.67E-04,-3.32E-04,-4.88E-04,-1.19E-04,4.02E-04
3261,-5.05E-04,-2.21E-04,-5.09E-04,-2.19E-04,-5.64E-04,-9.73E-05,-3.21E-04,-7.45E-04,-3.61E-04,6.71E-05,-1.34E-04,1.46E-05,-1.60E-05,-4.67E-05,-5.64E-04,-1.66E-04,-3.36E-04,-4.94E-04,-1.16E-04,4.09E-04
3262,-5.04E-04,-2.19E-04,-5.08E-04,-2.30E-04,-5.61E-04,-9.42E-05,-3.13E-04,-7.39E-04,-3.54E-04,7.35E-05,-1.54E-04,1.53E-05,-1.88E-05,-5.61E-05,-5.71E-04,-1.66E-04,-3.43E-04,-4.98E-04,-1.12E-04,4.15E-04
3263,-5.02E-04,-2.17E-04,-5.08E-04,-2.41E-04,-5.59E-04,-9.11E-05,-3.05E-04,-7.34E-04,-3.46E-04,7.95E-05,-1.72E-04,1.61E-05,-2.29E-05,-6.57E-05,-5.77E-04,-1.66E-04,-3.50E-04,-5.02E-04,-1.08E-04,4.20E-04
3264,-5.00E-04,-2.14E-04,-5.09E-04,-2.52E-04,-5.58E-04,-8.82E-05,-2.95E-04,-7.29E-04,-3.39E-04,8.50E-05,-1.87E-04,1.69E-05,-2.82E-05,-7.55E-05,-5.83E-04,-1.66E-04,-3.60E-04,-5.05E-04,-1.03E-04,4.24E-04
3265,-4.98E-04,-2.10E-04,-5.12E-04,-2.63E-04,-5.57E-04,-8.56E-05,-2.85E-04,-7.24E-04,-3.32E-04,9.00E-05,-1.97E-04,1.76E-05,-3.45E-05,-8.54E-05,-5.88E-04,-1.65E-04,-3.70E-04,-5.06E-04,-9.89E-05,4.27E-04
3266,-4.96E-04,-2.06E-04,-5.16E-04,-2.73E-04,-5.57E-04,-8.33E-05,-2.75E-04,-7.21E-04,-3.25E-04,9.47E-05,-2.03E-04,1.82E-05,-4.16E-05,-9.55E-05,-5.92E-04,-1.65E-04,-3.81E-04,-5.07E-04,-9.45E-05,4.30E-04
3267,-4.95E-04,-2.01E-04,-5.20E-04,-2.82E-04,-5.58E-04,-8.14E-05,-2.66E-04,-7.18E-04,-3.18E-04,9.90E-05,-2.05E-04,1.86E-05,-4.91E-05,-1.05E-04,-5.95E-04,-1.65E-04,-3.92E-04,-5.07E-04,-9.00E-05,4.33E-04
3268,-4.93E-04,-1.96E-04,-5.23E-04,-2.90E-04,-5.59E-04,-7.98E-05,-2.57E-04,-7.16E-04,-3.12E-04,1.03E-04,-2.02E-04,1.88E-05,-5.65E-05,-1.15E-04,-5.97E-04,-1.64E-04,-4.03E-04,-5.07E-04,-8.55E-05,4.34E-04
3269,-4.91E-04,-1.90E-04,-5.26E-04,-2.97E-04,-5.60E-04,-7.84E-05,-2.48E-04,-7.14E-04,-3.05E-04,1.07E-04,-1.96E-04,1.89E-05,-6.36E-05,-1.25E-04,-5.99E-04,-1.64E-04,-4.12E-04,-5.06E-04,-8.10E-05,4.36E-04
3270,-4.90E-04,-1.83E-04,-5.28E-04,-3.01E-04,-5.61E-04,-7.73E-05,-2.41E-04,-7.13E-04,-3.00E-04,1.11E-04,-1.87E-04,1.88E-05,-6.99E-05,-1.34E-04,-5.99E-04,-1.63E-04,-4.21E-04,-5.06E-04,-7.64E-05,4.37E-04
3271,-4.88E-04,-1.76E-04,-5.29E-04,-3.04E-04,-5.62E-04,-7.63E-05,-2.34E-04,-7.12E-04,-2.94E-04,1.15E-04,-1.75E-04,1.86E-05,-7.51E-05,-1.43E-04,-5.99E-04,-1.62E-04,-4.27E-04,-5.05E-04,-7.18E-05,4.39E-04
3272,-4.86E-04,-1.69E-04,-5.27E-04,-3.05E-04,-5.62E-04,-7.55E-05,-2.28E-04,-7.11E-04,-2.89E-04,1.19E-04,-1.62E-04,1.83E-05,-7.90E-05,-1.51E-04,-5.98E-04,-1.61E-04,-4.32E-04,-5.04E-04,-6.71E-05,4.40E-04
3273,-4.83E-04,-1.61E-04,-5.24E-04,-3.03E-04,-5.62E-04,-7.47E-05,-2.23E-04,-7.11E-04,-2.83E-04,1.24E-04,-1.50E-04,1.79E-05,-8.15E-05,-1.59E-04,-5.95E-04,-1.59E-04,-4.34E-04,-5.04E-04,-6.23E-05,4.41E-04
3274,-4.80E-04,-1.54E-04,-5.18E-04,-3.01E-04,-5.61E-04,-7.39E-05,-2.19E-04,-7.10E-04,-2.78E-04,1.29E-04,-1.38E-04,1.76E-05,-8.25E-05,-1.66E-04,-5.92E-04,-1.57E-04,-4.34E-04,-5.05E-04,-5.73E-05,4.43E-04
3275,-4.76E-04,-1.46E-04,-5.10E-04,-2.96E-04,-5.59E-04,-7.32E-05,-2.16E-04,-7.09E-04,-2.74E-04,1.34E-04,-1.29E-04,1.72E-05,-8.24E-05,-1.72E-04,-5.89E-04,-1.55E-04,-4.32E-04,-5.06E-04,-5.23E-05,4.45E-04
3276,-4.70E-04,-1.40E-04,-5.01E-04,-2.91E-04,-5.56E-04,-7.25E-05,-2.12E-04,-7.07E-04,-2.69E-04,1.39E-04,-1.23E-04,1.69E-05,-8.12E-05,-1.78E-04,-5.85E-04,-1.53E-04,-4.28E-04,-5.07E-04,-4.72E-05,4.47E-04
3277,-4.62E-04,-1.34E-04,-4.90E-04,-2.85E-04,-5.52E-04,-7.18E-05,-2.10E-04,-7.05E-04,-2.64E-04,1.44E-04,-1.21E-04,1.66E-05,-7.93E-05,-1.82E-04,-5.81E-04,-1.50E-04,-4.22E-04,-5.09E-04,-4.21E-05,4.49E-04
3278,-4.53E-04,-1.28E-04,-4.77E-04,-2.79E-04,-5.47E-04,-7.13E-05,-2.07E-04,-7.02E-04,-2.60E-04,1.49E-04,-1.23E-04,1.64E-05,-7.71E-05,-1.87E-04,-5.77E-04,-1.48E-04,-4.15E-04,-5.12E-04,-3.70E-05,4.52E-04
3279,-4.42E-04,-1.24E-04,-4.65E-04,-2.72E-04,-5.41E-04,-7.10E-05,-2.04E-04,-6.99E-04,-2.55E-04,1.54E-04,-1.30E-04,1.60E-05,-7.52E-05,-1.90E-04,-5.72E-04,-1.45E-04,-4.07E-04,-5.15E-04,-3.19E-05,4.54E-04
3280,-4.29E-04,-1.21E-04,-4.53E-04,-2.66E-04,-5.36E-04,-7.10E-05,-2.00E-04,-6.95E-04,-2.51E-04,1.59E-04,-1.41E-04,1.56E-05,-7.39E-05,-1.93E-04,-5.68E-04,-1.42E-04,-3.99E-04,-5.18E-04,-2.69E-05,4.56E-04
3281,-4.15E-04,-1.19E-04,-4.41E-04,-2.61E-04,-5.30E-04,-7.13E-05,-1.97E-04,-6.92E-04,-2.48E-04,1.63E-04,-1.57E-04,1.50E-05,-7.36E-05,-1.96E-04,-5.65E-04,-1.39E-04,-3.91E-04,-5.21E-04,-2.22E-05,4.58E-04
3282,-4.00E-04,-1.18E-04,-4.31E-04,-2.56E-04,-5.24E-04,-7.22E-05,-1.93E-04,-6.88E-04,-2.45E-04,1.67E-04,-1.76E-04,1.42E-05,-7.47E-05,-1.98E-04,-5.61E-04,-1.37E-04,-3.83E-04,-5.24E-04,-1.77E-05,4.60E-04
3283,-3.83E-04,-1.19E-04,-4.22E-04,-2.52E-04,-5.19E-04,-7.36E-05,-1.89E-04,-6.85E-04,-2.42E-04,1.70E-04,-1.97E-04,1.30E-05,-7.75E-05,-2.01E-04,-5.58E-04,-1.34E-04,-3.76E-04,-5.27E-04,-1.36E-05,4.61E-04
3284,-3.66E-04,-1.20E-04,-4.16E-04,-2.50E-04,-5.15E-04,-7.56E-05,-1.85E-04,-6.82E-04,-2.40E-04,1.72E-04,-2.20E-04,1.14E-05,-8.22E-05,-2.02E-04,-5.56E-04,-1.32E-04,-3.70E-04,-5.29E-04,-9.83E-06,4.61E-04
3285,-3.50E-04,-1.22E-04,-4.12E-04,-2.48E-04,-5.11E-04,-7.83E-05,-1.81E-04,-6.81E-04,-2.38E-04,1.73E-04,-2.43E-04,9.29E-06,-8.87E-05,-2.04E-04,-5.54E-04,-1.30E-04,-3.65E-04,-5.30E-04,-6.54E-06,4.61E-04
3286,-3.34E-04,-1.25E-04,-4.11E-04,-2.47E-04,-5.08E-04,-8.16E-05,-1.77E-04,-6.80E-04,-2.37E-04,1.73E-04,-2.65E-04,6.63E-06,-9.69E-05,-2.05E-04,-5.52E-04,-1.29E-04,-3.60E-04,-5.31E-04,-3.73E-06,4.60E-04
3287,-3.20E-04,-1.28E-04,-4.12E-04,-2.46E-04,-5.05E-04,-8.55E-05,-1.73E-04,-6.81E-04,-2.36E-04,1.73E-04,-2.84E-04,3.40E-06,-1.07E-04,-2.06E-04,-5.51E-04,-1.27E-04,-3.57E-04,-5.30E-04,-1.40E-06,4.58E-04
3288,-3.07E-04,-1.31E-04,-4.16E-04,-2.45E-04,-5.03E-04,-8.98E-05,-1.70E-04,-6.83E-04,-2.36E-04,1.72E-04,-3.00E-04,-3.63E-07,-1.18E-04,-2.07E-04,-5.49E-04,-1.26E-04,-3.53E-04,-5.28E-04,4.56E-07,4.55E-04
3289,-2.97E-04,-1.34E-04,-4.21E-04,-2.44E-04,-5.02E-04,-9.46E-05,-1.67E-04,-6.87E-04,-2.36E-04,1.70E-04,-3.12E-04,-4.59E-06,-1.29E-04,-2.08E-04,-5.48E-04,-1.25E-04,-3.50E-04,-5.26E-04,1.86E-06,4.52E-04
3290,-2.90E-04,-1.37E-04,-4.29E-04,-2.42E-04,-5.01E-04,-9.96E-05,-1.66E-04,-6.92E-04,-2.36E-04,1.68E-04,-3.19E-04,-9.16E-06,-1.42E-04,-2.08E-04,-5.46E-04,-1.25E-04,-3.47E-04,-5.22E-04,2.86E-06,4.49E-04
3291,-2.86E-04,-1.39E-04,-4.37E-04,-2.39E-04,-4.99E-04,-1.05E-04,-1.65E-04,-6.99E-04,-2.36E-04,1.65E-04,-3.20E-04,-1.39E-05,-1.54E-04,-2.08E-04,-5.45E-04,-1.24E-04,-3.44E-04,-5.17E-04,3.51E-06,4.45E-04
3292,-2.84E-04,-1.41E-04,-4.46E-04,-2.34E-04,-4.97E-04,-1.10E-04,-1.65E-04,-7.06E-04,-2.37E-04,1.63E-04,-3.16E-04,-1.86E-05,-1.65E-04,-2.07E-04,-5.43E-04,-1.24E-04,-3.40E-04,-5.12E-04,3.89E-06,4.40E-04
3293,-2.86E-04,-1.41E-04,-4.55E-04,-2.29E-04,-4.94E-04,-1.14E-04,-1.66E-04,-7.15E-04,-2.37E-04,1.61E-04,-3.06E-04,-2.30E-05,-1.75E-04,-2.05E-04,-5.40E-04,-1.23E-04,-3.36E-04,-5.06E-04,4.08E-06,4.36E-04
3294,-2.90E-04,-1.40E-04,-4.63E-04,-2.21E-04,-4.91E-04,-1.18E-04,-1.68E-04,-7.24E-04,-2.37E-04,1.59E-04,-2.92E-04,-2.68E-05,-1.84E-04,-2.03E-04,-5.37E-04,-1.23E-04,-3.30E-04,-5.00E-04,4.16E-06,4.32E-04
3295,-2.96E-04,-1.39E-04,-4.70E-04,-2.12E-04,-4.86E-04,-1.22E-04,-1.71E-04,-7.32E-04,-2.36E-04,1.57E-04,-2.74E-04,-2.98E-05,-1.91E-04,-2.00E-04,-5.33E-04,-1.22E-04,-3.24E-04,-4.94E-04,4.18E-06,4.28E-04
3296,-3.04E-04,-1.36E-04,-4.76E-04,-2.02E-04,-4.80E-04,-1.24E-04,-1.75E-04,-7.40E-04,-2.35E-04,1.57E-04,-2.52E-04,-3.16E-05,-1.96E-04,-1.96E-04,-5.29E-04,-1.21E-04,-3.17E-04,-4.88E-04,4.23E-06,4.24E-04
3297,-3.12E-04,-1.33E-04,-4.79E-04,-1.91E-04,-4.74E-04,-1.26E-04,-1.80E-04,-7.47E-04,-2.34E-04,1.57E-04,-2.29E-04,-3.20E-05,-1.98E-04,-1.91E-04,-5.24E-04,-1.20E-04,-3.10E-04,-4.82E-04,4.33E-06,4.21E-04
3298,-3.20E-04,-1.28E-04,-4.81E-04,-1.78E-04,-4.66E-04,-1.27E-04,-1.85E-04,-7.53E-04,-2.32E-04,1.58E-04,-2.05E-04,-3.08E-05,-1.99E-04,-1.85E-04,-5.19E-04,-1.18E-04,-3.02E-04,-4.76E-04,4.52E-06,4.18E-04
3299,-3.28E-04,-1.23E-04,-4.80E-04,-1.65E-04,-4.58E-04,-1.26E-04,-1.90E-04,-7.56E-04,-2.30E-04,1.59E-04,-1.81E-04,-2.79E-05,-1.98E-04,-1.78E-04,-5.14E-04,-1.16E-04,-2.94E-04,-4.71E-04,4.79E-06,4.16E-04
3300,-3.35E-04,-1.18E-04,-4.78E-04,-1.53E-04,-4.50E-04,-1.25E-04,-1.95E-04,-7.58E-04,-2.27E-04,1.61E-04,-1.59E-04,-2.32E-05,-1.95E-04,-1.70E-04,-5.08E-04,-1.14E-04,-2.86E-04,-4.67E-04,5.13E-06,4.14E-04
3301,-3.40E-04,-1.13E-04,-4.73E-04,-1.41E-04,-4.41E-04,-1.23E-04,-2.00E-04,-7.58E-04,-2.23E-04,1.64E-04,-1.39E-04,-1.67E-05,-1.90E-04,-1.61E-04,-5.02E-04,-1.11E-04,-2.79E-04,-4.63E-04,5.49E-06,4.13E-04
3302,-3.42E-04,-1.08E-04,-4.67E-04,-1.29E-04,-4.34E-04,-1.20E-04,-2.05E-04,-7.55E-04,-2.20E-04,1.67E-04,-1.22E-04,-8.58E-06,-1.85E-04,-1.52E-04,-4.96E-04,-1.08E-04,-2.72E-04,-4.60E-04,5.79E-06,4.11E-04
3303,-3.41E-04,-1.04E-04,-4.60E-04,-1.20E-04,-4.27E-04,-1.17E-04,-2.09E-04,-7.51E-04,-2.16E-04,1.71E-04,-1.09E-04,9.67E-07,-1.78E-04,-1.42E-04,-4.91E-04,-1.04E-04,-2.66E-04,-4.58E-04,5.97E-06,4.10E-04
3304,-3.37E-04,-9.98E-05,-4.52E-04,-1.12E-04,-4.22E-04,-1.14E-04,-2.13E-04,-7.44E-04,-2.12E-04,1.74E-04,-9.92E-05,1.16E-05,-1.71E-04,-1.31E-04,-4.86E-04,-1.00E-04,-2.61E-04,-4.56E-04,5.91E-06,4.09E-04
3305,-3.30E-04,-9.71E-05,-4.44E-04,-1.06E-04,-4.18E-04,-1.10E-04,-2.17E-04,-7.37E-04,-2.08E-04,1.76E-04,-9.28E-05,2.29E-05,-1.63E-04,-1.21E-04,-4.82E-04,-9.65E-05,-2.57E-04,-4.55E-04,5.52E-06,4.07E-04
3306,-3.19E-04,-9.57E-05,-4.36E-04,-1.03E-04,-4.16E-04,-1.06E-04,-2.20E-04,-7.28E-04,-2.05E-04,1.78E-04,-8.95E-05,3.45E-05,-1.56E-04,-1.10E-04,-4.78E-04,-9.27E-05,-2.54E-04,-4.54E-04,4.70E-06,4.05E-04
3307,-3.07E-04,-9.57E-05,-4.29E-04,-1.01E-04,-4.16E-04,-1.03E-04,-2.23E-04,-7.19E-04,-2.02E-04,1.79E-04,-8.89E-05,4.58E-05,-1.49E-04,-9.89E-05,-4.75E-04,-8.91E-05,-2.52E-04,-4.54E-04,3.33E-06,4.03E-04
3308,-2.92E-04,-9.72E-05,-4.23E-04,-1.02E-04,-4.18E-04,-1.01E-04,-2.26E-04,-7.11E-04,-1.99E-04,1.79E-04,-9.01E-05,5.63E-05,-1.43E-04,-8.83E-05,-4.73E-04,-8.57E-05,-2.50E-04,-4.54E-04,1.32E-06,4.00E-04
3309,-2.75E-04,-1.00E-04,-4.18E-04,-1.06E-04,-4.22E-04,-9.90E-05,-2.29E-04,-7.03E-04,-1.97E-04,1.78E-04,-9.25E-05,6.56E-05,-1.38E-04,-7.82E-05,-4.71E-04,-8.28E-05,-2.49E-04,-4.55E-04,-1.39E-06,3.96E-04
3310,-2.57E-04,-1.05E-04,-4.15E-04,-1.10E-04,-4.27E-04,-9.82E-05,-2.32E-04,-6.96E-04,-1.96E-04,1.75E-04,-9.51E-05,7.32E-05,-1.33E-04,-6.86E-05,-4.71E-04,-8.05E-05,-2.49E-04,-4.55E-04,-4.85E-06,3.91E-04
3311,-2.39E-04,-1.12E-04,-4.13E-04,-1.17E-04,-4.34E-04,-9.85E-05,-2.35E-04,-6.91E-04,-1.95E-04,1.71E-04,-9.74E-05,7.86E-05,-1.30E-04,-5.98E-05,-4.71E-04,-7.90E-05,-2.48E-04,-4.56E-04,-9.11E-06,3.85E-04
3312,-2.22E-04,-1.20E-04,-4.14E-04,-1.24E-04,-4.40E-04,-9.99E-05,-2.38E-04,-6.88E-04,-1.95E-04,1.65E-04,-9.85E-05,8.18E-05,-1.28E-04,-5.19E-05,-4.72E-04,-7.83E-05,-2.47E-04,-4.57E-04,-1.42E-05,3.79E-04
3313,-2.06E-04,-1.30E-04,-4.16E-04,-1.32E-04,-4.48E-04,-1.02E-04,-2.43E-04,-6.87E-04,-1.95E-04,1.58E-04,-9.81E-05,8.24E-05,-1.27E-04,-4.49E-05,-4.74E-04,-7.86E-05,-2.45E-04,-4.59E-04,-2.00E-05,3.71E-04
3314,-1.91E-04,-1.41E-04,-4.20E-04,-1.40E-04,-4.54E-04,-1.06E-04,-2.48E-04,-6.88E-04,-1.96E-04,1.50E-04,-9.59E-05,8.05E-05,-1.28E-04,-3.89E-05,-4.76E-04,-8.00E-05,-2.42E-04,-4.61E-04,-2.65E-05,3.63E-04
3315,-1.79E-04,-1.54E-04,-4.25E-04,-1.47E-04,-4.60E-04,-1.11E-04,-2.53E-04,-6.91E-04,-1.98E-04,1.40E-04,-9.17E-05,7.61E-05,-1.30E-04,-3.41E-05,-4.79E-04,-8.25E-05,-2.39E-04,-4.63E-04,-3.38E-05,3.54E-04
3316,-1.70E-04,-1.68E-04,-4.32E-04,-1.55E-04,-4.65E-04,-1.17E-04,-2.60E-04,-6.97E-04,-2.00E-04,1.29E-04,-8.58E-05,6.95E-05,-1.34E-04,-3.04E-05,-4.82E-04,-8.61E-05,-2.35E-04,-4.66E-04,-4.16E-05,3.45E-04
3317,-1.64E-04,-1.83E-04,-4.40E-04,-1.61E-04,-4.69E-04,-1.23E-04,-2.68E-04,-7.04E-04,-2.03E-04,1.18E-04,-7.84E-05,6.11E-05,-1.39E-04,-2.78E-05,-4.85E-04,-9.09E-05,-2.31E-04,-4.69E-04,-4.98E-05,3.35E-04
3318,-1.61E-04,-1.98E-04,-4.48E-04,-1.67E-04,-4.70E-04,-1.31E-04,-2.77E-04,-7.12E-04,-2.05E-04,1.06E-04,-7.01E-05,5.12E-05,-1.46E-04,-2.63E-05,-4.89E-04,-9.68E-05,-2.27E-04,-4.73E-04,-5.85E-05,3.25E-04
3319,-1.61E-04,-2.14E-04,-4.58E-04,-1.72E-04,-4.71E-04,-1.39E-04,-2.87E-04,-7.21E-04,-2.08E-04,9.39E-05,-6.15E-05,4.03E-05,-1.54E-04,-2.59E-05,-4.92E-04,-1.04E-04,-2.22E-04,-4.77E-04,-6.75E-05,3.15E-04
3320,-1.64E-04,-2.31E-04,-4.68E-04,-1.77E-04,-4.70E-04,-1.48E-04,-2.98E-04,-7.30E-04,-2.12E-04,8.15E-05,-5.35E-05,2.89E-05,-1.64E-04,-2.65E-05,-4.96E-04,-1.12E-04,-2.18E-04,-4.83E-04,-7.67E-05,3.05E-04
3321,-1.70E-04,-2.48E-04,-4.78E-04,-1.80E-04,-4.68E-04,-1.57E-04,-3.09E-04,-7.39E-04,-2.15E-04,6.92E-05,-4.65E-05,1.74E-05,-1.75E-04,-2.81E-05,-5.00E-04,-1.21E-04,-2.15E-04,-4.89E-04,-8.61E-05,2.94E-04
3322,-1.78E-04,-2.65E-04,-4.88E-04,-1.84E-04,-4.65E-04,-1.66E-04,-3.22E-04,-7.47E-04,-2.19E-04,5.72E-05,-4.15E-05,6.43E-06,-1.88E-04,-3.06E-05,-5.04E-04,-1.30E-04,-2.13E-04,-4.96E-04,-9.54E-05,2.84E-04
3323,-1.88E-04,-2.82E-04,-4.99E-04,-1.87E-04,-4.62E-04,-1.76E-04,-3.35E-04,-7.55E-04,-2.23E-04,4.55E-05,-3.89E-05,-3.78E-06,-2.03E-04,-3.40E-05,-5.08E-04,-1.41E-04,-2.12E-04,-5.04E-04,-1.05E-04,2.75E-04
3324,-2.00E-04,-2.99E-04,-5.10E-04,-1.91E-04,-4.60E-04,-1.85E-04,-3.48E-04,-7.61E-04,-2.27E-04,3.41E-05,-3.91E-05,-1.29E-05,-2.19E-04,-3.81E-05,-5.13E-04,-1.52E-04,-2.14E-04,-5.12E-04,-1.14E-04,2.65E-04
3325,-2.14E-04,-3.17E-04,-5.21E-04,-1.95E-04,-4.58E-04,-1.96E-04,-3.62E-04,-7.66E-04,-2.31E-04,2.30E-05,-4.25E-05,-2.09E-05,-2.36E-04,-4.30E-05,-5.18E-04,-1.63E-04,-2.17E-04,-5.22E-04,-1.24E-04,2.56E-04
3326,-2.28E-04,-3.34E-04,-5.32E-04,-2.00E-04,-4.59E-04,-2.06E-04,-3.76E-04,-7.69E-04,-2.36E-04,1.23E-05,-4.91E-05,-2.77E-05,-2.54E-04,-4.86E-05,-5.23E-04,-1.75E-04,-2.23E-04,-5.32E-04,-1.33E-04,2.46E-04
3327,-2.42E-04,-3.52E-04,-5.43E-04,-2.07E-04,-4.62E-04,-2.17E-04,-3.91E-04,-7.72E-04,-2.42E-04,1.70E-06,-5.88E-05,-3.34E-05,-2.73E-04,-5.48E-05,-5.29E-04,-1.87E-04,-2.32E-04,-5.43E-04,-1.42E-04,2.37E-04
3328,-2.57E-04,-3.69E-04,-5.55E-04,-2.16E-04,-4.67E-04,-2.28E-04,-4.05E-04,-7.73E-04,-2.47E-04,-8.85E-06,-7.14E-05,-3.83E-05,-2.93E-04,-6.18E-05,-5.35E-04,-2.00E-04,-2.43E-04,-5.54E-04,-1.52E-04,2.28E-04
3329,-2.72E-04,-3.87E-04,-5.66E-04,-2.26E-04,-4.76E-04,-2.39E-04,-4.19E-04,-7.74E-04,-2.54E-04,-1.95E-05,-8.62E-05,-4.27E-05,-3.12E-04,-6.95E-05,-5.43E-04,-2.13E-04,-2.56E-04,-5.65E-04,-1.61E-04,2.19E-04
3330,-2.87E-04,-4.05E-04,-5.78E-04,-2.38E-04,-4.87E-04,-2.51E-04,-4.33E-04,-7.75E-04,-2.61E-04,-3.06E-05,-1.03E-04,-4.71E-05,-3.32E-04,-7.79E-05,-5.51E-04,-2.27E-04,-2.71E-04,-5.77E-04,-1.71E-04,2.09E-04
3331,-3.01E-04,-4.24E-04,-5.90E-04,-2.51E-04,-5.01E-04,-2.64E-04,-4.46E-04,-7.77E-04,-2.68E-04,-4.21E-05,-1.21E-04,-5.20E-05,-3.51E-04,-8.70E-05,-5.60E-04,-2.40E-04,-2.88E-04,-5.90E-04,-1.81E-04,2.00E-04
3332,-3.16E-04,-4.44E-04,-6.02E-04,-2.67E-04,-5.18E-04,-2.77E-04,-4.60E-04,-7.79E-04,-2.76E-04,-5.44E-05,-1.39E-04,-5.78E-05,-3.70E-04,-9.69E-05,-5.70E-04,-2.55E-04,-3.07E-04,-6.03E-04,-1.91E-04,1.90E-04
3333,-3.30E-04,-4.64E-04,-6.15E-04,-2.83E-04,-5.37E-04,-2.91E-04,-4.73E-04,-7.82E-04,-2.85E-04,-6.75E-05,-1.58E-04,-6.50E-05,-3.87E-04,-1.08E-04,-5.81E-04,-2.69E-04,-3.26E-04,-6.16E-04,-2.01E-04,1.79E-04
3334,-3.44E-04,-4.84E-04,-6.27E-04,-3.01E-04,-5.58E-04,-3.06E-04,-4.86E-04,-7.87E-04,-2.95E-04,-8.17E-05,-1.76E-04,-7.41E-05,-4.04E-04,-1.19E-04,-5.93E-04,-2.84E-04,-3.47E-04,-6.29E-04,-2.12E-04,1.68E-04
3335,-3.59E-04,-5.06E-04,-6.40E-04,-3.20E-04,-5.80E-04,-3.21E-04,-5.00E-04,-7.94E-04,-3.05E-04,-9.68E-05,-1.93E-04,-8.53E-05,-4.19E-04,-1.32E-04,-6.05E-04,-3.00E-04,-3.68E-04,-6.43E-04,-2.23E-04,1.57E-04
3336,-3.73E-04,-5.29E-04,-6.53E-04,-3.39E-04,-6.02E-04,-3.38E-04,-5.13E-04,-8.03E-04,-3.15E-04,-1.13E-04,-2.09E-04,-9.88E-05,-4.33E-04,-1.45E-04,-6.18E-04,-3.16E-04,-3.89E-04,-6.57E-04,-2.34E-04,1.45E-04
3337,-3.89E-04,-5.52E-04,-6.66E-04,-3.58E-04,-6.24E-04,-3.54E-04,-5.26E-04,-8.15E-04,-3.27E-04,-1.30E-04,-2.25E-04,-1.15E-04,-4.46E-04,-1.59E-04,-6.32E-04,-3.32E-04,-4.10E-04,-6.71E-04,-2.45E-04,1.33E-04
3338,-4.05E-04,-5.76E-04,-6.79E-04,-3.77E-04,-6.44E-04,-3.71E-04,-5.40E-04,-8.27E-04,-3.38E-04,-1.48E-04,-2.40E-04,-1.33E-04,-4.58E-04,-1.74E-04,-6.45E-04,-3.49E-04,-4.31E-04,-6.86E-04,-2.57E-04,1.21E-04
3339,-4.22E-04,-6.01E-04,-6.92E-04,-3.95E-04,-6.63E-04,-3.88E-04,-5.55E-04,-8.42E-04,-3.50E-04,-1.67E-04,-2.54E-04,-1.53E-04,-4.69E-04,-1.89E-04,-6.59E-04,-3.67E-04,-4.51E-04,-7.00E-04,-2.68E-04,1.08E-04
3340,-4.41E-04,-6.26E-04,-7.06E-04,-4.12E-04,-6.79E-04,-4.05E-04,-5.70E-04,-8.58E-04,-3.62E-04,-1.87E-04,-2.69E-04,-1.76E-04,-4.78E-04,-2.06E-04,-6.72E-04,-3.85E-04,-4.71E-04,-7.16E-04,-2.80E-04,9.60E-05
3341,-4.60E-04,-6.52E-04,-7.19E-04,-4.29E-04,-6.93E-04,-4.22E-04,-5.86E-04,-8.74E-04,-3.75E-04,-2.07E-04,-2.85E-04,-1.99E-04,-4.88E-04,-2.22E-04,-6.86E-04,-4.03E-04,-4.91E-04,-7.31E-04,-2.91E-04,8.36E-05
3342,-4.81E-04,-6.77E-04,-7.32E-04,-4.43E-04,-7.04E-04,-4.39E-04,-6.02E-04,-8.91E-04,-3.88E-04,-2.26E-04,-3.02E-04,-2.24E-04,-4.97E-04,-2.39E-04,-6.99E-04,-4.21E-04,-5.11E-04,-7.46E-04,-3.02E-04,7.16E-05
3343,-5.02E-04,-7.02E-04,-7.46E-04,-4.57E-04,-7.11E-04,-4.55E-04,-6.19E-04,-9.07E-04,-4.00E-04,-2.46E-04,-3.22E-04,-2.48E-04,-5.06E-04,-2.57E-04,-7.11E-04,-4.40E-04,-5.30E-04,-7.62E-04,-3.13E-04,6.00E-05
3344,-5.25E-04,-7.27E-04,-7.60E-04,-4.69E-04,-7.16E-04,-4.71E-04,-6.37E-04,-9.23E-04,-4.13E-04,-2.64E-04,-3.44E-04,-2.73E-04,-5.16E-04,-2.74E-04,-7.22E-04,-4.58E-04,-5.49E-04,-7.77E-04,-3.24E-04,4.90E-05
3345,-5.48E-04,-7.51E-04,-7.74E-04,-4.80E-04,-7.19E-04,-4.86E-04,-6.56E-04,-9.38E-04,-4.26E-04,-2.82E-04,-3.69E-04,-2.97E-04,-5.26E-04,-2.91E-04,-7.33E-04,-4.76E-04,-5.67E-04,-7.93E-04,-3.34E-04,3.87E-05
3346,-5.72E-04,-7.74E-04,-7.89E-04,-4.89E-04,-7.19E-04,-4.99E-04,-6.76E-04,-9.51E-04,-4.38E-04,-2.99E-04,-3.97E-04,-3.20E-04,-5.37E-04,-3.09E-04,-7.44E-04,-4.94E-04,-5.86E-04,-8.07E-04,-3.44E-04,2.93E-05
3347,-5.96E-04,-7.96E-04,-8.03E-04,-4.98E-04,-7.18E-04,-5.12E-04,-6.95E-04,-9.62E-04,-4.51E-04,-3.14E-04,-4.27E-04,-3.41E-04,-5.48E-04,-3.25E-04,-7.53E-04,-5.10E-04,-6.05E-04,-8.22E-04,-3.53E-04,2.07E-05
3348,-6.19E-04,-8.16E-04,-8.18E-04,-5.05E-04,-7.16E-04,-5.23E-04,-7.15E-04,-9.72E-04,-4.63E-04,-3.28E-04,-4.61E-04,-3.60E-04,-5.61E-04,-3.41E-04,-7.62E-04,-5.26E-04,-6.24E-04,-8.36E-04,-3.62E-04,1.31E-05
3349,-6.42E-04,-8.34E-04,-8.33E-04,-5.13E-04,-7.15E-04,-5.33E-04,-7.36E-04,-9.80E-04,-4.75E-04,-3.40E-04,-4.97E-04,-3.78E-04,-5.75E-04,-3.57E-04,-7.70E-04,-5.41E-04,-6.42E-04,-8.49E-04,-3.70E-04,6.51E-06
3350,-6.65E-04,-8.51E-04,-8.48E-04,-5.19E-04,-7.14E-04,-5.43E-04,-7.56E-04,-9.86E-04,-4.87E-04,-3.51E-04,-5.34E-04,-3.94E-04,-5.91E-04,-3.72E-04,-7.77E-04,-5.55E-04,-6.61E-04,-8.61E-04,-3.78E-04,8.63E-07
3351,-6.86E-04,-8.66E-04,-8.63E-04,-5.26E-04,-7.14E-04,-5.50E-04,-7.75E-04,-9.91E-04,-4.98E-04,-3.59E-04,-5.71E-04,-4.08E-04,-6.07E-04,-3.85E-04,-7.85E-04,-5.67E-04,-6.79E-04,-8.72E-04,-3.85E-04,-3.86E-06
3352,-7.05E-04,-8.79E-04,-8.77E-04,-5.32E-04,-7.16E-04,-5.57E-04,-7.94E-04,-9.95E-04,-5.10E-04,-3.67E-04,-6.09E-04,-4.21E-04,-6.24E-04,-3.98E-04,-7.92E-04,-5.78E-04,-6.96E-04,-8.82E-04,-3.92E-04,-7.73E-06
3353,-7.23E-04,-8.91E-04,-8.91E-04,-5.39E-04,-7.19E-04,-5.63E-04,-8.12E-04,-9.98E-04,-5.20E-04,-3.72E-04,-6.45E-04,-4.32E-04,-6.42E-04,-4.10E-04,-7.98E-04,-5.88E-04,-7.13E-04,-8.91E-04,-3.98E-04,-1.08E-05
3354,-7.39E-04,-9.01E-04,-9.05E-04,-5.46E-04,-7.25E-04,-5.68E-04,-8.29E-04,-1.00E-03,-5.31E-04,-3.77E-04,-6.79E-04,-4.42E-04,-6.60E-04,-4.22E-04,-8.05E-04,-5.97E-04,-7.29E-04,-8.99E-04,-4.04E-04,-1.33E-05
3355,-7.53E-04,-9.10E-04,-9.17E-04,-5.53E-04,-7.33E-04,-5.72E-04,-8.45E-04,-1.01E-03,-5.41E-04,-3.80E-04,-7.09E-04,-4.52E-04,-6.78E-04,-4.32E-04,-8.11E-04,-6.04E-04,-7.44E-04,-9.07E-04,-4.09E-04,-1.52E-05
3356,-7.64E-04,-9.18E-04,-9.29E-04,-5.61E-04,-7.44E-04,-5.75E-04,-8.60E-04,-1.01E-03,-5.50E-04,-3.83E-04,-7.35E-04,-4.61E-04,-6.96E-04,-4.41E-04,-8.17E-04,-6.10E-04,-7.58E-04,-9.13E-04,-4.14E-04,-1.67E-05
3357,-7.74E-04,-9.25E-04,-9.39E-04,-5.68E-04,-7.55E-04,-5.78E-04,-8.73E-04,-1.01E-03,-5.59E-04,-3.84E-04,-7.57E-04,-4.71E-04,-7.14E-04,-4.50E-04,-8.23E-04,-6.15E-04,-7.71E-04,-9.18E-04,-4.19E-04,-1.78E-05
3358,-7.82E-04,-9.31E-04,-9.49E-04,-5.76E-04,-7.68E-04,-5.80E-04,-8.85E-04,-1.02E-03,-5.68E-04,-3.86E-04,-7.73E-04,-4.81E-04,-7.32E-04,-4.58E-04,-8.29E-04,-6.18E-04,-7.82E-04,-9.23E-04,-4.24E-04,-1.87E-05
3359,-7.89E-04,-9.38E-04,-9.56E-04,-5.83E-04,-7.81E-04,-5.81E-04,-8.96E-04,-1.03E-03,-5.76E-04,-3.87E-04,-7.85E-04,-4.92E-04,-7.48E-04,-4.65E-04,-8.35E-04,-6.21E-04,-7.91E-04,-9.27E-04,-4.28E-04,-1.95E-05
3360,-7.94E-04,-9.44E-04,-9.63E-04,-5.90E-04,-7.94E-04,-5.82E-04,-9.06E-04,-1.04E-03,-5.83E-04,-3.88E-04,-7.91E-04,-5.03E-04,-7.64E-04,-4.71E-04,-8.40E-04,-6.23E-04,-8.00E-04,-9.31E-04,-4.32E-04,-2.03E-05
3361,-7.98E-04,-9.51E-04,-9.69E-04,-5.96E-04,-8.06E-04,-5.82E-04,-9.15E-04,-1.05E-03,-5.89E-04,-3.89E-04,-7.93E-04,-5.14E-04,-7.78E-04,-4.77E-04,-8.45E-04,-6.23E-04,-8.07E-04,-9.35E-04,-4.36E-04,-2.10E-05
3362,-8.01E-04,-9.58E-04,-9.73E-04,-6.02E-04,-8.16E-04,-5.82E-04,-9.23E-04,-1.06E-03,-5.94E-04,-3.91E-04,-7.91E-04,-5.26E-04,-7.91E-04,-4.82E-04,-8.50E-04,-6.23E-04,-8.13E-04,-9.38E-04,-4.40E-04,-2.16E-05
3363,-8.04E-04,-9.66E-04,-9.76E-04,-6.07E-04,-8.24E-04,-5.80E-04,-9.31E-04,-1.07E-03,-5.99E-04,-3.92E-04,-7.86E-04,-5.38E-04,-8.02E-04,-4.86E-04,-8.54E-04,-6.23E-04,-8.18E-04,-9.41E-04,-4.43E-04,-2.22E-05
3364,-8.07E-04,-9.74E-04,-9.78E-04,-6.11E-04,-8.29E-04,-5.78E-04,-9.37E-04,-1.08E-03,-6.03E-04,-3.93E-04,-7.79E-04,-5.51E-04,-8.12E-04,-4.90E-04,-8.56E-04,-6.21E-04,-8.21E-04,-9.45E-04,-4.45E-04,-2.28E-05
3365,-8.10E-04,-9.83E-04,-9.80E-04,-6.13E-04,-8.30E-04,-5.74E-04,-9.44E-04,-1.09E-03,-6.06E-04,-3.93E-04,-7.71E-04,-5.63E-04,-8.20E-04,-4.93E-04,-8.58E-04,-6.19E-04,-8.25E-04,-9.48E-04,-4.47E-04,-2.32E-05
3366,-8.13E-04,-9.92E-04,-9.81E-04,-6.15E-04,-8.28E-04,-5.70E-04,-9.49E-04,-1.10E-03,-6.08E-04,-3.94E-04,-7.63E-04,-5.75E-04,-8.27E-04,-4.95E-04,-8.59E-04,-6.15E-04,-8.27E-04,-9.51E-04,-4.49E-04,-2.34E-05
3367,-8.17E-04,-1.00E-03,-9.81E-04,-6.14E-04,-8.22E-04,-5.64E-04,-9.54E-04,-1.11E-03,-6.09E-04,-3.93E-04,-7.57E-04,-5.86E-04,-8.32E-04,-4.96E-04,-8.58E-04,-6.11E-04,-8.29E-04,-9.53E-04,-4.50E-04,-2.33E-05
3368,-8.21E-04,-1.01E-03,-9.81E-04,-6.12E-04,-8.12E-04,-5.57E-04,-9.59E-04,-1.12E-03,-6.09E-04,-3.92E-04,-7.52E-04,-5.96E-04,-8.35E-04,-4.96E-04,-8.56E-04,-6.06E-04,-8.30E-04,-9.56E-04,-4.50E-04,-2.29E-05
3369,-8.25E-04,-1.02E-03,-9.80E-04,-6.09E-04,-7.99E-04,-5.48E-04,-9.63E-04,-1.12E-03,-6.09E-04,-3.90E-04,-7.49E-04,-6.05E-04,-8.37E-04,-4.95E-04,-8.53E-04,-6.00E-04,-8.31E-04,-9.57E-04,-4.50E-04,-2.20E-05
3370,-8.29E-04,-1.03E-03,-9.79E-04,-6.05E-04,-7.83E-04,-5.38E-04,-9.65E-04,-1.12E-03,-6.07E-04,-3.86E-04,-7.49E-04,-6.13E-04,-8.38E-04,-4.93E-04,-8.49E-04,-5.93E-04,-8.32E-04,-9.58E-04,-4.49E-04,-2.05E-05
3371,-8.33E-04,-1.04E-03,-9.77E-04,-5.98E-04,-7.65E-04,-5.27E-04,-9.67E-04,-1.12E-03,-6.05E-04,-3.82E-04,-7.52E-04,-6.19E-04,-8.38E-04,-4.90E-04,-8.44E-04,-5.85E-04,-8.32E-04,-9.59E-04,-4.47E-04,-1.84E-05
3372,-8.37E-04,-1.04E-03,-9.75E-04,-5.91E-04,-7.45E-04,-5.14E-04,-9.67E-04,-1.12E-03,-6.02E-04,-3.75E-04,-7.58E-04,-6.25E-04,-8.36E-04,-4.85E-04,-8.37E-04,-5.76E-04,-8.31E-04,-9.58E-04,-4.44E-04,-1.57E-05
3373,-8.39E-04,-1.05E-03,-9.72E-04,-5.82E-04,-7.23E-04,-4.99E-04,-9.66E-04,-1.12E-03,-5.98E-04,-3.67E-04,-7.66E-04,-6.29E-04,-8.34E-04,-4.79E-04,-8.30E-04,-5.66E-04,-8.29E-04,-9.55E-04,-4.41E-04,-1.23E-05
3374,-8.40E-04,-1.05E-03,-9.68E-04,-5.73E-04,-7.01E-04,-4.84E-04,-9.63E-04,-1.11E-03,-5.93E-04,-3.58E-04,-7.76E-04,-6.32E-04,-8.31E-04,-4.72E-04,-8.22E-04,-5.54E-04,-8.27E-04,-9.52E-04,-4.36E-04,-8.26E-06
3375,-8.39E-04,-1.06E-03,-9.62E-04,-5.62E-04,-6.80E-04,-4.67E-04,-9.57E-04,-1.10E-03,-5.87E-04,-3.47E-04,-7.86E-04,-6.33E-04,-8.28E-04,-4.63E-04,-8.13E-04,-5.41E-04,-8.24E-04,-9.47E-04,-4.31E-04,-3.54E-06
3376,-8.37E-04,-1.06E-03,-9.56E-04,-5.50E-04,-6.59E-04,-4.49E-04,-9.50E-04,-1.09E-03,-5.80E-04,-3.35E-04,-7.97E-04,-6.34E-04,-8.23E-04,-4.54E-04,-8.04E-04,-5.28E-04,-8.19E-04,-9.40E-04,-4.25E-04,1.78E-06
3377,-8.31E-04,-1.05E-03,-9.48E-04,-5.38E-04,-6.40E-04,-4.30E-04,-9.41E-04,-1.08E-03,-5.73E-04,-3.21E-04,-8.06E-04,-6.34E-04,-8.19E-04,-4.43E-04,-7.95E-04,-5.13E-04,-8.13E-04,-9.32E-04,-4.18E-04,7.62E-06
3378,-8.24E-04,-1.05E-03,-9.38E-04,-5.25E-04,-6.23E-04,-4.10E-04,-9.30E-04,-1.06E-03,-5.65E-04,-3.07E-04,-8.14E-04,-6.33E-04,-8.14E-04,-4.32E-04,-7.86E-04,-4.98E-04,-8.06E-04,-9.22E-04,-4.10E-04,1.39E-05
3379,-8.14E-04,-1.05E-03,-9.27E-04,-5.12E-04,-6.07E-04,-3.90E-04,-9.18E-04,-1.05E-03,-5.56E-04,-2.92E-04,-8.19E-04,-6.31E-04,-8.08E-04,-4.19E-04,-7.77E-04,-4.82E-04,-7.98E-04,-9.10E-04,-4.02E-04,2.05E-05
3380,-8.02E-04,-1.04E-03,-9.13E-04,-4.98E-04,-5.94E-04,-3.70E-04,-9.03E-04,-1.04E-03,-5.46E-04,-2.77E-04,-8.21E-04,-6.28E-04,-8.02E-04,-4.07E-04,-7.68E-04,-4.65E-04,-7.88E-04,-8.98E-04,-3.94E-04,2.73E-05
3381,-7.87E-04,-1.03E-03,-8.99E-04,-4.84E-04,-5.83E-04,-3.49E-04,-8.88E-04,-1.02E-03,-5.35E-04,-2.61E-04,-8.19E-04,-6.24E-04,-7.96E-04,-3.93E-04,-7.59E-04,-4.48E-04,-7.77E-04,-8.84E-04,-3.84E-04,3.41E-05
3382,-7.71E-04,-1.02E-03,-8.83E-04,-4.70E-04,-5.73E-04,-3.29E-04,-8.72E-04,-1.01E-03,-5.24E-04,-2.46E-04,-8.14E-04,-6.19E-04,-7.89E-04,-3.80E-04,-7.50E-04,-4.31E-04,-7.64E-04,-8.69E-04,-3.75E-04,4.09E-05
3383,-7.54E-04,-1.01E-03,-8.65E-04,-4.56E-04,-5.65E-04,-3.09E-04,-8.56E-04,-9.91E-04,-5.13E-04,-2.31E-04,-8.04E-04,-6.12E-04,-7.81E-04,-3.66E-04,-7.41E-04,-4.15E-04,-7.51E-04,-8.53E-04,-3.65E-04,4.75E-05
3384,-7.35E-04,-1.00E-03,-8.47E-04,-4.41E-04,-5.58E-04,-2.89E-04,-8.40E-04,-9.76E-04,-5.00E-04,-2.17E-04,-7.90E-04,-6.03E-04,-7.73E-04,-3.53E-04,-7.32E-04,-3.98E-04,-7.37E-04,-8.37E-04,-3.55E-04,5.39E-05
3385,-7.16E-04,-9.91E-04,-8.27E-04,-4.27E-04,-5.52E-04,-2.70E-04,-8.25E-04,-9.61E-04,-4.87E-04,-2.04E-04,-7.72E-04,-5.92E-04,-7.64E-04,-3.39E-04,-7.23E-04,-3.81E-04,-7.22E-04,-8.21E-04,-3.44E-04,5.98E-05
3386,-6.97E-04,-9.80E-04,-8.08E-04,-4.12E-04,-5.46E-04,-2.52E-04,-8.11E-04,-9.45E-04,-4.74E-04,-1.91E-04,-7.52E-04,-5.79E-04,-7.54E-04,-3.26E-04,-7.14E-04,-3.65E-04,-7.07E-04,-8.04E-04,-3.33E-04,6.52E-05
3387,-6.79E-04,-9.69E-04,-7.88E-04,-3.98E-04,-5.40E-04,-2.34E-04,-7.99E-04,-9.30E-04,-4.60E-04,-1.80E-04,-7.29E-04,-5.64E-04,-7.43E-04,-3.13E-04,-7.05E-04,-3.50E-04,-6.91E-04,-7.88E-04,-3.23E-04,7.02E-05
3388,-6.60E-04,-9.58E-04,-7.68E-04,-3.83E-04,-5.33E-04,-2.16E-04,-7.88E-04,-9.14E-04,-4.46E-04,-1.69E-04,-7.04E-04,-5.46E-04,-7.31E-04,-3.01E-04,-6.94E-04,-3.35E-04,-6.75E-04,-7.71E-04,-3.12E-04,7.45E-05
3389,-6.43E-04,-9.46E-04,-7.49E-04,-3.68E-04,-5.25E-04,-1.99E-04,-7.79E-04,-8.98E-04,-4.32E-04,-1.59E-04,-6.79E-04,-5.27E-04,-7.17E-04,-2.88E-04,-6.84E-04,-3.20E-04,-6.59E-04,-7.55E-04,-3.00E-04,7.83E-05
3390,-6.26E-04,-9.35E-04,-7.30E-04,-3.53E-04,-5.15E-04,-1.83E-04,-7.72E-04,-8.82E-04,-4.17E-04,-1.49E-04,-6.54E-04,-5.05E-04,-7.02E-04,-2.76E-04,-6.72E-04,-3.06E-04,-6.43E-04,-7.40E-04,-2.89E-04,8.15E-05
3391,-6.10E-04,-9.23E-04,-7.12E-04,-3.38E-04,-5.04E-04,-1.67E-04,-7.67E-04,-8.65E-04,-4.02E-04,-1.40E-04,-6.28E-04,-4.81E-04,-6.86E-04,-2.63E-04,-6.59E-04,-2.93E-04,-6.27E-04,-7.25E-04,-2.78E-04,8.42E-05
3392,-5.94E-04,-9.11E-04,-6.94E-04,-3.24E-04,-4.91E-04,-1.51E-04,-7.64E-04,-8.48E-04,-3.87E-04,-1.32E-04,-6.04E-04,-4.57E-04,-6.69E-04,-2.51E-04,-6.45E-04,-2.80E-04,-6.11E-04,-7.10E-04,-2.66E-04,8.64E-05
3393,-5.78E-04,-8.99E-04,-6.77E-04,-3.09E-04,-4.77E-04,-1.36E-04,-7.62E-04,-8.31E-04,-3.72E-04,-1.24E-04,-5.82E-04,-4.31E-04,-6.51E-04,-2.38E-04,-6.30E-04,-2.68E-04,-5.96E-04,-6.95E-04,-2.54E-04,8.82E-05
3394,-5.61E-04,-8.85E-04,-6.60E-04,-2.94E-04,-4.61E-04,-1.21E-04,-7.60E-04,-8.13E-04,-3.57E-04,-1.15E-04,-5.61E-04,-4.04E-04,-6.31E-04,-2.26E-04,-6.15E-04,-2.56E-04,-5.80E-04,-6.81E-04,-2.42E-04,8.96E-05
3395,-5.43E-04,-8.70E-04,-6.44E-04,-2.79E-04,-4.43E-04,-1.07E-04,-7.59E-04,-7.95E-04,-3.42E-04,-1.07E-04,-5.41E-04,-3.78E-04,-6.11E-04,-2.12E-04,-5.98E-04,-2.44E-04,-5.63E-04,-6.66E-04,-2.30E-04,9.07E-05
3396,-5.23E-04,-8.54E-04,-6.27E-04,-2.64E-04,-4.24E-04,-9.26E-05,-7.57E-04,-7.77E-04,-3.27E-04,-9.83E-05,-5.24E-04,-3.52E-04,-5.90E-04,-1.99E-04,-5.80E-04,-2.33E-04,-5.47E-04,-6.51E-04,-2.18E-04,9.16E-05
3397,-5.01E-04,-8.36E-04,-6.11E-04,-2.49E-04,-4.05E-04,-7.85E-05,-7.54E-04,-7.60E-04,-3.12E-04,-8.93E-05,-5.07E-04,-3.28E-04,-5.68E-04,-1.84E-04,-5.61E-04,-2.22E-04,-5.30E-04,-6.36E-04,-2.05E-04,9.23E-05
3398,-4.75E-04,-8.16E-04,-5.94E-04,-2.34E-04,-3.86E-04,-6.47E-05,-7.49E-04,-7.42E-04,-2.97E-04,-8.01E-05,-4.91E-04,-3.04E-04,-5.46E-04,-1.70E-04,-5.41E-04,-2.10E-04,-5.12E-04,-6.20E-04,-1.92E-04,9.29E-05
3399,-4.47E-04,-7.94E-04,-5.77E-04,-2.18E-04,-3.66E-04,-5.12E-05,-7.42E-04,-7.24E-04,-2.82E-04,-7.06E-05,-4.75E-04,-2.83E-04,-5.24E-04,-1.54E-04,-5.21E-04,-1.99E-04,-4.94E-04,-6.04E-04,-1.79E-04,9.34E-05
3400,-4.16E-04,-7.70E-04,-5.59E-04,-2.03E-04,-3.47E-04,-3.81E-05,-7.33E-04,-7.06E-04,-2.66E-04,-6.10E-05,-4.59E-04,-2.63E-04,-5.03E-04,-1.38E-04,-5.00E-04,-1.88E-04,-4.75E-04,-5.86E-04,-1.66E-04,9.38E-05
3401,-3.81E-04,-7.44E-04,-5.40E-04,-1.87E-04,-3.29E-04,-2.54E-05,-7.21E-04,-6.88E-04,-2.51E-04,-5.13E-05,-4.42E-04,-2.45E-04,-4.82E-04,-1.21E-04,-4.78E-04,-1.77E-04,-4.56E-04,-5.68E-04,-1.53E-04,9.41E-05
3402,-3.43E-04,-7.16E-04,-5.21E-04,-1.71E-04,-3.11E-04,-1.34E-05,-7.06E-04,-6.70E-04,-2.36E-04,-4.18E-05,-4.23E-04,-2.29E-04,-4.62E-04,-1.04E-04,-4.57E-04,-1.66E-04,-4.35E-04,-5.49E-04,-1.40E-04,9.44E-05
3403,-3.03E-04,-6.87E-04,-5.00E-04,-1.54E-04,-2.95E-04,-2.16E-06,-6.88E-04,-6.51E-04,-2.21E-04,-3.27E-05,-4.02E-04,-2.15E-04,-4.42E-04,-8.65E-05,-4.35E-04,-1.56E-04,-4.14E-04,-5.29E-04,-1.26E-04,9.44E-05
3404,-2.62E-04,-6.56E-04,-4.79E-04,-1.38E-04,-2.80E-04,8.18E-06,-6.68E-04,-6.33E-04,-2.06E-04,-2.42E-05,-3.79E-04,-2.02E-04,-4.24E-04,-6.87E-05,-4.14E-04,-1.45E-04,-3.92E-04,-5.08E-04,-1.13E-04,9.41E-05
3405,-2.19E-04,-6.24E-04,-4.57E-04,-1.21E-04,-2.66E-04,1.74E-05,-6.45E-04,-6.14E-04,-1.92E-04,-1.66E-05,-3.54E-04,-1.91E-04,-4.07E-04,-5.08E-05,-3.93E-04,-1.35E-04,-3.70E-04,-4.87E-04,-1.00E-04,9.35E-05
3406,-1.77E-04,-5.92E-04,-4.35E-04,-1.05E-04,-2.54E-04,2.55E-05,-6.21E-04,-5.95E-04,-1.77E-04,-1.01E-05,-3.26E-04,-1.80E-04,-3.91E-04,-3.29E-05,-3.71E-04,-1.25E-04,-3.47E-04,-4.66E-04,-8.74E-05,9.24E-05
3407,-1.36E-04,-5.60E-04,-4.13E-04,-8.81E-05,-2.42E-04,3.21E-05,-5.96E-04,-5.75E-04,-1.63E-04,-5.02E-06,-2.96E-04,-1.69E-04,-3.76E-04,-1.53E-05,-3.51E-04,-1.16E-04,-3.24E-04,-4.45E-04,-7.52E-05,9.07E-05
3408,-9.78E-05,-5.28E-04,-3.91E-04,-7.17E-05,-2.32E-04,3.72E-05,-5.70E-04,-5.55E-04,-1.49E-04,-1.52E-06,-2.65E-04,-1.58E-04,-3.63E-04,1.95E-06,-3.31E-04,-1.08E-04,-3.02E-04,-4.23E-04,-6.36E-05,8.83E-05
3409,-6.24E-05,-4.98E-04,-3.70E-04,-5.57E-05,-2.22E-04,4.06E-05,-5.44E-04,-5.34E-04,-1.35E-04,2.35E-07,-2.31E-04,-1.47E-04,-3.51E-04,1.86E-05,-3.11E-04,-1.01E-04,-2.80E-04,-4.03E-04,-5.27E-05,8.50E-05
3410,-3.10E-05,-4.69E-04,-3.49E-04,-4.02E-05,-2.13E-04,4.22E-05,-5.19E-04,-5.13E-04,-1.22E-04,9.44E-08,-1.97E-04,-1.34E-04,-3.40E-04,3.47E-05,-2.92E-04,-9.40E-05,-2.58E-04,-3.83E-04,-4.27E-05,8.08E-05
3411,-4.13E-06,-4.42E-04,-3.29E-04,-2.55E-05,-2.05E-04,4.20E-05,-4.95E-04,-4.92E-04,-1.10E-04,-2.01E-06,-1.62E-04,-1.21E-04,-3.29E-04,4.98E-05,-2.74E-04,-8.85E-05,-2.37E-04,-3.64E-04,-3.36E-05,7.55E-05
3412,1.78E-05,-4.18E-04,-3.10E-04,-1.18E-05,-1.97E-04,3.98E-05,-4.73E-04,-4.71E-04,-9.80E-05,-6.09E-06,-1.28E-04,-1.07E-04,-3.20E-04,6.41E-05,-2.57E-04,-8.40E-05,-2.18E-04,-3.47E-04,-2.56E-05,6.90E-05
3413,3.48E-05,-3.96E-04,-2.91E-04,6.22E-07,-1.89E-04,3.58E-05,-4.53E-04,-4.50E-04,-8.70E-05,-1.21E-05,-9.46E-05,-9.22E-05,-3.11E-04,7.73E-05,-2.40E-04,-8.06E-05,-1.99E-04,-3.31E-04,-1.88E-05,6.14E-05
3414,4.70E-05,-3.77E-04,-2.73E-04,1.17E-05,-1.82E-04,3.00E-05,-4.36E-04,-4.30E-04,-7.69E-05,-1.99E-05,-6.31E-05,-7.65E-05,-3.02E-04,8.95E-05,-2.25E-04,-7.83E-05,-1.82E-04,-3.16E-04,-1.32E-05,5.27E-05
3415,5.48E-05,-3.61E-04,-2.56E-04,2.11E-05,-1.74E-04,2.25E-05,-4.21E-04,-4.11E-04,-6.77E-05,-2.94E-05,-3.38E-05,-6.05E-05,-2.94E-04,1.01E-04,-2.10E-04,-7.71E-05,-1.66E-04,-3.03E-04,-8.73E-06,4.28E-05
3416,5.91E-05,-3.47E-04,-2.39E-04,2.89E-05,-1.67E-04,1.34E-05,-4.09E-04,-3.92E-04,-5.93E-05,-4.04E-05,-7.35E-06,-4.45E-05,-2.86E-04,1.11E-04,-1.97E-04,-7.69E-05,-1.52E-04,-2.92E-04,-5.48E-06,3.19E-05
3417,6.06E-05,-3.36E-04,-2.23E-04,3.48E-05,-1.60E-04,2.98E-06,-3.99E-04,-3.75E-04,-5.18E-05,-5.25E-05,1.60E-05,-2.89E-05,-2.77E-04,1.20E-04,-1.84E-04,-7.76E-05,-1.39E-04,-2.82E-04,-3.36E-06,2.00E-05
3418,6.04E-05,-3.27E-04,-2.07E-04,3.90E-05,-1.53E-04,-8.59E-06,-3.90E-04,-3.59E-04,-4.51E-05,-6.55E-05,3.59E-05,-1.42E-05,-2.68E-04,1.28E-04,-1.72E-04,-7.91E-05,-1.27E-04,-2.73E-04,-2.28E-06,7.49E-06
3419,5.96E-05,-3.19E-04,-1.90E-04,4.13E-05,-1.47E-04,-2.10E-05,-3.83E-04,-3.44E-04,-3.93E-05,-7.90E-05,5.23E-05,-7.39E-07,-2.59E-04,1.35E-04,-1.62E-04,-8.11E-05,-1.16E-04,-2.65E-04,-2.13E-06,-5.58E-06
3420,5.92E-05,-3.13E-04,-1.73E-04,4.19E-05,-1.41E-04,-3.39E-05,-3.77E-04,-3.31E-04,-3.42E-05,-9.27E-05,6.52E-05,1.11E-05,-2.49E-04,1.41E-04,-1.52E-04,-8.35E-05,-1.06E-04,-2.58E-04,-2.76E-06,-1.89E-05
3421,6.03E-05,-3.06E-04,-1.56E-04,4.09E-05,-1.35E-04,-4.71E-05,-3.71E-04,-3.19E-04,-2.97E-05,-1.06E-04,7.47E-05,2.12E-05,-2.39E-04,1.47E-04,-1.43E-04,-8.61E-05,-9.65E-05,-2.52E-04,-4.01E-06,-3.23E-05
3422,6.36E-05,-3.00E-04,-1.39E-04,3.86E-05,-1.31E-04,-6.02E-05,-3.64E-04,-3.09E-04,-2.59E-05,-1.20E-04,8.11E-05,2.92E-05,-2.28E-04,1.52E-04,-1.35E-04,-8.87E-05,-8.77E-05,-2.46E-04,-5.72E-06,-4.55E-05
3423,6.97E-05,-2.93E-04,-1.22E-04,3.52E-05,-1.27E-04,-7.29E-05,-3.57E-04,-2.99E-04,-2.25E-05,-1.32E-04,8.45E-05,3.53E-05,-2.17E-04,1.56E-04,-1.28E-04,-9.10E-05,-7.91E-05,-2.41E-04,-7.70E-06,-5.82E-05
3424,7.89E-05,-2.85E-04,-1.04E-04,3.09E-05,-1.23E-04,-8.49E-05,-3.48E-04,-2.89E-04,-1.94E-05,-1.44E-04,8.55E-05,3.95E-05,-2.06E-04,1.60E-04,-1.21E-04,-9.30E-05,-7.05E-05,-2.35E-04,-9.81E-06,-7.02E-05
3425,9.15E-05,-2.75E-04,-8.62E-05,2.61E-05,-1.20E-04,-9.60E-05,-3.38E-04,-2.80E-04,-1.67E-05,-1.54E-04,8.44E-05,4.21E-05,-1.94E-04,1.64E-04,-1.16E-04,-9.45E-05,-6.20E-05,-2.29E-04,-1.19E-05,-8.13E-05
3426,1.07E-04,-2.64E-04,-6.91E-05,2.10E-05,-1.18E-04,-1.06E-04,-3.26E-04,-2.71E-04,-1.43E-05,-1.63E-04,8.16E-05,4.33E-05,-1.83E-04,1.67E-04,-1.10E-04,-9.53E-05,-5.32E-05,-2.23E-04,-1.38E-05,-9.13E-05
3427,1.25E-04,-2.50E-04,-5.28E-05,1.59E-05,-1.17E-04,-1.15E-04,-3.11E-04,-2.62E-04,-1.21E-05,-1.71E-04,7.74E-05,4.36E-05,-1.71E-04,1.69E-04,-1.05E-04,-9.55E-05,-4.42E-05,-2.16E-04,-1.55E-05,-1.00E-04
3428,1.45E-04,-2.34E-04,-3.77E-05,1.10E-05,-1.16E-04,-1.22E-04,-2.95E-04,-2.52E-04,-1.00E-05,-1.78E-04,7.23E-05,4.34E-05,-1.60E-04,1.71E-04,-1.01E-04,-9.50E-05,-3.51E-05,-2.09E-04,-1.70E-05,-1.08E-04
3429,1.66E-04,-2.17E-04,-2.42E-05,6.49E-06,-1.16E-04,-1.28E-04,-2.78E-04,-2.41E-04,-8.25E-06,-1.83E-04,6.67E-05,4.31E-05,-1.50E-04,1.73E-04,-9.64E-05,-9.39E-05,-2.58E-05,-2.01E-04,-1.82E-05,-1.14E-04
3430,1.87E-04,-1.98E-04,-1.27E-05,2.44E-06,-1.17E-04,-1.34E-04,-2.59E-04,-2.29E-04,-6.75E-06,-1.88E-04,6.07E-05,4.31E-05,-1.41E-04,1.74E-04,-9.27E-05,-9.22E-05,-1.65E-05,-1.93E-04,-1.92E-05,-1.19E-04
3431,2.06E-04,-1.78E-04,-3.33E-06,-1.09E-06,-1.18E-04,-1.38E-04,-2.40E-04,-2.17E-04,-5.62E-06,-1.92E-04,5.47E-05,4.38E-05,-1.33E-04,1.74E-04,-8.93E-05,-9.03E-05,-7.37E-06,-1.85E-04,-2.01E-05,-1.23E-04
3432,2.24E-04,-1.58E-04,3.57E-06,-4.15E-06,-1.20E-04,-1.41E-04,-2.21E-04,-2.04E-04,-4.95E-06,-1.95E-04,4.88E-05,4.53E-05,-1.26E-04,1.74E-04,-8.64E-05,-8.83E-05,1.29E-06,-1.77E-04,-2.09E-05,-1.26E-04
3433,2.38E-04,-1.38E-04,7.93E-06,-6.84E-06,-1.22E-04,-1.43E-04,-2.02E-04,-1.91E-04,-4.86E-06,-1.99E-04,4.31E-05,4.78E-05,-1.21E-04,1.72E-04,-8.41E-05,-8.65E-05,9.23E-06,-1.70E-04,-2.20E-05,-1.29E-04
3434,2.49E-04,-1.19E-04,9.78E-06,-9.32E-06,-1.26E-04,-1.46E-04,-1.84E-04,-1.78E-04,-5.48E-06,-2.03E-04,3.78E-05,5.13E-05,-1.18E-04,1.69E-04,-8.24E-05,-8.52E-05,1.62E-05,-1.63E-04,-2.34E-05,-1.31E-04
3435,2.55E-04,-1.01E-04,9.26E-06,-1.18E-05,-1.30E-04,-1.49E-04,-1.68E-04,-1.67E-04,-6.91E-06,-2.07E-04,3.29E-05,5.56E-05,-1.17E-04,1.65E-04,-8.15E-05,-8.45E-05,2.18E-05,-1.57E-04,-2.53E-05,-1.33E-04
3436,2.55E-04,-8.57E-05,6.61E-06,-1.45E-05,-1.35E-04,-1.52E-04,-1.55E-04,-1.56E-04,-9.26E-06,-2.12E-04,2.85E-05,6.04E-05,-1.18E-04,1.59E-04,-8.14E-05,-8.49E-05,2.58E-05,-1.52E-04,-2.79E-05,-1.35E-04
3437,2.51E-04,-7.34E-05,2.22E-06,-1.77E-05,-1.41E-04,-1.55E-04,-1.44E-04,-1.48E-04,-1.26E-05,-2.18E-04,2.44E-05,6.55E-05,-1.21E-04,1.52E-04,-8.23E-05,-8.65E-05,2.81E-05,-1.48E-04,-3.13E-05,-1.37E-04
3438,2.42E-04,-6.45E-05,-3.50E-06,-2.16E-05,-1.49E-04,-1.60E-04,-1.36E-04,-1.42E-04,-1.70E-05,-2.26E-04,2.08E-05,7.03E-05,-1.26E-04,1.43E-04,-8.41E-05,-8.95E-05,2.83E-05,-1.46E-04,-3.56E-05,-1.40E-04
3439,2.28E-04,-5.93E-05,-1.00E-05,-2.64E-05,-1.57E-04,-1.65E-04,-1.32E-04,-1.39E-04,-2.24E-05,-2.35E-04,1.75E-05,7.45E-05,-1.33E-04,1.33E-04,-8.69E-05,-9.39E-05,2.65E-05,-1.45E-04,-4.08E-05,-1.44E-04
3440,2.10E-04,-5.80E-05,-1.69E-05,-3.21E-05,-1.67E-04,-1.72E-04,-1.30E-04,-1.39E-04,-2.87E-05,-2.44E-04,1.46E-05,7.76E-05,-1.42E-04,1.22E-04,-9.07E-05,-9.98E-05,2.25E-05,-1.46E-04,-4.71E-05,-1.48E-04
3441,1.89E-04,-6.04E-05,-2.35E-05,-3.88E-05,-1.77E-04,-1.79E-04,-1.32E-04,-1.42E-04,-3.59E-05,-2.55E-04,1.20E-05,7.93E-05,-1.52E-04,1.09E-04,-9.54E-05,-1.07E-04,1.66E-05,-1.47E-04,-5.41E-05,-1.52E-04
3442,1.66E-04,-6.64E-05,-2.96E-05,-4.65E-05,-1.87E-04,-1.88E-04,-1.36E-04,-1.48E-04,-4.38E-05,-2.67E-04,9.71E-06,7.91E-05,-1.63E-04,9.55E-05,-1.01E-04,-1.15E-04,8.84E-06,-1.50E-04,-6.20E-05,-1.57E-04
3443,1.41E-04,-7.55E-05,-3.45E-05,-5.50E-05,-1.98E-04,-1.96E-04,-1.42E-04,-1.57E-04,-5.20E-05,-2.78E-04,7.75E-06,7.71E-05,-1.74E-04,8.10E-05,-1.07E-04,-1.24E-04,-4.27E-07,-1.53E-04,-7.03E-05,-1.63E-04
3444,1.16E-04,-8.70E-05,-3.81E-05,-6.40E-05,-2.09E-04,-2.05E-04,-1.50E-04,-1.69E-04,-6.04E-05,-2.89E-04,6.09E-06,7.30E-05,-1.86E-04,6.61E-05,-1.12E-04,-1.34E-04,-1.08E-05,-1.57E-04,-7.88E-05,-1.69E-04
3445,9.09E-05,-1.00E-04,-4.03E-05,-7.32E-05,-2.19E-04,-2.14E-04,-1.59E-04,-1.81E-04,-6.87E-05,-2.99E-04,4.75E-06,6.71E-05,-1.96E-04,5.12E-05,-1.18E-04,-1.43E-04,-2.19E-05,-1.61E-04,-8.73E-05,-1.74E-04
3446,6.77E-05,-1.14E-04,-4.08E-05,-8.21E-05,-2.28E-04,-2.21E-04,-1.67E-04,-1.94E-04,-7.64E-05,-3.08E-04,3.73E-06,5.95E-05,-2.05E-04,3.65E-05,-1.24E-04,-1.52E-04,-3.31E-05,-1.64E-04,-9.52E-05,-1.78E-04
3447,4.65E-05,-1.27E-04,-3.97E-05,-9.03E-05,-2.35E-04,-2.27E-04,-1.75E-04,-2.07E-04,-8.32E-05,-3.14E-04,3.05E-06,5.05E-05,-2.13E-04,2.26E-05,-1.28E-04,-1.60E-04,-4.39E-05,-1.67E-04,-1.02E-04,-1.82E-04
3448,2.81E-05,-1.40E-04,-3.73E-05,-9.73E-05,-2.39E-04,-2.30E-04,-1.80E-04,-2.18E-04,-8.87E-05,-3.17E-04,2.72E-06,4.08E-05,-2.17E-04,9.81E-06,-1.31E-04,-1.66E-04,-5.37E-05,-1.67E-04,-1.08E-04,-1.83E-04
