,ch1,ch2,ch3,ch4,ch5,ch6,ch7,ch8,ch9,ch10,ch11,ch12,ch13,ch14,ch15,ch16,ch17,ch18,ch19,ch20
1,-4.38E-05,-3.61E-05,-3.19E-05,-2.95E-05,-2.29E-05,-7.67E-06,-2.65E-05,-3.49E-05,-1.07E-05,1.32E-05,-4.11E-05,-4.60E-05,-3.13E-05,-2.37E-05,-1.12E-05,-9.67E-06,-1.97E-05,-2.47E-05,-2.48E-06,1.90E-05
2,-8.61E-05,-8.07E-05,-7.01E-05,-9.35E-05,-9.13E-05,-8.26E-05,-8.66E-05,-8.28E-05,-4.35E-05,-1.78E-05,-9.32E-05,-6.60E-05,-6.26E-05,-6.13E-05,-3.86E-05,-3.90E-05,-4.55E-05,-5.15E-05,-2.39E-05,1.54E-05
3,-1.27E-04,-1.24E-04,-1.07E-04,-1.55E-04,-1.57E-04,-1.55E-04,-1.44E-04,-1.29E-04,-7.51E-05,-4.74E-05,-1.43E-04,-8.51E-05,-9.26E-05,-9.73E-05,-6.49E-05,-6.69E-05,-7.04E-05,-7.71E-05,-4.44E-05,1.24E-05
4,-1.66E-04,-1.64E-04,-1.41E-04,-2.13E-04,-2.19E-04,-2.22E-04,-1.98E-04,-1.72E-04,-1.04E-04,-7.43E-05,-1.90E-04,-1.02E-04,-1.20E-04,-1.31E-04,-8.88E-05,-9.23E-05,-9.35E-05,-1.01E-04,-6.33E-05,1.09E-05
5,-2.01E-04,-2.00E-04,-1.72E-04,-2.64E-04,-2.74E-04,-2.81E-04,-2.46E-04,-2.10E-04,-1.30E-04,-9.76E-05,-2.31E-04,-1.17E-04,-1.44E-04,-1.60E-04,-1.09E-04,-1.14E-04,-1.14E-04,-1.21E-04,-7.97E-05,1.14E-05
6,-2.32E-04,-2.31E-04,-1.98E-04,-3.09E-04,-3.22E-04,-3.32E-04,-2.88E-04,-2.42E-04,-1.52E-04,-1.16E-04,-2.65E-04,-1.29E-04,-1.64E-04,-1.85E-04,-1.26E-04,-1.31E-04,-1.32E-04,-1.38E-04,-9.32E-05,1.45E-05
7,-2.58E-04,-2.57E-04,-2.20E-04,-3.44E-04,-3.61E-04,-3.72E-04,-3.21E-04,-2.68E-04,-1.70E-04,-1.29E-04,-2.92E-04,-1.36E-04,-1.78E-04,-2.04E-04,-1.38E-04,-1.43E-04,-1.46E-04,-1.50E-04,-1.03E-04,2.07E-05
8,-2.78E-04,-2.76E-04,-2.35E-04,-3.71E-04,-3.91E-04,-4.00E-04,-3.45E-04,-2.86E-04,-1.82E-04,-1.37E-04,-3.11E-04,-1.40E-04,-1.88E-04,-2.17E-04,-1.44E-04,-1.49E-04,-1.55E-04,-1.58E-04,-1.10E-04,3.01E-05
9,-2.93E-04,-2.89E-04,-2.45E-04,-3.88E-04,-4.11E-04,-4.18E-04,-3.61E-04,-2.97E-04,-1.89E-04,-1.38E-04,-3.22E-04,-1.40E-04,-1.91E-04,-2.23E-04,-1.45E-04,-1.50E-04,-1.61E-04,-1.61E-04,-1.12E-04,4.29E-05
10,-3.02E-04,-2.95E-04,-2.49E-04,-3.96E-04,-4.21E-04,-4.24E-04,-3.67E-04,-3.01E-04,-1.91E-04,-1.34E-04,-3.25E-04,-1.35E-04,-1.89E-04,-2.24E-04,-1.41E-04,-1.44E-04,-1.63E-04,-1.59E-04,-1.11E-04,5.90E-05
11,-3.06E-04,-2.95E-04,-2.48E-04,-3.96E-04,-4.22E-04,-4.20E-04,-3.65E-04,-2.98E-04,-1.88E-04,-1.24E-04,-3.20E-04,-1.27E-04,-1.82E-04,-2.19E-04,-1.32E-04,-1.33E-04,-1.60E-04,-1.52E-04,-1.06E-04,7.85E-05
12,-3.04E-04,-2.90E-04,-2.41E-04,-3.87E-04,-4.15E-04,-4.06E-04,-3.56E-04,-2.88E-04,-1.81E-04,-1.10E-04,-3.08E-04,-1.14E-04,-1.70E-04,-2.09E-04,-1.18E-04,-1.17E-04,-1.54E-04,-1.41E-04,-9.77E-05,1.01E-04
13,-2.98E-04,-2.79E-04,-2.30E-04,-3.71E-04,-4.00E-04,-3.84E-04,-3.40E-04,-2.72E-04,-1.70E-04,-9.14E-05,-2.90E-04,-9.89E-05,-1.54E-04,-1.94E-04,-9.98E-05,-9.74E-05,-1.45E-04,-1.27E-04,-8.69E-05,1.26E-04
14,-2.88E-04,-2.65E-04,-2.15E-04,-3.50E-04,-3.80E-04,-3.56E-04,-3.19E-04,-2.53E-04,-1.55E-04,-6.97E-05,-2.69E-04,-8.09E-05,-1.34E-04,-1.76E-04,-7.84E-05,-7.40E-05,-1.33E-04,-1.09E-04,-7.38E-05,1.53E-04
15,-2.74E-04,-2.47E-04,-1.97E-04,-3.24E-04,-3.55E-04,-3.23E-04,-2.94E-04,-2.29E-04,-1.39E-04,-4.58E-05,-2.43E-04,-6.08E-05,-1.13E-04,-1.55E-04,-5.44E-05,-4.82E-05,-1.18E-04,-8.96E-05,-5.93E-05,1.81E-04
16,-2.58E-04,-2.27E-04,-1.77E-04,-2.96E-04,-3.28E-04,-2.87E-04,-2.66E-04,-2.04E-04,-1.21E-04,-2.08E-05,-2.16E-04,-3.93E-05,-8.96E-05,-1.32E-04,-2.86E-05,-2.10E-05,-1.02E-04,-6.87E-05,-4.37E-05,2.11E-04
17,-2.40E-04,-2.06E-04,-1.55E-04,-2.66E-04,-2.99E-04,-2.51E-04,-2.36E-04,-1.77E-04,-1.02E-04,4.37E-06,-1.89E-04,-1.71E-05,-6.58E-05,-1.09E-04,-1.93E-06,6.72E-06,-8.43E-05,-4.70E-05,-2.78E-05,2.41E-04
18,-2.20E-04,-1.84E-04,-1.33E-04,-2.36E-04,-2.69E-04,-2.15E-04,-2.07E-04,-1.51E-04,-8.31E-05,2.89E-05,-1.62E-04,5.29E-06,-4.22E-05,-8.67E-05,2.49E-05,3.40E-05,-6.61E-05,-2.54E-05,-1.22E-05,2.70E-04
19,-2.01E-04,-1.63E-04,-1.12E-04,-2.07E-04,-2.41E-04,-1.82E-04,-1.78E-04,-1.25E-04,-6.47E-05,5.21E-05,-1.36E-04,2.73E-05,-1.95E-05,-6.49E-05,5.13E-05,6.00E-05,-4.78E-05,-4.39E-06,2.81E-06,2.99E-04
20,-1.81E-04,-1.43E-04,-9.08E-05,-1.79E-04,-2.15E-04,-1.51E-04,-1.51E-04,-1.01E-04,-4.74E-05,7.33E-05,-1.13E-04,4.86E-05,1.86E-06,-4.47E-05,7.66E-05,8.42E-05,-2.96E-05,1.56E-05,1.68E-05,3.27E-04
21,-1.61E-04,-1.24E-04,-7.12E-05,-1.54E-04,-1.91E-04,-1.25E-04,-1.26E-04,-7.82E-05,-3.13E-05,9.21E-05,-9.17E-05,6.88E-05,2.15E-05,-2.64E-05,1.00E-04,1.06E-04,-1.18E-05,3.41E-05,2.94E-05,3.54E-04
22,-1.43E-04,-1.07E-04,-5.31E-05,-1.31E-04,-1.70E-04,-1.02E-04,-1.03E-04,-5.81E-05,-1.67E-05,1.08E-04,-7.37E-05,8.76E-05,3.91E-05,-1.02E-05,1.23E-04,1.25E-04,5.31E-06,5.10E-05,4.06E-05,3.78E-04
23,-1.25E-04,-9.09E-05,-3.66E-05,-1.12E-04,-1.51E-04,-8.40E-05,-8.35E-05,-4.04E-05,-3.57E-06,1.22E-04,-5.83E-05,1.05E-04,5.47E-05,3.85E-06,1.43E-04,1.42E-04,2.17E-05,6.63E-05,5.04E-05,4.01E-04
24,-1.08E-04,-7.69E-05,-2.18E-05,-9.44E-05,-1.36E-04,-6.96E-05,-6.58E-05,-2.49E-05,8.19E-06,1.33E-04,-4.55E-05,1.21E-04,6.85E-05,1.60E-05,1.61E-04,1.55E-04,3.74E-05,8.00E-05,5.88E-05,4.22E-04
25,-9.17E-05,-6.42E-05,-8.39E-06,-7.93E-05,-1.23E-04,-5.86E-05,-5.01E-05,-1.15E-05,1.88E-05,1.43E-04,-3.47E-05,1.36E-04,8.06E-05,2.65E-05,1.78E-04,1.67E-04,5.24E-05,9.23E-05,6.59E-05,4.41E-04
26,-7.61E-05,-5.27E-05,3.79E-06,-6.58E-05,-1.12E-04,-5.01E-05,-3.58E-05,3.95E-07,2.85E-05,1.50E-04,-2.53E-05,1.50E-04,9.14E-05,3.57E-05,1.93E-04,1.76E-04,6.68E-05,1.04E-04,7.21E-05,4.59E-04
27,-6.08E-05,-4.18E-05,1.51E-05,-5.33E-05,-1.01E-04,-4.34E-05,-2.24E-05,1.11E-05,3.76E-05,1.56E-04,-1.67E-05,1.63E-04,1.01E-04,4.41E-05,2.07E-04,1.83E-04,8.09E-05,1.14E-04,7.77E-05,4.75E-04
28,-4.56E-05,-3.12E-05,2.58E-05,-4.12E-05,-9.17E-05,-3.74E-05,-9.25E-06,2.12E-05,4.65E-05,1.62E-04,-8.35E-06,1.75E-04,1.11E-04,5.21E-05,2.20E-04,1.88E-04,9.47E-05,1.24E-04,8.28E-05,4.89E-04
29,-3.03E-05,-2.05E-05,3.64E-05,-2.89E-05,-8.17E-05,-3.13E-05,4.19E-06,3.11E-05,5.54E-05,1.67E-04,4.46E-07,1.87E-04,1.20E-04,6.02E-05,2.32E-04,1.93E-04,1.08E-04,1.34E-04,8.78E-05,5.03E-04
30,-1.45E-05,-9.17E-06,4.71E-05,-1.58E-05,-7.10E-05,-2.43E-05,1.85E-05,4.13E-05,6.46E-05,1.72E-04,1.02E-05,1.98E-04,1.29E-04,6.88E-05,2.44E-04,1.97E-04,1.22E-04,1.44E-04,9.29E-05,5.15E-04
31,1.88E-06,3.01E-06,5.83E-05,-1.44E-06,-5.90E-05,-1.58E-05,3.39E-05,5.21E-05,7.44E-05,1.77E-04,2.12E-05,2.10E-04,1.40E-04,7.82E-05,2.56E-04,2.00E-04,1.36E-04,1.55E-04,9.85E-05,5.27E-04
32,1.90E-05,1.63E-05,7.02E-05,1.45E-05,-4.53E-05,-5.24E-06,5.09E-05,6.39E-05,8.48E-05,1.83E-04,3.37E-05,2.21E-04,1.51E-04,8.86E-05,2.67E-04,2.04E-04,1.51E-04,1.67E-04,1.05E-04,5.38E-04
33,3.71E-05,3.08E-05,8.30E-05,3.21E-05,-2.98E-05,7.50E-06,6.96E-05,7.66E-05,9.58E-05,1.90E-04,4.77E-05,2.33E-04,1.63E-04,1.00E-04,2.78E-04,2.08E-04,1.66E-04,1.79E-04,1.11E-04,5.50E-04
34,5.60E-05,4.67E-05,9.67E-05,5.14E-05,-1.24E-05,2.25E-05,8.99E-05,9.04E-05,1.07E-04,1.98E-04,6.33E-05,2.46E-04,1.75E-04,1.13E-04,2.90E-04,2.12E-04,1.81E-04,1.93E-04,1.19E-04,5.61E-04
35,7.57E-05,6.37E-05,1.11E-04,7.23E-05,6.73E-06,3.97E-05,1.12E-04,1.05E-04,1.19E-04,2.06E-04,8.01E-05,2.58E-04,1.89E-04,1.26E-04,3.01E-04,2.16E-04,1.96E-04,2.07E-04,1.27E-04,5.72E-04
36,9.61E-05,8.19E-05,1.27E-04,9.46E-05,2.73E-05,5.86E-05,1.35E-04,1.21E-04,1.32E-04,2.15E-04,9.78E-05,2.71E-04,2.04E-04,1.40E-04,3.13E-04,2.20E-04,2.12E-04,2.22E-04,1.35E-04,5.84E-04
37,1.17E-04,1.01E-04,1.43E-04,1.18E-04,4.91E-05,7.90E-05,1.59E-04,1.37E-04,1.44E-04,2.24E-04,1.16E-04,2.83E-04,2.19E-04,1.55E-04,3.23E-04,2.24E-04,2.28E-04,2.38E-04,1.44E-04,5.95E-04
38,1.38E-04,1.20E-04,1.59E-04,1.42E-04,7.16E-05,1.00E-04,1.83E-04,1.54E-04,1.56E-04,2.33E-04,1.34E-04,2.96E-04,2.35E-04,1.70E-04,3.34E-04,2.29E-04,2.43E-04,2.54E-04,1.54E-04,6.07E-04
39,1.59E-04,1.40E-04,1.76E-04,1.65E-04,9.42E-05,1.21E-04,2.07E-04,1.70E-04,1.68E-04,2.42E-04,1.52E-04,3.08E-04,2.50E-04,1.84E-04,3.43E-04,2.32E-04,2.59E-04,2.71E-04,1.63E-04,6.19E-04
40,1.80E-04,1.60E-04,1.92E-04,1.89E-04,1.17E-04,1.43E-04,2.31E-04,1.87E-04,1.79E-04,2.51E-04,1.69E-04,3.20E-04,2.66E-04,1.99E-04,3.52E-04,2.35E-04,2.75E-04,2.87E-04,1.73E-04,6.31E-04
41,2.01E-04,1.80E-04,2.08E-04,2.12E-04,1.38E-04,1.63E-04,2.55E-04,2.02E-04,1.90E-04,2.58E-04,1.84E-04,3.32E-04,2.81E-04,2.12E-04,3.60E-04,2.38E-04,2.90E-04,3.03E-04,1.82E-04,6.42E-04
42,2.20E-04,1.99E-04,2.23E-04,2.34E-04,1.59E-04,1.82E-04,2.77E-04,2.17E-04,1.99E-04,2.65E-04,1.98E-04,3.42E-04,2.95E-04,2.25E-04,3.66E-04,2.39E-04,3.05E-04,3.19E-04,1.90E-04,6.54E-04
43,2.39E-04,2.17E-04,2.38E-04,2.54E-04,1.78E-04,1.99E-04,2.98E-04,2.31E-04,2.07E-04,2.71E-04,2.11E-04,3.52E-04,3.08E-04,2.36E-04,3.71E-04,2.40E-04,3.20E-04,3.34E-04,1.99E-04,6.65E-04
44,2.57E-04,2.34E-04,2.52E-04,2.73E-04,1.96E-04,2.14E-04,3.17E-04,2.43E-04,2.14E-04,2.75E-04,2.21E-04,3.61E-04,3.21E-04,2.46E-04,3.75E-04,2.39E-04,3.34E-04,3.49E-04,2.06E-04,6.76E-04
45,2.73E-04,2.50E-04,2.64E-04,2.90E-04,2.12E-04,2.27E-04,3.35E-04,2.55E-04,2.20E-04,2.79E-04,2.30E-04,3.69E-04,3.32E-04,2.55E-04,3.78E-04,2.37E-04,3.47E-04,3.62E-04,2.13E-04,6.87E-04
46,2.88E-04,2.66E-04,2.75E-04,3.05E-04,2.26E-04,2.39E-04,3.51E-04,2.65E-04,2.26E-04,2.81E-04,2.36E-04,3.76E-04,3.43E-04,2.63E-04,3.79E-04,2.35E-04,3.61E-04,3.75E-04,2.20E-04,6.97E-04
47,3.02E-04,2.80E-04,2.85E-04,3.19E-04,2.39E-04,2.48E-04,3.66E-04,2.74E-04,2.30E-04,2.83E-04,2.42E-04,3.82E-04,3.52E-04,2.70E-04,3.79E-04,2.31E-04,3.73E-04,3.87E-04,2.26E-04,7.06E-04
48,3.15E-04,2.92E-04,2.94E-04,3.31E-04,2.49E-04,2.55E-04,3.79E-04,2.82E-04,2.34E-04,2.83E-04,2.46E-04,3.87E-04,3.61E-04,2.75E-04,3.78E-04,2.27E-04,3.86E-04,3.99E-04,2.31E-04,7.15E-04
49,3.26E-04,3.04E-04,3.02E-04,3.41E-04,2.58E-04,2.61E-04,3.90E-04,2.89E-04,2.37E-04,2.83E-04,2.50E-04,3.92E-04,3.69E-04,2.80E-04,3.77E-04,2.23E-04,3.97E-04,4.10E-04,2.37E-04,7.24E-04
50,3.36E-04,3.15E-04,3.09E-04,3.51E-04,2.66E-04,2.65E-04,4.01E-04,2.95E-04,2.40E-04,2.83E-04,2.53E-04,3.95E-04,3.76E-04,2.85E-04,3.74E-04,2.18E-04,4.09E-04,4.20E-04,2.41E-04,7.32E-04
51,3.44E-04,3.25E-04,3.14E-04,3.59E-04,2.73E-04,2.69E-04,4.10E-04,3.01E-04,2.43E-04,2.82E-04,2.56E-04,3.97E-04,3.83E-04,2.89E-04,3.71E-04,2.13E-04,4.20E-04,4.30E-04,2.46E-04,7.40E-04
52,3.52E-04,3.35E-04,3.19E-04,3.66E-04,2.79E-04,2.71E-04,4.19E-04,3.06E-04,2.47E-04,2.82E-04,2.59E-04,3.99E-04,3.90E-04,2.93E-04,3.68E-04,2.07E-04,4.30E-04,4.39E-04,2.51E-04,7.47E-04
53,3.58E-04,3.44E-04,3.23E-04,3.73E-04,2.83E-04,2.73E-04,4.26E-04,3.10E-04,2.50E-04,2.81E-04,2.62E-04,4.00E-04,3.96E-04,2.97E-04,3.65E-04,2.03E-04,4.39E-04,4.49E-04,2.55E-04,7.54E-04
54,3.64E-04,3.52E-04,3.27E-04,3.78E-04,2.87E-04,2.74E-04,4.33E-04,3.14E-04,2.54E-04,2.80E-04,2.65E-04,4.01E-04,4.02E-04,3.01E-04,3.62E-04,1.98E-04,4.48E-04,4.58E-04,2.60E-04,7.61E-04
55,3.69E-04,3.60E-04,3.30E-04,3.83E-04,2.91E-04,2.75E-04,4.39E-04,3.18E-04,2.58E-04,2.80E-04,2.69E-04,4.01E-04,4.08E-04,3.05E-04,3.58E-04,1.94E-04,4.57E-04,4.67E-04,2.64E-04,7.67E-04
56,3.73E-04,3.67E-04,3.32E-04,3.87E-04,2.94E-04,2.75E-04,4.44E-04,3.22E-04,2.62E-04,2.80E-04,2.73E-04,4.01E-04,4.14E-04,3.09E-04,3.54E-04,1.90E-04,4.64E-04,4.76E-04,2.69E-04,7.73E-04
57,3.76E-04,3.73E-04,3.34E-04,3.90E-04,2.96E-04,2.75E-04,4.49E-04,3.26E-04,2.66E-04,2.81E-04,2.78E-04,4.00E-04,4.20E-04,3.14E-04,3.51E-04,1.86E-04,4.70E-04,4.85E-04,2.74E-04,7.79E-04
58,3.78E-04,3.79E-04,3.36E-04,3.93E-04,2.97E-04,2.74E-04,4.52E-04,3.29E-04,2.71E-04,2.81E-04,2.83E-04,3.99E-04,4.26E-04,3.19E-04,3.47E-04,1.83E-04,4.76E-04,4.94E-04,2.78E-04,7.84E-04
59,3.80E-04,3.84E-04,3.37E-04,3.95E-04,2.98E-04,2.72E-04,4.55E-04,3.33E-04,2.75E-04,2.82E-04,2.87E-04,3.97E-04,4.31E-04,3.23E-04,3.44E-04,1.80E-04,4.80E-04,5.03E-04,2.83E-04,7.90E-04
60,3.81E-04,3.89E-04,3.37E-04,3.96E-04,2.98E-04,2.70E-04,4.56E-04,3.36E-04,2.80E-04,2.83E-04,2.92E-04,3.96E-04,4.37E-04,3.28E-04,3.40E-04,1.77E-04,4.84E-04,5.11E-04,2.88E-04,7.95E-04
61,3.82E-04,3.92E-04,3.37E-04,3.96E-04,2.98E-04,2.68E-04,4.57E-04,3.39E-04,2.85E-04,2.84E-04,2.96E-04,3.94E-04,4.42E-04,3.32E-04,3.36E-04,1.74E-04,4.86E-04,5.19E-04,2.92E-04,8.00E-04
62,3.81E-04,3.95E-04,3.37E-04,3.96E-04,2.97E-04,2.65E-04,4.57E-04,3.41E-04,2.89E-04,2.84E-04,3.00E-04,3.91E-04,4.48E-04,3.37E-04,3.32E-04,1.72E-04,4.87E-04,5.27E-04,2.96E-04,8.05E-04
63,3.80E-04,3.97E-04,3.36E-04,3.95E-04,2.95E-04,2.61E-04,4.56E-04,3.44E-04,2.93E-04,2.85E-04,3.03E-04,3.89E-04,4.53E-04,3.41E-04,3.28E-04,1.69E-04,4.88E-04,5.35E-04,3.00E-04,8.10E-04
64,3.79E-04,3.98E-04,3.35E-04,3.93E-04,2.93E-04,2.56E-04,4.54E-04,3.46E-04,2.97E-04,2.86E-04,3.06E-04,3.86E-04,4.57E-04,3.44E-04,3.23E-04,1.66E-04,4.87E-04,5.42E-04,3.04E-04,8.15E-04
65,3.77E-04,3.98E-04,3.33E-04,3.91E-04,2.91E-04,2.52E-04,4.51E-04,3.48E-04,3.00E-04,2.87E-04,3.07E-04,3.84E-04,4.61E-04,3.48E-04,3.19E-04,1.63E-04,4.86E-04,5.49E-04,3.08E-04,8.20E-04
66,3.74E-04,3.98E-04,3.31E-04,3.89E-04,2.88E-04,2.47E-04,4.48E-04,3.51E-04,3.04E-04,2.88E-04,3.08E-04,3.81E-04,4.65E-04,3.50E-04,3.14E-04,1.60E-04,4.84E-04,5.55E-04,3.11E-04,8.25E-04
67,3.71E-04,3.96E-04,3.29E-04,3.86E-04,2.86E-04,2.41E-04,4.44E-04,3.53E-04,3.06E-04,2.88E-04,3.08E-04,3.79E-04,4.69E-04,3.53E-04,3.10E-04,1.56E-04,4.81E-04,5.60E-04,3.14E-04,8.29E-04
68,3.68E-04,3.94E-04,3.27E-04,3.84E-04,2.83E-04,2.36E-04,4.40E-04,3.55E-04,3.09E-04,2.89E-04,3.08E-04,3.76E-04,4.72E-04,3.55E-04,3.06E-04,1.53E-04,4.79E-04,5.65E-04,3.17E-04,8.34E-04
69,3.64E-04,3.92E-04,3.24E-04,3.81E-04,2.80E-04,2.31E-04,4.35E-04,3.57E-04,3.11E-04,2.90E-04,3.07E-04,3.74E-04,4.74E-04,3.56E-04,3.01E-04,1.49E-04,4.76E-04,5.69E-04,3.19E-04,8.38E-04
70,3.59E-04,3.89E-04,3.21E-04,3.79E-04,2.77E-04,2.26E-04,4.30E-04,3.59E-04,3.14E-04,2.91E-04,3.05E-04,3.72E-04,4.77E-04,3.57E-04,2.97E-04,1.45E-04,4.72E-04,5.72E-04,3.22E-04,8.42E-04
71,3.54E-04,3.85E-04,3.18E-04,3.76E-04,2.75E-04,2.21E-04,4.25E-04,3.60E-04,3.16E-04,2.92E-04,3.03E-04,3.70E-04,4.79E-04,3.57E-04,2.93E-04,1.41E-04,4.69E-04,5.75E-04,3.24E-04,8.45E-04
72,3.48E-04,3.81E-04,3.15E-04,3.74E-04,2.72E-04,2.16E-04,4.19E-04,3.62E-04,3.18E-04,2.93E-04,3.01E-04,3.67E-04,4.80E-04,3.57E-04,2.90E-04,1.36E-04,4.65E-04,5.76E-04,3.25E-04,8.48E-04
73,3.42E-04,3.77E-04,3.12E-04,3.71E-04,2.69E-04,2.11E-04,4.13E-04,3.63E-04,3.19E-04,2.94E-04,2.98E-04,3.65E-04,4.81E-04,3.56E-04,2.87E-04,1.32E-04,4.62E-04,5.77E-04,3.26E-04,8.50E-04
74,3.35E-04,3.72E-04,3.08E-04,3.68E-04,2.66E-04,2.06E-04,4.07E-04,3.64E-04,3.21E-04,2.95E-04,2.95E-04,3.63E-04,4.82E-04,3.55E-04,2.84E-04,1.27E-04,4.58E-04,5.77E-04,3.27E-04,8.51E-04
75,3.27E-04,3.66E-04,3.03E-04,3.64E-04,2.62E-04,2.01E-04,4.00E-04,3.63E-04,3.22E-04,2.96E-04,2.92E-04,3.61E-04,4.82E-04,3.53E-04,2.81E-04,1.23E-04,4.53E-04,5.77E-04,3.28E-04,8.52E-04
76,3.19E-04,3.60E-04,2.98E-04,3.60E-04,2.57E-04,1.94E-04,3.92E-04,3.62E-04,3.23E-04,2.96E-04,2.88E-04,3.58E-04,4.81E-04,3.50E-04,2.79E-04,1.18E-04,4.49E-04,5.75E-04,3.28E-04,8.51E-04
77,3.09E-04,3.53E-04,2.93E-04,3.54E-04,2.52E-04,1.87E-04,3.83E-04,3.60E-04,3.24E-04,2.96E-04,2.83E-04,3.55E-04,4.80E-04,3.46E-04,2.76E-04,1.13E-04,4.44E-04,5.72E-04,3.27E-04,8.50E-04
78,2.99E-04,3.45E-04,2.86E-04,3.47E-04,2.45E-04,1.79E-04,3.74E-04,3.56E-04,3.24E-04,2.96E-04,2.78E-04,3.52E-04,4.78E-04,3.42E-04,2.74E-04,1.08E-04,4.38E-04,5.68E-04,3.26E-04,8.47E-04
79,2.87E-04,3.36E-04,2.79E-04,3.39E-04,2.36E-04,1.70E-04,3.63E-04,3.51E-04,3.23E-04,2.95E-04,2.72E-04,3.48E-04,4.76E-04,3.37E-04,2.71E-04,1.03E-04,4.32E-04,5.63E-04,3.25E-04,8.43E-04
80,2.74E-04,3.27E-04,2.70E-04,3.29E-04,2.26E-04,1.59E-04,3.51E-04,3.44E-04,3.22E-04,2.93E-04,2.65E-04,3.43E-04,4.72E-04,3.30E-04,2.68E-04,9.72E-05,4.25E-04,5.57E-04,3.22E-04,8.38E-04
81,2.60E-04,3.16E-04,2.61E-04,3.17E-04,2.14E-04,1.46E-04,3.38E-04,3.36E-04,3.20E-04,2.90E-04,2.56E-04,3.37E-04,4.68E-04,3.23E-04,2.65E-04,9.11E-05,4.16E-04,5.50E-04,3.19E-04,8.32E-04
82,2.45E-04,3.05E-04,2.50E-04,3.03E-04,2.01E-04,1.31E-04,3.24E-04,3.26E-04,3.17E-04,2.86E-04,2.46E-04,3.31E-04,4.63E-04,3.15E-04,2.61E-04,8.47E-05,4.07E-04,5.42E-04,3.16E-04,8.24E-04
83,2.29E-04,2.92E-04,2.38E-04,2.87E-04,1.85E-04,1.15E-04,3.08E-04,3.14E-04,3.13E-04,2.81E-04,2.35E-04,3.23E-04,4.56E-04,3.06E-04,2.56E-04,7.78E-05,3.97E-04,5.32E-04,3.11E-04,8.15E-04
84,2.11E-04,2.79E-04,2.24E-04,2.70E-04,1.68E-04,9.66E-05,2.92E-04,3.01E-04,3.08E-04,2.75E-04,2.23E-04,3.15E-04,4.49E-04,2.96E-04,2.51E-04,7.05E-05,3.86E-04,5.23E-04,3.06E-04,8.05E-04
85,1.93E-04,2.64E-04,2.10E-04,2.51E-04,1.49E-04,7.72E-05,2.74E-04,2.87E-04,3.02E-04,2.67E-04,2.09E-04,3.06E-04,4.41E-04,2.85E-04,2.46E-04,6.28E-05,3.74E-04,5.12E-04,3.01E-04,7.94E-04
86,1.74E-04,2.49E-04,1.95E-04,2.31E-04,1.29E-04,5.66E-05,2.56E-04,2.71E-04,2.95E-04,2.59E-04,1.94E-04,2.97E-04,4.33E-04,2.74E-04,2.39E-04,5.47E-05,3.61E-04,5.01E-04,2.95E-04,7.82E-04
87,1.55E-04,2.33E-04,1.79E-04,2.10E-04,1.08E-04,3.53E-05,2.38E-04,2.55E-04,2.86E-04,2.50E-04,1.78E-04,2.87E-04,4.23E-04,2.62E-04,2.32E-04,4.65E-05,3.47E-04,4.89E-04,2.88E-04,7.69E-04
88,1.35E-04,2.17E-04,1.62E-04,1.89E-04,8.65E-05,1.37E-05,2.19E-04,2.38E-04,2.77E-04,2.40E-04,1.61E-04,2.76E-04,4.13E-04,2.50E-04,2.24E-04,3.80E-05,3.33E-04,4.77E-04,2.81E-04,7.56E-04
89,1.15E-04,2.01E-04,1.45E-04,1.68E-04,6.51E-05,-7.85E-06,2.01E-04,2.20E-04,2.68E-04,2.29E-04,1.43E-04,2.65E-04,4.02E-04,2.38E-04,2.16E-04,2.95E-05,3.18E-04,4.65E-04,2.74E-04,7.43E-04
90,9.54E-05,1.85E-04,1.28E-04,1.48E-04,4.41E-05,-2.88E-05,1.83E-04,2.03E-04,2.57E-04,2.18E-04,1.25E-04,2.55E-04,3.92E-04,2.27E-04,2.08E-04,2.11E-05,3.03E-04,4.52E-04,2.67E-04,7.29E-04
91,7.62E-05,1.69E-04,1.12E-04,1.29E-04,2.39E-05,-4.89E-05,1.66E-04,1.86E-04,2.46E-04,2.06E-04,1.06E-04,2.44E-04,3.81E-04,2.15E-04,1.99E-04,1.28E-05,2.88E-04,4.40E-04,2.60E-04,7.15E-04
92,5.77E-05,1.54E-04,9.52E-05,1.11E-04,4.74E-06,-6.76E-05,1.49E-04,1.69E-04,2.35E-04,1.95E-04,8.79E-05,2.33E-04,3.69E-04,2.04E-04,1.91E-04,4.85E-06,2.74E-04,4.28E-04,2.53E-04,7.01E-04
93,4.01E-05,1.40E-04,7.96E-05,9.41E-05,-1.30E-05,-8.48E-05,1.34E-04,1.53E-04,2.24E-04,1.83E-04,6.99E-05,2.22E-04,3.59E-04,1.94E-04,1.82E-04,-2.73E-06,2.59E-04,4.16E-04,2.47E-04,6.88E-04
94,2.36E-05,1.27E-04,6.48E-05,7.93E-05,-2.92E-05,-1.00E-04,1.20E-04,1.38E-04,2.13E-04,1.72E-04,5.26E-05,2.12E-04,3.48E-04,1.85E-04,1.74E-04,-9.85E-06,2.46E-04,4.05E-04,2.40E-04,6.75E-04
95,8.27E-06,1.15E-04,5.10E-05,6.65E-05,-4.36E-05,-1.14E-04,1.07E-04,1.24E-04,2.02E-04,1.61E-04,3.61E-05,2.03E-04,3.38E-04,1.76E-04,1.66E-04,-1.64E-05,2.33E-04,3.94E-04,2.34E-04,6.63E-04
96,-5.81E-06,1.04E-04,3.83E-05,5.55E-05,-5.63E-05,-1.25E-04,9.54E-05,1.12E-04,1.91E-04,1.51E-04,2.07E-05,1.94E-04,3.28E-04,1.69E-04,1.58E-04,-2.25E-05,2.20E-04,3.84E-04,2.29E-04,6.51E-04
97,-1.86E-05,9.37E-05,2.66E-05,4.64E-05,-6.74E-05,-1.35E-04,8.52E-05,9.96E-05,1.81E-04,1.42E-04,6.33E-06,1.86E-04,3.19E-04,1.62E-04,1.51E-04,-2.79E-05,2.09E-04,3.74E-04,2.23E-04,6.39E-04
98,-3.00E-05,8.49E-05,1.60E-05,3.89E-05,-7.68E-05,-1.43E-04,7.61E-05,8.87E-05,1.71E-04,1.33E-04,-6.75E-06,1.78E-04,3.10E-04,1.56E-04,1.45E-04,-3.28E-05,1.98E-04,3.64E-04,2.18E-04,6.29E-04
99,-4.03E-05,7.72E-05,6.45E-06,3.28E-05,-8.50E-05,-1.49E-04,6.82E-05,7.86E-05,1.62E-04,1.25E-04,-1.86E-05,1.72E-04,3.02E-04,1.52E-04,1.39E-04,-3.72E-05,1.89E-04,3.55E-04,2.14E-04,6.19E-04
100,-4.93E-05,7.05E-05,-2.24E-06,2.79E-05,-9.20E-05,-1.54E-04,6.12E-05,6.94E-05,1.53E-04,1.18E-04,-2.91E-05,1.66E-04,2.95E-04,1.48E-04,1.34E-04,-4.11E-05,1.80E-04,3.46E-04,2.10E-04,6.09E-04
101,-5.73E-05,6.46E-05,-1.02E-05,2.38E-05,-9.83E-05,-1.58E-04,5.51E-05,6.07E-05,1.46E-04,1.12E-04,-3.83E-05,1.61E-04,2.88E-04,1.45E-04,1.29E-04,-4.47E-05,1.73E-04,3.38E-04,2.06E-04,6.00E-04
102,-6.44E-05,5.95E-05,-1.75E-05,2.02E-05,-1.04E-04,-1.62E-04,4.98E-05,5.27E-05,1.39E-04,1.06E-04,-4.64E-05,1.57E-04,2.83E-04,1.42E-04,1.25E-04,-4.79E-05,1.67E-04,3.30E-04,2.02E-04,5.92E-04
103,-7.06E-05,5.49E-05,-2.44E-05,1.68E-05,-1.09E-04,-1.66E-04,4.50E-05,4.50E-05,1.32E-04,1.01E-04,-5.35E-05,1.53E-04,2.78E-04,1.40E-04,1.21E-04,-5.09E-05,1.61E-04,3.22E-04,1.99E-04,5.84E-04
104,-7.62E-05,5.08E-05,-3.10E-05,1.34E-05,-1.15E-04,-1.69E-04,4.07E-05,3.77E-05,1.27E-04,9.72E-05,-5.95E-05,1.50E-04,2.73E-04,1.39E-04,1.18E-04,-5.38E-05,1.57E-04,3.15E-04,1.96E-04,5.76E-04
105,-8.13E-05,4.70E-05,-3.74E-05,9.70E-06,-1.20E-04,-1.72E-04,3.68E-05,3.06E-05,1.22E-04,9.35E-05,-6.47E-05,1.48E-04,2.70E-04,1.38E-04,1.15E-04,-5.65E-05,1.53E-04,3.08E-04,1.93E-04,5.69E-04
106,-8.59E-05,4.36E-05,-4.37E-05,5.68E-06,-1.26E-04,-1.76E-04,3.34E-05,2.37E-05,1.17E-04,9.03E-05,-6.91E-05,1.46E-04,2.67E-04,1.37E-04,1.12E-04,-5.92E-05,1.51E-04,3.01E-04,1.90E-04,5.62E-04
107,-9.01E-05,4.03E-05,-5.01E-05,1.23E-06,-1.32E-04,-1.80E-04,3.03E-05,1.70E-05,1.13E-04,8.75E-05,-7.29E-05,1.45E-04,2.64E-04,1.36E-04,1.10E-04,-6.19E-05,1.49E-04,2.95E-04,1.87E-04,5.55E-04
108,-9.40E-05,3.72E-05,-5.64E-05,-3.63E-06,-1.39E-04,-1.84E-04,2.76E-05,1.06E-05,1.10E-04,8.49E-05,-7.62E-05,1.44E-04,2.62E-04,1.36E-04,1.07E-04,-6.45E-05,1.49E-04,2.89E-04,1.85E-04,5.49E-04
109,-9.76E-05,3.44E-05,-6.28E-05,-8.81E-06,-1.45E-04,-1.89E-04,2.53E-05,4.43E-06,1.07E-04,8.26E-05,-7.90E-05,1.44E-04,2.60E-04,1.35E-04,1.05E-04,-6.71E-05,1.49E-04,2.83E-04,1.82E-04,5.43E-04
110,-1.01E-04,3.19E-05,-6.91E-05,-1.42E-05,-1.52E-04,-1.93E-04,2.36E-05,-1.31E-06,1.05E-04,8.04E-05,-8.14E-05,1.44E-04,2.59E-04,1.34E-04,1.03E-04,-6.96E-05,1.50E-04,2.79E-04,1.80E-04,5.37E-04
111,-1.04E-04,2.97E-05,-7.52E-05,-1.95E-05,-1.59E-04,-1.98E-04,2.24E-05,-6.55E-06,1.03E-04,7.84E-05,-8.34E-05,1.44E-04,2.58E-04,1.34E-04,1.02E-04,-7.19E-05,1.51E-04,2.75E-04,1.78E-04,5.31E-04
112,-1.06E-04,2.81E-05,-8.09E-05,-2.45E-05,-1.65E-04,-2.02E-04,2.19E-05,-1.12E-05,1.01E-04,7.65E-05,-8.51E-05,1.45E-04,2.57E-04,1.33E-04,9.99E-05,-7.40E-05,1.53E-04,2.71E-04,1.77E-04,5.26E-04
113,-1.08E-04,2.70E-05,-8.62E-05,-2.90E-05,-1.71E-04,-2.05E-04,2.21E-05,-1.50E-05,9.96E-05,7.46E-05,-8.65E-05,1.46E-04,2.56E-04,1.32E-04,9.86E-05,-7.57E-05,1.56E-04,2.69E-04,1.75E-04,5.20E-04
114,-1.09E-04,2.67E-05,-9.09E-05,-3.26E-05,-1.76E-04,-2.08E-04,2.31E-05,-1.80E-05,9.85E-05,7.28E-05,-8.74E-05,1.47E-04,2.56E-04,1.32E-04,9.77E-05,-7.70E-05,1.59E-04,2.67E-04,1.75E-04,5.15E-04
115,-1.09E-04,2.72E-05,-9.48E-05,-3.53E-05,-1.80E-04,-2.10E-04,2.49E-05,-2.00E-05,9.78E-05,7.11E-05,-8.80E-05,1.49E-04,2.55E-04,1.31E-04,9.72E-05,-7.78E-05,1.63E-04,2.66E-04,1.74E-04,5.10E-04
116,-1.09E-04,2.87E-05,-9.78E-05,-3.67E-05,-1.83E-04,-2.10E-04,2.76E-05,-2.09E-05,9.73E-05,6.94E-05,-8.80E-05,1.51E-04,2.55E-04,1.31E-04,9.71E-05,-7.80E-05,1.68E-04,2.66E-04,1.74E-04,5.06E-04
117,-1.07E-04,3.12E-05,-9.96E-05,-3.67E-05,-1.84E-04,-2.09E-04,3.12E-05,-2.06E-05,9.72E-05,6.79E-05,-8.75E-05,1.53E-04,2.56E-04,1.31E-04,9.76E-05,-7.74E-05,1.72E-04,2.67E-04,1.75E-04,5.01E-04
118,-1.05E-04,3.48E-05,-1.00E-04,-3.52E-05,-1.84E-04,-2.07E-04,3.57E-05,-1.92E-05,9.74E-05,6.66E-05,-8.64E-05,1.55E-04,2.56E-04,1.31E-04,9.88E-05,-7.61E-05,1.77E-04,2.69E-04,1.76E-04,4.97E-04
119,-1.01E-04,3.95E-05,-9.99E-05,-3.22E-05,-1.83E-04,-2.03E-04,4.10E-05,-1.66E-05,9.81E-05,6.54E-05,-8.46E-05,1.58E-04,2.56E-04,1.32E-04,1.01E-04,-7.39E-05,1.83E-04,2.71E-04,1.77E-04,4.93E-04
120,-9.61E-05,4.53E-05,-9.82E-05,-2.76E-05,-1.80E-04,-1.98E-04,4.71E-05,-1.28E-05,9.91E-05,6.45E-05,-8.20E-05,1.61E-04,2.57E-04,1.33E-04,1.03E-04,-7.08E-05,1.88E-04,2.75E-04,1.79E-04,4.89E-04
121,-9.00E-05,5.21E-05,-9.53E-05,-2.16E-05,-1.76E-04,-1.91E-04,5.39E-05,-7.88E-06,1.01E-04,6.40E-05,-7.86E-05,1.65E-04,2.59E-04,1.35E-04,1.07E-04,-6.69E-05,1.94E-04,2.79E-04,1.82E-04,4.85E-04
122,-8.29E-05,5.98E-05,-9.13E-05,-1.42E-05,-1.70E-04,-1.83E-04,6.14E-05,-1.89E-06,1.03E-04,6.38E-05,-7.42E-05,1.69E-04,2.61E-04,1.38E-04,1.11E-04,-6.21E-05,2.00E-04,2.84E-04,1.85E-04,4.82E-04
123,-7.47E-05,6.84E-05,-8.63E-05,-5.65E-06,-1.63E-04,-1.73E-04,6.94E-05,5.08E-06,1.05E-04,6.41E-05,-6.89E-05,1.73E-04,2.63E-04,1.42E-04,1.16E-04,-5.64E-05,2.06E-04,2.90E-04,1.88E-04,4.78E-04
124,-6.55E-05,7.78E-05,-8.05E-05,3.90E-06,-1.55E-04,-1.63E-04,7.79E-05,1.29E-05,1.09E-04,6.49E-05,-6.25E-05,1.78E-04,2.66E-04,1.46E-04,1.22E-04,-4.99E-05,2.12E-04,2.97E-04,1.91E-04,4.75E-04
125,-5.55E-05,8.76E-05,-7.39E-05,1.43E-05,-1.46E-04,-1.52E-04,8.68E-05,2.16E-05,1.12E-04,6.62E-05,-5.51E-05,1.83E-04,2.69E-04,1.51E-04,1.28E-04,-4.26E-05,2.19E-04,3.03E-04,1.95E-04,4.72E-04
126,-4.47E-05,9.79E-05,-6.69E-05,2.52E-05,-1.37E-04,-1.40E-04,9.60E-05,3.09E-05,1.17E-04,6.80E-05,-4.66E-05,1.89E-04,2.73E-04,1.58E-04,1.36E-04,-3.46E-05,2.26E-04,3.11E-04,1.99E-04,4.68E-04
127,-3.33E-05,1.08E-04,-5.94E-05,3.65E-05,-1.27E-04,-1.27E-04,1.05E-04,4.08E-05,1.22E-04,7.05E-05,-3.71E-05,1.95E-04,2.77E-04,1.65E-04,1.44E-04,-2.61E-05,2.33E-04,3.19E-04,2.03E-04,4.65E-04
128,-2.13E-05,1.19E-04,-5.18E-05,4.81E-05,-1.17E-04,-1.14E-04,1.15E-04,5.11E-05,1.28E-04,7.35E-05,-2.66E-05,2.01E-04,2.83E-04,1.73E-04,1.53E-04,-1.71E-05,2.40E-04,3.27E-04,2.07E-04,4.61E-04
129,-9.01E-06,1.30E-04,-4.42E-05,5.97E-05,-1.06E-04,-1.01E-04,1.25E-04,6.18E-05,1.34E-04,7.71E-05,-1.52E-05,2.08E-04,2.88E-04,1.81E-04,1.62E-04,-7.69E-06,2.48E-04,3.35E-04,2.11E-04,4.58E-04
130,3.53E-06,1.40E-04,-3.66E-05,7.13E-05,-9.57E-05,-8.72E-05,1.35E-04,7.28E-05,1.41E-04,8.12E-05,-3.07E-06,2.15E-04,2.94E-04,1.90E-04,1.72E-04,1.97E-06,2.56E-04,3.43E-04,2.15E-04,4.54E-04
131,1.62E-05,1.51E-04,-2.93E-05,8.27E-05,-8.50E-05,-7.37E-05,1.44E-04,8.40E-05,1.49E-04,8.56E-05,9.72E-06,2.22E-04,3.01E-04,2.00E-04,1.82E-04,1.18E-05,2.64E-04,3.52E-04,2.19E-04,4.51E-04
132,2.88E-05,1.60E-04,-2.22E-05,9.38E-05,-7.43E-05,-6.01E-05,1.54E-04,9.52E-05,1.57E-04,9.05E-05,2.30E-05,2.30E-04,3.08E-04,2.10E-04,1.92E-04,2.16E-05,2.73E-04,3.61E-04,2.22E-04,4.47E-04
133,4.12E-05,1.70E-04,-1.55E-05,1.05E-04,-6.37E-05,-4.66E-05,1.64E-04,1.06E-04,1.65E-04,9.55E-05,3.65E-05,2.37E-04,3.15E-04,2.21E-04,2.03E-04,3.13E-05,2.82E-04,3.69E-04,2.26E-04,4.43E-04
134,5.35E-05,1.79E-04,-9.20E-06,1.15E-04,-5.31E-05,-3.32E-05,1.73E-04,1.17E-04,1.73E-04,1.01E-04,5.01E-05,2.44E-04,3.22E-04,2.31E-04,2.13E-04,4.08E-05,2.91E-04,3.77E-04,2.30E-04,4.39E-04
135,6.53E-05,1.88E-04,-3.29E-06,1.25E-04,-4.27E-05,-2.01E-05,1.82E-04,1.28E-04,1.81E-04,1.06E-04,6.35E-05,2.51E-04,3.29E-04,2.41E-04,2.23E-04,5.00E-05,3.01E-04,3.85E-04,2.33E-04,4.35E-04
136,7.67E-05,1.95E-04,2.20E-06,1.35E-04,-3.25E-05,-7.17E-06,1.91E-04,1.39E-04,1.89E-04,1.11E-04,7.65E-05,2.58E-04,3.36E-04,2.51E-04,2.32E-04,5.87E-05,3.10E-04,3.93E-04,2.37E-04,4.31E-04
137,8.75E-05,2.03E-04,7.25E-06,1.44E-04,-2.25E-05,5.34E-06,1.99E-04,1.49E-04,1.97E-04,1.15E-04,8.88E-05,2.64E-04,3.42E-04,2.60E-04,2.41E-04,6.69E-05,3.19E-04,4.00E-04,2.40E-04,4.26E-04
138,9.77E-05,2.09E-04,1.18E-05,1.52E-04,-1.29E-05,1.73E-05,2.06E-04,1.58E-04,2.04E-04,1.19E-04,1.00E-04,2.69E-04,3.47E-04,2.69E-04,2.49E-04,7.43E-05,3.28E-04,4.06E-04,2.42E-04,4.21E-04
139,1.07E-04,2.15E-04,1.60E-05,1.60E-04,-3.65E-06,2.87E-05,2.12E-04,1.66E-04,2.10E-04,1.22E-04,1.11E-04,2.74E-04,3.52E-04,2.77E-04,2.56E-04,8.10E-05,3.37E-04,4.12E-04,2.44E-04,4.16E-04
140,1.16E-04,2.20E-04,1.96E-05,1.67E-04,4.97E-06,3.94E-05,2.18E-04,1.74E-04,2.16E-04,1.24E-04,1.20E-04,2.78E-04,3.55E-04,2.83E-04,2.62E-04,8.69E-05,3.44E-04,4.17E-04,2.46E-04,4.10E-04
141,1.23E-04,2.24E-04,2.26E-05,1.73E-04,1.29E-05,4.90E-05,2.22E-04,1.80E-04,2.20E-04,1.26E-04,1.27E-04,2.80E-04,3.57E-04,2.89E-04,2.67E-04,9.18E-05,3.51E-04,4.20E-04,2.48E-04,4.04E-04
142,1.29E-04,2.27E-04,2.50E-05,1.78E-04,1.98E-05,5.76E-05,2.25E-04,1.86E-04,2.23E-04,1.26E-04,1.33E-04,2.82E-04,3.58E-04,2.94E-04,2.70E-04,9.58E-05,3.57E-04,4.23E-04,2.49E-04,3.98E-04
143,1.35E-04,2.29E-04,2.67E-05,1.81E-04,2.58E-05,6.50E-05,2.26E-04,1.89E-04,2.25E-04,1.26E-04,1.37E-04,2.82E-04,3.58E-04,2.97E-04,2.73E-04,9.87E-05,3.61E-04,4.25E-04,2.49E-04,3.91E-04
144,1.39E-04,2.29E-04,2.75E-05,1.84E-04,3.05E-05,7.10E-05,2.26E-04,1.92E-04,2.26E-04,1.24E-04,1.40E-04,2.81E-04,3.57E-04,2.99E-04,2.74E-04,1.01E-04,3.64E-04,4.26E-04,2.48E-04,3.83E-04
145,1.42E-04,2.29E-04,2.75E-05,1.85E-04,3.38E-05,7.55E-05,2.24E-04,1.93E-04,2.26E-04,1.21E-04,1.41E-04,2.79E-04,3.54E-04,3.00E-04,2.73E-04,1.02E-04,3.65E-04,4.25E-04,2.47E-04,3.74E-04
146,1.43E-04,2.27E-04,2.66E-05,1.84E-04,3.56E-05,7.85E-05,2.20E-04,1.92E-04,2.24E-04,1.17E-04,1.40E-04,2.75E-04,3.50E-04,3.00E-04,2.72E-04,1.02E-04,3.64E-04,4.24E-04,2.45E-04,3.65E-04
147,1.43E-04,2.24E-04,2.46E-05,1.82E-04,3.59E-05,8.00E-05,2.15E-04,1.89E-04,2.22E-04,1.12E-04,1.38E-04,2.71E-04,3.45E-04,2.99E-04,2.69E-04,1.01E-04,3.62E-04,4.21E-04,2.43E-04,3.55E-04
148,1.42E-04,2.20E-04,2.15E-05,1.79E-04,3.47E-05,7.99E-05,2.08E-04,1.85E-04,2.18E-04,1.07E-04,1.35E-04,2.65E-04,3.38E-04,2.98E-04,2.65E-04,9.88E-05,3.58E-04,4.17E-04,2.39E-04,3.45E-04
149,1.40E-04,2.14E-04,1.73E-05,1.74E-04,3.20E-05,7.85E-05,2.00E-04,1.80E-04,2.14E-04,1.01E-04,1.31E-04,2.58E-04,3.31E-04,2.96E-04,2.59E-04,9.63E-05,3.53E-04,4.13E-04,2.36E-04,3.34E-04
150,1.36E-04,2.07E-04,1.21E-05,1.67E-04,2.80E-05,7.59E-05,1.91E-04,1.73E-04,2.09E-04,9.45E-05,1.26E-04,2.50E-04,3.23E-04,2.93E-04,2.53E-04,9.32E-05,3.46E-04,4.07E-04,2.31E-04,3.23E-04
151,1.32E-04,1.99E-04,5.97E-06,1.60E-04,2.29E-05,7.23E-05,1.80E-04,1.65E-04,2.03E-04,8.78E-05,1.21E-04,2.41E-04,3.15E-04,2.90E-04,2.46E-04,8.98E-05,3.38E-04,4.01E-04,2.27E-04,3.11E-04
152,1.26E-04,1.91E-04,-1.03E-06,1.52E-04,1.69E-05,6.81E-05,1.69E-04,1.57E-04,1.97E-04,8.12E-05,1.15E-04,2.32E-04,3.06E-04,2.87E-04,2.39E-04,8.61E-05,3.28E-04,3.94E-04,2.22E-04,2.99E-04
153,1.20E-04,1.81E-04,-8.69E-06,1.43E-04,1.04E-05,6.35E-05,1.58E-04,1.48E-04,1.92E-04,7.48E-05,1.10E-04,2.22E-04,2.96E-04,2.84E-04,2.30E-04,8.24E-05,3.18E-04,3.87E-04,2.17E-04,2.87E-04
154,1.14E-04,1.71E-04,-1.68E-05,1.34E-04,3.66E-06,5.90E-05,1.46E-04,1.38E-04,1.86E-04,6.88E-05,1.06E-04,2.12E-04,2.87E-04,2.81E-04,2.22E-04,7.90E-05,3.07E-04,3.80E-04,2.11E-04,2.75E-04
155,1.07E-04,1.61E-04,-2.51E-05,1.25E-04,-2.80E-06,5.49E-05,1.34E-04,1.29E-04,1.80E-04,6.34E-05,1.02E-04,2.02E-04,2.78E-04,2.78E-04,2.14E-04,7.58E-05,2.96E-04,3.72E-04,2.07E-04,2.63E-04
156,1.01E-04,1.51E-04,-3.34E-05,1.17E-04,-8.64E-06,5.16E-05,1.23E-04,1.20E-04,1.76E-04,5.87E-05,9.89E-05,1.92E-04,2.69E-04,2.76E-04,2.06E-04,7.33E-05,2.85E-04,3.65E-04,2.02E-04,2.52E-04
157,9.50E-05,1.41E-04,-4.13E-05,1.10E-04,-1.34E-05,4.95E-05,1.12E-04,1.12E-04,1.71E-04,5.50E-05,9.73E-05,1.83E-04,2.61E-04,2.75E-04,1.98E-04,7.16E-05,2.75E-04,3.58E-04,1.98E-04,2.42E-04
158,8.96E-05,1.32E-04,-4.86E-05,1.04E-04,-1.68E-05,4.89E-05,1.03E-04,1.05E-04,1.68E-04,5.23E-05,9.71E-05,1.74E-04,2.54E-04,2.74E-04,1.90E-04,7.08E-05,2.65E-04,3.51E-04,1.95E-04,2.33E-04
159,8.50E-05,1.24E-04,-5.49E-05,9.96E-05,-1.85E-05,5.01E-05,9.46E-05,9.93E-05,1.66E-04,5.06E-05,9.84E-05,1.66E-04,2.47E-04,2.74E-04,1.84E-04,7.11E-05,2.56E-04,3.45E-04,1.92E-04,2.24E-04
160,8.16E-05,1.17E-04,-6.01E-05,9.72E-05,-1.82E-05,5.32E-05,8.78E-05,9.52E-05,1.64E-04,5.00E-05,1.01E-04,1.58E-04,2.41E-04,2.75E-04,1.78E-04,7.27E-05,2.48E-04,3.40E-04,1.90E-04,2.17E-04
161,7.95E-05,1.10E-04,-6.39E-05,9.68E-05,-1.58E-05,5.85E-05,8.27E-05,9.26E-05,1.64E-04,5.06E-05,1.06E-04,1.52E-04,2.36E-04,2.77E-04,1.73E-04,7.55E-05,2.41E-04,3.35E-04,1.89E-04,2.11E-04
162,7.87E-05,1.06E-04,-6.61E-05,9.86E-05,-1.11E-05,6.58E-05,7.91E-05,9.19E-05,1.64E-04,5.22E-05,1.12E-04,1.47E-04,2.33E-04,2.80E-04,1.69E-04,7.97E-05,2.36E-04,3.32E-04,1.90E-04,2.06E-04
163,7.94E-05,1.02E-04,-6.68E-05,1.03E-04,-4.24E-06,7.51E-05,7.73E-05,9.29E-05,1.66E-04,5.48E-05,1.20E-04,1.43E-04,2.30E-04,2.84E-04,1.66E-04,8.53E-05,2.32E-04,3.29E-04,1.91E-04,2.02E-04
164,8.17E-05,1.00E-04,-6.57E-05,1.09E-04,4.77E-06,8.64E-05,7.71E-05,9.56E-05,1.68E-04,5.83E-05,1.30E-04,1.40E-04,2.29E-04,2.89E-04,1.65E-04,9.23E-05,2.30E-04,3.27E-04,1.93E-04,2.00E-04
165,8.54E-05,9.99E-05,-6.30E-05,1.17E-04,1.57E-05,9.93E-05,7.84E-05,9.99E-05,1.72E-04,6.26E-05,1.41E-04,1.39E-04,2.28E-04,2.95E-04,1.64E-04,1.00E-04,2.29E-04,3.26E-04,1.95E-04,1.98E-04
166,9.06E-05,1.01E-04,-5.87E-05,1.26E-04,2.83E-05,1.14E-04,8.11E-05,1.06E-04,1.75E-04,6.76E-05,1.53E-04,1.38E-04,2.29E-04,3.02E-04,1.65E-04,1.10E-04,2.30E-04,3.26E-04,1.99E-04,1.98E-04
167,9.70E-05,1.03E-04,-5.30E-05,1.37E-04,4.22E-05,1.29E-04,8.50E-05,1.13E-04,1.80E-04,7.30E-05,1.67E-04,1.39E-04,2.31E-04,3.10E-04,1.67E-04,1.20E-04,2.32E-04,3.27E-04,2.03E-04,1.98E-04
168,1.05E-04,1.06E-04,-4.60E-05,1.49E-04,5.70E-05,1.45E-04,8.98E-05,1.21E-04,1.85E-04,7.88E-05,1.81E-04,1.41E-04,2.33E-04,3.18E-04,1.70E-04,1.31E-04,2.36E-04,3.28E-04,2.08E-04,2.00E-04
169,1.13E-04,1.10E-04,-3.81E-05,1.62E-04,7.22E-05,1.61E-04,9.54E-05,1.29E-04,1.90E-04,8.47E-05,1.95E-04,1.43E-04,2.37E-04,3.27E-04,1.74E-04,1.43E-04,2.41E-04,3.30E-04,2.13E-04,2.01E-04
170,1.23E-04,1.15E-04,-2.94E-05,1.75E-04,8.74E-05,1.76E-04,1.02E-04,1.38E-04,1.95E-04,9.07E-05,2.11E-04,1.46E-04,2.41E-04,3.37E-04,1.78E-04,1.56E-04,2.47E-04,3.33E-04,2.19E-04,2.03E-04
171,1.33E-04,1.21E-04,-2.04E-05,1.87E-04,1.02E-04,1.91E-04,1.08E-04,1.47E-04,2.00E-04,9.65E-05,2.26E-04,1.50E-04,2.46E-04,3.47E-04,1.84E-04,1.68E-04,2.54E-04,3.36E-04,2.24E-04,2.05E-04
172,1.43E-04,1.26E-04,-1.11E-05,1.99E-04,1.16E-04,2.05E-04,1.14E-04,1.56E-04,2.05E-04,1.02E-04,2.41E-04,1.55E-04,2.51E-04,3.57E-04,1.89E-04,1.80E-04,2.62E-04,3.40E-04,2.29E-04,2.07E-04
173,1.53E-04,1.32E-04,-2.10E-06,2.10E-04,1.29E-04,2.17E-04,1.20E-04,1.64E-04,2.10E-04,1.07E-04,2.57E-04,1.59E-04,2.56E-04,3.67E-04,1.96E-04,1.92E-04,2.70E-04,3.43E-04,2.34E-04,2.08E-04
174,1.63E-04,1.37E-04,6.54E-06,2.20E-04,1.40E-04,2.27E-04,1.26E-04,1.71E-04,2.14E-04,1.12E-04,2.71E-04,1.64E-04,2.62E-04,3.76E-04,2.02E-04,2.04E-04,2.78E-04,3.47E-04,2.38E-04,2.09E-04
175,1.73E-04,1.42E-04,1.45E-05,2.29E-04,1.49E-04,2.36E-04,1.31E-04,1.77E-04,2.17E-04,1.16E-04,2.85E-04,1.69E-04,2.67E-04,3.85E-04,2.08E-04,2.14E-04,2.87E-04,3.50E-04,2.42E-04,2.09E-04
176,1.82E-04,1.47E-04,2.16E-05,2.35E-04,1.56E-04,2.42E-04,1.35E-04,1.83E-04,2.20E-04,1.19E-04,2.98E-04,1.73E-04,2.72E-04,3.93E-04,2.14E-04,2.24E-04,2.95E-04,3.53E-04,2.45E-04,2.09E-04
177,1.90E-04,1.51E-04,2.77E-05,2.40E-04,1.61E-04,2.45E-04,1.38E-04,1.87E-04,2.22E-04,1.22E-04,3.10E-04,1.77E-04,2.76E-04,4.01E-04,2.19E-04,2.32E-04,3.03E-04,3.55E-04,2.48E-04,2.07E-04
178,1.98E-04,1.54E-04,3.27E-05,2.43E-04,1.64E-04,2.47E-04,1.40E-04,1.89E-04,2.23E-04,1.23E-04,3.21E-04,1.81E-04,2.80E-04,4.07E-04,2.24E-04,2.39E-04,3.10E-04,3.57E-04,2.49E-04,2.05E-04
179,2.04E-04,1.56E-04,3.65E-05,2.44E-04,1.65E-04,2.46E-04,1.41E-04,1.91E-04,2.23E-04,1.24E-04,3.30E-04,1.84E-04,2.83E-04,4.11E-04,2.28E-04,2.44E-04,3.17E-04,3.58E-04,2.50E-04,2.01E-04
180,2.10E-04,1.57E-04,3.91E-05,2.43E-04,1.63E-04,2.43E-04,1.42E-04,1.91E-04,2.22E-04,1.24E-04,3.39E-04,1.86E-04,2.86E-04,4.15E-04,2.31E-04,2.48E-04,3.23E-04,3.57E-04,2.50E-04,1.97E-04
181,2.14E-04,1.58E-04,4.06E-05,2.41E-04,1.60E-04,2.38E-04,1.41E-04,1.90E-04,2.21E-04,1.23E-04,3.45E-04,1.87E-04,2.87E-04,4.16E-04,2.33E-04,2.51E-04,3.28E-04,3.56E-04,2.49E-04,1.92E-04
182,2.17E-04,1.57E-04,4.10E-05,2.37E-04,1.55E-04,2.31E-04,1.39E-04,1.88E-04,2.19E-04,1.22E-04,3.51E-04,1.87E-04,2.87E-04,4.17E-04,2.34E-04,2.51E-04,3.32E-04,3.54E-04,2.48E-04,1.85E-04
183,2.19E-04,1.56E-04,4.04E-05,2.31E-04,1.49E-04,2.23E-04,1.37E-04,1.85E-04,2.15E-04,1.19E-04,3.55E-04,1.87E-04,2.87E-04,4.15E-04,2.34E-04,2.51E-04,3.35E-04,3.51E-04,2.45E-04,1.78E-04
184,2.20E-04,1.54E-04,3.89E-05,2.25E-04,1.42E-04,2.13E-04,1.34E-04,1.81E-04,2.11E-04,1.16E-04,3.59E-04,1.85E-04,2.85E-04,4.12E-04,2.33E-04,2.48E-04,3.37E-04,3.47E-04,2.43E-04,1.70E-04
185,2.21E-04,1.52E-04,3.68E-05,2.17E-04,1.34E-04,2.03E-04,1.30E-04,1.76E-04,2.07E-04,1.11E-04,3.61E-04,1.83E-04,2.83E-04,4.08E-04,2.31E-04,2.45E-04,3.38E-04,3.42E-04,2.39E-04,1.62E-04
186,2.20E-04,1.49E-04,3.42E-05,2.09E-04,1.25E-04,1.92E-04,1.26E-04,1.71E-04,2.02E-04,1.07E-04,3.62E-04,1.81E-04,2.79E-04,4.03E-04,2.28E-04,2.41E-04,3.39E-04,3.37E-04,2.35E-04,1.53E-04
187,2.19E-04,1.45E-04,3.11E-05,2.00E-04,1.16E-04,1.81E-04,1.22E-04,1.66E-04,1.96E-04,1.02E-04,3.62E-04,1.77E-04,2.76E-04,3.97E-04,2.24E-04,2.35E-04,3.38E-04,3.30E-04,2.31E-04,1.44E-04
188,2.18E-04,1.42E-04,2.79E-05,1.92E-04,1.07E-04,1.69E-04,1.18E-04,1.61E-04,1.90E-04,9.59E-05,3.62E-04,1.73E-04,2.72E-04,3.91E-04,2.20E-04,2.29E-04,3.37E-04,3.24E-04,2.27E-04,1.35E-04
189,2.16E-04,1.38E-04,2.46E-05,1.83E-04,9.90E-05,1.59E-04,1.13E-04,1.56E-04,1.84E-04,9.00E-05,3.62E-04,1.69E-04,2.67E-04,3.84E-04,2.15E-04,2.23E-04,3.36E-04,3.17E-04,2.22E-04,1.26E-04
190,2.14E-04,1.35E-04,2.14E-05,1.75E-04,9.11E-05,1.48E-04,1.09E-04,1.51E-04,1.78E-04,8.39E-05,3.62E-04,1.65E-04,2.62E-04,3.76E-04,2.10E-04,2.17E-04,3.34E-04,3.10E-04,2.18E-04,1.16E-04
191,2.13E-04,1.31E-04,1.84E-05,1.67E-04,8.38E-05,1.38E-04,1.05E-04,1.47E-04,1.72E-04,7.77E-05,3.62E-04,1.60E-04,2.58E-04,3.69E-04,2.05E-04,2.10E-04,3.32E-04,3.03E-04,2.13E-04,1.07E-04
192,2.11E-04,1.28E-04,1.58E-05,1.60E-04,7.74E-05,1.30E-04,1.01E-04,1.43E-04,1.66E-04,7.16E-05,3.62E-04,1.56E-04,2.54E-04,3.63E-04,2.00E-04,2.04E-04,3.30E-04,2.96E-04,2.09E-04,9.87E-05
193,2.10E-04,1.26E-04,1.35E-05,1.54E-04,7.20E-05,1.22E-04,9.75E-05,1.39E-04,1.60E-04,6.56E-05,3.62E-04,1.52E-04,2.50E-04,3.57E-04,1.96E-04,1.98E-04,3.28E-04,2.90E-04,2.05E-04,9.04E-05
194,2.09E-04,1.23E-04,1.18E-05,1.48E-04,6.75E-05,1.15E-04,9.46E-05,1.36E-04,1.55E-04,5.98E-05,3.64E-04,1.48E-04,2.47E-04,3.52E-04,1.92E-04,1.92E-04,3.27E-04,2.84E-04,2.02E-04,8.26E-05
195,2.08E-04,1.22E-04,1.05E-05,1.44E-04,6.41E-05,1.10E-04,9.21E-05,1.34E-04,1.50E-04,5.44E-05,3.66E-04,1.45E-04,2.44E-04,3.47E-04,1.88E-04,1.87E-04,3.26E-04,2.80E-04,1.99E-04,7.52E-05
196,2.08E-04,1.21E-04,9.86E-06,1.40E-04,6.17E-05,1.06E-04,9.02E-05,1.32E-04,1.46E-04,4.94E-05,3.69E-04,1.42E-04,2.43E-04,3.44E-04,1.86E-04,1.83E-04,3.25E-04,2.76E-04,1.96E-04,6.84E-05
197,2.09E-04,1.21E-04,9.71E-06,1.37E-04,6.02E-05,1.02E-04,8.88E-05,1.31E-04,1.42E-04,4.48E-05,3.72E-04,1.40E-04,2.42E-04,3.42E-04,1.84E-04,1.80E-04,3.25E-04,2.72E-04,1.94E-04,6.20E-05
198,2.11E-04,1.21E-04,1.01E-05,1.35E-04,5.96E-05,1.00E-04,8.78E-05,1.31E-04,1.39E-04,4.05E-05,3.76E-04,1.39E-04,2.41E-04,3.40E-04,1.83E-04,1.77E-04,3.26E-04,2.70E-04,1.92E-04,5.62E-05
199,2.13E-04,1.22E-04,1.09E-05,1.34E-04,5.98E-05,9.89E-05,8.73E-05,1.31E-04,1.36E-04,3.67E-05,3.81E-04,1.38E-04,2.42E-04,3.40E-04,1.83E-04,1.75E-04,3.27E-04,2.68E-04,1.91E-04,5.07E-05
200,2.15E-04,1.23E-04,1.21E-05,1.34E-04,6.06E-05,9.84E-05,8.71E-05,1.31E-04,1.34E-04,3.33E-05,3.86E-04,1.37E-04,2.43E-04,3.39E-04,1.84E-04,1.74E-04,3.28E-04,2.67E-04,1.90E-04,4.57E-05
201,2.18E-04,1.25E-04,1.36E-05,1.34E-04,6.18E-05,9.85E-05,8.71E-05,1.32E-04,1.32E-04,3.01E-05,3.91E-04,1.38E-04,2.44E-04,3.40E-04,1.85E-04,1.74E-04,3.30E-04,2.66E-04,1.89E-04,4.10E-05
202,2.21E-04,1.27E-04,1.53E-05,1.34E-04,6.33E-05,9.90E-05,8.72E-05,1.33E-04,1.31E-04,2.70E-05,3.97E-04,1.38E-04,2.46E-04,3.41E-04,1.87E-04,1.74E-04,3.33E-04,2.65E-04,1.88E-04,3.65E-05
203,2.25E-04,1.28E-04,1.71E-05,1.34E-04,6.48E-05,9.96E-05,8.72E-05,1.34E-04,1.29E-04,2.41E-05,4.02E-04,1.38E-04,2.48E-04,3.41E-04,1.89E-04,1.75E-04,3.35E-04,2.65E-04,1.87E-04,3.21E-05
204,2.28E-04,1.30E-04,1.88E-05,1.34E-04,6.63E-05,1.00E-04,8.70E-05,1.35E-04,1.28E-04,2.11E-05,4.06E-04,1.39E-04,2.49E-04,3.42E-04,1.92E-04,1.76E-04,3.37E-04,2.64E-04,1.86E-04,2.78E-05
205,2.31E-04,1.32E-04,2.02E-05,1.34E-04,6.73E-05,1.01E-04,8.64E-05,1.35E-04,1.26E-04,1.79E-05,4.10E-04,1.39E-04,2.51E-04,3.42E-04,1.95E-04,1.77E-04,3.39E-04,2.63E-04,1.85E-04,2.35E-05
206,2.34E-04,1.33E-04,2.14E-05,1.32E-04,6.78E-05,1.00E-04,8.52E-05,1.35E-04,1.24E-04,1.44E-05,4.13E-04,1.39E-04,2.52E-04,3.42E-04,1.97E-04,1.78E-04,3.41E-04,2.62E-04,1.84E-04,1.90E-05
207,2.36E-04,1.33E-04,2.20E-05,1.31E-04,6.76E-05,9.96E-05,8.33E-05,1.34E-04,1.22E-04,1.05E-05,4.15E-04,1.39E-04,2.53E-04,3.41E-04,1.99E-04,1.79E-04,3.42E-04,2.59E-04,1.83E-04,1.44E-05
208,2.38E-04,1.33E-04,2.21E-05,1.28E-04,6.65E-05,9.80E-05,8.06E-05,1.33E-04,1.19E-04,5.99E-06,4.15E-04,1.38E-04,2.52E-04,3.39E-04,2.01E-04,1.80E-04,3.42E-04,2.56E-04,1.80E-04,9.46E-06
209,2.38E-04,1.32E-04,2.14E-05,1.24E-04,6.44E-05,9.54E-05,7.68E-05,1.31E-04,1.16E-04,9.24E-07,4.14E-04,1.36E-04,2.51E-04,3.37E-04,2.03E-04,1.81E-04,3.41E-04,2.52E-04,1.78E-04,4.25E-06
210,2.38E-04,1.30E-04,1.99E-05,1.19E-04,6.13E-05,9.19E-05,7.20E-05,1.28E-04,1.11E-04,-4.80E-06,4.12E-04,1.34E-04,2.50E-04,3.33E-04,2.04E-04,1.82E-04,3.39E-04,2.47E-04,1.75E-04,-1.29E-06
211,2.36E-04,1.27E-04,1.76E-05,1.12E-04,5.70E-05,8.74E-05,6.60E-05,1.24E-04,1.06E-04,-1.12E-05,4.08E-04,1.30E-04,2.47E-04,3.29E-04,2.04E-04,1.82E-04,3.35E-04,2.41E-04,1.71E-04,-7.16E-06
212,2.34E-04,1.23E-04,1.44E-05,1.05E-04,5.16E-05,8.19E-05,5.89E-05,1.18E-04,1.00E-04,-1.82E-05,4.03E-04,1.26E-04,2.43E-04,3.23E-04,2.04E-04,1.83E-04,3.31E-04,2.35E-04,1.67E-04,-1.34E-05
213,2.30E-04,1.18E-04,1.02E-05,9.59E-05,4.51E-05,7.56E-05,5.06E-05,1.12E-04,9.40E-05,-2.59E-05,3.97E-04,1.21E-04,2.39E-04,3.17E-04,2.04E-04,1.83E-04,3.25E-04,2.27E-04,1.62E-04,-1.99E-05
214,2.25E-04,1.12E-04,5.21E-06,8.61E-05,3.76E-05,6.85E-05,4.12E-05,1.05E-04,8.69E-05,-3.40E-05,3.91E-04,1.15E-04,2.33E-04,3.11E-04,2.03E-04,1.83E-04,3.17E-04,2.18E-04,1.57E-04,-2.66E-05
215,2.20E-04,1.05E-04,-6.60E-07,7.55E-05,2.93E-05,6.08E-05,3.08E-05,9.70E-05,7.94E-05,-4.26E-05,3.83E-04,1.08E-04,2.27E-04,3.04E-04,2.01E-04,1.82E-04,3.09E-04,2.09E-04,1.51E-04,-3.36E-05
216,2.13E-04,9.71E-05,-7.30E-06,6.41E-05,2.03E-05,5.28E-05,1.95E-05,8.83E-05,7.14E-05,-5.14E-05,3.75E-04,1.00E-04,2.20E-04,2.96E-04,1.99E-04,1.82E-04,2.99E-04,1.99E-04,1.45E-04,-4.07E-05
217,2.06E-04,8.85E-05,-1.46E-05,5.23E-05,1.09E-05,4.47E-05,7.52E-06,7.89E-05,6.32E-05,-6.03E-05,3.66E-04,9.20E-05,2.13E-04,2.88E-04,1.97E-04,1.81E-04,2.88E-04,1.89E-04,1.39E-04,-4.79E-05
218,1.98E-04,7.94E-05,-2.25E-05,4.02E-05,1.27E-06,3.68E-05,-4.99E-06,6.92E-05,5.49E-05,-6.91E-05,3.57E-04,8.35E-05,2.06E-04,2.81E-04,1.95E-04,1.81E-04,2.76E-04,1.78E-04,1.32E-04,-5.51E-05
219,1.90E-04,6.97E-05,-3.08E-05,2.81E-05,-8.41E-06,2.91E-05,-1.78E-05,5.93E-05,4.67E-05,-7.77E-05,3.49E-04,7.47E-05,1.98E-04,2.73E-04,1.93E-04,1.80E-04,2.64E-04,1.68E-04,1.26E-04,-6.22E-05
220,1.81E-04,5.98E-05,-3.93E-05,1.61E-05,-1.79E-05,2.21E-05,-3.08E-05,4.93E-05,3.88E-05,-8.59E-05,3.41E-04,6.57E-05,1.90E-04,2.65E-04,1.91E-04,1.80E-04,2.50E-04,1.57E-04,1.20E-04,-6.91E-05
221,1.73E-04,4.96E-05,-4.81E-05,4.57E-06,-2.69E-05,1.58E-05,-4.37E-05,3.95E-05,3.12E-05,-9.36E-05,3.33E-04,5.67E-05,1.83E-04,2.58E-04,1.89E-04,1.80E-04,2.37E-04,1.47E-04,1.13E-04,-7.58E-05
222,1.64E-04,3.94E-05,-5.68E-05,-6.43E-06,-3.54E-05,1.06E-05,-5.64E-05,3.00E-05,2.41E-05,-1.01E-04,3.26E-04,4.79E-05,1.75E-04,2.51E-04,1.87E-04,1.80E-04,2.23E-04,1.37E-04,1.07E-04,-8.22E-05
223,1.55E-04,2.92E-05,-6.55E-05,-1.67E-05,-4.31E-05,6.34E-06,-6.87E-05,2.09E-05,1.76E-05,-1.07E-04,3.19E-04,3.93E-05,1.68E-04,2.44E-04,1.86E-04,1.80E-04,2.10E-04,1.27E-04,1.01E-04,-8.82E-05
224,1.47E-04,1.92E-05,-7.39E-05,-2.63E-05,-4.99E-05,3.29E-06,-8.04E-05,1.25E-05,1.17E-05,-1.12E-04,3.14E-04,3.10E-05,1.61E-04,2.38E-04,1.85E-04,1.81E-04,1.96E-04,1.17E-04,9.59E-05,-9.39E-05
225,1.39E-04,9.37E-06,-8.20E-05,-3.49E-05,-5.57E-05,1.44E-06,-9.15E-05,4.71E-06,6.42E-06,-1.17E-04,3.09E-04,2.32E-05,1.55E-04,2.32E-04,1.84E-04,1.81E-04,1.83E-04,1.08E-04,9.09E-05,-9.92E-05
226,1.32E-04,-1.43E-07,-8.96E-05,-4.27E-05,-6.04E-05,7.68E-07,-1.02E-04,-2.34E-06,1.83E-06,-1.20E-04,3.04E-04,1.58E-05,1.49E-04,2.27E-04,1.84E-04,1.82E-04,1.70E-04,9.88E-05,8.62E-05,-1.04E-04
227,1.24E-04,-9.30E-06,-9.68E-05,-4.96E-05,-6.42E-05,1.22E-06,-1.11E-04,-8.62E-06,-2.13E-06,-1.23E-04,3.01E-04,8.91E-06,1.44E-04,2.22E-04,1.84E-04,1.84E-04,1.58E-04,9.03E-05,8.20E-05,-1.08E-04
228,1.18E-04,-1.81E-05,-1.03E-04,-5.57E-05,-6.69E-05,2.71E-06,-1.20E-04,-1.41E-05,-5.53E-06,-1.25E-04,2.98E-04,2.55E-06,1.39E-04,2.18E-04,1.85E-04,1.86E-04,1.46E-04,8.22E-05,7.82E-05,-1.12E-04
229,1.11E-04,-2.64E-05,-1.09E-04,-6.10E-05,-6.87E-05,5.10E-06,-1.28E-04,-1.89E-05,-8.42E-06,-1.27E-04,2.95E-04,-3.28E-06,1.35E-04,2.14E-04,1.86E-04,1.88E-04,1.35E-04,7.44E-05,7.49E-05,-1.16E-04
230,1.06E-04,-3.43E-05,-1.15E-04,-6.56E-05,-6.96E-05,8.24E-06,-1.36E-04,-2.30E-05,-1.09E-05,-1.28E-04,2.93E-04,-8.61E-06,1.31E-04,2.10E-04,1.88E-04,1.91E-04,1.24E-04,6.71E-05,7.19E-05,-1.19E-04
231,1.00E-04,-4.17E-05,-1.20E-04,-6.95E-05,-6.97E-05,1.20E-05,-1.42E-04,-2.65E-05,-1.31E-05,-1.28E-04,2.92E-04,-1.34E-05,1.28E-04,2.08E-04,1.90E-04,1.94E-04,1.15E-04,6.01E-05,6.94E-05,-1.22E-04
232,9.55E-05,-4.86E-05,-1.24E-04,-7.29E-05,-6.91E-05,1.62E-05,-1.48E-04,-2.94E-05,-1.50E-05,-1.28E-04,2.90E-04,-1.78E-05,1.25E-04,2.05E-04,1.93E-04,1.98E-04,1.06E-04,5.35E-05,6.72E-05,-1.24E-04
233,9.12E-05,-5.50E-05,-1.27E-04,-7.58E-05,-6.80E-05,2.06E-05,-1.54E-04,-3.19E-05,-1.68E-05,-1.28E-04,2.89E-04,-2.17E-05,1.23E-04,2.03E-04,1.96E-04,2.01E-04,9.78E-05,4.73E-05,6.53E-05,-1.26E-04
234,8.73E-05,-6.10E-05,-1.30E-04,-7.83E-05,-6.64E-05,2.52E-05,-1.59E-04,-3.39E-05,-1.85E-05,-1.28E-04,2.89E-04,-2.52E-05,1.21E-04,2.02E-04,2.00E-04,2.06E-04,9.04E-05,4.15E-05,6.37E-05,-1.28E-04
235,8.39E-05,-6.64E-05,-1.32E-04,-8.03E-05,-6.44E-05,2.97E-05,-1.64E-04,-3.56E-05,-2.02E-05,-1.28E-04,2.88E-04,-2.84E-05,1.20E-04,2.01E-04,2.04E-04,2.11E-04,8.38E-05,3.62E-05,6.24E-05,-1.30E-04
236,8.09E-05,-7.13E-05,-1.34E-04,-8.19E-05,-6.21E-05,3.42E-05,-1.68E-04,-3.70E-05,-2.20E-05,-1.29E-04,2.88E-04,-3.11E-05,1.18E-04,2.01E-04,2.09E-04,2.16E-04,7.78E-05,3.14E-05,6.13E-05,-1.31E-04
237,7.85E-05,-7.56E-05,-1.34E-04,-8.31E-05,-5.95E-05,3.84E-05,-1.72E-04,-3.82E-05,-2.38E-05,-1.29E-04,2.88E-04,-3.34E-05,1.18E-04,2.01E-04,2.13E-04,2.21E-04,7.25E-05,2.71E-05,6.04E-05,-1.33E-04
238,7.67E-05,-7.95E-05,-1.34E-04,-8.39E-05,-5.68E-05,4.24E-05,-1.76E-04,-3.92E-05,-2.56E-05,-1.30E-04,2.88E-04,-3.54E-05,1.17E-04,2.01E-04,2.19E-04,2.27E-04,6.78E-05,2.33E-05,5.96E-05,-1.34E-04
239,7.54E-05,-8.28E-05,-1.34E-04,-8.43E-05,-5.38E-05,4.61E-05,-1.79E-04,-3.99E-05,-2.76E-05,-1.31E-04,2.89E-04,-3.70E-05,1.17E-04,2.02E-04,2.24E-04,2.33E-04,6.36E-05,2.00E-05,5.90E-05,-1.35E-04
240,7.46E-05,-8.57E-05,-1.33E-04,-8.43E-05,-5.08E-05,4.95E-05,-1.82E-04,-4.04E-05,-2.95E-05,-1.33E-04,2.89E-04,-3.83E-05,1.17E-04,2.03E-04,2.30E-04,2.38E-04,5.99E-05,1.74E-05,5.85E-05,-1.36E-04
241,7.44E-05,-8.80E-05,-1.31E-04,-8.38E-05,-4.76E-05,5.26E-05,-1.85E-04,-4.06E-05,-3.14E-05,-1.35E-04,2.91E-04,-3.92E-05,1.18E-04,2.04E-04,2.35E-04,2.44E-04,5.65E-05,1.53E-05,5.81E-05,-1.37E-04
242,7.49E-05,-9.00E-05,-1.29E-04,-8.28E-05,-4.42E-05,5.53E-05,-1.88E-04,-4.06E-05,-3.33E-05,-1.38E-04,2.92E-04,-3.98E-05,1.18E-04,2.06E-04,2.41E-04,2.50E-04,5.35E-05,1.37E-05,5.77E-05,-1.39E-04
243,7.59E-05,-9.15E-05,-1.26E-04,-8.14E-05,-4.07E-05,5.78E-05,-1.90E-04,-4.03E-05,-3.50E-05,-1.40E-04,2.94E-04,-4.00E-05,1.19E-04,2.07E-04,2.47E-04,2.56E-04,5.08E-05,1.27E-05,5.73E-05,-1.40E-04
244,7.74E-05,-9.26E-05,-1.22E-04,-7.95E-05,-3.71E-05,6.00E-05,-1.92E-04,-3.96E-05,-3.65E-05,-1.43E-04,2.96E-04,-3.98E-05,1.20E-04,2.09E-04,2.52E-04,2.61E-04,4.83E-05,1.21E-05,5.69E-05,-1.42E-04
245,7.95E-05,-9.35E-05,-1.18E-04,-7.72E-05,-3.33E-05,6.20E-05,-1.94E-04,-3.86E-05,-3.78E-05,-1.46E-04,2.99E-04,-3.93E-05,1.22E-04,2.11E-04,2.58E-04,2.66E-04,4.59E-05,1.20E-05,5.65E-05,-1.44E-04
246,8.21E-05,-9.41E-05,-1.14E-04,-7.45E-05,-2.93E-05,6.38E-05,-1.95E-04,-3.72E-05,-3.88E-05,-1.49E-04,3.02E-04,-3.84E-05,1.23E-04,2.12E-04,2.63E-04,2.71E-04,4.38E-05,1.23E-05,5.61E-05,-1.46E-04
247,8.52E-05,-9.44E-05,-1.10E-04,-7.15E-05,-2.52E-05,6.54E-05,-1.96E-04,-3.54E-05,-3.95E-05,-1.52E-04,3.06E-04,-3.73E-05,1.25E-04,2.14E-04,2.68E-04,2.75E-04,4.17E-05,1.30E-05,5.56E-05,-1.48E-04
248,8.87E-05,-9.46E-05,-1.05E-04,-6.82E-05,-2.09E-05,6.69E-05,-1.96E-04,-3.31E-05,-3.98E-05,-1.55E-04,3.10E-04,-3.57E-05,1.26E-04,2.16E-04,2.73E-04,2.79E-04,3.99E-05,1.40E-05,5.51E-05,-1.51E-04
249,9.27E-05,-9.45E-05,-9.98E-05,-6.47E-05,-1.63E-05,6.83E-05,-1.96E-04,-3.02E-05,-3.97E-05,-1.58E-04,3.15E-04,-3.38E-05,1.28E-04,2.17E-04,2.78E-04,2.83E-04,3.83E-05,1.53E-05,5.46E-05,-1.53E-04
250,9.70E-05,-9.43E-05,-9.44E-05,-6.10E-05,-1.15E-05,6.97E-05,-1.95E-04,-2.69E-05,-3.92E-05,-1.60E-04,3.20E-04,-3.16E-05,1.30E-04,2.19E-04,2.82E-04,2.86E-04,3.70E-05,1.69E-05,5.41E-05,-1.56E-04
251,1.02E-04,-9.39E-05,-8.87E-05,-5.71E-05,-6.44E-06,7.11E-05,-1.93E-04,-2.30E-05,-3.81E-05,-1.63E-04,3.26E-04,-2.89E-05,1.33E-04,2.21E-04,2.87E-04,2.90E-04,3.61E-05,1.88E-05,5.37E-05,-1.59E-04
252,1.07E-04,-9.31E-05,-8.27E-05,-5.30E-05,-9.85E-07,7.28E-05,-1.90E-04,-1.84E-05,-3.66E-05,-1.65E-04,3.32E-04,-2.58E-05,1.36E-04,2.22E-04,2.92E-04,2.93E-04,3.58E-05,2.11E-05,5.35E-05,-1.61E-04
253,1.13E-04,-9.21E-05,-7.64E-05,-4.87E-05,4.91E-06,7.46E-05,-1.87E-04,-1.32E-05,-3.46E-05,-1.66E-04,3.39E-04,-2.22E-05,1.39E-04,2.25E-04,2.97E-04,2.96E-04,3.60E-05,2.38E-05,5.34E-05,-1.64E-04
254,1.19E-04,-9.06E-05,-6.95E-05,-4.41E-05,1.13E-05,7.68E-05,-1.83E-04,-7.33E-06,-3.21E-05,-1.67E-04,3.47E-04,-1.80E-05,1.43E-04,2.27E-04,3.02E-04,2.99E-04,3.71E-05,2.70E-05,5.36E-05,-1.66E-04
255,1.25E-04,-8.85E-05,-6.21E-05,-3.92E-05,1.84E-05,7.94E-05,-1.78E-04,-6.43E-07,-2.90E-05,-1.68E-04,3.56E-04,-1.32E-05,1.48E-04,2.31E-04,3.08E-04,3.02E-04,3.91E-05,3.08E-05,5.42E-05,-1.69E-04
256,1.33E-04,-8.57E-05,-5.40E-05,-3.38E-05,2.63E-05,8.27E-05,-1.72E-04,6.89E-06,-2.53E-05,-1.68E-04,3.66E-04,-7.72E-06,1.53E-04,2.35E-04,3.14E-04,3.06E-04,4.23E-05,3.52E-05,5.51E-05,-1.70E-04
257,1.41E-04,-8.22E-05,-4.51E-05,-2.78E-05,3.51E-05,8.66E-05,-1.65E-04,1.53E-05,-2.11E-05,-1.68E-04,3.76E-04,-1.40E-06,1.60E-04,2.39E-04,3.21E-04,3.11E-04,4.66E-05,4.05E-05,5.66E-05,-1.71E-04
258,1.51E-04,-7.76E-05,-3.52E-05,-2.09E-05,4.49E-05,9.13E-05,-1.57E-04,2.48E-05,-1.62E-05,-1.67E-04,3.88E-04,5.81E-06,1.67E-04,2.45E-04,3.29E-04,3.16E-04,5.24E-05,4.67E-05,5.86E-05,-1.72E-04
259,1.61E-04,-7.20E-05,-2.42E-05,-1.32E-05,5.59E-05,9.70E-05,-1.47E-04,3.52E-05,-1.08E-05,-1.65E-04,4.01E-04,1.40E-05,1.76E-04,2.51E-04,3.37E-04,3.21E-04,5.95E-05,5.38E-05,6.13E-05,-1.71E-04
260,1.73E-04,-6.53E-05,-1.20E-05,-4.44E-06,6.81E-05,1.04E-04,-1.37E-04,4.67E-05,-4.68E-06,-1.64E-04,4.15E-04,2.32E-05,1.85E-04,2.59E-04,3.47E-04,3.27E-04,6.82E-05,6.20E-05,6.47E-05,-1.71E-04
261,1.86E-04,-5.73E-05,1.54E-06,5.53E-06,8.17E-05,1.11E-04,-1.25E-04,5.94E-05,2.03E-06,-1.61E-04,4.30E-04,3.34E-05,1.96E-04,2.67E-04,3.57E-04,3.34E-04,7.83E-05,7.12E-05,6.87E-05,-1.69E-04
262,2.00E-04,-4.80E-05,1.64E-05,1.68E-05,9.67E-05,1.20E-04,-1.13E-04,7.31E-05,9.34E-06,-1.59E-04,4.46E-04,4.48E-05,2.07E-04,2.75E-04,3.69E-04,3.41E-04,8.99E-05,8.16E-05,7.34E-05,-1.66E-04
263,2.15E-04,-3.74E-05,3.27E-05,2.93E-05,1.13E-04,1.29E-04,-9.87E-05,8.79E-05,1.72E-05,-1.56E-04,4.63E-04,5.71E-05,2.19E-04,2.85E-04,3.81E-04,3.49E-04,1.03E-04,9.29E-05,7.88E-05,-1.63E-04
264,2.32E-04,-2.55E-05,5.04E-05,4.32E-05,1.31E-04,1.40E-04,-8.39E-05,1.04E-04,2.56E-05,-1.52E-04,4.81E-04,7.05E-05,2.33E-04,2.95E-04,3.93E-04,3.57E-04,1.17E-04,1.05E-04,8.47E-05,-1.59E-04
265,2.51E-04,-1.25E-05,6.93E-05,5.83E-05,1.49E-04,1.51E-04,-6.82E-05,1.21E-04,3.45E-05,-1.49E-04,4.99E-04,8.48E-05,2.47E-04,3.05E-04,4.06E-04,3.66E-04,1.33E-04,1.18E-04,9.12E-05,-1.55E-04
266,2.70E-04,1.49E-06,8.94E-05,7.45E-05,1.69E-04,1.63E-04,-5.17E-05,1.38E-04,4.37E-05,-1.45E-04,5.18E-04,9.99E-05,2.61E-04,3.15E-04,4.19E-04,3.74E-04,1.49E-04,1.32E-04,9.82E-05,-1.50E-04
267,2.91E-04,1.64E-05,1.11E-04,9.17E-05,1.90E-04,1.75E-04,-3.46E-05,1.56E-04,5.32E-05,-1.41E-04,5.37E-04,1.16E-04,2.76E-04,3.25E-04,4.32E-04,3.82E-04,1.66E-04,1.46E-04,1.05E-04,-1.45E-04
268,3.12E-04,3.20E-05,1.32E-04,1.10E-04,2.11E-04,1.87E-04,-1.70E-05,1.75E-04,6.29E-05,-1.37E-04,5.56E-04,1.32E-04,2.90E-04,3.35E-04,4.45E-04,3.90E-04,1.83E-04,1.61E-04,1.13E-04,-1.40E-04
269,3.34E-04,4.81E-05,1.55E-04,1.28E-04,2.32E-04,1.99E-04,8.93E-07,1.94E-04,7.27E-05,-1.33E-04,5.74E-04,1.48E-04,3.05E-04,3.44E-04,4.57E-04,3.98E-04,2.01E-04,1.76E-04,1.20E-04,-1.36E-04
270,3.56E-04,6.44E-05,1.78E-04,1.47E-04,2.54E-04,2.11E-04,1.88E-05,2.13E-04,8.24E-05,-1.29E-04,5.92E-04,1.65E-04,3.19E-04,3.52E-04,4.69E-04,4.04E-04,2.18E-04,1.90E-04,1.27E-04,-1.31E-04
271,3.79E-04,8.07E-05,2.00E-04,1.65E-04,2.75E-04,2.22E-04,3.66E-05,2.31E-04,9.18E-05,-1.26E-04,6.10E-04,1.81E-04,3.33E-04,3.59E-04,4.80E-04,4.10E-04,2.35E-04,2.04E-04,1.34E-04,-1.27E-04
272,4.01E-04,9.68E-05,2.23E-04,1.83E-04,2.95E-04,2.32E-04,5.40E-05,2.50E-04,1.01E-04,-1.22E-04,6.26E-04,1.97E-04,3.46E-04,3.66E-04,4.89E-04,4.15E-04,2.52E-04,2.17E-04,1.41E-04,-1.23E-04
273,4.23E-04,1.12E-04,2.45E-04,2.00E-04,3.14E-04,2.42E-04,7.09E-05,2.67E-04,1.10E-04,-1.20E-04,6.41E-04,2.13E-04,3.58E-04,3.71E-04,4.98E-04,4.18E-04,2.68E-04,2.30E-04,1.47E-04,-1.21E-04
274,4.44E-04,1.27E-04,2.66E-04,2.16E-04,3.32E-04,2.49E-04,8.70E-05,2.83E-04,1.18E-04,-1.17E-04,6.56E-04,2.27E-04,3.69E-04,3.75E-04,5.05E-04,4.21E-04,2.82E-04,2.41E-04,1.52E-04,-1.19E-04
275,4.64E-04,1.42E-04,2.86E-04,2.31E-04,3.49E-04,2.56E-04,1.02E-04,2.98E-04,1.25E-04,-1.16E-04,6.68E-04,2.41E-04,3.79E-04,3.78E-04,5.11E-04,4.22E-04,2.96E-04,2.51E-04,1.57E-04,-1.18E-04
276,4.83E-04,1.55E-04,3.04E-04,2.45E-04,3.63E-04,2.61E-04,1.16E-04,3.12E-04,1.32E-04,-1.15E-04,6.80E-04,2.53E-04,3.88E-04,3.80E-04,5.15E-04,4.21E-04,3.08E-04,2.60E-04,1.61E-04,-1.18E-04
277,5.00E-04,1.67E-04,3.22E-04,2.56E-04,3.76E-04,2.65E-04,1.29E-04,3.24E-04,1.37E-04,-1.14E-04,6.89E-04,2.64E-04,3.95E-04,3.81E-04,5.17E-04,4.20E-04,3.19E-04,2.68E-04,1.63E-04,-1.19E-04
278,5.16E-04,1.78E-04,3.37E-04,2.67E-04,3.87E-04,2.67E-04,1.41E-04,3.35E-04,1.42E-04,-1.14E-04,6.98E-04,2.74E-04,4.01E-04,3.80E-04,5.19E-04,4.17E-04,3.29E-04,2.74E-04,1.65E-04,-1.22E-04
279,5.31E-04,1.88E-04,3.52E-04,2.75E-04,3.96E-04,2.68E-04,1.52E-04,3.44E-04,1.46E-04,-1.15E-04,7.05E-04,2.82E-04,4.05E-04,3.79E-04,5.18E-04,4.12E-04,3.38E-04,2.79E-04,1.66E-04,-1.25E-04
280,5.44E-04,1.97E-04,3.64E-04,2.82E-04,4.04E-04,2.68E-04,1.61E-04,3.52E-04,1.48E-04,-1.17E-04,7.10E-04,2.89E-04,4.08E-04,3.76E-04,5.17E-04,4.07E-04,3.44E-04,2.82E-04,1.67E-04,-1.29E-04
281,5.56E-04,2.05E-04,3.75E-04,2.87E-04,4.09E-04,2.66E-04,1.69E-04,3.57E-04,1.50E-04,-1.19E-04,7.14E-04,2.94E-04,4.10E-04,3.73E-04,5.14E-04,4.00E-04,3.50E-04,2.84E-04,1.66E-04,-1.35E-04
282,5.66E-04,2.12E-04,3.84E-04,2.91E-04,4.13E-04,2.64E-04,1.75E-04,3.62E-04,1.51E-04,-1.22E-04,7.16E-04,2.98E-04,4.11E-04,3.69E-04,5.09E-04,3.92E-04,3.54E-04,2.85E-04,1.64E-04,-1.41E-04
283,5.74E-04,2.17E-04,3.92E-04,2.94E-04,4.16E-04,2.62E-04,1.81E-04,3.64E-04,1.51E-04,-1.26E-04,7.17E-04,3.01E-04,4.10E-04,3.63E-04,5.04E-04,3.83E-04,3.57E-04,2.85E-04,1.62E-04,-1.48E-04
284,5.82E-04,2.22E-04,3.99E-04,2.96E-04,4.18E-04,2.59E-04,1.85E-04,3.66E-04,1.49E-04,-1.30E-04,7.17E-04,3.02E-04,4.08E-04,3.57E-04,4.97E-04,3.73E-04,3.58E-04,2.84E-04,1.59E-04,-1.55E-04
285,5.87E-04,2.25E-04,4.04E-04,2.96E-04,4.18E-04,2.55E-04,1.87E-04,3.66E-04,1.47E-04,-1.34E-04,7.16E-04,3.02E-04,4.06E-04,3.51E-04,4.90E-04,3.62E-04,3.59E-04,2.81E-04,1.55E-04,-1.63E-04
286,5.92E-04,2.28E-04,4.08E-04,2.96E-04,4.18E-04,2.52E-04,1.89E-04,3.65E-04,1.44E-04,-1.39E-04,7.13E-04,3.01E-04,4.02E-04,3.43E-04,4.81E-04,3.50E-04,3.58E-04,2.79E-04,1.51E-04,-1.71E-04
287,5.95E-04,2.30E-04,4.11E-04,2.95E-04,4.17E-04,2.49E-04,1.90E-04,3.63E-04,1.41E-04,-1.44E-04,7.09E-04,2.99E-04,3.97E-04,3.34E-04,4.72E-04,3.38E-04,3.55E-04,2.75E-04,1.47E-04,-1.80E-04
288,5.98E-04,2.31E-04,4.12E-04,2.94E-04,4.16E-04,2.46E-04,1.90E-04,3.59E-04,1.36E-04,-1.50E-04,7.03E-04,2.95E-04,3.92E-04,3.25E-04,4.61E-04,3.25E-04,3.52E-04,2.71E-04,1.42E-04,-1.89E-04
289,5.99E-04,2.32E-04,4.13E-04,2.92E-04,4.15E-04,2.43E-04,1.89E-04,3.56E-04,1.31E-04,-1.55E-04,6.97E-04,2.90E-04,3.85E-04,3.14E-04,4.50E-04,3.12E-04,3.47E-04,2.66E-04,1.36E-04,-1.97E-04
290,6.00E-04,2.31E-04,4.13E-04,2.90E-04,4.13E-04,2.40E-04,1.87E-04,3.51E-04,1.25E-04,-1.60E-04,6.89E-04,2.85E-04,3.78E-04,3.03E-04,4.39E-04,2.99E-04,3.41E-04,2.60E-04,1.31E-04,-2.06E-04
291,5.99E-04,2.30E-04,4.12E-04,2.88E-04,4.12E-04,2.38E-04,1.85E-04,3.46E-04,1.19E-04,-1.66E-04,6.80E-04,2.78E-04,3.70E-04,2.91E-04,4.27E-04,2.85E-04,3.34E-04,2.54E-04,1.25E-04,-2.15E-04
292,5.98E-04,2.28E-04,4.11E-04,2.86E-04,4.10E-04,2.37E-04,1.81E-04,3.40E-04,1.13E-04,-1.71E-04,6.71E-04,2.71E-04,3.61E-04,2.79E-04,4.14E-04,2.71E-04,3.26E-04,2.48E-04,1.19E-04,-2.24E-04
293,5.96E-04,2.26E-04,4.09E-04,2.83E-04,4.09E-04,2.35E-04,1.78E-04,3.34E-04,1.06E-04,-1.76E-04,6.60E-04,2.63E-04,3.52E-04,2.65E-04,4.02E-04,2.58E-04,3.16E-04,2.41E-04,1.13E-04,-2.32E-04
294,5.93E-04,2.23E-04,4.06E-04,2.80E-04,4.07E-04,2.35E-04,1.73E-04,3.27E-04,9.97E-05,-1.81E-04,6.48E-04,2.54E-04,3.42E-04,2.52E-04,3.89E-04,2.45E-04,3.06E-04,2.34E-04,1.07E-04,-2.40E-04
295,5.90E-04,2.19E-04,4.02E-04,2.77E-04,4.06E-04,2.34E-04,1.68E-04,3.20E-04,9.29E-05,-1.85E-04,6.36E-04,2.44E-04,3.32E-04,2.37E-04,3.76E-04,2.32E-04,2.96E-04,2.26E-04,1.02E-04,-2.48E-04
296,5.85E-04,2.15E-04,3.97E-04,2.74E-04,4.05E-04,2.34E-04,1.62E-04,3.12E-04,8.61E-05,-1.89E-04,6.23E-04,2.34E-04,3.22E-04,2.23E-04,3.63E-04,2.20E-04,2.84E-04,2.18E-04,9.58E-05,-2.55E-04
297,5.80E-04,2.10E-04,3.92E-04,2.70E-04,4.03E-04,2.34E-04,1.56E-04,3.04E-04,7.94E-05,-1.93E-04,6.10E-04,2.23E-04,3.11E-04,2.08E-04,3.50E-04,2.08E-04,2.72E-04,2.09E-04,9.01E-05,-2.63E-04
298,5.74E-04,2.05E-04,3.86E-04,2.65E-04,4.01E-04,2.35E-04,1.49E-04,2.95E-04,7.28E-05,-1.97E-04,5.96E-04,2.11E-04,3.00E-04,1.93E-04,3.37E-04,1.97E-04,2.60E-04,2.00E-04,8.45E-05,-2.69E-04
299,5.67E-04,1.99E-04,3.79E-04,2.60E-04,3.99E-04,2.35E-04,1.42E-04,2.86E-04,6.64E-05,-2.00E-04,5.81E-04,2.00E-04,2.89E-04,1.78E-04,3.25E-04,1.87E-04,2.47E-04,1.90E-04,7.90E-05,-2.76E-04
300,5.59E-04,1.92E-04,3.72E-04,2.55E-04,3.96E-04,2.36E-04,1.34E-04,2.76E-04,6.02E-05,-2.03E-04,5.67E-04,1.87E-04,2.77E-04,1.63E-04,3.13E-04,1.77E-04,2.34E-04,1.80E-04,7.35E-05,-2.82E-04
301,5.50E-04,1.85E-04,3.63E-04,2.48E-04,3.93E-04,2.36E-04,1.25E-04,2.65E-04,5.42E-05,-2.06E-04,5.52E-04,1.74E-04,2.66E-04,1.48E-04,3.01E-04,1.68E-04,2.20E-04,1.69E-04,6.80E-05,-2.88E-04
302,5.40E-04,1.77E-04,3.54E-04,2.41E-04,3.89E-04,2.37E-04,1.16E-04,2.54E-04,4.84E-05,-2.09E-04,5.37E-04,1.61E-04,2.54E-04,1.34E-04,2.90E-04,1.60E-04,2.07E-04,1.58E-04,6.24E-05,-2.94E-04
303,5.29E-04,1.68E-04,3.44E-04,2.33E-04,3.84E-04,2.37E-04,1.05E-04,2.42E-04,4.26E-05,-2.12E-04,5.22E-04,1.48E-04,2.43E-04,1.20E-04,2.79E-04,1.52E-04,1.93E-04,1.46E-04,5.67E-05,-3.00E-04
304,5.17E-04,1.59E-04,3.33E-04,2.24E-04,3.78E-04,2.36E-04,9.34E-05,2.28E-04,3.69E-05,-2.16E-04,5.06E-04,1.34E-04,2.31E-04,1.06E-04,2.68E-04,1.45E-04,1.79E-04,1.33E-04,5.08E-05,-3.06E-04
305,5.04E-04,1.48E-04,3.21E-04,2.13E-04,3.71E-04,2.34E-04,8.06E-05,2.14E-04,3.10E-05,-2.19E-04,4.90E-04,1.20E-04,2.19E-04,9.20E-05,2.57E-04,1.38E-04,1.65E-04,1.20E-04,4.45E-05,-3.12E-04
306,4.89E-04,1.37E-04,3.09E-04,2.01E-04,3.63E-04,2.31E-04,6.65E-05,1.98E-04,2.50E-05,-2.23E-04,4.73E-04,1.06E-04,2.06E-04,7.82E-05,2.46E-04,1.31E-04,1.50E-04,1.06E-04,3.78E-05,-3.18E-04
307,4.73E-04,1.24E-04,2.95E-04,1.88E-04,3.53E-04,2.27E-04,5.09E-05,1.82E-04,1.86E-05,-2.26E-04,4.56E-04,9.08E-05,1.93E-04,6.44E-05,2.35E-04,1.25E-04,1.34E-04,9.15E-05,3.06E-05,-3.24E-04
308,4.56E-04,1.10E-04,2.80E-04,1.73E-04,3.42E-04,2.22E-04,3.38E-05,1.64E-04,1.17E-05,-2.31E-04,4.39E-04,7.55E-05,1.80E-04,5.04E-05,2.23E-04,1.17E-04,1.18E-04,7.60E-05,2.28E-05,-3.30E-04
309,4.37E-04,9.50E-05,2.64E-04,1.56E-04,3.29E-04,2.15E-04,1.51E-05,1.45E-04,4.34E-06,-2.36E-04,4.20E-04,5.98E-05,1.66E-04,3.62E-05,2.11E-04,1.10E-04,1.01E-04,5.98E-05,1.43E-05,-3.37E-04
310,4.17E-04,7.82E-05,2.47E-04,1.38E-04,3.14E-04,2.06E-04,-5.14E-06,1.24E-04,-3.70E-06,-2.41E-04,4.01E-04,4.36E-05,1.51E-04,2.17E-05,1.98E-04,1.02E-04,8.28E-05,4.28E-05,5.21E-06,-3.44E-04
311,3.96E-04,6.00E-05,2.29E-04,1.18E-04,2.97E-04,1.94E-04,-2.69E-05,1.03E-04,-1.24E-05,-2.47E-04,3.80E-04,2.69E-05,1.35E-04,6.79E-06,1.84E-04,9.37E-05,6.38E-05,2.51E-05,-4.61E-06,-3.52E-04
312,3.73E-04,4.03E-05,2.10E-04,9.69E-05,2.79E-04,1.81E-04,-5.02E-05,8.07E-05,-2.19E-05,-2.53E-04,3.59E-04,9.74E-06,1.19E-04,-8.42E-06,1.70E-04,8.47E-05,4.38E-05,6.83E-06,-1.51E-05,-3.60E-04
313,3.49E-04,1.94E-05,1.90E-04,7.41E-05,2.59E-04,1.66E-04,-7.47E-05,5.75E-05,-3.21E-05,-2.59E-04,3.38E-04,-7.79E-06,1.02E-04,-2.39E-05,1.55E-04,7.52E-05,2.29E-05,-1.19E-05,-2.61E-05,-3.68E-04
314,3.25E-04,-2.69E-06,1.70E-04,5.01E-05,2.39E-04,1.49E-04,-1.00E-04,3.39E-05,-4.29E-05,-2.66E-04,3.15E-04,-2.56E-05,8.47E-05,-3.96E-05,1.40E-04,6.52E-05,1.19E-06,-3.09E-05,-3.76E-05,-3.76E-04
315,3.00E-04,-2.56E-05,1.49E-04,2.54E-05,2.17E-04,1.31E-04,-1.26E-04,1.00E-05,-5.41E-05,-2.72E-04,2.93E-04,-4.35E-05,6.70E-05,-5.52E-05,1.24E-04,5.49E-05,-2.11E-05,-5.00E-05,-4.93E-05,-3.85E-04
316,2.74E-04,-4.90E-05,1.28E-04,2.47E-07,1.94E-04,1.11E-04,-1.53E-04,-1.36E-05,-6.57E-05,-2.79E-04,2.71E-04,-6.14E-05,4.92E-05,-7.06E-05,1.08E-04,4.45E-05,-4.36E-05,-6.88E-05,-6.11E-05,-3.93E-04
317,2.49E-04,-7.25E-05,1.07E-04,-2.48E-05,1.72E-04,9.04E-05,-1.79E-04,-3.67E-05,-7.74E-05,-2.86E-04,2.49E-04,-7.89E-05,3.17E-05,-8.55E-05,9.17E-05,3.42E-05,-6.60E-05,-8.71E-05,-7.27E-05,-4.01E-04
318,2.25E-04,-9.56E-05,8.71E-05,-4.93E-05,1.50E-04,6.98E-05,-2.05E-04,-5.87E-05,-8.88E-05,-2.92E-04,2.29E-04,-9.58E-05,1.47E-05,-9.96E-05,7.60E-05,2.43E-05,-8.79E-05,-1.05E-04,-8.40E-05,-4.09E-04
319,2.01E-04,-1.18E-04,6.80E-05,-7.25E-05,1.29E-04,4.95E-05,-2.29E-04,-7.92E-05,-9.97E-05,-2.97E-04,2.09E-04,-1.12E-04,-1.25E-06,-1.13E-04,6.11E-05,1.49E-05,-1.09E-04,-1.21E-04,-9.45E-05,-4.16E-04
320,1.80E-04,-1.39E-04,5.05E-05,-9.39E-05,1.09E-04,3.02E-05,-2.51E-04,-9.77E-05,-1.10E-04,-3.02E-04,1.92E-04,-1.26E-04,-1.58E-05,-1.24E-04,4.74E-05,6.51E-06,-1.28E-04,-1.35E-04,-1.04E-04,-4.21E-04
321,1.60E-04,-1.57E-04,3.48E-05,-1.13E-04,9.22E-05,1.25E-05,-2.71E-04,-1.14E-04,-1.19E-04,-3.06E-04,1.77E-04,-1.39E-04,-2.87E-05,-1.34E-04,3.52E-05,-7.37E-07,-1.45E-04,-1.48E-04,-1.12E-04,-4.26E-04
322,1.43E-04,-1.74E-04,2.15E-05,-1.29E-04,7.77E-05,-2.85E-06,-2.88E-04,-1.27E-04,-1.26E-04,-3.08E-04,1.66E-04,-1.50E-04,-3.93E-05,-1.42E-04,2.48E-05,-6.57E-06,-1.60E-04,-1.58E-04,-1.19E-04,-4.30E-04
323,1.28E-04,-1.87E-04,1.10E-05,-1.41E-04,6.65E-05,-1.54E-05,-3.02E-04,-1.37E-04,-1.32E-04,-3.09E-04,1.57E-04,-1.59E-04,-4.75E-05,-1.47E-04,1.66E-05,-1.08E-05,-1.72E-04,-1.66E-04,-1.24E-04,-4.31E-04
324,1.18E-04,-1.97E-04,3.59E-06,-1.50E-04,5.88E-05,-2.47E-05,-3.12E-04,-1.43E-04,-1.36E-04,-3.09E-04,1.52E-04,-1.65E-04,-5.30E-05,-1.50E-04,1.08E-05,-1.33E-05,-1.80E-04,-1.71E-04,-1.28E-04,-4.32E-04
325,1.10E-04,-2.03E-04,-4.63E-07,-1.54E-04,5.52E-05,-3.03E-05,-3.17E-04,-1.45E-04,-1.37E-04,-3.07E-04,1.50E-04,-1.68E-04,-5.55E-05,-1.51E-04,7.63E-06,-1.39E-05,-1.85E-04,-1.73E-04,-1.29E-04,-4.30E-04
326,1.07E-04,-2.05E-04,-9.52E-07,-1.53E-04,5.56E-05,-3.19E-05,-3.18E-04,-1.43E-04,-1.37E-04,-3.03E-04,1.53E-04,-1.68E-04,-5.49E-05,-1.49E-04,7.13E-06,-1.27E-05,-1.86E-04,-1.72E-04,-1.28E-04,-4.26E-04
327,1.07E-04,-2.03E-04,2.21E-06,-1.48E-04,6.03E-05,-2.95E-05,-3.15E-04,-1.38E-04,-1.34E-04,-2.97E-04,1.59E-04,-1.65E-04,-5.12E-05,-1.44E-04,9.33E-06,-9.73E-06,-1.82E-04,-1.68E-04,-1.26E-04,-4.21E-04
328,1.12E-04,-1.97E-04,9.02E-06,-1.38E-04,6.90E-05,-2.31E-05,-3.07E-04,-1.28E-04,-1.28E-04,-2.90E-04,1.68E-04,-1.58E-04,-4.44E-05,-1.38E-04,1.41E-05,-5.12E-06,-1.75E-04,-1.61E-04,-1.21E-04,-4.14E-04
329,1.20E-04,-1.86E-04,1.93E-05,-1.24E-04,8.16E-05,-1.29E-05,-2.94E-04,-1.15E-04,-1.20E-04,-2.81E-04,1.81E-04,-1.49E-04,-3.48E-05,-1.29E-04,2.14E-05,9.24E-07,-1.64E-04,-1.51E-04,-1.15E-04,-4.05E-04
330,1.32E-04,-1.72E-04,3.30E-05,-1.05E-04,9.77E-05,7.13E-07,-2.78E-04,-9.77E-05,-1.11E-04,-2.71E-04,1.97E-04,-1.37E-04,-2.25E-05,-1.19E-04,3.09E-05,8.14E-06,-1.49E-04,-1.39E-04,-1.07E-04,-3.95E-04
331,1.47E-04,-1.54E-04,4.96E-05,-8.33E-05,1.17E-04,1.73E-05,-2.57E-04,-7.79E-05,-9.90E-05,-2.59E-04,2.15E-04,-1.22E-04,-7.94E-06,-1.08E-04,4.22E-05,1.62E-05,-1.31E-04,-1.24E-04,-9.81E-05,-3.84E-04
332,1.65E-04,-1.34E-04,6.88E-05,-5.82E-05,1.38E-04,3.63E-05,-2.33E-04,-5.54E-05,-8.59E-05,-2.46E-04,2.35E-04,-1.05E-04,8.53E-06,-9.55E-05,5.50E-05,2.48E-05,-1.10E-04,-1.08E-04,-8.80E-05,-3.71E-04
333,1.85E-04,-1.10E-04,9.00E-05,-3.05E-05,1.61E-04,5.70E-05,-2.07E-04,-3.09E-05,-7.16E-05,-2.32E-04,2.57E-04,-8.56E-05,2.64E-05,-8.31E-05,6.88E-05,3.36E-05,-8.71E-05,-9.03E-05,-7.73E-05,-3.58E-04
334,2.08E-04,-8.45E-05,1.13E-04,-1.15E-06,1.86E-04,7.88E-05,-1.77E-04,-4.99E-06,-5.66E-05,-2.17E-04,2.78E-04,-6.50E-05,4.53E-05,-7.09E-05,8.33E-05,4.22E-05,-6.25E-05,-7.16E-05,-6.61E-05,-3.45E-04
335,2.31E-04,-5.73E-05,1.37E-04,2.93E-05,2.10E-04,1.01E-04,-1.46E-04,2.18E-05,-4.11E-05,-2.02E-04,3.00E-04,-4.35E-05,6.46E-05,-5.92E-05,9.79E-05,5.02E-05,-3.68E-05,-5.24E-05,-5.49E-05,-3.31E-04
336,2.56E-04,-2.91E-05,1.61E-04,6.01E-05,2.34E-04,1.22E-04,-1.14E-04,4.90E-05,-2.56E-05,-1.87E-04,3.22E-04,-2.15E-05,8.40E-05,-4.85E-05,1.12E-04,5.74E-05,-1.06E-05,-3.32E-05,-4.39E-05,-3.17E-04
337,2.81E-04,-4.21E-07,1.85E-04,9.06E-05,2.57E-04,1.43E-04,-8.14E-05,7.58E-05,-1.04E-05,-1.71E-04,3.42E-04,5.07E-07,1.03E-04,-3.92E-05,1.26E-04,6.35E-05,1.53E-05,-1.43E-05,-3.34E-05,-3.05E-04
338,3.06E-04,2.84E-05,2.09E-04,1.20E-04,2.79E-04,1.62E-04,-4.85E-05,1.02E-04,4.05E-06,-1.57E-04,3.60E-04,2.21E-05,1.21E-04,-3.14E-05,1.39E-04,6.84E-05,4.06E-05,3.96E-06,-2.36E-05,-2.92E-04
339,3.30E-04,5.68E-05,2.32E-04,1.48E-04,2.99E-04,1.79E-04,-1.59E-05,1.27E-04,1.76E-05,-1.43E-04,3.77E-04,4.29E-05,1.38E-04,-2.55E-05,1.50E-04,7.18E-05,6.48E-05,2.12E-05,-1.47E-05,-2.81E-04
340,3.54E-04,8.46E-05,2.54E-04,1.75E-04,3.16E-04,1.95E-04,1.59E-05,1.50E-04,3.00E-05,-1.29E-04,3.91E-04,6.26E-05,1.53E-04,-2.13E-05,1.60E-04,7.37E-05,8.75E-05,3.72E-05,-6.70E-06,-2.71E-04
341,3.76E-04,1.12E-04,2.74E-04,2.00E-04,3.31E-04,2.07E-04,4.68E-05,1.72E-04,4.10E-05,-1.17E-04,4.03E-04,8.09E-05,1.67E-04,-1.90E-05,1.69E-04,7.42E-05,1.08E-04,5.19E-05,2.59E-07,-2.61E-04
342,3.98E-04,1.37E-04,2.92E-04,2.22E-04,3.44E-04,2.18E-04,7.64E-05,1.91E-04,5.07E-05,-1.06E-04,4.13E-04,9.77E-05,1.79E-04,-1.85E-05,1.76E-04,7.33E-05,1.28E-04,6.51E-05,6.21E-06,-2.53E-04
343,4.17E-04,1.62E-04,3.09E-04,2.43E-04,3.54E-04,2.27E-04,1.05E-04,2.09E-04,5.89E-05,-9.64E-05,4.20E-04,1.13E-04,1.89E-04,-1.95E-05,1.81E-04,7.12E-05,1.45E-04,7.70E-05,1.12E-05,-2.47E-04
344,4.36E-04,1.86E-04,3.24E-04,2.62E-04,3.62E-04,2.34E-04,1.32E-04,2.25E-04,6.58E-05,-8.80E-05,4.26E-04,1.26E-04,1.98E-04,-2.19E-05,1.85E-04,6.81E-05,1.60E-04,8.75E-05,1.54E-05,-2.41E-04
345,4.53E-04,2.09E-04,3.37E-04,2.79E-04,3.69E-04,2.39E-04,1.57E-04,2.39E-04,7.14E-05,-8.09E-05,4.29E-04,1.38E-04,2.05E-04,-2.54E-05,1.87E-04,6.42E-05,1.73E-04,9.69E-05,1.88E-05,-2.36E-04
346,4.69E-04,2.32E-04,3.49E-04,2.95E-04,3.74E-04,2.45E-04,1.82E-04,2.52E-04,7.60E-05,-7.49E-05,4.31E-04,1.48E-04,2.11E-04,-2.97E-05,1.89E-04,5.98E-05,1.85E-04,1.05E-04,2.17E-05,-2.32E-04
347,4.84E-04,2.53E-04,3.59E-04,3.10E-04,3.79E-04,2.50E-04,2.06E-04,2.63E-04,7.97E-05,-7.00E-05,4.32E-04,1.57E-04,2.16E-04,-3.45E-05,1.89E-04,5.53E-05,1.95E-04,1.13E-04,2.43E-05,-2.29E-04
348,4.99E-04,2.75E-04,3.69E-04,3.25E-04,3.83E-04,2.55E-04,2.29E-04,2.73E-04,8.27E-05,-6.60E-05,4.32E-04,1.65E-04,2.21E-04,-3.93E-05,1.89E-04,5.09E-05,2.04E-04,1.20E-04,2.67E-05,-2.26E-04
349,5.12E-04,2.96E-04,3.78E-04,3.40E-04,3.88E-04,2.61E-04,2.52E-04,2.83E-04,8.52E-05,-6.26E-05,4.32E-04,1.72E-04,2.24E-04,-4.41E-05,1.89E-04,4.69E-05,2.12E-04,1.26E-04,2.90E-05,-2.23E-04
350,5.26E-04,3.17E-04,3.86E-04,3.55E-04,3.93E-04,2.69E-04,2.74E-04,2.92E-04,8.76E-05,-5.96E-05,4.31E-04,1.79E-04,2.28E-04,-4.84E-05,1.88E-04,4.37E-05,2.20E-04,1.33E-04,3.16E-05,-2.20E-04
351,5.39E-04,3.38E-04,3.94E-04,3.70E-04,3.99E-04,2.78E-04,2.97E-04,3.01E-04,8.99E-05,-5.67E-05,4.30E-04,1.84E-04,2.31E-04,-5.20E-05,1.88E-04,4.15E-05,2.27E-04,1.39E-04,3.44E-05,-2.17E-04
352,5.51E-04,3.60E-04,4.01E-04,3.86E-04,4.05E-04,2.89E-04,3.19E-04,3.10E-04,9.24E-05,-5.38E-05,4.30E-04,1.90E-04,2.35E-04,-5.49E-05,1.87E-04,4.04E-05,2.34E-04,1.46E-04,3.75E-05,-2.14E-04
353,5.64E-04,3.81E-04,4.09E-04,4.03E-04,4.14E-04,3.03E-04,3.42E-04,3.20E-04,9.53E-05,-5.05E-05,4.30E-04,1.95E-04,2.38E-04,-5.67E-05,1.88E-04,4.07E-05,2.41E-04,1.53E-04,4.11E-05,-2.10E-04
354,5.76E-04,4.02E-04,4.16E-04,4.20E-04,4.23E-04,3.18E-04,3.64E-04,3.29E-04,9.86E-05,-4.67E-05,4.30E-04,2.00E-04,2.42E-04,-5.76E-05,1.89E-04,4.24E-05,2.48E-04,1.59E-04,4.51E-05,-2.06E-04
355,5.88E-04,4.23E-04,4.24E-04,4.38E-04,4.34E-04,3.36E-04,3.87E-04,3.39E-04,1.02E-04,-4.23E-05,4.31E-04,2.04E-04,2.47E-04,-5.74E-05,1.91E-04,4.57E-05,2.55E-04,1.67E-04,4.96E-05,-2.01E-04
356,6.00E-04,4.44E-04,4.31E-04,4.56E-04,4.45E-04,3.55E-04,4.10E-04,3.49E-04,1.07E-04,-3.70E-05,4.32E-04,2.09E-04,2.51E-04,-5.62E-05,1.93E-04,5.06E-05,2.62E-04,1.74E-04,5.44E-05,-1.95E-04
357,6.11E-04,4.64E-04,4.37E-04,4.75E-04,4.58E-04,3.75E-04,4.32E-04,3.60E-04,1.12E-04,-3.08E-05,4.33E-04,2.13E-04,2.56E-04,-5.40E-05,1.96E-04,5.70E-05,2.68E-04,1.81E-04,5.95E-05,-1.89E-04
358,6.21E-04,4.83E-04,4.44E-04,4.93E-04,4.70E-04,3.96E-04,4.54E-04,3.70E-04,1.17E-04,-2.38E-05,4.35E-04,2.17E-04,2.61E-04,-5.10E-05,2.00E-04,6.48E-05,2.75E-04,1.87E-04,6.48E-05,-1.82E-04
359,6.31E-04,5.00E-04,4.49E-04,5.10E-04,4.83E-04,4.18E-04,4.75E-04,3.79E-04,1.23E-04,-1.59E-05,4.36E-04,2.21E-04,2.65E-04,-4.72E-05,2.05E-04,7.39E-05,2.81E-04,1.94E-04,7.01E-05,-1.75E-04
360,6.39E-04,5.17E-04,4.54E-04,5.26E-04,4.95E-04,4.39E-04,4.95E-04,3.89E-04,1.29E-04,-7.20E-06,4.38E-04,2.23E-04,2.70E-04,-4.28E-05,2.10E-04,8.42E-05,2.86E-04,2.00E-04,7.54E-05,-1.68E-04
361,6.46E-04,5.32E-04,4.58E-04,5.41E-04,5.07E-04,4.61E-04,5.13E-04,3.97E-04,1.35E-04,2.14E-06,4.39E-04,2.25E-04,2.74E-04,-3.78E-05,2.16E-04,9.55E-05,2.91E-04,2.05E-04,8.05E-05,-1.60E-04
362,6.51E-04,5.45E-04,4.61E-04,5.54E-04,5.18E-04,4.81E-04,5.29E-04,4.05E-04,1.41E-04,1.20E-05,4.39E-04,2.26E-04,2.77E-04,-3.25E-05,2.22E-04,1.08E-04,2.94E-04,2.09E-04,8.53E-05,-1.52E-04
363,6.55E-04,5.55E-04,4.62E-04,5.65E-04,5.28E-04,4.99E-04,5.43E-04,4.11E-04,1.48E-04,2.21E-05,4.39E-04,2.26E-04,2.80E-04,-2.70E-05,2.29E-04,1.20E-04,2.97E-04,2.13E-04,8.97E-05,-1.45E-04
364,6.57E-04,5.64E-04,4.62E-04,5.74E-04,5.36E-04,5.16E-04,5.54E-04,4.16E-04,1.54E-04,3.23E-05,4.39E-04,2.25E-04,2.82E-04,-2.12E-05,2.35E-04,1.33E-04,2.98E-04,2.15E-04,9.37E-05,-1.37E-04
365,6.57E-04,5.70E-04,4.61E-04,5.80E-04,5.43E-04,5.31E-04,5.63E-04,4.19E-04,1.60E-04,4.24E-05,4.37E-04,2.22E-04,2.82E-04,-1.53E-05,2.42E-04,1.46E-04,2.97E-04,2.16E-04,9.72E-05,-1.30E-04
366,6.55E-04,5.74E-04,4.59E-04,5.85E-04,5.49E-04,5.44E-04,5.69E-04,4.21E-04,1.66E-04,5.22E-05,4.35E-04,2.18E-04,2.82E-04,-9.31E-06,2.49E-04,1.60E-04,2.95E-04,2.16E-04,1.00E-04,-1.23E-04
367,6.51E-04,5.76E-04,4.55E-04,5.87E-04,5.53E-04,5.55E-04,5.72E-04,4.21E-04,1.71E-04,6.16E-05,4.32E-04,2.13E-04,2.81E-04,-3.25E-06,2.55E-04,1.72E-04,2.91E-04,2.15E-04,1.02E-04,-1.17E-04
368,6.46E-04,5.76E-04,4.51E-04,5.88E-04,5.56E-04,5.64E-04,5.73E-04,4.20E-04,1.76E-04,7.03E-05,4.28E-04,2.06E-04,2.78E-04,2.88E-06,2.61E-04,1.85E-04,2.86E-04,2.13E-04,1.04E-04,-1.11E-04
369,6.39E-04,5.73E-04,4.45E-04,5.87E-04,5.58E-04,5.71E-04,5.71E-04,4.17E-04,1.81E-04,7.84E-05,4.24E-04,1.98E-04,2.75E-04,9.09E-06,2.68E-04,1.97E-04,2.79E-04,2.10E-04,1.06E-04,-1.06E-04
370,6.31E-04,5.69E-04,4.39E-04,5.84E-04,5.59E-04,5.76E-04,5.66E-04,4.13E-04,1.86E-04,8.57E-05,4.19E-04,1.90E-04,2.70E-04,1.54E-05,2.73E-04,2.08E-04,2.70E-04,2.06E-04,1.07E-04,-1.01E-04
371,6.22E-04,5.64E-04,4.33E-04,5.80E-04,5.60E-04,5.81E-04,5.59E-04,4.08E-04,1.91E-04,9.23E-05,4.15E-04,1.80E-04,2.65E-04,2.19E-05,2.79E-04,2.18E-04,2.61E-04,2.02E-04,1.07E-04,-9.69E-05
372,6.12E-04,5.57E-04,4.26E-04,5.76E-04,5.61E-04,5.84E-04,5.50E-04,4.03E-04,1.95E-04,9.82E-05,4.10E-04,1.70E-04,2.59E-04,2.85E-05,2.84E-04,2.27E-04,2.50E-04,1.97E-04,1.08E-04,-9.31E-05
373,6.01E-04,5.48E-04,4.19E-04,5.71E-04,5.62E-04,5.86E-04,5.40E-04,3.97E-04,1.99E-04,1.03E-04,4.06E-04,1.59E-04,2.53E-04,3.52E-05,2.89E-04,2.35E-04,2.38E-04,1.91E-04,1.08E-04,-8.98E-05
374,5.89E-04,5.39E-04,4.13E-04,5.67E-04,5.63E-04,5.87E-04,5.28E-04,3.91E-04,2.04E-04,1.08E-04,4.01E-04,1.48E-04,2.47E-04,4.22E-05,2.93E-04,2.42E-04,2.25E-04,1.85E-04,1.07E-04,-8.68E-05
375,5.77E-04,5.28E-04,4.06E-04,5.62E-04,5.64E-04,5.89E-04,5.15E-04,3.84E-04,2.09E-04,1.12E-04,3.98E-04,1.37E-04,2.40E-04,4.93E-05,2.97E-04,2.48E-04,2.12E-04,1.79E-04,1.07E-04,-8.40E-05
376,5.64E-04,5.17E-04,4.00E-04,5.58E-04,5.66E-04,5.90E-04,5.01E-04,3.78E-04,2.13E-04,1.16E-04,3.95E-04,1.26E-04,2.34E-04,5.65E-05,3.00E-04,2.52E-04,1.98E-04,1.73E-04,1.07E-04,-8.14E-05
377,5.51E-04,5.05E-04,3.94E-04,5.54E-04,5.69E-04,5.90E-04,4.87E-04,3.73E-04,2.18E-04,1.20E-04,3.92E-04,1.15E-04,2.27E-04,6.37E-05,3.03E-04,2.55E-04,1.84E-04,1.67E-04,1.06E-04,-7.90E-05
378,5.38E-04,4.92E-04,3.89E-04,5.50E-04,5.72E-04,5.91E-04,4.73E-04,3.68E-04,2.23E-04,1.24E-04,3.90E-04,1.05E-04,2.21E-04,7.09E-05,3.06E-04,2.57E-04,1.70E-04,1.60E-04,1.06E-04,-7.67E-05
379,5.25E-04,4.78E-04,3.84E-04,5.47E-04,5.75E-04,5.91E-04,4.58E-04,3.63E-04,2.29E-04,1.27E-04,3.89E-04,9.52E-05,2.15E-04,7.78E-05,3.07E-04,2.57E-04,1.57E-04,1.54E-04,1.05E-04,-7.45E-05
380,5.11E-04,4.64E-04,3.79E-04,5.43E-04,5.79E-04,5.91E-04,4.44E-04,3.60E-04,2.34E-04,1.31E-04,3.88E-04,8.62E-05,2.10E-04,8.45E-05,3.08E-04,2.57E-04,1.43E-04,1.47E-04,1.04E-04,-7.24E-05
381,4.97E-04,4.49E-04,3.75E-04,5.40E-04,5.82E-04,5.90E-04,4.29E-04,3.56E-04,2.40E-04,1.35E-04,3.87E-04,7.79E-05,2.05E-04,9.06E-05,3.09E-04,2.54E-04,1.30E-04,1.40E-04,1.03E-04,-7.05E-05
382,4.82E-04,4.34E-04,3.70E-04,5.37E-04,5.85E-04,5.88E-04,4.15E-04,3.53E-04,2.45E-04,1.38E-04,3.87E-04,7.03E-05,2.00E-04,9.61E-05,3.08E-04,2.51E-04,1.17E-04,1.33E-04,1.01E-04,-6.87E-05
383,4.67E-04,4.18E-04,3.65E-04,5.33E-04,5.87E-04,5.84E-04,4.00E-04,3.50E-04,2.50E-04,1.42E-04,3.86E-04,6.34E-05,1.95E-04,1.01E-04,3.07E-04,2.45E-04,1.05E-04,1.26E-04,9.90E-05,-6.71E-05
384,4.51E-04,4.01E-04,3.60E-04,5.29E-04,5.88E-04,5.80E-04,3.85E-04,3.47E-04,2.55E-04,1.45E-04,3.85E-04,5.71E-05,1.90E-04,1.04E-04,3.05E-04,2.39E-04,9.27E-05,1.18E-04,9.65E-05,-6.59E-05
385,4.35E-04,3.83E-04,3.54E-04,5.23E-04,5.87E-04,5.73E-04,3.70E-04,3.44E-04,2.59E-04,1.48E-04,3.83E-04,5.14E-05,1.85E-04,1.07E-04,3.01E-04,2.31E-04,8.12E-05,1.10E-04,9.34E-05,-6.51E-05
386,4.17E-04,3.65E-04,3.47E-04,5.16E-04,5.85E-04,5.64E-04,3.55E-04,3.40E-04,2.63E-04,1.50E-04,3.81E-04,4.62E-05,1.80E-04,1.08E-04,2.96E-04,2.22E-04,7.02E-05,1.02E-04,8.98E-05,-6.47E-05
387,3.99E-04,3.47E-04,3.40E-04,5.08E-04,5.81E-04,5.53E-04,3.40E-04,3.36E-04,2.65E-04,1.51E-04,3.78E-04,4.14E-05,1.75E-04,1.07E-04,2.90E-04,2.11E-04,5.95E-05,9.28E-05,8.54E-05,-6.49E-05
388,3.79E-04,3.28E-04,3.32E-04,4.98E-04,5.75E-04,5.40E-04,3.23E-04,3.31E-04,2.67E-04,1.51E-04,3.74E-04,3.68E-05,1.69E-04,1.05E-04,2.83E-04,1.98E-04,4.91E-05,8.33E-05,8.03E-05,-6.56E-05
389,3.59E-04,3.08E-04,3.23E-04,4.87E-04,5.67E-04,5.25E-04,3.06E-04,3.25E-04,2.67E-04,1.51E-04,3.68E-04,3.25E-05,1.62E-04,1.02E-04,2.74E-04,1.85E-04,3.89E-05,7.34E-05,7.45E-05,-6.70E-05
390,3.38E-04,2.89E-04,3.14E-04,4.74E-04,5.56E-04,5.07E-04,2.89E-04,3.17E-04,2.66E-04,1.49E-04,3.61E-04,2.83E-05,1.55E-04,9.61E-05,2.63E-04,1.70E-04,2.90E-05,6.29E-05,6.80E-05,-6.90E-05
391,3.17E-04,2.69E-04,3.03E-04,4.60E-04,5.44E-04,4.87E-04,2.71E-04,3.09E-04,2.64E-04,1.45E-04,3.52E-04,2.40E-05,1.46E-04,8.91E-05,2.51E-04,1.54E-04,1.91E-05,5.19E-05,6.07E-05,-7.17E-05
392,2.94E-04,2.49E-04,2.92E-04,4.44E-04,5.29E-04,4.66E-04,2.53E-04,2.99E-04,2.61E-04,1.40E-04,3.43E-04,1.98E-05,1.37E-04,8.04E-05,2.38E-04,1.37E-04,9.39E-06,4.05E-05,5.28E-05,-7.50E-05
393,2.72E-04,2.30E-04,2.80E-04,4.27E-04,5.13E-04,4.43E-04,2.34E-04,2.88E-04,2.56E-04,1.34E-04,3.31E-04,1.55E-05,1.27E-04,7.02E-05,2.23E-04,1.18E-04,-3.17E-07,2.87E-05,4.44E-05,-7.87E-05
394,2.49E-04,2.11E-04,2.68E-04,4.08E-04,4.95E-04,4.18E-04,2.15E-04,2.77E-04,2.50E-04,1.27E-04,3.19E-04,1.10E-05,1.16E-04,5.87E-05,2.07E-04,9.93E-05,-1.00E-05,1.65E-05,3.54E-05,-8.30E-05
395,2.26E-04,1.93E-04,2.55E-04,3.89E-04,4.76E-04,3.93E-04,1.96E-04,2.64E-04,2.43E-04,1.19E-04,3.05E-04,6.44E-06,1.05E-04,4.59E-05,1.89E-04,7.95E-05,-1.97E-05,4.13E-06,2.60E-05,-8.76E-05
396,2.04E-04,1.75E-04,2.42E-04,3.69E-04,4.55E-04,3.67E-04,1.78E-04,2.50E-04,2.34E-04,1.09E-04,2.90E-04,1.74E-06,9.23E-05,3.20E-05,1.71E-04,5.92E-05,-2.94E-05,-8.49E-06,1.63E-05,-9.23E-05
397,1.82E-04,1.58E-04,2.29E-04,3.48E-04,4.34E-04,3.40E-04,1.60E-04,2.36E-04,2.24E-04,9.92E-05,2.74E-04,-3.08E-06,7.92E-05,1.73E-05,1.51E-04,3.86E-05,-3.90E-05,-2.13E-05,6.35E-06,-9.72E-05
398,1.60E-04,1.41E-04,2.15E-04,3.28E-04,4.12E-04,3.14E-04,1.42E-04,2.21E-04,2.14E-04,8.85E-05,2.57E-04,-8.00E-06,6.56E-05,1.95E-06,1.31E-04,1.78E-05,-4.87E-05,-3.41E-05,-3.70E-06,-1.02E-04
399,1.39E-04,1.26E-04,2.02E-04,3.07E-04,3.90E-04,2.88E-04,1.26E-04,2.06E-04,2.03E-04,7.76E-05,2.39E-04,-1.30E-05,5.16E-05,-1.39E-05,1.10E-04,-2.87E-06,-5.82E-05,-4.70E-05,-1.38E-05,-1.06E-04
400,1.18E-04,1.11E-04,1.89E-04,2.86E-04,3.67E-04,2.63E-04,1.10E-04,1.91E-04,1.91E-04,6.67E-05,2.22E-04,-1.81E-05,3.73E-05,-3.00E-05,8.94E-05,-2.33E-05,-6.77E-05,-5.99E-05,-2.38E-05,-1.11E-04
401,9.89E-05,9.77E-05,1.76E-04,2.66E-04,3.44E-04,2.39E-04,9.56E-05,1.76E-04,1.78E-04,5.59E-05,2.03E-04,-2.32E-05,2.29E-05,-4.62E-05,6.83E-05,-4.34E-05,-7.71E-05,-7.29E-05,-3.37E-05,-1.14E-04
402,8.02E-05,8.48E-05,1.63E-04,2.45E-04,3.21E-04,2.15E-04,8.22E-05,1.61E-04,1.65E-04,4.54E-05,1.84E-04,-2.84E-05,8.30E-06,-6.24E-05,4.72E-05,-6.30E-05,-8.64E-05,-8.58E-05,-4.35E-05,-1.18E-04
403,6.23E-05,7.27E-05,1.50E-04,2.25E-04,2.98E-04,1.92E-04,7.00E-05,1.46E-04,1.51E-04,3.54E-05,1.65E-04,-3.36E-05,-6.29E-06,-7.86E-05,2.63E-05,-8.18E-05,-9.56E-05,-9.89E-05,-5.30E-05,-1.20E-04
404,4.51E-05,6.13E-05,1.37E-04,2.05E-04,2.75E-04,1.70E-04,5.88E-05,1.32E-04,1.37E-04,2.59E-05,1.46E-04,-3.90E-05,-2.09E-05,-9.46E-05,5.74E-06,-9.99E-05,-1.05E-04,-1.12E-04,-6.24E-05,-1.22E-04
405,2.86E-05,5.05E-05,1.24E-04,1.85E-04,2.52E-04,1.49E-04,4.85E-05,1.17E-04,1.23E-04,1.70E-05,1.27E-04,-4.45E-05,-3.55E-05,-1.10E-04,-1.44E-05,-1.17E-04,-1.14E-04,-1.25E-04,-7.16E-05,-1.23E-04
406,1.26E-05,4.01E-05,1.11E-04,1.65E-04,2.29E-04,1.29E-04,3.89E-05,1.01E-04,1.08E-04,8.63E-06,1.07E-04,-5.03E-05,-5.00E-05,-1.26E-04,-3.41E-05,-1.34E-04,-1.23E-04,-1.39E-04,-8.07E-05,-1.24E-04
407,-3.00E-06,3.01E-05,9.78E-05,1.45E-04,2.06E-04,1.09E-04,2.98E-05,8.58E-05,9.26E-05,7.77E-07,8.63E-05,-5.63E-05,-6.47E-05,-1.41E-04,-5.33E-05,-1.49E-04,-1.32E-04,-1.52E-04,-8.96E-05,-1.24E-04
408,-1.84E-05,2.03E-05,8.42E-05,1.25E-04,1.82E-04,8.88E-05,2.09E-05,6.97E-05,7.69E-05,-6.65E-06,6.54E-05,-6.27E-05,-7.94E-05,-1.57E-04,-7.20E-05,-1.64E-04,-1.41E-04,-1.66E-04,-9.85E-05,-1.24E-04
409,-3.37E-05,1.06E-05,7.02E-05,1.04E-04,1.57E-04,6.91E-05,1.19E-05,5.30E-05,6.07E-05,-1.38E-05,4.39E-05,-6.96E-05,-9.44E-05,-1.72E-04,-9.03E-05,-1.78E-04,-1.50E-04,-1.80E-04,-1.07E-04,-1.23E-04
410,-4.91E-05,9.49E-07,5.56E-05,8.29E-05,1.32E-04,4.93E-05,2.67E-06,3.55E-05,4.40E-05,-2.07E-05,2.17E-05,-7.70E-05,-1.10E-04,-1.88E-04,-1.08E-04,-1.91E-04,-1.59E-04,-1.95E-04,-1.16E-04,-1.22E-04
411,-6.46E-05,-8.81E-06,4.05E-05,6.11E-05,1.07E-04,2.93E-05,-7.06E-06,1.70E-05,2.68E-05,-2.75E-05,-1.29E-06,-8.51E-05,-1.25E-04,-2.03E-04,-1.26E-04,-2.04E-04,-1.69E-04,-2.09E-04,-1.25E-04,-1.20E-04
412,-8.05E-05,-1.87E-05,2.46E-05,3.86E-05,8.09E-05,9.10E-06,-1.74E-05,-2.56E-06,9.03E-06,-3.44E-05,-2.50E-05,-9.38E-05,-1.41E-04,-2.19E-04,-1.43E-04,-2.16E-04,-1.79E-04,-2.25E-04,-1.34E-04,-1.19E-04
413,-9.67E-05,-2.89E-05,8.06E-06,1.54E-05,5.44E-05,-1.14E-05,-2.86E-05,-2.32E-05,-9.23E-06,-4.13E-05,-4.95E-05,-1.03E-04,-1.58E-04,-2.35E-04,-1.60E-04,-2.27E-04,-1.90E-04,-2.40E-04,-1.43E-04,-1.17E-04
414,-1.13E-04,-3.92E-05,-9.16E-06,-8.38E-06,2.73E-05,-3.20E-05,-4.06E-05,-4.49E-05,-2.79E-05,-4.83E-05,-7.47E-05,-1.13E-04,-1.75E-04,-2.51E-04,-1.77E-04,-2.38E-04,-2.01E-04,-2.56E-04,-1.52E-04,-1.15E-04
415,-1.30E-04,-4.98E-05,-2.70E-05,-3.27E-05,-5.43E-08,-5.28E-05,-5.35E-05,-6.76E-05,-4.70E-05,-5.54E-05,-1.00E-04,-1.24E-04,-1.93E-04,-2.68E-04,-1.94E-04,-2.49E-04,-2.13E-04,-2.72E-04,-1.61E-04,-1.14E-04
416,-1.48E-04,-6.06E-05,-4.55E-05,-5.75E-05,-2.76E-05,-7.36E-05,-6.70E-05,-9.12E-05,-6.63E-05,-6.25E-05,-1.27E-04,-1.36E-04,-2.11E-04,-2.84E-04,-2.11E-04,-2.59E-04,-2.25E-04,-2.87E-04,-1.71E-04,-1.12E-04
417,-1.65E-04,-7.17E-05,-6.44E-05,-8.26E-05,-5.52E-05,-9.41E-05,-8.12E-05,-1.15E-04,-8.57E-05,-6.95E-05,-1.53E-04,-1.48E-04,-2.29E-04,-3.01E-04,-2.27E-04,-2.69E-04,-2.37E-04,-3.03E-04,-1.80E-04,-1.11E-04
418,-1.83E-04,-8.28E-05,-8.37E-05,-1.08E-04,-8.26E-05,-1.14E-04,-9.59E-05,-1.40E-04,-1.05E-04,-7.61E-05,-1.80E-04,-1.60E-04,-2.48E-04,-3.17E-04,-2.44E-04,-2.79E-04,-2.50E-04,-3.19E-04,-1.89E-04,-1.09E-04
419,-2.01E-04,-9.40E-05,-1.03E-04,-1.33E-04,-1.10E-04,-1.34E-04,-1.11E-04,-1.65E-04,-1.24E-04,-8.24E-05,-2.06E-04,-1.73E-04,-2.66E-04,-3.34E-04,-2.60E-04,-2.88E-04,-2.63E-04,-3.34E-04,-1.98E-04,-1.07E-04
420,-2.19E-04,-1.05E-04,-1.23E-04,-1.58E-04,-1.36E-04,-1.52E-04,-1.25E-04,-1.90E-04,-1.43E-04,-8.80E-05,-2.32E-04,-1.86E-04,-2.85E-04,-3.49E-04,-2.76E-04,-2.97E-04,-2.76E-04,-3.49E-04,-2.07E-04,-1.06E-04
421,-2.37E-04,-1.16E-04,-1.42E-04,-1.82E-04,-1.61E-04,-1.69E-04,-1.40E-04,-2.14E-04,-1.60E-04,-9.27E-05,-2.58E-04,-2.00E-04,-3.04E-04,-3.65E-04,-2.92E-04,-3.05E-04,-2.89E-04,-3.64E-04,-2.15E-04,-1.04E-04
422,-2.55E-04,-1.27E-04,-1.61E-04,-2.06E-04,-1.85E-04,-1.85E-04,-1.54E-04,-2.38E-04,-1.77E-04,-9.65E-05,-2.82E-04,-2.13E-04,-3.22E-04,-3.79E-04,-3.07E-04,-3.13E-04,-3.03E-04,-3.78E-04,-2.23E-04,-1.02E-04
423,-2.72E-04,-1.38E-04,-1.80E-04,-2.28E-04,-2.08E-04,-1.99E-04,-1.67E-04,-2.61E-04,-1.93E-04,-9.91E-05,-3.06E-04,-2.26E-04,-3.39E-04,-3.92E-04,-3.21E-04,-3.20E-04,-3.16E-04,-3.91E-04,-2.30E-04,-9.90E-05
424,-2.89E-04,-1.48E-04,-1.98E-04,-2.50E-04,-2.30E-04,-2.12E-04,-1.79E-04,-2.82E-04,-2.08E-04,-1.01E-04,-3.28E-04,-2.39E-04,-3.56E-04,-4.04E-04,-3.35E-04,-3.27E-04,-3.28E-04,-4.04E-04,-2.37E-04,-9.60E-05
425,-3.05E-04,-1.58E-04,-2.16E-04,-2.71E-04,-2.50E-04,-2.23E-04,-1.90E-04,-3.03E-04,-2.22E-04,-1.01E-04,-3.49E-04,-2.51E-04,-3.72E-04,-4.16E-04,-3.47E-04,-3.32E-04,-3.40E-04,-4.15E-04,-2.44E-04,-9.26E-05
426,-3.21E-04,-1.68E-04,-2.33E-04,-2.90E-04,-2.68E-04,-2.33E-04,-2.00E-04,-3.21E-04,-2.34E-04,-9.94E-05,-3.68E-04,-2.63E-04,-3.87E-04,-4.25E-04,-3.59E-04,-3.37E-04,-3.52E-04,-4.27E-04,-2.49E-04,-8.87E-05
427,-3.36E-04,-1.77E-04,-2.49E-04,-3.09E-04,-2.85E-04,-2.41E-04,-2.09E-04,-3.39E-04,-2.45E-04,-9.71E-05,-3.86E-04,-2.74E-04,-4.01E-04,-4.34E-04,-3.70E-04,-3.41E-04,-3.63E-04,-4.37E-04,-2.54E-04,-8.44E-05
428,-3.50E-04,-1.86E-04,-2.64E-04,-3.26E-04,-3.01E-04,-2.48E-04,-2.17E-04,-3.55E-04,-2.54E-04,-9.38E-05,-4.03E-04,-2.85E-04,-4.14E-04,-4.41E-04,-3.80E-04,-3.44E-04,-3.74E-04,-4.47E-04,-2.59E-04,-7.95E-05
429,-3.64E-04,-1.94E-04,-2.79E-04,-3.42E-04,-3.15E-04,-2.53E-04,-2.24E-04,-3.70E-04,-2.63E-04,-8.96E-05,-4.19E-04,-2.95E-04,-4.26E-04,-4.48E-04,-3.88E-04,-3.47E-04,-3.84E-04,-4.57E-04,-2.63E-04,-7.42E-05
430,-3.77E-04,-2.03E-04,-2.93E-04,-3.57E-04,-3.28E-04,-2.58E-04,-2.30E-04,-3.83E-04,-2.71E-04,-8.48E-05,-4.34E-04,-3.05E-04,-4.38E-04,-4.53E-04,-3.96E-04,-3.49E-04,-3.94E-04,-4.66E-04,-2.66E-04,-6.85E-05
431,-3.90E-04,-2.11E-04,-3.06E-04,-3.72E-04,-3.39E-04,-2.63E-04,-2.36E-04,-3.96E-04,-2.77E-04,-7.98E-05,-4.48E-04,-3.15E-04,-4.49E-04,-4.57E-04,-4.03E-04,-3.50E-04,-4.03E-04,-4.75E-04,-2.70E-04,-6.25E-05
432,-4.03E-04,-2.18E-04,-3.19E-04,-3.86E-04,-3.50E-04,-2.67E-04,-2.42E-04,-4.08E-04,-2.84E-04,-7.48E-05,-4.61E-04,-3.24E-04,-4.59E-04,-4.61E-04,-4.09E-04,-3.51E-04,-4.13E-04,-4.83E-04,-2.73E-04,-5.63E-05
433,-4.16E-04,-2.26E-04,-3.32E-04,-4.00E-04,-3.60E-04,-2.71E-04,-2.49E-04,-4.20E-04,-2.90E-04,-7.02E-05,-4.75E-04,-3.34E-04,-4.69E-04,-4.64E-04,-4.15E-04,-3.52E-04,-4.22E-04,-4.92E-04,-2.75E-04,-5.01E-05
434,-4.29E-04,-2.34E-04,-3.44E-04,-4.13E-04,-3.70E-04,-2.75E-04,-2.55E-04,-4.32E-04,-2.95E-04,-6.61E-05,-4.88E-04,-3.43E-04,-4.80E-04,-4.68E-04,-4.20E-04,-3.53E-04,-4.31E-04,-5.01E-04,-2.78E-04,-4.38E-05
435,-4.42E-04,-2.42E-04,-3.56E-04,-4.26E-04,-3.79E-04,-2.80E-04,-2.63E-04,-4.43E-04,-3.01E-04,-6.28E-05,-5.02E-04,-3.53E-04,-4.90E-04,-4.71E-04,-4.25E-04,-3.54E-04,-4.41E-04,-5.10E-04,-2.81E-04,-3.76E-05
436,-4.56E-04,-2.51E-04,-3.68E-04,-4.40E-04,-3.89E-04,-2.86E-04,-2.71E-04,-4.55E-04,-3.07E-04,-6.05E-05,-5.15E-04,-3.64E-04,-5.00E-04,-4.75E-04,-4.30E-04,-3.56E-04,-4.52E-04,-5.20E-04,-2.84E-04,-3.17E-05
437,-4.69E-04,-2.60E-04,-3.81E-04,-4.53E-04,-3.98E-04,-2.93E-04,-2.80E-04,-4.68E-04,-3.13E-04,-5.94E-05,-5.30E-04,-3.75E-04,-5.11E-04,-4.79E-04,-4.35E-04,-3.57E-04,-4.62E-04,-5.29E-04,-2.87E-04,-2.60E-05
438,-4.84E-04,-2.69E-04,-3.93E-04,-4.67E-04,-4.08E-04,-3.01E-04,-2.90E-04,-4.81E-04,-3.20E-04,-5.94E-05,-5.45E-04,-3.86E-04,-5.22E-04,-4.83E-04,-4.41E-04,-3.60E-04,-4.74E-04,-5.40E-04,-2.90E-04,-2.07E-05
439,-4.98E-04,-2.79E-04,-4.06E-04,-4.81E-04,-4.17E-04,-3.09E-04,-3.02E-04,-4.95E-04,-3.27E-04,-6.05E-05,-5.61E-04,-3.98E-04,-5.33E-04,-4.88E-04,-4.46E-04,-3.63E-04,-4.86E-04,-5.50E-04,-2.94E-04,-1.57E-05
440,-5.14E-04,-2.90E-04,-4.19E-04,-4.96E-04,-4.27E-04,-3.19E-04,-3.14E-04,-5.09E-04,-3.34E-04,-6.26E-05,-5.77E-04,-4.11E-04,-5.45E-04,-4.94E-04,-4.52E-04,-3.67E-04,-4.99E-04,-5.61E-04,-2.98E-04,-1.11E-05
441,-5.30E-04,-3.01E-04,-4.32E-04,-5.10E-04,-4.37E-04,-3.29E-04,-3.28E-04,-5.24E-04,-3.42E-04,-6.55E-05,-5.93E-04,-4.25E-04,-5.58E-04,-5.00E-04,-4.58E-04,-3.72E-04,-5.13E-04,-5.72E-04,-3.02E-04,-6.83E-06
442,-5.46E-04,-3.12E-04,-4.46E-04,-5.25E-04,-4.47E-04,-3.39E-04,-3.42E-04,-5.39E-04,-3.50E-04,-6.90E-05,-6.10E-04,-4.39E-04,-5.70E-04,-5.07E-04,-4.65E-04,-3.77E-04,-5.27E-04,-5.83E-04,-3.07E-04,-2.85E-06
443,-5.63E-04,-3.25E-04,-4.59E-04,-5.40E-04,-4.57E-04,-3.50E-04,-3.57E-04,-5.54E-04,-3.58E-04,-7.28E-05,-6.27E-04,-4.54E-04,-5.83E-04,-5.13E-04,-4.72E-04,-3.83E-04,-5.41E-04,-5.94E-04,-3.12E-04,9.02E-07
444,-5.80E-04,-3.37E-04,-4.73E-04,-5.54E-04,-4.66E-04,-3.61E-04,-3.71E-04,-5.69E-04,-3.65E-04,-7.66E-05,-6.44E-04,-4.68E-04,-5.95E-04,-5.21E-04,-4.78E-04,-3.89E-04,-5.56E-04,-6.04E-04,-3.17E-04,4.52E-06
445,-5.97E-04,-3.50E-04,-4.87E-04,-5.68E-04,-4.76E-04,-3.71E-04,-3.86E-04,-5.84E-04,-3.73E-04,-8.00E-05,-6.61E-04,-4.83E-04,-6.07E-04,-5.28E-04,-4.85E-04,-3.96E-04,-5.70E-04,-6.15E-04,-3.21E-04,8.09E-06
446,-6.14E-04,-3.63E-04,-5.00E-04,-5.82E-04,-4.85E-04,-3.80E-04,-4.00E-04,-5.98E-04,-3.79E-04,-8.28E-05,-6.76E-04,-4.98E-04,-6.18E-04,-5.35E-04,-4.91E-04,-4.02E-04,-5.85E-04,-6.24E-04,-3.26E-04,1.17E-05
447,-6.31E-04,-3.75E-04,-5.14E-04,-5.95E-04,-4.93E-04,-3.89E-04,-4.14E-04,-6.11E-04,-3.85E-04,-8.47E-05,-6.91E-04,-5.12E-04,-6.29E-04,-5.41E-04,-4.97E-04,-4.09E-04,-5.99E-04,-6.33E-04,-3.30E-04,1.55E-05
448,-6.48E-04,-3.88E-04,-5.26E-04,-6.07E-04,-5.00E-04,-3.96E-04,-4.26E-04,-6.23E-04,-3.90E-04,-8.55E-05,-7.05E-04,-5.25E-04,-6.38E-04,-5.47E-04,-5.02E-04,-4.15E-04,-6.12E-04,-6.41E-04,-3.33E-04,1.95E-05
449,-6.64E-04,-4.00E-04,-5.38E-04,-6.18E-04,-5.06E-04,-4.02E-04,-4.37E-04,-6.34E-04,-3.94E-04,-8.51E-05,-7.18E-04,-5.38E-04,-6.46E-04,-5.52E-04,-5.06E-04,-4.21E-04,-6.24E-04,-6.48E-04,-3.36E-04,2.39E-05
450,-6.79E-04,-4.11E-04,-5.49E-04,-6.27E-04,-5.12E-04,-4.07E-04,-4.47E-04,-6.43E-04,-3.96E-04,-8.32E-05,-7.29E-04,-5.49E-04,-6.53E-04,-5.56E-04,-5.09E-04,-4.26E-04,-6.36E-04,-6.54E-04,-3.39E-04,2.86E-05
451,-6.94E-04,-4.22E-04,-5.59E-04,-6.36E-04,-5.16E-04,-4.10E-04,-4.56E-04,-6.51E-04,-3.97E-04,-8.00E-05,-7.38E-04,-5.59E-04,-6.58E-04,-5.59E-04,-5.11E-04,-4.30E-04,-6.46E-04,-6.59E-04,-3.40E-04,3.38E-05
452,-7.08E-04,-4.32E-04,-5.68E-04,-6.43E-04,-5.19E-04,-4.12E-04,-4.63E-04,-6.56E-04,-3.97E-04,-7.54E-05,-7.47E-04,-5.68E-04,-6.62E-04,-5.61E-04,-5.12E-04,-4.33E-04,-6.54E-04,-6.63E-04,-3.41E-04,3.93E-05
453,-7.21E-04,-4.41E-04,-5.76E-04,-6.49E-04,-5.21E-04,-4.12E-04,-4.69E-04,-6.60E-04,-3.95E-04,-6.96E-05,-7.53E-04,-5.75E-04,-6.64E-04,-5.63E-04,-5.11E-04,-4.35E-04,-6.62E-04,-6.65E-04,-3.41E-04,4.53E-05
454,-7.33E-04,-4.49E-04,-5.82E-04,-6.54E-04,-5.22E-04,-4.11E-04,-4.73E-04,-6.62E-04,-3.93E-04,-6.27E-05,-7.59E-04,-5.81E-04,-6.64E-04,-5.63E-04,-5.10E-04,-4.36E-04,-6.68E-04,-6.67E-04,-3.40E-04,5.17E-05
455,-7.44E-04,-4.55E-04,-5.87E-04,-6.57E-04,-5.21E-04,-4.08E-04,-4.76E-04,-6.63E-04,-3.89E-04,-5.49E-05,-7.63E-04,-5.85E-04,-6.63E-04,-5.62E-04,-5.07E-04,-4.35E-04,-6.72E-04,-6.67E-04,-3.38E-04,5.84E-05
456,-7.54E-04,-4.61E-04,-5.91E-04,-6.60E-04,-5.20E-04,-4.05E-04,-4.78E-04,-6.61E-04,-3.84E-04,-4.66E-05,-7.66E-04,-5.87E-04,-6.61E-04,-5.61E-04,-5.03E-04,-4.34E-04,-6.75E-04,-6.67E-04,-3.35E-04,6.54E-05
457,-7.63E-04,-4.66E-04,-5.94E-04,-6.61E-04,-5.19E-04,-4.01E-04,-4.79E-04,-6.59E-04,-3.78E-04,-3.79E-05,-7.68E-04,-5.89E-04,-6.58E-04,-5.60E-04,-4.98E-04,-4.31E-04,-6.77E-04,-6.66E-04,-3.32E-04,7.26E-05
458,-7.71E-04,-4.69E-04,-5.96E-04,-6.61E-04,-5.16E-04,-3.97E-04,-4.79E-04,-6.55E-04,-3.72E-04,-2.92E-05,-7.69E-04,-5.88E-04,-6.53E-04,-5.57E-04,-4.92E-04,-4.27E-04,-6.77E-04,-6.64E-04,-3.28E-04,7.98E-05
459,-7.78E-04,-4.72E-04,-5.97E-04,-6.61E-04,-5.14E-04,-3.92E-04,-4.78E-04,-6.50E-04,-3.66E-04,-2.06E-05,-7.70E-04,-5.87E-04,-6.48E-04,-5.55E-04,-4.85E-04,-4.23E-04,-6.76E-04,-6.61E-04,-3.24E-04,8.69E-05
460,-7.84E-04,-4.74E-04,-5.97E-04,-6.60E-04,-5.11E-04,-3.88E-04,-4.77E-04,-6.45E-04,-3.59E-04,-1.24E-05,-7.70E-04,-5.85E-04,-6.43E-04,-5.52E-04,-4.78E-04,-4.17E-04,-6.75E-04,-6.58E-04,-3.19E-04,9.40E-05
461,-7.90E-04,-4.75E-04,-5.96E-04,-6.58E-04,-5.08E-04,-3.83E-04,-4.76E-04,-6.39E-04,-3.52E-04,-4.82E-06,-7.70E-04,-5.81E-04,-6.36E-04,-5.50E-04,-4.71E-04,-4.11E-04,-6.72E-04,-6.54E-04,-3.14E-04,1.01E-04
462,-7.95E-04,-4.76E-04,-5.95E-04,-6.56E-04,-5.05E-04,-3.79E-04,-4.74E-04,-6.33E-04,-3.46E-04,2.10E-06,-7.70E-04,-5.77E-04,-6.30E-04,-5.48E-04,-4.64E-04,-4.04E-04,-6.69E-04,-6.50E-04,-3.09E-04,1.07E-04
463,-7.99E-04,-4.76E-04,-5.93E-04,-6.54E-04,-5.03E-04,-3.76E-04,-4.72E-04,-6.26E-04,-3.40E-04,8.25E-06,-7.70E-04,-5.73E-04,-6.24E-04,-5.45E-04,-4.56E-04,-3.97E-04,-6.66E-04,-6.46E-04,-3.04E-04,1.14E-04
464,-8.03E-04,-4.76E-04,-5.90E-04,-6.52E-04,-5.01E-04,-3.73E-04,-4.71E-04,-6.19E-04,-3.34E-04,1.36E-05,-7.69E-04,-5.68E-04,-6.17E-04,-5.43E-04,-4.49E-04,-3.90E-04,-6.62E-04,-6.42E-04,-2.99E-04,1.20E-04
465,-8.06E-04,-4.75E-04,-5.87E-04,-6.49E-04,-4.99E-04,-3.71E-04,-4.69E-04,-6.13E-04,-3.28E-04,1.82E-05,-7.68E-04,-5.62E-04,-6.11E-04,-5.41E-04,-4.41E-04,-3.82E-04,-6.57E-04,-6.37E-04,-2.95E-04,1.25E-04
466,-8.08E-04,-4.74E-04,-5.84E-04,-6.47E-04,-4.98E-04,-3.69E-04,-4.67E-04,-6.06E-04,-3.23E-04,2.22E-05,-7.68E-04,-5.56E-04,-6.05E-04,-5.39E-04,-4.34E-04,-3.75E-04,-6.52E-04,-6.32E-04,-2.90E-04,1.30E-04
467,-8.11E-04,-4.73E-04,-5.81E-04,-6.44E-04,-4.97E-04,-3.68E-04,-4.65E-04,-6.00E-04,-3.19E-04,2.56E-05,-7.67E-04,-5.50E-04,-5.99E-04,-5.38E-04,-4.27E-04,-3.67E-04,-6.47E-04,-6.27E-04,-2.86E-04,1.35E-04
468,-8.12E-04,-4.71E-04,-5.77E-04,-6.41E-04,-4.96E-04,-3.67E-04,-4.63E-04,-5.94E-04,-3.15E-04,2.86E-05,-7.65E-04,-5.43E-04,-5.93E-04,-5.36E-04,-4.21E-04,-3.59E-04,-6.42E-04,-6.22E-04,-2.83E-04,1.39E-04
469,-8.13E-04,-4.70E-04,-5.73E-04,-6.38E-04,-4.96E-04,-3.66E-04,-4.60E-04,-5.87E-04,-3.11E-04,3.13E-05,-7.64E-04,-5.36E-04,-5.87E-04,-5.34E-04,-4.14E-04,-3.52E-04,-6.36E-04,-6.16E-04,-2.79E-04,1.43E-04
470,-8.13E-04,-4.67E-04,-5.69E-04,-6.35E-04,-4.96E-04,-3.65E-04,-4.57E-04,-5.81E-04,-3.07E-04,3.41E-05,-7.62E-04,-5.29E-04,-5.80E-04,-5.32E-04,-4.08E-04,-3.44E-04,-6.30E-04,-6.10E-04,-2.76E-04,1.47E-04
471,-8.13E-04,-4.65E-04,-5.65E-04,-6.32E-04,-4.95E-04,-3.64E-04,-4.53E-04,-5.75E-04,-3.04E-04,3.69E-05,-7.59E-04,-5.22E-04,-5.74E-04,-5.29E-04,-4.01E-04,-3.36E-04,-6.23E-04,-6.04E-04,-2.74E-04,1.50E-04
472,-8.12E-04,-4.62E-04,-5.60E-04,-6.28E-04,-4.95E-04,-3.63E-04,-4.49E-04,-5.69E-04,-3.00E-04,4.01E-05,-7.56E-04,-5.14E-04,-5.68E-04,-5.26E-04,-3.95E-04,-3.28E-04,-6.16E-04,-5.98E-04,-2.71E-04,1.54E-04
473,-8.11E-04,-4.59E-04,-5.55E-04,-6.24E-04,-4.95E-04,-3.60E-04,-4.44E-04,-5.62E-04,-2.97E-04,4.37E-05,-7.52E-04,-5.06E-04,-5.61E-04,-5.23E-04,-3.88E-04,-3.20E-04,-6.09E-04,-5.91E-04,-2.69E-04,1.57E-04
474,-8.08E-04,-4.55E-04,-5.49E-04,-6.19E-04,-4.94E-04,-3.57E-04,-4.38E-04,-5.55E-04,-2.93E-04,4.78E-05,-7.48E-04,-4.98E-04,-5.54E-04,-5.19E-04,-3.81E-04,-3.11E-04,-6.00E-04,-5.83E-04,-2.66E-04,1.61E-04
475,-8.05E-04,-4.50E-04,-5.43E-04,-6.14E-04,-4.93E-04,-3.54E-04,-4.31E-04,-5.48E-04,-2.89E-04,5.25E-05,-7.42E-04,-4.89E-04,-5.46E-04,-5.14E-04,-3.73E-04,-3.03E-04,-5.92E-04,-5.76E-04,-2.64E-04,1.64E-04
476,-8.01E-04,-4.44E-04,-5.37E-04,-6.08E-04,-4.91E-04,-3.49E-04,-4.23E-04,-5.40E-04,-2.85E-04,5.79E-05,-7.37E-04,-4.80E-04,-5.38E-04,-5.09E-04,-3.66E-04,-2.94E-04,-5.83E-04,-5.68E-04,-2.61E-04,1.68E-04
477,-7.96E-04,-4.38E-04,-5.29E-04,-6.01E-04,-4.89E-04,-3.43E-04,-4.14E-04,-5.32E-04,-2.80E-04,6.39E-05,-7.30E-04,-4.70E-04,-5.30E-04,-5.03E-04,-3.57E-04,-2.84E-04,-5.73E-04,-5.59E-04,-2.59E-04,1.72E-04
478,-7.90E-04,-4.31E-04,-5.22E-04,-5.94E-04,-4.86E-04,-3.36E-04,-4.05E-04,-5.24E-04,-2.75E-04,7.05E-05,-7.23E-04,-4.60E-04,-5.21E-04,-4.97E-04,-3.49E-04,-2.74E-04,-5.63E-04,-5.51E-04,-2.56E-04,1.75E-04
479,-7.83E-04,-4.24E-04,-5.13E-04,-5.86E-04,-4.83E-04,-3.28E-04,-3.94E-04,-5.15E-04,-2.70E-04,7.76E-05,-7.16E-04,-4.49E-04,-5.12E-04,-4.90E-04,-3.40E-04,-2.64E-04,-5.52E-04,-5.42E-04,-2.52E-04,1.79E-04
480,-7.75E-04,-4.15E-04,-5.04E-04,-5.78E-04,-4.79E-04,-3.19E-04,-3.83E-04,-5.05E-04,-2.65E-04,8.52E-05,-7.08E-04,-4.38E-04,-5.03E-04,-4.82E-04,-3.31E-04,-2.54E-04,-5.41E-04,-5.33E-04,-2.49E-04,1.83E-04
481,-7.67E-04,-4.07E-04,-4.95E-04,-5.69E-04,-4.74E-04,-3.10E-04,-3.71E-04,-4.95E-04,-2.59E-04,9.30E-05,-7.00E-04,-4.27E-04,-4.93E-04,-4.75E-04,-3.22E-04,-2.43E-04,-5.29E-04,-5.24E-04,-2.45E-04,1.87E-04
482,-7.58E-04,-3.97E-04,-4.86E-04,-5.60E-04,-4.69E-04,-3.00E-04,-3.58E-04,-4.85E-04,-2.54E-04,1.01E-04,-6.92E-04,-4.15E-04,-4.83E-04,-4.67E-04,-3.12E-04,-2.33E-04,-5.17E-04,-5.15E-04,-2.41E-04,1.91E-04
483,-7.48E-04,-3.87E-04,-4.76E-04,-5.50E-04,-4.64E-04,-2.90E-04,-3.45E-04,-4.75E-04,-2.48E-04,1.09E-04,-6.83E-04,-4.03E-04,-4.73E-04,-4.59E-04,-3.03E-04,-2.22E-04,-5.05E-04,-5.06E-04,-2.37E-04,1.95E-04
484,-7.38E-04,-3.77E-04,-4.65E-04,-5.40E-04,-4.59E-04,-2.79E-04,-3.32E-04,-4.65E-04,-2.42E-04,1.17E-04,-6.75E-04,-3.91E-04,-4.64E-04,-4.52E-04,-2.93E-04,-2.11E-04,-4.93E-04,-4.97E-04,-2.32E-04,1.99E-04
485,-7.27E-04,-3.67E-04,-4.55E-04,-5.30E-04,-4.53E-04,-2.69E-04,-3.19E-04,-4.55E-04,-2.37E-04,1.25E-04,-6.68E-04,-3.80E-04,-4.55E-04,-4.44E-04,-2.84E-04,-2.01E-04,-4.81E-04,-4.89E-04,-2.28E-04,2.02E-04
486,-7.16E-04,-3.57E-04,-4.45E-04,-5.21E-04,-4.48E-04,-2.59E-04,-3.06E-04,-4.45E-04,-2.32E-04,1.32E-04,-6.60E-04,-3.68E-04,-4.46E-04,-4.37E-04,-2.76E-04,-1.91E-04,-4.69E-04,-4.81E-04,-2.24E-04,2.05E-04
487,-7.05E-04,-3.47E-04,-4.36E-04,-5.11E-04,-4.43E-04,-2.50E-04,-2.93E-04,-4.36E-04,-2.27E-04,1.39E-04,-6.53E-04,-3.57E-04,-4.37E-04,-4.30E-04,-2.68E-04,-1.82E-04,-4.58E-04,-4.73E-04,-2.19E-04,2.08E-04
488,-6.94E-04,-3.37E-04,-4.26E-04,-5.03E-04,-4.39E-04,-2.42E-04,-2.80E-04,-4.28E-04,-2.22E-04,1.45E-04,-6.47E-04,-3.47E-04,-4.30E-04,-4.24E-04,-2.60E-04,-1.73E-04,-4.47E-04,-4.66E-04,-2.15E-04,2.10E-04
489,-6.83E-04,-3.28E-04,-4.18E-04,-4.94E-04,-4.35E-04,-2.35E-04,-2.69E-04,-4.20E-04,-2.18E-04,1.50E-04,-6.42E-04,-3.37E-04,-4.23E-04,-4.18E-04,-2.53E-04,-1.64E-04,-4.36E-04,-4.59E-04,-2.12E-04,2.12E-04
490,-6.73E-04,-3.19E-04,-4.10E-04,-4.87E-04,-4.32E-04,-2.29E-04,-2.58E-04,-4.14E-04,-2.15E-04,1.55E-04,-6.38E-04,-3.28E-04,-4.17E-04,-4.13E-04,-2.47E-04,-1.57E-04,-4.26E-04,-4.53E-04,-2.09E-04,2.13E-04
491,-6.63E-04,-3.12E-04,-4.03E-04,-4.81E-04,-4.30E-04,-2.24E-04,-2.48E-04,-4.09E-04,-2.12E-04,1.58E-04,-6.34E-04,-3.19E-04,-4.12E-04,-4.08E-04,-2.42E-04,-1.51E-04,-4.17E-04,-4.47E-04,-2.06E-04,2.13E-04
492,-6.54E-04,-3.05E-04,-3.97E-04,-4.76E-04,-4.29E-04,-2.21E-04,-2.40E-04,-4.05E-04,-2.10E-04,1.61E-04,-6.32E-04,-3.12E-04,-4.08E-04,-4.04E-04,-2.38E-04,-1.45E-04,-4.09E-04,-4.42E-04,-2.05E-04,2.13E-04
493,-6.46E-04,-2.99E-04,-3.92E-04,-4.72E-04,-4.29E-04,-2.20E-04,-2.33E-04,-4.02E-04,-2.09E-04,1.62E-04,-6.30E-04,-3.06E-04,-4.05E-04,-4.01E-04,-2.35E-04,-1.41E-04,-4.02E-04,-4.38E-04,-2.03E-04,2.12E-04
494,-6.39E-04,-2.95E-04,-3.89E-04,-4.70E-04,-4.30E-04,-2.21E-04,-2.27E-04,-4.01E-04,-2.09E-04,1.63E-04,-6.30E-04,-3.01E-04,-4.03E-04,-3.99E-04,-2.33E-04,-1.38E-04,-3.96E-04,-4.34E-04,-2.03E-04,2.10E-04
495,-6.33E-04,-2.91E-04,-3.87E-04,-4.69E-04,-4.33E-04,-2.23E-04,-2.23E-04,-4.02E-04,-2.09E-04,1.62E-04,-6.31E-04,-2.97E-04,-4.03E-04,-3.98E-04,-2.32E-04,-1.36E-04,-3.92E-04,-4.31E-04,-2.03E-04,2.08E-04
496,-6.28E-04,-2.89E-04,-3.86E-04,-4.69E-04,-4.37E-04,-2.26E-04,-2.20E-04,-4.04E-04,-2.11E-04,1.61E-04,-6.34E-04,-2.95E-04,-4.03E-04,-3.98E-04,-2.32E-04,-1.35E-04,-3.89E-04,-4.29E-04,-2.05E-04,2.04E-04
497,-6.25E-04,-2.89E-04,-3.87E-04,-4.71E-04,-4.42E-04,-2.32E-04,-2.20E-04,-4.08E-04,-2.13E-04,1.59E-04,-6.37E-04,-2.94E-04,-4.05E-04,-3.98E-04,-2.33E-04,-1.35E-04,-3.87E-04,-4.28E-04,-2.07E-04,2.00E-04
498,-6.24E-04,-2.89E-04,-3.89E-04,-4.74E-04,-4.48E-04,-2.39E-04,-2.20E-04,-4.13E-04,-2.16E-04,1.55E-04,-6.42E-04,-2.95E-04,-4.08E-04,-4.00E-04,-2.36E-04,-1.37E-04,-3.87E-04,-4.28E-04,-2.09E-04,1.95E-04
499,-6.23E-04,-2.91E-04,-3.92E-04,-4.79E-04,-4.55E-04,-2.47E-04,-2.22E-04,-4.20E-04,-2.20E-04,1.51E-04,-6.48E-04,-2.96E-04,-4.12E-04,-4.02E-04,-2.39E-04,-1.40E-04,-3.88E-04,-4.28E-04,-2.13E-04,1.90E-04
500,-6.24E-04,-2.94E-04,-3.97E-04,-4.85E-04,-4.63E-04,-2.56E-04,-2.26E-04,-4.28E-04,-2.25E-04,1.47E-04,-6.55E-04,-2.99E-04,-4.17E-04,-4.05E-04,-2.43E-04,-1.43E-04,-3.91E-04,-4.30E-04,-2.17E-04,1.84E-04
501,-6.27E-04,-2.99E-04,-4.04E-04,-4.92E-04,-4.72E-04,-2.67E-04,-2.31E-04,-4.37E-04,-2.31E-04,1.41E-04,-6.63E-04,-3.04E-04,-4.22E-04,-4.09E-04,-2.48E-04,-1.48E-04,-3.95E-04,-4.32E-04,-2.21E-04,1.78E-04
502,-6.31E-04,-3.04E-04,-4.11E-04,-5.00E-04,-4.81E-04,-2.78E-04,-2.37E-04,-4.47E-04,-2.37E-04,1.35E-04,-6.72E-04,-3.10E-04,-4.29E-04,-4.14E-04,-2.54E-04,-1.54E-04,-4.00E-04,-4.36E-04,-2.26E-04,1.71E-04
503,-6.36E-04,-3.11E-04,-4.20E-04,-5.09E-04,-4.92E-04,-2.90E-04,-2.44E-04,-4.57E-04,-2.44E-04,1.29E-04,-6.82E-04,-3.17E-04,-4.36E-04,-4.19E-04,-2.61E-04,-1.60E-04,-4.07E-04,-4.40E-04,-2.31E-04,1.64E-04
504,-6.42E-04,-3.18E-04,-4.29E-04,-5.19E-04,-5.02E-04,-3.02E-04,-2.52E-04,-4.68E-04,-2.52E-04,1.22E-04,-6.92E-04,-3.24E-04,-4.44E-04,-4.24E-04,-2.68E-04,-1.67E-04,-4.15E-04,-4.45E-04,-2.36E-04,1.57E-04
505,-6.48E-04,-3.27E-04,-4.39E-04,-5.28E-04,-5.13E-04,-3.15E-04,-2.61E-04,-4.80E-04,-2.59E-04,1.15E-04,-7.03E-04,-3.33E-04,-4.52E-04,-4.30E-04,-2.76E-04,-1.74E-04,-4.24E-04,-4.50E-04,-2.41E-04,1.50E-04
506,-6.56E-04,-3.36E-04,-4.50E-04,-5.39E-04,-5.24E-04,-3.28E-04,-2.70E-04,-4.92E-04,-2.68E-04,1.09E-04,-7.14E-04,-3.43E-04,-4.61E-04,-4.36E-04,-2.84E-04,-1.82E-04,-4.34E-04,-4.56E-04,-2.46E-04,1.43E-04
507,-6.64E-04,-3.45E-04,-4.61E-04,-5.49E-04,-5.35E-04,-3.41E-04,-2.79E-04,-5.03E-04,-2.76E-04,1.02E-04,-7.25E-04,-3.53E-04,-4.70E-04,-4.42E-04,-2.92E-04,-1.91E-04,-4.45E-04,-4.62E-04,-2.50E-04,1.37E-04
508,-6.72E-04,-3.55E-04,-4.73E-04,-5.59E-04,-5.46E-04,-3.54E-04,-2.88E-04,-5.14E-04,-2.84E-04,9.53E-05,-7.37E-04,-3.64E-04,-4.79E-04,-4.47E-04,-3.00E-04,-1.99E-04,-4.56E-04,-4.69E-04,-2.54E-04,1.31E-04
509,-6.80E-04,-3.65E-04,-4.84E-04,-5.68E-04,-5.56E-04,-3.66E-04,-2.97E-04,-5.25E-04,-2.92E-04,8.91E-05,-7.48E-04,-3.75E-04,-4.88E-04,-4.52E-04,-3.08E-04,-2.07E-04,-4.68E-04,-4.75E-04,-2.58E-04,1.26E-04
510,-6.88E-04,-3.74E-04,-4.95E-04,-5.77E-04,-5.65E-04,-3.78E-04,-3.06E-04,-5.36E-04,-3.00E-04,8.33E-05,-7.59E-04,-3.86E-04,-4.96E-04,-4.57E-04,-3.15E-04,-2.14E-04,-4.80E-04,-4.81E-04,-2.61E-04,1.21E-04
511,-6.96E-04,-3.84E-04,-5.05E-04,-5.86E-04,-5.74E-04,-3.89E-04,-3.15E-04,-5.45E-04,-3.07E-04,7.79E-05,-7.69E-04,-3.97E-04,-5.05E-04,-4.61E-04,-3.22E-04,-2.22E-04,-4.91E-04,-4.87E-04,-2.63E-04,1.17E-04
512,-7.04E-04,-3.93E-04,-5.15E-04,-5.93E-04,-5.81E-04,-3.99E-04,-3.23E-04,-5.54E-04,-3.14E-04,7.31E-05,-7.79E-04,-4.08E-04,-5.13E-04,-4.64E-04,-3.28E-04,-2.28E-04,-5.03E-04,-4.93E-04,-2.65E-04,1.15E-04
513,-7.10E-04,-4.02E-04,-5.24E-04,-6.00E-04,-5.88E-04,-4.08E-04,-3.30E-04,-5.62E-04,-3.21E-04,6.89E-05,-7.88E-04,-4.19E-04,-5.20E-04,-4.66E-04,-3.34E-04,-2.34E-04,-5.14E-04,-4.98E-04,-2.66E-04,1.13E-04
514,-7.17E-04,-4.10E-04,-5.32E-04,-6.06E-04,-5.94E-04,-4.17E-04,-3.37E-04,-5.69E-04,-3.26E-04,6.53E-05,-7.96E-04,-4.29E-04,-5.28E-04,-4.67E-04,-3.38E-04,-2.40E-04,-5.24E-04,-5.02E-04,-2.66E-04,1.12E-04
515,-7.22E-04,-4.17E-04,-5.39E-04,-6.11E-04,-5.98E-04,-4.24E-04,-3.43E-04,-5.75E-04,-3.31E-04,6.23E-05,-8.04E-04,-4.39E-04,-5.34E-04,-4.67E-04,-3.42E-04,-2.44E-04,-5.34E-04,-5.06E-04,-2.65E-04,1.12E-04
516,-7.27E-04,-4.24E-04,-5.46E-04,-6.14E-04,-6.01E-04,-4.31E-04,-3.49E-04,-5.81E-04,-3.36E-04,6.00E-05,-8.11E-04,-4.48E-04,-5.40E-04,-4.67E-04,-3.45E-04,-2.48E-04,-5.43E-04,-5.09E-04,-2.63E-04,1.13E-04
517,-7.32E-04,-4.30E-04,-5.51E-04,-6.17E-04,-6.03E-04,-4.37E-04,-3.54E-04,-5.85E-04,-3.39E-04,5.82E-05,-8.17E-04,-4.57E-04,-5.45E-04,-4.65E-04,-3.47E-04,-2.50E-04,-5.51E-04,-5.11E-04,-2.61E-04,1.15E-04
518,-7.35E-04,-4.35E-04,-5.55E-04,-6.20E-04,-6.05E-04,-4.42E-04,-3.59E-04,-5.89E-04,-3.42E-04,5.69E-05,-8.22E-04,-4.65E-04,-5.50E-04,-4.62E-04,-3.49E-04,-2.52E-04,-5.58E-04,-5.13E-04,-2.59E-04,1.17E-04
519,-7.39E-04,-4.39E-04,-5.59E-04,-6.21E-04,-6.05E-04,-4.46E-04,-3.63E-04,-5.92E-04,-3.44E-04,5.61E-05,-8.27E-04,-4.72E-04,-5.54E-04,-4.59E-04,-3.49E-04,-2.53E-04,-5.64E-04,-5.13E-04,-2.56E-04,1.20E-04
520,-7.41E-04,-4.43E-04,-5.62E-04,-6.22E-04,-6.05E-04,-4.50E-04,-3.67E-04,-5.95E-04,-3.45E-04,5.56E-05,-8.31E-04,-4.79E-04,-5.57E-04,-4.55E-04,-3.49E-04,-2.53E-04,-5.69E-04,-5.13E-04,-2.52E-04,1.24E-04
521,-7.44E-04,-4.46E-04,-5.64E-04,-6.23E-04,-6.04E-04,-4.53E-04,-3.71E-04,-5.96E-04,-3.46E-04,5.55E-05,-8.35E-04,-4.84E-04,-5.60E-04,-4.50E-04,-3.49E-04,-2.52E-04,-5.73E-04,-5.13E-04,-2.49E-04,1.27E-04
522,-7.46E-04,-4.49E-04,-5.66E-04,-6.23E-04,-6.03E-04,-4.56E-04,-3.75E-04,-5.98E-04,-3.46E-04,5.56E-05,-8.39E-04,-4.90E-04,-5.62E-04,-4.45E-04,-3.48E-04,-2.52E-04,-5.77E-04,-5.12E-04,-2.45E-04,1.31E-04
523,-7.48E-04,-4.51E-04,-5.67E-04,-6.23E-04,-6.01E-04,-4.59E-04,-3.78E-04,-5.99E-04,-3.45E-04,5.59E-05,-8.42E-04,-4.94E-04,-5.64E-04,-4.41E-04,-3.47E-04,-2.50E-04,-5.80E-04,-5.10E-04,-2.41E-04,1.35E-04
524,-7.51E-04,-4.54E-04,-5.69E-04,-6.23E-04,-6.00E-04,-4.62E-04,-3.82E-04,-5.99E-04,-3.45E-04,5.62E-05,-8.45E-04,-4.98E-04,-5.66E-04,-4.36E-04,-3.46E-04,-2.49E-04,-5.82E-04,-5.08E-04,-2.37E-04,1.39E-04
525,-7.53E-04,-4.57E-04,-5.70E-04,-6.24E-04,-5.99E-04,-4.65E-04,-3.86E-04,-6.00E-04,-3.43E-04,5.65E-05,-8.47E-04,-5.02E-04,-5.67E-04,-4.31E-04,-3.45E-04,-2.47E-04,-5.84E-04,-5.06E-04,-2.34E-04,1.42E-04
526,-7.56E-04,-4.59E-04,-5.72E-04,-6.25E-04,-5.99E-04,-4.69E-04,-3.89E-04,-6.00E-04,-3.42E-04,5.68E-05,-8.50E-04,-5.05E-04,-5.68E-04,-4.26E-04,-3.44E-04,-2.46E-04,-5.85E-04,-5.04E-04,-2.30E-04,1.45E-04
527,-7.58E-04,-4.62E-04,-5.74E-04,-6.26E-04,-5.98E-04,-4.73E-04,-3.93E-04,-5.99E-04,-3.40E-04,5.69E-05,-8.52E-04,-5.08E-04,-5.68E-04,-4.22E-04,-3.44E-04,-2.44E-04,-5.86E-04,-5.01E-04,-2.27E-04,1.48E-04
528,-7.61E-04,-4.65E-04,-5.76E-04,-6.27E-04,-5.99E-04,-4.78E-04,-3.97E-04,-5.99E-04,-3.38E-04,5.70E-05,-8.54E-04,-5.10E-04,-5.69E-04,-4.17E-04,-3.44E-04,-2.43E-04,-5.86E-04,-4.98E-04,-2.25E-04,1.50E-04
529,-7.64E-04,-4.69E-04,-5.78E-04,-6.29E-04,-6.00E-04,-4.83E-04,-4.01E-04,-5.98E-04,-3.36E-04,5.68E-05,-8.55E-04,-5.12E-04,-5.69E-04,-4.14E-04,-3.44E-04,-2.42E-04,-5.86E-04,-4.95E-04,-2.22E-04,1.51E-04
530,-7.67E-04,-4.73E-04,-5.81E-04,-6.31E-04,-6.01E-04,-4.89E-04,-4.05E-04,-5.97E-04,-3.33E-04,5.66E-05,-8.57E-04,-5.13E-04,-5.69E-04,-4.10E-04,-3.46E-04,-2.41E-04,-5.86E-04,-4.92E-04,-2.20E-04,1.52E-04
531,-7.70E-04,-4.76E-04,-5.84E-04,-6.32E-04,-6.03E-04,-4.95E-04,-4.08E-04,-5.96E-04,-3.31E-04,5.62E-05,-8.58E-04,-5.14E-04,-5.69E-04,-4.07E-04,-3.47E-04,-2.40E-04,-5.86E-04,-4.88E-04,-2.18E-04,1.52E-04
532,-7.73E-04,-4.80E-04,-5.86E-04,-6.34E-04,-6.05E-04,-5.01E-04,-4.11E-04,-5.94E-04,-3.29E-04,5.57E-05,-8.58E-04,-5.15E-04,-5.69E-04,-4.04E-04,-3.50E-04,-2.40E-04,-5.85E-04,-4.85E-04,-2.17E-04,1.51E-04
533,-7.76E-04,-4.84E-04,-5.89E-04,-6.35E-04,-6.07E-04,-5.07E-04,-4.14E-04,-5.92E-04,-3.26E-04,5.51E-05,-8.59E-04,-5.15E-04,-5.69E-04,-4.00E-04,-3.52E-04,-2.40E-04,-5.84E-04,-4.80E-04,-2.15E-04,1.51E-04
534,-7.78E-04,-4.87E-04,-5.91E-04,-6.36E-04,-6.09E-04,-5.13E-04,-4.15E-04,-5.89E-04,-3.23E-04,5.45E-05,-8.58E-04,-5.15E-04,-5.68E-04,-3.97E-04,-3.55E-04,-2.40E-04,-5.83E-04,-4.75E-04,-2.14E-04,1.49E-04
535,-7.79E-04,-4.90E-04,-5.93E-04,-6.36E-04,-6.11E-04,-5.19E-04,-4.16E-04,-5.86E-04,-3.20E-04,5.39E-05,-8.57E-04,-5.14E-04,-5.68E-04,-3.94E-04,-3.59E-04,-2.39E-04,-5.81E-04,-4.69E-04,-2.12E-04,1.48E-04
536,-7.80E-04,-4.92E-04,-5.94E-04,-6.35E-04,-6.12E-04,-5.24E-04,-4.17E-04,-5.82E-04,-3.17E-04,5.35E-05,-8.55E-04,-5.12E-04,-5.66E-04,-3.90E-04,-3.62E-04,-2.39E-04,-5.78E-04,-4.63E-04,-2.11E-04,1.47E-04
537,-7.79E-04,-4.93E-04,-5.94E-04,-6.33E-04,-6.12E-04,-5.27E-04,-4.16E-04,-5.77E-04,-3.14E-04,5.32E-05,-8.52E-04,-5.10E-04,-5.65E-04,-3.85E-04,-3.65E-04,-2.38E-04,-5.75E-04,-4.56E-04,-2.09E-04,1.45E-04
538,-7.77E-04,-4.93E-04,-5.93E-04,-6.29E-04,-6.11E-04,-5.30E-04,-4.13E-04,-5.71E-04,-3.10E-04,5.32E-05,-8.48E-04,-5.07E-04,-5.63E-04,-3.81E-04,-3.69E-04,-2.37E-04,-5.70E-04,-4.48E-04,-2.07E-04,1.44E-04
539,-7.74E-04,-4.92E-04,-5.90E-04,-6.24E-04,-6.08E-04,-5.31E-04,-4.10E-04,-5.64E-04,-3.06E-04,5.34E-05,-8.43E-04,-5.03E-04,-5.61E-04,-3.75E-04,-3.72E-04,-2.35E-04,-5.65E-04,-4.39E-04,-2.04E-04,1.43E-04
540,-7.70E-04,-4.90E-04,-5.86E-04,-6.17E-04,-6.04E-04,-5.30E-04,-4.05E-04,-5.56E-04,-3.01E-04,5.40E-05,-8.38E-04,-4.98E-04,-5.58E-04,-3.69E-04,-3.74E-04,-2.33E-04,-5.59E-04,-4.30E-04,-2.02E-04,1.43E-04
541,-7.64E-04,-4.86E-04,-5.81E-04,-6.09E-04,-5.98E-04,-5.27E-04,-3.99E-04,-5.48E-04,-2.96E-04,5.49E-05,-8.31E-04,-4.93E-04,-5.55E-04,-3.62E-04,-3.77E-04,-2.30E-04,-5.52E-04,-4.20E-04,-1.98E-04,1.42E-04
542,-7.57E-04,-4.81E-04,-5.75E-04,-5.99E-04,-5.91E-04,-5.23E-04,-3.91E-04,-5.38E-04,-2.91E-04,5.62E-05,-8.24E-04,-4.86E-04,-5.51E-04,-3.54E-04,-3.79E-04,-2.27E-04,-5.44E-04,-4.09E-04,-1.95E-04,1.42E-04
543,-7.49E-04,-4.74E-04,-5.67E-04,-5.87E-04,-5.83E-04,-5.16E-04,-3.82E-04,-5.27E-04,-2.84E-04,5.79E-05,-8.16E-04,-4.79E-04,-5.46E-04,-3.46E-04,-3.80E-04,-2.24E-04,-5.35E-04,-3.97E-04,-1.91E-04,1.42E-04
544,-7.39E-04,-4.66E-04,-5.58E-04,-5.74E-04,-5.73E-04,-5.08E-04,-3.72E-04,-5.15E-04,-2.78E-04,6.00E-05,-8.07E-04,-4.71E-04,-5.41E-04,-3.37E-04,-3.82E-04,-2.19E-04,-5.24E-04,-3.86E-04,-1.87E-04,1.43E-04
545,-7.28E-04,-4.57E-04,-5.47E-04,-5.60E-04,-5.61E-04,-4.98E-04,-3.60E-04,-5.02E-04,-2.71E-04,6.24E-05,-7.97E-04,-4.62E-04,-5.35E-04,-3.27E-04,-3.82E-04,-2.15E-04,-5.13E-04,-3.74E-04,-1.82E-04,1.44E-04
546,-7.17E-04,-4.47E-04,-5.36E-04,-5.45E-04,-5.49E-04,-4.87E-04,-3.48E-04,-4.89E-04,-2.63E-04,6.51E-05,-7.87E-04,-4.52E-04,-5.29E-04,-3.18E-04,-3.83E-04,-2.10E-04,-5.01E-04,-3.61E-04,-1.78E-04,1.45E-04
547,-7.04E-04,-4.37E-04,-5.24E-04,-5.29E-04,-5.36E-04,-4.75E-04,-3.34E-04,-4.74E-04,-2.55E-04,6.80E-05,-7.77E-04,-4.42E-04,-5.23E-04,-3.08E-04,-3.83E-04,-2.06E-04,-4.88E-04,-3.49E-04,-1.73E-04,1.45E-04
548,-6.91E-04,-4.26E-04,-5.11E-04,-5.12E-04,-5.23E-04,-4.62E-04,-3.20E-04,-4.60E-04,-2.47E-04,7.10E-05,-7.66E-04,-4.31E-04,-5.15E-04,-2.98E-04,-3.83E-04,-2.01E-04,-4.74E-04,-3.37E-04,-1.69E-04,1.46E-04
549,-6.78E-04,-4.15E-04,-4.99E-04,-4.96E-04,-5.09E-04,-4.48E-04,-3.05E-04,-4.45E-04,-2.39E-04,7.40E-05,-7.56E-04,-4.20E-04,-5.08E-04,-2.88E-04,-3.84E-04,-1.97E-04,-4.60E-04,-3.25E-04,-1.64E-04,1.47E-04
550,-6.64E-04,-4.03E-04,-4.86E-04,-4.80E-04,-4.96E-04,-4.35E-04,-2.90E-04,-4.30E-04,-2.31E-04,7.70E-05,-7.45E-04,-4.09E-04,-5.00E-04,-2.78E-04,-3.84E-04,-1.92E-04,-4.45E-04,-3.14E-04,-1.60E-04,1.47E-04
551,-6.51E-04,-3.92E-04,-4.74E-04,-4.64E-04,-4.84E-04,-4.21E-04,-2.74E-04,-4.15E-04,-2.22E-04,7.97E-05,-7.35E-04,-3.97E-04,-4.93E-04,-2.69E-04,-3.84E-04,-1.88E-04,-4.30E-04,-3.03E-04,-1.55E-04,1.47E-04
552,-6.38E-04,-3.82E-04,-4.62E-04,-4.49E-04,-4.72E-04,-4.08E-04,-2.59E-04,-4.00E-04,-2.14E-04,8.21E-05,-7.24E-04,-3.86E-04,-4.85E-04,-2.60E-04,-3.85E-04,-1.85E-04,-4.15E-04,-2.93E-04,-1.51E-04,1.46E-04
553,-6.25E-04,-3.72E-04,-4.50E-04,-4.35E-04,-4.61E-04,-3.96E-04,-2.44E-04,-3.86E-04,-2.06E-04,8.41E-05,-7.14E-04,-3.75E-04,-4.77E-04,-2.52E-04,-3.85E-04,-1.82E-04,-4.01E-04,-2.83E-04,-1.48E-04,1.45E-04
554,-6.12E-04,-3.63E-04,-4.39E-04,-4.22E-04,-4.52E-04,-3.85E-04,-2.29E-04,-3.73E-04,-1.99E-04,8.55E-05,-7.05E-04,-3.64E-04,-4.69E-04,-2.44E-04,-3.86E-04,-1.80E-04,-3.86E-04,-2.74E-04,-1.45E-04,1.43E-04
555,-6.00E-04,-3.54E-04,-4.30E-04,-4.10E-04,-4.44E-04,-3.76E-04,-2.15E-04,-3.61E-04,-1.92E-04,8.63E-05,-6.95E-04,-3.53E-04,-4.62E-04,-2.37E-04,-3.87E-04,-1.78E-04,-3.72E-04,-2.66E-04,-1.42E-04,1.41E-04
556,-5.89E-04,-3.46E-04,-4.21E-04,-4.00E-04,-4.37E-04,-3.67E-04,-2.02E-04,-3.49E-04,-1.86E-04,8.63E-05,-6.87E-04,-3.43E-04,-4.55E-04,-2.30E-04,-3.88E-04,-1.76E-04,-3.59E-04,-2.58E-04,-1.39E-04,1.39E-04
557,-5.79E-04,-3.39E-04,-4.13E-04,-3.90E-04,-4.32E-04,-3.60E-04,-1.89E-04,-3.39E-04,-1.81E-04,8.56E-05,-6.78E-04,-3.34E-04,-4.48E-04,-2.24E-04,-3.90E-04,-1.75E-04,-3.46E-04,-2.50E-04,-1.37E-04,1.36E-04
558,-5.69E-04,-3.32E-04,-4.05E-04,-3.82E-04,-4.28E-04,-3.54E-04,-1.77E-04,-3.29E-04,-1.76E-04,8.41E-05,-6.70E-04,-3.25E-04,-4.42E-04,-2.19E-04,-3.91E-04,-1.73E-04,-3.34E-04,-2.43E-04,-1.35E-04,1.32E-04
559,-5.59E-04,-3.26E-04,-3.99E-04,-3.74E-04,-4.24E-04,-3.49E-04,-1.66E-04,-3.21E-04,-1.72E-04,8.18E-05,-6.62E-04,-3.17E-04,-4.36E-04,-2.13E-04,-3.92E-04,-1.72E-04,-3.23E-04,-2.36E-04,-1.33E-04,1.28E-04
560,-5.50E-04,-3.21E-04,-3.92E-04,-3.67E-04,-4.21E-04,-3.45E-04,-1.56E-04,-3.13E-04,-1.69E-04,7.87E-05,-6.55E-04,-3.09E-04,-4.31E-04,-2.08E-04,-3.93E-04,-1.70E-04,-3.12E-04,-2.29E-04,-1.31E-04,1.24E-04
561,-5.42E-04,-3.15E-04,-3.87E-04,-3.61E-04,-4.19E-04,-3.41E-04,-1.47E-04,-3.06E-04,-1.66E-04,7.50E-05,-6.48E-04,-3.02E-04,-4.26E-04,-2.03E-04,-3.93E-04,-1.68E-04,-3.02E-04,-2.22E-04,-1.29E-04,1.20E-04
562,-5.33E-04,-3.10E-04,-3.81E-04,-3.54E-04,-4.17E-04,-3.37E-04,-1.38E-04,-3.00E-04,-1.64E-04,7.06E-05,-6.40E-04,-2.96E-04,-4.21E-04,-1.98E-04,-3.93E-04,-1.66E-04,-2.92E-04,-2.15E-04,-1.27E-04,1.16E-04
563,-5.25E-04,-3.04E-04,-3.75E-04,-3.48E-04,-4.14E-04,-3.34E-04,-1.30E-04,-2.95E-04,-1.62E-04,6.57E-05,-6.33E-04,-2.90E-04,-4.17E-04,-1.92E-04,-3.93E-04,-1.63E-04,-2.83E-04,-2.08E-04,-1.24E-04,1.12E-04
564,-5.16E-04,-2.99E-04,-3.70E-04,-3.41E-04,-4.12E-04,-3.30E-04,-1.21E-04,-2.90E-04,-1.60E-04,6.04E-05,-6.25E-04,-2.84E-04,-4.13E-04,-1.86E-04,-3.92E-04,-1.59E-04,-2.75E-04,-2.01E-04,-1.22E-04,1.08E-04
565,-5.07E-04,-2.93E-04,-3.64E-04,-3.34E-04,-4.08E-04,-3.26E-04,-1.13E-04,-2.85E-04,-1.59E-04,5.49E-05,-6.16E-04,-2.78E-04,-4.08E-04,-1.79E-04,-3.90E-04,-1.54E-04,-2.66E-04,-1.94E-04,-1.19E-04,1.04E-04
566,-4.98E-04,-2.86E-04,-3.58E-04,-3.26E-04,-4.04E-04,-3.21E-04,-1.05E-04,-2.79E-04,-1.58E-04,4.93E-05,-6.08E-04,-2.73E-04,-4.04E-04,-1.72E-04,-3.87E-04,-1.48E-04,-2.58E-04,-1.86E-04,-1.16E-04,1.00E-04
567,-4.89E-04,-2.79E-04,-3.51E-04,-3.17E-04,-3.98E-04,-3.15E-04,-9.72E-05,-2.74E-04,-1.56E-04,4.37E-05,-5.98E-04,-2.67E-04,-3.99E-04,-1.64E-04,-3.83E-04,-1.42E-04,-2.50E-04,-1.78E-04,-1.13E-04,9.69E-05
568,-4.79E-04,-2.72E-04,-3.44E-04,-3.07E-04,-3.92E-04,-3.08E-04,-8.88E-05,-2.68E-04,-1.55E-04,3.82E-05,-5.88E-04,-2.61E-04,-3.94E-04,-1.55E-04,-3.78E-04,-1.34E-04,-2.41E-04,-1.70E-04,-1.09E-04,9.40E-05
569,-4.68E-04,-2.64E-04,-3.36E-04,-2.97E-04,-3.85E-04,-3.00E-04,-8.02E-05,-2.62E-04,-1.53E-04,3.31E-05,-5.77E-04,-2.56E-04,-3.88E-04,-1.45E-04,-3.73E-04,-1.25E-04,-2.33E-04,-1.61E-04,-1.05E-04,9.13E-05
570,-4.57E-04,-2.56E-04,-3.28E-04,-2.85E-04,-3.77E-04,-2.91E-04,-7.13E-05,-2.56E-04,-1.51E-04,2.82E-05,-5.66E-04,-2.49E-04,-3.82E-04,-1.34E-04,-3.66E-04,-1.16E-04,-2.24E-04,-1.52E-04,-1.00E-04,8.89E-05
571,-4.46E-04,-2.48E-04,-3.20E-04,-2.73E-04,-3.68E-04,-2.82E-04,-6.22E-05,-2.49E-04,-1.48E-04,2.38E-05,-5.53E-04,-2.43E-04,-3.76E-04,-1.23E-04,-3.59E-04,-1.06E-04,-2.15E-04,-1.44E-04,-9.52E-05,8.67E-05
572,-4.35E-04,-2.40E-04,-3.11E-04,-2.61E-04,-3.58E-04,-2.72E-04,-5.30E-05,-2.42E-04,-1.45E-04,1.98E-05,-5.40E-04,-2.37E-04,-3.69E-04,-1.10E-04,-3.51E-04,-9.61E-05,-2.06E-04,-1.35E-04,-9.02E-05,8.47E-05
573,-4.23E-04,-2.32E-04,-3.03E-04,-2.49E-04,-3.48E-04,-2.62E-04,-4.38E-05,-2.34E-04,-1.42E-04,1.62E-05,-5.27E-04,-2.30E-04,-3.62E-04,-9.78E-05,-3.43E-04,-8.56E-05,-1.97E-04,-1.27E-04,-8.50E-05,8.28E-05
574,-4.11E-04,-2.24E-04,-2.94E-04,-2.36E-04,-3.39E-04,-2.52E-04,-3.49E-05,-2.26E-04,-1.38E-04,1.30E-05,-5.14E-04,-2.24E-04,-3.54E-04,-8.48E-05,-3.34E-04,-7.51E-05,-1.88E-04,-1.18E-04,-7.98E-05,8.09E-05
575,-4.00E-04,-2.17E-04,-2.86E-04,-2.25E-04,-3.29E-04,-2.42E-04,-2.65E-05,-2.19E-04,-1.35E-04,1.02E-05,-5.00E-04,-2.17E-04,-3.47E-04,-7.17E-05,-3.25E-04,-6.49E-05,-1.79E-04,-1.11E-04,-7.46E-05,7.89E-05
576,-3.89E-04,-2.10E-04,-2.79E-04,-2.14E-04,-3.20E-04,-2.34E-04,-1.89E-05,-2.12E-04,-1.31E-04,7.57E-06,-4.87E-04,-2.11E-04,-3.39E-04,-5.87E-05,-3.16E-04,-5.51E-05,-1.70E-04,-1.03E-04,-6.96E-05,7.67E-05
577,-3.78E-04,-2.05E-04,-2.72E-04,-2.04E-04,-3.11E-04,-2.26E-04,-1.23E-05,-2.05E-04,-1.28E-04,5.05E-06,-4.74E-04,-2.05E-04,-3.32E-04,-4.60E-05,-3.07E-04,-4.59E-05,-1.62E-04,-9.68E-05,-6.49E-05,7.42E-05
578,-3.69E-04,-2.01E-04,-2.66E-04,-1.95E-04,-3.04E-04,-2.19E-04,-7.05E-06,-2.00E-04,-1.25E-04,2.51E-06,-4.62E-04,-2.00E-04,-3.25E-04,-3.38E-05,-2.99E-04,-3.77E-05,-1.54E-04,-9.11E-05,-6.06E-05,7.14E-05
579,-3.60E-04,-1.98E-04,-2.62E-04,-1.89E-04,-2.98E-04,-2.14E-04,-3.40E-06,-1.96E-04,-1.22E-04,-2.12E-07,-4.51E-04,-1.96E-04,-3.19E-04,-2.23E-05,-2.91E-04,-3.04E-05,-1.47E-04,-8.62E-05,-5.68E-05,6.82E-05
580,-3.53E-04,-1.96E-04,-2.58E-04,-1.84E-04,-2.94E-04,-2.11E-04,-1.62E-06,-1.93E-04,-1.21E-04,-3.26E-06,-4.42E-04,-1.93E-04,-3.13E-04,-1.18E-05,-2.84E-04,-2.43E-05,-1.40E-04,-8.23E-05,-5.36E-05,6.44E-05
581,-3.47E-04,-1.96E-04,-2.56E-04,-1.81E-04,-2.92E-04,-2.09E-04,-1.90E-06,-1.92E-04,-1.20E-04,-6.78E-06,-4.34E-04,-1.91E-04,-3.09E-04,-2.48E-06,-2.78E-04,-1.96E-05,-1.36E-04,-7.96E-05,-5.10E-05,6.01E-05
582,-3.43E-04,-1.98E-04,-2.56E-04,-1.81E-04,-2.91E-04,-2.10E-04,-4.41E-06,-1.93E-04,-1.21E-04,-1.09E-05,-4.28E-04,-1.90E-04,-3.06E-04,5.59E-06,-2.73E-04,-1.62E-05,-1.32E-04,-7.80E-05,-4.93E-05,5.52E-05
583,-3.40E-04,-2.01E-04,-2.57E-04,-1.83E-04,-2.92E-04,-2.13E-04,-9.26E-06,-1.96E-04,-1.22E-04,-1.57E-05,-4.23E-04,-1.91E-04,-3.05E-04,1.22E-05,-2.69E-04,-1.43E-05,-1.30E-04,-7.77E-05,-4.83E-05,4.96E-05
584,-3.40E-04,-2.05E-04,-2.59E-04,-1.88E-04,-2.95E-04,-2.17E-04,-1.65E-05,-2.01E-04,-1.25E-04,-2.14E-05,-4.21E-04,-1.94E-04,-3.05E-04,1.74E-05,-2.67E-04,-1.39E-05,-1.29E-04,-7.86E-05,-4.82E-05,4.33E-05
585,-3.41E-04,-2.12E-04,-2.63E-04,-1.94E-04,-2.99E-04,-2.23E-04,-2.61E-05,-2.08E-04,-1.30E-04,-2.79E-05,-4.21E-04,-1.98E-04,-3.07E-04,2.10E-05,-2.66E-04,-1.50E-05,-1.31E-04,-8.09E-05,-4.91E-05,3.63E-05
586,-3.43E-04,-2.20E-04,-2.69E-04,-2.03E-04,-3.06E-04,-2.31E-04,-3.79E-05,-2.18E-04,-1.35E-04,-3.54E-05,-4.24E-04,-2.05E-04,-3.11E-04,2.30E-05,-2.67E-04,-1.75E-05,-1.34E-04,-8.45E-05,-5.08E-05,2.86E-05
587,-3.48E-04,-2.29E-04,-2.76E-04,-2.14E-04,-3.13E-04,-2.40E-04,-5.20E-05,-2.29E-04,-1.42E-04,-4.37E-05,-4.28E-04,-2.13E-04,-3.16E-04,2.35E-05,-2.69E-04,-2.14E-05,-1.39E-04,-8.94E-05,-5.35E-05,2.02E-05
588,-3.54E-04,-2.40E-04,-2.84E-04,-2.27E-04,-3.23E-04,-2.51E-04,-6.79E-05,-2.42E-04,-1.50E-04,-5.29E-05,-4.34E-04,-2.23E-04,-3.23E-04,2.25E-05,-2.73E-04,-2.66E-05,-1.45E-04,-9.55E-05,-5.71E-05,1.11E-05
589,-3.62E-04,-2.52E-04,-2.93E-04,-2.41E-04,-3.33E-04,-2.62E-04,-8.57E-05,-2.57E-04,-1.60E-04,-6.30E-05,-4.43E-04,-2.34E-04,-3.32E-04,2.01E-05,-2.78E-04,-3.30E-05,-1.54E-04,-1.03E-04,-6.15E-05,1.32E-06
590,-3.72E-04,-2.65E-04,-3.04E-04,-2.56E-04,-3.45E-04,-2.74E-04,-1.05E-04,-2.73E-04,-1.70E-04,-7.39E-05,-4.53E-04,-2.47E-04,-3.42E-04,1.63E-05,-2.85E-04,-4.06E-05,-1.64E-04,-1.12E-04,-6.68E-05,-9.09E-06
591,-3.83E-04,-2.79E-04,-3.16E-04,-2.73E-04,-3.57E-04,-2.87E-04,-1.25E-04,-2.91E-04,-1.82E-04,-8.53E-05,-4.65E-04,-2.62E-04,-3.53E-04,1.13E-05,-2.93E-04,-4.92E-05,-1.75E-04,-1.21E-04,-7.28E-05,-2.01E-05
592,-3.95E-04,-2.95E-04,-3.29E-04,-2.91E-04,-3.71E-04,-3.00E-04,-1.47E-04,-3.09E-04,-1.94E-04,-9.74E-05,-4.79E-04,-2.78E-04,-3.66E-04,5.20E-06,-3.03E-04,-5.87E-05,-1.88E-04,-1.32E-04,-7.96E-05,-3.17E-05
593,-4.08E-04,-3.11E-04,-3.42E-04,-3.09E-04,-3.85E-04,-3.14E-04,-1.69E-04,-3.28E-04,-2.07E-04,-1.10E-04,-4.93E-04,-2.95E-04,-3.79E-04,-1.89E-06,-3.13E-04,-6.90E-05,-2.03E-04,-1.44E-04,-8.70E-05,-4.38E-05
594,-4.23E-04,-3.28E-04,-3.57E-04,-3.28E-04,-3.99E-04,-3.28E-04,-1.92E-04,-3.48E-04,-2.20E-04,-1.23E-04,-5.09E-04,-3.14E-04,-3.94E-04,-9.84E-06,-3.26E-04,-8.00E-05,-2.18E-04,-1.57E-04,-9.50E-05,-5.63E-05
595,-4.38E-04,-3.46E-04,-3.72E-04,-3.47E-04,-4.14E-04,-3.42E-04,-2.16E-04,-3.68E-04,-2.33E-04,-1.36E-04,-5.26E-04,-3.33E-04,-4.10E-04,-1.85E-05,-3.39E-04,-9.16E-05,-2.34E-04,-1.71E-04,-1.03E-04,-6.92E-05
596,-4.55E-04,-3.65E-04,-3.87E-04,-3.67E-04,-4.30E-04,-3.56E-04,-2.39E-04,-3.88E-04,-2.47E-04,-1.48E-04,-5.43E-04,-3.52E-04,-4.26E-04,-2.79E-05,-3.53E-04,-1.04E-04,-2.51E-04,-1.85E-04,-1.12E-04,-8.24E-05
597,-4.72E-04,-3.84E-04,-4.03E-04,-3.87E-04,-4.46E-04,-3.70E-04,-2.63E-04,-4.08E-04,-2.62E-04,-1.61E-04,-5.61E-04,-3.73E-04,-4.42E-04,-3.78E-05,-3.67E-04,-1.16E-04,-2.69E-04,-2.00E-04,-1.22E-04,-9.59E-05
598,-4.89E-04,-4.03E-04,-4.20E-04,-4.07E-04,-4.61E-04,-3.83E-04,-2.87E-04,-4.28E-04,-2.76E-04,-1.74E-04,-5.80E-04,-3.93E-04,-4.59E-04,-4.81E-05,-3.83E-04,-1.29E-04,-2.87E-04,-2.15E-04,-1.31E-04,-1.10E-04
599,-5.08E-04,-4.23E-04,-4.37E-04,-4.27E-04,-4.78E-04,-3.97E-04,-3.11E-04,-4.49E-04,-2.90E-04,-1.86E-04,-5.98E-04,-4.14E-04,-4.76E-04,-5.88E-05,-3.99E-04,-1.42E-04,-3.05E-04,-2.30E-04,-1.41E-04,-1.23E-04
600,-5.27E-04,-4.43E-04,-4.54E-04,-4.47E-04,-4.94E-04,-4.11E-04,-3.34E-04,-4.69E-04,-3.04E-04,-1.98E-04,-6.16E-04,-4.35E-04,-4.93E-04,-6.97E-05,-4.15E-04,-1.55E-04,-3.24E-04,-2.46E-04,-1.51E-04,-1.37E-04
601,-5.46E-04,-4.64E-04,-4.71E-04,-4.68E-04,-5.10E-04,-4.24E-04,-3.58E-04,-4.89E-04,-3.19E-04,-2.10E-04,-6.34E-04,-4.56E-04,-5.11E-04,-8.08E-05,-4.31E-04,-1.68E-04,-3.42E-04,-2.62E-04,-1.61E-04,-1.50E-04
602,-5.66E-04,-4.84E-04,-4.89E-04,-4.88E-04,-5.26E-04,-4.37E-04,-3.82E-04,-5.08E-04,-3.33E-04,-2.21E-04,-6.52E-04,-4.76E-04,-5.28E-04,-9.20E-05,-4.47E-04,-1.81E-04,-3.60E-04,-2.77E-04,-1.71E-04,-1.64E-04
603,-5.86E-04,-5.05E-04,-5.07E-04,-5.09E-04,-5.42E-04,-4.50E-04,-4.05E-04,-5.28E-04,-3.46E-04,-2.31E-04,-6.69E-04,-4.96E-04,-5.44E-04,-1.03E-04,-4.63E-04,-1.94E-04,-3.77E-04,-2.92E-04,-1.81E-04,-1.77E-04
604,-6.06E-04,-5.25E-04,-5.25E-04,-5.29E-04,-5.58E-04,-4.62E-04,-4.29E-04,-5.47E-04,-3.60E-04,-2.40E-04,-6.86E-04,-5.16E-04,-5.61E-04,-1.14E-04,-4.79E-04,-2.07E-04,-3.94E-04,-3.07E-04,-1.91E-04,-1.89E-04
605,-6.27E-04,-5.45E-04,-5.42E-04,-5.49E-04,-5.74E-04,-4.74E-04,-4.52E-04,-5.66E-04,-3.73E-04,-2.49E-04,-7.02E-04,-5.35E-04,-5.77E-04,-1.25E-04,-4.93E-04,-2.19E-04,-4.11E-04,-3.21E-04,-2.00E-04,-2.01E-04
606,-6.47E-04,-5.65E-04,-5.59E-04,-5.69E-04,-5.89E-04,-4.85E-04,-4.74E-04,-5.84E-04,-3.85E-04,-2.56E-04,-7.16E-04,-5.53E-04,-5.92E-04,-1.35E-04,-5.08E-04,-2.31E-04,-4.26E-04,-3.35E-04,-2.09E-04,-2.13E-04
607,-6.67E-04,-5.84E-04,-5.76E-04,-5.88E-04,-6.03E-04,-4.95E-04,-4.96E-04,-6.01E-04,-3.97E-04,-2.63E-04,-7.30E-04,-5.71E-04,-6.06E-04,-1.45E-04,-5.21E-04,-2.42E-04,-4.40E-04,-3.48E-04,-2.18E-04,-2.23E-04
608,-6.87E-04,-6.02E-04,-5.92E-04,-6.06E-04,-6.16E-04,-5.04E-04,-5.18E-04,-6.18E-04,-4.09E-04,-2.69E-04,-7.42E-04,-5.87E-04,-6.19E-04,-1.55E-04,-5.33E-04,-2.53E-04,-4.54E-04,-3.59E-04,-2.26E-04,-2.33E-04
609,-7.06E-04,-6.19E-04,-6.08E-04,-6.24E-04,-6.28E-04,-5.11E-04,-5.38E-04,-6.33E-04,-4.19E-04,-2.73E-04,-7.52E-04,-6.02E-04,-6.32E-04,-1.63E-04,-5.45E-04,-2.62E-04,-4.66E-04,-3.70E-04,-2.34E-04,-2.42E-04
610,-7.24E-04,-6.34E-04,-6.22E-04,-6.41E-04,-6.39E-04,-5.17E-04,-5.57E-04,-6.47E-04,-4.28E-04,-2.77E-04,-7.61E-04,-6.16E-04,-6.43E-04,-1.71E-04,-5.55E-04,-2.71E-04,-4.76E-04,-3.79E-04,-2.41E-04,-2.50E-04
611,-7.42E-04,-6.49E-04,-6.35E-04,-6.56E-04,-6.49E-04,-5.22E-04,-5.75E-04,-6.60E-04,-4.36E-04,-2.80E-04,-7.68E-04,-6.28E-04,-6.52E-04,-1.78E-04,-5.63E-04,-2.78E-04,-4.85E-04,-3.88E-04,-2.48E-04,-2.57E-04
612,-7.58E-04,-6.62E-04,-6.46E-04,-6.70E-04,-6.57E-04,-5.25E-04,-5.91E-04,-6.71E-04,-4.44E-04,-2.82E-04,-7.74E-04,-6.39E-04,-6.61E-04,-1.84E-04,-5.71E-04,-2.85E-04,-4.92E-04,-3.95E-04,-2.53E-04,-2.63E-04
613,-7.73E-04,-6.74E-04,-6.56E-04,-6.82E-04,-6.63E-04,-5.26E-04,-6.05E-04,-6.81E-04,-4.49E-04,-2.82E-04,-7.77E-04,-6.48E-04,-6.67E-04,-1.88E-04,-5.76E-04,-2.90E-04,-4.98E-04,-4.01E-04,-2.58E-04,-2.68E-04
614,-7.87E-04,-6.83E-04,-6.64E-04,-6.93E-04,-6.68E-04,-5.25E-04,-6.18E-04,-6.88E-04,-4.54E-04,-2.82E-04,-7.79E-04,-6.55E-04,-6.73E-04,-1.92E-04,-5.81E-04,-2.94E-04,-5.02E-04,-4.05E-04,-2.62E-04,-2.72E-04
615,-7.99E-04,-6.92E-04,-6.71E-04,-7.02E-04,-6.70E-04,-5.22E-04,-6.28E-04,-6.94E-04,-4.57E-04,-2.81E-04,-7.78E-04,-6.61E-04,-6.76E-04,-1.94E-04,-5.84E-04,-2.97E-04,-5.04E-04,-4.08E-04,-2.65E-04,-2.75E-04
616,-8.09E-04,-6.98E-04,-6.75E-04,-7.09E-04,-6.71E-04,-5.18E-04,-6.36E-04,-6.97E-04,-4.59E-04,-2.80E-04,-7.76E-04,-6.64E-04,-6.78E-04,-1.95E-04,-5.86E-04,-2.98E-04,-5.04E-04,-4.11E-04,-2.67E-04,-2.77E-04
617,-8.18E-04,-7.03E-04,-6.78E-04,-7.15E-04,-6.71E-04,-5.13E-04,-6.43E-04,-6.99E-04,-4.60E-04,-2.78E-04,-7.73E-04,-6.66E-04,-6.79E-04,-1.95E-04,-5.86E-04,-2.99E-04,-5.02E-04,-4.12E-04,-2.68E-04,-2.79E-04
618,-8.25E-04,-7.07E-04,-6.79E-04,-7.19E-04,-6.69E-04,-5.06E-04,-6.47E-04,-6.98E-04,-4.59E-04,-2.75E-04,-7.68E-04,-6.66E-04,-6.78E-04,-1.94E-04,-5.86E-04,-2.98E-04,-4.98E-04,-4.12E-04,-2.69E-04,-2.80E-04
619,-8.30E-04,-7.09E-04,-6.79E-04,-7.21E-04,-6.66E-04,-4.98E-04,-6.49E-04,-6.96E-04,-4.58E-04,-2.72E-04,-7.61E-04,-6.65E-04,-6.77E-04,-1.93E-04,-5.84E-04,-2.96E-04,-4.93E-04,-4.11E-04,-2.68E-04,-2.80E-04
620,-8.34E-04,-7.10E-04,-6.77E-04,-7.23E-04,-6.61E-04,-4.89E-04,-6.50E-04,-6.93E-04,-4.56E-04,-2.70E-04,-7.54E-04,-6.62E-04,-6.74E-04,-1.90E-04,-5.81E-04,-2.94E-04,-4.87E-04,-4.09E-04,-2.67E-04,-2.80E-04
621,-8.36E-04,-7.10E-04,-6.74E-04,-7.23E-04,-6.56E-04,-4.79E-04,-6.49E-04,-6.88E-04,-4.53E-04,-2.67E-04,-7.45E-04,-6.57E-04,-6.70E-04,-1.87E-04,-5.78E-04,-2.90E-04,-4.79E-04,-4.07E-04,-2.66E-04,-2.80E-04
622,-8.37E-04,-7.09E-04,-6.69E-04,-7.22E-04,-6.50E-04,-4.70E-04,-6.46E-04,-6.81E-04,-4.50E-04,-2.64E-04,-7.36E-04,-6.51E-04,-6.66E-04,-1.83E-04,-5.74E-04,-2.86E-04,-4.70E-04,-4.04E-04,-2.64E-04,-2.80E-04
623,-8.37E-04,-7.07E-04,-6.64E-04,-7.20E-04,-6.43E-04,-4.60E-04,-6.43E-04,-6.74E-04,-4.47E-04,-2.62E-04,-7.26E-04,-6.45E-04,-6.60E-04,-1.78E-04,-5.69E-04,-2.81E-04,-4.59E-04,-4.01E-04,-2.61E-04,-2.80E-04
624,-8.36E-04,-7.04E-04,-6.58E-04,-7.18E-04,-6.36E-04,-4.50E-04,-6.38E-04,-6.66E-04,-4.43E-04,-2.60E-04,-7.16E-04,-6.37E-04,-6.55E-04,-1.74E-04,-5.63E-04,-2.75E-04,-4.48E-04,-3.97E-04,-2.58E-04,-2.80E-04
625,-8.34E-04,-7.01E-04,-6.50E-04,-7.15E-04,-6.29E-04,-4.41E-04,-6.33E-04,-6.58E-04,-4.40E-04,-2.59E-04,-7.05E-04,-6.28E-04,-6.49E-04,-1.68E-04,-5.57E-04,-2.69E-04,-4.36E-04,-3.93E-04,-2.55E-04,-2.79E-04
626,-8.31E-04,-6.98E-04,-6.42E-04,-7.12E-04,-6.21E-04,-4.32E-04,-6.27E-04,-6.49E-04,-4.36E-04,-2.57E-04,-6.93E-04,-6.19E-04,-6.42E-04,-1.62E-04,-5.51E-04,-2.62E-04,-4.22E-04,-3.88E-04,-2.52E-04,-2.79E-04
627,-8.27E-04,-6.94E-04,-6.34E-04,-7.09E-04,-6.13E-04,-4.22E-04,-6.21E-04,-6.40E-04,-4.32E-04,-2.56E-04,-6.81E-04,-6.08E-04,-6.34E-04,-1.56E-04,-5.43E-04,-2.55E-04,-4.08E-04,-3.82E-04,-2.48E-04,-2.79E-04
628,-8.23E-04,-6.89E-04,-6.24E-04,-7.05E-04,-6.05E-04,-4.13E-04,-6.14E-04,-6.30E-04,-4.28E-04,-2.55E-04,-6.67E-04,-5.97E-04,-6.26E-04,-1.49E-04,-5.35E-04,-2.47E-04,-3.93E-04,-3.76E-04,-2.44E-04,-2.79E-04
629,-8.17E-04,-6.83E-04,-6.14E-04,-7.00E-04,-5.96E-04,-4.04E-04,-6.06E-04,-6.19E-04,-4.23E-04,-2.53E-04,-6.53E-04,-5.85E-04,-6.17E-04,-1.41E-04,-5.27E-04,-2.38E-04,-3.77E-04,-3.69E-04,-2.39E-04,-2.79E-04
630,-8.10E-04,-6.77E-04,-6.03E-04,-6.94E-04,-5.85E-04,-3.94E-04,-5.96E-04,-6.07E-04,-4.18E-04,-2.52E-04,-6.37E-04,-5.72E-04,-6.07E-04,-1.33E-04,-5.17E-04,-2.28E-04,-3.60E-04,-3.60E-04,-2.34E-04,-2.78E-04
631,-8.01E-04,-6.69E-04,-5.90E-04,-6.87E-04,-5.74E-04,-3.83E-04,-5.86E-04,-5.95E-04,-4.12E-04,-2.49E-04,-6.19E-04,-5.58E-04,-5.96E-04,-1.23E-04,-5.05E-04,-2.17E-04,-3.41E-04,-3.50E-04,-2.28E-04,-2.77E-04
632,-7.91E-04,-6.60E-04,-5.75E-04,-6.78E-04,-5.60E-04,-3.70E-04,-5.74E-04,-5.80E-04,-4.05E-04,-2.46E-04,-5.99E-04,-5.43E-04,-5.82E-04,-1.11E-04,-4.93E-04,-2.06E-04,-3.21E-04,-3.38E-04,-2.22E-04,-2.75E-04
633,-7.78E-04,-6.49E-04,-5.59E-04,-6.67E-04,-5.45E-04,-3.56E-04,-5.59E-04,-5.64E-04,-3.97E-04,-2.42E-04,-5.76E-04,-5.26E-04,-5.67E-04,-9.86E-05,-4.78E-04,-1.93E-04,-2.99E-04,-3.25E-04,-2.15E-04,-2.73E-04
634,-7.64E-04,-6.35E-04,-5.40E-04,-6.54E-04,-5.26E-04,-3.39E-04,-5.43E-04,-5.46E-04,-3.87E-04,-2.37E-04,-5.50E-04,-5.07E-04,-5.50E-04,-8.39E-05,-4.62E-04,-1.78E-04,-2.75E-04,-3.09E-04,-2.06E-04,-2.69E-04
635,-7.46E-04,-6.20E-04,-5.19E-04,-6.37E-04,-5.05E-04,-3.20E-04,-5.24E-04,-5.25E-04,-3.76E-04,-2.30E-04,-5.21E-04,-4.85E-04,-5.29E-04,-6.72E-05,-4.44E-04,-1.62E-04,-2.49E-04,-2.91E-04,-1.97E-04,-2.65E-04
636,-7.25E-04,-6.01E-04,-4.95E-04,-6.17E-04,-4.80E-04,-2.98E-04,-5.01E-04,-5.01E-04,-3.62E-04,-2.22E-04,-4.88E-04,-4.62E-04,-5.06E-04,-4.84E-05,-4.23E-04,-1.44E-04,-2.21E-04,-2.71E-04,-1.86E-04,-2.59E-04
637,-7.01E-04,-5.79E-04,-4.67E-04,-5.94E-04,-4.52E-04,-2.72E-04,-4.76E-04,-4.74E-04,-3.47E-04,-2.11E-04,-4.52E-04,-4.36E-04,-4.81E-04,-2.75E-05,-4.00E-04,-1.25E-04,-1.90E-04,-2.48E-04,-1.74E-04,-2.52E-04
638,-6.74E-04,-5.54E-04,-4.37E-04,-5.66E-04,-4.20E-04,-2.44E-04,-4.47E-04,-4.44E-04,-3.29E-04,-2.00E-04,-4.11E-04,-4.07E-04,-4.52E-04,-4.42E-06,-3.75E-04,-1.04E-04,-1.56E-04,-2.22E-04,-1.60E-04,-2.43E-04
639,-6.43E-04,-5.26E-04,-4.03E-04,-5.35E-04,-3.84E-04,-2.12E-04,-4.15E-04,-4.10E-04,-3.09E-04,-1.86E-04,-3.68E-04,-3.76E-04,-4.20E-04,2.07E-05,-3.48E-04,-8.14E-05,-1.20E-04,-1.94E-04,-1.45E-04,-2.33E-04
640,-6.08E-04,-4.94E-04,-3.65E-04,-5.01E-04,-3.45E-04,-1.77E-04,-3.79E-04,-3.73E-04,-2.87E-04,-1.72E-04,-3.21E-04,-3.42E-04,-3.85E-04,4.77E-05,-3.19E-04,-5.74E-05,-8.06E-05,-1.63E-04,-1.28E-04,-2.22E-04
641,-5.70E-04,-4.59E-04,-3.25E-04,-4.63E-04,-3.02E-04,-1.40E-04,-3.40E-04,-3.33E-04,-2.63E-04,-1.56E-04,-2.70E-04,-3.06E-04,-3.48E-04,7.63E-05,-2.88E-04,-3.21E-05,-3.91E-05,-1.30E-04,-1.10E-04,-2.10E-04
642,-5.28E-04,-4.22E-04,-2.81E-04,-4.21E-04,-2.56E-04,-1.00E-04,-2.99E-04,-2.91E-04,-2.38E-04,-1.39E-04,-2.17E-04,-2.67E-04,-3.08E-04,1.06E-04,-2.56E-04,-5.90E-06,4.67E-06,-9.56E-05,-9.06E-05,-1.97E-04
643,-4.84E-04,-3.81E-04,-2.35E-04,-3.77E-04,-2.07E-04,-5.85E-05,-2.55E-04,-2.46E-04,-2.11E-04,-1.22E-04,-1.62E-04,-2.26E-04,-2.67E-04,1.37E-04,-2.22E-04,2.10E-05,5.04E-05,-5.91E-05,-7.04E-05,-1.83E-04
644,-4.37E-04,-3.39E-04,-1.86E-04,-3.31E-04,-1.57E-04,-1.56E-05,-2.09E-04,-1.99E-04,-1.83E-04,-1.04E-04,-1.05E-04,-1.84E-04,-2.24E-04,1.69E-04,-1.88E-04,4.82E-05,9.78E-05,-2.13E-05,-4.95E-05,-1.69E-04
645,-3.87E-04,-2.94E-04,-1.36E-04,-2.83E-04,-1.05E-04,2.78E-05,-1.62E-04,-1.52E-04,-1.55E-04,-8.68E-05,-4.76E-05,-1.40E-04,-1.80E-04,2.01E-04,-1.53E-04,7.55E-05,1.46E-04,1.74E-05,-2.83E-05,-1.55E-04
646,-3.36E-04,-2.49E-04,-8.44E-05,-2.35E-04,-5.23E-05,7.11E-05,-1.15E-04,-1.03E-04,-1.26E-04,-6.99E-05,1.07E-05,-9.55E-05,-1.35E-04,2.32E-04,-1.18E-04,1.02E-04,1.96E-04,5.65E-05,-6.93E-06,-1.41E-04
647,-2.84E-04,-2.02E-04,-3.22E-05,-1.86E-04,1.17E-07,1.14E-04,-6.68E-05,-5.52E-05,-9.82E-05,-5.37E-05,6.89E-05,-5.03E-05,-9.06E-05,2.63E-04,-8.40E-05,1.28E-04,2.45E-04,9.57E-05,1.42E-05,-1.27E-04
648,-2.32E-04,-1.56E-04,2.01E-05,-1.37E-04,5.19E-05,1.55E-04,-1.95E-05,-7.62E-06,-7.06E-05,-3.87E-05,1.26E-04,-5.11E-06,-4.64E-05,2.93E-04,-5.03E-05,1.53E-04,2.95E-04,1.35E-04,3.49E-05,-1.14E-04
649,-1.80E-04,-1.10E-04,7.19E-05,-8.94E-05,1.02E-04,1.94E-04,2.67E-05,3.88E-05,-4.41E-05,-2.49E-05,1.83E-04,3.97E-05,-3.02E-06,3.21E-04,-1.77E-05,1.77E-04,3.43E-04,1.73E-04,5.47E-05,-1.03E-04
650,-1.27E-04,-6.42E-05,1.23E-04,-4.32E-05,1.51E-04,2.31E-04,7.14E-05,8.35E-05,-1.87E-05,-1.26E-05,2.38E-04,8.37E-05,3.92E-05,3.49E-04,1.35E-05,1.99E-04,3.90E-04,2.10E-04,7.36E-05,-9.24E-05
651,-7.62E-05,-1.97E-05,1.73E-04,1.35E-06,1.97E-04,2.65E-04,1.14E-04,1.26E-04,5.37E-06,-1.74E-06,2.91E-04,1.27E-04,8.01E-05,3.74E-04,4.33E-05,2.19E-04,4.36E-04,2.46E-04,9.14E-05,-8.34E-05
652,-2.59E-05,2.35E-05,2.21E-04,4.39E-05,2.41E-04,2.96E-04,1.55E-04,1.67E-04,2.80E-05,7.60E-06,3.42E-04,1.68E-04,1.19E-04,3.98E-04,7.14E-05,2.38E-04,4.80E-04,2.80E-04,1.08E-04,-7.59E-05
653,2.31E-05,6.52E-05,2.68E-04,8.46E-05,2.83E-04,3.25E-04,1.94E-04,2.06E-04,4.92E-05,1.56E-05,3.91E-04,2.08E-04,1.57E-04,4.20E-04,9.80E-05,2.55E-04,5.23E-04,3.14E-04,1.23E-04,-6.97E-05
654,7.10E-05,1.05E-04,3.12E-04,1.23E-04,3.22E-04,3.51E-04,2.31E-04,2.42E-04,6.91E-05,2.23E-05,4.38E-04,2.47E-04,1.93E-04,4.40E-04,1.23E-04,2.70E-04,5.62E-04,3.45E-04,1.37E-04,-6.49E-05
655,1.18E-04,1.44E-04,3.55E-04,1.60E-04,3.58E-04,3.75E-04,2.65E-04,2.76E-04,8.79E-05,2.82E-05,4.84E-04,2.84E-04,2.28E-04,4.59E-04,1.47E-04,2.84E-04,6.00E-04,3.75E-04,1.50E-04,-6.14E-05
656,1.63E-04,1.82E-04,3.97E-04,1.96E-04,3.93E-04,3.97E-04,2.99E-04,3.09E-04,1.06E-04,3.33E-05,5.28E-04,3.20E-04,2.61E-04,4.77E-04,1.69E-04,2.96E-04,6.36E-04,4.05E-04,1.62E-04,-5.89E-05
657,2.08E-04,2.18E-04,4.37E-04,2.31E-04,4.26E-04,4.18E-04,3.30E-04,3.40E-04,1.23E-04,3.81E-05,5.70E-04,3.54E-04,2.94E-04,4.93E-04,1.91E-04,3.08E-04,6.69E-04,4.32E-04,1.74E-04,-5.72E-05
658,2.53E-04,2.54E-04,4.76E-04,2.65E-04,4.57E-04,4.38E-04,3.61E-04,3.71E-04,1.39E-04,4.28E-05,6.12E-04,3.88E-04,3.25E-04,5.09E-04,2.11E-04,3.18E-04,7.01E-04,4.59E-04,1.85E-04,-5.61E-05
659,2.97E-04,2.89E-04,5.14E-04,2.98E-04,4.88E-04,4.58E-04,3.92E-04,4.01E-04,1.56E-04,4.77E-05,6.53E-04,4.20E-04,3.57E-04,5.24E-04,2.31E-04,3.28E-04,7.31E-04,4.85E-04,1.95E-04,-5.55E-05
660,3.41E-04,3.24E-04,5.51E-04,3.33E-04,5.19E-04,4.78E-04,4.22E-04,4.30E-04,1.73E-04,5.31E-05,6.93E-04,4.52E-04,3.87E-04,5.39E-04,2.51E-04,3.37E-04,7.59E-04,5.11E-04,2.06E-04,-5.50E-05
661,3.86E-04,3.59E-04,5.88E-04,3.67E-04,5.49E-04,4.98E-04,4.51E-04,4.60E-04,1.89E-04,5.92E-05,7.33E-04,4.83E-04,4.18E-04,5.53E-04,2.71E-04,3.46E-04,7.86E-04,5.36E-04,2.16E-04,-5.44E-05
662,4.32E-04,3.94E-04,6.24E-04,4.03E-04,5.80E-04,5.19E-04,4.82E-04,4.90E-04,2.07E-04,6.60E-05,7.73E-04,5.14E-04,4.49E-04,5.67E-04,2.90E-04,3.55E-04,8.12E-04,5.60E-04,2.27E-04,-5.37E-05
663,4.77E-04,4.30E-04,6.60E-04,4.39E-04,6.11E-04,5.42E-04,5.12E-04,5.21E-04,2.24E-04,7.37E-05,8.12E-04,5.45E-04,4.80E-04,5.81E-04,3.10E-04,3.64E-04,8.37E-04,5.84E-04,2.38E-04,-5.28E-05
664,5.24E-04,4.66E-04,6.96E-04,4.76E-04,6.43E-04,5.65E-04,5.42E-04,5.52E-04,2.42E-04,8.22E-05,8.51E-04,5.75E-04,5.10E-04,5.95E-04,3.29E-04,3.73E-04,8.61E-04,6.07E-04,2.50E-04,-5.14E-05
665,5.71E-04,5.01E-04,7.32E-04,5.14E-04,6.74E-04,5.89E-04,5.73E-04,5.83E-04,2.60E-04,9.13E-05,8.90E-04,6.04E-04,5.41E-04,6.09E-04,3.48E-04,3.82E-04,8.83E-04,6.30E-04,2.62E-04,-4.98E-05
666,6.18E-04,5.37E-04,7.66E-04,5.52E-04,7.05E-04,6.14E-04,6.03E-04,6.14E-04,2.79E-04,1.01E-04,9.27E-04,6.33E-04,5.71E-04,6.22E-04,3.67E-04,3.91E-04,9.05E-04,6.52E-04,2.74E-04,-4.79E-05
667,6.64E-04,5.72E-04,8.00E-04,5.89E-04,7.36E-04,6.38E-04,6.33E-04,6.46E-04,2.97E-04,1.11E-04,9.63E-04,6.62E-04,6.01E-04,6.34E-04,3.86E-04,3.99E-04,9.25E-04,6.72E-04,2.86E-04,-4.59E-05
668,7.11E-04,6.07E-04,8.32E-04,6.27E-04,7.66E-04,6.63E-04,6.62E-04,6.76E-04,3.15E-04,1.21E-04,9.97E-04,6.89E-04,6.30E-04,6.45E-04,4.03E-04,4.06E-04,9.44E-04,6.91E-04,2.98E-04,-4.39E-05
669,7.55E-04,6.40E-04,8.62E-04,6.62E-04,7.95E-04,6.86E-04,6.89E-04,7.05E-04,3.32E-04,1.31E-04,1.03E-03,7.14E-04,6.57E-04,6.56E-04,4.19E-04,4.13E-04,9.61E-04,7.09E-04,3.10E-04,-4.20E-05
670,7.98E-04,6.71E-04,8.90E-04,6.96E-04,8.21E-04,7.09E-04,7.13E-04,7.33E-04,3.49E-04,1.40E-04,1.06E-03,7.37E-04,6.83E-04,6.64E-04,4.35E-04,4.18E-04,9.76E-04,7.25E-04,3.21E-04,-4.05E-05
671,8.39E-04,7.00E-04,9.15E-04,7.28E-04,8.45E-04,7.29E-04,7.36E-04,7.58E-04,3.64E-04,1.48E-04,1.08E-03,7.59E-04,7.06E-04,6.72E-04,4.48E-04,4.22E-04,9.89E-04,7.38E-04,3.31E-04,-3.96E-05
672,8.77E-04,7.26E-04,9.37E-04,7.57E-04,8.66E-04,7.47E-04,7.55E-04,7.81E-04,3.78E-04,1.55E-04,1.11E-03,7.77E-04,7.28E-04,6.77E-04,4.60E-04,4.25E-04,9.99E-04,7.49E-04,3.41E-04,-3.92E-05
673,9.11E-04,7.50E-04,9.56E-04,7.82E-04,8.84E-04,7.62E-04,7.71E-04,8.01E-04,3.91E-04,1.61E-04,1.13E-03,7.93E-04,7.47E-04,6.80E-04,4.69E-04,4.26E-04,1.01E-03,7.58E-04,3.49E-04,-3.97E-05
674,9.42E-04,7.70E-04,9.71E-04,8.04E-04,8.97E-04,7.75E-04,7.83E-04,8.18E-04,4.01E-04,1.66E-04,1.14E-03,8.06E-04,7.63E-04,6.82E-04,4.77E-04,4.25E-04,1.01E-03,7.64E-04,3.55E-04,-4.09E-05
675,9.69E-04,7.86E-04,9.82E-04,8.22E-04,9.08E-04,7.84E-04,7.91E-04,8.31E-04,4.10E-04,1.69E-04,1.15E-03,8.15E-04,7.76E-04,6.82E-04,4.83E-04,4.23E-04,1.01E-03,7.67E-04,3.61E-04,-4.30E-05
676,9.92E-04,7.99E-04,9.89E-04,8.37E-04,9.14E-04,7.90E-04,7.96E-04,8.42E-04,4.18E-04,1.72E-04,1.16E-03,8.21E-04,7.87E-04,6.79E-04,4.86E-04,4.19E-04,1.01E-03,7.69E-04,3.65E-04,-4.58E-05
677,1.01E-03,8.09E-04,9.94E-04,8.48E-04,9.18E-04,7.93E-04,7.97E-04,8.49E-04,4.23E-04,1.73E-04,1.17E-03,8.24E-04,7.95E-04,6.75E-04,4.88E-04,4.14E-04,1.01E-03,7.68E-04,3.67E-04,-4.94E-05
678,1.03E-03,8.15E-04,9.95E-04,8.56E-04,9.18E-04,7.94E-04,7.95E-04,8.53E-04,4.28E-04,1.73E-04,1.17E-03,8.24E-04,8.00E-04,6.70E-04,4.88E-04,4.08E-04,1.00E-03,7.65E-04,3.69E-04,-5.34E-05
679,1.04E-03,8.19E-04,9.93E-04,8.61E-04,9.16E-04,7.93E-04,7.90E-04,8.56E-04,4.32E-04,1.73E-04,1.17E-03,8.21E-04,8.04E-04,6.63E-04,4.87E-04,4.01E-04,9.91E-04,7.61E-04,3.69E-04,-5.77E-05
680,1.05E-03,8.20E-04,9.89E-04,8.64E-04,9.11E-04,7.90E-04,7.82E-04,8.56E-04,4.34E-04,1.72E-04,1.17E-03,8.16E-04,8.05E-04,6.56E-04,4.85E-04,3.93E-04,9.79E-04,7.55E-04,3.69E-04,-6.21E-05
681,1.05E-03,8.18E-04,9.83E-04,8.65E-04,9.06E-04,7.85E-04,7.73E-04,8.54E-04,4.36E-04,1.71E-04,1.16E-03,8.08E-04,8.05E-04,6.48E-04,4.82E-04,3.85E-04,9.65E-04,7.49E-04,3.69E-04,-6.65E-05
682,1.05E-03,8.15E-04,9.76E-04,8.65E-04,9.00E-04,7.80E-04,7.62E-04,8.52E-04,4.38E-04,1.71E-04,1.15E-03,7.99E-04,8.04E-04,6.39E-04,4.79E-04,3.76E-04,9.50E-04,7.42E-04,3.68E-04,-7.04E-05
683,1.06E-03,8.11E-04,9.68E-04,8.65E-04,8.93E-04,7.75E-04,7.49E-04,8.49E-04,4.40E-04,1.71E-04,1.15E-03,7.89E-04,8.03E-04,6.30E-04,4.75E-04,3.68E-04,9.33E-04,7.34E-04,3.67E-04,-7.39E-05
684,1.06E-03,8.06E-04,9.60E-04,8.65E-04,8.87E-04,7.70E-04,7.37E-04,8.45E-04,4.42E-04,1.71E-04,1.14E-03,7.78E-04,8.01E-04,6.21E-04,4.72E-04,3.60E-04,9.15E-04,7.27E-04,3.67E-04,-7.67E-05
685,1.06E-03,8.00E-04,9.52E-04,8.65E-04,8.82E-04,7.65E-04,7.24E-04,8.42E-04,4.45E-04,1.73E-04,1.13E-03,7.66E-04,7.98E-04,6.12E-04,4.68E-04,3.52E-04,8.97E-04,7.20E-04,3.67E-04,-7.87E-05
686,1.05E-03,7.93E-04,9.44E-04,8.65E-04,8.77E-04,7.60E-04,7.11E-04,8.39E-04,4.48E-04,1.75E-04,1.12E-03,7.54E-04,7.96E-04,6.03E-04,4.65E-04,3.45E-04,8.79E-04,7.14E-04,3.67E-04,-8.00E-05
687,1.05E-03,7.87E-04,9.36E-04,8.66E-04,8.74E-04,7.56E-04,6.98E-04,8.37E-04,4.51E-04,1.79E-04,1.11E-03,7.42E-04,7.94E-04,5.94E-04,4.62E-04,3.38E-04,8.60E-04,7.08E-04,3.67E-04,-8.04E-05
688,1.05E-03,7.80E-04,9.29E-04,8.68E-04,8.71E-04,7.51E-04,6.84E-04,8.35E-04,4.55E-04,1.83E-04,1.11E-03,7.30E-04,7.91E-04,5.85E-04,4.59E-04,3.31E-04,8.42E-04,7.03E-04,3.68E-04,-8.01E-05
689,1.05E-03,7.72E-04,9.22E-04,8.70E-04,8.68E-04,7.47E-04,6.71E-04,8.33E-04,4.59E-04,1.88E-04,1.10E-03,7.19E-04,7.89E-04,5.76E-04,4.56E-04,3.23E-04,8.23E-04,6.97E-04,3.69E-04,-7.93E-05
690,1.04E-03,7.65E-04,9.15E-04,8.71E-04,8.66E-04,7.41E-04,6.58E-04,8.31E-04,4.63E-04,1.93E-04,1.09E-03,7.07E-04,7.86E-04,5.66E-04,4.52E-04,3.16E-04,8.05E-04,6.92E-04,3.69E-04,-7.82E-05
691,1.04E-03,7.56E-04,9.08E-04,8.72E-04,8.64E-04,7.35E-04,6.44E-04,8.28E-04,4.67E-04,1.98E-04,1.08E-03,6.96E-04,7.83E-04,5.55E-04,4.48E-04,3.07E-04,7.87E-04,6.86E-04,3.70E-04,-7.69E-05
692,1.03E-03,7.46E-04,9.00E-04,8.72E-04,8.60E-04,7.27E-04,6.29E-04,8.25E-04,4.70E-04,2.03E-04,1.07E-03,6.85E-04,7.80E-04,5.43E-04,4.43E-04,2.98E-04,7.70E-04,6.80E-04,3.70E-04,-7.57E-05
693,1.02E-03,7.34E-04,8.91E-04,8.71E-04,8.56E-04,7.16E-04,6.13E-04,8.21E-04,4.72E-04,2.07E-04,1.05E-03,6.73E-04,7.75E-04,5.30E-04,4.36E-04,2.88E-04,7.52E-04,6.73E-04,3.69E-04,-7.49E-05
694,1.02E-03,7.21E-04,8.80E-04,8.67E-04,8.49E-04,7.02E-04,5.95E-04,8.15E-04,4.74E-04,2.10E-04,1.04E-03,6.61E-04,7.69E-04,5.15E-04,4.28E-04,2.76E-04,7.34E-04,6.65E-04,3.67E-04,-7.47E-05
695,1.00E-03,7.06E-04,8.68E-04,8.61E-04,8.40E-04,6.86E-04,5.76E-04,8.07E-04,4.74E-04,2.12E-04,1.02E-03,6.49E-04,7.61E-04,4.98E-04,4.19E-04,2.62E-04,7.16E-04,6.56E-04,3.63E-04,-7.53E-05
696,9.91E-04,6.89E-04,8.54E-04,8.53E-04,8.28E-04,6.66E-04,5.55E-04,7.98E-04,4.73E-04,2.12E-04,1.01E-03,6.36E-04,7.52E-04,4.80E-04,4.07E-04,2.47E-04,6.97E-04,6.45E-04,3.58E-04,-7.69E-05
697,9.75E-04,6.69E-04,8.38E-04,8.41E-04,8.13E-04,6.42E-04,5.32E-04,7.86E-04,4.70E-04,2.11E-04,9.85E-04,6.22E-04,7.41E-04,4.60E-04,3.93E-04,2.30E-04,6.78E-04,6.33E-04,3.52E-04,-7.94E-05
698,9.56E-04,6.47E-04,8.20E-04,8.26E-04,7.95E-04,6.14E-04,5.07E-04,7.72E-04,4.66E-04,2.08E-04,9.62E-04,6.07E-04,7.28E-04,4.37E-04,3.77E-04,2.11E-04,6.58E-04,6.18E-04,3.44E-04,-8.31E-05
699,9.35E-04,6.23E-04,8.00E-04,8.09E-04,7.73E-04,5.83E-04,4.81E-04,7.56E-04,4.59E-04,2.03E-04,9.37E-04,5.92E-04,7.13E-04,4.13E-04,3.59E-04,1.90E-04,6.38E-04,6.03E-04,3.34E-04,-8.77E-05
700,9.13E-04,5.98E-04,7.78E-04,7.89E-04,7.49E-04,5.49E-04,4.53E-04,7.38E-04,4.52E-04,1.96E-04,9.09E-04,5.75E-04,6.96E-04,3.87E-04,3.39E-04,1.68E-04,6.16E-04,5.85E-04,3.23E-04,-9.32E-05
701,8.88E-04,5.70E-04,7.54E-04,7.66E-04,7.22E-04,5.13E-04,4.24E-04,7.19E-04,4.43E-04,1.88E-04,8.79E-04,5.58E-04,6.77E-04,3.60E-04,3.17E-04,1.45E-04,5.95E-04,5.66E-04,3.10E-04,-9.95E-05
702,8.63E-04,5.42E-04,7.29E-04,7.42E-04,6.93E-04,4.74E-04,3.95E-04,6.98E-04,4.33E-04,1.79E-04,8.48E-04,5.40E-04,6.57E-04,3.31E-04,2.94E-04,1.22E-04,5.73E-04,5.46E-04,2.97E-04,-1.06E-04
703,8.36E-04,5.13E-04,7.04E-04,7.16E-04,6.63E-04,4.35E-04,3.66E-04,6.76E-04,4.21E-04,1.69E-04,8.16E-04,5.22E-04,6.36E-04,3.02E-04,2.71E-04,9.76E-05,5.50E-04,5.25E-04,2.83E-04,-1.13E-04
704,8.10E-04,4.84E-04,6.79E-04,6.90E-04,6.32E-04,3.95E-04,3.37E-04,6.54E-04,4.10E-04,1.58E-04,7.82E-04,5.04E-04,6.14E-04,2.72E-04,2.46E-04,7.37E-05,5.28E-04,5.04E-04,2.68E-04,-1.20E-04
705,7.83E-04,4.56E-04,6.54E-04,6.64E-04,6.00E-04,3.56E-04,3.09E-04,6.33E-04,3.97E-04,1.46E-04,7.48E-04,4.86E-04,5.92E-04,2.42E-04,2.21E-04,5.04E-05,5.06E-04,4.83E-04,2.54E-04,-1.27E-04
706,7.57E-04,4.29E-04,6.29E-04,6.39E-04,5.69E-04,3.17E-04,2.83E-04,6.12E-04,3.85E-04,1.35E-04,7.14E-04,4.69E-04,5.69E-04,2.12E-04,1.97E-04,2.80E-05,4.84E-04,4.62E-04,2.40E-04,-1.33E-04
707,7.33E-04,4.02E-04,6.06E-04,6.14E-04,5.39E-04,2.81E-04,2.59E-04,5.91E-04,3.73E-04,1.25E-04,6.81E-04,4.52E-04,5.47E-04,1.83E-04,1.73E-04,6.76E-06,4.63E-04,4.41E-04,2.26E-04,-1.38E-04
708,7.10E-04,3.78E-04,5.85E-04,5.92E-04,5.10E-04,2.46E-04,2.36E-04,5.72E-04,3.61E-04,1.15E-04,6.48E-04,4.36E-04,5.25E-04,1.55E-04,1.50E-04,-1.31E-05,4.43E-04,4.21E-04,2.13E-04,-1.42E-04
709,6.89E-04,3.55E-04,5.65E-04,5.70E-04,4.83E-04,2.14E-04,2.16E-04,5.54E-04,3.50E-04,1.06E-04,6.15E-04,4.22E-04,5.04E-04,1.27E-04,1.28E-04,-3.13E-05,4.24E-04,4.02E-04,2.00E-04,-1.45E-04
710,6.69E-04,3.35E-04,5.47E-04,5.51E-04,4.58E-04,1.85E-04,1.98E-04,5.38E-04,3.39E-04,9.85E-05,5.84E-04,4.09E-04,4.84E-04,1.01E-04,1.07E-04,-4.79E-05,4.06E-04,3.84E-04,1.89E-04,-1.46E-04
711,6.52E-04,3.16E-04,5.31E-04,5.34E-04,4.34E-04,1.59E-04,1.82E-04,5.23E-04,3.29E-04,9.22E-05,5.54E-04,3.97E-04,4.65E-04,7.61E-05,8.74E-05,-6.29E-05,3.89E-04,3.66E-04,1.79E-04,-1.47E-04
712,6.36E-04,2.99E-04,5.16E-04,5.19E-04,4.13E-04,1.36E-04,1.68E-04,5.09E-04,3.19E-04,8.72E-05,5.25E-04,3.86E-04,4.46E-04,5.22E-05,6.91E-05,-7.64E-05,3.73E-04,3.50E-04,1.69E-04,-1.46E-04
713,6.22E-04,2.84E-04,5.03E-04,5.05E-04,3.92E-04,1.15E-04,1.56E-04,4.96E-04,3.11E-04,8.34E-05,4.97E-04,3.77E-04,4.29E-04,2.95E-05,5.19E-05,-8.85E-05,3.58E-04,3.35E-04,1.60E-04,-1.44E-04
714,6.10E-04,2.70E-04,4.92E-04,4.92E-04,3.73E-04,9.56E-05,1.45E-04,4.84E-04,3.02E-04,8.09E-05,4.70E-04,3.69E-04,4.12E-04,7.89E-06,3.59E-05,-9.95E-05,3.45E-04,3.20E-04,1.51E-04,-1.41E-04
715,5.98E-04,2.57E-04,4.81E-04,4.80E-04,3.55E-04,7.83E-05,1.35E-04,4.72E-04,2.94E-04,7.93E-05,4.44E-04,3.61E-04,3.95E-04,-1.28E-05,2.09E-05,-1.10E-04,3.32E-04,3.06E-04,1.43E-04,-1.38E-04
716,5.86E-04,2.44E-04,4.70E-04,4.68E-04,3.37E-04,6.21E-05,1.26E-04,4.60E-04,2.85E-04,7.84E-05,4.19E-04,3.54E-04,3.79E-04,-3.26E-05,6.56E-06,-1.19E-04,3.19E-04,2.92E-04,1.35E-04,-1.34E-04
717,5.75E-04,2.32E-04,4.60E-04,4.55E-04,3.18E-04,4.66E-05,1.16E-04,4.47E-04,2.77E-04,7.81E-05,3.94E-04,3.47E-04,3.63E-04,-5.17E-05,-7.18E-06,-1.29E-04,3.07E-04,2.78E-04,1.27E-04,-1.30E-04
718,5.64E-04,2.20E-04,4.49E-04,4.43E-04,3.00E-04,3.12E-05,1.06E-04,4.34E-04,2.68E-04,7.81E-05,3.70E-04,3.40E-04,3.47E-04,-7.03E-05,-2.06E-05,-1.38E-04,2.95E-04,2.64E-04,1.18E-04,-1.26E-04
719,5.51E-04,2.07E-04,4.37E-04,4.29E-04,2.80E-04,1.54E-05,9.53E-05,4.19E-04,2.59E-04,7.80E-05,3.46E-04,3.33E-04,3.31E-04,-8.85E-05,-3.37E-05,-1.47E-04,2.83E-04,2.50E-04,1.09E-04,-1.22E-04
720,5.38E-04,1.93E-04,4.24E-04,4.13E-04,2.59E-04,-1.02E-06,8.34E-05,4.03E-04,2.49E-04,7.78E-05,3.22E-04,3.26E-04,3.14E-04,-1.06E-04,-4.69E-05,-1.57E-04,2.71E-04,2.35E-04,9.91E-05,-1.18E-04
721,5.24E-04,1.78E-04,4.10E-04,3.97E-04,2.37E-04,-1.84E-05,7.03E-05,3.86E-04,2.38E-04,7.72E-05,2.97E-04,3.18E-04,2.97E-04,-1.24E-04,-6.00E-05,-1.68E-04,2.58E-04,2.19E-04,8.87E-05,-1.15E-04
722,5.09E-04,1.63E-04,3.95E-04,3.79E-04,2.14E-04,-3.68E-05,5.61E-05,3.67E-04,2.27E-04,7.60E-05,2.73E-04,3.09E-04,2.79E-04,-1.41E-04,-7.33E-05,-1.79E-04,2.45E-04,2.02E-04,7.76E-05,-1.13E-04
723,4.92E-04,1.47E-04,3.79E-04,3.59E-04,1.89E-04,-5.62E-05,4.07E-05,3.47E-04,2.15E-04,7.43E-05,2.49E-04,2.99E-04,2.60E-04,-1.58E-04,-8.67E-05,-1.90E-04,2.31E-04,1.85E-04,6.59E-05,-1.11E-04
724,4.75E-04,1.30E-04,3.61E-04,3.38E-04,1.64E-04,-7.66E-05,2.43E-05,3.26E-04,2.02E-04,7.19E-05,2.24E-04,2.89E-04,2.40E-04,-1.75E-04,-1.00E-04,-2.02E-04,2.16E-04,1.67E-04,5.38E-05,-1.09E-04
725,4.57E-04,1.12E-04,3.43E-04,3.17E-04,1.38E-04,-9.76E-05,7.24E-06,3.04E-04,1.88E-04,6.90E-05,2.00E-04,2.77E-04,2.21E-04,-1.92E-04,-1.14E-04,-2.15E-04,2.01E-04,1.49E-04,4.14E-05,-1.08E-04
726,4.38E-04,9.42E-05,3.24E-04,2.94E-04,1.12E-04,-1.19E-04,-1.02E-05,2.82E-04,1.74E-04,6.55E-05,1.76E-04,2.66E-04,2.00E-04,-2.08E-04,-1.27E-04,-2.28E-04,1.86E-04,1.30E-04,2.90E-05,-1.08E-04
727,4.19E-04,7.66E-05,3.04E-04,2.72E-04,8.54E-05,-1.40E-04,-2.75E-05,2.59E-04,1.60E-04,6.17E-05,1.52E-04,2.53E-04,1.80E-04,-2.24E-04,-1.40E-04,-2.40E-04,1.70E-04,1.11E-04,1.67E-05,-1.07E-04
728,4.00E-04,5.94E-05,2.85E-04,2.50E-04,6.01E-05,-1.61E-04,-4.44E-05,2.37E-04,1.45E-04,5.77E-05,1.29E-04,2.41E-04,1.60E-04,-2.39E-04,-1.53E-04,-2.53E-04,1.53E-04,9.28E-05,4.88E-06,-1.07E-04
729,3.81E-04,4.30E-05,2.66E-04,2.29E-04,3.59E-05,-1.81E-04,-6.04E-05,2.15E-04,1.31E-04,5.37E-05,1.06E-04,2.28E-04,1.40E-04,-2.53E-04,-1.65E-04,-2.65E-04,1.37E-04,7.47E-05,-6.35E-06,-1.07E-04
730,3.64E-04,2.77E-05,2.47E-04,2.09E-04,1.33E-05,-2.00E-04,-7.52E-05,1.94E-04,1.17E-04,4.99E-05,8.44E-05,2.15E-04,1.21E-04,-2.66E-04,-1.76E-04,-2.77E-04,1.21E-04,5.73E-05,-1.67E-05,-1.06E-04
731,3.47E-04,1.39E-05,2.30E-04,1.91E-04,-7.30E-06,-2.16E-04,-8.83E-05,1.75E-04,1.04E-04,4.65E-05,6.38E-05,2.03E-04,1.03E-04,-2.79E-04,-1.86E-04,-2.87E-04,1.05E-04,4.08E-05,-2.61E-05,-1.04E-04
732,3.32E-04,1.66E-06,2.14E-04,1.75E-04,-2.56E-05,-2.31E-04,-9.96E-05,1.57E-04,9.17E-05,4.38E-05,4.44E-05,1.92E-04,8.51E-05,-2.90E-04,-1.95E-04,-2.97E-04,8.97E-05,2.54E-05,-3.44E-05,-1.02E-04
733,3.18E-04,-8.71E-06,1.99E-04,1.61E-04,-4.13E-05,-2.43E-04,-1.09E-04,1.41E-04,8.03E-05,4.19E-05,2.64E-05,1.81E-04,6.90E-05,-3.01E-04,-2.03E-04,-3.06E-04,7.52E-05,1.13E-05,-4.15E-05,-9.93E-05
734,3.05E-04,-1.71E-05,1.85E-04,1.49E-04,-5.43E-05,-2.53E-04,-1.16E-04,1.27E-04,7.00E-05,4.09E-05,9.76E-06,1.71E-04,5.42E-05,-3.11E-04,-2.10E-04,-3.14E-04,6.17E-05,-1.45E-06,-4.73E-05,-9.56E-05
735,2.95E-04,-2.36E-05,1.74E-04,1.40E-04,-6.45E-05,-2.60E-04,-1.20E-04,1.15E-04,6.09E-05,4.10E-05,-5.39E-06,1.62E-04,4.08E-05,-3.19E-04,-2.15E-04,-3.20E-04,4.92E-05,-1.27E-05,-5.19E-05,-9.09E-05
736,2.85E-04,-2.81E-05,1.63E-04,1.33E-04,-7.21E-05,-2.64E-04,-1.23E-04,1.05E-04,5.31E-05,4.22E-05,-1.91E-05,1.54E-04,2.89E-05,-3.26E-04,-2.19E-04,-3.25E-04,3.80E-05,-2.25E-05,-5.53E-05,-8.52E-05
737,2.78E-04,-3.07E-05,1.55E-04,1.28E-04,-7.71E-05,-2.66E-04,-1.23E-04,9.74E-05,4.65E-05,4.46E-05,-3.12E-05,1.47E-04,1.85E-05,-3.33E-04,-2.22E-04,-3.29E-04,2.80E-05,-3.07E-05,-5.76E-05,-7.85E-05
738,2.71E-04,-3.16E-05,1.47E-04,1.25E-04,-7.98E-05,-2.65E-04,-1.21E-04,9.12E-05,4.12E-05,4.82E-05,-4.19E-05,1.41E-04,9.50E-06,-3.38E-04,-2.23E-04,-3.32E-04,1.94E-05,-3.76E-05,-5.90E-05,-7.09E-05
739,2.66E-04,-3.09E-05,1.41E-04,1.24E-04,-8.03E-05,-2.62E-04,-1.17E-04,8.65E-05,3.72E-05,5.28E-05,-5.13E-05,1.37E-04,1.94E-06,-3.42E-04,-2.23E-04,-3.34E-04,1.21E-05,-4.31E-05,-5.96E-05,-6.24E-05
740,2.62E-04,-2.87E-05,1.36E-04,1.25E-04,-7.89E-05,-2.57E-04,-1.12E-04,8.32E-05,3.43E-05,5.85E-05,-5.92E-05,1.33E-04,-4.32E-06,-3.45E-04,-2.22E-04,-3.34E-04,6.15E-06,-4.74E-05,-5.94E-05,-5.31E-05
741,2.59E-04,-2.53E-05,1.32E-04,1.26E-04,-7.60E-05,-2.51E-04,-1.05E-04,8.11E-05,3.24E-05,6.50E-05,-6.60E-05,1.30E-04,-9.38E-06,-3.48E-04,-2.20E-04,-3.34E-04,1.45E-06,-5.06E-05,-5.87E-05,-4.31E-05
742,2.56E-04,-2.09E-05,1.28E-04,1.29E-04,-7.19E-05,-2.43E-04,-9.78E-05,8.00E-05,3.14E-05,7.23E-05,-7.16E-05,1.28E-04,-1.34E-05,-3.49E-04,-2.16E-04,-3.33E-04,-2.06E-06,-5.28E-05,-5.76E-05,-3.25E-05
743,2.54E-04,-1.55E-05,1.25E-04,1.32E-04,-6.68E-05,-2.34E-04,-8.94E-05,7.96E-05,3.13E-05,8.02E-05,-7.61E-05,1.26E-04,-1.64E-05,-3.50E-04,-2.12E-04,-3.31E-04,-4.50E-06,-5.42E-05,-5.61E-05,-2.14E-05
744,2.53E-04,-9.48E-06,1.23E-04,1.36E-04,-6.10E-05,-2.24E-04,-8.05E-05,7.98E-05,3.18E-05,8.85E-05,-7.98E-05,1.25E-04,-1.87E-05,-3.50E-04,-2.07E-04,-3.29E-04,-6.00E-06,-5.49E-05,-5.45E-05,-9.98E-06
745,2.52E-04,-2.85E-06,1.20E-04,1.40E-04,-5.48E-05,-2.14E-04,-7.12E-05,8.03E-05,3.29E-05,9.71E-05,-8.26E-05,1.25E-04,-2.03E-05,-3.49E-04,-2.02E-04,-3.26E-04,-6.70E-06,-5.51E-05,-5.27E-05,1.62E-06
746,2.51E-04,4.20E-06,1.18E-04,1.45E-04,-4.84E-05,-2.04E-04,-6.19E-05,8.11E-05,3.44E-05,1.06E-04,-8.48E-05,1.25E-04,-2.14E-05,-3.47E-04,-1.95E-04,-3.23E-04,-6.77E-06,-5.49E-05,-5.09E-05,1.33E-05
747,2.50E-04,1.16E-05,1.16E-04,1.48E-04,-4.21E-05,-1.94E-04,-5.26E-05,8.19E-05,3.61E-05,1.14E-04,-8.65E-05,1.25E-04,-2.20E-05,-3.45E-04,-1.89E-04,-3.19E-04,-6.37E-06,-5.44E-05,-4.91E-05,2.48E-05
748,2.49E-04,1.91E-05,1.14E-04,1.52E-04,-3.59E-05,-1.84E-04,-4.34E-05,8.26E-05,3.80E-05,1.23E-04,-8.79E-05,1.25E-04,-2.25E-05,-3.43E-04,-1.82E-04,-3.15E-04,-5.68E-06,-5.38E-05,-4.73E-05,3.62E-05
749,2.48E-04,2.67E-05,1.12E-04,1.55E-04,-3.00E-05,-1.74E-04,-3.47E-05,8.32E-05,3.99E-05,1.31E-04,-8.90E-05,1.25E-04,-2.27E-05,-3.40E-04,-1.75E-04,-3.10E-04,-4.88E-06,-5.30E-05,-4.56E-05,4.71E-05
750,2.46E-04,3.43E-05,1.09E-04,1.58E-04,-2.45E-05,-1.66E-04,-2.63E-05,8.35E-05,4.17E-05,1.38E-04,-9.01E-05,1.25E-04,-2.30E-05,-3.38E-04,-1.67E-04,-3.06E-04,-4.15E-06,-5.24E-05,-4.40E-05,5.76E-05
751,2.45E-04,4.17E-05,1.07E-04,1.60E-04,-1.96E-05,-1.57E-04,-1.86E-05,8.34E-05,4.33E-05,1.45E-04,-9.14E-05,1.24E-04,-2.34E-05,-3.35E-04,-1.60E-04,-3.02E-04,-3.65E-06,-5.19E-05,-4.26E-05,6.73E-05
752,2.43E-04,4.87E-05,1.04E-04,1.62E-04,-1.54E-05,-1.50E-04,-1.14E-05,8.29E-05,4.46E-05,1.51E-04,-9.30E-05,1.23E-04,-2.39E-05,-3.32E-04,-1.54E-04,-2.98E-04,-3.57E-06,-5.16E-05,-4.14E-05,7.63E-05
753,2.41E-04,5.53E-05,1.01E-04,1.62E-04,-1.20E-05,-1.44E-04,-5.01E-06,8.19E-05,4.54E-05,1.56E-04,-9.51E-05,1.22E-04,-2.48E-05,-3.30E-04,-1.47E-04,-2.94E-04,-4.03E-06,-5.17E-05,-4.05E-05,8.44E-05
754,2.38E-04,6.13E-05,9.74E-05,1.62E-04,-9.39E-06,-1.39E-04,5.94E-07,8.03E-05,4.58E-05,1.61E-04,-9.79E-05,1.21E-04,-2.61E-05,-3.28E-04,-1.41E-04,-2.91E-04,-5.20E-06,-5.22E-05,-3.99E-05,9.15E-05
755,2.34E-04,6.65E-05,9.33E-05,1.61E-04,-7.74E-06,-1.34E-04,5.31E-06,7.81E-05,4.56E-05,1.64E-04,-1.02E-04,1.18E-04,-2.80E-05,-3.27E-04,-1.36E-04,-2.89E-04,-7.16E-06,-5.32E-05,-3.96E-05,9.75E-05
756,2.29E-04,7.07E-05,8.87E-05,1.59E-04,-7.12E-06,-1.31E-04,9.09E-06,7.51E-05,4.48E-05,1.67E-04,-1.06E-04,1.15E-04,-3.05E-05,-3.26E-04,-1.31E-04,-2.86E-04,-1.00E-05,-5.49E-05,-3.98E-05,1.02E-04
757,2.23E-04,7.39E-05,8.34E-05,1.56E-04,-7.56E-06,-1.29E-04,1.19E-05,7.13E-05,4.33E-05,1.69E-04,-1.12E-04,1.11E-04,-3.36E-05,-3.27E-04,-1.28E-04,-2.85E-04,-1.38E-05,-5.71E-05,-4.05E-05,1.06E-04
758,2.16E-04,7.60E-05,7.73E-05,1.51E-04,-9.09E-06,-1.28E-04,1.36E-05,6.68E-05,4.11E-05,1.69E-04,-1.19E-04,1.06E-04,-3.75E-05,-3.28E-04,-1.25E-04,-2.84E-04,-1.86E-05,-6.01E-05,-4.17E-05,1.08E-04
759,2.08E-04,7.67E-05,7.04E-05,1.46E-04,-1.17E-05,-1.28E-04,1.44E-05,6.15E-05,3.83E-05,1.69E-04,-1.27E-04,1.00E-04,-4.22E-05,-3.30E-04,-1.23E-04,-2.85E-04,-2.44E-05,-6.38E-05,-4.35E-05,1.10E-04
760,1.98E-04,7.62E-05,6.26E-05,1.39E-04,-1.54E-05,-1.29E-04,1.41E-05,5.53E-05,3.48E-05,1.68E-04,-1.36E-04,9.37E-05,-4.75E-05,-3.33E-04,-1.22E-04,-2.85E-04,-3.11E-05,-6.82E-05,-4.58E-05,1.10E-04
761,1.87E-04,7.44E-05,5.40E-05,1.32E-04,-2.00E-05,-1.30E-04,1.29E-05,4.85E-05,3.07E-05,1.67E-04,-1.46E-04,8.61E-05,-5.36E-05,-3.37E-04,-1.22E-04,-2.86E-04,-3.86E-05,-7.32E-05,-4.87E-05,1.09E-04
762,1.74E-04,7.13E-05,4.45E-05,1.23E-04,-2.55E-05,-1.32E-04,1.09E-05,4.10E-05,2.61E-05,1.65E-04,-1.57E-04,7.77E-05,-6.02E-05,-3.42E-04,-1.22E-04,-2.88E-04,-4.68E-05,-7.89E-05,-5.21E-05,1.07E-04
763,1.61E-04,6.71E-05,3.44E-05,1.13E-04,-3.17E-05,-1.34E-04,8.15E-06,3.30E-05,2.11E-05,1.62E-04,-1.69E-04,6.86E-05,-6.73E-05,-3.48E-04,-1.23E-04,-2.90E-04,-5.56E-05,-8.50E-05,-5.59E-05,1.05E-04
764,1.46E-04,6.20E-05,2.36E-05,1.03E-04,-3.83E-05,-1.36E-04,4.85E-06,2.47E-05,1.60E-05,1.59E-04,-1.81E-04,5.88E-05,-7.48E-05,-3.53E-04,-1.24E-04,-2.92E-04,-6.48E-05,-9.14E-05,-6.00E-05,1.02E-04
765,1.30E-04,5.61E-05,1.25E-05,9.27E-05,-4.52E-05,-1.37E-04,1.19E-06,1.62E-05,1.07E-05,1.57E-04,-1.93E-04,4.87E-05,-8.24E-05,-3.59E-04,-1.25E-04,-2.93E-04,-7.42E-05,-9.81E-05,-6.42E-05,9.82E-05
766,1.14E-04,4.97E-05,1.10E-06,8.19E-05,-5.20E-05,-1.39E-04,-2.62E-06,7.71E-06,5.58E-06,1.54E-04,-2.06E-04,3.83E-05,-8.99E-05,-3.65E-04,-1.26E-04,-2.94E-04,-8.35E-05,-1.05E-04,-6.84E-05,9.46E-05
767,9.80E-05,4.30E-05,-1.03E-05,7.11E-05,-5.85E-05,-1.39E-04,-6.37E-06,-4.67E-07,7.64E-07,1.52E-04,-2.17E-04,2.78E-05,-9.71E-05,-3.70E-04,-1.26E-04,-2.95E-04,-9.26E-05,-1.11E-04,-7.24E-05,9.11E-05
768,8.17E-05,3.64E-05,-2.14E-05,6.07E-05,-6.45E-05,-1.39E-04,-9.85E-06,-8.16E-06,-3.56E-06,1.50E-04,-2.28E-04,1.76E-05,-1.04E-04,-3.74E-04,-1.26E-04,-2.94E-04,-1.01E-04,-1.18E-04,-7.61E-05,8.79E-05
769,6.57E-05,2.99E-05,-3.21E-05,5.10E-05,-6.97E-05,-1.37E-04,-1.29E-05,-1.52E-05,-7.21E-06,1.49E-04,-2.38E-04,7.69E-06,-1.10E-04,-3.78E-04,-1.25E-04,-2.92E-04,-1.09E-04,-1.23E-04,-7.93E-05,8.50E-05
770,5.03E-05,2.39E-05,-4.21E-05,4.20E-05,-7.39E-05,-1.34E-04,-1.53E-05,-2.13E-05,-1.00E-05,1.48E-04,-2.47E-04,-1.61E-06,-1.15E-04,-3.80E-04,-1.23E-04,-2.89E-04,-1.17E-04,-1.28E-04,-8.20E-05,8.26E-05
771,3.57E-05,1.86E-05,-5.12E-05,3.40E-05,-7.70E-05,-1.29E-04,-1.69E-05,-2.64E-05,-1.19E-05,1.48E-04,-2.55E-04,-1.02E-05,-1.19E-04,-3.81E-04,-1.20E-04,-2.85E-04,-1.23E-04,-1.32E-04,-8.39E-05,8.09E-05
772,2.22E-05,1.39E-05,-5.94E-05,2.70E-05,-7.89E-05,-1.23E-04,-1.78E-05,-3.04E-05,-1.28E-05,1.49E-04,-2.61E-04,-1.79E-05,-1.21E-04,-3.81E-04,-1.15E-04,-2.79E-04,-1.28E-04,-1.36E-04,-8.50E-05,7.99E-05
773,9.74E-06,9.99E-06,-6.65E-05,2.13E-05,-7.96E-05,-1.16E-04,-1.78E-05,-3.33E-05,-1.26E-05,1.51E-04,-2.66E-04,-2.47E-05,-1.23E-04,-3.80E-04,-1.09E-04,-2.71E-04,-1.33E-04,-1.38E-04,-8.53E-05,7.96E-05
774,-1.53E-06,6.81E-06,-7.24E-05,1.66E-05,-7.91E-05,-1.08E-04,-1.72E-05,-3.50E-05,-1.14E-05,1.54E-04,-2.69E-04,-3.04E-05,-1.23E-04,-3.77E-04,-1.01E-04,-2.63E-04,-1.36E-04,-1.40E-04,-8.49E-05,7.99E-05
775,-1.17E-05,4.27E-06,-7.74E-05,1.29E-05,-7.78E-05,-9.90E-05,-1.59E-05,-3.58E-05,-9.22E-06,1.57E-04,-2.71E-04,-3.53E-05,-1.22E-04,-3.73E-04,-9.28E-05,-2.53E-04,-1.38E-04,-1.41E-04,-8.38E-05,8.08E-05
776,-2.08E-05,2.21E-06,-8.14E-05,1.01E-05,-7.56E-05,-8.94E-05,-1.42E-05,-3.57E-05,-6.18E-06,1.60E-04,-2.71E-04,-3.93E-05,-1.20E-04,-3.68E-04,-8.32E-05,-2.42E-04,-1.40E-04,-1.41E-04,-8.21E-05,8.22E-05
777,-2.91E-05,3.95E-07,-8.46E-05,7.85E-06,-7.31E-05,-7.97E-05,-1.23E-05,-3.49E-05,-2.47E-06,1.64E-04,-2.71E-04,-4.25E-05,-1.17E-04,-3.62E-04,-7.26E-05,-2.31E-04,-1.40E-04,-1.41E-04,-8.00E-05,8.39E-05
778,-3.67E-05,-1.42E-06,-8.72E-05,5.90E-06,-7.04E-05,-7.02E-05,-1.06E-05,-3.38E-05,1.71E-06,1.68E-04,-2.71E-04,-4.52E-05,-1.13E-04,-3.56E-04,-6.13E-05,-2.19E-04,-1.41E-04,-1.40E-04,-7.77E-05,8.58E-05
779,-4.40E-05,-3.52E-06,-8.95E-05,3.91E-06,-6.80E-05,-6.13E-05,-9.23E-06,-3.25E-05,6.11E-06,1.71E-04,-2.70E-04,-4.76E-05,-1.09E-04,-3.50E-04,-4.97E-05,-2.07E-04,-1.41E-04,-1.39E-04,-7.53E-05,8.76E-05
780,-5.13E-05,-6.20E-06,-9.18E-05,1.55E-06,-6.62E-05,-5.36E-05,-8.59E-06,-3.15E-05,1.05E-05,1.74E-04,-2.69E-04,-4.98E-05,-1.05E-04,-3.43E-04,-3.80E-05,-1.96E-04,-1.41E-04,-1.39E-04,-7.31E-05,8.93E-05
781,-5.87E-05,-9.71E-06,-9.42E-05,-1.51E-06,-6.53E-05,-4.74E-05,-8.94E-06,-3.09E-05,1.45E-05,1.76E-04,-2.69E-04,-5.21E-05,-1.01E-04,-3.37E-04,-2.64E-05,-1.85E-04,-1.41E-04,-1.39E-04,-7.12E-05,9.06E-05
782,-6.67E-05,-1.43E-05,-9.71E-05,-5.57E-06,-6.57E-05,-4.29E-05,-1.06E-05,-3.11E-05,1.80E-05,1.77E-04,-2.70E-04,-5.48E-05,-9.71E-05,-3.32E-04,-1.53E-05,-1.75E-04,-1.42E-04,-1.39E-04,-6.99E-05,9.14E-05
783,-7.53E-05,-2.01E-05,-1.01E-04,-1.09E-05,-6.75E-05,-4.06E-05,-1.36E-05,-3.23E-05,2.06E-05,1.77E-04,-2.71E-04,-5.81E-05,-9.42E-05,-3.27E-04,-4.85E-06,-1.66E-04,-1.43E-04,-1.41E-04,-6.91E-05,9.15E-05
784,-8.48E-05,-2.74E-05,-1.05E-04,-1.76E-05,-7.10E-05,-4.04E-05,-1.83E-05,-3.47E-05,2.23E-05,1.76E-04,-2.74E-04,-6.21E-05,-9.22E-05,-3.24E-04,4.74E-06,-1.58E-04,-1.45E-04,-1.43E-04,-6.91E-05,9.08E-05
785,-9.52E-05,-3.60E-05,-1.10E-04,-2.58E-05,-7.62E-05,-4.26E-05,-2.45E-05,-3.84E-05,2.27E-05,1.74E-04,-2.79E-04,-6.69E-05,-9.14E-05,-3.21E-04,1.33E-05,-1.51E-04,-1.48E-04,-1.46E-04,-6.99E-05,8.94E-05
786,-1.07E-04,-4.60E-05,-1.17E-04,-3.56E-05,-8.30E-05,-4.69E-05,-3.24E-05,-4.35E-05,2.20E-05,1.70E-04,-2.84E-04,-7.27E-05,-9.18E-05,-3.19E-04,2.08E-05,-1.46E-04,-1.51E-04,-1.50E-04,-7.15E-05,8.72E-05
787,-1.19E-04,-5.72E-05,-1.24E-04,-4.67E-05,-9.14E-05,-5.33E-05,-4.18E-05,-4.99E-05,1.99E-05,1.64E-04,-2.91E-04,-7.94E-05,-9.34E-05,-3.18E-04,2.72E-05,-1.42E-04,-1.56E-04,-1.56E-04,-7.37E-05,8.42E-05
788,-1.32E-04,-6.94E-05,-1.32E-04,-5.91E-05,-1.01E-04,-6.16E-05,-5.24E-05,-5.75E-05,1.66E-05,1.58E-04,-2.99E-04,-8.70E-05,-9.63E-05,-3.19E-04,3.25E-05,-1.39E-04,-1.61E-04,-1.62E-04,-7.66E-05,8.05E-05
789,-1.46E-04,-8.24E-05,-1.41E-04,-7.25E-05,-1.12E-04,-7.12E-05,-6.40E-05,-6.62E-05,1.22E-05,1.50E-04,-3.08E-04,-9.54E-05,-1.00E-04,-3.19E-04,3.69E-05,-1.37E-04,-1.67E-04,-1.69E-04,-7.99E-05,7.63E-05
790,-1.59E-04,-9.58E-05,-1.50E-04,-8.65E-05,-1.23E-04,-8.19E-05,-7.62E-05,-7.57E-05,6.85E-06,1.42E-04,-3.18E-04,-1.04E-04,-1.05E-04,-3.20E-04,4.03E-05,-1.36E-04,-1.74E-04,-1.77E-04,-8.36E-05,7.16E-05
791,-1.73E-04,-1.09E-04,-1.60E-04,-1.01E-04,-1.35E-04,-9.31E-05,-8.87E-05,-8.56E-05,7.48E-07,1.33E-04,-3.28E-04,-1.14E-04,-1.11E-04,-3.22E-04,4.31E-05,-1.35E-04,-1.81E-04,-1.85E-04,-8.73E-05,6.67E-05
792,-1.86E-04,-1.23E-04,-1.69E-04,-1.15E-04,-1.46E-04,-1.04E-04,-1.01E-04,-9.58E-05,-5.82E-06,1.23E-04,-3.38E-04,-1.23E-04,-1.17E-04,-3.23E-04,4.54E-05,-1.35E-04,-1.88E-04,-1.92E-04,-9.10E-05,6.16E-05
793,-1.99E-04,-1.35E-04,-1.78E-04,-1.28E-04,-1.57E-04,-1.15E-04,-1.13E-04,-1.06E-04,-1.26E-05,1.14E-04,-3.47E-04,-1.32E-04,-1.23E-04,-3.24E-04,4.73E-05,-1.34E-04,-1.95E-04,-2.00E-04,-9.44E-05,5.66E-05
794,-2.10E-04,-1.47E-04,-1.87E-04,-1.40E-04,-1.67E-04,-1.25E-04,-1.24E-04,-1.15E-04,-1.92E-05,1.05E-04,-3.56E-04,-1.41E-04,-1.29E-04,-3.24E-04,4.92E-05,-1.34E-04,-2.01E-04,-2.08E-04,-9.74E-05,5.19E-05
795,-2.21E-04,-1.57E-04,-1.95E-04,-1.51E-04,-1.75E-04,-1.33E-04,-1.33E-04,-1.24E-04,-2.54E-05,9.66E-05,-3.64E-04,-1.50E-04,-1.35E-04,-3.24E-04,5.12E-05,-1.33E-04,-2.07E-04,-2.14E-04,-9.99E-05,4.76E-05
796,-2.29E-04,-1.66E-04,-2.01E-04,-1.61E-04,-1.82E-04,-1.40E-04,-1.41E-04,-1.31E-04,-3.08E-05,8.89E-05,-3.71E-04,-1.57E-04,-1.40E-04,-3.22E-04,5.34E-05,-1.32E-04,-2.13E-04,-2.20E-04,-1.02E-04,4.39E-05
797,-2.36E-04,-1.74E-04,-2.06E-04,-1.68E-04,-1.87E-04,-1.45E-04,-1.47E-04,-1.37E-04,-3.54E-05,8.22E-05,-3.76E-04,-1.63E-04,-1.44E-04,-3.20E-04,5.59E-05,-1.30E-04,-2.17E-04,-2.24E-04,-1.03E-04,4.08E-05
798,-2.41E-04,-1.79E-04,-2.10E-04,-1.73E-04,-1.90E-04,-1.48E-04,-1.52E-04,-1.42E-04,-3.88E-05,7.66E-05,-3.80E-04,-1.68E-04,-1.47E-04,-3.17E-04,5.88E-05,-1.28E-04,-2.20E-04,-2.28E-04,-1.03E-04,3.84E-05
799,-2.44E-04,-1.83E-04,-2.13E-04,-1.77E-04,-1.91E-04,-1.48E-04,-1.54E-04,-1.45E-04,-4.10E-05,7.22E-05,-3.82E-04,-1.72E-04,-1.49E-04,-3.13E-04,6.22E-05,-1.25E-04,-2.22E-04,-2.30E-04,-1.02E-04,3.68E-05
800,-2.45E-04,-1.86E-04,-2.14E-04,-1.78E-04,-1.91E-04,-1.47E-04,-1.55E-04,-1.46E-04,-4.18E-05,6.91E-05,-3.82E-04,-1.74E-04,-1.50E-04,-3.08E-04,6.61E-05,-1.22E-04,-2.22E-04,-2.31E-04,-1.01E-04,3.60E-05
801,-2.44E-04,-1.87E-04,-2.14E-04,-1.77E-04,-1.88E-04,-1.44E-04,-1.53E-04,-1.46E-04,-4.13E-05,6.71E-05,-3.81E-04,-1.75E-04,-1.50E-04,-3.02E-04,7.02E-05,-1.19E-04,-2.22E-04,-2.32E-04,-9.95E-05,3.60E-05
802,-2.43E-04,-1.87E-04,-2.12E-04,-1.75E-04,-1.84E-04,-1.39E-04,-1.50E-04,-1.45E-04,-3.96E-05,6.63E-05,-3.78E-04,-1.75E-04,-1.49E-04,-2.96E-04,7.46E-05,-1.16E-04,-2.20E-04,-2.31E-04,-9.73E-05,3.67E-05
803,-2.39E-04,-1.86E-04,-2.10E-04,-1.71E-04,-1.79E-04,-1.33E-04,-1.46E-04,-1.42E-04,-3.68E-05,6.64E-05,-3.75E-04,-1.73E-04,-1.47E-04,-2.89E-04,7.92E-05,-1.12E-04,-2.17E-04,-2.29E-04,-9.48E-05,3.80E-05
804,-2.35E-04,-1.84E-04,-2.07E-04,-1.67E-04,-1.74E-04,-1.26E-04,-1.41E-04,-1.38E-04,-3.30E-05,6.72E-05,-3.71E-04,-1.71E-04,-1.44E-04,-2.83E-04,8.37E-05,-1.09E-04,-2.14E-04,-2.27E-04,-9.22E-05,3.98E-05
805,-2.30E-04,-1.82E-04,-2.03E-04,-1.61E-04,-1.67E-04,-1.19E-04,-1.35E-04,-1.34E-04,-2.85E-05,6.86E-05,-3.66E-04,-1.68E-04,-1.40E-04,-2.76E-04,8.81E-05,-1.07E-04,-2.09E-04,-2.24E-04,-8.94E-05,4.21E-05
806,-2.25E-04,-1.79E-04,-1.99E-04,-1.55E-04,-1.61E-04,-1.11E-04,-1.29E-04,-1.29E-04,-2.35E-05,7.03E-05,-3.61E-04,-1.64E-04,-1.37E-04,-2.69E-04,9.21E-05,-1.05E-04,-2.04E-04,-2.21E-04,-8.67E-05,4.47E-05
807,-2.19E-04,-1.77E-04,-1.95E-04,-1.49E-04,-1.55E-04,-1.04E-04,-1.23E-04,-1.24E-04,-1.83E-05,7.22E-05,-3.55E-04,-1.59E-04,-1.33E-04,-2.63E-04,9.57E-05,-1.03E-04,-1.98E-04,-2.19E-04,-8.41E-05,4.76E-05
808,-2.13E-04,-1.74E-04,-1.91E-04,-1.43E-04,-1.49E-04,-9.71E-05,-1.17E-04,-1.19E-04,-1.30E-05,7.40E-05,-3.50E-04,-1.54E-04,-1.29E-04,-2.57E-04,9.87E-05,-1.02E-04,-1.93E-04,-2.16E-04,-8.17E-05,5.05E-05
809,-2.07E-04,-1.71E-04,-1.88E-04,-1.38E-04,-1.43E-04,-9.12E-05,-1.12E-04,-1.14E-04,-7.98E-06,7.55E-05,-3.45E-04,-1.50E-04,-1.26E-04,-2.52E-04,1.01E-04,-1.01E-04,-1.87E-04,-2.13E-04,-7.94E-05,5.35E-05
810,-2.02E-04,-1.68E-04,-1.84E-04,-1.33E-04,-1.39E-04,-8.61E-05,-1.07E-04,-1.10E-04,-3.29E-06,7.67E-05,-3.41E-04,-1.45E-04,-1.23E-04,-2.47E-04,1.03E-04,-1.01E-04,-1.80E-04,-2.11E-04,-7.74E-05,5.64E-05
811,-1.96E-04,-1.66E-04,-1.81E-04,-1.28E-04,-1.35E-04,-8.21E-05,-1.02E-04,-1.06E-04,9.05E-07,7.74E-05,-3.36E-04,-1.40E-04,-1.20E-04,-2.42E-04,1.04E-04,-1.02E-04,-1.74E-04,-2.08E-04,-7.54E-05,5.92E-05
812,-1.90E-04,-1.63E-04,-1.77E-04,-1.24E-04,-1.31E-04,-7.90E-05,-9.77E-05,-1.02E-04,4.54E-06,7.75E-05,-3.32E-04,-1.35E-04,-1.18E-04,-2.37E-04,1.04E-04,-1.02E-04,-1.68E-04,-2.06E-04,-7.35E-05,6.19E-05
813,-1.84E-04,-1.60E-04,-1.74E-04,-1.20E-04,-1.28E-04,-7.67E-05,-9.38E-05,-9.85E-05,7.59E-06,7.72E-05,-3.28E-04,-1.31E-04,-1.16E-04,-2.32E-04,1.04E-04,-1.03E-04,-1.62E-04,-2.04E-04,-7.15E-05,6.45E-05
814,-1.78E-04,-1.57E-04,-1.71E-04,-1.16E-04,-1.25E-04,-7.51E-05,-9.00E-05,-9.53E-05,1.01E-05,7.65E-05,-3.25E-04,-1.26E-04,-1.15E-04,-2.27E-04,1.03E-04,-1.03E-04,-1.56E-04,-2.02E-04,-6.93E-05,6.70E-05
815,-1.71E-04,-1.53E-04,-1.68E-04,-1.12E-04,-1.22E-04,-7.38E-05,-8.62E-05,-9.22E-05,1.22E-05,7.53E-05,-3.20E-04,-1.21E-04,-1.13E-04,-2.22E-04,1.02E-04,-1.03E-04,-1.50E-04,-1.99E-04,-6.68E-05,6.93E-05
816,-1.63E-04,-1.48E-04,-1.64E-04,-1.07E-04,-1.18E-04,-7.25E-05,-8.19E-05,-8.87E-05,1.40E-05,7.40E-05,-3.16E-04,-1.16E-04,-1.12E-04,-2.17E-04,1.00E-04,-1.02E-04,-1.44E-04,-1.96E-04,-6.39E-05,7.16E-05
817,-1.55E-04,-1.42E-04,-1.60E-04,-1.02E-04,-1.14E-04,-7.09E-05,-7.69E-05,-8.48E-05,1.58E-05,7.26E-05,-3.10E-04,-1.11E-04,-1.10E-04,-2.10E-04,9.86E-05,-1.01E-04,-1.37E-04,-1.92E-04,-6.04E-05,7.39E-05
818,-1.46E-04,-1.35E-04,-1.54E-04,-9.55E-05,-1.09E-04,-6.87E-05,-7.09E-05,-8.01E-05,1.76E-05,7.13E-05,-3.04E-04,-1.05E-04,-1.07E-04,-2.03E-04,9.71E-05,-9.86E-05,-1.30E-04,-1.87E-04,-5.63E-05,7.62E-05
819,-1.35E-04,-1.27E-04,-1.48E-04,-8.76E-05,-1.03E-04,-6.54E-05,-6.36E-05,-7.44E-05,1.97E-05,7.03E-05,-2.97E-04,-9.86E-05,-1.04E-04,-1.95E-04,9.59E-05,-9.55E-05,-1.23E-04,-1.81E-04,-5.14E-05,7.87E-05
820,-1.23E-04,-1.17E-04,-1.41E-04,-7.81E-05,-9.52E-05,-6.08E-05,-5.47E-05,-6.74E-05,2.24E-05,6.97E-05,-2.88E-04,-9.13E-05,-1.00E-04,-1.86E-04,9.50E-05,-9.15E-05,-1.15E-04,-1.73E-04,-4.59E-05,8.13E-05
821,-1.09E-04,-1.06E-04,-1.32E-04,-6.69E-05,-8.58E-05,-5.47E-05,-4.42E-05,-5.90E-05,2.59E-05,6.97E-05,-2.78E-04,-8.32E-05,-9.52E-05,-1.76E-04,9.46E-05,-8.65E-05,-1.06E-04,-1.65E-04,-3.97E-05,8.41E-05
822,-9.43E-05,-9.42E-05,-1.23E-04,-5.39E-05,-7.47E-05,-4.69E-05,-3.18E-05,-4.89E-05,3.02E-05,7.03E-05,-2.67E-04,-7.40E-05,-8.91E-05,-1.65E-04,9.46E-05,-8.07E-05,-9.62E-05,-1.55E-04,-3.28E-05,8.72E-05
823,-7.79E-05,-8.06E-05,-1.12E-04,-3.90E-05,-6.19E-05,-3.72E-05,-1.76E-05,-3.72E-05,3.55E-05,7.16E-05,-2.54E-04,-6.39E-05,-8.19E-05,-1.53E-04,9.53E-05,-7.41E-05,-8.57E-05,-1.43E-04,-2.52E-05,9.05E-05
824,-6.03E-05,-6.58E-05,-9.95E-05,-2.24E-05,-4.76E-05,-2.57E-05,-1.53E-06,-2.39E-05,4.19E-05,7.37E-05,-2.39E-04,-5.27E-05,-7.35E-05,-1.40E-04,9.65E-05,-6.68E-05,-7.44E-05,-1.30E-04,-1.72E-05,9.41E-05
825,-4.16E-05,-5.01E-05,-8.62E-05,-4.23E-06,-3.17E-05,-1.24E-05,1.62E-05,-9.02E-06,4.94E-05,7.65E-05,-2.24E-04,-4.06E-05,-6.40E-05,-1.26E-04,9.82E-05,-5.91E-05,-6.24E-05,-1.16E-04,-8.74E-06,9.80E-05
826,-2.19E-05,-3.36E-05,-7.19E-05,1.54E-05,-1.45E-05,2.51E-06,3.54E-05,7.31E-06,5.80E-05,8.00E-05,-2.07E-04,-2.76E-05,-5.35E-05,-1.12E-04,1.01E-04,-5.10E-05,-4.95E-05,-1.01E-04,-9.76E-09,1.02E-04
827,-1.48E-06,-1.65E-05,-5.68E-05,3.61E-05,3.65E-06,1.88E-05,5.58E-05,2.48E-05,6.76E-05,8.41E-05,-1.89E-04,-1.39E-05,-4.22E-05,-9.78E-05,1.03E-04,-4.28E-05,-3.61E-05,-8.51E-05,8.87E-06,1.06E-04
828,1.94E-05,9.00E-07,-4.12E-05,5.76E-05,2.25E-05,3.63E-05,7.71E-05,4.33E-05,7.80E-05,8.88E-05,-1.70E-04,5.04E-07,-3.01E-05,-8.31E-05,1.06E-04,-3.45E-05,-2.21E-05,-6.86E-05,1.78E-05,1.11E-04
829,4.05E-05,1.84E-05,-2.52E-05,7.96E-05,4.18E-05,5.45E-05,9.90E-05,6.24E-05,8.90E-05,9.37E-05,-1.51E-04,1.53E-05,-1.76E-05,-6.84E-05,1.10E-04,-2.64E-05,-7.63E-06,-5.16E-05,2.65E-05,1.15E-04
830,6.16E-05,3.58E-05,-9.09E-06,1.02E-04,6.12E-05,7.32E-05,1.21E-04,8.18E-05,1.01E-04,9.89E-05,-1.32E-04,3.04E-05,-4.83E-06,-5.38E-05,1.14E-04,-1.84E-05,7.09E-06,-3.46E-05,3.51E-05,1.20E-04
831,8.24E-05,5.28E-05,6.93E-06,1.23E-04,8.03E-05,9.21E-05,1.43E-04,1.01E-04,1.12E-04,1.04E-04,-1.13E-04,4.56E-05,8.03E-06,-3.94E-05,1.18E-04,-1.08E-05,2.19E-05,-1.76E-05,4.33E-05,1.24E-04
832,1.03E-04,6.94E-05,2.26E-05,1.45E-04,9.88E-05,1.11E-04,1.64E-04,1.20E-04,1.24E-04,1.09E-04,-9.41E-05,6.07E-05,2.07E-05,-2.52E-05,1.22E-04,-3.51E-06,3.68E-05,-9.21E-07,5.12E-05,1.28E-04
833,1.22E-04,8.52E-05,3.78E-05,1.65E-04,1.16E-04,1.29E-04,1.84E-04,1.38E-04,1.36E-04,1.14E-04,-7.59E-05,7.54E-05,3.31E-05,-1.15E-05,1.26E-04,3.44E-06,5.15E-05,1.52E-05,5.85E-05,1.31E-04
834,1.41E-04,1.00E-04,5.23E-05,1.84E-04,1.33E-04,1.46E-04,2.03E-04,1.55E-04,1.47E-04,1.18E-04,-5.84E-05,8.97E-05,4.50E-05,1.78E-06,1.30E-04,1.01E-05,6.59E-05,3.06E-05,6.54E-05,1.35E-04
835,1.59E-04,1.15E-04,6.60E-05,2.02E-04,1.48E-04,1.61E-04,2.21E-04,1.71E-04,1.57E-04,1.22E-04,-4.20E-05,1.03E-04,5.62E-05,1.46E-05,1.35E-04,1.64E-05,7.98E-05,4.52E-05,7.17E-05,1.37E-04
836,1.75E-04,1.28E-04,7.88E-05,2.19E-04,1.62E-04,1.76E-04,2.37E-04,1.85E-04,1.67E-04,1.24E-04,-2.66E-05,1.16E-04,6.66E-05,2.70E-05,1.39E-04,2.25E-05,9.32E-05,5.88E-05,7.75E-05,1.39E-04
837,1.91E-04,1.40E-04,9.05E-05,2.34E-04,1.74E-04,1.88E-04,2.51E-04,1.97E-04,1.76E-04,1.27E-04,-1.25E-05,1.28E-04,7.61E-05,3.88E-05,1.42E-04,2.84E-05,1.06E-04,7.15E-05,8.27E-05,1.41E-04
838,2.05E-04,1.51E-04,1.01E-04,2.47E-04,1.84E-04,1.99E-04,2.63E-04,2.08E-04,1.83E-04,1.28E-04,2.59E-07,1.39E-04,8.47E-05,5.01E-05,1.46E-04,3.42E-05,1.18E-04,8.30E-05,8.74E-05,1.41E-04
839,2.17E-04,1.62E-04,1.10E-04,2.58E-04,1.93E-04,2.09E-04,2.73E-04,2.17E-04,1.90E-04,1.28E-04,1.16E-05,1.49E-04,9.23E-05,6.09E-05,1.50E-04,3.98E-05,1.29E-04,9.35E-05,9.15E-05,1.41E-04
840,2.29E-04,1.71E-04,1.19E-04,2.68E-04,2.00E-04,2.16E-04,2.81E-04,2.24E-04,1.95E-04,1.28E-04,2.16E-05,1.57E-04,9.88E-05,7.12E-05,1.53E-04,4.55E-05,1.39E-04,1.03E-04,9.50E-05,1.40E-04
841,2.38E-04,1.79E-04,1.25E-04,2.76E-04,2.05E-04,2.21E-04,2.88E-04,2.29E-04,1.99E-04,1.26E-04,3.00E-05,1.64E-04,1.04E-04,8.08E-05,1.56E-04,5.10E-05,1.49E-04,1.11E-04,9.80E-05,1.38E-04
842,2.47E-04,1.86E-04,1.31E-04,2.82E-04,2.09E-04,2.25E-04,2.92E-04,2.32E-04,2.03E-04,1.24E-04,3.70E-05,1.70E-04,1.09E-04,8.98E-05,1.58E-04,5.65E-05,1.57E-04,1.18E-04,1.00E-04,1.36E-04
843,2.53E-04,1.91E-04,1.35E-04,2.86E-04,2.11E-04,2.27E-04,2.95E-04,2.34E-04,2.05E-04,1.21E-04,4.25E-05,1.74E-04,1.12E-04,9.81E-05,1.60E-04,6.19E-05,1.64E-04,1.25E-04,1.02E-04,1.32E-04
844,2.58E-04,1.95E-04,1.38E-04,2.89E-04,2.11E-04,2.27E-04,2.97E-04,2.34E-04,2.06E-04,1.17E-04,4.65E-05,1.77E-04,1.15E-04,1.06E-04,1.62E-04,6.70E-05,1.70E-04,1.30E-04,1.03E-04,1.28E-04
845,2.62E-04,1.98E-04,1.39E-04,2.90E-04,2.10E-04,2.26E-04,2.96E-04,2.32E-04,2.06E-04,1.12E-04,4.91E-05,1.79E-04,1.16E-04,1.12E-04,1.63E-04,7.20E-05,1.74E-04,1.34E-04,1.04E-04,1.24E-04
846,2.63E-04,2.00E-04,1.40E-04,2.90E-04,2.08E-04,2.23E-04,2.95E-04,2.30E-04,2.05E-04,1.07E-04,5.03E-05,1.79E-04,1.17E-04,1.18E-04,1.63E-04,7.65E-05,1.78E-04,1.37E-04,1.03E-04,1.18E-04
847,2.63E-04,2.00E-04,1.38E-04,2.88E-04,2.04E-04,2.19E-04,2.92E-04,2.26E-04,2.04E-04,1.01E-04,5.01E-05,1.78E-04,1.16E-04,1.23E-04,1.63E-04,8.07E-05,1.80E-04,1.40E-04,1.02E-04,1.12E-04
848,2.61E-04,1.98E-04,1.35E-04,2.85E-04,1.99E-04,2.14E-04,2.88E-04,2.21E-04,2.01E-04,9.44E-05,4.86E-05,1.75E-04,1.15E-04,1.27E-04,1.62E-04,8.44E-05,1.81E-04,1.41E-04,1.00E-04,1.05E-04
849,2.57E-04,1.95E-04,1.31E-04,2.80E-04,1.92E-04,2.08E-04,2.84E-04,2.16E-04,1.99E-04,8.75E-05,4.58E-05,1.71E-04,1.12E-04,1.30E-04,1.61E-04,8.75E-05,1.80E-04,1.42E-04,9.80E-05,9.85E-05
850,2.51E-04,1.91E-04,1.26E-04,2.74E-04,1.85E-04,2.01E-04,2.78E-04,2.09E-04,1.95E-04,8.04E-05,4.20E-05,1.65E-04,1.09E-04,1.32E-04,1.59E-04,9.01E-05,1.79E-04,1.42E-04,9.48E-05,9.12E-05
851,2.44E-04,1.84E-04,1.19E-04,2.67E-04,1.76E-04,1.94E-04,2.71E-04,2.02E-04,1.91E-04,7.30E-05,3.71E-05,1.59E-04,1.04E-04,1.34E-04,1.56E-04,9.22E-05,1.76E-04,1.41E-04,9.10E-05,8.37E-05
852,2.35E-04,1.77E-04,1.12E-04,2.58E-04,1.67E-04,1.86E-04,2.64E-04,1.94E-04,1.87E-04,6.54E-05,3.13E-05,1.51E-04,9.90E-05,1.34E-04,1.52E-04,9.37E-05,1.72E-04,1.39E-04,8.66E-05,7.60E-05
853,2.25E-04,1.68E-04,1.03E-04,2.49E-04,1.58E-04,1.78E-04,2.56E-04,1.86E-04,1.83E-04,5.78E-05,2.47E-05,1.42E-04,9.30E-05,1.34E-04,1.49E-04,9.47E-05,1.67E-04,1.36E-04,8.17E-05,6.82E-05
854,2.14E-04,1.58E-04,9.29E-05,2.38E-04,1.47E-04,1.70E-04,2.47E-04,1.77E-04,1.78E-04,5.03E-05,1.75E-05,1.33E-04,8.63E-05,1.33E-04,1.45E-04,9.55E-05,1.61E-04,1.33E-04,7.65E-05,6.04E-05
855,2.01E-04,1.47E-04,8.23E-05,2.27E-04,1.37E-04,1.62E-04,2.37E-04,1.68E-04,1.73E-04,4.29E-05,9.93E-06,1.23E-04,7.90E-05,1.33E-04,1.40E-04,9.60E-05,1.54E-04,1.30E-04,7.11E-05,5.27E-05
856,1.87E-04,1.35E-04,7.11E-05,2.15E-04,1.26E-04,1.55E-04,2.27E-04,1.59E-04,1.68E-04,3.57E-05,2.06E-06,1.12E-04,7.12E-05,1.32E-04,1.36E-04,9.64E-05,1.46E-04,1.26E-04,6.55E-05,4.51E-05
857,1.73E-04,1.23E-04,5.95E-05,2.02E-04,1.16E-04,1.48E-04,2.17E-04,1.49E-04,1.63E-04,2.88E-05,-5.90E-06,1.01E-04,6.31E-05,1.31E-04,1.31E-04,9.69E-05,1.39E-04,1.21E-04,5.99E-05,3.78E-05
858,1.58E-04,1.10E-04,4.75E-05,1.90E-04,1.05E-04,1.41E-04,2.06E-04,1.39E-04,1.58E-04,2.23E-05,-1.38E-05,8.94E-05,5.49E-05,1.31E-04,1.27E-04,9.77E-05,1.30E-04,1.17E-04,5.45E-05,3.07E-05
859,1.43E-04,9.69E-05,3.55E-05,1.77E-04,9.51E-05,1.35E-04,1.95E-04,1.29E-04,1.52E-04,1.62E-05,-2.15E-05,7.78E-05,4.65E-05,1.31E-04,1.23E-04,9.88E-05,1.22E-04,1.12E-04,4.94E-05,2.40E-05
860,1.27E-04,8.36E-05,2.35E-05,1.64E-04,8.53E-05,1.30E-04,1.84E-04,1.19E-04,1.47E-04,1.06E-05,-2.89E-05,6.63E-05,3.82E-05,1.31E-04,1.20E-04,1.00E-04,1.13E-04,1.07E-04,4.46E-05,1.77E-05
861,1.12E-04,7.04E-05,1.16E-05,1.51E-04,7.60E-05,1.25E-04,1.72E-04,1.09E-04,1.42E-04,5.47E-06,-3.59E-05,5.48E-05,3.01E-05,1.32E-04,1.17E-04,1.02E-04,1.05E-04,1.02E-04,4.03E-05,1.18E-05
862,9.65E-05,5.73E-05,-6.42E-08,1.38E-04,6.71E-05,1.21E-04,1.60E-04,9.85E-05,1.37E-04,8.59E-07,-4.25E-05,4.35E-05,2.21E-05,1.34E-04,1.15E-04,1.05E-04,9.64E-05,9.71E-05,3.64E-05,6.27E-06
863,8.14E-05,4.44E-05,-1.15E-05,1.26E-04,5.86E-05,1.17E-04,1.48E-04,8.82E-05,1.33E-04,-3.29E-06,-4.86E-05,3.23E-05,1.45E-05,1.36E-04,1.13E-04,1.08E-04,8.81E-05,9.21E-05,3.31E-05,1.16E-06
864,6.64E-05,3.17E-05,-2.26E-05,1.14E-04,5.05E-05,1.14E-04,1.36E-04,7.79E-05,1.28E-04,-7.03E-06,-5.43E-05,2.13E-05,7.17E-06,1.39E-04,1.12E-04,1.12E-04,8.00E-05,8.70E-05,3.02E-05,-3.54E-06
865,5.17E-05,1.91E-05,-3.36E-05,1.02E-04,4.26E-05,1.10E-04,1.24E-04,6.76E-05,1.23E-04,-1.04E-05,-5.96E-05,1.04E-05,1.24E-07,1.43E-04,1.12E-04,1.16E-04,7.21E-05,8.19E-05,2.77E-05,-7.89E-06
866,3.71E-05,6.70E-06,-4.43E-05,9.02E-05,3.48E-05,1.07E-04,1.11E-04,5.71E-05,1.18E-04,-1.36E-05,-6.47E-05,-4.40E-07,-6.68E-06,1.46E-04,1.12E-04,1.20E-04,6.43E-05,7.66E-05,2.56E-05,-1.19E-05
867,2.25E-05,-5.74E-06,-5.50E-05,7.82E-05,2.68E-05,1.03E-04,9.78E-05,4.64E-05,1.13E-04,-1.67E-05,-6.96E-05,-1.13E-05,-1.33E-05,1.50E-04,1.13E-04,1.25E-04,5.66E-05,7.11E-05,2.38E-05,-1.57E-05
868,7.82E-06,-1.83E-05,-6.58E-05,6.60E-05,1.85E-05,9.85E-05,8.41E-05,3.55E-05,1.08E-04,-1.97E-05,-7.44E-05,-2.21E-05,-1.99E-05,1.53E-04,1.14E-04,1.29E-04,4.89E-05,6.54E-05,2.20E-05,-1.93E-05
869,-7.05E-06,-3.11E-05,-7.67E-05,5.34E-05,9.70E-06,9.30E-05,6.98E-05,2.42E-05,1.03E-04,-2.29E-05,-7.94E-05,-3.32E-05,-2.65E-05,1.56E-04,1.14E-04,1.33E-04,4.10E-05,5.92E-05,2.03E-05,-2.28E-05
870,-2.23E-05,-4.43E-05,-8.78E-05,4.03E-05,1.19E-07,8.64E-05,5.48E-05,1.25E-05,9.70E-05,-2.64E-05,-8.47E-05,-4.45E-05,-3.33E-05,1.59E-04,1.15E-04,1.37E-04,3.30E-05,5.26E-05,1.85E-05,-2.62E-05
871,-3.79E-05,-5.81E-05,-9.94E-05,2.64E-05,-1.04E-05,7.83E-05,3.91E-05,3.18E-07,9.08E-05,-3.03E-05,-9.03E-05,-5.61E-05,-4.03E-05,1.61E-04,1.15E-04,1.40E-04,2.47E-05,4.54E-05,1.65E-05,-2.97E-05
872,-5.41E-05,-7.24E-05,-1.11E-04,1.16E-05,-2.20E-05,6.86E-05,2.26E-05,-1.24E-05,8.41E-05,-3.47E-05,-9.64E-05,-6.80E-05,-4.78E-05,1.62E-04,1.15E-04,1.42E-04,1.61E-05,3.76E-05,1.42E-05,-3.34E-05
873,-7.08E-05,-8.75E-05,-1.24E-04,-4.04E-06,-3.47E-05,5.72E-05,5.32E-06,-2.58E-05,7.68E-05,-3.96E-05,-1.03E-04,-8.03E-05,-5.57E-05,1.62E-04,1.14E-04,1.42E-04,7.09E-06,2.92E-05,1.14E-05,-3.73E-05
874,-8.82E-05,-1.03E-04,-1.37E-04,-2.07E-05,-4.87E-05,4.41E-05,-1.27E-05,-3.97E-05,6.88E-05,-4.53E-05,-1.10E-04,-9.30E-05,-6.42E-05,1.61E-04,1.12E-04,1.42E-04,-2.29E-06,2.02E-05,8.23E-06,-4.15E-05
875,-1.06E-04,-1.20E-04,-1.51E-04,-3.82E-05,-6.38E-05,2.93E-05,-3.14E-05,-5.43E-05,6.01E-05,-5.16E-05,-1.18E-04,-1.06E-04,-7.32E-05,1.59E-04,1.09E-04,1.41E-04,-1.20E-05,1.07E-05,4.58E-06,-4.60E-05
876,-1.25E-04,-1.37E-04,-1.65E-04,-5.66E-05,-8.00E-05,1.28E-05,-5.07E-05,-6.93E-05,5.08E-05,-5.85E-05,-1.26E-04,-1.19E-04,-8.27E-05,1.56E-04,1.05E-04,1.39E-04,-2.21E-05,5.90E-07,4.84E-07,-5.09E-05
877,-1.43E-04,-1.54E-04,-1.79E-04,-7.57E-05,-9.72E-05,-5.13E-06,-7.03E-05,-8.48E-05,4.09E-05,-6.61E-05,-1.35E-04,-1.33E-04,-9.27E-05,1.52E-04,1.00E-04,1.36E-04,-3.24E-05,-9.86E-06,-4.02E-06,-5.62E-05
878,-1.62E-04,-1.72E-04,-1.94E-04,-9.53E-05,-1.15E-04,-2.43E-05,-9.01E-05,-1.00E-04,3.05E-05,-7.43E-05,-1.43E-04,-1.46E-04,-1.03E-04,1.48E-04,9.38E-05,1.31E-04,-4.28E-05,-2.06E-05,-8.85E-06,-6.18E-05
879,-1.81E-04,-1.90E-04,-2.09E-04,-1.15E-04,-1.33E-04,-4.44E-05,-1.10E-04,-1.16E-04,1.97E-05,-8.29E-05,-1.52E-04,-1.59E-04,-1.14E-04,1.43E-04,8.65E-05,1.26E-04,-5.31E-05,-3.13E-05,-1.39E-05,-6.79E-05
880,-2.00E-04,-2.08E-04,-2.24E-04,-1.35E-04,-1.52E-04,-6.52E-05,-1.29E-04,-1.32E-04,8.54E-06,-9.17E-05,-1.61E-04,-1.72E-04,-1.24E-04,1.39E-04,7.83E-05,1.21E-04,-6.32E-05,-4.20E-05,-1.91E-05,-7.42E-05
881,-2.18E-04,-2.26E-04,-2.38E-04,-1.54E-04,-1.70E-04,-8.61E-05,-1.48E-04,-1.47E-04,-2.71E-06,-1.01E-04,-1.69E-04,-1.85E-04,-1.35E-04,1.34E-04,6.92E-05,1.14E-04,-7.29E-05,-5.23E-05,-2.43E-05,-8.08E-05
882,-2.36E-04,-2.43E-04,-2.51E-04,-1.73E-04,-1.88E-04,-1.07E-04,-1.65E-04,-1.62E-04,-1.39E-05,-1.10E-04,-1.77E-04,-1.97E-04,-1.45E-04,1.29E-04,5.95E-05,1.08E-04,-8.20E-05,-6.21E-05,-2.93E-05,-8.75E-05
883,-2.52E-04,-2.59E-04,-2.64E-04,-1.90E-04,-2.05E-04,-1.27E-04,-1.82E-04,-1.75E-04,-2.49E-05,-1.19E-04,-1.84E-04,-2.07E-04,-1.55E-04,1.24E-04,4.93E-05,1.01E-04,-9.03E-05,-7.12E-05,-3.41E-05,-9.42E-05
884,-2.68E-04,-2.74E-04,-2.76E-04,-2.06E-04,-2.21E-04,-1.47E-04,-1.97E-04,-1.88E-04,-3.55E-05,-1.27E-04,-1.90E-04,-2.17E-04,-1.64E-04,1.21E-04,3.89E-05,9.48E-05,-9.77E-05,-7.95E-05,-3.85E-05,-1.01E-04
885,-2.82E-04,-2.87E-04,-2.86E-04,-2.21E-04,-2.35E-04,-1.65E-04,-2.10E-04,-2.00E-04,-4.55E-05,-1.35E-04,-1.96E-04,-2.26E-04,-1.72E-04,1.17E-04,2.84E-05,8.85E-05,-1.04E-04,-8.66E-05,-4.24E-05,-1.07E-04
886,-2.95E-04,-3.00E-04,-2.95E-04,-2.34E-04,-2.48E-04,-1.82E-04,-2.21E-04,-2.10E-04,-5.47E-05,-1.42E-04,-2.00E-04,-2.34E-04,-1.79E-04,1.15E-04,1.81E-05,8.25E-05,-1.09E-04,-9.27E-05,-4.57E-05,-1.13E-04
887,-3.06E-04,-3.10E-04,-3.03E-04,-2.45E-04,-2.60E-04,-1.97E-04,-2.31E-04,-2.18E-04,-6.31E-05,-1.49E-04,-2.02E-04,-2.40E-04,-1.85E-04,1.14E-04,8.10E-06,7.68E-05,-1.13E-04,-9.74E-05,-4.84E-05,-1.19E-04
888,-3.15E-04,-3.20E-04,-3.09E-04,-2.54E-04,-2.69E-04,-2.11E-04,-2.38E-04,-2.25E-04,-7.04E-05,-1.55E-04,-2.03E-04,-2.45E-04,-1.89E-04,1.13E-04,-1.36E-06,7.17E-05,-1.15E-04,-1.01E-04,-5.04E-05,-1.24E-04
889,-3.23E-04,-3.27E-04,-3.14E-04,-2.62E-04,-2.77E-04,-2.23E-04,-2.44E-04,-2.30E-04,-7.68E-05,-1.59E-04,-2.03E-04,-2.48E-04,-1.93E-04,1.13E-04,-1.02E-05,6.70E-05,-1.16E-04,-1.03E-04,-5.16E-05,-1.29E-04
890,-3.30E-04,-3.33E-04,-3.17E-04,-2.67E-04,-2.83E-04,-2.33E-04,-2.47E-04,-2.34E-04,-8.20E-05,-1.63E-04,-2.02E-04,-2.51E-04,-1.95E-04,1.15E-04,-1.82E-05,6.28E-05,-1.15E-04,-1.04E-04,-5.22E-05,-1.33E-04
891,-3.35E-04,-3.38E-04,-3.19E-04,-2.71E-04,-2.87E-04,-2.41E-04,-2.49E-04,-2.36E-04,-8.61E-05,-1.67E-04,-1.99E-04,-2.52E-04,-1.96E-04,1.17E-04,-2.53E-05,5.92E-05,-1.14E-04,-1.03E-04,-5.22E-05,-1.36E-04
892,-3.39E-04,-3.41E-04,-3.19E-04,-2.73E-04,-2.89E-04,-2.47E-04,-2.49E-04,-2.37E-04,-8.92E-05,-1.69E-04,-1.95E-04,-2.52E-04,-1.96E-04,1.19E-04,-3.15E-05,5.59E-05,-1.10E-04,-1.01E-04,-5.15E-05,-1.38E-04
893,-3.41E-04,-3.42E-04,-3.19E-04,-2.75E-04,-2.91E-04,-2.52E-04,-2.49E-04,-2.36E-04,-9.13E-05,-1.71E-04,-1.89E-04,-2.50E-04,-1.95E-04,1.23E-04,-3.68E-05,5.32E-05,-1.06E-04,-9.86E-05,-5.03E-05,-1.40E-04
894,-3.43E-04,-3.43E-04,-3.17E-04,-2.75E-04,-2.91E-04,-2.56E-04,-2.47E-04,-2.35E-04,-9.26E-05,-1.72E-04,-1.83E-04,-2.48E-04,-1.93E-04,1.26E-04,-4.11E-05,5.08E-05,-1.00E-04,-9.48E-05,-4.86E-05,-1.41E-04
895,-3.44E-04,-3.43E-04,-3.15E-04,-2.74E-04,-2.91E-04,-2.59E-04,-2.44E-04,-2.33E-04,-9.31E-05,-1.72E-04,-1.76E-04,-2.45E-04,-1.90E-04,1.30E-04,-4.44E-05,4.88E-05,-9.39E-05,-9.01E-05,-4.65E-05,-1.41E-04
896,-3.44E-04,-3.42E-04,-3.12E-04,-2.73E-04,-2.90E-04,-2.62E-04,-2.41E-04,-2.30E-04,-9.30E-05,-1.73E-04,-1.68E-04,-2.42E-04,-1.87E-04,1.35E-04,-4.69E-05,4.71E-05,-8.66E-05,-8.47E-05,-4.42E-05,-1.41E-04
897,-3.44E-04,-3.40E-04,-3.08E-04,-2.72E-04,-2.89E-04,-2.64E-04,-2.38E-04,-2.27E-04,-9.25E-05,-1.73E-04,-1.60E-04,-2.37E-04,-1.83E-04,1.40E-04,-4.86E-05,4.57E-05,-7.84E-05,-7.86E-05,-4.15E-05,-1.41E-04
898,-3.43E-04,-3.38E-04,-3.05E-04,-2.71E-04,-2.88E-04,-2.65E-04,-2.35E-04,-2.23E-04,-9.17E-05,-1.73E-04,-1.51E-04,-2.32E-04,-1.79E-04,1.45E-04,-4.96E-05,4.46E-05,-6.97E-05,-7.21E-05,-3.88E-05,-1.40E-04
899,-3.42E-04,-3.36E-04,-3.01E-04,-2.70E-04,-2.87E-04,-2.67E-04,-2.32E-04,-2.20E-04,-9.09E-05,-1.73E-04,-1.41E-04,-2.27E-04,-1.75E-04,1.50E-04,-5.00E-05,4.38E-05,-6.04E-05,-6.53E-05,-3.59E-05,-1.39E-04
900,-3.41E-04,-3.33E-04,-2.97E-04,-2.69E-04,-2.86E-04,-2.69E-04,-2.29E-04,-2.17E-04,-9.00E-05,-1.74E-04,-1.32E-04,-2.21E-04,-1.70E-04,1.55E-04,-4.99E-05,4.32E-05,-5.08E-05,-5.82E-05,-3.30E-05,-1.38E-04
901,-3.40E-04,-3.30E-04,-2.93E-04,-2.69E-04,-2.86E-04,-2.72E-04,-2.27E-04,-2.14E-04,-8.94E-05,-1.75E-04,-1.22E-04,-2.16E-04,-1.66E-04,1.60E-04,-4.95E-05,4.29E-05,-4.08E-05,-5.09E-05,-3.01E-05,-1.37E-04
902,-3.39E-04,-3.27E-04,-2.89E-04,-2.68E-04,-2.87E-04,-2.75E-04,-2.25E-04,-2.11E-04,-8.90E-05,-1.76E-04,-1.12E-04,-2.09E-04,-1.61E-04,1.66E-04,-4.87E-05,4.28E-05,-3.05E-05,-4.37E-05,-2.72E-05,-1.36E-04
903,-3.37E-04,-3.25E-04,-2.85E-04,-2.69E-04,-2.88E-04,-2.78E-04,-2.23E-04,-2.09E-04,-8.90E-05,-1.78E-04,-1.02E-04,-2.03E-04,-1.57E-04,1.71E-04,-4.78E-05,4.30E-05,-2.01E-05,-3.64E-05,-2.45E-05,-1.36E-04
904,-3.36E-04,-3.21E-04,-2.81E-04,-2.69E-04,-2.89E-04,-2.82E-04,-2.22E-04,-2.07E-04,-8.94E-05,-1.81E-04,-9.19E-05,-1.97E-04,-1.52E-04,1.77E-04,-4.68E-05,4.34E-05,-9.62E-06,-2.92E-05,-2.18E-05,-1.36E-04
905,-3.34E-04,-3.18E-04,-2.78E-04,-2.70E-04,-2.91E-04,-2.87E-04,-2.20E-04,-2.05E-04,-9.02E-05,-1.83E-04,-8.18E-05,-1.90E-04,-1.48E-04,1.82E-04,-4.58E-05,4.41E-05,9.73E-07,-2.22E-05,-1.92E-05,-1.37E-04
906,-3.32E-04,-3.15E-04,-2.74E-04,-2.71E-04,-2.93E-04,-2.91E-04,-2.19E-04,-2.03E-04,-9.13E-05,-1.87E-04,-7.16E-05,-1.84E-04,-1.43E-04,1.88E-04,-4.48E-05,4.49E-05,1.16E-05,-1.53E-05,-1.68E-05,-1.38E-04
907,-3.30E-04,-3.12E-04,-2.71E-04,-2.72E-04,-2.96E-04,-2.96E-04,-2.17E-04,-2.00E-04,-9.28E-05,-1.91E-04,-6.14E-05,-1.77E-04,-1.38E-04,1.94E-04,-4.38E-05,4.60E-05,2.23E-05,-8.51E-06,-1.44E-05,-1.40E-04
908,-3.28E-04,-3.08E-04,-2.67E-04,-2.72E-04,-2.98E-04,-3.01E-04,-2.15E-04,-1.98E-04,-9.46E-05,-1.95E-04,-5.11E-05,-1.70E-04,-1.34E-04,2.00E-04,-4.29E-05,4.71E-05,3.30E-05,-1.88E-06,-1.22E-05,-1.42E-04
909,-3.25E-04,-3.04E-04,-2.64E-04,-2.73E-04,-3.01E-04,-3.05E-04,-2.12E-04,-1.96E-04,-9.64E-05,-1.99E-04,-4.06E-05,-1.63E-04,-1.29E-04,2.05E-04,-4.20E-05,4.85E-05,4.37E-05,4.65E-06,-1.00E-05,-1.45E-04
910,-3.22E-04,-3.00E-04,-2.60E-04,-2.72E-04,-3.03E-04,-3.09E-04,-2.08E-04,-1.92E-04,-9.82E-05,-2.03E-04,-2.98E-05,-1.56E-04,-1.24E-04,2.11E-04,-4.11E-05,4.99E-05,5.45E-05,1.11E-05,-7.91E-06,-1.48E-04
911,-3.18E-04,-2.95E-04,-2.56E-04,-2.71E-04,-3.04E-04,-3.12E-04,-2.04E-04,-1.89E-04,-9.99E-05,-2.08E-04,-1.87E-05,-1.49E-04,-1.18E-04,2.17E-04,-4.00E-05,5.15E-05,6.53E-05,1.76E-05,-5.84E-06,-1.52E-04
912,-3.14E-04,-2.90E-04,-2.51E-04,-2.70E-04,-3.05E-04,-3.14E-04,-1.98E-04,-1.84E-04,-1.01E-04,-2.12E-04,-7.10E-06,-1.42E-04,-1.12E-04,2.23E-04,-3.88E-05,5.32E-05,7.63E-05,2.42E-05,-3.77E-06,-1.56E-04
913,-3.10E-04,-2.84E-04,-2.46E-04,-2.67E-04,-3.04E-04,-3.14E-04,-1.91E-04,-1.79E-04,-1.02E-04,-2.16E-04,5.05E-06,-1.34E-04,-1.06E-04,2.28E-04,-3.72E-05,5.51E-05,8.73E-05,3.09E-05,-1.67E-06,-1.60E-04
914,-3.05E-04,-2.77E-04,-2.40E-04,-2.63E-04,-3.03E-04,-3.14E-04,-1.84E-04,-1.73E-04,-1.02E-04,-2.19E-04,1.79E-05,-1.26E-04,-9.91E-05,2.34E-04,-3.52E-05,5.73E-05,9.86E-05,3.80E-05,5.20E-07,-1.64E-04
915,-2.99E-04,-2.70E-04,-2.34E-04,-2.59E-04,-3.00E-04,-3.11E-04,-1.75E-04,-1.66E-04,-1.02E-04,-2.22E-04,3.16E-05,-1.18E-04,-9.17E-05,2.40E-04,-3.26E-05,5.97E-05,1.10E-04,4.54E-05,2.84E-06,-1.68E-04
916,-2.92E-04,-2.62E-04,-2.26E-04,-2.53E-04,-2.96E-04,-3.07E-04,-1.66E-04,-1.59E-04,-1.00E-04,-2.24E-04,4.62E-05,-1.10E-04,-8.36E-05,2.46E-04,-2.93E-05,6.25E-05,1.22E-04,5.33E-05,5.35E-06,-1.71E-04
917,-2.85E-04,-2.53E-04,-2.18E-04,-2.46E-04,-2.91E-04,-3.01E-04,-1.55E-04,-1.50E-04,-9.77E-05,-2.25E-04,6.18E-05,-1.01E-04,-7.49E-05,2.52E-04,-2.51E-05,6.59E-05,1.34E-04,6.19E-05,8.10E-06,-1.75E-04
918,-2.76E-04,-2.43E-04,-2.09E-04,-2.38E-04,-2.84E-04,-2.93E-04,-1.44E-04,-1.40E-04,-9.41E-05,-2.25E-04,7.86E-05,-9.11E-05,-6.54E-05,2.59E-04,-2.00E-05,6.98E-05,1.47E-04,7.11E-05,1.11E-05,-1.78E-04
919,-2.67E-04,-2.32E-04,-1.99E-04,-2.28E-04,-2.75E-04,-2.82E-04,-1.31E-04,-1.30E-04,-8.95E-05,-2.25E-04,9.65E-05,-8.09E-05,-5.51E-05,2.65E-04,-1.39E-05,7.45E-05,1.60E-04,8.12E-05,1.45E-05,-1.80E-04
920,-2.57E-04,-2.21E-04,-1.87E-04,-2.18E-04,-2.64E-04,-2.70E-04,-1.19E-04,-1.19E-04,-8.38E-05,-2.24E-04,1.16E-04,-7.01E-05,-4.39E-05,2.73E-04,-6.80E-06,7.99E-05,1.74E-04,9.20E-05,1.82E-05,-1.82E-04
921,-2.45E-04,-2.08E-04,-1.75E-04,-2.06E-04,-2.52E-04,-2.56E-04,-1.05E-04,-1.06E-04,-7.70E-05,-2.22E-04,1.36E-04,-5.86E-05,-3.20E-05,2.81E-04,1.42E-06,8.63E-05,1.89E-04,1.04E-04,2.23E-05,-1.84E-04
922,-2.32E-04,-1.94E-04,-1.61E-04,-1.93E-04,-2.39E-04,-2.41E-04,-9.14E-05,-9.36E-05,-6.93E-05,-2.19E-04,1.58E-04,-4.64E-05,-1.91E-05,2.89E-04,1.07E-05,9.36E-05,2.04E-04,1.16E-04,2.68E-05,-1.85E-04
923,-2.19E-04,-1.79E-04,-1.46E-04,-1.80E-04,-2.24E-04,-2.24E-04,-7.74E-05,-8.01E-05,-6.07E-05,-2.15E-04,1.80E-04,-3.35E-05,-5.51E-06,2.98E-04,2.09E-05,1.02E-04,2.19E-04,1.30E-04,3.16E-05,-1.86E-04
924,-2.04E-04,-1.64E-04,-1.30E-04,-1.65E-04,-2.08E-04,-2.06E-04,-6.31E-05,-6.60E-05,-5.15E-05,-2.11E-04,2.04E-04,-2.00E-05,8.89E-06,3.08E-04,3.19E-05,1.11E-04,2.36E-04,1.44E-04,3.69E-05,-1.86E-04
925,-1.88E-04,-1.47E-04,-1.13E-04,-1.50E-04,-1.90E-04,-1.86E-04,-4.86E-05,-5.14E-05,-4.16E-05,-2.07E-04,2.28E-04,-5.89E-06,2.40E-05,3.18E-04,4.37E-05,1.22E-04,2.52E-04,1.59E-04,4.24E-05,-1.87E-04
926,-1.72E-04,-1.30E-04,-9.56E-05,-1.34E-04,-1.72E-04,-1.66E-04,-3.41E-05,-3.65E-05,-3.14E-05,-2.02E-04,2.53E-04,8.72E-06,3.97E-05,3.28E-04,5.59E-05,1.33E-04,2.69E-04,1.74E-04,4.82E-05,-1.87E-04
927,-1.54E-04,-1.13E-04,-7.72E-05,-1.18E-04,-1.53E-04,-1.45E-04,-1.96E-05,-2.12E-05,-2.10E-05,-1.97E-04,2.78E-04,2.37E-05,5.59E-05,3.39E-04,6.85E-05,1.45E-04,2.87E-04,1.89E-04,5.43E-05,-1.87E-04
928,-1.36E-04,-9.47E-05,-5.82E-05,-1.01E-04,-1.33E-04,-1.24E-04,-5.01E-06,-5.60E-06,-1.06E-05,-1.92E-04,3.03E-04,3.90E-05,7.26E-05,3.50E-04,8.11E-05,1.57E-04,3.04E-04,2.05E-04,6.05E-05,-1.87E-04
929,-1.18E-04,-7.64E-05,-3.88E-05,-8.47E-05,-1.13E-04,-1.03E-04,9.51E-06,1.02E-05,-2.99E-07,-1.87E-04,3.28E-04,5.44E-05,8.95E-05,3.61E-04,9.37E-05,1.70E-04,3.21E-04,2.21E-04,6.67E-05,-1.87E-04
930,-9.92E-05,-5.80E-05,-1.92E-05,-6.80E-05,-9.29E-05,-8.26E-05,2.40E-05,2.60E-05,9.77E-06,-1.82E-04,3.52E-04,6.99E-05,1.07E-04,3.72E-04,1.06E-04,1.83E-04,3.39E-04,2.36E-04,7.29E-05,-1.88E-04
931,-8.04E-05,-3.97E-05,4.12E-07,-5.15E-05,-7.24E-05,-6.21E-05,3.84E-05,4.20E-05,1.95E-05,-1.78E-04,3.76E-04,8.53E-05,1.24E-04,3.83E-04,1.18E-04,1.96E-04,3.56E-04,2.51E-04,7.91E-05,-1.88E-04
932,-6.15E-05,-2.16E-05,2.00E-05,-3.52E-05,-5.20E-05,-4.20E-05,5.29E-05,5.80E-05,2.89E-05,-1.73E-04,4.00E-04,1.01E-04,1.41E-04,3.93E-04,1.29E-04,2.09E-04,3.73E-04,2.66E-04,8.52E-05,-1.89E-04
933,-4.29E-05,-3.68E-06,3.95E-05,-1.90E-05,-3.16E-05,-2.24E-05,6.73E-05,7.41E-05,3.78E-05,-1.70E-04,4.23E-04,1.15E-04,1.58E-04,4.02E-04,1.39E-04,2.22E-04,3.89E-04,2.80E-04,9.13E-05,-1.90E-04
934,-2.44E-05,1.39E-05,5.88E-05,-3.06E-06,-1.13E-05,-3.15E-06,8.18E-05,9.03E-05,4.64E-05,-1.66E-04,4.45E-04,1.30E-04,1.75E-04,4.11E-04,1.49E-04,2.34E-04,4.05E-04,2.93E-04,9.72E-05,-1.92E-04
935,-6.16E-06,3.13E-05,7.79E-05,1.28E-05,9.13E-06,1.58E-05,9.65E-05,1.07E-04,5.48E-05,-1.63E-04,4.66E-04,1.45E-04,1.92E-04,4.19E-04,1.58E-04,2.46E-04,4.20E-04,3.06E-04,1.03E-04,-1.93E-04
936,1.19E-05,4.84E-05,9.70E-05,2.88E-05,2.97E-05,3.45E-05,1.11E-04,1.23E-04,6.30E-05,-1.59E-04,4.87E-04,1.59E-04,2.10E-04,4.26E-04,1.67E-04,2.58E-04,4.35E-04,3.19E-04,1.09E-04,-1.94E-04
937,2.99E-05,6.54E-05,1.16E-04,4.50E-05,5.06E-05,5.33E-05,1.27E-04,1.40E-04,7.12E-05,-1.56E-04,5.08E-04,1.73E-04,2.27E-04,4.33E-04,1.75E-04,2.69E-04,4.50E-04,3.31E-04,1.15E-04,-1.95E-04
938,4.81E-05,8.24E-05,1.36E-04,6.16E-05,7.21E-05,7.25E-05,1.42E-04,1.58E-04,7.97E-05,-1.53E-04,5.28E-04,1.87E-04,2.45E-04,4.39E-04,1.83E-04,2.81E-04,4.64E-04,3.44E-04,1.22E-04,-1.96E-04
939,6.66E-05,9.97E-05,1.55E-04,7.91E-05,9.44E-05,9.22E-05,1.59E-04,1.76E-04,8.87E-05,-1.49E-04,5.50E-04,2.01E-04,2.63E-04,4.46E-04,1.92E-04,2.93E-04,4.78E-04,3.57E-04,1.28E-04,-1.96E-04
940,8.58E-05,1.18E-04,1.76E-04,9.78E-05,1.18E-04,1.13E-04,1.76E-04,1.95E-04,9.83E-05,-1.44E-04,5.72E-04,2.16E-04,2.82E-04,4.52E-04,2.01E-04,3.05E-04,4.92E-04,3.70E-04,1.36E-04,-1.96E-04
941,1.06E-04,1.36E-04,1.98E-04,1.18E-04,1.43E-04,1.35E-04,1.93E-04,2.15E-04,1.09E-04,-1.39E-04,5.96E-04,2.32E-04,3.03E-04,4.60E-04,2.11E-04,3.17E-04,5.07E-04,3.84E-04,1.44E-04,-1.94E-04
942,1.28E-04,1.56E-04,2.21E-04,1.40E-04,1.69E-04,1.58E-04,2.12E-04,2.36E-04,1.20E-04,-1.32E-04,6.21E-04,2.48E-04,3.24E-04,4.67E-04,2.22E-04,3.31E-04,5.22E-04,3.99E-04,1.53E-04,-1.91E-04
943,1.51E-04,1.77E-04,2.46E-04,1.64E-04,1.97E-04,1.84E-04,2.33E-04,2.59E-04,1.33E-04,-1.25E-04,6.48E-04,2.66E-04,3.47E-04,4.76E-04,2.35E-04,3.46E-04,5.38E-04,4.15E-04,1.63E-04,-1.87E-04
944,1.76E-04,2.00E-04,2.72E-04,1.90E-04,2.28E-04,2.11E-04,2.54E-04,2.83E-04,1.48E-04,-1.16E-04,6.77E-04,2.85E-04,3.72E-04,4.87E-04,2.49E-04,3.62E-04,5.55E-04,4.33E-04,1.74E-04,-1.82E-04
945,2.03E-04,2.24E-04,3.01E-04,2.18E-04,2.60E-04,2.40E-04,2.77E-04,3.09E-04,1.63E-04,-1.06E-04,7.09E-04,3.06E-04,3.99E-04,4.99E-04,2.65E-04,3.79E-04,5.73E-04,4.53E-04,1.87E-04,-1.75E-04
946,2.33E-04,2.50E-04,3.32E-04,2.49E-04,2.95E-04,2.71E-04,3.01E-04,3.36E-04,1.81E-04,-9.40E-05,7.44E-04,3.28E-04,4.27E-04,5.12E-04,2.83E-04,3.98E-04,5.92E-04,4.74E-04,2.01E-04,-1.67E-04
947,2.66E-04,2.79E-04,3.65E-04,2.83E-04,3.32E-04,3.03E-04,3.27E-04,3.66E-04,1.99E-04,-8.12E-05,7.81E-04,3.52E-04,4.58E-04,5.28E-04,3.03E-04,4.19E-04,6.13E-04,4.97E-04,2.15E-04,-1.58E-04
948,3.01E-04,3.09E-04,4.01E-04,3.19E-04,3.70E-04,3.38E-04,3.54E-04,3.97E-04,2.19E-04,-6.73E-05,8.20E-04,3.77E-04,4.91E-04,5.46E-04,3.25E-04,4.41E-04,6.35E-04,5.21E-04,2.31E-04,-1.47E-04
949,3.38E-04,3.41E-04,4.38E-04,3.57E-04,4.10E-04,3.74E-04,3.83E-04,4.29E-04,2.40E-04,-5.23E-05,8.62E-04,4.04E-04,5.25E-04,5.65E-04,3.49E-04,4.64E-04,6.58E-04,5.47E-04,2.47E-04,-1.36E-04
950,3.77E-04,3.74E-04,4.76E-04,3.97E-04,4.52E-04,4.10E-04,4.12E-04,4.62E-04,2.62E-04,-3.66E-05,9.04E-04,4.33E-04,5.60E-04,5.85E-04,3.73E-04,4.89E-04,6.81E-04,5.73E-04,2.65E-04,-1.25E-04
951,4.18E-04,4.09E-04,5.16E-04,4.38E-04,4.94E-04,4.47E-04,4.43E-04,4.97E-04,2.85E-04,-2.05E-05,9.48E-04,4.62E-04,5.97E-04,6.07E-04,3.99E-04,5.13E-04,7.06E-04,6.00E-04,2.82E-04,-1.13E-04
952,4.60E-04,4.45E-04,5.57E-04,4.79E-04,5.36E-04,4.84E-04,4.73E-04,5.31E-04,3.08E-04,-4.18E-06,9.93E-04,4.92E-04,6.35E-04,6.29E-04,4.25E-04,5.38E-04,7.31E-04,6.28E-04,2.99E-04,-1.01E-04
953,5.03E-04,4.81E-04,5.98E-04,5.21E-04,5.78E-04,5.20E-04,5.04E-04,5.66E-04,3.30E-04,1.19E-05,1.04E-03,5.22E-04,6.72E-04,6.52E-04,4.51E-04,5.62E-04,7.56E-04,6.54E-04,3.16E-04,-8.96E-05
954,5.46E-04,5.17E-04,6.39E-04,5.62E-04,6.19E-04,5.55E-04,5.35E-04,6.01E-04,3.53E-04,2.75E-05,1.08E-03,5.52E-04,7.10E-04,6.74E-04,4.77E-04,5.86E-04,7.81E-04,6.80E-04,3.32E-04,-7.91E-05
955,5.88E-04,5.52E-04,6.78E-04,6.01E-04,6.58E-04,5.87E-04,5.64E-04,6.34E-04,3.74E-04,4.22E-05,1.12E-03,5.81E-04,7.46E-04,6.96E-04,5.01E-04,6.08E-04,8.05E-04,7.05E-04,3.47E-04,-6.98E-05
956,6.29E-04,5.86E-04,7.16E-04,6.39E-04,6.95E-04,6.18E-04,5.93E-04,6.67E-04,3.95E-04,5.57E-05,1.16E-03,6.09E-04,7.82E-04,7.16E-04,5.24E-04,6.28E-04,8.28E-04,7.28E-04,3.61E-04,-6.20E-05
957,6.68E-04,6.18E-04,7.52E-04,6.74E-04,7.29E-04,6.45E-04,6.20E-04,6.97E-04,4.14E-04,6.78E-05,1.19E-03,6.36E-04,8.15E-04,7.35E-04,5.44E-04,6.46E-04,8.49E-04,7.49E-04,3.73E-04,-5.58E-05
958,7.05E-04,6.49E-04,7.85E-04,7.06E-04,7.59E-04,6.69E-04,6.45E-04,7.25E-04,4.31E-04,7.82E-05,1.23E-03,6.60E-04,8.46E-04,7.51E-04,5.63E-04,6.61E-04,8.69E-04,7.67E-04,3.84E-04,-5.15E-05
959,7.38E-04,6.77E-04,8.15E-04,7.35E-04,7.86E-04,6.89E-04,6.68E-04,7.51E-04,4.47E-04,8.68E-05,1.25E-03,6.83E-04,8.74E-04,7.65E-04,5.78E-04,6.73E-04,8.86E-04,7.83E-04,3.92E-04,-4.91E-05
960,7.69E-04,7.02E-04,8.42E-04,7.60E-04,8.10E-04,7.05E-04,6.88E-04,7.74E-04,4.61E-04,9.36E-05,1.28E-03,7.02E-04,9.00E-04,7.76E-04,5.91E-04,6.82E-04,9.01E-04,7.96E-04,3.99E-04,-4.86E-05
961,7.96E-04,7.25E-04,8.65E-04,7.81E-04,8.29E-04,7.18E-04,7.06E-04,7.94E-04,4.73E-04,9.85E-05,1.30E-03,7.20E-04,9.23E-04,7.84E-04,6.01E-04,6.89E-04,9.14E-04,8.06E-04,4.03E-04,-5.01E-05
962,8.20E-04,7.44E-04,8.85E-04,7.99E-04,8.45E-04,7.28E-04,7.20E-04,8.12E-04,4.83E-04,1.02E-04,1.31E-03,7.34E-04,9.42E-04,7.90E-04,6.09E-04,6.92E-04,9.24E-04,8.14E-04,4.06E-04,-5.32E-05
963,8.40E-04,7.62E-04,9.02E-04,8.13E-04,8.58E-04,7.34E-04,7.33E-04,8.26E-04,4.91E-04,1.03E-04,1.32E-03,7.46E-04,9.58E-04,7.92E-04,6.14E-04,6.93E-04,9.31E-04,8.19E-04,4.07E-04,-5.79E-05
964,8.57E-04,7.76E-04,9.16E-04,8.24E-04,8.67E-04,7.37E-04,7.42E-04,8.38E-04,4.98E-04,1.03E-04,1.33E-03,7.55E-04,9.72E-04,7.92E-04,6.16E-04,6.92E-04,9.36E-04,8.22E-04,4.06E-04,-6.38E-05
965,8.71E-04,7.89E-04,9.27E-04,8.33E-04,8.73E-04,7.38E-04,7.50E-04,8.47E-04,5.03E-04,1.02E-04,1.34E-03,7.62E-04,9.82E-04,7.90E-04,6.17E-04,6.88E-04,9.38E-04,8.23E-04,4.04E-04,-7.07E-05
966,8.83E-04,7.99E-04,9.35E-04,8.40E-04,8.78E-04,7.37E-04,7.55E-04,8.54E-04,5.07E-04,9.95E-05,1.34E-03,7.67E-04,9.91E-04,7.86E-04,6.16E-04,6.84E-04,9.38E-04,8.22E-04,4.02E-04,-7.81E-05
967,8.92E-04,8.08E-04,9.42E-04,8.44E-04,8.80E-04,7.34E-04,7.58E-04,8.59E-04,5.10E-04,9.66E-05,1.34E-03,7.70E-04,9.97E-04,7.81E-04,6.14E-04,6.78E-04,9.36E-04,8.20E-04,3.99E-04,-8.57E-05
968,9.00E-04,8.16E-04,9.47E-04,8.48E-04,8.82E-04,7.30E-04,7.60E-04,8.63E-04,5.12E-04,9.33E-05,1.33E-03,7.71E-04,1.00E-03,7.74E-04,6.12E-04,6.71E-04,9.32E-04,8.18E-04,3.96E-04,-9.32E-05
969,9.07E-04,8.23E-04,9.51E-04,8.51E-04,8.82E-04,7.26E-04,7.61E-04,8.66E-04,5.13E-04,8.98E-05,1.33E-03,7.71E-04,1.01E-03,7.67E-04,6.08E-04,6.65E-04,9.26E-04,8.15E-04,3.92E-04,-1.00E-04
970,9.14E-04,8.30E-04,9.54E-04,8.54E-04,8.82E-04,7.22E-04,7.61E-04,8.68E-04,5.14E-04,8.65E-05,1.33E-03,7.70E-04,1.01E-03,7.60E-04,6.05E-04,6.58E-04,9.19E-04,8.11E-04,3.89E-04,-1.07E-04
971,9.20E-04,8.36E-04,9.56E-04,8.57E-04,8.82E-04,7.18E-04,7.60E-04,8.69E-04,5.14E-04,8.35E-05,1.32E-03,7.69E-04,1.01E-03,7.53E-04,6.02E-04,6.52E-04,9.10E-04,8.08E-04,3.86E-04,-1.12E-04
972,9.25E-04,8.42E-04,9.59E-04,8.61E-04,8.82E-04,7.14E-04,7.59E-04,8.70E-04,5.14E-04,8.09E-05,1.32E-03,7.66E-04,1.01E-03,7.46E-04,6.00E-04,6.46E-04,9.01E-04,8.04E-04,3.84E-04,-1.17E-04
973,9.31E-04,8.48E-04,9.61E-04,8.64E-04,8.83E-04,7.11E-04,7.58E-04,8.71E-04,5.14E-04,7.88E-05,1.31E-03,7.64E-04,1.01E-03,7.39E-04,5.97E-04,6.41E-04,8.90E-04,8.00E-04,3.82E-04,-1.20E-04
974,9.37E-04,8.54E-04,9.64E-04,8.68E-04,8.84E-04,7.08E-04,7.56E-04,8.72E-04,5.14E-04,7.72E-05,1.31E-03,7.61E-04,1.01E-03,7.33E-04,5.95E-04,6.36E-04,8.79E-04,7.97E-04,3.81E-04,-1.23E-04
975,9.43E-04,8.60E-04,9.66E-04,8.72E-04,8.84E-04,7.05E-04,7.55E-04,8.73E-04,5.13E-04,7.61E-05,1.30E-03,7.58E-04,1.01E-03,7.28E-04,5.94E-04,6.31E-04,8.67E-04,7.93E-04,3.80E-04,-1.24E-04
976,9.49E-04,8.65E-04,9.67E-04,8.76E-04,8.85E-04,7.03E-04,7.52E-04,8.74E-04,5.12E-04,7.54E-05,1.29E-03,7.54E-04,1.01E-03,7.23E-04,5.92E-04,6.27E-04,8.55E-04,7.89E-04,3.79E-04,-1.25E-04
977,9.53E-04,8.69E-04,9.68E-04,8.80E-04,8.85E-04,7.00E-04,7.50E-04,8.75E-04,5.11E-04,7.51E-05,1.29E-03,7.50E-04,1.02E-03,7.17E-04,5.91E-04,6.22E-04,8.42E-04,7.84E-04,3.78E-04,-1.24E-04
978,9.57E-04,8.72E-04,9.68E-04,8.82E-04,8.84E-04,6.96E-04,7.46E-04,8.75E-04,5.09E-04,7.49E-05,1.28E-03,7.46E-04,1.02E-03,7.12E-04,5.89E-04,6.17E-04,8.28E-04,7.79E-04,3.77E-04,-1.23E-04
979,9.60E-04,8.74E-04,9.67E-04,8.84E-04,8.83E-04,6.91E-04,7.42E-04,8.74E-04,5.07E-04,7.47E-05,1.27E-03,7.40E-04,1.01E-03,7.07E-04,5.86E-04,6.11E-04,8.14E-04,7.73E-04,3.75E-04,-1.22E-04
980,9.61E-04,8.74E-04,9.64E-04,8.83E-04,8.80E-04,6.85E-04,7.36E-04,8.72E-04,5.04E-04,7.44E-05,1.26E-03,7.34E-04,1.01E-03,7.01E-04,5.83E-04,6.05E-04,7.99E-04,7.66E-04,3.73E-04,-1.21E-04
981,9.60E-04,8.72E-04,9.59E-04,8.81E-04,8.75E-04,6.77E-04,7.29E-04,8.70E-04,5.01E-04,7.37E-05,1.25E-03,7.27E-04,1.01E-03,6.94E-04,5.78E-04,5.97E-04,7.84E-04,7.58E-04,3.71E-04,-1.19E-04
982,9.57E-04,8.68E-04,9.53E-04,8.76E-04,8.68E-04,6.67E-04,7.20E-04,8.65E-04,4.96E-04,7.27E-05,1.24E-03,7.19E-04,1.01E-03,6.86E-04,5.72E-04,5.88E-04,7.68E-04,7.49E-04,3.67E-04,-1.18E-04
983,9.51E-04,8.62E-04,9.44E-04,8.70E-04,8.59E-04,6.56E-04,7.10E-04,8.60E-04,4.92E-04,7.12E-05,1.23E-03,7.10E-04,1.00E-03,6.77E-04,5.65E-04,5.77E-04,7.51E-04,7.39E-04,3.62E-04,-1.17E-04
984,9.42E-04,8.53E-04,9.33E-04,8.60E-04,8.48E-04,6.42E-04,6.98E-04,8.53E-04,4.86E-04,6.92E-05,1.21E-03,7.00E-04,9.94E-04,6.66E-04,5.57E-04,5.65E-04,7.34E-04,7.27E-04,3.57E-04,-1.17E-04
985,9.32E-04,8.42E-04,9.19E-04,8.49E-04,8.35E-04,6.26E-04,6.85E-04,8.45E-04,4.80E-04,6.67E-05,1.19E-03,6.89E-04,9.86E-04,6.55E-04,5.47E-04,5.52E-04,7.16E-04,7.15E-04,3.51E-04,-1.16E-04
986,9.19E-04,8.29E-04,9.04E-04,8.36E-04,8.20E-04,6.09E-04,6.70E-04,8.35E-04,4.74E-04,6.37E-05,1.17E-03,6.77E-04,9.76E-04,6.41E-04,5.36E-04,5.38E-04,6.98E-04,7.02E-04,3.44E-04,-1.16E-04
987,9.04E-04,8.15E-04,8.88E-04,8.21E-04,8.05E-04,5.90E-04,6.53E-04,8.24E-04,4.67E-04,6.05E-05,1.15E-03,6.64E-04,9.65E-04,6.27E-04,5.23E-04,5.22E-04,6.80E-04,6.88E-04,3.37E-04,-1.16E-04
988,8.88E-04,7.99E-04,8.70E-04,8.06E-04,7.88E-04,5.71E-04,6.36E-04,8.13E-04,4.60E-04,5.71E-05,1.12E-03,6.51E-04,9.54E-04,6.12E-04,5.10E-04,5.06E-04,6.61E-04,6.74E-04,3.29E-04,-1.16E-04
989,8.70E-04,7.83E-04,8.52E-04,7.90E-04,7.70E-04,5.51E-04,6.19E-04,8.01E-04,4.53E-04,5.38E-05,1.10E-03,6.38E-04,9.41E-04,5.96E-04,4.97E-04,4.90E-04,6.43E-04,6.60E-04,3.21E-04,-1.16E-04
990,8.53E-04,7.67E-04,8.34E-04,7.74E-04,7.53E-04,5.31E-04,6.01E-04,7.89E-04,4.46E-04,5.06E-05,1.07E-03,6.25E-04,9.28E-04,5.79E-04,4.83E-04,4.74E-04,6.26E-04,6.46E-04,3.14E-04,-1.16E-04
991,8.36E-04,7.51E-04,8.16E-04,7.60E-04,7.36E-04,5.12E-04,5.84E-04,7.78E-04,4.40E-04,4.80E-05,1.05E-03,6.12E-04,9.15E-04,5.62E-04,4.70E-04,4.58E-04,6.08E-04,6.33E-04,3.07E-04,-1.15E-04
992,8.19E-04,7.36E-04,7.99E-04,7.46E-04,7.20E-04,4.93E-04,5.68E-04,7.67E-04,4.34E-04,4.59E-05,1.02E-03,6.01E-04,9.02E-04,5.45E-04,4.57E-04,4.42E-04,5.92E-04,6.21E-04,3.01E-04,-1.13E-04
993,8.05E-04,7.23E-04,7.83E-04,7.35E-04,7.05E-04,4.77E-04,5.53E-04,7.57E-04,4.28E-04,4.47E-05,1.00E-03,5.90E-04,8.89E-04,5.29E-04,4.45E-04,4.27E-04,5.77E-04,6.10E-04,2.95E-04,-1.10E-04
994,7.91E-04,7.11E-04,7.69E-04,7.26E-04,6.92E-04,4.62E-04,5.40E-04,7.48E-04,4.23E-04,4.45E-05,9.78E-04,5.81E-04,8.76E-04,5.13E-04,4.34E-04,4.14E-04,5.62E-04,6.00E-04,2.91E-04,-1.06E-04
995,7.80E-04,7.01E-04,7.57E-04,7.19E-04,6.81E-04,4.49E-04,5.28E-04,7.40E-04,4.19E-04,4.53E-05,9.57E-04,5.73E-04,8.65E-04,4.98E-04,4.23E-04,4.01E-04,5.49E-04,5.91E-04,2.88E-04,-1.01E-04
996,7.72E-04,6.93E-04,7.48E-04,7.15E-04,6.72E-04,4.39E-04,5.19E-04,7.34E-04,4.16E-04,4.73E-05,9.36E-04,5.66E-04,8.54E-04,4.83E-04,4.14E-04,3.90E-04,5.36E-04,5.83E-04,2.86E-04,-9.44E-05
997,7.66E-04,6.88E-04,7.40E-04,7.14E-04,6.65E-04,4.30E-04,5.11E-04,7.29E-04,4.13E-04,5.04E-05,9.18E-04,5.61E-04,8.43E-04,4.70E-04,4.06E-04,3.79E-04,5.25E-04,5.76E-04,2.85E-04,-8.70E-05
998,7.62E-04,6.84E-04,7.34E-04,7.14E-04,6.59E-04,4.24E-04,5.06E-04,7.25E-04,4.11E-04,5.45E-05,9.00E-04,5.57E-04,8.33E-04,4.57E-04,3.99E-04,3.70E-04,5.15E-04,5.70E-04,2.85E-04,-7.85E-05
999,7.60E-04,6.82E-04,7.31E-04,7.17E-04,6.55E-04,4.19E-04,5.02E-04,7.23E-04,4.09E-04,5.96E-05,8.83E-04,5.55E-04,8.24E-04,4.45E-04,3.93E-04,3.61E-04,5.05E-04,5.65E-04,2.85E-04,-6.91E-05
1000,7.61E-04,6.82E-04,7.28E-04,7.21E-04,6.51E-04,4.16E-04,5.00E-04,7.21E-04,4.07E-04,6.54E-05,8.68E-04,5.53E-04,8.15E-04,4.34E-04,3.87E-04,3.52E-04,4.97E-04,5.60E-04,2.86E-04,-5.90E-05
1001,7.62E-04,6.82E-04,7.27E-04,7.25E-04,6.48E-04,4.13E-04,4.99E-04,7.19E-04,4.05E-04,7.18E-05,8.53E-04,5.52E-04,8.06E-04,4.23E-04,3.81E-04,3.44E-04,4.89E-04,5.54E-04,2.88E-04,-4.85E-05
1002,7.65E-04,6.83E-04,7.26E-04,7.30E-04,6.44E-04,4.10E-04,4.99E-04,7.17E-04,4.03E-04,7.85E-05,8.38E-04,5.51E-04,7.96E-04,4.13E-04,3.75E-04,3.35E-04,4.81E-04,5.49E-04,2.89E-04,-3.77E-05
1003,7.67E-04,6.84E-04,7.25E-04,7.33E-04,6.40E-04,4.07E-04,4.99E-04,7.14E-04,4.00E-04,8.51E-05,8.22E-04,5.51E-04,7.86E-04,4.02E-04,3.69E-04,3.26E-04,4.73E-04,5.43E-04,2.89E-04,-2.70E-05
1004,7.69E-04,6.83E-04,7.23E-04,7.36E-04,6.34E-04,4.03E-04,4.98E-04,7.11E-04,3.97E-04,9.16E-05,8.07E-04,5.49E-04,7.75E-04,3.91E-04,3.62E-04,3.17E-04,4.65E-04,5.35E-04,2.89E-04,-1.65E-05
1005,7.70E-04,6.82E-04,7.20E-04,7.36E-04,6.26E-04,3.96E-04,4.97E-04,7.05E-04,3.93E-04,9.74E-05,7.90E-04,5.48E-04,7.62E-04,3.79E-04,3.54E-04,3.06E-04,4.56E-04,5.27E-04,2.87E-04,-6.59E-06
1006,7.70E-04,6.79E-04,7.15E-04,7.34E-04,6.15E-04,3.88E-04,4.94E-04,6.98E-04,3.88E-04,1.03E-04,7.72E-04,5.45E-04,7.48E-04,3.66E-04,3.45E-04,2.94E-04,4.47E-04,5.17E-04,2.85E-04,2.59E-06
1007,7.67E-04,6.74E-04,7.08E-04,7.28E-04,6.02E-04,3.77E-04,4.89E-04,6.88E-04,3.81E-04,1.07E-04,7.53E-04,5.40E-04,7.32E-04,3.52E-04,3.34E-04,2.80E-04,4.36E-04,5.05E-04,2.81E-04,1.09E-05
1008,7.62E-04,6.66E-04,6.99E-04,7.19E-04,5.85E-04,3.62E-04,4.82E-04,6.76E-04,3.73E-04,1.09E-04,7.32E-04,5.34E-04,7.14E-04,3.37E-04,3.21E-04,2.66E-04,4.25E-04,4.91E-04,2.75E-04,1.81E-05
1009,7.54E-04,6.55E-04,6.86E-04,7.07E-04,5.66E-04,3.45E-04,4.72E-04,6.61E-04,3.64E-04,1.11E-04,7.10E-04,5.27E-04,6.94E-04,3.20E-04,3.07E-04,2.49E-04,4.12E-04,4.76E-04,2.68E-04,2.43E-05
1010,7.43E-04,6.42E-04,6.71E-04,6.90E-04,5.43E-04,3.24E-04,4.60E-04,6.43E-04,3.53E-04,1.11E-04,6.85E-04,5.17E-04,6.72E-04,3.02E-04,2.91E-04,2.32E-04,3.97E-04,4.58E-04,2.59E-04,2.93E-05
1011,7.29E-04,6.26E-04,6.52E-04,6.70E-04,5.17E-04,3.01E-04,4.45E-04,6.23E-04,3.41E-04,1.09E-04,6.59E-04,5.05E-04,6.48E-04,2.83E-04,2.73E-04,2.13E-04,3.81E-04,4.39E-04,2.49E-04,3.32E-05
1012,7.12E-04,6.07E-04,6.31E-04,6.47E-04,4.88E-04,2.74E-04,4.27E-04,5.99E-04,3.27E-04,1.07E-04,6.31E-04,4.92E-04,6.22E-04,2.62E-04,2.54E-04,1.93E-04,3.63E-04,4.18E-04,2.37E-04,3.61E-05
1013,6.93E-04,5.86E-04,6.07E-04,6.20E-04,4.57E-04,2.45E-04,4.07E-04,5.74E-04,3.11E-04,1.02E-04,6.01E-04,4.76E-04,5.94E-04,2.40E-04,2.34E-04,1.73E-04,3.44E-04,3.95E-04,2.24E-04,3.82E-05
1014,6.70E-04,5.62E-04,5.81E-04,5.91E-04,4.23E-04,2.14E-04,3.84E-04,5.45E-04,2.94E-04,9.67E-05,5.70E-04,4.59E-04,5.65E-04,2.17E-04,2.12E-04,1.52E-04,3.23E-04,3.71E-04,2.10E-04,3.94E-05
1015,6.46E-04,5.37E-04,5.52E-04,5.60E-04,3.88E-04,1.81E-04,3.60E-04,5.15E-04,2.76E-04,9.00E-05,5.38E-04,4.40E-04,5.34E-04,1.93E-04,1.90E-04,1.30E-04,3.01E-04,3.45E-04,1.96E-04,4.01E-05
1016,6.19E-04,5.10E-04,5.22E-04,5.27E-04,3.52E-04,1.48E-04,3.34E-04,4.84E-04,2.57E-04,8.23E-05,5.05E-04,4.20E-04,5.02E-04,1.68E-04,1.67E-04,1.09E-04,2.77E-04,3.19E-04,1.81E-04,4.04E-05
1017,5.91E-04,4.82E-04,4.91E-04,4.93E-04,3.16E-04,1.13E-04,3.06E-04,4.51E-04,2.36E-04,7.39E-05,4.71E-04,3.98E-04,4.69E-04,1.42E-04,1.43E-04,8.71E-05,2.52E-04,2.92E-04,1.65E-04,4.05E-05
1018,5.61E-04,4.53E-04,4.58E-04,4.59E-04,2.79E-04,7.94E-05,2.78E-04,4.17E-04,2.15E-04,6.50E-05,4.36E-04,3.76E-04,4.36E-04,1.17E-04,1.19E-04,6.59E-05,2.26E-04,2.64E-04,1.50E-04,4.05E-05
1019,5.31E-04,4.24E-04,4.25E-04,4.24E-04,2.43E-04,4.58E-05,2.49E-04,3.82E-04,1.93E-04,5.59E-05,4.01E-04,3.52E-04,4.02E-04,9.09E-05,9.55E-05,4.52E-05,1.99E-04,2.36E-04,1.35E-04,4.07E-05
1020,5.00E-04,3.95E-04,3.92E-04,3.89E-04,2.07E-04,1.32E-05,2.19E-04,3.47E-04,1.71E-04,4.66E-05,3.65E-04,3.28E-04,3.68E-04,6.52E-05,7.19E-05,2.51E-05,1.71E-04,2.08E-04,1.20E-04,4.11E-05
1021,4.69E-04,3.65E-04,3.58E-04,3.55E-04,1.72E-04,-1.80E-05,1.90E-04,3.12E-04,1.48E-04,3.75E-05,3.29E-04,3.03E-04,3.35E-04,3.97E-05,4.86E-05,5.62E-06,1.42E-04,1.80E-04,1.05E-04,4.19E-05
1022,4.38E-04,3.36E-04,3.25E-04,3.22E-04,1.37E-04,-4.76E-05,1.61E-04,2.77E-04,1.25E-04,2.87E-05,2.94E-04,2.79E-04,3.02E-04,1.45E-05,2.57E-05,-1.31E-05,1.13E-04,1.52E-04,9.13E-05,4.32E-05
1023,4.07E-04,3.07E-04,2.93E-04,2.89E-04,1.05E-04,-7.55E-05,1.32E-04,2.43E-04,1.02E-04,2.04E-05,2.58E-04,2.53E-04,2.69E-04,-1.01E-05,3.29E-06,-3.11E-05,8.41E-05,1.25E-04,7.79E-05,4.51E-05
1024,3.76E-04,2.78E-04,2.61E-04,2.57E-04,7.28E-05,-1.01E-04,1.03E-04,2.08E-04,7.93E-05,1.27E-05,2.23E-04,2.28E-04,2.37E-04,-3.41E-05,-1.85E-05,-4.84E-05,5.45E-05,9.76E-05,6.51E-05,4.77E-05
1025,3.46E-04,2.50E-04,2.29E-04,2.26E-04,4.24E-05,-1.25E-04,7.53E-05,1.75E-04,5.70E-05,5.84E-06,1.88E-04,2.03E-04,2.06E-04,-5.75E-05,-3.98E-05,-6.50E-05,2.48E-05,7.10E-05,5.29E-05,5.09E-05
1026,3.15E-04,2.22E-04,1.99E-04,1.97E-04,1.31E-05,-1.48E-04,4.80E-05,1.41E-04,3.51E-05,-1.54E-07,1.53E-04,1.78E-04,1.75E-04,-8.00E-05,-6.03E-05,-8.08E-05,-4.97E-06,4.50E-05,4.13E-05,5.49E-05
1027,2.86E-04,1.95E-04,1.69E-04,1.68E-04,-1.50E-05,-1.68E-04,2.13E-05,1.09E-04,1.39E-05,-5.20E-06,1.19E-04,1.52E-04,1.46E-04,-1.02E-04,-8.01E-05,-9.60E-05,-3.46E-05,1.98E-05,3.02E-05,5.96E-05
1028,2.57E-04,1.67E-04,1.40E-04,1.40E-04,-4.20E-05,-1.86E-04,-4.80E-06,7.74E-05,-6.50E-06,-9.23E-06,8.55E-05,1.28E-04,1.17E-04,-1.23E-04,-9.92E-05,-1.11E-04,-6.41E-05,-4.79E-06,1.96E-05,6.51E-05
1029,2.28E-04,1.41E-04,1.11E-04,1.13E-04,-6.79E-05,-2.03E-04,-3.03E-05,4.65E-05,-2.60E-05,-1.22E-05,5.29E-05,1.03E-04,8.94E-05,-1.43E-04,-1.17E-04,-1.25E-04,-9.33E-05,-2.85E-05,9.46E-06,7.14E-05
1030,1.99E-04,1.14E-04,8.39E-05,8.62E-05,-9.27E-05,-2.19E-04,-5.52E-05,1.67E-05,-4.45E-05,-1.42E-05,2.13E-05,7.91E-05,6.27E-05,-1.61E-04,-1.35E-04,-1.38E-04,-1.22E-04,-5.15E-05,-2.42E-07,7.85E-05
1031,1.71E-04,8.77E-05,5.73E-05,6.07E-05,-1.16E-04,-2.33E-04,-7.96E-05,-1.22E-05,-6.18E-05,-1.51E-05,-9.15E-06,5.56E-05,3.70E-05,-1.79E-04,-1.51E-04,-1.51E-04,-1.50E-04,-7.35E-05,-9.53E-06,8.64E-05
1032,1.44E-04,6.18E-05,3.16E-05,3.60E-05,-1.39E-04,-2.46E-04,-1.03E-04,-3.99E-05,-7.80E-05,-1.50E-05,-3.84E-05,3.27E-05,1.24E-05,-1.96E-04,-1.67E-04,-1.63E-04,-1.78E-04,-9.46E-05,-1.84E-05,9.51E-05
1033,1.17E-04,3.62E-05,6.85E-06,1.22E-05,-1.61E-04,-2.58E-04,-1.26E-04,-6.64E-05,-9.30E-05,-1.39E-05,-6.61E-05,1.06E-05,-1.10E-05,-2.12E-04,-1.81E-04,-1.74E-04,-2.05E-04,-1.15E-04,-2.69E-05,1.05E-04
1034,9.12E-05,1.12E-05,-1.69E-05,-1.06E-05,-1.81E-04,-2.69E-04,-1.49E-04,-9.15E-05,-1.07E-04,-1.19E-05,-9.24E-05,-1.07E-05,-3.32E-05,-2.26E-04,-1.94E-04,-1.84E-04,-2.31E-04,-1.34E-04,-3.49E-05,1.15E-04
1035,6.59E-05,-1.32E-05,-3.95E-05,-3.24E-05,-2.00E-04,-2.79E-04,-1.71E-04,-1.15E-04,-1.19E-04,-9.07E-06,-1.17E-04,-3.09E-05,-5.42E-05,-2.40E-04,-2.06E-04,-1.94E-04,-2.56E-04,-1.52E-04,-4.25E-05,1.26E-04
1036,4.16E-05,-3.68E-05,-6.09E-05,-5.30E-05,-2.17E-04,-2.88E-04,-1.91E-04,-1.37E-04,-1.31E-04,-5.49E-06,-1.40E-04,-5.01E-05,-7.38E-05,-2.52E-04,-2.16E-04,-2.03E-04,-2.80E-04,-1.69E-04,-4.97E-05,1.37E-04
1037,1.83E-05,-5.94E-05,-8.10E-05,-7.23E-05,-2.33E-04,-2.95E-04,-2.11E-04,-1.57E-04,-1.41E-04,-1.26E-06,-1.61E-04,-6.81E-05,-9.22E-05,-2.63E-04,-2.25E-04,-2.12E-04,-3.02E-04,-1.86E-04,-5.63E-05,1.50E-04
1038,-3.87E-06,-8.10E-05,-9.98E-05,-9.03E-05,-2.48E-04,-3.03E-04,-2.30E-04,-1.76E-04,-1.50E-04,3.51E-06,-1.80E-04,-8.48E-05,-1.09E-04,-2.73E-04,-2.33E-04,-2.19E-04,-3.23E-04,-2.01E-04,-6.25E-05,1.63E-04
1039,-2.48E-05,-1.01E-04,-1.17E-04,-1.07E-04,-2.61E-04,-3.09E-04,-2.47E-04,-1.92E-04,-1.58E-04,8.71E-06,-1.97E-04,-1.00E-04,-1.25E-04,-2.81E-04,-2.39E-04,-2.26E-04,-3.43E-04,-2.15E-04,-6.81E-05,1.76E-04
1040,-4.43E-05,-1.20E-04,-1.33E-04,-1.22E-04,-2.72E-04,-3.14E-04,-2.63E-04,-2.07E-04,-1.65E-04,1.42E-05,-2.13E-04,-1.14E-04,-1.39E-04,-2.89E-04,-2.44E-04,-2.32E-04,-3.61E-04,-2.28E-04,-7.32E-05,1.90E-04
1041,-6.25E-05,-1.38E-04,-1.47E-04,-1.36E-04,-2.81E-04,-3.18E-04,-2.78E-04,-2.20E-04,-1.71E-04,1.99E-05,-2.27E-04,-1.27E-04,-1.52E-04,-2.95E-04,-2.48E-04,-2.37E-04,-3.77E-04,-2.40E-04,-7.78E-05,2.05E-04
1042,-7.92E-05,-1.54E-04,-1.60E-04,-1.48E-04,-2.89E-04,-3.22E-04,-2.91E-04,-2.31E-04,-1.77E-04,2.56E-05,-2.39E-04,-1.39E-04,-1.64E-04,-3.01E-04,-2.51E-04,-2.42E-04,-3.92E-04,-2.52E-04,-8.19E-05,2.19E-04
1043,-9.46E-05,-1.68E-04,-1.72E-04,-1.59E-04,-2.96E-04,-3.25E-04,-3.02E-04,-2.40E-04,-1.82E-04,3.13E-05,-2.51E-04,-1.49E-04,-1.74E-04,-3.06E-04,-2.52E-04,-2.47E-04,-4.05E-04,-2.62E-04,-8.56E-05,2.34E-04
1044,-1.09E-04,-1.81E-04,-1.82E-04,-1.69E-04,-3.01E-04,-3.27E-04,-3.12E-04,-2.48E-04,-1.86E-04,3.68E-05,-2.61E-04,-1.58E-04,-1.83E-04,-3.11E-04,-2.53E-04,-2.50E-04,-4.16E-04,-2.72E-04,-8.89E-05,2.49E-04
1045,-1.21E-04,-1.92E-04,-1.90E-04,-1.77E-04,-3.05E-04,-3.29E-04,-3.21E-04,-2.54E-04,-1.90E-04,4.20E-05,-2.70E-04,-1.66E-04,-1.92E-04,-3.15E-04,-2.53E-04,-2.54E-04,-4.26E-04,-2.81E-04,-9.20E-05,2.63E-04
1046,-1.33E-04,-2.02E-04,-1.98E-04,-1.85E-04,-3.08E-04,-3.30E-04,-3.28E-04,-2.59E-04,-1.93E-04,4.69E-05,-2.78E-04,-1.74E-04,-1.99E-04,-3.18E-04,-2.52E-04,-2.58E-04,-4.35E-04,-2.90E-04,-9.48E-05,2.77E-04
1047,-1.43E-04,-2.11E-04,-2.04E-04,-1.92E-04,-3.10E-04,-3.30E-04,-3.33E-04,-2.63E-04,-1.96E-04,5.13E-05,-2.86E-04,-1.80E-04,-2.06E-04,-3.22E-04,-2.51E-04,-2.61E-04,-4.42E-04,-2.98E-04,-9.74E-05,2.91E-04
1048,-1.53E-04,-2.18E-04,-2.10E-04,-1.98E-04,-3.11E-04,-3.31E-04,-3.37E-04,-2.66E-04,-1.99E-04,5.54E-05,-2.94E-04,-1.86E-04,-2.12E-04,-3.25E-04,-2.50E-04,-2.64E-04,-4.48E-04,-3.05E-04,-9.99E-05,3.04E-04
1049,-1.61E-04,-2.24E-04,-2.14E-04,-2.04E-04,-3.12E-04,-3.31E-04,-3.40E-04,-2.68E-04,-2.01E-04,5.89E-05,-3.01E-04,-1.92E-04,-2.18E-04,-3.29E-04,-2.48E-04,-2.67E-04,-4.53E-04,-3.12E-04,-1.02E-04,3.17E-04
1050,-1.69E-04,-2.29E-04,-2.18E-04,-2.09E-04,-3.12E-04,-3.30E-04,-3.42E-04,-2.69E-04,-2.03E-04,6.21E-05,-3.08E-04,-1.96E-04,-2.23E-04,-3.32E-04,-2.46E-04,-2.70E-04,-4.57E-04,-3.19E-04,-1.05E-04,3.30E-04
1051,-1.77E-04,-2.32E-04,-2.21E-04,-2.14E-04,-3.13E-04,-3.30E-04,-3.42E-04,-2.70E-04,-2.05E-04,6.48E-05,-3.15E-04,-2.01E-04,-2.27E-04,-3.36E-04,-2.44E-04,-2.74E-04,-4.60E-04,-3.25E-04,-1.07E-04,3.41E-04
1052,-1.83E-04,-2.35E-04,-2.24E-04,-2.18E-04,-3.13E-04,-3.29E-04,-3.41E-04,-2.70E-04,-2.06E-04,6.72E-05,-3.21E-04,-2.05E-04,-2.32E-04,-3.40E-04,-2.41E-04,-2.77E-04,-4.63E-04,-3.30E-04,-1.10E-04,3.52E-04
1053,-1.89E-04,-2.37E-04,-2.26E-04,-2.23E-04,-3.12E-04,-3.28E-04,-3.40E-04,-2.70E-04,-2.07E-04,6.93E-05,-3.28E-04,-2.09E-04,-2.36E-04,-3.44E-04,-2.39E-04,-2.79E-04,-4.65E-04,-3.36E-04,-1.12E-04,3.63E-04
1054,-1.95E-04,-2.38E-04,-2.28E-04,-2.27E-04,-3.12E-04,-3.26E-04,-3.37E-04,-2.70E-04,-2.08E-04,7.13E-05,-3.34E-04,-2.12E-04,-2.39E-04,-3.49E-04,-2.36E-04,-2.82E-04,-4.67E-04,-3.41E-04,-1.15E-04,3.73E-04
1055,-2.00E-04,-2.38E-04,-2.29E-04,-2.30E-04,-3.11E-04,-3.24E-04,-3.33E-04,-2.70E-04,-2.08E-04,7.32E-05,-3.40E-04,-2.15E-04,-2.43E-04,-3.53E-04,-2.32E-04,-2.84E-04,-4.69E-04,-3.45E-04,-1.17E-04,3.83E-04
1056,-2.05E-04,-2.37E-04,-2.30E-04,-2.34E-04,-3.10E-04,-3.21E-04,-3.29E-04,-2.70E-04,-2.07E-04,7.51E-05,-3.45E-04,-2.18E-04,-2.46E-04,-3.57E-04,-2.28E-04,-2.86E-04,-4.70E-04,-3.49E-04,-1.19E-04,3.93E-04
1057,-2.09E-04,-2.36E-04,-2.30E-04,-2.36E-04,-3.08E-04,-3.17E-04,-3.24E-04,-2.69E-04,-2.06E-04,7.72E-05,-3.50E-04,-2.20E-04,-2.48E-04,-3.61E-04,-2.24E-04,-2.87E-04,-4.71E-04,-3.53E-04,-1.21E-04,4.02E-04
1058,-2.12E-04,-2.33E-04,-2.30E-04,-2.38E-04,-3.06E-04,-3.13E-04,-3.17E-04,-2.68E-04,-2.05E-04,7.94E-05,-3.54E-04,-2.22E-04,-2.50E-04,-3.65E-04,-2.19E-04,-2.87E-04,-4.72E-04,-3.56E-04,-1.23E-04,4.11E-04
1059,-2.15E-04,-2.30E-04,-2.29E-04,-2.40E-04,-3.03E-04,-3.07E-04,-3.10E-04,-2.66E-04,-2.03E-04,8.19E-05,-3.58E-04,-2.24E-04,-2.52E-04,-3.68E-04,-2.14E-04,-2.87E-04,-4.72E-04,-3.59E-04,-1.24E-04,4.20E-04
1060,-2.16E-04,-2.26E-04,-2.28E-04,-2.41E-04,-3.00E-04,-3.00E-04,-3.02E-04,-2.65E-04,-2.01E-04,8.48E-05,-3.61E-04,-2.24E-04,-2.53E-04,-3.70E-04,-2.07E-04,-2.86E-04,-4.72E-04,-3.61E-04,-1.25E-04,4.28E-04
1061,-2.18E-04,-2.21E-04,-2.26E-04,-2.40E-04,-2.95E-04,-2.93E-04,-2.94E-04,-2.62E-04,-1.99E-04,8.79E-05,-3.63E-04,-2.24E-04,-2.54E-04,-3.72E-04,-2.01E-04,-2.83E-04,-4.72E-04,-3.63E-04,-1.26E-04,4.37E-04
1062,-2.18E-04,-2.15E-04,-2.24E-04,-2.39E-04,-2.90E-04,-2.84E-04,-2.84E-04,-2.60E-04,-1.96E-04,9.13E-05,-3.64E-04,-2.24E-04,-2.54E-04,-3.74E-04,-1.93E-04,-2.80E-04,-4.72E-04,-3.65E-04,-1.26E-04,4.45E-04
1063,-2.18E-04,-2.08E-04,-2.21E-04,-2.38E-04,-2.84E-04,-2.74E-04,-2.74E-04,-2.57E-04,-1.93E-04,9.49E-05,-3.65E-04,-2.23E-04,-2.53E-04,-3.74E-04,-1.85E-04,-2.76E-04,-4.71E-04,-3.66E-04,-1.26E-04,4.53E-04
1064,-2.17E-04,-2.01E-04,-2.18E-04,-2.35E-04,-2.78E-04,-2.63E-04,-2.63E-04,-2.54E-04,-1.90E-04,9.87E-05,-3.65E-04,-2.21E-04,-2.52E-04,-3.74E-04,-1.77E-04,-2.71E-04,-4.70E-04,-3.66E-04,-1.26E-04,4.60E-04
1065,-2.16E-04,-1.93E-04,-2.15E-04,-2.33E-04,-2.71E-04,-2.52E-04,-2.52E-04,-2.51E-04,-1.87E-04,1.03E-04,-3.65E-04,-2.19E-04,-2.50E-04,-3.73E-04,-1.68E-04,-2.65E-04,-4.68E-04,-3.67E-04,-1.25E-04,4.67E-04
1066,-2.14E-04,-1.85E-04,-2.12E-04,-2.29E-04,-2.64E-04,-2.41E-04,-2.40E-04,-2.48E-04,-1.85E-04,1.06E-04,-3.65E-04,-2.17E-04,-2.49E-04,-3.72E-04,-1.60E-04,-2.58E-04,-4.66E-04,-3.67E-04,-1.25E-04,4.74E-04
1067,-2.12E-04,-1.77E-04,-2.09E-04,-2.26E-04,-2.56E-04,-2.29E-04,-2.29E-04,-2.45E-04,-1.82E-04,1.10E-04,-3.64E-04,-2.14E-04,-2.47E-04,-3.70E-04,-1.51E-04,-2.52E-04,-4.63E-04,-3.67E-04,-1.24E-04,4.79E-04
1068,-2.10E-04,-1.69E-04,-2.06E-04,-2.23E-04,-2.49E-04,-2.17E-04,-2.17E-04,-2.43E-04,-1.80E-04,1.13E-04,-3.65E-04,-2.11E-04,-2.45E-04,-3.67E-04,-1.43E-04,-2.44E-04,-4.61E-04,-3.67E-04,-1.23E-04,4.84E-04
1069,-2.09E-04,-1.61E-04,-2.03E-04,-2.20E-04,-2.43E-04,-2.06E-04,-2.06E-04,-2.41E-04,-1.78E-04,1.16E-04,-3.65E-04,-2.09E-04,-2.43E-04,-3.65E-04,-1.36E-04,-2.37E-04,-4.58E-04,-3.67E-04,-1.23E-04,4.87E-04
1070,-2.07E-04,-1.53E-04,-2.01E-04,-2.18E-04,-2.37E-04,-1.96E-04,-1.95E-04,-2.39E-04,-1.77E-04,1.18E-04,-3.67E-04,-2.06E-04,-2.42E-04,-3.62E-04,-1.29E-04,-2.29E-04,-4.54E-04,-3.67E-04,-1.22E-04,4.90E-04
1071,-2.07E-04,-1.47E-04,-2.00E-04,-2.17E-04,-2.33E-04,-1.87E-04,-1.86E-04,-2.39E-04,-1.77E-04,1.19E-04,-3.69E-04,-2.04E-04,-2.41E-04,-3.60E-04,-1.24E-04,-2.21E-04,-4.51E-04,-3.67E-04,-1.23E-04,4.91E-04
1072,-2.07E-04,-1.41E-04,-2.00E-04,-2.17E-04,-2.29E-04,-1.79E-04,-1.77E-04,-2.40E-04,-1.77E-04,1.20E-04,-3.73E-04,-2.03E-04,-2.40E-04,-3.58E-04,-1.19E-04,-2.14E-04,-4.48E-04,-3.68E-04,-1.23E-04,4.92E-04
1073,-2.08E-04,-1.36E-04,-2.01E-04,-2.19E-04,-2.27E-04,-1.73E-04,-1.69E-04,-2.42E-04,-1.78E-04,1.20E-04,-3.78E-04,-2.03E-04,-2.41E-04,-3.56E-04,-1.16E-04,-2.07E-04,-4.45E-04,-3.70E-04,-1.25E-04,4.91E-04
1074,-2.10E-04,-1.33E-04,-2.03E-04,-2.21E-04,-2.27E-04,-1.68E-04,-1.62E-04,-2.45E-04,-1.79E-04,1.19E-04,-3.84E-04,-2.03E-04,-2.42E-04,-3.54E-04,-1.13E-04,-2.00E-04,-4.43E-04,-3.72E-04,-1.27E-04,4.88E-04
1075,-2.13E-04,-1.30E-04,-2.06E-04,-2.25E-04,-2.28E-04,-1.64E-04,-1.57E-04,-2.49E-04,-1.81E-04,1.17E-04,-3.91E-04,-2.04E-04,-2.45E-04,-3.53E-04,-1.12E-04,-1.94E-04,-4.41E-04,-3.74E-04,-1.29E-04,4.85E-04
1076,-2.17E-04,-1.29E-04,-2.10E-04,-2.31E-04,-2.31E-04,-1.62E-04,-1.54E-04,-2.56E-04,-1.84E-04,1.15E-04,-4.00E-04,-2.06E-04,-2.48E-04,-3.53E-04,-1.12E-04,-1.88E-04,-4.40E-04,-3.77E-04,-1.32E-04,4.81E-04
1077,-2.23E-04,-1.28E-04,-2.15E-04,-2.37E-04,-2.35E-04,-1.62E-04,-1.52E-04,-2.63E-04,-1.87E-04,1.12E-04,-4.09E-04,-2.09E-04,-2.53E-04,-3.53E-04,-1.14E-04,-1.83E-04,-4.39E-04,-3.81E-04,-1.36E-04,4.76E-04
1078,-2.29E-04,-1.29E-04,-2.21E-04,-2.45E-04,-2.40E-04,-1.62E-04,-1.51E-04,-2.72E-04,-1.90E-04,1.08E-04,-4.20E-04,-2.13E-04,-2.58E-04,-3.53E-04,-1.15E-04,-1.78E-04,-4.39E-04,-3.85E-04,-1.39E-04,4.70E-04
1079,-2.37E-04,-1.31E-04,-2.27E-04,-2.54E-04,-2.47E-04,-1.63E-04,-1.51E-04,-2.81E-04,-1.94E-04,1.04E-04,-4.31E-04,-2.17E-04,-2.64E-04,-3.54E-04,-1.18E-04,-1.73E-04,-4.40E-04,-3.89E-04,-1.44E-04,4.64E-04
1080,-2.45E-04,-1.33E-04,-2.35E-04,-2.63E-04,-2.54E-04,-1.65E-04,-1.53E-04,-2.92E-04,-1.97E-04,9.99E-05,-4.43E-04,-2.22E-04,-2.71E-04,-3.56E-04,-1.21E-04,-1.68E-04,-4.41E-04,-3.94E-04,-1.48E-04,4.58E-04
1081,-2.54E-04,-1.36E-04,-2.42E-04,-2.73E-04,-2.61E-04,-1.66E-04,-1.55E-04,-3.03E-04,-2.01E-04,9.59E-05,-4.55E-04,-2.28E-04,-2.79E-04,-3.57E-04,-1.24E-04,-1.64E-04,-4.43E-04,-3.99E-04,-1.52E-04,4.51E-04
1082,-2.63E-04,-1.39E-04,-2.50E-04,-2.82E-04,-2.68E-04,-1.67E-04,-1.58E-04,-3.14E-04,-2.04E-04,9.21E-05,-4.67E-04,-2.34E-04,-2.87E-04,-3.58E-04,-1.27E-04,-1.59E-04,-4.45E-04,-4.04E-04,-1.56E-04,4.45E-04
1083,-2.73E-04,-1.43E-04,-2.57E-04,-2.92E-04,-2.75E-04,-1.67E-04,-1.61E-04,-3.26E-04,-2.07E-04,8.88E-05,-4.79E-04,-2.40E-04,-2.95E-04,-3.59E-04,-1.30E-04,-1.54E-04,-4.48E-04,-4.09E-04,-1.60E-04,4.39E-04
1084,-2.83E-04,-1.47E-04,-2.64E-04,-3.01E-04,-2.82E-04,-1.67E-04,-1.65E-04,-3.37E-04,-2.09E-04,8.62E-05,-4.90E-04,-2.46E-04,-3.03E-04,-3.60E-04,-1.33E-04,-1.49E-04,-4.52E-04,-4.14E-04,-1.63E-04,4.34E-04
1085,-2.92E-04,-1.50E-04,-2.71E-04,-3.09E-04,-2.87E-04,-1.64E-04,-1.68E-04,-3.47E-04,-2.11E-04,8.43E-05,-5.00E-04,-2.52E-04,-3.11E-04,-3.60E-04,-1.35E-04,-1.44E-04,-4.55E-04,-4.18E-04,-1.65E-04,4.30E-04
1086,-3.01E-04,-1.53E-04,-2.77E-04,-3.16E-04,-2.91E-04,-1.60E-04,-1.71E-04,-3.57E-04,-2.13E-04,8.35E-05,-5.09E-04,-2.58E-04,-3.18E-04,-3.60E-04,-1.36E-04,-1.38E-04,-4.58E-04,-4.22E-04,-1.67E-04,4.26E-04
1087,-3.10E-04,-1.56E-04,-2.83E-04,-3.22E-04,-2.94E-04,-1.54E-04,-1.73E-04,-3.65E-04,-2.13E-04,8.37E-05,-5.17E-04,-2.62E-04,-3.24E-04,-3.58E-04,-1.36E-04,-1.31E-04,-4.62E-04,-4.25E-04,-1.67E-04,4.23E-04
1088,-3.18E-04,-1.58E-04,-2.87E-04,-3.27E-04,-2.95E-04,-1.45E-04,-1.74E-04,-3.72E-04,-2.12E-04,8.50E-05,-5.24E-04,-2.67E-04,-3.30E-04,-3.56E-04,-1.35E-04,-1.24E-04,-4.65E-04,-4.27E-04,-1.67E-04,4.21E-04
1089,-3.25E-04,-1.60E-04,-2.91E-04,-3.31E-04,-2.95E-04,-1.35E-04,-1.75E-04,-3.78E-04,-2.11E-04,8.75E-05,-5.29E-04,-2.70E-04,-3.35E-04,-3.53E-04,-1.34E-04,-1.16E-04,-4.67E-04,-4.28E-04,-1.66E-04,4.20E-04
1090,-3.31E-04,-1.61E-04,-2.94E-04,-3.33E-04,-2.92E-04,-1.23E-04,-1.74E-04,-3.82E-04,-2.08E-04,9.11E-05,-5.32E-04,-2.73E-04,-3.38E-04,-3.49E-04,-1.31E-04,-1.08E-04,-4.69E-04,-4.29E-04,-1.64E-04,4.19E-04
1091,-3.36E-04,-1.62E-04,-2.96E-04,-3.33E-04,-2.89E-04,-1.08E-04,-1.73E-04,-3.84E-04,-2.05E-04,9.57E-05,-5.34E-04,-2.75E-04,-3.41E-04,-3.44E-04,-1.28E-04,-9.98E-05,-4.71E-04,-4.28E-04,-1.61E-04,4.20E-04
1092,-3.41E-04,-1.62E-04,-2.97E-04,-3.33E-04,-2.83E-04,-9.27E-05,-1.71E-04,-3.85E-04,-2.00E-04,1.01E-04,-5.34E-04,-2.76E-04,-3.42E-04,-3.38E-04,-1.24E-04,-9.09E-05,-4.71E-04,-4.27E-04,-1.57E-04,4.21E-04
1093,-3.44E-04,-1.63E-04,-2.97E-04,-3.32E-04,-2.77E-04,-7.57E-05,-1.68E-04,-3.85E-04,-1.95E-04,1.08E-04,-5.34E-04,-2.76E-04,-3.43E-04,-3.31E-04,-1.19E-04,-8.16E-05,-4.72E-04,-4.25E-04,-1.52E-04,4.23E-04
1094,-3.47E-04,-1.63E-04,-2.97E-04,-3.30E-04,-2.69E-04,-5.79E-05,-1.65E-04,-3.83E-04,-1.89E-04,1.15E-04,-5.32E-04,-2.76E-04,-3.42E-04,-3.24E-04,-1.13E-04,-7.22E-05,-4.71E-04,-4.22E-04,-1.47E-04,4.25E-04
1095,-3.50E-04,-1.63E-04,-2.97E-04,-3.27E-04,-2.61E-04,-3.97E-05,-1.62E-04,-3.80E-04,-1.83E-04,1.22E-04,-5.29E-04,-2.75E-04,-3.41E-04,-3.16E-04,-1.07E-04,-6.26E-05,-4.70E-04,-4.18E-04,-1.41E-04,4.27E-04
1096,-3.52E-04,-1.64E-04,-2.96E-04,-3.24E-04,-2.52E-04,-2.16E-05,-1.59E-04,-3.76E-04,-1.76E-04,1.30E-04,-5.25E-04,-2.74E-04,-3.39E-04,-3.07E-04,-1.01E-04,-5.32E-05,-4.69E-04,-4.14E-04,-1.35E-04,4.29E-04
1097,-3.53E-04,-1.64E-04,-2.95E-04,-3.21E-04,-2.44E-04,-3.95E-06,-1.56E-04,-3.72E-04,-1.69E-04,1.37E-04,-5.21E-04,-2.72E-04,-3.37E-04,-2.98E-04,-9.38E-05,-4.39E-05,-4.67E-04,-4.09E-04,-1.29E-04,4.31E-04
1098,-3.55E-04,-1.66E-04,-2.94E-04,-3.19E-04,-2.35E-04,1.27E-05,-1.54E-04,-3.68E-04,-1.61E-04,1.44E-04,-5.17E-04,-2.70E-04,-3.34E-04,-2.89E-04,-8.71E-05,-3.50E-05,-4.65E-04,-4.05E-04,-1.23E-04,4.33E-04
1099,-3.56E-04,-1.68E-04,-2.94E-04,-3.16E-04,-2.27E-04,2.81E-05,-1.53E-04,-3.64E-04,-1.55E-04,1.51E-04,-5.12E-04,-2.69E-04,-3.32E-04,-2.80E-04,-8.05E-05,-2.66E-05,-4.63E-04,-4.00E-04,-1.18E-04,4.35E-04
1100,-3.58E-04,-1.71E-04,-2.93E-04,-3.15E-04,-2.19E-04,4.18E-05,-1.53E-04,-3.60E-04,-1.48E-04,1.56E-04,-5.08E-04,-2.67E-04,-3.30E-04,-2.71E-04,-7.42E-05,-1.89E-05,-4.61E-04,-3.95E-04,-1.12E-04,4.36E-04
1101,-3.60E-04,-1.74E-04,-2.93E-04,-3.14E-04,-2.13E-04,5.35E-05,-1.54E-04,-3.57E-04,-1.42E-04,1.61E-04,-5.05E-04,-2.66E-04,-3.28E-04,-2.63E-04,-6.83E-05,-1.20E-05,-4.59E-04,-3.90E-04,-1.07E-04,4.36E-04
1102,-3.62E-04,-1.78E-04,-2.94E-04,-3.14E-04,-2.07E-04,6.30E-05,-1.57E-04,-3.55E-04,-1.37E-04,1.65E-04,-5.02E-04,-2.66E-04,-3.27E-04,-2.55E-04,-6.30E-05,-5.92E-06,-4.58E-04,-3.86E-04,-1.03E-04,4.36E-04
1103,-3.65E-04,-1.84E-04,-2.95E-04,-3.15E-04,-2.03E-04,7.02E-05,-1.62E-04,-3.54E-04,-1.33E-04,1.67E-04,-5.01E-04,-2.66E-04,-3.27E-04,-2.48E-04,-5.83E-05,-9.17E-07,-4.58E-04,-3.83E-04,-9.88E-05,4.35E-04
1104,-3.69E-04,-1.90E-04,-2.97E-04,-3.17E-04,-2.01E-04,7.51E-05,-1.68E-04,-3.54E-04,-1.30E-04,1.67E-04,-5.00E-04,-2.68E-04,-3.28E-04,-2.41E-04,-5.45E-05,2.95E-06,-4.58E-04,-3.80E-04,-9.58E-05,4.33E-04
1105,-3.73E-04,-1.97E-04,-3.00E-04,-3.20E-04,-2.00E-04,7.77E-05,-1.76E-04,-3.55E-04,-1.28E-04,1.67E-04,-5.01E-04,-2.70E-04,-3.30E-04,-2.36E-04,-5.17E-05,5.60E-06,-4.58E-04,-3.78E-04,-9.36E-05,4.29E-04
1106,-3.78E-04,-2.05E-04,-3.03E-04,-3.25E-04,-2.00E-04,7.81E-05,-1.85E-04,-3.58E-04,-1.28E-04,1.65E-04,-5.03E-04,-2.73E-04,-3.33E-04,-2.32E-04,-4.99E-05,6.97E-06,-4.60E-04,-3.76E-04,-9.23E-05,4.25E-04
1107,-3.84E-04,-2.14E-04,-3.07E-04,-3.30E-04,-2.01E-04,7.64E-05,-1.96E-04,-3.62E-04,-1.29E-04,1.61E-04,-5.06E-04,-2.77E-04,-3.37E-04,-2.29E-04,-4.92E-05,7.01E-06,-4.63E-04,-3.76E-04,-9.18E-05,4.20E-04
1108,-3.91E-04,-2.23E-04,-3.12E-04,-3.36E-04,-2.04E-04,7.29E-05,-2.07E-04,-3.67E-04,-1.30E-04,1.56E-04,-5.10E-04,-2.82E-04,-3.42E-04,-2.27E-04,-4.98E-05,5.71E-06,-4.66E-04,-3.76E-04,-9.22E-05,4.14E-04
1109,-3.99E-04,-2.34E-04,-3.17E-04,-3.44E-04,-2.08E-04,6.77E-05,-2.20E-04,-3.73E-04,-1.33E-04,1.50E-04,-5.16E-04,-2.88E-04,-3.49E-04,-2.26E-04,-5.16E-05,3.06E-06,-4.71E-04,-3.77E-04,-9.34E-05,4.07E-04
1110,-4.07E-04,-2.45E-04,-3.24E-04,-3.52E-04,-2.13E-04,6.13E-05,-2.33E-04,-3.80E-04,-1.37E-04,1.43E-04,-5.22E-04,-2.95E-04,-3.56E-04,-2.26E-04,-5.46E-05,-8.87E-07,-4.76E-04,-3.79E-04,-9.54E-05,3.99E-04
1111,-4.16E-04,-2.56E-04,-3.31E-04,-3.60E-04,-2.19E-04,5.38E-05,-2.47E-04,-3.88E-04,-1.42E-04,1.35E-04,-5.29E-04,-3.03E-04,-3.63E-04,-2.27E-04,-5.89E-05,-6.08E-06,-4.82E-04,-3.81E-04,-9.81E-05,3.91E-04
1112,-4.26E-04,-2.68E-04,-3.39E-04,-3.70E-04,-2.25E-04,4.56E-05,-2.60E-04,-3.96E-04,-1.47E-04,1.26E-04,-5.37E-04,-3.11E-04,-3.71E-04,-2.29E-04,-6.44E-05,-1.24E-05,-4.88E-04,-3.84E-04,-1.02E-04,3.81E-04
1113,-4.37E-04,-2.81E-04,-3.47E-04,-3.79E-04,-2.32E-04,3.70E-05,-2.74E-04,-4.04E-04,-1.53E-04,1.17E-04,-5.45E-04,-3.20E-04,-3.80E-04,-2.32E-04,-7.10E-05,-1.98E-05,-4.95E-04,-3.88E-04,-1.06E-04,3.71E-04
1114,-4.48E-04,-2.93E-04,-3.55E-04,-3.89E-04,-2.39E-04,2.81E-05,-2.87E-04,-4.12E-04,-1.59E-04,1.08E-04,-5.53E-04,-3.29E-04,-3.89E-04,-2.35E-04,-7.87E-05,-2.81E-05,-5.03E-04,-3.92E-04,-1.10E-04,3.60E-04
1115,-4.59E-04,-3.06E-04,-3.64E-04,-3.99E-04,-2.46E-04,1.93E-05,-3.00E-04,-4.19E-04,-1.66E-04,9.92E-05,-5.62E-04,-3.38E-04,-3.98E-04,-2.40E-04,-8.74E-05,-3.72E-05,-5.10E-04,-3.96E-04,-1.15E-04,3.49E-04
1116,-4.70E-04,-3.18E-04,-3.73E-04,-4.09E-04,-2.53E-04,1.06E-05,-3.11E-04,-4.27E-04,-1.72E-04,9.02E-05,-5.69E-04,-3.47E-04,-4.06E-04,-2.44E-04,-9.68E-05,-4.68E-05,-5.18E-04,-4.01E-04,-1.20E-04,3.38E-04
1117,-4.82E-04,-3.30E-04,-3.82E-04,-4.19E-04,-2.60E-04,2.38E-06,-3.22E-04,-4.33E-04,-1.78E-04,8.17E-05,-5.77E-04,-3.56E-04,-4.15E-04,-2.49E-04,-1.07E-04,-5.68E-05,-5.26E-04,-4.05E-04,-1.25E-04,3.27E-04
1118,-4.93E-04,-3.42E-04,-3.91E-04,-4.28E-04,-2.67E-04,-5.40E-06,-3.32E-04,-4.39E-04,-1.83E-04,7.36E-05,-5.83E-04,-3.65E-04,-4.23E-04,-2.54E-04,-1.17E-04,-6.70E-05,-5.33E-04,-4.10E-04,-1.31E-04,3.15E-04
1119,-5.03E-04,-3.53E-04,-3.99E-04,-4.37E-04,-2.73E-04,-1.26E-05,-3.41E-04,-4.44E-04,-1.89E-04,6.62E-05,-5.89E-04,-3.73E-04,-4.30E-04,-2.60E-04,-1.28E-04,-7.73E-05,-5.40E-04,-4.15E-04,-1.36E-04,3.04E-04
1120,-5.14E-04,-3.64E-04,-4.07E-04,-4.45E-04,-2.78E-04,-1.91E-05,-3.48E-04,-4.48E-04,-1.94E-04,5.94E-05,-5.94E-04,-3.80E-04,-4.37E-04,-2.65E-04,-1.39E-04,-8.74E-05,-5.47E-04,-4.19E-04,-1.41E-04,2.94E-04
1121,-5.23E-04,-3.73E-04,-4.14E-04,-4.53E-04,-2.82E-04,-2.50E-05,-3.55E-04,-4.51E-04,-1.98E-04,5.34E-05,-5.99E-04,-3.87E-04,-4.44E-04,-2.69E-04,-1.50E-04,-9.71E-05,-5.53E-04,-4.23E-04,-1.46E-04,2.83E-04
1122,-5.32E-04,-3.82E-04,-4.21E-04,-4.60E-04,-2.86E-04,-3.02E-05,-3.60E-04,-4.53E-04,-2.02E-04,4.81E-05,-6.02E-04,-3.93E-04,-4.49E-04,-2.74E-04,-1.60E-04,-1.06E-04,-5.59E-04,-4.26E-04,-1.50E-04,2.74E-04
1123,-5.39E-04,-3.89E-04,-4.26E-04,-4.67E-04,-2.88E-04,-3.48E-05,-3.65E-04,-4.55E-04,-2.06E-04,4.35E-05,-6.05E-04,-3.98E-04,-4.54E-04,-2.78E-04,-1.70E-04,-1.15E-04,-5.63E-04,-4.29E-04,-1.54E-04,2.65E-04
1124,-5.46E-04,-3.96E-04,-4.31E-04,-4.72E-04,-2.90E-04,-3.87E-05,-3.68E-04,-4.56E-04,-2.09E-04,3.96E-05,-6.06E-04,-4.02E-04,-4.58E-04,-2.81E-04,-1.80E-04,-1.23E-04,-5.67E-04,-4.31E-04,-1.57E-04,2.57E-04
1125,-5.51E-04,-4.01E-04,-4.34E-04,-4.77E-04,-2.92E-04,-4.20E-05,-3.71E-04,-4.56E-04,-2.12E-04,3.62E-05,-6.08E-04,-4.06E-04,-4.62E-04,-2.84E-04,-1.89E-04,-1.30E-04,-5.70E-04,-4.33E-04,-1.60E-04,2.49E-04
1126,-5.56E-04,-4.04E-04,-4.36E-04,-4.81E-04,-2.92E-04,-4.48E-05,-3.73E-04,-4.56E-04,-2.15E-04,3.33E-05,-6.08E-04,-4.08E-04,-4.65E-04,-2.87E-04,-1.97E-04,-1.36E-04,-5.72E-04,-4.34E-04,-1.63E-04,2.43E-04
1127,-5.59E-04,-4.07E-04,-4.37E-04,-4.84E-04,-2.92E-04,-4.71E-05,-3.74E-04,-4.55E-04,-2.17E-04,3.08E-05,-6.09E-04,-4.10E-04,-4.68E-04,-2.89E-04,-2.05E-04,-1.42E-04,-5.74E-04,-4.35E-04,-1.65E-04,2.37E-04
1128,-5.61E-04,-4.08E-04,-4.37E-04,-4.87E-04,-2.91E-04,-4.90E-05,-3.75E-04,-4.54E-04,-2.20E-04,2.86E-05,-6.09E-04,-4.11E-04,-4.70E-04,-2.90E-04,-2.11E-04,-1.46E-04,-5.75E-04,-4.35E-04,-1.66E-04,2.31E-04
1129,-5.63E-04,-4.08E-04,-4.36E-04,-4.88E-04,-2.90E-04,-5.06E-05,-3.75E-04,-4.53E-04,-2.22E-04,2.65E-05,-6.09E-04,-4.11E-04,-4.71E-04,-2.92E-04,-2.17E-04,-1.50E-04,-5.75E-04,-4.34E-04,-1.68E-04,2.26E-04
1130,-5.63E-04,-4.08E-04,-4.35E-04,-4.90E-04,-2.89E-04,-5.19E-05,-3.75E-04,-4.52E-04,-2.25E-04,2.44E-05,-6.09E-04,-4.11E-04,-4.72E-04,-2.92E-04,-2.23E-04,-1.54E-04,-5.74E-04,-4.33E-04,-1.68E-04,2.22E-04
1131,-5.63E-04,-4.06E-04,-4.33E-04,-4.90E-04,-2.87E-04,-5.30E-05,-3.75E-04,-4.51E-04,-2.27E-04,2.23E-05,-6.09E-04,-4.11E-04,-4.73E-04,-2.93E-04,-2.27E-04,-1.56E-04,-5.73E-04,-4.32E-04,-1.69E-04,2.17E-04
1132,-5.62E-04,-4.04E-04,-4.30E-04,-4.91E-04,-2.86E-04,-5.40E-05,-3.74E-04,-4.49E-04,-2.30E-04,2.01E-05,-6.09E-04,-4.10E-04,-4.74E-04,-2.94E-04,-2.32E-04,-1.58E-04,-5.71E-04,-4.31E-04,-1.70E-04,2.13E-04
1133,-5.61E-04,-4.01E-04,-4.27E-04,-4.91E-04,-2.85E-04,-5.50E-05,-3.74E-04,-4.49E-04,-2.32E-04,1.77E-05,-6.09E-04,-4.09E-04,-4.74E-04,-2.94E-04,-2.35E-04,-1.60E-04,-5.69E-04,-4.29E-04,-1.70E-04,2.09E-04
1134,-5.59E-04,-3.99E-04,-4.25E-04,-4.92E-04,-2.85E-04,-5.62E-05,-3.73E-04,-4.48E-04,-2.35E-04,1.50E-05,-6.10E-04,-4.08E-04,-4.75E-04,-2.95E-04,-2.39E-04,-1.62E-04,-5.67E-04,-4.28E-04,-1.71E-04,2.05E-04
1135,-5.58E-04,-3.97E-04,-4.22E-04,-4.92E-04,-2.85E-04,-5.76E-05,-3.73E-04,-4.48E-04,-2.38E-04,1.20E-05,-6.11E-04,-4.07E-04,-4.75E-04,-2.96E-04,-2.42E-04,-1.63E-04,-5.64E-04,-4.27E-04,-1.72E-04,2.00E-04
1136,-5.57E-04,-3.94E-04,-4.20E-04,-4.93E-04,-2.86E-04,-5.93E-05,-3.73E-04,-4.48E-04,-2.41E-04,8.69E-06,-6.13E-04,-4.06E-04,-4.76E-04,-2.97E-04,-2.45E-04,-1.65E-04,-5.62E-04,-4.26E-04,-1.73E-04,1.95E-04
1137,-5.56E-04,-3.93E-04,-4.20E-04,-4.95E-04,-2.88E-04,-6.15E-05,-3.73E-04,-4.49E-04,-2.44E-04,4.97E-06,-6.15E-04,-4.05E-04,-4.77E-04,-2.99E-04,-2.49E-04,-1.66E-04,-5.60E-04,-4.26E-04,-1.75E-04,1.89E-04
1138,-5.56E-04,-3.92E-04,-4.20E-04,-4.97E-04,-2.90E-04,-6.43E-05,-3.74E-04,-4.51E-04,-2.48E-04,8.48E-07,-6.18E-04,-4.05E-04,-4.78E-04,-3.01E-04,-2.52E-04,-1.68E-04,-5.57E-04,-4.26E-04,-1.77E-04,1.83E-04
1139,-5.57E-04,-3.92E-04,-4.21E-04,-5.01E-04,-2.94E-04,-6.78E-05,-3.76E-04,-4.53E-04,-2.52E-04,-3.70E-06,-6.21E-04,-4.05E-04,-4.79E-04,-3.04E-04,-2.56E-04,-1.70E-04,-5.56E-04,-4.27E-04,-1.80E-04,1.75E-04
1140,-5.58E-04,-3.93E-04,-4.23E-04,-5.05E-04,-2.99E-04,-7.20E-05,-3.78E-04,-4.56E-04,-2.55E-04,-8.68E-06,-6.25E-04,-4.05E-04,-4.81E-04,-3.07E-04,-2.60E-04,-1.72E-04,-5.54E-04,-4.28E-04,-1.83E-04,1.67E-04
1141,-5.60E-04,-3.96E-04,-4.26E-04,-5.10E-04,-3.05E-04,-7.71E-05,-3.81E-04,-4.60E-04,-2.60E-04,-1.41E-05,-6.30E-04,-4.06E-04,-4.84E-04,-3.11E-04,-2.65E-04,-1.75E-04,-5.53E-04,-4.31E-04,-1.87E-04,1.59E-04
1142,-5.64E-04,-3.99E-04,-4.31E-04,-5.16E-04,-3.12E-04,-8.29E-05,-3.85E-04,-4.65E-04,-2.64E-04,-2.00E-05,-6.35E-04,-4.08E-04,-4.87E-04,-3.16E-04,-2.70E-04,-1.78E-04,-5.53E-04,-4.34E-04,-1.92E-04,1.49E-04
1143,-5.68E-04,-4.03E-04,-4.36E-04,-5.23E-04,-3.20E-04,-8.97E-05,-3.90E-04,-4.71E-04,-2.69E-04,-2.63E-05,-6.41E-04,-4.10E-04,-4.90E-04,-3.21E-04,-2.76E-04,-1.81E-04,-5.54E-04,-4.38E-04,-1.97E-04,1.39E-04
1144,-5.73E-04,-4.09E-04,-4.43E-04,-5.31E-04,-3.29E-04,-9.73E-05,-3.96E-04,-4.78E-04,-2.74E-04,-3.31E-05,-6.47E-04,-4.13E-04,-4.95E-04,-3.26E-04,-2.82E-04,-1.85E-04,-5.55E-04,-4.42E-04,-2.03E-04,1.29E-04
1145,-5.78E-04,-4.15E-04,-4.51E-04,-5.40E-04,-3.38E-04,-1.06E-04,-4.02E-04,-4.86E-04,-2.80E-04,-4.03E-05,-6.54E-04,-4.17E-04,-5.00E-04,-3.32E-04,-2.88E-04,-1.89E-04,-5.57E-04,-4.47E-04,-2.08E-04,1.18E-04
1146,-5.84E-04,-4.22E-04,-4.59E-04,-5.49E-04,-3.48E-04,-1.15E-04,-4.10E-04,-4.95E-04,-2.86E-04,-4.79E-05,-6.61E-04,-4.22E-04,-5.06E-04,-3.39E-04,-2.95E-04,-1.93E-04,-5.60E-04,-4.53E-04,-2.15E-04,1.06E-04
1147,-5.91E-04,-4.29E-04,-4.67E-04,-5.59E-04,-3.58E-04,-1.24E-04,-4.18E-04,-5.04E-04,-2.93E-04,-5.59E-05,-6.69E-04,-4.27E-04,-5.12E-04,-3.46E-04,-3.02E-04,-1.97E-04,-5.64E-04,-4.59E-04,-2.21E-04,9.45E-05
1148,-5.98E-04,-4.37E-04,-4.76E-04,-5.69E-04,-3.69E-04,-1.34E-04,-4.26E-04,-5.14E-04,-3.00E-04,-6.42E-05,-6.78E-04,-4.32E-04,-5.19E-04,-3.52E-04,-3.10E-04,-2.01E-04,-5.68E-04,-4.65E-04,-2.27E-04,8.26E-05
1149,-6.05E-04,-4.45E-04,-4.85E-04,-5.79E-04,-3.79E-04,-1.44E-04,-4.35E-04,-5.24E-04,-3.07E-04,-7.27E-05,-6.86E-04,-4.38E-04,-5.27E-04,-3.59E-04,-3.18E-04,-2.06E-04,-5.73E-04,-4.72E-04,-2.34E-04,7.08E-05
1150,-6.13E-04,-4.53E-04,-4.94E-04,-5.89E-04,-3.89E-04,-1.54E-04,-4.44E-04,-5.34E-04,-3.15E-04,-8.13E-05,-6.95E-04,-4.45E-04,-5.35E-04,-3.66E-04,-3.26E-04,-2.10E-04,-5.78E-04,-4.78E-04,-2.40E-04,5.90E-05
1151,-6.20E-04,-4.60E-04,-5.03E-04,-5.99E-04,-3.98E-04,-1.64E-04,-4.53E-04,-5.45E-04,-3.22E-04,-9.00E-05,-7.04E-04,-4.51E-04,-5.43E-04,-3.72E-04,-3.34E-04,-2.15E-04,-5.84E-04,-4.85E-04,-2.46E-04,4.74E-05
1152,-6.27E-04,-4.68E-04,-5.10E-04,-6.07E-04,-4.06E-04,-1.73E-04,-4.62E-04,-5.55E-04,-3.29E-04,-9.85E-05,-7.13E-04,-4.58E-04,-5.50E-04,-3.78E-04,-3.41E-04,-2.19E-04,-5.90E-04,-4.91E-04,-2.51E-04,3.61E-05
1153,-6.33E-04,-4.75E-04,-5.18E-04,-6.15E-04,-4.14E-04,-1.81E-04,-4.70E-04,-5.64E-04,-3.36E-04,-1.07E-04,-7.21E-04,-4.64E-04,-5.58E-04,-3.83E-04,-3.48E-04,-2.23E-04,-5.95E-04,-4.96E-04,-2.56E-04,2.52E-05
1154,-6.39E-04,-4.81E-04,-5.24E-04,-6.22E-04,-4.21E-04,-1.89E-04,-4.77E-04,-5.73E-04,-3.42E-04,-1.15E-04,-7.29E-04,-4.70E-04,-5.65E-04,-3.87E-04,-3.55E-04,-2.26E-04,-6.01E-04,-5.01E-04,-2.60E-04,1.48E-05
1155,-6.43E-04,-4.86E-04,-5.29E-04,-6.28E-04,-4.26E-04,-1.95E-04,-4.84E-04,-5.81E-04,-3.48E-04,-1.22E-04,-7.36E-04,-4.76E-04,-5.72E-04,-3.90E-04,-3.62E-04,-2.29E-04,-6.06E-04,-5.05E-04,-2.64E-04,4.90E-06
1156,-6.47E-04,-4.90E-04,-5.34E-04,-6.32E-04,-4.30E-04,-2.00E-04,-4.89E-04,-5.88E-04,-3.53E-04,-1.29E-04,-7.42E-04,-4.80E-04,-5.77E-04,-3.93E-04,-3.67E-04,-2.32E-04,-6.11E-04,-5.08E-04,-2.66E-04,-4.36E-06
1157,-6.50E-04,-4.94E-04,-5.38E-04,-6.35E-04,-4.33E-04,-2.04E-04,-4.93E-04,-5.93E-04,-3.57E-04,-1.34E-04,-7.47E-04,-4.85E-04,-5.82E-04,-3.94E-04,-3.71E-04,-2.34E-04,-6.15E-04,-5.10E-04,-2.69E-04,-1.30E-05
1158,-6.52E-04,-4.96E-04,-5.40E-04,-6.37E-04,-4.34E-04,-2.06E-04,-4.96E-04,-5.97E-04,-3.59E-04,-1.39E-04,-7.50E-04,-4.88E-04,-5.85E-04,-3.94E-04,-3.75E-04,-2.35E-04,-6.18E-04,-5.11E-04,-2.70E-04,-2.08E-05
1159,-6.53E-04,-4.98E-04,-5.42E-04,-6.37E-04,-4.34E-04,-2.07E-04,-4.98E-04,-6.00E-04,-3.61E-04,-1.43E-04,-7.52E-04,-4.89E-04,-5.87E-04,-3.93E-04,-3.77E-04,-2.35E-04,-6.21E-04,-5.11E-04,-2.70E-04,-2.80E-05
1160,-6.53E-04,-4.98E-04,-5.42E-04,-6.36E-04,-4.33E-04,-2.06E-04,-4.98E-04,-6.01E-04,-3.61E-04,-1.46E-04,-7.52E-04,-4.90E-04,-5.87E-04,-3.90E-04,-3.78E-04,-2.35E-04,-6.22E-04,-5.10E-04,-2.70E-04,-3.44E-05
1161,-6.51E-04,-4.98E-04,-5.42E-04,-6.33E-04,-4.30E-04,-2.04E-04,-4.97E-04,-6.00E-04,-3.60E-04,-1.47E-04,-7.51E-04,-4.90E-04,-5.86E-04,-3.86E-04,-3.78E-04,-2.34E-04,-6.22E-04,-5.07E-04,-2.69E-04,-4.01E-05
1162,-6.49E-04,-4.96E-04,-5.40E-04,-6.30E-04,-4.26E-04,-2.00E-04,-4.95E-04,-5.98E-04,-3.58E-04,-1.48E-04,-7.48E-04,-4.88E-04,-5.84E-04,-3.81E-04,-3.77E-04,-2.32E-04,-6.20E-04,-5.03E-04,-2.68E-04,-4.50E-05
1163,-6.45E-04,-4.94E-04,-5.38E-04,-6.25E-04,-4.21E-04,-1.96E-04,-4.91E-04,-5.95E-04,-3.55E-04,-1.48E-04,-7.43E-04,-4.85E-04,-5.80E-04,-3.75E-04,-3.74E-04,-2.29E-04,-6.18E-04,-4.98E-04,-2.65E-04,-4.92E-05
1164,-6.40E-04,-4.91E-04,-5.35E-04,-6.19E-04,-4.14E-04,-1.90E-04,-4.87E-04,-5.91E-04,-3.51E-04,-1.46E-04,-7.37E-04,-4.81E-04,-5.76E-04,-3.68E-04,-3.71E-04,-2.25E-04,-6.15E-04,-4.92E-04,-2.62E-04,-5.27E-05
1165,-6.34E-04,-4.87E-04,-5.32E-04,-6.12E-04,-4.07E-04,-1.84E-04,-4.82E-04,-5.85E-04,-3.46E-04,-1.44E-04,-7.29E-04,-4.75E-04,-5.70E-04,-3.60E-04,-3.66E-04,-2.21E-04,-6.10E-04,-4.85E-04,-2.59E-04,-5.56E-05
1166,-6.27E-04,-4.83E-04,-5.27E-04,-6.05E-04,-3.99E-04,-1.77E-04,-4.77E-04,-5.79E-04,-3.41E-04,-1.41E-04,-7.21E-04,-4.69E-04,-5.63E-04,-3.51E-04,-3.61E-04,-2.16E-04,-6.05E-04,-4.78E-04,-2.55E-04,-5.80E-05
1167,-6.20E-04,-4.77E-04,-5.23E-04,-5.97E-04,-3.91E-04,-1.70E-04,-4.71E-04,-5.72E-04,-3.35E-04,-1.38E-04,-7.11E-04,-4.62E-04,-5.56E-04,-3.41E-04,-3.54E-04,-2.10E-04,-5.98E-04,-4.69E-04,-2.50E-04,-5.99E-05
1168,-6.11E-04,-4.72E-04,-5.18E-04,-5.89E-04,-3.82E-04,-1.63E-04,-4.64E-04,-5.64E-04,-3.29E-04,-1.35E-04,-7.01E-04,-4.55E-04,-5.49E-04,-3.32E-04,-3.47E-04,-2.04E-04,-5.92E-04,-4.60E-04,-2.46E-04,-6.15E-05
1169,-6.02E-04,-4.66E-04,-5.12E-04,-5.81E-04,-3.73E-04,-1.56E-04,-4.58E-04,-5.57E-04,-3.23E-04,-1.32E-04,-6.91E-04,-4.46E-04,-5.41E-04,-3.22E-04,-3.40E-04,-1.98E-04,-5.84E-04,-4.51E-04,-2.41E-04,-6.29E-05
1170,-5.93E-04,-4.60E-04,-5.06E-04,-5.72E-04,-3.64E-04,-1.50E-04,-4.52E-04,-5.49E-04,-3.17E-04,-1.29E-04,-6.80E-04,-4.38E-04,-5.33E-04,-3.12E-04,-3.33E-04,-1.91E-04,-5.76E-04,-4.41E-04,-2.35E-04,-6.41E-05
1171,-5.84E-04,-4.54E-04,-5.01E-04,-5.64E-04,-3.55E-04,-1.44E-04,-4.46E-04,-5.42E-04,-3.11E-04,-1.26E-04,-6.69E-04,-4.30E-04,-5.26E-04,-3.03E-04,-3.25E-04,-1.85E-04,-5.68E-04,-4.31E-04,-2.30E-04,-6.54E-05
1172,-5.75E-04,-4.48E-04,-4.95E-04,-5.56E-04,-3.47E-04,-1.38E-04,-4.40E-04,-5.35E-04,-3.06E-04,-1.24E-04,-6.59E-04,-4.21E-04,-5.19E-04,-2.93E-04,-3.18E-04,-1.79E-04,-5.60E-04,-4.21E-04,-2.25E-04,-6.69E-05
1173,-5.65E-04,-4.43E-04,-4.89E-04,-5.48E-04,-3.38E-04,-1.33E-04,-4.35E-04,-5.28E-04,-3.01E-04,-1.22E-04,-6.49E-04,-4.13E-04,-5.12E-04,-2.85E-04,-3.11E-04,-1.73E-04,-5.52E-04,-4.12E-04,-2.20E-04,-6.87E-05
1174,-5.56E-04,-4.37E-04,-4.83E-04,-5.41E-04,-3.30E-04,-1.29E-04,-4.30E-04,-5.22E-04,-2.96E-04,-1.21E-04,-6.39E-04,-4.05E-04,-5.06E-04,-2.77E-04,-3.05E-04,-1.68E-04,-5.43E-04,-4.02E-04,-2.15E-04,-7.10E-05
1175,-5.47E-04,-4.32E-04,-4.77E-04,-5.33E-04,-3.23E-04,-1.26E-04,-4.26E-04,-5.16E-04,-2.92E-04,-1.21E-04,-6.29E-04,-3.98E-04,-5.01E-04,-2.69E-04,-2.99E-04,-1.63E-04,-5.35E-04,-3.93E-04,-2.10E-04,-7.38E-05
1176,-5.39E-04,-4.28E-04,-4.72E-04,-5.27E-04,-3.17E-04,-1.24E-04,-4.22E-04,-5.11E-04,-2.88E-04,-1.22E-04,-6.20E-04,-3.91E-04,-4.96E-04,-2.63E-04,-2.94E-04,-1.60E-04,-5.28E-04,-3.85E-04,-2.06E-04,-7.72E-05
1177,-5.32E-04,-4.24E-04,-4.67E-04,-5.21E-04,-3.11E-04,-1.23E-04,-4.19E-04,-5.07E-04,-2.85E-04,-1.24E-04,-6.12E-04,-3.85E-04,-4.91E-04,-2.57E-04,-2.90E-04,-1.57E-04,-5.20E-04,-3.77E-04,-2.02E-04,-8.14E-05
1178,-5.25E-04,-4.21E-04,-4.63E-04,-5.15E-04,-3.06E-04,-1.23E-04,-4.16E-04,-5.03E-04,-2.82E-04,-1.27E-04,-6.04E-04,-3.79E-04,-4.87E-04,-2.51E-04,-2.86E-04,-1.55E-04,-5.13E-04,-3.70E-04,-1.99E-04,-8.64E-05
1179,-5.18E-04,-4.18E-04,-4.59E-04,-5.10E-04,-3.01E-04,-1.23E-04,-4.14E-04,-5.00E-04,-2.79E-04,-1.30E-04,-5.96E-04,-3.74E-04,-4.84E-04,-2.47E-04,-2.83E-04,-1.53E-04,-5.06E-04,-3.63E-04,-1.96E-04,-9.21E-05
1180,-5.12E-04,-4.16E-04,-4.55E-04,-5.05E-04,-2.98E-04,-1.24E-04,-4.13E-04,-4.97E-04,-2.77E-04,-1.33E-04,-5.88E-04,-3.70E-04,-4.81E-04,-2.43E-04,-2.81E-04,-1.53E-04,-4.99E-04,-3.57E-04,-1.93E-04,-9.87E-05
1181,-5.07E-04,-4.14E-04,-4.52E-04,-5.01E-04,-2.95E-04,-1.26E-04,-4.12E-04,-4.95E-04,-2.75E-04,-1.38E-04,-5.80E-04,-3.66E-04,-4.77E-04,-2.39E-04,-2.79E-04,-1.54E-04,-4.93E-04,-3.51E-04,-1.91E-04,-1.06E-04
1182,-5.03E-04,-4.13E-04,-4.49E-04,-4.97E-04,-2.92E-04,-1.28E-04,-4.11E-04,-4.93E-04,-2.73E-04,-1.42E-04,-5.72E-04,-3.62E-04,-4.74E-04,-2.36E-04,-2.77E-04,-1.55E-04,-4.87E-04,-3.45E-04,-1.90E-04,-1.14E-04
1183,-4.99E-04,-4.12E-04,-4.47E-04,-4.94E-04,-2.90E-04,-1.31E-04,-4.11E-04,-4.91E-04,-2.71E-04,-1.47E-04,-5.64E-04,-3.59E-04,-4.72E-04,-2.33E-04,-2.77E-04,-1.57E-04,-4.81E-04,-3.40E-04,-1.88E-04,-1.22E-04
1184,-4.95E-04,-4.12E-04,-4.45E-04,-4.90E-04,-2.89E-04,-1.34E-04,-4.10E-04,-4.89E-04,-2.69E-04,-1.52E-04,-5.56E-04,-3.56E-04,-4.69E-04,-2.30E-04,-2.76E-04,-1.59E-04,-4.75E-04,-3.35E-04,-1.87E-04,-1.31E-04
1185,-4.92E-04,-4.12E-04,-4.43E-04,-4.87E-04,-2.87E-04,-1.37E-04,-4.11E-04,-4.88E-04,-2.67E-04,-1.56E-04,-5.48E-04,-3.54E-04,-4.65E-04,-2.27E-04,-2.75E-04,-1.61E-04,-4.70E-04,-3.30E-04,-1.86E-04,-1.41E-04
1186,-4.89E-04,-4.12E-04,-4.42E-04,-4.85E-04,-2.86E-04,-1.40E-04,-4.11E-04,-4.86E-04,-2.66E-04,-1.61E-04,-5.40E-04,-3.51E-04,-4.62E-04,-2.24E-04,-2.75E-04,-1.64E-04,-4.64E-04,-3.25E-04,-1.85E-04,-1.50E-04
1187,-4.87E-04,-4.12E-04,-4.41E-04,-4.82E-04,-2.85E-04,-1.43E-04,-4.11E-04,-4.85E-04,-2.64E-04,-1.66E-04,-5.31E-04,-3.49E-04,-4.59E-04,-2.20E-04,-2.74E-04,-1.66E-04,-4.59E-04,-3.21E-04,-1.85E-04,-1.60E-04
1188,-4.84E-04,-4.12E-04,-4.39E-04,-4.80E-04,-2.84E-04,-1.46E-04,-4.11E-04,-4.84E-04,-2.63E-04,-1.71E-04,-5.22E-04,-3.47E-04,-4.55E-04,-2.17E-04,-2.73E-04,-1.68E-04,-4.53E-04,-3.15E-04,-1.84E-04,-1.70E-04
1189,-4.82E-04,-4.12E-04,-4.38E-04,-4.77E-04,-2.83E-04,-1.49E-04,-4.11E-04,-4.82E-04,-2.63E-04,-1.75E-04,-5.13E-04,-3.45E-04,-4.51E-04,-2.13E-04,-2.72E-04,-1.70E-04,-4.48E-04,-3.10E-04,-1.83E-04,-1.80E-04
1190,-4.79E-04,-4.11E-04,-4.36E-04,-4.75E-04,-2.82E-04,-1.52E-04,-4.12E-04,-4.81E-04,-2.63E-04,-1.79E-04,-5.04E-04,-3.43E-04,-4.47E-04,-2.09E-04,-2.71E-04,-1.72E-04,-4.43E-04,-3.05E-04,-1.82E-04,-1.89E-04
1191,-4.77E-04,-4.11E-04,-4.35E-04,-4.72E-04,-2.80E-04,-1.54E-04,-4.12E-04,-4.80E-04,-2.63E-04,-1.83E-04,-4.96E-04,-3.41E-04,-4.43E-04,-2.05E-04,-2.69E-04,-1.73E-04,-4.37E-04,-2.99E-04,-1.81E-04,-1.98E-04
1192,-4.74E-04,-4.10E-04,-4.33E-04,-4.70E-04,-2.79E-04,-1.56E-04,-4.12E-04,-4.79E-04,-2.63E-04,-1.87E-04,-4.87E-04,-3.39E-04,-4.39E-04,-2.00E-04,-2.67E-04,-1.74E-04,-4.31E-04,-2.93E-04,-1.80E-04,-2.07E-04
1193,-4.72E-04,-4.09E-04,-4.31E-04,-4.67E-04,-2.77E-04,-1.58E-04,-4.12E-04,-4.78E-04,-2.64E-04,-1.91E-04,-4.78E-04,-3.37E-04,-4.35E-04,-1.95E-04,-2.65E-04,-1.74E-04,-4.26E-04,-2.87E-04,-1.79E-04,-2.16E-04
1194,-4.69E-04,-4.08E-04,-4.29E-04,-4.65E-04,-2.75E-04,-1.60E-04,-4.12E-04,-4.76E-04,-2.65E-04,-1.95E-04,-4.68E-04,-3.34E-04,-4.31E-04,-1.90E-04,-2.62E-04,-1.74E-04,-4.20E-04,-2.81E-04,-1.77E-04,-2.25E-04
1195,-4.67E-04,-4.07E-04,-4.27E-04,-4.62E-04,-2.73E-04,-1.61E-04,-4.12E-04,-4.75E-04,-2.66E-04,-1.99E-04,-4.59E-04,-3.32E-04,-4.26E-04,-1.85E-04,-2.60E-04,-1.73E-04,-4.14E-04,-2.74E-04,-1.76E-04,-2.33E-04
1196,-4.64E-04,-4.05E-04,-4.25E-04,-4.60E-04,-2.71E-04,-1.63E-04,-4.13E-04,-4.74E-04,-2.68E-04,-2.03E-04,-4.50E-04,-3.30E-04,-4.22E-04,-1.79E-04,-2.57E-04,-1.72E-04,-4.08E-04,-2.68E-04,-1.74E-04,-2.41E-04
1197,-4.62E-04,-4.04E-04,-4.23E-04,-4.57E-04,-2.68E-04,-1.64E-04,-4.13E-04,-4.73E-04,-2.69E-04,-2.07E-04,-4.41E-04,-3.27E-04,-4.17E-04,-1.74E-04,-2.53E-04,-1.70E-04,-4.01E-04,-2.62E-04,-1.73E-04,-2.49E-04
1198,-4.60E-04,-4.02E-04,-4.20E-04,-4.55E-04,-2.66E-04,-1.65E-04,-4.14E-04,-4.73E-04,-2.71E-04,-2.11E-04,-4.32E-04,-3.25E-04,-4.13E-04,-1.68E-04,-2.50E-04,-1.68E-04,-3.95E-04,-2.55E-04,-1.71E-04,-2.57E-04
1199,-4.58E-04,-4.01E-04,-4.18E-04,-4.53E-04,-2.65E-04,-1.67E-04,-4.14E-04,-4.72E-04,-2.72E-04,-2.14E-04,-4.22E-04,-3.22E-04,-4.08E-04,-1.62E-04,-2.47E-04,-1.67E-04,-3.88E-04,-2.50E-04,-1.70E-04,-2.65E-04
1200,-4.57E-04,-4.00E-04,-4.16E-04,-4.51E-04,-2.63E-04,-1.68E-04,-4.15E-04,-4.71E-04,-2.73E-04,-2.18E-04,-4.12E-04,-3.20E-04,-4.03E-04,-1.56E-04,-2.43E-04,-1.65E-04,-3.81E-04,-2.44E-04,-1.68E-04,-2.73E-04
1201,-4.55E-04,-3.99E-04,-4.15E-04,-4.49E-04,-2.62E-04,-1.69E-04,-4.17E-04,-4.71E-04,-2.74E-04,-2.22E-04,-4.02E-04,-3.17E-04,-3.98E-04,-1.50E-04,-2.39E-04,-1.62E-04,-3.74E-04,-2.39E-04,-1.67E-04,-2.81E-04
1202,-4.55E-04,-3.99E-04,-4.13E-04,-4.48E-04,-2.61E-04,-1.71E-04,-4.19E-04,-4.71E-04,-2.75E-04,-2.25E-04,-3.92E-04,-3.15E-04,-3.93E-04,-1.44E-04,-2.36E-04,-1.60E-04,-3.67E-04,-2.34E-04,-1.66E-04,-2.89E-04
1203,-4.54E-04,-3.98E-04,-4.12E-04,-4.48E-04,-2.61E-04,-1.73E-04,-4.21E-04,-4.71E-04,-2.75E-04,-2.29E-04,-3.81E-04,-3.12E-04,-3.87E-04,-1.38E-04,-2.32E-04,-1.58E-04,-3.60E-04,-2.30E-04,-1.66E-04,-2.98E-04
1204,-4.54E-04,-3.98E-04,-4.12E-04,-4.47E-04,-2.61E-04,-1.76E-04,-4.23E-04,-4.71E-04,-2.76E-04,-2.33E-04,-3.70E-04,-3.10E-04,-3.82E-04,-1.32E-04,-2.29E-04,-1.56E-04,-3.53E-04,-2.26E-04,-1.66E-04,-3.07E-04
1205,-4.55E-04,-3.99E-04,-4.11E-04,-4.48E-04,-2.62E-04,-1.78E-04,-4.26E-04,-4.72E-04,-2.76E-04,-2.36E-04,-3.59E-04,-3.08E-04,-3.77E-04,-1.26E-04,-2.25E-04,-1.55E-04,-3.46E-04,-2.23E-04,-1.66E-04,-3.15E-04
1206,-4.56E-04,-4.00E-04,-4.12E-04,-4.49E-04,-2.63E-04,-1.82E-04,-4.30E-04,-4.73E-04,-2.76E-04,-2.40E-04,-3.49E-04,-3.06E-04,-3.72E-04,-1.20E-04,-2.22E-04,-1.53E-04,-3.40E-04,-2.20E-04,-1.66E-04,-3.25E-04
1207,-4.57E-04,-4.02E-04,-4.12E-04,-4.50E-04,-2.64E-04,-1.85E-04,-4.34E-04,-4.74E-04,-2.76E-04,-2.44E-04,-3.38E-04,-3.04E-04,-3.67E-04,-1.15E-04,-2.19E-04,-1.52E-04,-3.34E-04,-2.18E-04,-1.67E-04,-3.34E-04
1208,-4.59E-04,-4.04E-04,-4.13E-04,-4.53E-04,-2.67E-04,-1.90E-04,-4.38E-04,-4.76E-04,-2.76E-04,-2.48E-04,-3.28E-04,-3.03E-04,-3.62E-04,-1.10E-04,-2.17E-04,-1.50E-04,-3.29E-04,-2.17E-04,-1.67E-04,-3.43E-04
1209,-4.61E-04,-4.06E-04,-4.15E-04,-4.56E-04,-2.70E-04,-1.94E-04,-4.43E-04,-4.78E-04,-2.77E-04,-2.52E-04,-3.19E-04,-3.02E-04,-3.58E-04,-1.05E-04,-2.15E-04,-1.50E-04,-3.25E-04,-2.16E-04,-1.69E-04,-3.53E-04
1210,-4.64E-04,-4.09E-04,-4.17E-04,-4.60E-04,-2.73E-04,-2.00E-04,-4.49E-04,-4.81E-04,-2.79E-04,-2.57E-04,-3.10E-04,-3.03E-04,-3.55E-04,-1.01E-04,-2.13E-04,-1.49E-04,-3.22E-04,-2.15E-04,-1.70E-04,-3.63E-04
1211,-4.68E-04,-4.13E-04,-4.19E-04,-4.65E-04,-2.77E-04,-2.05E-04,-4.55E-04,-4.84E-04,-2.81E-04,-2.62E-04,-3.03E-04,-3.04E-04,-3.52E-04,-9.69E-05,-2.12E-04,-1.49E-04,-3.20E-04,-2.16E-04,-1.71E-04,-3.73E-04
1212,-4.71E-04,-4.17E-04,-4.22E-04,-4.71E-04,-2.82E-04,-2.12E-04,-4.61E-04,-4.88E-04,-2.85E-04,-2.68E-04,-2.96E-04,-3.05E-04,-3.50E-04,-9.37E-05,-2.11E-04,-1.48E-04,-3.20E-04,-2.17E-04,-1.73E-04,-3.83E-04
1213,-4.76E-04,-4.22E-04,-4.25E-04,-4.77E-04,-2.87E-04,-2.19E-04,-4.68E-04,-4.93E-04,-2.89E-04,-2.74E-04,-2.91E-04,-3.08E-04,-3.49E-04,-9.11E-05,-2.11E-04,-1.49E-04,-3.20E-04,-2.18E-04,-1.75E-04,-3.92E-04
1214,-4.81E-04,-4.27E-04,-4.29E-04,-4.84E-04,-2.92E-04,-2.26E-04,-4.75E-04,-4.99E-04,-2.95E-04,-2.81E-04,-2.87E-04,-3.11E-04,-3.49E-04,-8.90E-05,-2.12E-04,-1.49E-04,-3.21E-04,-2.20E-04,-1.77E-04,-4.02E-04
1215,-4.86E-04,-4.33E-04,-4.32E-04,-4.92E-04,-2.98E-04,-2.34E-04,-4.82E-04,-5.04E-04,-3.01E-04,-2.89E-04,-2.84E-04,-3.15E-04,-3.49E-04,-8.75E-05,-2.13E-04,-1.50E-04,-3.24E-04,-2.22E-04,-1.78E-04,-4.12E-04
1216,-4.92E-04,-4.40E-04,-4.36E-04,-5.01E-04,-3.04E-04,-2.43E-04,-4.90E-04,-5.11E-04,-3.08E-04,-2.97E-04,-2.83E-04,-3.20E-04,-3.51E-04,-8.66E-05,-2.15E-04,-1.51E-04,-3.27E-04,-2.24E-04,-1.80E-04,-4.22E-04
1217,-4.98E-04,-4.47E-04,-4.41E-04,-5.10E-04,-3.11E-04,-2.51E-04,-4.99E-04,-5.18E-04,-3.16E-04,-3.06E-04,-2.82E-04,-3.25E-04,-3.52E-04,-8.60E-05,-2.16E-04,-1.52E-04,-3.31E-04,-2.27E-04,-1.82E-04,-4.31E-04
1218,-5.05E-04,-4.54E-04,-4.45E-04,-5.19E-04,-3.17E-04,-2.60E-04,-5.07E-04,-5.25E-04,-3.25E-04,-3.15E-04,-2.81E-04,-3.31E-04,-3.54E-04,-8.56E-05,-2.19E-04,-1.53E-04,-3.35E-04,-2.30E-04,-1.84E-04,-4.40E-04
1219,-5.12E-04,-4.62E-04,-4.49E-04,-5.28E-04,-3.23E-04,-2.69E-04,-5.15E-04,-5.32E-04,-3.34E-04,-3.25E-04,-2.81E-04,-3.36E-04,-3.57E-04,-8.53E-05,-2.21E-04,-1.54E-04,-3.39E-04,-2.32E-04,-1.86E-04,-4.49E-04
1220,-5.19E-04,-4.69E-04,-4.53E-04,-5.37E-04,-3.29E-04,-2.77E-04,-5.24E-04,-5.39E-04,-3.42E-04,-3.35E-04,-2.81E-04,-3.42E-04,-3.58E-04,-8.49E-05,-2.23E-04,-1.55E-04,-3.43E-04,-2.35E-04,-1.87E-04,-4.58E-04
1221,-5.25E-04,-4.77E-04,-4.56E-04,-5.45E-04,-3.35E-04,-2.85E-04,-5.32E-04,-5.46E-04,-3.51E-04,-3.44E-04,-2.80E-04,-3.47E-04,-3.60E-04,-8.42E-05,-2.24E-04,-1.56E-04,-3.46E-04,-2.36E-04,-1.89E-04,-4.66E-04
1222,-5.32E-04,-4.83E-04,-4.59E-04,-5.53E-04,-3.39E-04,-2.92E-04,-5.39E-04,-5.52E-04,-3.59E-04,-3.53E-04,-2.77E-04,-3.52E-04,-3.60E-04,-8.28E-05,-2.26E-04,-1.56E-04,-3.49E-04,-2.38E-04,-1.90E-04,-4.73E-04
1223,-5.37E-04,-4.89E-04,-4.61E-04,-5.59E-04,-3.42E-04,-2.98E-04,-5.46E-04,-5.57E-04,-3.65E-04,-3.61E-04,-2.74E-04,-3.55E-04,-3.59E-04,-8.06E-05,-2.26E-04,-1.56E-04,-3.50E-04,-2.38E-04,-1.90E-04,-4.80E-04
1224,-5.42E-04,-4.94E-04,-4.62E-04,-5.64E-04,-3.44E-04,-3.03E-04,-5.52E-04,-5.60E-04,-3.70E-04,-3.68E-04,-2.68E-04,-3.58E-04,-3.57E-04,-7.74E-05,-2.25E-04,-1.55E-04,-3.49E-04,-2.37E-04,-1.90E-04,-4.87E-04
1225,-5.46E-04,-4.98E-04,-4.61E-04,-5.66E-04,-3.45E-04,-3.06E-04,-5.57E-04,-5.62E-04,-3.74E-04,-3.75E-04,-2.60E-04,-3.58E-04,-3.53E-04,-7.28E-05,-2.24E-04,-1.53E-04,-3.46E-04,-2.35E-04,-1.89E-04,-4.92E-04
1226,-5.48E-04,-5.00E-04,-4.59E-04,-5.67E-04,-3.43E-04,-3.08E-04,-5.60E-04,-5.61E-04,-3.76E-04,-3.80E-04,-2.49E-04,-3.57E-04,-3.47E-04,-6.68E-05,-2.21E-04,-1.50E-04,-3.41E-04,-2.32E-04,-1.87E-04,-4.97E-04
1227,-5.48E-04,-5.00E-04,-4.55E-04,-5.65E-04,-3.39E-04,-3.07E-04,-5.62E-04,-5.58E-04,-3.75E-04,-3.83E-04,-2.36E-04,-3.54E-04,-3.38E-04,-5.91E-05,-2.16E-04,-1.46E-04,-3.34E-04,-2.27E-04,-1.84E-04,-5.01E-04
1228,-5.46E-04,-4.97E-04,-4.49E-04,-5.61E-04,-3.32E-04,-3.04E-04,-5.61E-04,-5.53E-04,-3.72E-04,-3.85E-04,-2.19E-04,-3.49E-04,-3.28E-04,-4.98E-05,-2.10E-04,-1.41E-04,-3.24E-04,-2.20E-04,-1.81E-04,-5.03E-04
1229,-5.42E-04,-4.92E-04,-4.41E-04,-5.54E-04,-3.23E-04,-3.00E-04,-5.58E-04,-5.45E-04,-3.67E-04,-3.85E-04,-2.00E-04,-3.42E-04,-3.15E-04,-3.87E-05,-2.02E-04,-1.34E-04,-3.12E-04,-2.11E-04,-1.76E-04,-5.05E-04
1230,-5.36E-04,-4.85E-04,-4.31E-04,-5.44E-04,-3.12E-04,-2.92E-04,-5.53E-04,-5.34E-04,-3.59E-04,-3.84E-04,-1.78E-04,-3.32E-04,-3.00E-04,-2.58E-05,-1.92E-04,-1.26E-04,-2.97E-04,-2.01E-04,-1.70E-04,-5.06E-04
1231,-5.27E-04,-4.75E-04,-4.18E-04,-5.31E-04,-2.97E-04,-2.82E-04,-5.45E-04,-5.20E-04,-3.49E-04,-3.81E-04,-1.53E-04,-3.20E-04,-2.82E-04,-1.13E-05,-1.81E-04,-1.17E-04,-2.80E-04,-1.88E-04,-1.63E-04,-5.06E-04
1232,-5.15E-04,-4.62E-04,-4.02E-04,-5.16E-04,-2.80E-04,-2.70E-04,-5.34E-04,-5.04E-04,-3.38E-04,-3.77E-04,-1.26E-04,-3.05E-04,-2.62E-04,4.84E-06,-1.69E-04,-1.06E-04,-2.60E-04,-1.74E-04,-1.55E-04,-5.05E-04
1233,-5.01E-04,-4.46E-04,-3.85E-04,-4.97E-04,-2.60E-04,-2.56E-04,-5.20E-04,-4.84E-04,-3.24E-04,-3.71E-04,-9.61E-05,-2.89E-04,-2.41E-04,2.23E-05,-1.55E-04,-9.40E-05,-2.39E-04,-1.58E-04,-1.46E-04,-5.03E-04
1234,-4.84E-04,-4.28E-04,-3.65E-04,-4.77E-04,-2.38E-04,-2.39E-04,-5.04E-04,-4.62E-04,-3.09E-04,-3.65E-04,-6.45E-05,-2.70E-04,-2.17E-04,4.10E-05,-1.39E-04,-8.07E-05,-2.15E-04,-1.40E-04,-1.36E-04,-5.01E-04
1235,-4.65E-04,-4.07E-04,-3.43E-04,-4.54E-04,-2.13E-04,-2.21E-04,-4.85E-04,-4.38E-04,-2.92E-04,-3.58E-04,-3.13E-05,-2.50E-04,-1.92E-04,6.07E-05,-1.23E-04,-6.63E-05,-1.90E-04,-1.21E-04,-1.25E-04,-4.98E-04
1236,-4.43E-04,-3.85E-04,-3.19E-04,-4.29E-04,-1.87E-04,-2.01E-04,-4.64E-04,-4.12E-04,-2.75E-04,-3.50E-04,3.00E-06,-2.28E-04,-1.66E-04,8.12E-05,-1.05E-04,-5.11E-05,-1.63E-04,-1.00E-04,-1.13E-04,-4.94E-04
1237,-4.19E-04,-3.60E-04,-2.94E-04,-4.02E-04,-1.59E-04,-1.80E-04,-4.41E-04,-3.83E-04,-2.57E-04,-3.43E-04,3.82E-05,-2.05E-04,-1.39E-04,1.02E-04,-8.68E-05,-3.51E-05,-1.36E-04,-7.88E-05,-1.00E-04,-4.91E-04
1238,-3.93E-04,-3.34E-04,-2.67E-04,-3.74E-04,-1.29E-04,-1.58E-04,-4.15E-04,-3.54E-04,-2.39E-04,-3.35E-04,7.40E-05,-1.81E-04,-1.10E-04,1.23E-04,-6.79E-05,-1.86E-05,-1.07E-04,-5.61E-05,-8.72E-05,-4.87E-04
1239,-3.66E-04,-3.07E-04,-2.39E-04,-3.46E-04,-9.91E-05,-1.35E-04,-3.88E-04,-3.23E-04,-2.20E-04,-3.27E-04,1.10E-04,-1.56E-04,-8.15E-05,1.45E-04,-4.84E-05,-1.76E-06,-7.73E-05,-3.26E-05,-7.39E-05,-4.84E-04
1240,-3.37E-04,-2.78E-04,-2.10E-04,-3.16E-04,-6.81E-05,-1.11E-04,-3.60E-04,-2.91E-04,-2.02E-04,-3.20E-04,1.46E-04,-1.30E-04,-5.21E-05,1.66E-04,-2.86E-05,1.53E-05,-4.73E-05,-8.45E-06,-6.03E-05,-4.81E-04
1241,-3.07E-04,-2.49E-04,-1.80E-04,-2.86E-04,-3.66E-05,-8.79E-05,-3.30E-04,-2.60E-04,-1.84E-04,-3.13E-04,1.82E-04,-1.03E-04,-2.22E-05,1.87E-04,-8.48E-06,3.24E-05,-1.69E-05,1.62E-05,-4.67E-05,-4.78E-04
1242,-2.76E-04,-2.20E-04,-1.49E-04,-2.56E-04,-4.90E-06,-6.44E-05,-3.00E-04,-2.28E-04,-1.67E-04,-3.07E-04,2.19E-04,-7.68E-05,8.00E-06,2.08E-04,1.19E-05,4.96E-05,1.39E-05,4.13E-05,-3.32E-05,-4.75E-04
1243,-2.44E-04,-1.90E-04,-1.19E-04,-2.25E-04,2.68E-05,-4.10E-05,-2.69E-04,-1.96E-04,-1.50E-04,-3.01E-04,2.55E-04,-4.99E-05,3.86E-05,2.29E-04,3.25E-05,6.66E-05,4.49E-05,6.67E-05,-1.98E-05,-4.73E-04
1244,-2.11E-04,-1.59E-04,-8.77E-05,-1.95E-04,5.85E-05,-1.78E-05,-2.38E-04,-1.64E-04,-1.34E-04,-2.96E-04,2.91E-04,-2.28E-05,6.95E-05,2.50E-04,5.34E-05,8.34E-05,7.63E-05,9.24E-05,-6.60E-06,-4.72E-04
1245,-1.77E-04,-1.29E-04,-5.64E-05,-1.64E-04,9.01E-05,5.11E-06,-2.07E-04,-1.33E-04,-1.18E-04,-2.91E-04,3.27E-04,4.41E-06,1.01E-04,2.70E-04,7.45E-05,1.00E-04,1.08E-04,1.18E-04,6.39E-06,-4.71E-04
1246,-1.42E-04,-9.77E-05,-2.48E-05,-1.33E-04,1.22E-04,2.78E-05,-1.75E-04,-1.02E-04,-1.03E-04,-2.86E-04,3.63E-04,3.18E-05,1.33E-04,2.91E-04,9.59E-05,1.17E-04,1.40E-04,1.45E-04,1.92E-05,-4.71E-04
1247,-1.07E-04,-6.64E-05,6.99E-06,-1.02E-04,1.53E-04,5.04E-05,-1.44E-04,-7.09E-05,-8.76E-05,-2.81E-04,4.00E-04,5.93E-05,1.65E-04,3.12E-04,1.18E-04,1.33E-04,1.73E-04,1.72E-04,3.17E-05,-4.71E-04
1248,-7.09E-05,-3.46E-05,3.91E-05,-7.09E-05,1.84E-04,7.30E-05,-1.12E-04,-4.04E-05,-7.26E-05,-2.76E-04,4.37E-04,8.71E-05,1.98E-04,3.33E-04,1.40E-04,1.50E-04,2.06E-04,1.99E-04,4.41E-05,-4.72E-04
1249,-3.39E-05,-2.23E-06,7.16E-05,-3.88E-05,2.16E-04,9.57E-05,-8.05E-05,-1.01E-05,-5.75E-05,-2.70E-04,4.75E-04,1.15E-04,2.32E-04,3.54E-04,1.63E-04,1.66E-04,2.40E-04,2.26E-04,5.63E-05,-4.72E-04
1250,4.09E-06,3.09E-05,1.04E-04,-6.09E-06,2.48E-04,1.19E-04,-4.89E-05,2.03E-05,-4.22E-05,-2.64E-04,5.14E-04,1.44E-04,2.66E-04,3.75E-04,1.86E-04,1.83E-04,2.74E-04,2.54E-04,6.85E-05,-4.73E-04
1251,4.30E-05,6.49E-05,1.38E-04,2.75E-05,2.80E-04,1.42E-04,-1.71E-05,5.07E-05,-2.66E-05,-2.57E-04,5.53E-04,1.72E-04,3.01E-04,3.97E-04,2.09E-04,2.00E-04,3.09E-04,2.82E-04,8.05E-05,-4.74E-04
1252,8.30E-05,9.97E-05,1.72E-04,6.20E-05,3.13E-04,1.65E-04,1.49E-05,8.15E-05,-1.04E-05,-2.50E-04,5.93E-04,2.02E-04,3.37E-04,4.19E-04,2.33E-04,2.16E-04,3.45E-04,3.11E-04,9.25E-05,-4.75E-04
1253,1.24E-04,1.36E-04,2.06E-04,9.74E-05,3.46E-04,1.90E-04,4.72E-05,1.13E-04,6.29E-06,-2.42E-04,6.33E-04,2.31E-04,3.73E-04,4.42E-04,2.58E-04,2.33E-04,3.81E-04,3.40E-04,1.05E-04,-4.76E-04
1254,1.66E-04,1.72E-04,2.40E-04,1.34E-04,3.79E-04,2.14E-04,7.97E-05,1.44E-04,2.36E-05,-2.33E-04,6.73E-04,2.61E-04,4.09E-04,4.65E-04,2.82E-04,2.50E-04,4.17E-04,3.69E-04,1.16E-04,-4.77E-04
1255,2.08E-04,2.10E-04,2.75E-04,1.71E-04,4.13E-04,2.39E-04,1.12E-04,1.76E-04,4.14E-05,-2.24E-04,7.14E-04,2.91E-04,4.45E-04,4.87E-04,3.06E-04,2.67E-04,4.54E-04,3.98E-04,1.28E-04,-4.78E-04
1256,2.51E-04,2.48E-04,3.10E-04,2.09E-04,4.46E-04,2.64E-04,1.45E-04,2.08E-04,5.98E-05,-2.14E-04,7.53E-04,3.22E-04,4.81E-04,5.10E-04,3.31E-04,2.84E-04,4.91E-04,4.27E-04,1.40E-04,-4.79E-04
1257,2.95E-04,2.86E-04,3.45E-04,2.47E-04,4.79E-04,2.89E-04,1.78E-04,2.40E-04,7.85E-05,-2.04E-04,7.93E-04,3.52E-04,5.16E-04,5.32E-04,3.54E-04,3.01E-04,5.27E-04,4.55E-04,1.51E-04,-4.79E-04
1258,3.38E-04,3.24E-04,3.79E-04,2.85E-04,5.11E-04,3.13E-04,2.11E-04,2.72E-04,9.74E-05,-1.94E-04,8.31E-04,3.82E-04,5.51E-04,5.53E-04,3.77E-04,3.17E-04,5.63E-04,4.83E-04,1.62E-04,-4.80E-04
1259,3.82E-04,3.63E-04,4.12E-04,3.23E-04,5.43E-04,3.38E-04,2.43E-04,3.04E-04,1.16E-04,-1.85E-04,8.67E-04,4.12E-04,5.85E-04,5.74E-04,4.00E-04,3.33E-04,5.98E-04,5.09E-04,1.72E-04,-4.81E-04
1260,4.24E-04,4.00E-04,4.44E-04,3.60E-04,5.73E-04,3.61E-04,2.75E-04,3.36E-04,1.35E-04,-1.75E-04,9.01E-04,4.41E-04,6.16E-04,5.93E-04,4.21E-04,3.48E-04,6.32E-04,5.34E-04,1.81E-04,-4.82E-04
1261,4.66E-04,4.36E-04,4.75E-04,3.96E-04,6.02E-04,3.83E-04,3.06E-04,3.66E-04,1.53E-04,-1.67E-04,9.34E-04,4.68E-04,6.47E-04,6.10E-04,4.40E-04,3.62E-04,6.64E-04,5.58E-04,1.90E-04,-4.83E-04
1262,5.07E-04,4.71E-04,5.04E-04,4.31E-04,6.28E-04,4.04E-04,3.36E-04,3.96E-04,1.71E-04,-1.59E-04,9.63E-04,4.95E-04,6.75E-04,6.27E-04,4.59E-04,3.76E-04,6.95E-04,5.80E-04,1.98E-04,-4.85E-04
1263,5.46E-04,5.05E-04,5.32E-04,4.65E-04,6.53E-04,4.23E-04,3.64E-04,4.24E-04,1.88E-04,-1.52E-04,9.90E-04,5.20E-04,7.01E-04,6.41E-04,4.76E-04,3.89E-04,7.24E-04,6.00E-04,2.04E-04,-4.87E-04
1264,5.84E-04,5.36E-04,5.57E-04,4.96E-04,6.75E-04,4.40E-04,3.91E-04,4.51E-04,2.03E-04,-1.46E-04,1.01E-03,5.43E-04,7.25E-04,6.53E-04,4.91E-04,4.01E-04,7.50E-04,6.18E-04,2.10E-04,-4.89E-04
1265,6.20E-04,5.65E-04,5.80E-04,5.26E-04,6.95E-04,4.56E-04,4.16E-04,4.75E-04,2.18E-04,-1.41E-04,1.04E-03,5.65E-04,7.46E-04,6.64E-04,5.04E-04,4.12E-04,7.74E-04,6.35E-04,2.15E-04,-4.92E-04
1266,6.54E-04,5.92E-04,6.01E-04,5.53E-04,7.13E-04,4.71E-04,4.39E-04,4.98E-04,2.31E-04,-1.37E-04,1.05E-03,5.84E-04,7.65E-04,6.73E-04,5.17E-04,4.23E-04,7.96E-04,6.49E-04,2.19E-04,-4.94E-04
1267,6.86E-04,6.17E-04,6.20E-04,5.79E-04,7.28E-04,4.83E-04,4.60E-04,5.19E-04,2.43E-04,-1.35E-04,1.07E-03,6.02E-04,7.82E-04,6.81E-04,5.27E-04,4.33E-04,8.15E-04,6.61E-04,2.22E-04,-4.97E-04
1268,7.16E-04,6.40E-04,6.37E-04,6.03E-04,7.42E-04,4.95E-04,4.80E-04,5.38E-04,2.54E-04,-1.33E-04,1.08E-03,6.17E-04,7.97E-04,6.87E-04,5.37E-04,4.42E-04,8.32E-04,6.72E-04,2.24E-04,-5.00E-04
1269,7.45E-04,6.61E-04,6.52E-04,6.25E-04,7.54E-04,5.06E-04,4.97E-04,5.55E-04,2.63E-04,-1.31E-04,1.09E-03,6.31E-04,8.10E-04,6.93E-04,5.46E-04,4.52E-04,8.47E-04,6.81E-04,2.26E-04,-5.03E-04
1270,7.72E-04,6.79E-04,6.65E-04,6.45E-04,7.64E-04,5.16E-04,5.12E-04,5.71E-04,2.72E-04,-1.30E-04,1.10E-03,6.43E-04,8.21E-04,6.97E-04,5.54E-04,4.61E-04,8.59E-04,6.88E-04,2.27E-04,-5.05E-04
1271,7.97E-04,6.97E-04,6.78E-04,6.65E-04,7.74E-04,5.26E-04,5.26E-04,5.85E-04,2.79E-04,-1.28E-04,1.11E-03,6.53E-04,8.31E-04,7.01E-04,5.61E-04,4.70E-04,8.70E-04,6.95E-04,2.29E-04,-5.07E-04
1272,8.22E-04,7.13E-04,6.89E-04,6.84E-04,7.83E-04,5.36E-04,5.39E-04,5.97E-04,2.85E-04,-1.27E-04,1.12E-03,6.61E-04,8.40E-04,7.05E-04,5.69E-04,4.79E-04,8.78E-04,7.01E-04,2.30E-04,-5.08E-04
1273,8.45E-04,7.27E-04,7.00E-04,7.02E-04,7.92E-04,5.47E-04,5.50E-04,6.09E-04,2.91E-04,-1.25E-04,1.12E-03,6.68E-04,8.48E-04,7.09E-04,5.76E-04,4.88E-04,8.85E-04,7.06E-04,2.31E-04,-5.09E-04
1274,8.67E-04,7.41E-04,7.09E-04,7.19E-04,8.01E-04,5.58E-04,5.60E-04,6.20E-04,2.97E-04,-1.22E-04,1.12E-03,6.74E-04,8.55E-04,7.13E-04,5.83E-04,4.98E-04,8.89E-04,7.10E-04,2.33E-04,-5.09E-04
1275,8.88E-04,7.54E-04,7.19E-04,7.37E-04,8.10E-04,5.70E-04,5.69E-04,6.30E-04,3.02E-04,-1.18E-04,1.13E-03,6.79E-04,8.62E-04,7.18E-04,5.91E-04,5.08E-04,8.93E-04,7.14E-04,2.35E-04,-5.08E-04
1276,9.09E-04,7.66E-04,7.28E-04,7.54E-04,8.19E-04,5.83E-04,5.77E-04,6.39E-04,3.07E-04,-1.14E-04,1.13E-03,6.83E-04,8.69E-04,7.24E-04,5.98E-04,5.18E-04,8.95E-04,7.18E-04,2.38E-04,-5.06E-04
1277,9.29E-04,7.77E-04,7.37E-04,7.71E-04,8.29E-04,5.97E-04,5.85E-04,6.48E-04,3.11E-04,-1.08E-04,1.14E-03,6.86E-04,8.75E-04,7.30E-04,6.06E-04,5.28E-04,8.95E-04,7.22E-04,2.41E-04,-5.03E-04
1278,9.47E-04,7.88E-04,7.45E-04,7.88E-04,8.39E-04,6.11E-04,5.91E-04,6.57E-04,3.16E-04,-1.01E-04,1.14E-03,6.88E-04,8.81E-04,7.36E-04,6.14E-04,5.38E-04,8.95E-04,7.25E-04,2.44E-04,-5.00E-04
1279,9.64E-04,7.97E-04,7.52E-04,8.04E-04,8.49E-04,6.26E-04,5.96E-04,6.65E-04,3.21E-04,-9.36E-05,1.14E-03,6.90E-04,8.87E-04,7.43E-04,6.22E-04,5.48E-04,8.93E-04,7.28E-04,2.48E-04,-4.96E-04
1280,9.80E-04,8.05E-04,7.59E-04,8.19E-04,8.59E-04,6.41E-04,6.01E-04,6.73E-04,3.26E-04,-8.50E-05,1.14E-03,6.91E-04,8.92E-04,7.50E-04,6.30E-04,5.56E-04,8.89E-04,7.30E-04,2.52E-04,-4.91E-04
1281,9.95E-04,8.12E-04,7.64E-04,8.33E-04,8.68E-04,6.56E-04,6.04E-04,6.80E-04,3.31E-04,-7.59E-05,1.15E-03,6.91E-04,8.97E-04,7.57E-04,6.37E-04,5.64E-04,8.85E-04,7.31E-04,2.55E-04,-4.86E-04
1282,1.01E-03,8.16E-04,7.68E-04,8.46E-04,8.76E-04,6.70E-04,6.05E-04,6.86E-04,3.36E-04,-6.63E-05,1.15E-03,6.90E-04,9.01E-04,7.63E-04,6.43E-04,5.70E-04,8.79E-04,7.31E-04,2.58E-04,-4.82E-04
1283,1.02E-03,8.19E-04,7.70E-04,8.56E-04,8.83E-04,6.82E-04,6.05E-04,6.91E-04,3.41E-04,-5.66E-05,1.15E-03,6.88E-04,9.04E-04,7.69E-04,6.49E-04,5.75E-04,8.71E-04,7.30E-04,2.61E-04,-4.77E-04
1284,1.02E-03,8.19E-04,7.71E-04,8.65E-04,8.88E-04,6.92E-04,6.02E-04,6.94E-04,3.46E-04,-4.70E-05,1.15E-03,6.86E-04,9.07E-04,7.73E-04,6.53E-04,5.78E-04,8.63E-04,7.28E-04,2.62E-04,-4.73E-04
1285,1.03E-03,8.16E-04,7.69E-04,8.71E-04,8.91E-04,7.01E-04,5.98E-04,6.95E-04,3.50E-04,-3.78E-05,1.14E-03,6.82E-04,9.08E-04,7.76E-04,6.56E-04,5.78E-04,8.52E-04,7.24E-04,2.63E-04,-4.70E-04
1286,1.03E-03,8.10E-04,7.64E-04,8.74E-04,8.92E-04,7.06E-04,5.91E-04,6.95E-04,3.54E-04,-2.91E-05,1.14E-03,6.77E-04,9.08E-04,7.78E-04,6.57E-04,5.76E-04,8.40E-04,7.18E-04,2.63E-04,-4.68E-04
1287,1.03E-03,8.02E-04,7.58E-04,8.74E-04,8.90E-04,7.09E-04,5.82E-04,6.93E-04,3.57E-04,-2.12E-05,1.14E-03,6.71E-04,9.06E-04,7.77E-04,6.57E-04,5.72E-04,8.27E-04,7.10E-04,2.61E-04,-4.66E-04
1288,1.02E-03,7.90E-04,7.48E-04,8.71E-04,8.85E-04,7.08E-04,5.70E-04,6.89E-04,3.60E-04,-1.41E-05,1.13E-03,6.63E-04,9.03E-04,7.74E-04,6.55E-04,5.65E-04,8.12E-04,7.01E-04,2.58E-04,-4.66E-04
1289,1.02E-03,7.76E-04,7.37E-04,8.66E-04,8.77E-04,7.05E-04,5.57E-04,6.82E-04,3.61E-04,-8.00E-06,1.12E-03,6.54E-04,8.99E-04,7.70E-04,6.51E-04,5.56E-04,7.96E-04,6.90E-04,2.54E-04,-4.66E-04
1290,1.01E-03,7.60E-04,7.23E-04,8.58E-04,8.68E-04,6.99E-04,5.41E-04,6.74E-04,3.62E-04,-2.80E-06,1.11E-03,6.44E-04,8.93E-04,7.63E-04,6.45E-04,5.44E-04,7.79E-04,6.77E-04,2.49E-04,-4.68E-04
1291,9.95E-04,7.41E-04,7.08E-04,8.49E-04,8.56E-04,6.90E-04,5.24E-04,6.64E-04,3.63E-04,1.52E-06,1.09E-03,6.33E-04,8.85E-04,7.54E-04,6.38E-04,5.30E-04,7.60E-04,6.63E-04,2.43E-04,-4.70E-04
1292,9.81E-04,7.20E-04,6.91E-04,8.37E-04,8.42E-04,6.79E-04,5.05E-04,6.53E-04,3.62E-04,5.07E-06,1.08E-03,6.21E-04,8.77E-04,7.42E-04,6.29E-04,5.14E-04,7.40E-04,6.48E-04,2.35E-04,-4.74E-04
1293,9.65E-04,6.98E-04,6.73E-04,8.24E-04,8.27E-04,6.66E-04,4.85E-04,6.41E-04,3.61E-04,7.99E-06,1.06E-03,6.08E-04,8.67E-04,7.29E-04,6.19E-04,4.97E-04,7.20E-04,6.32E-04,2.27E-04,-4.77E-04
1294,9.48E-04,6.76E-04,6.55E-04,8.11E-04,8.10E-04,6.52E-04,4.65E-04,6.28E-04,3.59E-04,1.05E-05,1.05E-03,5.94E-04,8.56E-04,7.15E-04,6.08E-04,4.79E-04,6.99E-04,6.15E-04,2.19E-04,-4.81E-04
1295,9.30E-04,6.53E-04,6.36E-04,7.97E-04,7.94E-04,6.37E-04,4.44E-04,6.15E-04,3.56E-04,1.27E-05,1.03E-03,5.80E-04,8.45E-04,6.99E-04,5.97E-04,4.59E-04,6.78E-04,5.98E-04,2.10E-04,-4.85E-04
1296,9.13E-04,6.30E-04,6.18E-04,7.84E-04,7.77E-04,6.22E-04,4.24E-04,6.01E-04,3.53E-04,1.48E-05,1.01E-03,5.66E-04,8.32E-04,6.81E-04,5.84E-04,4.40E-04,6.56E-04,5.82E-04,2.01E-04,-4.89E-04
1297,8.95E-04,6.07E-04,6.00E-04,7.71E-04,7.60E-04,6.07E-04,4.04E-04,5.88E-04,3.50E-04,1.71E-05,9.88E-04,5.51E-04,8.20E-04,6.63E-04,5.72E-04,4.20E-04,6.35E-04,5.65E-04,1.93E-04,-4.92E-04
1298,8.78E-04,5.86E-04,5.84E-04,7.59E-04,7.44E-04,5.92E-04,3.85E-04,5.75E-04,3.46E-04,1.97E-05,9.67E-04,5.37E-04,8.07E-04,6.44E-04,5.59E-04,4.00E-04,6.13E-04,5.49E-04,1.85E-04,-4.95E-04
1299,8.62E-04,5.66E-04,5.68E-04,7.48E-04,7.29E-04,5.78E-04,3.67E-04,5.64E-04,3.42E-04,2.27E-05,9.45E-04,5.24E-04,7.93E-04,6.25E-04,5.46E-04,3.81E-04,5.93E-04,5.33E-04,1.77E-04,-4.97E-04
1300,8.46E-04,5.47E-04,5.53E-04,7.39E-04,7.14E-04,5.64E-04,3.51E-04,5.52E-04,3.37E-04,2.62E-05,9.24E-04,5.11E-04,7.80E-04,6.06E-04,5.33E-04,3.62E-04,5.72E-04,5.18E-04,1.69E-04,-4.98E-04
1301,8.32E-04,5.29E-04,5.39E-04,7.30E-04,7.01E-04,5.52E-04,3.36E-04,5.42E-04,3.33E-04,3.03E-05,9.02E-04,4.98E-04,7.66E-04,5.86E-04,5.21E-04,3.44E-04,5.53E-04,5.04E-04,1.62E-04,-4.98E-04
1302,8.19E-04,5.13E-04,5.27E-04,7.23E-04,6.88E-04,5.40E-04,3.22E-04,5.33E-04,3.28E-04,3.49E-05,8.80E-04,4.86E-04,7.53E-04,5.67E-04,5.08E-04,3.27E-04,5.34E-04,4.91E-04,1.56E-04,-4.98E-04
1303,8.06E-04,4.97E-04,5.15E-04,7.16E-04,6.76E-04,5.28E-04,3.09E-04,5.25E-04,3.23E-04,4.00E-05,8.57E-04,4.75E-04,7.39E-04,5.47E-04,4.96E-04,3.10E-04,5.16E-04,4.78E-04,1.50E-04,-4.97E-04
1304,7.95E-04,4.83E-04,5.04E-04,7.10E-04,6.64E-04,5.17E-04,2.98E-04,5.17E-04,3.18E-04,4.56E-05,8.35E-04,4.65E-04,7.25E-04,5.27E-04,4.83E-04,2.93E-04,4.99E-04,4.66E-04,1.44E-04,-4.95E-04
1305,7.83E-04,4.70E-04,4.94E-04,7.04E-04,6.53E-04,5.06E-04,2.87E-04,5.09E-04,3.13E-04,5.14E-05,8.12E-04,4.55E-04,7.11E-04,5.07E-04,4.70E-04,2.77E-04,4.83E-04,4.55E-04,1.38E-04,-4.92E-04
1306,7.73E-04,4.57E-04,4.83E-04,6.98E-04,6.41E-04,4.95E-04,2.78E-04,5.02E-04,3.07E-04,5.75E-05,7.89E-04,4.45E-04,6.96E-04,4.87E-04,4.57E-04,2.61E-04,4.67E-04,4.43E-04,1.33E-04,-4.88E-04
1307,7.62E-04,4.44E-04,4.73E-04,6.92E-04,6.28E-04,4.83E-04,2.68E-04,4.95E-04,3.02E-04,6.35E-05,7.66E-04,4.36E-04,6.82E-04,4.67E-04,4.43E-04,2.45E-04,4.53E-04,4.32E-04,1.27E-04,-4.85E-04
1308,7.51E-04,4.31E-04,4.62E-04,6.85E-04,6.14E-04,4.70E-04,2.59E-04,4.88E-04,2.95E-04,6.95E-05,7.42E-04,4.27E-04,6.66E-04,4.47E-04,4.28E-04,2.29E-04,4.39E-04,4.21E-04,1.21E-04,-4.81E-04
1309,7.40E-04,4.19E-04,4.50E-04,6.77E-04,6.00E-04,4.57E-04,2.50E-04,4.80E-04,2.89E-04,7.52E-05,7.18E-04,4.18E-04,6.50E-04,4.25E-04,4.12E-04,2.12E-04,4.26E-04,4.09E-04,1.14E-04,-4.77E-04
1310,7.28E-04,4.05E-04,4.38E-04,6.68E-04,5.84E-04,4.42E-04,2.41E-04,4.71E-04,2.82E-04,8.05E-05,6.94E-04,4.09E-04,6.34E-04,4.04E-04,3.96E-04,1.94E-04,4.13E-04,3.98E-04,1.07E-04,-4.72E-04
1311,7.16E-04,3.92E-04,4.25E-04,6.58E-04,5.67E-04,4.25E-04,2.31E-04,4.62E-04,2.74E-04,8.54E-05,6.69E-04,4.01E-04,6.17E-04,3.81E-04,3.78E-04,1.76E-04,4.02E-04,3.85E-04,9.97E-05,-4.68E-04
1312,7.03E-04,3.78E-04,4.11E-04,6.47E-04,5.49E-04,4.08E-04,2.22E-04,4.53E-04,2.66E-04,8.99E-05,6.45E-04,3.91E-04,5.99E-04,3.58E-04,3.59E-04,1.58E-04,3.91E-04,3.73E-04,9.17E-05,-4.64E-04
1313,6.89E-04,3.64E-04,3.97E-04,6.34E-04,5.30E-04,3.89E-04,2.13E-04,4.42E-04,2.58E-04,9.38E-05,6.20E-04,3.82E-04,5.81E-04,3.34E-04,3.40E-04,1.38E-04,3.80E-04,3.59E-04,8.31E-05,-4.60E-04
1314,6.76E-04,3.50E-04,3.82E-04,6.22E-04,5.10E-04,3.69E-04,2.03E-04,4.31E-04,2.50E-04,9.72E-05,5.95E-04,3.73E-04,5.62E-04,3.09E-04,3.19E-04,1.18E-04,3.70E-04,3.45E-04,7.42E-05,-4.55E-04
1315,6.62E-04,3.36E-04,3.66E-04,6.08E-04,4.89E-04,3.48E-04,1.94E-04,4.20E-04,2.41E-04,1.00E-04,5.70E-04,3.63E-04,5.43E-04,2.84E-04,2.97E-04,9.74E-05,3.61E-04,3.31E-04,6.49E-05,-4.51E-04
1316,6.48E-04,3.23E-04,3.51E-04,5.95E-04,4.68E-04,3.27E-04,1.86E-04,4.09E-04,2.32E-04,1.03E-04,5.46E-04,3.53E-04,5.23E-04,2.57E-04,2.75E-04,7.62E-05,3.52E-04,3.17E-04,5.56E-05,-4.46E-04
1317,6.34E-04,3.10E-04,3.36E-04,5.82E-04,4.47E-04,3.06E-04,1.77E-04,3.98E-04,2.23E-04,1.05E-04,5.21E-04,3.43E-04,5.04E-04,2.31E-04,2.52E-04,5.47E-05,3.43E-04,3.02E-04,4.62E-05,-4.41E-04
1318,6.21E-04,2.98E-04,3.22E-04,5.69E-04,4.26E-04,2.85E-04,1.70E-04,3.86E-04,2.14E-04,1.07E-04,4.97E-04,3.33E-04,4.84E-04,2.04E-04,2.29E-04,3.31E-05,3.35E-04,2.88E-04,3.69E-05,-4.36E-04
1319,6.09E-04,2.88E-04,3.08E-04,5.57E-04,4.06E-04,2.64E-04,1.64E-04,3.76E-04,2.05E-04,1.09E-04,4.74E-04,3.23E-04,4.64E-04,1.77E-04,2.06E-04,1.17E-05,3.27E-04,2.73E-04,2.80E-05,-4.30E-04
1320,5.97E-04,2.78E-04,2.96E-04,5.46E-04,3.87E-04,2.44E-04,1.59E-04,3.66E-04,1.96E-04,1.12E-04,4.51E-04,3.13E-04,4.45E-04,1.50E-04,1.83E-04,-9.37E-06,3.20E-04,2.59E-04,1.94E-05,-4.23E-04
1321,5.87E-04,2.70E-04,2.84E-04,5.37E-04,3.69E-04,2.25E-04,1.55E-04,3.56E-04,1.88E-04,1.14E-04,4.28E-04,3.04E-04,4.26E-04,1.23E-04,1.60E-04,-2.99E-05,3.12E-04,2.45E-04,1.14E-05,-4.15E-04
1322,5.78E-04,2.64E-04,2.74E-04,5.29E-04,3.52E-04,2.07E-04,1.53E-04,3.47E-04,1.79E-04,1.17E-04,4.07E-04,2.94E-04,4.07E-04,9.65E-05,1.38E-04,-4.97E-05,3.05E-04,2.31E-04,3.99E-06,-4.07E-04
1323,5.70E-04,2.59E-04,2.65E-04,5.22E-04,3.37E-04,1.90E-04,1.51E-04,3.40E-04,1.71E-04,1.20E-04,3.86E-04,2.85E-04,3.89E-04,7.05E-05,1.16E-04,-6.86E-05,2.98E-04,2.18E-04,-2.76E-06,-3.98E-04
1324,5.64E-04,2.55E-04,2.57E-04,5.16E-04,3.23E-04,1.75E-04,1.51E-04,3.33E-04,1.63E-04,1.23E-04,3.66E-04,2.77E-04,3.71E-04,4.51E-05,9.47E-05,-8.65E-05,2.92E-04,2.06E-04,-8.84E-06,-3.88E-04
1325,5.58E-04,2.53E-04,2.50E-04,5.12E-04,3.10E-04,1.60E-04,1.52E-04,3.27E-04,1.55E-04,1.27E-04,3.46E-04,2.68E-04,3.53E-04,2.06E-05,7.44E-05,-1.03E-04,2.85E-04,1.94E-04,-1.42E-05,-3.77E-04
1326,5.54E-04,2.53E-04,2.45E-04,5.08E-04,2.98E-04,1.47E-04,1.54E-04,3.21E-04,1.47E-04,1.32E-04,3.28E-04,2.60E-04,3.36E-04,-3.04E-06,5.52E-05,-1.19E-04,2.78E-04,1.83E-04,-1.90E-05,-3.65E-04
1327,5.51E-04,2.53E-04,2.40E-04,5.06E-04,2.87E-04,1.35E-04,1.56E-04,3.16E-04,1.40E-04,1.37E-04,3.10E-04,2.52E-04,3.20E-04,-2.56E-05,3.69E-05,-1.33E-04,2.71E-04,1.73E-04,-2.32E-05,-3.52E-04
1328,5.48E-04,2.54E-04,2.35E-04,5.03E-04,2.78E-04,1.24E-04,1.59E-04,3.12E-04,1.33E-04,1.43E-04,2.93E-04,2.45E-04,3.04E-04,-4.70E-05,1.97E-05,-1.46E-04,2.64E-04,1.63E-04,-2.68E-05,-3.39E-04
1329,5.46E-04,2.55E-04,2.31E-04,5.01E-04,2.68E-04,1.14E-04,1.62E-04,3.07E-04,1.26E-04,1.49E-04,2.77E-04,2.38E-04,2.89E-04,-6.71E-05,3.49E-06,-1.58E-04,2.57E-04,1.54E-04,-2.99E-05,-3.25E-04
1330,5.45E-04,2.57E-04,2.28E-04,4.99E-04,2.60E-04,1.04E-04,1.66E-04,3.03E-04,1.20E-04,1.56E-04,2.62E-04,2.31E-04,2.74E-04,-8.60E-05,-1.16E-05,-1.69E-04,2.49E-04,1.46E-04,-3.26E-05,-3.10E-04
1331,5.43E-04,2.58E-04,2.24E-04,4.97E-04,2.51E-04,9.46E-05,1.69E-04,2.99E-04,1.14E-04,1.63E-04,2.48E-04,2.24E-04,2.60E-04,-1.03E-04,-2.56E-05,-1.78E-04,2.42E-04,1.38E-04,-3.50E-05,-2.95E-04
1332,5.41E-04,2.60E-04,2.20E-04,4.95E-04,2.43E-04,8.58E-05,1.72E-04,2.95E-04,1.08E-04,1.71E-04,2.34E-04,2.17E-04,2.46E-04,-1.20E-04,-3.84E-05,-1.86E-04,2.34E-04,1.30E-04,-3.70E-05,-2.79E-04
1333,5.40E-04,2.61E-04,2.15E-04,4.92E-04,2.34E-04,7.75E-05,1.74E-04,2.90E-04,1.02E-04,1.80E-04,2.21E-04,2.11E-04,2.33E-04,-1.34E-04,-5.02E-05,-1.94E-04,2.27E-04,1.24E-04,-3.87E-05,-2.62E-04
1334,5.37E-04,2.62E-04,2.10E-04,4.88E-04,2.26E-04,6.95E-05,1.76E-04,2.86E-04,9.69E-05,1.89E-04,2.09E-04,2.05E-04,2.20E-04,-1.48E-04,-6.08E-05,-2.00E-04,2.20E-04,1.17E-04,-4.01E-05,-2.46E-04
1335,5.35E-04,2.62E-04,2.05E-04,4.84E-04,2.18E-04,6.19E-05,1.78E-04,2.81E-04,9.21E-05,1.98E-04,1.98E-04,1.98E-04,2.08E-04,-1.60E-04,-7.03E-05,-2.06E-04,2.13E-04,1.11E-04,-4.11E-05,-2.29E-04
1336,5.32E-04,2.63E-04,1.99E-04,4.79E-04,2.09E-04,5.47E-05,1.80E-04,2.76E-04,8.77E-05,2.07E-04,1.87E-04,1.92E-04,1.97E-04,-1.71E-04,-7.86E-05,-2.10E-04,2.06E-04,1.05E-04,-4.18E-05,-2.11E-04
1337,5.28E-04,2.62E-04,1.93E-04,4.74E-04,2.01E-04,4.80E-05,1.81E-04,2.70E-04,8.37E-05,2.17E-04,1.77E-04,1.87E-04,1.86E-04,-1.81E-04,-8.59E-05,-2.14E-04,1.99E-04,9.97E-05,-4.22E-05,-1.93E-04
1338,5.24E-04,2.62E-04,1.86E-04,4.69E-04,1.92E-04,4.17E-05,1.82E-04,2.65E-04,8.02E-05,2.27E-04,1.68E-04,1.81E-04,1.76E-04,-1.89E-04,-9.20E-05,-2.17E-04,1.92E-04,9.45E-05,-4.22E-05,-1.75E-04
1339,5.19E-04,2.61E-04,1.80E-04,4.63E-04,1.84E-04,3.61E-05,1.83E-04,2.60E-04,7.71E-05,2.37E-04,1.59E-04,1.75E-04,1.66E-04,-1.97E-04,-9.70E-05,-2.20E-04,1.86E-04,8.94E-05,-4.17E-05,-1.57E-04
1340,5.14E-04,2.60E-04,1.73E-04,4.57E-04,1.76E-04,3.10E-05,1.84E-04,2.55E-04,7.44E-05,2.47E-04,1.51E-04,1.70E-04,1.57E-04,-2.03E-04,-1.01E-04,-2.22E-04,1.81E-04,8.45E-05,-4.08E-05,-1.38E-04
1341,5.09E-04,2.59E-04,1.66E-04,4.51E-04,1.69E-04,2.65E-05,1.85E-04,2.49E-04,7.21E-05,2.56E-04,1.43E-04,1.64E-04,1.48E-04,-2.09E-04,-1.04E-04,-2.23E-04,1.75E-04,7.97E-05,-3.95E-05,-1.19E-04
1342,5.03E-04,2.58E-04,1.59E-04,4.46E-04,1.61E-04,2.26E-05,1.86E-04,2.44E-04,7.01E-05,2.66E-04,1.36E-04,1.59E-04,1.40E-04,-2.14E-04,-1.06E-04,-2.24E-04,1.70E-04,7.49E-05,-3.78E-05,-1.00E-04
1343,4.97E-04,2.58E-04,1.52E-04,4.40E-04,1.54E-04,1.92E-05,1.87E-04,2.39E-04,6.84E-05,2.75E-04,1.28E-04,1.54E-04,1.32E-04,-2.19E-04,-1.07E-04,-2.25E-04,1.65E-04,7.02E-05,-3.57E-05,-8.10E-05
1344,4.90E-04,2.57E-04,1.46E-04,4.34E-04,1.48E-04,1.63E-05,1.88E-04,2.34E-04,6.68E-05,2.83E-04,1.20E-04,1.49E-04,1.24E-04,-2.24E-04,-1.08E-04,-2.26E-04,1.60E-04,6.53E-05,-3.33E-05,-6.17E-05
1345,4.83E-04,2.56E-04,1.39E-04,4.28E-04,1.41E-04,1.36E-05,1.89E-04,2.29E-04,6.52E-05,2.91E-04,1.12E-04,1.43E-04,1.17E-04,-2.28E-04,-1.08E-04,-2.26E-04,1.55E-04,6.04E-05,-3.07E-05,-4.25E-05
1346,4.75E-04,2.54E-04,1.33E-04,4.22E-04,1.35E-04,1.12E-05,1.90E-04,2.24E-04,6.36E-05,2.97E-04,1.04E-04,1.37E-04,1.09E-04,-2.32E-04,-1.07E-04,-2.26E-04,1.50E-04,5.53E-05,-2.79E-05,-2.33E-05
1347,4.67E-04,2.53E-04,1.26E-04,4.16E-04,1.29E-04,8.77E-06,1.91E-04,2.19E-04,6.19E-05,3.04E-04,9.53E-05,1.31E-04,1.02E-04,-2.37E-04,-1.06E-04,-2.26E-04,1.44E-04,4.99E-05,-2.51E-05,-4.42E-06
1348,4.58E-04,2.51E-04,1.20E-04,4.10E-04,1.23E-04,6.28E-06,1.91E-04,2.14E-04,6.00E-05,3.09E-04,8.59E-05,1.25E-04,9.44E-05,-2.41E-04,-1.05E-04,-2.26E-04,1.38E-04,4.44E-05,-2.23E-05,1.42E-05
1349,4.49E-04,2.49E-04,1.13E-04,4.03E-04,1.17E-04,3.55E-06,1.91E-04,2.08E-04,5.78E-05,3.13E-04,7.60E-05,1.18E-04,8.67E-05,-2.46E-04,-1.03E-04,-2.26E-04,1.31E-04,3.85E-05,-1.97E-05,3.24E-05
1350,4.38E-04,2.46E-04,1.06E-04,3.95E-04,1.11E-04,4.70E-07,1.90E-04,2.02E-04,5.53E-05,3.16E-04,6.54E-05,1.11E-04,7.88E-05,-2.51E-04,-1.02E-04,-2.26E-04,1.24E-04,3.24E-05,-1.74E-05,5.01E-05
1351,4.27E-04,2.42E-04,9.83E-05,3.87E-04,1.04E-04,-3.04E-06,1.88E-04,1.95E-04,5.24E-05,3.19E-04,5.42E-05,1.03E-04,7.07E-05,-2.56E-04,-1.01E-04,-2.27E-04,1.16E-04,2.60E-05,-1.54E-05,6.73E-05
1352,4.15E-04,2.38E-04,9.04E-05,3.78E-04,9.76E-05,-7.04E-06,1.86E-04,1.88E-04,4.93E-05,3.21E-04,4.24E-05,9.46E-05,6.23E-05,-2.61E-04,-9.94E-05,-2.28E-04,1.07E-04,1.93E-05,-1.39E-05,8.39E-05
1353,4.02E-04,2.32E-04,8.20E-05,3.69E-04,9.03E-05,-1.15E-05,1.83E-04,1.80E-04,4.58E-05,3.22E-04,3.01E-05,8.55E-05,5.38E-05,-2.67E-04,-9.85E-05,-2.29E-04,9.74E-05,1.24E-05,-1.29E-05,9.98E-05
1354,3.89E-04,2.26E-04,7.31E-05,3.58E-04,8.27E-05,-1.65E-05,1.78E-04,1.71E-04,4.21E-05,3.23E-04,1.74E-05,7.60E-05,4.51E-05,-2.72E-04,-9.79E-05,-2.30E-04,8.68E-05,5.37E-06,-1.24E-05,1.15E-04
1355,3.74E-04,2.19E-04,6.36E-05,3.47E-04,7.47E-05,-2.19E-05,1.73E-04,1.62E-04,3.82E-05,3.23E-04,4.49E-06,6.59E-05,3.62E-05,-2.78E-04,-9.75E-05,-2.32E-04,7.54E-05,-1.84E-06,-1.24E-05,1.29E-04
1356,3.59E-04,2.10E-04,5.35E-05,3.35E-04,6.64E-05,-2.77E-05,1.66E-04,1.53E-04,3.42E-05,3.23E-04,-8.64E-06,5.55E-05,2.73E-05,-2.84E-04,-9.75E-05,-2.34E-04,6.33E-05,-9.15E-06,-1.30E-05,1.43E-04
1357,3.42E-04,2.01E-04,4.30E-05,3.22E-04,5.78E-05,-3.38E-05,1.59E-04,1.42E-04,3.01E-05,3.23E-04,-2.18E-05,4.46E-05,1.85E-05,-2.89E-04,-9.76E-05,-2.36E-04,5.05E-05,-1.65E-05,-1.40E-05,1.56E-04
1358,3.26E-04,1.91E-04,3.20E-05,3.08E-04,4.90E-05,-4.00E-05,1.51E-04,1.32E-04,2.60E-05,3.23E-04,-3.49E-05,3.36E-05,9.66E-06,-2.94E-04,-9.81E-05,-2.38E-04,3.73E-05,-2.38E-05,-1.54E-05,1.69E-04
1359,3.08E-04,1.80E-04,2.06E-05,2.94E-04,4.01E-05,-4.63E-05,1.42E-04,1.21E-04,2.20E-05,3.23E-04,-4.79E-05,2.24E-05,9.78E-07,-2.99E-04,-9.88E-05,-2.41E-04,2.37E-05,-3.11E-05,-1.73E-05,1.81E-04
1360,2.90E-04,1.69E-04,9.00E-06,2.80E-04,3.11E-05,-5.25E-05,1.32E-04,1.09E-04,1.81E-05,3.23E-04,-6.07E-05,1.11E-05,-7.55E-06,-3.04E-04,-9.96E-05,-2.44E-04,9.76E-06,-3.84E-05,-1.94E-05,1.92E-04
1361,2.71E-04,1.57E-04,-2.83E-06,2.65E-04,2.20E-05,-5.88E-05,1.23E-04,9.78E-05,1.43E-05,3.23E-04,-7.34E-05,-2.11E-07,-1.59E-05,-3.08E-04,-1.01E-04,-2.47E-04,-4.30E-06,-4.56E-05,-2.18E-05,2.03E-04
1362,2.52E-04,1.45E-04,-1.48E-05,2.50E-04,1.29E-05,-6.50E-05,1.12E-04,8.61E-05,1.06E-05,3.23E-04,-8.59E-05,-1.15E-05,-2.41E-05,-3.12E-04,-1.02E-04,-2.51E-04,-1.84E-05,-5.27E-05,-2.44E-05,2.13E-04
1363,2.33E-04,1.32E-04,-2.69E-05,2.35E-04,3.72E-06,-7.12E-05,1.02E-04,7.42E-05,6.91E-06,3.23E-04,-9.82E-05,-2.26E-05,-3.22E-05,-3.16E-04,-1.03E-04,-2.54E-04,-3.25E-05,-5.98E-05,-2.72E-05,2.23E-04
1364,2.13E-04,1.19E-04,-3.90E-05,2.20E-04,-5.54E-06,-7.74E-05,9.09E-05,6.22E-05,3.29E-06,3.23E-04,-1.11E-04,-3.37E-05,-4.01E-05,-3.20E-04,-1.05E-04,-2.58E-04,-4.65E-05,-6.69E-05,-3.01E-05,2.32E-04
1365,1.93E-04,1.06E-04,-5.12E-05,2.04E-04,-1.50E-05,-8.38E-05,7.99E-05,5.00E-05,-3.75E-07,3.23E-04,-1.23E-04,-4.47E-05,-4.81E-05,-3.24E-04,-1.07E-04,-2.62E-04,-6.04E-05,-7.41E-05,-3.31E-05,2.41E-04
1366,1.73E-04,9.28E-05,-6.35E-05,1.88E-04,-2.46E-05,-9.04E-05,6.87E-05,3.76E-05,-4.18E-06,3.22E-04,-1.36E-04,-5.57E-05,-5.60E-05,-3.28E-04,-1.09E-04,-2.67E-04,-7.41E-05,-8.14E-05,-3.64E-05,2.49E-04
1367,1.52E-04,7.92E-05,-7.58E-05,1.72E-04,-3.46E-05,-9.74E-05,5.74E-05,2.51E-05,-8.20E-06,3.21E-04,-1.49E-04,-6.67E-05,-6.42E-05,-3.32E-04,-1.11E-04,-2.71E-04,-8.77E-05,-8.89E-05,-3.97E-05,2.56E-04
1368,1.31E-04,6.54E-05,-8.83E-05,1.55E-04,-4.51E-05,-1.05E-04,4.58E-05,1.23E-05,-1.25E-05,3.20E-04,-1.63E-04,-7.77E-05,-7.25E-05,-3.36E-04,-1.14E-04,-2.76E-04,-1.01E-04,-9.66E-05,-4.33E-05,2.63E-04
1369,1.10E-04,5.13E-05,-1.01E-04,1.38E-04,-5.61E-05,-1.13E-04,3.40E-05,-7.07E-07,-1.72E-05,3.17E-04,-1.77E-04,-8.88E-05,-8.12E-05,-3.41E-04,-1.17E-04,-2.81E-04,-1.14E-04,-1.05E-04,-4.70E-05,2.69E-04
1370,8.77E-05,3.69E-05,-1.14E-04,1.21E-04,-6.77E-05,-1.22E-04,2.20E-05,-1.40E-05,-2.24E-05,3.14E-04,-1.92E-04,-1.00E-04,-9.02E-05,-3.46E-04,-1.21E-04,-2.86E-04,-1.27E-04,-1.13E-04,-5.09E-05,2.74E-04
1371,6.55E-05,2.23E-05,-1.27E-04,1.03E-04,-7.99E-05,-1.32E-04,9.70E-06,-2.76E-05,-2.79E-05,3.10E-04,-2.07E-04,-1.12E-04,-9.97E-05,-3.52E-04,-1.25E-04,-2.91E-04,-1.41E-04,-1.22E-04,-5.51E-05,2.78E-04
1372,4.30E-05,7.43E-06,-1.40E-04,8.49E-05,-9.28E-05,-1.43E-04,-2.82E-06,-4.15E-05,-3.40E-05,3.05E-04,-2.23E-04,-1.23E-04,-1.09E-04,-3.58E-04,-1.29E-04,-2.97E-04,-1.53E-04,-1.30E-04,-5.95E-05,2.82E-04
1373,2.03E-05,-7.62E-06,-1.54E-04,6.63E-05,-1.06E-04,-1.54E-04,-1.56E-05,-5.55E-05,-4.04E-05,2.99E-04,-2.40E-04,-1.35E-04,-1.20E-04,-3.65E-04,-1.34E-04,-3.02E-04,-1.66E-04,-1.40E-04,-6.41E-05,2.85E-04
1374,-2.42E-06,-2.28E-05,-1.67E-04,4.76E-05,-1.20E-04,-1.66E-04,-2.84E-05,-6.96E-05,-4.72E-05,2.92E-04,-2.57E-04,-1.47E-04,-1.30E-04,-3.71E-04,-1.39E-04,-3.07E-04,-1.79E-04,-1.49E-04,-6.88E-05,2.88E-04
1375,-2.51E-05,-3.79E-05,-1.81E-04,2.89E-05,-1.34E-04,-1.79E-04,-4.13E-05,-8.36E-05,-5.43E-05,2.85E-04,-2.75E-04,-1.59E-04,-1.41E-04,-3.78E-04,-1.45E-04,-3.12E-04,-1.91E-04,-1.58E-04,-7.37E-05,2.90E-04
1376,-4.75E-05,-5.28E-05,-1.94E-04,1.03E-05,-1.49E-04,-1.91E-04,-5.40E-05,-9.73E-05,-6.14E-05,2.77E-04,-2.92E-04,-1.71E-04,-1.51E-04,-3.85E-04,-1.50E-04,-3.17E-04,-2.03E-04,-1.67E-04,-7.84E-05,2.91E-04
1377,-6.93E-05,-6.74E-05,-2.07E-04,-7.82E-06,-1.63E-04,-2.04E-04,-6.63E-05,-1.11E-04,-6.84E-05,2.69E-04,-3.09E-04,-1.83E-04,-1.62E-04,-3.92E-04,-1.56E-04,-3.21E-04,-2.14E-04,-1.76E-04,-8.31E-05,2.93E-04
1378,-9.04E-05,-8.14E-05,-2.20E-04,-2.52E-05,-1.77E-04,-2.16E-04,-7.81E-05,-1.23E-04,-7.51E-05,2.61E-04,-3.25E-04,-1.94E-04,-1.72E-04,-3.99E-04,-1.62E-04,-3.24E-04,-2.25E-04,-1.85E-04,-8.75E-05,2.94E-04
1379,-1.10E-04,-9.46E-05,-2.32E-04,-4.16E-05,-1.90E-04,-2.28E-04,-8.90E-05,-1.35E-04,-8.14E-05,2.53E-04,-3.40E-04,-2.05E-04,-1.82E-04,-4.05E-04,-1.67E-04,-3.26E-04,-2.34E-04,-1.92E-04,-9.14E-05,2.96E-04
1380,-1.29E-04,-1.07E-04,-2.42E-04,-5.67E-05,-2.02E-04,-2.38E-04,-9.88E-05,-1.45E-04,-8.70E-05,2.46E-04,-3.54E-04,-2.15E-04,-1.91E-04,-4.10E-04,-1.71E-04,-3.27E-04,-2.43E-04,-2.00E-04,-9.48E-05,2.98E-04
1381,-1.46E-04,-1.17E-04,-2.52E-04,-7.01E-05,-2.12E-04,-2.47E-04,-1.07E-04,-1.53E-04,-9.18E-05,2.40E-04,-3.67E-04,-2.23E-04,-1.99E-04,-4.14E-04,-1.75E-04,-3.27E-04,-2.50E-04,-2.06E-04,-9.76E-05,3.00E-04
1382,-1.61E-04,-1.27E-04,-2.60E-04,-8.17E-05,-2.21E-04,-2.54E-04,-1.14E-04,-1.60E-04,-9.56E-05,2.34E-04,-3.78E-04,-2.31E-04,-2.06E-04,-4.17E-04,-1.79E-04,-3.25E-04,-2.56E-04,-2.11E-04,-9.94E-05,3.03E-04
1383,-1.74E-04,-1.34E-04,-2.66E-04,-9.12E-05,-2.28E-04,-2.59E-04,-1.19E-04,-1.65E-04,-9.82E-05,2.30E-04,-3.86E-04,-2.36E-04,-2.12E-04,-4.19E-04,-1.81E-04,-3.22E-04,-2.60E-04,-2.14E-04,-1.00E-04,3.07E-04
1384,-1.85E-04,-1.40E-04,-2.71E-04,-9.85E-05,-2.33E-04,-2.62E-04,-1.22E-04,-1.68E-04,-9.96E-05,2.27E-04,-3.93E-04,-2.41E-04,-2.17E-04,-4.20E-04,-1.82E-04,-3.18E-04,-2.63E-04,-2.17E-04,-1.00E-04,3.12E-04
1385,-1.93E-04,-1.44E-04,-2.73E-04,-1.04E-04,-2.36E-04,-2.62E-04,-1.23E-04,-1.69E-04,-9.97E-05,2.25E-04,-3.98E-04,-2.43E-04,-2.20E-04,-4.19E-04,-1.82E-04,-3.12E-04,-2.63E-04,-2.18E-04,-9.91E-05,3.17E-04
1386,-1.99E-04,-1.45E-04,-2.74E-04,-1.06E-04,-2.36E-04,-2.60E-04,-1.21E-04,-1.67E-04,-9.86E-05,2.25E-04,-4.00E-04,-2.44E-04,-2.21E-04,-4.17E-04,-1.81E-04,-3.04E-04,-2.62E-04,-2.18E-04,-9.70E-05,3.24E-04
1387,-2.02E-04,-1.45E-04,-2.73E-04,-1.07E-04,-2.35E-04,-2.56E-04,-1.18E-04,-1.63E-04,-9.61E-05,2.27E-04,-4.01E-04,-2.42E-04,-2.21E-04,-4.13E-04,-1.78E-04,-2.95E-04,-2.59E-04,-2.17E-04,-9.38E-05,3.31E-04
1388,-2.03E-04,-1.43E-04,-2.69E-04,-1.05E-04,-2.31E-04,-2.50E-04,-1.12E-04,-1.57E-04,-9.25E-05,2.29E-04,-3.99E-04,-2.39E-04,-2.20E-04,-4.09E-04,-1.74E-04,-2.85E-04,-2.54E-04,-2.14E-04,-8.96E-05,3.40E-04
1389,-2.02E-04,-1.39E-04,-2.64E-04,-1.02E-04,-2.26E-04,-2.41E-04,-1.04E-04,-1.50E-04,-8.79E-05,2.33E-04,-3.96E-04,-2.35E-04,-2.17E-04,-4.04E-04,-1.70E-04,-2.74E-04,-2.47E-04,-2.11E-04,-8.47E-05,3.49E-04
1390,-2.00E-04,-1.34E-04,-2.58E-04,-9.69E-05,-2.20E-04,-2.31E-04,-9.41E-05,-1.40E-04,-8.23E-05,2.38E-04,-3.91E-04,-2.29E-04,-2.13E-04,-3.98E-04,-1.64E-04,-2.62E-04,-2.39E-04,-2.06E-04,-7.91E-05,3.59E-04
1391,-1.95E-04,-1.28E-04,-2.50E-04,-9.08E-05,-2.12E-04,-2.20E-04,-8.28E-05,-1.29E-04,-7.60E-05,2.44E-04,-3.86E-04,-2.21E-04,-2.09E-04,-3.91E-04,-1.57E-04,-2.49E-04,-2.29E-04,-2.01E-04,-7.31E-05,3.69E-04
1392,-1.89E-04,-1.20E-04,-2.41E-04,-8.40E-05,-2.04E-04,-2.09E-04,-7.03E-05,-1.17E-04,-6.91E-05,2.50E-04,-3.79E-04,-2.13E-04,-2.03E-04,-3.84E-04,-1.50E-04,-2.36E-04,-2.18E-04,-1.96E-04,-6.68E-05,3.79E-04
1393,-1.82E-04,-1.13E-04,-2.32E-04,-7.69E-05,-1.95E-04,-1.97E-04,-5.69E-05,-1.05E-04,-6.20E-05,2.56E-04,-3.72E-04,-2.04E-04,-1.97E-04,-3.78E-04,-1.42E-04,-2.23E-04,-2.06E-04,-1.90E-04,-6.04E-05,3.89E-04
1394,-1.75E-04,-1.05E-04,-2.22E-04,-6.99E-05,-1.87E-04,-1.86E-04,-4.31E-05,-9.18E-05,-5.47E-05,2.63E-04,-3.65E-04,-1.94E-04,-1.91E-04,-3.71E-04,-1.33E-04,-2.10E-04,-1.94E-04,-1.85E-04,-5.43E-05,3.99E-04
1395,-1.67E-04,-9.66E-05,-2.13E-04,-6.34E-05,-1.80E-04,-1.75E-04,-2.92E-05,-7.91E-05,-4.76E-05,2.70E-04,-3.57E-04,-1.84E-04,-1.85E-04,-3.65E-04,-1.24E-04,-1.97E-04,-1.81E-04,-1.79E-04,-4.85E-05,4.08E-04
1396,-1.59E-04,-8.90E-05,-2.04E-04,-5.77E-05,-1.73E-04,-1.66E-04,-1.56E-05,-6.68E-05,-4.07E-05,2.76E-04,-3.50E-04,-1.74E-04,-1.79E-04,-3.59E-04,-1.15E-04,-1.85E-04,-1.68E-04,-1.74E-04,-4.32E-05,4.16E-04
1397,-1.52E-04,-8.20E-05,-1.96E-04,-5.32E-05,-1.69E-04,-1.58E-04,-2.65E-06,-5.55E-05,-3.44E-05,2.81E-04,-3.44E-04,-1.65E-04,-1.74E-04,-3.55E-04,-1.06E-04,-1.74E-04,-1.55E-04,-1.70E-04,-3.87E-05,4.24E-04
1398,-1.45E-04,-7.59E-05,-1.88E-04,-5.01E-05,-1.65E-04,-1.53E-04,9.25E-06,-4.52E-05,-2.86E-05,2.86E-04,-3.39E-04,-1.56E-04,-1.69E-04,-3.51E-04,-9.76E-05,-1.63E-04,-1.43E-04,-1.66E-04,-3.50E-05,4.30E-04
1399,-1.39E-04,-7.08E-05,-1.82E-04,-4.87E-05,-1.64E-04,-1.49E-04,1.99E-05,-3.64E-05,-2.36E-05,2.89E-04,-3.34E-04,-1.48E-04,-1.65E-04,-3.47E-04,-8.93E-05,-1.54E-04,-1.31E-04,-1.63E-04,-3.22E-05,4.35E-04
1400,-1.34E-04,-6.68E-05,-1.77E-04,-4.89E-05,-1.65E-04,-1.48E-04,2.90E-05,-2.92E-05,-1.95E-05,2.92E-04,-3.30E-04,-1.41E-04,-1.62E-04,-3.45E-04,-8.13E-05,-1.46E-04,-1.20E-04,-1.61E-04,-3.04E-05,4.38E-04
1401,-1.30E-04,-6.40E-05,-1.74E-04,-5.09E-05,-1.67E-04,-1.49E-04,3.65E-05,-2.37E-05,-1.63E-05,2.93E-04,-3.28E-04,-1.35E-04,-1.60E-04,-3.44E-04,-7.38E-05,-1.39E-04,-1.10E-04,-1.59E-04,-2.95E-05,4.41E-04
1402,-1.27E-04,-6.22E-05,-1.71E-04,-5.45E-05,-1.72E-04,-1.52E-04,4.24E-05,-2.00E-05,-1.40E-05,2.94E-04,-3.26E-04,-1.30E-04,-1.58E-04,-3.43E-04,-6.68E-05,-1.33E-04,-1.01E-04,-1.58E-04,-2.95E-05,4.42E-04
1403,-1.26E-04,-6.15E-05,-1.70E-04,-5.97E-05,-1.78E-04,-1.57E-04,4.65E-05,-1.81E-05,-1.27E-05,2.93E-04,-3.26E-04,-1.26E-04,-1.58E-04,-3.42E-04,-6.05E-05,-1.29E-04,-9.32E-05,-1.59E-04,-3.02E-05,4.41E-04
1404,-1.25E-04,-6.17E-05,-1.70E-04,-6.61E-05,-1.86E-04,-1.64E-04,4.91E-05,-1.78E-05,-1.22E-05,2.91E-04,-3.26E-04,-1.23E-04,-1.58E-04,-3.43E-04,-5.47E-05,-1.25E-04,-8.66E-05,-1.59E-04,-3.16E-05,4.40E-04
1405,-1.25E-04,-6.27E-05,-1.71E-04,-7.37E-05,-1.95E-04,-1.72E-04,5.03E-05,-1.90E-05,-1.26E-05,2.88E-04,-3.28E-04,-1.21E-04,-1.59E-04,-3.43E-04,-4.95E-05,-1.22E-04,-8.12E-05,-1.61E-04,-3.36E-05,4.38E-04
1406,-1.26E-04,-6.42E-05,-1.73E-04,-8.20E-05,-2.05E-04,-1.81E-04,5.02E-05,-2.16E-05,-1.39E-05,2.84E-04,-3.30E-04,-1.20E-04,-1.61E-04,-3.43E-04,-4.49E-05,-1.19E-04,-7.69E-05,-1.62E-04,-3.59E-05,4.35E-04
1407,-1.28E-04,-6.62E-05,-1.75E-04,-9.08E-05,-2.15E-04,-1.91E-04,4.90E-05,-2.53E-05,-1.58E-05,2.79E-04,-3.32E-04,-1.20E-04,-1.64E-04,-3.44E-04,-4.08E-05,-1.17E-04,-7.36E-05,-1.64E-04,-3.85E-05,4.32E-04
1408,-1.29E-04,-6.83E-05,-1.78E-04,-9.98E-05,-2.26E-04,-2.01E-04,4.72E-05,-2.97E-05,-1.83E-05,2.74E-04,-3.35E-04,-1.21E-04,-1.67E-04,-3.44E-04,-3.72E-05,-1.15E-04,-7.14E-05,-1.67E-04,-4.11E-05,4.28E-04
1409,-1.32E-04,-7.05E-05,-1.81E-04,-1.09E-04,-2.36E-04,-2.11E-04,4.48E-05,-3.48E-05,-2.13E-05,2.67E-04,-3.38E-04,-1.22E-04,-1.70E-04,-3.44E-04,-3.41E-05,-1.14E-04,-7.00E-05,-1.69E-04,-4.36E-05,4.25E-04
1410,-1.34E-04,-7.26E-05,-1.84E-04,-1.17E-04,-2.46E-04,-2.21E-04,4.22E-05,-4.01E-05,-2.47E-05,2.61E-04,-3.42E-04,-1.24E-04,-1.74E-04,-3.44E-04,-3.15E-05,-1.12E-04,-6.93E-05,-1.71E-04,-4.59E-05,4.21E-04
1411,-1.36E-04,-7.45E-05,-1.86E-04,-1.25E-04,-2.55E-04,-2.29E-04,3.95E-05,-4.55E-05,-2.84E-05,2.54E-04,-3.45E-04,-1.26E-04,-1.77E-04,-3.43E-04,-2.92E-05,-1.10E-04,-6.94E-05,-1.74E-04,-4.80E-05,4.17E-04
1412,-1.38E-04,-7.61E-05,-1.89E-04,-1.32E-04,-2.62E-04,-2.36E-04,3.70E-05,-5.08E-05,-3.23E-05,2.47E-04,-3.49E-04,-1.28E-04,-1.81E-04,-3.42E-04,-2.72E-05,-1.09E-04,-7.01E-05,-1.76E-04,-4.97E-05,4.14E-04
1413,-1.40E-04,-7.75E-05,-1.91E-04,-1.39E-04,-2.69E-04,-2.43E-04,3.49E-05,-5.57E-05,-3.63E-05,2.39E-04,-3.52E-04,-1.30E-04,-1.84E-04,-3.40E-04,-2.55E-05,-1.07E-04,-7.14E-05,-1.78E-04,-5.10E-05,4.11E-04
1414,-1.42E-04,-7.86E-05,-1.92E-04,-1.45E-04,-2.74E-04,-2.47E-04,3.32E-05,-6.01E-05,-4.04E-05,2.32E-04,-3.56E-04,-1.32E-04,-1.88E-04,-3.38E-04,-2.41E-05,-1.05E-04,-7.31E-05,-1.80E-04,-5.19E-05,4.08E-04
1415,-1.44E-04,-7.96E-05,-1.94E-04,-1.50E-04,-2.78E-04,-2.51E-04,3.19E-05,-6.41E-05,-4.44E-05,2.24E-04,-3.59E-04,-1.35E-04,-1.91E-04,-3.36E-04,-2.30E-05,-1.02E-04,-7.53E-05,-1.82E-04,-5.25E-05,4.06E-04
1416,-1.45E-04,-8.06E-05,-1.95E-04,-1.54E-04,-2.81E-04,-2.52E-04,3.10E-05,-6.76E-05,-4.84E-05,2.16E-04,-3.63E-04,-1.37E-04,-1.94E-04,-3.33E-04,-2.20E-05,-1.00E-04,-7.79E-05,-1.84E-04,-5.28E-05,4.04E-04
1417,-1.47E-04,-8.16E-05,-1.96E-04,-1.57E-04,-2.83E-04,-2.53E-04,3.04E-05,-7.06E-05,-5.24E-05,2.09E-04,-3.66E-04,-1.40E-04,-1.97E-04,-3.31E-04,-2.13E-05,-9.79E-05,-8.10E-05,-1.87E-04,-5.29E-05,4.03E-04
1418,-1.49E-04,-8.28E-05,-1.98E-04,-1.61E-04,-2.84E-04,-2.53E-04,3.01E-05,-7.32E-05,-5.62E-05,2.01E-04,-3.70E-04,-1.43E-04,-2.00E-04,-3.28E-04,-2.07E-05,-9.57E-05,-8.44E-05,-1.89E-04,-5.28E-05,4.01E-04
1419,-1.51E-04,-8.45E-05,-1.99E-04,-1.64E-04,-2.85E-04,-2.52E-04,2.99E-05,-7.56E-05,-6.00E-05,1.94E-04,-3.73E-04,-1.46E-04,-2.03E-04,-3.25E-04,-2.03E-05,-9.36E-05,-8.83E-05,-1.92E-04,-5.27E-05,4.01E-04
1420,-1.54E-04,-8.67E-05,-2.01E-04,-1.67E-04,-2.85E-04,-2.51E-04,2.95E-05,-7.79E-05,-6.38E-05,1.86E-04,-3.77E-04,-1.49E-04,-2.06E-04,-3.22E-04,-2.01E-05,-9.19E-05,-9.26E-05,-1.95E-04,-5.27E-05,4.00E-04
1421,-1.57E-04,-8.96E-05,-2.04E-04,-1.71E-04,-2.85E-04,-2.49E-04,2.88E-05,-8.04E-05,-6.76E-05,1.78E-04,-3.81E-04,-1.53E-04,-2.09E-04,-3.20E-04,-2.01E-05,-9.04E-05,-9.73E-05,-1.98E-04,-5.28E-05,3.99E-04
1422,-1.61E-04,-9.32E-05,-2.07E-04,-1.75E-04,-2.86E-04,-2.48E-04,2.76E-05,-8.32E-05,-7.15E-05,1.71E-04,-3.85E-04,-1.57E-04,-2.12E-04,-3.18E-04,-2.02E-05,-8.94E-05,-1.03E-04,-2.02E-04,-5.31E-05,3.98E-04
1423,-1.66E-04,-9.78E-05,-2.11E-04,-1.80E-04,-2.87E-04,-2.48E-04,2.56E-05,-8.67E-05,-7.54E-05,1.63E-04,-3.89E-04,-1.61E-04,-2.15E-04,-3.16E-04,-2.05E-05,-8.89E-05,-1.08E-04,-2.07E-04,-5.37E-05,3.97E-04
1424,-1.72E-04,-1.03E-04,-2.16E-04,-1.85E-04,-2.89E-04,-2.48E-04,2.27E-05,-9.08E-05,-7.95E-05,1.55E-04,-3.94E-04,-1.66E-04,-2.19E-04,-3.14E-04,-2.10E-05,-8.88E-05,-1.14E-04,-2.11E-04,-5.46E-05,3.96E-04
1425,-1.79E-04,-1.10E-04,-2.22E-04,-1.92E-04,-2.92E-04,-2.50E-04,1.88E-05,-9.58E-05,-8.39E-05,1.46E-04,-3.99E-04,-1.72E-04,-2.23E-04,-3.13E-04,-2.17E-05,-8.93E-05,-1.21E-04,-2.16E-04,-5.58E-05,3.94E-04
1426,-1.87E-04,-1.17E-04,-2.29E-04,-2.00E-04,-2.96E-04,-2.53E-04,1.38E-05,-1.02E-04,-8.85E-05,1.37E-04,-4.05E-04,-1.78E-04,-2.28E-04,-3.13E-04,-2.26E-05,-9.02E-05,-1.28E-04,-2.22E-04,-5.73E-05,3.92E-04
1427,-1.96E-04,-1.26E-04,-2.37E-04,-2.09E-04,-3.01E-04,-2.58E-04,7.62E-06,-1.09E-04,-9.33E-05,1.28E-04,-4.11E-04,-1.84E-04,-2.33E-04,-3.12E-04,-2.36E-05,-9.15E-05,-1.35E-04,-2.28E-04,-5.91E-05,3.89E-04
1428,-2.06E-04,-1.34E-04,-2.45E-04,-2.19E-04,-3.08E-04,-2.64E-04,3.33E-07,-1.17E-04,-9.85E-05,1.19E-04,-4.17E-04,-1.91E-04,-2.38E-04,-3.12E-04,-2.48E-05,-9.33E-05,-1.42E-04,-2.34E-04,-6.11E-05,3.86E-04
1429,-2.16E-04,-1.44E-04,-2.55E-04,-2.29E-04,-3.15E-04,-2.72E-04,-8.00E-06,-1.26E-04,-1.04E-04,1.09E-04,-4.24E-04,-1.98E-04,-2.44E-04,-3.13E-04,-2.62E-05,-9.53E-05,-1.50E-04,-2.40E-04,-6.33E-05,3.82E-04
1430,-2.27E-04,-1.54E-04,-2.64E-04,-2.41E-04,-3.23E-04,-2.81E-04,-1.73E-05,-1.36E-04,-1.10E-04,9.84E-05,-4.31E-04,-2.06E-04,-2.50E-04,-3.13E-04,-2.77E-05,-9.74E-05,-1.58E-04,-2.46E-04,-6.55E-05,3.78E-04
1431,-2.39E-04,-1.64E-04,-2.74E-04,-2.53E-04,-3.32E-04,-2.92E-04,-2.73E-05,-1.47E-04,-1.16E-04,8.77E-05,-4.38E-04,-2.14E-04,-2.56E-04,-3.14E-04,-2.94E-05,-9.97E-05,-1.67E-04,-2.52E-04,-6.76E-05,3.74E-04
1432,-2.51E-04,-1.75E-04,-2.84E-04,-2.65E-04,-3.42E-04,-3.03E-04,-3.79E-05,-1.58E-04,-1.22E-04,7.68E-05,-4.45E-04,-2.22E-04,-2.62E-04,-3.15E-04,-3.13E-05,-1.02E-04,-1.75E-04,-2.57E-04,-6.97E-05,3.70E-04
1433,-2.63E-04,-1.85E-04,-2.94E-04,-2.78E-04,-3.52E-04,-3.15E-04,-4.87E-05,-1.70E-04,-1.28E-04,6.57E-05,-4.52E-04,-2.30E-04,-2.68E-04,-3.16E-04,-3.32E-05,-1.04E-04,-1.83E-04,-2.63E-04,-7.16E-05,3.65E-04
1434,-2.74E-04,-1.95E-04,-3.03E-04,-2.90E-04,-3.61E-04,-3.28E-04,-5.97E-05,-1.81E-04,-1.34E-04,5.45E-05,-4.60E-04,-2.37E-04,-2.75E-04,-3.17E-04,-3.53E-05,-1.06E-04,-1.91E-04,-2.68E-04,-7.32E-05,3.60E-04
1435,-2.86E-04,-2.04E-04,-3.12E-04,-3.01E-04,-3.71E-04,-3.40E-04,-7.05E-05,-1.93E-04,-1.40E-04,4.33E-05,-4.67E-04,-2.45E-04,-2.81E-04,-3.17E-04,-3.74E-05,-1.07E-04,-1.99E-04,-2.72E-04,-7.44E-05,3.55E-04
1436,-2.97E-04,-2.13E-04,-3.21E-04,-3.13E-04,-3.79E-04,-3.53E-04,-8.08E-05,-2.04E-04,-1.46E-04,3.22E-05,-4.74E-04,-2.52E-04,-2.87E-04,-3.18E-04,-3.96E-05,-1.08E-04,-2.07E-04,-2.76E-04,-7.53E-05,3.51E-04
1437,-3.07E-04,-2.21E-04,-3.28E-04,-3.23E-04,-3.87E-04,-3.64E-04,-9.05E-05,-2.13E-04,-1.52E-04,2.14E-05,-4.80E-04,-2.59E-04,-2.92E-04,-3.18E-04,-4.17E-05,-1.09E-04,-2.14E-04,-2.79E-04,-7.57E-05,3.46E-04
1438,-3.17E-04,-2.29E-04,-3.34E-04,-3.32E-04,-3.94E-04,-3.75E-04,-9.92E-05,-2.22E-04,-1.56E-04,1.09E-05,-4.87E-04,-2.65E-04,-2.97E-04,-3.18E-04,-4.38E-05,-1.09E-04,-2.22E-04,-2.81E-04,-7.57E-05,3.42E-04
1439,-3.26E-04,-2.35E-04,-3.40E-04,-3.39E-04,-3.99E-04,-3.85E-04,-1.07E-04,-2.30E-04,-1.61E-04,9.62E-07,-4.92E-04,-2.71E-04,-3.01E-04,-3.18E-04,-4.58E-05,-1.08E-04,-2.28E-04,-2.83E-04,-7.52E-05,3.38E-04
1440,-3.34E-04,-2.41E-04,-3.44E-04,-3.46E-04,-4.03E-04,-3.93E-04,-1.13E-04,-2.36E-04,-1.64E-04,-8.32E-06,-4.97E-04,-2.76E-04,-3.05E-04,-3.18E-04,-4.76E-05,-1.07E-04,-2.35E-04,-2.84E-04,-7.41E-05,3.35E-04
1441,-3.40E-04,-2.45E-04,-3.47E-04,-3.51E-04,-4.06E-04,-4.00E-04,-1.18E-04,-2.41E-04,-1.67E-04,-1.68E-05,-5.01E-04,-2.79E-04,-3.08E-04,-3.17E-04,-4.92E-05,-1.05E-04,-2.40E-04,-2.84E-04,-7.26E-05,3.32E-04
1442,-3.46E-04,-2.49E-04,-3.48E-04,-3.54E-04,-4.07E-04,-4.05E-04,-1.22E-04,-2.44E-04,-1.69E-04,-2.44E-05,-5.04E-04,-2.82E-04,-3.10E-04,-3.15E-04,-5.06E-05,-1.02E-04,-2.45E-04,-2.84E-04,-7.05E-05,3.30E-04
1443,-3.51E-04,-2.52E-04,-3.49E-04,-3.56E-04,-4.07E-04,-4.08E-04,-1.24E-04,-2.45E-04,-1.69E-04,-3.11E-05,-5.06E-04,-2.85E-04,-3.11E-04,-3.13E-04,-5.16E-05,-9.95E-05,-2.49E-04,-2.83E-04,-6.80E-05,3.29E-04
1444,-3.55E-04,-2.54E-04,-3.49E-04,-3.56E-04,-4.05E-04,-4.09E-04,-1.25E-04,-2.44E-04,-1.69E-04,-3.67E-05,-5.06E-04,-2.86E-04,-3.12E-04,-3.11E-04,-5.23E-05,-9.60E-05,-2.52E-04,-2.81E-04,-6.49E-05,3.28E-04
1445,-3.57E-04,-2.55E-04,-3.47E-04,-3.55E-04,-4.01E-04,-4.09E-04,-1.24E-04,-2.42E-04,-1.67E-04,-4.11E-05,-5.06E-04,-2.86E-04,-3.11E-04,-3.08E-04,-5.25E-05,-9.20E-05,-2.55E-04,-2.79E-04,-6.14E-05,3.29E-04
1446,-3.58E-04,-2.55E-04,-3.44E-04,-3.52E-04,-3.97E-04,-4.07E-04,-1.21E-04,-2.38E-04,-1.65E-04,-4.44E-05,-5.04E-04,-2.84E-04,-3.09E-04,-3.04E-04,-5.23E-05,-8.74E-05,-2.56E-04,-2.76E-04,-5.75E-05,3.29E-04
1447,-3.58E-04,-2.54E-04,-3.41E-04,-3.48E-04,-3.91E-04,-4.04E-04,-1.18E-04,-2.32E-04,-1.61E-04,-4.66E-05,-5.01E-04,-2.82E-04,-3.06E-04,-3.00E-04,-5.16E-05,-8.24E-05,-2.56E-04,-2.72E-04,-5.31E-05,3.31E-04
1448,-3.57E-04,-2.52E-04,-3.36E-04,-3.42E-04,-3.84E-04,-3.99E-04,-1.12E-04,-2.25E-04,-1.57E-04,-4.76E-05,-4.96E-04,-2.79E-04,-3.02E-04,-2.96E-04,-5.03E-05,-7.70E-05,-2.55E-04,-2.68E-04,-4.82E-05,3.33E-04
1449,-3.55E-04,-2.50E-04,-3.30E-04,-3.36E-04,-3.76E-04,-3.93E-04,-1.06E-04,-2.17E-04,-1.51E-04,-4.76E-05,-4.90E-04,-2.74E-04,-2.98E-04,-2.90E-04,-4.85E-05,-7.12E-05,-2.53E-04,-2.63E-04,-4.30E-05,3.36E-04
1450,-3.52E-04,-2.46E-04,-3.24E-04,-3.28E-04,-3.68E-04,-3.85E-04,-9.79E-05,-2.07E-04,-1.45E-04,-4.65E-05,-4.83E-04,-2.69E-04,-2.92E-04,-2.84E-04,-4.61E-05,-6.50E-05,-2.49E-04,-2.58E-04,-3.74E-05,3.40E-04
1451,-3.48E-04,-2.42E-04,-3.17E-04,-3.19E-04,-3.59E-04,-3.77E-04,-8.91E-05,-1.97E-04,-1.38E-04,-4.46E-05,-4.74E-04,-2.62E-04,-2.85E-04,-2.78E-04,-4.33E-05,-5.86E-05,-2.45E-04,-2.51E-04,-3.15E-05,3.44E-04
1452,-3.43E-04,-2.38E-04,-3.09E-04,-3.10E-04,-3.49E-04,-3.68E-04,-7.93E-05,-1.86E-04,-1.30E-04,-4.18E-05,-4.65E-04,-2.55E-04,-2.78E-04,-2.71E-04,-3.99E-05,-5.20E-05,-2.39E-04,-2.44E-04,-2.53E-05,3.48E-04
1453,-3.36E-04,-2.32E-04,-3.01E-04,-3.00E-04,-3.39E-04,-3.59E-04,-6.88E-05,-1.74E-04,-1.22E-04,-3.85E-05,-4.54E-04,-2.46E-04,-2.70E-04,-2.63E-04,-3.62E-05,-4.54E-05,-2.31E-04,-2.36E-04,-1.90E-05,3.52E-04
1454,-3.30E-04,-2.26E-04,-2.92E-04,-2.89E-04,-3.30E-04,-3.50E-04,-5.76E-05,-1.62E-04,-1.14E-04,-3.46E-05,-4.43E-04,-2.37E-04,-2.61E-04,-2.56E-04,-3.22E-05,-3.87E-05,-2.23E-04,-2.28E-04,-1.26E-05,3.56E-04
1455,-3.22E-04,-2.20E-04,-2.83E-04,-2.79E-04,-3.20E-04,-3.40E-04,-4.62E-05,-1.50E-04,-1.05E-04,-3.06E-05,-4.31E-04,-2.28E-04,-2.53E-04,-2.48E-04,-2.80E-05,-3.22E-05,-2.14E-04,-2.20E-04,-6.21E-06,3.59E-04
1456,-3.14E-04,-2.13E-04,-2.74E-04,-2.68E-04,-3.11E-04,-3.31E-04,-3.45E-05,-1.38E-04,-9.61E-05,-2.64E-05,-4.19E-04,-2.18E-04,-2.43E-04,-2.40E-04,-2.37E-05,-2.61E-05,-2.04E-04,-2.11E-04,1.28E-08,3.62E-04
1457,-3.06E-04,-2.06E-04,-2.64E-04,-2.58E-04,-3.02E-04,-3.22E-04,-2.29E-05,-1.26E-04,-8.74E-05,-2.24E-05,-4.06E-04,-2.07E-04,-2.34E-04,-2.32E-04,-1.96E-05,-2.03E-05,-1.94E-04,-2.01E-04,5.93E-06,3.65E-04
1458,-2.97E-04,-1.99E-04,-2.55E-04,-2.48E-04,-2.95E-04,-3.15E-04,-1.17E-05,-1.15E-04,-7.90E-05,-1.87E-05,-3.94E-04,-1.97E-04,-2.26E-04,-2.25E-04,-1.57E-05,-1.53E-05,-1.83E-04,-1.92E-04,1.14E-05,3.66E-04
1459,-2.89E-04,-1.92E-04,-2.46E-04,-2.40E-04,-2.88E-04,-3.08E-04,-9.45E-07,-1.05E-04,-7.10E-05,-1.55E-05,-3.83E-04,-1.88E-04,-2.17E-04,-2.18E-04,-1.24E-05,-1.10E-05,-1.73E-04,-1.83E-04,1.63E-05,3.67E-04
1460,-2.81E-04,-1.86E-04,-2.38E-04,-2.32E-04,-2.83E-04,-3.02E-04,8.98E-06,-9.51E-05,-6.37E-05,-1.30E-05,-3.73E-04,-1.78E-04,-2.10E-04,-2.11E-04,-9.64E-06,-7.60E-06,-1.62E-04,-1.75E-04,2.04E-05,3.66E-04
1461,-2.74E-04,-1.80E-04,-2.30E-04,-2.26E-04,-2.79E-04,-2.97E-04,1.79E-05,-8.68E-05,-5.71E-05,-1.14E-05,-3.63E-04,-1.70E-04,-2.03E-04,-2.06E-04,-7.76E-06,-5.36E-06,-1.52E-04,-1.67E-04,2.37E-05,3.64E-04
1462,-2.67E-04,-1.75E-04,-2.24E-04,-2.21E-04,-2.76E-04,-2.95E-04,2.55E-05,-7.97E-05,-5.14E-05,-1.09E-05,-3.55E-04,-1.62E-04,-1.98E-04,-2.02E-04,-6.90E-06,-4.35E-06,-1.43E-04,-1.60E-04,2.60E-05,3.60E-04
1463,-2.62E-04,-1.71E-04,-2.18E-04,-2.18E-04,-2.75E-04,-2.93E-04,3.18E-05,-7.41E-05,-4.67E-05,-1.14E-05,-3.49E-04,-1.56E-04,-1.94E-04,-1.98E-04,-7.19E-06,-4.68E-06,-1.35E-04,-1.54E-04,2.71E-05,3.55E-04
1464,-2.57E-04,-1.69E-04,-2.14E-04,-2.17E-04,-2.76E-04,-2.94E-04,3.65E-05,-7.01E-05,-4.32E-05,-1.32E-05,-3.45E-04,-1.51E-04,-1.92E-04,-1.97E-04,-8.77E-06,-6.43E-06,-1.29E-04,-1.49E-04,2.72E-05,3.49E-04
1465,-2.54E-04,-1.67E-04,-2.10E-04,-2.18E-04,-2.79E-04,-2.96E-04,3.96E-05,-6.78E-05,-4.08E-05,-1.61E-05,-3.42E-04,-1.48E-04,-1.91E-04,-1.96E-04,-1.17E-05,-9.62E-06,-1.24E-04,-1.46E-04,2.60E-05,3.41E-04
1466,-2.53E-04,-1.67E-04,-2.09E-04,-2.20E-04,-2.83E-04,-2.99E-04,4.09E-05,-6.71E-05,-3.98E-05,-2.03E-05,-3.41E-04,-1.46E-04,-1.92E-04,-1.97E-04,-1.61E-05,-1.43E-05,-1.20E-04,-1.44E-04,2.37E-05,3.32E-04
1467,-2.53E-04,-1.69E-04,-2.08E-04,-2.25E-04,-2.89E-04,-3.05E-04,4.06E-05,-6.80E-05,-4.00E-05,-2.57E-05,-3.43E-04,-1.46E-04,-1.95E-04,-1.98E-04,-2.19E-05,-2.03E-05,-1.18E-04,-1.44E-04,2.02E-05,3.21E-04
1468,-2.54E-04,-1.72E-04,-2.09E-04,-2.31E-04,-2.96E-04,-3.11E-04,3.87E-05,-7.05E-05,-4.14E-05,-3.21E-05,-3.46E-04,-1.47E-04,-1.99E-04,-2.02E-04,-2.92E-05,-2.76E-05,-1.18E-04,-1.45E-04,1.56E-05,3.10E-04
1469,-2.57E-04,-1.76E-04,-2.11E-04,-2.38E-04,-3.05E-04,-3.19E-04,3.53E-05,-7.45E-05,-4.41E-05,-3.95E-05,-3.50E-04,-1.50E-04,-2.05E-04,-2.06E-04,-3.77E-05,-3.61E-05,-1.19E-04,-1.48E-04,1.02E-05,2.97E-04
1470,-2.61E-04,-1.81E-04,-2.15E-04,-2.47E-04,-3.15E-04,-3.28E-04,3.05E-05,-7.98E-05,-4.78E-05,-4.76E-05,-3.56E-04,-1.55E-04,-2.12E-04,-2.11E-04,-4.75E-05,-4.55E-05,-1.22E-04,-1.52E-04,3.88E-06,2.84E-04
1471,-2.67E-04,-1.88E-04,-2.20E-04,-2.57E-04,-3.25E-04,-3.38E-04,2.46E-05,-8.63E-05,-5.26E-05,-5.63E-05,-3.64E-04,-1.61E-04,-2.21E-04,-2.17E-04,-5.83E-05,-5.58E-05,-1.27E-04,-1.57E-04,-3.05E-06,2.70E-04
1472,-2.73E-04,-1.96E-04,-2.25E-04,-2.67E-04,-3.36E-04,-3.47E-04,1.79E-05,-9.36E-05,-5.82E-05,-6.53E-05,-3.72E-04,-1.68E-04,-2.30E-04,-2.23E-04,-7.00E-05,-6.66E-05,-1.33E-04,-1.64E-04,-1.05E-05,2.56E-04
1473,-2.80E-04,-2.04E-04,-2.31E-04,-2.77E-04,-3.48E-04,-3.57E-04,1.04E-05,-1.02E-04,-6.44E-05,-7.45E-05,-3.80E-04,-1.76E-04,-2.41E-04,-2.30E-04,-8.24E-05,-7.78E-05,-1.40E-04,-1.71E-04,-1.82E-05,2.42E-04
1474,-2.88E-04,-2.13E-04,-2.38E-04,-2.88E-04,-3.59E-04,-3.66E-04,2.60E-06,-1.10E-04,-7.11E-05,-8.36E-05,-3.90E-04,-1.85E-04,-2.52E-04,-2.37E-04,-9.52E-05,-8.92E-05,-1.48E-04,-1.78E-04,-2.60E-05,2.29E-04
1475,-2.96E-04,-2.22E-04,-2.45E-04,-2.98E-04,-3.70E-04,-3.75E-04,-5.43E-06,-1.19E-04,-7.81E-05,-9.24E-05,-3.99E-04,-1.94E-04,-2.63E-04,-2.44E-04,-1.08E-04,-1.01E-04,-1.57E-04,-1.86E-04,-3.37E-05,2.15E-04
1476,-3.04E-04,-2.32E-04,-2.52E-04,-3.08E-04,-3.80E-04,-3.83E-04,-1.34E-05,-1.28E-04,-8.53E-05,-1.01E-04,-4.08E-04,-2.04E-04,-2.74E-04,-2.50E-04,-1.21E-04,-1.12E-04,-1.66E-04,-1.94E-04,-4.13E-05,2.02E-04
1477,-3.13E-04,-2.41E-04,-2.59E-04,-3.17E-04,-3.89E-04,-3.90E-04,-2.13E-05,-1.37E-04,-9.23E-05,-1.09E-04,-4.17E-04,-2.14E-04,-2.85E-04,-2.56E-04,-1.34E-04,-1.22E-04,-1.76E-04,-2.03E-04,-4.86E-05,1.90E-04
1478,-3.21E-04,-2.50E-04,-2.66E-04,-3.25E-04,-3.98E-04,-3.95E-04,-2.88E-05,-1.45E-04,-9.92E-05,-1.16E-04,-4.25E-04,-2.24E-04,-2.95E-04,-2.62E-04,-1.47E-04,-1.33E-04,-1.85E-04,-2.10E-04,-5.54E-05,1.78E-04
1479,-3.29E-04,-2.59E-04,-2.72E-04,-3.33E-04,-4.05E-04,-3.99E-04,-3.60E-05,-1.53E-04,-1.06E-04,-1.22E-04,-4.33E-04,-2.33E-04,-3.05E-04,-2.67E-04,-1.59E-04,-1.42E-04,-1.94E-04,-2.18E-04,-6.18E-05,1.67E-04
1480,-3.36E-04,-2.68E-04,-2.78E-04,-3.39E-04,-4.12E-04,-4.02E-04,-4.28E-05,-1.61E-04,-1.12E-04,-1.28E-04,-4.40E-04,-2.42E-04,-3.15E-04,-2.72E-04,-1.70E-04,-1.51E-04,-2.03E-04,-2.25E-04,-6.76E-05,1.56E-04
1481,-3.43E-04,-2.76E-04,-2.84E-04,-3.45E-04,-4.18E-04,-4.03E-04,-4.92E-05,-1.68E-04,-1.18E-04,-1.32E-04,-4.46E-04,-2.51E-04,-3.24E-04,-2.76E-04,-1.81E-04,-1.60E-04,-2.12E-04,-2.32E-04,-7.30E-05,1.46E-04
1482,-3.50E-04,-2.83E-04,-2.89E-04,-3.50E-04,-4.23E-04,-4.04E-04,-5.54E-05,-1.75E-04,-1.23E-04,-1.37E-04,-4.53E-04,-2.60E-04,-3.32E-04,-2.80E-04,-1.92E-04,-1.68E-04,-2.20E-04,-2.38E-04,-7.79E-05,1.37E-04
1483,-3.56E-04,-2.90E-04,-2.94E-04,-3.54E-04,-4.27E-04,-4.03E-04,-6.15E-05,-1.82E-04,-1.28E-04,-1.40E-04,-4.59E-04,-2.68E-04,-3.40E-04,-2.83E-04,-2.02E-04,-1.76E-04,-2.28E-04,-2.44E-04,-8.23E-05,1.28E-04
1484,-3.63E-04,-2.97E-04,-2.99E-04,-3.59E-04,-4.31E-04,-4.02E-04,-6.75E-05,-1.89E-04,-1.32E-04,-1.43E-04,-4.64E-04,-2.76E-04,-3.48E-04,-2.87E-04,-2.11E-04,-1.83E-04,-2.35E-04,-2.50E-04,-8.64E-05,1.20E-04
1485,-3.69E-04,-3.04E-04,-3.04E-04,-3.63E-04,-4.34E-04,-4.01E-04,-7.38E-05,-1.96E-04,-1.36E-04,-1.46E-04,-4.70E-04,-2.84E-04,-3.56E-04,-2.90E-04,-2.20E-04,-1.90E-04,-2.42E-04,-2.56E-04,-9.02E-05,1.12E-04
1486,-3.76E-04,-3.11E-04,-3.09E-04,-3.68E-04,-4.38E-04,-3.99E-04,-8.05E-05,-2.03E-04,-1.40E-04,-1.49E-04,-4.77E-04,-2.92E-04,-3.64E-04,-2.93E-04,-2.28E-04,-1.97E-04,-2.49E-04,-2.61E-04,-9.38E-05,1.04E-04
1487,-3.82E-04,-3.18E-04,-3.14E-04,-3.74E-04,-4.41E-04,-3.98E-04,-8.77E-05,-2.10E-04,-1.44E-04,-1.51E-04,-4.84E-04,-3.01E-04,-3.71E-04,-2.96E-04,-2.37E-04,-2.05E-04,-2.56E-04,-2.67E-04,-9.73E-05,9.64E-05
1488,-3.90E-04,-3.25E-04,-3.19E-04,-3.80E-04,-4.45E-04,-3.97E-04,-9.56E-05,-2.18E-04,-1.48E-04,-1.54E-04,-4.91E-04,-3.09E-04,-3.80E-04,-3.00E-04,-2.45E-04,-2.12E-04,-2.62E-04,-2.73E-04,-1.01E-04,8.87E-05
1489,-3.97E-04,-3.32E-04,-3.25E-04,-3.87E-04,-4.50E-04,-3.97E-04,-1.04E-04,-2.27E-04,-1.53E-04,-1.58E-04,-5.00E-04,-3.18E-04,-3.88E-04,-3.05E-04,-2.54E-04,-2.20E-04,-2.69E-04,-2.80E-04,-1.04E-04,8.08E-05
1490,-4.06E-04,-3.40E-04,-3.32E-04,-3.96E-04,-4.55E-04,-3.98E-04,-1.14E-04,-2.36E-04,-1.58E-04,-1.62E-04,-5.09E-04,-3.27E-04,-3.98E-04,-3.10E-04,-2.63E-04,-2.28E-04,-2.76E-04,-2.86E-04,-1.08E-04,7.28E-05
1491,-4.15E-04,-3.48E-04,-3.39E-04,-4.05E-04,-4.62E-04,-4.00E-04,-1.25E-04,-2.47E-04,-1.63E-04,-1.67E-04,-5.19E-04,-3.37E-04,-4.08E-04,-3.15E-04,-2.72E-04,-2.36E-04,-2.83E-04,-2.94E-04,-1.11E-04,6.46E-05
1492,-4.26E-04,-3.57E-04,-3.47E-04,-4.16E-04,-4.69E-04,-4.04E-04,-1.36E-04,-2.58E-04,-1.69E-04,-1.72E-04,-5.30E-04,-3.47E-04,-4.18E-04,-3.21E-04,-2.82E-04,-2.45E-04,-2.91E-04,-3.02E-04,-1.15E-04,5.61E-05
1493,-4.37E-04,-3.67E-04,-3.56E-04,-4.28E-04,-4.77E-04,-4.09E-04,-1.49E-04,-2.69E-04,-1.76E-04,-1.78E-04,-5.42E-04,-3.58E-04,-4.30E-04,-3.28E-04,-2.92E-04,-2.55E-04,-2.99E-04,-3.10E-04,-1.19E-04,4.73E-05
1494,-4.49E-04,-3.78E-04,-3.65E-04,-4.41E-04,-4.86E-04,-4.15E-04,-1.62E-04,-2.82E-04,-1.83E-04,-1.85E-04,-5.55E-04,-3.70E-04,-4.42E-04,-3.35E-04,-3.03E-04,-2.65E-04,-3.07E-04,-3.19E-04,-1.23E-04,3.82E-05
1495,-4.62E-04,-3.89E-04,-3.75E-04,-4.55E-04,-4.95E-04,-4.22E-04,-1.77E-04,-2.95E-04,-1.91E-04,-1.92E-04,-5.68E-04,-3.81E-04,-4.54E-04,-3.43E-04,-3.14E-04,-2.75E-04,-3.17E-04,-3.29E-04,-1.28E-04,2.87E-05
1496,-4.75E-04,-4.01E-04,-3.86E-04,-4.69E-04,-5.06E-04,-4.30E-04,-1.92E-04,-3.09E-04,-1.99E-04,-2.00E-04,-5.82E-04,-3.94E-04,-4.67E-04,-3.51E-04,-3.26E-04,-2.85E-04,-3.26E-04,-3.38E-04,-1.32E-04,1.90E-05
1497,-4.89E-04,-4.14E-04,-3.97E-04,-4.84E-04,-5.16E-04,-4.39E-04,-2.07E-04,-3.24E-04,-2.08E-04,-2.08E-04,-5.95E-04,-4.06E-04,-4.80E-04,-3.59E-04,-3.38E-04,-2.95E-04,-3.37E-04,-3.48E-04,-1.37E-04,9.02E-06
1498,-5.04E-04,-4.27E-04,-4.08E-04,-5.00E-04,-5.28E-04,-4.49E-04,-2.23E-04,-3.38E-04,-2.18E-04,-2.17E-04,-6.09E-04,-4.19E-04,-4.93E-04,-3.67E-04,-3.50E-04,-3.06E-04,-3.47E-04,-3.58E-04,-1.42E-04,-1.21E-06
1499,-5.19E-04,-4.41E-04,-4.20E-04,-5.15E-04,-5.39E-04,-4.59E-04,-2.39E-04,-3.53E-04,-2.27E-04,-2.26E-04,-6.22E-04,-4.31E-04,-5.06E-04,-3.75E-04,-3.62E-04,-3.16E-04,-3.59E-04,-3.69E-04,-1.47E-04,-1.16E-05
1500,-5.34E-04,-4.55E-04,-4.32E-04,-5.31E-04,-5.51E-04,-4.68E-04,-2.55E-04,-3.67E-04,-2.37E-04,-2.34E-04,-6.35E-04,-4.43E-04,-5.19E-04,-3.82E-04,-3.74E-04,-3.26E-04,-3.70E-04,-3.78E-04,-1.52E-04,-2.22E-05
1501,-5.49E-04,-4.69E-04,-4.44E-04,-5.46E-04,-5.62E-04,-4.78E-04,-2.71E-04,-3.82E-04,-2.46E-04,-2.43E-04,-6.47E-04,-4.55E-04,-5.32E-04,-3.90E-04,-3.86E-04,-3.35E-04,-3.82E-04,-3.88E-04,-1.57E-04,-3.28E-05
1502,-5.63E-04,-4.83E-04,-4.56E-04,-5.60E-04,-5.73E-04,-4.87E-04,-2.87E-04,-3.96E-04,-2.56E-04,-2.51E-04,-6.58E-04,-4.67E-04,-5.43E-04,-3.96E-04,-3.98E-04,-3.44E-04,-3.93E-04,-3.97E-04,-1.62E-04,-4.33E-05
1503,-5.78E-04,-4.97E-04,-4.67E-04,-5.74E-04,-5.84E-04,-4.95E-04,-3.02E-04,-4.09E-04,-2.64E-04,-2.59E-04,-6.68E-04,-4.78E-04,-5.55E-04,-4.02E-04,-4.09E-04,-3.52E-04,-4.05E-04,-4.06E-04,-1.67E-04,-5.38E-05
1504,-5.92E-04,-5.10E-04,-4.78E-04,-5.87E-04,-5.94E-04,-5.03E-04,-3.17E-04,-4.22E-04,-2.73E-04,-2.66E-04,-6.76E-04,-4.87E-04,-5.65E-04,-4.06E-04,-4.19E-04,-3.59E-04,-4.16E-04,-4.14E-04,-1.71E-04,-6.41E-05
1505,-6.05E-04,-5.23E-04,-4.88E-04,-5.98E-04,-6.02E-04,-5.09E-04,-3.31E-04,-4.34E-04,-2.80E-04,-2.73E-04,-6.83E-04,-4.96E-04,-5.74E-04,-4.10E-04,-4.29E-04,-3.65E-04,-4.26E-04,-4.21E-04,-1.75E-04,-7.41E-05
1506,-6.17E-04,-5.35E-04,-4.97E-04,-6.09E-04,-6.10E-04,-5.14E-04,-3.44E-04,-4.45E-04,-2.87E-04,-2.79E-04,-6.88E-04,-5.04E-04,-5.82E-04,-4.13E-04,-4.37E-04,-3.70E-04,-4.36E-04,-4.27E-04,-1.79E-04,-8.37E-05
1507,-6.28E-04,-5.46E-04,-5.06E-04,-6.18E-04,-6.17E-04,-5.17E-04,-3.56E-04,-4.54E-04,-2.92E-04,-2.84E-04,-6.92E-04,-5.11E-04,-5.89E-04,-4.14E-04,-4.45E-04,-3.74E-04,-4.44E-04,-4.32E-04,-1.83E-04,-9.27E-05
1508,-6.38E-04,-5.56E-04,-5.12E-04,-6.25E-04,-6.22E-04,-5.19E-04,-3.67E-04,-4.63E-04,-2.97E-04,-2.88E-04,-6.94E-04,-5.17E-04,-5.95E-04,-4.15E-04,-4.51E-04,-3.77E-04,-4.51E-04,-4.36E-04,-1.85E-04,-1.01E-04
1509,-6.46E-04,-5.65E-04,-5.18E-04,-6.31E-04,-6.25E-04,-5.19E-04,-3.76E-04,-4.70E-04,-3.00E-04,-2.91E-04,-6.94E-04,-5.21E-04,-5.99E-04,-4.14E-04,-4.56E-04,-3.78E-04,-4.57E-04,-4.39E-04,-1.88E-04,-1.09E-04
1510,-6.54E-04,-5.72E-04,-5.22E-04,-6.35E-04,-6.27E-04,-5.18E-04,-3.84E-04,-4.75E-04,-3.02E-04,-2.93E-04,-6.92E-04,-5.24E-04,-6.02E-04,-4.12E-04,-4.60E-04,-3.78E-04,-4.62E-04,-4.41E-04,-1.89E-04,-1.15E-04
1511,-6.59E-04,-5.78E-04,-5.24E-04,-6.38E-04,-6.27E-04,-5.15E-04,-3.91E-04,-4.79E-04,-3.03E-04,-2.94E-04,-6.88E-04,-5.25E-04,-6.04E-04,-4.08E-04,-4.63E-04,-3.76E-04,-4.64E-04,-4.42E-04,-1.89E-04,-1.21E-04
1512,-6.63E-04,-5.81E-04,-5.25E-04,-6.39E-04,-6.25E-04,-5.10E-04,-3.95E-04,-4.80E-04,-3.02E-04,-2.94E-04,-6.83E-04,-5.25E-04,-6.04E-04,-4.03E-04,-4.64E-04,-3.73E-04,-4.65E-04,-4.41E-04,-1.89E-04,-1.26E-04
1513,-6.65E-04,-5.83E-04,-5.24E-04,-6.38E-04,-6.21E-04,-5.04E-04,-3.98E-04,-4.80E-04,-3.00E-04,-2.93E-04,-6.76E-04,-5.23E-04,-6.02E-04,-3.98E-04,-4.64E-04,-3.68E-04,-4.64E-04,-4.40E-04,-1.88E-04,-1.30E-04
1514,-6.66E-04,-5.83E-04,-5.21E-04,-6.35E-04,-6.15E-04,-4.96E-04,-3.99E-04,-4.79E-04,-2.98E-04,-2.91E-04,-6.67E-04,-5.20E-04,-5.99E-04,-3.91E-04,-4.63E-04,-3.63E-04,-4.61E-04,-4.37E-04,-1.85E-04,-1.32E-04
1515,-6.65E-04,-5.82E-04,-5.16E-04,-6.31E-04,-6.08E-04,-4.88E-04,-3.98E-04,-4.75E-04,-2.94E-04,-2.88E-04,-6.57E-04,-5.16E-04,-5.95E-04,-3.83E-04,-4.61E-04,-3.56E-04,-4.56E-04,-4.33E-04,-1.82E-04,-1.34E-04
1516,-6.62E-04,-5.79E-04,-5.10E-04,-6.26E-04,-5.99E-04,-4.78E-04,-3.96E-04,-4.70E-04,-2.89E-04,-2.85E-04,-6.45E-04,-5.10E-04,-5.90E-04,-3.74E-04,-4.59E-04,-3.48E-04,-4.49E-04,-4.28E-04,-1.78E-04,-1.34E-04
1517,-6.58E-04,-5.75E-04,-5.03E-04,-6.19E-04,-5.89E-04,-4.68E-04,-3.92E-04,-4.64E-04,-2.83E-04,-2.80E-04,-6.33E-04,-5.02E-04,-5.83E-04,-3.65E-04,-4.55E-04,-3.39E-04,-4.41E-04,-4.23E-04,-1.73E-04,-1.34E-04
1518,-6.53E-04,-5.69E-04,-4.94E-04,-6.11E-04,-5.77E-04,-4.57E-04,-3.87E-04,-4.56E-04,-2.77E-04,-2.76E-04,-6.19E-04,-4.94E-04,-5.76E-04,-3.55E-04,-4.51E-04,-3.29E-04,-4.32E-04,-4.16E-04,-1.68E-04,-1.33E-04
1519,-6.47E-04,-5.63E-04,-4.84E-04,-6.03E-04,-5.66E-04,-4.47E-04,-3.80E-04,-4.47E-04,-2.71E-04,-2.71E-04,-6.04E-04,-4.85E-04,-5.67E-04,-3.45E-04,-4.46E-04,-3.19E-04,-4.21E-04,-4.10E-04,-1.62E-04,-1.32E-04
1520,-6.41E-04,-5.56E-04,-4.74E-04,-5.94E-04,-5.54E-04,-4.36E-04,-3.74E-04,-4.37E-04,-2.64E-04,-2.66E-04,-5.89E-04,-4.75E-04,-5.59E-04,-3.35E-04,-4.41E-04,-3.09E-04,-4.09E-04,-4.03E-04,-1.56E-04,-1.30E-04
1521,-6.34E-04,-5.49E-04,-4.63E-04,-5.85E-04,-5.42E-04,-4.27E-04,-3.66E-04,-4.28E-04,-2.57E-04,-2.61E-04,-5.74E-04,-4.65E-04,-5.49E-04,-3.25E-04,-4.36E-04,-2.99E-04,-3.97E-04,-3.96E-04,-1.50E-04,-1.29E-04
1522,-6.28E-04,-5.42E-04,-4.53E-04,-5.77E-04,-5.32E-04,-4.18E-04,-3.59E-04,-4.18E-04,-2.50E-04,-2.56E-04,-5.59E-04,-4.55E-04,-5.40E-04,-3.16E-04,-4.31E-04,-2.89E-04,-3.84E-04,-3.89E-04,-1.45E-04,-1.27E-04
1523,-6.22E-04,-5.35E-04,-4.42E-04,-5.70E-04,-5.22E-04,-4.10E-04,-3.53E-04,-4.09E-04,-2.44E-04,-2.51E-04,-5.45E-04,-4.44E-04,-5.31E-04,-3.07E-04,-4.27E-04,-2.80E-04,-3.72E-04,-3.82E-04,-1.40E-04,-1.27E-04
1524,-6.16E-04,-5.30E-04,-4.33E-04,-5.64E-04,-5.14E-04,-4.05E-04,-3.47E-04,-4.01E-04,-2.38E-04,-2.48E-04,-5.31E-04,-4.35E-04,-5.23E-04,-2.99E-04,-4.23E-04,-2.72E-04,-3.60E-04,-3.76E-04,-1.37E-04,-1.27E-04
1525,-6.12E-04,-5.26E-04,-4.25E-04,-5.60E-04,-5.08E-04,-4.01E-04,-3.43E-04,-3.93E-04,-2.33E-04,-2.45E-04,-5.19E-04,-4.26E-04,-5.16E-04,-2.91E-04,-4.21E-04,-2.65E-04,-3.48E-04,-3.71E-04,-1.34E-04,-1.28E-04
1526,-6.09E-04,-5.23E-04,-4.18E-04,-5.58E-04,-5.05E-04,-3.99E-04,-3.40E-04,-3.88E-04,-2.29E-04,-2.43E-04,-5.07E-04,-4.17E-04,-5.09E-04,-2.85E-04,-4.19E-04,-2.59E-04,-3.38E-04,-3.67E-04,-1.32E-04,-1.30E-04
1527,-6.07E-04,-5.21E-04,-4.13E-04,-5.57E-04,-5.04E-04,-3.98E-04,-3.38E-04,-3.84E-04,-2.26E-04,-2.43E-04,-4.98E-04,-4.10E-04,-5.04E-04,-2.80E-04,-4.18E-04,-2.55E-04,-3.28E-04,-3.64E-04,-1.32E-04,-1.33E-04
1528,-6.07E-04,-5.21E-04,-4.09E-04,-5.59E-04,-5.05E-04,-4.00E-04,-3.39E-04,-3.82E-04,-2.25E-04,-2.43E-04,-4.89E-04,-4.05E-04,-5.00E-04,-2.76E-04,-4.18E-04,-2.52E-04,-3.20E-04,-3.62E-04,-1.32E-04,-1.38E-04
1529,-6.08E-04,-5.23E-04,-4.07E-04,-5.63E-04,-5.08E-04,-4.04E-04,-3.41E-04,-3.81E-04,-2.24E-04,-2.45E-04,-4.82E-04,-4.00E-04,-4.98E-04,-2.73E-04,-4.20E-04,-2.50E-04,-3.13E-04,-3.60E-04,-1.34E-04,-1.44E-04
1530,-6.11E-04,-5.26E-04,-4.07E-04,-5.68E-04,-5.13E-04,-4.09E-04,-3.45E-04,-3.83E-04,-2.24E-04,-2.48E-04,-4.76E-04,-3.97E-04,-4.96E-04,-2.71E-04,-4.22E-04,-2.49E-04,-3.08E-04,-3.60E-04,-1.37E-04,-1.51E-04
1531,-6.15E-04,-5.30E-04,-4.07E-04,-5.75E-04,-5.20E-04,-4.15E-04,-3.51E-04,-3.85E-04,-2.25E-04,-2.52E-04,-4.72E-04,-3.95E-04,-4.96E-04,-2.70E-04,-4.25E-04,-2.49E-04,-3.04E-04,-3.61E-04,-1.41E-04,-1.59E-04
1532,-6.20E-04,-5.35E-04,-4.09E-04,-5.83E-04,-5.28E-04,-4.22E-04,-3.57E-04,-3.89E-04,-2.27E-04,-2.56E-04,-4.68E-04,-3.94E-04,-4.97E-04,-2.69E-04,-4.29E-04,-2.50E-04,-3.00E-04,-3.62E-04,-1.46E-04,-1.68E-04
1533,-6.25E-04,-5.40E-04,-4.11E-04,-5.91E-04,-5.36E-04,-4.28E-04,-3.64E-04,-3.93E-04,-2.29E-04,-2.62E-04,-4.64E-04,-3.94E-04,-4.98E-04,-2.68E-04,-4.33E-04,-2.51E-04,-2.98E-04,-3.63E-04,-1.51E-04,-1.77E-04
1534,-6.31E-04,-5.45E-04,-4.13E-04,-5.99E-04,-5.44E-04,-4.35E-04,-3.71E-04,-3.98E-04,-2.31E-04,-2.67E-04,-4.61E-04,-3.94E-04,-5.00E-04,-2.67E-04,-4.37E-04,-2.51E-04,-2.95E-04,-3.65E-04,-1.55E-04,-1.87E-04
1535,-6.36E-04,-5.50E-04,-4.15E-04,-6.06E-04,-5.52E-04,-4.40E-04,-3.78E-04,-4.02E-04,-2.34E-04,-2.73E-04,-4.56E-04,-3.95E-04,-5.02E-04,-2.65E-04,-4.42E-04,-2.52E-04,-2.93E-04,-3.66E-04,-1.60E-04,-1.96E-04
1536,-6.40E-04,-5.54E-04,-4.16E-04,-6.12E-04,-5.58E-04,-4.43E-04,-3.84E-04,-4.05E-04,-2.36E-04,-2.78E-04,-4.51E-04,-3.95E-04,-5.02E-04,-2.63E-04,-4.45E-04,-2.52E-04,-2.91E-04,-3.66E-04,-1.63E-04,-2.05E-04
1537,-6.43E-04,-5.56E-04,-4.15E-04,-6.15E-04,-5.62E-04,-4.44E-04,-3.88E-04,-4.06E-04,-2.37E-04,-2.82E-04,-4.44E-04,-3.94E-04,-5.02E-04,-2.59E-04,-4.48E-04,-2.50E-04,-2.88E-04,-3.66E-04,-1.66E-04,-2.13E-04
1538,-6.43E-04,-5.57E-04,-4.13E-04,-6.17E-04,-5.63E-04,-4.43E-04,-3.90E-04,-4.06E-04,-2.37E-04,-2.85E-04,-4.35E-04,-3.93E-04,-5.01E-04,-2.54E-04,-4.50E-04,-2.47E-04,-2.84E-04,-3.64E-04,-1.67E-04,-2.21E-04
1539,-6.42E-04,-5.55E-04,-4.09E-04,-6.16E-04,-5.62E-04,-4.39E-04,-3.90E-04,-4.03E-04,-2.36E-04,-2.87E-04,-4.24E-04,-3.91E-04,-4.98E-04,-2.47E-04,-4.50E-04,-2.43E-04,-2.79E-04,-3.61E-04,-1.68E-04,-2.27E-04
1540,-6.38E-04,-5.52E-04,-4.02E-04,-6.11E-04,-5.57E-04,-4.32E-04,-3.87E-04,-3.97E-04,-2.34E-04,-2.88E-04,-4.10E-04,-3.86E-04,-4.93E-04,-2.38E-04,-4.48E-04,-2.36E-04,-2.72E-04,-3.56E-04,-1.66E-04,-2.32E-04
1541,-6.32E-04,-5.46E-04,-3.93E-04,-6.04E-04,-5.49E-04,-4.22E-04,-3.82E-04,-3.89E-04,-2.30E-04,-2.87E-04,-3.93E-04,-3.80E-04,-4.85E-04,-2.27E-04,-4.45E-04,-2.27E-04,-2.64E-04,-3.50E-04,-1.63E-04,-2.35E-04
1542,-6.23E-04,-5.38E-04,-3.82E-04,-5.93E-04,-5.39E-04,-4.09E-04,-3.74E-04,-3.78E-04,-2.24E-04,-2.84E-04,-3.73E-04,-3.73E-04,-4.76E-04,-2.14E-04,-4.40E-04,-2.17E-04,-2.53E-04,-3.41E-04,-1.58E-04,-2.37E-04
1543,-6.11E-04,-5.28E-04,-3.68E-04,-5.80E-04,-5.25E-04,-3.94E-04,-3.63E-04,-3.64E-04,-2.17E-04,-2.80E-04,-3.51E-04,-3.63E-04,-4.64E-04,-1.99E-04,-4.33E-04,-2.04E-04,-2.41E-04,-3.31E-04,-1.52E-04,-2.37E-04
1544,-5.97E-04,-5.15E-04,-3.51E-04,-5.64E-04,-5.09E-04,-3.76E-04,-3.50E-04,-3.48E-04,-2.09E-04,-2.74E-04,-3.25E-04,-3.51E-04,-4.50E-04,-1.82E-04,-4.24E-04,-1.90E-04,-2.28E-04,-3.19E-04,-1.45E-04,-2.36E-04
1545,-5.81E-04,-5.01E-04,-3.33E-04,-5.46E-04,-4.91E-04,-3.56E-04,-3.36E-04,-3.30E-04,-1.99E-04,-2.67E-04,-2.98E-04,-3.38E-04,-4.34E-04,-1.63E-04,-4.13E-04,-1.74E-04,-2.12E-04,-3.07E-04,-1.37E-04,-2.34E-04
1546,-5.63E-04,-4.86E-04,-3.13E-04,-5.27E-04,-4.71E-04,-3.35E-04,-3.20E-04,-3.10E-04,-1.87E-04,-2.59E-04,-2.69E-04,-3.23E-04,-4.16E-04,-1.43E-04,-4.01E-04,-1.57E-04,-1.95E-04,-2.92E-04,-1.28E-04,-2.31E-04
1547,-5.44E-04,-4.70E-04,-2.92E-04,-5.06E-04,-4.50E-04,-3.13E-04,-3.03E-04,-2.89E-04,-1.75E-04,-2.51E-04,-2.38E-04,-3.07E-04,-3.97E-04,-1.22E-04,-3.87E-04,-1.39E-04,-1.77E-04,-2.78E-04,-1.18E-04,-2.28E-04
1548,-5.23E-04,-4.54E-04,-2.70E-04,-4.85E-04,-4.29E-04,-2.91E-04,-2.85E-04,-2.67E-04,-1.63E-04,-2.41E-04,-2.06E-04,-2.91E-04,-3.78E-04,-9.99E-05,-3.73E-04,-1.20E-04,-1.58E-04,-2.62E-04,-1.09E-04,-2.24E-04
1549,-5.03E-04,-4.37E-04,-2.48E-04,-4.65E-04,-4.08E-04,-2.70E-04,-2.67E-04,-2.46E-04,-1.50E-04,-2.32E-04,-1.74E-04,-2.73E-04,-3.57E-04,-7.78E-05,-3.57E-04,-1.02E-04,-1.38E-04,-2.47E-04,-9.94E-05,-2.20E-04
1550,-4.82E-04,-4.21E-04,-2.26E-04,-4.45E-04,-3.88E-04,-2.49E-04,-2.50E-04,-2.24E-04,-1.37E-04,-2.23E-04,-1.43E-04,-2.56E-04,-3.37E-04,-5.57E-05,-3.41E-04,-8.28E-05,-1.17E-04,-2.31E-04,-9.03E-05,-2.17E-04
1551,-4.61E-04,-4.05E-04,-2.05E-04,-4.26E-04,-3.69E-04,-2.30E-04,-2.34E-04,-2.04E-04,-1.24E-04,-2.15E-04,-1.12E-04,-2.39E-04,-3.17E-04,-3.39E-05,-3.25E-04,-6.45E-05,-9.66E-05,-2.16E-04,-8.17E-05,-2.13E-04
1552,-4.42E-04,-3.90E-04,-1.84E-04,-4.08E-04,-3.51E-04,-2.12E-04,-2.18E-04,-1.85E-04,-1.12E-04,-2.08E-04,-8.22E-05,-2.22E-04,-2.98E-04,-1.28E-05,-3.08E-04,-4.68E-05,-7.61E-05,-2.01E-04,-7.38E-05,-2.11E-04
1553,-4.22E-04,-3.76E-04,-1.64E-04,-3.92E-04,-3.34E-04,-1.96E-04,-2.04E-04,-1.67E-04,-1.01E-04,-2.02E-04,-5.37E-05,-2.06E-04,-2.79E-04,7.64E-06,-2.92E-04,-2.98E-05,-5.58E-05,-1.87E-04,-6.66E-05,-2.09E-04
1554,-4.04E-04,-3.62E-04,-1.45E-04,-3.78E-04,-3.18E-04,-1.81E-04,-1.90E-04,-1.50E-04,-9.07E-05,-1.97E-04,-2.68E-05,-1.91E-04,-2.62E-04,2.72E-05,-2.76E-04,-1.37E-05,-3.60E-05,-1.74E-04,-6.01E-05,-2.07E-04
1555,-3.87E-04,-3.49E-04,-1.27E-04,-3.64E-04,-3.04E-04,-1.67E-04,-1.78E-04,-1.35E-04,-8.10E-05,-1.93E-04,-1.44E-06,-1.76E-04,-2.46E-04,4.58E-05,-2.60E-04,1.59E-06,-1.66E-05,-1.61E-04,-5.43E-05,-2.06E-04
1556,-3.70E-04,-3.37E-04,-1.09E-04,-3.52E-04,-2.90E-04,-1.55E-04,-1.66E-04,-1.20E-04,-7.22E-05,-1.90E-04,2.25E-05,-1.63E-04,-2.30E-04,6.35E-05,-2.45E-04,1.61E-05,2.35E-06,-1.49E-04,-4.90E-05,-2.06E-04
1557,-3.54E-04,-3.25E-04,-9.24E-05,-3.40E-04,-2.76E-04,-1.43E-04,-1.55E-04,-1.07E-04,-6.40E-05,-1.89E-04,4.52E-05,-1.50E-04,-2.15E-04,8.06E-05,-2.29E-04,3.00E-05,2.08E-05,-1.37E-04,-4.41E-05,-2.06E-04
1558,-3.37E-04,-3.12E-04,-7.58E-05,-3.28E-04,-2.63E-04,-1.31E-04,-1.44E-04,-9.36E-05,-5.64E-05,-1.88E-04,6.69E-05,-1.37E-04,-2.01E-04,9.71E-05,-2.14E-04,4.36E-05,3.88E-05,-1.26E-04,-3.94E-05,-2.07E-04
1559,-3.21E-04,-3.00E-04,-5.92E-05,-3.16E-04,-2.48E-04,-1.19E-04,-1.32E-04,-8.05E-05,-4.91E-05,-1.88E-04,8.82E-05,-1.26E-04,-1.87E-04,1.13E-04,-1.99E-04,5.69E-05,5.66E-05,-1.14E-04,-3.46E-05,-2.08E-04
1560,-3.05E-04,-2.87E-04,-4.21E-05,-3.04E-04,-2.33E-04,-1.06E-04,-1.20E-04,-6.70E-05,-4.18E-05,-1.88E-04,1.09E-04,-1.14E-04,-1.73E-04,1.30E-04,-1.84E-04,7.03E-05,7.43E-05,-1.02E-04,-2.96E-05,-2.09E-04
1561,-2.87E-04,-2.73E-04,-2.45E-05,-2.90E-04,-2.16E-04,-9.25E-05,-1.06E-04,-5.28E-05,-3.45E-05,-1.88E-04,1.31E-04,-1.02E-04,-1.59E-04,1.46E-04,-1.68E-04,8.40E-05,9.19E-05,-8.95E-05,-2.41E-05,-2.10E-04
1562,-2.68E-04,-2.58E-04,-5.93E-06,-2.74E-04,-1.98E-04,-7.71E-05,-9.17E-05,-3.74E-05,-2.67E-05,-1.88E-04,1.53E-04,-8.88E-05,-1.44E-04,1.63E-04,-1.52E-04,9.82E-05,1.10E-04,-7.62E-05,-1.80E-05,-2.10E-04
1563,-2.49E-04,-2.41E-04,1.37E-05,-2.57E-04,-1.77E-04,-6.00E-05,-7.56E-05,-2.06E-05,-1.83E-05,-1.87E-04,1.76E-04,-7.54E-05,-1.28E-04,1.81E-04,-1.35E-04,1.13E-04,1.28E-04,-6.21E-05,-1.13E-05,-2.11E-04
1564,-2.27E-04,-2.23E-04,3.46E-05,-2.38E-04,-1.55E-04,-4.12E-05,-5.80E-05,-2.34E-06,-9.13E-06,-1.86E-04,2.01E-04,-6.10E-05,-1.10E-04,2.00E-04,-1.18E-04,1.29E-04,1.46E-04,-4.71E-05,-3.77E-06,-2.10E-04
1565,-2.04E-04,-2.04E-04,5.66E-05,-2.17E-04,-1.30E-04,-2.06E-05,-3.90E-05,1.75E-05,9.03E-07,-1.83E-04,2.27E-04,-4.55E-05,-9.16E-05,2.19E-04,-9.93E-05,1.45E-04,1.65E-04,-3.10E-05,4.49E-06,-2.09E-04
1566,-1.80E-04,-1.83E-04,7.99E-05,-1.95E-04,-1.04E-04,1.50E-06,-1.87E-05,3.88E-05,1.18E-05,-1.80E-04,2.55E-04,-2.88E-05,-7.14E-05,2.40E-04,-7.99E-05,1.63E-04,1.84E-04,-1.40E-05,1.35E-05,-2.08E-04
1567,-1.54E-04,-1.62E-04,1.04E-04,-1.71E-04,-7.67E-05,2.48E-05,2.69E-06,6.14E-05,2.37E-05,-1.76E-04,2.84E-04,-1.10E-05,-4.98E-05,2.62E-04,-5.95E-05,1.81E-04,2.04E-04,3.94E-06,2.30E-05,-2.06E-04
1568,-1.27E-04,-1.39E-04,1.29E-04,-1.46E-04,-4.83E-05,4.90E-05,2.47E-05,8.50E-05,3.63E-05,-1.70E-04,3.15E-04,7.85E-06,-2.69E-05,2.84E-04,-3.84E-05,2.00E-04,2.24E-04,2.25E-05,3.30E-05,-2.04E-04
1569,-9.97E-05,-1.16E-04,1.54E-04,-1.20E-04,-1.93E-05,7.35E-05,4.70E-05,1.09E-04,4.96E-05,-1.64E-04,3.47E-04,2.75E-05,-3.00E-06,3.08E-04,-1.65E-05,2.19E-04,2.44E-04,4.16E-05,4.33E-05,-2.01E-04
1570,-7.18E-05,-9.32E-05,1.80E-04,-9.46E-05,9.60E-06,9.79E-05,6.92E-05,1.33E-04,6.33E-05,-1.58E-04,3.79E-04,4.78E-05,2.17E-05,3.31E-04,5.77E-06,2.38E-04,2.65E-04,6.09E-05,5.37E-05,-1.98E-04
1571,-4.40E-05,-7.03E-05,2.05E-04,-6.94E-05,3.80E-05,1.22E-04,9.08E-05,1.57E-04,7.72E-05,-1.51E-04,4.12E-04,6.85E-05,4.69E-05,3.55E-04,2.83E-05,2.58E-04,2.85E-04,8.01E-05,6.39E-05,-1.95E-04
1572,-1.66E-05,-4.80E-05,2.30E-04,-4.50E-05,6.54E-05,1.44E-04,1.11E-04,1.81E-04,9.11E-05,-1.44E-04,4.44E-04,8.91E-05,7.22E-05,3.79E-04,5.08E-05,2.76E-04,3.05E-04,9.91E-05,7.40E-05,-1.92E-04
1573,1.01E-05,-2.66E-05,2.54E-04,-2.20E-05,9.14E-05,1.65E-04,1.31E-04,2.03E-04,1.05E-04,-1.37E-04,4.76E-04,1.10E-04,9.72E-05,4.02E-04,7.31E-05,2.95E-04,3.25E-04,1.18E-04,8.36E-05,-1.89E-04
1574,3.55E-05,-6.09E-06,2.77E-04,-4.55E-07,1.16E-04,1.84E-04,1.49E-04,2.24E-04,1.18E-04,-1.31E-04,5.06E-04,1.29E-04,1.22E-04,4.24E-04,9.49E-05,3.12E-04,3.44E-04,1.35E-04,9.27E-05,-1.87E-04
1575,5.96E-05,1.32E-05,2.98E-04,1.93E-05,1.38E-04,2.02E-04,1.65E-04,2.43E-04,1.30E-04,-1.25E-04,5.35E-04,1.49E-04,1.45E-04,4.45E-04,1.16E-04,3.28E-04,3.63E-04,1.52E-04,1.01E-04,-1.84E-04
1576,8.21E-05,3.13E-05,3.18E-04,3.73E-05,1.59E-04,2.17E-04,1.79E-04,2.60E-04,1.42E-04,-1.20E-04,5.63E-04,1.67E-04,1.68E-04,4.65E-04,1.36E-04,3.44E-04,3.81E-04,1.68E-04,1.09E-04,-1.82E-04
1577,1.03E-04,4.83E-05,3.37E-04,5.36E-05,1.78E-04,2.30E-04,1.93E-04,2.76E-04,1.52E-04,-1.16E-04,5.88E-04,1.84E-04,1.90E-04,4.83E-04,1.55E-04,3.58E-04,3.98E-04,1.83E-04,1.17E-04,-1.80E-04
1578,1.22E-04,6.42E-05,3.54E-04,6.85E-05,1.96E-04,2.42E-04,2.04E-04,2.90E-04,1.62E-04,-1.13E-04,6.11E-04,2.00E-04,2.11E-04,5.00E-04,1.74E-04,3.71E-04,4.15E-04,1.97E-04,1.24E-04,-1.78E-04
1579,1.40E-04,7.93E-05,3.71E-04,8.22E-05,2.12E-04,2.52E-04,2.15E-04,3.03E-04,1.70E-04,-1.11E-04,6.33E-04,2.15E-04,2.30E-04,5.15E-04,1.91E-04,3.83E-04,4.31E-04,2.10E-04,1.31E-04,-1.76E-04
1580,1.57E-04,9.39E-05,3.86E-04,9.53E-05,2.28E-04,2.62E-04,2.26E-04,3.15E-04,1.78E-04,-1.10E-04,6.53E-04,2.29E-04,2.49E-04,5.28E-04,2.07E-04,3.94E-04,4.47E-04,2.23E-04,1.38E-04,-1.74E-04
1581,1.73E-04,1.08E-04,4.01E-04,1.08E-04,2.44E-04,2.71E-04,2.36E-04,3.26E-04,1.86E-04,-1.08E-04,6.71E-04,2.43E-04,2.67E-04,5.41E-04,2.22E-04,4.05E-04,4.62E-04,2.35E-04,1.45E-04,-1.72E-04
1582,1.89E-04,1.23E-04,4.16E-04,1.21E-04,2.59E-04,2.81E-04,2.47E-04,3.37E-04,1.92E-04,-1.07E-04,6.88E-04,2.57E-04,2.85E-04,5.53E-04,2.37E-04,4.15E-04,4.77E-04,2.47E-04,1.53E-04,-1.70E-04
1583,2.04E-04,1.38E-04,4.31E-04,1.35E-04,2.76E-04,2.91E-04,2.58E-04,3.49E-04,1.99E-04,-1.06E-04,7.05E-04,2.70E-04,3.02E-04,5.63E-04,2.50E-04,4.24E-04,4.92E-04,2.60E-04,1.61E-04,-1.67E-04
1584,2.20E-04,1.53E-04,4.47E-04,1.50E-04,2.93E-04,3.02E-04,2.71E-04,3.61E-04,2.06E-04,-1.05E-04,7.21E-04,2.83E-04,3.20E-04,5.74E-04,2.64E-04,4.34E-04,5.08E-04,2.73E-04,1.69E-04,-1.63E-04
1585,2.36E-04,1.70E-04,4.63E-04,1.67E-04,3.12E-04,3.15E-04,2.84E-04,3.75E-04,2.14E-04,-1.03E-04,7.38E-04,2.98E-04,3.39E-04,5.84E-04,2.78E-04,4.44E-04,5.23E-04,2.86E-04,1.78E-04,-1.59E-04
1586,2.53E-04,1.87E-04,4.80E-04,1.85E-04,3.33E-04,3.29E-04,3.00E-04,3.90E-04,2.22E-04,-1.00E-04,7.55E-04,3.13E-04,3.58E-04,5.95E-04,2.91E-04,4.55E-04,5.39E-04,3.01E-04,1.88E-04,-1.53E-04
1587,2.72E-04,2.06E-04,4.98E-04,2.06E-04,3.55E-04,3.45E-04,3.17E-04,4.06E-04,2.31E-04,-9.58E-05,7.74E-04,3.29E-04,3.79E-04,6.06E-04,3.05E-04,4.66E-04,5.55E-04,3.16E-04,1.99E-04,-1.47E-04
1588,2.91E-04,2.26E-04,5.18E-04,2.28E-04,3.78E-04,3.63E-04,3.35E-04,4.25E-04,2.41E-04,-9.04E-05,7.93E-04,3.46E-04,4.00E-04,6.18E-04,3.19E-04,4.78E-04,5.72E-04,3.33E-04,2.11E-04,-1.40E-04
1589,3.12E-04,2.47E-04,5.38E-04,2.52E-04,4.03E-04,3.82E-04,3.55E-04,4.44E-04,2.51E-04,-8.36E-05,8.14E-04,3.65E-04,4.23E-04,6.30E-04,3.33E-04,4.91E-04,5.89E-04,3.51E-04,2.24E-04,-1.32E-04
1590,3.34E-04,2.69E-04,5.59E-04,2.78E-04,4.29E-04,4.02E-04,3.76E-04,4.66E-04,2.63E-04,-7.54E-05,8.36E-04,3.85E-04,4.47E-04,6.44E-04,3.48E-04,5.04E-04,6.07E-04,3.69E-04,2.37E-04,-1.24E-04
1591,3.56E-04,2.91E-04,5.81E-04,3.04E-04,4.55E-04,4.24E-04,3.98E-04,4.88E-04,2.76E-04,-6.60E-05,8.59E-04,4.06E-04,4.73E-04,6.58E-04,3.64E-04,5.18E-04,6.25E-04,3.89E-04,2.50E-04,-1.15E-04
1592,3.80E-04,3.14E-04,6.03E-04,3.32E-04,4.81E-04,4.46E-04,4.19E-04,5.11E-04,2.90E-04,-5.54E-05,8.84E-04,4.28E-04,4.99E-04,6.73E-04,3.79E-04,5.32E-04,6.43E-04,4.09E-04,2.64E-04,-1.06E-04
1593,4.04E-04,3.36E-04,6.25E-04,3.59E-04,5.07E-04,4.67E-04,4.41E-04,5.35E-04,3.05E-04,-4.40E-05,9.09E-04,4.51E-04,5.25E-04,6.89E-04,3.95E-04,5.46E-04,6.61E-04,4.30E-04,2.77E-04,-9.60E-05
1594,4.28E-04,3.58E-04,6.47E-04,3.86E-04,5.32E-04,4.88E-04,4.62E-04,5.58E-04,3.20E-04,-3.20E-05,9.34E-04,4.74E-04,5.52E-04,7.05E-04,4.11E-04,5.60E-04,6.79E-04,4.51E-04,2.90E-04,-8.64E-05
1595,4.52E-04,3.79E-04,6.69E-04,4.12E-04,5.56E-04,5.08E-04,4.81E-04,5.81E-04,3.35E-04,-1.98E-05,9.60E-04,4.97E-04,5.79E-04,7.22E-04,4.27E-04,5.73E-04,6.97E-04,4.71E-04,3.03E-04,-7.69E-05
1596,4.75E-04,3.99E-04,6.89E-04,4.37E-04,5.78E-04,5.26E-04,4.99E-04,6.03E-04,3.49E-04,-7.55E-06,9.85E-04,5.20E-04,6.05E-04,7.38E-04,4.42E-04,5.86E-04,7.14E-04,4.91E-04,3.15E-04,-6.78E-05
1597,4.97E-04,4.18E-04,7.08E-04,4.60E-04,5.98E-04,5.42E-04,5.15E-04,6.23E-04,3.64E-04,4.26E-06,1.01E-03,5.41E-04,6.30E-04,7.53E-04,4.56E-04,5.98E-04,7.30E-04,5.10E-04,3.26E-04,-5.92E-05
1598,5.17E-04,4.34E-04,7.25E-04,4.81E-04,6.15E-04,5.56E-04,5.28E-04,6.42E-04,3.77E-04,1.54E-05,1.03E-03,5.62E-04,6.53E-04,7.68E-04,4.69E-04,6.08E-04,7.46E-04,5.28E-04,3.37E-04,-5.12E-05
1599,5.36E-04,4.49E-04,7.40E-04,5.00E-04,6.29E-04,5.67E-04,5.39E-04,6.58E-04,3.90E-04,2.55E-05,1.05E-03,5.81E-04,6.75E-04,7.81E-04,4.80E-04,6.17E-04,7.59E-04,5.45E-04,3.46E-04,-4.40E-05
1600,5.53E-04,4.62E-04,7.54E-04,5.16E-04,6.41E-04,5.76E-04,5.48E-04,6.73E-04,4.02E-04,3.44E-05,1.07E-03,5.99E-04,6.95E-04,7.93E-04,4.91E-04,6.24E-04,7.72E-04,5.60E-04,3.54E-04,-3.76E-05
1601,5.68E-04,4.73E-04,7.66E-04,5.30E-04,6.51E-04,5.82E-04,5.54E-04,6.85E-04,4.12E-04,4.19E-05,1.09E-03,6.14E-04,7.13E-04,8.04E-04,4.99E-04,6.29E-04,7.83E-04,5.74E-04,3.60E-04,-3.22E-05
1602,5.81E-04,4.82E-04,7.76E-04,5.42E-04,6.58E-04,5.86E-04,5.58E-04,6.94E-04,4.21E-04,4.80E-05,1.10E-03,6.27E-04,7.28E-04,8.12E-04,5.05E-04,6.32E-04,7.92E-04,5.85E-04,3.66E-04,-2.76E-05
1603,5.92E-04,4.89E-04,7.84E-04,5.51E-04,6.63E-04,5.88E-04,5.60E-04,7.02E-04,4.28E-04,5.26E-05,1.11E-03,6.38E-04,7.42E-04,8.19E-04,5.10E-04,6.34E-04,8.00E-04,5.95E-04,3.70E-04,-2.39E-05
1604,6.02E-04,4.95E-04,7.91E-04,5.58E-04,6.66E-04,5.88E-04,5.59E-04,7.08E-04,4.34E-04,5.59E-05,1.12E-03,6.46E-04,7.53E-04,8.23E-04,5.12E-04,6.34E-04,8.06E-04,6.03E-04,3.74E-04,-2.11E-05
1605,6.10E-04,4.99E-04,7.96E-04,5.64E-04,6.68E-04,5.87E-04,5.58E-04,7.11E-04,4.39E-04,5.78E-05,1.13E-03,6.52E-04,7.62E-04,8.26E-04,5.13E-04,6.31E-04,8.10E-04,6.09E-04,3.77E-04,-1.90E-05
1606,6.16E-04,5.01E-04,8.00E-04,5.68E-04,6.69E-04,5.85E-04,5.55E-04,7.14E-04,4.43E-04,5.87E-05,1.13E-03,6.56E-04,7.69E-04,8.27E-04,5.12E-04,6.28E-04,8.13E-04,6.14E-04,3.78E-04,-1.77E-05
1607,6.21E-04,5.03E-04,8.02E-04,5.72E-04,6.69E-04,5.82E-04,5.51E-04,7.15E-04,4.45E-04,5.87E-05,1.14E-03,6.59E-04,7.74E-04,8.26E-04,5.09E-04,6.23E-04,8.13E-04,6.17E-04,3.80E-04,-1.69E-05
1608,6.24E-04,5.04E-04,8.04E-04,5.75E-04,6.68E-04,5.80E-04,5.46E-04,7.15E-04,4.47E-04,5.80E-05,1.14E-03,6.60E-04,7.78E-04,8.24E-04,5.05E-04,6.17E-04,8.13E-04,6.19E-04,3.80E-04,-1.67E-05
1609,6.27E-04,5.03E-04,8.05E-04,5.77E-04,6.67E-04,5.77E-04,5.41E-04,7.14E-04,4.48E-04,5.69E-05,1.14E-03,6.59E-04,7.81E-04,8.20E-04,4.99E-04,6.09E-04,8.10E-04,6.19E-04,3.80E-04,-1.69E-05
1610,6.29E-04,5.03E-04,8.06E-04,5.79E-04,6.66E-04,5.74E-04,5.36E-04,7.13E-04,4.49E-04,5.56E-05,1.13E-03,6.57E-04,7.83E-04,8.16E-04,4.92E-04,6.01E-04,8.07E-04,6.19E-04,3.80E-04,-1.74E-05
1611,6.31E-04,5.01E-04,8.06E-04,5.81E-04,6.65E-04,5.72E-04,5.30E-04,7.11E-04,4.50E-04,5.45E-05,1.13E-03,6.55E-04,7.84E-04,8.10E-04,4.84E-04,5.93E-04,8.01E-04,6.18E-04,3.79E-04,-1.81E-05
1612,6.31E-04,4.99E-04,8.05E-04,5.83E-04,6.63E-04,5.70E-04,5.25E-04,7.09E-04,4.51E-04,5.35E-05,1.13E-03,6.51E-04,7.84E-04,8.04E-04,4.76E-04,5.84E-04,7.95E-04,6.16E-04,3.78E-04,-1.91E-05
1613,6.32E-04,4.97E-04,8.04E-04,5.84E-04,6.62E-04,5.68E-04,5.19E-04,7.07E-04,4.51E-04,5.29E-05,1.12E-03,6.47E-04,7.84E-04,7.97E-04,4.67E-04,5.75E-04,7.87E-04,6.13E-04,3.76E-04,-2.03E-05
1614,6.31E-04,4.94E-04,8.03E-04,5.86E-04,6.60E-04,5.66E-04,5.13E-04,7.04E-04,4.52E-04,5.27E-05,1.12E-03,6.43E-04,7.83E-04,7.90E-04,4.57E-04,5.65E-04,7.79E-04,6.10E-04,3.75E-04,-2.16E-05
1615,6.30E-04,4.90E-04,8.01E-04,5.87E-04,6.57E-04,5.64E-04,5.06E-04,7.01E-04,4.52E-04,5.31E-05,1.11E-03,6.38E-04,7.82E-04,7.83E-04,4.48E-04,5.56E-04,7.69E-04,6.06E-04,3.72E-04,-2.30E-05
1616,6.29E-04,4.86E-04,7.98E-04,5.88E-04,6.54E-04,5.62E-04,4.99E-04,6.97E-04,4.53E-04,5.38E-05,1.10E-03,6.33E-04,7.80E-04,7.75E-04,4.38E-04,5.46E-04,7.58E-04,6.01E-04,3.70E-04,-2.45E-05
1617,6.27E-04,4.82E-04,7.94E-04,5.89E-04,6.50E-04,5.59E-04,4.91E-04,6.93E-04,4.54E-04,5.50E-05,1.10E-03,6.28E-04,7.78E-04,7.67E-04,4.28E-04,5.36E-04,7.46E-04,5.96E-04,3.67E-04,-2.62E-05
1618,6.24E-04,4.76E-04,7.90E-04,5.89E-04,6.46E-04,5.55E-04,4.82E-04,6.88E-04,4.54E-04,5.64E-05,1.09E-03,6.22E-04,7.75E-04,7.59E-04,4.19E-04,5.26E-04,7.34E-04,5.90E-04,3.63E-04,-2.80E-05
1619,6.20E-04,4.70E-04,7.84E-04,5.88E-04,6.39E-04,5.50E-04,4.73E-04,6.82E-04,4.54E-04,5.79E-05,1.08E-03,6.16E-04,7.72E-04,7.50E-04,4.09E-04,5.15E-04,7.21E-04,5.84E-04,3.59E-04,-3.00E-05
1620,6.15E-04,4.62E-04,7.78E-04,5.86E-04,6.32E-04,5.44E-04,4.62E-04,6.75E-04,4.54E-04,5.94E-05,1.07E-03,6.09E-04,7.67E-04,7.41E-04,3.99E-04,5.05E-04,7.07E-04,5.77E-04,3.54E-04,-3.22E-05
1621,6.09E-04,4.55E-04,7.70E-04,5.83E-04,6.24E-04,5.37E-04,4.50E-04,6.66E-04,4.53E-04,6.07E-05,1.06E-03,6.02E-04,7.62E-04,7.31E-04,3.89E-04,4.94E-04,6.92E-04,5.69E-04,3.49E-04,-3.46E-05
1622,6.02E-04,4.46E-04,7.61E-04,5.79E-04,6.14E-04,5.28E-04,4.37E-04,6.57E-04,4.52E-04,6.16E-05,1.04E-03,5.94E-04,7.55E-04,7.21E-04,3.79E-04,4.82E-04,6.77E-04,5.60E-04,3.43E-04,-3.72E-05
1623,5.94E-04,4.36E-04,7.52E-04,5.73E-04,6.03E-04,5.18E-04,4.24E-04,6.46E-04,4.50E-04,6.20E-05,1.03E-03,5.85E-04,7.48E-04,7.10E-04,3.68E-04,4.70E-04,6.61E-04,5.51E-04,3.36E-04,-4.01E-05
1624,5.86E-04,4.26E-04,7.42E-04,5.67E-04,5.90E-04,5.07E-04,4.09E-04,6.34E-04,4.47E-04,6.18E-05,1.01E-03,5.76E-04,7.39E-04,6.98E-04,3.57E-04,4.58E-04,6.45E-04,5.40E-04,3.29E-04,-4.32E-05
1625,5.76E-04,4.16E-04,7.30E-04,5.60E-04,5.77E-04,4.94E-04,3.93E-04,6.21E-04,4.42E-04,6.09E-05,9.97E-04,5.65E-04,7.28E-04,6.86E-04,3.46E-04,4.45E-04,6.29E-04,5.29E-04,3.22E-04,-4.66E-05
1626,5.66E-04,4.05E-04,7.18E-04,5.52E-04,5.63E-04,4.80E-04,3.77E-04,6.07E-04,4.37E-04,5.93E-05,9.79E-04,5.54E-04,7.17E-04,6.72E-04,3.34E-04,4.31E-04,6.12E-04,5.16E-04,3.14E-04,-5.01E-05
1627,5.55E-04,3.94E-04,7.06E-04,5.43E-04,5.49E-04,4.66E-04,3.61E-04,5.92E-04,4.31E-04,5.69E-05,9.59E-04,5.42E-04,7.04E-04,6.58E-04,3.21E-04,4.17E-04,5.95E-04,5.03E-04,3.05E-04,-5.38E-05
1628,5.44E-04,3.82E-04,6.93E-04,5.33E-04,5.33E-04,4.51E-04,3.45E-04,5.76E-04,4.24E-04,5.39E-05,9.38E-04,5.29E-04,6.89E-04,6.43E-04,3.08E-04,4.03E-04,5.77E-04,4.89E-04,2.97E-04,-5.76E-05
1629,5.33E-04,3.71E-04,6.80E-04,5.23E-04,5.18E-04,4.35E-04,3.28E-04,5.60E-04,4.16E-04,5.03E-05,9.15E-04,5.15E-04,6.74E-04,6.28E-04,2.95E-04,3.89E-04,5.59E-04,4.75E-04,2.88E-04,-6.14E-05
1630,5.21E-04,3.60E-04,6.67E-04,5.13E-04,5.03E-04,4.19E-04,3.12E-04,5.44E-04,4.07E-04,4.63E-05,8.92E-04,5.01E-04,6.58E-04,6.12E-04,2.82E-04,3.74E-04,5.41E-04,4.60E-04,2.79E-04,-6.52E-05
1631,5.10E-04,3.49E-04,6.53E-04,5.03E-04,4.88E-04,4.04E-04,2.96E-04,5.27E-04,3.97E-04,4.21E-05,8.68E-04,4.87E-04,6.41E-04,5.95E-04,2.68E-04,3.59E-04,5.23E-04,4.44E-04,2.70E-04,-6.88E-05
1632,4.99E-04,3.39E-04,6.40E-04,4.92E-04,4.73E-04,3.89E-04,2.81E-04,5.11E-04,3.87E-04,3.78E-05,8.44E-04,4.73E-04,6.24E-04,5.78E-04,2.54E-04,3.45E-04,5.05E-04,4.29E-04,2.61E-04,-7.23E-05
1633,4.88E-04,3.28E-04,6.27E-04,4.82E-04,4.59E-04,3.75E-04,2.67E-04,4.95E-04,3.77E-04,3.37E-05,8.19E-04,4.58E-04,6.06E-04,5.62E-04,2.40E-04,3.31E-04,4.86E-04,4.13E-04,2.52E-04,-7.54E-05
1634,4.77E-04,3.19E-04,6.14E-04,4.72E-04,4.45E-04,3.61E-04,2.53E-04,4.80E-04,3.67E-04,2.99E-05,7.94E-04,4.44E-04,5.88E-04,5.45E-04,2.27E-04,3.17E-04,4.67E-04,3.97E-04,2.44E-04,-7.82E-05
1635,4.67E-04,3.10E-04,6.02E-04,4.63E-04,4.32E-04,3.49E-04,2.41E-04,4.65E-04,3.56E-04,2.66E-05,7.70E-04,4.30E-04,5.70E-04,5.29E-04,2.14E-04,3.04E-04,4.48E-04,3.81E-04,2.36E-04,-8.05E-05
1636,4.58E-04,3.01E-04,5.90E-04,4.54E-04,4.19E-04,3.38E-04,2.29E-04,4.51E-04,3.46E-04,2.41E-05,7.46E-04,4.16E-04,5.53E-04,5.13E-04,2.02E-04,2.91E-04,4.30E-04,3.65E-04,2.28E-04,-8.22E-05
1637,4.48E-04,2.93E-04,5.78E-04,4.46E-04,4.07E-04,3.28E-04,2.18E-04,4.37E-04,3.36E-04,2.24E-05,7.22E-04,4.04E-04,5.36E-04,4.98E-04,1.90E-04,2.80E-04,4.11E-04,3.49E-04,2.21E-04,-8.33E-05
1638,4.40E-04,2.85E-04,5.66E-04,4.38E-04,3.96E-04,3.19E-04,2.09E-04,4.24E-04,3.26E-04,2.17E-05,7.00E-04,3.91E-04,5.19E-04,4.83E-04,1.80E-04,2.70E-04,3.92E-04,3.34E-04,2.14E-04,-8.37E-05
1639,4.32E-04,2.78E-04,5.55E-04,4.31E-04,3.86E-04,3.11E-04,2.00E-04,4.12E-04,3.17E-04,2.20E-05,6.78E-04,3.80E-04,5.03E-04,4.69E-04,1.71E-04,2.60E-04,3.74E-04,3.19E-04,2.07E-04,-8.34E-05
1640,4.24E-04,2.71E-04,5.44E-04,4.25E-04,3.76E-04,3.05E-04,1.92E-04,4.01E-04,3.08E-04,2.32E-05,6.56E-04,3.69E-04,4.88E-04,4.56E-04,1.63E-04,2.52E-04,3.56E-04,3.05E-04,2.01E-04,-8.24E-05
1641,4.17E-04,2.64E-04,5.33E-04,4.19E-04,3.67E-04,2.99E-04,1.85E-04,3.90E-04,3.00E-04,2.55E-05,6.36E-04,3.60E-04,4.73E-04,4.44E-04,1.56E-04,2.44E-04,3.39E-04,2.92E-04,1.95E-04,-8.06E-05
1642,4.10E-04,2.58E-04,5.22E-04,4.14E-04,3.58E-04,2.94E-04,1.78E-04,3.80E-04,2.92E-04,2.86E-05,6.16E-04,3.50E-04,4.59E-04,4.32E-04,1.50E-04,2.38E-04,3.21E-04,2.79E-04,1.90E-04,-7.81E-05
1643,4.03E-04,2.53E-04,5.12E-04,4.09E-04,3.50E-04,2.90E-04,1.72E-04,3.71E-04,2.85E-04,3.25E-05,5.97E-04,3.42E-04,4.46E-04,4.21E-04,1.45E-04,2.33E-04,3.05E-04,2.66E-04,1.85E-04,-7.49E-05
1644,3.97E-04,2.47E-04,5.01E-04,4.05E-04,3.41E-04,2.87E-04,1.66E-04,3.61E-04,2.78E-04,3.71E-05,5.79E-04,3.34E-04,4.33E-04,4.11E-04,1.42E-04,2.28E-04,2.89E-04,2.54E-04,1.81E-04,-7.10E-05
1645,3.90E-04,2.42E-04,4.91E-04,4.01E-04,3.33E-04,2.84E-04,1.60E-04,3.52E-04,2.71E-04,4.20E-05,5.61E-04,3.27E-04,4.21E-04,4.00E-04,1.39E-04,2.24E-04,2.73E-04,2.43E-04,1.76E-04,-6.67E-05
1646,3.84E-04,2.37E-04,4.80E-04,3.96E-04,3.25E-04,2.81E-04,1.55E-04,3.42E-04,2.64E-04,4.73E-05,5.43E-04,3.19E-04,4.08E-04,3.91E-04,1.38E-04,2.20E-04,2.59E-04,2.32E-04,1.72E-04,-6.18E-05
1647,3.77E-04,2.32E-04,4.69E-04,3.92E-04,3.17E-04,2.78E-04,1.49E-04,3.33E-04,2.57E-04,5.25E-05,5.26E-04,3.12E-04,3.96E-04,3.81E-04,1.36E-04,2.16E-04,2.44E-04,2.21E-04,1.68E-04,-5.67E-05
1648,3.70E-04,2.27E-04,4.58E-04,3.87E-04,3.09E-04,2.75E-04,1.44E-04,3.23E-04,2.50E-04,5.76E-05,5.08E-04,3.05E-04,3.84E-04,3.71E-04,1.35E-04,2.13E-04,2.31E-04,2.11E-04,1.64E-04,-5.13E-05
1649,3.62E-04,2.23E-04,4.47E-04,3.81E-04,3.00E-04,2.71E-04,1.38E-04,3.12E-04,2.43E-04,6.24E-05,4.90E-04,2.98E-04,3.72E-04,3.61E-04,1.34E-04,2.09E-04,2.18E-04,2.00E-04,1.59E-04,-4.58E-05
1650,3.54E-04,2.18E-04,4.35E-04,3.75E-04,2.91E-04,2.66E-04,1.32E-04,3.01E-04,2.35E-04,6.67E-05,4.72E-04,2.91E-04,3.60E-04,3.51E-04,1.32E-04,2.06E-04,2.05E-04,1.90E-04,1.55E-04,-4.04E-05
1651,3.46E-04,2.13E-04,4.23E-04,3.68E-04,2.81E-04,2.60E-04,1.26E-04,2.89E-04,2.26E-04,7.03E-05,4.53E-04,2.83E-04,3.47E-04,3.40E-04,1.31E-04,2.01E-04,1.93E-04,1.79E-04,1.50E-04,-3.51E-05
1652,3.36E-04,2.07E-04,4.10E-04,3.60E-04,2.70E-04,2.54E-04,1.19E-04,2.76E-04,2.17E-04,7.31E-05,4.33E-04,2.74E-04,3.33E-04,3.29E-04,1.28E-04,1.96E-04,1.81E-04,1.68E-04,1.45E-04,-3.01E-05
1653,3.26E-04,2.01E-04,3.97E-04,3.50E-04,2.59E-04,2.46E-04,1.11E-04,2.62E-04,2.08E-04,7.51E-05,4.13E-04,2.65E-04,3.19E-04,3.18E-04,1.25E-04,1.90E-04,1.69E-04,1.57E-04,1.40E-04,-2.55E-05
1654,3.15E-04,1.95E-04,3.83E-04,3.39E-04,2.46E-04,2.37E-04,1.03E-04,2.47E-04,1.97E-04,7.63E-05,3.92E-04,2.55E-04,3.04E-04,3.05E-04,1.20E-04,1.84E-04,1.57E-04,1.45E-04,1.34E-04,-2.13E-05
1655,3.03E-04,1.88E-04,3.68E-04,3.27E-04,2.32E-04,2.27E-04,9.49E-05,2.31E-04,1.86E-04,7.65E-05,3.71E-04,2.45E-04,2.88E-04,2.92E-04,1.15E-04,1.77E-04,1.44E-04,1.33E-04,1.27E-04,-1.75E-05
1656,2.91E-04,1.81E-04,3.52E-04,3.14E-04,2.18E-04,2.16E-04,8.58E-05,2.14E-04,1.74E-04,7.59E-05,3.49E-04,2.34E-04,2.71E-04,2.78E-04,1.08E-04,1.68E-04,1.32E-04,1.20E-04,1.20E-04,-1.43E-05
1657,2.77E-04,1.73E-04,3.36E-04,2.99E-04,2.02E-04,2.03E-04,7.61E-05,1.97E-04,1.61E-04,7.46E-05,3.26E-04,2.22E-04,2.54E-04,2.64E-04,1.01E-04,1.60E-04,1.19E-04,1.07E-04,1.13E-04,-1.15E-05
1658,2.62E-04,1.64E-04,3.19E-04,2.83E-04,1.85E-04,1.90E-04,6.59E-05,1.79E-04,1.48E-04,7.26E-05,3.03E-04,2.10E-04,2.37E-04,2.49E-04,9.23E-05,1.50E-04,1.06E-04,9.28E-05,1.05E-04,-9.23E-06
1659,2.46E-04,1.54E-04,3.01E-04,2.66E-04,1.67E-04,1.76E-04,5.52E-05,1.60E-04,1.34E-04,7.00E-05,2.79E-04,1.98E-04,2.18E-04,2.34E-04,8.30E-05,1.40E-04,9.16E-05,7.84E-05,9.71E-05,-7.38E-06
1660,2.30E-04,1.44E-04,2.82E-04,2.48E-04,1.49E-04,1.61E-04,4.41E-05,1.41E-04,1.20E-04,6.70E-05,2.56E-04,1.84E-04,2.00E-04,2.19E-04,7.30E-05,1.30E-04,7.71E-05,6.36E-05,8.88E-05,-5.87E-06
1661,2.13E-04,1.33E-04,2.64E-04,2.30E-04,1.30E-04,1.46E-04,3.28E-05,1.21E-04,1.06E-04,6.37E-05,2.32E-04,1.71E-04,1.81E-04,2.03E-04,6.24E-05,1.19E-04,6.21E-05,4.85E-05,8.04E-05,-4.62E-06
1662,1.95E-04,1.22E-04,2.44E-04,2.11E-04,1.10E-04,1.30E-04,2.13E-05,1.02E-04,9.21E-05,6.02E-05,2.09E-04,1.57E-04,1.62E-04,1.87E-04,5.16E-05,1.08E-04,4.65E-05,3.31E-05,7.19E-05,-3.52E-06
1663,1.76E-04,1.10E-04,2.25E-04,1.92E-04,9.03E-05,1.15E-04,9.74E-06,8.27E-05,7.79E-05,5.67E-05,1.85E-04,1.43E-04,1.44E-04,1.71E-04,4.06E-05,9.78E-05,3.05E-05,1.76E-05,6.34E-05,-2.46E-06
1664,1.58E-04,9.76E-05,2.05E-04,1.74E-04,7.06E-05,9.97E-05,-1.78E-06,6.38E-05,6.40E-05,5.33E-05,1.63E-04,1.30E-04,1.26E-04,1.55E-04,2.97E-05,8.78E-05,1.41E-05,2.17E-06,5.52E-05,-1.33E-06
1665,1.39E-04,8.51E-05,1.85E-04,1.55E-04,5.10E-05,8.51E-05,-1.31E-05,4.55E-05,5.03E-05,5.01E-05,1.41E-04,1.16E-04,1.08E-04,1.40E-04,1.91E-05,7.83E-05,-2.62E-06,-1.31E-05,4.72E-05,-1.49E-08
1666,1.20E-04,7.26E-05,1.66E-04,1.37E-04,3.20E-05,7.11E-05,-2.43E-05,2.78E-05,3.72E-05,4.71E-05,1.19E-04,1.03E-04,9.07E-05,1.24E-04,9.00E-06,6.95E-05,-1.95E-05,-2.80E-05,3.97E-05,1.59E-06
1667,1.01E-04,6.00E-05,1.47E-04,1.20E-04,1.36E-05,5.80E-05,-3.51E-05,1.09E-05,2.45E-05,4.44E-05,9.87E-05,8.98E-05,7.43E-05,1.10E-04,-5.48E-07,6.16E-05,-3.64E-05,-4.25E-05,3.26E-05,3.57E-06
1668,8.26E-05,4.76E-05,1.28E-04,1.04E-04,-4.08E-06,4.58E-05,-4.55E-05,-5.08E-06,1.25E-05,4.20E-05,7.91E-05,7.71E-05,5.87E-05,9.58E-05,-9.39E-06,5.46E-05,-5.33E-05,-5.64E-05,2.60E-05,6.00E-06
1669,6.44E-05,3.55E-05,1.10E-04,8.92E-05,-2.08E-05,3.46E-05,-5.56E-05,-2.02E-05,1.17E-06,4.00E-05,6.04E-05,6.49E-05,4.39E-05,8.24E-05,-1.75E-05,4.86E-05,-6.99E-05,-6.97E-05,2.00E-05,8.95E-06
1670,4.67E-05,2.35E-05,9.27E-05,7.49E-05,-3.65E-05,2.43E-05,-6.53E-05,-3.43E-05,-9.43E-06,3.83E-05,4.26E-05,5.31E-05,3.00E-05,6.98E-05,-2.47E-05,4.36E-05,-8.63E-05,-8.22E-05,1.45E-05,1.24E-05
1671,2.94E-05,1.19E-05,7.61E-05,6.17E-05,-5.12E-05,1.50E-05,-7.46E-05,-4.75E-05,-1.93E-05,3.69E-05,2.58E-05,4.19E-05,1.71E-05,5.80E-05,-3.11E-05,3.96E-05,-1.02E-04,-9.39E-05,9.60E-06,1.65E-05
1672,1.27E-05,6.45E-07,6.02E-05,4.92E-05,-6.49E-05,6.61E-06,-8.36E-05,-5.99E-05,-2.83E-05,3.57E-05,9.92E-06,3.11E-05,4.95E-06,4.70E-05,-3.68E-05,3.66E-05,-1.18E-04,-1.05E-04,5.19E-06,2.11E-05
1673,-3.47E-06,-1.03E-05,4.51E-05,3.75E-05,-7.75E-05,-1.08E-06,-9.25E-05,-7.16E-05,-3.66E-05,3.47E-05,-5.14E-06,2.07E-05,-6.38E-06,3.68E-05,-4.17E-05,3.44E-05,-1.32E-04,-1.15E-04,1.25E-06,2.63E-05
1674,-1.92E-05,-2.10E-05,3.07E-05,2.64E-05,-8.93E-05,-8.18E-06,-1.01E-04,-8.25E-05,-4.42E-05,3.39E-05,-1.94E-05,1.08E-05,-1.70E-05,2.74E-05,-4.60E-05,3.30E-05,-1.47E-04,-1.24E-04,-2.30E-06,3.19E-05
1675,-3.44E-05,-3.15E-05,1.70E-05,1.56E-05,-1.00E-04,-1.49E-05,-1.10E-04,-9.30E-05,-5.10E-05,3.31E-05,-3.30E-05,1.21E-06,-2.69E-05,1.88E-05,-4.97E-05,3.23E-05,-1.60E-04,-1.33E-04,-5.55E-06,3.79E-05
1676,-4.92E-05,-4.19E-05,3.80E-06,5.13E-06,-1.11E-04,-2.13E-05,-1.19E-04,-1.03E-04,-5.72E-05,3.22E-05,-4.61E-05,-8.06E-06,-3.64E-05,1.09E-05,-5.29E-05,3.20E-05,-1.73E-04,-1.41E-04,-8.57E-06,4.44E-05
1677,-6.38E-05,-5.22E-05,-8.88E-06,-5.32E-06,-1.20E-04,-2.77E-05,-1.27E-04,-1.13E-04,-6.27E-05,3.13E-05,-5.86E-05,-1.71E-05,-4.54E-05,3.57E-06,-5.58E-05,3.21E-05,-1.85E-04,-1.48E-04,-1.14E-05,5.11E-05
1678,-7.81E-05,-6.25E-05,-2.12E-05,-1.59E-05,-1.30E-04,-3.41E-05,-1.37E-04,-1.22E-04,-6.76E-05,3.03E-05,-7.08E-05,-2.59E-05,-5.40E-05,-3.15E-06,-5.84E-05,3.25E-05,-1.97E-04,-1.55E-04,-1.43E-05,5.79E-05
1679,-9.22E-05,-7.29E-05,-3.31E-05,-2.67E-05,-1.39E-04,-4.08E-05,-1.46E-04,-1.32E-04,-7.20E-05,2.90E-05,-8.27E-05,-3.45E-05,-6.24E-05,-9.40E-06,-6.08E-05,3.29E-05,-2.08E-04,-1.61E-04,-1.71E-05,6.49E-05
1680,-1.06E-04,-8.34E-05,-4.49E-05,-3.78E-05,-1.48E-04,-4.79E-05,-1.56E-04,-1.41E-04,-7.60E-05,2.76E-05,-9.44E-05,-4.31E-05,-7.07E-05,-1.52E-05,-6.31E-05,3.34E-05,-2.18E-04,-1.67E-04,-2.00E-05,7.18E-05
1681,-1.20E-04,-9.42E-05,-5.65E-05,-4.93E-05,-1.57E-04,-5.54E-05,-1.66E-04,-1.51E-04,-7.96E-05,2.59E-05,-1.06E-04,-5.16E-05,-7.88E-05,-2.08E-05,-6.53E-05,3.37E-05,-2.27E-04,-1.73E-04,-2.30E-05,7.86E-05
1682,-1.34E-04,-1.05E-04,-6.80E-05,-6.11E-05,-1.66E-04,-6.34E-05,-1.77E-04,-1.61E-04,-8.28E-05,2.39E-05,-1.17E-04,-6.01E-05,-8.68E-05,-2.61E-05,-6.75E-05,3.38E-05,-2.36E-04,-1.79E-04,-2.61E-05,8.53E-05
1683,-1.48E-04,-1.16E-04,-7.94E-05,-7.34E-05,-1.76E-04,-7.18E-05,-1.88E-04,-1.71E-04,-8.58E-05,2.16E-05,-1.29E-04,-6.86E-05,-9.48E-05,-3.12E-05,-6.97E-05,3.36E-05,-2.45E-04,-1.85E-04,-2.94E-05,9.16E-05
1684,-1.62E-04,-1.28E-04,-9.06E-05,-8.59E-05,-1.85E-04,-8.08E-05,-1.99E-04,-1.80E-04,-8.86E-05,1.91E-05,-1.40E-04,-7.70E-05,-1.03E-04,-3.62E-05,-7.19E-05,3.32E-05,-2.53E-04,-1.91E-04,-3.28E-05,9.75E-05
1685,-1.76E-04,-1.39E-04,-1.02E-04,-9.85E-05,-1.94E-04,-9.02E-05,-2.11E-04,-1.90E-04,-9.12E-05,1.63E-05,-1.51E-04,-8.53E-05,-1.11E-04,-4.12E-05,-7.40E-05,3.24E-05,-2.60E-04,-1.96E-04,-3.63E-05,1.03E-04
1686,-1.90E-04,-1.51E-04,-1.13E-04,-1.11E-04,-2.04E-04,-9.99E-05,-2.23E-04,-2.00E-04,-9.37E-05,1.34E-05,-1.62E-04,-9.36E-05,-1.18E-04,-4.61E-05,-7.61E-05,3.14E-05,-2.67E-04,-2.02E-04,-3.99E-05,1.08E-04
1687,-2.03E-04,-1.62E-04,-1.23E-04,-1.24E-04,-2.13E-04,-1.10E-04,-2.34E-04,-2.10E-04,-9.60E-05,1.03E-05,-1.73E-04,-1.02E-04,-1.26E-04,-5.09E-05,-7.82E-05,3.01E-05,-2.73E-04,-2.08E-04,-4.35E-05,1.12E-04
1688,-2.16E-04,-1.74E-04,-1.34E-04,-1.36E-04,-2.22E-04,-1.20E-04,-2.46E-04,-2.19E-04,-9.83E-05,7.05E-06,-1.84E-04,-1.10E-04,-1.33E-04,-5.57E-05,-8.01E-05,2.87E-05,-2.79E-04,-2.14E-04,-4.71E-05,1.16E-04
1689,-2.29E-04,-1.85E-04,-1.43E-04,-1.47E-04,-2.31E-04,-1.30E-04,-2.57E-04,-2.29E-04,-1.00E-04,3.79E-06,-1.94E-04,-1.17E-04,-1.41E-04,-6.04E-05,-8.19E-05,2.70E-05,-2.85E-04,-2.20E-04,-5.06E-05,1.19E-04
1690,-2.41E-04,-1.95E-04,-1.52E-04,-1.58E-04,-2.39E-04,-1.40E-04,-2.67E-04,-2.37E-04,-1.02E-04,5.46E-07,-2.04E-04,-1.25E-04,-1.47E-04,-6.49E-05,-8.35E-05,2.53E-05,-2.90E-04,-2.25E-04,-5.38E-05,1.21E-04
1691,-2.52E-04,-2.05E-04,-1.61E-04,-1.68E-04,-2.47E-04,-1.50E-04,-2.77E-04,-2.45E-04,-1.04E-04,-2.61E-06,-2.13E-04,-1.31E-04,-1.54E-04,-6.92E-05,-8.49E-05,2.36E-05,-2.94E-04,-2.30E-04,-5.69E-05,1.23E-04
1692,-2.62E-04,-2.14E-04,-1.68E-04,-1.76E-04,-2.54E-04,-1.59E-04,-2.86E-04,-2.52E-04,-1.06E-04,-5.62E-06,-2.22E-04,-1.38E-04,-1.59E-04,-7.31E-05,-8.60E-05,2.20E-05,-2.98E-04,-2.35E-04,-5.96E-05,1.24E-04
1693,-2.71E-04,-2.22E-04,-1.74E-04,-1.84E-04,-2.60E-04,-1.68E-04,-2.94E-04,-2.58E-04,-1.07E-04,-8.39E-06,-2.30E-04,-1.43E-04,-1.65E-04,-7.66E-05,-8.69E-05,2.06E-05,-3.02E-04,-2.40E-04,-6.19E-05,1.24E-04
1694,-2.78E-04,-2.30E-04,-1.80E-04,-1.89E-04,-2.65E-04,-1.76E-04,-3.01E-04,-2.64E-04,-1.08E-04,-1.09E-05,-2.37E-04,-1.48E-04,-1.69E-04,-7.97E-05,-8.74E-05,1.94E-05,-3.05E-04,-2.43E-04,-6.38E-05,1.24E-04
1695,-2.85E-04,-2.36E-04,-1.84E-04,-1.94E-04,-2.69E-04,-1.83E-04,-3.06E-04,-2.68E-04,-1.08E-04,-1.30E-05,-2.44E-04,-1.52E-04,-1.73E-04,-8.20E-05,-8.76E-05,1.85E-05,-3.07E-04,-2.47E-04,-6.52E-05,1.24E-04
1696,-2.89E-04,-2.40E-04,-1.86E-04,-1.97E-04,-2.72E-04,-1.89E-04,-3.10E-04,-2.70E-04,-1.08E-04,-1.46E-05,-2.49E-04,-1.55E-04,-1.76E-04,-8.37E-05,-8.74E-05,1.81E-05,-3.08E-04,-2.49E-04,-6.60E-05,1.23E-04
1697,-2.93E-04,-2.44E-04,-1.87E-04,-1.98E-04,-2.73E-04,-1.95E-04,-3.13E-04,-2.72E-04,-1.07E-04,-1.58E-05,-2.53E-04,-1.58E-04,-1.78E-04,-8.46E-05,-8.67E-05,1.82E-05,-3.09E-04,-2.50E-04,-6.62E-05,1.22E-04
1698,-2.94E-04,-2.45E-04,-1.87E-04,-1.98E-04,-2.73E-04,-1.99E-04,-3.13E-04,-2.72E-04,-1.05E-04,-1.64E-05,-2.56E-04,-1.59E-04,-1.79E-04,-8.46E-05,-8.54E-05,1.88E-05,-3.09E-04,-2.50E-04,-6.57E-05,1.21E-04
1699,-2.94E-04,-2.46E-04,-1.86E-04,-1.95E-04,-2.71E-04,-2.02E-04,-3.12E-04,-2.70E-04,-1.03E-04,-1.64E-05,-2.57E-04,-1.58E-04,-1.80E-04,-8.38E-05,-8.36E-05,2.01E-05,-3.08E-04,-2.50E-04,-6.45E-05,1.20E-04
1700,-2.93E-04,-2.44E-04,-1.82E-04,-1.91E-04,-2.68E-04,-2.03E-04,-3.09E-04,-2.67E-04,-9.92E-05,-1.58E-05,-2.58E-04,-1.57E-04,-1.79E-04,-8.20E-05,-8.12E-05,2.21E-05,-3.07E-04,-2.48E-04,-6.26E-05,1.19E-04
1701,-2.89E-04,-2.41E-04,-1.78E-04,-1.86E-04,-2.63E-04,-2.04E-04,-3.04E-04,-2.63E-04,-9.46E-05,-1.45E-05,-2.57E-04,-1.55E-04,-1.77E-04,-7.93E-05,-7.79E-05,2.48E-05,-3.04E-04,-2.45E-04,-5.98E-05,1.18E-04
1702,-2.84E-04,-2.36E-04,-1.71E-04,-1.79E-04,-2.56E-04,-2.02E-04,-2.98E-04,-2.56E-04,-8.90E-05,-1.25E-05,-2.54E-04,-1.51E-04,-1.74E-04,-7.57E-05,-7.39E-05,2.84E-05,-3.00E-04,-2.40E-04,-5.63E-05,1.19E-04
1703,-2.78E-04,-2.30E-04,-1.64E-04,-1.70E-04,-2.48E-04,-2.00E-04,-2.89E-04,-2.49E-04,-8.23E-05,-9.82E-06,-2.51E-04,-1.46E-04,-1.70E-04,-7.12E-05,-6.90E-05,3.27E-05,-2.95E-04,-2.35E-04,-5.20E-05,1.19E-04
1704,-2.69E-04,-2.22E-04,-1.55E-04,-1.59E-04,-2.38E-04,-1.95E-04,-2.79E-04,-2.39E-04,-7.46E-05,-6.50E-06,-2.46E-04,-1.40E-04,-1.65E-04,-6.60E-05,-6.30E-05,3.80E-05,-2.88E-04,-2.28E-04,-4.68E-05,1.21E-04
1705,-2.59E-04,-2.12E-04,-1.44E-04,-1.47E-04,-2.26E-04,-1.89E-04,-2.67E-04,-2.29E-04,-6.60E-05,-2.54E-06,-2.40E-04,-1.32E-04,-1.59E-04,-6.00E-05,-5.61E-05,4.41E-05,-2.81E-04,-2.20E-04,-4.08E-05,1.23E-04
1706,-2.48E-04,-2.01E-04,-1.32E-04,-1.34E-04,-2.13E-04,-1.82E-04,-2.52E-04,-2.16E-04,-5.64E-05,1.99E-06,-2.33E-04,-1.24E-04,-1.52E-04,-5.33E-05,-4.80E-05,5.11E-05,-2.72E-04,-2.11E-04,-3.39E-05,1.26E-04
1707,-2.35E-04,-1.87E-04,-1.19E-04,-1.19E-04,-1.99E-04,-1.73E-04,-2.37E-04,-2.03E-04,-4.59E-05,7.05E-06,-2.25E-04,-1.14E-04,-1.44E-04,-4.61E-05,-3.87E-05,5.89E-05,-2.61E-04,-2.00E-04,-2.62E-05,1.30E-04
1708,-2.20E-04,-1.73E-04,-1.05E-04,-1.03E-04,-1.83E-04,-1.62E-04,-2.19E-04,-1.88E-04,-3.48E-05,1.26E-05,-2.15E-04,-1.03E-04,-1.35E-04,-3.85E-05,-2.82E-05,6.76E-05,-2.50E-04,-1.89E-04,-1.78E-05,1.35E-04
1709,-2.04E-04,-1.57E-04,-8.95E-05,-8.53E-05,-1.66E-04,-1.50E-04,-2.01E-04,-1.72E-04,-2.32E-05,1.84E-05,-2.05E-04,-9.19E-05,-1.25E-04,-3.05E-05,-1.66E-05,7.71E-05,-2.37E-04,-1.76E-04,-8.73E-06,1.40E-04
1710,-1.87E-04,-1.39E-04,-7.31E-05,-6.67E-05,-1.48E-04,-1.37E-04,-1.81E-04,-1.55E-04,-1.11E-05,2.46E-05,-1.94E-04,-7.94E-05,-1.14E-04,-2.22E-05,-3.81E-06,8.74E-05,-2.22E-04,-1.63E-04,1.02E-06,1.46E-04
1711,-1.68E-04,-1.20E-04,-5.58E-05,-4.70E-05,-1.29E-04,-1.22E-04,-1.60E-04,-1.38E-04,1.29E-06,3.10E-05,-1.82E-04,-6.61E-05,-1.03E-04,-1.38E-05,1.01E-05,9.83E-05,-2.07E-04,-1.49E-04,1.13E-05,1.53E-04
1712,-1.49E-04,-1.00E-04,-3.78E-05,-2.65E-05,-1.09E-04,-1.07E-04,-1.37E-04,-1.20E-04,1.38E-05,3.74E-05,-1.69E-04,-5.22E-05,-9.03E-05,-5.20E-06,2.49E-05,1.10E-04,-1.90E-04,-1.34E-04,2.21E-05,1.59E-04
1713,-1.28E-04,-7.93E-05,-1.90E-05,-5.20E-06,-8.91E-05,-9.07E-05,-1.15E-04,-1.01E-04,2.62E-05,4.38E-05,-1.55E-04,-3.77E-05,-7.74E-05,3.44E-06,4.07E-05,1.22E-04,-1.72E-04,-1.18E-04,3.32E-05,1.66E-04
1714,-1.06E-04,-5.74E-05,3.05E-07,1.66E-05,-6.89E-05,-7.40E-05,-9.12E-05,-8.24E-05,3.86E-05,5.01E-05,-1.41E-04,-2.26E-05,-6.39E-05,1.21E-05,5.72E-05,1.34E-04,-1.54E-04,-1.02E-04,4.46E-05,1.73E-04
1715,-8.35E-05,-3.47E-05,2.00E-05,3.89E-05,-4.86E-05,-5.70E-05,-6.73E-05,-6.36E-05,5.07E-05,5.62E-05,-1.27E-04,-7.22E-06,-5.00E-05,2.08E-05,7.42E-05,1.47E-04,-1.34E-04,-8.49E-05,5.61E-05,1.79E-04
1716,-6.00E-05,-1.14E-05,4.01E-05,6.15E-05,-2.84E-05,-3.99E-05,-4.33E-05,-4.48E-05,6.25E-05,6.21E-05,-1.12E-04,8.47E-06,-3.58E-05,2.94E-05,9.16E-05,1.60E-04,-1.14E-04,-6.77E-05,6.76E-05,1.86E-04
1717,-3.58E-05,1.23E-05,6.03E-05,8.41E-05,-8.47E-06,-2.29E-05,-1.92E-05,-2.63E-05,7.39E-05,6.76E-05,-9.67E-05,2.44E-05,-2.14E-05,3.81E-05,1.09E-04,1.73E-04,-9.35E-05,-5.02E-05,7.91E-05,1.91E-04
1718,-1.10E-05,3.64E-05,8.06E-05,1.07E-04,1.11E-05,-6.04E-06,4.82E-06,-8.19E-06,8.49E-05,7.27E-05,-8.12E-05,4.03E-05,-6.90E-06,4.67E-05,1.27E-04,1.86E-04,-7.27E-05,-3.25E-05,9.03E-05,1.96E-04
1719,1.43E-05,6.06E-05,1.01E-04,1.29E-04,3.01E-05,1.04E-05,2.86E-05,9.53E-06,9.54E-05,7.74E-05,-6.54E-05,5.63E-05,7.60E-06,5.52E-05,1.44E-04,1.98E-04,-5.17E-05,-1.46E-05,1.01E-04,2.00E-04
1720,3.98E-05,8.49E-05,1.21E-04,1.51E-04,4.87E-05,2.64E-05,5.21E-05,2.68E-05,1.06E-04,8.15E-05,-4.95E-05,7.23E-05,2.20E-05,6.38E-05,1.61E-04,2.11E-04,-3.07E-05,3.29E-06,1.12E-04,2.03E-04
1721,6.56E-05,1.09E-04,1.41E-04,1.73E-04,6.66E-05,4.19E-05,7.52E-05,4.35E-05,1.15E-04,8.52E-05,-3.35E-05,8.80E-05,3.63E-05,7.23E-05,1.77E-04,2.23E-04,-9.98E-06,2.12E-05,1.22E-04,2.06E-04
1722,9.15E-05,1.33E-04,1.60E-04,1.95E-04,8.41E-05,5.68E-05,9.79E-05,5.97E-05,1.25E-04,8.85E-05,-1.76E-05,1.04E-04,5.02E-05,8.08E-05,1.92E-04,2.34E-04,1.05E-05,3.89E-05,1.32E-04,2.07E-04
1723,1.17E-04,1.57E-04,1.79E-04,2.16E-04,1.01E-04,7.13E-05,1.20E-04,7.53E-05,1.34E-04,9.12E-05,-1.81E-06,1.19E-04,6.39E-05,8.92E-05,2.07E-04,2.45E-04,3.04E-05,5.65E-05,1.41E-04,2.08E-04
1724,1.43E-04,1.80E-04,1.98E-04,2.36E-04,1.17E-04,8.53E-05,1.42E-04,9.06E-05,1.43E-04,9.35E-05,1.38E-05,1.34E-04,7.72E-05,9.75E-05,2.20E-04,2.55E-04,4.98E-05,7.38E-05,1.50E-04,2.07E-04
1725,1.68E-04,2.03E-04,2.16E-04,2.56E-04,1.33E-04,9.89E-05,1.63E-04,1.05E-04,1.52E-04,9.54E-05,2.91E-05,1.48E-04,9.01E-05,1.06E-04,2.32E-04,2.65E-04,6.85E-05,9.09E-05,1.59E-04,2.06E-04
1726,1.93E-04,2.25E-04,2.33E-04,2.76E-04,1.49E-04,1.12E-04,1.85E-04,1.20E-04,1.61E-04,9.69E-05,4.39E-05,1.62E-04,1.03E-04,1.14E-04,2.43E-04,2.73E-04,8.64E-05,1.08E-04,1.66E-04,2.05E-04
1727,2.18E-04,2.47E-04,2.50E-04,2.95E-04,1.65E-04,1.26E-04,2.05E-04,1.34E-04,1.70E-04,9.81E-05,5.83E-05,1.75E-04,1.14E-04,1.22E-04,2.53E-04,2.81E-04,1.03E-04,1.24E-04,1.74E-04,2.03E-04
1728,2.41E-04,2.68E-04,2.65E-04,3.13E-04,1.80E-04,1.39E-04,2.25E-04,1.48E-04,1.78E-04,9.90E-05,7.21E-05,1.88E-04,1.26E-04,1.29E-04,2.62E-04,2.88E-04,1.20E-04,1.39E-04,1.80E-04,2.00E-04
1729,2.64E-04,2.89E-04,2.80E-04,3.31E-04,1.95E-04,1.52E-04,2.45E-04,1.62E-04,1.87E-04,9.96E-05,8.51E-05,2.00E-04,1.37E-04,1.36E-04,2.69E-04,2.95E-04,1.35E-04,1.55E-04,1.87E-04,1.97E-04
1730,2.86E-04,3.08E-04,2.94E-04,3.49E-04,2.10E-04,1.65E-04,2.65E-04,1.75E-04,1.95E-04,1.00E-04,9.74E-05,2.11E-04,1.47E-04,1.43E-04,2.75E-04,3.00E-04,1.49E-04,1.69E-04,1.92E-04,1.93E-04
1731,3.07E-04,3.27E-04,3.07E-04,3.65E-04,2.24E-04,1.78E-04,2.84E-04,1.88E-04,2.04E-04,1.00E-04,1.09E-04,2.22E-04,1.57E-04,1.49E-04,2.80E-04,3.05E-04,1.62E-04,1.83E-04,1.98E-04,1.90E-04
1732,3.27E-04,3.45E-04,3.19E-04,3.81E-04,2.38E-04,1.91E-04,3.02E-04,2.01E-04,2.12E-04,1.00E-04,1.19E-04,2.32E-04,1.65E-04,1.55E-04,2.84E-04,3.09E-04,1.74E-04,1.96E-04,2.02E-04,1.86E-04
1733,3.45E-04,3.61E-04,3.30E-04,3.96E-04,2.52E-04,2.05E-04,3.20E-04,2.14E-04,2.19E-04,1.00E-04,1.28E-04,2.41E-04,1.74E-04,1.60E-04,2.87E-04,3.12E-04,1.84E-04,2.09E-04,2.06E-04,1.81E-04
1734,3.62E-04,3.77E-04,3.40E-04,4.11E-04,2.65E-04,2.17E-04,3.37E-04,2.25E-04,2.26E-04,1.00E-04,1.37E-04,2.49E-04,1.81E-04,1.64E-04,2.89E-04,3.14E-04,1.94E-04,2.21E-04,2.10E-04,1.77E-04
1735,3.78E-04,3.92E-04,3.48E-04,4.24E-04,2.78E-04,2.30E-04,3.53E-04,2.36E-04,2.33E-04,9.97E-05,1.44E-04,2.56E-04,1.88E-04,1.68E-04,2.90E-04,3.16E-04,2.02E-04,2.32E-04,2.13E-04,1.72E-04
1736,3.92E-04,4.05E-04,3.55E-04,4.35E-04,2.89E-04,2.42E-04,3.68E-04,2.46E-04,2.38E-04,9.90E-05,1.49E-04,2.61E-04,1.94E-04,1.70E-04,2.90E-04,3.16E-04,2.10E-04,2.42E-04,2.15E-04,1.67E-04
1737,4.04E-04,4.17E-04,3.61E-04,4.46E-04,2.99E-04,2.53E-04,3.81E-04,2.55E-04,2.43E-04,9.79E-05,1.54E-04,2.66E-04,1.99E-04,1.72E-04,2.89E-04,3.16E-04,2.16E-04,2.51E-04,2.17E-04,1.61E-04
1738,4.15E-04,4.27E-04,3.65E-04,4.54E-04,3.08E-04,2.62E-04,3.93E-04,2.62E-04,2.47E-04,9.64E-05,1.57E-04,2.69E-04,2.02E-04,1.73E-04,2.88E-04,3.15E-04,2.20E-04,2.59E-04,2.17E-04,1.55E-04
1739,4.24E-04,4.36E-04,3.68E-04,4.61E-04,3.15E-04,2.70E-04,4.03E-04,2.68E-04,2.49E-04,9.44E-05,1.58E-04,2.72E-04,2.05E-04,1.74E-04,2.85E-04,3.14E-04,2.24E-04,2.66E-04,2.17E-04,1.48E-04
1740,4.31E-04,4.43E-04,3.69E-04,4.66E-04,3.21E-04,2.77E-04,4.11E-04,2.71E-04,2.50E-04,9.18E-05,1.58E-04,2.72E-04,2.06E-04,1.73E-04,2.82E-04,3.11E-04,2.26E-04,2.72E-04,2.16E-04,1.41E-04
1741,4.36E-04,4.49E-04,3.68E-04,4.69E-04,3.24E-04,2.82E-04,4.16E-04,2.73E-04,2.50E-04,8.84E-05,1.57E-04,2.72E-04,2.07E-04,1.71E-04,2.77E-04,3.08E-04,2.27E-04,2.77E-04,2.15E-04,1.34E-04
1742,4.39E-04,4.53E-04,3.66E-04,4.70E-04,3.25E-04,2.84E-04,4.20E-04,2.72E-04,2.48E-04,8.43E-05,1.54E-04,2.69E-04,2.05E-04,1.68E-04,2.72E-04,3.04E-04,2.26E-04,2.80E-04,2.12E-04,1.26E-04
1743,4.40E-04,4.56E-04,3.63E-04,4.68E-04,3.25E-04,2.85E-04,4.21E-04,2.69E-04,2.45E-04,7.92E-05,1.49E-04,2.66E-04,2.02E-04,1.64E-04,2.65E-04,2.99E-04,2.24E-04,2.83E-04,2.09E-04,1.18E-04
1744,4.40E-04,4.56E-04,3.58E-04,4.64E-04,3.22E-04,2.83E-04,4.20E-04,2.64E-04,2.40E-04,7.31E-05,1.42E-04,2.60E-04,1.98E-04,1.59E-04,2.57E-04,2.93E-04,2.21E-04,2.84E-04,2.05E-04,1.09E-04
1745,4.37E-04,4.55E-04,3.51E-04,4.58E-04,3.17E-04,2.79E-04,4.16E-04,2.57E-04,2.34E-04,6.60E-05,1.34E-04,2.53E-04,1.92E-04,1.53E-04,2.48E-04,2.86E-04,2.16E-04,2.83E-04,2.00E-04,9.97E-05
1746,4.32E-04,4.52E-04,3.43E-04,4.50E-04,3.10E-04,2.72E-04,4.10E-04,2.48E-04,2.26E-04,5.79E-05,1.24E-04,2.44E-04,1.84E-04,1.46E-04,2.37E-04,2.79E-04,2.10E-04,2.81E-04,1.95E-04,9.04E-05
1747,4.25E-04,4.47E-04,3.33E-04,4.40E-04,3.02E-04,2.64E-04,4.02E-04,2.36E-04,2.17E-04,4.88E-05,1.12E-04,2.34E-04,1.75E-04,1.38E-04,2.26E-04,2.70E-04,2.02E-04,2.78E-04,1.89E-04,8.08E-05
1748,4.17E-04,4.41E-04,3.23E-04,4.28E-04,2.92E-04,2.54E-04,3.92E-04,2.23E-04,2.07E-04,3.88E-05,9.90E-05,2.22E-04,1.64E-04,1.28E-04,2.12E-04,2.60E-04,1.93E-04,2.74E-04,1.82E-04,7.12E-05
1749,4.06E-04,4.33E-04,3.11E-04,4.14E-04,2.81E-04,2.43E-04,3.80E-04,2.08E-04,1.96E-04,2.80E-05,8.43E-05,2.08E-04,1.52E-04,1.18E-04,1.98E-04,2.50E-04,1.82E-04,2.68E-04,1.75E-04,6.17E-05
1750,3.94E-04,4.24E-04,2.97E-04,4.00E-04,2.70E-04,2.30E-04,3.66E-04,1.92E-04,1.84E-04,1.65E-05,6.83E-05,1.93E-04,1.38E-04,1.06E-04,1.82E-04,2.38E-04,1.70E-04,2.61E-04,1.67E-04,5.22E-05
1751,3.80E-04,4.14E-04,2.83E-04,3.84E-04,2.57E-04,2.17E-04,3.52E-04,1.75E-04,1.71E-04,4.53E-06,5.12E-05,1.77E-04,1.24E-04,9.36E-05,1.66E-04,2.25E-04,1.57E-04,2.53E-04,1.59E-04,4.30E-05
1752,3.65E-04,4.02E-04,2.68E-04,3.67E-04,2.44E-04,2.03E-04,3.36E-04,1.58E-04,1.59E-04,-7.66E-06,3.31E-05,1.59E-04,1.08E-04,8.04E-05,1.48E-04,2.12E-04,1.42E-04,2.44E-04,1.51E-04,3.40E-05
1753,3.48E-04,3.89E-04,2.53E-04,3.50E-04,2.31E-04,1.90E-04,3.20E-04,1.40E-04,1.46E-04,-1.99E-05,1.43E-05,1.41E-04,9.19E-05,6.65E-05,1.29E-04,1.98E-04,1.27E-04,2.35E-04,1.42E-04,2.54E-05
1754,3.30E-04,3.75E-04,2.36E-04,3.32E-04,2.19E-04,1.76E-04,3.03E-04,1.22E-04,1.33E-04,-3.18E-05,-4.87E-06,1.22E-04,7.52E-05,5.22E-05,1.10E-04,1.84E-04,1.10E-04,2.24E-04,1.34E-04,1.72E-05
1755,3.12E-04,3.60E-04,2.20E-04,3.15E-04,2.06E-04,1.64E-04,2.85E-04,1.04E-04,1.21E-04,-4.31E-05,-2.42E-05,1.03E-04,5.84E-05,3.77E-05,9.05E-05,1.69E-04,9.25E-05,2.14E-04,1.26E-04,9.37E-06
1756,2.92E-04,3.44E-04,2.03E-04,2.97E-04,1.94E-04,1.52E-04,2.68E-04,8.72E-05,1.09E-04,-5.37E-05,-4.34E-05,8.33E-05,4.15E-05,2.30E-05,7.07E-05,1.53E-04,7.43E-05,2.03E-04,1.18E-04,1.98E-06
1757,2.72E-04,3.28E-04,1.86E-04,2.80E-04,1.83E-04,1.41E-04,2.51E-04,7.08E-05,9.78E-05,-6.32E-05,-6.21E-05,6.37E-05,2.50E-05,8.51E-06,5.10E-05,1.38E-04,5.56E-05,1.91E-04,1.10E-04,-4.97E-06
1758,2.51E-04,3.12E-04,1.69E-04,2.64E-04,1.73E-04,1.31E-04,2.34E-04,5.52E-05,8.75E-05,-7.14E-05,-8.02E-05,4.44E-05,9.00E-06,-5.70E-06,3.16E-05,1.22E-04,3.65E-05,1.81E-04,1.02E-04,-1.15E-05
1759,2.30E-04,2.95E-04,1.52E-04,2.48E-04,1.63E-04,1.23E-04,2.17E-04,4.05E-05,7.82E-05,-7.82E-05,-9.74E-05,2.56E-05,-6.26E-06,-1.94E-05,1.27E-05,1.07E-04,1.73E-05,1.70E-04,9.45E-05,-1.76E-05
1760,2.09E-04,2.78E-04,1.35E-04,2.32E-04,1.54E-04,1.16E-04,2.01E-04,2.67E-05,6.98E-05,-8.34E-05,-1.14E-04,7.37E-06,-2.06E-05,-3.25E-05,-5.60E-06,9.23E-05,-1.86E-06,1.60E-04,8.74E-05,-2.33E-05
1761,1.89E-04,2.61E-04,1.18E-04,2.18E-04,1.45E-04,1.10E-04,1.85E-04,1.39E-05,6.25E-05,-8.70E-05,-1.29E-04,-1.00E-05,-3.40E-05,-4.48E-05,-2.30E-05,7.80E-05,-2.08E-05,1.50E-04,8.07E-05,-2.87E-05
1762,1.68E-04,2.45E-04,1.02E-04,2.04E-04,1.37E-04,1.05E-04,1.70E-04,1.87E-06,5.61E-05,-8.90E-05,-1.42E-04,-2.65E-05,-4.63E-05,-5.63E-05,-3.95E-05,6.43E-05,-3.93E-05,1.41E-04,7.44E-05,-3.37E-05
1763,1.48E-04,2.28E-04,8.70E-05,1.90E-04,1.30E-04,1.01E-04,1.54E-04,-9.37E-06,5.06E-05,-8.95E-05,-1.55E-04,-4.20E-05,-5.76E-05,-6.70E-05,-5.50E-05,5.12E-05,-5.72E-05,1.32E-04,6.84E-05,-3.84E-05
1764,1.29E-04,2.11E-04,7.20E-05,1.77E-04,1.23E-04,9.79E-05,1.39E-04,-2.00E-05,4.59E-05,-8.85E-05,-1.66E-04,-5.66E-05,-6.78E-05,-7.68E-05,-6.94E-05,3.89E-05,-7.44E-05,1.24E-04,6.29E-05,-4.28E-05
1765,1.10E-04,1.95E-04,5.77E-05,1.64E-04,1.16E-04,9.51E-05,1.25E-04,-3.02E-05,4.19E-05,-8.64E-05,-1.77E-04,-7.02E-05,-7.70E-05,-8.59E-05,-8.28E-05,2.74E-05,-9.08E-05,1.17E-04,5.76E-05,-4.69E-05
1766,9.15E-05,1.79E-04,4.38E-05,1.51E-04,1.09E-04,9.24E-05,1.10E-04,-4.00E-05,3.84E-05,-8.33E-05,-1.86E-04,-8.29E-05,-8.55E-05,-9.44E-05,-9.52E-05,1.65E-05,-1.06E-04,1.10E-04,5.27E-05,-5.07E-05
1767,7.36E-05,1.64E-04,3.05E-05,1.38E-04,1.01E-04,8.96E-05,9.51E-05,-4.98E-05,3.52E-05,-7.95E-05,-1.95E-04,-9.48E-05,-9.33E-05,-1.02E-04,-1.07E-04,6.31E-06,-1.21E-04,1.04E-04,4.80E-05,-5.44E-05
1768,5.61E-05,1.48E-04,1.77E-05,1.26E-04,9.38E-05,8.64E-05,8.02E-05,-5.97E-05,3.21E-05,-7.53E-05,-2.04E-04,-1.06E-04,-1.01E-04,-1.10E-04,-1.18E-04,-3.42E-06,-1.34E-04,9.72E-05,4.35E-05,-5.79E-05
1769,3.91E-05,1.33E-04,5.17E-06,1.13E-04,8.57E-05,8.25E-05,6.53E-05,-6.98E-05,2.89E-05,-7.11E-05,-2.12E-04,-1.17E-04,-1.08E-04,-1.18E-04,-1.28E-04,-1.28E-05,-1.47E-04,9.08E-05,3.92E-05,-6.13E-05
1770,2.23E-05,1.17E-04,-7.05E-06,9.94E-05,7.69E-05,7.77E-05,5.00E-05,-8.03E-05,2.54E-05,-6.72E-05,-2.21E-04,-1.27E-04,-1.15E-04,-1.25E-04,-1.38E-04,-2.20E-05,-1.58E-04,8.42E-05,3.48E-05,-6.46E-05
1771,5.61E-06,1.02E-04,-1.91E-05,8.56E-05,6.74E-05,7.17E-05,3.46E-05,-9.12E-05,2.15E-05,-6.38E-05,-2.30E-04,-1.37E-04,-1.22E-04,-1.33E-04,-1.48E-04,-3.12E-05,-1.69E-04,7.73E-05,3.03E-05,-6.79E-05
1772,-1.10E-05,8.64E-05,-3.12E-05,7.12E-05,5.71E-05,6.44E-05,1.88E-05,-1.03E-04,1.70E-05,-6.12E-05,-2.40E-04,-1.48E-04,-1.30E-04,-1.42E-04,-1.58E-04,-4.05E-05,-1.79E-04,6.99E-05,2.56E-05,-7.14E-05
1773,-2.76E-05,7.06E-05,-4.33E-05,5.62E-05,4.59E-05,5.57E-05,2.69E-06,-1.15E-04,1.18E-05,-5.98E-05,-2.51E-04,-1.58E-04,-1.39E-04,-1.51E-04,-1.68E-04,-5.02E-05,-1.88E-04,6.19E-05,2.06E-05,-7.51E-05
1774,-4.44E-05,5.44E-05,-5.56E-05,4.06E-05,3.38E-05,4.55E-05,-1.37E-05,-1.28E-04,5.80E-06,-5.95E-05,-2.63E-04,-1.68E-04,-1.48E-04,-1.61E-04,-1.79E-04,-6.03E-05,-1.97E-04,5.31E-05,1.52E-05,-7.91E-05
1775,-6.15E-05,3.78E-05,-6.82E-05,2.44E-05,2.07E-05,3.38E-05,-3.04E-05,-1.41E-04,-1.07E-06,-6.05E-05,-2.76E-04,-1.79E-04,-1.58E-04,-1.72E-04,-1.90E-04,-7.10E-05,-2.05E-04,4.35E-05,9.35E-06,-8.35E-05
1776,-7.87E-05,2.08E-05,-8.12E-05,7.57E-06,6.71E-06,2.07E-05,-4.73E-05,-1.55E-04,-8.79E-06,-6.29E-05,-2.89E-04,-1.89E-04,-1.68E-04,-1.83E-04,-2.02E-04,-8.24E-05,-2.13E-04,3.32E-05,2.96E-06,-8.84E-05
1777,-9.62E-05,3.43E-06,-9.46E-05,-9.76E-06,-8.12E-06,6.08E-06,-6.45E-05,-1.70E-04,-1.74E-05,-6.66E-05,-3.04E-04,-2.01E-04,-1.80E-04,-1.96E-04,-2.14E-04,-9.44E-05,-2.21E-04,2.20E-05,-4.01E-06,-9.40E-05
1778,-1.14E-04,-1.43E-05,-1.08E-04,-2.75E-05,-2.37E-05,-9.76E-06,-8.18E-05,-1.84E-04,-2.67E-05,-7.15E-05,-3.19E-04,-2.12E-04,-1.92E-04,-2.09E-04,-2.26E-04,-1.07E-04,-2.29E-04,1.01E-05,-1.16E-05,-1.00E-04
1779,-1.32E-04,-3.24E-05,-1.23E-04,-4.56E-05,-4.00E-05,-2.67E-05,-9.91E-05,-2.00E-04,-3.67E-05,-7.76E-05,-3.35E-04,-2.23E-04,-2.05E-04,-2.22E-04,-2.39E-04,-1.20E-04,-2.37E-04,-2.36E-06,-1.98E-05,-1.07E-04
1780,-1.50E-04,-5.07E-05,-1.37E-04,-6.38E-05,-5.68E-05,-4.46E-05,-1.16E-04,-2.15E-04,-4.72E-05,-8.46E-05,-3.51E-04,-2.34E-04,-2.18E-04,-2.36E-04,-2.52E-04,-1.34E-04,-2.45E-04,-1.53E-05,-2.85E-05,-1.15E-04
1781,-1.67E-04,-6.89E-05,-1.52E-04,-8.21E-05,-7.41E-05,-6.31E-05,-1.34E-04,-2.30E-04,-5.82E-05,-9.24E-05,-3.67E-04,-2.45E-04,-2.31E-04,-2.49E-04,-2.65E-04,-1.48E-04,-2.53E-04,-2.85E-05,-3.77E-05,-1.24E-04
1782,-1.85E-04,-8.71E-05,-1.67E-04,-1.00E-04,-9.15E-05,-8.21E-05,-1.51E-04,-2.46E-04,-6.95E-05,-1.01E-04,-3.83E-04,-2.56E-04,-2.45E-04,-2.63E-04,-2.79E-04,-1.63E-04,-2.62E-04,-4.18E-05,-4.73E-05,-1.33E-04
1783,-2.02E-04,-1.05E-04,-1.82E-04,-1.18E-04,-1.09E-04,-1.01E-04,-1.68E-04,-2.61E-04,-8.09E-05,-1.09E-04,-3.99E-04,-2.66E-04,-2.59E-04,-2.76E-04,-2.92E-04,-1.77E-04,-2.70E-04,-5.51E-05,-5.73E-05,-1.44E-04
1784,-2.18E-04,-1.22E-04,-1.96E-04,-1.35E-04,-1.26E-04,-1.20E-04,-1.84E-04,-2.76E-04,-9.23E-05,-1.18E-04,-4.14E-04,-2.75E-04,-2.72E-04,-2.89E-04,-3.05E-04,-1.91E-04,-2.79E-04,-6.80E-05,-6.74E-05,-1.54E-04
1785,-2.33E-04,-1.39E-04,-2.11E-04,-1.52E-04,-1.43E-04,-1.39E-04,-2.00E-04,-2.90E-04,-1.04E-04,-1.27E-04,-4.28E-04,-2.84E-04,-2.85E-04,-3.01E-04,-3.17E-04,-2.05E-04,-2.87E-04,-8.05E-05,-7.75E-05,-1.66E-04
1786,-2.48E-04,-1.54E-04,-2.24E-04,-1.68E-04,-1.60E-04,-1.57E-04,-2.15E-04,-3.04E-04,-1.15E-04,-1.35E-04,-4.41E-04,-2.92E-04,-2.97E-04,-3.12E-04,-3.28E-04,-2.18E-04,-2.95E-04,-9.25E-05,-8.75E-05,-1.77E-04
1787,-2.61E-04,-1.69E-04,-2.37E-04,-1.83E-04,-1.76E-04,-1.75E-04,-2.30E-04,-3.18E-04,-1.25E-04,-1.43E-04,-4.53E-04,-2.99E-04,-3.09E-04,-3.23E-04,-3.39E-04,-2.30E-04,-3.03E-04,-1.04E-04,-9.73E-05,-1.89E-04
1788,-2.73E-04,-1.82E-04,-2.50E-04,-1.98E-04,-1.91E-04,-1.91E-04,-2.44E-04,-3.30E-04,-1.36E-04,-1.51E-04,-4.63E-04,-3.05E-04,-3.20E-04,-3.32E-04,-3.49E-04,-2.42E-04,-3.11E-04,-1.14E-04,-1.07E-04,-2.01E-04
1789,-2.84E-04,-1.94E-04,-2.61E-04,-2.11E-04,-2.05E-04,-2.07E-04,-2.57E-04,-3.42E-04,-1.46E-04,-1.58E-04,-4.73E-04,-3.10E-04,-3.30E-04,-3.41E-04,-3.58E-04,-2.53E-04,-3.18E-04,-1.24E-04,-1.16E-04,-2.12E-04
1790,-2.93E-04,-2.05E-04,-2.72E-04,-2.24E-04,-2.18E-04,-2.21E-04,-2.70E-04,-3.54E-04,-1.55E-04,-1.64E-04,-4.82E-04,-3.15E-04,-3.40E-04,-3.49E-04,-3.66E-04,-2.63E-04,-3.24E-04,-1.33E-04,-1.24E-04,-2.23E-04
1791,-3.01E-04,-2.14E-04,-2.81E-04,-2.35E-04,-2.31E-04,-2.34E-04,-2.81E-04,-3.65E-04,-1.64E-04,-1.70E-04,-4.90E-04,-3.18E-04,-3.49E-04,-3.56E-04,-3.73E-04,-2.72E-04,-3.30E-04,-1.41E-04,-1.32E-04,-2.33E-04
1792,-3.09E-04,-2.22E-04,-2.90E-04,-2.46E-04,-2.42E-04,-2.46E-04,-2.92E-04,-3.75E-04,-1.73E-04,-1.76E-04,-4.98E-04,-3.21E-04,-3.57E-04,-3.63E-04,-3.79E-04,-2.81E-04,-3.35E-04,-1.49E-04,-1.39E-04,-2.42E-04
1793,-3.15E-04,-2.29E-04,-2.98E-04,-2.56E-04,-2.52E-04,-2.57E-04,-3.02E-04,-3.84E-04,-1.81E-04,-1.81E-04,-5.05E-04,-3.23E-04,-3.65E-04,-3.70E-04,-3.85E-04,-2.89E-04,-3.39E-04,-1.56E-04,-1.45E-04,-2.50E-04
1794,-3.21E-04,-2.35E-04,-3.06E-04,-2.65E-04,-2.62E-04,-2.67E-04,-3.11E-04,-3.94E-04,-1.90E-04,-1.86E-04,-5.12E-04,-3.24E-04,-3.72E-04,-3.76E-04,-3.90E-04,-2.96E-04,-3.42E-04,-1.63E-04,-1.51E-04,-2.58E-04
1795,-3.26E-04,-2.41E-04,-3.12E-04,-2.74E-04,-2.71E-04,-2.76E-04,-3.19E-04,-4.03E-04,-1.98E-04,-1.91E-04,-5.19E-04,-3.26E-04,-3.79E-04,-3.82E-04,-3.95E-04,-3.04E-04,-3.45E-04,-1.69E-04,-1.56E-04,-2.64E-04
1796,-3.31E-04,-2.46E-04,-3.19E-04,-2.82E-04,-2.79E-04,-2.84E-04,-3.27E-04,-4.11E-04,-2.06E-04,-1.96E-04,-5.26E-04,-3.27E-04,-3.86E-04,-3.89E-04,-3.99E-04,-3.11E-04,-3.47E-04,-1.75E-04,-1.61E-04,-2.70E-04
1797,-3.36E-04,-2.51E-04,-3.26E-04,-2.91E-04,-2.88E-04,-2.91E-04,-3.34E-04,-4.20E-04,-2.14E-04,-2.01E-04,-5.33E-04,-3.28E-04,-3.93E-04,-3.96E-04,-4.04E-04,-3.18E-04,-3.48E-04,-1.82E-04,-1.65E-04,-2.74E-04
1798,-3.41E-04,-2.55E-04,-3.32E-04,-2.99E-04,-2.96E-04,-2.98E-04,-3.41E-04,-4.29E-04,-2.23E-04,-2.06E-04,-5.41E-04,-3.29E-04,-3.99E-04,-4.03E-04,-4.09E-04,-3.26E-04,-3.49E-04,-1.88E-04,-1.70E-04,-2.78E-04
1799,-3.46E-04,-2.60E-04,-3.39E-04,-3.08E-04,-3.04E-04,-3.05E-04,-3.49E-04,-4.38E-04,-2.31E-04,-2.11E-04,-5.49E-04,-3.31E-04,-4.06E-04,-4.11E-04,-4.14E-04,-3.33E-04,-3.50E-04,-1.95E-04,-1.74E-04,-2.81E-04
1800,-3.52E-04,-2.66E-04,-3.47E-04,-3.17E-04,-3.13E-04,-3.12E-04,-3.56E-04,-4.47E-04,-2.40E-04,-2.17E-04,-5.58E-04,-3.33E-04,-4.14E-04,-4.20E-04,-4.19E-04,-3.41E-04,-3.50E-04,-2.02E-04,-1.79E-04,-2.83E-04
1801,-3.58E-04,-2.72E-04,-3.55E-04,-3.27E-04,-3.22E-04,-3.19E-04,-3.63E-04,-4.56E-04,-2.49E-04,-2.23E-04,-5.67E-04,-3.35E-04,-4.21E-04,-4.29E-04,-4.25E-04,-3.50E-04,-3.51E-04,-2.09E-04,-1.84E-04,-2.86E-04
1802,-3.65E-04,-2.79E-04,-3.64E-04,-3.38E-04,-3.32E-04,-3.26E-04,-3.71E-04,-4.67E-04,-2.59E-04,-2.29E-04,-5.77E-04,-3.38E-04,-4.29E-04,-4.38E-04,-4.31E-04,-3.59E-04,-3.52E-04,-2.17E-04,-1.89E-04,-2.88E-04
1803,-3.73E-04,-2.86E-04,-3.74E-04,-3.49E-04,-3.43E-04,-3.34E-04,-3.79E-04,-4.77E-04,-2.69E-04,-2.35E-04,-5.87E-04,-3.41E-04,-4.37E-04,-4.48E-04,-4.38E-04,-3.69E-04,-3.53E-04,-2.25E-04,-1.95E-04,-2.90E-04
1804,-3.82E-04,-2.95E-04,-3.84E-04,-3.61E-04,-3.54E-04,-3.43E-04,-3.89E-04,-4.89E-04,-2.79E-04,-2.42E-04,-5.97E-04,-3.45E-04,-4.46E-04,-4.59E-04,-4.45E-04,-3.78E-04,-3.54E-04,-2.33E-04,-2.01E-04,-2.93E-04
1805,-3.91E-04,-3.04E-04,-3.95E-04,-3.73E-04,-3.66E-04,-3.51E-04,-3.98E-04,-5.01E-04,-2.89E-04,-2.49E-04,-6.08E-04,-3.49E-04,-4.55E-04,-4.69E-04,-4.53E-04,-3.88E-04,-3.56E-04,-2.42E-04,-2.07E-04,-2.95E-04
1806,-4.01E-04,-3.14E-04,-4.07E-04,-3.87E-04,-3.79E-04,-3.61E-04,-4.09E-04,-5.13E-04,-3.00E-04,-2.56E-04,-6.19E-04,-3.54E-04,-4.64E-04,-4.80E-04,-4.61E-04,-3.98E-04,-3.59E-04,-2.50E-04,-2.15E-04,-2.99E-04
1807,-4.11E-04,-3.24E-04,-4.19E-04,-4.00E-04,-3.92E-04,-3.70E-04,-4.20E-04,-5.26E-04,-3.10E-04,-2.63E-04,-6.30E-04,-3.59E-04,-4.74E-04,-4.90E-04,-4.69E-04,-4.08E-04,-3.63E-04,-2.59E-04,-2.22E-04,-3.03E-04
1808,-4.21E-04,-3.34E-04,-4.31E-04,-4.14E-04,-4.06E-04,-3.80E-04,-4.32E-04,-5.39E-04,-3.21E-04,-2.70E-04,-6.41E-04,-3.65E-04,-4.83E-04,-5.01E-04,-4.77E-04,-4.18E-04,-3.67E-04,-2.68E-04,-2.30E-04,-3.07E-04
1809,-4.31E-04,-3.45E-04,-4.43E-04,-4.28E-04,-4.19E-04,-3.90E-04,-4.44E-04,-5.53E-04,-3.32E-04,-2.77E-04,-6.51E-04,-3.71E-04,-4.93E-04,-5.10E-04,-4.85E-04,-4.27E-04,-3.72E-04,-2.77E-04,-2.38E-04,-3.11E-04
1810,-4.41E-04,-3.55E-04,-4.55E-04,-4.42E-04,-4.32E-04,-3.99E-04,-4.56E-04,-5.66E-04,-3.42E-04,-2.84E-04,-6.62E-04,-3.76E-04,-5.02E-04,-5.20E-04,-4.93E-04,-4.36E-04,-3.77E-04,-2.86E-04,-2.45E-04,-3.16E-04
1811,-4.51E-04,-3.65E-04,-4.66E-04,-4.55E-04,-4.45E-04,-4.08E-04,-4.68E-04,-5.79E-04,-3.51E-04,-2.91E-04,-6.72E-04,-3.82E-04,-5.12E-04,-5.28E-04,-5.00E-04,-4.43E-04,-3.83E-04,-2.94E-04,-2.53E-04,-3.21E-04
1812,-4.60E-04,-3.74E-04,-4.76E-04,-4.68E-04,-4.57E-04,-4.16E-04,-4.80E-04,-5.92E-04,-3.61E-04,-2.97E-04,-6.81E-04,-3.88E-04,-5.21E-04,-5.36E-04,-5.07E-04,-4.50E-04,-3.89E-04,-3.02E-04,-2.60E-04,-3.27E-04
1813,-4.68E-04,-3.83E-04,-4.86E-04,-4.79E-04,-4.67E-04,-4.22E-04,-4.91E-04,-6.03E-04,-3.69E-04,-3.03E-04,-6.89E-04,-3.93E-04,-5.29E-04,-5.43E-04,-5.13E-04,-4.56E-04,-3.95E-04,-3.09E-04,-2.67E-04,-3.31E-04
1814,-4.75E-04,-3.90E-04,-4.94E-04,-4.89E-04,-4.76E-04,-4.27E-04,-5.01E-04,-6.13E-04,-3.76E-04,-3.08E-04,-6.97E-04,-3.98E-04,-5.37E-04,-5.49E-04,-5.18E-04,-4.60E-04,-4.01E-04,-3.16E-04,-2.73E-04,-3.36E-04
1815,-4.80E-04,-3.96E-04,-5.01E-04,-4.97E-04,-4.83E-04,-4.30E-04,-5.10E-04,-6.22E-04,-3.83E-04,-3.12E-04,-7.03E-04,-4.02E-04,-5.44E-04,-5.54E-04,-5.22E-04,-4.63E-04,-4.07E-04,-3.21E-04,-2.78E-04,-3.40E-04
1816,-4.85E-04,-4.01E-04,-5.06E-04,-5.04E-04,-4.87E-04,-4.31E-04,-5.17E-04,-6.30E-04,-3.88E-04,-3.16E-04,-7.08E-04,-4.06E-04,-5.51E-04,-5.58E-04,-5.25E-04,-4.64E-04,-4.12E-04,-3.26E-04,-2.82E-04,-3.43E-04
1817,-4.87E-04,-4.04E-04,-5.09E-04,-5.08E-04,-4.90E-04,-4.29E-04,-5.23E-04,-6.35E-04,-3.92E-04,-3.18E-04,-7.12E-04,-4.09E-04,-5.56E-04,-5.60E-04,-5.26E-04,-4.64E-04,-4.17E-04,-3.30E-04,-2.84E-04,-3.45E-04
1818,-4.89E-04,-4.06E-04,-5.11E-04,-5.10E-04,-4.90E-04,-4.25E-04,-5.26E-04,-6.38E-04,-3.95E-04,-3.19E-04,-7.14E-04,-4.10E-04,-5.59E-04,-5.61E-04,-5.26E-04,-4.62E-04,-4.20E-04,-3.33E-04,-2.86E-04,-3.47E-04
1819,-4.88E-04,-4.07E-04,-5.11E-04,-5.10E-04,-4.88E-04,-4.19E-04,-5.28E-04,-6.40E-04,-3.96E-04,-3.20E-04,-7.15E-04,-4.10E-04,-5.62E-04,-5.60E-04,-5.25E-04,-4.59E-04,-4.22E-04,-3.35E-04,-2.86E-04,-3.47E-04
1820,-4.86E-04,-4.06E-04,-5.10E-04,-5.08E-04,-4.83E-04,-4.10E-04,-5.27E-04,-6.39E-04,-3.96E-04,-3.19E-04,-7.14E-04,-4.09E-04,-5.63E-04,-5.58E-04,-5.23E-04,-4.55E-04,-4.23E-04,-3.35E-04,-2.86E-04,-3.47E-04
1821,-4.83E-04,-4.04E-04,-5.06E-04,-5.03E-04,-4.76E-04,-3.99E-04,-5.25E-04,-6.35E-04,-3.95E-04,-3.17E-04,-7.11E-04,-4.07E-04,-5.62E-04,-5.54E-04,-5.19E-04,-4.49E-04,-4.23E-04,-3.34E-04,-2.84E-04,-3.45E-04
1822,-4.78E-04,-4.00E-04,-5.02E-04,-4.97E-04,-4.67E-04,-3.86E-04,-5.20E-04,-6.30E-04,-3.92E-04,-3.14E-04,-7.06E-04,-4.03E-04,-5.60E-04,-5.49E-04,-5.13E-04,-4.41E-04,-4.20E-04,-3.32E-04,-2.81E-04,-3.43E-04
1823,-4.71E-04,-3.96E-04,-4.96E-04,-4.88E-04,-4.55E-04,-3.72E-04,-5.14E-04,-6.23E-04,-3.88E-04,-3.11E-04,-6.99E-04,-3.98E-04,-5.56E-04,-5.42E-04,-5.07E-04,-4.33E-04,-4.16E-04,-3.28E-04,-2.77E-04,-3.40E-04
1824,-4.63E-04,-3.90E-04,-4.89E-04,-4.79E-04,-4.43E-04,-3.55E-04,-5.07E-04,-6.15E-04,-3.83E-04,-3.06E-04,-6.90E-04,-3.91E-04,-5.51E-04,-5.33E-04,-4.99E-04,-4.23E-04,-4.11E-04,-3.23E-04,-2.72E-04,-3.37E-04
1825,-4.54E-04,-3.84E-04,-4.81E-04,-4.67E-04,-4.29E-04,-3.38E-04,-4.98E-04,-6.05E-04,-3.77E-04,-3.01E-04,-6.79E-04,-3.83E-04,-5.45E-04,-5.23E-04,-4.90E-04,-4.12E-04,-4.04E-04,-3.17E-04,-2.67E-04,-3.34E-04
1826,-4.44E-04,-3.77E-04,-4.72E-04,-4.55E-04,-4.14E-04,-3.20E-04,-4.88E-04,-5.93E-04,-3.70E-04,-2.95E-04,-6.67E-04,-3.74E-04,-5.37E-04,-5.12E-04,-4.79E-04,-4.01E-04,-3.95E-04,-3.10E-04,-2.62E-04,-3.30E-04
1827,-4.33E-04,-3.69E-04,-4.62E-04,-4.42E-04,-3.98E-04,-3.02E-04,-4.77E-04,-5.81E-04,-3.63E-04,-2.89E-04,-6.53E-04,-3.63E-04,-5.28E-04,-4.99E-04,-4.68E-04,-3.89E-04,-3.85E-04,-3.02E-04,-2.56E-04,-3.27E-04
1828,-4.22E-04,-3.61E-04,-4.52E-04,-4.28E-04,-3.82E-04,-2.84E-04,-4.66E-04,-5.69E-04,-3.55E-04,-2.82E-04,-6.38E-04,-3.52E-04,-5.18E-04,-4.86E-04,-4.57E-04,-3.77E-04,-3.73E-04,-2.93E-04,-2.50E-04,-3.24E-04
1829,-4.09E-04,-3.52E-04,-4.42E-04,-4.15E-04,-3.66E-04,-2.65E-04,-4.55E-04,-5.55E-04,-3.47E-04,-2.76E-04,-6.22E-04,-3.40E-04,-5.08E-04,-4.72E-04,-4.44E-04,-3.64E-04,-3.60E-04,-2.83E-04,-2.44E-04,-3.22E-04
1830,-3.96E-04,-3.43E-04,-4.31E-04,-4.01E-04,-3.51E-04,-2.48E-04,-4.44E-04,-5.42E-04,-3.38E-04,-2.70E-04,-6.06E-04,-3.27E-04,-4.97E-04,-4.57E-04,-4.32E-04,-3.51E-04,-3.47E-04,-2.73E-04,-2.39E-04,-3.20E-04
1831,-3.83E-04,-3.34E-04,-4.20E-04,-3.87E-04,-3.35E-04,-2.31E-04,-4.33E-04,-5.29E-04,-3.29E-04,-2.65E-04,-5.89E-04,-3.14E-04,-4.86E-04,-4.43E-04,-4.19E-04,-3.39E-04,-3.32E-04,-2.62E-04,-2.34E-04,-3.19E-04
1832,-3.70E-04,-3.25E-04,-4.10E-04,-3.74E-04,-3.20E-04,-2.15E-04,-4.22E-04,-5.16E-04,-3.20E-04,-2.59E-04,-5.71E-04,-3.00E-04,-4.74E-04,-4.28E-04,-4.07E-04,-3.27E-04,-3.17E-04,-2.50E-04,-2.29E-04,-3.19E-04
1833,-3.57E-04,-3.15E-04,-3.99E-04,-3.61E-04,-3.06E-04,-1.99E-04,-4.11E-04,-5.04E-04,-3.11E-04,-2.55E-04,-5.54E-04,-2.87E-04,-4.63E-04,-4.14E-04,-3.94E-04,-3.15E-04,-3.02E-04,-2.39E-04,-2.24E-04,-3.20E-04
1834,-3.44E-04,-3.05E-04,-3.88E-04,-3.49E-04,-2.92E-04,-1.84E-04,-4.01E-04,-4.91E-04,-3.02E-04,-2.51E-04,-5.36E-04,-2.73E-04,-4.52E-04,-4.00E-04,-3.82E-04,-3.04E-04,-2.86E-04,-2.28E-04,-2.20E-04,-3.21E-04
1835,-3.31E-04,-2.95E-04,-3.77E-04,-3.37E-04,-2.79E-04,-1.70E-04,-3.90E-04,-4.79E-04,-2.92E-04,-2.47E-04,-5.19E-04,-2.60E-04,-4.41E-04,-3.87E-04,-3.70E-04,-2.94E-04,-2.70E-04,-2.16E-04,-2.16E-04,-3.23E-04
1836,-3.18E-04,-2.85E-04,-3.66E-04,-3.24E-04,-2.65E-04,-1.56E-04,-3.79E-04,-4.66E-04,-2.83E-04,-2.44E-04,-5.02E-04,-2.46E-04,-4.30E-04,-3.75E-04,-3.58E-04,-2.84E-04,-2.53E-04,-2.05E-04,-2.13E-04,-3.26E-04
1837,-3.06E-04,-2.74E-04,-3.55E-04,-3.12E-04,-2.52E-04,-1.43E-04,-3.68E-04,-4.53E-04,-2.73E-04,-2.41E-04,-4.84E-04,-2.33E-04,-4.19E-04,-3.63E-04,-3.47E-04,-2.74E-04,-2.37E-04,-1.93E-04,-2.09E-04,-3.29E-04
1838,-2.93E-04,-2.63E-04,-3.44E-04,-3.00E-04,-2.39E-04,-1.29E-04,-3.56E-04,-4.40E-04,-2.63E-04,-2.39E-04,-4.66E-04,-2.20E-04,-4.08E-04,-3.52E-04,-3.36E-04,-2.66E-04,-2.20E-04,-1.81E-04,-2.06E-04,-3.32E-04
1839,-2.80E-04,-2.52E-04,-3.32E-04,-2.87E-04,-2.25E-04,-1.14E-04,-3.43E-04,-4.26E-04,-2.52E-04,-2.36E-04,-4.48E-04,-2.07E-04,-3.96E-04,-3.41E-04,-3.25E-04,-2.57E-04,-2.03E-04,-1.69E-04,-2.02E-04,-3.35E-04
1840,-2.66E-04,-2.39E-04,-3.19E-04,-2.74E-04,-2.11E-04,-9.92E-05,-3.29E-04,-4.11E-04,-2.41E-04,-2.33E-04,-4.29E-04,-1.93E-04,-3.84E-04,-3.30E-04,-3.14E-04,-2.49E-04,-1.85E-04,-1.57E-04,-1.99E-04,-3.38E-04
1841,-2.52E-04,-2.26E-04,-3.06E-04,-2.59E-04,-1.96E-04,-8.32E-05,-3.13E-04,-3.95E-04,-2.29E-04,-2.30E-04,-4.09E-04,-1.79E-04,-3.72E-04,-3.19E-04,-3.03E-04,-2.40E-04,-1.67E-04,-1.44E-04,-1.94E-04,-3.41E-04
1842,-2.37E-04,-2.12E-04,-2.92E-04,-2.44E-04,-1.80E-04,-6.62E-05,-2.96E-04,-3.77E-04,-2.16E-04,-2.26E-04,-3.88E-04,-1.65E-04,-3.58E-04,-3.08E-04,-2.91E-04,-2.31E-04,-1.48E-04,-1.31E-04,-1.90E-04,-3.43E-04
1843,-2.22E-04,-1.97E-04,-2.77E-04,-2.27E-04,-1.62E-04,-4.80E-05,-2.78E-04,-3.58E-04,-2.03E-04,-2.22E-04,-3.65E-04,-1.49E-04,-3.43E-04,-2.96E-04,-2.78E-04,-2.22E-04,-1.28E-04,-1.17E-04,-1.84E-04,-3.44E-04
1844,-2.05E-04,-1.82E-04,-2.61E-04,-2.08E-04,-1.43E-04,-2.85E-05,-2.58E-04,-3.38E-04,-1.89E-04,-2.16E-04,-3.40E-04,-1.33E-04,-3.27E-04,-2.83E-04,-2.65E-04,-2.12E-04,-1.07E-04,-1.01E-04,-1.78E-04,-3.45E-04
1845,-1.86E-04,-1.65E-04,-2.44E-04,-1.89E-04,-1.23E-04,-7.91E-06,-2.37E-04,-3.16E-04,-1.74E-04,-2.10E-04,-3.13E-04,-1.16E-04,-3.09E-04,-2.69E-04,-2.51E-04,-2.01E-04,-8.57E-05,-8.47E-05,-1.71E-04,-3.45E-04
1846,-1.67E-04,-1.47E-04,-2.26E-04,-1.68E-04,-1.02E-04,1.38E-05,-2.14E-04,-2.92E-04,-1.59E-04,-2.03E-04,-2.84E-04,-9.80E-05,-2.90E-04,-2.53E-04,-2.35E-04,-1.89E-04,-6.28E-05,-6.70E-05,-1.63E-04,-3.44E-04
1847,-1.46E-04,-1.27E-04,-2.07E-04,-1.45E-04,-7.87E-05,3.64E-05,-1.91E-04,-2.68E-04,-1.43E-04,-1.95E-04,-2.53E-04,-7.88E-05,-2.69E-04,-2.36E-04,-2.18E-04,-1.76E-04,-3.88E-05,-4.81E-05,-1.54E-04,-3.43E-04
1848,-1.23E-04,-1.07E-04,-1.86E-04,-1.21E-04,-5.47E-05,5.96E-05,-1.66E-04,-2.42E-04,-1.27E-04,-1.86E-04,-2.20E-04,-5.86E-05,-2.47E-04,-2.17E-04,-2.00E-04,-1.62E-04,-1.36E-05,-2.79E-05,-1.45E-04,-3.41E-04
1849,-9.91E-05,-8.60E-05,-1.65E-04,-9.66E-05,-2.99E-05,8.32E-05,-1.41E-04,-2.15E-04,-1.11E-04,-1.76E-04,-1.86E-04,-3.76E-05,-2.23E-04,-1.97E-04,-1.81E-04,-1.46E-04,1.25E-05,-6.66E-06,-1.35E-04,-3.39E-04
1850,-7.39E-05,-6.41E-05,-1.43E-04,-7.12E-05,-4.25E-06,1.07E-04,-1.16E-04,-1.89E-04,-9.52E-05,-1.66E-04,-1.50E-04,-1.60E-05,-1.98E-04,-1.75E-04,-1.61E-04,-1.30E-04,3.96E-05,1.55E-05,-1.24E-04,-3.36E-04
1851,-4.76E-05,-4.14E-05,-1.20E-04,-4.52E-05,2.18E-05,1.30E-04,-9.09E-05,-1.61E-04,-7.94E-05,-1.57E-04,-1.13E-04,6.02E-06,-1.73E-04,-1.53E-04,-1.41E-04,-1.12E-04,6.73E-05,3.85E-05,-1.13E-04,-3.33E-04
1852,-2.06E-05,-1.83E-05,-9.66E-05,-1.91E-05,4.80E-05,1.53E-04,-6.62E-05,-1.35E-04,-6.41E-05,-1.47E-04,-7.57E-05,2.82E-05,-1.47E-04,-1.29E-04,-1.19E-04,-9.45E-05,9.56E-05,6.19E-05,-1.01E-04,-3.30E-04
1853,6.87E-06,5.18E-06,-7.30E-05,6.92E-06,7.41E-05,1.75E-04,-4.21E-05,-1.08E-04,-4.95E-05,-1.37E-04,-3.82E-05,5.02E-05,-1.21E-04,-1.05E-04,-9.79E-05,-7.61E-05,1.24E-04,8.55E-05,-8.94E-05,-3.27E-04
1854,3.45E-05,2.87E-05,-4.95E-05,3.26E-05,9.98E-05,1.96E-04,-1.89E-05,-8.25E-05,-3.55E-05,-1.29E-04,-1.07E-06,7.17E-05,-9.44E-05,-8.14E-05,-7.63E-05,-5.77E-05,1.53E-04,1.09E-04,-7.77E-05,-3.24E-04
1855,6.19E-05,5.21E-05,-2.61E-05,5.76E-05,1.25E-04,2.16E-04,3.36E-06,-5.77E-05,-2.24E-05,-1.20E-04,3.52E-05,9.25E-05,-6.88E-05,-5.79E-05,-5.51E-05,-3.94E-05,1.81E-04,1.32E-04,-6.62E-05,-3.21E-04
1856,8.88E-05,7.52E-05,-3.12E-06,8.19E-05,1.49E-04,2.35E-04,2.46E-05,-3.40E-05,-1.02E-05,-1.13E-04,7.04E-05,1.12E-04,-4.38E-05,-3.51E-05,-3.45E-05,-2.16E-05,2.08E-04,1.54E-04,-5.49E-05,-3.19E-04
1857,1.15E-04,9.78E-05,1.93E-05,1.05E-04,1.73E-04,2.52E-04,4.49E-05,-1.14E-05,1.24E-06,-1.07E-04,1.04E-04,1.31E-04,-1.97E-05,-1.32E-05,-1.46E-05,-4.54E-06,2.35E-04,1.76E-04,-4.40E-05,-3.17E-04
1858,1.40E-04,1.20E-04,4.09E-05,1.28E-04,1.95E-04,2.68E-04,6.42E-05,1.02E-05,1.19E-05,-1.02E-04,1.36E-04,1.49E-04,3.42E-06,7.38E-06,4.23E-06,1.17E-05,2.60E-04,1.96E-04,-3.36E-05,-3.16E-04
1859,1.64E-04,1.41E-04,6.18E-05,1.49E-04,2.17E-04,2.82E-04,8.28E-05,3.08E-05,2.18E-05,-9.70E-05,1.67E-04,1.65E-04,2.55E-05,2.67E-05,2.20E-05,2.69E-05,2.85E-04,2.16E-04,-2.37E-05,-3.14E-04
1860,1.87E-04,1.61E-04,8.17E-05,1.69E-04,2.37E-04,2.96E-04,1.01E-04,5.05E-05,3.12E-05,-9.31E-05,1.96E-04,1.80E-04,4.65E-05,4.46E-05,3.86E-05,4.11E-05,3.08E-04,2.34E-04,-1.43E-05,-3.13E-04
1861,2.08E-04,1.81E-04,1.01E-04,1.89E-04,2.57E-04,3.08E-04,1.18E-04,6.97E-05,4.01E-05,-8.97E-05,2.24E-04,1.93E-04,6.66E-05,6.14E-05,5.41E-05,5.42E-05,3.30E-04,2.51E-04,-5.40E-06,-3.12E-04
1862,2.28E-04,2.00E-04,1.19E-04,2.08E-04,2.76E-04,3.20E-04,1.36E-04,8.85E-05,4.89E-05,-8.65E-05,2.51E-04,2.06E-04,8.61E-05,7.70E-05,6.85E-05,6.66E-05,3.50E-04,2.67E-04,3.04E-06,-3.11E-04
1863,2.48E-04,2.18E-04,1.37E-04,2.27E-04,2.94E-04,3.31E-04,1.53E-04,1.07E-04,5.77E-05,-8.33E-05,2.77E-04,2.18E-04,1.05E-04,9.19E-05,8.21E-05,7.82E-05,3.69E-04,2.82E-04,1.11E-05,-3.10E-04
1864,2.66E-04,2.36E-04,1.54E-04,2.45E-04,3.12E-04,3.43E-04,1.70E-04,1.26E-04,6.65E-05,-7.98E-05,3.03E-04,2.29E-04,1.24E-04,1.06E-04,9.51E-05,8.95E-05,3.87E-04,2.97E-04,1.90E-05,-3.08E-04
1865,2.84E-04,2.53E-04,1.70E-04,2.63E-04,3.30E-04,3.54E-04,1.88E-04,1.45E-04,7.56E-05,-7.57E-05,3.29E-04,2.40E-04,1.43E-04,1.21E-04,1.08E-04,1.01E-04,4.04E-04,3.11E-04,2.67E-05,-3.06E-04
1866,3.02E-04,2.70E-04,1.87E-04,2.81E-04,3.48E-04,3.65E-04,2.06E-04,1.64E-04,8.51E-05,-7.10E-05,3.55E-04,2.50E-04,1.62E-04,1.36E-04,1.20E-04,1.12E-04,4.20E-04,3.25E-04,3.44E-05,-3.04E-04
1867,3.21E-04,2.87E-04,2.03E-04,2.99E-04,3.67E-04,3.77E-04,2.25E-04,1.84E-04,9.49E-05,-6.53E-05,3.82E-04,2.61E-04,1.81E-04,1.52E-04,1.33E-04,1.24E-04,4.35E-04,3.39E-04,4.22E-05,-3.01E-04
1868,3.39E-04,3.04E-04,2.19E-04,3.17E-04,3.85E-04,3.89E-04,2.43E-04,2.04E-04,1.05E-04,-5.87E-05,4.10E-04,2.72E-04,2.02E-04,1.69E-04,1.45E-04,1.36E-04,4.50E-04,3.53E-04,5.01E-05,-2.97E-04
1869,3.58E-04,3.21E-04,2.35E-04,3.36E-04,4.04E-04,4.01E-04,2.62E-04,2.25E-04,1.15E-04,-5.11E-05,4.38E-04,2.83E-04,2.23E-04,1.87E-04,1.59E-04,1.50E-04,4.64E-04,3.68E-04,5.84E-05,-2.93E-04
1870,3.78E-04,3.39E-04,2.52E-04,3.55E-04,4.23E-04,4.14E-04,2.81E-04,2.46E-04,1.26E-04,-4.26E-05,4.68E-04,2.95E-04,2.44E-04,2.07E-04,1.73E-04,1.65E-04,4.78E-04,3.83E-04,6.70E-05,-2.88E-04
1871,3.99E-04,3.56E-04,2.69E-04,3.73E-04,4.42E-04,4.27E-04,2.99E-04,2.67E-04,1.37E-04,-3.34E-05,4.98E-04,3.07E-04,2.67E-04,2.28E-04,1.88E-04,1.81E-04,4.92E-04,3.98E-04,7.59E-05,-2.82E-04
1872,4.21E-04,3.74E-04,2.86E-04,3.92E-04,4.62E-04,4.40E-04,3.17E-04,2.88E-04,1.47E-04,-2.35E-05,5.29E-04,3.19E-04,2.90E-04,2.51E-04,2.04E-04,1.98E-04,5.06E-04,4.14E-04,8.50E-05,-2.76E-04
1873,4.43E-04,3.93E-04,3.03E-04,4.11E-04,4.81E-04,4.53E-04,3.34E-04,3.08E-04,1.57E-04,-1.33E-05,5.61E-04,3.32E-04,3.13E-04,2.76E-04,2.20E-04,2.16E-04,5.20E-04,4.30E-04,9.44E-05,-2.69E-04
1874,4.65E-04,4.11E-04,3.20E-04,4.28E-04,5.01E-04,4.65E-04,3.50E-04,3.27E-04,1.67E-04,-3.08E-06,5.91E-04,3.43E-04,3.37E-04,3.01E-04,2.37E-04,2.35E-04,5.33E-04,4.46E-04,1.04E-04,-2.63E-04
1875,4.88E-04,4.29E-04,3.37E-04,4.46E-04,5.19E-04,4.77E-04,3.64E-04,3.46E-04,1.75E-04,6.94E-06,6.22E-04,3.55E-04,3.60E-04,3.28E-04,2.54E-04,2.55E-04,5.46E-04,4.62E-04,1.13E-04,-2.55E-04
1876,5.11E-04,4.47E-04,3.53E-04,4.62E-04,5.37E-04,4.88E-04,3.77E-04,3.63E-04,1.83E-04,1.65E-05,6.50E-04,3.65E-04,3.82E-04,3.54E-04,2.71E-04,2.75E-04,5.59E-04,4.77E-04,1.23E-04,-2.48E-04
1877,5.33E-04,4.64E-04,3.69E-04,4.76E-04,5.54E-04,4.99E-04,3.88E-04,3.78E-04,1.90E-04,2.52E-05,6.77E-04,3.75E-04,4.03E-04,3.80E-04,2.89E-04,2.94E-04,5.71E-04,4.91E-04,1.32E-04,-2.41E-04
1878,5.53E-04,4.80E-04,3.83E-04,4.89E-04,5.70E-04,5.08E-04,3.97E-04,3.91E-04,1.95E-04,3.30E-05,7.02E-04,3.83E-04,4.23E-04,4.05E-04,3.05E-04,3.13E-04,5.81E-04,5.04E-04,1.40E-04,-2.35E-04
1879,5.72E-04,4.94E-04,3.96E-04,5.00E-04,5.84E-04,5.16E-04,4.03E-04,4.03E-04,1.99E-04,3.97E-05,7.25E-04,3.89E-04,4.41E-04,4.29E-04,3.21E-04,3.31E-04,5.91E-04,5.16E-04,1.48E-04,-2.28E-04
1880,5.89E-04,5.08E-04,4.08E-04,5.10E-04,5.96E-04,5.23E-04,4.08E-04,4.13E-04,2.01E-04,4.51E-05,7.44E-04,3.94E-04,4.58E-04,4.51E-04,3.36E-04,3.48E-04,5.99E-04,5.26E-04,1.55E-04,-2.22E-04
1881,6.04E-04,5.19E-04,4.17E-04,5.17E-04,6.07E-04,5.29E-04,4.11E-04,4.20E-04,2.03E-04,4.94E-05,7.61E-04,3.97E-04,4.72E-04,4.71E-04,3.50E-04,3.63E-04,6.06E-04,5.34E-04,1.61E-04,-2.17E-04
1882,6.17E-04,5.29E-04,4.25E-04,5.23E-04,6.15E-04,5.33E-04,4.13E-04,4.26E-04,2.03E-04,5.26E-05,7.75E-04,3.98E-04,4.84E-04,4.89E-04,3.62E-04,3.75E-04,6.11E-04,5.40E-04,1.67E-04,-2.12E-04
1883,6.26E-04,5.36E-04,4.30E-04,5.26E-04,6.22E-04,5.36E-04,4.12E-04,4.30E-04,2.03E-04,5.47E-05,7.86E-04,3.96E-04,4.95E-04,5.04E-04,3.73E-04,3.86E-04,6.14E-04,5.44E-04,1.71E-04,-2.08E-04
1884,6.33E-04,5.41E-04,4.34E-04,5.28E-04,6.27E-04,5.39E-04,4.11E-04,4.32E-04,2.01E-04,5.61E-05,7.94E-04,3.94E-04,5.04E-04,5.17E-04,3.82E-04,3.95E-04,6.15E-04,5.47E-04,1.74E-04,-2.05E-04
1885,6.37E-04,5.44E-04,4.35E-04,5.27E-04,6.30E-04,5.40E-04,4.08E-04,4.34E-04,1.99E-04,5.68E-05,8.00E-04,3.89E-04,5.11E-04,5.27E-04,3.90E-04,4.02E-04,6.14E-04,5.48E-04,1.75E-04,-2.02E-04
1886,6.39E-04,5.46E-04,4.34E-04,5.26E-04,6.31E-04,5.40E-04,4.04E-04,4.34E-04,1.97E-04,5.72E-05,8.04E-04,3.84E-04,5.16E-04,5.35E-04,3.97E-04,4.07E-04,6.12E-04,5.48E-04,1.76E-04,-1.99E-04
1887,6.38E-04,5.45E-04,4.32E-04,5.23E-04,6.31E-04,5.39E-04,3.99E-04,4.33E-04,1.94E-04,5.76E-05,8.07E-04,3.77E-04,5.21E-04,5.41E-04,4.02E-04,4.10E-04,6.09E-04,5.47E-04,1.76E-04,-1.97E-04
1888,6.36E-04,5.42E-04,4.28E-04,5.19E-04,6.30E-04,5.38E-04,3.94E-04,4.32E-04,1.92E-04,5.81E-05,8.09E-04,3.70E-04,5.24E-04,5.45E-04,4.06E-04,4.12E-04,6.03E-04,5.44E-04,1.75E-04,-1.95E-04
1889,6.32E-04,5.38E-04,4.22E-04,5.14E-04,6.28E-04,5.36E-04,3.88E-04,4.31E-04,1.89E-04,5.90E-05,8.10E-04,3.62E-04,5.27E-04,5.49E-04,4.10E-04,4.13E-04,5.97E-04,5.42E-04,1.74E-04,-1.93E-04
1890,6.27E-04,5.33E-04,4.16E-04,5.09E-04,6.25E-04,5.33E-04,3.82E-04,4.29E-04,1.87E-04,6.04E-05,8.11E-04,3.55E-04,5.30E-04,5.51E-04,4.13E-04,4.12E-04,5.89E-04,5.39E-04,1.72E-04,-1.91E-04
1891,6.20E-04,5.27E-04,4.09E-04,5.03E-04,6.21E-04,5.30E-04,3.75E-04,4.26E-04,1.85E-04,6.24E-05,8.11E-04,3.47E-04,5.32E-04,5.52E-04,4.15E-04,4.12E-04,5.81E-04,5.36E-04,1.69E-04,-1.90E-04
1892,6.14E-04,5.20E-04,4.01E-04,4.96E-04,6.17E-04,5.26E-04,3.68E-04,4.24E-04,1.83E-04,6.52E-05,8.12E-04,3.40E-04,5.35E-04,5.54E-04,4.18E-04,4.11E-04,5.72E-04,5.34E-04,1.66E-04,-1.88E-04
1893,6.07E-04,5.13E-04,3.93E-04,4.90E-04,6.13E-04,5.21E-04,3.60E-04,4.21E-04,1.82E-04,6.86E-05,8.13E-04,3.33E-04,5.37E-04,5.55E-04,4.20E-04,4.10E-04,5.63E-04,5.31E-04,1.63E-04,-1.86E-04
1894,6.00E-04,5.06E-04,3.85E-04,4.83E-04,6.09E-04,5.16E-04,3.51E-04,4.19E-04,1.80E-04,7.25E-05,8.13E-04,3.26E-04,5.39E-04,5.56E-04,4.22E-04,4.08E-04,5.54E-04,5.29E-04,1.60E-04,-1.85E-04
1895,5.92E-04,4.98E-04,3.77E-04,4.75E-04,6.04E-04,5.11E-04,3.41E-04,4.15E-04,1.79E-04,7.70E-05,8.14E-04,3.20E-04,5.41E-04,5.57E-04,4.24E-04,4.07E-04,5.44E-04,5.27E-04,1.57E-04,-1.83E-04
1896,5.85E-04,4.90E-04,3.69E-04,4.68E-04,5.99E-04,5.04E-04,3.31E-04,4.12E-04,1.78E-04,8.17E-05,8.14E-04,3.14E-04,5.43E-04,5.58E-04,4.25E-04,4.06E-04,5.34E-04,5.25E-04,1.53E-04,-1.82E-04
1897,5.78E-04,4.82E-04,3.61E-04,4.60E-04,5.94E-04,4.97E-04,3.20E-04,4.07E-04,1.77E-04,8.65E-05,8.14E-04,3.08E-04,5.44E-04,5.59E-04,4.26E-04,4.04E-04,5.24E-04,5.22E-04,1.50E-04,-1.80E-04
1898,5.71E-04,4.74E-04,3.53E-04,4.51E-04,5.88E-04,4.89E-04,3.08E-04,4.02E-04,1.75E-04,9.13E-05,8.12E-04,3.02E-04,5.45E-04,5.59E-04,4.27E-04,4.01E-04,5.14E-04,5.19E-04,1.46E-04,-1.79E-04
1899,5.63E-04,4.66E-04,3.45E-04,4.42E-04,5.81E-04,4.80E-04,2.94E-04,3.97E-04,1.73E-04,9.59E-05,8.10E-04,2.96E-04,5.44E-04,5.59E-04,4.27E-04,3.98E-04,5.04E-04,5.16E-04,1.43E-04,-1.78E-04
1900,5.55E-04,4.58E-04,3.36E-04,4.32E-04,5.74E-04,4.71E-04,2.80E-04,3.90E-04,1.70E-04,1.00E-04,8.05E-04,2.89E-04,5.43E-04,5.58E-04,4.26E-04,3.94E-04,4.94E-04,5.11E-04,1.38E-04,-1.77E-04
1901,5.46E-04,4.49E-04,3.27E-04,4.22E-04,5.67E-04,4.60E-04,2.65E-04,3.83E-04,1.67E-04,1.04E-04,8.00E-04,2.83E-04,5.40E-04,5.55E-04,4.24E-04,3.88E-04,4.84E-04,5.06E-04,1.34E-04,-1.77E-04
1902,5.36E-04,4.39E-04,3.18E-04,4.10E-04,5.58E-04,4.49E-04,2.50E-04,3.75E-04,1.64E-04,1.07E-04,7.92E-04,2.75E-04,5.36E-04,5.50E-04,4.20E-04,3.81E-04,4.74E-04,4.99E-04,1.29E-04,-1.77E-04
1903,5.25E-04,4.29E-04,3.08E-04,3.98E-04,5.48E-04,4.37E-04,2.34E-04,3.66E-04,1.59E-04,1.09E-04,7.83E-04,2.67E-04,5.31E-04,5.44E-04,4.16E-04,3.72E-04,4.63E-04,4.90E-04,1.23E-04,-1.77E-04
1904,5.12E-04,4.19E-04,2.97E-04,3.84E-04,5.37E-04,4.24E-04,2.18E-04,3.57E-04,1.54E-04,1.11E-04,7.71E-04,2.58E-04,5.24E-04,5.36E-04,4.09E-04,3.61E-04,4.52E-04,4.80E-04,1.17E-04,-1.78E-04
1905,4.99E-04,4.07E-04,2.86E-04,3.70E-04,5.25E-04,4.11E-04,2.01E-04,3.47E-04,1.49E-04,1.12E-04,7.58E-04,2.49E-04,5.17E-04,5.27E-04,4.02E-04,3.47E-04,4.40E-04,4.69E-04,1.10E-04,-1.79E-04
1906,4.84E-04,3.95E-04,2.73E-04,3.56E-04,5.11E-04,3.97E-04,1.85E-04,3.37E-04,1.43E-04,1.13E-04,7.44E-04,2.39E-04,5.08E-04,5.15E-04,3.92E-04,3.32E-04,4.29E-04,4.57E-04,1.03E-04,-1.80E-04
1907,4.69E-04,3.82E-04,2.60E-04,3.40E-04,4.97E-04,3.83E-04,1.69E-04,3.27E-04,1.37E-04,1.14E-04,7.28E-04,2.29E-04,4.98E-04,5.02E-04,3.82E-04,3.15E-04,4.16E-04,4.43E-04,9.45E-05,-1.82E-04
1908,4.52E-04,3.68E-04,2.47E-04,3.24E-04,4.82E-04,3.68E-04,1.54E-04,3.17E-04,1.30E-04,1.15E-04,7.11E-04,2.19E-04,4.87E-04,4.87E-04,3.70E-04,2.97E-04,4.04E-04,4.29E-04,8.57E-05,-1.84E-04
1909,4.35E-04,3.53E-04,2.32E-04,3.08E-04,4.66E-04,3.54E-04,1.39E-04,3.07E-04,1.24E-04,1.17E-04,6.94E-04,2.09E-04,4.76E-04,4.70E-04,3.58E-04,2.77E-04,3.91E-04,4.14E-04,7.63E-05,-1.85E-04
1910,4.17E-04,3.39E-04,2.18E-04,2.92E-04,4.49E-04,3.38E-04,1.25E-04,2.98E-04,1.17E-04,1.18E-04,6.76E-04,2.00E-04,4.65E-04,4.53E-04,3.44E-04,2.56E-04,3.78E-04,3.98E-04,6.65E-05,-1.87E-04
1911,4.00E-04,3.23E-04,2.03E-04,2.76E-04,4.32E-04,3.23E-04,1.12E-04,2.89E-04,1.10E-04,1.20E-04,6.58E-04,1.90E-04,4.53E-04,4.35E-04,3.30E-04,2.35E-04,3.65E-04,3.83E-04,5.65E-05,-1.89E-04
1912,3.83E-04,3.08E-04,1.88E-04,2.60E-04,4.15E-04,3.08E-04,9.94E-05,2.80E-04,1.02E-04,1.23E-04,6.40E-04,1.82E-04,4.42E-04,4.17E-04,3.16E-04,2.14E-04,3.51E-04,3.68E-04,4.62E-05,-1.90E-04
1913,3.66E-04,2.93E-04,1.73E-04,2.44E-04,3.98E-04,2.92E-04,8.78E-05,2.71E-04,9.53E-05,1.26E-04,6.22E-04,1.74E-04,4.31E-04,3.99E-04,3.02E-04,1.92E-04,3.38E-04,3.53E-04,3.60E-05,-1.91E-04
1914,3.51E-04,2.78E-04,1.59E-04,2.29E-04,3.81E-04,2.77E-04,7.69E-05,2.63E-04,8.81E-05,1.31E-04,6.05E-04,1.67E-04,4.20E-04,3.81E-04,2.88E-04,1.72E-04,3.25E-04,3.39E-04,2.58E-05,-1.91E-04
1915,3.36E-04,2.64E-04,1.45E-04,2.14E-04,3.63E-04,2.61E-04,6.66E-05,2.55E-04,8.08E-05,1.36E-04,5.88E-04,1.60E-04,4.10E-04,3.63E-04,2.75E-04,1.52E-04,3.12E-04,3.25E-04,1.59E-05,-1.91E-04
1916,3.23E-04,2.51E-04,1.32E-04,1.99E-04,3.47E-04,2.45E-04,5.65E-05,2.47E-04,7.34E-05,1.41E-04,5.70E-04,1.55E-04,4.00E-04,3.45E-04,2.62E-04,1.34E-04,2.99E-04,3.12E-04,6.33E-06,-1.90E-04
1917,3.10E-04,2.38E-04,1.19E-04,1.86E-04,3.30E-04,2.30E-04,4.67E-05,2.39E-04,6.59E-05,1.47E-04,5.54E-04,1.50E-04,3.91E-04,3.28E-04,2.50E-04,1.17E-04,2.86E-04,3.00E-04,-2.86E-06,-1.88E-04
1918,3.00E-04,2.25E-04,1.07E-04,1.72E-04,3.14E-04,2.14E-04,3.69E-05,2.30E-04,5.82E-05,1.54E-04,5.36E-04,1.46E-04,3.81E-04,3.12E-04,2.38E-04,1.01E-04,2.74E-04,2.89E-04,-1.16E-05,-1.86E-04
1919,2.90E-04,2.14E-04,9.51E-05,1.60E-04,2.98E-04,1.98E-04,2.70E-05,2.21E-04,5.02E-05,1.60E-04,5.19E-04,1.42E-04,3.72E-04,2.95E-04,2.27E-04,8.65E-05,2.62E-04,2.78E-04,-1.99E-05,-1.82E-04
1920,2.81E-04,2.03E-04,8.39E-05,1.47E-04,2.82E-04,1.82E-04,1.68E-05,2.12E-04,4.21E-05,1.67E-04,5.01E-04,1.38E-04,3.62E-04,2.79E-04,2.16E-04,7.31E-05,2.50E-04,2.67E-04,-2.78E-05,-1.78E-04
1921,2.72E-04,1.93E-04,7.31E-05,1.35E-04,2.66E-04,1.65E-04,6.36E-06,2.02E-04,3.36E-05,1.73E-04,4.83E-04,1.35E-04,3.52E-04,2.62E-04,2.05E-04,6.08E-05,2.38E-04,2.56E-04,-3.53E-05,-1.73E-04
1922,2.64E-04,1.83E-04,6.25E-05,1.23E-04,2.51E-04,1.49E-04,-4.47E-06,1.92E-04,2.50E-05,1.79E-04,4.63E-04,1.31E-04,3.41E-04,2.46E-04,1.95E-04,4.91E-05,2.27E-04,2.44E-04,-4.25E-05,-1.67E-04
1923,2.57E-04,1.73E-04,5.19E-05,1.11E-04,2.35E-04,1.33E-04,-1.56E-05,1.80E-04,1.61E-05,1.85E-04,4.43E-04,1.27E-04,3.30E-04,2.28E-04,1.84E-04,3.79E-05,2.16E-04,2.32E-04,-4.95E-05,-1.60E-04
1924,2.49E-04,1.64E-04,4.11E-05,9.90E-05,2.19E-04,1.16E-04,-2.71E-05,1.69E-04,7.13E-06,1.90E-04,4.22E-04,1.22E-04,3.17E-04,2.11E-04,1.73E-04,2.69E-05,2.05E-04,2.20E-04,-5.65E-05,-1.53E-04
1925,2.41E-04,1.54E-04,3.01E-05,8.70E-05,2.03E-04,9.96E-05,-3.87E-05,1.57E-04,-1.97E-06,1.94E-04,4.00E-04,1.16E-04,3.04E-04,1.92E-04,1.62E-04,1.58E-05,1.94E-04,2.06E-04,-6.34E-05,-1.45E-04
1926,2.32E-04,1.44E-04,1.87E-05,7.49E-05,1.87E-04,8.31E-05,-5.04E-05,1.44E-04,-1.11E-05,1.98E-04,3.77E-04,1.10E-04,2.90E-04,1.72E-04,1.51E-04,4.38E-06,1.83E-04,1.92E-04,-7.04E-05,-1.37E-04
1927,2.22E-04,1.35E-04,6.77E-06,6.27E-05,1.70E-04,6.67E-05,-6.20E-05,1.31E-04,-2.01E-05,2.01E-04,3.53E-04,1.04E-04,2.75E-04,1.51E-04,1.38E-04,-7.53E-06,1.73E-04,1.77E-04,-7.76E-05,-1.29E-04
1928,2.12E-04,1.25E-04,-5.65E-06,5.04E-05,1.53E-04,5.04E-05,-7.33E-05,1.18E-04,-2.90E-05,2.03E-04,3.29E-04,9.63E-05,2.59E-04,1.30E-04,1.25E-04,-2.00E-05,1.62E-04,1.61E-04,-8.51E-05,-1.21E-04
1929,2.01E-04,1.14E-04,-1.86E-05,3.80E-05,1.35E-04,3.43E-05,-8.42E-05,1.06E-04,-3.77E-05,2.05E-04,3.05E-04,8.83E-05,2.42E-04,1.07E-04,1.12E-04,-3.32E-05,1.52E-04,1.44E-04,-9.28E-05,-1.13E-04
1930,1.90E-04,1.04E-04,-3.20E-05,2.57E-05,1.18E-04,1.85E-05,-9.44E-05,9.35E-05,-4.61E-05,2.06E-04,2.81E-04,7.99E-05,2.25E-04,8.43E-05,9.73E-05,-4.69E-05,1.42E-04,1.27E-04,-1.01E-04,-1.05E-04
1931,1.78E-04,9.27E-05,-4.57E-05,1.34E-05,9.98E-05,3.04E-06,-1.04E-04,8.16E-05,-5.40E-05,2.07E-04,2.58E-04,7.12E-05,2.08E-04,6.07E-05,8.26E-05,-6.11E-05,1.32E-04,1.09E-04,-1.09E-04,-9.76E-05
1932,1.65E-04,8.18E-05,-5.96E-05,1.30E-06,8.19E-05,-1.20E-05,-1.13E-04,7.03E-05,-6.16E-05,2.08E-04,2.34E-04,6.24E-05,1.90E-04,3.69E-05,6.76E-05,-7.56E-05,1.22E-04,9.12E-05,-1.18E-04,-9.06E-05
1933,1.53E-04,7.09E-05,-7.35E-05,-1.05E-05,6.42E-05,-2.65E-05,-1.20E-04,5.97E-05,-6.87E-05,2.09E-04,2.12E-04,5.37E-05,1.73E-04,1.31E-05,5.25E-05,-9.01E-05,1.12E-04,7.35E-05,-1.26E-04,-8.41E-05
1934,1.41E-04,6.02E-05,-8.72E-05,-2.19E-05,4.70E-05,-4.04E-05,-1.27E-04,4.99E-05,-7.54E-05,2.10E-04,1.91E-04,4.52E-05,1.56E-04,-1.05E-05,3.75E-05,-1.04E-04,1.03E-04,5.63E-05,-1.34E-04,-7.80E-05
1935,1.29E-04,4.98E-05,-1.00E-04,-3.27E-05,3.03E-05,-5.35E-05,-1.32E-04,4.09E-05,-8.15E-05,2.12E-04,1.71E-04,3.71E-05,1.39E-04,-3.34E-05,2.27E-05,-1.18E-04,9.40E-05,3.98E-05,-1.43E-04,-7.24E-05
1936,1.18E-04,4.00E-05,-1.13E-04,-4.29E-05,1.45E-05,-6.58E-05,-1.37E-04,3.27E-05,-8.72E-05,2.14E-04,1.52E-04,2.96E-05,1.23E-04,-5.55E-05,8.49E-06,-1.31E-04,8.53E-05,2.43E-05,-1.51E-04,-6.70E-05
1937,1.08E-04,3.09E-05,-1.25E-04,-5.22E-05,-1.78E-07,-7.70E-05,-1.40E-04,2.55E-05,-9.25E-05,2.17E-04,1.35E-04,2.28E-05,1.07E-04,-7.64E-05,-4.98E-06,-1.43E-04,7.71E-05,9.88E-06,-1.58E-04,-6.18E-05
1938,9.93E-05,2.27E-05,-1.35E-04,-6.06E-05,-1.36E-05,-8.72E-05,-1.43E-04,1.91E-05,-9.72E-05,2.20E-04,1.19E-04,1.67E-05,9.25E-05,-9.61E-05,-1.75E-05,-1.54E-04,6.94E-05,-3.16E-06,-1.64E-04,-5.65E-05
1939,9.20E-05,1.56E-05,-1.45E-04,-6.79E-05,-2.55E-05,-9.61E-05,-1.44E-04,1.35E-05,-1.01E-04,2.24E-04,1.05E-04,1.16E-05,7.89E-05,-1.14E-04,-2.88E-05,-1.63E-04,6.22E-05,-1.47E-05,-1.70E-04,-5.09E-05
1940,8.63E-05,9.66E-06,-1.53E-04,-7.39E-05,-3.56E-05,-1.04E-04,-1.45E-04,8.90E-06,-1.05E-04,2.30E-04,9.16E-05,7.40E-06,6.64E-05,-1.30E-04,-3.89E-05,-1.70E-04,5.56E-05,-2.47E-05,-1.75E-04,-4.49E-05
1941,8.23E-05,4.99E-06,-1.59E-04,-7.86E-05,-4.40E-05,-1.10E-04,-1.44E-04,5.14E-06,-1.08E-04,2.36E-04,8.01E-05,4.21E-06,5.50E-05,-1.45E-04,-4.74E-05,-1.76E-04,4.98E-05,-3.31E-05,-1.78E-04,-3.80E-05
1942,8.00E-05,1.66E-06,-1.64E-04,-8.19E-05,-5.03E-05,-1.14E-04,-1.43E-04,2.32E-06,-1.11E-04,2.43E-04,7.02E-05,2.06E-06,4.49E-05,-1.58E-04,-5.43E-05,-1.79E-04,4.48E-05,-3.98E-05,-1.80E-04,-3.01E-05
1943,7.94E-05,-2.59E-07,-1.67E-04,-8.36E-05,-5.44E-05,-1.16E-04,-1.41E-04,4.72E-07,-1.13E-04,2.51E-04,6.17E-05,1.00E-06,3.60E-05,-1.68E-04,-5.96E-05,-1.81E-04,4.07E-05,-4.49E-05,-1.81E-04,-2.10E-05
1944,8.05E-05,-7.62E-07,-1.69E-04,-8.36E-05,-5.64E-05,-1.17E-04,-1.37E-04,-3.15E-07,-1.14E-04,2.60E-04,5.48E-05,1.05E-06,2.86E-05,-1.77E-04,-6.30E-05,-1.80E-04,3.77E-05,-4.83E-05,-1.81E-04,-1.04E-05
1945,8.33E-05,1.58E-07,-1.69E-04,-8.19E-05,-5.62E-05,-1.16E-04,-1.33E-04,5.11E-08,-1.14E-04,2.70E-04,4.95E-05,2.24E-06,2.27E-05,-1.83E-04,-6.47E-05,-1.78E-04,3.58E-05,-5.01E-05,-1.78E-04,1.74E-06
1946,8.77E-05,2.48E-06,-1.67E-04,-7.83E-05,-5.38E-05,-1.12E-04,-1.28E-04,1.67E-06,-1.13E-04,2.81E-04,4.59E-05,4.61E-06,1.83E-05,-1.87E-04,-6.45E-05,-1.74E-04,3.52E-05,-5.04E-05,-1.75E-04,1.55E-05
1947,9.36E-05,6.16E-06,-1.63E-04,-7.29E-05,-4.91E-05,-1.07E-04,-1.22E-04,4.67E-06,-1.12E-04,2.93E-04,4.40E-05,8.18E-06,1.55E-05,-1.89E-04,-6.25E-05,-1.69E-04,3.60E-05,-4.91E-05,-1.70E-04,3.09E-05
1948,1.01E-04,1.12E-05,-1.58E-04,-6.56E-05,-4.23E-05,-9.95E-05,-1.14E-04,9.14E-06,-1.09E-04,3.06E-04,4.41E-05,1.30E-05,1.44E-05,-1.90E-04,-5.86E-05,-1.62E-04,3.82E-05,-4.64E-05,-1.64E-04,4.78E-05
1949,1.10E-04,1.74E-05,-1.52E-04,-5.64E-05,-3.35E-05,-9.02E-05,-1.06E-04,1.52E-05,-1.04E-04,3.20E-04,4.61E-05,1.90E-05,1.51E-05,-1.88E-04,-5.30E-05,-1.53E-04,4.20E-05,-4.22E-05,-1.56E-04,6.61E-05
1950,1.20E-04,2.48E-05,-1.44E-04,-4.54E-05,-2.27E-05,-7.91E-05,-9.55E-05,2.28E-05,-9.87E-05,3.34E-04,5.01E-05,2.63E-05,1.74E-05,-1.84E-04,-4.57E-05,-1.44E-04,4.73E-05,-3.66E-05,-1.48E-04,8.55E-05
1951,1.31E-04,3.34E-05,-1.35E-04,-3.27E-05,-1.03E-05,-6.63E-05,-8.42E-05,3.21E-05,-9.17E-05,3.49E-04,5.62E-05,3.49E-05,2.15E-05,-1.78E-04,-3.68E-05,-1.34E-04,5.41E-05,-2.97E-05,-1.38E-04,1.06E-04
1952,1.44E-04,4.29E-05,-1.25E-04,-1.83E-05,3.75E-06,-5.21E-05,-7.15E-05,4.30E-05,-8.34E-05,3.65E-04,6.43E-05,4.47E-05,2.73E-05,-1.71E-04,-2.63E-05,-1.23E-04,6.24E-05,-2.15E-05,-1.28E-04,1.27E-04
1953,1.58E-04,5.33E-05,-1.14E-04,-2.48E-06,1.91E-05,-3.68E-05,-5.76E-05,5.54E-05,-7.40E-05,3.81E-04,7.44E-05,5.56E-05,3.48E-05,-1.62E-04,-1.45E-05,-1.11E-04,7.20E-05,-1.21E-05,-1.17E-04,1.48E-04
1954,1.72E-04,6.45E-05,-1.02E-04,1.46E-05,3.55E-05,-2.05E-05,-4.25E-05,6.92E-05,-6.34E-05,3.98E-04,8.63E-05,6.76E-05,4.37E-05,-1.52E-04,-1.56E-06,-9.92E-05,8.29E-05,-1.64E-06,-1.06E-04,1.69E-04
1955,1.88E-04,7.63E-05,-8.89E-05,3.26E-05,5.26E-05,-3.63E-06,-2.63E-05,8.42E-05,-5.19E-05,4.14E-04,9.98E-05,8.05E-05,5.39E-05,-1.41E-04,1.24E-05,-8.70E-05,9.48E-05,9.73E-06,-9.40E-05,1.89E-04
1956,2.04E-04,8.86E-05,-7.57E-05,5.13E-05,7.02E-05,1.35E-05,-9.39E-06,1.00E-04,-3.96E-05,4.31E-04,1.15E-04,9.41E-05,6.52E-05,-1.29E-04,2.71E-05,-7.49E-05,1.07E-04,2.19E-05,-8.25E-05,2.09E-04
1957,2.21E-04,1.01E-04,-6.21E-05,7.04E-05,8.79E-05,3.06E-05,8.17E-06,1.16E-04,-2.69E-05,4.47E-04,1.30E-04,1.08E-04,7.74E-05,-1.16E-04,4.23E-05,-6.30E-05,1.21E-04,3.45E-05,-7.11E-05,2.27E-04
1958,2.38E-04,1.14E-04,-4.85E-05,8.94E-05,1.05E-04,4.74E-05,2.61E-05,1.33E-04,-1.40E-05,4.63E-04,1.46E-04,1.23E-04,9.00E-05,-1.03E-04,5.77E-05,-5.15E-05,1.34E-04,4.75E-05,-6.02E-05,2.45E-04
1959,2.55E-04,1.27E-04,-3.50E-05,1.08E-04,1.22E-04,6.34E-05,4.40E-05,1.50E-04,-1.12E-06,4.79E-04,1.63E-04,1.37E-04,1.03E-04,-8.97E-05,7.30E-05,-4.07E-05,1.47E-04,6.04E-05,-4.98E-05,2.61E-04
1960,2.71E-04,1.39E-04,-2.18E-05,1.26E-04,1.38E-04,7.85E-05,6.17E-05,1.66E-04,1.14E-05,4.93E-04,1.78E-04,1.51E-04,1.16E-04,-7.70E-05,8.79E-05,-3.08E-05,1.59E-04,7.31E-05,-4.03E-05,2.76E-04
1961,2.88E-04,1.51E-04,-9.17E-06,1.43E-04,1.53E-04,9.23E-05,7.87E-05,1.81E-04,2.32E-05,5.06E-04,1.93E-04,1.64E-04,1.28E-04,-6.51E-05,1.02E-04,-2.20E-05,1.71E-04,8.52E-05,-3.18E-05,2.89E-04
1962,3.03E-04,1.62E-04,2.61E-06,1.59E-04,1.67E-04,1.05E-04,9.49E-05,1.94E-04,3.41E-05,5.18E-04,2.07E-04,1.77E-04,1.39E-04,-5.41E-05,1.15E-04,-1.45E-05,1.81E-04,9.64E-05,-2.44E-05,3.02E-04
1963,3.17E-04,1.72E-04,1.33E-05,1.72E-04,1.78E-04,1.15E-04,1.10E-04,2.06E-04,4.39E-05,5.29E-04,2.19E-04,1.88E-04,1.49E-04,-4.44E-05,1.27E-04,-8.58E-06,1.90E-04,1.06E-04,-1.82E-05,3.13E-04
1964,3.30E-04,1.81E-04,2.28E-05,1.84E-04,1.88E-04,1.24E-04,1.23E-04,2.16E-04,5.23E-05,5.38E-04,2.29E-04,1.98E-04,1.58E-04,-3.61E-05,1.38E-04,-4.30E-06,1.97E-04,1.15E-04,-1.34E-05,3.22E-04
1965,3.41E-04,1.88E-04,3.08E-05,1.94E-04,1.95E-04,1.31E-04,1.35E-04,2.24E-04,5.93E-05,5.45E-04,2.36E-04,2.06E-04,1.65E-04,-2.95E-05,1.46E-04,-1.84E-06,2.03E-04,1.22E-04,-1.01E-05,3.31E-04
1966,3.49E-04,1.94E-04,3.72E-05,2.01E-04,2.00E-04,1.36E-04,1.45E-04,2.30E-04,6.46E-05,5.51E-04,2.41E-04,2.12E-04,1.70E-04,-2.46E-05,1.53E-04,-1.30E-06,2.05E-04,1.27E-04,-8.14E-06,3.39E-04
1967,3.56E-04,1.99E-04,4.19E-05,2.06E-04,2.03E-04,1.39E-04,1.53E-04,2.33E-04,6.84E-05,5.54E-04,2.44E-04,2.17E-04,1.74E-04,-2.16E-05,1.57E-04,-2.74E-06,2.06E-04,1.30E-04,-7.66E-06,3.45E-04
1968,3.60E-04,2.02E-04,4.47E-05,2.09E-04,2.03E-04,1.40E-04,1.60E-04,2.34E-04,7.05E-05,5.56E-04,2.44E-04,2.19E-04,1.75E-04,-2.05E-05,1.60E-04,-6.13E-06,2.05E-04,1.31E-04,-8.58E-06,3.51E-04
1969,3.62E-04,2.03E-04,4.57E-05,2.09E-04,2.01E-04,1.39E-04,1.64E-04,2.33E-04,7.10E-05,5.57E-04,2.41E-04,2.19E-04,1.74E-04,-2.12E-05,1.60E-04,-1.14E-05,2.01E-04,1.30E-04,-1.08E-05,3.55E-04
1970,3.61E-04,2.02E-04,4.49E-05,2.07E-04,1.97E-04,1.37E-04,1.66E-04,2.29E-04,7.00E-05,5.55E-04,2.36E-04,2.17E-04,1.72E-04,-2.35E-05,1.59E-04,-1.85E-05,1.96E-04,1.27E-04,-1.42E-05,3.58E-04
1971,3.58E-04,2.00E-04,4.23E-05,2.03E-04,1.90E-04,1.32E-04,1.66E-04,2.23E-04,6.76E-05,5.52E-04,2.29E-04,2.14E-04,1.67E-04,-2.75E-05,1.55E-04,-2.72E-05,1.88E-04,1.22E-04,-1.87E-05,3.59E-04
1972,3.52E-04,1.96E-04,3.80E-05,1.96E-04,1.82E-04,1.27E-04,1.64E-04,2.16E-04,6.40E-05,5.48E-04,2.21E-04,2.08E-04,1.61E-04,-3.30E-05,1.50E-04,-3.74E-05,1.79E-04,1.16E-04,-2.41E-05,3.59E-04
1973,3.45E-04,1.91E-04,3.22E-05,1.89E-04,1.72E-04,1.20E-04,1.61E-04,2.07E-04,5.93E-05,5.42E-04,2.10E-04,2.01E-04,1.54E-04,-3.97E-05,1.43E-04,-4.87E-05,1.68E-04,1.08E-04,-3.02E-05,3.57E-04
1974,3.35E-04,1.85E-04,2.50E-05,1.80E-04,1.62E-04,1.12E-04,1.57E-04,1.96E-04,5.36E-05,5.35E-04,1.99E-04,1.92E-04,1.45E-04,-4.75E-05,1.35E-04,-6.10E-05,1.56E-04,9.92E-05,-3.68E-05,3.54E-04
1975,3.24E-04,1.78E-04,1.66E-05,1.69E-04,1.50E-04,1.03E-04,1.51E-04,1.85E-04,4.73E-05,5.28E-04,1.86E-04,1.82E-04,1.36E-04,-5.63E-05,1.26E-04,-7.39E-05,1.42E-04,8.92E-05,-4.38E-05,3.49E-04
1976,3.11E-04,1.70E-04,7.22E-06,1.58E-04,1.37E-04,9.34E-05,1.44E-04,1.73E-04,4.04E-05,5.20E-04,1.73E-04,1.71E-04,1.25E-04,-6.58E-05,1.16E-04,-8.73E-05,1.28E-04,7.85E-05,-5.10E-05,3.42E-04
1977,2.96E-04,1.61E-04,-2.99E-06,1.46E-04,1.24E-04,8.35E-05,1.37E-04,1.60E-04,3.30E-05,5.11E-04,1.59E-04,1.59E-04,1.15E-04,-7.60E-05,1.06E-04,-1.01E-04,1.13E-04,6.74E-05,-5.82E-05,3.34E-04
1978,2.81E-04,1.52E-04,-1.38E-05,1.33E-04,1.11E-04,7.33E-05,1.29E-04,1.47E-04,2.54E-05,5.03E-04,1.45E-04,1.47E-04,1.03E-04,-8.66E-05,9.47E-05,-1.14E-04,9.69E-05,5.59E-05,-6.53E-05,3.24E-04
1979,2.65E-04,1.42E-04,-2.52E-05,1.20E-04,9.77E-05,6.31E-05,1.20E-04,1.34E-04,1.76E-05,4.94E-04,1.30E-04,1.33E-04,9.20E-05,-9.77E-05,8.36E-05,-1.27E-04,8.04E-05,4.43E-05,-7.22E-05,3.14E-04
1980,2.48E-04,1.32E-04,-3.68E-05,1.07E-04,8.48E-05,5.30E-05,1.11E-04,1.21E-04,9.77E-06,4.85E-04,1.16E-04,1.20E-04,8.04E-05,-1.09E-04,7.25E-05,-1.40E-04,6.34E-05,3.27E-05,-7.88E-05,3.04E-04
1981,2.30E-04,1.23E-04,-4.87E-05,9.38E-05,7.21E-05,4.30E-05,1.02E-04,1.08E-04,1.98E-06,4.77E-04,1.01E-04,1.06E-04,6.88E-05,-1.21E-04,6.14E-05,-1.52E-04,4.61E-05,2.11E-05,-8.52E-05,2.94E-04
1982,2.12E-04,1.12E-04,-6.06E-05,8.03E-05,5.99E-05,3.33E-05,9.33E-05,9.57E-05,-5.69E-06,4.69E-04,8.63E-05,9.15E-05,5.73E-05,-1.32E-04,5.06E-05,-1.63E-04,2.84E-05,9.65E-06,-9.14E-05,2.84E-04
1983,1.94E-04,1.02E-04,-7.27E-05,6.68E-05,4.80E-05,2.38E-05,8.42E-05,8.33E-05,-1.32E-05,4.61E-04,7.12E-05,7.69E-05,4.57E-05,-1.44E-04,4.00E-05,-1.74E-04,1.04E-05,-1.80E-06,-9.73E-05,2.76E-04
1984,1.75E-04,9.21E-05,-8.47E-05,5.31E-05,3.64E-05,1.48E-05,7.51E-05,7.12E-05,-2.05E-05,4.54E-04,5.60E-05,6.23E-05,3.42E-05,-1.56E-04,2.96E-05,-1.84E-04,-7.89E-06,-1.32E-05,-1.03E-04,2.70E-04
1985,1.56E-04,8.18E-05,-9.68E-05,3.92E-05,2.50E-05,5.96E-06,6.61E-05,5.93E-05,-2.76E-05,4.47E-04,4.05E-05,4.75E-05,2.27E-05,-1.68E-04,1.95E-05,-1.93E-04,-2.64E-05,-2.47E-05,-1.09E-04,2.67E-04
1986,1.37E-04,7.14E-05,-1.09E-04,2.51E-05,1.37E-05,-2.59E-06,5.71E-05,4.77E-05,-3.44E-05,4.41E-04,2.47E-05,3.27E-05,1.12E-05,-1.80E-04,9.62E-06,-2.02E-04,-4.50E-05,-3.63E-05,-1.14E-04,2.65E-04
1987,1.17E-04,6.07E-05,-1.21E-04,1.06E-05,2.37E-06,-1.10E-05,4.80E-05,3.63E-05,-4.09E-05,4.35E-04,8.60E-06,1.77E-05,-3.76E-07,-1.92E-04,-1.33E-07,-2.10E-04,-6.38E-05,-4.82E-05,-1.20E-04,2.67E-04
1988,9.61E-05,4.97E-05,-1.33E-04,-4.23E-06,-9.21E-06,-1.93E-05,3.88E-05,2.50E-05,-4.72E-05,4.29E-04,-7.76E-06,2.78E-06,-1.21E-05,-2.03E-04,-9.79E-06,-2.18E-04,-8.26E-05,-6.03E-05,-1.26E-04,2.70E-04
1989,7.51E-05,3.83E-05,-1.45E-04,-1.96E-05,-2.12E-05,-2.76E-05,2.94E-05,1.38E-05,-5.33E-05,4.24E-04,-2.44E-05,-1.22E-05,-2.40E-05,-2.14E-04,-1.94E-05,-2.25E-04,-1.01E-04,-7.28E-05,-1.33E-04,2.76E-04
1990,5.37E-05,2.65E-05,-1.58E-04,-3.54E-05,-3.37E-05,-3.62E-05,1.98E-05,2.68E-06,-5.91E-05,4.20E-04,-4.12E-05,-2.71E-05,-3.61E-05,-2.25E-04,-2.91E-05,-2.32E-04,-1.20E-04,-8.56E-05,-1.39E-04,2.82E-04
1991,3.19E-05,1.43E-05,-1.70E-04,-5.18E-05,-4.68E-05,-4.49E-05,9.75E-06,-8.48E-06,-6.48E-05,4.16E-04,-5.82E-05,-4.20E-05,-4.85E-05,-2.36E-04,-3.88E-05,-2.38E-04,-1.39E-04,-9.89E-05,-1.46E-04,2.90E-04
1992,9.63E-06,1.46E-06,-1.83E-04,-6.88E-05,-6.07E-05,-5.41E-05,-6.74E-07,-1.97E-05,-7.03E-05,4.12E-04,-7.52E-05,-5.67E-05,-6.11E-05,-2.45E-04,-4.86E-05,-2.43E-04,-1.57E-04,-1.13E-04,-1.54E-04,2.98E-04
1993,-1.30E-05,-1.19E-05,-1.95E-04,-8.64E-05,-7.53E-05,-6.37E-05,-1.16E-05,-3.10E-05,-7.57E-05,4.09E-04,-9.22E-05,-7.13E-05,-7.40E-05,-2.55E-04,-5.85E-05,-2.49E-04,-1.74E-04,-1.27E-04,-1.62E-04,3.05E-04
1994,-3.58E-05,-2.57E-05,-2.08E-04,-1.04E-04,-9.07E-05,-7.38E-05,-2.30E-05,-4.24E-05,-8.10E-05,4.06E-04,-1.09E-04,-8.57E-05,-8.71E-05,-2.63E-04,-6.86E-05,-2.54E-04,-1.92E-04,-1.41E-04,-1.70E-04,3.10E-04
1995,-5.88E-05,-4.00E-05,-2.20E-04,-1.23E-04,-1.07E-04,-8.44E-05,-3.50E-05,-5.39E-05,-8.63E-05,4.03E-04,-1.26E-04,-9.98E-05,-1.00E-04,-2.71E-04,-7.87E-05,-2.58E-04,-2.08E-04,-1.55E-04,-1.78E-04,3.13E-04
1996,-8.18E-05,-5.47E-05,-2.33E-04,-1.42E-04,-1.23E-04,-9.54E-05,-4.75E-05,-6.54E-05,-9.15E-05,4.01E-04,-1.42E-04,-1.14E-04,-1.14E-04,-2.78E-04,-8.89E-05,-2.62E-04,-2.24E-04,-1.70E-04,-1.87E-04,3.13E-04
1997,-1.05E-04,-6.98E-05,-2.45E-04,-1.61E-04,-1.40E-04,-1.07E-04,-6.04E-05,-7.70E-05,-9.67E-05,3.99E-04,-1.58E-04,-1.27E-04,-1.27E-04,-2.85E-04,-9.91E-05,-2.65E-04,-2.40E-04,-1.84E-04,-1.95E-04,3.11E-04
1998,-1.27E-04,-8.52E-05,-2.58E-04,-1.80E-04,-1.57E-04,-1.19E-04,-7.38E-05,-8.86E-05,-1.02E-04,3.98E-04,-1.73E-04,-1.40E-04,-1.41E-04,-2.90E-04,-1.09E-04,-2.69E-04,-2.55E-04,-1.98E-04,-2.04E-04,3.05E-04
1999,-1.49E-04,-1.01E-04,-2.69E-04,-1.98E-04,-1.75E-04,-1.30E-04,-8.75E-05,-1.00E-04,-1.07E-04,3.98E-04,-1.88E-04,-1.52E-04,-1.55E-04,-2.96E-04,-1.19E-04,-2.71E-04,-2.69E-04,-2.12E-04,-2.12E-04,2.97E-04
2000,-1.71E-04,-1.16E-04,-2.81E-04,-2.17E-04,-1.91E-04,-1.42E-04,-1.01E-04,-1.11E-04,-1.12E-04,3.97E-04,-2.02E-04,-1.64E-04,-1.68E-04,-3.00E-04,-1.29E-04,-2.74E-04,-2.82E-04,-2.25E-04,-2.20E-04,2.86E-04
2001,-1.91E-04,-1.32E-04,-2.91E-04,-2.35E-04,-2.07E-04,-1.54E-04,-1.15E-04,-1.22E-04,-1.18E-04,3.98E-04,-2.16E-04,-1.75E-04,-1.81E-04,-3.04E-04,-1.38E-04,-2.76E-04,-2.95E-04,-2.38E-04,-2.28E-04,2.74E-04
2002,-2.11E-04,-1.47E-04,-3.01E-04,-2.51E-04,-2.23E-04,-1.65E-04,-1.29E-04,-1.33E-04,-1.23E-04,3.99E-04,-2.29E-04,-1.85E-04,-1.94E-04,-3.08E-04,-1.47E-04,-2.79E-04,-3.07E-04,-2.50E-04,-2.36E-04,2.62E-04
2003,-2.30E-04,-1.62E-04,-3.11E-04,-2.67E-04,-2.37E-04,-1.75E-04,-1.42E-04,-1.43E-04,-1.28E-04,4.01E-04,-2.41E-04,-1.95E-04,-2.06E-04,-3.11E-04,-1.56E-04,-2.81E-04,-3.18E-04,-2.62E-04,-2.43E-04,2.50E-04
2004,-2.47E-04,-1.76E-04,-3.19E-04,-2.82E-04,-2.50E-04,-1.85E-04,-1.55E-04,-1.52E-04,-1.32E-04,4.03E-04,-2.52E-04,-2.03E-04,-2.18E-04,-3.14E-04,-1.64E-04,-2.83E-04,-3.29E-04,-2.72E-04,-2.49E-04,2.40E-04
2005,-2.63E-04,-1.90E-04,-3.26E-04,-2.95E-04,-2.61E-04,-1.94E-04,-1.67E-04,-1.60E-04,-1.36E-04,4.06E-04,-2.63E-04,-2.11E-04,-2.29E-04,-3.16E-04,-1.71E-04,-2.86E-04,-3.38E-04,-2.82E-04,-2.55E-04,2.33E-04
2006,-2.78E-04,-2.02E-04,-3.33E-04,-3.07E-04,-2.70E-04,-2.01E-04,-1.78E-04,-1.68E-04,-1.40E-04,4.10E-04,-2.73E-04,-2.17E-04,-2.39E-04,-3.18E-04,-1.78E-04,-2.89E-04,-3.47E-04,-2.90E-04,-2.60E-04,2.30E-04
2007,-2.91E-04,-2.14E-04,-3.38E-04,-3.17E-04,-2.78E-04,-2.07E-04,-1.87E-04,-1.74E-04,-1.43E-04,4.14E-04,-2.81E-04,-2.22E-04,-2.48E-04,-3.20E-04,-1.84E-04,-2.92E-04,-3.55E-04,-2.98E-04,-2.65E-04,2.31E-04
2008,-3.02E-04,-2.25E-04,-3.42E-04,-3.26E-04,-2.84E-04,-2.12E-04,-1.95E-04,-1.79E-04,-1.45E-04,4.18E-04,-2.89E-04,-2.26E-04,-2.56E-04,-3.21E-04,-1.89E-04,-2.95E-04,-3.61E-04,-3.04E-04,-2.69E-04,2.36E-04
2009,-3.12E-04,-2.35E-04,-3.45E-04,-3.32E-04,-2.88E-04,-2.15E-04,-2.02E-04,-1.82E-04,-1.46E-04,4.24E-04,-2.95E-04,-2.28E-04,-2.63E-04,-3.21E-04,-1.94E-04,-2.99E-04,-3.66E-04,-3.10E-04,-2.73E-04,2.47E-04
2010,-3.20E-04,-2.43E-04,-3.47E-04,-3.37E-04,-2.91E-04,-2.17E-04,-2.07E-04,-1.84E-04,-1.47E-04,4.29E-04,-3.01E-04,-2.29E-04,-2.69E-04,-3.21E-04,-1.97E-04,-3.02E-04,-3.70E-04,-3.15E-04,-2.77E-04,2.62E-04
2011,-3.26E-04,-2.51E-04,-3.47E-04,-3.41E-04,-2.92E-04,-2.19E-04,-2.11E-04,-1.84E-04,-1.46E-04,4.34E-04,-3.04E-04,-2.28E-04,-2.74E-04,-3.20E-04,-2.00E-04,-3.06E-04,-3.72E-04,-3.19E-04,-2.79E-04,2.80E-04
2012,-3.31E-04,-2.57E-04,-3.47E-04,-3.42E-04,-2.92E-04,-2.19E-04,-2.13E-04,-1.83E-04,-1.45E-04,4.40E-04,-3.07E-04,-2.26E-04,-2.77E-04,-3.19E-04,-2.02E-04,-3.10E-04,-3.72E-04,-3.22E-04,-2.82E-04,3.02E-04
2013,-3.34E-04,-2.61E-04,-3.45E-04,-3.42E-04,-2.91E-04,-2.19E-04,-2.14E-04,-1.81E-04,-1.43E-04,4.45E-04,-3.08E-04,-2.22E-04,-2.79E-04,-3.16E-04,-2.04E-04,-3.14E-04,-3.71E-04,-3.24E-04,-2.83E-04,3.24E-04
2014,-3.36E-04,-2.65E-04,-3.42E-04,-3.41E-04,-2.90E-04,-2.18E-04,-2.13E-04,-1.78E-04,-1.39E-04,4.50E-04,-3.08E-04,-2.16E-04,-2.81E-04,-3.13E-04,-2.05E-04,-3.17E-04,-3.68E-04,-3.26E-04,-2.85E-04,3.47E-04
2015,-3.36E-04,-2.67E-04,-3.38E-04,-3.39E-04,-2.88E-04,-2.17E-04,-2.11E-04,-1.73E-04,-1.36E-04,4.55E-04,-3.07E-04,-2.10E-04,-2.81E-04,-3.08E-04,-2.05E-04,-3.20E-04,-3.63E-04,-3.26E-04,-2.86E-04,3.68E-04
2016,-3.34E-04,-2.68E-04,-3.34E-04,-3.36E-04,-2.85E-04,-2.16E-04,-2.08E-04,-1.68E-04,-1.31E-04,4.58E-04,-3.05E-04,-2.02E-04,-2.81E-04,-3.03E-04,-2.05E-04,-3.23E-04,-3.56E-04,-3.27E-04,-2.87E-04,3.87E-04
2017,-3.32E-04,-2.68E-04,-3.29E-04,-3.32E-04,-2.83E-04,-2.15E-04,-2.05E-04,-1.62E-04,-1.27E-04,4.62E-04,-3.02E-04,-1.93E-04,-2.80E-04,-2.98E-04,-2.04E-04,-3.25E-04,-3.48E-04,-3.27E-04,-2.87E-04,4.02E-04
2018,-3.28E-04,-2.68E-04,-3.23E-04,-3.29E-04,-2.81E-04,-2.15E-04,-2.01E-04,-1.56E-04,-1.22E-04,4.64E-04,-2.98E-04,-1.84E-04,-2.78E-04,-2.92E-04,-2.04E-04,-3.27E-04,-3.38E-04,-3.26E-04,-2.87E-04,4.12E-04
2019,-3.24E-04,-2.67E-04,-3.17E-04,-3.25E-04,-2.79E-04,-2.16E-04,-1.97E-04,-1.51E-04,-1.18E-04,4.66E-04,-2.94E-04,-1.74E-04,-2.77E-04,-2.86E-04,-2.03E-04,-3.29E-04,-3.28E-04,-3.26E-04,-2.87E-04,4.17E-04
2020,-3.19E-04,-2.65E-04,-3.10E-04,-3.21E-04,-2.79E-04,-2.17E-04,-1.93E-04,-1.45E-04,-1.14E-04,4.67E-04,-2.91E-04,-1.64E-04,-2.75E-04,-2.81E-04,-2.03E-04,-3.30E-04,-3.17E-04,-3.25E-04,-2.86E-04,4.17E-04
2021,-3.14E-04,-2.63E-04,-3.04E-04,-3.18E-04,-2.79E-04,-2.20E-04,-1.90E-04,-1.40E-04,-1.11E-04,4.68E-04,-2.88E-04,-1.54E-04,-2.74E-04,-2.75E-04,-2.03E-04,-3.32E-04,-3.06E-04,-3.25E-04,-2.86E-04,4.13E-04
2022,-3.08E-04,-2.62E-04,-2.98E-04,-3.15E-04,-2.80E-04,-2.23E-04,-1.87E-04,-1.36E-04,-1.09E-04,4.68E-04,-2.85E-04,-1.45E-04,-2.73E-04,-2.70E-04,-2.03E-04,-3.34E-04,-2.95E-04,-3.24E-04,-2.85E-04,4.06E-04
2023,-3.03E-04,-2.61E-04,-2.93E-04,-3.13E-04,-2.82E-04,-2.27E-04,-1.85E-04,-1.33E-04,-1.09E-04,4.67E-04,-2.84E-04,-1.36E-04,-2.73E-04,-2.67E-04,-2.05E-04,-3.36E-04,-2.85E-04,-3.24E-04,-2.85E-04,3.96E-04
2024,-2.98E-04,-2.60E-04,-2.88E-04,-3.13E-04,-2.84E-04,-2.32E-04,-1.83E-04,-1.32E-04,-1.09E-04,4.66E-04,-2.84E-04,-1.29E-04,-2.74E-04,-2.64E-04,-2.06E-04,-3.39E-04,-2.76E-04,-3.25E-04,-2.85E-04,3.87E-04
2025,-2.93E-04,-2.60E-04,-2.84E-04,-3.13E-04,-2.88E-04,-2.38E-04,-1.83E-04,-1.31E-04,-1.11E-04,4.65E-04,-2.85E-04,-1.22E-04,-2.75E-04,-2.62E-04,-2.09E-04,-3.42E-04,-2.69E-04,-3.26E-04,-2.85E-04,3.78E-04
2026,-2.90E-04,-2.60E-04,-2.80E-04,-3.14E-04,-2.92E-04,-2.44E-04,-1.83E-04,-1.32E-04,-1.14E-04,4.63E-04,-2.89E-04,-1.17E-04,-2.77E-04,-2.62E-04,-2.13E-04,-3.47E-04,-2.64E-04,-3.28E-04,-2.85E-04,3.73E-04
2027,-2.87E-04,-2.62E-04,-2.78E-04,-3.16E-04,-2.97E-04,-2.50E-04,-1.84E-04,-1.35E-04,-1.19E-04,4.62E-04,-2.94E-04,-1.14E-04,-2.80E-04,-2.62E-04,-2.17E-04,-3.53E-04,-2.60E-04,-3.31E-04,-2.85E-04,3.72E-04
2028,-2.85E-04,-2.64E-04,-2.76E-04,-3.19E-04,-3.02E-04,-2.57E-04,-1.86E-04,-1.38E-04,-1.25E-04,4.60E-04,-3.00E-04,-1.11E-04,-2.83E-04,-2.64E-04,-2.22E-04,-3.60E-04,-2.59E-04,-3.33E-04,-2.86E-04,3.77E-04
2029,-2.84E-04,-2.66E-04,-2.75E-04,-3.23E-04,-3.07E-04,-2.64E-04,-1.88E-04,-1.43E-04,-1.32E-04,4.59E-04,-3.08E-04,-1.10E-04,-2.87E-04,-2.67E-04,-2.27E-04,-3.68E-04,-2.60E-04,-3.37E-04,-2.87E-04,3.88E-04
2030,-2.83E-04,-2.70E-04,-2.76E-04,-3.27E-04,-3.12E-04,-2.71E-04,-1.91E-04,-1.48E-04,-1.40E-04,4.58E-04,-3.17E-04,-1.11E-04,-2.91E-04,-2.71E-04,-2.33E-04,-3.76E-04,-2.63E-04,-3.41E-04,-2.88E-04,4.05E-04
2031,-2.83E-04,-2.74E-04,-2.76E-04,-3.31E-04,-3.17E-04,-2.77E-04,-1.94E-04,-1.54E-04,-1.48E-04,4.57E-04,-3.27E-04,-1.12E-04,-2.95E-04,-2.76E-04,-2.40E-04,-3.86E-04,-2.67E-04,-3.44E-04,-2.88E-04,4.28E-04
2032,-2.84E-04,-2.78E-04,-2.78E-04,-3.35E-04,-3.22E-04,-2.84E-04,-1.97E-04,-1.61E-04,-1.57E-04,4.57E-04,-3.37E-04,-1.13E-04,-2.99E-04,-2.80E-04,-2.46E-04,-3.95E-04,-2.73E-04,-3.48E-04,-2.89E-04,4.56E-04
2033,-2.86E-04,-2.82E-04,-2.79E-04,-3.39E-04,-3.27E-04,-2.89E-04,-1.99E-04,-1.67E-04,-1.66E-04,4.56E-04,-3.48E-04,-1.16E-04,-3.03E-04,-2.85E-04,-2.52E-04,-4.05E-04,-2.80E-04,-3.52E-04,-2.89E-04,4.88E-04
2034,-2.87E-04,-2.87E-04,-2.81E-04,-3.43E-04,-3.31E-04,-2.95E-04,-2.01E-04,-1.73E-04,-1.74E-04,4.56E-04,-3.58E-04,-1.18E-04,-3.06E-04,-2.89E-04,-2.57E-04,-4.14E-04,-2.87E-04,-3.55E-04,-2.88E-04,5.20E-04
2035,-2.88E-04,-2.90E-04,-2.83E-04,-3.46E-04,-3.34E-04,-3.00E-04,-2.03E-04,-1.79E-04,-1.82E-04,4.55E-04,-3.67E-04,-1.20E-04,-3.08E-04,-2.93E-04,-2.62E-04,-4.22E-04,-2.94E-04,-3.58E-04,-2.86E-04,5.52E-04
2036,-2.89E-04,-2.93E-04,-2.84E-04,-3.48E-04,-3.37E-04,-3.04E-04,-2.03E-04,-1.83E-04,-1.89E-04,4.54E-04,-3.75E-04,-1.22E-04,-3.09E-04,-2.96E-04,-2.66E-04,-4.29E-04,-3.01E-04,-3.59E-04,-2.84E-04,5.81E-04
2037,-2.89E-04,-2.96E-04,-2.85E-04,-3.48E-04,-3.38E-04,-3.09E-04,-2.03E-04,-1.87E-04,-1.95E-04,4.53E-04,-3.82E-04,-1.23E-04,-3.09E-04,-2.98E-04,-2.69E-04,-4.35E-04,-3.06E-04,-3.60E-04,-2.80E-04,6.06E-04
2038,-2.89E-04,-2.97E-04,-2.85E-04,-3.48E-04,-3.40E-04,-3.13E-04,-2.02E-04,-1.90E-04,-1.99E-04,4.52E-04,-3.87E-04,-1.23E-04,-3.08E-04,-2.98E-04,-2.72E-04,-4.39E-04,-3.11E-04,-3.59E-04,-2.75E-04,6.24E-04
2039,-2.88E-04,-2.97E-04,-2.85E-04,-3.46E-04,-3.40E-04,-3.16E-04,-2.00E-04,-1.91E-04,-2.03E-04,4.50E-04,-3.90E-04,-1.22E-04,-3.06E-04,-2.98E-04,-2.73E-04,-4.41E-04,-3.13E-04,-3.57E-04,-2.69E-04,6.35E-04
2040,-2.86E-04,-2.96E-04,-2.84E-04,-3.43E-04,-3.40E-04,-3.20E-04,-1.96E-04,-1.92E-04,-2.05E-04,4.47E-04,-3.91E-04,-1.20E-04,-3.02E-04,-2.97E-04,-2.73E-04,-4.42E-04,-3.14E-04,-3.54E-04,-2.63E-04,6.38E-04
2041,-2.82E-04,-2.94E-04,-2.81E-04,-3.39E-04,-3.39E-04,-3.23E-04,-1.92E-04,-1.91E-04,-2.06E-04,4.44E-04,-3.91E-04,-1.17E-04,-2.98E-04,-2.94E-04,-2.72E-04,-4.40E-04,-3.13E-04,-3.50E-04,-2.55E-04,6.33E-04
2042,-2.78E-04,-2.90E-04,-2.78E-04,-3.33E-04,-3.37E-04,-3.25E-04,-1.86E-04,-1.88E-04,-2.05E-04,4.40E-04,-3.89E-04,-1.12E-04,-2.94E-04,-2.91E-04,-2.70E-04,-4.38E-04,-3.11E-04,-3.45E-04,-2.46E-04,6.21E-04
2043,-2.72E-04,-2.85E-04,-2.74E-04,-3.26E-04,-3.34E-04,-3.28E-04,-1.80E-04,-1.85E-04,-2.04E-04,4.35E-04,-3.85E-04,-1.07E-04,-2.88E-04,-2.88E-04,-2.67E-04,-4.34E-04,-3.06E-04,-3.39E-04,-2.38E-04,6.05E-04
2044,-2.66E-04,-2.79E-04,-2.69E-04,-3.18E-04,-3.31E-04,-3.30E-04,-1.73E-04,-1.80E-04,-2.01E-04,4.31E-04,-3.81E-04,-1.00E-04,-2.83E-04,-2.84E-04,-2.65E-04,-4.30E-04,-3.00E-04,-3.32E-04,-2.28E-04,5.86E-04
2045,-2.58E-04,-2.72E-04,-2.63E-04,-3.08E-04,-3.27E-04,-3.32E-04,-1.65E-04,-1.75E-04,-1.98E-04,4.25E-04,-3.75E-04,-9.29E-05,-2.77E-04,-2.80E-04,-2.62E-04,-4.26E-04,-2.93E-04,-3.24E-04,-2.19E-04,5.67E-04
2046,-2.50E-04,-2.64E-04,-2.56E-04,-2.98E-04,-3.23E-04,-3.32E-04,-1.57E-04,-1.68E-04,-1.94E-04,4.20E-04,-3.69E-04,-8.49E-05,-2.71E-04,-2.76E-04,-2.58E-04,-4.22E-04,-2.86E-04,-3.16E-04,-2.11E-04,5.50E-04
2047,-2.41E-04,-2.56E-04,-2.49E-04,-2.88E-04,-3.17E-04,-3.33E-04,-1.47E-04,-1.61E-04,-1.89E-04,4.14E-04,-3.63E-04,-7.66E-05,-2.66E-04,-2.73E-04,-2.56E-04,-4.19E-04,-2.77E-04,-3.08E-04,-2.02E-04,5.39E-04
2048,-2.32E-04,-2.46E-04,-2.41E-04,-2.76E-04,-3.11E-04,-3.32E-04,-1.38E-04,-1.54E-04,-1.84E-04,4.09E-04,-3.58E-04,-6.80E-05,-2.61E-04,-2.70E-04,-2.53E-04,-4.17E-04,-2.69E-04,-3.00E-04,-1.95E-04,5.36E-04
2049,-2.23E-04,-2.37E-04,-2.33E-04,-2.64E-04,-3.05E-04,-3.30E-04,-1.28E-04,-1.45E-04,-1.79E-04,4.04E-04,-3.52E-04,-5.92E-05,-2.57E-04,-2.67E-04,-2.50E-04,-4.15E-04,-2.61E-04,-2.92E-04,-1.88E-04,5.42E-04
2050,-2.13E-04,-2.26E-04,-2.24E-04,-2.52E-04,-2.97E-04,-3.28E-04,-1.17E-04,-1.37E-04,-1.73E-04,4.00E-04,-3.47E-04,-5.05E-05,-2.53E-04,-2.65E-04,-2.48E-04,-4.15E-04,-2.53E-04,-2.84E-04,-1.83E-04,5.58E-04
2051,-2.03E-04,-2.16E-04,-2.15E-04,-2.40E-04,-2.89E-04,-3.24E-04,-1.06E-04,-1.27E-04,-1.67E-04,3.97E-04,-3.42E-04,-4.19E-05,-2.49E-04,-2.63E-04,-2.47E-04,-4.17E-04,-2.46E-04,-2.76E-04,-1.78E-04,5.84E-04
2052,-1.93E-04,-2.06E-04,-2.06E-04,-2.28E-04,-2.80E-04,-3.19E-04,-9.45E-05,-1.18E-04,-1.61E-04,3.95E-04,-3.38E-04,-3.35E-05,-2.45E-04,-2.62E-04,-2.45E-04,-4.19E-04,-2.40E-04,-2.68E-04,-1.73E-04,6.20E-04
2053,-1.84E-04,-1.95E-04,-1.97E-04,-2.15E-04,-2.71E-04,-3.12E-04,-8.27E-05,-1.08E-04,-1.55E-04,3.93E-04,-3.35E-04,-2.53E-05,-2.42E-04,-2.61E-04,-2.43E-04,-4.21E-04,-2.34E-04,-2.61E-04,-1.69E-04,6.64E-04
2054,-1.74E-04,-1.84E-04,-1.88E-04,-2.03E-04,-2.61E-04,-3.05E-04,-7.05E-05,-9.79E-05,-1.48E-04,3.93E-04,-3.31E-04,-1.72E-05,-2.38E-04,-2.59E-04,-2.41E-04,-4.24E-04,-2.29E-04,-2.54E-04,-1.65E-04,7.13E-04
2055,-1.64E-04,-1.74E-04,-1.79E-04,-1.90E-04,-2.51E-04,-2.97E-04,-5.79E-05,-8.75E-05,-1.41E-04,3.93E-04,-3.28E-04,-9.28E-06,-2.35E-04,-2.58E-04,-2.38E-04,-4.26E-04,-2.25E-04,-2.46E-04,-1.62E-04,7.64E-04
2056,-1.55E-04,-1.63E-04,-1.70E-04,-1.78E-04,-2.40E-04,-2.87E-04,-4.50E-05,-7.68E-05,-1.34E-04,3.95E-04,-3.24E-04,-1.38E-06,-2.30E-04,-2.55E-04,-2.35E-04,-4.27E-04,-2.21E-04,-2.38E-04,-1.57E-04,8.13E-04
2057,-1.45E-04,-1.52E-04,-1.61E-04,-1.65E-04,-2.29E-04,-2.77E-04,-3.18E-05,-6.58E-05,-1.27E-04,3.97E-04,-3.20E-04,6.55E-06,-2.25E-04,-2.52E-04,-2.30E-04,-4.26E-04,-2.16E-04,-2.30E-04,-1.52E-04,8.57E-04
2058,-1.35E-04,-1.42E-04,-1.52E-04,-1.53E-04,-2.17E-04,-2.67E-04,-1.83E-05,-5.45E-05,-1.19E-04,4.00E-04,-3.15E-04,1.46E-05,-2.19E-04,-2.48E-04,-2.24E-04,-4.23E-04,-2.12E-04,-2.22E-04,-1.46E-04,8.93E-04
2059,-1.26E-04,-1.31E-04,-1.42E-04,-1.41E-04,-2.06E-04,-2.57E-04,-4.69E-06,-4.30E-05,-1.11E-04,4.03E-04,-3.10E-04,2.28E-05,-2.12E-04,-2.43E-04,-2.17E-04,-4.18E-04,-2.07E-04,-2.12E-04,-1.39E-04,9.17E-04
2060,-1.16E-04,-1.20E-04,-1.33E-04,-1.29E-04,-1.95E-04,-2.46E-04,9.08E-06,-3.14E-05,-1.02E-04,4.06E-04,-3.03E-04,3.11E-05,-2.05E-04,-2.37E-04,-2.09E-04,-4.10E-04,-2.02E-04,-2.03E-04,-1.31E-04,9.28E-04
2061,-1.06E-04,-1.09E-04,-1.24E-04,-1.18E-04,-1.84E-04,-2.36E-04,2.29E-05,-1.97E-05,-9.31E-05,4.10E-04,-2.95E-04,3.97E-05,-1.96E-04,-2.29E-04,-1.98E-04,-4.00E-04,-1.95E-04,-1.92E-04,-1.22E-04,9.25E-04
2062,-9.53E-05,-9.80E-05,-1.14E-04,-1.07E-04,-1.74E-04,-2.26E-04,3.65E-05,-7.93E-06,-8.39E-05,4.13E-04,-2.86E-04,4.84E-05,-1.86E-04,-2.21E-04,-1.87E-04,-3.88E-04,-1.88E-04,-1.81E-04,-1.12E-04,9.08E-04
2063,-8.50E-05,-8.72E-05,-1.05E-04,-9.59E-05,-1.64E-04,-2.16E-04,4.99E-05,3.73E-06,-7.45E-05,4.16E-04,-2.76E-04,5.72E-05,-1.76E-04,-2.13E-04,-1.74E-04,-3.74E-04,-1.81E-04,-1.70E-04,-1.02E-04,8.80E-04
2064,-7.46E-05,-7.67E-05,-9.51E-05,-8.56E-05,-1.55E-04,-2.08E-04,6.30E-05,1.52E-05,-6.50E-05,4.18E-04,-2.66E-04,6.60E-05,-1.66E-04,-2.03E-04,-1.61E-04,-3.58E-04,-1.73E-04,-1.59E-04,-9.08E-05,8.42E-04
2065,-6.44E-05,-6.66E-05,-8.58E-05,-7.59E-05,-1.46E-04,-2.00E-04,7.55E-05,2.63E-05,-5.56E-05,4.20E-04,-2.55E-04,7.46E-05,-1.55E-04,-1.94E-04,-1.47E-04,-3.43E-04,-1.65E-04,-1.47E-04,-8.03E-05,7.99E-04
2066,-5.44E-05,-5.68E-05,-7.66E-05,-6.68E-05,-1.38E-04,-1.93E-04,8.75E-05,3.71E-05,-4.64E-05,4.21E-04,-2.44E-04,8.28E-05,-1.45E-04,-1.85E-04,-1.33E-04,-3.28E-04,-1.56E-04,-1.36E-04,-7.05E-05,7.55E-04
2067,-4.48E-05,-4.77E-05,-6.78E-05,-5.84E-05,-1.31E-04,-1.86E-04,9.86E-05,4.72E-05,-3.74E-05,4.22E-04,-2.34E-04,9.06E-05,-1.35E-04,-1.76E-04,-1.19E-04,-3.14E-04,-1.49E-04,-1.25E-04,-6.18E-05,7.15E-04
2068,-3.57E-05,-3.93E-05,-5.94E-05,-5.08E-05,-1.24E-04,-1.81E-04,1.09E-04,5.68E-05,-2.89E-05,4.22E-04,-2.24E-04,9.76E-05,-1.27E-04,-1.68E-04,-1.06E-04,-3.02E-04,-1.42E-04,-1.15E-04,-5.46E-05,6.83E-04
2069,-2.74E-05,-3.16E-05,-5.14E-05,-4.39E-05,-1.18E-04,-1.76E-04,1.18E-04,6.56E-05,-2.09E-05,4.21E-04,-2.15E-04,1.04E-04,-1.19E-04,-1.61E-04,-9.36E-05,-2.93E-04,-1.36E-04,-1.07E-04,-4.93E-05,6.62E-04
2070,-1.98E-05,-2.49E-05,-4.41E-05,-3.80E-05,-1.13E-04,-1.71E-04,1.27E-04,7.36E-05,-1.35E-05,4.19E-04,-2.07E-04,1.09E-04,-1.12E-04,-1.54E-04,-8.24E-05,-2.88E-04,-1.31E-04,-9.91E-05,-4.60E-05,6.56E-04
2071,-1.33E-05,-1.91E-05,-3.74E-05,-3.29E-05,-1.08E-04,-1.67E-04,1.34E-04,8.07E-05,-6.82E-06,4.17E-04,-2.01E-04,1.13E-04,-1.07E-04,-1.50E-04,-7.26E-05,-2.86E-04,-1.29E-04,-9.31E-05,-4.48E-05,6.66E-04
2072,-7.84E-06,-1.43E-05,-3.15E-05,-2.88E-05,-1.03E-04,-1.64E-04,1.40E-04,8.69E-05,-8.36E-07,4.15E-04,-1.96E-04,1.15E-04,-1.04E-04,-1.46E-04,-6.43E-05,-2.87E-04,-1.28E-04,-8.87E-05,-4.56E-05,6.93E-04
2073,-3.56E-06,-1.06E-05,-2.64E-05,-2.56E-05,-9.88E-05,-1.60E-04,1.45E-04,9.21E-05,4.40E-06,4.13E-04,-1.93E-04,1.16E-04,-1.02E-04,-1.43E-04,-5.75E-05,-2.92E-04,-1.29E-04,-8.57E-05,-4.82E-05,7.35E-04
2074,-5.05E-07,-7.81E-06,-2.21E-05,-2.33E-05,-9.50E-05,-1.57E-04,1.49E-04,9.64E-05,8.88E-06,4.10E-04,-1.92E-04,1.16E-04,-1.01E-04,-1.42E-04,-5.20E-05,-2.99E-04,-1.32E-04,-8.43E-05,-5.24E-05,7.88E-04
2075,1.30E-06,-6.06E-06,-1.87E-05,-2.19E-05,-9.15E-05,-1.54E-04,1.52E-04,9.96E-05,1.26E-05,4.07E-04,-1.93E-04,1.15E-04,-1.01E-04,-1.41E-04,-4.77E-05,-3.09E-04,-1.37E-04,-8.41E-05,-5.75E-05,8.50E-04
2076,1.85E-06,-5.27E-06,-1.63E-05,-2.16E-05,-8.86E-05,-1.51E-04,1.54E-04,1.02E-04,1.56E-05,4.04E-04,-1.94E-04,1.12E-04,-1.03E-04,-1.40E-04,-4.43E-05,-3.19E-04,-1.43E-04,-8.52E-05,-6.32E-05,9.14E-04
2077,1.16E-06,-5.40E-06,-1.47E-05,-2.22E-05,-8.61E-05,-1.49E-04,1.54E-04,1.03E-04,1.79E-05,4.00E-04,-1.97E-04,1.08E-04,-1.05E-04,-1.40E-04,-4.15E-05,-3.30E-04,-1.51E-04,-8.71E-05,-6.89E-05,9.74E-04
2078,-7.21E-07,-6.40E-06,-1.41E-05,-2.38E-05,-8.44E-05,-1.47E-04,1.54E-04,1.03E-04,1.95E-05,3.97E-04,-2.01E-04,1.02E-04,-1.07E-04,-1.41E-04,-3.90E-05,-3.39E-04,-1.60E-04,-8.97E-05,-7.40E-05,1.02E-03
2079,-3.76E-06,-8.24E-06,-1.45E-05,-2.65E-05,-8.34E-05,-1.45E-04,1.52E-04,1.02E-04,2.05E-05,3.93E-04,-2.06E-04,9.61E-05,-1.10E-04,-1.41E-04,-3.66E-05,-3.47E-04,-1.69E-04,-9.28E-05,-7.82E-05,1.06E-03
2080,-7.90E-06,-1.09E-05,-1.58E-05,-3.03E-05,-8.34E-05,-1.45E-04,1.49E-04,9.99E-05,2.08E-05,3.89E-04,-2.11E-04,8.89E-05,-1.13E-04,-1.40E-04,-3.40E-05,-3.52E-04,-1.78E-04,-9.62E-05,-8.11E-05,1.07E-03
2081,-1.31E-05,-1.44E-05,-1.81E-05,-3.53E-05,-8.45E-05,-1.45E-04,1.45E-04,9.67E-05,2.05E-05,3.84E-04,-2.16E-04,8.10E-05,-1.15E-04,-1.40E-04,-3.10E-05,-3.54E-04,-1.88E-04,-9.97E-05,-8.26E-05,1.06E-03
2082,-1.94E-05,-1.87E-05,-2.15E-05,-4.16E-05,-8.69E-05,-1.47E-04,1.40E-04,9.22E-05,1.94E-05,3.79E-04,-2.21E-04,7.24E-05,-1.17E-04,-1.39E-04,-2.77E-05,-3.53E-04,-1.97E-04,-1.03E-04,-8.28E-05,1.03E-03
2083,-2.66E-05,-2.40E-05,-2.58E-05,-4.92E-05,-9.08E-05,-1.50E-04,1.34E-04,8.66E-05,1.77E-05,3.73E-04,-2.26E-04,6.31E-05,-1.19E-04,-1.38E-04,-2.40E-05,-3.49E-04,-2.06E-04,-1.07E-04,-8.18E-05,9.73E-04
2084,-3.49E-05,-3.01E-05,-3.12E-05,-5.82E-05,-9.63E-05,-1.55E-04,1.27E-04,7.97E-05,1.53E-05,3.67E-04,-2.32E-04,5.33E-05,-1.21E-04,-1.37E-04,-2.00E-05,-3.42E-04,-2.15E-04,-1.11E-04,-8.00E-05,8.95E-04
2085,-4.42E-05,-3.72E-05,-3.77E-05,-6.87E-05,-1.03E-04,-1.62E-04,1.18E-04,7.15E-05,1.20E-05,3.60E-04,-2.37E-04,4.29E-05,-1.24E-04,-1.36E-04,-1.62E-05,-3.34E-04,-2.23E-04,-1.15E-04,-7.80E-05,8.02E-04
2086,-5.46E-05,-4.54E-05,-4.53E-05,-8.06E-05,-1.12E-04,-1.71E-04,1.08E-04,6.21E-05,8.02E-06,3.53E-04,-2.43E-04,3.19E-05,-1.26E-04,-1.35E-04,-1.28E-05,-3.25E-04,-2.31E-04,-1.19E-04,-7.64E-05,7.00E-04
2087,-6.59E-05,-5.47E-05,-5.40E-05,-9.39E-05,-1.23E-04,-1.82E-04,9.74E-05,5.16E-05,3.17E-06,3.44E-04,-2.49E-04,2.02E-05,-1.29E-04,-1.35E-04,-1.03E-05,-3.17E-04,-2.39E-04,-1.24E-04,-7.59E-05,5.99E-04
2088,-7.83E-05,-6.51E-05,-6.38E-05,-1.09E-04,-1.35E-04,-1.94E-04,8.54E-05,3.99E-05,-2.51E-06,3.36E-04,-2.57E-04,7.94E-06,-1.33E-04,-1.35E-04,-9.01E-06,-3.11E-04,-2.48E-04,-1.30E-04,-7.73E-05,5.07E-04
2089,-9.17E-05,-7.66E-05,-7.46E-05,-1.25E-04,-1.48E-04,-2.08E-04,7.24E-05,2.72E-05,-9.01E-06,3.26E-04,-2.65E-04,-5.10E-06,-1.38E-04,-1.37E-04,-9.45E-06,-3.09E-04,-2.58E-04,-1.38E-04,-8.12E-05,4.32E-04
2090,-1.06E-04,-8.92E-05,-8.63E-05,-1.41E-04,-1.63E-04,-2.22E-04,5.84E-05,1.36E-05,-1.63E-05,3.16E-04,-2.74E-04,-1.89E-05,-1.45E-04,-1.40E-04,-1.20E-05,-3.10E-04,-2.69E-04,-1.47E-04,-8.81E-05,3.82E-04
2091,-1.21E-04,-1.03E-04,-9.89E-05,-1.59E-04,-1.78E-04,-2.38E-04,4.38E-05,-6.13E-07,-2.43E-05,3.06E-04,-2.85E-04,-3.35E-05,-1.53E-04,-1.44E-04,-1.68E-05,-3.17E-04,-2.82E-04,-1.57E-04,-9.83E-05,3.63E-04
2092,-1.38E-04,-1.17E-04,-1.12E-04,-1.78E-04,-1.94E-04,-2.54E-04,2.86E-05,-1.53E-05,-3.28E-05,2.95E-04,-2.98E-04,-4.90E-05,-1.63E-04,-1.50E-04,-2.42E-05,-3.30E-04,-2.97E-04,-1.70E-04,-1.12E-04,3.78E-04
2093,-1.54E-04,-1.32E-04,-1.26E-04,-1.96E-04,-2.10E-04,-2.71E-04,1.30E-05,-3.03E-05,-4.19E-05,2.84E-04,-3.12E-04,-6.52E-05,-1.75E-04,-1.56E-04,-3.40E-05,-3.48E-04,-3.14E-04,-1.84E-04,-1.28E-04,4.28E-04
2094,-1.72E-04,-1.48E-04,-1.40E-04,-2.15E-04,-2.26E-04,-2.86E-04,-2.76E-06,-4.52E-05,-5.12E-05,2.74E-04,-3.27E-04,-8.21E-05,-1.89E-04,-1.64E-04,-4.61E-05,-3.71E-04,-3.33E-04,-1.99E-04,-1.48E-04,5.12E-04
2095,-1.89E-04,-1.64E-04,-1.54E-04,-2.33E-04,-2.41E-04,-3.01E-04,-1.84E-05,-5.99E-05,-6.07E-05,2.63E-04,-3.43E-04,-9.95E-05,-2.03E-04,-1.73E-04,-6.02E-05,-3.98E-04,-3.53E-04,-2.16E-04,-1.69E-04,6.23E-04
2096,-2.07E-04,-1.80E-04,-1.68E-04,-2.50E-04,-2.55E-04,-3.14E-04,-3.37E-05,-7.40E-05,-7.01E-05,2.52E-04,-3.60E-04,-1.17E-04,-2.19E-04,-1.81E-04,-7.56E-05,-4.27E-04,-3.75E-04,-2.34E-04,-1.91E-04,7.54E-04
2097,-2.24E-04,-1.96E-04,-1.81E-04,-2.67E-04,-2.68E-04,-3.26E-04,-4.85E-05,-8.74E-05,-7.93E-05,2.42E-04,-3.78E-04,-1.35E-04,-2.35E-04,-1.90E-04,-9.18E-05,-4.57E-04,-3.99E-04,-2.52E-04,-2.12E-04,8.94E-04
2098,-2.41E-04,-2.11E-04,-1.94E-04,-2.82E-04,-2.79E-04,-3.36E-04,-6.26E-05,-9.99E-05,-8.81E-05,2.32E-04,-3.95E-04,-1.53E-04,-2.51E-04,-1.98E-04,-1.08E-04,-4.85E-04,-4.23E-04,-2.69E-04,-2.31E-04,1.03E-03
2099,-2.57E-04,-2.25E-04,-2.06E-04,-2.95E-04,-2.88E-04,-3.44E-04,-7.57E-05,-1.11E-04,-9.64E-05,2.22E-04,-4.11E-04,-1.71E-04,-2.66E-04,-2.05E-04,-1.23E-04,-5.10E-04,-4.46E-04,-2.86E-04,-2.48E-04,1.14E-03
2100,-2.72E-04,-2.38E-04,-2.17E-04,-3.07E-04,-2.96E-04,-3.50E-04,-8.79E-05,-1.21E-04,-1.04E-04,2.13E-04,-4.26E-04,-1.87E-04,-2.80E-04,-2.11E-04,-1.37E-04,-5.27E-04,-4.69E-04,-3.02E-04,-2.60E-04,1.22E-03
2101,-2.86E-04,-2.50E-04,-2.27E-04,-3.17E-04,-3.02E-04,-3.54E-04,-9.90E-05,-1.30E-04,-1.11E-04,2.05E-04,-4.39E-04,-2.03E-04,-2.92E-04,-2.15E-04,-1.48E-04,-5.37E-04,-4.90E-04,-3.15E-04,-2.67E-04,1.24E-03
2102,-2.99E-04,-2.60E-04,-2.35E-04,-3.26E-04,-3.07E-04,-3.56E-04,-1.09E-04,-1.38E-04,-1.17E-04,1.97E-04,-4.49E-04,-2.18E-04,-3.01E-04,-2.17E-04,-1.56E-04,-5.36E-04,-5.08E-04,-3.25E-04,-2.67E-04,1.20E-03
2103,-3.11E-04,-2.70E-04,-2.43E-04,-3.32E-04,-3.10E-04,-3.56E-04,-1.18E-04,-1.45E-04,-1.22E-04,1.90E-04,-4.57E-04,-2.31E-04,-3.07E-04,-2.17E-04,-1.60E-04,-5.25E-04,-5.24E-04,-3.33E-04,-2.61E-04,1.09E-03
2104,-3.21E-04,-2.77E-04,-2.49E-04,-3.38E-04,-3.12E-04,-3.56E-04,-1.26E-04,-1.51E-04,-1.27E-04,1.84E-04,-4.61E-04,-2.43E-04,-3.10E-04,-2.15E-04,-1.60E-04,-5.01E-04,-5.35E-04,-3.37E-04,-2.48E-04,8.99E-04
2105,-3.29E-04,-2.84E-04,-2.54E-04,-3.42E-04,-3.14E-04,-3.55E-04,-1.33E-04,-1.56E-04,-1.31E-04,1.79E-04,-4.63E-04,-2.53E-04,-3.10E-04,-2.11E-04,-1.55E-04,-4.66E-04,-5.43E-04,-3.38E-04,-2.28E-04,6.32E-04
2106,-3.37E-04,-2.90E-04,-2.58E-04,-3.46E-04,-3.15E-04,-3.54E-04,-1.40E-04,-1.61E-04,-1.35E-04,1.74E-04,-4.61E-04,-2.61E-04,-3.07E-04,-2.04E-04,-1.47E-04,-4.21E-04,-5.47E-04,-3.36E-04,-2.03E-04,2.96E-04
2107,-3.44E-04,-2.95E-04,-2.62E-04,-3.49E-04,-3.16E-04,-3.53E-04,-1.46E-04,-1.65E-04,-1.39E-04,1.70E-04,-4.57E-04,-2.68E-04,-3.01E-04,-1.97E-04,-1.35E-04,-3.66E-04,-5.47E-04,-3.31E-04,-1.73E-04,-9.81E-05
2108,-3.50E-04,-2.99E-04,-2.66E-04,-3.52E-04,-3.18E-04,-3.53E-04,-1.52E-04,-1.70E-04,-1.42E-04,1.66E-04,-4.51E-04,-2.73E-04,-2.93E-04,-1.88E-04,-1.20E-04,-3.04E-04,-5.43E-04,-3.24E-04,-1.40E-04,-5.33E-04
2109,-3.55E-04,-3.03E-04,-2.69E-04,-3.56E-04,-3.21E-04,-3.54E-04,-1.59E-04,-1.75E-04,-1.46E-04,1.63E-04,-4.43E-04,-2.76E-04,-2.83E-04,-1.79E-04,-1.02E-04,-2.38E-04,-5.35E-04,-3.15E-04,-1.05E-04,-9.90E-04
2110,-3.60E-04,-3.07E-04,-2.72E-04,-3.60E-04,-3.25E-04,-3.57E-04,-1.65E-04,-1.80E-04,-1.50E-04,1.60E-04,-4.34E-04,-2.79E-04,-2.73E-04,-1.70E-04,-8.36E-05,-1.72E-04,-5.25E-04,-3.05E-04,-7.08E-05,-1.45E-03
2111,-3.66E-04,-3.12E-04,-2.76E-04,-3.66E-04,-3.31E-04,-3.61E-04,-1.72E-04,-1.87E-04,-1.54E-04,1.57E-04,-4.25E-04,-2.80E-04,-2.62E-04,-1.61E-04,-6.45E-05,-1.08E-04,-5.13E-04,-2.94E-04,-3.91E-05,-1.89E-03
2112,-3.72E-04,-3.17E-04,-2.80E-04,-3.72E-04,-3.38E-04,-3.68E-04,-1.80E-04,-1.94E-04,-1.59E-04,1.55E-04,-4.16E-04,-2.82E-04,-2.51E-04,-1.54E-04,-4.63E-05,-4.96E-05,-5.00E-04,-2.85E-04,-1.18E-05,-2.29E-03
2113,-3.79E-04,-3.23E-04,-2.86E-04,-3.80E-04,-3.47E-04,-3.76E-04,-1.88E-04,-2.03E-04,-1.64E-04,1.52E-04,-4.09E-04,-2.82E-04,-2.43E-04,-1.49E-04,-3.01E-05,-7.79E-07,-4.87E-04,-2.77E-04,9.31E-06,-2.65E-03
2114,-3.86E-04,-3.29E-04,-2.92E-04,-3.89E-04,-3.57E-04,-3.87E-04,-1.97E-04,-2.12E-04,-1.71E-04,1.49E-04,-4.04E-04,-2.83E-04,-2.36E-04,-1.46E-04,-1.69E-05,3.59E-05,-4.75E-04,-2.71E-04,2.28E-05,-2.93E-03
2115,-3.95E-04,-3.37E-04,-2.99E-04,-3.99E-04,-3.69E-04,-3.98E-04,-2.07E-04,-2.23E-04,-1.78E-04,1.45E-04,-4.01E-04,-2.85E-04,-2.33E-04,-1.45E-04,-7.49E-06,5.83E-05,-4.64E-04,-2.69E-04,2.76E-05,-3.14E-03
2116,-4.05E-04,-3.45E-04,-3.07E-04,-4.10E-04,-3.82E-04,-4.11E-04,-2.17E-04,-2.34E-04,-1.85E-04,1.41E-04,-4.02E-04,-2.87E-04,-2.33E-04,-1.46E-04,-2.62E-06,6.51E-05,-4.57E-04,-2.70E-04,2.32E-05,-3.26E-03
2117,-4.15E-04,-3.54E-04,-3.15E-04,-4.22E-04,-3.95E-04,-4.25E-04,-2.28E-04,-2.46E-04,-1.93E-04,1.35E-04,-4.06E-04,-2.89E-04,-2.36E-04,-1.50E-04,-2.66E-06,5.59E-05,-4.52E-04,-2.75E-04,9.48E-06,-3.29E-03
2118,-4.27E-04,-3.64E-04,-3.25E-04,-4.35E-04,-4.09E-04,-4.39E-04,-2.39E-04,-2.58E-04,-2.01E-04,1.29E-04,-4.13E-04,-2.93E-04,-2.44E-04,-1.57E-04,-7.75E-06,3.10E-05,-4.51E-04,-2.84E-04,-1.31E-05,-3.24E-03
2119,-4.40E-04,-3.74E-04,-3.34E-04,-4.47E-04,-4.23E-04,-4.52E-04,-2.51E-04,-2.70E-04,-2.09E-04,1.21E-04,-4.24E-04,-2.98E-04,-2.55E-04,-1.66E-04,-1.78E-05,-8.03E-06,-4.53E-04,-2.96E-04,-4.37E-05,-3.10E-03
2120,-4.53E-04,-3.84E-04,-3.44E-04,-4.60E-04,-4.36E-04,-4.65E-04,-2.61E-04,-2.82E-04,-2.17E-04,1.13E-04,-4.38E-04,-3.03E-04,-2.69E-04,-1.76E-04,-3.23E-05,-5.91E-05,-4.59E-04,-3.13E-04,-8.09E-05,-2.88E-03
2121,-4.66E-04,-3.94E-04,-3.54E-04,-4.71E-04,-4.49E-04,-4.76E-04,-2.71E-04,-2.93E-04,-2.25E-04,1.03E-04,-4.55E-04,-3.10E-04,-2.87E-04,-1.88E-04,-5.06E-05,-1.19E-04,-4.68E-04,-3.32E-04,-1.23E-04,-2.59E-03
2122,-4.79E-04,-4.03E-04,-3.64E-04,-4.81E-04,-4.60E-04,-4.86E-04,-2.81E-04,-3.03E-04,-2.32E-04,9.31E-05,-4.73E-04,-3.17E-04,-3.06E-04,-2.00E-04,-7.20E-05,-1.85E-04,-4.81E-04,-3.53E-04,-1.68E-04,-2.25E-03
2123,-4.91E-04,-4.11E-04,-3.73E-04,-4.89E-04,-4.69E-04,-4.94E-04,-2.88E-04,-3.12E-04,-2.38E-04,8.23E-05,-4.93E-04,-3.24E-04,-3.27E-04,-2.12E-04,-9.55E-05,-2.54E-04,-4.96E-04,-3.76E-04,-2.15E-04,-1.87E-03
2124,-5.03E-04,-4.18E-04,-3.81E-04,-4.96E-04,-4.76E-04,-5.00E-04,-2.95E-04,-3.19E-04,-2.43E-04,7.13E-05,-5.13E-04,-3.31E-04,-3.48E-04,-2.25E-04,-1.20E-04,-3.22E-04,-5.12E-04,-4.00E-04,-2.60E-04,-1.47E-03
2125,-5.14E-04,-4.23E-04,-3.88E-04,-5.01E-04,-4.81E-04,-5.03E-04,-3.00E-04,-3.24E-04,-2.48E-04,6.03E-05,-5.33E-04,-3.39E-04,-3.69E-04,-2.36E-04,-1.45E-04,-3.85E-04,-5.29E-04,-4.23E-04,-3.04E-04,-1.06E-03
2126,-5.24E-04,-4.27E-04,-3.94E-04,-5.04E-04,-4.83E-04,-5.05E-04,-3.03E-04,-3.27E-04,-2.51E-04,4.97E-05,-5.52E-04,-3.46E-04,-3.90E-04,-2.46E-04,-1.68E-04,-4.42E-04,-5.46E-04,-4.46E-04,-3.43E-04,-6.77E-04
2127,-5.32E-04,-4.30E-04,-3.98E-04,-5.05E-04,-4.84E-04,-5.04E-04,-3.05E-04,-3.29E-04,-2.53E-04,3.99E-05,-5.70E-04,-3.52E-04,-4.08E-04,-2.54E-04,-1.90E-04,-4.90E-04,-5.63E-04,-4.67E-04,-3.77E-04,-3.26E-04
2128,-5.39E-04,-4.31E-04,-4.02E-04,-5.03E-04,-4.83E-04,-5.01E-04,-3.05E-04,-3.29E-04,-2.55E-04,3.13E-05,-5.85E-04,-3.58E-04,-4.25E-04,-2.60E-04,-2.09E-04,-5.27E-04,-5.78E-04,-4.85E-04,-4.05E-04,-2.59E-05
2129,-5.45E-04,-4.30E-04,-4.04E-04,-5.01E-04,-4.80E-04,-4.97E-04,-3.03E-04,-3.27E-04,-2.55E-04,2.40E-05,-5.98E-04,-3.62E-04,-4.38E-04,-2.65E-04,-2.24E-04,-5.53E-04,-5.91E-04,-5.01E-04,-4.26E-04,2.12E-04
2130,-5.48E-04,-4.29E-04,-4.06E-04,-4.97E-04,-4.75E-04,-4.92E-04,-3.00E-04,-3.25E-04,-2.55E-04,1.83E-05,-6.08E-04,-3.66E-04,-4.49E-04,-2.67E-04,-2.37E-04,-5.68E-04,-6.01E-04,-5.14E-04,-4.41E-04,3.81E-04
2131,-5.51E-04,-4.26E-04,-4.06E-04,-4.91E-04,-4.70E-04,-4.86E-04,-2.96E-04,-3.21E-04,-2.54E-04,1.44E-05,-6.15E-04,-3.68E-04,-4.57E-04,-2.67E-04,-2.45E-04,-5.72E-04,-6.09E-04,-5.24E-04,-4.50E-04,4.81E-04
2132,-5.52E-04,-4.22E-04,-4.06E-04,-4.86E-04,-4.64E-04,-4.80E-04,-2.91E-04,-3.17E-04,-2.53E-04,1.22E-05,-6.20E-04,-3.68E-04,-4.61E-04,-2.66E-04,-2.50E-04,-5.68E-04,-6.14E-04,-5.31E-04,-4.53E-04,5.14E-04
2133,-5.53E-04,-4.18E-04,-4.05E-04,-4.80E-04,-4.58E-04,-4.74E-04,-2.86E-04,-3.12E-04,-2.51E-04,1.18E-05,-6.21E-04,-3.68E-04,-4.64E-04,-2.63E-04,-2.52E-04,-5.56E-04,-6.16E-04,-5.35E-04,-4.52E-04,4.90E-04
2134,-5.52E-04,-4.13E-04,-4.04E-04,-4.74E-04,-4.52E-04,-4.68E-04,-2.80E-04,-3.08E-04,-2.50E-04,1.28E-05,-6.20E-04,-3.67E-04,-4.63E-04,-2.59E-04,-2.51E-04,-5.40E-04,-6.15E-04,-5.37E-04,-4.47E-04,4.21E-04
2135,-5.51E-04,-4.08E-04,-4.03E-04,-4.69E-04,-4.46E-04,-4.62E-04,-2.74E-04,-3.03E-04,-2.48E-04,1.51E-05,-6.16E-04,-3.64E-04,-4.61E-04,-2.53E-04,-2.47E-04,-5.21E-04,-6.12E-04,-5.36E-04,-4.40E-04,3.21E-04
2136,-5.49E-04,-4.04E-04,-4.02E-04,-4.64E-04,-4.41E-04,-4.58E-04,-2.68E-04,-3.00E-04,-2.47E-04,1.83E-05,-6.11E-04,-3.61E-04,-4.57E-04,-2.47E-04,-2.42E-04,-5.01E-04,-6.08E-04,-5.35E-04,-4.32E-04,2.06E-04
2137,-5.48E-04,-3.99E-04,-4.01E-04,-4.60E-04,-4.37E-04,-4.54E-04,-2.62E-04,-2.97E-04,-2.46E-04,2.20E-05,-6.04E-04,-3.57E-04,-4.52E-04,-2.41E-04,-2.35E-04,-4.83E-04,-6.01E-04,-5.32E-04,-4.23E-04,9.01E-05
2138,-5.46E-04,-3.95E-04,-4.00E-04,-4.58E-04,-4.34E-04,-4.50E-04,-2.57E-04,-2.94E-04,-2.45E-04,2.58E-05,-5.97E-04,-3.53E-04,-4.47E-04,-2.35E-04,-2.28E-04,-4.68E-04,-5.94E-04,-5.29E-04,-4.15E-04,-1.40E-05
2139,-5.44E-04,-3.91E-04,-3.99E-04,-4.55E-04,-4.32E-04,-4.47E-04,-2.52E-04,-2.93E-04,-2.44E-04,2.93E-05,-5.88E-04,-3.48E-04,-4.41E-04,-2.28E-04,-2.20E-04,-4.58E-04,-5.86E-04,-5.25E-04,-4.09E-04,-9.59E-05
2140,-5.42E-04,-3.88E-04,-3.98E-04,-4.54E-04,-4.30E-04,-4.45E-04,-2.48E-04,-2.92E-04,-2.44E-04,3.21E-05,-5.80E-04,-3.43E-04,-4.35E-04,-2.22E-04,-2.13E-04,-4.52E-04,-5.78E-04,-5.22E-04,-4.04E-04,-1.48E-04
2141,-5.41E-04,-3.84E-04,-3.97E-04,-4.53E-04,-4.29E-04,-4.42E-04,-2.44E-04,-2.91E-04,-2.43E-04,3.40E-05,-5.71E-04,-3.38E-04,-4.30E-04,-2.16E-04,-2.07E-04,-4.52E-04,-5.70E-04,-5.20E-04,-4.01E-04,-1.67E-04
2142,-5.39E-04,-3.81E-04,-3.95E-04,-4.52E-04,-4.28E-04,-4.40E-04,-2.40E-04,-2.90E-04,-2.42E-04,3.47E-05,-5.62E-04,-3.33E-04,-4.26E-04,-2.10E-04,-2.01E-04,-4.56E-04,-5.62E-04,-5.17E-04,-4.00E-04,-1.52E-04
2143,-5.37E-04,-3.78E-04,-3.94E-04,-4.51E-04,-4.26E-04,-4.36E-04,-2.36E-04,-2.90E-04,-2.41E-04,3.42E-05,-5.52E-04,-3.28E-04,-4.21E-04,-2.03E-04,-1.95E-04,-4.64E-04,-5.55E-04,-5.15E-04,-4.01E-04,-1.04E-04
2144,-5.34E-04,-3.74E-04,-3.91E-04,-4.50E-04,-4.24E-04,-4.32E-04,-2.32E-04,-2.88E-04,-2.39E-04,3.26E-05,-5.43E-04,-3.23E-04,-4.18E-04,-1.97E-04,-1.91E-04,-4.74E-04,-5.47E-04,-5.14E-04,-4.03E-04,-3.06E-05
2145,-5.31E-04,-3.70E-04,-3.88E-04,-4.47E-04,-4.21E-04,-4.27E-04,-2.28E-04,-2.86E-04,-2.36E-04,2.99E-05,-5.34E-04,-3.18E-04,-4.14E-04,-1.90E-04,-1.87E-04,-4.84E-04,-5.40E-04,-5.12E-04,-4.05E-04,6.27E-05
2146,-5.27E-04,-3.65E-04,-3.83E-04,-4.44E-04,-4.17E-04,-4.21E-04,-2.23E-04,-2.83E-04,-2.32E-04,2.65E-05,-5.25E-04,-3.13E-04,-4.11E-04,-1.83E-04,-1.83E-04,-4.93E-04,-5.33E-04,-5.11E-04,-4.08E-04,1.67E-04
2147,-5.21E-04,-3.59E-04,-3.78E-04,-4.38E-04,-4.11E-04,-4.13E-04,-2.17E-04,-2.78E-04,-2.28E-04,2.27E-05,-5.15E-04,-3.07E-04,-4.07E-04,-1.75E-04,-1.80E-04,-5.00E-04,-5.26E-04,-5.08E-04,-4.10E-04,2.71E-04
2148,-5.15E-04,-3.52E-04,-3.71E-04,-4.32E-04,-4.03E-04,-4.04E-04,-2.10E-04,-2.72E-04,-2.22E-04,1.90E-05,-5.05E-04,-3.01E-04,-4.03E-04,-1.66E-04,-1.76E-04,-5.03E-04,-5.19E-04,-5.06E-04,-4.11E-04,3.68E-04
2149,-5.08E-04,-3.44E-04,-3.62E-04,-4.23E-04,-3.94E-04,-3.93E-04,-2.02E-04,-2.64E-04,-2.15E-04,1.57E-05,-4.94E-04,-2.94E-04,-3.98E-04,-1.56E-04,-1.72E-04,-5.00E-04,-5.11E-04,-5.02E-04,-4.12E-04,4.48E-04
2150,-4.99E-04,-3.35E-04,-3.53E-04,-4.13E-04,-3.82E-04,-3.81E-04,-1.93E-04,-2.54E-04,-2.07E-04,1.32E-05,-4.83E-04,-2.86E-04,-3.92E-04,-1.45E-04,-1.68E-04,-4.93E-04,-5.02E-04,-4.96E-04,-4.10E-04,5.05E-04
2151,-4.89E-04,-3.25E-04,-3.42E-04,-4.01E-04,-3.69E-04,-3.68E-04,-1.83E-04,-2.43E-04,-1.98E-04,1.20E-05,-4.70E-04,-2.78E-04,-3.85E-04,-1.33E-04,-1.63E-04,-4.81E-04,-4.92E-04,-4.90E-04,-4.08E-04,5.35E-04
2152,-4.77E-04,-3.14E-04,-3.30E-04,-3.87E-04,-3.54E-04,-3.54E-04,-1.72E-04,-2.30E-04,-1.88E-04,1.21E-05,-4.57E-04,-2.69E-04,-3.77E-04,-1.20E-04,-1.57E-04,-4.64E-04,-4.81E-04,-4.82E-04,-4.04E-04,5.37E-04
2153,-4.65E-04,-3.02E-04,-3.17E-04,-3.73E-04,-3.37E-04,-3.39E-04,-1.61E-04,-2.16E-04,-1.77E-04,1.39E-05,-4.43E-04,-2.60E-04,-3.68E-04,-1.07E-04,-1.50E-04,-4.44E-04,-4.69E-04,-4.73E-04,-3.99E-04,5.12E-04
2154,-4.52E-04,-2.90E-04,-3.03E-04,-3.58E-04,-3.20E-04,-3.24E-04,-1.49E-04,-2.01E-04,-1.66E-04,1.73E-05,-4.29E-04,-2.49E-04,-3.58E-04,-9.24E-05,-1.43E-04,-4.22E-04,-4.56E-04,-4.63E-04,-3.94E-04,4.67E-04
2155,-4.38E-04,-2.78E-04,-2.89E-04,-3.42E-04,-3.01E-04,-3.09E-04,-1.37E-04,-1.85E-04,-1.55E-04,2.21E-05,-4.14E-04,-2.39E-04,-3.47E-04,-7.78E-05,-1.36E-04,-4.00E-04,-4.43E-04,-4.52E-04,-3.88E-04,4.06E-04
2156,-4.23E-04,-2.66E-04,-2.75E-04,-3.26E-04,-2.83E-04,-2.93E-04,-1.25E-04,-1.69E-04,-1.43E-04,2.81E-05,-3.98E-04,-2.28E-04,-3.36E-04,-6.32E-05,-1.28E-04,-3.80E-04,-4.29E-04,-4.40E-04,-3.83E-04,3.39E-04
2157,-4.09E-04,-2.55E-04,-2.61E-04,-3.11E-04,-2.64E-04,-2.79E-04,-1.14E-04,-1.53E-04,-1.32E-04,3.49E-05,-3.82E-04,-2.17E-04,-3.24E-04,-4.87E-05,-1.20E-04,-3.63E-04,-4.15E-04,-4.28E-04,-3.79E-04,2.74E-04
2158,-3.94E-04,-2.44E-04,-2.48E-04,-2.96E-04,-2.46E-04,-2.64E-04,-1.03E-04,-1.38E-04,-1.22E-04,4.21E-05,-3.66E-04,-2.06E-04,-3.13E-04,-3.46E-05,-1.13E-04,-3.51E-04,-4.02E-04,-4.16E-04,-3.75E-04,2.21E-04
2159,-3.80E-04,-2.33E-04,-2.35E-04,-2.82E-04,-2.28E-04,-2.51E-04,-9.37E-05,-1.24E-04,-1.12E-04,4.90E-05,-3.51E-04,-1.96E-04,-3.02E-04,-2.11E-05,-1.06E-04,-3.46E-04,-3.89E-04,-4.04E-04,-3.73E-04,1.85E-04
2160,-3.67E-04,-2.24E-04,-2.22E-04,-2.70E-04,-2.12E-04,-2.38E-04,-8.53E-05,-1.11E-04,-1.03E-04,5.52E-05,-3.35E-04,-1.86E-04,-2.91E-04,-8.39E-06,-9.91E-05,-3.47E-04,-3.77E-04,-3.94E-04,-3.73E-04,1.74E-04
2161,-3.54E-04,-2.16E-04,-2.11E-04,-2.58E-04,-1.97E-04,-2.27E-04,-7.82E-05,-9.95E-05,-9.47E-05,6.03E-05,-3.20E-04,-1.77E-04,-2.81E-04,3.42E-06,-9.34E-05,-3.55E-04,-3.66E-04,-3.84E-04,-3.73E-04,1.90E-04
2162,-3.42E-04,-2.09E-04,-2.01E-04,-2.48E-04,-1.83E-04,-2.16E-04,-7.24E-05,-8.93E-05,-8.75E-05,6.37E-05,-3.05E-04,-1.68E-04,-2.72E-04,1.43E-05,-8.85E-05,-3.69E-04,-3.56E-04,-3.76E-04,-3.75E-04,2.34E-04
2163,-3.30E-04,-2.03E-04,-1.91E-04,-2.40E-04,-1.70E-04,-2.06E-04,-6.78E-05,-8.06E-05,-8.12E-05,6.52E-05,-2.91E-04,-1.61E-04,-2.64E-04,2.42E-05,-8.44E-05,-3.88E-04,-3.48E-04,-3.68E-04,-3.77E-04,3.03E-04
2164,-3.20E-04,-1.98E-04,-1.82E-04,-2.32E-04,-1.59E-04,-1.97E-04,-6.46E-05,-7.33E-05,-7.58E-05,6.47E-05,-2.77E-04,-1.55E-04,-2.57E-04,3.33E-05,-8.09E-05,-4.09E-04,-3.42E-04,-3.62E-04,-3.79E-04,3.91E-04
2165,-3.10E-04,-1.94E-04,-1.74E-04,-2.26E-04,-1.49E-04,-1.88E-04,-6.24E-05,-6.72E-05,-7.13E-05,6.22E-05,-2.64E-04,-1.51E-04,-2.50E-04,4.17E-05,-7.81E-05,-4.30E-04,-3.36E-04,-3.57E-04,-3.81E-04,4.90E-04
2166,-3.01E-04,-1.91E-04,-1.67E-04,-2.20E-04,-1.39E-04,-1.81E-04,-6.10E-05,-6.22E-05,-6.74E-05,5.78E-05,-2.51E-04,-1.47E-04,-2.45E-04,4.96E-05,-7.58E-05,-4.49E-04,-3.32E-04,-3.53E-04,-3.81E-04,5.88E-04
2167,-2.92E-04,-1.88E-04,-1.59E-04,-2.15E-04,-1.31E-04,-1.74E-04,-6.04E-05,-5.79E-05,-6.40E-05,5.18E-05,-2.38E-04,-1.44E-04,-2.39E-04,5.72E-05,-7.38E-05,-4.62E-04,-3.29E-04,-3.50E-04,-3.80E-04,6.71E-04
2168,-2.83E-04,-1.86E-04,-1.52E-04,-2.10E-04,-1.23E-04,-1.68E-04,-6.03E-05,-5.42E-05,-6.11E-05,4.48E-05,-2.26E-04,-1.42E-04,-2.34E-04,6.46E-05,-7.19E-05,-4.66E-04,-3.26E-04,-3.46E-04,-3.77E-04,7.25E-04
2169,-2.75E-04,-1.84E-04,-1.45E-04,-2.05E-04,-1.15E-04,-1.62E-04,-6.05E-05,-5.08E-05,-5.83E-05,3.71E-05,-2.14E-04,-1.41E-04,-2.28E-04,7.22E-05,-7.00E-05,-4.60E-04,-3.23E-04,-3.43E-04,-3.72E-04,7.36E-04
2170,-2.67E-04,-1.82E-04,-1.38E-04,-2.00E-04,-1.08E-04,-1.56E-04,-6.07E-05,-4.75E-05,-5.57E-05,2.95E-05,-2.03E-04,-1.41E-04,-2.22E-04,8.01E-05,-6.80E-05,-4.40E-04,-3.20E-04,-3.39E-04,-3.64E-04,6.89E-04
2171,-2.59E-04,-1.81E-04,-1.31E-04,-1.95E-04,-1.01E-04,-1.52E-04,-6.10E-05,-4.40E-05,-5.30E-05,2.23E-05,-1.92E-04,-1.41E-04,-2.15E-04,8.84E-05,-6.59E-05,-4.05E-04,-3.17E-04,-3.34E-04,-3.53E-04,5.74E-04
2172,-2.51E-04,-1.79E-04,-1.24E-04,-1.90E-04,-9.32E-05,-1.47E-04,-6.12E-05,-4.04E-05,-5.03E-05,1.60E-05,-1.82E-04,-1.41E-04,-2.08E-04,9.73E-05,-6.37E-05,-3.55E-04,-3.12E-04,-3.28E-04,-3.41E-04,3.83E-04
2173,-2.44E-04,-1.77E-04,-1.16E-04,-1.85E-04,-8.59E-05,-1.44E-04,-6.12E-05,-3.64E-05,-4.74E-05,1.10E-05,-1.72E-04,-1.41E-04,-2.00E-04,1.07E-04,-6.14E-05,-2.89E-04,-3.07E-04,-3.21E-04,-3.26E-04,1.14E-04
2174,-2.36E-04,-1.75E-04,-1.09E-04,-1.80E-04,-7.86E-05,-1.41E-04,-6.12E-05,-3.23E-05,-4.44E-05,7.51E-06,-1.63E-04,-1.41E-04,-1.92E-04,1.17E-04,-5.93E-05,-2.08E-04,-2.99E-04,-3.13E-04,-3.10E-04,-2.30E-04
2175,-2.29E-04,-1.74E-04,-1.02E-04,-1.74E-04,-7.16E-05,-1.39E-04,-6.13E-05,-2.81E-05,-4.13E-05,5.44E-06,-1.56E-04,-1.42E-04,-1.82E-04,1.27E-04,-5.75E-05,-1.13E-04,-2.90E-04,-3.04E-04,-2.93E-04,-6.44E-04
2176,-2.23E-04,-1.73E-04,-9.51E-05,-1.70E-04,-6.50E-05,-1.37E-04,-6.15E-05,-2.39E-05,-3.82E-05,4.68E-06,-1.50E-04,-1.42E-04,-1.73E-04,1.38E-04,-5.62E-05,-8.70E-06,-2.79E-04,-2.93E-04,-2.77E-04,-1.11E-03
2177,-2.17E-04,-1.72E-04,-8.91E-05,-1.66E-04,-5.91E-05,-1.37E-04,-6.21E-05,-2.01E-05,-3.52E-05,4.87E-06,-1.45E-04,-1.42E-04,-1.63E-04,1.49E-04,-5.56E-05,1.03E-04,-2.67E-04,-2.82E-04,-2.62E-04,-1.63E-03
2178,-2.12E-04,-1.72E-04,-8.39E-05,-1.63E-04,-5.40E-05,-1.37E-04,-6.33E-05,-1.68E-05,-3.25E-05,5.55E-06,-1.41E-04,-1.43E-04,-1.53E-04,1.59E-04,-5.60E-05,2.19E-04,-2.53E-04,-2.70E-04,-2.48E-04,-2.17E-03
2179,-2.09E-04,-1.73E-04,-7.98E-05,-1.61E-04,-5.01E-05,-1.38E-04,-6.53E-05,-1.44E-05,-3.02E-05,6.13E-06,-1.39E-04,-1.43E-04,-1.44E-04,1.70E-04,-5.76E-05,3.33E-04,-2.38E-04,-2.58E-04,-2.38E-04,-2.72E-03
2180,-2.07E-04,-1.75E-04,-7.70E-05,-1.60E-04,-4.75E-05,-1.40E-04,-6.83E-05,-1.30E-05,-2.85E-05,6.00E-06,-1.38E-04,-1.43E-04,-1.36E-04,1.79E-04,-6.04E-05,4.41E-04,-2.22E-04,-2.46E-04,-2.30E-04,-3.26E-03
2181,-2.06E-04,-1.79E-04,-7.56E-05,-1.61E-04,-4.65E-05,-1.43E-04,-7.24E-05,-1.30E-05,-2.76E-05,4.56E-06,-1.39E-04,-1.44E-04,-1.28E-04,1.87E-04,-6.46E-05,5.39E-04,-2.06E-04,-2.35E-04,-2.26E-04,-3.77E-03
2182,-2.07E-04,-1.83E-04,-7.57E-05,-1.64E-04,-4.69E-05,-1.46E-04,-7.77E-05,-1.44E-05,-2.75E-05,1.28E-06,-1.41E-04,-1.46E-04,-1.22E-04,1.94E-04,-7.01E-05,6.23E-04,-1.90E-04,-2.25E-04,-2.26E-04,-4.24E-03
2183,-2.09E-04,-1.89E-04,-7.72E-05,-1.68E-04,-4.90E-05,-1.50E-04,-8.42E-05,-1.74E-05,-2.85E-05,-4.21E-06,-1.44E-04,-1.47E-04,-1.17E-04,1.99E-04,-7.69E-05,6.88E-04,-1.74E-04,-2.16E-04,-2.30E-04,-4.66E-03
2184,-2.13E-04,-1.95E-04,-8.01E-05,-1.74E-04,-5.24E-05,-1.55E-04,-9.19E-05,-2.19E-05,-3.05E-05,-1.21E-05,-1.47E-04,-1.50E-04,-1.14E-04,2.02E-04,-8.48E-05,7.32E-04,-1.59E-04,-2.09E-04,-2.37E-04,-5.02E-03
2185,-2.19E-04,-2.03E-04,-8.42E-05,-1.81E-04,-5.71E-05,-1.60E-04,-1.01E-04,-2.79E-05,-3.36E-05,-2.23E-05,-1.50E-04,-1.53E-04,-1.12E-04,2.03E-04,-9.35E-05,7.52E-04,-1.46E-04,-2.04E-04,-2.48E-04,-5.30E-03
2186,-2.25E-04,-2.12E-04,-8.93E-05,-1.89E-04,-6.27E-05,-1.65E-04,-1.10E-04,-3.50E-05,-3.77E-05,-3.46E-05,-1.53E-04,-1.57E-04,-1.12E-04,2.03E-04,-1.03E-04,7.49E-04,-1.35E-04,-2.01E-04,-2.61E-04,-5.50E-03
2187,-2.32E-04,-2.21E-04,-9.50E-05,-1.97E-04,-6.89E-05,-1.71E-04,-1.20E-04,-4.32E-05,-4.29E-05,-4.84E-05,-1.56E-04,-1.61E-04,-1.13E-04,2.00E-04,-1.12E-04,7.23E-04,-1.26E-04,-2.00E-04,-2.76E-04,-5.63E-03
2188,-2.40E-04,-2.30E-04,-1.01E-04,-2.06E-04,-7.51E-05,-1.76E-04,-1.30E-04,-5.19E-05,-4.90E-05,-6.30E-05,-1.57E-04,-1.66E-04,-1.15E-04,1.96E-04,-1.21E-04,6.74E-04,-1.19E-04,-2.01E-04,-2.92E-04,-5.67E-03
2189,-2.47E-04,-2.39E-04,-1.07E-04,-2.14E-04,-8.11E-05,-1.81E-04,-1.41E-04,-6.09E-05,-5.57E-05,-7.75E-05,-1.57E-04,-1.72E-04,-1.19E-04,1.90E-04,-1.30E-04,6.06E-04,-1.15E-04,-2.04E-04,-3.09E-04,-5.63E-03
2190,-2.55E-04,-2.48E-04,-1.13E-04,-2.22E-04,-8.62E-05,-1.85E-04,-1.50E-04,-6.96E-05,-6.30E-05,-9.09E-05,-1.55E-04,-1.78E-04,-1.23E-04,1.83E-04,-1.38E-04,5.22E-04,-1.13E-04,-2.09E-04,-3.25E-04,-5.51E-03
2191,-2.61E-04,-2.55E-04,-1.17E-04,-2.29E-04,-9.00E-05,-1.89E-04,-1.59E-04,-7.77E-05,-7.07E-05,-1.02E-04,-1.52E-04,-1.83E-04,-1.27E-04,1.75E-04,-1.44E-04,4.25E-04,-1.13E-04,-2.16E-04,-3.39E-04,-5.32E-03
2192,-2.67E-04,-2.62E-04,-1.21E-04,-2.34E-04,-9.21E-05,-1.91E-04,-1.66E-04,-8.48E-05,-7.83E-05,-1.11E-04,-1.46E-04,-1.89E-04,-1.31E-04,1.66E-04,-1.49E-04,3.21E-04,-1.16E-04,-2.23E-04,-3.52E-04,-5.07E-03
2193,-2.71E-04,-2.67E-04,-1.23E-04,-2.37E-04,-9.22E-05,-1.93E-04,-1.72E-04,-9.04E-05,-8.58E-05,-1.15E-04,-1.38E-04,-1.94E-04,-1.35E-04,1.57E-04,-1.53E-04,2.14E-04,-1.21E-04,-2.32E-04,-3.62E-04,-4.75E-03
2194,-2.73E-04,-2.71E-04,-1.24E-04,-2.39E-04,-9.01E-05,-1.93E-04,-1.76E-04,-9.44E-05,-9.29E-05,-1.16E-04,-1.28E-04,-1.99E-04,-1.38E-04,1.48E-04,-1.55E-04,1.07E-04,-1.27E-04,-2.40E-04,-3.69E-04,-4.39E-03
2195,-2.74E-04,-2.72E-04,-1.22E-04,-2.38E-04,-8.55E-05,-1.92E-04,-1.78E-04,-9.64E-05,-9.93E-05,-1.11E-04,-1.16E-04,-2.03E-04,-1.40E-04,1.40E-04,-1.55E-04,6.38E-06,-1.34E-04,-2.49E-04,-3.72E-04,-3.99E-03
2196,-2.73E-04,-2.72E-04,-1.19E-04,-2.35E-04,-7.86E-05,-1.89E-04,-1.78E-04,-9.65E-05,-1.05E-04,-1.03E-04,-1.03E-04,-2.06E-04,-1.42E-04,1.32E-04,-1.54E-04,-8.58E-05,-1.41E-04,-2.57E-04,-3.73E-04,-3.57E-03
2197,-2.70E-04,-2.70E-04,-1.14E-04,-2.31E-04,-6.93E-05,-1.85E-04,-1.77E-04,-9.45E-05,-1.09E-04,-9.00E-05,-8.78E-05,-2.08E-04,-1.42E-04,1.26E-04,-1.51E-04,-1.66E-04,-1.49E-04,-2.65E-04,-3.70E-04,-3.13E-03
2198,-2.66E-04,-2.67E-04,-1.08E-04,-2.24E-04,-5.80E-05,-1.78E-04,-1.73E-04,-9.06E-05,-1.13E-04,-7.41E-05,-7.21E-05,-2.09E-04,-1.40E-04,1.20E-04,-1.47E-04,-2.33E-04,-1.56E-04,-2.72E-04,-3.64E-04,-2.69E-03
2199,-2.60E-04,-2.62E-04,-1.00E-04,-2.16E-04,-4.49E-05,-1.70E-04,-1.68E-04,-8.49E-05,-1.15E-04,-5.61E-05,-5.59E-05,-2.09E-04,-1.38E-04,1.16E-04,-1.42E-04,-2.84E-04,-1.62E-04,-2.78E-04,-3.56E-04,-2.27E-03
2200,-2.54E-04,-2.56E-04,-9.11E-05,-2.07E-04,-3.06E-05,-1.61E-04,-1.61E-04,-7.78E-05,-1.15E-04,-3.72E-05,-3.95E-05,-2.07E-04,-1.34E-04,1.14E-04,-1.37E-04,-3.20E-04,-1.67E-04,-2.82E-04,-3.45E-04,-1.86E-03
2201,-2.46E-04,-2.48E-04,-8.14E-05,-1.97E-04,-1.53E-05,-1.50E-04,-1.53E-04,-6.94E-05,-1.15E-04,-1.88E-05,-2.33E-05,-2.05E-04,-1.29E-04,1.13E-04,-1.32E-04,-3.40E-04,-1.70E-04,-2.85E-04,-3.33E-04,-1.49E-03
2202,-2.39E-04,-2.41E-04,-7.12E-05,-1.86E-04,2.76E-07,-1.37E-04,-1.45E-04,-6.02E-05,-1.13E-04,-2.25E-06,-7.56E-06,-2.01E-04,-1.23E-04,1.13E-04,-1.26E-04,-3.46E-04,-1.70E-04,-2.87E-04,-3.20E-04,-1.15E-03
2203,-2.32E-04,-2.32E-04,-6.08E-05,-1.76E-04,1.58E-05,-1.24E-04,-1.36E-04,-5.06E-05,-1.09E-04,1.11E-05,7.39E-06,-1.96E-04,-1.17E-04,1.15E-04,-1.21E-04,-3.40E-04,-1.68E-04,-2.87E-04,-3.07E-04,-8.46E-04
2204,-2.25E-04,-2.24E-04,-5.07E-05,-1.66E-04,3.06E-05,-1.09E-04,-1.26E-04,-4.08E-05,-1.05E-04,2.02E-05,2.14E-05,-1.90E-04,-1.10E-04,1.17E-04,-1.17E-04,-3.23E-04,-1.64E-04,-2.86E-04,-2.94E-04,-5.87E-04
2205,-2.19E-04,-2.16E-04,-4.10E-05,-1.57E-04,4.45E-05,-9.47E-05,-1.17E-04,-3.12E-05,-1.00E-04,2.44E-05,3.45E-05,-1.83E-04,-1.02E-04,1.20E-04,-1.13E-04,-2.99E-04,-1.57E-04,-2.84E-04,-2.81E-04,-3.67E-04
2206,-2.14E-04,-2.09E-04,-3.20E-05,-1.48E-04,5.71E-05,-8.01E-05,-1.09E-04,-2.20E-05,-9.40E-05,2.32E-05,4.66E-05,-1.76E-04,-9.48E-05,1.24E-04,-1.10E-04,-2.70E-04,-1.48E-04,-2.81E-04,-2.71E-04,-1.83E-04
2207,-2.10E-04,-2.02E-04,-2.38E-05,-1.41E-04,6.82E-05,-6.61E-05,-1.01E-04,-1.35E-05,-8.74E-05,1.70E-05,5.80E-05,-1.68E-04,-8.70E-05,1.28E-04,-1.08E-04,-2.40E-04,-1.36E-04,-2.77E-04,-2.62E-04,-2.91E-05
2208,-2.07E-04,-1.96E-04,-1.66E-05,-1.35E-04,7.76E-05,-5.30E-05,-9.36E-05,-5.70E-06,-8.05E-05,6.38E-06,6.86E-05,-1.60E-04,-7.92E-05,1.32E-04,-1.06E-04,-2.12E-04,-1.22E-04,-2.72E-04,-2.55E-04,1.02E-04
2209,-2.05E-04,-1.91E-04,-1.03E-05,-1.30E-04,8.54E-05,-4.15E-05,-8.71E-05,1.29E-06,-7.33E-05,-7.58E-06,7.89E-05,-1.51E-04,-7.14E-05,1.35E-04,-1.04E-04,-1.87E-04,-1.07E-04,-2.67E-04,-2.50E-04,2.18E-04
2210,-2.05E-04,-1.86E-04,-4.78E-06,-1.27E-04,9.17E-05,-3.19E-05,-8.13E-05,7.54E-06,-6.61E-05,-2.34E-05,8.91E-05,-1.42E-04,-6.37E-05,1.38E-04,-1.03E-04,-1.69E-04,-9.03E-05,-2.61E-04,-2.48E-04,3.27E-04
2211,-2.05E-04,-1.82E-04,3.92E-08,-1.24E-04,9.68E-05,-2.45E-05,-7.61E-05,1.32E-05,-5.91E-05,-3.92E-05,9.95E-05,-1.33E-04,-5.59E-05,1.41E-04,-1.02E-04,-1.60E-04,-7.28E-05,-2.55E-04,-2.47E-04,4.36E-04
2212,-2.06E-04,-1.78E-04,4.39E-06,-1.22E-04,1.01E-04,-1.97E-05,-7.15E-05,1.83E-05,-5.23E-05,-5.31E-05,1.10E-04,-1.24E-04,-4.80E-05,1.42E-04,-1.00E-04,-1.59E-04,-5.49E-05,-2.49E-04,-2.49E-04,5.51E-04
2213,-2.07E-04,-1.74E-04,8.53E-06,-1.21E-04,1.04E-04,-1.74E-05,-6.71E-05,2.33E-05,-4.59E-05,-6.32E-05,1.22E-04,-1.14E-04,-3.99E-05,1.43E-04,-9.78E-05,-1.67E-04,-3.70E-05,-2.42E-04,-2.51E-04,6.76E-04
2214,-2.08E-04,-1.70E-04,1.27E-05,-1.20E-04,1.08E-04,-1.78E-05,-6.29E-05,2.82E-05,-3.99E-05,-6.78E-05,1.35E-04,-1.05E-04,-3.14E-05,1.43E-04,-9.46E-05,-1.83E-04,-1.95E-05,-2.35E-04,-2.54E-04,8.15E-04
2215,-2.08E-04,-1.66E-04,1.73E-05,-1.19E-04,1.12E-04,-2.06E-05,-5.85E-05,3.35E-05,-3.43E-05,-6.54E-05,1.49E-04,-9.47E-05,-2.24E-05,1.43E-04,-9.03E-05,-2.07E-04,-2.58E-06,-2.28E-04,-2.58E-04,9.68E-04
2216,-2.07E-04,-1.62E-04,2.25E-05,-1.18E-04,1.16E-04,-2.54E-05,-5.38E-05,3.92E-05,-2.92E-05,-5.52E-05,1.64E-04,-8.45E-05,-1.26E-05,1.43E-04,-8.47E-05,-2.36E-04,1.35E-05,-2.20E-04,-2.60E-04,1.13E-03
2217,-2.06E-04,-1.56E-04,2.86E-05,-1.15E-04,1.21E-04,-3.18E-05,-4.87E-05,4.58E-05,-2.43E-05,-3.69E-05,1.80E-04,-7.41E-05,-2.08E-06,1.42E-04,-7.76E-05,-2.68E-04,2.86E-05,-2.12E-04,-2.61E-04,1.31E-03
2218,-2.02E-04,-1.50E-04,3.59E-05,-1.12E-04,1.28E-04,-3.92E-05,-4.29E-05,5.32E-05,-1.96E-05,-1.09E-05,1.98E-04,-6.33E-05,9.48E-06,1.42E-04,-6.91E-05,-3.00E-04,4.27E-05,-2.03E-04,-2.60E-04,1.49E-03
2219,-1.97E-04,-1.42E-04,4.44E-05,-1.08E-04,1.37E-04,-4.66E-05,-3.63E-05,6.18E-05,-1.49E-05,2.16E-05,2.17E-04,-5.22E-05,2.22E-05,1.42E-04,-5.90E-05,-3.29E-04,5.59E-05,-1.93E-04,-2.56E-04,1.67E-03
2220,-1.90E-04,-1.33E-04,5.44E-05,-1.02E-04,1.47E-04,-5.32E-05,-2.88E-05,7.16E-05,-1.00E-05,5.88E-05,2.37E-04,-4.06E-05,3.61E-05,1.44E-04,-4.73E-05,-3.52E-04,6.85E-05,-1.82E-04,-2.48E-04,1.84E-03
2221,-1.81E-04,-1.22E-04,6.59E-05,-9.43E-05,1.59E-04,-5.81E-05,-2.05E-05,8.26E-05,-4.74E-06,9.82E-05,2.57E-04,-2.85E-05,5.13E-05,1.47E-04,-3.43E-05,-3.67E-04,8.06E-05,-1.70E-04,-2.36E-04,1.99E-03
2222,-1.70E-04,-1.11E-04,7.88E-05,-8.51E-05,1.74E-04,-6.03E-05,-1.13E-05,9.48E-05,1.19E-06,1.37E-04,2.78E-04,-1.60E-05,6.78E-05,1.51E-04,-2.01E-05,-3.71E-04,9.27E-05,-1.57E-04,-2.19E-04,2.12E-03
2223,-1.57E-04,-9.82E-05,9.33E-05,-7.42E-05,1.89E-04,-5.89E-05,-1.25E-06,1.08E-04,8.01E-06,1.70E-04,2.99E-04,-3.03E-06,8.57E-05,1.57E-04,-4.71E-06,-3.62E-04,1.05E-04,-1.43E-04,-1.98E-04,2.20E-03
2224,-1.42E-04,-8.46E-05,1.09E-04,-6.15E-05,2.07E-04,-5.30E-05,9.59E-06,1.23E-04,1.60E-05,1.96E-04,3.20E-04,1.05E-05,1.05E-04,1.65E-04,1.15E-05,-3.38E-04,1.18E-04,-1.27E-04,-1.71E-04,2.25E-03
2225,-1.26E-04,-7.01E-05,1.26E-04,-4.71E-05,2.26E-04,-4.19E-05,2.11E-05,1.38E-04,2.53E-05,2.10E-04,3.41E-04,2.45E-05,1.25E-04,1.75E-04,2.84E-05,-2.99E-04,1.32E-04,-1.09E-04,-1.40E-04,2.24E-03
2226,-1.09E-04,-5.49E-05,1.44E-04,-3.10E-05,2.46E-04,-2.50E-05,3.33E-05,1.54E-04,3.61E-05,2.10E-04,3.62E-04,3.90E-05,1.47E-04,1.87E-04,4.57E-05,-2.45E-04,1.48E-04,-9.04E-05,-1.05E-04,2.18E-03
2227,-9.15E-05,-3.93E-05,1.64E-04,-1.32E-05,2.67E-04,-2.00E-06,4.61E-05,1.71E-04,4.85E-05,1.92E-04,3.82E-04,5.39E-05,1.69E-04,2.01E-04,6.32E-05,-1.75E-04,1.66E-04,-7.01E-05,-6.56E-05,2.07E-03
2228,-7.29E-05,-2.34E-05,1.83E-04,6.11E-06,2.88E-04,2.72E-05,5.94E-05,1.89E-04,6.27E-05,1.55E-04,4.01E-04,6.94E-05,1.93E-04,2.17E-04,8.07E-05,-9.19E-05,1.85E-04,-4.84E-05,-2.36E-05,1.90E-03
2229,-5.39E-05,-7.39E-06,2.04E-04,2.69E-05,3.10E-04,6.24E-05,7.32E-05,2.07E-04,7.86E-05,9.91E-05,4.20E-04,8.53E-05,2.17E-04,2.35E-04,9.81E-05,3.72E-06,2.07E-04,-2.54E-05,2.04E-05,1.69E-03
2230,-3.47E-05,8.60E-06,2.25E-04,4.90E-05,3.32E-04,1.03E-04,8.74E-05,2.25E-04,9.61E-05,2.39E-05,4.38E-04,1.02E-04,2.42E-04,2.54E-04,1.15E-04,1.09E-04,2.31E-04,-1.21E-06,6.54E-05,1.43E-03
2231,-1.54E-05,2.45E-05,2.46E-04,7.24E-05,3.54E-04,1.49E-04,1.02E-04,2.43E-04,1.15E-04,-6.85E-05,4.55E-04,1.18E-04,2.68E-04,2.74E-04,1.32E-04,2.22E-04,2.57E-04,2.41E-05,1.10E-04,1.13E-03
2232,3.95E-06,4.03E-05,2.68E-04,9.69E-05,3.76E-04,1.98E-04,1.17E-04,2.62E-04,1.35E-04,-1.75E-04,4.73E-04,1.36E-04,2.94E-04,2.94E-04,1.49E-04,3.39E-04,2.85E-04,5.03E-05,1.55E-04,8.02E-04
2233,2.33E-05,5.60E-05,2.90E-04,1.22E-04,3.98E-04,2.50E-04,1.33E-04,2.81E-04,1.56E-04,-2.92E-04,4.90E-04,1.53E-04,3.20E-04,3.15E-04,1.65E-04,4.57E-04,3.15E-04,7.74E-05,1.97E-04,4.57E-04
2234,4.26E-05,7.17E-05,3.11E-04,1.48E-04,4.19E-04,3.03E-04,1.50E-04,3.00E-04,1.78E-04,-4.15E-04,5.07E-04,1.72E-04,3.47E-04,3.36E-04,1.81E-04,5.73E-04,3.46E-04,1.05E-04,2.36E-04,1.02E-04
2235,6.21E-05,8.75E-05,3.33E-04,1.75E-04,4.40E-04,3.55E-04,1.67E-04,3.18E-04,1.99E-04,-5.38E-04,5.24E-04,1.90E-04,3.74E-04,3.57E-04,1.96E-04,6.84E-04,3.78E-04,1.34E-04,2.73E-04,-2.55E-04
2236,8.17E-05,1.03E-04,3.54E-04,2.02E-04,4.60E-04,4.05E-04,1.84E-04,3.37E-04,2.20E-04,-6.56E-04,5.41E-04,2.09E-04,4.02E-04,3.77E-04,2.12E-04,7.87E-04,4.10E-04,1.62E-04,3.05E-04,-6.04E-04
2237,1.02E-04,1.20E-04,3.76E-04,2.30E-04,4.80E-04,4.51E-04,2.03E-04,3.56E-04,2.40E-04,-7.64E-04,5.59E-04,2.29E-04,4.29E-04,3.96E-04,2.28E-04,8.81E-04,4.42E-04,1.92E-04,3.34E-04,-9.40E-04
2238,1.22E-04,1.36E-04,3.97E-04,2.57E-04,5.00E-04,4.92E-04,2.22E-04,3.75E-04,2.59E-04,-8.56E-04,5.78E-04,2.48E-04,4.57E-04,4.15E-04,2.44E-04,9.62E-04,4.74E-04,2.21E-04,3.59E-04,-1.26E-03
2239,1.43E-04,1.54E-04,4.17E-04,2.84E-04,5.19E-04,5.26E-04,2.41E-04,3.93E-04,2.75E-04,-9.29E-04,5.97E-04,2.68E-04,4.85E-04,4.31E-04,2.60E-04,1.03E-03,5.04E-04,2.51E-04,3.81E-04,-1.55E-03
2240,1.65E-04,1.72E-04,4.38E-04,3.11E-04,5.38E-04,5.51E-04,2.61E-04,4.11E-04,2.89E-04,-9.79E-04,6.17E-04,2.89E-04,5.13E-04,4.47E-04,2.76E-04,1.08E-03,5.34E-04,2.81E-04,4.00E-04,-1.81E-03
2241,1.88E-04,1.90E-04,4.57E-04,3.37E-04,5.57E-04,5.67E-04,2.82E-04,4.28E-04,3.01E-04,-1.00E-03,6.37E-04,3.09E-04,5.41E-04,4.61E-04,2.93E-04,1.12E-03,5.62E-04,3.11E-04,4.16E-04,-2.04E-03
2242,2.11E-04,2.09E-04,4.76E-04,3.61E-04,5.74E-04,5.73E-04,3.02E-04,4.44E-04,3.09E-04,-1.00E-03,6.58E-04,3.29E-04,5.69E-04,4.74E-04,3.11E-04,1.15E-03,5.88E-04,3.41E-04,4.30E-04,-2.24E-03
2243,2.36E-04,2.29E-04,4.94E-04,3.85E-04,5.91E-04,5.70E-04,3.22E-04,4.60E-04,3.14E-04,-9.72E-04,6.79E-04,3.49E-04,5.97E-04,4.85E-04,3.28E-04,1.16E-03,6.13E-04,3.70E-04,4.44E-04,-2.40E-03
2244,2.60E-04,2.49E-04,5.12E-04,4.07E-04,6.06E-04,5.56E-04,3.41E-04,4.74E-04,3.16E-04,-9.17E-04,7.00E-04,3.69E-04,6.24E-04,4.95E-04,3.46E-04,1.16E-03,6.35E-04,3.98E-04,4.57E-04,-2.52E-03
2245,2.85E-04,2.69E-04,5.28E-04,4.27E-04,6.20E-04,5.34E-04,3.59E-04,4.86E-04,3.15E-04,-8.40E-04,7.21E-04,3.88E-04,6.51E-04,5.03E-04,3.64E-04,1.15E-03,6.55E-04,4.26E-04,4.69E-04,-2.61E-03
2246,3.10E-04,2.89E-04,5.42E-04,4.46E-04,6.33E-04,5.04E-04,3.76E-04,4.97E-04,3.12E-04,-7.44E-04,7.41E-04,4.06E-04,6.77E-04,5.10E-04,3.81E-04,1.13E-03,6.73E-04,4.52E-04,4.82E-04,-2.66E-03
2247,3.34E-04,3.09E-04,5.55E-04,4.63E-04,6.43E-04,4.68E-04,3.91E-04,5.06E-04,3.06E-04,-6.34E-04,7.59E-04,4.23E-04,7.01E-04,5.15E-04,3.97E-04,1.10E-03,6.89E-04,4.76E-04,4.96E-04,-2.67E-03
2248,3.58E-04,3.27E-04,5.66E-04,4.77E-04,6.52E-04,4.27E-04,4.04E-04,5.12E-04,2.98E-04,-5.15E-04,7.77E-04,4.39E-04,7.23E-04,5.19E-04,4.13E-04,1.06E-03,7.02E-04,4.98E-04,5.09E-04,-2.64E-03
2249,3.80E-04,3.44E-04,5.76E-04,4.90E-04,6.58E-04,3.83E-04,4.15E-04,5.17E-04,2.89E-04,-3.93E-04,7.93E-04,4.53E-04,7.43E-04,5.21E-04,4.26E-04,1.02E-03,7.14E-04,5.18E-04,5.23E-04,-2.57E-03
2250,4.01E-04,3.59E-04,5.83E-04,5.01E-04,6.62E-04,3.38E-04,4.23E-04,5.19E-04,2.79E-04,-2.75E-04,8.06E-04,4.65E-04,7.60E-04,5.21E-04,4.38E-04,9.72E-04,7.22E-04,5.34E-04,5.36E-04,-2.46E-03
2251,4.19E-04,3.72E-04,5.88E-04,5.10E-04,6.63E-04,2.95E-04,4.28E-04,5.19E-04,2.69E-04,-1.67E-04,8.17E-04,4.75E-04,7.74E-04,5.19E-04,4.46E-04,9.20E-04,7.29E-04,5.46E-04,5.47E-04,-2.31E-03
2252,4.34E-04,3.82E-04,5.91E-04,5.16E-04,6.61E-04,2.54E-04,4.31E-04,5.17E-04,2.60E-04,-7.36E-05,8.25E-04,4.83E-04,7.85E-04,5.16E-04,4.52E-04,8.65E-04,7.32E-04,5.55E-04,5.56E-04,-2.11E-03
2253,4.47E-04,3.89E-04,5.92E-04,5.21E-04,6.57E-04,2.18E-04,4.30E-04,5.12E-04,2.52E-04,8.90E-08,8.29E-04,4.88E-04,7.92E-04,5.10E-04,4.55E-04,8.08E-04,7.33E-04,5.59E-04,5.62E-04,-1.88E-03
2254,4.56E-04,3.93E-04,5.91E-04,5.25E-04,6.49E-04,1.89E-04,4.27E-04,5.05E-04,2.44E-04,5.08E-05,8.31E-04,4.91E-04,7.94E-04,5.02E-04,4.54E-04,7.48E-04,7.31E-04,5.58E-04,5.64E-04,-1.61E-03
2255,4.62E-04,3.94E-04,5.87E-04,5.26E-04,6.40E-04,1.65E-04,4.21E-04,4.97E-04,2.39E-04,7.67E-05,8.28E-04,4.91E-04,7.93E-04,4.92E-04,4.49E-04,6.88E-04,7.26E-04,5.53E-04,5.62E-04,-1.30E-03
2256,4.64E-04,3.91E-04,5.81E-04,5.26E-04,6.28E-04,1.49E-04,4.12E-04,4.86E-04,2.35E-04,7.73E-05,8.23E-04,4.88E-04,7.87E-04,4.79E-04,4.40E-04,6.27E-04,7.17E-04,5.43E-04,5.54E-04,-9.60E-04
2257,4.63E-04,3.85E-04,5.74E-04,5.25E-04,6.13E-04,1.40E-04,4.01E-04,4.74E-04,2.32E-04,5.40E-05,8.13E-04,4.83E-04,7.78E-04,4.65E-04,4.28E-04,5.66E-04,7.06E-04,5.29E-04,5.42E-04,-5.96E-04
2258,4.58E-04,3.76E-04,5.64E-04,5.22E-04,5.97E-04,1.38E-04,3.88E-04,4.60E-04,2.31E-04,9.38E-06,8.01E-04,4.74E-04,7.64E-04,4.48E-04,4.12E-04,5.07E-04,6.90E-04,5.11E-04,5.25E-04,-2.13E-04
2259,4.50E-04,3.65E-04,5.52E-04,5.17E-04,5.79E-04,1.42E-04,3.73E-04,4.45E-04,2.31E-04,-5.26E-05,7.85E-04,4.64E-04,7.47E-04,4.30E-04,3.93E-04,4.50E-04,6.72E-04,4.90E-04,5.03E-04,1.80E-04
2260,4.38E-04,3.50E-04,5.38E-04,5.11E-04,5.60E-04,1.50E-04,3.57E-04,4.28E-04,2.31E-04,-1.27E-04,7.66E-04,4.51E-04,7.28E-04,4.10E-04,3.71E-04,3.96E-04,6.51E-04,4.65E-04,4.78E-04,5.70E-04
2261,4.24E-04,3.33E-04,5.23E-04,5.03E-04,5.40E-04,1.61E-04,3.40E-04,4.10E-04,2.30E-04,-2.08E-04,7.45E-04,4.36E-04,7.06E-04,3.89E-04,3.47E-04,3.46E-04,6.26E-04,4.39E-04,4.50E-04,9.47E-04
2262,4.07E-04,3.15E-04,5.06E-04,4.94E-04,5.18E-04,1.72E-04,3.21E-04,3.91E-04,2.29E-04,-2.91E-04,7.21E-04,4.19E-04,6.82E-04,3.67E-04,3.23E-04,3.01E-04,5.99E-04,4.11E-04,4.22E-04,1.30E-03
2263,3.89E-04,2.95E-04,4.88E-04,4.82E-04,4.96E-04,1.82E-04,3.02E-04,3.70E-04,2.26E-04,-3.70E-04,6.97E-04,4.00E-04,6.58E-04,3.44E-04,2.97E-04,2.62E-04,5.71E-04,3.83E-04,3.94E-04,1.61E-03
2264,3.68E-04,2.74E-04,4.68E-04,4.69E-04,4.73E-04,1.89E-04,2.82E-04,3.49E-04,2.21E-04,-4.39E-04,6.71E-04,3.80E-04,6.34E-04,3.21E-04,2.73E-04,2.30E-04,5.41E-04,3.56E-04,3.69E-04,1.87E-03
2265,3.47E-04,2.52E-04,4.47E-04,4.53E-04,4.49E-04,1.91E-04,2.61E-04,3.26E-04,2.12E-04,-4.96E-04,6.45E-04,3.59E-04,6.10E-04,2.99E-04,2.49E-04,2.06E-04,5.10E-04,3.30E-04,3.47E-04,2.07E-03
2266,3.24E-04,2.29E-04,4.25E-04,4.36E-04,4.24E-04,1.85E-04,2.40E-04,3.03E-04,2.01E-04,-5.35E-04,6.19E-04,3.37E-04,5.88E-04,2.77E-04,2.27E-04,1.89E-04,4.78E-04,3.06E-04,3.31E-04,2.19E-03
2267,3.01E-04,2.07E-04,4.01E-04,4.16E-04,3.99E-04,1.72E-04,2.19E-04,2.78E-04,1.86E-04,-5.56E-04,5.93E-04,3.15E-04,5.67E-04,2.55E-04,2.07E-04,1.80E-04,4.47E-04,2.85E-04,3.20E-04,2.24E-03
2268,2.78E-04,1.84E-04,3.77E-04,3.94E-04,3.73E-04,1.51E-04,1.97E-04,2.52E-04,1.67E-04,-5.59E-04,5.68E-04,2.92E-04,5.49E-04,2.35E-04,1.90E-04,1.78E-04,4.17E-04,2.67E-04,3.17E-04,2.22E-03
2269,2.54E-04,1.62E-04,3.52E-04,3.69E-04,3.46E-04,1.20E-04,1.75E-04,2.25E-04,1.45E-04,-5.43E-04,5.44E-04,2.70E-04,5.33E-04,2.15E-04,1.75E-04,1.83E-04,3.89E-04,2.52E-04,3.21E-04,2.13E-03
2270,2.30E-04,1.39E-04,3.25E-04,3.43E-04,3.18E-04,8.17E-05,1.52E-04,1.96E-04,1.20E-04,-5.10E-04,5.22E-04,2.48E-04,5.20E-04,1.96E-04,1.64E-04,1.93E-04,3.62E-04,2.40E-04,3.32E-04,1.98E-03
2271,2.06E-04,1.17E-04,2.99E-04,3.14E-04,2.90E-04,3.61E-05,1.28E-04,1.67E-04,9.22E-05,-4.65E-04,5.01E-04,2.26E-04,5.09E-04,1.78E-04,1.56E-04,2.07E-04,3.37E-04,2.31E-04,3.50E-04,1.77E-03
2272,1.83E-04,9.53E-05,2.71E-04,2.85E-04,2.60E-04,-1.49E-05,1.03E-04,1.38E-04,6.30E-05,-4.10E-04,4.81E-04,2.05E-04,5.00E-04,1.61E-04,1.50E-04,2.24E-04,3.14E-04,2.25E-04,3.73E-04,1.53E-03
2273,1.59E-04,7.33E-05,2.44E-04,2.54E-04,2.30E-04,-6.93E-05,7.74E-05,1.07E-04,3.30E-05,-3.52E-04,4.62E-04,1.84E-04,4.93E-04,1.45E-04,1.45E-04,2.42E-04,2.93E-04,2.21E-04,4.00E-04,1.27E-03
2274,1.35E-04,5.13E-05,2.16E-04,2.22E-04,1.99E-04,-1.25E-04,5.11E-05,7.66E-05,3.21E-06,-2.95E-04,4.44E-04,1.64E-04,4.87E-04,1.28E-04,1.43E-04,2.59E-04,2.74E-04,2.18E-04,4.29E-04,1.00E-03
2275,1.11E-04,2.90E-05,1.89E-04,1.90E-04,1.68E-04,-1.78E-04,2.39E-05,4.60E-05,-2.53E-05,-2.45E-04,4.27E-04,1.44E-04,4.81E-04,1.12E-04,1.40E-04,2.72E-04,2.56E-04,2.16E-04,4.58E-04,7.53E-04
2276,8.70E-05,6.60E-06,1.62E-04,1.58E-04,1.36E-04,-2.28E-04,-3.85E-06,1.57E-05,-5.14E-05,-2.08E-04,4.10E-04,1.25E-04,4.75E-04,9.49E-05,1.38E-04,2.82E-04,2.39E-04,2.14E-04,4.84E-04,5.28E-04
2277,6.27E-05,-1.61E-05,1.36E-04,1.27E-04,1.05E-04,-2.71E-04,-3.21E-05,-1.38E-05,-7.44E-05,-1.88E-04,3.92E-04,1.07E-04,4.68E-04,7.77E-05,1.34E-04,2.85E-04,2.23E-04,2.10E-04,5.06E-04,3.44E-04
2278,3.82E-05,-3.90E-05,1.11E-04,9.76E-05,7.35E-05,-3.06E-04,-6.05E-05,-4.23E-05,-9.35E-05,-1.90E-04,3.74E-04,8.92E-05,4.60E-04,5.99E-05,1.28E-04,2.81E-04,2.06E-04,2.04E-04,5.22E-04,2.10E-04
2279,1.37E-05,-6.20E-05,8.64E-05,6.95E-05,4.30E-05,-3.30E-04,-8.89E-05,-6.93E-05,-1.08E-04,-2.15E-04,3.55E-04,7.19E-05,4.48E-04,4.11E-05,1.19E-04,2.69E-04,1.89E-04,1.96E-04,5.29E-04,1.36E-04
2280,-1.09E-05,-8.50E-05,6.37E-05,4.36E-05,1.37E-05,-3.44E-04,-1.17E-04,-9.46E-05,-1.18E-04,-2.66E-04,3.34E-04,5.51E-05,4.35E-04,2.16E-05,1.07E-04,2.49E-04,1.71E-04,1.84E-04,5.27E-04,1.25E-04
2281,-3.54E-05,-1.08E-04,4.27E-05,2.01E-05,-1.41E-05,-3.45E-04,-1.44E-04,-1.18E-04,-1.22E-04,-3.41E-04,3.11E-04,3.87E-05,4.18E-04,1.15E-06,9.18E-05,2.21E-04,1.52E-04,1.70E-04,5.16E-04,1.81E-04
2282,-5.95E-05,-1.30E-04,2.34E-05,-5.44E-07,-3.99E-05,-3.35E-04,-1.70E-04,-1.39E-04,-1.22E-04,-4.40E-04,2.86E-04,2.28E-05,3.98E-04,-2.00E-05,7.25E-05,1.85E-04,1.31E-04,1.52E-04,4.94E-04,3.02E-04
2283,-8.30E-05,-1.52E-04,6.10E-06,-1.82E-05,-6.34E-05,-3.14E-04,-1.94E-04,-1.57E-04,-1.17E-04,-5.60E-04,2.60E-04,7.41E-06,3.75E-04,-4.17E-05,4.93E-05,1.43E-04,1.09E-04,1.31E-04,4.63E-04,4.85E-04
2284,-1.06E-04,-1.72E-04,-9.16E-06,-3.29E-05,-8.44E-05,-2.83E-04,-2.16E-04,-1.73E-04,-1.09E-04,-6.95E-04,2.31E-04,-7.30E-06,3.50E-04,-6.38E-05,2.28E-05,9.59E-05,8.56E-05,1.08E-04,4.25E-04,7.24E-04
2285,-1.27E-04,-1.92E-04,-2.23E-05,-4.44E-05,-1.02E-04,-2.46E-04,-2.36E-04,-1.86E-04,-9.75E-05,-8.41E-04,2.02E-04,-2.12E-05,3.22E-04,-8.58E-05,-6.74E-06,4.52E-05,6.09E-05,8.22E-05,3.80E-04,1.01E-03
2286,-1.47E-04,-2.09E-04,-3.34E-05,-5.29E-05,-1.18E-04,-2.02E-04,-2.53E-04,-1.96E-04,-8.39E-05,-9.93E-04,1.71E-04,-3.42E-05,2.93E-04,-1.07E-04,-3.85E-05,-7.43E-06,3.56E-05,5.58E-05,3.31E-04,1.33E-03
2287,-1.65E-04,-2.25E-04,-4.23E-05,-5.86E-05,-1.30E-04,-1.57E-04,-2.67E-04,-2.04E-04,-6.91E-05,-1.14E-03,1.40E-04,-4.61E-05,2.64E-04,-1.28E-04,-7.15E-05,-6.01E-05,1.03E-05,2.92E-05,2.81E-04,1.67E-03
2288,-1.81E-04,-2.38E-04,-4.93E-05,-6.17E-05,-1.39E-04,-1.11E-04,-2.78E-04,-2.09E-04,-5.42E-05,-1.29E-03,1.09E-04,-5.66E-05,2.34E-04,-1.48E-04,-1.05E-04,-1.11E-04,-1.45E-05,3.56E-06,2.31E-04,2.02E-03
2289,-1.95E-04,-2.48E-04,-5.43E-05,-6.25E-05,-1.45E-04,-6.90E-05,-2.86E-04,-2.12E-04,-4.01E-05,-1.42E-03,7.90E-05,-6.56E-05,2.06E-04,-1.67E-04,-1.37E-04,-1.59E-04,-3.78E-05,-2.03E-05,1.85E-04,2.37E-03
2290,-2.07E-04,-2.56E-04,-5.76E-05,-6.13E-05,-1.49E-04,-3.19E-05,-2.91E-04,-2.13E-04,-2.76E-05,-1.54E-03,5.09E-05,-7.28E-05,1.81E-04,-1.83E-04,-1.68E-04,-2.02E-04,-5.90E-05,-4.13E-05,1.45E-04,2.68E-03
2291,-2.15E-04,-2.62E-04,-5.92E-05,-5.86E-05,-1.50E-04,-2.07E-06,-2.93E-04,-2.11E-04,-1.75E-05,-1.64E-03,2.54E-05,-7.81E-05,1.58E-04,-1.98E-04,-1.96E-04,-2.39E-04,-7.74E-05,-5.87E-05,1.12E-04,2.96E-03
2292,-2.21E-04,-2.65E-04,-5.94E-05,-5.46E-05,-1.49E-04,1.89E-05,-2.92E-04,-2.08E-04,-1.02E-05,-1.72E-03,2.97E-06,-8.13E-05,1.39E-04,-2.11E-04,-2.20E-04,-2.69E-04,-9.22E-05,-7.18E-05,8.90E-05,3.19E-03
2293,-2.25E-04,-2.65E-04,-5.82E-05,-4.97E-05,-1.47E-04,3.02E-05,-2.88E-04,-2.04E-04,-5.88E-06,-1.77E-03,-1.57E-05,-8.24E-05,1.24E-04,-2.22E-04,-2.39E-04,-2.91E-04,-1.03E-04,-8.02E-05,7.61E-05,3.36E-03
2294,-2.25E-04,-2.63E-04,-5.59E-05,-4.43E-05,-1.44E-04,3.18E-05,-2.83E-04,-1.99E-04,-4.53E-06,-1.81E-03,-3.01E-05,-8.12E-05,1.13E-04,-2.30E-04,-2.53E-04,-3.06E-04,-1.09E-04,-8.35E-05,7.40E-05,3.47E-03
2295,-2.24E-04,-2.59E-04,-5.26E-05,-3.86E-05,-1.40E-04,2.42E-05,-2.76E-04,-1.93E-04,-5.92E-06,-1.82E-03,-4.01E-05,-7.77E-05,1.07E-04,-2.37E-04,-2.62E-04,-3.12E-04,-1.11E-04,-8.18E-05,8.26E-05,3.51E-03
2296,-2.19E-04,-2.52E-04,-4.84E-05,-3.29E-05,-1.35E-04,8.61E-06,-2.67E-04,-1.87E-04,-9.56E-06,-1.81E-03,-4.55E-05,-7.21E-05,1.06E-04,-2.41E-04,-2.65E-04,-3.11E-04,-1.09E-04,-7.52E-05,1.01E-04,3.48E-03
2297,-2.13E-04,-2.45E-04,-4.34E-05,-2.73E-05,-1.31E-04,-1.31E-05,-2.57E-04,-1.80E-04,-1.48E-05,-1.79E-03,-4.64E-05,-6.44E-05,1.10E-04,-2.43E-04,-2.63E-04,-3.01E-04,-1.01E-04,-6.43E-05,1.29E-04,3.40E-03
2298,-2.05E-04,-2.36E-04,-3.78E-05,-2.19E-05,-1.27E-04,-3.88E-05,-2.47E-04,-1.73E-04,-2.09E-05,-1.75E-03,-4.30E-05,-5.48E-05,1.17E-04,-2.44E-04,-2.56E-04,-2.84E-04,-8.98E-05,-4.95E-05,1.64E-04,3.26E-03
2299,-1.96E-04,-2.26E-04,-3.16E-05,-1.67E-05,-1.24E-04,-6.60E-05,-2.36E-04,-1.67E-04,-2.70E-05,-1.71E-03,-3.58E-05,-4.35E-05,1.27E-04,-2.44E-04,-2.44E-04,-2.60E-04,-7.47E-05,-3.16E-05,2.04E-04,3.07E-03
2300,-1.85E-04,-2.16E-04,-2.48E-05,-1.18E-05,-1.21E-04,-9.21E-05,-2.25E-04,-1.60E-04,-3.22E-05,-1.67E-03,-2.53E-05,-3.08E-05,1.40E-04,-2.42E-04,-2.29E-04,-2.30E-04,-5.65E-05,-1.15E-05,2.47E-04,2.86E-03
2301,-1.73E-04,-2.05E-04,-1.76E-05,-6.94E-06,-1.19E-04,-1.15E-04,-2.15E-04,-1.53E-04,-3.58E-05,-1.63E-03,-1.21E-05,-1.70E-05,1.55E-04,-2.40E-04,-2.10E-04,-1.94E-04,-3.60E-05,9.98E-06,2.92E-04,2.62E-03
2302,-1.60E-04,-1.93E-04,-9.75E-06,-2.05E-06,-1.17E-04,-1.32E-04,-2.04E-04,-1.47E-04,-3.71E-05,-1.60E-03,3.00E-06,-2.18E-06,1.71E-04,-2.36E-04,-1.89E-04,-1.53E-04,-1.38E-05,3.20E-05,3.36E-04,2.37E-03
2303,-1.47E-04,-1.82E-04,-1.39E-06,3.09E-06,-1.16E-04,-1.41E-04,-1.94E-04,-1.40E-04,-3.55E-05,-1.57E-03,1.94E-05,1.32E-05,1.87E-04,-2.32E-04,-1.67E-04,-1.08E-04,9.32E-06,5.38E-05,3.76E-04,2.12E-03
2304,-1.33E-04,-1.71E-04,7.54E-06,8.66E-06,-1.15E-04,-1.41E-04,-1.85E-04,-1.33E-04,-3.07E-05,-1.57E-03,3.62E-05,2.90E-05,2.03E-04,-2.28E-04,-1.45E-04,-5.89E-05,3.27E-05,7.47E-05,4.13E-04,1.87E-03
2305,-1.19E-04,-1.59E-04,1.71E-05,1.49E-05,-1.14E-04,-1.32E-04,-1.75E-04,-1.27E-04,-2.25E-05,-1.58E-03,5.30E-05,4.49E-05,2.18E-04,-2.23E-04,-1.22E-04,-6.94E-06,5.58E-05,9.42E-05,4.43E-04,1.63E-03
2306,-1.05E-04,-1.48E-04,2.73E-05,2.21E-05,-1.13E-04,-1.13E-04,-1.66E-04,-1.19E-04,-1.11E-05,-1.60E-03,6.92E-05,6.08E-05,2.31E-04,-2.17E-04,-1.01E-04,4.73E-05,7.80E-05,1.12E-04,4.68E-04,1.41E-03
2307,-9.04E-05,-1.36E-04,3.82E-05,3.04E-05,-1.11E-04,-8.39E-05,-1.56E-04,-1.12E-04,3.42E-06,-1.64E-03,8.43E-05,7.67E-05,2.44E-04,-2.11E-04,-8.09E-05,1.03E-04,9.92E-05,1.28E-04,4.86E-04,1.19E-03
2308,-7.52E-05,-1.23E-04,4.99E-05,4.01E-05,-1.07E-04,-4.64E-05,-1.46E-04,-1.03E-04,2.05E-05,-1.70E-03,9.81E-05,9.23E-05,2.54E-04,-2.05E-04,-6.24E-05,1.59E-04,1.19E-04,1.42E-04,4.98E-04,9.93E-04
2309,-5.96E-05,-1.10E-04,6.24E-05,5.12E-05,-1.02E-04,-1.41E-06,-1.35E-04,-9.44E-05,3.96E-05,-1.77E-03,1.11E-04,1.08E-04,2.64E-04,-1.97E-04,-4.55E-05,2.15E-04,1.37E-04,1.54E-04,5.04E-04,8.08E-04
2310,-4.32E-05,-9.64E-05,7.58E-05,6.41E-05,-9.55E-05,4.94E-05,-1.23E-04,-8.45E-05,6.00E-05,-1.85E-03,1.22E-04,1.23E-04,2.72E-04,-1.90E-04,-3.03E-05,2.70E-04,1.54E-04,1.65E-04,5.07E-04,6.36E-04
2311,-2.60E-05,-8.14E-05,9.01E-05,7.86E-05,-8.67E-05,1.04E-04,-1.10E-04,-7.36E-05,8.11E-05,-1.94E-03,1.32E-04,1.39E-04,2.79E-04,-1.81E-04,-1.63E-05,3.23E-04,1.70E-04,1.76E-04,5.06E-04,4.76E-04
2312,-7.73E-06,-6.51E-05,1.05E-04,9.49E-05,-7.57E-05,1.61E-04,-9.56E-05,-6.16E-05,1.02E-04,-2.03E-03,1.41E-04,1.54E-04,2.86E-04,-1.71E-04,-3.29E-06,3.73E-04,1.86E-04,1.86E-04,5.04E-04,3.28E-04
2313,1.17E-05,-4.74E-05,1.21E-04,1.13E-04,-6.22E-05,2.17E-04,-7.94E-05,-4.86E-05,1.22E-04,-2.11E-03,1.51E-04,1.70E-04,2.94E-04,-1.60E-04,9.18E-06,4.19E-04,2.00E-04,1.96E-04,5.02E-04,1.90E-04
2314,3.24E-05,-2.81E-05,1.38E-04,1.33E-04,-4.63E-05,2.72E-04,-6.14E-05,-3.46E-05,1.41E-04,-2.18E-03,1.60E-04,1.86E-04,3.02E-04,-1.48E-04,2.16E-05,4.61E-04,2.15E-04,2.08E-04,5.01E-04,6.26E-05
2315,5.45E-05,-7.19E-06,1.56E-04,1.54E-04,-2.81E-05,3.24E-04,-4.17E-05,-1.96E-05,1.57E-04,-2.25E-03,1.70E-04,2.03E-04,3.11E-04,-1.36E-04,3.44E-05,4.96E-04,2.30E-04,2.20E-04,5.03E-04,-5.41E-05
2316,7.80E-05,1.52E-05,1.75E-04,1.77E-04,-7.73E-06,3.70E-04,-2.02E-05,-3.67E-06,1.72E-04,-2.29E-03,1.81E-04,2.21E-04,3.21E-04,-1.22E-04,4.80E-05,5.26E-04,2.46E-04,2.35E-04,5.07E-04,-1.58E-04
2317,1.03E-04,3.91E-05,1.94E-04,2.01E-04,1.45E-05,4.12E-04,2.79E-06,1.30E-05,1.84E-04,-2.32E-03,1.93E-04,2.39E-04,3.34E-04,-1.07E-04,6.27E-05,5.49E-04,2.62E-04,2.51E-04,5.16E-04,-2.48E-04
2318,1.29E-04,6.43E-05,2.14E-04,2.25E-04,3.84E-05,4.47E-04,2.71E-05,3.02E-05,1.93E-04,-2.33E-03,2.07E-04,2.58E-04,3.48E-04,-9.21E-05,7.86E-05,5.65E-04,2.80E-04,2.69E-04,5.28E-04,-3.22E-04
2319,1.56E-04,9.05E-05,2.34E-04,2.51E-04,6.33E-05,4.75E-04,5.24E-05,4.78E-05,2.00E-04,-2.32E-03,2.22E-04,2.78E-04,3.63E-04,-7.62E-05,9.58E-05,5.74E-04,2.98E-04,2.89E-04,5.43E-04,-3.75E-04
2320,1.85E-04,1.18E-04,2.55E-04,2.76E-04,8.90E-05,4.97E-04,7.84E-05,6.55E-05,2.05E-04,-2.29E-03,2.39E-04,2.98E-04,3.80E-04,-6.01E-05,1.14E-04,5.75E-04,3.17E-04,3.10E-04,5.61E-04,-4.05E-04
2321,2.13E-04,1.45E-04,2.75E-04,3.02E-04,1.15E-04,5.12E-04,1.05E-04,8.31E-05,2.08E-04,-2.24E-03,2.57E-04,3.18E-04,3.98E-04,-4.40E-05,1.33E-04,5.70E-04,3.37E-04,3.32E-04,5.80E-04,-4.08E-04
2322,2.42E-04,1.72E-04,2.95E-04,3.26E-04,1.40E-04,5.21E-04,1.31E-04,1.00E-04,2.09E-04,-2.18E-03,2.76E-04,3.39E-04,4.16E-04,-2.81E-05,1.53E-04,5.59E-04,3.57E-04,3.54E-04,6.00E-04,-3.83E-04
2323,2.71E-04,1.99E-04,3.15E-04,3.50E-04,1.65E-04,5.24E-04,1.56E-04,1.17E-04,2.08E-04,-2.10E-03,2.95E-04,3.59E-04,4.34E-04,-1.27E-05,1.73E-04,5.42E-04,3.77E-04,3.77E-04,6.18E-04,-3.27E-04
2324,2.99E-04,2.26E-04,3.33E-04,3.72E-04,1.89E-04,5.22E-04,1.81E-04,1.32E-04,2.07E-04,-2.01E-03,3.14E-04,3.78E-04,4.51E-04,1.95E-06,1.92E-04,5.20E-04,3.96E-04,3.98E-04,6.35E-04,-2.39E-04
2325,3.27E-04,2.51E-04,3.51E-04,3.93E-04,2.10E-04,5.14E-04,2.03E-04,1.47E-04,2.05E-04,-1.91E-03,3.32E-04,3.96E-04,4.67E-04,1.55E-05,2.09E-04,4.93E-04,4.14E-04,4.17E-04,6.47E-04,-1.19E-04
2326,3.52E-04,2.74E-04,3.66E-04,4.12E-04,2.30E-04,5.00E-04,2.24E-04,1.59E-04,2.03E-04,-1.80E-03,3.49E-04,4.13E-04,4.80E-04,2.78E-05,2.25E-04,4.62E-04,4.29E-04,4.34E-04,6.56E-04,3.32E-05
2327,3.76E-04,2.96E-04,3.80E-04,4.28E-04,2.47E-04,4.82E-04,2.43E-04,1.71E-04,2.00E-04,-1.70E-03,3.63E-04,4.27E-04,4.90E-04,3.86E-05,2.39E-04,4.29E-04,4.43E-04,4.48E-04,6.58E-04,2.14E-04
2328,3.97E-04,3.15E-04,3.92E-04,4.41E-04,2.61E-04,4.58E-04,2.59E-04,1.80E-04,1.97E-04,-1.60E-03,3.75E-04,4.40E-04,4.97E-04,4.77E-05,2.49E-04,3.94E-04,4.54E-04,4.59E-04,6.55E-04,4.20E-04
2329,4.16E-04,3.31E-04,4.01E-04,4.52E-04,2.72E-04,4.29E-04,2.72E-04,1.88E-04,1.93E-04,-1.50E-03,3.83E-04,4.49E-04,5.01E-04,5.50E-05,2.56E-04,3.56E-04,4.61E-04,4.66E-04,6.46E-04,6.47E-04
2330,4.31E-04,3.44E-04,4.08E-04,4.59E-04,2.81E-04,3.96E-04,2.83E-04,1.94E-04,1.90E-04,-1.42E-03,3.88E-04,4.56E-04,5.01E-04,6.04E-05,2.60E-04,3.18E-04,4.65E-04,4.69E-04,6.31E-04,8.90E-04
2331,4.44E-04,3.55E-04,4.13E-04,4.64E-04,2.86E-04,3.58E-04,2.91E-04,1.97E-04,1.86E-04,-1.35E-03,3.90E-04,4.59E-04,4.97E-04,6.39E-05,2.61E-04,2.80E-04,4.66E-04,4.69E-04,6.11E-04,1.14E-03
2332,4.53E-04,3.63E-04,4.14E-04,4.65E-04,2.89E-04,3.16E-04,2.96E-04,1.99E-04,1.82E-04,-1.29E-03,3.88E-04,4.60E-04,4.90E-04,6.54E-05,2.58E-04,2.42E-04,4.64E-04,4.65E-04,5.88E-04,1.39E-03
2333,4.59E-04,3.67E-04,4.13E-04,4.64E-04,2.88E-04,2.72E-04,2.98E-04,1.99E-04,1.77E-04,-1.24E-03,3.83E-04,4.58E-04,4.80E-04,6.52E-05,2.53E-04,2.04E-04,4.58E-04,4.59E-04,5.62E-04,1.63E-03
2334,4.61E-04,3.68E-04,4.09E-04,4.60E-04,2.86E-04,2.27E-04,2.98E-04,1.97E-04,1.72E-04,-1.21E-03,3.76E-04,4.52E-04,4.68E-04,6.32E-05,2.45E-04,1.67E-04,4.49E-04,4.49E-04,5.35E-04,1.86E-03
2335,4.60E-04,3.67E-04,4.03E-04,4.54E-04,2.81E-04,1.83E-04,2.95E-04,1.94E-04,1.67E-04,-1.20E-03,3.66E-04,4.45E-04,4.53E-04,5.98E-05,2.36E-04,1.32E-04,4.38E-04,4.38E-04,5.08E-04,2.07E-03
2336,4.57E-04,3.63E-04,3.95E-04,4.46E-04,2.75E-04,1.42E-04,2.90E-04,1.90E-04,1.62E-04,-1.19E-03,3.54E-04,4.35E-04,4.38E-04,5.51E-05,2.26E-04,1.00E-04,4.24E-04,4.26E-04,4.83E-04,2.24E-03
2337,4.51E-04,3.57E-04,3.85E-04,4.36E-04,2.67E-04,1.06E-04,2.84E-04,1.84E-04,1.56E-04,-1.20E-03,3.41E-04,4.23E-04,4.22E-04,4.94E-05,2.16E-04,7.14E-05,4.09E-04,4.13E-04,4.61E-04,2.39E-03
2338,4.42E-04,3.49E-04,3.73E-04,4.26E-04,2.58E-04,7.91E-05,2.76E-04,1.77E-04,1.52E-04,-1.22E-03,3.28E-04,4.10E-04,4.06E-04,4.31E-05,2.06E-04,4.69E-05,3.93E-04,4.01E-04,4.43E-04,2.49E-03
2339,4.32E-04,3.39E-04,3.61E-04,4.15E-04,2.49E-04,6.31E-05,2.66E-04,1.69E-04,1.48E-04,-1.24E-03,3.15E-04,3.95E-04,3.92E-04,3.64E-05,1.97E-04,2.76E-05,3.77E-04,3.89E-04,4.31E-04,2.55E-03
2340,4.20E-04,3.27E-04,3.49E-04,4.03E-04,2.39E-04,6.05E-05,2.56E-04,1.60E-04,1.46E-04,-1.28E-03,3.03E-04,3.80E-04,3.78E-04,2.96E-05,1.89E-04,1.48E-05,3.60E-04,3.78E-04,4.23E-04,2.56E-03
2341,4.08E-04,3.15E-04,3.36E-04,3.92E-04,2.30E-04,7.38E-05,2.45E-04,1.50E-04,1.45E-04,-1.31E-03,2.92E-04,3.65E-04,3.66E-04,2.32E-05,1.84E-04,9.39E-06,3.45E-04,3.69E-04,4.22E-04,2.54E-03
2342,3.94E-04,3.02E-04,3.24E-04,3.82E-04,2.21E-04,1.05E-04,2.33E-04,1.40E-04,1.46E-04,-1.35E-03,2.82E-04,3.50E-04,3.56E-04,1.73E-05,1.81E-04,1.25E-05,3.30E-04,3.62E-04,4.26E-04,2.47E-03
2343,3.80E-04,2.89E-04,3.12E-04,3.72E-04,2.12E-04,1.54E-04,2.20E-04,1.30E-04,1.49E-04,-1.40E-03,2.74E-04,3.35E-04,3.48E-04,1.23E-05,1.80E-04,2.50E-05,3.16E-04,3.57E-04,4.36E-04,2.37E-03
2344,3.66E-04,2.75E-04,3.01E-04,3.63E-04,2.05E-04,2.23E-04,2.08E-04,1.18E-04,1.55E-04,-1.44E-03,2.66E-04,3.20E-04,3.41E-04,8.36E-06,1.81E-04,4.77E-05,3.04E-04,3.53E-04,4.49E-04,2.23E-03
2345,3.52E-04,2.62E-04,2.91E-04,3.55E-04,1.97E-04,3.09E-04,1.95E-04,1.06E-04,1.63E-04,-1.49E-03,2.60E-04,3.06E-04,3.36E-04,5.63E-06,1.83E-04,8.10E-05,2.93E-04,3.51E-04,4.65E-04,2.07E-03
2346,3.38E-04,2.49E-04,2.82E-04,3.48E-04,1.90E-04,4.13E-04,1.81E-04,9.39E-05,1.73E-04,-1.54E-03,2.53E-04,2.92E-04,3.32E-04,4.19E-06,1.87E-04,1.25E-04,2.83E-04,3.50E-04,4.84E-04,1.88E-03
2347,3.25E-04,2.36E-04,2.73E-04,3.41E-04,1.84E-04,5.31E-04,1.67E-04,8.06E-05,1.85E-04,-1.59E-03,2.47E-04,2.79E-04,3.28E-04,4.04E-06,1.93E-04,1.79E-04,2.75E-04,3.50E-04,5.02E-04,1.68E-03
2348,3.12E-04,2.23E-04,2.66E-04,3.35E-04,1.77E-04,6.59E-04,1.53E-04,6.65E-05,1.99E-04,-1.65E-03,2.41E-04,2.66E-04,3.25E-04,5.09E-06,1.98E-04,2.42E-04,2.67E-04,3.50E-04,5.21E-04,1.46E-03
2349,2.98E-04,2.11E-04,2.59E-04,3.29E-04,1.71E-04,7.94E-04,1.38E-04,5.15E-05,2.13E-04,-1.70E-03,2.33E-04,2.53E-04,3.21E-04,7.17E-06,2.03E-04,3.14E-04,2.60E-04,3.50E-04,5.37E-04,1.24E-03
2350,2.85E-04,1.99E-04,2.52E-04,3.22E-04,1.64E-04,9.30E-04,1.22E-04,3.55E-05,2.27E-04,-1.76E-03,2.23E-04,2.39E-04,3.16E-04,1.00E-05,2.07E-04,3.92E-04,2.54E-04,3.49E-04,5.50E-04,1.01E-03
2351,2.71E-04,1.86E-04,2.44E-04,3.15E-04,1.56E-04,1.06E-03,1.06E-04,1.85E-05,2.41E-04,-1.82E-03,2.11E-04,2.25E-04,3.10E-04,1.34E-05,2.10E-04,4.74E-04,2.47E-04,3.47E-04,5.59E-04,7.87E-04
2352,2.56E-04,1.74E-04,2.36E-04,3.06E-04,1.47E-04,1.18E-03,8.88E-05,4.05E-07,2.52E-04,-1.88E-03,1.97E-04,2.10E-04,3.02E-04,1.68E-05,2.11E-04,5.57E-04,2.40E-04,3.44E-04,5.64E-04,5.67E-04
2353,2.40E-04,1.60E-04,2.27E-04,2.95E-04,1.36E-04,1.29E-03,7.07E-05,-1.87E-05,2.61E-04,-1.95E-03,1.80E-04,1.94E-04,2.92E-04,2.00E-05,2.10E-04,6.39E-04,2.32E-04,3.38E-04,5.64E-04,3.55E-04
2354,2.24E-04,1.47E-04,2.16E-04,2.82E-04,1.24E-04,1.37E-03,5.16E-05,-3.87E-05,2.67E-04,-2.01E-03,1.60E-04,1.76E-04,2.79E-04,2.24E-05,2.07E-04,7.15E-04,2.23E-04,3.30E-04,5.59E-04,1.55E-04
2355,2.06E-04,1.32E-04,2.04E-04,2.66E-04,1.10E-04,1.43E-03,3.16E-05,-5.96E-05,2.69E-04,-2.08E-03,1.38E-04,1.57E-04,2.65E-04,2.38E-05,2.01E-04,7.84E-04,2.12E-04,3.20E-04,5.50E-04,-3.30E-05
2356,1.86E-04,1.16E-04,1.90E-04,2.48E-04,9.39E-05,1.46E-03,1.07E-05,-8.12E-05,2.67E-04,-2.14E-03,1.14E-04,1.37E-04,2.48E-04,2.37E-05,1.94E-04,8.42E-04,1.99E-04,3.08E-04,5.37E-04,-2.05E-04
2357,1.65E-04,9.88E-05,1.73E-04,2.28E-04,7.60E-05,1.46E-03,-1.10E-05,-1.03E-04,2.60E-04,-2.21E-03,8.75E-05,1.15E-04,2.29E-04,2.19E-05,1.85E-04,8.87E-04,1.84E-04,2.95E-04,5.21E-04,-3.61E-04
2358,1.42E-04,8.05E-05,1.54E-04,2.04E-04,5.63E-05,1.43E-03,-3.33E-05,-1.26E-04,2.49E-04,-2.26E-03,6.03E-05,9.13E-05,2.10E-04,1.80E-05,1.75E-04,9.17E-04,1.68E-04,2.79E-04,5.02E-04,-4.98E-04
2359,1.18E-04,6.09E-05,1.34E-04,1.79E-04,3.50E-05,1.37E-03,-5.61E-05,-1.48E-04,2.34E-04,-2.32E-03,3.27E-05,6.66E-05,1.89E-04,1.20E-05,1.64E-04,9.30E-04,1.49E-04,2.62E-04,4.83E-04,-6.16E-04
2360,9.18E-05,4.00E-05,1.11E-04,1.51E-04,1.24E-05,1.29E-03,-7.91E-05,-1.70E-04,2.14E-04,-2.37E-03,5.44E-06,4.11E-05,1.67E-04,3.73E-06,1.52E-04,9.26E-04,1.29E-04,2.44E-04,4.62E-04,-7.13E-04
2361,6.50E-05,1.81E-05,8.72E-05,1.22E-04,-1.12E-05,1.19E-03,-1.02E-04,-1.91E-04,1.92E-04,-2.41E-03,-2.07E-05,1.49E-05,1.46E-04,-6.62E-06,1.42E-04,9.05E-04,1.07E-04,2.26E-04,4.43E-04,-7.89E-04
2362,3.74E-05,-4.60E-06,6.24E-05,9.13E-05,-3.52E-05,1.07E-03,-1.25E-04,-2.12E-04,1.67E-04,-2.44E-03,-4.49E-05,-1.14E-05,1.25E-04,-1.89E-05,1.32E-04,8.69E-04,8.44E-05,2.07E-04,4.24E-04,-8.44E-04
2363,9.41E-06,-2.79E-05,3.72E-05,6.07E-05,-5.92E-05,9.38E-04,-1.47E-04,-2.32E-04,1.40E-04,-2.46E-03,-6.66E-05,-3.76E-05,1.06E-04,-3.30E-05,1.23E-04,8.19E-04,6.08E-05,1.90E-04,4.07E-04,-8.77E-04
2364,-1.85E-05,-5.13E-05,1.20E-05,3.02E-05,-8.28E-05,8.05E-04,-1.69E-04,-2.50E-04,1.14E-04,-2.48E-03,-8.53E-05,-6.31E-05,8.73E-05,-4.83E-05,1.17E-04,7.58E-04,3.68E-05,1.72E-04,3.93E-04,-8.90E-04
2365,-4.58E-05,-7.47E-05,-1.25E-05,5.52E-07,-1.06E-04,6.74E-04,-1.89E-04,-2.66E-04,8.75E-05,-2.49E-03,-1.01E-04,-8.75E-05,7.07E-05,-6.46E-05,1.12E-04,6.88E-04,1.28E-05,1.57E-04,3.81E-04,-8.83E-04
2366,-7.21E-05,-9.74E-05,-3.59E-05,-2.77E-05,-1.27E-04,5.50E-04,-2.09E-04,-2.81E-04,6.27E-05,-2.49E-03,-1.12E-04,-1.10E-04,5.60E-05,-8.14E-05,1.10E-04,6.14E-04,-1.05E-05,1.42E-04,3.72E-04,-8.57E-04
2367,-9.71E-05,-1.19E-04,-5.76E-05,-5.41E-05,-1.47E-04,4.39E-04,-2.26E-04,-2.94E-04,4.02E-05,-2.48E-03,-1.20E-04,-1.32E-04,4.32E-05,-9.81E-05,1.10E-04,5.38E-04,-3.29E-05,1.29E-04,3.65E-04,-8.14E-04
2368,-1.20E-04,-1.40E-04,-7.73E-05,-7.82E-05,-1.64E-04,3.44E-04,-2.43E-04,-3.06E-04,2.04E-05,-2.47E-03,-1.24E-04,-1.51E-04,3.24E-05,-1.14E-04,1.12E-04,4.64E-04,-5.39E-05,1.18E-04,3.60E-04,-7.57E-04
2369,-1.41E-04,-1.59E-04,-9.46E-05,-9.97E-05,-1.80E-04,2.66E-04,-2.57E-04,-3.15E-04,3.82E-06,-2.45E-03,-1.26E-04,-1.68E-04,2.36E-05,-1.30E-04,1.16E-04,3.94E-04,-7.31E-05,1.09E-04,3.56E-04,-6.87E-04
2370,-1.60E-04,-1.76E-04,-1.09E-04,-1.18E-04,-1.93E-04,2.08E-04,-2.70E-04,-3.23E-04,-9.33E-06,-2.43E-03,-1.24E-04,-1.82E-04,1.64E-05,-1.44E-04,1.22E-04,3.32E-04,-9.02E-05,1.01E-04,3.55E-04,-6.08E-04
2371,-1.76E-04,-1.91E-04,-1.22E-04,-1.34E-04,-2.04E-04,1.69E-04,-2.81E-04,-3.30E-04,-1.91E-05,-2.40E-03,-1.20E-04,-1.95E-04,1.07E-05,-1.56E-04,1.29E-04,2.80E-04,-1.05E-04,9.44E-05,3.54E-04,-5.22E-04
2372,-1.90E-04,-2.04E-04,-1.31E-04,-1.48E-04,-2.13E-04,1.49E-04,-2.91E-04,-3.35E-04,-2.57E-05,-2.38E-03,-1.14E-04,-2.05E-04,6.21E-06,-1.67E-04,1.36E-04,2.38E-04,-1.17E-04,8.95E-05,3.53E-04,-4.33E-04
2373,-2.01E-04,-2.15E-04,-1.39E-04,-1.59E-04,-2.20E-04,1.45E-04,-2.99E-04,-3.39E-04,-2.96E-05,-2.36E-03,-1.07E-04,-2.12E-04,2.55E-06,-1.76E-04,1.44E-04,2.08E-04,-1.27E-04,8.59E-05,3.52E-04,-3.44E-04
2374,-2.09E-04,-2.24E-04,-1.44E-04,-1.67E-04,-2.25E-04,1.55E-04,-3.05E-04,-3.42E-04,-3.12E-05,-2.33E-03,-1.00E-04,-2.18E-04,-5.71E-07,-1.83E-04,1.51E-04,1.89E-04,-1.34E-04,8.31E-05,3.51E-04,-2.56E-04
2375,-2.16E-04,-2.31E-04,-1.47E-04,-1.74E-04,-2.29E-04,1.75E-04,-3.10E-04,-3.44E-04,-3.14E-05,-2.31E-03,-9.28E-05,-2.22E-04,-3.43E-06,-1.88E-04,1.58E-04,1.81E-04,-1.39E-04,8.12E-05,3.49E-04,-1.74E-04
2376,-2.20E-04,-2.35E-04,-1.49E-04,-1.80E-04,-2.31E-04,2.01E-04,-3.14E-04,-3.47E-04,-3.08E-05,-2.29E-03,-8.62E-05,-2.24E-04,-6.28E-06,-1.91E-04,1.64E-04,1.83E-04,-1.41E-04,7.98E-05,3.47E-04,-9.76E-05
2377,-2.23E-04,-2.38E-04,-1.50E-04,-1.84E-04,-2.33E-04,2.29E-04,-3.16E-04,-3.48E-04,-3.02E-05,-2.27E-03,-8.07E-05,-2.25E-04,-9.31E-06,-1.92E-04,1.69E-04,1.94E-04,-1.41E-04,7.89E-05,3.44E-04,-2.98E-05
2378,-2.25E-04,-2.40E-04,-1.50E-04,-1.88E-04,-2.35E-04,2.55E-04,-3.18E-04,-3.50E-04,-3.01E-05,-2.25E-03,-7.64E-05,-2.25E-04,-1.27E-05,-1.92E-04,1.73E-04,2.10E-04,-1.40E-04,7.82E-05,3.41E-04,2.88E-05
2379,-2.26E-04,-2.40E-04,-1.50E-04,-1.91E-04,-2.37E-04,2.77E-04,-3.19E-04,-3.52E-04,-3.13E-05,-2.23E-03,-7.36E-05,-2.24E-04,-1.64E-05,-1.92E-04,1.76E-04,2.30E-04,-1.36E-04,7.77E-05,3.37E-04,7.78E-05
2380,-2.26E-04,-2.39E-04,-1.50E-04,-1.95E-04,-2.38E-04,2.92E-04,-3.20E-04,-3.55E-04,-3.41E-05,-2.21E-03,-7.22E-05,-2.23E-04,-2.05E-05,-1.90E-04,1.77E-04,2.52E-04,-1.32E-04,7.73E-05,3.33E-04,1.17E-04
2381,-2.26E-04,-2.38E-04,-1.50E-04,-1.99E-04,-2.41E-04,2.96E-04,-3.20E-04,-3.57E-04,-3.89E-05,-2.19E-03,-7.23E-05,-2.21E-04,-2.51E-05,-1.88E-04,1.77E-04,2.73E-04,-1.26E-04,7.70E-05,3.30E-04,1.48E-04
2382,-2.25E-04,-2.36E-04,-1.51E-04,-2.04E-04,-2.43E-04,2.90E-04,-3.20E-04,-3.60E-04,-4.58E-05,-2.17E-03,-7.36E-05,-2.19E-04,-2.99E-05,-1.86E-04,1.77E-04,2.92E-04,-1.20E-04,7.69E-05,3.27E-04,1.71E-04
2383,-2.25E-04,-2.34E-04,-1.52E-04,-2.09E-04,-2.47E-04,2.73E-04,-3.19E-04,-3.63E-04,-5.48E-05,-2.14E-03,-7.58E-05,-2.17E-04,-3.48E-05,-1.84E-04,1.76E-04,3.07E-04,-1.13E-04,7.68E-05,3.24E-04,1.88E-04
2384,-2.24E-04,-2.32E-04,-1.54E-04,-2.15E-04,-2.51E-04,2.47E-04,-3.18E-04,-3.67E-04,-6.55E-05,-2.10E-03,-7.88E-05,-2.15E-04,-3.98E-05,-1.83E-04,1.75E-04,3.17E-04,-1.06E-04,7.70E-05,3.23E-04,1.99E-04
2385,-2.24E-04,-2.30E-04,-1.56E-04,-2.22E-04,-2.55E-04,2.11E-04,-3.18E-04,-3.70E-04,-7.78E-05,-2.06E-03,-8.22E-05,-2.12E-04,-4.48E-05,-1.81E-04,1.74E-04,3.21E-04,-9.91E-05,7.73E-05,3.23E-04,2.08E-04
2386,-2.24E-04,-2.28E-04,-1.59E-04,-2.28E-04,-2.60E-04,1.69E-04,-3.16E-04,-3.74E-04,-9.11E-05,-2.01E-03,-8.57E-05,-2.10E-04,-4.96E-05,-1.81E-04,1.73E-04,3.20E-04,-9.23E-05,7.78E-05,3.24E-04,2.14E-04
2387,-2.24E-04,-2.26E-04,-1.62E-04,-2.35E-04,-2.65E-04,1.24E-04,-3.15E-04,-3.77E-04,-1.05E-04,-1.96E-03,-8.91E-05,-2.08E-04,-5.41E-05,-1.80E-04,1.73E-04,3.12E-04,-8.58E-05,7.85E-05,3.25E-04,2.19E-04
2388,-2.25E-04,-2.24E-04,-1.66E-04,-2.42E-04,-2.70E-04,7.62E-05,-3.14E-04,-3.80E-04,-1.19E-04,-1.89E-03,-9.21E-05,-2.06E-04,-5.84E-05,-1.81E-04,1.73E-04,3.00E-04,-7.98E-05,7.95E-05,3.27E-04,2.25E-04
2389,-2.25E-04,-2.22E-04,-1.69E-04,-2.48E-04,-2.75E-04,3.00E-05,-3.12E-04,-3.83E-04,-1.32E-04,-1.83E-03,-9.46E-05,-2.04E-04,-6.24E-05,-1.81E-04,1.74E-04,2.84E-04,-7.42E-05,8.06E-05,3.30E-04,2.31E-04
2390,-2.26E-04,-2.20E-04,-1.72E-04,-2.54E-04,-2.79E-04,-1.27E-05,-3.10E-04,-3.86E-04,-1.44E-04,-1.75E-03,-9.67E-05,-2.01E-04,-6.62E-05,-1.82E-04,1.75E-04,2.66E-04,-6.91E-05,8.18E-05,3.32E-04,2.38E-04
2391,-2.26E-04,-2.18E-04,-1.74E-04,-2.59E-04,-2.83E-04,-5.00E-05,-3.08E-04,-3.87E-04,-1.55E-04,-1.67E-03,-9.83E-05,-1.99E-04,-6.98E-05,-1.83E-04,1.77E-04,2.46E-04,-6.44E-05,8.30E-05,3.34E-04,2.45E-04
2392,-2.25E-04,-2.16E-04,-1.76E-04,-2.64E-04,-2.87E-04,-8.04E-05,-3.05E-04,-3.88E-04,-1.64E-04,-1.59E-03,-9.95E-05,-1.96E-04,-7.34E-05,-1.85E-04,1.79E-04,2.27E-04,-6.01E-05,8.42E-05,3.35E-04,2.53E-04
2393,-2.25E-04,-2.13E-04,-1.78E-04,-2.67E-04,-2.89E-04,-1.03E-04,-3.02E-04,-3.89E-04,-1.71E-04,-1.51E-03,-1.00E-04,-1.93E-04,-7.71E-05,-1.86E-04,1.80E-04,2.09E-04,-5.62E-05,8.52E-05,3.35E-04,2.60E-04
2394,-2.23E-04,-2.11E-04,-1.78E-04,-2.69E-04,-2.91E-04,-1.18E-04,-2.99E-04,-3.89E-04,-1.77E-04,-1.42E-03,-1.01E-04,-1.90E-04,-8.09E-05,-1.87E-04,1.82E-04,1.94E-04,-5.25E-05,8.59E-05,3.33E-04,2.66E-04
2395,-2.22E-04,-2.08E-04,-1.78E-04,-2.70E-04,-2.91E-04,-1.25E-04,-2.95E-04,-3.88E-04,-1.80E-04,-1.33E-03,-1.02E-04,-1.87E-04,-8.51E-05,-1.87E-04,1.83E-04,1.82E-04,-4.89E-05,8.64E-05,3.29E-04,2.70E-04
2396,-2.19E-04,-2.04E-04,-1.77E-04,-2.71E-04,-2.91E-04,-1.25E-04,-2.91E-04,-3.86E-04,-1.83E-04,-1.25E-03,-1.04E-04,-1.83E-04,-8.97E-05,-1.87E-04,1.83E-04,1.73E-04,-4.54E-05,8.65E-05,3.24E-04,2.72E-04
2397,-2.17E-04,-2.01E-04,-1.76E-04,-2.70E-04,-2.90E-04,-1.20E-04,-2.87E-04,-3.84E-04,-1.83E-04,-1.17E-03,-1.06E-04,-1.80E-04,-9.48E-05,-1.87E-04,1.83E-04,1.67E-04,-4.19E-05,8.62E-05,3.16E-04,2.70E-04
2398,-2.13E-04,-1.97E-04,-1.74E-04,-2.68E-04,-2.88E-04,-1.11E-04,-2.83E-04,-3.81E-04,-1.83E-04,-1.09E-03,-1.08E-04,-1.77E-04,-1.00E-04,-1.86E-04,1.82E-04,1.65E-04,-3.83E-05,8.56E-05,3.07E-04,2.64E-04
2399,-2.09E-04,-1.92E-04,-1.72E-04,-2.66E-04,-2.85E-04,-9.99E-05,-2.78E-04,-3.78E-04,-1.83E-04,-1.01E-03,-1.11E-04,-1.73E-04,-1.06E-04,-1.85E-04,1.80E-04,1.65E-04,-3.45E-05,8.47E-05,2.96E-04,2.55E-04
2400,-2.05E-04,-1.87E-04,-1.69E-04,-2.64E-04,-2.82E-04,-8.81E-05,-2.73E-04,-3.75E-04,-1.82E-04,-9.33E-04,-1.15E-04,-1.70E-04,-1.13E-04,-1.82E-04,1.77E-04,1.68E-04,-3.05E-05,8.37E-05,2.84E-04,2.42E-04
2401,-2.01E-04,-1.82E-04,-1.67E-04,-2.61E-04,-2.78E-04,-7.74E-05,-2.67E-04,-3.72E-04,-1.82E-04,-8.61E-04,-1.19E-04,-1.67E-04,-1.19E-04,-1.80E-04,1.73E-04,1.71E-04,-2.61E-05,8.26E-05,2.71E-04,2.26E-04
2402,-1.96E-04,-1.77E-04,-1.64E-04,-2.58E-04,-2.73E-04,-6.90E-05,-2.62E-04,-3.68E-04,-1.82E-04,-7.91E-04,-1.24E-04,-1.64E-04,-1.26E-04,-1.76E-04,1.69E-04,1.75E-04,-2.15E-05,8.15E-05,2.58E-04,2.08E-04
2403,-1.91E-04,-1.71E-04,-1.62E-04,-2.54E-04,-2.69E-04,-6.40E-05,-2.57E-04,-3.64E-04,-1.82E-04,-7.22E-04,-1.28E-04,-1.61E-04,-1.32E-04,-1.72E-04,1.65E-04,1.78E-04,-1.65E-05,8.07E-05,2.45E-04,1.88E-04
2404,-1.86E-04,-1.65E-04,-1.60E-04,-2.50E-04,-2.63E-04,-6.29E-05,-2.51E-04,-3.61E-04,-1.83E-04,-6.55E-04,-1.33E-04,-1.58E-04,-1.38E-04,-1.67E-04,1.60E-04,1.79E-04,-1.12E-05,8.02E-05,2.32E-04,1.69E-04
2405,-1.81E-04,-1.59E-04,-1.58E-04,-2.47E-04,-2.58E-04,-6.58E-05,-2.46E-04,-3.57E-04,-1.85E-04,-5.89E-04,-1.37E-04,-1.56E-04,-1.44E-04,-1.62E-04,1.56E-04,1.79E-04,-5.50E-06,8.02E-05,2.21E-04,1.51E-04
2406,-1.75E-04,-1.53E-04,-1.57E-04,-2.43E-04,-2.52E-04,-7.24E-05,-2.41E-04,-3.54E-04,-1.88E-04,-5.22E-04,-1.41E-04,-1.53E-04,-1.48E-04,-1.56E-04,1.53E-04,1.77E-04,4.72E-07,8.08E-05,2.11E-04,1.34E-04
2407,-1.70E-04,-1.47E-04,-1.55E-04,-2.39E-04,-2.46E-04,-8.21E-05,-2.36E-04,-3.51E-04,-1.91E-04,-4.56E-04,-1.44E-04,-1.51E-04,-1.52E-04,-1.49E-04,1.50E-04,1.72E-04,6.70E-06,8.20E-05,2.03E-04,1.21E-04
2408,-1.65E-04,-1.41E-04,-1.54E-04,-2.34E-04,-2.40E-04,-9.39E-05,-2.32E-04,-3.48E-04,-1.95E-04,-3.90E-04,-1.46E-04,-1.48E-04,-1.56E-04,-1.42E-04,1.48E-04,1.65E-04,1.31E-05,8.37E-05,1.96E-04,1.10E-04
2409,-1.60E-04,-1.36E-04,-1.52E-04,-2.30E-04,-2.34E-04,-1.07E-04,-2.28E-04,-3.46E-04,-1.98E-04,-3.24E-04,-1.47E-04,-1.46E-04,-1.58E-04,-1.35E-04,1.48E-04,1.57E-04,1.96E-05,8.60E-05,1.91E-04,1.02E-04
2410,-1.55E-04,-1.30E-04,-1.51E-04,-2.26E-04,-2.28E-04,-1.20E-04,-2.25E-04,-3.44E-04,-2.01E-04,-2.58E-04,-1.48E-04,-1.44E-04,-1.59E-04,-1.27E-04,1.48E-04,1.47E-04,2.61E-05,8.87E-05,1.87E-04,9.69E-05
2411,-1.51E-04,-1.25E-04,-1.50E-04,-2.22E-04,-2.22E-04,-1.31E-04,-2.22E-04,-3.42E-04,-2.04E-04,-1.93E-04,-1.47E-04,-1.42E-04,-1.60E-04,-1.19E-04,1.49E-04,1.38E-04,3.25E-05,9.15E-05,1.84E-04,9.37E-05
2412,-1.47E-04,-1.20E-04,-1.49E-04,-2.18E-04,-2.16E-04,-1.41E-04,-2.20E-04,-3.40E-04,-2.06E-04,-1.30E-04,-1.46E-04,-1.40E-04,-1.60E-04,-1.11E-04,1.50E-04,1.29E-04,3.85E-05,9.44E-05,1.82E-04,9.14E-05
2413,-1.43E-04,-1.16E-04,-1.48E-04,-2.14E-04,-2.11E-04,-1.47E-04,-2.19E-04,-3.39E-04,-2.07E-04,-6.92E-05,-1.44E-04,-1.39E-04,-1.60E-04,-1.04E-04,1.52E-04,1.22E-04,4.41E-05,9.71E-05,1.80E-04,8.85E-05
2414,-1.40E-04,-1.13E-04,-1.48E-04,-2.10E-04,-2.07E-04,-1.51E-04,-2.18E-04,-3.39E-04,-2.07E-04,-1.16E-05,-1.43E-04,-1.37E-04,-1.60E-04,-9.63E-05,1.53E-04,1.16E-04,4.92E-05,9.92E-05,1.78E-04,8.36E-05
2415,-1.38E-04,-1.11E-04,-1.47E-04,-2.07E-04,-2.03E-04,-1.51E-04,-2.19E-04,-3.38E-04,-2.06E-04,4.20E-05,-1.41E-04,-1.37E-04,-1.61E-04,-8.96E-05,1.54E-04,1.13E-04,5.34E-05,1.01E-04,1.75E-04,7.52E-05
2416,-1.36E-04,-1.10E-04,-1.47E-04,-2.05E-04,-2.00E-04,-1.48E-04,-2.21E-04,-3.39E-04,-2.04E-04,9.11E-05,-1.40E-04,-1.37E-04,-1.62E-04,-8.37E-05,1.54E-04,1.12E-04,5.68E-05,1.01E-04,1.70E-04,6.17E-05
2417,-1.36E-04,-1.10E-04,-1.48E-04,-2.03E-04,-1.98E-04,-1.43E-04,-2.23E-04,-3.40E-04,-2.02E-04,1.35E-04,-1.41E-04,-1.38E-04,-1.64E-04,-7.90E-05,1.53E-04,1.14E-04,5.91E-05,1.00E-04,1.65E-04,4.21E-05
2418,-1.36E-04,-1.11E-04,-1.49E-04,-2.03E-04,-1.97E-04,-1.37E-04,-2.27E-04,-3.42E-04,-1.99E-04,1.74E-04,-1.42E-04,-1.40E-04,-1.67E-04,-7.55E-05,1.50E-04,1.18E-04,6.02E-05,9.78E-05,1.57E-04,1.55E-05
2419,-1.38E-04,-1.13E-04,-1.51E-04,-2.04E-04,-1.98E-04,-1.30E-04,-2.32E-04,-3.44E-04,-1.97E-04,2.08E-04,-1.45E-04,-1.43E-04,-1.72E-04,-7.34E-05,1.46E-04,1.24E-04,6.01E-05,9.41E-05,1.48E-04,-1.84E-05
2420,-1.41E-04,-1.16E-04,-1.54E-04,-2.06E-04,-2.00E-04,-1.24E-04,-2.38E-04,-3.47E-04,-1.94E-04,2.38E-04,-1.50E-04,-1.47E-04,-1.78E-04,-7.28E-05,1.40E-04,1.31E-04,5.86E-05,8.89E-05,1.36E-04,-5.93E-05
2421,-1.45E-04,-1.21E-04,-1.57E-04,-2.10E-04,-2.03E-04,-1.19E-04,-2.44E-04,-3.51E-04,-1.93E-04,2.63E-04,-1.56E-04,-1.52E-04,-1.85E-04,-7.39E-05,1.31E-04,1.37E-04,5.58E-05,8.23E-05,1.23E-04,-1.07E-04
2422,-1.50E-04,-1.26E-04,-1.62E-04,-2.15E-04,-2.08E-04,-1.18E-04,-2.52E-04,-3.55E-04,-1.93E-04,2.86E-04,-1.64E-04,-1.59E-04,-1.94E-04,-7.65E-05,1.21E-04,1.42E-04,5.17E-05,7.44E-05,1.09E-04,-1.59E-04
2423,-1.56E-04,-1.33E-04,-1.67E-04,-2.22E-04,-2.14E-04,-1.20E-04,-2.60E-04,-3.60E-04,-1.94E-04,3.07E-04,-1.73E-04,-1.66E-04,-2.05E-04,-8.05E-05,1.09E-04,1.45E-04,4.64E-05,6.55E-05,9.35E-05,-2.14E-04
2424,-1.63E-04,-1.40E-04,-1.74E-04,-2.29E-04,-2.20E-04,-1.26E-04,-2.69E-04,-3.66E-04,-1.97E-04,3.27E-04,-1.84E-04,-1.75E-04,-2.16E-04,-8.60E-05,9.61E-05,1.45E-04,3.98E-05,5.57E-05,7.75E-05,-2.70E-04
2425,-1.70E-04,-1.48E-04,-1.81E-04,-2.38E-04,-2.28E-04,-1.37E-04,-2.78E-04,-3.72E-04,-2.01E-04,3.48E-04,-1.95E-04,-1.84E-04,-2.28E-04,-9.26E-05,8.18E-05,1.41E-04,3.22E-05,4.53E-05,6.13E-05,-3.24E-04
2426,-1.78E-04,-1.56E-04,-1.88E-04,-2.47E-04,-2.36E-04,-1.53E-04,-2.88E-04,-3.78E-04,-2.07E-04,3.71E-04,-2.06E-04,-1.94E-04,-2.40E-04,-1.00E-04,6.68E-05,1.32E-04,2.38E-05,3.47E-05,4.55E-05,-3.75E-04
2427,-1.86E-04,-1.64E-04,-1.96E-04,-2.57E-04,-2.44E-04,-1.72E-04,-2.98E-04,-3.85E-04,-2.14E-04,3.96E-04,-2.18E-04,-2.04E-04,-2.52E-04,-1.08E-04,5.15E-05,1.19E-04,1.47E-05,2.41E-05,3.04E-05,-4.19E-04
2428,-1.95E-04,-1.73E-04,-2.04E-04,-2.67E-04,-2.53E-04,-1.94E-04,-3.08E-04,-3.92E-04,-2.23E-04,4.23E-04,-2.29E-04,-2.15E-04,-2.64E-04,-1.16E-04,3.65E-05,1.01E-04,5.05E-06,1.37E-05,1.65E-05,-4.56E-04
2429,-2.03E-04,-1.81E-04,-2.12E-04,-2.77E-04,-2.61E-04,-2.19E-04,-3.19E-04,-3.99E-04,-2.33E-04,4.54E-04,-2.39E-04,-2.26E-04,-2.76E-04,-1.25E-04,2.19E-05,7.97E-05,-4.87E-06,3.90E-06,3.87E-06,-4.84E-04
2430,-2.11E-04,-1.89E-04,-2.20E-04,-2.86E-04,-2.69E-04,-2.44E-04,-3.29E-04,-4.06E-04,-2.44E-04,4.88E-04,-2.48E-04,-2.37E-04,-2.86E-04,-1.33E-04,8.25E-06,5.50E-05,-1.49E-05,-5.28E-06,-7.22E-06,-5.03E-04
2431,-2.18E-04,-1.97E-04,-2.27E-04,-2.95E-04,-2.76E-04,-2.70E-04,-3.39E-04,-4.13E-04,-2.54E-04,5.23E-04,-2.56E-04,-2.47E-04,-2.96E-04,-1.40E-04,-4.38E-06,2.85E-05,-2.48E-05,-1.37E-05,-1.68E-05,-5.13E-04
2432,-2.25E-04,-2.04E-04,-2.34E-04,-3.03E-04,-2.83E-04,-2.93E-04,-3.49E-04,-4.19E-04,-2.65E-04,5.60E-04,-2.62E-04,-2.57E-04,-3.04E-04,-1.47E-04,-1.58E-05,1.61E-06,-3.46E-05,-2.13E-05,-2.49E-05,-5.14E-04
2433,-2.32E-04,-2.11E-04,-2.39E-04,-3.10E-04,-2.89E-04,-3.14E-04,-3.59E-04,-4.25E-04,-2.74E-04,5.97E-04,-2.66E-04,-2.67E-04,-3.12E-04,-1.52E-04,-2.61E-05,-2.40E-05,-4.39E-05,-2.81E-05,-3.18E-05,-5.11E-04
2434,-2.37E-04,-2.17E-04,-2.45E-04,-3.15E-04,-2.94E-04,-3.31E-04,-3.69E-04,-4.30E-04,-2.82E-04,6.31E-04,-2.69E-04,-2.76E-04,-3.18E-04,-1.57E-04,-3.51E-05,-4.65E-05,-5.28E-05,-3.41E-05,-3.77E-05,-5.05E-04
2435,-2.43E-04,-2.23E-04,-2.49E-04,-3.20E-04,-2.98E-04,-3.43E-04,-3.78E-04,-4.34E-04,-2.89E-04,6.62E-04,-2.71E-04,-2.84E-04,-3.22E-04,-1.60E-04,-4.32E-05,-6.44E-05,-6.12E-05,-3.95E-05,-4.29E-05,-4.99E-04
2436,-2.47E-04,-2.29E-04,-2.53E-04,-3.23E-04,-3.01E-04,-3.49E-04,-3.86E-04,-4.38E-04,-2.94E-04,6.88E-04,-2.72E-04,-2.92E-04,-3.26E-04,-1.62E-04,-5.04E-05,-7.59E-05,-6.90E-05,-4.44E-05,-4.79E-05,-4.99E-04
2437,-2.52E-04,-2.35E-04,-2.56E-04,-3.26E-04,-3.04E-04,-3.50E-04,-3.95E-04,-4.41E-04,-2.97E-04,7.06E-04,-2.72E-04,-2.99E-04,-3.29E-04,-1.63E-04,-5.71E-05,-7.98E-05,-7.61E-05,-4.90E-05,-5.28E-05,-5.09E-04
2438,-2.56E-04,-2.40E-04,-2.59E-04,-3.27E-04,-3.07E-04,-3.45E-04,-4.02E-04,-4.43E-04,-2.97E-04,7.17E-04,-2.71E-04,-3.06E-04,-3.31E-04,-1.63E-04,-6.35E-05,-7.50E-05,-8.27E-05,-5.34E-05,-5.80E-05,-5.33E-04
2439,-2.60E-04,-2.45E-04,-2.61E-04,-3.27E-04,-3.09E-04,-3.35E-04,-4.09E-04,-4.44E-04,-2.96E-04,7.19E-04,-2.71E-04,-3.12E-04,-3.33E-04,-1.62E-04,-6.98E-05,-6.09E-05,-8.86E-05,-5.76E-05,-6.36E-05,-5.75E-04
2440,-2.65E-04,-2.51E-04,-2.63E-04,-3.27E-04,-3.11E-04,-3.20E-04,-4.15E-04,-4.44E-04,-2.92E-04,7.11E-04,-2.71E-04,-3.18E-04,-3.35E-04,-1.60E-04,-7.62E-05,-3.72E-05,-9.38E-05,-6.17E-05,-6.96E-05,-6.39E-04
2441,-2.69E-04,-2.56E-04,-2.64E-04,-3.26E-04,-3.12E-04,-3.02E-04,-4.20E-04,-4.44E-04,-2.87E-04,6.95E-04,-2.71E-04,-3.24E-04,-3.36E-04,-1.57E-04,-8.28E-05,-4.04E-06,-9.84E-05,-6.58E-05,-7.62E-05,-7.26E-04
2442,-2.73E-04,-2.61E-04,-2.66E-04,-3.25E-04,-3.14E-04,-2.80E-04,-4.25E-04,-4.43E-04,-2.81E-04,6.70E-04,-2.72E-04,-3.29E-04,-3.37E-04,-1.54E-04,-8.96E-05,3.78E-05,-1.02E-04,-6.97E-05,-8.29E-05,-8.39E-04
2443,-2.77E-04,-2.65E-04,-2.67E-04,-3.24E-04,-3.15E-04,-2.57E-04,-4.28E-04,-4.41E-04,-2.74E-04,6.39E-04,-2.74E-04,-3.35E-04,-3.38E-04,-1.51E-04,-9.66E-05,8.73E-05,-1.05E-04,-7.33E-05,-8.97E-05,-9.76E-04
2444,-2.81E-04,-2.70E-04,-2.68E-04,-3.22E-04,-3.16E-04,-2.34E-04,-4.30E-04,-4.38E-04,-2.66E-04,6.03E-04,-2.76E-04,-3.39E-04,-3.38E-04,-1.47E-04,-1.03E-04,1.43E-04,-1.08E-04,-7.65E-05,-9.60E-05,-1.14E-03
2445,-2.84E-04,-2.73E-04,-2.69E-04,-3.20E-04,-3.17E-04,-2.11E-04,-4.31E-04,-4.35E-04,-2.59E-04,5.65E-04,-2.78E-04,-3.44E-04,-3.38E-04,-1.43E-04,-1.10E-04,2.03E-04,-1.09E-04,-7.90E-05,-1.01E-04,-1.32E-03
2446,-2.88E-04,-2.76E-04,-2.69E-04,-3.17E-04,-3.18E-04,-1.90E-04,-4.31E-04,-4.32E-04,-2.52E-04,5.26E-04,-2.80E-04,-3.48E-04,-3.37E-04,-1.39E-04,-1.16E-04,2.65E-04,-1.10E-04,-8.06E-05,-1.06E-04,-1.51E-03
2447,-2.90E-04,-2.78E-04,-2.69E-04,-3.15E-04,-3.19E-04,-1.71E-04,-4.29E-04,-4.28E-04,-2.46E-04,4.90E-04,-2.82E-04,-3.51E-04,-3.36E-04,-1.34E-04,-1.21E-04,3.28E-04,-1.09E-04,-8.10E-05,-1.08E-04,-1.72E-03
2448,-2.92E-04,-2.79E-04,-2.69E-04,-3.12E-04,-3.19E-04,-1.56E-04,-4.26E-04,-4.23E-04,-2.42E-04,4.59E-04,-2.83E-04,-3.53E-04,-3.33E-04,-1.29E-04,-1.24E-04,3.89E-04,-1.07E-04,-8.00E-05,-1.08E-04,-1.93E-03
2449,-2.92E-04,-2.79E-04,-2.68E-04,-3.08E-04,-3.18E-04,-1.45E-04,-4.22E-04,-4.18E-04,-2.39E-04,4.36E-04,-2.83E-04,-3.54E-04,-3.29E-04,-1.24E-04,-1.25E-04,4.45E-04,-1.04E-04,-7.73E-05,-1.06E-04,-2.13E-03
2450,-2.90E-04,-2.77E-04,-2.66E-04,-3.04E-04,-3.17E-04,-1.38E-04,-4.17E-04,-4.13E-04,-2.38E-04,4.22E-04,-2.80E-04,-3.54E-04,-3.23E-04,-1.18E-04,-1.24E-04,4.96E-04,-9.97E-05,-7.29E-05,-1.00E-04,-2.33E-03
2451,-2.88E-04,-2.73E-04,-2.62E-04,-2.99E-04,-3.15E-04,-1.36E-04,-4.10E-04,-4.07E-04,-2.39E-04,4.19E-04,-2.74E-04,-3.53E-04,-3.16E-04,-1.12E-04,-1.20E-04,5.39E-04,-9.37E-05,-6.66E-05,-9.25E-05,-2.51E-03
2452,-2.83E-04,-2.68E-04,-2.58E-04,-2.94E-04,-3.12E-04,-1.37E-04,-4.03E-04,-4.01E-04,-2.42E-04,4.28E-04,-2.66E-04,-3.50E-04,-3.07E-04,-1.04E-04,-1.14E-04,5.73E-04,-8.63E-05,-5.85E-05,-8.18E-05,-2.66E-03
2453,-2.76E-04,-2.61E-04,-2.52E-04,-2.88E-04,-3.08E-04,-1.42E-04,-3.94E-04,-3.95E-04,-2.46E-04,4.50E-04,-2.54E-04,-3.45E-04,-2.95E-04,-9.65E-05,-1.04E-04,5.98E-04,-7.73E-05,-4.85E-05,-6.87E-05,-2.80E-03
2454,-2.67E-04,-2.52E-04,-2.45E-04,-2.81E-04,-3.03E-04,-1.51E-04,-3.85E-04,-3.88E-04,-2.52E-04,4.84E-04,-2.39E-04,-3.38E-04,-2.82E-04,-8.79E-05,-9.19E-05,6.14E-04,-6.70E-05,-3.70E-05,-5.36E-05,-2.90E-03
2455,-2.56E-04,-2.42E-04,-2.37E-04,-2.73E-04,-2.98E-04,-1.61E-04,-3.75E-04,-3.81E-04,-2.59E-04,5.28E-04,-2.20E-04,-3.30E-04,-2.68E-04,-7.85E-05,-7.68E-05,6.19E-04,-5.53E-05,-2.41E-05,-3.70E-05,-2.96E-03
2456,-2.44E-04,-2.31E-04,-2.27E-04,-2.64E-04,-2.92E-04,-1.74E-04,-3.65E-04,-3.73E-04,-2.66E-04,5.83E-04,-1.98E-04,-3.20E-04,-2.51E-04,-6.85E-05,-5.93E-05,6.16E-04,-4.24E-05,-1.02E-05,-1.96E-05,-2.99E-03
2457,-2.30E-04,-2.18E-04,-2.17E-04,-2.55E-04,-2.85E-04,-1.87E-04,-3.55E-04,-3.65E-04,-2.73E-04,6.46E-04,-1.72E-04,-3.08E-04,-2.34E-04,-5.78E-05,-3.98E-05,6.05E-04,-2.85E-05,4.40E-06,-1.94E-06,-2.99E-03
2458,-2.14E-04,-2.05E-04,-2.05E-04,-2.46E-04,-2.77E-04,-2.00E-04,-3.44E-04,-3.56E-04,-2.81E-04,7.14E-04,-1.44E-04,-2.95E-04,-2.16E-04,-4.67E-05,-1.89E-05,5.88E-04,-1.36E-05,1.93E-05,1.52E-05,-2.95E-03
2459,-1.97E-04,-1.91E-04,-1.92E-04,-2.36E-04,-2.70E-04,-2.13E-04,-3.33E-04,-3.47E-04,-2.87E-04,7.86E-04,-1.14E-04,-2.81E-04,-1.97E-04,-3.52E-05,2.89E-06,5.66E-04,1.83E-06,3.41E-05,3.11E-05,-2.89E-03
2460,-1.80E-04,-1.77E-04,-1.79E-04,-2.25E-04,-2.62E-04,-2.24E-04,-3.22E-04,-3.37E-04,-2.93E-04,8.58E-04,-8.22E-05,-2.66E-04,-1.79E-04,-2.34E-05,2.49E-05,5.41E-04,1.78E-05,4.85E-05,4.54E-05,-2.79E-03
2461,-1.61E-04,-1.62E-04,-1.66E-04,-2.15E-04,-2.53E-04,-2.33E-04,-3.11E-04,-3.27E-04,-2.97E-04,9.29E-04,-4.97E-05,-2.50E-04,-1.60E-04,-1.14E-05,4.65E-05,5.15E-04,3.39E-05,6.22E-05,5.77E-05,-2.67E-03
2462,-1.43E-04,-1.48E-04,-1.52E-04,-2.05E-04,-2.45E-04,-2.40E-04,-2.99E-04,-3.16E-04,-3.00E-04,9.95E-04,-1.71E-05,-2.34E-04,-1.43E-04,6.12E-07,6.72E-05,4.89E-04,5.02E-05,7.50E-05,6.77E-05,-2.54E-03
2463,-1.25E-04,-1.34E-04,-1.38E-04,-1.95E-04,-2.37E-04,-2.44E-04,-2.88E-04,-3.05E-04,-3.02E-04,1.06E-03,1.49E-05,-2.18E-04,-1.26E-04,1.26E-05,8.65E-05,4.66E-04,6.64E-05,8.68E-05,7.53E-05,-2.40E-03
2464,-1.07E-04,-1.20E-04,-1.25E-04,-1.85E-04,-2.29E-04,-2.45E-04,-2.76E-04,-2.92E-04,-3.02E-04,1.11E-03,4.58E-05,-2.02E-04,-1.10E-04,2.46E-05,1.04E-04,4.46E-04,8.25E-05,9.74E-05,8.07E-05,-2.26E-03
2465,-8.94E-05,-1.06E-04,-1.12E-04,-1.75E-04,-2.20E-04,-2.43E-04,-2.64E-04,-2.79E-04,-3.00E-04,1.16E-03,7.50E-05,-1.87E-04,-9.55E-05,3.65E-05,1.20E-04,4.31E-04,9.83E-05,1.07E-04,8.42E-05,-2.12E-03
2466,-7.24E-05,-9.30E-05,-9.89E-05,-1.65E-04,-2.12E-04,-2.38E-04,-2.52E-04,-2.66E-04,-2.97E-04,1.19E-03,1.02E-04,-1.72E-04,-8.21E-05,4.83E-05,1.33E-04,4.21E-04,1.14E-04,1.16E-04,8.63E-05,-1.99E-03
2467,-5.60E-05,-8.02E-05,-8.65E-05,-1.55E-04,-2.03E-04,-2.31E-04,-2.39E-04,-2.51E-04,-2.92E-04,1.22E-03,1.27E-04,-1.58E-04,-6.98E-05,6.02E-05,1.45E-04,4.17E-04,1.29E-04,1.24E-04,8.74E-05,-1.87E-03
2468,-4.02E-05,-6.78E-05,-7.44E-05,-1.45E-04,-1.94E-04,-2.20E-04,-2.26E-04,-2.37E-04,-2.87E-04,1.25E-03,1.50E-04,-1.44E-04,-5.85E-05,7.23E-05,1.55E-04,4.19E-04,1.44E-04,1.32E-04,8.81E-05,-1.78E-03
2469,-2.48E-05,-5.55E-05,-6.25E-05,-1.35E-04,-1.85E-04,-2.08E-04,-2.12E-04,-2.21E-04,-2.80E-04,1.26E-03,1.70E-04,-1.31E-04,-4.79E-05,8.45E-05,1.63E-04,4.27E-04,1.60E-04,1.39E-04,8.92E-05,-1.71E-03
2470,-9.93E-06,-4.33E-05,-5.09E-05,-1.25E-04,-1.75E-04,-1.94E-04,-1.98E-04,-2.06E-04,-2.73E-04,1.27E-03,1.88E-04,-1.19E-04,-3.79E-05,9.70E-05,1.70E-04,4.40E-04,1.75E-04,1.47E-04,9.09E-05,-1.66E-03
2471,4.65E-06,-3.10E-05,-3.94E-05,-1.15E-04,-1.64E-04,-1.78E-04,-1.84E-04,-1.90E-04,-2.66E-04,1.28E-03,2.05E-04,-1.07E-04,-2.81E-05,1.10E-04,1.76E-04,4.57E-04,1.90E-04,1.55E-04,9.38E-05,-1.64E-03
2472,1.90E-05,-1.88E-05,-2.78E-05,-1.04E-04,-1.53E-04,-1.61E-04,-1.69E-04,-1.74E-04,-2.59E-04,1.29E-03,2.20E-04,-9.58E-05,-1.85E-05,1.23E-04,1.81E-04,4.77E-04,2.05E-04,1.64E-04,9.81E-05,-1.64E-03
2473,3.33E-05,-6.41E-06,-1.62E-05,-9.29E-05,-1.41E-04,-1.44E-04,-1.55E-04,-1.58E-04,-2.52E-04,1.30E-03,2.33E-04,-8.48E-05,-8.89E-06,1.37E-04,1.86E-04,4.99E-04,2.21E-04,1.73E-04,1.04E-04,-1.66E-03
2474,4.75E-05,6.05E-06,-4.53E-06,-8.17E-05,-1.29E-04,-1.27E-04,-1.41E-04,-1.43E-04,-2.45E-04,1.30E-03,2.46E-04,-7.40E-05,8.33E-07,1.51E-04,1.91E-04,5.21E-04,2.37E-04,1.84E-04,1.11E-04,-1.69E-03
2475,6.17E-05,1.86E-05,7.31E-06,-7.03E-05,-1.17E-04,-1.10E-04,-1.27E-04,-1.28E-04,-2.39E-04,1.31E-03,2.58E-04,-6.33E-05,1.06E-05,1.65E-04,1.97E-04,5.43E-04,2.53E-04,1.94E-04,1.19E-04,-1.73E-03
2476,7.59E-05,3.10E-05,1.92E-05,-5.88E-05,-1.04E-04,-9.45E-05,-1.14E-04,-1.13E-04,-2.33E-04,1.33E-03,2.70E-04,-5.27E-05,2.05E-05,1.79E-04,2.02E-04,5.63E-04,2.69E-04,2.05E-04,1.27E-04,-1.77E-03
2477,8.99E-05,4.33E-05,3.12E-05,-4.74E-05,-9.21E-05,-7.98E-05,-1.02E-04,-9.93E-05,-2.28E-04,1.34E-03,2.82E-04,-4.22E-05,3.01E-05,1.94E-04,2.07E-04,5.79E-04,2.85E-04,2.16E-04,1.35E-04,-1.81E-03
2478,1.04E-04,5.53E-05,4.31E-05,-3.62E-05,-8.02E-05,-6.67E-05,-9.18E-05,-8.64E-05,-2.23E-04,1.36E-03,2.94E-04,-3.17E-05,3.93E-05,2.07E-04,2.12E-04,5.91E-04,3.01E-04,2.27E-04,1.42E-04,-1.84E-03
2479,1.17E-04,6.68E-05,5.48E-05,-2.55E-05,-6.89E-05,-5.53E-05,-8.24E-05,-7.45E-05,-2.19E-04,1.38E-03,3.05E-04,-2.14E-05,4.78E-05,2.20E-04,2.16E-04,5.98E-04,3.16E-04,2.38E-04,1.47E-04,-1.85E-03
2480,1.30E-04,7.77E-05,6.61E-05,-1.54E-05,-5.84E-05,-4.57E-05,-7.45E-05,-6.35E-05,-2.15E-04,1.41E-03,3.17E-04,-1.13E-05,5.52E-05,2.33E-04,2.20E-04,6.00E-04,3.30E-04,2.47E-04,1.49E-04,-1.85E-03
2481,1.42E-04,8.78E-05,7.68E-05,-6.04E-06,-4.89E-05,-3.79E-05,-6.80E-05,-5.34E-05,-2.11E-04,1.43E-03,3.28E-04,-1.59E-06,6.12E-05,2.44E-04,2.22E-04,5.96E-04,3.44E-04,2.54E-04,1.47E-04,-1.82E-03
2482,1.54E-04,9.71E-05,8.69E-05,2.44E-06,-4.04E-05,-3.20E-05,-6.29E-05,-4.42E-05,-2.07E-04,1.46E-03,3.38E-04,7.63E-06,6.55E-05,2.54E-04,2.22E-04,5.87E-04,3.56E-04,2.60E-04,1.41E-04,-1.78E-03
2483,1.64E-04,1.05E-04,9.61E-05,9.97E-06,-3.29E-05,-2.77E-05,-5.90E-05,-3.59E-05,-2.03E-04,1.48E-03,3.48E-04,1.62E-05,6.78E-05,2.62E-04,2.20E-04,5.72E-04,3.67E-04,2.64E-04,1.29E-04,-1.70E-03
2484,1.73E-04,1.13E-04,1.04E-04,1.66E-05,-2.65E-05,-2.48E-05,-5.63E-05,-2.81E-05,-1.98E-04,1.50E-03,3.56E-04,2.40E-05,6.79E-05,2.69E-04,2.15E-04,5.53E-04,3.76E-04,2.65E-04,1.13E-04,-1.60E-03
2485,1.81E-04,1.19E-04,1.12E-04,2.23E-05,-2.10E-05,-2.30E-05,-5.43E-05,-2.07E-05,-1.93E-04,1.53E-03,3.63E-04,3.09E-05,6.57E-05,2.74E-04,2.08E-04,5.30E-04,3.83E-04,2.64E-04,9.19E-05,-1.48E-03
2486,1.88E-04,1.25E-04,1.18E-04,2.72E-05,-1.62E-05,-2.21E-05,-5.27E-05,-1.36E-05,-1.87E-04,1.55E-03,3.68E-04,3.68E-05,6.13E-05,2.78E-04,1.98E-04,5.04E-04,3.88E-04,2.60E-04,6.59E-05,-1.33E-03
2487,1.94E-04,1.30E-04,1.24E-04,3.16E-05,-1.18E-05,-2.16E-05,-5.14E-05,-6.38E-06,-1.81E-04,1.56E-03,3.72E-04,4.17E-05,5.47E-05,2.81E-04,1.85E-04,4.76E-04,3.91E-04,2.54E-04,3.59E-05,-1.17E-03
2488,2.00E-04,1.35E-04,1.28E-04,3.56E-05,-7.52E-06,-2.11E-05,-4.98E-05,1.07E-06,-1.74E-04,1.58E-03,3.74E-04,4.56E-05,4.63E-05,2.82E-04,1.69E-04,4.47E-04,3.93E-04,2.47E-04,2.70E-06,-9.88E-04
2489,2.04E-04,1.39E-04,1.32E-04,3.94E-05,-3.01E-06,-2.04E-05,-4.76E-05,9.01E-06,-1.67E-04,1.59E-03,3.75E-04,4.86E-05,3.64E-05,2.83E-04,1.51E-04,4.18E-04,3.93E-04,2.37E-04,-3.27E-05,-7.97E-04
2490,2.08E-04,1.44E-04,1.36E-04,4.34E-05,2.07E-06,-1.91E-05,-4.47E-05,1.76E-05,-1.58E-04,1.60E-03,3.74E-04,5.07E-05,2.55E-05,2.83E-04,1.31E-04,3.90E-04,3.91E-04,2.27E-04,-6.92E-05,-6.01E-04
2491,2.12E-04,1.49E-04,1.39E-04,4.78E-05,8.01E-06,-1.70E-05,-4.07E-05,2.71E-05,-1.49E-04,1.61E-03,3.71E-04,5.20E-05,1.39E-05,2.83E-04,1.10E-04,3.63E-04,3.89E-04,2.16E-04,-1.06E-04,-4.05E-04
2492,2.16E-04,1.54E-04,1.43E-04,5.28E-05,1.51E-05,-1.37E-05,-3.56E-05,3.74E-05,-1.40E-04,1.62E-03,3.68E-04,5.28E-05,2.31E-06,2.83E-04,8.79E-05,3.38E-04,3.86E-04,2.04E-04,-1.41E-04,-2.12E-04
2493,2.20E-04,1.60E-04,1.46E-04,5.86E-05,2.35E-05,-9.40E-06,-2.93E-05,4.87E-05,-1.31E-04,1.63E-03,3.65E-04,5.32E-05,-8.86E-06,2.83E-04,6.57E-05,3.16E-04,3.82E-04,1.94E-04,-1.73E-04,-2.85E-05
2494,2.25E-04,1.67E-04,1.50E-04,6.54E-05,3.32E-05,-3.91E-06,-2.19E-05,6.10E-05,-1.21E-04,1.64E-03,3.61E-04,5.34E-05,-1.91E-05,2.85E-04,4.38E-05,2.98E-04,3.78E-04,1.84E-04,-2.02E-04,1.42E-04
2495,2.30E-04,1.75E-04,1.55E-04,7.30E-05,4.44E-05,2.63E-06,-1.34E-05,7.40E-05,-1.11E-04,1.65E-03,3.58E-04,5.36E-05,-2.81E-05,2.87E-04,2.28E-05,2.82E-04,3.74E-04,1.75E-04,-2.27E-04,2.97E-04
2496,2.36E-04,1.83E-04,1.60E-04,8.16E-05,5.69E-05,1.00E-05,-4.21E-06,8.78E-05,-1.01E-04,1.66E-03,3.55E-04,5.39E-05,-3.56E-05,2.90E-04,3.20E-06,2.70E-04,3.70E-04,1.68E-04,-2.48E-04,4.34E-04
2497,2.43E-04,1.93E-04,1.66E-04,9.10E-05,7.04E-05,1.81E-05,5.49E-06,1.02E-04,-9.06E-05,1.68E-03,3.53E-04,5.44E-05,-4.13E-05,2.94E-04,-1.47E-05,2.61E-04,3.67E-04,1.62E-04,-2.64E-04,5.50E-04
2498,2.51E-04,2.02E-04,1.72E-04,1.01E-04,8.47E-05,2.63E-05,1.53E-05,1.17E-04,-8.10E-05,1.69E-03,3.52E-04,5.52E-05,-4.51E-05,2.98E-04,-3.07E-05,2.54E-04,3.65E-04,1.59E-04,-2.75E-04,6.47E-04
2499,2.59E-04,2.12E-04,1.79E-04,1.11E-04,9.94E-05,3.46E-05,2.50E-05,1.31E-04,-7.16E-05,1.71E-03,3.52E-04,5.63E-05,-4.72E-05,3.04E-04,-4.48E-05,2.50E-04,3.64E-04,1.57E-04,-2.81E-04,7.23E-04
2500,2.67E-04,2.22E-04,1.86E-04,1.22E-04,1.14E-04,4.23E-05,3.41E-05,1.45E-04,-6.27E-05,1.73E-03,3.54E-04,5.78E-05,-4.78E-05,3.09E-04,-5.70E-05,2.48E-04,3.63E-04,1.56E-04,-2.84E-04,7.81E-04
2501,2.76E-04,2.31E-04,1.93E-04,1.32E-04,1.29E-04,4.93E-05,4.23E-05,1.59E-04,-5.42E-05,1.75E-03,3.56E-04,5.95E-05,-4.70E-05,3.14E-04,-6.75E-05,2.48E-04,3.63E-04,1.57E-04,-2.83E-04,8.22E-04
2502,2.84E-04,2.40E-04,2.00E-04,1.42E-04,1.42E-04,5.51E-05,4.94E-05,1.72E-04,-4.61E-05,1.77E-03,3.59E-04,6.15E-05,-4.52E-05,3.20E-04,-7.66E-05,2.48E-04,3.63E-04,1.58E-04,-2.80E-04,8.49E-04
2503,2.92E-04,2.48E-04,2.07E-04,1.51E-04,1.55E-04,5.96E-05,5.52E-05,1.85E-04,-3.84E-05,1.79E-03,3.63E-04,6.36E-05,-4.28E-05,3.24E-04,-8.46E-05,2.48E-04,3.64E-04,1.60E-04,-2.76E-04,8.64E-04
2504,2.99E-04,2.56E-04,2.14E-04,1.59E-04,1.66E-04,6.26E-05,5.96E-05,1.96E-04,-3.11E-05,1.80E-03,3.67E-04,6.57E-05,-4.00E-05,3.27E-04,-9.19E-05,2.49E-04,3.65E-04,1.63E-04,-2.70E-04,8.70E-04
2505,3.06E-04,2.62E-04,2.20E-04,1.67E-04,1.75E-04,6.40E-05,6.26E-05,2.06E-04,-2.42E-05,1.81E-03,3.71E-04,6.77E-05,-3.74E-05,3.30E-04,-9.89E-05,2.49E-04,3.67E-04,1.65E-04,-2.65E-04,8.69E-04
2506,3.12E-04,2.67E-04,2.26E-04,1.73E-04,1.83E-04,6.40E-05,6.45E-05,2.16E-04,-1.76E-05,1.82E-03,3.75E-04,6.97E-05,-3.50E-05,3.31E-04,-1.06E-04,2.48E-04,3.68E-04,1.67E-04,-2.60E-04,8.65E-04
2507,3.17E-04,2.71E-04,2.31E-04,1.78E-04,1.90E-04,6.27E-05,6.54E-05,2.25E-04,-1.11E-05,1.83E-03,3.79E-04,7.14E-05,-3.33E-05,3.30E-04,-1.13E-04,2.47E-04,3.69E-04,1.69E-04,-2.57E-04,8.58E-04
2508,3.21E-04,2.74E-04,2.35E-04,1.83E-04,1.95E-04,6.05E-05,6.57E-05,2.33E-04,-4.62E-06,1.83E-03,3.82E-04,7.30E-05,-3.21E-05,3.28E-04,-1.20E-04,2.45E-04,3.69E-04,1.70E-04,-2.56E-04,8.52E-04
2509,3.24E-04,2.77E-04,2.39E-04,1.87E-04,1.99E-04,5.77E-05,6.57E-05,2.40E-04,1.89E-06,1.83E-03,3.85E-04,7.46E-05,-3.16E-05,3.25E-04,-1.28E-04,2.41E-04,3.69E-04,1.70E-04,-2.56E-04,8.46E-04
2510,3.27E-04,2.79E-04,2.43E-04,1.90E-04,2.02E-04,5.48E-05,6.61E-05,2.48E-04,8.58E-06,1.83E-03,3.87E-04,7.61E-05,-3.16E-05,3.21E-04,-1.37E-04,2.37E-04,3.69E-04,1.70E-04,-2.57E-04,8.43E-04
2511,3.31E-04,2.81E-04,2.46E-04,1.94E-04,2.05E-04,5.24E-05,6.72E-05,2.56E-04,1.56E-05,1.83E-03,3.89E-04,7.78E-05,-3.19E-05,3.17E-04,-1.45E-04,2.33E-04,3.69E-04,1.69E-04,-2.61E-04,8.41E-04
2512,3.34E-04,2.84E-04,2.50E-04,1.99E-04,2.09E-04,5.10E-05,6.95E-05,2.65E-04,2.30E-05,1.82E-03,3.91E-04,7.98E-05,-3.22E-05,3.12E-04,-1.54E-04,2.28E-04,3.68E-04,1.68E-04,-2.65E-04,8.42E-04
2513,3.38E-04,2.88E-04,2.54E-04,2.04E-04,2.13E-04,5.11E-05,7.35E-05,2.75E-04,3.10E-05,1.82E-03,3.94E-04,8.24E-05,-3.21E-05,3.08E-04,-1.61E-04,2.23E-04,3.68E-04,1.68E-04,-2.69E-04,8.45E-04
2514,3.44E-04,2.93E-04,2.59E-04,2.11E-04,2.19E-04,5.33E-05,7.95E-05,2.86E-04,3.96E-05,1.81E-03,3.97E-04,8.58E-05,-3.13E-05,3.05E-04,-1.68E-04,2.19E-04,3.68E-04,1.68E-04,-2.73E-04,8.49E-04
2515,3.51E-04,3.00E-04,2.65E-04,2.19E-04,2.27E-04,5.78E-05,8.77E-05,2.99E-04,4.89E-05,1.81E-03,4.01E-04,9.02E-05,-2.94E-05,3.02E-04,-1.74E-04,2.16E-04,3.68E-04,1.69E-04,-2.76E-04,8.54E-04
2516,3.60E-04,3.09E-04,2.73E-04,2.30E-04,2.36E-04,6.51E-05,9.85E-05,3.13E-04,5.90E-05,1.81E-03,4.06E-04,9.58E-05,-2.60E-05,3.02E-04,-1.78E-04,2.14E-04,3.70E-04,1.71E-04,-2.78E-04,8.59E-04
2517,3.71E-04,3.20E-04,2.81E-04,2.42E-04,2.48E-04,7.52E-05,1.12E-04,3.29E-04,6.98E-05,1.81E-03,4.13E-04,1.03E-04,-2.08E-05,3.03E-04,-1.80E-04,2.13E-04,3.72E-04,1.74E-04,-2.78E-04,8.64E-04
2518,3.84E-04,3.32E-04,2.92E-04,2.57E-04,2.61E-04,8.82E-05,1.27E-04,3.47E-04,8.13E-05,1.81E-03,4.21E-04,1.11E-04,-1.36E-05,3.06E-04,-1.79E-04,2.13E-04,3.75E-04,1.79E-04,-2.75E-04,8.68E-04
2519,4.00E-04,3.47E-04,3.04E-04,2.74E-04,2.78E-04,1.04E-04,1.45E-04,3.67E-04,9.36E-05,1.82E-03,4.31E-04,1.21E-04,-4.25E-06,3.12E-04,-1.76E-04,2.16E-04,3.80E-04,1.86E-04,-2.71E-04,8.70E-04
2520,4.18E-04,3.64E-04,3.18E-04,2.93E-04,2.96E-04,1.22E-04,1.65E-04,3.87E-04,1.07E-04,1.83E-03,4.43E-04,1.33E-04,7.17E-06,3.20E-04,-1.70E-04,2.20E-04,3.86E-04,1.94E-04,-2.63E-04,8.70E-04
2521,4.38E-04,3.83E-04,3.33E-04,3.13E-04,3.16E-04,1.42E-04,1.87E-04,4.09E-04,1.20E-04,1.84E-03,4.57E-04,1.46E-04,2.05E-05,3.30E-04,-1.62E-04,2.26E-04,3.93E-04,2.04E-04,-2.54E-04,8.69E-04
2522,4.60E-04,4.04E-04,3.50E-04,3.35E-04,3.37E-04,1.64E-04,2.10E-04,4.32E-04,1.34E-04,1.86E-03,4.72E-04,1.60E-04,3.57E-05,3.42E-04,-1.51E-04,2.33E-04,4.02E-04,2.16E-04,-2.42E-04,8.65E-04
2523,4.84E-04,4.25E-04,3.67E-04,3.57E-04,3.59E-04,1.87E-04,2.33E-04,4.55E-04,1.48E-04,1.87E-03,4.89E-04,1.76E-04,5.22E-05,3.56E-04,-1.38E-04,2.41E-04,4.12E-04,2.29E-04,-2.29E-04,8.60E-04
2524,5.09E-04,4.47E-04,3.85E-04,3.80E-04,3.81E-04,2.11E-04,2.57E-04,4.78E-04,1.62E-04,1.89E-03,5.06E-04,1.92E-04,6.96E-05,3.70E-04,-1.23E-04,2.50E-04,4.22E-04,2.42E-04,-2.14E-04,8.54E-04
2525,5.35E-04,4.69E-04,4.03E-04,4.03E-04,4.03E-04,2.34E-04,2.81E-04,5.01E-04,1.76E-04,1.90E-03,5.23E-04,2.08E-04,8.76E-05,3.86E-04,-1.07E-04,2.60E-04,4.34E-04,2.57E-04,-2.00E-04,8.46E-04
2526,5.61E-04,4.91E-04,4.21E-04,4.25E-04,4.24E-04,2.57E-04,3.03E-04,5.23E-04,1.90E-04,1.92E-03,5.41E-04,2.25E-04,1.06E-04,4.01E-04,-8.96E-05,2.70E-04,4.45E-04,2.71E-04,-1.85E-04,8.38E-04
2527,5.87E-04,5.13E-04,4.38E-04,4.46E-04,4.44E-04,2.78E-04,3.25E-04,5.43E-04,2.03E-04,1.93E-03,5.57E-04,2.41E-04,1.23E-04,4.16E-04,-7.21E-05,2.79E-04,4.57E-04,2.85E-04,-1.71E-04,8.30E-04
2528,6.12E-04,5.34E-04,4.54E-04,4.66E-04,4.62E-04,2.98E-04,3.46E-04,5.63E-04,2.15E-04,1.94E-03,5.73E-04,2.57E-04,1.40E-04,4.31E-04,-5.47E-05,2.88E-04,4.68E-04,2.99E-04,-1.58E-04,8.22E-04
2529,6.36E-04,5.54E-04,4.69E-04,4.84E-04,4.78E-04,3.16E-04,3.65E-04,5.80E-04,2.27E-04,1.95E-03,5.86E-04,2.71E-04,1.55E-04,4.44E-04,-3.79E-05,2.95E-04,4.79E-04,3.11E-04,-1.47E-04,8.15E-04
2530,6.59E-04,5.72E-04,4.83E-04,5.01E-04,4.93E-04,3.32E-04,3.83E-04,5.96E-04,2.38E-04,1.95E-03,5.98E-04,2.85E-04,1.69E-04,4.56E-04,-2.21E-05,3.02E-04,4.89E-04,3.23E-04,-1.37E-04,8.09E-04
2531,6.80E-04,5.89E-04,4.95E-04,5.15E-04,5.05E-04,3.45E-04,3.99E-04,6.10E-04,2.47E-04,1.95E-03,6.08E-04,2.97E-04,1.81E-04,4.66E-04,-7.39E-06,3.06E-04,4.98E-04,3.33E-04,-1.30E-04,8.04E-04
2532,7.00E-04,6.04E-04,5.06E-04,5.29E-04,5.15E-04,3.57E-04,4.14E-04,6.22E-04,2.56E-04,1.95E-03,6.16E-04,3.08E-04,1.91E-04,4.75E-04,5.92E-06,3.10E-04,5.06E-04,3.41E-04,-1.24E-04,8.00E-04
2533,7.18E-04,6.19E-04,5.16E-04,5.40E-04,5.24E-04,3.67E-04,4.27E-04,6.32E-04,2.64E-04,1.95E-03,6.21E-04,3.17E-04,1.99E-04,4.81E-04,1.78E-05,3.11E-04,5.13E-04,3.48E-04,-1.20E-04,7.97E-04
2534,7.34E-04,6.32E-04,5.24E-04,5.51E-04,5.32E-04,3.76E-04,4.40E-04,6.41E-04,2.71E-04,1.94E-03,6.25E-04,3.25E-04,2.06E-04,4.87E-04,2.83E-05,3.11E-04,5.18E-04,3.54E-04,-1.18E-04,7.95E-04
2535,7.50E-04,6.44E-04,5.30E-04,5.60E-04,5.38E-04,3.84E-04,4.52E-04,6.49E-04,2.77E-04,1.94E-03,6.26E-04,3.32E-04,2.11E-04,4.90E-04,3.76E-05,3.10E-04,5.22E-04,3.59E-04,-1.16E-04,7.93E-04
2536,7.64E-04,6.55E-04,5.37E-04,5.69E-04,5.44E-04,3.91E-04,4.64E-04,6.56E-04,2.82E-04,1.93E-03,6.26E-04,3.37E-04,2.15E-04,4.93E-04,4.58E-05,3.08E-04,5.25E-04,3.62E-04,-1.15E-04,7.93E-04
2537,7.78E-04,6.65E-04,5.42E-04,5.78E-04,5.50E-04,3.98E-04,4.75E-04,6.62E-04,2.88E-04,1.93E-03,6.25E-04,3.42E-04,2.18E-04,4.95E-04,5.33E-05,3.05E-04,5.27E-04,3.65E-04,-1.14E-04,7.92E-04
2538,7.91E-04,6.76E-04,5.47E-04,5.87E-04,5.57E-04,4.06E-04,4.87E-04,6.68E-04,2.92E-04,1.92E-03,6.23E-04,3.46E-04,2.20E-04,4.96E-04,6.03E-05,3.01E-04,5.28E-04,3.68E-04,-1.12E-04,7.92E-04
2539,8.04E-04,6.86E-04,5.52E-04,5.96E-04,5.64E-04,4.15E-04,4.99E-04,6.74E-04,2.97E-04,1.92E-03,6.20E-04,3.49E-04,2.23E-04,4.97E-04,6.72E-05,2.97E-04,5.28E-04,3.70E-04,-1.10E-04,7.91E-04
2540,8.17E-04,6.97E-04,5.58E-04,6.05E-04,5.72E-04,4.25E-04,5.11E-04,6.81E-04,3.02E-04,1.92E-03,6.18E-04,3.53E-04,2.26E-04,4.98E-04,7.41E-05,2.94E-04,5.29E-04,3.72E-04,-1.07E-04,7.90E-04
2541,8.30E-04,7.08E-04,5.64E-04,6.16E-04,5.81E-04,4.37E-04,5.24E-04,6.88E-04,3.07E-04,1.92E-03,6.16E-04,3.57E-04,2.29E-04,4.99E-04,8.14E-05,2.91E-04,5.28E-04,3.75E-04,-1.02E-04,7.89E-04
2542,8.43E-04,7.19E-04,5.70E-04,6.27E-04,5.91E-04,4.50E-04,5.38E-04,6.96E-04,3.13E-04,1.92E-03,6.14E-04,3.61E-04,2.32E-04,5.01E-04,8.92E-05,2.89E-04,5.28E-04,3.78E-04,-9.63E-05,7.87E-04
2543,8.57E-04,7.30E-04,5.77E-04,6.40E-04,6.03E-04,4.64E-04,5.52E-04,7.04E-04,3.19E-04,1.93E-03,6.13E-04,3.66E-04,2.37E-04,5.04E-04,9.76E-05,2.87E-04,5.28E-04,3.82E-04,-8.87E-05,7.84E-04
2544,8.71E-04,7.42E-04,5.84E-04,6.53E-04,6.16E-04,4.80E-04,5.67E-04,7.13E-04,3.26E-04,1.93E-03,6.13E-04,3.71E-04,2.42E-04,5.08E-04,1.07E-04,2.87E-04,5.29E-04,3.86E-04,-7.99E-05,7.81E-04
2545,8.86E-04,7.53E-04,5.92E-04,6.66E-04,6.30E-04,4.97E-04,5.82E-04,7.22E-04,3.34E-04,1.94E-03,6.14E-04,3.76E-04,2.47E-04,5.12E-04,1.16E-04,2.88E-04,5.30E-04,3.91E-04,-6.99E-05,7.78E-04
2546,9.00E-04,7.65E-04,6.01E-04,6.80E-04,6.45E-04,5.14E-04,5.96E-04,7.32E-04,3.42E-04,1.94E-03,6.15E-04,3.83E-04,2.54E-04,5.17E-04,1.26E-04,2.90E-04,5.31E-04,3.97E-04,-5.91E-05,7.74E-04
2547,9.15E-04,7.76E-04,6.09E-04,6.94E-04,6.59E-04,5.31E-04,6.11E-04,7.43E-04,3.51E-04,1.95E-03,6.17E-04,3.89E-04,2.60E-04,5.22E-04,1.36E-04,2.93E-04,5.32E-04,4.03E-04,-4.78E-05,7.71E-04
2548,9.29E-04,7.87E-04,6.17E-04,7.07E-04,6.73E-04,5.48E-04,6.24E-04,7.53E-04,3.60E-04,1.96E-03,6.19E-04,3.96E-04,2.67E-04,5.28E-04,1.46E-04,2.97E-04,5.34E-04,4.09E-04,-3.65E-05,7.68E-04
2549,9.42E-04,7.97E-04,6.25E-04,7.20E-04,6.87E-04,5.64E-04,6.37E-04,7.63E-04,3.70E-04,1.96E-03,6.21E-04,4.03E-04,2.73E-04,5.34E-04,1.55E-04,3.01E-04,5.36E-04,4.16E-04,-2.55E-05,7.65E-04
2550,9.55E-04,8.06E-04,6.32E-04,7.32E-04,6.99E-04,5.78E-04,6.48E-04,7.72E-04,3.80E-04,1.96E-03,6.23E-04,4.10E-04,2.79E-04,5.39E-04,1.64E-04,3.05E-04,5.38E-04,4.22E-04,-1.51E-05,7.62E-04
2551,9.66E-04,8.13E-04,6.38E-04,7.42E-04,7.09E-04,5.90E-04,6.58E-04,7.80E-04,3.90E-04,1.96E-03,6.24E-04,4.16E-04,2.85E-04,5.45E-04,1.72E-04,3.09E-04,5.39E-04,4.27E-04,-5.70E-06,7.59E-04
2552,9.76E-04,8.19E-04,6.43E-04,7.51E-04,7.17E-04,5.99E-04,6.66E-04,7.88E-04,4.00E-04,1.96E-03,6.25E-04,4.22E-04,2.89E-04,5.49E-04,1.79E-04,3.12E-04,5.40E-04,4.32E-04,2.46E-06,7.57E-04
2553,9.83E-04,8.23E-04,6.46E-04,7.58E-04,7.23E-04,6.05E-04,6.72E-04,7.93E-04,4.09E-04,1.96E-03,6.24E-04,4.27E-04,2.92E-04,5.52E-04,1.84E-04,3.14E-04,5.41E-04,4.35E-04,9.20E-06,7.55E-04
2554,9.89E-04,8.25E-04,6.48E-04,7.62E-04,7.26E-04,6.08E-04,6.76E-04,7.98E-04,4.17E-04,1.95E-03,6.23E-04,4.31E-04,2.94E-04,5.54E-04,1.87E-04,3.16E-04,5.40E-04,4.38E-04,1.44E-05,7.53E-04
2555,9.93E-04,8.25E-04,6.48E-04,7.65E-04,7.27E-04,6.08E-04,6.78E-04,8.00E-04,4.25E-04,1.94E-03,6.19E-04,4.33E-04,2.94E-04,5.55E-04,1.89E-04,3.16E-04,5.38E-04,4.39E-04,1.82E-05,7.51E-04
2556,9.95E-04,8.23E-04,6.47E-04,7.65E-04,7.25E-04,6.04E-04,6.78E-04,8.01E-04,4.31E-04,1.93E-03,6.15E-04,4.34E-04,2.93E-04,5.54E-04,1.89E-04,3.14E-04,5.35E-04,4.38E-04,2.05E-05,7.48E-04
2557,9.94E-04,8.20E-04,6.43E-04,7.63E-04,7.20E-04,5.96E-04,6.76E-04,8.00E-04,4.37E-04,1.92E-03,6.09E-04,4.33E-04,2.91E-04,5.51E-04,1.87E-04,3.10E-04,5.31E-04,4.36E-04,2.15E-05,7.46E-04
2558,9.92E-04,8.14E-04,6.38E-04,7.59E-04,7.12E-04,5.86E-04,6.71E-04,7.97E-04,4.41E-04,1.91E-03,6.02E-04,4.32E-04,2.88E-04,5.48E-04,1.84E-04,3.05E-04,5.25E-04,4.33E-04,2.14E-05,7.42E-04
2559,9.87E-04,8.06E-04,6.32E-04,7.54E-04,7.03E-04,5.73E-04,6.65E-04,7.93E-04,4.44E-04,1.89E-03,5.93E-04,4.28E-04,2.83E-04,5.42E-04,1.79E-04,2.99E-04,5.18E-04,4.28E-04,2.05E-05,7.38E-04
2560,9.81E-04,7.97E-04,6.24E-04,7.47E-04,6.91E-04,5.58E-04,6.58E-04,7.87E-04,4.46E-04,1.87E-03,5.84E-04,4.24E-04,2.78E-04,5.36E-04,1.72E-04,2.91E-04,5.09E-04,4.22E-04,1.88E-05,7.33E-04
2561,9.73E-04,7.86E-04,6.16E-04,7.39E-04,6.78E-04,5.40E-04,6.49E-04,7.80E-04,4.46E-04,1.86E-03,5.74E-04,4.18E-04,2.72E-04,5.28E-04,1.65E-04,2.81E-04,4.99E-04,4.14E-04,1.68E-05,7.27E-04
2562,9.64E-04,7.75E-04,6.06E-04,7.29E-04,6.65E-04,5.22E-04,6.39E-04,7.71E-04,4.45E-04,1.84E-03,5.63E-04,4.11E-04,2.65E-04,5.19E-04,1.56E-04,2.71E-04,4.88E-04,4.06E-04,1.46E-05,7.20E-04
2563,9.54E-04,7.62E-04,5.96E-04,7.19E-04,6.50E-04,5.02E-04,6.28E-04,7.62E-04,4.44E-04,1.82E-03,5.51E-04,4.04E-04,2.58E-04,5.10E-04,1.47E-04,2.60E-04,4.76E-04,3.96E-04,1.24E-05,7.13E-04
2564,9.44E-04,7.49E-04,5.86E-04,7.09E-04,6.36E-04,4.83E-04,6.16E-04,7.52E-04,4.41E-04,1.80E-03,5.39E-04,3.95E-04,2.51E-04,5.00E-04,1.38E-04,2.49E-04,4.63E-04,3.86E-04,1.03E-05,7.05E-04
2565,9.32E-04,7.36E-04,5.75E-04,6.99E-04,6.21E-04,4.63E-04,6.04E-04,7.42E-04,4.37E-04,1.79E-03,5.27E-04,3.86E-04,2.45E-04,4.89E-04,1.28E-04,2.38E-04,4.49E-04,3.76E-04,8.46E-06,6.96E-04
2566,9.20E-04,7.22E-04,5.65E-04,6.88E-04,6.07E-04,4.43E-04,5.91E-04,7.31E-04,4.33E-04,1.77E-03,5.15E-04,3.77E-04,2.38E-04,4.79E-04,1.19E-04,2.26E-04,4.34E-04,3.65E-04,6.90E-06,6.87E-04
2567,9.08E-04,7.08E-04,5.55E-04,6.78E-04,5.94E-04,4.24E-04,5.79E-04,7.20E-04,4.28E-04,1.75E-03,5.03E-04,3.68E-04,2.32E-04,4.68E-04,1.09E-04,2.16E-04,4.20E-04,3.54E-04,5.62E-06,6.78E-04
2568,8.96E-04,6.95E-04,5.45E-04,6.68E-04,5.81E-04,4.06E-04,5.66E-04,7.10E-04,4.23E-04,1.73E-03,4.91E-04,3.59E-04,2.26E-04,4.58E-04,9.98E-05,2.06E-04,4.05E-04,3.43E-04,4.60E-06,6.70E-04
2569,8.83E-04,6.81E-04,5.35E-04,6.58E-04,5.69E-04,3.88E-04,5.54E-04,6.99E-04,4.17E-04,1.72E-03,4.78E-04,3.49E-04,2.20E-04,4.48E-04,9.10E-05,1.97E-04,3.90E-04,3.32E-04,3.74E-06,6.61E-04
2570,8.70E-04,6.68E-04,5.25E-04,6.48E-04,5.58E-04,3.71E-04,5.42E-04,6.88E-04,4.12E-04,1.70E-03,4.66E-04,3.40E-04,2.15E-04,4.38E-04,8.25E-05,1.88E-04,3.75E-04,3.21E-04,2.95E-06,6.52E-04
2571,8.57E-04,6.55E-04,5.16E-04,6.38E-04,5.48E-04,3.55E-04,5.29E-04,6.77E-04,4.06E-04,1.68E-03,4.54E-04,3.31E-04,2.10E-04,4.29E-04,7.45E-05,1.81E-04,3.61E-04,3.11E-04,2.12E-06,6.44E-04
2572,8.43E-04,6.42E-04,5.06E-04,6.29E-04,5.38E-04,3.40E-04,5.17E-04,6.67E-04,3.99E-04,1.66E-03,4.42E-04,3.23E-04,2.06E-04,4.20E-04,6.68E-05,1.74E-04,3.47E-04,3.00E-04,1.12E-06,6.36E-04
2573,8.29E-04,6.30E-04,4.97E-04,6.19E-04,5.28E-04,3.24E-04,5.05E-04,6.56E-04,3.93E-04,1.64E-03,4.29E-04,3.14E-04,2.01E-04,4.11E-04,5.95E-05,1.69E-04,3.34E-04,2.89E-04,-1.79E-07,6.28E-04
2574,8.15E-04,6.17E-04,4.87E-04,6.09E-04,5.19E-04,3.09E-04,4.93E-04,6.45E-04,3.86E-04,1.62E-03,4.16E-04,3.06E-04,1.96E-04,4.03E-04,5.25E-05,1.63E-04,3.20E-04,2.79E-04,-1.87E-06,6.21E-04
2575,7.99E-04,6.04E-04,4.77E-04,5.99E-04,5.08E-04,2.94E-04,4.81E-04,6.33E-04,3.79E-04,1.59E-03,4.03E-04,2.97E-04,1.92E-04,3.94E-04,4.56E-05,1.58E-04,3.08E-04,2.68E-04,-4.07E-06,6.13E-04
2576,7.83E-04,5.91E-04,4.66E-04,5.88E-04,4.98E-04,2.79E-04,4.68E-04,6.21E-04,3.72E-04,1.57E-03,3.89E-04,2.89E-04,1.87E-04,3.85E-04,3.89E-05,1.54E-04,2.95E-04,2.57E-04,-6.83E-06,6.05E-04
2577,7.65E-04,5.78E-04,4.55E-04,5.76E-04,4.86E-04,2.63E-04,4.55E-04,6.09E-04,3.64E-04,1.55E-03,3.75E-04,2.80E-04,1.81E-04,3.77E-04,3.21E-05,1.49E-04,2.82E-04,2.45E-04,-1.02E-05,5.97E-04
2578,7.46E-04,5.64E-04,4.43E-04,5.63E-04,4.73E-04,2.46E-04,4.42E-04,5.96E-04,3.57E-04,1.53E-03,3.60E-04,2.72E-04,1.76E-04,3.68E-04,2.54E-05,1.44E-04,2.70E-04,2.34E-04,-1.43E-05,5.89E-04
2579,7.26E-04,5.49E-04,4.30E-04,5.48E-04,4.59E-04,2.29E-04,4.28E-04,5.82E-04,3.49E-04,1.50E-03,3.45E-04,2.63E-04,1.70E-04,3.58E-04,1.84E-05,1.38E-04,2.57E-04,2.21E-04,-1.90E-05,5.80E-04
2580,7.05E-04,5.33E-04,4.16E-04,5.33E-04,4.43E-04,2.11E-04,4.13E-04,5.67E-04,3.40E-04,1.48E-03,3.29E-04,2.54E-04,1.63E-04,3.48E-04,1.14E-05,1.32E-04,2.44E-04,2.08E-04,-2.43E-05,5.70E-04
2581,6.82E-04,5.17E-04,4.01E-04,5.17E-04,4.26E-04,1.93E-04,3.98E-04,5.51E-04,3.31E-04,1.45E-03,3.12E-04,2.45E-04,1.56E-04,3.37E-04,4.05E-06,1.25E-04,2.31E-04,1.94E-04,-3.03E-05,5.60E-04
2582,6.58E-04,5.00E-04,3.86E-04,4.99E-04,4.07E-04,1.74E-04,3.82E-04,5.35E-04,3.22E-04,1.43E-03,2.95E-04,2.36E-04,1.49E-04,3.26E-04,-3.49E-06,1.17E-04,2.18E-04,1.80E-04,-3.69E-05,5.50E-04
2583,6.33E-04,4.82E-04,3.69E-04,4.80E-04,3.87E-04,1.55E-04,3.66E-04,5.18E-04,3.13E-04,1.41E-03,2.78E-04,2.27E-04,1.41E-04,3.14E-04,-1.13E-05,1.08E-04,2.04E-04,1.64E-04,-4.40E-05,5.39E-04
2584,6.07E-04,4.63E-04,3.52E-04,4.60E-04,3.66E-04,1.35E-04,3.49E-04,5.00E-04,3.03E-04,1.38E-03,2.60E-04,2.18E-04,1.32E-04,3.01E-04,-1.93E-05,9.79E-05,1.89E-04,1.49E-04,-5.15E-05,5.28E-04
2585,5.80E-04,4.43E-04,3.35E-04,4.38E-04,3.44E-04,1.15E-04,3.31E-04,4.82E-04,2.93E-04,1.36E-03,2.42E-04,2.08E-04,1.23E-04,2.88E-04,-2.74E-05,8.73E-05,1.74E-04,1.32E-04,-5.94E-05,5.17E-04
2586,5.52E-04,4.23E-04,3.17E-04,4.16E-04,3.22E-04,9.54E-05,3.13E-04,4.63E-04,2.82E-04,1.33E-03,2.24E-04,1.99E-04,1.14E-04,2.74E-04,-3.58E-05,7.60E-05,1.58E-04,1.15E-04,-6.76E-05,5.06E-04
2587,5.24E-04,4.02E-04,2.98E-04,3.94E-04,2.98E-04,7.57E-05,2.95E-04,4.44E-04,2.72E-04,1.31E-03,2.05E-04,1.89E-04,1.04E-04,2.60E-04,-4.42E-05,6.41E-05,1.42E-04,9.79E-05,-7.61E-05,4.96E-04
2588,4.95E-04,3.82E-04,2.80E-04,3.70E-04,2.75E-04,5.64E-05,2.77E-04,4.24E-04,2.61E-04,1.29E-03,1.86E-04,1.80E-04,9.42E-05,2.46E-04,-5.26E-05,5.18E-05,1.25E-04,8.05E-05,-8.48E-05,4.86E-04
2589,4.66E-04,3.61E-04,2.62E-04,3.47E-04,2.52E-04,3.74E-05,2.59E-04,4.05E-04,2.50E-04,1.26E-03,1.67E-04,1.70E-04,8.42E-05,2.31E-04,-6.10E-05,3.92E-05,1.09E-04,6.30E-05,-9.35E-05,4.78E-04
2590,4.38E-04,3.40E-04,2.43E-04,3.23E-04,2.29E-04,1.89E-05,2.42E-04,3.85E-04,2.38E-04,1.24E-03,1.48E-04,1.61E-04,7.39E-05,2.16E-04,-6.92E-05,2.66E-05,9.18E-05,4.56E-05,-1.02E-04,4.71E-04
2591,4.09E-04,3.20E-04,2.25E-04,2.99E-04,2.07E-04,8.75E-07,2.24E-04,3.65E-04,2.27E-04,1.21E-03,1.29E-04,1.52E-04,6.36E-05,2.01E-04,-7.73E-05,1.40E-05,7.50E-05,2.83E-05,-1.11E-04,4.65E-04
2592,3.81E-04,3.00E-04,2.07E-04,2.75E-04,1.85E-04,-1.66E-05,2.07E-04,3.46E-04,2.15E-04,1.19E-03,1.09E-04,1.43E-04,5.31E-05,1.86E-04,-8.52E-05,1.58E-06,5.84E-05,1.13E-05,-1.20E-04,4.60E-04
2593,3.54E-04,2.81E-04,1.90E-04,2.51E-04,1.64E-04,-3.36E-05,1.90E-04,3.27E-04,2.04E-04,1.17E-03,9.01E-05,1.34E-04,4.27E-05,1.71E-04,-9.29E-05,-1.06E-05,4.21E-05,-5.25E-06,-1.29E-04,4.56E-04
2594,3.27E-04,2.62E-04,1.73E-04,2.27E-04,1.44E-04,-5.01E-05,1.74E-04,3.08E-04,1.92E-04,1.14E-03,7.06E-05,1.25E-04,3.22E-05,1.56E-04,-1.00E-04,-2.24E-05,2.64E-05,-2.14E-05,-1.37E-04,4.53E-04
2595,3.01E-04,2.44E-04,1.56E-04,2.04E-04,1.24E-04,-6.63E-05,1.58E-04,2.89E-04,1.80E-04,1.12E-03,5.13E-05,1.17E-04,2.17E-05,1.42E-04,-1.07E-04,-3.40E-05,1.13E-05,-3.71E-05,-1.45E-04,4.50E-04
2596,2.76E-04,2.27E-04,1.40E-04,1.81E-04,1.06E-04,-8.22E-05,1.43E-04,2.71E-04,1.69E-04,1.09E-03,3.19E-05,1.08E-04,1.12E-05,1.28E-04,-1.14E-04,-4.52E-05,-3.00E-06,-5.23E-05,-1.54E-04,4.48E-04
2597,2.51E-04,2.11E-04,1.24E-04,1.58E-04,8.79E-05,-9.78E-05,1.28E-04,2.52E-04,1.57E-04,1.07E-03,1.27E-05,9.99E-05,6.66E-07,1.14E-04,-1.21E-04,-5.61E-05,-1.65E-05,-6.70E-05,-1.62E-04,4.46E-04
2598,2.28E-04,1.95E-04,1.09E-04,1.36E-04,7.07E-05,-1.13E-04,1.14E-04,2.35E-04,1.45E-04,1.05E-03,-6.40E-06,9.17E-05,-9.80E-06,1.01E-04,-1.27E-04,-6.68E-05,-2.90E-05,-8.12E-05,-1.69E-04,4.44E-04
2599,2.05E-04,1.80E-04,9.34E-05,1.15E-04,5.40E-05,-1.29E-04,1.01E-04,2.17E-04,1.33E-04,1.02E-03,-2.52E-05,8.35E-05,-2.02E-05,8.79E-05,-1.34E-04,-7.74E-05,-4.05E-05,-9.50E-05,-1.77E-04,4.41E-04
2600,1.83E-04,1.66E-04,7.88E-05,9.38E-05,3.79E-05,-1.44E-04,8.79E-05,2.00E-04,1.22E-04,9.97E-04,-4.36E-05,7.55E-05,-3.05E-05,7.52E-05,-1.40E-04,-8.80E-05,-5.11E-05,-1.08E-04,-1.84E-04,4.37E-04
2601,1.62E-04,1.53E-04,6.46E-05,7.36E-05,2.22E-05,-1.58E-04,7.59E-05,1.83E-04,1.11E-04,9.72E-04,-6.16E-05,6.76E-05,-4.07E-05,6.28E-05,-1.46E-04,-9.85E-05,-6.06E-05,-1.21E-04,-1.91E-04,4.32E-04
2602,1.42E-04,1.40E-04,5.10E-05,5.43E-05,7.15E-06,-1.73E-04,6.46E-05,1.67E-04,1.00E-04,9.48E-04,-7.89E-05,6.00E-05,-5.07E-05,5.07E-05,-1.51E-04,-1.09E-04,-6.90E-05,-1.34E-04,-1.97E-04,4.26E-04
2603,1.23E-04,1.28E-04,3.81E-05,3.62E-05,-7.29E-06,-1.86E-04,5.42E-05,1.52E-04,8.99E-05,9.24E-04,-9.54E-05,5.28E-05,-6.04E-05,3.89E-05,-1.57E-04,-1.20E-04,-7.64E-05,-1.45E-04,-2.03E-04,4.19E-04
2604,1.05E-04,1.17E-04,2.60E-05,1.93E-05,-2.10E-05,-1.99E-04,4.48E-05,1.37E-04,8.06E-05,9.00E-04,-1.11E-04,4.59E-05,-6.97E-05,2.76E-05,-1.63E-04,-1.31E-04,-8.29E-05,-1.57E-04,-2.08E-04,4.10E-04
2605,8.87E-05,1.06E-04,1.49E-05,3.92E-06,-3.37E-05,-2.11E-04,3.67E-05,1.24E-04,7.21E-05,8.77E-04,-1.25E-04,3.97E-05,-7.85E-05,1.68E-05,-1.68E-04,-1.41E-04,-8.83E-05,-1.67E-04,-2.13E-04,4.00E-04
2606,7.35E-05,9.68E-05,4.99E-06,-9.70E-06,-4.52E-05,-2.21E-04,2.99E-05,1.12E-04,6.48E-05,8.55E-04,-1.38E-04,3.41E-05,-8.67E-05,6.47E-06,-1.73E-04,-1.52E-04,-9.26E-05,-1.77E-04,-2.18E-04,3.90E-04
2607,5.99E-05,8.86E-05,-3.55E-06,-2.13E-05,-5.52E-05,-2.30E-04,2.48E-05,1.02E-04,5.86E-05,8.33E-04,-1.50E-04,2.94E-05,-9.42E-05,-3.16E-06,-1.78E-04,-1.63E-04,-9.60E-05,-1.85E-04,-2.21E-04,3.79E-04
2608,4.81E-05,8.17E-05,-1.05E-05,-3.07E-05,-6.35E-05,-2.36E-04,2.13E-05,9.28E-05,5.37E-05,8.13E-04,-1.60E-04,2.57E-05,-1.01E-04,-1.20E-05,-1.82E-04,-1.73E-04,-9.84E-05,-1.93E-04,-2.24E-04,3.68E-04
2609,3.83E-05,7.64E-05,-1.56E-05,-3.75E-05,-6.97E-05,-2.41E-04,1.99E-05,8.59E-05,5.02E-05,7.93E-04,-1.69E-04,2.32E-05,-1.06E-04,-1.99E-05,-1.86E-04,-1.83E-04,-9.97E-05,-1.99E-04,-2.26E-04,3.57E-04
2610,3.07E-05,7.27E-05,-1.88E-05,-4.17E-05,-7.36E-05,-2.43E-04,2.05E-05,8.13E-05,4.83E-05,7.74E-04,-1.75E-04,2.19E-05,-1.11E-04,-2.67E-05,-1.89E-04,-1.92E-04,-9.99E-05,-2.03E-04,-2.27E-04,3.47E-04
2611,2.56E-05,7.10E-05,-1.99E-05,-4.31E-05,-7.50E-05,-2.43E-04,2.34E-05,7.88E-05,4.78E-05,7.56E-04,-1.80E-04,2.21E-05,-1.14E-04,-3.23E-05,-1.92E-04,-2.01E-04,-9.91E-05,-2.06E-04,-2.27E-04,3.38E-04
2612,2.30E-05,7.14E-05,-1.87E-05,-4.15E-05,-7.37E-05,-2.40E-04,2.86E-05,7.88E-05,4.90E-05,7.40E-04,-1.83E-04,2.38E-05,-1.15E-04,-3.66E-05,-1.93E-04,-2.08E-04,-9.71E-05,-2.08E-04,-2.26E-04,3.31E-04
2613,2.30E-05,7.39E-05,-1.53E-05,-3.69E-05,-6.96E-05,-2.35E-04,3.61E-05,8.11E-05,5.16E-05,7.25E-04,-1.83E-04,2.70E-05,-1.16E-04,-3.94E-05,-1.94E-04,-2.15E-04,-9.40E-05,-2.07E-04,-2.24E-04,3.25E-04
2614,2.58E-05,7.87E-05,-9.57E-06,-2.94E-05,-6.27E-05,-2.27E-04,4.59E-05,8.58E-05,5.57E-05,7.11E-04,-1.82E-04,3.18E-05,-1.15E-04,-4.07E-05,-1.93E-04,-2.20E-04,-8.97E-05,-2.05E-04,-2.21E-04,3.21E-04
2615,3.13E-05,8.58E-05,-1.67E-06,-1.91E-05,-5.30E-05,-2.17E-04,5.80E-05,9.27E-05,6.11E-05,6.98E-04,-1.79E-04,3.82E-05,-1.12E-04,-4.05E-05,-1.91E-04,-2.24E-04,-8.42E-05,-2.00E-04,-2.16E-04,3.19E-04
2616,3.94E-05,9.51E-05,8.29E-06,-6.11E-06,-4.08E-05,-2.04E-04,7.21E-05,1.02E-04,6.76E-05,6.86E-04,-1.75E-04,4.60E-05,-1.08E-04,-3.88E-05,-1.88E-04,-2.26E-04,-7.75E-05,-1.95E-04,-2.10E-04,3.19E-04
2617,5.00E-05,1.07E-04,2.02E-05,9.29E-06,-2.62E-05,-1.90E-04,8.81E-05,1.13E-04,7.52E-05,6.75E-04,-1.68E-04,5.53E-05,-1.03E-04,-3.56E-05,-1.84E-04,-2.28E-04,-6.98E-05,-1.87E-04,-2.03E-04,3.21E-04
2618,6.30E-05,1.20E-04,3.37E-05,2.68E-05,-9.59E-06,-1.74E-04,1.06E-04,1.25E-04,8.37E-05,6.65E-04,-1.61E-04,6.58E-05,-9.60E-05,-3.10E-05,-1.79E-04,-2.27E-04,-6.10E-05,-1.78E-04,-1.96E-04,3.23E-04
2619,7.79E-05,1.35E-04,4.86E-05,4.61E-05,8.70E-06,-1.56E-04,1.25E-04,1.39E-04,9.28E-05,6.56E-04,-1.52E-04,7.74E-05,-8.83E-05,-2.50E-05,-1.73E-04,-2.26E-04,-5.12E-05,-1.68E-04,-1.87E-04,3.27E-04
2620,9.47E-05,1.52E-04,6.46E-05,6.67E-05,2.83E-05,-1.38E-04,1.45E-04,1.55E-04,1.02E-04,6.47E-04,-1.42E-04,9.00E-05,-7.97E-05,-1.80E-05,-1.65E-04,-2.24E-04,-4.06E-05,-1.57E-04,-1.77E-04,3.32E-04
2621,1.13E-04,1.70E-04,8.14E-05,8.84E-05,4.87E-05,-1.19E-04,1.65E-04,1.70E-04,1.12E-04,6.39E-04,-1.31E-04,1.03E-04,-7.03E-05,-9.88E-06,-1.57E-04,-2.20E-04,-2.91E-05,-1.45E-04,-1.67E-04,3.37E-04
2622,1.32E-04,1.89E-04,9.87E-05,1.11E-04,6.96E-05,-1.00E-04,1.87E-04,1.87E-04,1.22E-04,6.31E-04,-1.19E-04,1.17E-04,-6.02E-05,-9.91E-07,-1.48E-04,-2.16E-04,-1.71E-05,-1.32E-04,-1.56E-04,3.42E-04
2623,1.52E-04,2.08E-04,1.16E-04,1.33E-04,9.06E-05,-8.09E-05,2.08E-04,2.04E-04,1.32E-04,6.23E-04,-1.07E-04,1.31E-04,-4.96E-05,8.55E-06,-1.39E-04,-2.11E-04,-4.53E-06,-1.19E-04,-1.45E-04,3.47E-04
2624,1.73E-04,2.28E-04,1.34E-04,1.56E-04,1.11E-04,-6.19E-05,2.30E-04,2.20E-04,1.43E-04,6.15E-04,-9.41E-05,1.46E-04,-3.87E-05,1.86E-05,-1.29E-04,-2.06E-04,8.41E-06,-1.06E-04,-1.33E-04,3.51E-04
2625,1.94E-04,2.48E-04,1.51E-04,1.79E-04,1.32E-04,-4.33E-05,2.51E-04,2.37E-04,1.53E-04,6.07E-04,-8.10E-05,1.60E-04,-2.74E-05,2.90E-05,-1.18E-04,-2.00E-04,2.16E-05,-9.27E-05,-1.22E-04,3.54E-04
2626,2.14E-04,2.68E-04,1.68E-04,2.01E-04,1.51E-04,-2.51E-05,2.72E-04,2.53E-04,1.62E-04,6.00E-04,-6.75E-05,1.75E-04,-1.59E-05,3.96E-05,-1.08E-04,-1.94E-04,3.49E-05,-7.94E-05,-1.10E-04,3.56E-04
2627,2.35E-04,2.87E-04,1.85E-04,2.22E-04,1.70E-04,-7.34E-06,2.93E-04,2.69E-04,1.72E-04,5.92E-04,-5.37E-05,1.89E-04,-4.23E-06,5.05E-05,-9.66E-05,-1.88E-04,4.83E-05,-6.62E-05,-9.81E-05,3.57E-04
2628,2.55E-04,3.07E-04,2.01E-04,2.44E-04,1.89E-04,1.01E-05,3.13E-04,2.85E-04,1.82E-04,5.84E-04,-3.96E-05,2.04E-04,7.67E-06,6.14E-05,-8.54E-05,-1.81E-04,6.17E-05,-5.30E-05,-8.63E-05,3.57E-04
2629,2.75E-04,3.25E-04,2.17E-04,2.64E-04,2.07E-04,2.74E-05,3.34E-04,3.01E-04,1.92E-04,5.76E-04,-2.52E-05,2.18E-04,1.98E-05,7.25E-05,-7.40E-05,-1.75E-04,7.50E-05,-3.98E-05,-7.43E-05,3.56E-04
2630,2.95E-04,3.44E-04,2.32E-04,2.85E-04,2.24E-04,4.46E-05,3.54E-04,3.16E-04,2.02E-04,5.69E-04,-1.03E-05,2.32E-04,3.23E-05,8.38E-05,-6.23E-05,-1.68E-04,8.83E-05,-2.65E-05,-6.23E-05,3.55E-04
2631,3.14E-04,3.62E-04,2.47E-04,3.05E-04,2.41E-04,6.20E-05,3.75E-04,3.32E-04,2.12E-04,5.62E-04,4.97E-06,2.47E-04,4.52E-05,9.52E-05,-5.04E-05,-1.61E-04,1.01E-04,-1.29E-05,-5.02E-05,3.53E-04
2632,3.34E-04,3.81E-04,2.63E-04,3.25E-04,2.59E-04,7.97E-05,3.95E-04,3.48E-04,2.23E-04,5.56E-04,2.08E-05,2.61E-04,5.85E-05,1.07E-04,-3.81E-05,-1.53E-04,1.15E-04,9.92E-07,-3.78E-05,3.51E-04
2633,3.53E-04,3.99E-04,2.78E-04,3.46E-04,2.76E-04,9.81E-05,4.16E-04,3.64E-04,2.34E-04,5.50E-04,3.71E-05,2.75E-04,7.25E-05,1.19E-04,-2.53E-05,-1.45E-04,1.28E-04,1.54E-05,-2.51E-05,3.49E-04
2634,3.72E-04,4.17E-04,2.93E-04,3.66E-04,2.94E-04,1.17E-04,4.38E-04,3.81E-04,2.45E-04,5.45E-04,5.41E-05,2.90E-04,8.71E-05,1.32E-04,-1.20E-05,-1.37E-04,1.41E-04,3.04E-05,-1.20E-05,3.48E-04
2635,3.92E-04,4.35E-04,3.09E-04,3.87E-04,3.13E-04,1.37E-04,4.61E-04,3.98E-04,2.58E-04,5.40E-04,7.17E-05,3.05E-04,1.02E-04,1.45E-04,1.94E-06,-1.27E-04,1.54E-04,4.61E-05,1.50E-06,3.47E-04
2636,4.11E-04,4.54E-04,3.26E-04,4.09E-04,3.32E-04,1.58E-04,4.84E-04,4.16E-04,2.70E-04,5.37E-04,8.98E-05,3.21E-04,1.19E-04,1.58E-04,1.65E-05,-1.17E-04,1.67E-04,6.24E-05,1.55E-05,3.47E-04
2637,4.31E-04,4.73E-04,3.42E-04,4.31E-04,3.53E-04,1.80E-04,5.07E-04,4.34E-04,2.83E-04,5.34E-04,1.08E-04,3.37E-04,1.35E-04,1.72E-04,3.19E-05,-1.07E-04,1.81E-04,7.94E-05,2.99E-05,3.47E-04
2638,4.51E-04,4.92E-04,3.60E-04,4.53E-04,3.74E-04,2.03E-04,5.32E-04,4.53E-04,2.97E-04,5.32E-04,1.28E-04,3.53E-04,1.53E-04,1.87E-04,4.79E-05,-9.52E-05,1.94E-04,9.70E-05,4.48E-05,3.49E-04
2639,4.72E-04,5.12E-04,3.77E-04,4.76E-04,3.95E-04,2.26E-04,5.56E-04,4.72E-04,3.11E-04,5.31E-04,1.47E-04,3.69E-04,1.71E-04,2.01E-04,6.46E-05,-8.32E-05,2.08E-04,1.15E-04,6.00E-05,3.51E-04
2640,4.92E-04,5.31E-04,3.95E-04,4.98E-04,4.17E-04,2.50E-04,5.81E-04,4.91E-04,3.25E-04,5.30E-04,1.66E-04,3.86E-04,1.89E-04,2.17E-04,8.18E-05,-7.06E-05,2.22E-04,1.33E-04,7.55E-05,3.54E-04
2641,5.12E-04,5.51E-04,4.12E-04,5.21E-04,4.39E-04,2.74E-04,6.05E-04,5.11E-04,3.39E-04,5.30E-04,1.85E-04,4.02E-04,2.08E-04,2.32E-04,9.96E-05,-5.76E-05,2.35E-04,1.52E-04,9.11E-05,3.57E-04
2642,5.32E-04,5.70E-04,4.29E-04,5.42E-04,4.60E-04,2.98E-04,6.29E-04,5.29E-04,3.53E-04,5.29E-04,2.04E-04,4.19E-04,2.26E-04,2.47E-04,1.18E-04,-4.43E-05,2.48E-04,1.70E-04,1.07E-04,3.60E-04
2643,5.50E-04,5.88E-04,4.46E-04,5.63E-04,4.81E-04,3.21E-04,6.52E-04,5.47E-04,3.66E-04,5.29E-04,2.22E-04,4.34E-04,2.44E-04,2.61E-04,1.36E-04,-3.11E-05,2.61E-04,1.87E-04,1.22E-04,3.63E-04
2644,5.68E-04,6.05E-04,4.62E-04,5.82E-04,5.00E-04,3.43E-04,6.73E-04,5.64E-04,3.78E-04,5.28E-04,2.39E-04,4.50E-04,2.62E-04,2.75E-04,1.54E-04,-1.81E-05,2.73E-04,2.04E-04,1.37E-04,3.66E-04
2645,5.83E-04,6.20E-04,4.76E-04,6.00E-04,5.18E-04,3.64E-04,6.93E-04,5.79E-04,3.90E-04,5.26E-04,2.55E-04,4.64E-04,2.78E-04,2.89E-04,1.71E-04,-5.54E-06,2.84E-04,2.19E-04,1.51E-04,3.68E-04
2646,5.96E-04,6.34E-04,4.88E-04,6.15E-04,5.33E-04,3.83E-04,7.10E-04,5.93E-04,4.00E-04,5.23E-04,2.70E-04,4.76E-04,2.94E-04,3.01E-04,1.88E-04,6.36E-06,2.95E-04,2.33E-04,1.64E-04,3.68E-04
2647,6.07E-04,6.46E-04,4.99E-04,6.28E-04,5.47E-04,4.00E-04,7.26E-04,6.04E-04,4.09E-04,5.20E-04,2.83E-04,4.88E-04,3.08E-04,3.11E-04,2.04E-04,1.74E-05,3.04E-04,2.46E-04,1.76E-04,3.68E-04
2648,6.16E-04,6.56E-04,5.07E-04,6.39E-04,5.57E-04,4.15E-04,7.38E-04,6.13E-04,4.17E-04,5.15E-04,2.93E-04,4.97E-04,3.20E-04,3.20E-04,2.20E-04,2.74E-05,3.12E-04,2.56E-04,1.87E-04,3.66E-04
2649,6.21E-04,6.63E-04,5.13E-04,6.46E-04,5.65E-04,4.27E-04,7.47E-04,6.20E-04,4.23E-04,5.08E-04,3.02E-04,5.05E-04,3.31E-04,3.28E-04,2.34E-04,3.62E-05,3.18E-04,2.65E-04,1.96E-04,3.63E-04
2650,6.23E-04,6.67E-04,5.17E-04,6.50E-04,5.70E-04,4.37E-04,7.54E-04,6.24E-04,4.27E-04,5.01E-04,3.09E-04,5.11E-04,3.40E-04,3.34E-04,2.46E-04,4.38E-05,3.23E-04,2.71E-04,2.04E-04,3.59E-04
2651,6.21E-04,6.69E-04,5.18E-04,6.52E-04,5.73E-04,4.44E-04,7.58E-04,6.26E-04,4.30E-04,4.91E-04,3.14E-04,5.14E-04,3.47E-04,3.38E-04,2.58E-04,5.01E-05,3.26E-04,2.76E-04,2.10E-04,3.53E-04
2652,6.17E-04,6.67E-04,5.16E-04,6.50E-04,5.72E-04,4.48E-04,7.58E-04,6.25E-04,4.31E-04,4.81E-04,3.16E-04,5.16E-04,3.52E-04,3.40E-04,2.67E-04,5.51E-05,3.27E-04,2.79E-04,2.15E-04,3.46E-04
2653,6.09E-04,6.63E-04,5.11E-04,6.46E-04,5.69E-04,4.50E-04,7.56E-04,6.22E-04,4.31E-04,4.70E-04,3.17E-04,5.15E-04,3.56E-04,3.41E-04,2.76E-04,5.89E-05,3.26E-04,2.80E-04,2.19E-04,3.37E-04
2654,5.98E-04,6.57E-04,5.05E-04,6.39E-04,5.64E-04,4.49E-04,7.52E-04,6.16E-04,4.29E-04,4.57E-04,3.15E-04,5.12E-04,3.57E-04,3.41E-04,2.83E-04,6.16E-05,3.23E-04,2.79E-04,2.21E-04,3.28E-04
2655,5.85E-04,6.48E-04,4.96E-04,6.29E-04,5.57E-04,4.47E-04,7.45E-04,6.09E-04,4.27E-04,4.44E-04,3.12E-04,5.07E-04,3.58E-04,3.39E-04,2.89E-04,6.34E-05,3.19E-04,2.77E-04,2.22E-04,3.18E-04
2656,5.69E-04,6.36E-04,4.85E-04,6.18E-04,5.48E-04,4.42E-04,7.36E-04,6.00E-04,4.22E-04,4.30E-04,3.07E-04,5.00E-04,3.57E-04,3.37E-04,2.94E-04,6.43E-05,3.12E-04,2.74E-04,2.22E-04,3.08E-04
2657,5.50E-04,6.23E-04,4.72E-04,6.05E-04,5.38E-04,4.36E-04,7.26E-04,5.89E-04,4.18E-04,4.16E-04,3.01E-04,4.92E-04,3.55E-04,3.33E-04,2.97E-04,6.46E-05,3.04E-04,2.70E-04,2.21E-04,2.98E-04
2658,5.30E-04,6.08E-04,4.58E-04,5.90E-04,5.27E-04,4.28E-04,7.14E-04,5.77E-04,4.12E-04,4.02E-04,2.93E-04,4.82E-04,3.52E-04,3.30E-04,3.00E-04,6.44E-05,2.95E-04,2.65E-04,2.20E-04,2.87E-04
2659,5.09E-04,5.92E-04,4.43E-04,5.75E-04,5.15E-04,4.20E-04,7.00E-04,5.64E-04,4.06E-04,3.89E-04,2.84E-04,4.70E-04,3.49E-04,3.25E-04,3.03E-04,6.38E-05,2.84E-04,2.59E-04,2.17E-04,2.77E-04
2660,4.87E-04,5.74E-04,4.27E-04,5.58E-04,5.03E-04,4.10E-04,6.86E-04,5.50E-04,3.99E-04,3.75E-04,2.75E-04,4.58E-04,3.45E-04,3.21E-04,3.04E-04,6.31E-05,2.72E-04,2.52E-04,2.15E-04,2.67E-04
2661,4.63E-04,5.55E-04,4.11E-04,5.41E-04,4.90E-04,4.00E-04,6.71E-04,5.36E-04,3.92E-04,3.62E-04,2.65E-04,4.44E-04,3.40E-04,3.17E-04,3.06E-04,6.23E-05,2.59E-04,2.46E-04,2.12E-04,2.57E-04
2662,4.40E-04,5.36E-04,3.94E-04,5.23E-04,4.78E-04,3.89E-04,6.55E-04,5.21E-04,3.85E-04,3.50E-04,2.54E-04,4.29E-04,3.36E-04,3.13E-04,3.07E-04,6.14E-05,2.45E-04,2.38E-04,2.09E-04,2.48E-04
2663,4.15E-04,5.15E-04,3.76E-04,5.06E-04,4.65E-04,3.78E-04,6.39E-04,5.06E-04,3.78E-04,3.38E-04,2.43E-04,4.14E-04,3.31E-04,3.10E-04,3.08E-04,6.06E-05,2.30E-04,2.31E-04,2.05E-04,2.39E-04
2664,3.91E-04,4.95E-04,3.59E-04,4.88E-04,4.52E-04,3.67E-04,6.23E-04,4.91E-04,3.71E-04,3.27E-04,2.31E-04,3.99E-04,3.26E-04,3.06E-04,3.08E-04,5.97E-05,2.14E-04,2.23E-04,2.02E-04,2.30E-04
2665,3.67E-04,4.73E-04,3.42E-04,4.70E-04,4.39E-04,3.55E-04,6.06E-04,4.75E-04,3.64E-04,3.16E-04,2.19E-04,3.82E-04,3.21E-04,3.04E-04,3.09E-04,5.88E-05,1.98E-04,2.15E-04,1.98E-04,2.22E-04
2666,3.43E-04,4.52E-04,3.24E-04,4.53E-04,4.27E-04,3.43E-04,5.88E-04,4.60E-04,3.58E-04,3.06E-04,2.07E-04,3.66E-04,3.15E-04,3.01E-04,3.09E-04,5.78E-05,1.81E-04,2.06E-04,1.94E-04,2.14E-04
2667,3.19E-04,4.30E-04,3.07E-04,4.35E-04,4.14E-04,3.31E-04,5.70E-04,4.44E-04,3.51E-04,2.96E-04,1.95E-04,3.49E-04,3.10E-04,2.99E-04,3.10E-04,5.65E-05,1.64E-04,1.97E-04,1.90E-04,2.06E-04
2668,2.95E-04,4.07E-04,2.91E-04,4.17E-04,4.01E-04,3.18E-04,5.52E-04,4.28E-04,3.45E-04,2.87E-04,1.82E-04,3.32E-04,3.04E-04,2.96E-04,3.10E-04,5.48E-05,1.47E-04,1.88E-04,1.86E-04,1.99E-04
2669,2.72E-04,3.85E-04,2.74E-04,4.00E-04,3.87E-04,3.05E-04,5.34E-04,4.13E-04,3.39E-04,2.77E-04,1.69E-04,3.15E-04,2.98E-04,2.94E-04,3.09E-04,5.26E-05,1.29E-04,1.78E-04,1.82E-04,1.91E-04
2670,2.48E-04,3.62E-04,2.57E-04,3.83E-04,3.74E-04,2.92E-04,5.15E-04,3.97E-04,3.33E-04,2.68E-04,1.56E-04,2.98E-04,2.92E-04,2.91E-04,3.09E-04,4.97E-05,1.12E-04,1.68E-04,1.77E-04,1.84E-04
2671,2.25E-04,3.39E-04,2.41E-04,3.65E-04,3.60E-04,2.78E-04,4.95E-04,3.81E-04,3.28E-04,2.58E-04,1.43E-04,2.82E-04,2.85E-04,2.88E-04,3.08E-04,4.60E-05,9.39E-05,1.57E-04,1.72E-04,1.76E-04
2672,2.02E-04,3.16E-04,2.25E-04,3.48E-04,3.46E-04,2.64E-04,4.75E-04,3.66E-04,3.22E-04,2.48E-04,1.29E-04,2.65E-04,2.77E-04,2.85E-04,3.06E-04,4.13E-05,7.61E-05,1.46E-04,1.66E-04,1.68E-04
2673,1.79E-04,2.93E-04,2.09E-04,3.31E-04,3.32E-04,2.49E-04,4.55E-04,3.51E-04,3.16E-04,2.38E-04,1.15E-04,2.48E-04,2.69E-04,2.80E-04,3.04E-04,3.55E-05,5.84E-05,1.35E-04,1.60E-04,1.60E-04
2674,1.56E-04,2.70E-04,1.94E-04,3.14E-04,3.17E-04,2.33E-04,4.35E-04,3.35E-04,3.11E-04,2.28E-04,1.01E-04,2.32E-04,2.61E-04,2.75E-04,3.01E-04,2.85E-05,4.07E-05,1.23E-04,1.54E-04,1.53E-04
2675,1.33E-04,2.47E-04,1.78E-04,2.96E-04,3.02E-04,2.17E-04,4.14E-04,3.20E-04,3.05E-04,2.16E-04,8.66E-05,2.16E-04,2.51E-04,2.69E-04,2.97E-04,2.02E-05,2.32E-05,1.11E-04,1.48E-04,1.45E-04
2676,1.11E-04,2.24E-04,1.63E-04,2.79E-04,2.87E-04,2.00E-04,3.94E-04,3.05E-04,3.00E-04,2.05E-04,7.15E-05,2.00E-04,2.41E-04,2.62E-04,2.92E-04,1.05E-05,5.91E-06,9.82E-05,1.41E-04,1.37E-04
2677,8.88E-05,2.01E-04,1.47E-04,2.62E-04,2.71E-04,1.83E-04,3.73E-04,2.90E-04,2.94E-04,1.93E-04,5.60E-05,1.84E-04,2.31E-04,2.53E-04,2.87E-04,-6.33E-07,-1.12E-05,8.56E-05,1.33E-04,1.29E-04
2678,6.70E-05,1.78E-04,1.32E-04,2.44E-04,2.55E-04,1.64E-04,3.52E-04,2.76E-04,2.87E-04,1.80E-04,3.98E-05,1.69E-04,2.19E-04,2.43E-04,2.80E-04,-1.32E-05,-2.81E-05,7.29E-05,1.26E-04,1.21E-04
2679,4.54E-05,1.56E-04,1.17E-04,2.26E-04,2.39E-04,1.45E-04,3.31E-04,2.61E-04,2.81E-04,1.67E-04,2.31E-05,1.54E-04,2.07E-04,2.32E-04,2.72E-04,-2.73E-05,-4.49E-05,6.00E-05,1.18E-04,1.13E-04
2680,2.42E-05,1.34E-04,1.02E-04,2.08E-04,2.22E-04,1.24E-04,3.10E-04,2.46E-04,2.73E-04,1.53E-04,5.66E-06,1.39E-04,1.94E-04,2.20E-04,2.63E-04,-4.27E-05,-6.14E-05,4.69E-05,1.09E-04,1.05E-04
2681,3.28E-06,1.12E-04,8.63E-05,1.89E-04,2.04E-04,1.03E-04,2.89E-04,2.31E-04,2.65E-04,1.39E-04,-1.25E-05,1.25E-04,1.80E-04,2.07E-04,2.52E-04,-5.97E-05,-7.78E-05,3.35E-05,1.00E-04,9.63E-05
2682,-1.74E-05,9.00E-05,7.09E-05,1.70E-04,1.86E-04,8.07E-05,2.68E-04,2.16E-04,2.56E-04,1.24E-04,-3.14E-05,1.10E-04,1.66E-04,1.92E-04,2.40E-04,-7.79E-05,-9.41E-05,1.99E-05,9.08E-05,8.77E-05
2683,-3.78E-05,6.86E-05,5.53E-05,1.49E-04,1.67E-04,5.70E-05,2.47E-04,2.00E-04,2.47E-04,1.08E-04,-5.11E-05,9.59E-05,1.50E-04,1.75E-04,2.27E-04,-9.75E-05,-1.10E-04,5.99E-06,8.09E-05,7.87E-05
2684,-5.80E-05,4.73E-05,3.93E-05,1.28E-04,1.47E-04,3.20E-05,2.26E-04,1.83E-04,2.36E-04,9.24E-05,-7.17E-05,8.16E-05,1.34E-04,1.58E-04,2.13E-04,-1.18E-04,-1.27E-04,-8.37E-06,7.04E-05,6.93E-05
2685,-7.82E-05,2.61E-05,2.29E-05,1.07E-04,1.26E-04,5.72E-06,2.04E-04,1.66E-04,2.24E-04,7.59E-05,-9.31E-05,6.72E-05,1.17E-04,1.40E-04,1.97E-04,-1.40E-04,-1.43E-04,-2.33E-05,5.93E-05,5.94E-05
2686,-9.83E-05,4.87E-06,6.04E-06,8.37E-05,1.03E-04,-2.19E-05,1.82E-04,1.47E-04,2.12E-04,5.87E-05,-1.15E-04,5.27E-05,9.96E-05,1.20E-04,1.80E-04,-1.63E-04,-1.60E-04,-3.87E-05,4.76E-05,4.90E-05
2687,-1.19E-04,-1.64E-05,-1.14E-05,5.98E-05,7.91E-05,-5.09E-05,1.60E-04,1.28E-04,1.98E-04,4.09E-05,-1.38E-04,3.80E-05,8.12E-05,9.95E-05,1.62E-04,-1.87E-04,-1.76E-04,-5.49E-05,3.52E-05,3.78E-05
2688,-1.39E-04,-3.77E-05,-2.94E-05,3.48E-05,5.36E-05,-8.11E-05,1.37E-04,1.07E-04,1.83E-04,2.26E-05,-1.62E-04,2.30E-05,6.22E-05,7.82E-05,1.43E-04,-2.11E-04,-1.93E-04,-7.17E-05,2.21E-05,2.61E-05
2689,-1.60E-04,-5.92E-05,-4.79E-05,8.76E-06,2.66E-05,-1.12E-04,1.14E-04,8.56E-05,1.67E-04,3.63E-06,-1.86E-04,7.74E-06,4.25E-05,5.62E-05,1.23E-04,-2.36E-04,-2.10E-04,-8.92E-05,8.29E-06,1.36E-05
2690,-1.80E-04,-8.08E-05,-6.71E-05,-1.81E-05,-1.79E-06,-1.45E-04,9.02E-05,6.29E-05,1.51E-04,-1.59E-05,-2.11E-04,-7.75E-06,2.24E-05,3.36E-05,1.01E-04,-2.62E-04,-2.28E-04,-1.07E-04,-6.14E-06,6.61E-07
2691,-2.02E-04,-1.02E-04,-8.68E-05,-4.58E-05,-3.14E-05,-1.78E-04,6.63E-05,3.94E-05,1.33E-04,-3.58E-05,-2.36E-04,-2.35E-05,1.86E-06,1.06E-05,7.93E-05,-2.88E-04,-2.45E-04,-1.26E-04,-2.12E-05,-1.28E-05
2692,-2.23E-04,-1.24E-04,-1.07E-04,-7.40E-05,-6.19E-05,-2.11E-04,4.22E-05,1.50E-05,1.15E-04,-5.63E-05,-2.61E-04,-3.93E-05,-1.89E-05,-1.28E-05,5.65E-05,-3.13E-04,-2.63E-04,-1.46E-04,-3.67E-05,-2.66E-05
2693,-2.44E-04,-1.46E-04,-1.28E-04,-1.02E-04,-9.32E-05,-2.45E-04,1.81E-05,-9.93E-06,9.70E-05,-7.70E-05,-2.86E-04,-5.52E-05,-3.99E-05,-3.63E-05,3.32E-05,-3.39E-04,-2.81E-04,-1.66E-04,-5.26E-05,-4.07E-05
2694,-2.66E-04,-1.67E-04,-1.48E-04,-1.31E-04,-1.25E-04,-2.79E-04,-5.82E-06,-3.52E-05,7.83E-05,-9.80E-05,-3.11E-04,-7.11E-05,-6.08E-05,-5.98E-05,9.62E-06,-3.64E-04,-2.98E-04,-1.86E-04,-6.88E-05,-5.47E-05
2695,-2.88E-04,-1.89E-04,-1.69E-04,-1.59E-04,-1.57E-04,-3.12E-04,-2.94E-05,-6.05E-05,5.94E-05,-1.19E-04,-3.35E-04,-8.67E-05,-8.16E-05,-8.33E-05,-1.42E-05,-3.89E-04,-3.16E-04,-2.06E-04,-8.52E-05,-6.86E-05
2696,-3.09E-04,-2.09E-04,-1.90E-04,-1.87E-04,-1.88E-04,-3.44E-04,-5.24E-05,-8.56E-05,4.07E-05,-1.40E-04,-3.59E-04,-1.02E-04,-1.02E-04,-1.06E-04,-3.79E-05,-4.13E-04,-3.33E-04,-2.27E-04,-1.02E-04,-8.21E-05
2697,-3.30E-04,-2.30E-04,-2.10E-04,-2.14E-04,-2.19E-04,-3.75E-04,-7.46E-05,-1.10E-04,2.20E-05,-1.61E-04,-3.82E-04,-1.17E-04,-1.22E-04,-1.29E-04,-6.16E-05,-4.37E-04,-3.49E-04,-2.47E-04,-1.18E-04,-9.51E-05
2698,-3.51E-04,-2.49E-04,-2.30E-04,-2.40E-04,-2.49E-04,-4.05E-04,-9.58E-05,-1.34E-04,3.73E-06,-1.82E-04,-4.05E-04,-1.31E-04,-1.42E-04,-1.52E-04,-8.50E-05,-4.59E-04,-3.66E-04,-2.67E-04,-1.34E-04,-1.07E-04
2699,-3.71E-04,-2.68E-04,-2.50E-04,-2.65E-04,-2.78E-04,-4.33E-04,-1.16E-04,-1.58E-04,-1.42E-05,-2.02E-04,-4.26E-04,-1.45E-04,-1.61E-04,-1.74E-04,-1.08E-04,-4.81E-04,-3.81E-04,-2.86E-04,-1.49E-04,-1.19E-04
2700,-3.90E-04,-2.86E-04,-2.68E-04,-2.89E-04,-3.05E-04,-4.59E-04,-1.35E-04,-1.80E-04,-3.18E-05,-2.23E-04,-4.47E-04,-1.58E-04,-1.79E-04,-1.95E-04,-1.31E-04,-5.01E-04,-3.97E-04,-3.05E-04,-1.64E-04,-1.30E-04
2701,-4.09E-04,-3.02E-04,-2.87E-04,-3.11E-04,-3.31E-04,-4.84E-04,-1.53E-04,-2.01E-04,-4.90E-05,-2.42E-04,-4.67E-04,-1.71E-04,-1.97E-04,-2.16E-04,-1.53E-04,-5.20E-04,-4.11E-04,-3.23E-04,-1.78E-04,-1.39E-04
2702,-4.27E-04,-3.18E-04,-3.04E-04,-3.32E-04,-3.56E-04,-5.07E-04,-1.70E-04,-2.21E-04,-6.58E-05,-2.61E-04,-4.87E-04,-1.82E-04,-2.15E-04,-2.36E-04,-1.74E-04,-5.39E-04,-4.25E-04,-3.41E-04,-1.92E-04,-1.48E-04
2703,-4.44E-04,-3.34E-04,-3.21E-04,-3.53E-04,-3.79E-04,-5.28E-04,-1.85E-04,-2.41E-04,-8.23E-05,-2.80E-04,-5.06E-04,-1.94E-04,-2.31E-04,-2.56E-04,-1.95E-04,-5.56E-04,-4.39E-04,-3.58E-04,-2.05E-04,-1.56E-04
2704,-4.60E-04,-3.48E-04,-3.38E-04,-3.72E-04,-4.01E-04,-5.47E-04,-2.00E-04,-2.60E-04,-9.87E-05,-2.98E-04,-5.24E-04,-2.04E-04,-2.48E-04,-2.75E-04,-2.16E-04,-5.72E-04,-4.52E-04,-3.74E-04,-2.18E-04,-1.64E-04
2705,-4.76E-04,-3.62E-04,-3.54E-04,-3.91E-04,-4.21E-04,-5.66E-04,-2.15E-04,-2.78E-04,-1.15E-04,-3.16E-04,-5.42E-04,-2.14E-04,-2.64E-04,-2.94E-04,-2.35E-04,-5.87E-04,-4.65E-04,-3.91E-04,-2.30E-04,-1.71E-04
2706,-4.92E-04,-3.76E-04,-3.70E-04,-4.09E-04,-4.41E-04,-5.83E-04,-2.28E-04,-2.96E-04,-1.31E-04,-3.33E-04,-5.60E-04,-2.25E-04,-2.79E-04,-3.13E-04,-2.55E-04,-6.01E-04,-4.78E-04,-4.07E-04,-2.41E-04,-1.77E-04
2707,-5.07E-04,-3.89E-04,-3.86E-04,-4.27E-04,-4.61E-04,-6.00E-04,-2.42E-04,-3.14E-04,-1.48E-04,-3.51E-04,-5.78E-04,-2.35E-04,-2.95E-04,-3.31E-04,-2.74E-04,-6.15E-04,-4.91E-04,-4.22E-04,-2.53E-04,-1.83E-04
2708,-5.21E-04,-4.03E-04,-4.02E-04,-4.46E-04,-4.80E-04,-6.16E-04,-2.56E-04,-3.33E-04,-1.65E-04,-3.68E-04,-5.97E-04,-2.45E-04,-3.10E-04,-3.48E-04,-2.93E-04,-6.27E-04,-5.04E-04,-4.38E-04,-2.63E-04,-1.89E-04
2709,-5.36E-04,-4.17E-04,-4.18E-04,-4.64E-04,-5.00E-04,-6.31E-04,-2.70E-04,-3.52E-04,-1.82E-04,-3.85E-04,-6.15E-04,-2.55E-04,-3.26E-04,-3.66E-04,-3.11E-04,-6.40E-04,-5.17E-04,-4.54E-04,-2.74E-04,-1.96E-04
2710,-5.52E-04,-4.31E-04,-4.35E-04,-4.84E-04,-5.20E-04,-6.47E-04,-2.85E-04,-3.71E-04,-2.00E-04,-4.03E-04,-6.34E-04,-2.66E-04,-3.41E-04,-3.83E-04,-3.29E-04,-6.51E-04,-5.31E-04,-4.70E-04,-2.84E-04,-2.02E-04
2711,-5.67E-04,-4.45E-04,-4.52E-04,-5.04E-04,-5.40E-04,-6.63E-04,-3.01E-04,-3.92E-04,-2.19E-04,-4.20E-04,-6.53E-04,-2.78E-04,-3.57E-04,-4.00E-04,-3.46E-04,-6.62E-04,-5.46E-04,-4.87E-04,-2.95E-04,-2.09E-04
2712,-5.83E-04,-4.60E-04,-4.70E-04,-5.25E-04,-5.61E-04,-6.80E-04,-3.17E-04,-4.13E-04,-2.38E-04,-4.38E-04,-6.73E-04,-2.90E-04,-3.73E-04,-4.16E-04,-3.63E-04,-6.72E-04,-5.61E-04,-5.03E-04,-3.05E-04,-2.16E-04
2713,-5.99E-04,-4.76E-04,-4.89E-04,-5.46E-04,-5.82E-04,-6.96E-04,-3.34E-04,-4.35E-04,-2.57E-04,-4.55E-04,-6.92E-04,-3.03E-04,-3.88E-04,-4.32E-04,-3.80E-04,-6.82E-04,-5.76E-04,-5.20E-04,-3.15E-04,-2.23E-04
2714,-6.16E-04,-4.92E-04,-5.08E-04,-5.68E-04,-6.04E-04,-7.12E-04,-3.51E-04,-4.57E-04,-2.76E-04,-4.73E-04,-7.11E-04,-3.16E-04,-4.04E-04,-4.47E-04,-3.95E-04,-6.91E-04,-5.92E-04,-5.36E-04,-3.25E-04,-2.31E-04
2715,-6.33E-04,-5.08E-04,-5.27E-04,-5.89E-04,-6.25E-04,-7.29E-04,-3.69E-04,-4.80E-04,-2.96E-04,-4.91E-04,-7.30E-04,-3.29E-04,-4.19E-04,-4.62E-04,-4.10E-04,-6.99E-04,-6.08E-04,-5.53E-04,-3.35E-04,-2.38E-04
2716,-6.50E-04,-5.24E-04,-5.46E-04,-6.11E-04,-6.47E-04,-7.45E-04,-3.87E-04,-5.03E-04,-3.15E-04,-5.08E-04,-7.49E-04,-3.43E-04,-4.34E-04,-4.75E-04,-4.24E-04,-7.07E-04,-6.25E-04,-5.69E-04,-3.44E-04,-2.46E-04
2717,-6.67E-04,-5.40E-04,-5.65E-04,-6.32E-04,-6.67E-04,-7.60E-04,-4.05E-04,-5.25E-04,-3.33E-04,-5.26E-04,-7.66E-04,-3.57E-04,-4.48E-04,-4.88E-04,-4.37E-04,-7.14E-04,-6.41E-04,-5.85E-04,-3.53E-04,-2.53E-04
2718,-6.83E-04,-5.55E-04,-5.83E-04,-6.52E-04,-6.87E-04,-7.73E-04,-4.22E-04,-5.46E-04,-3.51E-04,-5.42E-04,-7.82E-04,-3.70E-04,-4.61E-04,-4.99E-04,-4.48E-04,-7.20E-04,-6.56E-04,-6.00E-04,-3.61E-04,-2.61E-04
2719,-6.99E-04,-5.70E-04,-6.00E-04,-6.70E-04,-7.05E-04,-7.86E-04,-4.38E-04,-5.66E-04,-3.67E-04,-5.58E-04,-7.97E-04,-3.82E-04,-4.73E-04,-5.10E-04,-4.59E-04,-7.25E-04,-6.71E-04,-6.14E-04,-3.69E-04,-2.67E-04
2720,-7.13E-04,-5.83E-04,-6.16E-04,-6.86E-04,-7.20E-04,-7.96E-04,-4.52E-04,-5.84E-04,-3.82E-04,-5.73E-04,-8.09E-04,-3.94E-04,-4.83E-04,-5.18E-04,-4.67E-04,-7.29E-04,-6.84E-04,-6.27E-04,-3.75E-04,-2.73E-04
2721,-7.26E-04,-5.95E-04,-6.30E-04,-7.00E-04,-7.33E-04,-8.04E-04,-4.64E-04,-5.99E-04,-3.94E-04,-5.87E-04,-8.20E-04,-4.04E-04,-4.92E-04,-5.26E-04,-4.74E-04,-7.31E-04,-6.96E-04,-6.38E-04,-3.81E-04,-2.78E-04
2722,-7.37E-04,-6.05E-04,-6.43E-04,-7.11E-04,-7.44E-04,-8.09E-04,-4.74E-04,-6.12E-04,-4.05E-04,-5.99E-04,-8.28E-04,-4.12E-04,-5.00E-04,-5.31E-04,-4.79E-04,-7.33E-04,-7.06E-04,-6.48E-04,-3.85E-04,-2.82E-04
2723,-7.46E-04,-6.13E-04,-6.53E-04,-7.18E-04,-7.50E-04,-8.11E-04,-4.81E-04,-6.22E-04,-4.13E-04,-6.10E-04,-8.33E-04,-4.19E-04,-5.05E-04,-5.35E-04,-4.82E-04,-7.33E-04,-7.14E-04,-6.55E-04,-3.88E-04,-2.84E-04
2724,-7.53E-04,-6.18E-04,-6.60E-04,-7.23E-04,-7.54E-04,-8.10E-04,-4.85E-04,-6.28E-04,-4.19E-04,-6.19E-04,-8.36E-04,-4.24E-04,-5.09E-04,-5.37E-04,-4.84E-04,-7.32E-04,-7.20E-04,-6.61E-04,-3.90E-04,-2.86E-04
2725,-7.57E-04,-6.21E-04,-6.65E-04,-7.24E-04,-7.54E-04,-8.06E-04,-4.87E-04,-6.31E-04,-4.22E-04,-6.27E-04,-8.36E-04,-4.26E-04,-5.11E-04,-5.37E-04,-4.83E-04,-7.30E-04,-7.24E-04,-6.64E-04,-3.90E-04,-2.86E-04
2726,-7.58E-04,-6.22E-04,-6.68E-04,-7.21E-04,-7.50E-04,-7.99E-04,-4.85E-04,-6.31E-04,-4.23E-04,-6.33E-04,-8.34E-04,-4.26E-04,-5.10E-04,-5.35E-04,-4.81E-04,-7.26E-04,-7.24E-04,-6.65E-04,-3.89E-04,-2.86E-04
2727,-7.57E-04,-6.20E-04,-6.68E-04,-7.15E-04,-7.43E-04,-7.89E-04,-4.81E-04,-6.28E-04,-4.22E-04,-6.37E-04,-8.29E-04,-4.24E-04,-5.08E-04,-5.32E-04,-4.77E-04,-7.22E-04,-7.23E-04,-6.64E-04,-3.86E-04,-2.84E-04
2728,-7.53E-04,-6.15E-04,-6.65E-04,-7.07E-04,-7.33E-04,-7.76E-04,-4.74E-04,-6.22E-04,-4.18E-04,-6.40E-04,-8.21E-04,-4.20E-04,-5.04E-04,-5.27E-04,-4.72E-04,-7.16E-04,-7.19E-04,-6.61E-04,-3.82E-04,-2.82E-04
2729,-7.46E-04,-6.09E-04,-6.60E-04,-6.95E-04,-7.20E-04,-7.62E-04,-4.64E-04,-6.14E-04,-4.12E-04,-6.41E-04,-8.12E-04,-4.13E-04,-4.98E-04,-5.21E-04,-4.65E-04,-7.10E-04,-7.12E-04,-6.56E-04,-3.77E-04,-2.79E-04
2730,-7.37E-04,-6.00E-04,-6.53E-04,-6.82E-04,-7.05E-04,-7.45E-04,-4.52E-04,-6.03E-04,-4.05E-04,-6.42E-04,-8.00E-04,-4.05E-04,-4.91E-04,-5.13E-04,-4.57E-04,-7.03E-04,-7.04E-04,-6.49E-04,-3.71E-04,-2.76E-04
2731,-7.26E-04,-5.90E-04,-6.44E-04,-6.66E-04,-6.88E-04,-7.27E-04,-4.39E-04,-5.91E-04,-3.96E-04,-6.41E-04,-7.87E-04,-3.95E-04,-4.82E-04,-5.04E-04,-4.48E-04,-6.95E-04,-6.93E-04,-6.41E-04,-3.64E-04,-2.72E-04
2732,-7.13E-04,-5.78E-04,-6.34E-04,-6.49E-04,-6.70E-04,-7.08E-04,-4.24E-04,-5.77E-04,-3.86E-04,-6.39E-04,-7.73E-04,-3.83E-04,-4.72E-04,-4.95E-04,-4.38E-04,-6.87E-04,-6.81E-04,-6.31E-04,-3.56E-04,-2.69E-04
2733,-6.99E-04,-5.65E-04,-6.22E-04,-6.31E-04,-6.51E-04,-6.89E-04,-4.08E-04,-5.63E-04,-3.75E-04,-6.37E-04,-7.57E-04,-3.71E-04,-4.61E-04,-4.84E-04,-4.27E-04,-6.78E-04,-6.67E-04,-6.20E-04,-3.48E-04,-2.66E-04
2734,-6.84E-04,-5.52E-04,-6.10E-04,-6.13E-04,-6.32E-04,-6.69E-04,-3.92E-04,-5.48E-04,-3.63E-04,-6.35E-04,-7.41E-04,-3.57E-04,-4.48E-04,-4.73E-04,-4.15E-04,-6.69E-04,-6.52E-04,-6.08E-04,-3.40E-04,-2.63E-04
2735,-6.68E-04,-5.38E-04,-5.97E-04,-5.94E-04,-6.12E-04,-6.50E-04,-3.75E-04,-5.33E-04,-3.51E-04,-6.32E-04,-7.24E-04,-3.43E-04,-4.36E-04,-4.61E-04,-4.03E-04,-6.60E-04,-6.36E-04,-5.96E-04,-3.31E-04,-2.60E-04
2736,-6.51E-04,-5.23E-04,-5.84E-04,-5.75E-04,-5.93E-04,-6.31E-04,-3.58E-04,-5.18E-04,-3.39E-04,-6.30E-04,-7.07E-04,-3.28E-04,-4.22E-04,-4.49E-04,-3.90E-04,-6.51E-04,-6.20E-04,-5.82E-04,-3.22E-04,-2.58E-04
2737,-6.33E-04,-5.09E-04,-5.71E-04,-5.56E-04,-5.74E-04,-6.12E-04,-3.41E-04,-5.03E-04,-3.27E-04,-6.27E-04,-6.89E-04,-3.13E-04,-4.08E-04,-4.37E-04,-3.77E-04,-6.41E-04,-6.02E-04,-5.68E-04,-3.13E-04,-2.57E-04
2738,-6.16E-04,-4.94E-04,-5.58E-04,-5.38E-04,-5.56E-04,-5.94E-04,-3.25E-04,-4.88E-04,-3.14E-04,-6.25E-04,-6.71E-04,-2.98E-04,-3.94E-04,-4.25E-04,-3.63E-04,-6.32E-04,-5.85E-04,-5.53E-04,-3.04E-04,-2.56E-04
2739,-5.98E-04,-4.80E-04,-5.45E-04,-5.19E-04,-5.38E-04,-5.77E-04,-3.08E-04,-4.74E-04,-3.02E-04,-6.23E-04,-6.52E-04,-2.82E-04,-3.79E-04,-4.12E-04,-3.50E-04,-6.23E-04,-5.67E-04,-5.38E-04,-2.95E-04,-2.57E-04
2740,-5.80E-04,-4.66E-04,-5.32E-04,-5.01E-04,-5.21E-04,-5.61E-04,-2.92E-04,-4.59E-04,-2.90E-04,-6.21E-04,-6.34E-04,-2.66E-04,-3.64E-04,-4.00E-04,-3.36E-04,-6.14E-04,-5.49E-04,-5.22E-04,-2.87E-04,-2.57E-04
2741,-5.63E-04,-4.51E-04,-5.19E-04,-4.83E-04,-5.04E-04,-5.45E-04,-2.75E-04,-4.45E-04,-2.78E-04,-6.19E-04,-6.15E-04,-2.51E-04,-3.49E-04,-3.87E-04,-3.22E-04,-6.05E-04,-5.30E-04,-5.06E-04,-2.78E-04,-2.59E-04
2742,-5.45E-04,-4.37E-04,-5.06E-04,-4.65E-04,-4.87E-04,-5.29E-04,-2.59E-04,-4.30E-04,-2.66E-04,-6.18E-04,-5.96E-04,-2.35E-04,-3.33E-04,-3.75E-04,-3.08E-04,-5.97E-04,-5.12E-04,-4.89E-04,-2.70E-04,-2.61E-04
2743,-5.27E-04,-4.23E-04,-4.93E-04,-4.47E-04,-4.71E-04,-5.14E-04,-2.42E-04,-4.15E-04,-2.54E-04,-6.16E-04,-5.76E-04,-2.18E-04,-3.17E-04,-3.62E-04,-2.94E-04,-5.89E-04,-4.93E-04,-4.72E-04,-2.61E-04,-2.64E-04
2744,-5.09E-04,-4.09E-04,-4.79E-04,-4.28E-04,-4.54E-04,-4.98E-04,-2.25E-04,-3.99E-04,-2.42E-04,-6.14E-04,-5.56E-04,-2.02E-04,-3.01E-04,-3.50E-04,-2.80E-04,-5.80E-04,-4.74E-04,-4.55E-04,-2.53E-04,-2.67E-04
2745,-4.90E-04,-3.95E-04,-4.66E-04,-4.08E-04,-4.36E-04,-4.82E-04,-2.07E-04,-3.83E-04,-2.29E-04,-6.13E-04,-5.36E-04,-1.85E-04,-2.85E-04,-3.37E-04,-2.66E-04,-5.72E-04,-4.55E-04,-4.37E-04,-2.45E-04,-2.71E-04
2746,-4.72E-04,-3.80E-04,-4.51E-04,-3.88E-04,-4.19E-04,-4.65E-04,-1.89E-04,-3.65E-04,-2.16E-04,-6.11E-04,-5.16E-04,-1.68E-04,-2.69E-04,-3.25E-04,-2.52E-04,-5.64E-04,-4.35E-04,-4.19E-04,-2.38E-04,-2.76E-04
2747,-4.53E-04,-3.65E-04,-4.37E-04,-3.68E-04,-4.00E-04,-4.48E-04,-1.69E-04,-3.46E-04,-2.02E-04,-6.09E-04,-4.95E-04,-1.50E-04,-2.53E-04,-3.13E-04,-2.38E-04,-5.57E-04,-4.15E-04,-4.01E-04,-2.30E-04,-2.80E-04
2748,-4.33E-04,-3.50E-04,-4.21E-04,-3.46E-04,-3.81E-04,-4.31E-04,-1.49E-04,-3.26E-04,-1.87E-04,-6.07E-04,-4.74E-04,-1.32E-04,-2.36E-04,-3.01E-04,-2.25E-04,-5.49E-04,-3.95E-04,-3.83E-04,-2.22E-04,-2.86E-04
2749,-4.13E-04,-3.34E-04,-4.05E-04,-3.24E-04,-3.62E-04,-4.12E-04,-1.29E-04,-3.06E-04,-1.73E-04,-6.04E-04,-4.53E-04,-1.14E-04,-2.20E-04,-2.89E-04,-2.11E-04,-5.42E-04,-3.75E-04,-3.64E-04,-2.15E-04,-2.91E-04
2750,-3.93E-04,-3.18E-04,-3.88E-04,-3.02E-04,-3.42E-04,-3.94E-04,-1.08E-04,-2.84E-04,-1.57E-04,-6.01E-04,-4.31E-04,-9.56E-05,-2.04E-04,-2.78E-04,-1.98E-04,-5.34E-04,-3.54E-04,-3.46E-04,-2.07E-04,-2.98E-04
2751,-3.72E-04,-3.01E-04,-3.71E-04,-2.79E-04,-3.22E-04,-3.75E-04,-8.60E-05,-2.62E-04,-1.42E-04,-5.97E-04,-4.10E-04,-7.72E-05,-1.88E-04,-2.66E-04,-1.84E-04,-5.27E-04,-3.34E-04,-3.27E-04,-2.00E-04,-3.04E-04
2752,-3.51E-04,-2.84E-04,-3.53E-04,-2.56E-04,-3.02E-04,-3.55E-04,-6.42E-05,-2.40E-04,-1.26E-04,-5.93E-04,-3.89E-04,-5.89E-05,-1.72E-04,-2.55E-04,-1.71E-04,-5.19E-04,-3.14E-04,-3.09E-04,-1.92E-04,-3.10E-04
2753,-3.29E-04,-2.67E-04,-3.35E-04,-2.33E-04,-2.81E-04,-3.36E-04,-4.24E-05,-2.17E-04,-1.10E-04,-5.89E-04,-3.68E-04,-4.09E-05,-1.56E-04,-2.44E-04,-1.58E-04,-5.10E-04,-2.95E-04,-2.90E-04,-1.85E-04,-3.17E-04
2754,-3.08E-04,-2.50E-04,-3.16E-04,-2.10E-04,-2.61E-04,-3.17E-04,-2.08E-05,-1.95E-04,-9.41E-05,-5.84E-04,-3.48E-04,-2.34E-05,-1.40E-04,-2.34E-04,-1.45E-04,-5.02E-04,-2.76E-04,-2.72E-04,-1.78E-04,-3.23E-04
2755,-2.86E-04,-2.33E-04,-2.98E-04,-1.87E-04,-2.41E-04,-2.97E-04,3.73E-07,-1.74E-04,-7.86E-05,-5.80E-04,-3.28E-04,-6.43E-06,-1.24E-04,-2.23E-04,-1.31E-04,-4.92E-04,-2.58E-04,-2.54E-04,-1.70E-04,-3.29E-04
2756,-2.65E-04,-2.16E-04,-2.79E-04,-1.65E-04,-2.22E-04,-2.78E-04,2.10E-05,-1.53E-04,-6.36E-05,-5.74E-04,-3.08E-04,9.77E-06,-1.09E-04,-2.12E-04,-1.17E-04,-4.82E-04,-2.40E-04,-2.37E-04,-1.62E-04,-3.35E-04
2757,-2.43E-04,-1.99E-04,-2.60E-04,-1.42E-04,-2.02E-04,-2.59E-04,4.10E-05,-1.33E-04,-4.91E-05,-5.69E-04,-2.89E-04,2.51E-05,-9.35E-05,-2.01E-04,-1.03E-04,-4.70E-04,-2.24E-04,-2.19E-04,-1.54E-04,-3.40E-04
2758,-2.22E-04,-1.82E-04,-2.41E-04,-1.21E-04,-1.83E-04,-2.41E-04,6.01E-05,-1.15E-04,-3.54E-05,-5.63E-04,-2.71E-04,3.95E-05,-7.81E-05,-1.90E-04,-8.78E-05,-4.58E-04,-2.09E-04,-2.02E-04,-1.45E-04,-3.44E-04
2759,-2.01E-04,-1.66E-04,-2.23E-04,-9.92E-05,-1.65E-04,-2.22E-04,7.86E-05,-9.70E-05,-2.24E-05,-5.57E-04,-2.53E-04,5.29E-05,-6.26E-05,-1.79E-04,-7.20E-05,-4.44E-04,-1.95E-04,-1.85E-04,-1.36E-04,-3.47E-04
2760,-1.80E-04,-1.50E-04,-2.04E-04,-7.79E-05,-1.46E-04,-2.03E-04,9.62E-05,-8.05E-05,-1.03E-05,-5.51E-04,-2.36E-04,6.53E-05,-4.69E-05,-1.68E-04,-5.53E-05,-4.28E-04,-1.83E-04,-1.68E-04,-1.27E-04,-3.48E-04
2761,-1.59E-04,-1.34E-04,-1.86E-04,-5.67E-05,-1.28E-04,-1.84E-04,1.13E-04,-6.49E-05,1.06E-06,-5.44E-04,-2.19E-04,7.67E-05,-3.10E-05,-1.56E-04,-3.76E-05,-4.11E-04,-1.71E-04,-1.51E-04,-1.16E-04,-3.48E-04
2762,-1.38E-04,-1.18E-04,-1.67E-04,-3.55E-05,-1.09E-04,-1.65E-04,1.30E-04,-5.02E-05,1.16E-05,-5.36E-04,-2.03E-04,8.73E-05,-1.49E-05,-1.43E-04,-1.88E-05,-3.93E-04,-1.61E-04,-1.34E-04,-1.05E-04,-3.46E-04
2763,-1.18E-04,-1.02E-04,-1.49E-04,-1.40E-05,-8.99E-05,-1.45E-04,1.46E-04,-3.60E-05,2.14E-05,-5.29E-04,-1.86E-04,9.70E-05,1.60E-06,-1.30E-04,8.89E-07,-3.72E-04,-1.52E-04,-1.17E-04,-9.29E-05,-3.43E-04
2764,-9.67E-05,-8.71E-05,-1.30E-04,7.74E-06,-7.03E-05,-1.25E-04,1.61E-04,-2.23E-05,3.06E-05,-5.21E-04,-1.70E-04,1.06E-04,1.84E-05,-1.16E-04,2.16E-05,-3.51E-04,-1.43E-04,-9.93E-05,-8.02E-05,-3.38E-04
2765,-7.60E-05,-7.21E-05,-1.12E-04,2.99E-05,-5.00E-05,-1.04E-04,1.77E-04,-8.84E-06,3.93E-05,-5.12E-04,-1.54E-04,1.15E-04,3.55E-05,-1.01E-04,4.30E-05,-3.28E-04,-1.35E-04,-8.19E-05,-6.68E-05,-3.31E-04
2766,-5.54E-05,-5.74E-05,-9.36E-05,5.23E-05,-2.90E-05,-8.20E-05,1.92E-04,4.58E-06,4.74E-05,-5.03E-04,-1.38E-04,1.23E-04,5.27E-05,-8.55E-05,6.52E-05,-3.04E-04,-1.28E-04,-6.46E-05,-5.28E-05,-3.23E-04
2767,-3.50E-05,-4.31E-05,-7.54E-05,7.50E-05,-7.53E-06,-5.97E-05,2.07E-04,1.80E-05,5.52E-05,-4.94E-04,-1.22E-04,1.31E-04,7.01E-05,-6.96E-05,8.77E-05,-2.79E-04,-1.21E-04,-4.74E-05,-3.84E-05,-3.13E-04
2768,-1.50E-05,-2.94E-05,-5.74E-05,9.78E-05,1.43E-05,-3.71E-05,2.22E-04,3.16E-05,6.27E-05,-4.85E-04,-1.06E-04,1.38E-04,8.74E-05,-5.34E-05,1.10E-04,-2.54E-04,-1.15E-04,-3.04E-05,-2.38E-05,-3.03E-04
2769,4.57E-06,-1.64E-05,-3.97E-05,1.20E-04,3.64E-05,-1.43E-05,2.36E-04,4.53E-05,6.99E-05,-4.76E-04,-9.08E-05,1.45E-04,1.04E-04,-3.69E-05,1.33E-04,-2.29E-04,-1.09E-04,-1.38E-05,-9.22E-06,-2.92E-04
2770,2.33E-05,-4.29E-06,-2.27E-05,1.42E-04,5.82E-05,8.30E-06,2.50E-04,5.89E-05,7.68E-05,-4.66E-04,-7.55E-05,1.52E-04,1.21E-04,-2.05E-05,1.54E-04,-2.04E-04,-1.03E-04,2.14E-06,5.04E-06,-2.80E-04
2771,4.11E-05,6.69E-06,-6.44E-06,1.64E-04,7.93E-05,3.03E-05,2.63E-04,7.23E-05,8.35E-05,-4.58E-04,-6.08E-05,1.59E-04,1.37E-04,-4.42E-06,1.75E-04,-1.80E-04,-9.72E-05,1.73E-05,1.87E-05,-2.69E-04
2772,5.74E-05,1.63E-05,8.68E-06,1.83E-04,9.94E-05,5.12E-05,2.76E-04,8.53E-05,8.98E-05,-4.49E-04,-4.67E-05,1.65E-04,1.52E-04,1.11E-05,1.95E-04,-1.57E-04,-9.19E-05,3.13E-05,3.16E-05,-2.59E-04
2773,7.22E-05,2.43E-05,2.24E-05,2.01E-04,1.18E-04,7.06E-05,2.87E-04,9.75E-05,9.58E-05,-4.42E-04,-3.35E-05,1.70E-04,1.66E-04,2.58E-05,2.12E-04,-1.36E-04,-8.70E-05,4.41E-05,4.33E-05,-2.50E-04
2774,8.50E-05,3.06E-05,3.45E-05,2.17E-04,1.34E-04,8.81E-05,2.96E-04,1.09E-04,1.01E-04,-4.35E-04,-2.12E-05,1.75E-04,1.79E-04,3.95E-05,2.28E-04,-1.16E-04,-8.26E-05,5.54E-05,5.38E-05,-2.41E-04
2775,9.57E-05,3.48E-05,4.46E-05,2.30E-04,1.48E-04,1.03E-04,3.04E-04,1.19E-04,1.06E-04,-4.29E-04,-1.00E-05,1.79E-04,1.90E-04,5.18E-05,2.42E-04,-9.85E-05,-7.89E-05,6.51E-05,6.28E-05,-2.35E-04
2776,1.04E-04,3.70E-05,5.26E-05,2.40E-04,1.60E-04,1.16E-04,3.09E-04,1.27E-04,1.10E-04,-4.25E-04,-3.12E-08,1.82E-04,2.00E-04,6.28E-05,2.54E-04,-8.30E-05,-7.59E-05,7.30E-05,7.03E-05,-2.29E-04
2777,1.10E-04,3.69E-05,5.83E-05,2.47E-04,1.68E-04,1.26E-04,3.13E-04,1.33E-04,1.14E-04,-4.21E-04,8.68E-06,1.84E-04,2.09E-04,7.21E-05,2.63E-04,-6.99E-05,-7.39E-05,7.91E-05,7.61E-05,-2.26E-04
2778,1.13E-04,3.48E-05,6.17E-05,2.51E-04,1.73E-04,1.33E-04,3.14E-04,1.38E-04,1.16E-04,-4.19E-04,1.61E-05,1.84E-04,2.15E-04,7.99E-05,2.71E-04,-5.90E-05,-7.29E-05,8.35E-05,8.04E-05,-2.24E-04
2779,1.14E-04,3.05E-05,6.27E-05,2.52E-04,1.75E-04,1.37E-04,3.13E-04,1.40E-04,1.18E-04,-4.18E-04,2.24E-05,1.83E-04,2.21E-04,8.60E-05,2.76E-04,-5.04E-05,-7.30E-05,8.61E-05,8.33E-05,-2.24E-04
2780,1.12E-04,2.45E-05,6.15E-05,2.50E-04,1.75E-04,1.39E-04,3.09E-04,1.41E-04,1.19E-04,-4.19E-04,2.75E-05,1.81E-04,2.25E-04,9.07E-05,2.79E-04,-4.37E-05,-7.42E-05,8.73E-05,8.50E-05,-2.25E-04
2781,1.08E-04,1.67E-05,5.82E-05,2.45E-04,1.71E-04,1.39E-04,3.04E-04,1.39E-04,1.19E-04,-4.19E-04,3.18E-05,1.78E-04,2.27E-04,9.41E-05,2.81E-04,-3.87E-05,-7.65E-05,8.71E-05,8.57E-05,-2.27E-04
2782,1.02E-04,7.73E-06,5.32E-05,2.39E-04,1.66E-04,1.37E-04,2.97E-04,1.36E-04,1.18E-04,-4.21E-04,3.53E-05,1.73E-04,2.29E-04,9.64E-05,2.82E-04,-3.52E-05,-7.99E-05,8.59E-05,8.56E-05,-2.29E-04
2783,9.52E-05,-2.22E-06,4.68E-05,2.30E-04,1.59E-04,1.33E-04,2.88E-04,1.32E-04,1.17E-04,-4.23E-04,3.83E-05,1.67E-04,2.31E-04,9.78E-05,2.81E-04,-3.28E-05,-8.42E-05,8.39E-05,8.52E-05,-2.32E-04
2784,8.70E-05,-1.27E-05,3.93E-05,2.21E-04,1.52E-04,1.30E-04,2.79E-04,1.26E-04,1.15E-04,-4.25E-04,4.12E-05,1.61E-04,2.32E-04,9.87E-05,2.80E-04,-3.11E-05,-8.93E-05,8.15E-05,8.48E-05,-2.34E-04
2785,7.83E-05,-2.33E-05,3.13E-05,2.12E-04,1.43E-04,1.26E-04,2.69E-04,1.20E-04,1.13E-04,-4.27E-04,4.41E-05,1.54E-04,2.33E-04,9.94E-05,2.79E-04,-2.98E-05,-9.49E-05,7.91E-05,8.46E-05,-2.36E-04
2786,6.93E-05,-3.36E-05,2.32E-05,2.02E-04,1.36E-04,1.23E-04,2.60E-04,1.15E-04,1.10E-04,-4.28E-04,4.72E-05,1.47E-04,2.34E-04,1.00E-04,2.78E-04,-2.85E-05,-1.01E-04,7.69E-05,8.50E-05,-2.36E-04
2787,6.07E-05,-4.34E-05,1.53E-05,1.94E-04,1.29E-04,1.20E-04,2.50E-04,1.09E-04,1.08E-04,-4.28E-04,5.09E-05,1.39E-04,2.35E-04,1.01E-04,2.78E-04,-2.69E-05,-1.07E-04,7.51E-05,8.63E-05,-2.36E-04
2788,5.27E-05,-5.22E-05,7.98E-06,1.87E-04,1.23E-04,1.20E-04,2.42E-04,1.05E-04,1.06E-04,-4.28E-04,5.52E-05,1.32E-04,2.37E-04,1.03E-04,2.78E-04,-2.49E-05,-1.13E-04,7.42E-05,8.85E-05,-2.33E-04
2789,4.56E-05,-5.99E-05,1.62E-06,1.81E-04,1.19E-04,1.21E-04,2.34E-04,1.01E-04,1.05E-04,-4.26E-04,6.02E-05,1.25E-04,2.40E-04,1.05E-04,2.78E-04,-2.24E-05,-1.18E-04,7.41E-05,9.19E-05,-2.30E-04
2790,3.96E-05,-6.63E-05,-3.61E-06,1.77E-04,1.17E-04,1.23E-04,2.28E-04,9.85E-05,1.03E-04,-4.23E-04,6.61E-05,1.19E-04,2.43E-04,1.09E-04,2.80E-04,-1.91E-05,-1.23E-04,7.51E-05,9.64E-05,-2.24E-04
2791,3.47E-05,-7.14E-05,-7.62E-06,1.75E-04,1.16E-04,1.28E-04,2.23E-04,9.74E-05,1.03E-04,-4.19E-04,7.26E-05,1.14E-04,2.47E-04,1.13E-04,2.82E-04,-1.52E-05,-1.27E-04,7.71E-05,1.02E-04,-2.17E-04
2792,3.10E-05,-7.53E-05,-1.04E-05,1.75E-04,1.18E-04,1.34E-04,2.19E-04,9.76E-05,1.03E-04,-4.14E-04,7.98E-05,1.10E-04,2.52E-04,1.17E-04,2.85E-04,-1.09E-05,-1.30E-04,8.01E-05,1.09E-04,-2.08E-04
2793,2.83E-05,-7.81E-05,-1.20E-05,1.76E-04,1.20E-04,1.41E-04,2.17E-04,9.91E-05,1.03E-04,-4.08E-04,8.75E-05,1.06E-04,2.57E-04,1.23E-04,2.87E-04,-6.19E-06,-1.32E-04,8.39E-05,1.16E-04,-1.99E-04
2794,2.64E-05,-8.01E-05,-1.27E-05,1.79E-04,1.24E-04,1.49E-04,2.15E-04,1.01E-04,1.04E-04,-4.01E-04,9.53E-05,1.04E-04,2.63E-04,1.28E-04,2.90E-04,-1.47E-06,-1.33E-04,8.83E-05,1.24E-04,-1.88E-04
2795,2.49E-05,-8.15E-05,-1.27E-05,1.82E-04,1.28E-04,1.57E-04,2.13E-04,1.04E-04,1.05E-04,-3.94E-04,1.03E-04,1.02E-04,2.68E-04,1.34E-04,2.93E-04,3.00E-06,-1.33E-04,9.32E-05,1.32E-04,-1.77E-04
2796,2.36E-05,-8.26E-05,-1.23E-05,1.85E-04,1.32E-04,1.64E-04,2.12E-04,1.08E-04,1.06E-04,-3.87E-04,1.11E-04,1.01E-04,2.73E-04,1.40E-04,2.95E-04,6.87E-06,-1.32E-04,9.82E-05,1.40E-04,-1.66E-04
2797,2.20E-05,-8.38E-05,-1.19E-05,1.87E-04,1.35E-04,1.71E-04,2.10E-04,1.11E-04,1.07E-04,-3.80E-04,1.18E-04,9.97E-05,2.77E-04,1.45E-04,2.96E-04,9.80E-06,-1.31E-04,1.03E-04,1.48E-04,-1.55E-04
2798,1.98E-05,-8.55E-05,-1.19E-05,1.88E-04,1.37E-04,1.76E-04,2.08E-04,1.13E-04,1.08E-04,-3.74E-04,1.23E-04,9.90E-05,2.80E-04,1.49E-04,2.96E-04,1.15E-05,-1.29E-04,1.07E-04,1.55E-04,-1.44E-04
2799,1.66E-05,-8.80E-05,-1.26E-05,1.88E-04,1.37E-04,1.78E-04,2.04E-04,1.15E-04,1.09E-04,-3.68E-04,1.28E-04,9.82E-05,2.82E-04,1.52E-04,2.94E-04,1.16E-05,-1.27E-04,1.11E-04,1.61E-04,-1.35E-04
2800,1.20E-05,-9.14E-05,-1.43E-05,1.86E-04,1.35E-04,1.78E-04,1.99E-04,1.15E-04,1.09E-04,-3.64E-04,1.32E-04,9.70E-05,2.82E-04,1.53E-04,2.90E-04,9.86E-06,-1.25E-04,1.13E-04,1.66E-04,-1.27E-04
2801,5.94E-06,-9.60E-05,-1.71E-05,1.81E-04,1.30E-04,1.75E-04,1.93E-04,1.14E-04,1.09E-04,-3.61E-04,1.34E-04,9.53E-05,2.81E-04,1.53E-04,2.84E-04,6.19E-06,-1.22E-04,1.15E-04,1.69E-04,-1.20E-04
2802,-1.80E-06,-1.02E-04,-2.14E-05,1.74E-04,1.23E-04,1.69E-04,1.85E-04,1.11E-04,1.07E-04,-3.59E-04,1.34E-04,9.28E-05,2.78E-04,1.50E-04,2.76E-04,4.48E-07,-1.21E-04,1.15E-04,1.71E-04,-1.14E-04
2803,-1.12E-05,-1.09E-04,-2.71E-05,1.64E-04,1.13E-04,1.60E-04,1.76E-04,1.06E-04,1.05E-04,-3.58E-04,1.33E-04,8.95E-05,2.74E-04,1.46E-04,2.66E-04,-7.36E-06,-1.19E-04,1.14E-04,1.72E-04,-1.09E-04
2804,-2.23E-05,-1.17E-04,-3.41E-05,1.52E-04,1.01E-04,1.49E-04,1.65E-04,1.00E-04,1.02E-04,-3.59E-04,1.30E-04,8.53E-05,2.67E-04,1.40E-04,2.55E-04,-1.72E-05,-1.19E-04,1.11E-04,1.71E-04,-1.06E-04
2805,-3.47E-05,-1.27E-04,-4.24E-05,1.39E-04,8.69E-05,1.35E-04,1.53E-04,9.24E-05,9.81E-05,-3.62E-04,1.26E-04,8.02E-05,2.60E-04,1.31E-04,2.41E-04,-2.88E-05,-1.19E-04,1.08E-04,1.69E-04,-1.04E-04
2806,-4.84E-05,-1.37E-04,-5.17E-05,1.23E-04,7.10E-05,1.19E-04,1.40E-04,8.37E-05,9.36E-05,-3.65E-04,1.21E-04,7.41E-05,2.50E-04,1.22E-04,2.26E-04,-4.20E-05,-1.20E-04,1.03E-04,1.66E-04,-1.02E-04
2807,-6.28E-05,-1.48E-04,-6.17E-05,1.07E-04,5.40E-05,1.02E-04,1.26E-04,7.42E-05,8.85E-05,-3.69E-04,1.14E-04,6.71E-05,2.40E-04,1.10E-04,2.10E-04,-5.66E-05,-1.22E-04,9.73E-05,1.62E-04,-1.02E-04
2808,-7.77E-05,-1.59E-04,-7.21E-05,8.97E-05,3.65E-05,8.39E-05,1.13E-04,6.45E-05,8.31E-05,-3.74E-04,1.07E-04,5.95E-05,2.28E-04,9.77E-05,1.92E-04,-7.21E-05,-1.25E-04,9.09E-05,1.57E-04,-1.01E-04
2809,-9.27E-05,-1.70E-04,-8.25E-05,7.26E-05,1.90E-05,6.58E-05,9.91E-05,5.48E-05,7.74E-05,-3.78E-04,9.98E-05,5.14E-05,2.16E-04,8.44E-05,1.74E-04,-8.83E-05,-1.28E-04,8.41E-05,1.52E-04,-1.00E-04
2810,-1.07E-04,-1.80E-04,-9.26E-05,5.59E-05,2.01E-06,4.80E-05,8.63E-05,4.56E-05,7.17E-05,-3.83E-04,9.22E-05,4.29E-05,2.04E-04,7.05E-05,1.56E-04,-1.05E-04,-1.32E-04,7.71E-05,1.46E-04,-9.91E-05
2811,-1.21E-04,-1.90E-04,-1.02E-04,4.02E-05,-1.39E-05,3.11E-05,7.44E-05,3.73E-05,6.62E-05,-3.88E-04,8.47E-05,3.43E-05,1.91E-04,5.65E-05,1.38E-04,-1.21E-04,-1.36E-04,7.01E-05,1.41E-04,-9.76E-05
2812,-1.34E-04,-1.99E-04,-1.11E-04,2.58E-05,-2.84E-05,1.54E-05,6.37E-05,3.01E-05,6.10E-05,-3.92E-04,7.74E-05,2.57E-05,1.79E-04,4.25E-05,1.20E-04,-1.37E-04,-1.41E-04,6.33E-05,1.36E-04,-9.54E-05
2813,-1.45E-04,-2.08E-04,-1.18E-04,1.29E-05,-4.13E-05,1.08E-06,5.44E-05,2.43E-05,5.62E-05,-3.95E-04,7.06E-05,1.72E-05,1.67E-04,2.90E-05,1.02E-04,-1.52E-04,-1.46E-04,5.68E-05,1.31E-04,-9.26E-05
2814,-1.56E-04,-2.15E-04,-1.25E-04,1.58E-06,-5.25E-05,-1.16E-05,4.65E-05,1.99E-05,5.20E-05,-3.98E-04,6.42E-05,9.02E-06,1.55E-04,1.60E-05,8.53E-05,-1.67E-04,-1.52E-04,5.07E-05,1.26E-04,-8.91E-05
2815,-1.64E-04,-2.21E-04,-1.30E-04,-8.13E-06,-6.19E-05,-2.28E-05,4.00E-05,1.69E-05,4.84E-05,-3.99E-04,5.83E-05,1.21E-06,1.44E-04,3.62E-06,6.92E-05,-1.81E-04,-1.57E-04,4.51E-05,1.22E-04,-8.50E-05
2816,-1.71E-04,-2.27E-04,-1.34E-04,-1.64E-05,-6.99E-05,-3.27E-05,3.48E-05,1.53E-05,4.53E-05,-4.00E-04,5.29E-05,-6.23E-06,1.34E-04,-8.00E-06,5.38E-05,-1.93E-04,-1.63E-04,3.98E-05,1.19E-04,-8.04E-05
2817,-1.77E-04,-2.32E-04,-1.38E-04,-2.35E-05,-7.66E-05,-4.14E-05,3.05E-05,1.47E-05,4.28E-05,-4.00E-04,4.79E-05,-1.33E-05,1.24E-04,-1.89E-05,3.93E-05,-2.05E-04,-1.68E-04,3.48E-05,1.15E-04,-7.55E-05
2818,-1.82E-04,-2.36E-04,-1.40E-04,-2.98E-05,-8.26E-05,-4.94E-05,2.70E-05,1.48E-05,4.08E-05,-4.00E-04,4.31E-05,-2.01E-05,1.14E-04,-2.92E-05,2.53E-05,-2.16E-04,-1.73E-04,2.99E-05,1.12E-04,-7.05E-05
2819,-1.86E-04,-2.40E-04,-1.42E-04,-3.58E-05,-8.81E-05,-5.72E-05,2.38E-05,1.54E-05,3.91E-05,-3.99E-04,3.84E-05,-2.68E-05,1.05E-04,-3.90E-05,1.20E-05,-2.25E-04,-1.79E-04,2.50E-05,1.08E-04,-6.57E-05
2820,-1.90E-04,-2.45E-04,-1.45E-04,-4.18E-05,-9.38E-05,-6.50E-05,2.05E-05,1.60E-05,3.76E-05,-3.99E-04,3.34E-05,-3.34E-05,9.59E-05,-4.86E-05,-9.73E-07,-2.35E-04,-1.84E-04,1.98E-05,1.04E-04,-6.13E-05
2821,-1.93E-04,-2.50E-04,-1.47E-04,-4.83E-05,-1.00E-04,-7.34E-05,1.68E-05,1.61E-05,3.60E-05,-3.98E-04,2.81E-05,-4.02E-05,8.65E-05,-5.81E-05,-1.37E-05,-2.43E-04,-1.90E-04,1.42E-05,1.00E-04,-5.75E-05
2822,-1.97E-04,-2.56E-04,-1.50E-04,-5.58E-05,-1.07E-04,-8.28E-05,1.22E-05,1.54E-05,3.43E-05,-3.98E-04,2.22E-05,-4.74E-05,7.67E-05,-6.77E-05,-2.63E-05,-2.52E-04,-1.96E-04,7.89E-06,9.52E-05,-5.46E-05
2823,-2.02E-04,-2.62E-04,-1.54E-04,-6.45E-05,-1.16E-04,-9.33E-05,6.54E-06,1.36E-05,3.23E-05,-3.98E-04,1.55E-05,-5.51E-05,6.63E-05,-7.77E-05,-3.89E-05,-2.60E-04,-2.03E-04,7.25E-07,8.95E-05,-5.27E-05
2824,-2.07E-04,-2.70E-04,-1.59E-04,-7.48E-05,-1.26E-04,-1.05E-04,-4.89E-07,1.04E-05,2.97E-05,-4.00E-04,7.84E-06,-6.35E-05,5.51E-05,-8.83E-05,-5.17E-05,-2.68E-04,-2.10E-04,-7.47E-06,8.30E-05,-5.18E-05
2825,-2.13E-04,-2.79E-04,-1.65E-04,-8.68E-05,-1.38E-04,-1.19E-04,-9.03E-06,5.53E-06,2.66E-05,-4.02E-04,-8.68E-07,-7.27E-05,4.29E-05,-9.96E-05,-6.49E-05,-2.77E-04,-2.17E-04,-1.68E-05,7.55E-05,-5.21E-05
2826,-2.21E-04,-2.89E-04,-1.73E-04,-1.00E-04,-1.52E-04,-1.34E-04,-1.91E-05,-1.03E-06,2.27E-05,-4.05E-04,-1.07E-05,-8.28E-05,2.97E-05,-1.12E-04,-7.83E-05,-2.85E-04,-2.26E-04,-2.73E-05,6.70E-05,-5.35E-05
2827,-2.30E-04,-3.01E-04,-1.82E-04,-1.16E-04,-1.67E-04,-1.50E-04,-3.08E-05,-9.29E-06,1.81E-05,-4.09E-04,-2.16E-05,-9.39E-05,1.55E-05,-1.25E-04,-9.20E-05,-2.94E-04,-2.35E-04,-3.90E-05,5.77E-05,-5.59E-05
2828,-2.40E-04,-3.13E-04,-1.92E-04,-1.32E-04,-1.83E-04,-1.67E-04,-4.38E-05,-1.91E-05,1.28E-05,-4.13E-04,-3.36E-05,-1.06E-04,2.16E-07,-1.39E-04,-1.06E-04,-3.04E-04,-2.45E-04,-5.18E-05,4.76E-05,-5.91E-05
2829,-2.51E-04,-3.26E-04,-2.04E-04,-1.50E-04,-2.01E-04,-1.85E-04,-5.80E-05,-3.03E-05,6.86E-06,-4.19E-04,-4.66E-05,-1.19E-04,-1.60E-05,-1.53E-04,-1.20E-04,-3.13E-04,-2.56E-04,-6.57E-05,3.68E-05,-6.28E-05
2830,-2.62E-04,-3.40E-04,-2.16E-04,-1.69E-04,-2.19E-04,-2.03E-04,-7.31E-05,-4.26E-05,2.85E-07,-4.25E-04,-6.03E-05,-1.32E-04,-3.30E-05,-1.68E-04,-1.34E-04,-3.23E-04,-2.67E-04,-8.03E-05,2.55E-05,-6.69E-05
2831,-2.75E-04,-3.54E-04,-2.29E-04,-1.87E-04,-2.37E-04,-2.20E-04,-8.88E-05,-5.56E-05,-6.75E-06,-4.31E-04,-7.46E-05,-1.47E-04,-5.06E-05,-1.84E-04,-1.48E-04,-3.32E-04,-2.79E-04,-9.56E-05,1.41E-05,-7.11E-05
2832,-2.87E-04,-3.68E-04,-2.42E-04,-2.06E-04,-2.55E-04,-2.37E-04,-1.05E-04,-6.90E-05,-1.41E-05,-4.37E-04,-8.91E-05,-1.61E-04,-6.86E-05,-1.99E-04,-1.62E-04,-3.41E-04,-2.92E-04,-1.11E-04,2.60E-06,-7.51E-05
2833,-3.00E-04,-3.81E-04,-2.55E-04,-2.24E-04,-2.72E-04,-2.52E-04,-1.20E-04,-8.25E-05,-2.16E-05,-4.42E-04,-1.04E-04,-1.76E-04,-8.67E-05,-2.15E-04,-1.75E-04,-3.50E-04,-3.05E-04,-1.27E-04,-8.64E-06,-7.85E-05
2834,-3.12E-04,-3.94E-04,-2.67E-04,-2.40E-04,-2.88E-04,-2.66E-04,-1.36E-04,-9.55E-05,-2.90E-05,-4.47E-04,-1.18E-04,-1.91E-04,-1.05E-04,-2.30E-04,-1.88E-04,-3.58E-04,-3.19E-04,-1.43E-04,-1.94E-05,-8.12E-05
2835,-3.24E-04,-4.06E-04,-2.79E-04,-2.56E-04,-3.02E-04,-2.78E-04,-1.50E-04,-1.08E-04,-3.62E-05,-4.51E-04,-1.32E-04,-2.05E-04,-1.22E-04,-2.44E-04,-1.99E-04,-3.66E-04,-3.32E-04,-1.58E-04,-2.95E-05,-8.30E-05
2836,-3.35E-04,-4.17E-04,-2.90E-04,-2.70E-04,-3.14E-04,-2.87E-04,-1.63E-04,-1.19E-04,-4.31E-05,-4.54E-04,-1.45E-04,-2.19E-04,-1.39E-04,-2.58E-04,-2.10E-04,-3.72E-04,-3.46E-04,-1.73E-04,-3.88E-05,-8.35E-05
2837,-3.44E-04,-4.26E-04,-3.00E-04,-2.81E-04,-3.24E-04,-2.94E-04,-1.75E-04,-1.29E-04,-4.95E-05,-4.55E-04,-1.58E-04,-2.32E-04,-1.55E-04,-2.70E-04,-2.19E-04,-3.77E-04,-3.59E-04,-1.86E-04,-4.71E-05,-8.28E-05
2838,-3.52E-04,-4.34E-04,-3.08E-04,-2.91E-04,-3.31E-04,-2.99E-04,-1.86E-04,-1.38E-04,-5.53E-05,-4.55E-04,-1.69E-04,-2.45E-04,-1.69E-04,-2.81E-04,-2.27E-04,-3.80E-04,-3.72E-04,-1.99E-04,-5.42E-05,-8.07E-05
2839,-3.59E-04,-4.41E-04,-3.15E-04,-2.99E-04,-3.37E-04,-3.01E-04,-1.95E-04,-1.46E-04,-6.04E-05,-4.54E-04,-1.79E-04,-2.56E-04,-1.83E-04,-2.90E-04,-2.33E-04,-3.83E-04,-3.84E-04,-2.11E-04,-6.02E-05,-7.73E-05
2840,-3.64E-04,-4.46E-04,-3.21E-04,-3.05E-04,-3.40E-04,-3.01E-04,-2.03E-04,-1.52E-04,-6.48E-05,-4.51E-04,-1.87E-04,-2.66E-04,-1.95E-04,-2.98E-04,-2.38E-04,-3.84E-04,-3.95E-04,-2.21E-04,-6.51E-05,-7.26E-05
2841,-3.68E-04,-4.50E-04,-3.25E-04,-3.09E-04,-3.42E-04,-2.99E-04,-2.10E-04,-1.56E-04,-6.86E-05,-4.46E-04,-1.94E-04,-2.75E-04,-2.06E-04,-3.04E-04,-2.42E-04,-3.84E-04,-4.06E-04,-2.31E-04,-6.88E-05,-6.66E-05
2842,-3.71E-04,-4.53E-04,-3.29E-04,-3.12E-04,-3.42E-04,-2.95E-04,-2.16E-04,-1.60E-04,-7.18E-05,-4.41E-04,-2.00E-04,-2.83E-04,-2.15E-04,-3.09E-04,-2.45E-04,-3.82E-04,-4.16E-04,-2.39E-04,-7.14E-05,-5.95E-05
2843,-3.73E-04,-4.55E-04,-3.31E-04,-3.14E-04,-3.41E-04,-2.90E-04,-2.20E-04,-1.63E-04,-7.44E-05,-4.34E-04,-2.05E-04,-2.90E-04,-2.24E-04,-3.12E-04,-2.46E-04,-3.79E-04,-4.25E-04,-2.47E-04,-7.32E-05,-5.14E-05
2844,-3.73E-04,-4.56E-04,-3.32E-04,-3.14E-04,-3.39E-04,-2.85E-04,-2.24E-04,-1.65E-04,-7.67E-05,-4.26E-04,-2.08E-04,-2.96E-04,-2.31E-04,-3.14E-04,-2.46E-04,-3.76E-04,-4.33E-04,-2.53E-04,-7.41E-05,-4.26E-05
2845,-3.73E-04,-4.56E-04,-3.33E-04,-3.15E-04,-3.36E-04,-2.78E-04,-2.27E-04,-1.66E-04,-7.87E-05,-4.19E-04,-2.11E-04,-3.02E-04,-2.37E-04,-3.15E-04,-2.46E-04,-3.72E-04,-4.40E-04,-2.59E-04,-7.43E-05,-3.33E-05
2846,-3.73E-04,-4.56E-04,-3.34E-04,-3.15E-04,-3.34E-04,-2.72E-04,-2.30E-04,-1.68E-04,-8.05E-05,-4.10E-04,-2.13E-04,-3.06E-04,-2.43E-04,-3.16E-04,-2.45E-04,-3.67E-04,-4.46E-04,-2.64E-04,-7.41E-05,-2.36E-05
2847,-3.72E-04,-4.56E-04,-3.35E-04,-3.15E-04,-3.31E-04,-2.66E-04,-2.33E-04,-1.69E-04,-8.25E-05,-4.02E-04,-2.14E-04,-3.10E-04,-2.48E-04,-3.16E-04,-2.44E-04,-3.63E-04,-4.52E-04,-2.68E-04,-7.35E-05,-1.37E-05
2848,-3.71E-04,-4.56E-04,-3.35E-04,-3.15E-04,-3.29E-04,-2.60E-04,-2.36E-04,-1.71E-04,-8.46E-05,-3.95E-04,-2.16E-04,-3.14E-04,-2.53E-04,-3.15E-04,-2.43E-04,-3.58E-04,-4.57E-04,-2.73E-04,-7.28E-05,-3.88E-06
2849,-3.71E-04,-4.56E-04,-3.37E-04,-3.16E-04,-3.28E-04,-2.55E-04,-2.40E-04,-1.73E-04,-8.71E-05,-3.87E-04,-2.17E-04,-3.18E-04,-2.58E-04,-3.15E-04,-2.42E-04,-3.54E-04,-4.61E-04,-2.77E-04,-7.20E-05,5.77E-06
2850,-3.71E-04,-4.56E-04,-3.38E-04,-3.17E-04,-3.28E-04,-2.50E-04,-2.43E-04,-1.76E-04,-9.00E-05,-3.81E-04,-2.18E-04,-3.22E-04,-2.64E-04,-3.15E-04,-2.42E-04,-3.50E-04,-4.66E-04,-2.81E-04,-7.14E-05,1.51E-05
2851,-3.72E-04,-4.57E-04,-3.41E-04,-3.20E-04,-3.28E-04,-2.47E-04,-2.47E-04,-1.79E-04,-9.34E-05,-3.75E-04,-2.20E-04,-3.25E-04,-2.69E-04,-3.15E-04,-2.42E-04,-3.47E-04,-4.70E-04,-2.85E-04,-7.10E-05,2.40E-05
2852,-3.74E-04,-4.59E-04,-3.44E-04,-3.23E-04,-3.30E-04,-2.45E-04,-2.52E-04,-1.83E-04,-9.75E-05,-3.70E-04,-2.22E-04,-3.30E-04,-2.75E-04,-3.16E-04,-2.42E-04,-3.45E-04,-4.74E-04,-2.90E-04,-7.10E-05,3.24E-05
2853,-3.76E-04,-4.61E-04,-3.48E-04,-3.27E-04,-3.32E-04,-2.43E-04,-2.57E-04,-1.88E-04,-1.02E-04,-3.67E-04,-2.24E-04,-3.34E-04,-2.82E-04,-3.18E-04,-2.43E-04,-3.44E-04,-4.78E-04,-2.95E-04,-7.13E-05,4.02E-05
2854,-3.80E-04,-4.64E-04,-3.53E-04,-3.31E-04,-3.36E-04,-2.43E-04,-2.62E-04,-1.94E-04,-1.07E-04,-3.64E-04,-2.28E-04,-3.39E-04,-2.89E-04,-3.20E-04,-2.45E-04,-3.44E-04,-4.83E-04,-3.01E-04,-7.21E-05,4.74E-05
2855,-3.84E-04,-4.68E-04,-3.59E-04,-3.37E-04,-3.40E-04,-2.43E-04,-2.68E-04,-2.01E-04,-1.13E-04,-3.61E-04,-2.32E-04,-3.44E-04,-2.97E-04,-3.24E-04,-2.48E-04,-3.45E-04,-4.87E-04,-3.06E-04,-7.32E-05,5.41E-05
2856,-3.89E-04,-4.72E-04,-3.66E-04,-3.43E-04,-3.45E-04,-2.44E-04,-2.75E-04,-2.08E-04,-1.20E-04,-3.60E-04,-2.37E-04,-3.50E-04,-3.05E-04,-3.27E-04,-2.52E-04,-3.47E-04,-4.93E-04,-3.13E-04,-7.48E-05,6.01E-05
2857,-3.95E-04,-4.77E-04,-3.73E-04,-3.49E-04,-3.51E-04,-2.45E-04,-2.81E-04,-2.15E-04,-1.26E-04,-3.59E-04,-2.42E-04,-3.55E-04,-3.14E-04,-3.32E-04,-2.56E-04,-3.49E-04,-4.99E-04,-3.19E-04,-7.67E-05,6.56E-05
2858,-4.02E-04,-4.82E-04,-3.81E-04,-3.56E-04,-3.57E-04,-2.46E-04,-2.88E-04,-2.23E-04,-1.33E-04,-3.58E-04,-2.49E-04,-3.62E-04,-3.22E-04,-3.37E-04,-2.60E-04,-3.53E-04,-5.05E-04,-3.26E-04,-7.89E-05,7.07E-05
2859,-4.09E-04,-4.88E-04,-3.90E-04,-3.63E-04,-3.63E-04,-2.48E-04,-2.95E-04,-2.31E-04,-1.41E-04,-3.58E-04,-2.55E-04,-3.68E-04,-3.31E-04,-3.42E-04,-2.66E-04,-3.57E-04,-5.12E-04,-3.32E-04,-8.14E-05,7.53E-05
2860,-4.17E-04,-4.95E-04,-3.99E-04,-3.70E-04,-3.69E-04,-2.50E-04,-3.01E-04,-2.39E-04,-1.48E-04,-3.57E-04,-2.62E-04,-3.74E-04,-3.40E-04,-3.48E-04,-2.71E-04,-3.61E-04,-5.19E-04,-3.39E-04,-8.40E-05,7.95E-05
2861,-4.25E-04,-5.02E-04,-4.08E-04,-3.78E-04,-3.76E-04,-2.52E-04,-3.08E-04,-2.48E-04,-1.55E-04,-3.56E-04,-2.69E-04,-3.80E-04,-3.48E-04,-3.54E-04,-2.77E-04,-3.66E-04,-5.26E-04,-3.46E-04,-8.66E-05,8.35E-05
2862,-4.33E-04,-5.09E-04,-4.18E-04,-3.85E-04,-3.82E-04,-2.54E-04,-3.15E-04,-2.56E-04,-1.62E-04,-3.55E-04,-2.77E-04,-3.86E-04,-3.56E-04,-3.60E-04,-2.82E-04,-3.71E-04,-5.34E-04,-3.52E-04,-8.92E-05,8.72E-05
2863,-4.42E-04,-5.16E-04,-4.28E-04,-3.93E-04,-3.88E-04,-2.56E-04,-3.22E-04,-2.64E-04,-1.68E-04,-3.54E-04,-2.84E-04,-3.92E-04,-3.64E-04,-3.65E-04,-2.88E-04,-3.76E-04,-5.42E-04,-3.59E-04,-9.17E-05,9.07E-05
2864,-4.51E-04,-5.23E-04,-4.37E-04,-4.00E-04,-3.94E-04,-2.57E-04,-3.28E-04,-2.71E-04,-1.74E-04,-3.52E-04,-2.91E-04,-3.97E-04,-3.70E-04,-3.71E-04,-2.93E-04,-3.80E-04,-5.51E-04,-3.64E-04,-9.41E-05,9.42E-05
2865,-4.60E-04,-5.30E-04,-4.47E-04,-4.07E-04,-4.00E-04,-2.59E-04,-3.34E-04,-2.79E-04,-1.80E-04,-3.49E-04,-2.97E-04,-4.02E-04,-3.76E-04,-3.76E-04,-2.98E-04,-3.84E-04,-5.59E-04,-3.70E-04,-9.61E-05,9.75E-05
2866,-4.69E-04,-5.37E-04,-4.57E-04,-4.14E-04,-4.06E-04,-2.60E-04,-3.40E-04,-2.86E-04,-1.85E-04,-3.47E-04,-3.04E-04,-4.07E-04,-3.82E-04,-3.80E-04,-3.03E-04,-3.88E-04,-5.66E-04,-3.75E-04,-9.79E-05,1.01E-04
2867,-4.77E-04,-5.44E-04,-4.66E-04,-4.22E-04,-4.11E-04,-2.60E-04,-3.46E-04,-2.92E-04,-1.90E-04,-3.43E-04,-3.09E-04,-4.11E-04,-3.86E-04,-3.84E-04,-3.07E-04,-3.92E-04,-5.74E-04,-3.79E-04,-9.94E-05,1.04E-04
2868,-4.86E-04,-5.51E-04,-4.75E-04,-4.29E-04,-4.17E-04,-2.61E-04,-3.51E-04,-2.99E-04,-1.94E-04,-3.40E-04,-3.15E-04,-4.14E-04,-3.90E-04,-3.88E-04,-3.10E-04,-3.95E-04,-5.81E-04,-3.84E-04,-1.01E-04,1.07E-04
2869,-4.95E-04,-5.58E-04,-4.84E-04,-4.36E-04,-4.22E-04,-2.61E-04,-3.57E-04,-3.05E-04,-1.98E-04,-3.36E-04,-3.19E-04,-4.18E-04,-3.94E-04,-3.92E-04,-3.14E-04,-3.98E-04,-5.87E-04,-3.87E-04,-1.01E-04,1.10E-04
2870,-5.03E-04,-5.64E-04,-4.93E-04,-4.43E-04,-4.27E-04,-2.61E-04,-3.62E-04,-3.10E-04,-2.02E-04,-3.32E-04,-3.24E-04,-4.21E-04,-3.97E-04,-3.95E-04,-3.17E-04,-4.00E-04,-5.93E-04,-3.90E-04,-1.02E-04,1.13E-04
2871,-5.11E-04,-5.70E-04,-5.01E-04,-4.50E-04,-4.32E-04,-2.61E-04,-3.67E-04,-3.16E-04,-2.05E-04,-3.29E-04,-3.28E-04,-4.24E-04,-4.00E-04,-3.97E-04,-3.19E-04,-4.02E-04,-5.98E-04,-3.93E-04,-1.02E-04,1.16E-04
2872,-5.19E-04,-5.76E-04,-5.09E-04,-4.58E-04,-4.38E-04,-2.61E-04,-3.72E-04,-3.21E-04,-2.08E-04,-3.25E-04,-3.32E-04,-4.26E-04,-4.03E-04,-4.00E-04,-3.21E-04,-4.03E-04,-6.03E-04,-3.96E-04,-1.03E-04,1.19E-04
2873,-5.27E-04,-5.81E-04,-5.17E-04,-4.65E-04,-4.43E-04,-2.61E-04,-3.76E-04,-3.27E-04,-2.11E-04,-3.23E-04,-3.37E-04,-4.29E-04,-4.06E-04,-4.03E-04,-3.24E-04,-4.05E-04,-6.07E-04,-3.98E-04,-1.03E-04,1.21E-04
2874,-5.36E-04,-5.86E-04,-5.25E-04,-4.73E-04,-4.49E-04,-2.62E-04,-3.81E-04,-3.32E-04,-2.14E-04,-3.21E-04,-3.41E-04,-4.32E-04,-4.09E-04,-4.06E-04,-3.26E-04,-4.06E-04,-6.10E-04,-4.00E-04,-1.03E-04,1.24E-04
2875,-5.44E-04,-5.92E-04,-5.33E-04,-4.82E-04,-4.55E-04,-2.63E-04,-3.87E-04,-3.38E-04,-2.18E-04,-3.19E-04,-3.46E-04,-4.34E-04,-4.13E-04,-4.09E-04,-3.28E-04,-4.08E-04,-6.13E-04,-4.03E-04,-1.04E-04,1.25E-04
2876,-5.52E-04,-5.97E-04,-5.41E-04,-4.91E-04,-4.62E-04,-2.64E-04,-3.92E-04,-3.44E-04,-2.22E-04,-3.19E-04,-3.51E-04,-4.38E-04,-4.17E-04,-4.12E-04,-3.30E-04,-4.09E-04,-6.16E-04,-4.05E-04,-1.04E-04,1.26E-04
2877,-5.61E-04,-6.02E-04,-5.49E-04,-5.00E-04,-4.69E-04,-2.66E-04,-3.98E-04,-3.51E-04,-2.26E-04,-3.19E-04,-3.57E-04,-4.41E-04,-4.22E-04,-4.16E-04,-3.33E-04,-4.11E-04,-6.18E-04,-4.08E-04,-1.05E-04,1.27E-04
2878,-5.70E-04,-6.07E-04,-5.58E-04,-5.11E-04,-4.77E-04,-2.70E-04,-4.04E-04,-3.58E-04,-2.31E-04,-3.20E-04,-3.64E-04,-4.45E-04,-4.27E-04,-4.21E-04,-3.36E-04,-4.13E-04,-6.20E-04,-4.11E-04,-1.07E-04,1.27E-04
2879,-5.80E-04,-6.13E-04,-5.66E-04,-5.22E-04,-4.85E-04,-2.74E-04,-4.11E-04,-3.66E-04,-2.36E-04,-3.23E-04,-3.71E-04,-4.50E-04,-4.34E-04,-4.26E-04,-3.39E-04,-4.15E-04,-6.23E-04,-4.15E-04,-1.08E-04,1.26E-04
2880,-5.90E-04,-6.18E-04,-5.75E-04,-5.34E-04,-4.95E-04,-2.79E-04,-4.18E-04,-3.74E-04,-2.41E-04,-3.26E-04,-3.80E-04,-4.55E-04,-4.41E-04,-4.31E-04,-3.43E-04,-4.18E-04,-6.25E-04,-4.19E-04,-1.11E-04,1.25E-04
2881,-6.00E-04,-6.25E-04,-5.85E-04,-5.47E-04,-5.05E-04,-2.85E-04,-4.26E-04,-3.83E-04,-2.48E-04,-3.29E-04,-3.89E-04,-4.61E-04,-4.49E-04,-4.37E-04,-3.47E-04,-4.21E-04,-6.28E-04,-4.23E-04,-1.14E-04,1.22E-04
2882,-6.11E-04,-6.31E-04,-5.95E-04,-5.60E-04,-5.16E-04,-2.93E-04,-4.35E-04,-3.93E-04,-2.54E-04,-3.34E-04,-3.99E-04,-4.67E-04,-4.57E-04,-4.43E-04,-3.52E-04,-4.23E-04,-6.31E-04,-4.28E-04,-1.18E-04,1.19E-04
2883,-6.23E-04,-6.39E-04,-6.05E-04,-5.74E-04,-5.28E-04,-3.02E-04,-4.44E-04,-4.04E-04,-2.61E-04,-3.39E-04,-4.10E-04,-4.74E-04,-4.66E-04,-4.50E-04,-3.57E-04,-4.26E-04,-6.35E-04,-4.34E-04,-1.22E-04,1.15E-04
2884,-6.35E-04,-6.47E-04,-6.16E-04,-5.89E-04,-5.41E-04,-3.12E-04,-4.54E-04,-4.16E-04,-2.69E-04,-3.44E-04,-4.22E-04,-4.82E-04,-4.76E-04,-4.57E-04,-3.62E-04,-4.29E-04,-6.40E-04,-4.40E-04,-1.27E-04,1.10E-04
2885,-6.47E-04,-6.55E-04,-6.27E-04,-6.05E-04,-5.55E-04,-3.23E-04,-4.65E-04,-4.28E-04,-2.77E-04,-3.50E-04,-4.34E-04,-4.90E-04,-4.86E-04,-4.65E-04,-3.68E-04,-4.32E-04,-6.45E-04,-4.46E-04,-1.32E-04,1.04E-04
2886,-6.60E-04,-6.64E-04,-6.38E-04,-6.21E-04,-5.69E-04,-3.34E-04,-4.77E-04,-4.40E-04,-2.84E-04,-3.56E-04,-4.46E-04,-4.99E-04,-4.96E-04,-4.72E-04,-3.73E-04,-4.35E-04,-6.51E-04,-4.53E-04,-1.38E-04,9.78E-05
2887,-6.73E-04,-6.73E-04,-6.50E-04,-6.37E-04,-5.84E-04,-3.46E-04,-4.89E-04,-4.53E-04,-2.92E-04,-3.62E-04,-4.58E-04,-5.08E-04,-5.06E-04,-4.80E-04,-3.79E-04,-4.38E-04,-6.57E-04,-4.60E-04,-1.44E-04,9.08E-05
2888,-6.86E-04,-6.83E-04,-6.62E-04,-6.53E-04,-5.99E-04,-3.58E-04,-5.01E-04,-4.66E-04,-3.00E-04,-3.67E-04,-4.71E-04,-5.17E-04,-5.16E-04,-4.87E-04,-3.85E-04,-4.40E-04,-6.64E-04,-4.67E-04,-1.51E-04,8.34E-05
2889,-6.99E-04,-6.92E-04,-6.74E-04,-6.69E-04,-6.13E-04,-3.71E-04,-5.13E-04,-4.79E-04,-3.08E-04,-3.72E-04,-4.83E-04,-5.27E-04,-5.26E-04,-4.94E-04,-3.91E-04,-4.42E-04,-6.72E-04,-4.75E-04,-1.57E-04,7.56E-05
2890,-7.12E-04,-7.02E-04,-6.86E-04,-6.85E-04,-6.28E-04,-3.82E-04,-5.26E-04,-4.91E-04,-3.15E-04,-3.77E-04,-4.95E-04,-5.37E-04,-5.35E-04,-5.01E-04,-3.96E-04,-4.43E-04,-6.80E-04,-4.83E-04,-1.64E-04,6.77E-05
2891,-7.25E-04,-7.12E-04,-6.97E-04,-7.00E-04,-6.42E-04,-3.94E-04,-5.38E-04,-5.03E-04,-3.22E-04,-3.81E-04,-5.06E-04,-5.46E-04,-5.44E-04,-5.07E-04,-4.01E-04,-4.44E-04,-6.88E-04,-4.90E-04,-1.71E-04,5.97E-05
2892,-7.37E-04,-7.22E-04,-7.08E-04,-7.15E-04,-6.55E-04,-4.04E-04,-5.50E-04,-5.15E-04,-3.28E-04,-3.85E-04,-5.16E-04,-5.56E-04,-5.52E-04,-5.13E-04,-4.06E-04,-4.45E-04,-6.96E-04,-4.97E-04,-1.77E-04,5.18E-05
2893,-7.49E-04,-7.31E-04,-7.18E-04,-7.28E-04,-6.68E-04,-4.13E-04,-5.62E-04,-5.26E-04,-3.34E-04,-3.87E-04,-5.25E-04,-5.65E-04,-5.60E-04,-5.18E-04,-4.10E-04,-4.45E-04,-7.05E-04,-5.05E-04,-1.83E-04,4.41E-05
2894,-7.60E-04,-7.40E-04,-7.28E-04,-7.41E-04,-6.79E-04,-4.21E-04,-5.72E-04,-5.36E-04,-3.39E-04,-3.90E-04,-5.34E-04,-5.74E-04,-5.67E-04,-5.23E-04,-4.14E-04,-4.44E-04,-7.13E-04,-5.11E-04,-1.89E-04,3.68E-05
2895,-7.70E-04,-7.49E-04,-7.36E-04,-7.52E-04,-6.89E-04,-4.28E-04,-5.83E-04,-5.44E-04,-3.44E-04,-3.91E-04,-5.41E-04,-5.83E-04,-5.74E-04,-5.26E-04,-4.17E-04,-4.43E-04,-7.21E-04,-5.18E-04,-1.95E-04,2.98E-05
2896,-7.80E-04,-7.56E-04,-7.44E-04,-7.63E-04,-6.98E-04,-4.33E-04,-5.92E-04,-5.52E-04,-3.48E-04,-3.92E-04,-5.48E-04,-5.91E-04,-5.79E-04,-5.30E-04,-4.20E-04,-4.41E-04,-7.29E-04,-5.24E-04,-2.00E-04,2.33E-05
2897,-7.89E-04,-7.64E-04,-7.51E-04,-7.72E-04,-7.05E-04,-4.37E-04,-6.01E-04,-5.59E-04,-3.51E-04,-3.93E-04,-5.53E-04,-5.98E-04,-5.85E-04,-5.32E-04,-4.22E-04,-4.39E-04,-7.36E-04,-5.29E-04,-2.04E-04,1.72E-05
2898,-7.96E-04,-7.70E-04,-7.57E-04,-7.80E-04,-7.11E-04,-4.40E-04,-6.08E-04,-5.65E-04,-3.54E-04,-3.93E-04,-5.58E-04,-6.06E-04,-5.89E-04,-5.34E-04,-4.23E-04,-4.37E-04,-7.42E-04,-5.35E-04,-2.08E-04,1.16E-05
2899,-8.03E-04,-7.76E-04,-7.62E-04,-7.87E-04,-7.17E-04,-4.41E-04,-6.15E-04,-5.70E-04,-3.57E-04,-3.93E-04,-5.61E-04,-6.12E-04,-5.94E-04,-5.36E-04,-4.24E-04,-4.34E-04,-7.48E-04,-5.39E-04,-2.12E-04,6.44E-06
2900,-8.10E-04,-7.81E-04,-7.66E-04,-7.94E-04,-7.21E-04,-4.42E-04,-6.22E-04,-5.75E-04,-3.59E-04,-3.92E-04,-5.65E-04,-6.18E-04,-5.98E-04,-5.37E-04,-4.25E-04,-4.32E-04,-7.53E-04,-5.44E-04,-2.16E-04,1.60E-06
2901,-8.15E-04,-7.86E-04,-7.69E-04,-7.99E-04,-7.24E-04,-4.43E-04,-6.28E-04,-5.79E-04,-3.61E-04,-3.92E-04,-5.67E-04,-6.24E-04,-6.01E-04,-5.37E-04,-4.25E-04,-4.29E-04,-7.57E-04,-5.48E-04,-2.19E-04,-2.99E-06
2902,-8.19E-04,-7.90E-04,-7.72E-04,-8.05E-04,-7.27E-04,-4.43E-04,-6.33E-04,-5.82E-04,-3.63E-04,-3.92E-04,-5.70E-04,-6.30E-04,-6.05E-04,-5.38E-04,-4.25E-04,-4.26E-04,-7.61E-04,-5.52E-04,-2.22E-04,-7.43E-06
2903,-8.23E-04,-7.93E-04,-7.74E-04,-8.10E-04,-7.29E-04,-4.43E-04,-6.38E-04,-5.86E-04,-3.65E-04,-3.92E-04,-5.72E-04,-6.35E-04,-6.08E-04,-5.38E-04,-4.25E-04,-4.24E-04,-7.63E-04,-5.56E-04,-2.25E-04,-1.19E-05
2904,-8.27E-04,-7.97E-04,-7.76E-04,-8.15E-04,-7.31E-04,-4.44E-04,-6.43E-04,-5.89E-04,-3.67E-04,-3.93E-04,-5.74E-04,-6.39E-04,-6.11E-04,-5.38E-04,-4.25E-04,-4.21E-04,-7.65E-04,-5.59E-04,-2.27E-04,-1.64E-05
2905,-8.30E-04,-8.00E-04,-7.77E-04,-8.20E-04,-7.33E-04,-4.46E-04,-6.48E-04,-5.93E-04,-3.69E-04,-3.94E-04,-5.76E-04,-6.44E-04,-6.15E-04,-5.39E-04,-4.25E-04,-4.19E-04,-7.67E-04,-5.62E-04,-2.30E-04,-2.12E-05
2906,-8.32E-04,-8.02E-04,-7.78E-04,-8.25E-04,-7.35E-04,-4.48E-04,-6.54E-04,-5.97E-04,-3.72E-04,-3.95E-04,-5.79E-04,-6.48E-04,-6.19E-04,-5.39E-04,-4.25E-04,-4.17E-04,-7.68E-04,-5.66E-04,-2.33E-04,-2.64E-05
2907,-8.35E-04,-8.05E-04,-7.79E-04,-8.31E-04,-7.37E-04,-4.52E-04,-6.59E-04,-6.01E-04,-3.75E-04,-3.98E-04,-5.81E-04,-6.52E-04,-6.23E-04,-5.40E-04,-4.25E-04,-4.16E-04,-7.68E-04,-5.69E-04,-2.37E-04,-3.21E-05
2908,-8.37E-04,-8.08E-04,-7.80E-04,-8.37E-04,-7.40E-04,-4.56E-04,-6.64E-04,-6.06E-04,-3.78E-04,-4.01E-04,-5.84E-04,-6.57E-04,-6.27E-04,-5.41E-04,-4.26E-04,-4.15E-04,-7.68E-04,-5.73E-04,-2.40E-04,-3.82E-05
2909,-8.39E-04,-8.10E-04,-7.80E-04,-8.43E-04,-7.44E-04,-4.62E-04,-6.70E-04,-6.12E-04,-3.82E-04,-4.04E-04,-5.88E-04,-6.61E-04,-6.32E-04,-5.42E-04,-4.27E-04,-4.14E-04,-7.68E-04,-5.76E-04,-2.44E-04,-4.50E-05
2910,-8.41E-04,-8.12E-04,-7.81E-04,-8.49E-04,-7.47E-04,-4.68E-04,-6.76E-04,-6.17E-04,-3.87E-04,-4.08E-04,-5.92E-04,-6.65E-04,-6.37E-04,-5.44E-04,-4.29E-04,-4.14E-04,-7.68E-04,-5.80E-04,-2.47E-04,-5.23E-05
2911,-8.42E-04,-8.15E-04,-7.81E-04,-8.55E-04,-7.52E-04,-4.75E-04,-6.82E-04,-6.23E-04,-3.92E-04,-4.13E-04,-5.97E-04,-6.70E-04,-6.42E-04,-5.46E-04,-4.31E-04,-4.14E-04,-7.68E-04,-5.84E-04,-2.51E-04,-6.03E-05
2912,-8.44E-04,-8.17E-04,-7.82E-04,-8.61E-04,-7.56E-04,-4.83E-04,-6.88E-04,-6.29E-04,-3.97E-04,-4.18E-04,-6.01E-04,-6.74E-04,-6.48E-04,-5.48E-04,-4.33E-04,-4.15E-04,-7.68E-04,-5.87E-04,-2.56E-04,-6.87E-05
2913,-8.46E-04,-8.19E-04,-7.82E-04,-8.67E-04,-7.60E-04,-4.91E-04,-6.94E-04,-6.36E-04,-4.02E-04,-4.24E-04,-6.07E-04,-6.79E-04,-6.53E-04,-5.50E-04,-4.36E-04,-4.16E-04,-7.68E-04,-5.91E-04,-2.60E-04,-7.74E-05
2914,-8.48E-04,-8.21E-04,-7.82E-04,-8.72E-04,-7.65E-04,-4.99E-04,-7.00E-04,-6.41E-04,-4.08E-04,-4.30E-04,-6.12E-04,-6.83E-04,-6.59E-04,-5.53E-04,-4.40E-04,-4.17E-04,-7.69E-04,-5.95E-04,-2.64E-04,-8.65E-05
2915,-8.49E-04,-8.22E-04,-7.82E-04,-8.77E-04,-7.68E-04,-5.06E-04,-7.05E-04,-6.47E-04,-4.14E-04,-4.35E-04,-6.17E-04,-6.88E-04,-6.65E-04,-5.56E-04,-4.43E-04,-4.19E-04,-7.70E-04,-5.99E-04,-2.68E-04,-9.57E-05
2916,-8.50E-04,-8.24E-04,-7.82E-04,-8.81E-04,-7.72E-04,-5.12E-04,-7.09E-04,-6.52E-04,-4.19E-04,-4.40E-04,-6.21E-04,-6.92E-04,-6.71E-04,-5.58E-04,-4.47E-04,-4.20E-04,-7.71E-04,-6.03E-04,-2.72E-04,-1.05E-04
2917,-8.51E-04,-8.24E-04,-7.81E-04,-8.83E-04,-7.74E-04,-5.17E-04,-7.13E-04,-6.56E-04,-4.24E-04,-4.45E-04,-6.25E-04,-6.96E-04,-6.77E-04,-5.61E-04,-4.51E-04,-4.22E-04,-7.72E-04,-6.06E-04,-2.76E-04,-1.14E-04
2918,-8.51E-04,-8.25E-04,-7.80E-04,-8.85E-04,-7.76E-04,-5.22E-04,-7.15E-04,-6.59E-04,-4.29E-04,-4.49E-04,-6.29E-04,-7.00E-04,-6.82E-04,-5.63E-04,-4.54E-04,-4.24E-04,-7.73E-04,-6.09E-04,-2.79E-04,-1.22E-04
2919,-8.50E-04,-8.25E-04,-7.78E-04,-8.85E-04,-7.77E-04,-5.24E-04,-7.16E-04,-6.61E-04,-4.34E-04,-4.53E-04,-6.31E-04,-7.02E-04,-6.86E-04,-5.64E-04,-4.57E-04,-4.25E-04,-7.75E-04,-6.11E-04,-2.82E-04,-1.30E-04
2920,-8.49E-04,-8.24E-04,-7.75E-04,-8.84E-04,-7.76E-04,-5.25E-04,-7.16E-04,-6.61E-04,-4.37E-04,-4.55E-04,-6.32E-04,-7.04E-04,-6.90E-04,-5.65E-04,-4.60E-04,-4.26E-04,-7.75E-04,-6.13E-04,-2.84E-04,-1.36E-04
2921,-8.47E-04,-8.22E-04,-7.71E-04,-8.82E-04,-7.74E-04,-5.25E-04,-7.15E-04,-6.61E-04,-4.40E-04,-4.56E-04,-6.32E-04,-7.06E-04,-6.93E-04,-5.65E-04,-4.62E-04,-4.26E-04,-7.76E-04,-6.14E-04,-2.85E-04,-1.42E-04
2922,-8.45E-04,-8.20E-04,-7.67E-04,-8.79E-04,-7.71E-04,-5.23E-04,-7.13E-04,-6.59E-04,-4.42E-04,-4.56E-04,-6.30E-04,-7.06E-04,-6.94E-04,-5.64E-04,-4.63E-04,-4.26E-04,-7.76E-04,-6.15E-04,-2.86E-04,-1.47E-04
2923,-8.41E-04,-8.17E-04,-7.63E-04,-8.74E-04,-7.66E-04,-5.20E-04,-7.09E-04,-6.56E-04,-4.43E-04,-4.55E-04,-6.27E-04,-7.05E-04,-6.94E-04,-5.63E-04,-4.63E-04,-4.24E-04,-7.75E-04,-6.14E-04,-2.86E-04,-1.51E-04
2924,-8.36E-04,-8.14E-04,-7.57E-04,-8.69E-04,-7.60E-04,-5.15E-04,-7.05E-04,-6.52E-04,-4.43E-04,-4.53E-04,-6.22E-04,-7.03E-04,-6.94E-04,-5.60E-04,-4.61E-04,-4.22E-04,-7.74E-04,-6.13E-04,-2.85E-04,-1.53E-04
2925,-8.30E-04,-8.09E-04,-7.51E-04,-8.63E-04,-7.54E-04,-5.10E-04,-6.99E-04,-6.47E-04,-4.42E-04,-4.50E-04,-6.16E-04,-7.00E-04,-6.91E-04,-5.56E-04,-4.59E-04,-4.19E-04,-7.71E-04,-6.11E-04,-2.83E-04,-1.55E-04
2926,-8.24E-04,-8.04E-04,-7.44E-04,-8.56E-04,-7.47E-04,-5.04E-04,-6.93E-04,-6.41E-04,-4.40E-04,-4.46E-04,-6.08E-04,-6.96E-04,-6.88E-04,-5.52E-04,-4.55E-04,-4.15E-04,-7.67E-04,-6.08E-04,-2.81E-04,-1.55E-04
2927,-8.17E-04,-7.99E-04,-7.37E-04,-8.48E-04,-7.39E-04,-4.98E-04,-6.87E-04,-6.35E-04,-4.38E-04,-4.42E-04,-5.99E-04,-6.90E-04,-6.84E-04,-5.46E-04,-4.50E-04,-4.10E-04,-7.62E-04,-6.04E-04,-2.78E-04,-1.54E-04
2928,-8.08E-04,-7.93E-04,-7.29E-04,-8.41E-04,-7.31E-04,-4.93E-04,-6.80E-04,-6.28E-04,-4.35E-04,-4.37E-04,-5.89E-04,-6.84E-04,-6.78E-04,-5.40E-04,-4.44E-04,-4.05E-04,-7.56E-04,-5.99E-04,-2.75E-04,-1.53E-04
2929,-8.00E-04,-7.86E-04,-7.22E-04,-8.33E-04,-7.22E-04,-4.87E-04,-6.73E-04,-6.22E-04,-4.32E-04,-4.32E-04,-5.78E-04,-6.77E-04,-6.72E-04,-5.33E-04,-4.37E-04,-3.98E-04,-7.49E-04,-5.94E-04,-2.71E-04,-1.50E-04
2930,-7.91E-04,-7.80E-04,-7.14E-04,-8.26E-04,-7.15E-04,-4.83E-04,-6.67E-04,-6.16E-04,-4.28E-04,-4.27E-04,-5.66E-04,-6.69E-04,-6.65E-04,-5.26E-04,-4.29E-04,-3.91E-04,-7.40E-04,-5.88E-04,-2.68E-04,-1.48E-04
2931,-7.81E-04,-7.73E-04,-7.07E-04,-8.20E-04,-7.07E-04,-4.79E-04,-6.61E-04,-6.11E-04,-4.24E-04,-4.23E-04,-5.55E-04,-6.61E-04,-6.58E-04,-5.19E-04,-4.21E-04,-3.83E-04,-7.31E-04,-5.82E-04,-2.64E-04,-1.45E-04
2932,-7.72E-04,-7.66E-04,-6.99E-04,-8.15E-04,-7.01E-04,-4.77E-04,-6.55E-04,-6.06E-04,-4.20E-04,-4.20E-04,-5.44E-04,-6.52E-04,-6.50E-04,-5.12E-04,-4.13E-04,-3.74E-04,-7.21E-04,-5.75E-04,-2.60E-04,-1.42E-04
2933,-7.63E-04,-7.60E-04,-6.92E-04,-8.10E-04,-6.96E-04,-4.76E-04,-6.51E-04,-6.03E-04,-4.17E-04,-4.17E-04,-5.33E-04,-6.44E-04,-6.43E-04,-5.06E-04,-4.04E-04,-3.66E-04,-7.11E-04,-5.69E-04,-2.56E-04,-1.39E-04
2934,-7.55E-04,-7.54E-04,-6.86E-04,-8.07E-04,-6.92E-04,-4.77E-04,-6.48E-04,-6.00E-04,-4.15E-04,-4.16E-04,-5.23E-04,-6.36E-04,-6.37E-04,-5.00E-04,-3.97E-04,-3.58E-04,-7.01E-04,-5.63E-04,-2.53E-04,-1.37E-04
2935,-7.47E-04,-7.48E-04,-6.81E-04,-8.04E-04,-6.89E-04,-4.80E-04,-6.46E-04,-5.99E-04,-4.13E-04,-4.17E-04,-5.15E-04,-6.28E-04,-6.31E-04,-4.95E-04,-3.90E-04,-3.50E-04,-6.91E-04,-5.57E-04,-2.51E-04,-1.35E-04
2936,-7.41E-04,-7.44E-04,-6.77E-04,-8.04E-04,-6.88E-04,-4.84E-04,-6.46E-04,-5.99E-04,-4.12E-04,-4.19E-04,-5.08E-04,-6.22E-04,-6.26E-04,-4.91E-04,-3.84E-04,-3.43E-04,-6.81E-04,-5.53E-04,-2.49E-04,-1.35E-04
2937,-7.36E-04,-7.40E-04,-6.73E-04,-8.04E-04,-6.88E-04,-4.89E-04,-6.47E-04,-6.01E-04,-4.11E-04,-4.22E-04,-5.03E-04,-6.16E-04,-6.23E-04,-4.88E-04,-3.79E-04,-3.36E-04,-6.73E-04,-5.48E-04,-2.48E-04,-1.35E-04
2938,-7.32E-04,-7.37E-04,-6.71E-04,-8.06E-04,-6.90E-04,-4.96E-04,-6.50E-04,-6.04E-04,-4.12E-04,-4.27E-04,-5.00E-04,-6.12E-04,-6.21E-04,-4.86E-04,-3.76E-04,-3.30E-04,-6.65E-04,-5.45E-04,-2.48E-04,-1.36E-04
2939,-7.29E-04,-7.36E-04,-6.70E-04,-8.09E-04,-6.94E-04,-5.04E-04,-6.53E-04,-6.08E-04,-4.15E-04,-4.34E-04,-4.99E-04,-6.08E-04,-6.20E-04,-4.86E-04,-3.74E-04,-3.25E-04,-6.59E-04,-5.43E-04,-2.49E-04,-1.39E-04
2940,-7.28E-04,-7.36E-04,-6.70E-04,-8.14E-04,-6.99E-04,-5.13E-04,-6.59E-04,-6.14E-04,-4.18E-04,-4.42E-04,-4.99E-04,-6.07E-04,-6.21E-04,-4.87E-04,-3.74E-04,-3.22E-04,-6.55E-04,-5.42E-04,-2.50E-04,-1.43E-04
2941,-7.28E-04,-7.37E-04,-6.72E-04,-8.19E-04,-7.05E-04,-5.23E-04,-6.65E-04,-6.20E-04,-4.22E-04,-4.51E-04,-5.01E-04,-6.06E-04,-6.23E-04,-4.89E-04,-3.76E-04,-3.19E-04,-6.52E-04,-5.42E-04,-2.53E-04,-1.47E-04
2942,-7.30E-04,-7.39E-04,-6.74E-04,-8.26E-04,-7.12E-04,-5.33E-04,-6.72E-04,-6.28E-04,-4.27E-04,-4.61E-04,-5.05E-04,-6.07E-04,-6.26E-04,-4.93E-04,-3.79E-04,-3.17E-04,-6.51E-04,-5.44E-04,-2.56E-04,-1.53E-04
2943,-7.33E-04,-7.42E-04,-6.78E-04,-8.33E-04,-7.19E-04,-5.43E-04,-6.80E-04,-6.36E-04,-4.33E-04,-4.71E-04,-5.10E-04,-6.09E-04,-6.30E-04,-4.97E-04,-3.83E-04,-3.15E-04,-6.51E-04,-5.46E-04,-2.60E-04,-1.60E-04
2944,-7.37E-04,-7.47E-04,-6.82E-04,-8.40E-04,-7.28E-04,-5.54E-04,-6.89E-04,-6.44E-04,-4.40E-04,-4.82E-04,-5.15E-04,-6.12E-04,-6.35E-04,-5.01E-04,-3.88E-04,-3.14E-04,-6.52E-04,-5.48E-04,-2.65E-04,-1.67E-04
2945,-7.42E-04,-7.52E-04,-6.87E-04,-8.48E-04,-7.36E-04,-5.64E-04,-6.98E-04,-6.53E-04,-4.47E-04,-4.93E-04,-5.21E-04,-6.15E-04,-6.40E-04,-5.06E-04,-3.94E-04,-3.14E-04,-6.54E-04,-5.51E-04,-2.69E-04,-1.75E-04
2946,-7.47E-04,-7.57E-04,-6.92E-04,-8.55E-04,-7.44E-04,-5.73E-04,-7.06E-04,-6.62E-04,-4.53E-04,-5.03E-04,-5.27E-04,-6.19E-04,-6.46E-04,-5.10E-04,-4.01E-04,-3.13E-04,-6.57E-04,-5.55E-04,-2.74E-04,-1.82E-04
2947,-7.52E-04,-7.63E-04,-6.98E-04,-8.62E-04,-7.52E-04,-5.82E-04,-7.15E-04,-6.71E-04,-4.60E-04,-5.12E-04,-5.32E-04,-6.24E-04,-6.51E-04,-5.15E-04,-4.07E-04,-3.12E-04,-6.60E-04,-5.58E-04,-2.79E-04,-1.90E-04
2948,-7.58E-04,-7.69E-04,-7.03E-04,-8.69E-04,-7.59E-04,-5.90E-04,-7.23E-04,-6.79E-04,-4.67E-04,-5.20E-04,-5.37E-04,-6.28E-04,-6.56E-04,-5.18E-04,-4.13E-04,-3.10E-04,-6.64E-04,-5.61E-04,-2.83E-04,-1.98E-04
2949,-7.63E-04,-7.74E-04,-7.08E-04,-8.74E-04,-7.65E-04,-5.96E-04,-7.30E-04,-6.86E-04,-4.73E-04,-5.27E-04,-5.41E-04,-6.31E-04,-6.59E-04,-5.21E-04,-4.19E-04,-3.08E-04,-6.66E-04,-5.63E-04,-2.87E-04,-2.05E-04
2950,-7.67E-04,-7.79E-04,-7.13E-04,-8.78E-04,-7.70E-04,-6.01E-04,-7.36E-04,-6.93E-04,-4.78E-04,-5.32E-04,-5.43E-04,-6.35E-04,-6.62E-04,-5.22E-04,-4.24E-04,-3.04E-04,-6.68E-04,-5.64E-04,-2.90E-04,-2.11E-04
2951,-7.70E-04,-7.82E-04,-7.16E-04,-8.81E-04,-7.73E-04,-6.04E-04,-7.40E-04,-6.98E-04,-4.82E-04,-5.36E-04,-5.43E-04,-6.37E-04,-6.64E-04,-5.22E-04,-4.27E-04,-2.99E-04,-6.68E-04,-5.64E-04,-2.93E-04,-2.16E-04
2952,-7.72E-04,-7.85E-04,-7.19E-04,-8.83E-04,-7.74E-04,-6.06E-04,-7.44E-04,-7.02E-04,-4.85E-04,-5.38E-04,-5.42E-04,-6.38E-04,-6.64E-04,-5.21E-04,-4.29E-04,-2.92E-04,-6.67E-04,-5.63E-04,-2.94E-04,-2.21E-04
2953,-7.72E-04,-7.86E-04,-7.20E-04,-8.82E-04,-7.74E-04,-6.06E-04,-7.45E-04,-7.05E-04,-4.87E-04,-5.38E-04,-5.39E-04,-6.38E-04,-6.62E-04,-5.18E-04,-4.29E-04,-2.83E-04,-6.64E-04,-5.60E-04,-2.95E-04,-2.24E-04
2954,-7.71E-04,-7.85E-04,-7.20E-04,-8.80E-04,-7.71E-04,-6.04E-04,-7.46E-04,-7.06E-04,-4.87E-04,-5.36E-04,-5.34E-04,-6.36E-04,-6.59E-04,-5.13E-04,-4.28E-04,-2.73E-04,-6.59E-04,-5.56E-04,-2.94E-04,-2.27E-04
2955,-7.69E-04,-7.83E-04,-7.18E-04,-8.77E-04,-7.67E-04,-6.00E-04,-7.44E-04,-7.06E-04,-4.86E-04,-5.33E-04,-5.28E-04,-6.33E-04,-6.54E-04,-5.07E-04,-4.26E-04,-2.60E-04,-6.52E-04,-5.50E-04,-2.92E-04,-2.28E-04
2956,-7.65E-04,-7.79E-04,-7.15E-04,-8.72E-04,-7.60E-04,-5.94E-04,-7.41E-04,-7.05E-04,-4.85E-04,-5.29E-04,-5.20E-04,-6.29E-04,-6.48E-04,-5.00E-04,-4.21E-04,-2.46E-04,-6.43E-04,-5.43E-04,-2.89E-04,-2.29E-04
2957,-7.60E-04,-7.73E-04,-7.11E-04,-8.65E-04,-7.53E-04,-5.87E-04,-7.37E-04,-7.02E-04,-4.82E-04,-5.23E-04,-5.11E-04,-6.23E-04,-6.40E-04,-4.91E-04,-4.16E-04,-2.31E-04,-6.33E-04,-5.34E-04,-2.86E-04,-2.28E-04
2958,-7.53E-04,-7.66E-04,-7.05E-04,-8.57E-04,-7.43E-04,-5.79E-04,-7.31E-04,-6.97E-04,-4.78E-04,-5.16E-04,-5.01E-04,-6.17E-04,-6.32E-04,-4.82E-04,-4.09E-04,-2.13E-04,-6.20E-04,-5.24E-04,-2.81E-04,-2.28E-04
2959,-7.46E-04,-7.57E-04,-6.97E-04,-8.48E-04,-7.32E-04,-5.69E-04,-7.24E-04,-6.92E-04,-4.73E-04,-5.09E-04,-4.90E-04,-6.09E-04,-6.22E-04,-4.72E-04,-4.02E-04,-1.95E-04,-6.06E-04,-5.13E-04,-2.76E-04,-2.26E-04
2960,-7.38E-04,-7.47E-04,-6.89E-04,-8.39E-04,-7.20E-04,-5.58E-04,-7.17E-04,-6.86E-04,-4.67E-04,-5.01E-04,-4.79E-04,-6.01E-04,-6.12E-04,-4.62E-04,-3.93E-04,-1.76E-04,-5.92E-04,-5.02E-04,-2.70E-04,-2.24E-04
2961,-7.29E-04,-7.37E-04,-6.80E-04,-8.29E-04,-7.08E-04,-5.46E-04,-7.08E-04,-6.79E-04,-4.61E-04,-4.94E-04,-4.69E-04,-5.92E-04,-6.02E-04,-4.51E-04,-3.84E-04,-1.56E-04,-5.76E-04,-4.90E-04,-2.64E-04,-2.22E-04
2962,-7.20E-04,-7.26E-04,-6.70E-04,-8.18E-04,-6.95E-04,-5.34E-04,-6.99E-04,-6.71E-04,-4.55E-04,-4.86E-04,-4.58E-04,-5.83E-04,-5.91E-04,-4.41E-04,-3.75E-04,-1.35E-04,-5.61E-04,-4.78E-04,-2.58E-04,-2.21E-04
2963,-7.10E-04,-7.15E-04,-6.60E-04,-8.08E-04,-6.81E-04,-5.21E-04,-6.90E-04,-6.63E-04,-4.49E-04,-4.78E-04,-4.48E-04,-5.73E-04,-5.81E-04,-4.31E-04,-3.66E-04,-1.15E-04,-5.45E-04,-4.65E-04,-2.52E-04,-2.19E-04
2964,-7.01E-04,-7.04E-04,-6.50E-04,-7.98E-04,-6.68E-04,-5.09E-04,-6.81E-04,-6.55E-04,-4.43E-04,-4.71E-04,-4.39E-04,-5.64E-04,-5.70E-04,-4.22E-04,-3.57E-04,-9.40E-05,-5.30E-04,-4.53E-04,-2.46E-04,-2.18E-04
2965,-6.92E-04,-6.93E-04,-6.39E-04,-7.88E-04,-6.55E-04,-4.96E-04,-6.72E-04,-6.47E-04,-4.37E-04,-4.65E-04,-4.31E-04,-5.55E-04,-5.60E-04,-4.13E-04,-3.49E-04,-7.34E-05,-5.15E-04,-4.42E-04,-2.40E-04,-2.17E-04
2966,-6.84E-04,-6.83E-04,-6.29E-04,-7.79E-04,-6.42E-04,-4.84E-04,-6.64E-04,-6.39E-04,-4.32E-04,-4.59E-04,-4.23E-04,-5.47E-04,-5.51E-04,-4.05E-04,-3.41E-04,-5.30E-05,-5.01E-04,-4.31E-04,-2.35E-04,-2.17E-04
2967,-6.76E-04,-6.73E-04,-6.19E-04,-7.71E-04,-6.30E-04,-4.72E-04,-6.55E-04,-6.31E-04,-4.27E-04,-4.54E-04,-4.17E-04,-5.39E-04,-5.42E-04,-3.97E-04,-3.33E-04,-3.29E-05,-4.88E-04,-4.20E-04,-2.30E-04,-2.17E-04
2968,-6.69E-04,-6.65E-04,-6.09E-04,-7.63E-04,-6.18E-04,-4.61E-04,-6.48E-04,-6.23E-04,-4.22E-04,-4.49E-04,-4.10E-04,-5.31E-04,-5.33E-04,-3.90E-04,-3.25E-04,-1.32E-05,-4.76E-04,-4.10E-04,-2.25E-04,-2.18E-04
2969,-6.62E-04,-6.57E-04,-6.00E-04,-7.56E-04,-6.07E-04,-4.50E-04,-6.40E-04,-6.16E-04,-4.18E-04,-4.45E-04,-4.05E-04,-5.24E-04,-5.25E-04,-3.84E-04,-3.18E-04,6.19E-06,-4.65E-04,-4.01E-04,-2.21E-04,-2.19E-04
2970,-6.56E-04,-6.50E-04,-5.91E-04,-7.50E-04,-5.96E-04,-4.40E-04,-6.34E-04,-6.09E-04,-4.14E-04,-4.42E-04,-3.99E-04,-5.17E-04,-5.17E-04,-3.78E-04,-3.10E-04,2.53E-05,-4.55E-04,-3.92E-04,-2.17E-04,-2.21E-04
2971,-6.50E-04,-6.43E-04,-5.82E-04,-7.44E-04,-5.86E-04,-4.30E-04,-6.27E-04,-6.02E-04,-4.10E-04,-4.39E-04,-3.93E-04,-5.10E-04,-5.09E-04,-3.72E-04,-3.03E-04,4.43E-05,-4.45E-04,-3.84E-04,-2.13E-04,-2.23E-04
2972,-6.43E-04,-6.37E-04,-5.74E-04,-7.38E-04,-5.75E-04,-4.20E-04,-6.21E-04,-5.96E-04,-4.07E-04,-4.36E-04,-3.86E-04,-5.04E-04,-5.01E-04,-3.66E-04,-2.96E-04,6.33E-05,-4.35E-04,-3.76E-04,-2.09E-04,-2.26E-04
2973,-6.37E-04,-6.32E-04,-5.65E-04,-7.31E-04,-5.64E-04,-4.10E-04,-6.15E-04,-5.89E-04,-4.04E-04,-4.33E-04,-3.79E-04,-4.97E-04,-4.93E-04,-3.59E-04,-2.88E-04,8.23E-05,-4.25E-04,-3.67E-04,-2.06E-04,-2.28E-04
2974,-6.31E-04,-6.26E-04,-5.56E-04,-7.25E-04,-5.53E-04,-4.00E-04,-6.09E-04,-5.82E-04,-4.00E-04,-4.30E-04,-3.71E-04,-4.90E-04,-4.84E-04,-3.52E-04,-2.79E-04,1.01E-04,-4.15E-04,-3.59E-04,-2.02E-04,-2.31E-04
2975,-6.23E-04,-6.21E-04,-5.47E-04,-7.18E-04,-5.42E-04,-3.90E-04,-6.02E-04,-5.75E-04,-3.96E-04,-4.27E-04,-3.62E-04,-4.83E-04,-4.74E-04,-3.44E-04,-2.70E-04,1.21E-04,-4.04E-04,-3.50E-04,-1.98E-04,-2.34E-04
2976,-6.16E-04,-6.15E-04,-5.37E-04,-7.10E-04,-5.29E-04,-3.79E-04,-5.95E-04,-5.67E-04,-3.92E-04,-4.23E-04,-3.51E-04,-4.75E-04,-4.64E-04,-3.35E-04,-2.59E-04,1.41E-04,-3.93E-04,-3.40E-04,-1.94E-04,-2.37E-04
2977,-6.07E-04,-6.08E-04,-5.27E-04,-7.01E-04,-5.16E-04,-3.67E-04,-5.88E-04,-5.59E-04,-3.87E-04,-4.19E-04,-3.39E-04,-4.66E-04,-4.52E-04,-3.25E-04,-2.48E-04,1.61E-04,-3.80E-04,-3.30E-04,-1.89E-04,-2.39E-04
2978,-5.97E-04,-6.01E-04,-5.16E-04,-6.91E-04,-5.01E-04,-3.55E-04,-5.80E-04,-5.50E-04,-3.82E-04,-4.14E-04,-3.24E-04,-4.57E-04,-4.39E-04,-3.13E-04,-2.36E-04,1.82E-04,-3.66E-04,-3.19E-04,-1.85E-04,-2.41E-04
2979,-5.87E-04,-5.93E-04,-5.03E-04,-6.80E-04,-4.85E-04,-3.41E-04,-5.71E-04,-5.41E-04,-3.76E-04,-4.08E-04,-3.09E-04,-4.46E-04,-4.25E-04,-3.00E-04,-2.23E-04,2.03E-04,-3.51E-04,-3.08E-04,-1.79E-04,-2.43E-04
2980,-5.75E-04,-5.84E-04,-4.90E-04,-6.67E-04,-4.68E-04,-3.26E-04,-5.62E-04,-5.30E-04,-3.69E-04,-4.02E-04,-2.91E-04,-4.35E-04,-4.10E-04,-2.85E-04,-2.08E-04,2.24E-04,-3.34E-04,-2.95E-04,-1.74E-04,-2.45E-04
2981,-5.62E-04,-5.74E-04,-4.76E-04,-6.54E-04,-4.50E-04,-3.10E-04,-5.52E-04,-5.19E-04,-3.61E-04,-3.95E-04,-2.72E-04,-4.22E-04,-3.94E-04,-2.70E-04,-1.93E-04,2.46E-04,-3.15E-04,-2.82E-04,-1.68E-04,-2.46E-04
2982,-5.49E-04,-5.64E-04,-4.61E-04,-6.40E-04,-4.31E-04,-2.93E-04,-5.41E-04,-5.07E-04,-3.53E-04,-3.88E-04,-2.52E-04,-4.09E-04,-3.77E-04,-2.53E-04,-1.78E-04,2.68E-04,-2.96E-04,-2.68E-04,-1.62E-04,-2.48E-04
2983,-5.35E-04,-5.52E-04,-4.45E-04,-6.25E-04,-4.11E-04,-2.75E-04,-5.31E-04,-4.95E-04,-3.45E-04,-3.81E-04,-2.31E-04,-3.95E-04,-3.59E-04,-2.35E-04,-1.61E-04,2.89E-04,-2.75E-04,-2.54E-04,-1.55E-04,-2.49E-04
2984,-5.21E-04,-5.40E-04,-4.29E-04,-6.09E-04,-3.91E-04,-2.57E-04,-5.20E-04,-4.82E-04,-3.36E-04,-3.73E-04,-2.09E-04,-3.81E-04,-3.40E-04,-2.16E-04,-1.45E-04,3.10E-04,-2.54E-04,-2.39E-04,-1.49E-04,-2.50E-04
2985,-5.06E-04,-5.28E-04,-4.13E-04,-5.94E-04,-3.70E-04,-2.38E-04,-5.09E-04,-4.69E-04,-3.27E-04,-3.65E-04,-1.86E-04,-3.66E-04,-3.21E-04,-1.97E-04,-1.28E-04,3.31E-04,-2.32E-04,-2.24E-04,-1.42E-04,-2.52E-04
2986,-4.91E-04,-5.16E-04,-3.96E-04,-5.79E-04,-3.50E-04,-2.20E-04,-4.99E-04,-4.57E-04,-3.18E-04,-3.58E-04,-1.64E-04,-3.51E-04,-3.02E-04,-1.78E-04,-1.11E-04,3.50E-04,-2.10E-04,-2.10E-04,-1.36E-04,-2.54E-04
2987,-4.77E-04,-5.04E-04,-3.79E-04,-5.65E-04,-3.30E-04,-2.02E-04,-4.90E-04,-4.45E-04,-3.09E-04,-3.51E-04,-1.41E-04,-3.36E-04,-2.83E-04,-1.59E-04,-9.49E-05,3.69E-04,-1.88E-04,-1.95E-04,-1.30E-04,-2.56E-04
2988,-4.63E-04,-4.93E-04,-3.63E-04,-5.52E-04,-3.10E-04,-1.84E-04,-4.81E-04,-4.34E-04,-3.01E-04,-3.45E-04,-1.19E-04,-3.22E-04,-2.65E-04,-1.40E-04,-7.94E-05,3.87E-04,-1.67E-04,-1.81E-04,-1.25E-04,-2.59E-04
2989,-4.50E-04,-4.82E-04,-3.48E-04,-5.40E-04,-2.92E-04,-1.68E-04,-4.74E-04,-4.24E-04,-2.94E-04,-3.40E-04,-9.79E-05,-3.08E-04,-2.47E-04,-1.22E-04,-6.48E-05,4.02E-04,-1.46E-04,-1.68E-04,-1.21E-04,-2.62E-04
2990,-4.39E-04,-4.73E-04,-3.33E-04,-5.29E-04,-2.75E-04,-1.53E-04,-4.69E-04,-4.16E-04,-2.87E-04,-3.35E-04,-7.79E-05,-2.95E-04,-2.30E-04,-1.05E-04,-5.13E-05,4.17E-04,-1.26E-04,-1.55E-04,-1.17E-04,-2.67E-04
2991,-4.28E-04,-4.64E-04,-3.19E-04,-5.21E-04,-2.60E-04,-1.39E-04,-4.64E-04,-4.09E-04,-2.82E-04,-3.33E-04,-5.92E-05,-2.83E-04,-2.14E-04,-8.93E-05,-3.91E-05,4.29E-04,-1.08E-04,-1.44E-04,-1.14E-04,-2.72E-04
2992,-4.19E-04,-4.57E-04,-3.07E-04,-5.14E-04,-2.46E-04,-1.28E-04,-4.62E-04,-4.04E-04,-2.77E-04,-3.31E-04,-4.22E-05,-2.72E-04,-2.00E-04,-7.49E-05,-2.85E-05,4.39E-04,-9.07E-05,-1.34E-04,-1.13E-04,-2.78E-04
2993,-4.11E-04,-4.52E-04,-2.96E-04,-5.10E-04,-2.34E-04,-1.18E-04,-4.62E-04,-4.00E-04,-2.75E-04,-3.31E-04,-2.69E-05,-2.63E-04,-1.87E-04,-6.21E-05,-1.96E-05,4.48E-04,-7.52E-05,-1.25E-04,-1.12E-04,-2.85E-04
2994,-4.05E-04,-4.47E-04,-2.87E-04,-5.07E-04,-2.25E-04,-1.11E-04,-4.63E-04,-3.99E-04,-2.73E-04,-3.33E-04,-1.36E-05,-2.55E-04,-1.76E-04,-5.11E-05,-1.24E-05,4.54E-04,-6.12E-05,-1.18E-04,-1.13E-04,-2.93E-04
2995,-4.01E-04,-4.45E-04,-2.80E-04,-5.07E-04,-2.17E-04,-1.05E-04,-4.66E-04,-3.99E-04,-2.73E-04,-3.36E-04,-2.21E-06,-2.49E-04,-1.67E-04,-4.18E-05,-7.22E-06,4.58E-04,-4.90E-05,-1.12E-04,-1.15E-04,-3.02E-04
2996,-3.99E-04,-4.44E-04,-2.74E-04,-5.09E-04,-2.11E-04,-1.02E-04,-4.71E-04,-4.02E-04,-2.74E-04,-3.41E-04,7.08E-06,-2.45E-04,-1.60E-04,-3.44E-05,-3.94E-06,4.60E-04,-3.85E-05,-1.08E-04,-1.18E-04,-3.12E-04
2997,-3.98E-04,-4.44E-04,-2.69E-04,-5.12E-04,-2.07E-04,-1.01E-04,-4.77E-04,-4.06E-04,-2.77E-04,-3.47E-04,1.43E-05,-2.41E-04,-1.54E-04,-2.88E-05,-2.66E-06,4.60E-04,-2.96E-05,-1.05E-04,-1.23E-04,-3.23E-04
2998,-3.99E-04,-4.46E-04,-2.66E-04,-5.17E-04,-2.05E-04,-1.02E-04,-4.85E-04,-4.12E-04,-2.80E-04,-3.55E-04,1.96E-05,-2.40E-04,-1.51E-04,-2.49E-05,-3.37E-06,4.58E-04,-2.24E-05,-1.04E-04,-1.28E-04,-3.35E-04
2999,-4.02E-04,-4.49E-04,-2.65E-04,-5.24E-04,-2.05E-04,-1.04E-04,-4.94E-04,-4.20E-04,-2.85E-04,-3.64E-04,2.30E-05,-2.40E-04,-1.49E-04,-2.27E-05,-6.02E-06,4.53E-04,-1.67E-05,-1.04E-04,-1.35E-04,-3.48E-04
3000,-4.06E-04,-4.52E-04,-2.65E-04,-5.32E-04,-2.06E-04,-1.08E-04,-5.04E-04,-4.29E-04,-2.91E-04,-3.74E-04,2.47E-05,-2.41E-04,-1.49E-04,-2.19E-05,-1.06E-05,4.48E-04,-1.25E-05,-1.06E-04,-1.43E-04,-3.62E-04
3001,-4.11E-04,-4.57E-04,-2.66E-04,-5.41E-04,-2.08E-04,-1.13E-04,-5.15E-04,-4.39E-04,-2.98E-04,-3.85E-04,2.48E-05,-2.44E-04,-1.50E-04,-2.24E-05,-1.68E-05,4.40E-04,-9.65E-06,-1.10E-04,-1.52E-04,-3.76E-04
3002,-4.17E-04,-4.62E-04,-2.68E-04,-5.50E-04,-2.11E-04,-1.19E-04,-5.26E-04,-4.49E-04,-3.06E-04,-3.96E-04,2.36E-05,-2.47E-04,-1.53E-04,-2.40E-05,-2.48E-05,4.31E-04,-8.03E-06,-1.14E-04,-1.61E-04,-3.91E-04
3003,-4.25E-04,-4.68E-04,-2.72E-04,-5.60E-04,-2.15E-04,-1.25E-04,-5.37E-04,-4.60E-04,-3.13E-04,-4.07E-04,2.14E-05,-2.52E-04,-1.57E-04,-2.64E-05,-3.41E-05,4.20E-04,-7.51E-06,-1.20E-04,-1.71E-04,-4.06E-04
3004,-4.34E-04,-4.75E-04,-2.76E-04,-5.70E-04,-2.20E-04,-1.32E-04,-5.49E-04,-4.72E-04,-3.22E-04,-4.19E-04,1.84E-05,-2.57E-04,-1.61E-04,-2.94E-05,-4.47E-05,4.09E-04,-7.95E-06,-1.26E-04,-1.81E-04,-4.21E-04
3005,-4.43E-04,-4.81E-04,-2.80E-04,-5.80E-04,-2.24E-04,-1.38E-04,-5.60E-04,-4.83E-04,-3.30E-04,-4.30E-04,1.50E-05,-2.62E-04,-1.66E-04,-3.27E-05,-5.62E-05,3.97E-04,-9.19E-06,-1.33E-04,-1.92E-04,-4.37E-04
3006,-4.52E-04,-4.87E-04,-2.85E-04,-5.90E-04,-2.29E-04,-1.44E-04,-5.71E-04,-4.94E-04,-3.38E-04,-4.40E-04,1.14E-05,-2.68E-04,-1.72E-04,-3.60E-05,-6.85E-05,3.84E-04,-1.11E-05,-1.41E-04,-2.03E-04,-4.53E-04
3007,-4.62E-04,-4.93E-04,-2.89E-04,-6.00E-04,-2.33E-04,-1.50E-04,-5.81E-04,-5.05E-04,-3.47E-04,-4.50E-04,8.14E-06,-2.74E-04,-1.77E-04,-3.90E-05,-8.12E-05,3.72E-04,-1.34E-05,-1.49E-04,-2.13E-04,-4.68E-04
3008,-4.72E-04,-4.99E-04,-2.94E-04,-6.08E-04,-2.37E-04,-1.55E-04,-5.91E-04,-5.15E-04,-3.54E-04,-4.59E-04,5.42E-06,-2.79E-04,-1.82E-04,-4.15E-05,-9.40E-05,3.59E-04,-1.59E-05,-1.56E-04,-2.23E-04,-4.82E-04
3009,-4.82E-04,-5.04E-04,-2.98E-04,-6.16E-04,-2.40E-04,-1.58E-04,-6.00E-04,-5.24E-04,-3.62E-04,-4.67E-04,3.61E-06,-2.84E-04,-1.86E-04,-4.33E-05,-1.07E-04,3.47E-04,-1.84E-05,-1.64E-04,-2.32E-04,-4.96E-04
3010,-4.91E-04,-5.08E-04,-3.01E-04,-6.23E-04,-2.42E-04,-1.61E-04,-6.07E-04,-5.31E-04,-3.68E-04,-4.73E-04,3.03E-06,-2.89E-04,-1.89E-04,-4.40E-05,-1.19E-04,3.35E-04,-2.06E-05,-1.70E-04,-2.40E-04,-5.10E-04
3011,-4.99E-04,-5.12E-04,-3.04E-04,-6.28E-04,-2.43E-04,-1.62E-04,-6.13E-04,-5.38E-04,-3.74E-04,-4.78E-04,3.94E-06,-2.92E-04,-1.90E-04,-4.35E-05,-1.30E-04,3.25E-04,-2.24E-05,-1.76E-04,-2.48E-04,-5.22E-04
3012,-5.06E-04,-5.14E-04,-3.06E-04,-6.32E-04,-2.43E-04,-1.61E-04,-6.18E-04,-5.43E-04,-3.79E-04,-4.81E-04,6.58E-06,-2.94E-04,-1.91E-04,-4.16E-05,-1.40E-04,3.15E-04,-2.34E-05,-1.81E-04,-2.54E-04,-5.33E-04
3013,-5.12E-04,-5.14E-04,-3.06E-04,-6.34E-04,-2.40E-04,-1.58E-04,-6.22E-04,-5.46E-04,-3.82E-04,-4.82E-04,1.11E-05,-2.94E-04,-1.89E-04,-3.83E-05,-1.49E-04,3.07E-04,-2.34E-05,-1.84E-04,-2.58E-04,-5.42E-04
3014,-5.16E-04,-5.14E-04,-3.05E-04,-6.35E-04,-2.36E-04,-1.54E-04,-6.24E-04,-5.48E-04,-3.85E-04,-4.82E-04,1.77E-05,-2.94E-04,-1.86E-04,-3.33E-05,-1.56E-04,3.01E-04,-2.21E-05,-1.85E-04,-2.62E-04,-5.50E-04
3015,-5.19E-04,-5.11E-04,-3.02E-04,-6.34E-04,-2.30E-04,-1.48E-04,-6.24E-04,-5.49E-04,-3.87E-04,-4.81E-04,2.63E-05,-2.91E-04,-1.82E-04,-2.69E-05,-1.62E-04,2.96E-04,-1.93E-05,-1.84E-04,-2.64E-04,-5.57E-04
3016,-5.20E-04,-5.07E-04,-2.98E-04,-6.30E-04,-2.22E-04,-1.40E-04,-6.23E-04,-5.47E-04,-3.88E-04,-4.78E-04,3.69E-05,-2.87E-04,-1.75E-04,-1.89E-05,-1.66E-04,2.93E-04,-1.49E-05,-1.82E-04,-2.65E-04,-5.62E-04
3017,-5.19E-04,-5.01E-04,-2.92E-04,-6.25E-04,-2.13E-04,-1.31E-04,-6.21E-04,-5.45E-04,-3.87E-04,-4.73E-04,4.93E-05,-2.81E-04,-1.67E-04,-9.45E-06,-1.68E-04,2.92E-04,-8.66E-06,-1.78E-04,-2.64E-04,-5.66E-04
3018,-5.16E-04,-4.94E-04,-2.84E-04,-6.18E-04,-2.01E-04,-1.20E-04,-6.17E-04,-5.41E-04,-3.85E-04,-4.67E-04,6.35E-05,-2.73E-04,-1.57E-04,1.24E-06,-1.69E-04,2.92E-04,-6.00E-07,-1.72E-04,-2.62E-04,-5.68E-04
3019,-5.11E-04,-4.85E-04,-2.75E-04,-6.10E-04,-1.88E-04,-1.07E-04,-6.12E-04,-5.35E-04,-3.83E-04,-4.61E-04,7.90E-05,-2.64E-04,-1.45E-04,1.30E-05,-1.68E-04,2.94E-04,9.31E-06,-1.65E-04,-2.59E-04,-5.69E-04
3020,-5.05E-04,-4.74E-04,-2.64E-04,-6.00E-04,-1.73E-04,-9.40E-05,-6.06E-04,-5.29E-04,-3.80E-04,-4.54E-04,9.56E-05,-2.53E-04,-1.33E-04,2.55E-05,-1.66E-04,2.97E-04,2.10E-05,-1.56E-04,-2.55E-04,-5.69E-04
3021,-4.97E-04,-4.62E-04,-2.52E-04,-5.88E-04,-1.58E-04,-7.98E-05,-5.99E-04,-5.21E-04,-3.75E-04,-4.46E-04,1.13E-04,-2.41E-04,-1.19E-04,3.86E-05,-1.62E-04,3.01E-04,3.43E-05,-1.45E-04,-2.51E-04,-5.68E-04
3022,-4.88E-04,-4.48E-04,-2.39E-04,-5.76E-04,-1.41E-04,-6.52E-05,-5.92E-04,-5.13E-04,-3.71E-04,-4.38E-04,1.30E-04,-2.28E-04,-1.05E-04,5.18E-05,-1.58E-04,3.06E-04,4.91E-05,-1.34E-04,-2.46E-04,-5.66E-04
3023,-4.78E-04,-4.34E-04,-2.25E-04,-5.63E-04,-1.25E-04,-5.07E-05,-5.84E-04,-5.05E-04,-3.66E-04,-4.30E-04,1.48E-04,-2.14E-04,-9.12E-05,6.49E-05,-1.53E-04,3.11E-04,6.50E-05,-1.23E-04,-2.41E-04,-5.64E-04
3024,-4.67E-04,-4.19E-04,-2.11E-04,-5.51E-04,-1.09E-04,-3.66E-05,-5.76E-04,-4.97E-04,-3.61E-04,-4.23E-04,1.64E-04,-2.00E-04,-7.72E-05,7.75E-05,-1.48E-04,3.16E-04,8.17E-05,-1.11E-04,-2.36E-04,-5.62E-04
3025,-4.56E-04,-4.04E-04,-1.97E-04,-5.38E-04,-9.27E-05,-2.35E-05,-5.69E-04,-4.89E-04,-3.56E-04,-4.17E-04,1.80E-04,-1.86E-04,-6.36E-05,8.93E-05,-1.44E-04,3.21E-04,9.89E-05,-9.93E-05,-2.31E-04,-5.60E-04
3026,-4.45E-04,-3.88E-04,-1.82E-04,-5.26E-04,-7.79E-05,-1.16E-05,-5.62E-04,-4.82E-04,-3.51E-04,-4.11E-04,1.95E-04,-1.72E-04,-5.09E-05,1.00E-04,-1.39E-04,3.26E-04,1.16E-04,-8.82E-05,-2.27E-04,-5.58E-04
3027,-4.35E-04,-3.74E-04,-1.69E-04,-5.15E-04,-6.46E-05,-1.35E-06,-5.55E-04,-4.76E-04,-3.47E-04,-4.07E-04,2.07E-04,-1.58E-04,-3.93E-05,1.09E-04,-1.36E-04,3.29E-04,1.33E-04,-7.80E-05,-2.24E-04,-5.57E-04
3028,-4.25E-04,-3.60E-04,-1.56E-04,-5.05E-04,-5.29E-05,7.01E-06,-5.50E-04,-4.70E-04,-3.44E-04,-4.04E-04,2.18E-04,-1.44E-04,-2.89E-05,1.17E-04,-1.34E-04,3.31E-04,1.49E-04,-6.89E-05,-2.22E-04,-5.57E-04
3029,-4.17E-04,-3.47E-04,-1.44E-04,-4.96E-04,-4.31E-05,1.33E-05,-5.46E-04,-4.66E-04,-3.41E-04,-4.02E-04,2.27E-04,-1.32E-04,-1.99E-05,1.24E-04,-1.32E-04,3.32E-04,1.65E-04,-6.11E-05,-2.20E-04,-5.58E-04
3030,-4.10E-04,-3.35E-04,-1.33E-04,-4.90E-04,-3.54E-05,1.74E-05,-5.43E-04,-4.63E-04,-3.39E-04,-4.02E-04,2.34E-04,-1.21E-04,-1.24E-05,1.28E-04,-1.33E-04,3.32E-04,1.79E-04,-5.46E-05,-2.20E-04,-5.60E-04
3031,-4.04E-04,-3.24E-04,-1.24E-04,-4.85E-04,-2.98E-05,1.93E-05,-5.42E-04,-4.61E-04,-3.39E-04,-4.04E-04,2.39E-04,-1.11E-04,-6.38E-06,1.31E-04,-1.34E-04,3.30E-04,1.92E-04,-4.95E-05,-2.21E-04,-5.64E-04
3032,-3.99E-04,-3.15E-04,-1.16E-04,-4.81E-04,-2.61E-05,1.92E-05,-5.41E-04,-4.60E-04,-3.38E-04,-4.06E-04,2.42E-04,-1.01E-04,-1.71E-06,1.32E-04,-1.37E-04,3.26E-04,2.03E-04,-4.58E-05,-2.22E-04,-5.68E-04
3033,-3.96E-04,-3.07E-04,-1.10E-04,-4.79E-04,-2.42E-05,1.73E-05,-5.41E-04,-4.59E-04,-3.39E-04,-4.10E-04,2.44E-04,-9.32E-05,1.77E-06,1.33E-04,-1.41E-04,3.21E-04,2.13E-04,-4.32E-05,-2.24E-04,-5.73E-04
3034,-3.94E-04,-3.01E-04,-1.05E-04,-4.79E-04,-2.37E-05,1.40E-05,-5.42E-04,-4.60E-04,-3.40E-04,-4.14E-04,2.45E-04,-8.59E-05,4.30E-06,1.32E-04,-1.46E-04,3.15E-04,2.21E-04,-4.16E-05,-2.27E-04,-5.80E-04
3035,-3.93E-04,-2.95E-04,-1.00E-04,-4.79E-04,-2.43E-05,9.46E-06,-5.43E-04,-4.61E-04,-3.42E-04,-4.20E-04,2.45E-04,-7.93E-05,6.16E-06,1.30E-04,-1.52E-04,3.07E-04,2.28E-04,-4.07E-05,-2.30E-04,-5.87E-04
3036,-3.92E-04,-2.90E-04,-9.68E-05,-4.80E-04,-2.55E-05,4.31E-06,-5.45E-04,-4.62E-04,-3.44E-04,-4.25E-04,2.45E-04,-7.31E-05,7.70E-06,1.27E-04,-1.59E-04,2.99E-04,2.34E-04,-4.01E-05,-2.34E-04,-5.94E-04
3037,-3.92E-04,-2.85E-04,-9.35E-05,-4.80E-04,-2.67E-05,-1.04E-06,-5.46E-04,-4.62E-04,-3.46E-04,-4.31E-04,2.45E-04,-6.71E-05,9.25E-06,1.25E-04,-1.65E-04,2.91E-04,2.40E-04,-3.95E-05,-2.37E-04,-6.02E-04
3038,-3.92E-04,-2.81E-04,-9.03E-05,-4.81E-04,-2.76E-05,-6.13E-06,-5.46E-04,-4.62E-04,-3.47E-04,-4.36E-04,2.46E-04,-6.09E-05,1.12E-05,1.23E-04,-1.72E-04,2.82E-04,2.45E-04,-3.87E-05,-2.39E-04,-6.10E-04
3039,-3.91E-04,-2.76E-04,-8.68E-05,-4.80E-04,-2.77E-05,-1.05E-05,-5.46E-04,-4.61E-04,-3.48E-04,-4.40E-04,2.49E-04,-5.42E-05,1.37E-05,1.21E-04,-1.78E-04,2.73E-04,2.51E-04,-3.72E-05,-2.42E-04,-6.17E-04
3040,-3.89E-04,-2.70E-04,-8.26E-05,-4.78E-04,-2.66E-05,-1.39E-05,-5.44E-04,-4.59E-04,-3.48E-04,-4.44E-04,2.52E-04,-4.69E-05,1.73E-05,1.20E-04,-1.84E-04,2.64E-04,2.57E-04,-3.48E-05,-2.43E-04,-6.24E-04
3041,-3.86E-04,-2.64E-04,-7.74E-05,-4.75E-04,-2.40E-05,-1.60E-05,-5.41E-04,-4.55E-04,-3.48E-04,-4.47E-04,2.57E-04,-3.85E-05,2.21E-05,1.20E-04,-1.89E-04,2.56E-04,2.64E-04,-3.12E-05,-2.44E-04,-6.30E-04
3042,-3.82E-04,-2.56E-04,-7.11E-05,-4.70E-04,-1.96E-05,-1.66E-05,-5.37E-04,-4.50E-04,-3.46E-04,-4.48E-04,2.64E-04,-2.90E-05,2.82E-05,1.21E-04,-1.93E-04,2.49E-04,2.71E-04,-2.64E-05,-2.43E-04,-6.36E-04
3043,-3.76E-04,-2.47E-04,-6.34E-05,-4.63E-04,-1.34E-05,-1.57E-05,-5.31E-04,-4.43E-04,-3.42E-04,-4.48E-04,2.72E-04,-1.82E-05,3.59E-05,1.24E-04,-1.95E-04,2.43E-04,2.81E-04,-2.02E-05,-2.42E-04,-6.41E-04
3044,-3.68E-04,-2.36E-04,-5.43E-05,-4.54E-04,-5.36E-06,-1.33E-05,-5.23E-04,-4.34E-04,-3.38E-04,-4.46E-04,2.82E-04,-5.99E-06,4.50E-05,1.28E-04,-1.97E-04,2.37E-04,2.92E-04,-1.26E-05,-2.39E-04,-6.44E-04
3045,-3.58E-04,-2.24E-04,-4.36E-05,-4.43E-04,4.38E-06,-9.63E-06,-5.14E-04,-4.24E-04,-3.32E-04,-4.43E-04,2.94E-04,7.56E-06,5.55E-05,1.33E-04,-1.97E-04,2.32E-04,3.04E-04,-3.63E-06,-2.36E-04,-6.47E-04
3046,-3.47E-04,-2.10E-04,-3.15E-05,-4.30E-04,1.56E-05,-4.91E-06,-5.04E-04,-4.13E-04,-3.25E-04,-4.39E-04,3.08E-04,2.24E-05,6.73E-05,1.39E-04,-1.96E-04,2.28E-04,3.18E-04,6.55E-06,-2.31E-04,-6.50E-04
3047,-3.34E-04,-1.95E-04,-1.80E-05,-4.15E-04,2.80E-05,5.12E-07,-4.93E-04,-4.00E-04,-3.17E-04,-4.35E-04,3.22E-04,3.85E-05,8.03E-05,1.47E-04,-1.95E-04,2.25E-04,3.34E-04,1.78E-05,-2.26E-04,-6.51E-04
3048,-3.19E-04,-1.79E-04,-3.35E-06,-4.00E-04,4.12E-05,6.26E-06,-4.81E-04,-3.86E-04,-3.07E-04,-4.29E-04,3.37E-04,5.55E-05,9.42E-05,1.55E-04,-1.93E-04,2.22E-04,3.51E-04,2.99E-05,-2.20E-04,-6.52E-04
3049,-3.03E-04,-1.62E-04,1.23E-05,-3.83E-04,5.49E-05,1.19E-05,-4.68E-04,-3.72E-04,-2.97E-04,-4.23E-04,3.53E-04,7.34E-05,1.09E-04,1.64E-04,-1.90E-04,2.19E-04,3.69E-04,4.26E-05,-2.14E-04,-6.52E-04
3050,-2.86E-04,-1.43E-04,2.87E-05,-3.65E-04,6.87E-05,1.72E-05,-4.56E-04,-3.57E-04,-2.87E-04,-4.16E-04,3.69E-04,9.18E-05,1.24E-04,1.73E-04,-1.87E-04,2.17E-04,3.89E-04,5.58E-05,-2.08E-04,-6.52E-04
3051,-2.68E-04,-1.25E-04,4.57E-05,-3.47E-04,8.23E-05,2.17E-05,-4.43E-04,-3.41E-04,-2.76E-04,-4.10E-04,3.85E-04,1.11E-04,1.39E-04,1.82E-04,-1.83E-04,2.15E-04,4.09E-04,6.93E-05,-2.02E-04,-6.52E-04
3052,-2.49E-04,-1.05E-04,6.31E-05,-3.29E-04,9.54E-05,2.53E-05,-4.30E-04,-3.26E-04,-2.64E-04,-4.04E-04,4.01E-04,1.30E-04,1.54E-04,1.91E-04,-1.80E-04,2.13E-04,4.30E-04,8.28E-05,-1.95E-04,-6.52E-04
3053,-2.30E-04,-8.57E-05,8.06E-05,-3.11E-04,1.08E-04,2.77E-05,-4.18E-04,-3.11E-04,-2.53E-04,-3.98E-04,4.16E-04,1.49E-04,1.69E-04,1.99E-04,-1.76E-04,2.11E-04,4.51E-04,9.63E-05,-1.89E-04,-6.52E-04
3054,-2.11E-04,-6.60E-05,9.83E-05,-2.93E-04,1.20E-04,2.90E-05,-4.05E-04,-2.95E-04,-2.42E-04,-3.93E-04,4.31E-04,1.68E-04,1.83E-04,2.08E-04,-1.73E-04,2.08E-04,4.72E-04,1.10E-04,-1.83E-04,-6.52E-04
3055,-1.91E-04,-4.61E-05,1.16E-04,-2.74E-04,1.31E-04,2.94E-05,-3.93E-04,-2.79E-04,-2.30E-04,-3.89E-04,4.46E-04,1.86E-04,1.97E-04,2.16E-04,-1.70E-04,2.06E-04,4.93E-04,1.23E-04,-1.76E-04,-6.52E-04
3056,-1.71E-04,-2.60E-05,1.34E-04,-2.56E-04,1.42E-04,2.91E-05,-3.80E-04,-2.63E-04,-2.19E-04,-3.85E-04,4.60E-04,2.05E-04,2.11E-04,2.23E-04,-1.67E-04,2.03E-04,5.15E-04,1.37E-04,-1.70E-04,-6.52E-04
3057,-1.50E-04,-5.65E-06,1.52E-04,-2.36E-04,1.53E-04,2.84E-05,-3.67E-04,-2.47E-04,-2.07E-04,-3.82E-04,4.75E-04,2.24E-04,2.25E-04,2.30E-04,-1.64E-04,2.00E-04,5.36E-04,1.51E-04,-1.64E-04,-6.52E-04
3058,-1.28E-04,1.53E-05,1.71E-04,-2.16E-04,1.64E-04,2.79E-05,-3.53E-04,-2.29E-04,-1.95E-04,-3.79E-04,4.89E-04,2.43E-04,2.39E-04,2.37E-04,-1.60E-04,1.97E-04,5.58E-04,1.65E-04,-1.57E-04,-6.52E-04
3059,-1.06E-04,3.70E-05,1.90E-04,-1.95E-04,1.76E-04,2.80E-05,-3.38E-04,-2.10E-04,-1.83E-04,-3.76E-04,5.05E-04,2.62E-04,2.53E-04,2.44E-04,-1.57E-04,1.94E-04,5.79E-04,1.80E-04,-1.50E-04,-6.52E-04
3060,-8.14E-05,5.97E-05,2.10E-04,-1.72E-04,1.89E-04,2.94E-05,-3.20E-04,-1.89E-04,-1.70E-04,-3.73E-04,5.21E-04,2.82E-04,2.67E-04,2.52E-04,-1.52E-04,1.92E-04,6.02E-04,1.96E-04,-1.42E-04,-6.51E-04
3061,-5.56E-05,8.39E-05,2.32E-04,-1.47E-04,2.04E-04,3.26E-05,-3.01E-04,-1.66E-04,-1.56E-04,-3.70E-04,5.38E-04,3.03E-04,2.83E-04,2.60E-04,-1.46E-04,1.91E-04,6.25E-04,2.13E-04,-1.34E-04,-6.50E-04
3062,-2.75E-05,1.10E-04,2.55E-04,-1.19E-04,2.22E-04,3.80E-05,-2.80E-04,-1.40E-04,-1.42E-04,-3.65E-04,5.58E-04,3.25E-04,3.00E-04,2.69E-04,-1.39E-04,1.91E-04,6.49E-04,2.31E-04,-1.24E-04,-6.48E-04
3063,3.02E-06,1.38E-04,2.79E-04,-8.80E-05,2.41E-04,4.62E-05,-2.55E-04,-1.12E-04,-1.26E-04,-3.60E-04,5.79E-04,3.48E-04,3.18E-04,2.79E-04,-1.31E-04,1.93E-04,6.74E-04,2.52E-04,-1.14E-04,-6.46E-04
3064,3.64E-05,1.67E-04,3.06E-04,-5.39E-05,2.64E-04,5.75E-05,-2.28E-04,-8.11E-05,-1.09E-04,-3.53E-04,6.02E-04,3.73E-04,3.37E-04,2.90E-04,-1.21E-04,1.95E-04,7.01E-04,2.73E-04,-1.02E-04,-6.42E-04
3065,7.28E-05,2.00E-04,3.35E-04,-1.64E-05,2.90E-04,7.19E-05,-1.98E-04,-4.70E-05,-8.99E-05,-3.45E-04,6.28E-04,3.99E-04,3.59E-04,3.03E-04,-1.09E-04,2.00E-04,7.29E-04,2.97E-04,-8.87E-05,-6.38E-04
3066,1.12E-04,2.35E-04,3.66E-04,2.44E-05,3.19E-04,8.96E-05,-1.65E-04,-1.01E-05,-6.97E-05,-3.35E-04,6.55E-04,4.28E-04,3.82E-04,3.18E-04,-9.47E-05,2.06E-04,7.59E-04,3.23E-04,-7.44E-05,-6.33E-04
3067,1.55E-04,2.72E-04,3.99E-04,6.84E-05,3.50E-04,1.10E-04,-1.29E-04,2.95E-05,-4.81E-05,-3.24E-04,6.85E-04,4.58E-04,4.07E-04,3.34E-04,-7.89E-05,2.14E-04,7.91E-04,3.50E-04,-5.91E-05,-6.27E-04
3068,2.01E-04,3.11E-04,4.34E-04,1.15E-04,3.84E-04,1.34E-04,-9.02E-05,7.15E-05,-2.53E-05,-3.10E-04,7.17E-04,4.90E-04,4.34E-04,3.52E-04,-6.12E-05,2.24E-04,8.24E-04,3.78E-04,-4.28E-05,-6.20E-04
3069,2.49E-04,3.52E-04,4.71E-04,1.65E-04,4.20E-04,1.60E-04,-4.99E-05,1.15E-04,-1.33E-06,-2.96E-04,7.50E-04,5.23E-04,4.63E-04,3.71E-04,-4.19E-05,2.35E-04,8.58E-04,4.08E-04,-2.57E-05,-6.13E-04
3070,2.99E-04,3.95E-04,5.09E-04,2.16E-04,4.57E-04,1.87E-04,-8.17E-06,1.60E-04,2.34E-05,-2.80E-04,7.84E-04,5.58E-04,4.92E-04,3.91E-04,-2.11E-05,2.48E-04,8.94E-04,4.39E-04,-8.16E-06,-6.05E-04
3071,3.52E-04,4.38E-04,5.47E-04,2.68E-04,4.95E-04,2.16E-04,3.44E-05,2.06E-04,4.86E-05,-2.64E-04,8.18E-04,5.93E-04,5.23E-04,4.11E-04,6.59E-07,2.62E-04,9.30E-04,4.70E-04,9.56E-06,-5.98E-04
3072,4.06E-04,4.83E-04,5.86E-04,3.21E-04,5.33E-04,2.45E-04,7.71E-05,2.52E-04,7.39E-05,-2.47E-04,8.53E-04,6.29E-04,5.54E-04,4.32E-04,2.32E-05,2.77E-04,9.67E-04,5.00E-04,2.71E-05,-5.90E-04
3073,4.60E-04,5.27E-04,6.25E-04,3.73E-04,5.70E-04,2.74E-04,1.19E-04,2.97E-04,9.88E-05,-2.30E-04,8.86E-04,6.65E-04,5.84E-04,4.53E-04,4.60E-05,2.93E-04,1.00E-03,5.31E-04,4.43E-05,-5.84E-04
3074,5.14E-04,5.70E-04,6.63E-04,4.24E-04,6.05E-04,3.01E-04,1.60E-04,3.41E-04,1.23E-04,-2.14E-04,9.19E-04,7.00E-04,6.15E-04,4.73E-04,6.88E-05,3.08E-04,1.04E-03,5.60E-04,6.06E-05,-5.77E-04
3075,5.67E-04,6.13E-04,6.99E-04,4.73E-04,6.38E-04,3.27E-04,2.00E-04,3.83E-04,1.46E-04,-1.99E-04,9.49E-04,7.34E-04,6.44E-04,4.93E-04,9.11E-05,3.24E-04,1.07E-03,5.88E-04,7.59E-05,-5.72E-04
3076,6.19E-04,6.53E-04,7.34E-04,5.19E-04,6.68E-04,3.50E-04,2.37E-04,4.23E-04,1.68E-04,-1.85E-04,9.78E-04,7.67E-04,6.72E-04,5.10E-04,1.13E-04,3.38E-04,1.11E-03,6.14E-04,8.98E-05,-5.68E-04
3077,6.68E-04,6.92E-04,7.66E-04,5.63E-04,6.95E-04,3.71E-04,2.71E-04,4.60E-04,1.89E-04,-1.73E-04,1.00E-03,7.97E-04,6.99E-04,5.26E-04,1.33E-04,3.52E-04,1.14E-03,6.38E-04,1.02E-04,-5.65E-04
3078,7.15E-04,7.27E-04,7.96E-04,6.03E-04,7.19E-04,3.89E-04,3.03E-04,4.94E-04,2.07E-04,-1.63E-04,1.03E-03,8.26E-04,7.23E-04,5.40E-04,1.52E-04,3.65E-04,1.17E-03,6.60E-04,1.13E-04,-5.64E-04
3079,7.58E-04,7.60E-04,8.23E-04,6.39E-04,7.39E-04,4.04E-04,3.32E-04,5.25E-04,2.24E-04,-1.55E-04,1.05E-03,8.52E-04,7.45E-04,5.52E-04,1.69E-04,3.76E-04,1.20E-03,6.80E-04,1.22E-04,-5.63E-04
3080,7.99E-04,7.90E-04,8.46E-04,6.71E-04,7.55E-04,4.16E-04,3.58E-04,5.52E-04,2.38E-04,-1.49E-04,1.06E-03,8.75E-04,7.65E-04,5.61E-04,1.85E-04,3.86E-04,1.22E-03,6.97E-04,1.30E-04,-5.64E-04
3081,8.36E-04,8.17E-04,8.67E-04,7.00E-04,7.68E-04,4.25E-04,3.81E-04,5.77E-04,2.51E-04,-1.45E-04,1.08E-03,8.96E-04,7.82E-04,5.68E-04,1.99E-04,3.94E-04,1.24E-03,7.12E-04,1.35E-04,-5.66E-04
3082,8.69E-04,8.41E-04,8.85E-04,7.25E-04,7.78E-04,4.32E-04,4.01E-04,5.99E-04,2.62E-04,-1.43E-04,1.09E-03,9.14E-04,7.98E-04,5.73E-04,2.12E-04,4.01E-04,1.26E-03,7.24E-04,1.40E-04,-5.69E-04
3083,8.99E-04,8.62E-04,9.01E-04,7.47E-04,7.86E-04,4.36E-04,4.20E-04,6.19E-04,2.71E-04,-1.43E-04,1.10E-03,9.30E-04,8.11E-04,5.76E-04,2.23E-04,4.07E-04,1.28E-03,7.35E-04,1.43E-04,-5.72E-04
3084,9.27E-04,8.81E-04,9.14E-04,7.67E-04,7.92E-04,4.40E-04,4.37E-04,6.36E-04,2.80E-04,-1.43E-04,1.10E-03,9.44E-04,8.23E-04,5.77E-04,2.33E-04,4.12E-04,1.30E-03,7.44E-04,1.45E-04,-5.76E-04
3085,9.51E-04,8.98E-04,9.25E-04,7.85E-04,7.97E-04,4.42E-04,4.53E-04,6.53E-04,2.87E-04,-1.44E-04,1.11E-03,9.55E-04,8.33E-04,5.77E-04,2.43E-04,4.16E-04,1.31E-03,7.52E-04,1.47E-04,-5.79E-04
3086,9.74E-04,9.14E-04,9.35E-04,8.01E-04,8.01E-04,4.45E-04,4.68E-04,6.68E-04,2.94E-04,-1.46E-04,1.11E-03,9.65E-04,8.43E-04,5.76E-04,2.51E-04,4.20E-04,1.32E-03,7.60E-04,1.48E-04,-5.82E-04
3087,9.95E-04,9.28E-04,9.44E-04,8.17E-04,8.04E-04,4.47E-04,4.83E-04,6.83E-04,3.00E-04,-1.47E-04,1.12E-03,9.74E-04,8.51E-04,5.75E-04,2.60E-04,4.23E-04,1.33E-03,7.66E-04,1.50E-04,-5.85E-04
3088,1.02E-03,9.42E-04,9.52E-04,8.33E-04,8.08E-04,4.50E-04,4.98E-04,6.98E-04,3.07E-04,-1.47E-04,1.12E-03,9.82E-04,8.60E-04,5.74E-04,2.69E-04,4.27E-04,1.34E-03,7.72E-04,1.51E-04,-5.86E-04
3089,1.03E-03,9.55E-04,9.60E-04,8.48E-04,8.13E-04,4.54E-04,5.13E-04,7.14E-04,3.13E-04,-1.46E-04,1.12E-03,9.89E-04,8.69E-04,5.73E-04,2.79E-04,4.32E-04,1.34E-03,7.78E-04,1.53E-04,-5.86E-04
3090,1.05E-03,9.69E-04,9.67E-04,8.65E-04,8.19E-04,4.59E-04,5.29E-04,7.29E-04,3.20E-04,-1.44E-04,1.13E-03,9.96E-04,8.78E-04,5.74E-04,2.89E-04,4.38E-04,1.35E-03,7.85E-04,1.56E-04,-5.85E-04
3091,1.07E-03,9.82E-04,9.75E-04,8.81E-04,8.26E-04,4.65E-04,5.45E-04,7.45E-04,3.28E-04,-1.40E-04,1.13E-03,1.00E-03,8.87E-04,5.75E-04,3.00E-04,4.44E-04,1.36E-03,7.91E-04,1.60E-04,-5.83E-04
3092,1.09E-03,9.96E-04,9.83E-04,8.99E-04,8.33E-04,4.73E-04,5.62E-04,7.62E-04,3.36E-04,-1.34E-04,1.14E-03,1.01E-03,8.98E-04,5.78E-04,3.12E-04,4.52E-04,1.36E-03,7.98E-04,1.65E-04,-5.78E-04
3093,1.11E-03,1.01E-03,9.92E-04,9.17E-04,8.42E-04,4.81E-04,5.79E-04,7.79E-04,3.45E-04,-1.27E-04,1.15E-03,1.02E-03,9.09E-04,5.81E-04,3.25E-04,4.61E-04,1.36E-03,8.05E-04,1.71E-04,-5.72E-04
3094,1.13E-03,1.02E-03,1.00E-03,9.36E-04,8.51E-04,4.90E-04,5.96E-04,7.96E-04,3.54E-04,-1.18E-04,1.15E-03,1.02E-03,9.20E-04,5.87E-04,3.38E-04,4.72E-04,1.37E-03,8.13E-04,1.78E-04,-5.65E-04
3095,1.15E-03,1.04E-03,1.01E-03,9.55E-04,8.61E-04,4.99E-04,6.13E-04,8.13E-04,3.63E-04,-1.07E-04,1.16E-03,1.03E-03,9.32E-04,5.93E-04,3.53E-04,4.83E-04,1.37E-03,8.20E-04,1.85E-04,-5.56E-04
3096,1.17E-03,1.05E-03,1.02E-03,9.73E-04,8.70E-04,5.09E-04,6.29E-04,8.29E-04,3.72E-04,-9.60E-05,1.17E-03,1.04E-03,9.44E-04,6.00E-04,3.68E-04,4.96E-04,1.37E-03,8.27E-04,1.93E-04,-5.46E-04
3097,1.19E-03,1.07E-03,1.02E-03,9.91E-04,8.79E-04,5.17E-04,6.44E-04,8.45E-04,3.81E-04,-8.38E-05,1.17E-03,1.04E-03,9.56E-04,6.08E-04,3.83E-04,5.09E-04,1.37E-03,8.33E-04,2.02E-04,-5.34E-04
3098,1.21E-03,1.08E-03,1.03E-03,1.01E-03,8.86E-04,5.25E-04,6.58E-04,8.59E-04,3.90E-04,-7.12E-05,1.18E-03,1.05E-03,9.67E-04,6.16E-04,3.98E-04,5.22E-04,1.37E-03,8.38E-04,2.11E-04,-5.22E-04
3099,1.23E-03,1.09E-03,1.04E-03,1.02E-03,8.92E-04,5.32E-04,6.70E-04,8.72E-04,3.98E-04,-5.86E-05,1.18E-03,1.05E-03,9.78E-04,6.24E-04,4.12E-04,5.35E-04,1.37E-03,8.42E-04,2.20E-04,-5.10E-04
3100,1.24E-03,1.10E-03,1.04E-03,1.04E-03,8.97E-04,5.37E-04,6.79E-04,8.82E-04,4.05E-04,-4.64E-05,1.19E-03,1.05E-03,9.87E-04,6.32E-04,4.26E-04,5.47E-04,1.37E-03,8.45E-04,2.28E-04,-4.98E-04
3101,1.26E-03,1.11E-03,1.04E-03,1.05E-03,8.99E-04,5.40E-04,6.86E-04,8.90E-04,4.10E-04,-3.50E-05,1.19E-03,1.05E-03,9.95E-04,6.38E-04,4.38E-04,5.58E-04,1.36E-03,8.46E-04,2.36E-04,-4.85E-04
3102,1.27E-03,1.11E-03,1.04E-03,1.05E-03,8.98E-04,5.41E-04,6.91E-04,8.96E-04,4.14E-04,-2.46E-05,1.19E-03,1.05E-03,1.00E-03,6.44E-04,4.49E-04,5.68E-04,1.36E-03,8.46E-04,2.43E-04,-4.73E-04
3103,1.27E-03,1.11E-03,1.04E-03,1.06E-03,8.95E-04,5.40E-04,6.92E-04,8.99E-04,4.17E-04,-1.54E-05,1.18E-03,1.05E-03,1.01E-03,6.47E-04,4.57E-04,5.76E-04,1.35E-03,8.43E-04,2.49E-04,-4.61E-04
3104,1.28E-03,1.11E-03,1.03E-03,1.06E-03,8.89E-04,5.37E-04,6.91E-04,8.99E-04,4.18E-04,-7.54E-06,1.18E-03,1.04E-03,1.01E-03,6.50E-04,4.64E-04,5.82E-04,1.34E-03,8.39E-04,2.54E-04,-4.50E-04
3105,1.28E-03,1.11E-03,1.02E-03,1.06E-03,8.81E-04,5.32E-04,6.87E-04,8.97E-04,4.17E-04,-9.67E-07,1.17E-03,1.03E-03,1.01E-03,6.50E-04,4.69E-04,5.86E-04,1.32E-03,8.33E-04,2.58E-04,-4.40E-04
3106,1.27E-03,1.10E-03,1.01E-03,1.06E-03,8.71E-04,5.26E-04,6.80E-04,8.92E-04,4.16E-04,4.38E-06,1.15E-03,1.02E-03,1.00E-03,6.48E-04,4.71E-04,5.88E-04,1.31E-03,8.25E-04,2.60E-04,-4.30E-04
3107,1.27E-03,1.09E-03,9.98E-04,1.05E-03,8.59E-04,5.18E-04,6.71E-04,8.85E-04,4.12E-04,8.69E-06,1.14E-03,1.01E-03,9.99E-04,6.45E-04,4.71E-04,5.87E-04,1.29E-03,8.16E-04,2.61E-04,-4.21E-04
3108,1.26E-03,1.08E-03,9.82E-04,1.04E-03,8.46E-04,5.09E-04,6.60E-04,8.76E-04,4.08E-04,1.22E-05,1.12E-03,9.97E-04,9.92E-04,6.39E-04,4.69E-04,5.84E-04,1.27E-03,8.05E-04,2.62E-04,-4.13E-04
3109,1.24E-03,1.07E-03,9.66E-04,1.03E-03,8.31E-04,5.00E-04,6.48E-04,8.66E-04,4.03E-04,1.52E-05,1.10E-03,9.81E-04,9.83E-04,6.33E-04,4.66E-04,5.79E-04,1.25E-03,7.93E-04,2.61E-04,-4.05E-04
3110,1.23E-03,1.06E-03,9.48E-04,1.02E-03,8.16E-04,4.90E-04,6.35E-04,8.54E-04,3.97E-04,1.81E-05,1.08E-03,9.63E-04,9.72E-04,6.25E-04,4.61E-04,5.72E-04,1.23E-03,7.81E-04,2.59E-04,-3.98E-04
3111,1.21E-03,1.04E-03,9.29E-04,1.01E-03,8.00E-04,4.81E-04,6.21E-04,8.42E-04,3.90E-04,2.12E-05,1.06E-03,9.45E-04,9.61E-04,6.16E-04,4.55E-04,5.63E-04,1.20E-03,7.68E-04,2.57E-04,-3.90E-04
3112,1.20E-03,1.02E-03,9.10E-04,9.93E-04,7.85E-04,4.72E-04,6.06E-04,8.29E-04,3.84E-04,2.49E-05,1.04E-03,9.26E-04,9.48E-04,6.07E-04,4.48E-04,5.53E-04,1.18E-03,7.56E-04,2.54E-04,-3.82E-04
3113,1.18E-03,1.01E-03,8.91E-04,9.80E-04,7.70E-04,4.64E-04,5.92E-04,8.17E-04,3.78E-04,2.93E-05,1.02E-03,9.06E-04,9.35E-04,5.97E-04,4.40E-04,5.43E-04,1.15E-03,7.43E-04,2.51E-04,-3.74E-04
3114,1.16E-03,9.92E-04,8.72E-04,9.68E-04,7.56E-04,4.57E-04,5.78E-04,8.04E-04,3.72E-04,3.49E-05,9.95E-04,8.86E-04,9.21E-04,5.88E-04,4.33E-04,5.32E-04,1.13E-03,7.31E-04,2.48E-04,-3.65E-04
3115,1.14E-03,9.76E-04,8.54E-04,9.57E-04,7.42E-04,4.51E-04,5.65E-04,7.92E-04,3.66E-04,4.16E-05,9.72E-04,8.66E-04,9.08E-04,5.79E-04,4.25E-04,5.20E-04,1.10E-03,7.20E-04,2.45E-04,-3.56E-04
3116,1.13E-03,9.61E-04,8.36E-04,9.47E-04,7.30E-04,4.46E-04,5.53E-04,7.82E-04,3.61E-04,4.97E-05,9.51E-04,8.47E-04,8.94E-04,5.71E-04,4.18E-04,5.09E-04,1.08E-03,7.10E-04,2.43E-04,-3.45E-04
3117,1.11E-03,9.46E-04,8.20E-04,9.38E-04,7.20E-04,4.42E-04,5.41E-04,7.72E-04,3.57E-04,5.91E-05,9.29E-04,8.28E-04,8.81E-04,5.63E-04,4.12E-04,4.98E-04,1.05E-03,7.00E-04,2.40E-04,-3.34E-04
3118,1.10E-03,9.33E-04,8.05E-04,9.31E-04,7.10E-04,4.39E-04,5.30E-04,7.62E-04,3.53E-04,6.97E-05,9.09E-04,8.10E-04,8.68E-04,5.56E-04,4.06E-04,4.87E-04,1.03E-03,6.91E-04,2.39E-04,-3.22E-04
3119,1.08E-03,9.20E-04,7.90E-04,9.24E-04,7.01E-04,4.37E-04,5.20E-04,7.54E-04,3.50E-04,8.14E-05,8.90E-04,7.93E-04,8.56E-04,5.50E-04,4.01E-04,4.77E-04,1.01E-03,6.83E-04,2.38E-04,-3.09E-04
3120,1.07E-03,9.07E-04,7.77E-04,9.18E-04,6.93E-04,4.35E-04,5.11E-04,7.47E-04,3.48E-04,9.39E-05,8.71E-04,7.77E-04,8.44E-04,5.45E-04,3.96E-04,4.67E-04,9.83E-04,6.75E-04,2.37E-04,-2.95E-04
3121,1.06E-03,8.95E-04,7.64E-04,9.13E-04,6.85E-04,4.34E-04,5.03E-04,7.41E-04,3.46E-04,1.07E-04,8.54E-04,7.61E-04,8.32E-04,5.40E-04,3.92E-04,4.57E-04,9.61E-04,6.68E-04,2.36E-04,-2.81E-04
3122,1.05E-03,8.83E-04,7.52E-04,9.08E-04,6.78E-04,4.32E-04,4.94E-04,7.35E-04,3.44E-04,1.20E-04,8.36E-04,7.46E-04,8.20E-04,5.36E-04,3.88E-04,4.48E-04,9.39E-04,6.61E-04,2.35E-04,-2.66E-04
3123,1.04E-03,8.71E-04,7.41E-04,9.03E-04,6.70E-04,4.29E-04,4.86E-04,7.29E-04,3.42E-04,1.33E-04,8.20E-04,7.32E-04,8.08E-04,5.31E-04,3.85E-04,4.39E-04,9.18E-04,6.54E-04,2.35E-04,-2.51E-04
3124,1.03E-03,8.59E-04,7.29E-04,8.98E-04,6.62E-04,4.26E-04,4.78E-04,7.23E-04,3.41E-04,1.46E-04,8.03E-04,7.18E-04,7.95E-04,5.27E-04,3.81E-04,4.29E-04,8.98E-04,6.47E-04,2.34E-04,-2.36E-04
3125,1.02E-03,8.47E-04,7.17E-04,8.91E-04,6.53E-04,4.21E-04,4.69E-04,7.17E-04,3.39E-04,1.57E-04,7.87E-04,7.04E-04,7.82E-04,5.21E-04,3.78E-04,4.19E-04,8.78E-04,6.40E-04,2.32E-04,-2.22E-04
3126,1.01E-03,8.34E-04,7.05E-04,8.84E-04,6.43E-04,4.15E-04,4.60E-04,7.11E-04,3.36E-04,1.68E-04,7.70E-04,6.91E-04,7.68E-04,5.15E-04,3.73E-04,4.08E-04,8.58E-04,6.32E-04,2.30E-04,-2.08E-04
3127,9.98E-04,8.19E-04,6.93E-04,8.75E-04,6.32E-04,4.07E-04,4.50E-04,7.04E-04,3.33E-04,1.77E-04,7.53E-04,6.77E-04,7.53E-04,5.08E-04,3.68E-04,3.97E-04,8.38E-04,6.23E-04,2.27E-04,-1.95E-04
3128,9.86E-04,8.04E-04,6.80E-04,8.65E-04,6.20E-04,3.98E-04,4.40E-04,6.96E-04,3.29E-04,1.84E-04,7.36E-04,6.63E-04,7.37E-04,4.99E-04,3.63E-04,3.84E-04,8.19E-04,6.14E-04,2.24E-04,-1.83E-04
3129,9.73E-04,7.88E-04,6.66E-04,8.54E-04,6.06E-04,3.87E-04,4.28E-04,6.88E-04,3.25E-04,1.90E-04,7.18E-04,6.49E-04,7.20E-04,4.89E-04,3.56E-04,3.71E-04,8.00E-04,6.04E-04,2.19E-04,-1.72E-04
3130,9.59E-04,7.71E-04,6.51E-04,8.41E-04,5.92E-04,3.73E-04,4.16E-04,6.78E-04,3.20E-04,1.95E-04,6.99E-04,6.35E-04,7.02E-04,4.78E-04,3.48E-04,3.57E-04,7.81E-04,5.93E-04,2.13E-04,-1.63E-04
3131,9.45E-04,7.53E-04,6.36E-04,8.26E-04,5.76E-04,3.59E-04,4.04E-04,6.68E-04,3.14E-04,1.98E-04,6.80E-04,6.20E-04,6.82E-04,4.65E-04,3.39E-04,3.41E-04,7.62E-04,5.81E-04,2.06E-04,-1.54E-04
3132,9.29E-04,7.34E-04,6.21E-04,8.11E-04,5.59E-04,3.43E-04,3.91E-04,6.56E-04,3.08E-04,1.99E-04,6.60E-04,6.04E-04,6.62E-04,4.51E-04,3.29E-04,3.25E-04,7.43E-04,5.69E-04,1.98E-04,-1.47E-04
3133,9.13E-04,7.15E-04,6.05E-04,7.95E-04,5.41E-04,3.26E-04,3.78E-04,6.44E-04,3.01E-04,2.00E-04,6.40E-04,5.88E-04,6.41E-04,4.36E-04,3.19E-04,3.08E-04,7.25E-04,5.57E-04,1.90E-04,-1.40E-04
3134,8.97E-04,6.96E-04,5.89E-04,7.78E-04,5.23E-04,3.08E-04,3.65E-04,6.32E-04,2.94E-04,1.99E-04,6.19E-04,5.73E-04,6.20E-04,4.20E-04,3.08E-04,2.91E-04,7.07E-04,5.44E-04,1.81E-04,-1.34E-04
3135,8.81E-04,6.77E-04,5.74E-04,7.62E-04,5.05E-04,2.90E-04,3.53E-04,6.19E-04,2.86E-04,1.98E-04,5.99E-04,5.57E-04,5.98E-04,4.03E-04,2.96E-04,2.73E-04,6.90E-04,5.31E-04,1.71E-04,-1.28E-04
3136,8.65E-04,6.58E-04,5.59E-04,7.46E-04,4.88E-04,2.72E-04,3.41E-04,6.07E-04,2.78E-04,1.97E-04,5.79E-04,5.41E-04,5.77E-04,3.86E-04,2.85E-04,2.56E-04,6.73E-04,5.19E-04,1.62E-04,-1.23E-04
3137,8.51E-04,6.40E-04,5.45E-04,7.31E-04,4.71E-04,2.54E-04,3.30E-04,5.95E-04,2.71E-04,1.96E-04,5.59E-04,5.25E-04,5.56E-04,3.69E-04,2.74E-04,2.39E-04,6.56E-04,5.07E-04,1.52E-04,-1.17E-04
3138,8.37E-04,6.23E-04,5.33E-04,7.17E-04,4.56E-04,2.38E-04,3.20E-04,5.83E-04,2.63E-04,1.96E-04,5.40E-04,5.10E-04,5.36E-04,3.52E-04,2.63E-04,2.24E-04,6.40E-04,4.95E-04,1.43E-04,-1.11E-04
3139,8.25E-04,6.07E-04,5.21E-04,7.05E-04,4.42E-04,2.22E-04,3.11E-04,5.72E-04,2.56E-04,1.96E-04,5.23E-04,4.96E-04,5.16E-04,3.36E-04,2.53E-04,2.09E-04,6.26E-04,4.84E-04,1.35E-04,-1.04E-04
3140,8.15E-04,5.93E-04,5.12E-04,6.95E-04,4.29E-04,2.08E-04,3.04E-04,5.63E-04,2.50E-04,1.97E-04,5.06E-04,4.83E-04,4.98E-04,3.21E-04,2.44E-04,1.95E-04,6.11E-04,4.74E-04,1.27E-04,-9.57E-05
3141,8.07E-04,5.81E-04,5.04E-04,6.87E-04,4.18E-04,1.96E-04,2.99E-04,5.55E-04,2.44E-04,1.99E-04,4.91E-04,4.71E-04,4.82E-04,3.06E-04,2.36E-04,1.83E-04,5.98E-04,4.65E-04,1.20E-04,-8.62E-05
3142,8.01E-04,5.70E-04,4.98E-04,6.81E-04,4.10E-04,1.86E-04,2.95E-04,5.48E-04,2.38E-04,2.02E-04,4.77E-04,4.60E-04,4.67E-04,2.93E-04,2.29E-04,1.73E-04,5.86E-04,4.57E-04,1.15E-04,-7.54E-05
3143,7.96E-04,5.61E-04,4.93E-04,6.77E-04,4.03E-04,1.77E-04,2.93E-04,5.42E-04,2.34E-04,2.06E-04,4.65E-04,4.51E-04,4.54E-04,2.81E-04,2.24E-04,1.65E-04,5.75E-04,4.49E-04,1.10E-04,-6.31E-05
3144,7.94E-04,5.54E-04,4.91E-04,6.76E-04,3.98E-04,1.70E-04,2.92E-04,5.38E-04,2.30E-04,2.11E-04,4.55E-04,4.43E-04,4.42E-04,2.70E-04,2.20E-04,1.58E-04,5.64E-04,4.43E-04,1.07E-04,-4.93E-05
3145,7.93E-04,5.48E-04,4.89E-04,6.76E-04,3.94E-04,1.65E-04,2.93E-04,5.36E-04,2.27E-04,2.17E-04,4.46E-04,4.36E-04,4.32E-04,2.61E-04,2.17E-04,1.52E-04,5.54E-04,4.37E-04,1.04E-04,-3.41E-05
3146,7.94E-04,5.44E-04,4.89E-04,6.77E-04,3.92E-04,1.61E-04,2.95E-04,5.34E-04,2.25E-04,2.24E-04,4.38E-04,4.31E-04,4.23E-04,2.52E-04,2.15E-04,1.48E-04,5.46E-04,4.31E-04,1.02E-04,-1.77E-05
3147,7.96E-04,5.40E-04,4.90E-04,6.80E-04,3.91E-04,1.59E-04,2.98E-04,5.33E-04,2.23E-04,2.31E-04,4.31E-04,4.26E-04,4.15E-04,2.45E-04,2.15E-04,1.45E-04,5.37E-04,4.26E-04,1.02E-04,-3.50E-07
3148,7.98E-04,5.38E-04,4.91E-04,6.83E-04,3.91E-04,1.57E-04,3.01E-04,5.33E-04,2.21E-04,2.39E-04,4.26E-04,4.23E-04,4.09E-04,2.38E-04,2.15E-04,1.44E-04,5.30E-04,4.21E-04,1.01E-04,1.78E-05
3149,8.01E-04,5.36E-04,4.93E-04,6.86E-04,3.91E-04,1.56E-04,3.05E-04,5.33E-04,2.20E-04,2.47E-04,4.21E-04,4.21E-04,4.03E-04,2.32E-04,2.15E-04,1.42E-04,5.23E-04,4.16E-04,1.02E-04,3.65E-05
3150,8.04E-04,5.34E-04,4.94E-04,6.89E-04,3.91E-04,1.55E-04,3.09E-04,5.34E-04,2.19E-04,2.54E-04,4.16E-04,4.19E-04,3.98E-04,2.26E-04,2.16E-04,1.42E-04,5.16E-04,4.11E-04,1.02E-04,5.53E-05
3151,8.07E-04,5.33E-04,4.95E-04,6.92E-04,3.91E-04,1.53E-04,3.12E-04,5.34E-04,2.18E-04,2.62E-04,4.12E-04,4.17E-04,3.93E-04,2.20E-04,2.17E-04,1.41E-04,5.10E-04,4.06E-04,1.03E-04,7.40E-05
3152,8.09E-04,5.31E-04,4.96E-04,6.94E-04,3.90E-04,1.51E-04,3.16E-04,5.33E-04,2.17E-04,2.69E-04,4.08E-04,4.16E-04,3.88E-04,2.14E-04,2.18E-04,1.41E-04,5.05E-04,4.01E-04,1.03E-04,9.23E-05
3153,8.10E-04,5.29E-04,4.96E-04,6.95E-04,3.89E-04,1.49E-04,3.19E-04,5.32E-04,2.16E-04,2.76E-04,4.03E-04,4.14E-04,3.84E-04,2.08E-04,2.19E-04,1.40E-04,4.99E-04,3.96E-04,1.03E-04,1.10E-04
3154,8.10E-04,5.27E-04,4.95E-04,6.94E-04,3.86E-04,1.46E-04,3.21E-04,5.30E-04,2.15E-04,2.81E-04,3.98E-04,4.13E-04,3.79E-04,2.01E-04,2.20E-04,1.40E-04,4.94E-04,3.90E-04,1.03E-04,1.27E-04
3155,8.09E-04,5.25E-04,4.93E-04,6.93E-04,3.83E-04,1.42E-04,3.23E-04,5.27E-04,2.14E-04,2.87E-04,3.93E-04,4.12E-04,3.74E-04,1.95E-04,2.20E-04,1.39E-04,4.89E-04,3.85E-04,1.03E-04,1.43E-04
3156,8.08E-04,5.22E-04,4.91E-04,6.91E-04,3.78E-04,1.37E-04,3.24E-04,5.24E-04,2.13E-04,2.91E-04,3.87E-04,4.10E-04,3.68E-04,1.88E-04,2.20E-04,1.37E-04,4.84E-04,3.80E-04,1.03E-04,1.57E-04
3157,8.05E-04,5.20E-04,4.88E-04,6.88E-04,3.73E-04,1.32E-04,3.25E-04,5.19E-04,2.12E-04,2.95E-04,3.81E-04,4.08E-04,3.62E-04,1.81E-04,2.20E-04,1.35E-04,4.80E-04,3.74E-04,1.02E-04,1.71E-04
3158,8.01E-04,5.17E-04,4.84E-04,6.84E-04,3.67E-04,1.27E-04,3.26E-04,5.15E-04,2.11E-04,2.98E-04,3.74E-04,4.06E-04,3.57E-04,1.74E-04,2.20E-04,1.33E-04,4.76E-04,3.70E-04,1.01E-04,1.84E-04
3159,7.97E-04,5.15E-04,4.80E-04,6.81E-04,3.62E-04,1.21E-04,3.27E-04,5.10E-04,2.11E-04,3.01E-04,3.67E-04,4.03E-04,3.51E-04,1.67E-04,2.19E-04,1.31E-04,4.72E-04,3.65E-04,1.01E-04,1.95E-04
3160,7.93E-04,5.13E-04,4.76E-04,6.77E-04,3.56E-04,1.16E-04,3.29E-04,5.04E-04,2.10E-04,3.04E-04,3.60E-04,4.01E-04,3.45E-04,1.60E-04,2.19E-04,1.29E-04,4.69E-04,3.61E-04,1.00E-04,2.06E-04
3161,7.88E-04,5.12E-04,4.72E-04,6.75E-04,3.50E-04,1.11E-04,3.31E-04,5.00E-04,2.10E-04,3.07E-04,3.53E-04,3.98E-04,3.40E-04,1.53E-04,2.19E-04,1.27E-04,4.66E-04,3.58E-04,1.00E-04,2.16E-04
3162,7.84E-04,5.12E-04,4.69E-04,6.73E-04,3.45E-04,1.07E-04,3.34E-04,4.95E-04,2.10E-04,3.10E-04,3.46E-04,3.96E-04,3.35E-04,1.47E-04,2.19E-04,1.25E-04,4.64E-04,3.55E-04,1.01E-04,2.26E-04
3163,7.81E-04,5.13E-04,4.66E-04,6.72E-04,3.42E-04,1.04E-04,3.38E-04,4.92E-04,2.11E-04,3.14E-04,3.39E-04,3.94E-04,3.31E-04,1.42E-04,2.20E-04,1.24E-04,4.62E-04,3.54E-04,1.02E-04,2.35E-04
3164,7.79E-04,5.15E-04,4.64E-04,6.73E-04,3.39E-04,1.03E-04,3.42E-04,4.89E-04,2.12E-04,3.17E-04,3.34E-04,3.93E-04,3.27E-04,1.38E-04,2.21E-04,1.23E-04,4.60E-04,3.53E-04,1.04E-04,2.43E-04
3165,7.77E-04,5.18E-04,4.64E-04,6.76E-04,3.38E-04,1.03E-04,3.48E-04,4.87E-04,2.14E-04,3.22E-04,3.28E-04,3.92E-04,3.24E-04,1.34E-04,2.24E-04,1.24E-04,4.59E-04,3.53E-04,1.06E-04,2.52E-04
3166,7.76E-04,5.22E-04,4.64E-04,6.81E-04,3.39E-04,1.05E-04,3.55E-04,4.87E-04,2.17E-04,3.27E-04,3.24E-04,3.91E-04,3.23E-04,1.32E-04,2.27E-04,1.25E-04,4.59E-04,3.54E-04,1.10E-04,2.61E-04
3167,7.77E-04,5.28E-04,4.65E-04,6.87E-04,3.41E-04,1.09E-04,3.64E-04,4.88E-04,2.20E-04,3.32E-04,3.20E-04,3.91E-04,3.22E-04,1.31E-04,2.31E-04,1.26E-04,4.58E-04,3.55E-04,1.14E-04,2.70E-04
3168,7.78E-04,5.34E-04,4.67E-04,6.94E-04,3.45E-04,1.14E-04,3.73E-04,4.90E-04,2.23E-04,3.38E-04,3.18E-04,3.92E-04,3.22E-04,1.30E-04,2.36E-04,1.29E-04,4.58E-04,3.57E-04,1.20E-04,2.79E-04
3169,7.81E-04,5.41E-04,4.70E-04,7.03E-04,3.50E-04,1.21E-04,3.83E-04,4.93E-04,2.27E-04,3.45E-04,3.16E-04,3.93E-04,3.23E-04,1.31E-04,2.41E-04,1.32E-04,4.59E-04,3.60E-04,1.26E-04,2.88E-04
3170,7.84E-04,5.49E-04,4.74E-04,7.13E-04,3.56E-04,1.28E-04,3.93E-04,4.96E-04,2.31E-04,3.52E-04,3.15E-04,3.94E-04,3.25E-04,1.32E-04,2.48E-04,1.36E-04,4.59E-04,3.63E-04,1.32E-04,2.97E-04
3171,7.87E-04,5.57E-04,4.78E-04,7.24E-04,3.63E-04,1.37E-04,4.04E-04,5.01E-04,2.36E-04,3.59E-04,3.14E-04,3.95E-04,3.27E-04,1.34E-04,2.55E-04,1.40E-04,4.59E-04,3.66E-04,1.39E-04,3.06E-04
3172,7.90E-04,5.65E-04,4.82E-04,7.34E-04,3.70E-04,1.45E-04,4.14E-04,5.05E-04,2.40E-04,3.67E-04,3.14E-04,3.97E-04,3.29E-04,1.37E-04,2.62E-04,1.45E-04,4.59E-04,3.69E-04,1.46E-04,3.15E-04
3173,7.93E-04,5.73E-04,4.85E-04,7.44E-04,3.77E-04,1.54E-04,4.24E-04,5.09E-04,2.44E-04,3.74E-04,3.14E-04,3.99E-04,3.31E-04,1.40E-04,2.70E-04,1.50E-04,4.58E-04,3.72E-04,1.53E-04,3.24E-04
3174,7.95E-04,5.80E-04,4.88E-04,7.53E-04,3.84E-04,1.62E-04,4.33E-04,5.13E-04,2.48E-04,3.81E-04,3.14E-04,4.00E-04,3.34E-04,1.43E-04,2.78E-04,1.54E-04,4.58E-04,3.74E-04,1.60E-04,3.33E-04
3175,7.97E-04,5.86E-04,4.91E-04,7.60E-04,3.90E-04,1.69E-04,4.42E-04,5.16E-04,2.51E-04,3.87E-04,3.14E-04,4.00E-04,3.36E-04,1.46E-04,2.86E-04,1.59E-04,4.56E-04,3.76E-04,1.67E-04,3.41E-04
3176,7.97E-04,5.91E-04,4.92E-04,7.66E-04,3.95E-04,1.75E-04,4.49E-04,5.17E-04,2.53E-04,3.93E-04,3.14E-04,4.00E-04,3.37E-04,1.49E-04,2.93E-04,1.63E-04,4.54E-04,3.77E-04,1.73E-04,3.49E-04
3177,7.95E-04,5.96E-04,4.91E-04,7.70E-04,3.98E-04,1.80E-04,4.55E-04,5.18E-04,2.55E-04,3.98E-04,3.13E-04,3.99E-04,3.37E-04,1.52E-04,3.00E-04,1.67E-04,4.52E-04,3.77E-04,1.79E-04,3.56E-04
3178,7.92E-04,5.99E-04,4.90E-04,7.72E-04,4.00E-04,1.82E-04,4.59E-04,5.17E-04,2.56E-04,4.02E-04,3.11E-04,3.97E-04,3.37E-04,1.54E-04,3.07E-04,1.70E-04,4.48E-04,3.77E-04,1.84E-04,3.62E-04
3179,7.88E-04,6.00E-04,4.86E-04,7.72E-04,3.99E-04,1.83E-04,4.63E-04,5.14E-04,2.57E-04,4.05E-04,3.08E-04,3.94E-04,3.36E-04,1.56E-04,3.13E-04,1.72E-04,4.44E-04,3.76E-04,1.89E-04,3.68E-04
3180,7.81E-04,6.01E-04,4.82E-04,7.69E-04,3.97E-04,1.83E-04,4.65E-04,5.11E-04,2.56E-04,4.06E-04,3.05E-04,3.89E-04,3.34E-04,1.58E-04,3.18E-04,1.74E-04,4.38E-04,3.75E-04,1.93E-04,3.73E-04
3181,7.73E-04,6.00E-04,4.76E-04,7.65E-04,3.94E-04,1.81E-04,4.66E-04,5.05E-04,2.55E-04,4.07E-04,3.01E-04,3.84E-04,3.31E-04,1.58E-04,3.23E-04,1.75E-04,4.32E-04,3.73E-04,1.96E-04,3.77E-04
3182,7.63E-04,5.98E-04,4.68E-04,7.58E-04,3.89E-04,1.77E-04,4.66E-04,4.99E-04,2.53E-04,4.07E-04,2.96E-04,3.77E-04,3.27E-04,1.59E-04,3.26E-04,1.75E-04,4.25E-04,3.70E-04,1.99E-04,3.80E-04
3183,7.51E-04,5.95E-04,4.59E-04,7.50E-04,3.82E-04,1.72E-04,4.65E-04,4.91E-04,2.50E-04,4.05E-04,2.90E-04,3.70E-04,3.23E-04,1.59E-04,3.29E-04,1.75E-04,4.18E-04,3.67E-04,2.01E-04,3.83E-04
3184,7.39E-04,5.92E-04,4.50E-04,7.41E-04,3.74E-04,1.67E-04,4.63E-04,4.83E-04,2.47E-04,4.03E-04,2.83E-04,3.61E-04,3.18E-04,1.58E-04,3.32E-04,1.74E-04,4.09E-04,3.64E-04,2.03E-04,3.85E-04
3185,7.25E-04,5.87E-04,4.39E-04,7.30E-04,3.66E-04,1.61E-04,4.62E-04,4.74E-04,2.44E-04,4.00E-04,2.76E-04,3.52E-04,3.12E-04,1.57E-04,3.33E-04,1.72E-04,4.00E-04,3.61E-04,2.04E-04,3.87E-04
3186,7.10E-04,5.82E-04,4.28E-04,7.19E-04,3.57E-04,1.55E-04,4.60E-04,4.65E-04,2.40E-04,3.97E-04,2.68E-04,3.42E-04,3.07E-04,1.56E-04,3.34E-04,1.70E-04,3.91E-04,3.58E-04,2.06E-04,3.88E-04
3187,6.94E-04,5.77E-04,4.17E-04,7.07E-04,3.48E-04,1.49E-04,4.58E-04,4.56E-04,2.36E-04,3.93E-04,2.60E-04,3.32E-04,3.01E-04,1.55E-04,3.35E-04,1.69E-04,3.81E-04,3.54E-04,2.07E-04,3.89E-04
3188,6.79E-04,5.71E-04,4.06E-04,6.96E-04,3.39E-04,1.44E-04,4.57E-04,4.48E-04,2.32E-04,3.89E-04,2.52E-04,3.21E-04,2.95E-04,1.53E-04,3.35E-04,1.67E-04,3.70E-04,3.51E-04,2.09E-04,3.90E-04
3189,6.62E-04,5.66E-04,3.95E-04,6.84E-04,3.30E-04,1.40E-04,4.55E-04,4.39E-04,2.28E-04,3.84E-04,2.44E-04,3.10E-04,2.89E-04,1.52E-04,3.34E-04,1.65E-04,3.59E-04,3.47E-04,2.10E-04,3.91E-04
3190,6.46E-04,5.60E-04,3.84E-04,6.73E-04,3.22E-04,1.36E-04,4.54E-04,4.31E-04,2.25E-04,3.80E-04,2.36E-04,2.99E-04,2.83E-04,1.51E-04,3.34E-04,1.63E-04,3.47E-04,3.44E-04,2.12E-04,3.91E-04
3191,6.30E-04,5.54E-04,3.74E-04,6.62E-04,3.15E-04,1.34E-04,4.53E-04,4.24E-04,2.21E-04,3.76E-04,2.29E-04,2.88E-04,2.78E-04,1.50E-04,3.33E-04,1.61E-04,3.36E-04,3.41E-04,2.14E-04,3.93E-04
3192,6.14E-04,5.48E-04,3.64E-04,6.52E-04,3.08E-04,1.33E-04,4.53E-04,4.18E-04,2.18E-04,3.73E-04,2.22E-04,2.78E-04,2.73E-04,1.49E-04,3.32E-04,1.60E-04,3.24E-04,3.39E-04,2.17E-04,3.94E-04
3193,5.98E-04,5.42E-04,3.55E-04,6.42E-04,3.02E-04,1.32E-04,4.52E-04,4.12E-04,2.15E-04,3.70E-04,2.15E-04,2.68E-04,2.69E-04,1.49E-04,3.31E-04,1.60E-04,3.12E-04,3.36E-04,2.19E-04,3.96E-04
3194,5.82E-04,5.36E-04,3.46E-04,6.32E-04,2.97E-04,1.33E-04,4.52E-04,4.06E-04,2.12E-04,3.67E-04,2.08E-04,2.58E-04,2.64E-04,1.49E-04,3.30E-04,1.60E-04,3.00E-04,3.34E-04,2.22E-04,3.98E-04
3195,5.67E-04,5.30E-04,3.38E-04,6.22E-04,2.93E-04,1.34E-04,4.52E-04,4.01E-04,2.10E-04,3.65E-04,2.02E-04,2.48E-04,2.61E-04,1.49E-04,3.29E-04,1.60E-04,2.89E-04,3.31E-04,2.25E-04,4.00E-04
3196,5.52E-04,5.24E-04,3.30E-04,6.13E-04,2.89E-04,1.36E-04,4.51E-04,3.96E-04,2.08E-04,3.63E-04,1.96E-04,2.39E-04,2.57E-04,1.49E-04,3.29E-04,1.62E-04,2.77E-04,3.29E-04,2.28E-04,4.03E-04
3197,5.37E-04,5.17E-04,3.23E-04,6.03E-04,2.86E-04,1.39E-04,4.50E-04,3.92E-04,2.06E-04,3.62E-04,1.91E-04,2.30E-04,2.54E-04,1.50E-04,3.29E-04,1.64E-04,2.65E-04,3.27E-04,2.31E-04,4.07E-04
3198,5.23E-04,5.10E-04,3.17E-04,5.94E-04,2.83E-04,1.42E-04,4.48E-04,3.87E-04,2.05E-04,3.61E-04,1.86E-04,2.22E-04,2.51E-04,1.52E-04,3.29E-04,1.67E-04,2.54E-04,3.25E-04,2.34E-04,4.11E-04
3199,5.08E-04,5.03E-04,3.10E-04,5.84E-04,2.80E-04,1.44E-04,4.46E-04,3.82E-04,2.04E-04,3.60E-04,1.81E-04,2.14E-04,2.48E-04,1.54E-04,3.30E-04,1.70E-04,2.43E-04,3.22E-04,2.38E-04,4.15E-04
3200,4.94E-04,4.95E-04,3.05E-04,5.74E-04,2.78E-04,1.47E-04,4.44E-04,3.78E-04,2.03E-04,3.60E-04,1.76E-04,2.06E-04,2.45E-04,1.56E-04,3.31E-04,1.75E-04,2.33E-04,3.20E-04,2.41E-04,4.20E-04
3201,4.81E-04,4.87E-04,2.99E-04,5.63E-04,2.75E-04,1.49E-04,4.40E-04,3.73E-04,2.02E-04,3.60E-04,1.72E-04,1.99E-04,2.42E-04,1.58E-04,3.33E-04,1.80E-04,2.23E-04,3.18E-04,2.44E-04,4.25E-04
3202,4.68E-04,4.78E-04,2.94E-04,5.53E-04,2.72E-04,1.51E-04,4.37E-04,3.68E-04,2.02E-04,3.60E-04,1.67E-04,1.92E-04,2.39E-04,1.60E-04,3.35E-04,1.85E-04,2.14E-04,3.16E-04,2.47E-04,4.31E-04
3203,4.55E-04,4.69E-04,2.89E-04,5.42E-04,2.69E-04,1.53E-04,4.33E-04,3.63E-04,2.01E-04,3.60E-04,1.63E-04,1.85E-04,2.37E-04,1.63E-04,3.37E-04,1.91E-04,2.05E-04,3.15E-04,2.50E-04,4.37E-04
3204,4.42E-04,4.60E-04,2.85E-04,5.31E-04,2.66E-04,1.54E-04,4.28E-04,3.57E-04,2.01E-04,3.61E-04,1.58E-04,1.79E-04,2.34E-04,1.66E-04,3.40E-04,1.97E-04,1.97E-04,3.13E-04,2.52E-04,4.43E-04
3205,4.30E-04,4.51E-04,2.81E-04,5.20E-04,2.63E-04,1.55E-04,4.24E-04,3.52E-04,2.02E-04,3.61E-04,1.54E-04,1.73E-04,2.32E-04,1.68E-04,3.43E-04,2.03E-04,1.90E-04,3.11E-04,2.55E-04,4.49E-04
3206,4.18E-04,4.41E-04,2.77E-04,5.10E-04,2.59E-04,1.55E-04,4.19E-04,3.46E-04,2.02E-04,3.61E-04,1.49E-04,1.67E-04,2.30E-04,1.70E-04,3.46E-04,2.09E-04,1.84E-04,3.09E-04,2.57E-04,4.55E-04
3207,4.07E-04,4.32E-04,2.73E-04,4.99E-04,2.56E-04,1.55E-04,4.14E-04,3.41E-04,2.03E-04,3.61E-04,1.44E-04,1.62E-04,2.27E-04,1.73E-04,3.50E-04,2.16E-04,1.78E-04,3.07E-04,2.59E-04,4.61E-04
3208,3.96E-04,4.22E-04,2.70E-04,4.89E-04,2.52E-04,1.55E-04,4.09E-04,3.36E-04,2.04E-04,3.61E-04,1.39E-04,1.57E-04,2.25E-04,1.74E-04,3.53E-04,2.21E-04,1.72E-04,3.05E-04,2.61E-04,4.67E-04
3209,3.86E-04,4.12E-04,2.68E-04,4.79E-04,2.49E-04,1.55E-04,4.05E-04,3.31E-04,2.05E-04,3.60E-04,1.34E-04,1.53E-04,2.23E-04,1.76E-04,3.56E-04,2.27E-04,1.68E-04,3.02E-04,2.62E-04,4.73E-04
3210,3.76E-04,4.02E-04,2.65E-04,4.70E-04,2.45E-04,1.54E-04,4.00E-04,3.26E-04,2.06E-04,3.60E-04,1.29E-04,1.49E-04,2.21E-04,1.76E-04,3.59E-04,2.32E-04,1.63E-04,3.00E-04,2.63E-04,4.77E-04
3211,3.67E-04,3.92E-04,2.63E-04,4.61E-04,2.41E-04,1.53E-04,3.96E-04,3.21E-04,2.08E-04,3.58E-04,1.24E-04,1.45E-04,2.19E-04,1.76E-04,3.62E-04,2.36E-04,1.60E-04,2.97E-04,2.63E-04,4.82E-04
3212,3.58E-04,3.82E-04,2.61E-04,4.52E-04,2.37E-04,1.52E-04,3.92E-04,3.17E-04,2.10E-04,3.57E-04,1.19E-04,1.41E-04,2.16E-04,1.76E-04,3.64E-04,2.39E-04,1.56E-04,2.94E-04,2.63E-04,4.85E-04
3213,3.49E-04,3.71E-04,2.60E-04,4.43E-04,2.34E-04,1.50E-04,3.89E-04,3.13E-04,2.12E-04,3.55E-04,1.14E-04,1.38E-04,2.14E-04,1.74E-04,3.65E-04,2.42E-04,1.53E-04,2.91E-04,2.62E-04,4.87E-04
3214,3.41E-04,3.61E-04,2.58E-04,4.35E-04,2.29E-04,1.49E-04,3.85E-04,3.09E-04,2.13E-04,3.52E-04,1.08E-04,1.35E-04,2.12E-04,1.72E-04,3.66E-04,2.43E-04,1.49E-04,2.87E-04,2.60E-04,4.89E-04
3215,3.33E-04,3.51E-04,2.56E-04,4.26E-04,2.25E-04,1.46E-04,3.82E-04,3.06E-04,2.15E-04,3.49E-04,1.02E-04,1.32E-04,2.09E-04,1.69E-04,3.66E-04,2.43E-04,1.46E-04,2.83E-04,2.58E-04,4.90E-04
3216,3.25E-04,3.40E-04,2.55E-04,4.18E-04,2.21E-04,1.44E-04,3.79E-04,3.02E-04,2.17E-04,3.46E-04,9.61E-05,1.29E-04,2.06E-04,1.66E-04,3.64E-04,2.43E-04,1.42E-04,2.78E-04,2.56E-04,4.89E-04
3217,3.17E-04,3.30E-04,2.53E-04,4.10E-04,2.16E-04,1.41E-04,3.75E-04,2.98E-04,2.18E-04,3.42E-04,8.98E-05,1.26E-04,2.03E-04,1.62E-04,3.62E-04,2.42E-04,1.39E-04,2.73E-04,2.53E-04,4.88E-04
3218,3.09E-04,3.19E-04,2.51E-04,4.01E-04,2.11E-04,1.37E-04,3.72E-04,2.94E-04,2.19E-04,3.38E-04,8.35E-05,1.23E-04,2.00E-04,1.57E-04,3.60E-04,2.40E-04,1.35E-04,2.67E-04,2.49E-04,4.86E-04
3219,3.02E-04,3.09E-04,2.48E-04,3.92E-04,2.05E-04,1.33E-04,3.69E-04,2.90E-04,2.20E-04,3.33E-04,7.69E-05,1.20E-04,1.96E-04,1.52E-04,3.56E-04,2.37E-04,1.30E-04,2.62E-04,2.45E-04,4.83E-04
3220,2.94E-04,2.99E-04,2.46E-04,3.83E-04,2.00E-04,1.28E-04,3.65E-04,2.86E-04,2.20E-04,3.29E-04,7.03E-05,1.17E-04,1.92E-04,1.47E-04,3.52E-04,2.34E-04,1.26E-04,2.56E-04,2.40E-04,4.80E-04
3221,2.87E-04,2.89E-04,2.43E-04,3.74E-04,1.94E-04,1.23E-04,3.62E-04,2.82E-04,2.20E-04,3.24E-04,6.36E-05,1.14E-04,1.88E-04,1.41E-04,3.48E-04,2.30E-04,1.21E-04,2.49E-04,2.35E-04,4.76E-04
3222,2.80E-04,2.80E-04,2.41E-04,3.65E-04,1.88E-04,1.17E-04,3.58E-04,2.78E-04,2.19E-04,3.19E-04,5.68E-05,1.11E-04,1.84E-04,1.36E-04,3.43E-04,2.26E-04,1.17E-04,2.43E-04,2.31E-04,4.72E-04
3223,2.74E-04,2.71E-04,2.38E-04,3.56E-04,1.82E-04,1.12E-04,3.55E-04,2.73E-04,2.19E-04,3.14E-04,5.02E-05,1.08E-04,1.80E-04,1.31E-04,3.38E-04,2.22E-04,1.12E-04,2.37E-04,2.26E-04,4.68E-04
3224,2.68E-04,2.63E-04,2.35E-04,3.47E-04,1.76E-04,1.07E-04,3.52E-04,2.69E-04,2.18E-04,3.09E-04,4.38E-05,1.05E-04,1.75E-04,1.26E-04,3.33E-04,2.19E-04,1.07E-04,2.31E-04,2.21E-04,4.64E-04
3225,2.62E-04,2.55E-04,2.33E-04,3.39E-04,1.71E-04,1.01E-04,3.49E-04,2.64E-04,2.17E-04,3.05E-04,3.76E-05,1.03E-04,1.71E-04,1.22E-04,3.28E-04,2.15E-04,1.02E-04,2.25E-04,2.17E-04,4.61E-04
3226,2.57E-04,2.49E-04,2.31E-04,3.32E-04,1.66E-04,9.66E-05,3.47E-04,2.60E-04,2.15E-04,3.01E-04,3.17E-05,1.00E-04,1.67E-04,1.18E-04,3.23E-04,2.12E-04,9.76E-05,2.19E-04,2.13E-04,4.58E-04
3227,2.53E-04,2.44E-04,2.29E-04,3.25E-04,1.62E-04,9.24E-05,3.45E-04,2.56E-04,2.14E-04,2.97E-04,2.62E-05,9.79E-05,1.64E-04,1.15E-04,3.19E-04,2.10E-04,9.34E-05,2.14E-04,2.09E-04,4.55E-04
3228,2.50E-04,2.39E-04,2.28E-04,3.19E-04,1.58E-04,8.90E-05,3.43E-04,2.53E-04,2.13E-04,2.95E-04,2.12E-05,9.61E-05,1.60E-04,1.13E-04,3.15E-04,2.07E-04,8.95E-05,2.10E-04,2.06E-04,4.53E-04
3229,2.48E-04,2.36E-04,2.28E-04,3.14E-04,1.56E-04,8.64E-05,3.42E-04,2.50E-04,2.11E-04,2.92E-04,1.66E-05,9.47E-05,1.57E-04,1.12E-04,3.12E-04,2.05E-04,8.61E-05,2.06E-04,2.04E-04,4.53E-04
3230,2.46E-04,2.34E-04,2.28E-04,3.10E-04,1.54E-04,8.46E-05,3.42E-04,2.47E-04,2.10E-04,2.91E-04,1.25E-05,9.38E-05,1.55E-04,1.11E-04,3.09E-04,2.04E-04,8.31E-05,2.02E-04,2.02E-04,4.52E-04
3231,2.45E-04,2.33E-04,2.28E-04,3.08E-04,1.53E-04,8.38E-05,3.42E-04,2.45E-04,2.09E-04,2.89E-04,8.80E-06,9.33E-05,1.53E-04,1.11E-04,3.07E-04,2.03E-04,8.05E-05,1.99E-04,2.01E-04,4.53E-04
3232,2.44E-04,2.33E-04,2.29E-04,3.06E-04,1.52E-04,8.37E-05,3.43E-04,2.43E-04,2.08E-04,2.89E-04,5.48E-06,9.31E-05,1.51E-04,1.11E-04,3.05E-04,2.02E-04,7.84E-05,1.96E-04,2.00E-04,4.53E-04
3233,2.44E-04,2.34E-04,2.30E-04,3.05E-04,1.52E-04,8.42E-05,3.44E-04,2.42E-04,2.07E-04,2.88E-04,2.39E-06,9.33E-05,1.50E-04,1.12E-04,3.03E-04,2.00E-04,7.67E-05,1.93E-04,2.00E-04,4.55E-04
3234,2.44E-04,2.35E-04,2.31E-04,3.04E-04,1.53E-04,8.51E-05,3.45E-04,2.40E-04,2.06E-04,2.88E-04,-5.99E-07,9.37E-05,1.49E-04,1.12E-04,3.01E-04,1.99E-04,7.52E-05,1.91E-04,2.00E-04,4.56E-04
3235,2.44E-04,2.37E-04,2.32E-04,3.03E-04,1.53E-04,8.61E-05,3.45E-04,2.39E-04,2.05E-04,2.88E-04,-3.67E-06,9.41E-05,1.47E-04,1.12E-04,2.99E-04,1.97E-04,7.39E-05,1.88E-04,2.00E-04,4.57E-04
3236,2.44E-04,2.39E-04,2.33E-04,3.02E-04,1.53E-04,8.70E-05,3.46E-04,2.37E-04,2.04E-04,2.87E-04,-7.01E-06,9.44E-05,1.45E-04,1.12E-04,2.97E-04,1.95E-04,7.25E-05,1.85E-04,2.00E-04,4.59E-04
3237,2.43E-04,2.40E-04,2.33E-04,3.00E-04,1.53E-04,8.73E-05,3.45E-04,2.35E-04,2.03E-04,2.86E-04,-1.08E-05,9.45E-05,1.43E-04,1.11E-04,2.94E-04,1.91E-04,7.11E-05,1.82E-04,2.00E-04,4.59E-04
3238,2.41E-04,2.41E-04,2.33E-04,2.98E-04,1.52E-04,8.68E-05,3.44E-04,2.32E-04,2.01E-04,2.85E-04,-1.54E-05,9.42E-05,1.40E-04,1.09E-04,2.91E-04,1.87E-04,6.93E-05,1.79E-04,1.99E-04,4.60E-04
3239,2.38E-04,2.42E-04,2.31E-04,2.94E-04,1.49E-04,8.52E-05,3.42E-04,2.27E-04,1.98E-04,2.82E-04,-2.08E-05,9.31E-05,1.37E-04,1.07E-04,2.87E-04,1.82E-04,6.70E-05,1.75E-04,1.98E-04,4.59E-04
3240,2.33E-04,2.41E-04,2.29E-04,2.89E-04,1.46E-04,8.21E-05,3.39E-04,2.22E-04,1.95E-04,2.79E-04,-2.74E-05,9.13E-05,1.32E-04,1.03E-04,2.81E-04,1.76E-04,6.41E-05,1.70E-04,1.96E-04,4.58E-04
3241,2.27E-04,2.40E-04,2.24E-04,2.82E-04,1.41E-04,7.73E-05,3.34E-04,2.16E-04,1.90E-04,2.74E-04,-3.53E-05,8.85E-05,1.25E-04,9.77E-05,2.75E-04,1.68E-04,6.03E-05,1.64E-04,1.94E-04,4.55E-04
3242,2.19E-04,2.37E-04,2.19E-04,2.72E-04,1.34E-04,7.06E-05,3.28E-04,2.07E-04,1.85E-04,2.68E-04,-4.45E-05,8.46E-05,1.18E-04,9.13E-05,2.67E-04,1.59E-04,5.56E-05,1.57E-04,1.90E-04,4.52E-04
3243,2.09E-04,2.33E-04,2.11E-04,2.61E-04,1.25E-04,6.21E-05,3.20E-04,1.98E-04,1.78E-04,2.61E-04,-5.52E-05,7.94E-05,1.08E-04,8.35E-05,2.58E-04,1.50E-04,4.99E-05,1.50E-04,1.86E-04,4.47E-04
3244,1.97E-04,2.27E-04,2.03E-04,2.48E-04,1.15E-04,5.17E-05,3.11E-04,1.87E-04,1.71E-04,2.52E-04,-6.74E-05,7.30E-05,9.75E-05,7.45E-05,2.48E-04,1.39E-04,4.31E-05,1.41E-04,1.81E-04,4.42E-04
3245,1.84E-04,2.21E-04,1.92E-04,2.32E-04,1.03E-04,3.97E-05,3.00E-04,1.74E-04,1.62E-04,2.42E-04,-8.11E-05,6.54E-05,8.51E-05,6.44E-05,2.37E-04,1.27E-04,3.52E-05,1.32E-04,1.75E-04,4.36E-04
3246,1.69E-04,2.13E-04,1.80E-04,2.15E-04,8.91E-05,2.61E-05,2.88E-04,1.60E-04,1.53E-04,2.31E-04,-9.61E-05,5.65E-05,7.14E-05,5.33E-05,2.25E-04,1.15E-04,2.61E-05,1.22E-04,1.69E-04,4.29E-04
3247,1.52E-04,2.04E-04,1.67E-04,1.97E-04,7.45E-05,1.13E-05,2.76E-04,1.46E-04,1.42E-04,2.19E-04,-1.12E-04,4.64E-05,5.64E-05,4.15E-05,2.12E-04,1.02E-04,1.60E-05,1.12E-04,1.62E-04,4.21E-04
3248,1.34E-04,1.93E-04,1.53E-04,1.77E-04,5.90E-05,-4.30E-06,2.62E-04,1.30E-04,1.31E-04,2.06E-04,-1.29E-04,3.54E-05,4.03E-05,2.90E-05,1.99E-04,8.88E-05,4.82E-06,1.01E-04,1.54E-04,4.13E-04
3249,1.16E-04,1.83E-04,1.38E-04,1.57E-04,4.29E-05,-2.03E-05,2.49E-04,1.14E-04,1.19E-04,1.93E-04,-1.47E-04,2.34E-05,2.34E-05,1.62E-05,1.85E-04,7.56E-05,-7.21E-06,8.98E-05,1.47E-04,4.05E-04
3250,9.65E-05,1.71E-04,1.22E-04,1.37E-04,2.67E-05,-3.62E-05,2.35E-04,9.73E-05,1.07E-04,1.80E-04,-1.66E-04,1.08E-05,5.91E-06,3.30E-06,1.70E-04,6.25E-05,-2.00E-05,7.84E-05,1.40E-04,3.97E-04
3251,7.69E-05,1.60E-04,1.06E-04,1.17E-04,1.07E-05,-5.16E-05,2.21E-04,8.09E-05,9.50E-05,1.66E-04,-1.84E-04,-2.21E-06,-1.19E-05,-9.48E-06,1.56E-04,4.99E-05,-3.33E-05,6.69E-05,1.33E-04,3.89E-04
3252,5.72E-05,1.48E-04,9.00E-05,9.72E-05,-4.65E-06,-6.61E-05,2.08E-04,6.49E-05,8.31E-05,1.54E-04,-2.03E-04,-1.55E-05,-2.96E-05,-2.19E-05,1.42E-04,3.77E-05,-4.71E-05,5.55E-05,1.26E-04,3.82E-04
3253,3.77E-05,1.36E-04,7.43E-05,7.85E-05,-1.91E-05,-7.92E-05,1.96E-04,4.96E-05,7.15E-05,1.42E-04,-2.20E-04,-2.87E-05,-4.71E-05,-3.38E-05,1.28E-04,2.62E-05,-6.10E-05,4.42E-05,1.20E-04,3.75E-04
3254,1.86E-05,1.25E-04,5.90E-05,6.11E-05,-3.24E-05,-9.07E-05,1.84E-04,3.51E-05,6.05E-05,1.31E-04,-2.38E-04,-4.18E-05,-6.41E-05,-4.49E-05,1.15E-04,1.55E-05,-7.49E-05,3.33E-05,1.14E-04,3.69E-04
3255,1.34E-07,1.14E-04,4.43E-05,4.52E-05,-4.44E-05,-1.00E-04,1.74E-04,2.17E-05,5.03E-05,1.21E-04,-2.54E-04,-5.44E-05,-8.02E-05,-5.52E-05,1.03E-04,5.72E-06,-8.86E-05,2.27E-05,1.09E-04,3.64E-04
3256,-1.76E-05,1.03E-04,3.03E-05,3.09E-05,-5.48E-05,-1.08E-04,1.65E-04,9.57E-06,4.12E-05,1.13E-04,-2.69E-04,-6.63E-05,-9.54E-05,-6.46E-05,9.09E-05,-3.15E-06,-1.02E-04,1.25E-05,1.05E-04,3.59E-04
3257,-3.45E-05,9.36E-05,1.73E-05,1.83E-05,-6.38E-05,-1.13E-04,1.57E-04,-1.32E-06,3.31E-05,1.06E-04,-2.82E-04,-7.76E-05,-1.09E-04,-7.29E-05,8.00E-05,-1.11E-05,-1.15E-04,2.71E-06,1.01E-04,3.56E-04
3258,-5.05E-05,8.43E-05,5.06E-06,7.20E-06,-7.12E-05,-1.16E-04,1.50E-04,-1.09E-05,2.62E-05,1.01E-04,-2.94E-04,-8.79E-05,-1.22E-04,-8.03E-05,6.99E-05,-1.81E-05,-1.27E-04,-6.58E-06,9.79E-05,3.53E-04
3259,-6.56E-05,7.57E-05,-6.25E-06,-2.35E-06,-7.72E-05,-1.18E-04,1.44E-04,-1.93E-05,2.04E-05,9.70E-05,-3.05E-04,-9.74E-05,-1.34E-04,-8.66E-05,6.08E-05,-2.42E-05,-1.38E-04,-1.54E-05,9.56E-05,3.50E-04
3260,-7.99E-05,6.75E-05,-1.67E-05,-1.06E-05,-8.20E-05,-1.17E-04,1.40E-04,-2.65E-05,1.59E-05,9.45E-05,-3.14E-04,-1.06E-04,-1.44E-04,-9.20E-05,5.24E-05,-2.95E-05,-1.49E-04,-2.38E-05,9.37E-05,3.49E-04
3261,-9.35E-05,5.98E-05,-2.64E-05,-1.78E-05,-8.58E-05,-1.15E-04,1.36E-04,-3.27E-05,1.24E-05,9.34E-05,-3.21E-04,-1.13E-04,-1.53E-04,-9.65E-05,4.49E-05,-3.41E-05,-1.58E-04,-3.18E-05,9.23E-05,3.48E-04
3262,-1.06E-04,5.25E-05,-3.55E-05,-2.42E-05,-8.88E-05,-1.12E-04,1.33E-04,-3.80E-05,9.96E-06,9.33E-05,-3.28E-04,-1.20E-04,-1.61E-04,-1.00E-04,3.81E-05,-3.81E-05,-1.67E-04,-3.94E-05,9.11E-05,3.47E-04
3263,-1.19E-04,4.54E-05,-4.40E-05,-3.02E-05,-9.13E-05,-1.08E-04,1.30E-04,-4.27E-05,8.34E-06,9.40E-05,-3.33E-04,-1.25E-04,-1.68E-04,-1.03E-04,3.19E-05,-4.16E-05,-1.74E-04,-4.66E-05,9.02E-05,3.46E-04
3264,-1.31E-04,3.85E-05,-5.20E-05,-3.59E-05,-9.35E-05,-1.04E-04,1.27E-04,-4.70E-05,7.43E-06,9.54E-05,-3.37E-04,-1.30E-04,-1.75E-04,-1.06E-04,2.63E-05,-4.47E-05,-1.81E-04,-5.34E-05,8.93E-05,3.46E-04
3265,-1.42E-04,3.17E-05,-5.98E-05,-4.16E-05,-9.57E-05,-9.92E-05,1.25E-04,-5.09E-05,7.04E-06,9.71E-05,-3.40E-04,-1.34E-04,-1.80E-04,-1.08E-04,2.12E-05,-4.75E-05,-1.86E-04,-6.00E-05,8.83E-05,3.45E-04
3266,-1.53E-04,2.48E-05,-6.72E-05,-4.75E-05,-9.81E-05,-9.48E-05,1.22E-04,-5.47E-05,7.01E-06,9.89E-05,-3.43E-04,-1.37E-04,-1.85E-04,-1.10E-04,1.64E-05,-5.00E-05,-1.91E-04,-6.62E-05,8.73E-05,3.45E-04
3267,-1.64E-04,1.80E-05,-7.45E-05,-5.38E-05,-1.01E-04,-9.09E-05,1.19E-04,-5.85E-05,7.18E-06,1.01E-04,-3.45E-04,-1.40E-04,-1.89E-04,-1.12E-04,1.19E-05,-5.24E-05,-1.95E-04,-7.21E-05,8.60E-05,3.44E-04
3268,-1.75E-04,1.11E-05,-8.16E-05,-6.05E-05,-1.04E-04,-8.74E-05,1.16E-04,-6.22E-05,7.42E-06,1.02E-04,-3.47E-04,-1.43E-04,-1.93E-04,-1.13E-04,7.65E-06,-5.47E-05,-1.99E-04,-7.77E-05,8.45E-05,3.43E-04
3269,-1.85E-04,4.24E-06,-8.85E-05,-6.76E-05,-1.07E-04,-8.46E-05,1.12E-04,-6.60E-05,7.62E-06,1.03E-04,-3.49E-04,-1.45E-04,-1.97E-04,-1.15E-04,3.58E-06,-5.69E-05,-2.02E-04,-8.29E-05,8.29E-05,3.42E-04
3270,-1.95E-04,-2.56E-06,-9.52E-05,-7.50E-05,-1.11E-04,-8.25E-05,1.09E-04,-6.98E-05,7.71E-06,1.04E-04,-3.51E-04,-1.46E-04,-2.01E-04,-1.16E-04,-3.29E-07,-5.91E-05,-2.05E-04,-8.77E-05,8.10E-05,3.40E-04
3271,-2.05E-04,-9.20E-06,-1.02E-04,-8.25E-05,-1.15E-04,-8.08E-05,1.05E-04,-7.35E-05,7.65E-06,1.03E-04,-3.52E-04,-1.48E-04,-2.04E-04,-1.18E-04,-4.07E-06,-6.12E-05,-2.07E-04,-9.21E-05,7.89E-05,3.38E-04
3272,-2.14E-04,-1.55E-05,-1.07E-04,-9.00E-05,-1.18E-04,-7.95E-05,1.02E-04,-7.71E-05,7.46E-06,1.03E-04,-3.54E-04,-1.49E-04,-2.07E-04,-1.19E-04,-7.63E-06,-6.32E-05,-2.09E-04,-9.60E-05,7.68E-05,3.36E-04
3273,-2.22E-04,-2.14E-05,-1.13E-04,-9.70E-05,-1.22E-04,-7.84E-05,9.88E-05,-8.02E-05,7.17E-06,1.02E-04,-3.55E-04,-1.49E-04,-2.11E-04,-1.20E-04,-1.10E-05,-6.51E-05,-2.11E-04,-9.93E-05,7.47E-05,3.34E-04
3274,-2.29E-04,-2.67E-05,-1.17E-04,-1.03E-04,-1.25E-04,-7.71E-05,9.63E-05,-8.28E-05,6.87E-06,1.00E-04,-3.57E-04,-1.50E-04,-2.14E-04,-1.22E-04,-1.40E-05,-6.68E-05,-2.12E-04,-1.02E-04,7.27E-05,3.32E-04
3275,-2.34E-04,-3.11E-05,-1.21E-04,-1.09E-04,-1.27E-04,-7.53E-05,9.47E-05,-8.46E-05,6.67E-06,9.84E-05,-3.58E-04,-1.49E-04,-2.16E-04,-1.22E-04,-1.67E-05,-6.84E-05,-2.14E-04,-1.04E-04,7.10E-05,3.29E-04
3276,-2.39E-04,-3.46E-05,-1.24E-04,-1.13E-04,-1.28E-04,-7.28E-05,9.42E-05,-8.55E-05,6.67E-06,9.66E-05,-3.59E-04,-1.49E-04,-2.18E-04,-1.23E-04,-1.89E-05,-6.96E-05,-2.15E-04,-1.06E-04,6.96E-05,3.27E-04
3277,-2.42E-04,-3.69E-05,-1.25E-04,-1.15E-04,-1.28E-04,-6.91E-05,9.49E-05,-8.53E-05,7.02E-06,9.49E-05,-3.59E-04,-1.48E-04,-2.20E-04,-1.23E-04,-2.06E-05,-7.06E-05,-2.17E-04,-1.07E-04,6.86E-05,3.26E-04
3278,-2.43E-04,-3.80E-05,-1.25E-04,-1.16E-04,-1.26E-04,-6.41E-05,9.72E-05,-8.38E-05,7.84E-06,9.36E-05,-3.58E-04,-1.46E-04,-2.21E-04,-1.23E-04,-2.16E-05,-7.12E-05,-2.18E-04,-1.07E-04,6.82E-05,3.24E-04
3279,-2.42E-04,-3.76E-05,-1.23E-04,-1.14E-04,-1.22E-04,-5.74E-05,1.01E-04,-8.11E-05,9.26E-06,9.27E-05,-3.57E-04,-1.44E-04,-2.21E-04,-1.22E-04,-2.20E-05,-7.14E-05,-2.18E-04,-1.06E-04,6.84E-05,3.24E-04
3280,-2.40E-04,-3.59E-05,-1.20E-04,-1.11E-04,-1.16E-04,-4.90E-05,1.07E-04,-7.69E-05,1.14E-05,9.26E-05,-3.55E-04,-1.41E-04,-2.21E-04,-1.21E-04,-2.16E-05,-7.11E-05,-2.19E-04,-1.05E-04,6.93E-05,3.23E-04
3281,-2.35E-04,-3.26E-05,-1.16E-04,-1.05E-04,-1.09E-04,-3.88E-05,1.14E-04,-7.13E-05,1.43E-05,9.33E-05,-3.53E-04,-1.37E-04,-2.20E-04,-1.19E-04,-2.03E-05,-7.05E-05,-2.18E-04,-1.03E-04,7.09E-05,3.24E-04
3282,-2.29E-04,-2.79E-05,-1.10E-04,-9.71E-05,-9.98E-05,-2.66E-05,1.23E-04,-6.44E-05,1.79E-05,9.50E-05,-3.49E-04,-1.33E-04,-2.18E-04,-1.16E-04,-1.82E-05,-6.95E-05,-2.18E-04,-1.00E-04,7.31E-05,3.24E-04
3283,-2.22E-04,-2.17E-05,-1.03E-04,-8.74E-05,-8.90E-05,-1.28E-05,1.33E-04,-5.62E-05,2.24E-05,9.76E-05,-3.45E-04,-1.28E-04,-2.15E-04,-1.13E-04,-1.53E-05,-6.80E-05,-2.16E-04,-9.68E-05,7.61E-05,3.26E-04
3284,-2.12E-04,-1.43E-05,-9.41E-05,-7.61E-05,-7.67E-05,2.73E-06,1.45E-04,-4.70E-05,2.77E-05,1.01E-04,-3.39E-04,-1.22E-04,-2.11E-04,-1.09E-04,-1.15E-05,-6.63E-05,-2.14E-04,-9.31E-05,7.97E-05,3.28E-04
3285,-2.02E-04,-5.65E-06,-8.45E-05,-6.33E-05,-6.32E-05,1.96E-05,1.58E-04,-3.70E-05,3.36E-05,1.06E-04,-3.33E-04,-1.16E-04,-2.07E-04,-1.04E-04,-7.05E-06,-6.43E-05,-2.12E-04,-8.89E-05,8.39E-05,3.30E-04
3286,-1.90E-04,3.93E-06,-7.41E-05,-4.95E-05,-4.87E-05,3.75E-05,1.72E-04,-2.63E-05,4.01E-05,1.11E-04,-3.27E-04,-1.09E-04,-2.02E-04,-9.91E-05,-1.91E-06,-6.20E-05,-2.08E-04,-8.44E-05,8.84E-05,3.33E-04
3287,-1.78E-04,1.43E-05,-6.31E-05,-3.50E-05,-3.36E-05,5.62E-05,1.86E-04,-1.52E-05,4.71E-05,1.18E-04,-3.20E-04,-1.01E-04,-1.96E-04,-9.37E-05,3.77E-06,-5.97E-05,-2.04E-04,-7.97E-05,9.33E-05,3.36E-04
3288,-1.65E-04,2.51E-05,-5.17E-05,-2.02E-05,-1.83E-05,7.53E-05,2.01E-04,-4.09E-06,5.43E-05,1.24E-04,-3.13E-04,-9.35E-05,-1.91E-04,-8.80E-05,9.84E-06,-5.73E-05,-1.99E-04,-7.48E-05,9.84E-05,3.39E-04
3289,-1.51E-04,3.62E-05,-4.03E-05,-5.47E-06,-3.15E-06,9.43E-05,2.16E-04,6.90E-06,6.17E-05,1.32E-04,-3.06E-04,-8.57E-05,-1.85E-04,-8.22E-05,1.61E-05,-5.50E-05,-1.94E-04,-7.00E-05,1.04E-04,3.42E-04
3290,-1.38E-04,4.74E-05,-2.91E-05,8.78E-06,1.16E-05,1.13E-04,2.31E-04,1.75E-05,6.90E-05,1.39E-04,-2.99E-04,-7.79E-05,-1.79E-04,-7.64E-05,2.25E-05,-5.29E-05,-1.89E-04,-6.51E-05,1.09E-04,3.45E-04
3291,-1.24E-04,5.83E-05,-1.83E-05,2.23E-05,2.56E-05,1.31E-04,2.45E-04,2.74E-05,7.60E-05,1.46E-04,-2.93E-04,-7.03E-05,-1.73E-04,-7.08E-05,2.87E-05,-5.11E-05,-1.83E-04,-6.05E-05,1.13E-04,3.48E-04
3292,-1.11E-04,6.88E-05,-8.09E-06,3.47E-05,3.86E-05,1.48E-04,2.58E-04,3.65E-05,8.28E-05,1.53E-04,-2.87E-04,-6.30E-05,-1.67E-04,-6.54E-05,3.47E-05,-4.96E-05,-1.77E-04,-5.62E-05,1.18E-04,3.51E-04
3293,-9.90E-05,7.87E-05,1.29E-06,4.58E-05,5.04E-05,1.63E-04,2.70E-04,4.46E-05,8.90E-05,1.60E-04,-2.82E-04,-5.62E-05,-1.62E-04,-6.05E-05,4.01E-05,-4.87E-05,-1.71E-04,-5.23E-05,1.22E-04,3.52E-04
3294,-8.76E-05,8.78E-05,9.70E-06,5.56E-05,6.08E-05,1.77E-04,2.81E-04,5.17E-05,9.46E-05,1.66E-04,-2.78E-04,-4.99E-05,-1.57E-04,-5.62E-05,4.50E-05,-4.83E-05,-1.66E-04,-4.89E-05,1.25E-04,3.54E-04
3295,-7.71E-05,9.59E-05,1.71E-05,6.38E-05,6.97E-05,1.90E-04,2.91E-04,5.76E-05,9.95E-05,1.71E-04,-2.75E-04,-4.43E-05,-1.54E-04,-5.24E-05,4.91E-05,-4.84E-05,-1.61E-04,-4.60E-05,1.27E-04,3.54E-04
3296,-6.76E-05,1.03E-04,2.33E-05,7.05E-05,7.71E-05,2.01E-04,2.99E-04,6.24E-05,1.04E-04,1.76E-04,-2.73E-04,-3.95E-05,-1.50E-04,-4.94E-05,5.24E-05,-4.92E-05,-1.56E-04,-4.37E-05,1.29E-04,3.55E-04
3297,-5.92E-05,1.09E-04,2.84E-05,7.58E-05,8.30E-05,2.10E-04,3.06E-04,6.62E-05,1.07E-04,1.80E-04,-2.72E-04,-3.55E-05,-1.48E-04,-4.71E-05,5.48E-05,-5.07E-05,-1.53E-04,-4.20E-05,1.30E-04,3.54E-04
3298,-5.19E-05,1.14E-04,3.25E-05,7.97E-05,8.76E-05,2.18E-04,3.12E-04,6.88E-05,1.10E-04,1.83E-04,-2.72E-04,-3.23E-05,-1.46E-04,-4.56E-05,5.63E-05,-5.27E-05,-1.50E-04,-4.11E-05,1.31E-04,3.53E-04
3299,-4.57E-05,1.18E-04,3.55E-05,8.23E-05,9.09E-05,2.25E-04,3.17E-04,7.06E-05,1.12E-04,1.85E-04,-2.73E-04,-2.99E-05,-1.45E-04,-4.48E-05,5.69E-05,-5.53E-05,-1.49E-04,-4.08E-05,1.31E-04,3.51E-04
3300,-4.05E-05,1.21E-04,3.76E-05,8.40E-05,9.30E-05,2.30E-04,3.21E-04,7.15E-05,1.14E-04,1.87E-04,-2.75E-04,-2.84E-05,-1.45E-04,-4.47E-05,5.67E-05,-5.83E-05,-1.48E-04,-4.11E-05,1.30E-04,3.49E-04
3301,-3.62E-05,1.23E-04,3.89E-05,8.48E-05,9.43E-05,2.35E-04,3.23E-04,7.18E-05,1.15E-04,1.88E-04,-2.77E-04,-2.76E-05,-1.46E-04,-4.52E-05,5.57E-05,-6.18E-05,-1.48E-04,-4.20E-05,1.28E-04,3.47E-04
3302,-3.28E-05,1.24E-04,3.96E-05,8.50E-05,9.49E-05,2.38E-04,3.25E-04,7.15E-05,1.16E-04,1.88E-04,-2.80E-04,-2.75E-05,-1.46E-04,-4.61E-05,5.40E-05,-6.55E-05,-1.50E-04,-4.34E-05,1.26E-04,3.45E-04
3303,-3.01E-05,1.25E-04,3.98E-05,8.48E-05,9.50E-05,2.42E-04,3.26E-04,7.08E-05,1.16E-04,1.88E-04,-2.83E-04,-2.80E-05,-1.48E-04,-4.74E-05,5.19E-05,-6.94E-05,-1.52E-04,-4.53E-05,1.24E-04,3.42E-04
3304,-2.81E-05,1.25E-04,3.96E-05,8.44E-05,9.48E-05,2.45E-04,3.26E-04,6.99E-05,1.17E-04,1.89E-04,-2.86E-04,-2.89E-05,-1.49E-04,-4.88E-05,4.95E-05,-7.32E-05,-1.55E-04,-4.75E-05,1.22E-04,3.39E-04
3305,-2.64E-05,1.25E-04,3.94E-05,8.41E-05,9.47E-05,2.49E-04,3.26E-04,6.88E-05,1.17E-04,1.89E-04,-2.90E-04,-3.03E-05,-1.51E-04,-5.03E-05,4.69E-05,-7.69E-05,-1.59E-04,-4.98E-05,1.20E-04,3.37E-04
3306,-2.51E-05,1.25E-04,3.91E-05,8.39E-05,9.47E-05,2.52E-04,3.26E-04,6.77E-05,1.18E-04,1.89E-04,-2.93E-04,-3.20E-05,-1.53E-04,-5.16E-05,4.43E-05,-8.03E-05,-1.63E-04,-5.23E-05,1.18E-04,3.35E-04
3307,-2.40E-05,1.25E-04,3.90E-05,8.40E-05,9.50E-05,2.57E-04,3.25E-04,6.66E-05,1.19E-04,1.90E-04,-2.95E-04,-3.38E-05,-1.55E-04,-5.26E-05,4.18E-05,-8.33E-05,-1.68E-04,-5.48E-05,1.16E-04,3.34E-04
3308,-2.29E-05,1.25E-04,3.91E-05,8.46E-05,9.60E-05,2.62E-04,3.24E-04,6.57E-05,1.20E-04,1.92E-04,-2.98E-04,-3.57E-05,-1.57E-04,-5.31E-05,3.96E-05,-8.58E-05,-1.73E-04,-5.70E-05,1.14E-04,3.33E-04
3309,-2.18E-05,1.26E-04,3.96E-05,8.56E-05,9.76E-05,2.68E-04,3.24E-04,6.50E-05,1.21E-04,1.94E-04,-3.00E-04,-3.76E-05,-1.59E-04,-5.30E-05,3.79E-05,-8.76E-05,-1.78E-04,-5.90E-05,1.13E-04,3.33E-04
3310,-2.05E-05,1.26E-04,4.06E-05,8.72E-05,1.00E-04,2.75E-04,3.23E-04,6.46E-05,1.23E-04,1.97E-04,-3.01E-04,-3.94E-05,-1.60E-04,-5.21E-05,3.66E-05,-8.88E-05,-1.83E-04,-6.07E-05,1.13E-04,3.33E-04
3311,-1.90E-05,1.28E-04,4.20E-05,8.94E-05,1.03E-04,2.83E-04,3.22E-04,6.45E-05,1.25E-04,2.00E-04,-3.01E-04,-4.11E-05,-1.61E-04,-5.05E-05,3.59E-05,-8.93E-05,-1.87E-04,-6.18E-05,1.13E-04,3.34E-04
3312,-1.72E-05,1.29E-04,4.40E-05,9.22E-05,1.08E-04,2.92E-04,3.22E-04,6.48E-05,1.28E-04,2.04E-04,-3.01E-04,-4.25E-05,-1.62E-04,-4.80E-05,3.57E-05,-8.91E-05,-1.91E-04,-6.25E-05,1.14E-04,3.36E-04
3313,-1.50E-05,1.32E-04,4.66E-05,9.56E-05,1.13E-04,3.02E-04,3.21E-04,6.55E-05,1.32E-04,2.10E-04,-3.00E-04,-4.37E-05,-1.62E-04,-4.47E-05,3.62E-05,-8.82E-05,-1.94E-04,-6.26E-05,1.16E-04,3.39E-04
3314,-1.25E-05,1.34E-04,4.96E-05,9.95E-05,1.19E-04,3.13E-04,3.21E-04,6.66E-05,1.36E-04,2.15E-04,-2.98E-04,-4.47E-05,-1.62E-04,-4.06E-05,3.71E-05,-8.67E-05,-1.97E-04,-6.22E-05,1.18E-04,3.42E-04
3315,-9.61E-06,1.38E-04,5.31E-05,1.04E-04,1.27E-04,3.25E-04,3.21E-04,6.81E-05,1.40E-04,2.22E-04,-2.96E-04,-4.55E-05,-1.62E-04,-3.58E-05,3.84E-05,-8.49E-05,-2.00E-04,-6.13E-05,1.21E-04,3.46E-04
3316,-6.47E-06,1.41E-04,5.70E-05,1.09E-04,1.35E-04,3.38E-04,3.22E-04,7.01E-05,1.45E-04,2.29E-04,-2.93E-04,-4.60E-05,-1.62E-04,-3.04E-05,4.01E-05,-8.27E-05,-2.02E-04,-5.99E-05,1.24E-04,3.50E-04
3317,-3.11E-06,1.45E-04,6.12E-05,1.14E-04,1.44E-04,3.52E-04,3.22E-04,7.23E-05,1.50E-04,2.36E-04,-2.90E-04,-4.63E-05,-1.61E-04,-2.45E-05,4.19E-05,-8.03E-05,-2.03E-04,-5.82E-05,1.27E-04,3.55E-04
3318,3.51E-07,1.49E-04,6.56E-05,1.19E-04,1.54E-04,3.66E-04,3.23E-04,7.49E-05,1.56E-04,2.44E-04,-2.87E-04,-4.65E-05,-1.60E-04,-1.83E-05,4.38E-05,-7.81E-05,-2.04E-04,-5.63E-05,1.31E-04,3.59E-04
3319,3.80E-06,1.53E-04,7.01E-05,1.24E-04,1.64E-04,3.80E-04,3.24E-04,7.78E-05,1.61E-04,2.52E-04,-2.83E-04,-4.67E-05,-1.60E-04,-1.20E-05,4.56E-05,-7.60E-05,-2.05E-04,-5.43E-05,1.35E-04,3.64E-04
3320,7.07E-06,1.56E-04,7.44E-05,1.29E-04,1.74E-04,3.94E-04,3.25E-04,8.07E-05,1.67E-04,2.59E-04,-2.79E-04,-4.68E-05,-1.59E-04,-5.79E-06,4.71E-05,-7.45E-05,-2.06E-04,-5.23E-05,1.38E-04,3.68E-04
3321,1.00E-05,1.60E-04,7.86E-05,1.33E-04,1.85E-04,4.08E-04,3.25E-04,8.37E-05,1.73E-04,2.67E-04,-2.75E-04,-4.70E-05,-1.59E-04,8.18E-08,4.82E-05,-7.35E-05,-2.07E-04,-5.06E-05,1.41E-04,3.72E-04
3322,1.24E-05,1.62E-04,8.24E-05,1.38E-04,1.95E-04,4.21E-04,3.26E-04,8.65E-05,1.79E-04,2.74E-04,-2.72E-04,-4.74E-05,-1.59E-04,5.44E-06,4.87E-05,-7.33E-05,-2.08E-04,-4.92E-05,1.44E-04,3.75E-04
3323,1.42E-05,1.64E-04,8.56E-05,1.41E-04,2.04E-04,4.33E-04,3.25E-04,8.90E-05,1.85E-04,2.81E-04,-2.68E-04,-4.81E-05,-1.59E-04,1.01E-05,4.85E-05,-7.41E-05,-2.09E-04,-4.84E-05,1.46E-04,3.78E-04
3324,1.50E-05,1.65E-04,8.82E-05,1.44E-04,2.12E-04,4.45E-04,3.25E-04,9.10E-05,1.91E-04,2.86E-04,-2.66E-04,-4.91E-05,-1.60E-04,1.39E-05,4.74E-05,-7.59E-05,-2.10E-04,-4.83E-05,1.48E-04,3.79E-04
3325,1.49E-05,1.64E-04,9.00E-05,1.45E-04,2.20E-04,4.55E-04,3.23E-04,9.24E-05,1.96E-04,2.92E-04,-2.63E-04,-5.05E-05,-1.61E-04,1.67E-05,4.55E-05,-7.88E-05,-2.13E-04,-4.91E-05,1.48E-04,3.80E-04
3326,1.36E-05,1.63E-04,9.08E-05,1.46E-04,2.26E-04,4.63E-04,3.20E-04,9.29E-05,2.00E-04,2.96E-04,-2.61E-04,-5.24E-05,-1.64E-04,1.84E-05,4.25E-05,-8.28E-05,-2.16E-04,-5.07E-05,1.48E-04,3.80E-04
3327,1.10E-05,1.60E-04,9.07E-05,1.45E-04,2.30E-04,4.69E-04,3.17E-04,9.25E-05,2.04E-04,2.99E-04,-2.60E-04,-5.48E-05,-1.67E-04,1.89E-05,3.85E-05,-8.80E-05,-2.19E-04,-5.33E-05,1.46E-04,3.78E-04
3328,7.17E-06,1.55E-04,8.96E-05,1.43E-04,2.33E-04,4.74E-04,3.12E-04,9.10E-05,2.07E-04,3.01E-04,-2.60E-04,-5.79E-05,-1.71E-04,1.83E-05,3.35E-05,-9.43E-05,-2.24E-04,-5.70E-05,1.44E-04,3.76E-04
3329,1.98E-06,1.50E-04,8.74E-05,1.39E-04,2.34E-04,4.77E-04,3.06E-04,8.83E-05,2.09E-04,3.03E-04,-2.61E-04,-6.15E-05,-1.75E-04,1.64E-05,2.75E-05,-1.02E-04,-2.29E-04,-6.17E-05,1.40E-04,3.72E-04
3330,-4.51E-06,1.43E-04,8.42E-05,1.34E-04,2.33E-04,4.78E-04,2.98E-04,8.44E-05,2.11E-04,3.03E-04,-2.62E-04,-6.57E-05,-1.81E-04,1.34E-05,2.04E-05,-1.10E-04,-2.35E-04,-6.74E-05,1.36E-04,3.67E-04
3331,-1.22E-05,1.35E-04,8.01E-05,1.28E-04,2.30E-04,4.76E-04,2.89E-04,7.93E-05,2.11E-04,3.02E-04,-2.64E-04,-7.06E-05,-1.87E-04,9.37E-06,1.23E-05,-1.19E-04,-2.42E-04,-7.40E-05,1.30E-04,3.62E-04
3332,-2.09E-05,1.26E-04,7.51E-05,1.20E-04,2.26E-04,4.73E-04,2.79E-04,7.31E-05,2.10E-04,3.00E-04,-2.67E-04,-7.60E-05,-1.94E-04,4.36E-06,3.42E-06,-1.29E-04,-2.50E-04,-8.15E-05,1.24E-04,3.55E-04
3333,-3.06E-05,1.16E-04,6.94E-05,1.12E-04,2.20E-04,4.69E-04,2.68E-04,6.59E-05,2.09E-04,2.98E-04,-2.71E-04,-8.20E-05,-2.02E-04,-1.47E-06,-6.30E-06,-1.39E-04,-2.59E-04,-8.97E-05,1.17E-04,3.48E-04
3334,-4.10E-05,1.06E-04,6.32E-05,1.03E-04,2.12E-04,4.63E-04,2.56E-04,5.79E-05,2.06E-04,2.95E-04,-2.76E-04,-8.84E-05,-2.10E-04,-7.99E-06,-1.67E-05,-1.49E-04,-2.68E-04,-9.86E-05,1.09E-04,3.40E-04
3335,-5.18E-05,9.52E-05,5.65E-05,9.31E-05,2.04E-04,4.55E-04,2.43E-04,4.92E-05,2.03E-04,2.91E-04,-2.81E-04,-9.52E-05,-2.18E-04,-1.50E-05,-2.78E-05,-1.60E-04,-2.77E-04,-1.08E-04,1.01E-04,3.32E-04
3336,-6.28E-05,8.44E-05,4.97E-05,8.32E-05,1.95E-04,4.47E-04,2.30E-04,4.01E-05,1.98E-04,2.86E-04,-2.86E-04,-1.02E-04,-2.27E-04,-2.25E-05,-3.93E-05,-1.70E-04,-2.87E-04,-1.18E-04,9.26E-05,3.23E-04
3337,-7.39E-05,7.37E-05,4.28E-05,7.32E-05,1.86E-04,4.39E-04,2.17E-04,3.08E-05,1.94E-04,2.81E-04,-2.92E-04,-1.10E-04,-2.36E-04,-3.02E-05,-5.11E-05,-1.80E-04,-2.97E-04,-1.27E-04,8.39E-05,3.14E-04
3338,-8.47E-05,6.33E-05,3.61E-05,6.35E-05,1.77E-04,4.30E-04,2.04E-04,2.15E-05,1.88E-04,2.76E-04,-2.99E-04,-1.17E-04,-2.45E-04,-3.80E-05,-6.33E-05,-1.90E-04,-3.08E-04,-1.37E-04,7.51E-05,3.06E-04
3339,-9.51E-05,5.35E-05,2.96E-05,5.41E-05,1.68E-04,4.21E-04,1.91E-04,1.25E-05,1.82E-04,2.71E-04,-3.05E-04,-1.25E-04,-2.54E-04,-4.59E-05,-7.56E-05,-2.00E-04,-3.19E-04,-1.47E-04,6.63E-05,2.97E-04
3340,-1.05E-04,4.43E-05,2.36E-05,4.54E-05,1.59E-04,4.12E-04,1.79E-04,3.85E-06,1.76E-04,2.66E-04,-3.12E-04,-1.32E-04,-2.63E-04,-5.37E-05,-8.80E-05,-2.10E-04,-3.29E-04,-1.56E-04,5.77E-05,2.89E-04
3341,-1.14E-04,3.58E-05,1.79E-05,3.73E-05,1.51E-04,4.03E-04,1.68E-04,-4.28E-06,1.70E-04,2.61E-04,-3.19E-04,-1.40E-04,-2.72E-04,-6.15E-05,-1.00E-04,-2.19E-04,-3.40E-04,-1.66E-04,4.92E-05,2.82E-04
3342,-1.23E-04,2.81E-05,1.28E-05,2.99E-05,1.44E-04,3.95E-04,1.57E-04,-1.18E-05,1.63E-04,2.56E-04,-3.26E-04,-1.47E-04,-2.80E-04,-6.92E-05,-1.13E-04,-2.27E-04,-3.50E-04,-1.75E-04,4.09E-05,2.74E-04
3343,-1.31E-04,2.10E-05,8.05E-06,2.31E-05,1.38E-04,3.87E-04,1.48E-04,-1.88E-05,1.57E-04,2.50E-04,-3.34E-04,-1.54E-04,-2.89E-04,-7.69E-05,-1.25E-04,-2.35E-04,-3.60E-04,-1.83E-04,3.29E-05,2.67E-04
3344,-1.38E-04,1.45E-05,3.67E-06,1.69E-05,1.32E-04,3.79E-04,1.39E-04,-2.52E-05,1.50E-04,2.45E-04,-3.41E-04,-1.61E-04,-2.97E-04,-8.45E-05,-1.37E-04,-2.43E-04,-3.70E-04,-1.92E-04,2.51E-05,2.61E-04
3345,-1.45E-04,8.48E-06,-4.87E-07,1.10E-05,1.26E-04,3.71E-04,1.30E-04,-3.13E-05,1.43E-04,2.40E-04,-3.48E-04,-1.68E-04,-3.05E-04,-9.22E-05,-1.49E-04,-2.51E-04,-3.80E-04,-2.00E-04,1.76E-05,2.55E-04
3346,-1.52E-04,2.75E-06,-4.57E-06,5.31E-06,1.21E-04,3.64E-04,1.22E-04,-3.71E-05,1.35E-04,2.34E-04,-3.56E-04,-1.74E-04,-3.13E-04,-1.00E-04,-1.60E-04,-2.58E-04,-3.90E-04,-2.08E-04,1.02E-05,2.49E-04
3347,-1.58E-04,-2.90E-06,-8.75E-06,-5.16E-07,1.16E-04,3.56E-04,1.14E-04,-4.30E-05,1.27E-04,2.29E-04,-3.65E-04,-1.81E-04,-3.21E-04,-1.08E-04,-1.72E-04,-2.66E-04,-3.99E-04,-2.15E-04,2.93E-06,2.43E-04
3348,-1.65E-04,-8.67E-06,-1.32E-05,-6.71E-06,1.10E-04,3.47E-04,1.06E-04,-4.90E-05,1.19E-04,2.23E-04,-3.74E-04,-1.88E-04,-3.30E-04,-1.17E-04,-1.83E-04,-2.73E-04,-4.08E-04,-2.23E-04,-4.31E-06,2.38E-04
3349,-1.73E-04,-1.48E-05,-1.82E-05,-1.35E-05,1.04E-04,3.38E-04,9.81E-05,-5.55E-05,1.11E-04,2.16E-04,-3.83E-04,-1.94E-04,-3.38E-04,-1.26E-04,-1.95E-04,-2.81E-04,-4.16E-04,-2.31E-04,-1.16E-05,2.32E-04
3350,-1.81E-04,-2.14E-05,-2.38E-05,-2.12E-05,9.74E-05,3.27E-04,8.94E-05,-6.26E-05,1.02E-04,2.09E-04,-3.93E-04,-2.01E-04,-3.47E-04,-1.35E-04,-2.07E-04,-2.89E-04,-4.25E-04,-2.39E-04,-1.91E-05,2.26E-04
3351,-1.89E-04,-2.87E-05,-3.01E-05,-2.99E-05,8.95E-05,3.15E-04,8.00E-05,-7.05E-05,9.20E-05,2.01E-04,-4.04E-04,-2.08E-04,-3.56E-04,-1.45E-04,-2.18E-04,-2.97E-04,-4.34E-04,-2.47E-04,-2.67E-05,2.19E-04
3352,-1.99E-04,-3.67E-05,-3.73E-05,-3.97E-05,8.04E-05,3.03E-04,6.97E-05,-7.93E-05,8.16E-05,1.92E-04,-4.16E-04,-2.16E-04,-3.66E-04,-1.56E-04,-2.30E-04,-3.06E-04,-4.42E-04,-2.56E-04,-3.47E-05,2.13E-04
3353,-2.09E-04,-4.56E-05,-4.54E-05,-5.08E-05,7.00E-05,2.88E-04,5.86E-05,-8.91E-05,7.05E-05,1.83E-04,-4.29E-04,-2.23E-04,-3.76E-04,-1.68E-04,-2.42E-04,-3.15E-04,-4.51E-04,-2.65E-04,-4.30E-05,2.05E-04
3354,-2.20E-04,-5.52E-05,-5.44E-05,-6.29E-05,5.83E-05,2.73E-04,4.67E-05,-9.98E-05,5.89E-05,1.72E-04,-4.43E-04,-2.31E-04,-3.86E-04,-1.81E-04,-2.55E-04,-3.24E-04,-4.60E-04,-2.75E-04,-5.17E-05,1.97E-04
3355,-2.32E-04,-6.54E-05,-6.41E-05,-7.61E-05,4.54E-05,2.56E-04,3.41E-05,-1.11E-04,4.67E-05,1.61E-04,-4.57E-04,-2.39E-04,-3.97E-04,-1.94E-04,-2.67E-04,-3.34E-04,-4.69E-04,-2.86E-04,-6.08E-05,1.89E-04
3356,-2.45E-04,-7.62E-05,-7.45E-05,-9.00E-05,3.15E-05,2.38E-04,2.10E-05,-1.24E-04,3.41E-05,1.50E-04,-4.72E-04,-2.48E-04,-4.09E-04,-2.07E-04,-2.80E-04,-3.44E-04,-4.78E-04,-2.97E-04,-7.02E-05,1.80E-04
3357,-2.57E-04,-8.73E-05,-8.53E-05,-1.04E-04,1.68E-05,2.19E-04,7.62E-06,-1.36E-04,2.13E-05,1.37E-04,-4.88E-04,-2.56E-04,-4.20E-04,-2.22E-04,-2.93E-04,-3.54E-04,-4.87E-04,-3.08E-04,-7.99E-05,1.70E-04
3358,-2.70E-04,-9.85E-05,-9.64E-05,-1.19E-04,1.53E-06,2.00E-04,-5.67E-06,-1.49E-04,8.44E-06,1.25E-04,-5.04E-04,-2.65E-04,-4.31E-04,-2.36E-04,-3.06E-04,-3.65E-04,-4.96E-04,-3.20E-04,-8.97E-05,1.60E-04
3359,-2.83E-04,-1.09E-04,-1.07E-04,-1.33E-04,-1.39E-05,1.81E-04,-1.85E-05,-1.62E-04,-4.23E-06,1.12E-04,-5.20E-04,-2.73E-04,-4.42E-04,-2.51E-04,-3.19E-04,-3.75E-04,-5.05E-04,-3.32E-04,-9.97E-05,1.50E-04
3360,-2.95E-04,-1.20E-04,-1.18E-04,-1.47E-04,-2.90E-05,1.62E-04,-3.06E-05,-1.74E-04,-1.65E-05,9.93E-05,-5.35E-04,-2.82E-04,-4.52E-04,-2.65E-04,-3.32E-04,-3.85E-04,-5.15E-04,-3.44E-04,-1.10E-04,1.40E-04
3361,-3.06E-04,-1.29E-04,-1.28E-04,-1.60E-04,-4.36E-05,1.44E-04,-4.16E-05,-1.85E-04,-2.81E-05,8.70E-05,-5.50E-04,-2.89E-04,-4.62E-04,-2.79E-04,-3.44E-04,-3.95E-04,-5.24E-04,-3.56E-04,-1.19E-04,1.30E-04
3362,-3.16E-04,-1.38E-04,-1.37E-04,-1.71E-04,-5.72E-05,1.27E-04,-5.11E-05,-1.95E-04,-3.88E-05,7.53E-05,-5.63E-04,-2.97E-04,-4.71E-04,-2.92E-04,-3.55E-04,-4.04E-04,-5.33E-04,-3.68E-04,-1.28E-04,1.20E-04
3363,-3.24E-04,-1.45E-04,-1.45E-04,-1.81E-04,-6.96E-05,1.11E-04,-5.89E-05,-2.03E-04,-4.85E-05,6.43E-05,-5.76E-04,-3.03E-04,-4.79E-04,-3.05E-04,-3.66E-04,-4.13E-04,-5.41E-04,-3.79E-04,-1.37E-04,1.11E-04
3364,-3.31E-04,-1.51E-04,-1.52E-04,-1.89E-04,-8.04E-05,9.66E-05,-6.48E-05,-2.10E-04,-5.69E-05,5.44E-05,-5.87E-04,-3.09E-04,-4.86E-04,-3.16E-04,-3.75E-04,-4.20E-04,-5.49E-04,-3.89E-04,-1.44E-04,1.03E-04
3365,-3.36E-04,-1.55E-04,-1.57E-04,-1.94E-04,-8.94E-05,8.42E-05,-6.86E-05,-2.14E-04,-6.40E-05,4.58E-05,-5.96E-04,-3.14E-04,-4.91E-04,-3.26E-04,-3.83E-04,-4.27E-04,-5.56E-04,-3.98E-04,-1.51E-04,9.63E-05
3366,-3.39E-04,-1.57E-04,-1.60E-04,-1.98E-04,-9.66E-05,7.37E-05,-7.04E-05,-2.17E-04,-6.96E-05,3.85E-05,-6.03E-04,-3.18E-04,-4.94E-04,-3.34E-04,-3.90E-04,-4.32E-04,-5.62E-04,-4.06E-04,-1.56E-04,9.06E-05
3367,-3.39E-04,-1.57E-04,-1.62E-04,-1.99E-04,-1.02E-04,6.51E-05,-7.02E-05,-2.18E-04,-7.38E-05,3.26E-05,-6.08E-04,-3.20E-04,-4.97E-04,-3.41E-04,-3.95E-04,-4.35E-04,-5.67E-04,-4.12E-04,-1.60E-04,8.62E-05
3368,-3.38E-04,-1.56E-04,-1.63E-04,-1.98E-04,-1.05E-04,5.84E-05,-6.80E-05,-2.17E-04,-7.66E-05,2.83E-05,-6.11E-04,-3.21E-04,-4.97E-04,-3.45E-04,-3.98E-04,-4.38E-04,-5.71E-04,-4.17E-04,-1.63E-04,8.34E-05
3369,-3.35E-04,-1.53E-04,-1.61E-04,-1.95E-04,-1.06E-04,5.35E-05,-6.41E-05,-2.14E-04,-7.80E-05,2.55E-05,-6.12E-04,-3.21E-04,-4.96E-04,-3.48E-04,-3.99E-04,-4.38E-04,-5.73E-04,-4.20E-04,-1.64E-04,8.20E-05
3370,-3.30E-04,-1.48E-04,-1.59E-04,-1.91E-04,-1.05E-04,5.02E-05,-5.87E-05,-2.10E-04,-7.82E-05,2.41E-05,-6.10E-04,-3.19E-04,-4.93E-04,-3.49E-04,-3.98E-04,-4.37E-04,-5.74E-04,-4.21E-04,-1.64E-04,8.21E-05
3371,-3.23E-04,-1.42E-04,-1.54E-04,-1.84E-04,-1.03E-04,4.85E-05,-5.19E-05,-2.04E-04,-7.74E-05,2.42E-05,-6.07E-04,-3.16E-04,-4.89E-04,-3.48E-04,-3.95E-04,-4.35E-04,-5.74E-04,-4.20E-04,-1.62E-04,8.36E-05
3372,-3.15E-04,-1.35E-04,-1.49E-04,-1.76E-04,-9.91E-05,4.82E-05,-4.40E-05,-1.97E-04,-7.55E-05,2.55E-05,-6.02E-04,-3.12E-04,-4.83E-04,-3.46E-04,-3.91E-04,-4.31E-04,-5.72E-04,-4.18E-04,-1.59E-04,8.64E-05
3373,-3.05E-04,-1.27E-04,-1.43E-04,-1.67E-04,-9.36E-05,4.91E-05,-3.53E-05,-1.89E-04,-7.29E-05,2.80E-05,-5.95E-04,-3.06E-04,-4.77E-04,-3.42E-04,-3.84E-04,-4.25E-04,-5.68E-04,-4.14E-04,-1.55E-04,9.03E-05
3374,-2.95E-04,-1.17E-04,-1.35E-04,-1.56E-04,-8.68E-05,5.10E-05,-2.59E-05,-1.80E-04,-6.97E-05,3.14E-05,-5.87E-04,-3.00E-04,-4.69E-04,-3.36E-04,-3.76E-04,-4.18E-04,-5.63E-04,-4.09E-04,-1.50E-04,9.51E-05
3375,-2.83E-04,-1.07E-04,-1.27E-04,-1.45E-04,-7.88E-05,5.38E-05,-1.59E-05,-1.70E-04,-6.60E-05,3.56E-05,-5.78E-04,-2.92E-04,-4.61E-04,-3.30E-04,-3.67E-04,-4.10E-04,-5.57E-04,-4.02E-04,-1.44E-04,1.01E-04
3376,-2.70E-04,-9.60E-05,-1.18E-04,-1.32E-04,-6.97E-05,5.74E-05,-5.52E-06,-1.60E-04,-6.19E-05,4.05E-05,-5.68E-04,-2.84E-04,-4.51E-04,-3.22E-04,-3.57E-04,-4.02E-04,-5.50E-04,-3.95E-04,-1.37E-04,1.06E-04
3377,-2.56E-04,-8.44E-05,-1.08E-04,-1.19E-04,-5.96E-05,6.18E-05,5.27E-06,-1.49E-04,-5.76E-05,4.59E-05,-5.57E-04,-2.74E-04,-4.42E-04,-3.14E-04,-3.46E-04,-3.93E-04,-5.41E-04,-3.86E-04,-1.30E-04,1.12E-04
3378,-2.41E-04,-7.22E-05,-9.73E-05,-1.06E-04,-4.86E-05,6.68E-05,1.64E-05,-1.37E-04,-5.30E-05,5.17E-05,-5.47E-04,-2.64E-04,-4.31E-04,-3.06E-04,-3.35E-04,-3.83E-04,-5.31E-04,-3.78E-04,-1.24E-04,1.18E-04
3379,-2.26E-04,-5.96E-05,-8.62E-05,-9.14E-05,-3.68E-05,7.25E-05,2.80E-05,-1.26E-04,-4.83E-05,5.76E-05,-5.35E-04,-2.53E-04,-4.21E-04,-2.97E-04,-3.23E-04,-3.74E-04,-5.21E-04,-3.69E-04,-1.17E-04,1.24E-04
3380,-2.10E-04,-4.64E-05,-7.46E-05,-7.65E-05,-2.42E-05,7.88E-05,4.00E-05,-1.13E-04,-4.34E-05,6.37E-05,-5.24E-04,-2.42E-04,-4.10E-04,-2.89E-04,-3.11E-04,-3.64E-04,-5.09E-04,-3.60E-04,-1.11E-04,1.29E-04
3381,-1.93E-04,-3.29E-05,-6.25E-05,-6.12E-05,-1.10E-05,8.57E-05,5.24E-05,-1.01E-04,-3.84E-05,6.98E-05,-5.13E-04,-2.31E-04,-3.99E-04,-2.81E-04,-2.99E-04,-3.55E-04,-4.98E-04,-3.51E-04,-1.05E-04,1.33E-04
3382,-1.76E-04,-1.90E-05,-4.99E-05,-4.55E-05,2.74E-06,9.31E-05,6.53E-05,-8.74E-05,-3.31E-05,7.59E-05,-5.03E-04,-2.19E-04,-3.88E-04,-2.74E-04,-2.88E-04,-3.46E-04,-4.86E-04,-3.42E-04,-9.92E-05,1.37E-04
3383,-1.59E-04,-4.83E-06,-3.70E-05,-2.94E-05,1.69E-05,1.01E-04,7.87E-05,-7.39E-05,-2.77E-05,8.19E-05,-4.92E-04,-2.07E-04,-3.77E-04,-2.67E-04,-2.76E-04,-3.38E-04,-4.74E-04,-3.34E-04,-9.45E-05,1.40E-04
3384,-1.41E-04,9.53E-06,-2.39E-05,-1.32E-05,3.12E-05,1.09E-04,9.24E-05,-6.00E-05,-2.19E-05,8.78E-05,-4.82E-04,-1.96E-04,-3.66E-04,-2.61E-04,-2.65E-04,-3.31E-04,-4.62E-04,-3.26E-04,-9.04E-05,1.42E-04
3385,-1.24E-04,2.40E-05,-1.07E-05,3.11E-06,4.54E-05,1.17E-04,1.06E-04,-4.59E-05,-1.59E-05,9.35E-05,-4.72E-04,-1.84E-04,-3.55E-04,-2.56E-04,-2.54E-04,-3.24E-04,-4.50E-04,-3.19E-04,-8.69E-05,1.43E-04
3386,-1.06E-04,3.83E-05,2.51E-06,1.92E-05,5.94E-05,1.25E-04,1.21E-04,-3.18E-05,-9.66E-06,9.89E-05,-4.62E-04,-1.73E-04,-3.44E-04,-2.52E-04,-2.44E-04,-3.18E-04,-4.39E-04,-3.12E-04,-8.39E-05,1.43E-04
3387,-8.90E-05,5.24E-05,1.55E-05,3.49E-05,7.29E-05,1.33E-04,1.35E-04,-1.78E-05,-3.19E-06,1.04E-04,-4.53E-04,-1.61E-04,-3.33E-04,-2.48E-04,-2.33E-04,-3.13E-04,-4.27E-04,-3.06E-04,-8.14E-05,1.43E-04
3388,-7.22E-05,6.62E-05,2.80E-05,4.99E-05,8.56E-05,1.40E-04,1.48E-04,-4.18E-06,3.45E-06,1.09E-04,-4.43E-04,-1.51E-04,-3.22E-04,-2.46E-04,-2.23E-04,-3.09E-04,-4.17E-04,-3.00E-04,-7.92E-05,1.41E-04
3389,-5.62E-05,7.93E-05,3.99E-05,6.40E-05,9.72E-05,1.47E-04,1.61E-04,8.88E-06,1.02E-05,1.13E-04,-4.34E-04,-1.41E-04,-3.11E-04,-2.44E-04,-2.13E-04,-3.05E-04,-4.06E-04,-2.94E-04,-7.72E-05,1.40E-04
3390,-4.12E-05,9.17E-05,5.10E-05,7.69E-05,1.08E-04,1.52E-04,1.73E-04,2.11E-05,1.69E-05,1.18E-04,-4.25E-04,-1.31E-04,-3.01E-04,-2.42E-04,-2.03E-04,-3.02E-04,-3.97E-04,-2.89E-04,-7.53E-05,1.38E-04
3391,-2.72E-05,1.03E-04,6.11E-05,8.84E-05,1.16E-04,1.56E-04,1.84E-04,3.23E-05,2.34E-05,1.21E-04,-4.16E-04,-1.22E-04,-2.91E-04,-2.41E-04,-1.93E-04,-2.99E-04,-3.88E-04,-2.83E-04,-7.34E-05,1.35E-04
3392,-1.45E-05,1.14E-04,7.02E-05,9.85E-05,1.24E-04,1.59E-04,1.93E-04,4.23E-05,2.97E-05,1.24E-04,-4.07E-04,-1.14E-04,-2.81E-04,-2.41E-04,-1.83E-04,-2.97E-04,-3.79E-04,-2.78E-04,-7.14E-05,1.32E-04
3393,-3.14E-06,1.23E-04,7.80E-05,1.07E-04,1.30E-04,1.61E-04,2.01E-04,5.09E-05,3.57E-05,1.26E-04,-3.98E-04,-1.06E-04,-2.72E-04,-2.40E-04,-1.73E-04,-2.95E-04,-3.71E-04,-2.73E-04,-6.94E-05,1.29E-04
3394,6.94E-06,1.31E-04,8.47E-05,1.14E-04,1.34E-04,1.61E-04,2.07E-04,5.82E-05,4.11E-05,1.28E-04,-3.90E-04,-9.96E-05,-2.64E-04,-2.40E-04,-1.64E-04,-2.93E-04,-3.64E-04,-2.68E-04,-6.73E-05,1.25E-04
3395,1.57E-05,1.39E-04,9.02E-05,1.19E-04,1.37E-04,1.60E-04,2.12E-04,6.40E-05,4.59E-05,1.29E-04,-3.82E-04,-9.36E-05,-2.56E-04,-2.41E-04,-1.54E-04,-2.92E-04,-3.58E-04,-2.63E-04,-6.53E-05,1.21E-04
3396,2.34E-05,1.45E-04,9.47E-05,1.23E-04,1.39E-04,1.58E-04,2.15E-04,6.86E-05,5.02E-05,1.29E-04,-3.74E-04,-8.84E-05,-2.49E-04,-2.41E-04,-1.45E-04,-2.91E-04,-3.52E-04,-2.58E-04,-6.33E-05,1.17E-04
3397,3.01E-05,1.50E-04,9.83E-05,1.27E-04,1.40E-04,1.55E-04,2.17E-04,7.21E-05,5.38E-05,1.28E-04,-3.66E-04,-8.38E-05,-2.43E-04,-2.41E-04,-1.36E-04,-2.89E-04,-3.47E-04,-2.53E-04,-6.14E-05,1.12E-04
3398,3.61E-05,1.55E-04,1.01E-04,1.29E-04,1.40E-04,1.52E-04,2.17E-04,7.48E-05,5.67E-05,1.27E-04,-3.59E-04,-7.98E-05,-2.37E-04,-2.42E-04,-1.28E-04,-2.89E-04,-3.42E-04,-2.49E-04,-5.99E-05,1.07E-04
3399,4.17E-05,1.60E-04,1.04E-04,1.31E-04,1.41E-04,1.49E-04,2.17E-04,7.69E-05,5.91E-05,1.25E-04,-3.53E-04,-7.64E-05,-2.32E-04,-2.43E-04,-1.20E-04,-2.88E-04,-3.39E-04,-2.45E-04,-5.88E-05,1.01E-04
3400,4.71E-05,1.64E-04,1.06E-04,1.34E-04,1.42E-04,1.46E-04,2.17E-04,7.87E-05,6.10E-05,1.22E-04,-3.47E-04,-7.34E-05,-2.27E-04,-2.43E-04,-1.13E-04,-2.87E-04,-3.35E-04,-2.41E-04,-5.82E-05,9.40E-05
3401,5.25E-05,1.68E-04,1.09E-04,1.36E-04,1.44E-04,1.45E-04,2.17E-04,8.06E-05,6.26E-05,1.19E-04,-3.42E-04,-7.06E-05,-2.23E-04,-2.44E-04,-1.07E-04,-2.87E-04,-3.32E-04,-2.38E-04,-5.82E-05,8.67E-05
3402,5.84E-05,1.73E-04,1.11E-04,1.40E-04,1.47E-04,1.45E-04,2.17E-04,8.30E-05,6.39E-05,1.16E-04,-3.37E-04,-6.80E-05,-2.19E-04,-2.45E-04,-1.02E-04,-2.86E-04,-3.30E-04,-2.35E-04,-5.88E-05,7.87E-05
3403,6.47E-05,1.78E-04,1.15E-04,1.45E-04,1.51E-04,1.46E-04,2.18E-04,8.60E-05,6.52E-05,1.13E-04,-3.32E-04,-6.55E-05,-2.15E-04,-2.45E-04,-9.74E-05,-2.86E-04,-3.27E-04,-2.32E-04,-6.01E-05,7.02E-05
3404,7.18E-05,1.84E-04,1.19E-04,1.51E-04,1.56E-04,1.49E-04,2.21E-04,8.99E-05,6.65E-05,1.10E-04,-3.28E-04,-6.28E-05,-2.12E-04,-2.45E-04,-9.37E-05,-2.85E-04,-3.25E-04,-2.30E-04,-6.20E-05,6.12E-05
3405,7.95E-05,1.91E-04,1.23E-04,1.59E-04,1.63E-04,1.53E-04,2.24E-04,9.47E-05,6.80E-05,1.08E-04,-3.24E-04,-6.00E-05,-2.08E-04,-2.45E-04,-9.06E-05,-2.84E-04,-3.23E-04,-2.28E-04,-6.44E-05,5.19E-05
3406,8.79E-05,1.98E-04,1.29E-04,1.68E-04,1.72E-04,1.59E-04,2.29E-04,1.01E-04,6.99E-05,1.06E-04,-3.19E-04,-5.69E-05,-2.03E-04,-2.45E-04,-8.80E-05,-2.83E-04,-3.20E-04,-2.26E-04,-6.71E-05,4.24E-05
3407,9.69E-05,2.05E-04,1.35E-04,1.78E-04,1.81E-04,1.67E-04,2.34E-04,1.07E-04,7.21E-05,1.04E-04,-3.15E-04,-5.35E-05,-1.98E-04,-2.44E-04,-8.57E-05,-2.81E-04,-3.17E-04,-2.24E-04,-7.01E-05,3.29E-05
3408,1.06E-04,2.13E-04,1.41E-04,1.89E-04,1.92E-04,1.76E-04,2.41E-04,1.15E-04,7.47E-05,1.03E-04,-3.10E-04,-4.97E-05,-1.93E-04,-2.42E-04,-8.35E-05,-2.79E-04,-3.14E-04,-2.22E-04,-7.30E-05,2.37E-05
3409,1.16E-04,2.22E-04,1.48E-04,2.00E-04,2.02E-04,1.86E-04,2.49E-04,1.23E-04,7.76E-05,1.02E-04,-3.05E-04,-4.56E-05,-1.86E-04,-2.40E-04,-8.11E-05,-2.75E-04,-3.10E-04,-2.20E-04,-7.56E-05,1.49E-05
3410,1.25E-04,2.30E-04,1.55E-04,2.12E-04,2.13E-04,1.96E-04,2.56E-04,1.31E-04,8.09E-05,1.02E-04,-3.00E-04,-4.12E-05,-1.80E-04,-2.37E-04,-7.85E-05,-2.71E-04,-3.05E-04,-2.17E-04,-7.78E-05,6.78E-06
3411,1.34E-04,2.38E-04,1.62E-04,2.23E-04,2.23E-04,2.06E-04,2.64E-04,1.39E-04,8.45E-05,1.02E-04,-2.94E-04,-3.65E-05,-1.72E-04,-2.33E-04,-7.53E-05,-2.66E-04,-2.99E-04,-2.13E-04,-7.93E-05,-5.83E-07
3412,1.42E-04,2.45E-04,1.69E-04,2.34E-04,2.32E-04,2.16E-04,2.71E-04,1.47E-04,8.82E-05,1.03E-04,-2.88E-04,-3.16E-05,-1.64E-04,-2.29E-04,-7.17E-05,-2.60E-04,-2.93E-04,-2.08E-04,-8.01E-05,-7.06E-06
3413,1.49E-04,2.51E-04,1.75E-04,2.44E-04,2.40E-04,2.24E-04,2.77E-04,1.53E-04,9.18E-05,1.04E-04,-2.81E-04,-2.66E-05,-1.56E-04,-2.24E-04,-6.74E-05,-2.53E-04,-2.87E-04,-2.03E-04,-8.00E-05,-1.26E-05
3414,1.55E-04,2.57E-04,1.80E-04,2.52E-04,2.47E-04,2.31E-04,2.82E-04,1.59E-04,9.53E-05,1.06E-04,-2.74E-04,-2.16E-05,-1.47E-04,-2.18E-04,-6.26E-05,-2.45E-04,-2.79E-04,-1.97E-04,-7.91E-05,-1.72E-05
3415,1.60E-04,2.62E-04,1.84E-04,2.59E-04,2.51E-04,2.37E-04,2.85E-04,1.64E-04,9.85E-05,1.07E-04,-2.66E-04,-1.67E-05,-1.38E-04,-2.12E-04,-5.73E-05,-2.37E-04,-2.72E-04,-1.91E-04,-7.73E-05,-2.08E-05
3416,1.64E-04,2.65E-04,1.88E-04,2.64E-04,2.54E-04,2.41E-04,2.87E-04,1.68E-04,1.01E-04,1.08E-04,-2.59E-04,-1.20E-05,-1.29E-04,-2.06E-04,-5.16E-05,-2.28E-04,-2.64E-04,-1.84E-04,-7.49E-05,-2.38E-05
3417,1.67E-04,2.68E-04,1.91E-04,2.68E-04,2.56E-04,2.43E-04,2.88E-04,1.70E-04,1.03E-04,1.08E-04,-2.52E-04,-7.61E-06,-1.20E-04,-2.00E-04,-4.59E-05,-2.19E-04,-2.56E-04,-1.77E-04,-7.19E-05,-2.61E-05
3418,1.69E-04,2.70E-04,1.93E-04,2.71E-04,2.56E-04,2.44E-04,2.87E-04,1.71E-04,1.05E-04,1.08E-04,-2.44E-04,-3.58E-06,-1.11E-04,-1.94E-04,-4.03E-05,-2.09E-04,-2.48E-04,-1.69E-04,-6.88E-05,-2.81E-05
3419,1.70E-04,2.71E-04,1.95E-04,2.72E-04,2.55E-04,2.43E-04,2.85E-04,1.72E-04,1.06E-04,1.08E-04,-2.38E-04,2.56E-08,-1.03E-04,-1.88E-04,-3.51E-05,-2.01E-04,-2.40E-04,-1.62E-04,-6.56E-05,-2.99E-05
3420,1.71E-04,2.72E-04,1.97E-04,2.74E-04,2.54E-04,2.42E-04,2.82E-04,1.72E-04,1.06E-04,1.06E-04,-2.31E-04,3.17E-06,-9.54E-05,-1.84E-04,-3.06E-05,-1.93E-04,-2.33E-04,-1.55E-04,-6.29E-05,-3.18E-05
3421,1.73E-04,2.73E-04,1.99E-04,2.75E-04,2.53E-04,2.40E-04,2.79E-04,1.72E-04,1.06E-04,1.04E-04,-2.25E-04,5.85E-06,-8.86E-05,-1.80E-04,-2.70E-05,-1.86E-04,-2.27E-04,-1.50E-04,-6.07E-05,-3.41E-05
3422,1.74E-04,2.74E-04,2.02E-04,2.76E-04,2.52E-04,2.38E-04,2.76E-04,1.72E-04,1.05E-04,1.01E-04,-2.20E-04,8.08E-06,-8.24E-05,-1.76E-04,-2.47E-05,-1.80E-04,-2.22E-04,-1.45E-04,-5.95E-05,-3.69E-05
3423,1.77E-04,2.75E-04,2.05E-04,2.78E-04,2.52E-04,2.37E-04,2.74E-04,1.73E-04,1.04E-04,9.78E-05,-2.15E-04,9.89E-06,-7.69E-05,-1.74E-04,-2.37E-05,-1.75E-04,-2.18E-04,-1.41E-04,-5.93E-05,-4.03E-05
3424,1.80E-04,2.77E-04,2.08E-04,2.81E-04,2.53E-04,2.36E-04,2.73E-04,1.74E-04,1.02E-04,9.36E-05,-2.11E-04,1.14E-05,-7.21E-05,-1.73E-04,-2.40E-05,-1.72E-04,-2.15E-04,-1.39E-04,-6.03E-05,-4.45E-05
3425,1.85E-04,2.80E-04,2.13E-04,2.85E-04,2.55E-04,2.36E-04,2.72E-04,1.77E-04,1.00E-04,8.90E-05,-2.08E-04,1.25E-05,-6.79E-05,-1.73E-04,-2.58E-05,-1.71E-04,-2.12E-04,-1.38E-04,-6.26E-05,-4.95E-05
3426,1.90E-04,2.84E-04,2.18E-04,2.90E-04,2.59E-04,2.37E-04,2.73E-04,1.81E-04,9.86E-05,8.41E-05,-2.04E-04,1.35E-05,-6.42E-05,-1.74E-04,-2.89E-05,-1.70E-04,-2.11E-04,-1.38E-04,-6.60E-05,-5.52E-05
3427,1.97E-04,2.88E-04,2.25E-04,2.97E-04,2.64E-04,2.39E-04,2.76E-04,1.85E-04,9.69E-05,7.92E-05,-2.01E-04,1.43E-05,-6.08E-05,-1.75E-04,-3.31E-05,-1.71E-04,-2.11E-04,-1.39E-04,-7.04E-05,-6.15E-05
3428,2.04E-04,2.92E-04,2.31E-04,3.05E-04,2.70E-04,2.42E-04,2.79E-04,1.91E-04,9.53E-05,7.43E-05,-1.98E-04,1.51E-05,-5.76E-05,-1.77E-04,-3.81E-05,-1.73E-04,-2.11E-04,-1.41E-04,-7.56E-05,-6.81E-05
3429,2.12E-04,2.97E-04,2.38E-04,3.13E-04,2.77E-04,2.46E-04,2.84E-04,1.98E-04,9.40E-05,6.96E-05,-1.95E-04,1.59E-05,-5.45E-05,-1.78E-04,-4.37E-05,-1.75E-04,-2.11E-04,-1.44E-04,-8.12E-05,-7.48E-05
3430,2.20E-04,3.02E-04,2.45E-04,3.22E-04,2.85E-04,2.51E-04,2.89E-04,2.04E-04,9.30E-05,6.54E-05,-1.91E-04,1.68E-05,-5.13E-05,-1.79E-04,-4.93E-05,-1.77E-04,-2.12E-04,-1.46E-04,-8.69E-05,-8.13E-05
3431,2.28E-04,3.06E-04,2.51E-04,3.31E-04,2.92E-04,2.55E-04,2.95E-04,2.11E-04,9.22E-05,6.17E-05,-1.87E-04,1.78E-05,-4.79E-05,-1.80E-04,-5.46E-05,-1.79E-04,-2.12E-04,-1.49E-04,-9.22E-05,-8.73E-05
3432,2.35E-04,3.09E-04,2.57E-04,3.39E-04,2.98E-04,2.59E-04,3.00E-04,2.18E-04,9.17E-05,5.85E-05,-1.82E-04,1.90E-05,-4.42E-05,-1.79E-04,-5.93E-05,-1.81E-04,-2.11E-04,-1.50E-04,-9.69E-05,-9.26E-05
3433,2.42E-04,3.12E-04,2.61E-04,3.45E-04,3.04E-04,2.62E-04,3.05E-04,2.23E-04,9.14E-05,5.60E-05,-1.76E-04,2.04E-05,-4.01E-05,-1.77E-04,-6.30E-05,-1.81E-04,-2.10E-04,-1.51E-04,-1.00E-04,-9.68E-05
3434,2.47E-04,3.13E-04,2.64E-04,3.50E-04,3.08E-04,2.65E-04,3.08E-04,2.28E-04,9.13E-05,5.41E-05,-1.69E-04,2.20E-05,-3.55E-05,-1.74E-04,-6.54E-05,-1.80E-04,-2.07E-04,-1.51E-04,-1.03E-04,-9.99E-05
3435,2.50E-04,3.12E-04,2.66E-04,3.54E-04,3.10E-04,2.65E-04,3.10E-04,2.31E-04,9.13E-05,5.28E-05,-1.61E-04,2.39E-05,-3.05E-05,-1.70E-04,-6.63E-05,-1.77E-04,-2.04E-04,-1.49E-04,-1.04E-04,-1.02E-04
3436,2.52E-04,3.11E-04,2.66E-04,3.55E-04,3.10E-04,2.64E-04,3.11E-04,2.33E-04,9.14E-05,5.20E-05,-1.52E-04,2.59E-05,-2.51E-05,-1.64E-04,-6.58E-05,-1.73E-04,-1.99E-04,-1.47E-04,-1.03E-04,-1.02E-04
3437,2.53E-04,3.08E-04,2.65E-04,3.55E-04,3.08E-04,2.62E-04,3.10E-04,2.33E-04,9.14E-05,5.16E-05,-1.42E-04,2.81E-05,-1.93E-05,-1.57E-04,-6.38E-05,-1.67E-04,-1.93E-04,-1.42E-04,-1.01E-04,-1.02E-04
3438,2.53E-04,3.05E-04,2.63E-04,3.53E-04,3.06E-04,2.59E-04,3.07E-04,2.31E-04,9.15E-05,5.14E-05,-1.32E-04,3.04E-05,-1.33E-05,-1.48E-04,-6.06E-05,-1.60E-04,-1.86E-04,-1.37E-04,-9.84E-05,-1.00E-04
3439,2.52E-04,3.01E-04,2.60E-04,3.51E-04,3.02E-04,2.55E-04,3.04E-04,2.29E-04,9.15E-05,5.14E-05,-1.21E-04,3.29E-05,-7.16E-06,-1.39E-04,-5.63E-05,-1.53E-04,-1.78E-04,-1.31E-04,-9.45E-05,-9.80E-05
3440,2.51E-04,2.98E-04,2.58E-04,3.47E-04,2.98E-04,2.50E-04,2.99E-04,2.26E-04,9.14E-05,5.13E-05,-1.10E-04,3.55E-05,-1.03E-06,-1.30E-04,-5.14E-05,-1.44E-04,-1.69E-04,-1.25E-04,-9.03E-05,-9.56E-05
3441,2.51E-04,2.95E-04,2.56E-04,3.45E-04,2.95E-04,2.46E-04,2.95E-04,2.24E-04,9.14E-05,5.09E-05,-9.92E-05,3.82E-05,4.95E-06,-1.21E-04,-4.63E-05,-1.36E-04,-1.60E-04,-1.19E-04,-8.62E-05,-9.32E-05
3442,2.52E-04,2.94E-04,2.55E-04,3.43E-04,2.93E-04,2.43E-04,2.91E-04,2.21E-04,9.14E-05,5.03E-05,-8.87E-05,4.09E-05,1.06E-05,-1.13E-04,-4.15E-05,-1.28E-04,-1.50E-04,-1.13E-04,-8.28E-05,-9.14E-05
3443,2.55E-04,2.94E-04,2.57E-04,3.43E-04,2.94E-04,2.42E-04,2.88E-04,2.20E-04,9.15E-05,4.91E-05,-7.89E-05,4.36E-05,1.59E-05,-1.05E-04,-3.75E-05,-1.21E-04,-1.41E-04,-1.09E-04,-8.05E-05,-9.05E-05
3444,2.61E-04,2.97E-04,2.60E-04,3.45E-04,2.97E-04,2.43E-04,2.87E-04,2.21E-04,9.17E-05,4.75E-05,-6.99E-05,4.64E-05,2.05E-05,-9.93E-05,-3.46E-05,-1.16E-04,-1.33E-04,-1.06E-04,-7.98E-05,-9.09E-05
3445,2.69E-04,3.02E-04,2.66E-04,3.50E-04,3.03E-04,2.47E-04,2.88E-04,2.24E-04,9.21E-05,4.52E-05,-6.19E-05,4.91E-05,2.45E-05,-9.50E-05,-3.33E-05,-1.13E-04,-1.25E-04,-1.05E-04,-8.12E-05,-9.29E-05
3446,2.80E-04,3.10E-04,2.75E-04,3.58E-04,3.12E-04,2.53E-04,2.92E-04,2.29E-04,9.26E-05,4.23E-05,-5.52E-05,5.16E-05,2.77E-05,-9.27E-05,-3.38E-05,-1.11E-04,-1.18E-04,-1.06E-04,-8.47E-05,-9.66E-05
3447,2.93E-04,3.21E-04,2.86E-04,3.69E-04,3.25E-04,2.63E-04,2.98E-04,2.36E-04,9.34E-05,3.88E-05,-4.98E-05,5.41E-05,3.02E-05,-9.25E-05,-3.62E-05,-1.12E-04,-1.12E-04,-1.09E-04,-9.05E-05,-1.02E-04
3448,3.09E-04,3.33E-04,3.00E-04,3.82E-04,3.40E-04,2.74E-04,3.06E-04,2.46E-04,9.41E-05,3.48E-05,-4.57E-05,5.62E-05,3.17E-05,-9.42E-05,-4.05E-05,-1.15E-04,-1.08E-04,-1.14E-04,-9.85E-05,-1.09E-04
